AXIS X
0.00000000e+00 2.50000000e-03 5.00000000e-03 7.50000000e-03 1.00000000e-02 1.25000000e-02 1.50000000e-02 1.75000000e-02 2.00000000e-02 2.25000000e-02 2.50000000e-02 2.75000000e-02 3.00000000e-02 3.25000000e-02 3.50000000e-02 3.75000000e-02 4.00000000e-02 4.25000000e-02 4.50000000e-02 4.75000000e-02 5.00000000e-02 5.25000000e-02 5.50000000e-02 5.75000000e-02 6.00000000e-02 6.25000000e-02 6.50000000e-02 6.75000000e-02 7.00000000e-02 7.25000000e-02 7.50000000e-02 7.75000000e-02 8.00000000e-02 8.25000000e-02 8.50000000e-02 8.75000000e-02 9.00000000e-02 9.25000000e-02 9.50000000e-02 9.75000000e-02 1.00000000e-01 1.02500000e-01 1.05000000e-01 1.07500000e-01 1.10000000e-01 1.12500000e-01 1.15000000e-01 1.17500000e-01 1.20000000e-01 1.22500000e-01 1.25000000e-01 1.27500000e-01 1.30000000e-01 1.32500000e-01 1.35000000e-01 1.37500000e-01 1.40000000e-01 1.42500000e-01 1.45000000e-01 1.47500000e-01 1.50000000e-01 1.52500000e-01 1.55000000e-01 1.57500000e-01 1.60000000e-01 1.62500000e-01 1.65000000e-01 1.67500000e-01 1.70000000e-01 1.72500000e-01 1.75000000e-01 1.77500000e-01 1.80000000e-01 1.82500000e-01 1.85000000e-01 1.87500000e-01 1.90000000e-01 1.92500000e-01 1.95000000e-01 1.97500000e-01 2.00000000e-01 2.02500000e-01 2.05000000e-01 2.07500000e-01 2.10000000e-01 2.12500000e-01 2.15000000e-01 2.17500000e-01 2.20000000e-01 2.22500000e-01 2.25000000e-01 2.27500000e-01 2.30000000e-01 2.32500000e-01 2.35000000e-01 2.37500000e-01 2.40000000e-01 2.42500000e-01 2.45000000e-01 2.47500000e-01 2.50000000e-01

AXIS Y
0.00000000e+00 1.87500000e-03 3.75000000e-03 5.62500000e-03 7.50000000e-03 9.37500000e-03 1.12500000e-02 1.31250000e-02 1.50000000e-02 1.68750000e-02 1.87500000e-02 2.06250000e-02 2.25000000e-02 2.43750000e-02 2.62500000e-02 2.81250000e-02 3.00000000e-02 3.18750000e-02 3.37500000e-02 3.56250000e-02 3.75000000e-02 3.93750000e-02 4.12500000e-02 4.31250000e-02 4.50000000e-02 4.68750000e-02 4.87500000e-02 5.06250000e-02 5.25000000e-02 5.43750000e-02 5.62500000e-02 5.81250000e-02 6.00000000e-02 6.18750000e-02 6.37500000e-02 6.56250000e-02 6.75000000e-02 6.93750000e-02 7.12500000e-02 7.31250000e-02 7.50000000e-02 7.68750000e-02 7.87500000e-02 8.06250000e-02 8.25000000e-02 8.43750000e-02 8.62500000e-02 8.81250000e-02 9.00000000e-02 9.18750000e-02 9.37500000e-02 9.56250000e-02 9.75000000e-02 9.93750000e-02 1.01250000e-01 1.03125000e-01 1.05000000e-01 1.06875000e-01 1.08750000e-01 1.10625000e-01 1.12500000e-01 1.14375000e-01 1.16250000e-01 1.18125000e-01 1.20000000e-01 1.21875000e-01 1.23750000e-01 1.25625000e-01 1.27500000e-01 1.29375000e-01 1.31250000e-01 1.33125000e-01 1.35000000e-01 1.36875000e-01 1.38750000e-01 1.40625000e-01 1.42500000e-01 1.44375000e-01 1.46250000e-01 1.48125000e-01 1.50000000e-01 1.51875000e-01 1.53750000e-01 1.55625000e-01 1.57500000e-01 1.59375000e-01 1.61250000e-01 1.63125000e-01 1.65000000e-01 1.66875000e-01 1.68750000e-01 1.70625000e-01 1.72500000e-01 1.74375000e-01 1.76250000e-01 1.78125000e-01 1.80000000e-01 1.81875000e-01 1.83750000e-01 1.85625000e-01 1.87500000e-01 1.89375000e-01 1.91250000e-01 1.93125000e-01 1.95000000e-01 1.96875000e-01 1.98750000e-01 2.00625000e-01 2.02500000e-01 2.04375000e-01 2.06250000e-01 2.08125000e-01 2.10000000e-01 2.11875000e-01 2.13750000e-01 2.15625000e-01 2.17500000e-01 2.19375000e-01 2.21250000e-01 2.23125000e-01 2.25000000e-01 2.26875000e-01 2.28750000e-01 2.30625000e-01 2.32500000e-01 2.34375000e-01 2.36250000e-01 2.38125000e-01 2.40000000e-01 2.41875000e-01 2.43750000e-01 2.45625000e-01 2.47500000e-01 2.49375000e-01 2.51250000e-01 2.53125000e-01 2.55000000e-01 2.56875000e-01 2.58750000e-01 2.60625000e-01 2.62500000e-01 2.64375000e-01 2.66250000e-01 2.68125000e-01 2.70000000e-01 2.71875000e-01 2.73750000e-01 2.75625000e-01 2.77500000e-01 2.79375000e-01 2.81250000e-01 2.83125000e-01 2.85000000e-01 2.86875000e-01 2.88750000e-01 2.90625000e-01 2.92500000e-01 2.94375000e-01 2.96250000e-01 2.98125000e-01 3.00000000e-01

DATA
3.47524211e+18 3.48823848e+18 3.50134408e+18 3.51454885e+18 3.52784232e+18 3.54121362e+18 3.55465147e+18 3.56814425e+18 3.58167994e+18 3.59524618e+18 3.60883028e+18 3.62241924e+18 3.63599976e+18 3.64955823e+18 3.66308083e+18 3.67655348e+18 3.68996188e+18 3.70329154e+18 3.71652782e+18 3.72965594e+18 3.74266098e+18 3.75552795e+18 3.76824181e+18 3.78078747e+18 3.79314984e+18 3.80531387e+18 3.81726456e+18 3.82898698e+18 3.84046634e+18 3.85168798e+18 3.86263742e+18 3.87330039e+18 3.88366287e+18 3.89371107e+18 3.90343153e+18 3.91281112e+18 3.92183703e+18 3.93049686e+18 3.93877863e+18 3.94667077e+18 3.95416220e+18 3.96124231e+18 3.96790103e+18 3.97412880e+18 3.97991664e+18 3.98525614e+18 3.99013951e+18 3.99455955e+18 3.99850972e+18 4.00198413e+18 4.00497757e+18 4.00748547e+18 4.00950400e+18 4.01103000e+18 4.01206104e+18 4.01259540e+18 4.01263207e+18 4.01217077e+18 4.01121198e+18 4.00975684e+18 4.00780728e+18 4.00536590e+18 4.00243605e+18 3.99902176e+18 3.99512779e+18 3.99075955e+18 3.98592315e+18 3.98062537e+18 3.97487361e+18 3.96867592e+18 3.96204097e+18 3.95497801e+18 3.94749684e+18 3.93960786e+18 3.93132195e+18 3.92265052e+18 3.91360544e+18 3.90419905e+18 3.89444407e+18 3.88435366e+18 3.87394132e+18 3.86322089e+18 3.85220651e+18 3.84091260e+18 3.82935381e+18 3.81754501e+18 3.80550126e+18 3.79323774e+18 3.78076977e+18 3.76811273e+18 3.75528208e+18 3.74229329e+18 3.72916180e+18 3.71590303e+18 3.70253234e+18 3.68906497e+18 3.67551603e+18 3.66190049e+18 3.64823312e+18 3.63452851e+18 3.62080098e+18
3.47968652e+18 3.49280643e+18 3.50603680e+18 3.51936748e+18 3.53278791e+18 3.54628712e+18 3.55985376e+18 3.57347609e+18 3.58714200e+18 3.60083904e+18 3.61455439e+18 3.62827495e+18 3.64198730e+18 3.65567774e+18 3.66933230e+18 3.68293679e+18 3.69647679e+18 3.70993769e+18 3.72330473e+18 3.73656297e+18 3.74969738e+18 3.76269285e+18 3.77553418e+18 3.78820616e+18 3.80069358e+18 3.81298122e+18 3.82505396e+18 3.83689674e+18 3.84849462e+18 3.85983281e+18 3.87089670e+18 3.88167187e+18 3.89214416e+18 3.90229967e+18 3.91212479e+18 3.92160625e+18 3.93073113e+18 3.93948689e+18 3.94786142e+18 3.95584304e+18 3.96342054e+18 3.97058319e+18 3.97732081e+18 3.98362372e+18 3.98948284e+18 3.99488965e+18 3.99983626e+18 4.00431538e+18 4.00832037e+18 4.01184527e+18 4.01488475e+18 4.01743420e+18 4.01948970e+18 4.02104803e+18 4.02210670e+18 4.02266392e+18 4.02271865e+18 4.02227058e+18 4.02132010e+18 4.01986838e+18 4.01791729e+18 4.01546944e+18 4.01252814e+18 4.00909745e+18 4.00518210e+18 4.00078754e+18 3.99591990e+18 3.99058596e+18 3.98479318e+18 3.97854965e+18 3.97186406e+18 3.96474574e+18 3.95720456e+18 3.94925097e+18 3.94089593e+18 3.93215094e+18 3.92302797e+18 3.91353942e+18 3.90369816e+18 3.89351744e+18 3.88301087e+18 3.87219241e+18 3.86107633e+18 3.84967719e+18 3.83800977e+18 3.82608909e+18 3.81393034e+18 3.80154887e+18 3.78896014e+18 3.77617971e+18 3.76322317e+18 3.75010616e+18 3.73684430e+18 3.72345318e+18 3.70994831e+18 3.69634510e+18 3.68265884e+18 3.66890468e+18 3.65509755e+18 3.64125221e+18 3.62738315e+18
3.48411202e+18 3.49735512e+18 3.51070990e+18 3.52416614e+18 3.53771319e+18 3.55134001e+18 3.56503513e+18 3.57878674e+18 3.59258261e+18 3.60641019e+18 3.62025657e+18 3.63410853e+18 3.64795253e+18 3.66177477e+18 3.67556117e+18 3.68929741e+18 3.70296895e+18 3.71656106e+18 3.73005884e+18 3.74344724e+18 3.75671109e+18 3.76983515e+18 3.78280410e+18 3.79560258e+18 3.80821525e+18 3.82062676e+18 3.83282185e+18 3.84478533e+18 3.85650212e+18 3.86795728e+18 3.87913608e+18 3.89002397e+18 3.90060664e+18 3.91087005e+18 3.92080047e+18 3.93038450e+18 3.93960908e+18 3.94846155e+18 3.95692966e+18 3.96500162e+18 3.97266609e+18 3.97991223e+18 3.98672972e+18 3.99310880e+18 3.99904026e+18 4.00451547e+18 4.00952645e+18 4.01406580e+18 4.01812680e+18 4.02170338e+18 4.02479015e+18 4.02738241e+18 4.02947616e+18 4.03106812e+18 4.03215572e+18 4.03273713e+18 4.03281126e+18 4.03237773e+18 4.03143692e+18 4.02998995e+18 4.02803866e+18 4.02558565e+18 4.02263423e+18 4.01918842e+18 4.01525299e+18 4.01083338e+18 4.00593573e+18 4.00056685e+18 3.99473424e+18 3.98844601e+18 3.98171092e+18 3.97453832e+18 3.96693817e+18 3.95892097e+18 3.95049777e+18 3.94168013e+18 3.93248012e+18 3.92291024e+18 3.91298345e+18 3.90271311e+18 3.89211296e+18 3.88119706e+18 3.86997983e+18 3.85847593e+18 3.84670031e+18 3.83466811e+18 3.82239467e+18 3.80989549e+18 3.79718619e+18 3.78428248e+18 3.77120012e+18 3.75795491e+18 3.74456263e+18 3.73103905e+18 3.71739984e+18 3.70366059e+18 3.68983677e+18 3.67594367e+18 3.66199643e+18 3.64800995e+18 3.63399892e+18
3.48851744e+18 3.50188333e+18 3.51536214e+18 3.52894358e+18 3.54261691e+18 3.55637099e+18 3.57019428e+18 3.58407485e+18 3.59800040e+18 3.61195826e+18 3.62593542e+18 3.63991856e+18 3.65389404e+18 3.66784793e+18 3.68176603e+18 3.69563391e+18 3.70943691e+18 3.72316018e+18 3.73678870e+18 3.75030728e+18 3.76370065e+18 3.77695340e+18 3.79005011e+18 3.80297527e+18 3.81571342e+18 3.82824907e+18 3.84056683e+18 3.85265135e+18 3.86448745e+18 3.87606004e+18 3.88735424e+18 3.89835538e+18 3.90904901e+18 3.91942096e+18 3.92945736e+18 3.93914468e+18 3.94846974e+18 3.95741973e+18 3.96598230e+18 3.97414551e+18 3.98189790e+18 3.98922852e+18 3.99612693e+18 4.00258325e+18 4.00858816e+18 4.01413293e+18 4.01920946e+18 4.02381027e+18 4.02792853e+18 4.03155808e+18 4.03469344e+18 4.03732983e+18 4.03946318e+18 4.04109013e+18 4.04220805e+18 4.04281505e+18 4.04290997e+18 4.04249240e+18 4.04156266e+18 4.04012185e+18 4.03817178e+18 4.03571502e+18 4.03275485e+18 4.02929532e+18 4.02534116e+18 4.02089783e+18 4.01597148e+18 4.01056896e+18 4.00469777e+18 3.99836607e+18 3.99158265e+18 3.98435693e+18 3.97669891e+18 3.96861916e+18 3.96012880e+18 3.95123948e+18 3.94196334e+18 3.93231299e+18 3.92230148e+18 3.91194228e+18 3.90124923e+18 3.89023653e+18 3.87891871e+18 3.86731057e+18 3.85542718e+18 3.84328384e+18 3.83089604e+18 3.81827941e+18 3.80544973e+18 3.79242288e+18 3.77921477e+18 3.76584137e+18 3.75231864e+18 3.73866249e+18 3.72488879e+18 3.71101328e+18 3.69705162e+18 3.68301927e+18 3.66893155e+18 3.65480352e+18 3.64065005e+18
3.49290159e+18 3.50638986e+18 3.51999231e+18 3.53369856e+18 3.54749778e+18 3.56137877e+18 3.57532988e+18 3.58933910e+18 3.60339402e+18 3.61748189e+18 3.63158959e+18 3.64570368e+18 3.65981042e+18 3.67389578e+18 3.68794543e+18 3.70194485e+18 3.71587923e+18 3.72973362e+18 3.74349287e+18 3.75714167e+18 3.77066460e+18 3.78404617e+18 3.79727078e+18 3.81032282e+18 3.82318668e+18 3.83584675e+18 3.84828750e+18 3.86049345e+18 3.87244927e+18 3.88413976e+18 3.89554988e+18 3.90666484e+18 3.91747005e+18 3.92795121e+18 3.93809431e+18 3.94788569e+18 3.95731203e+18 3.96636042e+18 3.97501835e+18 3.98327376e+18 3.99111508e+18 3.99853123e+18 4.00551166e+18 4.01204636e+18 4.01812589e+18 4.02374144e+18 4.02888478e+18 4.03354833e+18 4.03772517e+18 4.04140904e+18 4.04459437e+18 4.04727631e+18 4.04945068e+18 4.05111407e+18 4.05226377e+18 4.05289782e+18 4.05301501e+18 4.05261489e+18 4.05169772e+18 4.05026456e+18 4.04831719e+18 4.04585815e+18 4.04289072e+18 4.03941890e+18 4.03544745e+18 4.03098181e+18 4.02602816e+18 4.02059335e+18 4.01468490e+18 4.00831102e+18 4.00148054e+18 3.99420290e+18 3.98648818e+18 3.97834700e+18 3.96979056e+18 3.96083058e+18 3.95147928e+18 3.94174936e+18 3.93165398e+18 3.92120670e+18 3.91042149e+18 3.89931265e+18 3.88789484e+18 3.87618300e+18 3.86419232e+18 3.85193825e+18 3.83943641e+18 3.82670261e+18 3.81375277e+18 3.80060292e+18 3.78726915e+18 3.77376758e+18 3.76011434e+18 3.74632552e+18 3.73241715e+18 3.71840517e+18 3.70430538e+18 3.69013345e+18 3.67590484e+18 3.66163483e+18 3.64733843e+18
3.49726331e+18 3.51087352e+18 3.52459918e+18 3.53842982e+18 3.55235456e+18 3.56636207e+18 3.58044065e+18 3.59457818e+18 3.60876216e+18 3.62297973e+18 3.63721769e+18 3.65146250e+18 3.66570029e+18 3.67991693e+18 3.69409799e+18 3.70822882e+18 3.72229450e+18 3.73627997e+18 3.75016993e+18 3.76394897e+18 3.77760156e+18 3.79111204e+18 3.80446471e+18 3.81764384e+18 3.83063366e+18 3.84341845e+18 3.85598253e+18 3.86831030e+18 3.88038630e+18 3.89219517e+18 3.90372177e+18 3.91495114e+18 3.92586858e+18 3.93645965e+18 3.94671021e+18 3.95660646e+18 3.96613495e+18 3.97528264e+18 3.98403690e+18 3.99238553e+18 4.00031684e+18 4.00781963e+18 4.01488323e+18 4.02149750e+18 4.02765291e+18 4.03334052e+18 4.03855199e+18 4.04327964e+18 4.04751645e+18 4.05125607e+18 4.05449283e+18 4.05722178e+18 4.05943868e+18 4.06114003e+18 4.06232304e+18 4.06298571e+18 4.06312675e+18 4.06274564e+18 4.06184261e+18 4.06041868e+18 4.05847557e+18 4.05601582e+18 4.05304266e+18 4.04956010e+18 4.04557286e+18 4.04108641e+18 4.03610692e+18 4.03064125e+18 4.02469695e+18 4.01828225e+18 4.01140602e+18 4.00407775e+18 3.99630756e+18 3.98810614e+18 3.97948475e+18 3.97045517e+18 3.96102973e+18 3.95122121e+18 3.94104285e+18 3.93050833e+18 3.91963172e+18 3.90842745e+18 3.89691029e+18 3.88509531e+18 3.87299784e+18 3.86063347e+18 3.84801797e+18 3.83516728e+18 3.82209750e+18 3.80882480e+18 3.79536544e+18 3.78173572e+18 3.76795192e+18 3.75403032e+18 3.73998711e+18 3.72583841e+18 3.71160021e+18 3.69728833e+18 3.68291844e+18 3.66850598e+18 3.65406614e+18
3.50160142e+18 3.51533312e+18 3.52918154e+18 3.54313615e+18 3.55718598e+18 3.57131963e+18 3.58552529e+18 3.59979077e+18 3.61410348e+18 3.62845045e+18 3.64281840e+18 3.65719366e+18 3.67156228e+18 3.68591001e+18 3.70022232e+18 3.71448443e+18 3.72868133e+18 3.74279781e+18 3.75681849e+18 3.77072781e+18 3.78451011e+18 3.79814964e+18 3.81163054e+18 3.82493696e+18 3.83805302e+18 3.85096284e+18 3.86365062e+18 3.87610063e+18 3.88829727e+18 3.90022506e+18 3.91186870e+18 3.92321313e+18 3.93424349e+18 3.94494522e+18 3.95530403e+18 3.96530600e+18 3.97493756e+18 3.98418551e+18 3.99303710e+18 4.00148003e+18 4.00950245e+18 4.01709305e+18 4.02424103e+18 4.03093615e+18 4.03716874e+18 4.04292976e+18 4.04821076e+18 4.05300395e+18 4.05730220e+18 4.06109906e+18 4.06438879e+18 4.06716632e+18 4.06942733e+18 4.07116825e+18 4.07238621e+18 4.07307913e+18 4.07324566e+18 4.07288522e+18 4.07199800e+18 4.07058494e+18 4.06864776e+18 4.06618894e+18 4.06321169e+18 4.05971999e+18 4.05571858e+18 4.05121289e+18 4.04620909e+18 4.04071408e+18 4.03473540e+18 4.02828132e+18 4.02136074e+18 4.01398318e+18 4.00615882e+18 3.99789840e+18 3.98921324e+18 3.98011522e+18 3.97061671e+18 3.96073059e+18 3.95047020e+18 3.93984932e+18 3.92888212e+18 3.91758316e+18 3.90596731e+18 3.89404979e+18 3.88184606e+18 3.86937183e+18 3.85664304e+18 3.84367578e+18 3.83048628e+18 3.81709090e+18 3.80350605e+18 3.78974819e+18 3.77583378e+18 3.76177927e+18 3.74760104e+18 3.73331537e+18 3.71893843e+18 3.70448624e+18 3.68997462e+18 3.67541921e+18 3.66083540e+18
3.50591476e+18 3.51976747e+18 3.53373819e+18 3.54781632e+18 3.56199080e+18 3.57625017e+18 3.59058253e+18 3.60497559e+18 3.61941667e+18 3.63389273e+18 3.64839036e+18 3.66289581e+18 3.67739503e+18 3.69187365e+18 3.70631704e+18 3.72071031e+18 3.73503834e+18 3.74928579e+18 3.76343717e+18 3.77747681e+18 3.79138892e+18 3.80515762e+18 3.81876694e+18 3.83220089e+18 3.84544345e+18 3.85847863e+18 3.87129051e+18 3.88386320e+18 3.89618098e+18 3.90822824e+18 3.91998955e+18 3.93144970e+18 3.94259371e+18 3.95340687e+18 3.96387479e+18 3.97398339e+18 3.98371896e+18 3.99306819e+18 4.00201820e+18 4.01055654e+18 4.01867126e+18 4.02635091e+18 4.03358456e+18 4.04036186e+18 4.04667302e+18 4.05250887e+18 4.05786087e+18 4.06272111e+18 4.06708236e+18 4.07093806e+18 4.07428236e+18 4.07711012e+18 4.07941692e+18 4.08119910e+18 4.08245372e+18 4.08317862e+18 4.08337238e+18 4.08303436e+18 4.08216469e+18 4.08076426e+18 4.07883475e+18 4.07637859e+18 4.07339897e+18 4.06989985e+18 4.06588593e+18 4.06136265e+18 4.05633618e+18 4.05081341e+18 4.04480192e+18 4.03830997e+18 4.03134650e+18 4.02392108e+18 4.01604391e+18 4.00772580e+18 3.99897814e+18 3.98981285e+18 3.98024240e+18 3.97027974e+18 3.95993832e+18 3.94923200e+18 3.93817507e+18 3.92678219e+18 3.91506836e+18 3.90304893e+18 3.89073948e+18 3.87815588e+18 3.86531419e+18 3.85223067e+18 3.83892170e+18 3.82540379e+18 3.81169354e+18 3.79780755e+18 3.78376248e+18 3.76957494e+18 3.75526148e+18 3.74083856e+18 3.72632255e+18 3.71172964e+18 3.69707585e+18 3.68237697e+18 3.66764860e+18
3.51020219e+18 3.52417540e+18 3.53826793e+18 3.55246911e+18 3.56676780e+18 3.58115245e+18 3.59561109e+18 3.61013134e+18 3.62470044e+18 3.63930525e+18 3.65393225e+18 3.66856763e+18 3.68319720e+18 3.69780651e+18 3.71238081e+18 3.72690511e+18 3.74136418e+18 3.75574256e+18 3.77002465e+18 3.78419465e+18 3.79823666e+18 3.81213467e+18 3.82587260e+18 3.83943432e+18 3.85280369e+18 3.86596460e+18 3.87890098e+18 3.89159683e+18 3.90403628e+18 3.91620360e+18 3.92808322e+18 3.93965980e+18 3.95091823e+18 3.96184367e+18 3.97242158e+18 3.98263776e+18 3.99247836e+18 4.00192995e+18 4.01097951e+18 4.01961446e+18 4.02782272e+18 4.03559271e+18 4.04291340e+18 4.04977428e+18 4.05616547e+18 4.06207768e+18 4.06750223e+18 4.07243111e+18 4.07685699e+18 4.08077320e+18 4.08417378e+18 4.08705351e+18 4.08940786e+18 4.09123309e+18 4.09252617e+18 4.09328487e+18 4.09350769e+18 4.09319393e+18 4.09234365e+18 4.09095770e+18 4.08903769e+18 4.08658601e+18 4.08360584e+18 4.08010108e+18 4.07607643e+18 4.07153731e+18 4.06648988e+18 4.06094103e+18 4.05489835e+18 4.04837012e+18 4.04136531e+18 4.03389351e+18 4.02596498e+18 4.01759057e+18 4.00878171e+18 3.99955041e+18 3.98990920e+18 3.97987113e+18 3.96944971e+18 3.95865893e+18 3.94751315e+18 3.93602717e+18 3.92421610e+18 3.91209541e+18 3.89968082e+18 3.88698834e+18 3.87403417e+18 3.86083471e+18 3.84740652e+18 3.83376627e+18 3.81993070e+18 3.80591660e+18 3.79174080e+18 3.77742007e+18 3.76297116e+18 3.74841072e+18 3.73375528e+18 3.71902122e+18 3.70422476e+18 3.68938187e+18 3.67450832e+18
3.51446254e+18 3.52855574e+18 3.54276958e+18 3.55709331e+18 3.57151574e+18 3.58602522e+18 3.60060972e+18 3.61525677e+18 3.62995351e+18 3.64468672e+18 3.65944279e+18 3.67420780e+18 3.68896748e+18 3.70370727e+18 3.71841231e+18 3.73306751e+18 3.74765753e+18 3.76216680e+18 3.77657959e+18 3.79088001e+18 3.80505203e+18 3.81907951e+18 3.83294626e+18 3.84663602e+18 3.86013253e+18 3.87341954e+18 3.88648086e+18 3.89930037e+18 3.91186206e+18 3.92415006e+18 3.93614868e+18 3.94784245e+18 3.95921612e+18 3.97025471e+18 3.98094356e+18 3.99126832e+18 4.00121504e+18 4.01077012e+18 4.01992042e+18 4.02865324e+18 4.03695636e+18 4.04481808e+18 4.05222722e+18 4.05917319e+18 4.06564595e+18 4.07163609e+18 4.07713483e+18 4.08213404e+18 4.08662627e+18 4.09060475e+18 4.09406341e+18 4.09699693e+18 4.09940070e+18 4.10127085e+18 4.10260430e+18 4.10339871e+18 4.10365253e+18 4.10336496e+18 4.10253602e+18 4.10116647e+18 4.09925790e+18 4.09681263e+18 4.09383380e+18 4.09032530e+18 4.08629178e+18 4.08173864e+18 4.07667205e+18 4.07109888e+18 4.06502674e+18 4.05846391e+18 4.05141937e+18 4.04390277e+18 4.03592438e+18 4.02749511e+18 4.01862645e+18 4.00933045e+18 3.99961973e+18 3.98950741e+18 3.97900710e+18 3.96813286e+18 3.95689918e+18 3.94532094e+18 3.93341341e+18 3.92119214e+18 3.90867301e+18 3.89587216e+18 3.88280594e+18 3.86949089e+18 3.85594374e+18 3.84218131e+18 3.82822051e+18 3.81407830e+18 3.79977169e+18 3.78531763e+18 3.77073304e+18 3.75603476e+18 3.74123950e+18 3.72636385e+18 3.71142418e+18 3.69643668e+18 3.68141731e+18
3.51869469e+18 3.53290733e+18 3.54724195e+18 3.56168773e+18 3.57623341e+18 3.59086727e+18 3.60557718e+18 3.62035061e+18 3.63517461e+18 3.65003586e+18 3.66492068e+18 3.67981504e+18 3.69470457e+18 3.70957462e+18 3.72441024e+18 3.73919622e+18 3.75391710e+18 3.76855722e+18 3.78310074e+18 3.79753164e+18 3.81183378e+18 3.82599090e+18 3.83998670e+18 3.85380478e+18 3.86742877e+18 3.88084230e+18 3.89402904e+18 3.90697274e+18 3.91965726e+18 3.93206661e+18 3.94418497e+18 3.95599672e+18 3.96748649e+18 3.97863917e+18 3.98943996e+18 3.99987438e+18 4.00992833e+18 4.01958811e+18 4.02884042e+18 4.03767243e+18 4.04607181e+18 4.05402670e+18 4.06152583e+18 4.06855843e+18 4.07511438e+18 4.08118414e+18 4.08675879e+18 4.09183011e+18 4.09639051e+18 4.10043311e+18 4.10395175e+18 4.10694099e+18 4.10939612e+18 4.11131318e+18 4.11268900e+18 4.11352115e+18 4.11380798e+18 4.11354865e+18 4.11274308e+18 4.11139198e+18 4.10949687e+18 4.10706004e+18 4.10408456e+18 4.10057429e+18 4.09653385e+18 4.09196864e+18 4.08688477e+18 4.08128914e+18 4.07518933e+18 4.06859365e+18 4.06151110e+18 4.05395134e+18 4.04592468e+18 4.03744207e+18 4.02851504e+18 4.01915573e+18 4.00937681e+18 3.99919147e+18 3.98861340e+18 3.97765677e+18 3.96633616e+18 3.95466657e+18 3.94266336e+18 3.93034224e+18 3.91771920e+18 3.90481051e+18 3.89163268e+18 3.87820241e+18 3.86453655e+18 3.85065211e+18 3.83656617e+18 3.82229585e+18 3.80785834e+18 3.79327077e+18 3.77855025e+18 3.76371379e+18 3.74877831e+18 3.73376057e+18 3.71867714e+18 3.70354441e+18 3.68837852e+18
3.52289751e+18 3.53722903e+18 3.55168389e+18 3.56625120e+18 3.58091962e+18 3.59567738e+18 3.61051226e+18 3.62541163e+18 3.64036249e+18 3.65535142e+18 3.67036466e+18 3.68538807e+18 3.70040721e+18 3.71540731e+18 3.73037333e+18 3.74528995e+18 3.76014162e+18 3.77491256e+18 3.78958682e+18 3.80414828e+18 3.81858067e+18 3.83286764e+18 3.84699273e+18 3.86093945e+18 3.87469130e+18 3.88823178e+18 3.90154443e+18 3.91461289e+18 3.92742089e+18 3.93995230e+18 3.95219118e+18 3.96412176e+18 3.97572855e+18 3.98699630e+18 3.99791009e+18 4.00845529e+18 4.01861769e+18 4.02838342e+18 4.03773908e+18 4.04667169e+18 4.05516879e+18 4.06321839e+18 4.07080909e+18 4.07792999e+18 4.08457085e+18 4.09072198e+18 4.09637437e+18 4.10151965e+18 4.10615013e+18 4.11025882e+18 4.11383943e+18 4.11688641e+18 4.11939496e+18 4.12136103e+18 4.12278131e+18 4.12365332e+18 4.12397531e+18 4.12374635e+18 4.12296630e+18 4.12163580e+18 4.11975629e+18 4.11733001e+18 4.11435999e+18 4.11085003e+18 4.10680474e+18 4.10222946e+18 4.09713031e+18 4.09151415e+18 4.08538857e+18 4.07876189e+18 4.07164311e+18 4.06404191e+18 4.05596865e+18 4.04743429e+18 4.03845043e+18 4.02902924e+18 4.01918348e+18 4.00892639e+18 3.99827177e+18 3.98723386e+18 3.97582735e+18 3.96406733e+18 3.95196930e+18 3.93954906e+18 3.92682275e+18 3.91380678e+18 3.90051780e+18 3.88697266e+18 3.87318837e+18 3.85918210e+18 3.84497109e+18 3.83057266e+18 3.81600414e+18 3.80128287e+18 3.78642614e+18 3.77145115e+18 3.75637500e+18 3.74121464e+18 3.72598686e+18 3.71070823e+18 3.69539508e+18
3.52706987e+18 3.54151970e+18 3.55609424e+18 3.57078254e+18 3.58557319e+18 3.60045435e+18 3.61541372e+18 3.63043862e+18 3.64551593e+18 3.66063217e+18 3.67577348e+18 3.69092565e+18 3.70607413e+18 3.72120407e+18 3.73630032e+18 3.75134746e+18 3.76632985e+18 3.78123160e+18 3.79603664e+18 3.81072875e+18 3.82529155e+18 3.83970855e+18 3.85396321e+18 3.86803891e+18 3.88191902e+18 3.89558692e+18 3.90902604e+18 3.92221987e+18 3.93515202e+18 3.94780624e+18 3.96016645e+18 3.97221677e+18 3.98394155e+18 3.99532543e+18 4.00635333e+18 4.01701052e+18 4.02728262e+18 4.03715565e+18 4.04661606e+18 4.05565076e+18 4.06424712e+18 4.07239306e+18 4.08007700e+18 4.08728795e+18 4.09401551e+18 4.10024989e+18 4.10598193e+18 4.11120314e+18 4.11590572e+18 4.12008254e+18 4.12372722e+18 4.12683409e+18 4.12939822e+18 4.13141547e+18 4.13288245e+18 4.13379654e+18 4.13415594e+18 4.13395961e+18 4.13320732e+18 4.13189966e+18 4.13003800e+18 4.12762450e+18 4.12466215e+18 4.12115470e+18 4.11710670e+18 4.11252348e+18 4.10741112e+18 4.10177648e+18 4.09562712e+18 4.08897137e+18 4.08181823e+18 4.07417741e+18 4.06605928e+18 4.05747484e+18 4.04843573e+18 4.03895419e+18 4.02904301e+18 4.01871553e+18 4.00798560e+18 3.99686757e+18 3.98537622e+18 3.97352675e+18 3.96133475e+18 3.94881617e+18 3.93598727e+18 3.92286460e+18 3.90946494e+18 3.89580529e+18 3.88190285e+18 3.86777492e+18 3.85343892e+18 3.83891234e+18 3.82421271e+18 3.80935753e+18 3.79436428e+18 3.77925036e+18 3.76403306e+18 3.74872954e+18 3.73335677e+18 3.71793152e+18 3.70247032e+18
3.53121068e+18 3.54577822e+18 3.56047186e+18 3.57528060e+18 3.59019295e+18 3.60519700e+18 3.62028039e+18 3.63543036e+18 3.65063371e+18 3.66587688e+18 3.68114593e+18 3.69642656e+18 3.71170412e+18 3.72696368e+18 3.74219000e+18 3.75736755e+18 3.77248059e+18 3.78751313e+18 3.80244901e+18 3.81727187e+18 3.83196524e+18 3.84651253e+18 3.86089706e+18 3.87510210e+18 3.88911090e+18 3.90290673e+18 3.91647288e+18 3.92979274e+18 3.94284977e+18 3.95562760e+18 3.96811003e+18 3.98028103e+18 3.99212484e+18 4.00362594e+18 4.01476915e+18 4.02553958e+18 4.03592273e+18 4.04590447e+18 4.05547114e+18 4.06460948e+18 4.07330675e+18 4.08155071e+18 4.08932968e+18 4.09663251e+18 4.10344868e+18 4.10976826e+18 4.11558196e+18 4.12088118e+18 4.12565797e+18 4.12990510e+18 4.13361605e+18 4.13678504e+18 4.13940704e+18 4.14147778e+18 4.14299377e+18 4.14395230e+18 4.14435145e+18 4.14419011e+18 4.14346797e+18 4.14218552e+18 4.14034405e+18 4.13794568e+18 4.13499331e+18 4.13149066e+18 4.12744223e+18 4.12285329e+18 4.11772991e+18 4.11207891e+18 4.10590786e+18 4.09922506e+18 4.09203953e+18 4.08436098e+18 4.07619979e+18 4.06756702e+18 4.05847433e+18 4.04893401e+18 4.03895890e+18 4.02856243e+18 4.01775851e+18 4.00656156e+18 3.99498648e+18 3.98304856e+18 3.97076351e+18 3.95814739e+18 3.94521660e+18 3.93198781e+18 3.91847795e+18 3.90470419e+18 3.89068386e+18 3.87643444e+18 3.86197352e+18 3.84731876e+18 3.83248787e+18 3.81749855e+18 3.80236846e+18 3.78711519e+18 3.77175623e+18 3.75630894e+18 3.74079049e+18 3.72521785e+18 3.70960777e+18
3.53531885e+18 3.55000348e+18 3.56481563e+18 3.57974423e+18 3.59477774e+18 3.60990417e+18 3.62511110e+18 3.64038568e+18 3.65571465e+18 3.67108437e+18 3.68648081e+18 3.70188959e+18 3.71729598e+18 3.73268496e+18 3.74804118e+18 3.76334904e+18 3.77859268e+18 3.79375602e+18 3.80882279e+18 3.82377653e+18 3.83860067e+18 3.85327849e+18 3.86779322e+18 3.88212799e+18 3.89626596e+18 3.91019026e+18 3.92388407e+18 3.93733064e+18 3.95051333e+18 3.96341563e+18 3.97602119e+18 3.98831389e+18 4.00027782e+18 4.01189733e+18 4.02315710e+18 4.03404211e+18 4.04453772e+18 4.05462968e+18 4.06430416e+18 4.07354779e+18 4.08234769e+18 4.09069149e+18 4.09856734e+18 4.10596400e+18 4.11287077e+18 4.11927761e+18 4.12517511e+18 4.13055451e+18 4.13540774e+18 4.13972745e+18 4.14350700e+18 4.14674047e+18 4.14942272e+18 4.15154937e+18 4.15311682e+18 4.15412225e+18 4.15456364e+18 4.15443977e+18 4.15375025e+18 4.15249549e+18 4.15067669e+18 4.14829590e+18 4.14535595e+18 4.14186050e+18 4.13781400e+18 4.13322168e+18 4.12808957e+18 4.12242446e+18 4.11623389e+18 4.10952616e+18 4.10231029e+18 4.09459598e+18 4.08639365e+18 4.07771437e+18 4.06856984e+18 4.05897239e+18 4.04893492e+18 4.03847090e+18 4.02759435e+18 4.01631975e+18 4.00466209e+18 3.99263677e+18 3.98025961e+18 3.96754678e+18 3.95451481e+18 3.94118051e+18 3.92756096e+18 3.91367347e+18 3.89953553e+18 3.88516478e+18 3.87057899e+18 3.85579601e+18 3.84083370e+18 3.82570998e+18 3.81044268e+18 3.79504961e+18 3.77954844e+18 3.76395673e+18 3.74829187e+18 3.73257104e+18 3.71681117e+18
3.53939328e+18 3.55419438e+18 3.56912444e+18 3.58417233e+18 3.59932644e+18 3.61457472e+18 3.62990468e+18 3.64530341e+18 3.66075757e+18 3.67625345e+18 3.69177694e+18 3.70731357e+18 3.72284854e+18 3.73836673e+18 3.75385270e+18 3.76929076e+18 3.78466496e+18 3.79995913e+18 3.81515687e+18 3.83024165e+18 3.84519677e+18 3.86000541e+18 3.87465068e+18 3.88911563e+18 3.90338327e+18 3.91743662e+18 3.93125874e+18 3.94483277e+18 3.95814194e+18 3.97116961e+18 3.98389932e+18 3.99631479e+18 4.00840000e+18 4.02013916e+18 4.03151682e+18 4.04251782e+18 4.05312738e+18 4.06333113e+18 4.07311509e+18 4.08246576e+18 4.09137011e+18 4.09981563e+18 4.10779034e+18 4.11528285e+18 4.12228234e+18 4.12877861e+18 4.13476213e+18 4.14022400e+18 4.14515602e+18 4.14955071e+18 4.15340128e+18 4.15670171e+18 4.15944673e+18 4.16163184e+18 4.16325331e+18 4.16430822e+18 4.16479444e+18 4.16471066e+18 4.16405637e+18 4.16283189e+18 4.16103835e+18 4.15867771e+18 4.15575273e+18 4.15226701e+18 4.14822492e+18 4.14363166e+18 4.13849321e+18 4.13281633e+18 4.12660853e+18 4.11987809e+18 4.11263402e+18 4.10488603e+18 4.09664455e+18 4.08792066e+18 4.07872611e+18 4.06907324e+18 4.05897503e+18 4.04844500e+18 4.03749722e+18 4.02614629e+18 4.01440725e+18 4.00229562e+18 3.98982732e+18 3.97701864e+18 3.96388624e+18 3.95044706e+18 3.93671832e+18 3.92271748e+18 3.90846220e+18 3.89397029e+18 3.87925968e+18 3.86434840e+18 3.84925451e+18 3.83399609e+18 3.81859120e+18 3.80305782e+18 3.78741385e+18 3.77167704e+18 3.75586499e+18 3.73999508e+18 3.72408446e+18
3.54343293e+18 3.55834986e+18 3.57339720e+18 3.58856378e+18 3.60383791e+18 3.61920751e+18 3.63466000e+18 3.65018242e+18 3.66576134e+18 3.68138299e+18 3.69703318e+18 3.71269737e+18 3.72836066e+18 3.74400786e+18 3.75962344e+18 3.77519162e+18 3.79069636e+18 3.80612138e+18 3.82145020e+18 3.83666618e+18 3.85175252e+18 3.86669230e+18 3.88146852e+18 3.89606409e+18 3.91046195e+18 3.92464498e+18 3.93859613e+18 3.95229842e+18 3.96573494e+18 3.97888895e+18 3.99174384e+18 4.00428323e+18 4.01649094e+18 4.02835107e+18 4.03984802e+18 4.05096651e+18 4.06169161e+18 4.07200881e+18 4.08190400e+18 4.09136354e+18 4.10037425e+18 4.10892348e+18 4.11699913e+18 4.12458964e+18 4.13168406e+18 4.13827205e+18 4.14434394e+18 4.14989069e+18 4.15490396e+18 4.15937613e+18 4.16330030e+18 4.16667029e+18 4.16948071e+18 4.17172694e+18 4.17340513e+18 4.17451223e+18 4.17504601e+18 4.17500503e+18 4.17438871e+18 4.17319724e+18 4.17143168e+18 4.16909388e+18 4.16618655e+18 4.16271318e+18 4.15867812e+18 4.15408647e+18 4.14894419e+18 4.14325798e+18 4.13703533e+18 4.13028450e+18 4.12301448e+18 4.11523498e+18 4.10695642e+18 4.09818992e+18 4.08894722e+18 4.07924074e+18 4.06908348e+18 4.05848902e+18 4.04747150e+18 4.03604558e+18 4.02422641e+18 4.01202960e+18 3.99947117e+18 3.98656753e+18 3.97333546e+18 3.95979203e+18 3.94595463e+18 3.93184085e+18 3.91746850e+18 3.90285557e+18 3.88802018e+18 3.87298051e+18 3.85775483e+18 3.84236140e+18 3.82681848e+18 3.81114427e+18 3.79535685e+18 3.77947420e+18 3.76351411e+18 3.74749420e+18 3.73143183e+18
3.54743674e+18 3.56246883e+18 3.57763283e+18 3.59291749e+18 3.60831108e+18 3.62380145e+18 3.63937596e+18 3.65502158e+18 3.67072484e+18 3.68647187e+18 3.70224841e+18 3.71803986e+18 3.73383123e+18 3.74960725e+18 3.76535231e+18 3.78105053e+18 3.79668580e+18 3.81224173e+18 3.82770176e+18 3.84304914e+18 3.85826697e+18 3.87333823e+18 3.88824581e+18 3.90297253e+18 3.91750118e+18 3.93181457e+18 3.94589551e+18 3.95972689e+18 3.97329171e+18 3.98657309e+18 3.99955429e+18 4.01221880e+18 4.02455031e+18 4.03653281e+18 4.04815053e+18 4.05938808e+18 4.07023039e+18 4.08066280e+18 4.09067107e+18 4.10024141e+18 4.10936050e+18 4.11801555e+18 4.12619430e+18 4.13388507e+18 4.14107675e+18 4.14775887e+18 4.15392159e+18 4.15955574e+18 4.16465285e+18 4.16920515e+18 4.17320559e+18 4.17664788e+18 4.17952647e+18 4.18183662e+18 4.18357434e+18 4.18473648e+18 4.18532067e+18 4.18532537e+18 4.18474987e+18 4.18359427e+18 4.18185952e+18 4.17954740e+18 4.17666050e+18 4.17320226e+18 4.16917693e+18 4.16458958e+18 4.15944608e+18 4.15375310e+18 4.14751810e+18 4.14074930e+18 4.13345566e+18 4.12564690e+18 4.11733344e+18 4.10852639e+18 4.09923754e+18 4.08947931e+18 4.07926476e+18 4.06860752e+18 4.05752179e+18 4.04602231e+18 4.03412430e+18 4.02184347e+18 4.00919595e+18 3.99619826e+18 3.98286730e+18 3.96922030e+18 3.95527475e+18 3.94104842e+18 3.92655928e+18 3.91182548e+18 3.89686531e+18 3.88169715e+18 3.86633945e+18 3.85081066e+18 3.83512926e+18 3.81931362e+18 3.80338207e+18 3.78735277e+18 3.77124376e+18 3.75507285e+18 3.73885763e+18
3.55140367e+18 3.56655027e+18 3.58183028e+18 3.59723240e+18 3.61274486e+18 3.62835544e+18 3.64405146e+18 3.65981982e+18 3.67564697e+18 3.69151898e+18 3.70742154e+18 3.72333995e+18 3.73925917e+18 3.75516383e+18 3.77103824e+18 3.78686646e+18 3.80263226e+18 3.81831919e+18 3.83391057e+18 3.84938958e+18 3.86473920e+18 3.87994232e+18 3.89498173e+18 3.90984014e+18 3.92450023e+18 3.93894469e+18 3.95315622e+18 3.96711761e+18 3.98081172e+18 3.99422155e+18 4.00733024e+18 4.02012116e+18 4.03257786e+18 4.04468419e+18 4.05642426e+18 4.06778253e+18 4.07874381e+18 4.08929329e+18 4.09941658e+18 4.10909975e+18 4.11832935e+18 4.12709242e+18 4.13537658e+18 4.14316998e+18 4.15046137e+18 4.15724013e+18 4.16349627e+18 4.16922049e+18 4.17440416e+18 4.17903935e+18 4.18311888e+18 4.18663632e+18 4.18958599e+18 4.19196299e+18 4.19376321e+18 4.19498336e+18 4.19562096e+18 4.19567433e+18 4.19514265e+18 4.19402591e+18 4.19232495e+18 4.19004145e+18 4.18717791e+18 4.18373768e+18 4.17972493e+18 4.17514466e+18 4.17000269e+18 4.16430562e+18 4.15806087e+18 4.15127662e+18 4.14396182e+18 4.13612616e+18 4.12778005e+18 4.11893462e+18 4.10960167e+18 4.09979364e+18 4.08952363e+18 4.07880532e+18 4.06765297e+18 4.05608139e+18 4.04410588e+18 4.03174224e+18 4.01900671e+18 4.00591591e+18 3.99248688e+18 3.97873696e+18 3.96468381e+18 3.95034533e+18 3.93573966e+18 3.92088512e+18 3.90580018e+18 3.89050339e+18 3.87501340e+18 3.85934888e+18 3.84352848e+18 3.82757080e+18 3.81149437e+18 3.79531758e+18 3.77905868e+18 3.76273571e+18 3.74636649e+18
3.55533271e+18 3.57059313e+18 3.58598850e+18 3.60150746e+18 3.61713820e+18 3.63286844e+18 3.64868544e+18 3.66457605e+18 3.68052666e+18 3.69652328e+18 3.71255151e+18 3.72859660e+18 3.74464344e+18 3.76067657e+18 3.77668024e+18 3.79263841e+18 3.80853477e+18 3.82435279e+18 3.84007571e+18 3.85568659e+18 3.87116834e+18 3.88650375e+18 3.90167548e+18 3.91666617e+18 3.93145838e+18 3.94603469e+18 3.96037769e+18 3.97447005e+18 3.98829451e+18 4.00183395e+18 4.01507140e+18 4.02799007e+18 4.04057341e+18 4.05280513e+18 4.06466921e+18 4.07614997e+18 4.08723207e+18 4.09790057e+18 4.10814093e+18 4.11793908e+18 4.12728141e+18 4.13615484e+18 4.14454681e+18 4.15244533e+18 4.15983900e+18 4.16671706e+18 4.17306935e+18 4.17888642e+18 4.18415948e+18 4.18888047e+18 4.19304206e+18 4.19663765e+18 4.19966143e+18 4.20210836e+18 4.20397418e+18 4.20525546e+18 4.20594960e+18 4.20605478e+18 4.20557005e+18 4.20449530e+18 4.20283124e+18 4.20057945e+18 4.19774232e+18 4.19432312e+18 4.19032593e+18 4.18575567e+18 4.18061808e+18 4.17491971e+18 4.16866793e+18 4.16187087e+18 4.15453745e+18 4.14667734e+18 4.13830095e+18 4.12941938e+18 4.12004446e+18 4.11018866e+18 4.09986510e+18 4.08908750e+18 4.07787019e+18 4.06622802e+18 4.05417640e+18 4.04173120e+18 4.02890876e+18 4.01572583e+18 4.00219955e+18 3.98834741e+18 3.97418719e+18 3.95973696e+18 3.94501502e+18 3.93003986e+18 3.91483012e+18 3.89940455e+18 3.88378199e+18 3.86798131e+18 3.85202135e+18 3.83592096e+18 3.81969885e+18 3.80337366e+18 3.78696385e+18 3.77048769e+18 3.75396324e+18
3.55922287e+18 3.57459642e+18 3.59010647e+18 3.60574164e+18 3.62149006e+18 3.63733939e+18 3.65327686e+18 3.66928924e+18 3.68536287e+18 3.70148371e+18 3.71763729e+18 3.73380879e+18 3.74998302e+18 3.76614447e+18 3.78227730e+18 3.79836540e+18 3.81439238e+18 3.83034162e+18 3.84619628e+18 3.86193933e+18 3.87755358e+18 3.89302172e+18 3.90832634e+18 3.92344994e+18 3.93837501e+18 3.95308399e+18 3.96755939e+18 3.98178375e+18 3.99573969e+18 4.00940997e+18 4.02277750e+18 4.03582537e+18 4.04853690e+18 4.06089566e+18 4.07288550e+18 4.08449059e+18 4.09569547e+18 4.10648504e+18 4.11684463e+18 4.12676002e+18 4.13621744e+18 4.14520366e+18 4.15370598e+18 4.16171224e+18 4.16921090e+18 4.17619102e+18 4.18264231e+18 4.18855515e+18 4.19392060e+18 4.19873044e+18 4.20297718e+18 4.20665407e+18 4.20975515e+18 4.21227521e+18 4.21420988e+18 4.21555557e+18 4.21630951e+18 4.21646978e+18 4.21603529e+18 4.21500580e+18 4.21338189e+18 4.21116503e+18 4.20835752e+18 4.20496250e+18 4.20098396e+18 4.19642675e+18 4.19129653e+18 4.18559978e+18 4.17934380e+18 4.17253668e+18 4.16518730e+18 4.15730530e+18 4.14890107e+18 4.13998572e+18 4.13057106e+18 4.12066959e+18 4.11029445e+18 4.09945941e+18 4.08817884e+18 4.07646768e+18 4.06434138e+18 4.05181591e+18 4.03890771e+18 4.02563364e+18 4.01201096e+18 3.99805728e+18 3.98379055e+18 3.96922897e+18 3.95439101e+18 3.93929533e+18 3.92396075e+18 3.90840622e+18 3.89265076e+18 3.87671344e+18 3.86061335e+18 3.84436950e+18 3.82800087e+18 3.81152630e+18 3.79496448e+18 3.77833393e+18 3.76165293e+18
3.56307315e+18 3.57855913e+18 3.59418320e+18 3.60993394e+18 3.62579943e+18 3.64176729e+18 3.65782470e+18 3.67395837e+18 3.69015460e+18 3.70639928e+18 3.72267788e+18 3.73897552e+18 3.75527694e+18 3.77156657e+18 3.78782850e+18 3.80404653e+18 3.82020421e+18 3.83628483e+18 3.85227146e+18 3.86814700e+18 3.88389416e+18 3.89949554e+18 3.91493363e+18 3.93019084e+18 3.94524955e+18 3.96009210e+18 3.97470088e+18 3.98905832e+18 4.00314694e+18 4.01694938e+18 4.03044840e+18 4.04362700e+18 4.05646834e+18 4.06895588e+18 4.08107332e+18 4.09280470e+18 4.10413442e+18 4.11504724e+18 4.12552833e+18 4.13556331e+18 4.14513830e+18 4.15423988e+18 4.16285520e+18 4.17097196e+18 4.17857844e+18 4.18566354e+18 4.19221683e+18 4.19822850e+18 4.20368947e+18 4.20859135e+18 4.21292648e+18 4.21668796e+18 4.21986967e+18 4.22246624e+18 4.22447315e+18 4.22588665e+18 4.22670383e+18 4.22692263e+18 4.22654180e+18 4.22556098e+18 4.22398062e+18 4.22180207e+18 4.21902750e+18 4.21565995e+18 4.21170332e+18 4.20716234e+18 4.20204259e+18 4.19635049e+18 4.19009327e+18 4.18327895e+18 4.17591638e+18 4.16801516e+18 4.15958564e+18 4.15063894e+18 4.14118686e+18 4.13124190e+18 4.12081724e+18 4.10992668e+18 4.09858463e+18 4.08680609e+18 4.07460659e+18 4.06200218e+18 4.04900940e+18 4.03564521e+18 4.02192700e+18 4.00787250e+18 3.99349980e+18 3.97882728e+18 3.96387354e+18 3.94865743e+18 3.93319795e+18 3.91751423e+18 3.90162551e+18 3.88555106e+18 3.86931017e+18 3.85292209e+18 3.83640601e+18 3.81978102e+18 3.80306603e+18 3.78627980e+18 3.76944086e+18
3.56688260e+18 3.58248030e+18 3.59821772e+18 3.61408338e+18 3.63006533e+18 3.64615116e+18 3.66232798e+18 3.67858246e+18 3.69490086e+18 3.71126900e+18 3.72767231e+18 3.74409584e+18 3.76052427e+18 3.77694196e+18 3.79333293e+18 3.80968093e+18 3.82596940e+18 3.84218159e+18 3.85830046e+18 3.87430885e+18 3.89018937e+18 3.90592454e+18 3.92149675e+18 3.93688831e+18 3.95208150e+18 3.96705856e+18 3.98180179e+18 3.99629348e+18 4.01051605e+18 4.02445202e+18 4.03808404e+18 4.05139497e+18 4.06436785e+18 4.07698599e+18 4.08923298e+18 4.10109272e+18 4.11254945e+18 4.12358778e+18 4.13419276e+18 4.14434984e+18 4.15404498e+18 4.16326462e+18 4.17199574e+18 4.18022587e+18 4.18794315e+18 4.19513630e+18 4.20179471e+18 4.20790843e+18 4.21346819e+18 4.21846545e+18 4.22289237e+18 4.22674189e+18 4.23000771e+18 4.23268432e+18 4.23476701e+18 4.23625189e+18 4.23713590e+18 4.23741680e+18 4.23709322e+18 4.23616464e+18 4.23463139e+18 4.23249466e+18 4.22975651e+18 4.22641987e+18 4.22248851e+18 4.21796708e+18 4.21286106e+18 4.20717677e+18 4.20092138e+18 4.19410285e+18 4.18672997e+18 4.17881229e+18 4.17036015e+18 4.16138462e+18 4.15189752e+18 4.14191135e+18 4.13143930e+18 4.12049520e+18 4.10909351e+18 4.09724928e+18 4.08497811e+18 4.07229614e+18 4.05921998e+18 4.04576672e+18 4.03195386e+18 4.01779927e+18 4.00332117e+18 3.98853808e+18 3.97346879e+18 3.95813232e+18 3.94254784e+18 3.92673470e+18 3.91071231e+18 3.89450017e+18 3.87811778e+18 3.86158463e+18 3.84492013e+18 3.82814360e+18 3.81127420e+18 3.79433093e+18 3.77733255e+18
3.57065029e+18 3.58635899e+18 3.60220905e+18 3.61818899e+18 3.63428679e+18 3.65049001e+18 3.66678572e+18 3.68316056e+18 3.69960070e+18 3.71609194e+18 3.73261966e+18 3.74916883e+18 3.76572410e+18 3.78226974e+18 3.79878974e+18 3.81526774e+18 3.83168716e+18 3.84803112e+18 3.86428256e+18 3.88042419e+18 3.89643857e+18 3.91230812e+18 3.92801514e+18 3.94354185e+18 3.95887042e+18 3.97398302e+18 3.98886181e+18 4.00348899e+18 4.01784687e+18 4.03191784e+18 4.04568444e+18 4.05912939e+18 4.07223562e+18 4.08498631e+18 4.09736491e+18 4.10935517e+18 4.12094119e+18 4.13210744e+18 4.14283881e+18 4.15312061e+18 4.16293863e+18 4.17227915e+18 4.18112900e+18 4.18947553e+18 4.19730671e+18 4.20461111e+18 4.21137793e+18 4.21759706e+18 4.22325905e+18 4.22835517e+18 4.23287744e+18 4.23681860e+18 4.24017218e+18 4.24293251e+18 4.24509470e+18 4.24665469e+18 4.24760926e+18 4.24795602e+18 4.24769343e+18 4.24682081e+18 4.24533835e+18 4.24324712e+18 4.24054902e+18 4.23724687e+18 4.23334431e+18 4.22884588e+18 4.22375696e+18 4.21808379e+18 4.21183343e+18 4.20501380e+18 4.19763359e+18 4.18970234e+18 4.18123033e+18 4.17222861e+18 4.16270899e+18 4.15268396e+18 4.14216672e+18 4.13117114e+18 4.11971171e+18 4.10780354e+18 4.09546228e+18 4.08270415e+18 4.06954587e+18 4.05600462e+18 4.04209801e+18 4.02784405e+18 4.01326111e+18 3.99836785e+18 3.98318323e+18 3.96772644e+18 3.95201685e+18 3.93607399e+18 3.91991750e+18 3.90356707e+18 3.88704243e+18 3.87036330e+18 3.85354932e+18 3.83662006e+18 3.81959492e+18 3.80249315e+18 3.78533378e+18
3.57437528e+18 3.59019426e+18 3.60615629e+18 3.62224984e+18 3.63846289e+18 3.65478293e+18 3.67119702e+18 3.68769172e+18 3.70425321e+18 3.72086719e+18 3.73751902e+18 3.75419361e+18 3.77087556e+18 3.78754909e+18 3.80419810e+18 3.82080620e+18 3.83735671e+18 3.85383271e+18 3.87021705e+18 3.88649238e+18 3.90264116e+18 3.91864573e+18 3.93448831e+18 3.95015103e+18 3.96561596e+18 3.98086517e+18 3.99588072e+18 4.01064471e+18 4.02513933e+18 4.03934685e+18 4.05324970e+18 4.06683047e+18 4.08007198e+18 4.09295726e+18 4.10546961e+18 4.11759267e+18 4.12931038e+18 4.14060708e+18 4.15146747e+18 4.16187674e+18 4.17182050e+18 4.18128487e+18 4.19025651e+18 4.19872261e+18 4.20667096e+18 4.21408996e+18 4.22096864e+18 4.22729669e+18 4.23306449e+18 4.23826314e+18 4.24288446e+18 4.24692103e+18 4.25036619e+18 4.25321408e+18 4.25545964e+18 4.25709864e+18 4.25812768e+18 4.25854420e+18 4.25834649e+18 4.25753373e+18 4.25610593e+18 4.25406402e+18 4.25140976e+18 4.24814582e+18 4.24427573e+18 4.23980390e+18 4.23473561e+18 4.22907697e+18 4.22283499e+18 4.21601747e+18 4.20863307e+18 4.20069123e+18 4.19220222e+18 4.18317704e+18 4.17362748e+18 4.16356603e+18 4.15300590e+18 4.14196097e+18 4.13044577e+18 4.11847544e+18 4.10606573e+18 4.09323290e+18 4.07999377e+18 4.06636563e+18 4.05236619e+18 4.03801361e+18 4.02332638e+18 4.00832333e+18 3.99302359e+18 3.97744651e+18 3.96161166e+18 3.94553876e+18 3.92924767e+18 3.91275829e+18 3.89609059e+18 3.87926451e+18 3.86229993e+18 3.84521667e+18 3.82803439e+18 3.81077259e+18 3.79345055e+18
3.57805669e+18 3.59398521e+18 3.61005851e+18 3.62626502e+18 3.64259270e+18 3.65902901e+18 3.67556095e+18 3.69217507e+18 3.70885748e+18 3.72559388e+18 3.74236953e+18 3.75916935e+18 3.77597784e+18 3.79277919e+18 3.80955725e+18 3.82629555e+18 3.84297736e+18 3.85958570e+18 3.87610333e+18 3.89251283e+18 3.90879661e+18 3.92493690e+18 3.94091585e+18 3.95671550e+18 3.97231783e+18 3.98770480e+18 4.00285838e+18 4.01776057e+18 4.03239344e+18 4.04673916e+18 4.06078003e+18 4.07449852e+18 4.08787732e+18 4.10089933e+18 4.11354773e+18 4.12580598e+18 4.13765791e+18 4.14908768e+18 4.16007987e+18 4.17061949e+18 4.18069198e+18 4.19028331e+18 4.19937996e+18 4.20796895e+18 4.21603789e+18 4.22357500e+18 4.23056913e+18 4.23700978e+18 4.24288715e+18 4.24819215e+18 4.25291641e+18 4.25705232e+18 4.26059303e+18 4.26353250e+18 4.26586548e+18 4.26758755e+18 4.26869513e+18 4.26918548e+18 4.26905673e+18 4.26830787e+18 4.26693876e+18 4.26495015e+18 4.26234367e+18 4.25912184e+18 4.25528804e+18 4.25084655e+18 4.24580254e+18 4.24016202e+18 4.23393187e+18 4.22711982e+18 4.21973445e+18 4.21178515e+18 4.20328211e+18 4.19423631e+18 4.18465949e+18 4.17456416e+18 4.16396350e+18 4.15287142e+18 4.14130248e+18 4.12927186e+18 4.11679536e+18 4.10388933e+18 4.09057067e+18 4.07685676e+18 4.06276544e+18 4.04831498e+18 4.03352402e+18 4.01841156e+18 4.00299688e+18 3.98729951e+18 3.97133922e+18 3.95513593e+18 3.93870970e+18 3.92208067e+18 3.90526902e+18 3.88829494e+18 3.87117857e+18 3.85393996e+18 3.83659904e+18 3.81917557e+18 3.80168909e+18
3.58169362e+18 3.59773096e+18 3.61391483e+18 3.63023366e+18 3.64667535e+18 3.66322736e+18 3.67987664e+18 3.69660973e+18 3.71341268e+18 3.73027115e+18 3.74717039e+18 3.76409523e+18 3.78103016e+18 3.79795930e+18 3.81486645e+18 3.83173510e+18 3.84854845e+18 3.86528945e+18 3.88194081e+18 3.89848503e+18 3.91490444e+18 3.93118121e+18 3.94729740e+18 3.96323496e+18 3.97897579e+18 3.99450176e+18 4.00979472e+18 4.02483659e+18 4.03960932e+18 4.05409497e+18 4.06827572e+18 4.08213393e+18 4.09565215e+18 4.10881316e+18 4.12159998e+18 4.13399595e+18 4.14598475e+18 4.15755038e+18 4.16867726e+18 4.17935024e+18 4.18955461e+18 4.19927616e+18 4.20850119e+18 4.21721654e+18 4.22540965e+18 4.23306853e+18 4.24018187e+18 4.24673896e+18 4.25272983e+18 4.25814516e+18 4.26297642e+18 4.26721577e+18 4.27085619e+18 4.27389143e+18 4.27631604e+18 4.27812543e+18 4.27931580e+18 4.27988424e+18 4.27982868e+18 4.27914794e+18 4.27784171e+18 4.27591056e+18 4.27335597e+18 4.27018027e+18 4.26638674e+18 4.26197950e+18 4.25696357e+18 4.25134487e+18 4.24513016e+18 4.23832707e+18 4.23094410e+18 4.22299055e+18 4.21447657e+18 4.20541308e+18 4.19581180e+18 4.18568519e+18 4.17504646e+18 4.16390951e+18 4.15228893e+18 4.14019994e+18 4.12765838e+18 4.11468069e+18 4.10128383e+18 4.08748530e+18 4.07330305e+18 4.05875547e+18 4.04386135e+18 4.02863984e+18 4.01311038e+18 3.99729270e+18 3.98120675e+18 3.96487267e+18 3.94831071e+18 3.93154126e+18 3.91458473e+18 3.89746155e+18 3.88019210e+18 3.86279671e+18 3.84529556e+18 3.82770868e+18 3.81005590e+18
3.58528524e+18 3.60143065e+18 3.61772440e+18 3.63415488e+18 3.65070999e+18 3.66737714e+18 3.68414327e+18 3.70099486e+18 3.71791798e+18 3.73489821e+18 3.75192078e+18 3.76897049e+18 3.78603177e+18 3.80308870e+18 3.82012504e+18 3.83712421e+18 3.85406937e+18 3.87094341e+18 3.88772897e+18 3.90440850e+18 3.92096424e+18 3.93737831e+18 3.95363266e+18 3.96970919e+18 3.98558970e+18 4.00125596e+18 4.01668975e+18 4.03187286e+18 4.04678715e+18 4.06141456e+18 4.07573717e+18 4.08973720e+18 4.10339708e+18 4.11669945e+18 4.12962722e+18 4.14216356e+18 4.15429200e+18 4.16599640e+18 4.17726102e+18 4.18807053e+18 4.19841007e+18 4.20826524e+18 4.21762216e+18 4.22646751e+18 4.23478852e+18 4.24257302e+18 4.24980949e+18 4.25648705e+18 4.26259550e+18 4.26812534e+18 4.27306781e+18 4.27741490e+18 4.28115936e+18 4.28429474e+18 4.28681539e+18 4.28871650e+18 4.28999409e+18 4.29064505e+18 4.29066710e+18 4.29005888e+18 4.28881989e+18 4.28695052e+18 4.28445207e+18 4.28132673e+18 4.27757760e+18 4.27320865e+18 4.26822477e+18 4.26263174e+18 4.25643621e+18 4.24964570e+18 4.24226861e+18 4.23431417e+18 4.22579245e+18 4.21671431e+18 4.20709144e+18 4.19693628e+18 4.18626201e+18 4.17508255e+18 4.16341249e+18 4.15126709e+18 4.13866226e+18 4.12561448e+18 4.11214081e+18 4.09825883e+18 4.08398662e+18 4.06934269e+18 4.05434597e+18 4.03901575e+18 4.02337167e+18 4.00743363e+18 3.99122177e+18 3.97475644e+18 3.95805813e+18 3.94114742e+18 3.92404500e+18 3.90677152e+18 3.88934764e+18 3.87179394e+18 3.85413087e+18 3.83637875e+18 3.81855768e+18
3.58883072e+18 3.60508346e+18 3.62148639e+18 3.63802787e+18 3.65469579e+18 3.67147752e+18 3.68836000e+18 3.70532969e+18 3.72237259e+18 3.73947430e+18 3.75661998e+18 3.77379440e+18 3.79098197e+18 3.80816673e+18 3.82533236e+18 3.84246228e+18 3.85953957e+18 3.87654706e+18 3.89346736e+18 3.91028283e+18 3.92697566e+18 3.94352789e+18 3.95992142e+18 3.97613804e+18 3.99215949e+18 4.00796743e+18 4.02354356e+18 4.03886957e+18 4.05392721e+18 4.06869832e+18 4.08316485e+18 4.09730892e+18 4.11111282e+18 4.12455906e+18 4.13763040e+18 4.15030988e+18 4.16258088e+18 4.17442710e+18 4.18583264e+18 4.19678200e+18 4.20726015e+18 4.21725250e+18 4.22674501e+18 4.23572415e+18 4.24417696e+18 4.25209109e+18 4.25945480e+18 4.26625701e+18 4.27248732e+18 4.27813601e+18 4.28319412e+18 4.28765340e+18 4.29150642e+18 4.29474649e+18 4.29736776e+18 4.29936521e+18 4.30073463e+18 4.30147270e+18 4.30157697e+18 4.30104584e+18 4.29987863e+18 4.29807554e+18 4.29563768e+18 4.29256707e+18 4.28886662e+18 4.28454018e+18 4.27959246e+18 4.27402910e+18 4.26785663e+18 4.26108246e+18 4.25371487e+18 4.24576301e+18 4.23723686e+18 4.22814724e+18 4.21850576e+18 4.20832485e+18 4.19761766e+18 4.18639811e+18 4.17468080e+18 4.16248104e+18 4.14981476e+18 4.13669852e+18 4.12314945e+18 4.10918522e+18 4.09482403e+18 4.08008451e+18 4.06498574e+18 4.04954717e+18 4.03378860e+18 4.01773011e+18 4.00139205e+18 3.98479498e+18 3.96795961e+18 3.95090677e+18 3.93365736e+18 3.91623232e+18 3.89865256e+18 3.88093893e+18 3.86311217e+18 3.84519286e+18 3.82720141e+18
3.59232923e+18 3.60868858e+18 3.62519999e+18 3.64185182e+18 3.65863194e+18 3.67552773e+18 3.69252607e+18 3.70961343e+18 3.72677577e+18 3.74399867e+18 3.76126726e+18 3.77856629e+18 3.79588012e+18 3.81319275e+18 3.83048784e+18 3.84774875e+18 3.86495853e+18 3.88209995e+18 3.89915556e+18 3.91610767e+18 3.93293841e+18 3.94962975e+18 3.96616352e+18 3.98252144e+18 3.99868514e+18 4.01463624e+18 4.03035632e+18 4.04582698e+18 4.06102987e+18 4.07594671e+18 4.09055936e+18 4.10484979e+18 4.11880018e+18 4.13239291e+18 4.14561059e+18 4.15843613e+18 4.17085274e+18 4.18284398e+18 4.19439376e+18 4.20548644e+18 4.21610679e+18 4.22624006e+18 4.23587200e+18 4.24498890e+18 4.25357760e+18 4.26162553e+18 4.26912076e+18 4.27605200e+18 4.28240862e+18 4.28818069e+18 4.29335903e+18 4.29793518e+18 4.30190145e+18 4.30525096e+18 4.30797763e+18 4.31007619e+18 4.31154225e+18 4.31237224e+18 4.31256349e+18 4.31211421e+18 4.31102350e+18 4.30929137e+18 4.30691871e+18 4.30390737e+18 4.30026008e+18 4.29598051e+18 4.29107321e+18 4.28554369e+18 4.27939831e+18 4.27264437e+18 4.26529003e+18 4.25734434e+18 4.24881720e+18 4.23971936e+18 4.23006236e+18 4.21985860e+18 4.20912120e+18 4.19786406e+18 4.18610182e+18 4.17384978e+18 4.16112393e+18 4.14794089e+18 4.13431786e+18 4.12027261e+18 4.10582344e+18 4.09098911e+18 4.07578884e+18 4.06024224e+18 4.04436927e+18 4.02819022e+18 4.01172564e+18 3.99499628e+18 3.97802310e+18 3.96082716e+18 3.94342962e+18 3.92585167e+18 3.90811449e+18 3.89023921e+18 3.87224686e+18 3.85415832e+18 3.83599429e+18
3.59578002e+18 3.61224522e+18 3.62886441e+18 3.64562596e+18 3.66251770e+18 3.67952699e+18 3.69664074e+18 3.71384535e+18 3.73112680e+18 3.74847064e+18 3.76586196e+18 3.78328550e+18 3.80072559e+18 3.81816619e+18 3.83559094e+18 3.85298314e+18 3.87032580e+18 3.88760167e+18 3.90479322e+18 3.92188273e+18 3.93885226e+18 3.95568372e+18 3.97235887e+18 3.98885935e+18 4.00516674e+18 4.02126256e+18 4.03712829e+18 4.05274544e+18 4.06809557e+18 4.08316030e+18 4.09792135e+18 4.11236059e+18 4.12646008e+18 4.14020204e+18 4.15356897e+18 4.16654361e+18 4.17910904e+18 4.19124863e+18 4.20294616e+18 4.21418578e+18 4.22495210e+18 4.23523017e+18 4.24500556e+18 4.25426435e+18 4.26299319e+18 4.27117929e+18 4.27881051e+18 4.28587533e+18 4.29236291e+18 4.29826309e+18 4.30356645e+18 4.30826430e+18 4.31234873e+18 4.31581262e+18 4.31864965e+18 4.32085432e+18 4.32242200e+18 4.32334889e+18 4.32363211e+18 4.32326963e+18 4.32226032e+18 4.32060399e+18 4.31830134e+18 4.31535399e+18 4.31176449e+18 4.30753632e+18 4.30267388e+18 4.29718249e+18 4.29106838e+18 4.28433871e+18 4.27700151e+18 4.26906572e+18 4.26054115e+18 4.25143845e+18 4.24176913e+18 4.23154550e+18 4.22078068e+18 4.20948856e+18 4.19768374e+18 4.18538159e+18 4.17259811e+18 4.15934997e+18 4.14565445e+18 4.13152943e+18 4.11699328e+18 4.10206492e+18 4.08676369e+18 4.07110937e+18 4.05512209e+18 4.03882234e+18 4.02223085e+18 4.00536861e+18 3.98825680e+18 3.97091674e+18 3.95336983e+18 3.93563753e+18 3.91774131e+18 3.89970257e+18 3.88154264e+18 3.86328270e+18 3.84494374e+18
3.59918231e+18 3.61575263e+18 3.63247893e+18 3.64934954e+18 3.66635231e+18 3.68347460e+18 3.70070328e+18 3.71802477e+18 3.73542502e+18 3.75288955e+18 3.77040346e+18 3.78795145e+18 3.80551782e+18 3.82308652e+18 3.84064115e+18 3.85816499e+18 3.87564099e+18 3.89305187e+18 3.91038006e+18 3.92760778e+18 3.94471705e+18 3.96168971e+18 3.97850745e+18 3.99515186e+18 4.01160444e+18 4.02784661e+18 4.04385979e+18 4.05962539e+18 4.07512486e+18 4.09033973e+18 4.10525160e+18 4.11984223e+18 4.13409353e+18 4.14798761e+18 4.16150683e+18 4.17463377e+18 4.18735135e+18 4.19964280e+18 4.21149170e+18 4.22288206e+18 4.23379827e+18 4.24422521e+18 4.25414825e+18 4.26355325e+18 4.27242666e+18 4.28075549e+18 4.28852734e+18 4.29573050e+18 4.30235386e+18 4.30838707e+18 4.31382044e+18 4.31864505e+18 4.32285274e+18 4.32643614e+18 4.32938869e+18 4.33170465e+18 4.33337914e+18 4.33440813e+18 4.33478848e+18 4.33451792e+18 4.33359512e+18 4.33201964e+18 4.32979196e+18 4.32691350e+18 4.32338659e+18 4.31921454e+18 4.31440154e+18 4.30895275e+18 4.30287424e+18 4.29617302e+18 4.28885698e+18 4.28093495e+18 4.27241662e+18 4.26331256e+18 4.25363421e+18 4.24339382e+18 4.23260446e+18 4.22128001e+18 4.20943508e+18 4.19708502e+18 4.18424588e+18 4.17093440e+18 4.15716791e+18 4.14296436e+18 4.12834227e+18 4.11332065e+18 4.09791901e+18 4.08215726e+18 4.06605573e+18 4.04963508e+18 4.03291627e+18 4.01592050e+18 3.99866919e+18 3.98118390e+18 3.96348631e+18 3.94559814e+18 3.92754115e+18 3.90933703e+18 3.89100741e+18 3.87257378e+18 3.85405744e+18
3.60253539e+18 3.61921009e+18 3.63604280e+18 3.65302185e+18 3.67013508e+18 3.68736985e+18 3.70471303e+18 3.72215102e+18 3.73966977e+18 3.75725479e+18 3.77489116e+18 3.79256356e+18 3.81025629e+18 3.82795326e+18 3.84563805e+18 3.86329390e+18 3.88090375e+18 3.89845026e+18 3.91591584e+18 3.93328266e+18 3.95053267e+18 3.96764768e+18 3.98460932e+18 4.00139910e+18 4.01799844e+18 4.03438872e+18 4.05055124e+18 4.06646734e+18 4.08211837e+18 4.09748575e+18 4.11255097e+18 4.12729568e+18 4.14170166e+18 4.15575088e+18 4.16942556e+18 4.18270815e+18 4.19558138e+18 4.20802834e+18 4.22003243e+18 4.23157747e+18 4.24264767e+18 4.25322772e+18 4.26330277e+18 4.27285850e+18 4.28188110e+18 4.29035738e+18 4.29827472e+18 4.30562115e+18 4.31238535e+18 4.31855669e+18 4.32412526e+18 4.32908187e+18 4.33341812e+18 4.33712638e+18 4.34019983e+18 4.34263247e+18 4.34441916e+18 4.34555562e+18 4.34603846e+18 4.34586518e+18 4.34503417e+18 4.34354476e+18 4.34139722e+18 4.33859272e+18 4.33513340e+18 4.33102234e+18 4.32626354e+18 4.32086198e+18 4.31482356e+18 4.30815511e+18 4.30086440e+18 4.29296011e+18 4.28445182e+18 4.27535002e+18 4.26566604e+18 4.25541207e+18 4.24460116e+18 4.23324713e+18 4.22136459e+18 4.20896890e+18 4.19607615e+18 4.18270310e+18 4.16886717e+18 4.15458641e+18 4.13987940e+18 4.12476531e+18 4.10926378e+18 4.09339488e+18 4.07717912e+18 4.06063735e+18 4.04379075e+18 4.02666074e+18 4.00926899e+18 3.99163730e+18 3.97378763e+18 3.95574197e+18 3.93752238e+18 3.91915085e+18 3.90064932e+18 3.88203959e+18 3.86334330e+18
3.60583854e+18 3.62261690e+18 3.63955534e+18 3.65664220e+18 3.67386534e+18 3.69121209e+18 3.70866934e+18 3.72622348e+18 3.74386046e+18 3.76156578e+18 3.77932452e+18 3.79712134e+18 3.81494052e+18 3.83276597e+18 3.85058123e+18 3.86836953e+18 3.88611378e+18 3.90379661e+18 3.92140039e+18 3.93890725e+18 3.95629910e+18 3.97355769e+18 3.99066459e+18 4.00760126e+18 4.02434907e+18 4.04088928e+18 4.05720315e+18 4.07327191e+18 4.08907682e+18 4.10459920e+18 4.11982043e+18 4.13472204e+18 4.14928569e+18 4.16349322e+18 4.17732669e+18 4.19076840e+18 4.20380095e+18 4.21640723e+18 4.22857048e+18 4.24027433e+18 4.25150280e+18 4.26224038e+18 4.27247200e+18 4.28218313e+18 4.29135975e+18 4.29998841e+18 4.30805628e+18 4.31555114e+18 4.32246140e+18 4.32877620e+18 4.33448536e+18 4.33957944e+18 4.34404975e+18 4.34788841e+18 4.35108833e+18 4.35364324e+18 4.35554774e+18 4.35679727e+18 4.35738817e+18 4.35731768e+18 4.35658395e+18 4.35518605e+18 4.35312400e+18 4.35039873e+18 4.34701216e+18 4.34296714e+18 4.33826747e+18 4.33291793e+18 4.32692423e+18 4.32029304e+18 4.31303196e+18 4.30514954e+18 4.29665523e+18 4.28755940e+18 4.27787331e+18 4.26760907e+18 4.25677966e+18 4.24539887e+18 4.23348131e+18 4.22104234e+18 4.20809805e+18 4.19466528e+18 4.18076149e+18 4.16640480e+18 4.15161393e+18 4.13640815e+18 4.12080724e+18 4.10483145e+18 4.08850146e+18 4.07183832e+18 4.05486340e+18 4.03759839e+18 4.02006518e+18 4.00228584e+18 3.98428260e+18 3.96607775e+18 3.94769363e+18 3.92915255e+18 3.91047676e+18 3.89168840e+18 3.87280944e+18
3.60909109e+18 3.62597239e+18 3.64301589e+18 3.66020995e+18 3.67754244e+18 3.69500069e+18 3.71257160e+18 3.73024156e+18 3.74799652e+18 3.76582199e+18 3.78370303e+18 3.80162430e+18 3.81957008e+18 3.83752425e+18 3.85547035e+18 3.87339159e+18 3.89127085e+18 3.90909074e+18 3.92683359e+18 3.94448150e+18 3.96201635e+18 3.97941982e+18 3.99667345e+18 4.01375864e+18 4.03065667e+18 4.04734876e+18 4.06381608e+18 4.08003977e+18 4.09600101e+18 4.11168100e+18 4.12706104e+18 4.14212251e+18 4.15684696e+18 4.17121609e+18 4.18521183e+18 4.19881632e+18 4.21201199e+18 4.22478157e+18 4.23710812e+18 4.24897508e+18 4.26036628e+18 4.27126598e+18 4.28165892e+18 4.29153034e+18 4.30086598e+18 4.30965217e+18 4.31787581e+18 4.32552443e+18 4.33258622e+18 4.33905000e+18 4.34490536e+18 4.35014256e+18 4.35475267e+18 4.35872749e+18 4.36205967e+18 4.36474266e+18 4.36677077e+18 4.36813916e+18 4.36884390e+18 4.36888195e+18 4.36825119e+18 4.36695042e+18 4.36497940e+18 4.36233882e+18 4.35903035e+18 4.35505660e+18 4.35042117e+18 4.34512860e+18 4.33918442e+18 4.33259512e+18 4.32536813e+18 4.31751183e+18 4.30903556e+18 4.29994956e+18 4.29026497e+18 4.27999385e+18 4.26914910e+18 4.25774448e+18 4.24579456e+18 4.23331470e+18 4.22032102e+18 4.20683039e+18 4.19286033e+18 4.17842906e+18 4.16355539e+18 4.14825870e+18 4.13255892e+18 4.11647648e+18 4.10003221e+18 4.08324739e+18 4.06614360e+18 4.04874275e+18 4.03106699e+18 4.01313867e+18 3.99498029e+18 3.97661443e+18 3.95806375e+18 3.93935087e+18 3.92049836e+18 3.90152871e+18 3.88246421e+18
3.61229240e+18 3.62927591e+18 3.64642381e+18 3.66372447e+18 3.68116577e+18 3.69873506e+18 3.71641924e+18 3.73420472e+18 3.75207744e+18 3.77002292e+18 3.78802623e+18 3.80607202e+18 3.82414457e+18 3.84222776e+18 3.86030512e+18 3.87835983e+18 3.89637477e+18 3.91433252e+18 3.93221539e+18 3.95000544e+18 3.96768451e+18 3.98523427e+18 4.00263617e+18 4.01987158e+18 4.03692172e+18 4.05376772e+18 4.07039070e+18 4.08677172e+18 4.10289184e+18 4.11873218e+18 4.13427393e+18 4.14949836e+18 4.16438689e+18 4.17892108e+18 4.19308272e+18 4.20685379e+18 4.22021657e+18 4.23315360e+18 4.24564777e+18 4.25768231e+18 4.26924087e+18 4.28030749e+18 4.29086669e+18 4.30090347e+18 4.31040334e+18 4.31935239e+18 4.32773726e+18 4.33554521e+18 4.34276416e+18 4.34938268e+18 4.35539005e+18 4.36077627e+18 4.36553210e+18 4.36964907e+18 4.37311952e+18 4.37593660e+18 4.37809434e+18 4.37958761e+18 4.38041218e+18 4.38056471e+18 4.38004281e+18 4.37884500e+18 4.37697076e+18 4.37442051e+18 4.37119568e+18 4.36729862e+18 4.36273269e+18 4.35750223e+18 4.35161254e+18 4.34506992e+18 4.33788161e+18 4.33005584e+18 4.32160180e+18 4.31252959e+18 4.30285025e+18 4.29257575e+18 4.28171891e+18 4.27029344e+18 4.25831389e+18 4.24579561e+18 4.23275474e+18 4.21920816e+18 4.20517347e+18 4.19066897e+18 4.17571355e+18 4.16032673e+18 4.14452859e+18 4.12833969e+18 4.11178109e+18 4.09487423e+18 4.07764094e+18 4.06010337e+18 4.04228391e+18 4.02420519e+18 4.00589000e+18 3.98736123e+18 3.96864183e+18 3.94975477e+18 3.93072296e+18 3.91156921e+18 3.89231619e+18
3.61544184e+18 3.63252685e+18 3.64977849e+18 3.66718517e+18 3.68473476e+18 3.70241464e+18 3.72021172e+18 3.73811243e+18 3.75610272e+18 3.77416812e+18 3.79229370e+18 3.81046413e+18 3.82866367e+18 3.84687622e+18 3.86508529e+18 3.88327407e+18 3.90142541e+18 3.91952189e+18 3.93754578e+18 3.95547913e+18 3.97330375e+18 3.99100125e+18 4.00855307e+18 4.02594050e+18 4.04314472e+18 4.06014679e+18 4.07692776e+18 4.09346859e+18 4.10975028e+18 4.12575385e+18 4.14146037e+18 4.15685099e+18 4.17190701e+18 4.18660987e+18 4.20094119e+18 4.21488281e+18 4.22841684e+18 4.24152565e+18 4.25419193e+18 4.26639873e+18 4.27812947e+18 4.28936799e+18 4.30009858e+18 4.31030600e+18 4.31997552e+18 4.32909297e+18 4.33764472e+18 4.34561778e+18 4.35299977e+18 4.35977899e+18 4.36594441e+18 4.37148575e+18 4.37639346e+18 4.38065878e+18 4.38427372e+18 4.38723115e+18 4.38952476e+18 4.39114914e+18 4.39209973e+18 4.39237291e+18 4.39196597e+18 4.39087714e+18 4.38910562e+18 4.38665156e+18 4.38351609e+18 4.37970132e+18 4.37521036e+18 4.37004730e+18 4.36421723e+18 4.35772623e+18 4.35058135e+18 4.34279066e+18 4.33436316e+18 4.32530883e+18 4.31563860e+18 4.30536431e+18 4.29449873e+18 4.28305550e+18 4.27104913e+18 4.25849495e+18 4.24540913e+18 4.23180856e+18 4.21771091e+18 4.20313454e+18 4.18809845e+18 4.17262228e+18 4.15672625e+18 4.14043110e+18 4.12375805e+18 4.10672877e+18 4.08936530e+18 4.07169004e+18 4.05372565e+18 4.03549503e+18 4.01702127e+18 3.99832756e+18 3.97943719e+18 3.96037346e+18 3.94115962e+18 3.92181884e+18 3.90237417e+18
3.61853881e+18 3.63572462e+18 3.65307938e+18 3.67059149e+18 3.68824886e+18 3.70603891e+18 3.72394855e+18 3.74196422e+18 3.76007192e+18 3.77825717e+18 3.79650506e+18 3.81480027e+18 3.83312708e+18 3.85146937e+18 3.86981067e+18 3.88813417e+18 3.90642270e+18 3.92465883e+18 3.94282484e+18 3.96090272e+18 3.97887428e+18 3.99672109e+18 4.01442455e+18 4.03196590e+18 4.04932627e+18 4.06648667e+18 4.08342806e+18 4.10013134e+18 4.11657742e+18 4.13274720e+18 4.14862167e+18 4.16418187e+18 4.17940896e+18 4.19428424e+18 4.20878919e+18 4.22290550e+18 4.23661509e+18 4.24990018e+18 4.26274325e+18 4.27512715e+18 4.28703510e+18 4.29845070e+18 4.30935801e+18 4.31974156e+18 4.32958636e+18 4.33887795e+18 4.34760247e+18 4.35574662e+18 4.36329775e+18 4.37024384e+18 4.37657358e+18 4.38227637e+18 4.38734235e+18 4.39176243e+18 4.39552832e+18 4.39863256e+18 4.40106852e+18 4.40283044e+18 4.40391348e+18 4.40431368e+18 4.40402802e+18 4.40305442e+18 4.40139177e+18 4.39903993e+18 4.39599975e+18 4.39227306e+18 4.38786270e+18 4.38277252e+18 4.37700736e+18 4.37057308e+18 4.36347655e+18 4.35572561e+18 4.34732911e+18 4.33829689e+18 4.32863973e+18 4.31836937e+18 4.30749848e+18 4.29604065e+18 4.28401034e+18 4.27142286e+18 4.25829438e+18 4.24464182e+18 4.23048290e+18 4.21583605e+18 4.20072037e+18 4.18515563e+18 4.16916218e+18 4.15276093e+18 4.13597330e+18 4.11882115e+18 4.10132677e+18 4.08351279e+18 4.06540215e+18 4.04701804e+18 4.02838384e+18 4.00952308e+18 3.99045937e+18 3.97121634e+18 3.95181762e+18 3.93228674e+18 3.91264711e+18
3.62158275e+18 3.63886868e+18 3.65632591e+18 3.67394290e+18 3.69170757e+18 3.70960738e+18 3.72762925e+18 3.74575967e+18 3.76398463e+18 3.78228969e+18 3.80065997e+18 3.81908016e+18 3.83753454e+18 3.85600701e+18 3.87448112e+18 3.89294003e+18 3.91136661e+18 3.92974340e+18 3.94805267e+18 3.96627641e+18 3.98439638e+18 4.00239415e+18 4.02025107e+18 4.03794835e+18 4.05546705e+18 4.07278815e+18 4.08989251e+18 4.10676099e+18 4.12337438e+18 4.13971353e+18 4.15575928e+18 4.17149257e+18 4.18689445e+18 4.20194607e+18 4.21662877e+18 4.23092407e+18 4.24481373e+18 4.25827977e+18 4.27130449e+18 4.28387054e+18 4.29596090e+18 4.30755896e+18 4.31864854e+18 4.32921391e+18 4.33923981e+18 4.34871153e+18 4.35761491e+18 4.36593637e+18 4.37366294e+18 4.38078232e+18 4.38728287e+18 4.39315366e+18 4.39838452e+18 4.40296602e+18 4.40688955e+18 4.41014728e+18 4.41273227e+18 4.41463843e+18 4.41586056e+18 4.41639437e+18 4.41623651e+18 4.41538459e+18 4.41383717e+18 4.41159380e+18 4.40865503e+18 4.40502240e+18 4.40069847e+18 4.39568681e+18 4.38999203e+18 4.38361975e+18 4.37657661e+18 4.36887025e+18 4.36050935e+18 4.35150358e+18 4.34186357e+18 4.33160096e+18 4.32072831e+18 4.30925912e+18 4.29720783e+18 4.28458970e+18 4.27142091e+18 4.25771840e+18 4.24349993e+18 4.22878401e+18 4.21358983e+18 4.19793729e+18 4.18184687e+18 4.16533966e+18 4.14843726e+18 4.13116175e+18 4.11353566e+18 4.09558187e+18 4.07732359e+18 4.05878431e+18 4.03998771e+18 4.02095766e+18 4.00171810e+18 3.98229303e+18 3.96270644e+18 3.94298224e+18 3.92314422e+18
3.62457313e+18 3.64195849e+18 3.65951758e+18 3.67723890e+18 3.69511041e+18 3.71311959e+18 3.73125340e+18 3.74949835e+18 3.76784048e+18 3.78626537e+18 3.80475815e+18 3.82330354e+18 3.84188585e+18 3.86048900e+18 3.87909653e+18 3.89769164e+18 3.91625717e+18 3.93477569e+18 3.95322945e+18 3.97160044e+18 3.98987040e+18 4.00802086e+18 4.02603317e+18 4.04388847e+18 4.06156780e+18 4.07905207e+18 4.09632209e+18 4.11335863e+18 4.13014242e+18 4.14665419e+18 4.16287470e+18 4.17878477e+18 4.19436532e+18 4.20959736e+18 4.22446208e+18 4.23894085e+18 4.25301524e+18 4.26666710e+18 4.27987853e+18 4.29263196e+18 4.30491015e+18 4.31669626e+18 4.32797385e+18 4.33872694e+18 4.34894000e+18 4.35859804e+18 4.36768660e+18 4.37619179e+18 4.38410036e+18 4.39139966e+18 4.39807773e+18 4.40412333e+18 4.40952591e+18 4.41427572e+18 4.41836378e+18 4.42178195e+18 4.42452289e+18 4.42658018e+18 4.42794826e+18 4.42862250e+18 4.42859921e+18 4.42787563e+18 4.42645001e+18 4.42432156e+18 4.42149052e+18 4.41795811e+18 4.41372662e+18 4.40879932e+18 4.40318056e+18 4.39687571e+18 4.38989116e+18 4.38223437e+18 4.37391380e+18 4.36493895e+18 4.35532030e+18 4.34506935e+18 4.33419856e+18 4.32272137e+18 4.31065212e+18 4.29800607e+18 4.28479936e+18 4.27104898e+18 4.25677272e+18 4.24198915e+18 4.22671757e+18 4.21097799e+18 4.19479104e+18 4.17817797e+18 4.16116059e+18 4.14376118e+18 4.12600252e+18 4.10790774e+18 4.08950034e+18 4.07080411e+18 4.05184306e+18 4.03264137e+18 4.01322335e+18 3.99361336e+18 3.97383576e+18 3.95391487e+18 3.93387487e+18
3.62750944e+18 3.64499356e+18 3.66265392e+18 3.68047904e+18 3.69845694e+18 3.71657512e+18 3.73482060e+18 3.75317992e+18 3.77163915e+18 3.79018389e+18 3.80879933e+18 3.82747021e+18 3.84618086e+18 3.86491523e+18 3.88365687e+18 3.90238899e+18 3.92109447e+18 3.93975586e+18 3.95835542e+18 3.97687513e+18 3.99529673e+18 4.01360173e+18 4.03177143e+18 4.04978697e+18 4.06762933e+18 4.08527937e+18 4.10271785e+18 4.11992546e+18 4.13688284e+18 4.15357066e+18 4.16996955e+18 4.18606022e+18 4.20182347e+18 4.21724017e+18 4.23229137e+18 4.24695826e+18 4.26122225e+18 4.27506498e+18 4.28846836e+18 4.30141460e+18 4.31388623e+18 4.32586618e+18 4.33733775e+18 4.34828467e+18 4.35869116e+18 4.36854193e+18 4.37782221e+18 4.38651782e+18 4.39461515e+18 4.40210125e+18 4.40896380e+18 4.41519121e+18 4.42077260e+18 4.42569784e+18 4.42995760e+18 4.43354335e+18 4.43644740e+18 4.43866296e+18 4.44018409e+18 4.44100581e+18 4.44112404e+18 4.44053569e+18 4.43923864e+18 4.43723178e+18 4.43451498e+18 4.43108918e+18 4.42695632e+18 4.42211940e+18 4.41658247e+18 4.41035064e+18 4.40343006e+18 4.39582796e+18 4.38755259e+18 4.37861325e+18 4.36902028e+18 4.35878503e+18 4.34791985e+18 4.33643806e+18 4.32435396e+18 4.31168277e+18 4.29844060e+18 4.28464447e+18 4.27031220e+18 4.25546243e+18 4.24011455e+18 4.22428868e+18 4.20800562e+18 4.19128677e+18 4.17415414e+18 4.15663024e+18 4.13873808e+18 4.12050107e+18 4.10194299e+18 4.08308794e+18 4.06396026e+18 4.04458447e+18 4.02498524e+18 4.00518732e+18 3.98521545e+18 3.96509435e+18 3.94484862e+18
3.63039119e+18 3.64797341e+18 3.66573446e+18 3.68366288e+18 3.70174674e+18 3.71997360e+18 3.73833050e+18 3.75680405e+18 3.77538033e+18 3.79404502e+18 3.81278332e+18 3.83158001e+18 3.85041946e+18 3.86928563e+18 3.88816213e+18 3.90703217e+18 3.92587865e+18 3.94468412e+18 3.96343087e+18 3.98210087e+18 4.00067585e+18 4.01913731e+18 4.03746653e+18 4.05564462e+18 4.07365253e+18 4.09147106e+18 4.10908091e+18 4.12646272e+18 4.14359705e+18 4.16046446e+18 4.17704550e+18 4.19332076e+18 4.20927091e+18 4.22487669e+18 4.24011899e+18 4.25497883e+18 4.26943745e+18 4.28347630e+18 4.29707707e+18 4.31022175e+18 4.32289266e+18 4.33507244e+18 4.34674415e+18 4.35789126e+18 4.36849768e+18 4.37854781e+18 4.38802659e+18 4.39691950e+18 4.40521261e+18 4.41289261e+18 4.41994684e+18 4.42636333e+18 4.43213085e+18 4.43723888e+18 4.44167772e+18 4.44543845e+18 4.44851301e+18 4.45089419e+18 4.45257571e+18 4.45355217e+18 4.45381912e+18 4.45337311e+18 4.45221163e+18 4.45033322e+18 4.44773740e+18 4.44442476e+18 4.44039692e+18 4.43565657e+18 4.43020747e+18 4.42405442e+18 4.41720335e+18 4.40966121e+18 4.40143604e+18 4.39253696e+18 4.38297411e+18 4.37275869e+18 4.36190294e+18 4.35042007e+18 4.33832431e+18 4.32563082e+18 4.31235570e+18 4.29851598e+18 4.28412951e+18 4.26921499e+18 4.25379191e+18 4.23788052e+18 4.22150173e+18 4.20467715e+18 4.18742897e+18 4.16977993e+18 4.15175329e+18 4.13337272e+18 4.11466232e+18 4.09564648e+18 4.07634988e+18 4.05679741e+18 4.03701411e+18 4.01702510e+18 3.99685554e+18 3.97653055e+18 3.95607518e+18
3.63321793e+18 3.65089763e+18 3.66875879e+18 3.68679002e+18 3.70497945e+18 3.72331466e+18 3.74178278e+18 3.76037044e+18 3.77906379e+18 3.79784854e+18 3.81670994e+18 3.83563281e+18 3.85460157e+18 3.87360021e+18 3.89261236e+18 3.91162128e+18 3.93060988e+18 3.94956074e+18 3.96845614e+18 3.98727807e+18 4.00600827e+18 4.02462822e+18 4.04311919e+18 4.06146226e+18 4.07963834e+18 4.09762819e+18 4.11541248e+18 4.13297175e+18 4.15028651e+18 4.16733722e+18 4.18410433e+18 4.20056833e+18 4.21670974e+18 4.23250918e+18 4.24794737e+18 4.26300519e+18 4.27766367e+18 4.29190406e+18 4.30570786e+18 4.31905683e+18 4.33193303e+18 4.34431887e+18 4.35619712e+18 4.36755097e+18 4.37836403e+18 4.38862040e+18 4.39830469e+18 4.40740204e+18 4.41589817e+18 4.42377941e+18 4.43103275e+18 4.43764583e+18 4.44360704e+18 4.44890546e+18 4.45353101e+18 4.45747436e+18 4.46072705e+18 4.46328148e+18 4.46513093e+18 4.46626963e+18 4.46669274e+18 4.46639639e+18 4.46537770e+18 4.46363481e+18 4.46116691e+18 4.45797420e+18 4.45405797e+18 4.44942057e+18 4.44406545e+18 4.43799714e+18 4.43122125e+18 4.42374449e+18 4.41557469e+18 4.40672071e+18 4.39719255e+18 4.38700122e+18 4.37615882e+18 4.36467847e+18 4.35257430e+18 4.33986142e+18 4.32655592e+18 4.31267481e+18 4.29823597e+18 4.28325819e+18 4.26776102e+18 4.25176484e+18 4.23529071e+18 4.21836041e+18 4.20099633e+18 4.18322144e+18 4.16505926e+18 4.14653374e+18 4.12766927e+18 4.10849057e+18 4.08902267e+18 4.06929082e+18 4.04932044e+18 4.02913706e+18 4.00876624e+18 3.98823354e+18 3.96756444e+18
3.63598924e+18 3.65376579e+18 3.67172652e+18 3.68986010e+18 3.70815470e+18 3.72659800e+18 3.74517715e+18 3.76387884e+18 3.78268930e+18 3.80159427e+18 3.82057906e+18 3.83962854e+18 3.85872717e+18 3.87785899e+18 3.89700766e+18 3.91615649e+18 3.93528841e+18 3.95438602e+18 3.97343163e+18 3.99240724e+18 4.01129458e+18 4.03007515e+18 4.04873019e+18 4.06724077e+18 4.08558777e+18 4.10375192e+18 4.12171382e+18 4.13945396e+18 4.15695277e+18 4.17419063e+18 4.19114789e+18 4.20780492e+18 4.22414213e+18 4.24013998e+18 4.25577905e+18 4.27104003e+18 4.28590379e+18 4.30035137e+18 4.31436404e+18 4.32792334e+18 4.34101108e+18 4.35360940e+18 4.36570081e+18 4.37726818e+18 4.38829483e+18 4.39876454e+18 4.40866158e+18 4.41797073e+18 4.42667737e+18 4.43476745e+18 4.44222757e+18 4.44904500e+18 4.45520769e+18 4.46070437e+18 4.46552449e+18 4.46965834e+18 4.47309704e+18 4.47583255e+18 4.47785774e+18 4.47916642e+18 4.47975333e+18 4.47961419e+18 4.47874572e+18 4.47714567e+18 4.47481281e+18 4.47174700e+18 4.46794916e+18 4.46342129e+18 4.45816650e+18 4.45218902e+18 4.44549416e+18 4.43808837e+18 4.42997921e+18 4.42117535e+18 4.41168655e+18 4.40152368e+18 4.39069866e+18 4.37922451e+18 4.36711527e+18 4.35438598e+18 4.34105270e+18 4.32713243e+18 4.31264311e+18 4.29760354e+18 4.28203340e+18 4.26595316e+18 4.24938404e+18 4.23234800e+18 4.21486763e+18 4.19696614e+18 4.17866729e+18 4.15999533e+18 4.14097496e+18 4.12163123e+18 4.10198952e+18 4.08207547e+18 4.06191488e+18 4.04153369e+18 4.02095790e+18 4.00021350e+18 3.97932643e+18
3.63870473e+18 3.65657752e+18 3.67463729e+18 3.69287277e+18 3.71127221e+18 3.72982333e+18 3.74851336e+18 3.76732905e+18 3.78625669e+18 3.80528208e+18 3.82439060e+18 3.84356716e+18 3.86279628e+18 3.88206205e+18 3.90134818e+18 3.92063801e+18 3.93991452e+18 3.95916034e+18 3.97835779e+18 3.99748890e+18 4.01653542e+18 4.03547883e+18 4.05430038e+18 4.07298112e+18 4.09150192e+18 4.10984344e+18 4.12798626e+18 4.14591081e+18 4.16359744e+18 4.18102645e+18 4.19817810e+18 4.21503263e+18 4.23157033e+18 4.24777153e+18 4.26361663e+18 4.27908617e+18 4.29416082e+18 4.30882141e+18 4.32304900e+18 4.33682488e+18 4.35013062e+18 4.36294807e+18 4.37525946e+18 4.38704738e+18 4.39829480e+18 4.40898519e+18 4.41910244e+18 4.42863102e+18 4.43755589e+18 4.44586264e+18 4.45353747e+18 4.46056723e+18 4.46693947e+18 4.47264249e+18 4.47766531e+18 4.48199779e+18 4.48563060e+18 4.48855528e+18 4.49076426e+18 4.49225089e+18 4.49300948e+18 4.49303533e+18 4.49232474e+18 4.49087503e+18 4.48868458e+18 4.48575284e+18 4.48208035e+18 4.47766876e+18 4.47252084e+18 4.46664046e+18 4.46003265e+18 4.45270356e+18 4.44466049e+18 4.43591186e+18 4.42646723e+18 4.41633728e+18 4.40553378e+18 4.39406960e+18 4.38195869e+18 4.36921603e+18 4.35585764e+18 4.34190050e+18 4.32736257e+18 4.31226273e+18 4.29662073e+18 4.28045716e+18 4.26379339e+18 4.24665155e+18 4.22905444e+18 4.21102552e+18 4.19258881e+18 4.17376885e+18 4.15459065e+18 4.13507962e+18 4.11526149e+18 4.09516228e+18 4.07480821e+18 4.05422565e+18 4.03344101e+18 4.01248077e+18 3.99137131e+18
3.64136404e+18 3.65933248e+18 3.67749077e+18 3.69582774e+18 3.71433168e+18 3.73299040e+18 3.75179119e+18 3.77072088e+18 3.78976582e+18 3.80891188e+18 3.82814451e+18 3.84744868e+18 3.86680896e+18 3.88620952e+18 3.90563411e+18 3.92506611e+18 3.94448855e+18 3.96388410e+18 3.98323512e+18 4.00252366e+18 4.02173147e+18 4.04084005e+18 4.05983067e+18 4.07868434e+18 4.09738191e+18 4.11590403e+18 4.13423122e+18 4.15234385e+18 4.17022222e+18 4.18784654e+18 4.20519695e+18 4.22225362e+18 4.23899668e+18 4.25540633e+18 4.27146282e+18 4.28714649e+18 4.30243783e+18 4.31731746e+18 4.33176622e+18 4.34576515e+18 4.35929555e+18 4.37233901e+18 4.38487745e+18 4.39689314e+18 4.40836875e+18 4.41928738e+18 4.42963258e+18 4.43938843e+18 4.44853951e+18 4.45707101e+18 4.46496871e+18 4.47221905e+18 4.47880915e+18 4.48472685e+18 4.48996075e+18 4.49450023e+18 4.49833552e+18 4.50145769e+18 4.50385872e+18 4.50553151e+18 4.50646991e+18 4.50666876e+18 4.50612392e+18 4.50483228e+18 4.50279179e+18 4.50000150e+18 4.49646155e+18 4.49217319e+18 4.48713883e+18 4.48136201e+18 4.47484742e+18 4.46760091e+18 4.45962951e+18 4.45094137e+18 4.44154584e+18 4.43145339e+18 4.42067563e+18 4.40922529e+18 4.39711621e+18 4.38436328e+18 4.37098248e+18 4.35699080e+18 4.34240619e+18 4.32724759e+18 4.31153484e+18 4.29528865e+18 4.27853054e+18 4.26128281e+18 4.24356848e+18 4.22541126e+18 4.20683541e+18 4.18786581e+18 4.16852777e+18 4.14884704e+18 4.12884976e+18 4.10856232e+18 4.08801137e+18 4.06722370e+18 4.04622620e+18 4.02504580e+18 4.00370936e+18
3.64396681e+18 3.66203033e+18 3.68028668e+18 3.69872474e+18 3.71733288e+18 3.73609900e+18 3.75501047e+18 3.77405419e+18 3.79321659e+18 3.81248362e+18 3.83184078e+18 3.85127313e+18 3.87076532e+18 3.89030155e+18 3.90986566e+18 3.92944108e+18 3.94901088e+18 3.96855778e+18 3.98806418e+18 4.00751215e+18 4.02688348e+18 4.04615968e+18 4.06532200e+18 4.08435148e+18 4.10322894e+18 4.12193500e+18 4.14045014e+18 4.15875469e+18 4.17682886e+18 4.19465278e+18 4.21220652e+18 4.22947012e+18 4.24642359e+18 4.26304697e+18 4.27932036e+18 4.29522393e+18 4.31073797e+18 4.32584288e+18 4.34051926e+18 4.35474791e+18 4.36850987e+18 4.38178643e+18 4.39455920e+18 4.40681015e+18 4.41852160e+18 4.42967628e+18 4.44025739e+18 4.45024860e+18 4.45963412e+18 4.46839869e+18 4.47652769e+18 4.48400711e+18 4.49082361e+18 4.49696459e+18 4.50241817e+18 4.50717328e+18 4.51121965e+18 4.51454789e+18 4.51714950e+18 4.51901689e+18 4.52014344e+18 4.52052353e+18 4.52015255e+18 4.51902693e+18 4.51714419e+18 4.51450293e+18 4.51110287e+18 4.50694489e+18 4.50203099e+18 4.49636434e+18 4.48994931e+18 4.48279142e+18 4.47489741e+18 4.46627516e+18 4.45693378e+18 4.44688353e+18 4.43613583e+18 4.42470328e+18 4.41259958e+18 4.39983955e+18 4.38643912e+18 4.37241523e+18 4.35778590e+18 4.34257008e+18 4.32678770e+18 4.31045958e+18 4.29360741e+18 4.27625367e+18 4.25842159e+18 4.24013510e+18 4.22141880e+18 4.20229781e+18 4.18279781e+18 4.16294491e+18 4.14276562e+18 4.12228675e+18 4.10153537e+18 4.08053872e+18 4.05932418e+18 4.03791914e+18 4.01635097e+18
3.64651275e+18 3.66467081e+18 3.68302474e+18 3.70156351e+18 3.72027559e+18 3.73914895e+18 3.75817105e+18 3.77732887e+18 3.79660893e+18 3.81599726e+18 3.83547944e+18 3.85504061e+18 3.87466549e+18 3.89433837e+18 3.91404313e+18 3.93376328e+18 3.95348194e+18 3.97318189e+18 3.99284556e+18 4.01245508e+18 4.03199225e+18 4.05143860e+18 4.07077541e+18 4.08998369e+18 4.10904427e+18 4.12793775e+18 4.14664455e+18 4.16514497e+18 4.18341916e+18 4.20144715e+18 4.21920894e+18 4.23668442e+18 4.25385351e+18 4.27069610e+18 4.28719211e+18 4.30332154e+18 4.31906447e+18 4.33440109e+18 4.34931177e+18 4.36377703e+18 4.37777765e+18 4.39129463e+18 4.40430926e+18 4.41680317e+18 4.42875833e+18 4.44015712e+18 4.45098234e+18 4.46121726e+18 4.47084567e+18 4.47985190e+18 4.48822087e+18 4.49593811e+18 4.50298982e+18 4.50936293e+18 4.51504506e+18 4.52002467e+18 4.52429098e+18 4.52783411e+18 4.53064505e+18 4.53271573e+18 4.53403903e+18 4.53460882e+18 4.53442003e+18 4.53346860e+18 4.53175159e+18 4.52926715e+18 4.52601456e+18 4.52199428e+18 4.51720791e+18 4.51165824e+18 4.50534927e+18 4.49828619e+18 4.49047543e+18 4.48192460e+18 4.47264254e+18 4.46263929e+18 4.45192609e+18 4.44051536e+18 4.42842068e+18 4.41565678e+18 4.40223952e+18 4.38818585e+18 4.37351375e+18 4.35824225e+18 4.34239136e+18 4.32598201e+18 4.30903604e+18 4.29157611e+18 4.27362569e+18 4.25520895e+18 4.23635076e+18 4.21707657e+18 4.19741240e+18 4.17738473e+18 4.15702046e+18 4.13634682e+18 4.11539133e+18 4.09418170e+18 4.07274577e+18 4.05111144e+18 4.02930660e+18
3.64900157e+18 3.66725364e+18 3.68570471e+18 3.70434385e+18 3.72315963e+18 3.74214009e+18 3.76127281e+18 3.78054485e+18 3.79994281e+18 3.81945282e+18 3.83906056e+18 3.85875124e+18 3.87850967e+18 3.89832021e+18 3.91816682e+18 3.93803309e+18 3.95790219e+18 3.97775697e+18 3.99757991e+18 4.01735317e+18 4.03705860e+18 4.05667776e+18 4.07619193e+18 4.09558215e+18 4.11482921e+18 4.13391370e+18 4.15281603e+18 4.17151643e+18 4.18999499e+18 4.20823168e+18 4.22620637e+18 4.24389889e+18 4.26128899e+18 4.27835643e+18 4.29508096e+18 4.31144240e+18 4.32742062e+18 4.34299560e+18 4.35814744e+18 4.37285644e+18 4.38710304e+18 4.40086798e+18 4.41413221e+18 4.42687702e+18 4.43908402e+18 4.45073521e+18 4.46181298e+18 4.47230021e+18 4.48218023e+18 4.49143695e+18 4.50005480e+18 4.50801886e+18 4.51531485e+18 4.52192918e+18 4.52784900e+18 4.53306222e+18 4.53755758e+18 4.54132466e+18 4.54435394e+18 4.54663683e+18 4.54816569e+18 4.54893389e+18 4.54893584e+18 4.54816699e+18 4.54662391e+18 4.54430429e+18 4.54120694e+18 4.53733188e+18 4.53268029e+18 4.52725457e+18 4.52105833e+18 4.51409641e+18 4.50637492e+18 4.49790117e+18 4.48868372e+18 4.47873239e+18 4.46805821e+18 4.45667342e+18 4.44459147e+18 4.43182700e+18 4.41839579e+18 4.40431475e+18 4.38960189e+18 4.37427627e+18 4.35835798e+18 4.34186807e+18 4.32482853e+18 4.30726222e+18 4.28919281e+18 4.27064476e+18 4.25164319e+18 4.23221390e+18 4.21238325e+18 4.19217809e+18 4.17162575e+18 4.15075388e+18 4.12959046e+18 4.10816367e+18 4.08650185e+18 4.06463343e+18 4.04258681e+18
3.65143303e+18 3.66977859e+18 3.68832638e+18 3.70706558e+18 3.72598484e+18 3.74507232e+18 3.76431567e+18 3.78370208e+18 3.80321823e+18 3.82285037e+18 3.84258424e+18 3.86240518e+18 3.88229807e+18 3.90224736e+18 3.92223710e+18 3.94225094e+18 3.96227215e+18 3.98228363e+18 4.00226792e+18 4.02220723e+18 4.04208345e+18 4.06187817e+18 4.08157270e+18 4.10114808e+18 4.12058510e+18 4.13986435e+18 4.15896620e+18 4.17787083e+18 4.19655827e+18 4.21500843e+18 4.23320108e+18 4.25111593e+18 4.26873261e+18 4.28603073e+18 4.30298988e+18 4.31958967e+18 4.33580978e+18 4.35162996e+18 4.36703007e+18 4.38199010e+18 4.39649026e+18 4.41051092e+18 4.42403273e+18 4.43703661e+18 4.44950381e+18 4.46141592e+18 4.47275495e+18 4.48350331e+18 4.49364392e+18 4.50316019e+18 4.51203611e+18 4.52025625e+18 4.52780582e+18 4.53467073e+18 4.54083760e+18 4.54629381e+18 4.55102757e+18 4.55502792e+18 4.55828480e+18 4.56078906e+18 4.56253254e+18 4.56350808e+18 4.56370955e+18 4.56313189e+18 4.56177116e+18 4.55962456e+18 4.55669042e+18 4.55296829e+18 4.54845892e+18 4.54316428e+18 4.53708760e+18 4.53023335e+18 4.52260728e+18 4.51421640e+18 4.50506899e+18 4.49517460e+18 4.48454406e+18 4.47318943e+18 4.46112400e+18 4.44836231e+18 4.43492006e+18 4.42081413e+18 4.40606252e+18 4.39068436e+18 4.37469978e+18 4.35812998e+18 4.34099708e+18 4.32332414e+18 4.30513506e+18 4.28645454e+18 4.26730804e+18 4.24772165e+18 4.22772210e+18 4.20733666e+18 4.18659303e+18 4.16551933e+18 4.14414401e+18 4.12249574e+18 4.10060338e+18 4.07849587e+18 4.05620218e+18
3.65380688e+18 3.67224545e+18 3.69088958e+18 3.70972855e+18 3.72875111e+18 3.74794553e+18 3.76729959e+18 3.78680055e+18 3.80643524e+18 3.82618997e+18 3.84605063e+18 3.86600262e+18 3.88603094e+18 3.90612014e+18 3.92625435e+18 3.94641731e+18 3.96659237e+18 3.98676250e+18 4.00691031e+18 4.02701806e+18 4.04706769e+18 4.06704085e+18 4.08691884e+18 4.10668275e+18 4.12631335e+18 4.14579123e+18 4.16509673e+18 4.18420999e+18 4.20311098e+18 4.22177954e+18 4.24019536e+18 4.25833801e+18 4.27618702e+18 4.29372182e+18 4.31092186e+18 4.32776655e+18 4.34423536e+18 4.36030779e+18 4.37596345e+18 4.39118208e+18 4.40594354e+18 4.42022793e+18 4.43401552e+18 4.44728689e+18 4.46002289e+18 4.47220470e+18 4.48381391e+18 4.49483250e+18 4.50524290e+18 4.51502807e+18 4.52417148e+18 4.53265720e+18 4.54046992e+18 4.54759502e+18 4.55401856e+18 4.55972740e+18 4.56470916e+18 4.56895233e+18 4.57244629e+18 4.57518134e+18 4.57714874e+18 4.57834078e+18 4.57875077e+18 4.57837313e+18 4.57720339e+18 4.57523820e+18 4.57247544e+18 4.56891415e+18 4.56455462e+18 4.55939839e+18 4.55344826e+18 4.54670833e+18 4.53918398e+18 4.53088189e+18 4.52181005e+18 4.51197775e+18 4.50139558e+18 4.49007539e+18 4.47803036e+18 4.46527486e+18 4.45182453e+18 4.43769622e+18 4.42290792e+18 4.40747878e+18 4.39142903e+18 4.37477998e+18 4.35755390e+18 4.33977404e+18 4.32146455e+18 4.30265038e+18 4.28335729e+18 4.26361173e+18 4.24344078e+18 4.22287210e+18 4.20193385e+18 4.18065460e+18 4.15906327e+18 4.13718905e+18 4.11506132e+18 4.09270958e+18 4.07016335e+18
3.65612295e+18 3.67465406e+18 3.69339416e+18 3.71233263e+18 3.73145834e+18 3.75075968e+18 3.77022454e+18 3.78984030e+18 3.80959389e+18 3.82947176e+18 3.84945988e+18 3.86954379e+18 3.88970859e+18 3.90993891e+18 3.93021901e+18 3.95053271e+18 3.97086344e+18 3.99119426e+18 4.01150785e+18 4.03178654e+18 4.05201232e+18 4.07216688e+18 4.09223157e+18 4.11218748e+18 4.13201540e+18 4.15169591e+18 4.17120933e+18 4.19053576e+18 4.20965513e+18 4.22854718e+18 4.24719152e+18 4.26556763e+18 4.28365488e+18 4.30143257e+18 4.31887997e+18 4.33597629e+18 4.35270079e+18 4.36903273e+18 4.38495147e+18 4.40043644e+18 4.41546721e+18 4.43002354e+18 4.44408536e+18 4.45763285e+18 4.47064649e+18 4.48310702e+18 4.49499560e+18 4.50629374e+18 4.51698341e+18 4.52704705e+18 4.53646763e+18 4.54522869e+18 4.55331439e+18 4.56070953e+18 4.56739963e+18 4.57337095e+18 4.57861057e+18 4.58310638e+18 4.58684716e+18 4.58982263e+18 4.59202348e+18 4.59344141e+18 4.59406916e+18 4.59390059e+18 4.59293067e+18 4.59115553e+18 4.58857250e+18 4.58518014e+18 4.58097825e+18 4.57596792e+18 4.57015151e+18 4.56353270e+18 4.55611652e+18 4.54790928e+18 4.53891867e+18 4.52915370e+18 4.51862471e+18 4.50734336e+18 4.49532264e+18 4.48257682e+18 4.46912144e+18 4.45497328e+18 4.44015035e+18 4.42467183e+18 4.40855802e+18 4.39183034e+18 4.37451124e+18 4.35662414e+18 4.33819344e+18 4.31924436e+18 4.29980296e+18 4.27989605e+18 4.25955109e+18 4.23879614e+18 4.21765981e+18 4.19617115e+18 4.17435956e+18 4.15225476e+18 4.12988668e+18 4.10728537e+18 4.08448095e+18
3.65838104e+18 3.67700426e+18 3.69583999e+18 3.71487773e+18 3.73410648e+18 3.75351475e+18 3.77309054e+18 3.79282137e+18 3.81269429e+18 3.83269587e+18 3.85281221e+18 3.87302896e+18 3.89333132e+18 3.91370407e+18 3.93413154e+18 3.95459766e+18 3.97508597e+18 3.99557961e+18 4.01606134e+18 4.03651356e+18 4.05691833e+18 4.07725738e+18 4.09751210e+18 4.11766361e+18 4.13769273e+18 4.15758001e+18 4.17730575e+18 4.19685005e+18 4.21619275e+18 4.23531355e+18 4.25419195e+18 4.27280733e+18 4.29113892e+18 4.30916588e+18 4.32686729e+18 4.34422218e+18 4.36120957e+18 4.37780849e+18 4.39399802e+18 4.40975731e+18 4.42506561e+18 4.43990232e+18 4.45424703e+18 4.46807954e+18 4.48137988e+18 4.49412839e+18 4.50630576e+18 4.51789304e+18 4.52887168e+18 4.53922362e+18 4.54893131e+18 4.55797772e+18 4.56634646e+18 4.57402176e+18 4.58098855e+18 4.58723249e+18 4.59274006e+18 4.59749855e+18 4.60149613e+18 4.60472191e+18 4.60716598e+18 4.60881941e+18 4.60967439e+18 4.60972415e+18 4.60896311e+18 4.60738683e+18 4.60499210e+18 4.60177695e+18 4.59774069e+18 4.59288391e+18 4.58720854e+18 4.58071782e+18 4.57341638e+18 4.56531019e+18 4.55640659e+18 4.54671430e+18 4.53624341e+18 4.52500537e+18 4.51301298e+18 4.50028037e+18 4.48682299e+18 4.47265757e+18 4.45780210e+18 4.44227579e+18 4.42609904e+18 4.40929335e+18 4.39188134e+18 4.37388664e+18 4.35533387e+18 4.33624855e+18 4.31665705e+18 4.29658653e+18 4.27606484e+18 4.25512048e+18 4.23378249e+18 4.21208041e+18 4.19004417e+18 4.16770401e+18 4.14509043e+18 4.12223407e+18 4.09916564e+18
3.66058102e+18 3.67929593e+18 3.69822698e+18 3.71736378e+18 3.73669549e+18 3.75621072e+18 3.77589762e+18 3.79574385e+18 3.81573657e+18 3.83586249e+18 3.85610785e+18 3.87645841e+18 3.89689951e+18 3.91741603e+18 3.93799243e+18 3.95861275e+18 3.97926063e+18 3.99991930e+18 4.02057162e+18 4.04120006e+18 4.06178676e+18 4.08231349e+18 4.10276170e+18 4.12311254e+18 4.14334684e+18 4.16344516e+18 4.18338779e+18 4.20315478e+18 4.22272594e+18 4.24208089e+18 4.26119906e+18 4.28005968e+18 4.29864190e+18 4.31692468e+18 4.33488695e+18 4.35250753e+18 4.36976521e+18 4.38663878e+18 4.40310704e+18 4.41914883e+18 4.43474309e+18 4.44986886e+18 4.46450537e+18 4.47863198e+18 4.49222834e+18 4.50527434e+18 4.51775017e+18 4.52963640e+18 4.54091398e+18 4.55156431e+18 4.56156928e+18 4.57091131e+18 4.57957342e+18 4.58753923e+18 4.59479309e+18 4.60132003e+18 4.60710590e+18 4.61213736e+18 4.61640196e+18 4.61988818e+18 4.62258545e+18 4.62448425e+18 4.62557612e+18 4.62585370e+18 4.62531080e+18 4.62394240e+18 4.62174473e+18 4.61871527e+18 4.61485279e+18 4.61015740e+18 4.60463055e+18 4.59827503e+18 4.59109507e+18 4.58309624e+18 4.57428555e+18 4.56467140e+18 4.55426363e+18 4.54307344e+18 4.53111346e+18 4.51839765e+18 4.50494138e+18 4.49076131e+18 4.47587542e+18 4.46030294e+18 4.44406433e+18 4.42718123e+18 4.40967641e+18 4.39157370e+18 4.37289797e+18 4.35367501e+18 4.33393154e+18 4.31369506e+18 4.29299383e+18 4.27185677e+18 4.25031342e+18 4.22839380e+18 4.20612837e+18 4.18354792e+18 4.16068354e+18 4.13756645e+18 4.11422800e+18
3.66272275e+18 3.68152897e+18 3.70055505e+18 3.71979075e+18 3.73922535e+18 3.75884763e+18 3.77864586e+18 3.79860784e+18 3.81872089e+18 3.83897184e+18 3.85934706e+18 3.87983247e+18 3.90041353e+18 3.92107525e+18 3.94180221e+18 3.96257858e+18 3.98338810e+18 4.00421411e+18 4.02503955e+18 4.04584701e+18 4.06661867e+18 4.08733639e+18 4.10798167e+18 4.12853567e+18 4.14897928e+18 4.16929304e+18 4.18945724e+18 4.20945191e+18 4.22925680e+18 4.24885147e+18 4.26821525e+18 4.28732729e+18 4.30616657e+18 4.32471193e+18 4.34294209e+18 4.36083567e+18 4.37837125e+18 4.39552734e+18 4.41228246e+18 4.42861516e+18 4.44450403e+18 4.45992777e+18 4.47486518e+18 4.48929526e+18 4.50319719e+18 4.51655040e+18 4.52933460e+18 4.54152985e+18 4.55311658e+18 4.56407563e+18 4.57438831e+18 4.58403647e+18 4.59300251e+18 4.60126946e+18 4.60882100e+18 4.61564156e+18 4.62171632e+18 4.62703130e+18 4.63157338e+18 4.63533038e+18 4.63829109e+18 4.64044533e+18 4.64178399e+18 4.64229909e+18 4.64198381e+18 4.64083252e+18 4.63884086e+18 4.63600574e+18 4.63232539e+18 4.62779939e+18 4.62242869e+18 4.61621564e+18 4.60916400e+18 4.60127898e+18 4.59256722e+18 4.58303679e+18 4.57269724e+18 4.56155955e+18 4.54963611e+18 4.53694078e+18 4.52348877e+18 4.50929670e+18 4.49438251e+18 4.47876548e+18 4.46246612e+18 4.44550619e+18 4.42790861e+18 4.40969745e+18 4.39089779e+18 4.37153574e+18 4.35163833e+18 4.33123345e+18 4.31034977e+18 4.28901665e+18 4.26726411e+18 4.24512268e+18 4.22262337e+18 4.19979756e+18 4.17667690e+18 4.15329326e+18 4.12967860e+18
3.66480616e+18 3.68370331e+18 3.70282415e+18 3.72215861e+18 3.74169609e+18 3.76142553e+18 3.78133534e+18 3.80141349e+18 3.82164742e+18 3.84202413e+18 3.86253013e+18 3.88315149e+18 3.90387379e+18 3.92468220e+18 3.94556143e+18 3.96649577e+18 3.98746908e+18 4.00846482e+18 4.02946603e+18 4.05045539e+18 4.07141516e+18 4.09232728e+18 4.11317330e+18 4.13393444e+18 4.15459160e+18 4.17512534e+18 4.19551594e+18 4.21574341e+18 4.23578746e+18 4.25562757e+18 4.27524299e+18 4.29461277e+18 4.31371574e+18 4.33253058e+18 4.35103585e+18 4.36920995e+18 4.38703121e+18 4.40447790e+18 4.42152824e+18 4.43816047e+18 4.45435283e+18 4.47008364e+18 4.48533132e+18 4.50007443e+18 4.51429170e+18 4.52796209e+18 4.54106482e+18 4.55357941e+18 4.56548573e+18 4.57676406e+18 4.58739514e+18 4.59736018e+18 4.60664098e+18 4.61521992e+18 4.62308003e+18 4.63020506e+18 4.63657955e+18 4.64218881e+18 4.64701906e+18 4.65105744e+18 4.65429204e+18 4.65671202e+18 4.65830760e+18 4.65907013e+18 4.65899215e+18 4.65806739e+18 4.65629089e+18 4.65365895e+18 4.65016924e+18 4.64582079e+18 4.64061405e+18 4.63455087e+18 4.62763457e+18 4.61986994e+18 4.61126323e+18 4.60182219e+18 4.59155606e+18 4.58047557e+18 4.56859292e+18 4.55592176e+18 4.54247722e+18 4.52827582e+18 4.51333549e+18 4.49767552e+18 4.48131650e+18 4.46428031e+18 4.44659002e+18 4.42826991e+18 4.40934531e+18 4.38984264e+18 4.36978927e+18 4.34921346e+18 4.32814430e+18 4.30661164e+18 4.28464595e+18 4.26227833e+18 4.23954033e+18 4.21646390e+18 4.19308134e+18 4.16942513e+18 4.14552792e+18
3.66683115e+18 3.68581889e+18 3.70503427e+18 3.72446737e+18 3.74410775e+18 3.76394450e+18 3.78396620e+18 3.80416095e+18 3.82451638e+18 3.84501963e+18 3.86565738e+18 3.88641583e+18 3.90728074e+18 3.92823740e+18 3.94927067e+18 3.97036498e+18 3.99150432e+18 4.01267226e+18 4.03385197e+18 4.05502620e+18 4.07617734e+18 4.09728738e+18 4.11833795e+18 4.13931031e+18 4.16018538e+18 4.18094377e+18 4.20156574e+18 4.22203127e+18 4.24232005e+18 4.26241148e+18 4.28228473e+18 4.30191872e+18 4.32129218e+18 4.34038362e+18 4.35917140e+18 4.37763371e+18 4.39574865e+18 4.41349422e+18 4.43084834e+18 4.44778891e+18 4.46429384e+18 4.48034106e+18 4.49590858e+18 4.51097452e+18 4.52551715e+18 4.53951493e+18 4.55294657e+18 4.56579103e+18 4.57802764e+18 4.58963608e+18 4.60059647e+18 4.61088940e+18 4.62049602e+18 4.62939804e+18 4.63757783e+18 4.64501845e+18 4.65170373e+18 4.65761830e+18 4.66274765e+18 4.66707822e+18 4.67059740e+18 4.67329364e+18 4.67515647e+18 4.67617655e+18 4.67634575e+18 4.67565715e+18 4.67410513e+18 4.67168539e+18 4.66839501e+18 4.66423246e+18 4.65919762e+18 4.65329186e+18 4.64651804e+18 4.63888049e+18 4.63038508e+18 4.62103921e+18 4.61085180e+18 4.59983331e+18 4.58799572e+18 4.57535251e+18 4.56191868e+18 4.54771066e+18 4.53274637e+18 4.51704510e+18 4.50062751e+18 4.48351559e+18 4.46573260e+18 4.44730300e+18 4.42825240e+18 4.40860752e+18 4.38839607e+18 4.36764671e+18 4.34638897e+18 4.32465315e+18 4.30247026e+18 4.27987191e+18 4.25689025e+18 4.23355783e+18 4.20990758e+18 4.18597264e+18 4.16178632e+18
3.66879768e+18 3.68787569e+18 3.70718541e+18 3.72671707e+18 3.74646040e+18 3.76640464e+18 3.78653856e+18 3.80685042e+18 3.82732801e+18 3.84795864e+18 3.86872914e+18 3.88962590e+18 3.91063482e+18 3.93174136e+18 3.95293053e+18 3.97418689e+18 3.99549457e+18 4.01683727e+18 4.03819829e+18 4.05956049e+18 4.08090634e+18 4.10221793e+18 4.12347696e+18 4.14466473e+18 4.16576223e+18 4.18675006e+18 4.20760850e+18 4.22831750e+18 4.24885672e+18 4.26920550e+18 4.28934292e+18 4.30924779e+18 4.32889871e+18 4.34827401e+18 4.36735188e+18 4.38611030e+18 4.40452710e+18 4.42258001e+18 4.44024666e+18 4.45750462e+18 4.47433142e+18 4.49070460e+18 4.50660175e+18 4.52200055e+18 4.53687878e+18 4.55121439e+18 4.56498555e+18 4.57817067e+18 4.59074849e+18 4.60269809e+18 4.61399895e+18 4.62463101e+18 4.63457475e+18 4.64381120e+18 4.65232202e+18 4.66008958e+18 4.66709696e+18 4.67332807e+18 4.67876768e+18 4.68340149e+18 4.68721615e+18 4.69019940e+18 4.69234002e+18 4.69362798e+18 4.69405444e+18 4.69361181e+18 4.69229380e+18 4.69009547e+18 4.68701328e+18 4.68304510e+18 4.67819027e+18 4.67244964e+18 4.66582556e+18 4.65832191e+18 4.64994416e+18 4.64069934e+18 4.63059603e+18 4.61964441e+18 4.60785624e+18 4.59524481e+18 4.58182496e+18 4.56761308e+18 4.55262701e+18 4.53688608e+18 4.52041100e+18 4.50322389e+18 4.48534816e+18 4.46680850e+18 4.44763078e+18 4.42784203e+18 4.40747032e+18 4.38654471e+18 4.36509517e+18 4.34315249e+18 4.32074820e+18 4.29791447e+18 4.27468404e+18 4.25109009e+18 4.22716620e+18 4.20294619e+18 4.17846407e+18
3.67070571e+18 3.68987372e+18 3.70927760e+18 3.72890776e+18 3.74875412e+18 3.76880609e+18 3.78905260e+18 3.80948210e+18 3.83008255e+18 3.85084144e+18 3.87174578e+18 3.89278212e+18 3.91393653e+18 3.93519464e+18 3.95654162e+18 3.97796218e+18 3.99944060e+18 4.02096072e+18 4.04250595e+18 4.06405929e+18 4.08560331e+18 4.10712018e+18 4.12859168e+18 4.14999920e+18 4.17132373e+18 4.19254593e+18 4.21364607e+18 4.23460409e+18 4.25539961e+18 4.27601192e+18 4.29642001e+18 4.31660258e+18 4.33653809e+18 4.35620471e+18 4.37558044e+18 4.39464302e+18 4.41337006e+18 4.43173899e+18 4.44972713e+18 4.46731170e+18 4.48446988e+18 4.50117879e+18 4.51741559e+18 4.53315748e+18 4.54838176e+18 4.56306586e+18 4.57718739e+18 4.59072420e+18 4.60365440e+18 4.61595644e+18 4.62760916e+18 4.63859183e+18 4.64888423e+18 4.65846668e+18 4.66732013e+18 4.67542619e+18 4.68276721e+18 4.68932634e+18 4.69508760e+18 4.70003591e+18 4.70415718e+18 4.70743838e+18 4.70986755e+18 4.71143392e+18 4.71212793e+18 4.71194126e+18 4.71086696e+18 4.70889942e+18 4.70603444e+18 4.70226929e+18 4.69760274e+18 4.69203507e+18 4.68556812e+18 4.67820532e+18 4.66995170e+18 4.66081390e+18 4.65080016e+18 4.63992037e+18 4.62818603e+18 4.61561025e+18 4.60220773e+18 4.58799475e+18 4.57298911e+18 4.55721015e+18 4.54067867e+18 4.52341687e+18 4.50544835e+18 4.48679801e+18 4.46749200e+18 4.44755766e+18 4.42702342e+18 4.40591876e+18 4.38427411e+18 4.36212075e+18 4.33949075e+18 4.31641686e+18 4.29293243e+18 4.26907127e+18 4.24486764e+18 4.22035606e+18 4.19557125e+18
3.67255525e+18 3.69181297e+18 3.71131087e+18 3.73103952e+18 3.75098903e+18 3.77114898e+18 3.79150850e+18 3.81205621e+18 3.83278028e+18 3.85366836e+18 3.87470767e+18 3.89588491e+18 3.91718636e+18 3.93859780e+18 3.96010458e+18 3.98169156e+18 4.00334320e+18 4.02504346e+18 4.04677591e+18 4.06852365e+18 4.09026939e+18 4.11199538e+18 4.13368349e+18 4.15531518e+18 4.17687149e+18 4.19833310e+18 4.21968031e+18 4.24089304e+18 4.26195087e+18 4.28283304e+18 4.30351845e+18 4.32398570e+18 4.34421309e+18 4.36417865e+18 4.38386017e+18 4.40323518e+18 4.42228101e+18 4.44097482e+18 4.45929360e+18 4.47721423e+18 4.49471349e+18 4.51176810e+18 4.52835477e+18 4.54445022e+18 4.56003123e+18 4.57507471e+18 4.58955769e+18 4.60345741e+18 4.61675137e+18 4.62941737e+18 4.64143358e+18 4.65277857e+18 4.66343140e+18 4.67337167e+18 4.68257956e+18 4.69103593e+18 4.69872235e+18 4.70562121e+18 4.71171571e+18 4.71699001e+18 4.72142922e+18 4.72501953e+18 4.72774822e+18 4.72960373e+18 4.73057575e+18 4.73065525e+18 4.72983454e+18 4.72810733e+18 4.72546875e+18 4.72191544e+18 4.71744555e+18 4.71205881e+18 4.70575653e+18 4.69854165e+18 4.69041873e+18 4.68139401e+18 4.67147540e+18 4.66067247e+18 4.64899645e+18 4.63646025e+18 4.62307842e+18 4.60886713e+18 4.59384416e+18 4.57802883e+18 4.56144200e+18 4.54410601e+18 4.52604461e+18 4.50728294e+18 4.48784741e+18 4.46776568e+18 4.44706658e+18 4.42578000e+18 4.40393682e+18 4.38156886e+18 4.35870873e+18 4.33538977e+18 4.31164595e+18 4.28751177e+18 4.26302214e+18 4.23821232e+18 4.21311778e+18
3.67434630e+18 3.69369350e+18 3.71328529e+18 3.73311245e+18 3.75316524e+18 3.77343348e+18 3.79390646e+18 3.81457302e+18 3.83542150e+18 3.85643976e+18 3.87761520e+18 3.89893474e+18 3.92038482e+18 3.94195141e+18 3.96362004e+18 3.98537576e+18 4.00720316e+18 4.02908638e+18 4.05100913e+18 4.07295465e+18 4.09490574e+18 4.11684480e+18 4.13875376e+18 4.16061416e+18 4.18240710e+18 4.20411331e+18 4.22571308e+18 4.24718633e+18 4.26851262e+18 4.28967112e+18 4.31064065e+18 4.33139971e+18 4.35192645e+18 4.37219874e+18 4.39219416e+18 4.41189001e+18 4.43126338e+18 4.45029111e+18 4.46894988e+18 4.48721620e+18 4.50506645e+18 4.52247694e+18 4.53942391e+18 4.55588359e+18 4.57183224e+18 4.58724619e+18 4.60210190e+18 4.61637600e+18 4.63004534e+18 4.64308705e+18 4.65547860e+18 4.66719784e+18 4.67822310e+18 4.68853321e+18 4.69810758e+18 4.70692629e+18 4.71497010e+18 4.72222059e+18 4.72866017e+18 4.73427215e+18 4.73904086e+18 4.74295164e+18 4.74599100e+18 4.74814657e+18 4.74940727e+18 4.74976331e+18 4.74920624e+18 4.74772907e+18 4.74532624e+18 4.74199373e+18 4.73772906e+18 4.73253136e+18 4.72640139e+18 4.71934159e+18 4.71135605e+18 4.70245059e+18 4.69263275e+18 4.68191176e+18 4.67029861e+18 4.65780597e+18 4.64444824e+18 4.63024148e+18 4.61520340e+18 4.59935335e+18 4.58271225e+18 4.56530254e+18 4.54714815e+18 4.52827444e+18 4.50870811e+18 4.48847716e+18 4.46761078e+18 4.44613930e+18 4.42409411e+18 4.40150751e+18 4.37841271e+18 4.35484364e+18 4.33083493e+18 4.30642175e+18 4.28163973e+18 4.25652486e+18 4.23111337e+18
3.67607889e+18 3.69551536e+18 3.71520095e+18 3.73512665e+18 3.75528292e+18 3.77565977e+18 3.79624671e+18 3.81703277e+18 3.83800650e+18 3.85915598e+18 3.88046879e+18 3.90193206e+18 3.92353243e+18 3.94525607e+18 3.96708868e+18 3.98901550e+18 4.01102129e+18 4.03309037e+18 4.05520658e+18 4.07735332e+18 4.09951352e+18 4.12166968e+18 4.14380383e+18 4.16589760e+18 4.18793216e+18 4.20988824e+18 4.23174619e+18 4.25348593e+18 4.27508695e+18 4.29652840e+18 4.31778900e+18 4.33884715e+18 4.35968086e+18 4.38026783e+18 4.40058543e+18 4.42061073e+18 4.44032055e+18 4.45969143e+18 4.47869972e+18 4.49732155e+18 4.51553291e+18 4.53330965e+18 4.55062755e+18 4.56746233e+18 4.58378971e+18 4.59958545e+18 4.61482541e+18 4.62948556e+18 4.64354211e+18 4.65697149e+18 4.66975045e+18 4.68185610e+18 4.69326600e+18 4.70395820e+18 4.71391132e+18 4.72310461e+18 4.73151802e+18 4.73913227e+18 4.74592895e+18 4.75189052e+18 4.75700046e+18 4.76124329e+18 4.76460466e+18 4.76707141e+18 4.76863163e+18 4.76927475e+18 4.76899156e+18 4.76777431e+18 4.76561673e+18 4.76251411e+18 4.75846334e+18 4.75346292e+18 4.74751304e+18 4.74061560e+18 4.73277422e+18 4.72399429e+18 4.71428292e+18 4.70364906e+18 4.69210337e+18 4.67965833e+18 4.66632814e+18 4.65212875e+18 4.63707784e+18 4.62119472e+18 4.60450040e+18 4.58701742e+18 4.56876990e+18 4.54978341e+18 4.53008495e+18 4.50970286e+18 4.48866672e+18 4.46700731e+18 4.44475649e+18 4.42194713e+18 4.39861300e+18 4.37478868e+18 4.35050943e+18 4.32581115e+18 4.30073018e+18 4.27530329e+18 4.24956749e+18
3.67775308e+18 3.69727861e+18 3.71705795e+18 3.73708226e+18 3.75734222e+18 3.77782805e+18 3.79852948e+18 3.81943575e+18 3.84053562e+18 3.86181739e+18 3.88326886e+18 3.90487735e+18 3.92662973e+18 3.94851236e+18 3.97051114e+18 3.99261150e+18 4.01479840e+18 4.03705631e+18 4.05936924e+18 4.08172074e+18 4.10409388e+18 4.12647127e+18 4.14883507e+18 4.17116697e+18 4.19344821e+18 4.21565960e+18 4.23778147e+18 4.25979375e+18 4.28167593e+18 4.30340708e+18 4.32496585e+18 4.34633052e+18 4.36747898e+18 4.38838873e+18 4.40903694e+18 4.42940046e+18 4.44945582e+18 4.46917926e+18 4.48854678e+18 4.50753413e+18 4.52611689e+18 4.54427045e+18 4.56197012e+18 4.57919107e+18 4.59590849e+18 4.61209754e+18 4.62773345e+18 4.64279155e+18 4.65724735e+18 4.67107657e+18 4.68425522e+18 4.69675964e+18 4.70856662e+18 4.71965338e+18 4.72999772e+18 4.73957804e+18 4.74837345e+18 4.75636381e+18 4.76352982e+18 4.76985308e+18 4.77531620e+18 4.77990283e+18 4.78359776e+18 4.78638698e+18 4.78825774e+18 4.78919866e+18 4.78919973e+18 4.78825243e+18 4.78634975e+18 4.78348628e+18 4.77965822e+18 4.77486344e+18 4.76910153e+18 4.76237385e+18 4.75468351e+18 4.74603544e+18 4.73643636e+18 4.72589484e+18 4.71442129e+18 4.70202791e+18 4.68872874e+18 4.67453962e+18 4.65947813e+18 4.64356362e+18 4.62681712e+18 4.60926131e+18 4.59092048e+18 4.57182043e+18 4.55198847e+18 4.53145326e+18 4.51024480e+18 4.48839432e+18 4.46593420e+18 4.44289785e+18 4.41931963e+18 4.39523478e+18 4.37067924e+18 4.34568961e+18 4.32030301e+18 4.29455697e+18 4.26848932e+18
3.67936892e+18 3.69898337e+18 3.71885640e+18 3.73897942e+18 3.75934332e+18 3.77993854e+18 3.80075503e+18 3.82178225e+18 3.84300919e+18 3.86442438e+18 3.88601583e+18 3.90777110e+18 3.92967725e+18 3.95172088e+18 3.97388810e+18 3.99616452e+18 4.01853529e+18 4.04098508e+18 4.06349806e+18 4.08605794e+18 4.10864794e+18 4.13125080e+18 4.15384879e+18 4.17642369e+18 4.19895682e+18 4.22142903e+18 4.24382069e+18 4.26611172e+18 4.28828159e+18 4.31030933e+18 4.33217350e+18 4.35385227e+18 4.37532338e+18 4.39656418e+18 4.41755161e+18 4.43826228e+18 4.45867244e+18 4.47875801e+18 4.49849464e+18 4.51785770e+18 4.53682233e+18 4.55536348e+18 4.57345592e+18 4.59107433e+18 4.60819328e+18 4.62478736e+18 4.64083113e+18 4.65629926e+18 4.67116656e+18 4.68540799e+18 4.69899882e+18 4.71191460e+18 4.72413128e+18 4.73562526e+18 4.74637350e+18 4.75635352e+18 4.76554354e+18 4.77392254e+18 4.78147031e+18 4.78816756e+18 4.79399599e+18 4.79893837e+18 4.80297857e+18 4.80610173e+18 4.80829422e+18 4.80954382e+18 4.80983970e+18 4.80917254e+18 4.80753456e+18 4.80491962e+18 4.80132321e+18 4.79674255e+18 4.79117662e+18 4.78462619e+18 4.77709386e+18 4.76858407e+18 4.75910315e+18 4.74865929e+18 4.73726258e+18 4.72492499e+18 4.71166036e+18 4.69748439e+18 4.68241462e+18 4.66647037e+18 4.64967273e+18 4.63204451e+18 4.61361017e+18 4.59439575e+18 4.57442885e+18 4.55373849e+18 4.53235509e+18 4.51031035e+18 4.48763714e+18 4.46436947e+18 4.44054230e+18 4.41619153e+18 4.39135381e+18 4.36606647e+18 4.34036741e+18 4.31429495e+18 4.28788778e+18
3.68092651e+18 3.70062972e+18 3.72059644e+18 3.74081830e+18 3.76128642e+18 3.78199146e+18 3.80292361e+18 3.82407256e+18 3.84542755e+18 3.86697733e+18 3.88871014e+18 3.91061379e+18 3.93267555e+18 3.95488225e+18 3.97722021e+18 3.99967526e+18 4.02223276e+18 4.04487755e+18 4.06759400e+18 4.09036597e+18 4.11317685e+18 4.13600950e+18 4.15884632e+18 4.18166918e+18 4.20445950e+18 4.22719815e+18 4.24986557e+18 4.27244168e+18 4.29490591e+18 4.31723725e+18 4.33941419e+18 4.36141477e+18 4.38321661e+18 4.40479685e+18 4.42613225e+18 4.44719915e+18 4.46797352e+18 4.48843097e+18 4.50854677e+18 4.52829590e+18 4.54765306e+18 4.56659272e+18 4.58508914e+18 4.60311645e+18 4.62064863e+18 4.63765963e+18 4.65412338e+18 4.67001383e+18 4.68530505e+18 4.69997129e+18 4.71398698e+18 4.72732688e+18 4.73996609e+18 4.75188018e+18 4.76304518e+18 4.77343775e+18 4.78303519e+18 4.79181554e+18 4.79975770e+18 4.80684142e+18 4.81304748e+18 4.81835771e+18 4.82275509e+18 4.82622382e+18 4.82874940e+18 4.83031872e+18 4.83092011e+18 4.83054341e+18 4.82918007e+18 4.82682317e+18 4.82346747e+18 4.81910954e+18 4.81374769e+18 4.80738210e+18 4.80001484e+18 4.79164986e+18 4.78229303e+18 4.77195219e+18 4.76063709e+18 4.74835945e+18 4.73513290e+18 4.72097302e+18 4.70589726e+18 4.68992494e+18 4.67307720e+18 4.65537697e+18 4.63684888e+18 4.61751923e+18 4.59741592e+18 4.57656833e+18 4.55500730e+18 4.53276500e+18 4.50987485e+18 4.48637143e+18 4.46229035e+18 4.43766817e+18 4.41254226e+18 4.38695071e+18 4.36093223e+18 4.33452596e+18 4.30777144e+18
3.68242593e+18 3.70221779e+18 3.72227822e+18 3.74259907e+18 3.76317171e+18 3.78398705e+18 3.80503549e+18 3.82630701e+18 3.84779106e+18 3.86947663e+18 3.89135224e+18 3.91340590e+18 3.93562516e+18 3.95799706e+18 3.98050814e+18 4.00314447e+18 4.02589160e+18 4.04873459e+18 4.07165799e+18 4.09464584e+18 4.11768168e+18 4.14074854e+18 4.16382892e+18 4.18690481e+18 4.20995771e+18 4.23296856e+18 4.25591782e+18 4.27878543e+18 4.30155081e+18 4.32419289e+18 4.34669009e+18 4.36902033e+18 4.39116109e+18 4.41308933e+18 4.43478159e+18 4.45621396e+18 4.47736211e+18 4.49820133e+18 4.51870652e+18 4.53885224e+18 4.55861275e+18 4.57796202e+18 4.59687381e+18 4.61532164e+18 4.63327893e+18 4.65071895e+18 4.66761495e+18 4.68394018e+18 4.69966797e+18 4.71477176e+18 4.72922519e+18 4.74300217e+18 4.75607694e+18 4.76842418e+18 4.78001901e+18 4.79083716e+18 4.80085501e+18 4.81004964e+18 4.81839897e+18 4.82588182e+18 4.83247800e+18 4.83816838e+18 4.84293499e+18 4.84676109e+18 4.84963126e+18 4.85153149e+18 4.85244923e+18 4.85237347e+18 4.85129483e+18 4.84920560e+18 4.84609982e+18 4.84197331e+18 4.83682374e+18 4.83065069e+18 4.82345565e+18 4.81524205e+18 4.80601534e+18 4.79578293e+18 4.78455426e+18 4.77234077e+18 4.75915589e+18 4.74501504e+18 4.72993559e+18 4.71393687e+18 4.69704006e+18 4.67926819e+18 4.66064611e+18 4.64120034e+18 4.62095908e+18 4.59995212e+18 4.57821070e+18 4.55576750e+18 4.53265647e+18 4.50891280e+18 4.48457273e+18 4.45967353e+18 4.43425331e+18 4.40835095e+18 4.38200595e+18 4.35525833e+18 4.32814849e+18
3.68386729e+18 3.70374771e+18 3.72390189e+18 3.74432192e+18 3.76499942e+18 3.78592554e+18 3.80709097e+18 3.82848589e+18 3.85010005e+18 3.87192269e+18 3.89394256e+18 3.91614794e+18 3.93852663e+18 3.96106589e+18 3.98375254e+18 4.00657284e+18 4.02951259e+18 4.05255704e+18 4.07569095e+18 4.09889854e+18 4.12216353e+18 4.14546908e+18 4.16879784e+18 4.19213192e+18 4.21545289e+18 4.23874178e+18 4.26197907e+18 4.28514473e+18 4.30821815e+18 4.33117823e+18 4.35400329e+18 4.37667117e+18 4.39915917e+18 4.42144410e+18 4.44350225e+18 4.46530946e+18 4.48684112e+18 4.50807215e+18 4.52897710e+18 4.54953009e+18 4.56970493e+18 4.58947510e+18 4.60881378e+18 4.62769395e+18 4.64608836e+18 4.66396966e+18 4.68131039e+18 4.69808305e+18 4.71426021e+18 4.72981449e+18 4.74471871e+18 4.75894591e+18 4.77246945e+18 4.78526306e+18 4.79730096e+18 4.80855792e+18 4.81900933e+18 4.82863131e+18 4.83740079e+18 4.84529560e+18 4.85229455e+18 4.85837753e+18 4.86352558e+18 4.86772101e+18 4.87094743e+18 4.87318991e+18 4.87443497e+18 4.87467075e+18 4.87388700e+18 4.87207521e+18 4.86922862e+18 4.86534235e+18 4.86041338e+18 4.85444064e+18 4.84742503e+18 4.83936948e+18 4.83027896e+18 4.82016046e+18 4.80902309e+18 4.79687798e+18 4.78373837e+18 4.76961952e+18 4.75453871e+18 4.73851525e+18 4.72157038e+18 4.70372726e+18 4.68501088e+18 4.66544806e+18 4.64506731e+18 4.62389877e+18 4.60197415e+18 4.57932662e+18 4.55599069e+18 4.53200216e+18 4.50739796e+18 4.48221604e+18 4.45649529e+18 4.43027538e+18 4.40359666e+18 4.37650002e+18 4.34902677e+18
3.68525073e+18 3.70521962e+18 3.72546761e+18 3.74598703e+18 3.76676976e+18 3.78780720e+18 3.80909031e+18 3.83060954e+18 3.85235490e+18 3.87431589e+18 3.89648154e+18 3.91884039e+18 3.94138048e+18 3.96408935e+18 3.98695404e+18 4.00996108e+18 4.03309648e+18 4.05634572e+18 4.07969377e+18 4.10312504e+18 4.12662341e+18 4.15017224e+18 4.17375429e+18 4.19735179e+18 4.22094642e+18 4.24451928e+18 4.26805090e+18 4.29152124e+18 4.31490972e+18 4.33819515e+18 4.36135582e+18 4.38436942e+18 4.40721312e+18 4.42986353e+18 4.45229674e+18 4.47448831e+18 4.49641332e+18 4.51804636e+18 4.53936158e+18 4.56033267e+18 4.58093298e+18 4.60113545e+18 4.62091273e+18 4.64023719e+18 4.65908094e+18 4.67741594e+18 4.69521402e+18 4.71244693e+18 4.72908642e+18 4.74510430e+18 4.76047254e+18 4.77516327e+18 4.78914893e+18 4.80240233e+18 4.81489671e+18 4.82660585e+18 4.83750415e+18 4.84756673e+18 4.85676949e+18 4.86508924e+18 4.87250377e+18 4.87899195e+18 4.88453381e+18 4.88911065e+18 4.89270512e+18 4.89530131e+18 4.89688482e+18 4.89744285e+18 4.89696430e+18 4.89543981e+18 4.89286183e+18 4.88922470e+18 4.88452472e+18 4.87876014e+18 4.87193128e+18 4.86404051e+18 4.85509230e+18 4.84509325e+18 4.83405208e+18 4.82197964e+18 4.80888893e+18 4.79479505e+18 4.77971521e+18 4.76366869e+18 4.74667677e+18 4.72876273e+18 4.70995176e+18 4.69027093e+18 4.66974906e+18 4.64841670e+18 4.62630601e+18 4.60345066e+18 4.57988574e+18 4.55564768e+18 4.53077409e+18 4.50530365e+18 4.47927604e+18 4.45273175e+18 4.42571198e+18 4.39825853e+18 4.37041364e+18
3.68657637e+18 3.70663369e+18 3.72697557e+18 3.74759461e+18 3.76848296e+18 3.78963228e+18 3.81103381e+18 3.83267828e+18 3.85455596e+18 3.87665664e+18 3.89896962e+18 3.92148372e+18 3.94418724e+18 3.96706799e+18 3.99011328e+18 4.01330987e+18 4.03664402e+18 4.06010144e+18 4.08366731e+18 4.10732626e+18 4.13106235e+18 4.15485909e+18 4.17869941e+18 4.20256566e+18 4.22643963e+18 4.25030247e+18 4.27413479e+18 4.29791657e+18 4.32162720e+18 4.34524547e+18 4.36874957e+18 4.39211710e+18 4.41532507e+18 4.43834990e+18 4.46116744e+18 4.48375301e+18 4.50608136e+18 4.52812672e+18 4.54986286e+18 4.57126302e+18 4.59230007e+18 4.61294642e+18 4.63317414e+18 4.65295499e+18 4.67226043e+18 4.69106171e+18 4.70932992e+18 4.72703604e+18 4.74415099e+18 4.76064575e+18 4.77649138e+18 4.79165910e+18 4.80612042e+18 4.81984716e+18 4.83281158e+18 4.84498645e+18 4.85634513e+18 4.86686170e+18 4.87651102e+18 4.88526884e+18 4.89311190e+18 4.90001802e+18 4.90596619e+18 4.91093668e+18 4.91491113e+18 4.91787262e+18 4.91980579e+18 4.92069692e+18 4.92053399e+18 4.91930677e+18 4.91700689e+18 4.91362791e+18 4.90916539e+18 4.90361692e+18 4.89698217e+18 4.88926297e+18 4.88046327e+18 4.87058924e+18 4.85964921e+18 4.84765375e+18 4.83461560e+18 4.82054970e+18 4.80547317e+18 4.78940524e+18 4.77236728e+18 4.75438265e+18 4.73547677e+18 4.71567693e+18 4.69501230e+18 4.67351383e+18 4.65121413e+18 4.62814741e+18 4.60434934e+18 4.57985700e+18 4.55470868e+18 4.52894384e+18 4.50260294e+18 4.47572732e+18 4.44835908e+18 4.42054093e+18 4.39231606e+18
3.68784435e+18 3.70799007e+18 3.72842595e+18 3.74914488e+18 3.77013925e+18 3.79140105e+18 3.81292176e+18 3.83469241e+18 3.85670357e+18 3.87894531e+18 3.90140722e+18 3.92407839e+18 3.94694742e+18 3.97000238e+18 3.99323085e+18 4.01661986e+18 4.04015591e+18 4.06382496e+18 4.08761241e+18 4.11150309e+18 4.13548128e+18 4.15953066e+18 4.18363430e+18 4.20777471e+18 4.23193375e+18 4.25609270e+18 4.28023219e+18 4.30433223e+18 4.32837222e+18 4.35233089e+18 4.37618636e+18 4.39991612e+18 4.42349703e+18 4.44690531e+18 4.47011660e+18 4.49310591e+18 4.51584770e+18 4.53831584e+18 4.56048366e+18 4.58232400e+18 4.60380918e+18 4.62491111e+18 4.64560125e+18 4.66585074e+18 4.68563035e+18 4.70491064e+18 4.72366191e+18 4.74185434e+18 4.75945804e+18 4.77644309e+18 4.79277963e+18 4.80843796e+18 4.82338861e+18 4.83760240e+18 4.85105057e+18 4.86370484e+18 4.87553752e+18 4.88652162e+18 4.89663092e+18 4.90584008e+18 4.91412476e+18 4.92146169e+18 4.92782880e+18 4.93320529e+18 4.93757176e+18 4.94091026e+18 4.94320445e+18 4.94443962e+18 4.94460282e+18 4.94368293e+18 4.94167074e+18 4.93855900e+18 4.93434250e+18 4.92901814e+18 4.92258495e+18 4.91504416e+18 4.90639922e+18 4.89665582e+18 4.88582193e+18 4.87390777e+18 4.86092586e+18 4.84689096e+18 4.83182007e+18 4.81573242e+18 4.79864940e+18 4.78059451e+18 4.76159335e+18 4.74167348e+18 4.72086441e+18 4.69919749e+18 4.67670580e+18 4.65342410e+18 4.62938865e+18 4.60463720e+18 4.57920875e+18 4.55314354e+18 4.52648284e+18 4.49926886e+18 4.47154461e+18 4.44335374e+18 4.41474044e+18
3.68905482e+18 3.70928893e+18 3.72981895e+18 3.75063802e+18 3.77173887e+18 3.79311375e+18 3.81475444e+18 3.83665227e+18 3.85879810e+18 3.88118231e+18 3.90379477e+18 3.92662488e+18 3.94966152e+18 3.97289306e+18 3.99630734e+18 4.01989168e+18 4.04363283e+18 4.06751700e+18 4.09152984e+18 4.11565639e+18 4.13988113e+18 4.16418792e+18 4.18856001e+18 4.21298004e+18 4.23742999e+18 4.26189121e+18 4.28634442e+18 4.31076964e+18 4.33514626e+18 4.35945299e+18 4.38366787e+18 4.40776826e+18 4.43173088e+18 4.45553175e+18 4.47914628e+18 4.50254921e+18 4.52571465e+18 4.54861611e+18 4.57122652e+18 4.59351824e+18 4.61546309e+18 4.63703241e+18 4.65819709e+18 4.67892758e+18 4.69919400e+18 4.71896612e+18 4.73821351e+18 4.75690551e+18 4.77501135e+18 4.79250023e+18 4.80934135e+18 4.82550404e+18 4.84095782e+18 4.85567250e+18 4.86961826e+18 4.88276574e+18 4.89508618e+18 4.90655148e+18 4.91713430e+18 4.92680820e+18 4.93554771e+18 4.94332845e+18 4.95012724e+18 4.95592220e+18 4.96069284e+18 4.96442017e+18 4.96708680e+18 4.96867705e+18 4.96917700e+18 4.96857461e+18 4.96685977e+18 4.96402442e+18 4.96006257e+18 4.95497040e+18 4.94874626e+18 4.94139079e+18 4.93290689e+18 4.92329979e+18 4.91257705e+18 4.90074856e+18 4.88782659e+18 4.87382571e+18 4.85876282e+18 4.84265711e+18 4.82553002e+18 4.80740518e+18 4.78830835e+18 4.76826741e+18 4.74731218e+18 4.72547442e+18 4.70278772e+18 4.67928737e+18 4.65501027e+18 4.62999480e+18 4.60428075e+18 4.57790911e+18 4.55092201e+18 4.52336256e+18 4.49527467e+18 4.46670300e+18 4.43769271e+18
3.69020795e+18 3.71053045e+18 3.73115474e+18 3.75207428e+18 3.77328206e+18 3.79477065e+18 3.81653214e+18 3.83855816e+18 3.86083988e+18 3.88336798e+18 3.90613265e+18 3.92912360e+18 3.95233000e+18 3.97574052e+18 3.99934330e+18 4.02312592e+18 4.04707542e+18 4.07117827e+18 4.09542034e+18 4.11978694e+18 4.14426273e+18 4.16883177e+18 4.19347750e+18 4.21818267e+18 4.24292942e+18 4.26769918e+18 4.29247272e+18 4.31723012e+18 4.34195074e+18 4.36661326e+18 4.39119565e+18 4.41567516e+18 4.44002835e+18 4.46423105e+18 4.48825842e+18 4.51208491e+18 4.53568432e+18 4.55902977e+18 4.58209376e+18 4.60484817e+18 4.62726433e+18 4.64931298e+18 4.67096440e+18 4.69218839e+18 4.71295433e+18 4.73323128e+18 4.75298795e+18 4.77219288e+18 4.79081439e+18 4.80882076e+18 4.82618024e+18 4.84286116e+18 4.85883200e+18 4.87406153e+18 4.88851883e+18 4.90217347e+18 4.91499554e+18 4.92695582e+18 4.93802582e+18 4.94817796e+18 4.95738562e+18 4.96562327e+18 4.97286659e+18 4.97909258e+18 4.98427965e+18 4.98840771e+18 4.99145833e+18 4.99341479e+18 4.99426218e+18 4.99398751e+18 4.99257977e+18 4.99003005e+18 4.98633154e+18 4.98147968e+18 4.97547214e+18 4.96830894e+18 4.95999241e+18 4.95052730e+18 4.93992076e+18 4.92818233e+18 4.91532402e+18 4.90136020e+18 4.88630766e+18 4.87018556e+18 4.85301538e+18 4.83482086e+18 4.81562799e+18 4.79546489e+18 4.77436174e+18 4.75235075e+18 4.72946596e+18 4.70574325e+18 4.68122014e+18 4.65593572e+18 4.62993051e+18 4.60324633e+18 4.57592617e+18 4.54801403e+18 4.51955480e+18 4.49059413e+18 4.46117820e+18
3.69130389e+18 3.71171480e+18 3.73243353e+18 3.75345384e+18 3.77476905e+18 3.79637201e+18 3.81825513e+18 3.84041038e+18 3.86282923e+18 3.88550269e+18 3.90842127e+18 3.93157498e+18 3.95495332e+18 3.97854526e+18 4.00233924e+18 4.02632315e+18 4.05048428e+18 4.07480939e+18 4.09928461e+18 4.12389547e+18 4.14862687e+18 4.17346306e+18 4.19838765e+18 4.22338358e+18 4.24843307e+18 4.27351768e+18 4.29861824e+18 4.32371486e+18 4.34878691e+18 4.37381303e+18 4.39877112e+18 4.42363832e+18 4.44839102e+18 4.47300486e+18 4.49745475e+18 4.52171485e+18 4.54575862e+18 4.56955881e+18 4.59308746e+18 4.61631599e+18 4.63921518e+18 4.66175520e+18 4.68390568e+18 4.70563575e+18 4.72691406e+18 4.74770888e+18 4.76798813e+18 4.78771944e+18 4.80687027e+18 4.82540791e+18 4.84329963e+18 4.86051275e+18 4.87701469e+18 4.89277312e+18 4.90775604e+18 4.92193187e+18 4.93526955e+18 4.94773868e+18 4.95930963e+18 4.96995362e+18 4.97964284e+18 4.98835060e+18 4.99605140e+18 5.00272108e+18 5.00833691e+18 5.01287770e+18 5.01632392e+18 5.01865779e+18 5.01986338e+18 5.01992673e+18 5.01883591e+18 5.01658110e+18 5.01315468e+18 5.00855132e+18 5.00276798e+18 4.99580402e+18 4.98766124e+18 4.97834385e+18 4.96785857e+18 4.95621462e+18 4.94342369e+18 4.92949997e+18 4.91446015e+18 4.89832333e+18 4.88111102e+18 4.86284712e+18 4.84355778e+18 4.82327142e+18 4.80201858e+18 4.77983189e+18 4.75674591e+18 4.73279708e+18 4.70802358e+18 4.68246520e+18 4.65616323e+18 4.62916033e+18 4.60150036e+18 4.57322827e+18 4.54438992e+18 4.51503197e+18 4.48520169e+18
3.69234281e+18 3.71284216e+18 3.73365552e+18 3.75477694e+18 3.77620006e+18 3.79791807e+18 3.81992370e+18 3.84220923e+18 3.86476648e+18 3.88758678e+18 3.91066098e+18 3.93397941e+18 3.95753190e+18 3.98130774e+18 4.00529567e+18 4.02948388e+18 4.05385998e+18 4.07841098e+18 4.10312328e+18 4.12798267e+18 4.15297427e+18 4.17808255e+18 4.20329130e+18 4.22858360e+18 4.25394184e+18 4.27934767e+18 4.30478199e+18 4.33022494e+18 4.35565592e+18 4.38105352e+18 4.40639556e+18 4.43165907e+18 4.45682029e+18 4.48185465e+18 4.50673681e+18 4.53144065e+18 4.55593926e+18 4.58020501e+18 4.60420950e+18 4.62792364e+18 4.65131767e+18 4.67436117e+18 4.69702311e+18 4.71927193e+18 4.74107554e+18 4.76240140e+18 4.78321659e+18 4.80348785e+18 4.82318170e+18 4.84226448e+18 4.86070243e+18 4.87846181e+18 4.89550898e+18 4.91181048e+18 4.92733317e+18 4.94204430e+18 4.95591166e+18 4.96890363e+18 4.98098937e+18 4.99213889e+18 5.00232318e+18 5.01151432e+18 5.01968562e+18 5.02681173e+18 5.03286874e+18 5.03783432e+18 5.04168782e+18 5.04441037e+18 5.04598500e+18 5.04639673e+18 5.04563268e+18 5.04368212e+18 5.04053659e+18 5.03618995e+18 5.03063844e+18 5.02388077e+18 5.01591811e+18 5.00675419e+18 4.99639528e+18 4.98485022e+18 4.97213042e+18 4.95824987e+18 4.94322512e+18 4.92707524e+18 4.90982178e+18 4.89148875e+18 4.87210252e+18 4.85169178e+18 4.83028745e+18 4.80792257e+18 4.78463226e+18 4.76045352e+18 4.73542519e+18 4.70958780e+18 4.68298342e+18 4.65565556e+18 4.62764899e+18 4.59900960e+18 4.56978429e+18 4.54002073e+18 4.50976730e+18
3.69332487e+18 3.71391272e+18 3.73482089e+18 3.75604378e+18 3.77757533e+18 3.79940908e+18 3.82153809e+18 3.84395498e+18 3.86665192e+18 3.88962057e+18 3.91285213e+18 3.93633726e+18 3.96006613e+18 3.98402836e+18 4.00821301e+18 4.03260859e+18 4.05720300e+18 4.08198355e+18 4.10693692e+18 4.13204914e+18 4.15730558e+18 4.18269092e+18 4.20818915e+18 4.23378352e+18 4.25945655e+18 4.28519001e+18 4.31096487e+18 4.33676133e+18 4.36255877e+18 4.38833577e+18 4.41407007e+18 4.43973858e+18 4.46531738e+18 4.49078171e+18 4.51610596e+18 4.54126371e+18 4.56622771e+18 4.59096990e+18 4.61546146e+18 4.63967278e+18 4.66357354e+18 4.68713270e+18 4.71031859e+18 4.73309891e+18 4.75544081e+18 4.77731094e+18 4.79867551e+18 4.81950036e+18 4.83975104e+18 4.85939289e+18 4.87839112e+18 4.89671091e+18 4.91431750e+18 4.93117630e+18 4.94725300e+18 4.96251365e+18 4.97692482e+18 4.99045367e+18 5.00306813e+18 5.01473694e+18 5.02542986e+18 5.03511773e+18 5.04377262e+18 5.05136795e+18 5.05787862e+18 5.06328111e+18 5.06755362e+18 5.07067618e+18 5.07263073e+18 5.07340125e+18 5.07297388e+18 5.07133696e+18 5.06848115e+18 5.06439949e+18 5.05908748e+18 5.05254314e+18 5.04476704e+18 5.03576237e+18 5.02553493e+18 5.01409319e+18 5.00144828e+18 4.98761396e+18 4.97260664e+18 4.95644536e+18 4.93915171e+18 4.92074981e+18 4.90126624e+18 4.88072998e+18 4.85917232e+18 4.83662677e+18 4.81312894e+18 4.78871646e+18 4.76342884e+18 4.73730734e+18 4.71039486e+18 4.68273576e+18 4.65437574e+18 4.62536168e+18 4.59574149e+18 4.56556394e+18 4.53487849e+18
3.69425025e+18 3.71492665e+18 3.73592985e+18 3.75725456e+18 3.77889508e+18 3.80084527e+18 3.82309855e+18 3.84564790e+18 3.86848583e+18 3.89160436e+18 3.91499503e+18 3.93864886e+18 3.96255637e+18 3.98670751e+18 4.01109168e+18 4.03569771e+18 4.06051381e+18 4.08552760e+18 4.11072604e+18 4.13609541e+18 4.16162135e+18 4.18728877e+18 4.21308183e+18 4.23898399e+18 4.26497790e+18 4.29104543e+18 4.31716766e+18 4.34332483e+18 4.36949632e+18 4.39566068e+18 4.42179559e+18 4.44787783e+18 4.47388333e+18 4.49978711e+18 4.52556331e+18 4.55118520e+18 4.57662518e+18 4.60185478e+18 4.62684469e+18 4.65156481e+18 4.67598423e+18 4.70007130e+18 4.72379366e+18 4.74711828e+18 4.77001153e+18 4.79243922e+18 4.81436668e+18 4.83575881e+18 4.85658018e+18 4.87679511e+18 4.89636773e+18 4.91526213e+18 4.93344241e+18 4.95087281e+18 4.96751780e+18 4.98334223e+18 4.99831141e+18 5.01239125e+18 5.02554840e+18 5.03775032e+18 5.04896550e+18 5.05916349e+18 5.06831511e+18 5.07639251e+18 5.08336936e+18 5.08922093e+18 5.09392425e+18 5.09745817e+18 5.09980356e+18 5.10094332e+18 5.10086258e+18 5.09954871e+18 5.09699147e+18 5.09318309e+18 5.08811827e+18 5.08179433e+18 5.07421123e+18 5.06537159e+18 5.05528075e+18 5.04394679e+18 5.03138052e+18 5.01759549e+18 5.00260798e+18 4.98643696e+18 4.96910406e+18 4.95063354e+18 4.93105217e+18 4.91038925e+18 4.88867642e+18 4.86594766e+18 4.84223912e+18 4.81758904e+18 4.79203763e+18 4.76562691e+18 4.73840059e+18 4.71040392e+18 4.68168357e+18 4.65228742e+18 4.62226441e+18 4.59166442e+18 4.56053804e+18
3.69511911e+18 3.71588414e+18 3.73698258e+18 3.75840948e+18 3.78015950e+18 3.80222686e+18 3.82460532e+18 3.84728823e+18 3.87026847e+18 3.89353841e+18 3.91708996e+18 3.94091452e+18 3.96500293e+18 3.98934552e+18 4.01393202e+18 4.03875160e+18 4.06379280e+18 4.08904353e+18 4.11449106e+18 4.14012195e+18 4.16592208e+18 4.19187659e+18 4.21796988e+18 4.24418556e+18 4.27050645e+18 4.29691455e+18 4.32339100e+18 4.34991610e+18 4.37646925e+18 4.40302898e+18 4.42957287e+18 4.45607761e+18 4.48251895e+18 4.50887171e+18 4.53510977e+18 4.56120607e+18 4.58713265e+18 4.61286063e+18 4.63836023e+18 4.66360080e+18 4.68855086e+18 4.71317812e+18 4.73744953e+18 4.76133130e+18 4.78478900e+18 4.80778759e+18 4.83029148e+18 4.85226463e+18 4.87367059e+18 4.89447264e+18 4.91463382e+18 4.93411708e+18 4.95288536e+18 4.97090168e+18 4.98812931e+18 5.00453182e+18 5.02007325e+18 5.03471822e+18 5.04843207e+18 5.06118096e+18 5.07293206e+18 5.08365361e+18 5.09331513e+18 5.10188748e+18 5.10934307e+18 5.11565593e+18 5.12080186e+18 5.12475856e+18 5.12750572e+18 5.12902520e+18 5.12930104e+18 5.12831967e+18 5.12606990e+18 5.12254309e+18 5.11773317e+18 5.11163673e+18 5.10425308e+18 5.09558427e+18 5.08563517e+18 5.07441344e+18 5.06192957e+18 5.04819690e+18 5.03323155e+18 5.01705245e+18 4.99968125e+18 4.98114234e+18 4.96146272e+18 4.94067196e+18 4.91880210e+18 4.89588759e+18 4.87196513e+18 4.84707358e+18 4.82125386e+18 4.79454875e+18 4.76700284e+18 4.73866227e+18 4.70957467e+18 4.67978895e+18 4.64935515e+18 4.61832424e+18 4.58674801e+18
3.69593162e+18 3.71678535e+18 3.73797925e+18 3.75950874e+18 3.78136881e+18 3.80355405e+18 3.82605861e+18 3.84887621e+18 3.87200007e+18 3.89542298e+18 3.91913720e+18 3.94313450e+18 3.96740610e+18 3.99194268e+18 4.01673434e+18 4.04177059e+18 4.06704029e+18 4.09253169e+18 4.11823234e+18 4.14412911e+18 4.17020813e+18 4.19645479e+18 4.22285370e+18 4.24938867e+18 4.27604267e+18 4.30279781e+18 4.32963536e+18 4.35653565e+18 4.38347810e+18 4.41044120e+18 4.43740248e+18 4.46433851e+18 4.49122486e+18 4.51803614e+18 4.54474597e+18 4.57132698e+18 4.59775082e+18 4.62398819e+18 4.65000882e+18 4.67578153e+18 4.70127424e+18 4.72645400e+18 4.75128705e+18 4.77573884e+18 4.79977412e+18 4.82335697e+18 4.84645087e+18 4.86901879e+18 4.89102328e+18 4.91242652e+18 4.93319044e+18 4.95327683e+18 4.97264744e+18 4.99126405e+18 5.00908867e+18 5.02608358e+18 5.04221153e+18 5.05743580e+18 5.07172040e+18 5.08503014e+18 5.09733084e+18 5.10858941e+18 5.11877402e+18 5.12785424e+18 5.13580115e+18 5.14258751e+18 5.14818789e+18 5.15257876e+18 5.15573867e+18 5.15764834e+18 5.15829076e+18 5.15765133e+18 5.15571793e+18 5.15248101e+18 5.14793370e+18 5.14207186e+18 5.13489411e+18 5.12640194e+18 5.11659971e+18 5.10549466e+18 5.09309697e+18 5.07941972e+18 5.06447890e+18 5.04829336e+18 5.03088481e+18 5.01227775e+18 4.99249940e+18 4.97157962e+18 4.94955087e+18 4.92644805e+18 4.90230843e+18 4.87717153e+18 4.85107896e+18 4.82407431e+18 4.79620303e+18 4.76751219e+18 4.73805041e+18 4.70786765e+18 4.67701505e+18 4.64554473e+18 4.61350967e+18
3.69668795e+18 3.71763046e+18 3.73892005e+18 3.76055250e+18 3.78252318e+18 3.80482704e+18 3.82745862e+18 3.85041201e+18 3.87368084e+18 3.89725827e+18 3.92113695e+18 3.94530902e+18 3.96976610e+18 3.99449923e+18 4.01949889e+18 4.04475492e+18 4.07025654e+18 4.09599233e+18 4.12195016e+18 4.14811718e+18 4.17447980e+18 4.20102367e+18 4.22773361e+18 4.25459362e+18 4.28158686e+18 4.30869557e+18 4.33590109e+18 4.36318382e+18 4.39052321e+18 4.41789771e+18 4.44528479e+18 4.47266090e+18 4.50000144e+18 4.52728080e+18 4.55447233e+18 4.58154834e+18 4.60848011e+18 4.63523787e+18 4.66179090e+18 4.68810744e+18 4.71415480e+18 4.73989938e+18 4.76530668e+18 4.79034138e+18 4.81496737e+18 4.83914784e+18 4.86284533e+18 4.88602180e+18 4.90863875e+18 4.93065726e+18 4.95203812e+18 4.97274193e+18 4.99272919e+18 5.01196047e+18 5.03039644e+18 5.04799810e+18 5.06472683e+18 5.08054458e+18 5.09541397e+18 5.10929844e+18 5.12216244e+18 5.13397149e+18 5.14469240e+18 5.15429338e+18 5.16274419e+18 5.17001628e+18 5.17608294e+18 5.18091941e+18 5.18450303e+18 5.18681339e+18 5.18783237e+18 5.18754433e+18 5.18593618e+18 5.18299748e+18 5.17872050e+18 5.17310035e+18 5.16613497e+18 5.15782524e+18 5.14817501e+18 5.13719110e+18 5.12488334e+18 5.11126458e+18 5.09635063e+18 5.08016031e+18 5.06271535e+18 5.04404037e+18 5.02416280e+18 5.00311284e+18 4.98092332e+18 4.95762963e+18 4.93326962e+18 4.90788346e+18 4.88151350e+18 4.85420414e+18 4.82600170e+18 4.79695422e+18 4.76711132e+18 4.73652403e+18 4.70524462e+18 4.67332639e+18 4.64082352e+18
3.69738824e+18 3.71841962e+18 3.73980514e+18 3.76154094e+18 3.78362278e+18 3.80604600e+18 3.82880552e+18 3.85189584e+18 3.87531097e+18 3.89904447e+18 3.92308939e+18 3.94743827e+18 3.97208312e+18 3.99701536e+18 4.02222584e+18 4.04770477e+18 4.07344174e+18 4.09942565e+18 4.12564470e+18 4.15208634e+18 4.17873728e+18 4.20558340e+18 4.23260977e+18 4.25980060e+18 4.28713921e+18 4.31460797e+18 4.34218834e+18 4.36986078e+18 4.39760474e+18 4.42539867e+18 4.45321996e+18 4.48104492e+18 4.50884882e+18 4.53660582e+18 4.56428898e+18 4.59187028e+18 4.61932062e+18 4.64660980e+18 4.67370656e+18 4.70057862e+18 4.72719264e+18 4.75351435e+18 4.77950850e+18 4.80513897e+18 4.83036879e+18 4.85516025e+18 4.87947489e+18 4.90327368e+18 4.92651702e+18 4.94916486e+18 4.97117684e+18 4.99251233e+18 5.01313059e+18 5.03299088e+18 5.05205257e+18 5.07027529e+18 5.08761907e+18 5.10404445e+18 5.11951267e+18 5.13398575e+18 5.14742671e+18 5.15979969e+18 5.17107009e+18 5.18120474e+18 5.19017202e+18 5.19794205e+18 5.20448681e+18 5.20978028e+18 5.21379858e+18 5.21652009e+18 5.21792560e+18 5.21799841e+18 5.21672441e+18 5.21409222e+18 5.21009329e+18 5.20472191e+18 5.19797534e+18 5.18985385e+18 5.18036075e+18 5.16950243e+18 5.15728836e+18 5.14373114e+18 5.12884643e+18 5.11265297e+18 5.09517253e+18 5.07642985e+18 5.05645260e+18 5.03527126e+18 5.01291909e+18 4.98943197e+18 4.96484834e+18 4.93920903e+18 4.91255713e+18 4.88493790e+18 4.85639852e+18 4.82698802e+18 4.79675706e+18 4.76575776e+18 4.73404353e+18 4.70166889e+18 4.66868925e+18
3.69803266e+18 3.71915299e+18 3.74063466e+18 3.76247420e+18 3.78466776e+18 3.80721107e+18 3.83009946e+18 3.85332782e+18 3.87689058e+18 3.90078171e+18 3.92499467e+18 3.94952239e+18 3.97435729e+18 3.99949119e+18 4.02491532e+18 4.05062027e+18 4.07659600e+18 4.10283175e+18 4.12931605e+18 4.15603668e+18 4.18298062e+18 4.21013405e+18 4.23748225e+18 4.26500965e+18 4.29269974e+18 4.32053505e+18 4.34849713e+18 4.37656651e+18 4.40472267e+18 4.43294403e+18 4.46120790e+18 4.48949051e+18 4.51776691e+18 4.54601106e+18 4.57419575e+18 4.60229262e+18 4.63027217e+18 4.65810375e+18 4.68575558e+18 4.71319481e+18 4.74038747e+18 4.76729858e+18 4.79389215e+18 4.82013123e+18 4.84597799e+18 4.87139376e+18 4.89633911e+18 4.92077394e+18 4.94465756e+18 4.96794878e+18 4.99060602e+18 5.01258743e+18 5.03385098e+18 5.05435460e+18 5.07405633e+18 5.09291441e+18 5.11088747e+18 5.12793462e+18 5.14401566e+18 5.15909119e+18 5.17312277e+18 5.18607310e+18 5.19790615e+18 5.20858732e+18 5.21808362e+18 5.22636378e+18 5.23339844e+18 5.23916029e+18 5.24362419e+18 5.24676732e+18 5.24856932e+18 5.24901238e+18 5.24808139e+18 5.24576402e+18 5.24205081e+18 5.23693528e+18 5.23041397e+18 5.22248650e+18 5.21315565e+18 5.20242734e+18 5.19031072e+18 5.17681809e+18 5.16196496e+18 5.14577000e+18 5.12825501e+18 5.10944486e+18 5.08936744e+18 5.06805355e+18 5.04553685e+18 5.02185375e+18 4.99704327e+18 4.97114692e+18 4.94420856e+18 4.91627428e+18 4.88739220e+18 4.85761232e+18 4.82698637e+18 4.79556759e+18 4.76341056e+18 4.73057102e+18 4.69710565e+18
3.69862134e+18 3.71983070e+18 3.74140876e+18 3.76335243e+18 3.78565825e+18 3.80832238e+18 3.83134056e+18 3.85470808e+18 3.87841980e+18 3.90247010e+18 3.92685287e+18 3.95156146e+18 3.97658869e+18 4.00192678e+18 4.02756737e+18 4.05350145e+18 4.07971933e+18 4.10621063e+18 4.13296421e+18 4.15996817e+18 4.18720981e+18 4.21467555e+18 4.24235096e+18 4.27022066e+18 4.29826833e+18 4.32647664e+18 4.35482727e+18 4.38330080e+18 4.41187675e+18 4.44053351e+18 4.46924834e+18 4.49799731e+18 4.52675534e+18 4.55549615e+18 4.58419223e+18 4.61281490e+18 4.64133424e+18 4.66971916e+18 4.69793735e+18 4.72595536e+18 4.75373860e+18 4.78125135e+18 4.80845686e+18 4.83531735e+18 4.86179409e+18 4.88784745e+18 4.91343699e+18 4.93852154e+18 4.96305929e+18 4.98700788e+18 5.01032449e+18 5.03296600e+18 5.05488908e+18 5.07605032e+18 5.09640636e+18 5.11591404e+18 5.13453054e+18 5.15221354e+18 5.16892136e+18 5.18461313e+18 5.19924893e+18 5.21278998e+18 5.22519879e+18 5.23643932e+18 5.24647712e+18 5.25527955e+18 5.26281587e+18 5.26905744e+18 5.27397783e+18 5.27755300e+18 5.27976139e+18 5.28058411e+18 5.28000497e+18 5.27801067e+18 5.27459086e+18 5.26973823e+18 5.26344858e+18 5.25572089e+18 5.24655738e+18 5.23596352e+18 5.22394807e+18 5.21052307e+18 5.19570387e+18 5.17950905e+18 5.16196044e+18 5.14308305e+18 5.12290497e+18 5.10145735e+18 5.07877427e+18 5.05489265e+18 5.02985209e+18 5.00369483e+18 4.97646549e+18 4.94821102e+18 4.91898049e+18 4.88882491e+18 4.85779708e+18 4.82595137e+18 4.79334358e+18 4.76003069e+18 4.72607068e+18
3.69915441e+18 3.72045289e+18 3.74212756e+18 3.76417573e+18 3.78659437e+18 3.80938005e+18 3.83252891e+18 3.85603670e+18 3.87989870e+18 3.90410971e+18 3.92866405e+18 3.95355551e+18 3.97877732e+18 4.00432214e+18 4.03018200e+18 4.05634828e+18 4.08281169e+18 4.10956221e+18 4.13658906e+18 4.16388068e+18 4.19142466e+18 4.21920773e+18 4.24721567e+18 4.27543337e+18 4.30384468e+18 4.33243243e+18 4.36117840e+18 4.39006326e+18 4.41906655e+18 4.44816664e+18 4.47734072e+18 4.50656475e+18 4.53581348e+18 4.56506038e+18 4.59427767e+18 4.62343631e+18 4.65250599e+18 4.68145513e+18 4.71025090e+18 4.73885925e+18 4.76724493e+18 4.79537150e+18 4.82320141e+18 4.85069604e+18 4.87781573e+18 4.90451990e+18 4.93076705e+18 4.95651494e+18 4.98172059e+18 5.00634045e+18 5.03033046e+18 5.05364619e+18 5.07624297e+18 5.09807602e+18 5.11910057e+18 5.13927201e+18 5.15854607e+18 5.17687893e+18 5.19422741e+18 5.21054914e+18 5.22580269e+18 5.23994777e+18 5.25294539e+18 5.26475802e+18 5.27534977e+18 5.28468655e+18 5.29273623e+18 5.29946880e+18 5.30485652e+18 5.30887409e+18 5.31149876e+18 5.31271046e+18 5.31249196e+18 5.31082896e+18 5.30771017e+18 5.30312745e+18 5.29707585e+18 5.28955369e+18 5.28056260e+18 5.27010758e+18 5.25819702e+18 5.24484269e+18 5.23005974e+18 5.21386669e+18 5.19628539e+18 5.17734098e+18 5.15706178e+18 5.13547927e+18 5.11262796e+18 5.08854527e+18 5.06327146e+18 5.03684943e+18 5.00932463e+18 4.98074487e+18 4.95116017e+18 4.92062259e+18 4.88918601e+18 4.85690598e+18 4.82383951e+18 4.79004487e+18 4.75558135e+18
3.69963200e+18 3.72101967e+18 3.74279116e+18 3.76494421e+18 3.78747620e+18 3.81038413e+18 3.83366458e+18 3.85731373e+18 3.88132730e+18 3.90570054e+18 3.93042820e+18 3.95550452e+18 3.98092316e+18 4.00667719e+18 4.03275909e+18 4.05916063e+18 4.08587291e+18 4.11288631e+18 4.14019041e+18 4.16777397e+18 4.19562491e+18 4.22373024e+18 4.25207603e+18 4.28064738e+18 4.30942833e+18 4.33840189e+18 4.36754996e+18 4.39685326e+18 4.42629138e+18 4.45584268e+18 4.48548426e+18 4.51519199e+18 4.54494041e+18 4.57470277e+18 4.60445102e+18 4.63415574e+18 4.66378621e+18 4.69331038e+18 4.72269488e+18 4.75190505e+18 4.78090495e+18 4.80965743e+18 4.83812412e+18 4.86626552e+18 4.89404106e+18 4.92140915e+18 4.94832726e+18 4.97475199e+18 5.00063923e+18 5.02594418e+18 5.05062151e+18 5.07462548e+18 5.09791005e+18 5.12042901e+18 5.14213617e+18 5.16298545e+18 5.18293107e+18 5.20192771e+18 5.21993065e+18 5.23689597e+18 5.25278071e+18 5.26754304e+18 5.28114243e+18 5.29353985e+18 5.30469790e+18 5.31458104e+18 5.32315569e+18 5.33039047e+18 5.33625630e+18 5.34072657e+18 5.34377731e+18 5.34538729e+18 5.34553818e+18 5.34421464e+18 5.34140446e+18 5.33709862e+18 5.33129142e+18 5.32398047e+18 5.31516685e+18 5.30485506e+18 5.29305310e+18 5.27977244e+18 5.26502807e+18 5.24883841e+18 5.23122536e+18 5.21221416e+18 5.19183338e+18 5.17011483e+18 5.14709345e+18 5.12280720e+18 5.09729695e+18 5.07060634e+18 5.04278162e+18 5.01387150e+18 4.98392698e+18 4.95300114e+18 4.92114901e+18 4.88842731e+18 4.85489431e+18 4.82060957e+18 4.78563375e+18
3.70005422e+18 3.72153114e+18 3.74339966e+18 3.76565794e+18 3.78830381e+18 3.81133468e+18 3.83474760e+18 3.85853918e+18 3.88270560e+18 3.90724256e+18 3.93214527e+18 3.95740841e+18 3.98302608e+18 4.00899181e+18 4.03529847e+18 4.06193829e+18 4.08890277e+18 4.11618265e+18 4.14376791e+18 4.17164765e+18 4.19981012e+18 4.22824262e+18 4.25693151e+18 4.28586210e+18 4.31501866e+18 4.34438435e+18 4.37394118e+18 4.40366999e+18 4.43355037e+18 4.46356066e+18 4.49367793e+18 4.52387789e+18 4.55413492e+18 4.58442205e+18 4.61471090e+18 4.64497172e+18 4.67517336e+18 4.70528327e+18 4.73526755e+18 4.76509090e+18 4.79471672e+18 4.82410708e+18 4.85322281e+18 4.88202353e+18 4.91046770e+18 4.93851273e+18 4.96611499e+18 4.99322999e+18 5.01981238e+18 5.04581612e+18 5.07119460e+18 5.09590071e+18 5.11988701e+18 5.14310589e+18 5.16550965e+18 5.18705072e+18 5.20768180e+18 5.22735602e+18 5.24602709e+18 5.26364953e+18 5.28017879e+18 5.29557148e+18 5.30978550e+18 5.32278028e+18 5.33451689e+18 5.34495829e+18 5.35406946e+18 5.36181757e+18 5.36817219e+18 5.37310539e+18 5.37659193e+18 5.37860940e+18 5.37913834e+18 5.37816238e+18 5.37566833e+18 5.37164630e+18 5.36608979e+18 5.35899574e+18 5.35036460e+18 5.34020039e+18 5.32851069e+18 5.31530671e+18 5.30060322e+18 5.28441858e+18 5.26677470e+18 5.24769695e+18 5.22721414e+18 5.20535842e+18 5.18216516e+18 5.15767287e+18 5.13192306e+18 5.10496010e+18 5.07683106e+18 5.04758556e+18 5.01727558e+18 4.98595531e+18 4.95368088e+18 4.92051025e+18 4.88650294e+18 4.85171984e+18 4.81622299e+18
3.70042117e+18 3.72198738e+18 3.74395312e+18 3.76631698e+18 3.78907722e+18 3.81223172e+18 3.83577796e+18 3.85971302e+18 3.88403355e+18 3.90873570e+18 3.93381515e+18 3.95926703e+18 3.98508591e+18 4.01126576e+18 4.03779990e+18 4.06468097e+18 4.09190091e+18 4.11945084e+18 4.14732113e+18 4.17550123e+18 4.20397974e+18 4.23274426e+18 4.26178143e+18 4.29107679e+18 4.32061484e+18 4.35037890e+18 4.38035111e+18 4.41051239e+18 4.44084237e+18 4.47131938e+18 4.50192040e+18 4.53262105e+18 4.56339553e+18 4.59421660e+18 4.62505561e+18 4.65588243e+18 4.68666549e+18 4.71737176e+18 4.74796674e+18 4.77841454e+18 4.80867783e+18 4.83871794e+18 4.86849485e+18 4.89796729e+18 4.92709274e+18 4.95582758e+18 4.98412709e+18 5.01194560e+18 5.03923657e+18 5.06595269e+18 5.09204598e+18 5.11746800e+18 5.14216986e+18 5.16610249e+18 5.18921670e+18 5.21146339e+18 5.23279369e+18 5.25315915e+18 5.27251191e+18 5.29080485e+18 5.30799184e+18 5.32402787e+18 5.33886926e+18 5.35247385e+18 5.36480116e+18 5.37581262e+18 5.38547172e+18 5.39374419e+18 5.40059818e+18 5.40600443e+18 5.40993642e+18 5.41237051e+18 5.41328611e+18 5.41266576e+18 5.41049530e+18 5.40676394e+18 5.40146437e+18 5.39459283e+18 5.38614914e+18 5.37613682e+18 5.36456305e+18 5.35143871e+18 5.33677841e+18 5.32060041e+18 5.30292663e+18 5.28378258e+18 5.26319731e+18 5.24120330e+18 5.21783638e+18 5.19313561e+18 5.16714315e+18 5.13990411e+18 5.11146640e+18 5.08188056e+18 5.05119960e+18 5.01947877e+18 4.98677539e+18 4.95314863e+18 4.91865932e+18 4.88336969e+18 4.84734319e+18
3.70073293e+18 3.72238847e+18 3.74445160e+18 3.76692136e+18 3.78979645e+18 3.81307522e+18 3.83675562e+18 3.86083519e+18 3.88531104e+18 3.91017982e+18 3.93543767e+18 3.96108018e+18 3.98710240e+18 4.01349876e+18 4.04026303e+18 4.06738829e+18 4.09486688e+18 4.12269038e+18 4.15084950e+18 4.17933410e+18 4.20813308e+18 4.23723440e+18 4.26662494e+18 4.29629054e+18 4.32621588e+18 4.35638446e+18 4.38677857e+18 4.41737919e+18 4.44816601e+18 4.47911734e+18 4.51021011e+18 4.54141979e+18 4.57272041e+18 4.60408450e+18 4.63548310e+18 4.66688571e+18 4.69826032e+18 4.72957340e+18 4.76078989e+18 4.79187324e+18 4.82278543e+18 4.85348700e+18 4.88393709e+18 4.91409349e+18 4.94391272e+18 4.97335009e+18 5.00235977e+18 5.03089492e+18 5.05890774e+18 5.08634962e+18 5.11317125e+18 5.13932277e+18 5.16475385e+18 5.18941392e+18 5.21325227e+18 5.23621824e+18 5.25826136e+18 5.27933158e+18 5.29937940e+18 5.31835608e+18 5.33621385e+18 5.35290607e+18 5.36838742e+18 5.38261412e+18 5.39554414e+18 5.40713732e+18 5.41735565e+18 5.42616337e+18 5.43352721e+18 5.43941653e+18 5.44380350e+18 5.44666325e+18 5.44797400e+18 5.44771721e+18 5.44587773e+18 5.44244384e+18 5.43740740e+18 5.43076392e+18 5.42251261e+18 5.41265646e+18 5.40120223e+18 5.38816051e+18 5.37354567e+18 5.35737591e+18 5.33967317e+18 5.32046308e+18 5.29977493e+18 5.27764156e+18 5.25409924e+18 5.22918760e+18 5.20294944e+18 5.17543065e+18 5.14667999e+18 5.11674893e+18 5.08569152e+18 5.05356410e+18 5.02042520e+18 4.98633523e+18 4.95135633e+18 4.91555212e+18 4.87898746e+18
3.70098956e+18 3.72273444e+18 3.74489511e+18 3.76747107e+18 3.79046148e+18 3.81386515e+18 3.83768050e+18 3.86190556e+18 3.88653793e+18 3.91157473e+18 3.93701259e+18 3.96284758e+18 3.98907523e+18 4.01569044e+18 4.04268743e+18 4.07005974e+18 4.09780015e+18 4.12590064e+18 4.15435234e+18 4.18314548e+18 4.21226931e+18 4.24171211e+18 4.27146106e+18 4.30150225e+18 4.33182058e+18 4.36239974e+18 4.39322215e+18 4.42426888e+18 4.45551967e+18 4.48695282e+18 4.51854518e+18 4.55027211e+18 4.58210745e+18 4.61402350e+18 4.64599097e+18 4.67797900e+18 4.70995515e+18 4.74188535e+18 4.77373399e+18 4.80546385e+18 4.83703620e+18 4.86841077e+18 4.89954585e+18 4.93039830e+18 4.96092363e+18 4.99107607e+18 5.02080867e+18 5.05007337e+18 5.07882112e+18 5.10700199e+18 5.13456529e+18 5.16145972e+18 5.18763350e+18 5.21303451e+18 5.23761050e+18 5.26130921e+18 5.28407857e+18 5.30586688e+18 5.32662297e+18 5.34629646e+18 5.36483790e+18 5.38219896e+18 5.39833269e+18 5.41319367e+18 5.42673824e+18 5.43892466e+18 5.44971336e+18 5.45906709e+18 5.46695112e+18 5.47333340e+18 5.47818477e+18 5.48147909e+18 5.48319340e+18 5.48330804e+18 5.48180682e+18 5.47867711e+18 5.47390991e+18 5.46750000e+18 5.45944595e+18 5.44975021e+18 5.43841911e+18 5.42546292e+18 5.41089583e+18 5.39473591e+18 5.37700514e+18 5.35772929e+18 5.33693787e+18 5.31466408e+18 5.29094466e+18 5.26581980e+18 5.23933298e+18 5.21153083e+18 5.18246301e+18 5.15218194e+18 5.12074270e+18 5.08820277e+18 5.05462188e+18 5.02006172e+18 4.98458577e+18 4.94825905e+18 4.91114786e+18
3.70119111e+18 3.72302533e+18 3.74528367e+18 3.76796610e+18 3.79107225e+18 3.81460140e+18 3.83855248e+18 3.86292399e+18 3.88771402e+18 3.91292019e+18 3.93853963e+18 3.96456890e+18 3.99100400e+18 4.01784033e+18 4.04507258e+18 4.07269474e+18 4.10070005e+18 4.12908090e+18 4.15782884e+18 4.18693448e+18 4.21638743e+18 4.24617631e+18 4.27628859e+18 4.30671062e+18 4.33742755e+18 4.36842323e+18 4.39968023e+18 4.43117972e+18 4.46290148e+18 4.49482380e+18 4.52692346e+18 4.55917571e+18 4.59155420e+18 4.62403098e+18 4.65657646e+18 4.68915939e+18 4.72174688e+18 4.75430435e+18 4.78679559e+18 4.81918274e+18 4.85142631e+18 4.88348524e+18 4.91531694e+18 4.94687732e+18 4.97812087e+18 5.00900072e+18 5.03946878e+18 5.06947576e+18 5.09897132e+18 5.12790419e+18 5.15622227e+18 5.18387282e+18 5.21080254e+18 5.23695779e+18 5.26228472e+18 5.28672944e+18 5.31023825e+18 5.33275776e+18 5.35423514e+18 5.37461830e+18 5.39385608e+18 5.41189847e+18 5.42869682e+18 5.44420405e+18 5.45837484e+18 5.47116584e+18 5.48253591e+18 5.49244625e+18 5.50086065e+18 5.50774564e+18 5.51307070e+18 5.51680839e+18 5.51893453e+18 5.51942835e+18 5.51827259e+18 5.51545368e+18 5.51096176e+18 5.50479086e+18 5.49693888e+18 5.48740773e+18 5.47620331e+18 5.46333556e+18 5.44881846e+18 5.43267000e+18 5.41491214e+18 5.39557081e+18 5.37467576e+18 5.35226054e+18 5.32836237e+18 5.30302199e+18 5.27628359e+18 5.24819457e+18 5.21880546e+18 5.18816968e+18 5.15634334e+18 5.12338510e+18 5.08935588e+18 5.05431869e+18 5.01833836e+18 4.98148134e+18 4.94381541e+18
3.70133761e+18 3.72326113e+18 3.74561725e+18 3.76840639e+18 3.79162867e+18 3.81528387e+18 3.83937139e+18 3.86389026e+18 3.88883905e+18 3.91421590e+18 3.94001842e+18 3.96624370e+18 3.99288824e+18 4.01994790e+18 4.04741787e+18 4.07529261e+18 4.10356581e+18 4.13223031e+18 4.16127805e+18 4.19070006e+18 4.22048631e+18 4.25062575e+18 4.28110617e+18 4.31191420e+18 4.34303519e+18 4.37445321e+18 4.40615095e+18 4.43810971e+18 4.47030929e+18 4.50272798e+18 4.53534251e+18 4.56812799e+18 4.60105790e+18 4.63410402e+18 4.66723645e+18 4.70042357e+18 4.73363202e+18 4.76682671e+18 4.79997081e+18 4.83302581e+18 4.86595147e+18 4.89870591e+18 4.93124564e+18 4.96352561e+18 4.99549927e+18 5.02711865e+18 5.05833448e+18 5.08909622e+18 5.11935224e+18 5.14904988e+18 5.17813563e+18 5.20655526e+18 5.23425396e+18 5.26117650e+18 5.28726742e+18 5.31247119e+18 5.33673242e+18 5.35999604e+18 5.38220749e+18 5.40331295e+18 5.42325954e+18 5.44199552e+18 5.45947053e+18 5.47563577e+18 5.49044426e+18 5.50385100e+18 5.51581323e+18 5.52629061e+18 5.53524540e+18 5.54264270e+18 5.54845058e+18 5.55264029e+18 5.55518642e+18 5.55606705e+18 5.55526385e+18 5.55276226e+18 5.54855158e+18 5.54262503e+18 5.53497987e+18 5.52561744e+18 5.51454321e+18 5.50176679e+18 5.48730191e+18 5.47116649e+18 5.45338250e+18 5.43397599e+18 5.41297698e+18 5.39041936e+18 5.36634082e+18 5.34078272e+18 5.31378989e+18 5.28541057e+18 5.25569616e+18 5.22470106e+18 5.19248248e+18 5.15910023e+18 5.12461649e+18 5.08909557e+18 5.05260369e+18 5.01520874e+18 4.97698003e+18
3.70142908e+18 3.72344184e+18 3.74589580e+18 3.76879186e+18 3.79213063e+18 3.81591238e+18 3.84013703e+18 3.86480411e+18 3.88991272e+18 3.91546148e+18 3.94144855e+18 3.96787152e+18 3.99472738e+18 4.02201251e+18 4.04972259e+18 4.07785255e+18 4.10639655e+18 4.13534787e+18 4.16469890e+18 4.19444103e+18 4.22456465e+18 4.25505903e+18 4.28591229e+18 4.31711131e+18 4.34864170e+18 4.38048773e+18 4.41263224e+18 4.44505661e+18 4.47774071e+18 4.51066281e+18 4.54379959e+18 4.57712603e+18 4.61061542e+18 4.64423929e+18 4.67796743e+18 4.71176783e+18 4.74560665e+18 4.77944828e+18 4.81325530e+18 4.84698849e+18 4.88060687e+18 4.91406772e+18 4.94732665e+18 4.98033763e+18 5.01305306e+18 5.04542384e+18 5.07739950e+18 5.10892824e+18 5.13995709e+18 5.17043202e+18 5.20029807e+18 5.22949949e+18 5.25797993e+18 5.28568255e+18 5.31255026e+18 5.33852585e+18 5.36355223e+18 5.38757260e+18 5.41053065e+18 5.43237082e+18 5.45303844e+18 5.47248005e+18 5.49064351e+18 5.50747831e+18 5.52293575e+18 5.53696918e+18 5.54953418e+18 5.56058883e+18 5.57009385e+18 5.57801286e+18 5.58431253e+18 5.58896277e+18 5.59193691e+18 5.59321184e+18 5.59276816e+18 5.59059032e+18 5.58666671e+18 5.58098979e+18 5.57355614e+18 5.56436651e+18 5.55342594e+18 5.54074367e+18 5.52633324e+18 5.51021244e+18 5.49240328e+18 5.47293192e+18 5.45182864e+18 5.42912769e+18 5.40486726e+18 5.37908926e+18 5.35183927e+18 5.32316630e+18 5.29312267e+18 5.26176379e+18 5.22914795e+18 5.19533615e+18 5.16039183e+18 5.12438065e+18 5.08737022e+18 5.04942991e+18 5.01063054e+18
3.70146550e+18 3.72356741e+18 3.74611924e+18 3.76912238e+18 3.79257796e+18 3.81648674e+18 3.84084915e+18 3.86566525e+18 3.89093466e+18 3.91665653e+18 3.94282953e+18 3.96945177e+18 3.99652078e+18 4.02403344e+18 4.05198592e+18 4.08037366e+18 4.10919127e+18 4.13843250e+18 4.16809016e+18 4.19815608e+18 4.22862100e+18 4.25947456e+18 4.29070520e+18 4.32230009e+18 4.35424508e+18 4.38652463e+18 4.41912175e+18 4.45201791e+18 4.48519304e+18 4.51862542e+18 4.55229164e+18 4.58616657e+18 4.62022331e+18 4.65443315e+18 4.68876554e+18 4.72318806e+18 4.75766644e+18 4.79216452e+18 4.82664425e+18 4.86106572e+18 4.89538720e+18 4.92956512e+18 4.96355416e+18 4.99730730e+18 5.03077587e+18 5.06390964e+18 5.09665690e+18 5.12896459e+18 5.16077838e+18 5.19204284e+18 5.22270152e+18 5.25269716e+18 5.28197181e+18 5.31046703e+18 5.33812404e+18 5.36488395e+18 5.39068793e+18 5.41547741e+18 5.43919432e+18 5.46178131e+18 5.48318194e+18 5.50334094e+18 5.52220440e+18 5.53972006e+18 5.55583748e+18 5.57050830e+18 5.58368646e+18 5.59532840e+18 5.60539329e+18 5.61384324e+18 5.62064350e+18 5.62576260e+18 5.62917259e+18 5.63084918e+18 5.63077185e+18 5.62892405e+18 5.62529328e+18 5.61987117e+18 5.61265361e+18 5.60364080e+18 5.59283729e+18 5.58025199e+18 5.56589820e+18 5.54979361e+18 5.53196024e+18 5.51242438e+18 5.49121657e+18 5.46837142e+18 5.44392761e+18 5.41792766e+18 5.39041784e+18 5.36144800e+18 5.33107135e+18 5.29934434e+18 5.26632637e+18 5.23207964e+18 5.19666886e+18 5.16016105e+18 5.12262527e+18 5.08413235e+18 5.04475468e+18
3.70144685e+18 3.72363777e+18 3.74628746e+18 3.76939783e+18 3.79297047e+18 3.81700669e+18 3.84150745e+18 3.86647332e+18 3.89190445e+18 3.91780054e+18 3.94416078e+18 3.97098383e+18 3.99826773e+18 4.02600988e+18 4.05420697e+18 4.08285492e+18 4.11194885e+18 4.14148295e+18 4.17145049e+18 4.20184370e+18 4.23265374e+18 4.26387059e+18 4.29548302e+18 4.32747849e+18 4.35984310e+18 4.39256152e+18 4.42561691e+18 4.45899087e+18 4.49266336e+18 4.52661266e+18 4.56081530e+18 4.59524604e+18 4.62987779e+18 4.66468156e+18 4.69962649e+18 4.73467976e+18 4.76980664e+18 4.80497039e+18 4.84013236e+18 4.87525195e+18 4.91028662e+18 4.94519198e+18 4.97992176e+18 5.01442792e+18 5.04866072e+18 5.08256876e+18 5.11609911e+18 5.14919740e+18 5.18180793e+18 5.21387383e+18 5.24533717e+18 5.27613913e+18 5.30622016e+18 5.33552017e+18 5.36397870e+18 5.39153511e+18 5.41812882e+18 5.44369948e+18 5.46818723e+18 5.49153288e+18 5.51367818e+18 5.53456606e+18 5.55414080e+18 5.57234835e+18 5.58913651e+18 5.60445519e+18 5.61825664e+18 5.63049567e+18 5.64112984e+18 5.65011976e+18 5.65742919e+18 5.66302530e+18 5.66687883e+18 5.66896427e+18 5.66925999e+18 5.66774840e+18 5.66441609e+18 5.65925387e+18 5.65225693e+18 5.64342488e+18 5.63276179e+18 5.62027622e+18 5.60598125e+18 5.58989445e+18 5.57203784e+18 5.55243786e+18 5.53112529e+18 5.50813513e+18 5.48350654e+18 5.45728265e+18 5.42951045e+18 5.40024061e+18 5.36952729e+18 5.33742795e+18 5.30400314e+18 5.26931626e+18 5.23343332e+18 5.19642273e+18 5.15835498e+18 5.11930244e+18 5.07933904e+18
3.70137307e+18 3.72365284e+18 3.74640035e+18 3.76961800e+18 3.79330793e+18 3.81747196e+18 3.84211158e+18 3.86722790e+18 3.89282161e+18 3.91889296e+18 3.94544168e+18 3.97246697e+18 3.99996740e+18 4.02794091e+18 4.05638470e+18 4.08529522e+18 4.11466804e+18 4.14449786e+18 4.17477838e+18 4.20550228e+18 4.23666109e+18 4.26824517e+18 4.30024363e+18 4.33264423e+18 4.36543331e+18 4.39859577e+18 4.43211491e+18 4.46597245e+18 4.50014841e+18 4.53462107e+18 4.56936691e+18 4.60436054e+18 4.63957469e+18 4.67498012e+18 4.71054563e+18 4.74623801e+18 4.78202203e+18 4.81786042e+18 4.85371389e+18 4.88954112e+18 4.92529880e+18 4.96094165e+18 4.99642247e+18 5.03169221e+18 5.06670000e+18 5.10139328e+18 5.13571786e+18 5.16961806e+18 5.20303680e+18 5.23591573e+18 5.26819542e+18 5.29981548e+18 5.33071472e+18 5.36083139e+18 5.39010330e+18 5.41846807e+18 5.44586332e+18 5.47222690e+18 5.49749711e+18 5.52161294e+18 5.54451428e+18 5.56614222e+18 5.58643922e+18 5.60534940e+18 5.62281878e+18 5.63879553e+18 5.65323015e+18 5.66607580e+18 5.67728845e+18 5.68682711e+18 5.69465410e+18 5.70073517e+18 5.70503974e+18 5.70754105e+18 5.70821636e+18 5.70704702e+18 5.70401867e+18 5.69912131e+18 5.69234942e+18 5.68370200e+18 5.67318263e+18 5.66079953e+18 5.64656553e+18 5.63049808e+18 5.61261922e+18 5.59295552e+18 5.57153802e+18 5.54840209e+18 5.52358739e+18 5.49713767e+18 5.46910065e+18 5.43952782e+18 5.40847431e+18 5.37599861e+18 5.34216241e+18 5.30703034e+18 5.27066975e+18 5.23315043e+18 5.19454434e+18 5.15492537e+18 5.11436907e+18
3.70124409e+18 3.72361249e+18 3.74645772e+18 3.76978270e+18 3.79359008e+18 3.81788222e+18 3.84266115e+18 3.86792853e+18 3.89368561e+18 3.91993317e+18 3.94667152e+18 3.97390038e+18 4.00161890e+18 4.02982553e+18 4.05851802e+18 4.08769331e+18 4.11734749e+18 4.14747573e+18 4.17807221e+18 4.20913001e+18 4.24064110e+18 4.27259620e+18 4.30498476e+18 4.33779485e+18 4.37101306e+18 4.40462451e+18 4.43861267e+18 4.47295937e+18 4.50764469e+18 4.54264692e+18 4.57794246e+18 4.61350582e+18 4.64930951e+18 4.68532406e+18 4.72151792e+18 4.75785747e+18 4.79430700e+18 4.83082869e+18 4.86738259e+18 4.90392668e+18 4.94041685e+18 4.97680693e+18 5.01304877e+18 5.04909228e+18 5.08488548e+18 5.12037462e+18 5.15550424e+18 5.19021731e+18 5.22445535e+18 5.25815854e+18 5.29126591e+18 5.32371546e+18 5.35544439e+18 5.38638921e+18 5.41648601e+18 5.44567063e+18 5.47387887e+18 5.50104676e+18 5.52711073e+18 5.55200791e+18 5.57567633e+18 5.59805518e+18 5.61908510e+18 5.63870835e+18 5.65686914e+18 5.67351384e+18 5.68859125e+18 5.70205280e+18 5.71385283e+18 5.72394880e+18 5.73230149e+18 5.73887526e+18 5.74363816e+18 5.74656221e+18 5.74762346e+18 5.74680224e+18 5.74408324e+18 5.73945560e+18 5.73291309e+18 5.72445408e+18 5.71408168e+18 5.70180373e+18 5.68763282e+18 5.67158629e+18 5.65368618e+18 5.63395920e+18 5.61243663e+18 5.58915425e+18 5.56415221e+18 5.53747487e+18 5.50917070e+18 5.47929204e+18 5.44789496e+18 5.41503903e+18 5.38078708e+18 5.34520501e+18 5.30836148e+18 5.27032770e+18 5.23117713e+18 5.19098521e+18 5.14982910e+18
3.70105980e+18 3.72351658e+18 3.74645939e+18 3.76989166e+18 3.79381659e+18 3.81823709e+18 3.84315571e+18 3.86857469e+18 3.89449583e+18 3.92092049e+18 3.94784951e+18 3.97528320e+18 4.00322124e+18 4.03166265e+18 4.06060569e+18 4.09004784e+18 4.11998571e+18 4.15041494e+18 4.18133017e+18 4.21272496e+18 4.24459165e+18 4.27692138e+18 4.30970393e+18 4.34292766e+18 4.37657947e+18 4.41064465e+18 4.44510687e+18 4.47994807e+18 4.51514841e+18 4.55068615e+18 4.58653765e+18 4.62267729e+18 4.65907740e+18 4.69570823e+18 4.73253790e+18 4.76953238e+18 4.80665548e+18 4.84386879e+18 4.88113174e+18 4.91840156e+18 4.95563335e+18 4.99278005e+18 5.02979253e+18 5.06661966e+18 5.10320832e+18 5.13950355e+18 5.17544862e+18 5.21098514e+18 5.24605319e+18 5.28059148e+18 5.31453747e+18 5.34782755e+18 5.38039723e+18 5.41218131e+18 5.44311413e+18 5.47312970e+18 5.50216201e+18 5.53014522e+18 5.55701387e+18 5.58270321e+18 5.60714937e+18 5.63028965e+18 5.65206279e+18 5.67240921e+18 5.69127126e+18 5.70859352e+18 5.72432300e+18 5.73840944e+18 5.75080551e+18 5.76146708e+18 5.77035340e+18 5.77742737e+18 5.78265570e+18 5.78600911e+18 5.78746251e+18 5.78699513e+18 5.78459070e+18 5.78023753e+18 5.77392861e+18 5.76566172e+18 5.75543946e+18 5.74326930e+18 5.72916358e+18 5.71313953e+18 5.69521918e+18 5.67542938e+18 5.65380168e+18 5.63037224e+18 5.60518170e+18 5.57827507e+18 5.54970156e+18 5.51951436e+18 5.48777052e+18 5.45453067e+18 5.41985882e+18 5.38382213e+18 5.34649061e+18 5.30793690e+18 5.26823597e+18 5.22746483e+18 5.18570228e+18
3.70082008e+18 3.72336494e+18 3.74640512e+18 3.76994461e+18 3.79398713e+18 3.81853614e+18 3.84359478e+18 3.86916581e+18 3.89525163e+18 3.92185416e+18 3.94897481e+18 3.97661446e+18 4.00477335e+18 4.03345105e+18 4.06264638e+18 4.09235735e+18 4.12258107e+18 4.15331370e+18 4.18455035e+18 4.21628501e+18 4.24851047e+18 4.28121824e+18 4.31439845e+18 4.34803979e+18 4.38212941e+18 4.41665285e+18 4.45159394e+18 4.48693474e+18 4.52265547e+18 4.55873440e+18 4.59514784e+18 4.63187004e+18 4.66887313e+18 4.70612710e+18 4.74359972e+18 4.78125657e+18 4.81906094e+18 4.85697387e+18 4.89495412e+18 4.93295820e+18 4.97094037e+18 5.00885269e+18 5.04664505e+18 5.08426524e+18 5.12165901e+18 5.15877017e+18 5.19554071e+18 5.23191084e+18 5.26781922e+18 5.30320304e+18 5.33799816e+18 5.37213937e+18 5.40556046e+18 5.43819451e+18 5.46997404e+18 5.50083127e+18 5.53069832e+18 5.55950744e+18 5.58719131e+18 5.61368323e+18 5.63891741e+18 5.66282925e+18 5.68535557e+18 5.70643490e+18 5.72600773e+18 5.74401680e+18 5.76040735e+18 5.77512736e+18 5.78812782e+18 5.79936299e+18 5.80879059e+18 5.81637202e+18 5.82207264e+18 5.82586186e+18 5.82771340e+18 5.82760542e+18 5.82552065e+18 5.82144654e+18 5.81537533e+18 5.80730417e+18 5.79723516e+18 5.78517538e+18 5.77113693e+18 5.75513690e+18 5.73719735e+18 5.71734524e+18 5.69561239e+18 5.67203534e+18 5.64665526e+18 5.61951779e+18 5.59067287e+18 5.56017459e+18 5.52808096e+18 5.49445370e+18 5.45935801e+18 5.42286231e+18 5.38503799e+18 5.34595914e+18 5.30570225e+18 5.26434594e+18 5.22197062e+18
3.70052479e+18 3.72315736e+18 3.74629466e+18 3.76994121e+18 3.79410130e+18 3.81877892e+18 3.84397779e+18 3.86970126e+18 3.89595227e+18 3.92273335e+18 3.95004647e+18 3.97789310e+18 4.00627405e+18 4.03518944e+18 4.06463866e+18 4.09462025e+18 4.12513185e+18 4.15617012e+18 4.18773066e+18 4.21980791e+18 4.25239509e+18 4.28548411e+18 4.31906546e+18 4.35312814e+18 4.38765958e+18 4.42264554e+18 4.45807005e+18 4.49391527e+18 4.53016150e+18 4.56678703e+18 4.60376809e+18 4.64107880e+18 4.67869112e+18 4.71657475e+18 4.75469715e+18 4.79302344e+18 4.83151644e+18 4.87013660e+18 4.90884203e+18 4.94758849e+18 4.98632942e+18 5.02501597e+18 5.06359703e+18 5.10201932e+18 5.14022743e+18 5.17816395e+18 5.21576953e+18 5.25298302e+18 5.28974159e+18 5.32598091e+18 5.36163526e+18 5.39663774e+18 5.43092047e+18 5.46441473e+18 5.49705126e+18 5.52876041e+18 5.55947242e+18 5.58911765e+18 5.61762682e+18 5.64493132e+18 5.67096342e+18 5.69565654e+18 5.71894560e+18 5.74076720e+18 5.76105996e+18 5.77976475e+18 5.79682500e+18 5.81218694e+18 5.82579986e+18 5.83761635e+18 5.84759259e+18 5.85568850e+18 5.86186802e+18 5.86609927e+18 5.86835476e+18 5.86861154e+18 5.86685135e+18 5.86306076e+18 5.85723126e+18 5.84935935e+18 5.83944662e+18 5.82749977e+18 5.81353063e+18 5.79755617e+18 5.77959845e+18 5.75968458e+18 5.73784662e+18 5.71412152e+18 5.68855095e+18 5.66118120e+18 5.63206298e+18 5.60125124e+18 5.56880499e+18 5.53478704e+18 5.49926378e+18 5.46230494e+18 5.42398328e+18 5.38437436e+18 5.34355621e+18 5.30160905e+18 5.25861497e+18
3.70017375e+18 3.72289362e+18 3.74612772e+18 3.76988112e+18 3.79415866e+18 3.81896492e+18 3.84430416e+18 3.87018034e+18 3.89659697e+18 3.92355717e+18 3.95106350e+18 3.97911800e+18 4.00772208e+18 4.03687642e+18 4.06658098e+18 4.09683483e+18 4.12763617e+18 4.15898215e+18 4.19086887e+18 4.22329123e+18 4.25624289e+18 4.28971615e+18 4.32370188e+18 4.35818939e+18 4.39316640e+18 4.42861891e+18 4.46453110e+18 4.50088530e+18 4.53766186e+18 4.57483906e+18 4.61239310e+18 4.65029797e+18 4.68852542e+18 4.72704490e+18 4.76582351e+18 4.80482597e+18 4.84401457e+18 4.88334920e+18 4.92278729e+18 4.96228386e+18 5.00179150e+18 5.04126045e+18 5.08063861e+18 5.11987159e+18 5.15890284e+18 5.19767367e+18 5.23612342e+18 5.27418953e+18 5.31180770e+18 5.34891204e+18 5.38543523e+18 5.42130869e+18 5.45646279e+18 5.49082706e+18 5.52433038e+18 5.55690125e+18 5.58846800e+18 5.61895906e+18 5.64830320e+18 5.67642985e+18 5.70326930e+18 5.72875303e+18 5.75281397e+18 5.77538682e+18 5.79640826e+18 5.81581730e+18 5.83355554e+18 5.84956742e+18 5.86380050e+18 5.87620574e+18 5.88673770e+18 5.89535481e+18 5.90201960e+18 5.90669887e+18 5.90936389e+18 5.90999061e+18 5.90855975e+18 5.90505700e+18 5.89947307e+18 5.89180383e+18 5.88205034e+18 5.87021890e+18 5.85632109e+18 5.84037374e+18 5.82239892e+18 5.80242386e+18 5.78048091e+18 5.75660739e+18 5.73084550e+18 5.70324218e+18 5.67384891e+18 5.64272152e+18 5.60992001e+18 5.57550830e+18 5.53955400e+18 5.50212814e+18 5.46330488e+18 5.42316125e+18 5.38177685e+18 5.33923351e+18 5.29561504e+18
3.69976676e+18 3.72257345e+18 3.74590397e+18 3.76976394e+18 3.79415875e+18 3.81909357e+18 3.84457325e+18 3.87060231e+18 3.89718488e+18 3.92432465e+18 3.95202480e+18 3.98028795e+18 4.00911609e+18 4.03851050e+18 4.06847168e+18 4.09899929e+18 4.13009204e+18 4.16174762e+18 4.19396261e+18 4.22673239e+18 4.26005107e+18 4.29391134e+18 4.32830444e+18 4.36322003e+18 4.39864611e+18 4.43456889e+18 4.47097277e+18 4.50784020e+18 4.54515158e+18 4.58288523e+18 4.62101728e+18 4.65952159e+18 4.69836973e+18 4.73753087e+18 4.77697177e+18 4.81665671e+18 4.85654749e+18 4.89660341e+18 4.93678122e+18 4.97703518e+18 5.01731705e+18 5.05757614e+18 5.09775933e+18 5.13781115e+18 5.17767384e+18 5.21728747e+18 5.25659004e+18 5.29551756e+18 5.33400424e+18 5.37198263e+18 5.40938377e+18 5.44613740e+18 5.48217214e+18 5.51741570e+18 5.55179513e+18 5.58523703e+18 5.61766781e+18 5.64901394e+18 5.67920224e+18 5.70816014e+18 5.73581593e+18 5.76209913e+18 5.78694068e+18 5.81027330e+18 5.83203178e+18 5.85215322e+18 5.87057734e+18 5.88724681e+18 5.90210744e+18 5.91510849e+18 5.92620295e+18 5.93534771e+18 5.94250387e+18 5.94763688e+18 5.95071680e+18 5.95171843e+18 5.95062148e+18 5.94741073e+18 5.94207612e+18 5.93461286e+18 5.92502147e+18 5.91330788e+18 5.89948338e+18 5.88356468e+18 5.86557383e+18 5.84553823e+18 5.82349045e+18 5.79946825e+18 5.77351433e+18 5.74567629e+18 5.71600637e+18 5.68456132e+18 5.65140213e+18 5.61659384e+18 5.58020529e+18 5.54230880e+18 5.50297997e+18 5.46229731e+18 5.42034200e+18 5.37719751e+18 5.33294935e+18
3.69930361e+18 3.72219658e+18 3.74562306e+18 3.76958922e+18 3.79410105e+18 3.81916427e+18 3.84478434e+18 3.87096636e+18 3.89771508e+18 3.92503477e+18 3.95292922e+18 3.98140165e+18 4.01045465e+18 4.04009007e+18 4.07030902e+18 4.10111168e+18 4.13249734e+18 4.16446420e+18 4.19700935e+18 4.23012866e+18 4.26381665e+18 4.29806647e+18 4.33286970e+18 4.36821634e+18 4.40409469e+18 4.44049120e+18 4.47739046e+18 4.51477504e+18 4.55262544e+18 4.59091996e+18 4.62963470e+18 4.66874339e+18 4.70821739e+18 4.74802561e+18 4.78813446e+18 4.82850780e+18 4.86910692e+18 4.90989050e+18 4.95081465e+18 4.99183284e+18 5.03289600e+18 5.07395249e+18 5.11494816e+18 5.15582645e+18 5.19652841e+18 5.23699283e+18 5.27715635e+18 5.31695355e+18 5.35631714e+18 5.39517809e+18 5.43346578e+18 5.47110826e+18 5.50803236e+18 5.54416400e+18 5.57942833e+18 5.61375006e+18 5.64705365e+18 5.67926361e+18 5.71030475e+18 5.74010250e+18 5.76858316e+18 5.79567421e+18 5.82130462e+18 5.84540514e+18 5.86790857e+18 5.88875012e+18 5.90786764e+18 5.92520196e+18 5.94069714e+18 5.95430075e+18 5.96596415e+18 5.97564270e+18 5.98329604e+18 5.98888828e+18 5.99238822e+18 5.99376952e+18 5.99301086e+18 5.99009612e+18 5.98501443e+18 5.97776034e+18 5.96833385e+18 5.95674047e+18 5.94299123e+18 5.92710270e+18 5.90909694e+18 5.88900146e+18 5.86684912e+18 5.84267806e+18 5.81653153e+18 5.78845777e+18 5.75850980e+18 5.72674528e+18 5.69322621e+18 5.65801876e+18 5.62119299e+18 5.58282258e+18 5.54298451e+18 5.50175884e+18 5.45922830e+18 5.41547805e+18 5.37059530e+18
3.69878403e+18 3.72176267e+18 3.74528459e+18 3.76935651e+18 3.79398500e+18 3.81917638e+18 3.84493669e+18 3.87127164e+18 3.89818659e+18 3.92568641e+18 3.95377552e+18 3.98245772e+18 4.01173621e+18 4.04161345e+18 4.07209110e+18 4.10316996e+18 4.13484982e+18 4.16712945e+18 4.20000644e+18 4.23347713e+18 4.26753651e+18 4.30217813e+18 4.33739398e+18 4.37317439e+18 4.40950792e+18 4.44638131e+18 4.48377933e+18 4.52168467e+18 4.56007791e+18 4.59893739e+18 4.63823912e+18 4.67795672e+18 4.71806137e+18 4.75852170e+18 4.79930376e+18 4.84037097e+18 4.88168413e+18 4.92320132e+18 4.96487794e+18 5.00666673e+18 5.04851774e+18 5.09037838e+18 5.13219350e+18 5.17390539e+18 5.21545392e+18 5.25677658e+18 5.29780865e+18 5.33848328e+18 5.37873164e+18 5.41848310e+18 5.45766540e+18 5.49620485e+18 5.53402651e+18 5.57105444e+18 5.60721194e+18 5.64242175e+18 5.67660640e+18 5.70968839e+18 5.74159055e+18 5.77223625e+18 5.80154978e+18 5.82945660e+18 5.85588366e+18 5.88075969e+18 5.90401554e+18 5.92558449e+18 5.94540249e+18 5.96340853e+18 5.97954489e+18 5.99375743e+18 6.00599588e+18 6.01621403e+18 6.02437008e+18 6.03042675e+18 6.03435159e+18 6.03611710e+18 6.03570092e+18 6.03308601e+18 6.02826070e+18 6.02121887e+18 6.01195998e+18 6.00048912e+18 5.98681706e+18 5.97096023e+18 5.95294068e+18 5.93278605e+18 5.91052948e+18 5.88620949e+18 5.85986989e+18 5.83155956e+18 5.80133233e+18 5.76924673e+18 5.73536582e+18 5.69975689e+18 5.66249124e+18 5.62364389e+18 5.58329327e+18 5.54152093e+18 5.49841123e+18 5.45405099e+18 5.40852916e+18
3.69820776e+18 3.72127140e+18 3.74488814e+18 3.76906529e+18 3.79381001e+18 3.81912919e+18 3.84502949e+18 3.87151723e+18 3.89859837e+18 3.92627842e+18 3.95456238e+18 3.98345470e+18 4.01295916e+18 4.04307883e+18 4.07381598e+18 4.10517195e+18 4.13714712e+18 4.16974078e+18 4.20295104e+18 4.23677475e+18 4.27120734e+18 4.30624278e+18 4.34187344e+18 4.37809002e+18 4.41488136e+18 4.45223446e+18 4.49013427e+18 4.52856363e+18 4.56750320e+18 4.60693133e+18 4.64682397e+18 4.68715465e+18 4.72789431e+18 4.76901133e+18 4.81047140e+18 4.85223753e+18 4.89426996e+18 4.93652621e+18 4.97896098e+18 5.02152622e+18 5.06417113e+18 5.10684218e+18 5.14948316e+18 5.19203525e+18 5.23443710e+18 5.27662491e+18 5.31853259e+18 5.36009181e+18 5.40123222e+18 5.44188160e+18 5.48196599e+18 5.52140997e+18 5.56013680e+18 5.59806868e+18 5.63512702e+18 5.67123261e+18 5.70630601e+18 5.74026770e+18 5.77303849e+18 5.80453971e+18 5.83469360e+18 5.86342358e+18 5.89065455e+18 5.91631324e+18 5.94032852e+18 5.96263169e+18 5.98315681e+18 6.00184102e+18 6.01862479e+18 6.03345226e+18 6.04627150e+18 6.05703475e+18 6.06569870e+18 6.07222473e+18 6.07657909e+18 6.07873311e+18 6.07866340e+18 6.07635197e+18 6.07178635e+18 6.06495974e+18 6.05587105e+18 6.04452496e+18 6.03093197e+18 6.01510834e+18 5.99707615e+18 5.97686315e+18 5.95450276e+18 5.93003390e+18 5.90350091e+18 5.87495334e+18 5.84444580e+18 5.81203776e+18 5.77779328e+18 5.74178082e+18 5.70407292e+18 5.66474595e+18 5.62387978e+18 5.58155750e+18 5.53786509e+18 5.49289103e+18 5.44672605e+18
3.69757449e+18 3.72072237e+18 3.74443325e+18 3.76871502e+18 3.79357542e+18 3.81902196e+18 3.84506189e+18 3.87170216e+18 3.89894933e+18 3.92680954e+18 3.95528842e+18 3.98439103e+18 4.01412178e+18 4.04448433e+18 4.07548155e+18 4.10711537e+18 4.13938673e+18 4.17229546e+18 4.20584021e+18 4.24001830e+18 4.27482565e+18 4.31025664e+18 4.34630405e+18 4.38295889e+18 4.42021035e+18 4.45804565e+18 4.49644994e+18 4.53540622e+18 4.57489523e+18 4.61489531e+18 4.65538240e+18 4.69632987e+18 4.73770848e+18 4.77948634e+18 4.82162877e+18 4.86409836e+18 4.90685484e+18 4.94985509e+18 4.99305315e+18 5.03640019e+18 5.07984453e+18 5.12333168e+18 5.16680439e+18 5.21020272e+18 5.25346407e+18 5.29652337e+18 5.33931312e+18 5.38176352e+18 5.42380269e+18 5.46535677e+18 5.50635014e+18 5.54670561e+18 5.58634462e+18 5.62518752e+18 5.66315379e+18 5.70016227e+18 5.73613152e+18 5.77098000e+18 5.80462647e+18 5.83699021e+18 5.86799140e+18 5.89755138e+18 5.92559302e+18 5.95204101e+18 5.97682222e+18 5.99986597e+18 6.02110441e+18 6.04047278e+18 6.05790978e+18 6.07335778e+18 6.08676319e+18 6.09807667e+18 6.10725342e+18 6.11425343e+18 6.11904165e+18 6.12158825e+18 6.12186877e+18 6.11986428e+18 6.11556150e+18 6.10895295e+18 6.10003697e+18 6.08881783e+18 6.07530575e+18 6.05951685e+18 6.04147318e+18 6.02120265e+18 5.99873893e+18 5.97412136e+18 5.94739480e+18 5.91860949e+18 5.88782083e+18 5.85508919e+18 5.82047970e+18 5.78406194e+18 5.74590972e+18 5.70610077e+18 5.66471642e+18 5.62184131e+18 5.57756302e+18 5.53197176e+18 5.48515999e+18
3.69688389e+18 3.72011519e+18 3.74391944e+18 3.76830513e+18 3.79328058e+18 3.81885391e+18 3.84503299e+18 3.87182539e+18 3.89923830e+18 3.92727847e+18 3.95595218e+18 3.98526511e+18 4.01522227e+18 4.04582796e+18 4.07708564e+18 4.10899782e+18 4.14156603e+18 4.17479066e+18 4.20867085e+18 4.24320444e+18 4.27838782e+18 4.31421580e+18 4.35068156e+18 4.38777646e+18 4.42549000e+18 4.46380964e+18 4.50272076e+18 4.54220649e+18 4.58224764e+18 4.62282259e+18 4.66390721e+18 4.70547477e+18 4.74749582e+18 4.78993819e+18 4.83276686e+18 4.87594398e+18 4.91942874e+18 4.96317745e+18 5.00714342e+18 5.05127705e+18 5.09552579e+18 5.13983418e+18 5.18414392e+18 5.22839392e+18 5.27252038e+18 5.31645690e+18 5.36013456e+18 5.40348213e+18 5.44642614e+18 5.48889111e+18 5.53079971e+18 5.57207300e+18 5.61263059e+18 5.65239095e+18 5.69127162e+18 5.72918949e+18 5.76606107e+18 5.80180283e+18 5.83633145e+18 5.86956413e+18 5.90141898e+18 5.93181526e+18 5.96067377e+18 5.98791717e+18 6.01347028e+18 6.03726047e+18 6.05921794e+18 6.07927604e+18 6.09737164e+18 6.11344536e+18 6.12744192e+18 6.13931041e+18 6.14900451e+18 6.15648281e+18 6.16170897e+18 6.16465196e+18 6.16528626e+18 6.16359198e+18 6.15955503e+18 6.15316723e+18 6.14442637e+18 6.13333630e+18 6.11990693e+18 6.10415426e+18 6.08610032e+18 6.06577314e+18 6.04320669e+18 6.01844069e+18 5.99152055e+18 5.96249717e+18 5.93142676e+18 5.89837063e+18 5.86339492e+18 5.82657039e+18 5.78797212e+18 5.74767919e+18 5.70577441e+18 5.66234396e+18 5.61747707e+18 5.57126564e+18 5.52380392e+18
3.69613563e+18 3.71944942e+18 3.74334618e+18 3.76783498e+18 3.79292474e+18 3.81862420e+18 3.84494184e+18 3.87188584e+18 3.89946405e+18 3.92768385e+18 3.95655213e+18 3.98607521e+18 4.01625875e+18 4.04710764e+18 4.07862595e+18 4.11081681e+18 4.14368230e+18 4.17722337e+18 4.21143971e+18 4.24632965e+18 4.28189004e+18 4.31811616e+18 4.35500157e+18 4.39253799e+18 4.43071522e+18 4.46952101e+18 4.50894091e+18 4.54895821e+18 4.58955381e+18 4.63070611e+18 4.67239093e+18 4.71458141e+18 4.75724791e+18 4.80035799e+18 4.84387628e+18 4.88776448e+18 4.93198126e+18 4.97648231e+18 5.02122027e+18 5.06614472e+18 5.11120224e+18 5.15633642e+18 5.20148789e+18 5.24659442e+18 5.29159096e+18 5.33640979e+18 5.38098061e+18 5.42523067e+18 5.46908497e+18 5.51246636e+18 5.55529582e+18 5.59749262e+18 5.63897454e+18 5.67965815e+18 5.71945905e+18 5.75829215e+18 5.79607195e+18 5.83271284e+18 5.86812944e+18 5.90223688e+18 5.93495116e+18 5.96618945e+18 5.99587048e+18 6.02391484e+18 6.05024532e+18 6.07478729e+18 6.09746900e+18 6.11822191e+18 6.13698103e+18 6.15368523e+18 6.16827754e+18 6.18070543e+18 6.19092109e+18 6.19888167e+18 6.20454954e+18 6.20789247e+18 6.20888385e+18 6.20750286e+18 6.20373456e+18 6.19757008e+18 6.18900665e+18 6.17804768e+18 6.16470279e+18 6.14898785e+18 6.13092486e+18 6.11054200e+18 6.08787349e+18 6.06295946e+18 6.03584587e+18 6.00658430e+18 5.97523175e+18 5.94185046e+18 5.90650763e+18 5.86927517e+18 5.83022944e+18 5.78945089e+18 5.74702381e+18 5.70303594e+18 5.65757814e+18 5.61074405e+18 5.56262968e+18
3.69532931e+18 3.71872461e+18 3.74271293e+18 3.76730394e+18 3.79250716e+18 3.81833195e+18 3.84478742e+18 3.87188238e+18 3.89962530e+18 3.92802422e+18 3.95708665e+18 3.98681956e+18 4.01722923e+18 4.04832119e+18 4.08010011e+18 4.11256972e+18 4.14573268e+18 4.17959050e+18 4.21414341e+18 4.24939026e+18 4.28532837e+18 4.32195346e+18 4.35925948e+18 4.39723853e+18 4.43588073e+18 4.47517407e+18 4.51510432e+18 4.55565492e+18 4.59680685e+18 4.63853855e+18 4.68082577e+18 4.72364154e+18 4.76695604e+18 4.81073652e+18 4.85494729e+18 4.89954958e+18 4.94450156e+18 4.98975830e+18 5.03527173e+18 5.08099065e+18 5.12686076e+18 5.17282466e+18 5.21882194e+18 5.26478920e+18 5.31066016e+18 5.35636578e+18 5.40183432e+18 5.44699157e+18 5.49176092e+18 5.53606360e+18 5.57981886e+18 5.62294418e+18 5.66535551e+18 5.70696750e+18 5.74769381e+18 5.78744733e+18 5.82614055e+18 5.86368579e+18 5.89999558e+18 5.93498296e+18 5.96856182e+18 6.00064723e+18 6.03115583e+18 6.06000613e+18 6.08711889e+18 6.11241745e+18 6.13582810e+18 6.15728040e+18 6.17670751e+18 6.19404651e+18 6.20923874e+18 6.22223005e+18 6.23297110e+18 6.24141762e+18 6.24753067e+18 6.25127681e+18 6.25262836e+18 6.25156351e+18 6.24806651e+18 6.24212777e+18 6.23374396e+18 6.22291806e+18 6.20965939e+18 6.19398367e+18 6.17591289e+18 6.15547536e+18 6.13270556e+18 6.10764405e+18 6.08033732e+18 6.05083761e+18 6.01920276e+18 5.98549591e+18 5.94978533e+18 5.91214410e+18 5.87264985e+18 5.83138442e+18 5.78843358e+18 5.74388662e+18 5.69783607e+18 5.65037729e+18 5.60160808e+18
3.69446455e+18 3.71794026e+18 3.74201910e+18 3.76671131e+18 3.79202704e+18 3.81797625e+18 3.84456870e+18 3.87181382e+18 3.89972072e+18 3.92829808e+18 3.95755408e+18 3.98749631e+18 4.01813168e+18 4.04946635e+18 4.08150563e+18 4.11425382e+18 4.14771419e+18 4.18188882e+18 4.21677846e+18 4.25238248e+18 4.28869869e+18 4.32572325e+18 4.36345052e+18 4.40187297e+18 4.44098102e+18 4.48076294e+18 4.52120470e+18 4.56228991e+18 4.60399963e+18 4.64631230e+18 4.68920367e+18 4.73264662e+18 4.77661113e+18 4.82106420e+18 4.86596977e+18 4.91128862e+18 4.95697842e+18 5.00299361e+18 5.04928541e+18 5.09580185e+18 5.14248771e+18 5.18928465e+18 5.23613118e+18 5.28296273e+18 5.32971179e+18 5.37630798e+18 5.42267815e+18 5.46874657e+18 5.51443507e+18 5.55966322e+18 5.60434854e+18 5.64840671e+18 5.69175183e+18 5.73429663e+18 5.77595281e+18 5.81663127e+18 5.85624244e+18 5.89469657e+18 5.93190410e+18 5.96777596e+18 6.00222391e+18 6.03516094e+18 6.06650155e+18 6.09616218e+18 6.12406154e+18 6.15012095e+18 6.17426473e+18 6.19642049e+18 6.21651956e+18 6.23449723e+18 6.25029312e+18 6.26385144e+18 6.27512135e+18 6.28405714e+18 6.29061852e+18 6.29477088e+18 6.29648542e+18 6.29573936e+18 6.29251612e+18 6.28680540e+18 6.27860329e+18 6.26791234e+18 6.25474159e+18 6.23910657e+18 6.22102929e+18 6.20053817e+18 6.17766797e+18 6.15245964e+18 6.12496023e+18 6.09522266e+18 6.06330557e+18 6.02927304e+18 5.99319439e+18 5.95514388e+18 5.91520041e+18 5.87344723e+18 5.82997157e+18 5.78486431e+18 5.73821964e+18 5.69013463e+18 5.64070891e+18
3.69354091e+18 3.71709587e+18 3.74126407e+18 3.76605638e+18 3.79148354e+18 3.81755614e+18 3.84428457e+18 3.87167891e+18 3.89974891e+18 3.92850389e+18 3.95795268e+18 3.98810351e+18 4.01896395e+18 4.05054078e+18 4.08283992e+18 4.11586630e+18 4.14962376e+18 4.18411496e+18 4.21934120e+18 4.25530236e+18 4.29199674e+18 4.32942095e+18 4.36756975e+18 4.40643599e+18 4.44601040e+18 4.48628153e+18 4.52723556e+18 4.56885624e+18 4.61112473e+18 4.65401952e+18 4.69751628e+18 4.74158778e+18 4.78620383e+18 4.83133113e+18 4.87693326e+18 4.92297059e+18 4.96940024e+18 5.01617604e+18 5.06324851e+18 5.11056486e+18 5.15806903e+18 5.20570166e+18 5.25340020e+18 5.30109894e+18 5.34872910e+18 5.39621895e+18 5.44349395e+18 5.49047684e+18 5.53708788e+18 5.58324496e+18 5.62886387e+18 5.67385850e+18 5.71814107e+18 5.76162241e+18 5.80421224e+18 5.84581943e+18 5.88635238e+18 5.92571926e+18 5.96382839e+18 6.00058859e+18 6.03590950e+18 6.06970197e+18 6.10187841e+18 6.13235317e+18 6.16104287e+18 6.18786681e+18 6.21274733e+18 6.23561013e+18 6.25638463e+18 6.27500436e+18 6.29140719e+18 6.30553573e+18 6.31733757e+18 6.32676558e+18 6.33377815e+18 6.33833942e+18 6.34041951e+18 6.33999468e+18 6.33704748e+18 6.33156690e+18 6.32354847e+18 6.31299428e+18 6.29991309e+18 6.28432026e+18 6.26623779e+18 6.24569423e+18 6.22272460e+18 6.19737028e+18 6.16967883e+18 6.13970388e+18 6.10750485e+18 6.07314679e+18 6.03670006e+18 5.99824010e+18 5.95784710e+18 5.91560569e+18 5.87160460e+18 5.82593628e+18 5.77869659e+18 5.72998433e+18 5.67990094e+18
3.69255796e+18 3.71619090e+18 3.74044722e+18 3.76533839e+18 3.79087579e+18 3.81707062e+18 3.84393390e+18 3.87147636e+18 3.89970841e+18 3.92864000e+18 3.95828063e+18 3.98863917e+18 4.01972383e+18 4.05154203e+18 4.08410031e+18 4.11740423e+18 4.15145821e+18 4.18626547e+18 4.22182789e+18 4.25814584e+18 4.29521813e+18 4.33304181e+18 4.37161207e+18 4.41092211e+18 4.45096300e+18 4.49172354e+18 4.53319016e+18 4.57534674e+18 4.61817454e+18 4.66165208e+18 4.70575498e+18 4.75045590e+18 4.79572445e+18 4.84152707e+18 4.88782698e+18 4.93458411e+18 4.98175504e+18 5.02929299e+18 5.07714778e+18 5.12526583e+18 5.17359018e+18 5.22206049e+18 5.27061314e+18 5.31918125e+18 5.36769480e+18 5.41608072e+18 5.46426302e+18 5.51216295e+18 5.55969917e+18 5.60678791e+18 5.65334322e+18 5.69927717e+18 5.74450012e+18 5.78892099e+18 5.83244749e+18 5.87498650e+18 5.91644434e+18 5.95672710e+18 5.99574099e+18 6.03339270e+18 6.06958975e+18 6.10424085e+18 6.13725630e+18 6.16854832e+18 6.19803150e+18 6.22562308e+18 6.25124341e+18 6.27481624e+18 6.29626915e+18 6.31553383e+18 6.33254645e+18 6.34724796e+18 6.35958442e+18 6.36950725e+18 6.37697350e+18 6.38194610e+18 6.38439405e+18 6.38429263e+18 6.38162356e+18 6.37637510e+18 6.36854219e+18 6.35812650e+18 6.34513647e+18 6.32958731e+18 6.31150100e+18 6.29090622e+18 6.26783826e+18 6.24233888e+18 6.21445623e+18 6.18424459e+18 6.15176420e+18 6.11708104e+18 6.08026654e+18 6.04139731e+18 6.00055484e+18 5.95782514e+18 5.91329844e+18 5.86706878e+18 5.81923367e+18 5.76989367e+18 5.71915202e+18
3.69151523e+18 3.71522478e+18 3.73956787e+18 3.76455657e+18 3.79020288e+18 3.81651864e+18 3.84351550e+18 3.87120485e+18 3.89959772e+18 3.92870475e+18 3.95853607e+18 3.98910121e+18 4.02040903e+18 4.05246759e+18 4.08528405e+18 4.11886459e+18 4.15321423e+18 4.18833677e+18 4.22423462e+18 4.26090871e+18 4.29835830e+18 4.33658093e+18 4.37557220e+18 4.41532567e+18 4.45583275e+18 4.49708250e+18 4.53906157e+18 4.58175402e+18 4.62514118e+18 4.66920161e+18 4.71391089e+18 4.75924157e+18 4.80516305e+18 4.85164151e+18 4.89863981e+18 4.94611745e+18 4.99403047e+18 5.04233150e+18 5.09096962e+18 5.13989048e+18 5.18903620e+18 5.23834549e+18 5.28775364e+18 5.33719261e+18 5.38659112e+18 5.43587475e+18 5.48496610e+18 5.53378489e+18 5.58224819e+18 5.63027056e+18 5.67776431e+18 5.72463969e+18 5.77080520e+18 5.81616781e+18 5.86063327e+18 5.90410642e+18 5.94649152e+18 5.98769257e+18 6.02761366e+18 6.06615935e+18 6.10323502e+18 6.13874725e+18 6.17260420e+18 6.20471601e+18 6.23499516e+18 6.26335688e+18 6.28971949e+18 6.31400483e+18 6.33613857e+18 6.35605061e+18 6.37367538e+18 6.38895219e+18 6.40182554e+18 6.41224541e+18 6.42016751e+18 6.42555353e+18 6.42837137e+18 6.42859533e+18 6.42620627e+18 6.42119174e+18 6.41354609e+18 6.40327054e+18 6.39037323e+18 6.37486922e+18 6.35678046e+18 6.33613575e+18 6.31297064e+18 6.28732733e+18 6.25925448e+18 6.22880706e+18 6.19604613e+18 6.16103860e+18 6.12385697e+18 6.08457903e+18 6.04328754e+18 6.00006993e+18 5.95501790e+18 5.90822710e+18 5.85979669e+18 5.80982898e+18 5.75842903e+18
3.69041224e+18 3.71419693e+18 3.73862532e+18 3.76371010e+18 3.78946388e+18 3.81589914e+18 3.84302816e+18 3.87086298e+18 3.89941530e+18 3.92869640e+18 3.95871708e+18 3.98948751e+18 4.02101720e+18 4.05331487e+18 4.08638830e+18 4.12024428e+18 4.15488845e+18 4.19032517e+18 4.22655741e+18 4.26358663e+18 4.30141260e+18 4.34003329e+18 4.37944472e+18 4.41964086e+18 4.46061341e+18 4.50235173e+18 4.54484268e+18 4.58807048e+18 4.63201657e+18 4.67665952e+18 4.72197489e+18 4.76793510e+18 4.81450938e+18 4.86166362e+18 4.90936033e+18 4.95755858e+18 5.00621388e+18 5.05527823e+18 5.10470004e+18 5.15442412e+18 5.20439173e+18 5.25454059e+18 5.30480490e+18 5.35511548e+18 5.40539977e+18 5.45558203e+18 5.50558340e+18 5.55532211e+18 5.60471361e+18 5.65367081e+18 5.70210426e+18 5.74992241e+18 5.79703186e+18 5.84333767e+18 5.88874359e+18 5.93315244e+18 5.97646641e+18 6.01858740e+18 6.05941739e+18 6.09885879e+18 6.13681485e+18 6.17319000e+18 6.20789028e+18 6.24082372e+18 6.27190072e+18 6.30103444e+18 6.32814123e+18 6.35314096e+18 6.37595743e+18 6.39651871e+18 6.41475751e+18 6.43061149e+18 6.44402359e+18 6.45494233e+18 6.46332208e+18 6.46912331e+18 6.47231280e+18 6.47286387e+18 6.47075651e+18 6.46597756e+18 6.45852077e+18 6.44838693e+18 6.43558385e+18 6.42012645e+18 6.40203665e+18 6.38134337e+18 6.35808244e+18 6.33229645e+18 6.30403461e+18 6.27335256e+18 6.24031218e+18 6.20498132e+18 6.16743353e+18 6.12774779e+18 6.08600815e+18 6.04230343e+18 5.99672683e+18 5.94937558e+18 5.90035052e+18 5.84975570e+18 5.79769799e+18
3.68924847e+18 3.71310674e+18 3.73761887e+18 3.76279815e+18 3.78865782e+18 3.81521100e+18 3.84247061e+18 3.87044934e+18 3.89915955e+18 3.92861317e+18 3.95882165e+18 3.98979585e+18 4.02154592e+18 4.05408119e+18 4.08741012e+18 4.12154010e+18 4.15647737e+18 4.19222688e+18 4.22879216e+18 4.26617517e+18 4.30437621e+18 4.34339370e+18 4.38322408e+18 4.42386170e+18 4.46529859e+18 4.50752438e+18 4.55052617e+18 4.59428832e+18 4.63879239e+18 4.68401698e+18 4.72993760e+18 4.77652657e+18 4.82375292e+18 4.87158229e+18 4.91997682e+18 4.96889514e+18 5.01829225e+18 5.06811953e+18 5.11832467e+18 5.16885171e+18 5.21964100e+18 5.27062929e+18 5.32174970e+18 5.37293188e+18 5.42410203e+18 5.47518304e+18 5.52609464e+18 5.57675353e+18 5.62707358e+18 5.67696600e+18 5.72633962e+18 5.77510106e+18 5.82315505e+18 5.87040471e+18 5.91675180e+18 5.96209713e+18 6.00634079e+18 6.04938261e+18 6.09112243e+18 6.13146053e+18 6.17029801e+18 6.20753716e+18 6.24308191e+18 6.27683814e+18 6.30871418e+18 6.33862115e+18 6.36647339e+18 6.39218882e+18 6.41568936e+18 6.43690125e+18 6.45575546e+18 6.47218801e+18 6.48614028e+18 6.49755934e+18 6.50639820e+18 6.51261610e+18 6.51617871e+18 6.51705836e+18 6.51523418e+18 6.51069228e+18 6.50342584e+18 6.49343517e+18 6.48072781e+18 6.46531848e+18 6.44722909e+18 6.42648870e+18 6.40313337e+18 6.37720611e+18 6.34875667e+18 6.31784138e+18 6.28452291e+18 6.24887006e+18 6.21095744e+18 6.17086520e+18 6.12867869e+18 6.08448811e+18 6.03838818e+18 5.99047770e+18 5.94085917e+18 5.88963841e+18 5.83692408e+18
3.68802341e+18 3.71195358e+18 3.73654776e+18 3.76181985e+18 3.78778370e+18 3.81445308e+18 3.84184155e+18 3.86996246e+18 3.89882881e+18 3.92845322e+18 3.95884777e+18 3.99002399e+18 4.02199268e+18 4.05476384e+18 4.08834653e+18 4.12274878e+18 4.15797744e+18 4.19403802e+18 4.23093464e+18 4.26866978e+18 4.30724422e+18 4.34665686e+18 4.38690458e+18 4.42798207e+18 4.46988172e+18 4.51259344e+18 4.55610454e+18 4.60039956e+18 4.64546015e+18 4.69126495e+18 4.73778944e+18 4.78500582e+18 4.83288293e+18 4.88138615e+18 4.93047728e+18 4.98011449e+18 5.03025227e+18 5.08084139e+18 5.13182883e+18 5.18315784e+18 5.23476788e+18 5.28659471e+18 5.33857040e+18 5.39062341e+18 5.44267870e+18 5.49465781e+18 5.54647905e+18 5.59805759e+18 5.64930570e+18 5.70013294e+18 5.75044637e+18 5.80015082e+18 5.84914913e+18 5.89734247e+18 5.94463065e+18 5.99091241e+18 6.03608580e+18 6.08004854e+18 6.12269834e+18 6.16393336e+18 6.20365255e+18 6.24175606e+18 6.27814567e+18 6.31272517e+18 6.34540079e+18 6.37608160e+18 6.40467994e+18 6.43111179e+18 6.45529715e+18 6.47716047e+18 6.49663098e+18 6.51364303e+18 6.52813645e+18 6.54005686e+18 6.54935592e+18 6.55599162e+18 6.55992854e+18 6.56113799e+18 6.55959826e+18 6.55529473e+18 6.54821998e+18 6.53837388e+18 6.52576365e+18 6.51040384e+18 6.49231636e+18 6.47153036e+18 6.44808219e+18 6.42201524e+18 6.39337980e+18 6.36223289e+18 6.32863798e+18 6.29266480e+18 6.25438903e+18 6.21389198e+18 6.17126030e+18 6.12658559e+18 6.07996405e+18 6.03149607e+18 5.98128581e+18 5.92944084e+18 5.87607164e+18
3.68673652e+18 3.71073682e+18 3.73541124e+18 3.76077431e+18 3.78684050e+18 3.81362421e+18 3.84113966e+18 3.86940084e+18 3.89842142e+18 3.92821467e+18 3.95879334e+18 3.99016961e+18 4.02235495e+18 4.05535999e+18 4.08919445e+18 4.12386696e+18 4.15938498e+18 4.19575463e+18 4.23298055e+18 4.27106578e+18 4.31001160e+18 4.34981736e+18 4.39048037e+18 4.43199571e+18 4.47435610e+18 4.51755174e+18 4.56157014e+18 4.60639603e+18 4.65201116e+18 4.69839420e+18 4.74552060e+18 4.79336245e+18 4.84188842e+18 4.89106359e+18 4.94084944e+18 4.99120370e+18 5.04208034e+18 5.09342951e+18 5.14519751e+18 5.19732676e+18 5.24975588e+18 5.30241961e+18 5.35524898e+18 5.40817127e+18 5.46111019e+18 5.51398595e+18 5.56671541e+18 5.61921224e+18 5.67138712e+18 5.72314794e+18 5.77440000e+18 5.82504633e+18 5.87498789e+18 5.92412394e+18 5.97235227e+18 6.01956961e+18 6.06567195e+18 6.11055489e+18 6.15411405e+18 6.19624543e+18 6.23684584e+18 6.27581331e+18 6.31304746e+18 6.34844999e+18 6.38192503e+18 6.41337962e+18 6.44272408e+18 6.46987243e+18 6.49474281e+18 6.51725783e+18 6.53734499e+18 6.55493700e+18 6.56997212e+18 6.58239450e+18 6.59215446e+18 6.59920876e+18 6.60352086e+18 6.60506109e+18 6.60380686e+18 6.59974283e+18 6.59286098e+18 6.58316075e+18 6.57064903e+18 6.55534021e+18 6.53725616e+18 6.51642616e+18 6.49288680e+18 6.46668190e+18 6.43786227e+18 6.40648560e+18 6.37261618e+18 6.33632466e+18 6.29768777e+18 6.25678802e+18 6.21371331e+18 6.16855666e+18 6.12141574e+18 6.07239252e+18 6.02159284e+18 5.96912600e+18 5.91510428e+18
3.68538725e+18 3.70945578e+18 3.73420853e+18 3.75966062e+18 3.78582717e+18 3.81272320e+18 3.84036358e+18 3.86876295e+18 3.89793565e+18 3.92789560e+18 3.95865622e+18 3.99023036e+18 4.02263012e+18 4.05586680e+18 4.08995074e+18 4.12489122e+18 4.16069628e+18 4.19737264e+18 4.23492550e+18 4.27335843e+18 4.31267321e+18 4.35286966e+18 4.39394552e+18 4.43589625e+18 4.47871490e+18 4.52239195e+18 4.56691516e+18 4.61226941e+18 4.65843655e+18 4.70539531e+18 4.75312108e+18 4.80158587e+18 4.85075815e+18 4.90060276e+18 4.95108080e+18 5.00214960e+18 5.05376259e+18 5.10586932e+18 5.15841539e+18 5.21134244e+18 5.26458818e+18 5.31808642e+18 5.37176707e+18 5.42555629e+18 5.47937653e+18 5.53314665e+18 5.58678209e+18 5.64019503e+18 5.69329454e+18 5.74598684e+18 5.79817550e+18 5.84976174e+18 5.90064465e+18 5.95072155e+18 5.99988827e+18 6.04803950e+18 6.09506917e+18 6.14087079e+18 6.18533785e+18 6.22836424e+18 6.26984462e+18 6.30967487e+18 6.34775250e+18 6.38397710e+18 6.41825071e+18 6.45047832e+18 6.48056826e+18 6.50843260e+18 6.53398759e+18 6.55715404e+18 6.57785769e+18 6.59602960e+18 6.61160649e+18 6.62453104e+18 6.63475224e+18 6.64222560e+18 6.64691346e+18 6.64878516e+18 6.64781727e+18 6.64399370e+18 6.63730584e+18 6.62775267e+18 6.61534079e+18 6.60008440e+18 6.58200534e+18 6.56113302e+18 6.53750429e+18 6.51116334e+18 6.48216154e+18 6.45055723e+18 6.41641551e+18 6.37980797e+18 6.34081238e+18 6.29951241e+18 6.25599727e+18 6.21036133e+18 6.16270377e+18 6.11312813e+18 6.06174191e+18 6.00865614e+18 5.95398491e+18
3.68397502e+18 3.70810979e+18 3.73293882e+18 3.75847785e+18 3.78474263e+18 3.81174881e+18 3.83951191e+18 3.86804723e+18 3.89736974e+18 3.92749405e+18 3.95843425e+18 3.99020382e+18 4.02281554e+18 4.05628134e+18 4.09061222e+18 4.12581807e+18 4.16190754e+18 4.19888792e+18 4.23676500e+18 4.27554287e+18 4.31522382e+18 4.35580813e+18 4.39729397e+18 4.43967718e+18 4.48295114e+18 4.52710664e+18 4.57213164e+18 4.61801120e+18 4.66472730e+18 4.71225867e+18 4.76058071e+18 4.80966530e+18 4.85948073e+18 4.90999159e+18 4.96115864e+18 5.01293876e+18 5.06528489e+18 5.11814597e+18 5.17146689e+18 5.22518851e+18 5.27924768e+18 5.33357721e+18 5.38810597e+18 5.44275896e+18 5.49745736e+18 5.55211874e+18 5.60665709e+18 5.66098308e+18 5.71500422e+18 5.76862505e+18 5.82174742e+18 5.87427073e+18 5.92609221e+18 5.97710726e+18 6.02720974e+18 6.07629232e+18 6.12424686e+18 6.17096479e+18 6.21633749e+18 6.26025672e+18 6.30261501e+18 6.34330610e+18 6.38222540e+18 6.41927036e+18 6.45434097e+18 6.48734018e+18 6.51817430e+18 6.54675348e+18 6.57299207e+18 6.59680908e+18 6.61812852e+18 6.63687979e+18 6.65299806e+18 6.66642457e+18 6.67710694e+18 6.68499946e+18 6.69006336e+18 6.69226698e+18 6.69158603e+18 6.68800369e+18 6.68151077e+18 6.67210578e+18 6.65979500e+18 6.64459249e+18 6.62652004e+18 6.60560716e+18 6.58189096e+18 6.55541604e+18 6.52623429e+18 6.49440472e+18 6.45999323e+18 6.42307231e+18 6.38372081e+18 6.34202355e+18 6.29807100e+18 6.25195894e+18 6.20378800e+18 6.15366331e+18 6.10169401e+18 6.04799286e+18 5.99267576e+18
3.68249926e+18 3.70669815e+18 3.73160130e+18 3.75722506e+18 3.78358579e+18 3.81069980e+18 3.83858324e+18 3.86725206e+18 3.89672191e+18 3.92700804e+18 3.95812520e+18 3.99008755e+18 4.02290850e+18 4.05660066e+18 4.09117564e+18 4.12664395e+18 4.16301488e+18 4.20029628e+18 4.23849451e+18 4.27761419e+18 4.31765812e+18 4.35862704e+18 4.40051955e+18 4.44333188e+18 4.48705775e+18 4.53168821e+18 4.57721149e+18 4.62361280e+18 4.67087422e+18 4.71897454e+18 4.76788912e+18 4.81758975e+18 4.86804454e+18 4.91921782e+18 4.97107000e+18 5.02355755e+18 5.07663289e+18 5.13024436e+18 5.18433617e+18 5.23884839e+18 5.29371698e+18 5.34887381e+18 5.40424668e+18 5.45975944e+18 5.51533204e+18 5.57088070e+18 5.62631802e+18 5.68155316e+18 5.73649206e+18 5.79103759e+18 5.84508989e+18 5.89854655e+18 5.95130296e+18 6.00325259e+18 6.05428732e+18 6.10429783e+18 6.15317392e+18 6.20080495e+18 6.24708019e+18 6.29188927e+18 6.33512261e+18 6.37667182e+18 6.41643018e+18 6.45429307e+18 6.49015839e+18 6.52392705e+18 6.55550340e+18 6.58479562e+18 6.61171620e+18 6.63618233e+18 6.65811631e+18 6.67744589e+18 6.69410469e+18 6.70803249e+18 6.71917557e+18 6.72748701e+18 6.73292690e+18 6.73546261e+18 6.73506897e+18 6.73172846e+18 6.72543128e+18 6.71617549e+18 6.70396705e+18 6.68881984e+18 6.67075564e+18 6.64980405e+18 6.62600245e+18 6.59939581e+18 6.57003655e+18 6.53798436e+18 6.50330590e+18 6.46607462e+18 6.42637037e+18 6.38427914e+18 6.33989269e+18 6.29330815e+18 6.24462763e+18 6.19395781e+18 6.14140950e+18 6.08709716e+18 6.03113848e+18
3.68095938e+18 3.70522017e+18 3.73019515e+18 3.75590128e+18 3.78235556e+18 3.80957491e+18 3.83757614e+18 3.86637585e+18 3.89599035e+18 3.92643554e+18 3.95772684e+18 3.98987906e+18 4.02290628e+18 4.05682174e+18 4.09163769e+18 4.12736528e+18 4.16401438e+18 4.20159346e+18 4.24010940e+18 4.27956739e+18 4.31997071e+18 4.36132058e+18 4.40361603e+18 4.44685365e+18 4.49102753e+18 4.53612900e+18 4.58214651e+18 4.62906545e+18 4.67686801e+18 4.72553303e+18 4.77503584e+18 4.82534812e+18 4.87643783e+18 4.92826901e+18 4.98080177e+18 5.03399214e+18 5.08779204e+18 5.14214921e+18 5.19700716e+18 5.25230522e+18 5.30797845e+18 5.36395777e+18 5.42016992e+18 5.47653762e+18 5.53297958e+18 5.58941071e+18 5.64574219e+18 5.70188171e+18 5.75773360e+18 5.81319913e+18 5.86817669e+18 5.92256210e+18 5.97624889e+18 6.02912862e+18 6.08109123e+18 6.13202537e+18 6.18181883e+18 6.23035888e+18 6.27753270e+18 6.32322782e+18 6.36733252e+18 6.40973632e+18 6.45033038e+18 6.48900799e+18 6.52566499e+18 6.56020028e+18 6.59251619e+18 6.62251901e+18 6.65011934e+18 6.67523258e+18 6.69777929e+18 6.71768561e+18 6.73488359e+18 6.74931159e+18 6.76091453e+18 6.76964427e+18 6.77545979e+18 6.77832749e+18 6.77822132e+18 6.77512304e+18 6.76902226e+18 6.75991659e+18 6.74781167e+18 6.73272120e+18 6.71466693e+18 6.69367857e+18 6.66979375e+18 6.64305781e+18 6.61352371e+18 6.58125178e+18 6.54630949e+18 6.50877117e+18 6.46871774e+18 6.42623632e+18 6.38141992e+18 6.33436705e+18 6.28518128e+18 6.23397084e+18 6.18084817e+18 6.12592946e+18 6.06933415e+18
3.67935479e+18 3.70367514e+18 3.72871953e+18 3.75450555e+18 3.78105080e+18 3.80837285e+18 3.83648916e+18 3.86541696e+18 3.89517322e+18 3.92577450e+18 3.95723688e+18 3.98957583e+18 4.02280609e+18 4.05694153e+18 4.09199505e+18 4.12797841e+18 4.16490208e+18 4.20277513e+18 4.24160500e+18 4.28139741e+18 4.32215613e+18 4.36388287e+18 4.40657706e+18 4.45023571e+18 4.49485323e+18 4.54042123e+18 4.58692839e+18 4.63436030e+18 4.68269925e+18 4.73192412e+18 4.78201022e+18 4.83292914e+18 4.88464866e+18 4.93713257e+18 4.99034066e+18 5.04422853e+18 5.09874760e+18 5.15384501e+18 5.20946361e+18 5.26554194e+18 5.32201422e+18 5.37881040e+18 5.43585618e+18 5.49307314e+18 5.55037878e+18 5.60768668e+18 5.66490664e+18 5.72194485e+18 5.77870410e+18 5.83508401e+18 5.89098126e+18 5.94628990e+18 6.00090163e+18 6.05470609e+18 6.10759130e+18 6.15944391e+18 6.21014967e+18 6.25959379e+18 6.30766138e+18 6.35423786e+18 6.39920943e+18 6.44246347e+18 6.48388907e+18 6.52337742e+18 6.56082234e+18 6.59612069e+18 6.62917284e+18 6.65988314e+18 6.68816036e+18 6.71391809e+18 6.73707518e+18 6.75755614e+18 6.77529148e+18 6.79021813e+18 6.80227967e+18 6.81142674e+18 6.81761722e+18 6.82081651e+18 6.82099773e+18 6.81814190e+18 6.81223805e+18 6.80328331e+18 6.79128303e+18 6.77625073e+18 6.75820812e+18 6.73718502e+18 6.71321928e+18 6.68635665e+18 6.65665059e+18 6.62416209e+18 6.58895940e+18 6.55111775e+18 6.51071907e+18 6.46785165e+18 6.42260975e+18 6.37509321e+18 6.32540706e+18 6.27366108e+18 6.21996934e+18 6.16444970e+18 6.10722340e+18
3.67768489e+18 3.70206233e+18 3.72717359e+18 3.75303686e+18 3.77967038e+18 3.80709233e+18 3.83532081e+18 3.86437372e+18 3.89426866e+18 3.92502285e+18 3.95665304e+18 3.98917534e+18 4.02260513e+18 4.05695696e+18 4.09224433e+18 4.12847964e+18 4.16567397e+18 4.20383694e+18 4.24297658e+18 4.28309913e+18 4.32420886e+18 4.36630795e+18 4.40939627e+18 4.45347119e+18 4.49852747e+18 4.54455702e+18 4.59154875e+18 4.63948841e+18 4.68835842e+18 4.73813769e+18 4.78880153e+18 4.84032143e+18 4.89266500e+18 4.94579579e+18 4.99967324e+18 5.05425256e+18 5.10948466e+18 5.16531611e+18 5.22168908e+18 5.27854133e+18 5.33580625e+18 5.39341282e+18 5.45128573e+18 5.50934542e+18 5.56750818e+18 5.62568628e+18 5.68378813e+18 5.74171847e+18 5.79937853e+18 5.85666629e+18 5.91347676e+18 5.96970221e+18 6.02523251e+18 6.07995544e+18 6.13375705e+18 6.18652204e+18 6.23813414e+18 6.28847652e+18 6.33743220e+18 6.38488453e+18 6.43071761e+18 6.47481674e+18 6.51706891e+18 6.55736327e+18 6.59559159e+18 6.63164871e+18 6.66543306e+18 6.69684708e+18 6.72579768e+18 6.75219668e+18 6.77596123e+18 6.79701420e+18 6.81528460e+18 6.83070790e+18 6.84322637e+18 6.85278943e+18 6.85935386e+18 6.86288409e+18 6.86335238e+18 6.86073902e+18 6.85503246e+18 6.84622939e+18 6.83433483e+18 6.81936212e+18 6.80133293e+18 6.78027719e+18 6.75623298e+18 6.72924645e+18 6.69937155e+18 6.66666991e+18 6.63121055e+18 6.59306962e+18 6.55233005e+18 6.50908127e+18 6.46341876e+18 6.41544372e+18 6.36526263e+18 6.31298678e+18 6.25873184e+18 6.20261739e+18 6.14476640e+18
3.67594907e+18 3.70038102e+18 3.72555648e+18 3.75149425e+18 3.77821316e+18 3.80573205e+18 3.83406964e+18 3.86324447e+18 3.89327480e+18 3.92417851e+18 3.95597299e+18 3.98867500e+18 4.02230059e+18 4.05686492e+18 4.09238215e+18 4.12886528e+18 4.16632599e+18 4.20477449e+18 4.24421937e+18 4.28466739e+18 4.32612334e+18 4.36858984e+18 4.41206720e+18 4.45655318e+18 4.50204286e+18 4.54852846e+18 4.59599911e+18 4.64444075e+18 4.69383590e+18 4.74416354e+18 4.79539893e+18 4.84751351e+18 4.90047469e+18 4.95424580e+18 5.00878595e+18 5.06404995e+18 5.11998820e+18 5.17654671e+18 5.23366697e+18 5.29128600e+18 5.34933632e+18 5.40774599e+18 5.46643868e+18 5.52533370e+18 5.58434613e+18 5.64338697e+18 5.70236325e+18 5.76117824e+18 5.81973164e+18 5.87791983e+18 5.93563611e+18 5.99277103e+18 6.04921262e+18 6.10484682e+18 6.15955774e+18 6.21322813e+18 6.26573971e+18 6.31697362e+18 6.36681084e+18 6.41513264e+18 6.46182104e+18 6.50675927e+18 6.54983226e+18 6.59092709e+18 6.62993352e+18 6.66674440e+18 6.70125622e+18 6.73336952e+18 6.76298936e+18 6.79002581e+18 6.81439432e+18 6.83601615e+18 6.85481879e+18 6.87073629e+18 6.88370961e+18 6.89368694e+18 6.90062399e+18 6.90448420e+18 6.90523900e+18 6.90286796e+18 6.89735893e+18 6.88870815e+18 6.87692032e+18 6.86200862e+18 6.84399466e+18 6.82290848e+18 6.79878839e+18 6.77168091e+18 6.74164050e+18 6.70872943e+18 6.67301747e+18 6.63458166e+18 6.59350596e+18 6.54988087e+18 6.50380315e+18 6.45537531e+18 6.40470525e+18 6.35190578e+18 6.29709418e+18 6.24039167e+18 6.18192299e+18
3.67414673e+18 3.69863049e+18 3.72386735e+18 3.74987670e+18 3.77667800e+18 3.80429069e+18 3.83273415e+18 3.86202754e+18 3.89218978e+18 3.92323938e+18 3.95519440e+18 3.98807225e+18 4.02188961e+18 4.05666229e+18 4.09240508e+18 4.12913158e+18 4.16685408e+18 4.20558337e+18 4.24532858e+18 4.28609701e+18 4.32789395e+18 4.37072250e+18 4.41458336e+18 4.45947470e+18 4.50539193e+18 4.55232756e+18 4.60027095e+18 4.64920822e+18 4.69912202e+18 4.74999137e+18 4.80179152e+18 4.85449381e+18 4.90806551e+18 4.96246970e+18 5.01766517e+18 5.07360632e+18 5.13024309e+18 5.18752090e+18 5.24538059e+18 5.30375842e+18 5.36258609e+18 5.42179073e+18 5.48129498e+18 5.54101705e+18 5.60087084e+18 5.66076607e+18 5.72060839e+18 5.78029964e+18 5.83973801e+18 5.89881826e+18 5.95743204e+18 6.01546814e+18 6.07281283e+18 6.12935017e+18 6.18496238e+18 6.23953027e+18 6.29293357e+18 6.34505140e+18 6.39576272e+18 6.44494674e+18 6.49248342e+18 6.53825393e+18 6.58214116e+18 6.62403015e+18 6.66380865e+18 6.70136755e+18 6.73660139e+18 6.76940883e+18 6.79969314e+18 6.82736260e+18 6.85233099e+18 6.87451799e+18 6.89384957e+18 6.91025836e+18 6.92368402e+18 6.93407355e+18 6.94138155e+18 6.94557052e+18 6.94661103e+18 6.94448194e+18 6.93917052e+18 6.93067255e+18 6.91899243e+18 6.90414314e+18 6.88614627e+18 6.86503193e+18 6.84083869e+18 6.81361340e+18 6.78341105e+18 6.75029452e+18 6.71433434e+18 6.67560843e+18 6.63420173e+18 6.59020588e+18 6.54371881e+18 6.49484438e+18 6.44369189e+18 6.39037566e+18 6.33501453e+18 6.27773139e+18 6.21865269e+18
3.67227725e+18 3.69681001e+18 3.72210534e+18 3.74818323e+18 3.77506374e+18 3.80276695e+18 3.83131285e+18 3.86072124e+18 3.89101169e+18 3.92220336e+18 3.95431494e+18 3.98736450e+18 4.02136935e+18 4.05634594e+18 4.09230968e+18 4.12927478e+18 4.16725414e+18 4.20625911e+18 4.24629938e+18 4.28738278e+18 4.32951509e+18 4.37269985e+18 4.41693823e+18 4.46222875e+18 4.50856718e+18 4.55594629e+18 4.60435571e+18 4.65378171e+18 4.70420707e+18 4.75561086e+18 4.80796833e+18 4.86125073e+18 4.91542516e+18 4.97045448e+18 5.02629716e+18 5.08290722e+18 5.14023412e+18 5.19822269e+18 5.25681314e+18 5.31594100e+18 5.37553713e+18 5.43552774e+18 5.49583448e+18 5.55637446e+18 5.61706040e+18 5.67780076e+18 5.73849984e+18 5.79905805e+18 5.85937207e+18 5.91933509e+18 5.97883711e+18 6.03776520e+18 6.09600384e+18 6.15343527e+18 6.20993984e+18 6.26539640e+18 6.31968274e+18 6.37267600e+18 6.42425309e+18 6.47429120e+18 6.52266826e+18 6.56926341e+18 6.61395748e+18 6.65663352e+18 6.69717728e+18 6.73547769e+18 6.77142740e+18 6.80492319e+18 6.83586652e+18 6.86416395e+18 6.88972758e+18 6.91247551e+18 6.93233221e+18 6.94922892e+18 6.96310401e+18 6.97390326e+18 6.98158023e+18 6.98609643e+18 6.98742162e+18 6.98553392e+18 6.98042004e+18 6.97207532e+18 6.96050381e+18 6.94571834e+18 6.92774045e+18 6.90660033e+18 6.88233679e+18 6.85499703e+18 6.82463653e+18 6.79131879e+18 6.75511509e+18 6.71610421e+18 6.67437207e+18 6.63001141e+18 6.58312137e+18 6.53380709e+18 6.48217927e+18 6.42835372e+18 6.37245084e+18 6.31459516e+18 6.25491482e+18
3.67034005e+18 3.69491887e+18 3.72026960e+18 3.74641284e+18 3.77336925e+18 3.80115951e+18 3.82980425e+18 3.85932390e+18 3.88973866e+18 3.92106835e+18 3.95333227e+18 3.98654916e+18 4.02073695e+18 4.05591273e+18 4.09209251e+18 4.12929114e+18 4.16752208e+18 4.20679728e+18 4.24712695e+18 4.28851947e+18 4.33098109e+18 4.37451583e+18 4.41912527e+18 4.46480832e+18 4.51156108e+18 4.55937662e+18 4.60824478e+18 4.65815204e+18 4.70908128e+18 4.76101165e+18 4.81391836e+18 4.86777259e+18 4.92254130e+18 4.97818711e+18 5.03466819e+18 5.09193816e+18 5.14994601e+18 5.20863604e+18 5.26794779e+18 5.32781608e+18 5.38817093e+18 5.44893768e+18 5.51003697e+18 5.57138483e+18 5.63289282e+18 5.69446814e+18 5.75601379e+18 5.81742873e+18 5.87860817e+18 5.93944374e+18 5.99982380e+18 6.05963373e+18 6.11875626e+18 6.17707180e+18 6.23445884e+18 6.29079434e+18 6.34595414e+18 6.39981340e+18 6.45224704e+18 6.50313026e+18 6.55233894e+18 6.59975022e+18 6.64524292e+18 6.68869810e+18 6.72999954e+18 6.76903424e+18 6.80569294e+18 6.83987059e+18 6.87146686e+18 6.90038659e+18 6.92654023e+18 6.94984431e+18 6.97022182e+18 6.98760262e+18 7.00192379e+18 7.01312993e+18 7.02117353e+18 7.02601516e+18 7.02762373e+18 7.02597669e+18 7.02106013e+18 7.01286897e+18 7.00140695e+18 6.98668670e+18 6.96872971e+18 6.94756629e+18 6.92323544e+18 6.89578472e+18 6.86527010e+18 6.83175567e+18 6.79531348e+18 6.75602312e+18 6.71397151e+18 6.66925245e+18 6.62196627e+18 6.57221941e+18 6.52012393e+18 6.46579711e+18 6.40936089e+18 6.35094142e+18 6.29066850e+18
3.66833453e+18 3.69295635e+18 3.71835929e+18 3.74456455e+18 3.77159337e+18 3.79946707e+18 3.82820687e+18 3.85783384e+18 3.88836881e+18 3.91983223e+18 3.95224406e+18 3.98562364e+18 4.01998956e+18 4.05535951e+18 4.09175015e+18 4.12917689e+18 4.16765381e+18 4.20719341e+18 4.24780646e+18 4.28950185e+18 4.33228632e+18 4.37616436e+18 4.42113795e+18 4.46720639e+18 4.51436612e+18 4.56261049e+18 4.61192959e+18 4.66231006e+18 4.71373492e+18 4.76618335e+18 4.81963060e+18 4.87404773e+18 4.92940158e+18 4.98565453e+18 5.04276446e+18 5.10068460e+18 5.15936349e+18 5.21874487e+18 5.27876766e+18 5.33936595e+18 5.40046897e+18 5.46200117e+18 5.52388219e+18 5.58602702e+18 5.64834607e+18 5.71074530e+18 5.77312638e+18 5.83538691e+18 5.89742061e+18 5.95911757e+18 6.02036455e+18 6.08104524e+18 6.14104063e+18 6.20022936e+18 6.25848807e+18 6.31569185e+18 6.37171459e+18 6.42642953e+18 6.47970963e+18 6.53142807e+18 6.58145876e+18 6.62967683e+18 6.67595913e+18 6.72018474e+18 6.76223550e+18 6.80199650e+18 6.83935660e+18 6.87420894e+18 6.90645142e+18 6.93598716e+18 6.96272499e+18 6.98657990e+18 7.00747341e+18 7.02533400e+18 7.04009748e+18 7.05170730e+18 7.06011487e+18 7.06527983e+18 7.06717026e+18 7.06576292e+18 7.06104333e+18 7.05300595e+18 7.04165421e+18 7.02700058e+18 7.00906648e+18 6.98788230e+18 6.96348727e+18 6.93592929e+18 6.90526480e+18 6.87155850e+18 6.83488314e+18 6.79531917e+18 6.75295446e+18 6.70788387e+18 6.66020890e+18 6.61003724e+18 6.55748234e+18 6.50266290e+18 6.44570238e+18 6.38672853e+18 6.32587281e+18
3.66626010e+18 3.69092173e+18 3.71637357e+18 3.74263737e+18 3.76973499e+18 3.79768833e+18 3.82651923e+18 3.85624940e+18 3.88690027e+18 3.91849293e+18 3.95104798e+18 3.98458537e+18 4.01912433e+18 4.05468317e+18 4.09127915e+18 4.12892829e+18 4.16764524e+18 4.20744307e+18 4.24833309e+18 4.29032470e+18 4.33342514e+18 4.37763935e+18 4.42296972e+18 4.46941594e+18 4.51697477e+18 4.56563986e+18 4.61540153e+18 4.66624660e+18 4.71815821e+18 4.77111562e+18 4.82509404e+18 4.88006450e+18 4.93599366e+18 4.99284370e+18 5.05057221e+18 5.10913204e+18 5.16847128e+18 5.22853312e+18 5.28925588e+18 5.35057293e+18 5.41241273e+18 5.47469882e+18 5.53734990e+18 5.60027991e+18 5.66339812e+18 5.72660928e+18 5.78981377e+18 5.85290782e+18 5.91578368e+18 5.97832995e+18 6.04043177e+18 6.10197120e+18 6.16282751e+18 6.22287757e+18 6.28199622e+18 6.34005667e+18 6.39693094e+18 6.45249034e+18 6.50660588e+18 6.55914878e+18 6.60999100e+18 6.65900568e+18 6.70606773e+18 6.75105427e+18 6.79384522e+18 6.83432379e+18 6.87237699e+18 6.90789616e+18 6.94077744e+18 6.97092229e+18 6.99823793e+18 7.02263779e+18 7.04404198e+18 7.06237760e+18 7.07757920e+18 7.08958910e+18 7.09835764e+18 7.10384354e+18 7.10601407e+18 7.10484528e+18 7.10032213e+18 7.09243865e+18 7.08119796e+18 7.06661232e+18 7.04870313e+18 7.02750085e+18 7.00304490e+18 6.97538355e+18 6.94457367e+18 6.91068058e+18 6.87377771e+18 6.83394636e+18 6.79127532e+18 6.74586051e+18 6.69780458e+18 6.64721646e+18 6.59421093e+18 6.53890811e+18 6.48143298e+18 6.42191484e+18 6.36048678e+18
3.66411618e+18 3.68881433e+18 3.71431161e+18 3.74063034e+18 3.76779297e+18 3.79582200e+18 3.82473988e+18 3.85456891e+18 3.88533118e+18 3.91704837e+18 3.94974171e+18 3.98343179e+18 4.01813844e+18 4.05388059e+18 4.09067611e+18 4.12854160e+18 4.16749230e+18 4.20754183e+18 4.24870204e+18 4.29098283e+18 4.33439195e+18 4.37893476e+18 4.42461408e+18 4.47142998e+18 4.51937955e+18 4.56845671e+18 4.61865204e+18 4.66995253e+18 4.72234144e+18 4.77579810e+18 4.83029772e+18 4.88581125e+18 4.94230522e+18 4.99974161e+18 5.05807770e+18 5.11726600e+18 5.17725412e+18 5.23798477e+18 5.29939563e+18 5.36141938e+18 5.42398371e+18 5.48701129e+18 5.55041989e+18 5.61412240e+18 5.67802699e+18 5.74203721e+18 5.80605217e+18 5.86996673e+18 5.93367174e+18 5.99705428e+18 6.05999794e+18 6.12238315e+18 6.18408749e+18 6.24498609e+18 6.30495200e+18 6.36385661e+18 6.42157008e+18 6.47796181e+18 6.53290089e+18 6.58625663e+18 6.63789902e+18 6.68769930e+18 6.73553041e+18 6.78126757e+18 6.82478881e+18 6.86597547e+18 6.90471275e+18 6.94089019e+18 6.97440224e+18 7.00514868e+18 7.03303514e+18 7.05797356e+18 7.07988258e+18 7.09868801e+18 7.11432313e+18 7.12672912e+18 7.13585530e+18 7.14165947e+18 7.14410808e+18 7.14317650e+18 7.13884914e+18 7.13111958e+18 7.11999063e+18 7.10547437e+18 7.08759214e+18 7.06637449e+18 7.04186104e+18 7.01410037e+18 6.98314982e+18 6.94907529e+18 6.91195090e+18 6.87185876e+18 6.82888858e+18 6.78313732e+18 6.73470873e+18 6.68371300e+18 6.63026620e+18 6.57448987e+18 6.51651043e+18 6.45645875e+18 6.39446952e+18
3.66190221e+18 3.68663347e+18 3.71217261e+18 3.73854251e+18 3.76576622e+18 3.79386682e+18 3.82286736e+18 3.85279076e+18 3.88365970e+18 3.91549649e+18 3.94832297e+18 3.98216035e+18 4.01702908e+18 4.05294869e+18 4.08993764e+18 4.12801313e+18 4.16719096e+18 4.20748529e+18 4.24890854e+18 4.29147109e+18 4.33518116e+18 4.38004457e+18 4.42606456e+18 4.47324156e+18 4.52157300e+18 4.57105308e+18 4.62167261e+18 4.67341876e+18 4.72627494e+18 4.78022051e+18 4.83523070e+18 4.89127641e+18 4.94832402e+18 5.00633530e+18 5.06526726e+18 5.12507205e+18 5.18569686e+18 5.24708386e+18 5.30917014e+18 5.37188772e+18 5.43516351e+18 5.49891934e+18 5.56307204e+18 5.62753351e+18 5.69221080e+18 5.75700630e+18 5.82181786e+18 5.88653903e+18 5.95105923e+18 6.01526409e+18 6.07903565e+18 6.14225274e+18 6.20479128e+18 6.26652470e+18 6.32732428e+18 6.38705961e+18 6.44559902e+18 6.50281004e+18 6.55855988e+18 6.61271594e+18 6.66514631e+18 6.71572031e+18 6.76430899e+18 6.81078568e+18 6.85502654e+18 6.89691107e+18 6.93632268e+18 6.97314917e+18 7.00728328e+18 7.03862317e+18 7.06707290e+18 7.09254291e+18 7.11495045e+18 7.13421999e+18 7.15028360e+18 7.16308133e+18 7.17256148e+18 7.17868094e+18 7.18140538e+18 7.18070948e+18 7.17657709e+18 7.16900136e+18 7.15798479e+18 7.14353929e+18 7.12568613e+18 7.10445593e+18 7.07988851e+18 7.05203277e+18 7.02094651e+18 6.98669616e+18 6.94935655e+18 6.90901058e+18 6.86574885e+18 6.81966933e+18 6.77087691e+18 6.71948294e+18 6.66560480e+18 6.60936539e+18 6.55089260e+18 6.49031879e+18 6.42778025e+18
3.65961765e+18 3.68437848e+18 3.70995576e+18 3.73637295e+18 3.76365366e+18 3.79182155e+18 3.82090027e+18 3.85091333e+18 3.88188402e+18 3.91383527e+18 3.94678951e+18 3.98076856e+18 4.01579349e+18 4.05188442e+18 4.08906040e+18 4.12733921e+18 4.16673720e+18 4.20726912e+18 4.24894786e+18 4.29178434e+18 4.33578724e+18 4.38096283e+18 4.42731474e+18 4.47484379e+18 4.52354773e+18 4.57342104e+18 4.62445477e+18 4.67663628e+18 4.72994909e+18 4.78437264e+18 4.83988216e+18 4.89644848e+18 4.95403788e+18 5.01261190e+18 5.07212731e+18 5.13253588e+18 5.19378440e+18 5.25581453e+18 5.31856278e+18 5.38196049e+18 5.44593383e+18 5.51040381e+18 5.57528635e+18 5.64049234e+18 5.70592777e+18 5.77149388e+18 5.83708728e+18 5.90260022e+18 5.96792075e+18 6.03293303e+18 6.09751762e+18 6.16155176e+18 6.22490976e+18 6.28746334e+18 6.34908207e+18 6.40963376e+18 6.46898495e+18 6.52700132e+18 6.58354825e+18 6.63849125e+18 6.69169655e+18 6.74303157e+18 6.79236550e+18 6.83956982e+18 6.88451886e+18 6.92709030e+18 6.96716580e+18 7.00463143e+18 7.03937826e+18 7.07130284e+18 7.10030770e+18 7.12630180e+18 7.14920102e+18 7.16892852e+18 7.18541518e+18 7.19859991e+18 7.20843004e+18 7.21486154e+18 7.21785930e+18 7.21739734e+18 7.21345896e+18 7.20603688e+18 7.19513328e+18 7.18075990e+18 7.16293795e+18 7.14169811e+18 7.11708040e+18 7.08913403e+18 7.05791722e+18 7.02349696e+18 6.98594875e+18 6.94535626e+18 6.90181098e+18 6.85541186e+18 6.80626488e+18 6.75448257e+18 6.70018358e+18 6.64349214e+18 6.58453757e+18 6.52345372e+18 6.46037840e+18
3.65726196e+18 3.68204871e+18 3.70766030e+18 3.73412075e+18 3.76145422e+18 3.78968496e+18 3.81883720e+18 3.84893504e+18 3.88000236e+18 3.91206270e+18 3.94513909e+18 3.97925395e+18 4.01442893e+18 4.05068476e+18 4.08804107e+18 4.12651621e+18 4.16612710e+18 4.20688899e+18 4.24881534e+18 4.29191753e+18 4.33620472e+18 4.38168362e+18 4.42835827e+18 4.47622984e+18 4.52529642e+18 4.57555277e+18 4.62699016e+18 4.67959615e+18 4.73335438e+18 4.78824436e+18 4.84424133e+18 4.90131607e+18 4.95943473e+18 5.01855866e+18 5.07864437e+18 5.13964329e+18 5.20150179e+18 5.26416105e+18 5.32755701e+18 5.39162036e+18 5.45627653e+18 5.52144572e+18 5.58704296e+18 5.65297818e+18 5.71915631e+18 5.78547746e+18 5.85183703e+18 5.91812600e+18 5.98423107e+18 6.05003499e+18 6.11541681e+18 6.18025225e+18 6.24441401e+18 6.30777218e+18 6.37019462e+18 6.43154741e+18 6.49169531e+18 6.55050221e+18 6.60783167e+18 6.66354736e+18 6.71751368e+18 6.76959619e+18 6.81966226e+18 6.86758153e+18 6.91322653e+18 6.95647320e+18 6.99720142e+18 7.03529560e+18 7.07064515e+18 7.10314507e+18 7.13269634e+18 7.15920651e+18 7.18259008e+18 7.20276893e+18 7.21967275e+18 7.23323939e+18 7.24341516e+18 7.25015516e+18 7.25342351e+18 7.25319356e+18 7.24944808e+18 7.24217935e+18 7.23138926e+18 7.21708936e+18 7.19930080e+18 7.17805432e+18 7.15339013e+18 7.12535773e+18 7.09401577e+18 7.05943178e+18 7.02168190e+18 6.98085056e+18 6.93703013e+18 6.89032051e+18 6.84082874e+18 6.78866851e+18 6.73395970e+18 6.67682788e+18 6.61740372e+18 6.55582255e+18 6.49222370e+18
3.65483465e+18 3.67964354e+18 3.70528548e+18 3.73178502e+18 3.75916687e+18 3.78745586e+18 3.81667679e+18 3.84685434e+18 3.87801298e+18 3.91017683e+18 3.94336952e+18 3.97761407e+18 4.01293271e+18 4.04934676e+18 4.08687640e+18 4.12554058e+18 4.16535674e+18 4.20634068e+18 4.24850636e+18 4.29186566e+18 4.33642820e+18 4.38220112e+18 4.42918887e+18 4.47739297e+18 4.52681183e+18 4.57744051e+18 4.62927050e+18 4.68228954e+18 4.73648140e+18 4.79182567e+18 4.84829760e+18 4.90586791e+18 4.96450264e+18 5.02416296e+18 5.08480511e+18 5.14638022e+18 5.20883424e+18 5.27210787e+18 5.33613650e+18 5.40085018e+18 5.46617364e+18 5.53202628e+18 5.59832225e+18 5.66497054e+18 5.73187505e+18 5.79893478e+18 5.86604397e+18 5.93309233e+18 5.99996524e+18 6.06654406e+18 6.13270641e+18 6.19832649e+18 6.26327542e+18 6.32742168e+18 6.39063148e+18 6.45276919e+18 6.51369784e+18 6.57327957e+18 6.63137612e+18 6.68784941e+18 6.74256198e+18 6.79537764e+18 6.84616191e+18 6.89478267e+18 6.94111068e+18 6.98502014e+18 7.02638922e+18 7.06510069e+18 7.10104235e+18 7.13410762e+18 7.16419603e+18 7.19121370e+18 7.21507378e+18 7.23569692e+18 7.25301163e+18 7.26695469e+18 7.27747145e+18 7.28451612e+18 7.28805208e+18 7.28805202e+18 7.28449817e+18 7.27738241e+18 7.26670631e+18 7.25248124e+18 7.23472829e+18 7.21347826e+18 7.18877152e+18 7.16065789e+18 7.12919640e+18 7.09445512e+18 7.05651082e+18 7.01544866e+18 6.97136186e+18 6.92435127e+18 6.87452495e+18 6.82199774e+18 6.76689071e+18 6.70933071e+18 6.64944980e+18 6.58738470e+18 6.52327622e+18
3.65233522e+18 3.67716238e+18 3.70283058e+18 3.72936490e+18 3.75679062e+18 3.78513310e+18 3.81441772e+18 3.84466972e+18 3.87591416e+18 3.90817574e+18 3.94147867e+18 3.97584655e+18 4.01130220e+18 4.04786749e+18 4.08556320e+18 4.12440880e+18 4.16442230e+18 4.20562001e+18 4.24801640e+18 4.29162382e+18 4.33645237e+18 4.38250960e+18 4.42980036e+18 4.47832653e+18 4.52808685e+18 4.57907664e+18 4.63128763e+18 4.68470775e+18 4.73932088e+18 4.79510670e+18 4.85204047e+18 4.91009288e+18 4.96922983e+18 5.02941234e+18 5.09059640e+18 5.15273281e+18 5.21576714e+18 5.27963962e+18 5.34428510e+18 5.40963303e+18 5.47560742e+18 5.54212691e+18 5.60910480e+18 5.67644915e+18 5.74406287e+18 5.81184385e+18 5.87968521e+18 5.94747542e+18 6.01509858e+18 6.08243469e+18 6.14935995e+18 6.21574708e+18 6.28146568e+18 6.34638264e+18 6.41036255e+18 6.47326811e+18 6.53496067e+18 6.59530062e+18 6.65414799e+18 6.71136290e+18 6.76680616e+18 6.82033978e+18 6.87182753e+18 6.92113556e+18 6.96813286e+18 7.01269195e+18 7.05468936e+18 7.09400618e+18 7.13052868e+18 7.16414874e+18 7.19476444e+18 7.22228051e+18 7.24660879e+18 7.26766870e+18 7.28538762e+18 7.29970125e+18 7.31055400e+18 7.31789925e+18 7.32169959e+18 7.32192711e+18 7.31856349e+18 7.31160020e+18 7.30103852e+18 7.28688962e+18 7.26917455e+18 7.24792414e+18 7.22317893e+18 7.19498901e+18 7.16341385e+18 7.12852198e+18 7.09039080e+18 7.04910621e+18 7.00476222e+18 6.95746062e+18 6.90731049e+18 6.85442773e+18 6.79893462e+18 6.74095925e+18 6.68063500e+18 6.61809999e+18 6.55349648e+18
3.64976322e+18 3.67460466e+18 3.70029491e+18 3.72685959e+18 3.75432450e+18 3.78271556e+18 3.81205869e+18 3.84237972e+18 3.87370426e+18 3.90605757e+18 3.93946446e+18 3.97394908e+18 4.00953482e+18 4.04624413e+18 4.08409834e+18 4.12311746e+18 4.16332003e+18 4.20472289e+18 4.24734100e+18 4.29118720e+18 4.33627201e+18 4.38260342e+18 4.43018668e+18 4.47902401e+18 4.52911446e+18 4.58045365e+18 4.63303352e+18 4.68684219e+18 4.74186368e+18 4.79807773e+18 4.85545963e+18 4.91398002e+18 4.97360471e+18 5.03429455e+18 5.09600527e+18 5.15868739e+18 5.22228610e+18 5.28674117e+18 5.35198693e+18 5.41795222e+18 5.48456039e+18 5.55172933e+18 5.61937150e+18 5.68739406e+18 5.75569894e+18 5.82418299e+18 5.89273820e+18 5.96125185e+18 6.02960677e+18 6.09768166e+18 6.16535132e+18 6.23248702e+18 6.29895688e+18 6.36462625e+18 6.42935813e+18 6.49301360e+18 6.55545234e+18 6.61653307e+18 6.67611409e+18 6.73405384e+18 6.79021137e+18 6.84444698e+18 6.89662271e+18 6.94660299e+18 6.99425515e+18 7.03945001e+18 7.08206249e+18 7.12197209e+18 7.15906353e+18 7.19322723e+18 7.22435981e+18 7.25236467e+18 7.27715235e+18 7.29864107e+18 7.31675709e+18 7.33143508e+18 7.34261853e+18 7.35025995e+18 7.35432124e+18 7.35477382e+18 7.35159889e+18 7.34478747e+18 7.33434058e+18 7.32026920e+18 7.30259429e+18 7.28134674e+18 7.25656726e+18 7.22830621e+18 7.19662342e+18 7.16158794e+18 7.12327775e+18 7.08177944e+18 7.03718785e+18 6.98960563e+18 6.93914284e+18 6.88591648e+18 6.83004996e+18 6.77167259e+18 6.71091905e+18 6.64792879e+18 6.58284549e+18
3.64711823e+18 3.67196984e+18 3.69767782e+18 3.72426828e+18 3.75176758e+18 3.78020215e+18 3.80959847e+18 3.83998292e+18 3.87138165e+18 3.90382051e+18 3.93732484e+18 3.97191938e+18 4.00762806e+18 4.04447390e+18 4.08247876e+18 4.12166319e+18 4.16204627e+18 4.20364533e+18 4.24647582e+18 4.29055106e+18 4.33588201e+18 4.38247707e+18 4.43034187e+18 4.47947900e+18 4.52988781e+18 4.58156418e+18 4.63450032e+18 4.68868449e+18 4.74410085e+18 4.80072924e+18 4.85854495e+18 4.91751860e+18 4.97761590e+18 5.03879753e+18 5.10101901e+18 5.16423055e+18 5.22837697e+18 5.29339763e+18 5.35922634e+18 5.42579136e+18 5.49301537e+18 5.56081554e+18 5.62910354e+18 5.69778563e+18 5.76676279e+18 5.83593088e+18 5.90518075e+18 5.97439855e+18 6.04346589e+18 6.11226016e+18 6.18065481e+18 6.24851973e+18 6.31572158e+18 6.38212419e+18 6.44758902e+18 6.51197557e+18 6.57514190e+18 6.63694509e+18 6.69724180e+18 6.75588875e+18 6.81274334e+18 6.86766416e+18 6.92051159e+18 6.97114837e+18 7.01944020e+18 7.06525627e+18 7.10846990e+18 7.14895905e+18 7.18660694e+18 7.22130251e+18 7.25294103e+18 7.28142453e+18 7.30666234e+18 7.32857147e+18 7.34707709e+18 7.36211288e+18 7.37362139e+18 7.38155433e+18 7.38587287e+18 7.38654784e+18 7.38355988e+18 7.37689966e+18 7.36656788e+18 7.35257533e+18 7.33494292e+18 7.31370158e+18 7.28889215e+18 7.26056527e+18 7.22878113e+18 7.19360926e+18 7.15512821e+18 7.11342525e+18 7.06859600e+18 7.02074396e+18 6.96998017e+18 6.91642265e+18 6.86019592e+18 6.80143048e+18 6.74026227e+18 6.67683205e+18 6.61128486e+18
3.64439985e+18 3.66925742e+18 3.69497868e+18 3.72159025e+18 3.74911898e+18 3.77759186e+18 3.80703587e+18 3.83747795e+18 3.86894480e+18 3.90146280e+18 3.93505787e+18 3.96975527e+18 4.00557950e+18 4.04255411e+18 4.08070149e+18 4.12004275e+18 4.16059745e+18 4.20238343e+18 4.24541663e+18 4.28971081e+18 4.33527738e+18 4.38212516e+18 4.43026014e+18 4.47968525e+18 4.53040018e+18 4.58240106e+18 4.63568031e+18 4.69022640e+18 4.74602362e+18 4.80305188e+18 4.86128652e+18 4.92069809e+18 4.98125224e+18 5.04290949e+18 5.10562514e+18 5.16934913e+18 5.23402592e+18 5.29959444e+18 5.36598802e+18 5.43313436e+18 5.50095551e+18 5.56936791e+18 5.63828247e+18 5.70760460e+18 5.77723435e+18 5.84706658e+18 5.91699110e+18 5.98689292e+18 6.05665245e+18 6.12614584e+18 6.19524523e+18 6.26381914e+18 6.33173281e+18 6.39884862e+18 6.46502652e+18 6.53012448e+18 6.59399896e+18 6.65650548e+18 6.71749904e+18 6.77683476e+18 6.83436838e+18 6.88995686e+18 6.94345895e+18 6.99473575e+18 7.04365134e+18 7.09007336e+18 7.13387356e+18 7.17492840e+18 7.21311961e+18 7.24833474e+18 7.28046769e+18 7.30941921e+18 7.33509739e+18 7.35741809e+18 7.37630543e+18 7.39169209e+18 7.40351973e+18 7.41173926e+18 7.41631114e+18 7.41720560e+18 7.41440280e+18 7.40789298e+18 7.39767656e+18 7.38376417e+18 7.36617663e+18 7.34494490e+18 7.32010998e+18 7.29172274e+18 7.25984374e+18 7.22454295e+18 7.18589949e+18 7.14400129e+18 7.09894469e+18 7.05083407e+18 6.99978136e+18 6.94590559e+18 6.88933238e+18 6.83019336e+18 6.76862568e+18 6.70477140e+18 6.63877687e+18
3.64160772e+18 3.66646694e+18 3.69219692e+18 3.71882478e+18 3.74637787e+18 3.77488369e+18 3.80436975e+18 3.83486351e+18 3.86639221e+18 3.89898277e+18 3.93266164e+18 3.96745463e+18 4.00338677e+18 4.04048214e+18 4.07876368e+18 4.11825297e+18 4.15897011e+18 4.20093342e+18 4.24415930e+18 4.28866198e+18 4.33445329e+18 4.38154245e+18 4.42993582e+18 4.47963669e+18 4.53064502e+18 4.58295725e+18 4.63656600e+18 4.69145992e+18 4.74762345e+18 4.80503657e+18 4.86367464e+18 4.92350822e+18 4.98450284e+18 5.04661890e+18 5.10981149e+18 5.17403027e+18 5.23921938e+18 5.30531733e+18 5.37225699e+18 5.43996550e+18 5.50836431e+18 5.57736918e+18 5.64689026e+18 5.71683213e+18 5.78709396e+18 5.85756963e+18 5.92814794e+18 5.99871279e+18 6.06914346e+18 6.13931487e+18 6.20909788e+18 6.27835970e+18 6.34696420e+18 6.41477232e+18 6.48164256e+18 6.54743139e+18 6.61199377e+18 6.67518363e+18 6.73685442e+18 6.79685967e+18 6.85505353e+18 6.91129135e+18 6.96543029e+18 7.01732989e+18 7.06685265e+18 7.11386467e+18 7.15823620e+18 7.19984223e+18 7.23856307e+18 7.27428487e+18 7.30690023e+18 7.33630863e+18 7.36241696e+18 7.38513998e+18 7.40440076e+18 7.42013101e+18 7.43227153e+18 7.44077245e+18 7.44559355e+18 7.44670444e+18 7.44408480e+18 7.43772450e+18 7.42762367e+18 7.41379274e+18 7.39625247e+18 7.37503385e+18 7.35017800e+18 7.32173604e+18 7.28976886e+18 7.25434687e+18 7.21554974e+18 7.17346602e+18 7.12819277e+18 7.07983519e+18 7.02850609e+18 6.97432547e+18 6.91742000e+18 6.85792243e+18 6.79597108e+18 6.73170923e+18 6.66528454e+18
3.63874152e+18 3.66359797e+18 3.68933200e+18 3.71597122e+18 3.74354346e+18 3.77207671e+18 3.80159903e+18 3.83213835e+18 3.86372247e+18 3.89637881e+18 3.93013435e+18 3.96501543e+18 4.00104762e+18 4.03825551e+18 4.07666253e+18 4.11629081e+18 4.15716090e+18 4.19929163e+18 4.24269985e+18 4.28740023e+18 4.33340503e+18 4.38072385e+18 4.42936343e+18 4.47932739e+18 4.53061600e+18 4.58322594e+18 4.63715008e+18 4.69237725e+18 4.74889200e+18 4.80667442e+18 4.86569990e+18 4.92593896e+18 4.98735709e+18 5.04991453e+18 5.11356619e+18 5.17826145e+18 5.24394415e+18 5.31055241e+18 5.37801863e+18 5.44626945e+18 5.51522571e+18 5.58480252e+18 5.65490930e+18 5.72544983e+18 5.79632243e+18 5.86742004e+18 5.93863047e+18 6.00983657e+18 6.08091649e+18 6.15174397e+18 6.22218866e+18 6.29211648e+18 6.36138995e+18 6.42986866e+18 6.49740969e+18 6.56386806e+18 6.62909725e+18 6.69294967e+18 6.75527727e+18 6.81593203e+18 6.87476655e+18 6.93163464e+18 6.98639191e+18 7.03889637e+18 7.08900901e+18 7.13659443e+18 7.18152141e+18 7.22366353e+18 7.26289969e+18 7.29911473e+18 7.33219994e+18 7.36205359e+18 7.38858142e+18 7.41169709e+18 7.43132264e+18 7.44738888e+18 7.45983573e+18 7.46861258e+18 7.47367852e+18 7.47500261e+18 7.47256403e+18 7.46635227e+18 7.45636717e+18 7.44261901e+18 7.42512844e+18 7.40392648e+18 7.37905439e+18 7.35056351e+18 7.31851504e+18 7.28297982e+18 7.24403804e+18 7.20177884e+18 7.15629999e+18 7.10770745e+18 7.05611492e+18 7.00164332e+18 6.94442032e+18 6.88457976e+18 6.82226108e+18 6.75760875e+18 6.69077168e+18
3.63580097e+18 3.66065014e+18 3.68638345e+18 3.71302896e+18 3.74061501e+18 3.76917008e+18 3.79872269e+18 3.82930131e+18 3.86093422e+18 3.89364938e+18 3.92747426e+18 3.96243574e+18 3.99855988e+18 4.03587179e+18 4.07439540e+18 4.11415332e+18 4.15516661e+18 4.19745454e+18 4.24103443e+18 4.28592138e+18 4.33212805e+18 4.37966445e+18 4.42853766e+18 4.47875164e+18 4.53030695e+18 4.58320054e+18 4.63742550e+18 4.69297082e+18 4.74982121e+18 4.80795684e+18 4.86735314e+18 4.92798062e+18 4.98980469e+18 5.05278548e+18 5.11687770e+18 5.18203051e+18 5.24818741e+18 5.31528617e+18 5.38325875e+18 5.45203129e+18 5.52152406e+18 5.59165155e+18 5.66232246e+18 5.73343982e+18 5.80490110e+18 5.87659837e+18 5.94841846e+18 6.02024320e+18 6.09194967e+18 6.16341048e+18 6.23449409e+18 6.30506517e+18 6.37498497e+18 6.44411174e+18 6.51230120e+18 6.57940696e+18 6.64528106e+18 6.70977449e+18 6.77273769e+18 6.83402117e+18 6.89347603e+18 6.95095458e+18 7.00631095e+18 7.05940164e+18 7.11008619e+18 7.15822775e+18 7.20369369e+18 7.24635618e+18 7.28609281e+18 7.32278710e+18 7.35632911e+18 7.38661591e+18 7.41355212e+18 7.43705035e+18 7.45703165e+18 7.47342593e+18 7.48617228e+18 7.49521934e+18 7.50052555e+18 7.50205941e+18 7.49979964e+18 7.49373534e+18 7.48386609e+18 7.47020198e+18 7.45276358e+18 7.43158193e+18 7.40669839e+18 7.37816453e+18 7.34604185e+18 7.31040161e+18 7.27132446e+18 7.22890013e+18 7.18322708e+18 7.13441200e+18 7.08256941e+18 7.02782114e+18 6.97029583e+18 6.91012834e+18 6.84745922e+18 6.78243408e+18 6.71520301e+18
3.63278581e+18 3.65762310e+18 3.68335081e+18 3.70999746e+18 3.73759186e+18 3.76616296e+18 3.79573978e+18 3.82635127e+18 3.85802620e+18 3.89079303e+18 3.92467975e+18 3.95971371e+18 3.99592149e+18 4.03332869e+18 4.07195973e+18 4.11183771e+18 4.15298414e+18 4.19541878e+18 4.23915935e+18 4.28422140e+18 4.33061800e+18 4.37835952e+18 4.42745340e+18 4.47790393e+18 4.52971195e+18 4.58287467e+18 4.63738540e+18 4.69323333e+18 4.75040328e+18 4.80887552e+18 4.86862553e+18 4.92962380e+18 4.99183568e+18 5.05522119e+18 5.11973486e+18 5.18532563e+18 5.25193671e+18 5.31950551e+18 5.38796358e+18 5.45723656e+18 5.52724421e+18 5.59790039e+18 5.66911313e+18 5.74078473e+18 5.81281186e+18 5.88508573e+18 5.95749224e+18 6.02991226e+18 6.10222181e+18 6.17429241e+18 6.24599139e+18 6.31718220e+18 6.38772488e+18 6.45747638e+18 6.52629111e+18 6.59402132e+18 6.66051769e+18 6.72562979e+18 6.78920664e+18 6.85109731e+18 6.91115145e+18 6.96921995e+18 7.02515547e+18 7.07881309e+18 7.13005093e+18 7.17873074e+18 7.22471851e+18 7.26788509e+18 7.30810676e+18 7.34526580e+18 7.37925106e+18 7.40995845e+18 7.43729150e+18 7.46116181e+18 7.48148947e+18 7.49820351e+18 7.51124223e+18 7.52055353e+18 7.52609523e+18 7.52783527e+18 7.52575193e+18 7.51983393e+18 7.51008058e+18 7.49650179e+18 7.47911805e+18 7.45796041e+18 7.43307034e+18 7.40449960e+18 7.37230999e+18 7.33657314e+18 7.29737017e+18 7.25479139e+18 7.20893586e+18 7.15991101e+18 7.10783215e+18 7.05282196e+18 6.99501002e+18 6.93453218e+18 6.87153003e+18 6.80615030e+18 6.73854421e+18
3.62969587e+18 3.65451657e+18 3.68023370e+18 3.70687623e+18 3.73447340e+18 3.76305464e+18 3.79264943e+18 3.82328720e+18 3.85499722e+18 3.88780841e+18 3.92174925e+18 3.95684760e+18 3.99313050e+18 4.03062404e+18 4.06935312e+18 4.10934130e+18 4.15061057e+18 4.19318110e+18 4.23707109e+18 4.28229646e+18 4.32887069e+18 4.37680452e+18 4.42610574e+18 4.47677895e+18 4.52882529e+18 4.58224221e+18 4.63702325e+18 4.69315775e+18 4.75063071e+18 4.80942246e+18 4.86950853e+18 4.93085942e+18 4.99344043e+18 5.05721147e+18 5.12212690e+18 5.18813546e+18 5.25518006e+18 5.32319780e+18 5.39211981e+18 5.46187131e+18 5.53237150e+18 5.60353369e+18 5.67526525e+18 5.74746779e+18 5.82003720e+18 5.89286387e+18 5.96583283e+18 6.03882399e+18 6.11171237e+18 6.18436847e+18 6.25665848e+18 6.32844474e+18 6.39958607e+18 6.46993822e+18 6.53935429e+18 6.60768528e+18 6.67478050e+18 6.74048818e+18 6.80465598e+18 6.86713159e+18 6.92776327e+18 6.98640049e+18 7.04289454e+18 7.09709913e+18 7.14887099e+18 7.19807054e+18 7.24456244e+18 7.28821626e+18 7.32890702e+18 7.36651578e+18 7.40093023e+18 7.43204519e+18 7.45976313e+18 7.48399466e+18 7.50465894e+18 7.52168415e+18 7.53500782e+18 7.54457715e+18 7.55034935e+18 7.55229182e+18 7.55038239e+18 7.54460943e+18 7.53497199e+18 7.52147978e+18 7.50415322e+18 7.48302336e+18 7.45813178e+18 7.42953040e+18 7.39728131e+18 7.36145649e+18 7.32213752e+18 7.27941523e+18 7.23338929e+18 7.18416781e+18 7.13186685e+18 7.07660993e+18 7.01852750e+18 6.95775637e+18 6.89443913e+18 6.82872356e+18 6.76076198e+18
3.62653099e+18 3.65133032e+18 3.67703179e+18 3.70366482e+18 3.73125907e+18 3.75984443e+18 3.78945084e+18 3.82010818e+18 3.85184618e+18 3.88469425e+18 3.91868134e+18 3.95383577e+18 3.99018506e+18 4.02775577e+18 4.06657327e+18 4.10666157e+18 4.14804309e+18 4.19073846e+18 4.23476627e+18 4.28014288e+18 4.32688213e+18 4.37499512e+18 4.42449000e+18 4.47537165e+18 4.52764152e+18 4.58129730e+18 4.63633273e+18 4.69273735e+18 4.75049628e+18 4.80958996e+18 4.86999397e+18 4.93167881e+18 4.99460972e+18 5.05874653e+18 5.12404347e+18 5.19044903e+18 5.25790591e+18 5.32635086e+18 5.39571466e+18 5.46592207e+18 5.53689183e+18 5.60853666e+18 5.68076336e+18 5.75347282e+18 5.82656025e+18 5.89991521e+18 5.97342190e+18 6.04695933e+18 6.12040158e+18 6.19361812e+18 6.26647410e+18 6.33883076e+18 6.41054578e+18 6.48147373e+18 6.55146650e+18 6.62037382e+18 6.68804375e+18 6.75432322e+18 6.81905857e+18 6.88209616e+18 6.94328291e+18 7.00246698e+18 7.05949829e+18 7.11422924e+18 7.16651525e+18 7.21621543e+18 7.26319318e+18 7.30731683e+18 7.34846018e+18 7.38650315e+18 7.42133230e+18 7.45284137e+18 7.48093183e+18 7.50551333e+18 7.52650414e+18 7.54383163e+18 7.55743256e+18 7.56725348e+18 7.57325098e+18 7.57539196e+18 7.57365380e+18 7.56802455e+18 7.55850296e+18 7.54509858e+18 7.52783176e+18 7.50673352e+18 7.48184553e+18 7.45321989e+18 7.42091895e+18 7.38501502e+18 7.34559011e+18 7.30273554e+18 7.25655156e+18 7.20714693e+18 7.15463843e+18 7.09915037e+18 7.04081403e+18 6.97976714e+18 6.91615325e+18 6.85012112e+18 6.78182414e+18
3.62329108e+18 3.64806416e+18 3.67374482e+18 3.70036286e+18 3.72794841e+18 3.75653175e+18 3.78614328e+18 3.81681332e+18 3.84857207e+18 3.88144938e+18 3.91547467e+18 3.95067670e+18 3.98708347e+18 4.02472198e+18 4.06361805e+18 4.10379613e+18 4.14527908e+18 4.18808795e+18 4.23224175e+18 4.27775720e+18 4.32464854e+18 4.37292723e+18 4.42260172e+18 4.47367723e+18 4.52615545e+18 4.58003434e+18 4.63530786e+18 4.69196571e+18 4.74999314e+18 4.80937070e+18 4.87007402e+18 4.93207363e+18 4.99533472e+18 5.05981702e+18 5.12547464e+18 5.19225589e+18 5.26010320e+18 5.32895305e+18 5.39873586e+18 5.46937597e+18 5.54079167e+18 5.61289514e+18 5.68559260e+18 5.75878432e+18 5.83236479e+18 5.90622285e+18 5.98024186e+18 6.05429999e+18 6.12827041e+18 6.20202163e+18 6.27541780e+18 6.34831910e+18 6.42058213e+18 6.49206031e+18 6.56260440e+18 6.63206292e+18 6.70028272e+18 6.76710947e+18 6.83238828e+18 6.89596421e+18 6.95768293e+18 7.01739130e+18 7.07493797e+18 7.13017406e+18 7.18295373e+18 7.23313486e+18 7.28057963e+18 7.32515516e+18 7.36673412e+18 7.40519530e+18 7.44042418e+18 7.47231349e+18 7.50076371e+18 7.52568357e+18 7.54699050e+18 7.56461107e+18 7.57848132e+18 7.58854714e+18 7.59476456e+18 7.59709996e+18 7.59553032e+18 7.59004333e+18 7.58063750e+18 7.56732220e+18 7.55011768e+18 7.52905496e+18 7.50417578e+18 7.47553239e+18 7.44318739e+18 7.40721342e+18 7.36769286e+18 7.32471751e+18 7.27838817e+18 7.22881422e+18 7.17611310e+18 7.12040989e+18 7.06183665e+18 7.00053198e+18 6.93664033e+18 6.87031143e+18 6.80169966e+18
3.61997608e+18 3.64471798e+18 3.67037257e+18 3.69697007e+18 3.72454100e+18 3.75311607e+18 3.78272611e+18 3.81340188e+18 3.84517399e+18 3.87807275e+18 3.91212802e+18 3.94736901e+18 3.98382414e+18 4.02152087e+18 4.06048545e+18 4.10074276e+18 4.14231608e+18 4.18522687e+18 4.22949452e+18 4.27513616e+18 4.32216636e+18 4.37059695e+18 4.42043671e+18 4.47169112e+18 4.52436218e+18 4.57844806e+18 4.63394294e+18 4.69083671e+18 4.74911475e+18 4.80875770e+18 4.86974127e+18 4.93203598e+18 4.99560701e+18 5.06041402e+18 5.12641097e+18 5.19354603e+18 5.26176139e+18 5.33099325e+18 5.40117169e+18 5.47222070e+18 5.54405808e+18 5.61659557e+18 5.68973880e+18 5.76338745e+18 5.83743535e+18 5.91177062e+18 5.98627588e+18 6.06082846e+18 6.13530068e+18 6.20956012e+18 6.28347000e+18 6.35688949e+18 6.42967414e+18 6.50167632e+18 6.57274566e+18 6.64272956e+18 6.71147369e+18 6.77882256e+18 6.84462007e+18 6.90871006e+18 6.97093700e+18 7.03114650e+18 7.08918601e+18 7.14490543e+18 7.19815771e+18 7.24879955e+18 7.29669196e+18 7.34170094e+18 7.38369803e+18 7.42256095e+18 7.45817417e+18 7.49042942e+18 7.51922626e+18 7.54447253e+18 7.56608485e+18 7.58398901e+18 7.59812037e+18 7.60842420e+18 7.61485595e+18 7.61738155e+18 7.61597755e+18 7.61063131e+18 7.60134109e+18 7.58811609e+18 7.57097646e+18 7.54995320e+18 7.52508813e+18 7.49643365e+18 7.46405255e+18 7.42801777e+18 7.38841208e+18 7.34532772e+18 7.29886600e+18 7.24913686e+18 7.19625841e+18 7.14035640e+18 7.08156369e+18 7.02001966e+18 6.95586962e+18 6.88926421e+18 6.82035876e+18
3.61658600e+18 3.64129170e+18 3.66691489e+18 3.69348619e+18 3.72103650e+18 3.74959697e+18 3.77919879e+18 3.80987316e+18 3.84165113e+18 3.87456341e+18 3.90864028e+18 3.94391140e+18 3.98040563e+18 4.01815081e+18 4.05717364e+18 4.09749942e+18 4.13915181e+18 4.18215268e+18 4.22652181e+18 4.27227670e+18 4.31943227e+18 4.36800067e+18 4.41799101e+18 4.46940906e+18 4.52225707e+18 4.57653347e+18 4.63223263e+18 4.68934461e+18 4.74785495e+18 4.80774438e+18 4.86898866e+18 4.93155836e+18 4.99541863e+18 5.06052906e+18 5.12684351e+18 5.19430998e+18 5.26287046e+18 5.33246089e+18 5.40301105e+18 5.47444455e+18 5.54667880e+18 5.61962506e+18 5.69318845e+18 5.76726809e+18 5.84175718e+18 5.91654316e+18 5.99150793e+18 6.06652806e+18 6.14147505e+18 6.21621561e+18 6.29061205e+18 6.36452261e+18 6.43780184e+18 6.51030110e+18 6.58186897e+18 6.65235177e+18 6.72159406e+18 6.78943924e+18 6.85573005e+18 6.92030921e+18 6.98301999e+18 7.04370686e+18 7.10221611e+18 7.15839647e+18 7.21209976e+18 7.26318153e+18 7.31150170e+18 7.35692518e+18 7.39932245e+18 7.43857021e+18 7.47455195e+18 7.50715847e+18 7.53628841e+18 7.56184880e+18 7.58375546e+18 7.60193346e+18 7.61631749e+18 7.62685221e+18 7.63349255e+18 7.63620395e+18 7.63496260e+18 7.62975551e+18 7.62058071e+18 7.60744722e+18 7.59037508e+18 7.56939530e+18 7.54454973e+18 7.51589090e+18 7.48348181e+18 7.44739567e+18 7.40771559e+18 7.36453423e+18 7.31795337e+18 7.26808350e+18 7.21504332e+18 7.15895926e+18 7.09996486e+18 7.03820030e+18 6.97381168e+18 6.90695049e+18 6.83777295e+18
3.61312091e+18 3.63778531e+18 3.66337170e+18 3.68991106e+18 3.71743468e+18 3.74597407e+18 3.77556085e+18 3.80622660e+18 3.83800278e+18 3.87092051e+18 3.90501048e+18 3.94030276e+18 3.97682661e+18 4.01461031e+18 4.05368095e+18 4.09406421e+18 4.13578417e+18 4.17886307e+18 4.22332107e+18 4.26917600e+18 4.31644316e+18 4.36513501e+18 4.41526094e+18 4.46682705e+18 4.51983581e+18 4.57428591e+18 4.63017190e+18 4.68748402e+18 4.74620795e+18 4.80632454e+18 4.86780960e+18 4.93063374e+18 4.99476209e+18 5.06015419e+18 5.12676381e+18 5.19453880e+18 5.26342096e+18 5.33334600e+18 5.40424341e+18 5.47603647e+18 5.54864221e+18 5.62197144e+18 5.69592881e+18 5.77041290e+18 5.84531632e+18 5.92052590e+18 5.99592284e+18 6.07138300e+18 6.14677709e+18 6.22197103e+18 6.29682627e+18 6.37120013e+18 6.44494627e+18 6.51791507e+18 6.58995412e+18 6.66090871e+18 6.73062237e+18 6.79893743e+18 6.86569555e+18 6.93073836e+18 6.99390803e+18 7.05504794e+18 7.11400326e+18 7.17062163e+18 7.22475380e+18 7.27625423e+18 7.32498178e+18 7.37080034e+18 7.41357939e+18 7.45319467e+18 7.48952872e+18 7.52247143e+18 7.55192063e+18 7.57778253e+18 7.59997220e+18 7.61841400e+18 7.63304201e+18 7.64380030e+18 7.65064329e+18 7.65353599e+18 7.65245416e+18 7.64738455e+18 7.63832493e+18 7.62528414e+18 7.60828213e+18 7.58734989e+18 7.56252929e+18 7.53387298e+18 7.50144415e+18 7.46531626e+18 7.42557274e+18 7.38230661e+18 7.33562012e+18 7.28562426e+18 7.23243829e+18 7.17618924e+18 7.11701135e+18 7.05504547e+18 6.99043849e+18 6.92334269e+18 6.85391512e+18
3.60958093e+18 3.63419889e+18 3.65974300e+18 3.68624460e+18 3.71373535e+18 3.74224713e+18 3.77181193e+18 3.80246173e+18 3.83422835e+18 3.86714333e+18 3.90123775e+18 3.93654207e+18 3.97308594e+18 4.01089805e+18 4.05000585e+18 4.09043544e+18 4.13221126e+18 4.17535591e+18 4.21988992e+18 4.26583148e+18 4.31319619e+18 4.36199684e+18 4.41224313e+18 4.46394140e+18 4.51709441e+18 4.57170104e+18 4.62775607e+18 4.68524991e+18 4.74416837e+18 4.80449240e+18 4.86619791e+18 4.92925552e+18 4.99363037e+18 5.05928196e+18 5.12616396e+18 5.19422411e+18 5.26340404e+18 5.33363923e+18 5.40485892e+18 5.47698608e+18 5.54993739e+18 5.62362324e+18 5.69794785e+18 5.77280929e+18 5.84809963e+18 5.92370511e+18 5.99950630e+18 6.07537837e+18 6.15119132e+18 6.22681030e+18 6.30209595e+18 6.37690478e+18 6.45108955e+18 6.52449974e+18 6.59698201e+18 6.66838069e+18 6.73853834e+18 6.80729626e+18 6.87449512e+18 6.93997551e+18 7.00357857e+18 7.06514663e+18 7.12452383e+18 7.18155678e+18 7.23609517e+18 7.28799249e+18 7.33710659e+18 7.38330037e+18 7.42644239e+18 7.46640744e+18 7.50307719e+18 7.53634070e+18 7.56609497e+18 7.59224545e+18 7.61470650e+18 7.63340184e+18 7.64826492e+18 7.65923927e+18 7.66627881e+18 7.66934812e+18 7.66842262e+18 7.66348874e+18 7.65454400e+18 7.64159709e+18 7.62466786e+18 7.60378724e+18 7.57899716e+18 7.55035035e+18 7.51791017e+18 7.48175031e+18 7.44195447e+18 7.39861606e+18 7.35183770e+18 7.30173086e+18 7.24841532e+18 7.19201869e+18 7.13267582e+18 7.07052822e+18 7.00572350e+18 6.93841467e+18 6.86875955e+18
3.60596624e+18 3.63053254e+18 3.65602884e+18 3.68248679e+18 3.70993842e+18 3.73841596e+18 3.76795176e+18 3.79857816e+18 3.83032737e+18 3.86323128e+18 3.89732137e+18 3.93262847e+18 3.96918261e+18 4.00701285e+18 4.04614703e+18 4.08661160e+18 4.12843137e+18 4.17162931e+18 4.21622627e+18 4.26224078e+18 4.30968878e+18 4.35858334e+18 4.40893445e+18 4.46074873e+18 4.51402917e+18 4.56877489e+18 4.62498085e+18 4.68263765e+18 4.74173122e+18 4.80224263e+18 4.86414787e+18 4.92741760e+18 4.99201696e+18 5.05790543e+18 5.12503661e+18 5.19335811e+18 5.26281144e+18 5.33333186e+18 5.40484838e+18 5.47728370e+18 5.55055414e+18 5.62456977e+18 5.69923435e+18 5.77444551e+18 5.85009482e+18 5.92606797e+18 6.00224493e+18 6.07850024e+18 6.15470323e+18 6.23071835e+18 6.30640548e+18 6.38162034e+18 6.45621489e+18 6.53003776e+18 6.60293473e+18 6.67474924e+18 6.74532293e+18 6.81449616e+18 6.88210864e+18 6.94800000e+18 7.01201041e+18 7.07398122e+18 7.13375560e+18 7.19117918e+18 7.24610070e+18 7.29837268e+18 7.34785204e+18 7.39440077e+18 7.43788652e+18 7.47818323e+18 7.51517172e+18 7.54874026e+18 7.57878509e+18 7.60521094e+18 7.62793150e+18 7.64686985e+18 7.66195888e+18 7.67314158e+18 7.68037142e+18 7.68361256e+18 7.68284007e+18 7.67804007e+18 7.66920988e+18 7.65635802e+18 7.63950422e+18 7.61867937e+18 7.59392542e+18 7.56529519e+18 7.53285218e+18 7.49667027e+18 7.45683344e+18 7.41343540e+18 7.36657917e+18 7.31637663e+18 7.26294804e+18 7.20642153e+18 7.14693253e+18 7.08462317e+18 7.01964169e+18 6.95214180e+18 6.88228204e+18
3.60227709e+18 3.62678647e+18 3.65222935e+18 3.67863771e+18 3.70604390e+18 3.73448048e+18 3.76398017e+18 3.79457564e+18 3.82629946e+18 3.85918389e+18 3.89326075e+18 3.92856124e+18 3.96511576e+18 4.00295372e+18 4.04210332e+18 4.08259136e+18 4.12444301e+18 4.16768157e+18 4.21232822e+18 4.25840182e+18 4.30591860e+18 4.35489194e+18 4.40533210e+18 4.45724597e+18 4.51063677e+18 4.56550383e+18 4.62184233e+18 4.67964300e+18 4.73889194e+18 4.79957033e+18 4.86165424e+18 4.92511436e+18 4.98991588e+18 5.05601823e+18 5.12337497e+18 5.19193362e+18 5.26163553e+18 5.33241582e+18 5.40420328e+18 5.47692033e+18 5.55048304e+18 5.62480109e+18 5.69977790e+18 5.77531066e+18 5.85129048e+18 5.92760254e+18 6.00412627e+18 6.08073563e+18 6.15729933e+18 6.23368114e+18 6.30974028e+18 6.38533172e+18 6.46030667e+18 6.53451297e+18 6.60779559e+18 6.67999714e+18 6.75095839e+18 6.82051884e+18 6.88851731e+18 6.95479253e+18 7.01918376e+18 7.08153145e+18 7.14167783e+18 7.19946765e+18 7.25474873e+18 7.30737271e+18 7.35719564e+18 7.40407862e+18 7.44788849e+18 7.48849838e+18 7.52578831e+18 7.55964581e+18 7.58996640e+18 7.61665413e+18 7.63962206e+18 7.65879268e+18 7.67409832e+18 7.68548150e+18 7.69289523e+18 7.69630328e+18 7.69568037e+18 7.69101237e+18 7.68229636e+18 7.66954068e+18 7.65276497e+18 7.63200007e+18 7.60728794e+18 7.57868145e+18 7.54624423e+18 7.51005035e+18 7.47018402e+18 7.42673922e+18 7.37981933e+18 7.32953660e+18 7.27601174e+18 7.21937335e+18 7.15975738e+18 7.09730652e+18 7.03216961e+18 6.96450100e+18 6.89445988e+18
3.59851378e+18 3.62296093e+18 3.64834474e+18 3.67469749e+18 3.70205186e+18 3.73044072e+18 3.75989710e+18 3.79045403e+18 3.82214440e+18 3.85500082e+18 3.88905545e+18 3.92433983e+18 3.96088471e+18 3.99871983e+18 4.03787375e+18 4.07837361e+18 4.12024489e+18 4.16351123e+18 4.20819413e+18 4.25431274e+18 4.30188361e+18 4.35092039e+18 4.40143361e+18 4.45343040e+18 4.50691422e+18 4.56188462e+18 4.61833696e+18 4.67626215e+18 4.73564642e+18 4.79647107e+18 4.85871224e+18 4.92234071e+18 4.98732166e+18 5.05361454e+18 5.12117285e+18 5.18994404e+18 5.25986935e+18 5.33088374e+18 5.40291581e+18 5.47588777e+18 5.54971540e+18 5.62430810e+18 5.69956893e+18 5.77539470e+18 5.85167610e+18 5.92829783e+18 6.00513886e+18 6.08207259e+18 6.15896716e+18 6.23568574e+18 6.31208690e+18 6.38802497e+18 6.46335043e+18 6.53791041e+18 6.61154914e+18 6.68410844e+18 6.75542830e+18 6.82534740e+18 6.89370375e+18 6.96033524e+18 7.02508030e+18 7.08777851e+18 7.14827129e+18 7.20640252e+18 7.26201919e+18 7.31497210e+18 7.36511649e+18 7.41231268e+18 7.45642671e+18 7.49733095e+18 7.53490470e+18 7.56903478e+18 7.59961605e+18 7.62655192e+18 7.64975484e+18 7.66914677e+18 7.68465951e+18 7.69623511e+18 7.70382618e+18 7.70739609e+18 7.70691927e+18 7.70238130e+18 7.69377904e+18 7.68112067e+18 7.66442573e+18 7.64372499e+18 7.61906040e+18 7.59048491e+18 7.55806222e+18 7.52186657e+18 7.48198237e+18 7.43850387e+18 7.39153472e+18 7.34118754e+18 7.28758343e+18 7.23085142e+18 7.17112792e+18 7.10855614e+18 7.04328547e+18 6.97547081e+18 6.90527196e+18
3.59467669e+18 3.61905626e+18 3.64437529e+18 3.67066638e+18 3.69796247e+18 3.72629676e+18 3.75570259e+18 3.78621329e+18 3.81786207e+18 3.85068186e+18 3.88470515e+18 3.91996382e+18 3.95648892e+18 3.99431054e+18 4.03345756e+18 4.07395742e+18 4.11583595e+18 4.15911707e+18 4.20382260e+18 4.24997199e+18 4.29758205e+18 4.34666672e+18 4.39723678e+18 4.44929961e+18 4.50285890e+18 4.55791439e+18 4.61446163e+18 4.67249171e+18 4.73199098e+18 4.79294088e+18 4.85531763e+18 4.91909207e+18 4.98422942e+18 5.05068913e+18 5.11842468e+18 5.18738345e+18 5.25750659e+18 5.32872893e+18 5.40097892e+18 5.47417854e+18 5.54824337e+18 5.62308251e+18 5.69859873e+18 5.77468849e+18 5.85124210e+18 5.92814385e+18 6.00527224e+18 6.08250020e+18 6.15969535e+18 6.23672031e+18 6.31343306e+18 6.38968733e+18 6.46533296e+18 6.54021642e+18 6.61418124e+18 6.68706854e+18 6.75871759e+18 6.82896633e+18 6.89765201e+18 6.96461174e+18 7.02968320e+18 7.09270518e+18 7.15351832e+18 7.21196572e+18 7.26789361e+18 7.32115202e+18 7.37159542e+18 7.41908341e+18 7.46348130e+18 7.50466075e+18 7.54250040e+18 7.57688641e+18 7.60771300e+18 7.63488301e+18 7.65830835e+18 7.67791042e+18 7.69362056e+18 7.70538038e+18 7.71314209e+18 7.71686873e+18 7.71653439e+18 7.71212441e+18 7.70363544e+18 7.69107550e+18 7.67446399e+18 7.65383165e+18 7.62922040e+18 7.60068322e+18 7.56828390e+18 7.53209681e+18 7.49220652e+18 7.44870752e+18 7.40170371e+18 7.35130803e+18 7.29764191e+18 7.24083478e+18 7.18102346e+18 7.11835163e+18 7.05296914e+18 6.98503142e+18 6.91469881e+18
3.59076625e+18 3.61507285e+18 3.64032138e+18 3.66654469e+18 3.69377602e+18 3.72204884e+18 3.75139679e+18 3.78185349e+18 3.81345246e+18 3.84622694e+18 3.88020971e+18 3.91543295e+18 3.95192805e+18 3.98972539e+18 4.02885415e+18 4.06934210e+18 4.11121534e+18 4.15449811e+18 4.19921251e+18 4.24537826e+18 4.29301245e+18 4.34212928e+18 4.39273979e+18 4.44485157e+18 4.49846854e+18 4.55359065e+18 4.61021363e+18 4.66832871e+18 4.72792242e+18 4.78897629e+18 4.85146665e+18 4.91536441e+18 4.98063483e+18 5.04723737e+18 5.11512551e+18 5.18424657e+18 5.25454164e+18 5.32594544e+18 5.39838628e+18 5.47178597e+18 5.54605988e+18 5.62111689e+18 5.69685949e+18 5.77318382e+18 5.84997987e+18 5.92713156e+18 6.00451698e+18 6.08200862e+18 6.15947363e+18 6.23677416e+18 6.31376765e+18 6.39030727e+18 6.46624229e+18 6.54141859e+18 6.61567906e+18 6.68886420e+18 6.76081261e+18 6.83136155e+18 6.90034758e+18 6.96760714e+18 7.03297716e+18 7.09629577e+18 7.15740286e+18 7.21614083e+18 7.27235521e+18 7.32589532e+18 7.37661496e+18 7.42437302e+18 7.46903415e+18 7.51046939e+18 7.54855674e+18 7.58318175e+18 7.61423809e+18 7.64162803e+18 7.66526297e+18 7.68506383e+18 7.70096152e+18 7.71289721e+18 7.72082276e+18 7.72470085e+18 7.72450532e+18 7.72022124e+18 7.71184505e+18 7.69938461e+18 7.68285923e+18 7.66229955e+18 7.63774747e+18 7.60925599e+18 7.57688897e+18 7.54072086e+18 7.50083640e+18 7.45733024e+18 7.41030654e+18 7.35987848e+18 7.30616781e+18 7.24930428e+18 7.18942510e+18 7.12667432e+18 7.06120223e+18 6.99316473e+18 6.92272262e+18
3.58678297e+18 3.61101119e+18 3.63618343e+18 3.66233283e+18 3.68949285e+18 3.71769727e+18 3.74697996e+18 3.77737485e+18 3.80891573e+18 3.84163612e+18 3.87556910e+18 3.91074714e+18 3.94720192e+18 3.98496410e+18 4.02406315e+18 4.06452714e+18 4.10638245e+18 4.14965360e+18 4.19436296e+18 4.24053052e+18 4.28817363e+18 4.33730674e+18 4.38794111e+18 4.44008458e+18 4.49374127e+18 4.54891133e+18 4.60559065e+18 4.66377066e+18 4.72343800e+18 4.78457433e+18 4.84715609e+18 4.91115425e+18 4.97653413e+18 5.04325523e+18 5.11127101e+18 5.18052879e+18 5.25096958e+18 5.32252804e+18 5.39513234e+18 5.46870418e+18 5.54315873e+18 5.61840468e+18 5.69434428e+18 5.77087342e+18 5.84788178e+18 5.92525296e+18 6.00286469e+18 6.08058908e+18 6.15829287e+18 6.23583777e+18 6.31308075e+18 6.38987448e+18 6.46606774e+18 6.54150585e+18 6.61603116e+18 6.68948359e+18 6.76170113e+18 6.83252046e+18 6.90177751e+18 6.96930808e+18 7.03494850e+18 7.09853621e+18 7.15991050e+18 7.21891310e+18 7.27538891e+18 7.32918662e+18 7.38015939e+18 7.42816549e+18 7.47306899e+18 7.51474033e+18 7.55305692e+18 7.58790378e+18 7.61917405e+18 7.64676951e+18 7.67060106e+18 7.69058920e+18 7.70666440e+18 7.71876748e+18 7.72684993e+18 7.73087414e+18 7.73081365e+18 7.72665330e+18 7.71838935e+18 7.70602949e+18 7.68959291e+18 7.66911017e+18 7.64462314e+18 7.61618480e+18 7.58385907e+18 7.54772047e+18 7.50785386e+18 7.46435404e+18 7.41732536e+18 7.36688122e+18 7.31314363e+18 7.25624262e+18 7.19631572e+18 7.13350734e+18 7.06796813e+18 6.99985438e+18 6.92932730e+18
3.58272743e+18 3.60687182e+18 3.63196198e+18 3.65803128e+18 3.68511344e+18 3.71324246e+18 3.74245248e+18 3.77277770e+18 3.80425215e+18 3.83690963e+18 3.87078349e+18 3.90590647e+18 3.94231051e+18 3.98002657e+18 4.01908439e+18 4.05951228e+18 4.10133691e+18 4.14458306e+18 4.18927335e+18 4.23542804e+18 4.28306473e+18 4.33219808e+18 4.38283959e+18 4.43499732e+18 4.48867560e+18 4.54387475e+18 4.60059086e+18 4.65881550e+18 4.71853546e+18 4.77973253e+18 4.84238324e+18 4.90645866e+18 4.97192418e+18 5.03873931e+18 5.10685754e+18 5.17622619e+18 5.24678622e+18 5.31847225e+18 5.39121235e+18 5.46492811e+18 5.53953456e+18 5.61494022e+18 5.69104714e+18 5.76775099e+18 5.84494120e+18 5.92250109e+18 6.00030808e+18 6.07823396e+18 6.15614510e+18 6.23390281e+18 6.31136369e+18 6.38837996e+18 6.46479994e+18 6.54046849e+18 6.61522747e+18 6.68891627e+18 6.76137239e+18 6.83243195e+18 6.90193034e+18 6.96970281e+18 7.03558510e+18 7.09941410e+18 7.16102851e+18 7.22026950e+18 7.27698139e+18 7.33101230e+18 7.38221482e+18 7.43044669e+18 7.47557140e+18 7.51745888e+18 7.55598604e+18 7.59103739e+18 7.62250558e+18 7.65029193e+18 7.67430694e+18 7.69447068e+18 7.71071324e+18 7.72297510e+18 7.73120741e+18 7.73537228e+18 7.73544300e+18 7.73140418e+18 7.72325188e+18 7.71099365e+18 7.69464854e+18 7.67424704e+18 7.64983095e+18 7.62145325e+18 7.58917787e+18 7.55307939e+18 7.51324276e+18 7.46976288e+18 7.42274426e+18 7.37230049e+18 7.31855377e+18 7.26163438e+18 7.20168012e+18 7.13883568e+18 7.07325203e+18 7.00508577e+18 6.93449850e+18
3.57860026e+18 3.60265537e+18 3.62765764e+18 3.65364064e+18 3.68063833e+18 3.70868493e+18 3.73781484e+18 3.76806247e+18 3.79946211e+18 3.83204781e+18 3.86585317e+18 3.90091117e+18 3.93725402e+18 3.97491292e+18 4.01391788e+18 4.05429745e+18 4.09607856e+18 4.13928623e+18 4.18394335e+18 4.23007038e+18 4.27768516e+18 4.32680260e+18 4.37743441e+18 4.42958883e+18 4.48327041e+18 4.53847965e+18 4.59521282e+18 4.65346163e+18 4.71321304e+18 4.77444894e+18 4.83714598e+18 4.90127531e+18 4.96680241e+18 5.03368683e+18 5.10188210e+18 5.17133554e+18 5.24198811e+18 5.31377436e+18 5.38662234e+18 5.46045353e+18 5.53518287e+18 5.61071873e+18 5.68696302e+18 5.76381121e+18 5.84115252e+18 5.91887005e+18 5.99684096e+18 6.07493675e+18 6.15302350e+18 6.23096219e+18 6.30860905e+18 6.38581597e+18 6.46243086e+18 6.53829816e+18 6.61325933e+18 6.68715331e+18 6.75981713e+18 6.83108647e+18 6.90079622e+18 6.96878115e+18 7.03487651e+18 7.09891868e+18 7.16074587e+18 7.22019873e+18 7.27712108e+18 7.33136053e+18 7.38276919e+18 7.43120429e+18 7.47652886e+18 7.51861233e+18 7.55733116e+18 7.59256942e+18 7.62421934e+18 7.65218182e+18 7.67636696e+18 7.69669448e+18 7.71309412e+18 7.72550603e+18 7.73388107e+18 7.73818108e+18 7.73837911e+18 7.73445955e+18 7.72641828e+18 7.71426270e+18 7.69801172e+18 7.67769576e+18 7.65335654e+18 7.62504703e+18 7.59283112e+18 7.55678344e+18 7.51698898e+18 7.47354274e+18 7.42654934e+18 7.37612250e+18 7.32238459e+18 7.26546608e+18 7.20550497e+18 7.14264618e+18 7.07704096e+18 7.00884616e+18 6.93822368e+18
3.57440219e+18 3.59836255e+18 3.62327109e+18 3.64916158e+18 3.67606817e+18 3.70402533e+18 3.73306764e+18 3.76322974e+18 3.79454617e+18 3.82705117e+18 3.86077859e+18 3.89576165e+18 3.93203280e+18 3.96962345e+18 4.00856386e+18 4.04888284e+18 4.09060752e+18 4.13376316e+18 4.17837288e+18 4.22445737e+18 4.27203469e+18 4.32111996e+18 4.37172509e+18 4.42385853e+18 4.47752501e+18 4.53272521e+18 4.58945557e+18 4.64770796e+18 4.70746947e+18 4.76872213e+18 4.83144270e+18 4.89560244e+18 4.96116689e+18 5.02809568e+18 5.09634238e+18 5.16585432e+18 5.23657250e+18 5.30843145e+18 5.38135916e+18 5.45527709e+18 5.53010007e+18 5.60573640e+18 5.68208784e+18 5.75904975e+18 5.83651117e+18 5.91435501e+18 5.99245824e+18 6.07069211e+18 6.14892247e+18 6.22701002e+18 6.30481072e+18 6.38217611e+18 6.45895382e+18 6.53498793e+18 6.61011953e+18 6.68418721e+18 6.75702761e+18 6.82847600e+18 6.89836688e+18 6.96653459e+18 7.03281395e+18 7.09704094e+18 7.15905330e+18 7.21869128e+18 7.27579823e+18 7.33022135e+18 7.38181231e+18 7.43042791e+18 7.47593075e+18 7.51818986e+18 7.55708130e+18 7.59248874e+18 7.62430403e+18 7.65242771e+18 7.67676954e+18 7.69724889e+18 7.71379520e+18 7.72634834e+18 7.73485888e+18 7.73928842e+18 7.73960979e+18 7.73580718e+18 7.72787628e+18 7.71582435e+18 7.69967018e+18 7.67944406e+18 7.65518766e+18 7.62695388e+18 7.59480661e+18 7.55882046e+18 7.51908046e+18 7.47568165e+18 7.42872871e+18 7.37833547e+18 7.32462442e+18 7.26772617e+18 7.20777886e+18 7.14492761e+18 7.07932383e+18 7.01112463e+18 6.94049208e+18
3.57013401e+18 3.59399414e+18 3.61880311e+18 3.64459485e+18 3.67140374e+18 3.69926439e+18 3.72821160e+18 3.75828023e+18 3.78950499e+18 3.82192036e+18 3.85556038e+18 3.89045851e+18 3.92664738e+18 3.96415866e+18 4.00302281e+18 4.04326883e+18 4.08492411e+18 4.12801411e+18 4.17256216e+18 4.21858916e+18 4.26611338e+18 4.31515013e+18 4.36571153e+18 4.41780622e+18 4.47143909e+18 4.52661102e+18 4.58331859e+18 4.64155384e+18 4.70130399e+18 4.76255121e+18 4.82527239e+18 4.88943887e+18 4.95501630e+18 5.02196438e+18 5.09023674e+18 5.15978076e+18 5.23053745e+18 5.30244136e+18 5.37542049e+18 5.44939625e+18 5.52428345e+18 5.59999030e+18 5.67641850e+18 5.75346330e+18 5.83101363e+18 5.90895225e+18 5.98715597e+18 6.06549589e+18 6.14383763e+18 6.22204170e+18 6.29996383e+18 6.37745532e+18 6.45436352e+18 6.53053226e+18 6.60580232e+18 6.68001200e+18 6.75299761e+18 6.82459411e+18 6.89463565e+18 6.96295623e+18 7.02939034e+18 7.09377356e+18 7.15594330e+18 7.21573943e+18 7.27300494e+18 7.32758666e+18 7.37933588e+18 7.42810906e+18 7.47376844e+18 7.51618268e+18 7.55522750e+18 7.59078623e+18 7.62275039e+18 7.65102022e+18 7.67550515e+18 7.69612428e+18 7.71280677e+18 7.72549221e+18 7.73413095e+18 7.73868436e+18 7.73912504e+18 7.73543701e+18 7.72761580e+18 7.71566849e+18 7.69961377e+18 7.67948180e+18 7.65531418e+18 7.62716372e+18 7.59509428e+18 7.55918045e+18 7.51950722e+18 7.47616969e+18 7.42927255e+18 7.37892967e+18 7.32526363e+18 7.26840511e+18 7.20849238e+18 7.14567065e+18 7.08009148e+18 7.01191212e+18 6.94129482e+18
3.56579656e+18 3.58955100e+18 3.61425455e+18 3.63994134e+18 3.66664587e+18 3.69440295e+18 3.72324757e+18 3.75321475e+18 3.78433939e+18 3.81665617e+18 3.85019932e+18 3.88500249e+18 3.92109851e+18 3.95851925e+18 3.99729536e+18 4.03745607e+18 4.07902893e+18 4.12203963e+18 4.16651168e+18 4.21246619e+18 4.25992160e+18 4.30889343e+18 4.35939398e+18 4.41143206e+18 4.46501275e+18 4.52013708e+18 4.57680181e+18 4.63499910e+18 4.69471635e+18 4.75593584e+18 4.81863458e+18 4.88278404e+18 4.94834995e+18 5.01529212e+18 5.08356424e+18 5.15311376e+18 5.22388174e+18 5.29580276e+18 5.36880484e+18 5.44280939e+18 5.51773121e+18 5.59347849e+18 5.66995289e+18 5.74704959e+18 5.82465744e+18 5.90265913e+18 5.98093135e+18 6.05934508e+18 6.13776581e+18 6.21605388e+18 6.29406486e+18 6.37164988e+18 6.44865607e+18 6.52492707e+18 6.60030343e+18 6.67462321e+18 6.74772249e+18 6.81943597e+18 6.88959753e+18 6.95804090e+18 7.02460028e+18 7.08911099e+18 7.15141013e+18 7.21133728e+18 7.26873514e+18 7.32345022e+18 7.37533353e+18 7.42424123e+18 7.47003524e+18 7.51258396e+18 7.55176280e+18 7.58745482e+18 7.61955124e+18 7.64795205e+18 7.67256641e+18 7.69331317e+18 7.71012124e+18 7.72292999e+18 7.73168956e+18 7.73636110e+18 7.73691703e+18 7.73334118e+18 7.72562892e+18 7.71378719e+18 7.69783454e+18 7.67780102e+18 7.65372813e+18 7.62566860e+18 7.59368621e+18 7.55785549e+18 7.51826143e+18 7.47499906e+18 7.42817309e+18 7.37789740e+18 7.32429459e+18 7.26749537e+18 7.20763806e+18 7.14486794e+18 7.07933664e+18 7.01120150e+18 6.94062485e+18
3.56139078e+18 3.58503407e+18 3.60962638e+18 3.63520198e+18 3.66179552e+18 3.68944199e+18 3.71817650e+18 3.74803426e+18 3.77905033e+18 3.81125956e+18 3.84469635e+18 3.87939453e+18 3.91538710e+18 3.95270613e+18 3.99138242e+18 4.03144541e+18 4.07292283e+18 4.11584053e+18 4.16022222e+18 4.20608920e+18 4.25346007e+18 4.30235054e+18 4.35277307e+18 4.40473665e+18 4.45824652e+18 4.51330388e+18 4.56990563e+18 4.62804410e+18 4.68770681e+18 4.74887620e+18 4.81152939e+18 4.87563798e+18 4.94116780e+18 5.00807876e+18 5.07632465e+18 5.14585300e+18 5.21660494e+18 5.28851510e+18 5.36151154e+18 5.43551573e+18 5.51044247e+18 5.58619996e+18 5.66268987e+18 5.73980735e+18 5.81744122e+18 5.89547414e+18 5.97378274e+18 6.05223791e+18 6.13070508e+18 6.20904450e+18 6.28711161e+18 6.36475743e+18 6.44182897e+18 6.51816971e+18 6.59362006e+18 6.66801792e+18 6.74119918e+18 6.81299835e+18 6.88324914e+18 6.95178507e+18 7.01844014e+18 7.08304944e+18 7.14544988e+18 7.20548078e+18 7.26298463e+18 7.31780772e+18 7.36980082e+18 7.41881984e+18 7.46472650e+18 7.50738893e+18 7.54668233e+18 7.58248951e+18 7.61470149e+18 7.64321801e+18 7.66794804e+18 7.68881020e+18 7.70573319e+18 7.71865620e+18 7.72752916e+18 7.73231304e+18 7.73298009e+18 7.72951398e+18 7.72190991e+18 7.71017470e+18 7.69432673e+18 7.67439596e+18 7.65042376e+18 7.62246275e+18 7.59057663e+18 7.55483986e+18 7.51533734e+18 7.47216406e+18 7.42542468e+18 7.37523305e+18 7.32171173e+18 7.26499143e+18 7.20521045e+18 7.14251409e+18 7.07705400e+18 7.00898752e+18 6.93847702e+18
3.55691767e+18 3.58044436e+18 3.60491961e+18 3.63037781e+18 3.65685376e+18 3.68438256e+18 3.71299948e+18 3.74273985e+18 3.77363890e+18 3.80573162e+18 3.83905257e+18 3.87363572e+18 3.90951426e+18 3.94672038e+18 3.98528509e+18 4.02523794e+18 4.06660687e+18 4.10941788e+18 4.15369485e+18 4.19945923e+18 4.24672981e+18 4.29552245e+18 4.34584977e+18 4.39772093e+18 4.45114132e+18 4.50611229e+18 4.56263091e+18 4.62068964e+18 4.68027616e+18 4.74137302e+18 4.80395750e+18 4.86800131e+18 4.93347041e+18 5.00032482e+18 5.06851844e+18 5.13799888e+18 5.20870737e+18 5.28057864e+18 5.35354080e+18 5.42751539e+18 5.50241726e+18 5.57815468e+18 5.65462932e+18 5.73173637e+18 5.80936468e+18 5.88739689e+18 5.96570963e+18 6.04417380e+18 6.12265477e+18 6.20101277e+18 6.27910320e+18 6.35677700e+18 6.43388115e+18 6.51025901e+18 6.58575094e+18 6.66019473e+18 6.73342617e+18 6.80527966e+18 6.87558879e+18 6.94418695e+18 7.01090801e+18 7.07558692e+18 7.13806042e+18 7.19816772e+18 7.25575113e+18 7.31065677e+18 7.36273526e+18 7.41184233e+18 7.45783953e+18 7.50059483e+18 7.53998323e+18 7.57588739e+18 7.60819815e+18 7.63681506e+18 7.66164692e+18 7.68261219e+18 7.69963939e+18 7.71266754e+18 7.72164640e+18 7.72653680e+18 7.72731081e+18 7.72395196e+18 7.71645530e+18 7.70482749e+18 7.68908681e+18 7.66926305e+18 7.64539747e+18 7.61754258e+18 7.58576196e+18 7.55012996e+18 7.51073139e+18 7.46766114e+18 7.42102378e+18 7.37093310e+18 7.31751156e+18 7.26088982e+18 7.20120613e+18 7.13860573e+18 7.07324020e+18 7.00526687e+18 6.93484808e+18
3.55237830e+18 3.57578297e+18 3.60013537e+18 3.62546999e+18 3.65182174e+18 3.67922585e+18 3.70771770e+18 3.73733274e+18 3.76810634e+18 3.80007361e+18 3.83326925e+18 3.86772737e+18 3.90348128e+18 3.94056333e+18 3.97900467e+18 4.01883501e+18 4.06008241e+18 4.10277303e+18 4.14693091e+18 4.19257765e+18 4.23973218e+18 4.28841051e+18 4.33862543e+18 4.39038624e+18 4.44369849e+18 4.49856366e+18 4.55497897e+18 4.61293705e+18 4.67242569e+18 4.73342760e+18 4.79592019e+18 4.85987530e+18 4.92525902e+18 4.99203151e+18 5.06014677e+18 5.12955254e+18 5.20019016e+18 5.27199446e+18 5.34489366e+18 5.41880937e+18 5.49365656e+18 5.56934356e+18 5.64577211e+18 5.72283749e+18 5.80042859e+18 5.87842811e+18 5.95671273e+18 6.03515337e+18 6.11361546e+18 6.19195922e+18 6.27004008e+18 6.34770900e+18 6.42481293e+18 6.50119526e+18 6.57669629e+18 6.65115380e+18 6.72440356e+18 6.79627993e+18 6.86661644e+18 6.93524644e+18 7.00200372e+18 7.06672318e+18 7.12924149e+18 7.18939776e+18 7.24703421e+18 7.30199689e+18 7.35413631e+18 7.40330810e+18 7.44937369e+18 7.49220095e+18 7.53166476e+18 7.56764765e+18 7.60004035e+18 7.62874228e+18 7.65366209e+18 7.67471812e+18 7.69183877e+18 7.70496291e+18 7.71404015e+18 7.71903119e+18 7.71990797e+18 7.71665386e+18 7.70926379e+18 7.69774427e+18 7.68211343e+18 7.66240094e+18 7.63864791e+18 7.61090672e+18 7.57924081e+18 7.54372440e+18 7.50444217e+18 7.46148888e+18 7.41496898e+18 7.36499612e+18 7.31169266e+18 7.25518914e+18 7.19562369e+18 7.13314144e+18 7.06789387e+18 7.00003820e+18 6.92973666e+18
