AXIS X
0.00000000e+00 2.50000000e-03 5.00000000e-03 7.50000000e-03 1.00000000e-02 1.25000000e-02 1.50000000e-02 1.75000000e-02 2.00000000e-02 2.25000000e-02 2.50000000e-02 2.75000000e-02 3.00000000e-02 3.25000000e-02 3.50000000e-02 3.75000000e-02 4.00000000e-02 4.25000000e-02 4.50000000e-02 4.75000000e-02 5.00000000e-02 5.25000000e-02 5.50000000e-02 5.75000000e-02 6.00000000e-02 6.25000000e-02 6.50000000e-02 6.75000000e-02 7.00000000e-02 7.25000000e-02 7.50000000e-02 7.75000000e-02 8.00000000e-02 8.25000000e-02 8.50000000e-02 8.75000000e-02 9.00000000e-02 9.25000000e-02 9.50000000e-02 9.75000000e-02 1.00000000e-01 1.02500000e-01 1.05000000e-01 1.07500000e-01 1.10000000e-01 1.12500000e-01 1.15000000e-01 1.17500000e-01 1.20000000e-01 1.22500000e-01 1.25000000e-01 1.27500000e-01 1.30000000e-01 1.32500000e-01 1.35000000e-01 1.37500000e-01 1.40000000e-01 1.42500000e-01 1.45000000e-01 1.47500000e-01 1.50000000e-01 1.52500000e-01 1.55000000e-01 1.57500000e-01 1.60000000e-01 1.62500000e-01 1.65000000e-01 1.67500000e-01 1.70000000e-01 1.72500000e-01 1.75000000e-01 1.77500000e-01 1.80000000e-01 1.82500000e-01 1.85000000e-01 1.87500000e-01 1.90000000e-01 1.92500000e-01 1.95000000e-01 1.97500000e-01 2.00000000e-01 2.02500000e-01 2.05000000e-01 2.07500000e-01 2.10000000e-01 2.12500000e-01 2.15000000e-01 2.17500000e-01 2.20000000e-01 2.22500000e-01 2.25000000e-01 2.27500000e-01 2.30000000e-01 2.32500000e-01 2.35000000e-01 2.37500000e-01 2.40000000e-01 2.42500000e-01 2.45000000e-01 2.47500000e-01 2.50000000e-01 2.52500000e-01 2.55000000e-01 2.57500000e-01 2.60000000e-01 2.62500000e-01 2.65000000e-01 2.67500000e-01 2.70000000e-01 2.72500000e-01 2.75000000e-01 2.77500000e-01 2.80000000e-01 2.82500000e-01 2.85000000e-01 2.87500000e-01 2.90000000e-01 2.92500000e-01 2.95000000e-01 2.97500000e-01 3.00000000e-01

AXIS Y
0.00000000e+00 1.87500000e-03 3.75000000e-03 5.62500000e-03 7.50000000e-03 9.37500000e-03 1.12500000e-02 1.31250000e-02 1.50000000e-02 1.68750000e-02 1.87500000e-02 2.06250000e-02 2.25000000e-02 2.43750000e-02 2.62500000e-02 2.81250000e-02 3.00000000e-02 3.18750000e-02 3.37500000e-02 3.56250000e-02 3.75000000e-02 3.93750000e-02 4.12500000e-02 4.31250000e-02 4.50000000e-02 4.68750000e-02 4.87500000e-02 5.06250000e-02 5.25000000e-02 5.43750000e-02 5.62500000e-02 5.81250000e-02 6.00000000e-02 6.18750000e-02 6.37500000e-02 6.56250000e-02 6.75000000e-02 6.93750000e-02 7.12500000e-02 7.31250000e-02 7.50000000e-02 7.68750000e-02 7.87500000e-02 8.06250000e-02 8.25000000e-02 8.43750000e-02 8.62500000e-02 8.81250000e-02 9.00000000e-02 9.18750000e-02 9.37500000e-02 9.56250000e-02 9.75000000e-02 9.93750000e-02 1.01250000e-01 1.03125000e-01 1.05000000e-01 1.06875000e-01 1.08750000e-01 1.10625000e-01 1.12500000e-01 1.14375000e-01 1.16250000e-01 1.18125000e-01 1.20000000e-01 1.21875000e-01 1.23750000e-01 1.25625000e-01 1.27500000e-01 1.29375000e-01 1.31250000e-01 1.33125000e-01 1.35000000e-01 1.36875000e-01 1.38750000e-01 1.40625000e-01 1.42500000e-01 1.44375000e-01 1.46250000e-01 1.48125000e-01 1.50000000e-01 1.51875000e-01 1.53750000e-01 1.55625000e-01 1.57500000e-01 1.59375000e-01 1.61250000e-01 1.63125000e-01 1.65000000e-01 1.66875000e-01 1.68750000e-01 1.70625000e-01 1.72500000e-01 1.74375000e-01 1.76250000e-01 1.78125000e-01 1.80000000e-01 1.81875000e-01 1.83750000e-01 1.85625000e-01 1.87500000e-01 1.89375000e-01 1.91250000e-01 1.93125000e-01 1.95000000e-01 1.96875000e-01 1.98750000e-01 2.00625000e-01 2.02500000e-01 2.04375000e-01 2.06250000e-01 2.08125000e-01 2.10000000e-01 2.11875000e-01 2.13750000e-01 2.15625000e-01 2.17500000e-01 2.19375000e-01 2.21250000e-01 2.23125000e-01 2.25000000e-01 2.26875000e-01 2.28750000e-01 2.30625000e-01 2.32500000e-01 2.34375000e-01 2.36250000e-01 2.38125000e-01 2.40000000e-01 2.41875000e-01 2.43750000e-01 2.45625000e-01 2.47500000e-01 2.49375000e-01 2.51250000e-01 2.53125000e-01 2.55000000e-01 2.56875000e-01 2.58750000e-01 2.60625000e-01 2.62500000e-01 2.64375000e-01 2.66250000e-01 2.68125000e-01 2.70000000e-01 2.71875000e-01 2.73750000e-01 2.75625000e-01 2.77500000e-01 2.79375000e-01 2.81250000e-01 2.83125000e-01 2.85000000e-01 2.86875000e-01 2.88750000e-01 2.90625000e-01 2.92500000e-01 2.94375000e-01 2.96250000e-01 2.98125000e-01 3.00000000e-01

DATA
4.26195795e-05 4.26214627e-05 4.26271091e-05 4.26365077e-05 4.26496407e-05 4.26664832e-05 4.26870031e-05 4.27111616e-05 4.27389127e-05 4.27702037e-05 4.28049752e-05 4.28431613e-05 4.28846895e-05 4.29294812e-05 4.29774515e-05 4.30285097e-05 4.30825590e-05 4.31394975e-05 4.31992176e-05 4.32616067e-05 4.33265475e-05 4.33939176e-05 4.34635908e-05 4.35354364e-05 4.36093200e-05 4.36851039e-05 4.37626469e-05 4.38418051e-05 4.39224318e-05 4.40043784e-05 4.40874941e-05 4.41716266e-05 4.42566223e-05 4.43423268e-05 4.44285850e-05 4.45152417e-05 4.46021418e-05 4.46891305e-05 4.47760538e-05 4.48627591e-05 4.49490947e-05 4.50349110e-05 4.51200602e-05 4.52043969e-05 4.52877782e-05 4.53700640e-05 4.54511170e-05 4.55308036e-05 4.56089931e-05 4.56855586e-05 4.57603771e-05 4.58333291e-05 4.59042991e-05 4.59731758e-05 4.60398516e-05 4.61042231e-05 4.61661907e-05 4.62256591e-05 4.62825363e-05 4.63367345e-05 4.63881692e-05 4.64367593e-05 4.64824270e-05 4.65250975e-05 4.65646984e-05 4.66011601e-05 4.66344150e-05 4.66643971e-05 4.66910420e-05 4.67142865e-05 4.67340681e-05 4.67503244e-05 4.67629932e-05 4.67720119e-05 4.67773170e-05 4.67788439e-05 4.67765262e-05 4.67702960e-05 4.67600826e-05 4.67458132e-05 4.67274118e-05 4.67047991e-05 4.66778927e-05 4.66466062e-05 4.66108496e-05 4.65705287e-05 4.65255452e-05 4.64757968e-05 4.64211770e-05 4.63615748e-05 4.62968756e-05 4.62269606e-05 4.61517072e-05 4.60709893e-05 4.59846777e-05 4.58926400e-05 4.57947415e-05 4.56908451e-05 4.55808123e-05 4.54645032e-05 4.53417774e-05 4.52124946e-05 4.50765148e-05 4.49336996e-05 4.47839121e-05 4.46270183e-05 4.44628874e-05 4.42913928e-05 4.41124124e-05 4.39258299e-05 4.37315348e-05 4.35294240e-05 4.33194017e-05 4.31013807e-05 4.28752826e-05 4.26410387e-05 4.23985907e-05 4.21478909e-05 4.18889031e-05 4.16216029e-05 4.13459781e-05
4.27241271e-05 4.27260903e-05 4.27319762e-05 4.27417736e-05 4.27554641e-05 4.27730218e-05 4.27944135e-05 4.28195987e-05 4.28485299e-05 4.28811526e-05 4.29174049e-05 4.29572187e-05 4.30005188e-05 4.30472235e-05 4.30972449e-05 4.31504888e-05 4.32068550e-05 4.32662378e-05 4.33285255e-05 4.33936014e-05 4.34613436e-05 4.35316256e-05 4.36043161e-05 4.36792798e-05 4.37563773e-05 4.38354657e-05 4.39163985e-05 4.39990266e-05 4.40831980e-05 4.41687584e-05 4.42555516e-05 4.43434197e-05 4.44322036e-05 4.45217432e-05 4.46118779e-05 4.47024470e-05 4.47932898e-05 4.48842461e-05 4.49751567e-05 4.50658636e-05 4.51562101e-05 4.52460415e-05 4.53352054e-05 4.54235516e-05 4.55109328e-05 4.55972045e-05 4.56822257e-05 4.57658587e-05 4.58479694e-05 4.59284277e-05 4.60071072e-05 4.60838860e-05 4.61586461e-05 4.62312738e-05 4.63016598e-05 4.63696989e-05 4.64352906e-05 4.64983380e-05 4.65587488e-05 4.66164345e-05 4.66713104e-05 4.67232957e-05 4.67723126e-05 4.68182869e-05 4.68611471e-05 4.69008243e-05 4.69372520e-05 4.69703656e-05 4.70001020e-05 4.70263994e-05 4.70491966e-05 4.70684331e-05 4.70840481e-05 4.70959804e-05 4.71041680e-05 4.71085476e-05 4.71090543e-05 4.71056209e-05 4.70981780e-05 4.70866530e-05 4.70709706e-05 4.70510517e-05 4.70268136e-05 4.69981695e-05 4.69650284e-05 4.69272950e-05 4.68848694e-05 4.68376474e-05 4.67855198e-05 4.67283732e-05 4.66660893e-05 4.65985458e-05 4.65256160e-05 4.64471694e-05 4.63630715e-05 4.62731848e-05 4.61773688e-05 4.60754804e-05 4.59673746e-05 4.58529048e-05 4.57319236e-05 4.56042833e-05 4.54698367e-05 4.53284375e-05 4.51799412e-05 4.50242060e-05 4.48610931e-05 4.46904679e-05 4.45122007e-05 4.43261671e-05 4.41322493e-05 4.39303366e-05 4.37203260e-05 4.35021235e-05 4.32756440e-05 4.30408126e-05 4.27975651e-05 4.25458485e-05 4.22856216e-05 4.20168557e-05 4.17395347e-05
4.28242440e-05 4.28262899e-05 4.28324237e-05 4.28426339e-05 4.28569012e-05 4.28751990e-05 4.28974927e-05 4.29237404e-05 4.29538929e-05 4.29878933e-05 4.30256780e-05 4.30671760e-05 4.31123093e-05 4.31609934e-05 4.32131369e-05 4.32686422e-05 4.33274055e-05 4.33893169e-05 4.34542607e-05 4.35221159e-05 4.35927560e-05 4.36660497e-05 4.37418610e-05 4.38200493e-05 4.39004702e-05 4.39829753e-05 4.40674129e-05 4.41536282e-05 4.42414635e-05 4.43307590e-05 4.44213525e-05 4.45130805e-05 4.46057779e-05 4.46992789e-05 4.47934171e-05 4.48880259e-05 4.49829389e-05 4.50779903e-05 4.51730153e-05 4.52678503e-05 4.53623335e-05 4.54563049e-05 4.55496070e-05 4.56420848e-05 4.57335864e-05 4.58239630e-05 4.59130691e-05 4.60007632e-05 4.60869076e-05 4.61713686e-05 4.62540169e-05 4.63347275e-05 4.64133800e-05 4.64898585e-05 4.65640517e-05 4.66358528e-05 4.67051599e-05 4.67718753e-05 4.68359058e-05 4.68971627e-05 4.69555611e-05 4.70110202e-05 4.70634629e-05 4.71128155e-05 4.71590075e-05 4.72019710e-05 4.72416409e-05 4.72779539e-05 4.73108485e-05 4.73402647e-05 4.73661429e-05 4.73884245e-05 4.74070503e-05 4.74219612e-05 4.74330966e-05 4.74403950e-05 4.74437928e-05 4.74432243e-05 4.74386210e-05 4.74299114e-05 4.74170208e-05 4.73998703e-05 4.73783772e-05 4.73524545e-05 4.73220105e-05 4.72869487e-05 4.72471677e-05 4.72025613e-05 4.71530180e-05 4.70984213e-05 4.70386500e-05 4.69735777e-05 4.69030736e-05 4.68270025e-05 4.67452248e-05 4.66575974e-05 4.65639739e-05 4.64642047e-05 4.63581382e-05 4.62456208e-05 4.61264976e-05 4.60006134e-05 4.58678130e-05 4.57279422e-05 4.55808482e-05 4.54263809e-05 4.52643932e-05 4.50947421e-05 4.49172895e-05 4.47319030e-05 4.45384565e-05 4.43368315e-05 4.41269175e-05 4.39086127e-05 4.36818254e-05 4.34464739e-05 4.32024877e-05 4.29498081e-05 4.26883886e-05 4.24181958e-05 4.21392096e-05
4.29197436e-05 4.29218751e-05 4.29282655e-05 4.29389028e-05 4.29537672e-05 4.29728308e-05 4.29960580e-05 4.30234053e-05 4.30548215e-05 4.30902479e-05 4.31296182e-05 4.31728590e-05 4.32198893e-05 4.32706215e-05 4.33249608e-05 4.33828061e-05 4.34440495e-05 4.35085770e-05 4.35762688e-05 4.36469992e-05 4.37206371e-05 4.37970461e-05 4.38760852e-05 4.39576087e-05 4.40414666e-05 4.41275050e-05 4.42155665e-05 4.43054906e-05 4.43971137e-05 4.44902699e-05 4.45847911e-05 4.46805078e-05 4.47772488e-05 4.48748421e-05 4.49731152e-05 4.50718956e-05 4.51710109e-05 4.52702893e-05 4.53695602e-05 4.54686544e-05 4.55674043e-05 4.56656447e-05 4.57632128e-05 4.58599485e-05 4.59556949e-05 4.60502988e-05 4.61436103e-05 4.62354837e-05 4.63257774e-05 4.64143544e-05 4.65010819e-05 4.65858322e-05 4.66684820e-05 4.67489133e-05 4.68270128e-05 4.69026721e-05 4.69757879e-05 4.70462617e-05 4.71139995e-05 4.71789123e-05 4.72409152e-05 4.72999277e-05 4.73558733e-05 4.74086791e-05 4.74582756e-05 4.75045964e-05 4.75475776e-05 4.75871578e-05 4.76232773e-05 4.76558778e-05 4.76849021e-05 4.77102932e-05 4.77319944e-05 4.77499482e-05 4.77640964e-05 4.77743791e-05 4.77807346e-05 4.77830987e-05 4.77814043e-05 4.77755812e-05 4.77655551e-05 4.77512481e-05 4.77325776e-05 4.77094562e-05 4.76817917e-05 4.76494868e-05 4.76124385e-05 4.75705387e-05 4.75236736e-05 4.74717238e-05 4.74145647e-05 4.73520662e-05 4.72840930e-05 4.72105050e-05 4.71311575e-05 4.70459016e-05 4.69545845e-05 4.68570503e-05 4.67531400e-05 4.66426928e-05 4.65255461e-05 4.64015365e-05 4.62705007e-05 4.61322759e-05 4.59867007e-05 4.58336162e-05 4.56728665e-05 4.55042997e-05 4.53277689e-05 4.51431330e-05 4.49502573e-05 4.47490149e-05 4.45392872e-05 4.43209645e-05 4.40939477e-05 4.38581479e-05 4.36134880e-05 4.33599033e-05 4.30973415e-05 4.28257642e-05 4.25451468e-05
4.30104332e-05 4.30126532e-05 4.30193091e-05 4.30303885e-05 4.30458708e-05 4.30657271e-05 4.30899203e-05 4.31184056e-05 4.31511297e-05 4.31880317e-05 4.32290431e-05 4.32740874e-05 4.33230809e-05 4.33759325e-05 4.34325441e-05 4.34928106e-05 4.35566203e-05 4.36238548e-05 4.36943898e-05 4.37680950e-05 4.38448342e-05 4.39244661e-05 4.40068443e-05 4.40918176e-05 4.41792303e-05 4.42689228e-05 4.43607319e-05 4.44544909e-05 4.45500301e-05 4.46471774e-05 4.47457585e-05 4.48455974e-05 4.49465166e-05 4.50483379e-05 4.51508824e-05 4.52539712e-05 4.53574256e-05 4.54610677e-05 4.55647208e-05 4.56682097e-05 4.57713610e-05 4.58740038e-05 4.59759698e-05 4.60770937e-05 4.61772135e-05 4.62761711e-05 4.63738121e-05 4.64699865e-05 4.65645488e-05 4.66573581e-05 4.67482784e-05 4.68371789e-05 4.69239337e-05 4.70084222e-05 4.70905293e-05 4.71701450e-05 4.72471645e-05 4.73214885e-05 4.73930224e-05 4.74616770e-05 4.75273674e-05 4.75900136e-05 4.76495397e-05 4.77058739e-05 4.77589479e-05 4.78086968e-05 4.78550585e-05 4.78979734e-05 4.79373840e-05 4.79732341e-05 4.80054688e-05 4.80340335e-05 4.80588738e-05 4.80799346e-05 4.80971600e-05 4.81104922e-05 4.81198715e-05 4.81252357e-05 4.81265193e-05 4.81236534e-05 4.81165651e-05 4.81051768e-05 4.80894066e-05 4.80691672e-05 4.80443658e-05 4.80149041e-05 4.79806782e-05 4.79415777e-05 4.78974867e-05 4.78482829e-05 4.77938383e-05 4.77340188e-05 4.76686848e-05 4.75976912e-05 4.75208877e-05 4.74381194e-05 4.73492272e-05 4.72540480e-05 4.71524156e-05 4.70441614e-05 4.69291148e-05 4.68071038e-05 4.66779564e-05 4.65415009e-05 4.63975667e-05 4.62459857e-05 4.60865926e-05 4.59192262e-05 4.57437302e-05 4.55599542e-05 4.53677545e-05 4.51669951e-05 4.49575489e-05 4.47392979e-05 4.45121349e-05 4.42759636e-05 4.40306997e-05 4.37762719e-05 4.35126220e-05 4.32397061e-05 4.29574947e-05
4.30961129e-05 4.30984246e-05 4.31053554e-05 4.31168924e-05 4.31330141e-05 4.31536908e-05 4.31788840e-05 4.32085470e-05 4.32426248e-05 4.32810541e-05 4.33237638e-05 4.33706747e-05 4.34217000e-05 4.34767451e-05 4.35357082e-05 4.35984804e-05 4.36649457e-05 4.37349814e-05 4.38084585e-05 4.38852417e-05 4.39651898e-05 4.40481561e-05 4.41339887e-05 4.42225306e-05 4.43136205e-05 4.44070926e-05 4.45027775e-05 4.46005021e-05 4.47000906e-05 4.48013643e-05 4.49041423e-05 4.50082420e-05 4.51134793e-05 4.52196693e-05 4.53266265e-05 4.54341653e-05 4.55421006e-05 4.56502480e-05 4.57584245e-05 4.58664484e-05 4.59741405e-05 4.60813238e-05 4.61878242e-05 4.62934710e-05 4.63980970e-05 4.65015388e-05 4.66036374e-05 4.67042383e-05 4.68031918e-05 4.69003532e-05 4.69955830e-05 4.70887471e-05 4.71797171e-05 4.72683698e-05 4.73545881e-05 4.74382602e-05 4.75192803e-05 4.75975479e-05 4.76729681e-05 4.77454514e-05 4.78149132e-05 4.78812739e-05 4.79444586e-05 4.80043966e-05 4.80610212e-05 4.81142690e-05 4.81640801e-05 4.82103969e-05 4.82531643e-05 4.82923287e-05 4.83278377e-05 4.83596393e-05 4.83876818e-05 4.84119128e-05 4.84322790e-05 4.84487252e-05 4.84611939e-05 4.84696252e-05 4.84739555e-05 4.84741176e-05 4.84700399e-05 4.84616460e-05 4.84488543e-05 4.84315780e-05 4.84097239e-05 4.83831932e-05 4.83518804e-05 4.83156738e-05 4.82744548e-05 4.82280984e-05 4.81764732e-05 4.81194411e-05 4.80568579e-05 4.79885733e-05 4.79144314e-05 4.78342711e-05 4.77479264e-05 4.76552271e-05 4.75559993e-05 4.74500662e-05 4.73372486e-05 4.72173658e-05 4.70902364e-05 4.69556794e-05 4.68135145e-05 4.66635638e-05 4.65056521e-05 4.63396083e-05 4.61652662e-05 4.59824654e-05 4.57910528e-05 4.55908829e-05 4.53818192e-05 4.51637350e-05 4.49365146e-05 4.47000535e-05 4.44542600e-05 4.41990557e-05 4.39343761e-05 4.36601713e-05 4.33764069e-05
4.31765763e-05 4.31789828e-05 4.31861981e-05 4.31982087e-05 4.32149924e-05 4.32365183e-05 4.32627464e-05 4.32936285e-05 4.33291074e-05 4.33691176e-05 4.34135851e-05 4.34624280e-05 4.35155562e-05 4.35728715e-05 4.36342684e-05 4.36996339e-05 4.37688475e-05 4.38417822e-05 4.39183038e-05 4.39982721e-05 4.40815406e-05 4.41679571e-05 4.42573638e-05 4.43495979e-05 4.44444918e-05 4.45418736e-05 4.46415673e-05 4.47433935e-05 4.48471695e-05 4.49527099e-05 4.50598269e-05 4.51683311e-05 4.52780315e-05 4.53887361e-05 4.55002525e-05 4.56123884e-05 4.57249516e-05 4.58377511e-05 4.59505971e-05 4.60633015e-05 4.61756786e-05 4.62875452e-05 4.63987214e-05 4.65090304e-05 4.66182996e-05 4.67263604e-05 4.68330488e-05 4.69382055e-05 4.70416766e-05 4.71433133e-05 4.72429726e-05 4.73405170e-05 4.74358151e-05 4.75287415e-05 4.76191767e-05 4.77070076e-05 4.77921268e-05 4.78744330e-05 4.79538310e-05 4.80302310e-05 4.81035488e-05 4.81737056e-05 4.82406274e-05 4.83042448e-05 4.83644929e-05 4.84213103e-05 4.84746393e-05 4.85244247e-05 4.85706141e-05 4.86131567e-05 4.86520029e-05 4.86871038e-05 4.87184108e-05 4.87458745e-05 4.87694443e-05 4.87890681e-05 4.88046911e-05 4.88162558e-05 4.88237010e-05 4.88269614e-05 4.88259671e-05 4.88206430e-05 4.88109084e-05 4.87966768e-05 4.87778552e-05 4.87543440e-05 4.87260367e-05 4.86928199e-05 4.86545728e-05 4.86111676e-05 4.85624693e-05 4.85083358e-05 4.84486182e-05 4.83831609e-05 4.83118022e-05 4.82343745e-05 4.81507047e-05 4.80606151e-05 4.79639238e-05 4.78604452e-05 4.77499913e-05 4.76323721e-05 4.75073965e-05 4.73748733e-05 4.72346124e-05 4.70864252e-05 4.69301262e-05 4.67655337e-05 4.65924710e-05 4.64107674e-05 4.62202594e-05 4.60207915e-05 4.58122174e-05 4.55944010e-05 4.53672175e-05 4.51305539e-05 4.48843104e-05 4.46284011e-05 4.43627545e-05 4.40873147e-05 4.38020417e-05
4.32516093e-05 4.32541141e-05 4.32616238e-05 4.32741246e-05 4.32915936e-05 4.33139985e-05 4.33412980e-05 4.33734420e-05 4.34103712e-05 4.34520177e-05 4.34983049e-05 4.35491476e-05 4.36044524e-05 4.36641176e-05 4.37280336e-05 4.37960831e-05 4.38681414e-05 4.39440763e-05 4.40237489e-05 4.41070135e-05 4.41937182e-05 4.42837049e-05 4.43768099e-05 4.44728642e-05 4.45716938e-05 4.46731203e-05 4.47769611e-05 4.48830297e-05 4.49911366e-05 4.51010893e-05 4.52126930e-05 4.53257508e-05 4.54400647e-05 4.55554353e-05 4.56716631e-05 4.57885484e-05 4.59058920e-05 4.60234957e-05 4.61411627e-05 4.62586983e-05 4.63759098e-05 4.64926078e-05 4.66086058e-05 4.67237211e-05 4.68377754e-05 4.69505944e-05 4.70620089e-05 4.71718549e-05 4.72799738e-05 4.73862127e-05 4.74904247e-05 4.75924690e-05 4.76922113e-05 4.77895234e-05 4.78842840e-05 4.79763778e-05 4.80656966e-05 4.81521381e-05 4.82356065e-05 4.83160123e-05 4.83932717e-05 4.84673065e-05 4.85380441e-05 4.86054168e-05 4.86693613e-05 4.87298186e-05 4.87867335e-05 4.88400536e-05 4.88897293e-05 4.89357130e-05 4.89779585e-05 4.90164202e-05 4.90510528e-05 4.90818103e-05 4.91086456e-05 4.91315096e-05 4.91503508e-05 4.91651145e-05 4.91757420e-05 4.91821705e-05 4.91843320e-05 4.91821531e-05 4.91755541e-05 4.91644493e-05 4.91487458e-05 4.91283437e-05 4.91031354e-05 4.90730061e-05 4.90378327e-05 4.89974847e-05 4.89518234e-05 4.89007028e-05 4.88439691e-05 4.87814613e-05 4.87130116e-05 4.86384455e-05 4.85575828e-05 4.84702378e-05 4.83762200e-05 4.82753351e-05 4.81673856e-05 4.80521716e-05 4.79294917e-05 4.77991444e-05 4.76609287e-05 4.75146450e-05 4.73600967e-05 4.71970911e-05 4.70254403e-05 4.68449625e-05 4.66554834e-05 4.64568366e-05 4.62488657e-05 4.60314244e-05 4.58043781e-05 4.55676049e-05 4.53209964e-05 4.50644585e-05 4.47979126e-05 4.45212959e-05 4.42345627e-05
4.33209906e-05 4.33235970e-05 4.33314116e-05 4.33444200e-05 4.33625982e-05 4.33859131e-05 4.34143217e-05 4.34477720e-05 4.34862026e-05 4.35295430e-05 4.35777138e-05 4.36306267e-05 4.36881846e-05 4.37502823e-05 4.38168058e-05 4.38876337e-05 4.39626364e-05 4.40416768e-05 4.41246107e-05 4.42112870e-05 4.43015480e-05 4.43952295e-05 4.44921618e-05 4.45921692e-05 4.46950713e-05 4.48006827e-05 4.49088138e-05 4.50192712e-05 4.51318579e-05 4.52463741e-05 4.53626175e-05 4.54803838e-05 4.55994673e-05 4.57196611e-05 4.58407580e-05 4.59625509e-05 4.60848330e-05 4.62073987e-05 4.63300439e-05 4.64525667e-05 4.65747675e-05 4.66964499e-05 4.68174211e-05 4.69374919e-05 4.70564778e-05 4.71741989e-05 4.72904805e-05 4.74051534e-05 4.75180544e-05 4.76290261e-05 4.77379177e-05 4.78445849e-05 4.79488902e-05 4.80507030e-05 4.81498994e-05 4.82463629e-05 4.83399835e-05 4.84306584e-05 4.85182914e-05 4.86027931e-05 4.86840802e-05 4.87620756e-05 4.88367081e-05 4.89079116e-05 4.89756252e-05 4.90397924e-05 4.91003605e-05 4.91572805e-05 4.92105060e-05 4.92599928e-05 4.93056984e-05 4.93475811e-05 4.93855991e-05 4.94197104e-05 4.94498716e-05 4.94760373e-05 4.94981594e-05 4.95161865e-05 4.95300630e-05 4.95397287e-05 4.95451179e-05 4.95461591e-05 4.95427743e-05 4.95348785e-05 4.95223794e-05 4.95051767e-05 4.94831622e-05 4.94562195e-05 4.94242236e-05 4.93870410e-05 4.93445297e-05 4.92965393e-05 4.92429113e-05 4.91834789e-05 4.91180680e-05 4.90464972e-05 4.89685787e-05 4.88841184e-05 4.87929171e-05 4.86947711e-05 4.85894727e-05 4.84768119e-05 4.83565765e-05 4.82285539e-05 4.80925316e-05 4.79482986e-05 4.77956464e-05 4.76343705e-05 4.74642712e-05 4.72851551e-05 4.70968361e-05 4.68991367e-05 4.66918892e-05 4.64749367e-05 4.62481345e-05 4.60113507e-05 4.57644679e-05 4.55073834e-05 4.52400106e-05 4.49622799e-05 4.46741390e-05
4.33844909e-05 4.33872026e-05 4.33953328e-05 4.34088665e-05 4.34277792e-05 4.34520361e-05 4.34815929e-05 4.35163956e-05 4.35563805e-05 4.36014746e-05 4.36515954e-05 4.37066513e-05 4.37665418e-05 4.38311576e-05 4.39003805e-05 4.39740845e-05 4.40521351e-05 4.41343902e-05 4.42207000e-05 4.43109078e-05 4.44048496e-05 4.45023554e-05 4.46032487e-05 4.47073473e-05 4.48144637e-05 4.49244056e-05 4.50369759e-05 4.51519738e-05 4.52691949e-05 4.53884316e-05 4.55094737e-05 4.56321092e-05 4.57561243e-05 4.58813044e-05 4.60074342e-05 4.61342987e-05 4.62616834e-05 4.63893747e-05 4.65171611e-05 4.66448330e-05 4.67721836e-05 4.68990093e-05 4.70251102e-05 4.71502908e-05 4.72743600e-05 4.73971319e-05 4.75184261e-05 4.76380681e-05 4.77558895e-05 4.78717286e-05 4.79854304e-05 4.80968469e-05 4.82058374e-05 4.83122684e-05 4.84160140e-05 4.85169557e-05 4.86149824e-05 4.87099905e-05 4.88018835e-05 4.88905722e-05 4.89759740e-05 4.90580130e-05 4.91366195e-05 4.92117296e-05 4.92832846e-05 4.93512309e-05 4.94155189e-05 4.94761030e-05 4.95329405e-05 4.95859912e-05 4.96352165e-05 4.96805787e-05 4.97220406e-05 4.97595642e-05 4.97931103e-05 4.98226376e-05 4.98481019e-05 4.98694556e-05 4.98866465e-05 4.98996174e-05 4.99083055e-05 4.99126415e-05 4.99125491e-05 4.99079447e-05 4.98987364e-05 4.98848243e-05 4.98660994e-05 4.98424441e-05 4.98137312e-05 4.97798246e-05 4.97405788e-05 4.96958391e-05 4.96454419e-05 4.95892148e-05 4.95269770e-05 4.94585401e-05 4.93837080e-05 4.93022782e-05 4.92140421e-05 4.91187861e-05 4.90162923e-05 4.89063395e-05 4.87887044e-05 4.86631625e-05 4.85294893e-05 4.83874615e-05 4.82368583e-05 4.80774626e-05 4.79090622e-05 4.77314512e-05 4.75444312e-05 4.73478127e-05 4.71414161e-05 4.69250733e-05 4.66986285e-05 4.64619397e-05 4.62148793e-05 4.59573358e-05 4.56892142e-05 4.54104371e-05 4.51209456e-05
4.34418729e-05 4.34446936e-05 4.34531505e-05 4.34672283e-05 4.34869012e-05 4.35121335e-05 4.35428790e-05 4.35790819e-05 4.36206760e-05 4.36675856e-05 4.37197253e-05 4.37770000e-05 4.38393054e-05 4.39065281e-05 4.39785457e-05 4.40552272e-05 4.41364333e-05 4.42220162e-05 4.43118208e-05 4.44056842e-05 4.45034365e-05 4.46049008e-05 4.47098940e-05 4.48182270e-05 4.49297051e-05 4.50441284e-05 4.51612926e-05 4.52809888e-05 4.54030047e-05 4.55271248e-05 4.56531308e-05 4.57808023e-05 4.59099174e-05 4.60402530e-05 4.61715858e-05 4.63036923e-05 4.64363497e-05 4.65693366e-05 4.67024332e-05 4.68354220e-05 4.69680888e-05 4.71002222e-05 4.72316153e-05 4.73620655e-05 4.74913750e-05 4.76193515e-05 4.77458088e-05 4.78705665e-05 4.79934513e-05 4.81142965e-05 4.82329429e-05 4.83492386e-05 4.84630395e-05 4.85742094e-05 4.86826200e-05 4.87881510e-05 4.88906900e-05 4.89901327e-05 4.90863824e-05 4.91793502e-05 4.92689544e-05 4.93551203e-05 4.94377801e-05 4.95168720e-05 4.95923403e-05 4.96641343e-05 4.97322079e-05 4.97965193e-05 4.98570298e-05 4.99137035e-05 4.99665063e-05 5.00154051e-05 5.00603674e-05 5.01013600e-05 5.01383482e-05 5.01712954e-05 5.02001617e-05 5.02249037e-05 5.02454730e-05 5.02618162e-05 5.02738733e-05 5.02815779e-05 5.02848558e-05 5.02836249e-05 5.02777944e-05 5.02672645e-05 5.02519261e-05 5.02316601e-05 5.02063377e-05 5.01758200e-05 5.01399579e-05 5.00985925e-05 5.00515550e-05 4.99986671e-05 4.99397413e-05 4.98745815e-05 4.98029835e-05 4.97247356e-05 4.96396196e-05 4.95474114e-05 4.94478823e-05 4.93407995e-05 4.92259278e-05 4.91030302e-05 4.89718695e-05 4.88322095e-05 4.86838162e-05 4.85264592e-05 4.83599130e-05 4.81839586e-05 4.79983844e-05 4.78029881e-05 4.75975777e-05 4.73819728e-05 4.71560061e-05 4.69195244e-05 4.66723898e-05 4.64144811e-05 4.61456942e-05 4.58659436e-05 4.55751631e-05
4.34928910e-05 4.34958246e-05 4.35046198e-05 4.35192608e-05 4.35397209e-05 4.35659630e-05 4.35979393e-05 4.36355918e-05 4.36788521e-05 4.37276415e-05 4.37818715e-05 4.38414434e-05 4.39062491e-05 4.39761710e-05 4.40510821e-05 4.41308464e-05 4.42153193e-05 4.43043477e-05 4.43977705e-05 4.44954185e-05 4.45971153e-05 4.47026775e-05 4.48119149e-05 4.49246311e-05 4.50406238e-05 4.51596856e-05 4.52816040e-05 4.54061622e-05 4.55331397e-05 4.56623125e-05 4.57934537e-05 4.59263346e-05 4.60607244e-05 4.61963915e-05 4.63331037e-05 4.64706290e-05 4.66087360e-05 4.67471947e-05 4.68857769e-05 4.70242571e-05 4.71624125e-05 4.73000243e-05 4.74368778e-05 4.75727631e-05 4.77074753e-05 4.78408157e-05 4.79725915e-05 4.81026166e-05 4.82307122e-05 4.83567065e-05 4.84804359e-05 4.86017444e-05 4.87204845e-05 4.88365170e-05 4.89497111e-05 4.90599447e-05 4.91671043e-05 4.92710847e-05 4.93717892e-05 4.94691291e-05 4.95630239e-05 4.96534004e-05 4.97401927e-05 4.98233417e-05 4.99027945e-05 4.99785039e-05 5.00504276e-05 5.01185281e-05 5.01827710e-05 5.02431252e-05 5.02995615e-05 5.03520522e-05 5.04005695e-05 5.04450857e-05 5.04855712e-05 5.05219944e-05 5.05543206e-05 5.05825107e-05 5.06065210e-05 5.06263019e-05 5.06417971e-05 5.06529431e-05 5.06596685e-05 5.06618931e-05 5.06595273e-05 5.06524719e-05 5.06406175e-05 5.06238443e-05 5.06020216e-05 5.05750077e-05 5.05426503e-05 5.05047860e-05 5.04612408e-05 5.04118302e-05 5.03563598e-05 5.02946256e-05 5.02264148e-05 5.01515063e-05 5.00696716e-05 4.99806759e-05 4.98842788e-05 4.97802354e-05 4.96682979e-05 4.95482162e-05 4.94197397e-05 4.92826184e-05 4.91366043e-05 4.89814531e-05 4.88169250e-05 4.86427871e-05 4.84588139e-05 4.82647894e-05 4.80605084e-05 4.78457775e-05 4.76204170e-05 4.73842620e-05 4.71371634e-05 4.68789896e-05 4.66096270e-05 4.63289814e-05 4.60369787e-05
4.35372909e-05 4.35403412e-05 4.35494868e-05 4.35647109e-05 4.35859861e-05 4.36132738e-05 4.36465245e-05 4.36856780e-05 4.37306635e-05 4.37813993e-05 4.38377936e-05 4.38997441e-05 4.39671388e-05 4.40398554e-05 4.41177624e-05 4.42007187e-05 4.42885743e-05 4.43811701e-05 4.44783390e-05 4.45799055e-05 4.46856864e-05 4.47954912e-05 4.49091225e-05 4.50263762e-05 4.51470424e-05 4.52709056e-05 4.53977449e-05 4.55273353e-05 4.56594475e-05 4.57938487e-05 4.59303034e-05 4.60685736e-05 4.62084197e-05 4.63496009e-05 4.64918760e-05 4.66350038e-05 4.67787440e-05 4.69228575e-05 4.70671075e-05 4.72112596e-05 4.73550828e-05 4.74983499e-05 4.76408383e-05 4.77823302e-05 4.79226136e-05 4.80614825e-05 4.81987377e-05 4.83341870e-05 4.84676455e-05 4.85989365e-05 4.87278914e-05 4.88543503e-05 4.89781618e-05 4.90991836e-05 4.92172827e-05 4.93323348e-05 4.94442253e-05 4.95528482e-05 4.96581068e-05 4.97599129e-05 4.98581872e-05 4.99528581e-05 5.00438621e-05 5.01311427e-05 5.02146505e-05 5.02943420e-05 5.03701792e-05 5.04421289e-05 5.05101619e-05 5.05742522e-05 5.06343761e-05 5.06905113e-05 5.07426361e-05 5.07907281e-05 5.08347639e-05 5.08747172e-05 5.09105588e-05 5.09422549e-05 5.09697667e-05 5.09930491e-05 5.10120499e-05 5.10267092e-05 5.10369585e-05 5.10427199e-05 5.10439055e-05 5.10404171e-05 5.10321453e-05 5.10189694e-05 5.10007571e-05 5.09773644e-05 5.09486353e-05 5.09144021e-05 5.08744854e-05 5.08286945e-05 5.07768277e-05 5.07186729e-05 5.06540083e-05 5.05826029e-05 5.05042175e-05 5.04186059e-05 5.03255155e-05 5.02246888e-05 5.01158644e-05 4.99987787e-05 4.98731666e-05 4.97387636e-05 4.95953071e-05 4.94425377e-05 4.92802007e-05 4.91080483e-05 4.89258401e-05 4.87333459e-05 4.85303460e-05 4.83166334e-05 4.80920154e-05 4.78563143e-05 4.76093692e-05 4.73510374e-05 4.70811950e-05 4.67997385e-05 4.65065857e-05
4.35748091e-05 4.35779804e-05 4.35874887e-05 4.36033166e-05 4.36254358e-05 4.36538061e-05 4.36883765e-05 4.37290843e-05 4.37758561e-05 4.38286073e-05 4.38872428e-05 4.39516564e-05 4.40217318e-05 4.40973424e-05 4.41783517e-05 4.42646133e-05 4.43559714e-05 4.44522613e-05 4.45533092e-05 4.46589331e-05 4.47689428e-05 4.48831404e-05 4.50013210e-05 4.51232728e-05 4.52487774e-05 4.53776112e-05 4.55095446e-05 4.56443438e-05 4.57817706e-05 4.59215829e-05 4.60635361e-05 4.62073827e-05 4.63528737e-05 4.64997588e-05 4.66477873e-05 4.67967084e-05 4.69462724e-05 4.70962309e-05 4.72463378e-05 4.73963496e-05 4.75460265e-05 4.76951325e-05 4.78434366e-05 4.79907130e-05 4.81367420e-05 4.82813102e-05 4.84242113e-05 4.85652466e-05 4.87042254e-05 4.88409654e-05 4.89752929e-05 4.91070436e-05 4.92360624e-05 4.93622038e-05 4.94853320e-05 4.96053211e-05 4.97220548e-05 4.98354268e-05 4.99453401e-05 5.00517075e-05 5.01544506e-05 5.02535000e-05 5.03487946e-05 5.04402810e-05 5.05279134e-05 5.06116525e-05 5.06914648e-05 5.07673222e-05 5.08392010e-05 5.09070808e-05 5.09709438e-05 5.10307741e-05 5.10865560e-05 5.11382737e-05 5.11859099e-05 5.12294447e-05 5.12688548e-05 5.13041124e-05 5.13351840e-05 5.13620297e-05 5.13846019e-05 5.14028448e-05 5.14166932e-05 5.14260722e-05 5.14308957e-05 5.14310669e-05 5.14264766e-05 5.14170037e-05 5.14025144e-05 5.13828623e-05 5.13578879e-05 5.13274190e-05 5.12912710e-05 5.12492464e-05 5.12011364e-05 5.11467202e-05 5.10857667e-05 5.10180345e-05 5.09432734e-05 5.08612249e-05 5.07716239e-05 5.06741993e-05 5.05686757e-05 5.04547747e-05 5.03322164e-05 5.02007208e-05 5.00600096e-05 4.99098074e-05 4.97498440e-05 4.95798554e-05 4.93995859e-05 4.92087895e-05 4.90072316e-05 4.87946907e-05 4.85709597e-05 4.83358478e-05 4.80891815e-05 4.78308059e-05 4.75605866e-05 4.72784099e-05 4.69841846e-05
4.36051730e-05 4.36084696e-05 4.36183534e-05 4.36348066e-05 4.36577997e-05 4.36872912e-05 4.37232279e-05 4.37655452e-05 4.38141668e-05 4.38690052e-05 4.39299613e-05 4.39969255e-05 4.40697771e-05 4.41483846e-05 4.42326064e-05 4.43222908e-05 4.44172761e-05 4.45173914e-05 4.46224562e-05 4.47322817e-05 4.48466704e-05 4.49654169e-05 4.50883082e-05 4.52151245e-05 4.53456389e-05 4.54796190e-05 4.56168264e-05 4.57570181e-05 4.58999462e-05 4.60453596e-05 4.61930035e-05 4.63426210e-05 4.64939529e-05 4.66467391e-05 4.68007189e-05 4.69556316e-05 4.71112176e-05 4.72672187e-05 4.74233789e-05 4.75794454e-05 4.77351689e-05 4.78903044e-05 4.80446120e-05 4.81978575e-05 4.83498128e-05 4.85002570e-05 4.86489764e-05 4.87957655e-05 4.89404271e-05 4.90827732e-05 4.92226249e-05 4.93598133e-05 4.94941792e-05 4.96255737e-05 4.97538584e-05 4.98789054e-05 5.00005970e-05 5.01188263e-05 5.02334965e-05 5.03445209e-05 5.04518228e-05 5.05553349e-05 5.06549986e-05 5.07507643e-05 5.08425898e-05 5.09304405e-05 5.10142880e-05 5.10941097e-05 5.11698876e-05 5.12416078e-05 5.13092590e-05 5.13728318e-05 5.14323178e-05 5.14877078e-05 5.15389917e-05 5.15861565e-05 5.16291854e-05 5.16680572e-05 5.17027445e-05 5.17332129e-05 5.17594203e-05 5.17813153e-05 5.17988368e-05 5.18119130e-05 5.18204604e-05 5.18243836e-05 5.18235743e-05 5.18179111e-05 5.18072588e-05 5.17914687e-05 5.17703780e-05 5.17438101e-05 5.17115746e-05 5.16734677e-05 5.16292726e-05 5.15787599e-05 5.15216886e-05 5.14578066e-05 5.13868520e-05 5.13085536e-05 5.12226328e-05 5.11288043e-05 5.10267780e-05 5.09162600e-05 5.07969544e-05 5.06685649e-05 5.05307966e-05 5.03833574e-05 5.02259600e-05 5.00583239e-05 4.98801764e-05 4.96912553e-05 4.94913099e-05 4.92801031e-05 4.90574130e-05 4.88230343e-05 4.85767801e-05 4.83184829e-05 4.80479965e-05 4.77651968e-05 4.74699829e-05
4.36281001e-05 4.36315264e-05 4.36417992e-05 4.36588999e-05 4.36827980e-05 4.37134504e-05 4.37508022e-05 4.37947862e-05 4.38453234e-05 4.39023230e-05 4.39656825e-05 4.40352880e-05 4.41110145e-05 4.41927256e-05 4.42802744e-05 4.43735036e-05 4.44722453e-05 4.45763222e-05 4.46855471e-05 4.47997238e-05 4.49186475e-05 4.50421047e-05 4.51698745e-05 4.53017282e-05 4.54374305e-05 4.55767395e-05 4.57194078e-05 4.58651825e-05 4.60138064e-05 4.61650179e-05 4.63185525e-05 4.64741428e-05 4.66315195e-05 4.67904118e-05 4.69505488e-05 4.71116592e-05 4.72734732e-05 4.74357220e-05 4.75981398e-05 4.77604635e-05 4.79224341e-05 4.80837970e-05 4.82443030e-05 4.84037089e-05 4.85617782e-05 4.87182816e-05 4.88729979e-05 4.90257142e-05 4.91762268e-05 4.93243414e-05 4.94698738e-05 4.96126500e-05 4.97525068e-05 4.98892917e-05 5.00228634e-05 5.01530920e-05 5.02798584e-05 5.04030552e-05 5.05225856e-05 5.06383639e-05 5.07503149e-05 5.08583737e-05 5.09624849e-05 5.10626023e-05 5.11586883e-05 5.12507131e-05 5.13386539e-05 5.14224940e-05 5.15022220e-05 5.15778306e-05 5.16493159e-05 5.17166759e-05 5.17799095e-05 5.18390154e-05 5.18939910e-05 5.19448308e-05 5.19915256e-05 5.20340612e-05 5.20724171e-05 5.21065651e-05 5.21364690e-05 5.21620827e-05 5.21833495e-05 5.22002013e-05 5.22125578e-05 5.22203253e-05 5.22233967e-05 5.22216505e-05 5.22149506e-05 5.22031460e-05 5.21860707e-05 5.21635435e-05 5.21353685e-05 5.21013350e-05 5.20612183e-05 5.20147799e-05 5.19617685e-05 5.19019207e-05 5.18349623e-05 5.17606090e-05 5.16785679e-05 5.15885388e-05 5.14902158e-05 5.13832887e-05 5.12674449e-05 5.11423706e-05 5.10077533e-05 5.08632832e-05 5.07086552e-05 5.05435706e-05 5.03677392e-05 5.01808812e-05 4.99827290e-05 4.97730289e-05 4.95515429e-05 4.93180507e-05 4.90723507e-05 4.88142622e-05 4.85436264e-05 4.82603077e-05 4.79641953e-05
4.36432982e-05 4.36468588e-05 4.36575343e-05 4.36753056e-05 4.37001408e-05 4.37319954e-05 4.37708126e-05 4.38165226e-05 4.38690435e-05 4.39282814e-05 4.39941299e-05 4.40664709e-05 4.41451747e-05 4.42301001e-05 4.43210946e-05 4.44179950e-05 4.45206272e-05 4.46288072e-05 4.47423407e-05 4.48610240e-05 4.49846446e-05 4.51129808e-05 4.52458030e-05 4.53828738e-05 4.55239487e-05 4.56687764e-05 4.58170997e-05 4.59686558e-05 4.61231771e-05 4.62803920e-05 4.64400250e-05 4.66017982e-05 4.67654314e-05 4.69306430e-05 4.70971511e-05 4.72646736e-05 4.74329296e-05 4.76016397e-05 4.77705273e-05 4.79393187e-05 4.81077447e-05 4.82755406e-05 4.84424474e-05 4.86082125e-05 4.87725903e-05 4.89353431e-05 4.90962413e-05 4.92550645e-05 4.94116020e-05 4.95656531e-05 4.97170276e-05 4.98655466e-05 5.00110422e-05 5.01533584e-05 5.02923510e-05 5.04278877e-05 5.05598482e-05 5.06881244e-05 5.08126197e-05 5.09332496e-05 5.10499405e-05 5.11626301e-05 5.12712663e-05 5.13758071e-05 5.14762195e-05 5.15724791e-05 5.16645691e-05 5.17524793e-05 5.18362054e-05 5.19157477e-05 5.19911097e-05 5.20622978e-05 5.21293190e-05 5.21921805e-05 5.22508880e-05 5.23054444e-05 5.23558486e-05 5.24020941e-05 5.24441681e-05 5.24820496e-05 5.25157086e-05 5.25451050e-05 5.25701873e-05 5.25908917e-05 5.26071413e-05 5.26188448e-05 5.26258967e-05 5.26281756e-05 5.26255448e-05 5.26178512e-05 5.26049256e-05 5.25865823e-05 5.25626197e-05 5.25328201e-05 5.24969505e-05 5.24547631e-05 5.24059959e-05 5.23503738e-05 5.22876094e-05 5.22174047e-05 5.21394518e-05 5.20534348e-05 5.19590311e-05 5.18559133e-05 5.17437508e-05 5.16222118e-05 5.14909649e-05 5.13496814e-05 5.11980371e-05 5.10357144e-05 5.08624043e-05 5.06778085e-05 5.04816409e-05 5.02736305e-05 5.00535221e-05 4.98210791e-05 4.95760848e-05 4.93183440e-05 4.90476844e-05 4.87639587e-05 4.84670448e-05
4.36504644e-05 4.36541641e-05 4.36652566e-05 4.36837223e-05 4.37095280e-05 4.37426277e-05 4.37829623e-05 4.38304598e-05 4.38850352e-05 4.39465911e-05 4.40150172e-05 4.40901913e-05 4.41719788e-05 4.42602332e-05 4.43547966e-05 4.44554993e-05 4.45621612e-05 4.46745909e-05 4.47925871e-05 4.49159384e-05 4.50444239e-05 4.51778136e-05 4.53158690e-05 4.54583436e-05 4.56049831e-05 4.57555267e-05 4.59097067e-05 4.60672502e-05 4.62278788e-05 4.63913101e-05 4.65572575e-05 4.67254320e-05 4.68955421e-05 4.70672947e-05 4.72403965e-05 4.74145539e-05 4.75894746e-05 4.77648680e-05 4.79404460e-05 4.81159240e-05 4.82910219e-05 4.84654644e-05 4.86389823e-05 4.88113131e-05 4.89822015e-05 4.91514007e-05 4.93186728e-05 4.94837892e-05 4.96465317e-05 4.98066928e-05 4.99640763e-05 5.01184977e-05 5.02697847e-05 5.04177771e-05 5.05623278e-05 5.07033021e-05 5.08405784e-05 5.09740479e-05 5.11036144e-05 5.12291943e-05 5.13507163e-05 5.14681205e-05 5.15813588e-05 5.16903934e-05 5.17951964e-05 5.18957495e-05 5.19920422e-05 5.20840715e-05 5.21718407e-05 5.22553581e-05 5.23346359e-05 5.24096892e-05 5.24805341e-05 5.25471868e-05 5.26096623e-05 5.26679725e-05 5.27221254e-05 5.27721233e-05 5.28179613e-05 5.28596264e-05 5.28970960e-05 5.29303365e-05 5.29593022e-05 5.29839342e-05 5.30041595e-05 5.30198901e-05 5.30310219e-05 5.30374346e-05 5.30389907e-05 5.30355354e-05 5.30268963e-05 5.30128833e-05 5.29932890e-05 5.29678886e-05 5.29364406e-05 5.28986873e-05 5.28543556e-05 5.28031580e-05 5.27447938e-05 5.26789502e-05 5.26053035e-05 5.25235212e-05 5.24332633e-05 5.23341840e-05 5.22259339e-05 5.21081617e-05 5.19805161e-05 5.18426485e-05 5.16942144e-05 5.15348760e-05 5.13643044e-05 5.11821812e-05 5.09882013e-05 5.07820746e-05 5.05635280e-05 5.03323076e-05 5.00881802e-05 4.98309353e-05 4.95603865e-05 4.92763733e-05 4.89787621e-05
4.36492851e-05 4.36531288e-05 4.36646533e-05 4.36838380e-05 4.37106488e-05 4.37450378e-05 4.37869440e-05 4.38362926e-05 4.38929958e-05 4.39569523e-05 4.40280482e-05 4.41061565e-05 4.41911378e-05 4.42828403e-05 4.43811000e-05 4.44857414e-05 4.45965771e-05 4.47134089e-05 4.48360278e-05 4.49642144e-05 4.50977393e-05 4.52363638e-05 4.53798402e-05 4.55279122e-05 4.56803159e-05 4.58367801e-05 4.59970266e-05 4.61607715e-05 4.63277256e-05 4.64975948e-05 4.66700813e-05 4.68448843e-05 4.70217003e-05 4.72002245e-05 4.73801514e-05 4.75611757e-05 4.77429928e-05 4.79253002e-05 4.81077982e-05 4.82901905e-05 4.84721855e-05 4.86534969e-05 4.88338445e-05 4.90129553e-05 4.91905641e-05 4.93664146e-05 4.95402595e-05 4.97118621e-05 4.98809961e-05 5.00474469e-05 5.02110119e-05 5.03715007e-05 5.05287360e-05 5.06825538e-05 5.08328035e-05 5.09793480e-05 5.11220643e-05 5.12608430e-05 5.13955882e-05 5.15262176e-05 5.16526619e-05 5.17748645e-05 5.18927811e-05 5.20063785e-05 5.21156348e-05 5.22205377e-05 5.23210838e-05 5.24172780e-05 5.25091317e-05 5.25966622e-05 5.26798908e-05 5.27588421e-05 5.28335422e-05 5.29040172e-05 5.29702922e-05 5.30323891e-05 5.30903255e-05 5.31441135e-05 5.31937572e-05 5.32392525e-05 5.32805846e-05 5.33177273e-05 5.33506414e-05 5.33792738e-05 5.34035560e-05 5.34234033e-05 5.34387143e-05 5.34493696e-05 5.34552314e-05 5.34561433e-05 5.34519301e-05 5.34423972e-05 5.34273313e-05 5.34065002e-05 5.33796538e-05 5.33465241e-05 5.33068265e-05 5.32602605e-05 5.32065113e-05 5.31452504e-05 5.30761380e-05 5.29988237e-05 5.29129491e-05 5.28181491e-05 5.27140542e-05 5.26002924e-05 5.24764916e-05 5.23422818e-05 5.21972970e-05 5.20411779e-05 5.18735743e-05 5.16941468e-05 5.15025696e-05 5.12985327e-05 5.10817437e-05 5.08519301e-05 5.06088413e-05 5.03522504e-05 5.00819559e-05 4.97977833e-05 4.94995867e-05
4.36394356e-05 4.36434286e-05 4.36554004e-05 4.36753297e-05 4.37031813e-05 4.37389057e-05 4.37824394e-05 4.38337052e-05 4.38926119e-05 4.39590548e-05 4.40329157e-05 4.41140631e-05 4.42023524e-05 4.42976263e-05 4.43997149e-05 4.45084359e-05 4.46235952e-05 4.47449871e-05 4.48723947e-05 4.50055902e-05 4.51443357e-05 4.52883832e-05 4.54374754e-05 4.55913463e-05 4.57497215e-05 4.59123190e-05 4.60788499e-05 4.62490188e-05 4.64225251e-05 4.65990627e-05 4.67783220e-05 4.69599896e-05 4.71437499e-05 4.73292856e-05 4.75162786e-05 4.77044108e-05 4.78933653e-05 4.80828271e-05 4.82724839e-05 4.84620274e-05 4.86511538e-05 4.88395650e-05 4.90269696e-05 4.92130835e-05 4.93976308e-05 4.95803451e-05 4.97609696e-05 4.99392586e-05 5.01149775e-05 5.02879041e-05 5.04578287e-05 5.06245553e-05 5.07879010e-05 5.09476976e-05 5.11037909e-05 5.12560414e-05 5.14043246e-05 5.15485304e-05 5.16885633e-05 5.18243424e-05 5.19558007e-05 5.20828850e-05 5.22055551e-05 5.23237832e-05 5.24375532e-05 5.25468597e-05 5.26517071e-05 5.27521086e-05 5.28480845e-05 5.29396616e-05 5.30268714e-05 5.31097489e-05 5.31883308e-05 5.32626543e-05 5.33327551e-05 5.33986663e-05 5.34604162e-05 5.35180272e-05 5.35715138e-05 5.36208811e-05 5.36661235e-05 5.37072229e-05 5.37441475e-05 5.37768503e-05 5.38052683e-05 5.38293210e-05 5.38489095e-05 5.38639161e-05 5.38742033e-05 5.38796132e-05 5.38799676e-05 5.38750678e-05 5.38646944e-05 5.38486080e-05 5.38265490e-05 5.37982391e-05 5.37633816e-05 5.37216626e-05 5.36727522e-05 5.36163058e-05 5.35519660e-05 5.34793641e-05 5.33981220e-05 5.33078540e-05 5.32081696e-05 5.30986749e-05 5.29789755e-05 5.28486786e-05 5.27073956e-05 5.25547443e-05 5.23903516e-05 5.22138559e-05 5.20249096e-05 5.18231810e-05 5.16083574e-05 5.13801465e-05 5.11382791e-05 5.08825107e-05 5.06126238e-05 5.03284291e-05 5.00297672e-05
4.36205798e-05 4.36247272e-05 4.36371622e-05 4.36578627e-05 4.36867922e-05 4.37238994e-05 4.37691187e-05 4.38223700e-05 4.38835589e-05 4.39525769e-05 4.40293016e-05 4.41135968e-05 4.42053125e-05 4.43042858e-05 4.44103404e-05 4.45232874e-05 4.46429256e-05 4.47690414e-05 4.49014099e-05 4.50397947e-05 4.51839488e-05 4.53336147e-05 4.54885253e-05 4.56484040e-05 4.58129659e-05 4.59819180e-05 4.61549597e-05 4.63317842e-05 4.65120783e-05 4.66955240e-05 4.68817989e-05 4.70705770e-05 4.72615297e-05 4.74543265e-05 4.76486361e-05 4.78441275e-05 4.80404704e-05 4.82373366e-05 4.84344009e-05 4.86313420e-05 4.88278435e-05 4.90235951e-05 4.92182931e-05 4.94116419e-05 4.96033544e-05 4.97931535e-05 4.99807722e-05 5.01659554e-05 5.03484597e-05 5.05280548e-05 5.07045238e-05 5.08776640e-05 5.10472873e-05 5.12132206e-05 5.13753063e-05 5.15334021e-05 5.16873818e-05 5.18371346e-05 5.19825658e-05 5.21235956e-05 5.22601598e-05 5.23922086e-05 5.25197065e-05 5.26426313e-05 5.27609733e-05 5.28747345e-05 5.29839277e-05 5.30885750e-05 5.31887065e-05 5.32843594e-05 5.33755760e-05 5.34624026e-05 5.35448876e-05 5.36230800e-05 5.36970275e-05 5.37667749e-05 5.38323626e-05 5.38938243e-05 5.39511855e-05 5.40044620e-05 5.40536580e-05 5.40987645e-05 5.41397578e-05 5.41765982e-05 5.42092285e-05 5.42375731e-05 5.42615366e-05 5.42810032e-05 5.42958359e-05 5.43058758e-05 5.43109421e-05 5.43108317e-05 5.43053192e-05 5.42941576e-05 5.42770780e-05 5.42537911e-05 5.42239877e-05 5.41873396e-05 5.41435013e-05 5.40921112e-05 5.40327936e-05 5.39651601e-05 5.38888118e-05 5.38033416e-05 5.37083363e-05 5.36033789e-05 5.34880513e-05 5.33619366e-05 5.32246220e-05 5.30757010e-05 5.29147764e-05 5.27414627e-05 5.25553889e-05 5.23562006e-05 5.21435631e-05 5.19171631e-05 5.16767117e-05 5.14219457e-05 5.11526301e-05 5.08685598e-05 5.05695615e-05
4.35923693e-05 4.35966767e-05 4.36095914e-05 4.36310905e-05 4.36611363e-05 4.36996756e-05 4.37466405e-05 4.38019481e-05 4.38655006e-05 4.39371857e-05 4.40168766e-05 4.41044321e-05 4.41996969e-05 4.43025021e-05 4.44126651e-05 4.45299900e-05 4.46542679e-05 4.47852777e-05 4.49227858e-05 4.50665470e-05 4.52163048e-05 4.53717920e-05 4.55327311e-05 4.56988349e-05 4.58698073e-05 4.60453437e-05 4.62251317e-05 4.64088521e-05 4.65961793e-05 4.67867824e-05 4.69803257e-05 4.71764700e-05 4.73748730e-05 4.75751907e-05 4.77770781e-05 4.79801899e-05 4.81841824e-05 4.83887134e-05 4.85934440e-05 4.87980394e-05 4.90021699e-05 4.92055121e-05 4.94077497e-05 4.96085747e-05 4.98076882e-05 5.00048018e-05 5.01996378e-05 5.03919310e-05 5.05814288e-05 5.07678921e-05 5.09510966e-05 5.11308325e-05 5.13069060e-05 5.14791390e-05 5.16473699e-05 5.18114537e-05 5.19712624e-05 5.21266846e-05 5.22776259e-05 5.24240085e-05 5.25657705e-05 5.27028663e-05 5.28352650e-05 5.29629505e-05 5.30859203e-05 5.32041843e-05 5.33177642e-05 5.34266917e-05 5.35310077e-05 5.36307604e-05 5.37260040e-05 5.38167970e-05 5.39032004e-05 5.39852761e-05 5.40630848e-05 5.41366845e-05 5.42061280e-05 5.42714619e-05 5.43327239e-05 5.43899411e-05 5.44431288e-05 5.44922881e-05 5.45374042e-05 5.45784457e-05 5.46153621e-05 5.46480832e-05 5.46765177e-05 5.47005524e-05 5.47200512e-05 5.47348545e-05 5.47447790e-05 5.47496174e-05 5.47491385e-05 5.47430871e-05 5.47311851e-05 5.47131316e-05 5.46886042e-05 5.46572600e-05 5.46187372e-05 5.45726561e-05 5.45186216e-05 5.44562247e-05 5.43850446e-05 5.43046513e-05 5.42146076e-05 5.41144721e-05 5.40038015e-05 5.38821533e-05 5.37490889e-05 5.36041759e-05 5.34469914e-05 5.32771247e-05 5.30941795e-05 5.28977776e-05 5.26875607e-05 5.24631932e-05 5.22243648e-05 5.19707925e-05 5.17022230e-05 5.14184341e-05 5.11192374e-05
4.35544436e-05 4.35589167e-05 4.35723281e-05 4.35946543e-05 4.36258560e-05 4.36658784e-05 4.37146511e-05 4.37720883e-05 4.38380888e-05 4.39125363e-05 4.39952993e-05 4.40862318e-05 4.41851728e-05 4.42919474e-05 4.44063662e-05 4.45282262e-05 4.46573110e-05 4.47933910e-05 4.49362241e-05 4.50855558e-05 4.52411199e-05 4.54026390e-05 4.55698249e-05 4.57423794e-05 4.59199947e-05 4.61023541e-05 4.62891331e-05 4.64799996e-05 4.66746148e-05 4.68726345e-05 4.70737092e-05 4.72774858e-05 4.74836078e-05 4.76917169e-05 4.79014536e-05 4.81124582e-05 4.83243722e-05 4.85368391e-05 4.87495057e-05 4.89620228e-05 4.91740467e-05 4.93852401e-05 4.95952735e-05 4.98038259e-05 5.00105858e-05 5.02152528e-05 5.04175381e-05 5.06171656e-05 5.08138728e-05 5.10074118e-05 5.11975498e-05 5.13840699e-05 5.15667718e-05 5.17454724e-05 5.19200058e-05 5.20902242e-05 5.22559974e-05 5.24172136e-05 5.25737787e-05 5.27256167e-05 5.28726687e-05 5.30148931e-05 5.31522643e-05 5.32847728e-05 5.34124235e-05 5.35352349e-05 5.36532383e-05 5.37664761e-05 5.38750003e-05 5.39788714e-05 5.40781562e-05 5.41729266e-05 5.42632573e-05 5.43492241e-05 5.44309018e-05 5.45083626e-05 5.45816735e-05 5.46508945e-05 5.47160768e-05 5.47772603e-05 5.48344722e-05 5.48877246e-05 5.49370132e-05 5.49823152e-05 5.50235879e-05 5.50607675e-05 5.50937674e-05 5.51224774e-05 5.51467629e-05 5.51664641e-05 5.51813954e-05 5.51913454e-05 5.51960767e-05 5.51953264e-05 5.51888063e-05 5.51762039e-05 5.51571830e-05 5.51313853e-05 5.50984316e-05 5.50579235e-05 5.50094453e-05 5.49525662e-05 5.48868423e-05 5.48118192e-05 5.47270346e-05 5.46320208e-05 5.45263078e-05 5.44094261e-05 5.42809095e-05 5.41402982e-05 5.39871418e-05 5.38210026e-05 5.36414579e-05 5.34481035e-05 5.32405562e-05 5.30184566e-05 5.27814717e-05 5.25292973e-05 5.22616602e-05 5.19783204e-05 5.16790731e-05
4.35064292e-05 4.35110739e-05 4.35249997e-05 4.35481823e-05 4.35805811e-05 4.36221394e-05 4.36727843e-05 4.37324270e-05 4.38009628e-05 4.38782712e-05 4.39642162e-05 4.40586465e-05 4.41613954e-05 4.42722817e-05 4.43911092e-05 4.45176675e-05 4.46517322e-05 4.47930653e-05 4.49414157e-05 4.50965193e-05 4.52581000e-05 4.54258696e-05 4.55995290e-05 4.57787684e-05 4.59632680e-05 4.61526987e-05 4.63467230e-05 4.65449956e-05 4.67471640e-05 4.69528699e-05 4.71617497e-05 4.73734355e-05 4.75875562e-05 4.78037382e-05 4.80216071e-05 4.82407879e-05 4.84609069e-05 4.86815923e-05 4.89024757e-05 4.91231930e-05 4.93433856e-05 4.95627020e-05 4.97807981e-05 4.99973394e-05 5.02120013e-05 5.04244705e-05 5.06344463e-05 5.08416413e-05 5.10457825e-05 5.12466123e-05 5.14438892e-05 5.16373885e-05 5.18269034e-05 5.20122449e-05 5.21932429e-05 5.23697462e-05 5.25416227e-05 5.27087599e-05 5.28710641e-05 5.30284611e-05 5.31808952e-05 5.33283292e-05 5.34707432e-05 5.36081345e-05 5.37405162e-05 5.38679161e-05 5.39903756e-05 5.41079486e-05 5.42206994e-05 5.43287014e-05 5.44320353e-05 5.45307873e-05 5.46250470e-05 5.47149052e-05 5.48004524e-05 5.48817759e-05 5.49589579e-05 5.50320737e-05 5.51011888e-05 5.51663573e-05 5.52276194e-05 5.52849996e-05 5.53385048e-05 5.53881222e-05 5.54338177e-05 5.54755347e-05 5.55131921e-05 5.55466836e-05 5.55758764e-05 5.56006108e-05 5.56206993e-05 5.56359266e-05 5.56460492e-05 5.56507962e-05 5.56498691e-05 5.56429432e-05 5.56296680e-05 5.56096691e-05 5.55825490e-05 5.55478897e-05 5.55052537e-05 5.54541872e-05 5.53942218e-05 5.53248774e-05 5.52456648e-05 5.51560886e-05 5.50556505e-05 5.49438521e-05 5.48201978e-05 5.46841988e-05 5.45353755e-05 5.43732612e-05 5.41974051e-05 5.40073753e-05 5.38027621e-05 5.35831807e-05 5.33482738e-05 5.30977146e-05 5.28312089e-05 5.25484975e-05 5.22493579e-05
4.34479395e-05 4.34527618e-05 4.34672203e-05 4.34912898e-05 4.35249282e-05 4.35680770e-05 4.36206607e-05 4.36825874e-05 4.37537488e-05 4.38340203e-05 4.39232609e-05 4.40213142e-05 4.41280075e-05 4.42431530e-05 4.43665475e-05 4.44979731e-05 4.46371972e-05 4.47839730e-05 4.49380401e-05 4.50991246e-05 4.52669399e-05 4.54411870e-05 4.56215553e-05 4.58077229e-05 4.59993577e-05 4.61961175e-05 4.63976516e-05 4.66036005e-05 4.68135979e-05 4.70272707e-05 4.72442403e-05 4.74641236e-05 4.76865339e-05 4.79110822e-05 4.81373780e-05 4.83650304e-05 4.85936496e-05 4.88228479e-05 4.90522409e-05 4.92814486e-05 4.95100971e-05 4.97378193e-05 4.99642565e-05 5.01890593e-05 5.04118892e-05 5.06324197e-05 5.08503372e-05 5.10653424e-05 5.12771510e-05 5.14854951e-05 5.16901241e-05 5.18908049e-05 5.20873235e-05 5.22794850e-05 5.24671146e-05 5.26500575e-05 5.28281795e-05 5.30013671e-05 5.31695274e-05 5.33325879e-05 5.34904963e-05 5.36432201e-05 5.37907455e-05 5.39330770e-05 5.40702366e-05 5.42022618e-05 5.43292055e-05 5.44511333e-05 5.45681229e-05 5.46802618e-05 5.47876457e-05 5.48903761e-05 5.49885587e-05 5.50823009e-05 5.51717097e-05 5.52568891e-05 5.53379381e-05 5.54149482e-05 5.54880009e-05 5.55571655e-05 5.56224968e-05 5.56840328e-05 5.57417929e-05 5.57957753e-05 5.58459558e-05 5.58922856e-05 5.59346901e-05 5.59730675e-05 5.60072876e-05 5.60371913e-05 5.60625893e-05 5.60832626e-05 5.60989618e-05 5.61094076e-05 5.61142912e-05 5.61132751e-05 5.61059940e-05 5.60920564e-05 5.60710460e-05 5.60425236e-05 5.60060293e-05 5.59610845e-05 5.59071952e-05 5.58438537e-05 5.57705426e-05 5.56867370e-05 5.55919085e-05 5.54855278e-05 5.53670685e-05 5.52360103e-05 5.50918429e-05 5.49340686e-05 5.47622065e-05 5.45757956e-05 5.43743975e-05 5.41576004e-05 5.39250212e-05 5.36763088e-05 5.34111466e-05 5.31292548e-05 5.28303926e-05
4.33785740e-05 4.33835802e-05 4.33985903e-05 4.34235781e-05 4.34585003e-05 4.35032960e-05 4.35578874e-05 4.36221795e-05 4.36960600e-05 4.37794002e-05 4.38720542e-05 4.39738599e-05 4.40846388e-05 4.42041962e-05 4.43323219e-05 4.44687900e-05 4.46133595e-05 4.47657746e-05 4.49257652e-05 4.50930473e-05 4.52673236e-05 4.54482838e-05 4.56356052e-05 4.58289538e-05 4.60279842e-05 4.62323412e-05 4.64416597e-05 4.66555663e-05 4.68736794e-05 4.70956109e-05 4.73209666e-05 4.75493475e-05 4.77803507e-05 4.80135707e-05 4.82486003e-05 4.84850320e-05 4.87224592e-05 4.89604773e-05 4.91986850e-05 4.94366860e-05 4.96740896e-05 4.99105128e-05 5.01455809e-05 5.03789294e-05 5.06102050e-05 5.08390667e-05 5.10651875e-05 5.12882554e-05 5.15079742e-05 5.17240651e-05 5.19362675e-05 5.21443396e-05 5.23480596e-05 5.25472263e-05 5.27416597e-05 5.29312013e-05 5.31157144e-05 5.32950848e-05 5.34692198e-05 5.36380492e-05 5.38015242e-05 5.39596170e-05 5.41123205e-05 5.42596471e-05 5.44016278e-05 5.45383112e-05 5.46697616e-05 5.47960581e-05 5.49172924e-05 5.50335672e-05 5.51449941e-05 5.52516917e-05 5.53537828e-05 5.54513926e-05 5.55446462e-05 5.56336659e-05 5.57185687e-05 5.57994638e-05 5.58764501e-05 5.59496138e-05 5.60190254e-05 5.60847381e-05 5.61467846e-05 5.62051758e-05 5.62598982e-05 5.63109121e-05 5.63581502e-05 5.64015160e-05 5.64408827e-05 5.64760919e-05 5.65069534e-05 5.65332444e-05 5.65547097e-05 5.65710616e-05 5.65819804e-05 5.65871156e-05 5.65860863e-05 5.65784834e-05 5.65638705e-05 5.65417864e-05 5.65117470e-05 5.64732483e-05 5.64257684e-05 5.63687711e-05 5.63017085e-05 5.62240246e-05 5.61351588e-05 5.60345492e-05 5.59216364e-05 5.57958668e-05 5.56566970e-05 5.55035967e-05 5.53360528e-05 5.51535729e-05 5.49556884e-05 5.47419585e-05 5.45119725e-05 5.42653537e-05 5.40017613e-05 5.37208936e-05 5.34224899e-05
4.32979181e-05 4.33031149e-05 4.33186960e-05 4.33446347e-05 4.33808860e-05 4.34273872e-05 4.34840576e-05 4.35507990e-05 4.36274955e-05 4.37140137e-05 4.38102028e-05 4.39158951e-05 4.40309057e-05 4.41550334e-05 4.42880602e-05 4.44297522e-05 4.45798598e-05 4.47381179e-05 4.49042465e-05 4.50779511e-05 4.52589232e-05 4.54468408e-05 4.56413690e-05 4.58421609e-05 4.60488578e-05 4.62610903e-05 4.64784790e-05 4.67006354e-05 4.69271626e-05 4.71576566e-05 4.73917068e-05 4.76288977e-05 4.78688095e-05 4.81110193e-05 4.83551026e-05 4.86006344e-05 4.88471903e-05 4.90943481e-05 4.93416889e-05 4.95887987e-05 4.98352697e-05 5.00807017e-05 5.03247034e-05 5.05668940e-05 5.08069044e-05 5.10443787e-05 5.12789756e-05 5.15103693e-05 5.17382512e-05 5.19623307e-05 5.21823366e-05 5.23980177e-05 5.26091441e-05 5.28155076e-05 5.30169226e-05 5.32132266e-05 5.34042804e-05 5.35899686e-05 5.37701991e-05 5.39449038e-05 5.41140374e-05 5.42775775e-05 5.44355239e-05 5.45878974e-05 5.47347389e-05 5.48761082e-05 5.50120827e-05 5.51427553e-05 5.52682330e-05 5.53886349e-05 5.55040899e-05 5.56147345e-05 5.57207104e-05 5.58221621e-05 5.59192341e-05 5.60120685e-05 5.61008019e-05 5.61855630e-05 5.62664697e-05 5.63436262e-05 5.64171207e-05 5.64870226e-05 5.65533799e-05 5.66162171e-05 5.66755326e-05 5.67312972e-05 5.67834518e-05 5.68319061e-05 5.68765372e-05 5.69171884e-05 5.69536686e-05 5.69857519e-05 5.70131769e-05 5.70356475e-05 5.70528332e-05 5.70643696e-05 5.70698599e-05 5.70688761e-05 5.70609610e-05 5.70456302e-05 5.70223742e-05 5.69906617e-05 5.69499417e-05 5.68996473e-05 5.68391987e-05 5.67680067e-05 5.66854765e-05 5.65910114e-05 5.64840167e-05 5.63639038e-05 5.62300937e-05 5.60820213e-05 5.59191393e-05 5.57409218e-05 5.55468681e-05 5.53365061e-05 5.51093961e-05 5.48651336e-05 5.46033522e-05 5.43237268e-05 5.40259756e-05
4.32055426e-05 4.32109365e-05 4.32271090e-05 4.32540322e-05 4.32916597e-05 4.33399267e-05 4.33987498e-05 4.34680275e-05 4.35476400e-05 4.36374493e-05 4.37372995e-05 4.38470171e-05 4.39664109e-05 4.40952725e-05 4.42333764e-05 4.43804803e-05 4.45363257e-05 4.47006379e-05 4.48731268e-05 4.50534870e-05 4.52413984e-05 4.54365271e-05 4.56385255e-05 4.58470331e-05 4.60616776e-05 4.62820749e-05 4.65078308e-05 4.67385409e-05 4.69737925e-05 4.72131649e-05 4.74562307e-05 4.77025569e-05 4.79517060e-05 4.82032371e-05 4.84567075e-05 4.87116737e-05 4.89676929e-05 4.92243241e-05 4.94811299e-05 4.97376780e-05 4.99935421e-05 5.02483041e-05 5.05015551e-05 5.07528970e-05 5.10019442e-05 5.12483247e-05 5.14916820e-05 5.17316759e-05 5.19679842e-05 5.22003041e-05 5.24283528e-05 5.26518692e-05 5.28706145e-05 5.30843732e-05 5.32929536e-05 5.34961889e-05 5.36939370e-05 5.38860811e-05 5.40725298e-05 5.42532170e-05 5.44281013e-05 5.45971660e-05 5.47604180e-05 5.49178870e-05 5.50696247e-05 5.52157030e-05 5.53562128e-05 5.54912621e-05 5.56209744e-05 5.57454863e-05 5.58649452e-05 5.59795071e-05 5.60893342e-05 5.61945916e-05 5.62954450e-05 5.63920579e-05 5.64845882e-05 5.65731857e-05 5.66579888e-05 5.67391219e-05 5.68166923e-05 5.68907871e-05 5.69614712e-05 5.70287841e-05 5.70927376e-05 5.71533141e-05 5.72104638e-05 5.72641036e-05 5.73141154e-05 5.73603447e-05 5.74026002e-05 5.74406527e-05 5.74742353e-05 5.75030432e-05 5.75267346e-05 5.75449309e-05 5.75572185e-05 5.75631500e-05 5.75622461e-05 5.75539979e-05 5.75378693e-05 5.75132999e-05 5.74797081e-05 5.74364944e-05 5.73830449e-05 5.73187352e-05 5.72429341e-05 5.71550081e-05 5.70543249e-05 5.69402581e-05 5.68121913e-05 5.66695221e-05 5.65116667e-05 5.63380635e-05 5.61481773e-05 5.59415032e-05 5.57175699e-05 5.54759435e-05 5.52162303e-05 5.49380801e-05 5.46411886e-05
4.31010030e-05 4.31066011e-05 4.31233857e-05 4.31513281e-05 4.31903805e-05 4.32404757e-05 4.33015277e-05 4.33734316e-05 4.34560635e-05 4.35492808e-05 4.36529225e-05 4.37668090e-05 4.38907425e-05 4.40245075e-05 4.41678706e-05 4.43205811e-05 4.44823711e-05 4.46529562e-05 4.48320358e-05 4.50192932e-05 4.52143966e-05 4.54169996e-05 4.56267413e-05 4.58432476e-05 4.60661316e-05 4.62949944e-05 4.65294259e-05 4.67690058e-05 4.70133046e-05 4.72618842e-05 4.75142997e-05 4.77700999e-05 4.80288287e-05 4.82900266e-05 4.85532316e-05 4.88179808e-05 4.90838120e-05 4.93502647e-05 4.96168821e-05 4.98832121e-05 5.01488094e-05 5.04132367e-05 5.06760666e-05 5.09368827e-05 5.11952818e-05 5.14508750e-05 5.17032894e-05 5.19521696e-05 5.21971791e-05 5.24380016e-05 5.26743423e-05 5.29059294e-05 5.31325144e-05 5.33538739e-05 5.35698099e-05 5.37801506e-05 5.39847507e-05 5.41834922e-05 5.43762840e-05 5.45630621e-05 5.47437892e-05 5.49184544e-05 5.50870724e-05 5.52496823e-05 5.54063472e-05 5.55571517e-05 5.57022016e-05 5.58416209e-05 5.59755507e-05 5.61041463e-05 5.62275753e-05 5.63460148e-05 5.64596485e-05 5.65686641e-05 5.66732504e-05 5.67735938e-05 5.68698755e-05 5.69622681e-05 5.70509326e-05 5.71360150e-05 5.72176436e-05 5.72959252e-05 5.73709429e-05 5.74427530e-05 5.75113822e-05 5.75768257e-05 5.76390442e-05 5.76979631e-05 5.77534696e-05 5.78054125e-05 5.78536005e-05 5.78978019e-05 5.79377439e-05 5.79731133e-05 5.80035565e-05 5.80286805e-05 5.80480539e-05 5.80612090e-05 5.80676434e-05 5.80668224e-05 5.80581816e-05 5.80411300e-05 5.80150535e-05 5.79793180e-05 5.79332734e-05 5.78762579e-05 5.78076017e-05 5.77266318e-05 5.76326760e-05 5.75250678e-05 5.74031507e-05 5.72662827e-05 5.71138409e-05 5.69452256e-05 5.67598649e-05 5.65572186e-05 5.63367821e-05 5.60980898e-05 5.58407190e-05 5.55642926e-05 5.52684822e-05
4.29838391e-05 4.29896485e-05 4.30070669e-05 4.30360645e-05 4.30765918e-05 4.31285798e-05 4.31919394e-05 4.32665624e-05 4.33523206e-05 4.34490669e-05 4.35566347e-05 4.36748384e-05 4.38034737e-05 4.39423175e-05 4.40911283e-05 4.42496468e-05 4.44175957e-05 4.45946803e-05 4.47805893e-05 4.49749945e-05 4.51775518e-05 4.53879020e-05 4.56056705e-05 4.58304691e-05 4.60618959e-05 4.62995364e-05 4.65429644e-05 4.67917426e-05 4.70454242e-05 4.73035533e-05 4.75656663e-05 4.78312932e-05 4.80999586e-05 4.83711831e-05 4.86444848e-05 4.89193807e-05 4.91953878e-05 4.94720253e-05 4.97488157e-05 5.00252865e-05 5.03009720e-05 5.05754149e-05 5.08481679e-05 5.11187955e-05 5.13868756e-05 5.16520015e-05 5.19137829e-05 5.21718481e-05 5.24258452e-05 5.26754438e-05 5.29203362e-05 5.31602388e-05 5.33948931e-05 5.36240669e-05 5.38475554e-05 5.40651813e-05 5.42767960e-05 5.44822798e-05 5.46815418e-05 5.48745203e-05 5.50611822e-05 5.52415227e-05 5.54155645e-05 5.55833572e-05 5.57449753e-05 5.59005177e-05 5.60501055e-05 5.61938801e-05 5.63320013e-05 5.64646448e-05 5.65919995e-05 5.67142653e-05 5.68316493e-05 5.69443637e-05 5.70526217e-05 5.71566350e-05 5.72566098e-05 5.73527435e-05 5.74452217e-05 5.75342142e-05 5.76198717e-05 5.77023230e-05 5.77816712e-05 5.78579908e-05 5.79313252e-05 5.80016838e-05 5.80690394e-05 5.81333264e-05 5.81944392e-05 5.82522300e-05 5.83065085e-05 5.83570405e-05 5.84035479e-05 5.84457087e-05 5.84831575e-05 5.85154860e-05 5.85422447e-05 5.85629446e-05 5.85770587e-05 5.85840252e-05 5.85832500e-05 5.85741097e-05 5.85559555e-05 5.85281167e-05 5.84899049e-05 5.84406183e-05 5.83795461e-05 5.83059733e-05 5.82191852e-05 5.81184725e-05 5.80031358e-05 5.78724910e-05 5.77258733e-05 5.75626427e-05 5.73821879e-05 5.71839310e-05 5.69673317e-05 5.67318909e-05 5.64771546e-05 5.62027173e-05 5.59082246e-05
4.28535747e-05 4.28596028e-05 4.28776772e-05 4.29077670e-05 4.29498213e-05 4.30037685e-05 4.30695171e-05 4.31469550e-05 4.32359500e-05 4.33363501e-05 4.34479833e-05 4.35706578e-05 4.37041623e-05 4.38482662e-05 4.40027199e-05 4.41672549e-05 4.43415843e-05 4.45254032e-05 4.47183888e-05 4.49202014e-05 4.51304843e-05 4.53488647e-05 4.55749543e-05 4.58083500e-05 4.60486344e-05 4.62953770e-05 4.65481347e-05 4.68064529e-05 4.70698665e-05 4.73379010e-05 4.76100736e-05 4.78858945e-05 4.81648681e-05 4.84464944e-05 4.87302705e-05 4.90156921e-05 4.93022549e-05 4.95894563e-05 4.98767972e-05 5.01637836e-05 5.04499282e-05 5.07347525e-05 5.10177883e-05 5.12985797e-05 5.15766849e-05 5.18516778e-05 5.21231499e-05 5.23907121e-05 5.26539961e-05 5.29126562e-05 5.31663710e-05 5.34148443e-05 5.36578066e-05 5.38950166e-05 5.41262616e-05 5.43513587e-05 5.45701554e-05 5.47825301e-05 5.49883921e-05 5.51876817e-05 5.53803703e-05 5.55664595e-05 5.57459807e-05 5.59189937e-05 5.60855863e-05 5.62458717e-05 5.63999878e-05 5.65480944e-05 5.66903714e-05 5.68270163e-05 5.69582411e-05 5.70842699e-05 5.72053353e-05 5.73216754e-05 5.74335306e-05 5.75411392e-05 5.76447348e-05 5.77445419e-05 5.78407726e-05 5.79336224e-05 5.80232671e-05 5.81098590e-05 5.81935231e-05 5.82743545e-05 5.83524146e-05 5.84277286e-05 5.85002829e-05 5.85700226e-05 5.86368497e-05 5.87006212e-05 5.87611482e-05 5.88181947e-05 5.88714773e-05 5.89206653e-05 5.89653810e-05 5.90052007e-05 5.90396557e-05 5.90682346e-05 5.90903849e-05 5.91055161e-05 5.91130025e-05 5.91121866e-05 5.91023828e-05 5.90828816e-05 5.90529537e-05 5.90118549e-05 5.89588308e-05 5.88931215e-05 5.88139670e-05 5.87206124e-05 5.86123128e-05 5.84883387e-05 5.83479811e-05 5.81905565e-05 5.80154118e-05 5.78219289e-05 5.76095292e-05 5.73776778e-05 5.71258875e-05 5.68537221e-05 5.65607998e-05
4.27097166e-05 4.27159712e-05 4.27347245e-05 4.27659448e-05 4.28095795e-05 4.28655548e-05 4.29337762e-05 4.30141281e-05 4.31064740e-05 4.32106570e-05 4.33264994e-05 4.34538032e-05 4.35923500e-05 4.37419016e-05 4.39021999e-05 4.40729671e-05 4.42539066e-05 4.44447026e-05 4.46450211e-05 4.48545101e-05 4.50727999e-05 4.52995041e-05 4.55342199e-05 4.57765289e-05 4.60259980e-05 4.62821796e-05 4.65446134e-05 4.68128266e-05 4.70863354e-05 4.73646457e-05 4.76472548e-05 4.79336523e-05 4.82233213e-05 4.85157405e-05 4.88103848e-05 4.91067277e-05 4.94042423e-05 4.97024034e-05 5.00006890e-05 5.02985824e-05 5.05955736e-05 5.08911617e-05 5.11848564e-05 5.14761801e-05 5.17646700e-05 5.20498795e-05 5.23313808e-05 5.26087660e-05 5.28816494e-05 5.31496692e-05 5.34124889e-05 5.36697990e-05 5.39213181e-05 5.41667948e-05 5.44060082e-05 5.46387691e-05 5.48649206e-05 5.50843388e-05 5.52969331e-05 5.55026460e-05 5.57014533e-05 5.58933632e-05 5.60784162e-05 5.62566834e-05 5.64282660e-05 5.65932929e-05 5.67519195e-05 5.69043256e-05 5.70507126e-05 5.71913010e-05 5.73263279e-05 5.74560433e-05 5.75807073e-05 5.77005861e-05 5.78159488e-05 5.79270633e-05 5.80341925e-05 5.81375901e-05 5.82374971e-05 5.83341372e-05 5.84277132e-05 5.85184033e-05 5.86063567e-05 5.86916906e-05 5.87744867e-05 5.88547878e-05 5.89325954e-05 5.90078665e-05 5.90805121e-05 5.91503950e-05 5.92173283e-05 5.92810749e-05 5.93413462e-05 5.93978030e-05 5.94500550e-05 5.94976623e-05 5.95401364e-05 5.95769425e-05 5.96075012e-05 5.96311918e-05 5.96473552e-05 5.96552977e-05 5.96542947e-05 5.96435954e-05 5.96224273e-05 5.95900009e-05 5.95455152e-05 5.94881628e-05 5.94171353e-05 5.93316290e-05 5.92308505e-05 5.91140221e-05 5.89803873e-05 5.88292164e-05 5.86598114e-05 5.84715113e-05 5.82636968e-05 5.80357948e-05 5.77872822e-05 5.75176905e-05 5.72266085e-05
4.25517547e-05 4.25582436e-05 4.25776995e-05 4.26100897e-05 4.26553601e-05 4.27134344e-05 4.27842152e-05 4.28675833e-05 4.29633979e-05 4.30714970e-05 4.31916972e-05 4.33237941e-05 4.34675622e-05 4.36227552e-05 4.37891066e-05 4.39663292e-05 4.41541161e-05 4.43521408e-05 4.45600573e-05 4.47775013e-05 4.50040897e-05 4.52394220e-05 4.54830805e-05 4.57346311e-05 4.59936240e-05 4.62595946e-05 4.65320644e-05 4.68105418e-05 4.70945234e-05 4.73834950e-05 4.76769330e-05 4.79743053e-05 4.82750733e-05 4.85786929e-05 4.88846161e-05 4.91922930e-05 4.95011730e-05 4.98107071e-05 5.01203492e-05 5.04295586e-05 5.07378015e-05 5.10445531e-05 5.13492999e-05 5.16515413e-05 5.19507920e-05 5.22465840e-05 5.25384684e-05 5.28260177e-05 5.31088275e-05 5.33865186e-05 5.36587383e-05 5.39251628e-05 5.41854981e-05 5.44394817e-05 5.46868836e-05 5.49275078e-05 5.51611925e-05 5.53878114e-05 5.56072733e-05 5.58195231e-05 5.60245410e-05 5.62223423e-05 5.64129768e-05 5.65965275e-05 5.67731098e-05 5.69428693e-05 5.71059804e-05 5.72626436e-05 5.74130834e-05 5.75575454e-05 5.76962931e-05 5.78296047e-05 5.79577695e-05 5.80810843e-05 5.81998492e-05 5.83143637e-05 5.84249226e-05 5.85318114e-05 5.86353023e-05 5.87356497e-05 5.88330861e-05 5.89278174e-05 5.90200197e-05 5.91098346e-05 5.91973659e-05 5.92826760e-05 5.93657831e-05 5.94466579e-05 5.95252216e-05 5.96013437e-05 5.96748407e-05 5.97454743e-05 5.98129516e-05 5.98769244e-05 5.99369900e-05 5.99926916e-05 6.00435201e-05 6.00889161e-05 6.01282719e-05 6.01609351e-05 6.01862111e-05 6.02033679e-05 6.02116397e-05 6.02102318e-05 6.01983255e-05 6.01750833e-05 6.01396546e-05 6.00911811e-05 6.00288030e-05 5.99516646e-05 5.98589207e-05 5.97497419e-05 5.96233212e-05 5.94788794e-05 5.93156708e-05 5.91329885e-05 5.89301696e-05 5.87066000e-05 5.84617189e-05 5.81950227e-05 5.79060689e-05
4.23791607e-05 4.23858921e-05 4.24060751e-05 4.24396760e-05 4.24866389e-05 4.25468854e-05 4.26203150e-05 4.27068047e-05 4.28062095e-05 4.29183621e-05 4.30430735e-05 4.31801326e-05 4.33293067e-05 4.34903415e-05 4.36629615e-05 4.38468702e-05 4.40417501e-05 4.42472635e-05 4.44630526e-05 4.46887400e-05 4.49239292e-05 4.51682049e-05 4.54211343e-05 4.56822668e-05 4.59511359e-05 4.62272588e-05 4.65101384e-05 4.67992637e-05 4.70941109e-05 4.73941448e-05 4.76988200e-05 4.80075823e-05 4.83198697e-05 4.86351146e-05 4.89527451e-05 4.92721866e-05 4.95928637e-05 4.99142023e-05 5.02356312e-05 5.05565842e-05 5.08765022e-05 5.11948356e-05 5.15110458e-05 5.18246082e-05 5.21350135e-05 5.24417707e-05 5.27444088e-05 5.30424792e-05 5.33355574e-05 5.36232456e-05 5.39051740e-05 5.41810031e-05 5.44504252e-05 5.47131659e-05 5.49689855e-05 5.52176801e-05 5.54590828e-05 5.56930640e-05 5.59195322e-05 5.61384342e-05 5.63497548e-05 5.65535165e-05 5.67497791e-05 5.69386380e-05 5.71202236e-05 5.72946992e-05 5.74622592e-05 5.76231265e-05 5.77775503e-05 5.79258027e-05 5.80681757e-05 5.82049777e-05 5.83365296e-05 5.84631609e-05 5.85852051e-05 5.87029962e-05 5.88168631e-05 5.89271259e-05 5.90340908e-05 5.91380453e-05 5.92392541e-05 5.93379541e-05 5.94343500e-05 5.95286104e-05 5.96208636e-05 5.97111936e-05 5.97996372e-05 5.98861805e-05 5.99707565e-05 6.00532425e-05 6.01334591e-05 6.02111679e-05 6.02860717e-05 6.03578138e-05 6.04259783e-05 6.04900914e-05 6.05496224e-05 6.06039861e-05 6.06525452e-05 6.06946134e-05 6.07294592e-05 6.07563096e-05 6.07743552e-05 6.07827545e-05 6.07806398e-05 6.07671225e-05 6.07412991e-05 6.07022572e-05 6.06490819e-05 6.05808622e-05 6.04966973e-05 6.03957030e-05 6.02770182e-05 6.01398109e-05 5.99832842e-05 5.98066822e-05 5.96092956e-05 5.93904666e-05 5.91495936e-05 5.88861361e-05 5.85996179e-05
4.21913885e-05 4.21983707e-05 4.22193058e-05 4.22541593e-05 4.23028735e-05 4.23653676e-05 4.24415381e-05 4.25312582e-05 4.26343784e-05 4.27507264e-05 4.28801072e-05 4.30223030e-05 4.31770738e-05 4.33441572e-05 4.35232686e-05 4.37141016e-05 4.39163284e-05 4.41295997e-05 4.43535454e-05 4.45877749e-05 4.48318777e-05 4.50854237e-05 4.53479640e-05 4.56190317e-05 4.58981423e-05 4.61847948e-05 4.64784726e-05 4.67786444e-05 4.70847656e-05 4.73962791e-05 4.77126168e-05 4.80332009e-05 4.83574459e-05 4.86847592e-05 4.90145437e-05 4.93461992e-05 4.96791242e-05 5.00127183e-05 5.03463835e-05 5.06795270e-05 5.10115633e-05 5.13419158e-05 5.16700201e-05 5.19953255e-05 5.23172977e-05 5.26354211e-05 5.29492011e-05 5.32581664e-05 5.35618712e-05 5.38598977e-05 5.41518577e-05 5.44373949e-05 5.47161867e-05 5.49879457e-05 5.52524215e-05 5.55094019e-05 5.57587138e-05 5.60002242e-05 5.62338408e-05 5.64595122e-05 5.66772278e-05 5.68870176e-05 5.70889516e-05 5.72831385e-05 5.74697244e-05 5.76488913e-05 5.78208549e-05 5.79858621e-05 5.81441881e-05 5.82961336e-05 5.84420212e-05 5.85821915e-05 5.87169994e-05 5.88468094e-05 5.89719916e-05 5.90929164e-05 5.92099504e-05 5.93234506e-05 5.94337601e-05 5.95412026e-05 5.96460778e-05 5.97486561e-05 5.98491740e-05 5.99478294e-05 6.00447775e-05 6.01401262e-05 6.02339331e-05 6.03262013e-05 6.04168773e-05 6.05058478e-05 6.05929382e-05 6.06779111e-05 6.07604652e-05 6.08402354e-05 6.09167926e-05 6.09896451e-05 6.10582400e-05 6.11219650e-05 6.11801516e-05 6.12320780e-05 6.12769732e-05 6.13140212e-05 6.13423659e-05 6.13611164e-05 6.13693527e-05 6.13661317e-05 6.13504937e-05 6.13214683e-05 6.12780822e-05 6.12193652e-05 6.11443571e-05 6.10521152e-05 6.09417205e-05 6.08122846e-05 6.06629560e-05 6.04929265e-05 6.03014371e-05 6.00877831e-05 5.98513197e-05 5.95914666e-05 5.93077121e-05
4.19878725e-05 4.19951142e-05 4.20168275e-05 4.20529767e-05 4.21035026e-05 4.21683220e-05 4.22473282e-05 4.23403907e-05 4.24473555e-05 4.25680451e-05 4.27022585e-05 4.28497711e-05 4.30103355e-05 4.31836809e-05 4.33695136e-05 4.35675173e-05 4.37773533e-05 4.39986607e-05 4.42310567e-05 4.44741374e-05 4.47274778e-05 4.49906325e-05 4.52631364e-05 4.55445053e-05 4.58342365e-05 4.61318101e-05 4.64366894e-05 4.67483223e-05 4.70661421e-05 4.73895691e-05 4.77180117e-05 4.80508679e-05 4.83875269e-05 4.87273704e-05 4.90697751e-05 4.94141137e-05 4.97597574e-05 5.01060779e-05 5.04524494e-05 5.07982510e-05 5.11428688e-05 5.14856985e-05 5.18261477e-05 5.21636383e-05 5.24976093e-05 5.28275190e-05 5.31528475e-05 5.34730996e-05 5.37878065e-05 5.40965288e-05 5.43988586e-05 5.46944215e-05 5.49828787e-05 5.52639289e-05 5.55373099e-05 5.58028002e-05 5.60602199e-05 5.63094320e-05 5.65503430e-05 5.67829030e-05 5.70071063e-05 5.72229904e-05 5.74306359e-05 5.76301653e-05 5.78217415e-05 5.80055662e-05 5.81818778e-05 5.83509483e-05 5.85130811e-05 5.86686073e-05 5.88178822e-05 5.89612810e-05 5.90991950e-05 5.92320267e-05 5.93601850e-05 5.94840802e-05 5.96041191e-05 5.97206990e-05 5.98342029e-05 5.99449938e-05 6.00534095e-05 6.01597568e-05 6.02643069e-05 6.03672900e-05 6.04688906e-05 6.05692433e-05 6.06684285e-05 6.07664687e-05 6.08633253e-05 6.09588959e-05 6.10530121e-05 6.11454381e-05 6.12358692e-05 6.13239319e-05 6.14091840e-05 6.14911152e-05 6.15691492e-05 6.16426457e-05 6.17109031e-05 6.17731623e-05 6.18286104e-05 6.18763858e-05 6.19155830e-05 6.19452584e-05 6.19644365e-05 6.19721160e-05 6.19672770e-05 6.19488879e-05 6.19159125e-05 6.18673174e-05 6.18020793e-05 6.17191928e-05 6.16176770e-05 6.14965832e-05 6.13550017e-05 6.11920683e-05 6.10069707e-05 6.07989545e-05 6.05673285e-05 6.03114700e-05 6.00308289e-05
4.17680280e-05 4.17755381e-05 4.17980562e-05 4.18355457e-05 4.18879455e-05 4.19551702e-05 4.20371098e-05 4.21336301e-05 4.22445726e-05 4.23697545e-05 4.25089686e-05 4.26619837e-05 4.28285447e-05 4.30083723e-05 4.32011636e-05 4.34065923e-05 4.36243085e-05 4.38539395e-05 4.40950896e-05 4.43473412e-05 4.46102545e-05 4.48833683e-05 4.51662010e-05 4.54582506e-05 4.57589958e-05 4.60678969e-05 4.63843965e-05 4.67079208e-05 4.70378806e-05 4.73736727e-05 4.77146809e-05 4.80602778e-05 4.84098265e-05 4.87626819e-05 4.91181929e-05 4.94757042e-05 4.98345582e-05 5.01940974e-05 5.05536666e-05 5.09126152e-05 5.12702997e-05 5.16260859e-05 5.19793522e-05 5.23294914e-05 5.26759139e-05 5.30180503e-05 5.33553540e-05 5.36873037e-05 5.40134063e-05 5.43331994e-05 5.46462536e-05 5.49521751e-05 5.52506075e-05 5.55412343e-05 5.58237805e-05 5.60980142e-05 5.63637482e-05 5.66208406e-05 5.68691962e-05 5.71087667e-05 5.73395507e-05 5.75615937e-05 5.77749873e-05 5.79798685e-05 5.81764176e-05 5.83648574e-05 5.85454499e-05 5.87184945e-05 5.88843241e-05 5.90433024e-05 5.91958195e-05 5.93422880e-05 5.94831381e-05 5.96188131e-05 5.97497639e-05 5.98764437e-05 5.99993025e-05 6.01187815e-05 6.02353069e-05 6.03492843e-05 6.04610926e-05 6.05710788e-05 6.06795516e-05 6.07867766e-05 6.08929708e-05 6.09982979e-05 6.11028636e-05 6.12067119e-05 6.13098213e-05 6.14121019e-05 6.15133928e-05 6.16134607e-05 6.17119981e-05 6.18086235e-05 6.19028809e-05 6.19942413e-05 6.20821042e-05 6.21657996e-05 6.22445912e-05 6.23176804e-05 6.23842103e-05 6.24432706e-05 6.24939033e-05 6.25351090e-05 6.25658527e-05 6.25850715e-05 6.25916814e-05 6.25845849e-05 6.25626791e-05 6.25248629e-05 6.24700458e-05 6.23971549e-05 6.23051437e-05 6.21929989e-05 6.20597484e-05 6.19044681e-05 6.17262890e-05 6.15244034e-05 6.12980705e-05 6.10466223e-05 6.07694679e-05
4.15312502e-05 4.15390378e-05 4.15623882e-05 4.16012637e-05 4.16556015e-05 4.17253137e-05 4.18102873e-05 4.19103842e-05 4.20254414e-05 4.21552707e-05 4.22996588e-05 4.24583677e-05 4.26311345e-05 4.28176715e-05 4.30176663e-05 4.32307824e-05 4.34566586e-05 4.36949101e-05 4.39451284e-05 4.42068814e-05 4.44797144e-05 4.47631503e-05 4.50566901e-05 4.53598137e-05 4.56719806e-05 4.59926307e-05 4.63211854e-05 4.66570484e-05 4.69996072e-05 4.73482338e-05 4.77022869e-05 4.80611126e-05 4.84240467e-05 4.87904161e-05 4.91595408e-05 4.95307359e-05 4.99033137e-05 5.02765861e-05 5.06498669e-05 5.10224741e-05 5.13937329e-05 5.17629778e-05 5.21295559e-05 5.24928294e-05 5.28521782e-05 5.32070035e-05 5.35567298e-05 5.39008084e-05 5.42387199e-05 5.45699772e-05 5.48941279e-05 5.52107570e-05 5.55194893e-05 5.58199917e-05 5.61119751e-05 5.63951963e-05 5.66694594e-05 5.69346174e-05 5.71905727e-05 5.74372780e-05 5.76747366e-05 5.79030017e-05 5.81221765e-05 5.83324129e-05 5.85339099e-05 5.87269121e-05 5.89117069e-05 5.90886222e-05 5.92580229e-05 5.94203073e-05 5.95759028e-05 5.97252617e-05 5.98688563e-05 6.00071735e-05 6.01407094e-05 6.02699636e-05 6.03954330e-05 6.05176057e-05 6.06369548e-05 6.07539321e-05 6.08689617e-05 6.09824337e-05 6.10946982e-05 6.12060592e-05 6.13167695e-05 6.14270246e-05 6.15369586e-05 6.16466392e-05 6.17560642e-05 6.18651580e-05 6.19737687e-05 6.20816664e-05 6.21885417e-05 6.22940051e-05 6.23975871e-05 6.24987393e-05 6.25968356e-05 6.26911752e-05 6.27809855e-05 6.28654259e-05 6.29435929e-05 6.30145246e-05 6.30772074e-05 6.31305822e-05 6.31735510e-05 6.32049848e-05 6.32237314e-05 6.32286232e-05 6.32184856e-05 6.31921457e-05 6.31484405e-05 6.30862258e-05 6.30043842e-05 6.29018335e-05 6.27775351e-05 6.26305008e-05 6.24598009e-05 6.22645706e-05 6.20440164e-05 6.17974217e-05 6.15241522e-05
4.12769136e-05 4.12849882e-05 4.13091991e-05 4.13495076e-05 4.14058492e-05 4.14781335e-05 4.15662445e-05 4.16700403e-05 4.17893531e-05 4.19239895e-05 4.20737300e-05 4.22383297e-05 4.24175179e-05 4.26109984e-05 4.28184492e-05 4.30395233e-05 4.32738484e-05 4.35210271e-05 4.37806377e-05 4.40522339e-05 4.43353454e-05 4.46294787e-05 4.49341173e-05 4.52487224e-05 4.55727336e-05 4.59055702e-05 4.62466313e-05 4.65952975e-05 4.69509320e-05 4.73128815e-05 4.76804783e-05 4.80530410e-05 4.84298771e-05 4.88102841e-05 4.91935517e-05 4.95789642e-05 4.99658023e-05 5.03533457e-05 5.07408754e-05 5.11276767e-05 5.15130415e-05 5.18962712e-05 5.22766799e-05 5.26535969e-05 5.30263701e-05 5.33943691e-05 5.37569879e-05 5.41136482e-05 5.44638027e-05 5.48069374e-05 5.51425753e-05 5.54702787e-05 5.57896517e-05 5.61003432e-05 5.64020486e-05 5.66945122e-05 5.69775288e-05 5.72509449e-05 5.75146601e-05 5.77686279e-05 5.80128557e-05 5.82474049e-05 5.84723904e-05 5.86879797e-05 5.88943913e-05 5.90918927e-05 5.92807985e-05 5.94614668e-05 5.96342962e-05 5.97997220e-05 5.99582115e-05 6.01102597e-05 6.02563837e-05 6.03971176e-05 6.05330059e-05 6.06645981e-05 6.07924416e-05 6.09170757e-05 6.10390240e-05 6.11587886e-05 6.12768421e-05 6.13936221e-05 6.15095234e-05 6.16248924e-05 6.17400208e-05 6.18551394e-05 6.19704134e-05 6.20859370e-05 6.22017297e-05 6.23177320e-05 6.24338027e-05 6.25497167e-05 6.26651633e-05 6.27797455e-05 6.28929801e-05 6.30042984e-05 6.31130483e-05 6.32184965e-05 6.33198318e-05 6.34161699e-05 6.35065573e-05 6.35899779e-05 6.36653588e-05 6.37315771e-05 6.37874679e-05 6.38318319e-05 6.38634439e-05 6.38810612e-05 6.38834331e-05 6.38693094e-05 6.38374503e-05 6.37866345e-05 6.37156695e-05 6.36233992e-05 6.35087137e-05 6.33705564e-05 6.32079326e-05 6.30199166e-05 6.28056583e-05 6.25643895e-05 6.22954294e-05
4.10043717e-05 4.10127429e-05 4.10378433e-05 4.10796331e-05 4.11380461e-05 4.12129896e-05 4.13043443e-05 4.14119645e-05 4.15356779e-05 4.16752856e-05 4.18305620e-05 4.20012553e-05 4.21870870e-05 4.23877520e-05 4.26029189e-05 4.28322302e-05 4.30753019e-05 4.33317245e-05 4.36010623e-05 4.38828546e-05 4.41766155e-05 4.44818345e-05 4.47979773e-05 4.51244858e-05 4.54607796e-05 4.58062560e-05 4.61602918e-05 4.65222435e-05 4.68914492e-05 4.72672294e-05 4.76488889e-05 4.80357179e-05 4.84269941e-05 4.88219844e-05 4.92199473e-05 4.96201343e-05 5.00217932e-05 5.04241697e-05 5.08265106e-05 5.12280665e-05 5.16280941e-05 5.20258600e-05 5.24206430e-05 5.28117379e-05 5.31984584e-05 5.35801404e-05 5.39561452e-05 5.43258632e-05 5.46887166e-05 5.50441632e-05 5.53916991e-05 5.57308619e-05 5.60612337e-05 5.63824434e-05 5.66941697e-05 5.69961430e-05 5.72881472e-05 5.75700220e-05 5.78416633e-05 5.81030246e-05 5.83541175e-05 5.85950115e-05 5.88258335e-05 5.90467673e-05 5.92580515e-05 5.94599784e-05 5.96528904e-05 5.98371781e-05 6.00132760e-05 6.01816587e-05 6.03428361e-05 6.04973489e-05 6.06457623e-05 6.07886607e-05 6.09266412e-05 6.10603066e-05 6.11902593e-05 6.13170932e-05 6.14413871e-05 6.15636972e-05 6.16845493e-05 6.18044321e-05 6.19237896e-05 6.20430143e-05 6.21624404e-05 6.22823378e-05 6.24029057e-05 6.25242681e-05 6.26464684e-05 6.27694655e-05 6.28931309e-05 6.30172455e-05 6.31414982e-05 6.32654849e-05 6.33887085e-05 6.35105800e-05 6.36304197e-05 6.37474604e-05 6.38608506e-05 6.39696591e-05 6.40728802e-05 6.41694398e-05 6.42582019e-05 6.43379762e-05 6.44075261e-05 6.44655772e-05 6.45108263e-05 6.45419510e-05 6.45576188e-05 6.45564973e-05 6.45372639e-05 6.44986156e-05 6.44392788e-05 6.43580190e-05 6.42536495e-05 6.41250408e-05 6.39711288e-05 6.37909225e-05 6.35835114e-05 6.33480719e-05 6.30838737e-05
4.07129561e-05 4.07216338e-05 4.07476534e-05 4.07909741e-05 4.08515279e-05 4.09292199e-05 4.10239275e-05 4.11355012e-05 4.12637641e-05 4.14085119e-05 4.15695130e-05 4.17465085e-05 4.19392119e-05 4.21473097e-05 4.23704607e-05 4.26082967e-05 4.28604223e-05 4.31264150e-05 4.34058257e-05 4.36981787e-05 4.40029721e-05 4.43196784e-05 4.46477448e-05 4.49865937e-05 4.53356236e-05 4.56942101e-05 4.60617063e-05 4.64374442e-05 4.68207359e-05 4.72108747e-05 4.76071368e-05 4.80087829e-05 4.84150599e-05 4.88252029e-05 4.92384371e-05 4.96539804e-05 5.00710456e-05 5.04888431e-05 5.09065835e-05 5.13234807e-05 5.17387546e-05 5.21516345e-05 5.25613624e-05 5.29671961e-05 5.33684129e-05 5.37643128e-05 5.41542225e-05 5.45374985e-05 5.49135307e-05 5.52817461e-05 5.56416122e-05 5.59926398e-05 5.63343868e-05 5.66664608e-05 5.69885219e-05 5.73002850e-05 5.76015224e-05 5.78920652e-05 5.81718051e-05 5.84406951e-05 5.86987505e-05 5.89460488e-05 5.91827295e-05 5.94089929e-05 5.96250992e-05 5.98313657e-05 6.00281653e-05 6.02159223e-05 6.03951095e-05 6.05662433e-05 6.07298793e-05 6.08866066e-05 6.10370423e-05 6.11818249e-05 6.13216075e-05 6.14570510e-05 6.15888164e-05 6.17175571e-05 6.18439114e-05 6.19684941e-05 6.20918887e-05 6.22146398e-05 6.23372446e-05 6.24601460e-05 6.25837249e-05 6.27082939e-05 6.28340901e-05 6.29612700e-05 6.30899041e-05 6.32199723e-05 6.33513602e-05 6.34838566e-05 6.36171509e-05 6.37508326e-05 6.38843908e-05 6.40172151e-05 6.41485975e-05 6.42777353e-05 6.44037343e-05 6.45256142e-05 6.46423137e-05 6.47526970e-05 6.48555612e-05 6.49496440e-05 6.50336324e-05 6.51061721e-05 6.51658767e-05 6.52113380e-05 6.52411365e-05 6.52538517e-05 6.52480726e-05 6.52224086e-05 6.51754998e-05 6.51060269e-05 6.50127220e-05 6.48943771e-05 6.47498537e-05 6.45780912e-05 6.43781145e-05 6.41490411e-05 6.38900874e-05
4.04019760e-05 4.04109704e-05 4.04379398e-05 4.04828422e-05 4.05456082e-05 4.06261402e-05 4.07243127e-05 4.08399724e-05 4.09729376e-05 4.11229990e-05 4.12899186e-05 4.14734306e-05 4.16732408e-05 4.18890267e-05 4.21204375e-05 4.23670944e-05 4.26285901e-05 4.29044896e-05 4.31943296e-05 4.34976196e-05 4.38138413e-05 4.41424498e-05 4.44828735e-05 4.48345149e-05 4.51967511e-05 4.55689348e-05 4.59503953e-05 4.63404390e-05 4.67383513e-05 4.71433973e-05 4.75548237e-05 4.79718605e-05 4.83937225e-05 4.88196113e-05 4.92487180e-05 4.96802249e-05 5.01133084e-05 5.05471415e-05 5.09808969e-05 5.14137499e-05 5.18448814e-05 5.22734815e-05 5.26987529e-05 5.31199142e-05 5.35362040e-05 5.39468844e-05 5.43512445e-05 5.47486049e-05 5.51383209e-05 5.55197863e-05 5.58924376e-05 5.62557569e-05 5.66092757e-05 5.69525783e-05 5.72853042e-05 5.76071517e-05 5.79178796e-05 5.82173095e-05 5.85053276e-05 5.87818861e-05 5.90470033e-05 5.93007649e-05 5.95433227e-05 5.97748945e-05 5.99957626e-05 6.02062712e-05 6.04068245e-05 6.05978832e-05 6.07799602e-05 6.09536167e-05 6.11194568e-05 6.12781217e-05 6.14302837e-05 6.15766394e-05 6.17179024e-05 6.18547957e-05 6.19880436e-05 6.21183640e-05 6.22464592e-05 6.23730076e-05 6.24986555e-05 6.26240079e-05 6.27496201e-05 6.28759901e-05 6.30035500e-05 6.31326589e-05 6.32635959e-05 6.33965535e-05 6.35316324e-05 6.36688359e-05 6.38080664e-05 6.39491219e-05 6.40916938e-05 6.42353654e-05 6.43796122e-05 6.45238021e-05 6.46671975e-05 6.48089584e-05 6.49481459e-05 6.50837276e-05 6.52145833e-05 6.53395118e-05 6.54572388e-05 6.55664255e-05 6.56656774e-05 6.57535546e-05 6.58285819e-05 6.58892597e-05 6.59340753e-05 6.59615139e-05 6.59700699e-05 6.59582590e-05 6.59246286e-05 6.58677693e-05 6.57863256e-05 6.56790059e-05 6.55445921e-05 6.53819491e-05 6.51900326e-05 6.49678971e-05 6.47147024e-05
4.00707180e-05 4.00800395e-05 4.01079898e-05 4.01545261e-05 4.02195772e-05 4.03030432e-05 4.04047955e-05 4.05246769e-05 4.06625015e-05 4.08180544e-05 4.09910916e-05 4.11813403e-05 4.13884985e-05 4.16122350e-05 4.18521894e-05 4.21079719e-05 4.23791636e-05 4.26653164e-05 4.29659534e-05 4.32805684e-05 4.36086270e-05 4.39495664e-05 4.43027958e-05 4.46676972e-05 4.50436262e-05 4.54299119e-05 4.58258590e-05 4.62307477e-05 4.66438356e-05 4.70643590e-05 4.74915339e-05 4.79245583e-05 4.83626136e-05 4.88048669e-05 4.92504733e-05 4.96985779e-05 5.01483191e-05 5.05988307e-05 5.10492454e-05 5.14986977e-05 5.19463276e-05 5.23912836e-05 5.28327267e-05 5.32698341e-05 5.37018032e-05 5.41278553e-05 5.45472401e-05 5.49592392e-05 5.53631707e-05 5.57583932e-05 5.61443093e-05 5.65203702e-05 5.68860789e-05 5.72409939e-05 5.75847327e-05 5.79169745e-05 5.82374633e-05 5.85460099e-05 5.88424941e-05 5.91268659e-05 5.93991467e-05 5.96594297e-05 5.99078795e-05 6.01447319e-05 6.03702919e-05 6.05849321e-05 6.07890898e-05 6.09832636e-05 6.11680095e-05 6.13439362e-05 6.15116993e-05 6.16719958e-05 6.18255571e-05 6.19731421e-05 6.21155292e-05 6.22535084e-05 6.23878724e-05 6.25194083e-05 6.26488877e-05 6.27770584e-05 6.29046340e-05 6.30322855e-05 6.31606318e-05 6.32902305e-05 6.34215698e-05 6.35550600e-05 6.36910262e-05 6.38297009e-05 6.39712183e-05 6.41156081e-05 6.42627920e-05 6.44125790e-05 6.45646637e-05 6.47186244e-05 6.48739226e-05 6.50299041e-05 6.51858008e-05 6.53407334e-05 6.54937160e-05 6.56436611e-05 6.57893860e-05 6.59296200e-05 6.60630131e-05 6.61881445e-05 6.63035329e-05 6.64076472e-05 6.64989171e-05 6.65757454e-05 6.66365195e-05 6.66796236e-05 6.67034513e-05 6.67064175e-05 6.66869707e-05 6.66436048e-05 6.65748707e-05 6.64793871e-05 6.63558508e-05 6.62030470e-05 6.60198576e-05 6.58052695e-05 6.55583821e-05
3.97184448e-05 3.97281041e-05 3.97570674e-05 3.98052910e-05 3.98727020e-05 3.99591981e-05 4.00646479e-05 4.01888904e-05 4.03317351e-05 4.04929619e-05 4.06723209e-05 4.08695323e-05 4.10842864e-05 4.13162431e-05 4.15650325e-05 4.18302539e-05 4.21114769e-05 4.24082402e-05 4.27200527e-05 4.30463930e-05 4.33867099e-05 4.37404226e-05 4.41069209e-05 4.44855661e-05 4.48756912e-05 4.52766016e-05 4.56875766e-05 4.61078695e-05 4.65367095e-05 4.69733026e-05 4.74168333e-05 4.78664665e-05 4.83213489e-05 4.87806115e-05 4.92433718e-05 4.97087363e-05 5.01758033e-05 5.06436656e-05 5.11114138e-05 5.15781397e-05 5.20429398e-05 5.25049186e-05 5.29631931e-05 5.34168965e-05 5.38651822e-05 5.43072284e-05 5.47422422e-05 5.51694639e-05 5.55881716e-05 5.59976857e-05 5.63973727e-05 5.67866500e-05 5.71649896e-05 5.75319222e-05 5.78870407e-05 5.82300037e-05 5.85605383e-05 5.88784430e-05 5.91835898e-05 5.94759259e-05 5.97554749e-05 6.00223372e-05 6.02766906e-05 6.05187888e-05 6.07489609e-05 6.09676088e-05 6.11752047e-05 6.13722875e-05 6.15594586e-05 6.17373771e-05 6.19067537e-05 6.20683448e-05 6.22229451e-05 6.23713802e-05 6.25144983e-05 6.26531611e-05 6.27882353e-05 6.29205825e-05 6.30510496e-05 6.31804588e-05 6.33095973e-05 6.34392078e-05 6.35699778e-05 6.37025305e-05 6.38374151e-05 6.39750984e-05 6.41159557e-05 6.42602639e-05 6.44081942e-05 6.45598065e-05 6.47150437e-05 6.48737287e-05 6.50355603e-05 6.52001126e-05 6.53668338e-05 6.55350467e-05 6.57039515e-05 6.58726280e-05 6.60400406e-05 6.62050435e-05 6.63663878e-05 6.65227291e-05 6.66726364e-05 6.68146018e-05 6.69470513e-05 6.70683561e-05 6.71768446e-05 6.72708149e-05 6.73485476e-05 6.74083190e-05 6.74484143e-05 6.74671409e-05 6.74628411e-05 6.74339054e-05 6.73787843e-05 6.72960005e-05 6.71841600e-05 6.70419623e-05 6.68682105e-05 6.66618194e-05 6.64218239e-05
3.93443954e-05 3.93544034e-05 3.93844125e-05 3.94343780e-05 3.95042253e-05 3.95938501e-05 3.97031178e-05 3.98318638e-05 3.99798933e-05 4.01469810e-05 4.03328711e-05 4.05372769e-05 4.07598810e-05 4.10003348e-05 4.12582586e-05 4.15332411e-05 4.18248399e-05 4.21325810e-05 4.24559589e-05 4.27944368e-05 4.31474466e-05 4.35143893e-05 4.38946349e-05 4.42875236e-05 4.46923654e-05 4.51084417e-05 4.55350055e-05 4.59712825e-05 4.64164725e-05 4.68697505e-05 4.73302685e-05 4.77971567e-05 4.82695261e-05 4.87464700e-05 4.92270668e-05 4.97103826e-05 5.01954736e-05 5.06813897e-05 5.11671773e-05 5.16518831e-05 5.21345576e-05 5.26142592e-05 5.30900580e-05 5.35610403e-05 5.40263132e-05 5.44850085e-05 5.49362880e-05 5.53793477e-05 5.58134229e-05 5.62377927e-05 5.66517847e-05 5.70547799e-05 5.74462165e-05 5.78255948e-05 5.81924807e-05 5.85465099e-05 5.88873908e-05 5.92149080e-05 5.95289240e-05 5.98293822e-05 6.01163074e-05 6.03898072e-05 6.06500721e-05 6.08973747e-05 6.11320686e-05 6.13545865e-05 6.15654371e-05 6.17652018e-05 6.19545302e-05 6.21341347e-05 6.23047848e-05 6.24673003e-05 6.26225436e-05 6.27714118e-05 6.29148277e-05 6.30537308e-05 6.31890668e-05 6.33217781e-05 6.34527926e-05 6.35830134e-05 6.37133074e-05 6.38444948e-05 6.39773383e-05 6.41125322e-05 6.42506927e-05 6.43923480e-05 6.45379291e-05 6.46877615e-05 6.48420580e-05 6.50009116e-05 6.51642902e-05 6.53320320e-05 6.55038426e-05 6.56792925e-05 6.58578165e-05 6.60387146e-05 6.62211537e-05 6.64041708e-05 6.65866780e-05 6.67674680e-05 6.69452214e-05 6.71185155e-05 6.72858330e-05 6.74455732e-05 6.75960630e-05 6.77355694e-05 6.78623123e-05 6.79744777e-05 6.80702320e-05 6.81477359e-05 6.82051585e-05 6.82406919e-05 6.82525649e-05 6.82390569e-05 6.81985111e-05 6.81293474e-05 6.80300743e-05 6.78993001e-05 6.77357431e-05 6.75382414e-05 6.73057606e-05
3.89477841e-05 3.89581519e-05 3.89892402e-05 3.90410034e-05 3.91133653e-05 3.92062193e-05 3.93194281e-05 3.94528235e-05 3.96062063e-05 3.97793463e-05 3.99719818e-05 4.01838194e-05 4.04145341e-05 4.06637688e-05 4.09311342e-05 4.12162085e-05 4.15185373e-05 4.18376339e-05 4.21729783e-05 4.25240184e-05 4.28901689e-05 4.32708124e-05 4.36652991e-05 4.40729475e-05 4.44930444e-05 4.49248463e-05 4.53675796e-05 4.58204417e-05 4.62826022e-05 4.67532041e-05 4.72313654e-05 4.77161811e-05 4.82067245e-05 4.87020501e-05 4.92011954e-05 4.97031842e-05 5.02070289e-05 5.07117342e-05 5.12163002e-05 5.17197259e-05 5.22210135e-05 5.27191724e-05 5.32132233e-05 5.37022028e-05 5.41851683e-05 5.46612025e-05 5.51294187e-05 5.55889655e-05 5.60390321e-05 5.64788535e-05 5.69077151e-05 5.73249583e-05 5.77299848e-05 5.81222615e-05 5.85013250e-05 5.88667855e-05 5.92183305e-05 5.95557285e-05 5.98788314e-05 6.01875771e-05 6.04819909e-05 6.07621871e-05 6.10283685e-05 6.12808271e-05 6.15199418e-05 6.17461773e-05 6.19600807e-05 6.21622782e-05 6.23534701e-05 6.25344258e-05 6.27059771e-05 6.28690113e-05 6.30244633e-05 6.31733068e-05 6.33165449e-05 6.34552002e-05 6.35903039e-05 6.37228853e-05 6.38539601e-05 6.39845185e-05 6.41155141e-05 6.42478513e-05 6.43823744e-05 6.45198553e-05 6.46609832e-05 6.48063538e-05 6.49564590e-05 6.51116784e-05 6.52722703e-05 6.54383652e-05 6.56099588e-05 6.57869080e-05 6.59689263e-05 6.61555821e-05 6.63462974e-05 6.65403485e-05 6.67368681e-05 6.69348484e-05 6.71331462e-05 6.73304890e-05 6.75254831e-05 6.77166219e-05 6.79022967e-05 6.80808074e-05 6.82503753e-05 6.84091559e-05 6.85552527e-05 6.86867321e-05 6.88016382e-05 6.88980075e-05 6.89738852e-05 6.90273395e-05 6.90564776e-05 6.90594599e-05 6.90345148e-05 6.89799518e-05 6.88941751e-05 6.87756953e-05 6.86231403e-05 6.84352658e-05 6.82109637e-05
3.85278001e-05 3.85385392e-05 3.85707409e-05 3.86243587e-05 3.86993150e-05 3.87955010e-05 3.89127767e-05 3.90509704e-05 3.92098788e-05 3.93892667e-05 3.95888668e-05 3.98083792e-05 4.00474714e-05 4.03057778e-05 4.05828998e-05 4.08784051e-05 4.11918276e-05 4.15226676e-05 4.18703911e-05 4.22344301e-05 4.26141825e-05 4.30090122e-05 4.34182492e-05 4.38411901e-05 4.42770984e-05 4.47252049e-05 4.51847090e-05 4.56547789e-05 4.61345532e-05 4.66231420e-05 4.71196286e-05 4.76230709e-05 4.81325037e-05 4.86469406e-05 4.91653770e-05 4.96867923e-05 5.02101532e-05 5.07344169e-05 5.12585348e-05 5.17814559e-05 5.23021315e-05 5.28195190e-05 5.33325868e-05 5.38403187e-05 5.43417195e-05 5.48358193e-05 5.53216797e-05 5.57983985e-05 5.62651156e-05 5.67210181e-05 5.71653463e-05 5.75973985e-05 5.80165367e-05 5.84221915e-05 5.88138671e-05 5.91911456e-05 5.95536913e-05 5.99012543e-05 6.02336740e-05 6.05508815e-05 6.08529014e-05 6.11398538e-05 6.14119541e-05 6.16695133e-05 6.19129369e-05 6.21427226e-05 6.23594578e-05 6.25638156e-05 6.27565503e-05 6.29384912e-05 6.31105367e-05 6.32736461e-05 6.34288317e-05 6.35771492e-05 6.37196877e-05 6.38575592e-05 6.39918870e-05 6.41237943e-05 6.42543911e-05 6.43847625e-05 6.45159555e-05 6.46489662e-05 6.47847273e-05 6.49240956e-05 6.50678401e-05 6.52166299e-05 6.53710243e-05 6.55314619e-05 6.56982521e-05 6.58715667e-05 6.60514333e-05 6.62377299e-05 6.64301805e-05 6.66283525e-05 6.68316556e-05 6.70393422e-05 6.72505092e-05 6.74641021e-05 6.76789193e-05 6.78936197e-05 6.81067301e-05 6.83166552e-05 6.85216884e-05 6.87200239e-05 6.89097699e-05 6.90889625e-05 6.92555812e-05 6.94075640e-05 6.95428237e-05 6.96592642e-05 6.97547973e-05 6.98273590e-05 6.98749258e-05 6.98955307e-05 6.98872788e-05 6.98483616e-05 6.97770716e-05 6.96718145e-05 6.95311217e-05 6.93536607e-05 6.91382448e-05
3.80836070e-05 3.80947289e-05 3.81280788e-05 3.81836093e-05 3.82612415e-05 3.83608644e-05 3.84823353e-05 3.86254793e-05 3.87900891e-05 3.89759249e-05 3.91827136e-05 3.94101492e-05 3.96578918e-05 3.99255678e-05 4.02127691e-05 4.05190531e-05 4.08439422e-05 4.11869240e-05 4.15474502e-05 4.19249373e-05 4.23187661e-05 4.27282818e-05 4.31527941e-05 4.35915775e-05 4.40438714e-05 4.45088811e-05 4.49857780e-05 4.54737006e-05 4.59717558e-05 4.64790197e-05 4.69945397e-05 4.75173356e-05 4.80464020e-05 4.85807107e-05 4.91192125e-05 4.96608409e-05 5.02045146e-05 5.07491412e-05 5.12936209e-05 5.18368503e-05 5.23777266e-05 5.29151526e-05 5.34480410e-05 5.39753200e-05 5.44959380e-05 5.50088694e-05 5.55131204e-05 5.60077344e-05 5.64917983e-05 5.69644479e-05 5.74248744e-05 5.78723297e-05 5.83061327e-05 5.87256742e-05 5.91304229e-05 5.95199299e-05 5.98938333e-05 6.02518629e-05 6.05938431e-05 6.09196966e-05 6.12294461e-05 6.15232165e-05 6.18012355e-05 6.20638335e-05 6.23114428e-05 6.25445956e-05 6.27639213e-05 6.29701425e-05 6.31640702e-05 6.33465976e-05 6.35186936e-05 6.36813942e-05 6.38357944e-05 6.39830376e-05 6.41243054e-05 6.42608057e-05 6.43937610e-05 6.45243953e-05 6.46539210e-05 6.47835256e-05 6.49143572e-05 6.50475115e-05 6.51840175e-05 6.53248243e-05 6.54707877e-05 6.56226578e-05 6.57810673e-05 6.59465201e-05 6.61193819e-05 6.62998708e-05 6.64880501e-05 6.66838224e-05 6.68869243e-05 6.70969240e-05 6.73132192e-05 6.75350382e-05 6.77614411e-05 6.79913240e-05 6.82234244e-05 6.84563278e-05 6.86884772e-05 6.89181827e-05 6.91436333e-05 6.93629102e-05 6.95740007e-05 6.97748136e-05 6.99631950e-05 7.01369455e-05 7.02938375e-05 7.04316326e-05 7.05480996e-05 7.06410325e-05 7.07082678e-05 7.07477020e-05 7.07573079e-05 7.07351506e-05 7.06794027e-05 7.05883580e-05 7.04604444e-05 7.02942351e-05 7.00884595e-05
3.76143424e-05 3.76258589e-05 3.76603924e-05 3.77178948e-05 3.77982856e-05 3.79014522e-05 3.80272491e-05 3.81754985e-05 3.83459891e-05 3.85384766e-05 3.87526827e-05 3.89882952e-05 3.92449673e-05 3.95223172e-05 3.98199279e-05 4.01373468e-05 4.04740849e-05 4.08296169e-05 4.12033808e-05 4.15947774e-05 4.20031705e-05 4.24278867e-05 4.28682151e-05 4.33234079e-05 4.37926804e-05 4.42752115e-05 4.47701444e-05 4.52765874e-05 4.57936145e-05 4.63202674e-05 4.68555560e-05 4.73984612e-05 4.79479359e-05 4.85029081e-05 4.90622827e-05 4.96249451e-05 5.01897641e-05 5.07555952e-05 5.13212848e-05 5.18856741e-05 5.24476038e-05 5.30059188e-05 5.35594730e-05 5.41071351e-05 5.46477940e-05 5.51803647e-05 5.57037939e-05 5.62170671e-05 5.67192140e-05 5.72093154e-05 5.76865094e-05 5.81499978e-05 5.85990522e-05 5.90330205e-05 5.94513320e-05 5.98535036e-05 6.02391446e-05 6.06079613e-05 6.09597611e-05 6.12944561e-05 6.16120657e-05 6.19127187e-05 6.21966543e-05 6.24642225e-05 6.27158829e-05 6.29522035e-05 6.31738575e-05 6.33816195e-05 6.35763602e-05 6.37590405e-05 6.39307039e-05 6.40924687e-05 6.42455177e-05 6.43910883e-05 6.45304611e-05 6.46649473e-05 6.47958758e-05 6.49245797e-05 6.50523817e-05 6.51805798e-05 6.53104321e-05 6.54431421e-05 6.55798436e-05 6.57215860e-05 6.58693200e-05 6.60238843e-05 6.61859919e-05 6.63562189e-05 6.65349930e-05 6.67225840e-05 6.69190953e-05 6.71244576e-05 6.73384230e-05 6.75605619e-05 6.77902612e-05 6.80267245e-05 6.82689739e-05 6.85158539e-05 6.87660374e-05 6.90180329e-05 6.92701937e-05 6.95207294e-05 6.97677177e-05 7.00091192e-05 7.02427918e-05 7.04665077e-05 7.06779707e-05 7.08748339e-05 7.10547191e-05 7.12152352e-05 7.13539979e-05 7.14686487e-05 7.15568741e-05 7.16164239e-05 7.16451292e-05 7.16409197e-05 7.16018395e-05 7.15260623e-05 7.14119053e-05 7.12578411e-05 7.10625091e-05
3.71191169e-05 3.71310401e-05 3.71667934e-05 3.72263277e-05 3.73095616e-05 3.74163804e-05 3.75466366e-05 3.77001491e-05 3.78767032e-05 3.80760502e-05 3.82979069e-05 3.85419552e-05 3.88078414e-05 3.90951763e-05 3.94035341e-05 3.97324521e-05 4.00814304e-05 4.04499313e-05 4.08373789e-05 4.12431587e-05 4.16666176e-05 4.21070632e-05 4.25637644e-05 4.30359508e-05 4.35228133e-05 4.40235043e-05 4.45371382e-05 4.50627922e-05 4.55995072e-05 4.61462890e-05 4.67021096e-05 4.72659092e-05 4.78365979e-05 4.84130582e-05 4.89941473e-05 4.95787006e-05 5.01655345e-05 5.07534501e-05 5.13412374e-05 5.19276795e-05 5.25115574e-05 5.30916546e-05 5.36667631e-05 5.42356886e-05 5.47972564e-05 5.53503180e-05 5.58937573e-05 5.64264970e-05 5.69475059e-05 5.74558053e-05 5.79504762e-05 5.84306658e-05 5.88955948e-05 5.93445636e-05 5.97769589e-05 6.01922596e-05 6.05900427e-05 6.09699881e-05 6.13318835e-05 6.16756285e-05 6.20012371e-05 6.23088408e-05 6.25986897e-05 6.28711530e-05 6.31267186e-05 6.33659910e-05 6.35896893e-05 6.37986422e-05 6.39937838e-05 6.41761463e-05 6.43468527e-05 6.45071084e-05 6.46581903e-05 6.48014362e-05 6.49382329e-05 6.50700023e-05 6.51981882e-05 6.53242408e-05 6.54496021e-05 6.55756896e-05 6.57038805e-05 6.58354952e-05 6.59717814e-05 6.61138977e-05 6.62628986e-05 6.64197191e-05 6.65851610e-05 6.67598793e-05 6.69443703e-05 6.71389613e-05 6.73438009e-05 6.75588515e-05 6.77838840e-05 6.80184730e-05 6.82619954e-05 6.85136299e-05 6.87723593e-05 6.90369742e-05 6.93060795e-05 6.95781016e-05 6.98512992e-05 7.01237743e-05 7.03934863e-05 7.06582664e-05 7.09158344e-05 7.11638163e-05 7.13997632e-05 7.16211702e-05 7.18254974e-05 7.20101901e-05 7.21726996e-05 7.23105039e-05 7.24211282e-05 7.25021653e-05 7.25512942e-05 7.25662992e-05 7.25450868e-05 7.24857022e-05 7.23863440e-05 7.22453771e-05 7.20613450e-05
3.65970146e-05 3.66093566e-05 3.66463662e-05 3.67079937e-05 3.67941562e-05 3.69047378e-05 3.70395884e-05 3.71985244e-05 3.73813279e-05 3.75877459e-05 3.78174906e-05 3.80702384e-05 3.83456292e-05 3.86432665e-05 3.89627159e-05 3.93035054e-05 3.96651242e-05 4.00470225e-05 4.04486109e-05 4.08692596e-05 4.13082988e-05 4.17650175e-05 4.22386641e-05 4.27284457e-05 4.32335285e-05 4.37530381e-05 4.42860598e-05 4.48316392e-05 4.53887831e-05 4.59564609e-05 4.65336054e-05 4.71191151e-05 4.77118556e-05 4.83106625e-05 4.89143434e-05 4.95216815e-05 5.01314387e-05 5.07423592e-05 5.13531739e-05 5.19626046e-05 5.25693694e-05 5.31721875e-05 5.37697847e-05 5.43609001e-05 5.49442916e-05 5.55187430e-05 5.60830707e-05 5.66361307e-05 5.71768262e-05 5.77041144e-05 5.82170146e-05 5.87146151e-05 5.91960809e-05 5.96606609e-05 6.01076948e-05 6.05366196e-05 6.09469764e-05 6.13384154e-05 6.17107017e-05 6.20637194e-05 6.23974756e-05 6.27121029e-05 6.30078611e-05 6.32851387e-05 6.35444518e-05 6.37864430e-05 6.40118786e-05 6.42216445e-05 6.44167409e-05 6.45982758e-05 6.47674565e-05 6.49255807e-05 6.50740261e-05 6.52142378e-05 6.53477161e-05 6.54760021e-05 6.56006626e-05 6.57232747e-05 6.58454088e-05 6.59686118e-05 6.60943895e-05 6.62241894e-05 6.63593828e-05 6.65012474e-05 6.66509507e-05 6.68095333e-05 6.69778938e-05 6.71567742e-05 6.73467470e-05 6.75482027e-05 6.77613406e-05 6.79861598e-05 6.82224528e-05 6.84698008e-05 6.87275717e-05 6.89949195e-05 6.92707862e-05 6.95539061e-05 6.98428121e-05 7.01358441e-05 7.04311598e-05 7.07267469e-05 7.10204382e-05 7.13099267e-05 7.15927846e-05 7.18664810e-05 7.21284033e-05 7.23758773e-05 7.26061897e-05 7.28166100e-05 7.30044130e-05 7.31669013e-05 7.33014272e-05 7.34054146e-05 7.34763795e-05 7.35119502e-05 7.35098858e-05 7.34680937e-05 7.33846455e-05 7.32577909e-05 7.30859710e-05
3.60470917e-05 3.60598649e-05 3.60981679e-05 3.61619504e-05 3.62511286e-05 3.63655848e-05 3.65051673e-05 3.66696898e-05 3.68589312e-05 3.70726353e-05 3.73105095e-05 3.75722251e-05 3.78574162e-05 3.81656792e-05 3.84965718e-05 3.88496128e-05 3.92242810e-05 3.96200150e-05 4.00362118e-05 4.04722272e-05 4.09273746e-05 4.14009246e-05 4.18921050e-05 4.24001007e-05 4.29240530e-05 4.34630605e-05 4.40161790e-05 4.45824220e-05 4.51607618e-05 4.57501301e-05 4.63494199e-05 4.69574865e-05 4.75731499e-05 4.81951968e-05 4.88223837e-05 4.94534393e-05 5.00870687e-05 5.07219565e-05 5.13567717e-05 5.19901720e-05 5.26208090e-05 5.32473337e-05 5.38684026e-05 5.44826837e-05 5.50888632e-05 5.56856531e-05 5.62717975e-05 5.68460811e-05 5.74073363e-05 5.79544518e-05 5.84863800e-05 5.90021455e-05 5.95008528e-05 5.99816944e-05 6.04439585e-05 6.08870360e-05 6.13104279e-05 6.17137510e-05 6.20967445e-05 6.24592744e-05 6.28013381e-05 6.31230675e-05 6.34247315e-05 6.37067369e-05 6.39696285e-05 6.42140878e-05 6.44409302e-05 6.46511013e-05 6.48456711e-05 6.50258271e-05 6.51928662e-05 6.53481846e-05 6.54932668e-05 6.56296730e-05 6.57590252e-05 6.58829920e-05 6.60032731e-05 6.61215817e-05 6.62396270e-05 6.63590956e-05 6.64816331e-05 6.66088243e-05 6.67421751e-05 6.68830926e-05 6.70328675e-05 6.71926561e-05 6.73634630e-05 6.75461259e-05 6.77413007e-05 6.79494490e-05 6.81708264e-05 6.84054733e-05 6.86532079e-05 6.89136206e-05 6.91860716e-05 6.94696899e-05 6.97633757e-05 7.00658042e-05 7.03754326e-05 7.06905090e-05 7.10090837e-05 7.13290227e-05 7.16480233e-05 7.19636312e-05 7.22732598e-05 7.25742109e-05 7.28636957e-05 7.31388587e-05 7.33968004e-05 7.36346015e-05 7.38493475e-05 7.40381523e-05 7.41981827e-05 7.43266814e-05 7.44209893e-05 7.44785674e-05 7.44970166e-05 7.44740968e-05 7.44077435e-05 7.42960833e-05 7.41374476e-05
3.54683768e-05 3.54815938e-05 3.55212277e-05 3.55872280e-05 3.56795098e-05 3.57979541e-05 3.59424075e-05 3.61126816e-05 3.63085525e-05 3.65297606e-05 3.67760095e-05 3.70469658e-05 3.73422579e-05 3.76614756e-05 3.80041694e-05 3.83698493e-05 3.87579843e-05 3.91680014e-05 3.95992851e-05 4.00511766e-05 4.05229728e-05 4.10139266e-05 4.15232453e-05 4.20500913e-05 4.25935814e-05 4.31527868e-05 4.37267335e-05 4.43144027e-05 4.49147313e-05 4.55266130e-05 4.61488994e-05 4.67804019e-05 4.74198932e-05 4.80661100e-05 4.87177550e-05 4.93735010e-05 5.00319934e-05 5.06918550e-05 5.13516896e-05 5.20100875e-05 5.26656306e-05 5.33168980e-05 5.39624724e-05 5.46009469e-05 5.52309316e-05 5.58510614e-05 5.64600038e-05 5.70564668e-05 5.76392072e-05 5.82070395e-05 5.87588441e-05 5.92935765e-05 5.98102756e-05 6.03080723e-05 6.07861983e-05 6.12439937e-05 6.16809147e-05 6.20965408e-05 6.24905814e-05 6.28628812e-05 6.32134254e-05 6.35423431e-05 6.38499106e-05 6.41365524e-05 6.44028422e-05 6.46495010e-05 6.48773954e-05 6.50875330e-05 6.52810570e-05 6.54592392e-05 6.56234710e-05 6.57752535e-05 6.59161850e-05 6.60479485e-05 6.61722964e-05 6.62910344e-05 6.64060046e-05 6.65190672e-05 6.66320810e-05 6.67468838e-05 6.68652720e-05 6.69889800e-05 6.71196593e-05 6.72588584e-05 6.74080022e-05 6.75683729e-05 6.77410918e-05 6.79271015e-05 6.81271503e-05 6.83417780e-05 6.85713031e-05 6.88158133e-05 6.90751562e-05 6.93489346e-05 6.96365023e-05 6.99369637e-05 7.02491757e-05 7.05717517e-05 7.09030692e-05 7.12412787e-05 7.15843166e-05 7.19299190e-05 7.22756384e-05 7.26188629e-05 7.29568361e-05 7.32866797e-05 7.36054169e-05 7.39099967e-05 7.41973200e-05 7.44642648e-05 7.47077131e-05 7.49245763e-05 7.51118217e-05 7.52664975e-05 7.53857567e-05 7.54668807e-05 7.55073008e-05 7.55046185e-05 7.54566238e-05 7.53613116e-05 7.52168961e-05
3.48598703e-05 3.48735436e-05 3.49145465e-05 3.49828279e-05 3.50783022e-05 3.52008493e-05 3.53503144e-05 3.55265072e-05 3.57292015e-05 3.59581346e-05 3.62130068e-05 3.64934803e-05 3.67991787e-05 3.71296858e-05 3.74845449e-05 3.78632582e-05 3.82652851e-05 3.86900420e-05 3.91369010e-05 3.96051893e-05 4.00941881e-05 4.06031322e-05 4.11312092e-05 4.16775592e-05 4.22412741e-05 4.28213982e-05 4.34169273e-05 4.40268097e-05 4.46499467e-05 4.52851930e-05 4.59313584e-05 4.65872087e-05 4.72514683e-05 4.79228217e-05 4.85999168e-05 4.92813675e-05 4.99657576e-05 5.06516449e-05 5.13375654e-05 5.20220385e-05 5.27035727e-05 5.33806713e-05 5.40518392e-05 5.47155897e-05 5.53704522e-05 5.60149799e-05 5.66477579e-05 5.72674123e-05 5.78726188e-05 5.84621121e-05 5.90346950e-05 5.95892479e-05 6.01247384e-05 6.06402304e-05 6.11348935e-05 6.16080117e-05 6.20589916e-05 6.24873708e-05 6.28928248e-05 6.32751733e-05 6.36343860e-05 6.39705870e-05 6.42840581e-05 6.45752409e-05 6.48447374e-05 6.50933093e-05 6.53218755e-05 6.55315086e-05 6.57234284e-05 6.58989956e-05 6.60597017e-05 6.62071588e-05 6.63430871e-05 6.64693002e-05 6.65876903e-05 6.67002101e-05 6.68088551e-05 6.69156434e-05 6.70225954e-05 6.71317123e-05 6.72449538e-05 6.73642163e-05 6.74913099e-05 6.76279364e-05 6.77756673e-05 6.79359227e-05 6.81099511e-05 6.82988106e-05 6.85033513e-05 6.87241995e-05 6.89617444e-05 6.92161263e-05 6.94872276e-05 6.97746661e-05 7.00777915e-05 7.03956837e-05 7.07271550e-05 7.10707543e-05 7.14247747e-05 7.17872639e-05 7.21560365e-05 7.25286900e-05 7.29026227e-05 7.32750534e-05 7.36430441e-05 7.40035234e-05 7.43533121e-05 7.46891502e-05 7.50077235e-05 7.53056925e-05 7.55797203e-05 7.58265010e-05 7.60427874e-05 7.62254187e-05 7.63713461e-05 7.64776582e-05 7.65416043e-05 7.65606163e-05 7.65323282e-05 7.64545937e-05 7.63255021e-05
3.42205440e-05 3.42346865e-05 3.42770967e-05 3.43477230e-05 3.44464795e-05 3.45732453e-05 3.47278642e-05 3.49101444e-05 3.51198579e-05 3.53567396e-05 3.56204867e-05 3.59107578e-05 3.62271720e-05 3.65693077e-05 3.69367021e-05 3.73288497e-05 3.77452014e-05 3.81851633e-05 3.86480959e-05 3.91333128e-05 3.96400801e-05 4.01676150e-05 4.07150858e-05 4.12816103e-05 4.18662563e-05 4.24680404e-05 4.30859287e-05 4.37188364e-05 4.43656283e-05 4.50251198e-05 4.56960776e-05 4.63772215e-05 4.70672256e-05 4.77647211e-05 4.84682987e-05 4.91765117e-05 4.98878795e-05 5.06008923e-05 5.13140149e-05 5.20256926e-05 5.27343565e-05 5.34384301e-05 5.41363361e-05 5.48265034e-05 5.55073753e-05 5.61774181e-05 5.68351293e-05 5.74790471e-05 5.81077603e-05 5.87199175e-05 5.93142377e-05 5.98895202e-05 6.04446551e-05 6.09786331e-05 6.14905558e-05 6.19796452e-05 6.24452532e-05 6.28868701e-05 6.33041328e-05 6.36968322e-05 6.40649189e-05 6.44085091e-05 6.47278881e-05 6.50235131e-05 6.52960143e-05 6.55461944e-05 6.57750265e-05 6.59836504e-05 6.61733665e-05 6.63456286e-05 6.65020345e-05 6.66443141e-05 6.67743170e-05 6.68939968e-05 6.70053948e-05 6.71106218e-05 6.72118377e-05 6.73112310e-05 6.74109964e-05 6.75133114e-05 6.76203129e-05 6.77340726e-05 6.78565730e-05 6.79896827e-05 6.81351330e-05 6.82944946e-05 6.84691555e-05 6.86603004e-05 6.88688914e-05 6.90956511e-05 6.93410468e-05 6.96052786e-05 6.98882685e-05 7.01896536e-05 7.05087810e-05 7.08447067e-05 7.11961973e-05 7.15617341e-05 7.19395215e-05 7.23274976e-05 7.27233478e-05 7.31245219e-05 7.35282527e-05 7.39315782e-05 7.43313654e-05 7.47243358e-05 7.51070933e-05 7.54761526e-05 7.58279691e-05 7.61589689e-05 7.64655803e-05 7.67442632e-05 7.69915404e-05 7.72040262e-05 7.73784551e-05 7.75117087e-05 7.76008410e-05 7.76431018e-05 7.76359580e-05 7.75771127e-05 7.74645211e-05
3.35493413e-05 3.35639657e-05 3.36078216e-05 3.36808573e-05 3.37829864e-05 3.39140873e-05 3.40740032e-05 3.42625411e-05 3.44794715e-05 3.47245274e-05 3.49974036e-05 3.52977556e-05 3.56251988e-05 3.59793070e-05 3.63596117e-05 3.67656008e-05 3.71967170e-05 3.76523573e-05 3.81318709e-05 3.86345589e-05 3.91596726e-05 3.97064124e-05 4.02739274e-05 4.08613141e-05 4.14676159e-05 4.20918223e-05 4.27328694e-05 4.33896391e-05 4.40609597e-05 4.47456064e-05 4.54423024e-05 4.61497198e-05 4.68664818e-05 4.75911643e-05 4.83222991e-05 4.90583764e-05 4.97978492e-05 5.05391366e-05 5.12806295e-05 5.20206952e-05 5.27576838e-05 5.34899345e-05 5.42157829e-05 5.49335689e-05 5.56416444e-05 5.63383830e-05 5.70221887e-05 5.76915058e-05 5.83448295e-05 5.89807163e-05 5.95977944e-05 6.01947755e-05 6.07704653e-05 6.13237747e-05 6.18537308e-05 6.23594875e-05 6.28403357e-05 6.32957129e-05 6.37252124e-05 6.41285913e-05 6.45057774e-05 6.48568756e-05 6.51821723e-05 6.54821387e-05 6.57574325e-05 6.60088978e-05 6.62375633e-05 6.64446384e-05 6.66315079e-05 6.67997238e-05 6.69509956e-05 6.70871787e-05 6.72102602e-05 6.73223430e-05 6.74256284e-05 6.75223959e-05 6.76149829e-05 6.77057609e-05 6.77971127e-05 6.78914064e-05 6.79909705e-05 6.80980671e-05 6.82148655e-05 6.83434163e-05 6.84856246e-05 6.86432256e-05 6.88177601e-05 6.90105519e-05 6.92226865e-05 6.94549925e-05 6.97080248e-05 6.99820503e-05 7.02770366e-05 7.05926441e-05 7.09282199e-05 7.12827968e-05 7.16550943e-05 7.20435231e-05 7.24461941e-05 7.28609291e-05 7.32852760e-05 7.37165267e-05 7.41517372e-05 7.45877519e-05 7.50212284e-05 7.54486662e-05 7.58664357e-05 7.62708100e-05 7.66579963e-05 7.70241692e-05 7.73655039e-05 7.76782091e-05 7.79585597e-05 7.82029285e-05 7.84078170e-05 7.85698846e-05 7.86859755e-05 7.87531444e-05 7.87686791e-05 7.87301210e-05 7.86352826e-05
3.28451764e-05 3.28602956e-05 3.29056360e-05 3.29811457e-05 3.30867380e-05 3.32222913e-05 3.33876481e-05 3.35826149e-05 3.38069612e-05 3.40604186e-05 3.43426802e-05 3.46533992e-05 3.49921877e-05 3.53586161e-05 3.57522108e-05 3.61724539e-05 3.66187810e-05 3.70905804e-05 3.75871914e-05 3.81079029e-05 3.86519523e-05 3.92185241e-05 3.98067487e-05 4.04157016e-05 4.10444024e-05 4.16918139e-05 4.23568422e-05 4.30383358e-05 4.37350862e-05 4.44458281e-05 4.51692403e-05 4.59039466e-05 4.66485175e-05 4.74014725e-05 4.81612824e-05 4.89263724e-05 4.96951260e-05 5.04658890e-05 5.12369745e-05 5.20066683e-05 5.27732353e-05 5.35349261e-05 5.42899845e-05 5.50366557e-05 5.57731951e-05 5.64978773e-05 5.72090065e-05 5.79049268e-05 5.85840331e-05 5.92447822e-05 5.98857051e-05 6.05054181e-05 6.11026354e-05 6.16761810e-05 6.22250002e-05 6.27481721e-05 6.32449197e-05 6.37146219e-05 6.41568222e-05 6.45712390e-05 6.49577727e-05 6.53165131e-05 6.56477449e-05 6.59519512e-05 6.62298162e-05 6.64822255e-05 6.67102647e-05 6.69152155e-05 6.70985504e-05 6.72619248e-05 6.74071662e-05 6.75362628e-05 6.76513480e-05 6.77546842e-05 6.78486434e-05 6.79356867e-05 6.80183414e-05 6.80991766e-05 6.81807775e-05 6.82657185e-05 6.83565353e-05 6.84556964e-05 6.85655743e-05 6.86884171e-05 6.88263197e-05 6.89811970e-05 6.91547568e-05 6.93484756e-05 6.95635748e-05 6.98010004e-05 7.00614043e-05 7.03451287e-05 7.06521933e-05 7.09822862e-05 7.13347577e-05 7.17086180e-05 7.21025383e-05 7.25148558e-05 7.29435824e-05 7.33864169e-05 7.38407606e-05 7.43037366e-05 7.47722121e-05 7.52428234e-05 7.57120039e-05 7.61760145e-05 7.66309749e-05 7.70728981e-05 7.74977246e-05 7.79013583e-05 7.82797023e-05 7.86286947e-05 7.89443439e-05 7.92227632e-05 7.94602036e-05 7.96530854e-05 7.97980278e-05 7.98918760e-05 7.99317260e-05 7.99149461e-05 7.98391964e-05
3.21069348e-05 3.21225617e-05 3.21694252e-05 3.22474736e-05 3.23566202e-05 3.24967433e-05 3.26676855e-05 3.28692531e-05 3.31012150e-05 3.33633025e-05 3.36552074e-05 3.39765813e-05 3.43270343e-05 3.47061335e-05 3.51134019e-05 3.55483164e-05 3.60103064e-05 3.64987527e-05 3.70129854e-05 3.75522822e-05 3.81158676e-05 3.87029108e-05 3.93125246e-05 3.99437639e-05 4.05956251e-05 4.12670448e-05 4.19568991e-05 4.26640035e-05 4.33871125e-05 4.41249198e-05 4.48760592e-05 4.56391053e-05 4.64125750e-05 4.71949297e-05 4.79845773e-05 4.87798759e-05 4.95791370e-05 5.03806298e-05 5.11825865e-05 5.19832076e-05 5.27806686e-05 5.35731267e-05 5.43587289e-05 5.51356203e-05 5.59019535e-05 5.66558982e-05 5.73956523e-05 5.81194522e-05 5.88255854e-05 5.95124020e-05 6.01783272e-05 6.08218748e-05 6.14416594e-05 6.20364101e-05 6.26049831e-05 6.31463744e-05 6.36597327e-05 6.41443705e-05 6.45997759e-05 6.50256224e-05 6.54217779e-05 6.57883129e-05 6.61255068e-05 6.64338522e-05 6.67140587e-05 6.69670532e-05 6.71939789e-05 6.73961925e-05 6.75752579e-05 6.77329385e-05 6.78711870e-05 6.79921318e-05 6.80980621e-05 6.81914101e-05 6.82747306e-05 6.83506791e-05 6.84219871e-05 6.84914361e-05 6.85618301e-05 6.86359659e-05 6.87166037e-05 6.88064356e-05 6.89080549e-05 6.90239244e-05 6.91563462e-05 6.93074311e-05 6.94790699e-05 6.96729066e-05 6.98903121e-05 7.01323621e-05 7.03998165e-05 7.06931015e-05 7.10122965e-05 7.13571225e-05 7.17269362e-05 7.21207261e-05 7.25371144e-05 7.29743612e-05 7.34303743e-05 7.39027215e-05 7.43886482e-05 7.48850972e-05 7.53887333e-05 7.58959701e-05 7.64030001e-05 7.69058277e-05 7.74003032e-05 7.78821599e-05 7.83470513e-05 7.87905899e-05 7.92083860e-05 7.95960864e-05 7.99494130e-05 8.02641994e-05 8.05364274e-05 8.07622607e-05 8.09380765e-05 8.10604953e-05 8.11264074e-05 8.11329959e-05 8.10777578e-05
3.13334726e-05 3.13496202e-05 3.13980456e-05 3.14786973e-05 3.15914891e-05 3.17362995e-05 3.19129716e-05 3.21213119e-05 3.23610898e-05 3.26320365e-05 3.29338435e-05 3.32661617e-05 3.36286001e-05 3.40207237e-05 3.44420526e-05 3.48920598e-05 3.53701699e-05 3.58757569e-05 3.64081427e-05 3.69665954e-05 3.75503273e-05 3.81584933e-05 3.87901893e-05 3.94444509e-05 4.01202517e-05 4.08165024e-05 4.15320501e-05 4.22656770e-05 4.30161008e-05 4.37819740e-05 4.45618850e-05 4.53543583e-05 4.61578561e-05 4.69707801e-05 4.77914739e-05 4.86182261e-05 4.94492735e-05 5.02828060e-05 5.11169713e-05 5.19498807e-05 5.27796158e-05 5.36042358e-05 5.44217853e-05 5.52303038e-05 5.60278348e-05 5.68124365e-05 5.75821932e-05 5.83352265e-05 5.90697086e-05 5.97838746e-05 6.04760362e-05 6.11445957e-05 6.17880599e-05 6.24050543e-05 6.29943374e-05 6.35548144e-05 6.40855511e-05 6.45857865e-05 6.50549457e-05 6.54926510e-05 6.58987322e-05 6.62732354e-05 6.66164306e-05 6.69288174e-05 6.72111286e-05 6.74643319e-05 6.76896293e-05 6.78884542e-05 6.80624660e-05 6.82135414e-05 6.83437644e-05 6.84554123e-05 6.85509398e-05 6.86329600e-05 6.87042231e-05 6.87675929e-05 6.88260202e-05 6.88825153e-05 6.89401178e-05 6.90018651e-05 6.90707601e-05 6.91497375e-05 6.92416302e-05 6.93491350e-05 6.94747792e-05 6.96208879e-05 6.97895522e-05 6.99825995e-05 7.02015657e-05 7.04476696e-05 7.07217906e-05 7.10244496e-05 7.13557931e-05 7.17155815e-05 7.21031811e-05 7.25175606e-05 7.29572918e-05 7.34205546e-05 7.39051466e-05 7.44084971e-05 7.49276848e-05 7.54594602e-05 7.60002710e-05 7.65462920e-05 7.70934572e-05 7.76374951e-05 7.81739663e-05 7.86983030e-05 7.92058498e-05 7.96919055e-05 8.01517651e-05 8.05807619e-05 8.09743090e-05 8.13279396e-05 8.16373455e-05 8.18984144e-05 8.21072639e-05 8.22602731e-05 8.23541116e-05 8.23857645e-05 8.23525541e-05
3.05236174e-05 3.05402984e-05 3.05903242e-05 3.06736438e-05 3.07901712e-05 3.09397861e-05 3.11223322e-05 3.13376171e-05 3.15854111e-05 3.18654461e-05 3.21774144e-05 3.25209671e-05 3.28957129e-05 3.33012159e-05 3.37369946e-05 3.42025192e-05 3.46972105e-05 3.52204372e-05 3.57715143e-05 3.63497012e-05 3.69541994e-05 3.75841505e-05 3.82386348e-05 3.89166693e-05 3.96172058e-05 4.03391301e-05 4.10812603e-05 4.18423462e-05 4.26210686e-05 4.34160388e-05 4.42257992e-05 4.50488238e-05 4.58835191e-05 4.67282258e-05 4.75812214e-05 4.84407226e-05 4.93048894e-05 5.01718290e-05 5.10396012e-05 5.19062242e-05 5.27696812e-05 5.36279281e-05 5.44789019e-05 5.53205303e-05 5.61507412e-05 5.69674744e-05 5.77686928e-05 5.85523957e-05 5.93166314e-05 6.00595114e-05 6.07792251e-05 6.14740543e-05 6.21423885e-05 6.27827407e-05 6.33937623e-05 6.39742585e-05 6.45232035e-05 6.50397545e-05 6.55232657e-05 6.59733010e-05 6.63896454e-05 6.67723150e-05 6.71215661e-05 6.74379014e-05 6.77220748e-05 6.79750940e-05 6.81982202e-05 6.83929658e-05 6.85610889e-05 6.87045851e-05 6.88256765e-05 6.89267980e-05 6.90105798e-05 6.90798279e-05 6.91375014e-05 6.91866870e-05 6.92305713e-05 6.92724105e-05 6.93154985e-05 6.93631324e-05 6.94185779e-05 6.94850327e-05 6.95655899e-05 6.96632007e-05 6.97806381e-05 6.99204611e-05 7.00849800e-05 7.02762235e-05 7.04959085e-05 7.07454121e-05 7.10257466e-05 7.13375384e-05 7.16810102e-05 7.20559684e-05 7.24617932e-05 7.28974350e-05 7.33614146e-05 7.38518279e-05 7.43663568e-05 7.49022829e-05 7.54565077e-05 7.60255755e-05 7.66057020e-05 7.71928054e-05 7.77825418e-05 7.83703433e-05 7.89514586e-05 7.95209959e-05 8.00739671e-05 8.06053330e-05 8.11100489e-05 8.15831105e-05 8.20195986e-05 8.24147224e-05 8.27638623e-05 8.30626088e-05 8.33068005e-05 8.34925574e-05 8.36163125e-05 8.36748387e-05 8.36652719e-05
2.96761676e-05 2.96933947e-05 2.97450593e-05 2.98311105e-05 2.99514637e-05 3.01059994e-05 3.02945629e-05 3.05169633e-05 3.07729728e-05 3.10623248e-05 3.13847131e-05 3.17397903e-05 3.21271658e-05 3.25464042e-05 3.29970234e-05 3.34784924e-05 3.39902292e-05 3.45315988e-05 3.51019108e-05 3.57004171e-05 3.63263096e-05 3.69787184e-05 3.76567091e-05 3.83592813e-05 3.90853662e-05 3.98338253e-05 4.06034488e-05 4.13929544e-05 4.22009864e-05 4.30261150e-05 4.38668366e-05 4.47215738e-05 4.55886767e-05 4.64664238e-05 4.73530247e-05 4.82466225e-05 4.91452975e-05 5.00470712e-05 5.09499121e-05 5.18517410e-05 5.27504381e-05 5.36438511e-05 5.45298035e-05 5.54061046e-05 5.62705601e-05 5.71209838e-05 5.79552098e-05 5.87711059e-05 5.95665882e-05 6.03396355e-05 6.10883048e-05 6.18107479e-05 6.25052273e-05 6.31701329e-05 6.38039992e-05 6.44055216e-05 6.49735730e-05 6.55072196e-05 6.60057359e-05 6.64686192e-05 6.68956024e-05 6.72866655e-05 6.76420454e-05 6.79622439e-05 6.82480334e-05 6.85004599e-05 6.87208442e-05 6.89107795e-05 6.90721260e-05 6.92070036e-05 6.93177799e-05 6.94070558e-05 6.94776482e-05 6.95325684e-05 6.95749985e-05 6.96082643e-05 6.96358052e-05 6.96611422e-05 6.96878431e-05 6.97194859e-05 6.97596205e-05 6.98117298e-05 6.98791893e-05 6.99652272e-05 7.00728842e-05 7.02049747e-05 7.03640486e-05 7.05523557e-05 7.07718121e-05 7.10239694e-05 7.13099872e-05 7.16306096e-05 7.19861460e-05 7.23764556e-05 7.28009379e-05 7.32585269e-05 7.37476914e-05 7.42664402e-05 7.48123326e-05 7.53824938e-05 7.59736359e-05 7.65820830e-05 7.72038018e-05 7.78344352e-05 7.84693405e-05 7.91036309e-05 7.97322195e-05 8.03498653e-05 8.09512216e-05 8.15308853e-05 8.20834456e-05 8.26035343e-05 8.30858739e-05 8.35253255e-05 8.39169334e-05 8.42559689e-05 8.45379704e-05 8.47587798e-05 8.49145764e-05 8.50019055e-05 8.50177041e-05
2.87898929e-05 2.88076788e-05 2.88610199e-05 2.89498662e-05 2.90741342e-05 2.92337060e-05 2.94284290e-05 2.96581146e-05 2.99225375e-05 3.02214337e-05 3.05544997e-05 3.09213904e-05 3.13217174e-05 3.17550469e-05 3.22208978e-05 3.27187392e-05 3.32479881e-05 3.38080070e-05 3.43981017e-05 3.50175183e-05 3.56654407e-05 3.63409888e-05 3.70432150e-05 3.77711029e-05 3.85235643e-05 3.92994376e-05 4.00974861e-05 4.09163959e-05 4.17547755e-05 4.26111542e-05 4.34839823e-05 4.43716311e-05 4.52723929e-05 4.61844834e-05 4.71060425e-05 4.80351377e-05 4.89697670e-05 4.99078635e-05 5.08473006e-05 5.17858974e-05 5.27214268e-05 5.36516224e-05 5.45741884e-05 5.54868094e-05 5.63871615e-05 5.72729246e-05 5.81417955e-05 5.89915021e-05 5.98198184e-05 6.06245806e-05 6.14037036e-05 6.21551981e-05 6.28771887e-05 6.35679318e-05 6.42258339e-05 6.48494698e-05 6.54376004e-05 6.59891907e-05 6.65034259e-05 6.69797277e-05 6.74177687e-05 6.78174853e-05 6.81790891e-05 6.85030763e-05 6.87902339e-05 6.90416449e-05 6.92586890e-05 6.94430418e-05 6.95966693e-05 6.97218208e-05 6.98210166e-05 6.98970334e-05 6.99528855e-05 6.99918031e-05 7.00172063e-05 7.00326768e-05 7.00419256e-05 7.00487585e-05 7.00570387e-05 7.00706473e-05 7.00934421e-05 7.01292150e-05 7.01816483e-05 7.02542715e-05 7.03504170e-05 7.04731781e-05 7.06253670e-05 7.08094760e-05 7.10276400e-05 7.12816032e-05 7.15726886e-05 7.19017717e-05 7.22692594e-05 7.26750726e-05 7.31186350e-05 7.35988669e-05 7.41141848e-05 7.46625063e-05 7.52412617e-05 7.58474098e-05 7.64774608e-05 7.71275032e-05 7.77932365e-05 7.84700078e-05 7.91528533e-05 7.98365430e-05 8.05156281e-05 8.11844917e-05 8.18374007e-05 8.24685592e-05 8.30721620e-05 8.36424486e-05 8.41737555e-05 8.46605682e-05 8.50975696e-05 8.54796874e-05 8.58021371e-05 8.60604619e-05 8.62505687e-05 8.63687595e-05 8.64117582e-05
2.78635350e-05 2.78818921e-05 2.79369470e-05 2.80286507e-05 2.81569212e-05 2.83216428e-05 2.85226656e-05 2.87598041e-05 2.90328362e-05 2.93415018e-05 2.96855010e-05 3.00644923e-05 3.04780910e-05 3.09258662e-05 3.14073394e-05 3.19219812e-05 3.24692095e-05 3.30483862e-05 3.36588146e-05 3.42997368e-05 3.49703308e-05 3.56697076e-05 3.63969084e-05 3.71509020e-05 3.79305826e-05 3.87347668e-05 3.95621918e-05 4.04115136e-05 4.12813052e-05 4.21700558e-05 4.30761696e-05 4.39979662e-05 4.49336801e-05 4.58814626e-05 4.68393830e-05 4.78054309e-05 4.87775199e-05 4.97534916e-05 5.07311203e-05 5.17081199e-05 5.26821503e-05 5.36508263e-05 5.46117261e-05 5.55624029e-05 5.65003956e-05 5.74232420e-05 5.83284927e-05 5.92137262e-05 6.00765646e-05 6.09146909e-05 6.17258665e-05 6.25079501e-05 6.32589167e-05 6.39768772e-05 6.46600983e-05 6.53070222e-05 6.59162867e-05 6.64867439e-05 6.70174791e-05 6.75078284e-05 6.79573949e-05 6.83660632e-05 6.87340127e-05 6.90617279e-05 6.93500069e-05 6.95999666e-05 6.98130452e-05 6.99910019e-05 7.01359117e-05 7.02501585e-05 7.03364229e-05 7.03976668e-05 7.04371141e-05 7.04582277e-05 7.04646818e-05 7.04603319e-05 7.04491807e-05 7.04353401e-05 7.04229920e-05 7.04163448e-05 7.04195894e-05 7.04368528e-05 7.04721506e-05 7.05293399e-05 7.06120713e-05 7.07237424e-05 7.08674526e-05 7.10459598e-05 7.12616398e-05 7.15164492e-05 7.18118919e-05 7.21489901e-05 7.25282602e-05 7.29496944e-05 7.34127469e-05 7.39163272e-05 7.44587990e-05 7.50379853e-05 7.56511799e-05 7.62951651e-05 7.69662354e-05 7.76602271e-05 7.83725530e-05 7.90982425e-05 7.98319862e-05 8.05681843e-05 8.13009985e-05 8.20244062e-05 8.27322578e-05 8.34183338e-05 8.40764035e-05 8.47002833e-05 8.52838937e-05 8.58213151e-05 8.63068414e-05 8.67350301e-05 8.71007496e-05 8.73992221e-05 8.76260622e-05 8.77773111e-05 8.78494650e-05
2.68958075e-05 2.69147478e-05 2.69715531e-05 2.70661753e-05 2.71985345e-05 2.73685178e-05 2.75759783e-05 2.78207346e-05 2.81025690e-05 2.84212260e-05 2.87764108e-05 2.91677870e-05 2.95949747e-05 3.00575478e-05 3.05550319e-05 3.10869012e-05 3.16525758e-05 3.22514190e-05 3.28827339e-05 3.35457604e-05 3.42396723e-05 3.49635738e-05 3.57164967e-05 3.64973972e-05 3.73051530e-05 3.81385607e-05 3.89963330e-05 3.98770968e-05 4.07793908e-05 4.17016644e-05 4.26422765e-05 4.35994948e-05 4.45714957e-05 4.55563655e-05 4.65521012e-05 4.75566131e-05 4.85677279e-05 4.95831924e-05 5.06006789e-05 5.16177912e-05 5.26320719e-05 5.36410105e-05 5.46420536e-05 5.56326153e-05 5.66100896e-05 5.75718637e-05 5.85153326e-05 5.94379153e-05 6.03370713e-05 6.12103190e-05 6.20552548e-05 6.28695731e-05 6.36510867e-05 6.43977481e-05 6.51076714e-05 6.57791535e-05 6.64106960e-05 6.70010259e-05 6.75491169e-05 6.80542082e-05 6.85158229e-05 6.89337849e-05 6.93082331e-05 6.96396340e-05 6.99287914e-05 7.01768533e-05 7.03853151e-05 7.05560201e-05 7.06911555e-05 7.07932450e-05 7.08651371e-05 7.09099889e-05 7.09312464e-05 7.09326195e-05 7.09180540e-05 7.08916985e-05 7.08578681e-05 7.08210046e-05 7.07856329e-05 7.07563153e-05 7.07376030e-05 7.07339864e-05 7.07498430e-05 7.07893865e-05 7.08566139e-05 7.09552557e-05 7.10887251e-05 7.12600714e-05 7.14719353e-05 7.17265076e-05 7.20254925e-05 7.23700755e-05 7.27608966e-05 7.31980294e-05 7.36809659e-05 7.42086083e-05 7.47792673e-05 7.53906675e-05 7.60399587e-05 7.67237357e-05 7.74380626e-05 7.81785054e-05 7.89401694e-05 7.97177424e-05 8.05055429e-05 8.12975729e-05 8.20875737e-05 8.28690858e-05 8.36355096e-05 8.43801689e-05 8.50963737e-05 8.57774840e-05 8.64169714e-05 8.70084799e-05 8.75458838e-05 8.80233420e-05 8.84353496e-05 8.87767836e-05 8.90429452e-05 8.92295959e-05 8.93329886e-05
2.58853965e-05 2.59049321e-05 2.59635233e-05 2.60611238e-05 2.61976558e-05 2.63730098e-05 2.65870430e-05 2.68395787e-05 2.71304046e-05 2.74592712e-05 2.78258901e-05 2.82299314e-05 2.86710215e-05 2.91487411e-05 2.96626215e-05 3.02121424e-05 3.07967284e-05 3.14157461e-05 3.20685004e-05 3.27542313e-05 3.34721106e-05 3.42212379e-05 3.50006376e-05 3.58092553e-05 3.66459544e-05 3.75095132e-05 3.83986215e-05 3.93118786e-05 4.02477903e-05 4.12047671e-05 4.21811231e-05 4.31750744e-05 4.41847393e-05 4.52081382e-05 4.62431951e-05 4.72877392e-05 4.83395079e-05 4.93961506e-05 5.04552338e-05 5.15142471e-05 5.25706104e-05 5.36216828e-05 5.46647719e-05 5.56971458e-05 5.67160452e-05 5.77186976e-05 5.87023327e-05 5.96641992e-05 6.06015827e-05 6.15118252e-05 6.23923454e-05 6.32406600e-05 6.40544062e-05 6.48313644e-05 6.55694819e-05 6.62668962e-05 6.69219588e-05 6.75332583e-05 6.80996433e-05 6.86202438e-05 6.90944916e-05 6.95221391e-05 6.99032759e-05 7.02383427e-05 7.05281434e-05 7.07738527e-05 7.09770213e-05 7.11395771e-05 7.12638221e-05 7.13524250e-05 7.14084097e-05 7.14351390e-05 7.14362937e-05 7.14158466e-05 7.13780327e-05 7.13273144e-05 7.12683422e-05 7.12059121e-05 7.11449193e-05 7.10903081e-05 7.10470197e-05 7.10199383e-05 7.10138347e-05 7.10333103e-05 7.10827404e-05 7.11662180e-05 7.12875005e-05 7.14499565e-05 7.16565177e-05 7.19096332e-05 7.22112292e-05 7.25626728e-05 7.29647430e-05 7.34176064e-05 7.39208008e-05 7.44732253e-05 7.50731379e-05 7.57181605e-05 7.64052916e-05 7.71309260e-05 7.78908822e-05 7.86804365e-05 7.94943639e-05 8.03269846e-05 8.11722165e-05 8.20236322e-05 8.28745201e-05 8.37179485e-05 8.45468328e-05 8.53540031e-05 8.61322741e-05 8.68745128e-05 8.75737066e-05 8.82230287e-05 8.88159010e-05 8.93460533e-05 8.98075786e-05 9.01949829e-05 9.05032308e-05 9.07277844e-05 9.08646363e-05
2.48309618e-05 2.48511040e-05 2.49115158e-05 2.50121524e-05 2.51529390e-05 2.53337697e-05 2.55545068e-05 2.58149792e-05 2.61149813e-05 2.64542709e-05 2.68325671e-05 2.72495482e-05 2.77048492e-05 2.81980586e-05 2.87287161e-05 2.92963086e-05 2.99002675e-05 3.05399650e-05 3.12147102e-05 3.19237456e-05 3.26662432e-05 3.34413007e-05 3.42479373e-05 3.50850904e-05 3.59516113e-05 3.68462620e-05 3.77677118e-05 3.87145337e-05 3.96852022e-05 4.06780903e-05 4.16914681e-05 4.27235008e-05 4.37722485e-05 4.48356657e-05 4.59116021e-05 4.69978044e-05 4.80919187e-05 4.91914942e-05 5.02939882e-05 5.13967716e-05 5.24971368e-05 5.35923062e-05 5.46794420e-05 5.57556584e-05 5.68180343e-05 5.78636279e-05 5.88894934e-05 5.98926978e-05 6.08703411e-05 6.18195757e-05 6.27376291e-05 6.36218265e-05 6.44696147e-05 6.52785870e-05 6.60465087e-05 6.67713426e-05 6.74512748e-05 6.80847407e-05 6.86704492e-05 6.92074073e-05 6.96949428e-05 7.01327249e-05 7.05207832e-05 7.08595242e-05 7.11497445e-05 7.13926410e-05 7.15898170e-05 7.17432846e-05 7.18554626e-05 7.19291698e-05 7.19676136e-05 7.19743727e-05 7.19533763e-05 7.19088764e-05 7.18454166e-05 7.17677944e-05 7.16810203e-05 7.15902716e-05 7.15008420e-05 7.14180886e-05 7.13473747e-05 7.12940114e-05 7.12631968e-05 7.12599543e-05 7.12890709e-05 7.13550367e-05 7.14619846e-05 7.16136338e-05 7.18132361e-05 7.20635252e-05 7.23666728e-05 7.27242483e-05 7.31371864e-05 7.36057601e-05 7.41295619e-05 7.47074928e-05 7.53377584e-05 7.60178744e-05 7.67446791e-05 7.75143550e-05 7.83224580e-05 7.91639538e-05 8.00332626e-05 8.09243091e-05 8.18305796e-05 8.27451836e-05 8.36609205e-05 8.45703490e-05 8.54658605e-05 8.63397525e-05 8.71843041e-05 8.79918502e-05 8.87548555e-05 8.94659851e-05 9.01181731e-05 9.07046868e-05 9.12191862e-05 9.16557786e-05 9.20090671e-05 9.22741928e-05 9.24468702e-05
2.37311372e-05 2.37518971e-05 2.38141626e-05 2.39178911e-05 2.40630109e-05 2.42494208e-05 2.44769886e-05 2.47455501e-05 2.50549075e-05 2.54048272e-05 2.57950376e-05 2.62252269e-05 2.66950402e-05 2.72040764e-05 2.77518852e-05 2.83379635e-05 2.89617516e-05 2.96226298e-05 3.03199141e-05 3.10528520e-05 3.18206185e-05 3.26223119e-05 3.34569491e-05 3.43234616e-05 3.52206915e-05 3.61473868e-05 3.71021983e-05 3.80836753e-05 3.90902624e-05 4.01202969e-05 4.11720060e-05 4.22435050e-05 4.33327961e-05 4.44377676e-05 4.55561945e-05 4.66857398e-05 4.78239563e-05 4.89682904e-05 5.01160865e-05 5.12645930e-05 5.24109693e-05 5.35522953e-05 5.46855808e-05 5.58077782e-05 5.69157954e-05 5.80065119e-05 5.90767950e-05 6.01235186e-05 6.11435838e-05 6.21339402e-05 6.30916097e-05 6.40137105e-05 6.48974836e-05 6.57403187e-05 6.65397828e-05 6.72936472e-05 6.79999161e-05 6.86568550e-05 6.92630174e-05 6.98172721e-05 7.03188281e-05 7.07672585e-05 7.11625214e-05 7.15049786e-05 7.17954118e-05 7.20350335e-05 7.22254963e-05 7.23688954e-05 7.24677685e-05 7.25250890e-05 7.25442553e-05 7.25290732e-05 7.24837342e-05 7.24127868e-05 7.23211030e-05 7.22138391e-05 7.20963917e-05 7.19743474e-05 7.18534301e-05 7.17394423e-05 7.16382043e-05 7.15554902e-05 7.14969619e-05 7.14681023e-05 7.14741475e-05 7.15200206e-05 7.16102660e-05 7.17489873e-05 7.19397878e-05 7.21857153e-05 7.24892131e-05 7.28520755e-05 7.32754116e-05 7.37596156e-05 7.43043452e-05 7.49085085e-05 7.55702600e-05 7.62870048e-05 7.70554125e-05 7.78714399e-05 7.87303619e-05 7.96268115e-05 8.05548271e-05 8.15079078e-05 8.24790745e-05 8.34609370e-05 8.44457668e-05 8.54255725e-05 8.63921790e-05 8.73373082e-05 8.82526605e-05 8.91299964e-05 8.99612155e-05 9.07384347e-05 9.14540618e-05 9.21008653e-05 9.26720393e-05 9.31612619e-05 9.35627481e-05 9.38712948e-05 9.40823193e-05
2.25845316e-05 2.26059197e-05 2.26700708e-05 2.27769444e-05 2.29264727e-05 2.31185597e-05 2.33530799e-05 2.36298769e-05 2.39487621e-05 2.43095118e-05 2.47118656e-05 2.51555234e-05 2.56401424e-05 2.61653341e-05 2.67306605e-05 2.73356309e-05 2.79796973e-05 2.86622508e-05 2.93826169e-05 3.01400512e-05 3.09337347e-05 3.17627690e-05 3.26261717e-05 3.35228718e-05 3.44517043e-05 3.54114067e-05 3.64006135e-05 3.74178526e-05 3.84615414e-05 3.95299830e-05 4.06213635e-05 4.17337493e-05 4.28650853e-05 4.40131943e-05 4.51757760e-05 4.63504084e-05 4.75345496e-05 4.87255407e-05 4.99206098e-05 5.11168786e-05 5.23113688e-05 5.35010112e-05 5.46826562e-05 5.58530863e-05 5.70090294e-05 5.81471755e-05 5.92641938e-05 6.03567526e-05 6.14215407e-05 6.24552902e-05 6.34548019e-05 6.44169712e-05 6.53388157e-05 6.62175047e-05 6.70503885e-05 6.78350288e-05 6.85692300e-05 6.92510693e-05 6.98789275e-05 7.04515180e-05 7.09679155e-05 7.14275817e-05 7.18303900e-05 7.21766464e-05 7.24671075e-05 7.27029950e-05 7.28860056e-05 7.30183161e-05 7.31025842e-05 7.31419423e-05 7.31399874e-05 7.31007636e-05 7.30287390e-05 7.29287768e-05 7.28060988e-05 7.26662450e-05 7.25150253e-05 7.23584672e-05 7.22027574e-05 7.20541800e-05 7.19190495e-05 7.18036423e-05 7.17141243e-05 7.16564781e-05 7.16364296e-05 7.16593749e-05 7.17303089e-05 7.18537565e-05 7.20337075e-05 7.22735560e-05 7.25760454e-05 7.29432203e-05 7.33763853e-05 7.38760719e-05 7.44420146e-05 7.50731354e-05 7.57675386e-05 7.65225151e-05 7.73345566e-05 7.81993795e-05 7.91119584e-05 8.00665691e-05 8.10568399e-05 8.20758109e-05 8.31160013e-05 8.41694817e-05 8.52279530e-05 8.62828292e-05 8.73253231e-05 8.83465343e-05 8.93375379e-05 9.02894729e-05 9.11936288e-05 9.20415304e-05 9.28250173e-05 9.35363204e-05 9.41681315e-05 9.47136671e-05 9.51667253e-05 9.55217342e-05 9.57737933e-05
2.13897302e-05 2.14117566e-05 2.14778232e-05 2.15878924e-05 2.17419005e-05 2.19397576e-05 2.21813457e-05 2.24665178e-05 2.27950953e-05 2.31668666e-05 2.35815840e-05 2.40389610e-05 2.45386692e-05 2.50803349e-05 2.56635353e-05 2.62877945e-05 2.69525791e-05 2.76572938e-05 2.84012770e-05 2.91837952e-05 3.00040387e-05 3.08611159e-05 3.17540484e-05 3.26817654e-05 3.36430989e-05 3.46367781e-05 3.56614249e-05 3.67155484e-05 3.77975412e-05 3.89056747e-05 4.00380957e-05 4.11928233e-05 4.23677466e-05 4.35606226e-05 4.47690763e-05 4.59905999e-05 4.72225553e-05 4.84621757e-05 4.97065705e-05 5.09527301e-05 5.21975333e-05 5.34377561e-05 5.46700821e-05 5.58911154e-05 5.70973944e-05 5.82854088e-05 5.94516179e-05 6.05924711e-05 6.17044305e-05 6.27839956e-05 6.38277294e-05 6.48322870e-05 6.57944448e-05 6.67111324e-05 6.75794642e-05 6.83967726e-05 6.91606420e-05 6.98689419e-05 7.05198608e-05 7.11119382e-05 7.16440964e-05 7.21156695e-05 7.25264309e-05 7.28766176e-05 7.31669505e-05 7.33986515e-05 7.35734560e-05 7.36936196e-05 7.37619201e-05 7.37816532e-05 7.37566219e-05 7.36911198e-05 7.35899069e-05 7.34581795e-05 7.33015324e-05 7.31259149e-05 7.29375805e-05 7.27430302e-05 7.25489498e-05 7.23621430e-05 7.21894599e-05 7.20377209e-05 7.19136396e-05 7.18237429e-05 7.17742905e-05 7.17711953e-05 7.18199451e-05 7.19255270e-05 7.20923557e-05 7.23242067e-05 7.26241559e-05 7.29945255e-05 7.34368389e-05 7.39517835e-05 7.45391833e-05 7.51979820e-05 7.59262357e-05 7.67211170e-05 7.75789300e-05 7.84951352e-05 7.94643862e-05 8.04805752e-05 8.15368891e-05 8.26258737e-05 8.37395064e-05 8.48692756e-05 8.60062657e-05 8.71412477e-05 8.82647725e-05 8.93672663e-05 9.04391280e-05 9.14708248e-05 9.24529867e-05 9.33764984e-05 9.42325864e-05 9.50129013e-05 9.57095940e-05 9.63153841e-05 9.68236216e-05 9.72283392e-05 9.75242967e-05
2.01452960e-05 2.01679699e-05 2.02359801e-05 2.03492919e-05 2.05078466e-05 2.07115610e-05 2.09603258e-05 2.12540043e-05 2.15924300e-05 2.19754046e-05 2.24026950e-05 2.28740307e-05 2.33891000e-05 2.39475466e-05 2.45489653e-05 2.51928980e-05 2.58788290e-05 2.66061801e-05 2.73743054e-05 2.81824862e-05 2.90299254e-05 2.99157419e-05 3.08389647e-05 3.17985272e-05 3.27932616e-05 3.38218928e-05 3.48830329e-05 3.59751758e-05 3.70966923e-05 3.82458246e-05 3.94206828e-05 4.06192406e-05 4.18393325e-05 4.30786514e-05 4.43347470e-05 4.56050260e-05 4.68867525e-05 4.81770504e-05 4.94729068e-05 5.07711772e-05 5.20685926e-05 5.33617679e-05 5.46472127e-05 5.59213439e-05 5.71805006e-05 5.84209612e-05 5.96389625e-05 6.08307210e-05 6.19924573e-05 6.31204217e-05 6.42109220e-05 6.52603543e-05 6.62652345e-05 6.72222317e-05 6.81282035e-05 6.89802317e-05 6.97756589e-05 7.05121253e-05 7.11876057e-05 7.18004450e-05 7.23493933e-05 7.28336387e-05 7.32528377e-05 7.36071431e-05 7.38972275e-05 7.41243032e-05 7.42901368e-05 7.43970589e-05 7.44479671e-05 7.44463237e-05 7.43961451e-05 7.43019856e-05 7.41689128e-05 7.40024758e-05 7.38086660e-05 7.35938704e-05 7.33648174e-05 7.31285170e-05 7.28921928e-05 7.26632100e-05 7.24489976e-05 7.22569666e-05 7.20944257e-05 7.19684940e-05 7.18860135e-05 7.18534617e-05 7.18768660e-05 7.19617202e-05 7.21129064e-05 7.23346204e-05 7.26303055e-05 7.30025926e-05 7.34532496e-05 7.39831403e-05 7.45921932e-05 7.52793820e-05 7.60427172e-05 7.68792494e-05 7.77850846e-05 7.87554114e-05 7.97845392e-05 8.08659488e-05 8.19923517e-05 8.31557609e-05 8.43475688e-05 8.55586344e-05 8.67793758e-05 8.79998683e-05 8.92099463e-05 9.03993079e-05 9.15576200e-05 9.26746228e-05 9.37402333e-05 9.47446445e-05 9.56784204e-05 9.65325856e-05 9.72987075e-05 9.79689711e-05 9.85362447e-05 9.89941373e-05 9.93370452e-05
1.88497708e-05 1.88731008e-05 1.89430804e-05 1.90596782e-05 1.92228411e-05 1.94324935e-05 1.96885359e-05 1.99908432e-05 2.03392626e-05 2.07336107e-05 2.11736716e-05 2.16591926e-05 2.21898813e-05 2.27654014e-05 2.33853685e-05 2.40493454e-05 2.47568372e-05 2.55072862e-05 2.63000661e-05 2.71344765e-05 2.80097369e-05 2.89249805e-05 2.98792479e-05 3.08714806e-05 3.19005149e-05 3.29650753e-05 3.40637682e-05 3.51950758e-05 3.63573504e-05 3.75488085e-05 3.87675261e-05 4.00114341e-05 4.12783142e-05 4.25657963e-05 4.38713563e-05 4.51923149e-05 4.65258378e-05 4.78689377e-05 4.92184769e-05 5.05711723e-05 5.19236021e-05 5.32722140e-05 5.46133362e-05 5.59431899e-05 5.72579046e-05 5.85535358e-05 5.98260845e-05 6.10715203e-05 6.22858061e-05 6.34649255e-05 6.46049128e-05 6.57018852e-05 6.67520765e-05 6.77518741e-05 6.86978557e-05 6.95868290e-05 7.04158715e-05 7.11823702e-05 7.18840628e-05 7.25190766e-05 7.30859677e-05 7.35837573e-05 7.40119662e-05 7.43706458e-05 7.46604060e-05 7.48824372e-05 7.50385292e-05 7.51310819e-05 7.51631117e-05 7.51382499e-05 7.50607333e-05 7.49353884e-05 7.47676063e-05 7.45633094e-05 7.43289110e-05 7.40712650e-05 7.37976093e-05 7.35155003e-05 7.32327413e-05 7.29573035e-05 7.26972430e-05 7.24606113e-05 7.22553633e-05 7.20892632e-05 7.19697880e-05 7.19040321e-05 7.18986136e-05 7.19595824e-05 7.20923338e-05 7.23015275e-05 7.25910128e-05 7.29637634e-05 7.34218204e-05 7.39662468e-05 7.45970922e-05 7.53133706e-05 7.61130499e-05 7.69930548e-05 7.79492827e-05 7.89766324e-05 8.00690453e-05 8.12195598e-05 8.24203756e-05 8.36629305e-05 8.49379855e-05 8.62357191e-05 8.75458281e-05 8.88576350e-05 9.01601989e-05 9.14424291e-05 9.26932002e-05 9.39014658e-05 9.50563712e-05 9.61473614e-05 9.71642848e-05 9.80974898e-05 9.89379149e-05 9.96771691e-05 1.00307603e-04 1.00822372e-04 1.01215483e-04
1.75016774e-05 1.75256712e-05 1.75976435e-05 1.77175665e-05 1.78853934e-05 1.81010571e-05 1.83644691e-05 1.86755174e-05 1.90340641e-05 1.94399435e-05 1.98929582e-05 2.03928762e-05 2.09394270e-05 2.15322973e-05 2.21711263e-05 2.28555013e-05 2.35849517e-05 2.43589439e-05 2.51768753e-05 2.60380678e-05 2.69417616e-05 2.78871086e-05 2.88731653e-05 2.98988857e-05 3.09631148e-05 3.20645810e-05 3.32018892e-05 3.43735142e-05 3.55777935e-05 3.68129218e-05 3.80769442e-05 3.93677517e-05 4.06830759e-05 4.20204857e-05 4.33773840e-05 4.47510059e-05 4.61384188e-05 4.75365226e-05 4.89420525e-05 5.03515834e-05 5.17615359e-05 5.31681846e-05 5.45676687e-05 5.59560049e-05 5.73291027e-05 5.86827827e-05 6.00127968e-05 6.13148523e-05 6.25846376e-05 6.38178515e-05 6.50102347e-05 6.61576041e-05 6.72558895e-05 6.83011722e-05 6.92897259e-05 7.02180589e-05 7.10829574e-05 7.18815296e-05 7.26112502e-05 7.32700039e-05 7.38561280e-05 7.43684540e-05 7.48063452e-05 7.51697329e-05 7.54591470e-05 7.56757427e-05 7.58213221e-05 7.58983481e-05 7.59099532e-05 7.58599393e-05 7.57527705e-05 7.55935566e-05 7.53880283e-05 7.51425033e-05 7.48638427e-05 7.45593993e-05 7.42369560e-05 7.39046568e-05 7.35709289e-05 7.32443988e-05 7.29338008e-05 7.26478809e-05 7.23952971e-05 7.21845152e-05 7.20237052e-05 7.19206358e-05 7.18825716e-05 7.19161725e-05 7.20273986e-05 7.22214201e-05 7.25025358e-05 7.28740996e-05 7.33384579e-05 7.38968985e-05 7.45496107e-05 7.52956601e-05 7.61329763e-05 7.70583545e-05 7.80674720e-05 7.91549192e-05 8.03142434e-05 8.15380071e-05 8.28178589e-05 8.41446158e-05 8.55083561e-05 8.68985222e-05 8.83040303e-05 8.97133878e-05 9.11148138e-05 9.24963632e-05 9.38460525e-05 9.51519836e-05 9.64024663e-05 9.75861366e-05 9.86920690e-05 9.97098819e-05 1.00629835e-04 1.01442918e-04 1.02140924e-04 1.02716521e-04 1.03163301e-04
1.60995213e-05 1.61241857e-05 1.61981710e-05 1.63214538e-05 1.64939941e-05 1.67157342e-05 1.69865978e-05 1.73064875e-05 1.76752826e-05 1.80928362e-05 1.85589724e-05 1.90734824e-05 1.96361202e-05 2.02465986e-05 2.09045841e-05 2.16096916e-05 2.23614789e-05 2.31594405e-05 2.40030016e-05 2.48915108e-05 2.58242338e-05 2.68003455e-05 2.78189232e-05 2.88789385e-05 2.99792497e-05 3.11185940e-05 3.22955797e-05 3.35086785e-05 3.47562183e-05 3.60363755e-05 3.73471687e-05 3.86864523e-05 4.00519109e-05 4.14410546e-05 4.28512152e-05 4.42795435e-05 4.57230082e-05 4.71783957e-05 4.86423123e-05 5.01111875e-05 5.15812799e-05 5.30486852e-05 5.45093462e-05 5.59590661e-05 5.73935239e-05 5.88082929e-05 6.01988618e-05 6.15606597e-05 6.28890831e-05 6.41795263e-05 6.54274157e-05 6.66282451e-05 6.77776160e-05 6.88712784e-05 6.99051753e-05 7.08754879e-05 7.17786834e-05 7.26115628e-05 7.33713093e-05 7.40555371e-05 7.46623380e-05 7.51903276e-05 7.56386881e-05 7.60072085e-05 7.62963197e-05 7.65071259e-05 7.66414287e-05 7.67017458e-05 7.66913216e-05 7.66141298e-05 7.64748673e-05 7.62789384e-05 7.60324305e-05 7.57420783e-05 7.54152188e-05 7.50597367e-05 7.46839989e-05 7.42967801e-05 7.39071803e-05 7.35245328e-05 7.31583064e-05 7.28180008e-05 7.25130373e-05 7.22526468e-05 7.20457547e-05 7.19008667e-05 7.18259555e-05 7.18283503e-05 7.19146321e-05 7.20905340e-05 7.23608514e-05 7.27293606e-05 7.31987486e-05 7.37705563e-05 7.44451342e-05 7.52216125e-05 7.60978872e-05 7.70706208e-05 7.81352588e-05 7.92860628e-05 8.05161579e-05 8.18175953e-05 8.31814290e-05 8.45978056e-05 8.60560653e-05 8.75448536e-05 8.90522418e-05 9.05658536e-05 9.20729980e-05 9.35608043e-05 9.50163585e-05 9.64268400e-05 9.77796541e-05 9.90625608e-05 1.00263798e-04 1.01372195e-04 1.02377280e-04 1.03269373e-04 1.04039670e-04 1.04680316e-04 1.05184458e-04
1.46417926e-05 1.46671333e-05 1.47431491e-05 1.48698211e-05 1.50471168e-05 1.52749893e-05 1.55533755e-05 1.58821943e-05 1.62613438e-05 1.66906986e-05 1.71701064e-05 1.76993842e-05 1.82783138e-05 1.89066373e-05 1.95840519e-05 2.03102042e-05 2.10846842e-05 2.19070191e-05 2.27766660e-05 2.36930053e-05 2.46553329e-05 2.56628521e-05 2.67146660e-05 2.78097689e-05 2.89470380e-05 3.01252247e-05 3.13429458e-05 3.25986756e-05 3.38907368e-05 3.52172929e-05 3.65763403e-05 3.79657009e-05 3.93830159e-05 4.08257396e-05 4.22911353e-05 4.37762708e-05 4.52780169e-05 4.67930463e-05 4.83178345e-05 4.98486629e-05 5.13816242e-05 5.29126291e-05 5.44374172e-05 5.59515690e-05 5.74505222e-05 5.89295901e-05 6.03839839e-05 6.18088378e-05 6.31992378e-05 6.45502537e-05 6.58569746e-05 6.71145477e-05 6.83182199e-05 6.94633829e-05 7.05456200e-05 7.15607559e-05 7.25049080e-05 7.33745390e-05 7.41665099e-05 7.48781333e-05 7.55072257e-05 7.60521581e-05 7.65119048e-05 7.68860876e-05 7.71750168e-05 7.73797266e-05 7.75020039e-05 7.75444107e-05 7.75102976e-05 7.74038097e-05 7.72298815e-05 7.69942232e-05 7.67032954e-05 7.63642728e-05 7.59849979e-05 7.55739222e-05 7.51400375e-05 7.46927964e-05 7.42420230e-05 7.37978144e-05 7.33704343e-05 7.29701998e-05 7.26073626e-05 7.22919859e-05 7.20338200e-05 7.18421761e-05 7.17258024e-05 7.16927627e-05 7.17503203e-05 7.19048294e-05 7.21616343e-05 7.25249796e-05 7.29979327e-05 7.35823197e-05 7.42786753e-05 7.50862099e-05 7.60027917e-05 7.70249472e-05 7.81478780e-05 7.93654955e-05 8.06704720e-05 8.20543085e-05 8.35074180e-05 8.50192226e-05 8.65782639e-05 8.81723246e-05 8.97885601e-05 9.14136366e-05 9.30338760e-05 9.46354037e-05 9.62042977e-05 9.77267367e-05 9.91891461e-05 1.00578338e-04 1.01881644e-04 1.03087042e-04 1.04183268e-04 1.05159924e-04 1.06007562e-04 1.06717764e-04 1.07283205e-04
1.31269688e-05 1.31529904e-05 1.32310506e-05 1.33611354e-05 1.35432208e-05 1.37772714e-05 1.40632389e-05 1.44010601e-05 1.47906540e-05 1.52319188e-05 1.57247285e-05 1.62689288e-05 1.68643324e-05 1.75107143e-05 1.82078060e-05 1.89552900e-05 1.97527928e-05 2.05998788e-05 2.14960422e-05 2.24407000e-05 2.34331836e-05 2.44727303e-05 2.55584746e-05 2.66894395e-05 2.78645268e-05 2.90825078e-05 3.03420142e-05 3.16415282e-05 3.29793735e-05 3.43537058e-05 3.57625044e-05 3.72035638e-05 3.86744859e-05 4.01726734e-05 4.16953234e-05 4.32394235e-05 4.48017476e-05 4.63788547e-05 4.79670890e-05 4.95625813e-05 5.11612544e-05 5.27588291e-05 5.43508340e-05 5.59326185e-05 5.74993679e-05 5.90461228e-05 6.05678016e-05 6.20592266e-05 6.35151539e-05 6.49303072e-05 6.62994150e-05 6.76172519e-05 6.88786828e-05 7.00787114e-05 7.12125306e-05 7.22755763e-05 7.32635831e-05 7.41726413e-05 7.49992556e-05 7.57404034e-05 7.63935924e-05 7.69569175e-05 7.74291145e-05 7.78096104e-05 7.80985701e-05 7.82969364e-05 7.84064641e-05 7.84297467e-05 7.83702338e-05 7.82322397e-05 7.80209410e-05 7.77423638e-05 7.74033590e-05 7.70115655e-05 7.65753612e-05 7.61038019e-05 7.56065483e-05 7.50937805e-05 7.45761028e-05 7.40644369e-05 7.35699072e-05 7.31037175e-05 7.26770220e-05 7.23007910e-05 7.19856748e-05 7.17418653e-05 7.15789601e-05 7.15058291e-05 7.15304866e-05 7.16599708e-05 7.19002330e-05 7.22560378e-05 7.27308767e-05 7.33268961e-05 7.40448422e-05 7.48840222e-05 7.58422841e-05 7.69160156e-05 7.81001613e-05 7.93882594e-05 8.07724969e-05 8.22437826e-05 8.37918375e-05 8.54053005e-05 8.70718487e-05 8.87783304e-05 9.05109074e-05 9.22552077e-05 9.39964823e-05 9.57197677e-05 9.74100478e-05 9.90524168e-05 1.00632238e-04 1.02135295e-04 1.03547941e-04 1.04857231e-04 1.06051049e-04 1.07118218e-04 1.08048598e-04 1.08833172e-04 1.09464107e-04
1.15535171e-05 1.15802229e-05 1.16603375e-05 1.17938525e-05 1.19807530e-05 1.22210163e-05 1.25146104e-05 1.28614917e-05 1.32616019e-05 1.37148656e-05 1.42211856e-05 1.47804394e-05 1.53924739e-05 1.60571008e-05 1.67740900e-05 1.75431640e-05 1.83639906e-05 1.92361760e-05 2.01592571e-05 2.11326927e-05 2.21558555e-05 2.32280227e-05 2.43483666e-05 2.55159447e-05 2.67296901e-05 2.79884007e-05 2.92907292e-05 3.06351725e-05 3.20200613e-05 3.34435500e-05 3.49036067e-05 3.63980039e-05 3.79243094e-05 3.94798783e-05 4.10618461e-05 4.26671223e-05 4.42923865e-05 4.59340849e-05 4.75884295e-05 4.92513992e-05 5.09187433e-05 5.25859877e-05 5.42484435e-05 5.59012197e-05 5.75392386e-05 5.91572548e-05 6.07498786e-05 6.23116025e-05 6.38368326e-05 6.53199238e-05 6.67552191e-05 6.81370931e-05 6.94599993e-05 7.07185220e-05 7.19074303e-05 7.30217364e-05 7.40567558e-05 7.50081698e-05 7.58720894e-05 7.66451193e-05 7.73244222e-05 7.79077809e-05 7.83936591e-05 7.87812580e-05 7.90705683e-05 7.92624172e-05 7.93585071e-05 7.93614477e-05 7.92747779e-05 7.91029775e-05 7.88514681e-05 7.85266015e-05 7.81356360e-05 7.76866988e-05 7.71887355e-05 7.66514455e-05 7.60852047e-05 7.55009745e-05 7.49101992e-05 7.43246911e-05 7.37565061e-05 7.32178104e-05 7.27207393e-05 7.22772515e-05 7.18989793e-05 7.15970780e-05 7.13820757e-05 7.12637272e-05 7.12508726e-05 7.13513045e-05 7.15716453e-05 7.19172364e-05 7.23920419e-05 7.29985689e-05 7.37378044e-05 7.46091721e-05 7.56105086e-05 7.67380603e-05 7.79865014e-05 7.93489724e-05 8.08171395e-05 8.23812739e-05 8.40303494e-05 8.57521579e-05 8.75334402e-05 8.93600310e-05 9.12170151e-05 9.30888933e-05 9.49597547e-05 9.68134532e-05 9.86337858e-05 1.00404670e-04 1.02110316e-04 1.03735395e-04 1.05265199e-04 1.06685786e-04 1.07984116e-04 1.09148177e-04 1.10167084e-04 1.11031173e-04 1.11732070e-04
9.91989720e-06 9.94728912e-06 1.00294642e-05 1.01664199e-05 1.03581513e-05 1.06046497e-05 1.09059007e-05 1.12618822e-05 1.16725611e-05 1.21378905e-05 1.26578050e-05 1.32322171e-05 1.38610117e-05 1.45440406e-05 1.52811167e-05 1.60720068e-05 1.69164251e-05 1.78140251e-05 1.87643913e-05 1.97670306e-05 2.08213632e-05 2.19267123e-05 2.30822946e-05 2.42872094e-05 2.55404277e-05 2.68407811e-05 2.81869506e-05 2.95774549e-05 3.10106388e-05 3.24846622e-05 3.39974890e-05 3.55468756e-05 3.71303619e-05 3.87452608e-05 4.03886504e-05 4.20573665e-05 4.37479965e-05 4.54568757e-05 4.71800845e-05 4.89134485e-05 5.06525409e-05 5.23926879e-05 5.41289769e-05 5.58562677e-05 5.75692087e-05 5.92622553e-05 6.09296938e-05 6.25656686e-05 6.41642149e-05 6.57192950e-05 6.72248399e-05 6.86747954e-05 7.00631723e-05 7.13841014e-05 7.26318924e-05 7.38010960e-05 7.48865695e-05 7.58835450e-05 7.67876987e-05 7.75952218e-05 7.83028912e-05 7.89081384e-05 7.94091174e-05 7.98047680e-05 8.00948752e-05 8.02801218e-05 8.03621347e-05 8.03435215e-05 8.02278979e-05 8.00199036e-05 7.97252066e-05 7.93504933e-05 7.89034464e-05 7.83927063e-05 7.78278195e-05 7.72191707e-05 7.65779003e-05 7.59158085e-05 7.52452438e-05 7.45789802e-05 7.39300825e-05 7.33117607e-05 7.27372173e-05 7.22194877e-05 7.17712765e-05 7.14047925e-05 7.11315836e-05 7.09623759e-05 7.09069182e-05 7.09738349e-05 7.11704904e-05 7.15028658e-05 7.19754524e-05 7.25911618e-05 7.33512558e-05 7.42552968e-05 7.53011202e-05 7.64848294e-05 7.78008139e-05 7.92417904e-05 8.07988664e-05 8.24616259e-05 8.42182357e-05 8.60555707e-05 8.79593573e-05 8.99143310e-05 9.19044073e-05 9.39128633e-05 9.59225258e-05 9.79159649e-05 9.98756886e-05 1.01784336e-04 1.03624869e-04 1.05380750e-04 1.07036122e-04 1.08575963e-04 1.09986238e-04 1.11254031e-04 1.12367655e-04 1.13316753e-04 1.14092374e-04
8.22456465e-06 8.25264313e-06 8.33688003e-06 8.47727940e-06 8.67384712e-06 8.92658957e-06 9.23551171e-06 9.60061473e-06 1.00218930e-05 1.04993306e-05 1.10328973e-05 1.16225438e-05 1.22681965e-05 1.29697518e-05 1.37270696e-05 1.45399663e-05 1.54082075e-05 1.63314993e-05 1.73094802e-05 1.83417112e-05 1.94276664e-05 2.05667222e-05 2.17581468e-05 2.30010883e-05 2.42945635e-05 2.56374455e-05 2.70284513e-05 2.84661293e-05 2.99488464e-05 3.14747758e-05 3.30418842e-05 3.46479198e-05 3.62904010e-05 3.79666047e-05 3.96735574e-05 4.14080255e-05 4.31665084e-05 4.49452326e-05 4.67401481e-05 4.85469269e-05 5.03609642e-05 5.21773825e-05 5.39910390e-05 5.57965365e-05 5.75882384e-05 5.93602877e-05 6.11066306e-05 6.28210446e-05 6.44971719e-05 6.61285575e-05 6.77086930e-05 6.92310643e-05 7.06892062e-05 7.20767601e-05 7.33875374e-05 7.46155867e-05 7.57552648e-05 7.68013103e-05 7.77489203e-05 7.85938273e-05 7.93323775e-05 7.99616076e-05 8.04793196e-05 8.08841524e-05 8.11756489e-05 8.13543157e-05 8.14216765e-05 8.13803151e-05 8.12339090e-05 8.09872496e-05 8.06462507e-05 8.02179416e-05 7.97104455e-05 7.91329418e-05 7.84956123e-05 7.78095704e-05 7.70867742e-05 7.63399234e-05 7.55823404e-05 7.48278377e-05 7.40905719e-05 7.33848860e-05 7.27251433e-05 7.21255524e-05 7.15999889e-05 7.11618139e-05 7.08236929e-05 7.05974189e-05 7.04937403e-05 7.05221990e-05 7.06909795e-05 7.10067730e-05 7.14746580e-05 7.20980003e-05 7.28783742e-05 7.38155059e-05 7.49072419e-05 7.61495414e-05 7.75364948e-05 7.90603667e-05 8.07116647e-05 8.24792323e-05 8.43503638e-05 8.63109416e-05 8.83455917e-05 9.04378567e-05 9.25703826e-05 9.47251168e-05 9.68835147e-05 9.90267513e-05 1.01135934e-04 1.03192314e-04 1.05177496e-04 1.07073634e-04 1.08863624e-04 1.10531275e-04 1.12061477e-04 1.13440336e-04 1.14655306e-04 1.15695284e-04 1.16550701e-04
6.46597409e-06 6.49473792e-06 6.58103319e-06 6.72487104e-06 6.92626908e-06 7.18525004e-06 7.50183981e-06 7.87606495e-06 8.30794959e-06 8.79751177e-06 9.34475921e-06 9.94968446e-06 1.06122594e-05 1.13324292e-05 1.21101057e-05 1.29451598e-05 1.38374139e-05 1.47866330e-05 1.57925154e-05 1.68546831e-05 1.79726710e-05 1.91459162e-05 2.03737458e-05 2.16553650e-05 2.29898446e-05 2.43761075e-05 2.58129153e-05 2.72988546e-05 2.88323234e-05 3.04115165e-05 3.20344123e-05 3.36987585e-05 3.54020599e-05 3.71415648e-05 3.89142544e-05 4.07168316e-05 4.25457123e-05 4.43970179e-05 4.62665701e-05 4.81498877e-05 5.00421866e-05 5.19383823e-05 5.38330965e-05 5.57206669e-05 5.75951616e-05 5.94503977e-05 6.12799649e-05 6.30772545e-05 6.48354933e-05 6.65477831e-05 6.82071467e-05 6.98065781e-05 7.13391002e-05 7.27978265e-05 7.41760287e-05 7.54672096e-05 7.66651790e-05 7.77641347e-05 7.87587454e-05 7.96442355e-05 8.04164714e-05 8.10720460e-05 8.16083627e-05 8.20237153e-05 8.23173631e-05 8.24896001e-05 8.25418149e-05 8.24765425e-05 8.22975030e-05 8.20096290e-05 8.16190775e-05 8.11332267e-05 8.05606567e-05 7.99111115e-05 7.91954441e-05 7.84255428e-05 7.76142388e-05 7.67751970e-05 7.59227881e-05 7.50719459e-05 7.42380091e-05 7.34365507e-05 7.26831960e-05 7.19934327e-05 7.13824152e-05 7.08647653e-05 7.04543741e-05 7.01642058e-05 7.00061092e-05 6.99906381e-05 7.01268840e-05 7.04223256e-05 7.08826959e-05 7.15118700e-05 7.23117770e-05 7.32823358e-05 7.44214184e-05 7.57248394e-05 7.71863745e-05 7.87978065e-05 8.05489990e-05 8.24279964e-05 8.44211498e-05 8.65132660e-05 8.86877776e-05 9.09269316e-05 9.32119945e-05 9.55234684e-05 9.78413179e-05 1.00145201e-04 1.02414702e-04 1.04629565e-04 1.06769921e-04 1.08816501e-04 1.10750851e-04 1.12555515e-04 1.14214218e-04 1.15712014e-04 1.17035427e-04 1.18172557e-04 1.19113174e-04
4.64258301e-06 4.67202918e-06 4.76037406e-06 4.90763637e-06 5.11384640e-06 5.37904456e-06 5.70327933e-06 6.08660474e-06 6.52907711e-06 7.03075130e-06 7.59167630e-06 8.21189014e-06 8.89141426e-06 9.63024717e-06 1.04283574e-05 1.12856760e-05 1.22020877e-05 1.31774226e-05 1.42114456e-05 1.53038468e-05 1.64542293e-05 1.76620987e-05 1.89268493e-05 2.02477521e-05 2.16239404e-05 2.30543963e-05 2.45379353e-05 2.60731921e-05 2.76586047e-05 2.92923994e-05 3.09725755e-05 3.26968898e-05 3.44628418e-05 3.62676600e-05 3.81082877e-05 3.99813712e-05 4.18832488e-05 4.38099413e-05 4.57571453e-05 4.77202280e-05 4.96942256e-05 5.16738442e-05 5.36534652e-05 5.56271538e-05 5.75886725e-05 5.95314994e-05 6.14488516e-05 6.33337142e-05 6.51788751e-05 6.69769665e-05 6.87205114e-05 7.04019780e-05 7.20138395e-05 7.35486402e-05 7.49990679e-05 7.63580319e-05 7.76187456e-05 7.87748138e-05 7.98203233e-05 8.07499364e-05 8.15589847e-05 8.22435640e-05 8.28006267e-05 8.32280717e-05 8.35248287e-05 8.36909367e-05 8.37276133e-05 8.36373144e-05 8.34237805e-05 8.30920709e-05 8.26485807e-05 8.21010421e-05 8.14585069e-05 8.07313097e-05 7.99310119e-05 7.90703245e-05 7.81630114e-05 7.72237724e-05 7.62681065e-05 7.53121582e-05 7.43725463e-05 7.34661784e-05 7.26100531e-05 7.18210526e-05 7.11157277e-05 7.05100804e-05 7.00193451e-05 6.96577731e-05 6.94384243e-05 6.93729685e-05 6.94715007e-05 6.97423731e-05 7.01920476e-05 7.08249705e-05 7.16434732e-05 7.26477001e-05 7.38355651e-05 7.52027390e-05 7.67426672e-05 7.84466185e-05 8.03037643e-05 8.23012872e-05 8.44245177e-05 8.66570964e-05 8.89811604e-05 9.13775495e-05 9.38260299e-05 9.63055322e-05 9.87943987e-05 1.01270637e-04 1.03712177e-04 1.06097122e-04 1.08404000e-04 1.10612002e-04 1.12701204e-04 1.14652783e-04 1.16449201e-04 1.18074377e-04 1.19513835e-04 1.20754820e-04 1.21786394e-04
2.75285570e-06 2.78297932e-06 2.87335928e-06 3.02402250e-06 3.23501290e-06 3.50638990e-06 3.83822636e-06 4.23060588e-06 4.68361956e-06 5.19736203e-06 5.77192691e-06 6.40740158e-06 7.10386128e-06 7.86136254e-06 8.67993585e-06 9.55957768e-06 1.05002417e-05 1.15018293e-05 1.25641792e-05 1.36870567e-05 1.48701416e-05 1.61130158e-05 1.74151501e-05 1.87758902e-05 2.01944418e-05 2.16698557e-05 2.32010117e-05 2.47866027e-05 2.64251174e-05 2.81148243e-05 2.98537539e-05 3.16396821e-05 3.34701138e-05 3.53422665e-05 3.72530549e-05 3.91990767e-05 4.11765996e-05 4.31815498e-05 4.52095030e-05 4.72556777e-05 4.93149309e-05 5.13817582e-05 5.34502964e-05 5.55143317e-05 5.75673115e-05 5.96023617e-05 6.16123105e-05 6.35897168e-05 6.55269058e-05 6.74160119e-05 6.92490269e-05 7.10178568e-05 7.27143853e-05 7.43305436e-05 7.58583880e-05 7.72901834e-05 7.86184928e-05 7.98362714e-05 8.09369661e-05 8.19146170e-05 8.27639616e-05 8.34805386e-05 8.40607915e-05 8.45021682e-05 8.48032169e-05 8.49636742e-05 8.49845448e-05 8.48681702e-05 8.46182847e-05 8.42400561e-05 8.37401096e-05 8.31265338e-05 8.24088662e-05 8.15980580e-05 8.07064169e-05 7.97475275e-05 7.87361487e-05 7.76880897e-05 7.66200642e-05 7.55495235e-05 7.44944725e-05 7.34732676e-05 7.25044016e-05 7.16062768e-05 7.07969703e-05 7.00939944e-05 6.95140570e-05 6.90728235e-05 6.87846872e-05 6.86625493e-05 6.87176146e-05 6.89592044e-05 6.93945927e-05 7.00288658e-05 7.08648109e-05 7.19028347e-05 7.31409126e-05 7.45745734e-05 7.61969158e-05 7.79986604e-05 7.99682347e-05 8.20918909e-05 8.43538545e-05 8.67365014e-05 8.92205617e-05 9.17853449e-05 9.44089857e-05 9.70687042e-05 9.97410771e-05 1.02402316e-04 1.05028549e-04 1.07596095e-04 1.10081742e-04 1.12463002e-04 1.14718363e-04 1.16827513e-04 1.18771552e-04 1.20533173e-04 1.22096820e-04 1.23448819e-04 1.24577481e-04
7.95267601e-07 8.26061718e-07 9.18456079e-07 1.07248640e-06 1.28821123e-06 1.56571039e-06 1.90508289e-06 2.30644417e-06 2.76992270e-06 3.29565597e-06 3.88378575e-06 4.53445270e-06 5.24779030e-06 6.02391799e-06 6.86293360e-06 7.76490499e-06 8.72986094e-06 9.75778117e-06 1.08485856e-05 1.20021227e-05 1.32181571e-05 1.44963564e-05 1.58362769e-05 1.72373489e-05 1.86988607e-05 2.02199428e-05 2.17995501e-05 2.34364449e-05 2.51291784e-05 2.68760724e-05 2.86752006e-05 3.05243694e-05 3.24211003e-05 3.43626106e-05 3.63457967e-05 3.83672171e-05 4.04230774e-05 4.25092164e-05 4.46210948e-05 4.67537862e-05 4.89019707e-05 5.10599328e-05 5.32215622e-05 5.53803599e-05 5.75294491e-05 5.96615916e-05 6.17692101e-05 6.38444170e-05 6.58790507e-05 6.78647187e-05 6.97928485e-05 7.16547463e-05 7.34416637e-05 7.51448723e-05 7.67557460e-05 7.82658505e-05 7.96670400e-05 8.09515591e-05 8.21121508e-05 8.31421682e-05 8.40356882e-05 8.47876267e-05 8.53938534e-05 8.58513035e-05 8.61580844e-05 8.63135765e-05 8.63185236e-05 8.61751125e-05 8.58870389e-05 8.54595566e-05 8.48995093e-05 8.42153420e-05 8.34170904e-05 8.25163478e-05 8.15262073e-05 8.04611796e-05 7.93370850e-05 7.81709221e-05 7.69807108e-05 7.57853138e-05 7.46042365e-05 7.34574084e-05 7.23649481e-05 7.13469159e-05 7.04230564e-05 6.96125360e-05 6.89336785e-05 6.84037037e-05 6.80384731e-05 6.78522472e-05 6.78574580e-05 6.80645024e-05 6.84815586e-05 6.91144299e-05 6.99664196e-05 7.10382381e-05 7.23279456e-05 7.38309315e-05 7.55399312e-05 7.74450804e-05 7.95340069e-05 8.17919577e-05 8.42019617e-05 8.67450223e-05 8.94003403e-05 9.21455610e-05 9.49570431e-05 9.78101440e-05 1.00679518e-04 1.03539420e-04 1.06364016e-04 1.09127685e-04 1.11805320e-04 1.14372610e-04 1.16806314e-04 1.19084511e-04 1.21186823e-04 1.23094617e-04 1.24791178e-04 1.26261845e-04 1.27494123e-04
-1.23169007e-06 -1.20023463e-06 -1.10585315e-06 -9.48500528e-07 -7.28102584e-07 -4.44557643e-07 -9.77386908e-08 3.12503804e-07 7.86338423e-07 1.32394865e-06 1.92552803e-06 2.59127464e-06 3.32138474e-06 4.11604579e-06 4.97542854e-06 5.89967839e-06 6.88890587e-06 7.94317627e-06 9.06249838e-06 1.02468123e-05 1.14959765e-05 1.28097534e-05 1.41877949e-05 1.56296265e-05 1.71346303e-05 1.87020275e-05 2.03308604e-05 2.20199729e-05 2.37679910e-05 2.55733028e-05 2.74340376e-05 2.93480457e-05 3.13128770e-05 3.33257616e-05 3.53835888e-05 3.74828891e-05 3.96198158e-05 4.17901294e-05 4.39891827e-05 4.62119099e-05 4.84528178e-05 5.07059807e-05 5.29650395e-05 5.52232055e-05 5.74732697e-05 5.97076174e-05 6.19182500e-05 6.40968136e-05 6.62346347e-05 6.83227645e-05 7.03520314e-05 7.23131023e-05 7.41965523e-05 7.59929437e-05 7.76929136e-05 7.92872698e-05 8.07670946e-05 8.21238556e-05 8.33495228e-05 8.44366904e-05 8.53787022e-05 8.61697786e-05 8.68051438e-05 8.72811502e-05 8.75953989e-05 8.77468526e-05 8.77359394e-05 8.75646444e-05 8.72365865e-05 8.67570784e-05 8.61331662e-05 8.53736481e-05 8.44890686e-05 8.34916879e-05 8.23954244e-05 8.12157697e-05 7.99696757e-05 7.86754149e-05 7.73524127e-05 7.60210552e-05 7.47024727e-05 7.34183026e-05 7.21904330e-05 7.10407326e-05 6.99907688e-05 6.90615189e-05 6.82730804e-05 6.76443814e-05 6.71929009e-05 6.69343994e-05 6.68826670e-05 6.70492939e-05 6.74434653e-05 6.80717878e-05 6.89381477e-05 7.00436068e-05 7.13863362e-05 7.29615910e-05 7.47617257e-05 7.67762522e-05 7.89919377e-05 8.13929437e-05 8.39610016e-05 8.66756248e-05 8.95143511e-05 9.24530146e-05 9.54660395e-05 9.85267543e-05 1.01607718e-04 1.04681054e-04 1.07718790e-04 1.10693193e-04 1.13577091e-04 1.16344193e-04 1.18969381e-04 1.21428985e-04 1.23701028e-04 1.25765445e-04 1.27604269e-04 1.29201781e-04 1.30544628e-04
-3.32950537e-06 -3.29740012e-06 -3.20106588e-06 -3.04044753e-06 -2.81545420e-06 -2.52596093e-06 -2.17181079e-06 -1.75281784e-06 -1.26877059e-06 -7.19436308e-07 -1.04565943e-07 5.76100182e-07 1.32282589e-06 2.13587189e-06 3.01548767e-06 3.96190253e-06 4.97531570e-06 6.05588560e-06 7.20371803e-06 8.41885348e-06 9.70125338e-06 1.10507854e-05 1.24672075e-05 1.39501515e-05 1.54991048e-05 1.71133923e-05 1.87921558e-05 2.05343344e-05 2.23386426e-05 2.42035486e-05 2.61272516e-05 2.81076593e-05 3.01423649e-05 3.22286242e-05 3.43633334e-05 3.65430073e-05 3.87637588e-05 4.10212802e-05 4.33108258e-05 4.56271977e-05 4.79647342e-05 5.03173022e-05 5.26782935e-05 5.50406264e-05 5.73967523e-05 5.97386693e-05 6.20579423e-05 6.43457306e-05 6.65928238e-05 6.87896867e-05 7.09265129e-05 7.29932886e-05 7.49798653e-05 7.68760437e-05 7.86716661e-05 8.03567193e-05 8.19214459e-05 8.33564646e-05 8.46528965e-05 8.58024990e-05 8.67978029e-05 8.76322526e-05 8.83003470e-05 8.87977783e-05 8.91215666e-05 8.92701880e-05 8.92436925e-05 8.90438088e-05 8.86740348e-05 8.81397081e-05 8.74480567e-05 8.66082250e-05 8.56312746e-05 8.45301563e-05 8.33196541e-05 8.20162976e-05 8.06382441e-05 7.92051301e-05 7.77378930e-05 7.62585631e-05 7.47900304e-05 7.33557865e-05 7.19796458e-05 7.06854499e-05 6.94967588e-05 6.84365340e-05 6.75268189e-05 6.67884206e-05 6.62405999e-05 6.59007732e-05 6.57842338e-05 6.59038957e-05 6.62700661e-05 6.68902505e-05 6.77689940e-05 6.89077634e-05 7.03048714e-05 7.19554450e-05 7.38514405e-05 7.59817039e-05 7.83320768e-05 8.08855466e-05 8.36224383e-05 8.65206459e-05 8.95558984e-05 9.27020570e-05 9.59314383e-05 9.92151585e-05 1.02523492e-04 1.05826239e-04 1.09093097e-04 1.12294027e-04 1.15399615e-04 1.18381411e-04 1.21212259e-04 1.23866589e-04 1.26320693e-04 1.28552956e-04 1.30544063e-04 1.32277160e-04 1.33737976e-04
-5.49964030e-06 -5.46689928e-06 -5.36865416e-06 -5.20483917e-06 -4.97534574e-06 -4.68002407e-06 -4.31868544e-06 -3.89110506e-06 -3.39702575e-06 -2.83616217e-06 -2.20820594e-06 -1.51283145e-06 -7.49702456e-07 8.15204448e-08 9.81171468e-07 1.94957041e-06 2.98701244e-06 4.09375693e-06 5.27001521e-06 6.51593730e-06 7.83159758e-06 9.21697925e-06 1.06719577e-05 1.21962830e-05 1.37895606e-05 1.54512316e-05 1.71805519e-05 1.89765697e-05 2.08381026e-05 2.27637143e-05 2.47516893e-05 2.68000084e-05 2.89063235e-05 3.10679318e-05 3.32817510e-05 3.55442948e-05 3.78516495e-05 4.01994515e-05 4.25828674e-05 4.49965763e-05 4.74347554e-05 4.98910683e-05 5.23586593e-05 5.48301516e-05 5.72976515e-05 5.97527598e-05 6.21865902e-05 6.45897956e-05 6.69526037e-05 6.92648620e-05 7.15160925e-05 7.36955575e-05 7.57923361e-05 7.77954114e-05 7.96937695e-05 8.14765084e-05 8.31329584e-05 8.46528106e-05 8.60262558e-05 8.72441288e-05 8.82980597e-05 8.91806282e-05 8.98855193e-05 9.04076782e-05 9.07434611e-05 9.08907792e-05 9.08492329e-05 9.06202321e-05 9.02071012e-05 8.96151628e-05 8.88518002e-05 8.79264927e-05 8.68508237e-05 8.56384573e-05 8.43050835e-05 8.28683290e-05 8.13476340e-05 7.97640956e-05 7.81402763e-05 7.64999814e-05 7.48680064e-05 7.32698565e-05 7.17314432e-05 7.02787608e-05 6.89375482e-05 6.77329409e-05 6.66891188e-05 6.58289553e-05 6.51736747e-05 6.47425224e-05 6.45524549e-05 6.46178558e-05 6.49502817e-05 6.55582443e-05 6.64470324e-05 6.76185787e-05 6.90713722e-05 7.08004211e-05 7.27972654e-05 7.50500406e-05 7.75435916e-05 8.02596361e-05 8.31769732e-05 8.62717365e-05 8.95176857e-05 9.28865325e-05 9.63482952e-05 9.98716771e-05 1.03424460e-04 1.06973909e-04 1.10487181e-04 1.13931724e-04 1.17275678e-04 1.20488247e-04 1.23540053e-04 1.26403467e-04 1.29052902e-04 1.31465069e-04 1.33619201e-04 1.35497221e-04 1.37083884e-04
-7.74352516e-06 -7.71016505e-06 -7.61005895e-06 -7.44312977e-06 -7.20925014e-06 -6.90824396e-06 -6.53988870e-06 -6.10391838e-06 -5.60002715e-06 -5.02787372e-06 -4.38708647e-06 -3.67726942e-06 -2.89800889e-06 -2.04888124e-06 -1.12946132e-06 -1.39332031e-07 9.21905205e-07 2.05461887e-06 3.25913467e-06 4.53572178e-06 5.88457781e-06 7.30581261e-06 8.79943086e-06 1.03653133e-05 1.20031968e-05 1.37126532e-05 1.54930665e-05 1.73436098e-05 1.92632201e-05 2.12505725e-05 2.33040540e-05 2.54217357e-05 2.76013451e-05 2.98402382e-05 3.21353712e-05 3.44832732e-05 3.68800190e-05 3.93212040e-05 4.18019202e-05 4.43167352e-05 4.68596736e-05 4.94242027e-05 5.20032226e-05 5.45890611e-05 5.71734755e-05 5.97476607e-05 6.23022654e-05 6.48274172e-05 6.73127569e-05 6.97474835e-05 7.21204097e-05 7.44200295e-05 7.66345976e-05 7.87522214e-05 8.07609649e-05 8.26489654e-05 8.44045619e-05 8.60164343e-05 8.74737532e-05 8.87663377e-05 8.98848210e-05 9.08208199e-05 9.15671077e-05 9.21177859e-05 9.24684535e-05 9.26163687e-05 9.25606010e-05 9.23021697e-05 9.18441645e-05 9.11918453e-05 9.03527174e-05 8.93365785e-05 8.81555349e-05 8.68239845e-05 8.53585636e-05 8.37780567e-05 8.21032690e-05 8.03568597e-05 7.85631387e-05 7.67478269e-05 7.49377830e-05 7.31606993e-05 7.14447705e-05 6.98183405e-05 6.83095314e-05 6.69458613e-05 6.57538558e-05 6.47586620e-05 6.39836684e-05 6.34501403e-05 6.31768758e-05 6.31798896e-05 6.34721298e-05 6.40632340e-05 6.49593305e-05 6.61628859e-05 6.76726067e-05 6.94833934e-05 7.15863514e-05 7.39688581e-05 7.66146853e-05 7.95041763e-05 8.26144739e-05 8.59197971e-05 8.93917603e-05 9.29997316e-05 9.67112219e-05 1.00492301e-04 1.04308030e-04 1.08122906e-04 1.11901313e-04 1.15607960e-04 1.19208318e-04 1.22669034e-04 1.25958317e-04 1.29046298e-04 1.31905355e-04 1.34510386e-04 1.36839056e-04 1.38871982e-04 1.40592873e-04
-1.00625525e-05 -1.00285929e-05 -9.92668414e-06 -9.75673735e-06 -9.51860520e-06 -9.21208378e-06 -8.83691480e-06 -8.39278857e-06 -7.87934769e-06 -7.29619146e-06 -6.64288106e-06 -5.91894559e-06 -5.12388888e-06 -4.25719729e-06 -3.31834843e-06 -2.30682086e-06 -1.22210490e-06 -6.37145112e-08 1.16879961e-06 2.47583572e-06 3.85772549e-06 5.31471703e-06 6.84695670e-06 8.45446937e-06 1.01371374e-05 1.18946781e-05 1.37266198e-05 1.56322768e-05 1.76107224e-05 1.96607617e-05 2.17809019e-05 2.39693234e-05 2.62238486e-05 2.85419111e-05 3.09205246e-05 3.33562520e-05 3.58451748e-05 3.83828640e-05 4.09643524e-05 4.35841097e-05 4.62360198e-05 4.89133623e-05 5.16087988e-05 5.43143638e-05 5.70214634e-05 5.97208793e-05 6.24027832e-05 6.50567593e-05 6.76718370e-05 7.02365354e-05 7.27389195e-05 7.51666689e-05 7.75071603e-05 7.97475634e-05 8.18749509e-05 8.38764223e-05 8.57392410e-05 8.74509845e-05 8.89997065e-05 9.03741085e-05 9.15637211e-05 9.25590905e-05 9.33519694e-05 9.39355084e-05 9.43044444e-05 9.44552832e-05 9.43864715e-05 9.40985553e-05 9.35943190e-05 9.28789028e-05 9.19598931e-05 9.08473830e-05 8.95539988e-05 8.80948896e-05 8.64876777e-05 8.47523683e-05 8.29112166e-05 8.09885526e-05 7.90105639e-05 7.70050388e-05 7.50010701e-05 7.30287255e-05 7.11186862e-05 6.93018611e-05 6.76089795e-05 6.60701710e-05 6.47145384e-05 6.35697302e-05 6.26615214e-05 6.20134089e-05 6.16462301e-05 6.15778101e-05 6.18226470e-05 6.23916387e-05 6.32918593e-05 6.45263875e-05 6.60941935e-05 6.79900848e-05 7.02047140e-05 7.27246494e-05 7.55325067e-05 7.86071411e-05 8.19238966e-05 8.54549082e-05 8.91694525e-05 9.30343404e-05 9.70143460e-05 1.01072662e-04 1.05171379e-04 1.09271972e-04 1.13335794e-04 1.17324565e-04 1.21200848e-04 1.24928500e-04 1.28473104e-04 1.31802358e-04 1.34886427e-04 1.37698253e-04 1.40213809e-04 1.42412305e-04 1.44276343e-04
-1.24580708e-05 -1.24235342e-05 -1.23198902e-05 -1.21470373e-05 -1.19048072e-05 -1.15929667e-05 -1.12112197e-05 -1.07592104e-05 -1.02365269e-05 -9.64270543e-06 -8.97723612e-06 -8.23956852e-06 -7.42911876e-06 -6.54527742e-06 -5.58741834e-06 -4.55490858e-06 -3.44711940e-06 -2.26343852e-06 -1.00328353e-06 3.33883301e-07 1.74853891e-06 3.24108185e-06 4.81181317e-06 6.46091591e-06 8.18843281e-06 9.99424265e-06 1.18780348e-05 1.38392825e-05 1.58772141e-05 1.79907834e-05 2.01786385e-05 2.24390891e-05 2.47700736e-05 2.71691244e-05 2.96333337e-05 3.21593190e-05 3.47431888e-05 3.73805090e-05 4.00662716e-05 4.27948645e-05 4.55600451e-05 4.83549170e-05 5.11719113e-05 5.40027740e-05 5.68385596e-05 5.96696322e-05 6.24856757e-05 6.52757138e-05 6.80281408e-05 7.07307651e-05 7.33708646e-05 7.59352575e-05 7.84103864e-05 8.07824189e-05 8.30373627e-05 8.51611974e-05 8.71400204e-05 8.89602089e-05 9.06085943e-05 9.20726496e-05 9.33406872e-05 9.44020637e-05 9.52473912e-05 9.58687494e-05 9.62598963e-05 9.64164733e-05 9.63362001e-05 9.60190545e-05 9.54674338e-05 9.46862912e-05 9.36832448e-05 9.24686528e-05 9.10556525e-05 8.94601585e-05 8.77008180e-05 8.57989205e-05 8.37782607e-05 8.16649541e-05 7.94872060e-05 7.72750348e-05 7.50599530e-05 7.28746084e-05 7.07523908e-05 6.87270091e-05 6.68320459e-05 6.51004947e-05 6.35642891e-05 6.22538316e-05 6.11975291e-05 6.04213447e-05 5.99483738e-05 5.97984524e-05 5.99878048e-05 6.05287391e-05 6.14293952e-05 6.26935517e-05 6.43204961e-05 6.63049607e-05 6.86371274e-05 7.13027009e-05 7.42830510e-05 7.75554210e-05 8.10932000e-05 8.48662536e-05 8.88413086e-05 9.29823852e-05 9.72512671e-05 1.01608005e-04 1.06011440e-04 1.10419746e-04 1.14790965e-04 1.19083551e-04 1.23256893e-04 1.27271808e-04 1.31091017e-04 1.34679571e-04 1.38005238e-04 1.41038837e-04 1.43754518e-04 1.46129984e-04 1.48146653e-04
-1.49313778e-05 -1.48962898e-05 -1.47909873e-05 -1.46153556e-05 -1.43692043e-05 -1.40522693e-05 -1.36642147e-05 -1.32046361e-05 -1.26730640e-05 -1.20689686e-05 -1.13917644e-05 -1.06408169e-05 -9.81544935e-06 -8.91495058e-06 -7.93858408e-06 -6.88559805e-06 -5.75523659e-06 -4.54675220e-06 -3.25941958e-06 -1.89255079e-06 -4.45511969e-07 1.08225849e-06 2.69123007e-06 4.38175860e-06 6.15406303e-06 8.00820039e-06 9.94403897e-06 1.19612297e-05 1.40591760e-05 1.62370013e-05 1.84935160e-05 2.08271816e-05 2.32360752e-05 2.57178513e-05 2.82697042e-05 3.08883294e-05 3.35698851e-05 3.63099545e-05 3.91035094e-05 4.19448757e-05 4.48277012e-05 4.77449280e-05 5.06887681e-05 5.36506862e-05 5.66213881e-05 5.95908175e-05 6.25481620e-05 6.54818697e-05 6.83796774e-05 7.12286518e-05 7.40152448e-05 7.67253645e-05 7.93444618e-05 8.18576344e-05 8.42497478e-05 8.65055742e-05 8.86099484e-05 9.05479414e-05 9.23050487e-05 9.38673939e-05 9.52219442e-05 9.63567362e-05 9.72611083e-05 9.79259362e-05 9.83438683e-05 9.85095558e-05 9.84198727e-05 9.80741210e-05 9.74742157e-05 9.66248448e-05 9.55335976e-05 9.42110589e-05 9.26708613e-05 9.09296952e-05 8.90072694e-05 8.69262224e-05 8.47119816e-05 8.23925698e-05 7.99983590e-05 7.75617738e-05 7.51169467e-05 7.26993284e-05 7.03452592e-05 6.80915064e-05 6.59747751e-05 6.40311999e-05 6.22958259e-05 6.08020877e-05 5.95812956e-05 5.86621388e-05 5.80702145e-05 5.78275914e-05 5.79524171e-05 5.84585772e-05 5.93554123e-05 6.06475001e-05 6.23345068e-05 6.44111118e-05 6.68670080e-05 6.96869789e-05 7.28510510e-05 7.63347206e-05 8.01092509e-05 8.41420351e-05 8.83970179e-05 9.28351707e-05 9.74150095e-05 1.02093148e-04 1.06824877e-04 1.11564755e-04 1.16267210e-04 1.20887125e-04 1.25380421e-04 1.29704600e-04 1.33819264e-04 1.37686584e-04 1.41271725e-04 1.44543207e-04 1.47473214e-04 1.50037830e-04 1.52217213e-04
-1.74837131e-05 -1.74481027e-05 -1.73412285e-05 -1.71629618e-05 -1.69130892e-05 -1.65913140e-05 -1.61972588e-05 -1.57304679e-05 -1.51904115e-05 -1.45764896e-05 -1.38880378e-05 -1.31243326e-05 -1.22845990e-05 -1.13680181e-05 -1.03737364e-05 -9.30087585e-06 -8.14854499e-06 -6.91585201e-06 -5.60191861e-06 -4.20589563e-06 -2.72698017e-06 -1.16443446e-06 4.82393640e-07 2.21404818e-06 4.03094083e-06 5.93332462e-06 7.92126566e-06 9.99461286e-06 1.21529657e-05 1.43956397e-05 1.67216307e-05 1.91295767e-05 2.16177182e-05 2.41838576e-05 2.68253170e-05 2.95388960e-05 3.23208282e-05 3.51667394e-05 3.80716055e-05 4.10297125e-05 4.40346197e-05 4.70791252e-05 5.01552368e-05 5.32541483e-05 5.63662228e-05 5.94809838e-05 6.25871167e-05 6.56724809e-05 6.87241344e-05 7.17283727e-05 7.46707825e-05 7.75363129e-05 8.03093634e-05 8.29738914e-05 8.55135386e-05 8.79117773e-05 9.01520764e-05 9.22180869e-05 9.40938455e-05 9.57639945e-05 9.72140180e-05 9.84304884e-05 9.94013234e-05 1.00116047e-04 1.00566052e-04 1.00744858e-04 1.00648358e-04 1.00275057e-04 9.96262782e-05 9.87063512e-05 9.75227654e-05 9.60862828e-05 9.44110087e-05 9.25144135e-05 9.04173020e-05 8.81437270e-05 8.57208454e-05 8.31787156e-05 8.05500360e-05 7.78698266e-05 7.51750569e-05 7.25042230e-05 6.98968797e-05 6.73931349e-05 6.50331125e-05 6.28563934e-05 6.09014429e-05 5.92050350e-05 5.78016844e-05 5.67230943e-05 5.59976340e-05 5.56498521e-05 5.57000392e-05 5.61638458e-05 5.70519645e-05 5.83698840e-05 6.01177197e-05 6.22901250e-05 6.48762865e-05 6.78600044e-05 7.12198566e-05 7.49294451e-05 7.89577207e-05 8.32693804e-05 8.78253316e-05 9.25832138e-05 9.74979688e-05 1.02522451e-04 1.07608064e-04 1.12705415e-04 1.17764973e-04 1.22737719e-04 1.27575785e-04 1.32233053e-04 1.36665724e-04 1.40832837e-04 1.44696725e-04 1.48223422e-04 1.51382988e-04 1.54149769e-04 1.56502584e-04
-2.01162511e-05 -2.00801508e-05 -1.99718021e-05 -1.97910616e-05 -1.95376919e-05 -1.92113623e-05 -1.88116517e-05 -1.83380509e-05 -1.77899667e-05 -1.71667257e-05 -1.64675801e-05 -1.56917131e-05 -1.48382460e-05 -1.39062463e-05 -1.28947367e-05 -1.18027051e-05 -1.06291164e-05 -9.37292498e-06 -8.03308930e-06 -6.60858761e-06 -5.09843557e-06 -3.50170560e-06 -1.81754815e-06 -4.52149062e-08 1.81591588e-06 3.76631189e-06 5.80625706e-06 7.93581956e-06 1.01548176e-05 1.24627828e-05 1.48589217e-05 1.73420747e-05 1.99106731e-05 2.25626951e-05 2.52956195e-05 2.81063785e-05 3.09913105e-05 3.39461118e-05 3.69657901e-05 4.00446181e-05 4.31760905e-05 4.63528834e-05 4.95668186e-05 5.28088334e-05 5.60689575e-05 5.93362981e-05 6.25990354e-05 6.58444295e-05 6.90588408e-05 7.22277650e-05 7.53358854e-05 7.83671424e-05 8.13048232e-05 8.41316717e-05 8.68300203e-05 8.93819436e-05 9.17694345e-05 9.39746020e-05 9.59798907e-05 9.77683191e-05 9.93237365e-05 1.00631093e-04 1.01676724e-04 1.02448638e-04 1.02936807e-04 1.03133462e-04 1.03033365e-04 1.02634080e-04 1.01936214e-04 1.00943633e-04 9.96636387e-05 9.81071108e-05 9.62885943e-05 9.42263380e-05 9.19422733e-05 8.94619324e-05 8.68143021e-05 8.40316117e-05 8.11490561e-05 7.82044547e-05 7.52378490e-05 7.22910437e-05 6.94070968e-05 6.66297659e-05 6.40029188e-05 6.15699183e-05 5.93729906e-05 5.74525893e-05 5.58467657e-05 5.45905570e-05 5.37154043e-05 5.32486120e-05 5.32128584e-05 5.36257681e-05 5.44995560e-05 5.58407484e-05 5.76499904e-05 5.99219417e-05 6.26452662e-05 6.58027149e-05 6.93713028e-05 7.33225768e-05 7.76229703e-05 8.22342398e-05 8.71139741e-05 9.22161689e-05 9.74918551e-05 1.02889771e-04 1.08357065e-04 1.13840017e-04 1.19284763e-04 1.24638016e-04 1.29847764e-04 1.34863935e-04 1.39639022e-04 1.44128647e-04 1.48292073e-04 1.52092634e-04 1.55498101e-04 1.58480954e-04 1.61018586e-04
-2.28300930e-05 -2.27935389e-05 -2.26838235e-05 -2.25007888e-05 -2.22441716e-05 -2.19136062e-05 -2.15086256e-05 -2.10286650e-05 -2.04730645e-05 -1.98410744e-05 -1.91318590e-05 -1.83445037e-05 -1.74780209e-05 -1.65313585e-05 -1.55034086e-05 -1.43930176e-05 -1.31989980e-05 -1.19201411e-05 -1.05552316e-05 -9.10306338e-06 -7.56245806e-06 -5.93228424e-06 -4.21147962e-06 -2.39907493e-06 -4.94220277e-07 1.50378625e-06 3.59546743e-06 5.78113331e-06 8.06084492e-06 1.04343755e-05 1.29011692e-05 1.54602972e-05 1.81104113e-05 2.08496959e-05 2.36758178e-05 2.65858742e-05 2.95763399e-05 3.26430142e-05 3.57809678e-05 3.89844903e-05 4.22470401e-05 4.55611973e-05 4.89186205e-05 5.23100090e-05 5.57250728e-05 5.91525104e-05 6.25799973e-05 6.59941872e-05 6.93807264e-05 7.27242848e-05 7.60086043e-05 7.92165676e-05 8.23302872e-05 8.53312183e-05 8.82002946e-05 9.09180898e-05 9.34650033e-05 9.58214718e-05 9.79682041e-05 9.98864399e-05 1.01558228e-04 1.02966725e-04 1.04096502e-04 1.04933869e-04 1.05467201e-04 1.05687257e-04 1.05587498e-04 1.05164389e-04 1.04417676e-04 1.03350635e-04 1.01970282e-04 1.00287537e-04 9.83173424e-05 9.60787157e-05 9.35947413e-05 9.08924947e-05 8.80028958e-05 8.49604876e-05 8.18031432e-05 7.85717001e-05 7.53095262e-05 7.20620217e-05 6.88760625e-05 6.57993945e-05 6.28799867e-05 6.01653532e-05 5.77018574e-05 5.55340077e-05 5.37037605e-05 5.22498414e-05 5.12070974e-05 5.06058948e-05 5.04715729e-05 5.08239653e-05 5.16769996e-05 5.30383829e-05 5.49093820e-05 5.72847020e-05 6.01524683e-05 6.34943128e-05 6.72855637e-05 7.14955370e-05 7.60879249e-05 8.10212739e-05 8.62495453e-05 9.17227476e-05 9.73876295e-05 1.03188421e-04 1.09067607e-04 1.14966727e-04 1.20827173e-04 1.26590984e-04 1.32201615e-04 1.37604672e-04 1.42748600e-04 1.47585301e-04 1.52070696e-04 1.56165196e-04 1.59834096e-04 1.63047879e-04 1.65782421e-04
-2.56262584e-05 -2.55892903e-05 -2.54783279e-05 -2.52931971e-05 -2.50336089e-05 -2.46991604e-05 -2.42893373e-05 -2.38035165e-05 -2.32409691e-05 -2.26008649e-05 -2.18822774e-05 -2.10841889e-05 -2.02054980e-05 -1.92450269e-05 -1.82015304e-05 -1.70737057e-05 -1.58602045e-05 -1.45596454e-05 -1.31706285e-05 -1.16917520e-05 -1.01216300e-05 -8.45891314e-06 -6.70231046e-06 -4.85061454e-06 -2.90272848e-06 -8.57695731e-07 1.28526747e-06 3.52673679e-06 5.86704163e-06 8.30622403e-06 1.08439946e-05 1.34796858e-05 1.62122018e-05 1.90399667e-05 2.19608696e-05 2.49722076e-05 2.80706280e-05 3.12520690e-05 3.45116996e-05 3.78438608e-05 4.12420079e-05 4.46986556e-05 4.82053265e-05 5.17525055e-05 5.53296013e-05 5.89249157e-05 6.25256250e-05 6.61177726e-05 6.96862779e-05 7.32149609e-05 7.66865867e-05 8.00829313e-05 8.33848700e-05 8.65724914e-05 8.96252379e-05 9.25220736e-05 9.52416801e-05 9.77626818e-05 1.00063898e-04 1.02124620e-04 1.03924918e-04 1.05445961e-04 1.06670364e-04 1.07582535e-04 1.08169045e-04 1.08418985e-04 1.08324322e-04 1.07880241e-04 1.07085460e-04 1.05942522e-04 1.04458035e-04 1.02642874e-04 1.00512319e-04 9.80861386e-05 9.53885888e-05 9.24483520e-05 8.92983866e-05 8.59756994e-05 8.25210348e-05 7.89784842e-05 7.53950172e-05 7.18199409e-05 6.83042934e-05 6.49001798e-05 6.16600624e-05 5.86360141e-05 5.58789498e-05 5.34378485e-05 5.13589799e-05 4.96851510e-05 4.84549858e-05 4.77022541e-05 4.74552611e-05 4.77363119e-05 4.85612609e-05 4.99391578e-05 5.18719961e-05 5.43545728e-05 5.73744607e-05 6.09120979e-05 6.49409916e-05 6.94280355e-05 7.43339343e-05 7.96137288e-05 8.52174127e-05 9.10906291e-05 9.71754345e-05 1.03411117e-04 1.09735051e-04 1.16083579e-04 1.22392892e-04 1.28599908e-04 1.34643124e-04 1.40463419e-04 1.46004814e-04 1.51215157e-04 1.56046734e-04 1.60456784e-04 1.64407934e-04 1.67868517e-04 1.70812803e-04
-2.85056773e-05 -2.84683390e-05 -2.83562607e-05 -2.81692519e-05 -2.79069965e-05 -2.75690534e-05 -2.71548589e-05 -2.66637295e-05 -2.60948644e-05 -2.54473501e-05 -2.47201647e-05 -2.39121836e-05 -2.30221862e-05 -2.20488631e-05 -2.09908251e-05 -1.98466128e-05 -1.86147085e-05 -1.72935484e-05 -1.58815375e-05 -1.43770661e-05 -1.27785279e-05 -1.10843404e-05 -9.29296808e-06 -7.40294748e-06 -5.41291522e-06 -3.32163883e-06 -1.12805046e-06 1.16871619e-06 3.56928581e-06 6.07399810e-06 8.68286105e-06 1.13955009e-05 1.42111088e-05 1.71283845e-05 2.01454767e-05 2.32599217e-05 2.64685786e-05 2.97675641e-05 3.31521858e-05 3.66168754e-05 4.01551230e-05 4.37594136e-05 4.74211668e-05 5.11306821e-05 5.48770903e-05 5.86483145e-05 6.24310413e-05 6.62107055e-05 6.99714903e-05 7.36963456e-05 7.73670261e-05 8.09641536e-05 8.44673034e-05 8.78551187e-05 9.11054541e-05 9.41955502e-05 9.71022397e-05 9.98021852e-05 1.02272149e-04 1.04489296e-04 1.06431517e-04 1.08077790e-04 1.09408550e-04 1.10406085e-04 1.11054935e-04 1.11342298e-04 1.11258429e-04 1.10797028e-04 1.09955597e-04 1.08735778e-04 1.07143631e-04 1.05189877e-04 1.02890064e-04 1.00264678e-04 9.73391613e-05 9.41438624e-05 9.07138862e-05 8.70888599e-05 8.33126055e-05 7.94327210e-05 7.55000756e-05 7.15682225e-05 6.76927374e-05 6.39304916e-05 6.03388716e-05 5.69749576e-05 5.38946743e-05 5.11519304e-05 4.87977613e-05 4.68794920e-05 4.54399362e-05 4.45166475e-05 4.41412377e-05 4.43387769e-05 4.51272873e-05 4.65173434e-05 4.85117860e-05 5.11055584e-05 5.42856690e-05 5.80312827e-05 6.23139403e-05 6.70979034e-05 7.23406195e-05 7.79932989e-05 8.40015929e-05 9.03063618e-05 9.68445183e-05 1.03549930e-04 1.10354367e-04 1.17188467e-04 1.23982722e-04 1.30668437e-04 1.37178674e-04 1.43449142e-04 1.49419029e-04 1.55031759e-04 1.60235661e-04 1.64984537e-04 1.69238127e-04 1.72962464e-04 1.76130109e-04
-3.14691807e-05 -3.14315202e-05 -3.13184693e-05 -3.11298211e-05 -3.08652310e-05 -3.05242186e-05 -3.01061694e-05 -2.96103368e-05 -2.90358458e-05 -2.83816963e-05 -2.76467675e-05 -2.68298235e-05 -2.59295194e-05 -2.49444087e-05 -2.38729515e-05 -2.27135243e-05 -2.14644314e-05 -2.01239173e-05 -1.86901811e-05 -1.71613930e-05 -1.55357129e-05 -1.38113104e-05 -1.19863888e-05 -1.00592103e-05 -8.02812489e-06 -5.89160210e-06 -3.64826597e-06 -1.29693335e-06 1.16334408e-06 3.73323421e-06 6.41307512e-06 9.20282184e-06 1.21019894e-05 1.51095922e-05 1.82240798e-05 2.14432692e-05 2.47642755e-05 2.81834383e-05 3.16962484e-05 3.52972726e-05 3.89800792e-05 4.27371653e-05 4.65598863e-05 5.04383910e-05 5.43615627e-05 5.83169689e-05 6.22908228e-05 6.62679571e-05 7.02318149e-05 7.41644595e-05 7.80466053e-05 8.18576744e-05 8.55758799e-05 8.91783392e-05 9.26412205e-05 9.59399221e-05 9.90492886e-05 1.01943862e-04 1.04598172e-04 1.06987054e-04 1.09086013e-04 1.10871603e-04 1.12321844e-04 1.13416653e-04 1.14138289e-04 1.14471806e-04 1.14405504e-04 1.13931361e-04 1.13045451e-04 1.11748319e-04 1.10045316e-04 1.07946877e-04 1.05468730e-04 1.02632032e-04 9.94634183e-05 9.59949565e-05 9.22640079e-05 8.83129844e-05 8.41890037e-05 7.99434423e-05 7.56313915e-05 7.13110194e-05 6.70428496e-05 6.28889653e-05 5.89121513e-05 5.51749892e-05 5.17389195e-05 4.86632889e-05 4.60043999e-05 4.38145804e-05 4.21412929e-05 4.10262986e-05 4.05048964e-05 4.06052501e-05 4.13478204e-05 4.27449126e-05 4.48003517e-05 4.75092923e-05 5.08581688e-05 5.48247887e-05 5.93785683e-05 6.44809086e-05 7.00857039e-05 7.61399758e-05 8.25846205e-05 8.93552555e-05 9.63831508e-05 1.03596226e-04 1.10920096e-04 1.18279145e-04 1.25597603e-04 1.32800623e-04 1.39815309e-04 1.46571710e-04 1.53003730e-04 1.59049963e-04 1.64654431e-04 1.69767204e-04 1.74344907e-04 1.78351101e-04 1.81756538e-04
-3.45174919e-05 -3.44795611e-05 -3.43656939e-05 -3.41756657e-05 -3.39091032e-05 -3.35654852e-05 -3.31441445e-05 -3.26442701e-05 -3.20649098e-05 -3.14049740e-05 -3.06632396e-05 -2.98383552e-05 -2.89288469e-05 -2.79331252e-05 -2.68494934e-05 -2.56761566e-05 -2.44112327e-05 -2.30527649e-05 -2.15987358e-05 -2.00470838e-05 -1.83957208e-05 -1.66425541e-05 -1.47855084e-05 -1.28225531e-05 -1.07517309e-05 -8.57119065e-06 -6.27922313e-06 -3.87430110e-06 -1.35512289e-06 1.27933979e-06 4.02978978e-06 6.89654814e-06 9.87949343e-06 1.29779967e-05 1.61908524e-05 1.95162050e-05 2.29514728e-05 2.64932678e-05 3.01373139e-05 3.38783629e-05 3.77101109e-05 4.16251149e-05 4.56147115e-05 4.96689407e-05 5.37764751e-05 5.79245575e-05 6.20989500e-05 6.62838965e-05 7.04621021e-05 7.46147321e-05 7.87214348e-05 8.27603902e-05 8.67083882e-05 9.05409406e-05 9.42324272e-05 9.77562809e-05 1.01085212e-04 1.04191475e-04 1.07047172e-04 1.09624602e-04 1.11896648e-04 1.13837194e-04 1.15421580e-04 1.16627078e-04 1.17433387e-04 1.17823137e-04 1.17782396e-04 1.17301160e-04 1.16373823e-04 1.14999615e-04 1.13182983e-04 1.10933925e-04 1.08268239e-04 1.05207692e-04 1.01780101e-04 9.80193068e-05 9.39650347e-05 8.96626523e-05 8.51628051e-05 8.05209398e-05 7.57967182e-05 7.10533246e-05 6.63566789e-05 6.17745650e-05 5.73756873e-05 5.32286738e-05 4.94010393e-05 4.59581314e-05 4.29620756e-05 4.04707418e-05 3.85367516e-05 3.72065468e-05 3.65195381e-05 3.65073514e-05 3.71931897e-05 3.85913219e-05 4.07067136e-05 4.35348069e-05 4.70614558e-05 5.12630211e-05 5.61066237e-05 6.15505531e-05 6.75448256e-05 7.40318804e-05 8.09474036e-05 8.82212619e-05 9.57785315e-05 1.03540600e-04 1.11426325e-04 1.19353215e-04 1.27238634e-04 1.35000976e-04 1.42560816e-04 1.49841998e-04 1.56772645e-04 1.63286080e-04 1.69321631e-04 1.74825315e-04 1.79750392e-04 1.84057774e-04 1.87716296e-04
-3.76512165e-05 -3.76130720e-05 -3.74985574e-05 -3.73074306e-05 -3.70392884e-05 -3.66935678e-05 -3.62695476e-05 -3.57663502e-05 -3.51829442e-05 -3.45181477e-05 -3.37706319e-05 -3.29389259e-05 -3.20214222e-05 -3.10163833e-05 -2.99219493e-05 -2.87361466e-05 -2.74568990e-05 -2.60820389e-05 -2.46093219e-05 -2.30364423e-05 -2.13610512e-05 -1.95807774e-05 -1.76932510e-05 -1.56961290e-05 -1.35871258e-05 -1.13640461e-05 -9.02482170e-06 -6.56755284e-06 -3.99055345e-06 -1.29240106e-06 1.52800858e-06 4.47140204e-06 7.53806372e-06 1.07277665e-05 1.40396974e-05 1.74723787e-05 2.10235844e-05 2.46902527e-05 2.84683962e-05 3.23530079e-05 3.63379674e-05 4.04159464e-05 4.45783159e-05 4.88150564e-05 5.31146743e-05 5.74641264e-05 6.18487541e-05 6.62522333e-05 7.06565397e-05 7.50419365e-05 7.93869848e-05 8.36685842e-05 8.78620435e-05 9.19411886e-05 9.58785081e-05 9.96453421e-05 1.03212114e-04 1.06548611e-04 1.09624305e-04 1.12408731e-04 1.14871897e-04 1.16984745e-04 1.18719646e-04 1.20050924e-04 1.20955408e-04 1.21412991e-04 1.21407199e-04 1.20925745e-04 1.19961064e-04 1.18510814e-04 1.16578319e-04 1.14172955e-04 1.11310454e-04 1.08013116e-04 1.04309919e-04 1.00236515e-04 9.58351048e-05 9.11541884e-05 8.62481845e-05 8.11769233e-05 7.60050137e-05 7.08010929e-05 6.56369674e-05 6.05866572e-05 5.57253603e-05 5.11283513e-05 4.68698377e-05 4.30217907e-05 3.96527758e-05 3.68268033e-05 3.46022226e-05 3.30306832e-05 3.21561824e-05 3.20142211e-05 3.26310856e-05 3.40232716e-05 3.61970635e-05 3.91482801e-05 4.28621928e-05 4.73136210e-05 5.24672043e-05 5.82778473e-05 6.46913310e-05 7.16450789e-05 7.90690645e-05 8.68868431e-05 9.50166881e-05 1.03372811e-04 1.11866639e-04 1.20408131e-04 1.28907100e-04 1.37274524e-04 1.45423809e-04 1.53271998e-04 1.60740886e-04 1.67758034e-04 1.74257656e-04 1.80181366e-04 1.85478788e-04 1.90107993e-04 1.94035789e-04
-4.08708334e-05 -4.08325358e-05 -4.07175564e-05 -4.05256346e-05 -4.02563368e-05 -3.99090572e-05 -3.94830193e-05 -3.89772771e-05 -3.83907180e-05 -3.77220652e-05 -3.69698812e-05 -3.61325720e-05 -3.52083922e-05 -3.41954513e-05 -3.30917201e-05 -3.18950400e-05 -3.06031322e-05 -2.92136098e-05 -2.77239907e-05 -2.61317133e-05 -2.44341546e-05 -2.26286501e-05 -2.07125174e-05 -1.86830825e-05 -1.65377098e-05 -1.42738358e-05 -1.18890069e-05 -9.38092145e-06 -6.74747660e-06 -3.98682038e-06 -1.09740860e-06 1.92193257e-06 5.07193845e-06 8.35283200e-06 1.17642444e-05 1.53051298e-05 1.89736751e-05 2.27672045e-05 2.66820803e-05 3.07135993e-05 3.48558877e-05 3.91017944e-05 4.34427853e-05 4.78688396e-05 5.23683512e-05 5.69280378e-05 6.15328601e-05 6.61659550e-05 7.08085867e-05 7.54401184e-05 8.00380107e-05 8.45778495e-05 8.90334079e-05 9.33767477e-05 9.75783629e-05 1.01607369e-04 1.05431745e-04 1.09018621e-04 1.12334623e-04 1.15346274e-04 1.18020435e-04 1.20324811e-04 1.22228485e-04 1.23702501e-04 1.24720470e-04 1.25259199e-04 1.25299324e-04 1.24825936e-04 1.23829194e-04 1.22304888e-04 1.20254960e-04 1.17687952e-04 1.14619368e-04 1.11071934e-04 1.07075752e-04 1.02668320e-04 9.78944183e-05 9.28058638e-05 8.74611080e-05 8.19246994e-05 7.62666018e-05 7.05613803e-05 6.48872633e-05 5.93250956e-05 5.39571991e-05 4.88661584e-05 4.41335559e-05 3.98386773e-05 3.60572122e-05 3.28599768e-05 3.03116817e-05 2.84697718e-05 2.73833621e-05 2.70922903e-05 2.76263104e-05 2.90044415e-05 3.12344899e-05 3.43127554e-05 3.82239295e-05 4.29411902e-05 4.84264943e-05 5.46310618e-05 6.14960463e-05 6.89533777e-05 7.69267631e-05 8.53328263e-05 9.40823649e-05 1.03081699e-04 1.12234088e-04 1.21441186e-04 1.30604508e-04 1.39626876e-04 1.48413829e-04 1.56874949e-04 1.64925098e-04 1.72485538e-04 1.79484903e-04 1.85860028e-04 1.91556603e-04 1.96529654e-04 2.00743848e-04
-4.41766839e-05 -4.41382988e-05 -4.40230506e-05 -4.38306602e-05 -4.35606630e-05 -4.32124095e-05 -4.27850666e-05 -4.22776188e-05 -4.16888701e-05 -4.10174466e-05 -4.02617994e-05 -3.94202082e-05 -3.84907857e-05 -3.74714834e-05 -3.63600979e-05 -3.51542785e-05 -3.38515369e-05 -3.24492578e-05 -3.09447115e-05 -2.93350693e-05 -2.76174204e-05 -2.57887919e-05 -2.38461722e-05 -2.17865367e-05 -1.96068783e-05 -1.73042408e-05 -1.48757580e-05 -1.23186960e-05 -9.63050200e-06 -6.80885753e-06 -3.85173813e-06 -7.57478667e-07 2.47515480e-06 5.84688682e-06 9.35784780e-06 1.30074826e-05 1.67944532e-05 2.07165348e-05 2.47705067e-05 2.89520392e-05 3.32555755e-05 3.76742128e-05 4.21995813e-05 4.68217263e-05 5.15289924e-05 5.63079161e-05 6.11431265e-05 6.60172617e-05 7.09109008e-05 7.58025196e-05 8.06684720e-05 8.54830040e-05 9.02183037e-05 9.48445937e-05 9.93302698e-05 1.03642091e-04 1.07745423e-04 1.11604544e-04 1.15183003e-04 1.18444046e-04 1.21351095e-04 1.23868293e-04 1.25961086e-04 1.27596871e-04 1.28745658e-04 1.29380776e-04 1.29479580e-04 1.29024160e-04 1.28002029e-04 1.26406777e-04 1.24238664e-04 1.21505146e-04 1.18221302e-04 1.14410157e-04 1.10102878e-04 1.05338826e-04 1.00165467e-04 9.46381215e-05 8.88195475e-05 8.27793713e-05 7.65933524e-05 7.03425002e-05 6.41120506e-05 5.79903189e-05 5.20674450e-05 4.64340551e-05 4.11798619e-05 3.63922300e-05 3.21547334e-05 2.85457339e-05 2.56370086e-05 2.34924544e-05 2.21668967e-05 2.17050289e-05 2.21405036e-05 2.34951989e-05 2.57786743e-05 2.89878324e-05 3.31067931e-05 3.81069877e-05 4.39474715e-05 5.05754523e-05 5.79270247e-05 6.59280983e-05 7.44955022e-05 8.35382439e-05 9.29588998e-05 1.02655109e-04 1.12521144e-04 1.22449518e-04 1.32332617e-04 1.42064300e-04 1.51541457e-04 1.60665481e-04 1.69343635e-04 1.77490289e-04 1.85027992e-04 1.91888378e-04 1.98012887e-04 2.03353281e-04 2.07871968e-04
-4.75689622e-05 -4.75305596e-05 -4.74152526e-05 -4.72227433e-05 -4.69525356e-05 -4.66039357e-05 -4.61760528e-05 -4.56678006e-05 -4.50778984e-05 -4.44048731e-05 -4.36470620e-05 -4.28026154e-05 -4.18695007e-05 -4.08455074e-05 -3.97282524e-05 -3.85151874e-05 -3.72036072e-05 -3.57906598e-05 -3.42733586e-05 -3.26485962e-05 -3.09131615e-05 -2.90637585e-05 -2.70970291e-05 -2.50095790e-05 -2.27980076e-05 -2.04589418e-05 -1.79890746e-05 -1.53852093e-05 -1.26443082e-05 -9.76354856e-06 -6.74038333e-06 -3.57260993e-06 -2.58445372e-07 3.20339115e-06 6.81358825e-06 1.05721447e-05 1.44782646e-05 1.85302449e-05 2.27253567e-05 2.70597201e-05 3.15281744e-05 3.61241443e-05 4.08395044e-05 4.56644432e-05 5.05873306e-05 5.55945903e-05 6.06705816e-05 6.57974944e-05 7.09552616e-05 7.61214940e-05 8.12714431e-05 8.63779973e-05 9.14117170e-05 9.63409150e-05 1.01131787e-04 1.05748601e-04 1.10153941e-04 1.14309023e-04 1.18174075e-04 1.21708786e-04 1.24872820e-04 1.27626405e-04 1.29930974e-04 1.31749863e-04 1.33049061e-04 1.33797982e-04 1.33970261e-04 1.33544553e-04 1.32505317e-04 1.30843552e-04 1.28557492e-04 1.25653213e-04 1.22145137e-04 1.18056424e-04 1.13419221e-04 1.08274762e-04 1.02673292e-04 9.66738264e-05 9.03437213e-05 8.37580639e-05 7.69988852e-05 7.01542014e-05 6.33168964e-05 5.65834638e-05 5.00526267e-05 4.38238602e-05 3.79958428e-05 3.26648657e-05 2.79232313e-05 2.38576702e-05 2.05478117e-05 1.80647369e-05 1.64696460e-05 1.58126682e-05 1.61318403e-05 1.74522779e-05 1.97855573e-05 2.31293254e-05 2.74671467e-05 3.27685942e-05 3.89895849e-05 4.60729550e-05 5.39492660e-05 6.25378268e-05 7.17479123e-05 8.14801559e-05 9.16280886e-05 1.02079794e-04 1.12719646e-04 1.23430098e-04 1.34093486e-04 1.44593805e-04 1.54818435e-04 1.64659774e-04 1.74016753e-04 1.82796193e-04 1.90914001e-04 1.98296156e-04 2.04879502e-04 2.10612302e-04 2.15454585e-04
-5.10477046e-05 -5.10093593e-05 -5.08942176e-05 -5.07019628e-05 -5.04320668e-05 -5.00837908e-05 -4.96561860e-05 -4.91480941e-05 -4.85581483e-05 -4.78847750e-05 -4.71261954e-05 -4.62804282e-05 -4.53452923e-05 -4.43184113e-05 -4.31972182e-05 -4.19789612e-05 -4.06607121e-05 -3.92393745e-05 -3.77116955e-05 -3.60742788e-05 -3.43236000e-05 -3.24560259e-05 -3.04678354e-05 -2.83552454e-05 -2.61144400e-05 -2.37416040e-05 -2.12329621e-05 -1.85848230e-05 -1.57936292e-05 -1.28560136e-05 -9.76886313e-06 -6.52938953e-06 -3.13520773e-06 4.15577206e-07 4.12427486e-06 7.99150560e-06 1.20170881e-05 1.61999181e-05 2.05378394e-05 2.50275069e-05 2.96642434e-05 3.44418907e-05 3.93526571e-05 4.43869640e-05 4.95332924e-05 5.47780351e-05 6.01053555e-05 6.54970601e-05 7.09324870e-05 7.63884176e-05 8.18390169e-05 8.72558085e-05 9.26076910e-05 9.78610033e-05 1.02979644e-04 1.07925253e-04 1.12657459e-04 1.17134203e-04 1.21312131e-04 1.25147075e-04 1.28594598e-04 1.31610633e-04 1.34152179e-04 1.36178069e-04 1.37649796e-04 1.38532373e-04 1.38795224e-04 1.38413084e-04 1.37366881e-04 1.35644588e-04 1.33242014e-04 1.30163508e-04 1.26422557e-04 1.22042258e-04 1.17055629e-04 1.11505759e-04 1.05445763e-04 9.89385457e-05 9.20563633e-05 8.48801755e-05 7.74987994e-05 7.00078694e-05 6.25086179e-05 5.51064949e-05 4.79096486e-05 4.10272946e-05 3.45680019e-05 2.86379289e-05 2.33390429e-05 1.87673598e-05 1.50112368e-05 1.21497571e-05 1.02512382e-05 9.37189642e-06 9.55469841e-06 1.08284249e-05 1.32069690e-05 1.66888864e-05 2.12572108e-05 2.68795402e-05 3.35083958e-05 4.10818494e-05 4.95244073e-05 5.87481369e-05 6.86540122e-05 7.91334541e-05 9.00700349e-05 1.01341312e-04 1.12820757e-04 1.24379738e-04 1.35889519e-04 1.47223236e-04 1.58257805e-04 1.68875740e-04 1.78966820e-04 1.88429606e-04 1.97172741e-04 2.05116056e-04 2.12191419e-04 2.18343348e-04 2.23529369e-04
-5.46127790e-05 -5.45745704e-05 -5.44598326e-05 -5.42682294e-05 -5.39992008e-05 -5.36519629e-05 -5.32255080e-05 -5.27186053e-05 -5.21298011e-05 -5.14574198e-05 -5.06995653e-05 -4.98541224e-05 -4.89187592e-05 -4.78909302e-05 -4.67678803e-05 -4.55466500e-05 -4.42240815e-05 -4.27968275e-05 -4.12613602e-05 -3.96139842e-05 -3.78508504e-05 -3.59679742e-05 -3.39612554e-05 -3.18265035e-05 -2.95594656e-05 -2.71558600e-05 -2.46114148e-05 -2.19219121e-05 -1.90832382e-05 -1.60914418e-05 -1.29427985e-05 -9.63388380e-06 -6.16165528e-06 -2.52354292e-06 1.28245044e-06 5.25763895e-06 9.40253371e-06 1.37167126e-05 1.81986805e-05 2.28457202e-05 2.76537345e-05 3.26170821e-05 3.77284068e-05 4.29784637e-05 4.83559450e-05 5.38473080e-05 5.94366094e-05 6.51053518e-05 7.08323450e-05 7.65935914e-05 8.23621995e-05 8.81083339e-05 9.37992085e-05 9.93991325e-05 1.04869614e-04 1.10169534e-04 1.15255388e-04 1.20081618e-04 1.24601019e-04 1.28765243e-04 1.32525387e-04 1.35832673e-04 1.38639210e-04 1.40898838e-04 1.42568031e-04 1.43606858e-04 1.43979981e-04 1.43657664e-04 1.42616774e-04 1.40841752e-04 1.38325520e-04 1.35070300e-04 1.31088317e-04 1.26402361e-04 1.21046177e-04 1.15064670e-04 1.08513900e-04 1.01460860e-04 9.39830238e-05 8.61676615e-05 7.81109320e-05 6.99167541e-05 6.16954744e-05 5.35623537e-05 4.56358936e-05 3.80360350e-05 3.08822609e-05 2.42916396e-05 1.83768454e-05 1.32441983e-05 8.99176037e-06 5.70753043e-06 3.46777381e-06 2.33552455e-06 2.35929293e-06 3.57200812e-06 5.99022101e-06 9.61358732e-06 1.44246450e-05 2.03888945e-05 2.74551823e-05 3.55563849e-05 4.46103793e-05 5.45212838e-05 6.51809458e-05 7.64706457e-05 8.82629851e-05 1.00423921e-04 1.12814905e-04 1.25295084e-04 1.37723520e-04 1.49961382e-04 1.61874070e-04 1.73333221e-04 1.84218568e-04 1.94419610e-04 2.03837058e-04 2.12384043e-04 2.19987051e-04 2.26586590e-04 2.32137559e-04
-5.82638744e-05 -5.82258868e-05 -5.81118055e-05 -5.79212753e-05 -5.76537038e-05 -5.73082619e-05 -5.68838830e-05 -5.63792633e-05 -5.57928616e-05 -5.51228999e-05 -5.43673635e-05 -5.35240019e-05 -5.25903303e-05 -5.15636318e-05 -5.04409601e-05 -4.92191435e-05 -4.78947902e-05 -4.64642949e-05 -4.49238479e-05 -4.32694451e-05 -4.14969019e-05 -3.96018689e-05 -3.75798517e-05 -3.54262338e-05 -3.31363045e-05 -3.07052911e-05 -2.81283970e-05 -2.54008454e-05 -2.25179304e-05 -1.94750748e-05 -1.62678962e-05 -1.28922824e-05 -9.34447560e-06 -5.62116668e-06 -1.71960070e-06 2.36230706e-06 6.62584348e-06 1.10713583e-05 1.56981133e-05 2.05041208e-05 2.54859706e-05 3.06386489e-05 3.59553485e-05 4.14272735e-05 4.70434414e-05 5.27904854e-05 5.86524611e-05 6.46106634e-05 7.06434582e-05 7.67261365e-05 8.28307966e-05 8.89262652e-05 9.49780625e-05 1.00948423e-04 1.06796382e-04 1.12477929e-04 1.17946253e-04 1.23152064e-04 1.28044023e-04 1.32569264e-04 1.36674023e-04 1.40304363e-04 1.43407008e-04 1.45930259e-04 1.47824996e-04 1.49045742e-04 1.49551778e-04 1.49308276e-04 1.48287438e-04 1.46469595e-04 1.43844255e-04 1.40411045e-04 1.36180542e-04 1.31174933e-04 1.25428505e-04 1.18987912e-04 1.11912224e-04 1.04272714e-04 9.61524070e-05 8.76453520e-05 7.88556496e-05 6.98962270e-05 6.08873839e-05 5.19551303e-05 4.32293439e-05 3.48417793e-05 2.69239674e-05 1.96050432e-05 1.30095457e-05 7.25523409e-06 2.45096455e-06 -1.30532821e-06 -3.92850076e-06 -5.34788202e-06 -5.50872760e-06 -4.37341401e-06 -1.92234411e-06 1.84545881e-06 6.91208486e-06 1.32408086e-05 2.07764996e-05 2.94463668e-05 3.91610251e-05 4.98158635e-05 6.12926888e-05 7.34616128e-05 8.61831452e-05 9.93104498e-05 1.12691719e-04 1.26172619e-04 1.39598754e-04 1.52818101e-04 1.65683367e-04 1.78054222e-04 1.89799354e-04 2.00798324e-04 2.10943165e-04 2.20139710e-04 2.28308624e-04 2.35386114e-04 2.41324334e-04
-6.20004897e-05 -6.19628121e-05 -6.18496545e-05 -6.16606426e-05 -6.13951520e-05 -6.10523082e-05 -6.06309858e-05 -6.01298081e-05 -5.95471465e-05 -5.88811200e-05 -5.81295949e-05 -5.72901848e-05 -5.63602507e-05 -5.53369024e-05 -5.42170000e-05 -5.29971564e-05 -5.16737414e-05 -5.02428869e-05 -4.87004938e-05 -4.70422417e-05 -4.52635999e-05 -4.33598424e-05 -4.13260655e-05 -3.91572097e-05 -3.68480859e-05 -3.43934064e-05 -3.17878222e-05 -2.90259659e-05 -2.61025022e-05 -2.30121862e-05 -1.97499304e-05 -1.63108810e-05 -1.26905050e-05 -8.88468749e-06 -4.88984189e-06 -7.03031590e-07 3.67789480e-06 8.25415515e-06 1.30258720e-05 1.79918977e-05 2.31496261e-05 2.84947938e-05 3.40212693e-05 3.97208354e-05 4.55829652e-05 5.15945963e-05 5.77399072e-05 6.40001011e-05 7.03532038e-05 7.67738819e-05 8.32332899e-05 8.96989561e-05 9.61347144e-05 1.02500695e-04 1.08753385e-04 1.14845764e-04 1.20727533e-04 1.26345441e-04 1.31643719e-04 1.36564624e-04 1.41049108e-04 1.45037594e-04 1.48470878e-04 1.51291128e-04 1.53442992e-04 1.54874774e-04 1.55539682e-04 1.55397099e-04 1.54413873e-04 1.52565572e-04 1.49837675e-04 1.46226677e-04 1.41741046e-04 1.36402018e-04 1.30244187e-04 1.23315856e-04 1.15679145e-04 1.07409802e-04 9.85967477e-05 8.93413090e-05 7.97561760e-05 6.99640731e-05 6.00961704e-05 5.02902591e-05 4.06887204e-05 3.14363261e-05 2.26779105e-05 1.45559595e-05 7.20816399e-06 7.64986701e-07 -4.65270741e-06 -8.93590720e-06 -1.19895499e-05 -1.37344078e-05 -1.41087256e-05 -1.30695684e-05 -1.05938513e-05 -6.67902064e-06 -1.34337148e-06 5.37401162e-06 1.34136928e-05 2.26966965e-05 3.31256787e-05 4.45864362e-05 5.69497242e-05 7.00733471e-05 8.38044784e-05 9.79821659e-05 1.12439968e-04 1.27008670e-04 1.41519023e-04 1.55804450e-04 1.69703666e-04 1.83063158e-04 1.95739467e-04 2.07601244e-04 2.18531023e-04 2.28426685e-04 2.37202586e-04 2.44790337e-04 2.51139220e-04
-6.58219234e-05 -6.57846497e-05 -6.56726974e-05 -6.54856731e-05 -6.52229209e-05 -6.48835212e-05 -6.44662902e-05 -6.39697788e-05 -6.33922713e-05 -6.27317841e-05 -6.19860646e-05 -6.11525902e-05 -6.02285673e-05 -5.92109317e-05 -5.80963479e-05 -5.68812115e-05 -5.55616505e-05 -5.41335295e-05 -5.25924550e-05 -5.09337824e-05 -4.91526264e-05 -4.72438729e-05 -4.52021955e-05 -4.30220754e-05 -4.06978255e-05 -3.82236201e-05 -3.55935305e-05 -3.28015670e-05 -2.98417284e-05 -2.67080599e-05 -2.33947205e-05 -1.98960605e-05 -1.62067095e-05 -1.23216778e-05 -8.23646973e-06 -3.94721127e-06 5.49207718e-07 5.25497615e-06 1.01711889e-05 1.52976583e-05 2.06327105e-05 2.61729671e-05 3.19131138e-05 3.78456573e-05 4.39606743e-05 5.02455545e-05 5.66847434e-05 6.32594900e-05 6.99476063e-05 7.67232446e-05 8.35567046e-05 9.04142774e-05 9.72581384e-05 1.04046302e-04 1.10732647e-04 1.17267029e-04 1.23595494e-04 1.29660591e-04 1.35401815e-04 1.40756173e-04 1.45658881e-04 1.50044204e-04 1.53846416e-04 1.57000906e-04 1.59445381e-04 1.61121181e-04 1.61974663e-04 1.61958637e-04 1.61033820e-04 1.59170262e-04 1.56348718e-04 1.52561919e-04 1.47815691e-04 1.42129897e-04 1.35539147e-04 1.28093254e-04 1.19857403e-04 1.10912005e-04 1.01352234e-04 9.12872269e-05 8.08389621e-05 7.01408195e-05 5.93358446e-05 4.85747438e-05 3.80136458e-05 2.78116697e-05 1.81283448e-05 9.12093403e-06 9.41711476e-07 -6.26474853e-06 -1.23642164e-05 -1.72353298e-05 -2.07719405e-05 -2.28852324e-05 -2.35055642e-05 -2.25839933e-05 -2.00934439e-05 -1.60294899e-05 -1.04107312e-05 -3.27874975e-06 5.30235739e-06 1.52468628e-05 2.64486957e-05 3.87831075e-05 5.21086825e-05 6.62696546e-05 8.10984815e-05 9.64186257e-05 1.12047484e-04 1.27799406e-04 1.43488741e-04 1.58932844e-04 1.73954993e-04 1.88387144e-04 2.02072467e-04 2.14867630e-04 2.26644762e-04 2.37293068e-04 2.46720075e-04 2.54852472e-04 2.61636550e-04
-6.97272626e-05 -6.96904913e-05 -6.95800399e-05 -6.93954966e-05 -6.91361738e-05 -6.88011079e-05 -6.83890574e-05 -6.78985016e-05 -6.73276385e-05 -6.66743829e-05 -6.59363641e-05 -6.51109238e-05 -6.41951145e-05 -6.31856973e-05 -6.20791413e-05 -6.08716230e-05 -5.95590268e-05 -5.81369469e-05 -5.66006906e-05 -5.49452839e-05 -5.31654784e-05 -5.12557627e-05 -4.92103753e-05 -4.70233229e-05 -4.46884019e-05 -4.21992269e-05 -3.95492631e-05 -3.67318675e-05 -3.37403367e-05 -3.05679641e-05 -2.72081068e-05 -2.36542631e-05 -1.99001624e-05 -1.59398684e-05 -1.17678960e-05 -7.37934393e-06 -2.77004398e-06 2.06327335e-06 7.12279479e-06 1.24094224e-05 1.79225537e-05 2.36598438e-05 2.96169514e-05 3.57872698e-05 4.21616457e-05 4.87280895e-05 5.54714809e-05 6.23732763e-05 6.94112250e-05 7.65591019e-05 8.37864665e-05 9.10584599e-05 9.83356514e-05 1.05573948e-04 1.12724581e-04 1.19734186e-04 1.26544985e-04 1.33095094e-04 1.39318962e-04 1.45147949e-04 1.50511061e-04 1.55335842e-04 1.59549409e-04 1.63079654e-04 1.65856567e-04 1.67813692e-04 1.68889670e-04 1.69029852e-04 1.68187940e-04 1.66327612e-04 1.63424096e-04 1.59465629e-04 1.54454771e-04 1.48409508e-04 1.41364111e-04 1.33369713e-04 1.24494551e-04 1.14823874e-04 1.04459481e-04 9.35188830e-05 8.21341020e-05 7.04501082e-05 5.86229226e-05 4.68174143e-05 3.52048320e-05 2.39601134e-05 1.32590256e-05 3.27519168e-06 -5.82293858e-06 -1.38751101e-05 -2.07322154e-05 -2.62591161e-05 -3.03372720e-05 -3.28671199e-05 -3.37701482e-05 -3.29906186e-05 -3.04968929e-05 -2.62823312e-05 -2.03657369e-05 -1.27913320e-05 -3.62826069e-06 7.03037578e-06 1.90689334e-05 3.23510643e-05 4.67219419e-05 6.20108292e-05 7.80339364e-05 9.45975093e-05 1.11501085e-04 1.28540851e-04 1.45513029e-04 1.62217227e-04 1.78459680e-04 1.94056312e-04 2.08835568e-04 2.22640941e-04 2.35333151e-04 2.46791939e-04 2.56917427e-04 2.65631041e-04 2.72875966e-04
-7.37153726e-05 -7.36792069e-05 -7.35705662e-05 -7.33890203e-05 -7.31338512e-05 -7.28040519e-05 -7.23983243e-05 -7.19150776e-05 -7.13524248e-05 -7.07081806e-05 -6.99798578e-05 -6.91646640e-05 -6.82594986e-05 -6.72609496e-05 -6.61652906e-05 -6.49684794e-05 -6.36661557e-05 -6.22536415e-05 -6.07259423e-05 -5.90777496e-05 -5.73034465e-05 -5.53971153e-05 -5.33525491e-05 -5.11632662e-05 -4.88225304e-05 -4.63233750e-05 -4.36586346e-05 -4.08209830e-05 -3.78029793e-05 -3.45971234e-05 -3.11959218e-05 -2.75919650e-05 -2.37780178e-05 -1.97471236e-05 -1.54927249e-05 -1.10087998e-05 -6.29001714e-06 -1.33191115e-06 3.86892441e-06 9.31462071e-06 1.50057974e-05 2.09413049e-05 2.71179471e-05 3.35301843e-05 4.01698206e-05 4.70256781e-05 5.40832626e-05 6.13244264e-05 6.87270364e-05 7.62646557e-05 8.39062491e-05 9.16159250e-05 9.93527275e-05 1.07070493e-04 1.14717788e-04 1.22237946e-04 1.29569217e-04 1.36645053e-04 1.43394537e-04 1.49742975e-04 1.55612661e-04 1.60923814e-04 1.65595705e-04 1.69547947e-04 1.72701956e-04 1.74982556e-04 1.76319704e-04 1.76650293e-04 1.75920012e-04 1.74085194e-04 1.71114614e-04 1.66991175e-04 1.61713438e-04 1.55296918e-04 1.47775115e-04 1.39200226e-04 1.29643496e-04 1.19195172e-04 1.07964059e-04 9.60766423e-05 8.36758020e-05 7.09191165e-05 5.79767878e-05 4.50292206e-05 3.22642979e-05 1.98744045e-05 8.05325569e-06 -3.00740676e-06 -1.31211853e-05 -2.21103954e-05 -2.98093626e-05 -3.60675785e-05 -4.07526474e-05 -4.37529579e-05 -4.49800194e-05 -4.43704076e-05 -4.18872714e-05 -3.75213638e-05 -3.12915649e-05 -2.32448840e-05 -1.34559300e-05 -2.02586070e-06 1.09191732e-05 2.52300587e-05 4.07371846e-05 5.72532897e-05 7.45766353e-05 9.24944379e-05 1.10786489e-04 1.29228890e-04 1.47597822e-04 1.65673272e-04 1.83242645e-04 2.00104173e-04 2.16070064e-04 2.30969313e-04 2.44650129e-04 2.56981911e-04 2.67856757e-04 2.77190460e-04 2.84922991e-04
-7.77848862e-05 -7.77494337e-05 -7.76429271e-05 -7.74649182e-05 -7.72146595e-05 -7.68911017e-05 -7.64928919e-05 -7.60183707e-05 -7.54655685e-05 -7.48322020e-05 -7.41156696e-05 -7.33130473e-05 -7.24210838e-05 -7.14361955e-05 -7.03544629e-05 -6.91716257e-05 -6.78830800e-05 -6.64838751e-05 -6.49687131e-05 -6.33319484e-05 -6.15675910e-05 -5.96693107e-05 -5.76304460e-05 -5.54440155e-05 -5.31027346e-05 -5.05990371e-05 -4.79251035e-05 -4.50728960e-05 -4.20342018e-05 -3.88006867e-05 -3.53639589e-05 -3.17156449e-05 -2.78474798e-05 -2.37514122e-05 -1.94197264e-05 -1.48451828e-05 -1.00211785e-05 -4.94192911e-06 3.97326524e-07 6.00009774e-06 1.18683891e-05 1.80024225e-05 2.44003353e-05 3.10578547e-05 3.79679515e-05 4.51204754e-05 5.25017772e-05 6.00943234e-05 6.78763105e-05 7.58212896e-05 8.38978105e-05 9.20691014e-05 1.00292796e-04 1.08520730e-04 1.16698815e-04 1.24767029e-04 1.32659514e-04 1.40304837e-04 1.47626397e-04 1.54543025e-04 1.60969771e-04 1.66818893e-04 1.72001063e-04 1.76426765e-04 1.80007897e-04 1.82659539e-04 1.84301876e-04 1.84862226e-04 1.84277134e-04 1.82494474e-04 1.79475510e-04 1.75196840e-04 1.69652170e-04 1.62853839e-04 1.54834053e-04 1.45645756e-04 1.35363101e-04 1.24081478e-04 1.11917087e-04 9.90060251e-05 8.55029082e-05 7.15790320e-05 5.74201014e-05 4.32235675e-05 2.91956201e-05 1.55478933e-05 2.49394734e-06 -9.75440301e-06 -2.09908407e-05 -3.10183023e-05 -3.96526604e-05 -4.67262537e-05 -5.20911907e-05 -5.56223505e-05 -5.72200146e-05 -5.68120661e-05 -5.43557014e-05 -4.98386119e-05 -4.32796001e-05 -3.47286111e-05 -2.42661724e-05 -1.20022468e-05 1.92547829e-06 1.73538349e-05 3.40969042e-05 5.19491765e-05 7.06890751e-05 9.00827720e-05 1.09888215e-04 1.29859282e-04 1.49749980e-04 1.69318594e-04 1.88331711e-04 2.06568016e-04 2.23821804e-04 2.39906108e-04 2.54655394e-04 2.67927761e-04 2.79606598e-04 2.89601677e-04 2.97849658e-04
-8.19341936e-05 -8.18995665e-05 -8.17955305e-05 -8.16216205e-05 -8.13770601e-05 -8.10607598e-05 -8.06713137e-05 -8.02069960e-05 -7.96657573e-05 -7.90452192e-05 -7.83426690e-05 -7.75550541e-05 -7.66789758e-05 -7.57106826e-05 -7.46460643e-05 -7.34806456e-05 -7.22095806e-05 -7.08276477e-05 -6.93292456e-05 -6.77083911e-05 -6.59587182e-05 -6.40734799e-05 -6.20455533e-05 -5.98674476e-05 -5.75313171e-05 -5.50289794e-05 -5.23519394e-05 -4.94914211e-05 -4.64384079e-05 -4.31836920e-05 -3.97179363e-05 -3.60317481e-05 -3.21157676e-05 -2.79607729e-05 -2.35578030e-05 -1.88983009e-05 -1.39742782e-05 -8.77850415e-06 -3.30471965e-06 2.45212154e-06 8.49558359e-06 1.48274505e-05 2.14473989e-05 2.83526430e-05 3.55375527e-05 4.29932478e-05 5.07071732e-05 5.86626603e-05 6.68384832e-05 7.52084181e-05 8.37408199e-05 9.23982288e-05 1.01137025e-04 1.09907147e-04 1.18651904e-04 1.27307888e-04 1.35805028e-04 1.44066796e-04 1.52010594e-04 1.59548347e-04 1.66587306e-04 1.73031089e-04 1.78780962e-04 1.83737352e-04 1.87801596e-04 1.90877898e-04 1.92875460e-04 1.93710763e-04 1.93309925e-04 1.91611098e-04 1.88566821e-04 1.84146262e-04 1.78337275e-04 1.71148196e-04 1.62609304e-04 1.52773888e-04 1.41718858e-04 1.29544866e-04 1.16375900e-04 1.02358345e-04 8.76595005e-05 7.24655892e-05 5.69792677e-05 4.14166971e-05 2.60042217e-05 1.09747201e-05 -3.43629812e-06 -1.69947738e-05 -2.94722755e-05 -4.06501877e-05 -5.03238233e-05 -5.83063744e-05 -6.44326144e-05 -6.85622711e-05 -7.05829912e-05 -7.04128265e-05 -6.80021796e-05 -6.33351573e-05 -5.64302949e-05 -4.73406248e-05 -3.61530835e-05 -2.29872615e-05 -7.99351934e-06 8.64949218e-06 2.67378577e-05 4.60459044e-05 6.63301186e-05 8.73333876e-05 1.08789481e-04 1.30427674e-04 1.51977426e-04 1.73173003e-04 1.93757955e-04 2.13489363e-04 2.32141737e-04 2.49510518e-04 2.65415070e-04 2.79701127e-04 2.92242626e-04 3.02942900e-04 3.11735208e-04
-8.61614326e-05 -8.61277473e-05 -8.60265311e-05 -8.58573031e-05 -8.56192596e-05 -8.53112723e-05 -8.49318847e-05 -8.44793082e-05 -8.39514162e-05 -8.33457393e-05 -8.26594576e-05 -8.18893944e-05 -8.10320077e-05 -8.00833828e-05 -7.90392231e-05 -7.78948426e-05 -7.66451571e-05 -7.52846771e-05 -7.38075004e-05 -7.22073070e-05 -7.04773549e-05 -6.86104780e-05 -6.65990877e-05 -6.44351766e-05 -6.21103277e-05 -5.96157280e-05 -5.69421880e-05 -5.40801699e-05 -5.10198225e-05 -4.77510277e-05 -4.42634579e-05 -4.05466467e-05 -3.65900753e-05 -3.23832754e-05 -2.79159526e-05 -2.31781300e-05 -1.81603169e-05 -1.28537032e-05 -7.25038141e-06 -1.34360038e-06 4.87195033e-06 1.13998219e-05 1.82414543e-05 2.53957897e-05 3.28588543e-05 4.06233091e-05 4.86779743e-05 5.70073334e-05 6.55910248e-05 7.44033302e-05 8.34126740e-05 9.25811478e-05 1.01864080e-04 1.11209668e-04 1.20558705e-04 1.29844413e-04 1.38992426e-04 1.47920939e-04 1.56541053e-04 1.64757350e-04 1.72468709e-04 1.79569386e-04 1.85950372e-04 1.91501032e-04 1.96110999e-04 1.99672341e-04 2.02081926e-04 2.03243977e-04 2.03072739e-04 2.01495198e-04 1.98453775e-04 1.93908911e-04 1.87841452e-04 1.80254752e-04 1.71176407e-04 1.60659551e-04 1.48783635e-04 1.35654655e-04 1.21404789e-04 1.06191422e-04 9.01955617e-05 7.36196750e-05 5.66849609e-05 3.96281241e-05 2.26977043e-05 6.15003475e-06 -9.75509086e-06 -2.47589555e-05 -3.86085701e-05 -5.10613438e-05 -6.18896776e-05 -7.08853847e-05 -7.78638422e-05 -8.26677811e-05 -8.51706276e-05 -8.52793147e-05 -8.29364931e-05 -7.81220834e-05 -7.08541234e-05 -6.11888846e-05 -4.92202447e-05 -3.50783241e-05 -1.89274120e-05 -9.63223410e-07 1.85904561e-05 3.94856648e-05 6.14546181e-05 8.42144272e-05 1.07472086e-04 1.30929621e-04 1.54289298e-04 1.77258778e-04 1.99556112e-04 2.20914472e-04 2.41086509e-04 2.59848251e-04 2.77002450e-04 2.92381298e-04 3.05848464e-04 3.17300396e-04 3.26666884e-04
-9.04644788e-05 -9.04318557e-05 -9.03338209e-05 -9.01698783e-05 -8.99391988e-05 -8.96406177e-05 -8.92726308e-05 -8.88333898e-05 -8.83206954e-05 -8.77319914e-05 -8.70643560e-05 -8.63144933e-05 -8.54787243e-05 -8.45529762e-05 -8.35327725e-05 -8.24132219e-05 -8.11890077e-05 -7.98543774e-05 -7.84031324e-05 -7.68286194e-05 -7.51237221e-05 -7.32808562e-05 -7.12919654e-05 -6.91485218e-05 -6.68415293e-05 -6.43615330e-05 -6.16986337e-05 -5.88425103e-05 -5.57824501e-05 -5.25073899e-05 -4.90059689e-05 -4.52665948e-05 -4.12775267e-05 -3.70269751e-05 -3.25032232e-05 -2.76947711e-05 -2.25905059e-05 -1.71799002e-05 -1.14532417e-05 -5.40189701e-06 9.81388701e-07 7.70215388e-06 1.47638433e-05 2.21673907e-05 2.99107619e-05 3.79884601e-05 4.63909969e-05 5.51043343e-05 6.41093056e-05 7.33810257e-05 8.28883039e-05 9.25930758e-05 1.02449875e-04 1.12405365e-04 1.22397964e-04 1.32357588e-04 1.42205535e-04 1.51854568e-04 1.61209202e-04 1.70166242e-04 1.78615602e-04 1.86441418e-04 1.93523481e-04 1.99738993e-04 2.04964636e-04 2.09078945e-04 2.11964946e-04 2.13513011e-04 2.13623869e-04 2.12211699e-04 2.09207209e-04 2.04560614e-04 1.98244403e-04 1.90255801e-04 1.80618822e-04 1.69385828e-04 1.56638512e-04 1.42488261e-04 1.27075841e-04 1.10570389e-04 9.31677298e-05 7.50880119e-05 5.65727225e-05 3.78811308e-05 1.92862289e-05 1.07025260e-06 -1.64801291e-05 -3.30788589e-05 -4.84456700e-05 -6.23112941e-05 -7.44225926e-05 -8.45475024e-05 -9.24796918e-05 -9.80428210e-05 -1.01094308e-04 -1.01528509e-04 -9.92792338e-05 -9.43215229e-05 -8.66726404e-05 -7.63922466e-05 -6.35817363e-05 -4.83827520e-05 -3.09748984e-05 -1.15727066e-05 9.57808785e-06 3.22048721e-05 5.60129965e-05 8.06910247e-05 1.05916285e-04 1.31360603e-04 1.56696110e-04 1.81600981e-04 2.05765015e-04 2.28894911e-04 2.50719139e-04 2.70992294e-04 2.89498830e-04 3.06056096e-04 3.20516591e-04 3.32769404e-04 3.42740801e-04
-9.48409372e-05 -9.48095003e-05 -9.47150197e-05 -9.45569851e-05 -9.43345439e-05 -9.40464976e-05 -9.36912979e-05 -9.32670406e-05 -9.27714588e-05 -9.22019147e-05 -9.15553903e-05 -9.08284777e-05 -9.00173671e-05 -8.91178354e-05 -8.81252332e-05 -8.70344718e-05 -8.58400094e-05 -8.45358376e-05 -8.31154682e-05 -8.15719202e-05 -7.98977084e-05 -7.80848329e-05 -7.61247716e-05 -7.40084744e-05 -7.17263625e-05 -6.92683313e-05 -6.66237595e-05 -6.37815251e-05 -6.07300303e-05 -5.74572357e-05 -5.39507077e-05 -5.01976786e-05 -4.61851247e-05 -4.18998616e-05 -3.73286627e-05 -3.24584009e-05 -2.72762194e-05 -2.17697322e-05 -1.59272596e-05 -9.73810086e-06 -3.19284732e-06 3.71626117e-06 1.09949344e-05 1.86463833e-05 2.66708236e-05 3.50649343e-05 4.38212716e-05 5.29276447e-05 6.23664606e-05 7.21140479e-05 8.21399734e-05 9.24063700e-05 1.02867296e-04 1.13468152e-04 1.24145189e-04 1.34825128e-04 1.45424949e-04 1.55851869e-04 1.66003555e-04 1.75768612e-04 1.85027388e-04 1.93653103e-04 2.01513359e-04 2.08472013e-04 2.14391420e-04 2.19135046e-04 2.22570388e-04 2.24572176e-04 2.25025766e-04 2.23830658e-04 2.20904018e-04 2.16184108e-04 2.09633494e-04 2.01241927e-04 1.91028764e-04 1.79044844e-04 1.65373713e-04 1.50132138e-04 1.33469867e-04 1.15568592e-04 9.66401451e-05 7.69239282e-05 5.66836357e-05 3.62033304e-05 1.57829525e-05 -4.26664714e-06 -2.36290483e-05 -4.19878714e-05 -5.90325442e-05 -7.44641079e-05 -8.80009488e-05 -9.93843323e-05 -1.08383624e-04 -1.14801081e-04 -1.18476097e-04 -1.19288801e-04 -1.17162922e-04 -1.12067821e-04 -1.04019657e-04 -9.30816264e-05 -7.93632643e-05 -6.30188257e-05 -4.42447640e-05 -2.32763689e-05 -3.83635009e-07 2.41335486e-05 4.99507819e-05 7.67249976e-05 1.04100640e-04 1.31716053e-04 1.59209946e-04 1.86227802e-04 2.12428095e-04 2.37488190e-04 2.61109783e-04 2.83023776e-04 3.02994451e-04 3.20822862e-04 3.36349353e-04 3.49455141e-04 3.60062937e-04
-9.92881329e-05 -9.92580099e-05 -9.91674667e-05 -9.90159804e-05 -9.88026768e-05 -9.85263269e-05 -9.81853420e-05 -9.77777671e-05 -9.73012727e-05 -9.67531460e-05 -9.61302800e-05 -9.54291619e-05 -9.46458598e-05 -9.37760089e-05 -9.28147962e-05 -9.17569449e-05 -9.05966975e-05 -8.93277994e-05 -8.79434818e-05 -8.64364449e-05 -8.47988418e-05 -8.30222638e-05 -8.10977272e-05 -7.90156628e-05 -7.67659084e-05 -7.43377060e-05 -7.17197040e-05 -6.88999663e-05 -6.58659901e-05 -6.26047332e-05 -5.91026531e-05 -5.53457616e-05 -5.13196943e-05 -4.70098015e-05 -4.24012603e-05 -3.74792136e-05 -3.22289380e-05 -2.66360453e-05 -2.06867211e-05 -1.43680048e-05 -7.66811415e-06 -5.76818935e-07 6.91413394e-06 1.48105408e-05 2.31152061e-05 3.18273512e-05 4.09419700e-05 5.04491340e-05 6.03332545e-05 7.05723126e-05 8.11370694e-05 9.19902771e-05 1.03085911e-04 1.14368456e-04 1.25772267e-04 1.37221067e-04 1.48627590e-04 1.59893445e-04 1.70909232e-04 1.81554953e-04 1.91700779e-04 2.01208197e-04 2.09931568e-04 2.17720122e-04 2.24420394e-04 2.29879075e-04 2.33946259e-04 2.36479017e-04 2.37345233e-04 2.36427596e-04 2.33627633e-04 2.28869657e-04 2.22104495e-04 2.13312843e-04 2.02508133e-04 1.89738769e-04 1.75089642e-04 1.58682834e-04 1.40677458e-04 1.21268603e-04 1.00685402e-04 7.91882269e-05 5.70650893e-05 3.46273062e-05 1.22045270e-05 -9.86077537e-06 -3.12192378e-05 -5.15208444e-05 -7.04213463e-05 -8.75887353e-05 -1.02709643e-04 -1.15495536e-04 -1.25688566e-04 -1.33066962e-04 -1.37449818e-04 -1.38701170e-04 -1.36733250e-04 -1.31508824e-04 -1.23042549e-04 -1.11401294e-04 -9.67034132e-05 -7.91169732e-05 -5.88569721e-05 -3.61816131e-05 -1.13877147e-05 1.51946391e-05 4.32080893e-05 7.22745059e-05 1.02001868e-04 1.31991380e-04 1.61844672e-04 1.91170952e-04 2.19593943e-04 2.46758475e-04 2.72336578e-04 2.96032930e-04 3.17589547e-04 3.36789576e-04 3.53460109e-04 3.67473941e-04 3.78750226e-04
-1.03803104e-04 -1.03774426e-04 -1.03688213e-04 -1.03543931e-04 -1.03340687e-04 -1.03077225e-04 -1.02751920e-04 -1.02362772e-04 -1.01907396e-04 -1.01383009e-04 -1.00786425e-04 -1.00114035e-04 -9.93617941e-05 -9.85252063e-05 -9.75993061e-05 -9.65786397e-05 -9.54572459e-05 -9.42286358e-05 -9.28857716e-05 -9.14210461e-05 -8.98262617e-05 -8.80926107e-05 -8.62106564e-05 -8.41703166e-05 -8.19608498e-05 -7.95708450e-05 -7.69882168e-05 -7.42002067e-05 -7.11933923e-05 -6.79537062e-05 -6.44664670e-05 -6.07164242e-05 -5.66878205e-05 -5.23644734e-05 -4.77298811e-05 -4.27673550e-05 -3.74601835e-05 -3.17918313e-05 -2.57461789e-05 -1.93078073e-05 -1.24623316e-05 -5.19679003e-06 2.49990957e-06 1.06364802e-05 1.92186817e-05 2.82486799e-05 3.77243412e-05 4.76384631e-05 5.79779490e-05 6.87229352e-05 7.98458858e-05 9.13106716e-05 1.03071661e-04 1.15072850e-04 1.27247070e-04 1.39515311e-04 1.51786218e-04 1.63955801e-04 1.75907423e-04 1.87512111e-04 1.98629265e-04 2.09107786e-04 2.18787687e-04 2.27502202e-04 2.35080409e-04 2.41350347e-04 2.46142615e-04 2.49294365e-04 2.50653628e-04 2.50083854e-04 2.47468525e-04 2.42715708e-04 2.35762373e-04 2.26578318e-04 2.15169544e-04 2.01580922e-04 1.85898050e-04 1.68248178e-04 1.48800154e-04 1.27763359e-04 1.05385621e-04 8.19501635e-05 5.77716389e-05 3.31913360e-05 8.57166974e-06 -1.57099324e-05 -3.92676213e-05 -6.17140614e-05 -8.26675761e-05 -1.01759362e-04 -1.18640636e-04 -1.32989558e-04 -1.44517806e-04 -1.52976625e-04 -1.58162243e-04 -1.59920482e-04 -1.58150469e-04 -1.52807315e-04 -1.43903705e-04 -1.31510311e-04 -1.15755040e-04 -9.68210878e-05 -7.49438775e-05 -5.04069170e-05 -2.35366995e-05 5.30324997e-06 3.57190436e-05 6.72936711e-05 9.95946599e-05 1.32181999e-04 1.64616165e-04 1.96466093e-04 2.27316928e-04 2.56777391e-04 2.84486598e-04 3.10120180e-04 3.33395536e-04 3.54076103e-04 3.71974510e-04 3.86954533e-04 3.98931800e-04
-1.08382594e-04 -1.08355494e-04 -1.08274012e-04 -1.08137605e-04 -1.07945364e-04 -1.07696008e-04 -1.07387883e-04 -1.07018948e-04 -1.06586768e-04 -1.06088504e-04 -1.05520895e-04 -1.04880248e-04 -1.04162416e-04 -1.03362783e-04 -1.02476244e-04 -1.01497183e-04 -1.00419447e-04 -9.92363290e-05 -9.79405357e-05 -9.65241675e-05 -9.49786903e-05 -9.32949108e-05 -9.14629519e-05 -8.94722290e-05 -8.73114299e-05 -8.49684962e-05 -8.24306105e-05 -7.96841888e-05 -7.67148802e-05 -7.35075763e-05 -7.00464315e-05 -6.63148984e-05 -6.22957789e-05 -5.79712963e-05 -5.33231916e-05 -4.83328469e-05 -4.29814430e-05 -3.72501531e-05 -3.11203807e-05 -2.45740451e-05 -1.75939224e-05 -1.01640457e-05 -2.27017150e-06 6.09968343e-06 1.49546297e-05 2.43002154e-05 3.41376577e-05 4.44629965e-05 5.52661756e-05 6.65300602e-05 7.82294040e-05 9.03297839e-05 1.02786530e-04 1.15543681e-04 1.28533007e-04 1.41673143e-04 1.54868894e-04 1.68010763e-04 1.80974777e-04 1.93622667e-04 2.05802481e-04 2.17349676e-04 2.28088759e-04 2.37835494e-04 2.46399726e-04 2.53588776e-04 2.59211417e-04 2.63082342e-04 2.65027038e-04 2.64886945e-04 2.62524744e-04 2.57829599e-04 2.50722169e-04 2.41159197e-04 2.29137470e-04 2.14697013e-04 1.97923329e-04 1.78948601e-04 1.57951767e-04 1.35157435e-04 1.10833650e-04 8.52885469e-05 5.88659795e-05 3.19402129e-05 4.90981214e-06 -2.18091457e-05 -4.77903936e-05 -7.26051842e-05 -9.58302389e-05 -1.17055787e-04 -1.35893536e-04 -1.51984424e-04 -1.65005985e-04 -1.74679158e-04 -1.80774403e-04 -1.83116926e-04 -1.81590912e-04 -1.76142602e-04 -1.66782144e-04 -1.53584134e-04 -1.36686822e-04 -1.16289994e-04 -9.26515756e-05 -6.60830386e-05 -3.69437209e-05 -5.63419925e-06 2.74111379e-05 6.17321515e-05 9.68514801e-05 1.32283361e-04 1.67542573e-04 2.02153323e-04 2.35657899e-04 2.67624908e-04 2.97656924e-04 3.25397350e-04 3.50536341e-04 3.72815602e-04 3.92031945e-04 4.08039477e-04 4.20750368e-04
-1.13023047e-04 -1.12997660e-04 -1.12921318e-04 -1.12793468e-04 -1.12613189e-04 -1.12379180e-04 -1.12089763e-04 -1.11742862e-04 -1.11336004e-04 -1.10866296e-04 -1.10330419e-04 -1.09724602e-04 -1.09044611e-04 -1.08285725e-04 -1.07442713e-04 -1.06509811e-04 -1.05480693e-04 -1.04348449e-04 -1.03105549e-04 -1.01743818e-04 -1.00254404e-04 -9.86277447e-05 -9.68535402e-05 -9.49207189e-05 -9.28174113e-05 -9.05309228e-05 -8.80477115e-05 -8.53533713e-05 -8.24326203e-05 -7.92692998e-05 -7.58463826e-05 -7.21459959e-05 -6.81494606e-05 -6.38373508e-05 -5.91895777e-05 -5.41855025e-05 -4.88040826e-05 -4.30240581e-05 -3.68241835e-05 -3.01835116e-05 -2.30817365e-05 -1.54996030e-05 -7.41938821e-06 1.17453552e-06 1.02950535e-05 1.99515699e-05 3.01491763e-05 4.08877259e-05 5.21608171e-05 6.39546933e-05 7.62470717e-05 8.90059196e-05 1.02188204e-04 1.15738652e-04 1.29588556e-04 1.43654688e-04 1.57838380e-04 1.72024826e-04 1.86082712e-04 1.99864218e-04 2.13205497e-04 2.25927703e-04 2.37838630e-04 2.48735011e-04 2.58405528e-04 2.66634509e-04 2.73206316e-04 2.77910327e-04 2.80546436e-04 2.80930918e-04 2.78902484e-04 2.74328333e-04 2.67109962e-04 2.57188528e-04 2.44549514e-04 2.29226517e-04 2.11303963e-04 1.90918624e-04 1.68259851e-04 1.43568480e-04 1.17134418e-04 8.92929777e-05 6.04200405e-05 3.09261727e-05 1.24983897e-06 -2.81501375e-05 -5.68027090e-05 -8.42331709e-05 -1.09972001e-04 -1.33563811e-04 -1.54576235e-04 -1.72608597e-04 -1.87300171e-04 -1.98337849e-04 -2.05463039e-04 -2.08477608e-04 -2.07248700e-04 -2.01712283e-04 -1.91875308e-04 -1.77816389e-04 -1.59684985e-04 -1.37699076e-04 -1.12141403e-04 -8.33543560e-05 -5.17336452e-05 -1.77209175e-05 1.82045184e-05 5.55346687e-05 9.37423455e-05 1.32290985e-04 1.70644606e-04 2.08277712e-04 2.44684953e-04 2.79390343e-04 3.11955833e-04 3.41989035e-04 3.69149893e-04 3.93156108e-04 4.13787161e-04 4.30886781e-04 4.44363785e-04
-1.17720599e-04 -1.17697064e-04 -1.17626275e-04 -1.17507675e-04 -1.17340331e-04 -1.17122930e-04 -1.16853772e-04 -1.16530758e-04 -1.16151381e-04 -1.15712709e-04 -1.15211371e-04 -1.14643536e-04 -1.14004895e-04 -1.13290636e-04 -1.12495421e-04 -1.11613353e-04 -1.10637955e-04 -1.09562131e-04 -1.08378137e-04 -1.07077544e-04 -1.05651202e-04 -1.04089204e-04 -1.02380846e-04 -1.00514591e-04 -9.84780323e-05 -9.62578551e-05 -9.38398077e-05 -9.12086718e-05 -8.83482400e-05 -8.52413015e-05 -8.18696378e-05 -7.82140313e-05 -7.42542897e-05 -6.99692913e-05 -6.53370534e-05 -6.03348310e-05 -5.49392493e-05 -4.91264784e-05 -4.28724549e-05 -3.61531595e-05 -2.89449585e-05 -2.12250169e-05 -1.29717922e-05 -4.16561752e-06 5.21061779e-06 1.51706839e-05 2.57241165e-05 3.68752103e-05 4.86219013e-05 6.09545424e-05 7.38545837e-05 8.72931749e-05 1.01229716e-04 1.15610395e-04 1.30366750e-04 1.45414325e-04 1.60651480e-04 1.75958437e-04 1.91196644e-04 2.06208567e-04 2.20817985e-04 2.34830908e-04 2.48037174e-04 2.60212831e-04 2.71123316e-04 2.80527470e-04 2.88182363e-04 2.93848858e-04 2.97297803e-04 2.98316708e-04 2.96716679e-04 2.92339406e-04 2.85063910e-04 2.74812810e-04 2.61557815e-04 2.45324215e-04 2.26194152e-04 2.04308517e-04 1.79867369e-04 1.53128823e-04 1.24406452e-04 9.40652388e-05 6.25162185e-05 3.02099409e-05 -2.37107377e-06 -3.47207139e-05 -6.63183123e-05 -9.66381620e-05 -1.25159339e-04 -1.51375658e-04 -1.74805583e-04 -1.95001913e-04 -2.11561041e-04 -2.24131588e-04 -2.32422203e-04 -2.36208311e-04 -2.35337623e-04 -2.29734217e-04 -2.19401059e-04 -2.04420858e-04 -1.84955219e-04 -1.61242095e-04 -1.33591608e-04 -1.02380356e-04 -6.80443535e-05 -3.10707897e-05 8.01118931e-06 4.86404779e-05 9.02345712e-05 1.32200486e-04 1.73945842e-04 2.14889890e-04 2.54474299e-04 2.92173467e-04 3.27504143e-04 3.60034127e-04 3.89389808e-04 4.15262320e-04 4.37412105e-04 4.55671725e-04 4.69946799e-04
-1.22471078e-04 -1.22449534e-04 -1.22384717e-04 -1.22276065e-04 -1.22122641e-04 -1.21923122e-04 -1.21675794e-04 -1.21378543e-04 -1.21028836e-04 -1.20623715e-04 -1.20159768e-04 -1.19633120e-04 -1.19039401e-04 -1.18373726e-04 -1.17630667e-04 -1.16804217e-04 -1.15887767e-04 -1.14874059e-04 -1.13755158e-04 -1.12522406e-04 -1.11166383e-04 -1.09676859e-04 -1.08042757e-04 -1.06252098e-04 -1.04291963e-04 -1.02148442e-04 -9.98065951e-05 -9.72504087e-05 -9.44627634e-05 -9.14254040e-05 -8.81189203e-05 -8.45227397e-05 -8.06151350e-05 -7.63732519e-05 -7.17731598e-05 -6.67899319e-05 -6.13977612e-05 -5.55701179e-05 -4.92799574e-05 -4.24999861e-05 -3.52029960e-05 -2.73622760e-05 -1.89521126e-05 -9.94838859e-06 -3.29291362e-07 9.92386010e-06 2.08256612e-05 3.23855351e-05 4.46065111e-05 5.74838707e-05 7.10036690e-05 8.51411494e-05 9.98590751e-05 1.15106016e-04 1.30814636e-04 1.46900051e-04 1.63258322e-04 1.79765185e-04 1.96275110e-04 2.12620803e-04 2.28613277e-04 2.44042591e-04 2.58679378e-04 2.72277257e-04 2.84576180e-04 2.95306770e-04 3.04195614e-04 3.10971461e-04 3.15372208e-04 3.17152486e-04 3.16091620e-04 3.12001694e-04 3.04735403e-04 2.94193372e-04 2.80330626e-04 2.63161913e-04 2.42765632e-04 2.19286169e-04 1.92934541e-04 1.63987276e-04 1.32783578e-04 9.97208560e-05 6.52487612e-05 2.98619111e-05 -5.90850976e-06 -4.15040661e-05 -7.63491066e-05 -1.09861326e-04 -1.41462670e-04 -1.70590397e-04 -1.96708114e-04 -2.19316596e-04 -2.37964163e-04 -2.52256409e-04 -2.61865017e-04 -2.66535448e-04 -2.66093235e-04 -2.60448701e-04 -2.49599898e-04 -2.33633678e-04 -2.12724814e-04 -1.87133200e-04 -1.57199200e-04 -1.23337288e-04 -8.60281627e-05 -4.58095392e-05 -3.26587201e-06 4.09827772e-05 8.62924840e-05 1.32007600e-04 1.77473067e-04 2.22046699e-04 2.65111209e-04 3.06085745e-04 3.44436702e-04 3.79687530e-04 4.11427280e-04 4.39317606e-04 4.63097982e-04 4.82588918e-04 4.97693037e-04
-1.27269997e-04 -1.27250585e-04 -1.27192160e-04 -1.27094161e-04 -1.26955647e-04 -1.26775293e-04 -1.26551380e-04 -1.26281782e-04 -1.25963957e-04 -1.25594927e-04 -1.25171258e-04 -1.24689042e-04 -1.24143868e-04 -1.23530796e-04 -1.22844328e-04 -1.22078372e-04 -1.21226207e-04 -1.20280442e-04 -1.19232977e-04 -1.18074953e-04 -1.16796710e-04 -1.15387729e-04 -1.13836587e-04 -1.12130898e-04 -1.10257262e-04 -1.08201204e-04 -1.05947123e-04 -1.03478240e-04 -1.00776544e-04 -9.78227540e-05 -9.45962775e-05 -9.10751883e-05 -8.72362142e-05 -8.30547434e-05 -7.85048554e-05 -7.35593784e-05 -6.81899842e-05 -6.23673242e-05 -5.60612176e-05 -4.92409008e-05 -4.18753477e-05 -3.39336740e-05 -2.53856370e-05 -1.62022434e-05 -6.35647979e-06 4.17582372e-06 1.54149833e-05 2.73762969e-05 4.00687179e-05 5.34933677e-05 6.76418902e-05 8.24946639e-05 9.80188935e-05 1.14166620e-04 1.30872695e-04 1.48052798e-04 1.65601561e-04 1.83390917e-04 2.01268793e-04 2.19058254e-04 2.36557270e-04 2.53539216e-04 2.69754270e-04 2.84931811e-04 2.98783912e-04 3.11009991e-04 3.21302613e-04 3.29354385e-04 3.34865823e-04 3.37553982e-04 3.37161601e-04 3.33466420e-04 3.26290321e-04 3.15507895e-04 3.01054060e-04 2.82930369e-04 2.61209710e-04 2.36039172e-04 2.07640939e-04 1.76311158e-04 1.42416831e-04 1.06390846e-04 6.87253191e-05 2.99634695e-05 -9.30974104e-06 -4.84779722e-05 -8.69046463e-05 -1.23944660e-04 -1.58956474e-04 -1.91314386e-04 -2.20420809e-04 -2.45718342e-04 -2.66701401e-04 -2.82927177e-04 -2.94025624e-04 -2.99708217e-04 -2.99775173e-04 -2.94120898e-04 -2.82737440e-04 -2.65715799e-04 -2.43245036e-04 -2.15609173e-04 -1.83182009e-04 -1.46419995e-04 -1.05853399e-04 -6.20760163e-05 -1.57336970e-05 3.24880476e-05 8.18770970e-05 1.31708198e-04 1.81256640e-04 2.29811903e-04 2.76691063e-04 3.21251702e-04 3.62904052e-04 4.01122083e-04 4.35453205e-04 4.65526277e-04 4.91057599e-04 5.11854629e-04 5.27817243e-04
-1.32112557e-04 -1.32095415e-04 -1.32043805e-04 -1.31957164e-04 -1.31834555e-04 -1.31674654e-04 -1.31475743e-04 -1.31235699e-04 -1.30951978e-04 -1.30621596e-04 -1.30241113e-04 -1.29806603e-04 -1.29313633e-04 -1.28757230e-04 -1.28131848e-04 -1.27431333e-04 -1.26648881e-04 -1.25776996e-04 -1.24807443e-04 -1.23731197e-04 -1.22538388e-04 -1.21218247e-04 -1.19759041e-04 -1.18148017e-04 -1.16371328e-04 -1.14413976e-04 -1.12259737e-04 -1.09891099e-04 -1.07289196e-04 -1.04433745e-04 -1.01302996e-04 -9.78736836e-05 -9.41209920e-05 -9.00185425e-05 -8.55383967e-05 -8.06510893e-05 -7.53256964e-05 -6.95299450e-05 -6.32303765e-05 -5.63925712e-05 -4.89814489e-05 -4.09616577e-05 -3.22980646e-05 -2.29563652e-05 -1.29038273e-05 -2.11018414e-06 9.45130554e-06 2.18026193e-05 3.49595427e-05 4.89300451e-05 6.37124611e-05 7.92934869e-05 9.56460126e-05 1.12726825e-04 1.30474237e-04 1.48805701e-04 1.67615521e-04 1.86772752e-04 2.06119433e-04 2.25469307e-04 2.44607183e-04 2.63289132e-04 2.81243661e-04 2.98174045e-04 3.13761930e-04 3.27672283e-04 3.39559731e-04 3.49076219e-04 3.55879862e-04 3.59644778e-04 3.60071581e-04 3.56898177e-04 3.49910409e-04 3.38952105e-04 3.23934044e-04 3.04841439e-04 2.81739553e-04 2.54777176e-04 2.24187819e-04 1.90288555e-04 1.53476585e-04 1.14223671e-04 7.30686805e-05 3.06084779e-05 -1.25125221e-05 -5.56138905e-05 -9.79915470e-05 -1.38930731e-04 -1.77719377e-04 -2.13661718e-04 -2.46091912e-04 -2.74387498e-04 -2.97982435e-04 -3.16379441e-04 -3.29161329e-04 -3.36000998e-04 -3.36669739e-04 -3.31043544e-04 -3.19107164e-04 -3.00955714e-04 -2.76793766e-04 -2.46931916e-04 -2.11780971e-04 -1.71843945e-04 -1.27706140e-04 -8.00236246e-05 -2.95104151e-05 2.30753166e-05 7.69457387e-05 1.31298299e-04 1.85330881e-04 2.38256957e-04 2.89320504e-04 3.37810442e-04 3.83074289e-04 4.24530710e-04 4.61680573e-04 4.94116143e-04 5.21528006e-04 5.43709421e-04 5.60557811e-04
-1.36993640e-04 -1.36978909e-04 -1.36934533e-04 -1.36859955e-04 -1.36754242e-04 -1.36616079e-04 -1.36443759e-04 -1.36235169e-04 -1.35987776e-04 -1.35698606e-04 -1.35364224e-04 -1.34980710e-04 -1.34543625e-04 -1.34047986e-04 -1.33488225e-04 -1.32858152e-04 -1.32150910e-04 -1.31358930e-04 -1.30473875e-04 -1.29486590e-04 -1.28387037e-04 -1.27164234e-04 -1.25806184e-04 -1.24299807e-04 -1.22630860e-04 -1.20783866e-04 -1.18742023e-04 -1.16487135e-04 -1.13999520e-04 -1.11257938e-04 -1.08239515e-04 -1.04919672e-04 -1.01272072e-04 -9.72685734e-05 -9.28792090e-05 -8.80721892e-05 -8.28139376e-05 -7.70691694e-05 -7.08010219e-05 -6.39712489e-05 -5.65404924e-05 -4.84686461e-05 -3.97153292e-05 -3.02404863e-05 -2.00051344e-05 -8.97227678e-06 2.89199725e-06 1.56172070e-05 2.92269544e-05 4.37371647e-05 5.91540901e-05 7.54720796e-05 9.26711327e-05 1.10714268e-04 1.29544758e-04 1.49083307e-04 1.69225264e-04 1.89838002e-04 2.10758608e-04 2.31792068e-04 2.52710137e-04 2.73251104e-04 2.93120671e-04 3.11994123e-04 3.29519985e-04 3.45325259e-04 3.59022310e-04 3.70217354e-04 3.78520422e-04 3.83556550e-04 3.84977853e-04 3.82476029e-04 3.75794790e-04 3.64741648e-04 3.49198502e-04 3.29130505e-04 3.04592758e-04 2.75734525e-04 2.42800752e-04 2.06130867e-04 1.66154942e-04 1.23387422e-04 7.84187065e-05 3.19049299e-05 -1.54437379e-05 -6.28759317e-05 -1.09612801e-04 -1.54862350e-04 -1.97834210e-04 -2.37754669e-04 -2.73881773e-04 -3.05520312e-04 -3.32036412e-04 -3.52871458e-04 -3.67554962e-04 -3.75715996e-04 -3.77092766e-04 -3.71539953e-04 -3.59033485e-04 -3.39672504e-04 -3.13678447e-04 -2.81391219e-04 -2.43262652e-04 -1.99847472e-04 -1.51792137e-04 -9.98218939e-05 -4.47264592e-05 1.26553370e-05 7.14516285e-05 1.30774045e-04 1.89734474e-04 2.47461841e-04 3.03118690e-04 3.55917315e-04 4.05135115e-04 4.50128825e-04 4.90347157e-04 5.25341401e-04 5.54773493e-04 5.78421141e-04 5.96179657e-04
-1.41907814e-04 -1.41895634e-04 -1.41858910e-04 -1.41797093e-04 -1.41709261e-04 -1.41594115e-04 -1.41449965e-04 -1.41274721e-04 -1.41065872e-04 -1.40820469e-04 -1.40535101e-04 -1.40205869e-04 -1.39828355e-04 -1.39397587e-04 -1.38908002e-04 -1.38353404e-04 -1.37726915e-04 -1.37020926e-04 -1.36227038e-04 -1.35336005e-04 -1.34337664e-04 -1.33220866e-04 -1.31973400e-04 -1.30581910e-04 -1.29031810e-04 -1.27307196e-04 -1.25390750e-04 -1.23263641e-04 -1.20905432e-04 -1.18293978e-04 -1.15405330e-04 -1.12213640e-04 -1.08691084e-04 -1.04807782e-04 -1.00531748e-04 -9.58288578e-05 -9.06628464e-05 -8.49953510e-05 -7.87860008e-05 -7.19925722e-05 -6.45712230e-05 -5.64768212e-05 -4.76633891e-05 -3.80846826e-05 -2.76949291e-05 -1.64497489e-05 -4.30728317e-06 8.77044422e-06 2.28159112e-05 3.78542078e-05 5.39008605e-05 7.09593683e-05 8.90184598e-05 1.08049100e-04 1.28001292e-04 1.48800757e-04 1.70345583e-04 1.92502991e-04 2.15106382e-04 2.37952868e-04 2.60801528e-04 2.83372617e-04 3.05348015e-04 3.26373150e-04 3.46060612e-04 3.63995648e-04 3.79743594e-04 3.92859272e-04 4.02898183e-04 4.09429252e-04 4.12048727e-04 4.10394695e-04 4.04161615e-04 3.93114174e-04 3.77099800e-04 3.56059179e-04 3.30034241e-04 2.99173221e-04 2.63732562e-04 2.24075636e-04 1.80668394e-04 1.34072240e-04 8.49344803e-05 3.39767925e-05 -1.80178933e-05 -7.02196992e-05 -1.21766986e-04 -1.71782175e-04 -2.19388011e-04 -2.63724125e-04 -3.03963728e-04 -3.39330259e-04 -3.69113726e-04 -3.92686404e-04 -4.09517481e-04 -4.19186173e-04 -4.21392805e-04 -4.15967370e-04 -4.02875171e-04 -3.82219229e-04 -3.54239345e-04 -3.19307821e-04 -2.77922043e-04 -2.30694255e-04 -1.78338928e-04 -1.21658210e-04 -6.15258932e-05 1.12967382e-06 6.53433918e-05 1.30131663e-04 1.94510875e-04 2.57515935e-04 3.18218653e-04 3.75745746e-04 4.29296117e-04 4.78157013e-04 5.21718531e-04 5.59485907e-04 5.91088986e-04 6.16288326e-04 6.34977492e-04
-1.46849337e-04 -1.46839844e-04 -1.46811184e-04 -1.46762819e-04 -1.46693842e-04 -1.46602976e-04 -1.46488560e-04 -1.46348534e-04 -1.46180426e-04 -1.45981326e-04 -1.45747866e-04 -1.45476188e-04 -1.45161917e-04 -1.44800118e-04 -1.44385264e-04 -1.43911181e-04 -1.43371006e-04 -1.42757128e-04 -1.42061128e-04 -1.41273712e-04 -1.40384641e-04 -1.39382650e-04 -1.38255367e-04 -1.36989220e-04 -1.35569340e-04 -1.33979461e-04 -1.32201810e-04 -1.30216996e-04 -1.28003891e-04 -1.25539512e-04 -1.22798900e-04 -1.19755003e-04 -1.16378561e-04 -1.12638002e-04 -1.08499353e-04 -1.03926167e-04 -9.88794823e-05 -9.33178162e-05 -8.71972121e-05 -8.04713445e-05 -7.30917051e-05 -6.50078857e-05 -5.61679799e-05 -4.65191274e-05 -3.60082280e-05 -2.45828545e-05 -1.21923943e-05 1.21054808e-06 1.56684575e-05 3.12168972e-05 4.78821577e-05 6.56785551e-05 8.46053783e-05 1.04643506e-04 1.25751740e-04 1.47862917e-04 1.70879927e-04 1.94671763e-04 2.19069805e-04 2.43864570e-04 2.68803188e-04 2.93587913e-04 3.17875992e-04 3.41281187e-04 3.63377257e-04 3.83703628e-04 4.01773380e-04 4.17083598e-04 4.29127947e-04 4.37411186e-04 4.41465181e-04 4.40865791e-04 4.35249879e-04 4.24331656e-04 4.07917483e-04 3.85918369e-04 3.58359494e-04 3.25386263e-04 2.87266641e-04 2.44389732e-04 1.97260786e-04 1.46493014e-04 9.27966853e-05 3.69660421e-05 -2.01354371e-05 -7.75909868e-05 -1.34447354e-04 -1.89732204e-04 -2.42471961e-04 -2.91709991e-04 -3.36524990e-04 -3.76049451e-04 -4.09487930e-04 -4.36134775e-04 -4.55390824e-04 -4.66778497e-04 -4.69954670e-04 -4.64720711e-04 -4.51029166e-04 -4.28986710e-04 -3.98853194e-04 -3.61036812e-04 -3.16085652e-04 -2.64676030e-04 -2.07598156e-04 -1.45739710e-04 -8.00678709e-05 -1.16103093e-05 5.85645029e-05 1.29367379e-04 1.99708728e-04 2.68518947e-04 3.34768751e-04 3.97489225e-04 4.55791279e-04 5.08884019e-04 5.56091462e-04 5.96866861e-04 6.30803905e-04 6.57644068e-04 6.77279540e-04
-1.51812155e-04 -1.51805484e-04 -1.51785294e-04 -1.51751058e-04 -1.51701893e-04 -1.51636550e-04 -1.51553405e-04 -1.51450443e-04 -1.51325242e-04 -1.51174948e-04 -1.50996255e-04 -1.50785369e-04 -1.50537980e-04 -1.50249220e-04 -1.49913625e-04 -1.49525080e-04 -1.49076773e-04 -1.48561131e-04 -1.47969759e-04 -1.47293365e-04 -1.46521685e-04 -1.45643396e-04 -1.44646025e-04 -1.43515847e-04 -1.42237780e-04 -1.40795271e-04 -1.39170168e-04 -1.37342597e-04 -1.35290821e-04 -1.32991102e-04 -1.30417554e-04 -1.27541999e-04 -1.24333819e-04 -1.20759819e-04 -1.16784092e-04 -1.12367911e-04 -1.07469635e-04 -1.02044654e-04 -9.60453785e-05 -8.94212887e-05 -8.21190598e-05 -7.40827867e-05 -6.52543282e-05 -5.55738001e-05 -4.49802474e-05 -3.34125299e-05 -2.08104574e-05 -7.11621490e-06 7.72388483e-06 2.37572826e-05 4.10226565e-05 5.95469827e-05 7.93421652e-05 1.00401241e-04 1.22694200e-04 1.46163481e-04 1.70719261e-04 1.96234689e-04 2.22541274e-04 2.49424685e-04 2.76621285e-04 3.03815747e-04 3.30640147e-04 3.56674918e-04 3.81452045e-04 4.04460816e-04 4.25156331e-04 4.42970864e-04 4.57327956e-04 4.67658961e-04 4.73421506e-04 4.74119159e-04 4.69321414e-04 4.58682982e-04 4.41961364e-04 4.19031730e-04 3.89898265e-04 3.54701409e-04 3.13720652e-04 2.67372890e-04 2.16206604e-04 1.60892354e-04 1.02210222e-04 4.10349043e-05 -2.16809101e-05 -8.49243246e-05 -1.47640787e-04 -2.08753165e-04 -2.67181236e-04 -3.21861534e-04 -3.71767539e-04 -4.15930084e-04 -4.53457772e-04 -4.83557002e-04 -5.05551055e-04 -5.18897534e-04 -5.23203389e-04 -5.18236741e-04 -5.03934855e-04 -4.80407750e-04 -4.47937234e-04 -4.06971394e-04 -3.58114890e-04 -3.02115567e-04 -2.39848090e-04 -1.72295336e-04 -1.00528226e-04 -2.56845690e-05 5.10526450e-05 1.28477277e-04 2.05382244e-04 2.80581855e-04 3.52934202e-04 4.21363452e-04 4.84881728e-04 5.42610063e-04 5.93797719e-04 6.37838991e-04 6.74286559e-04 7.02860444e-04 7.23451796e-04
-1.56789914e-04 -1.56786196e-04 -1.56774870e-04 -1.56755427e-04 -1.56727008e-04 -1.56688403e-04 -1.56638033e-04 -1.56573941e-04 -1.56493769e-04 -1.56394738e-04 -1.56273621e-04 -1.56126712e-04 -1.55949792e-04 -1.55738089e-04 -1.55486232e-04 -1.55188203e-04 -1.54837279e-04 -1.54425970e-04 -1.53945951e-04 -1.53387985e-04 -1.52741840e-04 -1.51996195e-04 -1.51138544e-04 -1.50155083e-04 -1.49030593e-04 -1.47748313e-04 -1.46289803e-04 -1.44634794e-04 -1.42761038e-04 -1.40644140e-04 -1.38257387e-04 -1.35571576e-04 -1.32554830e-04 -1.29172420e-04 -1.25386594e-04 -1.21156417e-04 -1.16437619e-04 -1.11182489e-04 -1.05339798e-04 -9.88547758e-05 -9.16691725e-05 -8.37214035e-05 -7.49468228e-05 -6.52781457e-05 -5.46460583e-05 -4.29800529e-05 -3.02095337e-05 -1.62652388e-05 -1.08102940e-06 1.54039060e-05 3.32423857e-05 5.24760684e-05 7.31317626e-05 9.52172033e-05 1.18716321e-04 1.43584064e-04 1.69740871e-04 1.97066969e-04 2.25396714e-04 2.54513265e-04 2.84143958e-04 3.13956801e-04 3.43558553e-04 3.72494889e-04 4.00253104e-04 4.26267808e-04 4.49929890e-04 4.70598922e-04 4.87618938e-04 5.00337272e-04 5.08125873e-04 5.10404268e-04 5.06663070e-04 4.96486840e-04 4.79574997e-04 4.55759563e-04 4.25018719e-04 3.87485418e-04 3.43450695e-04 2.93361667e-04 2.37814622e-04 1.77543852e-04 1.13407067e-04 4.63682961e-05 -2.25209190e-05 -9.21413662e-05 -1.61326603e-04 -2.28883769e-04 -2.93614737e-04 -3.54337655e-04 -4.09908973e-04 -4.59245933e-04 -5.01349352e-04 -5.35326263e-04 -5.60411799e-04 -5.75989431e-04 -5.81608600e-04 -5.76998741e-04 -5.62078837e-04 -5.36961843e-04 -5.01953708e-04 -4.57547032e-04 -4.04409802e-04 -3.43369911e-04 -2.75396356e-04 -2.01578064e-04 -1.23101192e-04 -4.12256122e-05 4.27389764e-05 1.27457079e-04 2.11591538e-04 2.93827847e-04 3.72898683e-04 4.47608622e-04 5.16858732e-04 5.79670517e-04 6.35208339e-04 6.82799275e-04 7.21949150e-04 7.52353572e-04 7.73902901e-04
-1.61775962e-04 -1.61775324e-04 -1.61773247e-04 -1.61769238e-04 -1.61762473e-04 -1.61751784e-04 -1.61735651e-04 -1.61712186e-04 -1.61679110e-04 -1.61633736e-04 -1.61572937e-04 -1.61493120e-04 -1.61390182e-04 -1.61259476e-04 -1.61095762e-04 -1.60893152e-04 -1.60645056e-04 -1.60344113e-04 -1.59982118e-04 -1.59549946e-04 -1.59037456e-04 -1.58433400e-04 -1.57725308e-04 -1.56899376e-04 -1.55940333e-04 -1.54831304e-04 -1.53553655e-04 -1.52086831e-04 -1.50408180e-04 -1.48492766e-04 -1.46313169e-04 -1.43839280e-04 -1.41038087e-04 -1.37873450e-04 -1.34305888e-04 -1.30292359e-04 -1.25786059e-04 -1.20736242e-04 -1.15088073e-04 -1.08782529e-04 -1.01756369e-04 -9.39421971e-05 -8.52686407e-05 -7.56606817e-05 -6.50401804e-05 -5.33266343e-05 -4.04382240e-05 -2.62932032e-05 -1.08116925e-05 6.08205950e-06 2.44568864e-05 4.43713289e-05 6.58696298e-05 8.89770748e-05 1.13694682e-04 1.39993288e-04 1.67807120e-04 1.97027031e-04 2.27493620e-04 2.58990576e-04 2.91238645e-04 3.23890726e-04 3.56528652e-04 3.88662261e-04 4.19731371e-04 4.49111200e-04 4.76121678e-04 5.00040915e-04 5.20122796e-04 5.35618439e-04 5.45800830e-04 5.49991665e-04 5.47589114e-04 5.38094968e-04 5.21139611e-04 4.96503257e-04 4.64132154e-04 4.24148841e-04 3.76855982e-04 3.22733837e-04 2.62431909e-04 1.96755653e-04 1.26649372e-04 5.31764626e-05 -2.25019398e-05 -9.91491140e-05 -1.75475205e-04 -2.50159795e-04 -3.21874672e-04 -3.89307019e-04 -4.51183281e-04 -5.06293837e-04 -5.53518370e-04 -5.91851514e-04 -6.20428009e-04 -6.38546323e-04 -6.45689469e-04 -6.41541750e-04 -6.26000280e-04 -5.99180439e-04 -5.61414860e-04 -5.13246038e-04 -4.55413129e-04 -3.88833878e-04 -3.14582863e-04 -2.33867262e-04 -1.48001246e-04 -5.83798352e-05 3.35472868e-05 1.26301821e-04 2.18402876e-04 3.08393208e-04 3.94865940e-04 4.76491836e-04 5.52046932e-04 6.20439938e-04 6.80738402e-04 7.32192300e-04 7.74253489e-04 8.06589423e-04 8.29089750e-04
-1.66763363e-04 -1.66765928e-04 -1.66773467e-04 -1.66785511e-04 -1.66801272e-04 -1.66819636e-04 -1.66839150e-04 -1.66858006e-04 -1.66874023e-04 -1.66884624e-04 -1.66886803e-04 -1.66877100e-04 -1.66851562e-04 -1.66805695e-04 -1.66734424e-04 -1.66632032e-04 -1.66492105e-04 -1.66307460e-04 -1.66070066e-04 -1.65770968e-04 -1.65400184e-04 -1.64946606e-04 -1.64397884e-04 -1.63740296e-04 -1.62958614e-04 -1.62035949e-04 -1.60953582e-04 -1.59690789e-04 -1.58224638e-04 -1.56529784e-04 -1.54578240e-04 -1.52339139e-04 -1.49778478e-04 -1.46858860e-04 -1.43539220e-04 -1.39774557e-04 -1.35515663e-04 -1.30708871e-04 -1.25295826e-04 -1.19213300e-04 -1.12393059e-04 -1.04761821e-04 -9.62413263e-05 -8.67485487e-05 -7.61961105e-05 -6.44929313e-05 -5.15451813e-05 -3.72576011e-05 -2.15352616e-05 -4.28584342e-06 1.45774858e-05 3.51325168e-05 5.74436998e-05 8.15570504e-05 1.07494241e-04 1.35245897e-04 1.64764186e-04 1.95954848e-04 2.28668921e-04 2.62694510e-04 2.97749070e-04 3.33472763e-04 3.69423585e-04 4.05074990e-04 4.39816773e-04 4.72959961e-04 5.03746290e-04 5.31362689e-04 5.54960856e-04 5.73681662e-04 5.86683650e-04 5.93174498e-04 5.92443869e-04 5.83895791e-04 5.67078579e-04 5.41710332e-04 5.07698375e-04 4.65151448e-04 4.14384081e-04 3.55913279e-04 2.90448237e-04 2.18874318e-04 1.42232782e-04 6.16977866e-05 -2.14479681e-05 -1.05837987e-04 -1.90046548e-04 -2.72612980e-04 -3.52065922e-04 -4.26948006e-04 -4.95841484e-04 -5.57395130e-04 -6.10352441e-04 -6.53580709e-04 -6.86100072e-04 -7.07111224e-04 -7.16020183e-04 -7.12458434e-04 -6.96296930e-04 -6.67652839e-04 -6.26888482e-04 -5.74602604e-04 -5.11614719e-04 -4.38943803e-04 -3.57782891e-04 -2.69471184e-04 -1.75465048e-04 -7.73089674e-05 2.33930323e-05 1.25005392e-04 2.25888777e-04 3.24428100e-04 4.19061355e-04 5.08309567e-04 5.90807786e-04 6.65336510e-04 7.30852361e-04 7.86516326e-04 8.31717536e-04 8.66090509e-04 8.89523956e-04
-1.71744904e-04 -1.71750788e-04 -1.71768295e-04 -1.71796981e-04 -1.71836102e-04 -1.71884604e-04 -1.71941112e-04 -1.72003914e-04 -1.72070940e-04 -1.72139739e-04 -1.72207451e-04 -1.72270777e-04 -1.72325935e-04 -1.72368622e-04 -1.72393962e-04 -1.72396451e-04 -1.72369896e-04 -1.72307340e-04 -1.72200988e-04 -1.72042112e-04 -1.71820961e-04 -1.71526644e-04 -1.71147012e-04 -1.70668520e-04 -1.70076083e-04 -1.69352907e-04 -1.68480311e-04 -1.67437527e-04 -1.66201486e-04 -1.64746585e-04 -1.63044426e-04 -1.61063553e-04 -1.58769153e-04 -1.56122749e-04 -1.53081880e-04 -1.49599770e-04 -1.45624983e-04 -1.41101099e-04 -1.35966389e-04 -1.30153527e-04 -1.23589351e-04 -1.16194695e-04 -1.07884321e-04 -9.85670015e-05 -8.81457788e-05 -7.65184787e-05 -6.35785275e-05 -4.92161578e-05 -3.33200873e-05 -1.57797656e-05 3.51170876e-06 2.46538991e-05 4.77344716e-05 7.28236848e-05 9.99678749e-05 1.29181928e-04 1.60440794e-04 1.93670184e-04 2.28736700e-04 2.65437766e-04 3.03491887e-04 3.42529894e-04 3.82087962e-04 4.21603332e-04 4.60413674e-04 4.97761057e-04 5.32801328e-04 5.64619524e-04 5.92251541e-04 6.14711849e-04 6.31026497e-04 6.40270052e-04 6.41604604e-04 6.34318534e-04 6.17862502e-04 5.91880218e-04 5.56231819e-04 5.11008376e-04 4.56536805e-04 3.93375380e-04 3.22300869e-04 2.44288955e-04 1.60489934e-04 7.22017283e-05 -1.91580497e-05 -1.12079748e-04 -2.04988420e-04 -2.96269676e-04 -3.84295150e-04 -4.67448391e-04 -5.44152039e-04 -6.12896941e-04 -6.72273405e-04 -7.21004204e-04 -7.57978272e-04 -7.82283435e-04 -7.93236105e-04 -7.90405716e-04 -7.73631885e-04 -7.43032799e-04 -6.99004082e-04 -6.42208324e-04 -5.73556290e-04 -4.94181503e-04 -4.05410310e-04 -3.08729519e-04 -2.05753438e-04 -9.81916028e-05 1.21822320e-05 1.23559880e-04 2.34127909e-04 3.42097139e-04 4.45733388e-04 5.43390129e-04 6.33543186e-04 7.14826842e-04 7.86069986e-04 8.46330160e-04 8.94922902e-04 9.31443600e-04 9.55779341e-04
-1.76713109e-04 -1.76722423e-04 -1.76750230e-04 -1.76796115e-04 -1.76859383e-04 -1.76939050e-04 -1.77033829e-04 -1.77142116e-04 -1.77261967e-04 -1.77391081e-04 -1.77526763e-04 -1.77665897e-04 -1.77804907e-04 -1.77939709e-04 -1.78065667e-04 -1.78177530e-04 -1.78269373e-04 -1.78334519e-04 -1.78365464e-04 -1.78353778e-04 -1.78290010e-04 -1.78163567e-04 -1.77962591e-04 -1.77673811e-04 -1.77282395e-04 -1.76771762e-04 -1.76123397e-04 -1.75316636e-04 -1.74328425e-04 -1.73133068e-04 -1.71701942e-04 -1.70003190e-04 -1.68001394e-04 -1.65657216e-04 -1.62927021e-04 -1.59762484e-04 -1.56110175e-04 -1.51911139e-04 -1.47100480e-04 -1.41606962e-04 -1.35352636e-04 -1.28252533e-04 -1.20214447e-04 -1.11138840e-04 -1.00918932e-04 -8.94410295e-05 -7.65851632e-05 -6.22261272e-05 -4.62350187e-05 -2.84813909e-05 -8.83614520e-06 1.28247057e-05 3.66152723e-05 6.26338997e-05 9.09560606e-05 1.21625978e-04 1.54646996e-04 1.89970807e-04 2.27485779e-04 2.67004758e-04 3.08252930e-04 3.50856471e-04 3.94332953e-04 4.38084575e-04 4.81395447e-04 5.23434124e-04 5.63262510e-04 5.99852000e-04 6.32107318e-04 6.58897935e-04 6.79096297e-04 6.91621291e-04 6.95484714e-04 6.89837859e-04 6.74015044e-04 6.47570887e-04 6.10308570e-04 5.62297122e-04 5.03876818e-04 4.35653001e-04 3.58479741e-04 2.73435580e-04 1.81794076e-04 8.49918254e-05 -1.54037493e-05 -1.17725309e-04 -2.20234526e-04 -3.21149213e-04 -4.18669542e-04 -5.11004633e-04 -5.96400904e-04 -6.73173250e-04 -7.39739570e-04 -7.94658286e-04 -8.36667620e-04 -8.64724546e-04 -8.78040690e-04 -8.76112254e-04 -8.58741242e-04 -8.26045950e-04 -7.78459726e-04 -7.16718216e-04 -6.41836495e-04 -5.55078395e-04 -4.57920826e-04 -3.52015932e-04 -2.39153435e-04 -1.21224789e-04 -1.89785058e-07 1.21954676e-04 2.43204664e-04 3.61579646e-04 4.75154743e-04 5.82096017e-04 6.80699174e-04 7.69431155e-04 8.46972949e-04 9.12260953e-04 9.64523472e-04 1.00330869e-03 1.02850064e-03
-1.81660254e-04 -1.81673102e-04 -1.81711518e-04 -1.81775122e-04 -1.81863274e-04 -1.81975066e-04 -1.82109311e-04 -1.82264525e-04 -1.82438910e-04 -1.82630329e-04 -1.82836277e-04 -1.83053847e-04 -1.83279696e-04 -1.83509996e-04 -1.83740385e-04 -1.83965911e-04 -1.84180963e-04 -1.84379201e-04 -1.84553470e-04 -1.84695708e-04 -1.84796837e-04 -1.84846649e-04 -1.84833668e-04 -1.84745005e-04 -1.84566192e-04 -1.84280991e-04 -1.83871195e-04 -1.83316395e-04 -1.82593723e-04 -1.81677577e-04 -1.80539307e-04 -1.79146877e-04 -1.77464496e-04 -1.75452212e-04 -1.73065482e-04 -1.70254709e-04 -1.66964747e-04 -1.63134396e-04 -1.58695873e-04 -1.53574289e-04 -1.47687141e-04 -1.40943846e-04 -1.33245335e-04 -1.24483774e-04 -1.14542436e-04 -1.03295801e-04 -9.06099643e-05 -7.63434532e-05 -6.03485529e-05 -4.24732928e-05 -2.25642321e-05 -4.70215790e-07 2.39527308e-05 5.08351984e-05 8.02867337e-05 1.12386615e-04 1.47173026e-04 1.84630692e-04 2.24677188e-04 2.67148302e-04 3.11783063e-04 3.58209276e-04 4.05930652e-04 4.54316865e-04 5.02598012e-04 5.49865044e-04 5.95077646e-04 6.37080786e-04 6.74630716e-04 7.06430489e-04 7.31174222e-04 7.47598355e-04 7.54537192e-04 7.50979142e-04 7.36119626e-04 7.09406507e-04 6.70574437e-04 6.19665507e-04 5.57035047e-04 4.83343024e-04 3.99532986e-04 3.06801636e-04 2.06562692e-04 1.00408641e-04 -9.92664602e-06 -1.22602480e-04 -2.35702364e-04 -3.47261915e-04 -4.55295080e-04 -5.57820639e-04 -6.52891079e-04 -7.38625538e-04 -8.13247752e-04 -8.75128780e-04 -9.22833055e-04 -9.55165086e-04 -9.71213279e-04 -9.70386941e-04 -9.52442783e-04 -9.17498157e-04 -8.66029640e-04 -7.98857257e-04 -7.17116271e-04 -6.22219665e-04 -5.15815149e-04 -3.99740464e-04 -2.75980125e-04 -1.46625623e-04 -1.38397937e-05 1.20175257e-04 2.53208292e-04 3.83069398e-04 5.07623098e-04 6.24825960e-04 7.32769622e-04 8.29728765e-04 9.14212109e-04 9.85013025e-04 1.04125534e-03 1.08242938e-03 1.10841367e-03
-1.86578387e-04 -1.86594862e-04 -1.86644172e-04 -1.86725974e-04 -1.86839687e-04 -1.86984490e-04 -1.87159305e-04 -1.87362782e-04 -1.87593284e-04 -1.87848857e-04 -1.88127207e-04 -1.88425666e-04 -1.88741150e-04 -1.89070122e-04 -1.89408533e-04 -1.89751771e-04 -1.90094591e-04 -1.90431044e-04 -1.90754387e-04 -1.91056993e-04 -1.91330239e-04 -1.91564386e-04 -1.91748442e-04 -1.91870006e-04 -1.91915096e-04 -1.91867955e-04 -1.91710831e-04 -1.91423736e-04 -1.90984175e-04 -1.90366839e-04 -1.89543274e-04 -1.88481508e-04 -1.87145640e-04 -1.85495391e-04 -1.83485613e-04 -1.81065761e-04 -1.78179316e-04 -1.74763181e-04 -1.70747041e-04 -1.66052710e-04 -1.60593463e-04 -1.54273393e-04 -1.46986812e-04 -1.38617735e-04 -1.29039504e-04 -1.18114619e-04 -1.05694855e-04 -9.16217836e-05 -7.57278105e-05 -5.78379027e-05 -3.77721683e-05 -1.53494991e-05 9.60751030e-06 3.72661390e-05 6.77754004e-05 1.01256006e-04 1.37788319e-04 1.77398297e-04 2.20041575e-04 2.65586056e-04 3.13793628e-04 3.64301960e-04 4.16607600e-04 4.70051981e-04 5.23812139e-04 5.76898147e-04 6.28159199e-04 6.76300073e-04 7.19909153e-04 7.57498406e-04 7.87554614e-04 8.08599921e-04 8.19258437e-04 8.18324465e-04 8.04827174e-04 7.78086328e-04 7.37754284e-04 6.83840783e-04 6.16719002e-04 5.37113498e-04 4.46072749e-04 3.44930510e-04 2.35260964e-04 1.18832492e-04 -2.43599524e-06 -1.26513724e-04 -2.51290914e-04 -3.74606691e-04 -4.94274193e-04 -6.08105777e-04 -7.13941408e-04 -8.09682812e-04 -8.93334923e-04 -9.63054608e-04 -1.01720498e-03 -1.05441189e-03 -1.07361791e-03 -1.07412859e-03 -1.05564587e-03 -1.01828496e-03 -9.62572634e-04 -8.89427434e-04 -8.00124351e-04 -6.96248345e-04 -5.79641879e-04 -4.52351598e-04 -3.16578298e-04 -1.74632769e-04 -2.88982529e-05 1.18201552e-04 2.64231399e-04 4.06773645e-04 5.43461101e-04 6.72016435e-04 7.90299704e-04 8.96363796e-04 9.88515491e-04 1.06537788e-03 1.12594828e-03 1.16964510e-03 1.19633726e-03
-1.91459338e-04 -1.91479526e-04 -1.91539989e-04 -1.91640421e-04 -1.91780310e-04 -1.91958927e-04 -1.92175314e-04 -1.92428270e-04 -1.92716332e-04 -1.93037750e-04 -1.93390464e-04 -1.93772066e-04 -1.94179766e-04 -1.94610347e-04 -1.95060115e-04 -1.95524841e-04 -1.95999695e-04 -1.96479173e-04 -1.96957010e-04 -1.97426086e-04 -1.97878311e-04 -1.98304507e-04 -1.98694265e-04 -1.99035787e-04 -1.99315704e-04 -1.99518881e-04 -1.99628181e-04 -1.99624216e-04 -1.99485057e-04 -1.99185909e-04 -1.98698758e-04 -1.97991958e-04 -1.97029795e-04 -1.95771980e-04 -1.94173111e-04 -1.92182067e-04 -1.89741356e-04 -1.86786407e-04 -1.83244815e-04 -1.79035538e-04 -1.74068074e-04 -1.68241620e-04 -1.61444242e-04 -1.53552112e-04 -1.44428836e-04 -1.33924963e-04 -1.21877753e-04 -1.08111326e-04 -9.24373205e-05 -7.46562543e-05 -5.45597776e-05 -3.19340699e-05 -6.56464645e-06 2.17571338e-05 5.32255656e-05 8.80098298e-05 1.26240749e-04 1.67994966e-04 2.13276616e-04 2.61996799e-04 3.13951482e-04 3.68798828e-04 4.26037372e-04 4.84986909e-04 5.44774313e-04 6.04326790e-04 6.62375132e-04 7.17469314e-04 7.68008222e-04 8.12284376e-04 8.48543138e-04 8.75054330e-04 8.90192371e-04 8.92519461e-04 8.80865122e-04 8.54395051e-04 8.12662869e-04 7.55640070e-04 6.83722091e-04 5.97711372e-04 4.98781165e-04 3.88425891e-04 2.68404838e-04 1.40685713e-04 7.39324216e-06 -1.29234056e-04 -2.66878126e-04 -4.03168091e-04 -5.35702580e-04 -6.62071872e-04 -7.79884301e-04 -8.86800691e-04 -9.80579233e-04 -1.05913114e-03 -1.12058512e-03 -1.16335627e-03 -1.18621333e-03 -1.18833704e-03 -1.16936278e-03 -1.12940227e-03 -1.06904145e-03 -9.89315260e-04 -8.91662821e-04 -7.77869051e-04 -6.49999841e-04 -5.10337730e-04 -3.61323611e-04 -2.05507778e-04 -4.55110480e-05 1.16005756e-04 2.76367591e-04 4.32911052e-04 5.83015299e-04 7.24142286e-04 8.53888869e-04 9.70050944e-04 1.07069698e-03 1.15424554e-03 1.21953909e-03 1.26590533e-03 1.29319730e-03
-1.96294750e-04 -1.96318726e-04 -1.96390568e-04 -1.96510015e-04 -1.96676624e-04 -1.96889768e-04 -1.97148619e-04 -1.97452137e-04 -1.97799050e-04 -1.98187830e-04 -1.98616672e-04 -1.99083455e-04 -1.99585709e-04 -2.00120574e-04 -2.00684746e-04 -2.01274425e-04 -2.01885244e-04 -2.02512203e-04 -2.03149577e-04 -2.03790822e-04 -2.04428467e-04 -2.05053986e-04 -2.05657655e-04 -2.06228396e-04 -2.06753589e-04 -2.07218863e-04 -2.07607868e-04 -2.07901999e-04 -2.08080103e-04 -2.08118136e-04 -2.07988779e-04 -2.07661008e-04 -2.07099612e-04 -2.06264652e-04 -2.05110859e-04 -2.03586964e-04 -2.01634962e-04 -1.99189305e-04 -1.96176021e-04 -1.92511766e-04 -1.88102825e-04 -1.82844057e-04 -1.76617828e-04 -1.69292951e-04 -1.60723693e-04 -1.50748907e-04 -1.39191381e-04 -1.25857535e-04 -1.10537598e-04 -9.30064778e-05 -7.30255447e-05 -5.03456216e-05 -2.47115002e-05 4.13164606e-06 3.64295685e-05 7.24075835e-05 1.12256210e-04 1.56113572e-04 2.04044504e-04 2.56016586e-04 3.11873666e-04 3.71307938e-04 4.33832143e-04 4.98754041e-04 5.65155881e-04 6.31881959e-04 6.97537609e-04 7.60502810e-04 8.18963014e-04 8.70958745e-04 9.14453857e-04 9.47420302e-04 9.67934880e-04 9.74281151e-04 9.65047925e-04 9.39215006e-04 8.96217514e-04 8.35982380e-04 7.58934065e-04 6.65970776e-04 5.58416313e-04 4.37955619e-04 3.06563321e-04 1.66434093e-04 1.99217101e-05 -1.30509245e-04 -2.82318278e-04 -4.32912728e-04 -5.79664935e-04 -7.19928794e-04 -8.51061952e-04 -9.70459106e-04 -1.07560001e-03 -1.16411310e-03 -1.23385255e-03 -1.28298306e-03 -1.31006442e-03 -1.31412601e-03 -1.29472183e-03 -1.25195858e-03 -1.18649311e-03 -1.09949970e-03 -9.92612465e-04 -8.67851041e-04 -7.27539454e-04 -5.74227635e-04 -4.10622955e-04 -2.39536016e-04 -6.38413741e-05 1.13549449e-04 2.89707910e-04 4.61708136e-04 6.26653461e-04 7.81715954e-04 9.24192903e-04 1.05158106e-03 1.16166565e-03 1.25261734e-03 1.32308701e-03 1.37228651e-03 1.40004343e-03
-2.01076092e-04 -2.01103922e-04 -2.01187339e-04 -2.01326129e-04 -2.01519927e-04 -2.01768213e-04 -2.02070300e-04 -2.02425320e-04 -2.02832208e-04 -2.03289678e-04 -2.03796197e-04 -2.04349957e-04 -2.04948839e-04 -2.05590371e-04 -2.06271676e-04 -2.06989426e-04 -2.07739769e-04 -2.08518262e-04 -2.09319783e-04 -2.10138441e-04 -2.10967460e-04 -2.11799061e-04 -2.12624314e-04 -2.13432978e-04 -2.14213313e-04 -2.14951873e-04 -2.15633260e-04 -2.16239852e-04 -2.16751491e-04 -2.17145130e-04 -2.17394424e-04 -2.17469282e-04 -2.17335349e-04 -2.16953420e-04 -2.16278792e-04 -2.15260524e-04 -2.13840625e-04 -2.11953138e-04 -2.09523141e-04 -2.06465650e-04 -2.02684426e-04 -1.98070708e-04 -1.92501878e-04 -1.85840086e-04 -1.77930889e-04 -1.68601958e-04 -1.57661944e-04 -1.44899627e-04 -1.30083503e-04 -1.12962023e-04 -9.32647414e-05 -7.07047054e-05 -4.49824601e-05 -1.57921315e-05 1.71699252e-05 5.41933899e-05 9.55386588e-05 1.41417531e-04 1.91969669e-04 2.47234888e-04 3.07121752e-04 3.71373518e-04 4.39533140e-04 5.10909800e-04 5.84550204e-04 6.59218496e-04 7.33389076e-04 8.05256601e-04 8.72766879e-04 9.33671218e-04 9.85604793e-04 1.02618698e-03 1.05313851e-03 1.06440692e-03 1.05828941e-03 1.03354055e-03 9.89453008e-04 9.25902499e-04 8.43352686e-04 7.42821755e-04 6.25817860e-04 4.94254618e-04 3.50359485e-04 1.96586984e-04 3.55458932e-05 -1.30054602e-04 -2.97439234e-04 -4.63784888e-04 -6.26229240e-04 -7.81878140e-04 -9.27820444e-04 -1.06115801e-03 -1.17905620e-03 -1.27881664e-03 -1.35796986e-03 -1.41438061e-03 -1.44635529e-03 -1.45273804e-03 -1.43298254e-03 -1.38718892e-03 -1.31610036e-03 -1.22106036e-03 -1.10393758e-03 -9.67030088e-04 -8.12962557e-04 -6.44589379e-04 -4.64913585e-04 -2.77026940e-04 -8.40717196e-05 1.10779815e-04 3.04335668e-04 4.93393578e-04 6.74759608e-04 8.45284607e-04 1.00192448e-03 1.14182611e-03 1.26243560e-03 1.36162039e-03 1.43779178e-03 1.49001191e-03 1.51806884e-03
-2.05794691e-04 -2.05826427e-04 -2.05921581e-04 -2.06079985e-04 -2.06301358e-04 -2.06585296e-04 -2.06931261e-04 -2.07338570e-04 -2.07806378e-04 -2.08333657e-04 -2.08919170e-04 -2.09561444e-04 -2.10258738e-04 -2.11008999e-04 -2.11809819e-04 -2.12658378e-04 -2.13551388e-04 -2.14485020e-04 -2.15454818e-04 -2.16455613e-04 -2.17481411e-04 -2.18525269e-04 -2.19579156e-04 -2.20633790e-04 -2.21678452e-04 -2.22700772e-04 -2.23686484e-04 -2.24619151e-04 -2.25479838e-04 -2.26246751e-04 -2.26894819e-04 -2.27395212e-04 -2.27714803e-04 -2.27815544e-04 -2.27653769e-04 -2.27179393e-04 -2.26335021e-04 -2.25054936e-04 -2.23263978e-04 -2.20876289e-04 -2.17793941e-04 -2.13905428e-04 -2.09084060e-04 -2.03186243e-04 -1.96049722e-04 -1.87491805e-04 -1.77307678e-04 -1.65268918e-04 -1.51122366e-04 -1.34589587e-04 -1.15367191e-04 -9.31283862e-05 -6.75262195e-05 -3.81990229e-05 -4.77870381e-06 3.30974538e-05 7.57707792e-05 1.23540360e-04 1.76636867e-04 2.35190874e-04 2.99195988e-04 3.68467720e-04 4.42599919e-04 5.20921528e-04 6.02457477e-04 6.85898474e-04 7.69585102e-04 8.51511936e-04 9.29356878e-04 1.00053969e-03 1.06231141e-03 1.11187295e-03 1.14651730e-03 1.16378478e-03 1.16161737e-03 1.13849522e-03 1.09353924e-03 1.02656712e-03 9.38096744e-04 8.29299263e-04 7.01911917e-04 5.58126243e-04 4.00469467e-04 2.31695370e-04 5.46966964e-05 -1.27554693e-04 -3.12039713e-04 -4.95701159e-04 -6.75439141e-04 -8.48104317e-04 -1.01050091e-03 -1.15941025e-03 -1.29164255e-03 -1.40412004e-03 -1.49398901e-03 -1.55875177e-03 -1.59640438e-03 -1.60556198e-03 -1.58555355e-03 -1.53647091e-03 -1.45916431e-03 -1.35518572e-03 -1.22668970e-03 -1.07630843e-03 -9.07019870e-04 -7.22026881e-04 -5.24660367e-04 -3.18313329e-04 -1.06405871e-04 1.07624699e-04 3.20319092e-04 5.28189612e-04 7.27725777e-04 9.15424185e-04 1.08785136e-03 1.24174297e-03 1.37413610e-03 1.48252381e-03 1.56501472e-03 1.62047552e-03 1.64863414e-03
-2.10441751e-04 -2.10477435e-04 -2.10584449e-04 -2.10762677e-04 -2.11011926e-04 -2.11331913e-04 -2.11722260e-04 -2.12182479e-04 -2.12711960e-04 -2.13309947e-04 -2.13975519e-04 -2.14707564e-04 -2.15504742e-04 -2.16365450e-04 -2.17287782e-04 -2.18269473e-04 -2.19307842e-04 -2.20399726e-04 -2.21541398e-04 -2.22728483e-04 -2.23955845e-04 -2.25217474e-04 -2.26506342e-04 -2.27814247e-04 -2.29131626e-04 -2.30447346e-04 -2.31748454e-04 -2.33019901e-04 -2.34244212e-04 -2.35401117e-04 -2.36467121e-04 -2.37415006e-04 -2.38213268e-04 -2.38825466e-04 -2.39209479e-04 -2.39316651e-04 -2.39090829e-04 -2.38467259e-04 -2.37371342e-04 -2.35717235e-04 -2.33406288e-04 -2.30325303e-04 -2.26344633e-04 -2.21316113e-04 -2.15070859e-04 -2.07416982e-04 -1.98137271e-04 -1.86986984e-04 -1.73691883e-04 -1.57946743e-04 -1.39414640e-04 -1.17727414e-04 -9.24878112e-05 -6.32739395e-05 -2.96467881e-05 8.83832760e-06 5.26154668e-05 1.02085984e-04 1.57589874e-04 2.19370024e-04 2.87529383e-04 3.61981817e-04 4.42398433e-04 5.28152421e-04 6.18266849e-04 7.11371156e-04 8.05673218e-04 8.98954418e-04 9.88594941e-04 1.07163525e-03 1.14487712e-03 1.20502356e-03 1.24885155e-03 1.27340517e-03 1.27619085e-03 1.25535226e-03 1.20980222e-03 1.13929363e-03 1.04442051e-03 9.26552122e-04 7.87714461e-04 6.30441112e-04 4.57618383e-04 2.72346901e-04 7.78355669e-05 -1.22664513e-04 -3.25886720e-04 -5.28543830e-04 -7.27303814e-04 -9.18762113e-04 -1.09942666e-03 -1.26573042e-03 -1.41408236e-03 -1.54096225e-03 -1.64305673e-03 -1.71742600e-03 -1.76168202e-03 -1.77415379e-03 -1.75401367e-03 -1.70134338e-03 -1.61712825e-03 -1.50318101e-03 -1.36200952e-03 -1.19665175e-03 -1.01050493e-03 -8.07173032e-04 -5.90350274e-04 -3.63748928e-04 -1.31070812e-04 1.03986210e-04 3.37701062e-04 5.66299398e-04 7.85939212e-04 9.92728987e-04 1.18279093e-03 1.35237511e-03 1.49802151e-03 1.61675683e-03 1.70630342e-03 1.76527043e-03 1.79329591e-03
-2.15008387e-04 -2.15048047e-04 -2.15167005e-04 -2.15365202e-04 -2.15642535e-04 -2.15998851e-04 -2.16433936e-04 -2.16947511e-04 -2.17539212e-04 -2.18208572e-04 -2.18955004e-04 -2.19777774e-04 -2.20675971e-04 -2.21648475e-04 -2.22693910e-04 -2.23810604e-04 -2.24996531e-04 -2.26249245e-04 -2.27565808e-04 -2.28942703e-04 -2.30375736e-04 -2.31859915e-04 -2.33389322e-04 -2.34956953e-04 -2.36554541e-04 -2.38172344e-04 -2.39798905e-04 -2.41420770e-04 -2.43022166e-04 -2.44584621e-04 -2.46086530e-04 -2.47502650e-04 -2.48803516e-04 -2.49954767e-04 -2.50916368e-04 -2.51641710e-04 -2.52076582e-04 -2.52157984e-04 -2.51812772e-04 -2.50956120e-04 -2.49489767e-04 -2.47300048e-04 -2.44255697e-04 -2.40205408e-04 -2.34975181e-04 -2.28365468e-04 -2.20148183e-04 -2.10063670e-04 -1.97817776e-04 -1.83079239e-04 -1.65477719e-04 -1.44602865e-04 -1.20005006e-04 -9.11981643e-05 -5.76662962e-05 -1.88738201e-05 2.57183624e-05 7.66300746e-05 1.34331085e-04 1.99201370e-04 2.71481988e-04 3.51216973e-04 4.38187905e-04 5.31844386e-04 6.31235462e-04 7.34948898e-04 8.41066869e-04 9.47147691e-04 1.05024341e-03 1.14696195e-03 1.23357972e-03 1.30620583e-03 1.36099210e-03 1.39437421e-03 1.40332073e-03 1.38555943e-03 1.33974934e-03 1.26557214e-03 1.16372966e-03 1.03585141e-03 8.84332287e-04 7.12132088e-04 5.22571745e-04 3.19156524e-04 1.05447057e-04 -1.15012803e-04 -3.38713355e-04 -5.62152772e-04 -7.81784535e-04 -9.93959553e-04 -1.19488474e-03 -1.38061804e-03 -1.54711541e-03 -1.69033807e-03 -1.80641853e-03 -1.89187233e-03 -1.94383087e-03 -1.96026129e-03 -1.94013708e-03 -1.88352807e-03 -1.79159282e-03 -1.66647519e-03 -1.51112578e-03 -1.32908171e-03 -1.12424287e-03 -9.00677865e-04 -6.62482919e-04 -4.13703768e-04 -1.58318315e-04 9.97324533e-05 3.56484983e-04 6.07888945e-04 8.49763206e-04 1.07779490e-03 1.28759943e-03 1.47485077e-03 1.63548038e-03 1.76592880e-03 1.86342079e-03 1.92622318e-03 1.95384146e-03
-2.19485649e-04 -2.19529299e-04 -2.19660246e-04 -2.19878488e-04 -2.20184017e-04 -2.20576814e-04 -2.21056841e-04 -2.21624034e-04 -2.22278285e-04 -2.23019434e-04 -2.23847242e-04 -2.24761376e-04 -2.25761374e-04 -2.26846623e-04 -2.28016315e-04 -2.29269405e-04 -2.30604561e-04 -2.32020106e-04 -2.33513945e-04 -2.35083487e-04 -2.36725552e-04 -2.38436256e-04 -2.40210890e-04 -2.42043766e-04 -2.43928044e-04 -2.45855533e-04 -2.47816449e-04 -2.49799144e-04 -2.51789784e-04 -2.53771975e-04 -2.55726324e-04 -2.57629934e-04 -2.59455807e-04 -2.61172156e-04 -2.62741602e-04 -2.64120238e-04 -2.65256545e-04 -2.66090134e-04 -2.66550298e-04 -2.66554335e-04 -2.66005625e-04 -2.64791443e-04 -2.62780460e-04 -2.59819941e-04 -2.55732617e-04 -2.50313242e-04 -2.43324875e-04 -2.34494943e-04 -2.23511234e-04 -2.10017998e-04 -1.93612464e-04 -1.73842214e-04 -1.50203986e-04 -1.22144743e-04 -8.90659982e-05 -5.03327175e-05 -5.28828698e-06 4.67227363e-05 1.06322352e-04 1.74055743e-04 2.50335726e-04 3.35374878e-04 4.29106644e-04 5.31098673e-04 6.40464002e-04 7.55778249e-04 8.75013354e-04 9.95500215e-04 1.11393330e-03 1.22642966e-03 1.32865191e-03 1.41599944e-03 1.48386337e-03 1.52792873e-03 1.54449433e-03 1.53076914e-03 1.48509988e-03 1.40709129e-03 1.29759864e-03 1.15859748e-03 9.92959997e-04 8.04183485e-04 5.96120304e-04 3.72750849e-04 1.38026339e-04 -1.04208462e-04 -3.50217316e-04 -5.96315442e-04 -8.38776929e-04 -1.07373443e-03 -1.29709986e-03 -1.50453291e-03 -1.69147880e-03 -1.85328829e-03 -1.98542047e-03 -2.08371329e-03 -2.14468982e-03 -2.16585404e-03 -2.14592376e-03 -2.08495502e-03 -1.98433219e-03 -1.84662596e-03 -1.67534953e-03 -1.47466183e-03 -1.24907180e-03 -1.00318968e-03 -7.41555495e-04 -4.68556119e-04 -1.88425929e-04 9.46869526e-05 3.76615556e-04 6.53061685e-04 9.19509196e-04 1.17119365e-03 1.40315322e-03 1.61037571e-03 1.78804242e-03 1.93185094e-03 2.03837915e-03 2.10543523e-03 2.13233104e-03
-2.23864556e-04 -2.23912196e-04 -2.24055133e-04 -2.24293425e-04 -2.24627161e-04 -2.25056462e-04 -2.25581473e-04 -2.26202350e-04 -2.26919259e-04 -2.27732352e-04 -2.28641756e-04 -2.29647555e-04 -2.30749761e-04 -2.31948290e-04 -2.33242929e-04 -2.34633294e-04 -2.36118789e-04 -2.37698548e-04 -2.39371373e-04 -2.41135661e-04 -2.42989315e-04 -2.44929644e-04 -2.46953244e-04 -2.49055852e-04 -2.51232190e-04 -2.53475764e-04 -2.55778643e-04 -2.58131189e-04 -2.60521746e-04 -2.62936274e-04 -2.65357917e-04 -2.67766498e-04 -2.70137926e-04 -2.72443495e-04 -2.74649073e-04 -2.76714137e-04 -2.78590654e-04 -2.80221765e-04 -2.81540253e-04 -2.82466753e-04 -2.82907677e-04 -2.82752813e-04 -2.81872551e-04 -2.80114722e-04 -2.77300993e-04 -2.73222825e-04 -2.67636981e-04 -2.60260635e-04 -2.50766167e-04 -2.38775810e-04 -2.23856422e-04 -2.05514814e-04 -1.83194234e-04 -1.56272867e-04 -1.24065532e-04 -8.58300419e-05 -4.07801204e-05 1.18929532e-05 7.29875704e-05 1.43245518e-04 2.23290241e-04 3.13548633e-04 4.14157015e-04 5.24854295e-04 6.44868403e-04 7.72805451e-04 9.06554477e-04 1.04322334e-03 1.17912300e-03 1.30981736e-03 1.43025360e-03 1.53498196e-03 1.61846409e-03 1.67545254e-03 1.70140469e-03 1.69287521e-03 1.64782216e-03 1.56576878e-03 1.44778915e-03 1.29632415e-03 1.11487079e-03 9.07611776e-04 6.79055537e-04 4.33743700e-04 1.76059685e-04 -8.98513440e-05 -3.60060547e-04 -6.30754583e-04 -8.98087612e-04 -1.15802242e-03 -1.40619809e-03 -1.63785942e-03 -1.84787765e-03 -2.03088204e-03 -2.18150703e-03 -2.29473902e-03 -2.36632214e-03 -2.39315973e-03 -2.37363642e-03 -2.30779250e-03 -2.19731119e-03 -2.04532142e-03 -1.85606122e-03 -1.63447376e-03 -1.38581360e-03 -1.11532631e-03 -8.28039909e-04 -5.28679723e-04 -2.21696935e-04 8.86151644e-05 3.97952897e-04 7.01823224e-04 9.95396913e-04 1.27343442e-03 1.53031862e-03 1.76021740e-03 1.95738154e-03 2.11655932e-03 2.23348031e-03 2.30533341e-03 2.33114948e-03
-2.28136127e-04 -2.28187742e-04 -2.28342627e-04 -2.28600898e-04 -2.28962748e-04 -2.29428441e-04 -2.29998308e-04 -2.30672738e-04 -2.31452174e-04 -2.32337094e-04 -2.33328005e-04 -2.34425422e-04 -2.35629848e-04 -2.36941753e-04 -2.38361542e-04 -2.39889525e-04 -2.41525874e-04 -2.43270577e-04 -2.45123380e-04 -2.47083724e-04 -2.49150665e-04 -2.51322778e-04 -2.53598054e-04 -2.55973765e-04 -2.58446314e-04 -2.61011054e-04 -2.63662072e-04 -2.66391941e-04 -2.69191415e-04 -2.72049083e-04 -2.74950944e-04 -2.77879918e-04 -2.80815259e-04 -2.83731859e-04 -2.86599435e-04 -2.89381556e-04 -2.92034500e-04 -2.94505900e-04 -2.96733152e-04 -2.98641534e-04 -3.00141998e-04 -3.01128587e-04 -3.01475410e-04 -3.01033137e-04 -2.99624938e-04 -2.97041844e-04 -2.93037469e-04 -2.87322118e-04 -2.79556298e-04 -2.69343766e-04 -2.56224328e-04 -2.39666782e-04 -2.19062588e-04 -1.93721165e-04 -1.62868068e-04 -1.25647753e-04 -8.11331433e-05 -2.83447409e-05 3.37175527e-05 1.06026519e-04 1.89460454e-04 2.84714501e-04 3.92190008e-04 5.11864341e-04 6.43147376e-04 7.84735473e-04 9.34478371e-04 1.08927844e-03 1.24504453e-03 1.39672365e-03 1.53843241e-03 1.66370506e-03 1.76586343e-03 1.83849370e-03 1.87598549e-03 1.87405809e-03 1.83017906e-03 1.74378718e-03 1.61626919e-03 1.45069806e-03 1.25139773e-03 1.02343387e-03 7.72131861e-04 5.02699442e-04 2.19995259e-04 -7.15490892e-05 -3.67870628e-04 -6.65113112e-04 -9.59403588e-04 -1.24661412e-03 -1.52215652e-03 -1.78085569e-03 -2.01694140e-03 -2.22418771e-03 -2.39621222e-03 -2.52692084e-03 -2.61104835e-03 -2.64470870e-03 -2.62584588e-03 -2.55448224e-03 -2.43270237e-03 -2.26437580e-03 -2.05468684e-03 -1.80957947e-03 -1.53522985e-03 -1.23763278e-03 -9.22349200e-04 -5.94424458e-04 -2.58458649e-04 8.12074315e-05 4.20238047e-04 7.54033096e-04 1.07749834e-03 1.38490787e-03 1.66990506e-03 1.92567624e-03 2.14531174e-03 2.32233792e-03 2.45136244e-03 2.52873151e-03 2.55306971e-03
-2.32291412e-04 -2.32346973e-04 -2.32513717e-04 -2.32791822e-04 -2.33181584e-04 -2.33683417e-04 -2.34297841e-04 -2.35025484e-04 -2.35867073e-04 -2.36823423e-04 -2.37895430e-04 -2.39084053e-04 -2.40390304e-04 -2.41815224e-04 -2.43359860e-04 -2.45025239e-04 -2.46812333e-04 -2.48722022e-04 -2.50755038e-04 -2.52911918e-04 -2.55192927e-04 -2.57597980e-04 -2.60126546e-04 -2.62777528e-04 -2.65549126e-04 -2.68438676e-04 -2.71442445e-04 -2.74555404e-04 -2.77770943e-04 -2.81080543e-04 -2.84473371e-04 -2.87935812e-04 -2.91450899e-04 -2.94997637e-04 -2.98550201e-04 -3.02076967e-04 -3.05539371e-04 -3.08890536e-04 -3.12073646e-04 -3.15019999e-04 -3.17646706e-04 -3.19853956e-04 -3.21521773e-04 -3.22506211e-04 -3.22634867e-04 -3.21701672e-04 -3.19460841e-04 -3.15619959e-04 -3.09832164e-04 -3.01687477e-04 -2.90703430e-04 -2.76315295e-04 -2.57866458e-04 -2.34599800e-04 -2.05651403e-04 -1.70048436e-04 -1.26713794e-04 -7.44808062e-05 -1.21220785e-05 6.16029088e-05 1.47876720e-04 2.47725374e-04 3.61890092e-04 4.90670545e-04 6.33745624e-04 7.89983711e-04 9.57260797e-04 1.13231044e-03 1.31063372e-03 1.48649968e-03 1.65306736e-03 1.80265720e-03 1.92718938e-03 2.01878097e-03 2.07045219e-03 2.07684056e-03 2.03478402e-03 1.94363612e-03 1.80523128e-03 1.62350952e-03 1.40390040e-03 1.15261739e-03 8.76010232e-04 5.80079537e-04 2.70200805e-04 -4.89421816e-05 -3.73244753e-04 -6.98935609e-04 -1.02225240e-03 -1.33909752e-03 -1.64473432e-03 -1.93358167e-03 -2.19915926e-03 -2.43422652e-03 -2.63114002e-03 -2.78242223e-03 -2.88148461e-03 -2.92338896e-03 -2.90548723e-03 -2.82778101e-03 -2.69290177e-03 -2.50571551e-03 -2.27265763e-03 -2.00096318e-03 -1.69795689e-03 -1.37052013e-03 -1.02478943e-03 -6.66088071e-04 -2.99058245e-04 7.20576017e-05 4.43047438e-04 8.09339450e-04 1.16565989e-03 1.50580591e-03 1.82259439e-03 2.10803693e-03 2.35377097e-03 2.55173963e-03 2.69505451e-03 2.77890572e-03 2.80133088e-03
-2.36321531e-04 -2.36380993e-04 -2.36559460e-04 -2.36857174e-04 -2.37274538e-04 -2.37812113e-04 -2.38470618e-04 -2.39250921e-04 -2.40154040e-04 -2.41181133e-04 -2.42333494e-04 -2.43612539e-04 -2.45019798e-04 -2.46556899e-04 -2.48225550e-04 -2.50027518e-04 -2.51964602e-04 -2.54038600e-04 -2.56251273e-04 -2.58604293e-04 -2.61099190e-04 -2.63737281e-04 -2.66519585e-04 -2.69446726e-04 -2.72518808e-04 -2.75735270e-04 -2.79094711e-04 -2.82594676e-04 -2.86231403e-04 -2.89999512e-04 -2.93891638e-04 -2.97897987e-04 -3.02005793e-04 -3.06198681e-04 -3.10455881e-04 -3.14751296e-04 -3.19052370e-04 -3.23318733e-04 -3.27500562e-04 -3.31536614e-04 -3.35351859e-04 -3.38854643e-04 -3.41933285e-04 -3.44452010e-04 -3.46246107e-04 -3.47116190e-04 -3.46821427e-04 -3.45071631e-04 -3.41518099e-04 -3.35743169e-04 -3.27248513e-04 -3.15442382e-04 -2.99626211e-04 -2.78981374e-04 -2.52557371e-04 -2.19263398e-04 -1.77866162e-04 -1.26997824e-04 -6.51791401e-05 9.13612418e-06 9.74887536e-05 2.01307179e-04 3.21761400e-04 4.59576784e-04 6.14812797e-04 7.86619594e-04 9.72994028e-04 1.17056444e-03 1.37443930e-03 1.57815839e-03 1.77378826e-03 1.95220527e-03 2.10360335e-03 2.21823696e-03 2.28734983e-03 2.30415647e-03 2.26467025e-03 2.16816120e-03 2.01710715e-03 1.81664919e-03 1.57370940e-03 1.29600483e-03 9.91175805e-04 6.66166330e-04 3.26903798e-04 -2.17400007e-05 -3.75757353e-04 -7.31645770e-04 -1.08595056e-03 -1.43478163e-03 -1.77337891e-03 -2.09579837e-03 -2.39478604e-03 -2.66190002e-03 -2.88792694e-03 -3.06360371e-03 -3.18058655e-03 -3.23251426e-03 -3.21592955e-03 -3.13080903e-03 -2.98054027e-03 -2.77134891e-03 -2.51134472e-03 -2.20944403e-03 -1.87441174e-03 -1.51417894e-03 -1.13549209e-03 -7.43875913e-04 -3.43854955e-04 6.06364588e-05 4.65733432e-04 8.67091621e-04 1.25939560e-03 1.63600772e-03 1.98883570e-03 2.30848981e-03 2.58478477e-03 2.80760084e-03 2.96803829e-03 3.05968708e-03 3.07973500e-03
-2.40217704e-04 -2.40281005e-04 -2.40471013e-04 -2.40788032e-04 -2.41232574e-04 -2.41805351e-04 -2.42507278e-04 -2.43339471e-04 -2.44303241e-04 -2.45400095e-04 -2.46631730e-04 -2.48000027e-04 -2.49507045e-04 -2.51155009e-04 -2.52946303e-04 -2.54883449e-04 -2.56969095e-04 -2.59205985e-04 -2.61596934e-04 -2.64144790e-04 -2.66852390e-04 -2.69722506e-04 -2.72757774e-04 -2.75960613e-04 -2.79333123e-04 -2.82876960e-04 -2.86593187e-04 -2.90482085e-04 -2.94542930e-04 -2.98773717e-04 -3.03170826e-04 -3.07728617e-04 -3.12438933e-04 -3.17290497e-04 -3.22268183e-04 -3.27352118e-04 -3.32516601e-04 -3.37728781e-04 -3.42947049e-04 -3.48119084e-04 -3.53179473e-04 -3.58046829e-04 -3.62620278e-04 -3.66775223e-04 -3.70358206e-04 -3.73180733e-04 -3.75011863e-04 -3.75569373e-04 -3.74509308e-04 -3.71413758e-04 -3.65776749e-04 -3.56988290e-04 -3.44316811e-04 -3.26890613e-04 -3.03679464e-04 -2.73478281e-04 -2.34895926e-04 -1.86353511e-04 -1.26098280e-04 -5.22408646e-05 3.71748946e-05 1.44059850e-04 2.70116793e-04 4.16622660e-04 5.84158638e-04 7.72301501e-04 9.79301365e-04 1.20178178e-03 1.43450525e-03 1.67025144e-03 1.89986052e-03 2.11250395e-03 2.29625149e-03 2.43898203e-03 2.52960686e-03 2.55943554e-03 2.52337634e-03 2.42061990e-03 2.25457393e-03 2.03206114e-03 1.76203700e-03 1.45420017e-03 1.11781972e-03 7.60956348e-04 3.90108506e-04 1.02286506e-05 -3.74972826e-04 -7.62519128e-04 -1.14953743e-03 -1.53259607e-03 -1.90709936e-03 -2.26682773e-03 -2.60370562e-03 -2.90787812e-03 -3.16817554e-03 -3.37301495e-03 -3.51169785e-03 -3.57590861e-03 -3.56106291e-03 -3.46710539e-03 -3.29848499e-03 -3.06330956e-03 -2.77195582e-03 -2.43554659e-03 -2.06465799e-03 -1.66845874e-03 -1.25432096e-03 -8.27844840e-04 -3.93207146e-04 4.62590586e-05 4.87347449e-04 9.26224400e-04 1.35774209e-03 1.77492002e-03 2.16869091e-03 2.52800642e-03 2.84039641e-03 3.09304188e-03 3.27431701e-03 3.37557476e-03 3.39276604e-03
-2.43971288e-04 -2.44038353e-04 -2.44239670e-04 -2.44575610e-04 -2.45046792e-04 -2.45654081e-04 -2.46398591e-04 -2.47281682e-04 -2.48304966e-04 -2.49470298e-04 -2.50779784e-04 -2.52235773e-04 -2.53840859e-04 -2.55597874e-04 -2.57509883e-04 -2.59580180e-04 -2.61812274e-04 -2.64209873e-04 -2.66776871e-04 -2.69517319e-04 -2.72435398e-04 -2.75535376e-04 -2.78821557e-04 -2.82298221e-04 -2.85969542e-04 -2.89839490e-04 -2.93911705e-04 -2.98189346e-04 -3.02674899e-04 -3.07369941e-04 -3.12274853e-04 -3.17388456e-04 -3.22707574e-04 -3.28226487e-04 -3.33936260e-04 -3.39823919e-04 -3.45871434e-04 -3.52054463e-04 -3.58340820e-04 -3.64688569e-04 -3.71043696e-04 -3.77337236e-04 -3.83481743e-04 -3.89366954e-04 -3.94854480e-04 -3.99771298e-04 -4.03901827e-04 -4.06978300e-04 -4.08669142e-04 -4.08565054e-04 -4.06162527e-04 -4.00844602e-04 -3.91858856e-04 -3.78292963e-04 -3.59048683e-04 -3.32816028e-04 -2.98050604e-04 -2.52958879e-04 -1.95498370e-04 -1.23402368e-04 -3.42413331e-05 7.44651060e-05 2.05071993e-04 3.59558977e-04 5.39205337e-04 7.44202788e-04 9.73235437e-04 1.22307137e-03 1.48821891e-03 1.76070272e-03 2.03001961e-03 2.28335517e-03 2.50617624e-03 2.68331844e-03 2.80059224e-03 2.84670747e-03 2.81505195e-03 2.70474252e-03 2.52054238e-03 2.27165641e-03 1.96983581e-03 1.62740121e-03 1.25567175e-03 8.64013250e-04 4.59483103e-04 4.69462394e-05 -3.70465187e-04 -7.90650372e-04 -1.21169115e-03 -1.63096019e-03 -2.04429736e-03 -2.44535887e-03 -2.82523357e-03 -3.17242721e-03 -3.47334016e-03 -3.71336209e-03 -3.87860025e-03 -3.95801056e-03 -3.94540678e-03 -3.84068863e-03 -3.64982035e-03 -3.38355519e-03 -3.05537376e-03 -2.67931060e-03 -2.26821656e-03 -1.83270228e-03 -1.38074548e-03 -9.17826501e-04 -4.47452297e-04 2.80450467e-05 5.06541754e-04 9.85106650e-04 1.45906388e-03 1.92125488e-03 2.36160961e-03 2.76714532e-03 3.12254153e-03 3.41143887e-03 3.61848653e-03 3.73187414e-03 3.74573668e-03
-2.47573817e-04 -2.47644551e-04 -2.47856899e-04 -2.48211295e-04 -2.48708465e-04 -2.49349428e-04 -2.50135494e-04 -2.51068273e-04 -2.52149672e-04 -2.53381897e-04 -2.54767464e-04 -2.56309191e-04 -2.58010209e-04 -2.59873959e-04 -2.61904196e-04 -2.64104988e-04 -2.66480714e-04 -2.69036061e-04 -2.71776014e-04 -2.74705849e-04 -2.77831113e-04 -2.81157601e-04 -2.84691328e-04 -2.88438483e-04 -2.92405375e-04 -2.96598365e-04 -3.01023766e-04 -3.05687733e-04 -3.10596108e-04 -3.15754232e-04 -3.21166705e-04 -3.26837085e-04 -3.32767512e-04 -3.38958237e-04 -3.45407027e-04 -3.52108430e-04 -3.59052856e-04 -3.66225423e-04 -3.73604527e-04 -3.81160053e-04 -3.88851145e-04 -3.96623423e-04 -4.04405525e-04 -4.12104783e-04 -4.19601862e-04 -4.26744080e-04 -4.33337137e-04 -4.39134888e-04 -4.43826747e-04 -4.47022277e-04 -4.48232482e-04 -4.46847341e-04 -4.42109248e-04 -4.33082282e-04 -4.18617728e-04 -3.97317159e-04 -3.67495779e-04 -3.27150814e-04 -2.73942635e-04 -2.05199994e-04 -1.17964856e-04 -9.09600238e-06 1.24547884e-04 2.85827822e-04 4.76938861e-04 6.98929252e-04 9.51158638e-04 1.23075198e-03 1.53211654e-03 1.84658381e-03 2.16223363e-03 2.46398965e-03 2.73416057e-03 2.95367492e-03 3.10416869e-03 3.17072814e-03 3.14458732e-03 3.02479332e-03 2.81810919e-03 2.53716060e-03 2.19757739e-03 1.81515379e-03 1.40376615e-03 9.74268340e-04 5.34208553e-04 8.81131227e-05 -3.61847048e-04 -8.14914580e-04 -1.27062280e-03 -1.72761463e-03 -2.18254379e-03 -2.62918276e-03 -3.05783339e-03 -3.45514654e-03 -3.80453359e-03 -4.08742771e-03 -4.28555691e-03 -4.38400072e-03 -4.37424395e-03 -4.25611711e-03 -4.03778900e-03 -3.73379295e-03 -3.36190548e-03 -2.94001340e-03 -2.48380179e-03 -2.00552127e-03 -1.51367170e-03 -1.01332412e-03 -5.06877287e-04 4.87105721e-06 5.21445345e-04 1.04134574e-03 1.56079524e-03 2.07272410e-03 2.56610316e-03 3.02575099e-03 3.43283054e-03 3.76634056e-03 4.00579931e-03 4.13486311e-03 4.14496729e-03
-2.51017030e-04 -2.51091325e-04 -2.51314376e-04 -2.51686682e-04 -2.52209075e-04 -2.52882724e-04 -2.53709139e-04 -2.54690172e-04 -2.55828025e-04 -2.57125257e-04 -2.58584786e-04 -2.60209900e-04 -2.62004265e-04 -2.63971931e-04 -2.66117341e-04 -2.68445339e-04 -2.70961177e-04 -2.73670521e-04 -2.76579458e-04 -2.79694495e-04 -2.83022560e-04 -2.86570996e-04 -2.90347552e-04 -2.94360360e-04 -2.98617911e-04 -3.03129008e-04 -3.07902714e-04 -3.12948270e-04 -3.18274992e-04 -3.23892128e-04 -3.29808685e-04 -3.36033189e-04 -3.42573387e-04 -3.49435859e-04 -3.56625527e-04 -3.64145026e-04 -3.71993907e-04 -3.80167625e-04 -3.88656252e-04 -3.97442851e-04 -4.06501420e-04 -4.15794280e-04 -4.25268781e-04 -4.34853126e-04 -4.44451103e-04 -4.53935420e-04 -4.63139313e-04 -4.71845966e-04 -4.79775245e-04 -4.86567105e-04 -4.91760978e-04 -4.94770358e-04 -4.94851838e-04 -4.91067983e-04 -4.82243811e-04 -4.66917478e-04 -4.43287153e-04 -4.09158435e-04 -3.61900203e-04 -2.98421693e-04 -2.15189777e-04 -1.08311876e-04 2.62852819e-05 1.92551257e-04 3.93862137e-04 6.32429111e-04 9.08604563e-04 1.22016137e-03 1.56163705e-03 1.92381303e-03 2.29336233e-03 2.65272708e-03 2.98045703e-03 3.25247442e-03 3.44472560e-03 3.53712915e-03 3.51776933e-03 3.38561904e-03 3.15044015e-03 2.82984940e-03 2.44490615e-03 2.01599388e-03 1.56011845e-03 1.08975421e-03 6.12779435e-04 1.33023494e-04 -3.48811092e-04 -8.33921719e-04 -1.32394445e-03 -1.81940698e-03 -2.31828737e-03 -2.81483231e-03 -3.29870972e-03 -3.75456345e-03 -4.16220136e-03 -4.49790226e-03 -4.73733097e-03 -4.85995376e-03 -4.85378363e-03 -4.71853528e-03 -4.46565585e-03 -4.11517986e-03 -3.69089183e-03 -3.21576681e-03 -2.70895766e-03 -2.18449714e-03 -1.65121957e-03 -1.11337542e-03 -5.71675533e-04 -2.46857190e-05 5.29508738e-04 1.09153817e-03 1.65910276e-03 2.22562323e-03 2.77927536e-03 3.30248803e-03 3.77217641e-03 4.16128167e-03 4.44219945e-03 4.59198787e-03 4.59800082e-03
-2.54292914e-04 -2.54370645e-04 -2.54604024e-04 -2.54993614e-04 -2.55540351e-04 -2.56245553e-04 -2.57110924e-04 -2.58138557e-04 -2.59330947e-04 -2.60690995e-04 -2.62222022e-04 -2.63927779e-04 -2.65812461e-04 -2.67880720e-04 -2.70137682e-04 -2.72588961e-04 -2.75240679e-04 -2.78099478e-04 -2.81172541e-04 -2.84467608e-04 -2.87992991e-04 -2.91757586e-04 -2.95770884e-04 -3.00042980e-04 -3.04584565e-04 -3.09406927e-04 -3.14521919e-04 -3.19941934e-04 -3.25679842e-04 -3.31748913e-04 -3.38162698e-04 -3.44934874e-04 -3.52079028e-04 -3.59608371e-04 -3.67535360e-04 -3.75871200e-04 -3.84625202e-04 -3.93803932e-04 -4.03410126e-04 -4.13441277e-04 -4.23887817e-04 -4.34730767e-04 -4.45938718e-04 -4.57463940e-04 -4.69237382e-04 -4.81162241e-04 -4.93105706e-04 -5.04888365e-04 -5.16270646e-04 -5.26935498e-04 -5.36466380e-04 -5.44319419e-04 -5.49788519e-04 -5.51962127e-04 -5.49670593e-04 -5.41423603e-04 -5.25338517e-04 -4.99062801e-04 -4.59697811e-04 -4.03737404e-04 -3.27043410e-04 -2.24890384e-04 -9.21219376e-05 7.65343555e-05 2.85954450e-04 5.39897433e-04 8.40119601e-04 1.18542836e-03 1.57081473e-03 1.98675673e-03 2.41866942e-03 2.84644596e-03 3.24431995e-03 3.58185575e-03 3.82715654e-03 3.95258682e-03 3.94146342e-03 3.79265678e-03 3.52052104e-03 3.15009279e-03 2.71009827e-03 2.22692958e-03 1.72128532e-03 1.20725521e-03 6.92745016e-04 1.80401979e-04 -3.31188453e-04 -8.45963558e-04 -1.36850543e-03 -1.90202220e-03 -2.44648061e-03 -2.99710064e-03 -3.54322849e-03 -4.06751033e-03 -4.54557256e-03 -4.94705009e-03 -5.23914048e-03 -5.39301106e-03 -5.39135297e-03 -5.23367510e-03 -4.93642527e-03 -4.52781016e-03 -4.04009962e-03 -3.50293498e-03 -2.93956324e-03 -2.36578883e-03 -1.79043343e-03 -1.21637191e-03 -6.41886078e-04 -6.24139120e-05 5.27311069e-04 1.13095553e-03 1.74845138e-03 2.37427376e-03 2.99615147e-03 3.59412065e-03 4.14016135e-03 4.59940217e-03 4.93428269e-03 5.11208280e-03 5.11385238e-03
-2.57393738e-04 -2.57474764e-04 -2.57718050e-04 -2.58124218e-04 -2.58694308e-04 -2.59429784e-04 -2.60332539e-04 -2.61404903e-04 -2.62649654e-04 -2.64070032e-04 -2.65669750e-04 -2.67453015e-04 -2.69424539e-04 -2.71589569e-04 -2.73953901e-04 -2.76523909e-04 -2.79306569e-04 -2.82309490e-04 -2.85540940e-04 -2.89009879e-04 -2.92725993e-04 -2.96699722e-04 -3.00942298e-04 -3.05465770e-04 -3.10283041e-04 -3.15407884e-04 -3.20854969e-04 -3.26639868e-04 -3.32779055e-04 -3.39289885e-04 -3.46190549e-04 -3.53500002e-04 -3.61237840e-04 -3.69424131e-04 -3.78079166e-04 -3.87223109e-04 -3.96875533e-04 -4.07054776e-04 -4.17777085e-04 -4.29055479e-04 -4.40898236e-04 -4.53306897e-04 -4.66273636e-04 -4.79777804e-04 -4.93781385e-04 -5.08223042e-04 -5.23010311e-04 -5.38009376e-04 -5.53031703e-04 -5.67816597e-04 -5.82008484e-04 -5.95127467e-04 -6.06531364e-04 -6.15367210e-04 -6.20510044e-04 -6.20487071e-04 -6.13386170e-04 -5.96749940e-04 -5.67460655e-04 -5.21628808e-04 -4.54509161e-04 -3.60483543e-04 -2.33167146e-04 -6.57089990e-05 1.48643544e-04 4.15677835e-04 7.39083657e-04 1.11920427e-03 1.55190301e-03 2.02770972e-03 2.53112987e-03 3.03975527e-03 3.52319772e-03 3.94311804e-03 4.25670765e-03 4.42499433e-03 4.42381071e-03 4.25184028e-03 3.93065580e-03 3.49656742e-03 2.98921291e-03 2.44269701e-03 1.88177634e-03 1.32185739e-03 7.70375840e-04 2.28188373e-04 -3.09030603e-04 -8.48951477e-04 -1.40018850e-03 -1.96964629e-03 -2.56010822e-03 -3.16840808e-03 -3.78409741e-03 -4.38816310e-03 -4.95172916e-03 -5.43606507e-03 -5.79646837e-03 -5.99155632e-03 -5.99560612e-03 -5.80774564e-03 -5.45227786e-03 -4.96983324e-03 -4.40477037e-03 -3.79529936e-03 -3.16917207e-03 -2.54362780e-03 -1.92690938e-03 -1.31982061e-03 -7.17307275e-04 -1.10546182e-04 5.10319872e-04 1.15315221e-03 1.82105658e-03 2.51028887e-03 3.20872780e-03 3.89439733e-03 4.53395739e-03 5.08270301e-03 5.48908558e-03 5.70559251e-03 5.70327935e-03
-2.60312084e-04 -2.60396250e-04 -2.60648974e-04 -2.61070939e-04 -2.61663284e-04 -2.62427614e-04 -2.63366004e-04 -2.64481016e-04 -2.65775703e-04 -2.67253632e-04 -2.68918901e-04 -2.70776154e-04 -2.72830614e-04 -2.75088101e-04 -2.77555067e-04 -2.80238629e-04 -2.83146598e-04 -2.86287528e-04 -2.89670750e-04 -2.93306426e-04 -2.97205589e-04 -3.01380202e-04 -3.05843214e-04 -3.10608611e-04 -3.15691483e-04 -3.21108079e-04 -3.26875871e-04 -3.33013610e-04 -3.39541380e-04 -3.46480642e-04 -3.53854269e-04 -3.61686557e-04 -3.70003213e-04 -3.78831305e-04 -3.88199156e-04 -3.98136171e-04 -4.08672560e-04 -4.19838939e-04 -4.31665746e-04 -4.44182425e-04 -4.57416289e-04 -4.71390970e-04 -4.86124290e-04 -5.01625394e-04 -5.17890869e-04 -5.34899515e-04 -5.52605340e-04 -5.70928142e-04 -5.89740912e-04 -6.08852980e-04 -6.27987524e-04 -6.46751624e-04 -6.64596572e-04 -6.80765555e-04 -6.94225342e-04 -7.03578244e-04 -7.06950890e-04 -7.01857854e-04 -6.85041959e-04 -6.52300872e-04 -5.98323218e-04 -5.16578545e-04 -3.99333449e-04 -2.37895206e-04 -2.31996059e-05 2.53165184e-04 5.97506687e-04 1.01234757e-03 1.49492365e-03 2.03623527e-03 2.62045856e-03 3.22370053e-03 3.81133477e-03 4.33563827e-03 4.73854350e-03 4.96359042e-03 4.97440521e-03 4.76927513e-03 4.38147920e-03 3.86488742e-03 3.27475745e-03 2.65470344e-03 2.03328603e-03 1.42637980e-03 8.40234641e-04 2.73250238e-04 -2.82725333e-04 -8.40341923e-04 -1.41365165e-03 -2.01454570e-03 -2.64960309e-03 -3.31799088e-03 -4.01022328e-03 -4.70655584e-03 -5.37401716e-03 -5.96383987e-03 -6.41455804e-03 -6.66534314e-03 -6.67671261e-03 -6.44706755e-03 -6.01346833e-03 -5.43592421e-03 -4.77612667e-03 -4.08287392e-03 -3.38815043e-03 -2.70968042e-03 -2.05431553e-03 -1.42002520e-03 -7.97373117e-04 -1.71853089e-04 4.72586741e-04 1.14947470e-03 1.86620536e-03 2.62163149e-03 3.40464473e-03 4.19232423e-03 4.94647821e-03 5.61061506e-03 6.11350413e-03 6.38473505e-03 6.37902578e-03
-2.63040889e-04 -2.63128024e-04 -2.63389674e-04 -2.63826579e-04 -2.64439974e-04 -2.65231599e-04 -2.66203706e-04 -2.67359077e-04 -2.68701031e-04 -2.70233451e-04 -2.71960801e-04 -2.73888153e-04 -2.76021217e-04 -2.78366370e-04 -2.80930697e-04 -2.83722030e-04 -2.86748994e-04 -2.90021055e-04 -2.93548580e-04 -2.97342893e-04 -3.01416345e-04 -3.05782384e-04 -3.10455633e-04 -3.15451975e-04 -3.20788648e-04 -3.26484332e-04 -3.32559261e-04 -3.39035326e-04 -3.45936186e-04 -3.53287383e-04 -3.61116454e-04 -3.69453036e-04 -3.78328968e-04 -3.87778370e-04 -3.97837693e-04 -4.08545730e-04 -4.19943563e-04 -4.32074421e-04 -4.44983404e-04 -4.58717044e-04 -4.73322606e-04 -4.88847058e-04 -5.05335571e-04 -5.22829380e-04 -5.41362765e-04 -5.60958833e-04 -5.81623653e-04 -6.03338138e-04 -6.26046848e-04 -6.49642577e-04 -6.73945180e-04 -6.98672568e-04 -7.23401073e-04 -7.47511518e-04 -7.70116313e-04 -7.89961805e-04 -8.05299398e-04 -8.13719118e-04 -8.11941868e-04 -7.95573628e-04 -7.58839839e-04 -6.94344919e-04 -5.92942843e-04 -4.43856259e-04 -2.35227329e-04 4.47145703e-05 4.05791434e-04 8.53545523e-04 1.38713394e-03 1.99835577e-03 2.67177840e-03 3.38374933e-03 4.09734262e-03 4.75477977e-03 5.27670815e-03 5.57892542e-03 5.60435442e-03 5.35040549e-03 4.87002819e-03 4.24520468e-03 3.55358549e-03 2.84955235e-03 2.16372288e-03 1.51066590e-03 8.94614489e-04 3.10987729e-04 -2.53164450e-04 -8.17042867e-04 -1.40198762e-03 -2.02652935e-03 -2.70213110e-03 -3.43089579e-03 -4.20515330e-03 -5.00629031e-03 -5.79931332e-03 -6.52461633e-03 -7.09723794e-03 -7.42544326e-03 -7.44641882e-03 -7.15714553e-03 -6.61617817e-03 -5.91460708e-03 -5.13902241e-03 -4.35025287e-03 -3.58258830e-03 -2.85225385e-03 -2.16376386e-03 -1.51164667e-03 -8.80972181e-04 -2.49760198e-04 4.06346992e-04 1.10843367e-03 1.86942377e-03 2.69144558e-03 3.56537473e-03 4.46949977e-03 5.36319429e-03 6.17725839e-03 6.81292369e-03 7.16344964e-03 7.15591375e-03
-2.65573470e-04 -2.65663389e-04 -2.65933411e-04 -2.66384328e-04 -2.67017467e-04 -2.67834696e-04 -2.68838438e-04 -2.70031680e-04 -2.71417999e-04 -2.73001576e-04 -2.74787226e-04 -2.76780428e-04 -2.78987356e-04 -2.81414921e-04 -2.84070813e-04 -2.86963550e-04 -2.90102533e-04 -2.93498107e-04 -2.97161631e-04 -3.01105550e-04 -3.05343482e-04 -3.09890305e-04 -3.14762265e-04 -3.19977079e-04 -3.25554064e-04 -3.31514266e-04 -3.37880608e-04 -3.44678044e-04 -3.51933732e-04 -3.59677215e-04 -3.67940618e-04 -3.76758849e-04 -3.86169817e-04 -3.96214648e-04 -4.06937899e-04 -4.18387768e-04 -4.30616272e-04 -4.43679391e-04 -4.57637136e-04 -4.72553511e-04 -4.88496321e-04 -5.05536733e-04 -5.23748503e-04 -5.43206714e-04 -5.63985806e-04 -5.86156629e-04 -6.09782087e-04 -6.34910808e-04 -6.61568022e-04 -6.89742515e-04 -7.19368038e-04 -7.50296923e-04 -7.82262774e-04 -8.14827860e-04 -8.47309322e-04 -8.78676335e-04 -9.07408272e-04 -9.31302202e-04 -9.47218052e-04 -9.50754271e-04 -9.35860733e-04 -8.94426024e-04 -8.15931085e-04 -6.87342733e-04 -4.93515339e-04 -2.18433100e-04 1.52439817e-04 6.28826865e-04 1.21238548e-03 1.89560251e-03 2.66385683e-03 3.49668341e-03 4.35996519e-03 5.18785250e-03 5.87179526e-03 6.28236678e-03 6.32597115e-03 5.99807097e-03 5.38596874e-03 4.61796932e-03 3.80359522e-03 3.00704127e-03 2.25602900e-03 1.56069396e-03 9.22768879e-04 3.34766716e-04 -2.21991836e-04 -7.75289645e-04 -1.35624945e-03 -1.99222057e-03 -2.70070132e-03 -3.48678318e-03 -4.34502104e-03 -5.26102986e-03 -6.20329315e-03 -7.10347834e-03 -7.84431559e-03 -8.28368543e-03 -8.31770378e-03 -7.94051153e-03 -7.24831868e-03 -6.38352919e-03 -5.46825469e-03 -4.57436931e-03 -3.73297687e-03 -2.95530045e-03 -2.24294954e-03 -1.58707110e-03 -9.66176214e-04 -3.48501313e-04 3.01463555e-04 1.01485447e-03 1.81143984e-03 2.69666284e-03 3.66383207e-03 4.69603081e-03 5.75661394e-03 6.76617737e-03 7.58816774e-03 8.05673662e-03 8.05044858e-03
-2.67903562e-04 -2.67996067e-04 -2.68273864e-04 -2.68737797e-04 -2.69389278e-04 -2.70230296e-04 -2.71263431e-04 -2.72491871e-04 -2.73919428e-04 -2.75550568e-04 -2.77390437e-04 -2.79444897e-04 -2.81720561e-04 -2.84224843e-04 -2.86966006e-04 -2.89953216e-04 -2.93196610e-04 -2.96707367e-04 -3.00497788e-04 -3.04581382e-04 -3.08972972e-04 -3.13688802e-04 -3.18746662e-04 -3.24166025e-04 -3.29968200e-04 -3.36176500e-04 -3.42816432e-04 -3.49915900e-04 -3.57505439e-04 -3.65618465e-04 -3.74291551e-04 -3.83564734e-04 -3.93481843e-04 -4.04090860e-04 -4.15444306e-04 -4.27599647e-04 -4.40619729e-04 -4.54573210e-04 -4.69534997e-04 -4.85586650e-04 -5.02816725e-04 -5.21321003e-04 -5.41202523e-04 -5.62571315e-04 -5.85543665e-04 -6.10240663e-04 -6.36785706e-04 -6.65300431e-04 -6.95898348e-04 -7.28675111e-04 -7.63693846e-04 -8.00963290e-04 -8.40405423e-04 -8.81807819e-04 -9.24753862e-04 -9.68521124e-04 -1.01193451e-03 -1.05315651e-03 -1.08939303e-03 -1.11649271e-03 -1.12842641e-03 -1.11666275e-03 -1.06952126e-03 -9.71701009e-04 -8.04346101e-04 -5.46181876e-04 -1.76337872e-04 3.20848146e-04 9.50269162e-04 1.70393495e-03 2.56689298e-03 3.52588562e-03 4.56069352e-03 5.60628366e-03 6.51583953e-03 7.08439085e-03 7.15143685e-03 6.70812396e-03 5.90417241e-03 4.94640079e-03 3.98859004e-03 3.09755603e-03 2.28679617e-03 1.55739068e-03 9.09772387e-04 3.35071807e-04 -1.91973671e-04 -7.10475437e-04 -1.26475418e-03 -1.89398020e-03 -2.62296900e-03 -3.45854318e-03 -4.39597709e-03 -5.42921581e-03 -6.54221562e-03 -7.66765043e-03 -8.64589222e-03 -9.25074940e-03 -9.30329720e-03 -8.79186136e-03 -7.88127571e-03 -6.80107226e-03 -5.72282561e-03 -4.72158007e-03 -3.81266034e-03 -2.99709270e-03 -2.27487760e-03 -1.63546216e-03 -1.04982960e-03 -4.73323395e-04 1.44614133e-04 8.48620779e-04 1.66678500e-03 2.60638597e-03 3.66137643e-03 4.82437182e-03 6.07669457e-03 7.34016641e-03 8.42882451e-03 9.07838924e-03 9.07905572e-03
-2.70025345e-04 -2.70120226e-04 -2.70405164e-04 -2.70881052e-04 -2.71549381e-04 -2.72412254e-04 -2.73472397e-04 -2.74733181e-04 -2.76198641e-04 -2.77873506e-04 -2.79763230e-04 -2.81874031e-04 -2.84212934e-04 -2.86787821e-04 -2.89607488e-04 -2.92681709e-04 -2.96021308e-04 -2.99638244e-04 -3.03545698e-04 -3.07758181e-04 -3.12291645e-04 -3.17163618e-04 -3.22393344e-04 -3.28001950e-04 -3.34012625e-04 -3.40450825e-04 -3.47344506e-04 -3.54724371e-04 -3.62624166e-04 -3.71080996e-04 -3.80135683e-04 -3.89833173e-04 -4.00222980e-04 -4.11359688e-04 -4.23303506e-04 -4.36120887e-04 -4.49885204e-04 -4.64677498e-04 -4.80587286e-04 -4.97713430e-04 -5.16165046e-04 -5.36062439e-04 -5.57538013e-04 -5.80737098e-04 -6.05818575e-04 -6.32955135e-04 -6.62332932e-04 -6.94150201e-04 -7.28614285e-04 -7.65936126e-04 -8.06320864e-04 -8.49952439e-04 -8.96969017e-04 -9.47424425e-04 -1.00122830e-03 -1.05805403e-03 -1.11719824e-03 -1.17736852e-03 -1.23636696e-03 -1.29062874e-03 -1.33457272e-03 -1.35974015e-03 -1.35376413e-03 -1.29936139e-03 -1.17378456e-03 -9.49493291e-04 -5.97158567e-04 -9.23070466e-05 5.74701469e-04 1.39242857e-03 2.33993430e-03 3.41439647e-03 4.63096393e-03 5.95040422e-03 7.18113987e-03 7.98970113e-03 8.08866599e-03 7.45959626e-03 6.37003239e-03 5.16313086e-03 4.05042427e-03 3.07886785e-03 2.22460691e-03 1.47479608e-03 8.34676249e-04 2.98221771e-04 -1.67536098e-04 -6.16932472e-04 -1.11204686e-03 -1.70815581e-03 -2.43933312e-03 -3.31060738e-03 -4.31119192e-03 -5.44631834e-03 -6.73872165e-03 -8.14962262e-03 -9.46994881e-03 -1.03307340e-02 -1.04110867e-02 -9.68713296e-03 -8.45357630e-03 -7.09147129e-03 -5.83717502e-03 -4.74408384e-03 -3.78598453e-03 -2.94817809e-03 -2.23580201e-03 -1.64131976e-03 -1.12694481e-03 -6.30744240e-04 -8.19134391e-05 5.82632031e-04 1.40156392e-03 2.37989812e-03 3.50429402e-03 4.78026681e-03 6.23424844e-03 7.82151563e-03 9.29862999e-03 1.02344686e-02 1.02525338e-02
-2.71933474e-04 -2.72030508e-04 -2.72321919e-04 -2.72808642e-04 -2.73492242e-04 -2.74374925e-04 -2.75459552e-04 -2.76749661e-04 -2.78249493e-04 -2.79964016e-04 -2.81898969e-04 -2.84060895e-04 -2.86457197e-04 -2.89096187e-04 -2.91987152e-04 -2.95140424e-04 -2.98567461e-04 -3.02280939e-04 -3.06294854e-04 -3.10624637e-04 -3.15287287e-04 -3.20301518e-04 -3.25687922e-04 -3.31469159e-04 -3.37670164e-04 -3.44318388e-04 -3.51444065e-04 -3.59080512e-04 -3.67264474e-04 -3.76036511e-04 -3.85441435e-04 -3.95528807e-04 -4.06353501e-04 -4.17976340e-04 -4.30464823e-04 -4.43893942e-04 -4.58347114e-04 -4.73917233e-04 -4.90707856e-04 -5.08834538e-04 -5.28426330e-04 -5.49627435e-04 -5.72599039e-04 -5.97521282e-04 -6.24595345e-04 -6.54045573e-04 -6.86121485e-04 -7.21099442e-04 -7.59283573e-04 -8.01005299e-04 -8.46620410e-04 -8.96501987e-04 -9.51026460e-04 -1.01054843e-03 -1.07535728e-03 -1.14560454e-03 -1.22118426e-03 -1.30153902e-03 -1.38534950e-03 -1.47004661e-03 -1.55106557e-03 -1.62075665e-03 -1.66691447e-03 -1.67105294e-03 -1.60689137e-03 -1.43999246e-03 -1.13012679e-03 -6.39301837e-04 5.09921925e-05 9.21084782e-04 1.92799876e-03 3.07510143e-03 4.45037306e-03 6.10001086e-03 7.79561999e-03 8.98387853e-03 9.12944415e-03 8.19243396e-03 6.67042212e-03 5.14681480e-03 3.89734763e-03 2.89236743e-03 2.02755914e-03 1.27658947e-03 6.67325920e-04 2.04498313e-04 -1.55475133e-04 -4.87715168e-04 -8.77455878e-04 -1.40208080e-03 -2.10925486e-03 -2.99623557e-03 -4.02750991e-03 -5.21391194e-03 -6.65769694e-03 -8.41452141e-03 -1.02349866e-02 -1.15062799e-02 -1.16308896e-02 -1.05587298e-02 -8.83856505e-03 -7.11875271e-03 -5.70816375e-03 -4.57569946e-03 -3.60553359e-03 -2.76750842e-03 -2.09166850e-03 -1.58237289e-03 -1.18989051e-03 -8.28797276e-04 -4.01896615e-04 1.79298325e-04 9.69121503e-04 1.96340841e-03 3.11976806e-03 4.44988684e-03 6.07267477e-03 8.05373742e-03 1.01030772e-02 1.15051780e-02 1.15597988e-02
-2.73623106e-04 -2.73722058e-04 -2.74019240e-04 -2.74515624e-04 -2.75212840e-04 -2.76113188e-04 -2.77219650e-04 -2.78535916e-04 -2.80066409e-04 -2.81816315e-04 -2.83791628e-04 -2.85999186e-04 -2.88446732e-04 -2.91142965e-04 -2.94097617e-04 -2.97321524e-04 -3.00826715e-04 -3.04626517e-04 -3.08735662e-04 -3.13170417e-04 -3.17948729e-04 -3.23090389e-04 -3.28617215e-04 -3.34553260e-04 -3.40925051e-04 -3.47761859e-04 -3.55095997e-04 -3.62963173e-04 -3.71402883e-04 -3.80458855e-04 -3.90179569e-04 -4.00618840e-04 -4.11836487e-04 -4.23899108e-04 -4.36880961e-04 -4.50864981e-04 -4.65943952e-04 -4.82221857e-04 -4.99815433e-04 -5.18855968e-04 -5.39491371e-04 -5.61888561e-04 -5.86236211e-04 -6.12747898e-04 -6.41665681e-04 -6.73264161e-04 -7.07854991e-04 -7.45791807e-04 -7.87475424e-04 -8.33358988e-04 -8.83952498e-04 -9.39825613e-04 -1.00160684e-03 -1.06997580e-03 -1.14564282e-03 -1.22930610e-03 -1.32156965e-03 -1.42279366e-03 -1.53282966e-03 -1.65056301e-03 -1.77314292e-03 -1.89473516e-03 -2.00462654e-03 -2.08465122e-03 -2.10634169e-03 -2.02885946e-03 -1.79929502e-03 -1.35934707e-03 -6.70904764e-04 2.35224138e-04 1.25810049e-03 2.37740899e-03 3.81111643e-03 5.81861971e-03 8.18800534e-03 9.99671379e-03 1.02156095e-02 8.75632291e-03 6.57711736e-03 4.68263761e-03 3.38727543e-03 2.45805578e-03 1.63763722e-03 9.08484916e-04 3.62874734e-04 2.57899120e-05 -1.65691942e-04 -3.14585584e-04 -5.33486828e-04 -9.29068463e-04 -1.57325393e-03 -2.45095489e-03 -3.46082302e-03 -4.58481483e-03 -6.06685941e-03 -8.19831021e-03 -1.07490686e-02 -1.26974940e-02 -1.28964640e-02 -1.12383755e-02 -8.78135515e-03 -6.64269369e-03 -5.17631668e-03 -4.12615149e-03 -3.20579107e-03 -2.39394391e-03 -1.79197168e-03 -1.42690852e-03 -1.22752277e-03 -1.07702238e-03 -8.47040906e-04 -4.15325252e-04 3.00581228e-04 1.28205761e-03 2.40991858e-03 3.66194553e-03 5.32158296e-03 7.72884955e-03 1.06166341e-02 1.27938460e-02 1.29201887e-02
-2.75089922e-04 -2.75190550e-04 -2.75492771e-04 -2.75997592e-04 -2.76706701e-04 -2.77622478e-04 -2.78748013e-04 -2.80087130e-04 -2.81644411e-04 -2.83425238e-04 -2.85435824e-04 -2.87683272e-04 -2.90175621e-04 -2.92921916e-04 -2.95932278e-04 -2.99217989e-04 -3.02791585e-04 -3.06666965e-04 -3.10859516e-04 -3.15386243e-04 -3.20265935e-04 -3.25519338e-04 -3.31169357e-04 -3.37241286e-04 -3.43763067e-04 -3.50765591e-04 -3.58283028e-04 -3.66353220e-04 -3.75018120e-04 -3.84324298e-04 -3.94323522e-04 -4.05073425e-04 -4.16638283e-04 -4.29089899e-04 -4.42508641e-04 -4.56984639e-04 -4.72619185e-04 -4.89526357e-04 -5.07834931e-04 -5.27690610e-04 -5.49258644e-04 -5.72726922e-04 -5.98309603e-04 -6.26251406e-04 -6.56832679e-04 -6.90375366e-04 -7.27250050e-04 -7.67884210e-04 -8.12771846e-04 -8.62484582e-04 -9.17684213e-04 -9.79136456e-04 -1.04772513e-03 -1.12446507e-03 -1.21051032e-03 -1.30715081e-03 -1.41578443e-03 -1.53784030e-03 -1.67460758e-03 -1.82688691e-03 -1.99431679e-03 -2.17412987e-03 -2.35898953e-03 -2.53358592e-03 -2.67017287e-03 -2.72429094e-03 -2.63176722e-03 -2.30773322e-03 -1.67146110e-03 -7.51508450e-04 2.28626955e-04 1.12840115e-03 2.36486226e-03 4.65426748e-03 7.96583285e-03 1.07993700e-02 1.11409704e-02 8.79178339e-03 5.64194089e-03 3.40109955e-03 2.30361675e-03 1.66326037e-03 9.63984307e-04 2.81155282e-04 -1.46720854e-04 -2.76273860e-04 -2.11486055e-04 -8.86676980e-05 -4.52228891e-05 -2.21276088e-04 -7.35613542e-04 -1.57324422e-03 -2.49375668e-03 -3.34176341e-03 -4.57771131e-03 -6.99770190e-03 -1.05736980e-02 -1.36456109e-02 -1.39740227e-02 -1.13235359e-02 -7.78173511e-03 -5.25041448e-03 -3.99829715e-03 -3.26772028e-03 -2.48406445e-03 -1.72708578e-03 -1.26018711e-03 -1.13159223e-03 -1.22475891e-03 -1.38565595e-03 -1.45770166e-03 -1.27996927e-03 -7.15691227e-04 2.16202130e-04 1.23517532e-03 2.16061917e-03 3.52666419e-03 6.25740340e-03 1.03186441e-02 1.37796950e-02 1.40407326e-02
-2.76330150e-04 -2.76432203e-04 -2.76738706e-04 -2.77250697e-04 -2.77969913e-04 -2.78898804e-04 -2.80040552e-04 -2.81399093e-04 -2.82979150e-04 -2.84786266e-04 -2.86826849e-04 -2.89108224e-04 -2.91638687e-04 -2.94427576e-04 -2.97485348e-04 -3.00823667e-04 -3.04455505e-04 -3.08395253e-04 -3.12658858e-04 -3.17263964e-04 -3.22230081e-04 -3.27578779e-04 -3.33333901e-04 -3.39521809e-04 -3.46171669e-04 -3.53315771e-04 -3.60989891e-04 -3.69233721e-04 -3.78091345e-04 -3.87611796e-04 -3.97849703e-04 -4.08866026e-04 -4.20728921e-04 -4.33514742e-04 -4.47309200e-04 -4.62208735e-04 -4.78322111e-04 -4.95772299e-04 -5.14698702e-04 -5.35259781e-04 -5.57636187e-04 -5.82034487e-04 -6.08691628e-04 -6.37880291e-04 -6.69915348e-04 -7.05161659e-04 -7.44043523e-04 -7.87056163e-04 -8.34779696e-04 -8.87896151e-04 -9.47210146e-04 -1.01367393e-03 -1.08841744e-03 -1.17278372e-03 -1.26836938e-03 -1.37706796e-03 -1.50111002e-03 -1.64308534e-03 -1.80591471e-03 -1.99270154e-03 -2.20631838e-03 -2.44843979e-03 -2.71749681e-03 -3.00479897e-03 -3.28843834e-03 -3.52666059e-03 -3.65277405e-03 -3.55998573e-03 -3.09038694e-03 -2.20614753e-03 -1.33160468e-03 -9.63224484e-04 -4.41542882e-04 1.79071880e-03 6.25259214e-03 1.07115657e-02 1.12625756e-02 7.45748746e-03 3.02784976e-03 7.01904874e-04 3.14004190e-04 3.22151814e-04 -1.67436476e-04 -7.64412003e-04 -9.61914237e-04 -7.48849219e-04 -3.08614148e-04 1.97560259e-04 6.26412621e-04 8.16119929e-04 5.68190362e-04 -1.69239385e-04 -9.28157285e-04 -1.15532812e-03 -1.57338072e-03 -3.90473222e-03 -8.72887098e-03 -1.35772438e-02 -1.41290499e-02 -9.86858631e-03 -4.90502105e-03 -2.27090566e-03 -1.79829727e-03 -1.78646064e-03 -1.24254049e-03 -5.88217652e-04 -3.83243838e-04 -6.42866237e-04 -1.16344273e-03 -1.76324853e-03 -2.27923984e-03 -2.52527000e-03 -2.27281293e-03 -1.46634613e-03 -6.48777028e-04 -4.50833681e-04 -3.73654658e-05 2.57339508e-03 8.03679257e-03 1.34911378e-02 1.39883361e-02
-2.77340587e-04 -2.77443805e-04 -2.77753811e-04 -2.78271669e-04 -2.78999154e-04 -2.79938775e-04 -2.81093789e-04 -2.82468226e-04 -2.84066922e-04 -2.85895557e-04 -2.87960696e-04 -2.90269846e-04 -2.92831517e-04 -2.95655288e-04 -2.98751894e-04 -3.02133313e-04 -3.05812875e-04 -3.09805380e-04 -3.14127237e-04 -3.18796616e-04 -3.23833625e-04 -3.29260514e-04 -3.35101903e-04 -3.41385041e-04 -3.48140107e-04 -3.55400549e-04 -3.63203482e-04 -3.71590129e-04 -3.80606350e-04 -3.90303230e-04 -4.00737781e-04 -4.11973740e-04 -4.24082508e-04 -4.37144242e-04 -4.51249136e-04 -4.66498925e-04 -4.83008655e-04 -5.00908792e-04 -5.20347707e-04 -5.41494661e-04 -5.64543366e-04 -5.89716279e-04 -6.17269789e-04 -6.47500513e-04 -6.80752990e-04 -7.17429109e-04 -7.57999735e-04 -8.03019133e-04 -8.53142930e-04 -9.09150625e-04 -9.71973944e-04 -1.04273269e-03 -1.12278029e-03 -1.21376170e-03 -1.31768701e-03 -1.43702445e-03 -1.57481598e-03 -1.73481597e-03 -1.92164468e-03 -2.14092399e-03 -2.39930194e-03 -2.70412427e-03 -3.06218002e-03 -3.47634764e-03 -3.93861201e-03 -4.42093055e-03 -4.87298899e-03 -5.20226315e-03 -5.16164993e-03 -4.49471028e-03 -3.81190689e-03 -4.39087296e-03 -5.39662357e-03 -4.06605785e-03 1.19179125e-03 7.78918244e-03 8.66874298e-03 2.86043425e-03 -2.65660724e-03 -4.27688085e-03 -3.12704625e-03 -1.97363045e-03 -2.14577591e-03 -2.50714092e-03 -2.21236847e-03 -1.43823895e-03 -4.72684583e-04 5.46671325e-04 1.51352773e-03 2.29576879e-03 2.61085275e-03 2.18060069e-03 1.68747289e-03 2.53893176e-03 3.82774322e-03 2.51937267e-03 -3.13532840e-03 -1.02662137e-02 -1.11590418e-02 -4.73743049e-03 1.40308036e-03 3.25989060e-03 2.04773044e-03 7.95644825e-04 9.62898213e-04 1.33601954e-03 9.85386518e-04 9.27946991e-05 -1.02497437e-03 -2.21235379e-03 -3.34941026e-03 -4.28366913e-03 -4.69126240e-03 -4.26965623e-03 -3.80822248e-03 -4.86791975e-03 -6.41095296e-03 -5.00848344e-03 1.29029999e-03 9.15325981e-03 9.99304477e-03
-2.78118609e-04 -2.78222727e-04 -2.78535441e-04 -2.79057830e-04 -2.79791704e-04 -2.80739615e-04 -2.81904879e-04 -2.83291599e-04 -2.84904699e-04 -2.86749963e-04 -2.88834080e-04 -2.91164700e-04 -2.93750496e-04 -2.96601237e-04 -2.99727871e-04 -3.03142622e-04 -3.06859099e-04 -3.10892420e-04 -3.15259352e-04 -3.19978475e-04 -3.25070364e-04 -3.30557800e-04 -3.36466006e-04 -3.42822923e-04 -3.49659521e-04 -3.57010156e-04 -3.64912984e-04 -3.73410432e-04 -3.82549744e-04 -3.92383616e-04 -4.02970927e-04 -4.14377593e-04 -4.26677565e-04 -4.39953992e-04 -4.54300597e-04 -4.69823287e-04 -4.86642072e-04 -5.04893340e-04 -5.24732568e-04 -5.46337582e-04 -5.69912480e-04 -5.95692377e-04 -6.23949186e-04 -6.54998694e-04 -6.89209261e-04 -7.27012612e-04 -7.68917275e-04 -8.15525463e-04 -8.67554419e-04 -9.25863626e-04 -9.91489765e-04 -1.06569203e-03 -1.15001137e-03 -1.24634871e-03 -1.35706912e-03 -1.48514171e-03 -1.63432910e-03 -1.80944494e-03 -2.01670350e-03 -2.26418662e-03 -2.56243847e-03 -2.92512242e-03 -3.36941220e-03 -3.91502085e-03 -4.57918533e-03 -5.36576471e-03 -6.26694594e-03 -7.28064913e-03 -8.17884512e-03 -8.35570092e-03 -8.23455263e-03 -1.01390988e-02 -1.33542071e-02 -1.43527137e-02 -1.05643490e-02 -3.06411768e-03 -1.86619953e-03 -8.72532340e-03 -1.30993475e-02 -1.24216427e-02 -9.00638547e-03 -6.28902890e-03 -5.80698652e-03 -5.33478627e-03 -4.00515130e-03 -2.36878253e-03 -7.15131082e-04 9.51237828e-04 2.62073835e-03 4.29330857e-03 5.73401607e-03 6.31255551e-03 6.52745734e-03 8.86999096e-03 1.25831404e-02 1.38673791e-02 9.93746973e-03 2.07890866e-03 9.05257776e-04 8.25031637e-03 1.30203663e-02 1.23273255e-02 8.66073271e-03 5.70400619e-03 5.07290825e-03 4.47709012e-03 2.96707962e-03 1.10495669e-03 -7.94802933e-04 -2.72296710e-03 -4.67355655e-03 -6.64419626e-03 -8.36627675e-03 -9.17205834e-03 -9.65637608e-03 -1.24454453e-02 -1.67076719e-02 -1.83216513e-02 -1.42487387e-02 -6.11476481e-03 -5.06961916e-03
-2.78662193e-04 -2.78766941e-04 -2.79081550e-04 -2.79607114e-04 -2.80345462e-04 -2.81299180e-04 -2.82471624e-04 -2.83866947e-04 -2.85490138e-04 -2.87347051e-04 -2.89444465e-04 -2.91790128e-04 -2.94392829e-04 -2.97262469e-04 -3.00410149e-04 -3.03848264e-04 -3.07590620e-04 -3.11652556e-04 -3.16051096e-04 -3.20805106e-04 -3.25935491e-04 -3.31465404e-04 -3.37420496e-04 -3.43829196e-04 -3.50723031e-04 -3.58136998e-04 -3.66109990e-04 -3.74685282e-04 -3.83911099e-04 -3.93841277e-04 -4.04536016e-04 -4.16062777e-04 -4.28497318e-04 -4.41924913e-04 -4.56441788e-04 -4.72156819e-04 -4.89193548e-04 -5.07692581e-04 -5.27814465e-04 -5.49743144e-04 -5.73690142e-04 -5.99899644e-04 -6.28654706e-04 -6.60284896e-04 -6.95175744e-04 -7.33780528e-04 -7.76635057e-04 -8.24376387e-04 -8.77766695e-04 -9.37724022e-04 -1.00536226e-03 -1.08204369e-03 -1.16944889e-03 -1.26967082e-03 -1.38534330e-03 -1.51981907e-03 -1.67742059e-03 -1.86379942e-03 -2.08646076e-03 -2.35554267e-03 -2.68499108e-03 -3.09434067e-03 -3.61135106e-03 -4.27549264e-03 -5.14068218e-03 -6.27129249e-03 -7.73678256e-03 -9.67310324e-03 -1.21456277e-02 -1.46360285e-02 -1.66564187e-02 -1.98693162e-02 -2.43449478e-02 -2.88987341e-02 -3.22992888e-02 -3.14390227e-02 -3.07592889e-02 -3.17006907e-02 -2.84570536e-02 -2.35785574e-02 -1.87316819e-02 -1.47959986e-02 -1.22661660e-02 -9.36841929e-03 -6.26192635e-03 -3.50094836e-03 -1.02895204e-03 1.38012108e-03 3.88477376e-03 6.70100602e-03 9.95466495e-03 1.31524834e-02 1.58344312e-02 1.96440366e-02 2.47133625e-02 2.99311182e-02 3.40010603e-02 3.37728877e-02 3.32797444e-02 3.38124149e-02 3.00849576e-02 2.47210800e-02 1.95001866e-02 1.52265819e-02 1.22566411e-02 8.95104429e-03 5.46649682e-03 2.34501424e-03 -4.79570300e-04 -3.25444681e-03 -6.16930362e-03 -9.46867278e-03 -1.32910867e-02 -1.71453710e-02 -2.05715003e-02 -2.50649486e-02 -3.08537175e-02 -3.70255919e-02 -4.22162759e-02 -4.31646069e-02 -4.29971365e-02
-2.78969918e-04 -2.79075024e-04 -2.79390708e-04 -2.79918071e-04 -2.80658957e-04 -2.81615967e-04 -2.82792482e-04 -2.84192684e-04 -2.85821596e-04 -2.87685116e-04 -2.89790070e-04 -2.92144265e-04 -2.94756554e-04 -2.97636914e-04 -3.00796532e-04 -3.04247901e-04 -3.08004938e-04 -3.12083111e-04 -3.16499586e-04 -3.21273394e-04 -3.26425626e-04 -3.31979650e-04 -3.37961359e-04 -3.44399459e-04 -3.51325796e-04 -3.58775732e-04 -3.66788579e-04 -3.75408096e-04 -3.84683070e-04 -3.94667984e-04 -4.05423795e-04 -4.17018845e-04 -4.29529925e-04 -4.43043524e-04 -4.57657301e-04 -4.73481832e-04 -4.90642680e-04 -5.09282870e-04 -5.29565857e-04 -5.51679099e-04 -5.75838388e-04 -6.02293126e-04 -6.31332787e-04 -6.63294886e-04 -6.98574870e-04 -7.37638480e-04 -7.81037335e-04 -8.29428717e-04 -8.83600951e-04 -9.44506243e-04 -1.01330366e-03 -1.09141605e-03 -1.18060630e-03 -1.28308118e-03 -1.40163478e-03 -1.53985027e-03 -1.70238956e-03 -1.89541834e-03 -2.12724644e-03 -2.40932109e-03 -2.75781988e-03 -3.19630214e-03 -3.76029103e-03 -4.50541006e-03 -5.52146005e-03 -6.95103240e-03 -8.98378645e-03 -1.18162444e-02 -1.59134209e-02 -2.20049462e-02 -2.88886663e-02 -3.26961722e-02 -3.51873477e-02 -4.27347950e-02 -5.84425883e-02 -7.69771134e-02 -7.88652368e-02 -6.10508534e-02 -4.35387175e-02 -3.42655243e-02 -3.09251587e-02 -2.73564747e-02 -2.03357741e-02 -1.34007187e-02 -8.37529308e-03 -4.57569794e-03 -1.33083175e-03 1.73466979e-03 5.02319059e-03 8.90908806e-03 1.40076811e-02 2.11587149e-02 2.90484144e-02 3.35658668e-02 3.66374540e-02 4.51872235e-02 6.25951261e-02 8.28088298e-02 8.49935189e-02 6.59075379e-02 4.67819435e-02 3.65125821e-02 3.26820144e-02 2.86630725e-02 2.10193922e-02 1.33904471e-02 7.78126196e-03 3.50765143e-03 -1.70372573e-04 -3.68499895e-03 -7.48773389e-03 -1.20121407e-02 -1.79648899e-02 -2.62214834e-02 -3.52240154e-02 -4.06100702e-02 -4.45459797e-02 -5.46370075e-02 -7.45276265e-02 -9.69571467e-02 -9.95148642e-02
