AXIS X
0.00000000e+00 2.50000000e-03 5.00000000e-03 7.50000000e-03 1.00000000e-02 1.25000000e-02 1.50000000e-02 1.75000000e-02 2.00000000e-02 2.25000000e-02 2.50000000e-02 2.75000000e-02 3.00000000e-02 3.25000000e-02 3.50000000e-02 3.75000000e-02 4.00000000e-02 4.25000000e-02 4.50000000e-02 4.75000000e-02 5.00000000e-02 5.25000000e-02 5.50000000e-02 5.75000000e-02 6.00000000e-02 6.25000000e-02 6.50000000e-02 6.75000000e-02 7.00000000e-02 7.25000000e-02 7.50000000e-02 7.75000000e-02 8.00000000e-02 8.25000000e-02 8.50000000e-02 8.75000000e-02 9.00000000e-02 9.25000000e-02 9.50000000e-02 9.75000000e-02 1.00000000e-01 1.02500000e-01 1.05000000e-01 1.07500000e-01 1.10000000e-01 1.12500000e-01 1.15000000e-01 1.17500000e-01 1.20000000e-01 1.22500000e-01 1.25000000e-01 1.27500000e-01 1.30000000e-01 1.32500000e-01 1.35000000e-01 1.37500000e-01 1.40000000e-01 1.42500000e-01 1.45000000e-01 1.47500000e-01 1.50000000e-01 1.52500000e-01 1.55000000e-01 1.57500000e-01 1.60000000e-01 1.62500000e-01 1.65000000e-01 1.67500000e-01 1.70000000e-01 1.72500000e-01 1.75000000e-01 1.77500000e-01 1.80000000e-01 1.82500000e-01 1.85000000e-01 1.87500000e-01 1.90000000e-01 1.92500000e-01 1.95000000e-01 1.97500000e-01 2.00000000e-01 2.02500000e-01 2.05000000e-01 2.07500000e-01 2.10000000e-01 2.12500000e-01 2.15000000e-01 2.17500000e-01 2.20000000e-01 2.22500000e-01 2.25000000e-01 2.27500000e-01 2.30000000e-01 2.32500000e-01 2.35000000e-01 2.37500000e-01 2.40000000e-01 2.42500000e-01 2.45000000e-01 2.47500000e-01 2.50000000e-01 2.52500000e-01 2.55000000e-01 2.57500000e-01 2.60000000e-01 2.62500000e-01 2.65000000e-01 2.67500000e-01 2.70000000e-01 2.72500000e-01 2.75000000e-01 2.77500000e-01 2.80000000e-01 2.82500000e-01 2.85000000e-01 2.87500000e-01 2.90000000e-01 2.92500000e-01 2.95000000e-01 2.97500000e-01 3.00000000e-01

AXIS Y
0.00000000e+00 1.87500000e-03 3.75000000e-03 5.62500000e-03 7.50000000e-03 9.37500000e-03 1.12500000e-02 1.31250000e-02 1.50000000e-02 1.68750000e-02 1.87500000e-02 2.06250000e-02 2.25000000e-02 2.43750000e-02 2.62500000e-02 2.81250000e-02 3.00000000e-02 3.18750000e-02 3.37500000e-02 3.56250000e-02 3.75000000e-02 3.93750000e-02 4.12500000e-02 4.31250000e-02 4.50000000e-02 4.68750000e-02 4.87500000e-02 5.06250000e-02 5.25000000e-02 5.43750000e-02 5.62500000e-02 5.81250000e-02 6.00000000e-02 6.18750000e-02 6.37500000e-02 6.56250000e-02 6.75000000e-02 6.93750000e-02 7.12500000e-02 7.31250000e-02 7.50000000e-02 7.68750000e-02 7.87500000e-02 8.06250000e-02 8.25000000e-02 8.43750000e-02 8.62500000e-02 8.81250000e-02 9.00000000e-02 9.18750000e-02 9.37500000e-02 9.56250000e-02 9.75000000e-02 9.93750000e-02 1.01250000e-01 1.03125000e-01 1.05000000e-01 1.06875000e-01 1.08750000e-01 1.10625000e-01 1.12500000e-01 1.14375000e-01 1.16250000e-01 1.18125000e-01 1.20000000e-01 1.21875000e-01 1.23750000e-01 1.25625000e-01 1.27500000e-01 1.29375000e-01 1.31250000e-01 1.33125000e-01 1.35000000e-01 1.36875000e-01 1.38750000e-01 1.40625000e-01 1.42500000e-01 1.44375000e-01 1.46250000e-01 1.48125000e-01 1.50000000e-01 1.51875000e-01 1.53750000e-01 1.55625000e-01 1.57500000e-01 1.59375000e-01 1.61250000e-01 1.63125000e-01 1.65000000e-01 1.66875000e-01 1.68750000e-01 1.70625000e-01 1.72500000e-01 1.74375000e-01 1.76250000e-01 1.78125000e-01 1.80000000e-01 1.81875000e-01 1.83750000e-01 1.85625000e-01 1.87500000e-01 1.89375000e-01 1.91250000e-01 1.93125000e-01 1.95000000e-01 1.96875000e-01 1.98750000e-01 2.00625000e-01 2.02500000e-01 2.04375000e-01 2.06250000e-01 2.08125000e-01 2.10000000e-01 2.11875000e-01 2.13750000e-01 2.15625000e-01 2.17500000e-01 2.19375000e-01 2.21250000e-01 2.23125000e-01 2.25000000e-01 2.26875000e-01 2.28750000e-01 2.30625000e-01 2.32500000e-01 2.34375000e-01 2.36250000e-01 2.38125000e-01 2.40000000e-01 2.41875000e-01 2.43750000e-01 2.45625000e-01 2.47500000e-01 2.49375000e-01 2.51250000e-01 2.53125000e-01 2.55000000e-01 2.56875000e-01 2.58750000e-01 2.60625000e-01 2.62500000e-01 2.64375000e-01 2.66250000e-01 2.68125000e-01 2.70000000e-01 2.71875000e-01 2.73750000e-01 2.75625000e-01 2.77500000e-01 2.79375000e-01 2.81250000e-01 2.83125000e-01 2.85000000e-01 2.86875000e-01 2.88750000e-01 2.90625000e-01 2.92500000e-01 2.94375000e-01 2.96250000e-01 2.98125000e-01 3.00000000e-01

DATA
4.24628591e+17 4.40988932e+17 4.57760013e+17 4.74952405e+17 4.92579379e+17 5.10657509e+17 5.29207375e+17 5.48254368e+17 5.67829633e+17 5.87971141e+17 6.08724926e+17 6.30146488e+17 6.52302398e+17 6.75272099e+17 6.99149944e+17 7.24047463e+17 7.50095876e+17 7.77448858e+17 8.06285537e+17 8.36813705e+17 8.69273204e+17 9.03939408e+17 9.41126697e+17 9.81191790e+17 1.02453672e+18 1.07161117e+18 1.12291393e+18 1.17899288e+18 1.24044317e+18 1.30790299e+18 1.38204611e+18 1.46357087e+18 1.55318459e+18 1.65158317e+18 1.75942544e+18 1.87730232e+18 2.00570130e+18 2.14496747e+18 2.29526294e+18 2.45652745e+18 2.62844333e+18 2.81040889e+18 3.00152386e+18 3.20059059e+18 3.40613320e+18 3.61643568e+18 3.82959787e+18 4.04360622e+18 4.25641460e+18 4.46602922e+18 4.67059123e+18 4.86845142e+18 5.05823224e+18 5.23887442e+18 5.40966726e+18 5.57026336e+18 5.72068000e+18 5.86129023e+18 5.99280700e+18 6.11626356e+18 6.23299291e+18 6.34460853e+18 6.45298762e+18 6.56025775e+18 6.66878697e+18 6.78117692e+18 6.90025837e+18 7.02908787e+18 7.17094465e+18 7.32932612e+18 7.50794091e+18 7.71069795e+18 7.94169051e+18 8.20517379e+18 8.50553530e+18 8.84725702e+18 9.23486863e+18 9.67289158e+18 1.01657736e+19 1.07178138e+19 1.13330794e+19 1.20153138e+19 1.27678381e+19 1.35934474e+19 1.44943040e+19 1.54718287e+19 1.65265949e+19 1.76582258e+19 1.88653004e+19 2.01452696e+19 2.14943861e+19 2.29076520e+19 2.43787866e+19 2.59002170e+19 2.74630936e+19 2.90573336e+19 3.06716920e+19 3.22938615e+19 3.39106006e+19 3.55078897e+19 3.70711117e+19 3.85852549e+19 4.00351358e+19 4.14056351e+19 4.26819439e+19 4.38498140e+19 4.48958057e+19 4.58075291e+19 4.65738704e+19 4.71851994e+19 4.76335522e+19 4.79127843e+19 4.80186893e+19 4.79490820e+19 4.77038410e+19 4.72849119e+19 4.66962703e+19 4.59438443e+19 4.50354015e+19 4.39804004e+19 4.27898126e+19
5.72231449e+17 5.94500134e+17 6.17335179e+17 6.40750991e+17 6.64765616e+17 6.89401558e+17 7.14686734e+17 7.40655572e+17 7.67350291e+17 7.94822361e+17 8.23134184e+17 8.52361013e+17 8.82593128e+17 9.13938298e+17 9.46524554e+17 9.80503280e+17 1.01605264e+18 1.05338135e+18 1.09273277e+18 1.13438927e+18 1.17867688e+18 1.22596999e+18 1.27669616e+18 1.33134063e+18 1.39045040e+18 1.45463745e+18 1.52458065e+18 1.60102590e+18 1.68478356e+18 1.77672271e+18 1.87776109e+18 1.98884997e+18 2.11095303e+18 2.24501850e+18 2.39194423e+18 2.55253559e+18 2.72745706e+18 2.91717902e+18 3.12192242e+18 3.34160492e+18 3.57579304e+18 3.82366566e+18 4.08399409e+18 4.35514338e+18 4.63509828e+18 4.92151487e+18 5.21179661e+18 5.50319055e+18 5.79289720e+18 6.07818593e+18 6.35650735e+18 6.62559470e+18 6.88354803e+18 7.12889731e+18 7.36064315e+18 7.57827634e+18 7.78177899e+18 7.97161166e+18 8.14869081e+18 8.31436119e+18 8.47036687e+18 8.61882386e+18 8.76219624e+18 8.90327694e+18 9.04517318e+18 9.19129621e+18 9.34535437e+18 9.51134792e+18 9.69356430e+18 9.89657198e+18 1.01252110e+19 1.03845789e+19 1.06800095e+19 1.10170445e+19 1.14013949e+19 1.18388918e+19 1.23354265e+19 1.28968778e+19 1.35290277e+19 1.42374645e+19 1.50274746e+19 1.59039244e+19 1.68711327e+19 1.79327363e+19 1.90915521e+19 2.03494365e+19 2.17071484e+19 2.31642162e+19 2.47188164e+19 2.63676644e+19 2.81059248e+19 2.99271432e+19 3.18232044e+19 3.37843204e+19 3.57990509e+19 3.78543593e+19 3.99357045e+19 4.20271703e+19 4.41116320e+19 4.61709573e+19 4.81862406e+19 5.01380659e+19 5.20067946e+19 5.37728710e+19 5.54171416e+19 5.69211780e+19 5.82675984e+19 5.94403791e+19 6.04251478e+19 6.12094520e+19 6.17829954e+19 6.21378354e+19 6.22685375e+19 6.21722818e+19 6.18489190e+19 6.13009737e+19 6.05335965e+19 5.95544644e+19 5.83736334e+19 5.70033467e+19 5.54578048e+19
7.70441782e+17 8.00734401e+17 8.31808039e+17 8.63682359e+17 8.96381925e+17 9.29937316e+17 9.64386418e+17 9.99775927e+17 1.03616308e+18 1.07361763e+18 1.11222418e+18 1.15208473e+18 1.19332170e+18 1.23608123e+18 1.28053702e+18 1.32689448e+18 1.37539544e+18 1.42632329e+18 1.48000853e+18 1.53683479e+18 1.59724509e+18 1.66174834e+18 1.73092586e+18 1.80543756e+18 1.88602747e+18 1.97352826e+18 2.06886378e+18 2.17304929e+18 2.28718805e+18 2.41246345e+18 2.55012539e+18 2.70146968e+18 2.86780928e+18 3.05043637e+18 3.25057470e+18 3.46932222e+18 3.70758512e+18 3.96600516e+18 4.24488420e+18 4.54411061e+18 4.86309387e+18 5.20071464e+18 5.55529719e+18 5.92461098e+18 6.30590559e+18 6.69598079e+18 7.09128980e+18 7.48806997e+18 7.88249218e+18 8.27081774e+18 8.64955111e+18 9.01557770e+18 9.36627805e+18 9.69961333e+18 1.00141802e+19 1.03092367e+19 1.05847030e+19 1.08411425e+19 1.10797307e+19 1.13022159e+19 1.15108783e+19 1.17084919e+19 1.18982898e+19 1.20839376e+19 1.22695113e+19 1.24594825e+19 1.26587081e+19 1.28724220e+19 1.31062281e+19 1.33660922e+19 1.36583285e+19 1.39895819e+19 1.43668004e+19 1.47971977e+19 1.52882039e+19 1.58474020e+19 1.64824503e+19 1.72009889e+19 1.80105302e+19 1.89183343e+19 1.99312694e+19 2.10556585e+19 2.22971150e+19 2.36603692e+19 2.51490895e+19 2.67657014e+19 2.85112097e+19 3.03850275e+19 3.23848180e+19 3.45063551e+19 3.67434058e+19 3.90876433e+19 4.15285923e+19 4.40536141e+19 4.66479328e+19 4.92947077e+19 5.19751525e+19 5.46687027e+19 5.73532303e+19 6.00053048e+19 6.26004952e+19 6.51137106e+19 6.75195721e+19 6.97928081e+19 7.19086666e+19 7.38433333e+19 7.55743473e+19 7.70810032e+19 7.83447308e+19 7.93494421e+19 8.00818365e+19 8.05316563e+19 8.06918864e+19 8.05588915e+19 8.01324886e+19 7.94159512e+19 7.84159472e+19 7.71424098e+19 7.56083470e+19 7.38295940e+19 7.18245146e+19
1.03611722e+18 1.07728983e+18 1.11953926e+18 1.16289237e+18 1.20738265e+18 1.25305165e+18 1.29995082e+18 1.34814347e+18 1.39770720e+18 1.44873655e+18 1.50134613e+18 1.55567418e+18 1.61188660e+18 1.67018150e+18 1.73079437e+18 1.79400382e+18 1.86013790e+18 1.92958118e+18 2.00278228e+18 2.08026207e+18 2.16262227e+18 2.25055427e+18 2.34484802e+18 2.44640051e+18 2.55622336e+18 2.67544893e+18 2.80533394e+18 2.94725970e+18 3.10272763e+18 3.27334855e+18 3.46082420e+18 3.66691921e+18 3.89342200e+18 4.14209313e+18 4.41460042e+18 4.71244080e+18 5.03685030e+18 5.38870514e+18 5.76841858e+18 6.17584053e+18 6.61016819e+18 7.06987754e+18 7.55268552e+18 8.05555157e+18 8.57472472e+18 9.10583855e+18 9.64405123e+18 1.01842231e+19 1.07211195e+19 1.12496244e+19 1.17649473e+19 1.22628110e+19 1.27396065e+19 1.31925084e+19 1.36195492e+19 1.40196536e+19 1.43926384e+19 1.47391860e+19 1.50607996e+19 1.53597487e+19 1.56390124e+19 1.59022241e+19 1.61536244e+19 1.63980211e+19 1.66407590e+19 1.68876973e+19 1.71451940e+19 1.74200940e+19 1.77197185e+19 1.80518537e+19 1.84247330e+19 1.88470133e+19 1.93277395e+19 1.98762962e+19 2.05023439e+19 2.12157373e+19 2.20264250e+19 2.29443289e+19 2.39792031e+19 2.51404734e+19 2.64370565e+19 2.78771626e+19 2.94680832e+19 3.12159673e+19 3.31255899e+19 3.52001191e+19 3.74408861e+19 3.98471644e+19 4.24159663e+19 4.51418614e+19 4.80168266e+19 5.10301326e+19 5.41682742e+19 5.74149501e+19 6.07510982e+19 6.41549882e+19 6.76023762e+19 7.10667206e+19 7.45194601e+19 7.79303500e+19 8.12678534e+19 8.44995808e+19 8.75927700e+19 9.05147978e+19 9.32337116e+19 9.57187698e+19 9.79409789e+19 9.98736127e+19 1.01492703e+20 1.02777486e+20 1.03710799e+20 1.04279409e+20 1.04474270e+20 1.04290702e+20 1.03728481e+20 1.02791847e+20 1.01489425e+20 9.98340530e+19 9.78425414e+19 9.55353495e+19 9.29362012e+19
1.39139509e+18 1.44729031e+18 1.50466936e+18 1.56356900e+18 1.62403485e+18 1.68612343e+18 1.74990456e+18 1.81546412e+18 1.88290724e+18 1.95236197e+18 2.02398353e+18 2.09795911e+18 2.17451338e+18 2.25391468e+18 2.33648205e+18 2.42259302e+18 2.51269227e+18 2.60730120e+18 2.70702827e+18 2.81258014e+18 2.92477333e+18 3.04454639e+18 3.17297192e+18 3.31126820e+18 3.46080958e+18 3.62313483e+18 3.79995215e+18 3.99313960e+18 4.20473903e+18 4.43694161e+18 4.69206280e+18 4.97250429e+18 5.28070081e+18 5.61904996e+18 5.98982386e+18 6.39506284e+18 6.83645278e+18 7.31519034e+18 7.83184239e+18 8.38620888e+18 8.97720089e+18 9.60274679e+18 1.02597401e+19 1.09440407e+19 1.16505387e+19 1.23732822e+19 1.31056675e+19 1.38406802e+19 1.45711704e+19 1.52901428e+19 1.59910380e+19 1.66679872e+19 1.73160222e+19 1.79312323e+19 1.85108641e+19 1.90533672e+19 1.95583926e+19 2.00267552e+19 2.04603713e+19 2.08621823e+19 2.12360748e+19 2.15868043e+19 2.19199274e+19 2.22417460e+19 2.25592633e+19 2.28801513e+19 2.32127275e+19 2.35659370e+19 2.39493380e+19 2.43730847e+19 2.48479047e+19 2.53850669e+19 2.59963364e+19 2.66939113e+19 2.74903410e+19 2.83984207e+19 2.94310624e+19 3.06011395e+19 3.19213050e+19 3.34037846e+19 3.50601439e+19 3.69010343e+19 3.89359187e+19 4.11727832e+19 4.36178394e+19 4.62752232e+19 4.91466984e+19 5.22313727e+19 5.55254342e+19 5.90219185e+19 6.27105145e+19 6.65774183e+19 7.06052436e+19 7.47729961e+19 7.90561181e+19 8.34266091e+19 8.78532247e+19 9.23017559e+19 9.67353871e+19 1.01115131e+20 1.05400332e+20 1.09549235e+20 1.13519602e+20 1.17269377e+20 1.20757366e+20 1.23943938e+20 1.26791716e+20 1.29266248e+20 1.31336639e+20 1.32976129e+20 1.34162599e+20 1.34879001e+20 1.35113686e+20 1.34860636e+20 1.34119580e+20 1.32896005e+20 1.31201049e+20 1.29051287e+20 1.26468415e+20 1.23478832e+20 1.20113147e+20
1.86511989e+18 1.94088547e+18 2.01869374e+18 2.09859500e+18 2.18065145e+18 2.26493996e+18 2.35155527e+18 2.44061377e+18 2.53225780e+18 2.62666066e+18 2.72403233e+18 2.82462606e+18 2.92874577e+18 3.03675451e+18 3.14908401e+18 3.26624524e+18 3.38884025e+18 3.51757513e+18 3.65327412e+18 3.79689472e+18 3.94954370e+18 4.11249355e+18 4.28719895e+18 4.47531264e+18 4.67869961e+18 4.89944853e+18 5.13987873e+18 5.40254085e+18 5.69020875e+18 6.00586001e+18 6.35264198e+18 6.73382024e+18 7.15270642e+18 7.61256287e+18 8.11648264e+18 8.66724487e+18 9.26714800e+18 9.91782628e+18 1.06200583e+19 1.13735800e+19 1.21769184e+19 1.30272630e+19 1.39203938e+19 1.48506825e+19 1.58111772e+19 1.67937762e+19 1.77894844e+19 1.87887409e+19 1.97817916e+19 2.07590831e+19 2.17116448e+19 2.26314335e+19 2.35116192e+19 2.43467969e+19 2.51331216e+19 2.58683685e+19 2.65519303e+19 2.71847632e+19 2.77693004e+19 2.83093458e+19 2.88099624e+19 2.92773657e+19 2.97188285e+19 3.01426020e+19 3.05578529e+19 3.09746166e+19 3.14037629e+19 3.18569701e+19 3.23467034e+19 3.28861914e+19 3.34893958e+19 3.41709699e+19 3.49461989e+19 3.58309198e+19 3.68414153e+19 3.79942786e+19 3.93062471e+19 4.07940030e+19 4.24739396e+19 4.43618946e+19 4.64728512e+19 4.88206106e+19 5.14174395e+19 5.42736989e+19 5.73974607e+19 6.07941200e+19 6.44660140e+19 6.84120559e+19 7.26273959e+19 7.71031214e+19 8.18260070e+19 8.67783266e+19 9.19377378e+19 9.72772495e+19 1.02765279e+20 1.08365809e+20 1.14038642e+20 1.19739760e+20 1.25421788e+20 1.31034553e+20 1.36525732e+20 1.41841583e+20 1.46927748e+20 1.51730094e+20 1.56195603e+20 1.60273269e+20 1.63914988e+20 1.67076421e+20 1.69717811e+20 1.71804724e+20 1.73308705e+20 1.74207825e+20 1.74487111e+20 1.74138835e+20 1.73162675e+20 1.71565717e+20 1.69362326e+20 1.66573866e+20 1.63228290e+20 1.59359610e+20 1.55007255e+20
2.49450363e+18 2.59699816e+18 2.70230055e+18 2.81047966e+18 2.92162030e+18 3.03582691e+18 3.15322797e+18 3.27398106e+18 3.39827869e+18 3.52635510e+18 3.65849397e+18 3.79503739e+18 3.93639586e+18 4.08305982e+18 4.23561253e+18 4.39474448e+18 4.56126940e+18 4.73614194e+18 4.92047675e+18 5.11556917e+18 5.32291684e+18 5.54424221e+18 5.78151493e+18 6.03697350e+18 6.31314467e+18 6.61285906e+18 6.93926083e+18 7.29580874e+18 7.68626539e+18 8.11467096e+18 8.58529739e+18 9.10257863e+18 9.67101287e+18 1.02950333e+19 1.09788454e+19 1.17262304e+19 1.25403190e+19 1.34233419e+19 1.43763694e+19 1.53990568e+19 1.64894178e+19 1.76436485e+19 1.88560289e+19 2.01189222e+19 2.14228888e+19 2.27569198e+19 2.41087848e+19 2.54654735e+19 2.68137018e+19 2.81404444e+19 2.94334530e+19 3.06817232e+19 3.18758817e+19 3.30084726e+19 3.40741396e+19 3.50697066e+19 3.59941713e+19 3.68486304e+19 3.76361589e+19 3.83616628e+19 3.90317240e+19 3.96544522e+19 4.02393514e+19 4.07972087e+19 4.13400054e+19 4.18808496e+19 4.24339266e+19 4.30144611e+19 4.36386862e+19 4.43238106e+19 4.50879786e+19 4.59502150e+19 4.69303486e+19 4.80489084e+19 4.93269877e+19 5.07860706e+19 5.24478186e+19 5.43338146e+19 5.64652632e+19 5.88626480e+19 6.15453483e+19 6.45312182e+19 6.78361344e+19 7.14735186e+19 7.54538459e+19 7.97841462e+19 8.44675150e+19 8.95026423e+19 9.48833781e+19 1.00598347e+20 1.06630625e+20 1.12957503e+20 1.19550334e+20 1.26374491e+20 1.33389448e+20 1.40548970e+20 1.47801450e+20 1.55090372e+20 1.62354898e+20 1.69530593e+20 1.76550259e+20 1.83344875e+20 1.89844619e+20 1.95979965e+20 2.01682817e+20 2.06887663e+20 2.11532719e+20 2.15561044e+20 2.18921578e+20 2.21570107e+20 2.23470099e+20 2.24593406e+20 2.24920820e+20 2.24442443e+20 2.23157893e+20 2.21076307e+20 2.18216172e+20 2.14604970e+20 2.10278648e+20 2.05280935e+20 1.99662517e+20
3.32694702e+18 3.46524578e+18 3.60739618e+18 3.75349244e+18 3.90365008e+18 4.05801090e+18 4.21674890e+18 4.38007708e+18 4.54825539e+18 4.72159983e+18 4.90049297e+18 5.08539594e+18 5.27686209e+18 5.47555253e+18 5.68225355e+18 5.89789620e+18 6.12357794e+18 6.36058661e+18 6.61042636e+18 6.87484560e+18 7.15586653e+18 7.45581551e+18 7.77735370e+18 8.12350639e+18 8.49768952e+18 8.90373106e+18 9.34588432e+18 9.82882970e+18 1.03576604e+19 1.09378473e+19 1.15751770e+19 1.22756581e+19 1.30453887e+19 1.38903819e+19 1.48163453e+19 1.58284152e+19 1.69308495e+19 1.81266899e+19 1.94174075e+19 2.08025583e+19 2.22794735e+19 2.38430203e+19 2.54854659e+19 2.71964747e+19 2.89632600e+19 3.07708982e+19 3.26027974e+19 3.44412942e+19 3.62683368e+19 3.80662056e+19 3.98182137e+19 4.15093391e+19 4.31267471e+19 4.46601784e+19 4.61021939e+19 4.74482820e+19 4.86968482e+19 4.98491110e+19 5.09089345e+19 5.18826251e+19 5.27787175e+19 5.36077681e+19 5.43821704e+19 5.51159984e+19 5.58248814e+19 5.65259079e+19 5.72375545e+19 5.79796311e+19 5.87732368e+19 5.96407145e+19 6.06055974e+19 6.16925369e+19 6.29272036e+19 6.43361546e+19 6.59466586e+19 6.77864744e+19 6.98835773e+19 7.22658320e+19 7.49606083e+19 7.79943432e+19 8.13920493e+19 8.51767761e+19 8.93690305e+19 9.39861654e+19 9.90417491e+19 1.04544927e+20 1.10499796e+20 1.16904795e+20 1.23752159e+20 1.31027411e+20 1.38708964e+20 1.46767803e+20 1.55167297e+20 1.63863148e+20 1.72803485e+20 1.81929122e+20 1.91173977e+20 2.00465669e+20 2.09726282e+20 2.18873278e+20 2.27820578e+20 2.36479761e+20 2.44761383e+20 2.52576372e+20 2.59837490e+20 2.66460810e+20 2.72367185e+20 2.77483670e+20 2.81744867e+20 2.85094144e+20 2.87484719e+20 2.88880559e+20 2.89257086e+20 2.88601657e+20 2.86913822e+20 2.84205336e+20 2.80499934e+20 2.75832877e+20 2.70250276e+20 2.63808211e+20 2.56571680e+20
4.42185262e+18 4.60786049e+18 4.79913703e+18 4.99581103e+18 5.19803958e+18 5.40601489e+18 5.61997211e+18 5.84019859e+18 6.06704452e+18 6.30093516e+18 6.54238508e+18 6.79201426e+18 7.05056658e+18 7.31893074e+18 7.59816380e+18 7.88951759e+18 8.19446807e+18 8.51474756e+18 8.85238000e+18 9.20971866e+18 9.58948612e+18 9.99481553e+18 1.04292920e+19 1.08969927e+19 1.14025226e+19 1.19510439e+19 1.25482944e+19 1.32005900e+19 1.39148064e+19 1.46983314e+19 1.55589827e+19 1.65048810e+19 1.75442719e+19 1.86852909e+19 1.99356651e+19 2.13023551e+19 2.27911396e+19 2.44061578e+19 2.61494316e+19 2.80203965e+19 3.00154830e+19 3.21277903e+19 3.43468995e+19 3.66588671e+19 3.90464259e+19 4.14894069e+19 4.39653685e+19 4.64503996e+19 4.89200411e+19 5.13502564e+19 5.37183770e+19 5.60039554e+19 5.81894696e+19 6.02608465e+19 6.22077915e+19 6.40239313e+19 6.57067973e+19 6.72576817e+19 6.86814074e+19 6.99860481e+19 7.11826338e+19 7.22848660e+19 7.33088609e+19 7.42729320e+19 7.51974146e+19 7.61045293e+19 7.70182808e+19 7.79643800e+19 7.89701806e+19 8.00646174e+19 8.12781342e+19 8.26425897e+19 8.41911308e+19 8.59580213e+19 8.79784196e+19 9.02880952e+19 9.29230806e+19 9.59192529e+19 9.93118443e+19 1.03134883e+20 1.07420566e+20 1.12198569e+20 1.17495312e+20 1.23333173e+20 1.29729683e+20 1.36696714e+20 1.44239677e+20 1.52356749e+20 1.61038161e+20 1.70265571e+20 1.80011534e+20 1.90239109e+20 2.00901619e+20 2.11942577e+20 2.23295817e+20 2.34885813e+20 2.46628228e+20 2.58430668e+20 2.70193656e+20 2.81811812e+20 2.93175223e+20 3.04170981e+20 3.14684866e+20 3.24603135e+20 3.33814381e+20 3.42211431e+20 3.49693215e+20 3.56166591e+20 3.61548055e+20 3.65765307e+20 3.68758630e+20 3.70482044e+20 3.70904201e+20 3.70009006e+20 3.67795940e+20 3.64280074e+20 3.59491790e+20 3.53476190e+20 3.46292236e+20 3.38011625e+20 3.28717444e+20
5.85211357e+18 6.10127900e+18 6.35762522e+18 6.62132786e+18 6.89260014e+18 7.17170187e+18 7.45895006e+18 7.75473117e+18 8.05951548e+18 8.37387348e+18 8.69849493e+18 9.03421056e+18 9.38201688e+18 9.74310427e+18 1.01188887e+19 1.05110472e+19 1.09215576e+19 1.13527416e+19 1.18073125e+19 1.22884262e+19 1.27997347e+19 1.33454425e+19 1.39303618e+19 1.45599672e+19 1.52404444e+19 1.59787297e+19 1.67825355e+19 1.76603548e+19 1.86214361e+19 1.96757214e+19 2.08337351e+19 2.21064148e+19 2.35048720e+19 2.50400766e+19 2.67224559e+19 2.85614126e+19 3.05647656e+19 3.27381338e+19 3.50842904e+19 3.76025310e+19 4.02881061e+19 4.31317790e+19 4.61195704e+19 4.92327442e+19 5.24480743e+19 5.57384062e+19 5.90735008e+19 6.24211105e+19 6.57482171e+19 6.90223352e+19 7.22127840e+19 7.52918331e+19 7.82356514e+19 8.10250101e+19 8.36457244e+19 8.60888452e+19 8.83506330e+19 9.04323605e+19 9.23399977e+19 9.40838298e+19 9.56780530e+19 9.71403838e+19 9.84917050e+19 9.97557650e+19 1.00958932e+20 1.02130005e+20 1.03300068e+20 1.04502379e+20 1.05772286e+20 1.07147135e+20 1.08666180e+20 1.10370455e+20 1.12302618e+20 1.14506726e+20 1.17027955e+20 1.19912239e+20 1.23205831e+20 1.26954764e+20 1.31204235e+20 1.35997893e+20 1.41377041e+20 1.47379759e+20 1.54039966e+20 1.61386425e+20 1.69441721e+20 1.78221219e+20 1.87732049e+20 1.97972121e+20 2.08929223e+20 2.20580218e+20 2.32890370e+20 2.45812848e+20 2.59288415e+20 2.73245343e+20 2.87599569e+20 3.02255110e+20 3.17104759e+20 3.32031046e+20 3.46907479e+20 3.61600045e+20 3.75968954e+20 3.89870602e+20 4.03159708e+20 4.15691594e+20 4.27324557e+20 4.37922273e+20 4.47356190e+20 4.55507843e+20 4.62271032e+20 4.67553818e+20 4.71280277e+20 4.73391965e+20 4.73849061e+20 4.72631158e+20 4.69737668e+20 4.65187847e+20 4.59020430e+20 4.51292885e+20 4.42080316e+20 4.31474031e+20 4.19579824e+20
7.70476212e+18 8.03686316e+18 8.37870562e+18 8.73052837e+18 9.09261981e+18 9.46532997e+18 9.84908457e+18 1.02444014e+19 1.06519095e+19 1.10723709e+19 1.15067064e+19 1.19560241e+19 1.24216530e+19 1.29051806e+19 1.34084949e+19 1.39338324e+19 1.44838311e+19 1.50615885e+19 1.56707254e+19 1.63154542e+19 1.70006517e+19 1.77319333e+19 1.85157291e+19 1.93593566e+19 2.02710862e+19 2.12601960e+19 2.23370055e+19 2.35128833e+19 2.48002141e+19 2.62123168e+19 2.77632970e+19 2.94678212e+19 3.13407980e+19 3.33969550e+19 3.56503039e+19 3.81134938e+19 4.07970624e+19 4.37086087e+19 4.68519271e+19 5.02261567e+19 5.38250176e+19 5.76362134e+19 6.16410832e+19 6.58145762e+19 7.01256016e+19 7.45377756e+19 7.90105441e+19 8.35006210e+19 8.79636410e+19 9.23559038e+19 9.66360759e+19 1.00766725e+20 1.04715593e+20 1.08456531e+20 1.11970099e+20 1.15243814e+20 1.18272117e+20 1.21056099e+20 1.23603078e+20 1.25926076e+20 1.28043273e+20 1.29977467e+20 1.31755596e+20 1.33408323e+20 1.34969691e+20 1.36476866e+20 1.37969930e+20 1.39491725e+20 1.41087734e+20 1.42805960e+20 1.44696800e+20 1.46812887e+20 1.49208880e+20 1.51941189e+20 1.55067614e+20 1.58646888e+20 1.62738123e+20 1.67400130e+20 1.72690642e+20 1.78665403e+20 1.85377169e+20 1.92874596e+20 2.01201048e+20 2.10393344e+20 2.20480456e+20 2.31482198e+20 2.43407932e+20 2.56255333e+20 2.70009232e+20 2.84640608e+20 3.00105734e+20 3.16345548e+20 3.33285257e+20 3.50834233e+20 3.68886208e+20 3.87319806e+20 4.05999419e+20 4.24776428e+20 4.43490774e+20 4.61972864e+20 4.80045780e+20 4.97527762e+20 5.14234920e+20 5.29984123e+20 5.44596004e+20 5.57898006e+20 5.69727413e+20 5.79934282e+20 5.88384206e+20 5.94960840e+20 5.99568119e+20 6.02132124e+20 6.02602518e+20 6.00953555e+20 5.97184586e+20 5.91320099e+20 5.83409245e+20 5.73524903e+20 5.61762279e+20 5.48237099e+20 5.33083429e+20
1.00800316e+19 1.05199697e+19 1.09730466e+19 1.14395855e+19 1.19199750e+19 1.24146844e+19 1.29242827e+19 1.34494603e+19 1.39910541e+19 1.45500768e+19 1.51277508e+19 1.57255464e+19 1.63452262e+19 1.69888951e+19 1.76590567e+19 1.83586767e+19 1.90912535e+19 1.98608960e+19 2.06724085e+19 2.15313818e+19 2.24442902e+19 2.34185917e+19 2.44628286e+19 2.55867258e+19 2.68012789e+19 2.81188273e+19 2.95531015e+19 3.11192329e+19 3.28337134e+19 3.47142860e+19 3.67797510e+19 3.90496667e+19 4.15439260e+19 4.42821948e+19 4.72832001e+19 5.05638691e+19 5.41383307e+19 5.80168134e+19 6.22044873e+19 6.67003285e+19 7.14960949e+19 7.65755237e+19 8.19138597e+19 8.74778116e+19 9.32260097e+19 9.91099903e+19 1.05075684e+20 1.11065324e+20 1.17019642e+20 1.22880190e+20 1.28591601e+20 1.34103640e+20 1.39372890e+20 1.44364009e+20 1.49050520e+20 1.53415146e+20 1.57449756e+20 1.61155005e+20 1.64539755e+20 1.67620374e+20 1.70419994e+20 1.72967786e+20 1.75298303e+20 1.77450915e+20 1.79469344e+20 1.81401295e+20 1.83298178e+20 1.85214894e+20 1.87209658e+20 1.89343844e+20 1.91681817e+20 1.94290727e+20 1.97240243e+20 2.00602206e+20 2.04450169e+20 2.08858834e+20 2.13903340e+20 2.19658422e+20 2.26197423e+20 2.33591160e+20 2.41906657e+20 2.51205749e+20 2.61543588e+20 2.72967054e+20 2.85513130e+20 2.99207242e+20 3.14061634e+20 3.30073809e+20 3.47225080e+20 3.65479293e+20 3.84781758e+20 4.05058450e+20 4.26215520e+20 4.48139157e+20 4.70695837e+20 4.93732995e+20 5.17080126e+20 5.40550325e+20 5.63942268e+20 5.87042613e+20 6.09628777e+20 6.31472072e+20 6.52341121e+20 6.72005492e+20 6.90239483e+20 7.06825968e+20 7.21560205e+20 7.34253532e+20 7.44736848e+20 7.52863794e+20 7.58513548e+20 7.61593165e+20 7.62039401e+20 7.59819965e+20 7.54934175e+20 7.47412988e+20 7.37318415e+20 7.24742338e+20 7.09804745e+20 6.92651451e+20 6.73451358e+20
1.30878925e+19 1.36663826e+19 1.42624676e+19 1.48765831e+19 1.55092493e+19 1.61610918e+19 1.68328665e+19 1.75254881e+19 1.82400631e+19 1.89779287e+19 1.97406966e+19 2.05303048e+19 2.13490750e+19 2.21997792e+19 2.30857142e+19 2.40107855e+19 2.49796005e+19 2.59975719e+19 2.70710295e+19 2.82073419e+19 2.94150445e+19 3.07039730e+19 3.20853970e+19 3.35721507e+19 3.51787511e+19 3.69214955e+19 3.88185258e+19 4.08898437e+19 4.31572581e+19 4.56442441e+19 4.83756880e+19 5.13774941e+19 5.46760270e+19 5.82973705e+19 6.22663876e+19 6.66055819e+19 7.13337772e+19 7.64646561e+19 8.20052263e+19 8.79543109e+19 9.43011872e+19 1.01024515e+20 1.08091699e+20 1.15458822e+20 1.23071235e+20 1.30864846e+20 1.38768078e+20 1.46704384e+20 1.54595144e+20 1.62362732e+20 1.69933506e+20 1.77240518e+20 1.84225750e+20 1.90841777e+20 1.97052810e+20 2.02835142e+20 2.08177074e+20 2.13078433e+20 2.17549797e+20 2.21611560e+20 2.25292931e+20 2.28630970e+20 2.31669694e+20 2.34459316e+20 2.37055610e+20 2.39519411e+20 2.41916232e+20 2.44315962e+20 2.46792634e+20 2.49424209e+20 2.52292358e+20 2.55482194e+20 2.59081941e+20 2.63182492e+20 2.67876840e+20 2.73259368e+20 2.79424966e+20 2.86467979e+20 2.94480973e+20 3.03553319e+20 3.13769612e+20 3.25207927e+20 3.37937951e+20 3.52019001e+20 3.67497984e+20 3.84407335e+20 4.02762976e+20 4.22562370e+20 4.43782711e+20 4.66379325e+20 4.90284335e+20 5.15405663e+20 5.41626418e+20 5.68804721e+20 5.96774028e+20 6.25343956e+20 6.54301671e+20 6.83413812e+20 7.12428970e+20 7.41080689e+20 7.69090944e+20 7.96174060e+20 8.22040987e+20 8.46403845e+20 8.68980660e+20 8.89500169e+20 9.07706589e+20 9.23364234e+20 9.36261874e+20 9.46216706e+20 9.53077853e+20 9.56729290e+20 9.57092124e+20 9.54126157e+20 9.47830706e+20 9.38244638e+20 9.25445643e+20 9.09548746e+20 8.90704102e+20 8.69094148e+20 8.44930167e+20
1.68410990e+19 1.75950899e+19 1.83724423e+19 1.91737385e+19 1.99996700e+19 2.08510649e+19 2.17289198e+19 2.26344374e+19 2.35690692e+19 2.45345666e+19 2.55330383e+19 2.65670174e+19 2.76395373e+19 2.87542185e+19 2.99153664e+19 3.11280811e+19 3.23983803e+19 3.37333340e+19 3.51412126e+19 3.66316463e+19 3.82157936e+19 3.99065169e+19 4.17185595e+19 4.36687175e+19 4.57759967e+19 4.80617423e+19 5.05497254e+19 5.32661652e+19 5.62396635e+19 5.95010223e+19 6.30829125e+19 6.70193618e+19 7.13450267e+19 7.60942222e+19 8.12996920e+19 8.69911150e+19 9.31933731e+19 9.99246319e+19 1.07194323e+20 1.15001157e+20 1.23331324e+20 1.32157081e+20 1.41435892e+20 1.51110329e+20 1.61108822e+20 1.71347337e+20 1.81731930e+20 1.92162025e+20 2.02534213e+20 2.12746266e+20 2.22701060e+20 2.32310124e+20 2.41496587e+20 2.50197354e+20 2.58364481e+20 2.65965762e+20 2.72984631e+20 2.79419519e+20 2.85282835e+20 2.90599722e+20 2.95406736e+20 2.99750552e+20 3.03686780e+20 3.07278941e+20 3.10597617e+20 3.13719769e+20 3.16728220e+20 3.19711244e+20 3.22762248e+20 3.25979487e+20 3.29465776e+20 3.33328154e+20 3.37677460e+20 3.42627788e+20 3.48295781e+20 3.54799748e+20 3.62258575e+20 3.70790420e+20 3.80511187e+20 3.91532775e+20 4.03961113e+20 4.17894012e+20 4.33418836e+20 4.50610059e+20 4.69526730e+20 4.90209915e+20 5.12680179e+20 5.36935157e+20 5.62947326e+20 5.90662009e+20 6.19995733e+20 6.50834982e+20 6.83035443e+20 7.16421792e+20 7.50788085e+20 7.85898801e+20 8.21490545e+20 8.57274448e+20 8.92939237e+20 9.28154958e+20 9.62577291e+20 9.95852413e+20 1.02762229e+21 1.05753034e+21 1.08522727e+21 1.11037706e+21 1.13266288e+21 1.15179279e+21 1.16750518e+21 1.17957368e+21 1.18781146e+21 1.19207495e+21 1.19226655e+21 1.18833666e+21 1.18028466e+21 1.16815895e+21 1.15205604e+21 1.13211872e+21 1.10853334e+21 1.08152622e+21 1.05135944e+21
2.14441247e+19 2.24167416e+19 2.34200642e+19 2.44548638e+19 2.55220520e+19 2.66227151e+19 2.77581552e+19 2.89299391e+19 3.01399535e+19 3.13904707e+19 3.26842231e+19 3.40244904e+19 3.54151972e+19 3.68610264e+19 3.83675453e+19 3.99413492e+19 4.15902198e+19 4.33233015e+19 4.51512934e+19 4.70866569e+19 4.91438356e+19 5.13394841e+19 5.36926996e+19 5.62252460e+19 5.89617607e+19 6.19299251e+19 6.51605799e+19 6.86877573e+19 7.25486002e+19 7.67831290e+19 8.14338166e+19 8.65449273e+19 9.21615758e+19 9.83284718e+19 1.05088324e+20 1.12479904e+20 1.20535794e+20 1.29279891e+20 1.38724779e+20 1.48869140e+20 1.59695401e+20 1.71167876e+20 1.83231639e+20 1.95812359e+20 2.08817261e+20 2.22137274e+20 2.35650326e+20 2.49225593e+20 2.62728413e+20 2.76025494e+20 2.88990010e+20 3.01506216e+20 3.13473268e+20 3.24808075e+20 3.35447077e+20 3.45347015e+20 3.54484805e+20 3.62856698e+20 3.70476945e+20 3.77376171e+20 3.83599636e+20 3.89205536e+20 3.94263440e+20 3.98852933e+20 4.03062482e+20 4.06988537e+20 4.10734820e+20 4.14411787e+20 4.18136192e+20 4.22030715e+20 4.26223586e+20 4.30848163e+20 4.36042405e+20 4.41948193e+20 4.48710470e+20 4.56476153e+20 4.65392801e+20 4.75607015e+20 4.87262566e+20 5.00498250e+20 5.15445483e+20 5.32225658e+20 5.50947296e+20 5.71703042e+20 5.94566564e+20 6.19589403e+20 6.46797887e+20 6.76190155e+20 7.07733412e+20 7.41361488e+20 7.76972815e+20 8.14428905e+20 8.53553416e+20 8.94131896e+20 9.35912262e+20 9.78606080e+20 1.02189066e+21 1.06541201e+21 1.10878858e+21 1.15161587e+21 1.19347172e+21 1.23392225e+21 1.27252842e+21 1.30885292e+21 1.34246738e+21 1.37295971e+21 1.39994136e+21 1.42305431e+21 1.44197778e+21 1.45643420e+21 1.46619460e+21 1.47108300e+21 1.47097996e+21 1.46582486e+21 1.45561723e+21 1.44041674e+21 1.42034214e+21 1.39556895e+21 1.36632612e+21 1.33289168e+21 1.29558752e+21
2.69782592e+19 2.82180525e+19 2.94977344e+19 3.08183169e+19 3.21809888e+19 3.35871601e+19 3.50385147e+19 3.65370716e+19 3.80852568e+19 3.96859861e+19 4.13427615e+19 4.30597816e+19 4.48420677e+19 4.66956082e+19 4.86275217e+19 5.06462394e+19 5.27617105e+19 5.49856274e+19 5.73316736e+19 5.98157902e+19 6.24564598e+19 6.52750012e+19 6.82958689e+19 7.15469429e+19 7.50597969e+19 7.88699208e+19 8.30168726e+19 8.75443248e+19 9.24999649e+19 9.79352030e+19 1.03904632e+20 1.10465183e+20 1.17674927e+20 1.25591467e+20 1.34269889e+20 1.43760284e+20 1.54104853e+20 1.65334695e+20 1.77466430e+20 1.90498854e+20 2.04409905e+20 2.19154246e+20 2.34661796e+20 2.50837482e+20 2.67562441e+20 2.84696748e+20 3.02083616e+20 3.19554833e+20 3.36937050e+20 3.54058464e+20 3.70755361e+20 3.86878042e+20 4.02295745e+20 4.16900308e+20 4.30608471e+20 4.43362868e+20 4.55131868e+20 4.65908492e+20 4.75708695e+20 4.84569255e+20 4.92545525e+20 4.99709222e+20 5.06146391e+20 5.11955631e+20 5.17246609e+20 5.22138869e+20 5.26760898e+20 5.31249407e+20 5.35748756e+20 5.40410468e+20 5.45392748e+20 5.50859953e+20 5.56981942e+20 5.63933250e+20 5.71892040e+20 5.81038785e+20 5.91554650e+20 6.03619563e+20 6.17409935e+20 6.33096070e+20 6.50839246e+20 6.70788508e+20 6.93077217e+20 7.17819408e+20 7.45106018e+20 7.75001077e+20 8.07537955e+20 8.42715754e+20 8.80495972e+20 9.20799548e+20 9.63504403e+20 1.00844359e+21 1.05540416e+21 1.10412688e+21 1.15430675e+21 1.20559463e+21 1.25759975e+21 1.30989329e+21 1.36201295e+21 1.41346852e+21 1.46374832e+21 1.51232643e+21 1.55867058e+21 1.60225062e+21 1.64254721e+21 1.67906073e+21 1.71132010e+21 1.73889133e+21 1.76138554e+21 1.77846631e+21 1.78985617e+21 1.79534200e+21 1.79477918e+21 1.78809457e+21 1.77528794e+21 1.75643207e+21 1.73167139e+21 1.70121923e+21 1.66535371e+21 1.62441251e+21 1.57878648e+21
3.34846174e+19 3.50439629e+19 3.66544459e+19 3.83173781e+19 4.00342914e+19 4.18069945e+19 4.36376383e+19 4.55287935e+19 4.74835410e+19 4.95055763e+19 5.15993314e+19 5.37701140e+19 5.60242672e+19 5.83693520e+19 6.08143536e+19 6.33699133e+19 6.60485878e+19 6.88651360e+19 7.18368328e+19 7.49838086e+19 7.83294099e+19 8.19005750e+19 8.57282152e+19 8.98475861e+19 9.42986305e+19 9.91262648e+19 1.04380577e+20 1.10116893e+20 1.16395655e+20 1.23282059e+20 1.30845381e+20 1.39157915e+20 1.48293459e+20 1.58325285e+20 1.69323555e+20 1.81352171e+20 1.94465112e+20 2.08702361e+20 2.24085602e+20 2.40613972e+20 2.58260184e+20 2.76967437e+20 2.96647511e+20 3.17180414e+20 3.38415858e+20 3.60176682e+20 3.82264135e+20 4.04464733e+20 4.26558218e+20 4.48326012e+20 4.69559510e+20 4.90067604e+20 5.09682932e+20 5.28266537e+20 5.45710803e+20 5.61940727e+20 5.76913715e+20 5.90618222e+20 6.03071554e+20 6.14317185e+20 6.24421876e+20 6.33472843e+20 6.41575148e+20 6.48849405e+20 6.55429862e+20 6.61462852e+20 6.67105579e+20 6.72525170e+20 6.77897935e+20 6.83408732e+20 6.89250366e+20 6.95622925e+20 7.02732994e+20 7.10792656e+20 7.20018236e+20 7.30628718e+20 7.42843817e+20 7.56881660e+20 7.72956076e+20 7.91273479e+20 8.12029387e+20 8.35404579e+20 8.61560965e+20 8.90637221e+20 9.22744277e+20 9.57960750e+20 9.96328447e+20 1.03784805e+21 1.08247510e+21 1.13011649e+21 1.18062749e+21 1.23380952e+21 1.28940885e+21 1.34711617e+21 1.40656733e+21 1.46734516e+21 1.52898258e+21 1.59096683e+21 1.65274502e+21 1.71373072e+21 1.77331174e+21 1.83085875e+21 1.88573482e+21 1.93730547e+21 1.98494916e+21 2.02806794e+21 2.06609802e+21 2.09852003e+21 2.12486861e+21 2.14474127e+21 2.15780608e+21 2.16380823e+21 2.16257495e+21 2.15401909e+21 2.13814083e+21 2.11502782e+21 2.08485352e+21 2.04787388e+21 2.00442250e+21 1.95490426e+21 1.89978773e+21
4.09485249e+19 4.28811728e+19 4.48784323e+19 4.69419807e+19 4.90737665e+19 5.12760787e+19 5.35516281e+19 5.59036440e+19 5.83359859e+19 6.08532739e+19 6.34610394e+19 6.61658994e+19 6.89757553e+19 7.19000202e+19 7.49498764e+19 7.81385654e+19 8.14817117e+19 8.49976814e+19 8.87079756e+19 9.26376549e+19 9.68157924e+19 1.01275945e+20 1.06056634e+20 1.11201809e+20 1.16761286e+20 1.22791110e+20 1.29353805e+20 1.36518470e+20 1.44360635e+20 1.52961816e+20 1.62408688e+20 1.72791763e+20 1.84203515e+20 1.96735851e+20 2.10476886e+20 2.25507020e+20 2.41894350e+20 2.59689580e+20 2.78920630e+20 2.99587297e+20 3.21656387e+20 3.45057807e+20 3.69682135e+20 3.95380127e+20 4.21964510e+20 4.49214193e+20 4.76880833e+20 5.04697356e+20 5.32387883e+20 5.59678277e+20 5.86306511e+20 6.12032078e+20 6.36643821e+20 6.59965780e+20 6.81860886e+20 7.02232565e+20 7.21024502e+20 7.38218940e+20 7.53833930e+20 7.67919956e+20 7.80556315e+20 7.91847541e+20 8.01920101e+20 8.10919487e+20 8.19007774e+20 8.26361640e+20 8.33170802e+20 8.39636808e+20 8.45972080e+20 8.52399107e+20 8.59149695e+20 8.66464159e+20 8.74590371e+20 8.83782579e+20 8.94299910e+20 9.06404508e+20 9.20359258e+20 9.36425051e+20 9.54857581e+20 9.75903683e+20 9.99797210e+20 1.02675451e+21 1.05696953e+21 1.09060869e+21 1.12780555e+21 1.16865538e+21 1.21320990e+21 1.26147214e+21 1.31339172e+21 1.36886068e+21 1.42771001e+21 1.48970699e+21 1.55455364e+21 1.62188622e+21 1.69127613e+21 1.76223207e+21 1.83420363e+21 1.90658643e+21 1.97872852e+21 2.04993831e+21 2.11949368e+21 2.18665222e+21 2.25066247e+21 2.31077579e+21 2.36625881e+21 2.41640597e+21 2.46055203e+21 2.49808418e+21 2.52845341e+21 2.55118493e+21 2.56588731e+21 2.57226014e+21 2.57010000e+21 2.55930450e+21 2.53987444e+21 2.51191392e+21 2.47562835e+21 2.43132060e+21 2.37938518e+21 2.32030080e+21 2.25462135e+21
4.92898910e+19 5.16478801e+19 5.40862428e+19 5.66070933e+19 5.92128744e+19 6.19064412e+19 6.46911618e+19 6.75710338e+19 7.05508220e+19 7.36362174e+19 7.68340224e+19 8.01523638e+19 8.36009374e+19 8.71912867e+19 9.09371196e+19 9.48546650e+19 9.89630715e+19 1.03284849e+20 1.07846354e+20 1.12678312e+20 1.17816379e+20 1.23301726e+20 1.29181626e+20 1.35510041e+20 1.42348161e+20 1.49764855e+20 1.57836995e+20 1.66649578e+20 1.76295562e+20 1.86875337e+20 1.98495710e+20 2.11268304e+20 2.25307258e+20 2.40726130e+20 2.57633936e+20 2.76130329e+20 2.96299956e+20 3.18206176e+20 3.41884417e+20 3.67335572e+20 3.94519965e+20 4.23352492e+20 4.53699567e+20 4.85378448e+20 5.18159364e+20 5.51770644e+20 5.85906719e+20 6.20238573e+20 6.54425921e+20 6.88130172e+20 7.21027196e+20 7.52818916e+20 7.83242981e+20 8.12079985e+20 8.39158056e+20 8.64354849e+20 8.87597290e+20 9.08859477e+20 9.28159302e+20 9.45554277e+20 9.61137048e+20 9.75030960e+20 9.87385941e+20 9.98374876e+20 1.00819054e+21 1.01704313e+21 1.02515825e+21 1.03277544e+21 1.04014692e+21 1.04753660e+21 1.05521917e+21 1.06347909e+21 1.07260951e+21 1.08291081e+21 1.09468896e+21 1.10825323e+21 1.12391366e+21 1.14197778e+21 1.16274699e+21 1.18651221e+21 1.21354914e+21 1.24411300e+21 1.27843283e+21 1.31670553e+21 1.35908961e+21 1.40569897e+21 1.45659667e+21 1.51178904e+21 1.57122013e+21 1.63476689e+21 1.70223505e+21 1.77335617e+21 1.84778568e+21 1.92510244e+21 2.00480966e+21 2.08633749e+21 2.16904723e+21 2.25223718e+21 2.33515026e+21 2.41698313e+21 2.49689684e+21 2.57402876e+21 2.64750561e+21 2.71645737e+21 2.78003169e+21 2.83740855e+21 2.88781480e+21 2.93053825e+21 2.96494091e+21 2.99047114e+21 3.00667427e+21 3.01320152e+21 3.00981692e+21 2.99640208e+21 2.97295865e+21 2.93960842e+21 2.89659107e+21 2.84425963e+21 2.78307374e+21 2.71359097e+21 2.63645629e+21
5.83637728e+19 6.11941556e+19 6.41229112e+19 6.71526644e+19 7.02864316e+19 7.35277214e+19 7.68806553e+19 8.03501080e+19 8.39418726e+19 8.76628527e+19 9.15212853e+19 9.55269978e+19 9.96917036e+19 1.04029339e+20 1.08556445e+20 1.13292602e+20 1.18260908e+20 1.23488521e+20 1.29007239e+20 1.34854143e+20 1.41072275e+20 1.47711347e+20 1.54828465e+20 1.62488842e+20 1.70766451e+20 1.79744594e+20 1.89516296e+20 2.00184470e+20 2.11861730e+20 2.24669770e+20 2.38738150e+20 2.54202378e+20 2.71201136e+20 2.89872549e+20 3.10349406e+20 3.32753314e+20 3.57187875e+20 3.83731060e+20 4.12427141e+20 4.43278656e+20 4.76239049e+20 5.11206717e+20 5.48021233e+20 5.86462444e+20 6.26252958e+20 6.67064269e+20 7.08526376e+20 7.50240377e+20 7.91793185e+20 8.32773210e+20 8.72785829e+20 9.11467453e+20 9.48497275e+20 9.83606072e+20 1.01658179e+21 1.04727204e+21 1.07558374e+21 1.10148070e+21 1.12497942e+21 1.14614410e+21 1.16508112e+21 1.18193368e+21 1.19687672e+21 1.21011246e+21 1.22186670e+21 1.23238565e+21 1.24193358e+21 1.25079083e+21 1.25925239e+21 1.26762662e+21 1.27623411e+21 1.28540657e+21 1.29548549e+21 1.30682051e+21 1.31976743e+21 1.33468575e+21 1.35193563e+21 1.37187420e+21 1.39485141e+21 1.42120507e+21 1.45125539e+21 1.48529900e+21 1.52360237e+21 1.56639504e+21 1.61386243e+21 1.66613873e+21 1.72329975e+21 1.78535616e+21 1.85224716e+21 1.92383493e+21 1.99989993e+21 2.08013748e+21 2.16415557e+21 2.25147430e+21 2.34152698e+21 2.43366307e+21 2.52715300e+21 2.62119491e+21 2.71492336e+21 2.80741980e+21 2.89772476e+21 2.98485151e+21 3.06780108e+21 3.14557810e+21 3.21720739e+21 3.28175072e+21 3.33832352e+21 3.38611098e+21 3.42438328e+21 3.45250945e+21 3.46996960e+21 3.47636512e+21 3.47142659e+21 3.45501928e+21 3.42714593e+21 3.38794690e+21 3.33769755e+21 3.27680305e+21 3.20579069e+21 3.12529982e+21 3.03606993e+21
6.79728882e+19 7.13148417e+19 7.47752425e+19 7.83572995e+19 8.20646807e+19 8.59016327e+19 8.98731224e+19 9.39850037e+19 9.82442124e+19 1.02658994e+20 1.07239169e+20 1.11996437e+20 1.16944726e+20 1.22100598e+20 1.27483701e+20 1.33117283e+20 1.39028771e+20 1.45250405e+20 1.51819945e+20 1.58781431e+20 1.66185995e+20 1.74092713e+20 1.82569473e+20 1.91693829e+20 2.01553794e+20 2.12248528e+20 2.23888819e+20 2.36597298e+20 2.50508234e+20 2.65766815e+20 2.82527719e+20 3.00952856e+20 3.21208079e+20 3.43458761e+20 3.67864110e+20 3.94570215e+20 4.23701906e+20 4.55353660e+20 4.89579950e+20 5.26385624e+20 5.65717066e+20 6.07455026e+20 6.51410012e+20 6.97321117e+20 7.44858868e+20 7.93632425e+20 8.43200947e+20 8.93088541e+20 9.42801741e+20 9.91848197e+20 1.03975511e+21 1.08608605e+21 1.13045499e+21 1.17253687e+21 1.21207430e+21 1.24888062e+21 1.28283951e+21 1.31390209e+21 1.34208199e+21 1.36744933e+21 1.39012417e+21 1.41027001e+21 1.42808770e+21 1.44381011e+21 1.45769756e+21 1.47003406e+21 1.48112436e+21 1.49129163e+21 1.50087559e+21 1.51023110e+21 1.51972669e+21 1.52974334e+21 1.54067284e+21 1.55291604e+21 1.56688054e+21 1.58297789e+21 1.60162020e+21 1.62321603e+21 1.64816559e+21 1.67685527e+21 1.70965144e+21 1.74689370e+21 1.78888751e+21 1.83589651e+21 1.88813443e+21 1.94575706e+21 2.00885420e+21 2.07744204e+21 2.15145600e+21 2.23074445e+21 2.31506346e+21 2.40407289e+21 2.49733393e+21 2.59430851e+21 2.69436046e+21 2.79675890e+21 2.90068364e+21 3.00523282e+21 3.10943269e+21 3.21224945e+21 3.31260304e+21 3.40938251e+21 3.50146299e+21 3.58772355e+21 3.66706594e+21 3.73843352e+21 3.80083004e+21 3.85333791e+21 3.89513530e+21 3.92551185e+21 3.94388240e+21 3.94979854e+21 3.94295754e+21 3.92320850e+21 3.89055554e+21 3.84515794e+21 3.78732720e+21 3.71752115e+21 3.63633527e+21 3.54449138e+21 3.44282417e+21
7.78900275e+19 8.17728822e+19 8.57960831e+19 8.99634936e+19 9.42795080e+19 9.87491894e+19 1.03378435e+20 1.08174170e+20 1.13144573e+20 1.18299346e+20 1.23650018e+20 1.29210305e+20 1.34996520e+20 1.41028041e+20 1.47327846e+20 1.53923114e+20 1.60845903e+20 1.68133902e+20 1.75831250e+20 1.83989440e+20 1.92668271e+20 2.01936856e+20 2.11874645e+20 2.22572437e+20 2.34133324e+20 2.46673506e+20 2.60322880e+20 2.75225306e+20 2.91538393e+20 3.09432674e+20 3.29089964e+20 3.50700729e+20 3.74460264e+20 4.00563518e+20 4.29198448e+20 4.60537872e+20 4.94729912e+20 5.31887316e+20 5.72076088e+20 6.15304157e+20 6.61510923e+20 7.10558739e+20 7.62227403e+20 8.16212634e+20 8.72129299e+20 9.29519719e+20 9.87866901e+20 1.04661199e+21 1.10517472e+21 1.16297533e+21 1.21945619e+21 1.27410161e+21 1.32645432e+21 1.37612801e+21 1.42281525e+21 1.46629110e+21 1.50641278e+21 1.54311628e+21 1.57641060e+21 1.60637065e+21 1.63312956e+21 1.65687100e+21 1.67782198e+21 1.69624651e+21 1.71244015e+21 1.72672556e+21 1.73944893e+21 1.75097721e+21 1.76169589e+21 1.77200723e+21 1.78232870e+21 1.79309135e+21 1.80473816e+21 1.81772191e+21 1.83250269e+21 1.84954476e+21 1.86931280e+21 1.89226733e+21 1.91885939e+21 1.94952449e+21 1.98467575e+21 2.02469631e+21 2.06993129e+21 2.12067912e+21 2.17718267e+21 2.23962025e+21 2.30809674e+21 2.38263504e+21 2.46316814e+21 2.54953222e+21 2.64146069e+21 2.73857991e+21 2.84040649e+21 2.94634651e+21 3.05569697e+21 3.16764941e+21 3.28129600e+21 3.39563802e+21 3.50959670e+21 3.62202639e+21 3.73172988e+21 3.83747554e+21 3.93801607e+21 4.03210848e+21 4.11853480e+21 4.19612319e+21 4.26376881e+21 4.32045407e+21 4.36526771e+21 4.39742218e+21 4.41626896e+21 4.42131135e+21 4.41221441e+21 4.38881180e+21 4.35110932e+21 4.29928502e+21 4.23368599e+21 4.15482177e+21 4.06335471e+21 3.96008745e+21 3.84594783e+21
8.78849164e+19 9.23274111e+19 9.69336716e+19 1.01708283e+20 1.06656434e+20 1.11784076e+20 1.17098111e+20 1.22606616e+20 1.28319100e+20 1.34246812e+20 1.40403095e+20 1.46803797e+20 1.53467744e+20 1.60417280e+20 1.67678883e+20 1.75283863e+20 1.83269142e+20 1.91678124e+20 2.00561647e+20 2.09979028e+20 2.19999170e+20 2.30701730e+20 2.42178315e+20 2.54533659e+20 2.67886729e+20 2.82371684e+20 2.98138575e+20 3.15353675e+20 3.34199260e+20 3.54872685e+20 3.77584516e+20 4.02555524e+20 4.30012295e+20 4.60181285e+20 4.93281152e+20 5.29513359e+20 5.69051125e+20 6.12027059e+20 6.58519986e+20 7.08541771e+20 7.62025155e+20 8.18813785e+20 8.78655707e+20 9.41201456e+20 1.00600762e+21 1.07254630e+21 1.14022026e+21 1.20838301e+21 1.27636237e+21 1.34348578e+21 1.40910535e+21 1.47262075e+21 1.53349841e+21 1.59128606e+21 1.64562202e+21 1.69623944e+21 1.74296603e+21 1.78572015e+21 1.82450419e+21 1.85939641e+21 1.89054193e+21 1.91814389e+21 1.94245501e+21 1.96377022e+21 1.98242023e+21 1.99876635e+21 2.01319623e+21 2.02612066e+21 2.03797087e+21 2.04919652e+21 2.06026383e+21 2.07165379e+21 2.08386022e+21 2.09738749e+21 2.11274775e+21 2.13045748e+21 2.15103336e+21 2.17498731e+21 2.20282070e+21 2.23501762e+21 2.27203749e+21 2.31430671e+21 2.36220984e+21 2.41608015e+21 2.47618991e+21 2.54274049e+21 2.61585269e+21 2.69555732e+21 2.78178664e+21 2.87436660e+21 2.97301051e+21 3.07731422e+21 3.18675317e+21 3.30068163e+21 3.41833416e+21 3.53882967e+21 3.66117804e+21 3.78428940e+21 3.90698606e+21 4.02801689e+21 4.14607411e+21 4.25981208e+21 4.36786783e+21 4.46888294e+21 4.56152627e+21 4.64451702e+21 4.71664765e+21 4.77680602e+21 4.82399632e+21 4.85735809e+21 4.87618301e+21 4.87992889e+21 4.86823059e+21 4.84090747e+21 4.79796727e+21 4.73960627e+21 4.66620571e+21 4.57832462e+21 4.47668921e+21 4.36217919e+21 4.23581122e+21
9.77488416e+19 1.02759597e+20 1.07958746e+20 1.13351654e+20 1.18944370e+20 1.24743796e+20 1.30757906e+20 1.36995994e+20 1.43468971e+20 1.50189709e+20 1.57173444e+20 1.64438243e+20 1.72005540e+20 1.79900751e+20 1.88153977e+20 1.96800795e+20 2.05883149e+20 2.15450343e+20 2.25560131e+20 2.36279908e+20 2.47687977e+20 2.59874893e+20 2.72944832e+20 2.87016945e+20 3.02226637e+20 3.18726680e+20 3.36688034e+20 3.56300247e+20 3.77771246e+20 4.01326304e+20 4.27205964e+20 4.55662636e+20 4.86955645e+20 5.21344474e+20 5.59080063e+20 6.00394101e+20 6.45486440e+20 6.94510967e+20 7.47560545e+20 8.04651914e+20 8.65711711e+20 9.30564972e+20 9.98927548e+20 1.07040375e+21 1.14449022e+21 1.22058653e+21 1.29801234e+21 1.37603011e+21 1.45387194e+21 1.53076839e+21 1.60597701e+21 1.67880858e+21 1.74864909e+21 1.81497636e+21 1.87737084e+21 1.93552050e+21 1.98922068e+21 2.03836963e+21 2.08296106e+21 2.12307479e+21 2.15886652e+21 2.19055762e+21 2.21842555e+21 2.24279524e+21 2.26403178e+21 2.28253437e+21 2.29873141e+21 2.31307670e+21 2.32604642e+21 2.33813668e+21 2.34986146e+21 2.36175056e+21 2.37434747e+21 2.38820685e+21 2.40389149e+21 2.42196868e+21 2.44300565e+21 2.46756424e+21 2.49619466e+21 2.52942828e+21 2.56776953e+21 2.61168700e+21 2.66160386e+21 2.71788768e+21 2.78083989e+21 2.85068516e+21 2.92756084e+21 3.01150690e+21 3.10245656e+21 3.20022801e+21 3.30451744e+21 3.41489394e+21 3.53079627e+21 3.65153198e+21 3.77627905e+21 3.90409026e+21 4.03390035e+21 4.16453603e+21 4.29472886e+21 4.42313089e+21 4.54833266e+21 4.66888363e+21 4.78331436e+21 4.89016011e+21 4.98798544e+21 5.07540917e+21 5.15112909e+21 5.21394597e+21 5.26278611e+21 5.29672196e+21 5.31499022e+21 5.31700700e+21 5.30237961e+21 5.27091456e+21 5.22262186e+21 5.15771505e+21 5.07660745e+21 4.97990434e+21 4.86839152e+21 4.74302046e+21 4.60489052e+21
1.07311798e+20 1.12890731e+20 1.18683601e+20 1.24696617e+20 1.30936740e+20 1.37411882e+20 1.44131146e+20 1.51105101e+20 1.58346116e+20 1.65868746e+20 1.73690180e+20 1.81830767e+20 1.90314613e+20 1.99170278e+20 2.08431561e+20 2.18138392e+20 2.28337834e+20 2.39085204e+20 2.50445299e+20 2.62493743e+20 2.75318423e+20 2.89021004e+20 3.03718485e+20 3.19544739e+20 3.36651971e+20 3.55211990e+20 3.75417165e+20 3.97480907e+20 4.21637463e+20 4.48140806e+20 4.77262326e+20 5.09287061e+20 5.44508152e+20 5.83219284e+20 6.25704920e+20 6.72228267e+20 7.23017105e+20 7.78247859e+20 8.38028587e+20 9.02381899e+20 9.71229085e+20 1.04437702e+21 1.12150943e+21 1.20218403e+21 1.28583669e+21 1.37179311e+21 1.45928801e+21 1.54749054e+21 1.63553440e+21 1.72255027e+21 1.80769801e+21 1.89019618e+21 1.96934697e+21 2.04455508e+21 2.11533998e+21 2.18134158e+21 2.24232015e+21 2.29815143e+21 2.34881827e+21 2.39440010e+21 2.43506144e+21 2.47104034e+21 2.50263748e+21 2.53020647e+21 2.55414543e+21 2.57489013e+21 2.59290835e+21 2.60869554e+21 2.62277131e+21 2.63567671e+21 2.64797179e+21 2.66023342e+21 2.67305286e+21 2.68703310e+21 2.70278556e+21 2.72092619e+21 2.74207066e+21 2.76682862e+21 2.79579707e+21 2.82955265e+21 2.86864301e+21 2.91357735e+21 2.96481614e+21 3.02276027e+21 3.08773980e+21 3.16000264e+21 3.23970322e+21 3.32689180e+21 3.42150442e+21 3.52335403e+21 3.63212312e+21 3.74735819e+21 3.86846630e+21 3.99471419e+21 4.12522997e+21 4.25900778e+21 4.39491547e+21 4.53170526e+21 4.66802754e+21 4.80244750e+21 4.93346445e+21 5.05953358e+21 5.17908966e+21 5.29057228e+21 5.39245211e+21 5.48325755e+21 5.56160117e+21 5.62620532e+21 5.67592621e+21 5.70977596e+21 5.72694194e+21 5.72680294e+21 5.70894174e+21 5.67315374e+21 5.61945142e+21 5.54806448e+21 5.45943579e+21 5.35421301e+21 5.23323639e+21 5.09752294e+21 4.94824738e+21
1.16450029e+20 1.22590274e+20 1.28970680e+20 1.35598350e+20 1.42481212e+20 1.49628241e+20 1.57049716e+20 1.64757534e+20 1.72765569e+20 1.81090106e+20 1.89750330e+20 1.98768917e+20 2.08172690e+20 2.17993395e+20 2.28268572e+20 2.39042550e+20 2.50367562e+20 2.62304988e+20 2.74926736e+20 2.88316732e+20 3.02572533e+20 3.17807026e+20 3.34150166e+20 3.51750712e+20 3.70777871e+20 3.91422740e+20 4.13899401e+20 4.38445490e+20 4.65322020e+20 4.94812178e+20 5.27218817e+20 5.62860301e+20 6.02064391e+20 6.45159870e+20 6.92465711e+20 7.44277700e+20 8.00852657e+20 8.62390678e+20 9.29016135e+20 1.00075855e+21 1.07753478e+21 1.15913428e+21 1.24520912e+21 1.33527060e+21 1.42869359e+21 1.52472938e+21 1.62252675e+21 1.72116013e+21 1.81966309e+21 1.91706433e+21 2.01242365e+21 2.10486485e+21 2.19360371e+21 2.27796907e+21 2.35741674e+21 2.43153597e+21 2.50004948e+21 2.56280813e+21 2.61978169e+21 2.67104713e+21 2.71677585e+21 2.75722070e+21 2.79270385e+21 2.82360583e+21 2.85035612e+21 2.87342534e+21 2.89331891e+21 2.91057213e+21 2.92574618e+21 2.93942505e+21 2.95221284e+21 2.96473127e+21 2.97761714e+21 2.99151938e+21 3.00709565e+21 3.02500808e+21 3.04591826e+21 3.07048120e+21 3.09933825e+21 3.13310903e+21 3.17238233e+21 3.21770604e+21 3.26957637e+21 3.32842634e+21 3.39461392e+21 3.46841004e+21 3.54998664e+21 3.63940534e+21 3.73660680e+21 3.84140138e+21 3.95346133e+21 4.07231489e+21 4.19734272e+21 4.32777688e+21 4.46270265e+21 4.60106347e+21 4.74166900e+21 4.88320644e+21 5.02425509e+21 5.16330392e+21 5.29877202e+21 5.42903158e+21 5.55243296e+21 5.66733136e+21 5.77211460e+21 5.86523128e+21 5.94521872e+21 6.01073006e+21 6.06055971e+21 6.09366665e+21 6.10919487e+21 6.10649046e+21 6.08511494e+21 6.04485430e+21 5.98572377e+21 5.90796799e+21 5.81205660e+21 5.69867553e+21 5.56871402e+21 5.42324790e+21 5.26351944e+21
1.25084920e+20 1.31774847e+20 1.38731658e+20 1.45963401e+20 1.53479023e+20 1.61288607e+20 1.69403660e+20 1.77837446e+20 1.86605391e+20 1.95725545e+20 2.05219129e+20 2.15111173e+20 2.25431250e+20 2.36214314e+20 2.47501671e+20 2.59342067e+20 2.71792920e+20 2.84921696e+20 2.98807425e+20 3.13542360e+20 3.29233756e+20 3.46005756e+20 3.64001323e+20 3.83384173e+20 4.04340610e+20 4.27081145e+20 4.51841741e+20 4.78884481e+20 5.08497417e+20 5.40993300e+20 5.76706869e+20 6.15990330e+20 6.59206673e+20 7.06720491e+20 7.58886079e+20 8.16032709e+20 8.78447236e+20 9.46354486e+20 1.01989623e+21 1.09911001e+21 1.18390928e+21 1.27406701e+21 1.36920438e+21 1.46878683e+21 1.57212853e+21 1.67840629e+21 1.78668254e+21 1.89593626e+21 2.00509973e+21 2.11309823e+21 2.21888970e+21 2.32150122e+21 2.42005990e+21 2.51381646e+21 2.60216065e+21 2.68462866e+21 2.76090328e+21 2.83080820e+21 2.89429785e+21 2.95144462e+21 3.00242469e+21 3.04750373e+21 3.08702344e+21 3.12138936e+21 3.15106040e+21 3.17654013e+21 3.19836967e+21 3.21712215e+21 3.23339825e+21 3.24782275e+21 3.26104154e+21 3.27371888e+21 3.28653466e+21 3.30018131e+21 3.31536009e+21 3.33277676e+21 3.35313622e+21 3.37713622e+21 3.40546001e+21 3.43876778e+21 3.47768725e+21 3.52280307e+21 3.57464552e+21 3.63367852e+21 3.70028715e+21 3.77476508e+21 3.85730212e+21 3.94797224e+21 4.04672253e+21 4.15336331e+21 4.26755998e+21 4.38882683e+21 4.51652328e+21 4.64985281e+21 4.78786488e+21 4.92946004e+21 5.07339842e+21 5.21831159e+21 5.36271776e+21 5.50504023e+21 5.64362882e+21 5.77678390e+21 5.90278270e+21 6.01990726e+21 6.12647349e+21 6.22086071e+21 6.30154094e+21 6.36710725e+21 6.41630046e+21 6.44803353e+21 6.46141300e+21 6.45575687e+21 6.43060855e+21 6.38574640e+21 6.32118862e+21 6.23719351e+21 6.13425483e+21 6.01309262e+21 5.87463967e+21 5.72002394e+21 5.55054749e+21
1.33176053e+20 1.40401060e+20 1.47920053e+20 1.55742072e+20 1.63877132e+20 1.72336474e+20 1.81132875e+20 1.90281014e+20 1.99797902e+20 2.09703393e+20 2.20020773e+20 2.30777458e+20 2.42005784e+20 2.53743936e+20 2.66036992e+20 2.78938122e+20 2.92509931e+20 3.06825962e+20 3.21972365e+20 3.38049707e+20 3.55174936e+20 3.73483446e+20 3.93131211e+20 4.14296918e+20 4.37184003e+20 4.62022449e+20 4.89070190e+20 5.18613887e+20 5.50968816e+20 5.86477538e+20 6.25507001e+20 6.68443660e+20 7.15686237e+20 7.67635746e+20 8.24682519e+20 8.87190145e+20 9.55476450e+20 1.02979201e+21 1.11029712e+21 1.19703843e+21 1.28992716e+21 1.38872086e+21 1.49301081e+21 1.60221737e+21 1.71559458e+21 1.83224505e+21 1.95114484e+21 2.07117709e+21 2.19117203e+21 2.30995044e+21 2.42636700e+21 2.53935034e+21 2.64793701e+21 2.75129746e+21 2.84875319e+21 2.93978505e+21 3.02403360e+21 3.10129306e+21 3.17150030e+21 3.23472092e+21 3.29113376e+21 3.34101523e+21 3.38472452e+21 3.42269020e+21 3.45539863e+21 3.48338433e+21 3.50722210e+21 3.52752085e+21 3.54491868e+21 3.56007898e+21 3.57368716e+21 3.58644774e+21 3.59908132e+21 3.61232133e+21 3.62691020e+21 3.64359473e+21 3.66312065e+21 3.68622596e+21 3.71363337e+21 3.74604139e+21 3.78411455e+21 3.82847237e+21 3.87967768e+21 3.93822407e+21 4.00452297e+21 4.07889058e+21 4.16153486e+21 4.25254314e+21 4.35187058e+21 4.45932991e+21 4.57458290e+21 4.69713397e+21 4.82632622e+21 4.96134032e+21 5.10119650e+21 5.24475988e+21 5.39074924e+21 5.53774936e+21 5.68422688e+21 5.82854938e+21 5.96900776e+21 6.10384118e+21 6.23126439e+21 6.34949687e+21 6.45679299e+21 6.55147276e+21 6.63195225e+21 6.69677313e+21 6.74463038e+21 6.77439770e+21 6.78514975e+21 6.77618080e+21 6.74701918e+21 6.69743723e+21 6.62745640e+21 6.53734745e+21 6.42762569e+21 6.29904140e+21 6.15256577e+21 5.98937261e+21 5.81081644e+21
1.40711586e+20 1.48455509e+20 1.56520818e+20 1.64917601e+20 1.73656988e+20 1.82751427e+20 1.92215010e+20 2.02063874e+20 2.12316656e+20 2.22995048e+20 2.34124434e+20 2.45734636e+20 2.57860780e+20 2.70544290e+20 2.83834027e+20 2.97787582e+20 3.12472743e+20 3.27969120e+20 3.44369963e+20 3.61784138e+20 3.80338259e+20 4.00178952e+20 4.21475186e+20 4.44420613e+20 4.69235807e+20 4.96170252e+20 5.25503912e+20 5.57548125e+20 5.92645535e+20 6.31168724e+20 6.73517129e+20 7.20111822e+20 7.71387723e+20 8.27782839e+20 8.89724236e+20 9.57610628e+20 1.03179174e+21 1.11254495e+21 1.20005016e+21 1.29436436e+21 1.39539773e+21 1.50289355e+21 1.61641430e+21 1.73533620e+21 1.85885389e+21 1.98599625e+21 2.11565311e+21 2.24661154e+21 2.37759920e+21 2.50733141e+21 2.63455832e+21 2.75810855e+21 2.87692626e+21 2.99009962e+21 3.09687972e+21 3.19668979e+21 3.28912590e+21 3.37395051e+21 3.45108067e+21 3.52057298e+21 3.58260677e+21 3.63746713e+21 3.68552870e+21 3.72724104e+21 3.76311602e+21 3.79371714e+21 3.81965092e+21 3.84156007e+21 3.86011806e+21 3.87602482e+21 3.89000323e+21 3.90279583e+21 3.91516173e+21 3.92787310e+21 3.94171120e+21 3.95746163e+21 3.97590857e+21 3.99782805e+21 4.02398004e+21 4.05509931e+21 4.09188530e+21 4.13499075e+21 4.18500963e+21 4.24246414e+21 4.30779145e+21 4.38133005e+21 4.46330645e+21 4.55382226e+21 4.65284228e+21 4.76018390e+21 4.87550829e+21 4.99831371e+21 5.12793148e+21 5.26352477e+21 5.40409064e+21 5.54846556e+21 5.69533445e+21 5.84324344e+21 5.99061621e+21 6.13577379e+21 6.27695756e+21 6.41235512e+21 6.54012852e+21 6.65844430e+21 6.76550474e+21 6.85957961e+21 6.93903760e+21 7.00237685e+21 7.04825358e+21 7.07550837e+21 7.08318911e+21 7.07057030e+21 7.03716797e+21 6.98274995e+21 6.90734114e+21 6.81122374e+21 6.69493229e+21 6.55924380e+21 6.40516319e+21 6.23390442e+21 6.04686786e+21
1.47698506e+20 1.55944580e+20 1.64539702e+20 1.73495058e+20 1.82822947e+20 1.92537070e+20 2.02652886e+20 2.13188029e+20 2.24162809e+20 2.35600792e+20 2.47529492e+20 2.59981169e+20 2.72993757e+20 2.86611937e+20 3.00888361e+20 3.15885048e+20 3.31674961e+20 3.48343771e+20 3.65991811e+20 3.84736226e+20 4.04713278e+20 4.26080805e+20 4.49020755e+20 4.73741739e+20 5.00481474e+20 5.29508979e+20 5.61126306e+20 5.95669566e+20 6.33508925e+20 6.75047197e+20 7.20716594e+20 7.70973183e+20 8.26288561e+20 8.87138320e+20 9.53986968e+20 1.02726919e+21 1.10736757e+21 1.19458735e+21 1.28912924e+21 1.39106179e+21 1.50029539e+21 1.61656032e+21 1.73939140e+21 1.86812170e+21 2.00188727e+21 2.13964376e+21 2.28019498e+21 2.42223180e+21 2.56437871e+21 2.70524471e+21 2.84347415e+21 2.97779405e+21 3.10705435e+21 3.23025890e+21 3.34658615e+21 3.45539947e+21 3.55624811e+21 3.64886042e+21 3.73313138e+21 3.80910635e+21 3.87696303e+21 3.93699306e+21 3.98958451e+21 4.03520605e+21 4.07439309e+21 4.10773624e+21 4.13587189e+21 4.15947468e+21 4.17925159e+21 4.19593723e+21 4.21028996e+21 4.22308844e+21 4.23512827e+21 4.24721837e+21 4.26017681e+21 4.27482590e+21 4.29198631e+21 4.31247012e+21 4.33707266e+21 4.36656322e+21 4.40167449e+21 4.44309105e+21 4.49143682e+21 4.54726181e+21 4.61102837e+21 4.68309726e+21 4.76371390e+21 4.85299508e+21 4.95091673e+21 5.05730300e+21 5.17181715e+21 5.29395473e+21 5.42303931e+21 5.55822133e+21 5.69848012e+21 5.84262957e+21 5.98932743e+21 6.13708839e+21 6.28430092e+21 6.42924753e+21 6.57012851e+21 6.70508849e+21 6.83224541e+21 6.94972148e+21 7.05567527e+21 7.14833434e+21 7.22602759e+21 7.28721660e+21 7.33052515e+21 7.35476610e+21 7.35896515e+21 7.34238054e+21 7.30451846e+21 7.24514358e+21 7.16428453e+21 7.06223399e+21 6.93954376e+21 6.79701449e+21 6.63568077e+21 6.45679170e+21 6.26178764e+21
1.54154263e+20 1.62885695e+20 1.71994079e+20 1.81491754e+20 1.91392237e+20 2.01710538e+20 2.12463531e+20 2.23670400e+20 2.35353167e+20 2.47537319e+20 2.60252534e+20 2.73533543e+20 2.87421118e+20 3.01963217e+20 3.17216300e+20 3.33246821e+20 3.50132923e+20 3.67966334e+20 3.86854468e+20 4.06922737e+20 4.28317042e+20 4.51206421e+20 4.75785803e+20 5.02278762e+20 5.30940187e+20 5.62058676e+20 5.95958450e+20 6.33000520e+20 6.73582747e+20 7.18138420e+20 7.67132850e+20 8.21057515e+20 8.80421212e+20 9.45737754e+20 1.01750986e+21 1.09620908e+21 1.18225187e+21 1.27597250e+21 1.37759370e+21 1.48719687e+21 1.60469395e+21 1.72980348e+21 1.86203381e+21 2.00067593e+21 2.14480805e+21 2.29331313e+21 2.44490913e+21 2.59819049e+21 2.75167799e+21 2.90387327e+21 3.05331357e+21 3.19862264e+21 3.33855424e+21 3.47202578e+21 3.59814079e+21 3.71620042e+21 3.82570467e+21 3.92634546e+21 4.01799335e+21 4.10068023e+21 4.17458000e+21 4.23998880e+21 4.29730618e+21 4.34701797e+21 4.38968134e+21 4.42591224e+21 4.45637519e+21 4.48177507e+21 4.50285067e+21 4.52036957e+21 4.53512394e+21 4.54792684e+21 4.55960865e+21 4.57101328e+21 4.58299389e+21 4.59640779e+21 4.61211044e+21 4.63094832e+21 4.65375058e+21 4.68131952e+21 4.71441982e+21 4.75376675e+21 4.80001328e+21 4.85373657e+21 4.91542385e+21 4.98545819e+21 5.06410435e+21 5.15149522e+21 5.24761925e+21 5.35230925e+21 5.46523305e+21 5.58588650e+21 5.71358909e+21 5.84748271e+21 5.98653377e+21 6.12953892e+21 6.27513459e+21 6.42181037e+21 6.56792621e+21 6.71173323e+21 6.85139793e+21 6.98502939e+21 7.11070900e+21 7.22652210e+21 7.33059081e+21 7.42110748e+21 7.49636782e+21 7.55480294e+21 7.59500959e+21 7.61577771e+21 7.61611472e+21 7.59526570e+21 7.55272918e+21 7.48826788e+21 7.40191435e+21 7.29397108e+21 7.16500537e+21 7.01583893e+21 6.84753251e+21 6.66136607e+21 6.45881498e+21
1.60100430e+20 1.69300646e+20 1.78905950e+20 1.88929888e+20 1.99387254e+20 2.10294422e+20 2.21669732e+20 2.33533971e+20 2.45910925e+20 2.58828043e+20 2.72317216e+20 2.86415680e+20 3.01167080e+20 3.16622680e+20 3.32842769e+20 3.49898257e+20 3.67872480e+20 3.86863230e+20 4.06985007e+20 4.28371494e+20 4.51178234e+20 4.75585479e+20 5.01801146e+20 5.30063807e+20 5.60645570e+20 5.93854686e+20 6.30037657e+20 6.69580549e+20 7.12909138e+20 7.60487470e+20 8.12814331e+20 8.70417078e+20 9.33842286e+20 1.00364270e+21 1.08036008e+21 1.16450380e+21 1.25652530e+21 1.35678906e+21 1.46554116e+21 1.58287721e+21 1.70871204e+21 1.84275382e+21 1.98448562e+21 2.13315737e+21 2.28779027e+21 2.44719504e+21 2.61000390e+21 2.77471458e+21 2.93974346e+21 3.10348372e+21 3.26436400e+21 3.42090299e+21 3.57175622e+21 3.71575236e+21 3.85191764e+21 3.97948848e+21 4.09791319e+21 4.20684480e+21 4.30612707e+21 4.39577616e+21 4.47595999e+21 4.54697716e+21 4.60923678e+21 4.66323999e+21 4.70956399e+21 4.74884842e+21 4.78178433e+21 4.80910528e+21 4.83158036e+21 4.85000862e+21 4.86521458e+21 4.87804422e+21 4.88936123e+21 4.90004307e+21 4.91097654e+21 4.92305254e+21 4.93715994e+21 4.95417828e+21 4.97496929e+21 5.00036714e+21 5.03116750e+21 5.06811543e+21 5.11189232e+21 5.16310206e+21 5.22225663e+21 5.28976154e+21 5.36590142e+21 5.45082617e+21 5.54453804e+21 5.64688027e+21 5.75752750e+21 5.87597859e+21 6.00155216e+21 6.13338526e+21 6.27043554e+21 6.41148706e+21 6.55516003e+21 6.69992442e+21 6.84411748e+21 6.98596499e+21 7.12360596e+21 7.25512039e+21 7.37855954e+21 7.49197826e+21 7.59346850e+21 7.68119339e+21 7.75342108e+21 7.80855743e+21 7.84517685e+21 7.86205045e+21 7.85817075e+21 7.83277233e+21 7.78534794e+21 7.71565944e+21 7.62374354e+21 7.50991192e+21 7.37474604e+21 7.21908644e+21 7.04401714e+21 6.85084538e+21 6.64107730e+21
1.65558391e+20 1.75211050e+20 1.85297156e+20 1.95831520e+20 2.06830272e+20 2.18311203e+20 2.30294183e+20 2.42801653e+20 2.55859217e+20 2.69496341e+20 2.83747170e+20 2.98651497e+20 3.14255874e+20 3.30614910e+20 3.47792753e+20 3.65864796e+20 3.84919590e+20 4.05061011e+20 4.26410662e+20 4.49110514e+20 4.73325773e+20 4.99247925e+20 5.27097918e+20 5.57129367e+20 5.89631672e+20 6.24932841e+20 6.63401801e+20 7.05449865e+20 7.51530978e+20 8.02140282e+20 8.57810453e+20 9.19105256e+20 9.86609691e+20 1.06091620e+21 1.14260649e+21 1.23222880e+21 1.33027074e+21 1.43712827e+21 1.55307219e+21 1.67821377e+21 1.81247216e+21 1.95554651e+21 2.10689588e+21 2.26573017e+21 2.43101432e+21 2.60148730e+21 2.77569561e+21 2.95203991e+21 3.12883136e+21 3.30435347e+21 3.47692469e+21 3.64495669e+21 3.80700455e+21 3.96180579e+21 4.10830681e+21 4.24567672e+21 4.37330954e+21 4.49081688e+21 4.59801327e+21 4.69489681e+21 4.78162727e+21 4.85850368e+21 4.92594275e+21 4.98445920e+21 5.03464855e+21 5.07717259e+21 5.11274739e+21 5.14213380e+21 5.16612983e+21 5.18556472e+21 5.20129402e+21 5.21419538e+21 5.22516460e+21 5.23511148e+21 5.24495527e+21 5.25561933e+21 5.26802484e+21 5.28308339e+21 5.30168829e+21 5.32470475e+21 5.35295864e+21 5.38722427e+21 5.42821101e+21 5.47654924e+21 5.53277572e+21 5.59731869e+21 5.67048321e+21 5.75243708e+21 5.84319764e+21 5.94262017e+21 6.05038814e+21 6.16600585e+21 6.28879384e+21 6.41788761e+21 6.55223969e+21 6.69062559e+21 6.83165366e+21 6.97377895e+21 7.11532102e+21 7.25448552e+21 7.38938937e+21 7.51808891e+21 7.63861081e+21 7.74898486e+21 7.84727815e+21 7.93162969e+21 8.00028489e+21 8.05162876e+21 8.08421739e+21 8.09680649e+21 8.08837661e+21 8.05815414e+21 8.00562764e+21 7.93055908e+21 7.83298955e+21 7.71323954e+21 7.57190349e+21 7.40983902e+21 7.22815101e+21 7.02817100e+21 6.81143245e+21
1.70546758e+20 1.80635620e+20 1.91186493e+20 2.02215515e+20 2.13740209e+20 2.25779849e+20 2.38355890e+20 2.51492490e+20 2.65217126e+20 2.79561336e+20 2.94561577e+20 3.10260240e+20 3.26706837e+20 3.43959360e+20 3.62085859e+20 3.81166238e+20 4.01294299e+20 4.22580030e+20 4.45152164e+20 4.69160991e+20 4.94781408e+20 5.22216179e+20 5.51699331e+20 5.83499594e+20 6.17923752e+20 6.55319698e+20 6.96078954e+20 7.40638305e+20 7.89480156e+20 8.43131114e+20 9.02158219e+20 9.67162216e+20 1.03876723e+21 1.11760623e+21 1.20430184e+21 1.29944230e+21 1.40355258e+21 1.51706155e+21 1.64026615e+21 1.77329479e+21 1.91607246e+21 2.06829071e+21 2.22938587e+21 2.39852888e+21 2.57462924e+21 2.75635451e+21 2.94216553e+21 3.13036545e+21 3.31915931e+21 3.50671966e+21 3.69125300e+21 3.87106192e+21 4.04459872e+21 4.21050723e+21 4.36765134e+21 4.51513015e+21 4.65228070e+21 4.77867054e+21 4.89408249e+21 4.99849418e+21 5.09205505e+21 5.17506245e+21 5.24793882e+21 5.31121069e+21 5.36549030e+21 5.41146004e+21 5.44985962e+21 5.48147587e+21 5.50713451e+21 5.52769375e+21 5.54403909e+21 5.55707879e+21 5.56773969e+21 5.57696296e+21 5.58569936e+21 5.59490381e+21 5.60552894e+21 5.61851759e+21 5.63479399e+21 5.65525373e+21 5.68075240e+21 5.71209317e+21 5.75001318e+21 5.79516929e+21 5.84812314e+21 5.90932612e+21 5.97910438e+21 6.05764450e+21 6.14498012e+21 6.24098008e+21 6.34533851e+21 6.45756732e+21 6.57699154e+21 6.70274791e+21 6.83378704e+21 6.96887938e+21 7.10662521e+21 7.24546872e+21 7.38371602e+21 7.51955712e+21 7.65109137e+21 7.77635616e+21 7.89335821e+21 8.00010689e+21 8.09464890e+21 8.17510348e+21 8.23969732e+21 8.28679839e+21 8.31494780e+21 8.32288883e+21 8.30959253e+21 8.27427905e+21 8.21643419e+21 8.13582085e+21 8.03248482e+21 7.90675501e+21 7.75923800e+21 7.59080707e+21 7.40258601e+21 7.19592825e+21 6.97239172e+21
1.75080119e+20 1.85588821e+20 1.96588278e+20 2.08096012e+20 2.20131007e+20 2.32714079e+20 2.45868333e+20 2.59619703e+20 2.73997603e+20 2.89035701e+20 3.04772819e+20 3.21254007e+20 3.38531782e+20 3.56667570e+20 3.75733363e+20 3.95813623e+20 4.17007434e+20 4.39430936e+20 4.63220027e+20 4.88533352e+20 5.15555543e+20 5.44500692e+20 5.75615966e+20 6.09185294e+20 6.45532951e+20 6.85026862e+20 7.28081329e+20 7.75158856e+20 8.26770629e+20 8.83475118e+20 9.45874228e+20 1.01460630e+21 1.09033532e+21 1.17373568e+21 1.26547195e+21 1.36617351e+21 1.47640405e+21 1.59662674e+21 1.72716619e+21 1.86816955e+21 2.01956919e+21 2.18105055e+21 2.35202858e+21 2.53163640e+21 2.71872881e+21 2.91190246e+21 3.10953251e+21 3.30982415e+21 3.51087536e+21 3.71074635e+21 3.90752986e+21 4.09941725e+21 4.28475558e+21 4.46209233e+21 4.63020614e+21 4.78812325e+21 4.93512095e+21 5.07072002e+21 5.19466895e+21 5.30692250e+21 5.40761746e+21 5.49704745e+21 5.57563868e+21 5.64392773e+21 5.70254195e+21 5.75218286e+21 5.79361251e+21 5.82764240e+21 5.85512484e+21 5.87694598e+21 5.89402024e+21 5.90728555e+21 5.91769895e+21 5.92623215e+21 5.93386665e+21 5.94158821e+21 5.95038030e+21 5.96121640e+21 5.97505116e+21 5.99281015e+21 6.01537841e+21 6.04358773e+21 6.07820302e+21 6.11990769e+21 6.16928859e+21 6.22682072e+21 6.29285199e+21 6.36758872e+21 6.45108199e+21 6.54321565e+21 6.64369616e+21 6.75204502e+21 6.86759399e+21 6.98948357e+21 7.11666525e+21 7.24790746e+21 7.38180569e+21 7.51679675e+21 7.65117698e+21 7.78312453e+21 7.91072512e+21 8.03200114e+21 8.14494330e+21 8.24754450e+21 8.33783486e+21 8.41391748e+21 8.47400383e+21 8.51644798e+21 8.53977892e+21 8.54273004e+21 8.52426500e+21 8.48359937e+21 8.42021746e+21 8.33388383e+21 8.22464924e+21 8.09285085e+21 7.93910671e+21 7.76430461e+21 7.56958570e+21 7.35632336e+21 7.12609769e+21
1.79168712e+20 1.90080513e+20 2.01511948e+20 2.13481992e+20 2.26011146e+20 2.39121836e+20 2.52838880e+20 2.67190054e+20 2.82206772e+20 2.97924891e+20 3.14385663e+20 3.31636849e+20 3.49734028e+20 3.68742110e+20 3.88737078e+20 4.09807996e+20 4.32059274e+20 4.55613241e+20 4.80613003e+20 5.07225600e+20 5.35645449e+20 5.66098020e+20 5.98843694e+20 6.34181683e+20 6.72453872e+20 7.14048366e+20 7.59402448e+20 8.09004598e+20 8.63395109e+20 9.23164737e+20 9.88950767e+20 1.06142978e+21 1.14130639e+21 1.22929732e+21 1.32611016e+21 1.43241665e+21 1.54882057e+21 1.67582086e+21 1.81377142e+21 1.96283976e+21 2.12296728e+21 2.29383489e+21 2.47483756e+21 2.66507176e+21 2.86333852e+21 3.06816401e+21 3.27783779e+21 3.49046662e+21 3.70404054e+21 3.91650597e+21 4.12584009e+21 4.33012082e+21 4.52758744e+21 4.71668839e+21 4.89611416e+21 5.06481527e+21 5.22200633e+21 5.36715859e+21 5.49998351e+21 5.62041047e+21 5.72856128e+21 5.82472364e+21 5.90932561e+21 5.98291201e+21 6.04612367e+21 6.09967980e+21 6.14436340e+21 6.18100951e+21 6.21049589e+21 6.23373563e+21 6.25167119e+21 6.26526932e+21 6.27551649e+21 6.28341427e+21 6.28997429e+21 6.29621257e+21 6.30314291e+21 6.31176907e+21 6.32307575e+21 6.33801829e+21 6.35751097e+21 6.38241426e+21 6.41352086e+21 6.45154100e+21 6.49708714e+21 6.55065842e+21 6.61262528e+21 6.68321468e+21 6.76249629e+21 6.85037029e+21 6.94655710e+21 7.05058960e+21 7.16180826e+21 7.27935965e+21 7.40219858e+21 7.52909412e+21 7.65863986e+21 7.78926822e+21 7.91926897e+21 8.04681165e+21 8.16997172e+21 8.28675994e+21 8.39515444e+21 8.49313492e+21 8.57871821e+21 8.64999439e+21 8.70516260e+21 8.74256574e+21 8.76072316e+21 8.75836046e+21 8.73443573e+21 8.68816145e+21 8.61902148e+21 8.52678277e+21 8.41150134e+21 8.27352249e+21 8.11347522e+21 7.93226099e+21 7.73103709e+21 7.51119529e+21 7.27433600e+21
1.82818703e+20 1.94116224e+20 2.05962342e+20 2.18377540e+20 2.31383908e+20 2.45005543e+20 2.59269041e+20 2.74204087e+20 2.89844157e+20 3.06227366e+20 3.23397451e+20 3.41404949e+20 3.60308555e+20 3.80176716e+20 4.01089456e+20 4.23140486e+20 4.46439589e+20 4.71115325e+20 4.97318044e+20 5.25223230e+20 5.55035125e+20 5.86990638e+20 6.21363428e+20 6.58468078e+20 6.98664197e+20 7.42360216e+20 7.90016598e+20 8.42148055e+20 8.99324314e+20 9.62168836e+20 1.03135481e+21 1.10759769e+21 1.19164353e+21 1.28425228e+21 1.38617565e+21 1.49812900e+21 1.62075759e+21 1.75459768e+21 1.90003411e+21 2.05725645e+21 2.22621687e+21 2.40659338e+21 2.59776252e+21 2.79878538e+21 3.00841016e+21 3.22509320e+21 3.44703851e+21 3.67225412e+21 3.89862124e+21 4.12397115e+21 4.34616364e+21 4.56316096e+21 4.77309213e+21 4.97430375e+21 5.16539526e+21 5.34523848e+21 5.51298241e+21 5.66804585e+21 5.81010048e+21 5.93904772e+21 6.05499195e+21 6.15821277e+21 6.24913802e+21 6.32831892e+21 6.39640813e+21 6.45414105e+21 6.50232030e+21 6.54180324e+21 6.57349201e+21 6.59832567e+21 6.61727383e+21 6.63133132e+21 6.64151335e+21 6.64885072e+21 6.65438466e+21 6.65916103e+21 6.66422356e+21 6.67060600e+21 6.67932290e+21 6.69135923e+21 6.70765854e+21 6.72911002e+21 6.75653440e+21 6.79066906e+21 6.83215251e+21 6.88150867e+21 6.93913128e+21 7.00526886e+21 7.08001083e+21 7.16327497e+21 7.25479712e+21 7.35412320e+21 7.46060428e+21 7.57339501e+21 7.69145570e+21 7.81355849e+21 7.93829753e+21 8.06410355e+21 8.18926247e+21 8.31193809e+21 8.43019851e+21 8.54204576e+21 8.64544830e+21 8.73837553e+21 8.81883376e+21 8.88490270e+21 8.93477169e+21 8.96677478e+21 8.97942377e+21 8.97143833e+21 8.94177257e+21 8.88963715e+21 8.81451644e+21 8.71618042e+21 8.59469066e+21 8.45040061e+21 8.28394988e+21 8.09625291e+21 7.88848221e+21 7.66204668e+21 7.41856560e+21
1.86032828e+20 1.97697819e+20 2.09940378e+20 2.22782561e+20 2.36248106e+20 2.50362850e+20 2.65155231e+20 2.80656909e+20 2.96903490e+20 3.13935405e+20 3.31798945e+20 3.50547477e+20 3.70242874e+20 3.90957170e+20 4.12774484e+20 4.35793216e+20 4.60128566e+20 4.85915363e+20 5.13311246e+20 5.42500174e+20 5.73696262e+20 6.07147903e+20 6.43142093e+20 6.82008867e+20 7.24125657e+20 7.69921362e+20 8.19879804e+20 8.74542168e+20 9.34507934e+20 1.00043366e+21 1.07302896e+21 1.15304881e+21 1.24128142e+21 1.33853096e+21 1.44559432e+21 1.56323175e+21 1.69213140e+21 1.83286846e+21 1.98586038e+21 2.15132060e+21 2.32921383e+21 2.51921696e+21 2.72068972e+21 2.93265921e+21 3.15382195e+21 3.38256511e+21 3.61700747e+21 3.85505807e+21 4.09448852e+21 4.33301372e+21 4.56837432e+21 4.79841476e+21 5.02115127e+21 5.23482584e+21 5.43794396e+21 5.62929572e+21 5.80796149e+21 5.97330466e+21 6.12495433e+21 6.26278123e+21 6.38686985e+21 6.49748933e+21 6.59506521e+21 6.68015319e+21 6.75341604e+21 6.81560378e+21 6.86753727e+21 6.91009495e+21 6.94420224e+21 6.97082320e+21 6.99095374e+21 7.00561602e+21 7.01585332e+21 7.02272512e+21 7.02730177e+21 7.03065859e+21 7.03386895e+21 7.03799635e+21 7.04408511e+21 7.05314977e+21 7.06616324e+21 7.08404360e+21 7.10763991e+21 7.13771709e+21 7.17494024e+21 7.21985873e+21 7.27289036e+21 7.33430621e+21 7.40421647e+21 7.48255783e+21 7.56908292e+21 7.66335227e+21 7.76472924e+21 7.87237841e+21 7.98526763e+21 8.10217419e+21 8.22169508e+21 8.34226167e+21 8.46215847e+21 8.57954605e+21 8.69248765e+21 8.79897917e+21 8.89698189e+21 8.98445741e+21 9.05940393e+21 9.11989310e+21 9.16410665e+21 9.19037177e+21 9.19719455e+21 9.18329037e+21 9.14761071e+21 9.08936553e+21 9.00804064e+21 8.90340959e+21 8.77553988e+21 8.62479311e+21 8.45181930e+21 8.25754539e+21 8.04315837e+21 7.81008332e+21 7.55995723e+21
1.88811222e+20 2.00824361e+20 2.13443960e+20 2.26693710e+20 2.40599060e+20 2.55187649e+20 2.70489826e+20 2.86539287e+20 3.03373834e+20 3.21036280e+20 3.39575528e+20 3.59047839e+20 3.79518315e+20 4.01062634e+20 4.23769052e+20 4.47740708e+20 4.73098254e+20 4.99982825e+20 5.28559380e+20 5.59020385e+20 5.91589860e+20 6.26527718e+20 6.64134342e+20 7.04755275e+20 7.48785859e+20 7.96675576e+20 8.48931764e+20 9.06122300e+20 9.68876697e+20 1.03788500e+21 1.11389370e+21 1.19769790e+21 1.29012877e+21 1.39203553e+21 1.50426137e+21 1.62761268e+21 1.76282195e+21 1.91050486e+21 2.07111326e+21 2.24488626e+21 2.43180304e+21 2.63154121e+21 2.84344542e+21 3.06651040e+21 3.29938219e+21 3.54037972e+21 3.78753698e+21 4.03866394e+21 4.29142206e+21 4.54340873e+21 4.79224385e+21 5.03565198e+21 5.27153413e+21 5.49802500e+21 5.71353318e+21 5.91676401e+21 6.10672617e+21 6.28272466e+21 6.44434305e+21 6.59141864e+21 6.72401340e+21 6.84238365e+21 6.94695038e+21 7.03827178e+21 7.11701891e+21 7.18395477e+21 7.23991702e+21 7.28580388e+21 7.32256291e+21 7.35118213e+21 7.37268291e+21 7.38811392e+21 7.39854591e+21 7.40506646e+21 7.40877461e+21 7.41077475e+21 7.41216968e+21 7.41405247e+21 7.41749711e+21 7.42354781e+21 7.43320691e+21 7.44742164e+21 7.46706973e+21 7.49294409e+21 7.52573699e+21 7.56602392e+21 7.61424760e+21 7.67070256e+21 7.73552088e+21 7.80865932e+21 7.88988866e+21 7.97878549e+21 8.07472708e+21 8.17688964e+21 8.28425039e+21 8.39559369e+21 8.50952144e+21 8.62446773e+21 8.73871785e+21 8.85043135e+21 8.95766887e+21 9.05842239e+21 9.15064829e+21 9.23230254e+21 9.30137733e+21 9.35593830e+21 9.39416145e+21 9.41436892e+21 9.41506267e+21 9.39495521e+21 9.35299666e+21 9.28839729e+21 9.20064511e+21 9.08951788e+21 8.95508930e+21 8.79772927e+21 8.61809808e+21 8.41713485e+21 8.19604049e+21 7.95625554e+21 7.69943374e+21
1.91152314e+20 2.03493048e+20 2.16468958e+20 2.30105425e+20 2.44429673e+20 2.59471201e+20 2.75262334e+20 2.91838870e+20 3.09240866e+20 3.27513583e+20 3.46708596e+20 3.66885113e+20 3.88111522e+20 4.10467193e+20 4.34044565e+20 4.58951554e+20 4.85314295e+20 5.13280262e+20 5.43021750e+20 5.74739757e+20 6.08668225e+20 6.45078608e+20 6.84284699e+20 7.26647592e+20 7.72580595e+20 8.22553855e+20 8.77098357e+20 9.36808840e+20 1.00234510e+21 1.07443099e+21 1.15385034e+21 1.24143892e+21 1.33807153e+21 1.44464338e+21 1.56204495e+21 1.69113002e+21 1.83267684e+21 1.98734324e+21 2.15561717e+21 2.33776536e+21 2.53378339e+21 2.74335159e+21 2.96580144e+21 3.20009698e+21 3.44483529e+21 3.69826811e+21 3.95834533e+21 4.22277801e+21 4.48911711e+21 4.75484156e+21 5.01744912e+21 5.27454254e+21 5.52390533e+21 5.76356222e+21 5.99182207e+21 6.20730245e+21 6.40893729e+21 6.59597013e+21 6.76793606e+21 6.92463606e+21 7.06610693e+21 7.19258962e+21 7.30449828e+21 7.40239149e+21 7.48694663e+21 7.55893800e+21 7.61921847e+21 7.66870467e+21 7.70836507e+21 7.73921062e+21 7.76228715e+21 7.77866910e+21 7.78945395e+21 7.79575684e+21 7.79870503e+21 7.79943165e+21 7.79906865e+21 7.79873855e+21 7.79954497e+21 7.80256182e+21 7.80882106e+21 7.81929934e+21 7.83490340e+21 7.85645467e+21 7.88467316e+21 7.92016119e+21 7.96338719e+21 8.01467014e+21 8.07416500e+21 8.14184981e+21 8.21751477e+21 8.30075392e+21 8.39095994e+21 8.48732227e+21 8.58882921e+21 8.69427399e+21 8.80226523e+21 8.91124171e+21 9.01949145e+21 9.12517497e+21 9.22635234e+21 9.32101365e+21 9.40711234e+21 9.48260072e+21 9.54546686e+21 9.59377217e+21 9.62568865e+21 9.63953494e+21 9.63381033e+21 9.60722573e+21 9.55873100e+21 9.48753768e+21 9.39313673e+21 9.27531063e+21 9.13413969e+21 8.97000224e+21 8.78356881e+21 8.57579048e+21 8.34788165e+21 8.10129779e+21 7.83770868e+21
1.93053713e+20 2.05700156e+20 2.19010198e+20 2.33010970e+20 2.47731523e+20 2.63203281e+20 2.79460603e+20 2.96541449e+20 3.14488195e+20 3.33348607e+20 3.53176988e+20 3.74035551e+20 3.95996019e+20 4.19141496e+20 4.43568644e+20 4.69390187e+20 4.96737773e+20 5.25765225e+20 5.56652193e+20 5.89608209e+20 6.24877136e+20 6.62741970e+20 7.03529917e+20 7.47617629e+20 7.95436403e+20 8.47477102e+20 9.04294436e+20 9.66510138e+20 1.03481448e+21 1.10996540e+21 1.19278442e+21 1.28414850e+21 1.38497673e+21 1.49621108e+21 1.61879035e+21 1.75361690e+21 1.90151614e+21 2.06318962e+21 2.23916325e+21 2.42973327e+21 2.63491376e+21 2.85438983e+21 3.08748183e+21 3.33312505e+21 3.58986924e+21 3.85590035e+21 4.12908505e+21 4.40703595e+21 4.68719336e+21 4.96691717e+21 5.24358172e+21 5.51466630e+21 5.77783473e+21 6.03099931e+21 6.27236635e+21 6.50046270e+21 6.71414449e+21 6.91259071e+21 7.09528492e+21 7.26198889e+21 7.41271143e+21 7.54767554e+21 7.66728607e+21 7.77209973e+21 7.86279824e+21 7.94016530e+21 8.00506735e+21 8.05843794e+21 8.10126514e+21 8.13458165e+21 8.15945677e+21 8.17698981e+21 8.18830426e+21 8.19454221e+21 8.19685863e+21 8.19641503e+21 8.19437222e+21 8.19188204e+21 8.19007769e+21 8.19006283e+21 8.19289923e+21 8.19959322e+21 8.21108097e+21 8.22821287e+21 8.25173730e+21 8.28228413e+21 8.32034832e+21 8.36627418e+21 8.42024063e+21 8.48224810e+21 8.55210743e+21 8.62943150e+21 8.71362977e+21 8.80390647e+21 8.89926253e+21 8.99850173e+21 9.10024115e+21 9.20292601e+21 9.30484888e+21 9.40417309e+21 9.49895996e+21 9.58719954e+21 9.66684413e+21 9.73584412e+21 9.79218519e+21 9.83392615e+21 9.85923653e+21 9.86643289e+21 9.85401315e+21 9.82068782e+21 9.76540750e+21 9.68738589e+21 9.58611758e+21 9.46139034e+21 9.31329142e+21 9.14220780e+21 8.94882028e+21 8.73409178e+21 8.49924993e+21 8.24576466e+21 7.97532126e+21
1.94513048e+20 2.07441918e+20 2.21062397e+20 2.35403414e+20 2.50495905e+20 2.66373275e+20 2.83071970e+20 3.00632173e+20 3.19098635e+20 3.38521682e+20 3.58958401e+20 3.80474057e+20 4.03143751e+20 4.27054364e+20 4.52306813e+20 4.79018651e+20 5.07327054e+20 5.37392204e+20 5.69401098e+20 6.03571790e+20 6.40158047e+20 6.79454380e+20 7.21801381e+20 7.67591234e+20 8.17273211e+20 8.71358894e+20 9.30426745e+20 9.95125567e+20 1.06617624e+21 1.14437098e+21 1.23056934e+21 1.32568986e+21 1.43069649e+21 1.54657872e+21 1.67432460e+21 1.81488619e+21 1.96913746e+21 2.13782525e+21 2.32151522e+21 2.52053514e+21 2.73491966e+21 2.96436093e+21 3.20817036e+21 3.46525659e+21 3.73412397e+21 4.01289424e+21 4.29935208e+21 4.59101240e+21 4.88520505e+21 5.17917048e+21 5.47015874e+21 5.75552417e+21 6.03280898e+21 6.29981066e+21 6.55463032e+21 6.79570122e+21 7.02179862e+21 7.23203390e+21 7.42583603e+21 7.60292455e+21 7.76327742e+21 7.90709692e+21 8.03477609e+21 8.14686740e+21 8.24405471e+21 8.32712917e+21 8.39696900e+21 8.45452304e+21 8.50079755e+21 8.53684569e+21 8.56375913e+21 8.58266109e+21 8.59470026e+21 8.60104498e+21 8.60287739e+21 8.60138694e+21 8.59776304e+21 8.59318660e+21 8.58882038e+21 8.58579781e+21 8.58521063e+21 8.58809513e+21 8.59541728e+21 8.60805692e+21 8.62679139e+21 8.65227879e+21 8.68504144e+21 8.72544989e+21 8.77370803e+21 8.82983975e+21 8.89367778e+21 8.96485505e+21 9.04279923e+21 9.12673074e+21 9.21566467e+21 9.30841693e+21 9.40361464e+21 9.49971113e+21 9.59500522e+21 9.68766473e+21 9.77575395e+21 9.85726455e+21 9.93014938e+21 9.99235851e+21 1.00418768e+22 1.00767619e+22 1.00951824e+22 1.00954540e+22 1.00760745e+22 1.00357551e+22 9.97344800e+21 9.88836997e+21 9.78001990e+21 9.64819136e+21 9.49297895e+21 9.31477851e+21 9.11428122e+21 8.89246175e+21 8.65056082e+21 8.39006250e+21 8.11266718e+21
1.95528716e+20 2.08715325e+20 2.22621008e+20 2.37276540e+20 2.52714788e+20 2.68971189e+20 2.86084334e+20 3.04096677e+20 3.23055400e+20 3.43013437e+20 3.64030707e+20 3.86175573e+20 4.09526554e+20 4.34174338e+20 4.60224118e+20 4.87798294e+20 5.17039573e+20 5.48114485e+20 5.81217358e+20 6.16574734e+20 6.54450241e+20 6.95149851e+20 7.39027482e+20 7.86490788e+20 8.38006957e+20 8.94108236e+20 9.55396820e+20 1.02254858e+21 1.09631507e+21 1.17752293e+21 1.26706993e+21 1.36591656e+21 1.47507211e+21 1.59557423e+21 1.72846107e+21 1.87473549e+21 2.03532128e+21 2.21101220e+21 2.40241540e+21 2.60989221e+21 2.83350009e+21 3.07294050e+21 3.32751829e+21 3.59611777e+21 3.87720005e+21 4.16882458e+21 4.46869555e+21 4.77423124e+21 5.08265160e+21 5.39107760e+21 5.69663438e+21 5.99655015e+21 6.28824380e+21 6.56939590e+21 6.83799984e+21 7.09239245e+21 7.33126521e+21 7.55365876e+21 7.75894440e+21 7.94679639e+21 8.11715884e+21 8.27021053e+21 8.40632998e+21 8.52606292e+21 8.63009305e+21 8.71921684e+21 8.79432236e+21 8.85637202e+21 8.90638867e+21 8.94544456e+21 8.97465252e+21 8.99515859e+21 9.00813574e+21 9.01477782e+21 9.01629349e+21 9.01389964e+21 9.00881391e+21 9.00224609e+21 8.99538831e+21 8.98940385e+21 8.98541452e+21 8.98448679e+21 8.98761679e+21 8.99571429e+21 9.00958617e+21 9.02991944e+21 9.05726455e+21 9.09201918e+21 9.13441315e+21 9.18449491e+21 9.24212021e+21 9.30694330e+21 9.37841134e+21 9.45576234e+21 9.53802700e+21 9.62403480e+21 9.71242449e+21 9.80165907e+21 9.89004515e+21 9.97575668e+21 1.00568625e+22 1.01313575e+22 1.01971965e+22 1.02523309e+22 1.02947462e+22 1.03225003e+22 1.03337619e+22 1.03268474e+22 1.03002555e+22 1.02526989e+22 1.01831327e+22 1.00907772e+22 9.97513643e+21 9.83601018e+21 9.67350082e+21 9.48801333e+21 9.28024940e+21 9.05119551e+21 8.80210529e+21 8.53447679e+21 8.25002513e+21
1.96100538e+20 2.09518828e+20 2.23682974e+20 2.38625637e+20 2.54381662e+20 2.70988562e+20 2.88487118e+20 3.06922106e+20 3.26343184e+20 3.46805940e+20 3.68373170e+20 3.91116368e+20 4.15117504e+20 4.40471095e+20 4.67286628e+20 4.95691352e+20 5.25833493e+20 5.57885910e+20 5.92050219e+20 6.28561402e+20 6.67692872e+20 7.09761984e+20 7.55135884e+20 8.04237592e+20 8.57552101e+20 9.15632225e+20 9.79103797e+20 1.04866971e+21 1.12511214e+21 1.20929221e+21 1.30214605e+21 1.40467634e+21 1.51793808e+21 1.64301765e+21 1.78100407e+21 1.93295196e+21 2.09983623e+21 2.28249899e+21 2.48159073e+21 2.69750838e+21 2.93033442e+21 3.17978210e+21 3.44515223e+21 3.72530732e+21 4.01866765e+21 4.32323257e+21 4.63662769e+21 4.95617604e+21 5.27898861e+21 5.60206722e+21 5.92241182e+21 6.23712363e+21 6.54349682e+21 6.83909308e+21 7.12179576e+21 7.38984263e+21 7.64183844e+21 7.87675010e+21 8.09388808e+21 8.29287825e+21 8.47362787e+21 8.63628921e+21 8.78122352e+21 8.90896715e+21 9.02020119e+21 9.11572515e+21 9.19643488e+21 9.26330445e+21 9.31737163e+21 9.35972622e+21 9.39150084e+21 9.41386319e+21 9.42800947e+21 9.43515816e+21 9.43654376e+21 9.43340999e+21 9.42700227e+21 9.41855897e+21 9.40930145e+21 9.40042274e+21 9.39307481e+21 9.38835455e+21 9.38728853e+21 9.39081690e+21 9.39977660e+21 9.41488422e+21 9.43671908e+21 9.46570686e+21 9.50210424e+21 9.54598529e+21 9.59722988e+21 9.65551478e+21 9.72030792e+21 9.79086621e+21 9.86623734e+21 9.94526583e+21 1.00266035e+22 1.01087245e+22 1.01899447e+22 1.02684458e+22 1.03423026e+22 1.04095147e+22 1.04680405e+22 1.05158341e+22 1.05508828e+22 1.05712463e+22 1.05750947e+22 1.05607459e+22 1.05267008e+22 1.04716748e+22 1.03946264e+22 1.02947804e+22 1.01716465e+22 1.00250312e+22 9.85504527e+21 9.66210294e+21 9.44691664e+21 9.21048470e+21 8.95407365e+21 8.67919536e+21 8.38757946e+21
1.96230311e+20 2.09852928e+20 2.24247360e+20 2.39448188e+20 2.55492271e+20 2.72419238e+20 2.90272102e+20 3.09098003e+20 3.28949112e+20 3.49883715e+20 3.71967515e+20 3.95275170e+20 4.19892123e+20 4.45916738e+20 4.73462796e+20 5.02662386e+20 5.33669233e+20 5.66662481e+20 6.01850982e+20 6.39478073e+20 6.79826864e+20 7.23225972e+20 7.70055640e+20 8.20754102e+20 8.75824002e+20 9.35838554e+20 1.00144707e+21 1.07337933e+21 1.15244804e+21 1.23954875e+21 1.33565598e+21 1.44181473e+21 1.55912601e+21 1.68872536e+21 1.83175332e+21 1.98931720e+21 2.16244415e+21 2.35202614e+21 2.55875872e+21 2.78307646e+21 3.02508924e+21 3.28452458e+21 3.56068197e+21 3.85240483e+21 4.15807533e+21 4.47563524e+21 4.80263376e+21 5.13630055e+21 5.47363887e+21 5.81153215e+21 6.14685526e+21 6.47658190e+21 6.79788039e+21 7.10819192e+21 7.40528765e+21 7.68730378e+21 7.95275552e+21 8.20053304e+21 8.42988290e+21 8.64037941e+21 8.83188986e+21 9.00453700e+21 9.15866187e+21 9.29478866e+21 9.41359327e+21 9.51587583e+21 9.60253774e+21 9.67456270e+21 9.73300150e+21 9.77895986e+21 9.81358868e+21 9.83807600e+21 9.85364011e+21 9.86152314e+21 9.86298454e+21 9.85929425e+21 9.85172492e+21 9.84154309e+21 9.82999911e+21 9.81831567e+21 9.80767490e+21 9.79920422e+21 9.79396096e+21 9.79291601e+21 9.79693687e+21 9.80677034e+21 9.82302532e+21 9.84615629e+21 9.87644773e+21 9.91400032e+21 9.95871912e+21 1.00103046e+22 1.00682467e+22 1.01318224e+22 1.02000979e+22 1.02719340e+22 1.03459970e+22 1.04207737e+22 1.04945908e+22 1.05656389e+22 1.06320004e+22 1.06916811e+22 1.07426442e+22 1.07828478e+22 1.08102826e+22 1.08230111e+22 1.08192061e+22 1.07971883e+22 1.07554615e+22 1.06927448e+22 1.06080010e+22 1.05004602e+22 1.03696382e+22 1.02153492e+22 1.00377122e+22 9.83715133e+21 9.61438995e+21 9.37043831e+21 9.10657588e+21 8.82432822e+21 8.52543933e+21
1.95922250e+20 2.09720663e+20 2.24315881e+20 2.39744434e+20 2.56045224e+20 2.73260031e+20 2.91434133e+20 3.10617068e+20 3.30863555e+20 3.52234608e+20 3.74798863e+20 3.98634168e+20 4.23829450e+20 4.50486924e+20 4.78724658e+20 5.08679563e+20 5.40510820e+20 5.74403805e+20 6.10574523e+20 6.49274572e+20 6.90796629e+20 7.35480426e+20 7.83719127e+20 8.35965991e+20 8.92741096e+20 9.54637835e+20 1.02232878e+21 1.09657036e+21 1.17820564e+21 1.26816445e+21 1.36745961e+21 1.47717849e+21 1.59846826e+21 1.73251396e+21 1.88050818e+21 2.04361173e+21 2.22290506e+21 2.41933141e+21 2.63363309e+21 2.86628439e+21 3.11742490e+21 3.38679911e+21 3.67370799e+21 3.97697886e+21 4.29495872e+21 4.62553456e+21 4.96618182e+21 5.31403892e+21 5.66600316e+21 6.01884067e+21 6.36930175e+21 6.71423244e+21 7.05067444e+21 7.37594705e+21 7.68770734e+21 7.98398759e+21 8.26321083e+21 8.52418751e+21 8.76609720e+21 8.98845951e+21 9.19109852e+21 9.37410438e+21 9.53779486e+21 9.68267912e+21 9.80942510e+21 9.91883099e+21 1.00118013e+22 1.00893273e+22 1.01524707e+22 1.02023512e+22 1.02401366e+22 1.02670336e+22 1.02842813e+22 1.02931445e+22 1.02949066e+22 1.02908630e+22 1.02823128e+22 1.02705504e+22 1.02568547e+22 1.02424779e+22 1.02286322e+22 1.02164757e+22 1.02070966e+22 1.02014969e+22 1.02005752e+22 1.02051089e+22 1.02157373e+22 1.02329444e+22 1.02570434e+22 1.02881625e+22 1.03262330e+22 1.03709802e+22 1.04219171e+22 1.04783424e+22 1.05393416e+22 1.06037935e+22 1.06703801e+22 1.07376022e+22 1.08037987e+22 1.08671706e+22 1.09258094e+22 1.09777280e+22 1.10208964e+22 1.10532776e+22 1.10728671e+22 1.10777313e+22 1.10660470e+22 1.10361386e+22 1.09865139e+22 1.09158967e+22 1.08232547e+22 1.07078242e+22 1.05691278e+22 1.04069875e+22 1.02215316e+22 1.00131941e+22 9.78270955e+21 9.53110029e+21 9.25965877e+21 8.96992424e+21 8.66365493e+21
1.95183336e+20 2.09127979e+20 2.23893307e+20 2.39517819e+20 2.56042483e+20 2.73511254e+20 2.91971701e+20 3.11475786e+20 3.32080804e+20 3.53850516e+20 3.76856516e+20 4.01179848e+20 4.26912932e+20 4.54161827e+20 4.83048871e+20 5.13715758e+20 5.46327074e+20 5.81074351e+20 6.18180649e+20 6.57905700e+20 7.00551596e+20 7.46469000e+20 7.96063787e+20 8.49803997e+20 9.08226875e+20 9.71945708e+20 1.04165603e+21 1.11814062e+21 1.20227263e+21 1.29501590e+21 1.39742142e+21 1.51061879e+21 1.63580138e+21 1.77420398e+21 1.92707163e+21 2.09561931e+21 2.28098177e+21 2.48415480e+21 2.70592919e+21 2.94682093e+21 3.20700179e+21 3.48623591e+21 3.78382875e+21 4.09859468e+21 4.42884874e+21 4.77242634e+21 5.12673206e+21 5.48881569e+21 5.85547070e+21 6.22334749e+21 6.58907270e+21 6.94936496e+21 7.30113891e+21 7.64159088e+21 7.96826223e+21 8.27907916e+21 8.57236995e+21 8.84686253e+21 9.10166639e+21 9.33624324e+21 9.55037079e+21 9.74410330e+21 9.91773217e+21 1.00717485e+22 1.02068094e+22 1.03237084e+22 1.04233506e+22 1.05067323e+22 1.05749241e+22 1.06290579e+22 1.06703161e+22 1.06999230e+22 1.07191369e+22 1.07292438e+22 1.07315502e+22 1.07273759e+22 1.07180459e+22 1.07048817e+22 1.06891904e+22 1.06722533e+22 1.06553128e+22 1.06395574e+22 1.06261065e+22 1.06159934e+22 1.06101481e+22 1.06093794e+22 1.06143573e+22 1.06255962e+22 1.06434388e+22 1.06680418e+22 1.06993638e+22 1.07371559e+22 1.07809555e+22 1.08300839e+22 1.08836475e+22 1.09405440e+22 1.09994728e+22 1.10589499e+22 1.11173277e+22 1.11728193e+22 1.12235260e+22 1.12674700e+22 1.13026285e+22 1.13269714e+22 1.13384998e+22 1.13352855e+22 1.13155100e+22 1.12775028e+22 1.12197767e+22 1.11410607e+22 1.10403288e+22 1.09168236e+22 1.07700755e+22 1.05999151e+22 1.04064797e+22 1.01902141e+22 9.95186416e+21 9.69246446e+21 9.41332052e+21 9.11598529e+21 8.80223115e+21
1.94023556e+20 2.08084007e+20 2.22987772e+20 2.38775331e+20 2.55489733e+20 2.73177124e+20 2.91887383e+20 3.11674912e+20 3.32599600e+20 3.54727970e+20 3.78134581e+20 4.02903681e+20 4.29131175e+20 4.56926948e+20 4.86417576e+20 5.17749489e+20 5.51092609e+20 5.86644530e+20 6.24635248e+20 6.65332477e+20 7.09047543e+20 7.56141823e+20 8.07033649e+20 8.62205554e+20 9.22211632e+20 9.87684714e+20 1.05934292e+21 1.13799502e+21 1.22454386e+21 1.31998695e+21 1.42541313e+21 1.54199407e+21 1.67096926e+21 1.81362325e+21 1.97125391e+21 2.14513088e+21 2.33644413e+21 2.54624319e+21 2.77536896e+21 3.02438118e+21 3.29348618e+21 3.58247057e+21 3.89064743e+21 4.21682155e+21 4.55927948e+21 4.91580852e+21 5.28374569e+21 5.66005518e+21 6.04142915e+21 6.42440429e+21 6.80548491e+21 7.18126288e+21 7.54852572e+21 7.90434603e+21 8.24614808e+21 8.57175008e+21 8.87938318e+21 9.16769001e+21 9.43570699e+21 9.68283475e+21 9.90880132e+21 1.01136219e+22 1.02975581e+22 1.04610800e+22 1.06048308e+22 1.07295964e+22 1.08362799e+22 1.09258802e+22 1.09994743e+22 1.10582041e+22 1.11032650e+22 1.11358966e+22 1.11573753e+22 1.11690068e+22 1.11721193e+22 1.11680561e+22 1.11581672e+22 1.11438006e+22 1.11262909e+22 1.11069484e+22 1.10870451e+22 1.10678000e+22 1.10503638e+22 1.10358013e+22 1.10250742e+22 1.10190230e+22 1.10183493e+22 1.10235983e+22 1.10351432e+22 1.10531698e+22 1.10776651e+22 1.11084071e+22 1.11449587e+22 1.11866648e+22 1.12326542e+22 1.12818447e+22 1.13329543e+22 1.13845155e+22 1.14348958e+22 1.14823211e+22 1.15249047e+22 1.15606786e+22 1.15876291e+22 1.16037339e+22 1.16070010e+22 1.15955086e+22 1.15674444e+22 1.15211436e+22 1.14551251e+22 1.13681243e+22 1.12591217e+22 1.11273675e+22 1.09724002e+22 1.07940594e+22 1.05924924e+22 1.03681548e+22 1.01218040e+22 9.85448723e+21 9.56752309e+21 9.26247827e+21 8.94113926e+21
1.92456055e+20 2.06601233e+20 2.21610969e+20 2.37527725e+20 2.54396640e+20 2.72266054e+20 2.91188167e+20 3.11219833e+20 3.32423537e+20 3.54868574e+20 3.78632466e+20 4.03802656e+20 4.30478521e+20 4.58773743e+20 4.88819093e+20 5.20765670e+20 5.54788652e+20 5.91091580e+20 6.29911246e+20 6.71523174e+20 7.16247710e+20 7.64456694e+20 8.16580625e+20 8.73116195e+20 9.34633972e+20 1.00178592e+21 1.07531230e+21 1.15604742e+21 1.24492334e+21 1.34297083e+21 1.45131615e+21 1.57117269e+21 1.70382586e+21 1.85060996e+21 2.01287579e+21 2.19194813e+21 2.38907290e+21 2.60535454e+21 2.84168555e+21 3.09867145e+21 3.37655556e+21 3.67514985e+21 3.99377825e+21 4.33123950e+21 4.68579543e+21 5.05518898e+21 5.43669329e+21 5.82719034e+21 6.22327398e+21 6.62136959e+21 7.01786095e+21 7.40921421e+21 7.79209010e+21 8.16343708e+21 8.52056124e+21 8.86117110e+21 9.18339843e+21 9.48579798e+21 9.76733011e+21 1.00273312e+22 1.02654764e+22 1.04817384e+22 1.06763459e+22 1.08497445e+22 1.10025602e+22 1.11355687e+22 1.12496679e+22 1.13458566e+22 1.14252160e+22 1.14888955e+22 1.15381014e+22 1.15740869e+22 1.15981443e+22 1.16115978e+22 1.16157960e+22 1.16121045e+22 1.16018973e+22 1.15865478e+22 1.15674180e+22 1.15458462e+22 1.15231338e+22 1.15005305e+22 1.14792178e+22 1.14602922e+22 1.14447476e+22 1.14334564e+22 1.14271523e+22 1.14264122e+22 1.14316400e+22 1.14430520e+22 1.14606643e+22 1.14842827e+22 1.15134968e+22 1.15476763e+22 1.15859733e+22 1.16273273e+22 1.16704759e+22 1.17139696e+22 1.17561920e+22 1.17953836e+22 1.18296705e+22 1.18570961e+22 1.18756569e+22 1.18833397e+22 1.18781606e+22 1.18582054e+22 1.18216688e+22 1.17668931e+22 1.16924040e+22 1.15969441e+22 1.14795016e+22 1.13393347e+22 1.11759908e+22 1.09893190e+22 1.07794770e+22 1.05469315e+22 1.02924521e+22 1.00170985e+22 9.72220280e+21 9.40934536e+21 9.08032681e+21
1.90497213e+20 2.04695592e+20 2.19778261e+20 2.35789658e+20 2.52777001e+20 2.70790831e+20 2.89885664e+20 3.10120803e+20 3.31561333e+20 3.54279311e+20 3.78355216e+20 4.03879668e+20 4.30955486e+20 4.59700110e+20 4.90248448e+20 5.22756197e+20 5.57403682e+20 5.94400268e+20 6.33989380e+20 6.76454151e+20 7.22123712e+20 7.71380080e+20 8.24665592e+20 8.82490719e+20 9.45442079e+20 1.01419029e+21 1.08949727e+21 1.17222228e+21 1.26332608e+21 1.36387211e+21 1.47502357e+21 1.59803513e+21 1.73423774e+21 1.88501528e+21 2.05177151e+21 2.23588669e+21 2.43866327e+21 2.66126165e+21 2.90462743e+21 3.16941381e+21 3.45590358e+21 3.76393698e+21 4.09285215e+21 4.44144552e+21 4.80795815e+21 5.19009268e+21 5.58506241e+21 5.98967090e+21 6.40041707e+21 6.81361788e+21 7.22553876e+21 7.63252165e+21 8.03110116e+21 8.41810157e+21 8.79070998e+21 9.14652377e+21 9.48357332e+21 9.80032296e+21 1.00956542e+22 1.03688360e+22 1.06194873e+22 1.08475348e+22 1.10531711e+22 1.12368138e+22 1.13990687e+22 1.15406976e+22 1.16625908e+22 1.17657440e+22 1.18512398e+22 1.19202328e+22 1.19739377e+22 1.20136194e+22 1.20405844e+22 1.20561735e+22 1.20617543e+22 1.20587132e+22 1.20484472e+22 1.20323545e+22 1.20118230e+22 1.19882190e+22 1.19628728e+22 1.19370642e+22 1.19120058e+22 1.18888258e+22 1.18685502e+22 1.18520838e+22 1.18401928e+22 1.18334863e+22 1.18323998e+22 1.18371808e+22 1.18478751e+22 1.18643177e+22 1.18861255e+22 1.19126946e+22 1.19432013e+22 1.19766079e+22 1.20116729e+22 1.20469662e+22 1.20808888e+22 1.21116969e+22 1.21375308e+22 1.21564466e+22 1.21664523e+22 1.21655447e+22 1.21517495e+22 1.21231611e+22 1.20779825e+22 1.20145638e+22 1.19314386e+22 1.18273576e+22 1.17013174e+22 1.15525850e+22 1.13807172e+22 1.11855734e+22 1.09673221e+22 1.07264416e+22 1.04637137e+22 1.01802111e+22 9.87727940e+21 9.55651281e+21 9.21972608e+21
1.88166635e+20 2.02386477e+20 2.17508707e+20 2.33579721e+20 2.50648810e+20 2.68768695e+20 2.87996202e+20 3.08393075e+20 3.30026983e+20 3.52972731e+20 3.77313734e+20 4.03143762e+20 4.30569038e+20 4.59710707e+20 4.90707747e+20 5.23720357e+20 5.58933897e+20 5.96563408e+20 6.36858766e+20 6.80110495e+20 7.26656240e+20 7.76887886e+20 8.31259236e+20 8.90294124e+20 9.54594737e+20 1.02484983e+21 1.10184236e+21 1.18645597e+21 1.27967946e+21 1.38260830e+21 1.49644199e+21 1.62247590e+21 1.76208609e+21 1.91670569e+21 2.08779132e+21 2.27677884e+21 2.48502782e+21 2.71375549e+21 2.96396195e+21 3.23634999e+21 3.53124430e+21 3.84851633e+21 4.18752193e+21 4.54705906e+21 4.92535222e+21 5.32006811e+21 5.72836451e+21 6.14697073e+21 6.57229460e+21 7.00054793e+21 7.42788046e+21 7.85051179e+21 8.26485153e+21 8.66760005e+21 9.05582498e+21 9.42701134e+21 9.77908632e+21 1.01104215e+22 1.04198166e+22 1.07064703e+22 1.09699420e+22 1.12101090e+22 1.14271241e+22 1.16213737e+22 1.17934399e+22 1.19440676e+22 1.20741360e+22 1.21846348e+22 1.22766452e+22 1.23513246e+22 1.24098936e+22 1.24536265e+22 1.24838420e+22 1.25018956e+22 1.25091723e+22 1.25070780e+22 1.24970314e+22 1.24804541e+22 1.24587596e+22 1.24333411e+22 1.24055574e+22 1.23767179e+22 1.23480662e+22 1.23207621e+22 1.22958637e+22 1.22743089e+22 1.22568963e+22 1.22442678e+22 1.22368914e+22 1.22350460e+22 1.22388086e+22 1.22480438e+22 1.22623972e+22 1.22812919e+22 1.23039299e+22 1.23292974e+22 1.23561752e+22 1.23831536e+22 1.24086522e+22 1.24309445e+22 1.24481859e+22 1.24584467e+22 1.24597475e+22 1.24500965e+22 1.24275301e+22 1.23901524e+22 1.23361756e+22 1.22639587e+22 1.21720444e+22 1.20591922e+22 1.19244077e+22 1.17669679e+22 1.15864394e+22 1.13826923e+22 1.11559066e+22 1.09065725e+22 1.06354846e+22 1.03437287e+22 1.00326639e+22 9.70389851e+21 9.35926147e+21
1.85487095e+20 1.99696681e+20 2.14825011e+20 2.30920414e+20 2.48034225e+20 2.66221330e+20 2.85540841e+20 3.06056920e+20 3.27839801e+20 3.50967013e+20 3.75524871e+20 4.01610260e+20 4.29332755e+20 4.58817145e+20 4.90206390e+20 5.23665092e+20 5.59383514e+20 5.97582209e+20 6.38517303e+20 6.82486466e+20 7.29835571e+20 7.80966023e+20 8.36342693e+20 8.96502312e+20 9.62062113e+20 1.03372840e+21 1.11230454e+21 1.19869787e+21 1.29392447e+21 1.39911112e+21 1.51549288e+21 1.64440516e+21 1.78726852e+21 1.94556488e+21 2.12080350e+21 2.31447589e+21 2.52799909e+21 2.76264799e+21 3.01947848e+21 3.29924479e+21 3.60231590e+21 3.92859750e+21 4.27746664e+21 4.64772687e+21 5.03759049e+21 5.44469288e+21 5.86614097e+21 6.29859437e+21 6.73837400e+21 7.18159024e+21 7.62428019e+21 8.06254344e+21 8.49266606e+21 8.91122518e+21 9.31516877e+21 9.70186856e+21 1.00691469e+22 1.04152804e+22 1.07389846e+22 1.10393845e+22 1.13159768e+22 1.15685861e+22 1.17973218e+22 1.20025355e+22 1.21847822e+22 1.23447866e+22 1.24834133e+22 1.26016431e+22 1.27005529e+22 1.27812999e+22 1.28451082e+22 1.28932590e+22 1.29270811e+22 1.29479430e+22 1.29572448e+22 1.29564107e+22 1.29468794e+22 1.29300951e+22 1.29074956e+22 1.28805001e+22 1.28504956e+22 1.28188205e+22 1.27867489e+22 1.27554722e+22 1.27260809e+22 1.26995455e+22 1.26766980e+22 1.26582132e+22 1.26445921e+22 1.26361461e+22 1.26329837e+22 1.26350002e+22 1.26418708e+22 1.26530469e+22 1.26677570e+22 1.26850125e+22 1.27036176e+22 1.27221842e+22 1.27391520e+22 1.27528127e+22 1.27613385e+22 1.27628150e+22 1.27552763e+22 1.27367437e+22 1.27052651e+22 1.26589555e+22 1.25960375e+22 1.25148802e+22 1.24140358e+22 1.22922738e+22 1.21486098e+22 1.19823311e+22 1.17930151e+22 1.15805432e+22 1.13451072e+22 1.10872099e+22 1.08076586e+22 1.05075527e+22 1.01882653e+22 9.85141857e+21 9.49885574e+21
1.82484418e+20 1.96652290e+20 2.11753420e+20 2.27838034e+20 2.44959480e+20 2.63174776e+20 2.82545288e+20 3.03137568e+20 3.25024378e+20 3.48285934e+20 3.73011416e+20 3.99300766e+20 4.27266855e+20 4.57038036e+20 4.88761162e+20 5.22605118e+20 5.58764922e+20 5.97466460e+20 6.38971894e+20 6.83585775e+20 7.31661885e+20 7.83610782e+20 8.39907970e+20 9.01102578e+20 9.67826319e+20 1.04080240e+21 1.12085392e+21 1.20891110e+21 1.30601655e+21 1.41332749e+21 1.53211375e+21 1.66374993e+21 1.80970040e+21 1.97149530e+21 2.15069616e+21 2.34885003e+21 2.56743169e+21 2.80777438e+21 3.07099098e+21 3.35788891e+21 3.66888385e+21 4.00391871e+21 4.36239537e+21 4.74312708e+21 5.14431853e+21 5.56357863e+21 5.99796843e+21 6.44408267e+21 6.89815999e+21 7.35621343e+21 7.81417096e+21 8.26801481e+21 8.71390944e+21 9.14830971e+21 9.56804407e+21 9.97037031e+21 1.03530046e+22 1.07141264e+22 1.10523646e+22 1.13667677e+22 1.16567662e+22 1.19221287e+22 1.21629178e+22 1.23794465e+22 1.25722394e+22 1.27419969e+22 1.28895663e+22 1.30159160e+22 1.31221155e+22 1.32093187e+22 1.32787508e+22 1.33316973e+22 1.33694948e+22 1.33935223e+22 1.34051937e+22 1.34059493e+22 1.33972467e+22 1.33805509e+22 1.33573231e+22 1.33290078e+22 1.32970188e+22 1.32627236e+22 1.32274261e+22 1.31923491e+22 1.31586153e+22 1.31272282e+22 1.30990531e+22 1.30747984e+22 1.30549984e+22 1.30399975e+22 1.30299367e+22 1.30247429e+22 1.30241217e+22 1.30275536e+22 1.30342951e+22 1.30433837e+22 1.30536481e+22 1.30637233e+22 1.30720701e+22 1.30769997e+22 1.30767025e+22 1.30692802e+22 1.30527823e+22 1.30252439e+22 1.29847257e+22 1.29293549e+22 1.28573654e+22 1.27671373e+22 1.26572336e+22 1.25264344e+22 1.23737664e+22 1.21985276e+22 1.20003071e+22 1.17789982e+22 1.15348051e+22 1.12682432e+22 1.09801335e+22 1.06715889e+22 1.03439965e+22 9.99899297e+21 9.63843558e+21
1.79187331e+20 1.93282524e+20 2.08323564e+20 2.24362529e+20 2.41454734e+20 2.59659286e+20 2.79039764e+20 2.99665069e+20 3.21610447e+20 3.44958757e+20 3.69801984e+20 3.96243075e+20 4.24398118e+20 4.54398946e+20 4.86396197e+20 5.20562907e+20 5.57098693e+20 5.96234581e+20 6.38238528e+20 6.83421687e+20 7.32145416e+20 7.84829024e+20 8.41958188e+20 9.04093900e+20 9.71881745e+20 1.04606115e+21 1.12747418e+21 1.21707313e+21 1.31592625e+21 1.42522029e+21 1.54625888e+21 1.68045498e+21 1.82931589e+21 1.99441930e+21 2.17737848e+21 2.37979580e+21 2.60320392e+21 2.84899499e+21 3.11833998e+21 3.41210122e+21 3.73074340e+21 4.07424964e+21 4.44205032e+21 4.83297264e+21 5.24521838e+21 5.67637506e+21 6.12346309e+21 6.58301755e+21 7.05119971e+21 7.52392979e+21 7.99703047e+21 8.46636977e+21 8.92799275e+21 9.37823338e+21 9.81380103e+21 1.02318392e+22 1.06299565e+22 1.10062339e+22 1.13592106e+22 1.16878561e+22 1.19915316e+22 1.22699461e+22 1.25231118e+22 1.27512995e+22 1.29549996e+22 1.31348851e+22 1.32917819e+22 1.34266430e+22 1.35405271e+22 1.36345820e+22 1.37100310e+22 1.37681613e+22 1.38103145e+22 1.38378783e+22 1.38522782e+22 1.38549686e+22 1.38474243e+22 1.38311300e+22 1.38075687e+22 1.37782092e+22 1.37444915e+22 1.37078110e+22 1.36695014e+22 1.36308163e+22 1.35929106e+22 1.35568208e+22 1.35234455e+22 1.34935271e+22 1.34676337e+22 1.34461433e+22 1.34292301e+22 1.34168532e+22 1.34087496e+22 1.34044301e+22 1.34031799e+22 1.34040638e+22 1.34059365e+22 1.34074569e+22 1.34071084e+22 1.34032229e+22 1.33940099e+22 1.33775891e+22 1.33520261e+22 1.33153711e+22 1.32656990e+22 1.32011500e+22 1.31199707e+22 1.30205530e+22 1.29014718e+22 1.27615188e+22 1.25997322e+22 1.24154220e+22 1.22081895e+22 1.19779404e+22 1.17248916e+22 1.14495723e+22 1.11528168e+22 1.08357522e+22 1.04997798e+22 1.01465506e+22 9.77793637e+21
1.75627283e+20 1.89619559e+20 2.04568274e+20 2.20527301e+20 2.37553869e+20 2.55709121e+20 2.75058800e+20 2.95674098e+20 3.17632696e+20 3.41020034e+20 3.65930843e+20 3.92470998e+20 4.20759725e+20 4.50932237e+20 4.83142836e+20 5.17568572e+20 5.54413485e+20 5.93913532e+20 6.36342218e+20 6.82016997e+20 7.31306446e+20 7.84638209e+20 8.42507644e+20 9.05487043e+20 9.74235215e+20 1.04950709e+21 1.13216287e+21 1.22317606e+21 1.32363958e+21 1.43476873e+21 1.55789994e+21 1.69448347e+21 1.84606868e+21 2.01427994e+21 2.20078165e+21 2.40723116e+21 2.63521898e+21 2.88619667e+21 3.16139424e+21 3.46173053e+21 3.78772154e+21 4.13939362e+21 4.51620927e+21 4.91701398e+21 5.34001150e+21 5.78277322e+21 6.24228437e+21 6.71502588e+21 7.19708692e+21 7.68429974e+21 8.17238599e+21 8.65710297e+21 9.13437894e+21 9.60042867e+21 1.00518433e+22 1.04856517e+22 1.08993544e+22 1.12909317e+22 1.16588314e+22 1.20019409e+22 1.23195490e+22 1.26113017e+22 1.28771571e+22 1.31173405e+22 1.33323039e+22 1.35226896e+22 1.36892985e+22 1.38330644e+22 1.39550321e+22 1.40563403e+22 1.41382070e+22 1.42019185e+22 1.42488190e+22 1.42803023e+22 1.42978031e+22 1.43027882e+22 1.42967477e+22 1.42811843e+22 1.42576017e+22 1.42274916e+22 1.41923193e+22 1.41535074e+22 1.41124184e+22 1.40703368e+22 1.40284492e+22 1.39878248e+22 1.39493961e+22 1.39139394e+22 1.38820570e+22 1.38541613e+22 1.38304599e+22 1.38109453e+22 1.37953865e+22 1.37833256e+22 1.37740775e+22 1.37667356e+22 1.37601815e+22 1.37530993e+22 1.37439961e+22 1.37312259e+22 1.37130186e+22 1.36875129e+22 1.36527920e+22 1.36069223e+22 1.35479939e+22 1.34741616e+22 1.33836852e+22 1.32749700e+22 1.31466034e+22 1.29973898e+22 1.28263798e+22 1.26328961e+22 1.24165527e+22 1.21772684e+22 1.19152738e+22 1.16311116e+22 1.13256303e+22 1.09999714e+22 1.06555507e+22 1.02940337e+22 9.91730646e+21
1.71838257e+20 1.85698324e+20 2.00523368e+20 2.16368990e+20 2.33294272e+20 2.51362328e+20 2.70641003e+20 2.91203718e+20 3.13130523e+20 3.36509371e+20 3.61437665e+20 3.88024125e+20 4.16391022e+20 4.46676836e+20 4.79039411e+20 5.13659648e+20 5.50745832e+20 5.90538629e+20 6.33316828e+20 6.79403869e+20 7.29175174e+20 7.83066284e+20 8.41581724e+20 9.05304497e+20 9.74905957e+20 1.05115577e+21 1.13493142e+21 1.22722669e+21 1.32915815e+21 1.44196861e+21 1.56702615e+21 1.70581729e+21 1.85993235e+21 2.03104149e+21 2.22085949e+21 2.43109818e+21 2.66340582e+21 2.91929367e+21 3.20005171e+21 3.50665680e+21 3.83967845e+21 4.19918917e+21 4.58468731e+21 4.99504104e+21 5.42846102e+21 5.88250796e+21 6.35413760e+21 6.83978248e+21 7.33546526e+21 7.83693543e+21 8.33981817e+21 8.83976393e+21 9.33258718e+21 9.81438550e+21 1.02816328e+22 1.07312438e+22 1.11606098e+22 1.15676093e+22 1.19505964e+22 1.23083738e+22 1.26401549e+22 1.29455194e+22 1.32243676e+22 1.34768754e+22 1.37034532e+22 1.39047083e+22 1.40814131e+22 1.42344787e+22 1.43649327e+22 1.44739009e+22 1.45625934e+22 1.46322924e+22 1.46843420e+22 1.47201395e+22 1.47411265e+22 1.47487803e+22 1.47446042e+22 1.47301171e+22 1.47068418e+22 1.46762920e+22 1.46399567e+22 1.45992851e+22 1.45556680e+22 1.45104199e+22 1.44647588e+22 1.44197867e+22 1.43764697e+22 1.43356184e+22 1.42978698e+22 1.42636706e+22 1.42332630e+22 1.42066731e+22 1.41837032e+22 1.41639272e+22 1.41466911e+22 1.41311178e+22 1.41161167e+22 1.41003987e+22 1.40824956e+22 1.40607847e+22 1.40335177e+22 1.39988533e+22 1.39548937e+22 1.38997229e+22 1.38314473e+22 1.37482371e+22 1.36483669e+22 1.35302561e+22 1.33925059e+22 1.32339339e+22 1.30536044e+22 1.28508533e+22 1.26253082e+22 1.23769017e+22 1.21058783e+22 1.18127950e+22 1.14985148e+22 1.11641939e+22 1.08112627e+22 1.04414015e+22 1.00565109e+22
1.67856571e+20 1.81556292e+20 1.96227432e+20 2.11927246e+20 2.28716591e+20 2.46660485e+20 2.65828797e+20 2.86297109e+20 3.08147762e+20 3.31471143e+20 3.56367244e+20 3.82947536e+20 4.11337228e+20 4.41677952e+20 4.74130948e+20 5.08880811e+20 5.46139871e+20 5.86153271e+20 6.29204809e+20 6.75623581e+20 7.25791469e+20 7.80151452e+20 8.39216694e+20 9.03580288e+20 9.73925432e+20 1.05103572e+21 1.13580505e+21 1.22924647e+21 1.33249916e+21 1.44683225e+21 1.57364437e+21 1.71445707e+21 1.87090054e+21 2.04468964e+21 2.23758868e+21 2.45136340e+21 2.68771952e+21 2.94822825e+21 3.23424029e+21 3.54679193e+21 3.88650834e+21 4.25351112e+21 4.64733814e+21 5.06688465e+21 5.51037332e+21 5.97535972e+21 6.45877603e+21 6.95701234e+21 7.46603072e+21 7.98150335e+21 8.49896394e+21 9.01396026e+21 9.52219627e+21 1.00196548e+22 1.05026939e+22 1.09681144e+22 1.14131983e+22 1.18357206e+22 1.22339401e+22 1.26065722e+22 1.29527518e+22 1.32719889e+22 1.35641227e+22 1.38292761e+22 1.40678135e+22 1.42803038e+22 1.44674872e+22 1.46302485e+22 1.47695941e+22 1.48866340e+22 1.49825668e+22 1.50586677e+22 1.51162779e+22 1.51567954e+22 1.51816663e+22 1.51923760e+22 1.51904389e+22 1.51773886e+22 1.51547654e+22 1.51241029e+22 1.50869134e+22 1.50446711e+22 1.49987945e+22 1.49506274e+22 1.49014190e+22 1.48523039e+22 1.48042815e+22 1.47581968e+22 1.47147218e+22 1.46743380e+22 1.46373226e+22 1.46037364e+22 1.45734152e+22 1.45459660e+22 1.45207667e+22 1.44969707e+22 1.44735167e+22 1.44491431e+22 1.44224079e+22 1.43917129e+22 1.43553328e+22 1.43114478e+22 1.42581800e+22 1.41936322e+22 1.41159286e+22 1.40232558e+22 1.39139045e+22 1.37863090e+22 1.36390854e+22 1.34710658e+22 1.32813284e+22 1.30692237e+22 1.28343933e+22 1.25767843e+22 1.22966558e+22 1.19945795e+22 1.16714334e+22 1.13283885e+22 1.09668903e+22 1.05886340e+22 1.01955348e+22
1.63720692e+20 1.77233279e+20 1.91721604e+20 2.07244491e+20 2.23864492e+20 2.41648442e+20 2.60668156e+20 2.81001289e+20 3.02732391e+20 3.25954195e+20 3.50769183e+20 3.77291478e+20 4.05649111e+20 4.35986735e+20 4.68468839e+20 5.03283535e+20 5.40646993e+20 5.80808594e+20 6.24056855e+20 6.70726190e+20 7.21204540e+20 7.75941852e+20 8.35459379e+20 9.00359670e+20 9.71337039e+20 1.04918818e+21 1.13482248e+21 1.22927123e+21 1.33369509e+21 1.44938835e+21 1.57777892e+21 1.72042215e+21 1.87898682e+21 2.05523141e+21 2.25096879e+21 2.46801784e+21 2.70814145e+21 2.97297081e+21 3.26391801e+21 3.58208011e+21 3.92813999e+21 4.30227116e+21 4.70405471e+21 5.13241739e+21 5.58559902e+21 6.06115571e+21 6.55600210e+21 7.06649210e+21 7.58853324e+21 8.11772623e+21 8.64951855e+21 9.17935978e+21 9.70284705e+21 1.02158511e+22 1.07146158e+22 1.11958289e+22 1.16566626e+22 1.20947879e+22 1.25083659e+22 1.28960227e+22 1.32568117e+22 1.35901700e+22 1.38958720e+22 1.41739838e+22 1.44248205e+22 1.46489084e+22 1.48469517e+22 1.50198050e+22 1.51684501e+22 1.52939775e+22 1.53975713e+22 1.54804961e+22 1.55440873e+22 1.55897410e+22 1.56189051e+22 1.56330705e+22 1.56337609e+22 1.56225222e+22 1.56009105e+22 1.55704783e+22 1.55327592e+22 1.54892517e+22 1.54414010e+22 1.53905795e+22 1.53380669e+22 1.52850300e+22 1.52325018e+22 1.51813616e+22 1.51323162e+22 1.50858829e+22 1.50423740e+22 1.50018854e+22 1.49642877e+22 1.49292216e+22 1.48960979e+22 1.48641016e+22 1.48322016e+22 1.47991652e+22 1.47635777e+22 1.47238667e+22 1.46783311e+22 1.46251739e+22 1.45625384e+22 1.44885475e+22 1.44013442e+22 1.42991330e+22 1.41802214e+22 1.40430603e+22 1.38862812e+22 1.37087317e+22 1.35095052e+22 1.32879672e+22 1.30437743e+22 1.27768887e+22 1.24875846e+22 1.21764490e+22 1.18443751e+22 1.14925494e+22 1.11224326e+22 1.07357349e+22 1.03343863e+22
1.59471064e+20 1.72771256e+20 1.87049369e+20 2.02365706e+20 2.18784420e+20 2.36374072e+20 2.55208330e+20 2.75366831e+20 2.96936238e+20 3.20011529e+20 3.44697576e+20 3.71111036e+20 3.99382642e+20 4.29659928e+20 4.62110472e+20 4.96925720e+20 5.34325472e+20 5.74563091e+20 6.17931518e+20 6.64770140e+20 7.15472542e+20 7.70495159e+20 8.30366771e+20 8.95698734e+20 9.67195728e+20 1.04566671e+21 1.13203557e+21 1.22735082e+21 1.33279343e+21 1.44968162e+21 1.57947126e+21 1.72375016e+21 1.88422444e+21 2.06269494e+21 2.26102200e+21 2.48107687e+21 2.72467907e+21 2.99351979e+21 3.28907304e+21 3.61249782e+21 3.96453673e+21 4.34541798e+21 4.75476948e+21 5.19155390e+21 5.65403340e+21 6.13977038e+21 6.64566816e+21 7.16805082e+21 7.70277770e+21 8.24538411e+21 8.79123680e+21 9.33569199e+21 9.87424396e+21 1.04026543e+22 1.09170547e+22 1.14140209e+22 1.18906152e+22 1.23444037e+22 1.27734485e+22 1.31762838e+22 1.35518789e+22 1.38995949e+22 1.42191378e+22 1.45105132e+22 1.47739830e+22 1.50100271e+22 1.52193098e+22 1.54026517e+22 1.55610064e+22 1.56954413e+22 1.58071220e+22 1.58972999e+22 1.59673010e+22 1.60185168e+22 1.60523942e+22 1.60704272e+22 1.60741463e+22 1.60651079e+22 1.60448818e+22 1.60150375e+22 1.59771290e+22 1.59326776e+22 1.58831539e+22 1.58299584e+22 1.57744009e+22 1.57176797e+22 1.56608610e+22 1.56048586e+22 1.55504146e+22 1.54980816e+22 1.54482081e+22 1.54009256e+22 1.53561400e+22 1.53135268e+22 1.52725303e+22 1.52323683e+22 1.51920412e+22 1.51503462e+22 1.51058971e+22 1.50571487e+22 1.50024251e+22 1.49399534e+22 1.48678997e+22 1.47844081e+22 1.46876415e+22 1.45758237e+22 1.44472801e+22 1.43004791e+22 1.41340690e+22 1.39469137e+22 1.37381227e+22 1.35070773e+22 1.32534501e+22 1.29772187e+22 1.26786734e+22 1.23584169e+22 1.20173580e+22 1.16566989e+22 1.12779159e+22 1.08827344e+22 1.04730994e+22
1.55149962e+20 1.68214184e+20 1.82256379e+20 1.97338227e+20 2.13525382e+20 2.30888031e+20 2.49501595e+20 2.69447591e+20 2.90814687e+20 3.13700002e+20 3.38210680e+20 3.64465795e+20 3.92598646e+20 4.22759500e+20 4.55118858e+20 4.89871309e+20 5.27240060e+20 5.67482199e+20 6.10894790e+20 6.57821832e+20 7.08662138e+20 7.63878142e+20 8.24005580e+20 8.89663952e+20 9.61567545e+20 1.04053671e+21 1.12750887e+21 1.22354866e+21 1.32985618e+21 1.44777229e+21 1.57877949e+21 1.72449667e+21 1.88666587e+21 2.06712901e+21 2.26779275e+21 2.49057975e+21 2.73736559e+21 3.00990132e+21 3.30972329e+21 3.63805356e+21 3.99569628e+21 4.38293708e+21 4.79945423e+21 5.24425079e+21 5.71561637e+21 6.21112555e+21 6.72767658e+21 7.26157024e+21 7.80862425e+21 8.36431476e+21 8.92393360e+21 9.48274874e+21 1.00361558e+22 1.05798105e+22 1.11097349e+22 1.16223934e+22 1.21147392e+22 1.25842326e+22 1.30288354e+22 1.34469877e+22 1.38375722e+22 1.41998706e+22 1.45335175e+22 1.48384540e+22 1.51148850e+22 1.53632402e+22 1.55841401e+22 1.57783674e+22 1.59468435e+22 1.60906090e+22 1.62108080e+22 1.63086747e+22 1.63855228e+22 1.64427359e+22 1.64817572e+22 1.65040811e+22 1.65112426e+22 1.65048061e+22 1.64863534e+22 1.64574691e+22 1.64197258e+22 1.63746666e+22 1.63237864e+22 1.62685127e+22 1.62101845e+22 1.61500315e+22 1.60891529e+22 1.60284966e+22 1.59688398e+22 1.59107714e+22 1.58546759e+22 1.58007211e+22 1.57488491e+22 1.56987707e+22 1.56499651e+22 1.56016835e+22 1.55529589e+22 1.55026197e+22 1.54493095e+22 1.53915112e+22 1.53275760e+22 1.52557560e+22 1.51742414e+22 1.50811986e+22 1.49748122e+22 1.48533259e+22 1.47150848e+22 1.45585754e+22 1.43824642e+22 1.41856323e+22 1.39672063e+22 1.37265841e+22 1.34634550e+22 1.31778131e+22 1.28699648e+22 1.25405293e+22 1.21904316e+22 1.18208900e+22 1.14333965e+22 1.10296920e+22 1.06117365e+22
1.50801376e+20 1.63607880e+20 1.77390296e+20 1.92211573e+20 2.08138757e+20 2.25243554e+20 2.43603027e+20 2.63300460e+20 2.84426417e+20 3.07080040e+20 3.31370622e+20 3.57419522e+20 3.85362463e+20 4.15352292e+20 4.47562258e+20 4.82189895e+20 5.19461587e+20 5.59637886e+20 6.03019667e+20 6.49955182e+20 7.00848049e+20 7.56166203e+20 8.16451759e+20 8.82331692e+20 9.54529129e+20 1.03387493e+21 1.12131907e+21 1.21794120e+21 1.32495933e+21 1.44373564e+21 1.57577787e+21 1.72273456e+21 1.88638223e+21 2.06860251e+21 2.27134710e+21 2.49658908e+21 2.74625938e+21 3.02216866e+21 3.32591592e+21 3.65878727e+21 4.02165015e+21 4.41485023e+21 4.83811964e+21 5.29050618e+21 5.77033211e+21 6.27519001e+21 6.80197945e+21 7.34698457e+21 7.90598813e+21 8.47441362e+21 9.04748398e+21 9.62038429e+21 1.01884160e+22 1.07471326e+22 1.12924487e+22 1.18207194e+22 1.23287891e+22 1.28140118e+22 1.32742477e+22 1.37078411e+22 1.41135854e+22 1.44906801e+22 1.48386846e+22 1.51574723e+22 1.54471872e+22 1.57082048e+22 1.59410977e+22 1.61466071e+22 1.63256182e+22 1.64791411e+22 1.66082943e+22 1.67142919e+22 1.67984317e+22 1.68620861e+22 1.69066919e+22 1.69337411e+22 1.69447703e+22 1.69413499e+22 1.69250714e+22 1.68975328e+22 1.68603236e+22 1.68150069e+22 1.67631010e+22 1.67060593e+22 1.66452494e+22 1.65819316e+22 1.65172376e+22 1.64521494e+22 1.63874796e+22 1.63238531e+22 1.62616910e+22 1.62011980e+22 1.61423528e+22 1.60849026e+22 1.60283620e+22 1.59720172e+22 1.59149344e+22 1.58559747e+22 1.57938124e+22 1.57269601e+22 1.56537970e+22 1.55726020e+22 1.54815902e+22 1.53789521e+22 1.52628949e+22 1.51316838e+22 1.49836844e+22 1.48174029e+22 1.46315248e+22 1.44249496e+22 1.41968218e+22 1.39465570e+22 1.36738617e+22 1.33787474e+22 1.30615374e+22 1.27228678e+22 1.23636801e+22 1.19852093e+22 1.15889632e+22 1.11766987e+22 1.07503908e+22
1.46470935e+20 1.58999922e+20 1.72500680e+20 1.87037312e+20 2.02678141e+20 2.19496274e+20 2.37570299e+20 2.56985152e+20 2.77833167e+20 3.00215383e+20 3.24243113e+20 3.50039863e+20 3.77743633e+20 4.07509683e+20 4.39513830e+20 4.73956351e+20 5.11066573e+20 5.51108242e+20 5.94385733e+20 6.41251184e+20 6.92112592e+20 7.47442898e+20 8.07790014e+20 8.73787718e+20 9.46167200e+20 1.02576895e+21 1.11355449e+21 1.21061736e+21 1.31819225e+21 1.43766134e+21 1.57055617e+21 1.71855344e+21 1.88346268e+21 2.06720376e+21 2.27177212e+21 2.49919013e+21 2.75144330e+21 3.03040151e+21 3.33772661e+21 3.67476963e+21 4.04246297e+21 4.44121480e+21 4.87081455e+21 5.33035903e+21 5.81820833e+21 6.33197888e+21 6.86857796e+21 7.42427981e+21 7.99483908e+21 8.57563326e+21 9.16182260e+21 9.74851486e+21 1.03309222e+22 1.09044995e+22 1.14650569e+22 1.20088418e+22 1.25325906e+22 1.30335509e+22 1.35094802e+22 1.39586253e+22 1.43796878e+22 1.47717821e+22 1.51343893e+22 1.54673113e+22 1.57706275e+22 1.60446552e+22 1.62899154e+22 1.65071035e+22 1.66970648e+22 1.68607749e+22 1.69993232e+22 1.71138997e+22 1.72057832e+22 1.72763316e+22 1.73269720e+22 1.73591911e+22 1.73745248e+22 1.73745469e+22 1.73608560e+22 1.73350619e+22 1.72987689e+22 1.72535588e+22 1.72009719e+22 1.71424864e+22 1.70794974e+22 1.70132953e+22 1.69450439e+22 1.68757591e+22 1.68062886e+22 1.67372936e+22 1.66692322e+22 1.66023465e+22 1.65366523e+22 1.64719338e+22 1.64077424e+22 1.63433996e+22 1.62780067e+22 1.62104580e+22 1.61394602e+22 1.60635566e+22 1.59811559e+22 1.58905649e+22 1.57900252e+22 1.56777528e+22 1.55519784e+22 1.54109903e+22 1.52531757e+22 1.50770619e+22 1.48813542e+22 1.46649717e+22 1.44270780e+22 1.41671071e+22 1.38847837e+22 1.35801371e+22 1.32535086e+22 1.29055513e+22 1.25372243e+22 1.21497790e+22 1.17447399e+22 1.13238796e+22 1.08891886e+22
1.42205866e+20 1.54439590e+20 1.67638910e+20 1.81868963e+20 1.97199228e+20 2.13704089e+20 2.31463534e+20 2.50564022e+20 2.71099532e+20 2.93172865e+20 3.16897217e+20 3.42398094e+20 3.69815615e+20 3.99307288e+20 4.31051311e+20 4.65250491e+20 5.02136865e+20 5.41977098e+20 5.85078752e+20 6.31797485e+20 6.82545248e+20 7.37799485e+20 7.98113329e+20 8.64126690e+20 9.36578044e+20 1.01631662e+21 1.10431450e+21 1.20167797e+21 1.30965717e+21 1.42965290e+21 1.56321906e+21 1.71205900e+21 1.87801373e+21 2.06303984e+21 2.26917515e+21 2.49849011e+21 2.75302390e+21 3.03470519e+21 3.34525875e+21 3.68610126e+21 4.05823160e+21 4.46212286e+21 4.89762506e+21 5.36388825e+21 5.85931541e+21 6.38155267e+21 6.92752146e+21 7.49349292e+21 8.07520052e+21 8.66798251e+21 9.26694288e+21 9.86711789e+21 1.04636353e+22 1.10518556e+22 1.16274874e+22 1.21866726e+22 1.27260402e+22 1.32427317e+22 1.37344012e+22 1.41991960e+22 1.46357240e+22 1.50430116e+22 1.54204583e+22 1.57677911e+22 1.60850211e+22 1.63724035e+22 1.66304036e+22 1.68596670e+22 1.70609953e+22 1.72353255e+22 1.73837143e+22 1.75073237e+22 1.76074099e+22 1.76853132e+22 1.77424476e+22 1.77802917e+22 1.78003777e+22 1.78042801e+22 1.77936027e+22 1.77699644e+22 1.77349827e+22 1.76902566e+22 1.76373465e+22 1.75777544e+22 1.75129021e+22 1.74441092e+22 1.73725712e+22 1.72993373e+22 1.72252904e+22 1.71511281e+22 1.70773458e+22 1.70042230e+22 1.69318139e+22 1.68599402e+22 1.67881907e+22 1.67159237e+22 1.66422761e+22 1.65661770e+22 1.64863666e+22 1.64014203e+22 1.63097774e+22 1.62097743e+22 1.60996804e+22 1.59777381e+22 1.58422036e+22 1.56913893e+22 1.55237054e+22 1.53377012e+22 1.51321034e+22 1.49058515e+22 1.46581293e+22 1.43883900e+22 1.40963776e+22 1.37821401e+22 1.34460369e+22 1.30887393e+22 1.27112240e+22 1.23147596e+22 1.19008874e+22 1.14713962e+22 1.10282918e+22
1.38055002e+20 1.49977854e+20 1.62858157e+20 1.76761953e+20 1.91759747e+20 2.07927072e+20 2.25345187e+20 2.44101939e+20 2.64292816e+20 2.86022242e+20 3.09405150e+20 3.34568892e+20 3.61655549e+20 3.90824699e+20 4.22256728e+20 4.56156765e+20 4.92759312e+20 5.32333683e+20 5.75190309e+20 6.21688005e+20 6.72242247e+20 7.27334493e+20 7.87522519e+20 8.53451697e+20 9.25867022e+20 1.00562558e+21 1.09370901e+21 1.19123521e+21 1.29946852e+21 1.41982700e+21 1.55388546e+21 1.70337234e+21 1.87015856e+21 2.05623590e+21 2.26368308e+21 2.49461737e+21 2.75113067e+21 3.03520985e+21 3.34864257e+21 3.69291179e+21 4.06908426e+21 4.47770027e+21 4.91867360e+21 5.39121166e+21 5.89376534e+21 6.42401627e+21 6.97890644e+21 7.55471073e+21 8.14714840e+21 8.75152539e+21 9.36289600e+21 9.97623093e+21 1.05865788e+22 1.11892099e+22 1.17797348e+22 1.23541918e+22 1.29091042e+22 1.34415073e+22 1.39489511e+22 1.44294824e+22 1.48816130e+22 1.53042785e+22 1.56967941e+22 1.60588084e+22 1.63902601e+22 1.66913389e+22 1.69624501e+22 1.72041858e+22 1.74172994e+22 1.76026859e+22 1.77613649e+22 1.78944670e+22 1.80032221e+22 1.80889492e+22 1.81530462e+22 1.81969803e+22 1.82222769e+22 1.82305088e+22 1.82232825e+22 1.82022236e+22 1.81689611e+22 1.81251088e+22 1.80722461e+22 1.80118975e+22 1.79455103e+22 1.78744325e+22 1.77998905e+22 1.77229668e+22 1.76445792e+22 1.75654615e+22 1.74861467e+22 1.74069525e+22 1.73279715e+22 1.72490641e+22 1.71698570e+22 1.70897465e+22 1.70079063e+22 1.69233013e+22 1.68347065e+22 1.67407308e+22 1.66398455e+22 1.65304177e+22 1.64107463e+22 1.62791015e+22 1.61337662e+22 1.59730783e+22 1.57954723e+22 1.55995209e+22 1.53839732e+22 1.51477905e+22 1.48901775e+22 1.46106080e+22 1.43088458e+22 1.39849583e+22 1.36393242e+22 1.32726333e+22 1.28858805e+22 1.24803519e+22 1.20576062e+22 1.16194483e+22 1.11678997e+22
1.34068831e+20 1.45667412e+20 1.58213396e+20 1.71773602e+20 1.86419431e+20 2.02227428e+20 2.19279985e+20 2.37666200e+20 2.57482925e+20 2.78836063e+20 3.01842132e+20 3.26630175e+20 3.53344064e+20 3.82145269e+20 4.13216171e+20 4.46764001e+20 4.83025488e+20 5.22272319e+20 5.64817482e+20 6.11022583e+20 6.61306208e+20 7.16153334e+20 7.76125814e+20 8.41873824e+20 9.14148114e+20 9.93812757e+20 1.08185793e+21 1.17941207e+21 1.28775244e+21 1.40831299e+21 1.54268796e+21 1.69262935e+21 1.86003636e+21 2.04693440e+21 2.25544159e+21 2.48772067e+21 2.74591522e+21 3.03206962e+21 3.34803428e+21 3.69535895e+21 4.07517954e+21 4.48810563e+21 4.93411783e+21 5.41248495e+21 5.92171066e+21 6.45951782e+21 7.02287537e+21 7.60806874e+21 8.21081004e+21 8.82637990e+21 9.44978959e+21 1.00759504e+22 1.06998372e+22 1.13166348e+22 1.19218588e+22 1.25114467e+22 1.30818174e+22 1.36299007e+22 1.41531420e+22 1.46494862e+22 1.51173471e+22 1.55555673e+22 1.59633744e+22 1.63403352e+22 1.66863127e+22 1.70014269e+22 1.72860195e+22 1.75406246e+22 1.77659439e+22 1.79628259e+22 1.81322495e+22 1.82753099e+22 1.83932070e+22 1.84872350e+22 1.85587721e+22 1.86092708e+22 1.86402471e+22 1.86532690e+22 1.86499428e+22 1.86318991e+22 1.86007755e+22 1.85581993e+22 1.85057672e+22 1.84450244e+22 1.83774428e+22 1.83043978e+22 1.82271461e+22 1.81468029e+22 1.80643207e+22 1.79804697e+22 1.78958205e+22 1.78107293e+22 1.77253278e+22 1.76395155e+22 1.75529585e+22 1.74650915e+22 1.73751263e+22 1.72820649e+22 1.71847182e+22 1.70817300e+22 1.69716052e+22 1.68527428e+22 1.67234726e+22 1.65820941e+22 1.64269185e+22 1.62563103e+22 1.60687299e+22 1.58627744e+22 1.56372169e+22 1.53910415e+22 1.51234747e+22 1.48340121e+22 1.45224382e+22 1.41888409e+22 1.38336183e+22 1.34574799e+22 1.30614389e+22 1.26467998e+22 1.22151385e+22 1.17682768e+22 1.13082519e+22
1.30299592e+20 1.41562760e+20 1.53761469e+20 1.66963180e+20 1.81240050e+20 1.96669502e+20 2.13334916e+20 2.31326497e+20 2.50742316e+20 2.71689600e+20 2.94286299e+20 3.18662982e+20 3.44965142e+20 3.73355957e+20 4.04019606e+20 4.37165204e+20 4.73031466e+20 5.11892179e+20 5.54062574e+20 5.99906696e+20 6.49845820e+20 7.04367967e+20 7.64038507e+20 8.29511770e+20 9.01543515e+20 9.81003938e+20 1.06889079e+21 1.16634189e+21 1.27464623e+21 1.39525230e+21 1.52977225e+21 1.67998010e+21 1.84780172e+21 2.03529454e+21 2.24461449e+21 2.47796845e+21 2.73755049e+21 3.02546179e+21 3.34361523e+21 3.69362773e+21 4.07670548e+21 4.49352935e+21 4.94414972e+21 5.42790062e+21 5.94334333e+21 6.48824755e+21 7.05961549e+21 7.65374993e+21 8.26636290e+21 8.89271675e+21 9.52778653e+21 1.01664304e+22 1.08035551e+22 1.14342643e+22 1.20539829e+22 1.26585502e+22 1.32442822e+22 1.38080039e+22 1.43470559e+22 1.48592802e+22 1.53429910e+22 1.57969354e+22 1.62202505e+22 1.66124181e+22 1.69732220e+22 1.73027085e+22 1.76011519e+22 1.78690245e+22 1.81069718e+22 1.83157921e+22 1.84964193e+22 1.86499095e+22 1.87774287e+22 1.88802425e+22 1.89597061e+22 1.90172540e+22 1.90543895e+22 1.90726727e+22 1.90737074e+22 1.90591262e+22 1.90305735e+22 1.89896878e+22 1.89380814e+22 1.88773188e+22 1.88088950e+22 1.87342120e+22 1.86545560e+22 1.85710742e+22 1.84847537e+22 1.83964009e+22 1.83066242e+22 1.82158187e+22 1.81241555e+22 1.80315744e+22 1.79377810e+22 1.78422500e+22 1.77442321e+22 1.76427677e+22 1.75367051e+22 1.74247241e+22 1.73053646e+22 1.71770593e+22 1.70381700e+22 1.68870273e+22 1.67219717e+22 1.65413962e+22 1.63437882e+22 1.61277710e+22 1.58921423e+22 1.56359104e+22 1.53583253e+22 1.50589047e+22 1.47374553e+22 1.43940858e+22 1.40292151e+22 1.36435724e+22 1.32381904e+22 1.28143920e+22 1.23737710e+22 1.19181659e+22 1.14496302e+22
1.26801413e+20 1.37720322e+20 1.49561191e+20 1.62391986e+20 1.76285482e+20 1.91319832e+20 2.07579263e+20 2.25154937e+20 2.44145991e+20 2.64660824e+20 2.86818653e+20 3.10751409e+20 3.36606030e+20 3.64547219e+20 3.94760749e+20 4.27457406e+20 4.62877648e+20 5.01297089e+20 5.43032902e+20 5.88451215e+20 6.37975590e+20 6.92096621e+20 7.51382648e+20 8.16491526e+20 8.88183287e+20 9.67333411e+20 1.05494625e+21 1.15216795e+21 1.26029796e+21 1.38079797e+21 1.51529661e+21 1.66558833e+21 1.83362406e+21 2.02149158e+21 2.23138310e+21 2.46554816e+21 2.72623012e+21 3.01558611e+21 3.33559112e+21 3.68792951e+21 4.07387872e+21 4.49419277e+21 4.94899453e+21 5.43768700e+21 5.95889372e+21 6.51043673e+21 7.08935773e+21 7.69198363e+21 8.31403338e+21 8.95075815e+21 9.59710363e+21 1.02478813e+22 1.08979353e+22 1.15422935e+22 1.21762935e+22 1.27956796e+22 1.33966667e+22 1.39759761e+22 1.45308435e+22 1.50590073e+22 1.55586802e+22 1.60285120e+22 1.64675463e+22 1.68751769e+22 1.72511047e+22 1.75952990e+22 1.79079624e+22 1.81895014e+22 1.84405015e+22 1.86617064e+22 1.88540012e+22 1.90183987e+22 1.91560273e+22 1.92681201e+22 1.93560056e+22 1.94210969e+22 1.94648814e+22 1.94889084e+22 1.94947761e+22 1.94841165e+22 1.94585786e+22 1.94198099e+22 1.93694361e+22 1.93090398e+22 1.92401376e+22 1.91641570e+22 1.90824127e+22 1.89960836e+22 1.89061907e+22 1.88135767e+22 1.87188878e+22 1.86225582e+22 1.85247993e+22 1.84255912e+22 1.83246805e+22 1.82215825e+22 1.81155883e+22 1.80057776e+22 1.78910374e+22 1.77700851e+22 1.76414970e+22 1.75037408e+22 1.73552122e+22 1.71942741e+22 1.70192981e+22 1.68287069e+22 1.66210164e+22 1.63948773e+22 1.61491137e+22 1.58827592e+22 1.55950881e+22 1.52856419e+22 1.49542497e+22 1.46010426e+22 1.42264608e+22 1.38312540e+22 1.34164747e+22 1.29834650e+22 1.25338366e+22 1.20694456e+22 1.15923614e+22
1.23630486e+20 1.34198611e+20 1.45673501e+20 1.58123490e+20 1.71621828e+20 1.86247254e+20 2.02084692e+20 2.19226108e+20 2.37771553e+20 2.57830435e+20 2.79523078e+20 3.02982604e+20 3.28357219e+20 3.55812961e+20 3.85537003e+20 4.17741579e+20 4.52668653e+20 4.90595404e+20 5.31840642e+20 5.76772237e+20 6.25815643e+20 6.79463573e+20 7.38286807e+20 8.02946110e+20 8.74205078e+20 9.52943653e+20 1.04017185e+21 1.13704307e+21 1.24486604e+21 1.36511430e+21 1.49943151e+21 1.64963100e+21 1.81768713e+21 2.00571640e+21 2.21594568e+21 2.45066566e+21 2.71216777e+21 3.00266410e+21 3.32419134e+21 3.67850136e+21 4.06694372e+21 4.49034727e+21 4.94890997e+21 5.44210733e+21 5.96862965e+21 6.52635667e+21 7.11237569e+21 7.72304440e+21 8.35409571e+21 9.00077668e+21 9.65801054e+21 1.03205685e+22 1.09832382e+22 1.16409765e+22 1.22890381e+22 1.29230751e+22 1.35392039e+22 1.41340428e+22 1.47047232e+22 1.52488790e+22 1.57646202e+22 1.62504970e+22 1.67054573e+22 1.71288036e+22 1.75201507e+22 1.78793870e+22 1.82066397e+22 1.85022456e+22 1.87667259e+22 1.90007656e+22 1.92051971e+22 1.93809858e+22 1.95292181e+22 1.96510914e+22 1.97479034e+22 1.98210425e+22 1.98719764e+22 1.99022406e+22 1.99134249e+22 1.99071578e+22 1.98850904e+22 1.98488769e+22 1.98001547e+22 1.97405224e+22 1.96715170e+22 1.95945901e+22 1.95110841e+22 1.94222088e+22 1.93290189e+22 1.92323929e+22 1.91330149e+22 1.90313588e+22 1.89276763e+22 1.88219888e+22 1.87140847e+22 1.86035209e+22 1.84896296e+22 1.83715317e+22 1.82481539e+22 1.81182528e+22 1.79804425e+22 1.78332272e+22 1.76750380e+22 1.75042718e+22 1.73193329e+22 1.71186750e+22 1.69008444e+22 1.66645203e+22 1.64085547e+22 1.61320077e+22 1.58341792e+22 1.55146354e+22 1.51732294e+22 1.48101151e+22 1.44257548e+22 1.40209196e+22 1.35966825e+22 1.31544051e+22 1.26957177e+22 1.22224939e+22 1.17368194e+22
1.20845286e+20 1.31058432e+20 1.42161654e+20 1.54223510e+20 1.67317582e+20 1.81523049e+20 1.96925381e+20 2.13617196e+20 2.31699297e+20 2.51281944e+20 2.72486400e+20 2.95446806e+20 3.20312458e+20 3.47250544e+20 3.76449432e+20 4.08122595e+20 4.42513266e+20 4.79899926e+20 5.20602733e+20 5.64990965e+20 6.13491590e+20 6.66598995e+20 7.24885896e+20 7.89015373e+20 8.59753902e+20 9.37985091e+20 1.02472371e+21 1.12112938e+21 1.22851893e+21 1.34837645e+21 1.48235921e+21 1.63229788e+21 1.80018863e+21 1.98817502e+21 2.19851696e+21 2.43354478e+21 2.69559661e+21 2.98693854e+21 3.30966834e+21 3.66560540e+21 4.05617211e+21 4.48227365e+21 4.94418548e+21 5.44145902e+21 5.97285558e+21 6.53631787e+21 7.12898471e+21 7.74725115e+21 8.38687099e+21 9.04309424e+21 9.71082862e+21 1.03848117e+22 1.10597805e+22 1.17306259e+22 1.23925245e+22 1.30410393e+22 1.36721903e+22 1.42824947e+22 1.48689796e+22 1.54291742e+22 1.59610847e+22 1.64631597e+22 1.69342490e+22 1.73735610e+22 1.77806210e+22 1.81552331e+22 1.84974451e+22 1.88075202e+22 1.90859111e+22 1.93332403e+22 1.95502830e+22 1.97379531e+22 1.98972914e+22 2.00294551e+22 2.01357076e+22 2.02174087e+22 2.02760033e+22 2.03130095e+22 2.03300055e+22 2.03286138e+22 2.03104845e+22 2.02772765e+22 2.02306367e+22 2.01721779e+22 2.01034558e+22 2.00259448e+22 1.99410141e+22 1.98499035e+22 1.97537009e+22 1.96533205e+22 1.95494843e+22 1.94427059e+22 1.93332779e+22 1.92212638e+22 1.91064944e+22 1.89885691e+22 1.88668629e+22 1.87405384e+22 1.86085641e+22 1.84697368e+22 1.83227099e+22 1.81660262e+22 1.79981534e+22 1.78175241e+22 1.76225767e+22 1.74117980e+22 1.71837657e+22 1.69371894e+22 1.66709501e+22 1.63841360e+22 1.60760738e+22 1.57463557e+22 1.53948594e+22 1.50217630e+22 1.46275518e+22 1.42130188e+22 1.37792582e+22 1.33276516e+22 1.28598484e+22 1.23777399e+22 1.18834285e+22
1.18506815e+20 1.28363123e+20 1.39091441e+20 1.50760418e+20 1.63443824e+20 1.77221127e+20 1.92178194e+20 2.08408137e+20 2.26012356e+20 2.45101796e+20 2.65798494e+20 2.88237438e+20 3.12568836e+20 3.38960837e+20 3.67602809e+20 3.98709249e+20 4.32524432e+20 4.69327889e+20 5.09440840e+20 5.53233655e+20 6.01134448e+20 6.53638862e+20 7.11321056e+20 7.74845866e+20 8.44981985e+20 9.22615932e+20 1.00876636e+21 1.10459808e+21 1.21143492e+21 1.33077025e+21 1.46427355e+21 1.61379129e+21 1.78133989e+21 1.96908829e+21 2.17932782e+21 2.41442687e+21 2.67676892e+21 2.96867296e+21 3.29229715e+21 3.64952829e+21 4.04186212e+21 4.47028149e+21 4.93514162e+21 5.43607294e+21 5.97191196e+21 6.54066930e+21 7.13954116e+21 7.76496636e+21 8.41272641e+21 9.07808131e+21 9.75593019e+21 1.04409836e+22 1.11279339e+22 1.18116119e+22 1.24871197e+22 1.31499353e+22 1.37959851e+22 1.44216862e+22 1.50239626e+22 1.56002384e+22 1.61484150e+22 1.66668378e+22 1.71542563e+22 1.76097820e+22 1.80328476e+22 1.84231691e+22 1.87807117e+22 1.91056605e+22 1.93983961e+22 1.96594740e+22 1.98896082e+22 2.00896570e+22 2.02606113e+22 2.04035843e+22 2.05198010e+22 2.06105889e+22 2.06773663e+22 2.07216308e+22 2.07449455e+22 2.07489239e+22 2.07352128e+22 2.07054729e+22 2.06613583e+22 2.06044941e+22 2.05364531e+22 2.04587312e+22 2.03727231e+22 2.02796979e+22 2.01807760e+22 2.00769070e+22 1.99688508e+22 1.98571609e+22 1.97421712e+22 1.96239879e+22 1.95024850e+22 1.93773056e+22 1.92478683e+22 1.91133793e+22 1.89728496e+22 1.88251181e+22 1.86688793e+22 1.85027157e+22 1.83251336e+22 1.81346029e+22 1.79295978e+22 1.77086398e+22 1.74703396e+22 1.72134387e+22 1.69368489e+22 1.66396875e+22 1.63213095e+22 1.59813341e+22 1.56196652e+22 1.52365057e+22 1.48323648e+22 1.44080584e+22 1.39647024e+22 1.35036991e+22 1.30267172e+22 1.25356662e+22 1.20326655e+22
1.16678877e+20 1.26178811e+20 1.36531451e+20 1.47805393e+20 1.60074456e+20 1.73418251e+20 1.87922886e+20 2.03681817e+20 2.20796876e+20 2.39379535e+20 2.59552435e+20 2.81451241e+20 3.05226893e+20 3.31048318e+20 3.59105690e+20 3.89614324e+20 4.22819310e+20 4.59000988e+20 4.98481370e+20 5.41631610e+20 5.88880622e+20 6.40724906e+20 6.97739604e+20 7.60590765e+20 8.30048680e+20 9.07002053e+20 9.92472574e+20 1.08762931e+21 1.19380198e+21 1.31249199e+21 1.44537967e+21 1.59432586e+21 1.76136560e+21 1.94869162e+21 2.15862497e+21 2.39357056e+21 2.65595578e+21 2.94815136e+21 3.27237506e+21 3.63058084e+21 4.02433820e+21 4.45470878e+21 4.92212958e+21 5.42631301e+21 5.96617467e+21 6.53979791e+21 7.14444188e+21 7.77659546e+21 8.43207460e+21 9.10615622e+21 9.79373778e+21 1.04895094e+22 1.11881252e+22 1.18843608e+22 1.25732492e+22 1.32501868e+22 1.39110091e+22 1.45520352e+22 1.51700867e+22 1.57624827e+22 1.63270191e+22 1.68619368e+22 1.73658826e+22 1.78378686e+22 1.82772321e+22 1.86835975e+22 1.90568434e+22 1.93970734e+22 1.97045916e+22 1.99798827e+22 2.02235950e+22 2.04365270e+22 2.06196157e+22 2.07739259e+22 2.09006406e+22 2.10010508e+22 2.10765446e+22 2.11285953e+22 2.11587481e+22 2.11686040e+22 2.11598034e+22 2.11340065e+22 2.10928721e+22 2.10380358e+22 2.09710854e+22 2.08935368e+22 2.08068091e+22 2.07121997e+22 2.06108607e+22 2.05037772e+22 2.03917465e+22 2.02753621e+22 2.01549999e+22 2.00308092e+22 1.99027081e+22 1.97703845e+22 1.96333017e+22 1.94907106e+22 1.93416665e+22 1.91850518e+22 1.90196036e+22 1.88439459e+22 1.86566254e+22 1.84561509e+22 1.82410344e+22 1.80098333e+22 1.77611935e+22 1.74938899e+22 1.72068661e+22 1.68992706e+22 1.65704880e+22 1.62201656e+22 1.58482347e+22 1.54549240e+22 1.50407676e+22 1.46066051e+22 1.41535748e+22 1.36831001e+22 1.31968698e+22 1.26968118e+22 1.21850626e+22
1.15428376e+20 1.24574710e+20 1.34553342e+20 1.45432687e+20 1.57286463e+20 1.70194282e+20 1.84242344e+20 1.99524290e+20 2.16142232e+20 2.34208003e+20 2.53844682e+20 2.75188441e+20 2.98390778e+20 3.23621216e+20 3.51070544e+20 3.80954695e+20 4.13519362e+20 4.49045457e+20 4.87855527e+20 5.30321223e+20 5.76871932e+20 6.28004634e+20 6.84295021e+20 7.46409852e+20 8.15120427e+20 8.91316949e+20 9.76023360e+20 1.07041206e+21 1.17581761e+21 1.29374829e+21 1.42589398e+21 1.57412840e+21 1.74050371e+21 1.92723478e+21 2.13667077e+21 2.37125150e+21 2.63344681e+21 2.92567791e+21 3.25022133e+21 3.60909778e+21 4.00395071e+21 4.43592156e+21 4.90553089e+21 5.41257584e+21 5.95605472e+21 6.53412819e+21 7.14412378e+21 7.78258647e+21 8.44537324e+21 9.12778476e+21 9.82472371e+21 1.05308665e+22 1.12408349e+22 1.19493555e+22 1.26513966e+22 1.33422771e+22 1.40177444e+22 1.46740221e+22 1.53078302e+22 1.59163833e+22 1.64973712e+22 1.70489289e+22 1.75695989e+22 1.80582915e+22 1.85142453e+22 1.89369902e+22 1.93263146e+22 1.96822365e+22 2.00049799e+22 2.02949540e+22 2.05527376e+22 2.07790652e+22 2.09748154e+22 2.11410006e+22 2.12787575e+22 2.13893366e+22 2.14740922e+22 2.15344696e+22 2.15719922e+22 2.15882457e+22 2.15848609e+22 2.15634947e+22 2.15258084e+22 2.14734454e+22 2.14080069e+22 2.13310272e+22 2.12439483e+22 2.11480949e+22 2.10446504e+22 2.09346344e+22 2.08188819e+22 2.06980266e+22 2.05724863e+22 2.04424543e+22 2.03078936e+22 2.01685376e+22 2.00238959e+22 1.98732654e+22 1.97157470e+22 1.95502684e+22 1.93756108e+22 1.91904415e+22 1.89933495e+22 1.87828841e+22 1.85575968e+22 1.83160833e+22 1.80570256e+22 1.77792341e+22 1.74816861e+22 1.71635624e+22 1.68242785e+22 1.64635116e+22 1.60812213e+22 1.56776633e+22 1.52533976e+22 1.48092883e+22 1.43464967e+22 1.38664683e+22 1.33709121e+22 1.28617750e+22 1.23412107e+22
1.14825619e+20 1.23623414e+20 1.33232146e+20 1.43719908e+20 1.55160188e+20 1.67632451e+20 1.81222841e+20 1.96025034e+20 2.12141262e+20 2.29683561e+20 2.48775286e+20 2.69552948e+20 2.92168431e+20 3.16791677e+20 3.43613906e+20 3.72851477e+20 4.04750480e+20 4.39592179e+20 4.77699414e+20 5.19444063e+20 5.65255681e+20 6.15631381e+20 6.71147000e+20 7.32469540e+20 8.00370764e+20 8.75741736e+20 9.59607903e+20 1.05314414e+21 1.15768886e+21 1.27475610e+21 1.40604401e+21 1.55343782e+21 1.71900529e+21 1.90498185e+21 2.11374314e+21 2.34776228e+21 2.60955005e+21 2.90157688e+21 3.22617707e+21 3.58543754e+21 3.98107578e+21 4.41431378e+21 4.88575724e+21 5.39529049e+21 5.94199799e+21 6.52412200e+21 7.13906360e+21 7.78342973e+21 8.45312479e+21 9.14347993e+21 9.84940981e+21 1.05655838e+22 1.12865977e+22 1.20071346e+22 1.27221030e+22 1.34267486e+22 1.41167342e+22 1.47881896e+22 1.54377351e+22 1.60624810e+22 1.66600110e+22 1.72283532e+22 1.77659438e+22 1.82715893e+22 1.87444269e+22 1.91838887e+22 1.95896695e+22 1.99616981e+22 2.03001139e+22 2.06052471e+22 2.08776025e+22 2.11178462e+22 2.13267942e+22 2.15054023e+22 2.16547565e+22 2.17760631e+22 2.18706381e+22 2.19398953e+22 2.19853326e+22 2.20085171e+22 2.20110668e+22 2.19946324e+22 2.19608749e+22 2.19114434e+22 2.18479503e+22 2.17719467e+22 2.16848959e+22 2.15881491e+22 2.14829199e+22 2.13702620e+22 2.12510478e+22 2.11259511e+22 2.09954325e+22 2.08597293e+22 2.07188504e+22 2.05725761e+22 2.04204631e+22 2.02618556e+22 2.00959019e+22 1.99215763e+22 1.97377063e+22 1.95430041e+22 1.93361025e+22 1.91155937e+22 1.88800704e+22 1.86281681e+22 1.83586073e+22 1.80702352e+22 1.77620646e+22 1.74333102e+22 1.70834201e+22 1.67121025e+22 1.63193465e+22 1.59054363e+22 1.54709586e+22 1.50168029e+22 1.45441545e+22 1.40544812e+22 1.35495130e+22 1.30312160e+22 1.25017616e+22
1.14944634e+20 1.23401215e+20 1.32646563e+20 1.42748327e+20 1.53779625e+20 1.65819639e+20 1.78954313e+20 1.93277206e+20 2.08890520e+20 2.25906336e+20 2.44448126e+20 2.64652576e+20 2.86671790e+20 3.10675959e+20 3.36856558e+20 3.65430187e+20 3.96643140e+20 4.30776827e+20 4.68154156e+20 5.09146983e+20 5.54184752e+20 6.03764390e+20 6.58461512e+20 7.18942934e+20 7.85980378e+20 8.60465181e+20 9.43423608e+20 1.03603220e+21 1.13963231e+21 1.25574265e+21 1.38606844e+21 1.53250511e+21 1.69713453e+21 1.88221115e+21 2.09013549e+21 2.32341236e+21 2.58459195e+21 2.87619253e+21 3.20060512e+21 3.55998221e+21 3.95611520e+21 4.39030718e+21 4.86325035e+21 5.37491845e+21 5.92448518e+21 6.51027849e+21 7.12977785e+21 7.77965782e+21 8.45587640e+21 9.15380178e+21 9.86836734e+21 1.05942419e+22 1.13260019e+22 1.20582922e+22 1.27859671e+22 1.35042032e+22 1.42085820e+22 1.48951425e+22 1.55604066e+22 1.62013813e+22 1.68155439e+22 1.74008148e+22 1.79555230e+22 1.84783686e+22 1.89683850e+22 1.94249036e+22 1.98475221e+22 2.02360764e+22 2.05906176e+22 2.09113925e+22 2.11988278e+22 2.14535168e+22 2.16762086e+22 2.18677981e+22 2.20293164e+22 2.21619211e+22 2.22668861e+22 2.23455895e+22 2.23995003e+22 2.24301629e+22 2.24391797e+22 2.24281919e+22 2.23988576e+22 2.23528290e+22 2.22917277e+22 2.22171193e+22 2.21304875e+22 2.20332082e+22 2.19265247e+22 2.18115240e+22 2.16891157e+22 2.15600139e+22 2.14247218e+22 2.12835218e+22 2.11364694e+22 2.09833924e+22 2.08238961e+22 2.06573737e+22 2.04830221e+22 2.02998642e+22 2.01067752e+22 1.99025142e+22 1.96857598e+22 1.94551490e+22 1.92093176e+22 1.89469429e+22 1.86667857e+22 1.83677320e+22 1.80488317e+22 1.77093350e+22 1.73487243e+22 1.69667402e+22 1.65634027e+22 1.61390257e+22 1.56942235e+22 1.52299121e+22 1.47473015e+22 1.42478826e+22 1.37334068e+22 1.32058599e+22 1.26674312e+22
1.15863484e+20 1.23988403e+20 1.32879271e+20 1.42603165e+20 1.53232710e+20 1.64846663e+20 1.77530633e+20 1.91377917e+20 2.06490537e+20 2.22980468e+20 2.40971145e+20 2.60599271e+20 2.82017011e+20 3.05394640e+20 3.30923722e+20 3.58820925e+20 3.89332569e+20 4.22740019e+20 4.59366043e+20 4.99582253e+20 5.43817729e+20 5.92568925e+20 6.46410905e+20 7.06009911e+20 7.72137174e+20 8.45683768e+20 9.27676147e+20 1.01929178e+21 1.12187409e+21 1.23694549e+21 1.36621712e+21 1.51159333e+21 1.67516873e+21 1.85921527e+21 2.06615675e+21 2.29852806e+21 2.55891728e+21 2.84988911e+21 3.17389011e+21 3.53313754e+21 3.92949644e+21 4.36435134e+21 4.83848204e+21 5.35195360e+21 5.90403184e+21 6.49313408e+21 7.11682282e+21 7.77184559e+21 8.45421995e+21 9.15935753e+21 9.88221699e+21 1.06174733e+22 1.13596893e+22 1.21034783e+22 1.28436452e+22 1.35753019e+22 1.42939525e+22 1.49955478e+22 1.56765132e+22 1.63337537e+22 1.69646403e+22 1.75669854e+22 1.81390091e+22 1.86793036e+22 1.91867961e+22 1.96607145e+22 2.01005559e+22 2.05060599e+22 2.08771854e+22 2.12140917e+22 2.15171231e+22 2.17867960e+22 2.20237880e+22 2.22289287e+22 2.24031898e+22 2.25476761e+22 2.26636150e+22 2.27523450e+22 2.28153021e+22 2.28540047e+22 2.28700358e+22 2.28650239e+22 2.28406214e+22 2.27984809e+22 2.27402309e+22 2.26674498e+22 2.25816395e+22 2.24841998e+22 2.23764022e+22 2.22593668e+22 2.21340400e+22 2.20011758e+22 2.18613207e+22 2.17148025e+22 2.15617239e+22 2.14019618e+22 2.12351710e+22 2.10607950e+22 2.08780812e+22 2.06861025e+22 2.04837839e+22 2.02699333e+22 2.00432773e+22 1.98024993e+22 1.95462804e+22 1.92733417e+22 1.89824863e+22 1.86726407e+22 1.83428940e+22 1.79925338e+22 1.76210779e+22 1.72283012e+22 1.68142560e+22 1.63792868e+22 1.59240371e+22 1.54494501e+22 1.49567614e+22 1.44474857e+22 1.39233964e+22 1.33864995e+22 1.28390024e+22
1.17664564e+20 1.25469571e+20 1.34017217e+20 1.43373893e+20 1.53611602e+20 1.64808555e+20 1.77049884e+20 1.90428491e+20 2.05046073e+20 2.21014356e+20 2.38456586e+20 2.57509335e+20 2.78324677e+20 3.01072818e+20 3.25945253e+20 3.53158561e+20 3.82958919e+20 4.15627476e+20 4.51486680e+20 4.90907696e+20 5.34319019e+20 5.82216381e+20 6.35174003e+20 6.93857217e+20 7.59036359e+20 8.31601769e+20 9.12579521e+20 1.00314735e+21 1.10464995e+21 1.21861252e+21 1.34675108e+21 1.49097768e+21 1.65339834e+21 1.83630105e+21 2.04213134e+21 2.27345262e+21 2.53288924e+21 2.82305090e+21 3.14643843e+21 3.50533297e+21 3.90167268e+21 4.33692371e+21 4.81195424e+21 5.32692234e+21 5.88118841e+21 6.47326261e+21 7.10079472e+21 7.76061030e+21 8.44879220e+21 9.16080166e+21 9.89162906e+21 1.06359619e+22 1.13883561e+22 1.21433988e+22 1.28958511e+22 1.36407650e+22 1.43735709e+22 1.50901344e+22 1.57867870e+22 1.64603325e+22 1.71080365e+22 1.77276028e+22 1.83171419e+22 1.88751365e+22 1.94004053e+22 1.98920698e+22 2.03495238e+22 2.07724070e+22 2.11605822e+22 2.15141172e+22 2.18332697e+22 2.21184748e+22 2.23703342e+22 2.25896076e+22 2.27772030e+22 2.29341678e+22 2.30616788e+22 2.31610304e+22 2.32336218e+22 2.32809412e+22 2.33045489e+22 2.33060575e+22 2.32871102e+22 2.32493576e+22 2.31944325e+22 2.31239238e+22 2.30393502e+22 2.29421335e+22 2.28335729e+22 2.27148203e+22 2.25868585e+22 2.24504818e+22 2.23062798e+22 2.21546263e+22 2.19956722e+22 2.18293442e+22 2.16553481e+22 2.14731791e+22 2.12821367e+22 2.10813458e+22 2.08697829e+22 2.06463067e+22 2.04096938e+22 2.01586762e+22 1.98919825e+22 1.96083795e+22 1.93067148e+22 1.89859575e+22 1.86452375e+22 1.82838817e+22 1.79014452e+22 1.74977386e+22 1.70728482e+22 1.66271502e+22 1.61613185e+22 1.56763245e+22 1.51734304e+22 1.46541755e+22 1.41203557e+22 1.35739975e+22 1.30173271e+22
1.20434886e+20 1.27933891e+20 1.36151896e+20 1.45154496e+20 1.55012958e+20 1.65804822e+20 1.77614618e+20 1.90534720e+20 2.04666366e+20 2.20120893e+20 2.37021222e+20 2.55503649e+20 2.75720015e+20 2.97840313e+20 3.22055828e+20 3.48582903e+20 3.77667427e+20 4.09590179e+20 4.44673126e+20 4.83286816e+20 5.25858973e+20 5.72884391e+20 6.24936205e+20 6.82678547e+20 7.46880519e+20 8.18431310e+20 8.98356124e+20 9.87832364e+20 1.08820530e+21 1.20100206e+21 1.32794258e+21 1.47094550e+21 1.63212696e+21 1.81378963e+21 2.01839924e+21 2.24854615e+21 2.50688943e+21 2.79608222e+21 3.11867832e+21 3.47702166e+21 3.87312291e+21 4.30852966e+21 4.78419911e+21 5.30038361e+21 5.85654036e+21 6.45127540e+21 7.08232975e+21 7.74661174e+21 8.44027493e+21 9.15883610e+21 9.89732365e+21 1.06504440e+22 1.14127523e+22 1.21788156e+22 1.29433566e+22 1.37013723e+22 1.44482235e+22 1.51796940e+22 1.58920234e+22 1.65819165e+22 1.72465339e+22 1.78834711e+22 1.84907283e+22 1.90666770e+22 1.96100256e+22 2.01197869e+22 2.05952484e+22 2.10359461e+22 2.14416433e+22 2.18123125e+22 2.21481204e+22 2.24494162e+22 2.27167217e+22 2.29507218e+22 2.31522562e+22 2.33223106e+22 2.34620065e+22 2.35725901e+22 2.36554193e+22 2.37119485e+22 2.37437113e+22 2.37523007e+22 2.37393479e+22 2.37064981e+22 2.36553860e+22 2.35876089e+22 2.35047002e+22 2.34081023e+22 2.32991406e+22 2.31789982e+22 2.30486940e+22 2.29090619e+22 2.27607352e+22 2.26041340e+22 2.24394584e+22 2.22666856e+22 2.20855740e+22 2.18956718e+22 2.16963324e+22 2.14867344e+22 2.12659078e+22 2.10327645e+22 2.07861328e+22 2.05247957e+22 2.02475314e+22 1.99531548e+22 1.96405599e+22 1.93087604e+22 1.89569293e+22 1.85844345e+22 1.81908704e+22 1.77760848e+22 1.73401993e+22 1.68836237e+22 1.64070632e+22 1.59115187e+22 1.53982799e+22 1.48689111e+22 1.43252317e+22 1.37692893e+22 1.32033288e+22
1.24266325e+20 1.31475362e+20 1.39379595e+20 1.48043722e+20 1.57538165e+20 1.67939681e+20 1.79332081e+20 1.91807083e+20 2.05465343e+20 2.20417679e+20 2.36786553e+20 2.54707858e+20 2.74333070e+20 2.95831838e+20 3.19395108e+20 3.45238857e+20 3.73608559e+20 4.04784493e+20 4.39088014e+20 4.76888911e+20 5.18613982e+20 5.64756915e+20 6.15889561e+20 6.72674618e+20 7.35879671e+20 8.06392419e+20 8.85236773e+20 9.73589295e+20 1.07279520e+21 1.18438282e+21 1.31007511e+21 1.45179627e+21 1.61167139e+21 1.79201645e+21 1.99531598e+21 2.22418572e+21 2.48131786e+21 2.76940747e+21 3.09105985e+21 3.44868054e+21 3.84435187e+21 4.27970257e+21 4.75577906e+21 5.27292902e+21 5.83070828e+21 6.42782143e+21 7.06210430e+21 7.73055239e+21 8.42939509e+21 9.15421041e+21 9.90007080e+21 1.06617078e+22 1.14336823e+22 1.22105469e+22 1.29869916e+22 1.37579634e+22 1.45187578e+22 1.52650804e+22 1.59930818e+22 1.66993693e+22 1.73810000e+22 1.80354612e+22 1.86606422e+22 1.92548026e+22 1.98165387e+22 2.03447522e+22 2.08386211e+22 2.12975752e+22 2.17212745e+22 2.21095918e+22 2.24625989e+22 2.27805551e+22 2.30638971e+22 2.33132308e+22 2.35293231e+22 2.37130929e+22 2.38656020e+22 2.39880440e+22 2.40817313e+22 2.41480799e+22 2.41885930e+22 2.42048404e+22 2.41984377e+22 2.41710219e+22 2.41242266e+22 2.40596550e+22 2.39788533e+22 2.38832828e+22 2.37742937e+22 2.36530996e+22 2.35207545e+22 2.33781322e+22 2.32259094e+22 2.30645533e+22 2.28943135e+22 2.27152193e+22 2.25270825e+22 2.23295062e+22 2.21218991e+22 2.19034958e+22 2.16733816e+22 2.14305235e+22 2.11738042e+22 2.09020598e+22 2.06141203e+22 2.03088509e+22 1.99851944e+22 1.96422113e+22 1.92791197e+22 1.88953305e+22 1.84904793e+22 1.80644528e+22 1.76174098e+22 1.71497947e+22 1.66623457e+22 1.61560940e+22 1.56323578e+22 1.50927278e+22 1.45390469e+22 1.39733845e+22 1.33980047e+22
1.29255832e+20 1.36193020e+20 1.43801601e+20 1.52145283e+20 1.61293548e+20 1.71322263e+20 1.82314408e+20 1.94360937e+20 2.07561803e+20 2.22027187e+20 2.37878975e+20 2.55252536e+20 2.74298859e+20 2.95187138e+20 3.18107864e+20 3.43276540e+20 3.70938118e+20 4.01372271e+20 4.34899636e+20 4.71889139e+20 5.12766537e+20 5.58024286e+20 6.08232806e+20 6.64053188e+20 7.26251283e+20 7.95713030e+20 8.73460711e+20 9.60669619e+20 1.05868439e+21 1.16903392e+21 1.29344337e+21 1.43384159e+21 1.59236152e+21 1.77133121e+21 1.97325258e+21 2.20076524e+21 2.45659293e+21 2.74347103e+21 3.06405487e+21 3.42081024e+21 3.81589011e+21 4.25100374e+21 4.72728677e+21 5.24518285e+21 5.80434786e+21 6.40358730e+21 7.04083495e+21 7.71317749e+21 8.41692490e+21 9.14772183e+21 9.90069063e+21 1.06705942e+22 1.14520048e+22 1.22394672e+22 1.30276441e+22 1.38114377e+22 1.45860827e+22 1.53472102e+22 1.60908850e+22 1.68136191e+22 1.75123675e+22 1.81845098e+22 1.88278247e+22 1.94404586e+22 2.00208943e+22 2.05679203e+22 2.10806029e+22 2.15582621e+22 2.20004511e+22 2.24069396e+22 2.27777002e+22 2.31128975e+22 2.34128791e+22 2.36781670e+22 2.39094503e+22 2.41075769e+22 2.42735439e+22 2.44084876e+22 2.45136703e+22 2.45904657e+22 2.46403420e+22 2.46648422e+22 2.46655626e+22 2.46441288e+22 2.46021704e+22 2.45412940e+22 2.44630561e+22 2.43689353e+22 2.42603051e+22 2.41384086e+22 2.40043342e+22 2.38589952e+22 2.37031120e+22 2.35371991e+22 2.33615565e+22 2.31762665e+22 2.29811957e+22 2.27760037e+22 2.25601563e+22 2.23329457e+22 2.20935151e+22 2.18408887e+22 2.15740057e+22 2.12917577e+22 2.09930290e+22 2.06767376e+22 2.03418770e+22 1.99875573e+22 1.96130435e+22 1.92177918e+22 1.88014809e+22 1.83640384e+22 1.79056616e+22 1.74268315e+22 1.69283202e+22 1.64111909e+22 1.58767910e+22 1.53267383e+22 1.47629005e+22 1.41873689e+22 1.36024274e+22
1.35505592e+20 1.42191094e+20 1.49524355e+20 1.57568012e+20 1.66390515e+20 1.76066749e+20 1.86678766e+20 1.98316651e+20 2.11079549e+20 2.25076897e+20 2.40429897e+20 2.57273286e+20 2.75757469e+20 2.96051080e+20 3.18344061e+20 3.42851352e+20 3.69817297e+20 3.99520891e+20 4.32281976e+20 4.68468544e+20 5.08505240e+20 5.52883209e+20 6.02171350e+20 6.57029033e+20 7.18220231e+20 7.86628932e+20 8.63275535e+20 9.49333739e+20 1.04614718e+21 1.15524474e+21 1.27835315e+21 1.41740506e+21 1.57454025e+21 1.75209770e+21 1.95259539e+21 2.17869532e+21 2.43315122e+21 2.71873717e+21 3.03815688e+21 3.39393495e+21 3.78829379e+21 4.22302230e+21 4.69934502e+21 5.21780185e+21 5.77814981e+21 6.37929714e+21 7.01927836e+21 7.69527490e+21 8.40368174e+21 9.14021522e+21 9.90005321e+21 1.06779958e+22 1.14686330e+22 1.22665074e+22 1.30662602e+22 1.38627542e+22 1.46511679e+22 1.54270623e+22 1.61864193e+22 1.69256586e+22 1.76416344e+22 1.83316200e+22 1.89932832e+22 1.96246570e+22 2.02241095e+22 2.07903141e+22 2.13222228e+22 2.18190431e+22 2.22802180e+22 2.27054101e+22 2.30944889e+22 2.34475202e+22 2.37647573e+22 2.40466342e+22 2.42937571e+22 2.45068979e+22 2.46869844e+22 2.48350906e+22 2.49524242e+22 2.50403120e+22 2.51001832e+22 2.51335496e+22 2.51419846e+22 2.51270987e+22 2.50905146e+22 2.50338395e+22 2.49586379e+22 2.48664036e+22 2.47585321e+22 2.46362944e+22 2.45008129e+22 2.43530399e+22 2.41937395e+22 2.40234739e+22 2.38425942e+22 2.36512367e+22 2.34493244e+22 2.32365745e+22 2.30125121e+22 2.27764889e+22 2.25277081e+22 2.22652535e+22 2.19881231e+22 2.16952667e+22 2.13856252e+22 2.10581717e+22 2.07119534e+22 2.03461316e+22 1.99600212e+22 1.95531256e+22 1.91251686e+22 1.86761207e+22 1.82062195e+22 1.77159842e+22 1.72062223e+22 1.66780301e+22 1.61327856e+22 1.55721344e+22 1.49979696e+22 1.44124052e+22 1.38177452e+22
1.43123117e+20 1.49579102e+20 1.56659548e+20 1.64425951e+20 1.72945651e+20 1.82292467e+20 1.92547436e+20 2.03799684e+20 2.16147455e+20 2.29699350e+20 2.44575791e+20 2.60910796e+20 2.78854093e+20 2.98573678e+20 3.20258869e+20 3.44123976e+20 3.70412679e+20 3.99403242e+20 4.31414678e+20 4.66814010e+20 5.06024744e+20 5.49536688e+20 5.97917187e+20 6.51823844e+20 7.12018684e+20 7.79383636e+20 8.54937058e+20 9.39850822e+20 1.03546724e+21 1.14331476e+21 1.26512112e+21 1.40282203e+21 1.55856325e+21 1.73469360e+21 1.93374587e+21 2.15840306e+21 2.41144728e+21 2.69568969e+21 3.01388071e+21 3.36860214e+21 3.76214437e+21 4.19637488e+21 4.67260639e+21 5.19147502e+21 5.75283952e+21 6.35571234e+21 6.99823098e+21 7.67767483e+21 8.39052786e+21 9.13258279e+21 9.89907833e+21 1.06848575e+22 1.14845340e+22 1.22926542e+22 1.31038438e+22 1.39129312e+22 1.47150442e+22 1.55056776e+22 1.62807344e+22 1.70365445e+22 1.77698637e+22 1.84778602e+22 1.91580913e+22 1.98084767e+22 2.04272686e+22 2.10130236e+22 2.15645776e+22 2.20810225e+22 2.25616880e+22 2.30061261e+22 2.34140990e+22 2.37855691e+22 2.41206915e+22 2.44198066e+22 2.46834335e+22 2.49122627e+22 2.51071479e+22 2.52690960e+22 2.53992551e+22 2.54989004e+22 2.55694174e+22 2.56122829e+22 2.56290431e+22 2.56212901e+22 2.55906360e+22 2.55386858e+22 2.54670097e+22 2.53771144e+22 2.52704154e+22 2.51482108e+22 2.50116558e+22 2.48617413e+22 2.46992751e+22 2.45248674e+22 2.43389212e+22 2.41416277e+22 2.39329675e+22 2.37127173e+22 2.34804633e+22 2.32356188e+22 2.29774491e+22 2.27051000e+22 2.24176310e+22 2.21140523e+22 2.17933642e+22 2.14545977e+22 2.10968557e+22 2.07193540e+22 2.03214590e+22 1.99027240e+22 1.94629201e+22 1.90020625e+22 1.85204314e+22 1.80185854e+22 1.74973692e+22 1.69579135e+22 1.64016278e+22 1.58301869e+22 1.52455097e+22 1.46497339e+22 1.40451838e+22
1.52221272e+20 1.58471875e+20 1.65324144e+20 1.72838373e+20 1.81080729e+20 1.90123896e+20 2.00047819e+20 2.10940588e+20 2.22899469e+20 2.36032144e+20 2.50458182e+20 2.66310804e+20 2.83738996e+20 3.02910050e+20 3.24012610e+20 3.47260313e+20 3.72896146e+20 4.01197627e+20 4.32482934e+20 4.67118132e+20 5.05525610e+20 5.48193866e+20 5.95688720e+20 6.48666034e+20 7.07885893e+20 7.74228150e+20 8.48709059e+20 9.32498542e+20 1.02693737e+21 1.13355328e+21 1.25407452e+21 1.39043930e+21 1.54479859e+21 1.71951006e+21 1.91712017e+21 2.14033154e+21 2.39195316e+21 2.67483153e+21 2.99176207e+21 3.34538203e+21 3.73804814e+21 4.17170506e+21 4.64775273e+21 5.16692299e+21 5.72917652e+21 6.33363090e+21 6.97852848e+21 7.66124928e+21 8.37836977e+21 9.12576345e+21 9.89873484e+21 1.06921754e+22 1.15007282e+22 1.23189497e+22 1.31414555e+22 1.39630457e+22 1.47788021e+22 1.55841581e+22 1.63749419e+22 1.71473966e+22 1.78981821e+22 1.86243630e+22 1.93233876e+22 1.99930617e+22 2.06315211e+22 2.12372049e+22 2.18088301e+22 2.23453711e+22 2.28460409e+22 2.33102774e+22 2.37377314e+22 2.41282580e+22 2.44819091e+22 2.47989271e+22 2.50797386e+22 2.53249480e+22 2.55353296e+22 2.57118180e+22 2.58554968e+22 2.59675848e+22 2.60494192e+22 2.61024371e+22 2.61281536e+22 2.61281383e+22 2.61039893e+22 2.60573065e+22 2.59896625e+22 2.59025749e+22 2.57974777e+22 2.56756941e+22 2.55384115e+22 2.53866587e+22 2.52212871e+22 2.50429552e+22 2.48521184e+22 2.46490240e+22 2.44337114e+22 2.42060188e+22 2.39655947e+22 2.37119168e+22 2.34443145e+22 2.31619982e+22 2.28640913e+22 2.25496675e+22 2.22177888e+22 2.18675467e+22 2.14981030e+22 2.11087299e+22 2.06988485e+22 2.02680641e+22 1.98161973e+22 1.93433105e+22 1.88497278e+22 1.83360496e+22 1.78031592e+22 1.72522230e+22 1.66846835e+22 1.61022453e+22 1.55068544e+22 1.49006723e+22 1.42860446e+22
1.62918212e+20 1.68989491e+20 1.75640311e+20 1.82929716e+20 1.90922648e+20 1.99690597e+20 2.09312359e+20 2.19874924e+20 2.31474515e+20 2.44217835e+20 2.58223536e+20 2.73623988e+20 2.90567384e+20 3.09220277e+20 3.29770604e+20 3.52431315e+20 3.77444706e+20 4.05087565e+20 4.35677273e+20 4.69578993e+20 5.07214066e+20 5.49069764e+20 5.95710483e+20 6.47790440e+20 7.06067874e+20 7.71420637e+20 8.44862921e+20 9.27562685e+20 1.02085909e+21 1.12627892e+21 1.24555070e+21 1.38061462e+21 1.53362622e+21 1.70695120e+21 1.90314857e+21 2.12493930e+21 2.37515775e+21 2.65668407e+21 2.97235685e+21 3.32486688e+21 3.71663543e+21 4.14968266e+21 4.62549437e+21 5.14489723e+21 5.70795359e+21 6.31388663e+21 6.96104483e+21 7.64691103e+21 8.36815730e+21 9.12074183e+21 9.90003960e+21 1.07009957e+22 1.15182886e+22 1.23464901e+22 1.31802122e+22 1.40142320e+22 1.48435910e+22 1.56636658e+22 1.64702141e+22 1.72593960e+22 1.80277783e+22 1.87723241e+22 1.94903735e+22 2.01796193e+22 2.08380807e+22 2.14640776e+22 2.20562073e+22 2.26133237e+22 2.31345206e+22 2.36191182e+22 2.40666522e+22 2.44768659e+22 2.48497036e+22 2.51853046e+22 2.54839982e+22 2.57462976e+22 2.59728921e+22 2.61646392e+22 2.63225527e+22 2.64477898e+22 2.65416346e+22 2.66054797e+22 2.66408049e+22 2.66491530e+22 2.66321047e+22 2.65912510e+22 2.65281646e+22 2.64443712e+22 2.63413211e+22 2.62203614e+22 2.60827102e+22 2.59294339e+22 2.57614271e+22 2.55793967e+22 2.53838513e+22 2.51750952e+22 2.49532281e+22 2.47181509e+22 2.44695772e+22 2.42070505e+22 2.39299671e+22 2.36376044e+22 2.33291526e+22 2.30037513e+22 2.26605273e+22 2.22986354e+22 2.19172989e+22 2.15158495e+22 2.10937653e+22 2.06507063e+22 2.01865451e+22 1.97013930e+22 1.91956209e+22 1.86698722e+22 1.81250707e+22 1.75624201e+22 1.69833970e+22 1.63897369e+22 1.57834139e+22 1.51666142e+22 1.45417048e+22
1.75337227e+20 1.81257122e+20 1.87735267e+20 1.94829422e+20 2.02603263e+20 2.11127046e+20 2.20478372e+20 2.30743083e+20 2.42016313e+20 2.54403739e+20 2.68023057e+20 2.83005747e+20 2.99499186e+20 3.17669165e+20 3.37702917e+20 3.59812720e+20 3.84240208e+20 4.11261497e+20 4.41193249e+20 4.74399824e+20 5.11301643e+20 5.52384901e+20 5.98212733e+20 6.49437890e+20 7.06816949e+20 7.71225933e+20 8.43677121e+20 9.25336618e+20 1.01754201e+21 1.12181910e+21 1.23989648e+21 1.37371602e+21 1.52543730e+21 1.69743331e+21 1.89227469e+21 2.11269949e+21 2.36156596e+21 2.64178624e+21 2.95624014e+21 3.30767000e+21 3.69855957e+21 4.13100255e+21 4.60656890e+21 5.12617882e+21 5.68999553e+21 6.29734779e+21 6.94669094e+21 7.63561231e+21 8.36088216e+21 9.11854681e+21 9.90405603e+21 1.07124136e+22 1.15383386e+22 1.23764242e+22 1.32212846e+22 1.40676800e+22 1.49106168e+22 1.57454205e+22 1.65677824e+22 1.73737838e+22 1.81599014e+22 1.89229994e+22 1.96603114e+22 2.03694180e+22 2.10482218e+22 2.16949231e+22 2.23079976e+22 2.28861769e+22 2.34284328e+22 2.39339645e+22 2.44021890e+22 2.48327336e+22 2.52254302e+22 2.55803105e+22 2.58976012e+22 2.61777187e+22 2.64212627e+22 2.66290074e+22 2.68018919e+22 2.69410064e+22 2.70475768e+22 2.71229465e+22 2.71685550e+22 2.71859144e+22 2.71765839e+22 2.71421421e+22 2.70841585e+22 2.70041644e+22 2.69036241e+22 2.67839068e+22 2.66462604e+22 2.64917878e+22 2.63214263e+22 2.61359319e+22 2.59358666e+22 2.57215928e+22 2.54932718e+22 2.52508691e+22 2.49941648e+22 2.47227710e+22 2.44361533e+22 2.41336586e+22 2.38145468e+22 2.34780261e+22 2.31232913e+22 2.27495634e+22 2.23561300e+22 2.19423851e+22 2.15078668e+22 2.10522922e+22 2.05755885e+22 2.00779187e+22 1.95597018e+22 1.90216270e+22 1.84646598e+22 1.78900431e+22 1.72992888e+22 1.66941646e+22 1.60766735e+22 1.54490271e+22 1.48136145e+22
1.89606476e+20 1.95404767e+20 2.01741011e+20 2.08671664e+20 2.16259114e+20 2.24572353e+20 2.33687759e+20 2.43689994e+20 2.54673077e+20 2.66741630e+20 2.80012370e+20 2.94615877e+20 3.10698703e+20 3.28425892e+20 3.47983994e+20 3.69584661e+20 3.93468938e+20 4.19912359e+20 4.49230989e+20 4.81788540e+20 5.18004693e+20 5.58364782e+20 6.03430915e+20 6.53854644e+20 7.10391154e+20 7.73914918e+20 8.45436568e+20 9.26120587e+20 1.01730315e+21 1.12050920e+21 1.23746733e+21 1.37012092e+21 1.52063323e+21 1.69138394e+21 1.88495443e+21 2.10409874e+21 2.35169756e+21 2.63069327e+21 2.94400498e+21 3.29442440e+21 3.68449548e+21 4.11638324e+21 4.59173972e+21 5.11157685e+21 5.67615750e+21 6.28491537e+21 6.93641288e+21 7.62834291e+21 8.35757596e+21 9.12024952e+21 9.91189199e+21 1.07275705e+22 1.15620500e+22 1.24099510e+22 1.32658955e+22 1.41246328e+22 1.49811402e+22 1.58306972e+22 1.66689341e+22 1.74918573e+22 1.82958575e+22 1.90777025e+22 1.98345216e+22 2.05637842e+22 2.12632770e+22 2.19310802e+22 2.25655469e+22 2.31652846e+22 2.37291406e+22 2.42561900e+22 2.47457274e+22 2.51972598e+22 2.56105026e+22 2.59853746e+22 2.63219949e+22 2.66206779e+22 2.68819278e+22 2.71064305e+22 2.72950444e+22 2.74487874e+22 2.75688219e+22 2.76564369e+22 2.77130269e+22 2.77400687e+22 2.77390957e+22 2.77116704e+22 2.76593557e+22 2.75836858e+22 2.74861365e+22 2.73680972e+22 2.72308441e+22 2.70755156e+22 2.69030919e+22 2.67143774e+22 2.65099884e+22 2.62903464e+22 2.60556754e+22 2.58060073e+22 2.55411910e+22 2.52609092e+22 2.49646993e+22 2.46519808e+22 2.43220858e+22 2.39742944e+22 2.36078722e+22 2.32221096e+22 2.28163617e+22 2.23900876e+22 2.19428884e+22 2.14745411e+22 2.09850301e+22 2.04745723e+22 1.99436377e+22 1.93929628e+22 1.88235572e+22 1.82367040e+22 1.76339524e+22 1.70171034e+22 1.63881896e+22 1.57494491e+22 1.51032935e+22
2.05858618e+20 2.11566876e+20 2.17793944e+20 2.24594967e+20 2.32031036e+20 2.40169870e+20 2.49086606e+20 2.58864720e+20 2.69597099e+20 2.81387308e+20 2.94351085e+20 3.08618116e+20 3.24334152e+20 3.41663525e+20 3.60792159e+20 3.81931158e+20 4.05321082e+20 4.31237023e+20 4.59994617e+20 4.91957131e+20 5.27543752e+20 5.67239228e+20 6.11604965e+20 6.61291656e+20 7.17053471e+20 7.79763717e+20 8.50431763e+20 9.30220830e+20 1.02046601e+21 1.12269159e+21 1.23862633e+21 1.37021508e+21 1.51962454e+21 1.68924064e+21 1.88165477e+21 2.09963587e+21 2.34608571e+21 2.62397522e+21 2.93626074e+21 3.28578107e+21 3.67513789e+21 4.10656499e+21 4.58179398e+21 5.10192635e+21 5.66732281e+21 6.27752082e+21 6.93118947e+21 7.62612770e+21 8.35930772e+21 9.12696065e+21 9.92469702e+21 1.07476516e+22 1.15906403e+22 1.24483165e+22 1.33153160e+22 1.41863833e+22 1.50564725e+22 1.59208230e+22 1.67750091e+22 1.76149674e+22 1.84370062e+22 1.92378005e+22 2.00143776e+22 2.07640978e+22 2.14846323e+22 2.21739413e+22 2.28302546e+22 2.34520540e+22 2.40380601e+22 2.45872210e+22 2.50987052e+22 2.55718959e+22 2.60063868e+22 2.64019794e+22 2.67586798e+22 2.70766951e+22 2.73564281e+22 2.75984709e+22 2.78035954e+22 2.79727416e+22 2.81070028e+22 2.82076083e+22 2.82759025e+22 2.83133219e+22 2.83213698e+22 2.83015887e+22 2.82555313e+22 2.81847313e+22 2.80906738e+22 2.79747661e+22 2.78383111e+22 2.76824819e+22 2.75083006e+22 2.73166205e+22 2.71081124e+22 2.68832577e+22 2.66423448e+22 2.63854733e+22 2.61125632e+22 2.58233701e+22 2.55175060e+22 2.51944654e+22 2.48536561e+22 2.44944331e+22 2.41161359e+22 2.37181274e+22 2.32998335e+22 2.28607817e+22 2.24006387e+22 2.19192449e+22 2.14166443e+22 2.08931106e+22 2.03491668e+22 1.97855991e+22 1.92034631e+22 1.86040842e+22 1.79890498e+22 1.73601959e+22 1.67195858e+22 1.60694846e+22 1.54123275e+22
2.24230303e+20 2.29881844e+20 2.36034360e+20 2.42741694e+20 2.50063645e+20 2.58066664e+20 2.66824655e+20 2.76419911e+20 2.86944200e+20 2.98500043e+20 3.11202220e+20 3.25179560e+20 3.40577057e+20 3.57558400e+20 3.76308974e+20 3.97039451e+20 4.19990049e+20 4.45435595e+20 4.73691519e+20 5.05120903e+20 5.40142745e+20 5.79241562e+20 6.22978449e+20 6.72003683e+20 7.27070890e+20 7.89052711e+20 8.58957759e+20 9.37948494e+20 1.02735938e+21 1.12871445e+21 1.24374291e+21 1.37439122e+21 1.52282947e+21 1.69144949e+21 1.88285209e+21 2.09982017e+21 2.34527526e+21 2.62221509e+21 2.93363117e+21 3.28240695e+21 3.67119913e+21 4.10230743e+21 4.57754018e+21 5.09808571e+21 5.66440024e+21 6.27612321e+21 6.93202935e+21 7.63002354e+21 8.36718059e+21 9.13982717e+21 9.94365891e+21 1.07738822e+22 1.16253688e+22 1.24928101e+22 1.33708621e+22 1.42542703e+22 1.51379720e+22 1.60171724e+22 1.68873954e+22 1.77445130e+22 1.85847556e+22 1.94047091e+22 2.02013019e+22 2.09717870e+22 2.17137217e+22 2.24249465e+22 2.31035674e+22 2.37479394e+22 2.43566541e+22 2.49285302e+22 2.54626069e+22 2.59581391e+22 2.64145949e+22 2.68316535e+22 2.72092026e+22 2.75473364e+22 2.78463509e+22 2.81067383e+22 2.83291781e+22 2.85145265e+22 2.86638020e+22 2.87781684e+22 2.88589147e+22 2.89074323e+22 2.89251896e+22 2.89137046e+22 2.88745162e+22 2.88091542e+22 2.87191099e+22 2.86058066e+22 2.84705720e+22 2.83146128e+22 2.81389923e+22 2.79446123e+22 2.77321990e+22 2.75022941e+22 2.72552518e+22 2.69912415e+22 2.67102561e+22 2.64121265e+22 2.60965421e+22 2.57630755e+22 2.54112129e+22 2.50403876e+22 2.46500165e+22 2.42395383e+22 2.38084528e+22 2.33563595e+22 2.28829939e+22 2.23882625e+22 2.18722721e+22 2.13353558e+22 2.07780924e+22 2.02013198e+22 1.96061419e+22 1.89939279e+22 1.83663056e+22 1.77251467e+22 1.70725466e+22 1.64107986e+22 1.57423616e+22
2.44861546e+20 2.50491376e+20 2.56605804e+20 2.63257394e+20 2.70504678e+20 2.78412858e+20 2.87054631e+20 2.96511132e+20 3.06873040e+20 3.18241867e+20 3.30731487e+20 3.44469928e+20 3.59601506e+20 3.76289359e+20 3.94718458e+20 4.15099193e+20 4.37671626e+20 4.62710550e+20 4.90531452e+20 5.21497552e+20 5.56028032e+20 5.94607600e+20 6.37797524e+20 6.86248194e+20 7.40713275e+20 8.02065354e+20 8.71312927e+20 9.49618329e+20 1.03831602e+21 1.13893032e+21 1.25319134e+21 1.38304745e+21 1.53067223e+21 1.69846328e+21 1.88903033e+21 2.10516941e+21 2.34982053e+21 2.62600654e+21 2.93675196e+21 3.28498231e+21 3.67340643e+21 4.10438676e+21 4.57980512e+21 5.10093349e+21 5.66832068e+21 6.28170574e+21 6.93996734e+21 7.64111551e+21 8.38232789e+21 9.16002811e+21 9.96999938e+21 1.08075233e+22 1.16675318e+22 1.25447600e+22 1.34338896e+22 1.43296735e+22 1.52270386e+22 1.61211620e+22 1.70075236e+22 1.78819360e+22 1.87405568e+22 1.95798869e+22 2.03967593e+22 2.11883224e+22 2.19520210e+22 2.26855771e+22 2.33869726e+22 2.40544349e+22 2.46864250e+22 2.52816296e+22 2.58389553e+22 2.63575252e+22 2.68366774e+22 2.72759635e+22 2.76751480e+22 2.80342065e+22 2.83533222e+22 2.86328813e+22 2.88734650e+22 2.90758396e+22 2.92409426e+22 2.93698666e+22 2.94638396e+22 2.95242023e+22 2.95523833e+22 2.95498717e+22 2.95181884e+22 2.94588558e+22 2.93733684e+22 2.92631628e+22 2.91295896e+22 2.89738876e+22 2.87971608e+22 2.86003593e+22 2.83842646e+22 2.81494799e+22 2.78964265e+22 2.76253451e+22 2.73363036e+22 2.70292109e+22 2.67038364e+22 2.63598339e+22 2.59967715e+22 2.56141638e+22 2.52115086e+22 2.47883239e+22 2.43441873e+22 2.38787730e+22 2.33918893e+22 2.28835117e+22 2.23538130e+22 2.18031885e+22 2.12322754e+22 2.06419659e+22 2.00334142e+22 1.94080355e+22 1.87674993e+22 1.81137149e+22 1.74488108e+22 1.67751091e+22 1.60950937e+22
2.67894946e+20 2.73539707e+20 2.79654290e+20 2.86290022e+20 2.93504202e+20 3.01360829e+20 3.09931432e+20 3.19296035e+20 3.29544279e+20 3.40776732e+20 3.53106428e+20 3.66660684e+20 3.81583242e+20 3.98036822e+20 4.16206134e+20 4.36301477e+20 4.58562989e+20 4.83265697e+20 5.10725478e+20 5.41306065e+20 5.75427262e+20 6.13574475e+20 6.56309707e+20 7.04284096e+20 7.58252028e+20 8.19086775e+20 8.87797487e+20 9.65547159e+20 1.05367101e+21 1.15369438e+21 1.26734890e+21 1.39658536e+21 1.54358107e+21 1.71073943e+21 1.90067875e+21 2.11620745e+21 2.36028285e+21 2.63595123e+21 2.94626791e+21 3.29419781e+21 3.68249873e+21 4.11359240e+21 4.58943040e+21 5.11136469e+21 5.68003322e+21 6.29527157e+21 6.95606002e+21 7.66051227e+21 8.40590840e+21 9.18876972e+21 1.00049690e+22 1.08498661e+22 1.17184576e+22 1.26055272e+22 1.35057881e+22 1.44140073e+22 1.53251075e+22 1.62342445e+22 1.71368603e+22 1.80287142e+22 1.89058965e+22 1.97648278e+22 2.06022497e+22 2.14152088e+22 2.22010400e+22 2.29573476e+22 2.36819901e+22 2.43730666e+22 2.50289063e+22 2.56480614e+22 2.62293033e+22 2.67716194e+22 2.72742133e+22 2.77365047e+22 2.81581293e+22 2.85389382e+22 2.88789962e+22 2.91785772e+22 2.94381579e+22 2.96584081e+22 2.98401782e+22 2.99844835e+22 3.00924849e+22 3.01654670e+22 3.02048133e+22 3.02119791e+22 3.01884627e+22 3.01357755e+22 3.00554118e+22 2.99488188e+22 2.98173679e+22 2.96623284e+22 2.94848441e+22 2.92859128e+22 2.90663718e+22 2.88268866e+22 2.85679465e+22 2.82898654e+22 2.79927885e+22 2.76767053e+22 2.73414678e+22 2.69868143e+22 2.66123978e+22 2.62178182e+22 2.58026574e+22 2.53665168e+22 2.49090548e+22 2.44300247e+22 2.39293103e+22 2.34069601e+22 2.28632159e+22 2.22985381e+22 2.17136252e+22 2.11094264e+22 2.04871482e+22 1.98482542e+22 1.91944571e+22 1.85277053e+22 1.78501620e+22 1.71641789e+22 1.64722656e+22
2.93474776e+20 2.99172680e+20 3.05327371e+20 3.11988991e+20 3.19213667e+20 3.27064248e+20 3.35611159e+20 3.44933379e+20 3.55119589e+20 3.66269493e+20 3.78495388e+20 3.91923991e+20 4.06698609e+20 4.22981703e+20 4.40957921e+20 4.60837698e+20 4.82861523e+20 5.07304985e+20 5.34484724e+20 5.64765434e+20 5.98568051e+20 6.36379258e+20 6.78762452e+20 7.26370244e+20 7.79958543e+20 8.40402166e+20 9.08711823e+20 9.86052104e+20 1.07375992e+21 1.17336253e+21 1.28659389e+21 1.41540785e+21 1.56198594e+21 1.72873752e+21 1.91828931e+21 2.13346151e+21 2.37722764e+21 2.65265573e+21 2.96282967e+21 3.31075095e+21 3.69922299e+21 4.13072298e+21 4.60726819e+21 5.13028636e+21 5.70050046e+21 6.31783897e+21 6.98138068e+21 7.68934079e+21 8.43910070e+21 9.22727953e+21 1.00498410e+22 1.09022261e+22 1.17794995e+22 1.26764988e+22 1.35879745e+22 1.45087136e+22 1.54336418e+22 1.63579004e+22 1.72769001e+22 1.81863536e+22 1.90822893e+22 1.99610531e+22 2.08192994e+22 2.16539770e+22 2.24623131e+22 2.32417964e+22 2.39901628e+22 2.47053827e+22 2.53856524e+22 2.60293882e+22 2.66352229e+22 2.72020052e+22 2.77287999e+22 2.82148898e+22 2.86597767e+22 2.90631816e+22 2.94250444e+22 2.97455207e+22 3.00249759e+22 3.02639771e+22 3.04632809e+22 3.06238189e+22 3.07466787e+22 3.08330827e+22 3.08843639e+22 3.09019387e+22 3.08872781e+22 3.08418783e+22 3.07672297e+22 3.06647871e+22 3.05359405e+22 3.03819880e+22 3.02041118e+22 3.00033573e+22 2.97806173e+22 2.95366205e+22 2.92719254e+22 2.89869208e+22 2.86818315e+22 2.83567299e+22 2.80115538e+22 2.76461290e+22 2.72601972e+22 2.68534469e+22 2.64255481e+22 2.59761891e+22 2.55051133e+22 2.50121563e+22 2.44972819e+22 2.39606144e+22 2.34024683e+22 2.28233724e+22 2.22240891e+22 2.16056275e+22 2.09692490e+22 2.03164673e+22 1.96490408e+22 1.89689582e+22 1.82784186e+22 1.75798049e+22 1.68756529e+22
3.21745914e+20 3.27536673e+20 3.33773057e+20 3.40504094e+20 3.47784807e+20 3.55676975e+20 3.64249999e+20 3.73581904e+20 3.83760503e+20 3.94884753e+20 4.07066332e+20 4.20431507e+20 4.35123317e+20 4.51304160e+20 4.69158852e+20 4.88898240e+20 5.10763485e+20 5.35031109e+20 5.62018959e+20 5.92093195e+20 6.25676463e+20 6.63257391e+20 7.05401515e+20 7.52763751e+20 8.06102440e+20 8.66294936e+20 9.34354554e+20 1.01144857e+21 1.09891668e+21 1.19828912e+21 1.31130319e+21 1.43991664e+21 1.58631587e+21 1.75291653e+21 1.94235375e+21 2.15745902e+21 2.40122104e+21 2.67672795e+21 2.98708995e+21 3.33534211e+21 3.72432992e+21 4.15658188e+21 4.63417648e+21 5.15861248e+21 5.73069322e+21 6.35043566e+21 7.01701335e+21 7.72874006e+21 8.48309670e+21 9.27679965e+21 1.01059044e+22 1.09659351e+22 1.18520285e+22 1.27590804e+22 1.36818842e+22 1.46152538e+22 1.55541244e+22 1.64936299e+22 1.74291572e+22 1.83563787e+22 1.92712679e+22 2.01701014e+22 2.10494514e+22 2.19061730e+22 2.27373892e+22 2.35404752e+22 2.43130453e+22 2.50529418e+22 2.57582276e+22 2.64271809e+22 2.70582938e+22 2.76502728e+22 2.82020401e+22 2.87127367e+22 2.91817251e+22 2.96085905e+22 2.99931420e+22 3.03354101e+22 3.06356423e+22 3.08942960e+22 3.11120275e+22 3.12896778e+22 3.14282549e+22 3.15289128e+22 3.15929278e+22 3.16216718e+22 3.16165840e+22 3.15791405e+22 3.15108243e+22 3.14130944e+22 3.12873566e+22 3.11349359e+22 3.09570517e+22 3.07547963e+22 3.05291181e+22 3.02808093e+22 3.00104991e+22 2.97186529e+22 2.94055770e+22 2.90714296e+22 2.87162371e+22 2.83399164e+22 2.79423012e+22 2.75231724e+22 2.70822922e+22 2.66194396e+22 2.61344469e+22 2.56272364e+22 2.50978551e+22 2.45465074e+22 2.39735836e+22 2.33796844e+22 2.27656396e+22 2.21325204e+22 2.14816460e+22 2.08145825e+22 2.01331358e+22 1.94393370e+22 1.87354222e+22 1.80238065e+22 1.73070530e+22
3.52852627e+20 3.58777379e+20 3.65138588e+20 3.71984253e+20 3.79368387e+20 3.87351792e+20 3.96002945e+20 4.05399027e+20 4.15627107e+20 4.26785526e+20 4.38985501e+20 4.52353018e+20 4.67031049e+20 4.83182166e+20 5.00991621e+20 5.20670991e+20 5.42462473e+20 5.66643957e+20 5.93534988e+20 6.23503764e+20 6.56975303e+20 6.94440919e+20 7.36469125e+20 7.83718079e+20 8.36949586e+20 8.97044647e+20 9.65020375e+20 1.04204797e+21 1.12947119e+21 1.22882450e+21 1.34184970e+21 1.47050950e+21 1.61699600e+21 1.78373169e+21 1.97336024e+21 2.18872410e+21 2.43282618e+21 2.70877318e+21 3.01969923e+21 3.36866997e+21 3.75856912e+21 4.19197211e+21 4.67101364e+21 5.19725826e+21 5.77158439e+21 6.39409240e+21 7.06404607e+21 7.77985409e+21 8.53909429e+21 9.33857906e+21 1.01744559e+22 1.10423338e+22 1.19374246e+22 1.28546869e+22 1.37889626e+22 1.47350988e+22 1.56880475e+22 1.66429425e+22 1.75951542e+22 1.85403224e+22 1.94743722e+22 2.03935173e+22 2.12942535e+22 2.21733468e+22 2.30278196e+22 2.38549365e+22 2.46521920e+22 2.54173011e+22 2.61481926e+22 2.68430057e+22 2.75000896e+22 2.81180052e+22 2.86955284e+22 2.92316538e+22 2.97255993e+22 3.01768085e+22 3.05849533e+22 3.09499323e+22 3.12718687e+22 3.15511030e+22 3.17881840e+22 3.19838553e+22 3.21390381e+22 3.22548117e+22 3.23323895e+22 3.23730932e+22 3.23783243e+22 3.23495346e+22 3.22881950e+22 3.21957655e+22 3.20736648e+22 3.19232425e+22 3.17457538e+22 3.15423369e+22 3.13139959e+22 3.10615868e+22 3.07858107e+22 3.04872112e+22 3.01661783e+22 2.98229588e+22 2.94576708e+22 2.90703255e+22 2.86608523e+22 2.82291287e+22 2.77750130e+22 2.72983789e+22 2.67991521e+22 2.62773453e+22 2.57330931e+22 2.51666836e+22 2.45785869e+22 2.39694791e+22 2.33402603e+22 2.26920672e+22 2.20262793e+22 2.13445177e+22 2.06486376e+22 1.99407144e+22 1.92230229e+22 1.84980116e+22 1.77682717e+22
3.86937211e+20 3.93038426e+20 3.99569042e+20 4.06576130e+20 4.14112798e+20 4.22238982e+20 4.31022360e+20 4.40539399e+20 4.50876570e+20 4.62131756e+20 4.74415895e+20 4.87854898e+20 5.02591905e+20 5.18789926e+20 5.36634964e+20 5.56339684e+20 5.78147737e+20 6.02338860e+20 6.29234856e+20 6.59206600e+20 6.92682211e+20 7.30156516e+20 7.72201943e+20 8.19480928e+20 8.72759887e+20 9.32924713e+20 1.00099765e+21 1.07815523e+21 1.16574670e+21 1.26531218e+21 1.37859935e+21 1.50757713e+21 1.65444433e+21 1.82163101e+21 2.01178970e+21 2.22777359e+21 2.47259899e+21 2.74938957e+21 3.06130108e+21 3.41142649e+21 3.80268379e+21 4.23769054e+21 4.71863231e+21 5.24713368e+21 5.82414218e+21 6.44983583e+21 7.12356336e+21 7.84382392e+21 8.60828895e+21 9.41386489e+21 1.02567908e+22 1.11327617e+22 1.20370672e+22 1.29647327e+22 1.39106545e+22 1.48697190e+22 1.58369023e+22 1.68073459e+22 1.77764115e+22 1.87397139e+22 1.96931375e+22 2.06328398e+22 2.15552464e+22 2.24570393e+22 2.33351449e+22 2.41867205e+22 2.50091430e+22 2.58000013e+22 2.65570903e+22 2.72784093e+22 2.79621625e+22 2.86067627e+22 2.92108354e+22 2.97732245e+22 3.02929979e+22 3.07694520e+22 3.12021147e+22 3.15907466e+22 3.19353388e+22 3.22361082e+22 3.24934885e+22 3.27081185e+22 3.28808259e+22 3.30126079e+22 3.31046085e+22 3.31580929e+22 3.31744197e+22 3.31550106e+22 3.31013205e+22 3.30148061e+22 3.28968959e+22 3.27489619e+22 3.25722929e+22 3.23680725e+22 3.21373597e+22 3.18810753e+22 3.15999928e+22 3.12947358e+22 3.09657805e+22 3.06134645e+22 3.02380011e+22 2.98394992e+22 2.94179878e+22 2.89734450e+22 2.85058291e+22 2.80151135e+22 2.75013210e+22 2.69645593e+22 2.64050547e+22 2.58231834e+22 2.52194990e+22 2.45947565e+22 2.39499300e+22 2.32862249e+22 2.26050837e+22 2.19081849e+22 2.11974357e+22 2.04749573e+22 1.97430649e+22 1.90042417e+22 1.82611080e+22
4.24138474e+20 4.30459861e+20 4.37205809e+20 4.44422579e+20 4.52162495e+20 4.60484760e+20 4.69456392e+20 4.79153298e+20 4.89661519e+20 5.01078669e+20 5.13515612e+20 5.27098422e+20 5.41970671e+20 5.58296118e+20 5.76261864e+20 5.96082067e+20 6.18002298e+20 6.42304679e+20 6.69313884e+20 6.99404174e+20 7.33007572e+20 7.70623334e+20 8.12828827e+20 8.60291912e+20 9.13784877e+20 9.74199887e+20 1.04256580e+21 1.12006601e+21 1.20805689e+21 1.30808582e+21 1.42190793e+21 1.55149976e+21 1.69906809e+21 1.86705147e+21 2.05811174e+21 2.27511279e+21 2.52108359e+21 2.79916328e+21 3.11252684e+21 3.46429130e+21 3.85740467e+21 4.29452161e+21 4.77787276e+21 5.30913635e+21 5.88932253e+21 6.51868045e+21 7.19663778e+21 7.92177884e+21 8.69186460e+21 9.50389281e+21 1.03541929e+22 1.12385468e+22 1.21523238e+22 1.30906205e+22 1.40483923e+22 1.50205719e+22 1.60021664e+22 1.69883333e+22 1.79744337e+22 1.89560657e+22 1.99290806e+22 2.08895877e+22 2.18339486e+22 2.27587677e+22 2.36608801e+22 2.45373396e+22 2.53854087e+22 2.62025516e+22 2.69864299e+22 2.77349026e+22 2.84460274e+22 2.91180662e+22 2.97494907e+22 3.03389896e+22 3.08854758e+22 3.13880924e+22 3.18462171e+22 3.22594655e+22 3.26276894e+22 3.29509744e+22 3.32296318e+22 3.34641879e+22 3.36553692e+22 3.38040837e+22 3.39113990e+22 3.39785173e+22 3.40067478e+22 3.39974773e+22 3.39521391e+22 3.38721828e+22 3.37590432e+22 3.36141117e+22 3.34387092e+22 3.32340630e+22 3.30012870e+22 3.27413664e+22 3.24551487e+22 3.21433389e+22 3.18065015e+22 3.14450676e+22 3.10593490e+22 3.06495559e+22 3.02158210e+22 2.97582267e+22 2.92768364e+22 2.87717269e+22 2.82430231e+22 2.76909324e+22 2.71157769e+22 2.65180251e+22 2.58983184e+22 2.52574947e+22 2.45966054e+22 2.39169282e+22 2.32199714e+22 2.25074739e+22 2.17813969e+22 2.10439096e+22 2.02973692e+22 1.95442950e+22 1.87873375e+22
4.64590093e+20 4.71176485e+20 4.78184915e+20 4.85660960e+20 4.93656299e+20 5.02229551e+20 5.11447236e+20 5.21384874e+20 5.32128267e+20 5.43774973e+20 5.56436019e+20 5.70237908e+20 5.85324945e+20 6.01861980e+20 6.20037605e+20 6.40067915e+20 6.62200921e+20 6.86721716e+20 7.13958525e+20 7.44289766e+20 7.78152248e+20 8.16050652e+20 8.58568405e+20 9.06380042e+20 9.60265103e+20 1.02112353e+21 1.08999240e+21 1.16806373e+21 1.25670275e+21 1.35746592e+21 1.47211756e+21 1.60264349e+21 1.75125988e+21 1.92041484e+21 2.11278023e+21 2.33123070e+21 2.57880728e+21 2.85866312e+21 3.17399000e+21 3.52792564e+21 3.92344367e+21 4.36323044e+21 4.84955544e+21 5.38414375e+21 5.96806089e+21 6.60161998e+21 7.28432076e+21 8.01482673e+21 8.79098340e+21 9.60987644e+21 1.04679239e+22 1.13609943e+22 1.22845390e+22 1.32337288e+22 1.42035839e+22 1.51890891e+22 1.61852906e+22 1.71873699e+22 1.81906959e+22 1.91908587e+22 2.01836855e+22 2.11652446e+22 2.21318417e+22 2.30800098e+22 2.40064984e+22 2.49082623e+22 2.57824529e+22 2.66264119e+22 2.74376692e+22 2.82139428e+22 2.89531430e+22 2.96533784e+22 3.03129636e+22 3.09304281e+22 3.15045244e+22 3.20342364e+22 3.25187856e+22 3.29576349e+22 3.33504900e+22 3.36972971e+22 3.39982373e+22 3.42537164e+22 3.44643520e+22 3.46309551e+22 3.47545095e+22 3.48361476e+22 3.48771228e+22 3.48787805e+22 3.48425278e+22 3.47698023e+22 3.46620414e+22 3.45206528e+22 3.43469873e+22 3.41423145e+22 3.39078022e+22 3.36445007e+22 3.33533320e+22 3.30350840e+22 3.26904116e+22 3.23198426e+22 3.19237901e+22 3.15025695e+22 3.10564211e+22 3.05855363e+22 3.00900876e+22 2.95702604e+22 2.90262863e+22 2.84584767e+22 2.78672547e+22 2.72531854e+22 2.66170023e+22 2.59596301e+22 2.52822018e+22 2.45860702e+22 2.38728132e+22 2.31442326e+22 2.24023461e+22 2.16493732e+22 2.08877148e+22 2.01199276e+22 1.93486937e+22
5.08418825e+20 5.15316063e+20 5.22635213e+20 5.30421315e+20 5.38725557e+20 5.47606139e+20 5.57129261e+20 5.67370254e+20 5.78414895e+20 5.90360922e+20 6.03319793e+20 6.17418730e+20 6.32803112e+20 6.49639253e+20 6.68117669e+20 6.88456888e+20 7.10907920e+20 7.35759475e+20 7.63344064e+20 7.94045104e+20 8.28305143e+20 8.66635366e+20 9.09626472e+20 9.57961024e+20 1.01242731e+21 1.07393468e+21 1.14353020e+21 1.22241636e+21 1.31196922e+21 1.41375628e+21 1.52955300e+21 1.66135632e+21 1.81139340e+21 1.98212325e+21 2.17622858e+21 2.39659503e+21 2.64627517e+21 2.92843475e+21 3.24628000e+21 3.60296580e+21 4.00148679e+21 4.44455533e+21 4.93447313e+21 5.47300476e+21 6.06126326e+21 6.69961781e+21 7.38763265e+21 8.12404353e+21 8.90677485e+21 9.73299587e+21 1.05992108e+22 1.15013743e+22 1.24350208e+22 1.33953989e+22 1.43775982e+22 1.53766625e+22 1.63876843e+22 1.74058775e+22 1.84266282e+22 1.94455273e+22 2.04583867e+22 2.14612430e+22 2.24503535e+22 2.34221870e+22 2.43734138e+22 2.53008949e+22 2.62016746e+22 2.70729751e+22 2.79121957e+22 2.87169142e+22 2.94848925e+22 3.02140842e+22 3.09026436e+22 3.15489367e+22 3.21515509e+22 3.27093052e+22 3.32212579e+22 3.36867125e+22 3.41052207e+22 3.44765817e+22 3.48008379e+22 3.50782667e+22 3.53093681e+22 3.54948484e+22 3.56355998e+22 3.57326773e+22 3.57872715e+22 3.58006805e+22 3.57742792e+22 3.57094885e+22 3.56077439e+22 3.54704663e+22 3.52990336e+22 3.50947562e+22 3.48588551e+22 3.45924453e+22 3.42965240e+22 3.39719638e+22 3.36195120e+22 3.32397958e+22 3.28333329e+22 3.24005477e+22 3.19417923e+22 3.14573716e+22 3.09475719e+22 3.04126920e+22 2.98530753e+22 2.92691421e+22 2.86614212e+22 2.80305790e+22 2.73774459e+22 2.67030376e+22 2.60085724e+22 2.52954824e+22 2.45654181e+22 2.38202472e+22 2.30620467e+22 2.22930884e+22 2.15158191e+22 2.07328344e+22 1.99468489e+22
5.55742617e+20 5.62997404e+20 5.70676455e+20 5.78824425e+20 5.87492180e+20 5.96737684e+20 6.06627014e+20 6.17235527e+20 6.28649213e+20 6.40966252e+20 6.54298820e+20 6.68775192e+20 6.84542180e+20 7.01767982e+20 7.20645506e+20 7.41396249e+20 7.64274829e+20 7.89574273e+20 8.17632174e+20 8.48837847e+20 8.83640611e+20 9.22559313e+20 9.66193228e+20 1.01523440e+21 1.07048147e+21 1.13285495e+21 1.20341381e+21 1.28337303e+21 1.37412159e+21 1.47724022e+21 1.59451763e+21 1.72796392e+21 1.87981907e+21 2.05255447e+21 2.24886469e+21 2.47164677e+21 2.72396441e+21 3.00899465e+21 3.32995573e+21 3.69001613e+21 4.09218668e+21 4.53919983e+21 5.03338244e+21 5.57653067e+21 6.16979664e+21 6.81359697e+21 7.50755199e+21 8.25046207e+21 9.04032390e+21 9.87438534e+21 1.07492336e+22 1.16609079e+22 1.26050272e+22 1.35769203e+22 1.45717510e+22 1.55846286e+22 1.66106997e+22 1.76452190e+22 1.86835992e+22 1.97214418e+22 2.07545528e+22 2.17789461e+22 2.27908395e+22 2.37866458e+22 2.47629625e+22 2.57165630e+22 2.66443888e+22 2.75435464e+22 2.84113065e+22 2.92451077e+22 3.00425631e+22 3.08014694e+22 3.15198182e+22 3.21958079e+22 3.28278562e+22 3.34146112e+22 3.39549617e+22 3.44480445e+22 3.48932495e+22 3.52902205e+22 3.56388531e+22 3.59392875e+22 3.61918977e+22 3.63972766e+22 3.65562167e+22 3.66696876e+22 3.67388101e+22 3.67648280e+22 3.67490779e+22 3.66929584e+22 3.65978990e+22 3.64653297e+22 3.62966529e+22 3.60932176e+22 3.58562969e+22 3.55870705e+22 3.52866112e+22 3.49558776e+22 3.45957116e+22 3.42068425e+22 3.37898961e+22 3.33454095e+22 3.28738510e+22 3.23756435e+22 3.18511923e+22 3.13009144e+22 3.07252700e+22 3.01247937e+22 2.95001251e+22 2.88520369e+22 2.81814608e+22 2.74895084e+22 2.67774875e+22 2.60469131e+22 2.52995119e+22 2.45372209e+22 2.37621790e+22 2.29767129e+22 2.21833168e+22 2.13846273e+22 2.05833927e+22
6.06668591e+20 6.14328348e+20 6.22417255e+20 6.30979755e+20 6.40066574e+20 6.49735635e+20 6.60053107e+20 6.71094610e+20 6.82946602e+20 6.95707993e+20 7.09491995e+20 7.24428287e+20 7.40665514e+20 7.58374208e+20 7.77750177e+20 7.99018465e+20 8.22437956e+20 8.48306739e+20 8.76968342e+20 9.08818949e+20 9.44315742e+20 9.83986471e+20 1.02844037e+21 1.07838053e+21 1.13461764e+21 1.19808528e+21 1.26985634e+21 1.35116045e+21 1.44340180e+21 1.54817666e+21 1.66728934e+21 1.80276527e+21 1.95685931e+21 2.13205689e+21 2.33106563e+21 2.55679454e+21 2.81231817e+21 3.10082356e+21 3.42553857e+21 3.78964161e+21 4.19615478e+21 4.64782430e+21 5.14699479e+21 5.69548559e+21 6.29447887e+21 6.94442933e+21 7.64500424e+21 8.39506010e+21 9.19265852e+21 1.00351201e+22 1.09191111e+22 1.18407537e+22 1.27957511e+22 1.37795154e+22 1.47872891e+22 1.58142529e+22 1.68556154e+22 1.79066811e+22 1.89628989e+22 2.00198909e+22 2.10734674e+22 2.21196296e+22 2.31545649e+22 2.41746384e+22 2.51763831e+22 2.61564908e+22 2.71118060e+22 2.80393231e+22 2.89361872e+22 2.97996991e+22 3.06273231e+22 3.14166980e+22 3.21656501e+22 3.28722069e+22 3.35346113e+22 3.41513351e+22 3.47210908e+22 3.52428414e+22 3.57158070e+22 3.61394679e+22 3.65135637e+22 3.68380886e+22 3.71132818e+22 3.73396138e+22 3.75177688e+22 3.76486228e+22 3.77332187e+22 3.77727387e+22 3.77684748e+22 3.77217975e+22 3.76341249e+22 3.75068924e+22 3.73415236e+22 3.71394036e+22 3.69018564e+22 3.66301258e+22 3.63253609e+22 3.59886072e+22 3.56208035e+22 3.52227839e+22 3.47952856e+22 3.43389625e+22 3.38544032e+22 3.33421537e+22 3.28027430e+22 3.22367119e+22 3.16446428e+22 3.10271899e+22 3.03851086e+22 2.97192836e+22 2.90307527e+22 2.83207280e+22 2.75906114e+22 2.68420049e+22 2.60767152e+22 2.52967517e+22 2.45043183e+22 2.37017990e+22 2.28917379e+22 2.20768138e+22 2.12598105e+22
6.61290961e+20 6.69403653e+20 6.77952970e+20 6.86983319e+20 6.96545481e+20 7.06697551e+20 7.17506022e+20 7.29047027e+20 7.41407773e+20 7.54688205e+20 7.69002915e+20 7.84483366e+20 8.01280467e+20 8.19567563e+20 8.39543910e+20 8.61438714e+20 8.85515829e+20 9.12079205e+20 9.41479206e+20 9.74119915e+20 1.01046754e+21 1.05106005e+21 1.09651811e+21 1.14755748e+21 1.20500276e+21 1.26980256e+21 1.34304584e+21 1.42597921e+21 1.52002452e+21 1.62679602e+21 1.74811613e+21 1.88602805e+21 2.04280367e+21 2.22094436e+21 2.42317217e+21 2.65240874e+21 2.91173933e+21 3.20435981e+21 3.53350522e+21 3.90236022e+21 4.31395301e+21 4.77103709e+21 5.27596705e+21 5.83057651e+21 6.43606803e+21 7.09292438e+21 7.80084988e+21 8.55874781e+21 9.36473653e+21 1.02162028e+22 1.11098871e+22 1.20419922e+22 1.30083055e+22 1.40043241e+22 1.50253735e+22 1.60667123e+22 1.71236187e+22 1.81914564e+22 1.92657201e+22 2.03420631e+22 2.14163108e+22 2.24844619e+22 2.35426837e+22 2.45873028e+22 2.56147958e+22 2.66217804e+22 2.76050102e+22 2.85613721e+22 2.94878893e+22 3.03817263e+22 3.12401996e+22 3.20607893e+22 3.28411542e+22 3.35791475e+22 3.42728330e+22 3.49205006e+22 3.55206800e+22 3.60721530e+22 3.65739618e+22 3.70254145e+22 3.74260860e+22 3.77758152e+22 3.80746968e+22 3.83230699e+22 3.85215010e+22 3.86707639e+22 3.87718152e+22 3.88257679e+22 3.88338620e+22 3.87974337e+22 3.87178846e+22 3.85966505e+22 3.84351726e+22 3.82348698e+22 3.79971152e+22 3.77232158e+22 3.74143973e+22 3.70717935e+22 3.66964417e+22 3.62892835e+22 3.58511712e+22 3.53828792e+22 3.48851213e+22 3.43585711e+22 3.38038869e+22 3.32217385e+22 3.26128362e+22 3.19779593e+22 3.13179851e+22 3.06339151e+22 2.99268988e+22 2.91982537e+22 2.84494805e+22 2.76822726e+22 2.68985206e+22 2.61003098e+22 2.52899122e+22 2.44697718e+22 2.36424849e+22 2.28107745e+22 2.19774609e+22
7.19688876e+20 7.28302830e+20 7.37363506e+20 7.46915467e+20 7.57009754e+20 7.67704860e+20 7.79067843e+20 7.91175621e+20 8.04116449e+20 8.17991632e+20 8.32917508e+20 8.49027734e+20 8.66475938e+20 8.85438791e+20 9.06119575e+20 9.28752319e+20 9.53606584e+20 9.80993026e+20 1.01126980e+21 1.04484998e+21 1.08221002e+21 1.12389948e+21 1.17055203e+21 1.22289783e+21 1.28177727e+21 1.34815611e+21 1.42314169e+21 1.50800002e+21 1.60417313e+21 1.71329599e+21 1.83721172e+21 1.97798390e+21 2.13790384e+21 2.31949087e+21 2.52548302e+21 2.75881541e+21 3.02258400e+21 3.31999231e+21 3.65428025e+21 4.02863489e+21 4.44608528e+21 4.90938547e+21 5.42089181e+21 5.98244289e+21 6.59525143e+21 7.25981758e+21 7.97587203e+21 8.74235479e+21 9.55743197e+21 1.04185491e+22 1.13225153e+22 1.22656109e+22 1.32437066e+22 1.42523864e+22 1.52870627e+22 1.63430780e+22 1.74157882e+22 1.85006249e+22 1.95931394e+22 2.06890272e+22 2.17841397e+22 2.28744842e+22 2.39562186e+22 2.50256412e+22 2.60791811e+22 2.71133902e+22 2.81249374e+22 2.91106082e+22 3.00673074e+22 3.09920664e+22 3.18820547e+22 3.27345934e+22 3.35471723e+22 3.43174674e+22 3.50433590e+22 3.57229494e+22 3.63545795e+22 3.69368422e+22 3.74685939e+22 3.79489615e+22 3.83773460e+22 3.87534211e+22 3.90771278e+22 3.93486636e+22 3.95684678e+22 3.97372026e+22 3.98557296e+22 3.99250842e+22 3.99464469e+22 3.99211127e+22 3.98504605e+22 3.97359218e+22 3.95789512e+22 3.93809984e+22 3.91434836e+22 3.88677762e+22 3.85551781e+22 3.82069126e+22 3.78241175e+22 3.74078444e+22 3.69590638e+22 3.64786752e+22 3.59675217e+22 3.54264101e+22 3.48561330e+22 3.42574953e+22 3.36313406e+22 3.29785795e+22 3.23002167e+22 3.15973766e+22 3.08713258e+22 3.01234925e+22 2.93554810e+22 2.85690808e+22 2.77662706e+22 2.69492153e+22 2.61202584e+22 2.52819067e+22 2.44368108e+22 2.35877402e+22 2.27375533e+22
7.81924226e+20 7.91087928e+20 8.00711096e+20 8.10838645e+20 8.21522093e+20 8.32820565e+20 8.44801947e+20 8.57544223e+20 8.71137008e+20 8.85683321e+20 9.01301628e+20 9.18128210e+20 9.36319897e+20 9.56057230e+20 9.77548130e+20 1.00103213e+21 1.02678530e+21 1.05512586e+21 1.08642079e+21 1.12109326e+21 1.15963127e+21 1.20259743e+21 1.25064002e+21 1.30450539e+21 1.36505177e+21 1.43326425e+21 1.51027092e+21 1.59735977e+21 1.69599574e+21 1.80783726e+21 1.93475102e+21 2.07882368e+21 2.24236855e+21 2.42792513e+21 2.63824911e+21 2.87629013e+21 3.14515486e+21 3.44805352e+21 3.78822848e+21 4.16886539e+21 4.59298878e+21 5.06334624e+21 5.58228740e+21 6.15164605e+21 6.77263428e+21 7.44575831e+21 8.17076385e+21 8.94661673e+21 9.77152104e+21 1.06429728e+22 1.15578439e+22 1.25124879e+22 1.35028580e+22 1.45246259e+22 1.55732949e+22 1.66442972e+22 1.77330741e+22 1.88351351e+22 1.99460981e+22 2.10617124e+22 2.21778669e+22 2.32905896e+22 2.43960401e+22 2.54904990e+22 2.65703582e+22 2.76321120e+22 2.86723527e+22 2.96877704e+22 3.06751562e+22 3.16314118e+22 3.25535613e+22 3.34387673e+22 3.42843493e+22 3.50878033e+22 3.58468222e+22 3.65593158e+22 3.72234293e+22 3.78375597e+22 3.84003691e+22 3.89107943e+22 3.93680527e+22 3.97716432e+22 4.01213426e+22 4.04171967e+22 4.06595076e+22 4.08488158e+22 4.09858786e+22 4.10716449e+22 4.11072273e+22 4.10938726e+22 4.10329302e+22 4.09258219e+22 4.07740112e+22 4.05789751e+22 4.03421783e+22 4.00650514e+22 3.97489726e+22 3.93952551e+22 3.90051386e+22 3.85797878e+22 3.81202949e+22 3.76276880e+22 3.71029449e+22 3.65470101e+22 3.59608168e+22 3.53453103e+22 3.47014740e+22 3.40303559e+22 3.33330943e+22 3.26109422e+22 3.18652893e+22 3.10976802e+22 3.03098280e+22 2.95036230e+22 2.86811364e+22 2.78446169e+22 2.69964828e+22 2.61393068e+22 2.52757966e+22 2.44087700e+22 2.35411252e+22
8.48039435e+20 8.57801312e+20 8.68038052e+20 8.78795129e+20 8.90124761e+20 9.02086950e+20 9.14750681e+20 9.28195304e+20 9.42512121e+20 9.57806226e+20 9.74198623e+20 9.91828666e+20 1.01085689e+21 1.03146829e+21 1.05387604e+21 1.07832593e+21 1.10510131e+21 1.13452895e+21 1.16698565e+21 1.20290588e+21 1.24279052e+21 1.28721672e+21 1.33684906e+21 1.39245200e+21 1.45490363e+21 1.52521070e+21 1.60452454e+21 1.69415777e+21 1.79560107e+21 1.91053927e+21 2.04086558e+21 2.18869264e+21 2.35635846e+21 2.54642509e+21 2.76166775e+21 3.00505170e+21 3.27969457e+21 3.58881227e+21 3.93564732e+21 4.32338012e+21 4.75502515e+21 5.23331633e+21 5.76058784e+21 6.33865843e+21 6.96872831e+21 7.65129783e+21 8.38611565e+21 9.17216186e+21 1.00076679e+22 1.08901714e+22 1.18166000e+22 1.27833762e+22 1.37865334e+22 1.48218323e+22 1.58848701e+22 1.69711747e+22 1.80762805e+22 1.91957844e+22 2.03253821e+22 2.14608880e+22 2.25982411e+22 2.37335023e+22 2.48628448e+22 2.59825432e+22 2.70889625e+22 2.81785493e+22 2.92478278e+22 3.02933991e+22 3.13119468e+22 3.23002463e+22 3.32551792e+22 3.41737503e+22 3.50531079e+22 3.58905659e+22 3.66836263e+22 3.74300012e+22 3.81276339e+22 3.87747180e+22 3.93697130e+22 3.99113567e+22 4.03986730e+22 4.08309756e+22 4.12078664e+22 4.15292290e+22 4.17952176e+22 4.20062406e+22 4.21629410e+22 4.22661715e+22 4.23169683e+22 4.23165215e+22 4.22661444e+22 4.21672426e+22 4.20212836e+22 4.18297677e+22 4.15942015e+22 4.13160750e+22 4.09968419e+22 4.06379058e+22 4.02406104e+22 3.98062355e+22 3.93359982e+22 3.88310598e+22 3.82925371e+22 3.77215182e+22 3.71190822e+22 3.64863213e+22 3.58243649e+22 3.51344048e+22 3.44177193e+22 3.36756967e+22 3.29098557e+22 3.21218631e+22 3.13135464e+22 3.04869020e+22 2.96440983e+22 2.87874719e+22 2.79195197e+22 2.70428836e+22 2.61603311e+22 2.52747304e+22 2.43890216e+22
9.18055275e+20 9.28463457e+20 9.39364546e+20 9.50804785e+20 9.62837323e+20 9.75523296e+20 9.88933065e+20 1.00314765e+21 1.01826039e+21 1.03437883e+21 1.05162693e+21 1.07014760e+21 1.09010559e+21 1.11169093e+21 1.13512276e+21 1.16065381e+21 1.18857562e+21 1.21922441e+21 1.25298792e+21 1.29031314e+21 1.33171520e+21 1.37778734e+21 1.42921220e+21 1.48677425e+21 1.55137366e+21 1.62404115e+21 1.70595387e+21 1.79845186e+21 1.90305447e+21 2.02147595e+21 2.15563913e+21 2.30768567e+21 2.47998111e+21 2.67511259e+21 2.89587685e+21 3.14525604e+21 3.42637907e+21 3.74246664e+21 4.09675916e+21 4.49242790e+21 4.93247168e+21 5.41960341e+21 5.95613274e+21 6.54385283e+21 7.18394027e+21 7.87687704e+21 8.62240207e+21 9.41949737e+21 1.02664105e+22 1.11607109e+22 1.20993742e+22 1.30788869e+22 1.40953602e+22 1.51446439e+22 1.62224323e+22 1.73243544e+22 1.84460457e+22 1.95832002e+22 2.07316023e+22 2.18871437e+22 2.30458264e+22 2.42037567e+22 2.53571345e+22 2.65022405e+22 2.76354242e+22 2.87530952e+22 2.98517181e+22 3.09278135e+22 3.19779635e+22 3.29988223e+22 3.39871316e+22 3.49397401e+22 3.58536248e+22 3.67259159e+22 3.75539209e+22 3.83351494e+22 3.90673371e+22 3.97484668e+22 4.03767869e+22 4.09508268e+22 4.14694070e+22 4.19316453e+22 4.23369579e+22 4.26850549e+22 4.29759312e+22 4.32098524e+22 4.33873360e+22 4.35091289e+22 4.35761811e+22 4.35896174e+22 4.35507071e+22 4.34608330e+22 4.33214609e+22 4.31341097e+22 4.29003248e+22 4.26216533e+22 4.22996237e+22 4.19357302e+22 4.15314215e+22 4.10880949e+22 4.06070960e+22 4.00897233e+22 3.95372374e+22 3.89508755e+22 3.83318687e+22 3.76814622e+22 3.70009384e+22 3.62916394e+22 3.55549904e+22 3.47925216e+22 3.40058874e+22 3.31968829e+22 3.23674559e+22 3.15197146e+22 3.06559293e+22 2.97785293e+22 2.88900940e+22 2.79933381e+22 2.70910918e+22 2.61862762e+22 2.52818751e+22
9.91968725e+20 1.00307079e+21 1.01468643e+21 1.02686288e+21 1.03965444e+21 1.05312365e+21 1.06734254e+21 1.08239411e+21 1.09837408e+21 1.11539284e+21 1.13357775e+21 1.15307575e+21 1.17405636e+21 1.19671526e+21 1.22127819e+21 1.24800568e+21 1.27719826e+21 1.30920262e+21 1.34441852e+21 1.38330676e+21 1.42639812e+21 1.47430355e+21 1.52772548e+21 1.58747045e+21 1.65446285e+21 1.72975984e+21 1.81456704e+21 1.91025475e+21 2.01837399e+21 2.14067160e+21 2.27910321e+21 2.43584265e+21 2.61328598e+21 2.81404807e+21 3.04094931e+21 3.29699013e+21 3.58531112e+21 3.90913703e+21 4.27170389e+21 4.67616994e+21 5.12551270e+21 5.62241657e+21 6.16915737e+21 6.76749179e+21 7.41856064e+21 8.12281452e+21 8.87996931e+21 9.68899600e+21 1.05481462e+22 1.14550107e+22 1.24066052e+22 1.33994738e+22 1.44298027e+22 1.54935306e+22 1.65864517e+22 1.77043015e+22 1.88428243e+22 1.99978206e+22 2.11651753e+22 2.23408698e+22 2.35209819e+22 2.47016772e+22 2.58791956e+22 2.70498368e+22 2.82099472e+22 2.93559102e+22 3.04841415e+22 3.15910896e+22 3.26732422e+22 3.37271376e+22 3.47493821e+22 3.57366700e+22 3.66858078e+22 3.75937404e+22 3.84575781e+22 3.92746239e+22 4.00423996e+22 4.07586701e+22 4.14214645e+22 4.20290942e+22 4.25801660e+22 4.30735911e+22 4.35085883e+22 4.38846825e+22 4.42016977e+22 4.44597448e+22 4.46592048e+22 4.48007074e+22 4.48851065e+22 4.49134521e+22 4.48869608e+22 4.48069854e+22 4.46749833e+22 4.44924874e+22 4.42610774e+22 4.39823552e+22 4.36579226e+22 4.32893644e+22 4.28782351e+22 4.24260521e+22 4.19342922e+22 4.14043953e+22 4.08377709e+22 4.02358108e+22 3.95999043e+22 3.89314565e+22 3.82319092e+22 3.75027623e+22 3.67455950e+22 3.59620864e+22 3.51540336e+22 3.43233667e+22 3.34721603e+22 3.26026397e+22 3.17171830e+22 3.08183170e+22 2.99087081e+22 2.89911471e+22 2.80685304e+22 2.71438348e+22 2.62200896e+22
1.06975092e+21 1.08159363e+21 1.09397317e+21 1.10693798e+21 1.12054376e+21 1.13485470e+21 1.14994480e+21 1.16589937e+21 1.18281688e+21 1.20081095e+21 1.22001278e+21 1.24057383e+21 1.26266898e+21 1.28650014e+21 1.31230041e+21 1.34033883e+21 1.37092587e+21 1.40441969e+21 1.44123320e+21 1.48184228e+21 1.52679481e+21 1.57672106e+21 1.63234511e+21 1.69449755e+21 1.76412929e+21 1.84232637e+21 1.93032560e+21 2.02953043e+21 2.14152667e+21 2.26809695e+21 2.41123299e+21 2.57314403e+21 2.75625976e+21 2.96322551e+21 3.19688756e+21 3.46026615e+21 3.75651407e+21 4.08885940e+21 4.46053161e+21 4.87467205e+21 5.33423122e+21 5.84185738e+21 6.39978307e+21 7.00971735e+21 7.67275268e+21 8.38929484e+21 9.15902281e+21 9.98088298e+21 1.08531184e+22 1.17733300e+22 1.27385644e+22 1.37454173e+22 1.47901458e+22 1.58687773e+22 1.69772078e+22 1.81112846e+22 1.92668684e+22 2.04398763e+22 2.16263047e+22 2.28222377e+22 2.40238428e+22 2.52273586e+22 2.64290791e+22 2.76253369e+22 2.88124881e+22 2.99869025e+22 3.11449574e+22 3.22830389e+22 3.33975483e+22 3.44849149e+22 3.55416136e+22 3.65641876e+22 3.75492740e+22 3.84936319e+22 3.93941719e+22 4.02479863e+22 4.10523776e+22 4.18048856e+22 4.25033118e+22 4.31457402e+22 4.37305533e+22 4.42564443e+22 4.47224230e+22 4.51278168e+22 4.54722663e+22 4.57557155e+22 4.59783964e+22 4.61408103e+22 4.62437035e+22 4.62880411e+22 4.62749779e+22 4.62058278e+22 4.60820332e+22 4.59051348e+22 4.56767424e+22 4.53985091e+22 4.50721083e+22 4.46992145e+22 4.42814893e+22 4.38205715e+22 4.33180725e+22 4.27755774e+22 4.21946499e+22 4.15768418e+22 4.09237071e+22 4.02368177e+22 3.95177823e+22 3.87682657e+22 3.79900089e+22 3.71848475e+22 3.63547285e+22 3.55017244e+22 3.46280429e+22 3.37360335e+22 3.28281875e+22 3.19071346e+22 3.09756326e+22 3.00365532e+22 2.90928619e+22 2.81475943e+22 2.72038277e+22
1.15134522e+21 1.16397423e+21 1.17716586e+21 1.19096996e+21 1.20544388e+21 1.22065375e+21 1.23667579e+21 1.25359797e+21 1.27152186e+21 1.29056475e+21 1.31086209e+21 1.33257040e+21 1.35587045e+21 1.38097105e+21 1.40811333e+21 1.43757569e+21 1.46967942e+21 1.50479513e+21 1.54335011e+21 1.58583654e+21 1.63282092e+21 1.68495447e+21 1.74298474e+21 1.80776844e+21 1.88028526e+21 1.96165267e+21 2.05314136e+21 2.15619092e+21 2.27242505e+21 2.40366548e+21 2.55194336e+21 2.71950667e+21 2.90882188e+21 3.12256765e+21 3.36361850e+21 3.63501606e+21 3.93992595e+21 4.28157894e+21 4.66319584e+21 5.08789725e+21 5.55860092e+21 6.07791131e+21 6.64800804e+21 7.27054114e+21 7.94654190e+21 8.67635738e+21 9.45961538e+21 1.02952235e+22 1.11814029e+22 1.21157533e+22 1.30953420e+22 1.41168094e+22 1.51764797e+22 1.62704674e+22 1.73947725e+22 1.85453589e+22 1.97182112e+22 2.09093727e+22 2.21149631e+22 2.33311824e+22 2.45543016e+22 2.57806471e+22 2.70065818e+22 2.82284853e+22 2.94427379e+22 3.06457082e+22 3.18337473e+22 3.30031893e+22 3.41503582e+22 3.52715815e+22 3.63632086e+22 3.74216353e+22 3.84433309e+22 3.94248689e+22 4.03629587e+22 4.12544780e+22 4.20965048e+22 4.28863470e+22 4.36215704e+22 4.43000217e+22 4.49198488e+22 4.54795151e+22 4.59778091e+22 4.64138479e+22 4.67870757e+22 4.70972564e+22 4.73444604e+22 4.75290475e+22 4.76516448e+22 4.77131210e+22 4.77145588e+22 4.76572244e+22 4.75425369e+22 4.73720378e+22 4.71473619e+22 4.68702096e+22 4.65423232e+22 4.61654661e+22 4.57414068e+22 4.52719072e+22 4.47587164e+22 4.42035686e+22 4.36081862e+22 4.29742874e+22 4.23035973e+22 4.15978617e+22 4.08588638e+22 4.00884416e+22 3.92885056e+22 3.84610561e+22 3.76081980e+22 3.67321537e+22 3.58352718e+22 3.49200323e+22 3.39890466e+22 3.30450527e+22 3.20909055e+22 3.11295615e+22 3.01640599e+22 2.91974977e+22 2.82330029e+22
1.23666542e+21 1.25012499e+21 1.26417543e+21 1.27886820e+21 1.29426258e+21 1.31042686e+21 1.32743981e+21 1.34539238e+21 1.36438960e+21 1.38455281e+21 1.40602223e+21 1.42895990e+21 1.45355306e+21 1.48001804e+21 1.50860476e+21 1.53960174e+21 1.57334202e+21 1.61020972e+21 1.65064760e+21 1.69516551e+21 1.74434999e+21 1.79887486e+21 1.85951302e+21 1.92714936e+21 2.00279463e+21 2.08760023e+21 2.18287352e+21 2.29009317e+21 2.41092397e+21 2.54723003e+21 2.70108534e+21 2.87478000e+21 3.07082046e+21 3.29192166e+21 3.54098876e+21 3.82108648e+21 4.13539399e+21 4.48714417e+21 4.87954712e+21 5.31569892e+21 5.79847884e+21 6.33043981e+21 6.91369880e+21 7.54983528e+21 8.23980627e+21 8.98388593e+21 9.78163610e+21 1.06319110e+22 1.15328962e+22 1.24821775e+22 1.34768331e+22 1.45135403e+22 1.55886854e+22 1.66984684e+22 1.78389953e+22 1.90063506e+22 2.01966504e+22 2.14060738e+22 2.26308759e+22 2.38673855e+22 2.51119917e+22 2.63611240e+22 2.76112293e+22 2.88587498e+22 3.01001042e+22 3.13316742e+22 3.25497975e+22 3.37507678e+22 3.49308418e+22 3.60862532e+22 3.72132328e+22 3.83080336e+22 3.93669599e+22 4.03864005e+22 4.13628622e+22 4.22930053e+22 4.31736785e+22 4.40019512e+22 4.47751451e+22 4.54908605e+22 4.61469994e+22 4.67417838e+22 4.72737680e+22 4.77418456e+22 4.81452507e+22 4.84835528e+22 4.87566470e+22 4.89647383e+22 4.91083213e+22 4.91881562e+22 4.92052422e+22 4.91607871e+22 4.90561779e+22 4.88929494e+22 4.86727547e+22 4.83973369e+22 4.80685038e+22 4.76881059e+22 4.72580184e+22 4.67801276e+22 4.62563224e+22 4.56884902e+22 4.50785171e+22 4.44282936e+22 4.37397225e+22 4.30147313e+22 4.22552857e+22 4.14634051e+22 4.06411784e+22 3.97907791e+22 3.89144788e+22 3.80146581e+22 3.70938144e+22 3.61545661e+22 3.51996513e+22 3.42319230e+22 3.32543388e+22 3.22699454e+22 3.12818594e+22 3.02932435e+22 2.93072791e+22
1.32559423e+21 1.33992689e+21 1.35488104e+21 1.37051000e+21 1.38687515e+21 1.40404724e+21 1.42210789e+21 1.44115134e+21 1.46128645e+21 1.48263903e+21 1.50535449e+21 1.52960091e+21 1.55557257e+21 1.58349399e+21 1.61362454e+21 1.64626371e+21 1.68175718e+21 1.72050359e+21 1.76296234e+21 1.80966225e+21 1.86121136e+21 1.91830774e+21 1.98175148e+21 2.05245769e+21 2.13147048e+21 2.21997770e+21 2.31932611e+21 2.43103645e+21 2.55681775e+21 2.69857983e+21 2.85844291e+21 3.03874262e+21 3.24202867e+21 3.47105521e+21 3.72876055e+21 4.01823424e+21 4.34266975e+21 4.70530165e+21 5.10932733e+21 5.55781461e+21 6.05359863e+21 6.59917303e+21 7.19658241e+21 7.84732400e+21 8.55226728e+21 9.31159907e+21 1.01248002e+22 1.09906566e+22 1.19073037e+22 1.28723006e+22 1.38827257e+22 1.49352848e+22 1.60264211e+22 1.71524183e+22 1.83094888e+22 1.94938426e+22 2.07017340e+22 2.19294878e+22 2.31735061e+22 2.44302602e+22 2.56962722e+22 2.69680902e+22 2.82422611e+22 2.95153056e+22 3.07836966e+22 3.20438437e+22 3.32920850e+22 3.45246861e+22 3.57378479e+22 3.69277197e+22 3.80904212e+22 3.92220682e+22 4.03188040e+22 4.13768340e+22 4.23924623e+22 4.33621295e+22 4.42824503e+22 4.51502498e+22 4.59625975e+22 4.67168376e+22 4.74106155e+22 4.80418994e+22 4.86089964e+22 4.91105625e+22 4.95456069e+22 4.99134904e+22 5.02139178e+22 5.04469244e+22 5.06128582e+22 5.07123577e+22 5.07463253e+22 5.07158995e+22 5.06224244e+22 5.04674194e+22 5.02525484e+22 4.99795912e+22 4.96504170e+22 4.92669607e+22 4.88312033e+22 4.83451562e+22 4.78108502e+22 4.72303294e+22 4.66056486e+22 4.59388764e+22 4.52321008e+22 4.44874384e+22 4.37070460e+22 4.28931336e+22 4.20479778e+22 4.11739348e+22 4.02734519e+22 3.93490774e+22 3.84034664e+22 3.74393838e+22 3.64597026e+22 3.54673980e+22 3.44655365e+22 3.34572607e+22 3.24457698e+22 3.14342959e+22 3.04260774e+22
1.41798185e+21 1.43322811e+21 1.44912874e+21 1.46573912e+21 1.48312300e+21 1.50135383e+21 1.52051636e+21 1.54070845e+21 1.56204315e+21 1.58465112e+21 1.60868343e+21 1.63431470e+21 1.66174682e+21 1.69121309e+21 1.72298308e+21 1.75736803e+21 1.79472715e+21 1.83547464e+21 1.88008766e+21 1.92911529e+21 1.98318850e+21 2.04303127e+21 2.10947268e+21 2.18346009e+21 2.26607322e+21 2.35853887e+21 2.46224591e+21 2.57876010e+21 2.70983784e+21 2.85743797e+21 3.02373034e+21 3.21109947e+21 3.42214164e+21 3.65965318e+21 3.92660804e+21 4.22612240e+21 4.56140491e+21 4.93569142e+21 5.35216471e+21 5.81386067e+21 6.32356471e+21 6.88370354e+21 7.49623962e+21 8.16257627e+21 8.88348204e+21 9.65904182e+21 1.04886402e+22 1.13709791e+22 1.23041296e+22 1.32856106e+22 1.43124894e+22 1.53814914e+22 1.64891111e+22 1.76317130e+22 1.88056169e+22 2.00071618e+22 2.12327475e+22 2.24788537e+22 2.37420416e+22 2.50189386e+22 2.63062150e+22 2.76005534e+22 2.88986176e+22 3.01970235e+22 3.14923144e+22 3.27809437e+22 3.40592648e+22 3.53235293e+22 3.65698939e+22 3.77944346e+22 3.89931684e+22 4.01620810e+22 4.12971592e+22 4.23944280e+22 4.34499891e+22 4.44600616e+22 4.54210229e+22 4.63294477e+22 4.71821457e+22 4.79761957e+22 4.87089753e+22 4.93781865e+22 4.99818754e+22 5.05184458e+22 5.09866668e+22 5.13856746e+22 5.17149675e+22 5.19743955e+22 5.21641444e+22 5.22847156e+22 5.23369012e+22 5.23217569e+22 5.22405725e+22 5.20948411e+22 5.18862288e+22 5.16165451e+22 5.12877151e+22 5.09017545e+22 5.04607482e+22 4.99668327e+22 4.94221826e+22 4.88290015e+22 4.81895180e+22 4.75059849e+22 4.67806823e+22 4.60159246e+22 4.52140687e+22 4.43775249e+22 4.35087674e+22 4.26103454e+22 4.16848928e+22 4.07351354e+22 3.97638958e+22 3.87740951e+22 3.77687499e+22 3.67509654e+22 3.57239248e+22 3.46908731e+22 3.36550975e+22 3.26199047e+22 3.15885935e+22
1.51364497e+21 1.52984295e+21 1.54673034e+21 1.56436479e+21 1.58281261e+21 1.60215021e+21 1.62246577e+21 1.64386105e+21 1.66645366e+21 1.69037952e+21 1.71579577e+21 1.74288407e+21 1.77185446e+21 1.80294966e+21 1.83645011e+21 1.87267961e+21 1.91201176e+21 1.95487731e+21 2.00177230e+21 2.05326732e+21 2.11001773e+21 2.17277494e+21 2.24239884e+21 2.31987103e+21 2.40630905e+21 2.50298107e+21 2.61132075e+21 2.73294175e+21 2.86965094e+21 3.02345944e+21 3.19659005e+21 3.39147956e+21 3.61077402e+21 3.85731496e+21 4.13411446e+21 4.44431721e+21 4.79114786e+21 5.17784326e+21 5.60756975e+21 6.08332777e+21 6.60784747e+21 7.18348107e+21 7.81209922e+21 8.49499965e+21 9.23283666e+21 1.00255785e+22 1.08724979e+22 1.17721977e+22 1.27226690e+22 1.37213772e+22 1.47653664e+22 1.58513727e+22 1.69759353e+22 1.81354965e+22 1.93264839e+22 2.05453690e+22 2.17887033e+22 2.30531314e+22 2.43353847e+22 2.56322613e+22 2.69405946e+22 2.82572185e+22 2.95789308e+22 3.09024599e+22 3.22244372e+22 3.35413767e+22 3.48496628e+22 3.61455480e+22 3.74251586e+22 3.86845087e+22 3.99195231e+22 4.11260653e+22 4.22999716e+22 4.34370902e+22 4.45333220e+22 4.55846640e+22 4.65872531e+22 4.75374085e+22 4.84316728e+22 4.92668498e+22 5.00400386e+22 5.07486621e+22 5.13904912e+22 5.19636621e+22 5.24666876e+22 5.28984621e+22 5.32582605e+22 5.35457299e+22 5.37608768e+22 5.39040490e+22 5.39759123e+22 5.39774248e+22 5.39098083e+22 5.37745177e+22 5.35732108e+22 5.33077179e+22 5.29800133e+22 5.25921887e+22 5.21464300e+22 5.16449977e+22 5.10902111e+22 5.04844368e+22 4.98300811e+22 4.91295873e+22 4.83854354e+22 4.76001461e+22 4.67762863e+22 4.59164769e+22 4.50234010e+22 4.40998124e+22 4.31485427e+22 4.21725068e+22 4.11747062e+22 4.01582286e+22 3.91262443e+22 3.80819982e+22 3.70287982e+22 3.59699994e+22 3.49089838e+22 3.38491379e+22 3.27938260e+22
1.61236596e+21 1.62955109e+21 1.64746269e+21 1.66616085e+21 1.68571468e+21 1.70620379e+21 1.72772003e+21 1.75036941e+21 1.77427441e+21 1.79957658e+21 1.82643955e+21 1.85505253e+21 1.88563421e+21 1.91843735e+21 1.95375392e+21 1.99192102e+21 2.03332755e+21 2.07842171e+21 2.12771954e+21 2.18181434e+21 2.24138722e+21 2.30721860e+21 2.38020086e+21 2.46135180e+21 2.55182891e+21 2.65294409e+21 2.76617839e+21 2.89319616e+21 3.03585776e+21 3.19622974e+21 3.37659113e+21 3.57943429e+21 3.80745822e+21 4.06355257e+21 4.35077007e+21 4.67228572e+21 5.03134115e+21 5.43117389e+21 5.87493217e+21 6.36557753e+21 6.90577952e+21 7.49780841e+21 8.14343351e+21 8.84383547e+21 9.59954098e+21 1.04103870e+22 1.12755190e+22 1.21934248e+22 1.31620006e+22 1.41786439e+22 1.52403639e+22 1.63438974e+22 1.74858216e+22 1.86626533e+22 1.98709271e+22 2.11072505e+22 2.23683331e+22 2.36509931e+22 2.49521447e+22 2.62687698e+22 2.75978810e+22 2.89364803e+22 3.02815173e+22 3.16298513e+22 3.29782199e+22 3.43232153e+22 3.56612707e+22 3.69886552e+22 3.83014795e+22 3.95957093e+22 4.08671884e+22 4.21116675e+22 4.33248400e+22 4.45023822e+22 4.56399968e+22 4.67334592e+22 4.77786633e+22 4.87716684e+22 4.97087433e+22 5.05864078e+22 5.14014709e+22 5.21510636e+22 5.28326670e+22 5.34441334e+22 5.39837020e+22 5.44500075e+22 5.48420821e+22 5.51593513e+22 5.54016234e+22 5.55690737e+22 5.56622239e+22 5.56819176e+22 5.56292927e+22 5.55057519e+22 5.53129321e+22 5.50526738e+22 5.47269918e+22 5.43380474e+22 5.38881235e+22 5.33796024e+22 5.28149485e+22 5.21966932e+22 5.15274252e+22 5.08097844e+22 5.00464585e+22 4.92401837e+22 4.83937476e+22 4.75099932e+22 4.65918249e+22 4.56422136e+22 4.46642017e+22 4.36609064e+22 4.26355205e+22 4.15913109e+22 4.05316130e+22 3.94598222e+22 3.83793814e+22 3.72937643e+22 3.62064556e+22 3.51209284e+22 3.40406177e+22
1.71389246e+21 1.73209713e+21 1.75106720e+21 1.77086536e+21 1.79156374e+21 1.81324538e+21 1.83600606e+21 1.85995630e+21 1.88522380e+21 1.91195609e+21 1.94032372e+21 1.97052386e+21 2.00278439e+21 2.03736867e+21 2.07458086e+21 2.11477209e+21 2.15834733e+21 2.20577320e+21 2.25758676e+21 2.31440518e+21 2.37693664e+21 2.44599203e+21 2.52249790e+21 2.60751007e+21 2.70222802e+21 2.80800968e+21 2.92638595e+21 3.05907458e+21 3.20799231e+21 3.37526417e+21 3.56322860e+21 3.77443667e+21 4.01164345e+21 4.27778957e+21 4.57597087e+21 4.90939447e+21 5.28131991e+21 5.69498526e+21 6.15351896e+21 6.65984037e+21 7.21655324e+21 7.82583870e+21 8.48935538e+21 9.20815549e+21 9.98262504e+21 1.08124551e+22 1.16966485e+22 1.26335622e+22 1.36209821e+22 1.46562240e+22 1.57362492e+22 1.68577854e+22 1.80174408e+22 1.92118022e+22 2.04375110e+22 2.16913131e+22 2.29700821e+22 2.42708192e+22 2.55906325e+22 2.69267020e+22 2.82762353e+22 2.96364200e+22 3.10043757e+22 3.23771117e+22 3.37514907e+22 3.51242025e+22 3.64917469e+22 3.78504276e+22 3.91963558e+22 4.05254637e+22 4.18335268e+22 4.31161943e+22 4.43690253e+22 4.55875308e+22 4.67672195e+22 4.79036461e+22 4.89924610e+22 5.00294596e+22 5.10106305e+22 5.19322008e+22 5.27906784e+22 5.35828890e+22 5.43060085e+22 5.49575885e+22 5.55355759e+22 5.60383261e+22 5.64646083e+22 5.68136051e+22 5.70849053e+22 5.72784911e+22 5.73947196e+22 5.74343004e+22 5.73982692e+22 5.72879596e+22 5.71049726e+22 5.68511462e+22 5.65285249e+22 5.61393312e+22 5.56859388e+22 5.51708489e+22 5.45966696e+22 5.39660991e+22 5.32819123e+22 5.25469518e+22 5.17641211e+22 5.09363822e+22 5.00667544e+22 4.91583160e+22 4.82142061e+22 4.72376274e+22 4.62318479e+22 4.52002018e+22 4.41460882e+22 4.30729671e+22 4.19843530e+22 4.08838044e+22 3.97749108e+22 3.86612751e+22 3.75464942e+22 3.64341353e+22 3.53277112e+22
1.81793731e+21 1.83719055e+21 1.85724978e+21 1.87818052e+21 1.90005808e+21 1.92296914e+21 1.94701366e+21 1.97230696e+21 1.99898221e+21 2.02719331e+21 2.05711809e+21 2.08896211e+21 2.12296293e+21 2.15939504e+21 2.19857541e+21 2.24086987e+21 2.28670024e+21 2.33655245e+21 2.39098550e+21 2.45064160e+21 2.51625718e+21 2.58867504e+21 2.66885742e+21 2.75789991e+21 2.85704595e+21 2.96770159e+21 3.09144998e+21 3.23006483e+21 3.38552197e+21 3.56000784e+21 3.75592330e+21 3.97588117e+21 4.22269558e+21 4.49936087e+21 4.80901837e+21 5.15490910e+21 5.54031148e+21 5.96846391e+21 6.44247359e+21 6.96521456e+21 7.53921978e+21 8.16657422e+21 8.84881682e+21 9.58686030e+21 1.03809371e+22 1.12305782e+22 1.21346284e+22 1.30912982e+22 1.40982479e+22 1.51526971e+22 1.62515467e+22 1.73915049e+22 1.85692031e+22 1.97812940e+22 2.10245246e+22 2.22957812e+22 2.35921074e+22 2.49106956e+22 2.62488597e+22 2.76039916e+22 2.89735102e+22 3.03548059e+22 3.17451878e+22 3.31418345e+22 3.45417543e+22 3.59417546e+22 3.73384216e+22 3.87281123e+22 4.01069564e+22 4.14708689e+22 4.28155721e+22 4.41366263e+22 4.54294666e+22 4.66894471e+22 4.79118878e+22 4.90921259e+22 5.02255681e+22 5.13077432e+22 5.23343539e+22 5.33013264e+22 5.42048564e+22 5.50414507e+22 5.58079640e+22 5.65016292e+22 5.71200813e+22 5.76613746e+22 5.81239929e+22 5.85068528e+22 5.88092999e+22 5.90310992e+22 5.91724200e+22 5.92338152e+22 5.92161970e+22 5.91208102e+22 5.89492017e+22 5.87031912e+22 5.83848395e+22 5.79964195e+22 5.75403878e+22 5.70193593e+22 5.64360838e+22 5.57934267e+22 5.50943528e+22 5.43419131e+22 5.35392359e+22 5.26895192e+22 5.17960272e+22 5.08620875e+22 4.98910896e+22 4.88864843e+22 4.78517824e+22 4.67905524e+22 4.57064166e+22 4.46030453e+22 4.34841479e+22 4.23534613e+22 4.12147352e+22 4.00717149e+22 3.89281200e+22 3.77876223e+22 3.66538198e+22
1.92417890e+21 1.94450600e+21 1.96568122e+21 1.98777303e+21 2.01086009e+21 2.03503295e+21 2.06039594e+21 2.08706943e+21 2.11519239e+21 2.14492534e+21 2.17645376e+21 2.20999202e+21 2.24578781e+21 2.28412722e+21 2.32534063e+21 2.36980918e+21 2.41797228e+21 2.47033593e+21 2.52748205e+21 2.59007884e+21 2.65889219e+21 2.73479805e+21 2.81879583e+21 2.91202251e+21 3.01576728e+21 3.13148634e+21 3.26081724e+21 3.40559203e+21 3.56784826e+21 3.74983646e+21 3.95402275e+21 4.18308459e+21 4.43989793e+21 4.72751349e+21 5.04912033e+21 5.40799509e+21 5.80743599e+21 6.25068168e+21 6.74081670e+21 7.28066679e+21 7.87268942e+21 8.51886671e+21 9.22060920e+21 9.97867944e+21 1.07931439e+22 1.16633594e+22 1.25879977e+22 1.35651074e+22 1.45922083e+22 1.56664090e+22 1.67845375e+22 1.79432718e+22 1.91392586e+22 2.03692116e+22 2.16299817e+22 2.29185979e+22 2.42322784e+22 2.55684157e+22 2.69245405e+22 2.82982707e+22 2.96872524e+22 3.10890976e+22 3.25013236e+22 3.39212994e+22 3.53461997e+22 3.67729708e+22 3.81983068e+22 3.96186384e+22 4.10301334e+22 4.24287079e+22 4.38100476e+22 4.51696385e+22 4.65028046e+22 4.78047528e+22 4.90706218e+22 5.02955358e+22 5.14746591e+22 5.26032524e+22 5.36767279e+22 5.46907027e+22 5.56410495e+22 5.65239424e+22 5.73358983e+22 5.80738121e+22 5.87349855e+22 5.93171485e+22 5.98184746e+22 6.02375882e+22 6.05735647e+22 6.08259253e+22 6.09946241e+22 6.10800313e+22 6.10829105e+22 6.10043936e+22 6.08459524e+22 6.06093684e+22 6.02967024e+22 5.99102639e+22 5.94525820e+22 5.89263776e+22 5.83345387e+22 5.76800972e+22 5.69662106e+22 5.61961447e+22 5.53732609e+22 5.45010055e+22 5.35829014e+22 5.26225416e+22 5.16235838e+22 5.05897460e+22 4.95248015e+22 4.84325734e+22 4.73169275e+22 4.61817642e+22 4.50310069e+22 4.38685888e+22 4.26984371e+22 4.15244542e+22 4.03504967e+22 3.91803520e+22 3.80177139e+22
2.03226189e+21 2.05368413e+21 2.07599793e+21 2.09927485e+21 2.12359709e+21 2.14905920e+21 2.17577011e+21 2.20385546e+21 2.23346026e+21 2.26475196e+21 2.29792402e+21 2.33319995e+21 2.37083797e+21 2.41113628e+21 2.45443913e+21 2.50114358e+21 2.55170728e+21 2.60665703e+21 2.66659848e+21 2.73222678e+21 2.80433830e+21 2.88384333e+21 2.97177978e+21 3.06932747e+21 3.17782299e+21 3.29877453e+21 3.43387603e+21 3.58502011e+21 3.75430835e+21 3.94405791e+21 4.15680275e+21 4.39528767e+21 4.66245304e+21 4.96140838e+21 5.29539262e+21 5.66771965e+21 6.08170837e+21 6.54059762e+21 7.04744799e+21 7.60503416e+21 8.21573364e+21 8.88141939e+21 9.60336526e+21 1.03821735e+22 1.12177324e+22 1.21092112e+22 1.30550943e+22 1.40532533e+22 1.51010520e+22 1.61954742e+22 1.73332621e+22 1.85110527e+22 1.97254999e+22 2.09733729e+22 2.22516248e+22 2.35574286e+22 2.48881821e+22 2.62414855e+22 2.76150976e+22 2.90068763e+22 3.04147114e+22 3.18364544e+22 3.32698513e+22 3.47124826e+22 3.61617120e+22 3.76146472e+22 3.90681125e+22 4.05186350e+22 4.19624422e+22 4.33954713e+22 4.48133906e+22 4.62116286e+22 4.75854128e+22 4.89298151e+22 5.02398024e+22 5.15102921e+22 5.27362094e+22 5.39125463e+22 5.50344209e+22 5.60971341e+22 5.70962245e+22 5.80275196e+22 5.88871810e+22 5.96717453e+22 6.03781574e+22 6.10037975e+22 6.15465011e+22 6.20045709e+22 6.23767819e+22 6.26623802e+22 6.28610738e+22 6.29730191e+22 6.29988016e+22 6.29394124e+22 6.27962217e+22 6.25709494e+22 6.22656356e+22 6.18826092e+22 6.14244578e+22 6.08939988e+22 6.02942521e+22 5.96284145e+22 5.88998380e+22 5.81120090e+22 5.72685318e+22 5.63731136e+22 5.54295516e+22 5.44417228e+22 5.34135735e+22 5.23491110e+22 5.12523943e+22 5.01275250e+22 4.89786366e+22 4.78098829e+22 4.66254245e+22 4.54294127e+22 4.42259724e+22 4.30191816e+22 4.18130503e+22 4.06114965e+22 3.94183216e+22
2.14179839e+21 2.16433270e+21 2.18780313e+21 2.21228444e+21 2.23786250e+21 2.26463602e+21 2.29271873e+21 2.32224172e+21 2.35335626e+21 2.38623700e+21 2.42108565e+21 2.45813520e+21 2.49765475e+21 2.53995501e+21 2.58539456e+21 2.63438691e+21 2.68740850e+21 2.74500761e+21 2.80781435e+21 2.87655162e+21 2.95204721e+21 3.03524681e+21 3.12722797e+21 3.22921470e+21 3.34259245e+21 3.46892298e+21 3.60995848e+21 3.76765403e+21 3.94417741e+21 4.14191465e+21 4.36346994e+21 4.61165777e+21 4.88948536e+21 5.20012324e+21 5.54686217e+21 5.93305478e+21 6.36204150e+21 6.83706133e+21 7.36114971e+21 7.93702774e+21 8.56698881e+21 9.25279081e+21 9.99556313e+21 1.07957379e+22 1.16530142e+22 1.25663606e+22 1.35340600e+22 1.45537923e+22 1.56227510e+22 1.67377808e+22 1.78955256e+22 1.90925704e+22 2.03255680e+22 2.15913376e+22 2.28869320e+22 2.42096691e+22 2.55571306e+22 2.69271324e+22 2.83176722e+22 2.97268616e+22 3.11528504e+22 3.25937485e+22 3.40475515e+22 3.55120734e+22 3.69848902e+22 3.84632951e+22 3.99442674e+22 4.14244544e+22 4.29001667e+22 4.43673861e+22 4.58217839e+22 4.72587510e+22 4.86734354e+22 5.00607888e+22 5.14156181e+22 5.27326421e+22 5.40065520e+22 5.52320727e+22 5.64040252e+22 5.75173878e+22 5.85673548e+22 5.95493921e+22 6.04592880e+22 6.12931987e+22 6.20476871e+22 6.27197553e+22 6.33068695e+22 6.38069777e+22 6.42185199e+22 6.45404309e+22 6.47721367e+22 6.49135438e+22 6.49650245e+22 6.49273953e+22 6.48018933e+22 6.45901485e+22 6.42941545e+22 6.39162378e+22 6.34590273e+22 6.29254237e+22 6.23185702e+22 6.16418249e+22 6.08987352e+22 6.00930139e+22 5.92285182e+22 5.83092302e+22 5.73392397e+22 5.63227283e+22 5.52639548e+22 5.41672418e+22 5.30369613e+22 5.18775218e+22 5.06933528e+22 4.94888903e+22 4.82685594e+22 4.70367559e+22 4.57978268e+22 4.45560487e+22 4.33156048e+22 4.20805614e+22 4.08548429e+22
2.25236959e+21 2.27602828e+21 2.30066852e+21 2.32636840e+21 2.35321756e+21 2.38131904e+21 2.41079147e+21 2.44177159e+21 2.47441712e+21 2.50891013e+21 2.54546082e+21 2.58431193e+21 2.62574377e+21 2.67007989e+21 2.71769361e+21 2.76901532e+21 2.82454074e+21 2.88484020e+21 2.95056887e+21 3.02247816e+21 3.10142804e+21 3.18840049e+21 3.28451374e+21 3.39103708e+21 3.50940609e+21 3.64123753e+21 3.78834334e+21 3.95274283e+21 4.13667176e+21 4.34258706e+21 4.57316518e+21 4.83129245e+21 5.12004502e+21 5.44265645e+21 5.80247106e+21 6.20288158e+21 6.64725074e+21 7.13881765e+21 7.68059160e+21 8.27523774e+21 8.92496156e+21 9.63140045e+21 1.03955321e+22 1.12176096e+22 1.20971319e+22 1.30328550e+22 1.40228466e+22 1.50645813e+22 1.61550679e+22 1.72909986e+22 1.84689061e+22 1.96853129e+22 2.09368618e+22 2.22204166e+22 2.35331269e+22 2.48724560e+22 2.62361735e+22 2.76223183e+22 2.90291375e+22 3.04550102e+22 3.18983627e+22 3.33575826e+22 3.48309360e+22 3.63164940e+22 3.78120693e+22 3.93151663e+22 4.08229452e+22 4.23322002e+22 4.38393512e+22 4.53404491e+22 4.68311928e+22 4.83069576e+22 4.97628323e+22 5.11936656e+22 5.25941187e+22 5.39587231e+22 5.52819430e+22 5.65582392e+22 5.77821348e+22 5.89482795e+22 6.00515131e+22 6.10869253e+22 6.20499118e+22 6.29362245e+22 6.37420166e+22 6.44638805e+22 6.50988783e+22 6.56445658e+22 6.60990077e+22 6.64607865e+22 6.67290035e+22 6.69032735e+22 6.69837135e+22 6.69709257e+22 6.68659761e+22 6.66703696e+22 6.63860224e+22 6.60152318e+22 6.55606455e+22 6.50252305e+22 6.44122419e+22 6.37251933e+22 6.29678272e+22 6.21440882e+22 6.12580972e+22 6.03141270e+22 5.93165799e+22 5.82699670e+22 5.71788872e+22 5.60480086e+22 5.48820489e+22 5.36857568e+22 5.24638925e+22 5.12212079e+22 4.99624258e+22 4.86922184e+22 4.74151847e+22 4.61358271e+22 4.48585270e+22 4.35875206e+22 4.23268738e+22
2.36352778e+21 2.38831825e+21 2.41413635e+21 2.44106359e+21 2.46919348e+21 2.49863348e+21 2.52950728e+21 2.56195738e+21 2.59614812e+21 2.63226916e+21 2.67053939e+21 2.71121155e+21 2.75457738e+21 2.80097359e+21 2.85078853e+21 2.90446984e+21 2.96253294e+21 3.02557065e+21 3.09426374e+21 3.16939265e+21 3.25185023e+21 3.34265549e+21 3.44296810e+21 3.55410362e+21 3.67754877e+21 3.81497646e+21 3.96825969e+21 4.13948337e+21 4.33095284e+21 4.54519751e+21 4.78496791e+21 5.05322398e+21 5.35311260e+21 5.68793208e+21 6.06108181e+21 6.47599578e+21 6.93605973e+21 7.44451284e+21 8.00433729e+21 8.61814025e+21 9.28803591e+21 1.00155362e+22 1.08014606e+22 1.16458748e+22 1.25480678e+22 1.35065714e+22 1.45192262e+22 1.55832877e+22 1.66955666e+22 1.78525896e+22 1.90507658e+22 2.02865446e+22 2.15565506e+22 2.28576856e+22 2.41871931e+22 2.55426820e+22 2.69221134e+22 2.83237559e+22 2.97461165e+22 3.11878553e+22 3.26476919e+22 3.41243109e+22 3.56162712e+22 3.71219248e+22 3.86393471e+22 4.01662811e+22 4.17000961e+22 4.32377618e+22 4.47758360e+22 4.63104670e+22 4.78374082e+22 4.93520447e+22 5.08494292e+22 5.23243283e+22 5.37712748e+22 5.51846268e+22 5.65586312e+22 5.78874900e+22 5.91654287e+22 6.03867640e+22 6.15459712e+22 6.26377487e+22 6.36570789e+22 6.45992839e+22 6.54600765e+22 6.62356042e+22 6.69224857e+22 6.75178415e+22 6.80193153e+22 6.84250891e+22 6.87338905e+22 6.89449925e+22 6.90582078e+22 6.90738762e+22 6.89928472e+22 6.88164588e+22 6.85465112e+22 6.81852394e+22 6.77352822e+22 6.71996513e+22 6.65816988e+22 6.58850847e+22 6.51137456e+22 6.42718626e+22 6.33638318e+22 6.23942344e+22 6.13678088e+22 6.02894234e+22 5.91640497e+22 5.79967374e+22 5.67925881e+22 5.55567311e+22 5.42942980e+22 5.30103974e+22 5.17100900e+22 5.03983626e+22 4.90801023e+22 4.77600707e+22 4.64428776e+22 4.51329554e+22 4.38345345e+22
2.47479888e+21 2.50072337e+21 2.52772200e+21 2.55587974e+21 2.58529404e+21 2.61607688e+21 2.64835708e+21 2.68228304e+21 2.71802583e+21 2.75578282e+21 2.79578176e+21 2.83828555e+21 2.88359758e+21 2.93206790e+21 2.98410016e+21 3.04015951e+21 3.10078140e+21 3.16658145e+21 3.23826643e+21 3.31664626e+21 3.40264716e+21 3.49732568e+21 3.60188363e+21 3.71768346e+21 3.84626387e+21 3.98935480e+21 4.14889129e+21 4.32702497e+21 4.52613193e+21 4.74881542e+21 4.99790139e+21 5.27642487e+21 5.58760492e+21 5.93480598e+21 6.32148377e+21 6.75111455e+21 7.22710755e+21 7.75270207e+21 8.33085233e+21 8.96410573e+21 9.65448215e+21 1.04033637e+22 1.12114057e+22 1.20784793e+22 1.30036542e+22 1.39852281e+22 1.50208023e+22 1.61074012e+22 1.72416249e+22 1.84198216e+22 1.96382655e+22 2.08933222e+22 2.21815893e+22 2.35000010e+22 2.48458910e+22 2.62170137e+22 2.76115246e+22 2.90279289e+22 3.04650033e+22 3.19217025e+22 3.33970561e+22 3.48900655e+22 3.63996052e+22 3.79243333e+22 3.94626153e+22 4.10124618e+22 4.25714819e+22 4.41368517e+22 4.57052987e+22 4.72730997e+22 4.88360931e+22 5.03897025e+22 5.19289719e+22 5.34486095e+22 5.49430409e+22 5.64064678e+22 5.78329324e+22 5.92163856e+22 6.05507575e+22 6.18300286e+22 6.30483001e+22 6.41998636e+22 6.52792662e+22 6.62813726e+22 6.72014211e+22 6.80350747e+22 6.87784643e+22 6.94282258e+22 6.99815294e+22 7.04361009e+22 7.07902363e+22 7.10428087e+22 7.11932680e+22 7.12416348e+22 7.11884880e+22 7.10349474e+22 7.07826514e+22 7.04337318e+22 6.99907846e+22 6.94568389e+22 6.88353242e+22 6.81300357e+22 6.73451001e+22 6.64849401e+22 6.55542392e+22 6.45579072e+22 6.35010450e+22 6.23889112e+22 6.12268882e+22 6.00204492e+22 5.87751256e+22 5.74964749e+22 5.61900489e+22 5.48613620e+22 5.35158606e+22 5.21588925e+22 5.07956765e+22 4.94312736e+22 4.80705584e+22 4.67181921e+22 4.53785968e+22
2.58568534e+21 2.61274073e+21 2.64091692e+21 2.67030239e+21 2.70099861e+21 2.73312209e+21 2.76680688e+21 2.80220732e+21 2.83950131e+21 2.87889402e+21 2.92062217e+21 2.96495892e+21 3.01221943e+21 3.06276725e+21 3.11702151e+21 3.17546502e+21 3.23865345e+21 3.30722549e+21 3.38191413e+21 3.46355907e+21 3.55312018e+21 3.65169197e+21 3.76051874e+21 3.88101035e+21 4.01475796e+21 4.16354916e+21 4.32938169e+21 4.51447466e+21 4.72127578e+21 4.95246303e+21 5.21093881e+21 5.49981429e+21 5.82238180e+21 6.18207294e+21 6.58240073e+21 7.02688441e+21 7.51895720e+21 8.06185840e+21 8.65851360e+21 9.31140892e+21 1.00224674e+22 1.07929375e+22 1.16233055e+22 1.25132412e+22 1.34615873e+22 1.44663978e+22 1.55250247e+22 1.66342498e+22 1.77904505e+22 1.89897852e+22 2.02283817e+22 2.15025118e+22 2.28087379e+22 2.41440200e+22 2.55057788e+22 2.68919134e+22 2.83007767e+22 2.97311162e+22 3.11819885e+22 3.26526561e+22 3.41424756e+22 3.56507855e+22 3.71767991e+22 3.87195072e+22 4.02775944e+22 4.18493700e+22 4.34327154e+22 4.50250475e+22 4.66232979e+22 4.82239070e+22 4.98228321e+22 5.14155686e+22 5.29971822e+22 5.45623514e+22 5.61054192e+22 5.76204514e+22 5.91013017e+22 6.05416803e+22 6.19352264e+22 6.32755819e+22 6.45564655e+22 6.57717457e+22 6.69155111e+22 6.79821381e+22 6.89663533e+22 6.98632907e+22 7.06685428e+22 7.13782050e+22 7.19889129e+22 7.24978717e+22 7.29028788e+22 7.32023387e+22 7.33952700e+22 7.34813069e+22 7.34606926e+22 7.33342680e+22 7.31034544e+22 7.27702310e+22 7.23371091e+22 7.18071018e+22 7.11836912e+22 7.04707928e+22 6.96727178e+22 6.87941345e+22 6.78400276e+22 6.68156576e+22 6.57265190e+22 6.45782986e+22 6.33768342e+22 6.21280726e+22 6.08380287e+22 5.95127449e+22 5.81582512e+22 5.67805264e+22 5.53854600e+22 5.39788159e+22 5.25661972e+22 5.11530128e+22 4.97444461e+22 4.83454261e+22 4.69606003e+22
2.69566946e+21 2.72384707e+21 2.75319204e+21 2.78379641e+21 2.81576565e+21 2.84922086e+21 2.88430132e+21 2.92116738e+21 2.96000378e+21 3.00102355e+21 3.04447243e+21 3.09063388e+21 3.13983492e+21 3.19245266e+21 3.24892174e+21 3.30974277e+21 3.37549170e+21 3.44683037e+21 3.52451813e+21 3.60942456e+21 3.70254335e+21 3.80500707e+21 3.91810273e+21 4.04328780e+21 4.18220614e+21 4.33670327e+21 4.50883999e+21 4.70090326e+21 4.91541286e+21 5.15512205e+21 5.42301025e+21 5.72226540e+21 6.05625377e+21 6.42847483e+21 6.84249947e+21 7.30189045e+21 7.81010522e+21 8.37038300e+21 8.98562021e+21 9.65824043e+21 1.03900677e+22 1.11822141e+22 1.20349922e+22 1.29478650e+22 1.39194418e+22 1.49475244e+22 1.60292063e+22 1.71610166e+22 1.83390995e+22 1.95594125e+22 2.08179266e+22 2.21108105e+22 2.34345828e+22 2.47862234e+22 2.61632362e+22 2.75636641e+22 2.89860597e+22 3.04294189e+22 3.18930875e+22 3.33766491e+22 3.48798043e+22 3.64022495e+22 3.79435613e+22 3.95030905e+22 4.10798714e+22 4.26725453e+22 4.42793015e+22 4.58978348e+22 4.75253190e+22 4.91583966e+22 5.07931823e+22 5.24252803e+22 5.40498137e+22 5.56614638e+22 5.72545203e+22 5.88229381e+22 6.03604015e+22 6.18603937e+22 6.33162700e+22 6.47213333e+22 6.60689113e+22 6.73524329e+22 6.85655033e+22 6.97019774e+22 7.07560279e+22 7.17222101e+22 7.25955208e+22 7.33714507e+22 7.40460310e+22 7.46158717e+22 7.50781937e+22 7.54308526e+22 7.56723555e+22 7.58018707e+22 7.58192292e+22 7.57249209e+22 7.55200831e+22 7.52064836e+22 7.47864985e+22 7.42630838e+22 7.36397440e+22 7.29204952e+22 7.21098257e+22 7.12126525e+22 7.02342764e+22 6.91803340e+22 6.80567486e+22 6.68696800e+22 6.56254732e+22 6.43306070e+22 6.29916434e+22 6.16151765e+22 6.02077835e+22 5.87759768e+22 5.73261573e+22 5.58645711e+22 5.43972679e+22 5.29300626e+22 5.14685001e+22 5.00178238e+22 4.85829471e+22
2.80421710e+21 2.83350255e+21 2.86400159e+21 2.89580977e+21 2.92903657e+21 2.96380770e+21 3.00026766e+21 3.03858278e+21 3.07894467e+21 3.12157422e+21 3.16672614e+21 3.21469424e+21 3.26581735e+21 3.32048612e+21 3.37915072e+21 3.44232950e+21 3.51061868e+21 3.58470322e+21 3.66536875e+21 3.75351472e+21 3.85016856e+21 3.95650086e+21 4.07384128e+21 4.20369481e+21 4.34775798e+21 4.50793419e+21 4.68634727e+21 4.88535206e+21 5.10754044e+21 5.35574103e+21 5.63301041e+21 5.94261350e+21 6.28799073e+21 6.67270971e+21 7.10039948e+21 7.57466651e+21 8.09899258e+21 8.67661674e+21 9.31040575e+21 1.00027197e+22 1.07552822e+22 1.15690662e+22 1.24442076e+22 1.33799583e+22 1.43746880e+22 1.54259401e+22 1.65305416e+22 1.76847600e+22 1.88844969e+22 2.01254991e+22 2.14035713e+22 2.27147697e+22 2.40555618e+22 2.54229412e+22 2.68144911e+22 2.82283971e+22 2.96634135e+22 3.11187903e+22 3.25941717e+22 3.40894755e+22 3.56047636e+22 3.71401116e+22 3.86954841e+22 4.02706214e+22 4.18649395e+22 4.34774475e+22 4.51066807e+22 4.67506521e+22 4.84068198e+22 5.00720712e+22 5.17427212e+22 5.34145250e+22 5.50827030e+22 5.67419774e+22 5.83866183e+22 6.00104988e+22 6.16071580e+22 6.31698688e+22 6.46917122e+22 6.61656536e+22 6.75846219e+22 6.89415894e+22 7.02296515e+22 7.14421044e+22 7.25725206e+22 7.36148209e+22 7.45633412e+22 7.54128948e+22 7.61588282e+22 7.67970703e+22 7.73241750e+22 7.77373565e+22 7.80345165e+22 7.82142642e+22 7.82759286e+22 7.82195632e+22 7.80459428e+22 7.77565536e+22 7.73535756e+22 7.68398589e+22 7.62188930e+22 7.54947708e+22 7.46721465e+22 7.37561891e+22 7.27525314e+22 7.16672150e+22 7.05066327e+22 6.92774682e+22 6.79866344e+22 6.66412108e+22 6.52483803e+22 6.38153678e+22 6.23493787e+22 6.08575402e+22 5.93468456e+22 5.78241012e+22 5.62958772e+22 5.47684634e+22 5.32478286e+22 5.17395861e+22 5.02489636e+22
2.91078177e+21 2.94115489e+21 2.97278719e+21 3.00577772e+21 3.04023997e+21 3.07630418e+21 3.11412006e+21 3.15385989e+21 3.19572209e+21 3.23993533e+21 3.28676328e+21 3.33650998e+21 3.38952599e+21 3.44621544e+21 3.50704388e+21 3.57254727e+21 3.64334197e+21 3.72013587e+21 3.80374070e+21 3.89508551e+21 3.99523125e+21 4.10538623e+21 4.22692244e+21 4.36139207e+21 4.51054395e+21 4.67633896e+21 4.86096358e+21 5.06684012e+21 5.29663217e+21 5.55324335e+21 5.83980707e+21 6.15966495e+21 6.51633135e+21 6.91344183e+21 7.35468350e+21 7.84370644e+21 8.38401666e+21 8.97885284e+21 9.63105176e+21 1.03429094e+22 1.11160479e+22 1.19512994e+22 1.28486208e+22 1.38070494e+22 1.48247115e+22 1.58988866e+22 1.70261285e+22 1.82024362e+22 1.94234603e+22 2.06847284e+22 2.19818704e+22 2.33108218e+22 2.46679915e+22 2.60503810e+22 2.74556490e+22 2.88821227e+22 3.03287597e+22 3.17950692e+22 3.32810028e+22 3.47868259e+22 3.63129788e+22 3.78599381e+22 3.94280826e+22 4.10175721e+22 4.26282390e+22 4.42594977e+22 4.59102709e+22 4.75789338e+22 4.92632747e+22 5.09604732e+22 5.26670920e+22 5.43790845e+22 5.60918144e+22 5.78000873e+22 5.94981930e+22 6.11799575e+22 6.28388021e+22 6.44678110e+22 6.60598033e+22 6.76074099e+22 6.91031545e+22 7.05395354e+22 7.19091089e+22 7.32045729e+22 7.44188480e+22 7.55451575e+22 7.65771036e+22 7.75087389e+22 7.83346339e+22 7.90499381e+22 7.96504347e+22 8.01325889e+22 8.04935881e+22 8.07313750e+22 8.08446713e+22 8.08329945e+22 8.06966647e+22 8.04368035e+22 8.00553235e+22 7.95549100e+22 7.89389932e+22 7.82117131e+22 7.73778764e+22 7.64429058e+22 7.54127837e+22 7.42939893e+22 7.30934311e+22 7.18183761e+22 7.04763751e+22 6.90751873e+22 6.76227036e+22 6.61268707e+22 6.45956169e+22 6.30367801e+22 6.14580403e+22 5.98668552e+22 5.82704026e+22 5.66755279e+22 5.50886976e+22 5.35159604e+22 5.19629147e+22
3.01480896e+21 3.04624371e+21 3.07898234e+21 3.11312736e+21 3.14879619e+21 3.18612357e+21 3.22526434e+21 3.26639663e+21 3.30972558e+21 3.35548758e+21 3.40395508e+21 3.45544224e+21 3.51031122e+21 3.56897938e+21 3.63192748e+21 3.69970886e+21 3.77295970e+21 3.85241051e+21 3.93889878e+21 4.03338276e+21 4.13695642e+21 4.25086530e+21 4.37652313e+21 4.51552868e+21 4.66968237e+21 4.84100186e+21 5.03173546e+21 5.24437214e+21 5.48164637e+21 5.74653592e+21 6.04225022e+21 6.37220677e+21 6.73999320e+21 7.14931238e+21 7.60390896e+21 8.10747622e+21 8.66354408e+21 9.27535064e+21 9.94570241e+21 1.06768310e+22 1.14702563e+22 1.23266693e+22 1.32458461e+22 1.42266077e+22 1.52668338e+22 1.63635362e+22 1.75129912e+22 1.87109230e+22 1.99527249e+22 2.12336983e+22 2.25492903e+22 2.38953086e+22 2.52680970e+22 2.66646590e+22 2.80827252e+22 2.95207629e+22 3.09779347e+22 3.24540138e+22 3.39492682e+22 3.54643236e+22 3.70000165e+22 3.85572465e+22 4.01368338e+22 4.17393891e+22 4.33651974e+22 4.50141191e+22 4.66855087e+22 4.83781509e+22 5.00902147e+22 5.18192235e+22 5.35620410e+22 5.53148714e+22 5.70732729e+22 5.88321834e+22 6.05859575e+22 6.23284131e+22 6.40528875e+22 6.57523006e+22 6.74192256e+22 6.90459651e+22 7.06246312e+22 7.21472303e+22 7.36057492e+22 7.49922431e+22 7.62989240e+22 7.75182478e+22 7.86430004e+22 7.96663804e+22 8.05820787e+22 8.13843530e+22 8.20680974e+22 8.26289052e+22 8.30631247e+22 8.33679072e+22 8.35412464e+22 8.35820079e+22 8.34899500e+22 8.32657332e+22 8.29109190e+22 8.24279588e+22 8.18201711e+22 8.10917076e+22 8.02475101e+22 7.92932563e+22 7.82352973e+22 7.70805864e+22 7.58366007e+22 7.45112578e+22 7.31128271e+22 7.16498388e+22 7.01309914e+22 6.85650596e+22 6.69608040e+22 6.53268840e+22 6.36717754e+22 6.20036941e+22 6.03305265e+22 5.86597672e+22 5.69984664e+22 5.53531844e+22 5.37299567e+22
3.11574083e+21 3.14820528e+21 3.18201716e+21 3.21728237e+21 3.25412217e+21 3.29267570e+21 3.33310284e+21 3.37558745e+21 3.42034126e+21 3.46760817e+21 3.51766931e+21 3.57084871e+21 3.62751987e+21 3.68811317e+21 3.75312423e+21 3.82312340e+21 3.89876631e+21 3.98080563e+21 4.07010404e+21 4.16764842e+21 4.27456508e+21 4.39213604e+21 4.52181593e+21 4.66524916e+21 4.82428674e+21 5.00100199e+21 5.19770387e+21 5.41694675e+21 5.66153469e+21 5.93451828e+21 6.23918162e+21 6.57901684e+21 6.95768356e+21 7.37895092e+21 7.84662011e+21 8.36442689e+21 8.93592454e+21 9.56435022e+21 1.02524801e+22 1.10024812e+22 1.18157717e+22 1.26929007e+22 1.36334635e+22 1.46360641e+22 1.56983343e+22 1.68170159e+22 1.79881046e+22 1.92070460e+22 2.04689709e+22 2.17689488e+22 2.31022380e+22 2.44645119e+22 2.58520430e+22 2.72618321e+22 2.86916778e+22 3.01401862e+22 3.16067259e+22 3.30913391e+22 3.45946185e+22 3.61175631e+22 3.76614233e+22 3.92275443e+22 4.08172156e+22 4.24315318e+22 4.40712689e+22 4.57367761e+22 4.74278869e+22 4.91438472e+22 5.08832611e+22 5.26440530e+22 5.44234457e+22 5.62179526e+22 5.80233837e+22 5.98348642e+22 6.16468640e+22 6.34532386e+22 6.52472793e+22 6.70217715e+22 6.87690622e+22 7.04811331e+22 7.21496807e+22 7.37662009e+22 7.53220781e+22 7.68086773e+22 7.82174389e+22 7.95399738e+22 8.07681599e+22 8.18942368e+22 8.29108991e+22 8.38113864e+22 8.45895691e+22 8.52400288e+22 8.57581326e+22 8.61400984e+22 8.63830527e+22 8.64850772e+22 8.64452450e+22 8.62636440e+22 8.59413881e+22 8.54806148e+22 8.48844691e+22 8.41570729e+22 8.33034823e+22 8.23296299e+22 8.12422563e+22 8.00488297e+22 7.87574555e+22 7.73767785e+22 7.59158784e+22 7.43841605e+22 7.27912450e+22 7.11468559e+22 6.94607115e+22 6.77424198e+22 6.60013784e+22 6.42466834e+22 6.24870455e+22 6.07307175e+22 5.89854316e+22 5.72583479e+22 5.55560150e+22
3.21302099e+21 3.24647737e+21 3.28132332e+21 3.31766801e+21 3.35563646e+21 3.39537209e+21 3.43703964e+21 3.48082859e+21 3.52695704e+21 3.57567624e+21 3.62727569e+21 3.68208907e+21 3.74050091e+21 3.80295421e+21 3.86995908e+21 3.94210240e+21 4.02005869e+21 4.10460219e+21 4.19662009e+21 4.29712707e+21 4.40728094e+21 4.52839919e+21 4.66197623e+21 4.80970087e+21 4.97347338e+21 5.15542124e+21 5.35791248e+21 5.58356520e+21 5.83525124e+21 6.11609218e+21 6.42944496e+21 6.77887449e+21 7.16811069e+21 7.60098730e+21 8.08136072e+21 8.61300806e+21 9.19950516e+21 9.84408782e+21 1.05495017e+22 1.13178499e+22 1.21504489e+22 1.30477071e+22 1.40090398e+22 1.50328342e+22 1.61164745e+22 1.72564323e+22 1.84484212e+22 1.96876061e+22 2.09688522e+22 2.22869927e+22 2.36370926e+22 2.50146857e+22 2.64159678e+22 2.78379325e+22 2.92784432e+22 3.07362431e+22 3.22109081e+22 3.37027534e+22 3.52127050e+22 3.67421480e+22 3.82927642e+22 3.98663676e+22 4.14647454e+22 4.30895109e+22 4.47419706e+22 4.64230082e+22 4.81329870e+22 4.98716690e+22 5.16381524e+22 5.34308246e+22 5.52473311e+22 5.70845589e+22 5.89386334e+22 6.08049280e+22 6.26780853e+22 6.45520497e+22 6.64201099e+22 6.82749517e+22 7.01087188e+22 7.19130833e+22 7.36793224e+22 7.53984031e+22 7.70610725e+22 7.86579538e+22 8.01796471e+22 8.16168330e+22 8.29603798e+22 8.42014513e+22 8.53316158e+22 8.63429528e+22 8.72281582e+22 8.79806451e+22 8.85946384e+22 8.90652624e+22 8.93886194e+22 8.95618567e+22 8.95832218e+22 8.94521036e+22 8.91690577e+22 8.87358160e+22 8.81552790e+22 8.74314908e+22 8.65695965e+22 8.55757826e+22 8.44572017e+22 8.32218823e+22 8.18786246e+22 8.04368872e+22 7.89066628e+22 7.72983499e+22 7.56226194e+22 7.38902817e+22 7.21121556e+22 7.02989413e+22 6.84611015e+22 6.66087509e+22 6.47515570e+22 6.28986537e+22 6.10585674e+22 5.92391585e+22 5.74475758e+22
3.30609956e+21 3.34050435e+21 3.37633915e+21 3.41371633e+21 3.45276450e+21 3.49363122e+21 3.53648592e+21 3.58152349e+21 3.62896819e+21 3.67907834e+21 3.73215155e+21 3.78853078e+21 3.84861119e+21 3.91284800e+21 3.98176524e+21 4.05596579e+21 4.13614239e+21 4.22309006e+21 4.31771964e+21 4.42107268e+21 4.53433734e+21 4.65886535e+21 4.79618953e+21 4.94804158e+21 5.11636929e+21 5.30335247e+21 5.51141624e+21 5.74324024e+21 6.00176189e+21 6.29017140e+21 6.61189616e+21 6.97057152e+21 7.36999539e+21 7.81406405e+21 8.30668726e+21 8.85168194e+21 9.45264548e+21 1.01128118e+22 1.08348961e+22 1.16209379e+22 1.24721533e+22 1.33888116e+22 1.43701500e+22 1.54143408e+22 1.65185223e+22 1.76788973e+22 1.88908979e+22 2.01494080e+22 2.14490260e+22 2.27843465e+22 2.41502375e+22 2.55420893e+22 2.69560172e+22 2.83890032e+22 2.98389722e+22 3.13048033e+22 3.27862807e+22 3.42839967e+22 3.57992182e+22 3.73337291e+22 3.88896603e+22 4.04693179e+22 4.20750162e+22 4.37089224e+22 4.53729153e+22 4.70684610e+22 4.87965059e+22 5.05573872e+22 5.23507603e+22 5.41755424e+22 5.60298710e+22 5.79110768e+22 5.98156706e+22 6.17393414e+22 6.36769679e+22 6.56226407e+22 6.75696959e+22 6.95107584e+22 7.14377970e+22 7.33421872e+22 7.52147854e+22 7.70460109e+22 7.88259372e+22 8.05443903e+22 8.21910555e+22 8.37555901e+22 8.52277411e+22 8.65974683e+22 8.78550695e+22 8.89913073e+22 8.99975357e+22 9.08658239e+22 9.15890760e+22 9.21611432e+22 9.25769274e+22 9.28324733e+22 9.29250454e+22 9.28531905e+22 9.26167815e+22 9.22170408e+22 9.16565441e+22 9.09392021e+22 9.00702199e+22 8.90560357e+22 8.79042383e+22 8.66234659e+22 8.52232880e+22 8.37140722e+22 8.21068399e+22 8.04131138e+22 7.86447601e+22 7.68138295e+22 7.49324003e+22 7.30124270e+22 7.10655973e+22 6.91032006e+22 6.71360093e+22 6.51741766e+22 6.32271500e+22 6.13036023e+22 5.94113808e+22
3.39443825e+21 3.42974229e+21 3.46651487e+21 3.50487137e+21 3.54494389e+21 3.58688389e+21 3.63086535e+21 3.67708828e+21 3.72578286e+21 3.77721416e+21 3.83168754e+21 3.88955485e+21 3.95122142e+21 4.01715412e+21 4.08789035e+21 4.16404825e+21 4.24633799e+21 4.33557448e+21 4.43269121e+21 4.53875538e+21 4.65498422e+21 4.78276222e+21 4.92365896e+21 5.07944717e+21 5.25212015e+21 5.44390784e+21 5.65729000e+21 5.89500526e+21 6.16005385e+21 6.45569179e+21 6.78541399e+21 7.15292333e+21 7.56208293e+21 8.01684897e+21 8.52118223e+21 9.07893761e+21 9.69373268e+21 1.03687988e+22 1.11068208e+22 1.19097755e+22 1.27787806e+22 1.37139683e+22 1.47144005e+22 1.57780383e+22 1.69017776e+22 1.80815552e+22 1.93125245e+22 2.05892901e+22 2.19061841e+22 2.32575620e+22 2.46380934e+22 2.60430222e+22 2.74683797e+22 2.89111332e+22 3.03692666e+22 3.18417930e+22 3.33287056e+22 3.48308778e+22 3.63499249e+22 3.78880416e+22 3.94478254e+22 4.10320977e+22 4.26437297e+22 4.42854788e+22 4.59598394e+22 4.76689095e+22 4.94142751e+22 5.11969105e+22 5.30170957e+22 5.48743490e+22 5.67673745e+22 5.86940228e+22 6.06512654e+22 6.26351811e+22 6.46409544e+22 6.66628859e+22 6.86944140e+22 7.07281479e+22 7.27559125e+22 7.47688042e+22 7.67572585e+22 7.87111289e+22 8.06197767e+22 8.24721724e+22 8.42570069e+22 8.59628132e+22 8.75780965e+22 8.90914723e+22 9.04918110e+22 9.17683863e+22 9.29110261e+22 9.39102634e+22 9.47574840e+22 9.54450681e+22 9.59665229e+22 9.63166033e+22 9.64914165e+22 9.64885089e+22 9.63069312e+22 9.59472808e+22 9.54117188e+22 9.47039598e+22 9.38292357e+22 9.27942326e+22 9.16070012e+22 9.02768439e+22 8.88141798e+22 8.72303912e+22 8.55376550e+22 8.37487633e+22 8.18769369e+22 7.99356365e+22 7.79383767e+22 7.58985448e+22 7.38292313e+22 7.17430724e+22 6.96521101e+22 6.75676703e+22 6.55002614e+22 6.34594941e+22 6.14540223e+22
3.47751548e+21 3.51366417e+21 3.55131776e+21 3.59059449e+21 3.63162973e+21 3.67457869e+21 3.71961959e+21 3.76695734e+21 3.81682772e+21 3.86950218e+21 3.92529343e+21 3.98456172e+21 4.04772205e+21 4.11525231e+21 4.18770256e+21 4.26570539e+21 4.34998751e+21 4.44138266e+21 4.54084575e+21 4.64946834e+21 4.76849520e+21 4.89934184e+21 5.04361270e+21 5.20311939e+21 5.37989840e+21 5.57622715e+21 5.79463727e+21 6.03792335e+21 6.30914519e+21 6.61162129e+21 6.94891063e+21 7.32478020e+21 7.74315492e+21 8.20804776e+21 8.72346775e+21 9.29330546e+21 9.92119704e+21 1.06103704e+22 1.13634803e+22 1.21824421e+22 1.30682767e+22 1.40209830e+22 1.50394516e+22 1.61214371e+22 1.72635977e+22 1.84616096e+22 1.97103520e+22 2.10041538e+22 2.23370837e+22 2.37032595e+22 2.50971520e+22 2.65138579e+22 2.79493220e+22 2.94004944e+22 3.08654154e+22 3.23432311e+22 3.38341440e+22 3.53393115e+22 3.68607047e+22 3.84009405e+22 3.99630999e+22 4.15505428e+22 4.31667269e+22 4.48150367e+22 4.64986261e+22 4.82202767e+22 4.99822722e+22 5.17862891e+22 5.36333028e+22 5.55235086e+22 5.74562561e+22 5.94299972e+22 6.14422457e+22 6.34895501e+22 6.55674765e+22 6.76706051e+22 6.97925378e+22 7.19259177e+22 7.40624621e+22 7.61930087e+22 7.83075743e+22 8.03954287e+22 8.24451825e+22 8.44448888e+22 8.63821600e+22 8.82442976e+22 9.00184351e+22 9.16916936e+22 9.32513464e+22 9.46849919e+22 9.59807330e+22 9.71273572e+22 9.81145175e+22 9.89329072e+22 9.95744267e+22 1.00032337e+23 1.00301397e+23 1.00377978e+23 1.00260158e+23 9.99477802e+22 9.94424924e+22 9.87477439e+22 9.78687559e+22 9.68124571e+22 9.55873872e+22 9.42035709e+22 9.26723645e+22 9.10062792e+22 8.92187853e+22 8.73241020e+22 8.53369783e+22 8.32724705e+22 8.11457215e+22 7.89717470e+22 7.67652335e+22 7.45403530e+22 7.23105963e+22 7.00886296e+22 6.78861754e+22 6.57139186e+22 6.35814388e+22
3.55483143e+21 3.59176499e+21 3.63023739e+21 3.67036957e+21 3.71229995e+21 3.75618726e+21 3.80221371e+21 3.85058879e+21 3.90155349e+21 3.95538529e+21 4.01240378e+21 4.07297708e+21 4.13752921e+21 4.20654845e+21 4.28059668e+21 4.36032004e+21 4.44646074e+21 4.53987017e+21 4.64152333e+21 4.75253460e+21 4.87417454e+21 5.00788778e+21 5.15531142e+21 5.31829355e+21 5.49891112e+21 5.69948612e+21 5.92259883e+21 6.17109632e+21 6.44809433e+21 6.75696992e+21 7.10134224e+21 7.48503834e+21 7.91204112e+21 8.38641663e+21 8.91221890e+21 9.49337149e+21 1.01335272e+22 1.08359096e+22 1.16031435e+22 1.24370839e+22 1.33386583e+22 1.43077357e+22 1.53430408e+22 1.64421276e+22 1.76014236e+22 1.88163510e+22 2.00815214e+22 2.13909942e+22 2.27385792e+22 2.41181598e+22 2.55240097e+22 2.69510787e+22 2.83952242e+22 2.98533769e+22 3.13236318e+22 3.28052663e+22 3.42986924e+22 3.58053543e+22 3.73275850e+22 3.88684343e+22 4.04314829e+22 4.20206517e+22 4.36400141e+22 4.52936185e+22 4.69853229e+22 4.87186444e+22 5.04966246e+22 5.23217094e+22 5.41956431e+22 5.61193772e+22 5.80929902e+22 6.01156211e+22 6.21854130e+22 6.42994689e+22 6.64538186e+22 6.86433971e+22 7.08620359e+22 7.31024673e+22 7.53563418e+22 7.76142617e+22 7.98658303e+22 8.20997175e+22 8.43037435e+22 8.64649813e+22 8.85698763e+22 9.06043858e+22 9.25541352e+22 9.44045913e+22 9.61412498e+22 9.77498359e+22 9.92165139e+22 1.00528102e+23 1.01672291e+23 1.02637855e+23 1.03414858e+23 1.03994850e+23 1.04371033e+23 1.04538418e+23 1.04493943e+23 1.04236561e+23 1.03767296e+23 1.03089259e+23 1.02207617e+23 1.01129536e+23 9.98640716e+22 9.84220329e+22 9.68158066e+22 9.50591549e+22 9.31669891e+22 9.11551246e+22 8.90400253e+22 8.68385417e+22 8.45676518e+22 8.22442094e+22 7.98847056e+22 7.75050504e+22 7.51203766e+22 7.27448710e+22 7.03916348e+22 6.80725741e+22 6.57983219e+22
3.62591308e+21 3.66356682e+21 3.70279070e+21 3.74370817e+21 3.78646050e+21 3.83120964e+21 3.87814151e+21 3.92746982e+21 3.97944043e+21 4.03433637e+21 4.09248358e+21 4.15425749e+21 4.22009048e+21 4.29048039e+21 4.36600010e+21 4.44730827e+21 4.53516145e+21 4.63042735e+21 4.73409959e+21 4.84731365e+21 4.97136399e+21 5.10772217e+21 5.25805553e+21 5.42424595e+21 5.60840784e+21 5.81290447e+21 6.04036114e+21 6.29367357e+21 6.57600926e+21 6.89079954e+21 7.24171921e+21 7.63265090e+21 8.06763104e+21 8.55077462e+21 9.08617691e+21 9.67779139e+21 1.03292853e+22 1.10438767e+22 1.18241605e+22 1.26719334e+22 1.35880322e+22 1.45722010e+22 1.56230048e+22 1.67378044e+22 1.79128049e+22 1.91431833e+22 2.04232923e+22 2.17469295e+22 2.31076527e+22 2.44991162e+22 2.59154006e+22 2.73513098e+22 2.88026143e+22 3.02662244e+22 3.17402878e+22 3.32242118e+22 3.47186177e+22 3.62252385e+22 3.77467739e+22 3.92867165e+22 4.08491616e+22 4.24386122e+22 4.40597859e+22 4.57174309e+22 4.74161532e+22 4.91602583e+22 5.09536061e+22 5.27994799e+22 5.47004688e+22 5.66583618e+22 5.86740531e+22 6.07474583e+22 6.28774406e+22 6.50617477e+22 6.72969593e+22 6.95784460e+22 7.19003406e+22 7.42555237e+22 7.66356245e+22 7.90310379e+22 8.14309610e+22 8.38234494e+22 8.61954947e+22 8.85331252e+22 9.08215298e+22 9.30452050e+22 9.51881258e+22 9.72339381e+22 9.91661714e+22 1.00968469e+23 1.02624834e+23 1.04119878e+23 1.05439085e+23 1.06569067e+23 1.07497812e+23 1.08214920e+23 1.08711823e+23 1.08981970e+23 1.09020982e+23 1.08826776e+23 1.08399639e+23 1.07742257e+23 1.06859703e+23 1.05759367e+23 1.04450853e+23 1.02945817e+23 1.01257774e+23 9.94018650e+22 9.73945987e+22 9.52535650e+22 9.29971391e+22 9.06441761e+22 8.82137075e+22 8.57246466e+22 8.31955095e+22 8.06441584e+22 7.80875722e+22 7.55416489e+22 7.30210424e+22 7.05390354e+22 6.81074496e+22
3.69031895e+21 3.72862359e+21 3.76852686e+21 3.81015447e+21 3.85365030e+21 3.89917924e+21 3.94693059e+21 3.99712194e+21 4.05000355e+21 4.10586353e+21 4.16503362e+21 4.22789591e+21 4.29489040e+21 4.36652367e+21 4.44337859e+21 4.52612528e+21 4.61553333e+21 4.71248537e+21 4.81799198e+21 4.93320788e+21 5.05944932e+21 5.19821244e+21 5.35119216e+21 5.52030115e+21 5.70768801e+21 5.91575365e+21 6.14716447e+21 6.40486050e+21 6.69205648e+21 7.01223317e+21 7.36911606e+21 7.76663836e+21 8.20888507e+21 8.70001546e+21 9.24416186e+21 9.84530413e+21 1.05071214e+22 1.12328250e+22 1.20249801e+22 1.28853268e+22 1.38146149e+22 1.48124692e+22 1.58773022e+22 1.70062901e+22 1.81954255e+22 1.94396508e+22 2.07330703e+22 2.20692299e+22 2.34414446e+22 2.48431466e+22 2.62682286e+22 2.77113524e+22 2.91682023e+22 3.06356680e+22 3.21119485e+22 3.35965794e+22 3.50903904e+22 3.65954041e+22 3.81146910e+22 3.96521943e+22 4.12125372e+22 4.28008242e+22 4.44224437e+22 4.60828782e+22 4.77875248e+22 4.95415284e+22 5.13496272e+22 5.32160107e+22 5.51441887e+22 5.71368707e+22 5.91958546e+22 6.13219249e+22 6.35147590e+22 6.57728427e+22 6.80933963e+22 7.04723103e+22 7.29040950e+22 7.53818439e+22 7.78972138e+22 8.04404241e+22 8.30002769e+22 8.55642016e+22 8.81183246e+22 9.06475667e+22 9.31357695e+22 9.55658508e+22 9.79199904e+22 1.00179843e+23 1.02326777e+23 1.04342140e+23 1.06207540e+23 1.07905140e+23 1.09417966e+23 1.10730210e+23 1.11827533e+23 1.12697346e+23 1.13329078e+23 1.13714408e+23 1.13847460e+23 1.13724959e+23 1.13346329e+23 1.12713751e+23 1.11832151e+23 1.10709138e+23 1.09354889e+23 1.07781972e+23 1.06005133e+23 1.04041025e+23 1.01907913e+23 9.96253466e+22 9.72138166e+22 9.46944004e+22 9.20884095e+22 8.94170469e+22 8.67010821e+22 8.39605517e+22 8.12144926e+22 7.84807116e+22 7.57755961e+22 7.31139665e+22 7.05089731e+22
3.74764365e+21 3.78652574e+21 3.82703192e+21 3.86928996e+21 3.91344602e+21 3.95966769e+21 4.00814728e+21 4.05910583e+21 4.11279760e+21 4.16951521e+21 4.22959561e+21 4.29342685e+21 4.36145578e+21 4.43419680e+21 4.51224172e+21 4.59627093e+21 4.68706571e+21 4.78552204e+21 4.89266569e+21 5.00966862e+21 5.13786659e+21 5.27877776e+21 5.43412173e+21 5.60583877e+21 5.79610809e+21 6.00736430e+21 6.24231056e+21 6.50392661e+21 6.79546940e+21 7.12046391e+21 7.48268087e+21 7.88609854e+21 8.33484510e+21 8.83311892e+21 9.38508471e+21 9.99474486e+21 1.06657876e+22 1.14014159e+22 1.22041654e+22 1.30757215e+22 1.40167512e+22 1.50267661e+22 1.61040342e+22 1.72455573e+22 1.84471269e+22 1.97034629e+22 2.10084337e+22 2.23553461e+22 2.37372825e+22 2.51474629e+22 2.65795990e+22 2.80282150e+22 2.94889118e+22 3.09585585e+22 3.24354044e+22 3.39191114e+22 3.54107157e+22 3.69125294e+22 3.84279960e+22 3.99615151e+22 4.15182488e+22 4.31039201e+22 4.47246123e+22 4.63865739e+22 4.80960334e+22 4.98590246e+22 5.16812224e+22 5.35677892e+22 5.55232306e+22 5.75512593e+22 5.96546656e+22 6.18351958e+22 6.40934369e+22 6.64287088e+22 6.88389652e+22 7.13207049e+22 7.38688951e+22 7.64769103e+22 7.91364886e+22 8.18377092e+22 8.45689948e+22 8.73171404e+22 9.00673738e+22 9.28034478e+22 9.55077684e+22 9.81615581e+22 1.00745057e+23 1.03237756e+23 1.05618670e+23 1.07866631e+23 1.09960619e+23 1.11880099e+23 1.13605383e+23 1.15117984e+23 1.16400977e+23 1.17439338e+23 1.18220258e+23 1.18733434e+23 1.18971301e+23 1.18929233e+23 1.18605671e+23 1.18002197e+23 1.17123539e+23 1.15977515e+23 1.14574901e+23 1.12929246e+23 1.11056624e+23 1.08975335e+23 1.06705564e+23 1.04269009e+23 1.01688482e+23 9.89875042e+22 9.61898973e+22 9.33193878e+22 9.03992307e+22 8.74518629e+22 8.44985945e+22 8.15593421e+22 7.86524098e+22 7.57943197e+22 7.29996922e+22
3.79752213e+21 3.83690447e+21 3.87793316e+21 3.92073777e+21 3.96546651e+21 4.01228929e+21 4.06140108e+21 4.11302597e+21 4.16742168e+21 4.22488483e+21 4.28575693e+21 4.35043124e+21 4.41936061e+21 4.49306628e+21 4.57214794e+21 4.65729493e+21 4.74929878e+21 4.84906716e+21 4.95763914e+21 5.07620177e+21 5.20610790e+21 5.34889494e+21 5.50630413e+21 5.68029985e+21 5.87308810e+21 6.08713297e+21 6.32516978e+21 6.59021293e+21 6.88555624e+21 7.21476322e+21 7.58164398e+21 7.99021588e+21 8.44464434e+21 8.94916125e+21 9.50795860e+21 1.01250570e+22 1.08041506e+22 1.15484324e+22 1.23604086e+22 1.32417120e+22 1.41929312e+22 1.52134713e+22 1.63014648e+22 1.74537503e+22 1.86659311e+22 1.99325183e+22 2.12471593e+22 2.26029351e+22 2.39927092e+22 2.54095001e+22 2.68468474e+22 2.82991441e+22 2.97619109e+22 3.12319974e+22 3.27077019e+22 3.41888104e+22 3.56765630e+22 3.71735590e+22 3.86836151e+22 4.02115909e+22 4.17631951e+22 4.33447829e+22 4.49631530e+22 4.66253482e+22 4.83384651e+22 5.01094721e+22 5.19450353e+22 5.38513542e+22 5.58340029e+22 5.78977772e+22 6.00465471e+22 6.22831126e+22 6.46090657e+22 6.70246563e+22 6.95286664e+22 7.21182926e+22 7.47890413e+22 7.75346392e+22 8.03469630e+22 8.32159919e+22 8.61297885e+22 8.90745104e+22 9.20344579e+22 9.49921605e+22 9.79285047e+22 1.00822906e+23 1.03653523e+23 1.06397519e+23 1.09031359e+23 1.11531149e+23 1.13873005e+23 1.16033450e+23 1.17989825e+23 1.19720706e+23 1.21206328e+23 1.22428978e+23 1.23373379e+23 1.24027028e+23 1.24380486e+23 1.24427613e+23 1.24165737e+23 1.23595752e+23 1.22722139e+23 1.21552907e+23 1.20099459e+23 1.18376388e+23 1.16401196e+23 1.14193963e+23 1.11776954e+23 1.09174201e+23 1.06411042e+23 1.03513663e+23 1.00508623e+23 9.74224047e+22 9.42809787e+22 9.11094065e+22 8.79314846e+22 8.47694387e+22 8.16436714e+22 7.85725681e+22 7.55723605e+22
3.83963355e+21 3.87943562e+21 3.92090297e+21 3.96416670e+21 4.00937678e+21 4.05670507e+21 4.10634884e+21 4.15853476e+21 4.21352352e+21 4.27161513e+21 4.33315498e+21 4.39854079e+21 4.46823049e+21 4.54275118e+21 4.62270920e+21 4.70880152e+21 4.80182840e+21 4.90270743e+21 5.01248899e+21 5.13237295e+21 5.26372667e+21 5.40810392e+21 5.56726427e+21 5.74319261e+21 5.93811765e+21 6.15452847e+21 6.39518762e+21 6.66313883e+21 6.96170710e+21 7.29448841e+21 7.66532597e+21 8.07826982e+21 8.53751635e+21 9.04732486e+21 9.61190912e+21 1.02353034e+22 1.09212041e+22 1.16727926e+22 1.24925453e+22 1.33820450e+22 1.43418065e+22 1.53711355e+22 1.64680391e+22 1.76292049e+22 1.88500616e+22 2.01249278e+22 2.14472453e+22 2.28098856e+22 2.42055080e+22 2.56269426e+22 2.70675675e+22 2.85216517e+22 2.99846403e+22 3.14533650e+22 3.29261717e+22 3.44029674e+22 3.58851923e+22 3.73757291e+22 3.88787651e+22 4.03996200e+22 4.19445535e+22 4.35205625e+22 4.51351767e+22 4.67962567e+22 4.85117989e+22 5.02897463e+22 5.21378065e+22 5.40632748e+22 5.60728613e+22 5.81725214e+22 6.03672876e+22 6.26611032e+22 6.50566578e+22 6.75552261e+22 7.01565120e+22 7.28585003e+22 7.56573201e+22 7.85471241e+22 8.15199878e+22 8.45658348e+22 8.76723921e+22 9.08251827e+22 9.40075577e+22 9.72007748e+22 1.00384126e+23 1.03535114e+23 1.06629687e+23 1.09642518e+23 1.12547343e+23 1.15317333e+23 1.17925519e+23 1.20345243e+23 1.22550625e+23 1.24517056e+23 1.26221677e+23 1.27643847e+23 1.28765592e+23 1.29571997e+23 1.30051560e+23 1.30196472e+23 1.30002823e+23 1.29470728e+23 1.28604366e+23 1.27411922e+23 1.25905451e+23 1.24100647e+23 1.22016539e+23 1.19675109e+23 1.17100861e+23 1.14320336e+23 1.11361600e+23 1.08253711e+23 1.05026190e+23 1.01708496e+23 9.83295399e+22 9.49172226e+22 9.14980334e+22 8.80966985e+22 8.47358941e+22 8.14360249e+22 7.82150686e+22
3.87370463e+21 3.91384315e+21 3.95566241e+21 3.99929475e+21 4.04489158e+21 4.09262642e+21 4.14269837e+21 4.19533625e+21 4.25080316e+21 4.30940190e+21 4.37148103e+21 4.43744192e+21 4.50774666e+21 4.58292710e+21 4.66359504e+21 4.75045368e+21 4.84431038e+21 4.94609084e+21 5.05685462e+21 5.17781206e+21 5.31034233e+21 5.45601250e+21 5.61659708e+21 5.79409760e+21 5.99076121e+21 6.20909727e+21 6.45189040e+21 6.72220805e+21 7.02340034e+21 7.35908933e+21 7.73314469e+21 8.14964239e+21 8.61280300e+21 9.12690681e+21 9.69618349e+21 1.03246758e+22 1.10160790e+22 1.17735603e+22 1.25995666e+22 1.34956327e+22 1.44622045e+22 1.54984963e+22 1.66024002e+22 1.77704657e+22 1.89979627e+22 2.02790338e+22 2.16069331e+22 2.29743402e+22 2.43737268e+22 2.57977492e+22 2.72396360e+22 2.86935412e+22 3.01548396e+22 3.16203464e+22 3.30884542e+22 3.45591872e+22 3.60341795e+22 3.75165916e+22 3.90109757e+22 4.05231082e+22 4.20597992e+22 4.36286916e+22 4.52380565e+22 4.68965892e+22 4.86132109e+22 5.03968729e+22 5.22563667e+22 5.42001351e+22 5.62360857e+22 5.83714027e+22 6.06123585e+22 6.29641229e+22 6.54305716e+22 6.80140952e+22 7.07154106e+22 7.35333796e+22 7.64648376e+22 7.95044380e+22 8.26445187e+22 8.58749955e+22 8.91832911e+22 9.25543032e+22 9.59704206e+22 9.94115910e+22 1.02855446e+23 1.06277487e+23 1.09651331e+23 1.12949018e+23 1.16141382e+23 1.19198474e+23 1.22090030e+23 1.24785985e+23 1.27257010e+23 1.29475071e+23 1.31413979e+23 1.33049937e+23 1.34362052e+23 1.35332801e+23 1.35948439e+23 1.36199337e+23 1.36080225e+23 1.35590351e+23 1.34733539e+23 1.33518134e+23 1.31956861e+23 1.30066571e+23 1.27867902e+23 1.25384859e+23 1.22644328e+23 1.19675527e+23 1.16509430e+23 1.13178169e+23 1.09714428e+23 1.06150855e+23 1.02519503e+23 9.88513184e+22 9.51756723e+22 9.15199704e+22 8.79093249e+22 8.43663042e+22 8.09107574e+22
3.89951271e+21 3.93990212e+21 3.98198414e+21 4.02589210e+21 4.07177852e+21 4.11981817e+21 4.17021163e+21 4.22318931e+21 4.27901623e+21 4.33799730e+21 4.40048355e+21 4.46687913e+21 4.53764934e+21 4.61332969e+21 4.69453615e+21 4.78197669e+21 4.87646412e+21 4.97893032e+21 5.09044190e+21 5.21221717e+21 5.34564431e+21 5.49230052e+21 5.65397171e+21 5.83267205e+21 6.03066269e+21 6.25046835e+21 6.49489030e+21 6.76701387e+21 7.07020797e+21 7.40811409e+21 7.78462137e+21 8.20382456e+21 8.66996136e+21 9.18732621e+21 9.76015843e+21 1.03925040e+22 1.10880528e+22 1.18499557e+22 1.26806298e+22 1.35815643e+22 1.45531413e+22 1.55944917e+22 1.67034036e+22 1.78763027e+22 1.91083163e+22 2.03934289e+22 2.17247264e+22 2.30947155e+22 2.44956985e+22 2.59201743e+22 2.73612353e+22 2.88129305e+22 3.02705702e+22 3.17309555e+22 3.31925237e+22 3.46554110e+22 3.61214388e+22 3.75940358e+22 3.90781104e+22 4.05798875e+22 4.21067224e+22 4.36669019e+22 4.52694416e+22 4.69238814e+22 4.86400834e+22 5.04280328e+22 5.22976380e+22 5.42585325e+22 5.63198726e+22 5.84901322e+22 6.07768920e+22 6.31866243e+22 6.57244718e+22 6.83940259e+22 7.11971031e+22 7.41335278e+22 7.72009232e+22 8.03945188e+22 8.37069799e+22 8.71282678e+22 9.06455370e+22 9.42430785e+22 9.79023162e+22 1.01601862e+23 1.05317640e+23 1.09023070e+23 1.12689341e+23 1.16285736e+23 1.19780042e+23 1.23139016e+23 1.26328916e+23 1.29316070e+23 1.32067491e+23 1.34551503e+23 1.36738374e+23 1.38600940e+23 1.40115190e+23 1.41260808e+23 1.42021643e+23 1.42386103e+23 1.42347445e+23 1.41903967e+23 1.41059086e+23 1.39821291e+23 1.38203987e+23 1.36225228e+23 1.33907339e+23 1.31276452e+23 1.28361957e+23 1.25195900e+23 1.21812328e+23 1.18246619e+23 1.14534806e+23 1.10712909e+23 1.06816314e+23 1.02879184e+23 9.89339465e+22 9.50108441e+22 9.11375692e+22 8.73389814e+22 8.36369113e+22
3.91688806e+21 3.95744110e+21 3.99969496e+21 4.04378367e+21 4.08986052e+21 4.13810119e+21 4.18870724e+21 4.24191025e+21 4.29797654e+21 4.35721250e+21 4.41997088e+21 4.48665774e+21 4.55774060e+21 4.63375748e+21 4.71532724e+21 4.80316111e+21 4.89807562e+21 5.00100689e+21 5.11302635e+21 5.23535771e+21 5.36939532e+21 5.51672324e+21 5.67913506e+21 5.85865350e+21 6.05754913e+21 6.27835694e+21 6.52388930e+21 6.79724329e+21 7.10180012e+21 7.44121374e+21 7.81938553e+21 8.24042159e+21 8.70856935e+21 9.22813028e+21 9.80334674e+21 1.04382623e+22 1.11365571e+22 1.19013632e+22 1.27350676e+22 1.36391160e+22 1.46138320e+22 1.56582714e+22 1.67701301e+22 1.79457243e+22 1.91800560e+22 2.04669712e+22 2.17994075e+22 2.31697196e+22 2.45700600e+22 2.59927876e+22 2.74308734e+22 2.88782721e+22 3.03302364e+22 3.17835552e+22 3.32367083e+22 3.46899379e+22 3.61452428e+22 3.76063082e+22 3.90783858e+22 4.05681358e+22 4.20834469e+22 4.36332415e+22 4.52272745e+22 4.68759307e+22 4.85900207e+22 5.03805771e+22 5.22586487e+22 5.42350904e+22 5.63203477e+22 5.85242330e+22 6.08556931e+22 6.33225673e+22 6.59313375e+22 6.86868719e+22 7.15921662e+22 7.46480874e+22 7.78531253e+22 8.12031592e+22 8.46912490e+22 8.83074578e+22 9.20387160e+22 9.58687360e+22 9.97779867e+22 1.03743735e+23 1.07740164e+23 1.11738563e+23 1.15707612e+23 1.19613740e+23 1.23421565e+23 1.27094417e+23 1.30594914e+23 1.33885613e+23 1.36929686e+23 1.39691631e+23 1.42137989e+23 1.44238044e+23 1.45964494e+23 1.47294066e+23 1.48208059e+23 1.48692791e+23 1.48739946e+23 1.48346795e+23 1.47516299e+23 1.46257067e+23 1.44583196e+23 1.42513975e+23 1.40073479e+23 1.37290048e+23 1.34195686e+23 1.30825386e+23 1.27216405e+23 1.23407517e+23 1.19438254e+23 1.15348166e+23 1.11176121e+23 1.06959655e+23 1.02734390e+23 9.85335372e+22 9.43874892e+22 9.03235024e+22 8.63654794e+22
3.92571576e+21 3.96634405e+21 4.00867764e+21 4.05285097e+21 4.09901778e+21 4.14735425e+21 4.19806251e+21 4.25137480e+21 4.30755813e+21 4.36691976e+21 4.42981333e+21 4.49664598e+21 4.56788642e+21 4.64407404e+21 4.72582922e+21 4.81386495e+21 4.90899973e+21 5.01217194e+21 5.12445549e+21 5.24707697e+21 5.38143388e+21 5.52911384e+21 5.69191438e+21 5.87186254e+21 6.07123359e+21 6.29256760e+21 6.53868230e+21 6.81268032e+21 7.11794842e+21 7.45814588e+21 7.83717882e+21 8.25915707e+21 8.72833009e+21 9.24899897e+21 9.82540228e+21 1.04615753e+22 1.11611838e+22 1.19273382e+22 1.27623950e+22 1.36677585e+22 1.46436992e+22 1.56892062e+22 1.68018953e+22 1.79779882e+22 1.92123796e+22 2.04987969e+22 2.18300513e+22 2.31983667e+22 2.45957668e+22 2.60144895e+22 2.74473999e+22 2.88883702e+22 3.03326024e+22 3.17768754e+22 3.32197086e+22 3.46614422e+22 3.61042406e+22 3.75520308e+22 3.90103896e+22 4.04863945e+22 4.19884491e+22 4.35260942e+22 4.51098107e+22 4.67508182e+22 4.84608717e+22 5.02520535e+22 5.21365619e+22 5.41264914e+22 5.62336029e+22 5.84690826e+22 6.08432868e+22 6.33654742e+22 6.60435248e+22 6.88836491e+22 7.18900923e+22 7.50648368e+22 7.84073122e+22 8.19141197e+22 8.55787814e+22 8.93915225e+22 9.33391004e+22 9.74046884e+22 1.01567825e+23 1.05804442e+23 1.10086969e+23 1.14384540e+23 1.18663278e+23 1.22886690e+23 1.27016142e+23 1.31011429e+23 1.34831418e+23 1.38434757e+23 1.41780641e+23 1.44829595e+23 1.47544282e+23 1.49890286e+23 1.51836872e+23 1.53357677e+23 1.54431326e+23 1.55041943e+23 1.55179551e+23 1.54840327e+23 1.54026729e+23 1.52747465e+23 1.51017323e+23 1.48856850e+23 1.46291910e+23 1.43353115e+23 1.40075160e+23 1.36496078e+23 1.32656440e+23 1.28598525e+23 1.24365480e+23 1.20000504e+23 1.15546065e+23 1.11043180e+23 1.06530775e+23 1.02045129e+23 9.76194222e+22 9.32833860e+22 8.90630616e+22
3.92593700e+21 3.96655159e+21 4.00887222e+21 4.05303343e+21 4.09918907e+21 4.14751542e+21 4.19821477e+21 4.25151946e+21 4.30769667e+21 4.36705378e+21 4.42994460e+21 4.49677646e+21 4.56801821e+21 4.64420945e+21 4.72597074e+21 4.81401528e+21 4.90916178e+21 5.01234881e+21 5.12465052e+21 5.24729368e+21 5.38167599e+21 5.52938525e+21 5.69221909e+21 5.87220460e+21 6.07161699e+21 6.29299611e+21 6.53915921e+21 6.81320811e+21 7.11852829e+21 7.45877704e+21 7.83785761e+21 8.25987566e+21 8.72907485e+21 9.24974824e+21 9.82612354e+21 1.04622215e+22 1.11616889e+22 1.19276115e+22 1.27623144e+22 1.36671629e+22 1.46423793e+22 1.56868952e+22 1.67982577e+22 1.79726099e+22 1.92047575e+22 2.04883304e+22 2.18160351e+22 2.31799880e+22 2.45721054e+22 2.59845240e+22 2.74100197e+22 2.88423945e+22 3.02768070e+22 3.17100279e+22 3.31406123e+22 3.45689893e+22 3.59974744e+22 3.74302173e+22 3.88730983e+22 4.03335872e+22 4.18205771e+22 4.33442017e+22 4.49156438e+22 4.65469371e+22 4.82507634e+22 5.00402438e+22 5.19287210e+22 5.39295310e+22 5.60557606e+22 5.83199885e+22 6.07340086e+22 6.33085350e+22 6.60528903e+22 6.89746798e+22 7.20794562e+22 7.53703810e+22 7.88478907e+22 8.25093764e+22 8.63488896e+22 9.03568824e+22 9.45199982e+22 9.88209221e+22 1.03238305e+23 1.07746769e+23 1.12317015e+23 1.16916014e+23 1.21507324e+23 1.26051499e+23 1.30506606e+23 1.34828848e+23 1.38973264e+23 1.42894513e+23 1.46547713e+23 1.49889317e+23 1.52878002e+23 1.55475550e+23 1.57647683e+23 1.59364851e+23 1.60602910e+23 1.61343712e+23 1.61575544e+23 1.61293435e+23 1.60499301e+23 1.59201922e+23 1.57416766e+23 1.55165646e+23 1.52476238e+23 1.49381458e+23 1.45918737e+23 1.42129205e+23 1.38056810e+23 1.33747404e+23 1.29247823e+23 1.24604985e+23 1.19865031e+23 1.15072531e+23 1.10269777e+23 1.05496177e+23 1.00787750e+23 9.61767474e+22 9.16913877e+22
3.91754967e+21 3.95806166e+21 4.00027668e+21 4.04432904e+21 4.09037239e+21 4.13858273e+21 4.18916201e+21 4.24234222e+21 4.29839007e+21 4.35761243e+21 4.42036249e+21 4.48704684e+21 4.55813350e+21 4.63416106e+21 4.71574893e+21 4.80360895e+21 4.89855827e+21 5.00153363e+21 5.11360705e+21 5.23600289e+21 5.37011601e+21 5.51753096e+21 5.68004167e+21 5.85967095e+21 6.05868915e+21 6.27963051e+21 6.52530596e+21 6.79881007e+21 7.10352009e+21 7.44308396e+21 7.82139426e+21 8.24254454e+21 8.71076462e+21 9.23033173e+21 9.80545546e+21 1.04401357e+22 1.11379951e+22 1.19020918e+22 1.27347186e+22 1.36372037e+22 1.46097264e+22 1.56511691e+22 1.67590229e+22 1.79293676e+22 1.91569390e+22 2.04352902e+22 2.17570466e+22 2.31142399e+22 2.44987018e+22 2.59024882e+22 2.73183030e+22 2.87398908e+22 3.01623744e+22 3.15825177e+22 3.29989068e+22 3.44120485e+22 3.58243926e+22 3.72402888e+22 3.86658936e+22 4.01090386e+22 4.15790727e+22 4.30866881e+22 4.46437347e+22 4.62630270e+22 4.79581433e+22 4.97432164e+22 5.16327122e+22 5.36411935e+22 5.57830653e+22 5.80722995e+22 6.05221367e+22 6.31447651e+22 6.59509775e+22 6.89498105e+22 7.21481692e+22 7.55504466e+22 7.91581444e+22 8.29695074e+22 8.69791829e+22 9.11779179e+22 9.55523088e+22 1.00084617e+23 1.04752665e+23 1.09529821e+23 1.14385097e+23 1.19283341e+23 1.24185567e+23 1.29049389e+23 1.33829578e+23 1.38478730e+23 1.42948035e+23 1.47188129e+23 1.51150012e+23 1.54786015e+23 1.58050774e+23 1.60902204e+23 1.63302429e+23 1.65218645e+23 1.66623885e+23 1.67497668e+23 1.67826501e+23 1.67604218e+23 1.66832157e+23 1.65519145e+23 1.63681309e+23 1.61341718e+23 1.58529853e+23 1.55280940e+23 1.51635156e+23 1.47636741e+23 1.43333037e+23 1.38773493e+23 1.34008654e+23 1.29089181e+23 1.24064908e+23 1.18983978e+23 1.13892069e+23 1.08831728e+23 1.03841829e+23 9.89571528e+22 9.42080976e+22
3.90060838e+21 3.94092953e+21 3.98294692e+21 4.02679440e+21 4.07262502e+21 4.12061415e+21 4.17096296e+21 4.22390255e+21 4.27969860e+21 4.33865678e+21 4.40112889e+21 4.46751990e+21 4.53829597e+21 4.61399350e+21 4.69522941e+21 4.78271263e+21 4.87725696e+21 4.97979528e+21 5.09139519e+21 5.21327595e+21 5.34682660e+21 5.49362505e+21 5.65545766e+21 5.83433866e+21 6.03252869e+21 6.25255109e+21 6.49720450e+21 6.76956984e+21 7.07300914e+21 7.41115356e+21 7.78787722e+21 8.20725348e+21 8.67349021e+21 9.19084093e+21 9.76348969e+21 1.03954090e+22 1.10901924e+22 1.18508668e+22 1.26796918e+22 1.35779601e+22 1.45458133e+22 1.55820928e+22 1.66842460e+22 1.78483051e+22 1.90689548e+22 2.03396932e+22 2.16530874e+22 2.30011083e+22 2.43755262e+22 2.57683372e+22 2.71721909e+22 2.85807877e+22 2.99892218e+22 3.13942514e+22 3.27944880e+22 3.41905033e+22 3.55848613e+22 3.69820858e+22 3.83885774e+22 3.98124918e+22 4.12635928e+22 4.27530867e+22 4.42934448e+22 4.58982160e+22 4.75818302e+22 4.93593894e+22 5.12464439e+22 5.32587497e+22 5.54120029e+22 5.77215494e+22 6.02020659e+22 6.28672131e+22 6.57292632e+22 6.87987028e+22 7.20838191e+22 7.55902759e+22 7.93206892e+22 8.32742148e+22 8.74461611e+22 9.18276408e+22 9.64052790e+22 1.01160992e+23 1.06071851e+23 1.11110053e+23 1.16242991e+23 1.21433467e+23 1.26640013e+23 1.31817363e+23 1.36917041e+23 1.41888082e+23 1.46677856e+23 1.51233002e+23 1.55500417e+23 1.59428314e+23 1.62967288e+23 1.66071382e+23 1.68699105e+23 1.70814382e+23 1.72387398e+23 1.73395316e+23 1.73822831e+23 1.73662557e+23 1.72915221e+23 1.71589666e+23 1.69702651e+23 1.67278466e+23 1.64348370e+23 1.60949867e+23 1.57125850e+23 1.52923638e+23 1.48393937e+23 1.43589760e+23 1.38565330e+23 1.33375016e+23 1.28072314e+23 1.22708906e+23 1.17333821e+23 1.11992715e+23 1.06727282e+23 1.01574799e+23 9.65678160e+22
3.87522391e+21 3.91526716e+21 3.95699619e+21 4.00054404e+21 4.04606287e+21 4.09372699e+21 4.14373639e+21 4.19632075e+21 4.25174415e+21 4.31031040e+21 4.37236913e+21 4.43832282e+21 4.50863474e+21 4.58383797e+21 4.66454556e+21 4.75146203e+21 4.84539604e+21 4.94727464e+21 5.05815866e+21 5.17925968e+21 5.31195792e+21 5.45782128e+21 5.61862472e+21 5.79636963e+21 5.99330214e+21 6.21192934e+21 6.45503176e+21 6.72567020e+21 7.02718457e+21 7.36318181e+21 7.73750977e+21 8.15421355e+21 8.61747096e+21 9.13150384e+21 9.70046324e+21 1.03282877e+22 1.10185363e+22 1.17742012e+22 1.25975078e+22 1.34897147e+22 1.44509305e+22 1.54799640e+22 1.65742307e+22 1.77297310e+22 1.89411171e+22 2.02018539e+22 2.15044734e+22 2.28409097e+22 2.42028949e+22 2.55823869e+22 2.69719988e+22 2.83653999e+22 2.97576632e+22 3.11455421e+22 3.25276664e+22 3.39046582e+22 3.52791735e+22 3.66558802e+22 3.80413856e+22 3.94441264e+22 4.08742319e+22 4.23433688e+22 4.38645724e+22 4.54520671e+22 4.71210743e+22 4.88876058e+22 5.07682395e+22 5.27798717e+22 5.49394424e+22 5.72636306e+22 5.97685170e+22 6.24692127e+22 6.53794573e+22 6.85111878e+22 7.18740858e+22 7.54751112e+22 7.93180325e+22 8.34029673e+22 8.77259474e+22 9.22785252e+22 9.70474384e+22 1.02014350e+23 1.07155683e+23 1.12442560e+23 1.17840874e+23 1.23311481e+23 1.28810547e+23 1.34290031e+23 1.39698315e+23 1.44980970e+23 1.50081642e+23 1.54943054e+23 1.59508077e+23 1.63720874e+23 1.67528056e+23 1.70879839e+23 1.73731153e+23 1.76042680e+23 1.77781772e+23 1.78923240e+23 1.79449963e+23 1.79353320e+23 1.78633403e+23 1.77299037e+23 1.75367568e+23 1.72864460e+23 1.69822689e+23 1.66281971e+23 1.62287842e+23 1.57890624e+23 1.53144301e+23 1.48105363e+23 1.42831623e+23 1.37381069e+23 1.31810765e+23 1.26175841e+23 1.20528593e+23 1.14917699e+23 1.09387594e+23 1.03977980e+23 9.87234909e+22
3.84156193e+21 3.88124204e+21 3.92259382e+21 3.96574923e+21 4.01085920e+21 4.05809662e+21 4.10765983e+21 4.15977664e+21 4.21470894e+21 4.27275801e+21 4.33427058e+21 4.39964576e+21 4.46934295e+21 4.54389074e+21 4.62389703e+21 4.71006038e+21 4.80318264e+21 4.90418297e+21 5.01411325e+21 5.13417472e+21 5.26573591e+21 5.41035135e+21 5.56978087e+21 5.74600876e+21 5.94126194e+21 6.15802599e+21 6.39905753e+21 6.66739092e+21 6.96633705e+21 7.29947130e+21 7.67060750e+21 8.08375453e+21 8.54305198e+21 9.05268211e+21 9.61675546e+21 1.02391700e+22 1.09234449e+22 1.16725341e+22 1.24886270e+22 1.33729499e+22 1.43255825e+22 1.53453094e+22 1.64295256e+22 1.75742151e+22 1.87740162e+22 2.00223818e+22 2.13118320e+22 2.26342882e+22 2.39814677e+22 2.53453114e+22 2.67184140e+22 2.80944270e+22 2.94684096e+22 3.08371101e+22 3.21991690e+22 3.35552427e+22 3.49080545e+22 3.62623828e+22 3.76250002e+22 3.90045747e+22 4.04115442e+22 4.18579727e+22 4.33573916e+22 4.49246281e+22 4.65756204e+22 4.83272145e+22 5.01969407e+22 5.22027627e+22 5.43627957e+22 5.66949898e+22 5.92167751e+22 6.19446689e+22 6.48938449e+22 6.80776708e+22 7.15072173e+22 7.51907502e+22 7.91332169e+22 8.33357395e+22 8.77951332e+22 9.25034662e+22 9.74476807e+22 1.02609294e+23 1.07964198e+23 1.13482578e+23 1.19128963e+23 1.24862417e+23 1.30636894e+23 1.36401736e+23 1.42102341e+23 1.47680974e+23 1.53077711e+23 1.58231504e+23 1.63081340e+23 1.67567459e+23 1.71632604e+23 1.75223267e+23 1.78290889e+23 1.80792976e+23 1.82694105e+23 1.83966770e+23 1.84592054e+23 1.84560096e+23 1.83870340e+23 1.82531550e+23 1.80561608e+23 1.77987077e+23 1.74842561e+23 1.71169889e+23 1.67017121e+23 1.62437455e+23 1.57488019e+23 1.52228637e+23 1.46720562e+23 1.41025250e+23 1.35203187e+23 1.29312804e+23 1.23409517e+23 1.17544895e+23 1.11765986e+23 1.06114799e+23 1.00627949e+23
3.79984124e+21 3.83907530e+21 3.87996337e+21 3.92263606e+21 3.96724273e+21 4.01395450e+21 4.06296764e+21 4.11450759e+21 4.16883348e+21 4.22624346e+21 4.28708060e+21 4.35173982e+21 4.42067564e+21 4.49441106e+21 4.57354756e+21 4.65877626e+21 4.75089049e+21 4.85079963e+21 4.95954436e+21 5.07831310e+21 5.20845978e+21 5.35152233e+21 5.50924177e+21 5.68358117e+21 5.87674361e+21 6.09118802e+21 6.32964141e+21 6.59510549e+21 6.89085540e+21 7.22042773e+21 7.58759468e+21 7.99632098e+21 8.45070006e+21 8.95486668e+21 9.51288351e+21 1.01286012e+22 1.08054938e+22 1.15464728e+22 1.23536906e+22 1.32283419e+22 1.41704821e+22 1.51788787e+22 1.62509180e+22 1.73825820e+22 1.85685136e+22 1.98021745e+22 2.10760957e+22 2.23822096e+22 2.37122418e+22 2.50581378e+22 2.64124915e+22 2.77689499e+22 2.91225651e+22 3.04700802e+22 3.18101379e+22 3.31434114e+22 3.44726642e+22 3.58027492e+22 3.71405581e+22 3.84949351e+22 3.98765632e+22 4.12978318e+22 4.27726895e+22 4.43164820e+22 4.59457749e+22 4.76781564e+22 4.95320161e+22 5.15262926e+22 5.36801872e+22 5.60128367e+22 5.85429441e+22 6.12883656e+22 6.42656549e+22 6.74895695e+22 7.09725451e+22 7.47241481e+22 7.87505182e+22 8.30538167e+22 8.76316985e+22 9.24768255e+22 9.75764439e+22 1.02912045e+23 1.08459133e+23 1.14187113e+23 1.20059325e+23 1.26033232e+23 1.32060773e+23 1.38088884e+23 1.44060195e+23 1.49913879e+23 1.55586655e+23 1.61013916e+23 1.66130964e+23 1.70874307e+23 1.75182995e+23 1.78999955e+23 1.82273275e+23 1.84957406e+23 1.87014237e+23 1.88414014e+23 1.89136064e+23 1.89169301e+23 1.88512501e+23 1.87174332e+23 1.85173139e+23 1.82536491e+23 1.79300505e+23 1.75508979e+23 1.71212343e+23 1.66466493e+23 1.61331515e+23 1.55870366e+23 1.50147537e+23 1.44227745e+23 1.38174687e+23 1.32049894e+23 1.25911706e+23 1.19814396e+23 1.13807454e+23 1.07935037e+23 1.02235599e+23
3.75033139e+21 3.78903935e+21 3.82938022e+21 3.87148300e+21 3.91549519e+21 3.96158573e+21 4.00994844e+21 4.06080590e+21 4.11441400e+21 4.17106708e+21 4.23110386e+21 4.29491424e+21 4.36294694e+21 4.43571830e+21 4.51382209e+21 4.59794060e+21 4.68885699e+21 4.78746900e+21 4.89480394e+21 5.01203500e+21 5.14049871e+21 5.28171325e+21 5.43739727e+21 5.60948861e+21 5.80016200e+21 6.01184475e+21 6.24722873e+21 6.50927695e+21 6.80122221e+21 7.12655529e+21 7.48899932e+21 7.89246716e+21 8.34099826e+21 8.83867215e+21 9.38949626e+21 9.99726748e+21 1.06654089e+22 1.13967865e+22 1.21935133e+22 1.30567534e+22 1.39865417e+22 1.49816362e+22 1.60394247e+22 1.71559020e+22 1.83257329e+22 1.95424081e+22 2.07984922e+22 2.20859513e+22 2.33965425e+22 2.47222363e+22 2.60556443e+22 2.73904212e+22 2.87216191e+22 3.00459753e+22 3.13621252e+22 3.26707403e+22 3.39745961e+22 3.52785809e+22 3.65896563e+22 3.79167828e+22 3.92708186e+22 4.06643992e+22 4.21118019e+22 4.36287949e+22 4.52324691e+22 4.69410474e+22 4.87736684e+22 5.07501350e+22 5.28906247e+22 5.52153556e+22 5.77442051e+22 6.04962794e+22 6.34894357e+22 6.67397609e+22 7.02610131e+22 7.40640368e+22 7.81561654e+22 8.25406253e+22 8.72159630e+22 9.21755134e+22 9.74069334e+22 1.02891823e+23 1.08605457e+23 1.14516645e+23 1.20587749e+23 1.26774855e+23 1.33028134e+23 1.39292375e+23 1.45507704e+23 1.51610476e+23 1.57534327e+23 1.63211362e+23 1.68573456e+23 1.73553635e+23 1.78087488e+23 1.82114587e+23 1.85579854e+23 1.88434839e+23 1.90638876e+23 1.92160056e+23 1.92976009e+23 1.93074449e+23 1.92453474e+23 1.91121607e+23 1.89097576e+23 1.86409840e+23 1.83095884e+23 1.79201301e+23 1.74778692e+23 1.69886430e+23 1.64587319e+23 1.58947203e+23 1.53033549e+23 1.46914073e+23 1.40655424e+23 1.34321976e+23 1.27974748e+23 1.21670484e+23 1.15460896e+23 1.09392097e+23 1.03504203e+23
3.69334971e+21 3.73145489e+21 3.77116859e+21 3.81261791e+21 3.85594820e+21 3.90132591e+21 3.94894199e+21 3.99901573e+21 4.05179922e+21 4.10758243e+21 4.16669904e+21 4.22953313e+21 4.29652675e+21 4.36818849e+21 4.44510326e+21 4.52794313e+21 4.61747953e+21 4.71459673e+21 4.82030664e+21 4.93576485e+21 5.06228783e+21 5.20137097e+21 5.35470713e+21 5.52420503e+21 5.71200677e+21 5.92050317e+21 6.15234566e+21 6.41045270e+21 6.69800843e+21 7.01845100e+21 7.37544727e+21 7.77285074e+21 8.21463928e+21 8.70482967e+21 9.24736695e+21 9.84598770e+21 1.05040589e+22 1.12243968e+22 1.20090734e+22 1.28592230e+22 1.37748631e+22 1.47547491e+22 1.57962807e+22 1.68954787e+22 1.80470469e+22 1.92445246e+22 2.04805311e+22 2.17470891e+22 2.30360092e+22 2.43393077e+22 2.56496306e+22 2.69606535e+22 2.82674348e+22 2.95667051e+22 3.08570829e+22 3.21392191e+22 3.34158713e+22 3.46919227e+22 3.59743529e+22 3.72721752e+22 3.85963480e+22 3.99596670e+22 4.13766422e+22 4.28633582e+22 4.44373167e+22 4.61172549e+22 4.79229345e+22 4.98748943e+22 5.19941599e+22 5.43019054e+22 5.68190631e+22 5.95658797e+22 6.25614187e+22 6.58230158e+22 6.93656903e+22 7.32015276e+22 7.73390427e+22 8.17825440e+22 8.65315172e+22 9.15800498e+22 9.69163223e+22 1.02522189e+23 1.08372873e+23 1.14436800e+23 1.20675589e+23 1.27044215e+23 1.33491367e+23 1.39959989e+23 1.46388024e+23 1.52709333e+23 1.58854796e+23 1.64753555e+23 1.70334378e+23 1.75527108e+23 1.80264158e+23 1.84482001e+23 1.88122622e+23 1.91134870e+23 1.93475677e+23 1.95111100e+23 1.96017150e+23 1.96180374e+23 1.95598183e+23 1.94278902e+23 1.92241547e+23 1.89515333e+23 1.86138940e+23 1.82159547e+23 1.77631691e+23 1.72615960e+23 1.67177597e+23 1.61385031e+23 1.55308401e+23 1.49018111e+23 1.42583452e+23 1.36071338e+23 1.29545177e+23 1.23063908e+23 1.16681213e+23 1.10444925e+23 1.04396619e+23
3.62925802e+21 3.66668753e+21 3.70569804e+21 3.74641451e+21 3.78897981e+21 3.83355760e+21 3.88033558e+21 3.92952932e+21 3.98138662e+21 4.03619251e+21 4.09427498e+21 4.15601154e+21 4.22183669e+21 4.29225031e+21 4.36782729e+21 4.44922818e+21 4.53721118e+21 4.63264539e+21 4.73652533e+21 4.84998676e+21 4.97432354e+21 5.11100536e+21 5.26169602e+21 5.42827146e+21 5.61283698e+21 5.81774234e+21 6.04559342e+21 6.29925854e+21 6.58186710e+21 6.89679811e+21 7.24765525e+21 7.63822548e+21 8.07241773e+21 8.55417880e+21 9.08738438e+21 9.67570447e+21 1.03224446e+22 1.10303675e+22 1.18015023e+22 1.26369535e+22 1.35367248e+22 1.44995750e+22 1.55229250e+22 1.66028348e+22 1.77340627e+22 1.89102156e+22 2.01239880e+22 2.13674809e+22 2.26325794e+22 2.39113657e+22 2.51965372e+22 2.64818025e+22 2.77622329e+22 2.90345510e+22 3.02973494e+22 3.15512383e+22 3.27989279e+22 3.40452544e+22 3.52971621e+22 3.65636512e+22 3.78557019e+22 3.91861792e+22 4.05697229e+22 4.20226203e+22 4.35626602e+22 4.52089613e+22 4.69817695e+22 4.89022159e+22 5.09920294e+22 5.32731969e+22 5.57675676e+22 5.84963990e+22 6.14798452e+22 6.47363908e+22 6.82822390e+22 7.21306624e+22 7.62913337e+22 8.07696510e+22 8.55660817e+22 9.06755454e+22 9.60868637e+22 1.01782301e+23 1.07737225e+23 1.13919906e+23 1.20291486e+23 1.26806126e+23 1.33411357e+23 1.40048626e+23 1.46654050e+23 1.53159373e+23 1.59493096e+23 1.65581773e+23 1.71351428e+23 1.76729073e+23 1.81644270e+23 1.86030695e+23 1.89827660e+23 1.92981539e+23 1.95447047e+23 1.97188345e+23 1.98179914e+23 1.98407175e+23 1.97866843e+23 1.96566984e+23 1.94526793e+23 1.91776090e+23 1.88354548e+23 1.84310705e+23 1.79700759e+23 1.74587220e+23 1.69037444e+23 1.63122113e+23 1.56913688e+23 1.50484910e+23 1.43907363e+23 1.37250159e+23 1.30578767e+23 1.23954011e+23 1.17431256e+23 1.11059794e+23 1.04882429e+23
3.55845869e+21 3.59514390e+21 3.63337961e+21 3.67328841e+21 3.71501045e+21 3.75870625e+21 3.80455992e+21 3.85278290e+21 3.90361825e+21 3.95734550e+21 4.01428635e+21 4.07481104e+21 4.13934568e+21 4.20838054e+21 4.28247938e+21 4.36229000e+21 4.44855597e+21 4.54212956e+21 4.64398610e+21 4.75523936e+21 4.87715818e+21 5.01118385e+21 5.15894797e+21 5.32229022e+21 5.50327519e+21 5.70420722e+21 5.92764183e+21 6.17639188e+21 6.45352629e+21 6.76235871e+21 7.10642308e+21 7.48943297e+21 7.91522139e+21 8.38765822e+21 8.91054315e+21 9.48747351e+21 1.01216883e+22 1.08158929e+22 1.15720713e+22 1.23912988e+22 1.32735678e+22 1.42176460e+22 1.52209847e+22 1.62796946e+22 1.73886040e+22 1.85414044e+22 1.97308855e+22 2.09492466e+22 2.21884682e+22 2.34407173e+22 2.46987589e+22 2.59563469e+22 2.72085717e+22 2.84521471e+22 2.96856302e+22 3.09095719e+22 3.21266050e+22 3.33414774e+22 3.45610438e+22 3.57942243e+22 3.70519407e+22 3.83470335e+22 3.96941653e+22 4.11097064e+22 4.26116015e+22 4.42192091e+22 4.59531095e+22 4.78348705e+22 4.98867652e+22 5.21314346e+22 5.45914901e+22 5.72890541e+22 6.02452373e+22 6.34795577e+22 6.70093076e+22 7.08488801e+22 7.50090692e+22 7.94963617e+22 8.43122437e+22 8.94525452e+22 9.49068499e+22 1.00657997e+23 1.06681706e+23 1.12946341e+23 1.19412858e+23 1.26034928e+23 1.32759279e+23 1.39526240e+23 1.46270510e+23 1.52922125e+23 1.59407628e+23 1.65651398e+23 1.71577125e+23 1.77109376e+23 1.82175225e+23 1.86705884e+23 1.90638286e+23 1.93916577e+23 1.96493461e+23 1.98331354e+23 1.99403304e+23 1.99693648e+23 1.99198391e+23 1.97925274e+23 1.95893552e+23 1.93133474e+23 1.89685498e+23 1.85599253e+23 1.80932309e+23 1.75748767e+23 1.70117751e+23 1.64111823e+23 1.57805392e+23 1.51273150e+23 1.44588595e+23 1.37822665e+23 1.31042533e+23 1.24310574e+23 1.17683524e+23 1.11211853e+23 1.04939339e+23
3.48139050e+21 3.51726738e+21 3.55466149e+21 3.59369281e+21 3.63449852e+21 3.67723572e+21 3.72208460e+21 3.76925210e+21 3.81897607e+21 3.87153007e+21 3.92722892e+21 3.98643491e+21 4.04956504e+21 4.11709903e+21 4.18958856e+21 4.26766753e+21 4.35206349e+21 4.44361044e+21 4.54326271e+21 4.65211013e+21 4.77139428e+21 4.90252544e+21 5.04710014e+21 5.20691853e+21 5.38400081e+21 5.58060183e+21 5.79922219e+21 6.04261434e+21 6.31378129e+21 6.61596552e+21 6.95262504e+21 7.32739358e+21 7.74402163e+21 8.20629556e+21 8.71793276e+21 9.28245211e+21 9.90302114e+21 1.05822841e+22 1.13221780e+22 1.21237486e+22 1.29869795e+22 1.39106524e+22 1.48922569e+22 1.59279658e+22 1.70126909e+22 1.81402250e+22 1.93034708e+22 2.04947459e+22 2.17061452e+22 2.29299387e+22 2.41589747e+22 2.53870643e+22 2.66093231e+22 2.78224558e+22 2.90249753e+22 3.02173552e+22 3.14021218e+22 3.25838943e+22 3.37693846e+22 3.49673664e+22 3.61886221e+22 3.74458732e+22 3.87536961e+22 4.01284213e+22 4.15880132e+22 4.31519229e+22 4.48409074e+22 4.66768058e+22 4.86822657e+22 5.08804111e+22 5.32944481e+22 5.59472029e+22 5.88605946e+22 6.20550435e+22 6.55488234e+22 6.93573674e+22 7.34925434e+22 7.79619169e+22 8.27680245e+22 8.79076825e+22 9.33713591e+22 9.91426393e+22 1.05197810e+23 1.11505598e+23 1.18027077e+23 1.24715777e+23 1.31518005e+23 1.38373385e+23 1.45215627e+23 1.51973507e+23 1.58572059e+23 1.64933939e+23 1.70980937e+23 1.76635595e+23 1.81822890e+23 1.86471921e+23 1.90517554e+23 1.93901975e+23 1.96576090e+23 1.98500726e+23 1.99647597e+23 2.00000000e+23 1.99553209e+23 1.98314563e+23 1.96303245e+23 1.93549749e+23 1.90095081e+23 1.85989689e+23 1.81292194e+23 1.76067949e+23 1.70387470e+23 1.64324814e+23 1.57955935e+23 1.51357075e+23 1.44603245e+23 1.37766821e+23 1.30916307e+23 1.24115272e+23 1.17421501e+23 1.10886344e+23 1.04554293e+23
3.39852410e+21 3.43353354e+21 3.47002437e+21 3.50811376e+21 3.54793567e+21 3.58964353e+21 3.63341329e+21 3.67944703e+21 3.72797699e+21 3.77927031e+21 3.83363437e+21 3.89142293e+21 3.95304313e+21 4.01896337e+21 4.08972231e+21 4.16593883e+21 4.24832331e+21 4.33769000e+21 4.43497066e+21 4.54122935e+21 4.65767826e+21 4.78569431e+21 4.92683628e+21 5.08286171e+21 5.25574307e+21 5.44768187e+21 5.66111962e+21 5.89874374e+21 6.16348629e+21 6.45851315e+21 6.78720066e+21 7.15309668e+21 7.55986302e+21 8.01119640e+21 8.51072598e+21 9.06188671e+21 9.66776995e+21 1.03309553e+22 1.10533307e+22 1.18359121e+22 1.26786763e+22 1.35804238e+22 1.45386894e+22 1.55497182e+22 1.66085182e+22 1.77089987e+22 1.88441926e+22 2.00065532e+22 2.11883086e+22 2.23818489e+22 2.35801208e+22 2.47770037e+22 2.59676450e+22 2.71487406e+22 2.83187514e+22 2.94780569e+22 3.06290500e+22 3.17761827e+22 3.29259731e+22 3.40869834e+22 3.52697783e+22 3.64868665e+22 3.77526295e+22 3.90832347e+22 4.04965290e+22 4.20119053e+22 4.36501353e+22 4.54331587e+22 4.73838202e+22 4.95255475e+22 5.18819624e+22 5.44764238e+22 5.73314988e+22 6.04683672e+22 6.39061637e+22 6.76612698e+22 7.17465700e+22 7.61706900e+22 8.09372422e+22 8.60441016e+22 9.14827436e+22 9.72376718e+22 1.03285968e+23 1.09596991e+23 1.16132257e+23 1.22845520e+23 1.29683067e+23 1.36584248e+23 1.43482238e+23 1.50305026e+23 1.56976610e+23 1.63418395e+23 1.69550728e+23 1.75294561e+23 1.80573179e+23 1.85313935e+23 1.89449952e+23 1.92921726e+23 1.95678578e+23 1.97679903e+23 1.98896180e+23 1.99309696e+23 1.98914968e+23 1.97718846e+23 1.95740296e+23 1.93009863e+23 1.89568850e+23 1.85468239e+23 1.80767377e+23 1.75532506e+23 1.69835156e+23 1.63750480e+23 1.57355569e+23 1.50727805e+23 1.43943303e+23 1.37075483e+23 1.30193797e+23 1.23362654e+23 1.16640552e+23 1.10079425e+23 1.03724208e+23
3.31035719e+21 3.34444529e+21 3.37997659e+21 3.41706526e+21 3.45584183e+21 3.49645578e+21 3.53907858e+21 3.58390710e+21 3.63116762e+21 3.68112041e+21 3.73406494e+21 3.79034588e+21 3.85035985e+21 3.91456320e+21 3.98348068e+21 4.05771523e+21 4.13795888e+21 4.22500487e+21 4.31976092e+21 4.42326362e+21 4.53669386e+21 4.66139303e+21 4.79887966e+21 4.95086596e+21 5.11927349e+21 5.30624700e+21 5.51416503e+21 5.74564571e+21 6.00354555e+21 6.29094885e+21 6.61114497e+21 6.96759037e+21 7.36385250e+21 7.80353274e+21 8.29016651e+21 8.82709975e+21 9.41734327e+21 1.00634086e+22 1.07671326e+22 1.15295011e+22 1.23504857e+22 1.32289095e+22 1.41623594e+22 1.51471616e+22 1.61784319e+22 1.72502098e+22 1.83556740e+22 1.94874305e+22 2.06378572e+22 2.17994806e+22 2.29653601e+22 2.41294545e+22 2.52869499e+22 2.64345339e+22 2.75706094e+22 2.86954470e+22 2.98112817e+22 3.09223626e+22 3.20349661e+22 3.31573823e+22 3.42998823e+22 3.54746719e+22 3.66958323e+22 3.79792469e+22 3.93425089e+22 4.08048031e+22 4.23867532e+22 4.41102262e+22 4.59980836e+22 4.80738713e+22 5.03614432e+22 5.28845107e+22 5.56661204e+22 5.87280587e+22 6.20901914e+22 6.57697471e+22 6.97805598e+22 7.41322894e+22 7.88296423e+22 8.38716202e+22 8.92508255e+22 9.49528542e+22 1.00955809e+23 1.07229964e+23 1.13737606e+23 1.20433086e+23 1.27263085e+23 1.34167126e+23 1.41078319e+23 1.47924345e+23 1.54628659e+23 1.61111893e+23 1.67293423e+23 1.73093054e+23 1.78432786e+23 1.83238597e+23 1.87442187e+23 1.90982628e+23 1.93807865e+23 1.95876010e+23 1.97156390e+23 1.97630304e+23 1.97291475e+23 1.96146167e+23 1.94212970e+23 1.91522273e+23 1.88115429e+23 1.84043650e+23 1.79366683e+23 1.74151301e+23 1.68469665e+23 1.62397628e+23 1.56013011e+23 1.49393931e+23 1.42617209e+23 1.35756911e+23 1.28883068e+23 1.22060577e+23 1.15348323e+23 1.08798525e+23 1.02456302e+23
3.21740960e+21 3.25052790e+21 3.28504906e+21 3.32108411e+21 3.35875995e+21 3.39822191e+21 3.43963667e+21 3.48319564e+21 3.52911879e+21 3.57765914e+21 3.62910782e+21 3.68379985e+21 3.74212081e+21 3.80451429e+21 3.87149039e+21 3.94363518e+21 4.02162136e+21 4.10621999e+21 4.19831341e+21 4.29890921e+21 4.40915527e+21 4.53035546e+21 4.66398587e+21 4.81171083e+21 4.97539820e+21 5.15713278e+21 5.35922669e+21 5.58422494e+21 5.83490426e+21 6.11426290e+21 6.42549841e+21 6.77197082e+21 7.15714805e+21 7.58453095e+21 8.05755617e+21 8.57947601e+21 9.15321663e+21 9.78121837e+21 1.04652649e+22 1.12063117e+22 1.20043264e+22 1.28581581e+22 1.37654517e+22 1.47226222e+22 1.57249038e+22 1.67664788e+22 1.78406855e+22 1.89402981e+22 2.00578598e+22 2.11860486e+22 2.23180501e+22 2.34479135e+22 2.45708704e+22 2.56836021e+22 2.67844487e+22 2.78735598e+22 2.89529910e+22 3.00267568e+22 3.11008487e+22 3.21832282e+22 3.32838031e+22 3.44143916e+22 3.55886744e+22 3.68221351e+22 3.81319819e+22 3.95370452e+22 4.10576411e+22 4.27153926e+22 4.45329972e+22 4.65339338e+22 4.87421005e+22 5.11813784e+22 5.38751188e+22 5.68455558e+22 6.01131488e+22 6.36958640e+22 6.76084103e+22 7.18614468e+22 7.64607858e+22 8.14066173e+22 8.66927856e+22 9.23061497e+22 9.82260600e+22 1.04423985e+23 1.10863314e+23 1.17499373e+23 1.24279658e+23 1.31144312e+23 1.38026856e+23 1.44855152e+23 1.51552600e+23 1.58039549e+23 1.64234865e+23 1.70057649e+23 1.75429023e+23 1.80273946e+23 1.84523005e+23 1.88114101e+23 1.90993997e+23 1.93119654e+23 1.94459314e+23 1.94993298e+23 1.94714477e+23 1.93628416e+23 1.91753169e+23 1.89118754e+23 1.85766312e+23 1.81746996e+23 1.77120624e+23 1.71954145e+23 1.66319983e+23 1.60294307e+23 1.53955281e+23 1.47381365e+23 1.40649699e+23 1.33834630e+23 1.27006407e+23 1.20230079e+23 1.13564611e+23 1.07062225e+23 1.00767974e+23
3.12021817e+21 3.15232379e+21 3.18579007e+21 3.22072469e+21 3.25725077e+21 3.29550929e+21 3.33566194e+21 3.37789437e+21 3.42241998e+21 3.46948417e+21 3.51936932e+21 3.57240041e+21 3.62895140e+21 3.68945256e+21 3.75439861e+21 3.82435802e+21 3.89998322e+21 3.98202206e+21 4.07133031e+21 4.16888523e+21 4.27580013e+21 4.39333963e+21 4.52293537e+21 4.66620159e+21 4.82494992e+21 5.00120245e+21 5.19720172e+21 5.41541622e+21 5.65853920e+21 5.92947879e+21 6.23133645e+21 6.56737130e+21 6.94094707e+21 7.35545947e+21 7.81424185e+21 8.32044862e+21 8.87691766e+21 9.48601519e+21 1.01494699e+22 1.08682061e+22 1.16421889e+22 1.24702964e+22 1.33502358e+22 1.42785187e+22 1.52505066e+22 1.62605354e+22 1.73021161e+22 1.83682044e+22 1.94515233e+22 2.05449163e+22 2.16417079e+22 2.27360483e+22 2.38232220e+22 2.48999067e+22 2.59643775e+22 2.70166528e+22 2.80585916e+22 2.90939466e+22 3.01283865e+22 3.11694945e+22 3.22267522e+22 3.33115125e+22 3.44369636e+22 3.56180812e+22 3.68715651e+22 3.82157521e+22 3.96704977e+22 4.12570146e+22 4.29976607e+22 4.49156645e+22 4.70347827e+22 4.93788820e+22 5.19714421e+22 5.48349821e+22 5.79904122e+22 6.14563208e+22 6.52482094e+22 6.93776944e+22 7.38516973e+22 7.86716503e+22 8.38327475e+22 8.93232748e+22 9.51240509e+22 1.01208014e+23 1.07539986e+23 1.14076640e+23 1.20766703e+23 1.27551388e+23 1.34365096e+23 1.41136354e+23 1.47788994e+23 1.54243555e+23 1.60418856e+23 1.66233716e+23 1.71608767e+23 1.76468294e+23 1.80742057e+23 1.84367020e+23 1.87288933e+23 1.89463713e+23 1.90858564e+23 1.91452814e+23 1.91238412e+23 1.90220097e+23 1.88415212e+23 1.85853184e+23 1.82574688e+23 1.78630525e+23 1.74080268e+23 1.68990709e+23 1.63434184e+23 1.57486816e+23 1.51226751e+23 1.44732431e+23 1.38080962e+23 1.31346628e+23 1.24599571e+23 1.17904684e+23 1.11320728e+23 1.04899669e+23 9.86862631e+22
3.01933165e+21 3.05038743e+21 3.08276001e+21 3.11655361e+21 3.15188741e+21 3.18889786e+21 3.22774146e+21 3.26859789e+21 3.31167368e+21 3.35720635e+21 3.40546919e+21 3.45677670e+21 3.51149082e+21 3.57002793e+21 3.63286683e+21 3.70055765e+21 3.77373178e+21 3.85311297e+21 3.93952937e+21 4.03392674e+21 4.13738247e+21 4.25112040e+21 4.37652600e+21 4.51516147e+21 4.66878002e+21 4.83933858e+21 5.02900741e+21 5.24017547e+21 5.47544927e+21 5.73764330e+21 6.02975920e+21 6.35495119e+21 6.71647479e+21 7.11761644e+21 7.56160222e+21 8.05148496e+21 8.59001094e+21 9.17946967e+21 9.82153314e+21 1.05170941e+22 1.12661156e+22 1.20675073e+22 1.29190433e+22 1.38173375e+22 1.47578868e+22 1.57351903e+22 1.67429429e+22 1.77742942e+22 1.88221598e+22 1.98795613e+22 2.09399743e+22 2.19976602e+22 2.30479640e+22 2.40875642e+22 2.51146698e+22 2.61291622e+22 2.71326897e+22 2.81287219e+22 2.91225728e+22 3.01214052e+22 3.11342196e+22 3.21718359e+22 3.32468671e+22 3.43736833e+22 3.55683627e+22 3.68486204e+22 3.82337073e+22 3.97442695e+22 4.14021568e+22 4.32301714e+22 4.52517476e+22 4.74905566e+22 4.99700318e+22 5.27128134e+22 5.57401174e+22 5.90710337e+22 6.27217682e+22 6.67048449e+22 7.10282891e+22 7.56948197e+22 8.07010787e+22 8.60369329e+22 9.16848796e+22 9.76195932e+22 1.03807645e+23 1.10207425e+23 1.16769292e+23 1.23435970e+23 1.30143198e+23 1.36820641e+23 1.43393034e+23 1.49781566e+23 1.55905444e+23 1.61683615e+23 1.67036583e+23 1.71888275e+23 1.76167884e+23 1.79811638e+23 1.82764414e+23 1.84981165e+23 1.86428078e+23 1.87083444e+23 1.86938200e+23 1.85996119e+23 1.84273645e+23 1.81799394e+23 1.78613320e+23 1.74765595e+23 1.70315247e+23 1.65328599e+23 1.59877575e+23 1.54037930e+23 1.47887463e+23 1.41504277e+23 1.34965134e+23 1.28343951e+23 1.21710476e+23 1.15129178e+23 1.08658362e+23 1.02349514e+23 9.62468895e+22
2.91530556e+21 2.94528012e+21 2.97652620e+21 3.00914449e+21 3.04325005e+21 3.07897468e+21 3.11646950e+21 3.15590805e+21 3.19748978e+21 3.24144403e+21 3.28803474e+21 3.33756559e+21 3.39038610e+21 3.44689834e+21 3.50756466e+21 3.57291625e+21 3.64356284e+21 3.72020325e+21 3.80363719e+21 3.89477786e+21 3.99466563e+21 4.10448224e+21 4.22556553e+21 4.35942397e+21 4.50775053e+21 4.67243483e+21 4.85557260e+21 5.05947070e+21 5.28664611e+21 5.53981667e+21 5.82188099e+21 6.13588501e+21 6.48497256e+21 6.87231731e+21 7.30103465e+21 7.77407259e+21 8.29408298e+21 8.86327634e+21 9.48326640e+21 1.01549137e+22 1.08781802e+22 1.16520089e+22 1.24742444e+22 1.33416079e+22 1.42497385e+22 1.51933071e+22 1.61662019e+22 1.71617773e+22 1.81731529e+22 1.91935400e+22 2.02165764e+22 2.12366448e+22 2.22491586e+22 2.32508026e+22 2.42397212e+22 2.52156554e+22 2.61800343e+22 2.71360276e+22 2.80885707e+22 2.90443714e+22 3.00119044e+22 3.10013991e+22 3.20248223e+22 3.30958536e+22 3.42298492e+22 3.54437867e+22 3.67561824e+22 3.81869714e+22 3.97573389e+22 4.14894944e+22 4.34063776e+22 4.55312902e+22 4.78874480e+22 5.04974511e+22 5.33826747e+22 5.65625871e+22 6.00540049e+22 6.38703019e+22 6.80205925e+22 7.25089154e+22 7.73334462e+22 8.24857729e+22 8.79502681e+22 9.37035939e+22 9.97143741e+22 1.05943065e+23 1.12342049e+23 1.18855980e+23 1.25422381e+23 1.31972502e+23 1.38432433e+23 1.44724452e+23 1.50768564e+23 1.56484221e+23 1.61792133e+23 1.66616150e+23 1.70885126e+23 1.74534716e+23 1.77509033e+23 1.79762107e+23 1.81259095e+23 1.81977188e+23 1.81906192e+23 1.81048755e+23 1.79420231e+23 1.77048198e+23 1.73971642e+23 1.70239840e+23 1.65911001e+23 1.61050693e+23 1.55730145e+23 1.50024458e+23 1.44010805e+23 1.37766680e+23 1.31368233e+23 1.24888765e+23 1.18397393e+23 1.11957938e+23 1.05628042e+23 9.94585205e+22 9.34929607e+22
2.80869720e+21 2.83756493e+21 2.86765777e+21 2.89907271e+21 2.93192067e+21 2.96632861e+21 3.00244219e+21 3.04042861e+21 3.08048003e+21 3.12281748e+21 3.16769523e+21 3.21540591e+21 3.26628627e+21 3.32072373e+21 3.37916374e+21 3.44211812e+21 3.51017432e+21 3.58400565e+21 3.66438261e+21 3.75218506e+21 3.84841537e+21 3.95421212e+21 4.07086430e+21 4.19982530e+21 4.34272626e+21 4.50138785e+21 4.67782928e+21 4.87427323e+21 5.09314487e+21 5.33706288e+21 5.60882016e+21 5.91135163e+21 6.24768649e+21 6.62088275e+21 7.03394223e+21 7.48970545e+21 7.99072744e+21 8.53913777e+21 9.13649065e+21 9.78361396e+21 1.04804688e+22 1.12260333e+22 1.20182252e+22 1.28538776e+22 1.37287773e+22 1.46377741e+22 1.55749575e+22 1.65338963e+22 1.75079237e+22 1.84904517e+22 1.94752901e+22 2.04569524e+22 2.14309294e+22 2.23939181e+22 2.33440023e+22 2.42807828e+22 2.52054647e+22 2.61209077e+22 2.70316519e+22 2.79439246e+22 2.88656399e+22 2.98063909e+22 3.07774407e+22 3.17917072e+22 3.28637393e+22 3.40096770e+22 3.52471873e+22 3.65953651e+22 3.80745893e+22 3.97063237e+22 4.15128530e+22 4.35169447e+22 4.57414333e+22 4.82087210e+22 5.09401981e+22 5.39555860e+22 5.72722129e+22 6.09042371e+22 6.48618369e+22 6.91503909e+22 7.37696784e+22 7.87131326e+22 8.39671795e+22 8.95107012e+22 9.53146573e+22 1.01341899e+23 1.07547203e+23 1.13877550e+23 1.20272665e+23 1.26665812e+23 1.32984859e+23 1.39153579e+23 1.45093162e+23 1.50723903e+23 1.55967019e+23 1.60746528e+23 1.64991130e+23 1.68636036e+23 1.71624658e+23 1.73910112e+23 1.75456477e+23 1.76239746e+23 1.76248454e+23 1.75483947e+23 1.73960284e+23 1.71703780e+23 1.68752211e+23 1.65153714e+23 1.60965424e+23 1.56251909e+23 1.51083457e+23 1.45534278e+23 1.39680695e+23 1.33599373e+23 1.27365649e+23 1.21052009e+23 1.14726758e+23 1.08452899e+23 1.02287253e+23 9.62798228e+22 9.04733942e+22
2.70006076e+21 2.72780180e+21 2.75672061e+21 2.78691046e+21 2.81847797e+21 2.85154523e+21 2.88625228e+21 2.92275986e+21 2.96125275e+21 3.00194341e+21 3.04507633e+21 3.09093284e+21 3.13983667e+21 3.19216028e+21 3.24833192e+21 3.30884365e+21 3.37426019e+21 3.44522887e+21 3.52249038e+21 3.60689059e+21 3.69939313e+21 3.80109259e+21 3.91322813e+21 4.03719698e+21 4.17456726e+21 4.32708930e+21 4.49670431e+21 4.68554911e+21 4.89595523e+21 5.13044023e+21 5.39168922e+21 5.68252383e+21 6.00585636e+21 6.36462684e+21 6.76172126e+21 7.19987046e+21 7.68153075e+21 8.20874920e+21 8.78301939e+21 9.40513608e+21 1.00750599e+22 1.07918053e+22 1.15533656e+22 1.23566889e+22 1.31977146e+22 1.40714767e+22 1.49722735e+22 1.58938953e+22 1.68298982e+22 1.77739033e+22 1.87199023e+22 1.96625489e+22 2.05974194e+22 2.15212309e+22 2.24320122e+22 2.33292273e+22 2.42138573e+22 2.50884482e+22 2.59571343e+22 2.68256472e+22 2.77013157e+22 2.85930640e+22 2.95114074e+22 3.04684460e+22 3.14778528e+22 3.25548476e+22 3.37161509e+22 3.49799060e+22 3.63655608e+22 3.78936971e+22 3.95857979e+22 4.14639446e+22 4.35504361e+22 4.58673260e+22 4.84358780e+22 5.12759405e+22 5.44052505e+22 5.78386773e+22 6.15874258e+22 6.56582197e+22 7.00524950e+22 7.47656334e+22 7.97862707e+22 8.50957175e+22 9.06675281e+22 9.64672525e+22 1.02452403e+23 1.08572661e+23 1.14770342e+23 1.20981124e+23 1.27135048e+23 1.33157757e+23 1.38971970e+23 1.44499141e+23 1.49661251e+23 1.54382689e+23 1.58592151e+23 1.62224486e+23 1.65222432e+23 1.67538160e+23 1.69134582e+23 1.69986365e+23 1.70080607e+23 1.69417157e+23 1.68008561e+23 1.65879644e+23 1.63066741e+23 1.59616616e+23 1.55585110e+23 1.51035578e+23 1.46037167e+23 1.40663014e+23 1.34988420e+23 1.29089065e+23 1.23039329e+23 1.16910756e+23 1.10770715e+23 1.04681279e+23 9.86983460e+22 9.28710069e+22 8.72411590e+22
2.58994265e+21 2.61654279e+21 2.64427270e+21 2.67322184e+21 2.70349251e+21 2.73520184e+21 2.76848415e+21 2.80349366e+21 2.84040762e+21 2.87942986e+21 2.92079488e+21 2.96477257e+21 3.01167349e+21 3.06185490e+21 3.11572760e+21 3.17376361e+21 3.23650462e+21 3.30457157e+21 3.37867498e+21 3.45962621e+21 3.54834962e+21 3.64589516e+21 3.75345149e+21 3.87235887e+21 4.00412151e+21 4.15041839e+21 4.31311161e+21 4.49425093e+21 4.69607285e+21 4.92099241e+21 5.17158531e+21 5.45055828e+21 5.76070503e+21 6.10484586e+21 6.48574922e+21 6.90603471e+21 7.36805844e+21 7.87378379e+21 8.42464289e+21 9.02139704e+21 9.66400664e+21 1.03515233e+22 1.10820178e+22 1.18525558e+22 1.26592327e+22 1.34972714e+22 1.43611842e+22 1.52449897e+22 1.61424739e+22 1.70474750e+22 1.79541750e+22 1.88573765e+22 1.97527501e+22 2.06370415e+22 2.15082321e+22 2.23656556e+22 2.32100735e+22 2.40437192e+22 2.48703197e+22 2.56951034e+22 2.65248012e+22 2.73676473e+22 2.82333797e+22 2.91332416e+22 3.00799780e+22 3.10878247e+22 3.21724775e+22 3.33510368e+22 3.46419138e+22 3.60646899e+22 3.76399173e+22 3.93888535e+22 4.13331193e+22 4.34942776e+22 4.58933281e+22 4.85501210e+22 5.14826947e+22 5.47065479e+22 5.82338621e+22 6.20726950e+22 6.62261716e+22 7.06917025e+22 7.54602639e+22 8.05157762e+22 8.58346183e+22 9.13853135e+22 9.71284220e+22 1.03016667e+23 1.08995315e+23 1.15002827e+23 1.20971776e+23 1.26830021e+23 1.32502126e+23 1.37910971e+23 1.42979528e+23 1.47632724e+23 1.51799354e+23 1.55413953e+23 1.58418566e+23 1.60764345e+23 1.62412919e+23 1.63337464e+23 1.63523446e+23 1.62969001e+23 1.61684935e+23 1.59694350e+23 1.57031917e+23 1.53742815e+23 1.49881397e+23 1.45509627e+23 1.40695361e+23 1.35510530e+23 1.30029304e+23 1.24326288e+23 1.18474825e+23 1.12545451e+23 1.06604543e+23 1.00713193e+23 9.49263289e+22 8.92920852e+22 8.38514266e+22
2.47887709e+21 2.50432765e+21 2.53085952e+21 2.55855836e+21 2.58752209e+21 2.61786281e+21 2.64970910e+21 2.68320859e+21 2.71853092e+21 2.75587119e+21 2.79545387e+21 2.83753728e+21 2.88241866e+21 2.93043997e+21 2.98199440e+21 3.03753372e+21 3.09757641e+21 3.16271679e+21 3.23363488e+21 3.31110729e+21 3.39601871e+21 3.48937408e+21 3.59231107e+21 3.70611249e+21 3.83221804e+21 3.97223471e+21 4.12794475e+21 4.30131006e+21 4.49447128e+21 4.70973991e+21 4.94958128e+21 5.21658612e+21 5.51342842e+21 5.84280761e+21 6.20737350e+21 6.60963334e+21 7.05184211e+21 7.53587870e+21 8.06311323e+21 8.63427328e+21 9.24931917e+21 9.90734043e+21 1.06064862e+22 1.13439419e+22 1.21159614e+22 1.29179600e+22 1.37446679e+22 1.45903373e+22 1.54489895e+22 1.63146871e+22 1.71818095e+22 1.80453164e+22 1.89009818e+22 1.97455887e+22 2.05770808e+22 2.13946702e+22 2.21989072e+22 2.29917200e+22 2.37764329e+22 2.45577726e+22 2.53418699e+22 2.61362607e+22 2.69498910e+22 2.77931227e+22 2.86777401e+22 2.96169492e+22 3.06253642e+22 3.17189712e+22 3.29150600e+22 3.42321132e+22 3.56896417e+22 3.73079576e+22 3.91078754e+22 4.11103343e+22 4.33359391e+22 4.58044177e+22 4.85339992e+22 5.15407208e+22 5.48376775e+22 5.84342314e+22 6.23352065e+22 6.65400966e+22 7.10423201e+22 7.58285577e+22 8.08782102e+22 8.61630163e+22 9.16468630e+22 9.72858238e+22 1.03028446e+23 1.08816308e+23 1.14584843e+23 1.20264442e+23 1.25781792e+23 1.31061443e+23 1.36027540e+23 1.40605684e+23 1.44724837e+23 1.48319222e+23 1.51330139e+23 1.53707613e+23 1.55411829e+23 1.56414279e+23 1.56698575e+23 1.56260901e+23 1.55110081e+23 1.53267264e+23 1.50765234e+23 1.47647389e+23 1.43966423e+23 1.39782775e+23 1.35162900e+23 1.30177448e+23 1.24899404e+23 1.19402269e+23 1.13758340e+23 1.08037146e+23 1.02304081e+23 9.66192670e+22 9.10366721e+22 8.56034820e+22 8.03597307e+22
2.36738204e+21 2.39167967e+21 2.41700995e+21 2.44345472e+21 2.47110747e+21 2.50007529e+21 2.53048099e+21 2.56246554e+21 2.59619097e+21 2.63184362e+21 2.66963785e+21 2.70982038e+21 2.75267507e+21 2.79852852e+21 2.84775622e+21 2.90078962e+21 2.95812390e+21 3.02032660e+21 3.08804718e+21 3.16202730e+21 3.24311183e+21 3.33226051e+21 3.43055983e+21 3.53923486e+21 3.65966055e+21 3.79337157e+21 3.94207000e+21 4.10762949e+21 4.29209437e+21 4.49767218e+21 4.72671737e+21 4.98170413e+21 5.26518619e+21 5.57974156e+21 5.92790081e+21 6.31205832e+21 6.73436745e+21 7.19662218e+21 7.70013034e+21 8.24558568e+21 8.83294857e+21 9.46134679e+21 1.01290088e+22 1.08332407e+22 1.15704565e+22 1.23362662e+22 1.31256212e+22 1.39330105e+22 1.47526957e+22 1.55789687e+22 1.64064133e+22 1.72301537e+22 1.80460755e+22 1.88510093e+22 1.96428712e+22 2.04207634e+22 2.11850368e+22 2.19373261e+22 2.26805641e+22 2.34189861e+22 2.41581296e+22 2.49048366e+22 2.56672592e+22 2.64548709e+22 2.72784789e+22 2.81502341e+22 2.90836315e+22 3.00934934e+22 3.11959250e+22 3.24082329e+22 3.37487959e+22 3.52368775e+22 3.68923719e+22 3.87354740e+22 4.07862696e+22 4.30642421e+22 4.55876971e+22 4.83731114e+22 5.14344155e+22 5.47822266e+22 5.84230533e+22 6.23584988e+22 6.65844936e+22 7.10905948e+22 7.58593882e+22 8.08660330e+22 8.60779876e+22 9.14549506e+22 9.69490449e+22 1.02505269e+23 1.08062220e+23 1.13553101e+23 1.18906976e+23 1.24050273e+23 1.28908476e+23 1.33407951e+23 1.37477866e+23 1.41052108e+23 1.44071140e+23 1.46483717e+23 1.48248390e+23 1.49334738e+23 1.49724271e+23 1.49410963e+23 1.48401400e+23 1.46714533e+23 1.44381046e+23 1.41442371e+23 1.37949398e+23 1.33960933e+23 1.29541968e+23 1.24761842e+23 1.19692364e+23 1.14405963e+23 1.08973943e+23 1.03464895e+23 9.79433007e+22 9.24683874e+22 8.70932308e+22 8.18641267e+22 7.68202255e+22
