AXIS X
0.00000000e+00 2.50000000e-03 5.00000000e-03 7.50000000e-03 1.00000000e-02 1.25000000e-02 1.50000000e-02 1.75000000e-02 2.00000000e-02 2.25000000e-02 2.50000000e-02 2.75000000e-02 3.00000000e-02 3.25000000e-02 3.50000000e-02 3.75000000e-02 4.00000000e-02 4.25000000e-02 4.50000000e-02 4.75000000e-02 5.00000000e-02 5.25000000e-02 5.50000000e-02 5.75000000e-02 6.00000000e-02 6.25000000e-02 6.50000000e-02 6.75000000e-02 7.00000000e-02 7.25000000e-02 7.50000000e-02 7.75000000e-02 8.00000000e-02 8.25000000e-02 8.50000000e-02 8.75000000e-02 9.00000000e-02 9.25000000e-02 9.50000000e-02 9.75000000e-02 1.00000000e-01 1.02500000e-01 1.05000000e-01 1.07500000e-01 1.10000000e-01 1.12500000e-01 1.15000000e-01 1.17500000e-01 1.20000000e-01 1.22500000e-01 1.25000000e-01 1.27500000e-01 1.30000000e-01 1.32500000e-01 1.35000000e-01 1.37500000e-01 1.40000000e-01 1.42500000e-01 1.45000000e-01 1.47500000e-01 1.50000000e-01 1.52500000e-01 1.55000000e-01 1.57500000e-01 1.60000000e-01 1.62500000e-01 1.65000000e-01 1.67500000e-01 1.70000000e-01 1.72500000e-01 1.75000000e-01 1.77500000e-01 1.80000000e-01 1.82500000e-01 1.85000000e-01 1.87500000e-01 1.90000000e-01 1.92500000e-01 1.95000000e-01 1.97500000e-01 2.00000000e-01 2.02500000e-01 2.05000000e-01 2.07500000e-01 2.10000000e-01 2.12500000e-01 2.15000000e-01 2.17500000e-01 2.20000000e-01 2.22500000e-01 2.25000000e-01 2.27500000e-01 2.30000000e-01 2.32500000e-01 2.35000000e-01 2.37500000e-01 2.40000000e-01 2.42500000e-01 2.45000000e-01 2.47500000e-01 2.50000000e-01

AXIS Y
0.00000000e+00 1.87500000e-03 3.75000000e-03 5.62500000e-03 7.50000000e-03 9.37500000e-03 1.12500000e-02 1.31250000e-02 1.50000000e-02 1.68750000e-02 1.87500000e-02 2.06250000e-02 2.25000000e-02 2.43750000e-02 2.62500000e-02 2.81250000e-02 3.00000000e-02 3.18750000e-02 3.37500000e-02 3.56250000e-02 3.75000000e-02 3.93750000e-02 4.12500000e-02 4.31250000e-02 4.50000000e-02 4.68750000e-02 4.87500000e-02 5.06250000e-02 5.25000000e-02 5.43750000e-02 5.62500000e-02 5.81250000e-02 6.00000000e-02 6.18750000e-02 6.37500000e-02 6.56250000e-02 6.75000000e-02 6.93750000e-02 7.12500000e-02 7.31250000e-02 7.50000000e-02 7.68750000e-02 7.87500000e-02 8.06250000e-02 8.25000000e-02 8.43750000e-02 8.62500000e-02 8.81250000e-02 9.00000000e-02 9.18750000e-02 9.37500000e-02 9.56250000e-02 9.75000000e-02 9.93750000e-02 1.01250000e-01 1.03125000e-01 1.05000000e-01 1.06875000e-01 1.08750000e-01 1.10625000e-01 1.12500000e-01 1.14375000e-01 1.16250000e-01 1.18125000e-01 1.20000000e-01 1.21875000e-01 1.23750000e-01 1.25625000e-01 1.27500000e-01 1.29375000e-01 1.31250000e-01 1.33125000e-01 1.35000000e-01 1.36875000e-01 1.38750000e-01 1.40625000e-01 1.42500000e-01 1.44375000e-01 1.46250000e-01 1.48125000e-01 1.50000000e-01 1.51875000e-01 1.53750000e-01 1.55625000e-01 1.57500000e-01 1.59375000e-01 1.61250000e-01 1.63125000e-01 1.65000000e-01 1.66875000e-01 1.68750000e-01 1.70625000e-01 1.72500000e-01 1.74375000e-01 1.76250000e-01 1.78125000e-01 1.80000000e-01 1.81875000e-01 1.83750000e-01 1.85625000e-01 1.87500000e-01 1.89375000e-01 1.91250000e-01 1.93125000e-01 1.95000000e-01 1.96875000e-01 1.98750000e-01 2.00625000e-01 2.02500000e-01 2.04375000e-01 2.06250000e-01 2.08125000e-01 2.10000000e-01 2.11875000e-01 2.13750000e-01 2.15625000e-01 2.17500000e-01 2.19375000e-01 2.21250000e-01 2.23125000e-01 2.25000000e-01 2.26875000e-01 2.28750000e-01 2.30625000e-01 2.32500000e-01 2.34375000e-01 2.36250000e-01 2.38125000e-01 2.40000000e-01 2.41875000e-01 2.43750000e-01 2.45625000e-01 2.47500000e-01 2.49375000e-01 2.51250000e-01 2.53125000e-01 2.55000000e-01 2.56875000e-01 2.58750000e-01 2.60625000e-01 2.62500000e-01 2.64375000e-01 2.66250000e-01 2.68125000e-01 2.70000000e-01 2.71875000e-01 2.73750000e-01 2.75625000e-01 2.77500000e-01 2.79375000e-01 2.81250000e-01 2.83125000e-01 2.85000000e-01 2.86875000e-01 2.88750000e-01 2.90625000e-01 2.92500000e-01 2.94375000e-01 2.96250000e-01 2.98125000e-01 3.00000000e-01

DATA
6.16718190e-05 6.07529511e-05 5.98894788e-05 5.90764510e-05 5.83092937e-05 5.75837802e-05 5.68960038e-05 5.62423529e-05 5.56194880e-05 5.50243209e-05 5.44539957e-05 5.39058707e-05 5.33775029e-05 5.28666328e-05 5.23711712e-05 5.18891860e-05 5.14188915e-05 5.09586371e-05 5.05068980e-05 5.00622658e-05 4.96234407e-05 4.91892233e-05 4.87585077e-05 4.83302749e-05 4.79035868e-05 4.74775806e-05 4.70514633e-05 4.66245074e-05 4.61960457e-05 4.57654676e-05 4.53322153e-05 4.48957796e-05 4.44556973e-05 4.40115472e-05 4.35629479e-05 4.31095545e-05 4.26510563e-05 4.21871742e-05 4.17176585e-05 4.12422864e-05 4.07608603e-05 4.02732059e-05 3.97791697e-05 3.92786179e-05 3.87714341e-05 3.82575180e-05 3.77367836e-05 3.72091576e-05 3.66745778e-05 3.61329919e-05 3.55843554e-05 3.50286306e-05 3.44657847e-05 3.38957886e-05 3.33186152e-05 3.27342379e-05 3.21426289e-05 3.15437577e-05 3.09375893e-05 3.03240826e-05 2.97031886e-05 2.90748483e-05 2.84389912e-05 2.77955326e-05 2.71443722e-05 2.64853913e-05 2.58184507e-05 2.51433880e-05 2.44600151e-05 2.37681152e-05 2.30674399e-05 2.23577061e-05 2.16385923e-05 2.09097352e-05 2.01707257e-05 1.94211048e-05 1.86603590e-05 1.78879156e-05 1.71031376e-05 1.63053182e-05 1.54936746e-05 1.46673418e-05 1.38253661e-05 1.29666968e-05 1.20901790e-05 1.11945446e-05 1.02784029e-05 9.34023093e-06 8.37836192e-06 7.39097390e-06 6.37607673e-06 5.33149820e-06 4.25486891e-06 3.14360584e-06 1.99489451e-06 8.05669491e-07 -4.27406753e-07 -1.70796701e-06 -3.03996458e-06 -4.42770084e-06 -5.87585545e-06
5.80712584e-05 5.72862328e-05 5.65524283e-05 5.58650536e-05 5.52196897e-05 5.46122600e-05 5.40390032e-05 5.34964478e-05 5.29813901e-05 5.24908729e-05 5.20221668e-05 5.15727523e-05 5.11403042e-05 5.07226771e-05 5.03178912e-05 4.99241207e-05 4.95396821e-05 4.91630237e-05 4.87927161e-05 4.84274431e-05 4.80659939e-05 4.77072552e-05 4.73502043e-05 4.69939030e-05 4.66374912e-05 4.62801815e-05 4.59212545e-05 4.55600534e-05 4.51959804e-05 4.48284918e-05 4.44570950e-05 4.40813446e-05 4.37008390e-05 4.33152176e-05 4.29241579e-05 4.25273728e-05 4.21246080e-05 4.17156397e-05 4.13002726e-05 4.08783373e-05 4.04496890e-05 4.00142048e-05 3.95717827e-05 3.91223392e-05 3.86658083e-05 3.82021391e-05 3.77312949e-05 3.72532517e-05 3.67679960e-05 3.62755243e-05 3.57758410e-05 3.52689569e-05 3.47548884e-05 3.42336556e-05 3.37052806e-05 3.31697867e-05 3.26271963e-05 3.20775296e-05 3.15208029e-05 3.09570272e-05 3.03862060e-05 2.98083339e-05 2.92233949e-05 2.86313597e-05 2.80321844e-05 2.74258080e-05 2.68121501e-05 2.61911084e-05 2.55625564e-05 2.49263405e-05 2.42822768e-05 2.36301486e-05 2.29697025e-05 2.23006453e-05 2.16226397e-05 2.09353009e-05 2.02381916e-05 1.95308177e-05 1.88126231e-05 1.80829846e-05 1.73412056e-05 1.65865101e-05 1.58180360e-05 1.50348277e-05 1.42358282e-05 1.34198708e-05 1.25856695e-05 1.17318095e-05 1.08567362e-05 9.95874326e-06 9.03596040e-06 8.08633923e-06 7.10763842e-06 6.09740738e-06 5.05296851e-06 3.97139785e-06 2.84950400e-06 1.68380505e-06 4.70503409e-07 -7.94541761e-07 -2.11584474e-06
5.38359948e-05 5.31907775e-05 5.25934233e-05 5.20392292e-05 5.15238655e-05 5.10433450e-05 5.05939959e-05 5.01724362e-05 4.97755505e-05 4.94004697e-05 4.90445512e-05 4.87053612e-05 4.83806591e-05 4.80683826e-05 4.77666337e-05 4.74736670e-05 4.71878777e-05 4.69077914e-05 4.66320545e-05 4.63594252e-05 4.60887652e-05 4.58190326e-05 4.55492745e-05 4.52786209e-05 4.50062786e-05 4.47315260e-05 4.44537076e-05 4.41722297e-05 4.38865562e-05 4.35962040e-05 4.33007399e-05 4.29997768e-05 4.26929704e-05 4.23800166e-05 4.20606484e-05 4.17346331e-05 4.14017705e-05 4.10618898e-05 4.07148481e-05 4.03605280e-05 3.99988359e-05 3.96296997e-05 3.92530678e-05 3.88689067e-05 3.84771999e-05 3.80779461e-05 3.76711579e-05 3.72568600e-05 3.68350882e-05 3.64058878e-05 3.59693120e-05 3.55254209e-05 3.50742800e-05 3.46159585e-05 3.41505284e-05 3.36780628e-05 3.31986342e-05 3.27123136e-05 3.22191684e-05 3.17192611e-05 3.12126475e-05 3.06993751e-05 3.01794811e-05 2.96529907e-05 2.91199148e-05 2.85802483e-05 2.80339674e-05 2.74810277e-05 2.69213610e-05 2.63548736e-05 2.57814423e-05 2.52009122e-05 2.46130930e-05 2.40177558e-05 2.34146290e-05 2.28033945e-05 2.21836834e-05 2.15550712e-05 2.09170730e-05 2.02691379e-05 1.96106436e-05 1.89408895e-05 1.82590908e-05 1.75643705e-05 1.68557519e-05 1.61321501e-05 1.53923625e-05 1.46350592e-05 1.38587720e-05 1.30618826e-05 1.22426099e-05 1.13989961e-05 1.05288917e-05 9.62993909e-06 8.69955449e-06 7.73490855e-06 6.73290496e-06 5.69015719e-06 4.60296291e-06 3.46727613e-06 2.27867648e-06
4.88158773e-05 4.83255928e-05 4.78800815e-05 4.74746909e-05 4.71051463e-05 4.67675193e-05 4.64581994e-05 4.61738686e-05 4.59114775e-05 4.56682243e-05 4.54415348e-05 4.52290447e-05 4.50285832e-05 4.48381580e-05 4.46559413e-05 4.44802580e-05 4.43095730e-05 4.41424815e-05 4.39776989e-05 4.38140518e-05 4.36504700e-05 4.34859786e-05 4.33196911e-05 4.31508033e-05 4.29785869e-05 4.28023843e-05 4.26216034e-05 4.24357131e-05 4.22442389e-05 4.20467588e-05 4.18428996e-05 4.16323337e-05 4.14147757e-05 4.11899795e-05 4.09577354e-05 4.07178677e-05 4.04702323e-05 4.02147143e-05 3.99512258e-05 3.96797043e-05 3.94001103e-05 3.91124260e-05 3.88166531e-05 3.85128118e-05 3.82009385e-05 3.78810849e-05 3.75533164e-05 3.72177104e-05 3.68743554e-05 3.65233493e-05 3.61647980e-05 3.57988144e-05 3.54255169e-05 3.50450280e-05 3.46574727e-05 3.42629779e-05 3.38616701e-05 3.34536744e-05 3.30391130e-05 3.26181035e-05 3.21907574e-05 3.17571782e-05 3.13174600e-05 3.08716852e-05 3.04199228e-05 2.99622263e-05 2.94986314e-05 2.90291536e-05 2.85537860e-05 2.80724963e-05 2.75852239e-05 2.70918776e-05 2.65923312e-05 2.60864210e-05 2.55739416e-05 2.50546420e-05 2.45282211e-05 2.39943235e-05 2.34525339e-05 2.29023723e-05 2.23432878e-05 2.17746525e-05 2.11957545e-05 2.06057909e-05 2.00038597e-05 1.93889512e-05 1.87599387e-05 1.81155682e-05 1.74544481e-05 1.67750364e-05 1.60756284e-05 1.53543426e-05 1.46091049e-05 1.38376324e-05 1.30374147e-05 1.22056946e-05 1.13394457e-05 1.04353490e-05 9.48976660e-06 8.49871334e-06 7.45782516e-06
4.29122824e-05 4.25994166e-05 4.23280079e-05 4.20934491e-05 4.18915160e-05 4.17183355e-05 4.15703569e-05 4.14443248e-05 4.13372556e-05 4.12464153e-05 4.11692995e-05 4.11036151e-05 4.10472635e-05 4.09983256e-05 4.09550475e-05 4.09158276e-05 4.08792052e-05 4.08438496e-05 4.08085500e-05 4.07722066e-05 4.07338224e-05 4.06924951e-05 4.06474106e-05 4.05978360e-05 4.05431140e-05 4.04826572e-05 4.04159430e-05 4.03425092e-05 4.02619491e-05 4.01739083e-05 4.00780803e-05 3.99742033e-05 3.98620573e-05 3.97414607e-05 3.96122679e-05 3.94743666e-05 3.93276756e-05 3.91721421e-05 3.90077403e-05 3.88344688e-05 3.86523494e-05 3.84614245e-05 3.82617564e-05 3.80534250e-05 3.78365267e-05 3.76111727e-05 3.73774876e-05 3.71356085e-05 3.68856828e-05 3.66278679e-05 3.63623290e-05 3.60892384e-05 3.58087739e-05 3.55211179e-05 3.52264554e-05 3.49249734e-05 3.46168591e-05 3.43022986e-05 3.39814753e-05 3.36545687e-05 3.33217526e-05 3.29831934e-05 3.26390485e-05 3.22894646e-05 3.19345752e-05 3.15744993e-05 3.12093386e-05 3.08391755e-05 3.04640708e-05 3.00840605e-05 2.96991535e-05 2.93093283e-05 2.89145301e-05 2.85146668e-05 2.81096057e-05 2.76991693e-05 2.72831310e-05 2.68612105e-05 2.64330688e-05 2.59983026e-05 2.55564386e-05 2.51069272e-05 2.46491355e-05 2.41823400e-05 2.37057186e-05 2.32183419e-05 2.27191636e-05 2.22070105e-05 2.16805711e-05 2.11383836e-05 2.05788230e-05 2.00000863e-05 1.94001771e-05 1.87768885e-05 1.81277845e-05 1.74501795e-05 1.67411164e-05 1.59973415e-05 1.52152787e-05 1.43909991e-05 1.35201898e-05
3.60805897e-05 3.59730379e-05 3.59029724e-05 3.58658547e-05 3.58575345e-05 3.58742162e-05 3.59124299e-05 3.59690040e-05 3.60410404e-05 3.61258925e-05 3.62211444e-05 3.63245926e-05 3.64342284e-05 3.65482229e-05 3.66649125e-05 3.67827860e-05 3.69004723e-05 3.70167302e-05 3.71304376e-05 3.72405829e-05 3.73462562e-05 3.74466418e-05 3.75410109e-05 3.76287155e-05 3.77091817e-05 3.77819048e-05 3.78464438e-05 3.79024172e-05 3.79494982e-05 3.79874107e-05 3.80159261e-05 3.80348595e-05 3.80440669e-05 3.80434417e-05 3.80329126e-05 3.80124409e-05 3.79820180e-05 3.79416635e-05 3.78914227e-05 3.78313655e-05 3.77615836e-05 3.76821896e-05 3.75933152e-05 3.74951093e-05 3.73877371e-05 3.72713783e-05 3.71462260e-05 3.70124853e-05 3.68703717e-05 3.67201107e-05 3.65619356e-05 3.63960868e-05 3.62228106e-05 3.60423578e-05 3.58549823e-05 3.56609400e-05 3.54604878e-05 3.52538814e-05 3.50413749e-05 3.48232186e-05 3.45996577e-05 3.43709308e-05 3.41372682e-05 3.38988898e-05 3.36560037e-05 3.34088039e-05 3.31574683e-05 3.29021561e-05 3.26430059e-05 3.23801326e-05 3.21136251e-05 3.18435426e-05 3.15699124e-05 3.12927254e-05 3.10119331e-05 3.07274433e-05 3.04391158e-05 3.01467580e-05 2.98501193e-05 2.95488863e-05 2.92426765e-05 2.89310321e-05 2.86134131e-05 2.82891897e-05 2.79576344e-05 2.76179130e-05 2.72690753e-05 2.69100444e-05 2.65396056e-05 2.61563943e-05 2.57588820e-05 2.53453624e-05 2.49139351e-05 2.44624883e-05 2.39886797e-05 2.34899159e-05 2.29633295e-05 2.24057541e-05 2.18136973e-05 2.11833100e-05 2.05103540e-05
2.83326116e-05 2.84615753e-05 2.86230463e-05 2.88126050e-05 2.90262215e-05 2.92602224e-05 2.95112605e-05 2.97762873e-05 3.00525282e-05 3.03374594e-05 3.06287875e-05 3.09244304e-05 3.12225002e-05 3.15212872e-05 3.18192460e-05 3.21149820e-05 3.24072394e-05 3.26948903e-05 3.29769246e-05 3.32524409e-05 3.35206378e-05 3.37808064e-05 3.40323230e-05 3.42746429e-05 3.45072940e-05 3.47298715e-05 3.49420330e-05 3.51434936e-05 3.53340218e-05 3.55134356e-05 3.56815985e-05 3.58384168e-05 3.59838359e-05 3.61178380e-05 3.62404389e-05 3.63516860e-05 3.64516560e-05 3.65404524e-05 3.66182041e-05 3.66850630e-05 3.67412027e-05 3.67868169e-05 3.68221173e-05 3.68473330e-05 3.68627085e-05 3.68685025e-05 3.68649868e-05 3.68524449e-05 3.68311709e-05 3.68014684e-05 3.67636489e-05 3.67180313e-05 3.66649403e-05 3.66047053e-05 3.65376594e-05 3.64641379e-05 3.63844773e-05 3.62990139e-05 3.62080825e-05 3.61120151e-05 3.60111392e-05 3.59057765e-05 3.57962414e-05 3.56828387e-05 3.55658624e-05 3.54455936e-05 3.53222982e-05 3.51962250e-05 3.50676031e-05 3.49366394e-05 3.48035161e-05 3.46683874e-05 3.45313765e-05 3.43925725e-05 3.42520262e-05 3.41097466e-05 3.39656961e-05 3.38197866e-05 3.36718738e-05 3.35217523e-05 3.33691492e-05 3.32137184e-05 3.30550332e-05 3.28925790e-05 3.27257452e-05 3.25538161e-05 3.23759619e-05 3.21912275e-05 3.19985218e-05 3.17966048e-05 3.15840745e-05 3.13593517e-05 3.11206643e-05 3.08660297e-05 3.05932349e-05 3.02998166e-05 2.99830369e-05 2.96398587e-05 2.92669177e-05 2.88604918e-05 2.84164676e-05
1.97389640e-05 2.01367004e-05 2.05606898e-05 2.10067029e-05 2.14708973e-05 2.19497841e-05 2.24401978e-05 2.29392683e-05 2.34443958e-05 2.39532283e-05 2.44636408e-05 2.49737159e-05 2.54817270e-05 2.59861226e-05 2.64855116e-05 2.69786505e-05 2.74644314e-05 2.79418708e-05 2.84100999e-05 2.88683552e-05 2.93159706e-05 2.97523690e-05 3.01770559e-05 3.05896128e-05 3.09896911e-05 3.13770071e-05 3.17513365e-05 3.21125106e-05 3.24604114e-05 3.27949683e-05 3.31161542e-05 3.34239825e-05 3.37185042e-05 3.39998049e-05 3.42680023e-05 3.45232443e-05 3.47657061e-05 3.49955889e-05 3.52131177e-05 3.54185394e-05 3.56121217e-05 3.57941511e-05 3.59649317e-05 3.61247839e-05 3.62740429e-05 3.64130578e-05 3.65421900e-05 3.66618126e-05 3.67723088e-05 3.68740713e-05 3.69675007e-05 3.70530048e-05 3.71309977e-05 3.72018982e-05 3.72661292e-05 3.73241163e-05 3.73762868e-05 3.74230685e-05 3.74648884e-05 3.75021714e-05 3.75353392e-05 3.75648083e-05 3.75909892e-05 3.76142842e-05 3.76350859e-05 3.76537754e-05 3.76707204e-05 3.76862726e-05 3.77007662e-05 3.77145148e-05 3.77278092e-05 3.77409143e-05 3.77540660e-05 3.77674682e-05 3.77812890e-05 3.77956568e-05 3.78106564e-05 3.78263240e-05 3.78426427e-05 3.78595371e-05 3.78768672e-05 3.78944226e-05 3.79119153e-05 3.79289726e-05 3.79451288e-05 3.79598164e-05 3.79723569e-05 3.79819502e-05 3.79876630e-05 3.79884168e-05 3.79829745e-05 3.79699253e-05 3.79476687e-05 3.79143971e-05 3.78680763e-05 3.78064244e-05 3.77268886e-05 3.76266199e-05 3.75024452e-05 3.73508360e-05 3.71678755e-05
1.04313682e-05 1.11287984e-05 1.18447805e-05 1.25753634e-05 1.33169742e-05 1.40663853e-05 1.48206839e-05 1.55772447e-05 1.63337054e-05 1.70879440e-05 1.78380580e-05 1.85823462e-05 1.93192915e-05 2.00475451e-05 2.07659129e-05 2.14733424e-05 2.21689108e-05 2.28518147e-05 2.35213597e-05 2.41769520e-05 2.48180901e-05 2.54443572e-05 2.60554146e-05 2.66509950e-05 2.72308977e-05 2.77949823e-05 2.83431649e-05 2.88754130e-05 2.93917420e-05 2.98922113e-05 3.03769210e-05 3.08460091e-05 3.12996481e-05 3.17380429e-05 3.21614285e-05 3.25700672e-05 3.29642473e-05 3.33442810e-05 3.37105024e-05 3.40632663e-05 3.44029467e-05 3.47299350e-05 3.50446393e-05 3.53474827e-05 3.56389026e-05 3.59193493e-05 3.61892848e-05 3.64491825e-05 3.66995253e-05 3.69408055e-05 3.71735233e-05 3.73981861e-05 3.76153075e-05 3.78254064e-05 3.80290061e-05 3.82266331e-05 3.84188163e-05 3.86060858e-05 3.87889721e-05 3.89680043e-05 3.91437095e-05 3.93166112e-05 3.94872280e-05 3.96560720e-05 3.98236472e-05 3.99904481e-05 4.01569574e-05 4.03236446e-05 4.04909631e-05 4.06593486e-05 4.08292164e-05 4.10009585e-05 4.11749408e-05 4.13515002e-05 4.15309408e-05 4.17135306e-05 4.18994968e-05 4.20890224e-05 4.22822405e-05 4.24792298e-05 4.26800088e-05 4.28845295e-05 4.30926712e-05 4.33042327e-05 4.35189250e-05 4.37363624e-05 4.39560534e-05 4.41773900e-05 4.43996373e-05 4.46219208e-05 4.48432134e-05 4.50623208e-05 4.52778655e-05 4.54882697e-05 4.56917361e-05 4.58862269e-05 4.60694412e-05 4.62387894e-05 4.63913661e-05 4.65239190e-05 4.66328157e-05
6.04872676e-07 1.62905532e-06 2.66257512e-06 3.70185821e-06 4.74369303e-06 5.78519799e-06 6.82379226e-06 7.85716914e-06 8.88327204e-06 9.90027253e-06 1.09065505e-05 1.19006762e-05 1.28813935e-05 1.38476051e-05 1.47983590e-05 1.57328361e-05 1.66503386e-05 1.75502799e-05 1.84321754e-05 1.92956336e-05 2.01403485e-05 2.09660924e-05 2.17727096e-05 2.25601103e-05 2.33282652e-05 2.40772006e-05 2.48069942e-05 2.55177705e-05 2.62096976e-05 2.68829833e-05 2.75378724e-05 2.81746437e-05 2.87936073e-05 2.93951026e-05 2.99794957e-05 3.05471778e-05 3.10985631e-05 3.16340873e-05 3.21542061e-05 3.26593937e-05 3.31501418e-05 3.36269578e-05 3.40903644e-05 3.45408979e-05 3.49791079e-05 3.54055558e-05 3.58208142e-05 3.62254661e-05 3.66201038e-05 3.70053287e-05 3.73817497e-05 3.77499831e-05 3.81106516e-05 3.84643835e-05 3.88118118e-05 3.91535736e-05 3.94903089e-05 3.98226601e-05 4.01512708e-05 4.04767849e-05 4.07998453e-05 4.11210932e-05 4.14411663e-05 4.17606980e-05 4.20803157e-05 4.24006395e-05 4.27222801e-05 4.30458376e-05 4.33718989e-05 4.37010363e-05 4.40338046e-05 4.43707390e-05 4.47123523e-05 4.50591317e-05 4.54115360e-05 4.57699921e-05 4.61348908e-05 4.65065831e-05 4.68853756e-05 4.72715254e-05 4.76652353e-05 4.80666474e-05 4.84758370e-05 4.88928060e-05 4.93174748e-05 4.97496745e-05 5.01891379e-05 5.06354896e-05 5.10882350e-05 5.15467493e-05 5.20102640e-05 5.24778532e-05 5.29484182e-05 5.34206705e-05 5.38931135e-05 5.43640225e-05 5.48314217e-05 5.52930605e-05 5.57463863e-05 5.61885147e-05 5.66161973e-05
-9.48001515e-06 -8.10853752e-06 -6.73840398e-06 -5.37270797e-06 -4.01420451e-06 -2.66534090e-06 -1.32828453e-06 -4.94816699e-09 1.30298727e-06 2.59405190e-06 3.86696805e-06 5.12063316e-06 6.35410423e-06 7.56658369e-06 8.75740653e-06 9.92602867e-06 1.10720163e-05 1.21950362e-05 1.32948470e-05 1.43712913e-05 1.54242881e-05 1.64538264e-05 1.74599592e-05 1.84427982e-05 1.94025082e-05 2.03393036e-05 2.12534432e-05 2.21452273e-05 2.30149941e-05 2.38631165e-05 2.46899993e-05 2.54960769e-05 2.62818109e-05 2.70476880e-05 2.77942181e-05 2.85219327e-05 2.92313831e-05 2.99231394e-05 3.05977889e-05 3.12559350e-05 3.18981961e-05 3.25252048e-05 3.31376068e-05 3.37360603e-05 3.43212349e-05 3.48938110e-05 3.54544796e-05 3.60039408e-05 3.65429038e-05 3.70720863e-05 3.75922133e-05 3.81040175e-05 3.86082376e-05 3.91056187e-05 3.95969110e-05 4.00828695e-05 4.05642531e-05 4.10418241e-05 4.15163474e-05 4.19885894e-05 4.24593177e-05 4.29292994e-05 4.33993009e-05 4.38700860e-05 4.43424155e-05 4.48170450e-05 4.52947243e-05 4.57761951e-05 4.62621901e-05 4.67534303e-05 4.72506236e-05 4.77544622e-05 4.82656204e-05 4.87847517e-05 4.93124863e-05 4.98494276e-05 5.03961486e-05 5.09531887e-05 5.15210492e-05 5.21001885e-05 5.26910177e-05 5.32938952e-05 5.39091203e-05 5.45369271e-05 5.51774776e-05 5.58308538e-05 5.64970492e-05 5.71759598e-05 5.78673739e-05 5.85709611e-05 5.92862599e-05 6.00126651e-05 6.07494127e-05 6.14955639e-05 6.22499880e-05 6.30113431e-05 6.37780546e-05 6.45482922e-05 6.53199446e-05 6.60905907e-05 6.68574691e-05
-1.94952982e-05 -1.77652707e-05 -1.60485663e-05 -1.43476978e-05 -1.26648714e-05 -1.10020153e-05 -9.36080543e-06 -7.74268853e-06 -6.14890360e-06 -4.58050083e-06 -3.03835907e-06 -1.52320153e-06 -3.56101070e-08 1.42396167e-06 2.85517684e-06 4.25780433e-06 5.63170928e-06 6.97684423e-06 8.29324116e-06 9.58100423e-06 1.08403032e-05 1.20713677e-05 1.32744813e-05 1.44499775e-05 1.55982344e-05 1.67196714e-05 1.78147452e-05 1.88839468e-05 1.99277984e-05 2.09468508e-05 2.19416812e-05 2.29128906e-05 2.38611025e-05 2.47869606e-05 2.56911277e-05 2.65742840e-05 2.74371259e-05 2.82803653e-05 2.91047278e-05 2.99109526e-05 3.06997912e-05 3.14720070e-05 3.22283744e-05 3.29696784e-05 3.36967139e-05 3.44102853e-05 3.51112062e-05 3.58002987e-05 3.64783932e-05 3.71463279e-05 3.78049485e-05 3.84551080e-05 3.90976657e-05 3.97334877e-05 4.03634457e-05 4.09884171e-05 4.16092843e-05 4.22269342e-05 4.28422578e-05 4.34561494e-05 4.40695061e-05 4.46832272e-05 4.52982131e-05 4.59153648e-05 4.65355825e-05 4.71597651e-05 4.77888084e-05 4.84236043e-05 4.90650393e-05 4.97139928e-05 5.03713353e-05 5.10379268e-05 5.17146145e-05 5.24022303e-05 5.31015890e-05 5.38134845e-05 5.45386877e-05 5.52779424e-05 5.60319623e-05 5.68014263e-05 5.75869747e-05 5.83892038e-05 5.92086611e-05 6.00458390e-05 6.09011689e-05 6.17750136e-05 6.26676603e-05 6.35793114e-05 6.45100762e-05 6.54599599e-05 6.64288529e-05 6.74165186e-05 6.84225799e-05 6.94465045e-05 7.04875890e-05 7.15449405e-05 7.26174578e-05 7.37038094e-05 7.48024100e-05 7.59113944e-05 7.70285886e-05
-2.90435692e-05 -2.69559041e-05 -2.48945417e-05 -2.28613242e-05 -2.08578271e-05 -1.88853847e-05 -1.69451128e-05 -1.50379297e-05 -1.31645752e-05 -1.13256274e-05 -9.52151854e-06 -7.75254876e-06 -6.01889886e-06 -4.32064179e-06 -2.65775313e-06 -1.03012044e-06 5.62448182e-07 2.12021637e-06 3.64351256e-06 5.13272364e-06 6.58828933e-06 8.01069701e-06 9.40047710e-06 1.07581990e-05 1.20844671e-05 1.33799177e-05 1.46452161e-05 1.58810534e-05 1.70881446e-05 1.82672262e-05 1.94190544e-05 2.05444035e-05 2.16440639e-05 2.27188417e-05 2.37695566e-05 2.47970415e-05 2.58021412e-05 2.67857121e-05 2.77486209e-05 2.86917446e-05 2.96159699e-05 3.05221922e-05 3.14113162e-05 3.22842548e-05 3.31419290e-05 3.39852680e-05 3.48152087e-05 3.56326957e-05 3.64386808e-05 3.72341235e-05 3.80199901e-05 3.87972542e-05 3.95668963e-05 4.03299035e-05 4.10872696e-05 4.18399948e-05 4.25890855e-05 4.33355539e-05 4.40804179e-05 4.48247006e-05 4.55694303e-05 4.63156393e-05 4.70643641e-05 4.78166444e-05 4.85735227e-05 4.93360433e-05 5.01052515e-05 5.08821927e-05 5.16679113e-05 5.24634492e-05 5.32698451e-05 5.40881321e-05 5.49193368e-05 5.57644768e-05 5.66245591e-05 5.75005774e-05 5.83935097e-05 5.93043156e-05 6.02339328e-05 6.11832742e-05 6.21532235e-05 6.31446315e-05 6.41583111e-05 6.51950327e-05 6.62555180e-05 6.73404343e-05 6.84503878e-05 6.95859157e-05 7.07474785e-05 7.19354509e-05 7.31501117e-05 7.43916333e-05 7.56600694e-05 7.69553422e-05 7.82772278e-05 7.96253403e-05 8.09991143e-05 8.23977857e-05 8.38203705e-05 8.52656413e-05 8.67321015e-05
-3.76562099e-05 -3.52269638e-05 -3.28375680e-05 -3.04891234e-05 -2.81825108e-05 -2.59184123e-05 -2.36973316e-05 -2.15196116e-05 -1.93854502e-05 -1.72949158e-05 -1.52479594e-05 -1.32444276e-05 -1.12840725e-05 -9.36656218e-06 -7.49148889e-06 -5.65837739e-06 -3.86669195e-06 -2.11584276e-06 -4.05191776e-07 1.26594212e-06 2.89827845e-06 4.49257096e-06 6.04960391e-06 7.57018873e-06 9.05516106e-06 1.05053781e-05 1.19217165e-05 1.33050699e-05 1.46563474e-05 1.59764721e-05 1.72663794e-05 1.85270161e-05 1.97593393e-05 2.09643155e-05 2.21429197e-05 2.32961352e-05 2.44249528e-05 2.55303705e-05 2.66133930e-05 2.76750318e-05 2.87163048e-05 2.97382363e-05 3.07418566e-05 3.17282027e-05 3.26983176e-05 3.36532507e-05 3.45940578e-05 3.55218013e-05 3.64375501e-05 3.73423800e-05 3.82373735e-05 3.91236202e-05 4.00022167e-05 4.08742669e-05 4.17408819e-05 4.26031801e-05 4.34622874e-05 4.43193370e-05 4.51754693e-05 4.60318322e-05 4.68895807e-05 4.77498767e-05 4.86138889e-05 4.94827925e-05 5.03577686e-05 5.12400042e-05 5.21306912e-05 5.30310262e-05 5.39422094e-05 5.48654440e-05 5.58019350e-05 5.67528884e-05 5.77195096e-05 5.87030025e-05 5.97045672e-05 6.07253987e-05 6.17666849e-05 6.28296039e-05 6.39153221e-05 6.50249911e-05 6.61597446e-05 6.73206949e-05 6.85089294e-05 6.97255061e-05 7.09714492e-05 7.22477437e-05 7.35553301e-05 7.48950976e-05 7.62678776e-05 7.76744362e-05 7.91154654e-05 8.05915741e-05 8.21032778e-05 8.36509875e-05 8.52349973e-05 8.68554705e-05 8.85124250e-05 9.02057166e-05 9.19350203e-05 9.36998110e-05 9.54993407e-05
-4.58634801e-05 -4.30985560e-05 -4.03873961e-05 -3.77303183e-05 -3.51274708e-05 -3.25788501e-05 -3.00843166e-05 -2.76436098e-05 -2.52563610e-05 -2.29221056e-05 -2.06402934e-05 -1.84102986e-05 -1.62314284e-05 -1.41029307e-05 -1.20240014e-05 -9.99379039e-06 -8.01140746e-06 -6.07592721e-06 -4.18639355e-06 -2.34182376e-06 -5.41212007e-07 1.21646752e-06 2.93225783e-06 4.60721668e-06 6.24241450e-06 7.83893250e-06 9.39786112e-06 1.09202986e-05 1.24073500e-05 1.38601259e-05 1.52797420e-05 1.66673182e-05 1.80239782e-05 1.93508489e-05 2.06490607e-05 2.19197466e-05 2.31640425e-05 2.43830873e-05 2.55780226e-05 2.67499933e-05 2.79001471e-05 2.90296356e-05 3.01396136e-05 3.12312402e-05 3.23056787e-05 3.33640970e-05 3.44076681e-05 3.54375702e-05 3.64549875e-05 3.74611101e-05 3.84571349e-05 3.94442653e-05 4.04237124e-05 4.13966948e-05 4.23644389e-05 4.33281797e-05 4.42891606e-05 4.52486341e-05 4.62078615e-05 4.71681137e-05 4.81306710e-05 4.90968234e-05 5.00678705e-05 5.10451216e-05 5.20298957e-05 5.30235214e-05 5.40273366e-05 5.50426883e-05 5.60709324e-05 5.71134329e-05 5.81715618e-05 5.92466981e-05 6.03402270e-05 6.14535392e-05 6.25880298e-05 6.37450968e-05 6.49261401e-05 6.61325595e-05 6.73657529e-05 6.86271146e-05 6.99180326e-05 7.12398862e-05 7.25940429e-05 7.39818554e-05 7.54046577e-05 7.68637612e-05 7.83604502e-05 7.98959771e-05 8.14715563e-05 8.30883587e-05 8.47475046e-05 8.64500563e-05 8.81970098e-05 8.99892855e-05 9.18277183e-05 9.37130465e-05 9.56458989e-05 9.76267822e-05 9.96560650e-05 1.01733962e-04 1.03860515e-04
-5.68612103e-05 -5.36810642e-05 -5.05701534e-05 -4.75279715e-05 -4.45538929e-05 -4.16471867e-05 -3.88070294e-05 -3.60325164e-05 -3.33226718e-05 -3.06764581e-05 -2.80927842e-05 -2.55705129e-05 -2.31084676e-05 -2.07054381e-05 -1.83601861e-05 -1.60714496e-05 -1.38379473e-05 -1.16583822e-05 -9.53144468e-06 -7.45581554e-06 -5.43016827e-06 -3.45317121e-06 -1.52348938e-06 3.60214059e-07 2.19927645e-06 3.99503465e-06 5.74882413e-06 7.46197839e-06 9.13582837e-06 1.07717022e-05 1.23709248e-05 1.39348181e-05 1.54647009e-05 1.69618888e-05 1.84276946e-05 1.98634286e-05 2.12703990e-05 2.26499121e-05 2.40032727e-05 2.53317850e-05 2.66367527e-05 2.79194800e-05 2.91812717e-05 3.04234343e-05 3.16472762e-05 3.28541090e-05 3.40452473e-05 3.52220101e-05 3.63857212e-05 3.75377097e-05 3.86793111e-05 3.98118676e-05 4.09367288e-05 4.20552526e-05 4.31688054e-05 4.42787632e-05 4.53865119e-05 4.64934478e-05 4.76009783e-05 4.87105223e-05 4.98235108e-05 5.09413873e-05 5.20656079e-05 5.31976423e-05 5.43389733e-05 5.54910978e-05 5.66555263e-05 5.78337835e-05 5.90274084e-05 6.02379538e-05 6.14669866e-05 6.27160874e-05 6.39868504e-05 6.52808827e-05 6.65998041e-05 6.79452462e-05 6.93188515e-05 7.07222728e-05 7.21571718e-05 7.36252176e-05 7.51280856e-05 7.66674553e-05 7.82450086e-05 7.98624272e-05 8.15213903e-05 8.32235713e-05 8.49706348e-05 8.67642326e-05 8.86059999e-05 9.04975503e-05 9.24404706e-05 9.44363155e-05 9.64866007e-05 9.85927961e-05 1.00756317e-04 1.02978518e-04 1.05260680e-04 1.07604001e-04 1.10009585e-04 1.12478428e-04 1.15011403e-04
-7.09061460e-05 -6.72182245e-05 -6.36172747e-05 -6.01018793e-05 -5.66705558e-05 -5.33217659e-05 -5.00539248e-05 -4.68654091e-05 -4.37545638e-05 -4.07197091e-05 -3.77591456e-05 -3.48711600e-05 -3.20540289e-05 -2.93060233e-05 -2.66254118e-05 -2.40104635e-05 -2.14594508e-05 -1.89706516e-05 -1.65423508e-05 -1.41728423e-05 -1.18604299e-05 -9.60342872e-06 -7.40016548e-06 -5.24897941e-06 -3.14822248e-06 -1.09625966e-06 9.08531096e-07 2.86775888e-06 4.78302010e-06 6.65589875e-06 8.48796691e-06 1.02807852e-05 1.20359034e-05 1.37548611e-05 1.54391883e-05 1.70904067e-05 1.87100296e-05 2.02995637e-05 2.18605093e-05 2.33943618e-05 2.49026120e-05 2.63867478e-05 2.78482545e-05 2.92886162e-05 3.07093166e-05 3.21118403e-05 3.34976734e-05 3.48683048e-05 3.62252272e-05 3.75699378e-05 3.89039398e-05 4.02287429e-05 4.15458645e-05 4.28568307e-05 4.41631771e-05 4.54664501e-05 4.67682070e-05 4.80700180e-05 4.93734660e-05 5.06801481e-05 5.19916765e-05 5.33096786e-05 5.46357985e-05 5.59716972e-05 5.73190536e-05 5.86795651e-05 6.00549478e-05 6.14469378e-05 6.28572910e-05 6.42877839e-05 6.57402138e-05 6.72163992e-05 6.87181802e-05 7.02474181e-05 7.18059963e-05 7.33958194e-05 7.50188135e-05 7.66769260e-05 7.83721249e-05 8.01063984e-05 8.18817544e-05 8.37002191e-05 8.55638363e-05 8.74746663e-05 8.94347837e-05 9.14462764e-05 9.35112427e-05 9.56317898e-05 9.78100305e-05 1.00048080e-04 1.02348054e-04 1.04712060e-04 1.07142202e-04 1.09640563e-04 1.12209213e-04 1.14850190e-04 1.17565505e-04 1.20357124e-04 1.23226966e-04 1.26176893e-04 1.29208696e-04
-8.78950296e-05 -8.36045179e-05 -7.94214432e-05 -7.53433541e-05 -7.13677937e-05 -6.74923049e-05 -6.37144356e-05 -6.00317422e-05 -5.64417944e-05 -5.29421778e-05 -4.95304968e-05 -4.62043776e-05 -4.29614699e-05 -3.97994484e-05 -3.67160149e-05 -3.37088988e-05 -3.07758581e-05 -2.79146801e-05 -2.51231816e-05 -2.23992091e-05 -1.97406387e-05 -1.71453761e-05 -1.46113557e-05 -1.21365406e-05 -9.71892187e-06 -7.35651745e-06 -5.04737171e-06 -2.78955426e-06 -5.81159054e-07 1.57969678e-06 3.69487401e-06 5.76621257e-06 7.79553273e-06 9.78463642e-06 1.17353085e-05 1.36493182e-05 1.55284203e-05 1.73743567e-05 1.91888577e-05 2.09736433e-05 2.27304249e-05 2.44609064e-05 2.61667859e-05 2.78497567e-05 2.95115093e-05 3.11537322e-05 3.27781138e-05 3.43863435e-05 3.59801129e-05 3.75611179e-05 3.91310592e-05 4.06916442e-05 4.22445883e-05 4.37916158e-05 4.53344619e-05 4.68748732e-05 4.84146099e-05 4.99554461e-05 5.14991717e-05 5.30475935e-05 5.46025363e-05 5.61658441e-05 5.77393813e-05 5.93250339e-05 6.09247105e-05 6.25403435e-05 6.41738901e-05 6.58273334e-05 6.75026832e-05 6.92019773e-05 7.09272822e-05 7.26806938e-05 7.44643388e-05 7.62803749e-05 7.81309918e-05 8.00184119e-05 8.19448907e-05 8.39127174e-05 8.59242155e-05 8.79817428e-05 9.00876918e-05 9.22444901e-05 9.44545997e-05 9.67205174e-05 9.90447745e-05 1.01429936e-04 1.03878600e-04 1.06393396e-04 1.08976988e-04 1.11632065e-04 1.14361348e-04 1.17167582e-04 1.20053538e-04 1.23022007e-04 1.26075798e-04 1.29217738e-04 1.32450662e-04 1.35777415e-04 1.39200841e-04 1.42723785e-04 1.46349080e-04
-1.07615864e-04 -1.02630126e-04 -9.77752898e-05 -9.30477217e-05 -8.84438494e-05 -8.39601639e-05 -7.95932196e-05 -7.53396340e-05 -7.11960880e-05 -6.71593256e-05 -6.32261533e-05 -5.93934402e-05 -5.56581168e-05 -5.20171743e-05 -4.84676643e-05 -4.50066967e-05 -4.16314395e-05 -3.83391171e-05 -3.51270087e-05 -3.19924473e-05 -2.89328179e-05 -2.59455559e-05 -2.30281452e-05 -2.01781170e-05 -1.73930474e-05 -1.46705559e-05 -1.20083032e-05 -9.40398983e-06 -6.85535374e-06 -4.36016850e-06 -1.91624136e-06 4.78588747e-07 2.82645318e-06 5.12945560e-06 7.38967390e-06 9.60916225e-06 1.17899530e-05 1.39340588e-05 1.60434742e-05 1.81201781e-05 2.01661353e-05 2.21832986e-05 2.41736105e-05 2.61390055e-05 2.80814114e-05 3.00027519e-05 3.19049476e-05 3.37899186e-05 3.56595858e-05 3.75158729e-05 3.93607083e-05 4.11960266e-05 4.30237705e-05 4.48458926e-05 4.66643571e-05 4.84811415e-05 5.02982381e-05 5.21176562e-05 5.39414231e-05 5.57715864e-05 5.76102154e-05 5.94594026e-05 6.13212655e-05 6.31979483e-05 6.50916234e-05 6.70044929e-05 6.89387905e-05 7.08967830e-05 7.28807715e-05 7.48930935e-05 7.69361241e-05 7.90122777e-05 8.11240096e-05 8.32738171e-05 8.54642416e-05 8.76978694e-05 8.99773338e-05 9.23053160e-05 9.46845467e-05 9.71178073e-05 9.96079315e-05 1.02157806e-04 1.04770373e-04 1.07448629e-04 1.10195629e-04 1.13014483e-04 1.15908363e-04 1.18880498e-04 1.21934179e-04 1.25072756e-04 1.28299642e-04 1.31618312e-04 1.35032301e-04 1.38545207e-04 1.42160692e-04 1.45882478e-04 1.49714349e-04 1.53660150e-04 1.57723788e-04 1.61909229e-04 1.66220498e-04
-1.29744814e-04 -1.23978003e-04 -1.18368628e-04 -1.12911707e-04 -1.07602401e-04 -1.02436004e-04 -9.74079420e-05 -9.25137649e-05 -8.77491441e-05 -8.31098675e-05 -7.85918361e-05 -7.41910593e-05 -6.99036520e-05 -6.57258302e-05 -6.16539079e-05 -5.76842936e-05 -5.38134866e-05 -5.00380736e-05 -4.63547256e-05 -4.27601944e-05 -3.92513093e-05 -3.58249742e-05 -3.24781638e-05 -2.92079210e-05 -2.60113533e-05 -2.28856303e-05 -1.98279799e-05 -1.68356860e-05 -1.39060849e-05 -1.10365631e-05 -8.22455346e-06 -5.46753315e-06 -2.76302039e-06 -1.08571816e-07 2.49822034e-06 5.05973091e-06 7.57830449e-06 1.00562581e-05 1.24958837e-05 1.48994508e-05 1.72692093e-05 1.96073912e-05 2.19162140e-05 2.41978824e-05 2.64545914e-05 2.86885279e-05 3.09018737e-05 3.30968075e-05 3.52755072e-05 3.74401525e-05 3.95929268e-05 4.17360196e-05 4.38716287e-05 4.60019624e-05 4.81292419e-05 5.02557033e-05 5.23835996e-05 5.45152033e-05 5.66528083e-05 5.87987321e-05 6.09553182e-05 6.31249379e-05 6.53099927e-05 6.75129164e-05 6.97361773e-05 7.19822806e-05 7.42537702e-05 7.65532313e-05 7.88832924e-05 8.12466276e-05 8.36459591e-05 8.60840591e-05 8.85637523e-05 9.10879183e-05 9.36594940e-05 9.62814758e-05 9.89569220e-05 1.01688955e-04 1.04480766e-04 1.07335612e-04 1.10256826e-04 1.13247812e-04 1.16312053e-04 1.19453112e-04 1.22674632e-04 1.25980345e-04 1.29374067e-04 1.32859707e-04 1.36441265e-04 1.40122841e-04 1.43908630e-04 1.47802933e-04 1.51810154e-04 1.55934807e-04 1.60181518e-04 1.64555026e-04 1.69060194e-04 1.73702003e-04 1.78485565e-04 1.83416123e-04 1.88499057e-04
-1.53843326e-04 -1.47221150e-04 -1.40785864e-04 -1.34530979e-04 -1.28450232e-04 -1.22537578e-04 -1.16787177e-04 -1.11193385e-04 -1.05750743e-04 -1.00453972e-04 -9.52979595e-05 -9.02777558e-05 -8.53885654e-05 -8.06257398e-05 -7.59847714e-05 -7.14612872e-05 -6.70510423e-05 -6.27499146e-05 -5.85538987e-05 -5.44591012e-05 -5.04617347e-05 -4.65581133e-05 -4.27446473e-05 -3.90178388e-05 -3.53742769e-05 -3.18106330e-05 -2.83236568e-05 -2.49101718e-05 -2.15670712e-05 -1.82913137e-05 -1.50799199e-05 -1.19299679e-05 -8.83859012e-06 -5.80296912e-06 -2.82033423e-06 1.12042031e-07 2.99684744e-06 5.83673343e-06 8.63431846e-06 1.13921912e-05 1.41129139e-05 1.67990254e-05 1.94530440e-05 2.20774712e-05 2.46747939e-05 2.72474879e-05 2.97980206e-05 3.23288540e-05 3.48424474e-05 3.73412603e-05 3.98277553e-05 4.23044007e-05 4.47736734e-05 4.72380615e-05 4.97000673e-05 5.21622097e-05 5.46270272e-05 5.70970802e-05 5.95749544e-05 6.20632629e-05 6.45646493e-05 6.70817902e-05 6.96173983e-05 7.21742249e-05 7.47550628e-05 7.73627493e-05 8.00001690e-05 8.26702566e-05 8.53760001e-05 8.81204436e-05 9.09066907e-05 9.37379072e-05 9.66173246e-05 9.95482435e-05 1.02534036e-04 1.05578152e-04 1.08684117e-04 1.11855543e-04 1.15096126e-04 1.18409653e-04 1.21800005e-04 1.25271163e-04 1.28827207e-04 1.32472327e-04 1.36210823e-04 1.40047110e-04 1.43985725e-04 1.48031329e-04 1.52188716e-04 1.56462815e-04 1.60858697e-04 1.65381582e-04 1.70036843e-04 1.74830017e-04 1.79766805e-04 1.84853089e-04 1.90094931e-04 1.95498589e-04 2.01070524e-04 2.06817407e-04 2.12746139e-04
-1.79355476e-04 -1.71820087e-04 -1.64503603e-04 -1.57397869e-04 -1.50495061e-04 -1.43787659e-04 -1.37268435e-04 -1.30930433e-04 -1.24766956e-04 -1.18771553e-04 -1.12938003e-04 -1.07260306e-04 -1.01732672e-04 -9.63495078e-05 -9.11054086e-05 -8.59951491e-05 -8.10136735e-05 -7.61560877e-05 -7.14176507e-05 -6.67937673e-05 -6.22799805e-05 -5.78719642e-05 -5.35655170e-05 -4.93565549e-05 -4.52411056e-05 -4.12153020e-05 -3.72753767e-05 -3.34176560e-05 -2.96385549e-05 -2.59345712e-05 -2.23022808e-05 -1.87383326e-05 -1.52394436e-05 -1.18023944e-05 -8.42402439e-06 -5.10122748e-06 -1.83094768e-06 1.38982508e-06 4.56405909e-06 7.69468487e-06 1.07845991e-05 1.38366687e-05 1.68537341e-05 1.98386135e-05 2.27941062e-05 2.57229966e-05 2.86280569e-05 3.15120516e-05 3.43777403e-05 3.72278813e-05 4.00652350e-05 4.28925673e-05 4.57126528e-05 4.85282782e-05 5.13422457e-05 5.41573762e-05 5.69765125e-05 5.98025230e-05 6.26383045e-05 6.54867860e-05 6.83509317e-05 7.12337448e-05 7.41382706e-05 7.70676000e-05 8.00248734e-05 8.30132837e-05 8.60360803e-05 8.90965729e-05 9.21981351e-05 9.53442082e-05 9.85383054e-05 1.01784016e-04 1.05085009e-04 1.08445037e-04 1.11867944e-04 1.15357664e-04 1.18918232e-04 1.22553784e-04 1.26268565e-04 1.30066933e-04 1.33953366e-04 1.37932464e-04 1.42008959e-04 1.46187720e-04 1.50473759e-04 1.54872238e-04 1.59388473e-04 1.64027950e-04 1.68796323e-04 1.73699428e-04 1.78743291e-04 1.83934137e-04 1.89278400e-04 1.94782733e-04 2.00454020e-04 2.06299390e-04 2.12326226e-04 2.18542185e-04 2.24955208e-04 2.31573541e-04 2.38405754e-04
-2.05605549e-04 -1.97120553e-04 -1.88888439e-04 -1.80899266e-04 -1.73143527e-04 -1.65612121e-04 -1.58296326e-04 -1.51187781e-04 -1.44278461e-04 -1.37560659e-04 -1.31026968e-04 -1.24670267e-04 -1.18483701e-04 -1.12460668e-04 -1.06594808e-04 -1.00879987e-04 -9.53102862e-05 -8.98799901e-05 -8.45835763e-05 -7.94157047e-05 -7.43712080e-05 -6.94450823e-05 -6.46324779e-05 -5.99286916e-05 -5.53291577e-05 -5.08294407e-05 -4.64252280e-05 -4.21123220e-05 -3.78866342e-05 -3.37441776e-05 -2.96810609e-05 -2.56934823e-05 -2.17777231e-05 -1.79301424e-05 -1.41471712e-05 -1.04253071e-05 -6.76110913e-06 -3.15119232e-06 4.07776976e-07 3.91908605e-06 7.38598061e-06 1.08116693e-05 1.41993284e-05 1.75521061e-05 2.08731269e-05 2.41654958e-05 2.74323028e-05 3.06766267e-05 3.39015394e-05 3.71101098e-05 4.03054080e-05 4.34905090e-05 4.66684971e-05 4.98424692e-05 5.30155393e-05 5.61908424e-05 5.93715379e-05 6.25608141e-05 6.57618920e-05 6.89780291e-05 7.22125239e-05 7.54687196e-05 7.87500081e-05 8.20598349e-05 8.54017025e-05 8.87791755e-05 9.21958846e-05 9.56555315e-05 9.91618931e-05 1.02718827e-04 1.06330275e-04 1.10000271e-04 1.13732942e-04 1.17532519e-04 1.21403337e-04 1.25349845e-04 1.29376609e-04 1.33488321e-04 1.37689805e-04 1.41986021e-04 1.46382077e-04 1.50883231e-04 1.55494904e-04 1.60222685e-04 1.65072340e-04 1.70049824e-04 1.75161286e-04 1.80413083e-04 1.85811789e-04 1.91364208e-04 1.97077382e-04 2.02958611e-04 2.09015462e-04 2.15255783e-04 2.21687725e-04 2.28319752e-04 2.35160664e-04 2.42219620e-04 2.49506152e-04 2.57030198e-04 2.64802122e-04
-2.31795883e-04 -2.22351422e-04 -2.13194965e-04 -2.04314698e-04 -1.95699351e-04 -1.87338164e-04 -1.79220857e-04 -1.71337597e-04 -1.63678971e-04 -1.56235964e-04 -1.48999931e-04 -1.41962582e-04 -1.35115953e-04 -1.28452396e-04 -1.21964557e-04 -1.15645358e-04 -1.09487986e-04 -1.03485875e-04 -9.76326940e-05 -9.19223326e-05 -8.63488903e-05 -8.09066636e-05 -7.55901355e-05 -7.03939647e-05 -6.53129756e-05 -6.03421488e-05 -5.54766117e-05 -5.07116302e-05 -4.60425996e-05 -4.14650372e-05 -3.69745740e-05 -3.25669477e-05 -2.82379953e-05 -2.39836461e-05 -1.97999152e-05 -1.56828969e-05 -1.16287586e-05 -7.63373475e-06 -3.69412057e-06 1.93733154e-07 4.03342591e-06 7.82851283e-06 1.15825100e-05 1.52988997e-05 1.89811352e-05 2.26326463e-05 2.62568437e-05 2.98571239e-05 3.34368744e-05 3.69994779e-05 4.05483172e-05 4.40867796e-05 4.76182619e-05 5.11461748e-05 5.46739471e-05 5.82050309e-05 6.17429058e-05 6.52910836e-05 6.88531131e-05 7.24325844e-05 7.60331340e-05 7.96584497e-05 8.33122748e-05 8.69984141e-05 9.07207379e-05 9.44831882e-05 9.82897830e-05 1.02144623e-04 1.06051895e-04 1.10015881e-04 1.14040960e-04 1.18131619e-04 1.22292456e-04 1.26528185e-04 1.30843649e-04 1.35243821e-04 1.39733815e-04 1.44318891e-04 1.49004468e-04 1.53796126e-04 1.58699620e-04 1.63720888e-04 1.68866059e-04 1.74141468e-04 1.79553662e-04 1.85109413e-04 1.90815733e-04 1.96679883e-04 2.02709393e-04 2.08912068e-04 2.15296012e-04 2.21869641e-04 2.28641701e-04 2.35621290e-04 2.42817876e-04 2.50241322e-04 2.57901909e-04 2.65810363e-04 2.73977886e-04 2.82416185e-04 2.91137509e-04
-2.57004956e-04 -2.46622864e-04 -2.36563989e-04 -2.26814610e-04 -2.17361665e-04 -2.08192709e-04 -1.99295876e-04 -1.90659840e-04 -1.82273784e-04 -1.74127364e-04 -1.66210685e-04 -1.58514271e-04 -1.51029043e-04 -1.43746293e-04 -1.36657666e-04 -1.29755135e-04 -1.23030986e-04 -1.16477800e-04 -1.10088432e-04 -1.03856002e-04 -9.77738746e-05 -9.18356459e-05 -8.60351322e-05 -8.03663558e-05 -7.48235331e-05 -6.94010632e-05 -6.40935170e-05 -5.88956268e-05 -5.38022763e-05 -4.88084911e-05 -4.39094293e-05 -3.91003734e-05 -3.43767210e-05 -2.97339776e-05 -2.51677480e-05 -2.06737295e-05 -1.62477040e-05 -1.18855314e-05 -7.58314280e-06 -3.33653353e-06 8.58242890e-07 5.00508116e-06 9.10783026e-06 1.31702994e-05 1.71962638e-05 2.11894706e-05 2.51536440e-05 2.90924914e-05 3.30097082e-05 3.69089838e-05 4.07940062e-05 4.46684681e-05 4.85360715e-05 5.24005331e-05 5.62655899e-05 6.01350037e-05 6.40125671e-05 6.79021084e-05 7.18074970e-05 7.57326485e-05 7.96815310e-05 8.36581694e-05 8.76666523e-05 9.17111368e-05 9.57958547e-05 9.99251188e-05 1.04103329e-04 1.08334977e-04 1.12624656e-04 1.16977066e-04 1.21397018e-04 1.25889448e-04 1.30459415e-04 1.35112120e-04 1.39852903e-04 1.44687260e-04 1.49620848e-04 1.54659496e-04 1.59809211e-04 1.65076195e-04 1.70466849e-04 1.75987788e-04 1.81645853e-04 1.87448123e-04 1.93401927e-04 1.99514862e-04 2.05794804e-04 2.12249927e-04 2.18888718e-04 2.25719997e-04 2.32752937e-04 2.39997082e-04 2.47462371e-04 2.55159166e-04 2.63098271e-04 2.71290965e-04 2.79749033e-04 2.88484796e-04 2.97511150e-04 3.06841604e-04 3.16490323e-04
-2.80185752e-04 -2.68924742e-04 -2.58020971e-04 -2.47458841e-04 -2.37223531e-04 -2.27300945e-04 -2.17677662e-04 -2.08340895e-04 -1.99278448e-04 -1.90478683e-04 -1.81930480e-04 -1.73623211e-04 -1.65546707e-04 -1.57691231e-04 -1.50047453e-04 -1.42606426e-04 -1.35359562e-04 -1.28298615e-04 -1.21415655e-04 -1.14703056e-04 -1.08153474e-04 -1.01759831e-04 -9.55153037e-05 -8.94133010e-05 -8.34474563e-05 -7.76116117e-05 -7.18998055e-05 -6.63062601e-05 -6.08253710e-05 -5.54516952e-05 -5.01799408e-05 -4.50049572e-05 -3.99217254e-05 -3.49253486e-05 -3.00110433e-05 -2.51741308e-05 -2.04100292e-05 -1.57142449e-05 -1.10823652e-05 -6.51005092e-06 -1.99302893e-06 2.47291477e-06 6.89194197e-06 1.12681689e-05 1.56056729e-05 1.99084985e-05 2.41806642e-05 2.84261683e-05 3.26489950e-05 3.68531207e-05 4.10425197e-05 4.52211701e-05 4.93930601e-05 5.35621933e-05 5.77325949e-05 6.19083175e-05 6.60934470e-05 7.02921087e-05 7.45084729e-05 7.87467615e-05 8.30112535e-05 8.73062918e-05 9.16362896e-05 9.60057364e-05 1.00419205e-04 1.04881358e-04 1.09396957e-04 1.13970864e-04 1.18608058e-04 1.23313632e-04 1.28092812e-04 1.32950956e-04 1.37893568e-04 1.42926306e-04 1.48054991e-04 1.53285616e-04 1.58624359e-04 1.64077590e-04 1.69651887e-04 1.75354043e-04 1.81191083e-04 1.87170275e-04 1.93299145e-04 1.99585491e-04 2.06037400e-04 2.12663264e-04 2.19471799e-04 2.26472062e-04 2.33673474e-04 2.41085840e-04 2.48719372e-04 2.56584715e-04 2.64692975e-04 2.73055744e-04 2.81685135e-04 2.90593815e-04 2.99795040e-04 3.09302694e-04 3.19131337e-04 3.29296246e-04 3.39813472e-04
-3.00164399e-04 -2.88125267e-04 -2.76474689e-04 -2.65195307e-04 -2.54270647e-04 -2.43685062e-04 -2.33423677e-04 -2.23472335e-04 -2.13817555e-04 -2.04446486e-04 -1.95346871e-04 -1.86507005e-04 -1.77915706e-04 -1.69562281e-04 -1.61436497e-04 -1.53528554e-04 -1.45829058e-04 -1.38328997e-04 -1.31019720e-04 -1.23892914e-04 -1.16940584e-04 -1.10155036e-04 -1.03528856e-04 -9.70548968e-05 -9.07262587e-05 -8.45362766e-05 -7.84785047e-05 -7.25467030e-05 -6.67348242e-05 -6.10370018e-05 -5.54475376e-05 -4.99608909e-05 -4.45716675e-05 -3.92746093e-05 -3.40645846e-05 -2.89365781e-05 -2.38856822e-05 -1.89070878e-05 -1.39960759e-05 -9.14800913e-06 -4.35832384e-06 3.77477671e-07 5.06383484e-06 9.70513620e-06 1.43057266e-05 1.88699143e-05 2.34019778e-05 2.79061729e-05 3.23867392e-05 3.68479068e-05 4.12939029e-05 4.57289582e-05 5.01573137e-05 5.45832266e-05 5.90109774e-05 6.34448759e-05 6.78892679e-05 7.23485417e-05 7.68271349e-05 8.13295408e-05 8.58603154e-05 9.04240843e-05 9.50255498e-05 9.96694980e-05 1.04360806e-04 1.09104451e-04 1.13905515e-04 1.18769196e-04 1.23700814e-04 1.28705824e-04 1.33789818e-04 1.38958541e-04 1.44217895e-04 1.49573954e-04 1.55032974e-04 1.60601401e-04 1.66285884e-04 1.72093291e-04 1.78030715e-04 1.84105495e-04 1.90325225e-04 1.96697772e-04 2.03231291e-04 2.09934243e-04 2.16815412e-04 2.23883925e-04 2.31149273e-04 2.38621333e-04 2.46310389e-04 2.54227162e-04 2.62382830e-04 2.70789064e-04 2.79458055e-04 2.88402547e-04 2.97635874e-04 3.07172000e-04 3.17025560e-04 3.27211906e-04 3.37747155e-04 3.48648249e-04 3.59933007e-04
-3.16491057e-04 -3.03793614e-04 -2.91512465e-04 -2.79628654e-04 -2.68124214e-04 -2.56982096e-04 -2.46186108e-04 -2.35720859e-04 -2.25571709e-04 -2.15724716e-04 -2.06166598e-04 -1.96884686e-04 -1.87866890e-04 -1.79101662e-04 -1.70577961e-04 -1.62285228e-04 -1.54213348e-04 -1.46352633e-04 -1.38693789e-04 -1.31227896e-04 -1.23946385e-04 -1.16841016e-04 -1.09903859e-04 -1.03127276e-04 -9.65039004e-05 -9.00266238e-05 -8.36885776e-05 -7.74831192e-05 -7.14038167e-05 -6.54444360e-05 -5.95989273e-05 -5.38614128e-05 -4.82261750e-05 -4.26876451e-05 -3.72403921e-05 -3.18791124e-05 -2.65986199e-05 -2.13938359e-05 -1.62597801e-05 -1.11915616e-05 -6.18436980e-06 -1.23346614e-06 3.66582412e-06 8.51812006e-06 1.33279929e-05 1.80999735e-05 2.28385603e-05 2.75482263e-05 3.22334264e-05 3.68986049e-05 4.15482022e-05 4.61866621e-05 5.08184387e-05 5.54480036e-05 6.00798526e-05 6.47185129e-05 6.93685501e-05 7.40345754e-05 7.87212527e-05 8.34333057e-05 8.81755258e-05 9.29527790e-05 9.77700141e-05 1.02632270e-04 1.07544685e-04 1.12512504e-04 1.17541086e-04 1.22635916e-04 1.27802611e-04 1.33046933e-04 1.38374795e-04 1.43792273e-04 1.49305618e-04 1.54921265e-04 1.60645848e-04 1.66486208e-04 1.72449408e-04 1.78542749e-04 1.84773781e-04 1.91150319e-04 1.97680460e-04 2.04372599e-04 2.11235448e-04 2.18278056e-04 2.25509824e-04 2.32940534e-04 2.40580368e-04 2.48439932e-04 2.56530283e-04 2.64862961e-04 2.73450011e-04 2.82304024e-04 2.91438167e-04 3.00866219e-04 3.10602616e-04 3.20662493e-04 3.31061731e-04 3.41817006e-04 3.52945851e-04 3.64466709e-04 3.76399007e-04
-3.39292751e-04 -3.25722114e-04 -3.12602125e-04 -2.99911924e-04 -2.87631755e-04 -2.75742885e-04 -2.64227540e-04 -2.53068842e-04 -2.42250748e-04 -2.31757996e-04 -2.21576058e-04 -2.11691093e-04 -2.02089901e-04 -1.92759887e-04 -1.83689022e-04 -1.74865809e-04 -1.66279251e-04 -1.57918817e-04 -1.49774420e-04 -1.41836385e-04 -1.34095427e-04 -1.26542624e-04 -1.19169400e-04 -1.11967500e-04 -1.04928970e-04 -9.80461410e-05 -9.13116099e-05 -8.47182221e-05 -7.82590565e-05 -7.19274097e-05 -6.57167818e-05 -5.96208627e-05 -5.36335189e-05 -4.77487806e-05 -4.19608304e-05 -3.62639907e-05 -3.06527138e-05 -2.51215703e-05 -1.96652391e-05 -1.42784976e-05 -8.95621202e-06 -3.69332796e-06 1.51513851e-06 6.67410971e-06 1.17884549e-05 1.68629989e-05 2.19025298e-05 2.69118078e-05 3.18955723e-05 3.68585504e-05 4.18054647e-05 4.67410403e-05 5.16700133e-05 5.65971380e-05 6.15271946e-05 6.64649970e-05 7.14154004e-05 7.63833090e-05 8.13736842e-05 8.63915521e-05 9.14420122e-05 9.65302451e-05 1.01661521e-04 1.06841209e-04 1.12074786e-04 1.17367844e-04 1.22726101e-04 1.28155412e-04 1.33661777e-04 1.39251353e-04 1.44930463e-04 1.50705610e-04 1.56583487e-04 1.62570990e-04 1.68675231e-04 1.74903553e-04 1.81263542e-04 1.87763046e-04 1.94410185e-04 2.01213374e-04 2.08181340e-04 2.15323136e-04 2.22648169e-04 2.30166212e-04 2.37887438e-04 2.45822434e-04 2.53982234e-04 2.62378341e-04 2.71022761e-04 2.79928035e-04 2.89107269e-04 2.98574171e-04 3.08343095e-04 3.18429077e-04 3.28847886e-04 3.39616069e-04 3.50751006e-04 3.62270966e-04 3.74195175e-04 3.86543877e-04 3.99338414e-04
-3.71925060e-04 -3.57149309e-04 -3.42869172e-04 -3.29061372e-04 -3.15703874e-04 -3.02775804e-04 -2.90257369e-04 -2.78129786e-04 -2.66375215e-04 -2.54976699e-04 -2.43918107e-04 -2.33184083e-04 -2.22759995e-04 -2.12631891e-04 -2.02786458e-04 -1.93210982e-04 -1.83893309e-04 -1.74821814e-04 -1.65985367e-04 -1.57373302e-04 -1.48975393e-04 -1.40781820e-04 -1.32783151e-04 -1.24970314e-04 -1.17334576e-04 -1.09867524e-04 -1.02561039e-04 -9.54072852e-05 -8.83986843e-05 -8.15279041e-05 -7.47878394e-05 -6.81715973e-05 -6.16724827e-05 -5.52839838e-05 -4.89997586e-05 -4.28136223e-05 -3.67195350e-05 -3.07115892e-05 -2.47839988e-05 -1.89310879e-05 -1.31472802e-05 -7.42708842e-06 -1.76510428e-06 3.84401114e-06 9.40553706e-06 1.49247023e-05 2.04066945e-05 2.58566688e-05 3.12797572e-05 3.66810767e-05 4.20657384e-05 4.74388556e-05 5.28055527e-05 5.81709735e-05 6.35402897e-05 6.89187095e-05 7.43114862e-05 7.97239266e-05 8.51613999e-05 9.06293469e-05 9.61332884e-05 1.01678835e-04 1.07271696e-04 1.12917689e-04 1.18622751e-04 1.24392948e-04 1.30234484e-04 1.36153713e-04 1.42157153e-04 1.48251494e-04 1.54443611e-04 1.60740579e-04 1.67149684e-04 1.73678437e-04 1.80334593e-04 1.87126159e-04 1.94061419e-04 2.01148943e-04 2.08397611e-04 2.15816630e-04 2.23415554e-04 2.31204305e-04 2.39193199e-04 2.47392967e-04 2.55814782e-04 2.64470287e-04 2.73371623e-04 2.82531464e-04 2.91963045e-04 3.01680203e-04 3.11697412e-04 3.22029828e-04 3.32693328e-04 3.43704566e-04 3.55081017e-04 3.66841035e-04 3.79003917e-04 3.91589964e-04 4.04620553e-04 4.18118216e-04 4.32106722e-04
-4.14328200e-04 -3.98012026e-04 -3.82247518e-04 -3.67008435e-04 -3.52269948e-04 -3.38008549e-04 -3.24201957e-04 -3.10829044e-04 -2.97869752e-04 -2.85305031e-04 -2.73116767e-04 -2.61287730e-04 -2.49801512e-04 -2.38642480e-04 -2.27795723e-04 -2.17247015e-04 -2.06982763e-04 -1.96989976e-04 -1.87256224e-04 -1.77769606e-04 -1.68518715e-04 -1.59492609e-04 -1.50680783e-04 -1.42073142e-04 -1.33659974e-04 -1.25431926e-04 -1.17379985e-04 -1.09495452e-04 -1.01769922e-04 -9.41952696e-05 -8.67636235e-05 -7.94673544e-05 -7.22990558e-05 -6.52515289e-05 -5.83177669e-05 -5.14909409e-05 -4.47643854e-05 -3.81315855e-05 -3.15861633e-05 -2.51218658e-05 -1.87325527e-05 -1.24121851e-05 -6.15481342e-06 4.54327137e-08 6.19435583e-06 1.22977008e-05 1.83611653e-05 2.43904095e-05 3.03910664e-05 3.63687516e-05 4.23290723e-05 4.82776380e-05 5.42200690e-05 6.01620066e-05 6.61091225e-05 7.20671280e-05 7.80417842e-05 8.40389114e-05 9.00643989e-05 9.61242152e-05 1.02224418e-04 1.08371164e-04 1.14570722e-04 1.20829479e-04 1.27153957e-04 1.33550821e-04 1.40026891e-04 1.46589157e-04 1.53244789e-04 1.60001150e-04 1.66865814e-04 1.73846577e-04 1.80951472e-04 1.88188789e-04 1.95567085e-04 2.03095208e-04 2.10782314e-04 2.18637884e-04 2.26671746e-04 2.34894099e-04 2.43315535e-04 2.51947060e-04 2.60800127e-04 2.69886658e-04 2.79219076e-04 2.88810337e-04 2.98673962e-04 3.08824074e-04 3.19275437e-04 3.30043494e-04 3.41144416e-04 3.52595147e-04 3.64413452e-04 3.76617977e-04 3.89228303e-04 4.02265016e-04 4.15749769e-04 4.29705360e-04 4.44155812e-04 4.59126462e-04 4.74644056e-04
-4.66312019e-04 -4.48122382e-04 -4.30551765e-04 -4.13570392e-04 -3.97150104e-04 -3.81264248e-04 -3.65887578e-04 -3.50996160e-04 -3.36567288e-04 -3.22579406e-04 -3.09012028e-04 -2.95845680e-04 -2.83061824e-04 -2.70642811e-04 -2.58571816e-04 -2.46832793e-04 -2.35410425e-04 -2.24290077e-04 -2.13457758e-04 -2.02900076e-04 -1.92604206e-04 -1.82557855e-04 -1.72749224e-04 -1.63166982e-04 -1.53800237e-04 -1.44638506e-04 -1.35671690e-04 -1.26890049e-04 -1.18284181e-04 -1.09844998e-04 -1.01563703e-04 -9.34317755e-05 -8.54409470e-05 -7.75831863e-05 -6.98506810e-05 -6.22358207e-05 -5.47311817e-05 -4.73295114e-05 -4.00237136e-05 -3.28068346e-05 -2.56720493e-05 -1.86126483e-05 -1.16220247e-05 -4.69366168e-06 2.17887914e-06 9.00197014e-06 1.57819290e-05 2.25250301e-05 2.92375158e-05 3.59256075e-05 4.25955164e-05 4.92534546e-05 5.59056458e-05 6.25583358e-05 6.92178040e-05 7.58903733e-05 8.25824217e-05 8.93003931e-05 9.60508083e-05 1.02840277e-04 1.09675507e-04 1.16563320e-04 1.23510661e-04 1.30524609e-04 1.37612395e-04 1.44781409e-04 1.52039218e-04 1.59393578e-04 1.66852451e-04 1.74424017e-04 1.82116691e-04 1.89939142e-04 1.97900306e-04 2.06009409e-04 2.14275982e-04 2.22709885e-04 2.31321326e-04 2.40120882e-04 2.49119527e-04 2.58328652e-04 2.67760098e-04 2.77426178e-04 2.87339709e-04 2.97514046e-04 3.07963115e-04 3.18701447e-04 3.29744218e-04 3.41107294e-04 3.52807266e-04 3.64861509e-04 3.77288221e-04 3.90106488e-04 4.03336334e-04 4.16998788e-04 4.31115951e-04 4.45711068e-04 4.60808609e-04 4.76434350e-04 4.92615470e-04 5.09380648e-04 5.26760173e-04
-5.27553705e-04 -5.07165595e-04 -4.87475093e-04 -4.68448324e-04 -4.50053257e-04 -4.32259584e-04 -4.15038607e-04 -3.98363133e-04 -3.82207370e-04 -3.66546844e-04 -3.51358308e-04 -3.36619668e-04 -3.22309910e-04 -3.08409029e-04 -2.94897968e-04 -2.81758562e-04 -2.68973475e-04 -2.56526158e-04 -2.44400791e-04 -2.32582248e-04 -2.21056044e-04 -2.09808303e-04 -1.98825718e-04 -1.88095513e-04 -1.77605413e-04 -1.67343613e-04 -1.57298745e-04 -1.47459852e-04 -1.37816361e-04 -1.28358059e-04 -1.19075065e-04 -1.09957813e-04 -1.00997026e-04 -9.21836978e-05 -8.35090704e-05 -7.49646182e-05 -6.65420283e-05 -5.82331832e-05 -5.00301444e-05 -4.19251365e-05 -3.39105310e-05 -2.59788320e-05 -1.81226611e-05 -1.03347438e-05 -2.60789519e-06 5.06499323e-06 1.26909667e-05 2.02770202e-05 2.78301111e-05 3.53571716e-05 4.28651215e-05 5.03608800e-05 5.78513784e-05 6.53435720e-05 7.28444527e-05 8.03610607e-05 8.79004976e-05 9.54699384e-05 1.03076644e-04 1.10727976e-04 1.18431406e-04 1.26194532e-04 1.34025092e-04 1.41930977e-04 1.49920245e-04 1.58001140e-04 1.66182100e-04 1.74471782e-04 1.82879072e-04 1.91413104e-04 2.00083280e-04 2.08899290e-04 2.17871126e-04 2.27009109e-04 2.36323909e-04 2.45826568e-04 2.55528523e-04 2.65441634e-04 2.75578210e-04 2.85951041e-04 2.96573421e-04 3.07459189e-04 3.18622758e-04 3.30079155e-04 3.41844056e-04 3.53933833e-04 3.66365593e-04 3.79157229e-04 3.92327471e-04 4.05895936e-04 4.19883192e-04 4.34310815e-04 4.49201461e-04 4.64578934e-04 4.80468265e-04 4.96895797e-04 5.13889273e-04 5.31477932e-04 5.49692620e-04 5.68565896e-04 5.88132164e-04
-5.97595799e-04 -5.74698042e-04 -5.52587390e-04 -5.31225306e-04 -5.10575361e-04 -4.90603095e-04 -4.71275886e-04 -4.52562831e-04 -4.34434631e-04 -4.16863489e-04 -3.99823017e-04 -3.83288141e-04 -3.67235021e-04 -3.51640976e-04 -3.36484404e-04 -3.21744723e-04 -3.07402302e-04 -2.93438406e-04 -2.79835137e-04 -2.66575384e-04 -2.53642775e-04 -2.41021630e-04 -2.28696919e-04 -2.16654219e-04 -2.04879681e-04 -1.93359990e-04 -1.82082329e-04 -1.71034354e-04 -1.60204157e-04 -1.49580240e-04 -1.39151487e-04 -1.28907138e-04 -1.18836766e-04 -1.08930250e-04 -9.91777553e-05 -8.95697108e-05 -8.00967887e-05 -7.07498847e-05 -6.15200990e-05 -5.23987178e-05 -4.33771961e-05 -3.44471402e-05 -2.56002913e-05 -1.68285096e-05 -8.12375838e-06 5.21911043e-07 9.11637436e-06 1.76674489e-05 2.61829081e-05 3.46704955e-05 4.31379394e-05 5.15929660e-05 6.00433142e-05 6.84967485e-05 7.69610740e-05 8.54441495e-05 9.39539018e-05 1.02498340e-04 1.11085570e-04 1.19723810e-04 1.28421402e-04 1.37186831e-04 1.46028741e-04 1.54955945e-04 1.63977449e-04 1.73102465e-04 1.82340429e-04 1.91701021e-04 2.01194183e-04 2.10830138e-04 2.20619412e-04 2.30572856e-04 2.40701669e-04 2.51017420e-04 2.61532075e-04 2.72258023e-04 2.83208104e-04 2.94395639e-04 3.05834460e-04 3.17538945e-04 3.29524050e-04 3.41805349e-04 3.54399075e-04 3.67322156e-04 3.80592266e-04 3.94227870e-04 4.08248275e-04 4.22673684e-04 4.37525258e-04 4.52825171e-04 4.68596683e-04 4.84864210e-04 5.01653399e-04 5.18991211e-04 5.36906012e-04 5.55427664e-04 5.74587632e-04 5.94419093e-04 6.14957056e-04 6.36238491e-04 6.58302472e-04
-6.75844499e-04 -6.50145615e-04 -6.25333630e-04 -6.01364820e-04 -5.78197862e-04 -5.55793668e-04 -5.34115245e-04 -5.13127555e-04 -4.92797390e-04 -4.73093250e-04 -4.53985240e-04 -4.35444966e-04 -4.17445437e-04 -3.99960982e-04 -3.82967164e-04 -3.66440703e-04 -3.50359406e-04 -3.34702100e-04 -3.19448565e-04 -3.04579480e-04 -2.90076361e-04 -2.75921518e-04 -2.62097997e-04 -2.48589538e-04 -2.35380533e-04 -2.22455980e-04 -2.09801449e-04 -1.97403045e-04 -1.85247370e-04 -1.73321492e-04 -1.61612916e-04 -1.50109550e-04 -1.38799682e-04 -1.27671948e-04 -1.16715311e-04 -1.05919033e-04 -9.52726534e-05 -8.47659663e-05 -7.43889990e-05 -6.41319909e-05 -5.39853736e-05 -4.39397517e-05 -3.39858838e-05 -2.41146646e-05 -1.43171069e-05 -4.58432445e-06 5.09248507e-06 1.47220566e-05 2.43130739e-05 3.38741860e-05 4.34140229e-05 5.29412114e-05 6.24643910e-05 7.19922293e-05 8.15334383e-05 9.10967897e-05 1.00691131e-04 1.10325402e-04 1.20008651e-04 1.29750051e-04 1.39558916e-04 1.49444720e-04 1.59417115e-04 1.69485946e-04 1.79661274e-04 1.89953393e-04 2.00372850e-04 2.10930467e-04 2.21637364e-04 2.32504976e-04 2.43545086e-04 2.54769840e-04 2.66191780e-04 2.77823869e-04 2.89679519e-04 3.01772623e-04 3.14117584e-04 3.26729351e-04 3.39623457e-04 3.52816052e-04 3.66323944e-04 3.80164646e-04 3.94356416e-04 4.08918307e-04 4.23870219e-04 4.39232953e-04 4.55028269e-04 4.71278948e-04 4.88008859e-04 5.05243030e-04 5.23007723e-04 5.41330519e-04 5.60240400e-04 5.79767848e-04 5.99944943e-04 6.20805471e-04 6.42385045e-04 6.64721225e-04 6.87853658e-04 7.11824224e-04 7.36677193e-04
-7.61568284e-04 -7.32802335e-04 -7.05032507e-04 -6.78209409e-04 -6.52286361e-04 -6.27219219e-04 -6.02966207e-04 -5.79487763e-04 -5.56746399e-04 -5.34706565e-04 -5.13334528e-04 -4.92598255e-04 -4.72467306e-04 -4.52912738e-04 -4.33907006e-04 -4.15423877e-04 -3.97438353e-04 -3.79926587e-04 -3.62865820e-04 -3.46234305e-04 -3.30011251e-04 -3.14176761e-04 -2.98711776e-04 -2.83598022e-04 -2.68817964e-04 -2.54354756e-04 -2.40192199e-04 -2.26314698e-04 -2.12707224e-04 -1.99355276e-04 -1.86244846e-04 -1.73362386e-04 -1.60694774e-04 -1.48229288e-04 -1.35953572e-04 -1.23855611e-04 -1.11923704e-04 -1.00146441e-04 -8.85126720e-05 -7.70114918e-05 -6.56322116e-05 -5.43643394e-05 -4.31975583e-05 -3.21217064e-05 -2.11267559e-05 -1.02027947e-05 6.59993649e-07 1.14713482e-05 2.22409492e-05 3.29784362e-05 4.36934260e-05 5.43955307e-05 6.50943753e-05 7.57996156e-05 8.65209559e-05 9.72681668e-05 1.08051103e-04 1.18879723e-04 1.29764105e-04 1.40714468e-04 1.51741189e-04 1.62854824e-04 1.74066128e-04 1.85386076e-04 1.96825883e-04 2.08397026e-04 2.20111268e-04 2.31980682e-04 2.44017675e-04 2.56235012e-04 2.68645847e-04 2.81263748e-04 2.94102725e-04 3.07177266e-04 3.20502367e-04 3.34093566e-04 3.47966977e-04 3.62139336e-04 3.76628032e-04 3.91451158e-04 4.06627550e-04 4.22176842e-04 4.38119511e-04 4.54476936e-04 4.71271455e-04 4.88526426e-04 5.06266295e-04 5.24516665e-04 5.43304373e-04 5.62657568e-04 5.82605802e-04 6.03180116e-04 6.24413147e-04 6.46339227e-04 6.68994501e-04 6.92417051e-04 7.16647023e-04 7.41726774e-04 7.67701023e-04 7.94617014e-04 8.22524698e-04
-8.53896842e-04 -8.21829273e-04 -7.90875338e-04 -7.60979556e-04 -7.32089495e-04 -7.04155570e-04 -6.77130864e-04 -6.50970950e-04 -6.25633734e-04 -6.01079308e-04 -5.77269807e-04 -5.54169285e-04 -5.31743588e-04 -5.09960250e-04 -4.88788379e-04 -4.68198565e-04 -4.48162787e-04 -4.28654323e-04 -4.09647675e-04 -3.91118488e-04 -3.73043485e-04 -3.55400392e-04 -3.38167883e-04 -3.21325519e-04 -3.04853688e-04 -2.88733557e-04 -2.72947023e-04 -2.57476663e-04 -2.42305690e-04 -2.27417913e-04 -2.12797699e-04 -1.98429928e-04 -1.84299966e-04 -1.70393624e-04 -1.56697129e-04 -1.43197091e-04 -1.29880476e-04 -1.16734574e-04 -1.03746974e-04 -9.09055341e-05 -7.81983624e-05 -6.56137868e-05 -5.31403334e-05 -4.07667032e-05 -2.84817496e-05 -1.62744566e-05 -4.13391691e-06 7.95068850e-06 1.99901115e-05 3.19950570e-05 4.39762034e-05 5.59442223e-05 6.79097988e-05 7.98836512e-05 9.18765511e-05 1.03899343e-04 1.15962967e-04 1.28078473e-04 1.40257050e-04 1.52510042e-04 1.64848967e-04 1.77285548e-04 1.89831725e-04 2.02499687e-04 2.15301891e-04 2.28251087e-04 2.41360347e-04 2.54643088e-04 2.68113103e-04 2.81784588e-04 2.95672172e-04 3.09790949e-04 3.24156515e-04 3.38784997e-04 3.53693094e-04 3.68898115e-04 3.84418017e-04 4.00271456e-04 4.16477822e-04 4.33057297e-04 4.50030903e-04 4.67420553e-04 4.85249117e-04 5.03540475e-04 5.22319590e-04 5.41612574e-04 5.61446763e-04 5.81850797e-04 6.02854709e-04 6.24490007e-04 6.46789783e-04 6.69788805e-04 6.93523640e-04 7.18032763e-04 7.43356696e-04 7.69538136e-04 7.96622110e-04 8.24656129e-04 8.53690364e-04 8.83777826e-04 9.14974566e-04
-9.51820323e-04 -9.16253746e-04 -8.81925218e-04 -8.48772820e-04 -8.16738036e-04 -7.85765530e-04 -7.55802942e-04 -7.26800698e-04 -6.98711830e-04 -6.71491813e-04 -6.45098412e-04 -6.19491530e-04 -5.94633086e-04 -5.70486878e-04 -5.47018471e-04 -5.24195088e-04 -5.01985505e-04 -4.80359955e-04 -4.59290037e-04 -4.38748635e-04 -4.18709832e-04 -3.99148843e-04 -3.80041937e-04 -3.61366377e-04 -3.43100356e-04 -3.25222934e-04 -3.07713990e-04 -2.90554163e-04 -2.73724807e-04 -2.57207939e-04 -2.40986203e-04 -2.25042817e-04 -2.09361541e-04 -1.93926636e-04 -1.78722827e-04 -1.63735269e-04 -1.48949513e-04 -1.34351475e-04 -1.19927405e-04 -1.05663858e-04 -9.15476628e-05 -7.75658996e-05 -6.37058693e-05 -4.99550692e-05 -3.63011680e-05 -2.27319810e-05 -9.23544641e-06 4.20039833e-06 1.75874394e-05 3.09375097e-05 4.42624111e-05 5.75739368e-05 7.08838939e-05 8.42041255e-05 9.75465330e-05 1.10923098e-04 1.24345907e-04 1.37827170e-04 1.51379249e-04 1.65014677e-04 1.78746185e-04 1.92586725e-04 2.06549497e-04 2.20647972e-04 2.34895923e-04 2.49307448e-04 2.63897005e-04 2.78679435e-04 2.93669997e-04 3.08884402e-04 3.24338841e-04 3.40050029e-04 3.56035235e-04 3.72312324e-04 3.88899800e-04 4.05816847e-04 4.23083375e-04 4.40720072e-04 4.58748450e-04 4.77190904e-04 4.96070767e-04 5.15412374e-04 5.35241123e-04 5.55583548e-04 5.76467391e-04 5.97921680e-04 6.19976815e-04 6.42664655e-04 6.66018613e-04 6.90073760e-04 7.14866933e-04 7.40436850e-04 7.66824236e-04 7.94071958e-04 8.22225165e-04 8.51331443e-04 8.81440981e-04 9.12606745e-04 9.44884671e-04 9.78333867e-04 1.01301683e-03
-1.05418891e-03 -1.01496882e-03 -9.77116457e-04 -9.40563205e-04 -9.05244218e-04 -8.71098172e-04 -8.38067041e-04 -8.06095888e-04 -7.75132669e-04 -7.45128048e-04 -7.16035231e-04 -6.87809802e-04 -6.60409577e-04 -6.33794464e-04 -6.07926334e-04 -5.82768895e-04 -5.58287586e-04 -5.34449460e-04 -5.11223093e-04 -4.88578483e-04 -4.66486966e-04 -4.44921131e-04 -4.23854743e-04 -4.03262667e-04 -3.83120802e-04 -3.63406014e-04 -3.44096076e-04 -3.25169607e-04 -3.06606017e-04 -2.88385460e-04 -2.70488777e-04 -2.52897456e-04 -2.35593581e-04 -2.18559796e-04 -2.01779260e-04 -1.85235608e-04 -1.68912918e-04 -1.52795673e-04 -1.36868727e-04 -1.21117273e-04 -1.05526809e-04 -9.00831123e-05 -7.47722071e-05 -5.95803353e-05 -4.44939304e-05 -2.94995892e-05 -1.45840460e-05 2.65853822e-07 1.50631792e-05 2.98209388e-05 4.45521059e-05 5.92696433e-05 7.39865277e-05 8.87157749e-05 1.03470464e-04 1.18263763e-04 1.33108952e-04 1.48019451e-04 1.63008846e-04 1.78090909e-04 1.93279635e-04 2.08589260e-04 2.24034294e-04 2.39629548e-04 2.55390166e-04 2.71331653e-04 2.87469910e-04 3.03821263e-04 3.20402502e-04 3.37230916e-04 3.54324329e-04 3.71701140e-04 3.89380368e-04 4.07381690e-04 4.25725491e-04 4.44432913e-04 4.63525902e-04 4.83027265e-04 5.02960728e-04 5.23350994e-04 5.44223809e-04 5.65606030e-04 5.87525695e-04 6.10012106e-04 6.33095902e-04 6.56809156e-04 6.81185461e-04 7.06260030e-04 7.32069807e-04 7.58653574e-04 7.86052073e-04 8.14308141e-04 8.43466839e-04 8.73575606e-04 9.04684416e-04 9.36845949e-04 9.70115768e-04 1.00455252e-03 1.04021814e-03 1.07717809e-03 1.11550157e-03
-1.15971275e-03 -1.11673312e-03 -1.07525429e-03 -1.03520079e-03 -9.96501291e-04 -9.59088328e-04 -9.22898072e-04 -8.87870088e-04 -8.53947125e-04 -8.21074917e-04 -7.89201991e-04 -7.58279498e-04 -7.28261046e-04 -6.99102551e-04 -6.70762088e-04 -6.43199763e-04 -6.16377582e-04 -5.90259339e-04 -5.64810501e-04 -5.39998106e-04 -5.15790666e-04 -4.92158075e-04 -4.69071523e-04 -4.46503415e-04 -4.24427296e-04 -4.02817774e-04 -3.81650460e-04 -3.60901896e-04 -3.40549502e-04 -3.20571509e-04 -3.00946914e-04 -2.81655422e-04 -2.62677399e-04 -2.43993827e-04 -2.25586255e-04 -2.07436760e-04 -1.89527905e-04 -1.71842700e-04 -1.54364567e-04 -1.37077297e-04 -1.19965026e-04 -1.03012190e-04 -8.62035023e-05 -6.95239156e-05 -5.29585945e-05 -3.64928846e-05 -2.01122838e-05 -3.80241306e-06 1.24510113e-05 2.86622056e-05 4.48453460e-05 6.10145964e-05 7.71841350e-05 9.33681818e-05 1.09581026e-04 1.25837052e-04 1.42150769e-04 1.58536839e-04 1.75010101e-04 1.91585607e-04 2.08278643e-04 2.25104767e-04 2.42079836e-04 2.59220035e-04 2.76541918e-04 2.94062433e-04 3.11798964e-04 3.29769364e-04 3.47991995e-04 3.66485767e-04 3.85270179e-04 4.04365364e-04 4.23792136e-04 4.43572034e-04 4.63727377e-04 4.84281314e-04 5.05257885e-04 5.26682076e-04 5.48579883e-04 5.70978383e-04 5.93905798e-04 6.17391577e-04 6.41466470e-04 6.66162619e-04 6.91513643e-04 7.17554736e-04 7.44322772e-04 7.71856410e-04 8.00196215e-04 8.29384780e-04 8.59466858e-04 8.90489506e-04 9.22502238e-04 9.55557185e-04 9.89709267e-04 1.02501639e-03 1.06153962e-03 1.09934343e-03 1.13849591e-03 1.17906900e-03 1.22113878e-03
-1.26696214e-03 -1.22017093e-03 -1.17501488e-03 -1.13141163e-03 -1.08928331e-03 -1.04855629e-03 -1.00916088e-03 -9.71031111e-04 -9.34104468e-04 -8.98321713e-04 -8.63626656e-04 -8.29965971e-04 -7.97289020e-04 -7.65547684e-04 -7.34696209e-04 -7.04691059e-04 -6.75490776e-04 -6.47055858e-04 -6.19348633e-04 -5.92333147e-04 -5.65975057e-04 -5.40241535e-04 -5.15101168e-04 -4.90523875e-04 -4.66480816e-04 -4.42944324e-04 -4.19887820e-04 -3.97285750e-04 -3.75113514e-04 -3.53347407e-04 -3.31964557e-04 -3.10942868e-04 -2.90260969e-04 -2.69898158e-04 -2.49834360e-04 -2.30050075e-04 -2.10526333e-04 -1.91244657e-04 -1.72187017e-04 -1.53335792e-04 -1.34673733e-04 -1.16183925e-04 -9.78497543e-05 -7.96548694e-05 -6.15831522e-05 -4.36186827e-05 -2.57457081e-05 -7.94861141e-06 9.78811962e-06 2.74799226e-05 4.51421905e-05 6.27903017e-05 8.04396496e-05 9.81056721e-05 1.15803882e-04 1.33549895e-04 1.51359463e-04 1.69248501e-04 1.87233122e-04 2.05329665e-04 2.23554729e-04 2.41925204e-04 2.60458310e-04 2.79171624e-04 2.98083123e-04 3.17211218e-04 3.36574792e-04 3.56193240e-04 3.76086516e-04 3.96275168e-04 4.16780392e-04 4.37624072e-04 4.58828837e-04 4.80418110e-04 5.02416165e-04 5.24848184e-04 5.47740321e-04 5.71119764e-04 5.95014809e-04 6.19454928e-04 6.44470850e-04 6.70094642e-04 6.96359797e-04 7.23301325e-04 7.50955857e-04 7.79361744e-04 8.08559173e-04 8.38590284e-04 8.69499300e-04 9.01332663e-04 9.34139175e-04 9.67970158e-04 1.00287962e-03 1.03892442e-03 1.07616447e-03 1.11466295e-03 1.15448648e-03 1.19570540e-03 1.23839399e-03 1.28263075e-03 1.32849867e-03
-1.37436820e-03 -1.32377261e-03 -1.27494556e-03 -1.22779786e-03 -1.18224517e-03 -1.13820774e-03 -1.09561009e-03 -1.05438076e-03 -1.01445202e-03 -9.75759715e-04 -9.38242967e-04 -9.01844014e-04 -8.66508003e-04 -8.32182815e-04 -7.98818893e-04 -7.66369085e-04 -7.34788498e-04 -7.04034353e-04 -6.74065862e-04 -6.44844098e-04 -6.16331886e-04 -5.88493689e-04 -5.61295510e-04 -5.34704794e-04 -5.08690339e-04 -4.83222208e-04 -4.58271650e-04 -4.33811024e-04 -4.09813727e-04 -3.86254125e-04 -3.63107488e-04 -3.40349931e-04 -3.17958353e-04 -2.95910382e-04 -2.74184324e-04 -2.52759109e-04 -2.31614248e-04 -2.10729780e-04 -1.90086234e-04 -1.69664582e-04 -1.49446200e-04 -1.29412827e-04 -1.09546529e-04 -8.98296584e-05 -7.02448201e-05 -5.07748352e-05 -3.14027069e-05 -1.21115861e-05 7.11526160e-06 2.62944889e-05 4.54426995e-05 6.45764804e-05 8.37124337e-05 1.02867210e-04 1.22057538e-04 1.41300260e-04 1.60612363e-04 1.80011012e-04 1.99513584e-04 2.19137700e-04 2.38901265e-04 2.58822497e-04 2.78919968e-04 2.99212643e-04 3.19719915e-04 3.40461648e-04 3.61458217e-04 3.82730555e-04 4.04300194e-04 4.26189317e-04 4.48420802e-04 4.71018280e-04 4.94006185e-04 5.17409811e-04 5.41255378e-04 5.65570089e-04 5.90382200e-04 6.15721091e-04 6.41617339e-04 6.68102803e-04 6.95210699e-04 7.22975700e-04 7.51434021e-04 7.80623526e-04 8.10583836e-04 8.41356437e-04 8.72984806e-04 9.05514543e-04 9.38993501e-04 9.73471941e-04 1.00900269e-03 1.04564129e-03 1.08344620e-03 1.12247900e-03 1.16280453e-03 1.20449120e-03 1.24761113e-03 1.29224047e-03 1.33845964e-03 1.38635360e-03 1.43601219e-03
-1.48022372e-03 -1.42589539e-03 -1.37346548e-03 -1.32283817e-03 -1.27392287e-03 -1.22663388e-03 -1.18089010e-03 -1.13661473e-03 -1.09373499e-03 -1.05218193e-03 -1.01189011e-03 -9.72797460e-04 -9.34845027e-04 -8.97976795e-04 -8.62139507e-04 -8.27282492e-04 -7.93357506e-04 -7.60318583e-04 -7.28121897e-04 -6.96725625e-04 -6.66089828e-04 -6.36176333e-04 -6.06948620e-04 -5.78371726e-04 -5.50412139e-04 -5.23037711e-04 -4.96217573e-04 -4.69922048e-04 -4.44122576e-04 -4.18791642e-04 -3.93902704e-04 -3.69430129e-04 -3.45349128e-04 -3.21635698e-04 -2.98266564e-04 -2.75219126e-04 -2.52471406e-04 -2.30002000e-04 -2.07790025e-04 -1.85815081e-04 -1.64057199e-04 -1.42496807e-04 -1.21114677e-04 -9.98918978e-05 -7.88098256e-05 -5.78500520e-05 -3.69943643e-05 -1.62247097e-05 4.47684036e-06 2.51281262e-05 4.57469346e-05 6.63510333e-05 8.69582063e-05 1.07586288e-04 1.28253197e-04 1.48976974e-04 1.69775813e-04 1.90668100e-04 2.11672448e-04 2.32807731e-04 2.54093129e-04 2.75548157e-04 2.97192714e-04 3.19047114e-04 3.41132137e-04 3.63469066e-04 3.86079736e-04 4.08986579e-04 4.32212672e-04 4.55781792e-04 4.79718463e-04 5.04048019e-04 5.28796657e-04 5.53991502e-04 5.79660670e-04 6.05833336e-04 6.32539812e-04 6.59811613e-04 6.87681547e-04 7.16183796e-04 7.45354008e-04 7.75229393e-04 8.05848824e-04 8.37252947e-04 8.69484296e-04 9.02587413e-04 9.36608985e-04 9.71597975e-04 1.00760578e-03 1.04468637e-03 1.08289649e-03 1.12229581e-03 1.16294712e-03 1.20491654e-03 1.24827376e-03 1.29309223e-03 1.33944945e-03 1.38742719e-03 1.43711183e-03 1.48859462e-03 1.54197202e-03
-1.58268452e-03 -1.52476438e-03 -1.46886638e-03 -1.41488845e-03 -1.36273404e-03 -1.31231182e-03 -1.26353535e-03 -1.21632276e-03 -1.17059648e-03 -1.12628298e-03 -1.08331252e-03 -1.04161891e-03 -1.00113930e-03 -9.61813967e-04 -9.23586130e-04 -8.86401765e-04 -8.50209440e-04 -8.14960150e-04 -7.80607173e-04 -7.47105927e-04 -7.14413838e-04 -6.82490216e-04 -6.51296138e-04 -6.20794340e-04 -5.90949107e-04 -5.61726183e-04 -5.33092673e-04 -5.05016958e-04 -4.77468609e-04 -4.50418314e-04 -4.23837800e-04 -3.97699764e-04 -3.71977803e-04 -3.46646357e-04 -3.21680639e-04 -2.97056586e-04 -2.72750798e-04 -2.48740488e-04 -2.25003426e-04 -2.01517898e-04 -1.78262651e-04 -1.55216853e-04 -1.32360045e-04 -1.09672102e-04 -8.71331885e-05 -6.47237176e-05 -4.24243138e-05 -2.02157724e-05 1.92097850e-06 2.40049156e-05 4.60549580e-05 6.80900041e-05 9.01289688e-05 1.12190820e-04 1.34294616e-04 1.56459543e-04 1.78704952e-04 2.01050397e-04 2.23515673e-04 2.46120857e-04 2.68886346e-04 2.91832899e-04 3.14981681e-04 3.38354303e-04 3.61972868e-04 3.85860020e-04 4.10038988e-04 4.34533638e-04 4.59368527e-04 4.84568956e-04 5.10161024e-04 5.36171692e-04 5.62628844e-04 5.89561353e-04 6.16999150e-04 6.44973296e-04 6.73516062e-04 7.02661008e-04 7.32443069e-04 7.62898650e-04 7.94065715e-04 8.25983900e-04 8.58694612e-04 8.92241151e-04 9.26668830e-04 9.62025108e-04 9.98359726e-04 1.03572486e-03 1.07417527e-03 1.11376848e-03 1.15456495e-03 1.19662827e-03 1.24002535e-03 1.28482667e-03 1.33110647e-03 1.37894304e-03 1.42841895e-03 1.47962133e-03 1.53264221e-03 1.58757880e-03 1.64453384e-03
-1.67977109e-03 -1.61847404e-03 -1.55931388e-03 -1.50218278e-03 -1.44697872e-03 -1.39360516e-03 -1.34197073e-03 -1.29198889e-03 -1.24357762e-03 -1.19665918e-03 -1.15115984e-03 -1.10700959e-03 -1.06414198e-03 -1.02249386e-03 -9.82005174e-04 -9.42618796e-04 -9.04280334e-04 -8.66937967e-04 -8.30542286e-04 -7.95046146e-04 -7.60404527e-04 -7.26574403e-04 -6.93514616e-04 -6.61185765e-04 -6.29550090e-04 -5.98571370e-04 -5.68214829e-04 -5.38447039e-04 -5.09235835e-04 -4.80550232e-04 -4.52360344e-04 -4.24637313e-04 -3.97353236e-04 -3.70481098e-04 -3.43994708e-04 -3.17868638e-04 -2.92078162e-04 -2.66599203e-04 -2.41408278e-04 -2.16482446e-04 -1.91799256e-04 -1.67336704e-04 -1.43073180e-04 -1.18987427e-04 -9.50584964e-05 -7.12657038e-05 -4.75885877e-05 -2.40068681e-05 -5.00406187e-07 2.29508357e-05 4.63668336e-05 6.97675415e-05 9.31729301e-05 1.16603026e-04 1.40077951e-04 1.63617961e-04 1.87243487e-04 2.10975174e-04 2.34833921e-04 2.58840926e-04 2.83017726e-04 3.07386239e-04 3.31968812e-04 3.56788264e-04 3.81867937e-04 4.07231742e-04 4.32904209e-04 4.58910545e-04 4.85276684e-04 5.12029348e-04 5.39196106e-04 5.66805437e-04 5.94886795e-04 6.23470684e-04 6.52588724e-04 6.82273733e-04 7.12559809e-04 7.43482411e-04 7.75078458e-04 8.07386417e-04 8.40446415e-04 8.74300336e-04 9.08991946e-04 9.44567011e-04 9.81073427e-04 1.01856136e-03 1.05708338e-03 1.09669465e-03 1.13745305e-03 1.17941940e-03 1.22265760e-03 1.26723487e-03 1.31322194e-03 1.36069331e-03 1.40972746e-03 1.46040711e-03 1.51281955e-03 1.56705685e-03 1.62321624e-03 1.68140044e-03 1.74171798e-03
-1.76937062e-03 -1.70498988e-03 -1.64284890e-03 -1.58283472e-03 -1.52484043e-03 -1.46876488e-03 -1.41451230e-03 -1.36199199e-03 -1.31111797e-03 -1.26180874e-03 -1.21398698e-03 -1.16757932e-03 -1.12251606e-03 -1.07873098e-03 -1.03616110e-03 -9.94746527e-04 -9.54430207e-04 -9.15157798e-04 -8.76877482e-04 -8.39539817e-04 -8.03097586e-04 -7.67505667e-04 -7.32720897e-04 -6.98701953e-04 -6.65409234e-04 -6.32804759e-04 -6.00852057e-04 -5.69516074e-04 -5.38763081e-04 -5.08560586e-04 -4.78877253e-04 -4.49682824e-04 -4.20948041e-04 -3.92644581e-04 -3.64744985e-04 -3.37222593e-04 -3.10051486e-04 -2.83206424e-04 -2.56662789e-04 -2.30396535e-04 -2.04384130e-04 -1.78602510e-04 -1.53029025e-04 -1.27641399e-04 -1.02417675e-04 -7.73361768e-05 -5.23754619e-05 -2.75142784e-05 -2.73152298e-06 2.19938012e-05 4.66826261e-05 7.13558599e-05 9.60344282e-05 1.20739315e-04 1.45491603e-04 1.70312518e-04 1.95223466e-04 2.20246078e-04 2.45402254e-04 2.70714204e-04 2.96204494e-04 3.21896092e-04 3.47812414e-04 3.73977372e-04 4.00415425e-04 4.27151629e-04 4.54211693e-04 4.81622031e-04 5.09409824e-04 5.37603077e-04 5.66230684e-04 5.95322493e-04 6.24909379e-04 6.55023312e-04 6.85697438e-04 7.16966157e-04 7.48865212e-04 7.81431776e-04 8.14704550e-04 8.48723862e-04 8.83531778e-04 9.19172209e-04 9.55691040e-04 9.93136250e-04 1.03155805e-03 1.07100904e-03 1.11154435e-03 1.15322178e-03 1.19610204e-03 1.24024887e-03 1.28572927e-03 1.33261371e-03 1.38097633e-03 1.43089522e-03 1.48245264e-03 1.53573529e-03 1.59083462e-03 1.64784714e-03 1.70687471e-03 1.76802493e-03 1.83141148e-03
-1.84923943e-03 -1.78215063e-03 -1.71738952e-03 -1.65483879e-03 -1.59438743e-03 -1.53593037e-03 -1.47936813e-03 -1.42460645e-03 -1.37155601e-03 -1.32013212e-03 -1.27025442e-03 -1.22184664e-03 -1.17483635e-03 -1.12915470e-03 -1.08473624e-03 -1.04151868e-03 -9.99442720e-04 -9.58451853e-04 -9.18492204e-04 -8.79512366e-04 -8.41463246e-04 -8.04297922e-04 -7.67971514e-04 -7.32441052e-04 -6.97665360e-04 -6.63604940e-04 -6.30221868e-04 -5.97479693e-04 -5.65343343e-04 -5.33779030e-04 -5.02754170e-04 -4.72237299e-04 -4.42197994e-04 -4.12606805e-04 -3.83435180e-04 -3.54655399e-04 -3.26240511e-04 -2.98164273e-04 -2.70401090e-04 -2.42925961e-04 -2.15714420e-04 -1.88742487e-04 -1.61986616e-04 -1.35423646e-04 -1.09030753e-04 -8.27854003e-05 -5.66652980e-05 -3.06483533e-05 -4.71262841e-06 2.11637035e-05 4.70024015e-05 7.28251999e-05 9.86538508e-05 1.24510167e-04 1.50416064e-04 1.76393605e-04 2.02465042e-04 2.28652860e-04 2.54979824e-04 2.81469020e-04 3.08143908e-04 3.35028361e-04 3.62146722e-04 3.89523847e-04 4.17185163e-04 4.45156717e-04 4.73465234e-04 5.02138175e-04 5.31203795e-04 5.60691209e-04 5.90630455e-04 6.21052564e-04 6.51989633e-04 6.83474901e-04 7.15542826e-04 7.48229172e-04 7.81571100e-04 8.15607255e-04 8.50377874e-04 8.85924883e-04 9.22292012e-04 9.59524917e-04 9.97671295e-04 1.03678103e-03 1.07690632e-03 1.11810183e-03 1.16042488e-03 1.20393556e-03 1.24869696e-03 1.29477534e-03 1.34224033e-03 1.39116517e-03 1.44162691e-03 1.49370668e-03 1.54748996e-03 1.60306684e-03 1.66053231e-03 1.71998662e-03 1.78153555e-03 1.84529084e-03 1.91137052e-03
-1.91700580e-03 -1.84767068e-03 -1.78073312e-03 -1.71607243e-03 -1.65357438e-03 -1.59313084e-03 -1.53463942e-03 -1.47800309e-03 -1.42312989e-03 -1.36993262e-03 -1.31832853e-03 -1.26823907e-03 -1.21958963e-03 -1.17230931e-03 -1.12633068e-03 -1.08158958e-03 -1.03802490e-03 -9.95578443e-04 -9.54194685e-04 -9.13820656e-04 -8.74405770e-04 -8.35901675e-04 -7.98262119e-04 -7.61442819e-04 -7.25401338e-04 -6.90096968e-04 -6.55490623e-04 -6.21544733e-04 -5.88223148e-04 -5.55491043e-04 -5.23314832e-04 -4.91662081e-04 -4.60501434e-04 -4.29802532e-04 -3.99535945e-04 -3.69673098e-04 -3.40186212e-04 -3.11048234e-04 -2.82232781e-04 -2.53714081e-04 -2.25466915e-04 -1.97466564e-04 -1.69688756e-04 -1.42109617e-04 -1.14705619e-04 -8.74535321e-05 -6.03303796e-05 -3.33133881e-05 -6.37994419e-06 2.04924511e-05 4.73262270e-05 7.41437871e-05 1.00967553e-04 1.27820010e-04 1.54723748e-04 1.81701509e-04 2.08776231e-04 2.35971091e-04 2.63309556e-04 2.90815422e-04 3.18512872e-04 3.46426514e-04 3.74581440e-04 4.03003273e-04 4.31718222e-04 4.60753136e-04 4.90135564e-04 5.19893810e-04 5.50057002e-04 5.80655147e-04 6.11719210e-04 6.43281175e-04 6.75374125e-04 7.08032319e-04 7.41291275e-04 7.75187853e-04 8.09760353e-04 8.45048605e-04 8.81094074e-04 9.17939970e-04 9.55631359e-04 9.94215287e-04 1.03374091e-03 1.07425961e-03 1.11582519e-03 1.15849398e-03 1.20232500e-03 1.24738018e-03 1.29372451e-03 1.34142622e-03 1.39055706e-03 1.44119243e-03 1.49341169e-03 1.54729839e-03 1.60294052e-03 1.66043084e-03 1.71986712e-03 1.78135255e-03 1.84499599e-03 1.91091240e-03 1.97922321e-03
-1.97017319e-03 -1.89914293e-03 -1.83055889e-03 -1.76429809e-03 -1.70024416e-03 -1.63828688e-03 -1.57832190e-03 -1.52025031e-03 -1.46397834e-03 -1.40941709e-03 -1.35648216e-03 -1.30509346e-03 -1.25517487e-03 -1.20665408e-03 -1.15946228e-03 -1.11353403e-03 -1.06880698e-03 -1.02522172e-03 -9.82721603e-04 -9.41252574e-04 -9.00762998e-04 -8.61203523e-04 -8.22526937e-04 -7.84688034e-04 -7.47643492e-04 -7.11351752e-04 -6.75772906e-04 -6.40868597e-04 -6.06601911e-04 -5.72937290e-04 -5.39840436e-04 -5.07278229e-04 -4.75218648e-04 -4.43630689e-04 -4.12484295e-04 -3.81750283e-04 -3.51400281e-04 -3.21406658e-04 -2.91742468e-04 -2.62381385e-04 -2.33297652e-04 -2.04466019e-04 -1.75861695e-04 -1.47460291e-04 -1.19237774e-04 -9.11704164e-05 -6.32347452e-05 -3.54074975e-05 -7.66557286e-06 2.00140124e-05 4.76541711e-05 7.52777898e-05 1.02907774e-04 1.30567093e-04 1.58278826e-04 1.86066205e-04 2.13952663e-04 2.41961878e-04 2.70117822e-04 2.98444807e-04 3.26967536e-04 3.55711149e-04 3.84701278e-04 4.13964100e-04 4.43526387e-04 4.73415568e-04 5.03659782e-04 5.34287943e-04 5.65329803e-04 5.96816015e-04 6.28778204e-04 6.61249038e-04 6.94262308e-04 7.27853003e-04 7.62057393e-04 7.96913124e-04 8.32459304e-04 8.68736605e-04 9.05787366e-04 9.43655705e-04 9.82387632e-04 1.02203117e-03 1.06263651e-03 1.10425609e-03 1.14694483e-03 1.19076021e-03 1.23576249e-03 1.28201483e-03 1.32958355e-03 1.37853828e-03 1.42895219e-03 1.48090221e-03 1.53446928e-03 1.58973860e-03 1.64679989e-03 1.70574773e-03 1.76668179e-03 1.82970725e-03 1.89493505e-03 1.96248234e-03 2.03247283e-03
-2.02209536e-03 -1.94945336e-03 -1.87930110e-03 -1.81151364e-03 -1.74597269e-03 -1.68256628e-03 -1.62118830e-03 -1.56173820e-03 -1.50412066e-03 -1.44824524e-03 -1.39402614e-03 -1.34138186e-03 -1.29023500e-03 -1.24051197e-03 -1.19214277e-03 -1.14506078e-03 -1.09920257e-03 -1.05450766e-03 -1.01091841e-03 -9.68379758e-04 -9.26839156e-04 -8.86246348e-04 -8.46553260e-04 -8.07713858e-04 -7.69684019e-04 -7.32421416e-04 -6.95885401e-04 -6.60036898e-04 -6.24838305e-04 -5.90253393e-04 -5.56247220e-04 -5.22786040e-04 -4.89837222e-04 -4.57369174e-04 -4.25351265e-04 -3.93753754e-04 -3.62547725e-04 -3.31705017e-04 -3.01198164e-04 -2.71000333e-04 -2.41085267e-04 -2.11427229e-04 -1.82000946e-04 -1.52781555e-04 -1.23744557e-04 -9.48657605e-05 -6.61212347e-05 -3.74872628e-05 -8.94029269e-06 1.95431090e-05 4.79863034e-05 7.64126255e-05 1.04845430e-04 1.33308136e-04 1.61824275e-04 1.90417535e-04 2.19111807e-04 2.47931236e-04 2.76900261e-04 3.06043672e-04 3.35386653e-04 3.64954838e-04 3.94774359e-04 4.24871902e-04 4.55274763e-04 4.86010901e-04 5.17109005e-04 5.48598547e-04 5.80509854e-04 6.12874170e-04 6.45723728e-04 6.79091825e-04 7.13012896e-04 7.47522596e-04 7.82657886e-04 8.18457123e-04 8.54960153e-04 8.92208412e-04 9.30245031e-04 9.69114947e-04 1.00886502e-03 1.04954418e-03 1.09120350e-03 1.13389641e-03 1.17767881e-03 1.22260923e-03 1.26874898e-03 1.31616239e-03 1.36491693e-03 1.41508347e-03 1.46673644e-03 1.51995413e-03 1.57481885e-03 1.63141728e-03 1.68984066e-03 1.75018515e-03 1.81255210e-03 1.87704841e-03 1.94378686e-03 2.01288649e-03 2.08447299e-03
-2.08760402e-03 -2.01291686e-03 -1.94077540e-03 -1.87105215e-03 -1.80362642e-03 -1.73838387e-03 -1.67521621e-03 -1.61402075e-03 -1.55470016e-03 -1.49716206e-03 -1.44131879e-03 -1.38708712e-03 -1.33438793e-03 -1.28314602e-03 -1.23328985e-03 -1.18475134e-03 -1.13746561e-03 -1.09137085e-03 -1.04640809e-03 -1.00252105e-03 -9.59655965e-04 -9.17761426e-04 -8.76788253e-04 -8.36689345e-04 -7.97419555e-04 -7.58935564e-04 -7.21195771e-04 -6.84160179e-04 -6.47790295e-04 -6.12049030e-04 -5.76900608e-04 -5.42310475e-04 -5.08245217e-04 -4.74672480e-04 -4.41560892e-04 -4.08879992e-04 -3.76600160e-04 -3.44692549e-04 -3.13129020e-04 -2.81882085e-04 -2.50924841e-04 -2.20230918e-04 -1.89774420e-04 -1.59529870e-04 -1.29472164e-04 -9.95765093e-05 -6.98183841e-05 -4.01734822e-05 -1.06176667e-05 1.88730782e-05 4.83226947e-05 7.77550981e-05 1.07194224e-04 1.36664075e-04 1.66188767e-04 1.95792578e-04 2.25499993e-04 2.55335754e-04 2.85324910e-04 3.15492864e-04 3.45865425e-04 3.76468858e-04 4.07329943e-04 4.38476022e-04 4.69935062e-04 5.01735710e-04 5.33907356e-04 5.66480193e-04 5.99485286e-04 6.32954637e-04 6.66921262e-04 7.01419259e-04 7.36483892e-04 7.72151671e-04 8.08460440e-04 8.45449467e-04 8.83159542e-04 9.21633078e-04 9.60914219e-04 1.00104895e-03 1.04208523e-03 1.08407310e-03 1.12706483e-03 1.17111507e-03 1.21628099e-03 1.26262244e-03 1.31020212e-03 1.35908580e-03 1.40934245e-03 1.46104450e-03 1.51426803e-03 1.56909302e-03 1.62560360e-03 1.68388828e-03 1.74404028e-03 1.80615779e-03 1.87034431e-03 1.93670896e-03 2.00536687e-03 2.07643954e-03 2.15005521e-03
-2.16625121e-03 -2.08910694e-03 -2.01457573e-03 -1.94252701e-03 -1.87283716e-03 -1.80538905e-03 -1.74007170e-03 -1.67677992e-03 -1.61541392e-03 -1.55587902e-03 -1.49808535e-03 -1.44194753e-03 -1.38738445e-03 -1.33431897e-03 -1.28267768e-03 -1.23239073e-03 -1.18339155e-03 -1.13561670e-03 -1.08900563e-03 -1.04350057e-03 -9.99046314e-04 -9.55590065e-04 -9.13081311e-04 -8.71471666e-04 -8.30714748e-04 -7.90766046e-04 -7.51582808e-04 -7.13123927e-04 -6.75349836e-04 -6.38222406e-04 -6.01704854e-04 -5.65761651e-04 -5.30358435e-04 -4.95461930e-04 -4.61039869e-04 -4.27060918e-04 -3.93494603e-04 -3.60311247e-04 -3.27481898e-04 -2.94978268e-04 -2.62772675e-04 -2.30837978e-04 -1.99147526e-04 -1.67675099e-04 -1.36394854e-04 -1.05281274e-04 -7.43091146e-05 -4.34533561e-05 -1.26891507e-05 1.80082245e-05 4.86634171e-05 7.93010473e-05 1.09945756e-04 1.40622253e-04 1.71355365e-04 2.02170084e-04 2.33091615e-04 2.64145429e-04 2.95357308e-04 3.26753400e-04 3.58360269e-04 3.90204949e-04 4.22314998e-04 4.54718556e-04 4.87444400e-04 5.20522006e-04 5.53981613e-04 5.87854283e-04 6.22171971e-04 6.56967597e-04 6.92275115e-04 7.28129592e-04 7.64567290e-04 8.01625747e-04 8.39343867e-04 8.77762018e-04 9.16922121e-04 9.56867765e-04 9.97644309e-04 1.03929900e-03 1.08188110e-03 1.12544201e-03 1.17003542e-03 1.21571743e-03 1.26254675e-03 1.31058480e-03 1.35989596e-03 1.41054770e-03 1.46261080e-03 1.51615957e-03 1.57127205e-03 1.62803026e-03 1.68652046e-03 1.74683342e-03 1.80906467e-03 1.87331488e-03 1.93969009e-03 2.00830211e-03 2.07926888e-03 2.15271485e-03 2.22877135e-03
-2.25748661e-03 -2.17749926e-03 -2.10020241e-03 -2.02546198e-03 -1.95315098e-03 -1.88314909e-03 -1.81534230e-03 -1.74962249e-03 -1.68588709e-03 -1.62403878e-03 -1.56398514e-03 -1.50563839e-03 -1.44891508e-03 -1.39373586e-03 -1.34002521e-03 -1.28771123e-03 -1.23672541e-03 -1.18700243e-03 -1.13847996e-03 -1.09109849e-03 -1.04480117e-03 -9.99533595e-04 -9.55243733e-04 -9.11881717e-04 -8.69399740e-04 -8.27751918e-04 -7.86894172e-04 -7.46784113e-04 -7.07380935e-04 -6.68645309e-04 -6.30539288e-04 -5.93026212e-04 -5.56070625e-04 -5.19638183e-04 -4.83695582e-04 -4.48210475e-04 -4.13151402e-04 -3.78487720e-04 -3.44189532e-04 -3.10227626e-04 -2.76573411e-04 -2.43198854e-04 -2.10076425e-04 -1.77179038e-04 -1.44479995e-04 -1.11952934e-04 -7.95717717e-05 -4.73106576e-05 -1.51439179e-05 1.69539933e-05 4.90085440e-05 8.10451740e-05 1.13089345e-04 1.45166588e-04 1.77302557e-04 2.09523073e-04 2.41854180e-04 2.74322192e-04 3.06953745e-04 3.39775852e-04 3.72815953e-04 4.06101972e-04 4.39662374e-04 4.73526218e-04 5.07723223e-04 5.42283826e-04 5.77239247e-04 6.12621553e-04 6.48463730e-04 6.84799755e-04 7.21664670e-04 7.59094659e-04 7.97127135e-04 8.35800821e-04 8.75155847e-04 9.15233841e-04 9.56078033e-04 9.97733362e-04 1.04024658e-03 1.08366640e-03 1.12804356e-03 1.17343105e-03 1.21988415e-03 1.26746066e-03 1.31622102e-03 1.36622850e-03 1.41754936e-03 1.47025304e-03 1.52441238e-03 1.58010384e-03 1.63740771e-03 1.69640833e-03 1.75719443e-03 1.81985931e-03 1.88450120e-03 1.95122355e-03 2.02013533e-03 2.09135143e-03 2.16499301e-03 2.24118786e-03 2.32007088e-03
-2.36065797e-03 -2.27747185e-03 -2.19706227e-03 -2.11929129e-03 -2.04402821e-03 -1.97114920e-03 -1.90053686e-03 -1.83207988e-03 -1.76567261e-03 -1.70121482e-03 -1.63861129e-03 -1.57777155e-03 -1.51860960e-03 -1.46104363e-03 -1.40499578e-03 -1.35039189e-03 -1.29716130e-03 -1.24523660e-03 -1.19455349e-03 -1.14505054e-03 -1.09666905e-03 -1.04935285e-03 -1.00304821e-03 -9.57703609e-04 -9.13269657e-04 -8.69698938e-04 -8.26945894e-04 -7.84966707e-04 -7.43719182e-04 -7.03162651e-04 -6.63257864e-04 -6.23966899e-04 -5.85253069e-04 -5.47080838e-04 -5.09415735e-04 -4.72224280e-04 -4.35473904e-04 -3.99132878e-04 -3.63170247e-04 -3.27555757e-04 -2.92259795e-04 -2.57253326e-04 -2.22507829e-04 -1.87995244e-04 -1.53687910e-04 -1.19558511e-04 -8.55800233e-05 -5.17256571e-05 -1.79688079e-05 1.57169969e-05 4.93581500e-05 8.29810151e-05 1.16611978e-04 1.50277497e-04 1.84004155e-04 2.17818711e-04 2.51748149e-04 2.85819735e-04 3.20061066e-04 3.54500128e-04 3.89165346e-04 4.24085645e-04 4.59290507e-04 4.94810027e-04 5.30674980e-04 5.66916881e-04 6.03568049e-04 6.40661680e-04 6.78231915e-04 7.16313915e-04 7.54943937e-04 7.94159417e-04 8.33999051e-04 8.74502890e-04 9.15712428e-04 9.57670704e-04 1.00042240e-03 1.04401397e-03 1.08849371e-03 1.13391195e-03 1.18032110e-03 1.22777587e-03 1.27633336e-03 1.32605322e-03 1.37699784e-03 1.42923250e-03 1.48282555e-03 1.53784863e-03 1.59437686e-03 1.65248906e-03 1.71226800e-03 1.77380061e-03 1.83717831e-03 1.90249723e-03 1.96985856e-03 2.03936880e-03 2.11114020e-03 2.18529099e-03 2.26194590e-03 2.34123643e-03 2.42330137e-03
-2.47501178e-03 -2.38830567e-03 -2.30446910e-03 -2.22335998e-03 -2.14484366e-03 -2.06879253e-03 -1.99508561e-03 -1.92360812e-03 -1.85425117e-03 -1.78691136e-03 -1.72149048e-03 -1.65789520e-03 -1.59603676e-03 -1.53583072e-03 -1.47719670e-03 -1.42005811e-03 -1.36434196e-03 -1.30997862e-03 -1.25690163e-03 -1.20504750e-03 -1.15435554e-03 -1.10476768e-03 -1.05622832e-03 -1.00868416e-03 -9.62084105e-04 -9.16379070e-04 -8.71521890e-04 -8.27467190e-04 -7.84171272e-04 -7.41592004e-04 -6.99688719e-04 -6.58422115e-04 -6.17754167e-04 -5.77648033e-04 -5.38067970e-04 -4.98979256e-04 -4.60348110e-04 -4.22141616e-04 -3.84327655e-04 -3.46874834e-04 -3.09752420e-04 -2.72930276e-04 -2.36378797e-04 -2.00068851e-04 -1.63971720e-04 -1.28059043e-04 -9.23027566e-05 -5.66750434e-05 -2.11482752e-05 1.43050399e-05 4.97123110e-05 8.51009172e-05 1.20498261e-04 1.55931818e-04 1.91429195e-04 2.27018177e-04 2.62726787e-04 2.98583332e-04 3.34616466e-04 3.70855241e-04 4.07329165e-04 4.44068260e-04 4.81103122e-04 5.18464984e-04 5.56185774e-04 5.94298187e-04 6.32835747e-04 6.71832884e-04 7.11324998e-04 7.51348544e-04 7.91941106e-04 8.33141482e-04 8.74989770e-04 9.17527464e-04 9.60797543e-04 1.00484458e-03 1.04971483e-03 1.09545639e-03 1.14211924e-03 1.18975545e-03 1.23841926e-03 1.28816723e-03 1.33905841e-03 1.39115447e-03 1.44451989e-03 1.49922211e-03 1.55533176e-03 1.61292283e-03 1.67207288e-03 1.73286329e-03 1.79537947e-03 1.85971115e-03 1.92595262e-03 1.99420306e-03 2.06456679e-03 2.13715365e-03 2.21207930e-03 2.28946563e-03 2.36944114e-03 2.45214131e-03 2.53770911e-03
-2.59969420e-03 -2.50918539e-03 -2.42164425e-03 -2.33692436e-03 -2.25488695e-03 -2.17540051e-03 -2.09834028e-03 -2.02358793e-03 -1.95103112e-03 -1.88056320e-03 -1.81208282e-03 -1.74549364e-03 -1.68070404e-03 -1.61762682e-03 -1.55617894e-03 -1.49628128e-03 -1.43785840e-03 -1.38083833e-03 -1.32515234e-03 -1.27073477e-03 -1.21752283e-03 -1.16545643e-03 -1.11447801e-03 -1.06453240e-03 -1.01556667e-03 -9.67529980e-04 -9.20373457e-04 -8.74050073e-04 -8.28514527e-04 -7.83723132e-04 -7.39633708e-04 -6.96205486e-04 -6.53399008e-04 -6.11176037e-04 -5.69499472e-04 -5.28333261e-04 -4.87642323e-04 -4.47392472e-04 -4.07550342e-04 -3.68083317e-04 -3.28959460e-04 -2.90147452e-04 -2.51616520e-04 -2.13336384e-04 -1.75277187e-04 -1.37409441e-04 -9.97039682e-05 -6.21318424e-05 -2.46643337e-05 1.27271472e-05 5.00711040e-05 8.73960095e-05 1.24730360e-04 1.62102729e-04 1.99541822e-04 2.37076534e-04 2.74735998e-04 3.12549649e-04 3.50547273e-04 3.88759071e-04 4.27215713e-04 4.65948400e-04 5.04988925e-04 5.44369739e-04 5.84124010e-04 6.24285697e-04 6.64889616e-04 7.05971512e-04 7.47568139e-04 7.89717330e-04 8.32458087e-04 8.75830662e-04 9.19876649e-04 9.64639076e-04 1.01016250e-03 1.05649313e-03 1.10367891e-03 1.15176963e-03 1.20081711e-03 1.25087524e-03 1.30200017e-03 1.35425045e-03 1.40768718e-03 1.46237415e-03 1.51837805e-03 1.57576861e-03 1.63461884e-03 1.69500518e-03 1.75700777e-03 1.82071067e-03 1.88620207e-03 1.95357459e-03 2.02292557e-03 2.09435732e-03 2.16797747e-03 2.24389930e-03 2.32224207e-03 2.40313146e-03 2.48669988e-03 2.57308697e-03 2.66244002e-03
-2.73375220e-03 -2.63920036e-03 -2.54771745e-03 -2.45915267e-03 -2.37336309e-03 -2.29021320e-03 -2.20957445e-03 -2.13132486e-03 -2.05534864e-03 -1.98153578e-03 -1.90978175e-03 -1.83998716e-03 -1.77205743e-03 -1.70590256e-03 -1.64143680e-03 -1.57857842e-03 -1.51724947e-03 -1.45737557e-03 -1.39888567e-03 -1.34171186e-03 -1.28578919e-03 -1.23105547e-03 -1.17745113e-03 -1.12491906e-03 -1.07340441e-03 -1.02285454e-03 -9.73218779e-04 -9.24448393e-04 -8.76496407e-04 -8.29317510e-04 -7.82867944e-04 -7.37105402e-04 -6.91988928e-04 -6.47478825e-04 -6.03536564e-04 -5.60124699e-04 -5.17206784e-04 -4.74747296e-04 -4.32711555e-04 -3.91065659e-04 -3.49776402e-04 -3.08811218e-04 -2.68138104e-04 -2.27725564e-04 -1.87542540e-04 -1.47558355e-04 -1.07742652e-04 -6.80653316e-05 -2.84965003e-05 1.09935922e-05 5.04346075e-05 8.98561750e-05 1.29287948e-04 1.68759661e-04 2.08301184e-04 2.47942579e-04 2.87714161e-04 3.27646549e-04 3.67770731e-04 4.08118117e-04 4.48720604e-04 4.89610639e-04 5.30821277e-04 5.72386249e-04 6.14340032e-04 6.56717913e-04 6.99556065e-04 7.42891619e-04 7.86762744e-04 8.31208723e-04 8.76270043e-04 9.21988477e-04 9.68407181e-04 1.01557079e-03 1.06352551e-03 1.11231924e-03 1.16200167e-03 1.21262442e-03 1.26424113e-03 1.31690763e-03 1.37068205e-03 1.42562499e-03 1.48179966e-03 1.53927205e-03 1.59811111e-03 1.65838894e-03 1.72018097e-03 1.78356620e-03 1.84862740e-03 1.91545135e-03 1.98412909e-03 2.05475622e-03 2.12743315e-03 2.20226541e-03 2.27936398e-03 2.35884564e-03 2.44083333e-03 2.52545652e-03 2.61285165e-03 2.70316254e-03 2.79654087e-03
-2.87613501e-03 -2.77734585e-03 -2.68172790e-03 -2.58912602e-03 -2.49939317e-03 -2.41238992e-03 -2.32798395e-03 -2.24604970e-03 -2.16646791e-03 -2.08912528e-03 -2.01391411e-03 -1.94073196e-03 -1.86948133e-03 -1.80006940e-03 -1.73240771e-03 -1.66641193e-03 -1.60200159e-03 -1.53909988e-03 -1.47763342e-03 -1.41753203e-03 -1.35872857e-03 -1.30115876e-03 -1.24476096e-03 -1.18947608e-03 -1.13524738e-03 -1.08202031e-03 -1.02974242e-03 -9.78363219e-04 -9.27834016e-04 -8.78107839e-04 -8.29139313e-04 -7.80884553e-04 -7.33301063e-04 -6.86347642e-04 -6.39984291e-04 -5.94172126e-04 -5.48873291e-04 -5.04050882e-04 -4.59668862e-04 -4.15691993e-04 -3.72085759e-04 -3.28816298e-04 -2.85850332e-04 -2.43155102e-04 -2.00698304e-04 -1.58448025e-04 -1.16372679e-04 -7.44409516e-05 -3.26217355e-05 9.11592668e-06 5.08029011e-05 9.24700210e-05 1.34148144e-04 1.75868212e-04 2.17661305e-04 2.59558705e-04 3.01591948e-04 3.43792890e-04 3.86193763e-04 4.28827238e-04 4.71726485e-04 5.14925238e-04 5.58457864e-04 6.02359423e-04 6.46665743e-04 6.91413486e-04 7.36640228e-04 7.82384530e-04 8.28686021e-04 8.75585478e-04 9.23124915e-04 9.71347670e-04 1.02029850e-03 1.07002369e-03 1.12057113e-03 1.17199046e-03 1.22433316e-03 1.27765267e-03 1.33200454e-03 1.38744654e-03 1.44403881e-03 1.50184403e-03 1.56092756e-03 1.62135759e-03 1.68320537e-03 1.74654537e-03 1.81145547e-03 1.87801722e-03 1.94631603e-03 2.01644140e-03 2.08848723e-03 2.16255207e-03 2.23873938e-03 2.31715791e-03 2.39792197e-03 2.48115180e-03 2.56697395e-03 2.65552170e-03 2.74693541e-03 2.84136307e-03 2.93896067e-03
-3.02569583e-03 -2.92252454e-03 -2.82262548e-03 -2.72583939e-03 -2.63201530e-03 -2.54100997e-03 -2.45268751e-03 -2.36691888e-03 -2.28358150e-03 -2.20255889e-03 -2.12374027e-03 -2.04702026e-03 -1.97229851e-03 -1.89947947e-03 -1.82847203e-03 -1.75918932e-03 -1.69154841e-03 -1.62547010e-03 -1.56087871e-03 -1.49770183e-03 -1.43587017e-03 -1.37531734e-03 -1.31597969e-03 -1.25779616e-03 -1.20070807e-03 -1.14465905e-03 -1.08959483e-03 -1.03546314e-03 -9.82213595e-04 -9.29797547e-04 -8.78167992e-04 -8.27279453e-04 -7.77087880e-04 -7.27550554e-04 -6.78625986e-04 -6.30273833e-04 -5.82454811e-04 -5.35130608e-04 -4.88263809e-04 -4.41817817e-04 -3.95756777e-04 -3.50045509e-04 -3.04649429e-04 -2.59534492e-04 -2.14667117e-04 -1.70014125e-04 -1.25542679e-04 -8.12202134e-05 -3.70143815e-05 7.10701133e-06 5.11760657e-05 9.52248482e-05 1.39285451e-04 1.83390052e-04 2.27570973e-04 2.71860740e-04 3.16292147e-04 3.60898312e-04 4.05712740e-04 4.50769389e-04 4.96102732e-04 5.41747820e-04 5.87740354e-04 6.34116751e-04 6.80914214e-04 7.28170806e-04 7.75925527e-04 8.24218392e-04 8.73090509e-04 9.22584169e-04 9.72742929e-04 1.02361171e-03 1.07523688e-03 1.12766639e-03 1.18094983e-03 1.23513857e-03 1.29028588e-03 1.34644705e-03 1.40367951e-03 1.46204297e-03 1.52159958e-03 1.58241407e-03 1.64455392e-03 1.70808952e-03 1.77309438e-03 1.83964530e-03 1.90782258e-03 1.97771024e-03 2.04939627e-03 2.12297287e-03 2.19853668e-03 2.27618912e-03 2.35603665e-03 2.43819109e-03 2.52276996e-03 2.60989687e-03 2.69970184e-03 2.79232178e-03 2.88790085e-03 2.98659099e-03 3.08855236e-03
-3.18119381e-03 -3.07354824e-03 -2.96927232e-03 -2.86820301e-03 -2.77018567e-03 -2.67507358e-03 -2.58272748e-03 -2.49301512e-03 -2.40581082e-03 -2.32099510e-03 -2.23845434e-03 -2.15808035e-03 -2.07977014e-03 -2.00342553e-03 -1.92895293e-03 -1.85626304e-03 -1.78527059e-03 -1.71589409e-03 -1.64805566e-03 -1.58168074e-03 -1.51669797e-03 -1.45303892e-03 -1.39063800e-03 -1.32943220e-03 -1.26936101e-03 -1.21036622e-03 -1.15239180e-03 -1.09538376e-03 -1.03929002e-03 -9.84060282e-04 -9.29645943e-04 -8.75999949e-04 -8.23076708e-04 -7.70831991e-04 -7.19222830e-04 -6.68207427e-04 -6.17745072e-04 -5.67796050e-04 -5.18321564e-04 -4.69283656e-04 -4.20645130e-04 -3.72369479e-04 -3.24420812e-04 -2.76763786e-04 -2.29363536e-04 -1.82185610e-04 -1.35195906e-04 -8.83606020e-05 -4.16460979e-05 4.98104851e-06 5.15541834e-05 9.81066184e-05 1.44671691e-04 1.91282827e-04 2.37973601e-04 2.84777796e-04 3.31729470e-04 3.78863015e-04 4.26213220e-04 4.73815339e-04 5.21705152e-04 5.69919038e-04 6.18494036e-04 6.67467923e-04 7.16879281e-04 7.66767577e-04 8.17173233e-04 8.68137714e-04 9.19703606e-04 9.71914703e-04 1.02481610e-03 1.07845428e-03 1.13287723e-03 1.18813451e-03 1.24427741e-03 1.30135900e-03 1.35943432e-03 1.41856044e-03 1.47879666e-03 1.54020457e-03 1.60284827e-03 1.66679450e-03 1.73211278e-03 1.79887562e-03 1.86715870e-03 1.93704107e-03 2.00860532e-03 2.08193787e-03 2.15712915e-03 2.23427390e-03 2.31347138e-03 2.39482571e-03 2.47844616e-03 2.56444744e-03 2.65295010e-03 2.74408085e-03 2.83797297e-03 2.93476674e-03 3.03460985e-03 3.13765789e-03 3.24407486e-03
-3.34129631e-03 -3.22913987e-03 -3.12044451e-03 -3.01504380e-03 -2.91277989e-03 -2.81350295e-03 -2.71707075e-03 -2.62334814e-03 -2.53220668e-03 -2.44352422e-03 -2.35718451e-03 -2.27307689e-03 -2.19109589e-03 -2.11114100e-03 -2.03311633e-03 -1.95693034e-03 -1.88249558e-03 -1.80972848e-03 -1.73854907e-03 -1.66888082e-03 -1.60065038e-03 -1.53378746e-03 -1.46822456e-03 -1.40389690e-03 -1.34074217e-03 -1.27870044e-03 -1.21771399e-03 -1.15772716e-03 -1.09868625e-03 -1.04053939e-03 -9.83236408e-04 -9.26728719e-04 -8.70969239e-04 -8.15912267e-04 -7.61513388e-04 -7.07729386e-04 -6.54518149e-04 -6.01838587e-04 -5.49650543e-04 -4.97914720e-04 -4.46592598e-04 -3.95646362e-04 -3.45038826e-04 -2.94733365e-04 -2.44693842e-04 -1.94884543e-04 -1.45270111e-04 -9.58154756e-05 -4.64857941e-05 2.75361575e-06 5.19373377e-05 1.01099920e-04 1.50275939e-04 1.99500060e-04 2.48807101e-04 2.98232094e-04 3.47810354e-04 3.97577534e-04 4.47569698e-04 4.97823382e-04 5.48375664e-04 5.99264230e-04 6.50527447e-04 7.02204432e-04 7.54335126e-04 8.06960374e-04 8.60122001e-04 9.13862890e-04 9.68227075e-04 1.02325982e-03 1.07900772e-03 1.13551878e-03 1.19284254e-03 1.25103016e-03 1.31013452e-03 1.37021037e-03 1.43131443e-03 1.49350550e-03 1.55684463e-03 1.62139524e-03 1.68722325e-03 1.75439730e-03 1.82298885e-03 1.89307241e-03 1.96472568e-03 2.03802978e-03 2.11306948e-03 2.18993339e-03 2.26871419e-03 2.34950896e-03 2.43241934e-03 2.51755194e-03 2.60501854e-03 2.69493649e-03 2.78742905e-03 2.88262573e-03 2.98066271e-03 3.08168327e-03 3.18583823e-03 3.29328644e-03 3.40419528e-03
-3.50458150e-03 -3.38793578e-03 -3.27483406e-03 -3.16510713e-03 -3.05859444e-03 -2.95514359e-03 -2.85460982e-03 -2.75685559e-03 -2.66175009e-03 -2.56916888e-03 -2.47899351e-03 -2.39111112e-03 -2.30541417e-03 -2.22180006e-03 -2.14017089e-03 -2.06043315e-03 -1.98249748e-03 -1.90627842e-03 -1.83169415e-03 -1.75866633e-03 -1.68711985e-03 -1.61698268e-03 -1.54818562e-03 -1.48066222e-03 -1.41434853e-03 -1.34918301e-03 -1.28510636e-03 -1.22206139e-03 -1.15999286e-03 -1.09884740e-03 -1.03857338e-03 -9.79120756e-04 -9.20441028e-04 -8.62487087e-04 -8.05213139e-04 -7.48574604e-04 -6.92528027e-04 -6.37030989e-04 -5.82042026e-04 -5.27520543e-04 -4.73426740e-04 -4.19721533e-04 -3.66366478e-04 -3.13323703e-04 -2.60555833e-04 -2.08025925e-04 -1.55697397e-04 -1.03533960e-04 -5.14995590e-05 4.41701006e-07 5.23256130e-05 1.04187935e-04 1.56064452e-04 2.07991043e-04 2.60003740e-04 3.12138797e-04 3.64432753e-04 4.16922495e-04 4.69645327e-04 5.22639037e-04 5.75941962e-04 6.29593063e-04 6.83631991e-04 7.38099164e-04 7.93035840e-04 8.48484193e-04 9.04487398e-04 9.61089708e-04 1.01833654e-03 1.07627457e-03 1.13495183e-03 1.19441776e-03 1.25472339e-03 1.31592138e-03 1.37806614e-03 1.44121398e-03 1.50542318e-03 1.57075417e-03 1.63726963e-03 1.70503465e-03 1.77411688e-03 1.84458666e-03 1.91651724e-03 1.98998493e-03 2.06506926e-03 2.14185326e-03 2.22042358e-03 2.30087080e-03 2.38328962e-03 2.46777913e-03 2.55444310e-03 2.64339025e-03 2.73473458e-03 2.82859568e-03 2.92509912e-03 3.02437678e-03 3.12656731e-03 3.23181650e-03 3.34027779e-03 3.45211274e-03 3.56749152e-03
-3.66954121e-03 -3.54848827e-03 -3.43105123e-03 -3.31705880e-03 -3.20634842e-03 -3.09876574e-03 -2.99416410e-03 -2.89240408e-03 -2.79335306e-03 -2.69688480e-03 -2.60287909e-03 -2.51122136e-03 -2.42180233e-03 -2.33451775e-03 -2.24926805e-03 -2.16595809e-03 -2.08449689e-03 -2.00479739e-03 -1.92677621e-03 -1.85035346e-03 -1.77545249e-03 -1.70199974e-03 -1.62992453e-03 -1.55915893e-03 -1.48963753e-03 -1.42129736e-03 -1.35407768e-03 -1.28791991e-03 -1.22276741e-03 -1.15856546e-03 -1.09526106e-03 -1.03280284e-03 -9.71140970e-04 -9.10227047e-04 -8.50013983e-04 -7.90455923e-04 -7.31508148e-04 -6.73126993e-04 -6.15269753e-04 -5.57894610e-04 -5.00960546e-04 -4.44427273e-04 -3.88255149e-04 -3.32405112e-04 -2.76838607e-04 -2.21517513e-04 -1.66404075e-04 -1.11460841e-04 -5.66505879e-05 -1.93626058e-06 5.27190953e-05 1.07352398e-04 1.62000595e-04 2.16700728e-04 2.71489997e-04 3.26405825e-04 3.81485925e-04 4.36768366e-04 4.92291640e-04 5.48094729e-04 6.04217175e-04 6.60699152e-04 7.17581534e-04 7.74905973e-04 8.32714975e-04 8.91051973e-04 9.49961415e-04 1.00948884e-03 1.06968097e-03 1.13058579e-03 1.19225267e-03 1.25473241e-03 1.31807739e-03 1.38234166e-03 1.44758103e-03 1.51385323e-03 1.58121798e-03 1.64973717e-03 1.71947495e-03 1.79049790e-03 1.86287518e-03 1.93667867e-03 2.01198317e-03 2.08886654e-03 2.16740994e-03 2.24769796e-03 2.32981892e-03 2.41386502e-03 2.49993263e-03 2.58812255e-03 2.67854024e-03 2.77129617e-03 2.86650609e-03 2.96429139e-03 3.06477945e-03 3.16810402e-03 3.27440561e-03 3.38383197e-03 3.49653850e-03 3.61268880e-03 3.73245515e-03
-3.83458414e-03 -3.70926841e-03 -3.58762694e-03 -3.46948721e-03 -3.35468544e-03 -3.24306608e-03 -3.13448127e-03 -3.02879040e-03 -2.92585964e-03 -2.82556157e-03 -2.72777477e-03 -2.63238344e-03 -2.53927711e-03 -2.44835029e-03 -2.35950220e-03 -2.27263645e-03 -2.18766084e-03 -2.10448706e-03 -2.02303050e-03 -1.94321001e-03 -1.86494771e-03 -1.78816878e-03 -1.71280133e-03 -1.63877616e-03 -1.56602664e-03 -1.49448856e-03 -1.42409997e-03 -1.35480105e-03 -1.28653397e-03 -1.21924279e-03 -1.15287331e-03 -1.08737297e-03 -1.02269077e-03 -9.58777104e-04 -8.95583735e-04 -8.33063641e-04 -7.71170952e-04 -7.09860856e-04 -6.49089511e-04 -5.88813967e-04 -5.28992081e-04 -4.69582445e-04 -4.10544304e-04 -3.51837489e-04 -2.93422338e-04 -2.35259630e-04 -1.77310516e-04 -1.19536446e-04 -6.18991057e-05 -4.36034839e-06 5.31178714e-05 1.10573563e-04 1.68044767e-04 2.25569617e-04 2.83186409e-04 3.40933666e-04 3.98850204e-04 4.56975199e-04 5.15348254e-04 5.74009468e-04 6.32999508e-04 6.92359676e-04 7.52131986e-04 8.12359234e-04 8.73085078e-04 9.34354113e-04 9.96211956e-04 1.05870533e-03 1.12188213e-03 1.18579156e-03 1.25048417e-03 1.31601199e-03 1.38242862e-03 1.44978935e-03 1.51815121e-03 1.58757320e-03 1.65811628e-03 1.72984359e-03 1.80282057e-03 1.87711506e-03 1.95279750e-03 2.02994104e-03 2.10862176e-03 2.18891881e-03 2.27091461e-03 2.35469505e-03 2.44034970e-03 2.52797206e-03 2.61765976e-03 2.70951484e-03 2.80364403e-03 2.90015905e-03 2.99917689e-03 3.10082017e-03 3.20521750e-03 3.31250385e-03 3.42282097e-03 3.53631782e-03 3.65315103e-03 3.77348544e-03 3.89749457e-03
-3.99803939e-03 -3.86866922e-03 -3.74301562e-03 -3.62090583e-03 -3.50217577e-03 -3.38666954e-03 -3.27423892e-03 -3.16474286e-03 -3.05804707e-03 -2.95402361e-03 -2.85255049e-03 -2.75351133e-03 -2.65679500e-03 -2.56229534e-03 -2.46991081e-03 -2.37954430e-03 -2.29110280e-03 -2.20449717e-03 -2.11964196e-03 -2.03645514e-03 -1.95485792e-03 -1.87477459e-03 -1.79613230e-03 -1.71886089e-03 -1.64289279e-03 -1.56816279e-03 -1.49460796e-03 -1.42216748e-03 -1.35078252e-03 -1.28039613e-03 -1.21095309e-03 -1.14239985e-03 -1.07468437e-03 -1.00775604e-03 -9.41565598e-04 -8.76065009e-04 -8.11207386e-04 -7.46946901e-04 -6.83238700e-04 -6.20038820e-04 -5.57304110e-04 -4.94992152e-04 -4.33061185e-04 -3.71470036e-04 -3.10178039e-04 -2.49144973e-04 -1.88330985e-04 -1.27696528e-04 -6.72022872e-05 -6.80911632e-06 5.35220294e-05 1.13830160e-04 1.74154315e-04 2.34533633e-04 2.95007413e-04 3.55615184e-04 4.16396770e-04 4.77392357e-04 5.38642564e-04 6.00188505e-04 6.62071867e-04 7.24334978e-04 7.87020875e-04 8.50173388e-04 9.13837206e-04 9.78057963e-04 1.04288232e-03 1.10835802e-03 1.17453404e-03 1.24146061e-03 1.30918932e-03 1.37777326e-03 1.44726708e-03 1.51772710e-03 1.58921141e-03 1.66178003e-03 1.73549496e-03 1.81042038e-03 1.88662272e-03 1.96417084e-03 2.04313616e-03 2.12359282e-03 2.20561784e-03 2.28929132e-03 2.37469659e-03 2.46192042e-03 2.55105326e-03 2.64218942e-03 2.73542732e-03 2.83086978e-03 2.92862425e-03 3.02880310e-03 3.13152398e-03 3.23691010e-03 3.34509061e-03 3.45620098e-03 3.57038340e-03 3.68778725e-03 3.80856953e-03 3.93289537e-03 4.06093861e-03
-4.15816030e-03 -4.02500905e-03 -3.89559824e-03 -3.76975591e-03 -3.64731873e-03 -3.52813144e-03 -3.41204635e-03 -3.29892287e-03 -3.18862707e-03 -3.08103126e-03 -2.97601363e-03 -2.87345788e-03 -2.77325288e-03 -2.67529239e-03 -2.57947475e-03 -2.48570260e-03 -2.39388265e-03 -2.30392543e-03 -2.21574508e-03 -2.12925911e-03 -2.04438824e-03 -1.96105621e-03 -1.87918957e-03 -1.79871756e-03 -1.71957194e-03 -1.64168682e-03 -1.56499857e-03 -1.48944561e-03 -1.41496838e-03 -1.34150914e-03 -1.26901189e-03 -1.19742227e-03 -1.12668742e-03 -1.05675591e-03 -9.87577631e-04 -9.19103711e-04 -8.51286409e-04 -7.84079039e-04 -7.17435885e-04 -6.51312117e-04 -5.85663713e-04 -5.20447383e-04 -4.55620492e-04 -3.91140986e-04 -3.26967324e-04 -2.63058401e-04 -1.99373484e-04 -1.35872141e-04 -7.25141739e-05 -9.25955113e-06 5.39316587e-05 1.17099353e-04 1.80283460e-04 2.43524007e-04 3.06861183e-04 3.70335409e-04 4.33987400e-04 4.97858235e-04 5.61989425e-04 6.26422979e-04 6.91201476e-04 7.56368137e-04 8.21966894e-04 8.88042464e-04 9.54640428e-04 1.02180731e-03 1.08959078e-03 1.15804203e-03 1.22720768e-03 1.29713885e-03 1.36788804e-03 1.43950922e-03 1.51205789e-03 1.58559123e-03 1.66016819e-03 1.73584961e-03 1.81269829e-03 1.89077921e-03 1.97015954e-03 2.05090889e-03 2.13309937e-03 2.21680579e-03 2.30210579e-03 2.38908005e-03 2.47781243e-03 2.56839020e-03 2.66090420e-03 2.75544911e-03 2.85212366e-03 2.95103087e-03 3.05227835e-03 3.15597855e-03 3.26224908e-03 3.37121305e-03 3.48299941e-03 3.59774335e-03 3.71558668e-03 3.83667826e-03 3.96117452e-03 4.08923668e-03 4.22104029e-03
-4.31312865e-03 -4.17653543e-03 -4.04368565e-03 -3.91440942e-03 -3.78854528e-03 -3.66593970e-03 -3.54644654e-03 -3.42992664e-03 -3.31624732e-03 -3.20528203e-03 -3.09690993e-03 -2.99101558e-03 -2.88748859e-03 -2.78622331e-03 -2.68711857e-03 -2.59007741e-03 -2.49500683e-03 -2.40181754e-03 -2.31042379e-03 -2.22074311e-03 -2.13269616e-03 -2.04620657e-03 -1.96120070e-03 -1.87760754e-03 -1.79535854e-03 -1.71438748e-03 -1.63463031e-03 -1.55602505e-03 -1.47851163e-03 -1.40203183e-03 -1.32652910e-03 -1.25194852e-03 -1.17823665e-03 -1.10534145e-03 -1.03321218e-03 -9.61799322e-04 -8.91054474e-04 -8.20930278e-04 -7.51380331e-04 -6.82359108e-04 -6.13821882e-04 -5.45724648e-04 -4.78024050e-04 -4.10677308e-04 -3.43642147e-04 -2.76876727e-04 -2.10339573e-04 -1.43989508e-04 -7.77855872e-05 -1.16870291e-05 5.43468494e-05 1.20356698e-04 1.86383201e-04 2.52467138e-04 3.18649455e-04 3.84971324e-04 4.51474216e-04 5.18199961e-04 5.85190820e-04 6.52489549e-04 7.20139470e-04 7.88184544e-04 8.56669435e-04 9.25639589e-04 9.95141307e-04 1.06522182e-03 1.13592992e-03 1.20732515e-03 1.27944513e-03 1.35234176e-03 1.42606824e-03 1.50067925e-03 1.57623099e-03 1.65278132e-03 1.73038982e-03 1.80911794e-03 1.88902909e-03 1.97018876e-03 2.05266466e-03 2.13652682e-03 2.22184777e-03 2.30870266e-03 2.39716942e-03 2.48732893e-03 2.57926520e-03 2.67306553e-03 2.76882075e-03 2.86662541e-03 2.96657799e-03 3.06878118e-03 3.17334212e-03 3.28037267e-03 3.38998974e-03 3.50231559e-03 3.61747818e-03 3.73561154e-03 3.85685618e-03 3.98135955e-03 4.10927643e-03 4.24075655e-03 4.37598110e-03
-4.46105926e-03 -4.32142904e-03 -4.18552225e-03 -4.05317233e-03 -3.92422094e-03 -3.79851744e-03 -3.67591838e-03 -3.55628707e-03 -3.43949309e-03 -3.32541194e-03 -3.21392469e-03 -3.10491757e-03 -2.99828171e-03 -2.89391283e-03 -2.79171096e-03 -2.69158020e-03 -2.59342844e-03 -2.49716720e-03 -2.40271137e-03 -2.30997906e-03 -2.21889136e-03 -2.12937223e-03 -2.04134830e-03 -1.95474873e-03 -1.86950508e-03 -1.78555113e-03 -1.70282280e-03 -1.62125800e-03 -1.54079653e-03 -1.46137994e-03 -1.38295144e-03 -1.30545583e-03 -1.22883932e-03 -1.15304953e-03 -1.07803532e-03 -1.00374675e-03 -9.30134992e-04 -8.57152211e-04 -7.84751524e-04 -7.12886903e-04 -6.41513105e-04 -5.70585593e-04 -5.00060469e-04 -4.29894399e-04 -3.60044545e-04 -2.90468495e-04 -2.21124197e-04 -1.51969890e-04 -8.29640389e-05 -1.40652708e-05 5.47676930e-05 1.23576100e-04 1.92401232e-04 2.61284467e-04 3.30267349e-04 3.99391647e-04 4.68699424e-04 5.38233100e-04 6.08035518e-04 6.78150015e-04 7.48620483e-04 8.19491443e-04 8.90808113e-04 9.62616478e-04 1.03496336e-03 1.10789651e-03 1.18146590e-03 1.25574434e-03 1.33075379e-03 1.40654668e-03 1.48317677e-03 1.56069924e-03 1.63917078e-03 1.71864970e-03 1.79919600e-03 1.88087149e-03 1.96373990e-03 2.04786700e-03 2.13332068e-03 2.22017113e-03 2.30849094e-03 2.39835525e-03 2.48984186e-03 2.58303147e-03 2.67800777e-03 2.77485764e-03 2.87367135e-03 2.97454278e-03 3.07756959e-03 3.18285349e-03 3.29050048e-03 3.40062113e-03 3.51333086e-03 3.62875025e-03 3.74700539e-03 3.86822825e-03 3.99255706e-03 4.12013673e-03 4.25111934e-03 4.38563537e-03 4.52387551e-03
-4.60000485e-03 -4.45780822e-03 -4.31928990e-03 -4.18428806e-03 -4.05264881e-03 -3.92422566e-03 -3.79887905e-03 -3.67647585e-03 -3.55688901e-03 -3.43999711e-03 -3.32568403e-03 -3.21383864e-03 -3.10435443e-03 -2.99712930e-03 -2.89206524e-03 -2.78906812e-03 -2.68804745e-03 -2.58891617e-03 -2.49159044e-03 -2.39598948e-03 -2.30203540e-03 -2.20965300e-03 -2.11876965e-03 -2.02931515e-03 -1.94122158e-03 -1.85442315e-03 -1.76885614e-03 -1.68445873e-03 -1.60117090e-03 -1.51893433e-03 -1.43769233e-03 -1.35738967e-03 -1.27797255e-03 -1.19938849e-03 -1.12158623e-03 -1.04451568e-03 -9.68127784e-04 -8.92374497e-04 -8.17208672e-04 -7.42584001e-04 -6.68454934e-04 -5.94776610e-04 -5.21504787e-04 -4.48595774e-04 -3.76006361e-04 -3.03693752e-04 -2.31615500e-04 -1.59729443e-04 -8.79936370e-05 -1.63662944e-05 5.51942817e-05 1.26729760e-04 1.98281842e-04 2.69892331e-04 3.41603188e-04 4.13456598e-04 4.85495037e-04 5.57761329e-04 6.30298716e-04 7.03150920e-04 7.76362211e-04 8.49977471e-04 9.24042265e-04 9.98602906e-04 1.07370653e-03 1.14940116e-03 1.22573801e-03 1.30280809e-03 1.38061091e-03 1.45919925e-03 1.53862719e-03 1.61895021e-03 1.70022523e-03 1.78251077e-03 1.86586697e-03 1.95035574e-03 2.03604083e-03 2.12298796e-03 2.21126490e-03 2.30094164e-03 2.39209042e-03 2.48478598e-03 2.57910559e-03 2.67512927e-03 2.77293990e-03 2.87262343e-03 2.97426902e-03 3.07796923e-03 3.18382029e-03 3.29192223e-03 3.40237918e-03 3.51529963e-03 3.63079666e-03 3.74898830e-03 3.86999783e-03 3.99395412e-03 4.12099205e-03 4.25125289e-03 4.38488478e-03 4.52199115e-03 4.66277595e-03
-4.72796141e-03 -4.58373370e-03 -4.44311222e-03 -4.30594135e-03 -4.17207304e-03 -4.04136628e-03 -3.91368663e-03 -3.78890577e-03 -3.66690111e-03 -3.54755540e-03 -3.43075638e-03 -3.31639649e-03 -3.20437252e-03 -3.09458540e-03 -2.98693992e-03 -2.88134450e-03 -2.77771098e-03 -2.67595442e-03 -2.57599291e-03 -2.47774742e-03 -2.38114161e-03 -2.28610172e-03 -2.19255637e-03 -2.10043649e-03 -2.00967514e-03 -1.92020744e-03 -1.83197041e-03 -1.74490292e-03 -1.65894552e-03 -1.57404040e-03 -1.49013124e-03 -1.40716320e-03 -1.32508273e-03 -1.24383758e-03 -1.16337664e-03 -1.08364995e-03 -1.00460851e-03 -9.26204309e-04 -8.48390193e-04 -7.71119809e-04 -6.94347539e-04 -6.18028423e-04 -5.42118100e-04 -4.66572736e-04 -3.91348960e-04 -3.16403803e-04 -2.41694629e-04 -1.67179075e-04 -9.28149891e-05 -1.85603670e-05 5.56267088e-05 1.29788130e-04 2.03965826e-04 2.78201821e-04 3.52538299e-04 4.27017661e-04 5.01682593e-04 5.76576119e-04 6.51741670e-04 7.27223145e-04 8.03084288e-04 8.79358409e-04 9.56080052e-04 1.03329572e-03 1.11105271e-03 1.18939920e-03 1.26838636e-03 1.34810224e-03 1.42855025e-03 1.50978317e-03 1.59185500e-03 1.67482111e-03 1.75873825e-03 1.84366470e-03 1.92966030e-03 2.01678656e-03 2.10510677e-03 2.19468607e-03 2.28559156e-03 2.37789241e-03 2.47165999e-03 2.56696795e-03 2.66389238e-03 2.76251193e-03 2.86290795e-03 2.96516468e-03 3.06936935e-03 3.17561242e-03 3.28398775e-03 3.39459279e-03 3.50752884e-03 3.62290126e-03 3.74081976e-03 3.86139869e-03 3.98475732e-03 4.11102023e-03 4.24031766e-03 4.37278589e-03 4.50856773e-03 4.64776478e-03 4.79057189e-03
-4.84287385e-03 -4.69721371e-03 -4.55505918e-03 -4.41626235e-03 -4.28068246e-03 -4.14818534e-03 -4.01864299e-03 -3.89193317e-03 -3.76793893e-03 -3.64654831e-03 -3.52765400e-03 -3.41115300e-03 -3.29694640e-03 -3.18493907e-03 -3.07503944e-03 -2.96715931e-03 -2.86121364e-03 -2.75712033e-03 -2.65480011e-03 -2.55417634e-03 -2.45517489e-03 -2.35772397e-03 -2.26175404e-03 -2.16719769e-03 -2.07398946e-03 -1.98206585e-03 -1.89136509e-03 -1.80182714e-03 -1.71339355e-03 -1.62600737e-03 -1.53961311e-03 -1.45415658e-03 -1.36958487e-03 -1.28584627e-03 -1.20289017e-03 -1.12066697e-03 -1.03912809e-03 -9.58225785e-04 -8.77913183e-04 -7.98144149e-04 -7.18873247e-04 -6.40055671e-04 -5.61647180e-04 -4.83604035e-04 -4.05882938e-04 -3.28440973e-04 -2.51235539e-04 -1.74224296e-04 -9.73651017e-05 -2.06159543e-05 5.60650682e-05 1.32719866e-04 2.09390376e-04 2.86118631e-04 3.62946818e-04 4.39917337e-04 5.17072860e-04 5.94456388e-04 6.72111315e-04 7.50081482e-04 8.28471689e-04 9.07290209e-04 9.86547741e-04 1.06629082e-03 1.14656676e-03 1.22742375e-03 1.30891143e-03 1.39109034e-03 1.47399841e-03 1.55768798e-03 1.64221260e-03 1.72762705e-03 1.81398747e-03 1.90135141e-03 1.98977789e-03 2.07932751e-03 2.17006254e-03 2.26204695e-03 2.35534659e-03 2.45002919e-03 2.54616454e-03 2.64382456e-03 2.74308340e-03 2.84401761e-03 2.94670621e-03 3.05123089e-03 3.15767612e-03 3.26612931e-03 3.37668101e-03 3.48942511e-03 3.60445902e-03 3.72188389e-03 3.84180493e-03 3.96433160e-03 4.08957796e-03 4.21766296e-03 4.34871086e-03 4.48285155e-03 4.62022103e-03 4.76094854e-03 4.90519406e-03
-4.94264209e-03 -4.79620948e-03 -4.65315201e-03 -4.51333102e-03 -4.37661448e-03 -4.24287651e-03 -4.11199689e-03 -3.98386072e-03 -3.85835793e-03 -3.73538303e-03 -3.61483476e-03 -3.49661577e-03 -3.38063240e-03 -3.26679444e-03 -3.15501489e-03 -3.04520977e-03 -2.93729795e-03 -2.83120097e-03 -2.72684290e-03 -2.62415020e-03 -2.52305158e-03 -2.42347787e-03 -2.32536196e-03 -2.22863861e-03 -2.13324443e-03 -2.03911775e-03 -1.94619851e-03 -1.85442822e-03 -1.76374985e-03 -1.67410776e-03 -1.58544761e-03 -1.49771632e-03 -1.41086194e-03 -1.32483366e-03 -1.23958167e-03 -1.15505712e-03 -1.07121209e-03 -9.87999450e-04 -9.05372878e-04 -8.23286744e-04 -7.41696071e-04 -6.60556470e-04 -5.79824084e-04 -4.99455525e-04 -4.19407818e-04 -3.39638346e-04 -2.60104786e-04 -1.80765061e-04 -1.01577277e-04 -2.24996685e-05 5.65094548e-05 1.35491767e-04 2.14488981e-04 2.93542902e-04 3.72695485e-04 4.52039376e-04 5.31584331e-04 6.11348409e-04 6.91374793e-04 7.71707109e-04 8.52433256e-04 9.33571393e-04 1.01514158e-03 1.09719001e-03 1.17976360e-03 1.26291011e-03 1.34667816e-03 1.43111729e-03 1.51627804e-03 1.60221202e-03 1.68897191e-03 1.77661161e-03 1.86518625e-03 1.95475225e-03 2.04536742e-03 2.13709104e-03 2.22998387e-03 2.32410829e-03 2.41952834e-03 2.51630984e-03 2.61452044e-03 2.71422973e-03 2.81550934e-03 2.91843304e-03 3.02307686e-03 3.12951922e-03 3.23784104e-03 3.34812589e-03 3.46046019e-03 3.57493334e-03 3.69163791e-03 3.81066987e-03 3.93212885e-03 4.05611833e-03 4.18274596e-03 4.31212390e-03 4.44436910e-03 4.57960374e-03 4.71795558e-03 4.85955846e-03 5.00455279e-03
-5.02512754e-03 -4.87864111e-03 -4.73536851e-03 -4.59518187e-03 -4.45795939e-03 -4.32358488e-03 -4.19194727e-03 -4.06294030e-03 -3.93646204e-03 -3.81241466e-03 -3.69070408e-03 -3.57123968e-03 -3.45393412e-03 -3.33870305e-03 -3.22546498e-03 -3.11414104e-03 -3.00465485e-03 -2.89693239e-03 -2.79090183e-03 -2.68649343e-03 -2.58363942e-03 -2.48227392e-03 -2.38233280e-03 -2.28375365e-03 -2.18647564e-03 -2.09043948e-03 -1.99558732e-03 -1.90186269e-03 -1.80921044e-03 -1.71757665e-03 -1.62690859e-03 -1.53715463e-03 -1.44826422e-03 -1.36018776e-03 -1.27287664e-03 -1.18628307e-03 -1.10036013e-03 -1.01506163e-03 -9.30342089e-04 -8.46156694e-04 -7.62461215e-04 -6.79211966e-04 -5.96365750e-04 -5.13879802e-04 -4.31711738e-04 -3.49819504e-04 -2.68161315e-04 -1.86695612e-04 -1.05381004e-04 -2.41762148e-05 5.69599641e-05 1.38098703e-04 2.19252179e-04 3.00458248e-04 3.81758380e-04 4.63295581e-04 5.45046235e-04 6.27003050e-04 7.09208756e-04 7.91706526e-04 8.74540030e-04 9.57753487e-04 1.04139171e-03 1.12550019e-03 1.21012508e-03 1.29531332e-03 1.38111266e-03 1.46757172e-03 1.55474000e-03 1.64266800e-03 1.73140725e-03 1.82101033e-03 1.91153097e-03 2.00302410e-03 2.09554586e-03 2.18915374e-03 2.28390656e-03 2.37986459e-03 2.47708958e-03 2.57564486e-03 2.67559538e-03 2.77700780e-03 2.87995058e-03 2.98449406e-03 3.09071055e-03 3.19867446e-03 3.30846238e-03 3.42015323e-03 3.53382837e-03 3.64957180e-03 3.76747030e-03 3.88761362e-03 4.01009473e-03 4.13500999e-03 4.26245948e-03 4.39254729e-03 4.52538179e-03 4.66107605e-03 4.79974823e-03 4.94152199e-03 5.08652698e-03
-5.09985741e-03 -4.95373918e-03 -4.81065057e-03 -4.67047565e-03 -4.53310402e-03 -4.39843025e-03 -4.26635352e-03 -4.13677720e-03 -4.00960851e-03 -3.88475820e-03 -3.76214027e-03 -3.64167169e-03 -3.52327222e-03 -3.40686419e-03 -3.29237231e-03 -3.17972351e-03 -3.06884683e-03 -2.95967328e-03 -2.85213570e-03 -2.74616872e-03 -2.64170860e-03 -2.53869320e-03 -2.43706188e-03 -2.33675543e-03 -2.23771602e-03 -2.13988711e-03 -2.04321342e-03 -1.94764084e-03 -1.85311642e-03 -1.75958828e-03 -1.66700556e-03 -1.57531839e-03 -1.48447782e-03 -1.39443580e-03 -1.30514508e-03 -1.21655921e-03 -1.12863245e-03 -1.04131977e-03 -9.54576763e-04 -8.68359594e-04 -7.82624979e-04 -6.97330119e-04 -6.12432656e-04 -5.27890623e-04 -4.43662398e-04 -3.59706653e-04 -2.75982308e-04 -1.92448484e-04 -1.09064451e-04 -2.57895822e-05 5.74166921e-05 1.40789732e-04 2.24181323e-04 3.07609578e-04 3.91115334e-04 4.74745034e-04 5.58536523e-04 6.42528813e-04 7.26763925e-04 8.11284297e-04 8.96132830e-04 9.81352937e-04 1.06698859e-03 1.15308436e-03 1.23968548e-03 1.32683787e-03 1.41458820e-03 1.50298391e-03 1.59207329e-03 1.68190551e-03 1.77253064e-03 1.86399974e-03 1.95636487e-03 2.04967914e-03 2.14399677e-03 2.23937312e-03 2.33586476e-03 2.43352948e-03 2.53242637e-03 2.63261587e-03 2.73415982e-03 2.83712150e-03 2.94156573e-03 3.04755891e-03 3.15516910e-03 3.26446613e-03 3.37552164e-03 3.48840925e-03 3.60320463e-03 3.71998563e-03 3.83883248e-03 3.95982791e-03 4.08305736e-03 4.20860922e-03 4.33657506e-03 4.46704990e-03 4.60013253e-03 4.73592588e-03 4.87453735e-03 5.01607931e-03 5.16066949e-03
-5.17772130e-03 -5.03206941e-03 -4.88924759e-03 -4.74915277e-03 -4.61168675e-03 -4.47675573e-03 -4.34426989e-03 -4.21414306e-03 -4.08629231e-03 -3.96063770e-03 -3.83710198e-03 -3.71561036e-03 -3.59609032e-03 -3.47847140e-03 -3.36268508e-03 -3.24866461e-03 -3.13634490e-03 -3.02566242e-03 -2.91655512e-03 -2.80896235e-03 -2.70282476e-03 -2.59808429e-03 -2.49468408e-03 -2.39256841e-03 -2.29168268e-03 -2.19197337e-03 -2.09338797e-03 -1.99587496e-03 -1.89938375e-03 -1.80386467e-03 -1.70926892e-03 -1.61554852e-03 -1.52265628e-03 -1.43054579e-03 -1.33917132e-03 -1.24848783e-03 -1.15845092e-03 -1.06901677e-03 -9.80142141e-04 -8.91784280e-04 -8.03900925e-04 -7.16450239e-04 -6.29390777e-04 -5.42681439e-04 -4.56281430e-04 -3.70150216e-04 -2.84247482e-04 -1.98392103e-04 -1.12600260e-04 -2.69320836e-05 5.86521687e-05 1.44223803e-04 2.29792105e-04 3.15393387e-04 4.01067777e-04 4.86855620e-04 5.72797517e-04 6.58934371e-04 7.45307432e-04 8.31958335e-04 9.18929145e-04 1.00626240e-03 1.09400115e-03 1.18218899e-03 1.27087012e-03 1.36008936e-03 1.44989221e-03 1.54032486e-03 1.63143425e-03 1.72326810e-03 1.81587493e-03 1.90930412e-03 2.00360592e-03 2.09883148e-03 2.19503293e-03 2.29226333e-03 2.39057677e-03 2.49002837e-03 2.59067434e-03 2.69257196e-03 2.79577970e-03 2.90035716e-03 3.00636521e-03 3.11386596e-03 3.22292286e-03 3.33360075e-03 3.44596591e-03 3.56008617e-03 3.67603101e-03 3.79387162e-03 3.91368111e-03 4.03553458e-03 4.15950933e-03 4.28568509e-03 4.41414420e-03 4.54497189e-03 4.67825661e-03 4.81409032e-03 4.95256889e-03 5.09379252e-03 5.23786618e-03
-5.25858457e-03 -5.11351329e-03 -4.97105605e-03 -4.83112351e-03 -4.69363058e-03 -4.55849595e-03 -4.42564170e-03 -4.29499290e-03 -4.16647730e-03 -4.04002501e-03 -3.91556828e-03 -3.79304125e-03 -3.67237978e-03 -3.55352126e-03 -3.43640451e-03 -3.32096964e-03 -3.20715793e-03 -3.09491184e-03 -2.98417483e-03 -2.87489139e-03 -2.76700697e-03 -2.66046791e-03 -2.55522146e-03 -2.45121572e-03 -2.34839959e-03 -2.24672282e-03 -2.14613592e-03 -2.04659014e-03 -1.94803751e-03 -1.85043075e-03 -1.75372327e-03 -1.65786915e-03 -1.56282313e-03 -1.46854054e-03 -1.37497733e-03 -1.28208999e-03 -1.18983554e-03 -1.09817153e-03 -1.00705594e-03 -9.16447212e-04 -8.26304195e-04 -7.36586097e-04 -6.47252462e-04 -5.58263134e-04 -4.69333832e-04 -3.80659258e-04 -2.92224976e-04 -2.03961788e-04 -1.15842655e-04 -2.78499554e-05 6.00552577e-05 1.47911973e-04 2.35759264e-04 3.23636327e-04 4.11582523e-04 4.99637417e-04 5.87840814e-04 6.76232804e-04 7.64853792e-04 8.53744541e-04 9.42946209e-04 1.03250038e-03 1.12244909e-03 1.21283490e-03 1.30370087e-03 1.39509062e-03 1.48704839e-03 1.57961900e-03 1.67284793e-03 1.76678133e-03 1.86146604e-03 1.95694961e-03 2.05328033e-03 2.15050724e-03 2.24868015e-03 2.34784966e-03 2.44806717e-03 2.54938489e-03 2.65185589e-03 2.75553406e-03 2.86047415e-03 2.96673180e-03 3.07436357e-03 3.18342691e-03 3.29398025e-03 3.40608300e-03 3.51979563e-03 3.63517968e-03 3.75229788e-03 3.87121420e-03 3.99199400e-03 4.11470410e-03 4.23941300e-03 4.36619100e-03 4.49511048e-03 4.62624610e-03 4.75967511e-03 4.89547769e-03 5.03373728e-03 5.17454104e-03 5.31798024e-03
-5.34229227e-03 -5.19793304e-03 -5.05595407e-03 -4.91628072e-03 -4.77884196e-03 -4.64356989e-03 -4.51039936e-03 -4.37926760e-03 -4.25011387e-03 -4.12287918e-03 -3.99750606e-03 -3.87393834e-03 -3.75212096e-03 -3.63199983e-03 -3.51352175e-03 -3.39663428e-03 -3.28128567e-03 -3.16742481e-03 -3.05500121e-03 -2.94396495e-03 -2.83426665e-03 -2.72585748e-03 -2.61868914e-03 -2.51271386e-03 -2.40788438e-03 -2.30415397e-03 -2.20147642e-03 -2.09980603e-03 -1.99909762e-03 -1.89930652e-03 -1.80038854e-03 -1.70230001e-03 -1.60499772e-03 -1.50843895e-03 -1.41258142e-03 -1.31738329e-03 -1.22280316e-03 -1.12879999e-03 -1.03533316e-03 -9.42362378e-04 -8.49847694e-04 -7.57441852e-04 -6.65408758e-04 -5.73729564e-04 -4.82328197e-04 -3.91202199e-04 -3.00317129e-04 -2.09634830e-04 -1.19117196e-04 -2.87261419e-05 6.15764343e-05 1.51828688e-04 2.42068861e-04 3.32335319e-04 4.22666585e-04 5.13101372e-04 6.03678621e-04 6.94437532e-04 7.85417594e-04 8.76658621e-04 9.68200777e-04 1.06008461e-03 1.15235108e-03 1.24504157e-03 1.33819794e-03 1.43186252e-03 1.52607814e-03 1.62088816e-03 1.71633647e-03 1.81246752e-03 1.90932632e-03 2.00695844e-03 2.10541004e-03 2.20472786e-03 2.30495921e-03 2.40615202e-03 2.50835476e-03 2.61161649e-03 2.71598686e-03 2.82151606e-03 2.92825484e-03 3.03625453e-03 3.14556696e-03 3.25624457e-03 3.36834030e-03 3.48190768e-03 3.59700082e-03 3.71367447e-03 3.83198400e-03 3.95198554e-03 4.07373603e-03 4.19729333e-03 4.32271634e-03 4.45006522e-03 4.57940153e-03 4.71078851e-03 4.84429136e-03 4.97997755e-03 5.11791719e-03 5.25818345e-03 5.40085299e-03
-5.42866851e-03 -5.28517091e-03 -5.14380082e-03 -5.00449926e-03 -4.86721022e-03 -4.73188019e-03 -4.59845777e-03 -4.46689327e-03 -4.33713838e-03 -4.20914589e-03 -4.08286947e-03 -3.95826342e-03 -3.83528255e-03 -3.71388204e-03 -3.59401733e-03 -3.47564407e-03 -3.35871808e-03 -3.24319529e-03 -3.12903173e-03 -3.01618356e-03 -2.90460704e-03 -2.79425858e-03 -2.68509472e-03 -2.57707217e-03 -2.47014782e-03 -2.36427879e-03 -2.25942243e-03 -2.15553632e-03 -2.05257834e-03 -1.95050661e-03 -1.84927959e-03 -1.74885600e-03 -1.64919490e-03 -1.55025564e-03 -1.45199790e-03 -1.35438041e-03 -1.25736253e-03 -1.16090709e-03 -1.06466549e-03 -9.68815685e-04 -8.73429292e-04 -7.78468394e-04 -6.83895259e-04 -5.89672316e-04 -4.95762137e-04 -4.02127400e-04 -3.08730872e-04 -2.15535376e-04 -1.22503760e-04 -2.95988736e-05 6.32164684e-05 1.55979511e-04 2.48727592e-04 3.41498168e-04 4.34328850e-04 5.27257426e-04 6.20321893e-04 7.13560481e-04 8.07011684e-04 9.00714280e-04 9.94707359e-04 1.08903034e-03 1.18372300e-03 1.27882547e-03 1.37437828e-03 1.47042236e-03 1.56699905e-03 1.66415008e-03 1.76191765e-03 1.86034434e-03 1.95947318e-03 2.05934760e-03 2.16001144e-03 2.26150896e-03 2.36388477e-03 2.46718387e-03 2.57145156e-03 2.67673350e-03 2.78307561e-03 2.89052407e-03 2.99912530e-03 3.10892590e-03 3.21997263e-03 3.33231242e-03 3.44599228e-03 3.56105933e-03 3.67756081e-03 3.79554402e-03 3.91505639e-03 4.03614551e-03 4.15885920e-03 4.28324557e-03 4.40935316e-03 4.53723110e-03 4.66692928e-03 4.79849863e-03 4.93199135e-03 5.06746124e-03 5.20496414e-03 5.34455823e-03 5.48630460e-03
-5.51751587e-03 -5.37504865e-03 -5.23443589e-03 -5.09563529e-03 -4.95860688e-03 -4.82331256e-03 -4.68971567e-03 -4.55778061e-03 -4.42747247e-03 -4.29875678e-03 -4.17159922e-03 -4.04596545e-03 -3.92182100e-03 -3.79913106e-03 -3.67786049e-03 -3.55797374e-03 -3.43943482e-03 -3.32220729e-03 -3.20625431e-03 -3.09153863e-03 -2.97802264e-03 -2.86566842e-03 -2.75443777e-03 -2.64429227e-03 -2.53519333e-03 -2.42710223e-03 -2.31998016e-03 -2.21378830e-03 -2.10848780e-03 -2.00403986e-03 -1.90040575e-03 -1.79754683e-03 -1.69542458e-03 -1.59391343e-03 -1.49304483e-03 -1.39267215e-03 -1.29266046e-03 -1.19321231e-03 -1.09429074e-03 -9.95858941e-04 -8.97880228e-04 -8.00318061e-04 -7.03136012e-04 -6.06297755e-04 -5.09767049e-04 -4.13507715e-04 -3.17483619e-04 -2.21658650e-04 -1.25996696e-04 -3.04616212e-05 6.49827574e-05 1.60372695e-04 2.55744543e-04 3.51134772e-04 4.46579997e-04 5.42116997e-04 6.37782743e-04 7.33614413e-04 8.29649415e-04 9.25925403e-04 1.02248030e-03 1.11935229e-03 1.21657987e-03 1.31420183e-03 1.41225724e-03 1.51078552e-03 1.60982637e-03 1.70941979e-03 1.80960611e-03 1.91042592e-03 2.01192008e-03 2.11412972e-03 2.21709617e-03 2.32086098e-03 2.42546584e-03 2.53095256e-03 2.63736306e-03 2.74473924e-03 2.85312303e-03 2.96255623e-03 3.07308055e-03 3.18473748e-03 3.29756827e-03 3.41161386e-03 3.52691481e-03 3.64351131e-03 3.76144307e-03 3.88074936e-03 4.00146896e-03 4.12364020e-03 4.24730099e-03 4.37248888e-03 4.49924118e-03 4.62759510e-03 4.75758794e-03 4.88925733e-03 5.02264147e-03 5.15777954e-03 5.29471204e-03 5.43348121e-03 5.57413153e-03
-5.60861490e-03 -5.46736686e-03 -5.32767867e-03 -5.18952570e-03 -5.05288506e-03 -4.91773512e-03 -4.78405502e-03 -4.65182430e-03 -4.52102248e-03 -4.39162880e-03 -4.26362197e-03 -4.13697995e-03 -4.01167983e-03 -3.88769770e-03 -3.76500864e-03 -3.64358662e-03 -3.52340455e-03 -3.40443431e-03 -3.28664677e-03 -3.17001184e-03 -3.05449857e-03 -2.94007520e-03 -2.82670924e-03 -2.71436754e-03 -2.60301641e-03 -2.49262163e-03 -2.38314860e-03 -2.27456233e-03 -2.16682757e-03 -2.05990882e-03 -1.95373645e-03 -1.84807634e-03 -1.74313248e-03 -1.63866532e-03 -1.53480222e-03 -1.43155690e-03 -1.32889410e-03 -1.22677860e-03 -1.12517520e-03 -1.02404875e-03 -9.23364169e-04 -8.23086392e-04 -7.23180412e-04 -6.23611251e-04 -5.24343958e-04 -4.25343595e-04 -3.26575224e-04 -2.28003892e-04 -1.29594617e-04 -3.13123685e-05 6.68779483e-05 1.65011511e-04 2.63123597e-04 3.61249604e-04 4.59425064e-04 5.57685661e-04 6.56067247e-04 7.54605857e-04 8.53337720e-04 9.52299270e-04 1.05152715e-03 1.15105824e-03 1.25092962e-03 1.35117861e-03 1.45184274e-03 1.55295976e-03 1.65456761e-03 1.75670442e-03 1.85940848e-03 1.96271823e-03 2.06667221e-03 2.17130901e-03 2.27666728e-03 2.38278562e-03 2.48970255e-03 2.59745648e-03 2.70608558e-03 2.81562775e-03 2.92612055e-03 3.03760106e-03 3.15010586e-03 3.26367091e-03 3.37833146e-03 3.49412195e-03 3.61107597e-03 3.72922613e-03 3.84860402e-03 3.96924015e-03 4.09116393e-03 4.21440363e-03 4.33898641e-03 4.46493841e-03 4.59228476e-03 4.72104980e-03 4.85125723e-03 4.98293035e-03 5.11609237e-03 5.25076674e-03 5.38697761e-03 5.52475023e-03 5.66411146e-03
-5.70172351e-03 -5.56190449e-03 -5.42332778e-03 -5.28598747e-03 -5.14987883e-03 -5.01499777e-03 -4.88134034e-03 -4.74890229e-03 -4.61767869e-03 -4.48766357e-03 -4.35884968e-03 -4.23122829e-03 -4.10478901e-03 -3.97951974e-03 -3.85540661e-03 -3.73243396e-03 -3.61058436e-03 -3.48983868e-03 -3.37017618e-03 -3.25157455e-03 -3.13401005e-03 -3.01745760e-03 -2.90189089e-03 -2.78728252e-03 -2.67360408e-03 -2.56082625e-03 -2.44891895e-03 -2.33785137e-03 -2.22743331e-03 -2.11746613e-03 -2.00824518e-03 -1.89967903e-03 -1.79180703e-03 -1.68459664e-03 -1.57801509e-03 -1.47202945e-03 -1.36660664e-03 -1.26171349e-03 -1.15731673e-03 -1.05338302e-03 -9.49878964e-04 -8.46771135e-04 -7.44026053e-04 -6.41610203e-04 -5.39490034e-04 -4.37631952e-04 -3.36002317e-04 -2.34567436e-04 -1.33293552e-04 -3.21468353e-05 6.89066253e-05 1.69900837e-04 2.70869911e-04 3.71848078e-04 4.72869694e-04 5.73969252e-04 6.75181391e-04 7.76540904e-04 8.78082740e-04 9.79842009e-04 1.08185398e-03 1.18415409e-03 1.28677791e-03 1.38976116e-03 1.49313969e-03 1.59694946e-03 1.70122650e-03 1.80600692e-03 1.91132682e-03 2.01722229e-03 2.12372934e-03 2.23088388e-03 2.33872160e-03 2.44727795e-03 2.55658802e-03 2.66668649e-03 2.77760753e-03 2.88938469e-03 3.00205077e-03 3.11563777e-03 3.23017671e-03 3.34569754e-03 3.46222899e-03 3.57979849e-03 3.69843201e-03 3.81815397e-03 3.93898714e-03 4.06095253e-03 4.18406937e-03 4.30835504e-03 4.43382506e-03 4.56049317e-03 4.68837137e-03 4.81747010e-03 4.94779838e-03 5.07936413e-03 5.21217445e-03 5.34623600e-03 5.48155547e-03 5.61814006e-03 5.75599802e-03
-5.79657659e-03 -5.65841825e-03 -5.52116048e-03 -5.38481711e-03 -5.24940261e-03 -5.11493155e-03 -4.98141805e-03 -4.84887522e-03 -4.71731480e-03 -4.58674675e-03 -4.45717897e-03 -4.32861709e-03 -4.20106429e-03 -4.07452125e-03 -3.94898607e-03 -3.82445432e-03 -3.70091905e-03 -3.57837091e-03 -3.45679822e-03 -3.33618712e-03 -3.21652168e-03 -3.09778407e-03 -2.97995469e-03 -2.86301234e-03 -2.74686197e-03 -2.63145014e-03 -2.51667340e-03 -2.40243586e-03 -2.28897365e-03 -2.17625951e-03 -2.06426547e-03 -1.95296292e-03 -1.84232269e-03 -1.73231516e-03 -1.62291026e-03 -1.51407758e-03 -1.40578642e-03 -1.29800581e-03 -1.19070455e-03 -1.08385127e-03 -9.77414415e-04 -8.71362301e-04 -7.65663112e-04 -6.60284916e-04 -5.55195679e-04 -4.50363263e-04 -3.45755437e-04 -2.41339870e-04 -1.37084136e-04 -3.29557094e-05 7.10780384e-05 1.75049843e-04 2.78992552e-04 3.82939127e-04 4.86922649e-04 5.90976319e-04 6.95133461e-04 7.99427520e-04 9.03892060e-04 1.00856076e-03 1.11346739e-03 1.21864582e-03 1.32413001e-03 1.42995395e-03 1.53615166e-03 1.64275717e-03 1.74980446e-03 1.85732743e-03 1.96535982e-03 2.07393520e-03 2.18308688e-03 2.29284780e-03 2.40325050e-03 2.51432701e-03 2.62610872e-03 2.73862630e-03 2.85190957e-03 2.96598736e-03 3.08088738e-03 3.19663607e-03 3.31325845e-03 3.43077795e-03 3.54921627e-03 3.66859320e-03 3.78892647e-03 3.91023162e-03 4.03252184e-03 4.15580785e-03 4.28009784e-03 4.40539738e-03 4.53170940e-03 4.65903423e-03 4.78736969e-03 4.91671120e-03 5.04705203e-03 5.17838354e-03 5.31069559e-03 5.44397692e-03 5.57821567e-03 5.71339992e-03 5.84951830e-03
-5.89288550e-03 -5.75664219e-03 -5.62093221e-03 -5.48579008e-03 -5.35125060e-03 -5.21734810e-03 -5.08411592e-03 -4.95158575e-03 -4.81978720e-03 -4.68874735e-03 -4.55849043e-03 -4.42903755e-03 -4.30040656e-03 -4.17261196e-03 -4.04566483e-03 -3.91957288e-03 -3.79434055e-03 -3.66996904e-03 -3.54645652e-03 -3.42379828e-03 -3.30198685e-03 -3.18101226e-03 -3.06069699e-03 -2.94084702e-03 -2.82173729e-03 -2.70332491e-03 -2.58568069e-03 -2.46878410e-03 -2.35261327e-03 -2.23714521e-03 -2.12235584e-03 -2.00822020e-03 -1.89471250e-03 -1.78180623e-03 -1.66947426e-03 -1.55768891e-03 -1.44642201e-03 -1.33564499e-03 -1.22532890e-03 -1.11544445e-03 -1.00596211e-03 -8.96852068e-04 -7.88084304e-04 -6.79628599e-04 -5.71454558e-04 -4.63531621e-04 -3.55829077e-04 -2.48316074e-04 -1.40961628e-04 -3.37346235e-05 7.33961771e-05 1.80462133e-04 2.87494718e-04 3.94525524e-04 5.01586247e-04 6.08708690e-04 7.15924753e-04 8.23266421e-04 9.30765759e-04 1.03845489e-03 1.14636598e-03 1.25453122e-03 1.36298278e-03 1.47175281e-03 1.58087336e-03 1.69037638e-03 1.80029362e-03 1.91065660e-03 2.02149654e-03 2.13284427e-03 2.24473017e-03 2.35718402e-03 2.47023495e-03 2.58391128e-03 2.69824043e-03 2.81324873e-03 2.92896131e-03 3.04540190e-03 3.16259269e-03 3.28055413e-03 3.39930473e-03 3.51886089e-03 3.63923666e-03 3.76044357e-03 3.88249045e-03 4.00538318e-03 4.12912458e-03 4.25371423e-03 4.37914835e-03 4.50541973e-03 4.63251768e-03 4.76042805e-03 4.88913332e-03 5.01861278e-03 5.14884273e-03 5.27979681e-03 5.41144643e-03 5.54376127e-03 5.67670978e-03 5.81025988e-03 5.94437955e-03
-5.98047571e-03 -5.84667585e-03 -5.71301247e-03 -5.57954176e-03 -5.44631983e-03 -5.31340196e-03 -5.18084189e-03 -5.04869115e-03 -4.91699850e-03 -4.78580942e-03 -4.65516572e-03 -4.52510527e-03 -4.39566181e-03 -4.26686478e-03 -4.13873939e-03 -4.01130654e-03 -3.88458303e-03 -3.75858158e-03 -3.63331109e-03 -3.50856391e-03 -3.38446431e-03 -3.26070374e-03 -3.13768545e-03 -3.01540311e-03 -2.89384787e-03 -2.77300858e-03 -2.65287200e-03 -2.53342299e-03 -2.41464469e-03 -2.29651872e-03 -2.17902532e-03 -2.06214351e-03 -1.94585119e-03 -1.83012532e-03 -1.71494197e-03 -1.60027649e-03 -1.48610350e-03 -1.37239709e-03 -1.25913078e-03 -1.14627764e-03 -1.03381035e-03 -9.21701209e-04 -8.09922200e-04 -6.98445026e-04 -5.87241128e-04 -4.76281721e-04 -3.65537809e-04 -2.54980208e-04 -1.44579560e-04 -3.43063478e-05 7.58690934e-05 1.85976562e-04 2.96045981e-04 4.06107383e-04 5.16190903e-04 6.26326759e-04 7.36545240e-04 8.46876687e-04 9.57351473e-04 1.06799998e-03 1.17885255e-03 1.28993950e-03 1.40129103e-03 1.51293720e-03 1.62490788e-03 1.73723269e-03 1.84994093e-03 1.96306149e-03 2.07662279e-03 2.19065265e-03 2.30517822e-03 2.42022580e-03 2.53582078e-03 2.65198743e-03 2.76874879e-03 2.88612646e-03 3.00414042e-03 3.12280886e-03 3.24214792e-03 3.36217151e-03 3.48289105e-03 3.60431525e-03 3.72644984e-03 3.84929736e-03 3.97285689e-03 4.09712383e-03 4.22208970e-03 4.34774196e-03 4.47406383e-03 4.60103422e-03 4.72862766e-03 4.85681434e-03 4.98556017e-03 5.11482703e-03 5.24457299e-03 5.37475270e-03 5.50531791e-03 5.63621799e-03 5.76740061e-03 5.89881248e-03 6.03040002e-03
-6.06853844e-03 -5.93748066e-03 -5.80613551e-03 -5.67458164e-03 -5.54289744e-03 -5.41116019e-03 -5.27944518e-03 -5.14782502e-03 -5.01636883e-03 -4.88514179e-03 -4.75420455e-03 -4.62361298e-03 -4.49341788e-03 -4.36366484e-03 -4.23439426e-03 -4.10564130e-03 -3.97743607e-03 -3.84937298e-03 -3.72163186e-03 -3.59446772e-03 -3.46792988e-03 -3.34203080e-03 -3.21677546e-03 -3.09216549e-03 -2.96819937e-03 -2.84487274e-03 -2.72217862e-03 -2.60010767e-03 -2.47864841e-03 -2.35778742e-03 -2.23750956e-03 -2.11779810e-03 -1.99863493e-03 -1.88000070e-03 -1.76187495e-03 -1.64423620e-03 -1.52706214e-03 -1.41032965e-03 -1.29401494e-03 -1.17809358e-03 -1.06254062e-03 -9.47330634e-04 -8.32437747e-04 -7.17835719e-04 -6.03497968e-04 -4.89397609e-04 -3.75507489e-04 -2.61800214e-04 -1.48248174e-04 -3.48235655e-05 7.85015833e-05 1.91755396e-04 3.04966126e-04 4.18162136e-04 5.31371878e-04 6.44623872e-04 7.57946677e-04 8.71368868e-04 9.84919002e-04 1.09862558e-03 1.21251703e-03 1.32662162e-03 1.44096744e-03 1.55558233e-03 1.67049382e-03 1.78572904e-03 1.90131466e-03 2.01727676e-03 2.13364074e-03 2.25043123e-03 2.36767189e-03 2.48538532e-03 2.60359289e-03 2.72231453e-03 2.84156858e-03 2.96137156e-03 3.08173795e-03 3.20267994e-03 3.32420720e-03 3.44632660e-03 3.56904192e-03 3.69235360e-03 3.81625839e-03 3.94074912e-03 4.06581438e-03 4.19143826e-03 4.31760009e-03 4.44427423e-03 4.57142989e-03 4.69903101e-03 4.82703622e-03 4.95539883e-03 5.08406699e-03 5.21298390e-03 5.34208815e-03 5.47131418e-03 5.60059284e-03 5.72985209e-03 5.85901775e-03 5.98801435e-03 6.11676599e-03
-6.15803000e-03 -6.03000436e-03 -5.90123966e-03 -5.77183774e-03 -5.64190019e-03 -5.51152730e-03 -5.38081712e-03 -5.24986451e-03 -5.11876031e-03 -4.98759067e-03 -4.85643644e-03 -4.72537277e-03 -4.59446882e-03 -4.46378754e-03 -4.33298071e-03 -4.20234507e-03 -4.07186407e-03 -3.94180295e-03 -3.81219551e-03 -3.68307018e-03 -3.55445035e-03 -3.42635466e-03 -3.29879734e-03 -3.17178853e-03 -3.04533462e-03 -2.91943851e-03 -2.79409995e-03 -2.66931583e-03 -2.54508041e-03 -2.42138560e-03 -2.29822115e-03 -2.17557493e-03 -2.05343307e-03 -1.93178017e-03 -1.81059942e-03 -1.68987282e-03 -1.56958125e-03 -1.44970461e-03 -1.33022196e-03 -1.21111154e-03 -1.09235095e-03 -9.73917156e-04 -8.55786588e-04 -7.37935196e-04 -6.20338506e-04 -5.02971663e-04 -3.85809481e-04 -2.68826475e-04 -1.51996901e-04 -3.52947893e-05 8.13060276e-05 1.97831883e-04 3.14309250e-04 4.30764705e-04 5.47224908e-04 6.63716560e-04 7.80266378e-04 8.96901050e-04 1.01364720e-03 1.13053133e-03 1.24757980e-03 1.36481872e-03 1.48227392e-03 1.59997089e-03 1.71793464e-03 1.83618967e-03 1.95475982e-03 2.07366820e-03 2.19293700e-03 2.31258741e-03 2.43263941e-03 2.55311164e-03 2.67402115e-03 2.79538325e-03 2.91721127e-03 3.03951628e-03 3.16230686e-03 3.28558880e-03 3.40936480e-03 3.53363418e-03 3.65839253e-03 3.78363137e-03 3.90933780e-03 4.03549421e-03 4.16207788e-03 4.28906070e-03 4.41640886e-03 4.54408262e-03 4.67203609e-03 4.80021708e-03 4.92856710e-03 5.05702135e-03 5.18550891e-03 5.31395301e-03 5.44227145e-03 5.57037716e-03 5.69817888e-03 5.82558202e-03 5.95248951e-03 6.07880283e-03 6.20442299e-03
-6.24723450e-03 -6.12258865e-03 -5.99672286e-03 -5.86976278e-03 -5.74183401e-03 -5.61306086e-03 -5.48356525e-03 -5.35346557e-03 -5.22287569e-03 -5.09190411e-03 -4.96065327e-03 -4.82897461e-03 -4.69696580e-03 -4.56459831e-03 -4.43229685e-03 -4.30012935e-03 -4.16815665e-03 -4.03643267e-03 -3.90500469e-03 -3.77391368e-03 -3.64319463e-03 -3.51287694e-03 -3.38298477e-03 -3.25353743e-03 -3.12454976e-03 -2.99603251e-03 -2.86799263e-03 -2.74043367e-03 -2.61335605e-03 -2.48675736e-03 -2.36063265e-03 -2.23497466e-03 -2.10977405e-03 -1.98501965e-03 -1.86069859e-03 -1.73679652e-03 -1.61329777e-03 -1.49018547e-03 -1.36744169e-03 -1.24504757e-03 -1.12298340e-03 -1.00122872e-03 -8.79762415e-04 -7.58562786e-04 -6.37607613e-04 -5.16874214e-04 -3.96339507e-04 -2.75980055e-04 -1.55772114e-04 -3.56916776e-05 8.42854870e-05 2.04183795e-04 3.24027807e-04 4.43842189e-04 5.63651677e-04 6.83481027e-04 8.03354980e-04 9.23298204e-04 1.04333525e-03 1.16349049e-03 1.28378806e-03 1.40425178e-03 1.52490505e-03 1.64577084e-03 1.76687150e-03 1.88822869e-03 2.00986326e-03 2.13179512e-03 2.25404305e-03 2.37662456e-03 2.49955571e-03 2.62285086e-03 2.74652253e-03 2.87058104e-03 2.99503435e-03 3.11988772e-03 3.24514340e-03 3.37080031e-03 3.49685369e-03 3.62329476e-03 3.75011027e-03 3.87728218e-03 4.00478721e-03 4.13259649e-03 4.26067513e-03 4.38898187e-03 4.51746875e-03 4.64608081e-03 4.77475591e-03 4.90342452e-03 5.03200972e-03 5.16042727e-03 5.28858580e-03 5.41638721e-03 5.54372716e-03 5.67049574e-03 5.79657838e-03 5.92185677e-03 6.04620999e-03 6.16951564e-03 6.29165107e-03
-6.34081795e-03 -6.21980720e-03 -6.09706583e-03 -5.97274389e-03 -5.84699174e-03 -5.71995874e-03 -5.59179182e-03 -5.46263420e-03 -5.33254194e-03 -5.20150469e-03 -5.06931582e-03 -4.93665261e-03 -4.80362586e-03 -4.67033813e-03 -4.53688359e-03 -4.40334805e-03 -4.26980908e-03 -4.13633620e-03 -4.00299123e-03 -3.86982861e-03 -3.73689583e-03 -3.60423381e-03 -3.47187739e-03 -3.33985570e-03 -3.20819267e-03 -3.07690738e-03 -2.94601452e-03 -2.81552474e-03 -2.68544501e-03 -2.55577902e-03 -2.42652739e-03 -2.29768808e-03 -2.16925656e-03 -2.04122613e-03 -1.91358810e-03 -1.78633200e-03 -1.65944581e-03 -1.53291606e-03 -1.40672805e-03 -1.28086592e-03 -1.15531283e-03 -1.03005105e-03 -9.05062051e-04 -7.80326617e-04 -6.55824901e-04 -5.31536520e-04 -4.07440610e-04 -2.83515897e-04 -1.59740745e-04 -3.60932172e-05 8.74488751e-05 2.10907924e-04 3.34306475e-04 4.57667179e-04 5.81012740e-04 7.04365866e-04 8.27749210e-04 9.51185315e-04 1.07469655e-03 1.19830502e-03 1.32203254e-03 1.44590049e-03 1.56992974e-03 1.69414058e-03 1.81855254e-03 1.94318430e-03 2.06805355e-03 2.19317681e-03 2.31856925e-03 2.44424450e-03 2.57021444e-03 2.69648894e-03 2.82307564e-03 2.94997961e-03 3.07720309e-03 3.20474513e-03 3.33260124e-03 3.46076302e-03 3.58921773e-03 3.71794788e-03 3.84693081e-03 3.97613819e-03 4.10553560e-03 4.23508208e-03 4.36472962e-03 4.49442284e-03 4.62409853e-03 4.75368537e-03 4.88310369e-03 5.01226531e-03 5.14107352e-03 5.26942319e-03 5.39720109e-03 5.52428630e-03 5.65055089e-03 5.77586079e-03 5.90007679e-03 6.02305573e-03 6.14465185e-03 6.26471813e-03 6.38310767e-03
-6.43203622e-03 -6.31509084e-03 -6.19587277e-03 -6.07455671e-03 -5.95131841e-03 -5.82633307e-03 -5.69977373e-03 -5.57095291e-03 -5.44084986e-03 -5.30966448e-03 -5.17754761e-03 -5.04464171e-03 -4.91108032e-03 -4.77698759e-03 -4.64247813e-03 -4.50765699e-03 -4.37261973e-03 -4.23745271e-03 -4.10223338e-03 -3.96703069e-03 -3.83190556e-03 -3.69691133e-03 -3.56209428e-03 -3.42749413e-03 -3.29314450e-03 -3.15907348e-03 -3.02530400e-03 -2.89185432e-03 -2.75873847e-03 -2.62596658e-03 -2.49354530e-03 -2.36147812e-03 -2.22976568e-03 -2.09840604e-03 -1.96739497e-03 -1.83672617e-03 -1.70639148e-03 -1.57638110e-03 -1.44668373e-03 -1.31728678e-03 -1.18817646e-03 -1.05933794e-03 -9.30755480e-04 -8.02412509e-04 -6.74291736e-04 -5.46375235e-04 -4.18644528e-04 -2.91080657e-04 -1.63664252e-04 -3.63756021e-05 9.08052888e-05 2.17898638e-04 3.44924826e-04 4.71904336e-04 5.98857692e-04 7.25805401e-04 8.52767877e-04 9.79765379e-04 1.10681793e-03 1.23394524e-03 1.36116659e-03 1.48850077e-03 1.61596595e-03 1.74357953e-03 1.87135805e-03 1.99931702e-03 2.12747073e-03 2.25583208e-03 2.38441240e-03 2.51322117e-03 2.64226582e-03 2.77155142e-03 2.90108041e-03 3.03085223e-03 3.16086302e-03 3.29110520e-03 3.42156707e-03 3.55223235e-03 3.68307978e-03 3.81408255e-03 3.94520786e-03 4.07641635e-03 4.20766161e-03 4.33888967e-03 4.47003844e-03 4.60103729e-03 4.73180663e-03 4.86225751e-03 4.99229142e-03 5.12180011e-03 5.25066563e-03 5.37876047e-03 5.50594801e-03 5.63208303e-03 5.75701259e-03 5.88057705e-03 6.00261133e-03 6.12294642e-03 6.24141084e-03 6.35783238e-03 6.47203962e-03
-6.52384078e-03 -6.41133958e-03 -6.29599156e-03 -6.17799623e-03 -6.05713118e-03 -5.93358410e-03 -5.80792353e-03 -5.68041495e-03 -5.55125041e-03 -5.42061509e-03 -5.28868603e-03 -5.15563105e-03 -5.02160801e-03 -4.88676425e-03 -4.75123636e-03 -4.61515004e-03 -4.47862026e-03 -4.34175145e-03 -4.20463789e-03 -4.06736415e-03 -3.93000556e-03 -3.79262880e-03 -3.65529244e-03 -3.51804752e-03 -3.38093809e-03 -3.24400182e-03 -3.10727047e-03 -2.97077045e-03 -2.83452325e-03 -2.69854594e-03 -2.56285156e-03 -2.42744949e-03 -2.29234585e-03 -2.15754378e-03 -2.02304379e-03 -1.88884398e-03 -1.75494033e-03 -1.62132690e-03 -1.48799603e-03 -1.35493857e-03 -1.22214397e-03 -1.08960051e-03 -9.57295385e-04 -8.25214842e-04 -6.93344300e-04 -5.61668449e-04 -4.30171341e-04 -2.98836485e-04 -1.67646920e-04 -3.65852993e-05 9.43660392e-05 2.25225001e-04 3.56009662e-04 4.86738201e-04 6.17428828e-04 7.48099703e-04 8.78768865e-04 1.00945415e-03 1.14017308e-03 1.27094281e-03 1.40177997e-03 1.53270058e-03 1.66371993e-03 1.79485240e-03 1.92611132e-03 2.05750883e-03 2.18905564e-03 2.32076082e-03 2.45263161e-03 2.58467309e-03 2.71688797e-03 2.84927621e-03 2.98183473e-03 3.11455700e-03 3.24743265e-03 3.38044703e-03 3.51358075e-03 3.64680915e-03 3.78010182e-03 3.91342199e-03 4.04672600e-03 4.17996266e-03 4.31307272e-03 4.44598820e-03 4.57863188e-03 4.71091677e-03 4.84274561e-03 4.97401050e-03 5.10459268e-03 5.23436234e-03 5.36317872e-03 5.49089039e-03 5.61733569e-03 5.74234355e-03 5.86573449e-03 5.98732192e-03 6.10691370e-03 6.22431385e-03 6.33932448e-03 6.45174768e-03 6.56138736e-03
-6.61597354e-03 -6.50831981e-03 -6.39646980e-03 -6.28120983e-03 -6.16290600e-03 -6.04182677e-03 -5.91820116e-03 -5.79225508e-03 -5.66420924e-03 -5.53427725e-03 -5.40266401e-03 -5.26956441e-03 -5.13516234e-03 -4.99963002e-03 -4.86312762e-03 -4.72580309e-03 -4.58779221e-03 -4.44921889e-03 -4.31019550e-03 -4.17082337e-03 -4.03119334e-03 -3.89138640e-03 -3.75147428e-03 -3.61152015e-03 -3.47157924e-03 -3.33169943e-03 -3.19192194e-03 -3.05228184e-03 -2.91280862e-03 -2.77352671e-03 -2.63445591e-03 -2.49561192e-03 -2.35700665e-03 -2.21864866e-03 -2.08054346e-03 -1.94269383e-03 -1.80510014e-03 -1.66776054e-03 -1.53067125e-03 -1.39382674e-03 -1.25721992e-03 -1.12084235e-03 -9.84684339e-04 -8.48735133e-04 -7.12983025e-04 -5.77415480e-04 -4.42019241e-04 -3.06780433e-04 -1.71684656e-04 -3.67170762e-05 9.81374887e-05 2.32894486e-04 3.67569544e-04 5.02178394e-04 6.36736779e-04 7.71260376e-04 9.05764697e-04 1.04026500e-03 1.17477617e-03 1.30931263e-03 1.44388821e-03 1.57851600e-03 1.71320821e-03 1.84797604e-03 1.98282944e-03 2.11777695e-03 2.25282549e-03 2.38798009e-03 2.52324363e-03 2.65861656e-03 2.79409656e-03 2.92967819e-03 3.06535250e-03 3.20110660e-03 3.33692322e-03 3.47278017e-03 3.60864987e-03 3.74449872e-03 3.88028654e-03 4.01596592e-03 4.15148155e-03 4.28676961e-03 4.42175700e-03 4.55636076e-03 4.69048742e-03 4.82403235e-03 4.95687933e-03 5.08890009e-03 5.21995409e-03 5.34988837e-03 5.47853775e-03 5.60572512e-03 5.73126217e-03 5.85495033e-03 5.97658203e-03 6.09594233e-03 6.21281077e-03 6.32696351e-03 6.43817556e-03 6.54622303e-03 6.65088525e-03
-6.70708523e-03 -6.60371600e-03 -6.49624692e-03 -6.38492727e-03 -6.27001179e-03 -6.15175817e-03 -6.03042445e-03 -5.90626631e-03 -5.77953458e-03 -5.65047289e-03 -5.51931574e-03 -5.38628686e-03 -5.25159800e-03 -5.11544804e-03 -4.97802245e-03 -4.83949308e-03 -4.70001811e-03 -4.55974238e-03 -4.41879769e-03 -4.27730339e-03 -4.13536698e-03 -3.99308477e-03 -3.85054263e-03 -3.70781670e-03 -3.56497413e-03 -3.42207378e-03 -3.27916691e-03 -3.13629785e-03 -2.99350457e-03 -2.85081935e-03 -2.70826922e-03 -2.56587652e-03 -2.42365937e-03 -2.28163202e-03 -2.13980533e-03 -1.99818704e-03 -1.85678214e-03 -1.71559315e-03 -1.57462037e-03 -1.43386213e-03 -1.29331501e-03 -1.15297402e-03 -1.01283280e-03 -8.72883759e-04 -7.33118251e-04 -5.93526682e-04 -4.54098652e-04 -3.14823065e-04 -1.75688242e-04 -3.66820187e-05 1.02208152e-04 2.40995106e-04 3.79691871e-04 5.18311575e-04 6.56867348e-04 7.95372222e-04 9.33839030e-04 1.07228029e-03 1.21070810e-03 1.34913400e-03 1.48756881e-03 1.62602255e-03 1.76450419e-03 1.90302151e-03 2.04158091e-03 2.18018714e-03 2.31884310e-03 2.45754953e-03 2.59630474e-03 2.73510424e-03 2.87394042e-03 3.01280208e-03 3.15167408e-03 3.29053678e-03 3.42936557e-03 3.56813027e-03 3.70679457e-03 3.84531534e-03 3.98364199e-03 4.12171573e-03 4.25946884e-03 4.39682390e-03 4.53369306e-03 4.66997724e-03 4.80556551e-03 4.94033433e-03 5.07414709e-03 5.20685365e-03 5.33829006e-03 5.46827854e-03 5.59662771e-03 5.72313307e-03 5.84757787e-03 5.96973434e-03 6.08936525e-03 6.20622589e-03 6.32006638e-03 6.43063412e-03 6.53767652e-03 6.64094363e-03 6.74019054e-03
-6.79664062e-03 -6.69895989e-03 -6.59650344e-03 -6.48954438e-03 -6.37836361e-03 -6.26324700e-03 -6.14448238e-03 -6.02235632e-03 -5.89715117e-03 -5.76914221e-03 -5.63859533e-03 -5.50576500e-03 -5.37089270e-03 -5.23420588e-03 -5.09591716e-03 -4.95622403e-03 -4.81530877e-03 -4.67333867e-03 -4.53046644e-03 -4.38683076e-03 -4.24255698e-03 -4.09775789e-03 -3.95253446e-03 -3.80697672e-03 -3.66116457e-03 -3.51516855e-03 -3.36905065e-03 -3.22286503e-03 -3.07665874e-03 -2.93047236e-03 -2.78434059e-03 -2.63829285e-03 -2.49235380e-03 -2.34654377e-03 -2.20087924e-03 -2.05537321e-03 -1.91003560e-03 -1.76487350e-03 -1.61989157e-03 -1.47509221e-03 -1.33047587e-03 -1.18604125e-03 -1.04178549e-03 -8.97704369e-04 -7.53792474e-04 -6.10043336e-04 -4.66449582e-04 -3.23003070e-04 -1.79695004e-04 -3.65160565e-05 1.06543521e-04 2.49493789e-04 3.92345016e-04 5.35107566e-04 6.77791791e-04 8.20407921e-04 9.62965943e-04 1.10547548e-03 1.24794565e-03 1.39038495e-03 1.53280104e-03 1.67520064e-03 1.81758932e-03 1.95997127e-03 2.10234909e-03 2.24472354e-03 2.38709329e-03 2.52945453e-03 2.67180073e-03 2.81412220e-03 2.95640571e-03 3.09863400e-03 3.24078534e-03 3.38283296e-03 3.52474444e-03 3.66648114e-03 3.80799744e-03 3.94924010e-03 4.09014740e-03 4.23064843e-03 4.37066217e-03 4.51009671e-03 4.64884832e-03 4.78680071e-03 4.92382417e-03 5.05977489e-03 5.19449435e-03 5.32780888e-03 5.45952944e-03 5.58945164e-03 5.71735603e-03 5.84300886e-03 5.96616309e-03 6.08656002e-03 6.20393114e-03 6.31800063e-03 6.42848802e-03 6.53511125e-03 6.63758984e-03 6.73564789e-03 6.82901692e-03
-6.87543509e-03 -6.78410638e-03 -6.68729466e-03 -6.58529545e-03 -6.47841498e-03 -6.36696710e-03 -6.25126969e-03 -6.13164095e-03 -6.00839583e-03 -5.88184272e-03 -5.75228047e-03 -5.61999605e-03 -5.48526252e-03 -5.34833770e-03 -5.20946320e-03 -5.06886389e-03 -4.92674780e-03 -4.78330625e-03 -4.63871428e-03 -4.49313126e-03 -4.34670163e-03 -4.19955571e-03 -4.05181062e-03 -3.90357118e-03 -3.75493087e-03 -3.60597265e-03 -3.45676991e-03 -3.30738728e-03 -3.15788140e-03 -3.00830167e-03 -2.85869093e-03 -2.70908610e-03 -2.55951877e-03 -2.41001570e-03 -2.26059935e-03 -2.11128830e-03 -1.96209766e-03 -1.81303943e-03 -1.66412284e-03 -1.51535466e-03 -1.36673945e-03 -1.21827983e-03 -1.06997669e-03 -9.21829393e-04 -7.73835984e-04 -6.25993339e-04 -4.78297329e-04 -3.30742974e-04 -1.83324575e-04 -3.60358473e-05 1.11129953e-04 2.58179909e-04 4.05121320e-04 5.51961585e-04 6.98708074e-04 8.45368009e-04 9.91948327e-04 1.13845554e-03 1.28489561e-03 1.43127372e-03 1.57759421e-03 1.72386028e-03 1.87007384e-03 2.01623527e-03 2.16234316e-03 2.30839403e-03 2.45438202e-03 2.60029855e-03 2.74613194e-03 2.89186700e-03 3.03748456e-03 3.18296094e-03 3.32826745e-03 3.47336975e-03 3.61822718e-03 3.76279210e-03 3.90700907e-03 4.05081405e-03 4.19413357e-03 4.33688377e-03 4.47896952e-03 4.62028342e-03 4.76070486e-03 4.90009911e-03 5.03831646e-03 5.17519138e-03 5.31054196e-03 5.44416942e-03 5.57585790e-03 5.70537461e-03 5.83247028e-03 5.95688009e-03 6.07832505e-03 6.19651388e-03 6.31114547e-03 6.42191176e-03 6.52850103e-03 6.63060149e-03 6.72790500e-03 6.82011057e-03 6.90692753e-03
-6.95894153e-03 -6.87435198e-03 -6.78353578e-03 -6.68680967e-03 -6.58450467e-03 -6.47696258e-03 -6.36453187e-03 -6.24756342e-03 -6.12640623e-03 -6.00140350e-03 -5.87288907e-03 -5.74118444e-03 -5.60659647e-03 -5.46941553e-03 -5.32991430e-03 -5.18834712e-03 -5.04494968e-03 -4.89993912e-03 -4.75351451e-03 -4.60585741e-03 -4.45713272e-03 -4.30748958e-03 -4.15706238e-03 -4.00597175e-03 -3.85432562e-03 -3.70222023e-03 -3.54974109e-03 -3.39696393e-03 -3.24395557e-03 -3.09077476e-03 -2.93747296e-03 -2.78409499e-03 -2.63067977e-03 -2.47726085e-03 -2.32386698e-03 -2.17052260e-03 -2.01724831e-03 -1.86406124e-03 -1.71097548e-03 -1.55800234e-03 -1.40515073e-03 -1.25242738e-03 -1.09983712e-03 -9.47383077e-04 -7.95066939e-04 -6.42889091e-04 -4.90848818e-04 -3.38944465e-04 -1.87173587e-04 -3.55331015e-05 1.15980576e-04 2.67371395e-04 4.18643535e-04 5.69801273e-04 7.20848846e-04 8.71790311e-04 1.02262940e-03 1.17336936e-03 1.32401281e-03 1.47456152e-03 1.62501626e-03 1.77537658e-03 1.92564054e-03 2.07580453e-03 2.22586291e-03 2.37580775e-03 2.52562847e-03 2.67531144e-03 2.82483959e-03 2.97419194e-03 3.12334305e-03 3.27226251e-03 3.42091427e-03 3.56925600e-03 3.71723834e-03 3.86480410e-03 4.01188741e-03 4.15841281e-03 4.30429428e-03 4.44943419e-03 4.59372231e-03 4.73703471e-03 4.87923270e-03 5.02016181e-03 5.15965080e-03 5.29751088e-03 5.43353496e-03 5.56749728e-03 5.69915319e-03 5.82823943e-03 5.95447477e-03 6.07756120e-03 6.19718568e-03 6.31302249e-03 6.42473616e-03 6.53198501e-03 6.63442505e-03 6.73171425e-03 6.82351681e-03 6.90950725e-03 6.98937392e-03
-7.03801760e-03 -6.96074140e-03 -6.87646163e-03 -6.78551428e-03 -6.68825385e-03 -6.58504947e-03 -6.47628027e-03 -6.36233040e-03 -6.24358408e-03 -6.12042079e-03 -5.99321117e-03 -5.86231330e-03 -5.72806991e-03 -5.59080607e-03 -5.45082769e-03 -5.30842058e-03 -5.16385006e-03 -5.01736095e-03 -4.86917799e-03 -4.71950649e-03 -4.56853324e-03 -4.41642746e-03 -4.26334195e-03 -4.10941418e-03 -3.95476748e-03 -3.79951215e-03 -3.64374659e-03 -3.48755827e-03 -3.33102482e-03 -3.17421485e-03 -3.01718891e-03 -2.86000020e-03 -2.70269534e-03 -2.54531505e-03 -2.38789471e-03 -2.23046496e-03 -2.07305215e-03 -1.91567886e-03 -1.75836426e-03 -1.60112449e-03 -1.44397302e-03 -1.28692093e-03 -1.12997722e-03 -9.73149010e-04 -8.16441823e-04 -6.59859769e-04 -5.03405750e-04 -3.47081634e-04 -1.90888434e-04 -3.48264623e-05 1.21104510e-04 2.76905105e-04 4.32576190e-04 5.88118727e-04 7.43533625e-04 8.98821585e-04 1.05398294e-03 1.20901748e-03 1.36392427e-03 1.51870146e-03 1.67334609e-03 1.82785380e-03 1.98221863e-03 2.13643272e-03 2.29048601e-03 2.44436586e-03 2.59805671e-03 2.75153965e-03 2.90479192e-03 3.05778643e-03 3.21049118e-03 3.36286863e-03 3.51487501e-03 3.66645955e-03 3.81756371e-03 3.96812023e-03 4.11805219e-03 4.26727203e-03 4.41568041e-03 4.56316510e-03 4.70959981e-03 4.85484297e-03 4.99873661e-03 5.14110516e-03 5.28175443e-03 5.42047068e-03 5.55701993e-03 5.69114750e-03 5.82257799e-03 5.95101559e-03 6.07614501e-03 6.19763301e-03 6.31513053e-03 6.42827562e-03 6.53669702e-03 6.64001829e-03 6.73786260e-03 6.82985763e-03 6.91564059e-03 6.99486281e-03 7.06719362e-03
-7.10901129e-03 -7.03969157e-03 -6.96256091e-03 -6.87797185e-03 -6.78630042e-03 -6.68794195e-03 -6.58330582e-03 -6.47280977e-03 -6.35687402e-03 -6.23591577e-03 -6.11034410e-03 -5.98055566e-03 -5.84693113e-03 -5.70983245e-03 -5.56960092e-03 -5.42655594e-03 -5.28099443e-03 -5.13319075e-03 -4.98339706e-03 -4.83184403e-03 -4.67874173e-03 -4.52428080e-03 -4.36863357e-03 -4.21195543e-03 -4.05438603e-03 -3.89605058e-03 -3.73706105e-03 -3.57751737e-03 -3.41750852e-03 -3.25711356e-03 -3.09640257e-03 -2.93543758e-03 -2.77427334e-03 -2.61295806e-03 -2.45153411e-03 -2.29003864e-03 -2.12850407e-03 -1.96695867e-03 -1.80542699e-03 -1.64393025e-03 -1.48248673e-03 -1.32111209e-03 -1.15981973e-03 -9.98620978e-04 -8.37525433e-04 -6.76541142e-04 -5.15674833e-04 -3.54932115e-04 -1.94317662e-04 -3.38353940e-05 1.26511358e-04 2.86719681e-04 4.46786925e-04 6.06710532e-04 7.66487880e-04 9.26116108e-04 1.08559194e-03 1.24491150e-03 1.40407011e-03 1.56306209e-03 1.72188050e-03 1.88051690e-03 2.03896106e-03 2.19720068e-03 2.35522100e-03 2.51300447e-03 2.67053030e-03 2.82777400e-03 2.98470686e-03 3.14129540e-03 3.29750072e-03 3.45327780e-03 3.60857476e-03 3.76333198e-03 3.91748124e-03 4.07094468e-03 4.22363377e-03 4.37544815e-03 4.52627440e-03 4.67598482e-03 4.82443609e-03 4.97146795e-03 5.11690189e-03 5.26053989e-03 5.40216326e-03 5.54153170e-03 5.67838248e-03 5.81243015e-03 5.94336645e-03 6.07086094e-03 6.19456219e-03 6.31409965e-03 6.42908635e-03 6.53912247e-03 6.64379960e-03 6.74270577e-03 6.83543101e-03 6.92157317e-03 7.00074361e-03 7.07257243e-03 7.13671267e-03
-7.17407479e-03 -7.11332480e-03 -7.04392625e-03 -6.96624511e-03 -6.88067659e-03 -6.78764072e-03 -6.68757647e-03 -6.58093526e-03 -6.46817413e-03 -6.34974928e-03 -6.22611002e-03 -6.09769357e-03 -5.96492080e-03 -5.82819284e-03 -5.68788866e-03 -5.54436349e-03 -5.39794801e-03 -5.24894813e-03 -5.09764528e-03 -4.94429714e-03 -4.78913864e-03 -4.63238317e-03 -4.47422387e-03 -4.31483509e-03 -4.15437378e-03 -3.99298092e-03 -3.83078286e-03 -3.66789262e-03 -3.50441117e-03 -3.34042852e-03 -3.17602482e-03 -3.01127134e-03 -2.84623134e-03 -2.68096093e-03 -2.51550980e-03 -2.34992190e-03 -2.18423604e-03 -2.01848646e-03 -1.85270333e-03 -1.68691321e-03 -1.52113943e-03 -1.35540248e-03 -1.18972037e-03 -1.02410888e-03 -8.58581880e-04 -6.93151573e-04 -5.27828728e-04 -3.62622902e-04 -1.97542639e-04 -3.25956690e-05 1.32210909e-04 2.96870447e-04 4.61376572e-04 6.25723006e-04 7.89903391e-04 9.53911100e-04 1.11773905e-03 1.28137950e-03 1.44482381e-03 1.60806226e-03 1.77108374e-03 1.93387551e-03 2.09642285e-03 2.25870880e-03 2.42071369e-03 2.58241481e-03 2.74378588e-03 2.90479659e-03 3.06541201e-03 3.22559196e-03 3.38529032e-03 3.54445426e-03 3.70302337e-03 3.86092878e-03 4.01809211e-03 4.17442436e-03 4.32982475e-03 4.48417944e-03 4.63736017e-03 4.78922286e-03 4.93960615e-03 5.08832992e-03 5.23519385e-03 5.37997600e-03 5.52243161e-03 5.66229199e-03 5.79926380e-03 5.93302868e-03 6.06324338e-03 6.18954061e-03 6.31153051e-03 6.42880307e-03 6.54093144e-03 6.64747620e-03 6.74799053e-03 6.84202618e-03 6.92913999e-03 7.00890063e-03 7.08089515e-03 7.14473478e-03 7.20005939e-03
-7.24287659e-03 -7.19118648e-03 -7.12997377e-03 -7.05961473e-03 -6.98052148e-03 -6.89313733e-03 -6.79793032e-03 -6.69538583e-03 -6.58599878e-03 -6.47026598e-03 -6.34867907e-03 -6.22171828e-03 -6.08984728e-03 -5.95350905e-03 -5.81312296e-03 -5.66908268e-03 -5.52175513e-03 -5.37148007e-03 -5.21857035e-03 -5.06331262e-03 -4.90596841e-03 -4.74677544e-03 -4.58594908e-03 -4.42368388e-03 -4.26015521e-03 -4.09552078e-03 -3.92992217e-03 -3.76348632e-03 -3.59632682e-03 -3.42854527e-03 -3.26023241e-03 -3.09146925e-03 -2.92232801e-03 -2.75287310e-03 -2.58316188e-03 -2.41324547e-03 -2.24316935e-03 -2.07297406e-03 -1.90269566e-03 -1.73236629e-03 -1.56201461e-03 -1.39166617e-03 -1.22134382e-03 -1.05106801e-03 -8.80857113e-04 -7.10727706e-04 -5.40694808e-04 -3.70772128e-04 -2.00972289e-04 -3.13070370e-05 1.38212561e-04 3.07575918e-04 4.76772737e-04 6.45792818e-04 8.14625865e-04 9.83261285e-04 1.15168798e-03 1.31989413e-03 1.48786696e-03 1.65559247e-03 1.82305518e-03 1.99023781e-03 2.15712096e-03 2.32368276e-03 2.48989839e-03 2.65573972e-03 2.82117476e-03 2.98616707e-03 3.15067519e-03 3.31465194e-03 3.47804362e-03 3.64078918e-03 3.80281929e-03 3.96405532e-03 4.12440819e-03 4.28377716e-03 4.44204851e-03 4.59909413e-03 4.75477001e-03 4.90891467e-03 5.06134755e-03 5.21186735e-03 5.36025044e-03 5.50624932e-03 5.64959126e-03 5.78997716e-03 5.92708080e-03 6.06054853e-03 6.18999959e-03 6.31502717e-03 6.43520039e-03 6.55006723e-03 6.65915858e-03 6.76199338e-03 6.85808483e-03 6.94694739e-03 7.02810443e-03 7.10109602e-03 7.16548632e-03 7.22086997e-03 7.26687684e-03
-7.29077369e-03 -7.24898043e-03 -7.19677446e-03 -7.13453697e-03 -7.06269259e-03 -6.98170458e-03 -6.89206781e-03 -6.79430044e-03 -6.68893496e-03 -6.57650935e-03 -6.45755869e-03 -6.33260781e-03 -6.20216509e-03 -6.06671751e-03 -5.92672694e-03 -5.78262765e-03 -5.63482485e-03 -5.48369409e-03 -5.32958142e-03 -5.17280409e-03 -5.01365168e-03 -4.85238753e-03 -4.68925036e-03 -4.52445595e-03 -4.35819896e-03 -4.19065461e-03 -4.02198039e-03 -3.85231770e-03 -3.68179334e-03 -3.51052091e-03 -3.33860220e-03 -3.16612829e-03 -2.99318075e-03 -2.81983257e-03 -2.64614910e-03 -2.47218888e-03 -2.29800436e-03 -2.12364259e-03 -1.94914578e-03 -1.77455192e-03 -1.59989520e-03 -1.42520647e-03 -1.25051366e-03 -1.07584211e-03 -9.01214939e-04 -7.26653311e-04 -5.52176726e-04 -3.77803281e-04 -2.03549903e-04 -2.94325824e-05 1.44533415e-04 3.18333335e-04 4.91952727e-04 6.65377242e-04 8.38592419e-04 1.01158347e-03 1.18433507e-03 1.35683109e-03 1.52905438e-03 1.70098646e-03 1.87260726e-03 2.04389476e-03 2.21482465e-03 2.38536991e-03 2.55550040e-03 2.72518235e-03 2.89437779e-03 3.06304397e-03 3.23113267e-03 3.39858944e-03 3.56535275e-03 3.73135305e-03 3.89651179e-03 4.06074021e-03 4.22393815e-03 4.38599268e-03 4.54677665e-03 4.70614708e-03 4.86394354e-03 5.01998636e-03 5.17407487e-03 5.32598556e-03 5.47547030e-03 5.62225465e-03 5.76603640e-03 5.90648436e-03 6.04323758e-03 6.17590516e-03 6.30406675e-03 6.42727399e-03 6.54505294e-03 6.65690771e-03 6.76232542e-03 6.86078229e-03 6.95175104e-03 7.03470918e-03 7.10914786e-03 7.17458080e-03 7.23055262e-03 7.27664582e-03 7.31248559e-03
-7.34292754e-03 -7.31154222e-03 -7.26881948e-03 -7.21514114e-03 -7.15094090e-03 -7.07669953e-03 -6.99293741e-03 -6.90020514e-03 -6.79907348e-03 -6.69012298e-03 -6.57393426e-03 -6.45107932e-03 -6.32211406e-03 -6.18757243e-03 -6.04796182e-03 -5.90376002e-03 -5.75541334e-03 -5.60333572e-03 -5.44790881e-03 -5.28948261e-03 -5.12837673e-03 -4.96488188e-03 -4.79926163e-03 -4.63175440e-03 -4.46257529e-03 -4.29191808e-03 -4.11995713e-03 -3.94684909e-03 -3.77273465e-03 -3.59774011e-03 -3.42197882e-03 -3.24555248e-03 -3.06855241e-03 -2.89106063e-03 -2.71315085e-03 -2.53488939e-03 -2.35633598e-03 -2.17754448e-03 -1.99856358e-03 -1.81943734e-03 -1.64020577e-03 -1.46090528e-03 -1.28156912e-03 -1.10222777e-03 -9.22909315e-04 -7.43639749e-04 -5.64443284e-04 -3.85342628e-04 -2.06359241e-04 -2.75135804e-05 1.51174664e-04 3.29686346e-04 5.08002641e-04 6.86104825e-04 8.63974050e-04 1.04159111e-03 1.21893622e-03 1.39598873e-03 1.57272688e-03 1.74912749e-03 1.92516565e-03 2.10081438e-03 2.27604420e-03 2.45082274e-03 2.62511425e-03 2.79887905e-03 2.97207297e-03 3.14464662e-03 3.31654472e-03 3.48770523e-03 3.65805841e-03 3.82752586e-03 3.99601931e-03 4.16343943e-03 4.32967441e-03 4.49459851e-03 4.65807040e-03 4.81993143e-03 4.98000377e-03 5.13808851e-03 5.29396358e-03 5.44738183e-03 5.59806899e-03 5.74572186e-03 5.89000667e-03 6.03055783e-03 6.16697717e-03 6.29883384e-03 6.42566506e-03 6.54697800e-03 6.66225275e-03 6.77094683e-03 6.87250107e-03 6.96634696e-03 7.05191538e-03 7.12864624e-03 7.19599883e-03 7.25346189e-03 7.30056294e-03 7.33687577e-03 7.36202525e-03
-7.39047758e-03 -7.37014578e-03 -7.33752562e-03 -7.29299393e-03 -7.23698884e-03 -7.17000513e-03 -7.09258632e-03 -7.00531442e-03 -6.90879838e-03 -6.80366232e-03 -6.69053410e-03 -6.57003514e-03 -6.44277158e-03 -6.30932712e-03 -6.17025766e-03 -6.02608737e-03 -5.87730640e-03 -5.72436969e-03 -5.56769681e-03 -5.40767270e-03 -5.24464886e-03 -5.07894507e-03 -4.91085129e-03 -4.74062981e-03 -4.56851736e-03 -4.39472728e-03 -4.21945160e-03 -4.04286304e-03 -3.86511685e-03 -3.68635258e-03 -3.50669566e-03 -3.32625889e-03 -3.14514379e-03 -2.96344176e-03 -2.78123523e-03 -2.59859864e-03 -2.41559928e-03 -2.23229816e-03 -2.04875068e-03 -1.86500730e-03 -1.68111407e-03 -1.49711322e-03 -1.31304359e-03 -1.12894103e-03 -9.44838855e-04 -7.60768126e-04 -5.76758012e-04 -3.92836075e-04 -2.09028551e-04 -2.53606096e-05 1.58143394e-04 3.41459680e-04 5.24564806e-04 7.07435431e-04 8.90048076e-04 1.07237888e-03 1.25440335e-03 1.43609606e-03 1.61743042e-03 1.79837830e-03 1.97890972e-03 2.15899247e-03 2.33859168e-03 2.51766937e-03 2.69618394e-03 2.87408956e-03 3.05133556e-03 3.22786567e-03 3.40361725e-03 3.57852036e-03 3.75249676e-03 3.92545878e-03 4.09730810e-03 4.26793432e-03 4.43721352e-03 4.60500655e-03 4.77115725e-03 4.93549052e-03 5.09781028e-03 5.25789730e-03 5.41550697e-03 5.57036709e-03 5.72217570e-03 5.87059902e-03 6.01526971e-03 6.15578554e-03 6.29170865e-03 6.42256558e-03 6.54784837e-03 6.66701684e-03 6.77950238e-03 6.88471333e-03 6.98204203e-03 7.07087360e-03 7.15059616e-03 7.22061211e-03 7.28034999e-03 7.32927592e-03 7.36690387e-03 7.39280357e-03 7.40660518e-03
-7.41586634e-03 -7.40740441e-03 -7.38569925e-03 -7.35111485e-03 -7.30408692e-03 -7.24511874e-03 -7.17477287e-03 -7.09365999e-03 -7.00242591e-03 -6.90173805e-03 -6.79227229e-03 -6.67470093e-03 -6.54968225e-03 -6.41785207e-03 -6.27981713e-03 -6.13615045e-03 -5.98738835e-03 -5.83402894e-03 -5.67653176e-03 -5.51531842e-03 -5.35077395e-03 -5.18324855e-03 -5.01305975e-03 -4.84049474e-03 -4.66581274e-03 -4.48924737e-03 -4.31100900e-03 -4.13128689e-03 -3.95025132e-03 -3.76805549e-03 -3.58483726e-03 -3.40072082e-03 -3.21581813e-03 -3.03023025e-03 -2.84404854e-03 -2.65735576e-03 -2.47022702e-03 -2.28273063e-03 -2.09492892e-03 -1.90687891e-03 -1.71863294e-03 -1.53023923e-03 -1.34174240e-03 -1.15318391e-03 -9.64602479e-04 -7.76034458e-04 -5.87514184e-04 -3.99074292e-04 -2.10746009e-04 -2.25594384e-05 1.65456179e-04 3.53272205e-04 5.40860356e-04 7.28192452e-04 9.15240163e-04 1.10197475e-03 1.28836679e-03 1.47438590e-03 1.66000041e-03 1.84517706e-03 2.02988058e-03 2.21407336e-03 2.39771494e-03 2.58076156e-03 2.76316558e-03 2.94487484e-03 3.12583202e-03 3.30597380e-03 3.48523001e-03 3.66352264e-03 3.84076474e-03 4.01685922e-03 4.19169744e-03 4.36515772e-03 4.53710369e-03 4.70738247e-03 4.87582263e-03 5.04223214e-03 5.20639603e-03 5.36807401e-03 5.52699805e-03 5.68286986e-03 5.83535851e-03 5.98409821e-03 6.12868639e-03 6.26868231e-03 6.40360635e-03 6.53294022e-03 6.65612845e-03 6.77258125e-03 6.88167912e-03 6.98277933e-03 7.07522437e-03 7.15835232e-03 7.23150882e-03 7.29406020e-03 7.34540697e-03 7.38499680e-03 7.41233564e-03 7.42699602e-03 7.42862121e-03
-7.43196464e-03 -7.43604048e-03 -7.42590518e-03 -7.40190223e-03 -7.36445822e-03 -7.31407946e-03 -7.25134358e-03 -7.17688742e-03 -7.09139257e-03 -6.99556995e-03 -6.89014464e-03 -6.77584180e-03 -6.65337443e-03 -6.52343326e-03 -6.38667889e-03 -6.24373616e-03 -6.09519040e-03 -5.94158554e-03 -5.78342351e-03 -5.62116479e-03 -5.45522982e-03 -5.28600088e-03 -5.11382453e-03 -4.93901410e-03 -4.76185233e-03 -4.58259405e-03 -4.40146869e-03 -4.21868276e-03 -4.03442211e-03 -3.84885405e-03 -3.66212932e-03 -3.47438386e-03 -3.28574040e-03 -3.09630997e-03 -2.90619314e-03 -2.71548124e-03 -2.52425742e-03 -2.33259757e-03 -2.14057114e-03 -1.94824196e-03 -1.75566886e-03 -1.56290629e-03 -1.37000486e-03 -1.17701184e-03 -9.83971592e-04 -7.90925985e-04 -5.97914744e-04 -4.04975800e-04 -2.12145606e-04 -1.94594280e-05 1.73048374e-04 3.65344070e-04 5.57394303e-04 7.49165817e-04 9.40625196e-04 1.13173859e-03 1.32247142e-03 1.51278810e-03 1.70265166e-03 1.89202347e-03 2.08086279e-03 2.26912635e-03 2.45676791e-03 2.64373769e-03 2.82998181e-03 3.01544159e-03 3.20005283e-03 3.38374494e-03 3.56644002e-03 3.74805175e-03 3.92848424e-03 4.10763068e-03 4.28537183e-03 4.46157440e-03 4.63608917e-03 4.80874905e-03 4.97936683e-03 5.14773286e-03 5.31361250e-03 5.47674352e-03 5.63683331e-03 5.79355620e-03 5.94655078e-03 6.09541746e-03 6.23971640e-03 6.37896606e-03 6.51264253e-03 6.64017999e-03 6.76097259e-03 6.87437804e-03 6.97972322e-03 7.07631188e-03 7.16343477e-03 7.24038179e-03 7.30645598e-03 7.36098871e-03 7.40335505e-03 7.43298817e-03 7.44939150e-03 7.45214707e-03 7.44091892e-03
-7.45509357e-03 -7.47227582e-03 -7.47424696e-03 -7.46132308e-03 -7.43391562e-03 -7.39252908e-03 -7.33775273e-03 -7.27024773e-03 -7.19073109e-03 -7.09995819e-03 -6.99870538e-03 -6.88775358e-03 -6.76787397e-03 -6.63981597e-03 -6.50429793e-03 -6.36200030e-03 -6.21356110e-03 -6.05957347e-03 -5.90058481e-03 -5.73709724e-03 -5.56956905e-03 -5.39841682e-03 -5.22401795e-03 -5.04671356e-03 -4.86681133e-03 -4.68458849e-03 -4.50029461e-03 -4.31415433e-03 -4.12636986e-03 -3.93712334e-03 -3.74657899e-03 -3.55488504e-03 -3.36217551e-03 -3.16857180e-03 -2.97418413e-03 -2.77911280e-03 -2.58344933e-03 -2.38727751e-03 -2.19067429e-03 -1.99371059e-03 -1.79645203e-03 -1.59895958e-03 -1.40129016e-03 -1.20349714e-03 -1.00563080e-03 -8.07738819e-04 -6.09866591e-04 -4.12057638e-04 -2.14353923e-04 -1.67961653e-05 1.80575863e-04 3.77723049e-04 5.74606663e-04 7.71188079e-04 9.67428495e-04 1.16328865e-03 1.35872850e-03 1.55370695e-03 1.74818145e-03 1.94210766e-03 2.13543905e-03 2.32812641e-03 2.52011738e-03 2.71135585e-03 2.90178137e-03 3.09132840e-03 3.27992553e-03 3.46749455e-03 3.65394942e-03 3.83919515e-03 4.02312649e-03 4.20562644e-03 4.38656466e-03 4.56579568e-03 4.74315681e-03 4.91846601e-03 5.09151947e-03 5.26208894e-03 5.42991902e-03 5.59472418e-03 5.75618576e-03 5.91394890e-03 6.06761966e-03 6.21676231e-03 6.36089709e-03 6.49949865e-03 6.63199551e-03 6.75777076e-03 6.87616446e-03 6.98647801e-03 7.08798096e-03 7.17992017e-03 7.26153179e-03 7.33205551e-03 7.39075086e-03 7.43691464e-03 7.46989832e-03 7.48912402e-03 7.49409746e-03 7.48441619e-03 7.45977190e-03
-7.46977449e-03 -7.50076501e-03 -7.51553362e-03 -7.51436003e-03 -7.49763230e-03 -7.46584623e-03 -7.41959751e-03 -7.35956810e-03 -7.28650867e-03 -7.20121891e-03 -7.10452757e-03 -6.99727351e-03 -6.88028892e-03 -6.75438524e-03 -6.62034203e-03 -6.47889883e-03 -6.33074968e-03 -6.17654003e-03 -6.01686555e-03 -5.85227248e-03 -5.68325915e-03 -5.51027828e-03 -5.33373978e-03 -5.15401387e-03 -4.97143435e-03 -4.78630181e-03 -4.59888679e-03 -4.40943275e-03 -4.21815886e-03 -4.02526261e-03 -3.83092212e-03 -3.63529831e-03 -3.43853684e-03 -3.24076982e-03 -3.04211738e-03 -2.84268908e-03 -2.64258509e-03 -2.44189737e-03 -2.24071059e-03 -2.03910303e-03 -1.83714735e-03 -1.63491132e-03 -1.43245838e-03 -1.22984827e-03 -1.02713747e-03 -8.24379713e-04 -6.21626342e-04 -4.18926739e-04 -2.16328652e-04 -1.38785339e-05 1.88378150e-04 3.90396619e-04 5.92132485e-04 7.93541465e-04 9.94579082e-04 1.19520037e-03 1.39535956e-03 1.59500973e-03 1.79410248e-03 1.99258751e-03 2.19041220e-03 2.38752112e-03 2.58385553e-03 2.77935276e-03 2.97394553e-03 3.16756117e-03 3.36012083e-03 3.55153841e-03 3.74171954e-03 3.93056026e-03 4.11794569e-03 4.30374838e-03 4.48782658e-03 4.67002225e-03 4.85015885e-03 5.02803892e-03 5.20344143e-03 5.37611889e-03 5.54579428e-03 5.71215778e-03 5.87486344e-03 6.03352580e-03 6.18771668e-03 6.33696216e-03 6.48074024e-03 6.61847915e-03 6.74955688e-03 6.87330225e-03 6.98899789e-03 7.09588557e-03 7.19317430e-03 7.28005132e-03 7.35569608e-03 7.41929704e-03 7.47007044e-03 7.50728031e-03 7.53025806e-03 7.53842003e-03 7.53128113e-03 7.50846266e-03 7.46969293e-03
-7.45678537e-03 -7.50234814e-03 -7.53070274e-03 -7.54208041e-03 -7.53683469e-03 -7.51544294e-03 -7.47849940e-03 -7.42670101e-03 -7.36082829e-03 -7.28172331e-03 -7.19026686e-03 -7.08735666e-03 -6.97388773e-03 -6.85073589e-03 -6.71874459e-03 -6.57871521e-03 -6.43140043e-03 -6.27750045e-03 -6.11766139e-03 -5.95247550e-03 -5.78248276e-03 -5.60817333e-03 -5.42999065e-03 -5.24833495e-03 -5.06356676e-03 -4.87601054e-03 -4.68595816e-03 -4.49367218e-03 -4.29938894e-03 -4.10332137e-03 -3.90566161e-03 -3.70658335e-03 -3.50624390e-03 -3.30478614e-03 -3.10234016e-03 -2.89902479e-03 -2.69494891e-03 -2.49021269e-03 -2.28490858e-03 -2.07912230e-03 -1.87293365e-03 -1.66641726e-03 -1.45964324e-03 -1.25267780e-03 -1.04558377e-03 -8.38421059e-04 -6.31247135e-04 -4.24117398e-04 -2.17085555e-04 -1.02039713e-05 1.96476010e-04 4.02903752e-04 6.09029017e-04 8.14801672e-04 1.02017138e-03 1.22508727e-03 1.42949767e-03 1.63334967e-03 1.83658882e-03 2.03915871e-03 2.24100049e-03 2.44205239e-03 2.64224918e-03 2.84152149e-03 3.03979514e-03 3.23699031e-03 3.43302061e-03 3.62779208e-03 3.82120195e-03 4.01313735e-03 4.20347376e-03 4.39207330e-03 4.57878282e-03 4.76343174e-03 4.94582960e-03 5.12576348e-03 5.30299499e-03 5.47725716e-03 5.64825102e-03 5.81564197e-03 5.97905611e-03 6.13807649e-03 6.29223953e-03 6.44103177e-03 6.58388722e-03 6.72018570e-03 6.84925242e-03 6.97035944e-03 7.08272938e-03 7.18554184e-03 7.27794309e-03 7.35905900e-03 7.42801160e-03 7.48393847e-03 7.52601461e-03 7.55347513e-03 7.56563726e-03 7.56191945e-03 7.54185554e-03 7.50510170e-03 7.45143494e-03
-7.43240315e-03 -7.49318783e-03 -7.53578461e-03 -7.56036501e-03 -7.56723738e-03 -7.55685138e-03 -7.52979227e-03 -7.48676662e-03 -7.42858158e-03 -7.35612034e-03 -7.27031624e-03 -7.17212765e-03 -7.06251521e-03 -6.94242247e-03 -6.81276038e-03 -6.67439580e-03 -6.52814356e-03 -6.37476181e-03 -6.21494998e-03 -6.04934884e-03 -5.87854213e-03 -5.70305926e-03 -5.52337872e-03 -5.33993190e-03 -5.15310709e-03 -4.96325340e-03 -4.77068467e-03 -4.57568307e-03 -4.37850250e-03 -4.17937170e-03 -3.97849710e-03 -3.77606537e-03 -3.57224571e-03 -3.36719193e-03 -3.16104424e-03 -2.95393092e-03 -2.74596973e-03 -2.53726918e-03 -2.32792970e-03 -2.11804461e-03 -1.90770102e-03 -1.69698062e-03 -1.48596039e-03 -1.27471322e-03 -1.06330848e-03 -8.51812505e-04 -6.40289106e-04 -4.28799943e-04 -2.17404930e-04 -6.16259713e-06 2.04869576e-04 4.15634831e-04 6.26076818e-04 8.36139282e-04 1.04576575e-03 1.25489921e-03 1.46348177e-03 1.67145430e-03 1.87875606e-03 2.08532424e-03 2.29109355e-03 2.49599565e-03 2.69995857e-03 2.90290606e-03 3.10475685e-03 3.30542376e-03 3.50481275e-03 3.70282180e-03 3.89933964e-03 4.09424432e-03 4.28740157e-03 4.47866294e-03 4.66786374e-03 4.85482064e-03 5.03932909e-03 5.22116038e-03 5.40005844e-03 5.57573633e-03 5.74787250e-03 5.91610678e-03 6.08003630e-03 6.23921133e-03 6.39313132e-03 6.54124130e-03 6.68292905e-03 6.81752328e-03 6.94429341e-03 7.06245146e-03 7.17115655e-03 7.26952270e-03 7.35663018e-03 7.43154091e-03 7.49331773e-03 7.54104704e-03 7.57386387e-03 7.59097769e-03 7.59169698e-03 7.57544982e-03 7.54179826e-03 7.49044401e-03 7.42122396e-03
-7.39840146e-03 -7.47504249e-03 -7.53252426e-03 -7.57094661e-03 -7.59056126e-03 -7.59177993e-03 -7.57517063e-03 -7.54144347e-03 -7.49142854e-03 -7.42604866e-03 -7.34629018e-03 -7.25317405e-03 -7.14772952e-03 -7.03097154e-03 -6.90388256e-03 -6.76739886e-03 -6.62240123e-03 -6.46970925e-03 -6.31007874e-03 -6.14420166e-03 -5.97270780e-03 -5.79616769e-03 -5.61509640e-03 -5.42995778e-03 -5.24116884e-03 -5.04910419e-03 -4.85410025e-03 -4.65645930e-03 -4.45645322e-03 -4.25432688e-03 -4.05030126e-03 -3.84457623e-03 -3.63733307e-03 -3.42873671e-03 -3.21893765e-03 -3.00807377e-03 -2.79627185e-03 -2.58364896e-03 -2.37031363e-03 -2.15636698e-03 -1.94190362e-03 -1.72701249e-03 -1.51177764e-03 -1.29627885e-03 -1.08059227e-03 -8.64790920e-04 -6.48945169e-04 -4.33123204e-04 -2.17391411e-04 -1.81475592e-06 2.13542865e-04 4.28618290e-04 6.43348766e-04 8.57671627e-04 1.07152398e-03 1.28484235e-03 1.49756236e-03 1.70961838e-03 1.92094305e-03 2.13146696e-03 2.34111806e-03 2.54982118e-03 2.75749740e-03 2.96406336e-03 3.16943048e-03 3.37350403e-03 3.57618213e-03 3.77735454e-03 3.97690135e-03 4.17469139e-03 4.37058051e-03 4.56440956e-03 4.75600215e-03 4.94516207e-03 5.13167044e-03 5.31528252e-03 5.49572418e-03 5.67268807e-03 5.84582944e-03 6.01476174e-03 6.17905207e-03 6.33821660e-03 6.49171612e-03 6.63895216e-03 6.77926376e-03 6.91192569e-03 7.03614831e-03 7.15107999e-03 7.25581261e-03 7.34939076e-03 7.43082525e-03 7.49911118e-03 7.55325038e-03 7.59227773e-03 7.61528985e-03 7.62147437e-03 7.61013707e-03 7.58072401e-03 7.53283566e-03 7.46623068e-03 7.38081780e-03
-7.35505580e-03 -7.44818166e-03 -7.52118938e-03 -7.57409438e-03 -7.60707924e-03 -7.62050649e-03 -7.61491753e-03 -7.59101909e-03 -7.54965985e-03 -7.49180044e-03 -7.41848045e-03 -7.33078543e-03 -7.22981646e-03 -7.11666380e-03 -6.99238566e-03 -6.85799206e-03 -6.71443378e-03 -6.56259553e-03 -6.40329281e-03 -6.23727156e-03 -6.06520996e-03 -5.88772160e-03 -5.70535970e-03 -5.51862181e-03 -5.32795467e-03 -5.13375911e-03 -4.93639476e-03 -4.73618448e-03 -4.53341847e-03 -4.32835801e-03 -4.12123886e-03 -3.91227431e-03 -3.70165788e-03 -3.48956574e-03 -3.27615885e-03 -3.06158482e-03 -2.84597962e-03 -2.62946900e-03 -2.41216980e-03 -2.19419108e-03 -1.97563514e-03 -1.75659839e-03 -1.53717215e-03 -1.31744334e-03 -1.09749511e-03 -8.77407389e-04 -6.57257415e-04 -4.37120161e-04 -2.17068769e-04 2.82506254e-06 2.22490720e-04 4.41858326e-04 6.60858408e-04 8.79421570e-04 1.09747816e-03 1.31495795e-03 1.53178975e-03 1.74790107e-03 1.96321769e-03 2.17766321e-03 2.39115858e-03 2.60362152e-03 2.81496588e-03 3.02510095e-03 3.23393060e-03 3.44135236e-03 3.64725631e-03 3.85152386e-03 4.05402627e-03 4.25462305e-03 4.45316006e-03 4.64946734e-03 4.84335670e-03 5.03461891e-03 5.22302062e-03 5.40830085e-03 5.59016713e-03 5.76829128e-03 5.94230478e-03 6.11179397e-03 6.27629490e-03 6.43528830e-03 6.58819468e-03 6.73436990e-03 6.87310179e-03 7.00360812e-03 7.12503675e-03 7.23646859e-03 7.33692419e-03 7.42537466e-03 7.50075762e-03 7.56199827e-03 7.60803561e-03 7.63785281e-03 7.65051005e-03 7.64517751e-03 7.62116526e-03 7.57794666e-03 7.51517189e-03 7.43266903e-03 7.33043129e-03
-7.30192847e-03 -7.41216145e-03 -7.50133550e-03 -7.56936801e-03 -7.61635884e-03 -7.64260876e-03 -7.64862205e-03 -7.63509415e-03 -7.60288722e-03 -7.55299738e-03 -7.48651756e-03 -7.40459992e-03 -7.30842074e-03 -7.19914983e-03 -7.07792571e-03 -6.94583673e-03 -6.80390798e-03 -6.65309322e-03 -6.49427105e-03 -6.32824430e-03 -6.15574190e-03 -5.97742248e-03 -5.79387897e-03 -5.60564379e-03 -5.41319434e-03 -5.21695839e-03 -5.01731932e-03 -4.81462095e-03 -4.60917209e-03 -4.40125067e-03 -4.19110740e-03 -3.97896911e-03 -3.76504167e-03 -3.54951263e-03 -3.33255350e-03 -3.11432177e-03 -2.89496268e-03 -2.67461081e-03 -2.45339144e-03 -2.23142177e-03 -2.00881195e-03 -1.78566604e-03 -1.56208285e-03 -1.33815666e-03 -1.11397787e-03 -8.89633592e-04 -6.65208161e-04 -4.40783634e-04 -2.16440203e-04 7.74339656e-06 2.31689516e-04 4.55321241e-04 6.78562047e-04 9.01335474e-04 1.12356478e-03 1.34517262e-03 1.56608067e-03 1.78620924e-03 2.00547689e-03 2.22379997e-03 2.44109207e-03 2.65726352e-03 2.87222067e-03 3.08586519e-03 3.29809317e-03 3.50879419e-03 3.71785011e-03 3.92513381e-03 4.13050762e-03 4.33382163e-03 4.53491161e-03 4.73359673e-03 4.92967693e-03 5.12292991e-03 5.31310775e-03 5.49993308e-03 5.68309489e-03 5.86224382e-03 6.03698714e-03 6.20688333e-03 6.37143649e-03 6.53009063e-03 6.68222427e-03 6.82714553e-03 6.96408835e-03 7.09221041e-03 7.21059340e-03 7.31824669e-03 7.41411516e-03 7.49709211e-03 7.56603791e-03 7.61980469e-03 7.65726675e-03 7.67735556e-03 7.67909730e-03 7.66164984e-03 7.62433549e-03 7.56666547e-03 7.48835215e-03 7.38930661e-03 7.26962011e-03
-7.23862138e-03 -7.36657555e-03 -7.47255407e-03 -7.55636180e-03 -7.61800105e-03 -7.65769702e-03 -7.67590506e-03 -7.67330027e-03 -7.65075243e-03 -7.60929027e-03 -7.55005999e-03 -7.47428243e-03 -7.38321266e-03 -7.27810457e-03 -7.16018192e-03 -7.03061631e-03 -6.89051175e-03 -6.74089521e-03 -6.58271192e-03 -6.41682460e-03 -6.24401541e-03 -6.06498994e-03 -5.88038229e-03 -5.69076095e-03 -5.49663482e-03 -5.29845925e-03 -5.09664176e-03 -4.89154748e-03 -4.68350405e-03 -4.47280617e-03 -4.25971962e-03 -4.04448485e-03 -3.82732016e-03 -3.60842454e-03 -3.38798010e-03 -3.16615429e-03 -2.94310174e-03 -2.71896598e-03 -2.49388085e-03 -2.26797181e-03 -2.04135707e-03 -1.81414852e-03 -1.58645268e-03 -1.35837139e-03 -1.13000257e-03 -9.01440758e-04 -6.72777695e-04 -4.44102808e-04 -2.15503655e-04 1.29336652e-05 2.41124131e-04 4.68983437e-04 6.96427652e-04 9.23372879e-04 1.14973492e-03 1.37542893e-03 1.60036907e-03 1.82446811e-03 2.04763700e-03 2.26978448e-03 2.49081646e-03 2.71063552e-03 2.92914023e-03 3.14622434e-03 3.36177594e-03 3.57567640e-03 3.78779920e-03 3.99800853e-03 4.20615769e-03 4.41208724e-03 4.61562281e-03 4.81657271e-03 5.01472499e-03 5.20984429e-03 5.40166809e-03 5.58990262e-03 5.77421819e-03 5.95424408e-03 6.12956294e-03 6.29970486e-03 6.46414110e-03 6.62227776e-03 6.77344976e-03 6.91691535e-03 7.05185195e-03 7.17735385e-03 7.29243277e-03 7.39602221e-03 7.48698676e-03 7.56413720e-03 7.62625238e-03 7.67210795e-03 7.70051159e-03 7.71034335e-03 7.70059829e-03 7.67042795e-03 7.61917599e-03 7.54640323e-03 7.45189811e-03 7.33566940e-03 7.19792085e-03
-7.16471269e-03 -7.31099141e-03 -7.43440814e-03 -7.53463983e-03 -7.61157521e-03 -7.66534865e-03 -7.69635336e-03 -7.70523389e-03 -7.69286084e-03 -7.66029222e-03 -7.60872720e-03 -7.53945744e-03 -7.45382070e-03 -7.35315987e-03 -7.23878929e-03 -7.11196909e-03 -6.97388718e-03 -6.82564807e-03 -6.66826739e-03 -6.50267082e-03 -6.32969621e-03 -6.15009801e-03 -5.96455298e-03 -5.77366671e-03 -5.57798038e-03 -5.37797741e-03 -5.17408986e-03 -4.96670432e-03 -4.75616743e-03 -4.54279072e-03 -4.32685505e-03 -4.10861451e-03 -3.88829984e-03 -3.66612148e-03 -3.44227220e-03 -3.21692941e-03 -2.99025722e-03 -2.76240818e-03 -2.53352482e-03 -2.30374099e-03 -2.07318310e-03 -1.84197108e-03 -1.61021932e-03 -1.37803750e-03 -1.14553125e-03 -9.12802843e-04 -6.79951690e-04 -4.47074899e-04 -2.14267712e-04 1.83760689e-05 2.50763697e-04 4.82803114e-04 7.14402602e-04 9.45470446e-04 1.17591459e-03 1.40564232e-03 1.63455986e-03 1.86257204e-03 2.08958185e-03 2.31548998e-03 2.54019435e-03 2.76358944e-03 2.98556568e-03 3.20600864e-03 3.42479811e-03 3.64180705e-03 3.85690036e-03 4.06993339e-03 4.28075030e-03 4.48918207e-03 4.69504420e-03 4.89813412e-03 5.09822809e-03 5.29507771e-03 5.48840599e-03 5.67790278e-03 5.86321969e-03 6.04396454e-03 6.21969514e-03 6.38991269e-03 6.55405487e-03 6.71148878e-03 6.86150412e-03 7.00330721e-03 7.13601617e-03 7.25865854e-03 7.37017202e-03 7.46940964e-03 7.55515066e-03 7.62611831e-03 7.68100522e-03 7.71850688e-03 7.73736240e-03 7.73640081e-03 7.71458954e-03 7.67108063e-03 7.60524930e-03 7.51671925e-03 7.40537011e-03 7.27132438e-03 7.11491353e-03
-7.07983030e-03 -7.24502454e-03 -7.38650749e-03 -7.50381192e-03 -7.59669564e-03 -7.66518542e-03 -7.70959759e-03 -7.73053463e-03 -7.72886020e-03 -7.70565768e-03 -7.66217874e-03 -7.59978819e-03 -7.51991071e-03 -7.42398354e-03 -7.31341746e-03 -7.18956685e-03 -7.05370878e-03 -6.90702997e-03 -6.75062034e-03 -6.58547168e-03 -6.41248000e-03 -6.23245047e-03 -6.04610387e-03 -5.85408387e-03 -5.65696455e-03 -5.45525782e-03 -5.24942044e-03 -5.03986064e-03 -4.82694400e-03 -4.61099890e-03 -4.39232121e-03 -4.17117859e-03 -3.94781417e-03 -3.72244979e-03 -3.49528884e-03 -3.26651875e-03 -3.03631309e-03 -2.80483352e-03 -2.57223131e-03 -2.33864888e-03 -2.10422094e-03 -1.86907563e-03 -1.63333544e-03 -1.39711809e-03 -1.16053721e-03 -9.23703040e-04 -6.86722983e-04 -4.49702146e-04 -2.12743799e-04 2.40501960e-05 2.60578985e-04 4.96742359e-04 7.32440406e-04 9.67573169e-04 1.20204031e-03 1.43574079e-03 1.66857247e-03 1.90043180e-03 2.13121336e-03 2.36080942e-03 2.58910941e-03 2.81599938e-03 3.04136126e-03 3.26507208e-03 3.48700305e-03 3.70701848e-03 3.92497446e-03 4.14071737e-03 4.35408214e-03 4.56489011e-03 4.77294670e-03 4.97803851e-03 5.17993013e-03 5.37836033e-03 5.57303779e-03 5.76363614e-03 5.94978848e-03 6.13108118e-03 6.30704713e-03 6.47715835e-03 6.64081835e-03 6.79735422e-03 6.94600905e-03 7.08593508e-03 7.21618846e-03 7.33572647e-03 7.44340853e-03 7.53800227e-03 7.61819628e-03 7.68262070e-03 7.72987686e-03 7.75857610e-03 7.76738684e-03 7.75508772e-03 7.72062253e-03 7.66315166e-03 7.58209347e-03 7.47714918e-03 7.34830641e-03 7.19581856e-03 7.02016099e-03
-6.98357418e-03 -7.16825998e-03 -7.32842924e-03 -7.46345346e-03 -7.57294079e-03 -7.65679193e-03 -7.71522998e-03 -7.74880233e-03 -7.75835690e-03 -7.74499799e-03 -7.71002917e-03 -7.65489087e-03 -7.58109942e-03 -7.49019236e-03 -7.38368326e-03 -7.26302700e-03 -7.12959552e-03 -6.98466265e-03 -6.82939665e-03 -6.66485863e-03 -6.49200524e-03 -6.31169417e-03 -6.12469146e-03 -5.93167967e-03 -5.73326629e-03 -5.52999193e-03 -5.32233821e-03 -5.11073490e-03 -4.89556646e-03 -4.67717794e-03 -4.45588010e-03 -4.23195402e-03 -4.00565508e-03 -3.77721643e-03 -3.54685201e-03 -3.31475921e-03 -3.08112110e-03 -2.84610841e-03 -2.60988129e-03 -2.37259076e-03 -2.13438001e-03 -1.89538552e-03 -1.65573810e-03 -1.41556371e-03 -1.17498422e-03 -9.34118134e-04 -6.93081138e-04 -4.51986662e-04 -2.10946352e-04 2.99294933e-05 2.70531526e-04 5.10750976e-04 7.50479308e-04 9.89607882e-04 1.22802763e-03 1.46562871e-03 1.70230018e-03 1.93792962e-03 2.17240275e-03 2.40560293e-03 2.63741074e-03 2.86770331e-03 3.09635369e-03 3.32323004e-03 3.54819466e-03 3.77110294e-03 3.99180195e-03 4.21012897e-03 4.42590957e-03 4.63895548e-03 4.84906206e-03 5.05600525e-03 5.25953814e-03 5.45938691e-03 5.65524617e-03 5.84677368e-03 6.03358426e-03 6.21524308e-03 6.39125812e-03 6.56107215e-03 6.72405406e-03 6.87949011e-03 7.02657539e-03 7.16440610e-03 7.29197360e-03 7.40816131e-03 7.51174587e-03 7.60140426e-03 7.67572848e-03 7.73324958e-03 7.77247194e-03 7.79191831e-03 7.79018413e-03 7.76599838e-03 7.71828584e-03 7.64622410e-03 7.54928761e-03 7.42727154e-03 7.28028980e-03 7.10874534e-03 6.91327436e-03
-6.87560171e-03 -7.08033889e-03 -7.25980583e-03 -7.41319468e-03 -7.53994375e-03 -7.63980739e-03 -7.71289721e-03 -7.75969096e-03 -7.78101087e-03 -7.77797702e-03 -7.75194422e-03 -7.70443137e-03 -7.63705167e-03 -7.55144959e-03 -7.44924854e-03 -7.33201074e-03 -7.20120908e-03 -7.05820973e-03 -6.90426352e-03 -6.74050416e-03 -6.56795130e-03 -6.38751684e-03 -6.20001320e-03 -6.00616248e-03 -5.80660586e-03 -5.60191278e-03 -5.39258958e-03 -5.17908740e-03 -4.96180935e-03 -4.74111688e-03 -4.51733538e-03 -4.29075911e-03 -4.06165550e-03 -3.83026882e-03 -3.59682346e-03 -3.36152665e-03 -3.12457091e-03 -2.88613609e-03 -2.64639121e-03 -2.40549597e-03 -2.16360216e-03 -1.92085478e-03 -1.67739310e-03 -1.43335155e-03 -1.18886051e-03 -9.44047010e-04 -6.99035340e-04 -4.53947594e-04 -2.08904161e-04 3.59758306e-05 2.80574114e-04 5.24772918e-04 7.68454616e-04 1.01150140e-03 1.25379497e-03 1.49521618e-03 1.73564476e-03 1.97495889e-03 2.21303490e-03 2.44974676e-03 2.68496564e-03 2.91855933e-03 3.15039153e-03 3.38032111e-03 3.60820114e-03 3.83387773e-03 4.05718873e-03 4.27796212e-03 4.49601407e-03 4.71114668e-03 4.92314532e-03 5.13177548e-03 5.33677900e-03 5.53786982e-03 5.73472894e-03 5.92699866e-03 6.11427600e-03 6.29610530e-03 6.47197003e-03 6.64128372e-03 6.80338050e-03 6.95750519e-03 7.10280369e-03 7.23831429e-03 7.36296082e-03 7.47554914e-03 7.57476841e-03 7.65919928e-03 7.72733084e-03 7.77758832e-03 7.80837295e-03 7.81811389e-03 7.80533101e-03 7.76870452e-03 7.70714540e-03 7.61985844e-03 7.50638880e-03 7.36664372e-03 7.20088362e-03 7.00968103e-03 6.79385084e-03
-6.75140159e-03 -6.97664774e-03 -7.17592779e-03 -7.34823557e-03 -7.49281773e-03 -7.60926002e-03 -7.69754223e-03 -7.75805608e-03 -7.79158694e-03 -7.79926499e-03 -7.78249555e-03 -7.74287930e-03 -7.68213234e-03 -7.60201352e-03 -7.50426401e-03 -7.39056091e-03 -7.26248478e-03 -7.12149971e-03 -6.96894356e-03 -6.80602599e-03 -6.63383212e-03 -6.45332972e-03 -6.26537862e-03 -6.07074104e-03 -5.87009216e-03 -5.66403026e-03 -5.45308634e-03 -5.23773278e-03 -5.01839115e-03 -4.79543918e-03 -4.56921678e-03 -4.34003136e-03 -4.10816241e-03 -3.87386546e-03 -3.63737548e-03 -3.39890983e-03 -3.15867079e-03 -2.91684774e-03 -2.67361904e-03 -2.42915364e-03 -2.18361253e-03 -1.93714989e-03 -1.68991422e-03 -1.44204923e-03 -1.19369466e-03 -9.44987007e-04 -6.96060119e-04 -4.47045783e-04 -1.98074203e-04 5.07255515e-05 2.99225150e-04 5.47296637e-04 7.94812099e-04 1.04164334e-03 1.28766160e-03 1.53273722e-03 1.77673937e-03 2.01953568e-03 2.26099194e-03 2.50097165e-03 2.73933557e-03 2.97594122e-03 3.21064215e-03 3.44328726e-03 3.67371982e-03 3.90177633e-03 4.12728521e-03 4.35006514e-03 4.56992311e-03 4.78665205e-03 5.00002805e-03 5.20980704e-03 5.41572081e-03 5.61747248e-03 5.81473103e-03 6.00712513e-03 6.19423595e-03 6.37558908e-03 6.55064546e-03 6.71879140e-03 6.87932794e-03 7.03145981e-03 7.17428450e-03 7.30678236e-03 7.42780880e-03 7.53609001e-03 7.63022445e-03 7.70869197e-03 7.76987330e-03 7.81208202e-03 7.83361049e-03 7.83278999e-03 7.80806300e-03 7.75806294e-03 7.68169378e-03 7.57819959e-03 7.44721330e-03 7.28877506e-03 7.10331434e-03 6.89159520e-03 6.65463012e-03
-6.61366577e-03 -6.85991426e-03 -7.07956793e-03 -7.27140237e-03 -7.43444896e-03 -7.56810032e-03 -7.67218169e-03 -7.74698040e-03 -7.79323233e-03 -7.81207134e-03 -7.80495261e-03 -7.77356246e-03 -7.71972673e-03 -7.64532714e-03 -7.55223140e-03 -7.44223971e-03 -7.31704749e-03 -7.17822261e-03 -7.02719447e-03 -6.86525198e-03 -6.69354789e-03 -6.51310722e-03 -6.32483789e-03 -6.12954248e-03 -5.92793001e-03 -5.72062731e-03 -5.50818957e-03 -5.29110991e-03 -5.06982788e-03 -4.84473700e-03 -4.61619129e-03 -4.38451097e-03 -4.14998730e-03 -3.91288685e-03 -3.67345507e-03 -3.43191939e-03 -3.18849188e-03 -2.94337154e-03 -2.69674624e-03 -2.44879442e-03 -2.19968653e-03 -1.94958633e-03 -1.69865195e-03 -1.44703685e-03 -1.19489067e-03 -9.42359945e-04 -6.89588743e-04 -4.36719237e-04 -1.83892196e-04 6.87525710e-05 3.21075821e-04 5.72938524e-04 8.24201543e-04 1.07472534e-03 1.32436967e-03 1.57299337e-03 1.82045401e-03 2.06660763e-03 2.31130847e-03 2.55440852e-03 2.79575722e-03 3.03520084e-03 3.27258198e-03 3.50773878e-03 3.74050407e-03 3.97070420e-03 4.19815778e-03 4.42267397e-03 4.64405053e-03 4.86207138e-03 5.07650369e-03 5.28709440e-03 5.49356609e-03 5.69561203e-03 5.89289046e-03 6.08501781e-03 6.27156098e-03 6.45202842e-03 6.62586021e-03 6.79241697e-03 6.95096798e-03 7.10067874e-03 7.24059863e-03 7.36964954e-03 7.48661679e-03 7.59014410e-03 7.67873487e-03 7.75076253e-03 7.80449265e-03 7.83811962e-03 7.84981970e-03 7.83782043e-03 7.80048395e-03 7.73639830e-03 7.64446738e-03 7.52398758e-03 7.37469822e-03 7.19679515e-03 6.99090140e-03 6.75799592e-03 6.49930843e-03
-6.46315511e-03 -6.73089912e-03 -6.97149626e-03 -7.18348290e-03 -7.36564964e-03 -7.51716878e-03 -7.63768572e-03 -7.72736265e-03 -7.78687173e-03 -7.81734349e-03 -7.82028245e-03 -7.79746516e-03 -7.75083527e-03 -7.68240699e-03 -7.59418450e-03 -7.48810021e-03 -7.36597217e-03 -7.22947822e-03 -7.08014388e-03 -6.91934047e-03 -6.74829041e-03 -6.56807698e-03 -6.37965657e-03 -6.18387195e-03 -5.98146556e-03 -5.77309211e-03 -5.55933024e-03 -5.34069302e-03 -5.11763724e-03 -4.89057150e-03 -4.65986332e-03 -4.42584514e-03 -4.18881959e-03 -3.94906388e-03 -3.70683366e-03 -3.46236622e-03 -3.21588330e-03 -2.96759346e-03 -2.71769409e-03 -2.46637319e-03 -2.21381085e-03 -1.96018058e-03 -1.70565041e-03 -1.45038387e-03 -1.19454088e-03 -9.38278448e-04 -6.81751347e-04 -4.25112683e-04 -1.68514394e-04 8.78923149e-05 3.43956576e-04 5.99527522e-04 8.54453980e-04 1.10858419e-03 1.36176557e-03 1.61384446e-03 1.86466588e-03 2.11407330e-03 2.36190839e-03 2.60801069e-03 2.85221726e-03 3.09436225e-03 3.33427637e-03 3.57178620e-03 3.80671337e-03 4.03887347e-03 4.26807480e-03 4.49411666e-03 4.71678742e-03 4.93586198e-03 5.15109885e-03 5.36223647e-03 5.56898884e-03 5.77104037e-03 5.96803966e-03 6.15959229e-03 6.34525238e-03 6.52451293e-03 6.69679481e-03 6.86143453e-03 7.01767097e-03 7.16463137e-03 7.30131728e-03 7.42659153e-03 7.53916755e-03 7.63760332e-03 7.72030238e-03 7.78552518e-03 7.83141414e-03 7.85603566e-03 7.85744115e-03 7.83374718e-03 7.78323154e-03 7.70443792e-03 7.59627755e-03 7.45811350e-03 7.28981228e-03 7.09175067e-03 6.86477214e-03 6.61009577e-03 6.32918895e-03
-6.29962583e-03 -6.58933664e-03 -6.85143510e-03 -7.08419636e-03 -7.28614246e-03 -7.45619535e-03 -7.59379205e-03 -7.69894623e-03 -7.77225041e-03 -7.81482401e-03 -7.82822069e-03 -7.81431296e-03 -7.77517167e-03 -7.71295476e-03 -7.62981405e-03 -7.52782435e-03 -7.40893476e-03 -7.27493961e-03 -7.12746520e-03 -6.96796831e-03 -6.79774273e-03 -6.61793071e-03 -6.42953709e-03 -6.23344435e-03 -6.03042748e-03 -5.82116811e-03 -5.60626729e-03 -5.38625702e-03 -5.16161033e-03 -4.93275006e-03 -4.70005641e-03 -4.46387339e-03 -4.22451439e-03 -3.98226682e-03 -3.73739615e-03 -3.49014927e-03 -3.24075740e-03 -2.98943854e-03 -2.73639958e-03 -2.48183813e-03 -2.22594403e-03 -1.96890070e-03 -1.71088633e-03 -1.45207484e-03 -1.19263679e-03 -9.32740099e-04 -6.72550763e-04 -4.12233390e-04 -1.51951720e-04 1.08130933e-04 3.67851307e-04 6.27045855e-04 8.85550461e-04 1.14320019e-03 1.39982907e-03 1.65526988e-03 1.90935398e-03 2.16191112e-03 2.41276922e-03 2.66175416e-03 2.90868949e-03 3.15339607e-03 3.39569165e-03 3.63539020e-03 3.87230126e-03 4.10622886e-03 4.33697032e-03 4.56431463e-03 4.78804050e-03 5.00791382e-03 5.22368464e-03 5.43508339e-03 5.64181634e-03 5.84356007e-03 6.03995497e-03 6.23059742e-03 6.41503067e-03 6.59273435e-03 6.76311230e-03 6.92547914e-03 7.07904530e-03 7.22290135e-03 7.35600195e-03 7.47715077e-03 7.58498802e-03 7.67798292e-03 7.75443420e-03 7.81248242e-03 7.85013809e-03 7.86532963e-03 7.85597352e-03 7.82006687e-03 7.75579819e-03 7.66166754e-03 7.53660164e-03 7.38004640e-03 7.19201886e-03 6.97310507e-03 6.72439870e-03 6.44738620e-03 6.14379408e-03
-6.12281944e-03 -6.43494494e-03 -6.71909016e-03 -6.97324588e-03 -7.19563528e-03 -7.38489646e-03 -7.54022595e-03 -7.66146237e-03 -7.74910063e-03 -7.80424060e-03 -7.82848542e-03 -7.82381060e-03 -7.79242556e-03 -7.73664492e-03 -7.65878099e-03 -7.56106232e-03 -7.44557823e-03 -7.31424638e-03 -7.16879855e-03 -7.01077980e-03 -6.84155664e-03 -6.66233059e-03 -6.47415447e-03 -6.27794948e-03 -6.07452199e-03 -5.86457918e-03 -5.64874316e-03 -5.42756357e-03 -5.20152848e-03 -4.97107388e-03 -4.73659171e-03 -4.49843676e-03 -4.25693249e-03 -4.01237594e-03 -3.76504197e-03 -3.51518671e-03 -3.26305061e-03 -3.00886097e-03 -2.75283411e-03 -2.49517721e-03 -2.23608995e-03 -1.97576582e-03 -1.71439337e-03 -1.45215717e-03 -1.18923878e-03 -9.25817470e-04 -6.62070917e-04 -3.98175800e-04 -1.34308302e-04 1.29355446e-04 3.92638992e-04 6.55365241e-04 9.17356190e-04 1.17843270e-03 1.43841432e-03 1.69711912e-03 1.95436356e-03 2.20996240e-03 2.46372851e-03 2.71547280e-03 2.96500396e-03 3.21212829e-03 3.45664925e-03 3.69836710e-03 3.93707813e-03 4.17257386e-03 4.40463987e-03 4.63305425e-03 4.85758567e-03 5.07799092e-03 5.29401180e-03 5.50537126e-03 5.71176867e-03 5.91287405e-03 6.10832115e-03 6.29769906e-03 6.48054245e-03 6.65632005e-03 6.82442142e-03 6.98414196e-03 7.13466630e-03 7.27505057e-03 7.40420408e-03 7.52087189e-03 7.62362004e-03 7.71082618e-03 7.78067916e-03 7.83119215e-03 7.86023401e-03 7.86558376e-03 7.84501117e-03 7.79638359e-03 7.71779402e-03 7.60769915e-03 7.46505001e-03 7.28939346e-03 7.08092355e-03 6.84046748e-03 6.56940216e-03 6.26951108e-03 5.94280227e-03
-5.93251508e-03 -6.26747877e-03 -6.57420405e-03 -6.85037288e-03 -7.09387648e-03 -7.30303150e-03 -7.47675753e-03 -7.61468797e-03 -7.71719976e-03 -7.78536410e-03 -7.82083472e-03 -7.82569908e-03 -7.80231870e-03 -7.75318022e-03 -7.68077117e-03 -7.58748648e-03 -7.47556570e-03 -7.34705696e-03 -7.20380213e-03 -7.04743704e-03 -6.87940184e-03 -6.70095705e-03 -6.51320243e-03 -6.31709647e-03 -6.11347521e-03 -5.90306962e-03 -5.68652119e-03 -5.46439557e-03 -5.23719446e-03 -5.00536569e-03 -4.76931186e-03 -4.52939754e-03 -4.28595549e-03 -4.03929174e-03 -3.78968997e-03 -3.53741515e-03 -3.28271664e-03 -3.02583082e-03 -2.76698328e-03 -2.50639078e-03 -2.24426280e-03 -1.98080302e-03 -1.71621051e-03 -1.45068075e-03 -1.18440660e-03 -9.17579067e-04 -6.50387991e-04 -3.83022673e-04 -1.15672381e-04 1.51473208e-04 4.18223629e-04 6.84387320e-04 9.49771372e-04 1.21418133e-03 1.47742106e-03 1.73929262e-03 1.99959621e-03 2.25813013e-03 2.51469071e-03 2.76907233e-03 3.02106728e-03 3.27046568e-03 3.51705528e-03 3.76062107e-03 4.00094482e-03 4.23780433e-03 4.47097240e-03 4.70021542e-03 4.92529153e-03 5.14594820e-03 5.36191912e-03 5.57292029e-03 5.77864513e-03 5.97875850e-03 6.17288928e-03 6.36062160e-03 6.54148420e-03 6.71493800e-03 6.88036156e-03 7.03703457e-03 7.18411929e-03 7.32064048e-03 7.44546456e-03 7.55727933e-03 7.65457639e-03 7.73563939e-03 7.79854229e-03 7.84116291e-03 7.86121761e-03 7.85632294e-03 7.82408810e-03 7.76223832e-03 7.66876306e-03 7.54207523e-03 7.38115968e-03 7.18568469e-03 6.95605139e-03 6.69336419e-03 6.39932024e-03 6.07603240e-03 5.72581368e-03
-5.72849888e-03 -6.08669851e-03 -6.41652522e-03 -6.71532645e-03 -6.98062492e-03 -7.21037351e-03 -7.40317317e-03 -7.55841743e-03 -7.67634223e-03 -7.75798024e-03 -7.80503809e-03 -7.81972648e-03 -7.80457555e-03 -7.76226202e-03 -7.69546563e-03 -7.60676191e-03 -7.49855145e-03 -7.37302027e-03 -7.23212475e-03 -7.07759355e-03 -6.91094072e-03 -6.73348486e-03 -6.54637104e-03 -6.35059294e-03 -6.14701407e-03 -5.93638699e-03 -5.71937046e-03 -5.49654428e-03 -5.26842205e-03 -5.03546198e-03 -4.79807599e-03 -4.55663742e-03 -4.31148735e-03 -4.06294007e-03 -3.81128746e-03 -3.55680284e-03 -3.29974411e-03 -3.04035641e-03 -2.77887445e-03 -2.51552439e-03 -2.25052554e-03 -1.98409177e-03 -1.71643278e-03 -1.44775514e-03 -1.17826329e-03 -9.08160286e-04 -6.37648577e-04 -3.66930597e-04 -9.62093049e-05 1.74311358e-04 4.44426094e-04 7.13927941e-04 9.82608034e-04 1.25025544e-03 1.51665704e-03 1.78159749e-03 2.04485922e-03 2.30622245e-03 2.56546529e-03 2.82236382e-03 3.07669213e-03 3.32822238e-03 3.57672474e-03 3.82196727e-03 4.06371556e-03 4.30173221e-03 4.53577597e-03 4.76560051e-03 4.99095272e-03 5.21157039e-03 5.42717913e-03 5.63748851e-03 5.84218699e-03 6.04093574e-03 6.23336089e-03 6.41904417e-03 6.59751154e-03 6.76821969e-03 6.93054023e-03 7.08374136e-03 7.22696728e-03 7.35921547e-03 7.47931288e-03 7.58589234e-03 7.67737155e-03 7.75193828e-03 7.80754664e-03 7.84193059e-03 7.85264187e-03 7.83711950e-03 7.79279566e-03 7.71723828e-03 7.60832307e-03 7.46441756e-03 7.28455063e-03 7.06853517e-03 6.81701376e-03 6.53140920e-03 6.21378043e-03 5.86660522e-03 5.49252606e-03
-5.51056109e-03 -5.89236684e-03 -6.24580469e-03 -6.56786044e-03 -6.85564787e-03 -7.10670794e-03 -7.31927495e-03 -7.49246254e-03 -7.62633931e-03 -7.72188892e-03 -7.78087481e-03 -7.80564539e-03 -7.79891955e-03 -7.76358565e-03 -7.70253523e-03 -7.61854044e-03 -7.51417457e-03 -7.39176911e-03 -7.25339900e-03 -7.10088717e-03 -6.93582105e-03 -6.75957564e-03 -6.57333885e-03 -6.37813684e-03 -6.17485776e-03 -5.96427310e-03 -5.74705640e-03 -5.52379937e-03 -5.29502555e-03 -5.06120184e-03 -4.82274808e-03 -4.58004510e-03 -4.33344135e-03 -4.08325846e-03 -3.82979588e-03 -3.57333470e-03 -3.31414089e-03 -3.05246804e-03 -2.78855969e-03 -2.52265124e-03 -2.25497171e-03 -1.98574513e-03 -1.71519187e-03 -1.44352972e-03 -1.17097483e-03 -8.97742633e-04 -6.24048504e-04 -3.50108464e-04 -7.61397199e-05 1.97638865e-04 4.71006376e-04 7.43739538e-04 1.01561248e-03 1.28639661e-03 1.55586049e-03 1.82376989e-03 2.08988785e-03 2.35397477e-03 2.61578868e-03 2.87508538e-03 3.13161873e-03 3.38514083e-03 3.63540225e-03 3.88215203e-03 4.12513765e-03 4.36410473e-03 4.59879639e-03 4.82895229e-03 5.05430709e-03 5.27458834e-03 5.48951352e-03 5.69878615e-03 5.90209076e-03 6.09908646e-03 6.28939890e-03 6.47261032e-03 6.64824747e-03 6.81576702e-03 6.97453832e-03 7.12382321e-03 7.26275310e-03 7.39030334e-03 7.50526598e-03 7.60622227e-03 7.69151754e-03 7.75924250e-03 7.80722658e-03 7.83305082e-03 7.83408877e-03 7.80758441e-03 7.75077319e-03 7.66104713e-03 7.53615481e-03 7.37441526e-03 7.17491227e-03 6.93762964e-03 6.66349109e-03 6.35428515e-03 6.01247968e-03 5.64095654e-03 5.24271333e-03
-5.27849241e-03 -5.68424445e-03 -6.06179158e-03 -6.40772939e-03 -6.71871774e-03 -6.99183046e-03 -7.22487933e-03 -7.41665148e-03 -7.56701789e-03 -7.67690211e-03 -7.74813059e-03 -7.78320800e-03 -7.78506682e-03 -7.75683270e-03 -7.70163181e-03 -7.62245084e-03 -7.52204826e-03 -7.40290860e-03 -7.26722890e-03 -7.11692686e-03 -6.95366186e-03 -6.77886254e-03 -6.59375635e-03 -6.39939841e-03 -6.19669804e-03 -5.98644244e-03 -5.76931701e-03 -5.54592281e-03 -5.31679111e-03 -5.08239558e-03 -4.84316239e-03 -4.59947850e-03 -4.35169861e-03 -4.10015078e-03 -3.84514121e-03 -3.58695814e-03 -3.32587510e-03 -3.06215370e-03 -2.79604595e-03 -2.52779627e-03 -2.25764315e-03 -1.98582069e-03 -1.71255987e-03 -1.43808969e-03 -1.16263816e-03 -8.86433195e-04 -6.09703401e-04 -3.32678748e-04 -5.55911722e-05 2.21324925e-04 4.97832256e-04 7.73690323e-04 1.04865518e-03 1.32247929e-03 1.59491149e-03 1.86569702e-03 2.13457770e-03 2.40129214e-03 2.66557606e-03 2.92716269e-03 3.18578321e-03 3.44116714e-03 3.69304285e-03 3.94113785e-03 4.18517906e-03 4.42489279e-03 4.66000447e-03 4.89023799e-03 5.11531444e-03 5.33495027e-03 5.54885448e-03 5.75672491e-03 5.95824317e-03 6.15306808e-03 6.34082737e-03 6.52110719e-03 6.69343928e-03 6.85728527e-03 7.01201792e-03 7.15689900e-03 7.29105370e-03 7.41344186e-03 7.52282679e-03 7.61774316e-03 7.69646693e-03 7.75699167e-03 7.79701797e-03 7.81396457e-03 7.80501184e-03 7.76718848e-03 7.69750979e-03 7.59316881e-03 7.45176987e-03 7.27157815e-03 7.05174389e-03 6.79245198e-03 6.49495345e-03 6.16145745e-03 5.79489464e-03 5.39859433e-03 4.97593583e-03
-5.03204577e-03 -5.46205042e-03 -5.86419277e-03 -6.23464835e-03 -6.56957257e-03 -6.86550842e-03 -7.11977959e-03 -7.33079165e-03 -7.49818296e-03 -7.62280535e-03 -7.70655767e-03 -7.75212475e-03 -7.76268338e-03 -7.74162736e-03 -7.69234397e-03 -7.61805445e-03 -7.52171576e-03 -7.40597277e-03 -7.27314729e-03 -7.12525116e-03 -6.96401299e-03 -6.79091121e-03 -6.60720847e-03 -6.41398442e-03 -6.21216544e-03 -6.00255062e-03 -5.78583392e-03 -5.56262285e-03 -5.33345395e-03 -5.09880563e-03 -4.85910861e-03 -4.61475459e-03 -4.36610327e-03 -4.11348820e-03 -3.85722151e-03 -3.59759789e-03 -3.33489788e-03 -3.06939062e-03 -2.80133624e-03 -2.53098781e-03 -2.25859307e-03 -1.98439597e-03 -1.70863796e-03 -1.43155915e-03 -1.15339939e-03 -8.74399161e-04 -5.94800419e-04 -3.14847334e-04 -3.47869275e-05 2.45130371e-04 5.24650265e-04 8.03514225e-04 1.08145923e-03 1.35821764e-03 1.63351711e-03 1.90708073e-03 2.17862725e-03 2.44787135e-03 2.71452415e-03 2.97829379e-03 3.23888604e-03 3.49600502e-03 3.74935399e-03 3.99863598e-03 4.24355445e-03 4.48381367e-03 4.71911890e-03 4.94917606e-03 5.17369095e-03 5.39236770e-03 5.60490631e-03 5.81099907e-03 6.01032564e-03 6.20254642e-03 6.38729398e-03 6.56416212e-03 6.73269227e-03 6.89235666e-03 7.04253799e-03 7.18250522e-03 7.31138517e-03 7.42813018e-03 7.53148249e-03 7.61993682e-03 7.69170429e-03 7.74468255e-03 7.77643972e-03 7.78422252e-03 7.76500131e-03 7.71556593e-03 7.63268316e-03 7.51331837e-03 7.35490919e-03 7.15565851e-03 6.91479503e-03 6.63273961e-03 6.31112484e-03 5.95264489e-03 5.56075536e-03 5.13928140e-03 4.69201165e-03
-4.77100070e-03 -5.22552677e-03 -5.65273859e-03 -6.04836053e-03 -6.40798681e-03 -6.72755510e-03 -7.00382313e-03 -7.23474950e-03 -7.41969892e-03 -7.55943958e-03 -7.65595654e-03 -7.71214575e-03 -7.73146654e-03 -7.71761795e-03 -7.67427921e-03 -7.60492836e-03 -7.51273465e-03 -7.40051002e-03 -7.27070246e-03 -7.12541581e-03 -6.96644367e-03 -6.79530900e-03 -6.61330408e-03 -6.42152779e-03 -6.22091861e-03 -6.01228319e-03 -5.79632029e-03 -5.57364067e-03 -5.34478348e-03 -5.11022960e-03 -4.87041251e-03 -4.62572710e-03 -4.37653687e-03 -4.12317979e-03 -3.86597306e-03 -3.60521713e-03 -3.34119891e-03 -3.07419460e-03 -2.80447194e-03 -2.53229228e-03 -2.25791227e-03 -1.98158540e-03 -1.70356332e-03 -1.42409706e-03 -1.14343816e-03 -8.61839547e-04 -5.79556544e-04 -2.96847593e-04 -1.39750001e-05 2.68794445e-04 5.51188942e-04 8.32931255e-04 1.11373841e-03 1.39332150e-03 1.67138566e-03 1.94763019e-03 2.22174876e-03 2.49342992e-03 2.76235767e-03 3.02821219e-03 3.29067080e-03 3.54940895e-03 3.80410133e-03 4.05442299e-03 4.30005045e-03 4.54066257e-03 4.77594127e-03 5.00557175e-03 5.22924221e-03 5.44664282e-03 5.65746362e-03 5.86139133e-03 6.05810453e-03 6.24726713e-03 6.42851957e-03 6.60146748e-03 6.76566729e-03 6.92060831e-03 7.06569075e-03 7.20019928e-03 7.32327164e-03 7.43386244e-03 7.53070246e-03 7.61225515e-03 7.67667338e-03 7.72176188e-03 7.74495387e-03 7.74331424e-03 7.71358484e-03 7.65228922e-03 7.55591136e-03 7.42115312e-03 7.24525617e-03 7.02634840e-03 6.76374928e-03 6.45815633e-03 6.11164823e-03 5.72748049e-03 5.30970592e-03 4.86269981e-03 4.39068828e-03
-4.49515753e-03 -4.97443124e-03 -5.42717519e-03 -5.84863077e-03 -6.23376681e-03 -6.57782801e-03 -6.87691262e-03 -7.12845333e-03 -7.33149282e-03 -7.48670368e-03 -7.59617706e-03 -7.66306039e-03 -7.69114330e-03 -7.68447489e-03 -7.64706200e-03 -7.58266403e-03 -7.49467655e-03 -7.38608413e-03 -7.25946058e-03 -7.11699763e-03 -6.96054773e-03 -6.79167148e-03 -6.61168393e-03 -6.42169673e-03 -6.22265479e-03 -6.01536737e-03 -5.80053384e-03 -5.57876474e-03 -5.35059895e-03 -5.11651748e-03 -4.87695463e-03 -4.63230693e-03 -4.38294037e-03 -4.12919627e-03 -3.87139605e-03 -3.60984513e-03 -3.34483615e-03 -3.07665175e-03 -2.80556678e-03 -2.53185038e-03 -2.25576763e-03 -1.97758112e-03 -1.69755230e-03 -1.41594276e-03 -1.13301531e-03 -8.49035114e-04 -5.64270570e-04 -2.78994260e-04 6.51626073e-06 2.91977741e-04 5.77100605e-04 8.61588433e-04 1.14513757e-03 1.42743688e-03 1.70816766e-03 1.98700371e-03 2.26361166e-03 2.53765150e-03 2.80877722e-03 3.07663790e-03 3.34087879e-03 3.60114273e-03 3.85707169e-03 4.10830839e-03 4.35449798e-03 4.59528960e-03 4.83033771e-03 5.05930312e-03 5.28185330e-03 5.49766206e-03 5.70640804e-03 5.90777194e-03 6.10143206e-03 6.28705786e-03 6.46430104e-03 6.63278382e-03 6.79208379e-03 6.94171487e-03 7.08110364e-03 7.20956054e-03 7.32624537e-03 7.43012675e-03 7.51993599e-03 7.59411657e-03 7.65077240e-03 7.68762074e-03 7.70195931e-03 7.69066197e-03 7.65022201e-03 7.57686506e-03 7.46675106e-03 7.31627346e-03 7.12243982e-03 6.88328446e-03 6.59823002e-03 6.26829867e-03 5.89609278e-03 5.48552065e-03 5.04131722e-03 4.56846874e-03 4.07166685e-03
-4.20423460e-03 -4.70842934e-03 -5.18715268e-03 -5.63513149e-03 -6.04663631e-03 -6.41611471e-03 -6.73889167e-03 -7.01177762e-03 -7.23343537e-03 -7.40443050e-03 -7.52698869e-03 -7.60456159e-03 -7.64132909e-03 -7.64174454e-03 -7.61018362e-03 -7.55071370e-03 -7.46697028e-03 -7.36211434e-03 -7.23884268e-03 -7.09942828e-03 -6.94577404e-03 -6.77946941e-03 -6.60184386e-03 -6.41401428e-03 -6.21692551e-03 -6.01138395e-03 -5.79808500e-03 -5.57763531e-03 -5.35057048e-03 -5.11736925e-03 -4.87846481e-03 -4.63425375e-03 -4.38510333e-03 -4.13135720e-03 -3.87334011e-03 -3.61136172e-03 -3.34571978e-03 -3.07670276e-03 -2.80459211e-03 -2.52966420e-03 -2.25219203e-03 -1.97244677e-03 -1.69069917e-03 -1.40722082e-03 -1.12228537e-03 -8.36169654e-04 -5.49154751e-04 -2.61526988e-04 2.64211284e-05 3.14390061e-04 6.02072476e-04 8.89152591e-04 1.17530565e-03 1.46019755e-03 1.74348467e-03 2.02481390e-03 2.30382292e-03 2.58014075e-03 2.85338859e-03 3.12318096e-03 3.38912721e-03 3.65083325e-03 3.90790360e-03 4.15994363e-03 4.40656196e-03 4.64737279e-03 4.88199817e-03 5.11006986e-03 5.33123066e-03 5.54513488e-03 5.75144767e-03 5.94984288e-03 6.13999911e-03 6.32159341e-03 6.49429242e-03 6.65774023e-03 6.81154251e-03 6.95524623e-03 7.08831434e-03 7.21009451e-03 7.31978128e-03 7.41637107e-03 7.49860996e-03 7.56493535e-03 7.61341437e-03 7.64168517e-03 7.64691164e-03 7.62576829e-03 7.57447828e-03 7.48893274e-03 7.36491757e-03 7.19846122e-03 6.98628692e-03 6.72630856e-03 6.41806382e-03 6.06295675e-03 5.66420814e-03 5.22649012e-03 4.75532055e-03 4.25636533e-03 3.73480854e-03
-3.89084518e-03 -4.41987476e-03 -4.92480432e-03 -5.39981611e-03 -5.83839959e-03 -6.23407973e-03 -6.58126796e-03 -6.87603276e-03 -7.11658688e-03 -7.30337860e-03 -7.43880828e-03 -7.52670088e-03 -7.57170193e-03 -7.57873406e-03 -7.55258880e-03 -7.49766942e-03 -7.41786337e-03 -7.31650862e-03 -7.19641848e-03 -7.05993704e-03 -6.90900625e-03 -6.74523318e-03 -6.56995141e-03 -6.38427416e-03 -6.18913862e-03 -5.98534207e-03 -5.77357093e-03 -5.55442388e-03 -5.32843002e-03 -5.09606331e-03 -4.85775388e-03 -4.61389692e-03 -4.36485980e-03 -4.11098770e-03 -3.85260817e-03 -3.59003480e-03 -3.32357029e-03 -3.05350903e-03 -2.78013924e-03 -2.50374496e-03 -2.22460771e-03 -1.94300802e-03 -1.65922693e-03 -1.37354733e-03 -1.08625523e-03 -7.97641025e-04 -5.08000712e-04 -2.17637038e-04 7.31393866e-05 3.64009034e-04 6.54642494e-04 9.44699608e-04 1.23382875e-03 1.52166625e-03 1.80783608e-03 2.09194976e-03 2.37360658e-03 2.65239415e-03 2.92788941e-03 3.19966000e-03 3.46726613e-03 3.73026288e-03 3.98820297e-03 4.24063989e-03 4.48713132e-03 4.72724278e-03 4.96055112e-03 5.18664792e-03 5.40514215e-03 5.61566211e-03 5.81785598e-03 6.01139074e-03 6.19594896e-03 6.37122298e-03 6.53690599e-03 6.69267949e-03 6.83819650e-03 6.97305991e-03 7.09679508e-03 7.20881587e-03 7.30838312e-03 7.39455466e-03 7.46612646e-03 7.52156533e-03 7.55893585e-03 7.57582740e-03 7.56929287e-03 7.53581805e-03 7.47134955e-03 7.37141690e-03 7.23138471e-03 7.04685646e-03 6.81421442e-03 6.53122108e-03 6.19754528e-03 5.81504543e-03 5.38767936e-03 4.92101919e-03 4.42148398e-03 3.89549271e-03 3.34874057e-03
-3.54649558e-03 -4.09995350e-03 -4.63104286e-03 -5.13337548e-03 -5.59956564e-03 -6.02206344e-03 -6.39419115e-03 -6.71112440e-03 -6.97053956e-03 -7.17275976e-03 -7.32041678e-03 -7.41780000e-03 -7.47011538e-03 -7.48283290e-03 -7.46121264e-03 -7.41002181e-03 -7.33340852e-03 -7.23488353e-03 -7.11736515e-03 -6.98325389e-03 -6.83451550e-03 -6.67276036e-03 -6.49931356e-03 -6.31527385e-03 -6.12156180e-03 -5.91895828e-03 -5.70813475e-03 -5.48967714e-03 -5.26410426e-03 -5.03188222e-03 -4.79343566e-03 -4.54915648e-03 -4.29941070e-03 -4.04454397e-03 -3.78488587e-03 -3.52075350e-03 -3.25245441e-03 -2.98028913e-03 -2.70455325e-03 -2.42553940e-03 -2.14353897e-03 -1.85884375e-03 -1.57174748e-03 -1.28254733e-03 -9.91545426e-04 -6.99050300e-04 -4.05378337e-04 -1.10855235e-04 1.84182569e-04 4.79386516e-04 7.74394595e-04 1.06883012e-03 1.36230066e-03 1.65439712e-03 1.94469313e-03 2.23274473e-03 2.51809049e-03 2.80025204e-03 3.07873522e-03 3.35303192e-03 3.62262246e-03 3.88697888e-03 4.14556886e-03 4.39786043e-03 4.64332721e-03 4.88145418e-03 5.11174362e-03 5.33372101e-03 5.54694032e-03 5.75098848e-03 5.94548822e-03 6.13009892e-03 6.30451477e-03 6.46845972e-03 6.62167857e-03 6.76392370e-03 6.89493685e-03 7.01442520e-03 7.12203118e-03 7.21729485e-03 7.29960785e-03 7.36815760e-03 7.42186085e-03 7.45928620e-03 7.47856750e-03 7.47731359e-03 7.45252618e-03 7.40054749e-03 7.31707073e-03 7.19725865e-03 7.03601926e-03 6.82847300e-03 6.57059996e-03 6.25997676e-03 5.89642534e-03 5.48235075e-03 5.02259664e-03 4.52380118e-03 3.99342077e-03 3.43869972e-03 2.86584382e-03
-3.18493919e-03 -3.76269239e-03 -4.32024914e-03 -4.85063454e-03 -5.34548270e-03 -5.79598322e-03 -6.19414732e-03 -6.53406551e-03 -6.81277113e-03 -7.03046030e-03 -7.19007793e-03 -7.29649986e-03 -7.35561357e-03 -7.37353056e-03 -7.35603864e-03 -7.30829648e-03 -7.23471724e-03 -7.13897472e-03 -7.02407538e-03 -6.89245710e-03 -6.74609091e-03 -6.58657396e-03 -6.41520877e-03 -6.23306805e-03 -6.04104636e-03 -5.83990064e-03 -5.63028147e-03 -5.41275721e-03 -5.18783254e-03 -4.95596258e-03 -4.71756383e-03 -4.47302261e-03 -4.22270159e-03 -3.96694499e-03 -3.70608269e-03 -3.44043357e-03 -3.17030836e-03 -2.89601200e-03 -2.61784574e-03 -2.33610907e-03 -2.05110151e-03 -1.76312433e-03 -1.47248226e-03 -1.17948514e-03 -8.84449676e-04 -5.87701193e-04 -2.89575411e-04 9.57971007e-06 3.09402110e-04 6.09513763e-04 9.09518838e-04 1.20900192e-03 1.50752639e-03 1.80463292e-03 2.09983837e-03 2.39263500e-03 2.68249016e-03 2.96884669e-03 3.25112405e-03 3.52872034e-03 3.80101537e-03 4.06737491e-03 4.32715602e-03 4.57971377e-03 4.82440890e-03 5.06061657e-03 5.28773572e-03 5.50519869e-03 5.71248043e-03 5.90910685e-03 6.09466119e-03 6.26878796e-03 6.43119319e-03 6.58164059e-03 6.71994260e-03 6.84594593e-03 6.95951100e-03 7.06048479e-03 7.14866661e-03 7.22376588e-03 7.28535083e-03 7.33278650e-03 7.36516044e-03 7.38119474e-03 7.37914481e-03 7.35668936e-03 7.31082293e-03 7.23777425e-03 7.13298984e-03 6.99123935e-03 6.80691007e-03 6.57454435e-03 6.28961840e-03 5.94945508e-03 5.55403783e-03 5.10642409e-03 4.61252754e-03 4.08025979e-03 3.51828028e-03 2.93473951e-03 2.33634309e-03
-2.82310408e-03 -3.42538223e-03 -4.01017848e-03 -4.56993238e-03 -5.09518303e-03 -5.57563161e-03 -6.00169367e-03 -6.36612531e-03 -6.66518335e-03 -6.89894585e-03 -7.07078918e-03 -7.18634066e-03 -7.25232411e-03 -7.27560580e-03 -7.26256616e-03 -7.21878016e-03 -7.14892397e-03 -7.05681753e-03 -6.94553260e-03 -6.81752089e-03 -6.67473745e-03 -6.51874825e-03 -6.35081880e-03 -6.17198451e-03 -5.98310547e-03 -5.78490829e-03 -5.57801801e-03 -5.36298206e-03 -5.14028847e-03 -4.91037951e-03 -4.67366213e-03 -4.43051582e-03 -4.18129877e-03 -3.92635257e-03 -3.66600606e-03 -3.40057835e-03 -3.13038140e-03 -2.85572226e-03 -2.57690504e-03 -2.29423274e-03 -2.00800904e-03 -1.71854002e-03 -1.42613592e-03 -1.13111299e-03 -8.33795313e-04 -5.34516861e-04 -2.33623518e-04 6.85247082e-05 3.71551418e-04 6.75061468e-04 9.78638582e-04 1.28184295e-03 1.58420893e-03 1.88524285e-03 2.18442111e-03 2.48118865e-03 2.77495801e-03 3.06510900e-03 3.35098947e-03 3.63191702e-03 3.90718227e-03 4.17605348e-03 4.43778307e-03 4.69161582e-03 4.93679891e-03 5.17259361e-03 5.39828836e-03 5.61321251e-03 5.81675030e-03 6.00835383e-03 6.18755410e-03 6.35396876e-03 6.50730542e-03 6.64735931e-03 6.77400436e-03 6.88717706e-03 6.98685277e-03 7.07301424e-03 7.14561239e-03 7.20451876e-03 7.24946893e-03 7.27999493e-03 7.29534443e-03 7.29438360e-03 7.27548234e-03 7.23638353e-03 7.17406642e-03 7.08462813e-03 6.96322808e-03 6.80416666e-03 6.60118893e-03 6.34809769e-03 6.03969395e-03 5.67292120e-03 5.24790682e-03 4.76848374e-03 4.24187332e-03 3.67753294e-03 3.08554088e-03 2.47505771e-03 1.85327873e-03
-2.44817815e-03 -3.07468554e-03 -3.68705869e-03 -4.27718151e-03 -4.83437551e-03 -5.34657008e-03 -5.80221222e-03 -6.19239219e-03 -6.51241877e-03 -6.76227775e-03 -6.94594770e-03 -7.07002977e-03 -7.14227999e-03 -7.17045149e-03 -7.16158339e-03 -7.12168308e-03 -7.05567551e-03 -6.96749825e-03 -6.86025597e-03 -6.73638377e-03 -6.59779461e-03 -6.44600228e-03 -6.28221895e-03 -6.10743044e-03 -5.92245323e-03 -5.72797709e-03 -5.52459674e-03 -5.31283537e-03 -5.09316202e-03 -4.86600449e-03 -4.63175896e-03 -4.39079727e-03 -4.14347238e-03 -3.89012264e-03 -3.63107515e-03 -3.36664847e-03 -3.09715492e-03 -2.82290257e-03 -2.54419703e-03 -2.26134322e-03 -1.97464703e-03 -1.68441707e-03 -1.39096645e-03 -1.09461469e-03 -7.95689752e-04 -4.94530226e-04 -1.91487683e-04 1.13070782e-04 4.18759849e-04 7.25173091e-04 1.03187996e-03 1.33842269e-03 1.64431314e-03 1.94902971e-03 2.25201445e-03 2.55267045e-03 2.85035984e-03 3.14440247e-03 3.43407568e-03 3.71861536e-03 3.99721880e-03 4.26904941e-03 4.53324388e-03 4.78892189e-03 5.03519848e-03 5.27119914e-03 5.49607722e-03 5.70903315e-03 5.90933449e-03 6.09633554e-03 6.26949487e-03 6.42838898e-03 6.57272012e-03 6.70231649e-03 6.81712350e-03 6.91718508e-03 7.00261509e-03 7.07355914e-03 7.13014768e-03 7.17244106e-03 7.20036644e-03 7.21364488e-03 7.21170566e-03 7.19358264e-03 7.15778812e-03 7.10216207e-03 7.02370281e-03 6.91840202e-03 6.78113372e-03 6.60568444e-03 6.38504761e-03 6.11211107e-03 5.78079396e-03 5.38749851e-03 4.93247102e-03 4.42048428e-03 3.86038447e-03 3.26352770e-03 2.64167082e-03 2.00508159e-03 1.36138963e-03
-2.05671815e-03 -2.70682486e-03 -3.34689806e-03 -3.96834491e-03 -4.55914780e-03 -5.10511104e-03 -5.59221662e-03 -6.00943946e-03 -6.35091701e-03 -6.61659897e-03 -6.81131603e-03 -6.94294574e-03 -7.02052400e-03 -7.05284154e-03 -7.04765796e-03 -7.01141413e-03 -6.94925253e-03 -6.86518526e-03 -6.76230675e-03 -6.64299779e-03 -6.50909887e-03 -6.36204815e-03 -6.20298705e-03 -6.03283919e-03 -5.85236849e-03 -5.66222158e-03 -5.46295865e-03 -5.25507572e-03 -5.03902095e-03 -4.81520638e-03 -4.58401664e-03 -4.34581529e-03 -4.10094965e-03 -3.84975441e-03 -3.59255452e-03 -3.32966748e-03 -3.06140529e-03 -2.78807621e-03 -2.50998635e-03 -2.22744123e-03 -1.94074742e-03 -1.65021419e-03 -1.35615531e-03 -1.05889102e-03 -7.58750184e-04 -4.56072656e-04 -1.51211915e-04 1.55462061e-04 4.63559621e-04 7.72668006e-04 1.08234764e-03 1.39212820e-03 1.70150447e-03 2.00993215e-03 2.31682369e-03 2.62154423e-03 2.92340813e-03 3.22167609e-03 3.51555337e-03 3.80418954e-03 4.08668015e-03 4.36207103e-03 4.62936544e-03 4.88753496e-03 5.13553417e-03 5.37231946e-03 5.59687184e-03 5.80822305e-03 6.00548401e-03 6.18787390e-03 6.35474736e-03 6.50561739e-03 6.64017055e-03 6.75827178e-03 6.85995629e-03 6.94540727e-03 7.01491933e-03 7.06884920e-03 7.10755608e-03 7.13133473e-03 7.14034295e-03 7.13452332e-03 7.11351528e-03 7.07655031e-03 7.02232035e-03 6.94881077e-03 6.85309721e-03 6.73112370e-03 6.57751455e-03 6.38552383e-03 6.14728672e-03 5.85456811e-03 5.50013291e-03 5.07960960e-03 4.59331058e-03 4.04716143e-03 3.45206052e-03 2.82172794e-03 2.16991555e-03 1.50808034e-03 8.44168151e-04
-1.64828067e-03 -2.32101631e-03 -2.98871692e-03 -3.64247294e-03 -4.26882580e-03 -4.85101429e-03 -5.37188214e-03 -5.81766481e-03 -6.18103286e-03 -6.46201004e-03 -6.66665038e-03 -6.80452237e-03 -6.88625203e-03 -6.92183286e-03 -6.91979225e-03 -6.88698095e-03 -6.82870426e-03 -6.74898766e-03 -6.65086020e-03 -6.53660363e-03 -6.40795185e-03 -6.26624251e-03 -6.11252872e-03 -5.94765980e-03 -5.77233900e-03 -5.58716454e-03 -5.39265868e-03 -5.18928830e-03 -4.97747951e-03 -4.75762805e-03 -4.53010670e-03 -4.29527070e-03 -4.05346171e-03 -3.80501075e-03 -3.55024048e-03 -3.28946710e-03 -3.02300190e-03 -2.75115270e-03 -2.47422521e-03 -2.19252444e-03 -1.90635615e-03 -1.61602842e-03 -1.32185347e-03 -1.02414960e-03 -7.23243416e-04 -4.19472373e-04 -1.13187627e-04 1.95242762e-04 5.05430218e-04 8.16961638e-04 1.12939496e-03 1.44225429e-03 1.75502474e-03 2.06714678e-03 2.37801062e-03 2.68695033e-03 2.99323832e-03 3.29608032e-03 3.59461132e-03 3.88789303e-03 4.17491353e-03 4.45458986e-03 4.72577446e-03 4.98726617e-03 5.23782679e-03 5.47620366e-03 5.70115850e-03 5.91150221e-03 6.10613451e-03 6.28408614e-03 6.44456076e-03 6.58697210e-03 6.71097169e-03 6.81646213e-03 6.90359145e-03 6.97272607e-03 7.02440186e-03 7.05925628e-03 7.07794701e-03 7.08106410e-03 7.06904211e-03 7.04207508e-03 7.00003117e-03 6.94235634e-03 6.86794965e-03 6.77499076e-03 6.66070613e-03 6.52108100e-03 6.35056641e-03 6.14190117e-03 5.88626351e-03 5.57404378e-03 5.19648118e-03 4.74808196e-03 4.22911547e-03 3.64693669e-03 3.01508499e-03 2.35027125e-03 1.66863013e-03 9.82855728e-04 3.00998576e-04
-1.22238409e-03 -1.91630717e-03 -2.61125438e-03 -3.29829183e-03 -3.96247535e-03 -4.58393310e-03 -5.14143881e-03 -5.61759833e-03 -6.00321704e-03 -6.29859951e-03 -6.51158281e-03 -6.65399639e-03 -6.73843800e-03 -6.77627103e-03 -6.77680614e-03 -6.74724235e-03 -6.69296165e-03 -6.61792042e-03 -6.52501458e-03 -6.41637562e-03 -6.29359426e-03 -6.15788255e-03 -6.01018856e-03 -5.85127659e-03 -5.68178260e-03 -5.50225253e-03 -5.31316867e-03 -5.11496786e-03 -4.90805395e-03 -4.69280657e-03 -4.46958712e-03 -4.23874299e-03 -4.00061064e-03 -3.75551779e-03 -3.50378509e-03 -3.24572750e-03 -2.98165546e-03 -2.71187597e-03 -2.43669370e-03 -2.15641218e-03 -1.87133504e-03 -1.58176751e-03 -1.28801809e-03 -9.90400486e-04 -6.89235863e-04 -3.84855455e-04 -7.76035916e-05 2.32158830e-04 5.44050348e-04 8.57664384e-04 1.17256410e-03 1.48827660e-03 1.80428655e-03 2.12002914e-03 2.43488254e-03 2.74815998e-03 3.05910166e-03 3.36686683e-03 3.67052655e-03 3.96905778e-03 4.26133967e-03 4.54615294e-03 4.82218391e-03 5.08803420e-03 5.34223777e-03 5.58328655e-03 5.80966556e-03 6.01989776e-03 6.21259794e-03 6.38653317e-03 6.54068582e-03 6.67431326e-03 6.78699639e-03 6.87866873e-03 6.94961783e-03 7.00045335e-03 7.03203991e-03 7.04539900e-03 7.04159000e-03 7.02158503e-03 6.98615298e-03 6.93576365e-03 6.87051179e-03 6.79004665e-03 6.69347787e-03 6.57921989e-03 6.44474009e-03 6.28619792e-03 6.09801298e-03 5.87249279e-03 5.59979279e-03 5.26863390e-03 4.86821953e-03 4.39140109e-03 3.83819208e-03 3.21774032e-03 2.54706012e-03 1.84671544e-03 1.13569441e-03 4.27899994e-04 -2.68871341e-04
-7.80453254e-04 -1.49352923e-03 -2.21492021e-03 -2.93617294e-03 -3.64094437e-03 -4.30559193e-03 -4.90350225e-03 -5.41234210e-03 -5.82050510e-03 -6.12896032e-03 -6.34818555e-03 -6.49305479e-03 -6.57859041e-03 -6.61766831e-03 -6.62033931e-03 -6.59403364e-03 -6.54408451e-03 -6.47427350e-03 -6.38728404e-03 -6.28504200e-03 -6.16895817e-03 -6.04009564e-03 -5.89928337e-03 -5.74719263e-03 -5.58438806e-03 -5.41136177e-03 -5.22855604e-03 -5.03637849e-03 -4.83521207e-03 -4.62542183e-03 -4.40735937e-03 -4.18136581e-03 -3.94777387e-03 -3.70690925e-03 -3.45909170e-03 -3.20463585e-03 -2.94385195e-03 -2.67704658e-03 -2.40452348e-03 -2.12658446e-03 -1.84353039e-03 -1.55566254e-03 -1.26328410e-03 -9.66701937e-04 -6.66228831e-04 -3.62186030e-04 -5.49063218e-05 2.55262355e-04 5.67952674e-04 8.82772980e-04 1.19930156e-03 1.51708005e-03 1.83560593e-03 2.15432406e-03 2.47261728e-03 2.78979611e-03 3.10508774e-03 3.41762469e-03 3.72643343e-03 4.03042385e-03 4.32838048e-03 4.61895675e-03 4.90067403e-03 5.17192739e-03 5.43100037e-03 5.67609130e-03 5.90535302e-03 6.11694793e-03 6.30911817e-03 6.48026946e-03 6.62906374e-03 6.75451265e-03 6.85606056e-03 6.93364294e-03 6.98770537e-03 7.01917063e-03 7.02934765e-03 7.01978630e-03 6.99209432e-03 6.94774411e-03 6.88790268e-03 6.81331298e-03 6.72423672e-03 6.62044071e-03 6.50117803e-03 6.36509424e-03 6.20998660e-03 6.03236990e-03 5.82686343e-03 5.58553144e-03 5.29750814e-03 4.94950836e-03 4.52798717e-03 4.02330329e-03 3.43480321e-03 2.77390963e-03 2.06233330e-03 1.32571046e-03 5.86446244e-04 -1.40520837e-04 -8.48225066e-04
-3.22153133e-04 -1.05145063e-03 -1.79772867e-03 -2.55385432e-03 -3.30244624e-03 -4.01533381e-03 -4.65861195e-03 -5.20301183e-03 -5.63375130e-03 -5.95317906e-03 -6.17574921e-03 -6.32044729e-03 -6.40522127e-03 -6.44452644e-03 -6.44901223e-03 -6.42614690e-03 -6.38104349e-03 -6.31718018e-03 -6.23694019e-03 -6.14198763e-03 -6.03351940e-03 -5.91243034e-03 -5.77942030e-03 -5.63506329e-03 -5.47985175e-03 -5.31422504e-03 -5.13858755e-03 -4.95332025e-03 -4.75878796e-03 -4.55534389e-03 -4.34333245e-03 -4.12309095e-03 -3.89495059e-03 -3.65923713e-03 -3.41627124e-03 -3.16636886e-03 -2.90984146e-03 -2.64699639e-03 -2.37813738e-03 -2.10356512e-03 -1.82357805e-03 -1.53847340e-03 -1.24854845e-03 -9.54102154e-04 -6.55437114e-04 -3.52862027e-04 -4.66946269e-05 2.62734746e-04 5.75078859e-04 8.89968474e-04 1.20700628e-03 1.52575974e-03 1.84575271e-03 2.16645576e-03 2.48727505e-03 2.80753971e-03 3.12648790e-03 3.44325155e-03 3.75684029e-03 4.06612519e-03 4.36982333e-03 4.66648458e-03 4.95448280e-03 5.23201398e-03 5.49710467e-03 5.74763450e-03 5.98137679e-03 6.19606102e-03 6.38945937e-03 6.55949753e-03 6.70438559e-03 6.82275962e-03 6.91381829e-03 6.97743249e-03 7.01420233e-03 7.02543616e-03 7.01303455e-03 6.97927779e-03 6.92653927e-03 6.85697224e-03 6.77223554e-03 6.67332341e-03 6.56053576e-03 6.43357163e-03 6.29166437e-03 6.13363024e-03 5.95769299e-03 5.76098341e-03 5.53869310e-03 5.28300271e-03 4.98216213e-03 4.62052861e-03 4.18081669e-03 3.64955565e-03 3.02464534e-03 2.32044019e-03 1.56521575e-03 7.91455288e-04 2.56209715e-05 -7.16769911e-04 -1.43049337e-03
1.54152491e-04 -5.87159774e-04 -1.35553944e-03 -2.14652493e-03 -2.94260142e-03 -3.71031621e-03 -4.40565625e-03 -4.98924199e-03 -5.44203028e-03 -5.76910643e-03 -5.99101025e-03 -6.13225529e-03 -6.21418855e-03 -6.25274683e-03 -6.25888498e-03 -6.23982044e-03 -6.20022722e-03 -6.14313427e-03 -6.07053503e-03 -5.98378063e-03 -5.88382697e-03 -5.77138806e-03 -5.64703051e-03 -5.51123146e-03 -5.36441398e-03 -5.20696849e-03 -5.03926565e-03 -4.86166392e-03 -4.67451382e-03 -4.47816023e-03 -4.27294355e-03 -4.05920009e-03 -3.83726208e-03 -3.60745756e-03 -3.37011014e-03 -3.12553880e-03 -2.87405779e-03 -2.61597656e-03 -2.35159997e-03 -2.08122851e-03 -1.80515882e-03 -1.52368445e-03 -1.23709678e-03 -9.45686447e-04 -6.49744947e-04 -3.49566856e-04 -4.54525114e-05 2.62288637e-04 5.73333898e-04 8.87342289e-04 1.20394840e-03 1.52275496e-03 1.84332396e-03 2.16516599e-03 2.48772778e-03 2.81037747e-03 3.13238784e-03 3.45291710e-03 3.77098775e-03 4.08546375e-03 4.39502690e-03 4.69815408e-03 4.99309723e-03 5.27786963e-03 5.55024250e-03 5.80775752e-03 6.04776178e-03 6.26747182e-03 6.46407321e-03 6.63485943e-03 6.77740892e-03 6.88979148e-03 6.97078456e-03 7.02006792e-03 7.03835459e-03 7.02741116e-03 6.98992711e-03 6.92921534e-03 6.84876565e-03 6.75172459e-03 6.64042209e-03 6.51608356e-03 6.37882802e-03 6.22795078e-03 6.06235364e-03 5.88088135e-03 5.68230562e-03 5.46477160e-03 5.22464708e-03 4.95487659e-03 4.64322965e-03 4.27143353e-03 3.81712186e-03 3.26084649e-03 2.59757981e-03 1.84552003e-03 1.04249386e-03 2.30469741e-04 -5.59429879e-04 -1.31212922e-03 -2.02557602e-03
6.48005944e-04 -9.94749622e-05 -8.85352709e-04 -1.70992657e-03 -2.55749727e-03 -3.38890535e-03 -4.14578323e-03 -4.77333197e-03 -5.24669245e-03 -5.57633322e-03 -5.79224099e-03 -5.92622863e-03 -6.00330751e-03 -6.04049275e-03 -6.04854053e-03 -6.03402372e-03 -6.00092138e-03 -5.95166396e-03 -5.88777555e-03 -5.81025626e-03 -5.71980642e-03 -5.61695707e-03 -5.50214551e-03 -5.37575863e-03 -5.23815750e-03 -5.08969089e-03 -4.93070246e-03 -4.76153412e-03 -4.58252736e-03 -4.39402336e-03 -4.19636253e-03 -3.98988367e-03 -3.77492316e-03 -3.55181406e-03 -3.32088537e-03 -3.08246134e-03 -2.83686102e-03 -2.58439782e-03 -2.32537938e-03 -2.06010751e-03 -1.78887840e-03 -1.51198301e-03 -1.22970775e-03 -9.42335434e-04 -6.50146632e-04 -3.53421426e-04 -5.24417228e-05 2.52505793e-04 5.61125912e-04 8.73110190e-04 1.18813106e-03 1.50583451e-03 1.82583110e-03 2.14768491e-03 2.47090011e-03 2.79490482e-03 3.11903187e-03 3.44249608e-03 3.76436813e-03 4.08354489e-03 4.39871683e-03 4.70833370e-03 5.01057050e-03 5.30329716e-03 5.58405710e-03 5.85006149e-03 6.09820871e-03 6.32513988e-03 6.52734239e-03 6.70131211e-03 6.84377966e-03 6.95199682e-03 7.02406261e-03 7.05924844e-03 7.05825881e-03 7.02334736e-03 6.95820636e-03 6.86757316e-03 6.75655709e-03 6.62978361e-03 6.49055849e-03 6.34032709e-03 6.17867212e-03 6.00391060e-03 5.81406161e-03 5.60772032e-03 5.38434819e-03 5.14367183e-03 4.88412166e-03 4.60042023e-03 4.28065798e-03 3.90388626e-03 3.44091999e-03 2.86285499e-03 2.15887562e-03 1.35232437e-03 4.95638321e-04 -3.55696631e-04 -1.16563696e-03 -1.92160775e-03 -2.62687948e-03
1.15816603e-03 4.12469760e-04 -3.83552282e-04 -1.23800013e-03 -2.14086287e-03 -3.04809280e-03 -3.88050048e-03 -4.55843601e-03 -5.04902187e-03 -5.37345665e-03 -5.57650305e-03 -5.69918406e-03 -5.76986245e-03 -5.80573235e-03 -5.81659319e-03 -5.80789212e-03 -5.78264956e-03 -5.74256906e-03 -5.68865218e-03 -5.62153356e-03 -5.54166186e-03 -5.44939680e-03 -5.34506034e-03 -5.22896292e-03 -5.10141613e-03 -4.96273803e-03 -4.81325459e-03 -4.65329912e-03 -4.48321078e-03 -4.30333273e-03 -4.11401025e-03 -3.91558886e-03 -3.70841276e-03 -3.49282335e-03 -3.26915801e-03 -3.03774906e-03 -2.79892294e-03 -2.55299950e-03 -2.30029155e-03 -2.04110454e-03 -1.77573644e-03 -1.50447779e-03 -1.22761203e-03 -9.45416049e-04 -6.58161082e-04 -3.66113998e-04 -6.95390549e-05 2.31299723e-04 5.36135419e-04 8.44694151e-04 1.15668982e-03 1.47181738e-03 1.78974431e-03 2.11009983e-03 2.43246142e-03 2.75633803e-03 3.08114941e-03 3.40620097e-03 3.73065346e-03 4.05348717e-03 4.37346044e-03 4.68906304e-03 4.99846582e-03 5.29946961e-03 5.58945855e-03 5.86536585e-03 6.12366367e-03 6.36039297e-03 6.57125245e-03 6.75176766e-03 6.89755838e-03 7.00471232e-03 7.07025258e-03 7.09265394e-03 7.07232208e-03 7.01190853e-03 6.91631034e-03 6.79221815e-03 6.64715210e-03 6.48807556e-03 6.31989031e-03 6.14433026e-03 5.95982767e-03 5.76263102e-03 5.54880476e-03 5.31614505e-03 5.06501389e-03 4.79761664e-03 4.51579865e-03 4.21762037e-03 3.89293001e-03 3.51862526e-03 3.05670832e-03 2.46320437e-03 1.71577866e-03 8.44725944e-04 -7.38182062e-05 -9.64644201e-04 -1.78777700e-03 -2.53710463e-03 -3.22428396e-03
1.68273120e-03 9.49308361e-04 1.54506866e-04 -7.21522091e-04 -1.68162914e-03 -2.68135129e-03 -3.61101336e-03 -4.34805937e-03 -4.84870240e-03 -5.15611702e-03 -5.33797542e-03 -5.44573709e-03 -5.50957875e-03 -5.54529132e-03 -5.56073035e-03 -5.55971706e-03 -5.54409732e-03 -5.51477551e-03 -5.47222398e-03 -5.41673166e-03 -5.34852346e-03 -5.26781574e-03 -5.17484014e-03 -5.06985184e-03 -4.95313047e-03 -4.82497760e-03 -4.68571309e-03 -4.53567101e-03 -4.37519582e-03 -4.20463896e-03 -4.02435577e-03 -3.83470293e-03 -3.63603625e-03 -3.42870881e-03 -3.21306937e-03 -2.98946108e-03 -2.75822040e-03 -2.51967615e-03 -2.27414883e-03 -2.02195000e-03 -1.76338192e-03 -1.49873727e-03 -1.22829912e-03 -9.52341007e-04 -6.71127437e-04 -3.84914548e-04 -9.39512698e-05 2.01519024e-04 5.01256184e-04 8.05020100e-04 1.11256640e-03 1.42364075e-03 1.73797128e-03 2.05525882e-03 2.37516410e-03 2.69729145e-03 3.02116793e-03 3.34621706e-03 3.67172594e-03 3.99680485e-03 4.32033815e-03 4.64092620e-03 4.95681837e-03 5.26583893e-03 5.56531023e-03 5.85198068e-03 6.12197091e-03 6.37075761e-03 6.59322245e-03 6.78379998e-03 6.93676164e-03 7.04666593e-03 7.10898326e-03 7.12085965e-03 7.08191777e-03 6.99491421e-03 6.86600392e-03 6.70434277e-03 6.52082989e-03 6.32599346e-03 6.12738467e-03 5.92733665e-03 5.72232656e-03 5.50486085e-03 5.26738394e-03 5.00612287e-03 4.72274791e-03 4.42323343e-03 4.11458396e-03 3.80016686e-03 3.47369342e-03 3.11150689e-03 2.66528444e-03 2.06736838e-03 1.27213096e-03 3.19236892e-04 -6.73787271e-04 -1.60257983e-03 -2.42782634e-03 -3.15707814e-03 -3.81428973e-03
2.21728574e-03 1.50921482e-03 7.32324080e-04 -1.48930076e-04 -1.16223536e-03 -2.27688067e-03 -3.33987586e-03 -4.14782513e-03 -4.64346161e-03 -4.91654575e-03 -5.06855594e-03 -5.15973372e-03 -5.21845175e-03 -5.25682862e-03 -5.27973889e-03 -5.28900092e-03 -5.28520079e-03 -5.26847016e-03 -5.23881242e-03 -5.19623399e-03 -5.14079167e-03 -5.07260414e-03 -4.99184898e-03 -4.89875454e-03 -4.79359061e-03 -4.67665957e-03 -4.54828865e-03 -4.40882332e-03 -4.25862182e-03 -4.09805065e-03 -3.92748085e-03 -3.74728487e-03 -3.55783415e-03 -3.35949692e-03 -3.15263652e-03 -2.93760988e-03 -2.71476632e-03 -2.48444645e-03 -2.24698129e-03 -2.00269147e-03 -1.75188661e-03 -1.49486477e-03 -1.23191204e-03 -9.63302271e-04 -6.89297026e-04 -4.10145699e-04 -1.26085989e-04 1.62655256e-04 4.55860634e-04 7.53320087e-04 1.05482783e-03 1.36017801e-03 1.66915873e-03 1.98154381e-03 2.29708178e-03 2.61548108e-03 2.93639051e-03 3.25937371e-03 3.58387589e-03 3.90918133e-03 4.23435951e-03 4.55819812e-03 4.87912153e-03 5.19509438e-03 5.50351235e-03 5.80108584e-03 6.08372894e-03 6.34647488e-03 6.58345204e-03 6.78796833e-03 6.95276505e-03 7.07050471e-03 7.13454152e-03 7.13997245e-03 7.08487276e-03 6.97148639e-03 6.80699967e-03 6.60343366e-03 6.37621660e-03 6.14120950e-03 5.91044302e-03 5.68772865e-03 5.46655030e-03 5.23290797e-03 4.97285394e-03 4.67999331e-03 4.35819334e-03 4.01914081e-03 3.67716616e-03 3.34314765e-03 3.01734153e-03 2.67893809e-03 2.27033383e-03 1.68853291e-03 8.39288931e-04 -2.26353030e-04 -1.31190586e-03 -2.27120638e-03 -3.07980215e-03 -3.77081856e-03 -4.38433227e-03
2.75488887e-03 2.08708490e-03 1.35075790e-03 4.93601908e-04 -5.52816648e-04 -1.80893140e-03 -3.07063023e-03 -3.96409101e-03 -4.42310117e-03 -4.63906323e-03 -4.75570030e-03 -4.83312722e-03 -4.89181648e-03 -4.93780047e-03 -4.97230354e-03 -4.99510169e-03 -5.00566119e-03 -5.00350424e-03 -4.98830603e-03 -4.95990081e-03 -4.91826052e-03 -4.86346811e-03 -4.79569310e-03 -4.71517114e-03 -4.62218773e-03 -4.51706521e-03 -4.40015277e-03 -4.27181843e-03 -4.13244285e-03 -3.98241436e-03 -3.82212507e-03 -3.65196765e-03 -3.47233281e-03 -3.28360710e-03 -3.08617126e-03 -2.88039862e-03 -2.66665386e-03 -2.44529190e-03 -2.21665686e-03 -1.98108116e-03 -1.73888469e-03 -1.49037405e-03 -1.23584183e-03 -9.75565989e-04 -7.09809317e-04 -4.38819036e-04 -1.62826563e-04 1.17952438e-04 4.03317655e-04 6.93083184e-04 9.87075853e-04 1.28513252e-03 1.58709597e-03 1.89280887e-03 2.20210514e-03 2.51479779e-03 2.83066209e-03 3.14941257e-03 3.47067185e-03 3.79392898e-03 4.11848450e-03 4.44337879e-03 4.76730044e-03 5.08847162e-03 5.40450891e-03 5.71226147e-03 6.00763499e-03 6.28542071e-03 6.53916569e-03 6.76114367e-03 6.94251278e-03 7.07376926e-03 7.14560785e-03 7.15025600e-03 7.08323058e-03 6.94526578e-03 6.74390944e-03 6.49407094e-03 6.21673850e-03 5.93524346e-03 5.66890836e-03 5.42507325e-03 5.19330678e-03 4.94875738e-03 4.66671303e-03 4.33715592e-03 3.96808303e-03 3.57959991e-03 3.19556497e-03 2.83608625e-03 2.51041605e-03 2.20602837e-03 1.86395859e-03 1.33642918e-03 4.24702772e-04 -8.13869372e-04 -2.01452104e-03 -2.98153179e-03 -3.74261043e-03 -4.37219243e-03 -4.92734225e-03
3.28449742e-03 2.67145039e-03 2.00235345e-03 1.21537287e-03 1.92901245e-04 -1.21726711e-03 -2.81114872e-03 -3.79995503e-03 -4.15857551e-03 -4.29701125e-03 -4.38372578e-03 -4.45818718e-03 -4.52640277e-03 -4.58723728e-03 -4.63858894e-03 -4.67871033e-03 -4.70638060e-03 -4.72082734e-03 -4.72161745e-03 -4.70856520e-03 -4.68166331e-03 -4.64103305e-03 -4.58688828e-03 -4.51950957e-03 -4.43922532e-03 -4.34639783e-03 -4.24141301e-03 -4.12467251e-03 -3.99658781e-03 -3.85757557e-03 -3.70805403e-03 -3.54844010e-03 -3.37914710e-03 -3.20058278e-03 -3.01314776e-03 -2.81723414e-03 -2.61322429e-03 -2.40148972e-03 -2.18239012e-03 -1.95627236e-03 -1.72346953e-03 -1.48430007e-03 -1.23906674e-03 -9.88055799e-04 -7.31535990e-04 -4.69757691e-04 -2.02952052e-04 6.86697306e-05 3.44916960e-04 6.25619670e-04 9.10628375e-04 1.19981312e-03 1.49306145e-03 1.79027492e-03 2.09136341e-03 2.39623641e-03 2.70479016e-03 3.01688893e-03 3.33233840e-03 3.65084824e-03 3.97198047e-03 4.29507889e-03 4.61917427e-03 4.94285932e-03 5.26412751e-03 5.58017185e-03 5.88714479e-03 6.17989123e-03 6.45168596e-03 6.69403837e-03 6.89667047e-03 7.04782567e-03 7.13510293e-03 7.14699711e-03 7.07520432e-03 6.91747745e-03 6.68041434e-03 6.38116004e-03 6.04680644e-03 5.71036926e-03 5.40246942e-03 5.13837347e-03 4.90389669e-03 4.65596565e-03 4.35168723e-03 3.97743659e-03 3.54947579e-03 3.09994020e-03 2.66393829e-03 2.27104697e-03 1.93995764e-03 1.67169200e-03 1.42498051e-03 1.02351145e-03 4.62410903e-05 -1.49365433e-03 -2.81867382e-03 -3.73464192e-03 -4.40178527e-03 -4.94396783e-03 -5.42771147e-03
3.79717258e-03 3.24913780e-03 2.67109838e-03 2.01106388e-03 1.13407728e-03 -3.32564741e-04 -2.57675581e-03 -3.61099202e-03 -3.76986029e-03 -3.84349955e-03 -3.92818417e-03 -4.02056884e-03 -4.11191033e-03 -4.19624470e-03 -4.26996425e-03 -4.33095313e-03 -4.37801047e-03 -4.41050498e-03 -4.42816878e-03 -4.43097163e-03 -4.41904198e-03 -4.39261600e-03 -4.35200368e-03 -4.29756579e-03 -4.22969778e-03 -4.14881833e-03 -4.05536105e-03 -3.94976825e-03 -3.83248637e-03 -3.70396235e-03 -3.56464085e-03 -3.41496203e-03 -3.25535973e-03 -3.08625992e-03 -2.90807938e-03 -2.72122453e-03 -2.52609038e-03 -2.32305945e-03 -2.11250077e-03 -1.89476888e-03 -1.67020275e-03 -1.43912468e-03 -1.20183913e-03 -9.58631417e-04 -7.09766439e-04 -4.55487184e-04 -1.96013264e-04 6.84606439e-05 3.37766322e-04 6.11763467e-04 8.90340921e-04 1.17341750e-03 1.46094217e-03 1.75289307e-03 2.04927496e-03 2.35011410e-03 2.65544951e-03 2.96531883e-03 3.27973658e-03 3.59866160e-03 3.92194926e-03 4.24928263e-03 4.58007513e-03 4.91333496e-03 5.24748025e-03 5.58009329e-03 5.90760459e-03 6.22490659e-03 6.52491667e-03 6.79814829e-03 7.03241258e-03 7.21286403e-03 7.32270167e-03 7.34488869e-03 7.26515429e-03 7.07617872e-03 6.78221653e-03 6.40269323e-03 5.97291425e-03 5.54016407e-03 5.15363979e-03 4.84547233e-03 4.60015758e-03 4.34035820e-03 3.98889743e-03 3.53078078e-03 2.99908980e-03 2.44459642e-03 1.91711360e-03 1.45599438e-03 1.08708738e-03 8.23862729e-04 6.62827202e-04 4.93922413e-04 -4.89537462e-04 -2.63844912e-03 -3.97966309e-03 -4.71277183e-03 -5.21947713e-03 -5.64133283e-03 -6.03495397e-03
4.27639963e-03 3.79452869e-03 3.31605279e-03 2.82006712e-03 2.24132354e-03 1.24445039e-03 -2.50309086e-03 -3.11599395e-03 -3.12963980e-03 -3.24179595e-03 -3.38007184e-03 -3.51919105e-03 -3.64927830e-03 -3.76597401e-03 -3.86724339e-03 -3.95216165e-03 -4.02038580e-03 -4.07189995e-03 -4.10688216e-03 -4.12562997e-03 -4.12851650e-03 -4.11596316e-03 -4.08842218e-03 -4.04636493e-03 -3.99027380e-03 -3.92063652e-03 -3.83794200e-03 -3.74267718e-03 -3.63532464e-03 -3.51636073e-03 -3.38625400e-03 -3.24546391e-03 -3.09443970e-03 -2.93361937e-03 -2.76342872e-03 -2.58428039e-03 -2.39657292e-03 -2.20068978e-03 -1.99699830e-03 -1.78584851e-03 -1.56757193e-03 -1.34248013e-03 -1.11086323e-03 -8.72988150e-04 -6.29096667e-04 -3.79403311e-04 -1.24092986e-04 1.36681611e-04 4.02802776e-04 6.74190748e-04 9.50806746e-04 1.23265595e-03 1.51979023e-03 1.81231020e-03 2.11036621e-03 2.41415737e-03 2.72392742e-03 3.03995583e-03 3.36254142e-03 3.69197503e-03 4.02849579e-03 4.37222367e-03 4.72305798e-03 5.08052776e-03 5.44357585e-03 5.81025427e-03 6.17730654e-03 6.53961654e-03 6.88952160e-03 7.21603214e-03 7.50408905e-03 7.73413958e-03 7.88251421e-03 7.92327217e-03 7.83216855e-03 7.59291875e-03 7.20485690e-03 6.68975395e-03 6.09484099e-03 5.48950011e-03 4.95371585e-03 4.55369421e-03 4.28447288e-03 3.99941577e-03 3.55196436e-03 2.93740586e-03 2.22242466e-03 1.48783421e-03 8.04442669e-04 2.22027125e-04 -2.32764819e-04 -5.50203604e-04 -7.20776309e-04 -6.95816775e-04 -1.19851453e-03 -4.78740376e-03 -5.59621789e-03 -5.97204496e-03 -6.26074050e-03 -6.53471352e-03 -6.81948722e-03
4.69568762e-03 4.26922100e-03 3.87329733e-03 3.51596009e-03 3.22057279e-03 3.08453285e-03 1.28021103e-03 -1.67083890e-03 -2.19095239e-03 -2.51199291e-03 -2.76500401e-03 -2.97785696e-03 -3.16029695e-03 -3.31683516e-03 -3.45001597e-03 -3.56150985e-03 -3.65255021e-03 -3.72413119e-03 -3.77710592e-03 -3.81223887e-03 -3.83023533e-03 -3.83175871e-03 -3.81744105e-03 -3.78788964e-03 -3.74369111e-03 -3.68541410e-03 -3.61361096e-03 -3.52881879e-03 -3.43156004e-03 -3.32234281e-03 -3.20166091e-03 -3.06999378e-03 -2.92780621e-03 -2.77554795e-03 -2.61365321e-03 -2.44254000e-03 -2.26260939e-03 -2.07424455e-03 -1.87780972e-03 -1.67364892e-03 -1.46208450e-03 -1.24341546e-03 -1.01791552e-03 -7.85830862e-04 -5.47377574e-04 -3.02738735e-04 -5.20610828e-05 2.04548740e-04 4.67028413e-04 7.35364627e-04 1.00959824e-03 1.28982985e-03 1.57622563e-03 1.86902321e-03 2.16853724e-03 2.47516394e-03 2.78938358e-03 3.11175927e-03 3.44292961e-03 3.78359119e-03 4.13446532e-03 4.49624028e-03 4.86947638e-03 5.25445555e-03 5.65094947e-03 6.05787132e-03 6.47276612e-03 6.89108926e-03 7.30522918e-03 7.70327042e-03 8.06759746e-03 8.37365590e-03 8.58954470e-03 8.67755379e-03 8.59899873e-03 8.32315708e-03 7.83927434e-03 7.16808509e-03 6.36825783e-03 5.53479335e-03 4.78774846e-03 4.24690721e-03 3.95973547e-03 3.65514177e-03 3.06197765e-03 2.22752598e-03 1.27121991e-03 3.12506005e-04 -5.54678154e-04 -1.27361417e-03 -1.82749546e-03 -2.23624828e-03 -2.55790168e-03 -2.96162706e-03 -5.71644892e-03 -7.27606179e-03 -7.14293105e-03 -7.16177258e-03 -7.24658162e-03 -7.38108914e-03 -7.56128470e-03
5.04363767e-03 4.65298330e-03 4.30242277e-03 4.00207689e-03 3.75944049e-03 3.46325894e-03 2.05265075e-03 -9.55840851e-05 -1.15218534e-03 -1.72663082e-03 -2.11646169e-03 -2.41424648e-03 -2.65501601e-03 -2.85468771e-03 -3.02159733e-03 -3.16063419e-03 -3.27494989e-03 -3.36674588e-03 -3.43766910e-03 -3.48902480e-03 -3.52189756e-03 -3.53722330e-03 -3.53583390e-03 -3.51848560e-03 -3.48587763e-03 -3.43866468e-03 -3.37746541e-03 -3.30286829e-03 -3.21543560e-03 -3.11570627e-03 -3.00419770e-03 -2.88140703e-03 -2.74781181e-03 -2.60387033e-03 -2.45002155e-03 -2.28668482e-03 -2.11425924e-03 -1.93312283e-03 -1.74363137e-03 -1.54611699e-03 -1.34088650e-03 -1.12821925e-03 -9.08364783e-04 -6.81539935e-04 -4.47925525e-04 -2.07662485e-04 3.91526258e-05 2.92472787e-04 5.52306461e-04 8.18724382e-04 1.09186727e-03 1.37195453e-03 1.65929389e-03 1.95429198e-03 2.25746561e-03 2.56945324e-03 2.89102596e-03 3.22309650e-03 3.56672398e-03 3.92311066e-03 4.29358468e-03 4.67955927e-03 5.08245390e-03 5.50355464e-03 5.94378020e-03 6.40330382e-03 6.88096154e-03 7.37335536e-03 7.87354573e-03 8.36924672e-03 8.84054059e-03 9.25740740e-03 9.57793439e-03 9.74894454e-03 9.71157734e-03 9.41387492e-03 8.82913617e-03 7.97361313e-03 6.91612638e-03 5.77897653e-03 4.73164605e-03 3.96626703e-03 3.62926079e-03 3.27313743e-03 2.45018879e-03 1.30613264e-03 3.17438921e-05 -1.20587275e-03 -2.28858390e-03 -3.15522159e-03 -3.80479832e-03 -4.29841717e-03 -4.77999525e-03 -5.60534134e-03 -7.43653124e-03 -8.48565048e-03 -8.40536255e-03 -8.27591973e-03 -8.22032400e-03 -8.23748920e-03 -8.32016864e-03
5.31369758e-03 4.93747418e-03 4.59380028e-03 4.27616855e-03 3.94191432e-03 3.40646492e-03 2.28147494e-03 8.19847953e-04 -2.72367069e-04 -9.85590107e-04 -1.48200398e-03 -1.85505266e-03 -2.15041433e-03 -2.39142644e-03 -2.59097187e-03 -2.75673189e-03 -2.89362111e-03 -3.00499080e-03 -3.09326098e-03 -3.16027091e-03 -3.20748279e-03 -3.23610501e-03 -3.24716934e-03 -3.24158075e-03 -3.22015036e-03 -3.18361773e-03 -3.13266619e-03 -3.06793354e-03 -2.99001956e-03 -2.89949131e-03 -2.79688686e-03 -2.68271782e-03 -2.55747104e-03 -2.42160960e-03 -2.27557322e-03 -2.11977824e-03 -1.95461719e-03 -1.78045787e-03 -1.59764219e-03 -1.40648448e-03 -1.20726948e-03 -1.00024980e-03 -7.85642897e-04 -5.63627504e-04 -3.34339353e-04 -9.78661827e-05 1.45758136e-04 3.96560460e-04 6.54636386e-04 9.20159571e-04 1.19339254e-03 1.47469919e-03 1.76455909e-03 2.06358386e-03 2.37253554e-03 2.69234684e-03 3.02414301e-03 3.36926415e-03 3.72928636e-03 4.10603814e-03 4.50160660e-03 4.91832353e-03 5.35871552e-03 5.82539213e-03 6.32083059e-03 6.84699235e-03 7.40467281e-03 7.99244141e-03 8.60498068e-03 9.23060678e-03 9.84782198e-03 1.04210673e-02 1.08966724e-02 1.12015848e-02 1.12494207e-02 1.09584637e-02 1.02800642e-02 9.22368509e-03 7.86405663e-03 6.34254945e-03 4.88263714e-03 3.78105057e-03 3.29665296e-03 2.79148346e-03 1.62720690e-03 6.14831783e-05 -1.61126248e-03 -3.17154649e-03 -4.48484280e-03 -5.48853255e-03 -6.19576890e-03 -6.70019630e-03 -7.17632287e-03 -7.87208742e-03 -8.85035517e-03 -9.45815712e-03 -9.47757295e-03 -9.31788249e-03 -9.17478987e-03 -9.09573440e-03 -9.08811967e-03
5.51713982e-03 5.13947766e-03 4.77920003e-03 4.41574230e-03 3.99150328e-03 3.38034277e-03 2.45770890e-03 1.36317674e-03 3.98836548e-04 -3.35701995e-04 -8.85973447e-04 -1.31024098e-03 -1.64805269e-03 -1.92347685e-03 -2.15118654e-03 -2.34044070e-03 -2.49734403e-03 -2.62610912e-03 -2.72977452e-03 -2.81062565e-03 -2.87044912e-03 -2.91069132e-03 -2.93255995e-03 -2.93709062e-03 -2.92519167e-03 -2.89767475e-03 -2.85527605e-03 -2.79867126e-03 -2.72848621e-03 -2.64530435e-03 -2.54967212e-03 -2.44210262e-03 -2.32307808e-03 -2.19305139e-03 -2.05244677e-03 -1.90165988e-03 -1.74105727e-03 -1.57097527e-03 -1.39171844e-03 -1.20355734e-03 -1.00672583e-03 -8.01417649e-04 -5.87782352e-04 -3.65920381e-04 -1.35877242e-04 1.02363404e-04 3.48887898e-04 6.03862212e-04 8.67543277e-04 1.14029233e-03 1.42259061e-03 1.71505772e-03 2.01847325e-03 2.33380183e-03 2.66222228e-03 3.00516109e-03 3.36433029e-03 3.74176941e-03 4.13989040e-03 4.56152263e-03 5.00995271e-03 5.48894901e-03 6.00275318e-03 6.55600776e-03 7.15356796e-03 7.80011089e-03 8.49940213e-03 9.25300063e-03 1.00580779e-02 1.09039214e-02 1.17666769e-02 1.26022095e-02 1.33381598e-02 1.38690918e-02 1.40630676e-02 1.37900016e-02 1.29702960e-02 1.16110855e-02 9.79341928e-03 7.66192859e-03 5.50392485e-03 3.80197923e-03 2.96563613e-03 2.10705642e-03 3.37905557e-04 -1.93385418e-03 -4.22863965e-03 -6.26418468e-03 -7.90417738e-03 -9.08139144e-03 -9.81197745e-03 -1.02143506e-02 -1.04761694e-02 -1.07742490e-02 -1.11137844e-02 -1.12644354e-02 -1.11301707e-02 -1.08588204e-02 -1.05866744e-02 -1.03736109e-02 -1.02380939e-02
5.65496465e-03 5.26784490e-03 4.88416133e-03 4.47935652e-03 4.00572906e-03 3.39460063e-03 2.60979823e-03 1.72963311e-03 8.99709805e-04 2.02771989e-04 -3.57427020e-04 -8.06804000e-04 -1.17184048e-03 -1.47242772e-03 -1.72233571e-03 -1.93098130e-03 -2.10489983e-03 -2.24874556e-03 -2.36593492e-03 -2.45905585e-03 -2.53013032e-03 -2.58078526e-03 -2.61236562e-03 -2.62601064e-03 -2.62270602e-03 -2.60332021e-03 -2.56863000e-03 -2.51933860e-03 -2.45608867e-03 -2.37947161e-03 -2.29003410e-03 -2.18828273e-03 -2.07468706e-03 -1.94968142e-03 -1.81366576e-03 -1.66700571e-03 -1.51003175e-03 -1.34303780e-03 -1.16627900e-03 -9.79968836e-04 -7.84275450e-04 -5.79317120e-04 -3.65156758e-04 -1.41795320e-04 9.08360612e-05 3.32885434e-04 5.84591145e-04 8.46295020e-04 1.11845802e-03 1.40167881e-03 1.69671580e-03 2.00451337e-03 2.32623290e-03 2.66328965e-03 3.01739634e-03 3.39061448e-03 3.78541438e-03 4.20474460e-03 4.65211070e-03 5.13166202e-03 5.64828236e-03 6.20767534e-03 6.81642649e-03 7.48200769e-03 8.21266239e-03 9.01706201e-03 9.90354524e-03 1.08786243e-02 1.19442517e-02 1.30930926e-02 1.43008412e-02 1.55148018e-02 1.66394916e-02 1.75247624e-02 1.79715336e-02 1.77789982e-02 1.68365649e-02 1.51790239e-02 1.28884620e-02 1.00128699e-02 6.83555858e-03 4.14006345e-03 2.63987069e-03 1.11629320e-03 -1.64991803e-03 -4.94705409e-03 -7.99486849e-03 -1.05154172e-02 -1.24691031e-02 -1.37866936e-02 -1.44524564e-02 -1.46026939e-02 -1.44634089e-02 -1.42292471e-02 -1.39669629e-02 -1.36258102e-02 -1.31795705e-02 -1.26881375e-02 -1.22269543e-02 -1.18412125e-02 -1.15484113e-02
5.73098245e-03 5.33314371e-03 4.92974677e-03 4.49904711e-03 4.00839769e-03 3.42345062e-03 2.73687411e-03 1.99487949e-03 1.27501521e-03 6.34254873e-04 9.03691344e-05 -3.63366655e-04 -7.41376919e-04 -1.05763842e-03 -1.32337264e-03 -1.54703252e-03 -1.73488130e-03 -1.89158288e-03 -2.02066414e-03 -2.12484738e-03 -2.20628199e-03 -2.26670461e-03 -2.30755012e-03 -2.33002905e-03 -2.33518212e-03 -2.32391896e-03 -2.29704588e-03 -2.25528587e-03 -2.19929307e-03 -2.12966319e-03 -2.04694100e-03 -1.95162550e-03 -1.84417337e-03 -1.72500105e-03 -1.59448562e-03 -1.45296469e-03 -1.30073542e-03 -1.13805262e-03 -9.65126028e-04 -7.82116712e-04 -5.89132453e-04 -3.86222108e-04 -1.73368755e-04 4.95185671e-05 2.82614736e-04 5.26190336e-04 7.80625728e-04 1.04642782e-03 1.32425010e-03 1.61491655e-03 1.91945025e-03 2.23910773e-03 2.57541998e-03 2.93024190e-03 3.30581134e-03 3.70482011e-03 4.13049851e-03 4.58671584e-03 5.07809843e-03 5.61016604e-03 6.18948492e-03 6.82383129e-03 7.52234919e-03 8.29566923e-03 9.15592186e-03 1.01165199e-02 1.11914805e-02 1.23938771e-02 1.37327159e-02 1.52070913e-02 1.67959405e-02 1.84414994e-02 2.00260622e-02 2.13484562e-02 2.21245798e-02 2.20626508e-02 2.10429579e-02 1.92273335e-02 1.67236174e-02 1.32445851e-02 8.85505266e-03 4.77715373e-03 2.32277699e-03 -1.55730174e-04 -4.30658865e-03 -8.81968591e-03 -1.24760939e-02 -1.52160158e-02 -1.73340449e-02 -1.87325991e-02 -1.92629511e-02 -1.90584361e-02 -1.84168167e-02 -1.76037236e-02 -1.67626920e-02 -1.59332439e-02 -1.51263206e-02 -1.43697257e-02 -1.36981379e-02 -1.31346374e-02 -1.26873470e-02
5.75685598e-03 5.35130996e-03 4.93606337e-03 4.49448570e-03 4.00616697e-03 3.45471795e-03 2.84187083e-03 2.19632188e-03 1.56277532e-03 9.79120829e-04 4.64017779e-04 1.97582196e-05 -3.59739554e-04 -6.83017273e-04 -9.58247177e-04 -1.19230549e-03 -1.39068994e-03 -1.55772128e-03 -1.69679504e-03 -1.81060400e-03 -1.90131363e-03 -1.97069411e-03 -2.02021747e-03 -2.05112864e-03 -2.06449727e-03 -2.06125561e-03 -2.04222631e-03 -2.00814278e-03 -1.95966416e-03 -1.89738620e-03 -1.82184915e-03 -1.73354322e-03 -1.63291223e-03 -1.52035575e-03 -1.39622990e-03 -1.26084719e-03 -1.11447513e-03 -9.57334083e-04 -7.89593906e-04 -6.11369724e-04 -4.22716475e-04 -2.23622231e-04 -1.40000640e-05 2.06321748e-04 4.37611483e-04 6.80248051e-04 9.34737852e-04 1.20173495e-03 1.48206530e-03 1.77675575e-03 2.08706909e-03 2.41454619e-03 2.76105698e-03 3.12886208e-03 3.52068758e-03 3.93981556e-03 4.39019374e-03 4.87656794e-03 5.40464095e-03 5.98126142e-03 6.61464417e-03 7.31461950e-03 8.09289956e-03 8.96333147e-03 9.94207069e-03 1.10475396e-02 1.22999082e-02 1.37196041e-02 1.53239517e-02 1.71203815e-02 1.90937121e-02 2.11841715e-02 2.32538601e-02 2.50477833e-02 2.61833423e-02 2.62562397e-02 2.51524044e-02 2.32839924e-02 2.08561459e-02 1.69928602e-02 1.13107388e-02 5.59024891e-03 2.01738704e-03 -1.57991127e-03 -7.37423256e-03 -1.31811903e-02 -1.72231400e-02 -1.98876940e-02 -2.20566158e-02 -2.35319431e-02 -2.39091669e-02 -2.33076209e-02 -2.21285514e-02 -2.07351867e-02 -1.93439587e-02 -1.80474216e-02 -1.68760354e-02 -1.58426552e-02 -1.49556635e-02 -1.42175846e-02 -1.36240732e-02
5.74248815e-03 5.33399067e-03 4.91498724e-03 4.47376008e-03 3.99816438e-03 3.48080758e-03 2.92583830e-03 2.35189744e-03 1.78642207e-03 1.25475439e-03 7.72671474e-04 3.45801670e-04 -2.70523812e-05 -3.50348372e-04 -6.29468771e-04 -8.69564029e-04 -1.07512167e-03 -1.24989201e-03 -1.39695821e-03 -1.51884788e-03 -1.61764370e-03 -1.69507787e-03 -1.75260802e-03 -1.79147622e-03 -1.81275412e-03 -1.81737709e-03 -1.80617005e-03 -1.77986687e-03 -1.73912476e-03 -1.68453504e-03 -1.61663085e-03 -1.53589263e-03 -1.44275170e-03 -1.33759232e-03 -1.22075243e-03 -1.09252314e-03 -9.53147277e-04 -8.02816653e-04 -6.41668402e-04 -4.69780065e-04 -2.87163430e-04 -9.37569355e-05 1.10583577e-04 3.26096021e-04 5.53125494e-04 7.92140393e-04 1.04375178e-03 1.30873662e-03 1.58806584e-03 1.88293803e-03 2.19482040e-03 2.52549823e-03 2.87713518e-03 3.25234663e-03 3.65428937e-03 4.08677120e-03 4.55438521e-03 5.06267382e-03 5.61832899e-03 6.22943469e-03 6.90575734e-03 7.65908650e-03 8.50362001e-03 9.45636948e-03 1.05375245e-02 1.17706382e-02 1.31823510e-02 1.48010887e-02 1.66536581e-02 1.87577566e-02 2.11069852e-02 2.36432339e-02 2.62112637e-02 2.84994866e-02 3.00097953e-02 3.01950723e-02 2.89651543e-02 2.71670446e-02 2.52270501e-02 2.13182538e-02 1.42756699e-02 6.59761480e-03 1.72623860e-03 -3.16944953e-03 -1.09208799e-02 -1.80872370e-02 -2.21724692e-02 -2.43447686e-02 -2.64350797e-02 -2.80214791e-02 -2.82605189e-02 -2.72427345e-02 -2.55088510e-02 -2.35404837e-02 -2.16232032e-02 -1.98841691e-02 -1.83622347e-02 -1.70590572e-02 -1.59637567e-02 -1.50611123e-02 -1.43338702e-02
5.69902896e-03 5.29259297e-03 4.87668178e-03 4.44344904e-03 3.98591897e-03 3.50113804e-03 2.99346123e-03 2.47547622e-03 1.96489289e-03 1.47897752e-03 1.03013678e-03 6.24645408e-04 2.63802103e-04 -5.41453938e-05 -3.32376318e-04 -5.74466961e-04 -7.83855788e-04 -9.63620751e-04 -1.11642349e-03 -1.24453069e-03 -1.34986445e-03 -1.43405827e-03 -1.49850872e-03 -1.54441940e-03 -1.57283672e-03 -1.58467839e-03 -1.58075564e-03 -1.56179043e-03 -1.52842852e-03 -1.48124933e-03 -1.42077317e-03 -1.34746622e-03 -1.26174394e-03 -1.16397275e-03 -1.05447058e-03 -9.33506051e-04 -8.01296606e-04 -6.58005464e-04 -5.03737380e-04 -3.38533146e-04 -1.62362675e-04 2.48835064e-05 2.23404608e-04 4.33502093e-04 6.55594751e-04 8.90236846e-04 1.13813996e-03 1.40019933e-03 1.67752566e-03 1.97148360e-03 2.28373858e-03 2.61631376e-03 2.97165961e-03 3.35273928e-03 3.76313340e-03 4.20716931e-03 4.69008040e-03 5.21820302e-03 5.79921917e-03 6.44245489e-03 7.15924399e-03 7.96336500e-03 8.87155238e-03 9.90406567e-03 1.10852618e-02 1.24440346e-02 1.40138226e-02 1.58315587e-02 1.79343117e-02 2.03512088e-02 2.30862522e-02 2.60848545e-02 2.91752346e-02 3.19844342e-02 3.38772966e-02 3.41129489e-02 3.25979426e-02 3.08506511e-02 2.97840022e-02 2.61578720e-02 1.76774548e-02 7.74295493e-03 1.45131746e-03 -4.86412274e-03 -1.48703696e-02 -2.34714889e-02 -2.72689284e-02 -2.85596873e-02 -3.05863655e-02 -3.24382293e-02 -3.25977651e-02 -3.11563038e-02 -2.88476853e-02 -2.62939492e-02 -2.38501172e-02 -2.16696226e-02 -1.97938542e-02 -1.82138663e-02 -1.69029156e-02 -1.58303554e-02 -1.49665586e-02
5.63217090e-03 5.23215630e-03 4.82447615e-03 4.40406888e-03 3.96708258e-03 3.51272970e-03 3.04490036e-03 2.57238441e-03 2.10709670e-03 1.66106485e-03 1.24379452e-03 8.61102672e-04 5.15359423e-04 2.06438144e-04 -6.72633544e-05 -3.08037426e-04 -5.18367946e-04 -7.00658290e-04 -8.57106687e-04 -9.89666009e-04 -1.10004681e-03 -1.18973956e-03 -1.26004312e-03 -1.31209309e-03 -1.34688730e-03 -1.36530734e-03 -1.36813632e-03 -1.35607302e-03 -1.32974298e-03 -1.28970699e-03 -1.23646732e-03 -1.17047211e-03 -1.09211818e-03 -1.00175232e-03 -8.99671426e-04 -7.86121337e-04 -6.61294539e-04 -5.25326675e-04 -3.78291792e-04 -2.20196227e-04 -5.09709646e-05 1.29537744e-04 3.21579805e-04 5.25515085e-04 7.41830080e-04 9.71158002e-04 1.21430303e-03 1.47226960e-03 1.74629793e-03 2.03790715e-03 2.34894785e-03 2.68166638e-03 3.03878376e-03 3.42359279e-03 3.84007810e-03 4.29306488e-03 4.78840366e-03 5.33320024e-03 5.93610185e-03 6.60765264e-03 7.36073286e-03 8.21109587e-03 9.17801139e-03 1.02850082e-02 1.15606704e-02 1.30393582e-02 1.47615417e-02 1.67730724e-02 1.91219782e-02 2.18499502e-02 2.49731215e-02 2.84427110e-02 3.20722378e-02 3.54246944e-02 3.77096026e-02 3.79439273e-02 3.59990011e-02 3.42866204e-02 3.44742389e-02 3.14665337e-02 2.14899129e-02 9.01700499e-03 1.19404559e-03 -6.65189158e-03 -1.91939690e-02 -2.92866410e-02 -3.24583530e-02 -3.24840021e-02 -3.44601497e-02 -3.67199927e-02 -3.68509929e-02 -3.49786487e-02 -3.20794345e-02 -2.89336257e-02 -2.59655431e-02 -2.33491251e-02 -2.11237612e-02 -1.92688489e-02 -1.77429235e-02 -1.65012637e-02 -1.55025471e-02
5.54461746e-03 5.15441661e-03 4.75851650e-03 4.35376699e-03 3.93817554e-03 3.51198823e-03 3.07849430e-03 2.64401471e-03 2.21685003e-03 1.80556955e-03 1.41740950e-03 1.05737404e-03 7.28134244e-04 4.30448778e-04 1.63761642e-04 -7.32517110e-05 -2.82279586e-04 -4.65113159e-04 -6.23497228e-04 -7.59055874e-04 -8.73263572e-04 -9.67441534e-04 -1.04276664e-03 -1.10028562e-03 -1.14093039e-03 -1.16553260e-03 -1.17483641e-03 -1.16950925e-03 -1.15015048e-03 -1.11729817e-03 -1.07143418e-03 -1.01298764e-03 -9.42337065e-04 -8.59811192e-04 -7.65688622e-04 -6.60196286e-04 -5.43506763e-04 -4.15734386e-04 -2.76930059e-04 -1.27074639e-04 3.39292828e-05 2.06267475e-04 3.90226324e-04 5.86207675e-04 7.94746773e-04 1.01653392e-03 1.25244068e-03 1.50355161e-03 1.77120287e-03 2.05702914e-03 2.36302118e-03 2.69159628e-03 3.04568515e-03 3.42883934e-03 3.84536452e-03 4.30048652e-03 4.80055871e-03 5.35332164e-03 5.96822847e-03 6.65685272e-03 7.43339701e-03 8.31532308e-03 9.32411923e-03 1.04862081e-02 1.18339598e-02 1.34066885e-02 1.52513214e-02 1.74220226e-02 1.99772323e-02 2.29709354e-02 2.64318910e-02 3.03194360e-02 3.44386440e-02 3.83024090e-02 4.09908341e-02 4.13109317e-02 3.90848540e-02 3.74506246e-02 3.87156435e-02 3.59993609e-02 2.48835665e-02 1.01634988e-02 9.55307397e-04 -8.27479965e-03 -2.30830651e-02 -3.45097983e-02 -3.71583390e-02 -3.60941153e-02 -3.79750365e-02 -4.04933558e-02 -4.05094603e-02 -3.81977569e-02 -3.47455095e-02 -3.10647016e-02 -2.76332278e-02 -2.46371013e-02 -2.21100766e-02 -2.00195382e-02 -1.83107058e-02 -1.69265974e-02 -1.58156772e-02
5.44007285e-03 5.06219348e-03 4.68042528e-03 4.29289799e-03 3.89871804e-03 3.49859989e-03 3.09527269e-03 2.69340312e-03 2.29895044e-03 1.91815429e-03 1.55653935e-03 1.21826462e-03 9.05922725e-04 6.20691742e-04 3.62663389e-04 1.31199370e-04 -7.47665854e-05 -2.56507474e-04 -4.15357364e-04 -5.52624251e-04 -6.69543316e-04 -7.67255935e-04 -8.46803906e-04 -9.09131984e-04 -9.55094406e-04 -9.85462854e-04 -1.00093443e-03 -1.00213890e-03 -9.89644849e-04 -9.63964598e-04 -9.25557938e-04 -8.74834630e-04 -8.12155768e-04 -7.37834050e-04 -6.52132949e-04 -5.55264810e-04 -4.47387826e-04 -3.28601812e-04 -1.98942694e-04 -5.83755266e-05 9.32141419e-05 2.56030844e-04 4.30382043e-04 6.16693700e-04 8.15529107e-04 1.02761167e-03 1.25385255e-03 1.49538416e-03 1.75360109e-03 2.03020999e-03 2.32729087e-03 2.64737242e-03 2.99352533e-03 3.36947789e-03 3.77976019e-03 4.22988443e-03 4.72657125e-03 5.27803466e-03 5.89434122e-03 6.58786321e-03 7.37384875e-03 8.27113479e-03 9.30302704e-03 1.04983595e-02 1.18927103e-02 1.35296647e-02 1.54618164e-02 1.77507727e-02 2.04645305e-02 2.36687680e-02 2.74050957e-02 3.16432811e-02 3.61869612e-02 4.05153586e-02 4.36106728e-02 4.41107582e-02 4.17756551e-02 4.02687202e-02 4.23918411e-02 3.81435472e-02 2.63311706e-02 1.11447822e-02 7.35503063e-04 -9.69446994e-03 -2.52794755e-02 -3.74756353e-02 -4.12530605e-02 -3.93174533e-02 -4.10535364e-02 -4.36584879e-02 -4.34669900e-02 -4.07156777e-02 -3.67618494e-02 -3.26171298e-02 -2.87954370e-02 -2.54865816e-02 -2.27155590e-02 -2.04374783e-02 -1.85854120e-02 -1.70917361e-02 -1.58962043e-02
5.32153673e-03 4.95771972e-03 4.59153943e-03 4.22197157e-03 3.84876877e-03 3.47283229e-03 3.09641947e-03 2.72305928e-03 2.35714534e-03 2.00331580e-03 1.66582123e-03 1.34806476e-03 1.05239742e-03 7.80142350e-04 5.31762075e-04 3.07079582e-04 1.05490995e-04 -7.38606254e-05 -2.31957832e-04 -3.69822862e-04 -4.88463994e-04 -5.88844809e-04 -6.71868646e-04 -7.38372518e-04 -7.89126559e-04 -8.24836395e-04 -8.46146811e-04 -8.53645720e-04 -8.47867864e-04 -8.29297913e-04 -7.98372806e-04 -7.55483238e-04 -7.00974267e-04 -6.35144998e-04 -5.58247323e-04 -4.70483674e-04 -3.72003723e-04 -2.62899929e-04 -1.43201815e-04 -1.28687876e-05 1.28218714e-04 2.80270035e-04 4.43597449e-04 6.18632092e-04 8.05943256e-04 1.00626179e-03 1.22050852e-03 1.44982883e-03 1.69563493e-03 1.95965759e-03 2.24400987e-03 2.55126577e-03 2.88455774e-03 3.24769823e-03 3.64533168e-03 4.08312537e-03 4.56801006e-03 5.10848436e-03 5.71500054e-03 6.40045407e-03 7.18080396e-03 8.07585490e-03 9.11023288e-03 1.03145766e-02 1.17269343e-02 1.33942712e-02 1.53737915e-02 1.77333400e-02 2.05492021e-02 2.38976792e-02 2.78330088e-02 3.23374998e-02 3.72209692e-02 4.19480051e-02 4.54409159e-02 4.62198951e-02 4.39727366e-02 4.26476883e-02 4.53555955e-02 4.05585984e-02 2.80074236e-02 1.19114471e-02 5.34617858e-04 -1.08615927e-02 -2.73298567e-02 -4.02291612e-02 -4.45964369e-02 -4.20625696e-02 -4.35994297e-02 -4.60949346e-02 -4.55987847e-02 -4.24201477e-02 -3.80347754e-02 -3.35154890e-02 -2.93924690e-02 -2.58509350e-02 -2.29044995e-02 -2.04961348e-02 -1.85481206e-02 -1.69839136e-02 -1.57361990e-02
