AXIS X
0.00000000e+00 2.50000000e-03 5.00000000e-03 7.50000000e-03 1.00000000e-02 1.25000000e-02 1.50000000e-02 1.75000000e-02 2.00000000e-02 2.25000000e-02 2.50000000e-02 2.75000000e-02 3.00000000e-02 3.25000000e-02 3.50000000e-02 3.75000000e-02 4.00000000e-02 4.25000000e-02 4.50000000e-02 4.75000000e-02 5.00000000e-02 5.25000000e-02 5.50000000e-02 5.75000000e-02 6.00000000e-02 6.25000000e-02 6.50000000e-02 6.75000000e-02 7.00000000e-02 7.25000000e-02 7.50000000e-02 7.75000000e-02 8.00000000e-02 8.25000000e-02 8.50000000e-02 8.75000000e-02 9.00000000e-02 9.25000000e-02 9.50000000e-02 9.75000000e-02 1.00000000e-01 1.02500000e-01 1.05000000e-01 1.07500000e-01 1.10000000e-01 1.12500000e-01 1.15000000e-01 1.17500000e-01 1.20000000e-01 1.22500000e-01 1.25000000e-01 1.27500000e-01 1.30000000e-01 1.32500000e-01 1.35000000e-01 1.37500000e-01 1.40000000e-01 1.42500000e-01 1.45000000e-01 1.47500000e-01 1.50000000e-01 1.52500000e-01 1.55000000e-01 1.57500000e-01 1.60000000e-01 1.62500000e-01 1.65000000e-01 1.67500000e-01 1.70000000e-01 1.72500000e-01 1.75000000e-01 1.77500000e-01 1.80000000e-01 1.82500000e-01 1.85000000e-01 1.87500000e-01 1.90000000e-01 1.92500000e-01 1.95000000e-01 1.97500000e-01 2.00000000e-01 2.02500000e-01 2.05000000e-01 2.07500000e-01 2.10000000e-01 2.12500000e-01 2.15000000e-01 2.17500000e-01 2.20000000e-01 2.22500000e-01 2.25000000e-01 2.27500000e-01 2.30000000e-01 2.32500000e-01 2.35000000e-01 2.37500000e-01 2.40000000e-01 2.42500000e-01 2.45000000e-01 2.47500000e-01 2.50000000e-01 2.52500000e-01 2.55000000e-01 2.57500000e-01 2.60000000e-01 2.62500000e-01 2.65000000e-01 2.67500000e-01 2.70000000e-01 2.72500000e-01 2.75000000e-01 2.77500000e-01 2.80000000e-01 2.82500000e-01 2.85000000e-01 2.87500000e-01 2.90000000e-01 2.92500000e-01 2.95000000e-01 2.97500000e-01 3.00000000e-01 3.02500000e-01 3.05000000e-01 3.07500000e-01 3.10000000e-01 3.12500000e-01 3.15000000e-01 3.17500000e-01 3.20000000e-01 3.22500000e-01 3.25000000e-01 3.27500000e-01 3.30000000e-01 3.32500000e-01 3.35000000e-01 3.37500000e-01 3.40000000e-01 3.42500000e-01 3.45000000e-01 3.47500000e-01 3.50000000e-01 3.52500000e-01 3.55000000e-01 3.57500000e-01 3.60000000e-01 3.62500000e-01 3.65000000e-01 3.67500000e-01 3.70000000e-01 3.72500000e-01 3.75000000e-01 3.77500000e-01 3.80000000e-01 3.82500000e-01 3.85000000e-01 3.87500000e-01 3.90000000e-01 3.92500000e-01 3.95000000e-01 3.97500000e-01 4.00000000e-01

AXIS Y
0.00000000e+00 1.00000000e-03 2.00000000e-03 3.00000000e-03 4.00000000e-03 5.00000000e-03 6.00000000e-03 7.00000000e-03 8.00000000e-03 9.00000000e-03 1.00000000e-02 1.10000000e-02 1.20000000e-02 1.30000000e-02 1.40000000e-02 1.50000000e-02 1.60000000e-02 1.70000000e-02 1.80000000e-02 1.90000000e-02 2.00000000e-02 2.10000000e-02 2.20000000e-02 2.30000000e-02 2.40000000e-02 2.50000000e-02 2.60000000e-02 2.70000000e-02 2.80000000e-02 2.90000000e-02 3.00000000e-02 3.10000000e-02 3.20000000e-02 3.30000000e-02 3.40000000e-02 3.50000000e-02 3.60000000e-02 3.70000000e-02 3.80000000e-02 3.90000000e-02 4.00000000e-02 4.10000000e-02 4.20000000e-02 4.30000000e-02 4.40000000e-02 4.50000000e-02 4.60000000e-02 4.70000000e-02 4.80000000e-02 4.90000000e-02 5.00000000e-02 5.10000000e-02 5.20000000e-02 5.30000000e-02 5.40000000e-02 5.50000000e-02 5.60000000e-02 5.70000000e-02 5.80000000e-02 5.90000000e-02 6.00000000e-02 6.10000000e-02 6.20000000e-02 6.30000000e-02 6.40000000e-02 6.50000000e-02 6.60000000e-02 6.70000000e-02 6.80000000e-02 6.90000000e-02 7.00000000e-02 7.10000000e-02 7.20000000e-02 7.30000000e-02 7.40000000e-02 7.50000000e-02 7.60000000e-02 7.70000000e-02 7.80000000e-02 7.90000000e-02 8.00000000e-02 8.10000000e-02 8.20000000e-02 8.30000000e-02 8.40000000e-02 8.50000000e-02 8.60000000e-02 8.70000000e-02 8.80000000e-02 8.90000000e-02 9.00000000e-02 9.10000000e-02 9.20000000e-02 9.30000000e-02 9.40000000e-02 9.50000000e-02 9.60000000e-02 9.70000000e-02 9.80000000e-02 9.90000000e-02 1.00000000e-01 1.01000000e-01 1.02000000e-01 1.03000000e-01 1.04000000e-01 1.05000000e-01 1.06000000e-01 1.07000000e-01 1.08000000e-01 1.09000000e-01 1.10000000e-01 1.11000000e-01 1.12000000e-01 1.13000000e-01 1.14000000e-01 1.15000000e-01 1.16000000e-01 1.17000000e-01 1.18000000e-01 1.19000000e-01 1.20000000e-01 1.21000000e-01 1.22000000e-01 1.23000000e-01 1.24000000e-01 1.25000000e-01 1.26000000e-01 1.27000000e-01 1.28000000e-01 1.29000000e-01 1.30000000e-01 1.31000000e-01 1.32000000e-01 1.33000000e-01 1.34000000e-01 1.35000000e-01 1.36000000e-01 1.37000000e-01 1.38000000e-01 1.39000000e-01 1.40000000e-01 1.41000000e-01 1.42000000e-01 1.43000000e-01 1.44000000e-01 1.45000000e-01 1.46000000e-01 1.47000000e-01 1.48000000e-01 1.49000000e-01 1.50000000e-01 1.51000000e-01 1.52000000e-01 1.53000000e-01 1.54000000e-01 1.55000000e-01 1.56000000e-01 1.57000000e-01 1.58000000e-01 1.59000000e-01 1.60000000e-01 1.61000000e-01 1.62000000e-01 1.63000000e-01 1.64000000e-01 1.65000000e-01 1.66000000e-01 1.67000000e-01 1.68000000e-01 1.69000000e-01 1.70000000e-01 1.71000000e-01 1.72000000e-01 1.73000000e-01 1.74000000e-01 1.75000000e-01 1.76000000e-01 1.77000000e-01 1.78000000e-01 1.79000000e-01 1.80000000e-01 1.81000000e-01 1.82000000e-01 1.83000000e-01 1.84000000e-01 1.85000000e-01 1.86000000e-01 1.87000000e-01 1.88000000e-01 1.89000000e-01 1.90000000e-01 1.91000000e-01 1.92000000e-01 1.93000000e-01 1.94000000e-01 1.95000000e-01 1.96000000e-01 1.97000000e-01 1.98000000e-01 1.99000000e-01 2.00000000e-01 2.01000000e-01 2.02000000e-01 2.03000000e-01 2.04000000e-01 2.05000000e-01 2.06000000e-01 2.07000000e-01 2.08000000e-01 2.09000000e-01 2.10000000e-01 2.11000000e-01 2.12000000e-01 2.13000000e-01 2.14000000e-01 2.15000000e-01 2.16000000e-01 2.17000000e-01 2.18000000e-01 2.19000000e-01 2.20000000e-01 2.21000000e-01 2.22000000e-01 2.23000000e-01 2.24000000e-01 2.25000000e-01 2.26000000e-01 2.27000000e-01 2.28000000e-01 2.29000000e-01 2.30000000e-01 2.31000000e-01 2.32000000e-01 2.33000000e-01 2.34000000e-01 2.35000000e-01 2.36000000e-01 2.37000000e-01 2.38000000e-01 2.39000000e-01 2.40000000e-01 2.41000000e-01 2.42000000e-01 2.43000000e-01 2.44000000e-01 2.45000000e-01 2.46000000e-01 2.47000000e-01 2.48000000e-01 2.49000000e-01 2.50000000e-01 2.51000000e-01 2.52000000e-01 2.53000000e-01 2.54000000e-01 2.55000000e-01 2.56000000e-01 2.57000000e-01 2.58000000e-01 2.59000000e-01 2.60000000e-01 2.61000000e-01 2.62000000e-01 2.63000000e-01 2.64000000e-01 2.65000000e-01 2.66000000e-01 2.67000000e-01 2.68000000e-01 2.69000000e-01 2.70000000e-01 2.71000000e-01 2.72000000e-01 2.73000000e-01 2.74000000e-01 2.75000000e-01 2.76000000e-01 2.77000000e-01 2.78000000e-01 2.79000000e-01 2.80000000e-01 2.81000000e-01 2.82000000e-01 2.83000000e-01 2.84000000e-01 2.85000000e-01 2.86000000e-01 2.87000000e-01 2.88000000e-01 2.89000000e-01 2.90000000e-01 2.91000000e-01 2.92000000e-01 2.93000000e-01 2.94000000e-01 2.95000000e-01 2.96000000e-01 2.97000000e-01 2.98000000e-01 2.99000000e-01 3.00000000e-01

DATA
1.00000000e-04 9.34796937e-05 8.20390614e-05 8.09136809e-05 8.14526523e-05 8.20388701e-05 8.26193383e-05 8.31934639e-05 8.37610597e-05 8.43219388e-05 8.48759139e-05 8.54227974e-05 8.59624014e-05 8.64945383e-05 8.70190203e-05 8.75356601e-05 8.80442707e-05 8.85446656e-05 8.90366594e-05 8.95200673e-05 8.99947055e-05 9.04603918e-05 9.09169450e-05 9.13641857e-05 9.18019362e-05 9.22300208e-05 9.26482658e-05 9.30564998e-05 9.34545539e-05 9.38422618e-05 9.42194600e-05 9.45859881e-05 9.49416888e-05 9.52864081e-05 9.56199956e-05 9.59423045e-05 9.62531922e-05 9.65525198e-05 9.68401526e-05 9.71159606e-05 9.73798181e-05 9.76316041e-05 9.78712025e-05 9.80985021e-05 9.83133971e-05 9.85157868e-05 9.87055757e-05 9.88826742e-05 9.90469982e-05 9.91984693e-05 9.93370150e-05 9.94625689e-05 9.95750704e-05 9.96744653e-05 9.97607054e-05 9.98337489e-05 9.98935604e-05 9.99401107e-05 9.99733771e-05 9.99933435e-05 1.00000000e-04 9.99933435e-05 9.99733771e-05 9.99401107e-05 9.98935604e-05 9.98337489e-05 9.97607054e-05 9.96744653e-05 9.95750704e-05 9.94625689e-05 9.93370150e-05 9.91984693e-05 9.90469982e-05 9.88826742e-05 9.87055757e-05 9.85157868e-05 9.83133971e-05 9.80985021e-05 9.78712025e-05 9.76316041e-05 9.73798181e-05 9.71159606e-05 9.68401526e-05 9.65525198e-05 9.62531922e-05 9.59423045e-05 9.56199956e-05 9.52864081e-05 9.49416888e-05 9.45859881e-05 9.42194600e-05 9.38422618e-05 9.34545539e-05 9.30564998e-05 9.26482658e-05 9.22300208e-05 9.18019362e-05 9.13641857e-05 9.09169450e-05 9.04603918e-05 8.99947055e-05 8.95200673e-05 8.90366594e-05 8.85446656e-05 8.80442707e-05 8.75356601e-05 8.70190203e-05 8.64945383e-05 8.59624014e-05 8.54227974e-05 8.48759139e-05 8.43219388e-05 8.37610597e-05 8.31934639e-05 8.26193383e-05 8.20388693e-05 8.14522426e-05 8.08596430e-05 8.02612545e-05 7.96572601e-05 7.90478415e-05 7.84331795e-05 7.78134533e-05 7.71888407e-05 7.65595181e-05 7.59256602e-05 7.52874403e-05 7.46450296e-05 7.39985977e-05 7.33483123e-05 7.26943391e-05 7.20368419e-05 7.13759823e-05 7.07119199e-05 7.00448122e-05 6.93748145e-05 6.87020797e-05 6.80267585e-05 6.73489996e-05 6.66689490e-05 6.59867505e-05 6.53025456e-05 6.46164733e-05 6.39286703e-05 6.32392707e-05 6.25484064e-05 6.18562068e-05 6.11627988e-05 6.04683069e-05 5.97728532e-05 5.90765574e-05 5.83795365e-05 5.76819054e-05 5.69837765e-05 5.62852597e-05 5.55864625e-05 5.48874903e-05 5.41884456e-05 5.34894292e-05 5.27905390e-05 5.20918710e-05
1.00000000e-04 9.34348405e-05 8.19378716e-05 8.08090177e-05 8.13506510e-05 8.19397172e-05 8.25230290e-05 8.30999900e-05 8.36704117e-05 8.42341053e-05 8.47908820e-05 8.53405523e-05 8.58829268e-05 8.64178159e-05 8.69450302e-05 8.74643805e-05 8.79756780e-05 8.84787347e-05 8.89733629e-05 8.94593761e-05 8.99365889e-05 9.04048169e-05 9.08638772e-05 9.13135886e-05 9.17537714e-05 9.21842481e-05 9.26048431e-05 9.30153832e-05 9.34156977e-05 9.38056184e-05 9.41849801e-05 9.45536205e-05 9.49113805e-05 9.52581046e-05 9.55936405e-05 9.59178399e-05 9.62305582e-05 9.65316553e-05 9.68209948e-05 9.70984450e-05 9.73638789e-05 9.76171741e-05 9.78582131e-05 9.80868834e-05 9.83030778e-05 9.85066943e-05 9.86976367e-05 9.88758139e-05 9.90827677e-05 9.93708374e-05 9.96347623e-05 9.98742985e-05 1.00089224e-04 1.00279340e-04 1.00444468e-04 1.00584455e-04 1.00699169e-04 1.00788503e-04 1.00852373e-04 1.00890719e-04 1.00903505e-04 1.00890719e-04 1.00852373e-04 1.00788503e-04 1.00699169e-04 1.00584455e-04 1.00444468e-04 1.00279340e-04 1.00089224e-04 9.98742985e-05 9.96347623e-05 9.93708374e-05 9.90827677e-05 9.88758139e-05 9.86976367e-05 9.85066943e-05 9.83030778e-05 9.80868834e-05 9.78582131e-05 9.76171741e-05 9.73638789e-05 9.70984450e-05 9.68209948e-05 9.65316553e-05 9.62305582e-05 9.59178399e-05 9.55936405e-05 9.52581046e-05 9.49113805e-05 9.45536205e-05 9.41849801e-05 9.38056184e-05 9.34156977e-05 9.30153832e-05 9.26048431e-05 9.21842481e-05 9.17537714e-05 9.13135886e-05 9.08638772e-05 9.04048169e-05 8.99365889e-05 8.94593761e-05 8.89733629e-05 8.84787347e-05 8.79756780e-05 8.74643805e-05 8.69450302e-05 8.64178159e-05 8.58829268e-05 8.53405523e-05 8.47908820e-05 8.42341053e-05 8.36704117e-05 8.30999900e-05 8.25230290e-05 8.19397165e-05 8.13502398e-05 8.07547853e-05 8.01535387e-05 7.95466843e-05 7.89344055e-05 7.83168842e-05 7.76943012e-05 7.70668358e-05 7.64346655e-05 7.57979665e-05 7.51569132e-05 7.45116781e-05 7.38624320e-05 7.32093437e-05 7.25525801e-05 7.18923060e-05 7.12286841e-05 7.05618750e-05 6.98920372e-05 6.92193267e-05 6.85438977e-05 6.78659015e-05 6.71854877e-05 6.65028031e-05 6.58179922e-05 6.51311972e-05 6.44425580e-05 6.37522116e-05 6.30602931e-05 6.23669348e-05 6.16722667e-05 6.09764162e-05 6.02795084e-05 5.95816657e-05 5.88830082e-05 5.81836536e-05 5.74837171e-05 5.67833112e-05 5.60825464e-05 5.53815305e-05 5.46803689e-05 5.39791647e-05 5.32780187e-05 5.25770292e-05 5.18762922e-05
1.00000000e-04 9.33895124e-05 8.18358525e-05 8.07035258e-05 8.12478389e-05 8.18397722e-05 8.24259463e-05 8.30057619e-05 8.35790285e-05 8.41455561e-05 8.47051537e-05 8.52576305e-05 8.58027952e-05 8.63404563e-05 8.68704228e-05 8.73925037e-05 8.79065083e-05 8.84122465e-05 8.89095292e-05 8.93981679e-05 8.98779751e-05 9.03487646e-05 9.08103519e-05 9.12625535e-05 9.17051882e-05 9.21380763e-05 9.25610405e-05 9.29739057e-05 9.33764992e-05 9.37686512e-05 9.41501945e-05 9.45209650e-05 9.48808020e-05 9.52295479e-05 9.55670490e-05 9.58931551e-05 9.62077202e-05 9.65106021e-05 9.68016633e-05 9.70807703e-05 9.73477947e-05 9.76026126e-05 9.78451050e-05 9.81478284e-05 9.85582466e-05 9.89457219e-05 9.93099026e-05 9.96504564e-05 9.99670709e-05 1.00259455e-04 1.00527337e-04 1.00770469e-04 1.00988625e-04 1.01181601e-04 1.01349215e-04 1.01491311e-04 1.01607754e-04 1.01698436e-04 1.01763269e-04 1.01802194e-04 1.01815173e-04 1.01802194e-04 1.01763269e-04 1.01698436e-04 1.01607754e-04 1.01491311e-04 1.01349215e-04 1.01181601e-04 1.00988625e-04 1.00770469e-04 1.00527337e-04 1.00259455e-04 9.99670709e-05 9.96504564e-05 9.93099026e-05 9.89457219e-05 9.85582466e-05 9.81478284e-05 9.78451050e-05 9.76026126e-05 9.73477947e-05 9.70807703e-05 9.68016633e-05 9.65106021e-05 9.62077202e-05 9.58931551e-05 9.55670490e-05 9.52295479e-05 9.48808020e-05 9.45209650e-05 9.41501945e-05 9.37686512e-05 9.33764992e-05 9.29739057e-05 9.25610405e-05 9.21380763e-05 9.17051882e-05 9.12625535e-05 9.08103519e-05 9.03487646e-05 8.98779751e-05 8.93981679e-05 8.89095292e-05 8.84122465e-05 8.79065083e-05 8.73925037e-05 8.68704228e-05 8.63404563e-05 8.58027952e-05 8.52576305e-05 8.47051537e-05 8.41455561e-05 8.35790285e-05 8.30057619e-05 8.24259463e-05 8.18397715e-05 8.12474262e-05 8.06490986e-05 8.00449757e-05 7.94352434e-05 7.88200867e-05 7.81996889e-05 7.75742321e-05 7.69438970e-05 7.63088627e-05 7.56693064e-05 7.50254038e-05 7.43773289e-05 7.37252534e-05 7.30693474e-05 7.24097790e-05 7.17467139e-05 7.10803159e-05 7.04107468e-05 6.97381658e-05 6.90627301e-05 6.83845945e-05 6.77039116e-05 6.70208313e-05 6.63355016e-05 6.56480676e-05 6.49586723e-05 6.42674560e-05 6.35745569e-05 6.28801103e-05 6.21842492e-05 6.14871041e-05 6.07888031e-05 6.00894716e-05 5.93892326e-05 5.86882067e-05 5.79865119e-05 5.72842636e-05 5.65815750e-05 5.58785567e-05 5.51753169e-05 5.44719613e-05 5.37685932e-05 5.30653136e-05 5.23622210e-05 5.16594116e-05
1.00000000e-04 9.33437026e-05 8.17329954e-05 8.05971970e-05 8.11442079e-05 8.17390270e-05 8.23280824e-05 8.29107716e-05 8.34869026e-05 8.40562835e-05 8.46187219e-05 8.51740249e-05 8.57219996e-05 8.62624529e-05 8.67951917e-05 8.73200232e-05 8.78367550e-05 8.83451951e-05 8.88451525e-05 8.93364367e-05 8.98188584e-05 9.02922297e-05 9.07563638e-05 9.12110755e-05 9.16561817e-05 9.20915008e-05 9.25168535e-05 9.29320629e-05 9.33369544e-05 9.37313563e-05 9.41150995e-05 9.44880183e-05 9.48499498e-05 9.52007350e-05 9.55402183e-05 9.58682477e-05 9.61846755e-05 9.64893581e-05 9.67821561e-05 9.71218211e-05 9.76274697e-05 9.81114656e-05 9.85733777e-05 9.90127917e-05 9.94293110e-05 9.98225574e-05 1.00192172e-04 1.00537816e-04 1.00859170e-04 1.01155937e-04 1.01427840e-04 1.01674626e-04 1.01896064e-04 1.02091946e-04 1.02262087e-04 1.02406326e-04 1.02524526e-04 1.02616577e-04 1.02682390e-04 1.02721903e-04 1.02735078e-04 1.02721903e-04 1.02682390e-04 1.02616577e-04 1.02524526e-04 1.02406326e-04 1.02262087e-04 1.02091946e-04 1.01896064e-04 1.01674626e-04 1.01427840e-04 1.01155937e-04 1.00859170e-04 1.00537816e-04 1.00192172e-04 9.98225574e-05 9.94293110e-05 9.90127917e-05 9.85733777e-05 9.81114656e-05 9.76274697e-05 9.71218211e-05 9.67821561e-05 9.64893581e-05 9.61846755e-05 9.58682477e-05 9.55402183e-05 9.52007350e-05 9.48499498e-05 9.44880183e-05 9.41150995e-05 9.37313563e-05 9.33369544e-05 9.29320629e-05 9.25168535e-05 9.20915008e-05 9.16561817e-05 9.12110755e-05 9.07563638e-05 9.02922297e-05 8.98188584e-05 8.93364367e-05 8.88451525e-05 8.83451951e-05 8.78367550e-05 8.73200232e-05 8.67951917e-05 8.62624529e-05 8.57219996e-05 8.51740249e-05 8.46187219e-05 8.40562835e-05 8.34869026e-05 8.29107716e-05 8.23280824e-05 8.17390262e-05 8.11437937e-05 8.05425744e-05 7.99355569e-05 7.93229289e-05 7.87048764e-05 7.80815846e-05 7.74532369e-05 7.68200153e-05 7.61821003e-05 7.55396705e-05 7.48929029e-05 7.42419725e-05 7.35870525e-05 7.29283140e-05 7.22659261e-05 7.16000559e-05 7.09308682e-05 7.02585256e-05 6.95831884e-05 6.89050148e-05 6.82241605e-05 6.75407788e-05 6.68550207e-05 6.61670347e-05 6.54769668e-05 6.47849608e-05 6.40911578e-05 6.33956962e-05 6.26987123e-05 6.20003397e-05 6.13007093e-05 6.05999497e-05 5.98981869e-05 5.91955444e-05 5.84921432e-05 5.77881015e-05 5.70835355e-05 5.63785584e-05 5.56732813e-05 5.49678125e-05 5.42622582e-05 5.35567219e-05 5.28513046e-05 5.21461053e-05 5.14412202e-05
1.00000000e-04 9.32974042e-05 8.16292914e-05 8.04900227e-05 8.10397496e-05 8.16374733e-05 8.22294291e-05 8.28150112e-05 8.33940261e-05 8.39662800e-05 8.45315789e-05 8.50897282e-05 8.56405330e-05 8.61837986e-05 8.67193299e-05 8.72469324e-05 8.77664118e-05 8.82775742e-05 8.87802266e-05 8.92741767e-05 8.97592333e-05 9.02352065e-05 9.07019076e-05 9.11591496e-05 9.16067472e-05 9.20445170e-05 9.24722778e-05 9.28898507e-05 9.32970593e-05 9.36937299e-05 9.40796917e-05 9.44547768e-05 9.48188209e-05 9.51716629e-05 9.55131455e-05 9.58431149e-05 9.62998270e-05 9.68759971e-05 9.74316276e-05 9.79662318e-05 9.84793377e-05 9.89704888e-05 9.94392454e-05 9.98851846e-05 1.00307902e-04 1.00707011e-04 1.01082147e-04 1.01432962e-04 1.01759131e-04 1.02060352e-04 1.02336341e-04 1.02586840e-04 1.02811613e-04 1.03010448e-04 1.03183156e-04 1.03329573e-04 1.03449559e-04 1.03543001e-04 1.03609810e-04 1.03649920e-04 1.03663295e-04 1.03649920e-04 1.03609810e-04 1.03543001e-04 1.03449559e-04 1.03329573e-04 1.03183156e-04 1.03010448e-04 1.02811613e-04 1.02586840e-04 1.02336341e-04 1.02060352e-04 1.01759131e-04 1.01432962e-04 1.01082147e-04 1.00707011e-04 1.00307902e-04 9.98851846e-05 9.94392454e-05 9.89704888e-05 9.84793377e-05 9.79662318e-05 9.74316276e-05 9.68759971e-05 9.62998270e-05 9.58431149e-05 9.55131455e-05 9.51716629e-05 9.48188209e-05 9.44547768e-05 9.40796917e-05 9.36937299e-05 9.32970593e-05 9.28898507e-05 9.24722778e-05 9.20445170e-05 9.16067472e-05 9.11591496e-05 9.07019076e-05 9.02352065e-05 8.97592333e-05 8.92741767e-05 8.87802266e-05 8.82775742e-05 8.77664118e-05 8.72469324e-05 8.67193299e-05 8.61837986e-05 8.56405330e-05 8.50897282e-05 8.45315789e-05 8.39662800e-05 8.33940261e-05 8.28150112e-05 8.22294291e-05 8.16374726e-05 8.10393339e-05 8.04352042e-05 7.98252739e-05 7.92097318e-05 7.85887659e-05 7.79625625e-05 7.73313066e-05 7.66951816e-05 7.60543693e-05 7.54090497e-05 7.47594010e-05 7.41055995e-05 7.34478197e-05 7.27862337e-05 7.21210120e-05 7.14523225e-05 7.07803311e-05 7.01052016e-05 6.94270952e-05 6.87461710e-05 6.80625856e-05 6.73764933e-05 6.66880458e-05 6.59973924e-05 6.53046801e-05 6.46100531e-05 6.39136532e-05 6.32156197e-05 6.25160894e-05 6.18151964e-05 6.11130723e-05 6.04098462e-05 5.97056446e-05 5.90005913e-05 5.82948079e-05 5.75884130e-05 5.68815231e-05 5.61742518e-05 5.54667105e-05 5.47590078e-05 5.40512502e-05 5.33435413e-05 5.26359825e-05 5.19286729e-05 5.12217089e-05
1.00000000e-04 9.32506100e-05 8.15247315e-05 8.03819943e-05 8.09344555e-05 8.15351029e-05 8.21299782e-05 8.27184728e-05 8.33003911e-05 8.38755379e-05 8.44437173e-05 8.50047329e-05 8.55583882e-05 8.61044863e-05 8.66428307e-05 8.71732247e-05 8.76954722e-05 8.82093774e-05 8.87147455e-05 8.92113821e-05 8.96990941e-05 9.01776897e-05 9.06469782e-05 9.11067706e-05 9.15568797e-05 9.19971202e-05 9.24273088e-05 9.28472648e-05 9.32568098e-05 9.36557682e-05 9.40439672e-05 9.44212373e-05 9.47874120e-05 9.52532623e-05 9.58972062e-05 9.65219034e-05 9.71268176e-05 9.77114250e-05 9.82752148e-05 9.88176905e-05 9.93383708e-05 9.98367899e-05 1.00312499e-04 1.00765067e-04 1.01194081e-04 1.01599147e-04 1.01979891e-04 1.02335960e-04 1.02667022e-04 1.02972768e-04 1.03252909e-04 1.03507181e-04 1.03735343e-04 1.03937179e-04 1.04112495e-04 1.04261125e-04 1.04382927e-04 1.04477783e-04 1.04545603e-04 1.04586321e-04 1.04599897e-04 1.04586321e-04 1.04545603e-04 1.04477783e-04 1.04382927e-04 1.04261125e-04 1.04112495e-04 1.03937179e-04 1.03735343e-04 1.03507181e-04 1.03252909e-04 1.02972768e-04 1.02667022e-04 1.02335960e-04 1.01979891e-04 1.01599147e-04 1.01194081e-04 1.00765067e-04 1.00312499e-04 9.98367899e-05 9.93383708e-05 9.88176905e-05 9.82752148e-05 9.77114250e-05 9.71268176e-05 9.65219034e-05 9.58972062e-05 9.52532623e-05 9.47874120e-05 9.44212373e-05 9.40439672e-05 9.36557682e-05 9.32568098e-05 9.28472648e-05 9.24273088e-05 9.19971202e-05 9.15568797e-05 9.11067706e-05 9.06469782e-05 9.01776897e-05 8.96990941e-05 8.92113821e-05 8.87147455e-05 8.82093774e-05 8.76954722e-05 8.71732247e-05 8.66428307e-05 8.61044863e-05 8.55583882e-05 8.50047329e-05 8.44437173e-05 8.38755379e-05 8.33003911e-05 8.27184728e-05 8.21299782e-05 8.15351021e-05 8.09340383e-05 8.03269795e-05 7.97141178e-05 7.90956435e-05 7.84717461e-05 7.78426135e-05 7.72084320e-05 7.65693866e-05 7.59256602e-05 7.52774344e-05 7.46248886e-05 7.39682004e-05 7.33075453e-05 7.26430970e-05 7.19750266e-05 7.13035036e-05 7.06286948e-05 6.99507649e-05 6.92698762e-05 6.85861887e-05 6.78998600e-05 6.72110451e-05 6.65198967e-05 6.58265649e-05 6.51311972e-05 6.44339389e-05 6.37349323e-05 6.30343174e-05 6.23322315e-05 6.16288094e-05 6.09241833e-05 6.02184827e-05 5.95118346e-05 5.88043635e-05 5.80961911e-05 5.73874366e-05 5.66782167e-05 5.59686456e-05 5.52588348e-05 5.45488933e-05 5.38389277e-05 5.31290421e-05 5.24193380e-05 5.17099146e-05 5.10008685e-05
1.00000000e-04 9.32033129e-05 8.14193066e-05 8.02731032e-05 8.08283171e-05 8.14319073e-05 8.20297216e-05 8.26211481e-05 8.32059897e-05 8.37840494e-05 8.43551294e-05 8.49190317e-05 8.54755577e-05 8.60245091e-05 8.65656870e-05 8.70988933e-05 8.76239296e-05 8.81405985e-05 8.86487029e-05 8.91480468e-05 8.96384350e-05 9.01196736e-05 9.05915700e-05 9.10539333e-05 9.15065743e-05 9.19493056e-05 9.23819420e-05 9.28043009e-05 9.32162018e-05 9.36174672e-05 9.40079224e-05 9.46968400e-05 9.53874445e-05 9.60596790e-05 9.67129747e-05 9.73467730e-05 9.79605272e-05 9.85537030e-05 9.91257794e-05 9.96762501e-05 1.00204624e-04 1.00710425e-04 1.01193197e-04 1.01652499e-04 1.02087909e-04 1.02499027e-04 1.02885470e-04 1.03246877e-04 1.03582911e-04 1.03893255e-04 1.04177614e-04 1.04435720e-04 1.04667326e-04 1.04872211e-04 1.05050179e-04 1.05201058e-04 1.05324704e-04 1.05420997e-04 1.05489845e-04 1.05531180e-04 1.05544963e-04 1.05531180e-04 1.05489845e-04 1.05420997e-04 1.05324704e-04 1.05201058e-04 1.05050179e-04 1.04872211e-04 1.04667326e-04 1.04435720e-04 1.04177614e-04 1.03893255e-04 1.03582911e-04 1.03246877e-04 1.02885470e-04 1.02499027e-04 1.02087909e-04 1.01652499e-04 1.01193197e-04 1.00710425e-04 1.00204624e-04 9.96762501e-05 9.91257794e-05 9.85537030e-05 9.79605272e-05 9.73467730e-05 9.67129747e-05 9.60596790e-05 9.53874445e-05 9.46968400e-05 9.40079224e-05 9.36174672e-05 9.32162018e-05 9.28043009e-05 9.23819420e-05 9.19493056e-05 9.15065743e-05 9.10539333e-05 9.05915700e-05 9.01196736e-05 8.96384350e-05 8.91480468e-05 8.86487029e-05 8.81405985e-05 8.76239296e-05 8.70988933e-05 8.65656870e-05 8.60245091e-05 8.54755577e-05 8.49190317e-05 8.43551294e-05 8.37840494e-05 8.32059897e-05 8.26211481e-05 8.20297216e-05 8.14319065e-05 8.08278983e-05 8.02178916e-05 7.96020798e-05 7.89806550e-05 7.83538080e-05 7.77217284e-05 7.70846039e-05 7.64426208e-05 7.57959637e-05 7.51448152e-05 7.44893561e-05 7.38297654e-05 7.31662197e-05 7.24988939e-05 7.18279603e-05 7.11535895e-05 7.04759493e-05 6.97952055e-05 6.91115214e-05 6.84250579e-05 6.77359735e-05 6.70444241e-05 6.63505632e-05 6.56545418e-05 6.49565082e-05 6.42566082e-05 6.35549849e-05 6.28517791e-05 6.21471285e-05 6.14411686e-05 6.07340322e-05 6.00258492e-05 5.93167472e-05 5.86068510e-05 5.78962828e-05 5.71851624e-05 5.64736066e-05 5.57617300e-05 5.50496445e-05 5.43374593e-05 5.36252813e-05 5.29132148e-05 5.22013616e-05 5.14898210e-05 5.07786898e-05
1.00000000e-04 9.31555055e-05 8.13130075e-05 8.01633405e-05 8.07213257e-05 8.13278779e-05 8.19286507e-05 8.25230290e-05 8.31108138e-05 8.36918065e-05 8.42658074e-05 8.48326168e-05 8.53920343e-05 8.59438595e-05 8.64878919e-05 8.70239312e-05 8.75517774e-05 8.80712308e-05 8.85820927e-05 8.90841648e-05 8.95772500e-05 9.00611525e-05 9.05356777e-05 9.10006325e-05 9.14558259e-05 9.19010683e-05 9.23361728e-05 9.27609544e-05 9.32825043e-05 9.40353093e-05 9.47713079e-05 9.54898937e-05 9.61904678e-05 9.68724405e-05 9.75352315e-05 9.81782714e-05 9.88010026e-05 9.94028801e-05 9.99833726e-05 1.00541963e-04 1.01078152e-04 1.01591452e-04 1.02081399e-04 1.02547541e-04 1.02989451e-04 1.03406716e-04 1.03798949e-04 1.04165781e-04 1.04506866e-04 1.04821882e-04 1.05110528e-04 1.05372530e-04 1.05607635e-04 1.05815619e-04 1.05996281e-04 1.06149446e-04 1.06274967e-04 1.06372720e-04 1.06442612e-04 1.06484575e-04 1.06498567e-04 1.06484575e-04 1.06442612e-04 1.06372720e-04 1.06274967e-04 1.06149446e-04 1.05996281e-04 1.05815619e-04 1.05607635e-04 1.05372530e-04 1.05110528e-04 1.04821882e-04 1.04506866e-04 1.04165781e-04 1.03798949e-04 1.03406716e-04 1.02989451e-04 1.02547541e-04 1.02081399e-04 1.01591452e-04 1.01078152e-04 1.00541963e-04 9.99833726e-05 9.94028801e-05 9.88010026e-05 9.81782714e-05 9.75352315e-05 9.68724405e-05 9.61904678e-05 9.54898937e-05 9.47713079e-05 9.40353093e-05 9.32825043e-05 9.27609544e-05 9.23361728e-05 9.19010683e-05 9.14558259e-05 9.10006325e-05 9.05356777e-05 9.00611525e-05 8.95772500e-05 8.90841648e-05 8.85820927e-05 8.80712308e-05 8.75517774e-05 8.70239312e-05 8.64878919e-05 8.59438595e-05 8.53920343e-05 8.48326168e-05 8.42658074e-05 8.36918065e-05 8.31108138e-05 8.25230290e-05 8.19286507e-05 8.13278771e-05 8.07209054e-05 8.01079317e-05 7.94891510e-05 7.88647572e-05 7.82349425e-05 7.75998980e-05 7.69598129e-05 7.63148749e-05 7.56652701e-05 7.50111823e-05 7.43527938e-05 7.36902847e-05 7.30238329e-05 7.23536145e-05 7.16798031e-05 7.10025701e-05 7.03220845e-05 6.96385133e-05 6.89520206e-05 6.82627683e-05 6.75709159e-05 6.68766201e-05 6.61800352e-05 6.54813131e-05 6.47806028e-05 6.40780508e-05 6.33738010e-05 6.26679946e-05 6.19607703e-05 6.12522640e-05 6.05426088e-05 5.98319356e-05 5.91203721e-05 5.84080438e-05 5.76950732e-05 5.69815804e-05 5.62676829e-05 5.55534953e-05 5.48391298e-05 5.41246962e-05 5.34103014e-05 5.26960500e-05 5.19820439e-05 5.12683827e-05 5.05551634e-05
1.00000000e-04 9.31071804e-05 8.12058250e-05 8.00526974e-05 8.06134726e-05 8.12230063e-05 8.18267572e-05 8.24241071e-05 8.30148553e-05 8.35988012e-05 8.41757436e-05 8.47454807e-05 8.53078104e-05 8.58625303e-05 8.64094382e-05 8.69483317e-05 8.74790088e-05 8.80012680e-05 8.85149084e-05 8.90197298e-05 8.95155333e-05 9.00021207e-05 9.04792956e-05 9.09468629e-05 9.14046293e-05 9.18524036e-05 9.24743552e-05 9.32700460e-05 9.40499869e-05 9.48135469e-05 9.55601011e-05 9.62890313e-05 9.69997269e-05 9.76915867e-05 9.83640190e-05 9.90164432e-05 9.96482906e-05 1.00259005e-04 1.00848045e-04 1.01414884e-04 1.01959010e-04 1.02479928e-04 1.02977163e-04 1.03450255e-04 1.03898767e-04 1.04322279e-04 1.04720394e-04 1.05092738e-04 1.05438956e-04 1.05758719e-04 1.06051721e-04 1.06317682e-04 1.06556344e-04 1.06767477e-04 1.06950877e-04 1.07106365e-04 1.07233791e-04 1.07333028e-04 1.07403982e-04 1.07446582e-04 1.07460786e-04 1.07446582e-04 1.07403982e-04 1.07333028e-04 1.07233791e-04 1.07106365e-04 1.06950877e-04 1.06767477e-04 1.06556344e-04 1.06317682e-04 1.06051721e-04 1.05758719e-04 1.05438956e-04 1.05092738e-04 1.04720394e-04 1.04322279e-04 1.03898767e-04 1.03450255e-04 1.02977163e-04 1.02479928e-04 1.01959010e-04 1.01414884e-04 1.00848045e-04 1.00259005e-04 9.96482906e-05 9.90164432e-05 9.83640190e-05 9.76915867e-05 9.69997269e-05 9.62890313e-05 9.55601011e-05 9.48135469e-05 9.40499869e-05 9.32700460e-05 9.24743552e-05 9.18524036e-05 9.14046293e-05 9.09468629e-05 9.04792956e-05 9.00021207e-05 8.95155333e-05 8.90197298e-05 8.85149084e-05 8.80012680e-05 8.74790088e-05 8.69483317e-05 8.64094382e-05 8.58625303e-05 8.53078104e-05 8.47454807e-05 8.41757436e-05 8.35988012e-05 8.30148553e-05 8.24241071e-05 8.18267572e-05 8.12230055e-05 8.06130507e-05 7.99970909e-05 7.93753225e-05 7.87479410e-05 7.81151403e-05 7.74771128e-05 7.68340495e-05 7.61861394e-05 7.55335698e-05 7.48765261e-05 7.42151919e-05 7.35497484e-05 7.28803751e-05 7.22072489e-05 7.15305448e-05 7.08504352e-05 7.01670904e-05 6.94806781e-05 6.87913636e-05 6.80993098e-05 6.74046769e-05 6.67076227e-05 6.60083024e-05 6.53068684e-05 6.46034706e-05 6.38982563e-05 6.31913701e-05 6.24829538e-05 6.17731466e-05 6.10620851e-05 6.03499031e-05 5.96367317e-05 5.89226994e-05 5.82079319e-05 5.74925522e-05 5.67766809e-05 5.60604356e-05 5.53439315e-05 5.46272811e-05 5.39105942e-05 5.31939783e-05 5.24775379e-05 5.17613754e-05 5.10455903e-05 5.03302800e-05
1.00000000e-04 9.30583300e-05 8.10977495e-05 7.99411648e-05 8.05047489e-05 8.11172836e-05 8.17240325e-05 8.23243740e-05 8.29181058e-05 8.35050254e-05 8.40849299e-05 8.46576155e-05 8.52228784e-05 8.57805142e-05 8.63303186e-05 8.68720875e-05 8.74056169e-05 8.79307032e-05 8.84471435e-05 8.89547357e-05 8.94532787e-05 8.99425724e-05 9.04224182e-05 9.08926190e-05 9.15659544e-05 9.24028362e-05 9.32250901e-05 9.40320645e-05 9.48231113e-05 9.55975878e-05 9.63548567e-05 9.70942880e-05 9.78152594e-05 9.85171576e-05 9.91993796e-05 9.98613332e-05 1.00502438e-04 1.01122128e-04 1.01719850e-04 1.02295065e-04 1.02847254e-04 1.03375911e-04 1.03880549e-04 1.04360702e-04 1.04815921e-04 1.05245780e-04 1.05649872e-04 1.06027816e-04 1.06379249e-04 1.06703837e-04 1.07001266e-04 1.07271250e-04 1.07513526e-04 1.07727860e-04 1.07914042e-04 1.08071891e-04 1.08201253e-04 1.08301999e-04 1.08374031e-04 1.08417279e-04 1.08431700e-04 1.08417279e-04 1.08374031e-04 1.08301999e-04 1.08201253e-04 1.08071891e-04 1.07914042e-04 1.07727860e-04 1.07513526e-04 1.07271250e-04 1.07001266e-04 1.06703837e-04 1.06379249e-04 1.06027816e-04 1.05649872e-04 1.05245780e-04 1.04815921e-04 1.04360702e-04 1.03880549e-04 1.03375911e-04 1.02847254e-04 1.02295065e-04 1.01719850e-04 1.01122128e-04 1.00502438e-04 9.98613332e-05 9.91993796e-05 9.85171576e-05 9.78152594e-05 9.70942880e-05 9.63548567e-05 9.55975878e-05 9.48231113e-05 9.40320645e-05 9.32250901e-05 9.24028362e-05 9.15659544e-05 9.08926190e-05 9.04224182e-05 8.99425724e-05 8.94532787e-05 8.89547357e-05 8.84471435e-05 8.79307032e-05 8.74056169e-05 8.68720875e-05 8.63303186e-05 8.57805142e-05 8.52228784e-05 8.46576155e-05 8.40849299e-05 8.35050254e-05 8.29181058e-05 8.23243740e-05 8.17240325e-05 8.11172828e-05 8.05043255e-05 7.98853601e-05 7.92605850e-05 7.86301971e-05 7.79943920e-05 7.73533635e-05 7.67073042e-05 7.60564044e-05 7.54008530e-05 7.47408367e-05 7.40765403e-05 7.34081466e-05 7.27358360e-05 7.20597869e-05 7.13801752e-05 7.06971746e-05 7.00109565e-05 6.93216895e-05 6.86295400e-05 6.79346719e-05 6.72372462e-05 6.65374217e-05 6.58353542e-05 6.51311972e-05 6.44251013e-05 6.37172144e-05 6.30076819e-05 6.22966462e-05 6.15842471e-05 6.08706219e-05 6.01559047e-05 5.94402274e-05 5.87237188e-05 5.80065050e-05 5.72887097e-05 5.65704536e-05 5.58518548e-05 5.51330288e-05 5.44140883e-05 5.36951436e-05 5.29763022e-05 5.22576690e-05 5.15393464e-05 5.08214344e-05 5.01040301e-05
1.00000000e-04 9.30089464e-05 8.09887714e-05 7.98287335e-05 8.03951455e-05 8.10107009e-05 8.16204678e-05 8.22238211e-05 8.28205569e-05 8.34104709e-05 8.39933583e-05 8.45690135e-05 8.51372306e-05 8.56978035e-05 8.62505259e-05 8.67951917e-05 8.73315948e-05 8.78595298e-05 8.83787916e-05 8.88891762e-05 8.93904802e-05 8.98825016e-05 9.05596487e-05 9.14358657e-05 9.22986356e-05 9.31472899e-05 9.39811615e-05 9.47995867e-05 9.56019052e-05 9.63874618e-05 9.71556072e-05 9.79056989e-05 9.86371027e-05 9.93491933e-05 1.00041356e-04 1.00712986e-04 1.01363493e-04 1.01992297e-04 1.02598837e-04 1.03182561e-04 1.03742940e-04 1.04279457e-04 1.04791617e-04 1.05278943e-04 1.05740977e-04 1.06177284e-04 1.06587450e-04 1.06971084e-04 1.07327817e-04 1.07657307e-04 1.07959235e-04 1.08233307e-04 1.08479256e-04 1.08696843e-04 1.08885853e-04 1.09046102e-04 1.09177430e-04 1.09279710e-04 1.09352839e-04 1.09396745e-04 1.09411386e-04 1.09396745e-04 1.09352839e-04 1.09279710e-04 1.09177430e-04 1.09046102e-04 1.08885853e-04 1.08696843e-04 1.08479256e-04 1.08233307e-04 1.07959235e-04 1.07657307e-04 1.07327817e-04 1.06971084e-04 1.06587450e-04 1.06177284e-04 1.05740977e-04 1.05278943e-04 1.04791617e-04 1.04279457e-04 1.03742940e-04 1.03182561e-04 1.02598837e-04 1.01992297e-04 1.01363493e-04 1.00712986e-04 1.00041356e-04 9.93491933e-05 9.86371027e-05 9.79056989e-05 9.71556072e-05 9.63874618e-05 9.56019052e-05 9.47995867e-05 9.39811615e-05 9.31472899e-05 9.22986356e-05 9.14358657e-05 9.05596487e-05 8.98825016e-05 8.93904802e-05 8.88891762e-05 8.83787916e-05 8.78595298e-05 8.73315948e-05 8.67951917e-05 8.62505259e-05 8.56978035e-05 8.51372306e-05 8.45690135e-05 8.39933583e-05 8.34104709e-05 8.28205569e-05 8.22238211e-05 8.16204678e-05 8.10107001e-05 8.03947206e-05 7.97727303e-05 7.91449294e-05 7.85115162e-05 7.78726881e-05 7.72286405e-05 7.65795672e-05 7.59256602e-05 7.52671098e-05 7.46041041e-05 7.39368292e-05 7.32654691e-05 7.25902056e-05 7.19112182e-05 7.12286841e-05 7.05427781e-05 6.98536725e-05 6.91615372e-05 6.84665395e-05 6.77688441e-05 6.70686133e-05 6.63660064e-05 6.56611803e-05 6.49542892e-05 6.42454844e-05 6.35349146e-05 6.28227259e-05 6.21090613e-05 6.13940614e-05 6.06778637e-05 5.99606033e-05 5.92424122e-05 5.85234199e-05 5.78037530e-05 5.70835355e-05 5.63628884e-05 5.56419304e-05 5.49207771e-05 5.41995416e-05 5.34783345e-05 5.27572633e-05 5.20364335e-05 5.13159474e-05 5.05959052e-05 4.98764043e-05
1.00000000e-04 9.29590219e-05 8.08788812e-05 7.97153945e-05 8.02846535e-05 8.09032495e-05 8.15160543e-05 8.21224399e-05 8.27222003e-05 8.33151294e-05 8.39010206e-05 8.44796665e-05 8.50508592e-05 8.56143906e-05 8.61700526e-05 8.67176369e-05 8.72569355e-05 8.77877409e-05 8.83098461e-05 8.88230447e-05 8.94581585e-05 9.03717054e-05 9.12730376e-05 9.21614737e-05 9.30363318e-05 9.38969308e-05 9.47425916e-05 9.55726375e-05 9.63863959e-05 9.71831990e-05 9.79623850e-05 9.87232991e-05 9.94652945e-05 1.00187734e-04 1.00889990e-04 1.01571447e-04 1.02231501e-04 1.02869563e-04 1.03485058e-04 1.04077426e-04 1.04646124e-04 1.05190627e-04 1.05710428e-04 1.06205041e-04 1.06674000e-04 1.07116859e-04 1.07533196e-04 1.07922611e-04 1.08284730e-04 1.08619202e-04 1.08925701e-04 1.09203928e-04 1.09453610e-04 1.09674502e-04 1.09866387e-04 1.10029074e-04 1.10162402e-04 1.10266240e-04 1.10340484e-04 1.10385059e-04 1.10399923e-04 1.10385059e-04 1.10340484e-04 1.10266240e-04 1.10162402e-04 1.10029074e-04 1.09866387e-04 1.09674502e-04 1.09453610e-04 1.09203928e-04 1.08925701e-04 1.08619202e-04 1.08284730e-04 1.07922611e-04 1.07533196e-04 1.07116859e-04 1.06674000e-04 1.06205041e-04 1.05710428e-04 1.05190627e-04 1.04646124e-04 1.04077426e-04 1.03485058e-04 1.02869563e-04 1.02231501e-04 1.01571447e-04 1.00889990e-04 1.00187734e-04 9.94652945e-05 9.87232991e-05 9.79623850e-05 9.71831990e-05 9.63863959e-05 9.55726375e-05 9.47425916e-05 9.38969308e-05 9.30363318e-05 9.21614737e-05 9.12730376e-05 9.03717054e-05 8.94581585e-05 8.88230447e-05 8.83098461e-05 8.77877409e-05 8.72569355e-05 8.67176369e-05 8.61700526e-05 8.56143906e-05 8.50508592e-05 8.44796665e-05 8.39010206e-05 8.33151294e-05 8.27222003e-05 8.21224399e-05 8.15160543e-05 8.09032487e-05 8.02842270e-05 7.96591923e-05 7.90283462e-05 7.83918889e-05 7.77500191e-05 7.71029339e-05 7.64508287e-05 7.57938970e-05 7.51323303e-05 7.44663182e-05 7.37960483e-05 7.31217057e-05 7.24434735e-05 7.17615325e-05 7.10760610e-05 7.03872350e-05 6.96952279e-05 6.90002106e-05 6.83023514e-05 6.76018160e-05 6.68987675e-05 6.61933663e-05 6.54857700e-05 6.47761336e-05 6.40646092e-05 6.33513463e-05 6.26364915e-05 6.19201886e-05 6.12025788e-05 6.04838002e-05 5.97639883e-05 5.90432758e-05 5.83217925e-05 5.75996655e-05 5.68770193e-05 5.61539752e-05 5.54306522e-05 5.47071663e-05 5.39836309e-05 5.32601568e-05 5.25368518e-05 5.18138215e-05 5.10911686e-05 5.03689932e-05 4.96473930e-05
1.00000000e-04 9.29085484e-05 8.07680690e-05 7.96011382e-05 8.01732636e-05 8.07949201e-05 8.14107832e-05 8.20202215e-05 8.26230272e-05 8.32189924e-05 8.38079086e-05 8.43895665e-05 8.49637563e-05 8.55302679e-05 8.60888912e-05 8.66394158e-05 8.71816319e-05 8.77153296e-05 8.82645597e-05 8.92132942e-05 9.01510907e-05 9.10772587e-05 9.19911056e-05 9.28919373e-05 9.37790595e-05 9.46517785e-05 9.55094022e-05 9.63512414e-05 9.71766105e-05 9.79848292e-05 9.87752226e-05 9.95471234e-05 1.00299872e-04 1.01032819e-04 1.01745324e-04 1.02436760e-04 1.03106511e-04 1.03753976e-04 1.04378567e-04 1.04979714e-04 1.05556863e-04 1.06109478e-04 1.06637042e-04 1.07139059e-04 1.07615053e-04 1.08064569e-04 1.08487176e-04 1.08882467e-04 1.09250059e-04 1.09589593e-04 1.09900738e-04 1.10183187e-04 1.10436663e-04 1.10660915e-04 1.10855721e-04 1.11020886e-04 1.11156247e-04 1.11261669e-04 1.11337045e-04 1.11382301e-04 1.11397391e-04 1.11382301e-04 1.11337045e-04 1.11261669e-04 1.11156247e-04 1.11020886e-04 1.10855721e-04 1.10660915e-04 1.10436663e-04 1.10183187e-04 1.09900738e-04 1.09589593e-04 1.09250059e-04 1.08882467e-04 1.08487176e-04 1.08064569e-04 1.07615053e-04 1.07139059e-04 1.06637042e-04 1.06109478e-04 1.05556863e-04 1.04979714e-04 1.04378567e-04 1.03753976e-04 1.03106511e-04 1.02436760e-04 1.01745324e-04 1.01032819e-04 1.00299872e-04 9.95471234e-05 9.87752226e-05 9.79848292e-05 9.71766105e-05 9.63512414e-05 9.55094022e-05 9.46517785e-05 9.37790595e-05 9.28919373e-05 9.19911056e-05 9.10772587e-05 9.01510907e-05 8.92132942e-05 8.82645597e-05 8.77153296e-05 8.71816319e-05 8.66394158e-05 8.60888912e-05 8.55302679e-05 8.49637563e-05 8.43895665e-05 8.38079086e-05 8.32189924e-05 8.26230272e-05 8.20202215e-05 8.14107832e-05 8.07949193e-05 8.01728355e-05 7.95447367e-05 7.89108260e-05 7.82713054e-05 7.76263752e-05 7.69762341e-05 7.63210789e-05 7.56611046e-05 7.49965043e-05 7.43274689e-05 7.36541873e-05 7.29768460e-05 7.22956293e-05 7.16107193e-05 7.09222955e-05 7.02305349e-05 6.95356121e-05 6.88376991e-05 6.81369650e-05 6.74335768e-05 6.67276982e-05 6.60194907e-05 6.53091126e-05 6.45967198e-05 6.38824651e-05 6.31664988e-05 6.24489681e-05 6.17300175e-05 6.10097888e-05 6.02884207e-05 5.95660492e-05 5.88428075e-05 5.81188260e-05 5.73942321e-05 5.66691507e-05 5.59437036e-05 5.52180100e-05 5.44921863e-05 5.37663461e-05 5.30406005e-05 5.23150577e-05 5.15898233e-05 5.08650002e-05 5.01406887e-05 4.94169866e-05
1.00000000e-04 9.28575177e-05 8.06563248e-05 7.94859553e-05 8.00609665e-05 8.06857036e-05 8.13046454e-05 8.19171571e-05 8.25230290e-05 8.31220515e-05 8.37140140e-05 8.42987054e-05 8.48759139e-05 8.54454275e-05 8.60070340e-05 8.65605210e-05 8.71056766e-05 8.79639189e-05 8.89359505e-05 8.98976618e-05 9.08483533e-05 9.17873223e-05 9.27138635e-05 9.36272701e-05 9.45268351e-05 9.54118516e-05 9.62816149e-05 9.71354225e-05 9.79725760e-05 9.87923818e-05 9.95941522e-05 1.00377207e-04 1.01140873e-04 1.01884489e-04 1.02607402e-04 1.03308972e-04 1.03988570e-04 1.04645584e-04 1.05279414e-04 1.05889479e-04 1.06475213e-04 1.07036069e-04 1.07571520e-04 1.08081060e-04 1.08564201e-04 1.09020481e-04 1.09449460e-04 1.09850722e-04 1.10223875e-04 1.10568554e-04 1.10884420e-04 1.11171161e-04 1.11428492e-04 1.11656159e-04 1.11853933e-04 1.12021618e-04 1.12159045e-04 1.12266076e-04 1.12342604e-04 1.12388551e-04 1.12403872e-04 1.12388551e-04 1.12342604e-04 1.12266076e-04 1.12159045e-04 1.12021618e-04 1.11853933e-04 1.11656159e-04 1.11428492e-04 1.11171161e-04 1.10884420e-04 1.10568554e-04 1.10223875e-04 1.09850722e-04 1.09449460e-04 1.09020481e-04 1.08564201e-04 1.08081060e-04 1.07571520e-04 1.07036069e-04 1.06475213e-04 1.05889479e-04 1.05279414e-04 1.04645584e-04 1.03988570e-04 1.03308972e-04 1.02607402e-04 1.01884489e-04 1.01140873e-04 1.00377207e-04 9.95941522e-05 9.87923818e-05 9.79725760e-05 9.71354225e-05 9.62816149e-05 9.54118516e-05 9.45268351e-05 9.36272701e-05 9.27138635e-05 9.17873223e-05 9.08483533e-05 8.98976618e-05 8.89359505e-05 8.79639189e-05 8.71056766e-05 8.65605210e-05 8.60070340e-05 8.54454275e-05 8.48759139e-05 8.42987054e-05 8.37140140e-05 8.31220515e-05 8.25230290e-05 8.19171571e-05 8.13046454e-05 8.06857028e-05 8.00605369e-05 7.94293540e-05 7.87923593e-05 7.81497562e-05 7.75017467e-05 7.68485311e-05 7.61903077e-05 7.55272730e-05 7.48596216e-05 7.41875458e-05 7.35112358e-05 7.28308796e-05 7.21466626e-05 7.14587681e-05 7.07673769e-05 7.00726672e-05 6.93748145e-05 6.86739919e-05 6.79703697e-05 6.72641156e-05 6.65553946e-05 6.58443687e-05 6.51311972e-05 6.44160369e-05 6.36990412e-05 6.29803612e-05 6.22601449e-05 6.15385373e-05 6.08156807e-05 6.00917146e-05 5.93667754e-05 5.86409969e-05 5.79145099e-05 5.71874423e-05 5.64599193e-05 5.57320632e-05 5.50039934e-05 5.42758267e-05 5.35476771e-05 5.28196557e-05 5.20918710e-05 5.13644288e-05 5.06374323e-05 4.99109819e-05 4.91851754e-05
1.00000000e-04 9.28059215e-05 8.05436387e-05 7.93698362e-05 7.99477527e-05 8.05755908e-05 8.11976318e-05 8.18132376e-05 8.24221968e-05 8.30242978e-05 8.36193282e-05 8.42070748e-05 8.47873239e-05 8.53598615e-05 8.59244733e-05 8.66271908e-05 8.76311120e-05 8.86260533e-05 8.96113127e-05 9.05861828e-05 9.15499518e-05 9.25019042e-05 9.34413220e-05 9.43674854e-05 9.52796743e-05 9.61771689e-05 9.70592510e-05 9.79252050e-05 9.87743190e-05 9.96058862e-05 1.00419206e-04 1.01213584e-04 1.01988335e-04 1.02742784e-04 1.03476266e-04 1.04188126e-04 1.04877726e-04 1.05544438e-04 1.06187653e-04 1.06806777e-04 1.07401232e-04 1.07970460e-04 1.08513924e-04 1.09031106e-04 1.09521510e-04 1.09984663e-04 1.10420117e-04 1.10827446e-04 1.11206250e-04 1.11556158e-04 1.11876822e-04 1.12167924e-04 1.12429175e-04 1.12660312e-04 1.12861104e-04 1.13031349e-04 1.13170876e-04 1.13279543e-04 1.13357241e-04 1.13403891e-04 1.13419447e-04 1.13403891e-04 1.13357241e-04 1.13279543e-04 1.13170876e-04 1.13031349e-04 1.12861104e-04 1.12660312e-04 1.12429175e-04 1.12167924e-04 1.11876822e-04 1.11556158e-04 1.11206250e-04 1.10827446e-04 1.10420117e-04 1.09984663e-04 1.09521510e-04 1.09031106e-04 1.08513924e-04 1.07970460e-04 1.07401232e-04 1.06806777e-04 1.06187653e-04 1.05544438e-04 1.04877726e-04 1.04188126e-04 1.03476266e-04 1.02742784e-04 1.01988335e-04 1.01213584e-04 1.00419206e-04 9.96058862e-05 9.87743190e-05 9.79252050e-05 9.70592510e-05 9.61771689e-05 9.52796743e-05 9.43674854e-05 9.34413220e-05 9.25019042e-05 9.15499518e-05 9.05861828e-05 8.96113127e-05 8.86260533e-05 8.76311120e-05 8.66271908e-05 8.59244733e-05 8.53598615e-05 8.47873239e-05 8.42070748e-05 8.36193282e-05 8.30242978e-05 8.24221968e-05 8.18132376e-05 8.11976318e-05 8.05755900e-05 7.99473216e-05 7.93130347e-05 7.86729362e-05 7.80272313e-05 7.73761235e-05 7.67198147e-05 7.60585049e-05 7.53923920e-05 7.47216719e-05 7.40465386e-05 7.33671835e-05 7.26837959e-05 7.19965626e-05 7.13056682e-05 7.06112945e-05 6.99136209e-05 6.92128241e-05 6.85090782e-05 6.78025545e-05 6.70934218e-05 6.63818457e-05 6.56679894e-05 6.49520131e-05 6.42340740e-05 6.35143267e-05 6.27929228e-05 6.20700109e-05 6.13457369e-05 6.06202436e-05 5.98936710e-05 5.91661562e-05 5.84378333e-05 5.77088336e-05 5.69792855e-05 5.62493146e-05 5.55190435e-05 5.47885921e-05 5.40580773e-05 5.33276135e-05 5.25973120e-05 5.18672815e-05 5.11376281e-05 5.04084551e-05 4.96798629e-05 4.89519497e-05
1.00000000e-04 9.27537512e-05 8.04300003e-05 7.92527712e-05 7.98336128e-05 8.04645722e-05 8.10897331e-05 8.17084541e-05 8.23205218e-05 8.29257227e-05 8.35238426e-05 8.41146663e-05 8.46979781e-05 8.52735619e-05 8.62403843e-05 8.72661328e-05 8.82835654e-05 8.92919745e-05 9.02906457e-05 9.12788593e-05 9.22558907e-05 9.32210117e-05 9.41734910e-05 9.51125959e-05 9.60375928e-05 9.69477486e-05 9.78423315e-05 9.87206124e-05 9.95818660e-05 1.00425372e-04 1.01250415e-04 1.02056289e-04 1.02842295e-04 1.03607744e-04 1.04351957e-04 1.05074269e-04 1.05774026e-04 1.06450589e-04 1.07103337e-04 1.07731662e-04 1.08334976e-04 1.08912710e-04 1.09464315e-04 1.09989262e-04 1.10487046e-04 1.10957183e-04 1.11399216e-04 1.11812710e-04 1.12197258e-04 1.12552479e-04 1.12878020e-04 1.13173555e-04 1.13438788e-04 1.13673453e-04 1.13877312e-04 1.14050159e-04 1.14191820e-04 1.14302151e-04 1.14381039e-04 1.14428403e-04 1.14444197e-04 1.14428403e-04 1.14381039e-04 1.14302151e-04 1.14191820e-04 1.14050159e-04 1.13877312e-04 1.13673453e-04 1.13438788e-04 1.13173555e-04 1.12878020e-04 1.12552479e-04 1.12197258e-04 1.11812710e-04 1.11399216e-04 1.10957183e-04 1.10487046e-04 1.09989262e-04 1.09464315e-04 1.08912710e-04 1.08334976e-04 1.07731662e-04 1.07103337e-04 1.06450589e-04 1.05774026e-04 1.05074269e-04 1.04351957e-04 1.03607744e-04 1.02842295e-04 1.02056289e-04 1.01250415e-04 1.00425372e-04 9.95818660e-05 9.87206124e-05 9.78423315e-05 9.69477486e-05 9.60375928e-05 9.51125959e-05 9.41734910e-05 9.32210117e-05 9.22558907e-05 9.12788593e-05 9.02906457e-05 8.92919745e-05 8.82835654e-05 8.72661328e-05 8.62403843e-05 8.52735619e-05 8.46979781e-05 8.41146663e-05 8.35238426e-05 8.29257227e-05 8.23205218e-05 8.17084541e-05 8.10897331e-05 8.04645714e-05 7.98331801e-05 7.91957692e-05 7.85525471e-05 7.79037209e-05 7.72494957e-05 7.65900750e-05 7.59256602e-05 7.52564510e-05 7.45826447e-05 7.39044366e-05 7.32220196e-05 7.25355842e-05 7.18453187e-05 7.11514087e-05 7.04540374e-05 6.97533852e-05 6.90496300e-05 6.83429470e-05 6.76335085e-05 6.69214841e-05 6.62070406e-05 6.54903418e-05 6.47715490e-05 6.40508202e-05 6.33283105e-05 6.26041725e-05 6.18785554e-05 6.11516056e-05 6.04234667e-05 5.96942792e-05 5.89641806e-05 5.82333058e-05 5.75017863e-05 5.67697511e-05 5.60373260e-05 5.53046341e-05 5.45717956e-05 5.38389277e-05 5.31061450e-05 5.23735592e-05 5.16412792e-05 5.09094111e-05 5.01780584e-05 4.94473219e-05 4.87172996e-05
1.00000000e-04 9.27009982e-05 8.03153994e-05 7.91347504e-05 7.97185370e-05 8.03526383e-05 8.09809400e-05 8.16027972e-05 8.22179948e-05 8.28263174e-05 8.34275486e-05 8.40214714e-05 8.47678643e-05 8.58219036e-05 8.68690126e-05 8.79084876e-05 8.89396163e-05 8.99616789e-05 9.09739486e-05 9.19756929e-05 9.29661743e-05 9.39446515e-05 9.49103801e-05 9.58626138e-05 9.68006055e-05 9.77236083e-05 9.86308769e-05 9.95216682e-05 1.00395243e-04 1.01250867e-04 1.02087812e-04 1.02905358e-04 1.03702791e-04 1.04479409e-04 1.05234520e-04 1.05967445e-04 1.06677518e-04 1.07364087e-04 1.08026517e-04 1.08664190e-04 1.09276504e-04 1.09862880e-04 1.10422755e-04 1.10955592e-04 1.11460874e-04 1.11938109e-04 1.12386827e-04 1.12806587e-04 1.13196972e-04 1.13557593e-04 1.13888090e-04 1.14188130e-04 1.14457411e-04 1.14695661e-04 1.14902638e-04 1.15078131e-04 1.15221961e-04 1.15333982e-04 1.15414079e-04 1.15462170e-04 1.15478206e-04 1.15462170e-04 1.15414079e-04 1.15333982e-04 1.15221961e-04 1.15078131e-04 1.14902638e-04 1.14695661e-04 1.14457411e-04 1.14188130e-04 1.13888090e-04 1.13557593e-04 1.13196972e-04 1.12806587e-04 1.12386827e-04 1.11938109e-04 1.11460874e-04 1.10955592e-04 1.10422755e-04 1.09862880e-04 1.09276504e-04 1.08664190e-04 1.08026517e-04 1.07364087e-04 1.06677518e-04 1.05967445e-04 1.05234520e-04 1.04479409e-04 1.03702791e-04 1.02905358e-04 1.02087812e-04 1.01250867e-04 1.00395243e-04 9.95216682e-05 9.86308769e-05 9.77236083e-05 9.68006055e-05 9.58626138e-05 9.49103801e-05 9.39446515e-05 9.29661743e-05 9.19756929e-05 9.09739486e-05 8.99616789e-05 8.89396163e-05 8.79084876e-05 8.68690126e-05 8.58219036e-05 8.47678643e-05 8.40214714e-05 8.34275486e-05 8.28263174e-05 8.22179948e-05 8.16027972e-05 8.09809400e-05 8.03526375e-05 7.97181027e-05 7.90775475e-05 7.84311820e-05 7.77792149e-05 7.71218530e-05 7.64593015e-05 7.57917634e-05 7.51194397e-05 7.44425295e-05 7.37612292e-05 7.30757333e-05 7.23862338e-05 7.16929199e-05 7.09959788e-05 7.02955946e-05 6.95919491e-05 6.88852213e-05 6.81755873e-05 6.74632205e-05 6.67482915e-05 6.60309680e-05 6.53114149e-05 6.45897939e-05 6.38662642e-05 6.31409816e-05 6.24140992e-05 6.16857671e-05 6.09561323e-05 6.02253389e-05 5.94935281e-05 5.87608379e-05 5.80274036e-05 5.72933572e-05 5.65588282e-05 5.58239427e-05 5.50888243e-05 5.43535933e-05 5.36183674e-05 5.28832613e-05 5.21483870e-05 5.14138537e-05 5.06797676e-05 4.99462324e-05 4.92133489e-05 4.84812153e-05
1.00000000e-04 9.26476537e-05 8.01998255e-05 7.90157639e-05 7.96025156e-05 8.02397795e-05 8.08712430e-05 8.14962578e-05 8.21146068e-05 8.27260727e-05 8.33304373e-05 8.42976435e-05 8.53718463e-05 8.64398200e-05 8.75008583e-05 8.85542457e-05 8.95992577e-05 9.06351621e-05 9.16612194e-05 9.26766843e-05 9.36808061e-05 9.46728301e-05 9.56519984e-05 9.66175510e-05 9.75687270e-05 9.85047657e-05 9.94249075e-05 1.00328396e-04 1.01214476e-04 1.02082402e-04 1.02931429e-04 1.03760823e-04 1.04569859e-04 1.05357818e-04 1.06123996e-04 1.06867700e-04 1.07588250e-04 1.08284983e-04 1.08957248e-04 1.09604416e-04 1.10225874e-04 1.10821028e-04 1.11389307e-04 1.11930161e-04 1.12443062e-04 1.12927508e-04 1.13383021e-04 1.13809148e-04 1.14205465e-04 1.14571574e-04 1.14907108e-04 1.15211728e-04 1.15485124e-04 1.15727017e-04 1.15937163e-04 1.16115345e-04 1.16261380e-04 1.16375120e-04 1.16456446e-04 1.16505275e-04 1.16521557e-04 1.16505275e-04 1.16456446e-04 1.16375120e-04 1.16261380e-04 1.16115345e-04 1.15937163e-04 1.15727017e-04 1.15485124e-04 1.15211728e-04 1.14907108e-04 1.14571574e-04 1.14205465e-04 1.13809148e-04 1.13383021e-04 1.12927508e-04 1.12443062e-04 1.11930161e-04 1.11389307e-04 1.10821028e-04 1.10225874e-04 1.09604416e-04 1.08957248e-04 1.08284983e-04 1.07588250e-04 1.06867700e-04 1.06123996e-04 1.05357818e-04 1.04569859e-04 1.03760823e-04 1.02931429e-04 1.02082402e-04 1.01214476e-04 1.00328396e-04 9.94249075e-05 9.85047657e-05 9.75687270e-05 9.66175510e-05 9.56519984e-05 9.46728301e-05 9.36808061e-05 9.26766843e-05 9.16612194e-05 9.06351621e-05 8.95992577e-05 8.85542457e-05 8.75008583e-05 8.64398200e-05 8.53718463e-05 8.42976435e-05 8.33304373e-05 8.27260727e-05 8.21146068e-05 8.14962578e-05 8.08712430e-05 8.02397787e-05 7.96020798e-05 7.89583598e-05 7.83088308e-05 7.76537030e-05 7.69931852e-05 7.63274838e-05 7.56568038e-05 7.49813475e-05 7.43013154e-05 7.36169057e-05 7.29283140e-05 7.22357336e-05 7.15393553e-05 7.08393673e-05 7.01359551e-05 6.94293015e-05 6.87195866e-05 6.80069878e-05 6.72916793e-05 6.65738328e-05 6.58536169e-05 6.51311972e-05 6.44067367e-05 6.36803949e-05 6.29523287e-05 6.22226918e-05 6.14916349e-05 6.07593058e-05 6.00258492e-05 5.92914067e-05 5.85561170e-05 5.78201157e-05 5.70835355e-05 5.63465060e-05 5.56091541e-05 5.48716033e-05 5.41339745e-05 5.33963857e-05 5.26589518e-05 5.19217851e-05 5.11849947e-05 5.04486874e-05 4.97129667e-05 4.89779338e-05 4.82436869e-05
1.00000000e-04 9.25937087e-05 8.00832681e-05 7.88958018e-05 7.94855387e-05 8.01259860e-05 8.07606324e-05 8.13888262e-05 8.20103483e-05 8.26978752e-05 8.37965201e-05 8.48903475e-05 8.59786613e-05 8.70607543e-05 8.81359088e-05 8.92033969e-05 9.02624820e-05 9.13124190e-05 9.23524558e-05 9.33818338e-05 9.43997890e-05 9.54055530e-05 9.63983542e-05 9.73774187e-05 9.83419715e-05 9.92912376e-05 1.00224443e-04 1.01140817e-04 1.02039591e-04 1.02920003e-04 1.03781296e-04 1.04622721e-04 1.05443536e-04 1.06243012e-04 1.07020429e-04 1.07775079e-04 1.08506271e-04 1.09213326e-04 1.09895582e-04 1.10552396e-04 1.11183143e-04 1.11787217e-04 1.12364034e-04 1.12913034e-04 1.13433677e-04 1.13925451e-04 1.14387868e-04 1.14820466e-04 1.15222812e-04 1.15594499e-04 1.15935153e-04 1.16244427e-04 1.16522005e-04 1.16767603e-04 1.16980969e-04 1.17161884e-04 1.17310161e-04 1.17425648e-04 1.17508223e-04 1.17557803e-04 1.17574335e-04 1.17557803e-04 1.17508223e-04 1.17425648e-04 1.17310161e-04 1.17161884e-04 1.16980969e-04 1.16767603e-04 1.16522005e-04 1.16244427e-04 1.15935153e-04 1.15594499e-04 1.15222812e-04 1.14820466e-04 1.14387868e-04 1.13925451e-04 1.13433677e-04 1.12913034e-04 1.12364034e-04 1.11787217e-04 1.11183143e-04 1.10552396e-04 1.09895582e-04 1.09213326e-04 1.08506271e-04 1.07775079e-04 1.07020429e-04 1.06243012e-04 1.05443536e-04 1.04622721e-04 1.03781296e-04 1.02920003e-04 1.02039591e-04 1.01140817e-04 1.00224443e-04 9.92912376e-05 9.83419715e-05 9.73774187e-05 9.63983542e-05 9.54055530e-05 9.43997890e-05 9.33818338e-05 9.23524558e-05 9.13124190e-05 9.02624820e-05 8.92033969e-05 8.81359088e-05 8.70607543e-05 8.59786613e-05 8.48903475e-05 8.37965201e-05 8.26978752e-05 8.20103483e-05 8.13888262e-05 8.07606324e-05 8.01259852e-05 7.94851013e-05 7.88381961e-05 7.81854833e-05 7.75271751e-05 7.68634818e-05 7.61946116e-05 7.55207708e-05 7.48421636e-05 7.41589918e-05 7.34714551e-05 7.27797505e-05 7.20840727e-05 7.13846138e-05 7.06815632e-05 6.99751076e-05 6.92654311e-05 6.85527149e-05 6.78371372e-05 6.71188736e-05 6.63980966e-05 6.56749757e-05 6.49496776e-05 6.42223658e-05 6.34932009e-05 6.27623404e-05 6.20299389e-05 6.12961476e-05 6.05611150e-05 5.98249863e-05 5.90879038e-05 5.83500067e-05 5.76114311e-05 5.68723100e-05 5.61327737e-05 5.53929491e-05 5.46529604e-05 5.39129287e-05 5.31729721e-05 5.24332061e-05 5.16937428e-05 5.09546920e-05 5.02161602e-05 4.94782513e-05 4.87410666e-05 4.80047043e-05
1.00000000e-04 9.25391540e-05 7.99657164e-05 7.87748537e-05 7.93675962e-05 8.00112479e-05 8.06490986e-05 8.12804930e-05 8.21477177e-05 8.32646933e-05 8.43775792e-05 8.54856808e-05 8.65882909e-05 8.76846907e-05 8.87741505e-05 8.98559302e-05 9.09292805e-05 9.19934438e-05 9.30476546e-05 9.40911410e-05 9.51231253e-05 9.61428254e-05 9.71494556e-05 9.81422278e-05 9.91203526e-05 1.00083041e-04 1.01029503e-04 1.01958955e-04 1.02870613e-04 1.03763701e-04 1.04637445e-04 1.05491084e-04 1.06323860e-04 1.07135030e-04 1.07923860e-04 1.08689628e-04 1.09431628e-04 1.10149168e-04 1.10841574e-04 1.11508187e-04 1.12148370e-04 1.12761506e-04 1.13346999e-04 1.13904275e-04 1.14432786e-04 1.14932007e-04 1.15401440e-04 1.15840615e-04 1.16249088e-04 1.16626445e-04 1.16972302e-04 1.17286306e-04 1.17568135e-04 1.17817498e-04 1.18034139e-04 1.18217832e-04 1.18368388e-04 1.18485650e-04 1.18569496e-04 1.18619838e-04 1.18636625e-04 1.18619838e-04 1.18569496e-04 1.18485650e-04 1.18368388e-04 1.18217832e-04 1.18034139e-04 1.17817498e-04 1.17568135e-04 1.17286306e-04 1.16972302e-04 1.16626445e-04 1.16249088e-04 1.15840615e-04 1.15401440e-04 1.14932007e-04 1.14432786e-04 1.13904275e-04 1.13346999e-04 1.12761506e-04 1.12148370e-04 1.11508187e-04 1.10841574e-04 1.10149168e-04 1.09431628e-04 1.08689628e-04 1.07923860e-04 1.07135030e-04 1.06323860e-04 1.05491084e-04 1.04637445e-04 1.03763701e-04 1.02870613e-04 1.01958955e-04 1.01029503e-04 1.00083041e-04 9.91203526e-05 9.81422278e-05 9.71494556e-05 9.61428254e-05 9.51231253e-05 9.40911410e-05 9.30476546e-05 9.19934438e-05 9.09292805e-05 8.98559302e-05 8.87741505e-05 8.76846907e-05 8.65882909e-05 8.54856808e-05 8.43775792e-05 8.32646933e-05 8.21477177e-05 8.12804930e-05 8.06490986e-05 8.00112471e-05 7.93671572e-05 7.87170461e-05 7.80611293e-05 7.73996207e-05 7.67327322e-05 7.60606739e-05 7.53836537e-05 7.47018771e-05 7.40155477e-05 7.33248664e-05 7.26300318e-05 7.19312399e-05 7.12286841e-05 7.05225551e-05 6.98130409e-05 6.91003266e-05 6.83845945e-05 6.76660242e-05 6.69447920e-05 6.62210715e-05 6.54950331e-05 6.47668445e-05 6.40366699e-05 6.33046708e-05 6.25710055e-05 6.18358291e-05 6.10992937e-05 6.03615484e-05 5.96227390e-05 5.88830082e-05 5.81424959e-05 5.74013386e-05 5.66596698e-05 5.59176201e-05 5.51753169e-05 5.44328847e-05 5.36904449e-05 5.29481159e-05 5.22060133e-05 5.14642497e-05 5.07229349e-05 4.99821756e-05 4.92420759e-05 4.85027370e-05 4.77642575e-05
1.00000000e-04 9.24839802e-05 7.98471595e-05 7.86529094e-05 7.92486780e-05 7.98955553e-05 8.05366317e-05 8.15676952e-05 8.27023983e-05 8.38337509e-05 8.49610607e-05 8.60836219e-05 8.72007160e-05 8.83116123e-05 8.94155690e-05 9.05118336e-05 9.15996442e-05 9.26782298e-05 9.37468118e-05 9.48046046e-05 9.58508166e-05 9.68846517e-05 9.79053098e-05 9.89119884e-05 9.99038835e-05 1.00880191e-04 1.01840107e-04 1.02782832e-04 1.03707568e-04 1.04613521e-04 1.05499907e-04 1.06365946e-04 1.07210868e-04 1.08033913e-04 1.08834333e-04 1.09611392e-04 1.10364370e-04 1.11092561e-04 1.11795275e-04 1.12471844e-04 1.13121614e-04 1.13743958e-04 1.14338265e-04 1.14903952e-04 1.15440457e-04 1.15947246e-04 1.16423810e-04 1.16869668e-04 1.17284368e-04 1.17667487e-04 1.18018634e-04 1.18337446e-04 1.18623596e-04 1.18876787e-04 1.19096755e-04 1.19283273e-04 1.19436145e-04 1.19555212e-04 1.19640350e-04 1.19691468e-04 1.19708513e-04 1.19691468e-04 1.19640350e-04 1.19555212e-04 1.19436145e-04 1.19283273e-04 1.19096755e-04 1.18876787e-04 1.18623596e-04 1.18337446e-04 1.18018634e-04 1.17667487e-04 1.17284368e-04 1.16869668e-04 1.16423810e-04 1.15947246e-04 1.15440457e-04 1.14903952e-04 1.14338265e-04 1.13743958e-04 1.13121614e-04 1.12471844e-04 1.11795275e-04 1.11092561e-04 1.10364370e-04 1.09611392e-04 1.08834333e-04 1.08033913e-04 1.07210868e-04 1.06365946e-04 1.05499907e-04 1.04613521e-04 1.03707568e-04 1.02782832e-04 1.01840107e-04 1.00880191e-04 9.99038835e-05 9.89119884e-05 9.79053098e-05 9.68846517e-05 9.58508166e-05 9.48046046e-05 9.37468118e-05 9.26782298e-05 9.15996442e-05 9.05118336e-05 8.94155690e-05 8.83116123e-05 8.72007160e-05 8.60836219e-05 8.49610607e-05 8.38337509e-05 8.27023983e-05 8.15676952e-05 8.05366317e-05 7.98955545e-05 7.92482374e-05 7.85948996e-05 7.79357583e-05 7.72710292e-05 7.66009260e-05 7.59256602e-05 7.52454415e-05 7.45604771e-05 7.38709719e-05 7.31771285e-05 7.24791466e-05 7.17772239e-05 7.10715549e-05 7.03623317e-05 6.96497434e-05 6.89339764e-05 6.82152141e-05 6.74936371e-05 6.67694229e-05 6.60427458e-05 6.53137775e-05 6.45826863e-05 6.38496374e-05 6.31147931e-05 6.23783123e-05 6.16403510e-05 6.09010619e-05 6.01605947e-05 5.94190958e-05 5.86767086e-05 5.79335733e-05 5.71898270e-05 5.64456037e-05 5.57010342e-05 5.49562465e-05 5.42113652e-05 5.34665122e-05 5.27218062e-05 5.19773629e-05 5.12332952e-05 5.04897130e-05 4.97467232e-05 4.90044301e-05 4.82629350e-05 4.75223363e-05
1.00000000e-04 9.24281779e-05 7.97275864e-05 7.85299584e-05 7.91287738e-05 7.98043726e-05 8.09581031e-05 8.21099067e-05 8.32591089e-05 8.44050211e-05 8.55469398e-05 8.66841483e-05 8.78159163e-05 8.89415012e-05 9.00601490e-05 9.11710946e-05 9.22735629e-05 9.33667697e-05 9.44499228e-05 9.55222227e-05 9.65828639e-05 9.76310357e-05 9.86659236e-05 9.96867103e-05 1.00692577e-04 1.01682704e-04 1.02656274e-04 1.03612469e-04 1.04550479e-04 1.05469494e-04 1.06368713e-04 1.07247342e-04 1.08104596e-04 1.08939699e-04 1.09751890e-04 1.10540417e-04 1.11304545e-04 1.12043554e-04 1.12756741e-04 1.13443423e-04 1.14102934e-04 1.14734633e-04 1.15337897e-04 1.15912129e-04 1.16456759e-04 1.16971238e-04 1.17455049e-04 1.17907700e-04 1.18328729e-04 1.18717705e-04 1.19074228e-04 1.19397928e-04 1.19688470e-04 1.19945551e-04 1.20168903e-04 1.20358292e-04 1.20513519e-04 1.20634421e-04 1.20720871e-04 1.20772777e-04 1.20790085e-04 1.20772777e-04 1.20720871e-04 1.20634421e-04 1.20513519e-04 1.20358292e-04 1.20168903e-04 1.19945551e-04 1.19688470e-04 1.19397928e-04 1.19074228e-04 1.18717705e-04 1.18328729e-04 1.17907700e-04 1.17455049e-04 1.16971238e-04 1.16456759e-04 1.15912129e-04 1.15337897e-04 1.14734633e-04 1.14102934e-04 1.13443423e-04 1.12756741e-04 1.12043554e-04 1.11304545e-04 1.10540417e-04 1.09751890e-04 1.08939699e-04 1.08104596e-04 1.07247342e-04 1.06368713e-04 1.05469494e-04 1.04550479e-04 1.03612469e-04 1.02656274e-04 1.01682704e-04 1.00692577e-04 9.96867103e-05 9.86659236e-05 9.76310357e-05 9.65828639e-05 9.55222227e-05 9.44499228e-05 9.33667697e-05 9.22735629e-05 9.11710946e-05 9.00601490e-05 8.89415012e-05 8.78159163e-05 8.66841483e-05 8.55469398e-05 8.44050211e-05 8.32591089e-05 8.21099067e-05 8.09581031e-05 7.98043722e-05 7.91283316e-05 7.84717461e-05 7.78093597e-05 7.71413899e-05 7.64680521e-05 7.57895595e-05 7.51061234e-05 7.44179525e-05 7.37252534e-05 7.30282300e-05 7.23270837e-05 7.16220132e-05 7.09132147e-05 7.02008813e-05 6.94852036e-05 6.87663690e-05 6.80445620e-05 6.73199644e-05 6.65927546e-05 6.58631080e-05 6.51311972e-05 6.43971914e-05 6.36612567e-05 6.29235560e-05 6.21842492e-05 6.14434929e-05 6.07014405e-05 5.99582423e-05 5.92140453e-05 5.84689934e-05 5.77232275e-05 5.69768850e-05 5.62301003e-05 5.54830048e-05 5.47357266e-05 5.39883910e-05 5.32411198e-05 5.24940322e-05 5.17472441e-05 5.10008685e-05 5.02550156e-05 4.95097925e-05 4.87653035e-05 4.80216500e-05 4.72789307e-05
1.00000000e-04 9.23717373e-05 7.96069859e-05 7.84059902e-05 7.91500749e-05 8.03192726e-05 8.14875260e-05 8.26539365e-05 8.38178195e-05 8.49784757e-05 8.61351907e-05 8.72872363e-05 8.84338706e-05 8.95743389e-05 9.07078745e-05 9.18336995e-05 9.29510256e-05 9.40590552e-05 9.51569821e-05 9.62439929e-05 9.73192675e-05 9.83819807e-05 9.94313032e-05 1.00466403e-04 1.01486445e-04 1.02490595e-04 1.03478020e-04 1.04447888e-04 1.05399371e-04 1.06331645e-04 1.07243892e-04 1.08135304e-04 1.09005080e-04 1.09852429e-04 1.10676574e-04 1.11476748e-04 1.12252201e-04 1.13002200e-04 1.13726026e-04 1.14422982e-04 1.15092390e-04 1.15733593e-04 1.16345958e-04 1.16928875e-04 1.17481760e-04 1.18004055e-04 1.18495231e-04 1.18954785e-04 1.19382248e-04 1.19777177e-04 1.20139164e-04 1.20467832e-04 1.20762839e-04 1.21023875e-04 1.21250666e-04 1.21442973e-04 1.21600594e-04 1.21723362e-04 1.21811146e-04 1.21863854e-04 1.21881429e-04 1.21863854e-04 1.21811146e-04 1.21723362e-04 1.21600594e-04 1.21442973e-04 1.21250666e-04 1.21023875e-04 1.20762839e-04 1.20467832e-04 1.20139164e-04 1.19777177e-04 1.19382248e-04 1.18954785e-04 1.18495231e-04 1.18004055e-04 1.17481760e-04 1.16928875e-04 1.16345958e-04 1.15733593e-04 1.15092390e-04 1.14422982e-04 1.13726026e-04 1.13002200e-04 1.12252201e-04 1.11476748e-04 1.10676574e-04 1.09852429e-04 1.09005080e-04 1.08135304e-04 1.07243892e-04 1.06331645e-04 1.05399371e-04 1.04447888e-04 1.03478020e-04 1.02490595e-04 1.01486445e-04 1.00466403e-04 9.94313032e-05 9.83819807e-05 9.73192675e-05 9.62439929e-05 9.51569821e-05 9.40590552e-05 9.29510256e-05 9.18336995e-05 9.07078745e-05 8.95743389e-05 8.84338706e-05 8.72872363e-05 8.61351907e-05 8.49784757e-05 8.38178195e-05 8.26539365e-05 8.14875260e-05 8.03192721e-05 7.91498429e-05 7.83475751e-05 7.76819230e-05 7.70106921e-05 7.63340997e-05 7.56523607e-05 7.49656881e-05 7.42742921e-05 7.35783808e-05 7.28781596e-05 7.21738314e-05 7.14655964e-05 7.07536519e-05 7.00381925e-05 6.93194098e-05 6.85974926e-05 6.78726265e-05 6.71449942e-05 6.64147753e-05 6.56821463e-05 6.49472804e-05 6.42103480e-05 6.34715159e-05 6.27309478e-05 6.19888045e-05 6.12452431e-05 6.05004178e-05 5.97544795e-05 5.90075758e-05 5.82598513e-05 5.75114470e-05 5.67625011e-05 5.60131483e-05 5.52635205e-05 5.45137462e-05 5.37639507e-05 5.30142565e-05 5.22647828e-05 5.15156459e-05 5.07669589e-05 5.00188322e-05 4.92713730e-05 4.85246857e-05 4.77788719e-05 4.70340302e-05
1.00000000e-04 9.23146486e-05 7.94853468e-05 7.84977477e-05 7.96518019e-05 8.08355999e-05 8.20185535e-05 8.31997514e-05 8.43784988e-05 8.55540857e-05 8.67257866e-05 8.78928616e-05 8.90545570e-05 9.02101057e-05 9.13587283e-05 9.24996338e-05 9.36320206e-05 9.47550773e-05 9.58679836e-05 9.69699116e-05 9.80600268e-05 9.91374891e-05 1.00201454e-04 1.01251074e-04 1.02285499e-04 1.03303880e-04 1.04305366e-04 1.05289110e-04 1.06254268e-04 1.07200002e-04 1.08125476e-04 1.09029867e-04 1.09912358e-04 1.10772142e-04 1.11608427e-04 1.12420430e-04 1.13207387e-04 1.13968549e-04 1.14703183e-04 1.15410577e-04 1.16090039e-04 1.16740900e-04 1.17362513e-04 1.17954254e-04 1.18515529e-04 1.19045768e-04 1.19544429e-04 1.20011000e-04 1.20445001e-04 1.20845981e-04 1.21213522e-04 1.21547241e-04 1.21846786e-04 1.22111843e-04 1.22342130e-04 1.22537405e-04 1.22697459e-04 1.22822123e-04 1.22911264e-04 1.22964787e-04 1.22982634e-04 1.22964787e-04 1.22911264e-04 1.22822123e-04 1.22697459e-04 1.22537405e-04 1.22342130e-04 1.22111843e-04 1.21846786e-04 1.21547241e-04 1.21213522e-04 1.20845981e-04 1.20445001e-04 1.20011000e-04 1.19544429e-04 1.19045768e-04 1.18515529e-04 1.17954254e-04 1.17362513e-04 1.16740900e-04 1.16090039e-04 1.15410577e-04 1.14703183e-04 1.13968549e-04 1.13207387e-04 1.12420430e-04 1.11608427e-04 1.10772142e-04 1.09912358e-04 1.09029867e-04 1.08125476e-04 1.07200002e-04 1.06254268e-04 1.05289110e-04 1.04305366e-04 1.03303880e-04 1.02285499e-04 1.01251074e-04 1.00201454e-04 9.91374891e-05 9.80600268e-05 9.69699116e-05 9.58679836e-05 9.47550773e-05 9.36320206e-05 9.24996338e-05 9.13587283e-05 9.02101057e-05 8.90545570e-05 8.78928616e-05 8.67257866e-05 8.55540857e-05 8.43784988e-05 8.31997514e-05 8.20185535e-05 8.08355994e-05 7.96515672e-05 7.84671181e-05 7.75534372e-05 7.68789248e-05 7.61990577e-05 7.55140528e-05 7.48241243e-05 7.41294844e-05 7.34303425e-05 7.27269058e-05 7.20193783e-05 7.13079618e-05 7.05928548e-05 6.98742534e-05 6.91523502e-05 6.84273354e-05 6.76993956e-05 6.69687146e-05 6.62354731e-05 6.54998486e-05 6.47620152e-05 6.40221441e-05 6.32804031e-05 6.25369567e-05 6.17919662e-05 6.10455898e-05 6.02979821e-05 5.95492947e-05 5.87996758e-05 5.80492704e-05 5.72982202e-05 5.65466638e-05 5.57947364e-05 5.50425701e-05 5.42902938e-05 5.35380333e-05 5.27859113e-05 5.20340471e-05 5.12825574e-05 5.05315555e-05 4.97811518e-05 4.90314539e-05 4.82825661e-05 4.75345901e-05 4.67876247e-05
1.00000000e-04 9.22569017e-05 7.93626576e-05 7.89863587e-05 8.01547424e-05 8.13533163e-05 8.25511491e-05 8.37473169e-05 8.49411145e-05 8.61318209e-05 8.73186995e-05 8.85009985e-05 8.96779522e-05 9.08487809e-05 9.20126924e-05 9.31688822e-05 9.43165353e-05 9.54548260e-05 9.65829201e-05 9.76999748e-05 9.88051408e-05 9.98975628e-05 1.00976381e-04 1.02040732e-04 1.03089751e-04 1.04122571e-04 1.05138327e-04 1.06136155e-04 1.07115195e-04 1.08074591e-04 1.09013495e-04 1.09931064e-04 1.10826465e-04 1.11698878e-04 1.12547491e-04 1.13371510e-04 1.14170151e-04 1.14942652e-04 1.15688266e-04 1.16406265e-04 1.17095943e-04 1.17756617e-04 1.18387627e-04 1.18988336e-04 1.19558137e-04 1.20096448e-04 1.20602717e-04 1.21076420e-04 1.21517067e-04 1.21924197e-04 1.22297385e-04 1.22636237e-04 1.22940396e-04 1.23209540e-04 1.23443382e-04 1.23641673e-04 1.23804201e-04 1.23930794e-04 1.24021314e-04 1.24075665e-04 1.24093788e-04 1.24075665e-04 1.24021314e-04 1.23930794e-04 1.23804201e-04 1.23641673e-04 1.23443382e-04 1.23209540e-04 1.22940396e-04 1.22636237e-04 1.22297385e-04 1.21924197e-04 1.21517067e-04 1.21076420e-04 1.20602717e-04 1.20096448e-04 1.19558137e-04 1.18988336e-04 1.18387627e-04 1.17756617e-04 1.17095943e-04 1.16406265e-04 1.15688266e-04 1.14942652e-04 1.14170151e-04 1.13371510e-04 1.12547491e-04 1.11698878e-04 1.10826465e-04 1.09931064e-04 1.09013495e-04 1.08074591e-04 1.07115195e-04 1.06136155e-04 1.05138327e-04 1.04122571e-04 1.03089751e-04 1.02040732e-04 1.00976381e-04 9.98975628e-05 9.88051408e-05 9.76999748e-05 9.65829201e-05 9.54548260e-05 9.43165353e-05 9.31688822e-05 9.20126924e-05 9.08487809e-05 8.96779522e-05 8.85009985e-05 8.73186995e-05 8.61318209e-05 8.49411145e-05 8.37473169e-05 8.25511491e-05 8.13533158e-05 8.01545050e-05 7.89553876e-05 7.77566167e-05 7.67460769e-05 7.60629150e-05 7.53746243e-05 7.46814207e-05 7.39835179e-05 7.32811271e-05 7.25744568e-05 7.18637126e-05 7.11490975e-05 7.04308116e-05 6.97090520e-05 6.89840129e-05 6.82558854e-05 6.75248573e-05 6.67911137e-05 6.60548361e-05 6.53162030e-05 6.45753896e-05 6.38325678e-05 6.30879063e-05 6.23415706e-05 6.15937226e-05 6.08445210e-05 6.00941215e-05 5.93426759e-05 5.85903333e-05 5.78372391e-05 5.70835355e-05 5.63293615e-05 5.55748528e-05 5.48201420e-05 5.40653582e-05 5.33106275e-05 5.25560728e-05 5.18018140e-05 5.10479676e-05 5.02946474e-05 4.95419638e-05 4.87900245e-05 4.80389341e-05 4.72887942e-05 4.65397036e-05
1.00000000e-04 9.21984862e-05 7.92602110e-05 7.94759714e-05 8.06588550e-05 8.18723822e-05 8.30852753e-05 8.42965976e-05 8.55056332e-05 8.67116502e-05 8.79139005e-05 8.91116206e-05 9.03040322e-05 9.14903430e-05 9.26697477e-05 9.38414284e-05 9.50045560e-05 9.61582908e-05 9.73017838e-05 9.84341775e-05 9.95546075e-05 1.00662203e-04 1.01756088e-04 1.02835384e-04 1.03899210e-04 1.04946682e-04 1.05976920e-04 1.06989043e-04 1.07982174e-04 1.08955441e-04 1.09907978e-04 1.10838927e-04 1.11747439e-04 1.12632675e-04 1.13493810e-04 1.14330032e-04 1.15140542e-04 1.15924563e-04 1.16681330e-04 1.17410104e-04 1.18110162e-04 1.18780807e-04 1.19421365e-04 1.20031188e-04 1.20609654e-04 1.21156169e-04 1.21670170e-04 1.22151122e-04 1.22598524e-04 1.23011906e-04 1.23390833e-04 1.23734904e-04 1.24043754e-04 1.24317052e-04 1.24554507e-04 1.24755865e-04 1.24920909e-04 1.25049462e-04 1.25141384e-04 1.25196577e-04 1.25214982e-04 1.25196577e-04 1.25141384e-04 1.25049462e-04 1.24920909e-04 1.24755865e-04 1.24554507e-04 1.24317052e-04 1.24043754e-04 1.23734904e-04 1.23390833e-04 1.23011906e-04 1.22598524e-04 1.22151122e-04 1.21670170e-04 1.21156169e-04 1.20609654e-04 1.20031188e-04 1.19421365e-04 1.18780807e-04 1.18110162e-04 1.17410104e-04 1.16681330e-04 1.15924563e-04 1.15140542e-04 1.14330032e-04 1.13493810e-04 1.12632675e-04 1.11747439e-04 1.10838927e-04 1.09907978e-04 1.08955441e-04 1.07982174e-04 1.06989043e-04 1.05976920e-04 1.04946682e-04 1.03899210e-04 1.02835384e-04 1.01756088e-04 1.00662203e-04 9.95546075e-05 9.84341775e-05 9.73017838e-05 9.61582908e-05 9.50045560e-05 9.38414284e-05 9.26697477e-05 9.14903430e-05 9.03040322e-05 8.91116206e-05 8.79139005e-05 8.67116502e-05 8.55056332e-05 8.42965976e-05 8.30852753e-05 8.18723818e-05 8.06586150e-05 7.94446556e-05 7.82311658e-05 7.70187896e-05 7.59256602e-05 7.52340638e-05 7.45375657e-05 7.38363811e-05 7.31307229e-05 7.24208009e-05 7.17068224e-05 7.09889917e-05 7.02675102e-05 6.95425765e-05 6.88143858e-05 6.80831304e-05 6.73489996e-05 6.66121792e-05 6.58728519e-05 6.51311972e-05 6.43873913e-05 6.36416068e-05 6.28940135e-05 6.21447774e-05 6.13940614e-05 6.06420248e-05 5.98888239e-05 5.91346113e-05 5.83795365e-05 5.76237455e-05 5.68673810e-05 5.61105825e-05 5.53534861e-05 5.45962246e-05 5.38389277e-05 5.30817217e-05 5.23247298e-05 5.15680721e-05 5.08118654e-05 5.00562235e-05 4.93012572e-05 4.85470741e-05 4.77937790e-05 4.70414735e-05 4.62902566e-05
1.00000000e-04 9.21393916e-05 7.97470354e-05 7.99665416e-05 8.11640975e-05 8.23927571e-05 8.36208934e-05 8.48475566e-05 8.60720202e-05 8.72935411e-05 8.85113596e-05 8.97247000e-05 9.09327716e-05 9.21347693e-05 9.33298743e-05 9.45172550e-05 9.56960682e-05 9.68654598e-05 9.80245660e-05 9.91725141e-05 1.00308424e-04 1.01431410e-04 1.02540579e-04 1.03635038e-04 1.04713887e-04 1.05776228e-04 1.06821163e-04 1.07847794e-04 1.08855228e-04 1.09842575e-04 1.10808954e-04 1.11753489e-04 1.12675313e-04 1.13573573e-04 1.14447425e-04 1.15296042e-04 1.16118609e-04 1.16914331e-04 1.17682430e-04 1.18422150e-04 1.19132755e-04 1.19813532e-04 1.20463794e-04 1.21082877e-04 1.21670149e-04 1.22225003e-04 1.22746862e-04 1.23235183e-04 1.23689451e-04 1.24109189e-04 1.24493950e-04 1.24843326e-04 1.25156944e-04 1.25434466e-04 1.25675595e-04 1.25880071e-04 1.26047672e-04 1.26178218e-04 1.26271566e-04 1.26327615e-04 1.26346305e-04 1.26327615e-04 1.26271566e-04 1.26178218e-04 1.26047672e-04 1.25880071e-04 1.25675595e-04 1.25434466e-04 1.25156944e-04 1.24843326e-04 1.24493950e-04 1.24109189e-04 1.23689451e-04 1.23235183e-04 1.22746862e-04 1.22225003e-04 1.21670149e-04 1.21082877e-04 1.20463794e-04 1.19813532e-04 1.19132755e-04 1.18422150e-04 1.17682430e-04 1.16914331e-04 1.16118609e-04 1.15296042e-04 1.14447425e-04 1.13573573e-04 1.12675313e-04 1.11753489e-04 1.10808954e-04 1.09842575e-04 1.08855228e-04 1.07847794e-04 1.06821163e-04 1.05776228e-04 1.04713887e-04 1.03635038e-04 1.02540579e-04 1.01431410e-04 1.00308424e-04 9.91725141e-05 9.80245660e-05 9.68654598e-05 9.56960682e-05 9.45172550e-05 9.33298743e-05 9.21347693e-05 9.09327716e-05 8.97247000e-05 8.85113596e-05 8.72935411e-05 8.60720202e-05 8.48475566e-05 8.36208934e-05 8.23927567e-05 8.11638548e-05 7.99348779e-05 7.87064978e-05 7.74793672e-05 7.62541195e-05 7.50923598e-05 7.43925476e-05 7.36880622e-05 7.29791179e-05 7.22659261e-05 7.15486957e-05 7.08276322e-05 7.01029386e-05 6.93748145e-05 6.86434566e-05 6.79090584e-05 6.71718102e-05 6.64318989e-05 6.56895085e-05 6.49448191e-05 6.41980081e-05 6.34492490e-05 6.26987123e-05 6.19465649e-05 6.11929704e-05 6.04380890e-05 5.96820773e-05 5.89250888e-05 5.81672734e-05 5.74087777e-05 5.66497450e-05 5.58903150e-05 5.51306244e-05 5.43708064e-05 5.36109909e-05 5.28513046e-05 5.20918710e-05 5.13328103e-05 5.05742396e-05 4.98162729e-05 4.90590210e-05 4.83025918e-05 4.75470900e-05 4.67926175e-05 4.60392731e-05
1.00000000e-04 9.20796074e-05 8.02347024e-05 8.04580239e-05 8.16704259e-05 8.29143992e-05 8.41579635e-05 8.54001562e-05 8.66402400e-05 8.78774602e-05 8.91110455e-05 9.03402081e-05 9.15641444e-05 9.27820362e-05 9.39930512e-05 9.51963439e-05 9.63910566e-05 9.75763207e-05 9.87512570e-05 9.99149778e-05 1.01066587e-04 1.02205183e-04 1.03329857e-04 1.04439698e-04 1.05533791e-04 1.06611220e-04 1.07671070e-04 1.08712427e-04 1.09734379e-04 1.10736022e-04 1.11716453e-04 1.12674782e-04 1.13610126e-04 1.14521611e-04 1.15408379e-04 1.16269585e-04 1.17104399e-04 1.17912009e-04 1.18691621e-04 1.19442463e-04 1.20163783e-04 1.20854856e-04 1.21514978e-04 1.22143473e-04 1.22739695e-04 1.23303023e-04 1.23832870e-04 1.24328680e-04 1.24789928e-04 1.25216126e-04 1.25606819e-04 1.25961588e-04 1.26280053e-04 1.26561870e-04 1.26806734e-04 1.27014379e-04 1.27184580e-04 1.27317152e-04 1.27411950e-04 1.27468870e-04 1.27487850e-04 1.27468870e-04 1.27411950e-04 1.27317152e-04 1.27184580e-04 1.27014379e-04 1.26806734e-04 1.26561870e-04 1.26280053e-04 1.25961588e-04 1.25606819e-04 1.25216126e-04 1.24789928e-04 1.24328680e-04 1.23832870e-04 1.23303023e-04 1.22739695e-04 1.22143473e-04 1.21514978e-04 1.20854856e-04 1.20163783e-04 1.19442463e-04 1.18691621e-04 1.17912009e-04 1.17104399e-04 1.16269585e-04 1.15408379e-04 1.14521611e-04 1.13610126e-04 1.12674782e-04 1.11716453e-04 1.10736022e-04 1.09734379e-04 1.08712427e-04 1.07671070e-04 1.06611220e-04 1.05533791e-04 1.04439698e-04 1.03329857e-04 1.02205183e-04 1.01066587e-04 9.99149778e-05 9.87512570e-05 9.75763207e-05 9.63910566e-05 9.51963439e-05 9.39930512e-05 9.27820362e-05 9.15641444e-05 9.03402081e-05 8.91110455e-05 8.78774602e-05 8.66402400e-05 8.54001562e-05 8.41579635e-05 8.29143987e-05 8.16701805e-05 8.04260091e-05 7.91825656e-05 7.79405116e-05 7.67004890e-05 7.54631198e-05 7.42463547e-05 7.35385492e-05 7.28263002e-05 7.21098205e-05 7.13893203e-05 7.06650069e-05 6.99370844e-05 6.92057538e-05 6.84712131e-05 6.77336569e-05 6.69932766e-05 6.62502605e-05 6.55047932e-05 6.47570563e-05 6.40072276e-05 6.32554820e-05 6.25019904e-05 6.17469209e-05 6.09904375e-05 6.02327012e-05 5.94738694e-05 5.87140961e-05 5.79535318e-05 5.71923236e-05 5.64306153e-05 5.56685471e-05 5.49062560e-05 5.41438756e-05 5.33815361e-05 5.26193646e-05 5.18574848e-05 5.10960171e-05 5.03350789e-05 4.95747843e-05 4.88152442e-05 4.80565666e-05 4.72988564e-05 4.65422155e-05 4.57867426e-05
1.00000000e-04 9.20191226e-05 8.07231638e-05 8.09503716e-05 8.21777956e-05 8.34372652e-05 8.46964445e-05 8.59543574e-05 8.72102555e-05 8.84633729e-05 8.97129261e-05 9.09581150e-05 9.21981231e-05 9.34321189e-05 9.46592563e-05 9.58786756e-05 9.70895047e-05 9.82908598e-05 9.94818465e-05 1.00661561e-04 1.01829092e-04 1.02983521e-04 1.04123923e-04 1.05249370e-04 1.06358930e-04 1.07451670e-04 1.08526657e-04 1.09582961e-04 1.10619651e-04 1.11635805e-04 1.12630504e-04 1.13602840e-04 1.14551911e-04 1.15476828e-04 1.16376715e-04 1.17250708e-04 1.18097962e-04 1.18917648e-04 1.19708956e-04 1.20471098e-04 1.21203308e-04 1.21904842e-04 1.22574984e-04 1.23213045e-04 1.23818362e-04 1.24390304e-04 1.24928270e-04 1.25431692e-04 1.25900036e-04 1.26332801e-04 1.26729523e-04 1.27089775e-04 1.27413168e-04 1.27699351e-04 1.27948012e-04 1.28158880e-04 1.28331725e-04 1.28466357e-04 1.28562628e-04 1.28620434e-04 1.28639709e-04 1.28620434e-04 1.28562628e-04 1.28466357e-04 1.28331725e-04 1.28158880e-04 1.27948012e-04 1.27699351e-04 1.27413168e-04 1.27089775e-04 1.26729523e-04 1.26332801e-04 1.25900036e-04 1.25431692e-04 1.24928270e-04 1.24390304e-04 1.23818362e-04 1.23213045e-04 1.22574984e-04 1.21904842e-04 1.21203308e-04 1.20471098e-04 1.19708956e-04 1.18917648e-04 1.18097962e-04 1.17250708e-04 1.16376715e-04 1.15476828e-04 1.14551911e-04 1.13602840e-04 1.12630504e-04 1.11635805e-04 1.10619651e-04 1.09582961e-04 1.08526657e-04 1.07451670e-04 1.06358930e-04 1.05249370e-04 1.04123923e-04 1.02983521e-04 1.01829092e-04 1.00661561e-04 9.94818465e-05 9.82908598e-05 9.70895047e-05 9.58786756e-05 9.46592563e-05 9.34321189e-05 9.21981231e-05 9.09581150e-05 8.97129261e-05 8.84633729e-05 8.72102555e-05 8.59543574e-05 8.46964445e-05 8.34372648e-05 8.21775474e-05 8.09180025e-05 7.96593207e-05 7.84021728e-05 7.71472091e-05 7.58950597e-05 7.46463338e-05 7.34016198e-05 7.26722576e-05 7.19524717e-05 7.12286841e-05 7.05011035e-05 6.97699353e-05 6.90353820e-05 6.82976427e-05 6.75569134e-05 6.68133865e-05 6.60672513e-05 6.53186937e-05 6.45678961e-05 6.38150374e-05 6.30602931e-05 6.23038354e-05 6.15458327e-05 6.07864501e-05 6.00258492e-05 5.92641880e-05 5.85016211e-05 5.77382996e-05 5.69743712e-05 5.62099800e-05 5.54452668e-05 5.46803689e-05 5.39154203e-05 5.31505516e-05 5.23858901e-05 5.16215597e-05 5.08576812e-05 5.00943720e-05 4.93317464e-05 4.85699156e-05 4.78089876e-05 4.70490673e-05 4.62902566e-05 4.55326545e-05
1.00000000e-04 9.19579260e-05 8.12123704e-05 8.14435368e-05 8.26861602e-05 8.39613111e-05 8.52362941e-05 8.65101198e-05 8.77820288e-05 8.90512433e-05 9.03169678e-05 9.15783896e-05 9.28346793e-05 9.40849916e-05 9.53284665e-05 9.65642300e-05 9.77913951e-05 9.90090627e-05 1.00216323e-04 1.01412256e-04 1.02595935e-04 1.03766423e-04 1.04922780e-04 1.06064059e-04 1.07189313e-04 1.08297590e-04 1.09387940e-04 1.10459413e-04 1.11511064e-04 1.12541950e-04 1.13551136e-04 1.14537693e-04 1.15500705e-04 1.16439263e-04 1.17352473e-04 1.18239455e-04 1.19099346e-04 1.19931301e-04 1.20734492e-04 1.21508116e-04 1.22251389e-04 1.22963554e-04 1.23643880e-04 1.24291661e-04 1.24906223e-04 1.25486919e-04 1.26033138e-04 1.26544299e-04 1.27019855e-04 1.27459295e-04 1.27862147e-04 1.28227973e-04 1.28556376e-04 1.28846998e-04 1.29099520e-04 1.29313665e-04 1.29489197e-04 1.29625924e-04 1.29723694e-04 1.29782400e-04 1.29801975e-04 1.29782400e-04 1.29723694e-04 1.29625924e-04 1.29489197e-04 1.29313665e-04 1.29099520e-04 1.28846998e-04 1.28556376e-04 1.28227973e-04 1.27862147e-04 1.27459295e-04 1.27019855e-04 1.26544299e-04 1.26033138e-04 1.25486919e-04 1.24906223e-04 1.24291661e-04 1.23643880e-04 1.22963554e-04 1.22251389e-04 1.21508116e-04 1.20734492e-04 1.19931301e-04 1.19099346e-04 1.18239455e-04 1.17352473e-04 1.16439263e-04 1.15500705e-04 1.14537693e-04 1.13551136e-04 1.12541950e-04 1.11511064e-04 1.10459413e-04 1.09387940e-04 1.08297590e-04 1.07189313e-04 1.06064059e-04 1.04922780e-04 1.03766423e-04 1.02595935e-04 1.01412256e-04 1.00216323e-04 9.90090627e-05 9.77913951e-05 9.65642300e-05 9.53284665e-05 9.40849916e-05 9.28346793e-05 9.15783896e-05 9.03169678e-05 8.90512433e-05 8.77820288e-05 8.65101198e-05 8.52362941e-05 8.39613106e-05 8.26859092e-05 8.14108102e-05 8.01367137e-05 7.88642998e-05 7.75942273e-05 7.63271344e-05 7.50636380e-05 7.38043337e-05 7.25497954e-05 7.17938674e-05 7.10667745e-05 7.03359094e-05 6.96014788e-05 6.88636865e-05 6.81227330e-05 6.73788152e-05 6.66321271e-05 6.58828588e-05 6.51311972e-05 6.43773259e-05 6.36214247e-05 6.28636699e-05 6.21042345e-05 6.13432879e-05 6.05809958e-05 5.98175204e-05 5.90530205e-05 5.82876513e-05 5.75215645e-05 5.67549081e-05 5.59878268e-05 5.52204619e-05 5.44529511e-05 5.36854286e-05 5.29180255e-05 5.21508692e-05 5.13840840e-05 5.06177909e-05 4.98521074e-05 4.90871481e-05 4.83230241e-05 4.75598436e-05 4.67977116e-05 4.60367301e-05 4.52769979e-05
1.00000000e-04 9.18960062e-05 8.17022715e-05 8.19374703e-05 8.31954723e-05 8.44864912e-05 8.57774687e-05 8.70674021e-05 8.83555204e-05 8.96410343e-05 9.09231361e-05 9.22009999e-05 9.34737833e-05 9.47406273e-05 9.60006577e-05 9.72529857e-05 9.84967093e-05 9.97309140e-05 1.00954674e-04 1.02167054e-04 1.03367108e-04 1.04553885e-04 1.05726427e-04 1.06883769e-04 1.08024947e-04 1.09148990e-04 1.10254932e-04 1.11341803e-04 1.12408639e-04 1.13454482e-04 1.14478375e-04 1.15479374e-04 1.16456542e-04 1.17408953e-04 1.18335696e-04 1.19235872e-04 1.20108600e-04 1.20953019e-04 1.21768283e-04 1.22553572e-04 1.23308088e-04 1.24031057e-04 1.24721731e-04 1.25379391e-04 1.26003349e-04 1.26592944e-04 1.27147552e-04 1.27666578e-04 1.28149466e-04 1.28595693e-04 1.29004777e-04 1.29376270e-04 1.29709767e-04 1.30004901e-04 1.30261348e-04 1.30478825e-04 1.30657091e-04 1.30795947e-04 1.30895241e-04 1.30954862e-04 1.30974743e-04 1.30954862e-04 1.30895241e-04 1.30795947e-04 1.30657091e-04 1.30478825e-04 1.30261348e-04 1.30004901e-04 1.29709767e-04 1.29376270e-04 1.29004777e-04 1.28595693e-04 1.28149466e-04 1.27666578e-04 1.27147552e-04 1.26592944e-04 1.26003349e-04 1.25379391e-04 1.24721731e-04 1.24031057e-04 1.23308088e-04 1.22553572e-04 1.21768283e-04 1.20953019e-04 1.20108600e-04 1.19235872e-04 1.18335696e-04 1.17408953e-04 1.16456542e-04 1.15479374e-04 1.14478375e-04 1.13454482e-04 1.12408639e-04 1.11341803e-04 1.10254932e-04 1.09148990e-04 1.08024947e-04 1.06883769e-04 1.05726427e-04 1.04553885e-04 1.03367108e-04 1.02167054e-04 1.00954674e-04 9.97309140e-05 9.84967093e-05 9.72529857e-05 9.60006577e-05 9.47406273e-05 9.34737833e-05 9.22009999e-05 9.09231361e-05 8.96410343e-05 8.83555204e-05 8.70674021e-05 8.57774687e-05 8.44864907e-05 8.31952186e-05 8.19043829e-05 8.06146937e-05 7.93268400e-05 7.80414896e-05 7.67592887e-05 7.54808619e-05 7.42068119e-05 7.29377195e-05 7.16741433e-05 7.09035791e-05 7.01694121e-05 6.94317022e-05 6.86906547e-05 6.79464711e-05 6.71993497e-05 6.64494856e-05 6.56970701e-05 6.49422911e-05 6.41853330e-05 6.34263767e-05 6.26655996e-05 6.19031752e-05 6.11392738e-05 6.03740618e-05 5.96077023e-05 5.88403545e-05 5.80721743e-05 5.73033139e-05 5.65339220e-05 5.57641436e-05 5.49941203e-05 5.42239904e-05 5.34538885e-05 5.26839458e-05 5.19142902e-05 5.11450461e-05 5.03763346e-05 4.96082737e-05 4.88409778e-05 4.80745583e-05 4.73091235e-05 4.65447784e-05 4.57816250e-05 4.50197622e-05
1.00000000e-04 9.18333519e-05 8.21928153e-05 8.24321217e-05 8.37056834e-05 8.50127586e-05 8.63199235e-05 8.76261613e-05 8.89306898e-05 9.02327078e-05 9.15313949e-05 9.28259125e-05 9.41154045e-05 9.53989980e-05 9.66758045e-05 9.79449203e-05 9.92054279e-05 1.00456397e-04 1.01696886e-04 1.02925943e-04 1.04142605e-04 1.05345904e-04 1.06534864e-04 1.07708504e-04 1.08865838e-04 1.10005881e-04 1.11127646e-04 1.12230146e-04 1.13312398e-04 1.14373424e-04 1.15412251e-04 1.16427914e-04 1.17419458e-04 1.18385938e-04 1.19326426e-04 1.20240004e-04 1.21125773e-04 1.21982854e-04 1.22810384e-04 1.23607527e-04 1.24373467e-04 1.25107414e-04 1.25808605e-04 1.26476306e-04 1.27109814e-04 1.27708454e-04 1.28271588e-04 1.28798611e-04 1.29288952e-04 1.29742079e-04 1.30157497e-04 1.30534752e-04 1.30873428e-04 1.31173151e-04 1.31433589e-04 1.31654453e-04 1.31835498e-04 1.31976520e-04 1.32077363e-04 1.32137915e-04 1.32158106e-04 1.32137915e-04 1.32077363e-04 1.31976520e-04 1.31835498e-04 1.31654453e-04 1.31433589e-04 1.31173151e-04 1.30873428e-04 1.30534752e-04 1.30157497e-04 1.29742079e-04 1.29288952e-04 1.28798611e-04 1.28271588e-04 1.27708454e-04 1.27109814e-04 1.26476306e-04 1.25808605e-04 1.25107414e-04 1.24373467e-04 1.23607527e-04 1.22810384e-04 1.21982854e-04 1.21125773e-04 1.20240004e-04 1.19326426e-04 1.18385938e-04 1.17419458e-04 1.16427914e-04 1.15412251e-04 1.14373424e-04 1.13312398e-04 1.12230146e-04 1.11127646e-04 1.10005881e-04 1.08865838e-04 1.07708504e-04 1.06534864e-04 1.05345904e-04 1.04142605e-04 1.02925943e-04 1.01696886e-04 1.00456397e-04 9.92054279e-05 9.79449203e-05 9.66758045e-05 9.53989980e-05 9.41154045e-05 9.28259125e-05 9.15313949e-05 9.02327078e-05 8.89306898e-05 8.76261613e-05 8.63199235e-05 8.50127581e-05 8.37054268e-05 8.23986703e-05 8.10932085e-05 7.97897399e-05 7.84889408e-05 7.71914659e-05 7.58979475e-05 7.46089955e-05 7.33251974e-05 7.20471180e-05 7.07752999e-05 7.00015988e-05 6.92605928e-05 6.85162736e-05 6.77688441e-05 6.70185040e-05 6.62654492e-05 6.55098723e-05 6.47519622e-05 6.39919044e-05 6.32298807e-05 6.24660692e-05 6.17006445e-05 6.09337775e-05 6.01656355e-05 5.93963821e-05 5.86261773e-05 5.78551775e-05 5.70835355e-05 5.63114004e-05 5.55389178e-05 5.47662297e-05 5.39934748e-05 5.32207879e-05 5.24483007e-05 5.16761412e-05 5.09044341e-05 5.01333007e-05 4.93628592e-05 4.85932241e-05 4.78245070e-05 4.70568161e-05 4.62902566e-05 4.55249304e-05 4.47609365e-05
1.00000000e-04 9.17699510e-05 8.26839484e-05 8.29274390e-05 8.42167432e-05 8.55400653e-05 8.68636122e-05 8.81863535e-05 8.95074953e-05 9.08262242e-05 9.21417072e-05 9.34530927e-05 9.47595108e-05 9.60600745e-05 9.73538805e-05 9.86400101e-05 9.99175304e-05 1.01185495e-04 1.02442946e-04 1.03688913e-04 1.04922419e-04 1.06142476e-04 1.07348091e-04 1.08538264e-04 1.09711993e-04 1.10868272e-04 1.12006096e-04 1.13124460e-04 1.14222361e-04 1.15298802e-04 1.16352791e-04 1.17383344e-04 1.18389486e-04 1.19370256e-04 1.20324704e-04 1.21251896e-04 1.22150913e-04 1.23020858e-04 1.23860851e-04 1.24670038e-04 1.25447587e-04 1.26192690e-04 1.26904570e-04 1.27582476e-04 1.28225690e-04 1.28833524e-04 1.29405326e-04 1.29940477e-04 1.30438395e-04 1.30898536e-04 1.31320396e-04 1.31703508e-04 1.32047450e-04 1.32351838e-04 1.32616335e-04 1.32840643e-04 1.33024513e-04 1.33167738e-04 1.33270157e-04 1.33331654e-04 1.33352161e-04 1.33331654e-04 1.33270157e-04 1.33167738e-04 1.33024513e-04 1.32840643e-04 1.32616335e-04 1.32351838e-04 1.32047450e-04 1.31703508e-04 1.31320396e-04 1.30898536e-04 1.30438395e-04 1.29940477e-04 1.29405326e-04 1.28833524e-04 1.28225690e-04 1.27582476e-04 1.26904570e-04 1.26192690e-04 1.25447587e-04 1.24670038e-04 1.23860851e-04 1.23020858e-04 1.22150913e-04 1.21251896e-04 1.20324704e-04 1.19370256e-04 1.18389486e-04 1.17383344e-04 1.16352791e-04 1.15298802e-04 1.14222361e-04 1.13124460e-04 1.12006096e-04 1.10868272e-04 1.09711993e-04 1.08538264e-04 1.07348091e-04 1.06142476e-04 1.04922419e-04 1.03688913e-04 1.02442946e-04 1.01185495e-04 9.99175304e-05 9.86400101e-05 9.73538805e-05 9.60600745e-05 9.47595108e-05 9.34530927e-05 9.21417072e-05 9.08262242e-05 8.95074953e-05 8.81863535e-05 8.68636122e-05 8.55400648e-05 8.42164837e-05 8.28936204e-05 8.15722047e-05 8.02529442e-05 7.89365245e-05 7.76236084e-05 7.63148359e-05 7.50108244e-05 7.37121679e-05 7.24194377e-05 7.11331820e-05 6.98539258e-05 6.90881375e-05 6.83405303e-05 6.75898392e-05 6.68362650e-05 6.60800048e-05 6.53212524e-05 6.45601977e-05 6.37970272e-05 6.30319236e-05 6.22650659e-05 6.14966295e-05 6.07267862e-05 5.99557039e-05 5.91835470e-05 5.84104761e-05 5.76366482e-05 5.68622165e-05 5.60873307e-05 5.53121370e-05 5.45367777e-05 5.37613918e-05 5.29861146e-05 5.22110778e-05 5.14364100e-05 5.06622360e-05 4.98886774e-05 4.91158523e-05 4.83438755e-05 4.75728587e-05 4.68029101e-05 4.60341349e-05 4.52666352e-05 4.45005099e-05
1.00000000e-04 9.17057916e-05 8.31756160e-05 8.34233693e-05 8.47286004e-05 8.60683617e-05 8.74084875e-05 8.87479333e-05 9.00858936e-05 9.14215426e-05 9.27540347e-05 9.40825047e-05 9.54060690e-05 9.67238262e-05 9.80348581e-05 9.93382307e-05 1.00632995e-04 1.01918189e-04 1.03192837e-04 1.04455953e-04 1.05706540e-04 1.06943595e-04 1.08166105e-04 1.09373053e-04 1.10563416e-04 1.11736172e-04 1.12890295e-04 1.14024760e-04 1.15138547e-04 1.16230638e-04 1.17300021e-04 1.18345694e-04 1.19366663e-04 1.20361945e-04 1.21330573e-04 1.22271593e-04 1.23184068e-04 1.24067083e-04 1.24919740e-04 1.25741165e-04 1.26530510e-04 1.27286951e-04 1.28009694e-04 1.28697972e-04 1.29351052e-04 1.29968231e-04 1.30548844e-04 1.31092258e-04 1.31597879e-04 1.32065151e-04 1.32493559e-04 1.32882627e-04 1.33231923e-04 1.33541055e-04 1.33809678e-04 1.34037489e-04 1.34224232e-04 1.34369696e-04 1.34473717e-04 1.34536176e-04 1.34557004e-04 1.34536176e-04 1.34473717e-04 1.34369696e-04 1.34224232e-04 1.34037489e-04 1.33809678e-04 1.33541055e-04 1.33231923e-04 1.32882627e-04 1.32493559e-04 1.32065151e-04 1.31597879e-04 1.31092258e-04 1.30548844e-04 1.29968231e-04 1.29351052e-04 1.28697972e-04 1.28009694e-04 1.27286951e-04 1.26530510e-04 1.25741165e-04 1.24919740e-04 1.24067083e-04 1.23184068e-04 1.22271593e-04 1.21330573e-04 1.20361945e-04 1.19366663e-04 1.18345694e-04 1.17300021e-04 1.16230638e-04 1.15138547e-04 1.14024760e-04 1.12890295e-04 1.11736172e-04 1.10563416e-04 1.09373053e-04 1.08166105e-04 1.06943595e-04 1.05706540e-04 1.04455953e-04 1.03192837e-04 1.01918189e-04 1.00632995e-04 9.93382307e-05 9.80348581e-05 9.67238262e-05 9.54060690e-05 9.40825047e-05 9.27540347e-05 9.14215426e-05 9.00858936e-05 8.87479333e-05 8.74084875e-05 8.60683612e-05 8.47283381e-05 8.33891802e-05 8.20516273e-05 8.07163967e-05 7.93841828e-05 7.80556568e-05 7.67314666e-05 7.54122369e-05 7.40985685e-05 7.27910389e-05 7.14902020e-05 7.01965883e-05 6.89143233e-05 6.81634117e-05 6.74094431e-05 6.66526195e-05 6.58931393e-05 6.51311972e-05 6.43669844e-05 6.36006881e-05 6.28324922e-05 6.20625764e-05 6.12911172e-05 6.05182868e-05 5.97442541e-05 5.89691841e-05 5.81932380e-05 5.74165734e-05 5.66393442e-05 5.58617004e-05 5.50837887e-05 5.43057518e-05 5.35277291e-05 5.27498561e-05 5.19722652e-05 5.11950847e-05 5.04184400e-05 4.96424527e-05 4.88672412e-05 4.80929203e-05 4.73196018e-05 4.65473941e-05 4.57764023e-05 4.50067284e-05 4.42384714e-05
1.00000000e-04 9.16408614e-05 8.36677622e-05 8.39198579e-05 8.52412024e-05 8.65975970e-05 8.79545005e-05 8.93108540e-05 9.06658402e-05 9.20186210e-05 9.33683376e-05 9.47141114e-05 9.60550448e-05 9.73902216e-05 9.87187086e-05 1.00039556e-04 1.01351799e-04 1.02654459e-04 1.03946543e-04 1.05227048e-04 1.06494959e-04 1.07749255e-04 1.08988904e-04 1.10212870e-04 1.11420113e-04 1.12609589e-04 1.13780253e-04 1.14931062e-04 1.16060975e-04 1.17168954e-04 1.18253969e-04 1.19314995e-04 1.20351020e-04 1.21361042e-04 1.22344073e-04 1.23299140e-04 1.24225288e-04 1.25121581e-04 1.25987104e-04 1.26820965e-04 1.27622298e-04 1.28390261e-04 1.29124044e-04 1.29822865e-04 1.30485973e-04 1.31112652e-04 1.31702221e-04 1.32254035e-04 1.32767487e-04 1.33242010e-04 1.33677076e-04 1.34072200e-04 1.34426939e-04 1.34740895e-04 1.35013713e-04 1.35245086e-04 1.35434750e-04 1.35582491e-04 1.35688141e-04 1.35751579e-04 1.35772733e-04 1.35751579e-04 1.35688141e-04 1.35582491e-04 1.35434750e-04 1.35245086e-04 1.35013713e-04 1.34740895e-04 1.34426939e-04 1.34072200e-04 1.33677076e-04 1.33242010e-04 1.32767487e-04 1.32254035e-04 1.31702221e-04 1.31112652e-04 1.30485973e-04 1.29822865e-04 1.29124044e-04 1.28390261e-04 1.27622298e-04 1.26820965e-04 1.25987104e-04 1.25121581e-04 1.24225288e-04 1.23299140e-04 1.22344073e-04 1.21361042e-04 1.20351020e-04 1.19314995e-04 1.18253969e-04 1.17168954e-04 1.16060975e-04 1.14931062e-04 1.13780253e-04 1.12609589e-04 1.11420113e-04 1.10212870e-04 1.08988904e-04 1.07749255e-04 1.06494959e-04 1.05227048e-04 1.03946543e-04 1.02654459e-04 1.01351799e-04 1.00039556e-04 9.87187086e-05 9.73902216e-05 9.60550448e-05 9.47141114e-05 9.33683376e-05 9.20186210e-05 9.06658402e-05 8.93108540e-05 8.79545005e-05 8.65975965e-05 8.52409371e-05 8.38852950e-05 8.25314203e-05 8.11800396e-05 7.98318565e-05 7.84875506e-05 7.71477779e-05 7.58131701e-05 7.44843352e-05 7.31618567e-05 7.18462944e-05 7.05381840e-05 6.92380373e-05 6.79849045e-05 6.72276425e-05 6.64675543e-05 6.57048393e-05 6.49396935e-05 6.41723089e-05 6.34028739e-05 6.26315732e-05 6.18585877e-05 6.10840942e-05 6.03082661e-05 5.95312730e-05 5.87532803e-05 5.79744501e-05 5.71949404e-05 5.64149057e-05 5.56344966e-05 5.48538601e-05 5.40731394e-05 5.32924741e-05 5.25120003e-05 5.17318503e-05 5.09521531e-05 5.01730340e-05 4.93946148e-05 4.86170141e-05 4.78403468e-05 4.70647249e-05 4.62902566e-05 4.55170472e-05 4.47451987e-05 4.39748100e-05
1.00000000e-04 9.15751478e-05 8.41603294e-05 8.44168489e-05 8.57544948e-05 8.71277190e-05 8.85016009e-05 8.98750675e-05 9.12472894e-05 9.26174159e-05 9.39845750e-05 9.53478745e-05 9.67064024e-05 9.80592277e-05 9.94054019e-05 1.00743959e-04 1.02073919e-04 1.03394285e-04 1.04704047e-04 1.06002185e-04 1.07287666e-04 1.08559448e-04 1.09816484e-04 1.11057716e-04 1.12282086e-04 1.13488530e-04 1.14675983e-04 1.15843382e-04 1.16989665e-04 1.18113775e-04 1.19214660e-04 1.20291277e-04 1.21342593e-04 1.22367586e-04 1.23365246e-04 1.24334583e-04 1.25274621e-04 1.26184405e-04 1.27063001e-04 1.27909499e-04 1.28723013e-04 1.29502687e-04 1.30247690e-04 1.30957226e-04 1.31630527e-04 1.32266863e-04 1.32865537e-04 1.33425891e-04 1.33947305e-04 1.34429199e-04 1.34871034e-04 1.35272315e-04 1.35632589e-04 1.35951450e-04 1.36228535e-04 1.36463529e-04 1.36656164e-04 1.36806221e-04 1.36913527e-04 1.36977961e-04 1.36999446e-04 1.36977961e-04 1.36913527e-04 1.36806221e-04 1.36656164e-04 1.36463529e-04 1.36228535e-04 1.35951450e-04 1.35632589e-04 1.35272315e-04 1.34871034e-04 1.34429199e-04 1.33947305e-04 1.33425891e-04 1.32865537e-04 1.32266863e-04 1.31630527e-04 1.30957226e-04 1.30247690e-04 1.29502687e-04 1.28723013e-04 1.27909499e-04 1.27063001e-04 1.26184405e-04 1.25274621e-04 1.24334583e-04 1.23365246e-04 1.22367586e-04 1.21342593e-04 1.20291277e-04 1.19214660e-04 1.18113775e-04 1.16989665e-04 1.15843382e-04 1.14675983e-04 1.13488530e-04 1.12282086e-04 1.11057716e-04 1.09816484e-04 1.08559448e-04 1.07287666e-04 1.06002185e-04 1.04704047e-04 1.03394285e-04 1.02073919e-04 1.00743959e-04 9.94054019e-05 9.80592277e-05 9.67064024e-05 9.53478745e-05 9.39845750e-05 9.26174159e-05 9.12472894e-05 8.98750675e-05 8.85016009e-05 8.71277185e-05 8.57542266e-05 8.43819090e-05 8.30115259e-05 8.16438137e-05 8.02794849e-05 7.89192279e-05 7.75637065e-05 7.62135598e-05 7.48694026e-05 7.35318249e-05 7.22013921e-05 7.08786452e-05 6.95641007e-05 6.82582510e-05 6.70444241e-05 6.62810559e-05 6.55150914e-05 6.47467276e-05 6.39761577e-05 6.32035711e-05 6.24291534e-05 6.16530861e-05 6.08755473e-05 6.00967109e-05 5.93167472e-05 5.85358224e-05 5.77540991e-05 5.69717361e-05 5.61888881e-05 5.54057065e-05 5.46223384e-05 5.38389277e-05 5.30556143e-05 5.22725345e-05 5.14898210e-05 5.07076028e-05 4.99260057e-05 4.91451516e-05 4.83651590e-05 4.75861433e-05 4.68082162e-05 4.60314861e-05 4.52560584e-05 4.44820350e-05 4.37095146e-05
1.00000000e-04 9.18466157e-05 8.46532587e-05 8.49142849e-05 8.62684223e-05 8.76586740e-05 8.90497372e-05 9.04405244e-05 9.18301940e-05 9.32178825e-05 9.46027047e-05 9.59837543e-05 9.73601048e-05 9.87308104e-05 1.00094907e-04 1.01451412e-04 1.02799329e-04 1.04137644e-04 1.05465330e-04 1.06781348e-04 1.08084647e-04 1.09374168e-04 1.10648840e-04 1.11907591e-04 1.13149339e-04 1.14373001e-04 1.15577494e-04 1.16761732e-04 1.17924633e-04 1.19065120e-04 1.20182121e-04 1.21274570e-04 1.22341415e-04 1.23381612e-04 1.24394133e-04 1.25377966e-04 1.26332115e-04 1.27255606e-04 1.28147485e-04 1.29006824e-04 1.29832719e-04 1.30624293e-04 1.31380701e-04 1.32101128e-04 1.32784790e-04 1.33430942e-04 1.34038873e-04 1.34607909e-04 1.35137417e-04 1.35626805e-04 1.36075523e-04 1.36483065e-04 1.36848968e-04 1.37172815e-04 1.37454239e-04 1.37692916e-04 1.37888572e-04 1.38040984e-04 1.38149975e-04 1.38215420e-04 1.38237243e-04 1.38215420e-04 1.38149975e-04 1.38040984e-04 1.37888572e-04 1.37692916e-04 1.37454239e-04 1.37172815e-04 1.36848968e-04 1.36483065e-04 1.36075523e-04 1.35626805e-04 1.35137417e-04 1.34607909e-04 1.34038873e-04 1.33430942e-04 1.32784790e-04 1.32101128e-04 1.31380701e-04 1.30624293e-04 1.29832719e-04 1.29006824e-04 1.28147485e-04 1.27255606e-04 1.26332115e-04 1.25377966e-04 1.24394133e-04 1.23381612e-04 1.22341415e-04 1.21274570e-04 1.20182121e-04 1.19065120e-04 1.17924633e-04 1.16761732e-04 1.15577494e-04 1.14373001e-04 1.13149339e-04 1.11907591e-04 1.10648840e-04 1.09374168e-04 1.08084647e-04 1.06781348e-04 1.05465330e-04 1.04137644e-04 1.02799329e-04 1.01451412e-04 1.00094907e-04 9.87308104e-05 9.73601048e-05 9.59837543e-05 9.46027047e-05 9.32178825e-05 9.18301940e-05 9.04405244e-05 8.90497372e-05 8.76586735e-05 8.62681511e-05 8.48789648e-05 8.34918851e-05 8.21076583e-05 8.07270061e-05 7.93506254e-05 7.79791879e-05 7.66133404e-05 7.52537043e-05 7.39008761e-05 7.25554270e-05 7.12179030e-05 6.98888255e-05 6.85686912e-05 6.72579723e-05 6.60931107e-05 6.53238819e-05 6.45522861e-05 6.37785174e-05 6.30027662e-05 6.22252190e-05 6.14460584e-05 6.06654630e-05 5.98836077e-05 5.91006634e-05 5.83167971e-05 5.75321720e-05 5.67469472e-05 5.59612783e-05 5.51753169e-05 5.43892108e-05 5.36031040e-05 5.28171369e-05 5.20314461e-05 5.12461645e-05 5.04614216e-05 4.96773429e-05 4.88940509e-05 4.81116641e-05 4.73302978e-05 4.65500640e-05 4.57710712e-05 4.49934244e-05 4.42172258e-05 4.34425741e-05
1.00000000e-04 9.24332096e-05 8.51464896e-05 8.54121072e-05 8.67829278e-05 8.81904069e-05 8.95988564e-05 9.10071738e-05 9.24145053e-05 9.38199746e-05 9.52226828e-05 9.66217096e-05 9.80161138e-05 9.94049343e-05 1.00787191e-04 1.02161886e-04 1.03528004e-04 1.04884514e-04 1.06230373e-04 1.07564522e-04 1.08885892e-04 1.10193403e-04 1.11485968e-04 1.12762491e-04 1.14021873e-04 1.15263010e-04 1.16484796e-04 1.17686127e-04 1.18865899e-04 1.20023013e-04 1.21156376e-04 1.22264903e-04 1.23347519e-04 1.24403159e-04 1.25430775e-04 1.26429333e-04 1.27397819e-04 1.28335236e-04 1.29240613e-04 1.30113001e-04 1.30951476e-04 1.31755146e-04 1.32523145e-04 1.33254642e-04 1.33948837e-04 1.34604968e-04 1.35222309e-04 1.35800171e-04 1.36337909e-04 1.36834918e-04 1.37290634e-04 1.37704541e-04 1.38076167e-04 1.38405086e-04 1.38690921e-04 1.38933343e-04 1.39132072e-04 1.39286879e-04 1.39397583e-04 1.39464057e-04 1.39486223e-04 1.39464057e-04 1.39397583e-04 1.39286879e-04 1.39132072e-04 1.38933343e-04 1.38690921e-04 1.38405086e-04 1.38076167e-04 1.37704541e-04 1.37290634e-04 1.36834918e-04 1.36337909e-04 1.35800171e-04 1.35222309e-04 1.34604968e-04 1.33948837e-04 1.33254642e-04 1.32523145e-04 1.31755146e-04 1.30951476e-04 1.30113001e-04 1.29240613e-04 1.28335236e-04 1.27397819e-04 1.26429333e-04 1.25430775e-04 1.24403159e-04 1.23347519e-04 1.22264903e-04 1.21156376e-04 1.20023013e-04 1.18865899e-04 1.17686127e-04 1.16484796e-04 1.15263010e-04 1.14021873e-04 1.12762491e-04 1.11485968e-04 1.10193403e-04 1.08885892e-04 1.07564522e-04 1.06230373e-04 1.04884514e-04 1.03528004e-04 1.02161886e-04 1.00787191e-04 9.94049343e-05 9.80161138e-05 9.66217096e-05 9.52226828e-05 9.38199746e-05 9.24145053e-05 9.10071738e-05 8.95988564e-05 8.81904064e-05 8.67826536e-05 8.53764037e-05 8.39724376e-05 8.25715116e-05 8.11743566e-05 7.97816782e-05 7.83941561e-05 7.70124447e-05 7.56371722e-05 7.42689414e-05 7.29083292e-05 7.15558871e-05 7.02121410e-05 6.88775919e-05 6.75527154e-05 6.62379629e-05 6.51311972e-05 6.43563552e-05 6.35793742e-05 6.28004455e-05 6.20197565e-05 6.12374907e-05 6.04538277e-05 5.96689430e-05 5.88830082e-05 5.80961911e-05 5.73086552e-05 5.65205606e-05 5.57320632e-05 5.49433150e-05 5.41544642e-05 5.33656554e-05 5.25770292e-05 5.17887225e-05 5.10008685e-05 5.02135968e-05 4.94270334e-05 4.86413005e-05 4.78565171e-05 4.70727985e-05 4.62902566e-05 4.55089999e-05 4.47291337e-05 4.39507599e-05 4.31739772e-05
1.00000000e-04 9.30211931e-05 8.56399601e-05 8.59102555e-05 8.72979527e-05 8.87228612e-05 9.01489038e-05 9.15749633e-05 9.30001733e-05 9.44236445e-05 9.58444643e-05 9.72616980e-05 9.86743896e-05 1.00081562e-04 1.01482220e-04 1.02875348e-04 1.04259915e-04 1.05634871e-04 1.06999155e-04 1.08351689e-04 1.09691386e-04 1.11017145e-04 1.12327860e-04 1.13622415e-04 1.14899690e-04 1.16158560e-04 1.17397899e-04 1.18616579e-04 1.19813478e-04 1.20987474e-04 1.22137452e-04 1.23262305e-04 1.24360937e-04 1.25432263e-04 1.26475212e-04 1.27488730e-04 1.28471781e-04 1.29423348e-04 1.30342440e-04 1.31228088e-04 1.32079350e-04 1.32895312e-04 1.33675093e-04 1.34417842e-04 1.35122744e-04 1.35789019e-04 1.36415926e-04 1.37002763e-04 1.37548868e-04 1.38053624e-04 1.38516456e-04 1.38936837e-04 1.39314282e-04 1.39648359e-04 1.39938680e-04 1.40184910e-04 1.40386764e-04 1.40544005e-04 1.40656452e-04 1.40723973e-04 1.40746488e-04 1.40723973e-04 1.40656452e-04 1.40544005e-04 1.40386764e-04 1.40184910e-04 1.39938680e-04 1.39648359e-04 1.39314282e-04 1.38936837e-04 1.38516456e-04 1.38053624e-04 1.37548868e-04 1.37002763e-04 1.36415926e-04 1.35789019e-04 1.35122744e-04 1.34417842e-04 1.33675093e-04 1.32895312e-04 1.32079350e-04 1.31228088e-04 1.30342440e-04 1.29423348e-04 1.28471781e-04 1.27488730e-04 1.26475212e-04 1.25432263e-04 1.24360937e-04 1.23262305e-04 1.22137452e-04 1.20987474e-04 1.19813478e-04 1.18616579e-04 1.17397899e-04 1.16158560e-04 1.14899690e-04 1.13622415e-04 1.12327860e-04 1.11017145e-04 1.09691386e-04 1.08351689e-04 1.06999155e-04 1.05634871e-04 1.04259915e-04 1.02875348e-04 1.01482220e-04 1.00081562e-04 9.86743896e-05 9.72616980e-05 9.58444643e-05 9.44236445e-05 9.30001733e-05 9.15749633e-05 9.01489038e-05 8.87228607e-05 8.72976756e-05 8.58741652e-05 8.44531213e-05 8.30353100e-05 8.16214715e-05 8.02123201e-05 7.88085438e-05 7.74108042e-05 7.60197368e-05 7.46359504e-05 7.32600279e-05 7.18925258e-05 7.05339750e-05 6.91848803e-05 6.78457212e-05 6.65169522e-05 6.51990028e-05 6.41589211e-05 6.33787142e-05 6.25965950e-05 6.18127520e-05 6.10273695e-05 6.02406277e-05 5.94527031e-05 5.86637680e-05 5.78739907e-05 5.70835355e-05 5.62925629e-05 5.55012293e-05 5.47096873e-05 5.39180856e-05 5.31265689e-05 5.23352782e-05 5.15443509e-05 5.07539202e-05 4.99641161e-05 4.91750646e-05 4.83868883e-05 4.75997060e-05 4.68136333e-05 4.60287820e-05 4.52452607e-05 4.44631747e-05 4.36826258e-05 4.29037127e-05
1.00000000e-04 9.36105138e-05 8.61336069e-05 8.64086681e-05 8.78134373e-05 8.92559789e-05 9.06998236e-05 9.21438391e-05 9.35871466e-05 9.50288432e-05 9.64680026e-05 9.79036757e-05 9.93348912e-05 1.00760657e-04 1.02179960e-04 1.03591768e-04 1.04995034e-04 1.06388689e-04 1.07771653e-04 1.09142831e-04 1.10501113e-04 1.11845382e-04 1.13174510e-04 1.14487360e-04 1.15782790e-04 1.17059656e-04 1.18316809e-04 1.19553102e-04 1.20767387e-04 1.21958522e-04 1.23125371e-04 1.24266804e-04 1.25381703e-04 1.26468961e-04 1.27527485e-04 1.28556200e-04 1.29554049e-04 1.30519994e-04 1.31453022e-04 1.32352145e-04 1.33216401e-04 1.34044858e-04 1.34836614e-04 1.35590801e-04 1.36306587e-04 1.36983174e-04 1.37619807e-04 1.38215767e-04 1.38770380e-04 1.39283014e-04 1.39753082e-04 1.40180044e-04 1.40563408e-04 1.40902729e-04 1.41197613e-04 1.41447716e-04 1.41652747e-04 1.41812466e-04 1.41926684e-04 1.41995269e-04 1.42018140e-04 1.41995269e-04 1.41926684e-04 1.41812466e-04 1.41652747e-04 1.41447716e-04 1.41197613e-04 1.40902729e-04 1.40563408e-04 1.40180044e-04 1.39753082e-04 1.39283014e-04 1.38770380e-04 1.38215767e-04 1.37619807e-04 1.36983174e-04 1.36306587e-04 1.35590801e-04 1.34836614e-04 1.34044858e-04 1.33216401e-04 1.32352145e-04 1.31453022e-04 1.30519994e-04 1.29554049e-04 1.28556200e-04 1.27527485e-04 1.26468961e-04 1.25381703e-04 1.24266804e-04 1.23125371e-04 1.21958522e-04 1.20767387e-04 1.19553102e-04 1.18316809e-04 1.17059656e-04 1.15782790e-04 1.14487360e-04 1.13174510e-04 1.11845382e-04 1.10501113e-04 1.09142831e-04 1.07771653e-04 1.06388689e-04 1.04995034e-04 1.03591768e-04 1.02179960e-04 1.00760657e-04 9.93348912e-05 9.79036757e-05 9.64680026e-05 9.50288432e-05 9.35871466e-05 9.21438391e-05 9.06998236e-05 8.92559784e-05 8.78131571e-05 8.63721878e-05 8.49338729e-05 8.34989886e-05 8.20682844e-05 8.06424835e-05 7.92222820e-05 7.78083492e-05 7.64013272e-05 7.50018315e-05 7.36104505e-05 7.22277462e-05 7.08542538e-05 6.94904825e-05 6.81369154e-05 6.67940099e-05 6.54621983e-05 6.41418878e-05 6.31765234e-05 6.23912010e-05 6.16041917e-05 6.08156807e-05 6.00258492e-05 5.92348743e-05 5.84429290e-05 5.76501822e-05 5.68567991e-05 5.60629405e-05 5.52687633e-05 5.44744207e-05 5.36800616e-05 5.28858313e-05 5.20918710e-05 5.12983183e-05 5.05053069e-05 4.97129667e-05 4.89214241e-05 4.81308017e-05 4.73412185e-05 4.65527900e-05 4.57656283e-05 4.49798418e-05 4.41955358e-05 4.34128120e-05 4.26317691e-05
1.00000000e-04 9.42011174e-05 8.66273648e-05 8.69072817e-05 8.83293200e-05 8.97897005e-05 9.12515582e-05 9.27137460e-05 9.41753720e-05 9.56355201e-05 9.70932499e-05 9.85475974e-05 9.99975761e-05 1.01442178e-04 1.02880373e-04 1.04311113e-04 1.05733331e-04 1.07145942e-04 1.08547845e-04 1.09937927e-04 1.11315059e-04 1.12678103e-04 1.14025908e-04 1.15357320e-04 1.16671173e-04 1.17966302e-04 1.19241536e-04 1.20495705e-04 1.21727641e-04 1.22936178e-04 1.24120158e-04 1.25278428e-04 1.26409848e-04 1.27513288e-04 1.28587634e-04 1.29631789e-04 1.30644672e-04 1.31625225e-04 1.32572415e-04 1.33485232e-04 1.34362694e-04 1.35203849e-04 1.36007777e-04 1.36773592e-04 1.37500441e-04 1.38187513e-04 1.38834034e-04 1.39439271e-04 1.40002534e-04 1.40523178e-04 1.41000604e-04 1.41434259e-04 1.41823641e-04 1.42168295e-04 1.42467819e-04 1.42721861e-04 1.42930124e-04 1.43092361e-04 1.43208382e-04 1.43278049e-04 1.43301281e-04 1.43278049e-04 1.43208382e-04 1.43092361e-04 1.42930124e-04 1.42721861e-04 1.42467819e-04 1.42168295e-04 1.41823641e-04 1.41434259e-04 1.41000604e-04 1.40523178e-04 1.40002534e-04 1.39439271e-04 1.38834034e-04 1.38187513e-04 1.37500441e-04 1.36773592e-04 1.36007777e-04 1.35203849e-04 1.34362694e-04 1.33485232e-04 1.32572415e-04 1.31625225e-04 1.30644672e-04 1.29631789e-04 1.28587634e-04 1.27513288e-04 1.26409848e-04 1.25278428e-04 1.24120158e-04 1.22936178e-04 1.21727641e-04 1.20495705e-04 1.19241536e-04 1.17966302e-04 1.16671173e-04 1.15357320e-04 1.14025908e-04 1.12678103e-04 1.11315059e-04 1.09937927e-04 1.08547845e-04 1.07145942e-04 1.05733331e-04 1.04311113e-04 1.02880373e-04 1.01442178e-04 9.99975761e-05 9.85475974e-05 9.70932499e-05 9.56355201e-05 9.41753720e-05 9.27137460e-05 9.12515582e-05 8.97896999e-05 8.83290367e-05 8.68704081e-05 8.54146274e-05 8.39624808e-05 8.25147274e-05 8.10720992e-05 7.96353005e-05 7.82050081e-05 7.67818711e-05 7.53665115e-05 7.39595233e-05 7.25614738e-05 7.11729027e-05 6.97943234e-05 6.84262225e-05 6.70690605e-05 6.57232721e-05 6.43892667e-05 6.30674289e-05 6.21842492e-05 6.13940614e-05 6.06024103e-05 5.98094781e-05 5.90154425e-05 5.82204773e-05 5.74247521e-05 5.66284324e-05 5.58316798e-05 5.50346517e-05 5.42375016e-05 5.34403790e-05 5.26434294e-05 5.18467944e-05 5.10506118e-05 5.02550156e-05 4.94601360e-05 4.86660993e-05 4.78730283e-05 4.70810422e-05 4.62902566e-05 4.55007834e-05 4.47127312e-05 4.39262051e-05 4.31413069e-05 4.23581351e-05
1.00000000e-04 9.47929483e-05 8.71211673e-05 8.74060314e-05 8.88455377e-05 9.03239647e-05 9.18040487e-05 9.32846271e-05 9.47647952e-05 9.62436232e-05 9.77201565e-05 9.91934164e-05 1.00662400e-04 1.02126084e-04 1.03583422e-04 1.05033347e-04 1.06474774e-04 1.07906601e-04 1.09327707e-04 1.10736958e-04 1.12133207e-04 1.13515293e-04 1.14882046e-04 1.16232289e-04 1.17564837e-04 1.18878500e-04 1.20172085e-04 1.21444401e-04 1.22694256e-04 1.23920462e-04 1.25121836e-04 1.26297205e-04 1.27445404e-04 1.28565281e-04 1.29655699e-04 1.30715538e-04 1.31743697e-04 1.32739094e-04 1.33700675e-04 1.34627409e-04 1.35518292e-04 1.36372354e-04 1.37188655e-04 1.37966288e-04 1.38704385e-04 1.39402116e-04 1.40058690e-04 1.40673358e-04 1.41245417e-04 1.41774206e-04 1.42259114e-04 1.42699575e-04 1.43095077e-04 1.43445155e-04 1.43749398e-04 1.44007446e-04 1.44218995e-04 1.44383794e-04 1.44501648e-04 1.44572416e-04 1.44596015e-04 1.44572416e-04 1.44501648e-04 1.44383794e-04 1.44218995e-04 1.44007446e-04 1.43749398e-04 1.43445155e-04 1.43095077e-04 1.42699575e-04 1.42259114e-04 1.41774206e-04 1.41245417e-04 1.40673358e-04 1.40058690e-04 1.39402116e-04 1.38704385e-04 1.37966288e-04 1.37188655e-04 1.36372354e-04 1.35518292e-04 1.34627409e-04 1.33700675e-04 1.32739094e-04 1.31743697e-04 1.30715538e-04 1.29655699e-04 1.28565281e-04 1.27445404e-04 1.26297205e-04 1.25121836e-04 1.23920462e-04 1.22694256e-04 1.21444401e-04 1.20172085e-04 1.18878500e-04 1.17564837e-04 1.16232289e-04 1.14882046e-04 1.13515293e-04 1.12133207e-04 1.10736958e-04 1.09327707e-04 1.07906601e-04 1.06474774e-04 1.05033347e-04 1.03583422e-04 1.02126084e-04 1.00662400e-04 9.91934164e-05 9.77201565e-05 9.62436232e-05 9.47647952e-05 9.32846271e-05 9.18040487e-05 9.03239642e-05 8.88452513e-05 8.73687614e-05 8.58953183e-05 8.44257186e-05 8.29607311e-05 8.15010965e-05 8.00475273e-05 7.86007080e-05 7.71612948e-05 7.57299158e-05 7.43071711e-05 7.28936327e-05 7.14898454e-05 7.00963263e-05 6.87135655e-05 6.73420267e-05 6.59821471e-05 6.46343379e-05 6.32989853e-05 6.19764503e-05 6.11823469e-05 6.03875443e-05 5.95915004e-05 5.87943938e-05 5.79963990e-05 5.71976862e-05 5.63984215e-05 5.55987671e-05 5.47988809e-05 5.39989166e-05 5.31990244e-05 5.23993499e-05 5.16000353e-05 5.08012184e-05 5.00030335e-05 4.92056110e-05 4.84090774e-05 4.76135556e-05 4.68191648e-05 4.60260207e-05 4.52342352e-05 4.44439170e-05 4.36551710e-05 4.28680989e-05 4.20827992e-05
1.00100211e-04 9.53859490e-05 8.76149461e-05 8.79048509e-05 8.93620259e-05 9.08587090e-05 9.23572344e-05 9.38564240e-05 9.53553600e-05 9.68530989e-05 9.83486717e-05 9.98410843e-05 1.01329319e-04 1.02812334e-04 1.04289067e-04 1.05758434e-04 1.07219331e-04 1.08670637e-04 1.10111212e-04 1.11539901e-04 1.12955537e-04 1.14356938e-04 1.15742913e-04 1.17112263e-04 1.18463779e-04 1.19796251e-04 1.21108463e-04 1.22399199e-04 1.23667245e-04 1.24911390e-04 1.26130428e-04 1.27323161e-04 1.28488402e-04 1.29624975e-04 1.30731720e-04 1.31807494e-04 1.32851172e-04 1.33861653e-04 1.34837857e-04 1.35778734e-04 1.36683259e-04 1.37550440e-04 1.38379316e-04 1.39168964e-04 1.39918496e-04 1.40627063e-04 1.41293858e-04 1.41918117e-04 1.42499118e-04 1.43036190e-04 1.43528706e-04 1.43976089e-04 1.44377815e-04 1.44733409e-04 1.45042450e-04 1.45304572e-04 1.45519464e-04 1.45686869e-04 1.45806586e-04 1.45878474e-04 1.45902447e-04 1.45878474e-04 1.45806586e-04 1.45686869e-04 1.45519464e-04 1.45304572e-04 1.45042450e-04 1.44733409e-04 1.44377815e-04 1.43976089e-04 1.43528706e-04 1.43036190e-04 1.42499118e-04 1.41918117e-04 1.41293858e-04 1.40627063e-04 1.39918496e-04 1.39168964e-04 1.38379316e-04 1.37550440e-04 1.36683259e-04 1.35778734e-04 1.34837857e-04 1.33861653e-04 1.32851172e-04 1.31807494e-04 1.30731720e-04 1.29624975e-04 1.28488402e-04 1.27323161e-04 1.26130428e-04 1.24911390e-04 1.23667245e-04 1.22399199e-04 1.21108463e-04 1.19796251e-04 1.18463779e-04 1.17112263e-04 1.15742913e-04 1.14356938e-04 1.12955537e-04 1.11539901e-04 1.10111212e-04 1.08670637e-04 1.07219331e-04 1.05758434e-04 1.04289067e-04 1.02812334e-04 1.01329319e-04 9.98410843e-05 9.83486717e-05 9.68530989e-05 9.53553600e-05 9.38564240e-05 9.23572344e-05 9.08587085e-05 8.93617364e-05 8.78671811e-05 8.63758776e-05 8.48886326e-05 8.34062245e-05 8.19294030e-05 8.04588891e-05 7.89953746e-05 7.75395230e-05 7.60919685e-05 7.46533170e-05 7.32241458e-05 7.18050041e-05 7.03964131e-05 6.89988664e-05 6.76128305e-05 6.62387449e-05 6.48770231e-05 6.35280524e-05 6.21921951e-05 6.09690338e-05 6.01710682e-05 5.93719018e-05 5.85717140e-05 5.77706800e-05 5.69689706e-05 5.61667526e-05 5.53641886e-05 5.45614369e-05 5.37586520e-05 5.29559841e-05 5.21535794e-05 5.13515802e-05 5.05501248e-05 4.97493475e-05 4.89493788e-05 4.81503457e-05 4.73523709e-05 4.65555738e-05 4.57600701e-05 4.49659716e-05 4.41733871e-05 4.33824214e-05 4.25931763e-05 4.18057499e-05
1.00774589e-04 9.59800605e-05 8.81086314e-05 8.84036721e-05 8.98787185e-05 9.13938692e-05 9.29110532e-05 9.44290767e-05 9.59470088e-05 9.74638920e-05 9.89787427e-05 1.00490551e-04 1.01998284e-04 1.03500883e-04 1.04997269e-04 1.06486338e-04 1.07966969e-04 1.09438020e-04 1.10898333e-04 1.12346733e-04 1.13782030e-04 1.15203023e-04 1.16608497e-04 1.17997232e-04 1.19367997e-04 1.20719557e-04 1.22050674e-04 1.23360109e-04 1.24646623e-04 1.25908982e-04 1.27145956e-04 1.28356323e-04 1.29538873e-04 1.30692405e-04 1.31815736e-04 1.32907699e-04 1.33967146e-04 1.34992953e-04 1.35984018e-04 1.36939268e-04 1.37857657e-04 1.38738173e-04 1.39579833e-04 1.40381695e-04 1.41142852e-04 1.41862436e-04 1.42539623e-04 1.43173632e-04 1.43763728e-04 1.44309222e-04 1.44809474e-04 1.45263897e-04 1.45671952e-04 1.46033155e-04 1.46347078e-04 1.46613344e-04 1.46831635e-04 1.47001689e-04 1.47123303e-04 1.47196330e-04 1.47220682e-04 1.47196330e-04 1.47123303e-04 1.47001689e-04 1.46831635e-04 1.46613344e-04 1.46347078e-04 1.46033155e-04 1.45671952e-04 1.45263897e-04 1.44809474e-04 1.44309222e-04 1.43763728e-04 1.43173632e-04 1.42539623e-04 1.41862436e-04 1.41142852e-04 1.40381695e-04 1.39579833e-04 1.38738173e-04 1.37857657e-04 1.36939268e-04 1.35984018e-04 1.34992953e-04 1.33967146e-04 1.32907699e-04 1.31815736e-04 1.30692405e-04 1.29538873e-04 1.28356323e-04 1.27145956e-04 1.25908982e-04 1.24646623e-04 1.23360109e-04 1.22050674e-04 1.20719557e-04 1.19367997e-04 1.17997232e-04 1.16608497e-04 1.15203023e-04 1.13782030e-04 1.12346733e-04 1.10898333e-04 1.09438020e-04 1.07966969e-04 1.06486338e-04 1.04997269e-04 1.03500883e-04 1.01998284e-04 1.00490551e-04 9.89787427e-05 9.74638920e-05 9.59470088e-05 9.44290767e-05 9.29110532e-05 9.13938686e-05 8.98784258e-05 8.83655994e-05 8.68562356e-05 8.53511514e-05 8.38511350e-05 8.23569451e-05 8.08693109e-05 7.93889320e-05 7.79164787e-05 7.64525919e-05 7.49978829e-05 7.35529343e-05 7.21182998e-05 7.06945045e-05 6.92820455e-05 6.78813920e-05 6.64929860e-05 6.51172428e-05 6.37545510e-05 6.24052737e-05 6.10697487e-05 5.99529676e-05 5.91506679e-05 5.83473887e-05 5.75433060e-05 5.67385911e-05 5.59334115e-05 5.51279302e-05 5.43223061e-05 5.35166941e-05 5.27112446e-05 5.19061044e-05 5.11014159e-05 5.02973177e-05 4.94939443e-05 4.86914266e-05 4.78898913e-05 4.70894615e-05 4.62902566e-05 4.54923922e-05 4.46959803e-05 4.39011295e-05 4.31079446e-05 4.23165273e-05 4.15269755e-05
1.01451523e-04 9.65752218e-05 8.86021517e-05 8.89024256e-05 9.03955475e-05 9.19293792e-05 9.34654412e-05 9.50025237e-05 9.65396824e-05 9.80759459e-05 9.96103155e-05 1.01141766e-04 1.02669248e-04 1.04191687e-04 1.05707983e-04 1.07217018e-04 1.08717650e-04 1.10208718e-04 1.11689042e-04 1.13157429e-04 1.14612666e-04 1.16053530e-04 1.17478786e-04 1.18887188e-04 1.20277485e-04 1.21648416e-04 1.22998722e-04 1.24327138e-04 1.25632402e-04 1.26913254e-04 1.28168442e-04 1.29396718e-04 1.30596847e-04 1.31767606e-04 1.32907786e-04 1.34016196e-04 1.35091665e-04 1.36133046e-04 1.37139213e-04 1.38109071e-04 1.39041552e-04 1.39935621e-04 1.40790277e-04 1.41604555e-04 1.42377530e-04 1.43108315e-04 1.43796069e-04 1.44439993e-04 1.45039335e-04 1.45593394e-04 1.46101514e-04 1.46563095e-04 1.46977588e-04 1.47344496e-04 1.47663383e-04 1.47933863e-04 1.48155612e-04 1.48328362e-04 1.48451905e-04 1.48526090e-04 1.48550829e-04 1.48526090e-04 1.48451905e-04 1.48328362e-04 1.48155612e-04 1.47933863e-04 1.47663383e-04 1.47344496e-04 1.46977588e-04 1.46563095e-04 1.46101514e-04 1.45593394e-04 1.45039335e-04 1.44439993e-04 1.43796069e-04 1.43108315e-04 1.42377530e-04 1.41604555e-04 1.40790277e-04 1.39935621e-04 1.39041552e-04 1.38109071e-04 1.37139213e-04 1.36133046e-04 1.35091665e-04 1.34016196e-04 1.32907786e-04 1.31767606e-04 1.30596847e-04 1.29396718e-04 1.28168442e-04 1.26913254e-04 1.25632402e-04 1.24327138e-04 1.22998722e-04 1.21648416e-04 1.20277485e-04 1.18887188e-04 1.17478786e-04 1.16053530e-04 1.14612666e-04 1.13157429e-04 1.11689042e-04 1.10208718e-04 1.08717650e-04 1.07217018e-04 1.05707983e-04 1.04191687e-04 1.02669248e-04 1.01141766e-04 9.96103155e-05 9.80759459e-05 9.65396824e-05 9.50025237e-05 9.34654412e-05 9.19293787e-05 9.03952517e-05 8.88639467e-05 8.73363210e-05 8.58132024e-05 8.42953886e-05 8.27836473e-05 8.12787162e-05 7.97813027e-05 7.82920838e-05 7.68117069e-05 7.53407892e-05 7.38799181e-05 7.24296519e-05 7.09905197e-05 6.95630218e-05 6.81476303e-05 6.67447894e-05 6.53549161e-05 6.39784003e-05 6.26156060e-05 6.12668713e-05 5.99325093e-05 5.89277842e-05 5.81214036e-05 5.73142626e-05 5.65065335e-05 5.56983840e-05 5.48899779e-05 5.40814744e-05 5.32730288e-05 5.24647921e-05 5.16569111e-05 5.08495288e-05 5.00427837e-05 4.92368109e-05 4.84317411e-05 4.76277013e-05 4.68248146e-05 4.60232005e-05 4.52229746e-05 4.44242490e-05 4.36271320e-05 4.28317285e-05 4.20381400e-05 4.12464644e-05
1.02130980e-04 9.71713704e-05 8.90954337e-05 8.94010399e-05 9.09124435e-05 9.24651717e-05 9.40203329e-05 9.55767016e-05 9.71333199e-05 9.86892021e-05 1.00243334e-04 1.01794676e-04 1.03342161e-04 1.04884697e-04 1.06421168e-04 1.07950436e-04 1.09471339e-04 1.10982697e-04 1.12483311e-04 1.13971963e-04 1.15447423e-04 1.16908443e-04 1.18353766e-04 1.19782123e-04 1.21192238e-04 1.22582829e-04 1.23952611e-04 1.25300294e-04 1.26624593e-04 1.27924224e-04 1.29197906e-04 1.30444370e-04 1.31662355e-04 1.32850612e-04 1.34007908e-04 1.35133029e-04 1.36224778e-04 1.37281984e-04 1.38303498e-04 1.39288202e-04 1.40235006e-04 1.41142852e-04 1.42010718e-04 1.42837619e-04 1.43622609e-04 1.44364783e-04 1.45063281e-04 1.45717286e-04 1.46326032e-04 1.46888800e-04 1.47404922e-04 1.47873783e-04 1.48294822e-04 1.48667534e-04 1.48991469e-04 1.49266236e-04 1.49491502e-04 1.49666993e-04 1.49792497e-04 1.49867861e-04 1.49892993e-04 1.49867861e-04 1.49792497e-04 1.49666993e-04 1.49491502e-04 1.49266236e-04 1.48991469e-04 1.48667534e-04 1.48294822e-04 1.47873783e-04 1.47404922e-04 1.46888800e-04 1.46326032e-04 1.45717286e-04 1.45063281e-04 1.44364783e-04 1.43622609e-04 1.42837619e-04 1.42010718e-04 1.41142852e-04 1.40235006e-04 1.39288202e-04 1.38303498e-04 1.37281984e-04 1.36224778e-04 1.35133029e-04 1.34007908e-04 1.32850612e-04 1.31662355e-04 1.30444370e-04 1.29197906e-04 1.27924224e-04 1.26624593e-04 1.25300294e-04 1.23952611e-04 1.22582829e-04 1.21192238e-04 1.19782123e-04 1.18353766e-04 1.16908443e-04 1.15447423e-04 1.13971963e-04 1.12483311e-04 1.10982697e-04 1.09471339e-04 1.07950436e-04 1.06421168e-04 1.04884697e-04 1.03342161e-04 1.01794676e-04 1.00243334e-04 9.86892021e-05 9.71333199e-05 9.55767016e-05 9.40203329e-05 9.24651711e-05 9.09121445e-05 8.93621516e-05 8.78160610e-05 8.62747111e-05 8.47389093e-05 8.32094327e-05 8.16870270e-05 8.01724075e-05 7.86662584e-05 7.71692331e-05 7.56819546e-05 7.42050156e-05 7.27389786e-05 7.12843766e-05 6.98417131e-05 6.84114631e-05 6.69940729e-05 6.55899610e-05 6.41995187e-05 6.28231106e-05 6.14610750e-05 6.01137249e-05 5.87813483e-05 5.78937440e-05 5.70835355e-05 5.62727833e-05 5.54616559e-05 5.46503174e-05 5.38389277e-05 5.30276423e-05 5.22166127e-05 5.14059859e-05 5.05959052e-05 4.97865095e-05 4.89779338e-05 4.81703091e-05 4.73637625e-05 4.65584173e-05 4.57543928e-05 4.49518048e-05 4.41507651e-05 4.33513823e-05 4.25537610e-05 4.17580026e-05 4.09642049e-05
1.02812929e-04 9.77684419e-05 8.95884026e-05 8.98994422e-05 9.14293354e-05 9.30011773e-05 9.45756613e-05 9.61515456e-05 9.77278588e-05 9.93036005e-05 1.00877742e-04 1.02449227e-04 1.04016971e-04 1.05579866e-04 1.07136778e-04 1.08686548e-04 1.10227996e-04 1.11759923e-04 1.13281106e-04 1.14790309e-04 1.16286277e-04 1.17767741e-04 1.19233421e-04 1.20682024e-04 1.22112250e-04 1.23522793e-04 1.24912342e-04 1.26279585e-04 1.27623209e-04 1.28941905e-04 1.30234369e-04 1.31499305e-04 1.32735425e-04 1.33941457e-04 1.35116142e-04 1.36258240e-04 1.37366531e-04 1.38439818e-04 1.39476930e-04 1.40476723e-04 1.41438084e-04 1.42359935e-04 1.43241230e-04 1.44080963e-04 1.44878169e-04 1.45631922e-04 1.46341344e-04 1.47005601e-04 1.47623909e-04 1.48195534e-04 1.48719793e-04 1.49196059e-04 1.49623756e-04 1.50002370e-04 1.50331440e-04 1.50610567e-04 1.50839410e-04 1.51017690e-04 1.51145190e-04 1.51221752e-04 1.51247283e-04 1.51221752e-04 1.51145190e-04 1.51017690e-04 1.50839410e-04 1.50610567e-04 1.50331440e-04 1.50002370e-04 1.49623756e-04 1.49196059e-04 1.48719793e-04 1.48195534e-04 1.47623909e-04 1.47005601e-04 1.46341344e-04 1.45631922e-04 1.44878169e-04 1.44080963e-04 1.43241230e-04 1.42359935e-04 1.41438084e-04 1.40476723e-04 1.39476930e-04 1.38439818e-04 1.37366531e-04 1.36258240e-04 1.35116142e-04 1.33941457e-04 1.32735425e-04 1.31499305e-04 1.30234369e-04 1.28941905e-04 1.27623209e-04 1.26279585e-04 1.24912342e-04 1.23522793e-04 1.22112250e-04 1.20682024e-04 1.19233421e-04 1.17767741e-04 1.16286277e-04 1.14790309e-04 1.13281106e-04 1.11759923e-04 1.10227996e-04 1.08686548e-04 1.07136778e-04 1.05579866e-04 1.04016971e-04 1.02449227e-04 1.00877742e-04 9.93036005e-05 9.77278588e-05 9.61515456e-05 9.45756613e-05 9.30011767e-05 9.14290331e-05 8.98601413e-05 8.82953811e-05 8.67356014e-05 8.51816199e-05 8.36342225e-05 8.20941636e-05 8.05621659e-05 7.90389209e-05 7.75250882e-05 7.60212966e-05 7.45281436e-05 7.30461963e-05 7.15759914e-05 7.01180357e-05 6.86728066e-05 6.72407527e-05 6.58222941e-05 6.44178230e-05 6.30277046e-05 6.16522775e-05 6.02918543e-05 5.89467223e-05 5.76643953e-05 5.68511099e-05 5.60373260e-05 5.52232127e-05 5.44089345e-05 5.35946518e-05 5.27805205e-05 5.19666924e-05 5.11533149e-05 5.03405315e-05 4.95284813e-05 4.87172996e-05 4.79071174e-05 4.70980620e-05 4.62902566e-05 4.54838207e-05 4.46788700e-05 4.38755163e-05 4.30738681e-05 4.22740299e-05 4.14761030e-05 4.06801851e-05
1.03497336e-04 9.83663699e-05 9.00809816e-05 9.03975577e-05 9.19461503e-05 9.35373252e-05 9.51313574e-05 9.67269891e-05 9.83232348e-05 9.99190796e-05 1.01513479e-04 1.03105361e-04 1.04693625e-04 1.06277144e-04 1.07854765e-04 1.09425311e-04 1.10987583e-04 1.12540359e-04 1.14082397e-04 1.15612438e-04 1.17129204e-04 1.18631405e-04 1.20117735e-04 1.21586879e-04 1.23037513e-04 1.24468304e-04 1.25877918e-04 1.27265016e-04 1.28628260e-04 1.29966315e-04 1.31277851e-04 1.32561546e-04 1.33816087e-04 1.35040175e-04 1.36232526e-04 1.37391873e-04 1.38516972e-04 1.39606601e-04 1.40659563e-04 1.41674692e-04 1.42650851e-04 1.43586937e-04 1.44481883e-04 1.45334663e-04 1.46144288e-04 1.46909815e-04 1.47630345e-04 1.48305027e-04 1.48933059e-04 1.49513691e-04 1.50046226e-04 1.50530022e-04 1.50964492e-04 1.51349108e-04 1.51683401e-04 1.51966962e-04 1.52199445e-04 1.52380562e-04 1.52510091e-04 1.52587872e-04 1.52613810e-04 1.52587872e-04 1.52510091e-04 1.52380562e-04 1.52199445e-04 1.51966962e-04 1.51683401e-04 1.51349108e-04 1.50964492e-04 1.50530022e-04 1.50046226e-04 1.49513691e-04 1.48933059e-04 1.48305027e-04 1.47630345e-04 1.46909815e-04 1.46144288e-04 1.45334663e-04 1.44481883e-04 1.43586937e-04 1.42650851e-04 1.41674692e-04 1.40659563e-04 1.39606601e-04 1.38516972e-04 1.37391873e-04 1.36232526e-04 1.35040175e-04 1.33816087e-04 1.32561546e-04 1.31277851e-04 1.29966315e-04 1.28628260e-04 1.27265016e-04 1.25877918e-04 1.24468304e-04 1.23037513e-04 1.21586879e-04 1.20117735e-04 1.18631405e-04 1.17129204e-04 1.15612438e-04 1.14082397e-04 1.12540359e-04 1.10987583e-04 1.09425311e-04 1.07854765e-04 1.06277144e-04 1.04693625e-04 1.03105361e-04 1.01513479e-04 9.99190796e-05 9.83232348e-05 9.67269891e-05 9.51313574e-05 9.35373246e-05 9.19458448e-05 9.03578410e-05 8.87742048e-05 8.71957957e-05 8.56234412e-05 8.40579365e-05 8.25000445e-05 8.09504957e-05 7.94099884e-05 7.78791887e-05 7.63587309e-05 7.48492176e-05 7.33512202e-05 7.18652792e-05 7.03919044e-05 6.89315759e-05 6.74847441e-05 6.60518307e-05 6.46332289e-05 6.32293044e-05 6.18403956e-05 6.04668149e-05 5.91088486e-05 5.77667584e-05 5.66169710e-05 5.58001469e-05 5.49830398e-05 5.41658146e-05 5.33486323e-05 5.25316491e-05 5.17150171e-05 5.08988841e-05 5.00833938e-05 4.92686856e-05 4.84548948e-05 4.76421526e-05 4.68305864e-05 4.60203194e-05 4.52114713e-05 4.44041575e-05 4.35984900e-05 4.27945770e-05 4.19925231e-05 4.11924293e-05 4.03943932e-05
1.04184166e-04 9.89650864e-05 9.05730923e-05 9.08953102e-05 9.24628135e-05 9.40735426e-05 9.56873507e-05 9.73029637e-05 9.89193819e-05 1.00535576e-04 1.02150486e-04 1.03763022e-04 1.05372068e-04 1.06976478e-04 1.08575081e-04 1.10166681e-04 1.11750057e-04 1.13323967e-04 1.14887149e-04 1.16438319e-04 1.17976178e-04 1.19499412e-04 1.21006692e-04 1.22496677e-04 1.23968018e-04 1.25419359e-04 1.26849338e-04 1.28256591e-04 1.29639755e-04 1.30997467e-04 1.32328371e-04 1.33631118e-04 1.34904369e-04 1.36146799e-04 1.37357096e-04 1.38533969e-04 1.39676147e-04 1.40782383e-04 1.41851454e-04 1.42882170e-04 1.43873369e-04 1.44823926e-04 1.45732751e-04 1.46598794e-04 1.47421047e-04 1.48198545e-04 1.48930371e-04 1.49615653e-04 1.50253574e-04 1.50843367e-04 1.51384319e-04 1.51875773e-04 1.52317130e-04 1.52707852e-04 1.53047458e-04 1.53335531e-04 1.53571714e-04 1.53755717e-04 1.53887310e-04 1.53966332e-04 1.53992683e-04 1.53966332e-04 1.53887310e-04 1.53755717e-04 1.53571714e-04 1.53335531e-04 1.53047458e-04 1.52707852e-04 1.52317130e-04 1.51875773e-04 1.51384319e-04 1.50843367e-04 1.50253574e-04 1.49615653e-04 1.48930371e-04 1.48198545e-04 1.47421047e-04 1.46598794e-04 1.45732751e-04 1.44823926e-04 1.43873369e-04 1.42882170e-04 1.41851454e-04 1.40782383e-04 1.39676147e-04 1.38533969e-04 1.37357096e-04 1.36146799e-04 1.34904369e-04 1.33631118e-04 1.32328371e-04 1.30997467e-04 1.29639755e-04 1.28256591e-04 1.26849338e-04 1.25419359e-04 1.23968018e-04 1.22496677e-04 1.21006692e-04 1.19499412e-04 1.17976178e-04 1.16438319e-04 1.14887149e-04 1.13323967e-04 1.11750057e-04 1.10166681e-04 1.08575081e-04 1.06976478e-04 1.05372068e-04 1.03763022e-04 1.02150486e-04 1.00535576e-04 9.89193819e-05 9.73029637e-05 9.56873507e-05 9.40735420e-05 9.24625047e-05 9.08551745e-05 8.92524542e-05 8.76552143e-05 8.60642924e-05 8.44804927e-05 8.29045868e-05 8.13373128e-05 7.97793761e-05 7.82314491e-05 7.66941716e-05 7.51681514e-05 7.36539639e-05 7.21521533e-05 7.06632326e-05 6.91876843e-05 6.77259607e-05 6.62784849e-05 6.48456509e-05 6.34278247e-05 6.20253447e-05 6.06385226e-05 5.92676439e-05 5.79129689e-05 5.65747331e-05 5.55612313e-05 5.47411225e-05 5.39209433e-05 5.31008548e-05 5.22810138e-05 5.14615726e-05 5.06426795e-05 4.98244783e-05 4.90071085e-05 4.81907056e-05 4.73754012e-05 4.65613224e-05 4.57485927e-05 4.49373315e-05 4.41276545e-05 4.33196735e-05 4.25134966e-05 4.17092283e-05 4.09069694e-05 4.01068173e-05
1.04873384e-04 9.95645212e-05 9.10646544e-05 9.13926213e-05 9.29792488e-05 9.46097550e-05 9.62435688e-05 9.78793992e-05 9.95162325e-05 1.01153024e-04 1.02788699e-04 1.04422150e-04 1.06052244e-04 1.07677816e-04 1.09297677e-04 1.10910610e-04 1.12515376e-04 1.14110709e-04 1.15695326e-04 1.17267921e-04 1.18827172e-04 1.20371740e-04 1.21900271e-04 1.23411402e-04 1.24903756e-04 1.26375952e-04 1.27826602e-04 1.29254316e-04 1.30657703e-04 1.32035374e-04 1.33385946e-04 1.34708043e-04 1.36000299e-04 1.37261361e-04 1.38489891e-04 1.39684571e-04 1.40844104e-04 1.41967215e-04 1.43052658e-04 1.44099217e-04 1.45105704e-04 1.46070972e-04 1.46993906e-04 1.47873434e-04 1.48708526e-04 1.49498197e-04 1.50241508e-04 1.50937571e-04 1.51585548e-04 1.52184657e-04 1.52734169e-04 1.53233413e-04 1.53681777e-04 1.54078708e-04 1.54423719e-04 1.54716379e-04 1.54956328e-04 1.55143265e-04 1.55276959e-04 1.55357242e-04 1.55384014e-04 1.55357242e-04 1.55276959e-04 1.55143265e-04 1.54956328e-04 1.54716379e-04 1.54423719e-04 1.54078708e-04 1.53681777e-04 1.53233413e-04 1.52734169e-04 1.52184657e-04 1.51585548e-04 1.50937571e-04 1.50241508e-04 1.49498197e-04 1.48708526e-04 1.47873434e-04 1.46993906e-04 1.46070972e-04 1.45105704e-04 1.44099217e-04 1.43052658e-04 1.41967215e-04 1.40844104e-04 1.39684571e-04 1.38489891e-04 1.37261361e-04 1.36000299e-04 1.34708043e-04 1.33385946e-04 1.32035374e-04 1.30657703e-04 1.29254316e-04 1.27826602e-04 1.26375952e-04 1.24903756e-04 1.23411402e-04 1.21900271e-04 1.20371740e-04 1.18827172e-04 1.17267921e-04 1.15695326e-04 1.14110709e-04 1.12515376e-04 1.10910610e-04 1.09297677e-04 1.07677816e-04 1.06052244e-04 1.04422150e-04 1.02788699e-04 1.01153024e-04 9.95162325e-05 9.78793992e-05 9.62435688e-05 9.46097544e-05 9.29789367e-05 9.13520635e-05 8.97300496e-05 8.81137762e-05 8.65040909e-05 8.49018075e-05 8.33077058e-05 8.17225318e-05 8.01469978e-05 7.85817826e-05 7.70275316e-05 7.54848572e-05 7.39543394e-05 7.24365258e-05 7.09319324e-05 6.94410441e-05 6.79643150e-05 6.65021693e-05 6.50550019e-05 6.36231791e-05 6.22070389e-05 6.08068924e-05 5.94230240e-05 5.80556924e-05 5.67051313e-05 5.53715502e-05 5.44974461e-05 5.36743057e-05 5.28513046e-05 5.20286001e-05 5.12063447e-05 5.03846869e-05 4.95637708e-05 4.87437361e-05 4.79247185e-05 4.71068496e-05 4.62902566e-05 4.54750630e-05 4.46613884e-05 4.38493481e-05 4.30390541e-05 4.22306143e-05 4.14241331e-05 4.06197110e-05 3.98174454e-05
1.05564951e-04 1.00164602e-04 9.15555858e-05 9.18894113e-05 9.34953779e-05 9.51458864e-05 9.67999375e-05 9.84562237e-05 1.00113717e-04 1.01771357e-04 1.03428054e-04 1.05082683e-04 1.06734093e-04 1.08381102e-04 1.10022500e-04 1.11657051e-04 1.13283494e-04 1.14900544e-04 1.16506892e-04 1.18101212e-04 1.19682157e-04 1.21248363e-04 1.22798454e-04 1.24331038e-04 1.25844715e-04 1.27338077e-04 1.28809708e-04 1.30258193e-04 1.31682112e-04 1.33080049e-04 1.34450595e-04 1.35792344e-04 1.37103904e-04 1.38383893e-04 1.39630947e-04 1.40843720e-04 1.42020888e-04 1.43161149e-04 1.44263232e-04 1.45325893e-04 1.46347921e-04 1.47328143e-04 1.48265421e-04 1.49158659e-04 1.50006806e-04 1.50808854e-04 1.51563845e-04 1.52270870e-04 1.52929075e-04 1.53537659e-04 1.54095877e-04 1.54603044e-04 1.55058534e-04 1.55461783e-04 1.55812290e-04 1.56109618e-04 1.56353397e-04 1.56543320e-04 1.56679150e-04 1.56760716e-04 1.56787917e-04 1.56760716e-04 1.56679150e-04 1.56543320e-04 1.56353397e-04 1.56109618e-04 1.55812290e-04 1.55461783e-04 1.55058534e-04 1.54603044e-04 1.54095877e-04 1.53537659e-04 1.52929075e-04 1.52270870e-04 1.51563845e-04 1.50808854e-04 1.50006806e-04 1.49158659e-04 1.48265421e-04 1.47328143e-04 1.46347921e-04 1.45325893e-04 1.44263232e-04 1.43161149e-04 1.42020888e-04 1.40843720e-04 1.39630947e-04 1.38383893e-04 1.37103904e-04 1.35792344e-04 1.34450595e-04 1.33080049e-04 1.31682112e-04 1.30258193e-04 1.28809708e-04 1.27338077e-04 1.25844715e-04 1.24331038e-04 1.22798454e-04 1.21248363e-04 1.19682157e-04 1.18101212e-04 1.16506892e-04 1.14900544e-04 1.13283494e-04 1.11657051e-04 1.10022500e-04 1.08381102e-04 1.06734093e-04 1.05082683e-04 1.03428054e-04 1.01771357e-04 1.00113717e-04 9.84562237e-05 9.67999375e-05 9.51458858e-05 9.34950624e-05 9.18484281e-05 9.02069094e-05 8.85713983e-05 8.69427526e-05 8.53217955e-05 8.37093151e-05 8.21060654e-05 8.05127656e-05 7.89301007e-05 7.73587217e-05 7.57992459e-05 7.42522573e-05 7.27183072e-05 7.11979144e-05 6.96915659e-05 6.81997178e-05 6.67227953e-05 6.52611940e-05 6.38152801e-05 6.23853914e-05 6.09718381e-05 5.95749034e-05 5.81948443e-05 5.68318925e-05 5.54862550e-05 5.42519955e-05 5.34258870e-05 5.25999672e-05 5.17743934e-05 5.09493188e-05 5.01248920e-05 4.93012572e-05 4.84785545e-05 4.76569196e-05 4.68364841e-05 4.60173755e-05 4.51997172e-05 4.43836287e-05 4.35692254e-05 4.27566191e-05 4.19459175e-05 4.11372250e-05 4.03306420e-05 3.95262655e-05
1.06258830e-04 1.00765256e-04 9.20458026e-05 9.23855982e-05 9.40111208e-05 9.56818584e-05 9.73563809e-05 9.90333634e-05 1.00711764e-04 1.02390507e-04 1.04068485e-04 1.05744558e-04 1.07417557e-04 1.09086279e-04 1.10749497e-04 1.12405954e-04 1.14054366e-04 1.15693428e-04 1.17321808e-04 1.18938157e-04 1.20541102e-04 1.22129257e-04 1.23701218e-04 1.25255569e-04 1.26790883e-04 1.28305725e-04 1.29798654e-04 1.31268223e-04 1.32712988e-04 1.34131505e-04 1.35522334e-04 1.36884043e-04 1.38215210e-04 1.39514427e-04 1.40780301e-04 1.42011458e-04 1.43206545e-04 1.44364236e-04 1.45483230e-04 1.46562258e-04 1.47600083e-04 1.48595507e-04 1.49547368e-04 1.50454546e-04 1.51315967e-04 1.52130601e-04 1.52897469e-04 1.53615643e-04 1.54284250e-04 1.54902470e-04 1.55469543e-04 1.55984769e-04 1.56447507e-04 1.56857182e-04 1.57213280e-04 1.57515357e-04 1.57763031e-04 1.57955992e-04 1.58093996e-04 1.58176867e-04 1.58204503e-04 1.58176867e-04 1.58093996e-04 1.57955992e-04 1.57763031e-04 1.57515357e-04 1.57213280e-04 1.56857182e-04 1.56447507e-04 1.55984769e-04 1.55469543e-04 1.54902470e-04 1.54284250e-04 1.53615643e-04 1.52897469e-04 1.52130601e-04 1.51315967e-04 1.50454546e-04 1.49547368e-04 1.48595507e-04 1.47600083e-04 1.46562258e-04 1.45483230e-04 1.44364236e-04 1.43206545e-04 1.42011458e-04 1.40780301e-04 1.39514427e-04 1.38215210e-04 1.36884043e-04 1.35522334e-04 1.34131505e-04 1.32712988e-04 1.31268223e-04 1.29798654e-04 1.28305725e-04 1.26790883e-04 1.25255569e-04 1.23701218e-04 1.22129257e-04 1.20541102e-04 1.18938157e-04 1.17321808e-04 1.15693428e-04 1.14054366e-04 1.12405954e-04 1.10749497e-04 1.09086279e-04 1.07417557e-04 1.05744558e-04 1.04068485e-04 1.02390507e-04 1.00711764e-04 9.90333634e-05 9.73563809e-05 9.56818578e-05 9.40108020e-05 9.23441867e-05 9.06829502e-05 8.90279959e-05 8.73801914e-05 8.57403694e-05 8.41093266e-05 8.24878246e-05 8.08765897e-05 7.92763132e-05 7.76876514e-05 7.61112265e-05 7.45476267e-05 7.29974064e-05 7.14610875e-05 6.99391591e-05 6.84320788e-05 6.69402730e-05 6.54641375e-05 6.40040387e-05 6.25603140e-05 6.11332723e-05 5.97231956e-05 5.83303390e-05 5.69549321e-05 5.55971793e-05 5.42572613e-05 5.31756724e-05 5.23468276e-05 5.15183792e-05 5.06904805e-05 4.98632803e-05 4.90369233e-05 4.82115495e-05 4.73872949e-05 4.65642911e-05 4.57426656e-05 4.49225418e-05 4.41040392e-05 4.32872733e-05 4.24723555e-05 4.16593936e-05 4.08484917e-05 4.00397501e-05 3.92332655e-05
1.06954982e-04 1.01366405e-04 9.25352189e-05 9.28810986e-05 9.45263957e-05 9.62175913e-05 9.79128209e-05 9.96107428e-05 1.01310300e-04 1.03010402e-04 1.04709925e-04 1.06407711e-04 1.08102572e-04 1.09793289e-04 1.11478613e-04 1.13157266e-04 1.14827944e-04 1.16489318e-04 1.18140035e-04 1.19778719e-04 1.21403976e-04 1.23014393e-04 1.24608541e-04 1.26184977e-04 1.27742247e-04 1.29278889e-04 1.30793434e-04 1.32284409e-04 1.33750338e-04 1.35189751e-04 1.36601179e-04 1.37983160e-04 1.39334245e-04 1.40652995e-04 1.41937989e-04 1.43187825e-04 1.44401123e-04 1.45576526e-04 1.46712708e-04 1.47808372e-04 1.48862256e-04 1.49873135e-04 1.50839821e-04 1.51761173e-04 1.52636090e-04 1.53463523e-04 1.54242469e-04 1.54971982e-04 1.55651167e-04 1.56279188e-04 1.56855269e-04 1.57378691e-04 1.57848802e-04 1.58265013e-04 1.58626800e-04 1.58933707e-04 1.59185345e-04 1.59381395e-04 1.59521610e-04 1.59605810e-04 1.59633889e-04 1.59605810e-04 1.59521610e-04 1.59381395e-04 1.59185345e-04 1.58933707e-04 1.58626800e-04 1.58265013e-04 1.57848802e-04 1.57378691e-04 1.56855269e-04 1.56279188e-04 1.55651167e-04 1.54971982e-04 1.54242469e-04 1.53463523e-04 1.52636090e-04 1.51761173e-04 1.50839821e-04 1.49873135e-04 1.48862256e-04 1.47808372e-04 1.46712708e-04 1.45576526e-04 1.44401123e-04 1.43187825e-04 1.41937989e-04 1.40652995e-04 1.39334245e-04 1.37983160e-04 1.36601179e-04 1.35189751e-04 1.33750338e-04 1.32284409e-04 1.30793434e-04 1.29278889e-04 1.27742247e-04 1.26184977e-04 1.24608541e-04 1.23014393e-04 1.21403976e-04 1.19778719e-04 1.18140035e-04 1.16489318e-04 1.14827944e-04 1.13157266e-04 1.11478613e-04 1.09793289e-04 1.08102572e-04 1.06407711e-04 1.04709925e-04 1.03010402e-04 1.01310300e-04 9.96107428e-05 9.79128209e-05 9.62175906e-05 9.45260735e-05 9.28392555e-05 9.11580870e-05 8.94834823e-05 8.78163195e-05 8.61574403e-05 8.45076504e-05 8.28677188e-05 8.12383790e-05 7.96203283e-05 7.80142286e-05 7.64207068e-05 7.48403549e-05 7.32737310e-05 7.17213595e-05 7.01837316e-05 6.86613063e-05 6.71545109e-05 6.56637418e-05 6.41893650e-05 6.27317172e-05 6.12911064e-05 5.98678129e-05 5.84620899e-05 5.70741645e-05 5.57042385e-05 5.43524895e-05 5.30190713e-05 5.20918710e-05 5.12605425e-05 5.04298150e-05 4.95998375e-05 4.87707547e-05 4.79427071e-05 4.71158304e-05 4.62902566e-05 4.54661131e-05 4.46435233e-05 4.38226067e-05 4.30034786e-05 4.21862504e-05 4.13710298e-05 4.05579205e-05 3.97470229e-05 3.89384333e-05
1.07653365e-04 1.01967972e-04 9.30237470e-05 9.33758268e-05 9.50411187e-05 9.67530030e-05 9.84691778e-05 1.00188284e-04 1.01909250e-04 1.03630970e-04 1.05352303e-04 1.07072074e-04 1.08789076e-04 1.10502072e-04 1.12209791e-04 1.13910935e-04 1.15604178e-04 1.17288169e-04 1.18961530e-04 1.20622862e-04 1.22270746e-04 1.23903743e-04 1.25520398e-04 1.27119241e-04 1.28698792e-04 1.30257559e-04 1.31794045e-04 1.33306749e-04 1.34794167e-04 1.36254799e-04 1.37687145e-04 1.39089716e-04 1.40461032e-04 1.41799626e-04 1.43104047e-04 1.44372863e-04 1.45604665e-04 1.46798070e-04 1.47951721e-04 1.49064296e-04 1.50134504e-04 1.51161094e-04 1.52142855e-04 1.53078617e-04 1.53967258e-04 1.54807705e-04 1.55598935e-04 1.56339979e-04 1.57029923e-04 1.57667913e-04 1.58253155e-04 1.58784915e-04 1.59262527e-04 1.59685386e-04 1.60052960e-04 1.60364780e-04 1.60620450e-04 1.60819644e-04 1.60962108e-04 1.61047659e-04 1.61076189e-04 1.61047659e-04 1.60962108e-04 1.60819644e-04 1.60620450e-04 1.60364780e-04 1.60052960e-04 1.59685386e-04 1.59262527e-04 1.58784915e-04 1.58253155e-04 1.57667913e-04 1.57029923e-04 1.56339979e-04 1.55598935e-04 1.54807705e-04 1.53967258e-04 1.53078617e-04 1.52142855e-04 1.51161094e-04 1.50134504e-04 1.49064296e-04 1.47951721e-04 1.46798070e-04 1.45604665e-04 1.44372863e-04 1.43104047e-04 1.41799626e-04 1.40461032e-04 1.39089716e-04 1.37687145e-04 1.36254799e-04 1.34794167e-04 1.33306749e-04 1.31794045e-04 1.30257559e-04 1.28698792e-04 1.27119241e-04 1.25520398e-04 1.23903743e-04 1.22270746e-04 1.20622862e-04 1.18961530e-04 1.17288169e-04 1.15604178e-04 1.13910935e-04 1.12209791e-04 1.10502072e-04 1.08789076e-04 1.07072074e-04 1.05352303e-04 1.03630970e-04 1.01909250e-04 1.00188284e-04 9.84691778e-05 9.67530024e-05 9.50407932e-05 9.33335491e-05 9.16322326e-05 8.99377692e-05 8.82510471e-05 8.65729176e-05 8.49041948e-05 8.32456556e-05 8.15980403e-05 7.99620525e-05 7.83383594e-05 7.67275925e-05 7.51303480e-05 7.35471870e-05 7.19786364e-05 7.04251897e-05 6.88873070e-05 6.73654166e-05 6.58599148e-05 6.43711675e-05 6.28995105e-05 6.14452507e-05 6.00086665e-05 5.85900090e-05 5.71895029e-05 5.58073470e-05 5.44437157e-05 5.30987592e-05 5.18350822e-05 5.10008685e-05 5.01673076e-05 4.93345488e-05 4.85027370e-05 4.76720128e-05 4.68425120e-05 4.60143667e-05 4.51877043e-05 4.43626482e-05 4.35393177e-05 4.27178281e-05 4.18982908e-05 4.10808132e-05 4.02654989e-05 3.94524479e-05 3.86417565e-05
1.08353938e-04 1.02569877e-04 9.35112970e-05 9.38696955e-05 9.55552044e-05 9.72880100e-05 9.90253700e-05 1.00765908e-04 1.02508538e-04 1.04252137e-04 1.05995548e-04 1.07737579e-04 1.09477003e-04 1.11212564e-04 1.12942971e-04 1.14666905e-04 1.16383016e-04 1.18089932e-04 1.19786250e-04 1.21470547e-04 1.23141377e-04 1.24797277e-04 1.26436764e-04 1.28058342e-04 1.29660501e-04 1.31241723e-04 1.32800480e-04 1.34335243e-04 1.35844479e-04 1.37326656e-04 1.38780247e-04 1.40203731e-04 1.41595598e-04 1.42954351e-04 1.44278509e-04 1.45566611e-04 1.46817218e-04 1.48028917e-04 1.49200325e-04 1.50330089e-04 1.51416892e-04 1.52459455e-04 1.53456541e-04 1.54406956e-04 1.55309553e-04 1.56163235e-04 1.56966957e-04 1.57719728e-04 1.58420615e-04 1.59068745e-04 1.59663305e-04 1.60203546e-04 1.60688787e-04 1.61118411e-04 1.61491871e-04 1.61808689e-04 1.62068461e-04 1.62270854e-04 1.62415606e-04 1.62502532e-04 1.62531520e-04 1.62502532e-04 1.62415606e-04 1.62270854e-04 1.62068461e-04 1.61808689e-04 1.61491871e-04 1.61118411e-04 1.60688787e-04 1.60203546e-04 1.59663305e-04 1.59068745e-04 1.58420615e-04 1.57719728e-04 1.56966957e-04 1.56163235e-04 1.55309553e-04 1.54406956e-04 1.53456541e-04 1.52459455e-04 1.51416892e-04 1.50330089e-04 1.49200325e-04 1.48028917e-04 1.46817218e-04 1.45566611e-04 1.44278509e-04 1.42954351e-04 1.41595598e-04 1.40203731e-04 1.38780247e-04 1.37326656e-04 1.35844479e-04 1.34335243e-04 1.32800480e-04 1.31241723e-04 1.29660501e-04 1.28058342e-04 1.26436764e-04 1.24797277e-04 1.23141377e-04 1.21470547e-04 1.19786250e-04 1.18089932e-04 1.16383016e-04 1.14666905e-04 1.12942971e-04 1.11212564e-04 1.09477003e-04 1.07737579e-04 1.05995548e-04 1.04252137e-04 1.02508538e-04 1.00765908e-04 9.90253700e-05 9.72880093e-05 9.55548754e-05 9.38269801e-05 9.21052982e-05 9.03907661e-05 8.86842827e-05 8.69867086e-05 8.52988663e-05 8.36215408e-05 8.19554790e-05 8.03013906e-05 7.86599483e-05 7.70317882e-05 7.54175102e-05 7.38176786e-05 7.22328230e-05 7.06634384e-05 6.91099864e-05 6.75728958e-05 6.60525630e-05 6.45493535e-05 6.30636021e-05 6.15956142e-05 6.01456665e-05 5.87140077e-05 5.73008596e-05 5.59064183e-05 5.45308546e-05 5.31743151e-05 5.18369231e-05 5.07393421e-05 4.99029434e-05 4.90673996e-05 4.82328556e-05 4.73994522e-05 4.65673255e-05 4.57366074e-05 4.49074253e-05 4.40799026e-05 4.32541587e-05 4.24303086e-05 4.16084636e-05 4.07887309e-05 3.99712141e-05 3.91560127e-05 3.83432229e-05
1.09056657e-04 1.03172037e-04 9.39977773e-05 9.43626153e-05 9.60685649e-05 9.78225263e-05 9.95813138e-05 1.01343533e-04 1.03108083e-04 1.04873826e-04 1.06639586e-04 1.08404154e-04 1.10166286e-04 1.11924702e-04 1.13678094e-04 1.15425118e-04 1.17164406e-04 1.18894558e-04 1.20614149e-04 1.22321731e-04 1.24015833e-04 1.25694963e-04 1.27357612e-04 1.29002256e-04 1.30627357e-04 1.32231368e-04 1.33812732e-04 1.35369889e-04 1.36901276e-04 1.38405332e-04 1.39880498e-04 1.41325222e-04 1.42737965e-04 1.44117198e-04 1.45461410e-04 1.46769109e-04 1.48038826e-04 1.49269119e-04 1.50458574e-04 1.51605811e-04 1.52709484e-04 1.53768287e-04 1.54780955e-04 1.55746269e-04 1.56663057e-04 1.57530198e-04 1.58346624e-04 1.59111323e-04 1.59823340e-04 1.60481783e-04 1.61085821e-04 1.61634691e-04 1.62127693e-04 1.62564197e-04 1.62943645e-04 1.63265549e-04 1.63529495e-04 1.63735141e-04 1.63882221e-04 1.63970546e-04 1.64000000e-04 1.63970546e-04 1.63882221e-04 1.63735141e-04 1.63529495e-04 1.63265549e-04 1.62943645e-04 1.62564197e-04 1.62127693e-04 1.61634691e-04 1.61085821e-04 1.60481783e-04 1.59823340e-04 1.59111323e-04 1.58346624e-04 1.57530198e-04 1.56663057e-04 1.55746269e-04 1.54780955e-04 1.53768287e-04 1.52709484e-04 1.51605811e-04 1.50458574e-04 1.49269119e-04 1.48038826e-04 1.46769109e-04 1.45461410e-04 1.44117198e-04 1.42737965e-04 1.41325222e-04 1.39880498e-04 1.38405332e-04 1.36901276e-04 1.35369889e-04 1.33812732e-04 1.32231368e-04 1.30627357e-04 1.29002256e-04 1.27357612e-04 1.25694963e-04 1.24015833e-04 1.22321731e-04 1.20614149e-04 1.18894558e-04 1.17164406e-04 1.15425118e-04 1.13678094e-04 1.11924702e-04 1.10166286e-04 1.08404154e-04 1.06639586e-04 1.04873826e-04 1.03108083e-04 1.01343533e-04 9.95813138e-05 9.78225257e-05 9.60682324e-05 9.43194592e-05 9.25771928e-05 9.08423810e-05 8.91159330e-05 8.73987189e-05 8.56915698e-05 8.39952783e-05 8.23105983e-05 8.06382456e-05 7.89788981e-05 7.73331964e-05 7.57017442e-05 7.40851088e-05 7.24838222e-05 7.08983812e-05 6.93292485e-05 6.77768531e-05 6.62415918e-05 6.47238291e-05 6.32238989e-05 6.17421050e-05 6.02787219e-05 5.88339959e-05 5.74081460e-05 5.60013650e-05 5.46138201e-05 5.32456539e-05 5.18969859e-05 5.05679125e-05 4.96367074e-05 4.87983749e-05 4.79610959e-05 4.71250110e-05 4.62902566e-05 4.54569644e-05 4.46252621e-05 4.37952730e-05 4.29671162e-05 4.21409067e-05 4.13167557e-05 4.04947701e-05 3.96750534e-05 3.88577048e-05 3.80428203e-05
1.09791331e-04 1.03802593e-04 9.45087922e-05 9.48802940e-05 9.66073794e-05 9.83832159e-05 1.00164159e-04 1.01948797e-04 1.03736013e-04 1.05524652e-04 1.07313522e-04 1.09101394e-04 1.10887005e-04 1.12669056e-04 1.14446215e-04 1.16217118e-04 1.17980372e-04 1.19734554e-04 1.21478214e-04 1.23209876e-04 1.24928045e-04 1.26631200e-04 1.28317804e-04 1.29986305e-04 1.31635135e-04 1.33262717e-04 1.34867464e-04 1.36447785e-04 1.38002086e-04 1.39528773e-04 1.41026257e-04 1.42492955e-04 1.43927294e-04 1.45327714e-04 1.46692672e-04 1.48020646e-04 1.49310134e-04 1.50559664e-04 1.51767792e-04 1.52933107e-04 1.54054234e-04 1.55129840e-04 1.56158632e-04 1.57139362e-04 1.58070835e-04 1.58951903e-04 1.59781474e-04 1.60558515e-04 1.61282050e-04 1.61951165e-04 1.62565013e-04 1.63122810e-04 1.63623843e-04 1.64067468e-04 1.64453114e-04 1.64780281e-04 1.65048545e-04 1.65257558e-04 1.65407048e-04 1.65496820e-04 1.65526757e-04 1.65496820e-04 1.65407048e-04 1.65257558e-04 1.65048545e-04 1.64780281e-04 1.64453114e-04 1.64067468e-04 1.63623843e-04 1.63122810e-04 1.62565013e-04 1.61951165e-04 1.61282050e-04 1.60558515e-04 1.59781474e-04 1.58951903e-04 1.58070835e-04 1.57139362e-04 1.56158632e-04 1.55129840e-04 1.54054234e-04 1.52933107e-04 1.51767792e-04 1.50559664e-04 1.49310134e-04 1.48020646e-04 1.46692672e-04 1.45327714e-04 1.43927294e-04 1.42492955e-04 1.41026257e-04 1.39528773e-04 1.38002086e-04 1.36447785e-04 1.34867464e-04 1.33262717e-04 1.31635135e-04 1.29986305e-04 1.28317804e-04 1.26631200e-04 1.24928045e-04 1.23209876e-04 1.21478214e-04 1.19734554e-04 1.17980372e-04 1.16217118e-04 1.14446215e-04 1.12669056e-04 1.10887005e-04 1.09101394e-04 1.07313522e-04 1.05524652e-04 1.03736013e-04 1.01948797e-04 1.00164159e-04 9.83832152e-05 9.66070434e-05 9.48366823e-05 9.30731313e-05 9.13173500e-05 8.95702579e-05 8.78327350e-05 8.61056212e-05 8.43897170e-05 8.26857834e-05 8.09945423e-05 7.93166771e-05 7.76528329e-05 7.60036173e-05 7.43696009e-05 7.27513177e-05 7.11492665e-05 6.95639110e-05 6.79956807e-05 6.64449722e-05 6.49121495e-05 6.33975453e-05 6.19014614e-05 6.04241705e-05 5.89659161e-05 5.75269145e-05 5.61073547e-05 5.47074005e-05 5.33271905e-05 5.19668395e-05 5.06264396e-05 4.93685845e-05 4.85274599e-05 4.76874430e-05 4.68486745e-05 4.60112908e-05 4.51754237e-05 4.43412008e-05 4.35087454e-05 4.26781765e-05 4.18496089e-05 4.10231537e-05 4.01989177e-05 3.93770039e-05 3.85575116e-05 3.77405362e-05
1.10528454e-04 1.04433567e-04 9.50188181e-05 9.53971131e-05 9.71455731e-05 9.89435347e-05 1.00746892e-04 1.02554215e-04 1.04364371e-04 1.06176188e-04 1.07988456e-04 1.09799930e-04 1.11609323e-04 1.13415319e-04 1.15216562e-04 1.17011666e-04 1.18799214e-04 1.20577759e-04 1.22345825e-04 1.24101911e-04 1.25844492e-04 1.27572022e-04 1.29282934e-04 1.30975647e-04 1.32648563e-04 1.34300073e-04 1.35928561e-04 1.37532404e-04 1.39109975e-04 1.40659650e-04 1.42179806e-04 1.43668828e-04 1.45125110e-04 1.46547061e-04 1.47933104e-04 1.49281685e-04 1.50591272e-04 1.51860358e-04 1.53087471e-04 1.54271168e-04 1.55410045e-04 1.56502739e-04 1.57547928e-04 1.58544339e-04 1.59490748e-04 1.60385983e-04 1.61228928e-04 1.62018525e-04 1.62753777e-04 1.63433752e-04 1.64057580e-04 1.64624462e-04 1.65133667e-04 1.65584538e-04 1.65976490e-04 1.66309013e-04 1.66581672e-04 1.66794111e-04 1.66946053e-04 1.67037298e-04 1.67067727e-04 1.67037298e-04 1.66946053e-04 1.66794111e-04 1.66581672e-04 1.66309013e-04 1.65976490e-04 1.65584538e-04 1.65133667e-04 1.64624462e-04 1.64057580e-04 1.63433752e-04 1.62753777e-04 1.62018525e-04 1.61228928e-04 1.60385983e-04 1.59490748e-04 1.58544339e-04 1.57547928e-04 1.56502739e-04 1.55410045e-04 1.54271168e-04 1.53087471e-04 1.51860358e-04 1.50591272e-04 1.49281685e-04 1.47933104e-04 1.46547061e-04 1.45125110e-04 1.43668828e-04 1.42179806e-04 1.40659650e-04 1.39109975e-04 1.37532404e-04 1.35928561e-04 1.34300073e-04 1.32648563e-04 1.30975647e-04 1.29282934e-04 1.27572022e-04 1.25844492e-04 1.24101911e-04 1.22345825e-04 1.20577759e-04 1.18799214e-04 1.17011666e-04 1.15216562e-04 1.13415319e-04 1.11609323e-04 1.09799930e-04 1.07988456e-04 1.06176188e-04 1.04364371e-04 1.02554215e-04 1.00746892e-04 9.89435341e-05 9.71452335e-05 9.53530426e-05 9.35679735e-05 9.17909973e-05 9.00230444e-05 8.82650044e-05 8.65177261e-05 8.47820177e-05 8.30586474e-05 8.13483432e-05 7.96517939e-05 7.79696489e-05 7.63025198e-05 7.46509799e-05 7.30155659e-05 7.13967778e-05 6.97950803e-05 6.82109035e-05 6.66446435e-05 6.50966634e-05 6.35672946e-05 6.20568373e-05 6.05655614e-05 5.90937080e-05 5.76414900e-05 5.62090931e-05 5.47966769e-05 5.34043758e-05 5.20323002e-05 5.06805374e-05 4.93491523e-05 4.82546395e-05 4.74118820e-05 4.65704280e-05 4.57304136e-05 4.48919709e-05 4.40552272e-05 4.32203059e-05 4.23873258e-05 4.15564018e-05 4.07276445e-05 3.99011606e-05 3.90770529e-05 3.82554203e-05 3.74363581e-05
1.11267979e-04 1.05064870e-04 9.55277563e-05 9.59129765e-05 9.76830516e-05 9.95033906e-05 1.01329423e-04 1.03159699e-04 1.04993071e-04 1.06828351e-04 1.08664311e-04 1.10499685e-04 1.12333168e-04 1.14163421e-04 1.15989069e-04 1.17808701e-04 1.19620875e-04 1.21424121e-04 1.23216936e-04 1.24997792e-04 1.26765137e-04 1.28517396e-04 1.30252975e-04 1.31970259e-04 1.33667622e-04 1.35343425e-04 1.36996018e-04 1.38623746e-04 1.40224951e-04 1.41797975e-04 1.43341163e-04 1.44852865e-04 1.46331444e-04 1.47775274e-04 1.49182747e-04 1.50552274e-04 1.51882291e-04 1.53171260e-04 1.54417674e-04 1.55620063e-04 1.56776989e-04 1.57887061e-04 1.58948928e-04 1.59961288e-04 1.60922890e-04 1.61832537e-04 1.62689086e-04 1.63491458e-04 1.64238633e-04 1.64929655e-04 1.65563639e-04 1.66139765e-04 1.66657287e-04 1.67115531e-04 1.67513901e-04 1.67851873e-04 1.68129005e-04 1.68344932e-04 1.68499370e-04 1.68592114e-04 1.68623042e-04 1.68592114e-04 1.68499370e-04 1.68344932e-04 1.68129005e-04 1.67851873e-04 1.67513901e-04 1.67115531e-04 1.66657287e-04 1.66139765e-04 1.65563639e-04 1.64929655e-04 1.64238633e-04 1.63491458e-04 1.62689086e-04 1.61832537e-04 1.60922890e-04 1.59961288e-04 1.58948928e-04 1.57887061e-04 1.56776989e-04 1.55620063e-04 1.54417674e-04 1.53171260e-04 1.51882291e-04 1.50552274e-04 1.49182747e-04 1.47775274e-04 1.46331444e-04 1.44852865e-04 1.43341163e-04 1.41797975e-04 1.40224951e-04 1.38623746e-04 1.36996018e-04 1.35343425e-04 1.33667622e-04 1.31970259e-04 1.30252975e-04 1.28517396e-04 1.26765137e-04 1.24997792e-04 1.23216936e-04 1.21424121e-04 1.19620875e-04 1.17808701e-04 1.15989069e-04 1.14163421e-04 1.12333168e-04 1.10499685e-04 1.08664311e-04 1.06828351e-04 1.04993071e-04 1.03159699e-04 1.01329423e-04 9.95033899e-05 9.76827083e-05 9.58684440e-05 9.40616215e-05 9.22632239e-05 9.04741921e-05 8.86954255e-05 8.69277818e-05 8.51720771e-05 8.34290864e-05 8.16995440e-05 7.99841437e-05 7.82835397e-05 7.65983468e-05 7.49291415e-05 7.32764624e-05 7.16408112e-05 7.00226533e-05 6.84224189e-05 6.68405037e-05 6.52772698e-05 6.37330471e-05 6.22081336e-05 6.07027969e-05 5.92172750e-05 5.77517774e-05 5.63064861e-05 5.48815566e-05 5.34771189e-05 5.20932786e-05 5.07301179e-05 4.93876966e-05 4.80660530e-05 4.71343981e-05 4.62902566e-05 4.54476104e-05 4.46065914e-05 4.37673271e-05 4.29299405e-05 4.20945505e-05 4.12612717e-05 4.04302145e-05 3.96014855e-05 3.87751872e-05 3.79514183e-05 3.71302736e-05
1.12009860e-04 1.05696412e-04 9.60355056e-05 9.64277856e-05 9.82197184e-05 1.00062689e-04 1.01911658e-04 1.03765159e-04 1.05622028e-04 1.07481058e-04 1.09341004e-04 1.11200581e-04 1.13058465e-04 1.14913294e-04 1.16763669e-04 1.18608159e-04 1.20445297e-04 1.22273585e-04 1.24091496e-04 1.25897475e-04 1.27689940e-04 1.29467289e-04 1.31227895e-04 1.32970117e-04 1.34692295e-04 1.36392758e-04 1.38069825e-04 1.39721808e-04 1.41347016e-04 1.42943757e-04 1.44510342e-04 1.46045088e-04 1.47546323e-04 1.49012388e-04 1.50441640e-04 1.51832458e-04 1.53183243e-04 1.54492425e-04 1.55758465e-04 1.56979859e-04 1.58155141e-04 1.59282886e-04 1.60361715e-04 1.61390298e-04 1.62367355e-04 1.63291662e-04 1.64162053e-04 1.64977421e-04 1.65736726e-04 1.66438990e-04 1.67083307e-04 1.67668839e-04 1.68194824e-04 1.68660573e-04 1.69065473e-04 1.69408993e-04 1.69690677e-04 1.69910153e-04 1.70067130e-04 1.70161400e-04 1.70192837e-04 1.70161400e-04 1.70067130e-04 1.69910153e-04 1.69690677e-04 1.69408993e-04 1.69065473e-04 1.68660573e-04 1.68194824e-04 1.67668839e-04 1.67083307e-04 1.66438990e-04 1.65736726e-04 1.64977421e-04 1.64162053e-04 1.63291662e-04 1.62367355e-04 1.61390298e-04 1.60361715e-04 1.59282886e-04 1.58155141e-04 1.56979859e-04 1.55758465e-04 1.54492425e-04 1.53183243e-04 1.51832458e-04 1.50441640e-04 1.49012388e-04 1.47546323e-04 1.46045088e-04 1.44510342e-04 1.42943757e-04 1.41347016e-04 1.39721808e-04 1.38069825e-04 1.36392758e-04 1.34692295e-04 1.32970117e-04 1.31227895e-04 1.29467289e-04 1.27689940e-04 1.25897475e-04 1.24091496e-04 1.22273585e-04 1.20445297e-04 1.18608159e-04 1.16763669e-04 1.14913294e-04 1.13058465e-04 1.11200581e-04 1.09341004e-04 1.07481058e-04 1.05622028e-04 1.03765159e-04 1.01911658e-04 1.00062688e-04 9.82193715e-05 9.63827880e-05 9.45539753e-05 9.27339280e-05 9.09235981e-05 8.91238945e-05 8.73356837e-05 8.55597897e-05 8.37969945e-05 8.20480383e-05 8.03136201e-05 7.85943985e-05 7.68909918e-05 7.52039792e-05 7.35339014e-05 7.18812613e-05 7.02465250e-05 6.86301227e-05 6.70324495e-05 6.54538663e-05 6.38947012e-05 6.23552501e-05 6.08357778e-05 5.93365192e-05 5.78576801e-05 5.63994387e-05 5.49619461e-05 5.35453277e-05 5.21496841e-05 5.07750923e-05 4.94216067e-05 4.80892599e-05 4.68549760e-05 4.60081455e-05 4.51628665e-05 4.43192709e-05 4.34774861e-05 4.26376351e-05 4.17998365e-05 4.09642049e-05 4.01308504e-05 3.92998794e-05 3.84713940e-05 3.76454928e-05 3.68222701e-05
1.12754049e-04 1.06328096e-04 9.65419627e-05 9.69414400e-05 9.87554747e-05 1.00621333e-04 1.02493505e-04 1.04370504e-04 1.06251151e-04 1.08134221e-04 1.10018453e-04 1.11902539e-04 1.13785137e-04 1.15664862e-04 1.17540294e-04 1.19409976e-04 1.21272418e-04 1.23126096e-04 1.24969455e-04 1.26800912e-04 1.28618859e-04 1.30421662e-04 1.32207665e-04 1.33975195e-04 1.35722560e-04 1.37448059e-04 1.39149975e-04 1.40826589e-04 1.42476174e-04 1.44097005e-04 1.45687358e-04 1.47245517e-04 1.48769774e-04 1.50258435e-04 1.51709822e-04 1.53122281e-04 1.54494179e-04 1.55823911e-04 1.57109906e-04 1.58350626e-04 1.59544573e-04 1.60690293e-04 1.61786374e-04 1.62831458e-04 1.63824236e-04 1.64763458e-04 1.65647930e-04 1.66476522e-04 1.67248168e-04 1.67961871e-04 1.68616703e-04 1.69211807e-04 1.69746404e-04 1.70219789e-04 1.70631337e-04 1.70980501e-04 1.71266818e-04 1.71489906e-04 1.71649468e-04 1.71745291e-04 1.71777246e-04 1.71745291e-04 1.71649468e-04 1.71489906e-04 1.71266818e-04 1.70980501e-04 1.70631337e-04 1.70219789e-04 1.69746404e-04 1.69211807e-04 1.68616703e-04 1.67961871e-04 1.67248168e-04 1.66476522e-04 1.65647930e-04 1.64763458e-04 1.63824236e-04 1.62831458e-04 1.61786374e-04 1.60690293e-04 1.59544573e-04 1.58350626e-04 1.57109906e-04 1.55823911e-04 1.54494179e-04 1.53122281e-04 1.51709822e-04 1.50258435e-04 1.48769774e-04 1.47245517e-04 1.45687358e-04 1.44097005e-04 1.42476174e-04 1.40826589e-04 1.39149975e-04 1.37448059e-04 1.35722560e-04 1.33975195e-04 1.32207665e-04 1.30421662e-04 1.28618859e-04 1.26800912e-04 1.24969455e-04 1.23126096e-04 1.21272418e-04 1.19409976e-04 1.17540294e-04 1.15664862e-04 1.13785137e-04 1.11902539e-04 1.10018453e-04 1.08134221e-04 1.06251151e-04 1.04370504e-04 1.02493505e-04 1.00621332e-04 9.87551241e-05 9.68959742e-05 9.50449327e-05 9.32030063e-05 9.13711576e-05 8.95503054e-05 8.77413250e-05 8.59450482e-05 8.41622637e-05 8.23937179e-05 8.06401147e-05 7.89021170e-05 7.71803465e-05 7.54753850e-05 7.37877751e-05 7.21180209e-05 7.04665890e-05 6.88339093e-05 6.72203761e-05 6.56263491e-05 6.40521543e-05 6.24980853e-05 6.09644039e-05 5.94513416e-05 5.79591007e-05 5.64878549e-05 5.50377509e-05 5.36089092e-05 5.22014254e-05 5.08153711e-05 4.94507947e-05 4.81077232e-05 4.67861626e-05 4.57240797e-05 4.48761671e-05 4.40299948e-05 4.31856900e-05 4.23433755e-05 4.15031700e-05 4.06651877e-05 3.98295386e-05 3.89963288e-05 3.81656602e-05 3.73376308e-05 3.65123350e-05
1.13500495e-04 1.06959828e-04 9.70470219e-05 9.74538368e-05 9.92902196e-05 1.01179224e-04 1.03074865e-04 1.04975639e-04 1.06880348e-04 1.08787753e-04 1.10696570e-04 1.12605476e-04 1.14513105e-04 1.16418051e-04 1.18318872e-04 1.20214085e-04 1.22102176e-04 1.23981594e-04 1.25850757e-04 1.27708056e-04 1.29551850e-04 1.31380477e-04 1.33192250e-04 1.34985464e-04 1.36758397e-04 1.38509310e-04 1.40236457e-04 1.41938082e-04 1.43612426e-04 1.45257727e-04 1.46872226e-04 1.48454172e-04 1.50001822e-04 1.51513446e-04 1.52987332e-04 1.54421789e-04 1.55815149e-04 1.57165774e-04 1.58472058e-04 1.59732431e-04 1.60945360e-04 1.62109360e-04 1.63222990e-04 1.64284858e-04 1.65293629e-04 1.66248023e-04 1.67146821e-04 1.67988867e-04 1.68773072e-04 1.69498414e-04 1.70163945e-04 1.70768791e-04 1.71312152e-04 1.71793308e-04 1.72211620e-04 1.72566530e-04 1.72857562e-04 1.73084326e-04 1.73246519e-04 1.73343922e-04 1.73376405e-04 1.73343922e-04 1.73246519e-04 1.73084326e-04 1.72857562e-04 1.72566530e-04 1.72211620e-04 1.71793308e-04 1.71312152e-04 1.70768791e-04 1.70163945e-04 1.69498414e-04 1.68773072e-04 1.67988867e-04 1.67146821e-04 1.66248023e-04 1.65293629e-04 1.64284858e-04 1.63222990e-04 1.62109360e-04 1.60945360e-04 1.59732431e-04 1.58472058e-04 1.57165774e-04 1.55815149e-04 1.54421789e-04 1.52987332e-04 1.51513446e-04 1.50001822e-04 1.48454172e-04 1.46872226e-04 1.45257727e-04 1.43612426e-04 1.41938082e-04 1.40236457e-04 1.38509310e-04 1.36758397e-04 1.34985464e-04 1.33192250e-04 1.31380477e-04 1.29551850e-04 1.27708056e-04 1.25850757e-04 1.23981594e-04 1.22102176e-04 1.20214085e-04 1.18318872e-04 1.16418051e-04 1.14513105e-04 1.12605476e-04 1.10696570e-04 1.08787753e-04 1.06880348e-04 1.04975639e-04 1.03074865e-04 1.01179223e-04 9.92898652e-05 9.74078995e-05 9.55343893e-05 9.36703528e-05 9.18167636e-05 8.99745503e-05 8.81445969e-05 8.63277430e-05 8.45247842e-05 8.27364725e-05 8.09635171e-05 7.92065848e-05 7.74663007e-05 7.57432491e-05 7.40379743e-05 7.23509814e-05 7.06827372e-05 6.90336714e-05 6.74041773e-05 6.57946129e-05 6.42053023e-05 6.26365363e-05 6.10885736e-05 5.95616423e-05 5.80559404e-05 5.65716375e-05 5.51088754e-05 5.36677697e-05 5.22484104e-05 5.08508636e-05 4.94751719e-05 4.81213561e-05 4.67894158e-05 4.54793307e-05 4.45874973e-05 4.37387482e-05 4.28919240e-05 4.20471475e-05 4.12045369e-05 4.03642063e-05 3.95262655e-05 3.86908204e-05 3.78579725e-05 3.70278196e-05 3.62004556e-05
1.14249148e-04 1.07591507e-04 9.75505753e-05 9.79648708e-05 9.98238496e-05 1.01736260e-04 1.03655640e-04 1.05580467e-04 1.07509526e-04 1.09441561e-04 1.11375269e-04 1.13309307e-04 1.15242288e-04 1.17172784e-04 1.19099328e-04 1.21020416e-04 1.22934505e-04 1.24840019e-04 1.26735349e-04 1.28618854e-04 1.30488867e-04 1.32343694e-04 1.34181617e-04 1.36000897e-04 1.37799780e-04 1.39576495e-04 1.41329259e-04 1.43056284e-04 1.44755772e-04 1.46425928e-04 1.48064958e-04 1.49671073e-04 1.51242494e-04 1.52777455e-04 1.54274208e-04 1.55731025e-04 1.57146204e-04 1.58518071e-04 1.59844985e-04 1.61125341e-04 1.62357576e-04 1.63540168e-04 1.64671646e-04 1.65750588e-04 1.66775628e-04 1.67745458e-04 1.68658832e-04 1.69514566e-04 1.70311549e-04 1.71048735e-04 1.71725155e-04 1.72339913e-04 1.72892193e-04 1.73381259e-04 1.73806455e-04 1.74167212e-04 1.74463043e-04 1.74693550e-04 1.74858420e-04 1.74957432e-04 1.74990451e-04 1.74957432e-04 1.74858420e-04 1.74693550e-04 1.74463043e-04 1.74167212e-04 1.73806455e-04 1.73381259e-04 1.72892193e-04 1.72339913e-04 1.71725155e-04 1.71048735e-04 1.70311549e-04 1.69514566e-04 1.68658832e-04 1.67745458e-04 1.66775628e-04 1.65750588e-04 1.64671646e-04 1.63540168e-04 1.62357576e-04 1.61125341e-04 1.59844985e-04 1.58518071e-04 1.57146204e-04 1.55731025e-04 1.54274208e-04 1.52777455e-04 1.51242494e-04 1.49671073e-04 1.48064958e-04 1.46425928e-04 1.44755772e-04 1.43056284e-04 1.41329259e-04 1.39576495e-04 1.37799780e-04 1.36000897e-04 1.34181617e-04 1.32343694e-04 1.30488867e-04 1.28618854e-04 1.26735349e-04 1.24840019e-04 1.22934505e-04 1.21020416e-04 1.19099328e-04 1.17172784e-04 1.15242288e-04 1.13309307e-04 1.11375269e-04 1.09441561e-04 1.07509526e-04 1.05580467e-04 1.03655640e-04 1.01736259e-04 9.98234915e-05 9.79184591e-05 9.60222383e-05 9.41358595e-05 9.22603070e-05 9.03965191e-05 8.85453886e-05 8.67077628e-05 8.48844440e-05 8.30761901e-05 8.12837151e-05 7.95076899e-05 7.77487426e-05 7.60074601e-05 7.42843880e-05 7.25800323e-05 7.08948601e-05 6.92293004e-05 6.75837453e-05 6.59585512e-05 6.43540398e-05 6.27704989e-05 6.12081842e-05 5.96673197e-05 5.81480995e-05 5.66506883e-05 5.51752231e-05 5.37218141e-05 5.22905459e-05 5.08814786e-05 4.94946488e-05 4.81300709e-05 4.67877379e-05 4.54676231e-05 4.42968420e-05 4.34455165e-05 4.25961738e-05 4.17489366e-05 4.09039229e-05 4.00612467e-05 3.92210175e-05 3.83833408e-05 3.75483179e-05 3.67160461e-05 3.58866191e-05
1.14999953e-04 1.08223031e-04 9.80525126e-05 9.84744346e-05 1.00356259e-04 1.02292338e-04 1.04235729e-04 1.06184889e-04 1.08138589e-04 1.10095552e-04 1.12054459e-04 1.14013945e-04 1.15972602e-04 1.17928980e-04 1.19881589e-04 1.21828897e-04 1.23769339e-04 1.25701309e-04 1.27623171e-04 1.29533255e-04 1.31429863e-04 1.33311270e-04 1.35175727e-04 1.37021462e-04 1.38846685e-04 1.40649593e-04 1.42428369e-04 1.44181185e-04 1.45906212e-04 1.47601616e-04 1.49265566e-04 1.50896237e-04 1.52491813e-04 1.54050491e-04 1.55570486e-04 1.57050033e-04 1.58487393e-04 1.59880857e-04 1.61228748e-04 1.62529427e-04 1.63781294e-04 1.64982796e-04 1.66132429e-04 1.67228739e-04 1.68270329e-04 1.69255863e-04 1.70184066e-04 1.71053729e-04 1.71863714e-04 1.72612952e-04 1.73300452e-04 1.73925298e-04 1.74486656e-04 1.74983771e-04 1.75415974e-04 1.75782682e-04 1.76083397e-04 1.76317713e-04 1.76485309e-04 1.76585958e-04 1.76619523e-04 1.76585958e-04 1.76485309e-04 1.76317713e-04 1.76083397e-04 1.75782682e-04 1.75415974e-04 1.74983771e-04 1.74486656e-04 1.73925298e-04 1.73300452e-04 1.72612952e-04 1.71863714e-04 1.71053729e-04 1.70184066e-04 1.69255863e-04 1.68270329e-04 1.67228739e-04 1.66132429e-04 1.64982796e-04 1.63781294e-04 1.62529427e-04 1.61228748e-04 1.59880857e-04 1.58487393e-04 1.57050033e-04 1.55570486e-04 1.54050491e-04 1.52491813e-04 1.50896237e-04 1.49265566e-04 1.47601616e-04 1.45906212e-04 1.44181185e-04 1.42428369e-04 1.40649593e-04 1.38846685e-04 1.37021462e-04 1.35175727e-04 1.33311270e-04 1.31429863e-04 1.29533255e-04 1.27623171e-04 1.25701309e-04 1.23769339e-04 1.21828897e-04 1.19881589e-04 1.17928980e-04 1.15972602e-04 1.14013945e-04 1.12054459e-04 1.10095552e-04 1.08138589e-04 1.06184889e-04 1.04235729e-04 1.02292337e-04 1.00355897e-04 9.84275455e-05 9.65083710e-05 9.45994163e-05 9.27016763e-05 9.08160994e-05 8.89435869e-05 8.70849938e-05 8.52411291e-05 8.34127564e-05 8.16005945e-05 7.98053180e-05 7.80275584e-05 7.62679044e-05 7.45269033e-05 7.28050617e-05 7.11028464e-05 6.94206859e-05 6.77589710e-05 6.61180560e-05 6.44982600e-05 6.28998679e-05 6.13231318e-05 5.97682717e-05 5.82354771e-05 5.67249081e-05 5.52366964e-05 5.37709469e-05 5.23277381e-05 5.09071241e-05 4.95091352e-05 4.81337793e-05 4.67810427e-05 4.54508917e-05 4.41432731e-05 4.31502847e-05 4.22984247e-05 4.14487285e-05 4.06013141e-05 3.97562951e-05 3.89137808e-05 3.80738764e-05 3.72366829e-05 3.64022974e-05 3.55708129e-05
1.15752857e-04 1.08854295e-04 9.85527210e-05 9.89824185e-05 1.00887340e-04 1.02847352e-04 1.04815027e-04 1.06788804e-04 1.08767436e-04 1.10749630e-04 1.12734047e-04 1.14719300e-04 1.16703961e-04 1.18686558e-04 1.20665574e-04 1.22639455e-04 1.24606607e-04 1.26565399e-04 1.28514163e-04 1.30451203e-04 1.32374788e-04 1.34283162e-04 1.36174543e-04 1.38047125e-04 1.39899085e-04 1.41728585e-04 1.43533770e-04 1.45312778e-04 1.47063743e-04 1.48784793e-04 1.50474060e-04 1.52129682e-04 1.53749803e-04 1.55332585e-04 1.56876202e-04 1.58378855e-04 1.59838766e-04 1.61254188e-04 1.62623409e-04 1.63944754e-04 1.65216588e-04 1.66437323e-04 1.67605422e-04 1.68719400e-04 1.69777828e-04 1.70779339e-04 1.71722630e-04 1.72606465e-04 1.73429680e-04 1.74191183e-04 1.74889959e-04 1.75525072e-04 1.76095667e-04 1.76600975e-04 1.77040310e-04 1.77413075e-04 1.77718762e-04 1.77956954e-04 1.78127324e-04 1.78229640e-04 1.78263761e-04 1.78229640e-04 1.78127324e-04 1.77956954e-04 1.77718762e-04 1.77413075e-04 1.77040310e-04 1.76600975e-04 1.76095667e-04 1.75525072e-04 1.74889959e-04 1.74191183e-04 1.73429680e-04 1.72606465e-04 1.71722630e-04 1.70779339e-04 1.69777828e-04 1.68719400e-04 1.67605422e-04 1.66437323e-04 1.65216588e-04 1.63944754e-04 1.62623409e-04 1.61254188e-04 1.59838766e-04 1.58378855e-04 1.56876202e-04 1.55332585e-04 1.53749803e-04 1.52129682e-04 1.50474060e-04 1.48784793e-04 1.47063743e-04 1.45312778e-04 1.43533770e-04 1.41728585e-04 1.39899085e-04 1.38047125e-04 1.36174543e-04 1.34283162e-04 1.32374788e-04 1.30451203e-04 1.28514163e-04 1.26565399e-04 1.24606607e-04 1.22639455e-04 1.20665574e-04 1.18686558e-04 1.16703961e-04 1.14719300e-04 1.12734047e-04 1.10749630e-04 1.08767436e-04 1.06788804e-04 1.04815027e-04 1.02847351e-04 1.00886975e-04 9.89350489e-05 9.69926761e-05 9.50609104e-05 9.31407580e-05 9.12331767e-05 8.93390766e-05 8.74593203e-05 8.55947234e-05 8.37460552e-05 8.19140390e-05 8.00993534e-05 7.83026324e-05 7.65244671e-05 7.47654058e-05 7.30259556e-05 7.13065833e-05 6.96077162e-05 6.79297436e-05 6.62730177e-05 6.46378547e-05 6.30245365e-05 6.14333110e-05 5.98643943e-05 5.83179712e-05 5.67941966e-05 5.52931970e-05 5.38150712e-05 5.23598920e-05 5.09277070e-05 4.95185401e-05 4.81323923e-05 4.67692431e-05 4.54290515e-05 4.41117572e-05 4.28530379e-05 4.19986618e-05 4.11465085e-05 4.02966959e-05 3.94493372e-05 3.86045416e-05 3.77624138e-05 3.69230544e-05 3.60865603e-05 3.52530241e-05
1.16507804e-04 1.09485192e-04 9.90510855e-05 9.94887102e-05 1.01416983e-04 1.03401193e-04 1.05393428e-04 1.07392108e-04 1.09395968e-04 1.11403697e-04 1.13413937e-04 1.15425281e-04 1.17436278e-04 1.19445432e-04 1.21451204e-04 1.23452013e-04 1.25446238e-04 1.27432221e-04 1.29408265e-04 1.31372642e-04 1.33323591e-04 1.35259323e-04 1.37178023e-04 1.39077852e-04 1.40956951e-04 1.42813446e-04 1.44645446e-04 1.46451053e-04 1.48228361e-04 1.49975462e-04 1.51690450e-04 1.53371423e-04 1.55016487e-04 1.56623765e-04 1.58191394e-04 1.59717534e-04 1.61200371e-04 1.62638119e-04 1.64029030e-04 1.65371390e-04 1.66663531e-04 1.67903830e-04 1.69090713e-04 1.70222663e-04 1.71298220e-04 1.72315986e-04 1.73274629e-04 1.74172886e-04 1.75009564e-04 1.75783547e-04 1.76493798e-04 1.77139359e-04 1.77719357e-04 1.78233003e-04 1.78679597e-04 1.79058527e-04 1.79369275e-04 1.79611413e-04 1.79784607e-04 1.79888619e-04 1.79923306e-04 1.79888619e-04 1.79784607e-04 1.79611413e-04 1.79369275e-04 1.79058527e-04 1.78679597e-04 1.78233003e-04 1.77719357e-04 1.77139359e-04 1.76493798e-04 1.75783547e-04 1.75009564e-04 1.74172886e-04 1.73274629e-04 1.72315986e-04 1.71298220e-04 1.70222663e-04 1.69090713e-04 1.67903830e-04 1.66663531e-04 1.65371390e-04 1.64029030e-04 1.62638119e-04 1.61200371e-04 1.59717534e-04 1.58191394e-04 1.56623765e-04 1.55016487e-04 1.53371423e-04 1.51690450e-04 1.49975462e-04 1.48228361e-04 1.46451053e-04 1.44645446e-04 1.42813446e-04 1.40956951e-04 1.39077852e-04 1.37178023e-04 1.35259323e-04 1.33323591e-04 1.31372642e-04 1.29408265e-04 1.27432221e-04 1.25446238e-04 1.23452013e-04 1.21451204e-04 1.19445432e-04 1.17436278e-04 1.15425281e-04 1.13413937e-04 1.11403697e-04 1.09395968e-04 1.07392108e-04 1.05393428e-04 1.03401192e-04 1.01416613e-04 9.94408573e-05 9.74750399e-05 9.55202272e-05 9.35774361e-05 9.16476342e-05 8.97317403e-05 8.78306245e-05 8.59451090e-05 8.40759683e-05 8.22239307e-05 8.03896780e-05 7.85738472e-05 7.67770311e-05 7.49997792e-05 7.32425988e-05 7.15059563e-05 6.97902779e-05 6.80959510e-05 6.64233255e-05 6.47727146e-05 6.31443966e-05 6.15386156e-05 5.99555830e-05 5.83954788e-05 5.68584526e-05 5.53446252e-05 5.38540896e-05 5.23869121e-05 5.09431339e-05 4.95227720e-05 4.81258204e-05 4.67522516e-05 4.54020171e-05 4.40750492e-05 4.27712614e-05 4.16968704e-05 4.08422622e-05 3.99900541e-05 3.91403591e-05 3.82932860e-05 3.74489391e-05 3.66074190e-05 3.57688218e-05 3.49332398e-05
1.17264735e-04 1.10115611e-04 9.95474883e-05 9.99931953e-05 1.01945073e-04 1.03953750e-04 1.05970824e-04 1.07994694e-04 1.10024080e-04 1.12057652e-04 1.14094032e-04 1.16131792e-04 1.18169460e-04 1.20205516e-04 1.22238396e-04 1.24266493e-04 1.26288159e-04 1.28301706e-04 1.30305410e-04 1.32297511e-04 1.34276216e-04 1.36239704e-04 1.38186125e-04 1.40113606e-04 1.42020253e-04 1.43904153e-04 1.45763380e-04 1.47595997e-04 1.49400061e-04 1.51173626e-04 1.52914744e-04 1.54621474e-04 1.56291886e-04 1.57924060e-04 1.59516095e-04 1.61066112e-04 1.62572256e-04 1.64032705e-04 1.65445671e-04 1.66809404e-04 1.68122198e-04 1.69382394e-04 1.70588385e-04 1.71738619e-04 1.72831603e-04 1.73865908e-04 1.74840171e-04 1.75753102e-04 1.76603480e-04 1.77390164e-04 1.78112094e-04 1.78768289e-04 1.79357856e-04 1.79879989e-04 1.80333971e-04 1.80719177e-04 1.81035076e-04 1.81281230e-04 1.81457299e-04 1.81563038e-04 1.81598301e-04 1.81563038e-04 1.81457299e-04 1.81281230e-04 1.81035076e-04 1.80719177e-04 1.80333971e-04 1.79879989e-04 1.79357856e-04 1.78768289e-04 1.78112094e-04 1.77390164e-04 1.76603480e-04 1.75753102e-04 1.74840171e-04 1.73865908e-04 1.72831603e-04 1.71738619e-04 1.70588385e-04 1.69382394e-04 1.68122198e-04 1.66809404e-04 1.65445671e-04 1.64032705e-04 1.62572256e-04 1.61066112e-04 1.59516095e-04 1.57924060e-04 1.56291886e-04 1.54621474e-04 1.52914744e-04 1.51173626e-04 1.49400061e-04 1.47595997e-04 1.45763380e-04 1.43904153e-04 1.42020253e-04 1.40113606e-04 1.38186125e-04 1.36239704e-04 1.34276216e-04 1.32297511e-04 1.30305410e-04 1.28301706e-04 1.26288159e-04 1.24266493e-04 1.22238396e-04 1.20205516e-04 1.18169460e-04 1.16131792e-04 1.14094032e-04 1.12057652e-04 1.10024080e-04 1.07994694e-04 1.05970824e-04 1.03953749e-04 1.01944700e-04 9.99448562e-05 9.79553465e-05 9.59772493e-05 9.40115924e-05 9.20593530e-05 9.01214585e-05 8.81987864e-05 8.62921654e-05 8.44023755e-05 8.25301492e-05 8.06761720e-05 7.88410834e-05 7.70254777e-05 7.52299056e-05 7.34548742e-05 7.17008494e-05 6.99682561e-05 6.82574795e-05 6.65688671e-05 6.49027288e-05 6.32593390e-05 6.16389378e-05 6.00417318e-05 5.84678957e-05 5.69175738e-05 5.53908808e-05 5.38879035e-05 5.24087019e-05 5.09533101e-05 4.95217383e-05 4.81139733e-05 4.67299799e-05 4.53697024e-05 4.40330651e-05 4.27199740e-05 4.14303174e-05 4.05359749e-05 3.96813743e-05 3.88293465e-05 3.79800000e-05 3.71334389e-05 3.62897631e-05 3.54490685e-05 3.46114471e-05
1.18023592e-04 1.10745438e-04 1.00041809e-04 1.00495757e-04 1.02471497e-04 1.04504910e-04 1.06547103e-04 1.08596454e-04 1.10651666e-04 1.12711391e-04 1.14774231e-04 1.16838737e-04 1.18903415e-04 1.20966720e-04 1.23027063e-04 1.25082812e-04 1.27132291e-04 1.29173783e-04 1.31205532e-04 1.33225749e-04 1.35232609e-04 1.37224256e-04 1.39198805e-04 1.41154349e-04 1.43088957e-04 1.45000679e-04 1.46887551e-04 1.48747598e-04 1.50578837e-04 1.52379283e-04 1.54146948e-04 1.55879851e-04 1.57576021e-04 1.59233498e-04 1.60850340e-04 1.62424629e-04 1.63954470e-04 1.65438001e-04 1.66873394e-04 1.68258863e-04 1.69592663e-04 1.70873098e-04 1.72098526e-04 1.73267360e-04 1.74378073e-04 1.75429206e-04 1.76419364e-04 1.77347225e-04 1.78211545e-04 1.79011156e-04 1.79744971e-04 1.80411989e-04 1.81011296e-04 1.81542067e-04 1.82003569e-04 1.82395163e-04 1.82716305e-04 1.82966547e-04 1.83145542e-04 1.83253039e-04 1.83288889e-04 1.83253039e-04 1.83145542e-04 1.82966547e-04 1.82716305e-04 1.82395163e-04 1.82003569e-04 1.81542067e-04 1.81011296e-04 1.80411989e-04 1.79744971e-04 1.79011156e-04 1.78211545e-04 1.77347225e-04 1.76419364e-04 1.75429206e-04 1.74378073e-04 1.73267360e-04 1.72098526e-04 1.70873098e-04 1.69592663e-04 1.68258863e-04 1.66873394e-04 1.65438001e-04 1.63954470e-04 1.62424629e-04 1.60850340e-04 1.59233498e-04 1.57576021e-04 1.55879851e-04 1.54146948e-04 1.52379283e-04 1.50578837e-04 1.48747598e-04 1.46887551e-04 1.45000679e-04 1.43088957e-04 1.41154349e-04 1.39198805e-04 1.37224256e-04 1.35232609e-04 1.33225749e-04 1.31205532e-04 1.29173783e-04 1.27132291e-04 1.25082812e-04 1.23027063e-04 1.20966720e-04 1.18903415e-04 1.16838737e-04 1.14774231e-04 1.12711391e-04 1.10651666e-04 1.08596454e-04 1.06547103e-04 1.04504909e-04 1.02471120e-04 1.00446929e-04 9.84334776e-05 9.64318573e-05 9.44431064e-05 9.24682117e-05 9.05081092e-05 8.85636838e-05 8.66357704e-05 8.47251544e-05 8.28325726e-05 8.09587137e-05 7.91042197e-05 7.72696864e-05 7.54556651e-05 7.36626630e-05 7.18911450e-05 7.01415342e-05 6.84142141e-05 6.67095287e-05 6.50277850e-05 6.33692532e-05 6.17341688e-05 6.01227335e-05 5.85351167e-05 5.69714567e-05 5.54318623e-05 5.39164137e-05 5.24251640e-05 5.09581406e-05 4.95153461e-05 4.80967599e-05 4.67023394e-05 4.53320208e-05 4.39857207e-05 4.26633368e-05 4.13647497e-05 4.02276316e-05 3.93706418e-05 3.85162852e-05 3.76646697e-05 3.68158992e-05 3.59700733e-05 3.51272874e-05 3.42876329e-05
1.18784313e-04 1.11374558e-04 1.00533926e-04 1.00996275e-04 1.02996136e-04 1.05054557e-04 1.07122151e-04 1.09197276e-04 1.11278618e-04 1.13364809e-04 1.15454432e-04 1.17546017e-04 1.19638046e-04 1.21728952e-04 1.23817119e-04 1.25900889e-04 1.27978556e-04 1.30048376e-04 1.32108563e-04 1.34157294e-04 1.36192711e-04 1.38212924e-04 1.40216016e-04 1.42200040e-04 1.44163029e-04 1.46102996e-04 1.48017938e-04 1.49905841e-04 1.51764681e-04 1.53592432e-04 1.55387068e-04 1.57146565e-04 1.58868911e-04 1.60552104e-04 1.62194163e-04 1.63793126e-04 1.65347059e-04 1.66854059e-04 1.68312260e-04 1.69719833e-04 1.71074998e-04 1.72376020e-04 1.73621220e-04 1.74808977e-04 1.75937729e-04 1.77005983e-04 1.78012314e-04 1.78955370e-04 1.79833878e-04 1.80646643e-04 1.81392554e-04 1.82070588e-04 1.82679808e-04 1.83219372e-04 1.83688529e-04 1.84086625e-04 1.84413104e-04 1.84667509e-04 1.84849482e-04 1.84958769e-04 1.84995215e-04 1.84958769e-04 1.84849482e-04 1.84667509e-04 1.84413104e-04 1.84086625e-04 1.83688529e-04 1.83219372e-04 1.82679808e-04 1.82070588e-04 1.81392554e-04 1.80646643e-04 1.79833878e-04 1.78955370e-04 1.78012314e-04 1.77005983e-04 1.75937729e-04 1.74808977e-04 1.73621220e-04 1.72376020e-04 1.71074998e-04 1.69719833e-04 1.68312260e-04 1.66854059e-04 1.65347059e-04 1.63793126e-04 1.62194163e-04 1.60552104e-04 1.58868911e-04 1.57146565e-04 1.55387068e-04 1.53592432e-04 1.51764681e-04 1.49905841e-04 1.48017938e-04 1.46102996e-04 1.44163029e-04 1.42200040e-04 1.40216016e-04 1.38212924e-04 1.36192711e-04 1.34157294e-04 1.32108563e-04 1.30048376e-04 1.27978556e-04 1.25900889e-04 1.23817119e-04 1.21728952e-04 1.19638046e-04 1.17546017e-04 1.15454432e-04 1.13364809e-04 1.11278618e-04 1.09197276e-04 1.07122151e-04 1.05054557e-04 1.02995755e-04 1.00946955e-04 9.89093124e-05 9.68839292e-05 9.48718551e-05 9.28740867e-05 9.08915683e-05 8.89251921e-05 8.69757994e-05 8.50441806e-05 8.31310765e-05 8.12371793e-05 7.93631329e-05 7.75095347e-05 7.56769363e-05 7.38658447e-05 7.20767235e-05 7.03099944e-05 6.85660379e-05 6.68451954e-05 6.51477698e-05 6.34740272e-05 6.18241985e-05 6.01984799e-05 5.85970354e-05 5.70199971e-05 5.54674674e-05 5.39395198e-05 5.24362004e-05 5.09575293e-05 4.95035015e-05 4.80740889e-05 4.66692407e-05 4.52888853e-05 4.39329310e-05 4.26012675e-05 4.12937667e-05 4.00102841e-05 3.90578422e-05 3.82011607e-05 3.73472810e-05 3.64963064e-05 3.56483361e-05 3.48034651e-05 3.39617843e-05
1.19546835e-04 1.12002850e-04 1.01023713e-04 1.01494628e-04 1.03518870e-04 1.05602573e-04 1.07695852e-04 1.09797046e-04 1.11904822e-04 1.14017796e-04 1.16134528e-04 1.18253529e-04 1.20373256e-04 1.22492117e-04 1.24608473e-04 1.26720636e-04 1.28826874e-04 1.30925411e-04 1.33014430e-04 1.35092077e-04 1.37156461e-04 1.39205656e-04 1.41237708e-04 1.43250636e-04 1.45242433e-04 1.47211075e-04 1.49154518e-04 1.51070708e-04 1.52957582e-04 1.54813071e-04 1.56635108e-04 1.58421627e-04 1.60170574e-04 1.61879905e-04 1.63547595e-04 1.65171642e-04 1.66750070e-04 1.68280934e-04 1.69762328e-04 1.71192382e-04 1.72569277e-04 1.73891240e-04 1.75156555e-04 1.76363562e-04 1.77510667e-04 1.78596342e-04 1.79619130e-04 1.80577649e-04 1.81470596e-04 1.82296748e-04 1.83054971e-04 1.83744216e-04 1.84363527e-04 1.84912041e-04 1.85388990e-04 1.85793705e-04 1.86125617e-04 1.86384259e-04 1.86569265e-04 1.86680373e-04 1.86717426e-04 1.86680373e-04 1.86569265e-04 1.86384259e-04 1.86125617e-04 1.85793705e-04 1.85388990e-04 1.84912041e-04 1.84363527e-04 1.83744216e-04 1.83054971e-04 1.82296748e-04 1.81470596e-04 1.80577649e-04 1.79619130e-04 1.78596342e-04 1.77510667e-04 1.76363562e-04 1.75156555e-04 1.73891240e-04 1.72569277e-04 1.71192382e-04 1.69762328e-04 1.68280934e-04 1.66750070e-04 1.65171642e-04 1.63547595e-04 1.61879905e-04 1.60170574e-04 1.58421627e-04 1.56635108e-04 1.54813071e-04 1.52957582e-04 1.51070708e-04 1.49154518e-04 1.47211075e-04 1.45242433e-04 1.43250636e-04 1.41237708e-04 1.39205656e-04 1.37156461e-04 1.35092077e-04 1.33014430e-04 1.30925411e-04 1.28826874e-04 1.26720636e-04 1.24608473e-04 1.22492117e-04 1.20373256e-04 1.18253529e-04 1.16134528e-04 1.14017796e-04 1.11904822e-04 1.09797046e-04 1.07695852e-04 1.05602572e-04 1.03518485e-04 1.01444814e-04 9.93827274e-05 9.73333406e-05 9.52977134e-05 9.32768521e-05 9.12717094e-05 8.92831848e-05 8.73121256e-05 8.53593274e-05 8.34255348e-05 8.15114430e-05 7.96176981e-05 7.77448984e-05 7.58935959e-05 7.40642971e-05 7.22574642e-05 7.04735168e-05 6.87128329e-05 6.69757504e-05 6.52625682e-05 6.35735480e-05 6.19089156e-05 6.02688617e-05 5.86535445e-05 5.70630897e-05 5.54975930e-05 5.39571209e-05 5.24417122e-05 5.09513795e-05 4.94861102e-05 4.80458679e-05 4.66305940e-05 4.52402083e-05 4.38746109e-05 4.25336830e-05 4.12172879e-05 3.99252726e-05 3.87429607e-05 3.78839587e-05 3.70278196e-05 3.61746464e-05 3.53245377e-05 3.44775882e-05 3.36338883e-05
1.20311094e-04 1.12630192e-04 1.01511042e-04 1.01990692e-04 1.04039576e-04 1.06148836e-04 1.08268086e-04 1.10395647e-04 1.12530166e-04 1.14670241e-04 1.16814413e-04 1.18961168e-04 1.21108942e-04 1.23256118e-04 1.25401031e-04 1.27541964e-04 1.29677158e-04 1.31804806e-04 1.33923060e-04 1.36030032e-04 1.38123796e-04 1.40202393e-04 1.42263831e-04 1.44306092e-04 1.46327131e-04 1.48324883e-04 1.50297265e-04 1.52242183e-04 1.54157530e-04 1.56041196e-04 1.57891071e-04 1.59705048e-04 1.61481027e-04 1.63216924e-04 1.64910669e-04 1.66560217e-04 1.68163549e-04 1.69718679e-04 1.71223658e-04 1.72676577e-04 1.74075574e-04 1.75418839e-04 1.76704615e-04 1.77931208e-04 1.79096987e-04 1.80200388e-04 1.81239923e-04 1.82214177e-04 1.83121818e-04 1.83961596e-04 1.84732349e-04 1.85433006e-04 1.86062588e-04 1.86620211e-04 1.87105092e-04 1.87516545e-04 1.87853988e-04 1.88116943e-04 1.88305036e-04 1.88417999e-04 1.88455671e-04 1.88417999e-04 1.88305036e-04 1.88116943e-04 1.87853988e-04 1.87516545e-04 1.87105092e-04 1.86620211e-04 1.86062588e-04 1.85433006e-04 1.84732349e-04 1.83961596e-04 1.83121818e-04 1.82214177e-04 1.81239923e-04 1.80200388e-04 1.79096987e-04 1.77931208e-04 1.76704615e-04 1.75418839e-04 1.74075574e-04 1.72676577e-04 1.71223658e-04 1.69718679e-04 1.68163549e-04 1.66560217e-04 1.64910669e-04 1.63216924e-04 1.61481027e-04 1.59705048e-04 1.57891071e-04 1.56041196e-04 1.54157530e-04 1.52242183e-04 1.50297265e-04 1.48324883e-04 1.46327131e-04 1.44306092e-04 1.42263831e-04 1.40202393e-04 1.38123796e-04 1.36030032e-04 1.33923060e-04 1.31804806e-04 1.29677158e-04 1.27541964e-04 1.25401031e-04 1.23256118e-04 1.21108942e-04 1.18961168e-04 1.16814413e-04 1.14670241e-04 1.12530166e-04 1.10395647e-04 1.08268086e-04 1.06148835e-04 1.04039187e-04 1.01940380e-04 9.98535971e-05 9.77799645e-05 9.57205534e-05 9.36763795e-05 9.16484038e-05 8.96375330e-05 8.76446203e-05 8.56704661e-05 8.37158191e-05 8.17813771e-05 7.98677881e-05 7.79756513e-05 7.61055188e-05 7.42578962e-05 7.24332444e-05 7.06319805e-05 6.88544795e-05 6.71010758e-05 6.53720640e-05 6.36677012e-05 6.19882076e-05 6.03337685e-05 5.87045355e-05 5.71006280e-05 5.55221347e-05 5.39691149e-05 5.24415998e-05 5.09395940e-05 4.94630770e-05 4.80120043e-05 4.65863088e-05 4.51859018e-05 4.38106748e-05 4.24605001e-05 4.11352324e-05 3.98347098e-05 3.85587547e-05 3.75646647e-05 3.67062715e-05 3.58509053e-05 3.49986646e-05 3.41496433e-05 3.33039316e-05
1.21077023e-04 1.13256458e-04 1.01995784e-04 1.02484338e-04 1.04558128e-04 1.06693222e-04 1.08838733e-04 1.10992959e-04 1.13154533e-04 1.15322031e-04 1.17493974e-04 1.19668826e-04 1.21845001e-04 1.24020855e-04 1.26194697e-04 1.28364783e-04 1.30529324e-04 1.32686481e-04 1.34834376e-04 1.36971086e-04 1.39094651e-04 1.41203076e-04 1.43294332e-04 1.45366361e-04 1.47417081e-04 1.49444386e-04 1.51446153e-04 1.53420244e-04 1.55364511e-04 1.57276801e-04 1.59154960e-04 1.60996836e-04 1.62800288e-04 1.64563185e-04 1.66283415e-04 1.67958887e-04 1.69587541e-04 1.71167346e-04 1.72696311e-04 1.74172483e-04 1.75593962e-04 1.76958895e-04 1.78265488e-04 1.79512008e-04 1.80696786e-04 1.81818225e-04 1.82874801e-04 1.83865068e-04 1.84787664e-04 1.85641310e-04 1.86424817e-04 1.87137089e-04 1.87777126e-04 1.88344023e-04 1.88836978e-04 1.89255290e-04 1.89598364e-04 1.89865709e-04 1.90056945e-04 1.90171795e-04 1.90210097e-04 1.90171795e-04 1.90056945e-04 1.89865709e-04 1.89598364e-04 1.89255290e-04 1.88836978e-04 1.88344023e-04 1.87777126e-04 1.87137089e-04 1.86424817e-04 1.85641310e-04 1.84787664e-04 1.83865068e-04 1.82874801e-04 1.81818225e-04 1.80696786e-04 1.79512008e-04 1.78265488e-04 1.76958895e-04 1.75593962e-04 1.74172483e-04 1.72696311e-04 1.71167346e-04 1.69587541e-04 1.67958887e-04 1.66283415e-04 1.64563185e-04 1.62800288e-04 1.60996836e-04 1.59154960e-04 1.57276801e-04 1.55364511e-04 1.53420244e-04 1.51446153e-04 1.49444386e-04 1.47417081e-04 1.45366361e-04 1.43294332e-04 1.41203076e-04 1.39094651e-04 1.36971086e-04 1.34834376e-04 1.32686481e-04 1.30529324e-04 1.28364783e-04 1.26194697e-04 1.24020855e-04 1.21845001e-04 1.19668826e-04 1.17493974e-04 1.15322031e-04 1.13154533e-04 1.10992959e-04 1.08838733e-04 1.06693221e-04 1.04557735e-04 1.02433527e-04 1.00321793e-04 9.82236716e-05 9.61402450e-05 9.40725382e-05 9.20215205e-05 8.99881055e-05 8.79731523e-05 8.59774660e-05 8.40017991e-05 8.20468519e-05 8.01132740e-05 7.82016655e-05 7.63125781e-05 7.44465165e-05 7.26039398e-05 7.07852625e-05 6.89908566e-05 6.72210522e-05 6.54761397e-05 6.37563710e-05 6.20619609e-05 6.03930885e-05 5.87498990e-05 5.71325049e-05 5.55409877e-05 5.39753991e-05 5.24357625e-05 5.09220746e-05 4.94343063e-05 4.79724048e-05 4.65362943e-05 4.51258773e-05 4.37410365e-05 4.23816352e-05 4.10475190e-05 3.97385170e-05 3.84544426e-05 3.72432642e-05 3.63826222e-05 3.55250692e-05 3.46707030e-05 3.38196171e-05 3.29719011e-05
1.21844555e-04 1.13881519e-04 1.02477803e-04 1.02975438e-04 1.05074398e-04 1.07235605e-04 1.09407667e-04 1.11588861e-04 1.13777802e-04 1.15973048e-04 1.18173097e-04 1.20376394e-04 1.22581326e-04 1.24786225e-04 1.26989373e-04 1.29188999e-04 1.31383281e-04 1.33570352e-04 1.35748299e-04 1.37915166e-04 1.40068958e-04 1.42207643e-04 1.44329154e-04 1.46431395e-04 1.48512242e-04 1.50569550e-04 1.52601153e-04 1.54604870e-04 1.56578510e-04 1.58519878e-04 1.60426772e-04 1.62296999e-04 1.64128370e-04 1.65918711e-04 1.67665863e-04 1.69367692e-04 1.71022091e-04 1.72626988e-04 1.74180344e-04 1.75680168e-04 1.77124514e-04 1.78511490e-04 1.79839261e-04 1.81106054e-04 1.82310164e-04 1.83449957e-04 1.84523875e-04 1.85530439e-04 1.86468254e-04 1.87336015e-04 1.88132504e-04 1.88856600e-04 1.89507278e-04 1.90083615e-04 1.90584790e-04 1.91010085e-04 1.91358890e-04 1.91630706e-04 1.91825141e-04 1.91941914e-04 1.91980857e-04 1.91941914e-04 1.91825141e-04 1.91630706e-04 1.91358890e-04 1.91010085e-04 1.90584790e-04 1.90083615e-04 1.89507278e-04 1.88856600e-04 1.88132504e-04 1.87336015e-04 1.86468254e-04 1.85530439e-04 1.84523875e-04 1.83449957e-04 1.82310164e-04 1.81106054e-04 1.79839261e-04 1.78511490e-04 1.77124514e-04 1.75680168e-04 1.74180344e-04 1.72626988e-04 1.71022091e-04 1.69367692e-04 1.67665863e-04 1.65918711e-04 1.64128370e-04 1.62296999e-04 1.60426772e-04 1.58519878e-04 1.56578510e-04 1.54604870e-04 1.52601153e-04 1.50569550e-04 1.48512242e-04 1.46431395e-04 1.44329154e-04 1.42207643e-04 1.40068958e-04 1.37915166e-04 1.35748299e-04 1.33570352e-04 1.31383281e-04 1.29188999e-04 1.26989373e-04 1.24786225e-04 1.22581326e-04 1.20376394e-04 1.18173097e-04 1.15973048e-04 1.13777802e-04 1.11588861e-04 1.09407667e-04 1.07235605e-04 1.05074001e-04 1.02924125e-04 1.00787184e-04 9.86643301e-05 9.65566556e-05 9.44651951e-05 9.23909259e-05 9.03347687e-05 8.82975881e-05 8.62801941e-05 8.42833422e-05 8.23077355e-05 8.03540248e-05 7.84228109e-05 7.65146451e-05 7.46300306e-05 7.27694245e-05 7.09332387e-05 6.91218414e-05 6.73355587e-05 6.55746763e-05 6.38394406e-05 6.21300605e-05 6.04467090e-05 5.87895244e-05 5.71586121e-05 5.55540459e-05 5.39758699e-05 5.24240994e-05 5.08987225e-05 4.93997018e-05 4.79269755e-05 4.64804591e-05 4.50600460e-05 4.36656097e-05 4.22970044e-05 4.09540664e-05 3.96366154e-05 3.83444555e-05 3.70773765e-05 3.60568576e-05 3.51971240e-05 3.43406391e-05 3.34874960e-05 3.26377836e-05
1.22613620e-04 1.14505243e-04 1.02956966e-04 1.03463859e-04 1.05588256e-04 1.07775857e-04 1.09974761e-04 1.12183227e-04 1.14399852e-04 1.16623172e-04 1.18851667e-04 1.21083758e-04 1.23317807e-04 1.25552123e-04 1.27784958e-04 1.30014513e-04 1.32238937e-04 1.34456331e-04 1.36664747e-04 1.38862197e-04 1.41046648e-04 1.43216030e-04 1.45368240e-04 1.47501141e-04 1.49612569e-04 1.51700336e-04 1.53762233e-04 1.55796037e-04 1.57799513e-04 1.59770418e-04 1.61706508e-04 1.63605543e-04 1.65465288e-04 1.67283522e-04 1.69058041e-04 1.70786666e-04 1.72467244e-04 1.74097654e-04 1.75675818e-04 1.77199697e-04 1.78667304e-04 1.80076703e-04 1.81426019e-04 1.82713439e-04 1.83937220e-04 1.85095690e-04 1.86187256e-04 1.87210405e-04 1.88163711e-04 1.89045838e-04 1.89855540e-04 1.90591671e-04 1.91253183e-04 1.91839130e-04 1.92348672e-04 1.92781075e-04 1.93135717e-04 1.93412084e-04 1.93609775e-04 1.93728505e-04 1.93768101e-04 1.93728505e-04 1.93609775e-04 1.93412084e-04 1.93135717e-04 1.92781075e-04 1.92348672e-04 1.91839130e-04 1.91253183e-04 1.90591671e-04 1.89855540e-04 1.89045838e-04 1.88163711e-04 1.87210405e-04 1.86187256e-04 1.85095690e-04 1.83937220e-04 1.82713439e-04 1.81426019e-04 1.80076703e-04 1.78667304e-04 1.77199697e-04 1.75675818e-04 1.74097654e-04 1.72467244e-04 1.70786666e-04 1.69058041e-04 1.67283522e-04 1.65465288e-04 1.63605543e-04 1.61706508e-04 1.59770418e-04 1.57799513e-04 1.55796037e-04 1.53762233e-04 1.51700336e-04 1.49612569e-04 1.47501141e-04 1.45368240e-04 1.43216030e-04 1.41046648e-04 1.38862197e-04 1.36664747e-04 1.34456331e-04 1.32238937e-04 1.30014513e-04 1.27784958e-04 1.25552123e-04 1.23317807e-04 1.21083758e-04 1.18851667e-04 1.16623172e-04 1.14399852e-04 1.12183227e-04 1.09974761e-04 1.07775856e-04 1.05587855e-04 1.03412041e-04 1.01249637e-04 9.91018053e-05 9.69696499e-05 9.48542145e-05 9.27564843e-05 9.06773868e-05 8.86177923e-05 8.65785150e-05 8.45603139e-05 8.25638941e-05 8.05899078e-05 7.86389560e-05 7.67115892e-05 7.48083094e-05 7.29295711e-05 7.10757831e-05 6.92473099e-05 6.74444732e-05 6.56675536e-05 6.39167918e-05 6.21923906e-05 6.04945163e-05 5.88233002e-05 5.71788403e-05 5.55612026e-05 5.39704230e-05 5.24065083e-05 5.08694382e-05 4.93591664e-05 4.78756221e-05 4.64187114e-05 4.49883186e-05 4.35843077e-05 4.22065235e-05 4.08547928e-05 3.95289257e-05 3.82287169e-05 3.69539465e-05 3.57289631e-05 3.48670556e-05 3.40084592e-05 3.31532665e-05 3.23015659e-05
1.23384145e-04 1.15127494e-04 1.03433133e-04 1.03949466e-04 1.06099566e-04 1.08313843e-04 1.10539885e-04 1.12775930e-04 1.15020556e-04 1.17272282e-04 1.19529564e-04 1.21790801e-04 1.24054333e-04 1.26318439e-04 1.28581347e-04 1.30841227e-04 1.33096198e-04 1.35344328e-04 1.37583636e-04 1.39812098e-04 1.42027646e-04 1.44228171e-04 1.46411530e-04 1.48575547e-04 1.50718014e-04 1.52836703e-04 1.54929361e-04 1.56993720e-04 1.59027499e-04 1.61028411e-04 1.62994164e-04 1.64922472e-04 1.66811053e-04 1.68657639e-04 1.70459979e-04 1.72215846e-04 1.73923041e-04 1.75579398e-04 1.77182790e-04 1.78731136e-04 1.80222404e-04 1.81654614e-04 1.83025849e-04 1.84334257e-04 1.85578053e-04 1.86755529e-04 1.87865055e-04 1.88905084e-04 1.89874156e-04 1.90770905e-04 1.91594058e-04 1.92342440e-04 1.93014979e-04 1.93610709e-04 1.94128770e-04 1.94568410e-04 1.94928993e-04 1.95209993e-04 1.95411001e-04 1.95531723e-04 1.95571983e-04 1.95531723e-04 1.95411001e-04 1.95209993e-04 1.94928993e-04 1.94568410e-04 1.94128770e-04 1.93610709e-04 1.93014979e-04 1.92342440e-04 1.91594058e-04 1.90770905e-04 1.89874156e-04 1.88905084e-04 1.87865055e-04 1.86755529e-04 1.85578053e-04 1.84334257e-04 1.83025849e-04 1.81654614e-04 1.80222404e-04 1.78731136e-04 1.77182790e-04 1.75579398e-04 1.73923041e-04 1.72215846e-04 1.70459979e-04 1.68657639e-04 1.66811053e-04 1.64922472e-04 1.62994164e-04 1.61028411e-04 1.59027499e-04 1.56993720e-04 1.54929361e-04 1.52836703e-04 1.50718014e-04 1.48575547e-04 1.46411530e-04 1.44228171e-04 1.42027646e-04 1.39812098e-04 1.37583636e-04 1.35344328e-04 1.33096198e-04 1.30841227e-04 1.28581347e-04 1.26318439e-04 1.24054333e-04 1.21790801e-04 1.19529564e-04 1.17272282e-04 1.15020556e-04 1.12775930e-04 1.10539885e-04 1.08313843e-04 1.06099162e-04 1.03897140e-04 1.01709015e-04 9.95359603e-05 9.73790904e-05 9.52394583e-05 9.31180574e-05 9.10158217e-05 8.89336268e-05 8.68722913e-05 8.48325773e-05 8.28151918e-05 8.08207881e-05 7.88499670e-05 7.69032783e-05 7.49812220e-05 7.30842502e-05 7.12127682e-05 6.93671365e-05 6.75476721e-05 6.57546499e-05 6.39883051e-05 6.22488338e-05 6.05363954e-05 5.88511139e-05 5.71930795e-05 5.55623501e-05 5.39589531e-05 5.23828868e-05 5.08341219e-05 4.93126028e-05 4.78182496e-05 4.63509588e-05 4.49106053e-05 4.34970434e-05 4.21101080e-05 4.07496164e-05 3.94153689e-05 3.81071502e-05 3.68247308e-05 3.55678677e-05 3.45348497e-05 3.36741493e-05 3.28169150e-05 3.19632347e-05
1.24156057e-04 1.15748133e-04 1.03906162e-04 1.04432120e-04 1.06608194e-04 1.08849431e-04 1.11102907e-04 1.13366839e-04 1.15639787e-04 1.17920251e-04 1.20206665e-04 1.22497406e-04 1.24790787e-04 1.27085063e-04 1.29378434e-04 1.31669039e-04 1.33954966e-04 1.36234251e-04 1.38504879e-04 1.40764790e-04 1.43011877e-04 1.45243996e-04 1.47458961e-04 1.49654554e-04 1.51828529e-04 1.53978610e-04 1.56102502e-04 1.58197891e-04 1.60262449e-04 1.62293844e-04 1.64289736e-04 1.66247790e-04 1.68165677e-04 1.70041081e-04 1.71871702e-04 1.73655266e-04 1.75389526e-04 1.77072267e-04 1.78701318e-04 1.80274551e-04 1.81789886e-04 1.83245302e-04 1.84638839e-04 1.85968601e-04 1.87232764e-04 1.88429581e-04 1.89557385e-04 1.90614593e-04 1.91599713e-04 1.92511345e-04 1.93348189e-04 1.94109042e-04 1.94792808e-04 1.95398497e-04 1.95925230e-04 1.96372239e-04 1.96738870e-04 1.97024587e-04 1.97228971e-04 1.97351722e-04 1.97392659e-04 1.97351722e-04 1.97228971e-04 1.97024587e-04 1.96738870e-04 1.96372239e-04 1.95925230e-04 1.95398497e-04 1.94792808e-04 1.94109042e-04 1.93348189e-04 1.92511345e-04 1.91599713e-04 1.90614593e-04 1.89557385e-04 1.88429581e-04 1.87232764e-04 1.85968601e-04 1.84638839e-04 1.83245302e-04 1.81789886e-04 1.80274551e-04 1.78701318e-04 1.77072267e-04 1.75389526e-04 1.73655266e-04 1.71871702e-04 1.70041081e-04 1.68165677e-04 1.66247790e-04 1.64289736e-04 1.62293844e-04 1.60262449e-04 1.58197891e-04 1.56102502e-04 1.53978610e-04 1.51828529e-04 1.49654554e-04 1.47458961e-04 1.45243996e-04 1.43011877e-04 1.40764790e-04 1.38504879e-04 1.36234251e-04 1.33954966e-04 1.31669039e-04 1.29378434e-04 1.27085063e-04 1.24790787e-04 1.22497406e-04 1.20206665e-04 1.17920251e-04 1.15639787e-04 1.13366839e-04 1.11102907e-04 1.08849430e-04 1.06607786e-04 1.04379285e-04 1.02165180e-04 9.99666554e-05 9.77848367e-05 9.56207860e-05 9.34755045e-05 9.13499327e-05 8.92449516e-05 8.71613836e-05 8.50999936e-05 8.30614907e-05 8.10465287e-05 7.90557083e-05 7.70895780e-05 7.51486359e-05 7.32333310e-05 7.13440651e-05 6.94811941e-05 6.76450301e-05 6.58358425e-05 6.40538598e-05 6.22992717e-05 6.05722303e-05 5.88728519e-05 5.72012185e-05 5.55573798e-05 5.39413544e-05 5.23531315e-05 5.07926726e-05 4.92599129e-05 4.77547627e-05 4.62771088e-05 4.48268163e-05 4.34037294e-05 4.20076734e-05 4.06384553e-05 3.92958653e-05 3.79796784e-05 3.66896550e-05 3.54255421e-05 3.42004922e-05 3.33376954e-05 3.24784278e-05 3.16227766e-05
1.24929281e-04 1.16367016e-04 1.04375909e-04 1.04911682e-04 1.07114000e-04 1.09382482e-04 1.11663689e-04 1.13955819e-04 1.16257413e-04 1.18566950e-04 1.20882845e-04 1.23203449e-04 1.25527051e-04 1.27851881e-04 1.30176107e-04 1.32497841e-04 1.34815140e-04 1.37126005e-04 1.39428386e-04 1.41720187e-04 1.43999265e-04 1.46263432e-04 1.48510466e-04 1.50738107e-04 1.52944062e-04 1.55126013e-04 1.57281619e-04 1.59408520e-04 1.61504342e-04 1.63566703e-04 1.65593217e-04 1.67581498e-04 1.69529170e-04 1.71433865e-04 1.73293237e-04 1.75104961e-04 1.76866740e-04 1.78576313e-04 1.80231460e-04 1.81830005e-04 1.83369823e-04 1.84848848e-04 1.86265075e-04 1.87616565e-04 1.88901453e-04 1.90117953e-04 1.91264358e-04 1.92339051e-04 1.93340504e-04 1.94267286e-04 1.95118066e-04 1.95891615e-04 1.96586810e-04 1.97202639e-04 1.97738201e-04 1.98192711e-04 1.98565500e-04 1.98856021e-04 1.99063842e-04 1.99188658e-04 1.99230284e-04 1.99188658e-04 1.99063842e-04 1.98856021e-04 1.98565500e-04 1.98192711e-04 1.97738201e-04 1.97202639e-04 1.96586810e-04 1.95891615e-04 1.95118066e-04 1.94267286e-04 1.93340504e-04 1.92339051e-04 1.91264358e-04 1.90117953e-04 1.88901453e-04 1.87616565e-04 1.86265075e-04 1.84848848e-04 1.83369823e-04 1.81830005e-04 1.80231460e-04 1.78576313e-04 1.76866740e-04 1.75104961e-04 1.73293237e-04 1.71433865e-04 1.69529170e-04 1.67581498e-04 1.65593217e-04 1.63566703e-04 1.61504342e-04 1.59408520e-04 1.57281619e-04 1.55126013e-04 1.52944062e-04 1.50738107e-04 1.48510466e-04 1.46263432e-04 1.43999265e-04 1.41720187e-04 1.39428386e-04 1.37126005e-04 1.34815140e-04 1.32497841e-04 1.30176107e-04 1.27851881e-04 1.25527051e-04 1.23203449e-04 1.20882845e-04 1.18566950e-04 1.16257413e-04 1.13955819e-04 1.11663689e-04 1.09382481e-04 1.07113587e-04 1.04858336e-04 1.02617990e-04 1.00393748e-04 9.81867459e-05 9.59980545e-05 9.38286825e-05 9.16795771e-05 8.95516240e-05 8.74456497e-05 8.53624218e-05 8.33026507e-05 8.12669910e-05 7.92560426e-05 7.72703526e-05 7.53104168e-05 7.33766810e-05 7.14695430e-05 6.95893542e-05 6.77364210e-05 6.59110070e-05 6.41133341e-05 6.23435850e-05 6.06019041e-05 5.88883997e-05 5.72031455e-05 5.55461824e-05 5.39175200e-05 5.23171383e-05 5.07449892e-05 4.92009981e-05 4.76850655e-05 4.61970681e-05 4.47368610e-05 4.33042783e-05 4.18991347e-05 4.05212272e-05 3.91703357e-05 3.78462250e-05 3.65486450e-05 3.52773330e-05 3.40320136e-05 3.29990837e-05 3.21377913e-05 3.12801783e-05
1.25703738e-04 1.16983998e-04 1.04842227e-04 1.05388007e-04 1.07616841e-04 1.09912855e-04 1.12222094e-04 1.14542735e-04 1.16873301e-04 1.19212250e-04 1.21557975e-04 1.23908805e-04 1.26263004e-04 1.28618774e-04 1.30974254e-04 1.33327527e-04 1.35676617e-04 1.38019490e-04 1.40354064e-04 1.42678203e-04 1.44989726e-04 1.47286407e-04 1.49565980e-04 1.51826142e-04 1.54064558e-04 1.56278864e-04 1.58466673e-04 1.60625576e-04 1.62753153e-04 1.64846973e-04 1.66904599e-04 1.68923597e-04 1.70901539e-04 1.72836008e-04 1.74724608e-04 1.76564961e-04 1.78354724e-04 1.80091584e-04 1.81773272e-04 1.83397564e-04 1.84962288e-04 1.86465331e-04 1.87904643e-04 1.89278242e-04 1.90584221e-04 1.91820751e-04 1.92986087e-04 1.94078576e-04 1.95096655e-04 1.96038859e-04 1.96903826e-04 1.97690298e-04 1.98397128e-04 1.99023279e-04 1.99567831e-04 2.00029978e-04 2.00409038e-04 2.00704449e-04 2.00915771e-04 2.01042690e-04 2.01085017e-04 2.01042690e-04 2.00915771e-04 2.00704449e-04 2.00409038e-04 2.00029978e-04 1.99567831e-04 1.99023279e-04 1.98397128e-04 1.97690298e-04 1.96903826e-04 1.96038859e-04 1.95096655e-04 1.94078576e-04 1.92986087e-04 1.91820751e-04 1.90584221e-04 1.89278242e-04 1.87904643e-04 1.86465331e-04 1.84962288e-04 1.83397564e-04 1.81773272e-04 1.80091584e-04 1.78354724e-04 1.76564961e-04 1.74724608e-04 1.72836008e-04 1.70901539e-04 1.68923597e-04 1.66904599e-04 1.64846973e-04 1.62753153e-04 1.60625576e-04 1.58466673e-04 1.56278864e-04 1.54064558e-04 1.51826142e-04 1.49565980e-04 1.47286407e-04 1.44989726e-04 1.42678203e-04 1.40354064e-04 1.38019490e-04 1.35676617e-04 1.33327527e-04 1.30974254e-04 1.28618774e-04 1.26263004e-04 1.23908805e-04 1.21557975e-04 1.19212250e-04 1.16873301e-04 1.14542735e-04 1.12222094e-04 1.09912854e-04 1.07616424e-04 1.05334147e-04 1.03067300e-04 1.00817093e-04 9.85846725e-05 9.63711179e-05 9.41774458e-05 9.20046093e-05 8.98534993e-05 8.77249457e-05 8.56197186e-05 8.35385298e-05 8.14820339e-05 7.94508302e-05 7.74454641e-05 7.54664285e-05 7.35141660e-05 7.15890699e-05 6.96914866e-05 6.78217169e-05 6.59800180e-05 6.41666049e-05 6.23816529e-05 6.06252985e-05 5.88976417e-05 5.71987476e-05 5.55286478e-05 5.38873427e-05 5.22748027e-05 5.06909698e-05 4.91357594e-05 4.76090617e-05 4.61107434e-05 4.46406489e-05 4.31986020e-05 4.17844068e-05 4.03978498e-05 3.90387005e-05 3.77067130e-05 3.64016269e-05 3.51231689e-05 3.38710537e-05 3.26583000e-05 3.17949918e-05 3.09354263e-05
1.26479349e-04 1.17598928e-04 1.05304966e-04 1.05860950e-04 1.08116573e-04 1.10440408e-04 1.12777980e-04 1.15127447e-04 1.17487312e-04 1.19856014e-04 1.22231925e-04 1.24613348e-04 1.26998522e-04 1.29385622e-04 1.31772759e-04 1.34157985e-04 1.36539290e-04 1.38914607e-04 1.41281818e-04 1.43638748e-04 1.45983178e-04 1.48312842e-04 1.50625430e-04 1.52918596e-04 1.55189961e-04 1.57437114e-04 1.59657621e-04 1.61849026e-04 1.64008857e-04 1.66134635e-04 1.68223872e-04 1.70274084e-04 1.72282791e-04 1.74247526e-04 1.76165838e-04 1.78035301e-04 1.79853518e-04 1.81618128e-04 1.83326810e-04 1.84977292e-04 1.86567352e-04 1.88094831e-04 1.89557632e-04 1.90953727e-04 1.92281168e-04 1.93538082e-04 1.94722687e-04 1.95833289e-04 1.96868291e-04 1.97826193e-04 1.98705602e-04 1.99505232e-04 2.00223907e-04 2.00860567e-04 2.01414271e-04 2.01884194e-04 2.02269639e-04 2.02570028e-04 2.02784914e-04 2.02913975e-04 2.02957016e-04 2.02913975e-04 2.02784914e-04 2.02570028e-04 2.02269639e-04 2.01884194e-04 2.01414271e-04 2.00860567e-04 2.00223907e-04 1.99505232e-04 1.98705602e-04 1.97826193e-04 1.96868291e-04 1.95833289e-04 1.94722687e-04 1.93538082e-04 1.92281168e-04 1.90953727e-04 1.89557632e-04 1.88094831e-04 1.86567352e-04 1.84977292e-04 1.83326810e-04 1.81618128e-04 1.79853518e-04 1.78035301e-04 1.76165838e-04 1.74247526e-04 1.72282791e-04 1.70274084e-04 1.68223872e-04 1.66134635e-04 1.64008857e-04 1.61849026e-04 1.59657621e-04 1.57437114e-04 1.55189961e-04 1.52918596e-04 1.50625430e-04 1.48312842e-04 1.45983178e-04 1.43638748e-04 1.41281818e-04 1.38914607e-04 1.36539290e-04 1.34157985e-04 1.31772759e-04 1.29385622e-04 1.26998522e-04 1.24613348e-04 1.22231925e-04 1.19856014e-04 1.17487312e-04 1.15127447e-04 1.12777980e-04 1.10440407e-04 1.08116152e-04 1.05806574e-04 1.03512964e-04 1.01236544e-04 9.89784685e-05 9.67398281e-05 9.45216462e-05 9.23248817e-05 9.01504302e-05 8.79991251e-05 8.58717387e-05 8.37689836e-05 8.16915147e-05 7.96399301e-05 7.76147730e-05 7.56165335e-05 7.36456502e-05 7.17025120e-05 6.97874599e-05 6.79007886e-05 6.60427486e-05 6.42135479e-05 6.24133537e-05 6.06422946e-05 5.89004617e-05 5.71879110e-05 5.55046650e-05 5.38507143e-05 5.22260193e-05 5.06305119e-05 4.90640971e-05 4.75266547e-05 4.60180408e-05 4.45380891e-05 4.30866125e-05 4.16634046e-05 4.02682409e-05 3.89008801e-05 3.75610656e-05 3.62485265e-05 3.49629787e-05 3.37041263e-05 3.24716623e-05 3.14500155e-05 3.05885072e-05
1.27256034e-04 1.18211653e-04 1.05763972e-04 1.06330361e-04 1.08613048e-04 1.10964992e-04 1.13331202e-04 1.15709812e-04 1.18099307e-04 1.20498106e-04 1.22904558e-04 1.25316944e-04 1.27733476e-04 1.30152302e-04 1.32571503e-04 1.34989100e-04 1.37403049e-04 1.39811251e-04 1.42211548e-04 1.44601729e-04 1.46979535e-04 1.49342657e-04 1.51688743e-04 1.54015404e-04 1.56320213e-04 1.58600713e-04 1.60854421e-04 1.63078832e-04 1.65271425e-04 1.67429669e-04 1.69551026e-04 1.71632958e-04 1.73672933e-04 1.75668431e-04 1.77616949e-04 1.79516009e-04 1.81363162e-04 1.83155993e-04 1.84892131e-04 1.86569252e-04 1.88185087e-04 1.89737427e-04 1.91224127e-04 1.92643115e-04 1.93992395e-04 1.95270056e-04 1.96474272e-04 1.97603311e-04 1.98655538e-04 1.99629420e-04 2.00523531e-04 2.01336555e-04 2.02067290e-04 2.02714651e-04 2.03277673e-04 2.03755514e-04 2.04147459e-04 2.04452918e-04 2.04671433e-04 2.04802674e-04 2.04846443e-04 2.04802674e-04 2.04671433e-04 2.04452918e-04 2.04147459e-04 2.03755514e-04 2.03277673e-04 2.02714651e-04 2.02067290e-04 2.01336555e-04 2.00523531e-04 1.99629420e-04 1.98655538e-04 1.97603311e-04 1.96474272e-04 1.95270056e-04 1.93992395e-04 1.92643115e-04 1.91224127e-04 1.89737427e-04 1.88185087e-04 1.86569252e-04 1.84892131e-04 1.83155993e-04 1.81363162e-04 1.79516009e-04 1.77616949e-04 1.75668431e-04 1.73672933e-04 1.71632958e-04 1.69551026e-04 1.67429669e-04 1.65271425e-04 1.63078832e-04 1.60854421e-04 1.58600713e-04 1.56320213e-04 1.54015404e-04 1.51688743e-04 1.49342657e-04 1.46979535e-04 1.44601729e-04 1.42211548e-04 1.39811251e-04 1.37403049e-04 1.34989100e-04 1.32571503e-04 1.30152302e-04 1.27733476e-04 1.25316944e-04 1.22904558e-04 1.20498106e-04 1.18099307e-04 1.15709812e-04 1.13331202e-04 1.10964992e-04 1.08612622e-04 1.06275468e-04 1.03954831e-04 1.01651948e-04 9.93679828e-05 9.71040342e-05 9.48611329e-05 9.26402439e-05 9.04422672e-05 8.82680392e-05 8.61183343e-05 8.39938660e-05 8.18952885e-05 7.98231988e-05 7.77781377e-05 7.57605920e-05 7.37709961e-05 7.18097341e-05 6.98771410e-05 6.79735055e-05 6.60990708e-05 6.42540375e-05 6.24385646e-05 6.06527721e-05 5.88967421e-05 5.71705213e-05 5.54741224e-05 5.38075260e-05 5.21706822e-05 5.05635125e-05 4.89859113e-05 4.74377475e-05 4.59188662e-05 4.44290903e-05 4.29682216e-05 4.15360426e-05 4.01323178e-05 3.87567949e-05 3.74092062e-05 3.60892699e-05 3.47966911e-05 3.35311631e-05 3.22923683e-05 3.11028486e-05 3.02394076e-05
1.28033707e-04 1.18822015e-04 1.06219089e-04 1.06796088e-04 1.09106113e-04 1.11486460e-04 1.13881612e-04 1.16289683e-04 1.18709141e-04 1.21138384e-04 1.23575738e-04 1.26019460e-04 1.28467736e-04 1.30918686e-04 1.33370363e-04 1.35820753e-04 1.38267782e-04 1.40709313e-04 1.43143152e-04 1.45567051e-04 1.47978706e-04 1.50375769e-04 1.52755844e-04 1.55116496e-04 1.57455251e-04 1.59769605e-04 1.62057026e-04 1.64314957e-04 1.66540828e-04 1.68732055e-04 1.70886046e-04 1.73000212e-04 1.75071967e-04 1.77098736e-04 1.79077964e-04 1.81007117e-04 1.82883693e-04 1.84705224e-04 1.86469288e-04 1.88173508e-04 1.89815565e-04 1.91393198e-04 1.92904216e-04 1.94346498e-04 1.95718005e-04 1.97016780e-04 1.98240956e-04 1.99388761e-04 2.00458523e-04 2.01448672e-04 2.02357751e-04 2.03184412e-04 2.03927425e-04 2.04585680e-04 2.05158190e-04 2.05644093e-04 2.06042657e-04 2.06353279e-04 2.06575489e-04 2.06708950e-04 2.06753459e-04 2.06708950e-04 2.06575489e-04 2.06353279e-04 2.06042657e-04 2.05644093e-04 2.05158190e-04 2.04585680e-04 2.03927425e-04 2.03184412e-04 2.02357751e-04 2.01448672e-04 2.00458523e-04 1.99388761e-04 1.98240956e-04 1.97016780e-04 1.95718005e-04 1.94346498e-04 1.92904216e-04 1.91393198e-04 1.89815565e-04 1.88173508e-04 1.86469288e-04 1.84705224e-04 1.82883693e-04 1.81007117e-04 1.79077964e-04 1.77098736e-04 1.75071967e-04 1.73000212e-04 1.70886046e-04 1.68732055e-04 1.66540828e-04 1.64314957e-04 1.62057026e-04 1.59769605e-04 1.57455251e-04 1.55116496e-04 1.52755844e-04 1.50375769e-04 1.47978706e-04 1.45567051e-04 1.43143152e-04 1.40709313e-04 1.38267782e-04 1.35820753e-04 1.33370363e-04 1.30918686e-04 1.28467736e-04 1.26019460e-04 1.23575738e-04 1.21138384e-04 1.18709141e-04 1.16289683e-04 1.13881612e-04 1.11486459e-04 1.09105684e-04 1.06740675e-04 1.04392750e-04 1.02063153e-04 9.97530621e-05 9.74635826e-05 9.51957529e-05 9.29505433e-05 9.07288582e-05 8.85315371e-05 8.63593557e-05 8.42130283e-05 8.20932084e-05 8.00004913e-05 7.79354150e-05 7.58984628e-05 7.38900647e-05 7.19105992e-05 6.99603956e-05 6.80397356e-05 6.61488553e-05 6.42879470e-05 6.24571616e-05 6.06566098e-05 5.88863647e-05 5.71464631e-05 5.54369075e-05 5.37576684e-05 5.21086850e-05 5.04898683e-05 4.89011015e-05 4.73422425e-05 4.58131252e-05 4.43135612e-05 4.28433409e-05 4.14022355e-05 3.99899982e-05 3.86063654e-05 3.72510582e-05 3.59237834e-05 3.46242352e-05 3.33520959e-05 3.21070370e-05 3.08887207e-05 2.98881140e-05
1.28812283e-04 1.19429853e-04 1.06670159e-04 1.07257976e-04 1.09595617e-04 1.12004658e-04 1.14429059e-04 1.16866913e-04 1.19316669e-04 1.21776705e-04 1.24245323e-04 1.26720757e-04 1.29201168e-04 1.31684645e-04 1.34169213e-04 1.36652825e-04 1.39133373e-04 1.41608684e-04 1.44076527e-04 1.46534613e-04 1.48980600e-04 1.51412093e-04 1.53826654e-04 1.56221801e-04 1.58595012e-04 1.60943735e-04 1.63265387e-04 1.65557361e-04 1.67817034e-04 1.70041768e-04 1.72228918e-04 1.74375841e-04 1.76479895e-04 1.78538452e-04 1.80548900e-04 1.82508651e-04 1.84415148e-04 1.86265869e-04 1.88058337e-04 1.89790123e-04 1.91458856e-04 1.93062223e-04 1.94597985e-04 1.96063973e-04 1.97458099e-04 1.98778363e-04 2.00022855e-04 2.01189762e-04 2.02277373e-04 2.03284084e-04 2.04208400e-04 2.05048945e-04 2.05804459e-04 2.06473806e-04 2.07055976e-04 2.07550088e-04 2.07955392e-04 2.08271271e-04 2.08497243e-04 2.08632965e-04 2.08678229e-04 2.08632965e-04 2.08497243e-04 2.08271271e-04 2.07955392e-04 2.07550088e-04 2.07055976e-04 2.06473806e-04 2.05804459e-04 2.05048945e-04 2.04208400e-04 2.03284084e-04 2.02277373e-04 2.01189762e-04 2.00022855e-04 1.98778363e-04 1.97458099e-04 1.96063973e-04 1.94597985e-04 1.93062223e-04 1.91458856e-04 1.89790123e-04 1.88058337e-04 1.86265869e-04 1.84415148e-04 1.82508651e-04 1.80548900e-04 1.78538452e-04 1.76479895e-04 1.74375841e-04 1.72228918e-04 1.70041768e-04 1.67817034e-04 1.65557361e-04 1.63265387e-04 1.60943735e-04 1.58595012e-04 1.56221801e-04 1.53826654e-04 1.51412093e-04 1.48980600e-04 1.46534613e-04 1.44076527e-04 1.41608684e-04 1.39133373e-04 1.36652825e-04 1.34169213e-04 1.31684645e-04 1.29201168e-04 1.26720757e-04 1.24245323e-04 1.21776705e-04 1.19316669e-04 1.16866913e-04 1.14429059e-04 1.12004657e-04 1.09595184e-04 1.07202042e-04 1.04826563e-04 1.02470003e-04 1.00133550e-04 9.78183172e-05 9.55253501e-05 9.32556246e-05 9.10100490e-05 8.87894653e-05 8.65946509e-05 8.44263201e-05 8.22851255e-05 8.01716603e-05 7.80864597e-05 7.60300029e-05 7.40027151e-05 7.20049691e-05 7.00370878e-05 6.80993457e-05 6.61919713e-05 6.43151487e-05 6.24690196e-05 6.06536858e-05 5.88692104e-05 5.71156201e-05 5.53929072e-05 5.37010312e-05 5.20399207e-05 5.04094752e-05 4.88095668e-05 4.72400420e-05 4.57007231e-05 4.41914101e-05 4.27118818e-05 4.12618978e-05 3.98411996e-05 3.84495121e-05 3.70865448e-05 3.57519933e-05 3.44455403e-05 3.31668568e-05 3.19156035e-05 3.06914314e-05 2.95346127e-05
1.29591676e-04 1.20035000e-04 1.07117018e-04 1.07715867e-04 1.10081401e-04 1.12519430e-04 1.14973389e-04 1.17441349e-04 1.19921740e-04 1.22412920e-04 1.24913169e-04 1.27420696e-04 1.29933634e-04 1.32450046e-04 1.34967924e-04 1.37485190e-04 1.39999702e-04 1.42509250e-04 1.45011564e-04 1.47504316e-04 1.49985120e-04 1.52451540e-04 1.54901091e-04 1.57331243e-04 1.59739429e-04 1.62123043e-04 1.64479454e-04 1.66806001e-04 1.69100007e-04 1.71358782e-04 1.73579625e-04 1.75759836e-04 1.77896720e-04 1.79987589e-04 1.82029778e-04 1.84020641e-04 1.85957564e-04 1.87837972e-04 1.89659332e-04 1.91419160e-04 1.93115031e-04 1.94744582e-04 1.96305522e-04 1.97795632e-04 1.99212779e-04 2.00554915e-04 2.01820085e-04 2.03006437e-04 2.04112218e-04 2.05135788e-04 2.06075617e-04 2.06930297e-04 2.07698539e-04 2.08379180e-04 2.08971187e-04 2.09473658e-04 2.09885825e-04 2.10207057e-04 2.10436861e-04 2.10574886e-04 2.10620917e-04 2.10574886e-04 2.10436861e-04 2.10207057e-04 2.09885825e-04 2.09473658e-04 2.08971187e-04 2.08379180e-04 2.07698539e-04 2.06930297e-04 2.06075617e-04 2.05135788e-04 2.04112218e-04 2.03006437e-04 2.01820085e-04 2.00554915e-04 1.99212779e-04 1.97795632e-04 1.96305522e-04 1.94744582e-04 1.93115031e-04 1.91419160e-04 1.89659332e-04 1.87837972e-04 1.85957564e-04 1.84020641e-04 1.82029778e-04 1.79987589e-04 1.77896720e-04 1.75759836e-04 1.73579625e-04 1.71358782e-04 1.69100007e-04 1.66806001e-04 1.64479454e-04 1.62123043e-04 1.59739429e-04 1.57331243e-04 1.54901091e-04 1.52451540e-04 1.49985120e-04 1.47504316e-04 1.45011564e-04 1.42509250e-04 1.39999702e-04 1.37485190e-04 1.34967924e-04 1.32450046e-04 1.29933634e-04 1.27420696e-04 1.24913169e-04 1.22412920e-04 1.19921740e-04 1.17441349e-04 1.14973389e-04 1.12519429e-04 1.10080964e-04 1.07659410e-04 1.05256112e-04 1.02872339e-04 1.00509287e-04 9.81680790e-05 9.58497663e-05 9.35553301e-05 9.12856826e-05 8.90416683e-05 8.68240656e-05 8.46335886e-05 8.24708888e-05 8.03365570e-05 7.82311250e-05 7.61550676e-05 7.41088049e-05 7.20927038e-05 7.01070801e-05 6.81522012e-05 6.62282871e-05 6.43355134e-05 6.24740127e-05 6.06438769e-05 5.88451590e-05 5.70778755e-05 5.53420076e-05 5.36375039e-05 5.19642816e-05 5.03222289e-05 4.87112061e-05 4.71310480e-05 4.55815651e-05 4.40625453e-05 4.25737557e-05 4.11149439e-05 3.96858396e-05 3.82861556e-05 3.69155899e-05 3.55738263e-05 3.42605359e-05 3.29753783e-05 3.17180029e-05 3.04880495e-05 2.92851498e-05
1.30371794e-04 1.20637287e-04 1.07559502e-04 1.08169599e-04 1.10563306e-04 1.13030618e-04 1.15514444e-04 1.18012834e-04 1.20524201e-04 1.23046879e-04 1.25579128e-04 1.28119130e-04 1.30664993e-04 1.33214751e-04 1.35766364e-04 1.38317722e-04 1.40866647e-04 1.43410893e-04 1.45948151e-04 1.48476052e-04 1.50992168e-04 1.53494018e-04 1.55979070e-04 1.58444747e-04 1.60888431e-04 1.63307468e-04 1.65699172e-04 1.68060831e-04 1.70389712e-04 1.72683069e-04 1.74938147e-04 1.77152188e-04 1.79322438e-04 1.81446155e-04 1.83520613e-04 1.85543111e-04 1.87510977e-04 1.89421578e-04 1.91272324e-04 1.93060678e-04 1.94784160e-04 1.96440353e-04 1.98026913e-04 1.99541572e-04 2.00982147e-04 2.02346544e-04 2.03632763e-04 2.04838908e-04 2.05963186e-04 2.07003919e-04 2.07959543e-04 2.08828615e-04 2.09609817e-04 2.10301958e-04 2.10903981e-04 2.11414963e-04 2.11834119e-04 2.12160802e-04 2.12394509e-04 2.12534877e-04 2.12581691e-04 2.12534877e-04 2.12394509e-04 2.12160802e-04 2.11834119e-04 2.11414963e-04 2.10903981e-04 2.10301958e-04 2.09609817e-04 2.08828615e-04 2.07959543e-04 2.07003919e-04 2.05963186e-04 2.04838908e-04 2.03632763e-04 2.02346544e-04 2.00982147e-04 1.99541572e-04 1.98026913e-04 1.96440353e-04 1.94784160e-04 1.93060678e-04 1.91272324e-04 1.89421578e-04 1.87510977e-04 1.85543111e-04 1.83520613e-04 1.81446155e-04 1.79322438e-04 1.77152188e-04 1.74938147e-04 1.72683069e-04 1.70389712e-04 1.68060831e-04 1.65699172e-04 1.63307468e-04 1.60888431e-04 1.58444747e-04 1.55979070e-04 1.53494018e-04 1.50992168e-04 1.48476052e-04 1.45948151e-04 1.43410893e-04 1.40866647e-04 1.38317722e-04 1.35766364e-04 1.33214751e-04 1.30664993e-04 1.28119130e-04 1.25579128e-04 1.23046879e-04 1.20524201e-04 1.18012834e-04 1.15514444e-04 1.13030617e-04 1.10562864e-04 1.08112618e-04 1.05681236e-04 1.03269999e-04 1.00880112e-04 9.85127064e-05 9.61688402e-05 9.38494996e-05 9.15556000e-05 8.92879881e-05 8.70474432e-05 8.48346789e-05 8.26503453e-05 8.04950302e-05 7.83692619e-05 7.62735104e-05 7.42081902e-05 7.21736618e-05 7.01702340e-05 6.81981660e-05 6.62576696e-05 6.43489112e-05 6.24720137e-05 6.06270590e-05 5.88140898e-05 5.70331114e-05 5.52840941e-05 5.35669750e-05 5.18816598e-05 5.02280245e-05 4.86059178e-05 4.70151621e-05 4.54555559e-05 4.39268749e-05 4.24288739e-05 4.09612884e-05 3.95238357e-05 3.81162167e-05 3.67381172e-05 3.53892091e-05 3.40691518e-05 3.27775931e-05 3.15141709e-05 3.02785136e-05 2.90702418e-05
1.31152545e-04 1.21236541e-04 1.07997443e-04 1.08619009e-04 1.11041167e-04 1.13538059e-04 1.16052064e-04 1.18581211e-04 1.21123895e-04 1.23678428e-04 1.26243048e-04 1.28815913e-04 1.31395101e-04 1.33978619e-04 1.36564396e-04 1.39150288e-04 1.41734082e-04 1.44313493e-04 1.46886175e-04 1.49449715e-04 1.52001643e-04 1.54539431e-04 1.57060502e-04 1.59562231e-04 1.62041947e-04 1.64496945e-04 1.66924486e-04 1.69321803e-04 1.71686109e-04 1.74014600e-04 1.76304463e-04 1.78552883e-04 1.80757048e-04 1.82914156e-04 1.85021422e-04 1.87076087e-04 1.89075420e-04 1.91016729e-04 1.92897368e-04 1.94714741e-04 1.96466314e-04 1.98149614e-04 1.99762245e-04 2.01301887e-04 2.02766306e-04 2.04153361e-04 2.05461005e-04 2.06687299e-04 2.07830408e-04 2.08888615e-04 2.09860320e-04 2.10744045e-04 2.11538442e-04 2.12242293e-04 2.12854516e-04 2.13374165e-04 2.13800438e-04 2.14132672e-04 2.14370352e-04 2.14513108e-04 2.14560718e-04 2.14513108e-04 2.14370352e-04 2.14132672e-04 2.13800438e-04 2.13374165e-04 2.12854516e-04 2.12242293e-04 2.11538442e-04 2.10744045e-04 2.09860320e-04 2.08888615e-04 2.07830408e-04 2.06687299e-04 2.05461005e-04 2.04153361e-04 2.02766306e-04 2.01301887e-04 1.99762245e-04 1.98149614e-04 1.96466314e-04 1.94714741e-04 1.92897368e-04 1.91016729e-04 1.89075420e-04 1.87076087e-04 1.85021422e-04 1.82914156e-04 1.80757048e-04 1.78552883e-04 1.76304463e-04 1.74014600e-04 1.71686109e-04 1.69321803e-04 1.66924486e-04 1.64496945e-04 1.62041947e-04 1.59562231e-04 1.57060502e-04 1.54539431e-04 1.52001643e-04 1.49449715e-04 1.46886175e-04 1.44313493e-04 1.41734082e-04 1.39150288e-04 1.36564396e-04 1.33978619e-04 1.31395101e-04 1.28815913e-04 1.26243048e-04 1.23678428e-04 1.21123895e-04 1.18581211e-04 1.16052064e-04 1.13538058e-04 1.11040721e-04 1.08561502e-04 1.06101770e-04 1.03662818e-04 1.01245860e-04 9.88520351e-05 9.64824083e-05 9.41379701e-05 9.18196393e-05 8.95282643e-05 8.72646250e-05 8.50294342e-05 8.28233399e-05 8.06469271e-05 7.85007198e-05 7.63851831e-05 7.43007253e-05 7.22477003e-05 7.02264092e-05 6.82371030e-05 6.62799846e-05 6.43552107e-05 6.24628945e-05 6.06031074e-05 5.87758809e-05 5.69812095e-05 5.52190517e-05 5.34893329e-05 5.17919466e-05 5.01267569e-05 4.84935999e-05 4.68922858e-05 4.53226004e-05 4.37843070e-05 4.22771478e-05 4.08008457e-05 3.93551056e-05 3.79396161e-05 3.65540507e-05 3.51980689e-05 3.38713181e-05 3.25734343e-05 3.13040435e-05 3.00627627e-05 2.88492009e-05
1.31933835e-04 1.21832583e-04 1.08430667e-04 1.09063929e-04 1.11514820e-04 1.14041588e-04 1.16586084e-04 1.19146318e-04 1.21720662e-04 1.24307410e-04 1.26904776e-04 1.29510892e-04 1.32123811e-04 1.34741508e-04 1.37361882e-04 1.39982755e-04 1.42601877e-04 1.45216927e-04 1.47825516e-04 1.50425192e-04 1.53013438e-04 1.55587682e-04 1.58145299e-04 1.60683612e-04 1.63199901e-04 1.65691407e-04 1.68155337e-04 1.70588869e-04 1.72989157e-04 1.75353341e-04 1.77678550e-04 1.79961908e-04 1.82200544e-04 1.84391596e-04 1.86532219e-04 1.88619592e-04 1.90650925e-04 1.92623468e-04 1.94534513e-04 1.96381409e-04 1.98161561e-04 1.99872444e-04 2.01511605e-04 2.03076672e-04 2.04565359e-04 2.05975476e-04 2.07304930e-04 2.08551734e-04 2.09714015e-04 2.10790012e-04 2.11778089e-04 2.12676734e-04 2.13484567e-04 2.14200342e-04 2.14822951e-04 2.15351427e-04 2.15784947e-04 2.16122834e-04 2.16364561e-04 2.16509748e-04 2.16558170e-04 2.16509748e-04 2.16364561e-04 2.16122834e-04 2.15784947e-04 2.15351427e-04 2.14822951e-04 2.14200342e-04 2.13484567e-04 2.12676734e-04 2.11778089e-04 2.10790012e-04 2.09714015e-04 2.08551734e-04 2.07304930e-04 2.05975476e-04 2.04565359e-04 2.03076672e-04 2.01511605e-04 1.99872444e-04 1.98161561e-04 1.96381409e-04 1.94534513e-04 1.92623468e-04 1.90650925e-04 1.88619592e-04 1.86532219e-04 1.84391596e-04 1.82200544e-04 1.79961908e-04 1.77678550e-04 1.75353341e-04 1.72989157e-04 1.70588869e-04 1.68155337e-04 1.65691407e-04 1.63199901e-04 1.60683612e-04 1.58145299e-04 1.55587682e-04 1.53013438e-04 1.50425192e-04 1.47825516e-04 1.45216927e-04 1.42601877e-04 1.39982755e-04 1.37361882e-04 1.34741508e-04 1.32123811e-04 1.29510892e-04 1.26904776e-04 1.24307410e-04 1.21720662e-04 1.19146318e-04 1.16586084e-04 1.14041587e-04 1.11514369e-04 1.09005895e-04 1.06517547e-04 1.04050628e-04 1.01606363e-04 9.91858981e-05 9.67903042e-05 9.44205764e-05 9.20776365e-05 8.97623344e-05 8.74754500e-05 8.52176952e-05 8.29897156e-05 8.07920928e-05 7.86253463e-05 7.64899357e-05 7.43862630e-05 7.23146747e-05 7.02754641e-05 6.82688735e-05 6.62950964e-05 6.43542797e-05 6.24465261e-05 6.05718960e-05 5.87304100e-05 5.69220505e-05 5.51467645e-05 5.34044650e-05 5.16950331e-05 5.00183204e-05 4.83741504e-05 4.67623203e-05 4.51826032e-05 4.36347494e-05 4.21184885e-05 4.06335304e-05 3.91795673e-05 3.77562751e-05 3.63633146e-05 3.50003330e-05 3.36669654e-05 3.23628355e-05 3.10875573e-05 2.98407361e-05 2.86219693e-05
1.32715569e-04 1.22425231e-04 1.08859001e-04 1.09504189e-04 1.11984093e-04 1.14541036e-04 1.17116339e-04 1.19707988e-04 1.22314338e-04 1.24933663e-04 1.27564152e-04 1.30203913e-04 1.32850970e-04 1.35503270e-04 1.38158678e-04 1.40814984e-04 1.43469899e-04 1.46121066e-04 1.48766054e-04 1.51402367e-04 1.54027446e-04 1.56638670e-04 1.59233364e-04 1.61808803e-04 1.64362214e-04 1.66890784e-04 1.69391663e-04 1.71861973e-04 1.74298812e-04 1.76699259e-04 1.79060382e-04 1.81379247e-04 1.83652921e-04 1.85878479e-04 1.88053016e-04 1.90173649e-04 1.92237526e-04 1.94241836e-04 1.96183811e-04 1.98060741e-04 1.99869972e-04 2.01608921e-04 2.03275079e-04 2.04866021e-04 2.06379409e-04 2.07813000e-04 2.09164654e-04 2.10432340e-04 2.11614137e-04 2.12708247e-04 2.13712994e-04 2.14626831e-04 2.15448346e-04 2.16176263e-04 2.16809448e-04 2.17346912e-04 2.17787813e-04 2.18131457e-04 2.18377305e-04 2.18524969e-04 2.18574216e-04 2.18524969e-04 2.18377305e-04 2.18131457e-04 2.17787813e-04 2.17346912e-04 2.16809448e-04 2.16176263e-04 2.15448346e-04 2.14626831e-04 2.13712994e-04 2.12708247e-04 2.11614137e-04 2.10432340e-04 2.09164654e-04 2.07813000e-04 2.06379409e-04 2.04866021e-04 2.03275079e-04 2.01608921e-04 1.99869972e-04 1.98060741e-04 1.96183811e-04 1.94241836e-04 1.92237526e-04 1.90173649e-04 1.88053016e-04 1.85878479e-04 1.83652921e-04 1.81379247e-04 1.79060382e-04 1.76699259e-04 1.74298812e-04 1.71861973e-04 1.69391663e-04 1.66890784e-04 1.64362214e-04 1.61808803e-04 1.59233364e-04 1.56638670e-04 1.54027446e-04 1.51402367e-04 1.48766054e-04 1.46121066e-04 1.43469899e-04 1.40814984e-04 1.38158678e-04 1.35503270e-04 1.32850970e-04 1.30203913e-04 1.27564152e-04 1.24933663e-04 1.22314338e-04 1.19707988e-04 1.17116339e-04 1.14541035e-04 1.11983639e-04 1.09445627e-04 1.06928395e-04 1.04433259e-04 1.01961451e-04 9.95141253e-05 9.70923588e-05 9.46971505e-05 9.23294249e-05 8.99900331e-05 8.76797549e-05 8.53993007e-05 8.31493133e-05 8.09303706e-05 7.87429871e-05 7.65876166e-05 7.44646544e-05 7.23744392e-05 7.03172559e-05 6.82933378e-05 6.63028685e-05 6.43459847e-05 6.24227783e-05 6.05332983e-05 5.86775536e-05 5.68555147e-05 5.50671162e-05 5.33122585e-05 5.15908100e-05 4.99026093e-05 4.82474667e-05 4.66251666e-05 4.50354687e-05 4.34781103e-05 4.19528075e-05 4.04592573e-05 3.89971389e-05 3.75661149e-05 3.61658336e-05 3.47959293e-05 3.34560244e-05 3.21457306e-05 3.08646493e-05 2.96123739e-05 2.83884899e-05
1.33497645e-04 1.23014297e-04 1.09282267e-04 1.09939615e-04 1.12448814e-04 1.15036232e-04 1.17642656e-04 1.20266052e-04 1.22904758e-04 1.25557023e-04 1.28221016e-04 1.30894817e-04 1.33576424e-04 1.36263754e-04 1.38954638e-04 1.41646832e-04 1.44338012e-04 1.47025780e-04 1.49707663e-04 1.52381123e-04 1.55043554e-04 1.57692289e-04 1.60324602e-04 1.62937716e-04 1.65528806e-04 1.68095002e-04 1.70633400e-04 1.73141062e-04 1.75615027e-04 1.78052315e-04 1.80449933e-04 1.82804883e-04 1.85114170e-04 1.87374807e-04 1.89583825e-04 1.91738278e-04 1.93835253e-04 1.95871873e-04 1.97845313e-04 1.99752797e-04 2.01591614e-04 2.03359122e-04 2.05052754e-04 2.06670030e-04 2.08208558e-04 2.09666044e-04 2.11040298e-04 2.12329240e-04 2.13530908e-04 2.14643459e-04 2.15665179e-04 2.16594486e-04 2.17429932e-04 2.18170214e-04 2.18814170e-04 2.19360787e-04 2.19809204e-04 2.20158712e-04 2.20408757e-04 2.20558943e-04 2.20609031e-04 2.20558943e-04 2.20408757e-04 2.20158712e-04 2.19809204e-04 2.19360787e-04 2.18814170e-04 2.18170214e-04 2.17429932e-04 2.16594486e-04 2.15665179e-04 2.14643459e-04 2.13530908e-04 2.12329240e-04 2.11040298e-04 2.09666044e-04 2.08208558e-04 2.06670030e-04 2.05052754e-04 2.03359122e-04 2.01591614e-04 1.99752797e-04 1.97845313e-04 1.95871873e-04 1.93835253e-04 1.91738278e-04 1.89583825e-04 1.87374807e-04 1.85114170e-04 1.82804883e-04 1.80449933e-04 1.78052315e-04 1.75615027e-04 1.73141062e-04 1.70633400e-04 1.68095002e-04 1.65528806e-04 1.62937716e-04 1.60324602e-04 1.57692289e-04 1.55043554e-04 1.52381123e-04 1.49707663e-04 1.47025780e-04 1.44338012e-04 1.41646832e-04 1.38954638e-04 1.36263754e-04 1.33576424e-04 1.30894817e-04 1.28221016e-04 1.25557023e-04 1.22904758e-04 1.20266052e-04 1.17642656e-04 1.15036231e-04 1.12448356e-04 1.09880523e-04 1.07334142e-04 1.04810536e-04 1.02310950e-04 9.98365442e-05 9.73884003e-05 9.49675218e-05 9.25748354e-05 9.02111931e-05 8.78773741e-05 8.55740871e-05 8.33019718e-05 8.10616017e-05 7.88534861e-05 7.66780726e-05 7.45357490e-05 7.24268462e-05 7.03516402e-05 6.83103546e-05 6.63031631e-05 6.43301914e-05 6.23915201e-05 6.04871867e-05 5.86171878e-05 5.67814816e-05 5.49799899e-05 5.32126000e-05 5.14791674e-05 4.97795172e-05 4.81134463e-05 4.64807257e-05 4.48811015e-05 4.33142974e-05 4.17800162e-05 4.02779413e-05 3.88077384e-05 3.73690572e-05 3.59615325e-05 3.45847858e-05 3.32384267e-05 3.19220540e-05 3.06352570e-05 2.93776166e-05 2.81487063e-05
1.34279965e-04 1.23599592e-04 1.09700282e-04 1.10370030e-04 1.12908808e-04 1.15526999e-04 1.18164861e-04 1.20820339e-04 1.23491749e-04 1.26177321e-04 1.28875200e-04 1.31583441e-04 1.34300015e-04 1.37022804e-04 1.39749612e-04 1.42478156e-04 1.45206076e-04 1.47930933e-04 1.50650215e-04 1.53361338e-04 1.56061648e-04 1.58748431e-04 1.61418911e-04 1.64070257e-04 1.66699591e-04 1.69303986e-04 1.71880480e-04 1.74426077e-04 1.76937755e-04 1.79412471e-04 1.81847171e-04 1.84238794e-04 1.86584279e-04 1.88880578e-04 1.91124655e-04 1.93313500e-04 1.95444134e-04 1.97513620e-04 1.99519066e-04 2.01457635e-04 2.03326555e-04 2.05123124e-04 2.06844716e-04 2.08488794e-04 2.10052911e-04 2.11534719e-04 2.12931979e-04 2.14242563e-04 2.15464461e-04 2.16595788e-04 2.17634791e-04 2.18579849e-04 2.19429483e-04 2.20182356e-04 2.20837280e-04 2.21393219e-04 2.21849291e-04 2.22204770e-04 2.22459089e-04 2.22611844e-04 2.22662789e-04 2.22611844e-04 2.22459089e-04 2.22204770e-04 2.21849291e-04 2.21393219e-04 2.20837280e-04 2.20182356e-04 2.19429483e-04 2.18579849e-04 2.17634791e-04 2.16595788e-04 2.15464461e-04 2.14242563e-04 2.12931979e-04 2.11534719e-04 2.10052911e-04 2.08488794e-04 2.06844716e-04 2.05123124e-04 2.03326555e-04 2.01457635e-04 1.99519066e-04 1.97513620e-04 1.95444134e-04 1.93313500e-04 1.91124655e-04 1.88880578e-04 1.86584279e-04 1.84238794e-04 1.81847171e-04 1.79412471e-04 1.76937755e-04 1.74426077e-04 1.71880480e-04 1.69303986e-04 1.66699591e-04 1.64070257e-04 1.61418911e-04 1.58748431e-04 1.56061648e-04 1.53361338e-04 1.50650215e-04 1.47930933e-04 1.45206076e-04 1.42478156e-04 1.39749612e-04 1.37022804e-04 1.34300015e-04 1.31583441e-04 1.28875200e-04 1.26177321e-04 1.23491749e-04 1.20820339e-04 1.18164861e-04 1.15526998e-04 1.12908345e-04 1.10310408e-04 1.07734609e-04 1.05182284e-04 1.02654685e-04 1.00152979e-04 9.76782543e-05 9.52315171e-05 9.28136963e-05 9.04256445e-05 8.80681399e-05 8.57418889e-05 8.34475278e-05 8.11856254e-05 7.89566854e-05 7.67611485e-05 7.45993949e-05 7.24717469e-05 7.03784714e-05 6.83197818e-05 6.62958412e-05 6.43067642e-05 6.23526196e-05 6.04334328e-05 5.85491879e-05 5.66998301e-05 5.48852680e-05 5.31053758e-05 5.13599952e-05 4.96489377e-05 4.79719865e-05 4.63288984e-05 4.47194060e-05 4.31432189e-05 4.16000261e-05 4.00894973e-05 3.86112845e-05 3.71650238e-05 3.57503365e-05 3.43668311e-05 3.30141039e-05 3.16917409e-05 3.03993186e-05 2.91364054e-05 2.79025627e-05
1.35062423e-04 1.24180918e-04 1.10112862e-04 1.10795254e-04 1.13363893e-04 1.16013160e-04 1.18682778e-04 1.21370671e-04 1.24075137e-04 1.26794386e-04 1.29526537e-04 1.32269621e-04 1.35021578e-04 1.37780263e-04 1.40543444e-04 1.43308805e-04 1.46073946e-04 1.48836389e-04 1.51593578e-04 1.54342884e-04 1.57081608e-04 1.59806985e-04 1.62516187e-04 1.65206331e-04 1.67874481e-04 1.70517656e-04 1.73132833e-04 1.75716956e-04 1.78266941e-04 1.80779684e-04 1.83252065e-04 1.85680958e-04 1.88063239e-04 1.90395791e-04 1.92675514e-04 1.94899331e-04 1.97064199e-04 1.99167114e-04 2.01205119e-04 2.03175314e-04 2.05074864e-04 2.06901005e-04 2.08651052e-04 2.10322407e-04 2.11912570e-04 2.13419137e-04 2.14839818e-04 2.16172434e-04 2.17414929e-04 2.18565375e-04 2.19621975e-04 2.20583073e-04 2.21447154e-04 2.22212849e-04 2.22878944e-04 2.23444377e-04 2.23908245e-04 2.24269805e-04 2.24528478e-04 2.24683849e-04 2.24735666e-04 2.24683849e-04 2.24528478e-04 2.24269805e-04 2.23908245e-04 2.23444377e-04 2.22878944e-04 2.22212849e-04 2.21447154e-04 2.20583073e-04 2.19621975e-04 2.18565375e-04 2.17414929e-04 2.16172434e-04 2.14839818e-04 2.13419137e-04 2.11912570e-04 2.10322407e-04 2.08651052e-04 2.06901005e-04 2.05074864e-04 2.03175314e-04 2.01205119e-04 1.99167114e-04 1.97064199e-04 1.94899331e-04 1.92675514e-04 1.90395791e-04 1.88063239e-04 1.85680958e-04 1.83252065e-04 1.80779684e-04 1.78266941e-04 1.75716956e-04 1.73132833e-04 1.70517656e-04 1.67874481e-04 1.65206331e-04 1.62516187e-04 1.59806985e-04 1.57081608e-04 1.54342884e-04 1.51593578e-04 1.48836389e-04 1.46073946e-04 1.43308805e-04 1.40543444e-04 1.37780263e-04 1.35021578e-04 1.32269621e-04 1.29526537e-04 1.26794386e-04 1.24075137e-04 1.21370671e-04 1.18682778e-04 1.16013159e-04 1.13363426e-04 1.10735101e-04 1.08129617e-04 1.05548322e-04 1.02992475e-04 1.00463252e-04 9.79617435e-05 9.54889606e-05 9.30458336e-05 9.06332151e-05 8.82518821e-05 8.59025383e-05 8.35858161e-05 8.13022793e-05 7.90524253e-05 7.68366876e-05 7.46554384e-05 7.25089911e-05 7.03976024e-05 6.83214758e-05 6.62807628e-05 6.42755667e-05 6.23059440e-05 6.03719075e-05 5.84734283e-05 5.66104384e-05 5.47828328e-05 5.29904717e-05 5.12331831e-05 4.95107642e-05 4.78229842e-05 4.61695856e-05 4.45502866e-05 4.29647828e-05 4.14127490e-05 3.98938406e-05 3.84076959e-05 3.69539370e-05 3.55321715e-05 3.41419943e-05 3.27829884e-05 3.14547267e-05 3.01567726e-05 2.88886821e-05 2.76500038e-05
1.35844915e-04 1.24758074e-04 1.10519819e-04 1.11215104e-04 1.13813888e-04 1.16494531e-04 1.19196224e-04 1.21916869e-04 1.24654746e-04 1.27408042e-04 1.30174854e-04 1.32953185e-04 1.35740949e-04 1.38535968e-04 1.41335978e-04 1.44138626e-04 1.46941474e-04 1.49742003e-04 1.52537615e-04 1.55325634e-04 1.58103312e-04 1.60867835e-04 1.63616323e-04 1.66345838e-04 1.69053387e-04 1.71735930e-04 1.74390386e-04 1.77013636e-04 1.79602534e-04 1.82153910e-04 1.84664579e-04 1.87131351e-04 1.89551032e-04 1.91920441e-04 1.94236408e-04 1.96495789e-04 1.98695474e-04 2.00832392e-04 2.02903519e-04 2.04905891e-04 2.06836607e-04 2.08692841e-04 2.10471846e-04 2.12170965e-04 2.13787639e-04 2.15319411e-04 2.16763934e-04 2.18118981e-04 2.19382448e-04 2.20552360e-04 2.21626880e-04 2.22604311e-04 2.23483104e-04 2.24261858e-04 2.24939329e-04 2.25514431e-04 2.25986239e-04 2.26353993e-04 2.26617100e-04 2.26775135e-04 2.26827841e-04 2.26775135e-04 2.26617100e-04 2.26353993e-04 2.25986239e-04 2.25514431e-04 2.24939329e-04 2.24261858e-04 2.23483104e-04 2.22604311e-04 2.21626880e-04 2.20552360e-04 2.19382448e-04 2.18118981e-04 2.16763934e-04 2.15319411e-04 2.13787639e-04 2.12170965e-04 2.10471846e-04 2.08692841e-04 2.06836607e-04 2.04905891e-04 2.02903519e-04 2.00832392e-04 1.98695474e-04 1.96495789e-04 1.94236408e-04 1.91920441e-04 1.89551032e-04 1.87131351e-04 1.84664579e-04 1.82153910e-04 1.79602534e-04 1.77013636e-04 1.74390386e-04 1.71735930e-04 1.69053387e-04 1.66345838e-04 1.63616323e-04 1.60867835e-04 1.58103312e-04 1.55325634e-04 1.52537615e-04 1.49742003e-04 1.46941474e-04 1.44138626e-04 1.41335978e-04 1.38535968e-04 1.35740949e-04 1.32953185e-04 1.30174854e-04 1.27408042e-04 1.24654746e-04 1.21916869e-04 1.19196224e-04 1.16494530e-04 1.13813416e-04 1.11154419e-04 1.08518984e-04 1.05908468e-04 1.03324140e-04 1.00767181e-04 9.82386880e-05 9.57396739e-05 9.32710705e-05 9.08337302e-05 8.84284283e-05 8.60558653e-05 8.37166694e-05 8.14113988e-05 7.91405443e-05 7.69045317e-05 7.47037246e-05 7.25384268e-05 7.04088851e-05 6.83152917e-05 6.62577869e-05 6.42364616e-05 6.22513597e-05 6.03024810e-05 5.83897832e-05 5.65131844e-05 5.46725657e-05 5.28677732e-05 5.10986203e-05 4.93648899e-05 4.76663364e-05 4.60026878e-05 4.43736479e-05 4.27788974e-05 4.12180967e-05 3.96908869e-05 3.81968918e-05 3.67357194e-05 3.53069635e-05 3.39102049e-05 3.25450132e-05 3.12109476e-05 2.99075587e-05 2.86343892e-05 2.73909753e-05
1.36627332e-04 1.25330856e-04 1.10920961e-04 1.11629392e-04 1.14258605e-04 1.16970928e-04 1.19705015e-04 1.22458750e-04 1.25230392e-04 1.28018109e-04 1.30819972e-04 1.33633960e-04 1.36457956e-04 1.39289753e-04 1.42127052e-04 1.44967462e-04 1.47808509e-04 1.50647631e-04 1.53482186e-04 1.56309452e-04 1.59126633e-04 1.61930863e-04 1.64719208e-04 1.67488674e-04 1.70236212e-04 1.72958723e-04 1.75653063e-04 1.78316050e-04 1.80944475e-04 1.83535101e-04 1.86084677e-04 1.88589945e-04 1.91047644e-04 1.93454522e-04 1.95807341e-04 1.98102889e-04 2.00337985e-04 2.02509490e-04 2.04614313e-04 2.06649422e-04 2.08611850e-04 2.10498708e-04 2.12307185e-04 2.14034563e-04 2.15678223e-04 2.17235652e-04 2.18704449e-04 2.20082333e-04 2.21367152e-04 2.22556886e-04 2.23649653e-04 2.24643718e-04 2.25537493e-04 2.26329546e-04 2.27018603e-04 2.27603552e-04 2.28083447e-04 2.28457510e-04 2.28725133e-04 2.28885881e-04 2.28939493e-04 2.28885881e-04 2.28725133e-04 2.28457510e-04 2.28083447e-04 2.27603552e-04 2.27018603e-04 2.26329546e-04 2.25537493e-04 2.24643718e-04 2.23649653e-04 2.22556886e-04 2.21367152e-04 2.20082333e-04 2.18704449e-04 2.17235652e-04 2.15678223e-04 2.14034563e-04 2.12307185e-04 2.10498708e-04 2.08611850e-04 2.06649422e-04 2.04614313e-04 2.02509490e-04 2.00337985e-04 1.98102889e-04 1.95807341e-04 1.93454522e-04 1.91047644e-04 1.88589945e-04 1.86084677e-04 1.83535101e-04 1.80944475e-04 1.78316050e-04 1.75653063e-04 1.72958723e-04 1.70236212e-04 1.67488674e-04 1.64719208e-04 1.61930863e-04 1.59126633e-04 1.56309452e-04 1.53482186e-04 1.50647631e-04 1.47808509e-04 1.44967462e-04 1.42127052e-04 1.39289753e-04 1.36457956e-04 1.33633960e-04 1.30819972e-04 1.28018109e-04 1.25230392e-04 1.22458750e-04 1.19705015e-04 1.16970927e-04 1.14258130e-04 1.11568175e-04 1.08902521e-04 1.06262535e-04 1.03649493e-04 1.01064582e-04 9.85089049e-05 9.59834759e-05 9.34892279e-05 9.10270129e-05 8.85976038e-05 8.62016979e-05 8.38399185e-05 8.15128176e-05 7.92208791e-05 7.69645206e-05 7.47440966e-05 7.25599009e-05 7.04121698e-05 6.83010838e-05 6.62267712e-05 6.41893103e-05 6.21887321e-05 6.02250226e-05 5.82981256e-05 5.64079453e-05 5.45543480e-05 5.27371654e-05 5.09561959e-05 4.92112076e-05 4.75019400e-05 4.58281061e-05 4.41893944e-05 4.25854711e-05 4.10159815e-05 3.94805520e-05 3.79787917e-05 3.65102943e-05 3.50746391e-05 3.36713930e-05 3.23001116e-05 3.09603405e-05 2.96516168e-05 2.83734700e-05 2.71254236e-05
1.37409562e-04 1.25899053e-04 1.11316094e-04 1.12037929e-04 1.14697856e-04 1.17442160e-04 1.20208963e-04 1.22996126e-04 1.25801892e-04 1.28624404e-04 1.31461713e-04 1.34311768e-04 1.37172427e-04 1.40041448e-04 1.42916498e-04 1.45795152e-04 1.48674895e-04 1.51553123e-04 1.54427149e-04 1.57294203e-04 1.60151442e-04 1.62995945e-04 1.65824726e-04 1.68634734e-04 1.71422861e-04 1.74185946e-04 1.76920783e-04 1.79624128e-04 1.82292703e-04 1.84923207e-04 1.87512319e-04 1.90056712e-04 1.92553056e-04 1.94998027e-04 1.97388317e-04 1.99720644e-04 2.01991756e-04 2.04198442e-04 2.06337545e-04 2.08405962e-04 2.10400660e-04 2.12318682e-04 2.14157154e-04 2.15913295e-04 2.17584426e-04 2.19167973e-04 2.20661482e-04 2.22062618e-04 2.23369179e-04 2.24579096e-04 2.25690445e-04 2.26701448e-04 2.27610481e-04 2.28416078e-04 2.29116935e-04 2.29711914e-04 2.30200045e-04 2.30580534e-04 2.30852757e-04 2.31016270e-04 2.31070803e-04 2.31016270e-04 2.30852757e-04 2.30580534e-04 2.30200045e-04 2.29711914e-04 2.29116935e-04 2.28416078e-04 2.27610481e-04 2.26701448e-04 2.25690445e-04 2.24579096e-04 2.23369179e-04 2.22062618e-04 2.20661482e-04 2.19167973e-04 2.17584426e-04 2.15913295e-04 2.14157154e-04 2.12318682e-04 2.10400660e-04 2.08405962e-04 2.06337545e-04 2.04198442e-04 2.01991756e-04 1.99720644e-04 1.97388317e-04 1.94998027e-04 1.92553056e-04 1.90056712e-04 1.87512319e-04 1.84923207e-04 1.82292703e-04 1.79624128e-04 1.76920783e-04 1.74185946e-04 1.71422861e-04 1.68634734e-04 1.65824726e-04 1.62995945e-04 1.60151442e-04 1.57294203e-04 1.54427149e-04 1.51553123e-04 1.48674895e-04 1.45795152e-04 1.42916498e-04 1.40041448e-04 1.37172427e-04 1.34311768e-04 1.31461713e-04 1.28624404e-04 1.25801892e-04 1.22996126e-04 1.20208963e-04 1.17442159e-04 1.14697376e-04 1.11976180e-04 1.09280040e-04 1.06610334e-04 1.03968346e-04 1.01355269e-04 9.87722088e-05 9.62201827e-05 9.37001241e-05 9.12128836e-05 8.87592318e-05 8.63398619e-05 8.39553919e-05 8.16063675e-05 7.92932647e-05 7.70164927e-05 7.47763963e-05 7.25732590e-05 7.04073056e-05 6.82787049e-05 6.61875726e-05 6.41339738e-05 6.21179259e-05 6.01394010e-05 5.81983285e-05 5.62945978e-05 5.44280606e-05 5.25985332e-05 5.08057989e-05 4.90496105e-05 4.73296920e-05 4.56457411e-05 4.39974310e-05 4.23844125e-05 4.08063158e-05 3.92627520e-05 3.77533156e-05 3.62775851e-05 3.48351256e-05 3.34254893e-05 3.20482178e-05 3.07028428e-05 2.93888877e-05 2.81058687e-05 2.68532958e-05
1.38191494e-04 1.26462450e-04 1.11705018e-04 1.12440521e-04 1.15131446e-04 1.17908035e-04 1.20707875e-04 1.23528807e-04 1.26369054e-04 1.29226741e-04 1.32099890e-04 1.34986428e-04 1.37884181e-04 1.40790877e-04 1.43704148e-04 1.46621532e-04 1.49540472e-04 1.52458323e-04 1.55372354e-04 1.58279746e-04 1.61177604e-04 1.64062956e-04 1.66932760e-04 1.69783907e-04 1.72613230e-04 1.75417506e-04 1.78193465e-04 1.80937797e-04 1.83647157e-04 1.86318176e-04 1.88947463e-04 1.91531620e-04 1.94067246e-04 1.96550944e-04 1.98979336e-04 2.01349065e-04 2.03656808e-04 2.05899283e-04 2.08073260e-04 2.10175567e-04 2.12203102e-04 2.14152839e-04 2.16021839e-04 2.17807257e-04 2.19506350e-04 2.21116488e-04 2.22635156e-04 2.24059967e-04 2.25388665e-04 2.26619135e-04 2.27749406e-04 2.28777659e-04 2.29702231e-04 2.30521622e-04 2.31234497e-04 2.31839691e-04 2.32336212e-04 2.32723245e-04 2.33000154e-04 2.33166482e-04 2.33221955e-04 2.33166482e-04 2.33000154e-04 2.32723245e-04 2.32336212e-04 2.31839691e-04 2.31234497e-04 2.30521622e-04 2.29702231e-04 2.28777659e-04 2.27749406e-04 2.26619135e-04 2.25388665e-04 2.24059967e-04 2.22635156e-04 2.21116488e-04 2.19506350e-04 2.17807257e-04 2.16021839e-04 2.14152839e-04 2.12203102e-04 2.10175567e-04 2.08073260e-04 2.05899283e-04 2.03656808e-04 2.01349065e-04 1.98979336e-04 1.96550944e-04 1.94067246e-04 1.91531620e-04 1.88947463e-04 1.86318176e-04 1.83647157e-04 1.80937797e-04 1.78193465e-04 1.75417506e-04 1.72613230e-04 1.69783907e-04 1.66932760e-04 1.64062956e-04 1.61177604e-04 1.58279746e-04 1.55372354e-04 1.52458323e-04 1.49540472e-04 1.46621532e-04 1.43704148e-04 1.40790877e-04 1.37884181e-04 1.34986428e-04 1.32099890e-04 1.29226741e-04 1.26369054e-04 1.23528807e-04 1.20707875e-04 1.17908034e-04 1.15130962e-04 1.12378239e-04 1.09651348e-04 1.06951673e-04 1.04280508e-04 1.01639051e-04 9.90284113e-05 9.64496081e-05 9.39035747e-05 9.13911605e-05 8.89131330e-05 8.64701808e-05 8.40629163e-05 8.16918782e-05 7.93575343e-05 7.70602847e-05 7.48004641e-05 7.25783450e-05 7.03941405e-05 6.82480069e-05 6.61400468e-05 6.40703118e-05 6.20388050e-05 6.00454842e-05 5.80902640e-05 5.61730184e-05 5.42935839e-05 5.24517611e-05 5.06473179e-05 4.88799912e-05 4.71494892e-05 4.54554939e-05 4.37976626e-05 4.21756306e-05 4.05890123e-05 3.90374037e-05 3.75203838e-05 3.60375161e-05 3.45883506e-05 3.31724251e-05 3.17892667e-05 3.04383929e-05 2.91193131e-05 2.78315299e-05 2.65745402e-05
1.38973011e-04 1.27020825e-04 1.12087533e-04 1.12836972e-04 1.15559180e-04 1.18368356e-04 1.21201555e-04 1.24056598e-04 1.26931688e-04 1.29824927e-04 1.32734316e-04 1.35657754e-04 1.38593038e-04 1.41537863e-04 1.44489828e-04 1.47446431e-04 1.50405076e-04 1.53363075e-04 1.56317650e-04 1.59265934e-04 1.62204981e-04 1.65131765e-04 1.68043187e-04 1.70936080e-04 1.73807216e-04 1.76653308e-04 1.79471022e-04 1.82256980e-04 1.85007770e-04 1.87719951e-04 1.90390063e-04 1.93014635e-04 1.95590191e-04 1.98113263e-04 2.00580397e-04 2.02988163e-04 2.05333164e-04 2.07612045e-04 2.09821501e-04 2.11958291e-04 2.14019239e-04 2.16001253e-04 2.17901324e-04 2.19716542e-04 2.21444102e-04 2.23081309e-04 2.24625592e-04 2.26074508e-04 2.27425748e-04 2.28677147e-04 2.29826687e-04 2.30872508e-04 2.31812906e-04 2.32646346e-04 2.33371462e-04 2.33987060e-04 2.34492127e-04 2.34885826e-04 2.35167507e-04 2.35336703e-04 2.35393133e-04 2.35336703e-04 2.35167507e-04 2.34885826e-04 2.34492127e-04 2.33987060e-04 2.33371462e-04 2.32646346e-04 2.31812906e-04 2.30872508e-04 2.29826687e-04 2.28677147e-04 2.27425748e-04 2.26074508e-04 2.24625592e-04 2.23081309e-04 2.21444102e-04 2.19716542e-04 2.17901324e-04 2.16001253e-04 2.14019239e-04 2.11958291e-04 2.09821501e-04 2.07612045e-04 2.05333164e-04 2.02988163e-04 2.00580397e-04 1.98113263e-04 1.95590191e-04 1.93014635e-04 1.90390063e-04 1.87719951e-04 1.85007770e-04 1.82256980e-04 1.79471022e-04 1.76653308e-04 1.73807216e-04 1.70936080e-04 1.68043187e-04 1.65131765e-04 1.62204981e-04 1.59265934e-04 1.56317650e-04 1.53363075e-04 1.50405076e-04 1.47446431e-04 1.44489828e-04 1.41537863e-04 1.38593038e-04 1.35657754e-04 1.32734316e-04 1.29824927e-04 1.26931688e-04 1.24056598e-04 1.21201555e-04 1.18368355e-04 1.15558691e-04 1.12774157e-04 1.10016247e-04 1.07286357e-04 1.04585785e-04 1.01915736e-04 9.92773212e-05 9.66715627e-05 9.40993930e-05 9.15616593e-05 8.90591258e-05 8.65924761e-05 8.41623164e-05 8.17691777e-05 7.94135194e-05 7.70957318e-05 7.48161389e-05 7.25750018e-05 7.03725212e-05 6.82088405e-05 6.60840487e-05 6.39981833e-05 6.19512328e-05 5.99431398e-05 5.79738037e-05 5.60430829e-05 5.41507980e-05 5.22967337e-05 5.04806417e-05 4.87022427e-05 4.69612287e-05 4.52572655e-05 4.35899944e-05 4.19590345e-05 4.03639844e-05 3.88044242e-05 3.72799172e-05 3.57900118e-05 3.43342426e-05 3.29121325e-05 3.15231938e-05 3.01669297e-05 2.88428354e-05 2.75503996e-05 2.62891056e-05
1.39753995e-04 1.27573953e-04 1.12463431e-04 1.13227080e-04 1.15980856e-04 1.18822923e-04 1.21689805e-04 1.24579300e-04 1.27489594e-04 1.30418768e-04 1.33364798e-04 1.36325556e-04 1.39298810e-04 1.42282223e-04 1.45273358e-04 1.48269675e-04 1.51268539e-04 1.54267216e-04 1.57262881e-04 1.60252619e-04 1.63233432e-04 1.66202238e-04 1.69155881e-04 1.72091136e-04 1.75004709e-04 1.77893253e-04 1.80753364e-04 1.83581599e-04 1.86374473e-04 1.89128475e-04 1.91840072e-04 1.94505719e-04 1.97121865e-04 1.99684968e-04 2.02191497e-04 2.04637946e-04 2.07020843e-04 2.09336757e-04 2.11582310e-04 2.13754185e-04 2.15849136e-04 2.17863998e-04 2.19795694e-04 2.21641246e-04 2.23397784e-04 2.25062550e-04 2.26632914e-04 2.28106374e-04 2.29480567e-04 2.30753278e-04 2.31922443e-04 2.32986154e-04 2.33942670e-04 2.34790420e-04 2.35528003e-04 2.36154199e-04 2.36667970e-04 2.37068460e-04 2.37355002e-04 2.37527119e-04 2.37584524e-04 2.37527119e-04 2.37355002e-04 2.37068460e-04 2.36667970e-04 2.36154199e-04 2.35528003e-04 2.34790420e-04 2.33942670e-04 2.32986154e-04 2.31922443e-04 2.30753278e-04 2.29480567e-04 2.28106374e-04 2.26632914e-04 2.25062550e-04 2.23397784e-04 2.21641246e-04 2.19795694e-04 2.17863998e-04 2.15849136e-04 2.13754185e-04 2.11582310e-04 2.09336757e-04 2.07020843e-04 2.04637946e-04 2.02191497e-04 1.99684968e-04 1.97121865e-04 1.94505719e-04 1.91840072e-04 1.89128475e-04 1.86374473e-04 1.83581599e-04 1.80753364e-04 1.77893253e-04 1.75004709e-04 1.72091136e-04 1.69155881e-04 1.66202238e-04 1.63233432e-04 1.60252619e-04 1.57262881e-04 1.54267216e-04 1.51268539e-04 1.48269675e-04 1.45273358e-04 1.42282223e-04 1.39298810e-04 1.36325556e-04 1.33364798e-04 1.30418768e-04 1.27489594e-04 1.24579300e-04 1.21689805e-04 1.18822922e-04 1.15980363e-04 1.13163733e-04 1.10374540e-04 1.07614186e-04 1.04883978e-04 1.02185126e-04 9.95187446e-05 9.68858549e-05 9.42873895e-05 9.17241934e-05 8.91970265e-05 8.67065672e-05 8.42534147e-05 8.18380922e-05 7.94610498e-05 7.71226674e-05 7.48232581e-05 7.25630707e-05 7.03422932e-05 6.81610554e-05 6.60194323e-05 6.39174465e-05 6.18550716e-05 5.98322345e-05 5.78488188e-05 5.59046669e-05 5.39995829e-05 5.21333352e-05 5.03056588e-05 4.85162577e-05 4.67648075e-05 4.50509573e-05 4.33743319e-05 4.17345338e-05 4.01311455e-05 3.85637309e-05 3.70318374e-05 3.55349976e-05 3.40727307e-05 3.26445443e-05 3.12499356e-05 2.98883932e-05 2.85593980e-05 2.72624244e-05 2.59969420e-05
1.40534324e-04 1.28121603e-04 1.12832504e-04 1.13610643e-04 1.16396270e-04 1.19271533e-04 1.22172420e-04 1.25096711e-04 1.28042573e-04 1.31008064e-04 1.33991139e-04 1.36989640e-04 1.40001307e-04 1.43023771e-04 1.46054557e-04 1.49091089e-04 1.52130688e-04 1.55170578e-04 1.58207886e-04 1.61239648e-04 1.64262810e-04 1.67274236e-04 1.70270713e-04 1.73248952e-04 1.76205598e-04 1.79137237e-04 1.82040399e-04 1.84911570e-04 1.87747194e-04 1.90543686e-04 1.93297440e-04 1.96004833e-04 1.98662241e-04 2.01266043e-04 2.03812630e-04 2.06298421e-04 2.08719863e-04 2.11073450e-04 2.13355728e-04 2.15563303e-04 2.17692856e-04 2.19741149e-04 2.21705034e-04 2.23581464e-04 2.25367501e-04 2.27060325e-04 2.28657243e-04 2.30155694e-04 2.31553261e-04 2.32847676e-04 2.34036825e-04 2.35118758e-04 2.36091691e-04 2.36954014e-04 2.37704296e-04 2.38341287e-04 2.38863923e-04 2.39271330e-04 2.39562825e-04 2.39737918e-04 2.39796315e-04 2.39737918e-04 2.39562825e-04 2.39271330e-04 2.38863923e-04 2.38341287e-04 2.37704296e-04 2.36954014e-04 2.36091691e-04 2.35118758e-04 2.34036825e-04 2.32847676e-04 2.31553261e-04 2.30155694e-04 2.28657243e-04 2.27060325e-04 2.25367501e-04 2.23581464e-04 2.21705034e-04 2.19741149e-04 2.17692856e-04 2.15563303e-04 2.13355728e-04 2.11073450e-04 2.08719863e-04 2.06298421e-04 2.03812630e-04 2.01266043e-04 1.98662241e-04 1.96004833e-04 1.93297440e-04 1.90543686e-04 1.87747194e-04 1.84911570e-04 1.82040399e-04 1.79137237e-04 1.76205598e-04 1.73248952e-04 1.70270713e-04 1.67274236e-04 1.64262810e-04 1.61239648e-04 1.58207886e-04 1.55170578e-04 1.52130688e-04 1.49091089e-04 1.46054557e-04 1.43023771e-04 1.40001307e-04 1.36989640e-04 1.33991139e-04 1.31008064e-04 1.28042573e-04 1.25096711e-04 1.22172420e-04 1.19271532e-04 1.16395773e-04 1.13546764e-04 1.10726021e-04 1.07934959e-04 1.05174889e-04 1.02447025e-04 9.97524845e-05 9.70922900e-05 9.44673724e-05 9.18785735e-05 8.93266491e-05 8.68122713e-05 8.43360321e-05 8.18984460e-05 7.94999535e-05 7.71409236e-05 7.48216577e-05 7.25423919e-05 7.03033009e-05 6.81045004e-05 6.59460506e-05 6.38279589e-05 6.17501833e-05 5.97126347e-05 5.77151803e-05 5.57576457e-05 5.38398184e-05 5.19614497e-05 5.01222577e-05 4.83219293e-05 4.65601230e-05 4.48364709e-05 4.31505808e-05 4.15020386e-05 3.98904098e-05 3.83152421e-05 3.67760665e-05 3.52723996e-05 3.38037447e-05 3.23695939e-05 3.09694292e-05 2.96027242e-05 2.82689450e-05 2.69675520e-05 2.56980004e-05
1.41313877e-04 1.28663538e-04 1.13194540e-04 1.13987452e-04 1.16805215e-04 1.19713977e-04 1.22649193e-04 1.25608625e-04 1.28590418e-04 1.31592613e-04 1.34613137e-04 1.37649808e-04 1.40700334e-04 1.43762314e-04 1.46833237e-04 1.49910488e-04 1.52991347e-04 1.56072992e-04 1.59152502e-04 1.62226862e-04 1.65292964e-04 1.68347617e-04 1.71387547e-04 1.74409403e-04 1.77409766e-04 1.80385155e-04 1.83332031e-04 1.86246807e-04 1.89125856e-04 1.91965519e-04 1.94762111e-04 1.97511936e-04 2.00211288e-04 2.02856468e-04 2.05443790e-04 2.07969591e-04 2.10430240e-04 2.12822152e-04 2.15141794e-04 2.17385695e-04 2.19550461e-04 2.21632779e-04 2.23629427e-04 2.25537289e-04 2.27353358e-04 2.29074748e-04 2.30698702e-04 2.32222601e-04 2.33643971e-04 2.34960488e-04 2.36169990e-04 2.37270480e-04 2.38260134e-04 2.39137301e-04 2.39900518e-04 2.40548505e-04 2.41080173e-04 2.41494625e-04 2.41791164e-04 2.41969288e-04 2.42028697e-04 2.41969288e-04 2.41791164e-04 2.41494625e-04 2.41080173e-04 2.40548505e-04 2.39900518e-04 2.39137301e-04 2.38260134e-04 2.37270480e-04 2.36169990e-04 2.34960488e-04 2.33643971e-04 2.32222601e-04 2.30698702e-04 2.29074748e-04 2.27353358e-04 2.25537289e-04 2.23629427e-04 2.21632779e-04 2.19550461e-04 2.17385695e-04 2.15141794e-04 2.12822152e-04 2.10430240e-04 2.07969591e-04 2.05443790e-04 2.02856468e-04 2.00211288e-04 1.97511936e-04 1.94762111e-04 1.91965519e-04 1.89125856e-04 1.86246807e-04 1.83332031e-04 1.80385155e-04 1.77409766e-04 1.74409403e-04 1.71387547e-04 1.68347617e-04 1.65292964e-04 1.62226862e-04 1.59152502e-04 1.56072992e-04 1.52991347e-04 1.49910488e-04 1.46833237e-04 1.43762314e-04 1.40700334e-04 1.37649808e-04 1.34613137e-04 1.31592613e-04 1.28590418e-04 1.25608625e-04 1.22649193e-04 1.19713976e-04 1.16804714e-04 1.13923042e-04 1.11070486e-04 1.08248470e-04 1.05458312e-04 1.02701229e-04 9.99783414e-05 9.72906709e-05 9.46391471e-05 9.20246083e-05 8.94478051e-05 8.69094034e-05 8.44099870e-05 8.19500615e-05 7.95300568e-05 7.71503308e-05 7.48111723e-05 7.25128043e-05 7.02553875e-05 6.80390230e-05 6.58637556e-05 6.37295772e-05 6.16364292e-05 5.95842062e-05 5.75727583e-05 5.56018942e-05 5.36713839e-05 5.17809614e-05 4.99303271e-05 4.81191506e-05 4.63470727e-05 4.46137081e-05 4.29186474e-05 4.12614591e-05 3.96416919e-05 3.80588765e-05 3.65125273e-05 3.50021444e-05 3.35272151e-05 3.20872158e-05 3.06816127e-05 2.93098643e-05 2.79714219e-05 2.66657310e-05 2.53922328e-05
1.42092526e-04 1.29199517e-04 1.13549322e-04 1.14357297e-04 1.17207480e-04 1.20150044e-04 1.23119914e-04 1.26114830e-04 1.29132922e-04 1.32172206e-04 1.35230588e-04 1.38305857e-04 1.41395691e-04 1.44497657e-04 1.47609207e-04 1.50727687e-04 1.53850334e-04 1.56974281e-04 1.60096559e-04 1.63214099e-04 1.66323741e-04 1.69422235e-04 1.72506245e-04 1.75572360e-04 1.78617093e-04 1.81636895e-04 1.84628157e-04 1.87587220e-04 1.90510381e-04 1.93393906e-04 1.96234031e-04 1.99026982e-04 2.01768973e-04 2.04456224e-04 2.07084967e-04 2.09651459e-04 2.12151989e-04 2.14582889e-04 2.16940546e-04 2.19221412e-04 2.21422013e-04 2.23538960e-04 2.25568957e-04 2.27508816e-04 2.29355458e-04 2.31105933e-04 2.32757416e-04 2.34307228e-04 2.35752836e-04 2.37091862e-04 2.38322093e-04 2.39441485e-04 2.40448168e-04 2.41340456e-04 2.42116848e-04 2.42776036e-04 2.43316903e-04 2.43738533e-04 2.44040210e-04 2.44221422e-04 2.44281861e-04 2.44221422e-04 2.44040210e-04 2.43738533e-04 2.43316903e-04 2.42776036e-04 2.42116848e-04 2.41340456e-04 2.40448168e-04 2.39441485e-04 2.38322093e-04 2.37091862e-04 2.35752836e-04 2.34307228e-04 2.32757416e-04 2.31105933e-04 2.29355458e-04 2.27508816e-04 2.25568957e-04 2.23538960e-04 2.21422013e-04 2.19221412e-04 2.16940546e-04 2.14582889e-04 2.12151989e-04 2.09651459e-04 2.07084967e-04 2.04456224e-04 2.01768973e-04 1.99026982e-04 1.96234031e-04 1.93393906e-04 1.90510381e-04 1.87587220e-04 1.84628157e-04 1.81636895e-04 1.78617093e-04 1.75572360e-04 1.72506245e-04 1.69422235e-04 1.66323741e-04 1.63214099e-04 1.60096559e-04 1.56974281e-04 1.53850334e-04 1.50727687e-04 1.47609207e-04 1.44497657e-04 1.41395691e-04 1.38305857e-04 1.35230588e-04 1.32172206e-04 1.29132922e-04 1.26114830e-04 1.23119914e-04 1.20150043e-04 1.17206974e-04 1.14292355e-04 1.11407724e-04 1.08554511e-04 1.05734041e-04 1.02947535e-04 1.00196113e-04 9.74807976e-05 9.48025165e-05 9.21621037e-05 8.95603041e-05 8.69977765e-05 8.44750964e-05 8.19927594e-05 7.95511846e-05 7.71507179e-05 7.47916351e-05 7.24741456e-05 7.01983952e-05 6.79644700e-05 6.57723989e-05 6.36221573e-05 6.15136701e-05 5.94468144e-05 5.74214232e-05 5.54372873e-05 5.34941589e-05 5.15917542e-05 4.97297556e-05 4.79078147e-05 4.61255543e-05 4.43825712e-05 4.26784383e-05 4.10127065e-05 3.93849071e-05 3.77945534e-05 3.62411431e-05 3.47241595e-05 3.32430735e-05 3.17973452e-05 3.03864252e-05 2.90097563e-05 2.76667747e-05 2.63569111e-05 2.50795923e-05
1.42870142e-04 1.29729291e-04 1.13896630e-04 1.14719962e-04 1.17602849e-04 1.20579518e-04 1.23584367e-04 1.26615114e-04 1.29669870e-04 1.32746633e-04 1.35843281e-04 1.38957579e-04 1.42087175e-04 1.45229599e-04 1.48382271e-04 1.51542494e-04 1.54707464e-04 1.57874267e-04 1.61039883e-04 1.64201193e-04 1.67354981e-04 1.70497937e-04 1.73626666e-04 1.76737689e-04 1.79827455e-04 1.82892345e-04 1.85928676e-04 1.88932716e-04 1.91900688e-04 1.94828776e-04 1.97713140e-04 2.00549923e-04 2.03335259e-04 2.06065285e-04 2.08736150e-04 2.11344027e-04 2.13885122e-04 2.16355685e-04 2.18752022e-04 2.21070502e-04 2.23307572e-04 2.25459764e-04 2.27523707e-04 2.29496138e-04 2.31373908e-04 2.33153994e-04 2.34833509e-04 2.36409708e-04 2.37879999e-04 2.39241949e-04 2.40493292e-04 2.41631934e-04 2.42655964e-04 2.43563653e-04 2.44353466e-04 2.45024063e-04 2.45574301e-04 2.46003243e-04 2.46310155e-04 2.46494513e-04 2.46556001e-04 2.46494513e-04 2.46310155e-04 2.46003243e-04 2.45574301e-04 2.45024063e-04 2.44353466e-04 2.43563653e-04 2.42655964e-04 2.41631934e-04 2.40493292e-04 2.39241949e-04 2.37879999e-04 2.36409708e-04 2.34833509e-04 2.33153994e-04 2.31373908e-04 2.29496138e-04 2.27523707e-04 2.25459764e-04 2.23307572e-04 2.21070502e-04 2.18752022e-04 2.16355685e-04 2.13885122e-04 2.11344027e-04 2.08736150e-04 2.06065285e-04 2.03335259e-04 2.00549923e-04 1.97713140e-04 1.94828776e-04 1.91900688e-04 1.88932716e-04 1.85928676e-04 1.82892345e-04 1.79827455e-04 1.76737689e-04 1.73626666e-04 1.70497937e-04 1.67354981e-04 1.64201193e-04 1.61039883e-04 1.57874267e-04 1.54707464e-04 1.51542494e-04 1.48382271e-04 1.45229599e-04 1.42087175e-04 1.38957579e-04 1.35843281e-04 1.32746633e-04 1.29669870e-04 1.26615114e-04 1.23584367e-04 1.20579517e-04 1.17602339e-04 1.14654491e-04 1.11737523e-04 1.08852871e-04 1.06001866e-04 1.03185733e-04 1.00405593e-04 9.76624676e-05 9.49572811e-05 9.22908634e-05 8.96639533e-05 8.70772016e-05 8.45311750e-05 8.20263585e-05 7.95631599e-05 7.71419123e-05 7.47628781e-05 7.24262521e-05 7.01321651e-05 6.78806872e-05 6.56718308e-05 6.35055546e-05 6.13817659e-05 5.93003243e-05 5.72610445e-05 5.52636994e-05 5.33080229e-05 5.13937124e-05 4.95204322e-05 4.76878151e-05 4.58954659e-05 4.41429628e-05 4.24298606e-05 4.07556922e-05 3.91199711e-05 3.75221930e-05 3.59618384e-05 3.44383733e-05 3.29512522e-05 3.14999184e-05 3.00838067e-05 2.87023439e-05 2.73549508e-05 2.60410433e-05 2.47600332e-05
1.43646595e-04 1.30252607e-04 1.14236240e-04 1.15075231e-04 1.17991103e-04 1.21002181e-04 1.24042332e-04 1.27109256e-04 1.30201045e-04 1.33315676e-04 1.36451003e-04 1.39604764e-04 1.42774576e-04 1.45957937e-04 1.49152228e-04 1.52354714e-04 1.55562546e-04 1.58772763e-04 1.61982296e-04 1.65187974e-04 1.68386521e-04 1.71574570e-04 1.74748661e-04 1.77905253e-04 1.81040724e-04 1.84151384e-04 1.87233479e-04 1.90283199e-04 1.93296688e-04 1.96270054e-04 1.99199375e-04 2.02080709e-04 2.04910109e-04 2.07683626e-04 2.10397325e-04 2.13047293e-04 2.15629651e-04 2.18140566e-04 2.20576257e-04 2.22933013e-04 2.25207197e-04 2.27395263e-04 2.29493761e-04 2.31499350e-04 2.33408810e-04 2.35219047e-04 2.36927104e-04 2.38530174e-04 2.40025603e-04 2.41410899e-04 2.42683744e-04 2.43841994e-04 2.44883692e-04 2.45807069e-04 2.46610554e-04 2.47292773e-04 2.47852557e-04 2.48288948e-04 2.48601193e-04 2.48788755e-04 2.48851312e-04 2.48788755e-04 2.48601193e-04 2.48288948e-04 2.47852557e-04 2.47292773e-04 2.46610554e-04 2.45807069e-04 2.44883692e-04 2.43841994e-04 2.42683744e-04 2.41410899e-04 2.40025603e-04 2.38530174e-04 2.36927104e-04 2.35219047e-04 2.33408810e-04 2.31499350e-04 2.29493761e-04 2.27395263e-04 2.25207197e-04 2.22933013e-04 2.20576257e-04 2.18140566e-04 2.15629651e-04 2.13047293e-04 2.10397325e-04 2.07683626e-04 2.04910109e-04 2.02080709e-04 1.99199375e-04 1.96270054e-04 1.93296688e-04 1.90283199e-04 1.87233479e-04 1.84151384e-04 1.81040724e-04 1.77905253e-04 1.74748661e-04 1.71574570e-04 1.68386521e-04 1.65187974e-04 1.61982296e-04 1.58772763e-04 1.55562546e-04 1.52354714e-04 1.49152228e-04 1.45957937e-04 1.42774576e-04 1.39604764e-04 1.36451003e-04 1.33315676e-04 1.30201045e-04 1.27109256e-04 1.24042332e-04 1.21002180e-04 1.17990589e-04 1.15009231e-04 1.12059664e-04 1.09143333e-04 1.06261574e-04 1.03415613e-04 1.00606574e-04 9.78354753e-05 9.51032387e-05 9.24106888e-05 8.97585575e-05 8.71474875e-05 8.45780356e-05 8.20506761e-05 7.95658043e-05 7.71237402e-05 7.47247319e-05 7.23689593e-05 7.00565373e-05 6.77875195e-05 6.55619014e-05 6.33796239e-05 6.12405764e-05 5.91446004e-05 5.70914919e-05 5.50810051e-05 5.31128550e-05 5.11867201e-05 4.93022457e-05 4.74590457e-05 4.56567059e-05 4.38947860e-05 4.21728219e-05 4.04903283e-05 3.88468004e-05 3.72417162e-05 3.56745381e-05 3.41447151e-05 3.26516843e-05 3.11948726e-05 2.97736981e-05 2.83875719e-05 2.70358988e-05 2.57180795e-05 2.44335109e-05
1.44421749e-04 1.30769205e-04 1.14567925e-04 1.15422880e-04 1.18372021e-04 1.21417810e-04 1.24493587e-04 1.27597034e-04 1.30726225e-04 1.33879115e-04 1.37053535e-04 1.40247196e-04 1.43457683e-04 1.46682461e-04 1.49918874e-04 1.53164146e-04 1.56415385e-04 1.59669581e-04 1.62923617e-04 1.66174264e-04 1.69418192e-04 1.72651972e-04 1.75872081e-04 1.79074909e-04 1.82256768e-04 1.85413892e-04 1.88542454e-04 1.91638566e-04 1.94698295e-04 1.97717664e-04 2.00692670e-04 2.03619287e-04 2.06493481e-04 2.09311217e-04 2.12068474e-04 2.14761252e-04 2.17385585e-04 2.19937551e-04 2.22413286e-04 2.24808991e-04 2.27120948e-04 2.29345527e-04 2.31479199e-04 2.33518546e-04 2.35460270e-04 2.37301205e-04 2.39038328e-04 2.40668761e-04 2.42189790e-04 2.43598863e-04 2.44893608e-04 2.46071830e-04 2.47131525e-04 2.48070883e-04 2.48888294e-04 2.49582352e-04 2.50151862e-04 2.50595840e-04 2.50913518e-04 2.51104345e-04 2.51167991e-04 2.51104345e-04 2.50913518e-04 2.50595840e-04 2.50151862e-04 2.49582352e-04 2.48888294e-04 2.48070883e-04 2.47131525e-04 2.46071830e-04 2.44893608e-04 2.43598863e-04 2.42189790e-04 2.40668761e-04 2.39038328e-04 2.37301205e-04 2.35460270e-04 2.33518546e-04 2.31479199e-04 2.29345527e-04 2.27120948e-04 2.24808991e-04 2.22413286e-04 2.19937551e-04 2.17385585e-04 2.14761252e-04 2.12068474e-04 2.09311217e-04 2.06493481e-04 2.03619287e-04 2.00692670e-04 1.97717664e-04 1.94698295e-04 1.91638566e-04 1.88542454e-04 1.85413892e-04 1.82256768e-04 1.79074909e-04 1.75872081e-04 1.72651972e-04 1.69418192e-04 1.66174264e-04 1.62923617e-04 1.59669581e-04 1.56415385e-04 1.53164146e-04 1.49918874e-04 1.46682461e-04 1.43457683e-04 1.40247196e-04 1.37053535e-04 1.33879115e-04 1.30726225e-04 1.27597034e-04 1.24493587e-04 1.21417809e-04 1.18371502e-04 1.15356353e-04 1.12373928e-04 1.09425680e-04 1.06512948e-04 1.03636962e-04 1.00798844e-04 9.79996129e-05 9.52401846e-05 9.25213786e-05 8.98439195e-05 8.72084409e-05 8.46154893e-05 8.20655273e-05 7.95589375e-05 7.70960259e-05 7.46770259e-05 7.23021014e-05 6.99713510e-05 6.76848111e-05 6.54424596e-05 6.32442192e-05 6.10899609e-05 5.89795070e-05 5.69126347e-05 5.48890788e-05 5.29085347e-05 5.09706617e-05 4.90750855e-05 4.72214005e-05 4.54091733e-05 4.36379443e-05 4.19072306e-05 4.02165277e-05 3.85653125e-05 3.69530445e-05 3.53791683e-05 3.38431149e-05 3.23443043e-05 3.08821461e-05 2.94560418e-05 2.80653862e-05 2.67095683e-05 2.53879730e-05 2.40999823e-05
1.45195468e-04 1.31278821e-04 1.14891454e-04 1.15762685e-04 1.18745375e-04 1.21826176e-04 1.24937904e-04 1.28078221e-04 1.31245184e-04 1.34436726e-04 1.37650655e-04 1.40884653e-04 1.44136277e-04 1.47402956e-04 1.50681998e-04 1.53970585e-04 1.57265780e-04 1.60564527e-04 1.63863656e-04 1.67159884e-04 1.70449822e-04 1.73729979e-04 1.76996768e-04 1.80246512e-04 1.83475448e-04 1.86679741e-04 1.89855485e-04 1.92998715e-04 1.96105413e-04 1.99171524e-04 2.02192956e-04 2.05165599e-04 2.08085330e-04 2.10948028e-04 2.13749581e-04 2.16485901e-04 2.19152931e-04 2.21746662e-04 2.24263141e-04 2.26698482e-04 2.29048882e-04 2.31310627e-04 2.33480105e-04 2.35553818e-04 2.37528391e-04 2.39400585e-04 2.41167304e-04 2.42825603e-04 2.44372704e-04 2.45805994e-04 2.47123045e-04 2.48321610e-04 2.49399637e-04 2.50355273e-04 2.51186871e-04 2.51892991e-04 2.52472408e-04 2.52924116e-04 2.53247329e-04 2.53441482e-04 2.53506237e-04 2.53441482e-04 2.53247329e-04 2.52924116e-04 2.52472408e-04 2.51892991e-04 2.51186871e-04 2.50355273e-04 2.49399637e-04 2.48321610e-04 2.47123045e-04 2.45805994e-04 2.44372704e-04 2.42825603e-04 2.41167304e-04 2.39400585e-04 2.37528391e-04 2.35553818e-04 2.33480105e-04 2.31310627e-04 2.29048882e-04 2.26698482e-04 2.24263141e-04 2.21746662e-04 2.19152931e-04 2.16485901e-04 2.13749581e-04 2.10948028e-04 2.08085330e-04 2.05165599e-04 2.02192956e-04 1.99171524e-04 1.96105413e-04 1.92998715e-04 1.89855485e-04 1.86679741e-04 1.83475448e-04 1.80246512e-04 1.76996768e-04 1.73729979e-04 1.70449822e-04 1.67159884e-04 1.63863656e-04 1.60564527e-04 1.57265780e-04 1.53970585e-04 1.50681998e-04 1.47402956e-04 1.44136277e-04 1.40884653e-04 1.37650655e-04 1.34436726e-04 1.31245184e-04 1.28078221e-04 1.24937904e-04 1.21826175e-04 1.18744852e-04 1.15695632e-04 1.12680091e-04 1.09699689e-04 1.06755769e-04 1.03849562e-04 1.00982190e-04 9.81546694e-05 9.53679116e-05 9.26227295e-05 8.99198398e-05 8.72598666e-05 8.46433452e-05 8.20707261e-05 7.95423781e-05 7.70585928e-05 7.46195880e-05 7.22255114e-05 6.98764442e-05 6.75724053e-05 6.53133540e-05 6.30991944e-05 6.09297782e-05 5.88049083e-05 5.67243422e-05 5.46877947e-05 5.26949415e-05 5.07454218e-05 4.88388410e-05 4.69747741e-05 4.51527675e-05 4.33723421e-05 4.16329954e-05 3.99342039e-05 3.82754254e-05 3.66561006e-05 3.50756558e-05 3.35335040e-05 3.20290473e-05 3.05616782e-05 2.91307811e-05 2.77357341e-05 2.63759101e-05 2.50506783e-05 2.37594052e-05
1.45967612e-04 1.31781182e-04 1.15206591e-04 1.16094416e-04 1.19110936e-04 1.22227050e-04 1.25375053e-04 1.28552586e-04 1.31757691e-04 1.34988278e-04 1.38242133e-04 1.41516911e-04 1.44810135e-04 1.48119204e-04 1.51441385e-04 1.54773820e-04 1.58113528e-04 1.61457402e-04 1.64802222e-04 1.68144648e-04 1.71481233e-04 1.74808422e-04 1.78122563e-04 1.81419909e-04 1.84696626e-04 1.87948802e-04 1.91172453e-04 1.94363535e-04 1.97517947e-04 2.00631548e-04 2.03700160e-04 2.06719585e-04 2.09685610e-04 2.12594024e-04 2.15440624e-04 2.18221230e-04 2.20931694e-04 2.23567916e-04 2.26125853e-04 2.28601531e-04 2.30991057e-04 2.33290632e-04 2.35496559e-04 2.37605259e-04 2.39613279e-04 2.41517302e-04 2.43314158e-04 2.45000837e-04 2.46574489e-04 2.48032445e-04 2.49372216e-04 2.50591502e-04 2.51688203e-04 2.52660422e-04 2.53506472e-04 2.54224879e-04 2.54814389e-04 2.55273973e-04 2.55602824e-04 2.55800366e-04 2.55866252e-04 2.55800366e-04 2.55602824e-04 2.55273973e-04 2.54814389e-04 2.54224879e-04 2.53506472e-04 2.52660422e-04 2.51688203e-04 2.50591502e-04 2.49372216e-04 2.48032445e-04 2.46574489e-04 2.45000837e-04 2.43314158e-04 2.41517302e-04 2.39613279e-04 2.37605259e-04 2.35496559e-04 2.33290632e-04 2.30991057e-04 2.28601531e-04 2.26125853e-04 2.23567916e-04 2.20931694e-04 2.18221230e-04 2.15440624e-04 2.12594024e-04 2.09685610e-04 2.06719585e-04 2.03700160e-04 2.00631548e-04 1.97517947e-04 1.94363535e-04 1.91172453e-04 1.87948802e-04 1.84696626e-04 1.81419909e-04 1.78122563e-04 1.74808422e-04 1.71481233e-04 1.68144648e-04 1.64802222e-04 1.61457402e-04 1.58113528e-04 1.54773820e-04 1.51441385e-04 1.48119204e-04 1.44810135e-04 1.41516911e-04 1.38242133e-04 1.34988278e-04 1.31757691e-04 1.28552586e-04 1.25375053e-04 1.22227049e-04 1.19110408e-04 1.16026839e-04 1.12977926e-04 1.09965135e-04 1.06989813e-04 1.04053193e-04 1.01156395e-04 9.83004314e-05 9.54862098e-05 9.27145356e-05 8.99861167e-05 8.73015672e-05 8.46614106e-05 8.20660842e-05 7.95159428e-05 7.70112627e-05 7.45522454e-05 7.21390214e-05 6.97716544e-05 6.74501446e-05 6.51744324e-05 6.29444025e-05 6.07598868e-05 5.86206681e-05 5.65264835e-05 5.44770274e-05 5.24719551e-05 5.05108850e-05 4.85934023e-05 4.67190614e-05 4.48873884e-05 4.30978841e-05 4.13500261e-05 3.96432713e-05 3.79770580e-05 3.63508080e-05 3.47639285e-05 3.32158146e-05 3.17058499e-05 3.02334094e-05 2.87978604e-05 2.73985639e-05 2.60348765e-05 2.47061513e-05 2.34117392e-05
1.46738038e-04 1.32276010e-04 1.15513098e-04 1.16417840e-04 1.19468468e-04 1.22620196e-04 1.25804796e-04 1.29019894e-04 1.32263511e-04 1.35533539e-04 1.38827739e-04 1.42143739e-04 1.45479032e-04 1.48830980e-04 1.52196816e-04 1.55573637e-04 1.58958417e-04 1.62348002e-04 1.65739117e-04 1.69128366e-04 1.72512242e-04 1.75887127e-04 1.79249300e-04 1.82594945e-04 1.85920154e-04 1.89220938e-04 1.92493234e-04 1.95732915e-04 1.98935796e-04 2.02097648e-04 2.05214207e-04 2.08281182e-04 2.11294271e-04 2.14249169e-04 2.17141579e-04 2.19967229e-04 2.22721877e-04 2.25401331e-04 2.28001454e-04 2.30518180e-04 2.32947528e-04 2.35285609e-04 2.37528642e-04 2.39672963e-04 2.41715037e-04 2.43651470e-04 2.45479018e-04 2.47194596e-04 2.48795292e-04 2.50278370e-04 2.51641283e-04 2.52881676e-04 2.53997400e-04 2.54986512e-04 2.55847284e-04 2.56578209e-04 2.57178002e-04 2.57645609e-04 2.57980205e-04 2.58181199e-04 2.58248236e-04 2.58181199e-04 2.57980205e-04 2.57645609e-04 2.57178002e-04 2.56578209e-04 2.55847284e-04 2.54986512e-04 2.53997400e-04 2.52881676e-04 2.51641283e-04 2.50278370e-04 2.48795292e-04 2.47194596e-04 2.45479018e-04 2.43651470e-04 2.41715037e-04 2.39672963e-04 2.37528642e-04 2.35285609e-04 2.32947528e-04 2.30518180e-04 2.28001454e-04 2.25401331e-04 2.22721877e-04 2.19967229e-04 2.17141579e-04 2.14249169e-04 2.11294271e-04 2.08281182e-04 2.05214207e-04 2.02097648e-04 1.98935796e-04 1.95732915e-04 1.92493234e-04 1.89220938e-04 1.85920154e-04 1.82594945e-04 1.79249300e-04 1.75887127e-04 1.72512242e-04 1.69128366e-04 1.65739117e-04 1.62348002e-04 1.58958417e-04 1.55573637e-04 1.52196816e-04 1.48830980e-04 1.45479032e-04 1.42143739e-04 1.38827739e-04 1.35533539e-04 1.32263511e-04 1.29019894e-04 1.25804796e-04 1.22620195e-04 1.19467937e-04 1.16349741e-04 1.13267202e-04 1.10221790e-04 1.07214856e-04 1.04247632e-04 1.01321238e-04 9.84366828e-05 9.55948669e-05 9.27965886e-05 9.00425465e-05 8.73333436e-05 8.46694909e-05 8.20514121e-05 7.94794471e-05 7.69538561e-05 7.44748236e-05 7.20424626e-05 6.96568180e-05 6.73178709e-05 6.50255422e-05 6.27796964e-05 6.05801450e-05 5.84266500e-05 5.63189277e-05 5.42566514e-05 5.22394552e-05 5.02669366e-05 4.83386597e-05 4.64541578e-05 4.46129365e-05 4.28144758e-05 4.10582331e-05 3.93436451e-05 3.76701303e-05 3.60370910e-05 3.44439156e-05 3.28899799e-05 3.13746496e-05 2.98972816e-05 2.84572255e-05 2.70538254e-05 2.56864210e-05 2.43543492e-05 2.30569451e-05
1.47506600e-04 1.32763022e-04 1.15810733e-04 1.16732721e-04 1.19817735e-04 1.23005375e-04 1.26226896e-04 1.29479904e-04 1.32762405e-04 1.36072270e-04 1.39407235e-04 1.42764902e-04 1.46142734e-04 1.49538057e-04 1.52948065e-04 1.56369815e-04 1.59800234e-04 1.63236119e-04 1.66674139e-04 1.70110843e-04 1.73542662e-04 1.76965914e-04 1.80376810e-04 1.83771460e-04 1.87145882e-04 1.90496010e-04 1.93817699e-04 1.97106737e-04 2.00358854e-04 2.03569733e-04 2.06735017e-04 2.09850325e-04 2.12911260e-04 2.15913422e-04 2.18852421e-04 2.21723886e-04 2.24523483e-04 2.27246921e-04 2.29889970e-04 2.32448471e-04 2.34918350e-04 2.37295628e-04 2.39576435e-04 2.41757021e-04 2.43833770e-04 2.45803205e-04 2.47662008e-04 2.49407020e-04 2.51035259e-04 2.52543925e-04 2.53930410e-04 2.55192304e-04 2.56327405e-04 2.57333726e-04 2.58209497e-04 2.58953175e-04 2.59563444e-04 2.60039225e-04 2.60379674e-04 2.60584185e-04 2.60652396e-04 2.60584185e-04 2.60379674e-04 2.60039225e-04 2.59563444e-04 2.58953175e-04 2.58209497e-04 2.57333726e-04 2.56327405e-04 2.55192304e-04 2.53930410e-04 2.52543925e-04 2.51035259e-04 2.49407020e-04 2.47662008e-04 2.45803205e-04 2.43833770e-04 2.41757021e-04 2.39576435e-04 2.37295628e-04 2.34918350e-04 2.32448471e-04 2.29889970e-04 2.27246921e-04 2.24523483e-04 2.21723886e-04 2.18852421e-04 2.15913422e-04 2.12911260e-04 2.09850325e-04 2.06735017e-04 2.03569733e-04 2.00358854e-04 1.97106737e-04 1.93817699e-04 1.90496010e-04 1.87145882e-04 1.83771460e-04 1.80376810e-04 1.76965914e-04 1.73542662e-04 1.70110843e-04 1.66674139e-04 1.63236119e-04 1.59800234e-04 1.56369815e-04 1.52948065e-04 1.49538057e-04 1.46142734e-04 1.42764902e-04 1.39407235e-04 1.36072270e-04 1.32762405e-04 1.29479904e-04 1.26226896e-04 1.23005374e-04 1.19817199e-04 1.16664102e-04 1.13547684e-04 1.10469422e-04 1.07430667e-04 1.04432653e-04 1.01476498e-04 9.85632046e-05 9.56936681e-05 9.28686781e-05 9.00889231e-05 8.73549944e-05 8.46673898e-05 8.20265186e-05 7.94327049e-05 7.68861922e-05 7.43871475e-05 7.19356650e-05 6.95317706e-05 6.71754255e-05 6.48665303e-05 6.26049286e-05 6.03904108e-05 5.82227177e-05 5.61015439e-05 5.40265413e-05 5.19973220e-05 5.00134621e-05 4.80745039e-05 4.61799595e-05 4.43293130e-05 4.25220235e-05 4.07575276e-05 3.90352413e-05 3.73545630e-05 3.57148753e-05 3.41155469e-05 3.25559346e-05 3.10353854e-05 2.95532378e-05 2.81088236e-05 2.67014696e-05 2.53304985e-05 2.39952307e-05 2.26949851e-05
1.48273151e-04 1.33241926e-04 1.16099247e-04 1.17038818e-04 1.20158494e-04 1.23382344e-04 1.26641107e-04 1.29932372e-04 1.33254128e-04 1.36604226e-04 1.39980380e-04 1.43380161e-04 1.46801004e-04 1.50240200e-04 1.53694903e-04 1.57162129e-04 1.60638758e-04 1.64121536e-04 1.67607080e-04 1.71091879e-04 1.74572302e-04 1.78044600e-04 1.81504916e-04 1.84949288e-04 1.88373656e-04 1.91773874e-04 1.95145715e-04 1.98484881e-04 2.01787014e-04 2.05047705e-04 2.08262507e-04 2.11426942e-04 2.14536519e-04 2.17586741e-04 2.20573119e-04 2.23491186e-04 2.26336508e-04 2.29104698e-04 2.31791428e-04 2.34392444e-04 2.36903577e-04 2.39320754e-04 2.41640017e-04 2.43857527e-04 2.45969581e-04 2.47972624e-04 2.49863255e-04 2.51638243e-04 2.53294536e-04 2.54829265e-04 2.56239761e-04 2.57523557e-04 2.58678399e-04 2.59702251e-04 2.60593303e-04 2.61349972e-04 2.61970915e-04 2.62455024e-04 2.62801436e-04 2.63009531e-04 2.63078937e-04 2.63009531e-04 2.62801436e-04 2.62455024e-04 2.61970915e-04 2.61349972e-04 2.60593303e-04 2.59702251e-04 2.58678399e-04 2.57523557e-04 2.56239761e-04 2.54829265e-04 2.53294536e-04 2.51638243e-04 2.49863255e-04 2.47972624e-04 2.45969581e-04 2.43857527e-04 2.41640017e-04 2.39320754e-04 2.36903577e-04 2.34392444e-04 2.31791428e-04 2.29104698e-04 2.26336508e-04 2.23491186e-04 2.20573119e-04 2.17586741e-04 2.14536519e-04 2.11426942e-04 2.08262507e-04 2.05047705e-04 2.01787014e-04 1.98484881e-04 1.95145715e-04 1.91773874e-04 1.88373656e-04 1.84949288e-04 1.81504916e-04 1.78044600e-04 1.74572302e-04 1.71091879e-04 1.67607080e-04 1.64121536e-04 1.60638758e-04 1.57162129e-04 1.53694903e-04 1.50240200e-04 1.46801004e-04 1.43380161e-04 1.39980380e-04 1.36604226e-04 1.33254128e-04 1.29932372e-04 1.26641107e-04 1.23382342e-04 1.20157954e-04 1.16969682e-04 1.13819135e-04 1.10707794e-04 1.07637014e-04 1.04608028e-04 1.01621948e-04 9.86797753e-05 9.57823960e-05 9.29305913e-05 9.01250385e-05 8.73663164e-05 8.46549092e-05 8.19912107e-05 7.93755287e-05 7.68080891e-05 7.42890405e-05 7.18184579e-05 6.93963472e-05 6.70226490e-05 6.46972430e-05 6.24199511e-05 6.01905422e-05 5.80087348e-05 5.58742015e-05 5.37865719e-05 5.17454360e-05 4.97503473e-05 4.78008264e-05 4.58963631e-05 4.40364200e-05 4.22204344e-05 4.04478217e-05 3.87179771e-05 3.70302783e-05 3.53840876e-05 3.37787538e-05 3.22136144e-05 3.06879972e-05 2.92012223e-05 2.77526033e-05 2.63414491e-05 2.49670655e-05 2.36287559e-05 2.23258231e-05
1.49037537e-04 1.33712426e-04 1.16378393e-04 1.17335886e-04 1.20490499e-04 1.23750854e-04 1.27047181e-04 1.30377050e-04 1.33738433e-04 1.37129162e-04 1.40546926e-04 1.43989272e-04 1.47453601e-04 1.50937170e-04 1.54437095e-04 1.57950349e-04 1.61473764e-04 1.65004037e-04 1.68537727e-04 1.72071267e-04 1.75600962e-04 1.79122996e-04 1.82633441e-04 1.86128260e-04 1.89603316e-04 1.93054382e-04 1.96477145e-04 1.99867222e-04 2.03220162e-04 2.06531465e-04 2.09796589e-04 2.13010961e-04 2.16169990e-04 2.19269080e-04 2.22303643e-04 2.25269112e-04 2.28160951e-04 2.30974674e-04 2.33705855e-04 2.36350139e-04 2.38903260e-04 2.41361054e-04 2.43719467e-04 2.45974570e-04 2.48122575e-04 2.50159840e-04 2.52082886e-04 2.53888405e-04 2.55573270e-04 2.57134547e-04 2.58569502e-04 2.59875609e-04 2.61050561e-04 2.62092274e-04 2.62998893e-04 2.63768799e-04 2.64400616e-04 2.64893211e-04 2.65245698e-04 2.65457444e-04 2.65528069e-04 2.65457444e-04 2.65245698e-04 2.64893211e-04 2.64400616e-04 2.63768799e-04 2.62998893e-04 2.62092274e-04 2.61050561e-04 2.59875609e-04 2.58569502e-04 2.57134547e-04 2.55573270e-04 2.53888405e-04 2.52082886e-04 2.50159840e-04 2.48122575e-04 2.45974570e-04 2.43719467e-04 2.41361054e-04 2.38903260e-04 2.36350139e-04 2.33705855e-04 2.30974674e-04 2.28160951e-04 2.25269112e-04 2.22303643e-04 2.19269080e-04 2.16169990e-04 2.13010961e-04 2.09796589e-04 2.06531465e-04 2.03220162e-04 1.99867222e-04 1.96477145e-04 1.93054382e-04 1.89603316e-04 1.86128260e-04 1.82633441e-04 1.79122996e-04 1.75600962e-04 1.72071267e-04 1.68537727e-04 1.65004037e-04 1.61473764e-04 1.57950349e-04 1.54437095e-04 1.50937170e-04 1.47453601e-04 1.43989272e-04 1.40546926e-04 1.37129162e-04 1.33738433e-04 1.30377050e-04 1.27047181e-04 1.23750853e-04 1.20489955e-04 1.17266236e-04 1.14081312e-04 1.10936669e-04 1.07833661e-04 1.04773522e-04 1.01757361e-04 9.87861705e-05 9.58608310e-05 9.29821129e-05 9.01506823e-05 8.73671046e-05 8.46318493e-05 8.19452941e-05 7.93077296e-05 7.67193636e-05 7.41803252e-05 7.16906697e-05 6.92503820e-05 6.68593816e-05 6.45175263e-05 6.22246159e-05 5.99803968e-05 5.77845649e-05 5.56367699e-05 5.35366185e-05 5.14836779e-05 4.94774789e-05 4.75175191e-05 4.56032661e-05 4.37341601e-05 4.19096164e-05 4.01290286e-05 3.83917706e-05 3.66971991e-05 3.50446556e-05 3.34334688e-05 3.18629563e-05 3.03324267e-05 2.88411809e-05 2.73885144e-05 2.59737180e-05 2.45960798e-05 2.32548866e-05 2.19494245e-05
1.49799606e-04 1.34174216e-04 1.16647914e-04 1.17623678e-04 1.20813500e-04 1.24110656e-04 1.27444865e-04 1.30813683e-04 1.34215065e-04 1.37646823e-04 1.41106623e-04 1.44591984e-04 1.48100276e-04 1.51628724e-04 1.55174401e-04 1.58734239e-04 1.62305022e-04 1.65883395e-04 1.69465863e-04 1.73048797e-04 1.76628440e-04 1.80200907e-04 1.83762198e-04 1.87308200e-04 1.90834698e-04 1.94337380e-04 1.97811848e-04 2.01253629e-04 2.04658181e-04 2.08020909e-04 2.11337174e-04 2.14602305e-04 2.17811609e-04 2.20960391e-04 2.24043959e-04 2.27057643e-04 2.29996806e-04 2.32856858e-04 2.35633271e-04 2.38321591e-04 2.40917453e-04 2.43416593e-04 2.45814863e-04 2.48108244e-04 2.50292856e-04 2.52364972e-04 2.54321030e-04 2.56157643e-04 2.57871611e-04 2.59459930e-04 2.60919800e-04 2.62248636e-04 2.63444075e-04 2.64503983e-04 2.65426462e-04 2.66209854e-04 2.66852751e-04 2.67353990e-04 2.67712668e-04 2.67928134e-04 2.68000000e-04 2.67928134e-04 2.67712668e-04 2.67353990e-04 2.66852751e-04 2.66209854e-04 2.65426462e-04 2.64503983e-04 2.63444075e-04 2.62248636e-04 2.60919800e-04 2.59459930e-04 2.57871611e-04 2.56157643e-04 2.54321030e-04 2.52364972e-04 2.50292856e-04 2.48108244e-04 2.45814863e-04 2.43416593e-04 2.40917453e-04 2.38321591e-04 2.35633271e-04 2.32856858e-04 2.29996806e-04 2.27057643e-04 2.24043959e-04 2.20960391e-04 2.17811609e-04 2.14602305e-04 2.11337174e-04 2.08020909e-04 2.04658181e-04 2.01253629e-04 1.97811848e-04 1.94337380e-04 1.90834698e-04 1.87308200e-04 1.83762198e-04 1.80200907e-04 1.76628440e-04 1.73048797e-04 1.69465863e-04 1.65883395e-04 1.62305022e-04 1.58734239e-04 1.55174401e-04 1.51628724e-04 1.48100276e-04 1.44591984e-04 1.41106623e-04 1.37646823e-04 1.34215065e-04 1.30813683e-04 1.27444865e-04 1.24110655e-04 1.20812951e-04 1.17553516e-04 1.14333970e-04 1.11155803e-04 1.08020370e-04 1.04928902e-04 1.01882504e-04 9.88821635e-05 9.59287507e-05 9.30230258e-05 9.01656424e-05 8.73571520e-05 8.45980085e-05 8.18885728e-05 7.92291176e-05 7.66198313e-05 7.40608233e-05 7.15521279e-05 6.90937086e-05 6.66854629e-05 6.43272259e-05 6.20187748e-05 5.97598325e-05 5.75500717e-05 5.53891187e-05 5.32765566e-05 5.12119291e-05 4.91947437e-05 4.72244747e-05 4.53005667e-05 4.34224370e-05 4.15894785e-05 3.98010625e-05 3.80565412e-05 3.63552497e-05 3.46965085e-05 3.30796257e-05 3.15038989e-05 2.99686167e-05 2.84730610e-05 2.70165084e-05 2.55982316e-05 2.42175011e-05 2.28735861e-05 2.15657563e-05
1.50467639e-04 1.34545116e-04 1.16836458e-04 1.17830242e-04 1.21053582e-04 1.24385804e-04 1.27756164e-04 1.31162203e-04 1.34601862e-04 1.38072935e-04 1.41573066e-04 1.45099749e-04 1.48650325e-04 1.52221984e-04 1.55811763e-04 1.59416552e-04 1.63033089e-04 1.66657969e-04 1.70287643e-04 1.73918424e-04 1.77546490e-04 1.81167893e-04 1.84778559e-04 1.88374303e-04 1.91950829e-04 1.95503745e-04 1.99028568e-04 2.02520735e-04 2.05975614e-04 2.09388516e-04 2.12754706e-04 2.16069414e-04 2.19327850e-04 2.22525215e-04 2.25656717e-04 2.28717583e-04 2.31703074e-04 2.34608498e-04 2.37429225e-04 2.40160701e-04 2.42798461e-04 2.45338147e-04 2.47775513e-04 2.50106449e-04 2.52326986e-04 2.54433311e-04 2.56421780e-04 2.58288927e-04 2.60031479e-04 2.61646360e-04 2.63130707e-04 2.64481875e-04 2.65697446e-04 2.66775236e-04 2.67713303e-04 2.68509951e-04 2.69163738e-04 2.69673476e-04 2.70038239e-04 2.70257363e-04 2.70330448e-04 2.70257363e-04 2.70038239e-04 2.69673476e-04 2.69163738e-04 2.68509951e-04 2.67713303e-04 2.66775236e-04 2.65697446e-04 2.64481875e-04 2.63130707e-04 2.61646360e-04 2.60031479e-04 2.58288927e-04 2.56421780e-04 2.54433311e-04 2.52326986e-04 2.50106449e-04 2.47775513e-04 2.45338147e-04 2.42798461e-04 2.40160701e-04 2.37429225e-04 2.34608498e-04 2.31703074e-04 2.28717583e-04 2.25656717e-04 2.22525215e-04 2.19327850e-04 2.16069414e-04 2.12754706e-04 2.09388516e-04 2.05975614e-04 2.02520735e-04 1.99028568e-04 1.95503745e-04 1.91950829e-04 1.88374303e-04 1.84778559e-04 1.81167893e-04 1.77546490e-04 1.73918424e-04 1.70287643e-04 1.66657969e-04 1.63033089e-04 1.59416552e-04 1.55811763e-04 1.52221984e-04 1.48650325e-04 1.45099749e-04 1.41573066e-04 1.38072935e-04 1.34601862e-04 1.31162203e-04 1.27756164e-04 1.24385802e-04 1.21053030e-04 1.17759614e-04 1.14507183e-04 1.11297226e-04 1.08131100e-04 1.05010030e-04 1.01935117e-04 9.89073398e-05 9.59275586e-05 9.29965219e-05 9.01148697e-05 8.72831381e-05 8.45017646e-05 8.17710921e-05 7.90913742e-05 7.64627795e-05 7.38853964e-05 7.13592375e-05 6.88842442e-05 6.64602912e-05 6.40871904e-05 6.17646955e-05 5.94925059e-05 5.72702703e-05 5.50975910e-05 5.29740275e-05 5.08990995e-05 4.88722907e-05 4.68930523e-05 4.49608053e-05 4.30749442e-05 4.12348393e-05 3.94398396e-05 3.76892754e-05 3.59824603e-05 3.43186939e-05 3.26972636e-05 3.11174470e-05 2.95785131e-05 2.80797248e-05 2.66203400e-05 2.51996135e-05 2.38167980e-05 2.24711459e-05 2.11619103e-05
1.51132172e-04 1.34906189e-04 1.17014598e-04 1.18026738e-04 1.21283823e-04 1.24651357e-04 1.28058140e-04 1.31501697e-04 1.34979956e-04 1.38490693e-04 1.42031532e-04 1.45599939e-04 1.49193228e-04 1.52808553e-04 1.56442917e-04 1.60093164e-04 1.63755990e-04 1.67427936e-04 1.71105400e-04 1.74784636e-04 1.78461757e-04 1.82132748e-04 1.85793463e-04 1.89439641e-04 1.93066907e-04 1.96670785e-04 2.00246705e-04 2.03790014e-04 2.07295987e-04 2.10759840e-04 2.14176737e-04 2.17541811e-04 2.20850168e-04 2.24096907e-04 2.27277132e-04 2.30385965e-04 2.33418562e-04 2.36370126e-04 2.39235923e-04 2.42011297e-04 2.44691683e-04 2.47272620e-04 2.49749769e-04 2.52118923e-04 2.54376022e-04 2.56517166e-04 2.58538625e-04 2.60436855e-04 2.62208505e-04 2.63850429e-04 2.65359698e-04 2.66733603e-04 2.67969672e-04 2.69065670e-04 2.70019610e-04 2.70829756e-04 2.71494633e-04 2.72013025e-04 2.72383985e-04 2.72606833e-04 2.72681162e-04 2.72606833e-04 2.72383985e-04 2.72013025e-04 2.71494633e-04 2.70829756e-04 2.70019610e-04 2.69065670e-04 2.67969672e-04 2.66733603e-04 2.65359698e-04 2.63850429e-04 2.62208505e-04 2.60436855e-04 2.58538625e-04 2.56517166e-04 2.54376022e-04 2.52118923e-04 2.49749769e-04 2.47272620e-04 2.44691683e-04 2.42011297e-04 2.39235923e-04 2.36370126e-04 2.33418562e-04 2.30385965e-04 2.27277132e-04 2.24096907e-04 2.20850168e-04 2.17541811e-04 2.14176737e-04 2.10759840e-04 2.07295987e-04 2.03790014e-04 2.00246705e-04 1.96670785e-04 1.93066907e-04 1.89439641e-04 1.85793463e-04 1.82132748e-04 1.78461757e-04 1.74784636e-04 1.71105400e-04 1.67427936e-04 1.63755990e-04 1.60093164e-04 1.56442917e-04 1.52808553e-04 1.49193228e-04 1.45599939e-04 1.42031532e-04 1.38490693e-04 1.34979956e-04 1.31501697e-04 1.28058140e-04 1.24651356e-04 1.21283267e-04 1.17955650e-04 1.14670135e-04 1.11428214e-04 1.08231241e-04 1.05080439e-04 1.01976902e-04 9.89215981e-05 9.59153787e-05 9.29589790e-05 9.00530245e-05 8.71980353e-05 8.43944313e-05 8.16425369e-05 7.89425856e-05 7.62947254e-05 7.36990228e-05 7.11554681e-05 6.86639798e-05 6.62244088e-05 6.38365433e-05 6.15001127e-05 5.92147920e-05 5.69802055e-05 5.47959309e-05 5.26615031e-05 5.05764174e-05 4.85401335e-05 4.65520782e-05 4.46116490e-05 4.27182168e-05 4.08711288e-05 3.90697115e-05 3.73132725e-05 3.56011039e-05 3.39324838e-05 3.23066788e-05 3.07229457e-05 2.91805340e-05 2.76786871e-05 2.62166440e-05 2.47936411e-05 2.34089135e-05 2.20616964e-05 2.07512260e-05
1.51793046e-04 1.35257127e-04 1.17182087e-04 1.18212926e-04 1.21503979e-04 1.24907069e-04 1.28350543e-04 1.31831915e-04 1.35349096e-04 1.38899846e-04 1.42481767e-04 1.46092301e-04 1.49728732e-04 1.53388183e-04 1.57067615e-04 1.60763833e-04 1.64473485e-04 1.68193063e-04 1.71918906e-04 1.75647210e-04 1.79374024e-04 1.83095263e-04 1.86806710e-04 1.90504025e-04 1.94182752e-04 1.97838329e-04 2.01466100e-04 2.05061317e-04 2.08619163e-04 2.12134754e-04 2.15603155e-04 2.19019395e-04 2.22378478e-04 2.25675396e-04 2.28905146e-04 2.32062743e-04 2.35143237e-04 2.38141723e-04 2.41053362e-04 2.43873391e-04 2.46597141e-04 2.49220050e-04 2.51737680e-04 2.54145727e-04 2.56440038e-04 2.58616621e-04 2.60671662e-04 2.62601533e-04 2.64402806e-04 2.66072263e-04 2.67606904e-04 2.69003962e-04 2.70260903e-04 2.71375441e-04 2.72345544e-04 2.73169436e-04 2.73845605e-04 2.74372811e-04 2.74750081e-04 2.74976722e-04 2.75052316e-04 2.74976722e-04 2.74750081e-04 2.74372811e-04 2.73845605e-04 2.73169436e-04 2.72345544e-04 2.71375441e-04 2.70260903e-04 2.69003962e-04 2.67606904e-04 2.66072263e-04 2.64402806e-04 2.62601533e-04 2.60671662e-04 2.58616621e-04 2.56440038e-04 2.54145727e-04 2.51737680e-04 2.49220050e-04 2.46597141e-04 2.43873391e-04 2.41053362e-04 2.38141723e-04 2.35143237e-04 2.32062743e-04 2.28905146e-04 2.25675396e-04 2.22378478e-04 2.19019395e-04 2.15603155e-04 2.12134754e-04 2.08619163e-04 2.05061317e-04 2.01466100e-04 1.97838329e-04 1.94182752e-04 1.90504025e-04 1.86806710e-04 1.83095263e-04 1.79374024e-04 1.75647210e-04 1.71918906e-04 1.68193063e-04 1.64473485e-04 1.60763833e-04 1.57067615e-04 1.53388183e-04 1.49728732e-04 1.46092301e-04 1.42481767e-04 1.38899846e-04 1.35349096e-04 1.31831915e-04 1.28350543e-04 1.24907068e-04 1.21503420e-04 1.18141381e-04 1.14822588e-04 1.11548532e-04 1.08320565e-04 1.05139905e-04 1.02007638e-04 9.89247239e-05 9.58920019e-05 9.29101935e-05 8.99799090e-05 8.71016517e-05 8.42758230e-05 8.15027276e-05 7.87825787e-05 7.61155021e-05 7.35015422e-05 7.09406658e-05 6.84327676e-05 6.59776744e-05 6.35751496e-05 6.12248977e-05 5.89265684e-05 5.66797610e-05 5.44840280e-05 5.23388791e-05 5.02437846e-05 4.81981792e-05 4.62014654e-05 4.42530162e-05 4.23521786e-05 4.04982764e-05 3.86906125e-05 3.69284722e-05 3.52111251e-05 3.35378275e-05 3.19078248e-05 3.03203532e-05 2.87746418e-05 2.72699143e-05 2.58053908e-05 2.43802890e-05 2.29938260e-05 2.16452195e-05 2.03336889e-05
1.52450101e-04 1.35597616e-04 1.17338674e-04 1.18388562e-04 1.21713803e-04 1.25152689e-04 1.28633123e-04 1.32152601e-04 1.35709025e-04 1.39300136e-04 1.42923515e-04 1.46576580e-04 1.50256585e-04 1.53960620e-04 1.57685608e-04 1.61428312e-04 1.65185332e-04 1.68953109e-04 1.72727928e-04 1.76505920e-04 1.80283072e-04 1.84055228e-04 1.87818096e-04 1.91567258e-04 1.95298177e-04 1.99006202e-04 2.02686587e-04 2.06334492e-04 2.09945001e-04 2.13513130e-04 2.17033844e-04 2.20502064e-04 2.23912689e-04 2.27260604e-04 2.30540696e-04 2.33747870e-04 2.36877066e-04 2.39923271e-04 2.42881535e-04 2.45746988e-04 2.48514856e-04 2.51180472e-04 2.53739295e-04 2.56186923e-04 2.58519106e-04 2.60731761e-04 2.62820986e-04 2.64783068e-04 2.66614499e-04 2.68311987e-04 2.69872463e-04 2.71293093e-04 2.72571287e-04 2.73704705e-04 2.74691267e-04 2.75529156e-04 2.76216826e-04 2.76753006e-04 2.77136703e-04 2.77367207e-04 2.77444089e-04 2.77367207e-04 2.77136703e-04 2.76753006e-04 2.76216826e-04 2.75529156e-04 2.74691267e-04 2.73704705e-04 2.72571287e-04 2.71293093e-04 2.69872463e-04 2.68311987e-04 2.66614499e-04 2.64783068e-04 2.62820986e-04 2.60731761e-04 2.58519106e-04 2.56186923e-04 2.53739295e-04 2.51180472e-04 2.48514856e-04 2.45746988e-04 2.42881535e-04 2.39923271e-04 2.36877066e-04 2.33747870e-04 2.30540696e-04 2.27260604e-04 2.23912689e-04 2.20502064e-04 2.17033844e-04 2.13513130e-04 2.09945001e-04 2.06334492e-04 2.02686587e-04 1.99006202e-04 1.95298177e-04 1.91567258e-04 1.87818096e-04 1.84055228e-04 1.80283072e-04 1.76505920e-04 1.72727928e-04 1.68953109e-04 1.65185332e-04 1.61428312e-04 1.57685608e-04 1.53960620e-04 1.50256585e-04 1.46576580e-04 1.42923515e-04 1.39300136e-04 1.35709025e-04 1.32152601e-04 1.28633123e-04 1.25152688e-04 1.21713239e-04 1.18316565e-04 1.14964302e-04 1.11657944e-04 1.08398839e-04 1.05188200e-04 1.02027103e-04 9.89165007e-05 9.58572172e-05 9.28499604e-05 8.98953244e-05 8.69937944e-05 8.41457529e-05 8.13514842e-05 7.86111794e-05 7.59249423e-05 7.32927936e-05 7.07146762e-05 6.81904601e-05 6.57199468e-05 6.33028746e-05 6.09389220e-05 5.86277132e-05 5.63688213e-05 5.41617730e-05 5.20060522e-05 4.99011037e-05 4.78463366e-05 4.58411283e-05 4.38848271e-05 4.19767553e-05 4.01162127e-05 3.83024787e-05 3.65348154e-05 3.48124697e-05 3.31346757e-05 3.15006572e-05 2.99096294e-05 2.83608008e-05 2.68533751e-05 2.53865530e-05 2.39595336e-05 2.25715155e-05 2.12216989e-05 1.99092861e-05
1.53103173e-04 1.35927337e-04 1.17484106e-04 1.18553397e-04 1.21913043e-04 1.25387964e-04 1.28905621e-04 1.32463498e-04 1.36059483e-04 1.39691302e-04 1.43356515e-04 1.47052515e-04 1.50776526e-04 1.54525606e-04 1.58296640e-04 1.62086348e-04 1.65891282e-04 1.69707832e-04 1.73532226e-04 1.77360534e-04 1.81188675e-04 1.85012423e-04 1.88827411e-04 1.92629141e-04 1.96412991e-04 2.00174223e-04 2.03907997e-04 2.07609380e-04 2.11273354e-04 2.14894835e-04 2.18468682e-04 2.21989711e-04 2.25452710e-04 2.28852453e-04 2.32183717e-04 2.35441295e-04 2.38620013e-04 2.41714747e-04 2.44720435e-04 2.47632097e-04 2.50444849e-04 2.53153918e-04 2.55754660e-04 2.58242569e-04 2.60613299e-04 2.62862672e-04 2.64986694e-04 2.66981567e-04 2.68843702e-04 2.70569729e-04 2.72156509e-04 2.73601142e-04 2.74900976e-04 2.76053619e-04 2.77056941e-04 2.77909084e-04 2.78608466e-04 2.79153786e-04 2.79544029e-04 2.79778466e-04 2.79856660e-04 2.79778466e-04 2.79544029e-04 2.79153786e-04 2.78608466e-04 2.77909084e-04 2.77056941e-04 2.76053619e-04 2.74900976e-04 2.73601142e-04 2.72156509e-04 2.70569729e-04 2.68843702e-04 2.66981567e-04 2.64986694e-04 2.62862672e-04 2.60613299e-04 2.58242569e-04 2.55754660e-04 2.53153918e-04 2.50444849e-04 2.47632097e-04 2.44720435e-04 2.41714747e-04 2.38620013e-04 2.35441295e-04 2.32183717e-04 2.28852453e-04 2.25452710e-04 2.21989711e-04 2.18468682e-04 2.14894835e-04 2.11273354e-04 2.07609380e-04 2.03907997e-04 2.00174223e-04 1.96412991e-04 1.92629141e-04 1.88827411e-04 1.85012423e-04 1.81188675e-04 1.77360534e-04 1.73532226e-04 1.69707832e-04 1.65891282e-04 1.62086348e-04 1.58296640e-04 1.54525606e-04 1.50776526e-04 1.47052515e-04 1.43356515e-04 1.39691302e-04 1.36059483e-04 1.32463498e-04 1.28905621e-04 1.25387963e-04 1.21912476e-04 1.18480953e-04 1.15095034e-04 1.11756211e-04 1.08465829e-04 1.05225094e-04 1.02035075e-04 9.88967099e-05 9.58108119e-05 9.27780730e-05 8.97990699e-05 8.68742694e-05 8.40040335e-05 8.11886253e-05 7.84282135e-05 7.57228783e-05 7.30726161e-05 7.04773450e-05 6.79369094e-05 6.54510851e-05 6.30195839e-05 6.06420580e-05 5.83181050e-05 5.60472714e-05 5.38290573e-05 5.16629202e-05 4.95482784e-05 4.74845154e-05 4.54709826e-05 4.35070028e-05 4.15918737e-05 3.97248702e-05 3.79052478e-05 3.61322450e-05 3.44050855e-05 3.27229810e-05 3.10851333e-05 2.94907361e-05 2.79389770e-05 2.64290397e-05 2.49601051e-05 2.35313532e-05 2.21419642e-05 2.07911205e-05 1.94780069e-05
1.53752097e-04 1.36245962e-04 1.17618127e-04 1.18707180e-04 1.22101445e-04 1.25612636e-04 1.29167778e-04 1.32764343e-04 1.36400207e-04 1.40073079e-04 1.43780501e-04 1.47519839e-04 1.51288291e-04 1.55082878e-04 1.58900450e-04 1.62737683e-04 1.66591082e-04 1.70456983e-04 1.74331557e-04 1.78210813e-04 1.82090602e-04 1.85966626e-04 1.89834441e-04 1.93689468e-04 1.97526999e-04 2.01342206e-04 2.05130157e-04 2.08885818e-04 2.12604072e-04 2.16279731e-04 2.19907546e-04 2.23482224e-04 2.26998441e-04 2.30450860e-04 2.33834141e-04 2.37142963e-04 2.40372039e-04 2.43516126e-04 2.46570051e-04 2.49528721e-04 2.52387139e-04 2.55140423e-04 2.57783821e-04 2.60312726e-04 2.62722690e-04 2.65009437e-04 2.67168881e-04 2.69197137e-04 2.71090532e-04 2.72845616e-04 2.74459179e-04 2.75928252e-04 2.77250123e-04 2.78422343e-04 2.79442733e-04 2.80309392e-04 2.81020701e-04 2.81575329e-04 2.81972237e-04 2.82210680e-04 2.82290211e-04 2.82210680e-04 2.81972237e-04 2.81575329e-04 2.81020701e-04 2.80309392e-04 2.79442733e-04 2.78422343e-04 2.77250123e-04 2.75928252e-04 2.74459179e-04 2.72845616e-04 2.71090532e-04 2.69197137e-04 2.67168881e-04 2.65009437e-04 2.62722690e-04 2.60312726e-04 2.57783821e-04 2.55140423e-04 2.52387139e-04 2.49528721e-04 2.46570051e-04 2.43516126e-04 2.40372039e-04 2.37142963e-04 2.33834141e-04 2.30450860e-04 2.26998441e-04 2.23482224e-04 2.19907546e-04 2.16279731e-04 2.12604072e-04 2.08885818e-04 2.05130157e-04 2.01342206e-04 1.97526999e-04 1.93689468e-04 1.89834441e-04 1.85966626e-04 1.82090602e-04 1.78210813e-04 1.74331557e-04 1.70456983e-04 1.66591082e-04 1.62737683e-04 1.58900450e-04 1.55082878e-04 1.51288291e-04 1.47519839e-04 1.43780501e-04 1.40073079e-04 1.36400207e-04 1.32764343e-04 1.29167778e-04 1.25612635e-04 1.22100874e-04 1.18634294e-04 1.15214536e-04 1.11843091e-04 1.08521298e-04 1.05250356e-04 1.02031325e-04 9.88651310e-05 9.57525717e-05 9.26943231e-05 8.96909439e-05 8.67428812e-05 8.38504762e-05 8.10139692e-05 7.82335059e-05 7.55091418e-05 7.28408484e-05 7.02285178e-05 6.76719682e-05 6.51709485e-05 6.27251436e-05 6.03341785e-05 5.79976233e-05 5.57149974e-05 5.34857734e-05 5.13093816e-05 4.91852138e-05 4.71126266e-05 4.50909450e-05 4.31194662e-05 4.11974621e-05 3.93241827e-05 3.74988590e-05 3.57207053e-05 3.39889220e-05 3.23026978e-05 3.06612120e-05 2.90636368e-05 2.75091386e-05 2.59968805e-05 2.45260235e-05 2.30957282e-05 2.17051563e-05 2.03534719e-05 1.90398425e-05
1.54396704e-04 1.36553156e-04 1.17740476e-04 1.18849657e-04 1.22278751e-04 1.25826443e-04 1.29419328e-04 1.33054868e-04 1.36730927e-04 1.40445198e-04 1.44195202e-04 1.47978283e-04 1.51791609e-04 1.55632168e-04 1.59496772e-04 1.63382054e-04 1.67284471e-04 1.71200306e-04 1.75125672e-04 1.79056514e-04 1.82988616e-04 1.86917607e-04 1.90838965e-04 1.94748027e-04 1.98639999e-04 2.02509962e-04 2.06352886e-04 2.10163639e-04 2.13937001e-04 2.17667677e-04 2.21350308e-04 2.24979490e-04 2.28549784e-04 2.32055738e-04 2.35491896e-04 2.38852819e-04 2.42133101e-04 2.45327382e-04 2.48430373e-04 2.51436862e-04 2.54341742e-04 2.57140017e-04 2.59826825e-04 2.62397453e-04 2.64847350e-04 2.67172141e-04 2.69367645e-04 2.71429887e-04 2.73355107e-04 2.75139777e-04 2.76780610e-04 2.78274569e-04 2.79618880e-04 2.80811036e-04 2.81848807e-04 2.82730249e-04 2.83453704e-04 2.84017811e-04 2.84421508e-04 2.84664031e-04 2.84744922e-04 2.84664031e-04 2.84421508e-04 2.84017811e-04 2.83453704e-04 2.82730249e-04 2.81848807e-04 2.80811036e-04 2.79618880e-04 2.78274569e-04 2.76780610e-04 2.75139777e-04 2.73355107e-04 2.71429887e-04 2.69367645e-04 2.67172141e-04 2.64847350e-04 2.62397453e-04 2.59826825e-04 2.57140017e-04 2.54341742e-04 2.51436862e-04 2.48430373e-04 2.45327382e-04 2.42133101e-04 2.38852819e-04 2.35491896e-04 2.32055738e-04 2.28549784e-04 2.24979490e-04 2.21350308e-04 2.17667677e-04 2.13937001e-04 2.10163639e-04 2.06352886e-04 2.02509962e-04 1.98639999e-04 1.94748027e-04 1.90838965e-04 1.86917607e-04 1.82988616e-04 1.79056514e-04 1.75125672e-04 1.71200306e-04 1.67284471e-04 1.63382054e-04 1.59496772e-04 1.55632168e-04 1.51791609e-04 1.47978283e-04 1.44195202e-04 1.40445198e-04 1.36730927e-04 1.33054868e-04 1.29419328e-04 1.25826442e-04 1.22278177e-04 1.18776335e-04 1.15322560e-04 1.11918338e-04 1.08565006e-04 1.05263753e-04 1.02015627e-04 9.88215417e-05 9.56822802e-05 9.25985008e-05 8.95707431e-05 8.65994337e-05 8.36848914e-05 8.08273334e-05 7.80268810e-05 7.52835644e-05 7.25973290e-05 6.99680402e-05 6.73954890e-05 6.48793968e-05 6.24194204e-05 6.00151570e-05 5.76661484e-05 5.53718860e-05 5.31318146e-05 5.09453366e-05 4.88118161e-05 4.67305825e-05 4.47009341e-05 4.27221415e-05 4.07934506e-05 3.89140859e-05 3.70832533e-05 3.53001426e-05 3.35639305e-05 3.18737822e-05 3.02288545e-05 2.86282973e-05 2.70712557e-05 2.55568718e-05 2.40842866e-05 2.26526410e-05 2.12610779e-05 1.99087430e-05 1.85947863e-05
1.55036822e-04 1.36848580e-04 1.17850890e-04 1.18980570e-04 1.22444700e-04 1.26029120e-04 1.29660005e-04 1.33334804e-04 1.37051370e-04 1.40807383e-04 1.44600343e-04 1.48427571e-04 1.52286206e-04 1.56173203e-04 1.60085336e-04 1.64019194e-04 1.67971186e-04 1.71937542e-04 1.75914315e-04 1.79897389e-04 1.83882477e-04 1.87865133e-04 1.91840757e-04 1.95804602e-04 1.99751785e-04 2.03677294e-04 2.07576000e-04 2.11442671e-04 2.15271981e-04 2.19058525e-04 2.22796834e-04 2.26481388e-04 2.30106634e-04 2.33666999e-04 2.37156908e-04 2.40570803e-04 2.43903155e-04 2.47148486e-04 2.50301385e-04 2.53356523e-04 2.56308674e-04 2.59152730e-04 2.61883715e-04 2.64496807e-04 2.66987350e-04 2.69350867e-04 2.71583081e-04 2.73679922e-04 2.75637545e-04 2.77452339e-04 2.79120940e-04 2.80640241e-04 2.82007402e-04 2.83219859e-04 2.84275331e-04 2.85171827e-04 2.85907653e-04 2.86481414e-04 2.86892023e-04 2.87138701e-04 2.87220980e-04 2.87138701e-04 2.86892023e-04 2.86481414e-04 2.85907653e-04 2.85171827e-04 2.84275331e-04 2.83219859e-04 2.82007402e-04 2.80640241e-04 2.79120940e-04 2.77452339e-04 2.75637545e-04 2.73679922e-04 2.71583081e-04 2.69350867e-04 2.66987350e-04 2.64496807e-04 2.61883715e-04 2.59152730e-04 2.56308674e-04 2.53356523e-04 2.50301385e-04 2.47148486e-04 2.43903155e-04 2.40570803e-04 2.37156908e-04 2.33666999e-04 2.30106634e-04 2.26481388e-04 2.22796834e-04 2.19058525e-04 2.15271981e-04 2.11442671e-04 2.07576000e-04 2.03677294e-04 1.99751785e-04 1.95804602e-04 1.91840757e-04 1.87865133e-04 1.83882477e-04 1.79897389e-04 1.75914315e-04 1.71937542e-04 1.67971186e-04 1.64019194e-04 1.60085336e-04 1.56173203e-04 1.52286206e-04 1.48427571e-04 1.44600343e-04 1.40807383e-04 1.37051370e-04 1.33334804e-04 1.29660005e-04 1.26029119e-04 1.22444122e-04 1.18906818e-04 1.15418852e-04 1.11981706e-04 1.08596711e-04 1.05265046e-04 1.01987748e-04 9.87657175e-05 9.55997196e-05 9.24903951e-05 8.94382634e-05 8.64437294e-05 8.35070889e-05 8.06285348e-05 7.78081630e-05 7.50459775e-05 7.23418966e-05 6.96957582e-05 6.71073250e-05 6.45762901e-05 6.21022815e-05 5.96848676e-05 5.73235614e-05 5.50178253e-05 5.27670755e-05 5.05706860e-05 4.84279926e-05 4.63382969e-05 4.43008698e-05 4.23149546e-05 4.03797708e-05 3.84945170e-05 3.66583734e-05 3.48705051e-05 3.31300642e-05 3.14361926e-05 2.97880237e-05 2.81846852e-05 2.66253002e-05 2.51089900e-05 2.36348749e-05 2.22020762e-05 2.08097174e-05 1.94569259e-05 1.81428338e-05
1.55672277e-04 1.37131884e-04 1.17949101e-04 1.19099659e-04 1.22599026e-04 1.26220399e-04 1.29889534e-04 1.33603874e-04 1.37361260e-04 1.41159356e-04 1.44995645e-04 1.48867424e-04 1.52771803e-04 1.56705704e-04 1.60665864e-04 1.64648827e-04 1.68650955e-04 1.72668424e-04 1.76697227e-04 1.80733183e-04 1.84771935e-04 1.88808964e-04 1.92839586e-04 1.96858972e-04 2.00862146e-04 2.04844001e-04 2.08799310e-04 2.12722736e-04 2.16608846e-04 2.20452124e-04 2.24246986e-04 2.27987797e-04 2.31668882e-04 2.35284548e-04 2.38829099e-04 2.42296851e-04 2.45682154e-04 2.48979405e-04 2.52183071e-04 2.55287701e-04 2.58287950e-04 2.61178591e-04 2.63954534e-04 2.66610846e-04 2.69142761e-04 2.71545700e-04 2.73815285e-04 2.75947352e-04 2.77937966e-04 2.79783432e-04 2.81480307e-04 2.83025414e-04 2.84415844e-04 2.85648976e-04 2.86722474e-04 2.87634301e-04 2.88382724e-04 2.88966318e-04 2.89383968e-04 2.89634878e-04 2.89718568e-04 2.89634878e-04 2.89383968e-04 2.88966318e-04 2.88382724e-04 2.87634301e-04 2.86722474e-04 2.85648976e-04 2.84415844e-04 2.83025414e-04 2.81480307e-04 2.79783432e-04 2.77937966e-04 2.75947352e-04 2.73815285e-04 2.71545700e-04 2.69142761e-04 2.66610846e-04 2.63954534e-04 2.61178591e-04 2.58287950e-04 2.55287701e-04 2.52183071e-04 2.48979405e-04 2.45682154e-04 2.42296851e-04 2.38829099e-04 2.35284548e-04 2.31668882e-04 2.27987797e-04 2.24246986e-04 2.20452124e-04 2.16608846e-04 2.12722736e-04 2.08799310e-04 2.04844001e-04 2.00862146e-04 1.96858972e-04 1.92839586e-04 1.88808964e-04 1.84771935e-04 1.80733183e-04 1.76697227e-04 1.72668424e-04 1.68650955e-04 1.64648827e-04 1.60665864e-04 1.56705704e-04 1.52771803e-04 1.48867424e-04 1.44995645e-04 1.41159356e-04 1.37361260e-04 1.33603874e-04 1.29889534e-04 1.26220398e-04 1.22598444e-04 1.19025484e-04 1.15503157e-04 1.12032944e-04 1.08616168e-04 1.05253997e-04 1.01947458e-04 9.86974323e-05 9.55046706e-05 9.23697934e-05 8.92932992e-05 8.62755700e-05 8.33168776e-05 8.04173897e-05 7.75771756e-05 7.47962121e-05 7.20743897e-05 6.94115175e-05 6.68073294e-05 6.42614890e-05 6.17735948e-05 5.93431854e-05 5.69697443e-05 5.46527042e-05 5.23914520e-05 5.01853324e-05 4.80336525e-05 4.59356852e-05 4.38906734e-05 4.18978330e-05 3.99563562e-05 3.80654151e-05 3.62241640e-05 3.44317427e-05 3.26872785e-05 3.09898891e-05 2.93386847e-05 2.77327702e-05 2.61712466e-05 2.46532138e-05 2.31777713e-05 2.17440204e-05 2.03510654e-05 1.89980148e-05 1.76839828e-05
1.56302893e-04 1.37402712e-04 1.18034841e-04 1.19206660e-04 1.22741462e-04 1.26400006e-04 1.30107641e-04 1.33861800e-04 1.37660313e-04 1.41500833e-04 1.45380822e-04 1.49297555e-04 1.53248113e-04 1.57229388e-04 1.61238074e-04 1.65270676e-04 1.69323504e-04 1.73392681e-04 1.77474141e-04 1.81563635e-04 1.85656739e-04 1.89748853e-04 1.93835216e-04 1.97910908e-04 2.01970863e-04 2.06009877e-04 2.10022621e-04 2.14003652e-04 2.17947428e-04 2.21848319e-04 2.25700624e-04 2.29498588e-04 2.33236415e-04 2.36908289e-04 2.40508386e-04 2.44030898e-04 2.47470047e-04 2.50820105e-04 2.54075412e-04 2.57230394e-04 2.60279581e-04 2.63217627e-04 2.66039325e-04 2.68739626e-04 2.71313654e-04 2.73756723e-04 2.76064354e-04 2.78232285e-04 2.80256489e-04 2.82133186e-04 2.83858852e-04 2.85430236e-04 2.86844363e-04 2.88098549e-04 2.89190404e-04 2.90117846e-04 2.90879099e-04 2.91472706e-04 2.91897527e-04 2.92152747e-04 2.92237874e-04 2.92152747e-04 2.91897527e-04 2.91472706e-04 2.90879099e-04 2.90117846e-04 2.89190404e-04 2.88098549e-04 2.86844363e-04 2.85430236e-04 2.83858852e-04 2.82133186e-04 2.80256489e-04 2.78232285e-04 2.76064354e-04 2.73756723e-04 2.71313654e-04 2.68739626e-04 2.66039325e-04 2.63217627e-04 2.60279581e-04 2.57230394e-04 2.54075412e-04 2.50820105e-04 2.47470047e-04 2.44030898e-04 2.40508386e-04 2.36908289e-04 2.33236415e-04 2.29498588e-04 2.25700624e-04 2.21848319e-04 2.17947428e-04 2.14003652e-04 2.10022621e-04 2.06009877e-04 2.01970863e-04 1.97910908e-04 1.93835216e-04 1.89748853e-04 1.85656739e-04 1.81563635e-04 1.77474141e-04 1.73392681e-04 1.69323504e-04 1.65270676e-04 1.61238074e-04 1.57229388e-04 1.53248113e-04 1.49297555e-04 1.45380822e-04 1.41500833e-04 1.37660313e-04 1.33861800e-04 1.30107641e-04 1.26400005e-04 1.22740876e-04 1.19132067e-04 1.15575216e-04 1.12071799e-04 1.08623129e-04 1.05230366e-04 1.01894520e-04 9.86164580e-05 9.53969119e-05 9.22364818e-05 8.91356438e-05 8.60947563e-05 8.31140659e-05 8.01937139e-05 7.73337422e-05 7.45340995e-05 7.17946471e-05 6.91151647e-05 6.64953561e-05 6.39348548e-05 6.14332288e-05 5.89899863e-05 5.66045801e-05 5.42764129e-05 5.20048410e-05 4.97891796e-05 4.76287060e-05 4.55226642e-05 4.34702683e-05 4.14707060e-05 3.95231420e-05 3.76267213e-05 3.57805718e-05 3.39838075e-05 3.22355305e-05 3.05348341e-05 2.88808048e-05 2.72725242e-05 2.57090712e-05 2.41895238e-05 2.27129606e-05 2.12784627e-05 1.98851146e-05 1.85320062e-05 1.72182332e-05
1.56928487e-04 1.37660703e-04 1.18107835e-04 1.19301304e-04 1.22871734e-04 1.26567665e-04 1.30314045e-04 1.34108297e-04 1.37948245e-04 1.41831526e-04 1.45755585e-04 1.49717675e-04 1.53714848e-04 1.57743964e-04 1.61801679e-04 1.65884454e-04 1.69988551e-04 1.74110036e-04 1.78244784e-04 1.82388481e-04 1.86536628e-04 1.90684550e-04 1.94827403e-04 1.98960177e-04 2.03077713e-04 2.07174709e-04 2.11245733e-04 2.15285232e-04 2.19287552e-04 2.23246949e-04 2.27157601e-04 2.31013631e-04 2.34809119e-04 2.38538120e-04 2.42194685e-04 2.45772875e-04 2.49266782e-04 2.52670550e-04 2.55978388e-04 2.59184596e-04 2.62283578e-04 2.65269865e-04 2.68138128e-04 2.70883202e-04 2.73500097e-04 2.75984019e-04 2.78330383e-04 2.80534828e-04 2.82593233e-04 2.84501731e-04 2.86256715e-04 2.87854858e-04 2.89293116e-04 2.90568743e-04 2.91679294e-04 2.92622637e-04 2.93396957e-04 2.94000762e-04 2.94432887e-04 2.94692496e-04 2.94779088e-04 2.94692496e-04 2.94432887e-04 2.94000762e-04 2.93396957e-04 2.92622637e-04 2.91679294e-04 2.90568743e-04 2.89293116e-04 2.87854858e-04 2.86256715e-04 2.84501731e-04 2.82593233e-04 2.80534828e-04 2.78330383e-04 2.75984019e-04 2.73500097e-04 2.70883202e-04 2.68138128e-04 2.65269865e-04 2.62283578e-04 2.59184596e-04 2.55978388e-04 2.52670550e-04 2.49266782e-04 2.45772875e-04 2.42194685e-04 2.38538120e-04 2.34809119e-04 2.31013631e-04 2.27157601e-04 2.23246949e-04 2.19287552e-04 2.15285232e-04 2.11245733e-04 2.07174709e-04 2.03077713e-04 1.98960177e-04 1.94827403e-04 1.90684550e-04 1.86536628e-04 1.82388481e-04 1.78244784e-04 1.74110036e-04 1.69988551e-04 1.65884454e-04 1.61801679e-04 1.57743964e-04 1.53714848e-04 1.49717675e-04 1.45755585e-04 1.41831526e-04 1.37948245e-04 1.34108297e-04 1.30314045e-04 1.26567664e-04 1.22871145e-04 1.19226301e-04 1.15634767e-04 1.12098014e-04 1.08617345e-04 1.05193908e-04 1.01828698e-04 9.85225650e-05 9.52762212e-05 9.20902451e-05 8.89650897e-05 8.59010883e-05 8.28984615e-05 7.99573230e-05 7.70776863e-05 7.42594707e-05 7.15025076e-05 6.88065462e-05 6.61712594e-05 6.35962494e-05 6.10810531e-05 5.86251472e-05 5.62279532e-05 5.38888426e-05 5.16071410e-05 4.93821328e-05 4.72130653e-05 4.50991525e-05 4.30395794e-05 4.10335048e-05 3.90800655e-05 3.71783787e-05 3.53275455e-05 3.35266536e-05 3.17747797e-05 3.00709922e-05 2.84143534e-05 2.68039216e-05 2.52387529e-05 2.37179033e-05 2.22404303e-05 2.08053944e-05 1.94118604e-05 1.80588989e-05 1.67455874e-05
1.57548879e-04 1.37905486e-04 1.18167807e-04 1.19383322e-04 1.22989568e-04 1.26723097e-04 1.30508462e-04 1.34343079e-04 1.38224764e-04 1.42151142e-04 1.46119640e-04 1.50127488e-04 1.54171712e-04 1.58249138e-04 1.62356386e-04 1.66489871e-04 1.70645807e-04 1.74820205e-04 1.79008879e-04 1.83207446e-04 1.87411337e-04 1.91615798e-04 1.95815898e-04 2.00006540e-04 2.04182469e-04 2.08338281e-04 2.12468439e-04 2.16567282e-04 2.20629039e-04 2.24647848e-04 2.28617765e-04 2.32532789e-04 2.36386871e-04 2.40173938e-04 2.43887907e-04 2.47522709e-04 2.51072303e-04 2.54530699e-04 2.57891975e-04 2.61150300e-04 2.64299950e-04 2.67335329e-04 2.70250984e-04 2.73041630e-04 2.75702161e-04 2.78227671e-04 2.80613468e-04 2.82855090e-04 2.84948319e-04 2.86889198e-04 2.88674036e-04 2.90299429e-04 2.91762262e-04 2.93059724e-04 2.94189315e-04 2.95148853e-04 2.95936482e-04 2.96550673e-04 2.96990236e-04 2.97254316e-04 2.97342399e-04 2.97254316e-04 2.96990236e-04 2.96550673e-04 2.95936482e-04 2.95148853e-04 2.94189315e-04 2.93059724e-04 2.91762262e-04 2.90299429e-04 2.88674036e-04 2.86889198e-04 2.84948319e-04 2.82855090e-04 2.80613468e-04 2.78227671e-04 2.75702161e-04 2.73041630e-04 2.70250984e-04 2.67335329e-04 2.64299950e-04 2.61150300e-04 2.57891975e-04 2.54530699e-04 2.51072303e-04 2.47522709e-04 2.43887907e-04 2.40173938e-04 2.36386871e-04 2.32532789e-04 2.28617765e-04 2.24647848e-04 2.20629039e-04 2.16567282e-04 2.12468439e-04 2.08338281e-04 2.04182469e-04 2.00006540e-04 1.95815898e-04 1.91615798e-04 1.87411337e-04 1.83207446e-04 1.79008879e-04 1.74820205e-04 1.70645807e-04 1.66489871e-04 1.62356386e-04 1.58249138e-04 1.54171712e-04 1.50127488e-04 1.46119640e-04 1.42151142e-04 1.38224764e-04 1.34343079e-04 1.30508462e-04 1.26723096e-04 1.22988976e-04 1.19307915e-04 1.15681546e-04 1.12111331e-04 1.08598563e-04 1.05144378e-04 1.01749753e-04 9.84155218e-05 9.51423743e-05 9.19308669e-05 8.87814281e-05 8.56943653e-05 8.26698715e-05 7.97080321e-05 7.68088308e-05 7.39721568e-05 7.11978104e-05 6.84855092e-05 6.58348943e-05 6.32455358e-05 6.07169382e-05 5.82485461e-05 5.58397490e-05 5.34898863e-05 5.11982519e-05 4.89640990e-05 4.67866440e-05 4.46650705e-05 4.25985334e-05 4.05861625e-05 3.86270657e-05 3.67203322e-05 3.48650358e-05 3.30602374e-05 3.13049878e-05 2.95983302e-05 2.79393023e-05 2.63269387e-05 2.47602725e-05 2.32383376e-05 2.17601699e-05 2.03248091e-05 1.89313001e-05 1.75786941e-05 1.62660502e-05
1.58163882e-04 1.38136681e-04 1.18214478e-04 1.19452439e-04 1.23094685e-04 1.26866017e-04 1.30690603e-04 1.34565853e-04 1.38489576e-04 1.42459383e-04 1.46472686e-04 1.50526693e-04 1.54618404e-04 1.58744611e-04 1.62901896e-04 1.67086631e-04 1.71294981e-04 1.75522900e-04 1.79766141e-04 1.84020254e-04 1.88280596e-04 1.92542332e-04 1.96800447e-04 2.01049752e-04 2.05284894e-04 2.09500369e-04 2.13690530e-04 2.17849604e-04 2.21971704e-04 2.26050845e-04 2.30080962e-04 2.34055922e-04 2.37969548e-04 2.41815633e-04 2.45587961e-04 2.49280325e-04 2.52886550e-04 2.56400510e-04 2.59816148e-04 2.63127498e-04 2.66328705e-04 2.69414041e-04 2.72377931e-04 2.75214962e-04 2.77919913e-04 2.80487761e-04 2.82913705e-04 2.85193179e-04 2.87321867e-04 2.89295718e-04 2.91110958e-04 2.92764100e-04 2.94251959e-04 2.95571659e-04 2.96720641e-04 2.97696674e-04 2.98497856e-04 2.99122626e-04 2.99569764e-04 2.99838398e-04 2.99928001e-04 2.99838398e-04 2.99569764e-04 2.99122626e-04 2.98497856e-04 2.97696674e-04 2.96720641e-04 2.95571659e-04 2.94251959e-04 2.92764100e-04 2.91110958e-04 2.89295718e-04 2.87321867e-04 2.85193179e-04 2.82913705e-04 2.80487761e-04 2.77919913e-04 2.75214962e-04 2.72377931e-04 2.69414041e-04 2.66328705e-04 2.63127498e-04 2.59816148e-04 2.56400510e-04 2.52886550e-04 2.49280325e-04 2.45587961e-04 2.41815633e-04 2.37969548e-04 2.34055922e-04 2.30080962e-04 2.26050845e-04 2.21971704e-04 2.17849604e-04 2.13690530e-04 2.09500369e-04 2.05284894e-04 2.01049752e-04 1.96800447e-04 1.92542332e-04 1.88280596e-04 1.84020254e-04 1.79766141e-04 1.75522900e-04 1.71294981e-04 1.67086631e-04 1.62901896e-04 1.58744611e-04 1.54618404e-04 1.50526693e-04 1.46472686e-04 1.42459383e-04 1.38489576e-04 1.34565853e-04 1.30690603e-04 1.26866015e-04 1.23094090e-04 1.19376637e-04 1.15715285e-04 1.12111488e-04 1.08566529e-04 1.05081528e-04 1.01657445e-04 9.82950952e-05 9.49951458e-05 9.17581296e-05 8.85844495e-05 8.54743857e-05 8.24281027e-05 7.94456560e-05 7.65269991e-05 7.36719893e-05 7.08803950e-05 6.81519013e-05 6.54861164e-05 6.28825773e-05 6.03407555e-05 5.78600623e-05 5.54398542e-05 5.30794380e-05 5.07780751e-05 4.85349867e-05 4.63493575e-05 4.42203402e-05 4.21470592e-05 4.01286142e-05 3.81640840e-05 3.62525292e-05 3.43929958e-05 3.25845175e-05 3.08261187e-05 2.91168171e-05 2.74556255e-05 2.58415545e-05 2.42736138e-05 2.27508148e-05 2.12721716e-05 1.98367031e-05 1.84434338e-05 1.70913957e-05 1.57796288e-05
1.58773307e-04 1.38353904e-04 1.18247563e-04 1.19508379e-04 1.23186803e-04 1.26996137e-04 1.30860176e-04 1.34776323e-04 1.38742379e-04 1.42755947e-04 1.46814420e-04 1.50914986e-04 1.55054618e-04 1.59230076e-04 1.63437904e-04 1.67674432e-04 1.71935772e-04 1.76217825e-04 1.80516280e-04 1.84826620e-04 1.89144126e-04 1.93463883e-04 1.97780788e-04 2.02089561e-04 2.06384749e-04 2.10660743e-04 2.14911787e-04 2.19131993e-04 2.23315355e-04 2.27455765e-04 2.31547029e-04 2.35582885e-04 2.39557020e-04 2.43463092e-04 2.47294749e-04 2.51045644e-04 2.54709462e-04 2.58279938e-04 2.61750878e-04 2.65116178e-04 2.68369846e-04 2.71506025e-04 2.74519006e-04 2.77403253e-04 2.80153421e-04 2.82764372e-04 2.85231190e-04 2.87549205e-04 2.89713998e-04 2.91721425e-04 2.93567623e-04 2.95249025e-04 2.96762371e-04 2.98104718e-04 2.99273449e-04 3.00266279e-04 3.01081266e-04 3.01716810e-04 3.02171664e-04 3.02444935e-04 3.02536085e-04 3.02444935e-04 3.02171664e-04 3.01716810e-04 3.01081266e-04 3.00266279e-04 2.99273449e-04 2.98104718e-04 2.96762371e-04 2.95249025e-04 2.93567623e-04 2.91721425e-04 2.89713998e-04 2.87549205e-04 2.85231190e-04 2.82764372e-04 2.80153421e-04 2.77403253e-04 2.74519006e-04 2.71506025e-04 2.68369846e-04 2.65116178e-04 2.61750878e-04 2.58279938e-04 2.54709462e-04 2.51045644e-04 2.47294749e-04 2.43463092e-04 2.39557020e-04 2.35582885e-04 2.31547029e-04 2.27455765e-04 2.23315355e-04 2.19131993e-04 2.14911787e-04 2.10660743e-04 2.06384749e-04 2.02089561e-04 1.97780788e-04 1.93463883e-04 1.89144126e-04 1.84826620e-04 1.80516280e-04 1.76217825e-04 1.71935772e-04 1.67674432e-04 1.63437904e-04 1.59230076e-04 1.55054618e-04 1.50914986e-04 1.46814420e-04 1.42755947e-04 1.38742379e-04 1.34776323e-04 1.30860176e-04 1.26996136e-04 1.23186204e-04 1.19432188e-04 1.15735713e-04 1.12098222e-04 1.08520986e-04 1.05005107e-04 1.01551532e-04 9.81610506e-05 9.48343090e-05 9.15718146e-05 8.83739435e-05 8.52409474e-05 8.21729612e-05 7.91700096e-05 7.62320141e-05 7.33587997e-05 7.05501014e-05 6.78055708e-05 6.51247823e-05 6.25072388e-05 5.99523776e-05 5.74595761e-05 5.50281570e-05 5.26573935e-05 5.03465138e-05 4.80947062e-05 4.59011233e-05 4.37648860e-05 4.16850875e-05 3.96607971e-05 3.76910638e-05 3.57749192e-05 3.39113807e-05 3.20994547e-05 3.03381388e-05 2.86264246e-05 2.69632997e-05 2.53477503e-05 2.37787626e-05 2.22553251e-05 2.07764301e-05 1.93410750e-05 1.79482641e-05 1.65970097e-05 1.52863329e-05
1.59376962e-04 1.38556760e-04 1.18266777e-04 1.19550860e-04 1.23265634e-04 1.27113167e-04 1.31016885e-04 1.34974188e-04 1.38982871e-04 1.43040526e-04 1.47144532e-04 1.51292055e-04 1.55480042e-04 1.59705222e-04 1.63964101e-04 1.68252965e-04 1.72567876e-04 1.76904679e-04 1.81259000e-04 1.85626253e-04 1.90001643e-04 1.94380174e-04 1.98756656e-04 2.03125710e-04 2.07481786e-04 2.11819168e-04 2.16131988e-04 2.20414241e-04 2.24659799e-04 2.28862428e-04 2.33015802e-04 2.37113527e-04 2.41149153e-04 2.45116200e-04 2.49008171e-04 2.52818582e-04 2.56540972e-04 2.60168936e-04 2.63696135e-04 2.67116326e-04 2.70423379e-04 2.73611299e-04 2.76674246e-04 2.79606554e-04 2.82402753e-04 2.85057585e-04 2.87566019e-04 2.89923276e-04 2.92124834e-04 2.94166451e-04 2.96044174e-04 2.97754355e-04 2.99293657e-04 3.00659069e-04 3.01847913e-04 3.02857852e-04 3.03686898e-04 3.04333416e-04 3.04796129e-04 3.05074123e-04 3.05166849e-04 3.05074123e-04 3.04796129e-04 3.04333416e-04 3.03686898e-04 3.02857852e-04 3.01847913e-04 3.00659069e-04 2.99293657e-04 2.97754355e-04 2.96044174e-04 2.94166451e-04 2.92124834e-04 2.89923276e-04 2.87566019e-04 2.85057585e-04 2.82402753e-04 2.79606554e-04 2.76674246e-04 2.73611299e-04 2.70423379e-04 2.67116326e-04 2.63696135e-04 2.60168936e-04 2.56540972e-04 2.52818582e-04 2.49008171e-04 2.45116200e-04 2.41149153e-04 2.37113527e-04 2.33015802e-04 2.28862428e-04 2.24659799e-04 2.20414241e-04 2.16131988e-04 2.11819168e-04 2.07481786e-04 2.03125710e-04 1.98756656e-04 1.94380174e-04 1.90001643e-04 1.85626253e-04 1.81259000e-04 1.76904679e-04 1.72567876e-04 1.68252965e-04 1.63964101e-04 1.59705222e-04 1.55480042e-04 1.51292055e-04 1.47144532e-04 1.43040526e-04 1.38982871e-04 1.34974188e-04 1.31016885e-04 1.27113166e-04 1.23265032e-04 1.19474290e-04 1.15742557e-04 1.12071265e-04 1.08461673e-04 1.04914865e-04 1.01431769e-04 9.80131516e-05 9.46596358e-05 9.13717022e-05 8.81496989e-05 8.49938479e-05 8.19042533e-05 7.88809076e-05 7.59236993e-05 7.30324199e-05 7.02067700e-05 6.74463668e-05 6.47507494e-05 6.21193858e-05 5.95516783e-05 5.70469694e-05 5.46045471e-05 5.22236501e-05 4.99034727e-05 4.76431697e-05 4.54418606e-05 4.32986339e-05 4.12125512e-05 3.91826507e-05 3.72079509e-05 3.52874539e-05 3.34201483e-05 3.16050125e-05 2.98410169e-05 2.81271267e-05 2.64623040e-05 2.48455101e-05 2.32757075e-05 2.17518616e-05 2.02729425e-05 1.88379261e-05 1.74457961e-05 1.60955449e-05 1.47861747e-05
1.59974654e-04 1.38744848e-04 1.18271831e-04 1.19579600e-04 1.23330891e-04 1.27216811e-04 1.31160430e-04 1.35159143e-04 1.39210743e-04 1.43312809e-04 1.47462707e-04 1.51657583e-04 1.55894359e-04 1.60169732e-04 1.64480170e-04 1.68821915e-04 1.73190980e-04 1.77583153e-04 1.81993997e-04 1.86418856e-04 1.90852858e-04 1.95290924e-04 1.99727774e-04 2.04157935e-04 2.08575753e-04 2.12975403e-04 2.17350905e-04 2.21696132e-04 2.26004833e-04 2.30270645e-04 2.34487109e-04 2.38647694e-04 2.42745810e-04 2.46774833e-04 2.50728125e-04 2.54599053e-04 2.58381013e-04 2.62067451e-04 2.65651885e-04 2.69127926e-04 2.72489303e-04 2.75729882e-04 2.78843685e-04 2.81824916e-04 2.84667976e-04 2.87367482e-04 2.89918288e-04 2.92315501e-04 2.94554495e-04 2.96630928e-04 2.98540756e-04 3.00280245e-04 3.01845981e-04 3.03234883e-04 3.04444212e-04 3.05471576e-04 3.06314942e-04 3.06972636e-04 3.07443353e-04 3.07726158e-04 3.07820489e-04 3.07726158e-04 3.07443353e-04 3.06972636e-04 3.06314942e-04 3.05471576e-04 3.04444212e-04 3.03234883e-04 3.01845981e-04 3.00280245e-04 2.98540756e-04 2.96630928e-04 2.94554495e-04 2.92315501e-04 2.89918288e-04 2.87367482e-04 2.84667976e-04 2.81824916e-04 2.78843685e-04 2.75729882e-04 2.72489303e-04 2.69127926e-04 2.65651885e-04 2.62067451e-04 2.58381013e-04 2.54599053e-04 2.50728125e-04 2.46774833e-04 2.42745810e-04 2.38647694e-04 2.34487109e-04 2.30270645e-04 2.26004833e-04 2.21696132e-04 2.17350905e-04 2.12975403e-04 2.08575753e-04 2.04157935e-04 1.99727774e-04 1.95290924e-04 1.90852858e-04 1.86418856e-04 1.81993997e-04 1.77583153e-04 1.73190980e-04 1.68821915e-04 1.64480170e-04 1.60169732e-04 1.55894359e-04 1.51657583e-04 1.47462707e-04 1.43312809e-04 1.39210743e-04 1.35159143e-04 1.31160430e-04 1.27216810e-04 1.23330285e-04 1.19502659e-04 1.15735540e-04 1.12030349e-04 1.08388329e-04 1.04810547e-04 1.01297909e-04 9.78511607e-05 9.44708970e-05 9.11575719e-05 8.79115038e-05 8.47328841e-05 8.16217846e-05 7.85781645e-05 7.56018783e-05 7.26926823e-05 6.98502422e-05 6.70741389e-05 6.43638760e-05 6.17188851e-05 5.91385328e-05 5.66221255e-05 5.41689157e-05 5.17781069e-05 4.94488586e-05 4.71802913e-05 4.49714907e-05 4.28215124e-05 4.07293855e-05 3.86941166e-05 3.67146933e-05 3.47900875e-05 3.29192588e-05 3.11011568e-05 2.93347244e-05 2.76189000e-05 2.59526199e-05 2.43348204e-05 2.27644397e-05 2.12404200e-05 1.97617087e-05 1.83272603e-05 1.69360375e-05 1.55870129e-05 1.42791693e-05
1.60566185e-04 1.38917757e-04 1.18262432e-04 1.19594311e-04 1.23382279e-04 1.27306770e-04 1.31290506e-04 1.35330880e-04 1.39425680e-04 1.43572478e-04 1.47768626e-04 1.52011250e-04 1.56297248e-04 1.60623283e-04 1.64985789e-04 1.69380963e-04 1.73804768e-04 1.78252934e-04 1.82720962e-04 1.87204125e-04 1.91697473e-04 1.96195844e-04 2.00693865e-04 2.05185966e-04 2.09666390e-04 2.14129201e-04 2.18568301e-04 2.22977444e-04 2.27350251e-04 2.31680226e-04 2.35960775e-04 2.40185226e-04 2.44346847e-04 2.48438868e-04 2.52454502e-04 2.56386968e-04 2.60229513e-04 2.63975431e-04 2.67618092e-04 2.71150961e-04 2.74567620e-04 2.77861791e-04 2.81027359e-04 2.84058390e-04 2.86949154e-04 2.89694144e-04 2.92288091e-04 2.94725989e-04 2.97003104e-04 2.99114992e-04 3.01057515e-04 3.02826851e-04 3.04419508e-04 3.05832334e-04 3.07062525e-04 3.08107636e-04 3.08965586e-04 3.09634664e-04 3.10113534e-04 3.10401239e-04 3.10497205e-04 3.10401239e-04 3.10113534e-04 3.09634664e-04 3.08965586e-04 3.08107636e-04 3.07062525e-04 3.05832334e-04 3.04419508e-04 3.02826851e-04 3.01057515e-04 2.99114992e-04 2.97003104e-04 2.94725989e-04 2.92288091e-04 2.89694144e-04 2.86949154e-04 2.84058390e-04 2.81027359e-04 2.77861791e-04 2.74567620e-04 2.71150961e-04 2.67618092e-04 2.63975431e-04 2.60229513e-04 2.56386968e-04 2.52454502e-04 2.48438868e-04 2.44346847e-04 2.40185226e-04 2.35960775e-04 2.31680226e-04 2.27350251e-04 2.22977444e-04 2.18568301e-04 2.14129201e-04 2.09666390e-04 2.05185966e-04 2.00693865e-04 1.96195844e-04 1.91697473e-04 1.87204125e-04 1.82720962e-04 1.78252934e-04 1.73804768e-04 1.69380963e-04 1.64985789e-04 1.60623283e-04 1.56297248e-04 1.52011250e-04 1.47768626e-04 1.43572478e-04 1.39425680e-04 1.35330880e-04 1.31290506e-04 1.27306769e-04 1.23381671e-04 1.19517009e-04 1.15714383e-04 1.11975201e-04 1.08300689e-04 1.04691897e-04 1.01149707e-04 9.76748386e-05 9.42678623e-05 9.09292020e-05 8.76591458e-05 8.44578527e-05 8.13253609e-05 7.82615953e-05 7.52663748e-05 7.23394200e-05 6.94803596e-05 6.66887381e-05 6.39640216e-05 6.13056050e-05 5.87128176e-05 5.61849293e-05 5.37211559e-05 5.13206649e-05 4.89825801e-05 4.67059871e-05 4.44899372e-05 4.23334521e-05 4.02355279e-05 3.81951390e-05 3.62112416e-05 3.42827770e-05 3.24086748e-05 3.05878559e-05 2.88192352e-05 2.71017239e-05 2.54342320e-05 2.38156705e-05 2.22449532e-05 2.07209985e-05 1.92427313e-05 1.78090842e-05 1.64189989e-05 1.50714277e-05 1.37653342e-05
1.61151353e-04 1.39075069e-04 1.18238283e-04 1.19594704e-04 1.23419504e-04 1.27382742e-04 1.31406804e-04 1.35489084e-04 1.39627365e-04 1.43819213e-04 1.48061965e-04 1.52352729e-04 1.56688378e-04 1.61065547e-04 1.65480630e-04 1.69929781e-04 1.74408914e-04 1.78913702e-04 1.83439580e-04 1.87981750e-04 1.92535186e-04 1.97094637e-04 2.01654641e-04 2.06209526e-04 2.10753431e-04 2.15280306e-04 2.19783937e-04 2.24257951e-04 2.28695840e-04 2.33090973e-04 2.37436618e-04 2.41725959e-04 2.45952117e-04 2.50108173e-04 2.54187190e-04 2.58182233e-04 2.62086395e-04 2.65892818e-04 2.69594719e-04 2.73185411e-04 2.76658327e-04 2.80007042e-04 2.83225299e-04 2.86307025e-04 2.89246355e-04 2.92037652e-04 2.94675526e-04 2.97154851e-04 2.99470784e-04 3.01618777e-04 3.03594595e-04 3.05394327e-04 3.07014402e-04 3.08451593e-04 3.09703033e-04 3.10766220e-04 3.11639024e-04 3.12319696e-04 3.12806869e-04 3.13099565e-04 3.13197196e-04 3.13099565e-04 3.12806869e-04 3.12319696e-04 3.11639024e-04 3.10766220e-04 3.09703033e-04 3.08451593e-04 3.07014402e-04 3.05394327e-04 3.03594595e-04 3.01618777e-04 2.99470784e-04 2.97154851e-04 2.94675526e-04 2.92037652e-04 2.89246355e-04 2.86307025e-04 2.83225299e-04 2.80007042e-04 2.76658327e-04 2.73185411e-04 2.69594719e-04 2.65892818e-04 2.62086395e-04 2.58182233e-04 2.54187190e-04 2.50108173e-04 2.45952117e-04 2.41725959e-04 2.37436618e-04 2.33090973e-04 2.28695840e-04 2.24257951e-04 2.19783937e-04 2.15280306e-04 2.10753431e-04 2.06209526e-04 2.01654641e-04 1.97094637e-04 1.92535186e-04 1.87981750e-04 1.83439580e-04 1.78913702e-04 1.74408914e-04 1.69929781e-04 1.65480630e-04 1.61065547e-04 1.56688378e-04 1.52352729e-04 1.48061965e-04 1.43819213e-04 1.39627365e-04 1.35489084e-04 1.31406804e-04 1.27382741e-04 1.23418893e-04 1.19517050e-04 1.15678804e-04 1.11905547e-04 1.08198488e-04 1.04558657e-04 1.00986911e-04 9.74839449e-05 9.40503001e-05 9.06863705e-05 8.73924119e-05 8.41685498e-05 8.10147878e-05 7.79310149e-05 7.49170134e-05 7.19724664e-05 6.90969652e-05 6.62900160e-05 6.35510470e-05 6.08794149e-05 5.82744110e-05 5.57352673e-05 5.32611625e-05 5.08512268e-05 4.85045480e-05 4.62201755e-05 4.39971257e-05 4.18343858e-05 3.97309182e-05 3.76856646e-05 3.56975489e-05 3.37654815e-05 3.18883618e-05 3.00650812e-05 2.82945261e-05 2.65755804e-05 2.49071274e-05 2.32880525e-05 2.17172446e-05 2.01935984e-05 1.87160158e-05 1.72834073e-05 1.58946935e-05 1.45488063e-05 1.32446898e-05
1.61729957e-04 1.39216356e-04 1.18199088e-04 1.19580487e-04 1.23442265e-04 1.27444420e-04 1.31509014e-04 1.35633438e-04 1.39815476e-04 1.44052685e-04 1.48342392e-04 1.52681687e-04 1.57067417e-04 1.61496188e-04 1.65964358e-04 1.70468038e-04 1.75003089e-04 1.79565129e-04 1.84149528e-04 1.88751415e-04 1.93365685e-04 1.97987001e-04 2.02609807e-04 2.07228332e-04 2.11836603e-04 2.16428459e-04 2.20997564e-04 2.25537418e-04 2.30041381e-04 2.34502684e-04 2.38914451e-04 2.43269722e-04 2.47561467e-04 2.51782615e-04 2.55926073e-04 2.59984750e-04 2.63951581e-04 2.67819553e-04 2.71581724e-04 2.75231252e-04 2.78761419e-04 2.82165649e-04 2.85437537e-04 2.88570868e-04 2.91559641e-04 2.94398086e-04 2.97080686e-04 2.99602195e-04 3.01957657e-04 3.04142417e-04 3.06152143e-04 3.07982833e-04 3.09630831e-04 3.11092838e-04 3.12365919e-04 3.13447515e-04 3.14335449e-04 3.15027929e-04 3.15523560e-04 3.15821339e-04 3.15920666e-04 3.15821339e-04 3.15523560e-04 3.15027929e-04 3.14335449e-04 3.13447515e-04 3.12365919e-04 3.11092838e-04 3.09630831e-04 3.07982833e-04 3.06152143e-04 3.04142417e-04 3.01957657e-04 2.99602195e-04 2.97080686e-04 2.94398086e-04 2.91559641e-04 2.88570868e-04 2.85437537e-04 2.82165649e-04 2.78761419e-04 2.75231252e-04 2.71581724e-04 2.67819553e-04 2.63951581e-04 2.59984750e-04 2.55926073e-04 2.51782615e-04 2.47561467e-04 2.43269722e-04 2.38914451e-04 2.34502684e-04 2.30041381e-04 2.25537418e-04 2.20997564e-04 2.16428459e-04 2.11836603e-04 2.07228332e-04 2.02609807e-04 1.97987001e-04 1.93365685e-04 1.88751415e-04 1.84149528e-04 1.79565129e-04 1.75003089e-04 1.70468038e-04 1.65964358e-04 1.61496188e-04 1.57067417e-04 1.52681687e-04 1.48342392e-04 1.44052685e-04 1.39815476e-04 1.35633438e-04 1.31509014e-04 1.27444419e-04 1.23441650e-04 1.19502491e-04 1.15628517e-04 1.11821110e-04 1.08081458e-04 1.04410567e-04 1.00809271e-04 9.72782379e-05 9.38179782e-05 9.04288543e-05 8.71110886e-05 8.38647718e-05 8.06898712e-05 7.75862387e-05 7.45536187e-05 7.15916559e-05 6.86999025e-05 6.58778256e-05 6.31248142e-05 6.04401857e-05 5.78231925e-05 5.52730279e-05 5.27888321e-05 5.03696977e-05 4.80146751e-05 4.57227772e-05 4.34929844e-05 4.13242489e-05 3.92154989e-05 3.71656424e-05 3.51735710e-05 3.32381632e-05 3.13582878e-05 2.95328064e-05 2.77605767e-05 2.60404544e-05 2.43712961e-05 2.27519612e-05 2.11813135e-05 1.96582237e-05 1.81815704e-05 1.67502420e-05 1.53631375e-05 1.40191685e-05 1.27172593e-05
1.62301789e-04 1.39341183e-04 1.18144543e-04 1.19551362e-04 1.23450259e-04 1.27491495e-04 1.31596817e-04 1.35763620e-04 1.39989685e-04 1.44272565e-04 1.48609574e-04 1.52997785e-04 1.57434025e-04 1.61914867e-04 1.66436634e-04 1.70995393e-04 1.75586956e-04 1.80206881e-04 1.84850475e-04 1.89512795e-04 1.94188653e-04 1.98872628e-04 2.03559065e-04 2.08242092e-04 2.12915628e-04 2.17573393e-04 2.22208928e-04 2.26815606e-04 2.31386649e-04 2.35915148e-04 2.40394082e-04 2.44816341e-04 2.49174741e-04 2.53462055e-04 2.57671031e-04 2.61794418e-04 2.65824990e-04 2.69755572e-04 2.73579062e-04 2.77288460e-04 2.80876890e-04 2.84337622e-04 2.87664102e-04 2.90849968e-04 2.93889078e-04 2.96775527e-04 2.99503668e-04 3.02068132e-04 3.04463847e-04 3.06686050e-04 3.08730308e-04 3.10592525e-04 3.12268962e-04 3.13756242e-04 3.15051365e-04 3.16151712e-04 3.17055055e-04 3.17759563e-04 3.18263807e-04 3.18566764e-04 3.18667818e-04 3.18566764e-04 3.18263807e-04 3.17759563e-04 3.17055055e-04 3.16151712e-04 3.15051365e-04 3.13756242e-04 3.12268962e-04 3.10592525e-04 3.08730308e-04 3.06686050e-04 3.04463847e-04 3.02068132e-04 2.99503668e-04 2.96775527e-04 2.93889078e-04 2.90849968e-04 2.87664102e-04 2.84337622e-04 2.80876890e-04 2.77288460e-04 2.73579062e-04 2.69755572e-04 2.65824990e-04 2.61794418e-04 2.57671031e-04 2.53462055e-04 2.49174741e-04 2.44816341e-04 2.40394082e-04 2.35915148e-04 2.31386649e-04 2.26815606e-04 2.22208928e-04 2.17573393e-04 2.12915628e-04 2.08242092e-04 2.03559065e-04 1.98872628e-04 1.94188653e-04 1.89512795e-04 1.84850475e-04 1.80206881e-04 1.75586956e-04 1.70995393e-04 1.66436634e-04 1.61914867e-04 1.57434025e-04 1.52997785e-04 1.48609574e-04 1.44272565e-04 1.39989685e-04 1.35763620e-04 1.31596817e-04 1.27491494e-04 1.23449641e-04 1.19473034e-04 1.15563237e-04 1.11721611e-04 1.07949326e-04 1.04247365e-04 1.00616535e-04 9.70574748e-05 9.35706632e-05 9.01564299e-05 8.68149622e-05 8.35463146e-05 8.03504169e-05 7.72270824e-05 7.41760164e-05 7.11968236e-05 6.82890163e-05 6.54520211e-05 6.26851867e-05 5.99877902e-05 5.73590438e-05 5.47981013e-05 5.23040636e-05 4.98759846e-05 4.75128765e-05 4.52137151e-05 4.29774439e-05 4.08029795e-05 3.86892150e-05 3.66350244e-05 3.46392663e-05 3.27007869e-05 3.08184238e-05 2.89910085e-05 2.72173692e-05 2.54963337e-05 2.38267311e-05 2.22073944e-05 2.06371625e-05 1.91148813e-05 1.76394063e-05 1.62096033e-05 1.48243499e-05 1.34825368e-05 1.21830689e-05
1.62866641e-04 1.39449105e-04 1.18074344e-04 1.19507032e-04 1.23443180e-04 1.27523653e-04 1.31669895e-04 1.35879303e-04 1.40149660e-04 1.44478514e-04 1.48863169e-04 1.53300682e-04 1.57787856e-04 1.62321237e-04 1.66897110e-04 1.71511501e-04 1.76160170e-04 1.80838619e-04 1.85542087e-04 1.90265559e-04 1.95003767e-04 1.99751199e-04 2.04502106e-04 2.09250510e-04 2.13990218e-04 2.18714834e-04 2.23417770e-04 2.28092268e-04 2.32731413e-04 2.37328151e-04 2.41875313e-04 2.46365634e-04 2.50791776e-04 2.55146349e-04 2.59421939e-04 2.63611131e-04 2.67706535e-04 2.71700808e-04 2.75586687e-04 2.79357008e-04 2.83004731e-04 2.86522973e-04 2.89905023e-04 2.93144371e-04 2.96234729e-04 2.99170054e-04 3.01944566e-04 3.04552771e-04 3.06989478e-04 3.09249812e-04 3.11329237e-04 3.13223563e-04 3.14928964e-04 3.16441985e-04 3.17759557e-04 3.18879001e-04 3.19798039e-04 3.20514797e-04 3.21027815e-04 3.21336045e-04 3.21438859e-04 3.21336045e-04 3.21027815e-04 3.20514797e-04 3.19798039e-04 3.18879001e-04 3.17759557e-04 3.16441985e-04 3.14928964e-04 3.13223563e-04 3.11329237e-04 3.09249812e-04 3.06989478e-04 3.04552771e-04 3.01944566e-04 2.99170054e-04 2.96234729e-04 2.93144371e-04 2.89905023e-04 2.86522973e-04 2.83004731e-04 2.79357008e-04 2.75586687e-04 2.71700808e-04 2.67706535e-04 2.63611131e-04 2.59421939e-04 2.55146349e-04 2.50791776e-04 2.46365634e-04 2.41875313e-04 2.37328151e-04 2.32731413e-04 2.28092268e-04 2.23417770e-04 2.18714834e-04 2.13990218e-04 2.09250510e-04 2.04502106e-04 1.99751199e-04 1.95003767e-04 1.90265559e-04 1.85542087e-04 1.80838619e-04 1.76160170e-04 1.71511501e-04 1.66897110e-04 1.62321237e-04 1.57787856e-04 1.53300682e-04 1.48863169e-04 1.44478514e-04 1.40149660e-04 1.35879303e-04 1.31669895e-04 1.27523652e-04 1.23442560e-04 1.19428383e-04 1.15482671e-04 1.11606768e-04 1.07801822e-04 1.04068789e-04 1.00408450e-04 9.68214114e-05 9.33081211e-05 8.98688731e-05 8.65038187e-05 8.32129745e-05 7.99962312e-05 7.68533624e-05 7.37840327e-05 7.07878058e-05 6.78641526e-05 6.50124581e-05 6.22320295e-05 5.95221025e-05 5.68818483e-05 5.43103798e-05 5.18067579e-05 4.93699968e-05 4.69990699e-05 4.46929146e-05 4.24504374e-05 4.02705180e-05 3.81520142e-05 3.60937653e-05 3.40945961e-05 3.21533203e-05 3.02687437e-05 2.84396671e-05 2.66648892e-05 2.49432090e-05 2.32734282e-05 2.16543531e-05 2.00847970e-05 1.85635813e-05 1.70895378e-05 1.56615096e-05 1.42783528e-05 1.29389371e-05 1.16421475e-05
1.63424300e-04 1.39539670e-04 1.17988184e-04 1.19447193e-04 1.23420718e-04 1.27540576e-04 1.31727922e-04 1.35980157e-04 1.40295065e-04 1.44670192e-04 1.49102833e-04 1.53590028e-04 1.58128559e-04 1.62714944e-04 1.67345434e-04 1.72016009e-04 1.76722382e-04 1.81459994e-04 1.86224020e-04 1.91009370e-04 1.95810695e-04 2.00622393e-04 2.05438616e-04 2.10253281e-04 2.15060082e-04 2.19852500e-04 2.24623822e-04 2.29367152e-04 2.34075436e-04 2.38741472e-04 2.43357940e-04 2.47917417e-04 2.52412404e-04 2.56835348e-04 2.61178668e-04 2.65434780e-04 2.69596126e-04 2.73655194e-04 2.77604550e-04 2.81436864e-04 2.85144933e-04 2.88721710e-04 2.92160328e-04 2.95454122e-04 2.98596657e-04 3.01581746e-04 3.04403476e-04 3.07056223e-04 3.09534673e-04 3.11833840e-04 3.13949080e-04 3.15876107e-04 3.17611007e-04 3.19150245e-04 3.20490681e-04 3.21629576e-04 3.22564599e-04 3.23293835e-04 3.23815789e-04 3.24129390e-04 3.24233995e-04 3.24129390e-04 3.23815789e-04 3.23293835e-04 3.22564599e-04 3.21629576e-04 3.20490681e-04 3.19150245e-04 3.17611007e-04 3.15876107e-04 3.13949080e-04 3.11833840e-04 3.09534673e-04 3.07056223e-04 3.04403476e-04 3.01581746e-04 2.98596657e-04 2.95454122e-04 2.92160328e-04 2.88721710e-04 2.85144933e-04 2.81436864e-04 2.77604550e-04 2.73655194e-04 2.69596126e-04 2.65434780e-04 2.61178668e-04 2.56835348e-04 2.52412404e-04 2.47917417e-04 2.43357940e-04 2.38741472e-04 2.34075436e-04 2.29367152e-04 2.24623822e-04 2.19852500e-04 2.15060082e-04 2.10253281e-04 2.05438616e-04 2.00622393e-04 1.95810695e-04 1.91009370e-04 1.86224020e-04 1.81459994e-04 1.76722382e-04 1.72016009e-04 1.67345434e-04 1.62714944e-04 1.58128559e-04 1.53590028e-04 1.49102833e-04 1.44670192e-04 1.40295065e-04 1.35980157e-04 1.31727922e-04 1.27540575e-04 1.23420095e-04 1.19368234e-04 1.15386527e-04 1.11476298e-04 1.07638669e-04 1.03874573e-04 1.00184759e-04 9.65698030e-05 9.30301170e-05 8.95659596e-05 8.61774441e-05 8.28645476e-05 7.96271206e-05 7.64648954e-05 7.33774947e-05 7.03644397e-05 6.74251585e-05 6.45589936e-05 6.17652093e-05 5.90429988e-05 5.63914913e-05 5.38097578e-05 5.12968182e-05 4.88516461e-05 4.64731752e-05 4.41603039e-05 4.19119006e-05 3.97268079e-05 3.76038472e-05 3.55418227e-05 3.35395249e-05 3.15957342e-05 2.97092244e-05 2.78787652e-05 2.61031252e-05 2.43810744e-05 2.27113866e-05 2.10928413e-05 1.95242257e-05 1.80043367e-05 1.65319821e-05 1.51059822e-05 1.37251711e-05 1.23883978e-05 1.10945271e-05
1.63974550e-04 1.39612415e-04 1.17885751e-04 1.19371543e-04 1.23382560e-04 1.27541944e-04 1.31770570e-04 1.36065846e-04 1.40425559e-04 1.44847253e-04 1.49328213e-04 1.53865468e-04 1.58455778e-04 1.63095632e-04 1.67781246e-04 1.72508560e-04 1.77273234e-04 1.82070652e-04 1.86895923e-04 1.91743883e-04 1.96609099e-04 2.01485878e-04 2.06368273e-04 2.11250093e-04 2.16124918e-04 2.20986104e-04 2.25826809e-04 2.30639999e-04 2.35418474e-04 2.40154885e-04 2.44841753e-04 2.49471497e-04 2.54036453e-04 2.58528898e-04 2.62941084e-04 2.67265252e-04 2.71493670e-04 2.75618654e-04 2.79632597e-04 2.83527997e-04 2.87297483e-04 2.90933841e-04 2.94430042e-04 2.97779265e-04 3.00974923e-04 3.04010684e-04 3.06880494e-04 3.09578598e-04 3.12099559e-04 3.14438272e-04 3.16589987e-04 3.18550319e-04 3.20315262e-04 3.21881202e-04 3.23244926e-04 3.24403632e-04 3.25354936e-04 3.26096880e-04 3.26627936e-04 3.26947007e-04 3.27053438e-04 3.26947007e-04 3.26627936e-04 3.26096880e-04 3.25354936e-04 3.24403632e-04 3.23244926e-04 3.21881202e-04 3.20315262e-04 3.18550319e-04 3.16589987e-04 3.14438272e-04 3.12099559e-04 3.09578598e-04 3.06880494e-04 3.04010684e-04 3.00974923e-04 2.97779265e-04 2.94430042e-04 2.90933841e-04 2.87297483e-04 2.83527997e-04 2.79632597e-04 2.75618654e-04 2.71493670e-04 2.67265252e-04 2.62941084e-04 2.58528898e-04 2.54036453e-04 2.49471497e-04 2.44841753e-04 2.40154885e-04 2.35418474e-04 2.30639999e-04 2.25826809e-04 2.20986104e-04 2.16124918e-04 2.11250093e-04 2.06368273e-04 2.01485878e-04 1.96609099e-04 1.91743883e-04 1.86895923e-04 1.82070652e-04 1.77273234e-04 1.72508560e-04 1.67781246e-04 1.63095632e-04 1.58455778e-04 1.53865468e-04 1.49328213e-04 1.44847253e-04 1.40425559e-04 1.36065846e-04 1.31770570e-04 1.27541943e-04 1.23381935e-04 1.19292285e-04 1.15274510e-04 1.11329914e-04 1.07459593e-04 1.03664452e-04 9.99452076e-05 9.63024034e-05 9.27364156e-05 8.92474646e-05 8.58356240e-05 8.25008304e-05 7.92428923e-05 7.60614993e-05 7.29562305e-05 6.99265636e-05 6.69718827e-05 6.40914862e-05 6.12845946e-05 5.85503573e-05 5.58878603e-05 5.32961320e-05 5.07741500e-05 4.83208467e-05 4.59351151e-05 4.36158137e-05 4.13617722e-05 3.91717953e-05 3.70446675e-05 3.49791571e-05 3.29740198e-05 3.10280024e-05 2.91398460e-05 2.73082887e-05 2.55320688e-05 2.38099269e-05 2.21406085e-05 2.05228660e-05 1.89554605e-05 1.74371638e-05 1.59667597e-05 1.45430455e-05 1.31648332e-05 1.18309508e-05 1.05402429e-05
1.64517174e-04 1.39666869e-04 1.17766734e-04 1.19279771e-04 1.23328391e-04 1.27527432e-04 1.31797507e-04 1.36136031e-04 1.40540796e-04 1.45009344e-04 1.49538955e-04 1.54126643e-04 1.58769148e-04 1.63462934e-04 1.68204181e-04 1.72988787e-04 1.77812362e-04 1.82670232e-04 1.87557440e-04 1.92468745e-04 1.97398632e-04 2.02341315e-04 2.07290747e-04 2.12240628e-04 2.17184419e-04 2.22115352e-04 2.27026450e-04 2.31910541e-04 2.36760277e-04 2.41568154e-04 2.46326537e-04 2.51027678e-04 2.55663744e-04 2.60226843e-04 2.64709049e-04 2.69102428e-04 2.73399070e-04 2.77591113e-04 2.81670773e-04 2.85630372e-04 2.89462365e-04 2.93159369e-04 2.96714189e-04 3.00119844e-04 3.03369589e-04 3.06456945e-04 3.09375714e-04 3.12120007e-04 3.14684259e-04 3.17063247e-04 3.19252110e-04 3.21246362e-04 3.23041904e-04 3.24635038e-04 3.26022480e-04 3.27201364e-04 3.28169251e-04 3.28924139e-04 3.29464464e-04 3.29789108e-04 3.29897397e-04 3.29789108e-04 3.29464464e-04 3.28924139e-04 3.28169251e-04 3.27201364e-04 3.26022480e-04 3.24635038e-04 3.23041904e-04 3.21246362e-04 3.19252110e-04 3.17063247e-04 3.14684259e-04 3.12120007e-04 3.09375714e-04 3.06456945e-04 3.03369589e-04 3.00119844e-04 2.96714189e-04 2.93159369e-04 2.89462365e-04 2.85630372e-04 2.81670773e-04 2.77591113e-04 2.73399070e-04 2.69102428e-04 2.64709049e-04 2.60226843e-04 2.55663744e-04 2.51027678e-04 2.46326537e-04 2.41568154e-04 2.36760277e-04 2.31910541e-04 2.27026450e-04 2.22115352e-04 2.17184419e-04 2.12240628e-04 2.07290747e-04 2.02341315e-04 1.97398632e-04 1.92468745e-04 1.87557440e-04 1.82670232e-04 1.77812362e-04 1.72988787e-04 1.68204181e-04 1.63462934e-04 1.58769148e-04 1.54126643e-04 1.49538955e-04 1.45009344e-04 1.40540796e-04 1.36136031e-04 1.31797507e-04 1.27527431e-04 1.23327762e-04 1.19200227e-04 1.15146322e-04 1.11167327e-04 1.07264314e-04 1.03438156e-04 9.96895374e-05 9.60189661e-05 9.24267811e-05 8.89131630e-05 8.54781445e-05 8.21216199e-05 7.88433541e-05 7.56429924e-05 7.25200694e-05 6.94740175e-05 6.65041755e-05 6.36097964e-05 6.07900557e-05 5.80440581e-05 5.53708451e-05 5.27694014e-05 5.02386616e-05 4.77775156e-05 4.53848149e-05 4.30593777e-05 4.07999938e-05 3.86054295e-05 3.64744317e-05 3.44057322e-05 3.23980514e-05 3.04501019e-05 2.85605917e-05 2.67282268e-05 2.49517149e-05 2.32297668e-05 2.15610994e-05 1.99444377e-05 1.83785165e-05 1.68620822e-05 1.53938944e-05 1.39727272e-05 1.25973705e-05 1.12666309e-05 9.97933307e-06
1.65051951e-04 1.39702551e-04 1.17630815e-04 1.19171569e-04 1.23257890e-04 1.27496712e-04 1.31808397e-04 1.36190368e-04 1.40640425e-04 1.45156110e-04 1.49734696e-04 1.54373186e-04 1.59068302e-04 1.63816479e-04 1.68613866e-04 1.73456317e-04 1.78339395e-04 1.83258366e-04 1.88208204e-04 1.93183596e-04 1.98178941e-04 2.03188360e-04 2.08205702e-04 2.13224559e-04 2.18238269e-04 2.23239940e-04 2.28222458e-04 2.33178506e-04 2.38100587e-04 2.42981042e-04 2.47812069e-04 2.52585755e-04 2.57294094e-04 2.61929017e-04 2.66482420e-04 2.70946187e-04 2.75312226e-04 2.79572492e-04 2.83719020e-04 2.87743951e-04 2.91639563e-04 2.95398299e-04 2.99012794e-04 3.02475900e-04 3.05780716e-04 3.08920607e-04 3.11889232e-04 3.14680561e-04 3.17288900e-04 3.19708905e-04 3.21935601e-04 3.23964398e-04 3.25791104e-04 3.27411937e-04 3.28823536e-04 3.30022970e-04 3.31007747e-04 3.31775818e-04 3.32325585e-04 3.32655904e-04 3.32766087e-04 3.32655904e-04 3.32325585e-04 3.31775818e-04 3.31007747e-04 3.30022970e-04 3.28823536e-04 3.27411937e-04 3.25791104e-04 3.23964398e-04 3.21935601e-04 3.19708905e-04 3.17288900e-04 3.14680561e-04 3.11889232e-04 3.08920607e-04 3.05780716e-04 3.02475900e-04 2.99012794e-04 2.95398299e-04 2.91639563e-04 2.87743951e-04 2.83719020e-04 2.79572492e-04 2.75312226e-04 2.70946187e-04 2.66482420e-04 2.61929017e-04 2.57294094e-04 2.52585755e-04 2.47812069e-04 2.42981042e-04 2.38100587e-04 2.33178506e-04 2.28222458e-04 2.23239940e-04 2.18238269e-04 2.13224559e-04 2.08205702e-04 2.03188360e-04 1.98178941e-04 1.93183596e-04 1.88208204e-04 1.83258366e-04 1.78339395e-04 1.73456317e-04 1.68613866e-04 1.63816479e-04 1.59068302e-04 1.54373186e-04 1.49734696e-04 1.45156110e-04 1.40640425e-04 1.36190368e-04 1.31808397e-04 1.27496711e-04 1.23257259e-04 1.19091751e-04 1.15001662e-04 1.10988249e-04 1.07052553e-04 1.03195416e-04 9.94174900e-05 9.57192437e-05 9.21009770e-05 8.85628297e-05 8.51047918e-05 8.17267132e-05 7.84283143e-05 7.52091944e-05 7.20688419e-05 6.90066426e-05 6.60218886e-05 6.31137864e-05 6.02814652e-05 5.75239836e-05 5.48403378e-05 5.22294676e-05 4.96902635e-05 4.72215722e-05 4.48222029e-05 4.24909324e-05 4.02265100e-05 3.80276628e-05 3.58930995e-05 3.38215149e-05 3.18115935e-05 2.98620130e-05 2.79714480e-05 2.61385722e-05 2.43620618e-05 2.26405978e-05 2.09728682e-05 1.93575702e-05 1.77934120e-05 1.62791146e-05 1.48134130e-05 1.33950582e-05 1.20228175e-05 1.06954764e-05 9.41183900e-06
1.65578656e-04 1.39718970e-04 1.17477677e-04 1.19046622e-04 1.23170735e-04 1.27449452e-04 1.31802899e-04 1.36228510e-04 1.40724092e-04 1.45287188e-04 1.49915070e-04 1.54604727e-04 1.59352863e-04 1.64155890e-04 1.69009922e-04 1.73910773e-04 1.78853955e-04 1.83834676e-04 1.88847845e-04 1.93888070e-04 1.98949665e-04 2.04026658e-04 2.09112794e-04 2.14201551e-04 2.19286147e-04 2.24359559e-04 2.29414535e-04 2.34443613e-04 2.39439142e-04 2.44393300e-04 2.49298121e-04 2.54145520e-04 2.58927314e-04 2.63635253e-04 2.68261049e-04 2.72796402e-04 2.77233032e-04 2.81562707e-04 2.85777275e-04 2.89868694e-04 2.93829058e-04 2.97650633e-04 3.01325877e-04 3.04847476e-04 3.08208364e-04 3.11401750e-04 3.14421142e-04 3.17260371e-04 3.19913608e-04 3.22375385e-04 3.24640612e-04 3.26704593e-04 3.28563039e-04 3.30212082e-04 3.31648285e-04 3.32868651e-04 3.33870630e-04 3.34652128e-04 3.35211512e-04 3.35547611e-04 3.35659722e-04 3.35547611e-04 3.35211512e-04 3.34652128e-04 3.33870630e-04 3.32868651e-04 3.31648285e-04 3.30212082e-04 3.28563039e-04 3.26704593e-04 3.24640612e-04 3.22375385e-04 3.19913608e-04 3.17260371e-04 3.14421142e-04 3.11401750e-04 3.08208364e-04 3.04847476e-04 3.01325877e-04 2.97650633e-04 2.93829058e-04 2.89868694e-04 2.85777275e-04 2.81562707e-04 2.77233032e-04 2.72796402e-04 2.68261049e-04 2.63635253e-04 2.58927314e-04 2.54145520e-04 2.49298121e-04 2.44393300e-04 2.39439142e-04 2.34443613e-04 2.29414535e-04 2.24359559e-04 2.19286147e-04 2.14201551e-04 2.09112794e-04 2.04026658e-04 1.98949665e-04 1.93888070e-04 1.88847845e-04 1.83834676e-04 1.78853955e-04 1.73910773e-04 1.69009922e-04 1.64155890e-04 1.59352863e-04 1.54604727e-04 1.49915070e-04 1.45287188e-04 1.40724092e-04 1.36228510e-04 1.31802899e-04 1.27449451e-04 1.23170102e-04 1.18966543e-04 1.14840228e-04 1.10792385e-04 1.06824028e-04 1.02935963e-04 9.91288063e-05 9.54029880e-05 9.17587669e-05 8.81962397e-05 8.47153521e-05 8.13159085e-05 7.79975823e-05 7.47599259e-05 7.16023797e-05 6.85242816e-05 6.55248756e-05 6.26033205e-05 5.97586976e-05 5.69900186e-05 5.42962329e-05 5.16762348e-05 4.91288693e-05 4.66529392e-05 4.42472104e-05 4.19104173e-05 3.96412685e-05 3.74384507e-05 3.53006340e-05 3.32264754e-05 3.12146231e-05 2.92637194e-05 2.73724049e-05 2.55393207e-05 2.37631112e-05 2.20424270e-05 2.03759272e-05 1.87622807e-05 1.72001690e-05 1.56882873e-05 1.42253461e-05 1.28100727e-05 1.14412122e-05 1.01175285e-05 8.83780534e-06
1.66097063e-04 1.39715629e-04 1.17306997e-04 1.18904615e-04 1.23066601e-04 1.27385318e-04 1.31780670e-04 1.36250104e-04 1.40791436e-04 1.45402213e-04 1.50079703e-04 1.54820887e-04 1.59622451e-04 1.64480783e-04 1.69391965e-04 1.74351768e-04 1.79355657e-04 1.84398781e-04 1.89475982e-04 1.94581791e-04 1.99710436e-04 2.04855848e-04 2.10011669e-04 2.15171262e-04 2.20327722e-04 2.25473892e-04 2.30602381e-04 2.35705575e-04 2.40775668e-04 2.45804675e-04 2.50784459e-04 2.55706758e-04 2.60563208e-04 2.65345376e-04 2.70044784e-04 2.74652942e-04 2.79161379e-04 2.83561670e-04 2.87845474e-04 2.92004557e-04 2.96030828e-04 2.99916369e-04 3.03653459e-04 3.07234612e-04 3.10652592e-04 3.13900450e-04 3.16971540e-04 3.19859549e-04 3.22558510e-04 3.25062829e-04 3.27367298e-04 3.29467113e-04 3.31357886e-04 3.33035661e-04 3.34496923e-04 3.35738606e-04 3.36758106e-04 3.37553280e-04 3.38122458e-04 3.38464444e-04 3.38578519e-04 3.38464444e-04 3.38122458e-04 3.37553280e-04 3.36758106e-04 3.35738606e-04 3.34496923e-04 3.33035661e-04 3.31357886e-04 3.29467113e-04 3.27367298e-04 3.25062829e-04 3.22558510e-04 3.19859549e-04 3.16971540e-04 3.13900450e-04 3.10652592e-04 3.07234612e-04 3.03653459e-04 2.99916369e-04 2.96030828e-04 2.92004557e-04 2.87845474e-04 2.83561670e-04 2.79161379e-04 2.74652942e-04 2.70044784e-04 2.65345376e-04 2.60563208e-04 2.55706758e-04 2.50784459e-04 2.45804675e-04 2.40775668e-04 2.35705575e-04 2.30602381e-04 2.25473892e-04 2.20327722e-04 2.15171262e-04 2.10011669e-04 2.04855848e-04 1.99710436e-04 1.94581791e-04 1.89475982e-04 1.84398781e-04 1.79355657e-04 1.74351768e-04 1.69391965e-04 1.64480783e-04 1.59622451e-04 1.54820887e-04 1.50079703e-04 1.45402213e-04 1.40791436e-04 1.36250104e-04 1.31780670e-04 1.27385317e-04 1.23065966e-04 1.18824288e-04 1.14661714e-04 1.10579443e-04 1.06578455e-04 1.02659524e-04 9.88232258e-05 9.50699505e-05 9.13999139e-05 8.78131682e-05 8.43096126e-05 8.08890043e-05 7.75509686e-05 7.42950088e-05 7.11205162e-05 6.80267791e-05 6.50129922e-05 6.20782650e-05 5.92216298e-05 5.64420502e-05 5.37384278e-05 5.11096098e-05 4.85543954e-05 4.60715420e-05 4.36597715e-05 4.13177755e-05 3.90442203e-05 3.68377522e-05 3.46970016e-05 3.26205875e-05 3.06071208e-05 2.86552084e-05 2.67634561e-05 2.49304719e-05 2.31548683e-05 2.14352653e-05 1.97702922e-05 1.81585899e-05 1.65988127e-05 1.50896299e-05 1.36297273e-05 1.22178085e-05 1.08525959e-05 9.53283202e-06 8.25728003e-06
1.66606942e-04 1.39692016e-04 1.17118453e-04 1.18745228e-04 1.22945160e-04 1.27303971e-04 1.31741362e-04 1.36254794e-04 1.40842094e-04 1.45500813e-04 1.50228219e-04 1.55021284e-04 1.59876679e-04 1.64790768e-04 1.69759600e-04 1.74778909e-04 1.79844108e-04 1.84950290e-04 1.90092228e-04 1.95264375e-04 2.00460875e-04 2.05675561e-04 2.10901968e-04 2.16133343e-04 2.21362655e-04 2.26582614e-04 2.31785682e-04 2.36964097e-04 2.42109890e-04 2.47214908e-04 2.52270841e-04 2.57269247e-04 2.62201577e-04 2.67059207e-04 2.71833467e-04 2.76515672e-04 2.81097154e-04 2.85569293e-04 2.89923549e-04 2.94151495e-04 2.98244850e-04 3.02195505e-04 3.05995559e-04 3.09637345e-04 3.13113459e-04 3.16416785e-04 3.19540522e-04 3.22478206e-04 3.25223734e-04 3.27771379e-04 3.30115814e-04 3.32252124e-04 3.34175821e-04 3.35882860e-04 3.37369644e-04 3.38633040e-04 3.39670384e-04 3.40479486e-04 3.41058640e-04 3.41406622e-04 3.41522697e-04 3.41406622e-04 3.41058640e-04 3.40479486e-04 3.39670384e-04 3.38633040e-04 3.37369644e-04 3.35882860e-04 3.34175821e-04 3.32252124e-04 3.30115814e-04 3.27771379e-04 3.25223734e-04 3.22478206e-04 3.19540522e-04 3.16416785e-04 3.13113459e-04 3.09637345e-04 3.05995559e-04 3.02195505e-04 2.98244850e-04 2.94151495e-04 2.89923549e-04 2.85569293e-04 2.81097154e-04 2.76515672e-04 2.71833467e-04 2.67059207e-04 2.62201577e-04 2.57269247e-04 2.52270841e-04 2.47214908e-04 2.42109890e-04 2.36964097e-04 2.31785682e-04 2.26582614e-04 2.21362655e-04 2.16133343e-04 2.10901968e-04 2.05675561e-04 2.00460875e-04 1.95264375e-04 1.90092228e-04 1.84950290e-04 1.79844108e-04 1.74778909e-04 1.69759600e-04 1.64790768e-04 1.59876679e-04 1.55021284e-04 1.50228219e-04 1.45500813e-04 1.40842094e-04 1.36254794e-04 1.31741362e-04 1.27303969e-04 1.22944522e-04 1.18664668e-04 1.14465813e-04 1.10349124e-04 1.06315550e-04 1.02365826e-04 9.85004876e-05 9.47198823e-05 9.10241814e-05 8.74133903e-05 8.38873606e-05 8.04458002e-05 7.70882846e-05 7.38142665e-05 7.06230863e-05 6.75139816e-05 6.44860961e-05 6.15384885e-05 5.86701414e-05 5.58799684e-05 5.31668224e-05 5.05295027e-05 4.79667611e-05 4.54773093e-05 4.30598240e-05 4.07129529e-05 3.84353197e-05 3.62255294e-05 3.40821722e-05 3.20038282e-05 2.99890708e-05 2.80364706e-05 2.61445985e-05 2.43120289e-05 2.25373421e-05 2.08191268e-05 1.91559827e-05 1.75465221e-05 1.59893721e-05 1.44831759e-05 1.30265941e-05 1.16183067e-05 1.02570135e-05 8.94143515e-06 7.67031439e-06
1.67108059e-04 1.39647614e-04 1.16911718e-04 1.18568142e-04 1.22806078e-04 1.27205068e-04 1.31684623e-04 1.36242218e-04 1.40875695e-04 1.45582612e-04 1.50360235e-04 1.55205530e-04 1.60115154e-04 1.65085447e-04 1.70112430e-04 1.75191795e-04 1.80318908e-04 1.85488804e-04 1.90696187e-04 1.95935434e-04 2.01200599e-04 2.06485420e-04 2.11783322e-04 2.17087435e-04 2.22390601e-04 2.27685391e-04 2.32964122e-04 2.38218876e-04 2.43441520e-04 2.48623731e-04 2.53757020e-04 2.58832760e-04 2.63842213e-04 2.68776560e-04 2.73626935e-04 2.78384452e-04 2.83040240e-04 2.87585479e-04 2.92011428e-04 2.96309461e-04 3.00471097e-04 3.04488039e-04 3.08352195e-04 3.12055716e-04 3.15591023e-04 3.18950832e-04 3.22128181e-04 3.25116455e-04 3.27909406e-04 3.30501178e-04 3.32886317e-04 3.35059796e-04 3.37017026e-04 3.38753868e-04 3.40266646e-04 3.41552156e-04 3.42607674e-04 3.43430962e-04 3.44020276e-04 3.44374364e-04 3.44492477e-04 3.44374364e-04 3.44020276e-04 3.43430962e-04 3.42607674e-04 3.41552156e-04 3.40266646e-04 3.38753868e-04 3.37017026e-04 3.35059796e-04 3.32886317e-04 3.30501178e-04 3.27909406e-04 3.25116455e-04 3.22128181e-04 3.18950832e-04 3.15591023e-04 3.12055716e-04 3.08352195e-04 3.04488039e-04 3.00471097e-04 2.96309461e-04 2.92011428e-04 2.87585479e-04 2.83040240e-04 2.78384452e-04 2.73626935e-04 2.68776560e-04 2.63842213e-04 2.58832760e-04 2.53757020e-04 2.48623731e-04 2.43441520e-04 2.38218876e-04 2.32964122e-04 2.27685391e-04 2.22390601e-04 2.17087435e-04 2.11783322e-04 2.06485420e-04 2.01200599e-04 1.95935434e-04 1.90696187e-04 1.85488804e-04 1.80318908e-04 1.75191795e-04 1.70112430e-04 1.65085447e-04 1.60115154e-04 1.55205530e-04 1.50360235e-04 1.45582612e-04 1.40875695e-04 1.36242218e-04 1.31684623e-04 1.27205067e-04 1.22805438e-04 1.18487363e-04 1.14252215e-04 1.10101133e-04 1.06035028e-04 1.02054596e-04 9.81603301e-05 9.43525343e-05 9.06313324e-05 8.69966819e-05 8.34483843e-05 7.99860967e-05 7.66093430e-05 7.33175237e-05 7.01099269e-05 6.69857375e-05 6.39440470e-05 6.09838622e-05 5.81041141e-05 5.53036656e-05 5.25813197e-05 4.99358262e-05 4.73658891e-05 4.48701730e-05 4.24473087e-05 4.00958991e-05 3.78145248e-05 3.56017484e-05 3.34561194e-05 3.13761784e-05 2.93604609e-05 2.74075006e-05 2.55158331e-05 2.36839987e-05 2.19105450e-05 2.01940296e-05 1.85330218e-05 1.69261054e-05 1.53718798e-05 1.38689619e-05 1.24159874e-05 1.10116122e-05 9.65451315e-06 8.34338949e-06 7.07696314e-06
1.67600179e-04 1.39581893e-04 1.16686464e-04 1.18373031e-04 1.22649023e-04 1.27088266e-04 1.31610098e-04 1.36212013e-04 1.40891868e-04 1.45647228e-04 1.50475361e-04 1.55373229e-04 1.60337474e-04 1.65364417e-04 1.70450048e-04 1.75590020e-04 1.80779651e-04 1.86013917e-04 1.91287456e-04 1.96594567e-04 2.01929215e-04 2.07285038e-04 2.12655354e-04 2.18033172e-04 2.23411204e-04 2.28781882e-04 2.34137374e-04 2.39469602e-04 2.44770267e-04 2.50030870e-04 2.55242741e-04 2.60397063e-04 2.65484903e-04 2.70497246e-04 2.75425020e-04 2.80259136e-04 2.84990517e-04 2.89610133e-04 2.94109038e-04 2.98478401e-04 3.02709542e-04 3.06793963e-04 3.10723381e-04 3.14489761e-04 3.18085342e-04 3.21502668e-04 3.24734614e-04 3.27774407e-04 3.30615657e-04 3.33252368e-04 3.35678963e-04 3.37890298e-04 3.39881680e-04 3.41648877e-04 3.43188129e-04 3.44496161e-04 3.45570189e-04 3.46407925e-04 3.47007585e-04 3.47367893e-04 3.47488081e-04 3.47367893e-04 3.47007585e-04 3.46407925e-04 3.45570189e-04 3.44496161e-04 3.43188129e-04 3.41648877e-04 3.39881680e-04 3.37890298e-04 3.35678963e-04 3.33252368e-04 3.30615657e-04 3.27774407e-04 3.24734614e-04 3.21502668e-04 3.18085342e-04 3.14489761e-04 3.10723381e-04 3.06793963e-04 3.02709542e-04 2.98478401e-04 2.94109038e-04 2.89610133e-04 2.84990517e-04 2.80259136e-04 2.75425020e-04 2.70497246e-04 2.65484903e-04 2.60397063e-04 2.55242741e-04 2.50030870e-04 2.44770267e-04 2.39469602e-04 2.34137374e-04 2.28781882e-04 2.23411204e-04 2.18033172e-04 2.12655354e-04 2.07285038e-04 2.01929215e-04 1.96594567e-04 1.91287456e-04 1.86013917e-04 1.80779651e-04 1.75590020e-04 1.70450048e-04 1.65364417e-04 1.60337474e-04 1.55373229e-04 1.50475361e-04 1.45647228e-04 1.40891868e-04 1.36212013e-04 1.31610098e-04 1.27088265e-04 1.22648381e-04 1.18292047e-04 1.14020609e-04 1.09835169e-04 1.05736600e-04 1.01725558e-04 9.78024913e-05 9.39676570e-05 9.02211307e-05 8.65628193e-05 8.29924727e-05 7.95096956e-05 7.61139581e-05 7.28046071e-05 6.95808765e-05 6.64418974e-05 6.33867073e-05 6.04142597e-05 5.75234328e-05 5.47130375e-05 5.19818255e-05 4.93284964e-05 4.67517053e-05 4.42500684e-05 4.18221699e-05 3.94665674e-05 3.71817970e-05 3.49663787e-05 3.28188205e-05 3.07376229e-05 2.87212827e-05 2.67682967e-05 2.48771645e-05 2.30463919e-05 2.12744937e-05 1.95599955e-05 1.79014366e-05 1.62973716e-05 1.47463721e-05 1.32470287e-05 1.17979518e-05 1.03977731e-05 9.04514683e-06 7.73875019e-06 6.47728449e-06
1.68083063e-04 1.39494315e-04 1.16442360e-04 1.18159570e-04 1.22473656e-04 1.26953215e-04 1.31517427e-04 1.36163810e-04 1.40890233e-04 1.45694274e-04 1.50573204e-04 1.55523981e-04 1.60543236e-04 1.65627269e-04 1.70772041e-04 1.75973168e-04 1.81225920e-04 1.86525216e-04 1.91865625e-04 1.97241368e-04 2.02646321e-04 2.08074023e-04 2.13517679e-04 2.18970179e-04 2.24424103e-04 2.29871739e-04 2.35305103e-04 2.40715957e-04 2.46095829e-04 2.51436043e-04 2.56727742e-04 2.61961914e-04 2.67129430e-04 2.72221068e-04 2.77227550e-04 2.82139576e-04 2.86947857e-04 2.91643151e-04 2.96216300e-04 3.00658263e-04 3.04960154e-04 3.09113271e-04 3.13109134e-04 3.16939516e-04 3.20596473e-04 3.24072370e-04 3.27359915e-04 3.30452178e-04 3.33342615e-04 3.36025095e-04 3.38493911e-04 3.40743801e-04 3.42769966e-04 3.44568078e-04 3.46134293e-04 3.47465263e-04 3.48558142e-04 3.49410593e-04 3.50020791e-04 3.50387433e-04 3.50509734e-04 3.50387433e-04 3.50020791e-04 3.49410593e-04 3.48558142e-04 3.47465263e-04 3.46134293e-04 3.44568078e-04 3.42769966e-04 3.40743801e-04 3.38493911e-04 3.36025095e-04 3.33342615e-04 3.30452178e-04 3.27359915e-04 3.24072370e-04 3.20596473e-04 3.16939516e-04 3.13109134e-04 3.09113271e-04 3.04960154e-04 3.00658263e-04 2.96216300e-04 2.91643151e-04 2.86947857e-04 2.82139576e-04 2.77227550e-04 2.72221068e-04 2.67129430e-04 2.61961914e-04 2.56727742e-04 2.51436043e-04 2.46095829e-04 2.40715957e-04 2.35305103e-04 2.29871739e-04 2.24424103e-04 2.18970179e-04 2.13517679e-04 2.08074023e-04 2.02646321e-04 1.97241368e-04 1.91865625e-04 1.86525216e-04 1.81225920e-04 1.75973168e-04 1.70772041e-04 1.65627269e-04 1.60543236e-04 1.55523981e-04 1.50573204e-04 1.45694274e-04 1.40890233e-04 1.36163810e-04 1.31517427e-04 1.26953213e-04 1.22473013e-04 1.18078397e-04 1.13770681e-04 1.09550931e-04 1.05419979e-04 1.01378437e-04 9.74267086e-05 9.35650012e-05 8.97933399e-05 8.61115794e-05 8.25194160e-05 7.90163997e-05 7.56019456e-05 7.22753450e-05 6.90357760e-05 6.58823141e-05 6.28139417e-05 5.98295573e-05 5.69279851e-05 5.41079825e-05 5.13682490e-05 4.87074329e-05 4.61241388e-05 4.36169344e-05 4.11843558e-05 3.88249145e-05 3.65371017e-05 3.43193936e-05 3.21702565e-05 3.00881500e-05 2.80715320e-05 2.61188612e-05 2.42286013e-05 2.23992233e-05 2.06292083e-05 1.89170503e-05 1.72612578e-05 1.56603561e-05 1.41128891e-05 1.26174206e-05 1.11725356e-05 9.77684167e-06 8.42897000e-06 7.12757599e-06 5.87134018e-06
1.68556470e-04 1.39384332e-04 1.16179073e-04 1.17927430e-04 1.22279638e-04 1.26799563e-04 1.31406249e-04 1.36097234e-04 1.40870407e-04 1.45723359e-04 1.50653365e-04 1.55657381e-04 1.60732027e-04 1.65873586e-04 1.71077990e-04 1.76340818e-04 1.81657294e-04 1.87022279e-04 1.92430274e-04 1.97875422e-04 2.03351508e-04 2.08851971e-04 2.14369904e-04 2.19898074e-04 2.25428925e-04 2.30954603e-04 2.36466967e-04 2.41957614e-04 2.47417899e-04 2.52838962e-04 2.58211754e-04 2.63527067e-04 2.68775568e-04 2.73947824e-04 2.79034346e-04 2.84025617e-04 2.88912131e-04 2.93684428e-04 2.98333133e-04 3.02848990e-04 3.07222899e-04 3.11445952e-04 3.15509466e-04 3.19405017e-04 3.23124471e-04 3.26660014e-04 3.30004181e-04 3.33149878e-04 3.36090411e-04 3.38819504e-04 3.41331320e-04 3.43620478e-04 3.45682068e-04 3.47511665e-04 3.49105341e-04 3.50459672e-04 3.51571750e-04 3.52439186e-04 3.53060117e-04 3.53433210e-04 3.53557663e-04 3.53433210e-04 3.53060117e-04 3.52439186e-04 3.51571750e-04 3.50459672e-04 3.49105341e-04 3.47511665e-04 3.45682068e-04 3.43620478e-04 3.41331320e-04 3.38819504e-04 3.36090411e-04 3.33149878e-04 3.30004181e-04 3.26660014e-04 3.23124471e-04 3.19405017e-04 3.15509466e-04 3.11445952e-04 3.07222899e-04 3.02848990e-04 2.98333133e-04 2.93684428e-04 2.88912131e-04 2.84025617e-04 2.79034346e-04 2.73947824e-04 2.68775568e-04 2.63527067e-04 2.58211754e-04 2.52838962e-04 2.47417899e-04 2.41957614e-04 2.36466967e-04 2.30954603e-04 2.25428925e-04 2.19898074e-04 2.14369904e-04 2.08851971e-04 2.03351508e-04 1.97875422e-04 1.92430274e-04 1.87022279e-04 1.81657294e-04 1.76340818e-04 1.71077990e-04 1.65873586e-04 1.60732027e-04 1.55657381e-04 1.50653365e-04 1.45723359e-04 1.40870407e-04 1.36097234e-04 1.31406249e-04 1.26799562e-04 1.22278993e-04 1.17846085e-04 1.13502116e-04 1.09248116e-04 1.05084875e-04 1.01012957e-04 9.70327194e-05 9.31443176e-05 8.93477244e-05 8.56427399e-05 8.20290051e-05 7.85060135e-05 7.50731230e-05 7.17295677e-05 6.84744684e-05 6.53068432e-05 6.22256176e-05 5.92296342e-05 5.63176615e-05 5.34884024e-05 5.07405027e-05 4.80725583e-05 4.54831227e-05 4.29707134e-05 4.05338182e-05 3.81709012e-05 3.58804080e-05 3.36607707e-05 3.15104126e-05 2.94277524e-05 2.74112081e-05 2.54592004e-05 2.35701562e-05 2.17425113e-05 1.99747133e-05 1.82652236e-05 1.66125201e-05 1.50150986e-05 1.34714749e-05 1.19801858e-05 1.05397909e-05 9.14887361e-06 7.80604189e-06 6.50992929e-06 5.25919553e-06
1.69020155e-04 1.39251384e-04 1.15896268e-04 1.17676281e-04 1.22066626e-04 1.26626956e-04 1.31276196e-04 1.36011909e-04 1.40832004e-04 1.45734086e-04 1.50715438e-04 1.55773015e-04 1.60903429e-04 1.66102944e-04 1.71367467e-04 1.76692541e-04 1.82073343e-04 1.87504676e-04 1.92980976e-04 1.98496304e-04 2.04044357e-04 2.09618471e-04 2.15211626e-04 2.20816463e-04 2.26425291e-04 2.32030108e-04 2.37622615e-04 2.43194240e-04 2.48736161e-04 2.54239329e-04 2.59694502e-04 2.65092268e-04 2.70423084e-04 2.75677306e-04 2.80845224e-04 2.85917100e-04 2.90883205e-04 2.95733855e-04 3.00459453e-04 3.05050522e-04 3.09497743e-04 3.13791996e-04 3.17924389e-04 3.21886297e-04 3.25669393e-04 3.29265677e-04 3.32667507e-04 3.35867623e-04 3.38859175e-04 3.41635742e-04 3.44191352e-04 3.46520502e-04 3.48618171e-04 3.50479835e-04 3.52101477e-04 3.53479600e-04 3.54611230e-04 3.55493928e-04 3.56125788e-04 3.56505450e-04 3.56632095e-04 3.56505450e-04 3.56125788e-04 3.55493928e-04 3.54611230e-04 3.53479600e-04 3.52101477e-04 3.50479835e-04 3.48618171e-04 3.46520502e-04 3.44191352e-04 3.41635742e-04 3.38859175e-04 3.35867623e-04 3.32667507e-04 3.29265677e-04 3.25669393e-04 3.21886297e-04 3.17924389e-04 3.13791996e-04 3.09497743e-04 3.05050522e-04 3.00459453e-04 2.95733855e-04 2.90883205e-04 2.85917100e-04 2.80845224e-04 2.75677306e-04 2.70423084e-04 2.65092268e-04 2.59694502e-04 2.54239329e-04 2.48736161e-04 2.43194240e-04 2.37622615e-04 2.32030108e-04 2.26425291e-04 2.20816463e-04 2.15211626e-04 2.09618471e-04 2.04044357e-04 1.98496304e-04 1.92980976e-04 1.87504676e-04 1.82073343e-04 1.76692541e-04 1.71367467e-04 1.66102944e-04 1.60903429e-04 1.55773015e-04 1.50715438e-04 1.45734086e-04 1.40832004e-04 1.36011909e-04 1.31276196e-04 1.26626955e-04 1.22065979e-04 1.17594779e-04 1.13214597e-04 1.08926421e-04 1.04730997e-04 1.00628842e-04 9.66202608e-05 9.27053573e-05 8.88840490e-05 8.51560797e-05 8.15210327e-05 7.79783429e-05 7.45273097e-05 7.11671078e-05 6.78967989e-05 6.47153424e-05 6.16216054e-05 5.86143727e-05 5.56923560e-05 5.28542023e-05 5.00985026e-05 4.74237993e-05 4.48285935e-05 4.23113519e-05 3.98705127e-05 3.75044921e-05 3.52116892e-05 3.29904912e-05 3.08392780e-05 2.87564267e-05 2.67403148e-05 2.47893247e-05 2.29018459e-05 2.10762789e-05 1.93110370e-05 1.76045493e-05 1.59552625e-05 1.43616427e-05 1.28221773e-05 1.13353764e-05 9.89977381e-06 8.51392855e-06 7.17642548e-06 5.88587616e-06 4.64091953e-06
1.69473872e-04 1.39094902e-04 1.15593610e-04 1.17405790e-04 1.21834274e-04 1.26435037e-04 1.31126900e-04 1.35907454e-04 1.40774632e-04 1.45726055e-04 1.50759014e-04 1.55870466e-04 1.61057016e-04 1.66314913e-04 1.71640038e-04 1.77027900e-04 1.82473627e-04 1.87971970e-04 1.93517294e-04 1.99103583e-04 2.04724442e-04 2.10373103e-04 2.16042434e-04 2.21724946e-04 2.27412812e-04 2.33097879e-04 2.38771687e-04 2.44425492e-04 2.50050289e-04 2.55636841e-04 2.61175702e-04 2.66657255e-04 2.72071742e-04 2.77409300e-04 2.82659994e-04 2.87813860e-04 2.92860939e-04 2.97791319e-04 3.02595172e-04 3.07262796e-04 3.11784648e-04 3.16151388e-04 3.20353913e-04 3.24383391e-04 3.28231295e-04 3.31889435e-04 3.35349989e-04 3.38605528e-04 3.41649040e-04 3.44473956e-04 3.47074168e-04 3.49444048e-04 3.51578461e-04 3.53472783e-04 3.55122908e-04 3.56525260e-04 3.57676803e-04 3.58575042e-04 3.59218033e-04 3.59604385e-04 3.59733262e-04 3.59604385e-04 3.59218033e-04 3.58575042e-04 3.57676803e-04 3.56525260e-04 3.55122908e-04 3.53472783e-04 3.51578461e-04 3.49444048e-04 3.47074168e-04 3.44473956e-04 3.41649040e-04 3.38605528e-04 3.35349989e-04 3.31889435e-04 3.28231295e-04 3.24383391e-04 3.20353913e-04 3.16151388e-04 3.11784648e-04 3.07262796e-04 3.02595172e-04 2.97791319e-04 2.92860939e-04 2.87813860e-04 2.82659994e-04 2.77409300e-04 2.72071742e-04 2.66657255e-04 2.61175702e-04 2.55636841e-04 2.50050289e-04 2.44425492e-04 2.38771687e-04 2.33097879e-04 2.27412812e-04 2.21724946e-04 2.16042434e-04 2.10373103e-04 2.04724442e-04 1.99103583e-04 1.93517294e-04 1.87971970e-04 1.82473627e-04 1.77027900e-04 1.71640038e-04 1.66314913e-04 1.61057016e-04 1.55870466e-04 1.50759014e-04 1.45726055e-04 1.40774632e-04 1.35907454e-04 1.31126900e-04 1.26435035e-04 1.21833626e-04 1.17324148e-04 1.12907805e-04 1.08585541e-04 1.04358055e-04 1.00225814e-04 9.61890700e-05 9.22478719e-05 8.84020796e-05 8.46513787e-05 8.09952925e-05 7.74331959e-05 7.39643272e-05 7.05878001e-05 6.73026157e-05 6.41076726e-05 6.10017783e-05 5.79836582e-05 5.50519657e-05 5.22052908e-05 4.94421684e-05 4.67610861e-05 4.41604918e-05 4.16388001e-05 3.91943990e-05 3.68256559e-05 3.45309226e-05 3.23085407e-05 3.01568463e-05 2.80741737e-05 2.60588602e-05 2.41092487e-05 2.22236915e-05 2.04005529e-05 1.86382122e-05 1.69350654e-05 1.52895279e-05 1.37000360e-05 1.21650486e-05 1.06830486e-05 9.25254425e-06 7.87207002e-06 6.54018757e-06 5.25548648e-06 4.01658484e-06
1.69917369e-04 1.38914306e-04 1.15270759e-04 1.17115622e-04 1.21582235e-04 1.26223443e-04 1.30957986e-04 1.35783484e-04 1.40697895e-04 1.45698857e-04 1.50783676e-04 1.55949310e-04 1.61192359e-04 1.66509057e-04 1.71895262e-04 1.77346449e-04 1.82857703e-04 1.88423715e-04 1.94038786e-04 1.99696818e-04 2.05391326e-04 2.11115439e-04 2.16861907e-04 2.22623114e-04 2.28391091e-04 2.34157533e-04 2.39913815e-04 2.45651019e-04 2.51359953e-04 2.57031184e-04 2.62655063e-04 2.68221760e-04 2.73721297e-04 2.79143585e-04 2.84478461e-04 2.89715727e-04 2.94845190e-04 2.99856702e-04 3.04740199e-04 3.09485747e-04 3.14083574e-04 3.18524115e-04 3.22798049e-04 3.26896330e-04 3.30810230e-04 3.34531364e-04 3.38051723e-04 3.41363706e-04 3.44460137e-04 3.47334295e-04 3.49979933e-04 3.52391294e-04 3.54563128e-04 3.56490709e-04 3.58169840e-04 3.59596868e-04 3.60768688e-04 3.61682755e-04 3.62337081e-04 3.62730246e-04 3.62861395e-04 3.62730246e-04 3.62337081e-04 3.61682755e-04 3.60768688e-04 3.59596868e-04 3.58169840e-04 3.56490709e-04 3.54563128e-04 3.52391294e-04 3.49979933e-04 3.47334295e-04 3.44460137e-04 3.41363706e-04 3.38051723e-04 3.34531364e-04 3.30810230e-04 3.26896330e-04 3.22798049e-04 3.18524115e-04 3.14083574e-04 3.09485747e-04 3.04740199e-04 2.99856702e-04 2.94845190e-04 2.89715727e-04 2.84478461e-04 2.79143585e-04 2.73721297e-04 2.68221760e-04 2.62655063e-04 2.57031184e-04 2.51359953e-04 2.45651019e-04 2.39913815e-04 2.34157533e-04 2.28391091e-04 2.22623114e-04 2.16861907e-04 2.11115439e-04 2.05391326e-04 1.99696818e-04 1.94038786e-04 1.88423715e-04 1.82857703e-04 1.77346449e-04 1.71895262e-04 1.66509057e-04 1.61192359e-04 1.55949310e-04 1.50783676e-04 1.45698857e-04 1.40697895e-04 1.35783484e-04 1.30957986e-04 1.26223442e-04 1.21581586e-04 1.17033857e-04 1.12581419e-04 1.08225168e-04 1.03965756e-04 9.98035957e-05 9.57388845e-05 9.17716132e-05 8.79015828e-05 8.41284179e-05 8.04515802e-05 7.68703820e-05 7.33839989e-05 6.99914819e-05 6.66917693e-05 6.34836976e-05 6.03660126e-05 5.73373793e-05 5.43963914e-05 5.15415802e-05 4.87714234e-05 4.60843529e-05 4.34787619e-05 4.09530125e-05 3.85054412e-05 3.61343657e-05 3.38380900e-05 3.16149093e-05 2.94631151e-05 2.73809988e-05 2.53668565e-05 2.34189915e-05 2.15357183e-05 1.97153649e-05 1.79562758e-05 1.62568141e-05 1.46153635e-05 1.30303303e-05 1.15001447e-05 1.00232626e-05 8.59816618e-06 7.22336547e-06 5.89739886e-06 4.61883392e-06 3.38626789e-06
1.70350395e-04 1.38709008e-04 1.14927375e-04 1.16805440e-04 1.21310159e-04 1.25991812e-04 1.30769078e-04 1.35639609e-04 1.40601391e-04 1.45652084e-04 1.50789004e-04 1.56009116e-04 1.61309019e-04 1.66684932e-04 1.72132691e-04 1.77647738e-04 1.83225114e-04 1.88859457e-04 1.94544996e-04 2.00275559e-04 2.06044565e-04 2.11845040e-04 2.17669616e-04 2.23510546e-04 2.29359720e-04 2.35208676e-04 2.41048622e-04 2.46870461e-04 2.52664811e-04 2.58422039e-04 2.64132287e-04 2.69785507e-04 2.75371496e-04 2.80879935e-04 2.86300425e-04 2.91622528e-04 2.96835811e-04 3.01929882e-04 3.06894439e-04 3.11719306e-04 3.16394479e-04 3.20910160e-04 3.25256803e-04 3.29425147e-04 3.33406254e-04 3.37191539e-04 3.40772807e-04 3.44142274e-04 3.47292600e-04 3.50216909e-04 3.52908810e-04 3.55362416e-04 3.57572362e-04 3.59533814e-04 3.61242485e-04 3.62694640e-04 3.63887111e-04 3.64817295e-04 3.65483164e-04 3.65883266e-04 3.66016730e-04 3.65883266e-04 3.65483164e-04 3.64817295e-04 3.63887111e-04 3.62694640e-04 3.61242485e-04 3.59533814e-04 3.57572362e-04 3.55362416e-04 3.52908810e-04 3.50216909e-04 3.47292600e-04 3.44142274e-04 3.40772807e-04 3.37191539e-04 3.33406254e-04 3.29425147e-04 3.25256803e-04 3.20910160e-04 3.16394479e-04 3.11719306e-04 3.06894439e-04 3.01929882e-04 2.96835811e-04 2.91622528e-04 2.86300425e-04 2.80879935e-04 2.75371496e-04 2.69785507e-04 2.64132287e-04 2.58422039e-04 2.52664811e-04 2.46870461e-04 2.41048622e-04 2.35208676e-04 2.29359720e-04 2.23510546e-04 2.17669616e-04 2.11845040e-04 2.06044565e-04 2.00275559e-04 1.94544996e-04 1.88859457e-04 1.83225114e-04 1.77647738e-04 1.72132691e-04 1.66684932e-04 1.61309019e-04 1.56009116e-04 1.50789004e-04 1.45652084e-04 1.40601391e-04 1.35639609e-04 1.30769078e-04 1.25991811e-04 1.21309508e-04 1.16723571e-04 1.12235117e-04 1.07844997e-04 1.03553808e-04 9.93619103e-05 9.52694419e-05 9.12763342e-05 8.73823264e-05 8.35869800e-05 7.98896930e-05 7.62897131e-05 7.27861511e-05 6.93779932e-05 6.60641133e-05 6.28432841e-05 5.97141883e-05 5.66754285e-05 5.37255374e-05 5.08629866e-05 4.80861951e-05 4.53935379e-05 4.27833527e-05 4.02539477e-05 3.78036074e-05 3.54305989e-05 3.31331774e-05 3.09095913e-05 2.87580867e-05 2.66769117e-05 2.46643205e-05 2.27185766e-05 2.08379560e-05 1.90207504e-05 1.72652691e-05 1.55698419e-05 1.39328207e-05 1.23525817e-05 1.08275262e-05 9.35608274e-06 7.93670766e-06 6.56788637e-06 5.24813399e-06 3.97599603e-06 2.75004891e-06
1.70772694e-04 1.38478406e-04 1.14563116e-04 1.16474906e-04 1.21017693e-04 1.25739777e-04 1.30559796e-04 1.35475437e-04 1.40484717e-04 1.45585317e-04 1.50774571e-04 1.56049451e-04 1.61406553e-04 1.66842087e-04 1.72351869e-04 1.77931307e-04 1.83575401e-04 1.89278732e-04 1.95035466e-04 2.00839347e-04 2.06683705e-04 2.12561459e-04 2.18465121e-04 2.24386815e-04 2.30318283e-04 2.36250906e-04 2.42175721e-04 2.48083449e-04 2.53964513e-04 2.59809077e-04 2.65607067e-04 2.71348213e-04 2.77022083e-04 2.82618118e-04 2.88125679e-04 2.93534083e-04 2.98832647e-04 3.04010734e-04 3.09057793e-04 3.13963403e-04 3.18717317e-04 3.23309502e-04 3.27730182e-04 3.31969872e-04 3.36019420e-04 3.39870038e-04 3.43513336e-04 3.46941348e-04 3.50146564e-04 3.53121948e-04 3.55860965e-04 3.58357596e-04 3.60606354e-04 3.62602300e-04 3.64341052e-04 3.65818797e-04 3.67032296e-04 3.67978893e-04 3.68656515e-04 3.69063682e-04 3.69199503e-04 3.69063682e-04 3.68656515e-04 3.67978893e-04 3.67032296e-04 3.65818797e-04 3.64341052e-04 3.62602300e-04 3.60606354e-04 3.58357596e-04 3.55860965e-04 3.53121948e-04 3.50146564e-04 3.46941348e-04 3.43513336e-04 3.39870038e-04 3.36019420e-04 3.31969872e-04 3.27730182e-04 3.23309502e-04 3.18717317e-04 3.13963403e-04 3.09057793e-04 3.04010734e-04 2.98832647e-04 2.93534083e-04 2.88125679e-04 2.82618118e-04 2.77022083e-04 2.71348213e-04 2.65607067e-04 2.59809077e-04 2.53964513e-04 2.48083449e-04 2.42175721e-04 2.36250906e-04 2.30318283e-04 2.24386815e-04 2.18465121e-04 2.12561459e-04 2.06683705e-04 2.00839347e-04 1.95035466e-04 1.89278732e-04 1.83575401e-04 1.77931307e-04 1.72351869e-04 1.66842087e-04 1.61406553e-04 1.56049451e-04 1.50774571e-04 1.45585317e-04 1.40484717e-04 1.35475437e-04 1.30559796e-04 1.25739776e-04 1.21017041e-04 1.16392951e-04 1.11868577e-04 1.07444719e-04 1.03121919e-04 9.89004804e-05 9.47804805e-05 9.07617885e-05 8.68440793e-05 8.30268493e-05 7.93094303e-05 7.56910032e-05 7.21706122e-05 6.87471768e-05 6.54195045e-05 6.21863024e-05 5.90461885e-05 5.59977017e-05 5.30393121e-05 5.01694301e-05 4.73864150e-05 4.46885836e-05 4.20742172e-05 3.95415690e-05 3.70888704e-05 3.47143374e-05 3.24161756e-05 3.01925857e-05 2.80417680e-05 2.59619267e-05 2.39512737e-05 2.20080320e-05 2.01304392e-05 1.83167498e-05 1.65652379e-05 1.48741999e-05 1.32419556e-05 1.16668506e-05 1.01472576e-05 8.68157759e-06 7.26824090e-06 5.90570829e-06 4.59247159e-06 3.32705428e-06 2.10801196e-06
1.71184007e-04 1.38221891e-04 1.14177641e-04 1.16123680e-04 1.20704482e-04 1.25466968e-04 1.30329756e-04 1.35290571e-04 1.40347462e-04 1.45498136e-04 1.50739945e-04 1.56069871e-04 1.61484511e-04 1.66980066e-04 1.72552332e-04 1.78196688e-04 1.83908091e-04 1.89681070e-04 1.95509723e-04 2.01387715e-04 2.07308283e-04 2.13264238e-04 2.19247976e-04 2.25251483e-04 2.31266355e-04 2.37283811e-04 2.43294718e-04 2.49289605e-04 2.55258703e-04 2.61191961e-04 2.67079089e-04 2.72909589e-04 2.78672790e-04 2.84357893e-04 2.89954010e-04 2.95450205e-04 3.00835542e-04 3.06099129e-04 3.11230161e-04 3.16217964e-04 3.21052043e-04 3.25722123e-04 3.30218191e-04 3.34530535e-04 3.38649783e-04 3.42566937e-04 3.46273408e-04 3.49761046e-04 3.53022164e-04 3.56049566e-04 3.58836568e-04 3.61377015e-04 3.63665299e-04 3.65696372e-04 3.67465757e-04 3.68969560e-04 3.70204472e-04 3.71167781e-04 3.71857371e-04 3.72271731e-04 3.72409952e-04 3.72271731e-04 3.71857371e-04 3.71167781e-04 3.70204472e-04 3.68969560e-04 3.67465757e-04 3.65696372e-04 3.63665299e-04 3.61377015e-04 3.58836568e-04 3.56049566e-04 3.53022164e-04 3.49761046e-04 3.46273408e-04 3.42566937e-04 3.38649783e-04 3.34530535e-04 3.30218191e-04 3.25722123e-04 3.21052043e-04 3.16217964e-04 3.11230161e-04 3.06099129e-04 3.00835542e-04 2.95450205e-04 2.89954010e-04 2.84357893e-04 2.78672790e-04 2.72909589e-04 2.67079089e-04 2.61191961e-04 2.55258703e-04 2.49289605e-04 2.43294718e-04 2.37283811e-04 2.31266355e-04 2.25251483e-04 2.19247976e-04 2.13264238e-04 2.07308283e-04 2.01387715e-04 1.95509723e-04 1.89681070e-04 1.83908091e-04 1.78196688e-04 1.72552332e-04 1.66980066e-04 1.61484511e-04 1.56069871e-04 1.50739945e-04 1.45498136e-04 1.40347462e-04 1.35290571e-04 1.30329756e-04 1.25466967e-04 1.20703829e-04 1.16041657e-04 1.11481474e-04 1.07024025e-04 1.02669796e-04 9.84190290e-05 9.42717393e-05 9.02277308e-05 8.62866121e-05 8.24478119e-05 7.87105934e-05 7.50740690e-05 7.15372136e-05 6.80988784e-05 6.47578026e-05 6.15126261e-05 5.83619003e-05 5.53040988e-05 5.23376277e-05 4.94608349e-05 4.66720189e-05 4.39694370e-05 4.13513128e-05 3.88158438e-05 3.63612076e-05 3.39855677e-05 3.16870797e-05 2.94638961e-05 2.73141706e-05 2.52360628e-05 2.32277421e-05 2.12873906e-05 1.94132068e-05 1.76034079e-05 1.58562328e-05 1.41699436e-05 1.25428284e-05 1.09732019e-05 9.45940801e-06 7.99982001e-06 6.59284228e-06 5.23691091e-06 3.93049439e-06 2.67209416e-06 1.46024504e-06
1.71584075e-04 1.37938840e-04 1.13770604e-04 1.15751419e-04 1.20370170e-04 1.25173015e-04 1.30078573e-04 1.35084611e-04 1.40189213e-04 1.45390115e-04 1.50684690e-04 1.56069930e-04 1.61542436e-04 1.67098404e-04 1.72733610e-04 1.78443406e-04 1.84222708e-04 1.90065991e-04 1.95967288e-04 2.01920185e-04 2.07917825e-04 2.13952912e-04 2.20017720e-04 2.26104101e-04 2.32203499e-04 2.38306972e-04 2.44405206e-04 2.50488544e-04 2.56547011e-04 2.62570346e-04 2.68548031e-04 2.74469335e-04 2.80323346e-04 2.86099015e-04 2.91785199e-04 2.97370704e-04 3.02844334e-04 3.08194933e-04 3.13411435e-04 3.18482910e-04 3.23398606e-04 3.28148000e-04 3.32720835e-04 3.37107166e-04 3.41297395e-04 3.45282311e-04 3.49053122e-04 3.52601485e-04 3.55919537e-04 3.58999916e-04 3.61835786e-04 3.64420855e-04 3.66749391e-04 3.68816235e-04 3.70616815e-04 3.72147152e-04 3.73403868e-04 3.74384193e-04 3.75085970e-04 3.75507654e-04 3.75648318e-04 3.75507654e-04 3.75085970e-04 3.74384193e-04 3.73403868e-04 3.72147152e-04 3.70616815e-04 3.68816235e-04 3.66749391e-04 3.64420855e-04 3.61835786e-04 3.58999916e-04 3.55919537e-04 3.52601485e-04 3.49053122e-04 3.45282311e-04 3.41297395e-04 3.37107166e-04 3.32720835e-04 3.28148000e-04 3.23398606e-04 3.18482910e-04 3.13411435e-04 3.08194933e-04 3.02844334e-04 2.97370704e-04 2.91785199e-04 2.86099015e-04 2.80323346e-04 2.74469335e-04 2.68548031e-04 2.62570346e-04 2.56547011e-04 2.50488544e-04 2.44405206e-04 2.38306972e-04 2.32203499e-04 2.26104101e-04 2.20017720e-04 2.13952912e-04 2.07917825e-04 2.01920185e-04 1.95967288e-04 1.90065991e-04 1.84222708e-04 1.78443406e-04 1.72733610e-04 1.67098404e-04 1.61542436e-04 1.56069930e-04 1.50684690e-04 1.45390115e-04 1.40189213e-04 1.35084611e-04 1.30078573e-04 1.25173014e-04 1.20369516e-04 1.15669349e-04 1.11073483e-04 1.06582606e-04 1.02197145e-04 9.79172795e-05 9.37429578e-05 8.96739171e-05 8.57096969e-05 8.18496557e-05 7.80929861e-05 7.44387294e-05 7.08857896e-05 6.74329471e-05 6.40788712e-05 6.08221325e-05 5.76612143e-05 5.45945235e-05 5.16204007e-05 4.87371299e-05 4.59429472e-05 4.32360494e-05 4.06146017e-05 3.80767447e-05 3.56206009e-05 3.32442812e-05 3.09458902e-05 2.87235311e-05 2.65753109e-05 2.44993441e-05 2.24937567e-05 2.05566899e-05 1.86863025e-05 1.68807745e-05 1.51383086e-05 1.34571333e-05 1.18355040e-05 1.02717050e-05 8.76405074e-06 7.31088717e-06 5.91059251e-06 4.56157812e-06 3.26228918e-06 2.01120514e-06 8.06840059e-07
1.71972633e-04 1.37628624e-04 1.13341661e-04 1.15357781e-04 1.20014398e-04 1.24857542e-04 1.29805857e-04 1.34857153e-04 1.40009553e-04 1.45260824e-04 1.50608361e-04 1.56049173e-04 1.61579866e-04 1.67196629e-04 1.72895225e-04 1.78670978e-04 1.84518764e-04 1.90433007e-04 1.96407674e-04 2.02436272e-04 2.08511850e-04 2.14627005e-04 2.20773887e-04 2.26944211e-04 2.33129271e-04 2.39319955e-04 2.45506772e-04 2.51679868e-04 2.57829064e-04 2.63943877e-04 2.70013562e-04 2.76027147e-04 2.81973472e-04 2.87841231e-04 2.93619022e-04 2.99295385e-04 3.04858855e-04 3.10298008e-04 3.15601509e-04 3.20758162e-04 3.25756955e-04 3.30587108e-04 3.35238116e-04 3.39699793e-04 3.43962311e-04 3.48016238e-04 3.51852576e-04 3.55462785e-04 3.58838821e-04 3.61973153e-04 3.64858791e-04 3.67489302e-04 3.69858828e-04 3.71962099e-04 3.73794443e-04 3.75351798e-04 3.76630715e-04 3.77628367e-04 3.78342551e-04 3.78771692e-04 3.78914844e-04 3.78771692e-04 3.78342551e-04 3.77628367e-04 3.76630715e-04 3.75351798e-04 3.73794443e-04 3.71962099e-04 3.69858828e-04 3.67489302e-04 3.64858791e-04 3.61973153e-04 3.58838821e-04 3.55462785e-04 3.51852576e-04 3.48016238e-04 3.43962311e-04 3.39699793e-04 3.35238116e-04 3.30587108e-04 3.25756955e-04 3.20758162e-04 3.15601509e-04 3.10298008e-04 3.04858855e-04 2.99295385e-04 2.93619022e-04 2.87841231e-04 2.81973472e-04 2.76027147e-04 2.70013562e-04 2.63943877e-04 2.57829064e-04 2.51679868e-04 2.45506772e-04 2.39319955e-04 2.33129271e-04 2.26944211e-04 2.20773887e-04 2.14627005e-04 2.08511850e-04 2.02436272e-04 1.96407674e-04 1.90433007e-04 1.84518764e-04 1.78670978e-04 1.72895225e-04 1.67196629e-04 1.61579866e-04 1.56049173e-04 1.50608361e-04 1.45260824e-04 1.40009553e-04 1.34857153e-04 1.29805857e-04 1.24857540e-04 1.20013744e-04 1.15275684e-04 1.10644277e-04 1.06120153e-04 1.01703675e-04 9.73949558e-05 9.31938769e-05 8.91001049e-05 8.51131076e-05 8.12321711e-05 7.74564148e-05 7.37848067e-05 7.02161776e-05 6.67492353e-05 6.33825772e-05 6.01147028e-05 5.69440256e-05 5.38688841e-05 5.08875520e-05 4.79982479e-05 4.51991446e-05 4.24883772e-05 3.98640509e-05 3.73242488e-05 3.48670375e-05 3.24904743e-05 3.01926119e-05 2.79715042e-05 2.58252103e-05 2.37517992e-05 2.17493534e-05 1.98159723e-05 1.79497751e-05 1.61489038e-05 1.44115254e-05 1.27358338e-05 1.11200520e-05 9.56243358e-06 8.06126374e-06 6.61486071e-06 5.22157659e-06 3.87979804e-06 2.58794695e-06 1.34448079e-06 1.47892930e-07
1.72349416e-04 1.37290598e-04 1.12890466e-04 1.14942422e-04 1.19636806e-04 1.24520173e-04 1.29511215e-04 1.34607789e-04 1.39808060e-04 1.45109827e-04 1.50510513e-04 1.56007143e-04 1.61596331e-04 1.67274264e-04 1.73036692e-04 1.78878912e-04 1.84795764e-04 1.90781620e-04 1.96830382e-04 2.02935479e-04 2.09089865e-04 2.15286030e-04 2.21515999e-04 2.27771347e-04 2.34043214e-04 2.40322321e-04 2.46598991e-04 2.52863173e-04 2.59104474e-04 2.65312191e-04 2.71475342e-04 2.77582710e-04 2.83622878e-04 2.89584282e-04 2.95455248e-04 3.01224045e-04 3.06878933e-04 3.12408211e-04 3.17800269e-04 3.23043638e-04 3.28127037e-04 3.33039423e-04 3.37770037e-04 3.42308445e-04 3.46644583e-04 3.50768795e-04 3.54671869e-04 3.58345066e-04 3.61780155e-04 3.64969434e-04 3.67905755e-04 3.70582542e-04 3.72993809e-04 3.75134172e-04 3.76998861e-04 3.78583725e-04 3.79885247e-04 3.80900540e-04 3.81627357e-04 3.82064090e-04 3.82209775e-04 3.82064090e-04 3.81627357e-04 3.80900540e-04 3.79885247e-04 3.78583725e-04 3.76998861e-04 3.75134172e-04 3.72993809e-04 3.70582542e-04 3.67905755e-04 3.64969434e-04 3.61780155e-04 3.58345066e-04 3.54671869e-04 3.50768795e-04 3.46644583e-04 3.42308445e-04 3.37770037e-04 3.33039423e-04 3.28127037e-04 3.23043638e-04 3.17800269e-04 3.12408211e-04 3.06878933e-04 3.01224045e-04 2.95455248e-04 2.89584282e-04 2.83622878e-04 2.77582710e-04 2.71475342e-04 2.65312191e-04 2.59104474e-04 2.52863173e-04 2.46598991e-04 2.40322321e-04 2.34043214e-04 2.27771347e-04 2.21515999e-04 2.15286030e-04 2.09089865e-04 2.02935479e-04 1.96830382e-04 1.90781620e-04 1.84795764e-04 1.78878912e-04 1.73036692e-04 1.67274264e-04 1.61596331e-04 1.56007143e-04 1.50510513e-04 1.45109827e-04 1.39808060e-04 1.34607789e-04 1.29511215e-04 1.24520171e-04 1.19636151e-04 1.14860318e-04 1.10193531e-04 1.05636356e-04 1.01189092e-04 9.68517826e-05 9.26242385e-05 8.85060531e-05 8.44966202e-05 8.05951507e-05 7.68006884e-05 7.31121257e-05 6.95282183e-05 6.60475991e-05 6.26687914e-05 5.93902222e-05 5.62102333e-05 5.31270931e-05 5.01390070e-05 4.72441270e-05 4.44405610e-05 4.17263812e-05 3.90996324e-05 3.65583384e-05 3.41005095e-05 3.17241484e-05 2.94272554e-05 2.72078340e-05 2.50638954e-05 2.29934622e-05 2.09945731e-05 1.90652854e-05 1.72036782e-05 1.54078554e-05 1.36759477e-05 1.20061147e-05 1.03965467e-05 8.84546633e-06 7.35112949e-06 5.91182672e-06 4.52588394e-06 3.19166314e-06 1.90756291e-06 6.72018817e-07 -5.16496402e-07
1.72714156e-04 1.36924111e-04 1.12416671e-04 1.14504995e-04 1.19237031e-04 1.24160528e-04 1.29194252e-04 1.34336109e-04 1.39584307e-04 1.44936684e-04 1.50390691e-04 1.55943373e-04 1.61591355e-04 1.67330824e-04 1.73157517e-04 1.79066710e-04 1.85053204e-04 1.91111324e-04 1.97234906e-04 2.03417301e-04 2.09651370e-04 2.15929491e-04 2.22243566e-04 2.28585030e-04 2.34944865e-04 2.41313619e-04 2.47681428e-04 2.54038041e-04 2.60372848e-04 2.66674917e-04 2.72933024e-04 2.79135701e-04 2.85271272e-04 2.91327901e-04 2.97293640e-04 3.03156477e-04 3.08904391e-04 3.14525395e-04 3.20007599e-04 3.25339250e-04 3.30508794e-04 3.35504917e-04 3.40316597e-04 3.44933149e-04 3.49344265e-04 3.53540059e-04 3.57511101e-04 3.61248449e-04 3.64743680e-04 3.67988917e-04 3.70976852e-04 3.73700765e-04 3.76154537e-04 3.78332669e-04 3.80230290e-04 3.81843164e-04 3.83167700e-04 3.84200954e-04 3.84940631e-04 3.85385094e-04 3.85533358e-04 3.85385094e-04 3.84940631e-04 3.84200954e-04 3.83167700e-04 3.81843164e-04 3.80230290e-04 3.78332669e-04 3.76154537e-04 3.73700765e-04 3.70976852e-04 3.67988917e-04 3.64743680e-04 3.61248449e-04 3.57511101e-04 3.53540059e-04 3.49344265e-04 3.44933149e-04 3.40316597e-04 3.35504917e-04 3.30508794e-04 3.25339250e-04 3.20007599e-04 3.14525395e-04 3.08904391e-04 3.03156477e-04 2.97293640e-04 2.91327901e-04 2.85271272e-04 2.79135701e-04 2.72933024e-04 2.66674917e-04 2.60372848e-04 2.54038041e-04 2.47681428e-04 2.41313619e-04 2.34944865e-04 2.28585030e-04 2.22243566e-04 2.15929491e-04 2.09651370e-04 2.03417301e-04 1.97234906e-04 1.91111324e-04 1.85053204e-04 1.79066710e-04 1.73157517e-04 1.67330824e-04 1.61591355e-04 1.55943373e-04 1.50390691e-04 1.44936684e-04 1.39584307e-04 1.34336109e-04 1.29194252e-04 1.24160527e-04 1.19236375e-04 1.14422906e-04 1.09720915e-04 1.05130905e-04 1.00653104e-04 9.62874857e-05 9.20337860e-05 8.78915227e-05 8.38600128e-05 7.99383896e-05 7.61256188e-05 7.24205149e-05 6.88217561e-05 6.53278981e-05 6.19373888e-05 5.86485801e-05 5.54597408e-05 5.23690677e-05 4.93746960e-05 4.64747098e-05 4.36671510e-05 4.09500278e-05 3.83213230e-05 3.57790009e-05 3.33210142e-05 3.09453101e-05 2.86498360e-05 2.64325444e-05 2.42913978e-05 2.22243723e-05 2.02294619e-05 1.83046817e-05 1.64480704e-05 1.46576934e-05 1.29316452e-05 1.12680506e-05 9.66506720e-06 8.12088649e-06 6.63373511e-06 5.20187584e-06 3.82360843e-06 2.49727021e-06 1.22123653e-06 -6.07891562e-09 -1.18622392e-06
1.73066581e-04 1.36528500e-04 1.11919930e-04 1.14045155e-04 1.18814710e-04 1.23778228e-04 1.28854570e-04 1.34041698e-04 1.39337865e-04 1.44740951e-04 1.50248437e-04 1.55857393e-04 1.61564456e-04 1.67365816e-04 1.73257200e-04 1.79233863e-04 1.85290573e-04 1.91421604e-04 1.97620730e-04 2.03881223e-04 2.10195850e-04 2.16556881e-04 2.22956091e-04 2.29384770e-04 2.35833745e-04 2.42293386e-04 2.48753640e-04 2.55204048e-04 2.61633781e-04 2.68031672e-04 2.74386251e-04 2.80685792e-04 2.86918350e-04 2.93071814e-04 2.99133953e-04 3.05092469e-04 3.10935047e-04 3.16649412e-04 3.22223379e-04 3.27644912e-04 3.32902170e-04 3.37983562e-04 3.42877798e-04 3.47573932e-04 3.52061410e-04 3.56330109e-04 3.60370374e-04 3.64173056e-04 3.67729538e-04 3.71031763e-04 3.74072260e-04 3.76844160e-04 3.79341213e-04 3.81557803e-04 3.83488955e-04 3.85130347e-04 3.86478313e-04 3.87529851e-04 3.88282621e-04 3.88734953e-04 3.88885841e-04 3.88734953e-04 3.88282621e-04 3.87529851e-04 3.86478313e-04 3.85130347e-04 3.83488955e-04 3.81557803e-04 3.79341213e-04 3.76844160e-04 3.74072260e-04 3.71031763e-04 3.67729538e-04 3.64173056e-04 3.60370374e-04 3.56330109e-04 3.52061410e-04 3.47573932e-04 3.42877798e-04 3.37983562e-04 3.32902170e-04 3.27644912e-04 3.22223379e-04 3.16649412e-04 3.10935047e-04 3.05092469e-04 2.99133953e-04 2.93071814e-04 2.86918350e-04 2.80685792e-04 2.74386251e-04 2.68031672e-04 2.61633781e-04 2.55204048e-04 2.48753640e-04 2.42293386e-04 2.35833745e-04 2.29384770e-04 2.22956091e-04 2.16556881e-04 2.10195850e-04 2.03881223e-04 1.97620730e-04 1.91421604e-04 1.85290573e-04 1.79233863e-04 1.73257200e-04 1.67365816e-04 1.61564456e-04 1.55857393e-04 1.50248437e-04 1.44740951e-04 1.39337865e-04 1.34041698e-04 1.28854570e-04 1.23778227e-04 1.18814054e-04 1.13963102e-04 1.09226103e-04 1.04603490e-04 1.00095420e-04 9.57017918e-05 9.14222641e-05 8.72562764e-05 8.32030660e-05 7.92616858e-05 7.54310211e-05 7.17098061e-05 6.80966388e-05 6.45899963e-05 6.11882484e-05 5.78896706e-05 5.46924565e-05 5.15947296e-05 4.85945540e-05 4.56899441e-05 4.28788745e-05 4.01592883e-05 3.75291053e-05 3.49862292e-05 3.25285542e-05 3.01539715e-05 2.78603747e-05 2.56456647e-05 2.35077547e-05 2.14445738e-05 1.94540712e-05 1.75342190e-05 1.56830155e-05 1.38984875e-05 1.21786926e-05 1.05217210e-05 8.92569738e-06 7.38878210e-06 5.90917239e-06 4.48510331e-06 3.11484844e-06 1.79672047e-06 5.29071578e-07 -6.89706328e-07 -1.86118149e-06
1.73406419e-04 1.36103092e-04 1.11399896e-04 1.13562554e-04 1.18369478e-04 1.23372889e-04 1.28491769e-04 1.33724138e-04 1.39068301e-04 1.44522178e-04 1.50083288e-04 1.55748726e-04 1.61515145e-04 1.67378740e-04 1.73335233e-04 1.79379858e-04 1.85507349e-04 1.91711935e-04 1.97987327e-04 2.04326719e-04 2.10722786e-04 2.17167684e-04 2.23653063e-04 2.30170070e-04 2.36709368e-04 2.43261151e-04 2.49815170e-04 2.56360758e-04 2.62886859e-04 2.69382065e-04 2.75834657e-04 2.82232642e-04 2.88563801e-04 2.94815741e-04 3.00975938e-04 3.07031800e-04 3.12970714e-04 3.18780104e-04 3.24447487e-04 3.29960531e-04 3.35307102e-04 3.40475327e-04 3.45453637e-04 3.50230822e-04 3.54796073e-04 3.59139023e-04 3.63249790e-04 3.67119012e-04 3.70737873e-04 3.74098134e-04 3.77192157e-04 3.80012922e-04 3.82554045e-04 3.84809791e-04 3.86775081e-04 3.88445506e-04 3.89817326e-04 3.90887477e-04 3.91653575e-04 3.92113916e-04 3.92267477e-04 3.92113916e-04 3.91653575e-04 3.90887477e-04 3.89817326e-04 3.88445506e-04 3.86775081e-04 3.84809791e-04 3.82554045e-04 3.80012922e-04 3.77192157e-04 3.74098134e-04 3.70737873e-04 3.67119012e-04 3.63249790e-04 3.59139023e-04 3.54796073e-04 3.50230822e-04 3.45453637e-04 3.40475327e-04 3.35307102e-04 3.29960531e-04 3.24447487e-04 3.18780104e-04 3.12970714e-04 3.07031800e-04 3.00975938e-04 2.94815741e-04 2.88563801e-04 2.82232642e-04 2.75834657e-04 2.69382065e-04 2.62886859e-04 2.56360758e-04 2.49815170e-04 2.43261151e-04 2.36709368e-04 2.30170070e-04 2.23653063e-04 2.17167684e-04 2.10722786e-04 2.04326719e-04 1.97987327e-04 1.91711935e-04 1.85507349e-04 1.79379858e-04 1.73335233e-04 1.67378740e-04 1.61515145e-04 1.55748726e-04 1.50083288e-04 1.44522178e-04 1.39068301e-04 1.33724138e-04 1.28491769e-04 1.23372887e-04 1.18368822e-04 1.13480560e-04 1.08708766e-04 1.04053802e-04 9.95157498e-05 9.50944291e-05 9.07894197e-05 8.66000795e-05 8.25255631e-05 7.85648404e-05 7.47167138e-05 7.09798345e-05 6.73527185e-05 6.38337617e-05 6.04212539e-05 5.71133921e-05 5.39082933e-05 5.08040060e-05 4.77985213e-05 4.48897829e-05 4.20756967e-05 3.93541395e-05 3.67229671e-05 3.41800215e-05 3.17231378e-05 2.93501502e-05 2.70588979e-05 2.48472296e-05 2.27130086e-05 2.06541167e-05 1.86684577e-05 1.67539606e-05 1.49085829e-05 1.31303123e-05 1.14171697e-05 9.76721044e-06 8.17852617e-06 6.64924606e-06 5.17753793e-06 3.76160906e-06 2.39970692e-06 1.09011961e-06 -1.68823797e-07 -1.37875309e-06 -2.54125684e-06
1.73733394e-04 1.35647203e-04 1.10856220e-04 1.13056844e-04 1.17900968e-04 1.22944125e-04 1.28105446e-04 1.33383010e-04 1.38775176e-04 1.44279912e-04 1.49894776e-04 1.55616890e-04 1.61442928e-04 1.67369092e-04 1.73391100e-04 1.79504169e-04 1.85703003e-04 1.91981783e-04 1.98334162e-04 2.04753255e-04 2.11231643e-04 2.17761373e-04 2.24333964e-04 2.30940419e-04 2.37571237e-04 2.44216431e-04 2.50865554e-04 2.57507725e-04 2.64131656e-04 2.70725697e-04 2.77277868e-04 2.83775905e-04 2.90207309e-04 2.96559393e-04 3.02819338e-04 3.08974247e-04 3.15011200e-04 3.20917313e-04 3.26679796e-04 3.32286012e-04 3.37723529e-04 3.42980180e-04 3.48044114e-04 3.52903846e-04 3.57548306e-04 3.61966880e-04 3.66149453e-04 3.70086442e-04 3.73768830e-04 3.77188193e-04 3.80336722e-04 3.83207245e-04 3.85793240e-04 3.88088852e-04 3.90088898e-04 3.91788879e-04 3.93184981e-04 3.94274079e-04 3.95053744e-04 3.95522238e-04 3.95678518e-04 3.95522238e-04 3.95053744e-04 3.94274079e-04 3.93184981e-04 3.91788879e-04 3.90088898e-04 3.88088852e-04 3.85793240e-04 3.83207245e-04 3.80336722e-04 3.77188193e-04 3.73768830e-04 3.70086442e-04 3.66149453e-04 3.61966880e-04 3.57548306e-04 3.52903846e-04 3.48044114e-04 3.42980180e-04 3.37723529e-04 3.32286012e-04 3.26679796e-04 3.20917313e-04 3.15011200e-04 3.08974247e-04 3.02819338e-04 2.96559393e-04 2.90207309e-04 2.83775905e-04 2.77277868e-04 2.70725697e-04 2.64131656e-04 2.57507725e-04 2.50865554e-04 2.44216431e-04 2.37571237e-04 2.30940419e-04 2.24333964e-04 2.17761373e-04 2.11231643e-04 2.04753255e-04 1.98334162e-04 1.91981783e-04 1.85703003e-04 1.79504169e-04 1.73391100e-04 1.67369092e-04 1.61442928e-04 1.55616890e-04 1.49894776e-04 1.44279912e-04 1.38775176e-04 1.33383010e-04 1.28105446e-04 1.22944124e-04 1.17900313e-04 1.12974933e-04 1.08168577e-04 1.03481533e-04 9.89138030e-05 9.44651272e-05 9.01350015e-05 8.59226993e-05 8.18272900e-05 7.78476577e-05 7.39825188e-05 7.02304395e-05 6.65898513e-05 6.30590667e-05 5.96362934e-05 5.63196481e-05 5.31071694e-05 4.99968289e-05 4.69865435e-05 4.40741846e-05 4.12575882e-05 3.85345637e-05 3.59029018e-05 3.33603818e-05 3.09047789e-05 2.85338695e-05 2.62454376e-05 2.40372794e-05 2.19072078e-05 1.98530565e-05 1.78726837e-05 1.59639751e-05 1.41248468e-05 1.23532477e-05 1.06471615e-05 9.00460857e-06 7.42364750e-06 5.90237622e-06 4.43893311e-06 3.03149772e-06 1.67829143e-06 3.77577823e-07 -8.72337056e-07 -2.07310457e-06 -3.22633352e-06
1.74047229e-04 1.35160139e-04 1.10288555e-04 1.12527678e-04 1.17408814e-04 1.22491552e-04 1.27695196e-04 1.33017889e-04 1.38458050e-04 1.44013696e-04 1.49682426e-04 1.55461397e-04 1.61347303e-04 1.67336358e-04 1.73424278e-04 1.79606265e-04 1.85876996e-04 1.92230607e-04 1.98660690e-04 2.05160285e-04 2.11721879e-04 2.18337408e-04 2.24998262e-04 2.31695296e-04 2.38418842e-04 2.45158732e-04 2.51904315e-04 2.58644491e-04 2.65367740e-04 2.72062157e-04 2.78715499e-04 2.85315225e-04 2.91848545e-04 2.98302475e-04 3.04663890e-04 3.10919579e-04 3.17056307e-04 3.23060875e-04 3.28920176e-04 3.34621259e-04 3.40151386e-04 3.45498089e-04 3.50649225e-04 3.55593030e-04 3.60318164e-04 3.64813761e-04 3.69069466e-04 3.73075473e-04 3.76822558e-04 3.80302107e-04 3.83506139e-04 3.86427326e-04 3.89059008e-04 3.91395208e-04 3.93430637e-04 3.95160705e-04 3.96581523e-04 3.97689907e-04 3.98483380e-04 3.98960172e-04 3.99119221e-04 3.98960172e-04 3.98483380e-04 3.97689907e-04 3.96581523e-04 3.95160705e-04 3.93430637e-04 3.91395208e-04 3.89059008e-04 3.86427326e-04 3.83506139e-04 3.80302107e-04 3.76822558e-04 3.73075473e-04 3.69069466e-04 3.64813761e-04 3.60318164e-04 3.55593030e-04 3.50649225e-04 3.45498089e-04 3.40151386e-04 3.34621259e-04 3.28920176e-04 3.23060875e-04 3.17056307e-04 3.10919579e-04 3.04663890e-04 2.98302475e-04 2.91848545e-04 2.85315225e-04 2.78715499e-04 2.72062157e-04 2.65367740e-04 2.58644491e-04 2.51904315e-04 2.45158732e-04 2.38418842e-04 2.31695296e-04 2.24998262e-04 2.18337408e-04 2.11721879e-04 2.05160285e-04 1.98660690e-04 1.92230607e-04 1.85876996e-04 1.79606265e-04 1.73424278e-04 1.67336358e-04 1.61347303e-04 1.55461397e-04 1.49682426e-04 1.44013696e-04 1.38458050e-04 1.33017889e-04 1.27695196e-04 1.22491550e-04 1.17408159e-04 1.12445872e-04 1.07605207e-04 1.02886373e-04 9.82892918e-05 9.38136175e-05 8.94587604e-05 8.52239062e-05 8.11080359e-05 7.71099452e-05 7.32282620e-05 6.94614646e-05 6.58078978e-05 6.22657883e-05 5.88332600e-05 5.55083472e-05 5.22890079e-05 4.91731359e-05 4.61585717e-05 4.32431133e-05 4.04245255e-05 3.77005491e-05 3.50689086e-05 3.25273199e-05 3.00734971e-05 2.77051584e-05 2.54200319e-05 2.32158605e-05 2.10904061e-05 1.90414543e-05 1.70668171e-05 1.51643366e-05 1.33318874e-05 1.15673791e-05 9.86875829e-06 8.23401025e-06 6.66116039e-06 5.14827541e-06 3.69346422e-06 2.29487871e-06 9.50714203e-07 -3.40790154e-07 -1.58135122e-06 -2.77264183e-06 -3.91629086e-06
1.74347644e-04 1.34641197e-04 1.09696555e-04 1.11974706e-04 1.16892647e-04 1.22014780e-04 1.27260610e-04 1.32628349e-04 1.38116477e-04 1.43723066e-04 1.49445760e-04 1.55281752e-04 1.61227761e-04 1.67280016e-04 1.73434234e-04 1.79685606e-04 1.86028780e-04 1.92457852e-04 1.98966355e-04 2.05547253e-04 2.12192940e-04 2.18895241e-04 2.25645415e-04 2.32434168e-04 2.39251665e-04 2.46087549e-04 2.52930965e-04 2.59770591e-04 2.66594664e-04 2.73391025e-04 2.80147158e-04 2.86850237e-04 2.93487176e-04 3.00044685e-04 3.06509323e-04 3.12867558e-04 3.19105834e-04 3.25210622e-04 3.31168492e-04 3.36966172e-04 3.42590607e-04 3.48029019e-04 3.53268968e-04 3.58298400e-04 3.63105703e-04 3.67679748e-04 3.72009937e-04 3.76086234e-04 3.79899206e-04 3.83440045e-04 3.86700593e-04 3.89673366e-04 3.92351563e-04 3.94729082e-04 3.96800529e-04 3.98561223e-04 4.00007199e-04 4.01135213e-04 4.01942740e-04 4.02427977e-04 4.02589843e-04 4.02427977e-04 4.01942740e-04 4.01135213e-04 4.00007199e-04 3.98561223e-04 3.96800529e-04 3.94729082e-04 3.92351563e-04 3.89673366e-04 3.86700593e-04 3.83440045e-04 3.79899206e-04 3.76086234e-04 3.72009937e-04 3.67679748e-04 3.63105703e-04 3.58298400e-04 3.53268968e-04 3.48029019e-04 3.42590607e-04 3.36966172e-04 3.31168492e-04 3.25210622e-04 3.19105834e-04 3.12867558e-04 3.06509323e-04 3.00044685e-04 2.93487176e-04 2.86850237e-04 2.80147158e-04 2.73391025e-04 2.66594664e-04 2.59770591e-04 2.52930965e-04 2.46087549e-04 2.39251665e-04 2.32434168e-04 2.25645415e-04 2.18895241e-04 2.12192940e-04 2.05547253e-04 1.98966355e-04 1.92457852e-04 1.86028780e-04 1.79685606e-04 1.73434234e-04 1.67280016e-04 1.61227761e-04 1.55281752e-04 1.49445760e-04 1.43723066e-04 1.38116477e-04 1.32628349e-04 1.27260610e-04 1.22014779e-04 1.16891993e-04 1.11893030e-04 1.07018329e-04 1.02268017e-04 9.76419293e-05 9.31396335e-05 8.87604498e-05 8.45034732e-05 8.03675934e-05 7.63515143e-05 7.24537731e-05 6.86727575e-05 6.50067231e-05 6.14538087e-05 5.80120520e-05 5.46794031e-05 5.14537379e-05 4.83328700e-05 4.53145627e-05 4.23965388e-05 3.95764909e-05 3.68520897e-05 3.42209928e-05 3.16808516e-05 2.92293183e-05 2.68640521e-05 2.45827246e-05 2.23830247e-05 2.02626634e-05 1.82193771e-05 1.62509316e-05 1.43551249e-05 1.25297901e-05 1.07727973e-05 9.08205575e-06 7.45551560e-06 5.89116904e-06 4.38705151e-06 2.94124251e-06 1.55186627e-06 2.17092172e-07 -1.06486498e-06 -2.29574483e-06 -3.47724155e-06 -4.61100395e-06
1.74634358e-04 1.34089663e-04 1.09079872e-04 1.11397581e-04 1.16352099e-04 1.21513420e-04 1.26801279e-04 1.32213962e-04 1.37750011e-04 1.43407558e-04 1.49184296e-04 1.55077456e-04 1.61083790e-04 1.67199541e-04 1.73420432e-04 1.79741643e-04 1.86157800e-04 1.92662958e-04 1.99250592e-04 2.05913593e-04 2.12644262e-04 2.19434311e-04 2.26274869e-04 2.33156491e-04 2.40069172e-04 2.47002365e-04 2.53945006e-04 2.60885544e-04 2.67811972e-04 2.74711869e-04 2.81572439e-04 2.88380566e-04 2.95122859e-04 3.01785711e-04 3.08355359e-04 3.14817944e-04 3.21159572e-04 3.27366381e-04 3.33424608e-04 3.39320649e-04 3.45041122e-04 3.50572936e-04 3.55903339e-04 3.61019985e-04 3.65910978e-04 3.70564924e-04 3.74970972e-04 3.79118857e-04 3.82998926e-04 3.86602176e-04 3.89920272e-04 3.92945567e-04 3.95671119e-04 3.98090702e-04 4.00198813e-04 4.01990679e-04 4.03462260e-04 4.04610251e-04 4.05432080e-04 4.05925912e-04 4.06090645e-04 4.05925912e-04 4.05432080e-04 4.04610251e-04 4.03462260e-04 4.01990679e-04 4.00198813e-04 3.98090702e-04 3.95671119e-04 3.92945567e-04 3.89920272e-04 3.86602176e-04 3.82998926e-04 3.79118857e-04 3.74970972e-04 3.70564924e-04 3.65910978e-04 3.61019985e-04 3.55903339e-04 3.50572936e-04 3.45041122e-04 3.39320649e-04 3.33424608e-04 3.27366381e-04 3.21159572e-04 3.14817944e-04 3.08355359e-04 3.01785711e-04 2.95122859e-04 2.88380566e-04 2.81572439e-04 2.74711869e-04 2.67811972e-04 2.60885544e-04 2.53945006e-04 2.47002365e-04 2.40069172e-04 2.33156491e-04 2.26274869e-04 2.19434311e-04 2.12644262e-04 2.05913593e-04 1.99250592e-04 1.92662958e-04 1.86157800e-04 1.79741643e-04 1.73420432e-04 1.67199541e-04 1.61083790e-04 1.55077456e-04 1.49184296e-04 1.43407558e-04 1.37750011e-04 1.32213962e-04 1.26801279e-04 1.21513419e-04 1.16351445e-04 1.11316058e-04 1.06407615e-04 1.01626157e-04 9.69714303e-05 9.24429108e-05 8.80398259e-05 8.37611766e-05 7.96057582e-05 7.55721804e-05 7.16588862e-05 6.78641706e-05 6.41861972e-05 6.06230149e-05 5.71725729e-05 5.38327352e-05 5.06012935e-05 4.74759802e-05 4.44544792e-05 4.15344371e-05 3.87134727e-05 3.59891858e-05 3.33591658e-05 3.08209987e-05 2.83722742e-05 2.60105916e-05 2.37335655e-05 2.15388304e-05 1.94240453e-05 1.73868977e-05 1.54251065e-05 1.35364256e-05 1.17186462e-05 9.96959865e-06 8.28715502e-06 6.66923009e-06 5.11378286e-06 3.61881752e-06 2.18238419e-06 8.02579521e-07 -5.22452961e-07 -1.79452267e-06 -3.01539193e-06 -4.18677606e-06 -5.31034364e-06
1.74907086e-04 1.33504814e-04 1.08438161e-04 1.10795953e-04 1.15786800e-04 1.20987082e-04 1.26316793e-04 1.31774294e-04 1.37358199e-04 1.43066700e-04 1.48897543e-04 1.54848005e-04 1.60914868e-04 1.67094397e-04 1.73382323e-04 1.79773820e-04 1.86263490e-04 1.92845352e-04 1.99512826e-04 2.06258729e-04 2.13075268e-04 2.19954046e-04 2.26886059e-04 2.33861710e-04 2.40870820e-04 2.47902652e-04 2.54945927e-04 2.61988862e-04 2.69019199e-04 2.76024249e-04 2.82990931e-04 2.89905830e-04 2.96755241e-04 3.03525235e-04 3.10201716e-04 3.16770486e-04 3.23217308e-04 3.29527977e-04 3.35688383e-04 3.41684584e-04 3.47502863e-04 3.53129802e-04 3.58552335e-04 3.63757812e-04 3.68734047e-04 3.73469373e-04 3.77952683e-04 3.82173473e-04 3.86121872e-04 3.89788676e-04 3.93165366e-04 3.96244135e-04 3.99017896e-04 4.01480296e-04 4.03625725e-04 4.05449318e-04 4.06946958e-04 4.08115278e-04 4.08951661e-04 4.09454238e-04 4.09621888e-04 4.09454238e-04 4.08951661e-04 4.08115278e-04 4.06946958e-04 4.05449318e-04 4.03625725e-04 4.01480296e-04 3.99017896e-04 3.96244135e-04 3.93165366e-04 3.89788676e-04 3.86121872e-04 3.82173473e-04 3.77952683e-04 3.73469373e-04 3.68734047e-04 3.63757812e-04 3.58552335e-04 3.53129802e-04 3.47502863e-04 3.41684584e-04 3.35688383e-04 3.29527977e-04 3.23217308e-04 3.16770486e-04 3.10201716e-04 3.03525235e-04 2.96755241e-04 2.89905830e-04 2.82990931e-04 2.76024249e-04 2.69019199e-04 2.61988862e-04 2.54945927e-04 2.47902652e-04 2.40870820e-04 2.33861710e-04 2.26886059e-04 2.19954046e-04 2.13075268e-04 2.06258729e-04 1.99512826e-04 1.92845352e-04 1.86263490e-04 1.79773820e-04 1.73382323e-04 1.67094397e-04 1.60914868e-04 1.54848005e-04 1.48897543e-04 1.43066700e-04 1.37358199e-04 1.31774294e-04 1.26316793e-04 1.20987081e-04 1.15786147e-04 1.10714610e-04 1.05772740e-04 1.00960490e-04 9.62775118e-05 9.17231874e-05 8.72966476e-05 8.29967960e-05 7.88223303e-05 7.47717629e-05 7.08434400e-05 6.70355609e-05 6.33461952e-05 5.97732993e-05 5.63147318e-05 5.29682685e-05 4.97316154e-05 4.66024214e-05 4.35782901e-05 4.06567902e-05 3.78354654e-05 3.51118437e-05 3.24834451e-05 2.99477895e-05 2.75024030e-05 2.51448246e-05 2.28726109e-05 2.06833417e-05 1.85746238e-05 1.65440950e-05 1.45894273e-05 1.27083301e-05 1.08985525e-05 9.15788521e-06 7.48416274e-06 5.87526460e-06 4.32911658e-06 2.84369162e-06 1.41701055e-06 4.71425148e-08 -1.26779470e-06 -2.52963460e-06 -3.74016200e-06 -4.90111324e-06 -6.01417648e-06
1.75165543e-04 1.32885919e-04 1.07771078e-04 1.10169475e-04 1.15196381e-04 1.20435375e-04 1.25806738e-04 1.31308913e-04 1.36940586e-04 1.42700018e-04 1.48585010e-04 1.54592888e-04 1.60720469e-04 1.66964044e-04 1.73319354e-04 1.79781570e-04 1.86345276e-04 1.93004454e-04 1.99752471e-04 2.06582072e-04 2.13485373e-04 2.20453864e-04 2.27478409e-04 2.34549257e-04 2.41656056e-04 2.48787870e-04 2.55933206e-04 2.63080043e-04 2.70215867e-04 2.77327713e-04 2.84402211e-04 2.91425635e-04 2.98383962e-04 3.05262931e-04 3.12048103e-04 3.18724930e-04 3.25278825e-04 3.31695227e-04 3.37959673e-04 3.44057869e-04 3.49975757e-04 3.55699582e-04 3.61215953e-04 3.66511908e-04 3.71574966e-04 3.76393180e-04 3.80955181e-04 3.85250219e-04 3.89268202e-04 3.92999719e-04 3.96436069e-04 3.99569277e-04 4.02392113e-04 4.04898097e-04 4.07081508e-04 4.08937388e-04 4.10461546e-04 4.11650553e-04 4.12501745e-04 4.13013220e-04 4.13183838e-04 4.13013220e-04 4.12501745e-04 4.11650553e-04 4.10461546e-04 4.08937388e-04 4.07081508e-04 4.04898097e-04 4.02392113e-04 3.99569277e-04 3.96436069e-04 3.92999719e-04 3.89268202e-04 3.85250219e-04 3.80955181e-04 3.76393180e-04 3.71574966e-04 3.66511908e-04 3.61215953e-04 3.55699582e-04 3.49975757e-04 3.44057869e-04 3.37959673e-04 3.31695227e-04 3.25278825e-04 3.18724930e-04 3.12048103e-04 3.05262931e-04 2.98383962e-04 2.91425635e-04 2.84402211e-04 2.77327713e-04 2.70215867e-04 2.63080043e-04 2.55933206e-04 2.48787870e-04 2.41656056e-04 2.34549257e-04 2.27478409e-04 2.20453864e-04 2.13485373e-04 2.06582072e-04 1.99752471e-04 1.93004454e-04 1.86345276e-04 1.79781570e-04 1.73319354e-04 1.66964044e-04 1.60720469e-04 1.54592888e-04 1.48585010e-04 1.42700018e-04 1.36940586e-04 1.31308913e-04 1.25806738e-04 1.20435373e-04 1.15195729e-04 1.10088337e-04 1.05113379e-04 1.00270712e-04 9.55598927e-05 9.09802041e-05 8.65306772e-05 8.22101147e-05 7.80171136e-05 7.39500857e-05 7.00072778e-05 6.61867909e-05 6.24865977e-05 5.89045598e-05 5.54384435e-05 5.20859340e-05 4.88446497e-05 4.57121548e-05 4.26859705e-05 3.97635865e-05 3.69424703e-05 3.42200765e-05 3.15938551e-05 2.90612587e-05 2.66197494e-05 2.42668047e-05 2.19999233e-05 1.98166293e-05 1.77144769e-05 1.56910540e-05 1.37439854e-05 1.18709358e-05 1.00696119e-05 8.33776469e-06 6.67319117e-06 5.07373551e-06 3.53729026e-06 2.06179722e-06 6.45247961e-07 -7.14315736e-07 -2.01880171e-06 -3.27006741e-06 -4.46991998e-06 -5.62011657e-06 -6.72236472e-06
1.75409443e-04 1.32232235e-04 1.07078278e-04 1.09517799e-04 1.14580472e-04 1.19857905e-04 1.25270699e-04 1.30817381e-04 1.36496716e-04 1.42307034e-04 1.48246199e-04 1.54311588e-04 1.60500059e-04 1.66807932e-04 1.73230962e-04 1.79764320e-04 1.86402574e-04 1.93139672e-04 1.99968931e-04 2.06883024e-04 2.13873978e-04 2.20933169e-04 2.28051329e-04 2.35218552e-04 2.42424310e-04 2.49657466e-04 2.56906308e-04 2.64158574e-04 2.71401486e-04 2.78621799e-04 2.85805844e-04 2.92939580e-04 3.00008654e-04 3.06998464e-04 3.13894219e-04 3.20681015e-04 3.27343900e-04 3.33867947e-04 3.40238331e-04 3.46440396e-04 3.52459732e-04 3.58282236e-04 3.63894187e-04 3.69282302e-04 3.74433796e-04 3.79336434e-04 3.83978579e-04 3.88349234e-04 3.92438075e-04 3.96235485e-04 3.99732576e-04 4.02921206e-04 4.05793996e-04 4.08344339e-04 4.10566404e-04 4.12455142e-04 4.14006282e-04 4.15216337e-04 4.16082596e-04 4.16603124e-04 4.16776762e-04 4.16603124e-04 4.16082596e-04 4.15216337e-04 4.14006282e-04 4.12455142e-04 4.10566404e-04 4.08344339e-04 4.05793996e-04 4.02921206e-04 3.99732576e-04 3.96235485e-04 3.92438075e-04 3.88349234e-04 3.83978579e-04 3.79336434e-04 3.74433796e-04 3.69282302e-04 3.63894187e-04 3.58282236e-04 3.52459732e-04 3.46440396e-04 3.40238331e-04 3.33867947e-04 3.27343900e-04 3.20681015e-04 3.13894219e-04 3.06998464e-04 3.00008654e-04 2.92939580e-04 2.85805844e-04 2.78621799e-04 2.71401486e-04 2.64158574e-04 2.56906308e-04 2.49657466e-04 2.42424310e-04 2.35218552e-04 2.28051329e-04 2.20933169e-04 2.13873978e-04 2.06883024e-04 1.99968931e-04 1.93139672e-04 1.86402574e-04 1.79764320e-04 1.73230962e-04 1.66807932e-04 1.60500059e-04 1.54311588e-04 1.48246199e-04 1.42307034e-04 1.36496716e-04 1.30817381e-04 1.25270699e-04 1.19857904e-04 1.14579821e-04 1.09436893e-04 1.04429207e-04 9.95565217e-05 9.48182944e-05 9.02137047e-05 8.57416803e-05 8.14009198e-05 7.71899160e-05 7.31069773e-05 6.91502480e-05 6.53177279e-05 6.16072906e-05 5.80167004e-05 5.45436288e-05 5.11856688e-05 4.79403494e-05 4.48051480e-05 4.17775022e-05 3.88548212e-05 3.60344949e-05 3.33139038e-05 3.06904265e-05 2.81614476e-05 2.57243644e-05 2.33765925e-05 2.11155717e-05 1.89387701e-05 1.68436890e-05 1.48278660e-05 1.28888784e-05 1.10243459e-05 9.23193296e-06 7.50935063e-06 5.85435826e-06 4.26476472e-06 2.73842941e-06 1.27326301e-06 -1.32772040e-07 -1.48166121e-06 -2.77533781e-06 -4.01568304e-06 -5.20452620e-06 -6.34364505e-06 -7.43476630e-06
1.75638497e-04 1.31543013e-04 1.06359421e-04 1.08840579e-04 1.13938703e-04 1.19254281e-04 1.24708261e-04 1.30299260e-04 1.36026127e-04 1.41887266e-04 1.47880608e-04 1.54003585e-04 1.60253101e-04 1.66625507e-04 1.73116577e-04 1.79721487e-04 1.86434790e-04 1.93250406e-04 2.00161599e-04 2.07160976e-04 2.14240473e-04 2.21391354e-04 2.28604219e-04 2.35869005e-04 2.43175002e-04 2.50510877e-04 2.57864689e-04 2.65223930e-04 2.72575556e-04 2.79906033e-04 2.87201386e-04 2.94447251e-04 3.01628938e-04 3.08731492e-04 3.15739762e-04 3.22638474e-04 3.29412302e-04 3.36045946e-04 3.42524205e-04 3.48832052e-04 3.54954711e-04 3.60877728e-04 3.66587036e-04 3.72069025e-04 3.77310598e-04 3.82299225e-04 3.87022995e-04 3.91470657e-04 3.95631654e-04 3.99496157e-04 4.03055088e-04 4.06300135e-04 4.09223772e-04 4.11819261e-04 4.14080662e-04 4.16002832e-04 4.17581427e-04 4.18812895e-04 4.19694481e-04 4.20224219e-04 4.20400929e-04 4.20224219e-04 4.19694481e-04 4.18812895e-04 4.17581427e-04 4.16002832e-04 4.14080662e-04 4.11819261e-04 4.09223772e-04 4.06300135e-04 4.03055088e-04 3.99496157e-04 3.95631654e-04 3.91470657e-04 3.87022995e-04 3.82299225e-04 3.77310598e-04 3.72069025e-04 3.66587036e-04 3.60877728e-04 3.54954711e-04 3.48832052e-04 3.42524205e-04 3.36045946e-04 3.29412302e-04 3.22638474e-04 3.15739762e-04 3.08731492e-04 3.01628938e-04 2.94447251e-04 2.87201386e-04 2.79906033e-04 2.72575556e-04 2.65223930e-04 2.57864689e-04 2.50510877e-04 2.43175002e-04 2.35869005e-04 2.28604219e-04 2.21391354e-04 2.14240473e-04 2.07160976e-04 2.00161599e-04 1.93250406e-04 1.86434790e-04 1.79721487e-04 1.73116577e-04 1.66625507e-04 1.60253101e-04 1.54003585e-04 1.47880608e-04 1.41887266e-04 1.36026127e-04 1.30299260e-04 1.24708261e-04 1.19254280e-04 1.13938055e-04 1.08759932e-04 1.03719902e-04 9.88176208e-05 9.40524410e-05 8.94234361e-05 8.49294263e-05 8.05690026e-05 7.63405505e-05 7.22422714e-05 6.82722043e-05 6.44282452e-05 6.07081658e-05 5.71096309e-05 5.36302150e-05 5.02674167e-05 4.70186738e-05 4.38813752e-05 4.08528736e-05 3.79304960e-05 3.51115538e-05 3.23933519e-05 2.97731969e-05 2.72484044e-05 2.48163061e-05 2.24742551e-05 2.02196317e-05 1.80498478e-05 1.59623510e-05 1.39546286e-05 1.20242101e-05 1.01686701e-05 8.38563050e-06 6.67276246e-06 5.02778769e-06 3.44847977e-06 1.93266498e-06 4.78222995e-07 -9.16912750e-07 -2.25475484e-06 -3.53726189e-06 -4.76633865e-06 -5.94383638e-06 -7.07155324e-06 -8.15123483e-06
1.75852414e-04 1.30817494e-04 1.05614166e-04 1.08137470e-04 1.13270707e-04 1.18624110e-04 1.24119006e-04 1.29754110e-04 1.35528357e-04 1.41440230e-04 1.47487730e-04 1.53668352e-04 1.59979047e-04 1.66416205e-04 1.72975622e-04 1.79652480e-04 1.86441323e-04 1.93336043e-04 2.00329859e-04 2.07415307e-04 2.14584237e-04 2.21827801e-04 2.29136465e-04 2.36500008e-04 2.43907542e-04 2.51347524e-04 2.58807788e-04 2.66275574e-04 2.73737564e-04 2.81179931e-04 2.88588384e-04 2.95948229e-04 3.03244427e-04 3.10461663e-04 3.17584417e-04 3.24597032e-04 3.31483800e-04 3.38229032e-04 3.44817142e-04 3.51232721e-04 3.57460620e-04 3.63486017e-04 3.69294496e-04 3.74872107e-04 3.80205434e-04 3.85281645e-04 3.90088549e-04 3.94614633e-04 3.98849105e-04 4.02781921e-04 4.06403807e-04 4.09706283e-04 4.12681671e-04 4.15323104e-04 4.17624531e-04 4.19580718e-04 4.21187241e-04 4.22440493e-04 4.23337671e-04 4.23876776e-04 4.24056611e-04 4.23876776e-04 4.23337671e-04 4.22440493e-04 4.21187241e-04 4.19580718e-04 4.17624531e-04 4.15323104e-04 4.12681671e-04 4.09706283e-04 4.06403807e-04 4.02781921e-04 3.98849105e-04 3.94614633e-04 3.90088549e-04 3.85281645e-04 3.80205434e-04 3.74872107e-04 3.69294496e-04 3.63486017e-04 3.57460620e-04 3.51232721e-04 3.44817142e-04 3.38229032e-04 3.31483800e-04 3.24597032e-04 3.17584417e-04 3.10461663e-04 3.03244427e-04 2.95948229e-04 2.88588384e-04 2.81179931e-04 2.73737564e-04 2.66275574e-04 2.58807788e-04 2.51347524e-04 2.43907542e-04 2.36500008e-04 2.29136465e-04 2.21827801e-04 2.14584237e-04 2.07415307e-04 2.00329859e-04 1.93336043e-04 1.86441323e-04 1.79652480e-04 1.72975622e-04 1.66416205e-04 1.59979047e-04 1.53668352e-04 1.47487730e-04 1.41440230e-04 1.35528357e-04 1.29754110e-04 1.24119006e-04 1.18624108e-04 1.13270060e-04 1.08057109e-04 1.02985143e-04 9.80537122e-05 9.32620596e-05 8.86091487e-05 8.40936885e-05 7.97141590e-05 7.54688344e-05 7.13558065e-05 6.73730059e-05 6.35182217e-05 5.97891213e-05 5.61832676e-05 5.26981356e-05 4.93311279e-05 4.60795889e-05 4.29408177e-05 3.99120801e-05 3.69906198e-05 3.41736684e-05 3.14584543e-05 2.88422109e-05 2.63221842e-05 2.38956394e-05 2.15598665e-05 1.93121858e-05 1.71499524e-05 1.50705604e-05 1.30714460e-05 1.11500907e-05 9.30402400e-06 7.53082526e-06 5.82812553e-06 4.19360895e-06 2.62501383e-06 1.12013346e-06 -3.23183424e-07 -1.70703223e-06 -3.03345250e-06 -4.30442793e-06 -5.52188666e-06 -6.68770164e-06 -7.80369120e-06 -8.87161961e-06
1.76050903e-04 1.30054912e-04 1.04842176e-04 1.07408127e-04 1.12576113e-04 1.17966997e-04 1.23502517e-04 1.29181489e-04 1.35002939e-04 1.40965435e-04 1.47067055e-04 1.53305357e-04 1.59677349e-04 1.66179459e-04 1.72807512e-04 1.79556700e-04 1.86421562e-04 1.93395964e-04 2.00473081e-04 2.07645385e-04 2.14904636e-04 2.22241878e-04 2.29647441e-04 2.37110947e-04 2.44621322e-04 2.52166817e-04 2.59735035e-04 2.67312956e-04 2.74886986e-04 2.82442995e-04 2.89966371e-04 2.97442079e-04 3.04854724e-04 3.12188620e-04 3.19427864e-04 3.26556410e-04 3.33558153e-04 3.40417006e-04 3.47116985e-04 3.53642289e-04 3.59977381e-04 3.66107067e-04 3.72016565e-04 3.77691581e-04 3.83118369e-04 3.88283789e-04 3.93175362e-04 3.97781310e-04 4.02090599e-04 4.06092965e-04 4.09778940e-04 4.13139871e-04 4.16167927e-04 4.18856112e-04 4.21198265e-04 4.23189057e-04 4.24823992e-04 4.26099401e-04 4.27012436e-04 4.27561068e-04 4.27744081e-04 4.27561068e-04 4.27012436e-04 4.26099401e-04 4.24823992e-04 4.23189057e-04 4.21198265e-04 4.18856112e-04 4.16167927e-04 4.13139871e-04 4.09778940e-04 4.06092965e-04 4.02090599e-04 3.97781310e-04 3.93175362e-04 3.88283789e-04 3.83118369e-04 3.77691581e-04 3.72016565e-04 3.66107067e-04 3.59977381e-04 3.53642289e-04 3.47116985e-04 3.40417006e-04 3.33558153e-04 3.26556410e-04 3.19427864e-04 3.12188620e-04 3.04854724e-04 2.97442079e-04 2.89966371e-04 2.82442995e-04 2.74886986e-04 2.67312956e-04 2.59735035e-04 2.52166817e-04 2.44621322e-04 2.37110947e-04 2.29647441e-04 2.22241878e-04 2.14904636e-04 2.07645385e-04 2.00473081e-04 1.93395964e-04 1.86421562e-04 1.79556700e-04 1.72807512e-04 1.66179459e-04 1.59677349e-04 1.53305357e-04 1.47067055e-04 1.40965435e-04 1.35002939e-04 1.29181489e-04 1.23502517e-04 1.17966995e-04 1.12575468e-04 1.07328081e-04 1.02224612e-04 9.72645019e-05 9.24468804e-05 8.77705966e-05 8.32342446e-05 7.88361892e-05 7.45745905e-05 7.04474271e-05 6.64525177e-05 6.25875425e-05 5.88500614e-05 5.52375330e-05 5.17473310e-05 4.83767596e-05 4.51230679e-05 4.19834635e-05 3.89551241e-05 3.60352086e-05 3.32208675e-05 3.05092516e-05 2.78975204e-05 2.53828492e-05 2.29624361e-05 2.06335075e-05 1.83933232e-05 1.62391812e-05 1.41684212e-05 1.21784286e-05 1.02666367e-05 8.43052969e-06 6.66764417e-06 4.97557122e-06 3.35195739e-06 1.79450583e-06 3.00976882e-07 -1.13081145e-06 -2.50298330e-06 -3.81760494e-06 -5.07668497e-06 -6.28217466e-06 -7.43596844e-06 -8.53990452e-06 -9.59576558e-06
1.76233671e-04 1.29254494e-04 1.04043116e-04 1.06652209e-04 1.11854556e-04 1.17282550e-04 1.22858375e-04 1.28580953e-04 1.34449405e-04 1.40462390e-04 1.46618067e-04 1.52914064e-04 1.59347447e-04 1.65914692e-04 1.72611653e-04 1.79433538e-04 1.86374884e-04 1.93429536e-04 2.00590627e-04 2.07850566e-04 2.15201026e-04 2.22632942e-04 2.30136509e-04 2.37701189e-04 2.45315724e-04 2.52968154e-04 2.60645844e-04 2.68335515e-04 2.76023285e-04 2.83694718e-04 2.91334870e-04 2.98928359e-04 3.06459423e-04 3.13911994e-04 3.21269776e-04 3.28516322e-04 3.35635117e-04 3.42609666e-04 3.49423573e-04 3.56060635e-04 3.62504917e-04 3.68740837e-04 3.74753242e-04 3.80527481e-04 3.86049470e-04 3.91305755e-04 3.96283560e-04 4.00970839e-04 4.05356309e-04 4.09429484e-04 4.13180699e-04 4.16601124e-04 4.19682778e-04 4.22418534e-04 4.24802119e-04 4.26828114e-04 4.28491947e-04 4.29789890e-04 4.30719052e-04 4.31277372e-04 4.31463616e-04 4.31277372e-04 4.30719052e-04 4.29789890e-04 4.28491947e-04 4.26828114e-04 4.24802119e-04 4.22418534e-04 4.19682778e-04 4.16601124e-04 4.13180699e-04 4.09429484e-04 4.05356309e-04 4.00970839e-04 3.96283560e-04 3.91305755e-04 3.86049470e-04 3.80527481e-04 3.74753242e-04 3.68740837e-04 3.62504917e-04 3.56060635e-04 3.49423573e-04 3.42609666e-04 3.35635117e-04 3.28516322e-04 3.21269776e-04 3.13911994e-04 3.06459423e-04 2.98928359e-04 2.91334870e-04 2.83694718e-04 2.76023285e-04 2.68335515e-04 2.60645844e-04 2.52968154e-04 2.45315724e-04 2.37701189e-04 2.30136509e-04 2.22632942e-04 2.15201026e-04 2.07850566e-04 2.00590627e-04 1.93429536e-04 1.86374884e-04 1.79433538e-04 1.72611653e-04 1.65914692e-04 1.59347447e-04 1.52914064e-04 1.46618067e-04 1.40462390e-04 1.34449405e-04 1.28580953e-04 1.22858375e-04 1.17282548e-04 1.11853912e-04 1.06572505e-04 1.01437992e-04 9.64496987e-05 9.16066372e-05 8.69075382e-05 8.23508767e-05 7.79348989e-05 7.36576470e-05 6.95169829e-05 6.55106111e-05 6.16360990e-05 5.78908970e-05 5.42723570e-05 5.07777486e-05 4.74042759e-05 4.41490911e-05 4.10093084e-05 3.79820156e-05 3.50642859e-05 3.22531872e-05 2.95457919e-05 2.69391844e-05 2.44304689e-05 2.20167755e-05 1.96952663e-05 1.74631403e-05 1.53176378e-05 1.32560444e-05 1.12756939e-05 9.37397139e-06 7.54831555e-06 5.79622043e-06 4.11523699e-06 2.50297432e-06 9.57100437e-07 -5.24657085e-07 -1.94451084e-06 -3.30461348e-06 -4.60705781e-06 -5.85387709e-06 -7.04704548e-06 -8.18847860e-06 -9.28003430e-06 -1.03235134e-05
1.76400425e-04 1.28415460e-04 1.03216653e-04 1.05869373e-04 1.11105667e-04 1.16570376e-04 1.22186162e-04 1.27952057e-04 1.33867285e-04 1.39930601e-04 1.46140248e-04 1.52493930e-04 1.58988779e-04 1.65621320e-04 1.72387444e-04 1.79282378e-04 1.86300661e-04 1.93436119e-04 2.00681848e-04 2.08030194e-04 2.15472748e-04 2.23000335e-04 2.30603015e-04 2.38270091e-04 2.45990116e-04 2.53750917e-04 2.61539618e-04 2.69342674e-04 2.77145912e-04 2.84934579e-04 2.92693394e-04 3.00406617e-04 3.08058108e-04 3.15631409e-04 3.23109818e-04 3.30476474e-04 3.37714443e-04 3.44806805e-04 3.51736745e-04 3.58487641e-04 3.65043149e-04 3.71387290e-04 3.77504527e-04 3.83379843e-04 3.88998809e-04 3.94347644e-04 3.99413274e-04 4.04183375e-04 4.08646412e-04 4.12791676e-04 4.16609297e-04 4.20090272e-04 4.23226466e-04 4.26010621e-04 4.28436354e-04 4.30498154e-04 4.32191376e-04 4.33512235e-04 4.34457795e-04 4.35025966e-04 4.35215495e-04 4.35025966e-04 4.34457795e-04 4.33512235e-04 4.32191376e-04 4.30498154e-04 4.28436354e-04 4.26010621e-04 4.23226466e-04 4.20090272e-04 4.16609297e-04 4.12791676e-04 4.08646412e-04 4.04183375e-04 3.99413274e-04 3.94347644e-04 3.88998809e-04 3.83379843e-04 3.77504527e-04 3.71387290e-04 3.65043149e-04 3.58487641e-04 3.51736745e-04 3.44806805e-04 3.37714443e-04 3.30476474e-04 3.23109818e-04 3.15631409e-04 3.08058108e-04 3.00406617e-04 2.92693394e-04 2.84934579e-04 2.77145912e-04 2.69342674e-04 2.61539618e-04 2.53750917e-04 2.45990116e-04 2.38270091e-04 2.30603015e-04 2.23000335e-04 2.15472748e-04 2.08030194e-04 2.00681848e-04 1.93436119e-04 1.86300661e-04 1.79282378e-04 1.72387444e-04 1.65621320e-04 1.58988779e-04 1.52493930e-04 1.46140248e-04 1.39930601e-04 1.33867285e-04 1.27952057e-04 1.22186162e-04 1.16570374e-04 1.11105026e-04 1.05790042e-04 1.00624970e-04 9.56090146e-05 9.07410675e-05 8.60197359e-05 8.14433718e-05 7.70100988e-05 7.27178375e-05 6.85643301e-05 6.45471633e-05 6.06637893e-05 5.69115461e-05 5.32876760e-05 4.97893431e-05 4.64136487e-05 4.31576464e-05 4.00183552e-05 3.69927720e-05 3.40778825e-05 3.12706712e-05 2.85681307e-05 2.59672696e-05 2.34651201e-05 2.10587438e-05 1.87452381e-05 1.65217405e-05 1.43854334e-05 1.23335477e-05 1.03633658e-05 8.47222434e-06 6.65751645e-06 4.91669349e-06 3.24726645e-06 1.64680698e-06 1.12948137e-07 -1.35661514e-06 -2.76412587e-06 -4.11176498e-06 -5.40165160e-06 -6.63584338e-06 -7.81633710e-06 -8.94506931e-06 -1.00239172e-05 -1.10546993e-05
1.76550869e-04 1.27537024e-04 1.02362459e-04 1.05059283e-04 1.10329083e-04 1.15830082e-04 1.21485457e-04 1.27294354e-04 1.33256107e-04 1.39369568e-04 1.45633074e-04 1.52044410e-04 1.58600777e-04 1.65298755e-04 1.72134277e-04 1.79102594e-04 1.86198251e-04 1.93415060e-04 2.00746081e-04 2.08183603e-04 2.15719133e-04 2.23343389e-04 2.31046296e-04 2.38816995e-04 2.46643852e-04 2.54514475e-04 2.62415745e-04 2.70333845e-04 2.78254304e-04 2.86162045e-04 2.94041444e-04 3.01876388e-04 3.09650355e-04 3.17346481e-04 3.24947647e-04 3.32436568e-04 3.39795875e-04 3.47008214e-04 3.54056335e-04 3.60923184e-04 3.67591998e-04 3.74046387e-04 3.80270421e-04 3.86248706e-04 3.91966457e-04 3.97409562e-04 4.02564637e-04 4.07419077e-04 4.11961092e-04 4.16179742e-04 4.20064955e-04 4.23607550e-04 4.26799237e-04 4.29632629e-04 4.32101233e-04 4.34199447e-04 4.35922555e-04 4.37266714e-04 4.38228945e-04 4.38807131e-04 4.39000000e-04 4.38807131e-04 4.38228945e-04 4.37266714e-04 4.35922555e-04 4.34199447e-04 4.32101233e-04 4.29632629e-04 4.26799237e-04 4.23607550e-04 4.20064955e-04 4.16179742e-04 4.11961092e-04 4.07419077e-04 4.02564637e-04 3.97409562e-04 3.91966457e-04 3.86248706e-04 3.80270421e-04 3.74046387e-04 3.67591998e-04 3.60923184e-04 3.54056335e-04 3.47008214e-04 3.39795875e-04 3.32436568e-04 3.24947647e-04 3.17346481e-04 3.09650355e-04 3.01876388e-04 2.94041444e-04 2.86162045e-04 2.78254304e-04 2.70333845e-04 2.62415745e-04 2.54514475e-04 2.46643852e-04 2.38816995e-04 2.31046296e-04 2.23343389e-04 2.15719133e-04 2.08183603e-04 2.00746081e-04 1.93415060e-04 1.86198251e-04 1.79102594e-04 1.72134277e-04 1.65298755e-04 1.58600777e-04 1.52044410e-04 1.45633074e-04 1.39369568e-04 1.33256107e-04 1.27294354e-04 1.21485457e-04 1.15830081e-04 1.10328445e-04 1.04980353e-04 9.97852337e-05 9.47421653e-05 8.98499130e-05 8.51069570e-05 8.05115220e-05 7.60616051e-05 7.17550018e-05 6.75893312e-05 6.35620587e-05 5.96705185e-05 5.59119335e-05 5.22834342e-05 4.87820765e-05 4.54048572e-05 4.21487292e-05 3.90106150e-05 3.59874187e-05 3.30760373e-05 3.02733709e-05 2.75763312e-05 2.49818503e-05 2.24868874e-05 2.00884352e-05 1.77835256e-05 1.55692345e-05 1.34426860e-05 1.14010560e-05 9.44157531e-06 7.56153203e-06 5.75827377e-06 4.02920921e-06 2.37180939e-06 7.83608668e-07 -7.37794726e-07 -2.19473831e-06 -3.58949530e-06 -4.92427469e-06 -6.20122164e-06 -7.42241795e-06 -8.58988271e-06 -9.70557309e-06 -1.07713853e-05 -1.17891553e-05
1.78074224e-04 1.27614168e-04 1.02278287e-04 1.05041239e-04 1.10385781e-04 1.15966164e-04 1.21705512e-04 1.27603088e-04 1.33658334e-04 1.39870201e-04 1.46237110e-04 1.52756916e-04 1.59426874e-04 1.66243600e-04 1.73203040e-04 1.80300438e-04 1.87530306e-04 1.94886398e-04 2.02361686e-04 2.09948343e-04 2.17637728e-04 2.25420378e-04 2.33286005e-04 2.41223501e-04 2.49220946e-04 2.57265631e-04 2.65344083e-04 2.73442097e-04 2.81544783e-04 2.89636610e-04 2.97701474e-04 3.05722757e-04 3.13683402e-04 3.21565997e-04 3.29352857e-04 3.37026116e-04 3.44567821e-04 3.51960027e-04 3.59184897e-04 3.66224798e-04 3.73062395e-04 3.79680746e-04 3.86063385e-04 3.92194408e-04 3.98058547e-04 4.03641233e-04 4.08928662e-04 4.13907838e-04 4.18566616e-04 4.22893734e-04 4.26878837e-04 4.30512488e-04 4.33786179e-04 4.36692332e-04 4.39224294e-04 4.41376330e-04 4.43143614e-04 4.44522217e-04 4.45509097e-04 4.46102089e-04 4.46299896e-04 4.46102089e-04 4.45509097e-04 4.44522217e-04 4.43143614e-04 4.41376330e-04 4.39224294e-04 4.36692332e-04 4.33786179e-04 4.30512488e-04 4.26878837e-04 4.22893734e-04 4.18566616e-04 4.13907838e-04 4.08928662e-04 4.03641233e-04 3.98058547e-04 3.92194408e-04 3.86063385e-04 3.79680746e-04 3.73062395e-04 3.66224798e-04 3.59184897e-04 3.51960027e-04 3.44567821e-04 3.37026116e-04 3.29352857e-04 3.21565997e-04 3.13683402e-04 3.05722757e-04 2.97701474e-04 2.89636610e-04 2.81544783e-04 2.73442097e-04 2.65344083e-04 2.57265631e-04 2.49220946e-04 2.41223501e-04 2.33286005e-04 2.25420378e-04 2.17637728e-04 2.09948343e-04 2.02361686e-04 1.94886398e-04 1.87530306e-04 1.80300438e-04 1.73203040e-04 1.66243600e-04 1.59426874e-04 1.52756916e-04 1.46237110e-04 1.39870201e-04 1.33658334e-04 1.27603088e-04 1.21705512e-04 1.15966163e-04 1.10385141e-04 1.04962125e-04 9.96964082e-05 9.45869329e-05 8.96323217e-05 8.48309101e-05 8.01807763e-05 7.56797702e-05 7.13255401e-05 6.71155585e-05 6.30471458e-05 5.91174933e-05 5.53236830e-05 5.16627079e-05 4.81314892e-05 4.47268929e-05 4.14457446e-05 3.82848435e-05 3.52409745e-05 3.23109196e-05 2.94914679e-05 2.67794248e-05 2.41716200e-05 2.16649146e-05 1.92562076e-05 1.69424411e-05 1.47206054e-05 1.25877431e-05 1.05409522e-05 8.57738964e-06 6.69427312e-06 4.88888351e-06 3.15856616e-06 1.50073209e-06 -8.71412170e-08 -1.60750933e-06 -3.06276066e-06 -4.45521648e-06 -5.78713119e-06 -7.06069278e-06 -8.27802345e-06 -9.44118033e-06 -1.05521565e-05 -1.16128817e-05 -1.26252240e-05
1.79593453e-04 1.27643001e-04 1.02157633e-04 1.04988048e-04 1.10407678e-04 1.16067866e-04 1.21891722e-04 1.27878635e-04 1.34028163e-04 1.40339363e-04 1.46810747e-04 1.53440250e-04 1.60225185e-04 1.67162210e-04 1.74247292e-04 1.81475673e-04 1.88841836e-04 1.96339481e-04 2.03961496e-04 2.11699939e-04 2.19546021e-04 2.27490099e-04 2.35521667e-04 2.43629364e-04 2.51800982e-04 2.60023486e-04 2.68283040e-04 2.76565041e-04 2.84854165e-04 2.93134417e-04 3.01389195e-04 3.09601356e-04 3.17753296e-04 3.25827032e-04 3.33804290e-04 3.41666604e-04 3.49395413e-04 3.56972161e-04 3.64378401e-04 3.71595897e-04 3.78606723e-04 3.85393362e-04 3.91938795e-04 3.98226589e-04 4.04240973e-04 4.09966912e-04 4.15390164e-04 4.20497332e-04 4.25275907e-04 4.29714299e-04 4.33801860e-04 4.37528895e-04 4.40886675e-04 4.43867429e-04 4.46464342e-04 4.48671546e-04 4.50484107e-04 4.51898009e-04 4.52910147e-04 4.53518311e-04 4.53721179e-04 4.53518311e-04 4.52910147e-04 4.51898009e-04 4.50484107e-04 4.48671546e-04 4.46464342e-04 4.43867429e-04 4.40886675e-04 4.37528895e-04 4.33801860e-04 4.29714299e-04 4.25275907e-04 4.20497332e-04 4.15390164e-04 4.09966912e-04 4.04240973e-04 3.98226589e-04 3.91938795e-04 3.85393362e-04 3.78606723e-04 3.71595897e-04 3.64378401e-04 3.56972161e-04 3.49395413e-04 3.41666604e-04 3.33804290e-04 3.25827032e-04 3.17753296e-04 3.09601356e-04 3.01389195e-04 2.93134417e-04 2.84854165e-04 2.76565041e-04 2.68283040e-04 2.60023486e-04 2.51800982e-04 2.43629364e-04 2.35521667e-04 2.27490099e-04 2.19546021e-04 2.11699939e-04 2.03961496e-04 1.96339481e-04 1.88841836e-04 1.81475673e-04 1.74247292e-04 1.67162210e-04 1.60225185e-04 1.53440250e-04 1.46810747e-04 1.40339363e-04 1.34028163e-04 1.27878635e-04 1.21891722e-04 1.16067864e-04 1.10407036e-04 1.04908783e-04 9.95722566e-05 9.43962549e-05 8.93792510e-05 8.45194291e-05 7.98147143e-05 7.52628028e-05 7.08611898e-05 6.66071956e-05 6.24979901e-05 5.85306163e-05 5.47020109e-05 5.10090246e-05 4.74484399e-05 4.40169877e-05 4.07113630e-05 3.75282381e-05 3.44642755e-05 3.15161394e-05 2.86805053e-05 2.59540697e-05 2.33335577e-05 2.08157304e-05 1.83973910e-05 1.60753903e-05 1.38466316e-05 1.17080742e-05 9.65673731e-06 7.68970272e-06 5.80411695e-06 3.99719319e-06 2.26621271e-06 6.08525820e-07 -9.78447421e-07 -2.49721688e-06 -3.95022225e-06 -5.33983323e-06 -6.66834993e-06 -7.93800338e-06 -9.15095634e-06 -1.03093042e-05 -1.14150758e-05 -1.24702349e-05 -1.34766812e-05
1.81107958e-04 1.27621610e-04 1.01999376e-04 1.04898598e-04 1.10393629e-04 1.16134009e-04 1.22042878e-04 1.28119758e-04 1.34364332e-04 1.40775769e-04 1.47352683e-04 1.54093092e-04 1.60994377e-04 1.68053247e-04 1.75265693e-04 1.82626962e-04 1.90131515e-04 1.97773000e-04 2.05544225e-04 2.13437134e-04 2.21442794e-04 2.29551376e-04 2.37752159e-04 2.46033523e-04 2.54382967e-04 2.62787123e-04 2.71231782e-04 2.79701932e-04 2.88181804e-04 2.96654924e-04 3.05104174e-04 3.13511872e-04 3.21859844e-04 3.30129515e-04 3.38302002e-04 3.46358218e-04 3.54278969e-04 3.62045064e-04 3.69637424e-04 3.77037185e-04 3.84225810e-04 3.91185185e-04 3.97897715e-04 4.04346422e-04 4.10515015e-04 4.16387975e-04 4.21950610e-04 4.27189110e-04 4.32090593e-04 4.36643131e-04 4.40835779e-04 4.44658582e-04 4.48102582e-04 4.51159816e-04 4.53823307e-04 4.56087054e-04 4.57946013e-04 4.59396087e-04 4.60434105e-04 4.61057814e-04 4.61265866e-04 4.61057814e-04 4.60434105e-04 4.59396087e-04 4.57946013e-04 4.56087054e-04 4.53823307e-04 4.51159816e-04 4.48102582e-04 4.44658582e-04 4.40835779e-04 4.36643131e-04 4.32090593e-04 4.27189110e-04 4.21950610e-04 4.16387975e-04 4.10515015e-04 4.04346422e-04 3.97897715e-04 3.91185185e-04 3.84225810e-04 3.77037185e-04 3.69637424e-04 3.62045064e-04 3.54278969e-04 3.46358218e-04 3.38302002e-04 3.30129515e-04 3.21859844e-04 3.13511872e-04 3.05104174e-04 2.96654924e-04 2.88181804e-04 2.79701932e-04 2.71231782e-04 2.62787123e-04 2.54382967e-04 2.46033523e-04 2.37752159e-04 2.29551376e-04 2.21442794e-04 2.13437134e-04 2.05544225e-04 1.97773000e-04 1.90131515e-04 1.82626962e-04 1.75265693e-04 1.68053247e-04 1.60994377e-04 1.54093092e-04 1.47352683e-04 1.40775769e-04 1.34364332e-04 1.28119758e-04 1.22042878e-04 1.16134007e-04 1.10392985e-04 1.04819215e-04 9.94117027e-05 9.41690911e-05 8.90896979e-05 8.41715484e-05 7.94124080e-05 7.48098129e-05 7.03610987e-05 6.60634277e-05 6.19138138e-05 5.79091464e-05 5.40462120e-05 5.03217144e-05 4.67322929e-05 4.32745398e-05 3.99450151e-05 3.67402612e-05 3.36568151e-05 3.06912199e-05 2.78400351e-05 2.50998456e-05 2.24672699e-05 1.99389669e-05 1.75116423e-05 1.51820539e-05 1.29470162e-05 1.08034043e-05 8.74815724e-06 6.77828054e-06 4.89084854e-06 3.08300599e-06 1.35196932e-06 -3.04972470e-07 -1.89045731e-06 -3.40704981e-06 -4.85724136e-06 -6.24345041e-06 -7.56802299e-06 -8.83323342e-06 -1.00412852e-05 -1.11943119e-05 -1.22943786e-05 -1.33434827e-05 -1.43435555e-05
1.82617126e-04 1.27548040e-04 1.01802380e-04 1.04771757e-04 1.10342466e-04 1.16163393e-04 1.22157749e-04 1.28325196e-04 1.34665551e-04 1.41178105e-04 1.47861580e-04 1.54714087e-04 1.61733084e-04 1.68915334e-04 1.76256865e-04 1.83752931e-04 1.91397976e-04 1.99185603e-04 2.07108542e-04 2.15158628e-04 2.23326780e-04 2.31602990e-04 2.39976313e-04 2.48434872e-04 2.56965864e-04 2.65555580e-04 2.74189432e-04 2.82851988e-04 2.91527019e-04 3.00197554e-04 3.08845950e-04 3.17453961e-04 3.26002825e-04 3.34473354e-04 3.42846035e-04 3.51101132e-04 3.59218796e-04 3.67179178e-04 3.74962540e-04 3.82549370e-04 3.89920492e-04 3.97057173e-04 4.03941225e-04 4.10555100e-04 4.16881973e-04 4.22905822e-04 4.28611493e-04 4.33984751e-04 4.39012328e-04 4.43681956e-04 4.47982383e-04 4.51903389e-04 4.55435788e-04 4.58571422e-04 4.61303153e-04 4.63624845e-04 4.65531348e-04 4.67018481e-04 4.68083012e-04 4.68722646e-04 4.68936010e-04 4.68722646e-04 4.68083012e-04 4.67018481e-04 4.65531348e-04 4.63624845e-04 4.61303153e-04 4.58571422e-04 4.55435788e-04 4.51903389e-04 4.47982383e-04 4.43681956e-04 4.39012328e-04 4.33984751e-04 4.28611493e-04 4.22905822e-04 4.16881973e-04 4.10555100e-04 4.03941225e-04 3.97057173e-04 3.89920492e-04 3.82549370e-04 3.74962540e-04 3.67179178e-04 3.59218796e-04 3.51101132e-04 3.42846035e-04 3.34473354e-04 3.26002825e-04 3.17453961e-04 3.08845950e-04 3.00197554e-04 2.91527019e-04 2.82851988e-04 2.74189432e-04 2.65555580e-04 2.56965864e-04 2.48434872e-04 2.39976313e-04 2.31602990e-04 2.23326780e-04 2.15158628e-04 2.07108542e-04 1.99185603e-04 1.91397976e-04 1.83752931e-04 1.76256865e-04 1.68915334e-04 1.61733084e-04 1.54714087e-04 1.47861580e-04 1.41178105e-04 1.34665551e-04 1.28325196e-04 1.22157749e-04 1.16163391e-04 1.10341821e-04 1.04692292e-04 9.92136532e-05 9.39043865e-05 8.87626458e-05 8.37862906e-05 7.89729194e-05 7.43199016e-05 6.98244070e-05 6.54834338e-05 6.12938341e-05 5.72523386e-05 5.33555783e-05 4.96001055e-05 4.59824121e-05 4.24989472e-05 3.91461327e-05 3.59203772e-05 3.28180889e-05 2.98356872e-05 2.69696128e-05 2.42163365e-05 2.15723679e-05 1.90342617e-05 1.65986242e-05 1.42621186e-05 1.20214692e-05 9.87346544e-06 7.81496496e-06 5.84289614e-06 3.95426014e-06 2.14613245e-06 4.15663964e-07 -1.23991824e-06 -2.82331058e-06 -4.33713288e-06 -5.78392855e-06 -7.16616509e-06 -8.48623470e-06 -9.74645514e-06 -1.09490707e-05 -1.20962535e-05 -1.31901045e-05 -1.42326550e-05 -1.52258680e-05
1.84120330e-04 1.27420290e-04 1.01565488e-04 1.04606374e-04 1.10253004e-04 1.16154794e-04 1.22235075e-04 1.28493657e-04 1.34930499e-04 1.41545022e-04 1.48336067e-04 1.55301846e-04 1.62439901e-04 1.69747059e-04 1.77219388e-04 1.84852160e-04 1.92639807e-04 2.00575892e-04 2.08653071e-04 2.16863072e-04 2.25196670e-04 2.33643674e-04 2.42192916e-04 2.50832258e-04 2.59548589e-04 2.68327854e-04 2.77155074e-04 2.86014385e-04 2.94889087e-04 3.03761699e-04 3.12614029e-04 3.21427251e-04 3.30181995e-04 3.38858438e-04 3.47436410e-04 3.55895506e-04 3.64215195e-04 3.72374942e-04 3.80354328e-04 3.88133164e-04 3.95691613e-04 4.03010301e-04 4.10070421e-04 4.16853837e-04 4.23343170e-04 4.29521880e-04 4.35374334e-04 4.40885862e-04 4.46042802e-04 4.50832533e-04 4.55243494e-04 4.59265194e-04 4.62888219e-04 4.66104213e-04 4.68905878e-04 4.71286945e-04 4.73242159e-04 4.74767257e-04 4.75858948e-04 4.76514893e-04 4.76733696e-04 4.76514893e-04 4.75858948e-04 4.74767257e-04 4.73242159e-04 4.71286945e-04 4.68905878e-04 4.66104213e-04 4.62888219e-04 4.59265194e-04 4.55243494e-04 4.50832533e-04 4.46042802e-04 4.40885862e-04 4.35374334e-04 4.29521880e-04 4.23343170e-04 4.16853837e-04 4.10070421e-04 4.03010301e-04 3.95691613e-04 3.88133164e-04 3.80354328e-04 3.72374942e-04 3.64215195e-04 3.55895506e-04 3.47436410e-04 3.38858438e-04 3.30181995e-04 3.21427251e-04 3.12614029e-04 3.03761699e-04 2.94889087e-04 2.86014385e-04 2.77155074e-04 2.68327854e-04 2.59548589e-04 2.50832258e-04 2.42192916e-04 2.33643674e-04 2.25196670e-04 2.16863072e-04 2.08653071e-04 2.00575892e-04 1.92639807e-04 1.84852160e-04 1.77219388e-04 1.69747059e-04 1.62439901e-04 1.55301846e-04 1.48336067e-04 1.41545022e-04 1.34930499e-04 1.28493657e-04 1.22235075e-04 1.16154793e-04 1.10252358e-04 1.04526865e-04 9.89769979e-05 9.36010706e-05 8.83970648e-05 8.33626665e-05 7.84953001e-05 7.37921614e-05 6.92502478e-05 6.48663871e-05 6.06372640e-05 5.65594447e-05 5.26293998e-05 4.88435252e-05 4.51981610e-05 4.16896091e-05 3.83141492e-05 3.50680527e-05 3.19475960e-05 2.89490715e-05 2.60687983e-05 2.33031312e-05 2.06484681e-05 1.81012578e-05 1.56580053e-05 1.33152774e-05 1.10697069e-05 8.91799629e-06 6.85692057e-06 4.88332996e-06 2.99415156e-06 1.18639081e-06 -5.42867575e-07 -2.19645904e-06 -3.77713898e-06 -5.28758280e-06 -6.73038630e-06 -8.10806628e-06 -9.42306130e-06 -1.06777327e-05 -1.18743658e-05 -1.30151711e-05 -1.41022855e-05 -1.51377742e-05 -1.61236319e-05
1.85616926e-04 1.27236313e-04 1.01287529e-04 1.04401280e-04 1.10124035e-04 1.16106968e-04 1.22273574e-04 1.28623824e-04 1.35157827e-04 1.41875145e-04 1.48774743e-04 1.55854946e-04 1.63113387e-04 1.70546967e-04 1.78151803e-04 1.85923189e-04 1.93855554e-04 2.01942425e-04 2.10176390e-04 2.18549072e-04 2.27051104e-04 2.35672113e-04 2.44400707e-04 2.53224480e-04 2.62130013e-04 2.71102895e-04 2.80127746e-04 2.89188260e-04 2.98267250e-04 3.07346710e-04 3.16407882e-04 3.25431342e-04 3.34397086e-04 3.43284633e-04 3.52073135e-04 3.60741488e-04 3.69268456e-04 3.77632791e-04 3.85813363e-04 3.93789284e-04 4.01540028e-04 4.09045554e-04 4.16286416e-04 4.23243866e-04 4.29899953e-04 4.36237601e-04 4.42240685e-04 4.47894084e-04 4.53183735e-04 4.58096654e-04 4.62620966e-04 4.66745909e-04 4.70461833e-04 4.73760190e-04 4.76633518e-04 4.79075417e-04 4.81080531e-04 4.82644516e-04 4.83764022e-04 4.84436672e-04 4.84661046e-04 4.84436672e-04 4.83764022e-04 4.82644516e-04 4.81080531e-04 4.79075417e-04 4.76633518e-04 4.73760190e-04 4.70461833e-04 4.66745909e-04 4.62620966e-04 4.58096654e-04 4.53183735e-04 4.47894084e-04 4.42240685e-04 4.36237601e-04 4.29899953e-04 4.23243866e-04 4.16286416e-04 4.09045554e-04 4.01540028e-04 3.93789284e-04 3.85813363e-04 3.77632791e-04 3.69268456e-04 3.60741488e-04 3.52073135e-04 3.43284633e-04 3.34397086e-04 3.25431342e-04 3.16407882e-04 3.07346710e-04 2.98267250e-04 2.89188260e-04 2.80127746e-04 2.71102895e-04 2.62130013e-04 2.53224480e-04 2.44400707e-04 2.35672113e-04 2.27051104e-04 2.18549072e-04 2.10176390e-04 2.01942425e-04 1.93855554e-04 1.85923189e-04 1.78151803e-04 1.70546967e-04 1.63113387e-04 1.55854946e-04 1.48774743e-04 1.41875145e-04 1.35157827e-04 1.28623824e-04 1.22273574e-04 1.16106967e-04 1.10123388e-04 1.04321766e-04 9.87006100e-05 9.32580582e-05 8.79919119e-05 8.28996757e-05 7.79785923e-05 7.32256769e-05 6.86377477e-05 6.42114558e-05 5.99433123e-05 5.58297138e-05 5.18669649e-05 4.80513002e-05 4.43789037e-05 4.08459258e-05 3.74485000e-05 3.41827573e-05 3.10448387e-05 2.80309068e-05 2.51371566e-05 2.23598237e-05 1.96951928e-05 1.71396045e-05 1.46894607e-05 1.23412303e-05 1.00914531e-05 7.93674309e-06 5.87379183e-06 3.89937026e-06 2.01033058e-06 2.03607426e-07 -1.52378132e-06 -3.17473416e-06 -4.75206591e-06 -6.25850795e-06 -7.69670875e-06 -9.06923463e-06 -1.03785707e-05 -1.16271221e-05 -1.28172149e-05 -1.39510983e-05 -1.50309452e-05 -1.60588544e-05 -1.70368523e-05
1.87106255e-04 1.26994019e-04 1.00967314e-04 1.04155287e-04 1.09954330e-04 1.16018645e-04 1.22271939e-04 1.28714354e-04 1.35346158e-04 1.42167063e-04 1.49176171e-04 1.56371925e-04 1.63752063e-04 1.71313565e-04 1.79052606e-04 1.86964513e-04 1.95043717e-04 2.03283714e-04 2.11677029e-04 2.20215185e-04 2.28888675e-04 2.37686943e-04 2.46598375e-04 2.55610292e-04 2.64708960e-04 2.73879605e-04 2.83106441e-04 2.92372704e-04 3.01660708e-04 3.10951903e-04 3.20226950e-04 3.29465801e-04 3.38647800e-04 3.47751784e-04 3.56756197e-04 3.65639214e-04 3.74378862e-04 3.82953156e-04 3.91340226e-04 3.99518454e-04 4.07466601e-04 4.15163934e-04 4.22590341e-04 4.29726443e-04 4.36553694e-04 4.43054466e-04 4.49212125e-04 4.55011090e-04 4.60436880e-04 4.65476146e-04 4.70116693e-04 4.74347482e-04 4.78158629e-04 4.81541390e-04 4.84488142e-04 4.86992360e-04 4.89048583e-04 4.90652393e-04 4.91800383e-04 4.92490138e-04 4.92720216e-04 4.92490138e-04 4.91800383e-04 4.90652393e-04 4.89048583e-04 4.86992360e-04 4.84488142e-04 4.81541390e-04 4.78158629e-04 4.74347482e-04 4.70116693e-04 4.65476146e-04 4.60436880e-04 4.55011090e-04 4.49212125e-04 4.43054466e-04 4.36553694e-04 4.29726443e-04 4.22590341e-04 4.15163934e-04 4.07466601e-04 3.99518454e-04 3.91340226e-04 3.82953156e-04 3.74378862e-04 3.65639214e-04 3.56756197e-04 3.47751784e-04 3.38647800e-04 3.29465801e-04 3.20226950e-04 3.10951903e-04 3.01660708e-04 2.92372704e-04 2.83106441e-04 2.73879605e-04 2.64708960e-04 2.55610292e-04 2.46598375e-04 2.37686943e-04 2.28888675e-04 2.20215185e-04 2.11677029e-04 2.03283714e-04 1.95043717e-04 1.86964513e-04 1.79052606e-04 1.71313565e-04 1.63752063e-04 1.56371925e-04 1.49176171e-04 1.42167063e-04 1.35346158e-04 1.28714354e-04 1.22271939e-04 1.16018643e-04 1.09953683e-04 1.04075807e-04 9.83833462e-05 9.28742498e-05 8.75461316e-05 8.23963067e-05 7.74218288e-05 7.26195247e-05 6.79860268e-05 6.35178029e-05 5.92111846e-05 5.50623926e-05 5.10675607e-05 4.72227573e-05 4.35240051e-05 3.99672993e-05 3.65486235e-05 3.32639641e-05 3.01093236e-05 2.70807321e-05 2.41742574e-05 2.13860139e-05 1.87121707e-05 1.61489579e-05 1.36926728e-05 1.13396847e-05 9.08643886e-06 6.92945991e-06 4.86535454e-06 2.89081353e-06 1.00261334e-06 -8.02382901e-07 -2.52722476e-06 -4.17487429e-06 -5.74820616e-06 -7.25000805e-06 -8.68298137e-06 -1.00497422e-05 -1.13528222e-05 -1.25946704e-05 -1.37776541e-05 -1.49040605e-05 -1.59760989e-05 -1.69959016e-05 -1.79655265e-05
1.88587645e-04 1.26691276e-04 1.00603637e-04 1.03867190e-04 1.09742641e-04 1.15888534e-04 1.22228838e-04 1.28763875e-04 1.35494084e-04 1.42419336e-04 1.49538879e-04 1.56851288e-04 1.64354411e-04 1.72045319e-04 1.79920255e-04 1.87974584e-04 1.96202748e-04 2.04598221e-04 2.13153469e-04 2.21859918e-04 2.30707924e-04 2.39686750e-04 2.48784556e-04 2.57988392e-04 2.67284201e-04 2.76656841e-04 2.86090105e-04 2.95566765e-04 3.05068618e-04 3.14576555e-04 3.24070633e-04 3.33530163e-04 3.42933812e-04 3.52259709e-04 3.61485566e-04 3.70588804e-04 3.79546688e-04 3.88336463e-04 3.96935493e-04 4.05321402e-04 4.13472207e-04 4.21366456e-04 4.28983347e-04 4.36302846e-04 4.43305792e-04 4.49973985e-04 4.56290268e-04 4.62238583e-04 4.67804026e-04 4.72972874e-04 4.77732604e-04 4.82071899e-04 4.85980639e-04 4.89449886e-04 4.92471860e-04 4.95039908e-04 4.97148472e-04 4.98793061e-04 4.99970213e-04 5.00677480e-04 5.00913397e-04 5.00677480e-04 4.99970213e-04 4.98793061e-04 4.97148472e-04 4.95039908e-04 4.92471860e-04 4.89449886e-04 4.85980639e-04 4.82071899e-04 4.77732604e-04 4.72972874e-04 4.67804026e-04 4.62238583e-04 4.56290268e-04 4.49973985e-04 4.43305792e-04 4.36302846e-04 4.28983347e-04 4.21366456e-04 4.13472207e-04 4.05321402e-04 3.96935493e-04 3.88336463e-04 3.79546688e-04 3.70588804e-04 3.61485566e-04 3.52259709e-04 3.42933812e-04 3.33530163e-04 3.24070633e-04 3.14576555e-04 3.05068618e-04 2.95566765e-04 2.86090105e-04 2.76656841e-04 2.67284201e-04 2.57988392e-04 2.48784556e-04 2.39686750e-04 2.30707924e-04 2.21859918e-04 2.13153469e-04 2.04598221e-04 1.96202748e-04 1.87974584e-04 1.79920255e-04 1.72045319e-04 1.64354411e-04 1.56851288e-04 1.49538879e-04 1.42419336e-04 1.35494084e-04 1.28763875e-04 1.22228838e-04 1.15888532e-04 1.09741994e-04 1.03787786e-04 9.80240470e-05 9.24485315e-05 8.70586559e-05 8.18515378e-05 7.68240336e-05 7.19727745e-05 6.72941998e-05 6.27845875e-05 5.84400832e-05 5.42567262e-05 5.02304739e-05 4.63572234e-05 4.26328318e-05 3.90531344e-05 3.56139609e-05 3.23111498e-05 2.91405620e-05 2.60980916e-05 2.31796768e-05 2.03813082e-05 1.76990369e-05 1.51289810e-05 1.26673312e-05 1.03103556e-05 8.05440362e-06 5.89590912e-06 3.83139296e-06 1.85746486e-06 -2.91752902e-08 -1.83173654e-06 -3.55333648e-06 -5.19700118e-06 -6.76566554e-06 -8.26217385e-06 -9.68928068e-06 -1.10496520e-05 -1.23458663e-05 -1.35804164e-05 -1.47557105e-05 -1.58740745e-05 -1.69377534e-05 -1.79489132e-05 -1.89096429e-05
1.90060405e-04 1.26325908e-04 1.00195278e-04 1.03535765e-04 1.09487700e-04 1.15715321e-04 1.22142914e-04 1.28770989e-04 1.35600168e-04 1.42630491e-04 1.49861363e-04 1.57291500e-04 1.64918873e-04 1.72740653e-04 1.80753160e-04 1.88951807e-04 1.97331054e-04 2.05884360e-04 2.14604139e-04 2.23481725e-04 2.32507339e-04 2.41670065e-04 2.50957837e-04 2.60357429e-04 2.69854459e-04 2.79433407e-04 2.89077638e-04 2.98769444e-04 3.08490094e-04 3.18219900e-04 3.27938298e-04 3.37623934e-04 3.47254771e-04 3.56808207e-04 3.66261191e-04 3.75590365e-04 3.84772199e-04 3.93783137e-04 4.02599747e-04 4.11198863e-04 4.19557731e-04 4.27654151e-04 4.35466605e-04 4.42974378e-04 4.50157673e-04 4.56997699e-04 4.63476758e-04 4.69578305e-04 4.75287001e-04 4.80588739e-04 4.85470666e-04 4.89921184e-04 4.93929937e-04 4.97487793e-04 5.00586818e-04 5.03220234e-04 5.05382392e-04 5.07068729e-04 5.08275734e-04 5.09000924e-04 5.09242818e-04 5.09000924e-04 5.08275734e-04 5.07068729e-04 5.05382392e-04 5.03220234e-04 5.00586818e-04 4.97487793e-04 4.93929937e-04 4.89921184e-04 4.85470666e-04 4.80588739e-04 4.75287001e-04 4.69578305e-04 4.63476758e-04 4.56997699e-04 4.50157673e-04 4.42974378e-04 4.35466605e-04 4.27654151e-04 4.19557731e-04 4.11198863e-04 4.02599747e-04 3.93783137e-04 3.84772199e-04 3.75590365e-04 3.66261191e-04 3.56808207e-04 3.47254771e-04 3.37623934e-04 3.27938298e-04 3.18219900e-04 3.08490094e-04 2.98769444e-04 2.89077638e-04 2.79433407e-04 2.69854459e-04 2.60357429e-04 2.50957837e-04 2.41670065e-04 2.32507339e-04 2.23481725e-04 2.14604139e-04 2.05884360e-04 1.97331054e-04 1.88951807e-04 1.80753160e-04 1.72740653e-04 1.64918873e-04 1.57291500e-04 1.49861363e-04 1.42630491e-04 1.35600168e-04 1.28770989e-04 1.22142914e-04 1.15715320e-04 1.09487052e-04 1.03456480e-04 9.76215369e-05 9.19797753e-05 8.65284049e-05 8.12643369e-05 7.61842223e-05 7.12844890e-05 6.65613760e-05 6.20109646e-05 5.76292082e-05 5.34119587e-05 4.93549912e-05 4.54540268e-05 4.17047522e-05 3.81028385e-05 3.46439574e-05 3.13237962e-05 2.81380703e-05 2.50825354e-05 2.21529970e-05 1.93453196e-05 1.66554342e-05 1.40793448e-05 1.16131338e-05 9.25296649e-06 6.99509517e-06 4.83586176e-06 2.77170025e-06 7.99138363e-07 -1.08520131e-06 -2.88460066e-06 -4.60224579e-06 -6.24122727e-06 -7.80454055e-06 -9.29508680e-06 -1.07156739e-05 -1.20690179e-05 -1.33577442e-05 -1.45843892e-05 -1.57514025e-05 -1.68611480e-05 -1.79159066e-05 -1.89178778e-05 -1.98691817e-05
1.91523832e-04 1.25895698e-04 9.97409986e-05 1.03159771e-04 1.09188217e-04 1.15497671e-04 1.22012785e-04 1.28734271e-04 1.35662943e-04 1.42799023e-04 1.50142084e-04 1.57690993e-04 1.65443854e-04 1.73397951e-04 1.81549690e-04 1.89894542e-04 1.98426994e-04 2.07140497e-04 2.16027420e-04 2.25079009e-04 2.34285356e-04 2.43635367e-04 2.53116749e-04 2.62715997e-04 2.72418401e-04 2.82208055e-04 2.92067887e-04 3.01979695e-04 3.11924205e-04 3.21881134e-04 3.31829272e-04 3.41746579e-04 3.51610293e-04 3.61397047e-04 3.71083002e-04 3.80643988e-04 3.90055649e-04 3.99293597e-04 4.08333570e-04 4.17151580e-04 4.25724073e-04 4.34028069e-04 4.42041306e-04 4.49742367e-04 4.57110791e-04 4.64127179e-04 4.70773276e-04 4.77032034e-04 4.82887667e-04 4.88325681e-04 4.93332887e-04 4.97897401e-04 5.02008635e-04 5.05657264e-04 5.08835201e-04 5.11535552e-04 5.13752576e-04 5.15481644e-04 5.16719202e-04 5.17462735e-04 5.17710745e-04 5.17462735e-04 5.16719202e-04 5.15481644e-04 5.13752576e-04 5.11535552e-04 5.08835201e-04 5.05657264e-04 5.02008635e-04 4.97897401e-04 4.93332887e-04 4.88325681e-04 4.82887667e-04 4.77032034e-04 4.70773276e-04 4.64127179e-04 4.57110791e-04 4.49742367e-04 4.42041306e-04 4.34028069e-04 4.25724073e-04 4.17151580e-04 4.08333570e-04 3.99293597e-04 3.90055649e-04 3.80643988e-04 3.71083002e-04 3.61397047e-04 3.51610293e-04 3.41746579e-04 3.31829272e-04 3.21881134e-04 3.11924205e-04 3.01979695e-04 2.92067887e-04 2.82208055e-04 2.72418401e-04 2.62715997e-04 2.53116749e-04 2.43635367e-04 2.34285356e-04 2.25079009e-04 2.16027420e-04 2.07140497e-04 1.98426994e-04 1.89894542e-04 1.81549690e-04 1.73397951e-04 1.65443854e-04 1.57690993e-04 1.50142084e-04 1.42799023e-04 1.35662943e-04 1.28734271e-04 1.22012785e-04 1.15497669e-04 1.09187570e-04 1.03080647e-04 9.71746250e-05 9.14668401e-05 8.59542872e-05 8.06336622e-05 7.55014025e-05 7.05537249e-05 6.57866602e-05 6.11960864e-05 5.67777579e-05 5.25273332e-05 4.84403999e-05 4.45124974e-05 4.07391375e-05 3.71158226e-05 3.36380627e-05 3.03013896e-05 2.71013707e-05 2.40336196e-05 2.10938069e-05 1.82776685e-05 1.55810130e-05 1.29997282e-05 1.05297866e-05 8.16724942e-06 5.90827029e-06 3.74909806e-06 1.68607886e-06 -2.84342425e-07 -2.16562122e-06 -3.96111284e-06 -5.67407243e-06 -7.30765541e-06 -8.86491810e-06 -1.03488188e-05 -1.17622188e-05 -1.31078844e-05 -1.43884877e-05 -1.56066091e-05 -1.67647389e-05 -1.78652796e-05 -1.89105474e-05 -1.99027752e-05 -2.08441141e-05
1.92977205e-04 1.25398391e-04 9.92395481e-05 1.02737947e-04 1.08842884e-04 1.15234225e-04 1.21837045e-04 1.28652269e-04 1.35680914e-04 1.42923395e-04 1.50379465e-04 1.58048157e-04 1.65927717e-04 1.74015553e-04 1.82308167e-04 1.90801100e-04 1.99488875e-04 2.08364944e-04 2.17421637e-04 2.26650120e-04 2.36040356e-04 2.45581078e-04 2.55259766e-04 2.65062636e-04 2.74974642e-04 2.84979486e-04 2.95059648e-04 3.05196422e-04 3.15369973e-04 3.25559404e-04 3.35742842e-04 3.45897534e-04 3.55999965e-04 3.66025976e-04 3.75950909e-04 3.85749750e-04 3.95397284e-04 4.04868259e-04 4.14137545e-04 4.23180303e-04 4.31972142e-04 4.40489275e-04 4.48708666e-04 4.56608166e-04 4.64166632e-04 4.71364032e-04 4.78181537e-04 4.84601583e-04 4.90607929e-04 4.96185683e-04 5.01321315e-04 5.06002658e-04 5.10218888e-04 5.13960494e-04 5.17219237e-04 5.19988112e-04 5.22261294e-04 5.24034093e-04 5.25302913e-04 5.26065213e-04 5.26319481e-04 5.26065213e-04 5.25302913e-04 5.24034093e-04 5.22261294e-04 5.19988112e-04 5.17219237e-04 5.13960494e-04 5.10218888e-04 5.06002658e-04 5.01321315e-04 4.96185683e-04 4.90607929e-04 4.84601583e-04 4.78181537e-04 4.71364032e-04 4.64166632e-04 4.56608166e-04 4.48708666e-04 4.40489275e-04 4.31972142e-04 4.23180303e-04 4.14137545e-04 4.04868259e-04 3.95397284e-04 3.85749750e-04 3.75950909e-04 3.66025976e-04 3.55999965e-04 3.45897534e-04 3.35742842e-04 3.25559404e-04 3.15369973e-04 3.05196422e-04 2.95059648e-04 2.84979486e-04 2.74974642e-04 2.65062636e-04 2.55259766e-04 2.45581078e-04 2.36040356e-04 2.26650120e-04 2.17421637e-04 2.08364944e-04 1.99488875e-04 1.90801100e-04 1.82308167e-04 1.74015553e-04 1.65927717e-04 1.58048157e-04 1.50379465e-04 1.42923395e-04 1.35680914e-04 1.28652269e-04 1.21837045e-04 1.15234224e-04 1.08842239e-04 1.02659032e-04 9.66821051e-05 9.09085714e-05 8.53352001e-05 7.99584629e-05 7.47745747e-05 6.97795329e-05 6.49691530e-05 6.03391021e-05 5.58849292e-05 5.16020932e-05 4.74859884e-05 4.35319674e-05 3.97353621e-05 3.60915020e-05 3.25957311e-05 2.92434225e-05 2.60299917e-05 2.29509078e-05 2.00017033e-05 1.71779833e-05 1.44754318e-05 1.18898187e-05 9.41700489e-06 7.05294576e-06 4.79369518e-06 2.63540781e-06 5.74340954e-07 -1.39314414e-06 -3.27058161e-06 -5.06140072e-06 -6.76892614e-06 -8.39637846e-06 -9.94687515e-06 -1.14234317e-05 -1.28289633e-05 -1.41662860e-05 -1.54381189e-05 -1.66470864e-05 -1.77957194e-05 -1.88864585e-05 -1.99216555e-05 -2.09035762e-05 -2.18344025e-05
1.94419790e-04 1.24831692e-04 9.86896595e-05 1.02269019e-04 1.08450374e-04 1.14923604e-04 1.21614263e-04 1.28523502e-04 1.35652553e-04 1.43002037e-04 1.50571899e-04 1.58361346e-04 1.66368784e-04 1.74591754e-04 1.83026868e-04 1.91669746e-04 2.00514957e-04 2.09555963e-04 2.18785063e-04 2.28193349e-04 2.37770663e-04 2.47505564e-04 2.57385307e-04 2.67395827e-04 2.77521737e-04 2.87746342e-04 2.98051663e-04 3.08418477e-04 3.18826372e-04 3.29253818e-04 3.39678255e-04 3.50076195e-04 3.60423339e-04 3.70694712e-04 3.80864800e-04 3.90907713e-04 4.00797342e-04 4.10507533e-04 4.20012259e-04 4.29285789e-04 4.38302863e-04 4.47038853e-04 4.55469922e-04 4.63573159e-04 4.71326712e-04 4.78709899e-04 4.85703295e-04 4.92288810e-04 4.98449733e-04 5.04170767e-04 5.09438042e-04 5.14239103e-04 5.18562894e-04 5.22399717e-04 5.25741194e-04 5.28580208e-04 5.30910859e-04 5.32728401e-04 5.34029202e-04 5.34810699e-04 5.35071366e-04 5.34810699e-04 5.34029202e-04 5.32728401e-04 5.30910859e-04 5.28580208e-04 5.25741194e-04 5.22399717e-04 5.18562894e-04 5.14239103e-04 5.09438042e-04 5.04170767e-04 4.98449733e-04 4.92288810e-04 4.85703295e-04 4.78709899e-04 4.71326712e-04 4.63573159e-04 4.55469922e-04 4.47038853e-04 4.38302863e-04 4.29285789e-04 4.20012259e-04 4.10507533e-04 4.00797342e-04 3.90907713e-04 3.80864800e-04 3.70694712e-04 3.60423339e-04 3.50076195e-04 3.39678255e-04 3.29253818e-04 3.18826372e-04 3.08418477e-04 2.98051663e-04 2.87746342e-04 2.77521737e-04 2.67395827e-04 2.57385307e-04 2.47505564e-04 2.37770663e-04 2.28193349e-04 2.18785063e-04 2.09555963e-04 2.00514957e-04 1.91669746e-04 1.83026868e-04 1.74591754e-04 1.66368784e-04 1.58361346e-04 1.50571899e-04 1.43002037e-04 1.35652553e-04 1.28523502e-04 1.21614263e-04 1.14923602e-04 1.08449730e-04 1.02190358e-04 9.61427560e-05 9.03038021e-05 8.46700307e-05 7.92376795e-05 7.40027324e-05 6.89609591e-05 6.41079516e-05 5.94391591e-05 5.49499185e-05 5.06354826e-05 4.64910469e-05 4.25117718e-05 3.86928043e-05 3.50292965e-05 3.15164226e-05 2.81493933e-05 2.49234688e-05 2.18339705e-05 1.88762907e-05 1.60459007e-05 1.33383582e-05 1.07493132e-05 8.27451319e-06 5.90980650e-06 3.65114593e-06 1.49459085e-06 -5.63691135e-07 -2.52742319e-06 -4.40021877e-06 -6.18558164e-06 -7.88690635e-06 -9.50747899e-06 -1.10504784e-05 -1.25189775e-05 -1.39159450e-05 -1.52442472e-05 -1.65066503e-05 -1.77058218e-05 -1.88443338e-05 -1.99246645e-05 -2.09492011e-05 -2.19202422e-05 -2.28400000e-05
1.95850838e-04 1.24193271e-04 9.80900520e-05 1.01751693e-04 1.08009339e-04 1.14564405e-04 1.21342984e-04 1.28346464e-04 1.35576305e-04 1.43033346e-04 1.50717738e-04 1.58628876e-04 1.66765337e-04 1.75124808e-04 1.83704023e-04 1.92498693e-04 2.01503445e-04 2.10711759e-04 2.20115913e-04 2.29706932e-04 2.39474541e-04 2.49407131e-04 2.59491731e-04 2.69713992e-04 2.80058185e-04 2.90507211e-04 3.01042620e-04 3.11644659e-04 3.22292324e-04 3.32963432e-04 3.43634713e-04 3.54281918e-04 3.64879938e-04 3.75402944e-04 3.85824540e-04 3.96117920e-04 4.06256048e-04 4.16211830e-04 4.25958300e-04 4.35468803e-04 4.44717174e-04 4.53677910e-04 4.62326337e-04 4.70638757e-04 4.78592583e-04 4.86166457e-04 4.93340346e-04 5.00095611e-04 5.06415066e-04 5.12283004e-04 5.17685205e-04 5.22608931e-04 5.27042894e-04 5.30977216e-04 5.34403381e-04 5.37314174e-04 5.39703622e-04 5.41566932e-04 5.42900442e-04 5.43701570e-04 5.43968782e-04 5.43701570e-04 5.42900442e-04 5.41566932e-04 5.39703622e-04 5.37314174e-04 5.34403381e-04 5.30977216e-04 5.27042894e-04 5.22608931e-04 5.17685205e-04 5.12283004e-04 5.06415066e-04 5.00095611e-04 4.93340346e-04 4.86166457e-04 4.78592583e-04 4.70638757e-04 4.62326337e-04 4.53677910e-04 4.44717174e-04 4.35468803e-04 4.25958300e-04 4.16211830e-04 4.06256048e-04 3.96117920e-04 3.85824540e-04 3.75402944e-04 3.64879938e-04 3.54281918e-04 3.43634713e-04 3.32963432e-04 3.22292324e-04 3.11644659e-04 3.01042620e-04 2.90507211e-04 2.80058185e-04 2.69713992e-04 2.59491731e-04 2.49407131e-04 2.39474541e-04 2.29706932e-04 2.20115913e-04 2.10711759e-04 2.01503445e-04 1.92498693e-04 1.83704023e-04 1.75124808e-04 1.66765337e-04 1.58628876e-04 1.50717738e-04 1.43033346e-04 1.35576305e-04 1.28346464e-04 1.21342984e-04 1.14564403e-04 1.08008696e-04 1.01673334e-04 9.55553423e-05 8.96513530e-05 8.39576555e-05 7.84702444e-05 7.31848629e-05 6.80970445e-05 6.32021502e-05 5.84954035e-05 5.39719221e-05 4.96267469e-05 4.54548682e-05 4.14512491e-05 3.76108468e-05 3.39286316e-05 3.03996037e-05 2.70188074e-05 2.37813449e-05 2.06823868e-05 1.77171822e-05 1.48810666e-05 1.21694691e-05 9.57791816e-06 7.10204607e-06 4.73759282e-06 2.48040894e-06 3.26457482e-07 -1.72818452e-06 -3.68732534e-06 -5.55465834e-06 -7.33376225e-06 -9.02810183e-06 -1.06410289e-05 -1.21757839e-05 -1.36354972e-05 -1.50231913e-05 -1.63417825e-05 -1.75940836e-05 -1.87828060e-05 -1.99105619e-05 -2.09798675e-05 -2.19931448e-05 -2.29527250e-05 -2.38608505e-05
1.97269583e-04 1.23480766e-04 9.74394312e-05 1.01184659e-04 1.07518413e-04 1.14155204e-04 1.21021728e-04 1.28119620e-04 1.35450583e-04 1.43015687e-04 1.50815301e-04 1.58849024e-04 1.67115615e-04 1.75612923e-04 1.84337815e-04 1.93286106e-04 2.02452493e-04 2.11830485e-04 2.21412348e-04 2.31189048e-04 2.41150197e-04 2.51284024e-04 2.61577332e-04 2.72015491e-04 2.82582424e-04 2.93260618e-04 3.04031147e-04 3.14873712e-04 3.25766700e-04 3.36687255e-04 3.47611375e-04 3.58514022e-04 3.69369246e-04 3.80150336e-04 3.90829973e-04 4.01380402e-04 4.11773620e-04 4.21981553e-04 4.31976261e-04 4.41730124e-04 4.51216031e-04 4.60407572e-04 4.69279202e-04 4.77806404e-04 4.85965830e-04 4.93735425e-04 5.01094523e-04 5.08023928e-04 5.14505964e-04 5.20524507e-04 5.26064988e-04 5.31114382e-04 5.35661175e-04 5.39695315e-04 5.43208155e-04 5.46192388e-04 5.48641978e-04 5.50552093e-04 5.51919047e-04 5.52740245e-04 5.53014148e-04 5.52740245e-04 5.51919047e-04 5.50552093e-04 5.48641978e-04 5.46192388e-04 5.43208155e-04 5.39695315e-04 5.35661175e-04 5.31114382e-04 5.26064988e-04 5.20524507e-04 5.14505964e-04 5.08023928e-04 5.01094523e-04 4.93735425e-04 4.85965830e-04 4.77806404e-04 4.69279202e-04 4.60407572e-04 4.51216031e-04 4.41730124e-04 4.31976261e-04 4.21981553e-04 4.11773620e-04 4.01380402e-04 3.90829973e-04 3.80150336e-04 3.69369246e-04 3.58514022e-04 3.47611375e-04 3.36687255e-04 3.25766700e-04 3.14873712e-04 3.04031147e-04 2.93260618e-04 2.82582424e-04 2.72015491e-04 2.61577332e-04 2.51284024e-04 2.41150197e-04 2.31189048e-04 2.21412348e-04 2.11830485e-04 2.02452493e-04 1.93286106e-04 1.84337815e-04 1.75612923e-04 1.67115615e-04 1.58849024e-04 1.50815301e-04 1.43015687e-04 1.35450583e-04 1.28119620e-04 1.21021728e-04 1.14155203e-04 1.07517772e-04 1.01106653e-04 9.49186144e-05 8.89500330e-05 8.31969419e-05 7.76550823e-05 7.23199478e-05 6.71868268e-05 6.22508408e-05 5.75069804e-05 5.29501372e-05 4.85751334e-05 4.43767482e-05 4.03497421e-05 3.64888776e-05 3.27889386e-05 2.92447472e-05 2.58511779e-05 2.26031713e-05 1.94957442e-05 1.65240001e-05 1.36831363e-05 1.09684514e-05 8.37535016e-06 5.89934849e-06 3.53607655e-06 1.28128142e-06 -8.69171086e-07 -2.91929532e-06 -4.87298533e-06 -6.73401491e-06 -8.50603815e-06 -1.01925903e-05 -1.17970893e-05 -1.33228371e-05 -1.47730215e-05 -1.61507188e-05 -1.74588954e-05 -1.87004106e-05 -1.98780191e-05 -2.09943736e-05 -2.20520274e-05 -2.30534375e-05 -2.40009670e-05 -2.48968884e-05
1.98675245e-04 1.22691782e-04 9.67364898e-05 1.00566593e-04 1.06976211e-04 1.13694558e-04 1.20648991e-04 1.27841409e-04 1.35273771e-04 1.42947391e-04 1.50862870e-04 1.59020026e-04 1.67417815e-04 1.76054260e-04 1.84926378e-04 1.94030099e-04 2.03360201e-04 2.12910237e-04 2.22672469e-04 2.32637812e-04 2.42795775e-04 2.53134425e-04 2.63640347e-04 2.74298624e-04 2.85092829e-04 2.96005030e-04 3.07015813e-04 3.18104322e-04 3.29248316e-04 3.40424247e-04 3.51607355e-04 3.62771784e-04 3.73890716e-04 3.84936519e-04 3.95880917e-04 4.06695170e-04 4.17350263e-04 4.27817105e-04 4.38066738e-04 4.48070535e-04 4.57800405e-04 4.67228988e-04 4.76329835e-04 4.85077577e-04 4.93448079e-04 5.01418560e-04 5.08967707e-04 5.16075748e-04 5.22724509e-04 5.28897440e-04 5.34579622e-04 5.39757745e-04 5.44420073e-04 5.48556385e-04 5.52157915e-04 5.55217270e-04 5.57728363e-04 5.59686332e-04 5.61087472e-04 5.61929184e-04 5.62209925e-04 5.61929184e-04 5.61087472e-04 5.59686332e-04 5.57728363e-04 5.55217270e-04 5.52157915e-04 5.48556385e-04 5.44420073e-04 5.39757745e-04 5.34579622e-04 5.28897440e-04 5.22724509e-04 5.16075748e-04 5.08967707e-04 5.01418560e-04 4.93448079e-04 4.85077577e-04 4.76329835e-04 4.67228988e-04 4.57800405e-04 4.48070535e-04 4.38066738e-04 4.27817105e-04 4.17350263e-04 4.06695170e-04 3.95880917e-04 3.84936519e-04 3.73890716e-04 3.62771784e-04 3.51607355e-04 3.40424247e-04 3.29248316e-04 3.18104322e-04 3.07015813e-04 2.96005030e-04 2.85092829e-04 2.74298624e-04 2.63640347e-04 2.53134425e-04 2.42795775e-04 2.32637812e-04 2.22672469e-04 2.12910237e-04 2.03360201e-04 1.94030099e-04 1.84926378e-04 1.76054260e-04 1.67417815e-04 1.59020026e-04 1.50862870e-04 1.42947391e-04 1.35273771e-04 1.27841409e-04 1.20648991e-04 1.13694557e-04 1.06975572e-04 1.00488989e-04 9.42313093e-05 8.81986398e-05 8.23867479e-05 7.67911111e-05 7.14069637e-05 6.62293400e-05 6.12531139e-05 5.64730352e-05 5.18837622e-05 4.74798919e-05 4.32559867e-05 3.92065986e-05 3.53262906e-05 3.16096557e-05 2.80513337e-05 2.46460259e-05 2.13885077e-05 1.82736395e-05 1.52963764e-05 1.24517754e-05 9.73500221e-06 7.14133662e-06 4.66617640e-06 2.30504061e-06 5.35718260e-08 -2.09246230e-06 -4.13716825e-06 -6.08452646e-06 -7.93839164e-06 -9.70249356e-06 -1.13804383e-05 -1.29757098e-05 -1.44916718e-05 -1.59315698e-05 -1.72985334e-05 -1.85955790e-05 -1.98256123e-05 -2.09914312e-05 -2.20957282e-05 -2.31410940e-05 -2.41300199e-05 -2.50649008e-05 -2.59480387e-05
2.00067032e-04 1.21823896e-04 9.59799082e-05 9.98961531e-05 1.06381330e-04 1.13181000e-04 1.20223246e-04 1.27510244e-04 1.35044222e-04 1.42826755e-04 1.50858691e-04 1.59140080e-04 1.67670091e-04 1.76446937e-04 1.85467796e-04 1.94728732e-04 2.04224615e-04 2.13949053e-04 2.23894318e-04 2.34051280e-04 2.44409355e-04 2.54956454e-04 2.65678943e-04 2.76561622e-04 2.87587709e-04 2.98738847e-04 3.09995126e-04 3.21335116e-04 3.32735933e-04 3.44173314e-04 3.55621716e-04 3.67054439e-04 3.78443759e-04 3.89761093e-04 4.00977169e-04 4.12062218e-04 4.22986173e-04 4.33718884e-04 4.44230330e-04 4.54490835e-04 4.64471285e-04 4.74143331e-04 4.83479583e-04 4.92453789e-04 5.01040992e-04 5.09217666e-04 5.16961826e-04 5.24253109e-04 5.31072833e-04 5.37404018e-04 5.43231390e-04 5.48541360e-04 5.53321972e-04 5.57562848e-04 5.61255108e-04 5.64391289e-04 5.66965260e-04 5.68972139e-04 5.70408215e-04 5.71270886e-04 5.71558614e-04 5.71270886e-04 5.70408215e-04 5.68972139e-04 5.66965260e-04 5.64391289e-04 5.61255108e-04 5.57562848e-04 5.53321972e-04 5.48541360e-04 5.43231390e-04 5.37404018e-04 5.31072833e-04 5.24253109e-04 5.16961826e-04 5.09217666e-04 5.01040992e-04 4.92453789e-04 4.83479583e-04 4.74143331e-04 4.64471285e-04 4.54490835e-04 4.44230330e-04 4.33718884e-04 4.22986173e-04 4.12062218e-04 4.00977169e-04 3.89761093e-04 3.78443759e-04 3.67054439e-04 3.55621716e-04 3.44173314e-04 3.32735933e-04 3.21335116e-04 3.09995126e-04 2.98738847e-04 2.87587709e-04 2.76561622e-04 2.65678943e-04 2.54956454e-04 2.44409355e-04 2.34051280e-04 2.23894318e-04 2.13949053e-04 2.04224615e-04 1.94728732e-04 1.85467796e-04 1.76446937e-04 1.67670091e-04 1.59140080e-04 1.50858691e-04 1.42826755e-04 1.35044222e-04 1.27510244e-04 1.20223246e-04 1.13180999e-04 1.06380694e-04 9.98190043e-05 9.34921508e-05 8.73959607e-05 8.15259235e-05 7.58772425e-05 7.04448829e-05 6.52236159e-05 6.02080591e-05 5.53927137e-05 5.07719975e-05 4.63402757e-05 4.20918878e-05 3.80211718e-05 3.41224861e-05 3.03902283e-05 2.68188519e-05 2.34028812e-05 2.01369234e-05 1.70156795e-05 1.40339535e-05 1.11866599e-05 8.46882987e-06 5.87561618e-06 3.40229717e-06 1.04427953e-06 -1.20289967e-06 -3.34357182e-06 -5.38193622e-06 -7.32206024e-06 -9.16787989e-06 -1.09232010e-05 -1.25917005e-05 -1.41769287e-05 -1.56823109e-05 -1.71111500e-05 -1.84666294e-05 -1.97518150e-05 -2.09696587e-05 -2.21230012e-05 -2.32145748e-05 -2.42470068e-05 -2.52228227e-05 -2.61444489e-05 -2.70142163e-05
2.01444135e-04 1.20874660e-04 9.51683549e-05 9.91719837e-05 1.05732349e-04 1.12613044e-04 1.19742941e-04 1.27124510e-04 1.34760261e-04 1.42652045e-04 1.50800974e-04 1.59207344e-04 1.67870554e-04 1.76789022e-04 1.85960106e-04 1.95380012e-04 2.05043724e-04 2.14944913e-04 2.25075873e-04 2.35427444e-04 2.45988953e-04 2.56748161e-04 2.67691222e-04 2.78802650e-04 2.90065308e-04 3.01460408e-04 3.12967529e-04 3.24564660e-04 3.36228252e-04 3.47933307e-04 3.59653474e-04 3.71361175e-04 3.83027751e-04 3.94623629e-04 4.06118499e-04 4.17481522e-04 4.28681538e-04 4.39687287e-04 4.50467642e-04 4.60991834e-04 4.71229681e-04 4.81151802e-04 4.90729829e-04 4.99936590e-04 5.08746276e-04 5.17134590e-04 5.25078853e-04 5.32558099e-04 5.39553121e-04 5.46046507e-04 5.52022629e-04 5.57467618e-04 5.62369308e-04 5.66717172e-04 5.70502229e-04 5.73716956e-04 5.76355194e-04 5.78412048e-04 5.79883813e-04 5.80767894e-04 5.81062757e-04 5.80767894e-04 5.79883813e-04 5.78412048e-04 5.76355194e-04 5.73716956e-04 5.70502229e-04 5.66717172e-04 5.62369308e-04 5.57467618e-04 5.52022629e-04 5.46046507e-04 5.39553121e-04 5.32558099e-04 5.25078853e-04 5.17134590e-04 5.08746276e-04 4.99936590e-04 4.90729829e-04 4.81151802e-04 4.71229681e-04 4.60991834e-04 4.50467642e-04 4.39687287e-04 4.28681538e-04 4.17481522e-04 4.06118499e-04 3.94623629e-04 3.83027751e-04 3.71361175e-04 3.59653474e-04 3.47933307e-04 3.36228252e-04 3.24564660e-04 3.12967529e-04 3.01460408e-04 2.90065308e-04 2.78802650e-04 2.67691222e-04 2.56748161e-04 2.45988953e-04 2.35427444e-04 2.25075873e-04 2.14944913e-04 2.05043724e-04 1.95380012e-04 1.85960106e-04 1.76789022e-04 1.67870554e-04 1.59207344e-04 1.50800974e-04 1.42652045e-04 1.34760261e-04 1.27124510e-04 1.19742941e-04 1.12613043e-04 1.05731717e-04 9.90953434e-05 9.26998504e-05 8.65407727e-05 8.06133105e-05 7.49123823e-05 6.94326740e-05 6.41686843e-05 5.91147659e-05 5.42651633e-05 4.96140466e-05 4.51555424e-05 4.08837611e-05 3.67928213e-05 3.28768717e-05 2.91301099e-05 2.55467994e-05 2.21212834e-05 1.88479978e-05 1.57214813e-05 1.27363847e-05 9.88747738e-06 7.16965414e-06 4.57793923e-06 2.10749010e-06 -2.46400080e-07 -2.48830075e-06 -4.62264311e-06 -6.65371993e-06 -8.58568596e-06 -1.04225589e-05 -1.21682207e-05 -1.38264197e-05 -1.54007721e-05 -1.68947650e-05 -1.83117589e-05 -1.96549901e-05 -2.09275741e-05 -2.21325089e-05 -2.32726774e-05 -2.43508515e-05 -2.53696948e-05 -2.63317665e-05 -2.72395239e-05 -2.80953265e-05
2.02805731e-04 1.19841607e-04 9.43004878e-05 9.83927143e-05 1.05027831e-04 1.11989183e-04 1.19206501e-04 1.26682564e-04 1.34420181e-04 1.42421492e-04 1.50687890e-04 1.59219934e-04 1.68017271e-04 1.77078539e-04 1.86401291e-04 1.95981895e-04 2.05815459e-04 2.15895737e-04 2.26215054e-04 2.36764231e-04 2.47532517e-04 2.58507531e-04 2.69675216e-04 2.81019804e-04 2.92523800e-04 3.04167978e-04 3.15931400e-04 3.27791455e-04 3.39723916e-04 3.51703023e-04 3.63701591e-04 3.75691136e-04 3.87642028e-04 3.99523661e-04 4.11304650e-04 4.22953041e-04 4.34436531e-04 4.45722707e-04 4.56779285e-04 4.67574355e-04 4.78076620e-04 4.88255628e-04 4.98081987e-04 5.07527568e-04 5.16565683e-04 5.25171230e-04 5.33320819e-04 5.40992859e-04 5.48167615e-04 5.54827233e-04 5.60955731e-04 5.66538966e-04 5.71564571e-04 5.76021879e-04 5.79901823e-04 5.83196834e-04 5.85900736e-04 5.88008639e-04 5.89516850e-04 5.90422791e-04 5.90724939e-04 5.90422791e-04 5.89516850e-04 5.88008639e-04 5.85900736e-04 5.83196834e-04 5.79901823e-04 5.76021879e-04 5.71564571e-04 5.66538966e-04 5.60955731e-04 5.54827233e-04 5.48167615e-04 5.40992859e-04 5.33320819e-04 5.25171230e-04 5.16565683e-04 5.07527568e-04 4.98081987e-04 4.88255628e-04 4.78076620e-04 4.67574355e-04 4.56779285e-04 4.45722707e-04 4.34436531e-04 4.22953041e-04 4.11304650e-04 3.99523661e-04 3.87642028e-04 3.75691136e-04 3.63701591e-04 3.51703023e-04 3.39723916e-04 3.27791455e-04 3.15931400e-04 3.04167978e-04 2.92523800e-04 2.81019804e-04 2.69675216e-04 2.58507531e-04 2.47532517e-04 2.36764231e-04 2.26215054e-04 2.15895737e-04 2.05815459e-04 1.95981895e-04 1.86401291e-04 1.77078539e-04 1.68017271e-04 1.59219934e-04 1.50687890e-04 1.42421492e-04 1.34420181e-04 1.26682564e-04 1.19206501e-04 1.11989182e-04 1.05027202e-04 9.83166373e-05 9.18531076e-05 8.56318434e-05 7.96477439e-05 7.38954315e-05 6.83693026e-05 6.30635739e-05 5.79723243e-05 5.30895335e-05 4.84091164e-05 4.39249542e-05 3.96309221e-05 3.55209136e-05 3.15888629e-05 2.78287630e-05 2.42346829e-05 2.08007818e-05 1.75213207e-05 1.43906734e-05 1.14033346e-05 8.55392700e-06 5.83720690e-06 3.24806846e-06 7.81546945e-07 -1.56717909e-06 -3.80278650e-06 -5.92980702e-06 -7.95262744e-06 -9.87549033e-06 -1.17024953e-05 -1.34376009e-05 -1.50846263e-05 -1.66472542e-05 -1.81290333e-05 -1.95333809e-05 -2.08635868e-05 -2.21228156e-05 -2.33141105e-05 -2.44403970e-05 -2.55044858e-05 -2.65090764e-05 -2.74567611e-05 -2.83500280e-05 -2.91912646e-05
2.04150985e-04 1.18722251e-04 9.33749544e-05 9.75569606e-05 1.04266321e-04 1.11307891e-04 1.18612330e-04 1.26182741e-04 1.34022246e-04 1.42133295e-04 1.50517575e-04 1.59175929e-04 1.68108264e-04 1.77313462e-04 1.86789283e-04 1.96532279e-04 2.06537694e-04 2.16799381e-04 2.27309712e-04 2.38059501e-04 2.49037928e-04 2.60232477e-04 2.71628887e-04 2.83211109e-04 2.94961288e-04 3.06859756e-04 3.18885048e-04 3.31013938e-04 3.43221502e-04 3.55481199e-04 3.67764979e-04 3.80043419e-04 3.92285881e-04 4.04460691e-04 4.16535341e-04 4.28476715e-04 4.40251319e-04 4.51825535e-04 4.63165875e-04 4.74239235e-04 4.85013157e-04 4.95456066e-04 5.05537508e-04 5.15228358e-04 5.24501010e-04 5.33329534e-04 5.41689804e-04 5.49559588e-04 5.56918612e-04 5.63748576e-04 5.70033145e-04 5.75757908e-04 5.80910306e-04 5.85479545e-04 5.89456487e-04 5.92833533e-04 5.95604506e-04 5.97764536e-04 5.99309953e-04 6.00238205e-04 6.00547788e-04 6.00238205e-04 5.99309953e-04 5.97764536e-04 5.95604506e-04 5.92833533e-04 5.89456487e-04 5.85479545e-04 5.80910306e-04 5.75757908e-04 5.70033145e-04 5.63748576e-04 5.56918612e-04 5.49559588e-04 5.41689804e-04 5.33329534e-04 5.24501010e-04 5.15228358e-04 5.05537508e-04 4.95456066e-04 4.85013157e-04 4.74239235e-04 4.63165875e-04 4.51825535e-04 4.40251319e-04 4.28476715e-04 4.16535341e-04 4.04460691e-04 3.92285881e-04 3.80043419e-04 3.67764979e-04 3.55481199e-04 3.43221502e-04 3.31013938e-04 3.18885048e-04 3.06859756e-04 2.94961288e-04 2.83211109e-04 2.71628887e-04 2.60232477e-04 2.49037928e-04 2.38059501e-04 2.27309712e-04 2.16799381e-04 2.06537694e-04 1.96532279e-04 1.86789283e-04 1.77313462e-04 1.68108264e-04 1.59175929e-04 1.50517575e-04 1.42133295e-04 1.34022246e-04 1.26182741e-04 1.18612330e-04 1.11307890e-04 1.04265696e-04 9.74815029e-05 9.09506107e-05 8.46679320e-05 7.86280524e-05 7.28252871e-05 6.72537324e-05 6.19073132e-05 5.67798257e-05 5.18649766e-05 4.71564181e-05 4.26477790e-05 3.83326930e-05 3.42048233e-05 3.02578840e-05 2.64856593e-05 2.28820198e-05 1.94409367e-05 1.61564934e-05 1.30228957e-05 1.00344802e-05 7.18572042e-06 4.47123261e-06 1.88577933e-06 -5.75727625e-07 -2.91822535e-06 -5.14649895e-06 -7.26518135e-06 -9.27875384e-06 -1.11915472e-05 -1.30077431e-05 -1.47313767e-05 -1.63663383e-05 -1.79163768e-05 -1.93851021e-05 -2.07759888e-05 -2.20923791e-05 -2.33374867e-05 -2.45144000e-05 -2.56260860e-05 -2.66753940e-05 -2.76650591e-05 -2.85977062e-05 -2.94758534e-05 -3.03019159e-05
2.05479047e-04 1.17514095e-04 9.23903930e-05 9.66633248e-05 1.03446347e-04 1.10567621e-04 1.17958807e-04 1.25623345e-04 1.33564691e-04 1.41785618e-04 1.50288128e-04 1.59073363e-04 1.68141512e-04 1.77491716e-04 1.87121965e-04 1.97029006e-04 2.07208243e-04 2.17653642e-04 2.28357636e-04 2.39311045e-04 2.50502993e-04 2.61920839e-04 2.73550121e-04 2.85374514e-04 2.97375801e-04 3.09533866e-04 3.21826708e-04 3.34230475e-04 3.46719525e-04 3.59266510e-04 3.71842490e-04 3.84417070e-04 3.96958563e-04 4.09434186e-04 4.21810262e-04 4.34052464e-04 4.46126056e-04 4.57996163e-04 4.69628037e-04 4.80987329e-04 4.92040367e-04 5.02754406e-04 5.13097883e-04 5.23040637e-04 5.32554108e-04 5.41611508e-04 5.50187950e-04 5.58260548e-04 5.65808475e-04 5.72812982e-04 5.79257384e-04 5.85127008e-04 5.90409116e-04 5.95092801e-04 5.99168871e-04 6.02629715e-04 6.05469172e-04 6.07682408e-04 6.09265792e-04 6.10216808e-04 6.10533977e-04 6.10216808e-04 6.09265792e-04 6.07682408e-04 6.05469172e-04 6.02629715e-04 5.99168871e-04 5.95092801e-04 5.90409116e-04 5.85127008e-04 5.79257384e-04 5.72812982e-04 5.65808475e-04 5.58260548e-04 5.50187950e-04 5.41611508e-04 5.32554108e-04 5.23040637e-04 5.13097883e-04 5.02754406e-04 4.92040367e-04 4.80987329e-04 4.69628037e-04 4.57996163e-04 4.46126056e-04 4.34052464e-04 4.21810262e-04 4.09434186e-04 3.96958563e-04 3.84417070e-04 3.71842490e-04 3.59266510e-04 3.46719525e-04 3.34230475e-04 3.21826708e-04 3.09533866e-04 2.97375801e-04 2.85374514e-04 2.73550121e-04 2.61920839e-04 2.50502993e-04 2.39311045e-04 2.28357636e-04 2.17653642e-04 2.07208243e-04 1.97029006e-04 1.87121965e-04 1.77491716e-04 1.68141512e-04 1.59073363e-04 1.50288128e-04 1.41785618e-04 1.33564691e-04 1.25623345e-04 1.17958807e-04 1.10567620e-04 1.03445726e-04 9.65885436e-05 8.99910374e-05 8.36477891e-05 7.75530586e-05 7.17008422e-05 6.60849254e-05 6.06989311e-05 5.55363638e-05 5.05906489e-05 4.58551680e-05 4.13232910e-05 3.69884038e-05 3.28439333e-05 2.88833687e-05 2.51002808e-05 2.14883380e-05 1.80413198e-05 1.47531290e-05 1.16178007e-05 8.62951091e-06 5.78258221e-06 3.07148893e-06 4.90860618e-07 -1.96451555e-06 -4.29969328e-06 -6.51956669e-06 -8.62887047e-06 -1.06321808e-05 -1.25339169e-05 -1.43383429e-05 -1.60495703e-05 -1.76715607e-05 -1.92081287e-05 -2.06629457e-05 -2.20395428e-05 -2.33413146e-05 -2.45715233e-05 -2.57333019e-05 -2.68296589e-05 -2.78634815e-05 -2.88375397e-05 -2.97544906e-05 -3.06168818e-05 -3.14271555e-05
2.06789055e-04 1.16214635e-04 9.13454334e-05 9.57103964e-05 1.02566422e-04 1.09766809e-04 1.17244288e-04 1.25002658e-04 1.33045721e-04 1.41376593e-04 1.49997609e-04 1.58910231e-04 1.68114948e-04 1.77611178e-04 1.87397162e-04 1.97469862e-04 2.07824859e-04 2.18456249e-04 2.29356545e-04 2.40516585e-04 2.51925450e-04 2.63570383e-04 2.75436731e-04 2.87507892e-04 2.99765290e-04 3.12188357e-04 3.24754545e-04 3.37439362e-04 3.50216430e-04 3.63057570e-04 3.75932921e-04 3.88811082e-04 4.01659280e-04 4.14443574e-04 4.27129074e-04 4.39680188e-04 4.52060887e-04 4.64234980e-04 4.76166402e-04 4.87819508e-04 4.99159352e-04 5.10151972e-04 5.20764645e-04 5.30966131e-04 5.40726880e-04 5.50019213e-04 5.58817460e-04 5.67098061e-04 5.74839628e-04 5.82022960e-04 5.88631024e-04 5.94648894e-04 6.00063664e-04 6.04864336e-04 6.09041680e-04 6.12588092e-04 6.15497452e-04 6.17764974e-04 6.19387086e-04 6.20361317e-04 6.20686220e-04 6.20361317e-04 6.19387086e-04 6.17764974e-04 6.15497452e-04 6.12588092e-04 6.09041680e-04 6.04864336e-04 6.00063664e-04 5.94648894e-04 5.88631024e-04 5.82022960e-04 5.74839628e-04 5.67098061e-04 5.58817460e-04 5.50019213e-04 5.40726880e-04 5.30966131e-04 5.20764645e-04 5.10151972e-04 4.99159352e-04 4.87819508e-04 4.76166402e-04 4.64234980e-04 4.52060887e-04 4.39680188e-04 4.27129074e-04 4.14443574e-04 4.01659280e-04 3.88811082e-04 3.75932921e-04 3.63057570e-04 3.50216430e-04 3.37439362e-04 3.24754545e-04 3.12188357e-04 2.99765290e-04 2.87507892e-04 2.75436731e-04 2.63570383e-04 2.51925450e-04 2.40516585e-04 2.29356545e-04 2.18456249e-04 2.07824859e-04 1.97469862e-04 1.87397162e-04 1.77611178e-04 1.68114948e-04 1.58910231e-04 1.49997609e-04 1.41376593e-04 1.33045721e-04 1.25002658e-04 1.17244288e-04 1.09766808e-04 1.02565807e-04 9.56363503e-05 8.89730553e-05 8.25701583e-05 7.64215806e-05 7.05209876e-05 6.48618430e-05 5.94374577e-05 5.42410352e-05 4.92657110e-05 4.45045886e-05 3.99507718e-05 3.55973925e-05 3.14376356e-05 2.74647607e-05 2.36721205e-05 2.00531771e-05 1.66015151e-05 1.33108533e-05 1.01750538e-05 7.18812962e-06 4.34425047e-06 1.63774718e-06 -9.36885092e-07 -3.38498488e-06 -5.71172340e-06 -7.92210443e-06 -1.00209649e-05 -1.20129764e-05 -1.39026466e-05 -1.56943220e-05 -1.73921908e-05 -1.90002853e-05 -2.05224862e-05 -2.19625255e-05 -2.33239907e-05 -2.46103284e-05 -2.58248488e-05 -2.69707293e-05 -2.80510189e-05 -2.90686423e-05 -3.00264040e-05 -3.09269925e-05 -3.17729844e-05 -3.25668483e-05
2.08080134e-04 1.14821365e-04 9.02386979e-05 9.46967529e-05 1.01625044e-04 1.08903872e-04 1.16467111e-04 1.24318934e-04 1.32463511e-04 1.40904318e-04 1.49644043e-04 1.58684486e-04 1.68026458e-04 1.77669675e-04 1.87612647e-04 1.97852575e-04 2.08385234e-04 2.19204868e-04 2.30304089e-04 2.41673770e-04 2.53302960e-04 2.65178799e-04 2.77286448e-04 2.89609038e-04 3.02127629e-04 3.14821199e-04 3.27666646e-04 3.40638822e-04 3.53710593e-04 3.66852926e-04 3.80035009e-04 3.93224397e-04 4.06387191e-04 4.19488246e-04 4.32491409e-04 4.45359769e-04 4.58055945e-04 4.70542373e-04 4.82781614e-04 4.94736662e-04 5.06371245e-04 5.17650124e-04 5.28539371e-04 5.39006618e-04 5.49021287e-04 5.58554775e-04 5.67580602e-04 5.76074520e-04 5.84014567e-04 5.91381089e-04 5.98156708e-04 6.04326257e-04 6.09876679e-04 6.14796900e-04 6.19077675e-04 6.22711434e-04 6.25692113e-04 6.28015001e-04 6.29676598e-04 6.30674493e-04 6.31007280e-04 6.30674493e-04 6.29676598e-04 6.28015001e-04 6.25692113e-04 6.22711434e-04 6.19077675e-04 6.14796900e-04 6.09876679e-04 6.04326257e-04 5.98156708e-04 5.91381089e-04 5.84014567e-04 5.76074520e-04 5.67580602e-04 5.58554775e-04 5.49021287e-04 5.39006618e-04 5.28539371e-04 5.17650124e-04 5.06371245e-04 4.94736662e-04 4.82781614e-04 4.70542373e-04 4.58055945e-04 4.45359769e-04 4.32491409e-04 4.19488246e-04 4.06387191e-04 3.93224397e-04 3.80035009e-04 3.66852926e-04 3.53710593e-04 3.40638822e-04 3.27666646e-04 3.14821199e-04 3.02127629e-04 2.89609038e-04 2.77286448e-04 2.65178799e-04 2.53302960e-04 2.41673770e-04 2.30304089e-04 2.19204868e-04 2.08385234e-04 1.97852575e-04 1.87612647e-04 1.77669675e-04 1.68026458e-04 1.58684486e-04 1.49644043e-04 1.40904318e-04 1.32463511e-04 1.24318934e-04 1.16467111e-04 1.08903870e-04 1.01624435e-04 9.46235015e-05 8.78953230e-05 8.14337767e-05 7.52324323e-05 6.92846122e-05 6.35834469e-05 5.81219254e-05 5.28929404e-05 4.78893290e-05 4.31039090e-05 3.85295109e-05 3.41590063e-05 2.99853328e-05 2.60015149e-05 2.22006830e-05 1.85760889e-05 1.51211190e-05 1.18293052e-05 8.69433386e-06 5.71005295e-06 2.87047733e-06 1.69792866e-07 -2.39764093e-06 -4.83728935e-06 -7.15444188e-06 -9.35421258e-06 -1.14415411e-05 -1.34211944e-05 -1.52977690e-05 -1.70756938e-05 -1.87592333e-05 -2.03524907e-05 -2.18594121e-05 -2.32837899e-05 -2.46292676e-05 -2.58993435e-05 -2.70973749e-05 -2.82265832e-05 -2.92900574e-05 -3.02907590e-05 -3.12315266e-05 -3.21150793e-05 -3.29440221e-05 -3.37208493e-05
2.09351397e-04 1.13331782e-04 8.90688021e-05 9.36209606e-05 1.00620698e-04 1.07977208e-04 1.15625588e-04 1.23570403e-04 1.31816208e-04 1.40366860e-04 1.49225417e-04 1.58394041e-04 1.67873885e-04 1.77664983e-04 1.87766141e-04 1.98174813e-04 2.08886994e-04 2.19897098e-04 2.31197849e-04 2.42780175e-04 2.54633108e-04 2.66743696e-04 2.79096926e-04 2.91675663e-04 3.04460609e-04 3.17430282e-04 3.30561017e-04 3.43826998e-04 3.57200315e-04 3.70651057e-04 3.84147427e-04 3.97655900e-04 4.11141407e-04 4.24567555e-04 4.37896870e-04 4.51091068e-04 4.64111354e-04 4.76918732e-04 4.89474325e-04 5.01739702e-04 5.13677205e-04 5.25250264e-04 5.36423686e-04 5.47163931e-04 5.57439350e-04 5.67220383e-04 5.76479716e-04 5.85192388e-04 5.93335860e-04 6.00890020e-04 6.07837152e-04 6.14161859e-04 6.19850953e-04 6.24893304e-04 6.29279679e-04 6.33002563e-04 6.36055977e-04 6.38435306e-04 6.40137140e-04 6.41159145e-04 6.41499962e-04 6.41159145e-04 6.40137140e-04 6.38435306e-04 6.36055977e-04 6.33002563e-04 6.29279679e-04 6.24893304e-04 6.19850953e-04 6.14161859e-04 6.07837152e-04 6.00890020e-04 5.93335860e-04 5.85192388e-04 5.76479716e-04 5.67220383e-04 5.57439350e-04 5.47163931e-04 5.36423686e-04 5.25250264e-04 5.13677205e-04 5.01739702e-04 4.89474325e-04 4.76918732e-04 4.64111354e-04 4.51091068e-04 4.37896870e-04 4.24567555e-04 4.11141407e-04 3.97655900e-04 3.84147427e-04 3.70651057e-04 3.57200315e-04 3.43826998e-04 3.30561017e-04 3.17430282e-04 3.04460609e-04 2.91675663e-04 2.79096926e-04 2.66743696e-04 2.54633108e-04 2.42780175e-04 2.31197849e-04 2.19897098e-04 2.08886994e-04 1.98174813e-04 1.87766141e-04 1.77664983e-04 1.67873885e-04 1.58394041e-04 1.49225417e-04 1.40366860e-04 1.31816208e-04 1.23570403e-04 1.15625588e-04 1.07977206e-04 1.00620094e-04 9.35485646e-05 8.67564903e-05 8.02373753e-05 7.39844242e-05 6.79906037e-05 6.22487000e-05 5.67513694e-05 5.14911844e-05 4.64606752e-05 4.16523658e-05 3.70588065e-05 3.26726024e-05 2.84864378e-05 2.44930975e-05 2.06854851e-05 1.70566383e-05 1.35997417e-05 1.03081376e-05 7.17533406e-06 4.19501194e-06 1.36102953e-06 -1.33257377e-06 -3.89157527e-06 -6.32156792e-06 -8.62796019e-06 -1.08159769e-05 -1.28906607e-05 -1.48568743e-05 -1.67193029e-05 -1.84824578e-05 -2.01506795e-05 -2.17281418e-05 -2.32188559e-05 -2.46266744e-05 -2.59552960e-05 -2.72082700e-05 -2.83890008e-05 -2.95007526e-05 -3.05466542e-05 -3.15297032e-05 -3.24527711e-05 -3.33186076e-05 -3.41298450e-05 -3.48890029e-05
2.10601945e-04 1.11743399e-04 8.78343560e-05 9.24815750e-05 9.95518515e-05 1.06985199e-04 1.14718014e-04 1.22755271e-04 1.31101931e-04 1.39762249e-04 1.48739680e-04 1.58036765e-04 1.67655022e-04 1.77594829e-04 1.87855305e-04 1.98434186e-04 2.09327705e-04 2.20530467e-04 2.32035331e-04 2.43833298e-04 2.55913398e-04 2.68262603e-04 2.80865733e-04 2.93705396e-04 3.06761937e-04 3.20013411e-04 3.33435584e-04 3.47001956e-04 3.60683825e-04 3.74450371e-04 3.88268783e-04 4.02104417e-04 4.15920992e-04 4.29680811e-04 4.43345026e-04 4.56873923e-04 4.70227229e-04 4.83364448e-04 4.96245198e-04 5.08829561e-04 5.21078429e-04 5.32953834e-04 5.44419266e-04 5.55439963e-04 5.65983159e-04 5.76018302e-04 5.85517213e-04 5.94454207e-04 6.02806153e-04 6.10552481e-04 6.17675146e-04 6.24158537e-04 6.29989350e-04 6.35156428e-04 6.39650575e-04 6.43464362e-04 6.46591920e-04 6.49028756e-04 6.50771573e-04 6.51818129e-04 6.52167123e-04 6.51818129e-04 6.50771573e-04 6.49028756e-04 6.46591920e-04 6.43464362e-04 6.39650575e-04 6.35156428e-04 6.29989350e-04 6.24158537e-04 6.17675146e-04 6.10552481e-04 6.02806153e-04 5.94454207e-04 5.85517213e-04 5.76018302e-04 5.65983159e-04 5.55439963e-04 5.44419266e-04 5.32953834e-04 5.21078429e-04 5.08829561e-04 4.96245198e-04 4.83364448e-04 4.70227229e-04 4.56873923e-04 4.43345026e-04 4.29680811e-04 4.15920992e-04 4.02104417e-04 3.88268783e-04 3.74450371e-04 3.60683825e-04 3.47001956e-04 3.33435584e-04 3.20013411e-04 3.06761937e-04 2.93705396e-04 2.80865733e-04 2.68262603e-04 2.55913398e-04 2.43833298e-04 2.32035331e-04 2.20530467e-04 2.09327705e-04 1.98434186e-04 1.87855305e-04 1.77594829e-04 1.67655022e-04 1.58036765e-04 1.48739680e-04 1.39762249e-04 1.31101931e-04 1.22755271e-04 1.14718014e-04 1.06985198e-04 9.95512541e-05 9.24100961e-05 8.55551996e-05 7.89796805e-05 7.26763643e-05 6.66378499e-05 6.08565671e-05 5.53248289e-05 5.00348781e-05 4.49789291e-05 4.01492042e-05 3.55379667e-05 3.11375487e-05 2.69403756e-05 2.29389875e-05 1.91260569e-05 1.54944036e-05 1.20370073e-05 8.74701768e-06 5.61776226e-06 2.64275264e-06 -1.84311079e-07 -2.86953731e-06 -5.41884125e-06 -7.83794434e-06 -1.01323746e-05 -1.23074681e-05 -1.43683707e-05 -1.63200408e-05 -1.81672524e-05 -1.99145989e-05 -2.15664967e-05 -2.31271897e-05 -2.46007538e-05 -2.59911010e-05 -2.73019851e-05 -2.85370056e-05 -2.96996132e-05 -3.07931146e-05 -3.18206773e-05 -3.27853346e-05 -3.36899901e-05 -3.45374233e-05 -3.53302931e-05 -3.60711434e-05
2.11830869e-04 1.10053742e-04 8.65339651e-05 9.12771418e-05 9.84169620e-05 1.05926210e-04 1.13742661e-04 1.21871719e-04 1.30318768e-04 1.39088488e-04 1.48184745e-04 1.57610487e-04 1.67367619e-04 1.77456886e-04 1.87877746e-04 1.98628240e-04 2.09704863e-04 2.21102434e-04 2.32813970e-04 2.44830560e-04 2.57141257e-04 2.69732964e-04 2.82590352e-04 2.95695778e-04 3.09029232e-04 3.22568305e-04 3.36288186e-04 3.50161680e-04 3.64159270e-04 3.78249202e-04 3.92397619e-04 4.06568717e-04 4.20724954e-04 4.34827282e-04 4.48835418e-04 4.62708153e-04 4.76403672e-04 4.89879910e-04 5.03094911e-04 5.16007199e-04 5.28576145e-04 5.40762322e-04 5.52527844e-04 5.63836669e-04 5.74654871e-04 5.84950866e-04 5.94695585e-04 6.03862598e-04 6.12428172e-04 6.20371282e-04 6.27673561e-04 6.34319200e-04 6.40294805e-04 6.45589217e-04 6.50193311e-04 6.54099771e-04 6.57302873e-04 6.59798272e-04 6.61582808e-04 6.62654348e-04 6.63011661e-04 6.62654348e-04 6.61582808e-04 6.59798272e-04 6.57302873e-04 6.54099771e-04 6.50193311e-04 6.45589217e-04 6.40294805e-04 6.34319200e-04 6.27673561e-04 6.20371282e-04 6.12428172e-04 6.03862598e-04 5.94695585e-04 5.84950866e-04 5.74654871e-04 5.63836669e-04 5.52527844e-04 5.40762322e-04 5.28576145e-04 5.16007199e-04 5.03094911e-04 4.89879910e-04 4.76403672e-04 4.62708153e-04 4.48835418e-04 4.34827282e-04 4.20724954e-04 4.06568717e-04 3.92397619e-04 3.78249202e-04 3.64159270e-04 3.50161680e-04 3.36288186e-04 3.22568305e-04 3.09029232e-04 2.95695778e-04 2.82590352e-04 2.69732964e-04 2.57141257e-04 2.44830560e-04 2.32813970e-04 2.21102434e-04 2.09704863e-04 1.98628240e-04 1.87877746e-04 1.77456886e-04 1.67367619e-04 1.57610487e-04 1.48184745e-04 1.39088488e-04 1.30318768e-04 1.21871719e-04 1.13742661e-04 1.05926209e-04 9.84163716e-05 9.12066429e-05 8.42900863e-05 7.76594144e-05 7.13070594e-05 6.52252392e-05 5.94060156e-05 5.38413476e-05 4.85231385e-05 4.34432779e-05 3.85936788e-05 3.39663100e-05 2.95532244e-05 2.53465832e-05 2.13386768e-05 1.75219422e-05 1.38889777e-05 1.04325548e-05 7.14562792e-06 4.02134169e-06 1.05303661e-06 -1.76574701e-06 -4.44126664e-06 -6.97957633e-06 -9.38652674e-06 -1.16677660e-05 -1.38287417e-05 -1.58747029e-05 -1.78107038e-05 -1.96416071e-05 -2.13720879e-05 -2.30066382e-05 -2.45495716e-05 -2.60050279e-05 -2.73769785e-05 -2.86692311e-05 -2.98854351e-05 -3.10290866e-05 -3.21035341e-05 -3.31119831e-05 -3.40575016e-05 -3.49430250e-05 -3.57713612e-05 -3.65451955e-05 -3.72670952e-05
2.13037247e-04 1.08260368e-04 8.51662312e-05 9.00061978e-05 9.72144735e-05 1.04798591e-04 1.12697782e-04 1.20917904e-04 1.29464783e-04 1.38343541e-04 1.47558486e-04 1.57112992e-04 1.67009376e-04 1.77248776e-04 1.87831015e-04 1.98754462e-04 2.10015901e-04 2.21610389e-04 2.33531122e-04 2.45769304e-04 2.58314024e-04 2.71152139e-04 2.84268178e-04 2.97644259e-04 3.11260021e-04 3.25092592e-04 3.39116575e-04 3.53304067e-04 3.67624715e-04 3.82045808e-04 3.96532405e-04 4.11047504e-04 4.25552251e-04 4.40006191e-04 4.54367550e-04 4.68593554e-04 4.82640777e-04 4.96465513e-04 5.10024157e-04 5.23273600e-04 5.36171622e-04 5.48677269e-04 5.60751211e-04 5.72356073e-04 5.83456719e-04 5.94020494e-04 6.04017410e-04 6.13420269e-04 6.22204733e-04 6.30349320e-04 6.37835352e-04 6.44646842e-04 6.50770331e-04 6.56194692e-04 6.60910901e-04 6.64911793e-04 6.68191824e-04 6.70746826e-04 6.72573804e-04 6.73670754e-04 6.74036528e-04 6.73670754e-04 6.72573804e-04 6.70746826e-04 6.68191824e-04 6.64911793e-04 6.60910901e-04 6.56194692e-04 6.50770331e-04 6.44646842e-04 6.37835352e-04 6.30349320e-04 6.22204733e-04 6.13420269e-04 6.04017410e-04 5.94020494e-04 5.83456719e-04 5.72356073e-04 5.60751211e-04 5.48677269e-04 5.36171622e-04 5.23273600e-04 5.10024157e-04 4.96465513e-04 4.82640777e-04 4.68593554e-04 4.54367550e-04 4.40006191e-04 4.25552251e-04 4.11047504e-04 3.96532405e-04 3.82045808e-04 3.67624715e-04 3.53304067e-04 3.39116575e-04 3.25092592e-04 3.11260021e-04 2.97644259e-04 2.84268178e-04 2.71152139e-04 2.58314024e-04 2.45769304e-04 2.33531122e-04 2.21610389e-04 2.10015901e-04 1.98754462e-04 1.87831015e-04 1.77248776e-04 1.67009376e-04 1.57112992e-04 1.47558486e-04 1.38343541e-04 1.29464783e-04 1.20917904e-04 1.12697782e-04 1.04798589e-04 9.72138905e-05 8.99367425e-05 8.29597799e-05 7.62752958e-05 6.98753152e-05 6.37516617e-05 5.78960171e-05 5.22999753e-05 4.69550903e-05 4.18529181e-05 3.69850542e-05 3.23431662e-05 2.79190214e-05 2.37045111e-05 1.96916713e-05 1.58726993e-05 1.22399683e-05 8.78603849e-06 5.50366637e-06 2.38581148e-06 -5.74358554e-07 -3.38346467e-06 -6.04791452e-06 -8.57390190e-06 -1.09674073e-05 -1.32341993e-05 -1.53798371e-05 -1.74096733e-05 -1.93288577e-05 -2.11423412e-05 -2.28548804e-05 -2.44710426e-05 -2.59952102e-05 -2.74315869e-05 -2.87842022e-05 -3.00569173e-05 -3.12534305e-05 -3.23772830e-05 -3.34318639e-05 -3.44204161e-05 -3.53460414e-05 -3.62117060e-05 -3.70202458e-05 -3.77743712e-05 -3.84766724e-05
2.14220152e-04 1.06360868e-04 8.37297540e-05 8.86672716e-05 9.59428183e-05 1.03600674e-04 1.11581613e-04 1.19891959e-04 1.28538008e-04 1.37525346e-04 1.46858743e-04 1.56542024e-04 1.66577949e-04 1.76968070e-04 1.87712603e-04 1.98810273e-04 2.10258180e-04 2.22051644e-04 2.34184067e-04 2.46646788e-04 2.59428954e-04 2.72517395e-04 2.85896513e-04 2.99548196e-04 3.13451739e-04 3.27583807e-04 3.41918409e-04 3.56426923e-04 3.71078141e-04 3.85838367e-04 4.00671540e-04 4.15539415e-04 4.30401782e-04 4.45216718e-04 4.59940892e-04 4.74529900e-04 4.88938629e-04 5.03121655e-04 5.17033645e-04 5.30629780e-04 5.43866171e-04 5.56700264e-04 5.69091221e-04 5.81000270e-04 5.92391016e-04 6.03229690e-04 6.13485353e-04 6.23130023e-04 6.32138743e-04 6.40489581e-04 6.48163562e-04 6.55144540e-04 6.61419022e-04 6.66975946e-04 6.71806428e-04 6.75903497e-04 6.79261821e-04 6.81877448e-04 6.83747576e-04 6.84870350e-04 6.85244721e-04 6.84870350e-04 6.83747576e-04 6.81877448e-04 6.79261821e-04 6.75903497e-04 6.71806428e-04 6.66975946e-04 6.61419022e-04 6.55144540e-04 6.48163562e-04 6.40489581e-04 6.32138743e-04 6.23130023e-04 6.13485353e-04 6.03229690e-04 5.92391016e-04 5.81000270e-04 5.69091221e-04 5.56700264e-04 5.43866171e-04 5.30629780e-04 5.17033645e-04 5.03121655e-04 4.88938629e-04 4.74529900e-04 4.59940892e-04 4.45216718e-04 4.30401782e-04 4.15539415e-04 4.00671540e-04 3.85838367e-04 3.71078141e-04 3.56426923e-04 3.41918409e-04 3.27583807e-04 3.13451739e-04 2.99548196e-04 2.85896513e-04 2.72517395e-04 2.59428954e-04 2.46646788e-04 2.34184067e-04 2.22051644e-04 2.10258180e-04 1.98810273e-04 1.87712603e-04 1.76968070e-04 1.66577949e-04 1.56542024e-04 1.46858743e-04 1.37525346e-04 1.28538008e-04 1.19891959e-04 1.11581613e-04 1.03600673e-04 9.59422434e-05 8.85989245e-05 8.15629045e-05 7.48260413e-05 6.83799379e-05 6.22160101e-05 5.63255475e-05 5.06997680e-05 4.53298661e-05 4.02070555e-05 3.53226062e-05 3.06678773e-05 2.62343444e-05 2.20136237e-05 1.79974916e-05 1.41779019e-05 1.05469989e-05 7.09712876e-06 3.82084741e-06 7.10927239e-07 -2.23963868e-06 -5.03763385e-06 -7.68961716e-06 -1.02019229e-05 -1.25806617e-05 -1.48317232e-05 -1.69607781e-05 -1.89732825e-05 -2.08744814e-05 -2.26694139e-05 -2.43629175e-05 -2.59596340e-05 -2.74640145e-05 -2.88803253e-05 -3.02126536e-05 -3.14649134e-05 -3.26408511e-05 -3.37440518e-05 -3.47779446e-05 -3.57458089e-05 -3.66507794e-05 -3.74958523e-05 -3.82838905e-05 -3.90176287e-05 -3.96996790e-05
2.15378643e-04 1.04352875e-04 8.22231317e-05 8.72588844e-05 9.46004183e-05 1.02330781e-04 1.10392368e-04 1.18791997e-04 1.27536450e-04 1.36631804e-04 1.46083315e-04 1.55895287e-04 1.66070943e-04 1.76612285e-04 1.87519944e-04 1.98793034e-04 2.10428995e-04 2.22423441e-04 2.34770005e-04 2.47460187e-04 2.60483215e-04 2.73825909e-04 2.87472566e-04 3.01404851e-04 3.15601724e-04 3.30039386e-04 3.44691251e-04 3.59527963e-04 3.74517441e-04 3.89624972e-04 4.04813343e-04 4.20043023e-04 4.35272389e-04 4.50457992e-04 4.65554880e-04 4.80516942e-04 4.95297302e-04 5.09848736e-04 5.24124101e-04 5.38076784e-04 5.51661148e-04 5.64832958e-04 5.77549797e-04 5.89771436e-04 6.01460161e-04 6.12581050e-04 6.23102178e-04 6.32994758e-04 6.42233210e-04 6.50795153e-04 6.58661330e-04 6.65815462e-04 6.72244056e-04 6.77936152e-04 6.82883051e-04 6.87078017e-04 6.90515973e-04 6.93193223e-04 6.95107187e-04 6.96256189e-04 6.96639290e-04 6.96256189e-04 6.95107187e-04 6.93193223e-04 6.90515973e-04 6.87078017e-04 6.82883051e-04 6.77936152e-04 6.72244056e-04 6.65815462e-04 6.58661330e-04 6.50795153e-04 6.42233210e-04 6.32994758e-04 6.23102178e-04 6.12581050e-04 6.01460161e-04 5.89771436e-04 5.77549797e-04 5.64832958e-04 5.51661148e-04 5.38076784e-04 5.24124101e-04 5.09848736e-04 4.95297302e-04 4.80516942e-04 4.65554880e-04 4.50457992e-04 4.35272389e-04 4.20043023e-04 4.04813343e-04 3.89624972e-04 3.74517441e-04 3.59527963e-04 3.44691251e-04 3.30039386e-04 3.15601724e-04 3.01404851e-04 2.87472566e-04 2.73825909e-04 2.60483215e-04 2.47460187e-04 2.34770005e-04 2.22423441e-04 2.10428995e-04 1.98793034e-04 1.87519944e-04 1.76612285e-04 1.66070943e-04 1.55895287e-04 1.46083315e-04 1.36631804e-04 1.27536450e-04 1.18791997e-04 1.10392368e-04 1.02330780e-04 9.45998519e-05 8.71917108e-05 8.00980801e-05 7.33103662e-05 6.68197350e-05 6.06171808e-05 5.46935888e-05 4.90397895e-05 4.36466081e-05 3.85049068e-05 3.36056224e-05 2.89397984e-05 2.44986124e-05 2.02733999e-05 1.62556736e-05 1.24371393e-05 8.80970938e-06 5.36551260e-06 2.09690224e-06 -1.00353846e-06 -3.94299255e-06 -6.72840732e-06 -9.36649377e-06 -1.18637272e-05 -1.42263492e-05 -1.64603699e-05 -1.85715721e-05 -2.05655149e-05 -2.24475384e-05 -2.42227690e-05 -2.58961251e-05 -2.74723220e-05 -2.89558788e-05 -3.03511238e-05 -3.16622010e-05 -3.28930762e-05 -3.40475432e-05 -3.51292300e-05 -3.61416048e-05 -3.70879825e-05 -3.79715299e-05 -3.87952722e-05 -3.95620983e-05 -4.02747663e-05 -4.09359094e-05
2.16511773e-04 1.02234080e-04 8.06449626e-05 8.57795511e-05 9.31856853e-05 1.00987216e-04 1.09128246e-04 1.17616107e-04 1.26458090e-04 1.35660788e-04 1.45229967e-04 1.55170438e-04 1.65485918e-04 1.76178883e-04 1.87250413e-04 1.98700037e-04 2.10525569e-04 2.22722944e-04 2.35286054e-04 2.48206589e-04 2.61473881e-04 2.75074766e-04 2.88993446e-04 3.03211384e-04 3.17707211e-04 3.32456667e-04 3.47432566e-04 3.62604806e-04 3.77940413e-04 3.93403630e-04 4.08956056e-04 4.24556827e-04 4.40162852e-04 4.55729096e-04 4.71208912e-04 4.86554408e-04 5.01716863e-04 5.16647165e-04 5.31296274e-04 5.45615695e-04 5.59557955e-04 5.73077060e-04 5.86128936e-04 5.98671827e-04 6.10666646e-04 6.22077268e-04 6.32870750e-04 6.43017480e-04 6.52491246e-04 6.61269224e-04 6.69331893e-04 6.76662871e-04 6.83248699e-04 6.89078566e-04 6.94144003e-04 6.98438555e-04 7.01957452e-04 7.04697293e-04 7.06655758e-04 7.07831375e-04 7.08223333e-04 7.07831375e-04 7.06655758e-04 7.04697293e-04 7.01957452e-04 6.98438555e-04 6.94144003e-04 6.89078566e-04 6.83248699e-04 6.76662871e-04 6.69331893e-04 6.61269224e-04 6.52491246e-04 6.43017480e-04 6.32870750e-04 6.22077268e-04 6.10666646e-04 5.98671827e-04 5.86128936e-04 5.73077060e-04 5.59557955e-04 5.45615695e-04 5.31296274e-04 5.16647165e-04 5.01716863e-04 4.86554408e-04 4.71208912e-04 4.55729096e-04 4.40162852e-04 4.24556827e-04 4.08956056e-04 3.93403630e-04 3.77940413e-04 3.62604806e-04 3.47432566e-04 3.32456667e-04 3.17707211e-04 3.03211384e-04 2.88993446e-04 2.75074766e-04 2.61473881e-04 2.48206589e-04 2.35286054e-04 2.22722944e-04 2.10525569e-04 1.98700037e-04 1.87250413e-04 1.76178883e-04 1.65485918e-04 1.55170438e-04 1.45229967e-04 1.35660788e-04 1.26458090e-04 1.17616107e-04 1.09128246e-04 1.00987215e-04 9.31851279e-05 8.57136171e-05 7.85639235e-05 7.17269853e-05 6.51935159e-05 5.89540746e-05 5.29991292e-05 4.73191119e-05 4.19044683e-05 3.67457003e-05 3.18334033e-05 2.71582982e-05 2.27112589e-05 1.84833346e-05 1.44657695e-05 1.06500178e-05 7.02775638e-06 3.59089423e-06 3.31579489e-07 -2.75779554e-06 -5.68459145e-06 -8.45592040e-06 -1.10786462e-05 -1.35593859e-05 -1.59045117e-05 -1.81201551e-05 -2.02122101e-05 -2.21863388e-05 -2.40479759e-05 -2.58023349e-05 -2.74544137e-05 -2.90090011e-05 -3.04706829e-05 -3.18438488e-05 -3.31326986e-05 -3.43412490e-05 -3.54733402e-05 -3.65326420e-05 -3.75226611e-05 -3.84467464e-05 -3.93080961e-05 -4.01097632e-05 -4.08546617e-05 -4.15455723e-05 -4.21851481e-05
2.17618589e-04 1.00002236e-04 7.89938462e-05 8.42277812e-05 9.16970218e-05 9.95682722e-05 1.07787428e-04 1.16362356e-04 1.25300882e-04 1.34610137e-04 1.44296427e-04 1.54365097e-04 1.64820386e-04 1.75665274e-04 1.86901324e-04 1.98528511e-04 2.10545053e-04 2.22947238e-04 2.35729250e-04 2.48882994e-04 2.62397937e-04 2.76260950e-04 2.90456164e-04 3.04964855e-04 3.19765333e-04 3.34832882e-04 3.50139713e-04 3.65654968e-04 3.81344760e-04 3.97172260e-04 4.13097839e-04 4.29079253e-04 4.45071889e-04 4.61029060e-04 4.76902348e-04 4.92642002e-04 5.08197367e-04 5.23517354e-04 5.38550933e-04 5.53247632e-04 5.67558051e-04 5.81434349e-04 5.94830713e-04 6.07703791e-04 6.20013060e-04 6.31721143e-04 6.42794045e-04 6.53201306e-04 6.62916075e-04 6.71915095e-04 6.80178598e-04 6.87690133e-04 6.94436315e-04 7.00406531e-04 7.05592594e-04 7.09988388e-04 7.13589496e-04 7.16392861e-04 7.18396464e-04 7.19599064e-04 7.20000000e-04 7.19599064e-04 7.18396464e-04 7.16392861e-04 7.13589496e-04 7.09988388e-04 7.05592594e-04 7.00406531e-04 6.94436315e-04 6.87690133e-04 6.80178598e-04 6.71915095e-04 6.62916075e-04 6.53201306e-04 6.42794045e-04 6.31721143e-04 6.20013060e-04 6.07703791e-04 5.94830713e-04 5.81434349e-04 5.67558051e-04 5.53247632e-04 5.38550933e-04 5.23517354e-04 5.08197367e-04 4.92642002e-04 4.76902348e-04 4.61029060e-04 4.45071889e-04 4.29079253e-04 4.13097839e-04 3.97172260e-04 3.81344760e-04 3.65654968e-04 3.50139713e-04 3.34832882e-04 3.19765333e-04 3.04964855e-04 2.90456164e-04 2.76260950e-04 2.62397937e-04 2.48882994e-04 2.35729250e-04 2.22947238e-04 2.10545053e-04 1.98528511e-04 1.86901324e-04 1.75665274e-04 1.64820386e-04 1.54365097e-04 1.44296427e-04 1.34610137e-04 1.25300882e-04 1.16362356e-04 1.07787428e-04 9.95682710e-05 9.16964740e-05 8.41631533e-05 7.69590490e-05 7.00746138e-05 6.35000934e-05 5.72255977e-05 5.12411647e-05 4.55368168e-05 4.01026099e-05 3.49286766e-05 3.00052629e-05 2.53227605e-05 2.08717329e-05 1.66429383e-05 1.26273479e-05 8.81616049e-06 5.20081424e-06 1.77299563e-06 -1.47535434e-06 -4.55203600e-06 -7.46458875e-06 -1.02202905e-05 -1.28261587e-05 -1.52889521e-05 -1.76151742e-05 -1.98110771e-05 -2.18826663e-05 -2.38357062e-05 -2.56757255e-05 -2.74080242e-05 -2.90376790e-05 -3.05695511e-05 -3.20082926e-05 -3.33583531e-05 -3.46239875e-05 -3.58092623e-05 -3.69180629e-05 -3.79541003e-05 -3.89209180e-05 -3.98218984e-05 -4.06602697e-05 -4.14391118e-05 -4.21613629e-05 -4.28298250e-05 -4.34471701e-05
2.18686603e-04 9.76500255e-05 7.72643121e-05 8.25977261e-05 9.01280723e-05 9.80670621e-05 1.06362473e-04 1.15022728e-04 1.24056215e-04 1.33470627e-04 1.43272836e-04 1.53468750e-04 1.64063161e-04 1.75059587e-04 1.86460104e-04 1.98265166e-04 2.10473431e-04 2.23081573e-04 2.36084098e-04 2.49473163e-04 2.63238394e-04 2.77366726e-04 2.91842245e-04 3.06646052e-04 3.21756155e-04 3.37147386e-04 3.52791353e-04 3.68656434e-04 3.84707809e-04 4.00907554e-04 4.17214773e-04 4.33585798e-04 4.49974437e-04 4.66332281e-04 4.82609073e-04 4.98753116e-04 5.14711735e-04 5.30431771e-04 5.45860103e-04 5.60944191e-04 5.75632610e-04 5.89875583e-04 6.03625476e-04 6.16837263e-04 6.29468925e-04 6.41481782e-04 6.52840750e-04 6.63514503e-04 6.73475548e-04 6.82700201e-04 6.91168476e-04 6.98863885e-04 7.05773168e-04 7.11885962e-04 7.17194423e-04 7.21692829e-04 7.25377179e-04 7.28244809e-04 7.30294046e-04 7.31523913e-04 7.31933919e-04 7.31523913e-04 7.30294046e-04 7.28244809e-04 7.25377179e-04 7.21692829e-04 7.17194423e-04 7.11885962e-04 7.05773168e-04 6.98863885e-04 6.91168476e-04 6.82700201e-04 6.73475548e-04 6.63514503e-04 6.52840750e-04 6.41481782e-04 6.29468925e-04 6.16837263e-04 6.03625476e-04 5.89875583e-04 5.75632610e-04 5.60944191e-04 5.45860103e-04 5.30431771e-04 5.14711735e-04 4.98753116e-04 4.82609073e-04 4.66332281e-04 4.49974437e-04 4.33585798e-04 4.17214773e-04 4.00907554e-04 3.84707809e-04 3.68656434e-04 3.52791353e-04 3.37147386e-04 3.21756155e-04 3.06646052e-04 2.91842245e-04 2.77366726e-04 2.63238394e-04 2.49473163e-04 2.36084098e-04 2.23081573e-04 2.10473431e-04 1.98265166e-04 1.86460104e-04 1.75059587e-04 1.64063161e-04 1.53468750e-04 1.43272836e-04 1.33470627e-04 1.24056215e-04 1.15022728e-04 1.06362473e-04 9.80670609e-05 9.01275347e-05 8.25344750e-05 7.52781020e-05 6.83483663e-05 6.17350306e-05 5.54277417e-05 4.94160955e-05 4.36896936e-05 3.82381928e-05 3.30513477e-05 2.81190479e-05 2.34313492e-05 1.89784996e-05 1.47509616e-05 1.07394294e-05 6.93484311e-06 3.32839994e-06 -8.84382437e-08 -3.32393916e-06 -6.38609684e-06 -9.28263026e-06 -1.20209835e-05 -1.46083275e-05 -1.70515629e-05 -1.93573237e-05 -2.15319825e-05 -2.35816552e-05 -2.55122078e-05 -2.73292622e-05 -2.90382033e-05 -3.06441861e-05 -3.21521426e-05 -3.35667897e-05 -3.48926362e-05 -3.61339905e-05 -3.72949675e-05 -3.83794967e-05 -3.93913287e-05 -4.03340426e-05 -4.12110531e-05 -4.20256170e-05 -4.27808398e-05 -4.34796825e-05 -4.41249674e-05 -4.47193843e-05
2.19726265e-04 9.51807730e-05 7.54592283e-05 8.08924201e-05 8.84821475e-05 9.64871900e-05 1.04857293e-04 1.13601464e-04 1.22728670e-04 1.32247198e-04 1.42164515e-04 1.52487121e-04 1.63220394e-04 1.74368422e-04 1.85933827e-04 1.97917582e-04 2.10318816e-04 2.23134626e-04 2.36359876e-04 2.49987004e-04 2.64005833e-04 2.78403387e-04 2.93163728e-04 3.08267807e-04 3.23693342e-04 3.39414720e-04 3.55402946e-04 3.71625622e-04 3.88046982e-04 4.04627972e-04 4.21326396e-04 4.38097106e-04 4.54892272e-04 4.71661696e-04 4.88353196e-04 5.04913043e-04 5.21286442e-04 5.37418064e-04 5.53252596e-04 5.68735319e-04 5.83812683e-04 5.98432874e-04 6.12546348e-04 6.26106322e-04 6.39069212e-04 6.51394980e-04 6.63047416e-04 6.73994303e-04 6.84207501e-04 6.93662911e-04 7.02340353e-04 7.10223347e-04 7.17298807e-04 7.23556679e-04 7.28989526e-04 7.33592088e-04 7.37360842e-04 7.40293574e-04 7.42389004e-04 7.43646461e-04 7.44065641e-04 7.43646461e-04 7.42389004e-04 7.40293574e-04 7.37360842e-04 7.33592088e-04 7.28989526e-04 7.23556679e-04 7.17298807e-04 7.10223347e-04 7.02340353e-04 6.93662911e-04 6.84207501e-04 6.73994303e-04 6.63047416e-04 6.51394980e-04 6.39069212e-04 6.26106322e-04 6.12546348e-04 5.98432874e-04 5.83812683e-04 5.68735319e-04 5.53252596e-04 5.37418064e-04 5.21286442e-04 5.04913043e-04 4.88353196e-04 4.71661696e-04 4.54892272e-04 4.38097106e-04 4.21326396e-04 4.04627972e-04 3.88046982e-04 3.71625622e-04 3.55402946e-04 3.39414720e-04 3.23693342e-04 3.08267807e-04 2.93163728e-04 2.78403387e-04 2.64005833e-04 2.49987004e-04 2.36359876e-04 2.23134626e-04 2.10318816e-04 1.97917582e-04 1.85933827e-04 1.74368422e-04 1.63220394e-04 1.52487121e-04 1.42164515e-04 1.32247198e-04 1.22728670e-04 1.13601464e-04 1.04857293e-04 9.64871889e-05 8.84816207e-05 8.08306130e-05 7.35238472e-05 6.65507539e-05 5.99005964e-05 5.35625445e-05 4.75257391e-05 4.17793495e-05 3.63126231e-05 3.11149278e-05 2.61757890e-05 2.14849197e-05 1.70322468e-05 1.28079319e-05 8.80238829e-06 5.00629401e-06 1.41060215e-06 -1.99345217e-06 -5.21434716e-06 -8.26027191e-06 -1.11391259e-05 -1.38585199e-05 -1.64257789e-05 -1.88479451e-05 -2.11317832e-05 -2.32837855e-05 -2.53101781e-05 -2.72169277e-05 -2.90097484e-05 -3.06941096e-05 -3.22752430e-05 -3.37581508e-05 -3.51476136e-05 -3.64481980e-05 -3.76642646e-05 -3.87999759e-05 -3.98593040e-05 -4.08460379e-05 -4.17637914e-05 -4.26160098e-05 -4.34059776e-05 -4.41368248e-05 -4.48115340e-05 -4.54329465e-05 -4.60037689e-05
2.20736609e-04 9.25925148e-05 7.35772176e-05 7.91103741e-05 8.67576408e-05 9.48269280e-05 1.03270038e-04 1.12096582e-04 1.21316140e-04 1.30937615e-04 1.40969099e-04 1.51417717e-04 1.62289466e-04 1.73589038e-04 1.85319640e-04 1.97482795e-04 2.10078148e-04 2.23103252e-04 2.36553368e-04 2.50421252e-04 2.64696952e-04 2.79367616e-04 2.94417311e-04 3.09826858e-04 3.25573698e-04 3.41631786e-04 3.57971523e-04 3.74559729e-04 3.91359671e-04 4.08331140e-04 4.25430594e-04 4.42611361e-04 4.59823904e-04 4.77016164e-04 4.94133949e-04 5.11121402e-04 5.27921511e-04 5.44476665e-04 5.60729249e-04 5.76622254e-04 5.92099895e-04 6.07108214e-04 6.21595659e-04 6.35513607e-04 6.48816831e-04 6.61463881e-04 6.73417374e-04 6.84644185e-04 6.95115517e-04 7.04806873e-04 7.13697911e-04 7.21772198e-04 7.29016882e-04 7.35422286e-04 7.40981448e-04 7.45689645e-04 7.49543900e-04 7.52542516e-04 7.54684657e-04 7.55969995e-04 7.56398445e-04 7.55969995e-04 7.54684657e-04 7.52542516e-04 7.49543900e-04 7.45689645e-04 7.40981448e-04 7.35422286e-04 7.29016882e-04 7.21772198e-04 7.13697911e-04 7.04806873e-04 6.95115517e-04 6.84644185e-04 6.73417374e-04 6.61463881e-04 6.48816831e-04 6.35513607e-04 6.21595659e-04 6.07108214e-04 5.92099895e-04 5.76622254e-04 5.60729249e-04 5.44476665e-04 5.27921511e-04 5.11121402e-04 4.94133949e-04 4.77016164e-04 4.59823904e-04 4.42611361e-04 4.25430594e-04 4.08331140e-04 3.91359671e-04 3.74559729e-04 3.57971523e-04 3.41631786e-04 3.25573698e-04 3.09826858e-04 2.94417311e-04 2.79367616e-04 2.64696952e-04 2.50421252e-04 2.36553368e-04 2.23103252e-04 2.10078148e-04 1.97482795e-04 1.85319640e-04 1.73589038e-04 1.62289466e-04 1.51417717e-04 1.40969099e-04 1.30937615e-04 1.21316140e-04 1.12096582e-04 1.03270038e-04 9.48269269e-05 8.67571253e-05 7.90500788e-05 7.16949096e-05 6.46805108e-05 5.79956303e-05 5.16289459e-05 4.55691306e-05 3.98049101e-05 3.43251123e-05 2.91187097e-05 2.41748553e-05 1.94829131e-05 1.50324831e-05 1.08134212e-05 6.81585570e-06 3.03019928e-06 -5.52841644e-07 -3.94226088e-06 -7.14674874e-06 -1.01746905e-05 -1.30341669e-05 -1.57329560e-05 -1.82785367e-05 -2.06780929e-05 -2.29385193e-05 -2.50664278e-05 -2.70681537e-05 -2.89497636e-05 -3.07170631e-05 -3.23756046e-05 -3.39306958e-05 -3.53874078e-05 -3.67505835e-05 -3.80248462e-05 -3.92146075e-05 -4.03240761e-05 -4.13572654e-05 -4.23180016e-05 -4.32099317e-05 -4.40365307e-05 -4.48011092e-05 -4.55068207e-05 -4.61566680e-05 -4.67535104e-05 -4.73000701e-05
2.21716665e-04 8.98834009e-05 7.16169094e-05 7.72500977e-05 8.49529406e-05 9.30845391e-05 1.01598840e-04 1.10506086e-04 1.19816492e-04 1.29539609e-04 1.39684185e-04 1.50258001e-04 1.61267707e-04 1.72718639e-04 1.84614623e-04 1.96957776e-04 2.09748291e-04 2.22984225e-04 2.36661270e-04 2.50772539e-04 2.65308346e-04 2.80255992e-04 2.95599579e-04 3.11319822e-04 3.27393907e-04 3.43795365e-04 3.60493997e-04 3.77455833e-04 3.94643156e-04 4.12014574e-04 4.29525159e-04 4.47126658e-04 4.64767767e-04 4.82394482e-04 4.99950518e-04 5.17377790e-04 5.34616958e-04 5.51608019e-04 5.68290935e-04 5.84606288e-04 6.00495942e-04 6.15903684e-04 6.30775847e-04 6.45061876e-04 6.58714824e-04 6.71691764e-04 6.83954101e-04 6.95467773e-04 7.06203327e-04 7.16135881e-04 7.25244964e-04 7.33514243e-04 7.40931162e-04 7.47486492e-04 7.53173829e-04 7.57989065e-04 7.61929845e-04 7.64995061e-04 7.67184379e-04 7.68497861e-04 7.68935664e-04 7.68497861e-04 7.67184379e-04 7.64995061e-04 7.61929845e-04 7.57989065e-04 7.53173829e-04 7.47486492e-04 7.40931162e-04 7.33514243e-04 7.25244964e-04 7.16135881e-04 7.06203327e-04 6.95467773e-04 6.83954101e-04 6.71691764e-04 6.58714824e-04 6.45061876e-04 6.30775847e-04 6.15903684e-04 6.00495942e-04 5.84606288e-04 5.68290935e-04 5.51608019e-04 5.34616958e-04 5.17377790e-04 4.99950518e-04 4.82394482e-04 4.64767767e-04 4.47126658e-04 4.29525159e-04 4.12014574e-04 3.94643156e-04 3.77455833e-04 3.60493997e-04 3.43795365e-04 3.27393907e-04 3.11319822e-04 2.95599579e-04 2.80255992e-04 2.65308346e-04 2.50772539e-04 2.36661270e-04 2.22984225e-04 2.09748291e-04 1.96957776e-04 1.84614623e-04 1.72718639e-04 1.61267707e-04 1.50258001e-04 1.39684185e-04 1.29539609e-04 1.19816492e-04 1.10506086e-04 1.01598840e-04 9.30845380e-05 8.49524369e-05 7.71913819e-05 6.97899161e-05 6.27363763e-05 5.60189789e-05 4.96258949e-05 4.35453167e-05 3.77655146e-05 3.22748870e-05 2.70620020e-05 2.21156330e-05 1.74247884e-05 1.29787355e-05 8.76702025e-06 4.77948185e-06 1.00626459e-06 -2.56217431e-06 -5.93505947e-06 -9.12129473e-06 -1.21294626e-05 -1.49678255e-05 -1.76443291e-05 -2.01666062e-05 -2.25419821e-05 -2.47774812e-05 -2.68798338e-05 -2.88554839e-05 -3.07105971e-05 -3.24510691e-05 -3.40825346e-05 -3.56103756e-05 -3.70397309e-05 -3.83755046e-05 -3.96223751e-05 -4.07848038e-05 -4.18670441e-05 -4.28731494e-05 -4.38069818e-05 -4.46722201e-05 -4.54723674e-05 -4.62107596e-05 -4.68905718e-05 -4.75148262e-05 -4.80863987e-05 -4.86080257e-05
2.22665463e-04 8.70517089e-05 6.95769411e-05 7.53101005e-05 8.30664313e-05 9.12582782e-05 9.98418211e-05 1.08827961e-04 1.18227573e-04 1.28050887e-04 1.38307336e-04 1.49005396e-04 1.60152404e-04 1.71754375e-04 1.83815797e-04 1.96339421e-04 2.09326033e-04 2.22774230e-04 2.36680183e-04 2.51037402e-04 2.65836502e-04 2.81064979e-04 2.96706998e-04 3.12743199e-04 3.29150530e-04 3.45902114e-04 3.62967155e-04 3.80310890e-04 3.97894601e-04 4.15675680e-04 4.33607777e-04 4.51641002e-04 4.69722214e-04 4.87795388e-04 5.05802047e-04 5.23681776e-04 5.41372793e-04 5.58812582e-04 5.75938559e-04 5.92688770e-04 6.09002598e-04 6.24821460e-04 6.40089462e-04 6.54754016e-04 6.68766372e-04 6.82082061e-04 6.94661229e-04 7.06468853e-04 7.17474820e-04 7.27653881e-04 7.36985475e-04 7.45453425e-04 7.53045540e-04 7.59753122e-04 7.65570410e-04 7.70494000e-04 7.74522247e-04 7.77654703e-04 7.79891608e-04 7.81233458e-04 7.81680686e-04 7.81233458e-04 7.79891608e-04 7.77654703e-04 7.74522247e-04 7.70494000e-04 7.65570410e-04 7.59753122e-04 7.53045540e-04 7.45453425e-04 7.36985475e-04 7.27653881e-04 7.17474820e-04 7.06468853e-04 6.94661229e-04 6.82082061e-04 6.68766372e-04 6.54754016e-04 6.40089462e-04 6.24821460e-04 6.09002598e-04 5.92688770e-04 5.75938559e-04 5.58812582e-04 5.41372793e-04 5.23681776e-04 5.05802047e-04 4.87795388e-04 4.69722214e-04 4.51641002e-04 4.33607777e-04 4.15675680e-04 3.97894601e-04 3.80310890e-04 3.62967155e-04 3.45902114e-04 3.29150530e-04 3.12743199e-04 2.96706998e-04 2.81064979e-04 2.65836502e-04 2.51037402e-04 2.36680183e-04 2.22774230e-04 2.09326033e-04 1.96339421e-04 1.83815797e-04 1.71754375e-04 1.60152404e-04 1.49005396e-04 1.38307336e-04 1.28050887e-04 1.18227573e-04 1.08827961e-04 9.98418211e-05 9.12582771e-05 8.30659399e-05 7.52530319e-05 6.78074964e-05 6.07170955e-05 5.39694972e-05 4.75523515e-05 4.14533566e-05 3.56603162e-05 3.01611891e-05 2.49441303e-05 1.99975262e-05 1.53100230e-05 1.08705504e-05 6.66833942e-06 2.69293688e-06 -1.06578440e-06 -4.61761863e-06 -7.97202300e-06 -1.11381160e-05 -1.41246782e-05 -1.69401543e-05 -1.95926574e-05 -2.20899740e-05 -2.44395704e-05 -2.66485998e-05 -2.87239105e-05 -3.06720538e-05 -3.24992933e-05 -3.42116137e-05 -3.58147304e-05 -3.73140986e-05 -3.87149233e-05 -4.00221684e-05 -4.12405659e-05 -4.23746256e-05 -4.34286441e-05 -4.44067133e-05 -4.53127297e-05 -4.61504024e-05 -4.69232617e-05 -4.76346667e-05 -4.82878133e-05 -4.88857414e-05 -4.94313425e-05 -4.99273661e-05
2.23582031e-04 8.40958579e-05 6.74559595e-05 7.32888924e-05 8.10964940e-05 8.93463929e-05 9.79970916e-05 1.07060173e-04 1.16547205e-04 1.26469124e-04 1.36836082e-04 1.47657283e-04 1.58940790e-04 1.70693338e-04 1.82920119e-04 1.95624557e-04 2.08808079e-04 2.22469867e-04 2.36606614e-04 2.51212271e-04 2.66277799e-04 2.81790924e-04 2.97735913e-04 3.14093358e-04 3.30839997e-04 3.47948558e-04 3.65387655e-04 3.83121728e-04 4.01111041e-04 4.19311748e-04 4.37676028e-04 4.56152301e-04 4.74685519e-04 4.93217549e-04 5.11687628e-04 5.30032899e-04 5.48189020e-04 5.66090831e-04 5.83673068e-04 6.00871108e-04 6.17621722e-04 6.33863824e-04 6.49539176e-04 6.64593052e-04 6.78974809e-04 6.92638365e-04 7.05542558e-04 7.17651379e-04 7.28934052e-04 7.39364984e-04 7.48923563e-04 7.57593833e-04 7.65364046e-04 7.72226121e-04 7.78175040e-04 7.83208198e-04 7.87324754e-04 7.90525009e-04 7.92809844e-04 7.94180245e-04 7.94636955e-04 7.94180245e-04 7.92809844e-04 7.90525009e-04 7.87324754e-04 7.83208198e-04 7.78175040e-04 7.72226121e-04 7.65364046e-04 7.57593833e-04 7.48923563e-04 7.39364984e-04 7.28934052e-04 7.17651379e-04 7.05542558e-04 6.92638365e-04 6.78974809e-04 6.64593052e-04 6.49539176e-04 6.33863824e-04 6.17621722e-04 6.00871108e-04 5.83673068e-04 5.66090831e-04 5.48189020e-04 5.30032899e-04 5.11687628e-04 4.93217549e-04 4.74685519e-04 4.56152301e-04 4.37676028e-04 4.19311748e-04 4.01111041e-04 3.83121728e-04 3.65387655e-04 3.47948558e-04 3.30839997e-04 3.14093358e-04 2.97735913e-04 2.81790924e-04 2.66277799e-04 2.51212271e-04 2.36606614e-04 2.22469867e-04 2.08808079e-04 1.95624557e-04 1.82920119e-04 1.70693338e-04 1.58940790e-04 1.47657283e-04 1.36836082e-04 1.26469124e-04 1.16547205e-04 1.07060173e-04 9.79970916e-05 8.93463918e-05 8.10960156e-05 7.32335388e-05 6.57462840e-05 5.86214200e-05 5.18460498e-05 4.54072871e-05 3.92923229e-05 3.34884832e-05 2.79832769e-05 2.27644376e-05 1.78199572e-05 1.31381137e-05 8.70749362e-06 4.51700916e-06 5.55911189e-07 -3.18620163e-06 -6.71937702e-06 -1.00533062e-05 -1.31973235e-05 -1.61604079e-05 -1.89511866e-05 -2.15779400e-05 -2.40486079e-05 -2.63707970e-05 -2.85517886e-05 -3.05985476e-05 -3.25177318e-05 -3.43157012e-05 -3.59985283e-05 -3.75720077e-05 -3.90416665e-05 -4.04127743e-05 -4.16903530e-05 -4.28791870e-05 -4.39838327e-05 -4.50086282e-05 -4.59577028e-05 -4.68349855e-05 -4.76442145e-05 -4.83889453e-05 -4.90725593e-05 -4.96982716e-05 -5.02691385e-05 -5.07880655e-05 -5.12578138e-05
2.24465398e-04 8.10144237e-05 6.52526218e-05 7.11849855e-05 7.90415078e-05 8.73471246e-05 9.60627501e-05 1.05200677e-04 1.14773191e-04 1.24791970e-04 1.35267918e-04 1.46211002e-04 1.57630054e-04 1.69532567e-04 1.81924480e-04 1.94809940e-04 2.08191056e-04 2.22067646e-04 2.36436973e-04 2.51293474e-04 2.66628501e-04 2.82430056e-04 2.98682543e-04 3.15366542e-04 3.32458604e-04 3.49931085e-04 3.67752017e-04 3.85885040e-04 4.04289387e-04 4.22919944e-04 4.41727379e-04 4.60658362e-04 4.79655869e-04 4.98659568e-04 5.17606307e-04 5.36430673e-04 5.55065635e-04 5.73443257e-04 5.91495452e-04 6.09154781e-04 6.26355263e-04 6.43033170e-04 6.59127796e-04 6.74582161e-04 6.89343633e-04 7.03364443e-04 7.16602070e-04 7.29019489e-04 7.40585262e-04 7.51273475e-04 7.61063515e-04 7.69939713e-04 7.77890849e-04 7.84909562e-04 7.90991678e-04 7.96135503e-04 8.00341102e-04 8.03609617e-04 8.05942650e-04 8.07341739e-04 8.07807973e-04 8.07341739e-04 8.05942650e-04 8.03609617e-04 8.00341102e-04 7.96135503e-04 7.90991678e-04 7.84909562e-04 7.77890849e-04 7.69939713e-04 7.61063515e-04 7.51273475e-04 7.40585262e-04 7.29019489e-04 7.16602070e-04 7.03364443e-04 6.89343633e-04 6.74582161e-04 6.59127796e-04 6.43033170e-04 6.26355263e-04 6.09154781e-04 5.91495452e-04 5.73443257e-04 5.55065635e-04 5.36430673e-04 5.17606307e-04 4.98659568e-04 4.79655869e-04 4.60658362e-04 4.41727379e-04 4.22919944e-04 4.04289387e-04 3.85885040e-04 3.67752017e-04 3.49931085e-04 3.32458604e-04 3.15366542e-04 2.98682543e-04 2.82430056e-04 2.66628501e-04 2.51293474e-04 2.36436973e-04 2.22067646e-04 2.08191056e-04 1.94809940e-04 1.81924480e-04 1.69532567e-04 1.57630054e-04 1.46211002e-04 1.35267918e-04 1.24791970e-04 1.14773191e-04 1.05200677e-04 9.60627501e-05 8.73471236e-05 7.90410430e-05 7.11314141e-05 6.36049174e-05 5.64481095e-05 4.96475113e-05 4.31896854e-05 3.70613028e-05 3.12491999e-05 2.57404263e-05 2.05222854e-05 1.55823677e-05 1.09085768e-05 6.48915128e-06 2.31268041e-06 -1.63188413e-06 -5.35522031e-06 -8.86763124e-06 -1.21790435e-05 -1.52990077e-05 -1.82367020e-05 -2.10009358e-05 -2.36001567e-05 -2.60424572e-05 -2.83355832e-05 -3.04869432e-05 -3.25036177e-05 -3.43923694e-05 -3.61596536e-05 -3.78116289e-05 -3.93541676e-05 -4.07928669e-05 -4.21330594e-05 -4.33798236e-05 -4.45379942e-05 -4.56121728e-05 -4.66067376e-05 -4.75258530e-05 -4.83734794e-05 -4.91533824e-05 -4.98691412e-05 -5.05241578e-05 -5.11216650e-05 -5.16647343e-05 -5.21562838e-05 -5.25990850e-05
2.25314596e-04 7.78061535e-05 6.29655973e-05 6.89968942e-05 7.68998508e-05 8.52587095e-05 9.40368854e-05 1.03247408e-04 1.12903313e-04 1.23017047e-04 1.33600306e-04 1.44663855e-04 1.56217334e-04 1.68269042e-04 1.80825708e-04 1.93892249e-04 2.07471508e-04 2.21563987e-04 2.36167568e-04 2.51277229e-04 2.66884758e-04 2.82978478e-04 2.99542976e-04 3.16558855e-04 3.34002510e-04 3.51845943e-04 3.70056620e-04 3.88597380e-04 4.07426412e-04 4.26497306e-04 4.45759177e-04 4.65156888e-04 4.84631359e-04 5.04119973e-04 5.23557077e-04 5.42874581e-04 5.62002634e-04 5.80870374e-04 5.99406744e-04 6.17541338e-04 6.35205265e-04 6.52332013e-04 6.68858269e-04 6.84724680e-04 6.99876520e-04 7.14264251e-04 7.27843940e-04 7.40577518e-04 7.52432886e-04 7.63383832e-04 7.73409798e-04 7.82495477e-04 7.90630274e-04 7.97807654e-04 8.04024406e-04 8.09279863e-04 8.13575112e-04 8.16912240e-04 8.19293657e-04 8.20721519e-04 8.21197299e-04 8.20721519e-04 8.19293657e-04 8.16912240e-04 8.13575112e-04 8.09279863e-04 8.04024406e-04 7.97807654e-04 7.90630274e-04 7.82495477e-04 7.73409798e-04 7.63383832e-04 7.52432886e-04 7.40577518e-04 7.27843940e-04 7.14264251e-04 6.99876520e-04 6.84724680e-04 6.68858269e-04 6.52332013e-04 6.35205265e-04 6.17541338e-04 5.99406744e-04 5.80870374e-04 5.62002634e-04 5.42874581e-04 5.23557077e-04 5.04119973e-04 4.84631359e-04 4.65156888e-04 4.45759177e-04 4.26497306e-04 4.07426412e-04 3.88597380e-04 3.70056620e-04 3.51845943e-04 3.34002510e-04 3.16558855e-04 2.99542976e-04 2.82978478e-04 2.66884758e-04 2.51277229e-04 2.36167568e-04 2.21563987e-04 2.07471508e-04 1.93892249e-04 1.80825708e-04 1.68269042e-04 1.56217334e-04 1.44663855e-04 1.33600306e-04 1.23017047e-04 1.12903313e-04 1.03247408e-04 9.40368854e-05 8.52587085e-05 7.68994001e-05 6.89451718e-05 6.13820409e-05 5.41959322e-05 4.73727675e-05 4.08985437e-05 3.47593984e-05 2.89416671e-05 2.34319306e-05 1.82170539e-05 1.32842187e-05 8.62094889e-06 4.21513016e-06 5.50250133e-08 -3.87071700e-06 -7.57305271e-06 -1.10625422e-05 -1.43493483e-05 -1.74432390e-05 -2.03535910e-05 -2.30893962e-05 -2.56592685e-05 -2.80714523e-05 -3.03338321e-05 -3.24539419e-05 -3.44389766e-05 -3.62958024e-05 -3.80309680e-05 -3.96507166e-05 -4.11609967e-05 -4.25674736e-05 -4.38755412e-05 -4.50903326e-05 -4.62167315e-05 -4.72593826e-05 -4.82227023e-05 -4.91108888e-05 -4.99279320e-05 -5.06776230e-05 -5.13635634e-05 -5.19891742e-05 -5.25577043e-05 -5.30722388e-05 -5.35357068e-05 -5.39508893e-05
2.26128660e-04 7.44699819e-05 6.05935684e-05 6.67231367e-05 7.46699005e-05 8.30793790e-05 9.19175775e-05 1.01198290e-04 1.10935331e-04 1.21141951e-04 1.31830672e-04 1.43013100e-04 1.54699722e-04 1.66899688e-04 1.79620566e-04 1.92868092e-04 2.06645894e-04 2.20955215e-04 2.35794607e-04 2.51159641e-04 2.67042597e-04 2.83432167e-04 3.00313166e-04 3.17666261e-04 3.35467726e-04 3.53689234e-04 3.72297697e-04 3.91255157e-04 4.10518749e-04 4.30040739e-04 4.49768648e-04 4.69645470e-04 4.89609993e-04 5.09597215e-04 5.29538876e-04 5.49364077e-04 5.69000003e-04 5.88372719e-04 6.07408033e-04 6.26032406e-04 6.44173881e-04 6.61763001e-04 6.78733700e-04 6.95024119e-04 7.10577332e-04 7.25341946e-04 7.39272553e-04 7.52330015e-04 7.64481566e-04 7.75700735e-04 7.85967072e-04 7.95265719e-04 8.03586808e-04 8.10924751e-04 8.17277430e-04 8.22645334e-04 8.27030699e-04 8.30436671e-04 8.32866563e-04 8.34323221e-04 8.34808551e-04 8.34323221e-04 8.32866563e-04 8.30436671e-04 8.27030699e-04 8.22645334e-04 8.17277430e-04 8.10924751e-04 8.03586808e-04 7.95265719e-04 7.85967072e-04 7.75700735e-04 7.64481566e-04 7.52330015e-04 7.39272553e-04 7.25341946e-04 7.10577332e-04 6.95024119e-04 6.78733700e-04 6.61763001e-04 6.44173881e-04 6.26032406e-04 6.07408033e-04 5.88372719e-04 5.69000003e-04 5.49364077e-04 5.29538876e-04 5.09597215e-04 4.89609993e-04 4.69645470e-04 4.49768648e-04 4.30040739e-04 4.10518749e-04 3.91255157e-04 3.72297697e-04 3.53689234e-04 3.35467726e-04 3.17666261e-04 3.00313166e-04 2.83432167e-04 2.67042597e-04 2.51159641e-04 2.35794607e-04 2.20955215e-04 2.06645894e-04 1.92868092e-04 1.79620566e-04 1.66899688e-04 1.54699722e-04 1.43013100e-04 1.31830672e-04 1.21141951e-04 1.10935331e-04 1.01198290e-04 9.19175775e-05 8.30793780e-05 7.46694644e-05 6.66733297e-05 5.90763056e-05 5.18636658e-05 4.50207165e-05 3.85328732e-05 3.23857276e-05 2.65651032e-05 2.10571020e-05 1.58481427e-05 1.09249917e-05 6.27478734e-06 1.88505803e-06 -2.25626402e-06 -6.16083411e-06 -9.83988994e-06 -1.33042498e-05 -1.65643138e-05 -1.96300671e-05 -2.25110854e-05 -2.52165423e-05 -2.77552172e-05 -3.01355057e-05 -3.23654290e-05 -3.44526458e-05 -3.64044636e-05 -3.82278502e-05 -3.99294465e-05 -4.15155781e-05 -4.29922676e-05 -4.43652470e-05 -4.56399694e-05 -4.68216207e-05 -4.79151315e-05 -4.89251878e-05 -4.98562425e-05 -5.07125256e-05 -5.14980547e-05 -5.22166448e-05 -5.28719182e-05 -5.34673131e-05 -5.40060931e-05 -5.44913552e-05 -5.49260383e-05 -5.53129308e-05
2.26906631e-04 7.10050464e-05 5.81352320e-05 6.43622359e-05 7.23500353e-05 8.08073612e-05 8.97028976e-05 9.90512315e-05 1.08866987e-04 1.19164252e-04 1.29956413e-04 1.41255955e-04 1.53074260e-04 1.65421372e-04 1.78305749e-04 1.91733999e-04 2.05710591e-04 2.20237560e-04 2.35314191e-04 2.50936703e-04 2.67097923e-04 2.83786967e-04 3.00988928e-04 3.18684579e-04 3.36850113e-04 3.55456903e-04 3.74471324e-04 3.93854626e-04 4.13562880e-04 4.33547006e-04 4.53752884e-04 4.74121582e-04 4.94589671e-04 5.15089668e-04 5.35550585e-04 5.55898582e-04 5.76057729e-04 5.95950852e-04 6.15500458e-04 6.34629700e-04 6.53263376e-04 6.71328920e-04 6.88757355e-04 7.05484178e-04 7.21450141e-04 7.36601904e-04 7.50892522e-04 7.64281754e-04 7.76736175e-04 7.88229082e-04 7.98740205e-04 8.08255222e-04 8.16765111e-04 8.24265362e-04 8.30755089e-04 8.36236087e-04 8.40711874e-04 8.44186783e-04 8.46665136e-04 8.48150549e-04 8.48645409e-04 8.48150549e-04 8.46665136e-04 8.44186783e-04 8.40711874e-04 8.36236087e-04 8.30755089e-04 8.24265362e-04 8.16765111e-04 8.08255222e-04 7.98740205e-04 7.88229082e-04 7.76736175e-04 7.64281754e-04 7.50892522e-04 7.36601904e-04 7.21450141e-04 7.05484178e-04 6.88757355e-04 6.71328920e-04 6.53263376e-04 6.34629700e-04 6.15500458e-04 5.95950852e-04 5.76057729e-04 5.55898582e-04 5.35550585e-04 5.15089668e-04 4.94589671e-04 4.74121582e-04 4.53752884e-04 4.33547006e-04 4.13562880e-04 3.93854626e-04 3.74471324e-04 3.55456903e-04 3.36850113e-04 3.18684579e-04 3.00988928e-04 2.83786967e-04 2.67097923e-04 2.50936703e-04 2.35314191e-04 2.20237560e-04 2.05710591e-04 1.91733999e-04 1.78305749e-04 1.65421372e-04 1.53074260e-04 1.41255955e-04 1.29956413e-04 1.19164252e-04 1.08866987e-04 9.90512315e-05 8.97028976e-05 8.08073603e-05 7.23496145e-05 6.43144096e-05 5.66863699e-05 4.94500987e-05 4.25902689e-05 3.60917001e-05 2.99394251e-05 2.41187442e-05 1.86152715e-05 1.34149715e-05 8.50418870e-06 3.86967049e-06 -5.01416031e-07 -4.62147228e-06 -8.50246082e-06 -1.21559019e-05 -1.55928732e-05 -1.88240124e-05 -2.18595220e-05 -2.47091762e-05 -2.73823296e-05 -2.98879264e-05 -3.22345115e-05 -3.44302420e-05 -3.64828994e-05 -3.83999018e-05 -4.01883173e-05 -4.18548764e-05 -4.34059856e-05 -4.48477397e-05 -4.61859349e-05 -4.74260818e-05 -4.85734170e-05 -4.96329159e-05 -5.06093040e-05 -5.15070685e-05 -5.23304695e-05 -5.30835504e-05 -5.37701484e-05 -5.43939044e-05 -5.49582724e-05 -5.54665289e-05 -5.59217812e-05 -5.63269765e-05 -5.66849091e-05
2.27647556e-04 6.74107038e-05 5.55893007e-05 6.19127199e-05 6.99386350e-05 7.84408815e-05 8.73909097e-05 9.68041286e-05 1.06696003e-04 1.17081496e-04 1.27974892e-04 1.39389600e-04 1.51337941e-04 1.63830902e-04 1.76877886e-04 1.90486424e-04 2.04661885e-04 2.19407157e-04 2.34722316e-04 2.50604290e-04 2.67046515e-04 2.84038587e-04 3.01565930e-04 3.19609478e-04 3.38145378e-04 3.57144737e-04 3.76573417e-04 3.96391883e-04 4.16555136e-04 4.37012723e-04 4.57708845e-04 4.78582575e-04 4.99568190e-04 5.20595622e-04 5.41591029e-04 5.62477486e-04 5.83175792e-04 6.03605363e-04 6.23685220e-04 6.43335023e-04 6.62476140e-04 6.81032712e-04 6.98932685e-04 7.16108758e-04 7.32499237e-04 7.48048735e-04 7.62708702e-04 7.76437761e-04 7.89201828e-04 8.00974011e-04 8.11734288e-04 8.21468978e-04 8.30170031e-04 8.37834160e-04 8.44461869e-04 8.50056413e-04 8.54622749e-04 8.58166534e-04 8.60693215e-04 8.62207266e-04 8.62711611e-04 8.62207266e-04 8.60693215e-04 8.58166534e-04 8.54622749e-04 8.50056413e-04 8.44461869e-04 8.37834160e-04 8.30170031e-04 8.21468978e-04 8.11734288e-04 8.00974011e-04 7.89201828e-04 7.76437761e-04 7.62708702e-04 7.48048735e-04 7.32499237e-04 7.16108758e-04 6.98932685e-04 6.81032712e-04 6.62476140e-04 6.43335023e-04 6.23685220e-04 6.03605363e-04 5.83175792e-04 5.62477486e-04 5.41591029e-04 5.20595622e-04 4.99568190e-04 4.78582575e-04 4.57708845e-04 4.37012723e-04 4.16555136e-04 3.96391883e-04 3.76573417e-04 3.57144737e-04 3.38145378e-04 3.19609478e-04 3.01565930e-04 2.84038587e-04 2.67046515e-04 2.50604290e-04 2.34722316e-04 2.19407157e-04 2.04661885e-04 1.90486424e-04 1.76877886e-04 1.63830902e-04 1.51337941e-04 1.39389600e-04 1.27974892e-04 1.17081496e-04 1.06696003e-04 9.68041286e-05 8.73909097e-05 7.84408806e-05 6.99382299e-05 6.18669386e-05 5.42109010e-05 4.69540303e-05 4.00803490e-05 3.35740663e-05 2.74196427e-05 2.16018451e-05 1.61057900e-05 1.09169804e-05 6.02133249e-06 1.40519796e-06 -2.94462150e-06 -7.04086386e-06 -1.08958011e-05 -1.45212373e-05 -1.79285104e-05 -2.11284958e-05 -2.41316133e-05 -2.69478348e-05 -2.95866948e-05 -3.20573011e-05 -3.43683465e-05 -3.65281223e-05 -3.85445307e-05 -4.04250989e-05 -4.21769929e-05 -4.38070311e-05 -4.53216984e-05 -4.67271595e-05 -4.80292732e-05 -4.92336049e-05 -5.03454400e-05 -5.13697965e-05 -5.23114373e-05 -5.31748821e-05 -5.39644188e-05 -5.46841148e-05 -5.53378275e-05 -5.59292146e-05 -5.64617442e-05 -5.69387037e-05 -5.73632095e-05 -5.77382150e-05 -5.80665193e-05
2.28350493e-04 6.36865456e-05 5.29545039e-05 5.93731230e-05 6.74340817e-05 7.59781630e-05 8.49796709e-05 9.44548655e-05 1.04420085e-04 1.14891201e-04 1.25883438e-04 1.37411173e-04 1.49487709e-04 1.62125032e-04 1.75333538e-04 1.89121744e-04 2.03495977e-04 2.18460040e-04 2.34014865e-04 2.50158156e-04 2.66884018e-04 2.84182592e-04 3.02039694e-04 3.20436466e-04 3.39349061e-04 3.58748356e-04 3.78599723e-04 3.98862857e-04 4.19491682e-04 4.40434350e-04 4.61633340e-04 4.83025671e-04 5.04543237e-04 5.26113276e-04 5.47658964e-04 5.69100145e-04 5.90354172e-04 6.11336873e-04 6.31963586e-04 6.52150280e-04 6.71814693e-04 6.90877482e-04 7.09263330e-04 7.26901980e-04 7.43729153e-04 7.59687305e-04 7.74726212e-04 7.88803324e-04 8.01883904e-04 8.13940912e-04 8.24954653e-04 8.34912201e-04 8.43806616e-04 8.51635996e-04 8.58402404e-04 8.64110732e-04 8.68767543e-04 8.72379969e-04 8.74954713e-04 8.76497202e-04 8.77010958e-04 8.76497202e-04 8.74954713e-04 8.72379969e-04 8.68767543e-04 8.64110732e-04 8.58402404e-04 8.51635996e-04 8.43806616e-04 8.34912201e-04 8.24954653e-04 8.13940912e-04 8.01883904e-04 7.88803324e-04 7.74726212e-04 7.59687305e-04 7.43729153e-04 7.26901980e-04 7.09263330e-04 6.90877482e-04 6.71814693e-04 6.52150280e-04 6.31963586e-04 6.11336873e-04 5.90354172e-04 5.69100145e-04 5.47658964e-04 5.26113276e-04 5.04543237e-04 4.83025671e-04 4.61633340e-04 4.40434350e-04 4.19491682e-04 3.98862857e-04 3.78599723e-04 3.58748356e-04 3.39349061e-04 3.20436466e-04 3.02039694e-04 2.84182592e-04 2.66884018e-04 2.50158156e-04 2.34014865e-04 2.18460040e-04 2.03495977e-04 1.89121744e-04 1.75333538e-04 1.62125032e-04 1.49487709e-04 1.37411173e-04 1.25883438e-04 1.14891201e-04 1.04420085e-04 9.44548655e-05 8.49796709e-05 7.59781622e-05 6.74336929e-05 5.93294499e-05 5.16485751e-05 4.43742720e-05 3.74898956e-05 3.09790295e-05 2.48255501e-05 1.90136794e-05 1.35280282e-05 8.35362990e-06 3.47596714e-06 -1.11900919e-06 -5.44486631e-06 -9.51468136e-06 -1.33410375e-05 -1.69360240e-05 -2.03112391e-05 -2.34777961e-05 -2.64463312e-05 -2.92270135e-05 -3.18295561e-05 -3.42632286e-05 -3.65368704e-05 -3.86589045e-05 -4.06373523e-05 -4.24798478e-05 -4.41936525e-05 -4.57856705e-05 -4.72624627e-05 -4.86302619e-05 -4.98949864e-05 -5.10622546e-05 -5.21373983e-05 -5.31254760e-05 -5.40312856e-05 -5.48593771e-05 -5.56140644e-05 -5.62994366e-05 -5.69193694e-05 -5.74775356e-05 -5.79774152e-05 -5.84223052e-05 -5.88153288e-05 -5.91594443e-05 -5.94574538e-05
2.29014509e-04 5.98324146e-05 5.02295889e-05 5.67419866e-05 6.48347605e-05 7.34174280e-05 8.24672325e-05 9.20013147e-05 1.02036919e-04 1.12590863e-04 1.23679351e-04 1.35317772e-04 1.47520461e-04 1.60300454e-04 1.73669198e-04 1.87636256e-04 2.02208975e-04 2.17392142e-04 2.33187611e-04 2.49593929e-04 2.66605944e-04 2.84214405e-04 3.02405583e-04 3.21160891e-04 3.40456535e-04 3.60263206e-04 3.80545815e-04 4.01263301e-04 4.22368512e-04 4.43808184e-04 4.65523033e-04 4.87447957e-04 5.09512381e-04 5.31640738e-04 5.53753086e-04 5.75765877e-04 5.97592847e-04 6.19146033e-04 6.40336892e-04 6.61077483e-04 6.81281702e-04 7.00866511e-04 7.19753141e-04 7.37868201e-04 7.55144676e-04 7.71522755e-04 7.86950456e-04 8.01384022e-04 8.14788067e-04 8.27135450e-04 8.38406892e-04 8.48590344e-04 8.57680130e-04 8.65675908e-04 8.72581492e-04 8.78403599e-04 8.83150585e-04 8.86831226e-04 8.89453618e-04 8.91024253e-04 8.91547316e-04 8.91024253e-04 8.89453618e-04 8.86831226e-04 8.83150585e-04 8.78403599e-04 8.72581492e-04 8.65675908e-04 8.57680130e-04 8.48590344e-04 8.38406892e-04 8.27135450e-04 8.14788067e-04 8.01384022e-04 7.86950456e-04 7.71522755e-04 7.55144676e-04 7.37868201e-04 7.19753141e-04 7.00866511e-04 6.81281702e-04 6.61077483e-04 6.40336892e-04 6.19146033e-04 5.97592847e-04 5.75765877e-04 5.53753086e-04 5.31640738e-04 5.09512381e-04 4.87447957e-04 4.65523033e-04 4.43808184e-04 4.22368512e-04 4.01263301e-04 3.80545815e-04 3.60263206e-04 3.40456535e-04 3.21160891e-04 3.02405583e-04 2.84214405e-04 2.66605944e-04 2.49593929e-04 2.33187611e-04 2.17392142e-04 2.02208975e-04 1.87636256e-04 1.73669198e-04 1.60300454e-04 1.47520461e-04 1.35317772e-04 1.23679351e-04 1.12590863e-04 1.02036919e-04 9.20013147e-05 8.24672325e-05 7.34174272e-05 6.48343886e-05 5.67004832e-05 4.89980784e-05 4.17096477e-05 3.48178619e-05 2.83056644e-05 2.21563349e-05 1.63535403e-05 1.08813768e-05 5.72440165e-06 8.67657895e-07 -3.70330849e-06 -8.00243693e-06 -1.20431460e-05 -1.58383317e-05 -1.94003687e-05 -2.27411163e-05 -2.58719250e-05 -2.88036467e-05 -3.15466462e-05 -3.41108139e-05 -3.65055793e-05 -3.87399263e-05 -4.08224079e-05 -4.27611620e-05 -4.45639271e-05 -4.62380580e-05 -4.77905418e-05 -4.92280133e-05 -5.05567702e-05 -5.17827886e-05 -5.29117371e-05 -5.39489916e-05 -5.48996485e-05 -5.57685388e-05 -5.65602404e-05 -5.72790907e-05 -5.79291988e-05 -5.85144566e-05 -5.90385497e-05 -5.95049684e-05 -5.99170172e-05 -6.02778245e-05 -6.05903519e-05 -6.08574027e-05
2.29638685e-04 5.58484200e-05 4.74133218e-05 5.40178595e-05 6.21390603e-05 7.07568981e-05 7.98516401e-05 8.94413379e-05 9.95441755e-05 1.10177953e-04 1.21359898e-04 1.33106455e-04 1.45433044e-04 1.58353802e-04 1.71881289e-04 1.86026176e-04 2.00796897e-04 2.16199291e-04 2.32236208e-04 2.48907112e-04 2.66207663e-04 2.84129295e-04 3.02658802e-04 3.21777929e-04 3.41462995e-04 3.61684549e-04 3.82407079e-04 4.03588785e-04 4.25181441e-04 4.47130350e-04 4.69374423e-04 4.91846373e-04 5.14473068e-04 5.37176016e-04 5.59872018e-04 5.82473967e-04 6.04891790e-04 6.27033535e-04 6.48806549e-04 6.70118758e-04 6.90879985e-04 7.11003276e-04 7.30406196e-04 7.49012032e-04 7.66750876e-04 7.83560521e-04 7.99387145e-04 8.14185745e-04 8.27920288e-04 8.40563587e-04 8.52096874e-04 8.62509115e-04 8.71796067e-04 8.79959139e-04 8.87004102e-04 8.92939713e-04 8.97776323e-04 9.01524536e-04 9.04193999e-04 9.05792383e-04 9.06324612e-04 9.05792383e-04 9.04193999e-04 9.01524536e-04 8.97776323e-04 8.92939713e-04 8.87004102e-04 8.79959139e-04 8.71796067e-04 8.62509115e-04 8.52096874e-04 8.40563587e-04 8.27920288e-04 8.14185745e-04 7.99387145e-04 7.83560521e-04 7.66750876e-04 7.49012032e-04 7.30406196e-04 7.11003276e-04 6.90879985e-04 6.70118758e-04 6.48806549e-04 6.27033535e-04 6.04891790e-04 5.82473967e-04 5.59872018e-04 5.37176016e-04 5.14473068e-04 4.91846373e-04 4.69374423e-04 4.47130350e-04 4.25181441e-04 4.03588785e-04 3.82407079e-04 3.61684549e-04 3.41462995e-04 3.21777929e-04 3.02658802e-04 2.84129295e-04 2.66207663e-04 2.48907112e-04 2.32236208e-04 2.16199291e-04 2.00796897e-04 1.86026176e-04 1.71881289e-04 1.58353802e-04 1.45433044e-04 1.33106455e-04 1.21359898e-04 1.10177953e-04 9.95441755e-05 8.94413379e-05 7.98516401e-05 7.07568973e-05 6.21387057e-05 5.39785859e-05 4.62581074e-05 3.89589945e-05 3.20632166e-05 2.55530627e-05 1.94112032e-05 1.36207403e-05 8.16524706e-06 3.02879800e-06 -1.80400876e-06 -6.34803611e-06 -1.06175985e-05 -1.46264581e-05 -1.83878243e-05 -2.19143583e-05 -2.52181796e-05 -2.83108754e-05 -3.12035122e-05 -3.39066490e-05 -3.64303513e-05 -3.87842070e-05 -4.09773420e-05 -4.30184369e-05 -4.49157436e-05 -4.66771025e-05 -4.83099591e-05 -4.98213809e-05 -5.12180738e-05 -5.25063981e-05 -5.36923848e-05 -5.47817502e-05 -5.57799117e-05 -5.66920014e-05 -5.75228806e-05 -5.82771528e-05 -5.89591771e-05 -5.95730799e-05 -6.01227672e-05 -6.06119357e-05 -6.10440837e-05 -6.14225213e-05 -6.17503804e-05 -6.20306240e-05 -6.22660549e-05
2.30222117e-04 5.17349527e-05 4.45044886e-05 5.11992986e-05 5.93453739e-05 6.79947947e-05 7.71309345e-05 8.67727864e-05 9.69395076e-05 1.07649919e-04 1.18922314e-04 1.30774240e-04 1.43222253e-04 1.56281650e-04 1.69966164e-04 1.84287638e-04 1.99255666e-04 2.14877210e-04 2.31156193e-04 2.48093073e-04 2.65684403e-04 2.83922377e-04 3.02794386e-04 3.22282580e-04 3.42363451e-04 3.63007460e-04 3.84178709e-04 4.05834685e-04 4.27926094e-04 4.50396791e-04 4.73183841e-04 4.96217711e-04 5.19422613e-04 5.42717014e-04 5.66014309e-04 5.89223656e-04 6.12250978e-04 6.35000106e-04 6.57374051e-04 6.79276357e-04 7.00612530e-04 7.21291457e-04 7.41226813e-04 7.60338360e-04 7.78553122e-04 7.95806361e-04 8.12042325e-04 8.27214717e-04 8.41286870e-04 8.54231606e-04 8.66030775e-04 8.76674505e-04 8.86160170e-04 8.94491146e-04 9.01675389e-04 9.07723927e-04 9.12649329e-04 9.16464231e-04 9.19180002e-04 9.20805624e-04 9.21346840e-04 9.20805624e-04 9.19180002e-04 9.16464231e-04 9.12649329e-04 9.07723927e-04 9.01675389e-04 8.94491146e-04 8.86160170e-04 8.76674505e-04 8.66030775e-04 8.54231606e-04 8.41286870e-04 8.27214717e-04 8.12042325e-04 7.95806361e-04 7.78553122e-04 7.60338360e-04 7.41226813e-04 7.21291457e-04 7.00612530e-04 6.79276357e-04 6.57374051e-04 6.35000106e-04 6.12250978e-04 5.89223656e-04 5.66014309e-04 5.42717014e-04 5.19422613e-04 4.96217711e-04 4.73183841e-04 4.50396791e-04 4.27926094e-04 4.05834685e-04 3.84178709e-04 3.63007460e-04 3.42363451e-04 3.22282580e-04 3.02794386e-04 2.83922377e-04 2.65684403e-04 2.48093073e-04 2.31156193e-04 2.14877210e-04 1.99255666e-04 1.84287638e-04 1.69966164e-04 1.56281650e-04 1.43222253e-04 1.30774240e-04 1.18922314e-04 1.07649919e-04 9.69395076e-05 8.67727864e-05 7.71309345e-05 6.79947939e-05 5.93450372e-05 5.11623127e-05 4.34273695e-05 3.61211629e-05 2.92249440e-05 2.27203331e-05 1.65893799e-05 1.08146116e-05 5.37907062e-06 2.66342123e-07 -4.53942537e-06 -9.05350720e-06 -1.32905954e-05 -1.72647970e-05 -2.09896360e-05 -2.44780596e-05 -2.77424472e-05 -3.07946216e-05 -3.36458623e-05 -3.63069206e-05 -3.87880355e-05 -4.10989503e-05 -4.32489306e-05 -4.52467819e-05 -4.71008676e-05 -4.88191272e-05 -5.04090939e-05 -5.18779129e-05 -5.32323583e-05 -5.44788503e-05 -5.56234717e-05 -5.66719842e-05 -5.76298438e-05 -5.85022157e-05 -5.92939891e-05 -6.00097909e-05 -6.06539989e-05 -6.12307549e-05 -6.17439768e-05 -6.21973700e-05 -6.25944390e-05 -6.29384976e-05 -6.32326792e-05 -6.34799463e-05 -6.36830996e-05
2.30763917e-04 4.74926999e-05 4.15018955e-05 4.82848692e-05 5.64520991e-05 6.51293398e-05 7.43031522e-05 8.39935013e-05 9.42205523e-05 1.05004186e-04 1.16363804e-04 1.28318105e-04 1.40884837e-04 1.54080514e-04 1.67920105e-04 1.82416695e-04 1.97581109e-04 2.13421512e-04 2.29942979e-04 2.47147047e-04 2.65031242e-04 2.83588604e-04 3.02807201e-04 3.22669661e-04 3.43152722e-04 3.64226812e-04 3.85855695e-04 4.07996175e-04 4.30597898e-04 4.53603259e-04 4.76947442e-04 5.00558597e-04 5.24358192e-04 5.48261526e-04 5.72178431e-04 5.96014147e-04 6.19670381e-04 6.43046519e-04 6.66040979e-04 6.88552667e-04 7.10482503e-04 7.31734960e-04 7.52219577e-04 7.71852371e-04 7.90557110e-04 8.08266381e-04 8.24922399e-04 8.40477530e-04 8.54894478e-04 8.68146138e-04 8.80215094e-04 8.91092800e-04 9.00778453e-04 9.09277623e-04 9.16600705e-04 9.22761255e-04 9.27774305e-04 9.31654746e-04 9.34415860e-04 9.36068081e-04 9.36618060e-04 9.36068081e-04 9.34415860e-04 9.31654746e-04 9.27774305e-04 9.22761255e-04 9.16600705e-04 9.09277623e-04 9.00778453e-04 8.91092800e-04 8.80215094e-04 8.68146138e-04 8.54894478e-04 8.40477530e-04 8.24922399e-04 8.08266381e-04 7.90557110e-04 7.71852371e-04 7.52219577e-04 7.31734960e-04 7.10482503e-04 6.88552667e-04 6.66040979e-04 6.43046519e-04 6.19670381e-04 5.96014147e-04 5.72178431e-04 5.48261526e-04 5.24358192e-04 5.00558597e-04 4.76947442e-04 4.53603259e-04 4.30597898e-04 4.07996175e-04 3.85855695e-04 3.64226812e-04 3.43152722e-04 3.22669661e-04 3.02807201e-04 2.83588604e-04 2.65031242e-04 2.47147047e-04 2.29942979e-04 2.13421512e-04 1.97581109e-04 1.82416695e-04 1.67920105e-04 1.54080514e-04 1.40884837e-04 1.28318105e-04 1.16363804e-04 1.05004186e-04 9.42205523e-05 8.39935013e-05 7.43031522e-05 6.51293391e-05 5.64517808e-05 4.82502269e-05 4.05045833e-05 3.31950169e-05 2.63020438e-05 1.98066018e-05 1.36901082e-05 7.93450606e-06 2.52229909e-06 -2.56342233e-06 -7.33896382e-06 -1.18200163e-05 -1.60216515e-05 -1.99583224e-05 -2.36438677e-05 -2.70915206e-05 -3.03139191e-05 -3.33231203e-05 -3.61306148e-05 -3.87473442e-05 -4.11837181e-05 -4.34496331e-05 -4.55544916e-05 -4.75072210e-05 -4.93162933e-05 -5.09897438e-05 -5.25351909e-05 -5.39598540e-05 -5.52705726e-05 -5.64738236e-05 -5.75757392e-05 -5.85821233e-05 -5.94984676e-05 -6.03299680e-05 -6.10815388e-05 -6.17578274e-05 -6.23632285e-05 -6.29018966e-05 -6.33777591e-05 -6.37945281e-05 -6.41557121e-05 -6.44646265e-05 -6.47244042e-05 -6.49380055e-05 -6.51082272e-05
2.31263219e-04 4.31226586e-05 3.84043700e-05 4.52731454e-05 5.34576383e-05 6.21587562e-05 7.13663254e-05 8.11013141e-05 9.13849302e-05 1.02238154e-04 1.13681540e-04 1.25734989e-04 1.38417493e-04 1.51746845e-04 1.65739319e-04 1.80409311e-04 1.95768955e-04 2.11827698e-04 2.28591855e-04 2.46064127e-04 2.64243104e-04 2.83122759e-04 3.02691927e-04 3.22933797e-04 3.43825424e-04 3.65337273e-04 3.87432818e-04 4.10068217e-04 4.33192071e-04 4.56745306e-04 4.80661188e-04 5.04865490e-04 5.29276835e-04 5.53807227e-04 5.78362771e-04 6.02844598e-04 6.27149974e-04 6.51173593e-04 6.74809012e-04 6.97950218e-04 7.20493265e-04 7.42337930e-04 7.63389354e-04 7.83559570e-04 8.02768889e-04 8.20947060e-04 8.38034161e-04 8.53981167e-04 8.68750164e-04 8.82314188e-04 8.94656685e-04 9.05770614e-04 9.15657215e-04 9.24324514e-04 9.31785616e-04 9.38056886e-04 9.43156091e-04 9.47100625e-04 9.49905889e-04 9.51583928e-04 9.52142399e-04 9.51583928e-04 9.49905889e-04 9.47100625e-04 9.43156091e-04 9.38056886e-04 9.31785616e-04 9.24324514e-04 9.15657215e-04 9.05770614e-04 8.94656685e-04 8.82314188e-04 8.68750164e-04 8.53981167e-04 8.38034161e-04 8.20947060e-04 8.02768889e-04 7.83559570e-04 7.63389354e-04 7.42337930e-04 7.20493265e-04 6.97950218e-04 6.74809012e-04 6.51173593e-04 6.27149974e-04 6.02844598e-04 5.78362771e-04 5.53807227e-04 5.29276835e-04 5.04865490e-04 4.80661188e-04 4.56745306e-04 4.33192071e-04 4.10068217e-04 3.87432818e-04 3.65337273e-04 3.43825424e-04 3.22933797e-04 3.02691927e-04 2.83122759e-04 2.64243104e-04 2.46064127e-04 2.28591855e-04 2.11827698e-04 1.95768955e-04 1.80409311e-04 1.65739319e-04 1.51746845e-04 1.38417493e-04 1.25734989e-04 1.13681540e-04 1.02238154e-04 9.13849302e-05 8.11013141e-05 7.13663254e-05 6.21587555e-05 5.34573388e-05 4.52409001e-05 3.74884790e-05 3.01794346e-05 2.32935319e-05 1.68110125e-05 1.07126501e-05 4.97979446e-06 -4.05596092e-07 -5.46093168e-06 -1.02029759e-05 -1.46478381e-05 -1.88109711e-05 -2.27071745e-05 -2.63506018e-05 -2.97547711e-05 -3.29325779e-05 -3.58963115e-05 -3.86576717e-05 -4.12277876e-05 -4.36172369e-05 -4.58360664e-05 -4.78938123e-05 -4.97995208e-05 -5.15617690e-05 -5.31886853e-05 -5.46879694e-05 -5.60669122e-05 -5.73324151e-05 -5.84910090e-05 -5.95488719e-05 -6.05118469e-05 -6.13854591e-05 -6.21749315e-05 -6.28852012e-05 -6.35209336e-05 -6.40865372e-05 -6.45861771e-05 -6.50237878e-05 -6.54030858e-05 -6.57275814e-05 -6.60005894e-05 -6.62252405e-05 -6.64044906e-05 -6.65411309e-05
2.31719177e-04 3.86261484e-05 3.52107607e-05 4.21627099e-05 5.03603989e-05 5.90812672e-05 6.83184824e-05 7.80940468e-05 8.84302462e-05 9.93492008e-05 1.10872663e-04 1.23021787e-04 1.35816867e-04 1.49277037e-04 1.63419941e-04 1.78261366e-04 1.93814832e-04 2.10091156e-04 2.27097980e-04 2.44839262e-04 2.63314754e-04 2.82519456e-04 3.02443062e-04 3.23069413e-04 3.44375965e-04 3.66333289e-04 3.88904633e-04 4.12045546e-04 4.35703607e-04 4.59818269e-04 4.84320845e-04 5.09134667e-04 5.34175416e-04 5.59351665e-04 5.84565628e-04 6.09714118e-04 6.34689729e-04 6.59382194e-04 6.83679928e-04 7.07471698e-04 7.30648385e-04 7.53104774e-04 7.74741319e-04 7.95465814e-04 8.15194890e-04 8.33855288e-04 8.51384828e-04 8.67733041e-04 8.82861404e-04 8.96743169e-04 9.09362785e-04 9.20714908e-04 9.30803071e-04 9.39638033e-04 9.47235914e-04 9.53616194e-04 9.58799677e-04 9.62806528e-04 9.65654497e-04 9.67357414e-04 9.67924052e-04 9.67357414e-04 9.65654497e-04 9.62806528e-04 9.58799677e-04 9.53616194e-04 9.47235914e-04 9.39638033e-04 9.30803071e-04 9.20714908e-04 9.09362785e-04 8.96743169e-04 8.82861404e-04 8.67733041e-04 8.51384828e-04 8.33855288e-04 8.15194890e-04 7.95465814e-04 7.74741319e-04 7.53104774e-04 7.30648385e-04 7.07471698e-04 6.83679928e-04 6.59382194e-04 6.34689729e-04 6.09714118e-04 5.84565628e-04 5.59351665e-04 5.34175416e-04 5.09134667e-04 4.84320845e-04 4.59818269e-04 4.35703607e-04 4.12045546e-04 3.88904633e-04 3.66333289e-04 3.44375965e-04 3.23069413e-04 3.02443062e-04 2.82519456e-04 2.63314754e-04 2.44839262e-04 2.27097980e-04 2.10091156e-04 1.93814832e-04 1.78261366e-04 1.63419941e-04 1.49277037e-04 1.35816867e-04 1.23021787e-04 1.10872663e-04 9.93492008e-05 8.84302462e-05 7.80940468e-05 6.83184824e-05 5.90812665e-05 5.03601187e-05 4.21329121e-05 3.43777977e-05 2.70733075e-05 2.01984394e-05 1.37327255e-05 7.65628519e-06 1.94986652e-06 -3.40512434e-06 -8.42660287e-06 -1.31317942e-05 -1.75372280e-05 -2.16587396e-05 -2.55114754e-05 -2.91099030e-05 -3.24678241e-05 -3.55983901e-05 -3.85141202e-05 -4.12269207e-05 -4.37481054e-05 -4.60884172e-05 -4.82580496e-05 -5.02666693e-05 -5.21234380e-05 -5.38370346e-05 -5.54156766e-05 -5.68671419e-05 -5.81987894e-05 -5.94175793e-05 -6.05300926e-05 -6.15425503e-05 -6.24608316e-05 -6.32904916e-05 -6.40367779e-05 -6.47046471e-05 -6.52987801e-05 -6.58235965e-05 -6.62832694e-05 -6.66817381e-05 -6.70227210e-05 -6.73097279e-05 -6.75460712e-05 -6.77348768e-05 -6.78790947e-05 -6.79815083e-05
2.32130970e-04 3.40048225e-05 3.19199382e-05 3.89521540e-05 4.71587932e-05 5.58950971e-05 6.51576473e-05 7.49695114e-05 8.53540889e-05 9.63346802e-05 1.07934283e-04 1.20175356e-04 1.33079553e-04 1.46667416e-04 1.60958031e-04 1.75968650e-04 1.91714266e-04 2.08207154e-04 2.25456377e-04 2.43467252e-04 2.62240790e-04 2.81773123e-04 3.02054906e-04 3.23070726e-04 3.44798531e-04 3.67209082e-04 3.90265463e-04 4.13922666e-04 4.38127271e-04 4.62817259e-04 4.87921965e-04 5.13362212e-04 5.39050641e-04 5.64892258e-04 5.90785205e-04 6.16621769e-04 6.42289616e-04 6.67673243e-04 6.92655616e-04 7.17119962e-04 7.40951661e-04 7.64040178e-04 7.86280978e-04 8.07577333e-04 8.27841957e-04 8.46998391e-04 8.64982074e-04 8.81741028e-04 8.97236131e-04 9.11440937e-04 9.24341044e-04 9.35933028e-04 9.46222975e-04 9.55224687e-04 9.62957635e-04 9.69444752e-04 9.74710205e-04 9.78777232e-04 9.81666183e-04 9.83392865e-04 9.83967284e-04 9.83392865e-04 9.81666183e-04 9.78777232e-04 9.74710205e-04 9.69444752e-04 9.62957635e-04 9.55224687e-04 9.46222975e-04 9.35933028e-04 9.24341044e-04 9.11440937e-04 8.97236131e-04 8.81741028e-04 8.64982074e-04 8.46998391e-04 8.27841957e-04 8.07577333e-04 7.86280978e-04 7.64040178e-04 7.40951661e-04 7.17119962e-04 6.92655616e-04 6.67673243e-04 6.42289616e-04 6.16621769e-04 5.90785205e-04 5.64892258e-04 5.39050641e-04 5.13362212e-04 4.87921965e-04 4.62817259e-04 4.38127271e-04 4.13922666e-04 3.90265463e-04 3.67209082e-04 3.44798531e-04 3.23070726e-04 3.02054906e-04 2.81773123e-04 2.62240790e-04 2.43467252e-04 2.25456377e-04 2.08207154e-04 1.91714266e-04 1.75968650e-04 1.60958031e-04 1.46667416e-04 1.33079553e-04 1.20175356e-04 1.07934283e-04 9.63346802e-05 8.53540889e-05 7.49695114e-05 6.51576473e-05 5.58950965e-05 4.71585328e-05 3.89248513e-05 3.11712918e-05 2.38755406e-05 1.70158126e-05 1.05709177e-05 4.52031070e-06 -1.15587008e-06 -6.47677673e-06 -1.14608345e-05 -1.61257328e-05 -2.04884236e-05 -2.45651251e-05 -2.83713304e-05 -3.19218198e-05 -3.52306772e-05 -3.83113075e-05 -4.11764574e-05 -4.38382365e-05 -4.63081403e-05 -4.85970731e-05 -5.07153720e-05 -5.26728303e-05 -5.44787215e-05 -5.61418224e-05 -5.76704364e-05 -5.90724156e-05 -6.03551833e-05 -6.15257547e-05 -6.25907578e-05 -6.35564531e-05 -6.44287526e-05 -6.52132382e-05 -6.59151790e-05 -6.65395483e-05 -6.70910392e-05 -6.75740802e-05 -6.79928495e-05 -6.83512885e-05 -6.86531154e-05 -6.89018370e-05 -6.91007610e-05 -6.92530068e-05 -6.93615160e-05 -6.94290628e-05
2.32497807e-04 2.92606774e-05 2.85307942e-05 3.56400772e-05 4.38512381e-05 5.25984708e-05 6.18818401e-05 7.17255102e-05 8.21540303e-05 9.31919224e-05 1.04863476e-04 1.17192508e-04 1.30202094e-04 1.43914246e-04 1.58349570e-04 1.73526863e-04 1.89462676e-04 2.06170840e-04 2.23661936e-04 2.41942743e-04 2.61015643e-04 2.80878006e-04 3.01521556e-04 3.22931736e-04 3.45087082e-04 3.67958633e-04 3.91509384e-04 4.15693827e-04 4.40457579e-04 4.65737152e-04 4.91459876e-04 5.17544006e-04 5.43899041e-04 5.70426278e-04 5.97019606e-04 6.23566556e-04 6.49949607e-04 6.76047719e-04 7.01738085e-04 7.26898046e-04 7.51407129e-04 7.75149132e-04 7.98014195e-04 8.19900766e-04 8.40717380e-04 8.60384177e-04 8.78834069e-04 8.96013506e-04 9.11882777e-04 9.26415825e-04 9.39599566e-04 9.51432726e-04 9.61924243e-04 9.71091301e-04 9.78957080e-04 9.85548345e-04 9.90892986e-04 9.95017642e-04 9.97945543e-04 9.99694681e-04 1.00027643e-03 9.99694681e-04 9.97945543e-04 9.95017642e-04 9.90892986e-04 9.85548345e-04 9.78957080e-04 9.71091301e-04 9.61924243e-04 9.51432726e-04 9.39599566e-04 9.26415825e-04 9.11882777e-04 8.96013506e-04 8.78834069e-04 8.60384177e-04 8.40717380e-04 8.19900766e-04 7.98014195e-04 7.75149132e-04 7.51407129e-04 7.26898046e-04 7.01738085e-04 6.76047719e-04 6.49949607e-04 6.23566556e-04 5.97019606e-04 5.70426278e-04 5.43899041e-04 5.17544006e-04 4.91459876e-04 4.65737152e-04 4.40457579e-04 4.15693827e-04 3.91509384e-04 3.67958633e-04 3.45087082e-04 3.22931736e-04 3.01521556e-04 2.80878006e-04 2.61015643e-04 2.41942743e-04 2.23661936e-04 2.06170840e-04 1.89462676e-04 1.73526863e-04 1.58349570e-04 1.43914246e-04 1.30202094e-04 1.17192508e-04 1.04863476e-04 9.31919224e-05 8.21540303e-05 7.17255102e-05 6.18818401e-05 5.25984702e-05 4.38509978e-05 3.56153137e-05 2.78677243e-05 2.05850515e-05 1.37447121e-05 7.32478151e-06 1.30404028e-06 -4.33799067e-06 -9.62102709e-06 -1.45640077e-05 -1.91850889e-05 -2.35016458e-05 -2.75302796e-05 -3.12868290e-05 -3.47863860e-05 -3.80433141e-05 -4.10712691e-05 -4.38832221e-05 -4.64914829e-05 -4.89077247e-05 -5.11430098e-05 -5.32078148e-05 -5.51120557e-05 -5.68651138e-05 -5.84758600e-05 -5.99526792e-05 -6.13034942e-05 -6.25357887e-05 -6.36566294e-05 -6.46726874e-05 -6.55902591e-05 -6.64152860e-05 -6.71533735e-05 -6.78098088e-05 -6.83895790e-05 -6.88973866e-05 -6.93376659e-05 -6.97145974e-05 -7.00321224e-05 -7.02939560e-05 -7.05035999e-05 -7.06643547e-05 -7.07793311e-05 -7.08514604e-05 -7.08835053e-05
2.32801576e-04 2.43942430e-05 2.50403759e-05 3.22226852e-05 4.04331412e-05 4.91859477e-05 5.84847177e-05 6.83547417e-05 7.88217524e-05 8.99115332e-05 1.01649711e-04 1.14061516e-04 1.27171501e-04 1.41003220e-04 1.55578869e-04 1.70918874e-04 1.87041437e-04 2.03962036e-04 2.21692880e-04 2.40242319e-04 2.59614218e-04 2.79807303e-04 3.00814485e-04 3.22622176e-04 3.45209611e-04 3.68548208e-04 3.92600960e-04 4.17321925e-04 4.42655803e-04 4.68537655e-04 4.94892790e-04 5.21636840e-04 5.48676071e-04 5.75907931e-04 6.03221872e-04 6.30500444e-04 6.57620667e-04 6.84455657e-04 7.10876497e-04 7.36754281e-04 7.61962313e-04 7.86378356e-04 8.09886873e-04 8.32381167e-04 8.53765318e-04 8.73955846e-04 8.92882989e-04 9.10491554e-04 9.26741254e-04 9.41606522e-04 9.55075772e-04 9.67150138e-04 9.77841730e-04 9.87171479e-04 9.95166679e-04 1.00185833e-03 1.00727845e-03 1.01145743e-03 1.01442168e-03 1.01619162e-03 1.01678013e-03 1.01619162e-03 1.01442168e-03 1.01145743e-03 1.00727845e-03 1.00185833e-03 9.95166679e-04 9.87171479e-04 9.77841730e-04 9.67150138e-04 9.55075772e-04 9.41606522e-04 9.26741254e-04 9.10491554e-04 8.92882989e-04 8.73955846e-04 8.53765318e-04 8.32381167e-04 8.09886873e-04 7.86378356e-04 7.61962313e-04 7.36754281e-04 7.10876497e-04 6.84455657e-04 6.57620667e-04 6.30500444e-04 6.03221872e-04 5.75907931e-04 5.48676071e-04 5.21636840e-04 4.94892790e-04 4.68537655e-04 4.42655803e-04 4.17321925e-04 3.92600960e-04 3.68548208e-04 3.45209611e-04 3.22622176e-04 3.00814485e-04 2.79807303e-04 2.59614218e-04 2.40242319e-04 2.21692880e-04 2.03962036e-04 1.87041437e-04 1.70918874e-04 1.55578869e-04 1.41003220e-04 1.27171501e-04 1.14061516e-04 1.01649711e-04 8.99115332e-05 7.88217524e-05 6.83547417e-05 5.84847177e-05 4.91859471e-05 4.04329215e-05 3.22005031e-05 2.44640449e-05 1.71994880e-05 1.03834384e-05 3.99322654e-06 -1.99304862e-06 -7.59648878e-06 -1.28373768e-05 -1.77351667e-05 -2.23084820e-05 -2.65751204e-05 -3.05520640e-05 -3.42554950e-05 -3.77008134e-05 -4.09026587e-05 -4.38749336e-05 -4.66308289e-05 -4.91828497e-05 -5.15428426e-05 -5.37220226e-05 -5.57310006e-05 -5.75798106e-05 -5.92779366e-05 -6.08343386e-05 -6.22574784e-05 -6.35553447e-05 -6.47354768e-05 -6.58049885e-05 -6.67705899e-05 -6.76386090e-05 -6.84150128e-05 -6.91054260e-05 -6.97151509e-05 -7.02491842e-05 -7.07122346e-05 -7.11087388e-05 -7.14428768e-05 -7.17185865e-05 -7.19395772e-05 -7.21093428e-05 -7.22311744e-05 -7.23081712e-05 -7.23432523e-05 -7.23391663e-05
2.33017797e-04 1.94073642e-05 2.14462386e-05 2.86964604e-05 3.68999622e-05 4.56518974e-05 5.49594867e-05 6.48491730e-05 7.53479039e-05 8.64827615e-05 9.82807545e-05 1.10768574e-04 1.23972311e-04 1.37917127e-04 1.52626883e-04 1.68123715e-04 1.84427569e-04 2.01555671e-04 2.19521964e-04 2.38336482e-04 2.58004695e-04 2.78526812e-04 2.99897055e-04 3.22102930e-04 3.45124495e-04 3.68933655e-04 3.93493506e-04 4.18757753e-04 4.44670238e-04 4.71164603e-04 4.98164133e-04 5.25581798e-04 5.53320545e-04 5.81273843e-04 6.09326529e-04 6.37355948e-04 6.65233387e-04 6.92825810e-04 7.19997837e-04 7.46613949e-04 7.72540841e-04 7.97649855e-04 8.21819411e-04 8.44937330e-04 8.66902947e-04 8.87628930e-04 9.07042691e-04 9.25087319e-04 9.41721972e-04 9.56921679e-04 9.70676552e-04 9.82990412e-04 9.93878888e-04 1.00336706e-03 1.01148678e-03 1.01827372e-03 1.02376444e-03 1.02799349e-03 1.03099081e-03 1.03277948e-03 1.03337404e-03 1.03277948e-03 1.03099081e-03 1.02799349e-03 1.02376444e-03 1.01827372e-03 1.01148678e-03 1.00336706e-03 9.93878888e-04 9.82990412e-04 9.70676552e-04 9.56921679e-04 9.41721972e-04 9.25087319e-04 9.07042691e-04 8.87628930e-04 8.66902947e-04 8.44937330e-04 8.21819411e-04 7.97649855e-04 7.72540841e-04 7.46613949e-04 7.19997837e-04 6.92825810e-04 6.65233387e-04 6.37355948e-04 6.09326529e-04 5.81273843e-04 5.53320545e-04 5.25581798e-04 4.98164133e-04 4.71164603e-04 4.44670238e-04 4.18757753e-04 3.93493506e-04 3.68933655e-04 3.45124495e-04 3.22102930e-04 2.99897055e-04 2.78526812e-04 2.58004695e-04 2.38336482e-04 2.19521964e-04 2.01555671e-04 1.84427569e-04 1.68123715e-04 1.52626883e-04 1.37917127e-04 1.23972311e-04 1.10768574e-04 9.82807545e-05 8.64827615e-05 7.53479039e-05 6.48491730e-05 5.49594867e-05 4.56518969e-05 3.68997636e-05 2.86768993e-05 2.09576869e-05 1.37171734e-05 6.93114423e-06 5.76178170e-07 -5.37031198e-06 -1.09300528e-05 -1.61238947e-05 -2.09718061e-05 -2.54928751e-05 -2.97053185e-05 -3.36264957e-05 -3.72729267e-05 -4.06603144e-05 -4.38035686e-05 -4.67168325e-05 -4.94135103e-05 -5.19062961e-05 -5.42072031e-05 -5.63275924e-05 -5.82782032e-05 -6.00691808e-05 -6.17101057e-05 -6.32100208e-05 -6.45774589e-05 -6.58204687e-05 -6.69466399e-05 -6.79631276e-05 -6.88766757e-05 -6.96936391e-05 -7.04200052e-05 -7.10614139e-05 -7.16231775e-05 -7.21102987e-05 -7.25274882e-05 -7.28791814e-05 -7.31695541e-05 -7.34025372e-05 -7.35818312e-05 -7.37109191e-05 -7.37930791e-05 -7.38313966e-05 -7.38287754e-05 -7.37879480e-05
2.33146641e-04 1.43058849e-05 1.77493826e-05 2.50620655e-05 3.32522113e-05 4.19966659e-05 5.13063110e-05 6.12087674e-05 7.17322282e-05 8.29051110e-05 9.47558497e-05 1.07312649e-04 1.20603194e-04 1.34654322e-04 1.49491635e-04 1.65139067e-04 1.81618398e-04 1.98948709e-04 2.17145787e-04 2.36221473e-04 2.56182968e-04 2.77032094e-04 2.98764520e-04 3.21368983e-04 3.44826492e-04 3.69109566e-04 3.94181509e-04 4.19995771e-04 4.46495403e-04 4.73612668e-04 5.01268833e-04 5.29374169e-04 5.57828219e-04 5.86520346e-04 6.15330588e-04 6.44130845e-04 6.72786391e-04 7.01157702e-04 7.29102572e-04 7.56478466e-04 7.83145059e-04 8.08966860e-04 8.33815848e-04 8.57573993e-04 8.80135572e-04 9.01409151e-04 9.21319143e-04 9.39806841e-04 9.56830862e-04 9.72366951e-04 9.86407130e-04 9.98958211e-04 1.01003972e-03 1.01968134e-03 1.02791992e-03 1.03479633e-03 1.04035212e-03 1.04462645e-03 1.04765313e-03 1.04945817e-03 1.05005799e-03 1.04945817e-03 1.04765313e-03 1.04462645e-03 1.04035212e-03 1.03479633e-03 1.02791992e-03 1.01968134e-03 1.01003972e-03 9.98958211e-04 9.86407130e-04 9.72366951e-04 9.56830862e-04 9.39806841e-04 9.21319143e-04 9.01409151e-04 8.80135572e-04 8.57573993e-04 8.33815848e-04 8.08966860e-04 7.83145059e-04 7.56478466e-04 7.29102572e-04 7.01157702e-04 6.72786391e-04 6.44130845e-04 6.15330588e-04 5.86520346e-04 5.57828219e-04 5.29374169e-04 5.01268833e-04 4.73612668e-04 4.46495403e-04 4.19995771e-04 3.94181509e-04 3.69109566e-04 3.44826492e-04 3.21368983e-04 2.98764520e-04 2.77032094e-04 2.56182968e-04 2.36221473e-04 2.17145787e-04 1.98948709e-04 1.81618398e-04 1.65139067e-04 1.49491635e-04 1.34654322e-04 1.20603194e-04 1.07312649e-04 9.47558497e-05 8.29051110e-05 7.17322282e-05 6.12087674e-05 5.13063110e-05 4.19966654e-05 3.32520340e-05 2.50451591e-05 1.73494374e-05 1.01390100e-05 3.38883260e-06 -2.92527334e-06 -8.82658471e-06 -1.43374543e-05 -1.94792996e-05 -2.42726013e-05 -2.87369092e-05 -3.28908551e-05 -3.67521701e-05 -4.03377070e-05 -4.36634652e-05 -4.67446183e-05 -4.95955433e-05 -5.22298511e-05 -5.46604177e-05 -5.68994158e-05 -5.89583461e-05 -6.08480687e-05 -6.25788338e-05 -6.41603117e-05 -6.56016220e-05 -6.69113622e-05 -6.80976349e-05 -6.91680744e-05 -7.01298717e-05 -7.09897990e-05 -7.17542330e-05 -7.24291766e-05 -7.30202801e-05 -7.35328615e-05 -7.39719251e-05 -7.43421795e-05 -7.46480550e-05 -7.48937194e-05 -7.50830935e-05 -7.52198652e-05 -7.53075035e-05 -7.53492710e-05 -7.53482363e-05 -7.53072853e-05 -7.52291317e-05
-2.33185707e-04 9.09593508e-06 1.39507115e-05 2.13199736e-05 2.94901174e-05 3.82202201e-05 4.75248702e-05 5.74328908e-05 6.79737503e-05 7.91772378e-05 9.10732554e-05 1.03691571e-04 1.17061526e-04 1.31211699e-04 1.46169511e-04 1.61960780e-04 1.78609220e-04 1.96135871e-04 2.14558483e-04 2.33890829e-04 2.54141977e-04 2.75315498e-04 2.97408657e-04 3.20411561e-04 3.44306313e-04 3.69066182e-04 3.94654804e-04 4.21025475e-04 4.48120538e-04 4.75870929e-04 5.04195906e-04 5.33003013e-04 5.62188314e-04 5.91636929e-04 6.21223912e-04 6.50815476e-04 6.80270581e-04 7.09442868e-04 7.38182910e-04 7.66340737e-04 7.93768562e-04 8.20323616e-04 8.45871006e-04 8.70286459e-04 8.93458847e-04 9.15292365e-04 9.35708236e-04 9.54645871e-04 9.72063361e-04 9.87937292e-04 1.00226183e-03 1.01504710e-03 1.02631696e-03 1.03610613e-03 1.04445703e-03 1.05141620e-03 1.05703076e-03 1.06134491e-03 1.06439673e-03 1.06621551e-03 1.06681967e-03 1.06621551e-03 1.06439673e-03 1.06134491e-03 1.05703076e-03 1.05141620e-03 1.04445703e-03 1.03610613e-03 1.02631696e-03 1.01504710e-03 1.00226183e-03 9.87937292e-04 9.72063361e-04 9.54645871e-04 9.35708236e-04 9.15292365e-04 8.93458847e-04 8.70286459e-04 8.45871006e-04 8.20323616e-04 7.93768562e-04 7.66340737e-04 7.38182910e-04 7.09442868e-04 6.80270581e-04 6.50815476e-04 6.21223912e-04 5.91636929e-04 5.62188314e-04 5.33003013e-04 5.04195906e-04 4.75870929e-04 4.48120538e-04 4.21025475e-04 3.94654804e-04 3.69066182e-04 3.44306313e-04 3.20411561e-04 2.97408657e-04 2.75315498e-04 2.54141977e-04 2.33890829e-04 2.14558483e-04 1.96135871e-04 1.78609220e-04 1.61960780e-04 1.46169511e-04 1.31211699e-04 1.17061526e-04 1.03691571e-04 9.10732554e-05 7.91772378e-05 6.79737503e-05 5.74328908e-05 4.75248702e-05 3.82202197e-05 2.94899617e-05 2.13057496e-05 1.36399790e-05 6.46587441e-06 -2.42445588e-07 -6.50992157e-06 -1.23605222e-05 -1.78172265e-05 -2.29020174e-05 -2.76358847e-05 -3.20388357e-05 -3.61299116e-05 -3.99272097e-05 -4.34479088e-05 -4.67082980e-05 -4.97238072e-05 -5.25090398e-05 -5.50778058e-05 -5.74431555e-05 -5.96174138e-05 -6.16122131e-05 -6.34385275e-05 -6.51067047e-05 -6.66264977e-05 -6.80070963e-05 -6.92571558e-05 -7.03848268e-05 -7.13977817e-05 -7.23032418e-05 -7.31080021e-05 -7.38184555e-05 -7.44406154e-05 -7.49801378e-05 -7.54423415e-05 -7.58322281e-05 -7.61544999e-05 -7.64135781e-05 -7.66136187e-05 -7.67585287e-05 -7.68519802e-05 -7.68974249e-05 -7.68981068e-05 -7.68570747e-05 -7.67771938e-05 -7.66611566e-05
-2.33135951e-04 3.78431788e-06 1.00515069e-05 1.74711282e-05 2.56144970e-05 3.43232391e-05 4.36156879e-05 5.35218922e-05 6.40726250e-05 7.52990824e-05 8.72326774e-05 9.99047918e-05 1.13346483e-04 1.27588139e-04 1.42659080e-04 1.58587097e-04 1.75397937e-04 1.93114712e-04 2.11757256e-04 2.31341408e-04 2.51878237e-04 2.73373219e-04 2.95825360e-04 3.19226298e-04 3.43559383e-04 3.68798776e-04 3.94908583e-04 4.21842061e-04 4.49540939e-04 4.77934884e-04 5.06941170e-04 5.36464591e-04 5.66397652e-04 5.96621103e-04 6.27004818e-04 6.57409070e-04 6.87686191e-04 7.17682618e-04 7.47241287e-04 7.76204340e-04 8.04416050e-04 8.31725893e-04 8.57991639e-04 8.83082342e-04 9.06881097e-04 9.29287423e-04 9.50219154e-04 9.69613711e-04 9.87428679e-04 1.00364161e-03 1.01824908e-03 1.03126488e-03 1.04271762e-03 1.05264763e-03 1.06110342e-03 1.06813783e-03 1.07380407e-03 1.07815192e-03 1.08122418e-03 1.08305372e-03 1.08366122e-03 1.08305372e-03 1.08122418e-03 1.07815192e-03 1.07380407e-03 1.06813783e-03 1.06110342e-03 1.05264763e-03 1.04271762e-03 1.03126488e-03 1.01824908e-03 1.00364161e-03 9.87428679e-04 9.69613711e-04 9.50219154e-04 9.29287423e-04 9.06881097e-04 8.83082342e-04 8.57991639e-04 8.31725893e-04 8.04416050e-04 7.76204340e-04 7.47241287e-04 7.17682618e-04 6.87686191e-04 6.57409070e-04 6.27004818e-04 5.96621103e-04 5.66397652e-04 5.36464591e-04 5.06941170e-04 4.77934884e-04 4.49540939e-04 4.21842061e-04 3.94908583e-04 3.68798776e-04 3.43559383e-04 3.19226298e-04 2.95825360e-04 2.73373219e-04 2.51878237e-04 2.31341408e-04 2.11757256e-04 1.93114712e-04 1.75397937e-04 1.58587097e-04 1.42659080e-04 1.27588139e-04 1.13346483e-04 9.99047918e-05 8.72326774e-05 7.52990824e-05 6.40726250e-05 5.35218922e-05 4.36156879e-05 3.43232387e-05 2.56143632e-05 1.74596076e-05 9.83035292e-06 2.69889726e-06 -3.96148428e-06 -1.01764978e-05 -1.59708047e-05 -2.13680094e-05 -2.63906576e-05 -3.10602442e-05 -3.53972286e-05 -3.94210556e-05 -4.31501818e-05 -4.66021048e-05 -4.97933956e-05 -5.27397327e-05 -5.54559379e-05 -5.79560121e-05 -6.02531720e-05 -6.23598864e-05 -6.42879120e-05 -6.60483289e-05 -6.76515747e-05 -6.91074784e-05 -7.04252923e-05 -7.16137234e-05 -7.26809630e-05 -7.36347161e-05 -7.44822279e-05 -7.52303106e-05 -7.58853676e-05 -7.64534180e-05 -7.69401180e-05 -7.73507830e-05 -7.76904071e-05 -7.79636822e-05 -7.81750162e-05 -7.83285498e-05 -7.84281722e-05 -7.84775365e-05 -7.84800738e-05 -7.84390063e-05 -7.83573602e-05 -7.82379773e-05 -7.80835262e-05
-2.32981368e-04 -1.62173330e-06 6.05262702e-06 1.35154957e-05 2.16245982e-05 3.03042001e-05 3.95764088e-05 4.94725188e-05 6.00246334e-05 7.12653883e-05 8.32277472e-05 9.59447547e-05 1.09449240e-04 1.23773471e-04 1.38948741e-04 1.55004907e-04 1.71969848e-04 1.89868863e-04 2.08723993e-04 2.28553279e-04 2.49369941e-04 2.71181513e-04 2.93988908e-04 3.17785457e-04 3.42555922e-04 3.68275521e-04 3.94908977e-04 4.22409645e-04 4.50718746e-04 4.79764758e-04 5.09463008e-04 5.39715529e-04 5.70411209e-04 6.01426299e-04 6.32625309e-04 6.63862317e-04 6.94982710e-04 7.25825338e-04 7.56225071e-04 7.86015688e-04 8.15033026e-04 8.43118298e-04 8.70121444e-04 8.95904388e-04 9.20344047e-04 9.43334947e-04 9.64791308e-04 9.84648455e-04 1.00286348e-03 1.01941505e-03 1.03430240e-03 1.04754339e-03 1.05917188e-03 1.06923436e-03 1.07778605e-03 1.08488672e-03 1.09059629e-03 1.09497068e-03 1.09805790e-03 1.09989477e-03 1.10050443e-03 1.09989477e-03 1.09805790e-03 1.09497068e-03 1.09059629e-03 1.08488672e-03 1.07778605e-03 1.06923436e-03 1.05917188e-03 1.04754339e-03 1.03430240e-03 1.01941505e-03 1.00286348e-03 9.84648455e-04 9.64791308e-04 9.43334947e-04 9.20344047e-04 8.95904388e-04 8.70121444e-04 8.43118298e-04 8.15033026e-04 7.86015688e-04 7.56225071e-04 7.25825338e-04 6.94982710e-04 6.63862317e-04 6.32625309e-04 6.01426299e-04 5.70411209e-04 5.39715529e-04 5.09463008e-04 4.79764758e-04 4.50718746e-04 4.22409645e-04 3.94908977e-04 3.68275521e-04 3.42555922e-04 3.17785457e-04 2.93988908e-04 2.71181513e-04 2.49369941e-04 2.28553279e-04 2.08723993e-04 1.89868863e-04 1.71969848e-04 1.55004907e-04 1.38948741e-04 1.23773471e-04 1.09449240e-04 9.59447547e-05 8.32277472e-05 7.12653883e-05 6.00246334e-05 4.94725188e-05 3.95764088e-05 3.03041998e-05 2.16244865e-05 1.35066931e-05 5.92117581e-06 -1.16070022e-06 -7.76650652e-06 -1.39227151e-05 -1.96546784e-05 -2.49866222e-05 -2.99416495e-05 -3.45417540e-05 -3.88078393e-05 -4.27597458e-05 -4.64162802e-05 -4.97952495e-05 -5.29134974e-05 -5.57869412e-05 -5.84306113e-05 -6.08586900e-05 -6.30845509e-05 -6.51207975e-05 -6.69793014e-05 -6.86712400e-05 -7.02071325e-05 -7.15968752e-05 -7.28497753e-05 -7.39745835e-05 -7.49795251e-05 -7.58723301e-05 -7.66602611e-05 -7.73501411e-05 -7.79483784e-05 -7.84609914e-05 -7.88936316e-05 -7.92516054e-05 -7.95398946e-05 -7.97631762e-05 -7.99258403e-05 -8.00320079e-05 -8.00855469e-05 -8.00900874e-05 -8.00490364e-05 -7.99655911e-05 -7.98427519e-05 -7.96833343e-05 -7.94899801e-05
-2.32730872e-04 -7.11384494e-06 1.95634922e-06 9.45524060e-06 1.75227395e-05 2.61655831e-05 3.54096731e-05 4.52875698e-05 5.58327324e-05 6.70792684e-05 7.90617329e-05 9.18148818e-05 1.05373376e-04 1.19771427e-04 1.35042389e-04 1.51218270e-04 1.68329191e-04 1.86402751e-04 2.05463331e-04 2.25531315e-04 2.46622232e-04 2.68745833e-04 2.91905112e-04 3.16095271e-04 3.41302662e-04 3.67503732e-04 3.94663985e-04 4.22737019e-04 4.51663670e-04 4.81371314e-04 5.11773379e-04 5.42769134e-04 5.74243787e-04 6.06068965e-04 6.38103619e-04 6.70195364e-04 7.02182299e-04 7.33895287e-04 7.65160664e-04 7.95803335e-04 8.25650159e-04 8.54533535e-04 8.82295035e-04 9.08788951e-04 9.33885581e-04 9.57474105e-04 9.79464876e-04 9.99791001e-04 1.01840909e-03 1.03529908e-03 1.05046314e-03 1.06392363e-03 1.07572019e-03 1.08590607e-03 1.09454391e-03 1.10170106e-03 1.10744487e-03 1.11183800e-03 1.11493420e-03 1.11677463e-03 1.11738517e-03 1.11677463e-03 1.11493420e-03 1.11183800e-03 1.10744487e-03 1.10170106e-03 1.09454391e-03 1.08590607e-03 1.07572019e-03 1.06392363e-03 1.05046314e-03 1.03529908e-03 1.01840909e-03 9.99791001e-04 9.79464876e-04 9.57474105e-04 9.33885581e-04 9.08788951e-04 8.82295035e-04 8.54533535e-04 8.25650159e-04 7.95803335e-04 7.65160664e-04 7.33895287e-04 7.02182299e-04 6.70195364e-04 6.38103619e-04 6.06068965e-04 5.74243787e-04 5.42769134e-04 5.11773379e-04 4.81371314e-04 4.51663670e-04 4.22737019e-04 3.94663985e-04 3.67503732e-04 3.41302662e-04 3.16095271e-04 2.91905112e-04 2.68745833e-04 2.46622232e-04 2.25531315e-04 2.05463331e-04 1.86402751e-04 1.68329191e-04 1.51218270e-04 1.35042389e-04 1.19771427e-04 1.05373376e-04 9.18148818e-05 7.90617329e-05 6.70792684e-05 5.58327324e-05 4.52875698e-05 3.54096731e-05 2.61655829e-05 1.75226501e-05 9.44916255e-06 1.91444189e-06 -5.11108582e-06 -1.16558414e-05 -1.77470628e-05 -2.34107909e-05 -2.86718689e-05 -3.35539514e-05 -3.80795235e-05 -4.22699255e-05 -4.61453845e-05 -4.97250482e-05 -5.30270238e-05 -5.60684175e-05 -5.88653759e-05 -6.14331283e-05 -6.37860286e-05 -6.59375976e-05 -6.79005642e-05 -6.96869061e-05 -7.13078890e-05 -7.27741051e-05 -7.40955099e-05 -7.52814575e-05 -7.63407348e-05 -7.72815939e-05 -7.81117828e-05 -7.88385753e-05 -7.94687985e-05 -8.00088597e-05 -8.04647712e-05 -8.08421742e-05 -8.11463611e-05 -8.13822968e-05 -8.15546385e-05 -8.16677545e-05 -8.17257420e-05 -8.17324437e-05 -8.16914630e-05 -8.16061795e-05 -8.14797623e-05 -8.13151828e-05 -8.11152274e-05 -8.08825085e-05
-2.32388596e-04 -1.26838199e-05 -2.23551231e-06 5.29190579e-06 1.33104487e-05 2.19088967e-05 3.11169573e-05 4.09684755e-05 5.14982910e-05 6.27420155e-05 7.47358347e-05 8.75162648e-05 1.01119856e-04 1.15582837e-04 1.30940698e-04 1.47227698e-04 1.64476302e-04 1.82716534e-04 2.01975251e-04 2.22275326e-04 2.43634758e-04 2.66065693e-04 2.89573386e-04 3.14155097e-04 3.39798961e-04 3.66482839e-04 3.94173195e-04 4.22824031e-04 4.52375933e-04 4.82755278e-04 5.13873656e-04 5.45627573e-04 5.77898503e-04 6.10553325e-04 6.43445228e-04 6.76415083e-04 7.09293350e-04 7.41902467e-04 7.74059741e-04 8.05580652e-04 8.36282501e-04 8.65988273e-04 8.94530586e-04 9.21755551e-04 9.47526366e-04 9.71726471e-04 9.94262079e-04 1.01506394e-03 1.03408817e-03 1.05131614e-03 1.06675329e-03 1.08042692e-03 1.09238300e-03 1.10268226e-03 1.11139544e-03 1.11859830e-03 1.12436630e-03 1.12876957e-03 1.13186814e-03 1.13370799e-03 1.13431800e-03 1.13370799e-03 1.13186814e-03 1.12876957e-03 1.12436630e-03 1.11859830e-03 1.11139544e-03 1.10268226e-03 1.09238300e-03 1.08042692e-03 1.06675329e-03 1.05131614e-03 1.03408817e-03 1.01506394e-03 9.94262079e-04 9.71726471e-04 9.47526366e-04 9.21755551e-04 8.94530586e-04 8.65988273e-04 8.36282501e-04 8.05580652e-04 7.74059741e-04 7.41902467e-04 7.09293350e-04 6.76415083e-04 6.43445228e-04 6.10553325e-04 5.77898503e-04 5.45627573e-04 5.13873656e-04 4.82755278e-04 4.52375933e-04 4.22824031e-04 3.94173195e-04 3.66482839e-04 3.39798961e-04 3.14155097e-04 2.89573386e-04 2.66065693e-04 2.43634758e-04 2.22275326e-04 2.01975251e-04 1.82716534e-04 1.64476302e-04 1.47227698e-04 1.30940698e-04 1.15582837e-04 1.01119856e-04 8.75162648e-05 7.47358347e-05 6.27420155e-05 5.14982910e-05 4.09684755e-05 3.11169573e-05 2.19088965e-05 1.33103817e-05 5.28855084e-06 -2.18831790e-06 -9.15074238e-06 -1.56279944e-05 -2.16480769e-05 -2.72377159e-05 -3.24223666e-05 -3.72262287e-05 -4.16722711e-05 -4.57822621e-05 -4.95768058e-05 -5.30753818e-05 -5.62963869e-05 -5.92571799e-05 -6.19741263e-05 -6.44626442e-05 -6.67372490e-05 -6.88115990e-05 -7.06985388e-05 -7.24101428e-05 -7.39577560e-05 -7.53520350e-05 -7.66029861e-05 -7.77200024e-05 -7.87118993e-05 -7.95869481e-05 -8.03529082e-05 -8.10170577e-05 -8.15862218e-05 -8.20668006e-05 -8.24647947e-05 -8.27858296e-05 -8.30351789e-05 -8.32177855e-05 -8.33382825e-05 -8.34010121e-05 -8.34100435e-05 -8.33691904e-05 -8.32820262e-05 -8.31518996e-05 -8.29819481e-05 -8.27751116e-05 -8.25341443e-05 -8.22616266e-05
-2.31927422e-04 -1.83210138e-05 -6.52045455e-06 1.02669820e-06 8.98784305e-06 1.75330854e-05 2.66959368e-05 3.65115399e-05 4.70161340e-05 5.82468608e-05 7.02415713e-05 8.30385849e-05 9.66763949e-05 1.11193312e-04 1.26627040e-04 1.43014180e-04 1.60389648e-04 1.78786013e-04 1.98232742e-04 2.18755354e-04 2.40374480e-04 2.63104843e-04 2.86954151e-04 3.11921925e-04 3.37998286e-04 3.65162716e-04 3.93382836e-04 4.22613236e-04 4.52794412e-04 4.83851870e-04 5.15695441e-04 5.48218905e-04 5.81299965e-04 6.14800647e-04 6.48568191e-04 6.82436460e-04 7.16227916e-04 7.49756144e-04 7.82828914e-04 8.15251719e-04 8.46831693e-04 8.77381787e-04 9.06725051e-04 9.34698838e-04 9.61158736e-04 9.85982028e-04 1.00907050e-03 1.03035237e-03 1.04978330e-03 1.06734625e-03 1.08305025e-03 1.09692801e-03 1.10903252e-03 1.11943264e-03 1.12820806e-03 1.13544372e-03 1.14122406e-03 1.14562736e-03 1.14872061e-03 1.15055506e-03 1.15116290e-03 1.15055506e-03 1.14872061e-03 1.14562736e-03 1.14122406e-03 1.13544372e-03 1.12820806e-03 1.11943264e-03 1.10903252e-03 1.09692801e-03 1.08305025e-03 1.06734625e-03 1.04978330e-03 1.03035237e-03 1.00907050e-03 9.85982028e-04 9.61158736e-04 9.34698838e-04 9.06725051e-04 8.77381787e-04 8.46831693e-04 8.15251719e-04 7.82828914e-04 7.49756144e-04 7.16227916e-04 6.82436460e-04 6.48568191e-04 6.14800647e-04 5.81299965e-04 5.48218905e-04 5.15695441e-04 4.83851870e-04 4.52794412e-04 4.22613236e-04 3.93382836e-04 3.65162716e-04 3.37998286e-04 3.11921925e-04 2.86954151e-04 2.63104843e-04 2.40374480e-04 2.18755354e-04 1.98232742e-04 1.78786013e-04 1.60389648e-04 1.43014180e-04 1.26627040e-04 1.11193312e-04 9.66763949e-05 8.30385849e-05 7.02415713e-05 5.82468608e-05 4.70161340e-05 3.65115399e-05 2.66959368e-05 1.75330852e-05 8.98779837e-06 1.02605678e-06 -6.38490836e-06 -1.32765584e-05 -1.96790126e-05 -2.56210327e-05 -3.11300221e-05 -3.62320385e-05 -4.09518157e-05 -4.53127946e-05 -4.93371592e-05 -5.30458780e-05 -5.64587489e-05 -5.95944456e-05 -6.24705665e-05 -6.51036829e-05 -6.75093889e-05 -6.97023493e-05 -7.16963478e-05 -7.35043331e-05 -7.51384650e-05 -7.66101573e-05 -7.79301205e-05 -7.91084018e-05 -8.01544240e-05 -8.10770221e-05 -8.18844781e-05 -8.25845548e-05 -8.31845268e-05 -8.36912102e-05 -8.41109911e-05 -8.44498520e-05 -8.47133966e-05 -8.49068736e-05 -8.50351989e-05 -8.51029760e-05 -8.51145163e-05 -8.50738567e-05 -8.49847774e-05 -8.48508179e-05 -8.46752920e-05 -8.44613024e-05 -8.42117538e-05 -8.39293652e-05 -8.36166821e-05
-2.31378163e-04 -2.40177494e-05 -1.08965330e-05 -3.33786553e-06 4.55834885e-06 1.30425468e-05 2.21520354e-05 3.19232703e-05 4.23939122e-05 5.36026620e-05 6.55890729e-05 7.83933149e-05 9.20558818e-05 1.06617235e-04 1.22117377e-04 1.38595344e-04 1.56088616e-04 1.74632435e-04 1.94259023e-04 2.14996703e-04 2.36868918e-04 2.59893158e-04 2.84079786e-04 3.09430799e-04 3.35938522e-04 3.63584276e-04 3.92337050e-04 4.22152217e-04 4.52970357e-04 4.84716235e-04 5.17298018e-04 5.50606786e-04 5.84516434e-04 6.18884018e-04 6.53550624e-04 6.88342808e-04 7.23074645e-04 7.57550384e-04 7.91567699e-04 8.24921468e-04 8.57407984e-04 8.88829468e-04 9.18998713e-04 9.47743666e-04 9.74911726e-04 1.00037355e-03 1.02402615e-03 1.04579505e-03 1.06563543e-03 1.08353201e-03 1.09949779e-03 1.11357142e-03 1.12581355e-03 1.13630201e-03 1.14512630e-03 1.15238147e-03 1.15816178e-03 1.16255455e-03 1.16563438e-03 1.16745835e-03 1.16806227e-03 1.16745835e-03 1.16563438e-03 1.16255455e-03 1.15816178e-03 1.15238147e-03 1.14512630e-03 1.13630201e-03 1.12581355e-03 1.11357142e-03 1.09949779e-03 1.08353201e-03 1.06563543e-03 1.04579505e-03 1.02402615e-03 1.00037355e-03 9.74911726e-04 9.47743666e-04 9.18998713e-04 8.88829468e-04 8.57407984e-04 8.24921468e-04 7.91567699e-04 7.57550384e-04 7.23074645e-04 6.88342808e-04 6.53550624e-04 6.18884018e-04 5.84516434e-04 5.50606786e-04 5.17298018e-04 4.84716235e-04 4.52970357e-04 4.22152217e-04 3.92337050e-04 3.63584276e-04 3.35938522e-04 3.09430799e-04 2.84079786e-04 2.59893158e-04 2.36868918e-04 2.14996703e-04 1.94259023e-04 1.74632435e-04 1.56088616e-04 1.38595344e-04 1.22117377e-04 1.06617235e-04 9.20558818e-05 7.83933149e-05 6.55890729e-05 5.36026620e-05 4.23939122e-05 3.19232703e-05 2.21520354e-05 1.30425467e-05 4.55832651e-06 -3.33581230e-06 -1.06736909e-05 -1.74877160e-05 -2.38088530e-05 -2.96666184e-05 -3.50890869e-05 -4.01029107e-05 -4.47333491e-05 -4.90043047e-05 -5.29383663e-05 -5.65568560e-05 -5.98798783e-05 -6.29263723e-05 -6.57141640e-05 -6.82600196e-05 -7.05796975e-05 -7.26880009e-05 -7.45988281e-05 -7.63252216e-05 -7.78794165e-05 -7.92728857e-05 -8.05163843e-05 -8.16199919e-05 -8.25931522e-05 -8.34447119e-05 -8.41829562e-05 -8.48156439e-05 -8.53500393e-05 -8.57929430e-05 -8.61507210e-05 -8.64293318e-05 -8.66343518e-05 -8.67710000e-05 -8.68441600e-05 -8.68584016e-05 -8.68180007e-05 -8.67269580e-05 -8.65890165e-05 -8.64076780e-05 -8.61862184e-05 -8.59277021e-05 -8.56349958e-05 -8.53107806e-05 -8.49575644e-05
-2.38420737e-04 -3.07557762e-05 -1.58732570e-05 -8.06004988e-06 2.39428096e-08 8.71917284e-06 1.80680908e-05 2.81097363e-05 3.88845131e-05 5.04340491e-05 6.28010102e-05 7.60288624e-05 9.01615728e-05 1.05243243e-04 1.21317667e-04 1.38427798e-04 1.56615132e-04 1.75918978e-04 1.96375631e-04 2.18017428e-04 2.40871687e-04 2.64959546e-04 2.90294680e-04 3.16881944e-04 3.44715927e-04 3.73779472e-04 4.04042187e-04 4.35458993e-04 4.67968772e-04 5.01493185e-04 5.35935730e-04 5.71181123e-04 6.07095098e-04 6.43524701e-04 6.80299159e-04 7.17231390e-04 7.54120193e-04 7.90753135e-04 8.26910105e-04 8.62367493e-04 8.96902861e-04 9.30299984e-04 9.62354056e-04 9.92876848e-04 1.02170157e-03 1.04868719e-03 1.07372196e-03 1.09672594e-03 1.11765230e-03 1.13648727e-03 1.15324876e-03 1.16798346e-03 1.18076269e-03 1.19167705e-03 1.20083014e-03 1.20833165e-03 1.21429016e-03 1.21880611e-03 1.22196531e-03 1.22383334e-03 1.22445134e-03 1.22383334e-03 1.22196531e-03 1.21880611e-03 1.21429016e-03 1.20833165e-03 1.20083014e-03 1.19167705e-03 1.18076269e-03 1.16798346e-03 1.15324876e-03 1.13648727e-03 1.11765230e-03 1.09672594e-03 1.07372196e-03 1.04868719e-03 1.02170157e-03 9.92876848e-04 9.62354056e-04 9.30299984e-04 8.96902861e-04 8.62367493e-04 8.26910105e-04 7.90753135e-04 7.54120193e-04 7.17231390e-04 6.80299159e-04 6.43524701e-04 6.07095098e-04 5.71181123e-04 5.35935730e-04 5.01493185e-04 4.67968772e-04 4.35458993e-04 4.04042187e-04 3.73779472e-04 3.44715927e-04 3.16881944e-04 2.90294680e-04 2.64959546e-04 2.40871687e-04 2.18017428e-04 1.96375631e-04 1.75918978e-04 1.56615132e-04 1.38427798e-04 1.21317667e-04 1.05243243e-04 9.01615728e-05 7.60288624e-05 6.28010102e-05 5.04340491e-05 3.88845131e-05 2.81097363e-05 1.80680908e-05 8.71917276e-06 2.39426941e-08 -8.05517261e-06 -1.55542113e-05 -2.25076353e-05 -2.89483116e-05 -3.49075133e-05 -4.04149350e-05 -4.54987211e-05 -5.01855031e-05 -5.45004451e-05 -5.84672938e-05 -6.21084332e-05 -6.54449411e-05 -6.84966481e-05 -7.12821962e-05 -7.38190978e-05 -7.61237937e-05 -7.82117104e-05 -8.00973156e-05 -8.17941717e-05 -8.33149879e-05 -8.46716696e-05 -8.58753663e-05 -8.69365167e-05 -8.78648918e-05 -8.86696361e-05 -8.93593060e-05 -8.99419065e-05 -9.04249260e-05 -9.08153685e-05 -9.11197846e-05 -9.13443003e-05 -9.14946439e-05 -9.15761716e-05 -9.15938914e-05 -9.15524854e-05 -9.14563310e-05 -9.13095201e-05 -9.11158781e-05 -9.08789806e-05 -9.06021699e-05 -9.02885696e-05 -8.99410994e-05 -8.95624877e-05 -8.91552842e-05
-2.45567122e-04 -3.79576194e-05 -2.12612820e-05 -1.31951526e-05 -4.92849819e-06 3.97314649e-06 1.35576415e-05 2.38667514e-05 3.49437803e-05 4.68334594e-05 5.95817641e-05 7.32356754e-05 8.78428764e-05 1.03451377e-04 1.20109054e-04 1.37863099e-04 1.56759369e-04 1.76841613e-04 1.98150595e-04 2.20723082e-04 2.44590705e-04 2.69778693e-04 2.96304486e-04 3.24176240e-04 3.53391235e-04 3.83934232e-04 4.15775799e-04 4.48870680e-04 4.83156247e-04 5.18551125e-04 5.54954077e-04 5.92243226e-04 6.30275738e-04 6.68888040e-04 7.07896680e-04 7.47099902e-04 7.86279978e-04 8.25206343e-04 8.63639482e-04 9.01335542e-04 9.38051517e-04 9.73550876e-04 1.00760940e-03 1.04002098e-03 1.07060315e-03 1.09920195e-03 1.12569597e-03 1.14999927e-03 1.17206289e-03 1.19187493e-03 1.20945892e-03 1.22487075e-03 1.23819391e-03 1.24953354e-03 1.25900928e-03 1.26674748e-03 1.27287304e-03 1.27750137e-03 1.28073099e-03 1.28263721e-03 1.28326726e-03 1.28263721e-03 1.28073099e-03 1.27750137e-03 1.27287304e-03 1.26674748e-03 1.25900928e-03 1.24953354e-03 1.23819391e-03 1.22487075e-03 1.20945892e-03 1.19187493e-03 1.17206289e-03 1.14999927e-03 1.12569597e-03 1.09920195e-03 1.07060315e-03 1.04002098e-03 1.00760940e-03 9.73550876e-04 9.38051517e-04 9.01335542e-04 8.63639482e-04 8.25206343e-04 7.86279978e-04 7.47099902e-04 7.07896680e-04 6.68888040e-04 6.30275738e-04 5.92243226e-04 5.54954077e-04 5.18551125e-04 4.83156247e-04 4.48870680e-04 4.15775799e-04 3.83934232e-04 3.53391235e-04 3.24176240e-04 2.96304486e-04 2.69778693e-04 2.44590705e-04 2.20723082e-04 1.98150595e-04 1.76841613e-04 1.56759369e-04 1.37863099e-04 1.20109054e-04 1.03451377e-04 8.78428764e-05 7.32356754e-05 5.95817641e-05 4.68334594e-05 3.49437803e-05 2.38667514e-05 1.35576415e-05 3.97314645e-06 -4.92847478e-06 -1.31873055e-05 -2.08417104e-05 -2.79283028e-05 -3.44819365e-05 -4.05357151e-05 -4.61210180e-05 -5.12675381e-05 -5.60033285e-05 -6.03548568e-05 -6.43470641e-05 -6.80034278e-05 -7.13460259e-05 -7.43956032e-05 -7.71716366e-05 -7.96924011e-05 -8.19750332e-05 -8.40355940e-05 -8.58891292e-05 -8.75497283e-05 -8.90305803e-05 -9.03440273e-05 -9.15016161e-05 -9.25141467e-05 -9.33917186e-05 -9.41437744e-05 -9.47791412e-05 -9.53060699e-05 -9.57322714e-05 -9.60649516e-05 -9.63108438e-05 -9.64762392e-05 -9.65670155e-05 -9.65886637e-05 -9.65463134e-05 -9.64447561e-05 -9.62884676e-05 -9.60816285e-05 -9.58281431e-05 -9.55316580e-05 -9.51955787e-05 -9.48230852e-05 -9.44171473e-05 -9.39805374e-05 -9.35158442e-05
-2.52812128e-04 -4.56362813e-05 -2.70822942e-05 -1.87661106e-05 -1.03229354e-05 -1.22054378e-06 8.59459667e-06 1.91671205e-05 3.05433942e-05 4.27714349e-05 5.59007325e-05 6.99820115e-05 8.50669255e-05 1.01207674e-04 1.18456527e-04 1.36865257e-04 1.56484446e-04 1.77362685e-04 1.99545636e-04 2.23074945e-04 2.47987030e-04 2.74311702e-04 3.02070665e-04 3.31275868e-04 3.61927764e-04 3.94013477e-04 4.27504938e-04 4.62357040e-04 4.98505877e-04 5.35867150e-04 5.74334852e-04 6.13780304e-04 6.54051695e-04 6.94974206e-04 7.36350843e-04 7.77964067e-04 8.19578279e-04 8.60943208e-04 9.01798167e-04 9.41877133e-04 9.80914507e-04 1.01865139e-03 1.05484213e-03 1.08926087e-03 1.12170776e-03 1.15201453e-03 1.18004911e-03 1.20571895e-03 1.22897286e-03 1.24980110e-03 1.26823372e-03 1.28433706e-03 1.29820849e-03 1.30996966e-03 1.31975847e-03 1.32772023e-03 1.33399839e-03 1.33872539e-03 1.34201429e-03 1.34395144e-03 1.34459101e-03 1.34395144e-03 1.34201429e-03 1.33872539e-03 1.33399839e-03 1.32772023e-03 1.31975847e-03 1.30996966e-03 1.29820849e-03 1.28433706e-03 1.26823372e-03 1.24980110e-03 1.22897286e-03 1.20571895e-03 1.18004911e-03 1.15201453e-03 1.12170776e-03 1.08926087e-03 1.05484213e-03 1.01865139e-03 9.80914507e-04 9.41877133e-04 9.01798167e-04 8.60943208e-04 8.19578279e-04 7.77964067e-04 7.36350843e-04 6.94974206e-04 6.54051695e-04 6.13780304e-04 5.74334852e-04 5.35867150e-04 4.98505877e-04 4.62357040e-04 4.27504938e-04 3.94013477e-04 3.61927764e-04 3.31275868e-04 3.02070665e-04 2.74311702e-04 2.47987030e-04 2.23074945e-04 1.99545636e-04 1.77362685e-04 1.56484446e-04 1.36865257e-04 1.18456527e-04 1.01207674e-04 8.50669255e-05 6.99820115e-05 5.59007325e-05 4.27714349e-05 3.05433942e-05 1.91671205e-05 8.59459667e-06 -1.22054377e-06 -1.03228872e-05 -1.87551538e-05 -2.65581460e-05 -3.37707270e-05 -4.04298221e-05 -4.65704404e-05 -5.22257109e-05 -5.74269309e-05 -6.22036236e-05 -6.65836016e-05 -7.05930362e-05 -7.42565281e-05 -7.75971814e-05 -8.06366766e-05 -8.33953438e-05 -8.58922353e-05 -8.81451955e-05 -9.01709298e-05 -9.19850701e-05 -9.36022388e-05 -9.50361090e-05 -9.62994630e-05 -9.74042467e-05 -9.83616225e-05 -9.91820184e-05 -9.98751748e-05 -1.00450189e-04 -1.00915554e-04 -1.01279204e-04 -1.01548543e-04 -1.01730485e-04 -1.01831482e-04 -1.01857560e-04 -1.01814340e-04 -1.01707070e-04 -1.01540649e-04 -1.01319646e-04 -1.01048328e-04 -1.00730675e-04 -1.00370400e-04 -9.99709684e-05 -9.95356140e-05 -9.90673525e-05 -9.85689976e-05 -9.80431736e-05
-2.60106519e-04 -5.37950069e-05 -3.33530269e-05 -2.47924712e-05 -1.61814570e-05 -6.88667108e-06 3.15133870e-06 1.39802173e-05 2.56495520e-05 3.82108262e-05 5.17172476e-05 6.62235136e-05 8.17855054e-05 9.84598980e-05 1.16303675e-04 1.35373535e-04 1.55725176e-04 1.77412447e-04 2.00486355e-04 2.24993912e-04 2.50976828e-04 2.78470030e-04 3.07500024e-04 3.38083106e-04 3.70223434e-04 4.03911009e-04 4.39119587e-04 4.75804606e-04 5.13901178e-04 5.53322261e-04 5.93957094e-04 6.35670037e-04 6.78299925e-04 7.21660077e-04 7.65539088e-04 8.09702497e-04 8.53895428e-04 8.97846246e-04 9.41271205e-04 9.83880048e-04 1.02538240e-03 1.06549475e-03 1.10394783e-03 1.14049395e-03 1.17491405e-03 1.20702403e-03 1.23668001e-03 1.26378219e-03 1.28827699e-03 1.31015725e-03 1.32946046e-03 1.34626484e-03 1.36068349e-03 1.37285682e-03 1.38294345e-03 1.39111021e-03 1.39752161e-03 1.40232950e-03 1.40566340e-03 1.40762229e-03 1.40826821e-03 1.40762229e-03 1.40566340e-03 1.40232950e-03 1.39752161e-03 1.39111021e-03 1.38294345e-03 1.37285682e-03 1.36068349e-03 1.34626484e-03 1.32946046e-03 1.31015725e-03 1.28827699e-03 1.26378219e-03 1.23668001e-03 1.20702403e-03 1.17491405e-03 1.14049395e-03 1.10394783e-03 1.06549475e-03 1.02538240e-03 9.83880048e-04 9.41271205e-04 8.97846246e-04 8.53895428e-04 8.09702497e-04 7.65539088e-04 7.21660077e-04 6.78299925e-04 6.35670037e-04 5.93957094e-04 5.53322261e-04 5.13901178e-04 4.75804606e-04 4.39119587e-04 4.03911009e-04 3.70223434e-04 3.38083106e-04 3.07500024e-04 2.78470030e-04 2.50976828e-04 2.24993912e-04 2.00486355e-04 1.77412447e-04 1.55725176e-04 1.35373535e-04 1.16303675e-04 9.84598980e-05 8.17855054e-05 6.62235136e-05 5.17172476e-05 3.82108262e-05 2.56495520e-05 1.39802173e-05 3.15133870e-06 -6.88667102e-06 -1.61813828e-05 -2.47782751e-05 -3.27206945e-05 -4.00498453e-05 -4.68048043e-05 -5.30225540e-05 -5.87380316e-05 -6.39841888e-05 -6.87920609e-05 -7.31908416e-05 -7.72079618e-05 -8.08691706e-05 -8.41986181e-05 -8.72189370e-05 -8.99513239e-05 -9.24156184e-05 -9.46303808e-05 -9.66129663e-05 -9.83795967e-05 -9.99454295e-05 -1.01324623e-04 -1.02530399e-04 -1.03575102e-04 -1.04470254e-04 -1.05226610e-04 -1.05854204e-04 -1.06362400e-04 -1.06759931e-04 -1.07054947e-04 -1.07255048e-04 -1.07367322e-04 -1.07398381e-04 -1.07354390e-04 -1.07241098e-04 -1.07063867e-04 -1.06827695e-04 -1.06537245e-04 -1.06196861e-04 -1.05810594e-04 -1.05382222e-04 -1.04915265e-04 -1.04413005e-04 -1.03878500e-04 -1.03314601e-04 -1.02723963e-04
-2.67497686e-04 -6.24542450e-05 -4.01016145e-05 -3.13021239e-05 -2.25313292e-05 -1.30517739e-05 -2.79783470e-06 8.28129632e-06 2.02385999e-05 3.31292214e-05 4.70103075e-05 6.19407778e-05 7.79810203e-05 9.51924981e-05 1.13637253e-04 1.33377295e-04 1.54473856e-04 1.76986499e-04 2.00972073e-04 2.26483484e-04 2.53568294e-04 2.82267132e-04 3.12611911e-04 3.44623879e-04 3.78311504e-04 4.13668235e-04 4.50670181e-04 4.89273777e-04 5.29413504e-04 5.70999787e-04 6.13917161e-04 6.58022860e-04 7.03145972e-04 7.49087292e-04 7.95620047e-04 8.42491599e-04 8.89426233e-04 9.36129092e-04 9.82291262e-04 1.02759592e-03 1.07172544e-03 1.11436918e-03 1.15523174e-03 1.19404125e-03 1.23055734e-03 1.26457832e-03 1.29594721e-03 1.32455617e-03 1.35034905e-03 1.37332171e-03 1.39352010e-03 1.41103594e-03 1.42600023e-03 1.43857462e-03 1.44894127e-03 1.45729148e-03 1.46381373e-03 1.46868192e-03 1.47204436e-03 1.47401435e-03 1.47466295e-03 1.47401435e-03 1.47204436e-03 1.46868192e-03 1.46381373e-03 1.45729148e-03 1.44894127e-03 1.43857462e-03 1.42600023e-03 1.41103594e-03 1.39352010e-03 1.37332171e-03 1.35034905e-03 1.32455617e-03 1.29594721e-03 1.26457832e-03 1.23055734e-03 1.19404125e-03 1.15523174e-03 1.11436918e-03 1.07172544e-03 1.02759592e-03 9.82291262e-04 9.36129092e-04 8.89426233e-04 8.42491599e-04 7.95620047e-04 7.49087292e-04 7.03145972e-04 6.58022860e-04 6.13917161e-04 5.70999787e-04 5.29413504e-04 4.89273777e-04 4.50670181e-04 4.13668235e-04 3.78311504e-04 3.44623879e-04 3.12611911e-04 2.82267132e-04 2.53568294e-04 2.26483484e-04 2.00972073e-04 1.76986499e-04 1.54473856e-04 1.33377295e-04 1.13637253e-04 9.51924981e-05 7.79810203e-05 6.19407778e-05 4.70103075e-05 3.31292214e-05 2.02385999e-05 8.28129632e-06 -2.79783470e-06 -1.30517738e-05 -2.25312278e-05 -3.12845664e-05 -3.93577956e-05 -4.67945616e-05 -5.36361797e-05 -5.99216813e-05 -6.56878762e-05 -7.09694262e-05 -7.57989259e-05 -8.02069899e-05 -8.42223427e-05 -8.78719104e-05 -9.11809125e-05 -9.41729535e-05 -9.68701119e-05 -9.92930279e-05 -1.01460987e-04 -1.03392002e-04 -1.05102891e-04 -1.06609349e-04 -1.07926024e-04 -1.09066577e-04 -1.10043751e-04 -1.10869429e-04 -1.11554688e-04 -1.12109856e-04 -1.12544559e-04 -1.12867770e-04 -1.13087849e-04 -1.13212589e-04 -1.13249248e-04 -1.13204592e-04 -1.13084925e-04 -1.12896116e-04 -1.12643638e-04 -1.12332585e-04 -1.11967705e-04 -1.11553419e-04 -1.11093846e-04 -1.10592820e-04 -1.10053914e-04 -1.09480454e-04 -1.08875536e-04 -1.08242044e-04 -1.07582662e-04
-2.74950230e-04 -7.16178011e-05 -4.73472433e-05 -3.83168600e-05 -2.93965360e-05 -1.97421435e-05 -9.28165402e-06 2.03905297e-06 1.42765224e-05 2.74897567e-05 4.17400637e-05 5.70908372e-05 7.36072567e-05 9.13558929e-05 1.10404204e-04 1.30819907e-04 1.52670207e-04 1.76020865e-04 2.00935092e-04 2.27472254e-04 2.55686370e-04 2.85624400e-04 3.17324328e-04 3.50813024e-04 3.86103934e-04 4.23194607e-04 4.62064107e-04 5.02670399e-04 5.44947764e-04 5.88804381e-04 6.34120193e-04 6.80745208e-04 7.28498400e-04 7.77167393e-04 8.26509079e-04 8.76251333e-04 9.26095957e-04 9.75722899e-04 1.02479580e-03 1.07296875e-03 1.11989418e-03 1.16523156e-03 1.20865660e-03 1.24987065e-03 1.28860969e-03 1.32465248e-03 1.35782751e-03 1.38801804e-03 1.41516511e-03 1.43926807e-03 1.46038248e-03 1.47861540e-03 1.49411804e-03 1.50707617e-03 1.51769865e-03 1.52620451e-03 1.53280947e-03 1.53771250e-03 1.54108327e-03 1.54305142e-03 1.54369824e-03 1.54305142e-03 1.54108327e-03 1.53771250e-03 1.53280947e-03 1.52620451e-03 1.51769865e-03 1.50707617e-03 1.49411804e-03 1.47861540e-03 1.46038248e-03 1.43926807e-03 1.41516511e-03 1.38801804e-03 1.35782751e-03 1.32465248e-03 1.28860969e-03 1.24987065e-03 1.20865660e-03 1.16523156e-03 1.11989418e-03 1.07296875e-03 1.02479580e-03 9.75722899e-04 9.26095957e-04 8.76251333e-04 8.26509079e-04 7.77167393e-04 7.28498400e-04 6.80745208e-04 6.34120193e-04 5.88804381e-04 5.44947764e-04 5.02670399e-04 4.62064107e-04 4.23194607e-04 3.86103934e-04 3.50813024e-04 3.17324328e-04 2.85624400e-04 2.55686370e-04 2.27472254e-04 2.00935092e-04 1.76020865e-04 1.52670207e-04 1.30819907e-04 1.10404204e-04 9.13558929e-05 7.36072567e-05 5.70908372e-05 4.17400637e-05 2.74897567e-05 1.42765224e-05 2.03905297e-06 -9.28165402e-06 -1.97421433e-05 -2.93964064e-05 -3.82958330e-05 -4.64892002e-05 -5.40226922e-05 -6.09399450e-05 -6.72821091e-05 -7.30879267e-05 -7.83938197e-05 -8.32339845e-05 -8.76404918e-05 -9.16433886e-05 -9.52708015e-05 -9.85490386e-05 -1.01502691e-04 -1.04154732e-04 -1.06526609e-04 -1.08638341e-04 -1.10508601e-04 -1.12154806e-04 -1.13593191e-04 -1.14838889e-04 -1.15906002e-04 -1.16807668e-04 -1.17556126e-04 -1.18162775e-04 -1.18638230e-04 -1.18992376e-04 -1.19234416e-04 -1.19372920e-04 -1.19415865e-04 -1.19370677e-04 -1.19244269e-04 -1.19043075e-04 -1.18773083e-04 -1.18439868e-04 -1.18048617e-04 -1.17604157e-04 -1.17110980e-04 -1.16573266e-04 -1.15994904e-04 -1.15379511e-04 -1.14730454e-04 -1.14050862e-04 -1.13343648e-04 -1.12611518e-04
-2.82416285e-04 -8.12819450e-05 -5.51047532e-05 -4.58546625e-05 -3.67976761e-05 -2.69811483e-05 -1.63264369e-05 -4.77596563e-06 7.73053955e-06 2.12561283e-05 3.58664888e-05 5.16297392e-05 6.86161355e-05 8.68976788e-05 1.06547608e-04 1.27639755e-04 1.50247750e-04 1.74444054e-04 2.00298792e-04 2.27878385e-04 2.57243950e-04 2.88449466e-04 3.21539696e-04 3.56547872e-04 3.93493162e-04 4.32377938e-04 4.73184916e-04 5.15874210e-04 5.60380421e-04 6.06609866e-04 6.54438088e-04 7.03707834e-04 7.54227664e-04 8.05771408e-04 8.58078657e-04 9.10856466e-04 9.63782432e-04 1.01650923e-03 1.06867062e-03 1.11988891e-03 1.16978368e-03 1.21798146e-03 1.26412610e-03 1.30788931e-03 1.34898082e-03 1.38715774e-03 1.42223235e-03 1.45407805e-03 1.48263285e-03 1.50790006e-03 1.52994616e-03 1.54889549e-03 1.56492213e-03 1.57823914e-03 1.58908557e-03 1.59771190e-03 1.60436473e-03 1.60927147e-03 1.61262608e-03 1.61457676e-03 1.61521643e-03 1.61457676e-03 1.61262608e-03 1.60927147e-03 1.60436473e-03 1.59771190e-03 1.58908557e-03 1.57823914e-03 1.56492213e-03 1.54889549e-03 1.52994616e-03 1.50790006e-03 1.48263285e-03 1.45407805e-03 1.42223235e-03 1.38715774e-03 1.34898082e-03 1.30788931e-03 1.26412610e-03 1.21798146e-03 1.16978368e-03 1.11988891e-03 1.06867062e-03 1.01650923e-03 9.63782432e-04 9.10856466e-04 8.58078657e-04 8.05771408e-04 7.54227664e-04 7.03707834e-04 6.54438088e-04 6.06609866e-04 5.60380421e-04 5.15874210e-04 4.73184916e-04 4.32377938e-04 3.93493162e-04 3.56547872e-04 3.21539696e-04 2.88449466e-04 2.57243950e-04 2.27878385e-04 2.00298792e-04 1.74444054e-04 1.50247750e-04 1.27639755e-04 1.06547608e-04 8.68976788e-05 6.86161355e-05 5.16297392e-05 3.58664888e-05 2.12561283e-05 7.73053955e-06 -4.77596563e-06 -1.63264369e-05 -2.69811481e-05 -3.67975173e-05 -4.58300763e-05 -5.41304772e-05 -6.17475307e-05 -6.87272679e-05 -7.51130209e-05 -8.09455163e-05 -8.62629791e-05 -9.11012425e-05 -9.54938613e-05 -9.94722275e-05 -1.03065685e-04 -1.06301645e-04 -1.09205692e-04 -1.11801701e-04 -1.14111933e-04 -1.16157137e-04 -1.17956650e-04 -1.19528483e-04 -1.20889407e-04 -1.22055039e-04 -1.23039914e-04 -1.23857561e-04 -1.24520567e-04 -1.25040644e-04 -1.25428691e-04 -1.25694841e-04 -1.25848523e-04 -1.25898507e-04 -1.25852948e-04 -1.25719430e-04 -1.25505007e-04 -1.25216237e-04 -1.24859217e-04 -1.24439619e-04 -1.23962714e-04 -1.23433403e-04 -1.22856241e-04 -1.22235464e-04 -1.21575008e-04 -1.20878530e-04 -1.20149431e-04 -1.19390868e-04 -1.18605775e-04 -1.17796879e-04
-2.89943831e-04 -9.14677688e-05 -6.34067128e-05 -5.39482353e-05 -4.47670319e-05 -3.48005505e-05 -2.39633290e-05 -1.21941805e-05 5.71076512e-07 1.43997449e-05 2.93621297e-05 4.55313441e-05 6.29830289e-05 8.17949654e-05 1.02046566e-04 1.23818222e-04 1.47190481e-04 1.72243048e-04 1.99053563e-04 2.27696155e-04 2.58239744e-04 2.90746077e-04 3.25267487e-04 3.61844384e-04 4.00502482e-04 4.41249797e-04 4.84073470e-04 5.28936477e-04 5.75774340e-04 6.24491959e-04 6.74960728e-04 7.27016130e-04 7.80456004e-04 8.35039733e-04 8.90488558e-04 9.46487252e-04 1.00268731e-03 1.05871181e-03 1.11416192e-03 1.16862514e-03 1.22168488e-03 1.27293135e-03 1.32197310e-03 1.36844895e-03 1.41203945e-03 1.45247755e-03 1.48955749e-03 1.52314167e-03 1.55316470e-03 1.57963446e-03 1.60262970e-03 1.62229432e-03 1.63882827e-03 1.65247546e-03 1.66350915e-03 1.67221549e-03 1.67887613e-03 1.68375081e-03 1.68706110e-03 1.68897632e-03 1.68960266e-03 1.68897632e-03 1.68706110e-03 1.68375081e-03 1.67887613e-03 1.67221549e-03 1.66350915e-03 1.65247546e-03 1.63882827e-03 1.62229432e-03 1.60262970e-03 1.57963446e-03 1.55316470e-03 1.52314167e-03 1.48955749e-03 1.45247755e-03 1.41203945e-03 1.36844895e-03 1.32197310e-03 1.27293135e-03 1.22168488e-03 1.16862514e-03 1.11416192e-03 1.05871181e-03 1.00268731e-03 9.46487252e-04 8.90488558e-04 8.35039733e-04 7.80456004e-04 7.27016130e-04 6.74960728e-04 6.24491959e-04 5.75774340e-04 5.28936477e-04 4.84073470e-04 4.41249797e-04 4.00502482e-04 3.61844384e-04 3.25267487e-04 2.90746077e-04 2.58239744e-04 2.27696155e-04 1.99053563e-04 1.72243048e-04 1.47190481e-04 1.23818222e-04 1.02046566e-04 8.17949654e-05 6.29830289e-05 4.55313441e-05 2.93621297e-05 1.43997449e-05 5.71076512e-07 -1.21941805e-05 -2.39633290e-05 -3.48005502e-05 -4.47668431e-05 -5.39200136e-05 -6.23147022e-05 -7.00024424e-05 -7.70317424e-05 -8.34481843e-05 -8.92945371e-05 -9.46108767e-05 -9.94347122e-05 -1.03801115e-04 -1.07742848e-04 -1.11290493e-04 -1.14472578e-04 -1.17315697e-04 -1.19844632e-04 -1.22082462e-04 -1.24050674e-04 -1.25769266e-04 -1.27256843e-04 -1.28530713e-04 -1.29606971e-04 -1.30500582e-04 -1.31225459e-04 -1.31794534e-04 -1.32219828e-04 -1.32512512e-04 -1.32682965e-04 -1.32740834e-04 -1.32695081e-04 -1.32554033e-04 -1.32325424e-04 -1.32016443e-04 -1.31633764e-04 -1.31183589e-04 -1.30671676e-04 -1.30103377e-04 -1.29483658e-04 -1.28817133e-04 -1.28108086e-04 -1.27360495e-04 -1.26578051e-04 -1.25764182e-04 -1.24922069e-04 -1.24054663e-04 -1.23164703e-04
-2.97522167e-04 -1.02181410e-04 -7.22772577e-05 -6.26239312e-05 -5.33325220e-05 -4.32298952e-05 -3.22235834e-05 -2.02486339e-05 -7.23677809e-06 6.88374884e-06 2.21881097e-05 3.87546906e-05 5.66648347e-05 7.60024655e-05 9.68535804e-05 1.19305590e-04 1.43446484e-04 1.69363785e-04 1.97143286e-04 2.26867525e-04 2.58613984e-04 2.92452990e-04 3.28445309e-04 3.66639423e-04 4.07068512e-04 4.49747147e-04 4.94667777e-04 5.41797057e-04 5.91072134e-04 6.42397043e-04 6.95639368e-04 7.50627397e-04 8.07147994e-04 8.64945454e-04 9.23721603e-04 9.83137389e-04 1.04281619e-03 1.10234897e-03 1.16130139e-03 1.21922276e-03 1.27565674e-03 1.33015341e-03 1.38228224e-03 1.43164550e-03 1.47789130e-03 1.52072560e-03 1.55992249e-03 1.59533206e-03 1.62688518e-03 1.65459481e-03 1.67855359e-03 1.69892746e-03 1.71594558e-03 1.72988674e-03 1.74106292e-03 1.74980072e-03 1.75642154e-03 1.76122186e-03 1.76445465e-03 1.76631328e-03 1.76691904e-03 1.76631328e-03 1.76445465e-03 1.76122186e-03 1.75642154e-03 1.74980072e-03 1.74106292e-03 1.72988674e-03 1.71594558e-03 1.69892746e-03 1.67855359e-03 1.65459481e-03 1.62688518e-03 1.59533206e-03 1.55992249e-03 1.52072560e-03 1.47789130e-03 1.43164550e-03 1.38228224e-03 1.33015341e-03 1.27565674e-03 1.21922276e-03 1.16130139e-03 1.10234897e-03 1.04281619e-03 9.83137389e-04 9.23721603e-04 8.64945454e-04 8.07147994e-04 7.50627397e-04 6.95639368e-04 6.42397043e-04 5.91072134e-04 5.41797057e-04 4.94667777e-04 4.49747147e-04 4.07068512e-04 3.66639423e-04 3.28445309e-04 2.92452990e-04 2.58613984e-04 2.26867525e-04 1.97143286e-04 1.69363785e-04 1.43446484e-04 1.19305590e-04 9.68535804e-05 7.60024655e-05 5.66648347e-05 3.87546906e-05 2.21881097e-05 6.88374884e-06 -7.23677809e-06 -2.02486339e-05 -3.22235834e-05 -4.32298949e-05 -5.33323023e-05 -6.25920175e-05 -7.10667809e-05 -7.88109432e-05 -8.58755686e-05 -9.23085560e-05 -9.81547708e-05 -1.03456185e-04 -1.08252020e-04 -1.12578892e-04 -1.16470959e-04 -1.19960057e-04 -1.23075844e-04 -1.25845933e-04 -1.28296019e-04 -1.30450001e-04 -1.32330105e-04 -1.33956988e-04 -1.35349850e-04 -1.36526528e-04 -1.37503590e-04 -1.38296426e-04 -1.38919328e-04 -1.39385565e-04 -1.39707457e-04 -1.39896442e-04 -1.39963136e-04 -1.39917395e-04 -1.39768366e-04 -1.39524539e-04 -1.39193793e-04 -1.38783440e-04 -1.38300264e-04 -1.37750562e-04 -1.37140175e-04 -1.36474524e-04 -1.35758636e-04 -1.34997175e-04 -1.34194468e-04 -1.33354525e-04 -1.32481069e-04 -1.31577547e-04 -1.30647157e-04 -1.29692862e-04 -1.28717409e-04
-3.05060639e-04 -1.13398045e-04 -8.17194907e-05 -7.18898035e-05 -6.25062903e-05 -5.22857017e-05 -4.11284288e-05 -2.89656176e-05 -1.57247512e-05 -1.32941197e-06 1.43006446e-05 3.12493388e-05 4.96040199e-05 6.94551044e-05 9.08955767e-05 1.14020328e-04 1.38925303e-04 1.65706435e-04 1.94458321e-04 2.25272631e-04 2.58236199e-04 2.93428795e-04 3.30920536e-04 3.70768947e-04 4.13015672e-04 4.57682855e-04 5.04769248e-04 5.54246125e-04 6.06053104e-04 6.60094043e-04 7.16233198e-04 7.74291868e-04 8.34045806e-04 8.95223680e-04 9.57506894e-04 1.02053107e-03 1.08388941e-03 1.14713820e-03 1.20980449e-03 1.27139590e-03 1.33141248e-03 1.38936009e-03 1.44476505e-03 1.49718912e-03 1.54624434e-03 1.59160665e-03 1.63302765e-03 1.67034367e-03 1.70348136e-03 1.73245941e-03 1.75738602e-03 1.77845192e-03 1.79591913e-03 1.81010577e-03 1.82136756e-03 1.83007676e-03 1.83659982e-03 1.84127486e-03 1.84439047e-03 1.84616733e-03 1.84674388e-03 1.84616733e-03 1.84439047e-03 1.84127486e-03 1.83659982e-03 1.83007676e-03 1.82136756e-03 1.81010577e-03 1.79591913e-03 1.77845192e-03 1.75738602e-03 1.73245941e-03 1.70348136e-03 1.67034367e-03 1.63302765e-03 1.59160665e-03 1.54624434e-03 1.49718912e-03 1.44476505e-03 1.38936009e-03 1.33141248e-03 1.27139590e-03 1.20980449e-03 1.14713820e-03 1.08388941e-03 1.02053107e-03 9.57506894e-04 8.95223680e-04 8.34045806e-04 7.74291868e-04 7.16233198e-04 6.60094043e-04 6.06053104e-04 5.54246125e-04 5.04769248e-04 4.57682855e-04 4.13015672e-04 3.70768947e-04 3.30920536e-04 2.93428795e-04 2.58236199e-04 2.25272631e-04 1.94458321e-04 1.65706435e-04 1.38925303e-04 1.14020328e-04 9.08955767e-05 6.94551044e-05 4.96040199e-05 3.12493388e-05 1.43006446e-05 -1.32941197e-06 -1.57247512e-05 -2.89656176e-05 -4.11284288e-05 -5.22857013e-05 -6.25060394e-05 -7.18541740e-05 -8.03910392e-05 -8.81738793e-05 -9.52563770e-05 -1.01688797e-04 -1.07518141e-04 -1.12788306e-04 -1.17540248e-04 -1.21812145e-04 -1.25639557e-04 -1.29055582e-04 -1.32091012e-04 -1.34774472e-04 -1.37132568e-04 -1.39190016e-04 -1.40969768e-04 -1.42493136e-04 -1.43779899e-04 -1.44848415e-04 -1.45715714e-04 -1.46397599e-04 -1.46908726e-04 -1.47262690e-04 -1.47472098e-04 -1.47548643e-04 -1.47503164e-04 -1.47345716e-04 -1.47085618e-04 -1.46731511e-04 -1.46291407e-04 -1.45772731e-04 -1.45182368e-04 -1.44526698e-04 -1.43811635e-04 -1.43042659e-04 -1.42224850e-04 -1.41362912e-04 -1.40461206e-04 -1.39523769e-04 -1.38554343e-04 -1.37556389e-04 -1.36533116e-04 -1.35487491e-04 -1.34422261e-04
-3.04969385e-04 -1.22080535e-04 -8.95272286e-05 -7.97842775e-05 -7.05576418e-05 -6.04891497e-05 -4.94745385e-05 -3.74426877e-05 -2.43185383e-05 -1.00228014e-05 5.52799928e-06 2.24214063e-05 4.07488122e-05 6.06051259e-05 8.20882988e-05 1.05298683e-04 1.30338190e-04 1.57309227e-04 1.86313363e-04 2.17449701e-04 2.50812925e-04 2.86490980e-04 3.24562378e-04 3.65093105e-04 4.08133127e-04 4.53712536e-04 5.01837355e-04 5.52485102e-04 6.05600221e-04 6.61089532e-04 7.18817921e-04 7.78604508e-04 8.40219588e-04 9.03382679e-04 9.67762012e-04 1.03297579e-03 1.09859556e-03 1.16415182e-03 1.22914214e-03 1.29304168e-03 1.35531588e-03 1.41543512e-03 1.47289059e-03 1.52721091e-03 1.57797834e-03 1.62484405e-03 1.66754115e-03 1.70589487e-03 1.73982899e-03 1.76936797e-03 1.79463437e-03 1.81584145e-03 1.83328092e-03 1.84730642e-03 1.85831314e-03 1.86671472e-03 1.87291841e-03 1.87730016e-03 1.88018102e-03 1.88180655e-03 1.88233088e-03 1.88180655e-03 1.88018102e-03 1.87730016e-03 1.87291841e-03 1.86671472e-03 1.85831314e-03 1.84730642e-03 1.83328092e-03 1.81584145e-03 1.79463437e-03 1.76936797e-03 1.73982899e-03 1.70589487e-03 1.66754115e-03 1.62484405e-03 1.57797834e-03 1.52721091e-03 1.47289059e-03 1.41543512e-03 1.35531588e-03 1.29304168e-03 1.22914214e-03 1.16415182e-03 1.09859556e-03 1.03297579e-03 9.67762012e-04 9.03382679e-04 8.40219588e-04 7.78604508e-04 7.18817921e-04 6.61089532e-04 6.05600221e-04 5.52485102e-04 5.01837355e-04 4.53712536e-04 4.08133127e-04 3.65093105e-04 3.24562378e-04 2.86490980e-04 2.50812925e-04 2.17449701e-04 1.86313363e-04 1.57309227e-04 1.30338190e-04 1.05298683e-04 8.20882988e-05 6.06051259e-05 4.07488122e-05 2.24214063e-05 5.52799928e-06 -1.00228014e-05 -2.43185383e-05 -3.74426877e-05 -4.94745385e-05 -6.04891492e-05 -7.05573663e-05 -7.97458908e-05 -8.81173828e-05 -9.57305923e-05 -1.02640511e-04 -1.08898538e-04 -1.14552651e-04 -1.19647587e-04 -1.24225019e-04 -1.28323732e-04 -1.31979801e-04 -1.35226752e-04 -1.38095731e-04 -1.40615658e-04 -1.42813373e-04 -1.44713779e-04 -1.46339972e-04 -1.47713371e-04 -1.48853832e-04 -1.49779759e-04 -1.50508210e-04 -1.51054990e-04 -1.51434743e-04 -1.51661039e-04 -1.51746444e-04 -1.51702603e-04 -1.51540298e-04 -1.51269519e-04 -1.50899515e-04 -1.50438853e-04 -1.49895467e-04 -1.49276703e-04 -1.48589363e-04 -1.47839744e-04 -1.47033676e-04 -1.46176557e-04 -1.45273381e-04 -1.44328772e-04 -1.43347007e-04 -1.42332044e-04 -1.41287543e-04 -1.40216890e-04 -1.39123216e-04 -1.38009413e-04 -1.36878155e-04
-3.04702294e-04 -1.30771513e-04 -9.75067199e-05 -8.78727163e-05 -7.88194482e-05 -6.89203284e-05 -5.80666399e-05 -4.61850099e-05 -3.31978408e-05 -1.90229626e-05 -3.57364228e-06 1.32413295e-05 3.15174561e-05 5.13542346e-05 7.28547108e-05 9.61248634e-05 1.21272782e-04 1.48407608e-04 1.77638196e-04 2.09071464e-04 2.42810386e-04 2.78951604e-04 3.17582614e-04 3.58778521e-04 4.02598350e-04 4.49080930e-04 4.98240393e-04 5.50061365e-04 6.04493970e-04 6.61448809e-04 7.20792130e-04 7.82341464e-04 8.45862047e-04 9.11064387e-04 9.77603359e-04 1.04507922e-03 1.11304085e-03 1.18099159e-03 1.24839774e-03 1.31469970e-03 1.37932578e-03 1.44170801e-03 1.50129957e-03 1.55759296e-03 1.61013802e-03 1.65855872e-03 1.70256783e-03 1.74197827e-03 1.77671049e-03 1.80679504e-03 1.83237007e-03 1.85367337e-03 1.87102916e-03 1.88483001e-03 1.89551455e-03 1.90354197e-03 1.90936460e-03 1.91340024e-03 1.91600584e-03 1.91745459e-03 1.91791801e-03 1.91745459e-03 1.91600584e-03 1.91340024e-03 1.90936460e-03 1.90354197e-03 1.89551455e-03 1.88483001e-03 1.87102916e-03 1.85367337e-03 1.83237007e-03 1.80679504e-03 1.77671049e-03 1.74197827e-03 1.70256783e-03 1.65855872e-03 1.61013802e-03 1.55759296e-03 1.50129957e-03 1.44170801e-03 1.37932578e-03 1.31469970e-03 1.24839774e-03 1.18099159e-03 1.11304085e-03 1.04507922e-03 9.77603359e-04 9.11064387e-04 8.45862047e-04 7.82341464e-04 7.20792130e-04 6.61448809e-04 6.04493970e-04 5.50061365e-04 4.98240393e-04 4.49080930e-04 4.02598350e-04 3.58778521e-04 3.17582614e-04 2.78951604e-04 2.42810386e-04 2.09071464e-04 1.77638196e-04 1.48407608e-04 1.21272782e-04 9.61248634e-05 7.28547108e-05 5.13542346e-05 3.15174561e-05 1.32413295e-05 -3.57364228e-06 -1.90229626e-05 -3.31978408e-05 -4.61850099e-05 -5.80666399e-05 -6.89203279e-05 -7.88191492e-05 -8.78317542e-05 -9.60225012e-05 -1.03451615e-04 -1.10175360e-04 -1.16246234e-04 -1.21713152e-04 -1.26621653e-04 -1.31014086e-04 -1.34929808e-04 -1.38405367e-04 -1.41474684e-04 -1.44169226e-04 -1.46518169e-04 -1.48548556e-04 -1.50285446e-04 -1.51752050e-04 -1.52969867e-04 -1.53958802e-04 -1.54737282e-04 -1.55322367e-04 -1.55729843e-04 -1.55974324e-04 -1.56069330e-04 -1.56027373e-04 -1.55860028e-04 -1.55578008e-04 -1.55191219e-04 -1.54708830e-04 -1.54139318e-04 -1.53490529e-04 -1.52769715e-04 -1.51983587e-04 -1.51138349e-04 -1.50239738e-04 -1.49293059e-04 -1.48303214e-04 -1.47274737e-04 -1.46211816e-04 -1.45118321e-04 -1.43997828e-04 -1.42853637e-04 -1.41688799e-04 -1.40506125e-04 -1.39308213e-04
-3.04253562e-04 -1.39450943e-04 -1.05651108e-04 -9.61494166e-05 -8.72864536e-05 -7.75744789e-05 -6.69005514e-05 -5.51890697e-05 -4.23599097e-05 -2.83280207e-05 -1.30033977e-05 3.70886978e-06 2.19084534e-05 4.16995232e-05 6.31903386e-05 8.64926626e-05 1.11720966e-04 1.38991379e-04 1.68420359e-04 2.00123017e-04 2.34211074e-04 2.70790397e-04 3.09958078e-04 3.51799037e-04 3.96382129e-04 4.43755762e-04 4.93943078e-04 5.46936748e-04 6.02693521e-04 6.61128687e-04 7.22110686e-04 7.85456155e-04 8.50925764e-04 9.18221232e-04 9.86983967e-04 1.05679575e-03 1.12718188e-03 1.19761707e-03 1.26753440e-03 1.33633720e-03 1.40341385e-03 1.46815500e-03 1.52997263e-03 1.58831995e-03 1.64271135e-03 1.69274104e-03 1.73809935e-03 1.77858551e-03 1.81411606e-03 1.84472803e-03 1.87057638e-03 1.89192563e-03 1.90913549e-03 1.92264125e-03 1.93292925e-03 1.94050885e-03 1.94588213e-03 1.94951313e-03 1.95179862e-03 1.95304240e-03 1.95343531e-03 1.95304240e-03 1.95179862e-03 1.94951313e-03 1.94588213e-03 1.94050885e-03 1.93292925e-03 1.92264125e-03 1.90913549e-03 1.89192563e-03 1.87057638e-03 1.84472803e-03 1.81411606e-03 1.77858551e-03 1.73809935e-03 1.69274104e-03 1.64271135e-03 1.58831995e-03 1.52997263e-03 1.46815500e-03 1.40341385e-03 1.33633720e-03 1.26753440e-03 1.19761707e-03 1.12718188e-03 1.05679575e-03 9.86983967e-04 9.18221232e-04 8.50925764e-04 7.85456155e-04 7.22110686e-04 6.61128687e-04 6.02693521e-04 5.46936748e-04 4.93943078e-04 4.43755762e-04 3.96382129e-04 3.51799037e-04 3.09958078e-04 2.70790397e-04 2.34211074e-04 2.00123017e-04 1.68420359e-04 1.38991379e-04 1.11720966e-04 8.64926626e-05 6.31903386e-05 4.16995232e-05 2.19084534e-05 3.70886978e-06 -1.30033977e-05 -2.83280207e-05 -4.23599097e-05 -5.51890697e-05 -6.69005514e-05 -7.75744784e-05 -8.72861326e-05 -9.61060848e-05 -1.04100357e-04 -1.11330609e-04 -1.17854340e-04 -1.23725099e-04 -1.28992700e-04 -1.33703436e-04 -1.37900293e-04 -1.41623153e-04 -1.44909001e-04 -1.47792111e-04 -1.50304231e-04 -1.52474759e-04 -1.54330907e-04 -1.55897857e-04 -1.57198903e-04 -1.58255593e-04 -1.59087854e-04 -1.59714112e-04 -1.60151401e-04 -1.60415470e-04 -1.60520874e-04 -1.60481070e-04 -1.60308491e-04 -1.60014630e-04 -1.59610108e-04 -1.59104739e-04 -1.58507591e-04 -1.57827041e-04 -1.57070832e-04 -1.56246113e-04 -1.55359491e-04 -1.54417067e-04 -1.53424476e-04 -1.52386920e-04 -1.51309203e-04 -1.50195760e-04 -1.49050683e-04 -1.47877747e-04 -1.46680436e-04 -1.45461962e-04 -1.44225286e-04 -1.42973138e-04 -1.41708031e-04
-3.03592077e-04 -1.48085788e-04 -1.13943056e-04 -1.04598970e-04 -9.59443928e-05 -8.64385996e-05 -7.59646988e-05 -6.44448996e-05 -5.17965806e-05 -3.79318283e-05 -2.27573692e-05 -6.17457746e-06 1.19204241e-05 3.16365432e-05 5.30873507e-05 7.63905319e-05 1.01667122e-04 1.29040481e-04 1.58634969e-04 1.90574262e-04 2.24979276e-04 2.61965637e-04 3.01640658e-04 3.44099787e-04 3.89422515e-04 4.37667723e-04 4.88868524e-04 5.43026647e-04 6.00106505e-04 6.60029094e-04 7.22665998e-04 7.87833778e-04 8.55289157e-04 9.24725416e-04 9.95770489e-04 1.06798726e-03 1.14087652e-03 1.21388294e-03 1.28640442e-03 1.35780475e-03 1.42742950e-03 1.49462471e-03 1.55875771e-03 1.61923903e-03 1.67554438e-03 1.72723533e-03 1.77397750e-03 1.81555491e-03 1.85187955e-03 1.88299519e-03 1.90907495e-03 1.93041235e-03 1.94740587e-03 1.96053748e-03 1.97034589e-03 1.97739565e-03 1.98224366e-03 1.98540508e-03 1.98732069e-03 1.98832822e-03 1.98863994e-03 1.98832822e-03 1.98732069e-03 1.98540508e-03 1.98224366e-03 1.97739565e-03 1.97034589e-03 1.96053748e-03 1.94740587e-03 1.93041235e-03 1.90907495e-03 1.88299519e-03 1.85187955e-03 1.81555491e-03 1.77397750e-03 1.72723533e-03 1.67554438e-03 1.61923903e-03 1.55875771e-03 1.49462471e-03 1.42742950e-03 1.35780475e-03 1.28640442e-03 1.21388294e-03 1.14087652e-03 1.06798726e-03 9.95770489e-04 9.24725416e-04 8.55289157e-04 7.87833778e-04 7.22665998e-04 6.60029094e-04 6.00106505e-04 5.43026647e-04 4.88868524e-04 4.37667723e-04 3.89422515e-04 3.44099787e-04 3.01640658e-04 2.61965637e-04 2.24979276e-04 1.90574262e-04 1.58634969e-04 1.29040481e-04 1.01667122e-04 7.63905319e-05 5.30873507e-05 3.16365432e-05 1.19204241e-05 -6.17457746e-06 -2.27573692e-05 -3.79318283e-05 -5.17965806e-05 -6.44448996e-05 -7.59646988e-05 -8.64385990e-05 -9.59440515e-05 -1.04553503e-04 -1.12334591e-04 -1.19350360e-04 -1.25659491e-04 -1.31316531e-04 -1.36372138e-04 -1.40873311e-04 -1.44863617e-04 -1.48383419e-04 -1.51470086e-04 -1.54158201e-04 -1.56479752e-04 -1.58464315e-04 -1.60139233e-04 -1.61529772e-04 -1.62659276e-04 -1.63549310e-04 -1.64219792e-04 -1.64689115e-04 -1.64974263e-04 -1.65090919e-04 -1.65053561e-04 -1.64875555e-04 -1.64569239e-04 -1.64146003e-04 -1.63616359e-04 -1.62990008e-04 -1.62275905e-04 -1.61482314e-04 -1.60616858e-04 -1.59686573e-04 -1.58697950e-04 -1.57656974e-04 -1.56569169e-04 -1.55439626e-04 -1.54273040e-04 -1.53073739e-04 -1.51845712e-04 -1.50592633e-04 -1.49317887e-04 -1.48024591e-04 -1.46715612e-04 -1.45393590e-04 -1.44060952e-04
-3.02653830e-04 -1.56622364e-04 -1.22347941e-04 -1.13189616e-04 -1.04763467e-04 -9.54850689e-05 -8.52339106e-05 -7.39300779e-05 -6.14885089e-05 -4.78184749e-05 -3.28234693e-05 -1.64011695e-05 1.55650908e-06 2.11632404e-05 4.25379673e-05 6.58043974e-05 9.10902779e-05 1.18526401e-04 1.48245296e-04 1.80379547e-04 2.15059689e-04 2.52411624e-04 2.92553501e-04 3.35592018e-04 3.81618128e-04 4.30702111e-04 4.82888069e-04 5.38187885e-04 5.96574766e-04 6.57976556e-04 7.22269072e-04 7.89269780e-04 8.58732247e-04 9.30341835e-04 1.00371317e-03 1.07838997e-03 1.15384773e-03 1.22949975e-03 1.30470685e-03 1.37879078e-03 1.45105135e-03 1.52078667e-03 1.58731585e-03 1.65000313e-03 1.70828210e-03 1.76167864e-03 1.80983122e-03 1.85250695e-03 1.88961252e-03 1.92119870e-03 1.94745810e-03 1.96871564e-03 1.98541192e-03 1.99807989e-03 2.00731551e-03 2.01374389e-03 2.01798223e-03 2.02060198e-03 2.02209255e-03 2.02282922e-03 2.02304794e-03 2.02282922e-03 2.02209255e-03 2.02060198e-03 2.01798223e-03 2.01374389e-03 2.00731551e-03 1.99807989e-03 1.98541192e-03 1.96871564e-03 1.94745810e-03 1.92119870e-03 1.88961252e-03 1.85250695e-03 1.80983122e-03 1.76167864e-03 1.70828210e-03 1.65000313e-03 1.58731585e-03 1.52078667e-03 1.45105135e-03 1.37879078e-03 1.30470685e-03 1.22949975e-03 1.15384773e-03 1.07838997e-03 1.00371317e-03 9.30341835e-04 8.58732247e-04 7.89269780e-04 7.22269072e-04 6.57976556e-04 5.96574766e-04 5.38187885e-04 4.82888069e-04 4.30702111e-04 3.81618128e-04 3.35592018e-04 2.92553501e-04 2.52411624e-04 2.15059689e-04 1.80379547e-04 1.48245296e-04 1.18526401e-04 9.10902779e-05 6.58043974e-05 4.25379673e-05 2.11632404e-05 1.55650908e-06 -1.64011695e-05 -3.28234693e-05 -4.78184749e-05 -6.14885089e-05 -7.39300779e-05 -8.52339106e-05 -9.54850682e-05 -1.04763108e-04 -1.13142284e-04 -1.20691780e-04 -1.27475954e-04 -1.33554594e-04 -1.38983180e-04 -1.43813143e-04 -1.48092118e-04 -1.51864194e-04 -1.55170149e-04 -1.58047681e-04 -1.60531625e-04 -1.62654155e-04 -1.64444978e-04 -1.65931518e-04 -1.67139084e-04 -1.68091027e-04 -1.68808892e-04 -1.69312549e-04 -1.69620327e-04 -1.69749130e-04 -1.69714543e-04 -1.69530940e-04 -1.69211573e-04 -1.68768659e-04 -1.68213462e-04 -1.67556366e-04 -1.66806943e-04 -1.65974015e-04 -1.65065714e-04 -1.64089532e-04 -1.63052376e-04 -1.61960606e-04 -1.60820084e-04 -1.59636207e-04 -1.58413946e-04 -1.57157878e-04 -1.55872215e-04 -1.54560834e-04 -1.53227300e-04 -1.51874892e-04 -1.50506625e-04 -1.49125267e-04 -1.47733361e-04 -1.46333242e-04
-3.01512793e-04 -1.65074936e-04 -1.30882820e-04 -1.21937012e-04 -1.13757345e-04 -1.04725394e-04 -9.47173657e-05 -8.36512798e-05 -7.14396814e-05 -5.79890643e-05 -4.31997140e-05 -2.69656193e-05 -9.17447484e-06 1.02921999e-05 3.15587932e-05 5.47551500e-05 8.00158921e-05 1.07479465e-04 1.37286856e-04 1.69579921e-04 2.04499271e-04 2.42181631e-04 2.82756644e-04 3.26343027e-04 3.73044072e-04 4.22942452e-04 4.76094351e-04 5.32522975e-04 5.92211550e-04 6.55096002e-04 7.21057561e-04 7.89915667e-04 8.61421594e-04 9.35253354e-04 1.01101245e-03 1.08822312e-03 1.16633472e-03 1.24472766e-03 1.32272355e-03 1.39959934e-03 1.47460576e-03 1.54698919e-03 1.61601652e-03 1.68100161e-03 1.74133199e-03 1.79649442e-03 1.84609736e-03 1.88988910e-03 1.92777008e-03 1.95979833e-03 1.98618734e-03 2.00729608e-03 2.02361100e-03 2.03572072e-03 2.04428399e-03 2.04999243e-03 2.05352968e-03 2.05552940e-03 2.05653480e-03 2.05696278e-03 2.05707560e-03 2.05696278e-03 2.05653480e-03 2.05552940e-03 2.05352968e-03 2.04999243e-03 2.04428399e-03 2.03572072e-03 2.02361100e-03 2.00729608e-03 1.98618734e-03 1.95979833e-03 1.92777008e-03 1.88988910e-03 1.84609736e-03 1.79649442e-03 1.74133199e-03 1.68100161e-03 1.61601652e-03 1.54698919e-03 1.47460576e-03 1.39959934e-03 1.32272355e-03 1.24472766e-03 1.16633472e-03 1.08822312e-03 1.01101245e-03 9.35253354e-04 8.61421594e-04 7.89915667e-04 7.21057561e-04 6.55096002e-04 5.92211550e-04 5.32522975e-04 4.76094351e-04 4.22942452e-04 3.73044072e-04 3.26343027e-04 2.82756644e-04 2.42181631e-04 2.04499271e-04 1.69579921e-04 1.37286856e-04 1.07479465e-04 8.00158921e-05 5.47551500e-05 3.15587932e-05 1.02921999e-05 -9.17447484e-06 -2.69656193e-05 -4.31997140e-05 -5.79890643e-05 -7.14396814e-05 -8.36512798e-05 -9.47173657e-05 -1.04725393e-04 -1.13756969e-04 -1.21888100e-04 -1.29189451e-04 -1.35726630e-04 -1.41560471e-04 -1.46747322e-04 -1.51339324e-04 -1.55384692e-04 -1.58927976e-04 -1.62010317e-04 -1.64669688e-04 -1.66941124e-04 -1.68856941e-04 -1.70446931e-04 -1.71738558e-04 -1.72757133e-04 -1.73525980e-04 -1.74066586e-04 -1.74398745e-04 -1.74540690e-04 -1.74509215e-04 -1.74319785e-04 -1.73986644e-04 -1.73522905e-04 -1.72940647e-04 -1.72250988e-04 -1.71464166e-04 -1.70589605e-04 -1.69635979e-04 -1.68611275e-04 -1.67522842e-04 -1.66377441e-04 -1.65181294e-04 -1.63940126e-04 -1.62659200e-04 -1.61343357e-04 -1.59997047e-04 -1.58624358e-04 -1.57229048e-04 -1.55814566e-04 -1.54384079e-04 -1.52940493e-04 -1.51486473e-04 -1.50024461e-04 -1.48556693e-04
-3.00163738e-04 -1.73421003e-04 -1.39536056e-04 -1.30830567e-04 -1.22915714e-04 -1.14149587e-04 -1.04405488e-04 -9.35994367e-05 -8.16416452e-05 -6.84358815e-05 -5.38792624e-05 -3.78621118e-05 -2.02679065e-05 -9.73335989e-07 2.01514904e-05 4.32426512e-05 6.84417904e-05 9.58952124e-05 1.25752637e-04 1.58165552e-04 1.93285089e-04 2.31259355e-04 2.72230151e-04 3.16329003e-04 3.63672460e-04 4.14356629e-04 4.68450935e-04 5.25991163e-04 5.86971891e-04 6.51338476e-04 7.18978887e-04 7.89715744e-04 8.63299049e-04 9.39400179e-04 1.01760782e-03 1.09742654e-03 1.17827869e-03 1.25951036e-03 1.34040169e-03 1.42018194e-03 1.49804919e-03 1.57319406e-03 1.64482685e-03 1.71220655e-03 1.77467041e-03 1.83166218e-03 1.88275721e-03 1.92768277e-03 1.96633200e-03 1.99877034e-03 2.02523368e-03 2.04611776e-03 2.06195892e-03 2.07340654e-03 2.08118813e-03 2.08606835e-03 2.08880402e-03 2.09009748e-03 2.09055149e-03 2.09062910e-03 2.09062180e-03 2.09062910e-03 2.09055149e-03 2.09009748e-03 2.08880402e-03 2.08606835e-03 2.08118813e-03 2.07340654e-03 2.06195892e-03 2.04611776e-03 2.02523368e-03 1.99877034e-03 1.96633200e-03 1.92768277e-03 1.88275721e-03 1.83166218e-03 1.77467041e-03 1.71220655e-03 1.64482685e-03 1.57319406e-03 1.49804919e-03 1.42018194e-03 1.34040169e-03 1.25951036e-03 1.17827869e-03 1.09742654e-03 1.01760782e-03 9.39400179e-04 8.63299049e-04 7.89715744e-04 7.18978887e-04 6.51338476e-04 5.86971891e-04 5.25991163e-04 4.68450935e-04 4.14356629e-04 3.63672460e-04 3.16329003e-04 2.72230151e-04 2.31259355e-04 1.93285089e-04 1.58165552e-04 1.25752637e-04 9.58952124e-05 6.84417904e-05 4.32426512e-05 2.01514904e-05 -9.73335989e-07 -2.02679065e-05 -3.78621118e-05 -5.38792624e-05 -6.84358815e-05 -8.16416452e-05 -9.35994367e-05 -1.04405488e-04 -1.14149586e-04 -1.22915324e-04 -1.30780388e-04 -1.37816855e-04 -1.44091511e-04 -1.49666166e-04 -1.54597964e-04 -1.58939693e-04 -1.62740080e-04 -1.66044073e-04 -1.68893118e-04 -1.71325406e-04 -1.73376122e-04 -1.75077670e-04 -1.76459881e-04 -1.77550217e-04 -1.78373950e-04 -1.78954335e-04 -1.79312768e-04 -1.79468933e-04 -1.79440937e-04 -1.79245434e-04 -1.78897742e-04 -1.78411949e-04 -1.77801011e-04 -1.77076842e-04 -1.76250397e-04 -1.75331747e-04 -1.74330154e-04 -1.73254129e-04 -1.72111497e-04 -1.70909448e-04 -1.69654591e-04 -1.68352995e-04 -1.67010237e-04 -1.65631437e-04 -1.64221295e-04 -1.62784125e-04 -1.61323887e-04 -1.59844209e-04 -1.58348420e-04 -1.56839567e-04 -1.55320443e-04 -1.53793602e-04 -1.52261381e-04 -1.50725915e-04
-2.98601653e-04 -1.81637759e-04 -1.48294834e-04 -1.39858469e-04 -1.32226988e-04 -1.23746337e-04 -1.14287326e-04 -1.03764052e-04 -9.20844695e-05 -7.91496851e-05 -6.48537021e-05 -4.90832199e-05 -3.17175181e-05 -1.26284515e-05 8.31940995e-06 3.12684566e-05 5.63674815e-05 8.37708356e-05 1.13637233e-04 1.46128134e-04 1.81405635e-04 2.19629777e-04 2.60955194e-04 3.05527030e-04 3.53476042e-04 4.04912859e-04 4.59921374e-04 5.18551300e-04 5.80809998e-04 6.46653742e-04 7.15978709e-04 7.88612075e-04 8.64303750e-04 9.42719359e-04 1.02343522e-03 1.10593614e-03 1.18961675e-03 1.27378728e-03 1.35768415e-03 1.44048587e-03 1.52133408e-03 1.59935931e-03 1.67371049e-03 1.74358694e-03 1.80827091e-03 1.86715893e-03 1.91978978e-03 1.96586724e-03 2.00527590e-03 2.03808873e-03 2.06456553e-03 2.08514177e-03 2.10040796e-03 2.11107973e-03 2.11795980e-03 2.12189303e-03 2.12371678e-03 2.12420922e-03 2.12403904e-03 2.12372042e-03 2.12357734e-03 2.12372042e-03 2.12403904e-03 2.12420922e-03 2.12371678e-03 2.12189303e-03 2.11795980e-03 2.11107973e-03 2.10040796e-03 2.08514177e-03 2.06456553e-03 2.03808873e-03 2.00527590e-03 1.96586724e-03 1.91978978e-03 1.86715893e-03 1.80827091e-03 1.74358694e-03 1.67371049e-03 1.59935931e-03 1.52133408e-03 1.44048587e-03 1.35768415e-03 1.27378728e-03 1.18961675e-03 1.10593614e-03 1.02343522e-03 9.42719359e-04 8.64303750e-04 7.88612075e-04 7.15978709e-04 6.46653742e-04 5.80809998e-04 5.18551300e-04 4.59921374e-04 4.04912859e-04 3.53476042e-04 3.05527030e-04 2.60955194e-04 2.19629777e-04 1.81405635e-04 1.46128134e-04 1.13637233e-04 8.37708356e-05 5.63674815e-05 3.12684566e-05 8.31940995e-06 -1.26284515e-05 -3.17175181e-05 -4.90832199e-05 -6.48537021e-05 -7.91496851e-05 -9.20844695e-05 -1.03764052e-04 -1.14287326e-04 -1.23746336e-04 -1.32226587e-04 -1.39807362e-04 -1.46562071e-04 -1.52558599e-04 -1.57859650e-04 -1.62523091e-04 -1.66602281e-04 -1.70146390e-04 -1.73200699e-04 -1.75806891e-04 -1.78003320e-04 -1.79825261e-04 -1.81305155e-04 -1.82472824e-04 -1.83355680e-04 -1.83978912e-04 -1.84365669e-04 -1.84537218e-04 -1.84513097e-04 -1.84311255e-04 -1.83948177e-04 -1.83439008e-04 -1.82797653e-04 -1.82036887e-04 -1.81168439e-04 -1.80203078e-04 -1.79150693e-04 -1.78020363e-04 -1.76820422e-04 -1.75558518e-04 -1.74241670e-04 -1.72876319e-04 -1.71468371e-04 -1.70023244e-04 -1.68545905e-04 -1.67040905e-04 -1.65512415e-04 -1.63964254e-04 -1.62399918e-04 -1.60822605e-04 -1.59235239e-04 -1.57640492e-04 -1.56040804e-04 -1.54438400e-04 -1.52835309e-04
-2.96821773e-04 -1.89702183e-04 -1.57145122e-04 -1.49007629e-04 -1.41678249e-04 -1.33502942e-04 -1.24350475e-04 -1.14133120e-04 -1.02756655e-04 -9.01196079e-05 -7.61129406e-05 -6.06197859e-05 -4.35152662e-05 -2.46664175e-05 -3.93225470e-06 1.88359797e-05 4.37943333e-05 7.11053700e-05 1.00937037e-04 1.33461097e-04 1.68851041e-04 2.07279388e-04 2.48914289e-04 2.93915325e-04 3.42428440e-04 3.94579925e-04 4.50469430e-04 5.10162034e-04 5.73679430e-04 6.40990429e-04 7.12001040e-04 7.86544547e-04 8.64372137e-04 9.45144744e-04 1.02842696e-03 1.11368385e-03 1.20028169e-03 1.28749337e-03 1.37450927e-03 1.46045393e-03 1.54440856e-03 1.62543887e-03 1.70262739e-03 1.77510840e-03 1.84210405e-03 1.90295900e-03 1.95717162e-03 2.00441945e-03 2.04457709e-03 2.07772506e-03 2.10414862e-03 2.12432609e-03 2.13890672e-03 2.14867832e-03 2.15452579e-03 2.15738197e-03 2.15817285e-03 2.15776028e-03 2.15688589e-03 2.15612064e-03 2.15582456e-03 2.15612064e-03 2.15688589e-03 2.15776028e-03 2.15817285e-03 2.15738197e-03 2.15452579e-03 2.14867832e-03 2.13890672e-03 2.12432609e-03 2.10414862e-03 2.07772506e-03 2.04457709e-03 2.00441945e-03 1.95717162e-03 1.90295900e-03 1.84210405e-03 1.77510840e-03 1.70262739e-03 1.62543887e-03 1.54440856e-03 1.46045393e-03 1.37450927e-03 1.28749337e-03 1.20028169e-03 1.11368385e-03 1.02842696e-03 9.45144744e-04 8.64372137e-04 7.86544547e-04 7.12001040e-04 6.40990429e-04 5.73679430e-04 5.10162034e-04 4.50469430e-04 3.94579925e-04 3.42428440e-04 2.93915325e-04 2.48914289e-04 2.07279388e-04 1.68851041e-04 1.33461097e-04 1.00937037e-04 7.11053700e-05 4.37943333e-05 1.88359797e-05 -3.93225470e-06 -2.46664175e-05 -4.35152662e-05 -6.06197859e-05 -7.61129406e-05 -9.01196079e-05 -1.02756655e-04 -1.14133120e-04 -1.24350475e-04 -1.33502941e-04 -1.41677839e-04 -1.48955961e-04 -1.55411961e-04 -1.61114730e-04 -1.66127783e-04 -1.70509625e-04 -1.74314107e-04 -1.77590766e-04 -1.80385145e-04 -1.82739098e-04 -1.84691073e-04 -1.86276383e-04 -1.87527448e-04 -1.88474027e-04 -1.89143434e-04 -1.89560734e-04 -1.89748925e-04 -1.89729108e-04 -1.89520640e-04 -1.89141278e-04 -1.88607309e-04 -1.87933673e-04 -1.87134071e-04 -1.86221070e-04 -1.85206190e-04 -1.84099998e-04 -1.82912179e-04 -1.81651614e-04 -1.80326440e-04 -1.78944117e-04 -1.77511478e-04 -1.76034782e-04 -1.74519763e-04 -1.72971668e-04 -1.71395300e-04 -1.69795053e-04 -1.68174946e-04 -1.66538650e-04 -1.64889520e-04 -1.63230619e-04 -1.61564739e-04 -1.59894429e-04 -1.58222006e-04 -1.56549581e-04 -1.54879073e-04
-2.94816957e-04 -1.97589339e-04 -1.66070121e-04 -1.58262197e-04 -1.51253815e-04 -1.43403942e-04 -1.34579790e-04 -1.24691911e-04 -1.13644012e-04 -1.01332140e-04 -8.76443016e-05 -7.24601443e-05 -5.56506952e-05 -3.70782110e-05 -1.65961610e-05 5.95060881e-06 3.07254792e-05 5.78993668e-05 8.76496675e-05 1.20158750e-04 1.55611911e-04 1.94194685e-04 2.36089411e-04 2.81470946e-04 3.30501419e-04 3.83323960e-04 4.40055338e-04 5.00777516e-04 5.65528188e-04 6.34290462e-04 7.06981976e-04 7.83443865e-04 8.63430165e-04 9.46598399e-04 1.03250224e-03 1.12058726e-03 1.21019081e-03 1.30054706e-03 1.39079796e-03 1.48001073e-03 1.56720190e-03 1.65136740e-03 1.73151775e-03 1.80671654e-03 1.87612015e-03 1.93901626e-03 1.99485861e-03 2.04329540e-03 2.08418960e-03 2.11762919e-03 2.14392648e-03 2.16360593e-03 2.17738036e-03 2.18611611e-03 2.19078784e-03 2.19242478e-03 2.19205036e-03 2.19061879e-03 2.18895242e-03 2.18768519e-03 2.18721719e-03 2.18768519e-03 2.18895242e-03 2.19061879e-03 2.19205036e-03 2.19242478e-03 2.19078784e-03 2.18611611e-03 2.17738036e-03 2.16360593e-03 2.14392648e-03 2.11762919e-03 2.08418960e-03 2.04329540e-03 1.99485861e-03 1.93901626e-03 1.87612015e-03 1.80671654e-03 1.73151775e-03 1.65136740e-03 1.56720190e-03 1.48001073e-03 1.39079796e-03 1.30054706e-03 1.21019081e-03 1.12058726e-03 1.03250224e-03 9.46598399e-04 8.63430165e-04 7.83443865e-04 7.06981976e-04 6.34290462e-04 5.65528188e-04 5.00777516e-04 4.40055338e-04 3.83323960e-04 3.30501419e-04 2.81470946e-04 2.36089411e-04 1.94194685e-04 1.55611911e-04 1.20158750e-04 8.76496675e-05 5.78993668e-05 3.07254792e-05 5.95060881e-06 -1.65961610e-05 -3.70782110e-05 -5.56506952e-05 -7.24601443e-05 -8.76443016e-05 -1.01332140e-04 -1.13644012e-04 -1.24691911e-04 -1.34579790e-04 -1.43403941e-04 -1.51253399e-04 -1.58210365e-04 -1.64350628e-04 -1.69743995e-04 -1.74454692e-04 -1.78541774e-04 -1.82059497e-04 -1.85057682e-04 -1.87582058e-04 -1.89674579e-04 -1.91373722e-04 -1.92714770e-04 -1.93730066e-04 -1.94449253e-04 -1.94899497e-04 -1.95105691e-04 -1.95090640e-04 -1.94875237e-04 -1.94478623e-04 -1.93918328e-04 -1.93210411e-04 -1.92369578e-04 -1.91409299e-04 -1.90341905e-04 -1.89178692e-04 -1.87929997e-04 -1.86605286e-04 -1.85213222e-04 -1.83761731e-04 -1.82258067e-04 -1.80708865e-04 -1.79120191e-04 -1.77497591e-04 -1.75846133e-04 -1.74170448e-04 -1.72474761e-04 -1.70762930e-04 -1.69038473e-04 -1.67304596e-04 -1.65564219e-04 -1.63819999e-04 -1.62074352e-04 -1.60329471e-04 -1.58587347e-04 -1.56849782e-04
-2.92488701e-04 -2.05209585e-04 -1.74996498e-04 -1.67552032e-04 -1.60885724e-04 -1.53383865e-04 -1.44912684e-04 -1.35381162e-04 -1.24691083e-04 -1.12736159e-04 -9.94015945e-05 -8.45636857e-05 -6.80894933e-05 -4.98366049e-05 -2.96530291e-05 -7.37726576e-06 1.71613938e-05 4.41422723e-05 7.37523401e-05 1.06184789e-04 1.41637046e-04 1.80308115e-04 2.22395130e-04 2.68088995e-04 3.17568989e-04 3.70996248e-04 4.28506033e-04 4.90198771e-04 5.56129918e-04 6.26298793e-04 7.00636662e-04 7.78994504e-04 8.61131081e-04 9.46702119e-04 1.03525157e-03 1.12620611e-03 1.21887399e-03 1.31244957e-03 1.40602427e-03 1.49860485e-03 1.58913899e-03 1.67654783e-03 1.75976426e-03 1.83777523e-03 1.90966553e-03 1.97466052e-03 2.03216475e-03 2.08179383e-03 2.12339720e-03 2.15707008e-03 2.18315334e-03 2.20222080e-03 2.21505382e-03 2.22260369e-03 2.22594265e-03 2.22620509e-03 2.22452120e-03 2.22194670e-03 2.21939299e-03 2.21756366e-03 2.21690320e-03 2.21756366e-03 2.21939299e-03 2.22194670e-03 2.22452120e-03 2.22620509e-03 2.22594265e-03 2.22260369e-03 2.21505382e-03 2.20222080e-03 2.18315334e-03 2.15707008e-03 2.12339720e-03 2.08179383e-03 2.03216475e-03 1.97466052e-03 1.90966553e-03 1.83777523e-03 1.75976426e-03 1.67654783e-03 1.58913899e-03 1.49860485e-03 1.40602427e-03 1.31244957e-03 1.21887399e-03 1.12620611e-03 1.03525157e-03 9.46702119e-04 8.61131081e-04 7.78994504e-04 7.00636662e-04 6.26298793e-04 5.56129918e-04 4.90198771e-04 4.28506033e-04 3.70996248e-04 3.17568989e-04 2.68088995e-04 2.22395130e-04 1.80308115e-04 1.41637046e-04 1.06184789e-04 7.37523401e-05 4.41422723e-05 1.71613938e-05 -7.37726576e-06 -2.96530291e-05 -4.98366049e-05 -6.80894933e-05 -8.45636857e-05 -9.94015945e-05 -1.12736159e-04 -1.24691083e-04 -1.35381162e-04 -1.44912684e-04 -1.53383864e-04 -1.60885306e-04 -1.67500474e-04 -1.73306163e-04 -1.78372955e-04 -1.82765673e-04 -1.86543798e-04 -1.89761883e-04 -1.92469933e-04 -1.94713765e-04 -1.96535343e-04 -1.97973091e-04 -1.99062184e-04 -1.99834817e-04 -2.00320452e-04 -2.00546046e-04 -2.00536261e-04 -2.00313661e-04 -1.99898884e-04 -1.99310808e-04 -1.98566698e-04 -1.97682345e-04 -1.96672191e-04 -1.95549439e-04 -1.94326162e-04 -1.93013398e-04 -1.91621236e-04 -1.90158896e-04 -1.88634804e-04 -1.87056658e-04 -1.85431489e-04 -1.83765714e-04 -1.82065195e-04 -1.80335277e-04 -1.78580837e-04 -1.76806318e-04 -1.75015770e-04 -1.73212881e-04 -1.71401006e-04 -1.69583193e-04 -1.67762213e-04 -1.65940581e-04 -1.64120574e-04 -1.62304256e-04 -1.60493490e-04 -1.58689961e-04
-2.89928826e-04 -2.12600656e-04 -1.83956434e-04 -1.76907358e-04 -1.70601778e-04 -1.63467856e-04 -1.55371407e-04 -1.46219977e-04 -1.35913559e-04 -1.24343667e-04 -1.11392829e-04 -9.69341165e-05 -8.08307357e-05 -6.29356980e-05 -4.30916198e-05 -2.11306882e-05 3.12514644e-06 2.98636850e-05 5.92816196e-05 9.15832047e-05 1.26978351e-04 1.65680018e-04 2.07900778e-04 2.53848403e-04 3.03720346e-04 3.57696985e-04 4.15933535e-04 4.78550572e-04 5.45623203e-04 6.17169012e-04 6.93135042e-04 7.73384277e-04 8.57682248e-04 9.45684645e-04 1.03692701e-03 1.13081775e-03 1.22663586e-03 1.32353462e-03 1.42055258e-03 1.51663247e-03 1.61064843e-03 1.70144112e-03 1.78785945e-03 1.86880695e-03 1.94329018e-03 2.01046606e-03 2.06968482e-03 2.12052562e-03 2.16282224e-03 2.19667680e-03 2.22246032e-03 2.24079952e-03 2.25254973e-03 2.25875439e-03 2.26059198e-03 2.25931190e-03 2.25616157e-03 2.25230858e-03 2.24876287e-03 2.24630531e-03 2.24542977e-03 2.24630531e-03 2.24876287e-03 2.25230858e-03 2.25616157e-03 2.25931190e-03 2.26059198e-03 2.25875439e-03 2.25254973e-03 2.24079952e-03 2.22246032e-03 2.19667680e-03 2.16282224e-03 2.12052562e-03 2.06968482e-03 2.01046606e-03 1.94329018e-03 1.86880695e-03 1.78785945e-03 1.70144112e-03 1.61064843e-03 1.51663247e-03 1.42055258e-03 1.32353462e-03 1.22663586e-03 1.13081775e-03 1.03692701e-03 9.45684645e-04 8.57682248e-04 7.73384277e-04 6.93135042e-04 6.17169012e-04 5.45623203e-04 4.78550572e-04 4.15933535e-04 3.57696985e-04 3.03720346e-04 2.53848403e-04 2.07900778e-04 1.65680018e-04 1.26978351e-04 9.15832047e-05 5.92816196e-05 2.98636850e-05 3.12514644e-06 -2.11306882e-05 -4.30916198e-05 -6.29356980e-05 -8.08307357e-05 -9.69341165e-05 -1.11392829e-04 -1.24343667e-04 -1.35913559e-04 -1.46219977e-04 -1.55371407e-04 -1.63467855e-04 -1.70601361e-04 -1.76856526e-04 -1.82311022e-04 -1.87036098e-04 -1.91097052e-04 -1.94553694e-04 -1.97460773e-04 -1.99868384e-04 -2.01822348e-04 -2.03364558e-04 -2.04533311e-04 -2.05363608e-04 -2.05887432e-04 -2.06134004e-04 -2.06130019e-04 -2.05899861e-04 -2.05465804e-04 -2.04848190e-04 -2.04065596e-04 -2.03134988e-04 -2.02071858e-04 -2.00890349e-04 -1.99603375e-04 -1.98222723e-04 -1.96759152e-04 -1.95222480e-04 -1.93621664e-04 -1.91964876e-04 -1.90259567e-04 -1.88512531e-04 -1.86729957e-04 -1.84917487e-04 -1.83080253e-04 -1.81222931e-04 -1.79349771e-04 -1.77464635e-04 -1.75571034e-04 -1.73672150e-04 -1.71770872e-04 -1.69869812e-04 -1.67971337e-04 -1.66077583e-04 -1.64190476e-04 -1.62311751e-04 -1.60442969e-04
-2.87134393e-04 -2.19739649e-04 -1.92930380e-04 -1.86309175e-04 -1.80382819e-04 -1.73636635e-04 -1.65936630e-04 -1.57189062e-04 -1.47292287e-04 -1.36135769e-04 -1.23599512e-04 -1.09553509e-04 -9.38572491e-05 -7.63592893e-05 -5.68969527e-05 -3.52961803e-05 -1.13716043e-05 1.50730896e-05 4.42444249e-05 7.63579216e-05 1.11636291e-04 1.50306907e-04 1.92598398e-04 2.38736218e-04 2.88937018e-04 3.43401682e-04 4.02306889e-04 4.65795130e-04 5.33963169e-04 6.06849060e-04 6.84417976e-04 7.66547296e-04 8.53011620e-04 9.43468655e-04 1.03744711e-03 1.13433806e-03 1.23339120e-03 1.33371770e-03 1.43430086e-03 1.53401571e-03 1.63165793e-03 1.72598162e-03 1.81574480e-03 1.89976031e-03 1.97694921e-03 2.04639323e-03 2.10738260e-03 2.15945582e-03 2.20242852e-03 2.23640923e-03 2.26180072e-03 2.27928629e-03 2.28980096e-03 2.29448797e-03 2.29464136e-03 2.29163616e-03 2.28684841e-03 2.28156902e-03 2.27691692e-03 2.27375875e-03 2.27264337e-03 2.27375875e-03 2.27691692e-03 2.28156902e-03 2.28684841e-03 2.29163616e-03 2.29464136e-03 2.29448797e-03 2.28980096e-03 2.27928629e-03 2.26180072e-03 2.23640923e-03 2.20242852e-03 2.15945582e-03 2.10738260e-03 2.04639323e-03 1.97694921e-03 1.89976031e-03 1.81574480e-03 1.72598162e-03 1.63165793e-03 1.53401571e-03 1.43430086e-03 1.33371770e-03 1.23339120e-03 1.13433806e-03 1.03744711e-03 9.43468655e-04 8.53011620e-04 7.66547296e-04 6.84417976e-04 6.06849060e-04 5.33963169e-04 4.65795130e-04 4.02306889e-04 3.43401682e-04 2.88937018e-04 2.38736218e-04 1.92598398e-04 1.50306907e-04 1.11636291e-04 7.63579216e-05 4.42444249e-05 1.50730896e-05 -1.13716043e-05 -3.52961803e-05 -5.68969527e-05 -7.63592893e-05 -9.38572491e-05 -1.09553509e-04 -1.23599512e-04 -1.36135769e-04 -1.47292287e-04 -1.57189062e-04 -1.65936630e-04 -1.73636634e-04 -1.80382406e-04 -1.86259543e-04 -1.91346464e-04 -1.95714952e-04 -1.99430666e-04 -2.02553630e-04 -2.05138685e-04 -2.07235922e-04 -2.08891070e-04 -2.10145873e-04 -2.11038423e-04 -2.11603474e-04 -2.11872732e-04 -2.11875118e-04 -2.11637009e-04 -2.11182461e-04 -2.10533411e-04 -2.09709863e-04 -2.08730056e-04 -2.07610618e-04 -2.06366708e-04 -2.05012145e-04 -2.03559524e-04 -2.02020321e-04 -2.00404994e-04 -1.98723069e-04 -1.96983220e-04 -1.95193348e-04 -1.93360641e-04 -1.91491640e-04 -1.89592296e-04 -1.87668014e-04 -1.85723708e-04 -1.83763839e-04 -1.81792453e-04 -1.79813219e-04 -1.77829461e-04 -1.75844184e-04 -1.73860106e-04 -1.71879680e-04 -1.69905117e-04 -1.67938405e-04 -1.65981331e-04 -1.64035497e-04 -1.62102333e-04
-2.84102972e-04 -2.26603976e-04 -2.01897468e-04 -1.95737030e-04 -1.90208147e-04 -1.83869285e-04 -1.76587287e-04 -1.68267286e-04 -1.58806166e-04 -1.48091513e-04 -1.36000978e-04 -1.22401647e-04 -1.07149455e-04 -9.00886571e-05 -7.10514155e-05 -4.98575276e-05 -2.63143689e-05 -2.17117627e-07 2.86506478e-05 6.05158729e-05 9.56143470e-05 1.34188274e-04 1.76482933e-04 2.22742248e-04 2.73203091e-04 3.28088130e-04 3.87597064e-04 4.51896139e-04 5.21105894e-04 5.95287220e-04 6.74425970e-04 7.58416556e-04 8.47045241e-04 9.39974100e-04 1.03672693e-03 1.13667865e-03 1.23904997e-03 1.34290896e-03 1.44718140e-03 1.55067089e-03 1.65208942e-03 1.75009809e-03 1.84335662e-03 1.93057919e-03 2.01059344e-03 2.08239857e-03 2.14521854e-03 2.19854647e-03 2.24217704e-03 2.27622453e-03 2.30112501e-03 2.31762219e-03 2.32673682e-03 2.32972002e-03 2.32799135e-03 2.32306294e-03 2.31645185e-03 2.30958484e-03 2.30370143e-03 2.29976354e-03 2.29838122e-03 2.29976354e-03 2.30370143e-03 2.30958484e-03 2.31645185e-03 2.32306294e-03 2.32799135e-03 2.32972002e-03 2.32673682e-03 2.31762219e-03 2.30112501e-03 2.27622453e-03 2.24217704e-03 2.19854647e-03 2.14521854e-03 2.08239857e-03 2.01059344e-03 1.93057919e-03 1.84335662e-03 1.75009809e-03 1.65208942e-03 1.55067089e-03 1.44718140e-03 1.34290896e-03 1.23904997e-03 1.13667865e-03 1.03672693e-03 9.39974100e-04 8.47045241e-04 7.58416556e-04 6.74425970e-04 5.95287220e-04 5.21105894e-04 4.51896139e-04 3.87597064e-04 3.28088130e-04 2.73203091e-04 2.22742248e-04 1.76482933e-04 1.34188274e-04 9.56143470e-05 6.05158729e-05 2.86506478e-05 -2.17117627e-07 -2.63143689e-05 -4.98575276e-05 -7.10514155e-05 -9.00886571e-05 -1.07149455e-04 -1.22401647e-04 -1.36000978e-04 -1.48091513e-04 -1.58806166e-04 -1.68267286e-04 -1.76587287e-04 -1.83869284e-04 -1.90207743e-04 -1.95689102e-04 -2.00392381e-04 -2.04389765e-04 -2.07747145e-04 -2.10524640e-04 -2.12777074e-04 -2.14554429e-04 -2.15902254e-04 -2.16862052e-04 -2.17471630e-04 -2.17765425e-04 -2.17774797e-04 -2.17528305e-04 -2.17051952e-04 -2.16369414e-04 -2.15502245e-04 -2.14470066e-04 -2.13290737e-04 -2.11980516e-04 -2.10554196e-04 -2.09025240e-04 -2.07405895e-04 -2.05707305e-04 -2.03939600e-04 -2.02111996e-04 -2.00232865e-04 -1.98309819e-04 -1.96349767e-04 -1.94358985e-04 -1.92343167e-04 -1.90307476e-04 -1.88256593e-04 -1.86194755e-04 -1.84125795e-04 -1.82053181e-04 -1.79980042e-04 -1.77909200e-04 -1.75843196e-04 -1.73784316e-04 -1.71734610e-04 -1.69695917e-04 -1.67669878e-04 -1.65657957e-04 -1.63661453e-04
-2.80832697e-04 -2.33171471e-04 -2.10835504e-04 -2.05169008e-04 -2.00055500e-04 -1.94143227e-04 -1.87300540e-04 -1.79431631e-04 -1.70432091e-04 -1.60187819e-04 -1.48574308e-04 -1.35455930e-04 -1.20685259e-04 -1.04102432e-04 -8.55346178e-05 -6.47956117e-05 -4.16856366e-05 -1.59914148e-05 1.25133926e-05 4.40672676e-05 7.89193051e-05 1.17326914e-04 1.59552571e-04 2.05859435e-04 2.56505605e-04 3.11736816e-04 3.71777378e-04 4.36819201e-04 5.07008827e-04 5.82432507e-04 6.63099535e-04 7.48924257e-04 8.39707494e-04 9.35118388e-04 1.03467808e-03 1.13774691e-03 1.24351711e-03 1.35101299e-03 1.45910058e-03 1.56650819e-03 1.67185872e-03 1.77371338e-03 1.87062562e-03 1.96120236e-03 2.04416917e-03 2.11843463e-03 2.18314955e-03 2.23775644e-03 2.28202589e-03 2.31607704e-03 2.34038081e-03 2.35574526e-03 2.36328316e-03 2.36436206e-03 2.36053769e-03 2.35347156e-03 2.34483527e-03 2.33620516e-03 2.32895418e-03 2.32415013e-03 2.32247123e-03 2.32415013e-03 2.32895418e-03 2.33620516e-03 2.34483527e-03 2.35347156e-03 2.36053769e-03 2.36436206e-03 2.36328316e-03 2.35574526e-03 2.34038081e-03 2.31607704e-03 2.28202589e-03 2.23775644e-03 2.18314955e-03 2.11843463e-03 2.04416917e-03 1.96120236e-03 1.87062562e-03 1.77371338e-03 1.67185872e-03 1.56650819e-03 1.45910058e-03 1.35101299e-03 1.24351711e-03 1.13774691e-03 1.03467808e-03 9.35118388e-04 8.39707494e-04 7.48924257e-04 6.63099535e-04 5.82432507e-04 5.07008827e-04 4.36819201e-04 3.71777378e-04 3.11736816e-04 2.56505605e-04 2.05859435e-04 1.59552571e-04 1.17326914e-04 7.89193051e-05 4.40672676e-05 1.25133926e-05 -1.59914148e-05 -4.16856366e-05 -6.47956117e-05 -8.55346178e-05 -1.04102432e-04 -1.20685259e-04 -1.35455930e-04 -1.48574308e-04 -1.60187819e-04 -1.70432091e-04 -1.79431631e-04 -1.87300540e-04 -1.94143226e-04 -2.00055109e-04 -2.05123309e-04 -2.09427291e-04 -2.13039494e-04 -2.16025909e-04 -2.18446623e-04 -2.20356330e-04 -2.21804795e-04 -2.22837287e-04 -2.23494982e-04 -2.23815317e-04 -2.23832336e-04 -2.23576986e-04 -2.23077399e-04 -2.22359149e-04 -2.21445477e-04 -2.20357505e-04 -2.19114431e-04 -2.17733696e-04 -2.16231148e-04 -2.14621184e-04 -2.12916879e-04 -2.11130108e-04 -2.09271654e-04 -2.07351301e-04 -2.05377931e-04 -2.03359596e-04 -2.01303600e-04 -1.99216562e-04 -1.97104476e-04 -1.94972768e-04 -1.92826346e-04 -1.90669645e-04 -1.88506672e-04 -1.86341039e-04 -1.84176002e-04 -1.82014488e-04 -1.79859130e-04 -1.77712288e-04 -1.75576073e-04 -1.73452373e-04 -1.71342868e-04 -1.69249052e-04 -1.67172247e-04 -1.65113619e-04
-2.77322318e-04 -2.39420492e-04 -2.19720983e-04 -2.14581723e-04 -2.09901045e-04 -2.04434195e-04 -1.98051753e-04 -1.90657158e-04 -1.82144909e-04 -1.72399425e-04 -1.61294257e-04 -1.48691288e-04 -1.34439948e-04 -1.18376476e-04 -1.00323250e-04 -8.00882480e-05 -5.74646891e-05 -3.22309412e-05 -4.15078218e-06 2.70258620e-05 6.15615632e-05 9.97292540e-05 1.41809112e-04 1.88084249e-04 2.38834973e-04 2.94331366e-04 3.54823959e-04 4.20532294e-04 4.91631251e-04 5.68235119e-04 6.50379607e-04 7.38002170e-04 8.30921408e-04 9.28816605e-04 1.03120891e-03 1.13744601e-03 1.24669259e-03 1.35792870e-03 1.46995856e-03 1.58143133e-03 1.69087514e-03 1.79674402e-03 1.89747655e-03 1.99156311e-03 2.07761774e-03 2.15444957e-03 2.22112868e-03 2.27704121e-03 2.32193009e-03 2.35591823e-03 2.37951288e-03 2.39359050e-03 2.39936246e-03 2.39832175e-03 2.39217148e-03 2.38273583e-03 2.37185551e-03 2.36127153e-03 2.35250453e-03 2.34673996e-03 2.34473212e-03 2.34673996e-03 2.35250453e-03 2.36127153e-03 2.37185551e-03 2.38273583e-03 2.39217148e-03 2.39832175e-03 2.39936246e-03 2.39359050e-03 2.37951288e-03 2.35591823e-03 2.32193009e-03 2.27704121e-03 2.22112868e-03 2.15444957e-03 2.07761774e-03 1.99156311e-03 1.89747655e-03 1.79674402e-03 1.69087514e-03 1.58143133e-03 1.46995856e-03 1.35792870e-03 1.24669259e-03 1.13744601e-03 1.03120891e-03 9.28816605e-04 8.30921408e-04 7.38002170e-04 6.50379607e-04 5.68235119e-04 4.91631251e-04 4.20532294e-04 3.54823959e-04 2.94331366e-04 2.38834973e-04 1.88084249e-04 1.41809112e-04 9.97292540e-05 6.15615632e-05 2.70258620e-05 -4.15078218e-06 -3.22309412e-05 -5.74646891e-05 -8.00882480e-05 -1.00323250e-04 -1.18376476e-04 -1.34439948e-04 -1.48691288e-04 -1.61294257e-04 -1.72399425e-04 -1.82144909e-04 -1.90657158e-04 -1.98051753e-04 -2.04434194e-04 -2.09900671e-04 -2.14538802e-04 -2.18428336e-04 -2.21641813e-04 -2.24245178e-04 -2.26298360e-04 -2.27855797e-04 -2.28966929e-04 -2.29676646e-04 -2.30025697e-04 -2.30051071e-04 -2.29786338e-04 -2.29261961e-04 -2.28505585e-04 -2.27542291e-04 -2.26394835e-04 -2.25083861e-04 -2.23628095e-04 -2.22044522e-04 -2.20348543e-04 -2.18554125e-04 -2.16673928e-04 -2.14719426e-04 -2.12701016e-04 -2.10628114e-04 -2.08509248e-04 -2.06352132e-04 -2.04163747e-04 -2.01950403e-04 -1.99717799e-04 -1.97471082e-04 -1.95214893e-04 -1.92953414e-04 -1.90690409e-04 -1.88429260e-04 -1.86173004e-04 -1.83924364e-04 -1.81685772e-04 -1.79459402e-04 -1.77247187e-04 -1.75050847e-04 -1.72871900e-04 -1.70711689e-04 -1.68571391e-04 -1.66452034e-04
-2.73571252e-04 -2.45330023e-04 -2.28529111e-04 -2.23950325e-04 -2.19719369e-04 -2.14716236e-04 -2.08814476e-04 -2.01916983e-04 -1.93917381e-04 -1.84698838e-04 -1.74133201e-04 -1.62080108e-04 -1.48386103e-04 -1.32883774e-04 -1.15390954e-04 -9.57100313e-05 -7.36274202e-05 -4.89132892e-05 -2.13216256e-05 9.40923003e-06 4.35554349e-05 8.14057001e-05 1.23258344e-04 1.69417102e-04 2.20185430e-04 2.75859018e-04 3.36716239e-04 4.03006286e-04 4.74934799e-04 5.52646942e-04 6.36208025e-04 7.25582071e-04 8.20609033e-04 9.20981814e-04 1.02622466e-03 1.13567502e-03 1.24847130e-03 1.36354917e-03 1.47964911e-03 1.59533729e-03 1.70904114e-03 1.81909982e-03 1.92382782e-03 2.02158885e-03 2.11087519e-03 2.19038687e-03 2.25910487e-03 2.31635262e-03 2.36184141e-03 2.39569657e-03 2.41846310e-03 2.43109000e-03 2.43489404e-03 2.43150308e-03 2.42277952e-03 2.41072435e-03 2.39736319e-03 2.38461824e-03 2.37417359e-03 2.36734559e-03 2.36497345e-03 2.36734559e-03 2.37417359e-03 2.38461824e-03 2.39736319e-03 2.41072435e-03 2.42277952e-03 2.43150308e-03 2.43489404e-03 2.43109000e-03 2.41846310e-03 2.39569657e-03 2.36184141e-03 2.31635262e-03 2.25910487e-03 2.19038687e-03 2.11087519e-03 2.02158885e-03 1.92382782e-03 1.81909982e-03 1.70904114e-03 1.59533729e-03 1.47964911e-03 1.36354917e-03 1.24847130e-03 1.13567502e-03 1.02622466e-03 9.20981814e-04 8.20609033e-04 7.25582071e-04 6.36208025e-04 5.52646942e-04 4.74934799e-04 4.03006286e-04 3.36716239e-04 2.75859018e-04 2.20185430e-04 1.69417102e-04 1.23258344e-04 8.14057001e-05 4.35554349e-05 9.40923003e-06 -2.13216256e-05 -4.89132892e-05 -7.36274202e-05 -9.57100313e-05 -1.15390954e-04 -1.32883774e-04 -1.48386103e-04 -1.62080108e-04 -1.74133201e-04 -1.84698838e-04 -1.93917381e-04 -2.01916983e-04 -2.08814476e-04 -2.14716235e-04 -2.19719017e-04 -2.23910752e-04 -2.27371295e-04 -2.30173124e-04 -2.32381994e-04 -2.34057532e-04 -2.35253799e-04 -2.36019794e-04 -2.36399920e-04 -2.36434410e-04 -2.36159713e-04 -2.35608849e-04 -2.34811725e-04 -2.33795431e-04 -2.32584499e-04 -2.31201145e-04 -2.29665485e-04 -2.27995732e-04 -2.26208373e-04 -2.24318328e-04 -2.22339100e-04 -2.20282904e-04 -2.18160787e-04 -2.15982736e-04 -2.13757777e-04 -2.11494063e-04 -2.09198952e-04 -2.06879087e-04 -2.04540453e-04 -2.02188444e-04 -1.99827913e-04 -1.97463223e-04 -1.95098293e-04 -1.92736636e-04 -1.90381398e-04 -1.88035389e-04 -1.85701117e-04 -1.83380814e-04 -1.81076458e-04 -1.78789801e-04 -1.76522390e-04 -1.74275579e-04 -1.72050554e-04 -1.69848345e-04 -1.67669840e-04
-2.69579644e-04 -2.50879782e-04 -2.37233836e-04 -2.33248521e-04 -2.29483502e-04 -2.24961711e-04 -2.19560443e-04 -2.13182269e-04 -2.05720167e-04 -1.97056303e-04 -1.87061083e-04 -1.75592175e-04 -1.62493517e-04 -1.47594336e-04 -1.30708205e-04 -1.11632194e-04 -9.01461663e-05 -6.60123044e-05 -3.89749614e-05 -8.76096729e-06 2.49194558e-05 6.23709795e-05 1.03910432e-04 1.49862774e-04 2.00555497e-04 2.56311127e-04 3.17437494e-04 3.84215487e-04 4.56884023e-04 5.35622111e-04 6.20528070e-04 7.11596239e-04 8.08691871e-04 9.11525397e-04 1.01962775e-03 1.13232902e-03 1.24874310e-03 1.36776153e-03 1.48805938e-03 1.60811596e-03 1.72625195e-03 1.84068343e-03 1.94959096e-03 2.05120068e-03 2.14387188e-03 2.22618494e-03 2.29702264e-03 2.35563866e-03 2.40170819e-03 2.43535746e-03 2.45717047e-03 2.46817300e-03 2.46979423e-03 2.46380671e-03 2.45224467e-03 2.43730092e-03 2.42120308e-03 2.40607263e-03 2.39377458e-03 2.38577099e-03 2.38299599e-03 2.38577099e-03 2.39377458e-03 2.40607263e-03 2.42120308e-03 2.43730092e-03 2.45224467e-03 2.46380671e-03 2.46979423e-03 2.46817300e-03 2.45717047e-03 2.43535746e-03 2.40170819e-03 2.35563866e-03 2.29702264e-03 2.22618494e-03 2.14387188e-03 2.05120068e-03 1.94959096e-03 1.84068343e-03 1.72625195e-03 1.60811596e-03 1.48805938e-03 1.36776153e-03 1.24874310e-03 1.13232902e-03 1.01962775e-03 9.11525397e-04 8.08691871e-04 7.11596239e-04 6.20528070e-04 5.35622111e-04 4.56884023e-04 3.84215487e-04 3.17437494e-04 2.56311127e-04 2.00555497e-04 1.49862774e-04 1.03910432e-04 6.23709795e-05 2.49194558e-05 -8.76096729e-06 -3.89749614e-05 -6.60123044e-05 -9.01461663e-05 -1.11632194e-04 -1.30708205e-04 -1.47594336e-04 -1.62493517e-04 -1.75592175e-04 -1.87061083e-04 -1.97056303e-04 -2.05720167e-04 -2.13182269e-04 -2.19560443e-04 -2.24961711e-04 -2.29483176e-04 -2.33212883e-04 -2.36230605e-04 -2.38608592e-04 -2.40412246e-04 -2.41700756e-04 -2.42527673e-04 -2.42941436e-04 -2.42985857e-04 -2.42700552e-04 -2.42121344e-04 -2.41280619e-04 -2.40207659e-04 -2.38928932e-04 -2.37468361e-04 -2.35847569e-04 -2.34086097e-04 -2.32201599e-04 -2.30210024e-04 -2.28125776e-04 -2.25961862e-04 -2.23730023e-04 -2.21440852e-04 -2.19103903e-04 -2.16727789e-04 -2.14320270e-04 -2.11888333e-04 -2.09438262e-04 -2.06975709e-04 -2.04505744e-04 -2.02032918e-04 -1.99561307e-04 -1.97094556e-04 -1.94635918e-04 -1.92188295e-04 -1.89754265e-04 -1.87336116e-04 -1.84935870e-04 -1.82555309e-04 -1.80195999e-04 -1.77859307e-04 -1.75546421e-04 -1.73258369e-04 -1.70996029e-04 -1.68760148e-04
-2.65348417e-04 -2.56050326e-04 -2.45807904e-04 -2.42448604e-04 -2.39164941e-04 -2.35141323e-04 -2.30259592e-04 -2.24422229e-04 -2.17521820e-04 -2.09439793e-04 -2.00045396e-04 -1.89194630e-04 -1.76729142e-04 -1.62475121e-04 -1.46242207e-04 -1.27822478e-04 -1.06989551e-04 -8.34978980e-05 -5.70824648e-05 -2.74587209e-05 5.67668724e-06 4.26444896e-05 8.37803084e-05 1.29430853e-04 1.79948472e-04 2.35683695e-04 2.96975406e-04 3.64138253e-04 4.37447006e-04 5.17117629e-04 6.03285069e-04 6.95978027e-04 7.95091387e-04 9.00357493e-04 1.01131808e-03 1.12729931e-03 1.24739291e-03 1.37044694e-03 1.49506970e-03 1.61964988e-03 1.74239518e-03 1.86138995e-03 1.97467028e-03 2.08031289e-03 2.17653199e-03 2.26177674e-03 2.33482171e-03 2.39484312e-03 2.44147517e-03 2.47484307e-03 2.49557109e-03 2.50476599e-03 2.50397662e-03 2.49513034e-03 2.48044630e-03 2.46232510e-03 2.44321472e-03 2.42545566e-03 2.41111327e-03 2.40181193e-03 2.39859202e-03 2.40181193e-03 2.41111327e-03 2.42545566e-03 2.44321472e-03 2.46232510e-03 2.48044630e-03 2.49513034e-03 2.50397662e-03 2.50476599e-03 2.49557109e-03 2.47484307e-03 2.44147517e-03 2.39484312e-03 2.33482171e-03 2.26177674e-03 2.17653199e-03 2.08031289e-03 1.97467028e-03 1.86138995e-03 1.74239518e-03 1.61964988e-03 1.49506970e-03 1.37044694e-03 1.24739291e-03 1.12729931e-03 1.01131808e-03 9.00357493e-04 7.95091387e-04 6.95978027e-04 6.03285069e-04 5.17117629e-04 4.37447006e-04 3.64138253e-04 2.96975406e-04 2.35683695e-04 1.79948472e-04 1.29430853e-04 8.37803084e-05 4.26444896e-05 5.67668724e-06 -2.74587209e-05 -5.70824648e-05 -8.34978980e-05 -1.06989551e-04 -1.27822478e-04 -1.46242207e-04 -1.62475121e-04 -1.76729142e-04 -1.89194630e-04 -2.00045396e-04 -2.09439793e-04 -2.17521820e-04 -2.24422229e-04 -2.30259592e-04 -2.35141322e-04 -2.39164646e-04 -2.42417506e-04 -2.44979403e-04 -2.46922176e-04 -2.48310718e-04 -2.49203630e-04 -2.49653818e-04 -2.49709043e-04 -2.49412412e-04 -2.48802826e-04 -2.47915392e-04 -2.46781783e-04 -2.45430580e-04 -2.43887564e-04 -2.42175991e-04 -2.40316837e-04 -2.38329017e-04 -2.36229584e-04 -2.34033911e-04 -2.31755851e-04 -2.29407883e-04 -2.27001243e-04 -2.24546046e-04 -2.22051390e-04 -2.19525456e-04 -2.16975592e-04 -2.14408393e-04 -2.11829775e-04 -2.09245036e-04 -2.06658919e-04 -2.04075656e-04 -2.01499027e-04 -1.98932395e-04 -1.96378747e-04 -1.93840732e-04 -1.91320690e-04 -1.88820683e-04 -1.86342519e-04 -1.83887779e-04 -1.81457839e-04 -1.79053884e-04 -1.76676932e-04 -1.74327849e-04 -1.72007360e-04 -1.69716069e-04
-2.60879330e-04 -2.60823151e-04 -2.54222918e-04 -2.51521510e-04 -2.48733694e-04 -2.45224150e-04 -2.40880090e-04 -2.35604157e-04 -2.29288803e-04 -2.21815008e-04 -2.13051170e-04 -2.02851947e-04 -1.91057044e-04 -1.77489973e-04 -1.61956814e-04 -1.44245026e-04 -1.24122344e-04 -1.01335875e-04 -7.56114533e-05 -4.66534230e-05 -1.41449887e-05 2.22506416e-05 6.28880723e-05 1.08136190e-04 1.58372927e-04 2.13977927e-04 2.75322667e-04 3.42757620e-04 4.16596032e-04 4.97094051e-04 5.84427072e-04 6.78662506e-04 7.79729599e-04 8.87387496e-04 1.00119343e-03 1.12047371e-03 1.24430080e-03 1.37148053e-03 1.50055342e-03 1.62981395e-03 1.75735044e-03 1.88110644e-03 1.99896229e-03 2.10883256e-03 2.20877312e-03 2.29708934e-03 2.37243664e-03 2.43390532e-03 2.48108319e-03 2.51409225e-03 2.53359815e-03 2.54079292e-03 2.53735238e-03 2.52536915e-03 2.50726092e-03 2.48565287e-03 2.46323306e-03 2.44258257e-03 2.42598860e-03 2.41525655e-03 2.41154586e-03 2.41525655e-03 2.42598860e-03 2.44258257e-03 2.46323306e-03 2.48565287e-03 2.50726092e-03 2.52536915e-03 2.53735238e-03 2.54079292e-03 2.53359815e-03 2.51409225e-03 2.48108319e-03 2.43390532e-03 2.37243664e-03 2.29708934e-03 2.20877312e-03 2.10883256e-03 1.99896229e-03 1.88110644e-03 1.75735044e-03 1.62981395e-03 1.50055342e-03 1.37148053e-03 1.24430080e-03 1.12047371e-03 1.00119343e-03 8.87387496e-04 7.79729599e-04 6.78662506e-04 5.84427072e-04 4.97094051e-04 4.16596032e-04 3.42757620e-04 2.75322667e-04 2.13977927e-04 1.58372927e-04 1.08136190e-04 6.28880723e-05 2.22506416e-05 -1.41449887e-05 -4.66534230e-05 -7.56114533e-05 -1.01335875e-04 -1.24122344e-04 -1.44245026e-04 -1.61956814e-04 -1.77489973e-04 -1.91057044e-04 -2.02851947e-04 -2.13051170e-04 -2.21815008e-04 -2.29288803e-04 -2.35604157e-04 -2.40880090e-04 -2.45224149e-04 -2.48733435e-04 -2.51495568e-04 -2.53589573e-04 -2.55086696e-04 -2.56051150e-04 -2.56540796e-04 -2.56607761e-04 -2.56299001e-04 -2.55656808e-04 -2.54719269e-04 -2.53520680e-04 -2.52091923e-04 -2.50460803e-04 -2.48652349e-04 -2.46689090e-04 -2.44591301e-04 -2.42377225e-04 -2.40063271e-04 -2.37664198e-04 -2.35193271e-04 -2.32662411e-04 -2.30082324e-04 -2.27462620e-04 -2.24811920e-04 -2.22137950e-04 -2.19447629e-04 -2.16747147e-04 -2.14042035e-04 -2.11337228e-04 -2.08637123e-04 -2.05945632e-04 -2.03266224e-04 -2.00601973e-04 -1.97955593e-04 -1.95329474e-04 -1.92725712e-04 -1.90146138e-04 -1.87592344e-04 -1.85065703e-04 -1.82567397e-04 -1.80098429e-04 -1.77659642e-04 -1.75251739e-04 -1.72875290e-04 -1.70530752e-04
-2.54544820e-04 -2.63493286e-04 -2.60779289e-04 -2.58779546e-04 -2.56515514e-04 -2.53553845e-04 -2.49788647e-04 -2.45123596e-04 -2.39451979e-04 -2.32655386e-04 -2.24602537e-04 -2.15148034e-04 -2.04131048e-04 -1.91373950e-04 -1.76680932e-04 -1.59836636e-04 -1.40604858e-04 -1.18727402e-04 -9.39231743e-05 -6.58876621e-05 -3.42929607e-05 1.21143664e-06 4.09968167e-05 8.54520683e-05 1.34978764e-04 1.89984060e-04 2.50870930e-04 3.18025223e-04 3.91799065e-04 4.72490205e-04 5.60317097e-04 6.55389800e-04 7.57677274e-04 8.66972204e-04 9.82855340e-04 1.10466214e-03 1.23145546e-03 1.36200858e-03 1.49480345e-03 1.62804845e-03 1.75971898e-03 1.88762237e-03 2.00948568e-03 2.12306198e-03 2.22624792e-03 2.31720310e-03 2.39446127e-03 2.45702396e-03 2.50442956e-03 2.53679367e-03 2.55481980e-03 2.55978135e-03 2.55347705e-03 2.53816092e-03 2.51644648e-03 2.49118288e-03 2.46530053e-03 2.44162652e-03 2.42267760e-03 2.41044851e-03 2.40622414e-03 2.41044851e-03 2.42267760e-03 2.44162652e-03 2.46530053e-03 2.49118288e-03 2.51644648e-03 2.53816092e-03 2.55347705e-03 2.55978135e-03 2.55481980e-03 2.53679367e-03 2.50442956e-03 2.45702396e-03 2.39446127e-03 2.31720310e-03 2.22624792e-03 2.12306198e-03 2.00948568e-03 1.88762237e-03 1.75971898e-03 1.62804845e-03 1.49480345e-03 1.36200858e-03 1.23145546e-03 1.10466214e-03 9.82855340e-04 8.66972204e-04 7.57677274e-04 6.55389800e-04 5.60317097e-04 4.72490205e-04 3.91799065e-04 3.18025223e-04 2.50870930e-04 1.89984060e-04 1.34978764e-04 8.54520683e-05 4.09968167e-05 1.21143664e-06 -3.42929607e-05 -6.58876621e-05 -9.39231743e-05 -1.18727402e-04 -1.40604858e-04 -1.59836636e-04 -1.76680932e-04 -1.91373950e-04 -2.04131048e-04 -2.15148034e-04 -2.24602537e-04 -2.32655386e-04 -2.39451979e-04 -2.45123596e-04 -2.49788647e-04 -2.53553844e-04 -2.56515297e-04 -2.58759516e-04 -2.60364340e-04 -2.61399783e-04 -2.61928803e-04 -2.62008004e-04 -2.61688266e-04 -2.61015324e-04 -2.60030276e-04 -2.58770056e-04 -2.57267850e-04 -2.55553473e-04 -2.53653711e-04 -2.51592621e-04 -2.49391807e-04 -2.47070668e-04 -2.44646615e-04 -2.42135273e-04 -2.39550658e-04 -2.36905333e-04 -2.34210560e-04 -2.31476423e-04 -2.28711946e-04 -2.25925198e-04 -2.23123387e-04 -2.20312946e-04 -2.17499606e-04 -2.14688467e-04 -2.11884060e-04 -2.09090403e-04 -2.06311048e-04 -2.03549133e-04 -2.00807414e-04 -1.98088311e-04 -1.95393936e-04 -1.92726123e-04 -1.90086458e-04 -1.87476303e-04 -1.84896815e-04 -1.82348972e-04 -1.79833585e-04 -1.77351319e-04 -1.74902706e-04 -1.72488158e-04 -1.70107983e-04
-2.48037542e-04 -2.65677739e-04 -2.67010567e-04 -2.65733171e-04 -2.63998559e-04 -2.61591522e-04 -2.58413834e-04 -2.54370470e-04 -2.49355838e-04 -2.43252461e-04 -2.35929736e-04 -2.27242600e-04 -2.17030116e-04 -2.05113980e-04 -1.91296992e-04 -1.75361511e-04 -1.57067948e-04 -1.36153375e-04 -1.12330342e-04 -8.52860344e-05 -5.46819460e-05 -2.01542787e-05 1.86846419e-05 6.22436005e-05 1.10947960e-04 1.65232885e-04 2.25533769e-04 2.92273300e-04 3.65844568e-04 4.46589720e-04 5.34773827e-04 6.30553918e-04 7.33943657e-04 8.44774763e-04 9.62657168e-04 1.08694091e-03 1.21668376e-03 1.35062959e-03 1.48720272e-03 1.62452364e-03 1.76045007e-03 1.89264527e-03 2.01867252e-03 2.13611101e-03 2.24268502e-03 2.33639565e-03 2.41564379e-03 2.47933349e-03 2.52694796e-03 2.55859377e-03 2.57501256e-03 2.57756214e-03 2.56816972e-03 2.54925904e-03 2.52365084e-03 2.49443322e-03 2.46479761e-03 2.43783898e-03 2.41632665e-03 2.40246552e-03 2.39768068e-03 2.40246552e-03 2.41632665e-03 2.43783898e-03 2.46479761e-03 2.49443322e-03 2.52365084e-03 2.54925904e-03 2.56816972e-03 2.57756214e-03 2.57501256e-03 2.55859377e-03 2.52694796e-03 2.47933349e-03 2.41564379e-03 2.33639565e-03 2.24268502e-03 2.13611101e-03 2.01867252e-03 1.89264527e-03 1.76045007e-03 1.62452364e-03 1.48720272e-03 1.35062959e-03 1.21668376e-03 1.08694091e-03 9.62657168e-04 8.44774763e-04 7.33943657e-04 6.30553918e-04 5.34773827e-04 4.46589720e-04 3.65844568e-04 2.92273300e-04 2.25533769e-04 1.65232885e-04 1.10947960e-04 6.22436005e-05 1.86846419e-05 -2.01542787e-05 -5.46819460e-05 -8.52860344e-05 -1.12330342e-04 -1.36153375e-04 -1.57067948e-04 -1.75361511e-04 -1.91296992e-04 -2.05113980e-04 -2.17030116e-04 -2.27242600e-04 -2.35929736e-04 -2.43252461e-04 -2.49355838e-04 -2.54370470e-04 -2.58413834e-04 -2.61591522e-04 -2.63998389e-04 -2.65719605e-04 -2.66831615e-04 -2.67403016e-04 -2.67495348e-04 -2.67163810e-04 -2.66457909e-04 -2.65422039e-04 -2.64096010e-04 -2.62515510e-04 -2.60712537e-04 -2.58715769e-04 -2.56550912e-04 -2.54240996e-04 -2.51806656e-04 -2.49266372e-04 -2.46636687e-04 -2.43932409e-04 -2.41166782e-04 -2.38351648e-04 -2.35497585e-04 -2.32614037e-04 -2.29709427e-04 -2.26791258e-04 -2.23866210e-04 -2.20940215e-04 -2.18018541e-04 -2.15105848e-04 -2.12206258e-04 -2.09323402e-04 -2.06460473e-04 -2.03620269e-04 -2.00805229e-04 -1.98017475e-04 -1.95258838e-04 -1.92530892e-04 -1.89834977e-04 -1.87172223e-04 -1.84543571e-04 -1.81949795e-04 -1.79391516e-04 -1.76869219e-04 -1.74383268e-04 -1.71933918e-04 -1.69521326e-04
-2.41345559e-04 -2.67346466e-04 -2.72866070e-04 -2.72329752e-04 -2.71128741e-04 -2.69281639e-04 -2.66698655e-04 -2.63286342e-04 -2.58940534e-04 -2.53545029e-04 -2.46970280e-04 -2.39071980e-04 -2.29689547e-04 -2.18644510e-04 -2.05738829e-04 -1.90753173e-04 -1.73445199e-04 -1.53547907e-04 -1.30768168e-04 -1.04785539e-04 -7.52515537e-05 -4.17897022e-05 -3.99638790e-06 3.85567780e-05 8.63189066e-05 1.39753463e-04 1.99329001e-04 2.65506336e-04 3.38721485e-04 4.19363733e-04 5.07748357e-04 6.04083828e-04 7.08433813e-04 8.20675016e-04 9.40452853e-04 1.06713811e-03 1.19978897e-03 1.33712382e-03 1.47751116e-03 1.61898249e-03 1.75927339e-03 1.89589525e-03 2.02623679e-03 2.14769033e-03 2.25779380e-03 2.35437628e-03 2.43569388e-03 2.50054388e-03 2.54834820e-03 2.57920146e-03 2.59388357e-03 2.59383948e-03 2.58113010e-03 2.55835674e-03 2.52855831e-03 2.49507668e-03 2.46138363e-03 2.43086512e-03 2.40656816e-03 2.39093102e-03 2.38553570e-03 2.39093102e-03 2.40656816e-03 2.43086512e-03 2.46138363e-03 2.49507668e-03 2.52855831e-03 2.55835674e-03 2.58113010e-03 2.59383948e-03 2.59388357e-03 2.57920146e-03 2.54834820e-03 2.50054388e-03 2.43569388e-03 2.35437628e-03 2.25779380e-03 2.14769033e-03 2.02623679e-03 1.89589525e-03 1.75927339e-03 1.61898249e-03 1.47751116e-03 1.33712382e-03 1.19978897e-03 1.06713811e-03 9.40452853e-04 8.20675016e-04 7.08433813e-04 6.04083828e-04 5.07748357e-04 4.19363733e-04 3.38721485e-04 2.65506336e-04 1.99329001e-04 1.39753463e-04 8.63189066e-05 3.85567780e-05 -3.99638790e-06 -4.17897022e-05 -7.52515537e-05 -1.04785539e-04 -1.30768168e-04 -1.53547907e-04 -1.73445199e-04 -1.90753173e-04 -2.05738829e-04 -2.18644510e-04 -2.29689547e-04 -2.39071980e-04 -2.46970280e-04 -2.53545029e-04 -2.58940534e-04 -2.63286342e-04 -2.66698655e-04 -2.69281639e-04 -2.71128623e-04 -2.72323192e-04 -2.72940183e-04 -2.73046585e-04 -2.72702350e-04 -2.71961125e-04 -2.70870909e-04 -2.69474644e-04 -2.67810743e-04 -2.65913564e-04 -2.63813834e-04 -2.61539027e-04 -2.59113707e-04 -2.56559827e-04 -2.53897002e-04 -2.51142754e-04 -2.48312724e-04 -2.45420872e-04 -2.42479644e-04 -2.39500135e-04 -2.36492222e-04 -2.33464690e-04 -2.30425347e-04 -2.27381118e-04 -2.24338142e-04 -2.21301845e-04 -2.18277020e-04 -2.15267884e-04 -2.12278142e-04 -2.09311036e-04 -2.06369396e-04 -2.03455676e-04 -2.00571998e-04 -1.97720183e-04 -1.94901783e-04 -1.92118109e-04 -1.89370254e-04 -1.86659117e-04 -1.83985425e-04 -1.81349747e-04 -1.78752516e-04 -1.76194039e-04 -1.73674511e-04 -1.71194032e-04 -1.68752611e-04
-2.34517153e-04 -2.68535938e-04 -2.78360900e-04 -2.78581992e-04 -2.77916856e-04 -2.76632920e-04 -2.74649566e-04 -2.71875194e-04 -2.68207357e-04 -2.63531459e-04 -2.57719378e-04 -2.50627979e-04 -2.42097493e-04 -2.31949789e-04 -2.19986544e-04 -2.05987337e-04 -1.89707717e-04 -1.70877299e-04 -1.49197981e-04 -1.24342410e-04 -9.59528638e-05 -6.36407682e-05 -2.69871542e-05 1.44555823e-05 6.11601499e-05 1.13618499e-04 1.72332971e-04 2.37803710e-04 3.10511560e-04 3.90895674e-04 4.79325197e-04 5.76064684e-04 6.81233392e-04 7.94759392e-04 9.16330450e-04 1.04534496e-03 1.18086767e-03 1.32159621e-03 1.46584553e-03 1.61155733e-03 1.75634059e-03 1.89754647e-03 2.03237737e-03 2.15802455e-03 2.27182422e-03 2.37141846e-03 2.45490549e-03 2.52096571e-03 2.56895309e-03 2.59894726e-03 2.61176650e-03 2.60894572e-03 2.59268479e-03 2.56577037e-03 2.53147062e-03 2.49339654e-03 2.45532066e-03 2.42094534e-03 2.39362335e-03 2.37605294e-03 2.36999235e-03 2.37605294e-03 2.39362335e-03 2.42094534e-03 2.45532066e-03 2.49339654e-03 2.53147062e-03 2.56577037e-03 2.59268479e-03 2.60894572e-03 2.61176650e-03 2.59894726e-03 2.56895309e-03 2.52096571e-03 2.45490549e-03 2.37141846e-03 2.27182422e-03 2.15802455e-03 2.03237737e-03 1.89754647e-03 1.75634059e-03 1.61155733e-03 1.46584553e-03 1.32159621e-03 1.18086767e-03 1.04534496e-03 9.16330450e-04 7.94759392e-04 6.81233392e-04 5.76064684e-04 4.79325197e-04 3.90895674e-04 3.10511560e-04 2.37803710e-04 1.72332971e-04 1.13618499e-04 6.11601499e-05 1.44555823e-05 -2.69871542e-05 -6.36407682e-05 -9.59528638e-05 -1.24342410e-04 -1.49197981e-04 -1.70877299e-04 -1.89707717e-04 -2.05987337e-04 -2.19986544e-04 -2.31949789e-04 -2.42097493e-04 -2.50627979e-04 -2.57719378e-04 -2.63531459e-04 -2.68207357e-04 -2.71875194e-04 -2.74649566e-04 -2.76632919e-04 -2.77916794e-04 -2.78582961e-04 -2.78704445e-04 -2.78346447e-04 -2.77567172e-04 -2.76418577e-04 -2.74947032e-04 -2.73193920e-04 -2.71196165e-04 -2.68986711e-04 -2.66594945e-04 -2.64047075e-04 -2.61366469e-04 -2.58573956e-04 -2.55688092e-04 -2.52725405e-04 -2.49700604e-04 -2.46626774e-04 -2.43515544e-04 -2.40377239e-04 -2.37221020e-04 -2.34055002e-04 -2.30886362e-04 -2.27721441e-04 -2.24565827e-04 -2.21424434e-04 -2.18301575e-04 -2.15201019e-04 -2.12126052e-04 -2.09079524e-04 -2.06063899e-04 -2.03081288e-04 -2.00133493e-04 -1.97222036e-04 -1.94348189e-04 -1.91513000e-04 -1.88717318e-04 -1.85961812e-04 -1.83246994e-04 -1.80573233e-04 -1.77940772e-04 -1.75349741e-04 -1.72800173e-04 -1.70292010e-04 -1.67825117e-04
-2.27562512e-04 -2.69244012e-04 -2.83470571e-04 -2.84463091e-04 -2.84334457e-04 -2.83615198e-04 -2.82234599e-04 -2.80103168e-04 -2.77120478e-04 -2.73173874e-04 -2.68137043e-04 -2.61868444e-04 -2.54209602e-04 -2.44983254e-04 -2.33991380e-04 -2.21013113e-04 -2.05802591e-04 -1.88086787e-04 -1.67563416e-04 -1.43899027e-04 -1.16727452e-04 -8.56488331e-05 -5.02295300e-05 -1.00032815e-05 3.55258824e-05 8.68783846e-05 1.44590783e-04 2.09203566e-04 2.81244153e-04 3.61204201e-04 4.49510378e-04 5.46488078e-04 6.52318016e-04 7.66986467e-04 8.90231061e-04 1.02148549e-03 1.15982819e-03 1.30394169e-03 1.45209067e-03 1.60212689e-03 1.75152849e-03 1.89747803e-03 2.03697926e-03 2.16700716e-03 2.28467969e-03 2.38743574e-03 2.47320155e-03 2.54052971e-03 2.58869927e-03 2.61777162e-03 2.62860346e-03 2.62282237e-03 2.60277206e-03 2.57143186e-03 2.53230969e-03 2.48930081e-03 2.44649957e-03 2.40795179e-03 2.37734710e-03 2.35767383e-03 2.35088868e-03 2.35767383e-03 2.37734710e-03 2.40795179e-03 2.44649957e-03 2.48930081e-03 2.53230969e-03 2.57143186e-03 2.60277206e-03 2.62282237e-03 2.62860346e-03 2.61777162e-03 2.58869927e-03 2.54052971e-03 2.47320155e-03 2.38743574e-03 2.28467969e-03 2.16700716e-03 2.03697926e-03 1.89747803e-03 1.75152849e-03 1.60212689e-03 1.45209067e-03 1.30394169e-03 1.15982819e-03 1.02148549e-03 8.90231061e-04 7.66986467e-04 6.52318016e-04 5.46488078e-04 4.49510378e-04 3.61204201e-04 2.81244153e-04 2.09203566e-04 1.44590783e-04 8.68783846e-05 3.55258824e-05 -1.00032815e-05 -5.02295300e-05 -8.56488331e-05 -1.16727452e-04 -1.43899027e-04 -1.67563416e-04 -1.88086787e-04 -2.05802591e-04 -2.21013113e-04 -2.33991380e-04 -2.44983254e-04 -2.54209602e-04 -2.61868444e-04 -2.68137043e-04 -2.73173874e-04 -2.77120478e-04 -2.80103168e-04 -2.82234599e-04 -2.83615198e-04 -2.84334455e-04 -2.84472096e-04 -2.84099130e-04 -2.83278791e-04 -2.82067385e-04 -2.80515039e-04 -2.78666379e-04 -2.76561123e-04 -2.74234618e-04 -2.71718316e-04 -2.69040197e-04 -2.66225144e-04 -2.63295280e-04 -2.60270263e-04 -2.57167556e-04 -2.54002659e-04 -2.50789323e-04 -2.47539735e-04 -2.44264683e-04 -2.40973712e-04 -2.37675250e-04 -2.34376727e-04 -2.31084685e-04 -2.27804869e-04 -2.24542312e-04 -2.21301411e-04 -2.18085993e-04 -2.14899379e-04 -2.11744431e-04 -2.08623608e-04 -2.05539006e-04 -2.02492395e-04 -1.99485257e-04 -1.96518815e-04 -1.93594060e-04 -1.90711783e-04 -1.87872586e-04 -1.85076912e-04 -1.82325061e-04 -1.79617202e-04 -1.76953391e-04 -1.74333587e-04 -1.71757656e-04 -1.69225390e-04 -1.66736510e-04
-2.20492646e-04 -2.69470249e-04 -2.88171043e-04 -2.89946479e-04 -2.90353241e-04 -2.90198361e-04 -2.89421728e-04 -2.87936228e-04 -2.85643751e-04 -2.82433925e-04 -2.78182630e-04 -2.72750360e-04 -2.65980423e-04 -2.57696980e-04 -2.47702925e-04 -2.35777626e-04 -2.21674554e-04 -2.05118850e-04 -1.85804909e-04 -1.63394086e-04 -1.37512693e-04 -1.07750506e-04 -7.36600715e-05 -3.47572126e-05 9.47676219e-06 5.95905143e-05 1.16155022e-04 1.79751907e-04 2.50956719e-04 3.30316111e-04 4.18317875e-04 5.15353078e-04 6.21669994e-04 7.37320388e-04 8.62099934e-04 9.95486178e-04 1.13657943e-03 1.28405392e-03 1.43612832e-03 1.59056515e-03 1.74470801e-03 1.89556234e-03 2.03992036e-03 2.17452457e-03 2.29625687e-03 2.40233548e-03 2.49049942e-03 2.55916189e-03 2.60751959e-03 2.63561235e-03 2.64433536e-03 2.63541142e-03 2.61133260e-03 2.57527747e-03 2.53100341e-03 2.48270459e-03 2.43481852e-03 2.39176338e-03 2.35759999e-03 2.33564088e-03 2.32806697e-03 2.33564088e-03 2.35759999e-03 2.39176338e-03 2.43481852e-03 2.48270459e-03 2.53100341e-03 2.57527747e-03 2.61133260e-03 2.63541142e-03 2.64433536e-03 2.63561235e-03 2.60751959e-03 2.55916189e-03 2.49049942e-03 2.40233548e-03 2.29625687e-03 2.17452457e-03 2.03992036e-03 1.89556234e-03 1.74470801e-03 1.59056515e-03 1.43612832e-03 1.28405392e-03 1.13657943e-03 9.95486178e-04 8.62099934e-04 7.37320388e-04 6.21669994e-04 5.15353078e-04 4.18317875e-04 3.30316111e-04 2.50956719e-04 1.79751907e-04 1.16155022e-04 5.95905143e-05 9.47676219e-06 -3.47572126e-05 -7.36600715e-05 -1.07750506e-04 -1.37512693e-04 -1.63394086e-04 -1.85804909e-04 -2.05118850e-04 -2.21674554e-04 -2.35777626e-04 -2.47702925e-04 -2.57696980e-04 -2.65980423e-04 -2.72750360e-04 -2.78182630e-04 -2.82433925e-04 -2.85643751e-04 -2.87936228e-04 -2.89421728e-04 -2.90198361e-04 -2.90353303e-04 -2.89964004e-04 -2.89099258e-04 -2.87820160e-04 -2.86180961e-04 -2.84229831e-04 -2.82009532e-04 -2.79558021e-04 -2.76908984e-04 -2.74092305e-04 -2.71134495e-04 -2.68059056e-04 -2.64886818e-04 -2.61636234e-04 -2.58323634e-04 -2.54963465e-04 -2.51568494e-04 -2.48149987e-04 -2.44717881e-04 -2.41280919e-04 -2.37846787e-04 -2.34422224e-04 -2.31013126e-04 -2.27624637e-04 -2.24261231e-04 -2.20926782e-04 -2.17624633e-04 -2.14357651e-04 -2.11128278e-04 -2.07938580e-04 -2.04790285e-04 -2.01684823e-04 -1.98623357e-04 -1.95606814e-04 -1.92635908e-04 -1.89711170e-04 -1.86832963e-04 -1.84001505e-04 -1.81216883e-04 -1.78479072e-04 -1.75787945e-04 -1.73143287e-04 -1.70544807e-04 -1.67992146e-04 -1.65484885e-04
-2.13319367e-04 -2.69215944e-04 -2.92438914e-04 -2.95006009e-04 -2.95945247e-04 -2.96352553e-04 -2.96179090e-04 -2.95340382e-04 -2.93740940e-04 -2.91273015e-04 -2.87815073e-04 -2.83230086e-04 -2.77363651e-04 -2.70041921e-04 -2.61069346e-04 -2.50226244e-04 -2.37266209e-04 -2.21913416e-04 -2.03859877e-04 -1.82762753e-04 -1.58241879e-04 -1.29877718e-04 -9.72100306e-05 -5.97376581e-05 -1.69199489e-05 3.18195195e-05 8.70860879e-05 1.49503042e-04 2.19695374e-04 2.98267028e-04 3.85770413e-04 4.82667119e-04 5.89279282e-04 7.05731861e-04 8.31887423e-04 9.67276857e-04 1.11103165e-03 1.26182579e-03 1.41783743e-03 1.57674156e-03 1.73574408e-03 1.89166484e-03 2.04107114e-03 2.18045571e-03 2.30644519e-03 2.41601829e-03 2.50671039e-03 2.57678294e-03 2.62534255e-03 2.65240419e-03 2.65890162e-03 2.64665535e-03 2.61830983e-03 2.57724854e-03 2.52748689e-03 2.47353164e-03 2.42018492e-03 2.37226779e-03 2.33425018e-03 2.30980772e-03 2.30137544e-03 2.30980772e-03 2.33425018e-03 2.37226779e-03 2.42018492e-03 2.47353164e-03 2.52748689e-03 2.57724854e-03 2.61830983e-03 2.64665535e-03 2.65890162e-03 2.65240419e-03 2.62534255e-03 2.57678294e-03 2.50671039e-03 2.41601829e-03 2.30644519e-03 2.18045571e-03 2.04107114e-03 1.89166484e-03 1.73574408e-03 1.57674156e-03 1.41783743e-03 1.26182579e-03 1.11103165e-03 9.67276857e-04 8.31887423e-04 7.05731861e-04 5.89279282e-04 4.82667119e-04 3.85770413e-04 2.98267028e-04 2.19695374e-04 1.49503042e-04 8.70860879e-05 3.18195195e-05 -1.69199489e-05 -5.97376581e-05 -9.72100306e-05 -1.29877718e-04 -1.58241879e-04 -1.82762753e-04 -2.03859877e-04 -2.21913416e-04 -2.37266209e-04 -2.50226244e-04 -2.61069346e-04 -2.70041921e-04 -2.77363651e-04 -2.83230086e-04 -2.87815073e-04 -2.91273015e-04 -2.93740940e-04 -2.95340382e-04 -2.96179090e-04 -2.96352553e-04 -2.95945377e-04 -2.95032509e-04 -2.93680331e-04 -2.91947627e-04 -2.89886449e-04 -2.87542880e-04 -2.84957712e-04 -2.82167047e-04 -2.79202826e-04 -2.76093301e-04 -2.72863449e-04 -2.69535346e-04 -2.66128487e-04 -2.62660079e-04 -2.59145293e-04 -2.55597496e-04 -2.52028448e-04 -2.48448483e-04 -2.44866665e-04 -2.41290930e-04 -2.37728209e-04 -2.34184544e-04 -2.30665179e-04 -2.27174654e-04 -2.23716879e-04 -2.20295208e-04 -2.16912497e-04 -2.13571159e-04 -2.10273217e-04 -2.07020344e-04 -2.03813905e-04 -2.00654990e-04 -1.97544446e-04 -1.94482905e-04 -1.91470809e-04 -1.88508433e-04 -1.85595902e-04 -1.82733211e-04 -1.79920242e-04 -1.77156776e-04 -1.74442507e-04 -1.71777051e-04 -1.69159962e-04 -1.66590732e-04 -1.64068808e-04
-2.06055282e-04 -2.68484155e-04 -2.96251613e-04 -2.99616158e-04 -3.01083073e-04 -3.02048400e-04 -3.02475208e-04 -3.02281922e-04 -3.01375966e-04 -2.99652560e-04 -2.96993144e-04 -2.93263622e-04 -2.88312392e-04 -2.81968184e-04 -2.74037667e-04 -2.64302851e-04 -2.52518288e-04 -2.38408109e-04 -2.21662952e-04 -2.01936874e-04 -1.78844392e-04 -1.51957854e-04 -1.20805429e-04 -8.48701189e-05 -4.35903078e-05 3.63744220e-06 5.74524868e-05 1.18520005e-04 1.87515444e-04 2.65102090e-04 3.51900280e-04 4.48446936e-04 5.55144500e-04 6.72199207e-04 7.99550040e-04 9.36791676e-04 1.08309732e-03 1.23715013e-03 1.39709466e-03 1.56052121e-03 1.72449560e-03 1.88564383e-03 2.04029426e-03 2.18467152e-03 2.31512630e-03 2.42837743e-03 2.52173905e-03 2.59330764e-03 2.64209178e-03 2.66807831e-03 2.67223990e-03 2.65649713e-03 2.62365031e-03 2.57729239e-03 2.52170382e-03 2.46171627e-03 2.40251754e-03 2.34936370e-03 2.30717558e-03 2.28003637e-03 2.27067015e-03 2.28003637e-03 2.30717558e-03 2.34936370e-03 2.40251754e-03 2.46171627e-03 2.52170382e-03 2.57729239e-03 2.62365031e-03 2.65649713e-03 2.67223990e-03 2.66807831e-03 2.64209178e-03 2.59330764e-03 2.52173905e-03 2.42837743e-03 2.31512630e-03 2.18467152e-03 2.04029426e-03 1.88564383e-03 1.72449560e-03 1.56052121e-03 1.39709466e-03 1.23715013e-03 1.08309732e-03 9.36791676e-04 7.99550040e-04 6.72199207e-04 5.55144500e-04 4.48446936e-04 3.51900280e-04 2.65102090e-04 1.87515444e-04 1.18520005e-04 5.74524868e-05 3.63744220e-06 -4.35903078e-05 -8.48701189e-05 -1.20805429e-04 -1.51957854e-04 -1.78844392e-04 -2.01936874e-04 -2.21662952e-04 -2.38408109e-04 -2.52518288e-04 -2.64302851e-04 -2.74037667e-04 -2.81968184e-04 -2.88312392e-04 -2.93263622e-04 -2.96993144e-04 -2.99652560e-04 -3.01375966e-04 -3.02281922e-04 -3.02475208e-04 -3.02048400e-04 -3.01083275e-04 -2.99652057e-04 -2.97818523e-04 -2.95638984e-04 -2.93163151e-04 -2.90434900e-04 -2.87492951e-04 -2.84371459e-04 -2.81100548e-04 -2.77706771e-04 -2.74213524e-04 -2.70641407e-04 -2.67008541e-04 -2.63330858e-04 -2.59622343e-04 -2.55895262e-04 -2.52160352e-04 -2.48426996e-04 -2.44703378e-04 -2.40996616e-04 -2.37312883e-04 -2.33657515e-04 -2.30035104e-04 -2.26449583e-04 -2.22904300e-04 -2.19402085e-04 -2.15945309e-04 -2.12535935e-04 -2.09175567e-04 -2.05865490e-04 -2.02606706e-04 -1.99399971e-04 -1.96245819e-04 -1.93144592e-04 -1.90096461e-04 -1.87101450e-04 -1.84159450e-04 -1.81270240e-04 -1.78433497e-04 -1.75648813e-04 -1.72915708e-04 -1.70233633e-04 -1.67601988e-04 -1.65020125e-04 -1.62487356e-04
-1.98713766e-04 -2.67279726e-04 -2.99587616e-04 -3.03752252e-04 -3.05740105e-04 -3.07257247e-04 -3.08279245e-04 -3.08727678e-04 -3.08513175e-04 -3.07534261e-04 -3.05675744e-04 -3.02806907e-04 -2.98779472e-04 -2.93425341e-04 -2.86554079e-04 -2.77950161e-04 -2.67369967e-04 -2.54538556e-04 -2.39146271e-04 -2.20845245e-04 -1.99245946e-04 -1.73913948e-04 -1.44367204e-04 -1.10074226e-04 -7.04536827e-05 -2.48761562e-05 2.73310543e-05 8.68749043e-05 1.54481970e-04 2.30876600e-04 3.16750134e-04 4.12719511e-04 5.19273989e-04 6.36709500e-04 7.65051602e-04 9.03970199e-04 1.05269205e-03 1.20992046e-03 1.37377486e-03 1.54176511e-03 1.71081554e-03 1.87735023e-03 2.03744421e-03 2.18703446e-03 2.32217348e-03 2.43929824e-03 2.53548260e-03 2.60864417e-03 2.65768532e-03 2.68256172e-03 2.68428560e-03 2.66488000e-03 2.62730395e-03 2.57536301e-03 2.51360779e-03 2.44720519e-03 2.38174885e-03 2.32296325e-03 2.27626622e-03 2.24619943e-03 2.23581701e-03 2.24619943e-03 2.27626622e-03 2.32296325e-03 2.38174885e-03 2.44720519e-03 2.51360779e-03 2.57536301e-03 2.62730395e-03 2.66488000e-03 2.68428560e-03 2.68256172e-03 2.65768532e-03 2.60864417e-03 2.53548260e-03 2.43929824e-03 2.32217348e-03 2.18703446e-03 2.03744421e-03 1.87735023e-03 1.71081554e-03 1.54176511e-03 1.37377486e-03 1.20992046e-03 1.05269205e-03 9.03970199e-04 7.65051602e-04 6.36709500e-04 5.19273989e-04 4.12719511e-04 3.16750134e-04 2.30876600e-04 1.54481970e-04 8.68749043e-05 2.73310543e-05 -2.48761562e-05 -7.04536827e-05 -1.10074226e-04 -1.44367204e-04 -1.73913948e-04 -1.99245946e-04 -2.20845245e-04 -2.39146271e-04 -2.54538556e-04 -2.67369967e-04 -2.77950161e-04 -2.86554079e-04 -2.93425341e-04 -2.98779472e-04 -3.02806907e-04 -3.05675744e-04 -3.07534261e-04 -3.08513175e-04 -3.08727678e-04 -3.08279245e-04 -3.07257247e-04 -3.05740382e-04 -3.03797934e-04 -3.01490895e-04 -2.98872945e-04 -2.95991319e-04 -2.92887575e-04 -2.89598259e-04 -2.86155504e-04 -2.82587546e-04 -2.78919184e-04 -2.75172180e-04 -2.71365620e-04 -2.67516221e-04 -2.63638609e-04 -2.59745565e-04 -2.55848233e-04 -2.51956314e-04 -2.48078232e-04 -2.44221281e-04 -2.40391755e-04 -2.36595066e-04 -2.32835843e-04 -2.29118023e-04 -2.25444934e-04 -2.21819362e-04 -2.18243618e-04 -2.14719588e-04 -2.11248790e-04 -2.07832412e-04 -2.04471355e-04 -2.01166265e-04 -1.97917564e-04 -1.94725481e-04 -1.91590071e-04 -1.88511240e-04 -1.85488766e-04 -1.82522310e-04 -1.79611438e-04 -1.76755631e-04 -1.73954295e-04 -1.71206779e-04 -1.68512374e-04 -1.65870333e-04 -1.63279868e-04 -1.60740164e-04
-1.91308927e-04 -2.65609299e-04 -3.02426658e-04 -3.07390694e-04 -3.09890756e-04 -3.11951414e-04 -3.13561271e-04 -3.14645305e-04 -3.15117633e-04 -3.14880416e-04 -3.13822217e-04 -3.11816148e-04 -3.08717776e-04 -3.04362774e-04 -2.98564299e-04 -2.91110081e-04 -2.81759228e-04 -2.70238748e-04 -2.56239828e-04 -2.39413943e-04 -2.19368893e-04 -1.95664958e-04 -1.67811429e-04 -1.35263895e-04 -9.74228270e-05 -5.36341666e-05 -3.19289267e-06 5.46492241e-05 1.20670157e-04 1.95656657e-04 2.80373803e-04 3.75523031e-04 4.81686917e-04 5.99259759e-04 7.28364465e-04 8.68758603e-04 1.01973571e-03 1.18003190e-03 1.34775173e-03 1.52033056e-03 1.69455091e-03 1.86662743e-03 2.03236692e-03 2.18739800e-03 2.32745106e-03 2.44865735e-03 2.54783010e-03 2.62269331e-03 2.67203482e-03 2.69577656e-03 2.69497136e-03 2.67174726e-03 2.62922419e-03 2.57142190e-03 2.50316375e-03 2.42995966e-03 2.35782757e-03 2.29299476e-03 2.24142680e-03 2.20818231e-03 2.19669400e-03 2.20818231e-03 2.24142680e-03 2.29299476e-03 2.35782757e-03 2.42995966e-03 2.50316375e-03 2.57142190e-03 2.62922419e-03 2.67174726e-03 2.69497136e-03 2.69577656e-03 2.67203482e-03 2.62269331e-03 2.54783010e-03 2.44865735e-03 2.32745106e-03 2.18739800e-03 2.03236692e-03 1.86662743e-03 1.69455091e-03 1.52033056e-03 1.34775173e-03 1.18003190e-03 1.01973571e-03 8.68758603e-04 7.28364465e-04 5.99259759e-04 4.81686917e-04 3.75523031e-04 2.80373803e-04 1.95656657e-04 1.20670157e-04 5.46492241e-05 -3.19289267e-06 -5.36341666e-05 -9.74228270e-05 -1.35263895e-04 -1.67811429e-04 -1.95664958e-04 -2.19368893e-04 -2.39413943e-04 -2.56239828e-04 -2.70238748e-04 -2.81759228e-04 -2.91110081e-04 -2.98564299e-04 -3.04362774e-04 -3.08717776e-04 -3.11816148e-04 -3.13822217e-04 -3.14880416e-04 -3.15117633e-04 -3.14645305e-04 -3.13561271e-04 -3.11951415e-04 -3.09891111e-04 -3.07446502e-04 -3.04675616e-04 -3.01629355e-04 -2.98352354e-04 -2.94883744e-04 -2.91257815e-04 -2.87504599e-04 -2.83650385e-04 -2.79718164e-04 -2.75728026e-04 -2.71697507e-04 -2.67641892e-04 -2.63574482e-04 -2.59506832e-04 -2.55448955e-04 -2.51409505e-04 -2.47395939e-04 -2.43414657e-04 -2.39471128e-04 -2.35570000e-04 -2.31715197e-04 -2.27910003e-04 -2.24157143e-04 -2.20458845e-04 -2.16816903e-04 -2.13232727e-04 -2.09707391e-04 -2.06241675e-04 -2.02836100e-04 -1.99490960e-04 -1.96206353e-04 -1.92982205e-04 -1.89818291e-04 -1.86714260e-04 -1.83669646e-04 -1.80683889e-04 -1.77756346e-04 -1.74886305e-04 -1.72072996e-04 -1.69315599e-04 -1.66613252e-04 -1.63965064e-04 -1.61370114e-04 -1.58827463e-04
-1.83855571e-04 -2.63481324e-04 -3.04749966e-04 -3.10509210e-04 -3.13510730e-04 -3.16104469e-04 -3.18292547e-04 -3.20003577e-04 -3.21155436e-04 -3.21654243e-04 -3.21392696e-04 -3.20248179e-04 -3.18080619e-04 -3.14730066e-04 -3.10013966e-04 -3.03724114e-04 -2.95623271e-04 -2.85441451e-04 -2.72871885e-04 -2.57566730e-04 -2.39132605e-04 -2.17126117e-04 -1.91049620e-04 -1.60347577e-04 -1.24404044e-04 -8.25419956e-05 -3.40254951e-05 2.19340295e-05 8.61657555e-05 1.59519715e-04 2.42837047e-04 3.36907852e-04 4.42414405e-04 5.59858216e-04 6.89470859e-04 8.31111003e-04 9.84153654e-04 1.14738219e-03 1.31889861e-03 1.49607157e-03 1.67554298e-03 1.85331110e-03 2.02489937e-03 2.18560607e-03 2.33081368e-03 2.45632200e-03 2.55866167e-03 2.63534754e-03 2.68504468e-03 2.70763921e-03 2.70422634e-03 2.67704185e-03 2.62936811e-03 2.56543872e-03 2.49034946e-03 2.40995760e-03 2.33072141e-03 2.25940577e-03 2.20257956e-03 2.16588583e-03 2.15319346e-03 2.16588583e-03 2.20257956e-03 2.25940577e-03 2.33072141e-03 2.40995760e-03 2.49034946e-03 2.56543872e-03 2.62936811e-03 2.67704185e-03 2.70422634e-03 2.70763921e-03 2.68504468e-03 2.63534754e-03 2.55866167e-03 2.45632200e-03 2.33081368e-03 2.18560607e-03 2.02489937e-03 1.85331110e-03 1.67554298e-03 1.49607157e-03 1.31889861e-03 1.14738219e-03 9.84153654e-04 8.31111003e-04 6.89470859e-04 5.59858216e-04 4.42414405e-04 3.36907852e-04 2.42837047e-04 1.59519715e-04 8.61657555e-05 2.19340295e-05 -3.40254951e-05 -8.25419956e-05 -1.24404044e-04 -1.60347577e-04 -1.91049620e-04 -2.17126117e-04 -2.39132605e-04 -2.57566730e-04 -2.72871885e-04 -2.85441451e-04 -2.95623271e-04 -3.03724114e-04 -3.10013966e-04 -3.14730066e-04 -3.18080619e-04 -3.20248179e-04 -3.21392696e-04 -3.21654243e-04 -3.21155436e-04 -3.20003577e-04 -3.18292547e-04 -3.16104470e-04 -3.13511167e-04 -3.10575441e-04 -3.07352194e-04 -3.03889412e-04 -3.00229014e-04 -2.96407610e-04 -2.92457151e-04 -2.88405506e-04 -2.84276961e-04 -2.80092656e-04 -2.75870974e-04 -2.71627874e-04 -2.67377185e-04 -2.63130869e-04 -2.58899242e-04 -2.54691175e-04 -2.50514271e-04 -2.46375018e-04 -2.42278921e-04 -2.38230623e-04 -2.34234012e-04 -2.30292308e-04 -2.26408150e-04 -2.22583661e-04 -2.18820520e-04 -2.15120009e-04 -2.11483067e-04 -2.07910333e-04 -2.04402184e-04 -2.00958768e-04 -1.97580036e-04 -1.94265767e-04 -1.91015591e-04 -1.87829013e-04 -1.84705425e-04 -1.81644130e-04 -1.78644350e-04 -1.75705241e-04 -1.72825906e-04 -1.70005399e-04 -1.67242742e-04 -1.64536924e-04 -1.61886915e-04 -1.59291666e-04 -1.56750120e-04
-1.76369145e-04 -2.60906058e-04 -3.06540489e-04 -3.13087106e-04 -3.16577287e-04 -3.19691506e-04 -3.22445822e-04 -3.24772701e-04 -3.26594043e-04 -3.27820234e-04 -3.28348470e-04 -3.28060843e-04 -3.26822151e-04 -3.24477419e-04 -3.20849082e-04 -3.15733814e-04 -3.08898979e-04 -3.00078684e-04 -2.88969449e-04 -2.75225526e-04 -2.58453936e-04 -2.38209365e-04 -2.13989134e-04 -1.85228595e-04 -1.51297453e-04 -1.11497733e-04 -6.50643933e-05 -1.11699216e-05 5.10653545e-05 1.22555083e-04 2.04218272e-04 2.96937430e-04 4.01500675e-04 5.18525625e-04 6.48364304e-04 7.90990882e-04 9.45878019e-04 1.11187282e-03 1.28708929e-03 1.46883941e-03 1.65362738e-03 1.83722910e-03 2.01486922e-03 2.18149246e-03 2.33210562e-03 2.46214918e-03 2.56784754e-03 2.64649011e-03 2.69661102e-03 2.71805935e-03 2.71197538e-03 2.68070583e-03 2.62769633e-03 2.55739189e-03 2.47515687e-03 2.38719592e-03 2.30042009e-03 2.22216626e-03 2.15966738e-03 2.11922883e-03 2.10522457e-03 2.11922883e-03 2.15966738e-03 2.22216626e-03 2.30042009e-03 2.38719592e-03 2.47515687e-03 2.55739189e-03 2.62769633e-03 2.68070583e-03 2.71197538e-03 2.71805935e-03 2.69661102e-03 2.64649011e-03 2.56784754e-03 2.46214918e-03 2.33210562e-03 2.18149246e-03 2.01486922e-03 1.83722910e-03 1.65362738e-03 1.46883941e-03 1.28708929e-03 1.11187282e-03 9.45878019e-04 7.90990882e-04 6.48364304e-04 5.18525625e-04 4.01500675e-04 2.96937430e-04 2.04218272e-04 1.22555083e-04 5.10653545e-05 -1.11699216e-05 -6.50643933e-05 -1.11497733e-04 -1.51297453e-04 -1.85228595e-04 -2.13989134e-04 -2.38209365e-04 -2.58453936e-04 -2.75225526e-04 -2.88969449e-04 -3.00078684e-04 -3.08898979e-04 -3.15733814e-04 -3.20849082e-04 -3.24477419e-04 -3.26822151e-04 -3.28060843e-04 -3.28348470e-04 -3.27820234e-04 -3.26594043e-04 -3.24772701e-04 -3.22445822e-04 -3.19691507e-04 -3.16577807e-04 -3.13164002e-04 -3.09501717e-04 -3.05635894e-04 -3.01605633e-04 -2.97444937e-04 -2.93183350e-04 -2.88846519e-04 -2.84456681e-04 -2.80033092e-04 -2.75592399e-04 -2.71148962e-04 -2.66715141e-04 -2.62301543e-04 -2.57917240e-04 -2.53569961e-04 -2.49266254e-04 -2.45011637e-04 -2.40810724e-04 -2.36667338e-04 -2.32584609e-04 -2.28565062e-04 -2.24610695e-04 -2.20723042e-04 -2.16903234e-04 -2.13152053e-04 -2.09469975e-04 -2.05857211e-04 -2.02313744e-04 -1.98839359e-04 -1.95433670e-04 -1.92096146e-04 -1.88826130e-04 -1.85622862e-04 -1.82485489e-04 -1.79413088e-04 -1.76404669e-04 -1.73459197e-04 -1.70575592e-04 -1.67752745e-04 -1.64989521e-04 -1.62284769e-04 -1.59637325e-04 -1.57046020e-04 -1.54509680e-04
-1.68865686e-04 -2.57895560e-04 -3.07783137e-04 -3.15105526e-04 -3.19069519e-04 -3.22689445e-04 -3.25995649e-04 -3.28924654e-04 -3.31402629e-04 -3.33344520e-04 -3.34652375e-04 -3.35213409e-04 -3.34897790e-04 -3.33556108e-04 -3.31016483e-04 -3.27081287e-04 -3.21523437e-04 -3.14082247e-04 -3.04458812e-04 -2.92310953e-04 -2.77247763e-04 -2.58823882e-04 -2.36533667e-04 -2.09805596e-04 -1.77997373e-04 -1.40392438e-04 -9.61988891e-05 -4.45521836e-05 1.54765605e-05 8.48643236e-05 1.64609172e-04 2.55689217e-04 3.59004184e-04 4.75296613e-04 6.05051110e-04 7.48372653e-04 9.04849276e-04 1.07341040e-03 1.25219910e-03 1.43848327e-03 1.62863447e-03 1.81820135e-03 2.00209439e-03 2.17488021e-03 2.33116002e-03 2.46598475e-03 2.57524714e-03 2.65599394e-03 2.70662056e-03 2.72693885e-03 2.71813807e-03 2.68267968e-03 2.62417279e-03 2.54726909e-03 2.45759355e-03 2.36169286e-03 2.26693851e-03 2.18127230e-03 2.11265716e-03 2.06815104e-03 2.05271590e-03 2.06815104e-03 2.11265716e-03 2.18127230e-03 2.26693851e-03 2.36169286e-03 2.45759355e-03 2.54726909e-03 2.62417279e-03 2.68267968e-03 2.71813807e-03 2.72693885e-03 2.70662056e-03 2.65599394e-03 2.57524714e-03 2.46598475e-03 2.33116002e-03 2.17488021e-03 2.00209439e-03 1.81820135e-03 1.62863447e-03 1.43848327e-03 1.25219910e-03 1.07341040e-03 9.04849276e-04 7.48372653e-04 6.05051110e-04 4.75296613e-04 3.59004184e-04 2.55689217e-04 1.64609172e-04 8.48643236e-05 1.54765605e-05 -4.45521836e-05 -9.61988891e-05 -1.40392438e-04 -1.77997373e-04 -2.09805596e-04 -2.36533667e-04 -2.58823882e-04 -2.77247763e-04 -2.92310953e-04 -3.04458812e-04 -3.14082247e-04 -3.21523437e-04 -3.27081287e-04 -3.31016483e-04 -3.33556108e-04 -3.34897790e-04 -3.35213409e-04 -3.34652375e-04 -3.33344520e-04 -3.31402629e-04 -3.28924654e-04 -3.25995649e-04 -3.22689446e-04 -3.19070124e-04 -3.15193273e-04 -3.11107101e-04 -3.06853394e-04 -3.02468342e-04 -2.97983265e-04 -2.93425240e-04 -2.88817646e-04 -2.84180638e-04 -2.79531558e-04 -2.74885295e-04 -2.70254598e-04 -2.65650347e-04 -2.61081791e-04 -2.56556757e-04 -2.52081829e-04 -2.47662505e-04 -2.43303340e-04 -2.39008061e-04 -2.34779678e-04 -2.30620575e-04 -2.26532589e-04 -2.22517087e-04 -2.18575020e-04 -2.14706987e-04 -2.10913277e-04 -2.07193913e-04 -2.03548690e-04 -1.99977206e-04 -1.96478890e-04 -1.93053033e-04 -1.89698800e-04 -1.86415258e-04 -1.83201390e-04 -1.80056108e-04 -1.76978267e-04 -1.73966679e-04 -1.71020121e-04 -1.68137342e-04 -1.65317072e-04 -1.62558031e-04 -1.59858931e-04 -1.57218483e-04 -1.54635400e-04 -1.52108402e-04
-1.61361744e-04 -2.54463673e-04 -3.08465022e-04 -3.16547720e-04 -3.20968640e-04 -3.25077334e-04 -3.28918704e-04 -3.32433522e-04 -3.35552448e-04 -3.38195266e-04 -3.40269206e-04 -3.41667008e-04 -3.42264690e-04 -3.41918980e-04 -3.40464366e-04 -3.37709727e-04 -3.33434496e-04 -3.27384314e-04 -3.19266165e-04 -3.08742958e-04 -2.95427612e-04 -2.78876704e-04 -2.58583855e-04 -2.33973118e-04 -2.04392822e-04 -1.69110554e-04 -1.27310243e-04 -7.80927660e-05 -2.04819486e-05 4.65615382e-05 1.24115276e-04 2.13255493e-04 3.14998742e-04 4.30221052e-04 5.59551944e-04 7.03243323e-04 8.61017851e-04 1.03190810e-03 1.21410607e-03 1.40485108e-03 1.60038962e-03 1.79603981e-03 1.98638270e-03 2.16558099e-03 2.32779806e-03 2.46766252e-03 2.58070794e-03 2.66372049e-03 2.71494943e-03 2.73417054e-03 2.72262759e-03 2.68290143e-03 2.61876441e-03 2.53506760e-03 2.43768392e-03 2.33349043e-03 2.23032019e-03 2.13674996e-03 2.06154352e-03 2.01261609e-03 1.99561806e-03 2.01261609e-03 2.06154352e-03 2.13674996e-03 2.23032019e-03 2.33349043e-03 2.43768392e-03 2.53506760e-03 2.61876441e-03 2.68290143e-03 2.72262759e-03 2.73417054e-03 2.71494943e-03 2.66372049e-03 2.58070794e-03 2.46766252e-03 2.32779806e-03 2.16558099e-03 1.98638270e-03 1.79603981e-03 1.60038962e-03 1.40485108e-03 1.21410607e-03 1.03190810e-03 8.61017851e-04 7.03243323e-04 5.59551944e-04 4.30221052e-04 3.14998742e-04 2.13255493e-04 1.24115276e-04 4.65615382e-05 -2.04819486e-05 -7.80927660e-05 -1.27310243e-04 -1.69110554e-04 -2.04392822e-04 -2.33973118e-04 -2.58583855e-04 -2.78876704e-04 -2.95427612e-04 -3.08742958e-04 -3.19266165e-04 -3.27384314e-04 -3.33434496e-04 -3.37709727e-04 -3.40464366e-04 -3.41918980e-04 -3.42264690e-04 -3.41667008e-04 -3.40269206e-04 -3.38195266e-04 -3.35552448e-04 -3.32433522e-04 -3.28918704e-04 -3.25077335e-04 -3.20969332e-04 -3.16646445e-04 -3.12153344e-04 -3.07528559e-04 -3.02805290e-04 -2.98012114e-04 -2.93173595e-04 -2.88310806e-04 -2.83441791e-04 -2.78581961e-04 -2.73744435e-04 -2.68940344e-04 -2.64179086e-04 -2.59468553e-04 -2.54815329e-04 -2.50224859e-04 -2.45701602e-04 -2.41249155e-04 -2.36870372e-04 -2.32567460e-04 -2.28342067e-04 -2.24195355e-04 -2.20128071e-04 -2.16140599e-04 -2.12233014e-04 -2.08405126e-04 -2.04656516e-04 -2.00986575e-04 -1.97394527e-04 -1.93879461e-04 -1.90440348e-04 -1.87076065e-04 -1.83785412e-04 -1.80567124e-04 -1.77419885e-04 -1.74342345e-04 -1.71333120e-04 -1.68390808e-04 -1.65513997e-04 -1.62701264e-04 -1.59951190e-04 -1.57262358e-04 -1.54633359e-04 -1.52062798e-04 -1.49549294e-04
-1.53874311e-04 -2.50626005e-04 -3.08575702e-04 -3.17399326e-04 -3.22258277e-04 -3.26836659e-04 -3.31194125e-04 -3.35275858e-04 -3.39017216e-04 -3.42343074e-04 -3.45166153e-04 -3.47385096e-04 -3.48882228e-04 -3.49520966e-04 -3.49142833e-04 -3.47564010e-04 -3.44571391e-04 -3.39918077e-04 -3.33318265e-04 -3.24441512e-04 -3.12906371e-04 -2.98273445e-04 -2.80037985e-04 -2.57622269e-04 -2.30368160e-04 -1.97530473e-04 -1.58272124e-04 -1.11662431e-04 -5.66805266e-05 7.77350276e-06 8.28563714e-05 1.69744099e-04 2.69574574e-04 3.83365432e-04 5.11903455e-04 6.55604275e-04 8.14345931e-04 9.87287322e-04 1.17269228e-03 1.36779042e-03 1.56871372e-03 1.77054850e-03 1.96753147e-03 2.15339439e-03 2.32182809e-03 2.46700319e-03 2.58406443e-03 2.66951850e-03 2.72146177e-03 2.73963686e-03 2.72534941e-03 2.68130564e-03 2.61144043e-03 2.52079439e-03 2.41547045e-03 2.30265674e-03 2.19064085e-03 2.08865957e-03 2.00635286e-03 1.95261471e-03 1.93390637e-03 1.95261471e-03 2.00635286e-03 2.08865957e-03 2.19064085e-03 2.30265674e-03 2.41547045e-03 2.52079439e-03 2.61144043e-03 2.68130564e-03 2.72534941e-03 2.73963686e-03 2.72146177e-03 2.66951850e-03 2.58406443e-03 2.46700319e-03 2.32182809e-03 2.15339439e-03 1.96753147e-03 1.77054850e-03 1.56871372e-03 1.36779042e-03 1.17269228e-03 9.87287322e-04 8.14345931e-04 6.55604275e-04 5.11903455e-04 3.83365432e-04 2.69574574e-04 1.69744099e-04 8.28563714e-05 7.77350276e-06 -5.66805266e-05 -1.11662431e-04 -1.58272124e-04 -1.97530473e-04 -2.30368160e-04 -2.57622269e-04 -2.80037985e-04 -2.98273445e-04 -3.12906371e-04 -3.24441512e-04 -3.33318265e-04 -3.39918077e-04 -3.44571391e-04 -3.47564010e-04 -3.49142833e-04 -3.49520966e-04 -3.48882228e-04 -3.47385096e-04 -3.45166153e-04 -3.42343074e-04 -3.39017216e-04 -3.35275858e-04 -3.31194125e-04 -3.26836661e-04 -3.22259057e-04 -3.17509089e-04 -3.12627782e-04 -3.07650328e-04 -3.02606874e-04 -2.97523206e-04 -2.92421335e-04 -2.87320006e-04 -2.82235137e-04 -2.77180195e-04 -2.72166528e-04 -2.67203648e-04 -2.62299474e-04 -2.57460549e-04 -2.52692224e-04 -2.47998818e-04 -2.43383759e-04 -2.38849704e-04 -2.34398646e-04 -2.30032003e-04 -2.25750702e-04 -2.21555246e-04 -2.17445777e-04 -2.13422124e-04 -2.09483854e-04 -2.05630313e-04 -2.01860653e-04 -1.98173874e-04 -1.94568840e-04 -1.91044309e-04 -1.87598949e-04 -1.84231359e-04 -1.80940081e-04 -1.77723615e-04 -1.74580429e-04 -1.71508972e-04 -1.68507679e-04 -1.65574978e-04 -1.62709301e-04 -1.59909084e-04 -1.57172774e-04 -1.54498835e-04 -1.51885745e-04 -1.49332006e-04 -1.46836143e-04
-1.46420733e-04 -2.46399895e-04 -3.08107415e-04 -3.17648635e-04 -3.22924767e-04 -3.27951668e-04 -3.32803847e-04 -3.37431043e-04 -3.41773498e-04 -3.45761399e-04 -3.49313247e-04 -3.52333934e-04 -3.54712521e-04 -3.56319641e-04 -3.57004486e-04 -3.56591313e-04 -3.54875411e-04 -3.51618452e-04 -3.46543180e-04 -3.39327379e-04 -3.29597093e-04 -3.16919113e-04 -3.00792819e-04 -2.80641551e-04 -2.55803863e-04 -2.25525249e-04 -1.88951225e-04 -1.45123167e-04 -9.29788397e-05 -3.13603647e-05 4.09667656e-05 1.25279046e-04 2.22839294e-04 3.34814195e-04 4.62159932e-04 6.05473147e-04 7.64809410e-04 9.39479552e-04 1.12784545e-03 1.32714965e-03 1.53342378e-03 1.74152351e-03 1.94532715e-03 2.13810727e-03 2.31304472e-03 2.46381331e-03 2.58513683e-03 2.67322269e-03 2.72600842e-03 2.74320841e-03 2.72619997e-03 2.67782219e-03 2.60217169e-03 2.50446606e-03 2.39101460e-03 2.26928841e-03 2.14801220e-03 2.03710045e-03 1.94714779e-03 1.88816804e-03 1.86758358e-03 1.88816804e-03 1.94714779e-03 2.03710045e-03 2.14801220e-03 2.26928841e-03 2.39101460e-03 2.50446606e-03 2.60217169e-03 2.67782219e-03 2.72619997e-03 2.74320841e-03 2.72600842e-03 2.67322269e-03 2.58513683e-03 2.46381331e-03 2.31304472e-03 2.13810727e-03 1.94532715e-03 1.74152351e-03 1.53342378e-03 1.32714965e-03 1.12784545e-03 9.39479552e-04 7.64809410e-04 6.05473147e-04 4.62159932e-04 3.34814195e-04 2.22839294e-04 1.25279046e-04 4.09667656e-05 -3.13603647e-05 -9.29788397e-05 -1.45123167e-04 -1.88951225e-04 -2.25525249e-04 -2.55803863e-04 -2.80641551e-04 -3.00792819e-04 -3.16919113e-04 -3.29597093e-04 -3.39327379e-04 -3.46543180e-04 -3.51618452e-04 -3.54875411e-04 -3.56591313e-04 -3.57004486e-04 -3.56319641e-04 -3.54712521e-04 -3.52333934e-04 -3.49313247e-04 -3.45761399e-04 -3.41773498e-04 -3.37431043e-04 -3.32803847e-04 -3.27951670e-04 -3.22925634e-04 -3.17769428e-04 -3.12520347e-04 -3.07210177e-04 -3.01865964e-04 -2.96510667e-04 -2.91163725e-04 -2.85841538e-04 -2.80557890e-04 -2.75324309e-04 -2.70150373e-04 -2.65043984e-04 -2.60011594e-04 -2.55058410e-04 -2.50188566e-04 -2.45405271e-04 -2.40710939e-04 -2.36107304e-04 -2.31595516e-04 -2.27176223e-04 -2.22849649e-04 -2.18615655e-04 -2.14473794e-04 -2.10423359e-04 -2.06463427e-04 -2.02592891e-04 -1.98810496e-04 -1.95114860e-04 -1.91504504e-04 -1.87977870e-04 -1.84533334e-04 -1.81169230e-04 -1.77883856e-04 -1.74675488e-04 -1.71542389e-04 -1.68482818e-04 -1.65495037e-04 -1.62577317e-04 -1.59727941e-04 -1.56945213e-04 -1.54227456e-04 -1.51573021e-04 -1.48980283e-04 -1.46447647e-04 -1.43973551e-04
-1.39018618e-04 -2.41804380e-04 -3.07055322e-04 -3.17286874e-04 -3.22957450e-04 -3.28409682e-04 -3.33732948e-04 -3.38881664e-04 -3.43801108e-04 -3.48426985e-04 -3.52683823e-04 -3.56483085e-04 -3.59720962e-04 -3.62275793e-04 -3.64005043e-04 -3.64741785e-04 -3.64290603e-04 -3.62422835e-04 -3.58871093e-04 -3.53322968e-04 -3.45413880e-04 -3.34719036e-04 -3.20744541e-04 -3.02917798e-04 -2.80577464e-04 -2.52963487e-04 -2.19208070e-04 -1.78328863e-04 -1.29226353e-04 -7.06882425e-05 -1.40463883e-06 8.00009596e-05 1.74918762e-04 2.84671019e-04 4.10394966e-04 5.52885788e-04 7.12399998e-04 8.88428400e-04 1.07946069e-03 1.28277925e-03 1.49433364e-03 1.70875323e-03 1.91954501e-03 2.11949298e-03 2.30122781e-03 2.45788413e-03 2.58372987e-03 2.67465237e-03 2.72842536e-03 2.74474242e-03 2.72506511e-03 2.67237493e-03 2.59092957e-03 2.48610843e-03 2.36439746e-03 2.23351270e-03 2.10258583e-03 1.98221595e-03 1.88403209e-03 1.81933122e-03 1.79668254e-03 1.81933122e-03 1.88403209e-03 1.98221595e-03 2.10258583e-03 2.23351270e-03 2.36439746e-03 2.48610843e-03 2.59092957e-03 2.67237493e-03 2.72506511e-03 2.74474242e-03 2.72842536e-03 2.67465237e-03 2.58372987e-03 2.45788413e-03 2.30122781e-03 2.11949298e-03 1.91954501e-03 1.70875323e-03 1.49433364e-03 1.28277925e-03 1.07946069e-03 8.88428400e-04 7.12399998e-04 5.52885788e-04 4.10394966e-04 2.84671019e-04 1.74918762e-04 8.00009596e-05 -1.40463883e-06 -7.06882425e-05 -1.29226353e-04 -1.78328863e-04 -2.19208070e-04 -2.52963487e-04 -2.80577464e-04 -3.02917798e-04 -3.20744541e-04 -3.34719036e-04 -3.45413880e-04 -3.53322968e-04 -3.58871093e-04 -3.62422835e-04 -3.64290603e-04 -3.64741785e-04 -3.64005043e-04 -3.62275793e-04 -3.59720962e-04 -3.56483085e-04 -3.52683823e-04 -3.48426985e-04 -3.43801108e-04 -3.38881664e-04 -3.33732948e-04 -3.28409684e-04 -3.22958404e-04 -3.17418620e-04 -3.11823827e-04 -3.06202359e-04 -3.00578127e-04 -2.94971245e-04 -2.89398568e-04 -2.83874152e-04 -2.78409652e-04 -2.73014663e-04 -2.67697009e-04 -2.62462997e-04 -2.57317632e-04 -2.52264805e-04 -2.47307452e-04 -2.42447693e-04 -2.37686953e-04 -2.33026063e-04 -2.28465352e-04 -2.24004719e-04 -2.19643707e-04 -2.15381554e-04 -2.11217246e-04 -2.07149559e-04 -2.03177096e-04 -1.99298318e-04 -1.95511576e-04 -1.91815127e-04 -1.88207164e-04 -1.84685825e-04 -1.81249213e-04 -1.77895408e-04 -1.74622477e-04 -1.71428484e-04 -1.68311500e-04 -1.65269607e-04 -1.62300903e-04 -1.59403510e-04 -1.56575577e-04 -1.53815282e-04 -1.51120834e-04 -1.48490479e-04 -1.45922496e-04 -1.43415203e-04 -1.40966956e-04
-1.31685728e-04 -2.36860149e-04 -3.05417737e-04 -3.16308481e-04 -3.22348973e-04 -3.28201423e-04 -3.33969996e-04 -3.39613880e-04 -3.45083517e-04 -3.50320298e-04 -3.55254998e-04 -3.59805931e-04 -3.63876778e-04 -3.67354029e-04 -3.70103988e-04 -3.71969241e-04 -3.72764527e-04 -3.72271911e-04 -3.70235164e-04 -3.66353253e-04 -3.60272865e-04 -3.51579881e-04 -3.39789818e-04 -3.24337276e-04 -3.04564637e-04 -2.79710412e-04 -2.48898015e-04 -2.11126198e-04 -1.65263048e-04 -1.10046382e-04 -4.40945025e-05 3.40673116e-05 1.25957767e-04 2.33059983e-04 3.56703083e-04 4.97898269e-04 6.57127450e-04 8.34091845e-04 1.02744251e-03 1.23453330e-03 1.45125493e-03 1.67201859e-03 1.88994874e-03 2.09731066e-03 2.28614146e-03 2.44899040e-03 2.57963145e-03 2.67361002e-03 2.72853227e-03 2.74408120e-03 2.72181855e-03 2.66488022e-03 2.57768482e-03 2.46575594e-03 2.33572017e-03 2.19548947e-03 2.05455716e-03 1.92419906e-03 1.81715617e-03 1.74619711e-03 1.72126878e-03 1.74619711e-03 1.81715617e-03 1.92419906e-03 2.05455716e-03 2.19548947e-03 2.33572017e-03 2.46575594e-03 2.57768482e-03 2.66488022e-03 2.72181855e-03 2.74408120e-03 2.72853227e-03 2.67361002e-03 2.57963145e-03 2.44899040e-03 2.28614146e-03 2.09731066e-03 1.88994874e-03 1.67201859e-03 1.45125493e-03 1.23453330e-03 1.02744251e-03 8.34091845e-04 6.57127450e-04 4.97898269e-04 3.56703083e-04 2.33059983e-04 1.25957767e-04 3.40673116e-05 -4.40945025e-05 -1.10046382e-04 -1.65263048e-04 -2.11126198e-04 -2.48898015e-04 -2.79710412e-04 -3.04564637e-04 -3.24337276e-04 -3.39789818e-04 -3.51579881e-04 -3.60272865e-04 -3.66353253e-04 -3.70235164e-04 -3.72271911e-04 -3.72764527e-04 -3.71969241e-04 -3.70103988e-04 -3.67354029e-04 -3.63876778e-04 -3.59805931e-04 -3.55254998e-04 -3.50320298e-04 -3.45083517e-04 -3.39613880e-04 -3.33969996e-04 -3.28201425e-04 -3.22350014e-04 -3.16451029e-04 -3.10534119e-04 -3.04624138e-04 -2.98741847e-04 -2.92904510e-04 -2.87126400e-04 -2.81419242e-04 -2.75792577e-04 -2.70254086e-04 -2.64809861e-04 -2.59464640e-04 -2.54222005e-04 -2.49084557e-04 -2.44054061e-04 -2.39131576e-04 -2.34317563e-04 -2.29611976e-04 -2.25014349e-04 -2.20523858e-04 -2.16139387e-04 -2.11859575e-04 -2.07682864e-04 -2.03607532e-04 -1.99631731e-04 -1.95753510e-04 -1.91970843e-04 -1.88281647e-04 -1.84683799e-04 -1.81175154e-04 -1.77753554e-04 -1.74416842e-04 -1.71162868e-04 -1.67989498e-04 -1.64894621e-04 -1.61876154e-04 -1.58932046e-04 -1.56060279e-04 -1.53258878e-04 -1.50525903e-04 -1.47859462e-04 -1.45257701e-04 -1.42718814e-04 -1.40241039e-04 -1.37822659e-04
-1.24439879e-04 -2.31589494e-04 -3.03196351e-04 -3.14711375e-04 -3.21095581e-04 -3.27321330e-04 -3.33507395e-04 -3.39617803e-04 -3.45608257e-04 -3.51425969e-04 -3.57008147e-04 -3.62280193e-04 -3.67153592e-04 -3.71523392e-04 -3.75265244e-04 -3.78231896e-04 -3.80249052e-04 -3.81110513e-04 -3.80572458e-04 -3.78346767e-04 -3.74093267e-04 -3.67410788e-04 -3.57826985e-04 -3.44786907e-04 -3.27640467e-04 -3.05629127e-04 -2.77872473e-04 -2.43355777e-04 -2.00920408e-04 -1.49259859e-04 -8.69254823e-05 -1.23476031e-05 7.61204963e-05 1.80126571e-04 3.01201297e-04 4.40588922e-04 5.99021932e-04 7.76444683e-04 9.71707070e-04 1.18227132e-03 1.40399814e-03 1.63109338e-03 1.85629023e-03 2.07130441e-03 2.26753293e-03 2.43688910e-03 2.57261134e-03 2.66987990e-03 2.72613102e-03 2.74105063e-03 2.71632034e-03 2.65524542e-03 2.56240614e-03 2.44345062e-03 2.30510376e-03 2.15541276e-03 2.00416937e-03 1.86329844e-03 1.74672339e-03 1.66890033e-03 1.64144296e-03 1.66890033e-03 1.74672339e-03 1.86329844e-03 2.00416937e-03 2.15541276e-03 2.30510376e-03 2.44345062e-03 2.56240614e-03 2.65524542e-03 2.71632034e-03 2.74105063e-03 2.72613102e-03 2.66987990e-03 2.57261134e-03 2.43688910e-03 2.26753293e-03 2.07130441e-03 1.85629023e-03 1.63109338e-03 1.40399814e-03 1.18227132e-03 9.71707070e-04 7.76444683e-04 5.99021932e-04 4.40588922e-04 3.01201297e-04 1.80126571e-04 7.61204963e-05 -1.23476031e-05 -8.69254823e-05 -1.49259859e-04 -2.00920408e-04 -2.43355777e-04 -2.77872473e-04 -3.05629127e-04 -3.27640467e-04 -3.44786907e-04 -3.57826985e-04 -3.67410788e-04 -3.74093267e-04 -3.78346767e-04 -3.80572458e-04 -3.81110513e-04 -3.80249052e-04 -3.78231896e-04 -3.75265244e-04 -3.71523392e-04 -3.67153592e-04 -3.62280193e-04 -3.57008147e-04 -3.51425969e-04 -3.45608257e-04 -3.39617803e-04 -3.33507395e-04 -3.27321333e-04 -3.21096708e-04 -3.14864499e-04 -3.08650485e-04 -3.02476029e-04 -2.96358745e-04 -2.90313056e-04 -2.84350675e-04 -2.78481016e-04 -2.72711533e-04 -2.67048024e-04 -2.61494881e-04 -2.56055301e-04 -2.50731479e-04 -2.45524757e-04 -2.40435763e-04 -2.35464526e-04 -2.30610572e-04 -2.25873012e-04 -2.21250610e-04 -2.16741849e-04 -2.12344981e-04 -2.08058073e-04 -2.03879044e-04 -1.99805702e-04 -1.95835768e-04 -1.91966900e-04 -1.88196716e-04 -1.84522811e-04 -1.80942768e-04 -1.77454173e-04 -1.74054625e-04 -1.70741745e-04 -1.67513180e-04 -1.64366613e-04 -1.61299765e-04 -1.58310401e-04 -1.55396329e-04 -1.52555408e-04 -1.49785543e-04 -1.47084695e-04 -1.44450871e-04 -1.41882133e-04 -1.39376596e-04 -1.36932427e-04 -1.34547842e-04
-1.17298820e-04 -2.26016257e-04 -3.00396452e-04 -3.12497225e-04 -3.19197412e-04 -3.25767880e-04 -3.32341733e-04 -3.38887874e-04 -3.45367335e-04 -3.51733248e-04 -3.57929394e-04 -3.63888466e-04 -3.69530014e-04 -3.74757996e-04 -3.79457867e-04 -3.83493121e-04 -3.86701178e-04 -3.88888522e-04 -3.89824925e-04 -3.89236665e-04 -3.86798542e-04 -3.82124593e-04 -3.74757359e-04 -3.64155654e-04 -3.49680873e-04 -3.30582080e-04 -3.05980368e-04 -2.74853527e-04 -2.36022684e-04 -1.88143636e-04 -1.29706988e-04 -5.90530078e-05 2.55907091e-05 1.26038458e-04 2.44030528e-04 3.81060337e-04 5.38136463e-04 7.15481167e-04 9.12184690e-04 1.12586027e-03 1.35237397e-03 1.58574487e-03 1.81830933e-03 2.04120253e-03 2.24513150e-03 2.42131816e-03 2.56241976e-03 2.66322667e-03 2.72100431e-03 2.73545869e-03 2.70841538e-03 2.64336734e-03 2.54505870e-03 2.41924077e-03 2.27268863e-03 2.11351180e-03 1.95171714e-03 1.79982506e-03 1.67299724e-03 1.58762169e-03 1.55734311e-03 1.58762169e-03 1.67299724e-03 1.79982506e-03 1.95171714e-03 2.11351180e-03 2.27268863e-03 2.41924077e-03 2.54505870e-03 2.64336734e-03 2.70841538e-03 2.73545869e-03 2.72100431e-03 2.66322667e-03 2.56241976e-03 2.42131816e-03 2.24513150e-03 2.04120253e-03 1.81830933e-03 1.58574487e-03 1.35237397e-03 1.12586027e-03 9.12184690e-04 7.15481167e-04 5.38136463e-04 3.81060337e-04 2.44030528e-04 1.26038458e-04 2.55907091e-05 -5.90530078e-05 -1.29706988e-04 -1.88143636e-04 -2.36022684e-04 -2.74853527e-04 -3.05980368e-04 -3.30582080e-04 -3.49680873e-04 -3.64155654e-04 -3.74757359e-04 -3.82124593e-04 -3.86798542e-04 -3.89236665e-04 -3.89824925e-04 -3.88888522e-04 -3.86701178e-04 -3.83493121e-04 -3.79457867e-04 -3.74757996e-04 -3.69530014e-04 -3.63888466e-04 -3.57929394e-04 -3.51733248e-04 -3.45367335e-04 -3.38887874e-04 -3.32341733e-04 -3.25767882e-04 -3.19198623e-04 -3.12660625e-04 -3.06175796e-04 -2.99762021e-04 -2.93433784e-04 -2.87202698e-04 -2.81077946e-04 -2.75066664e-04 -2.69174261e-04 -2.63404690e-04 -2.57760680e-04 -2.52243932e-04 -2.46855290e-04 -2.41594877e-04 -2.36462222e-04 -2.31456359e-04 -2.26575917e-04 -2.21819194e-04 -2.17184223e-04 -2.12668820e-04 -2.08270635e-04 -2.03987192e-04 -1.99815916e-04 -1.95754166e-04 -1.91799259e-04 -1.87948486e-04 -1.84199130e-04 -1.80548483e-04 -1.76993853e-04 -1.73532578e-04 -1.70162030e-04 -1.66879624e-04 -1.63682821e-04 -1.60569134e-04 -1.57536132e-04 -1.54581438e-04 -1.51702735e-04 -1.48897766e-04 -1.46164335e-04 -1.43500303e-04 -1.40903596e-04 -1.38372198e-04 -1.35904152e-04 -1.33497562e-04 -1.31150589e-04
-1.10280117e-04 -2.20165774e-04 -2.97027135e-04 -3.09671713e-04 -3.16658781e-04 -3.23543897e-04 -3.30474121e-04 -3.37423238e-04 -3.44357641e-04 -3.51236445e-04 -3.58010107e-04 -3.64618758e-04 -3.70990230e-04 -3.77037680e-04 -3.82656761e-04 -3.87722231e-04 -3.92083903e-04 -3.95561809e-04 -3.97940432e-04 -3.98961849e-04 -3.98317610e-04 -3.95639162e-04 -3.90486666e-04 -3.82336043e-04 -3.70564231e-04 -3.54432732e-04 -3.33069840e-04 -3.05452385e-04 -2.70388499e-04 -2.26503982e-04 -1.72236312e-04 -1.05842364e-04 -2.54284380e-05 7.09859832e-05 1.85356794e-04 3.19441270e-04 4.74549397e-04 6.51217813e-04 8.48822630e-04 1.06517695e-03 1.29619495e-03 1.53573440e-03 1.77573366e-03 2.00671669e-03 2.21864724e-03 2.40199509e-03 2.54878604e-03 2.65339405e-03 2.71291436e-03 2.72709431e-03 2.69793214e-03 2.62913087e-03 2.52560254e-03 2.39317941e-03 2.23863334e-03 2.07005139e-03 1.89754998e-03 1.73415928e-03 1.59630984e-03 1.50259324e-03 1.46914659e-03 1.50259324e-03 1.59630984e-03 1.73415928e-03 1.89754998e-03 2.07005139e-03 2.23863334e-03 2.39317941e-03 2.52560254e-03 2.62913087e-03 2.69793214e-03 2.72709431e-03 2.71291436e-03 2.65339405e-03 2.54878604e-03 2.40199509e-03 2.21864724e-03 2.00671669e-03 1.77573366e-03 1.53573440e-03 1.29619495e-03 1.06517695e-03 8.48822630e-04 6.51217813e-04 4.74549397e-04 3.19441270e-04 1.85356794e-04 7.09859832e-05 -2.54284380e-05 -1.05842364e-04 -1.72236312e-04 -2.26503982e-04 -2.70388499e-04 -3.05452385e-04 -3.33069840e-04 -3.54432732e-04 -3.70564231e-04 -3.82336043e-04 -3.90486666e-04 -3.95639162e-04 -3.98317610e-04 -3.98961849e-04 -3.97940432e-04 -3.95561809e-04 -3.92083903e-04 -3.87722231e-04 -3.82656761e-04 -3.77037680e-04 -3.70990230e-04 -3.64618758e-04 -3.58010107e-04 -3.51236445e-04 -3.44357641e-04 -3.37423238e-04 -3.30474121e-04 -3.23543899e-04 -3.16660074e-04 -3.09845014e-04 -3.03116779e-04 -2.96489804e-04 -2.89975484e-04 -2.83582661e-04 -2.77318037e-04 -2.71186520e-04 -2.65191520e-04 -2.59335194e-04 -2.53618658e-04 -2.48042165e-04 -2.42605251e-04 -2.37306868e-04 -2.32145486e-04 -2.27119189e-04 -2.22225747e-04 -2.17462684e-04 -2.12827332e-04 -2.08316880e-04 -2.03928408e-04 -1.99658924e-04 -1.95505390e-04 -1.91464745e-04 -1.87533925e-04 -1.83709878e-04 -1.79989577e-04 -1.76370032e-04 -1.72848298e-04 -1.69421481e-04 -1.66086746e-04 -1.62841318e-04 -1.59682490e-04 -1.56607620e-04 -1.53614136e-04 -1.50699537e-04 -1.47861391e-04 -1.45097340e-04 -1.42405091e-04 -1.39782427e-04 -1.37227194e-04 -1.34737310e-04 -1.32310758e-04 -1.29945585e-04 -1.27639903e-04
-1.03401031e-04 -2.14064819e-04 -2.93101505e-04 -3.06244796e-04 -3.13488469e-04 -3.20656867e-04 -3.27910534e-04 -3.35228114e-04 -3.42581356e-04 -3.49935385e-04 -3.57247388e-04 -3.64465037e-04 -3.71524600e-04 -3.78348667e-04 -3.84843409e-04 -3.90895290e-04 -3.96367107e-04 -4.01093222e-04 -4.04873843e-04 -4.07468164e-04 -4.08586160e-04 -4.07878819e-04 -4.04926594e-04 -3.99225849e-04 -3.90173162e-04 -3.77047462e-04 -3.58990214e-04 -3.34984284e-04 -3.03832789e-04 -2.64140288e-04 -2.14300197e-04 -1.52494541e-04 -7.67150122e-05 1.51822315e-05 1.25372107e-04 2.55888368e-04 4.08366885e-04 5.83696342e-04 7.81588116e-04 1.00011062e-03 1.23527732e-03 1.48081839e-03 1.72827856e-03 1.96754110e-03 2.18776981e-03 2.37861565e-03 2.53141734e-03 2.64010371e-03 2.70160203e-03 2.71572641e-03 2.68468179e-03 2.61240783e-03 2.50399107e-03 2.36532231e-03 2.20311279e-03 2.02533127e-03 1.84207495e-03 1.66675847e-03 1.51707217e-03 1.41410419e-03 1.37707170e-03 1.41410419e-03 1.51707217e-03 1.66675847e-03 1.84207495e-03 2.02533127e-03 2.20311279e-03 2.36532231e-03 2.50399107e-03 2.61240783e-03 2.68468179e-03 2.71572641e-03 2.70160203e-03 2.64010371e-03 2.53141734e-03 2.37861565e-03 2.18776981e-03 1.96754110e-03 1.72827856e-03 1.48081839e-03 1.23527732e-03 1.00011062e-03 7.81588116e-04 5.83696342e-04 4.08366885e-04 2.55888368e-04 1.25372107e-04 1.51822315e-05 -7.67150122e-05 -1.52494541e-04 -2.14300197e-04 -2.64140288e-04 -3.03832789e-04 -3.34984284e-04 -3.58990214e-04 -3.77047462e-04 -3.90173162e-04 -3.99225849e-04 -4.04926594e-04 -4.07878819e-04 -4.08586160e-04 -4.07468164e-04 -4.04873843e-04 -4.01093222e-04 -3.96367107e-04 -3.90895290e-04 -3.84843409e-04 -3.78348667e-04 -3.71524600e-04 -3.64465037e-04 -3.57247388e-04 -3.49935385e-04 -3.42581356e-04 -3.35228114e-04 -3.27910534e-04 -3.20656869e-04 -3.13489839e-04 -3.06427550e-04 -2.99484252e-04 -2.92670987e-04 -2.85996114e-04 -2.79465766e-04 -2.73084221e-04 -2.66854221e-04 -2.60777235e-04 -2.54853684e-04 -2.49083129e-04 -2.43464425e-04 -2.37995860e-04 -2.32675260e-04 -2.27500087e-04 -2.22467517e-04 -2.17574506e-04 -2.12817846e-04 -2.08194210e-04 -2.03700190e-04 -1.99332333e-04 -1.95087167e-04 -1.90961217e-04 -1.86951034e-04 -1.83053199e-04 -1.79264343e-04 -1.75581152e-04 -1.72000378e-04 -1.68518842e-04 -1.65133441e-04 -1.61841150e-04 -1.58639024e-04 -1.55524202e-04 -1.52493902e-04 -1.49545429e-04 -1.46676170e-04 -1.43883591e-04 -1.41165244e-04 -1.38518755e-04 -1.35941833e-04 -1.33432261e-04 -1.30987898e-04 -1.28606673e-04 -1.26286590e-04 -1.24025718e-04
-1.00000000e-04 -2.07690184e-04 -2.88565506e-04 -3.02156225e-04 -3.09623424e-04 -3.17040835e-04 -3.24581878e-04 -3.32230003e-04 -3.39962287e-04 -3.47749853e-04 -3.55556638e-04 -3.63337917e-04 -3.71038507e-04 -3.78590607e-04 -3.85911176e-04 -3.92898769e-04 -3.99429690e-04 -4.05353350e-04 -4.10486635e-04 -4.14607107e-04 -4.17444794e-04 -4.18672325e-04 -4.17893123e-04 -4.14627375e-04 -4.08295537e-04 -3.98199204e-04 -3.83499395e-04 -3.63192656e-04 -3.36086029e-04 -3.00772943e-04 -2.55613674e-04 -1.98726367e-04 -1.27997807e-04 -4.11272282e-05 6.42790224e-05 1.90540459e-04 3.39641201e-04 5.12859841e-04 7.10295929e-04 9.30335908e-04 1.16915409e-03 1.42039809e-03 1.67523280e-03 1.92287614e-03 2.15163497e-03 2.35027111e-03 2.50937680e-03 2.62240576e-03 2.68612177e-03 2.70043571e-03 2.66779795e-03 2.59241509e-03 2.47955645e-03 2.33514839e-03 2.16578000e-03 1.97919490e-03 1.78531672e-03 1.59776981e-03 1.43543155e-03 1.32218144e-03 1.28106198e-03 1.32218144e-03 1.43543155e-03 1.59776981e-03 1.78531672e-03 1.97919490e-03 2.16578000e-03 2.33514839e-03 2.47955645e-03 2.59241509e-03 2.66779795e-03 2.70043571e-03 2.68612177e-03 2.62240576e-03 2.50937680e-03 2.35027111e-03 2.15163497e-03 1.92287614e-03 1.67523280e-03 1.42039809e-03 1.16915409e-03 9.30335908e-04 7.10295929e-04 5.12859841e-04 3.39641201e-04 1.90540459e-04 6.42790224e-05 -4.11272282e-05 -1.27997807e-04 -1.98726367e-04 -2.55613674e-04 -3.00772943e-04 -3.36086029e-04 -3.63192656e-04 -3.83499395e-04 -3.98199204e-04 -4.08295537e-04 -4.14627375e-04 -4.17893123e-04 -4.18672325e-04 -4.17444794e-04 -4.14607107e-04 -4.10486635e-04 -4.05353350e-04 -3.99429690e-04 -3.92898769e-04 -3.85911176e-04 -3.78590607e-04 -3.71038507e-04 -3.63337917e-04 -3.55556638e-04 -3.47749853e-04 -3.39962287e-04 -3.32230003e-04 -3.24581878e-04 -3.17040837e-04 -3.09624867e-04 -3.02347866e-04 -2.95220347e-04 -2.88250020e-04 -2.81442287e-04 -2.74800643e-04 -2.68327015e-04 -2.62022051e-04 -2.55885350e-04 -2.49915665e-04 -2.44111064e-04 -2.38469072e-04 -2.32986781e-04 -2.27660953e-04 -2.22488094e-04 -2.17464525e-04 -2.12586434e-04 -2.07849924e-04 -2.03251051e-04 -1.98785856e-04 -1.94450388e-04 -1.90240726e-04 -1.86152998e-04 -1.82183391e-04 -1.78328167e-04 -1.74583664e-04 -1.70946309e-04 -1.67412618e-04 -1.63979202e-04 -1.60642771e-04 -1.57400129e-04 -1.54248180e-04 -1.51183926e-04 -1.48204465e-04 -1.45306991e-04 -1.42488795e-04 -1.39747256e-04 -1.37079847e-04 -1.34484128e-04 -1.31957744e-04 -1.29498425e-04 -1.27103982e-04 -1.24772301e-04 -1.22501350e-04 -1.20289164e-04
-1.00000000e-04 -2.01091835e-04 -2.83466586e-04 -2.97451795e-04 -3.05109173e-04 -3.12740943e-04 -3.20532703e-04 -3.28472620e-04 -3.36543031e-04 -3.44721000e-04 -3.52977184e-04 -3.61274453e-04 -3.69566216e-04 -3.77794379e-04 -3.85886867e-04 -3.93754596e-04 -4.01287790e-04 -4.08351487e-04 -4.14780053e-04 -4.20370502e-04 -4.24874370e-04 -4.27987836e-04 -4.29339784e-04 -4.28477441e-04 -4.24849239e-04 -4.17784604e-04 -4.06470536e-04 -3.89925123e-04 -3.66968737e-04 -3.36194616e-04 -2.95942119e-04 -2.44278367e-04 -1.78997488e-04 -9.76513809e-05 2.36843856e-06 1.23672973e-04 2.68614317e-04 4.38898274e-04 6.35068182e-04 8.55897859e-04 1.09779395e-03 1.35437756e-03 1.61645619e-03 1.87256100e-03 2.11008180e-03 2.31681370e-03 2.48253586e-03 2.60019320e-03 2.66639145e-03 2.68117263e-03 2.64727687e-03 2.56921300e-03 2.45244522e-03 2.30291490e-03 2.12702766e-03 1.93218976e-03 1.72797706e-03 1.52799857e-03 1.35216374e-03 1.22741891e-03 1.18158587e-03 1.22741891e-03 1.35216374e-03 1.52799857e-03 1.72797706e-03 1.93218976e-03 2.12702766e-03 2.30291490e-03 2.45244522e-03 2.56921300e-03 2.64727687e-03 2.68117263e-03 2.66639145e-03 2.60019320e-03 2.48253586e-03 2.31681370e-03 2.11008180e-03 1.87256100e-03 1.61645619e-03 1.35437756e-03 1.09779395e-03 8.55897859e-04 6.35068182e-04 4.38898274e-04 2.68614317e-04 1.23672973e-04 2.36843856e-06 -9.76513809e-05 -1.78997488e-04 -2.44278367e-04 -2.95942119e-04 -3.36194616e-04 -3.66968737e-04 -3.89925123e-04 -4.06470536e-04 -4.17784604e-04 -4.24849239e-04 -4.28477441e-04 -4.29339784e-04 -4.27987836e-04 -4.24874370e-04 -4.20370502e-04 -4.14780053e-04 -4.08351487e-04 -4.01287790e-04 -3.93754596e-04 -3.85886867e-04 -3.77794379e-04 -3.69566216e-04 -3.61274453e-04 -3.52977184e-04 -3.44721000e-04 -3.36543031e-04 -3.28472620e-04 -3.20532703e-04 -3.12740946e-04 -3.05110685e-04 -2.97651700e-04 -2.90370855e-04 -2.83272626e-04 -2.76359545e-04 -2.69632560e-04 -2.63091338e-04 -2.56734514e-04 -2.50559900e-04 -2.44564656e-04 -2.38745434e-04 -2.33098494e-04 -2.27619803e-04 -2.22305116e-04 -2.17150043e-04 -2.12150103e-04 -2.07300768e-04 -2.02597503e-04 -1.98035790e-04 -1.93611158e-04 -1.89319200e-04 -1.85155584e-04 -1.81116074e-04 -1.77196529e-04 -1.73392915e-04 -1.69701311e-04 -1.66117909e-04 -1.62639015e-04 -1.59261055e-04 -1.55980569e-04 -1.52794213e-04 -1.49698760e-04 -1.46691092e-04 -1.43768202e-04 -1.40927193e-04 -1.38165270e-04 -1.35479741e-04 -1.32868014e-04 -1.30327593e-04 -1.27856072e-04 -1.25451138e-04 -1.23110563e-04 -1.20832203e-04 -1.18613995e-04 -1.16453953e-04
-1.00000000e-04 -1.94326866e-04 -2.77866781e-04 -2.92193077e-04 -3.00007699e-04 -3.07819485e-04 -3.15825442e-04 -3.24018340e-04 -3.32385662e-04 -3.40910314e-04 -3.49569585e-04 -3.58333881e-04 -3.67165169e-04 -3.76015079e-04 -3.84822578e-04 -3.93511112e-04 -4.01985102e-04 -4.10125647e-04 -4.17785228e-04 -4.24781216e-04 -4.30887894e-04 -4.35826682e-04 -4.39254182e-04 -4.40747638e-04 -4.39787335e-04 -4.35735529e-04 -4.27811539e-04 -4.15062918e-04 -3.96333074e-04 -3.70226647e-04 -3.35075429e-04 -2.88910137e-04 -2.29447010e-04 -1.54103523e-04 -6.00642390e-05 5.55748833e-05 1.95550147e-04 3.62030367e-04 5.56060267e-04 7.76876893e-04 1.02120140e-03 1.28269705e-03 1.55184681e-03 1.81647795e-03 2.06300001e-03 2.27815546e-03 2.45083480e-03 2.57343549e-03 2.64241081e-03 2.65797245e-03 2.62320024e-03 2.54294582e-03 2.42288490e-03 2.26895723e-03 2.08732663e-03 1.88494870e-03 1.67086265e-03 1.45838593e-03 1.26819619e-03 1.13051727e-03 1.07916979e-03 1.13051727e-03 1.26819619e-03 1.45838593e-03 1.67086265e-03 1.88494870e-03 2.08732663e-03 2.26895723e-03 2.42288490e-03 2.54294582e-03 2.62320024e-03 2.65797245e-03 2.64241081e-03 2.57343549e-03 2.45083480e-03 2.27815546e-03 2.06300001e-03 1.81647795e-03 1.55184681e-03 1.28269705e-03 1.02120140e-03 7.76876893e-04 5.56060267e-04 3.62030367e-04 1.95550147e-04 5.55748833e-05 -6.00642390e-05 -1.54103523e-04 -2.29447010e-04 -2.88910137e-04 -3.35075429e-04 -3.70226647e-04 -3.96333074e-04 -4.15062918e-04 -4.27811539e-04 -4.35735529e-04 -4.39787335e-04 -4.40747638e-04 -4.39254182e-04 -4.35826682e-04 -4.30887894e-04 -4.24781216e-04 -4.17785228e-04 -4.10125647e-04 -4.01985102e-04 -3.93511112e-04 -3.84822578e-04 -3.76015079e-04 -3.67165169e-04 -3.58333881e-04 -3.49569585e-04 -3.40910314e-04 -3.32385662e-04 -3.24018340e-04 -3.15825442e-04 -3.07819488e-04 -3.00009276e-04 -2.92400585e-04 -2.84996743e-04 -2.77799107e-04 -2.70807450e-04 -2.64020278e-04 -2.57435095e-04 -2.51048624e-04 -2.44856977e-04 -2.38855807e-04 -2.33040430e-04 -2.27405916e-04 -2.21947177e-04 -2.16659028e-04 -2.11536245e-04 -2.06573601e-04 -2.01765907e-04 -1.97108036e-04 -1.92594948e-04 -1.88221702e-04 -1.83983473e-04 -1.79875561e-04 -1.75893395e-04 -1.72032540e-04 -1.68288702e-04 -1.64657725e-04 -1.61135591e-04 -1.57718426e-04 -1.54402488e-04 -1.51184174e-04 -1.48060012e-04 -1.45026658e-04 -1.42080896e-04 -1.39219631e-04 -1.36439885e-04 -1.33738798e-04 -1.31113617e-04 -1.28561698e-04 -1.26080500e-04 -1.23667579e-04 -1.21320589e-04 -1.19037274e-04 -1.16815466e-04 -1.14653082e-04 -1.12548120e-04
-1.00000000e-04 -1.87428264e-04 -2.71798242e-04 -2.86410731e-04 -2.94349518e-04 -3.02306749e-04 -3.10490002e-04 -3.18896499e-04 -3.27518726e-04 -3.36345288e-04 -3.45359976e-04 -3.54540611e-04 -3.63857626e-04 -3.73272315e-04 -3.82734678e-04 -3.92180754e-04 -4.01529326e-04 -4.10677852e-04 -4.19497410e-04 -4.27826452e-04 -4.35463061e-04 -4.42155372e-04 -4.47589738e-04 -4.51376163e-04 -4.53030451e-04 -4.51952504e-04 -4.47400212e-04 -4.38458571e-04 -4.24004034e-04 -4.02664888e-04 -3.72779903e-04 -3.32359908e-04 -2.79060815e-04 -2.10182377e-04 -1.22714821e-04 -1.34647855e-05 1.20699594e-04 2.82442976e-04 4.73369918e-04 6.93262813e-04 9.39251427e-04 1.20512506e-03 1.48108909e-03 1.75425773e-03 2.00999626e-03 2.23390109e-03 2.41388963e-03 2.54176751e-03 2.61384091e-03 2.63053330e-03 2.59531909e-03 2.51343797e-03 2.39079800e-03 2.23332522e-03 2.04688829e-03 1.83788212e-03 1.61461216e-03 1.38977934e-03 1.18442648e-03 1.03211968e-03 9.74219598e-04 1.03211968e-03 1.18442648e-03 1.38977934e-03 1.61461216e-03 1.83788212e-03 2.04688829e-03 2.23332522e-03 2.39079800e-03 2.51343797e-03 2.59531909e-03 2.63053330e-03 2.61384091e-03 2.54176751e-03 2.41388963e-03 2.23390109e-03 2.00999626e-03 1.75425773e-03 1.48108909e-03 1.20512506e-03 9.39251427e-04 6.93262813e-04 4.73369918e-04 2.82442976e-04 1.20699594e-04 -1.34647855e-05 -1.22714821e-04 -2.10182377e-04 -2.79060815e-04 -3.32359908e-04 -3.72779903e-04 -4.02664888e-04 -4.24004034e-04 -4.38458571e-04 -4.47400212e-04 -4.51952504e-04 -4.53030451e-04 -4.51376163e-04 -4.47589738e-04 -4.42155372e-04 -4.35463061e-04 -4.27826452e-04 -4.19497410e-04 -4.10677852e-04 -4.01529326e-04 -3.92180754e-04 -3.82734678e-04 -3.73272315e-04 -3.63857626e-04 -3.54540611e-04 -3.45359976e-04 -3.36345288e-04 -3.27518726e-04 -3.18896499e-04 -3.10490002e-04 -3.02306752e-04 -2.94351154e-04 -2.86625123e-04 -2.79128594e-04 -2.71859934e-04 -2.64816280e-04 -2.57993816e-04 -2.51387998e-04 -2.44993737e-04 -2.38805546e-04 -2.32817666e-04 -2.27024159e-04 -2.21418988e-04 -2.15996084e-04 -2.10749392e-04 -2.05672916e-04 -2.00760747e-04 -1.96007089e-04 -1.91406277e-04 -1.86952794e-04 -1.82641275e-04 -1.78466521e-04 -1.74423496e-04 -1.70507338e-04 -1.66713349e-04 -1.63037003e-04 -1.59473939e-04 -1.56019961e-04 -1.52671032e-04 -1.49423272e-04 -1.46272953e-04 -1.43216495e-04 -1.40250459e-04 -1.37371546e-04 -1.34576589e-04 -1.31862547e-04 -1.29226507e-04 -1.26665669e-04 -1.24177350e-04 -1.21758976e-04 -1.19408075e-04 -1.17122278e-04 -1.14899311e-04 -1.12736991e-04 -1.10633224e-04 -1.08586000e-04
-1.00000000e-04 -1.80430352e-04 -2.65298309e-04 -2.80141204e-04 -2.88171263e-04 -2.96239492e-04 -3.04563132e-04 -3.13143675e-04 -3.21978436e-04 -3.31061540e-04 -3.40383101e-04 -3.49928185e-04 -3.59675532e-04 -3.69595967e-04 -3.79650426e-04 -3.89787502e-04 -3.99940383e-04 -4.10023043e-04 -4.19925477e-04 -4.29507756e-04 -4.38592599e-04 -4.46956089e-04 -4.54316095e-04 -4.60317847e-04 -4.64516047e-04 -4.66352792e-04 -4.65130586e-04 -4.59979767e-04 -4.49819962e-04 -4.33315837e-04 -4.08828681e-04 -3.74367699e-04 -3.27548771e-04 -2.65574568e-04 -1.85258762e-04 -8.31285012e-05 4.43488344e-05 2.00362008e-04 3.87133162e-04 6.05077569e-04 8.51840023e-04 1.12143707e-03 1.40386055e-03 1.68551327e-03 1.95065324e-03 2.18363008e-03 2.37129333e-03 2.50480529e-03 2.58032871e-03 2.59854350e-03 2.56337776e-03 2.48050867e-03 2.35610192e-03 2.19606354e-03 2.00592177e-03 1.79141002e-03 1.55990551e-03 1.32313147e-03 1.10193197e-03 9.33013099e-04 8.67182498e-04 9.33013099e-04 1.10193197e-03 1.32313147e-03 1.55990551e-03 1.79141002e-03 2.00592177e-03 2.19606354e-03 2.35610192e-03 2.48050867e-03 2.56337776e-03 2.59854350e-03 2.58032871e-03 2.50480529e-03 2.37129333e-03 2.18363008e-03 1.95065324e-03 1.68551327e-03 1.40386055e-03 1.12143707e-03 8.51840023e-04 6.05077569e-04 3.87133162e-04 2.00362008e-04 4.43488344e-05 -8.31285012e-05 -1.85258762e-04 -2.65574568e-04 -3.27548771e-04 -3.74367699e-04 -4.08828681e-04 -4.33315837e-04 -4.49819962e-04 -4.59979767e-04 -4.65130586e-04 -4.66352792e-04 -4.64516047e-04 -4.60317847e-04 -4.54316095e-04 -4.46956089e-04 -4.38592599e-04 -4.29507756e-04 -4.19925477e-04 -4.10023043e-04 -3.99940383e-04 -3.89787502e-04 -3.79650426e-04 -3.69595967e-04 -3.59675532e-04 -3.49928185e-04 -3.40383101e-04 -3.31061540e-04 -3.21978436e-04 -3.13143675e-04 -3.04563132e-04 -2.96239496e-04 -2.88172951e-04 -2.80361716e-04 -2.72802486e-04 -2.65490785e-04 -2.58421256e-04 -2.51587892e-04 -2.44984221e-04 -2.38603457e-04 -2.32438622e-04 -2.26482638e-04 -2.20728409e-04 -2.15168874e-04 -2.09797060e-04 -2.04606117e-04 -1.99589344e-04 -1.94740211e-04 -1.90052372e-04 -1.85519679e-04 -1.81136186e-04 -1.76896151e-04 -1.72794042e-04 -1.68824530e-04 -1.64982493e-04 -1.61263006e-04 -1.57661342e-04 -1.54172966e-04 -1.50793528e-04 -1.47518855e-04 -1.44344951e-04 -1.41267985e-04 -1.38284289e-04 -1.35390349e-04 -1.32582798e-04 -1.29858414e-04 -1.27214111e-04 -1.24646932e-04 -1.22154048e-04 -1.19732746e-04 -1.17380431e-04 -1.15094615e-04 -1.12872915e-04 -1.10713048e-04 -1.08612826e-04 -1.06570151e-04 -1.04583013e-04
-1.00000000e-04 -1.87886355e-04 -2.80048443e-04 -2.96323253e-04 -3.05089595e-04 -3.13916948e-04 -3.23050162e-04 -3.32495268e-04 -3.42254360e-04 -3.52326825e-04 -3.62708560e-04 -3.73390990e-04 -3.84359840e-04 -3.95593598e-04 -4.07061583e-04 -4.18721535e-04 -4.30516573e-04 -4.42371381e-04 -4.54187403e-04 -4.65836792e-04 -4.77154775e-04 -4.87930025e-04 -4.97892530e-04 -5.06698302e-04 -5.13910183e-04 -5.18973831e-04 -5.21187891e-04 -5.19667314e-04 -5.13298969e-04 -5.00689199e-04 -4.80104144e-04 -4.49405989e-04 -4.05992389e-04 -3.46753201e-04 -2.68069180e-04 -1.65891885e-04 -3.59610681e-05 1.25770753e-04 3.22440825e-04 5.55284324e-04 8.22435751e-04 1.11778736e-03 1.43035322e-03 1.74464409e-03 2.04233526e-03 2.30499779e-03 2.51710768e-03 2.66832403e-03 2.75433277e-03 2.77619823e-03 2.73873646e-03 2.64863158e-03 2.51287699e-03 2.33785242e-03 2.12914317e-03 1.89215372e-03 1.63367980e-03 1.36496134e-03 1.10758414e-03 9.04035421e-04 8.22063334e-04 9.04035421e-04 1.10758414e-03 1.36496134e-03 1.63367980e-03 1.89215372e-03 2.12914317e-03 2.33785242e-03 2.51287699e-03 2.64863158e-03 2.73873646e-03 2.77619823e-03 2.75433277e-03 2.66832403e-03 2.51710768e-03 2.30499779e-03 2.04233526e-03 1.74464409e-03 1.43035322e-03 1.11778736e-03 8.22435751e-04 5.55284324e-04 3.22440825e-04 1.25770753e-04 -3.59610681e-05 -1.65891885e-04 -2.68069180e-04 -3.46753201e-04 -4.05992389e-04 -4.49405989e-04 -4.80104144e-04 -5.00689199e-04 -5.13298969e-04 -5.19667314e-04 -5.21187891e-04 -5.18973831e-04 -5.13910183e-04 -5.06698302e-04 -4.97892530e-04 -4.87930025e-04 -4.77154775e-04 -4.65836792e-04 -4.54187403e-04 -4.42371381e-04 -4.30516573e-04 -4.18721535e-04 -4.07061583e-04 -3.95593598e-04 -3.84359840e-04 -3.73390990e-04 -3.62708560e-04 -3.52326825e-04 -3.42254360e-04 -3.32495268e-04 -3.23050162e-04 -3.13916952e-04 -3.05091475e-04 -2.96567996e-04 -2.88339610e-04 -2.80398564e-04 -2.72736514e-04 -2.65344726e-04 -2.58214239e-04 -2.51335993e-04 -2.44700927e-04 -2.38300058e-04 -2.32124539e-04 -2.26165706e-04 -2.20415112e-04 -2.14864548e-04 -2.09506066e-04 -2.04331983e-04 -1.99334893e-04 -1.94507665e-04 -1.89843446e-04 -1.85335654e-04 -1.80977978e-04 -1.76764368e-04 -1.72689031e-04 -1.68746422e-04 -1.64931234e-04 -1.61238391e-04 -1.57663043e-04 -1.54200548e-04 -1.50846473e-04 -1.47596580e-04 -1.44446817e-04 -1.41393314e-04 -1.38432371e-04 -1.35560451e-04 -1.32774174e-04 -1.30070308e-04 -1.27445764e-04 -1.24897587e-04 -1.22422951e-04 -1.20019154e-04 -1.17683610e-04 -1.15413843e-04 -1.13207486e-04 -1.11062271e-04 -1.08976026e-04
-1.00000000e-04 -1.95294732e-04 -2.95009099e-04 -3.12786404e-04 -3.22319151e-04 -3.31937391e-04 -3.41915497e-04 -3.52264526e-04 -3.62991896e-04 -3.74102884e-04 -3.85599902e-04 -3.97481589e-04 -4.09741648e-04 -4.22367393e-04 -4.35337893e-04 -4.48621642e-04 -4.62173584e-04 -4.75931360e-04 -4.89810525e-04 -5.03698475e-04 -5.17446708e-04 -5.30860975e-04 -5.43688722e-04 -5.55603107e-04 -5.66182662e-04 -5.74885523e-04 -5.81016914e-04 -5.83688454e-04 -5.81767873e-04 -5.73818039e-04 -5.58025205e-04 -5.32118545e-04 -4.93287264e-04 -4.38109013e-04 -3.62515485e-04 -2.61839122e-04 -1.31008027e-04 3.50212989e-05 2.40497771e-04 4.87720920e-04 7.75567020e-04 1.09799112e-03 1.44306388e-03 1.79322376e-03 2.12717924e-03 2.42323388e-03 2.66304491e-03 2.83449290e-03 2.93272632e-03 2.95930577e-03 2.92013110e-03 2.82308742e-03 2.67613136e-03 2.48616477e-03 2.25877731e-03 1.99887548e-03 1.71235152e-03 1.40938532e-03 1.11127736e-03 8.65485192e-04 7.62038566e-04 8.65485192e-04 1.11127736e-03 1.40938532e-03 1.71235152e-03 1.99887548e-03 2.25877731e-03 2.48616477e-03 2.67613136e-03 2.82308742e-03 2.92013110e-03 2.95930577e-03 2.93272632e-03 2.83449290e-03 2.66304491e-03 2.42323388e-03 2.12717924e-03 1.79322376e-03 1.44306388e-03 1.09799112e-03 7.75567020e-04 4.87720920e-04 2.40497771e-04 3.50212989e-05 -1.31008027e-04 -2.61839122e-04 -3.62515485e-04 -4.38109013e-04 -4.93287264e-04 -5.32118545e-04 -5.58025205e-04 -5.73818039e-04 -5.81767873e-04 -5.83688454e-04 -5.81016914e-04 -5.74885523e-04 -5.66182662e-04 -5.55603107e-04 -5.43688722e-04 -5.30860975e-04 -5.17446708e-04 -5.03698475e-04 -4.89810525e-04 -4.75931360e-04 -4.62173584e-04 -4.48621642e-04 -4.35337893e-04 -4.22367393e-04 -4.09741648e-04 -3.97481589e-04 -3.85599902e-04 -3.74102884e-04 -3.62991896e-04 -3.52264526e-04 -3.41915497e-04 -3.31937395e-04 -3.22321236e-04 -3.13056922e-04 -3.04133592e-04 -2.95539904e-04 -2.87264254e-04 -2.79294943e-04 -2.71620312e-04 -2.64228841e-04 -2.57109224e-04 -2.50250426e-04 -2.43641724e-04 -2.37272738e-04 -2.31133443e-04 -2.25214186e-04 -2.19505688e-04 -2.13999044e-04 -2.08685721e-04 -2.03557550e-04 -1.98606717e-04 -1.93825755e-04 -1.89207533e-04 -1.84745242e-04 -1.80432385e-04 -1.76262762e-04 -1.72230461e-04 -1.68329841e-04 -1.64555527e-04 -1.60902389e-04 -1.57365536e-04 -1.53940306e-04 -1.50622250e-04 -1.47407126e-04 -1.44290886e-04 -1.41269667e-04 -1.38339787e-04 -1.35497725e-04 -1.32740126e-04 -1.30063782e-04 -1.27465631e-04 -1.24942747e-04 -1.22492335e-04 -1.20111723e-04 -1.17798356e-04 -1.15549791e-04 -1.13363691e-04
-1.00000000e-04 -2.02641832e-04 -3.10148127e-04 -3.29496576e-04 -3.39824384e-04 -3.50263746e-04 -3.61120474e-04 -3.72411133e-04 -3.84149020e-04 -3.96345937e-04 -4.09011559e-04 -4.22152601e-04 -4.35771766e-04 -4.49866388e-04 -4.64426697e-04 -4.79433606e-04 -4.94855863e-04 -5.10646418e-04 -5.26737744e-04 -5.43035834e-04 -5.59412489e-04 -5.75695370e-04 -5.91655207e-04 -6.06989301e-04 -6.21300298e-04 -6.34068900e-04 -6.44618936e-04 -6.52072888e-04 -6.55295839e-04 -6.52825872e-04 -6.42789660e-04 -6.22803886e-04 -5.89867211e-04 -5.40255309e-04 -4.69445068e-04 -3.72115671e-04 -2.42304471e-04 -7.38296958e-05 1.38887449e-04 3.99499146e-04 7.07940790e-04 1.05849167e-03 1.43837241e-03 1.82778635e-03 2.20205440e-03 2.53564523e-03 2.80686467e-03 3.00147680e-03 3.11401112e-03 3.14665124e-03 3.10660868e-03 3.00319636e-03 2.84549523e-03 2.64099508e-03 2.39524738e-03 2.11249466e-03 1.79739764e-03 1.45845549e-03 1.11535055e-03 8.18311732e-04 6.85523602e-04 8.18311732e-04 1.11535055e-03 1.45845549e-03 1.79739764e-03 2.11249466e-03 2.39524738e-03 2.64099508e-03 2.84549523e-03 3.00319636e-03 3.10660868e-03 3.14665124e-03 3.11401112e-03 3.00147680e-03 2.80686467e-03 2.53564523e-03 2.20205440e-03 1.82778635e-03 1.43837241e-03 1.05849167e-03 7.07940790e-04 3.99499146e-04 1.38887449e-04 -7.38296958e-05 -2.42304471e-04 -3.72115671e-04 -4.69445068e-04 -5.40255309e-04 -5.89867211e-04 -6.22803886e-04 -6.42789660e-04 -6.52825872e-04 -6.55295839e-04 -6.52072888e-04 -6.44618936e-04 -6.34068900e-04 -6.21300298e-04 -6.06989301e-04 -5.91655207e-04 -5.75695370e-04 -5.59412489e-04 -5.43035834e-04 -5.26737744e-04 -5.10646418e-04 -4.94855863e-04 -4.79433606e-04 -4.64426697e-04 -4.49866388e-04 -4.35771766e-04 -4.22152601e-04 -4.09011559e-04 -3.96345937e-04 -3.84149020e-04 -3.72411133e-04 -3.61120474e-04 -3.50263750e-04 -3.39826686e-04 -3.29794408e-04 -3.20151743e-04 -3.10883449e-04 -3.01974391e-04 -2.93409669e-04 -2.85174717e-04 -2.77255372e-04 -2.69637924e-04 -2.62309144e-04 -2.55256310e-04 -2.48467209e-04 -2.41930146e-04 -2.35633932e-04 -2.29567881e-04 -2.23721797e-04 -2.18085957e-04 -2.12651098e-04 -2.07408397e-04 -2.02349457e-04 -1.97466285e-04 -1.92751278e-04 -1.88197202e-04 -1.83797173e-04 -1.79544648e-04 -1.75433397e-04 -1.71457496e-04 -1.67611309e-04 -1.63889471e-04 -1.60286876e-04 -1.56798665e-04 -1.53420210e-04 -1.50147103e-04 -1.46975147e-04 -1.43900340e-04 -1.40918871e-04 -1.38027105e-04 -1.35221575e-04 -1.32498976e-04 -1.29856151e-04 -1.27290091e-04 -1.24797919e-04 -1.22376891e-04 -1.20024384e-04 -1.17737890e-04
-1.00000000e-04 -2.09922516e-04 -3.25444429e-04 -3.46431046e-04 -3.57581317e-04 -3.68870715e-04 -3.80638400e-04 -3.92906933e-04 -4.05696037e-04 -4.19024684e-04 -4.32910558e-04 -4.47369334e-04 -4.62413744e-04 -4.78052361e-04 -4.94288020e-04 -5.11115763e-04 -5.28520187e-04 -5.46471989e-04 -5.64923488e-04 -5.83802806e-04 -6.03006298e-04 -6.22388695e-04 -6.41750262e-04 -6.60820049e-04 -6.79234054e-04 -6.96506773e-04 -7.11994227e-04 -7.24846107e-04 -7.33944298e-04 -7.37824816e-04 -7.34580509e-04 -7.21743331e-04 -6.96148672e-04 -6.53792065e-04 -5.89703229e-04 -4.97887451e-04 -3.71422251e-04 -2.02845474e-04 1.49882746e-05 2.87417873e-04 6.15830216e-04 9.95182385e-04 1.41201913e-03 1.84418089e-03 2.26315059e-03 2.63890985e-03 2.94577617e-03 3.16697785e-03 3.29631009e-03 3.33671640e-03 3.29698080e-03 3.18810674e-03 3.02049054e-03 2.80229898e-03 2.53902108e-03 2.23408529e-03 1.89061232e-03 1.51482698e-03 1.12332257e-03 7.65067161e-04 5.90915327e-04 7.65067161e-04 1.12332257e-03 1.51482698e-03 1.89061232e-03 2.23408529e-03 2.53902108e-03 2.80229898e-03 3.02049054e-03 3.18810674e-03 3.29698080e-03 3.33671640e-03 3.29631009e-03 3.16697785e-03 2.94577617e-03 2.63890985e-03 2.26315059e-03 1.84418089e-03 1.41201913e-03 9.95182385e-04 6.15830216e-04 2.87417873e-04 1.49882746e-05 -2.02845474e-04 -3.71422251e-04 -4.97887451e-04 -5.89703229e-04 -6.53792065e-04 -6.96148672e-04 -7.21743331e-04 -7.34580509e-04 -7.37824816e-04 -7.33944298e-04 -7.24846107e-04 -7.11994227e-04 -6.96506773e-04 -6.79234054e-04 -6.60820049e-04 -6.41750262e-04 -6.22388695e-04 -6.03006298e-04 -5.83802806e-04 -5.64923488e-04 -5.46471989e-04 -5.28520187e-04 -5.11115763e-04 -4.94288020e-04 -4.78052361e-04 -4.62413744e-04 -4.47369334e-04 -4.32910558e-04 -4.19024684e-04 -4.05696037e-04 -3.92906933e-04 -3.80638400e-04 -3.68870720e-04 -3.57583849e-04 -3.46757728e-04 -3.36372517e-04 -3.26408767e-04 -3.16847543e-04 -3.07670511e-04 -2.98859993e-04 -2.90399005e-04 -2.82271273e-04 -2.74461238e-04 -2.66954053e-04 -2.59735569e-04 -2.52792319e-04 -2.46111498e-04 -2.39680937e-04 -2.33489079e-04 -2.27524952e-04 -2.21778146e-04 -2.16238781e-04 -2.10897486e-04 -2.05745370e-04 -2.00773998e-04 -1.95975369e-04 -1.91341890e-04 -1.86866356e-04 -1.82541929e-04 -1.78362117e-04 -1.74320754e-04 -1.70411986e-04 -1.66630251e-04 -1.62970261e-04 -1.59426992e-04 -1.55995665e-04 -1.52671734e-04 -1.49450875e-04 -1.46328972e-04 -1.43302103e-04 -1.40366537e-04 -1.37518716e-04 -1.34755250e-04 -1.32072906e-04 -1.29468602e-04 -1.26939395e-04 -1.24482479e-04 -1.22095172e-04
-1.00000000e-04 -2.17143797e-04 -3.40894539e-04 -3.63585576e-04 -3.75584962e-04 -3.87752493e-04 -4.00462586e-04 -4.13744284e-04 -4.27624287e-04 -4.42129379e-04 -4.57286004e-04 -4.73119680e-04 -4.89654212e-04 -5.06910645e-04 -5.24905882e-04 -5.43650845e-04 -5.63148067e-04 -5.83388505e-04 -6.04347353e-04 -6.25978527e-04 -6.48207394e-04 -6.70921184e-04 -6.93956343e-04 -7.17081814e-04 -7.39976950e-04 -7.62202336e-04 -7.83161278e-04 -8.02049134e-04 -8.17786999e-04 -8.28935678e-04 -8.33585689e-04 -8.29219860e-04 -8.12548080e-04 -7.79321124e-04 -7.24145667e-04 -6.40350566e-04 -5.20000497e-04 -3.54217713e-04 -1.34040214e-04 1.47937377e-04 4.95030115e-04 9.03338287e-04 1.35901154e-03 1.83745875e-03 2.30585796e-03 2.72896402e-03 3.07634632e-03 3.32817107e-03 3.47732997e-03 3.52766447e-03 3.48982423e-03 3.37680519e-03 3.20054507e-03 2.97000695e-03 2.69062124e-03 2.36488167e-03 1.99410612e-03 1.58176344e-03 1.14007915e-03 7.11109584e-04 4.76612285e-04 7.11109584e-04 1.14007915e-03 1.58176344e-03 1.99410612e-03 2.36488167e-03 2.69062124e-03 2.97000695e-03 3.20054507e-03 3.37680519e-03 3.48982423e-03 3.52766447e-03 3.47732997e-03 3.32817107e-03 3.07634632e-03 2.72896402e-03 2.30585796e-03 1.83745875e-03 1.35901154e-03 9.03338287e-04 4.95030115e-04 1.47937377e-04 -1.34040214e-04 -3.54217713e-04 -5.20000497e-04 -6.40350566e-04 -7.24145667e-04 -7.79321124e-04 -8.12548080e-04 -8.29219860e-04 -8.33585689e-04 -8.28935678e-04 -8.17786999e-04 -8.02049134e-04 -7.83161278e-04 -7.62202336e-04 -7.39976950e-04 -7.17081814e-04 -6.93956343e-04 -6.70921184e-04 -6.48207394e-04 -6.25978527e-04 -6.04347353e-04 -5.83388505e-04 -5.63148067e-04 -5.43650845e-04 -5.24905882e-04 -5.06910645e-04 -4.89654212e-04 -4.73119680e-04 -4.57286004e-04 -4.42129379e-04 -4.27624287e-04 -4.13744284e-04 -4.00462586e-04 -3.87752498e-04 -3.75587737e-04 -3.63942652e-04 -3.52792385e-04 -3.42112974e-04 -3.31881421e-04 -3.22075726e-04 -3.12674898e-04 -3.03658956e-04 -2.95008907e-04 -2.86706727e-04 -2.78735325e-04 -2.71078508e-04 -2.63720947e-04 -2.56648135e-04 -2.49846346e-04 -2.43302599e-04 -2.37004616e-04 -2.30940785e-04 -2.25100124e-04 -2.19472245e-04 -2.14047322e-04 -2.08816057e-04 -2.03769650e-04 -1.98899771e-04 -1.94198530e-04 -1.89658458e-04 -1.85272474e-04 -1.81033869e-04 -1.76936279e-04 -1.72973670e-04 -1.69140316e-04 -1.65430782e-04 -1.61839908e-04 -1.58362789e-04 -1.54994769e-04 -1.51731416e-04 -1.48568521e-04 -1.45502074e-04 -1.42528262e-04 -1.39643453e-04 -1.36844188e-04 -1.34127171e-04 -1.31489260e-04 -1.28927459e-04 -1.26438909e-04
-1.00000000e-04 -2.29934049e-04 -3.65428402e-04 -3.90502123e-04 -4.03699091e-04 -4.17099565e-04 -4.31125446e-04 -4.45813642e-04 -4.61199230e-04 -4.77318330e-04 -4.94207799e-04 -5.11904787e-04 -5.30446119e-04 -5.49867426e-04 -5.70201969e-04 -5.91479039e-04 -6.13721796e-04 -6.36944371e-04 -6.61147972e-04 -6.86315679e-04 -7.12405468e-04 -7.39340875e-04 -7.66998498e-04 -7.95191242e-04 -8.23645853e-04 -8.51972789e-04 -8.79625833e-04 -9.05848046e-04 -9.29599703e-04 -9.49462839e-04 -9.63516201e-04 -9.69174367e-04 -9.62986831e-04 -9.40399333e-04 -8.95494990e-04 -8.20763614e-04 -7.07002708e-04 -5.43538837e-04 -3.19061984e-04 -2.34298331e-05 3.49315150e-04 7.96960857e-04 1.30533377e-03 1.84675713e-03 2.38270343e-03 2.87084604e-03 3.27420281e-03 3.56862100e-03 3.74562849e-03 3.81021015e-03 3.77552509e-03 3.65728960e-03 3.46959354e-03 3.22260214e-03 2.92186543e-03 2.56890182e-03 2.16301296e-03 1.70462669e-03 1.20113152e-03 6.83037577e-04 3.49556256e-04 6.83037577e-04 1.20113152e-03 1.70462669e-03 2.16301296e-03 2.56890182e-03 2.92186543e-03 3.22260214e-03 3.46959354e-03 3.65728960e-03 3.77552509e-03 3.81021015e-03 3.74562849e-03 3.56862100e-03 3.27420281e-03 2.87084604e-03 2.38270343e-03 1.84675713e-03 1.30533377e-03 7.96960857e-04 3.49315150e-04 -2.34298331e-05 -3.19061984e-04 -5.43538837e-04 -7.07002708e-04 -8.20763614e-04 -8.95494990e-04 -9.40399333e-04 -9.62986831e-04 -9.69174367e-04 -9.63516201e-04 -9.49462839e-04 -9.29599703e-04 -9.05848046e-04 -8.79625833e-04 -8.51972789e-04 -8.23645853e-04 -7.95191242e-04 -7.66998498e-04 -7.39340875e-04 -7.12405468e-04 -6.86315679e-04 -6.61147972e-04 -6.36944371e-04 -6.13721796e-04 -5.91479039e-04 -5.70201969e-04 -5.49867426e-04 -5.30446119e-04 -5.11904787e-04 -4.94207799e-04 -4.77318330e-04 -4.61199230e-04 -4.45813642e-04 -4.31125446e-04 -4.17099571e-04 -4.03702198e-04 -3.90900889e-04 -3.78664664e-04 -3.66964026e-04 -3.55770971e-04 -3.45058956e-04 -3.34802868e-04 -3.24978975e-04 -3.15564868e-04 -3.06539407e-04 -2.97882652e-04 -2.89575807e-04 -2.81601154e-04 -2.73941997e-04 -2.66582598e-04 -2.59508124e-04 -2.52704592e-04 -2.46158818e-04 -2.39858367e-04 -2.33791510e-04 -2.27947178e-04 -2.22314920e-04 -2.16884869e-04 -2.11647703e-04 -2.06594612e-04 -2.01717266e-04 -1.97007786e-04 -1.92458718e-04 -1.88063002e-04 -1.83813956e-04 -1.79705246e-04 -1.75730868e-04 -1.71885129e-04 -1.68162627e-04 -1.64558236e-04 -1.61067087e-04 -1.57684555e-04 -1.54406244e-04 -1.51227975e-04 -1.48145772e-04 -1.45155851e-04 -1.42254611e-04 -1.39438621e-04 -1.36704612e-04 -1.34049469e-04
-1.00000000e-04 -2.43240519e-04 -3.91225902e-04 -4.18861520e-04 -4.33338285e-04 -4.48056998e-04 -4.63491298e-04 -4.79686844e-04 -4.96688074e-04 -5.14541566e-04 -5.33295889e-04 -5.53001332e-04 -5.73709483e-04 -5.95472593e-04 -6.18342666e-04 -6.42370158e-04 -6.67602159e-04 -6.94079887e-04 -7.21835222e-04 -7.50885973e-04 -7.81229408e-04 -8.12833428e-04 -8.45624541e-04 -8.79471469e-04 -9.14162804e-04 -9.49376544e-04 -9.84638562e-04 -1.01926603e-03 -1.05229055e-03 -1.08235421e-03 -1.10757006e-03 -1.12533769e-03 -1.13210471e-03 -1.12307023e-03 -1.09184055e-03 -1.03007944e-03 -9.27259340e-04 -7.70727197e-04 -5.46448884e-04 -2.40927854e-04 1.55268019e-04 6.42492124e-04 1.20685659e-03 1.81761253e-03 2.42981653e-03 2.99279347e-03 3.46158569e-03 3.80661772e-03 4.01758576e-03 4.10076307e-03 4.07230318e-03 3.95118270e-03 3.75407638e-03 3.49262381e-03 3.17259639e-03 2.79446339e-03 2.35528194e-03 1.85220147e-03 1.28787345e-03 6.79637719e-04 1.91894609e-04 6.79637719e-04 1.28787345e-03 1.85220147e-03 2.35528194e-03 2.79446339e-03 3.17259639e-03 3.49262381e-03 3.75407638e-03 3.95118270e-03 4.07230318e-03 4.10076307e-03 4.01758576e-03 3.80661772e-03 3.46158569e-03 2.99279347e-03 2.42981653e-03 1.81761253e-03 1.20685659e-03 6.42492124e-04 1.55268019e-04 -2.40927854e-04 -5.46448884e-04 -7.70727197e-04 -9.27259340e-04 -1.03007944e-03 -1.09184055e-03 -1.12307023e-03 -1.13210471e-03 -1.12533769e-03 -1.10757006e-03 -1.08235421e-03 -1.05229055e-03 -1.01926603e-03 -9.84638562e-04 -9.49376544e-04 -9.14162804e-04 -8.79471469e-04 -8.45624541e-04 -8.12833428e-04 -7.81229408e-04 -7.50885973e-04 -7.21835222e-04 -6.94079887e-04 -6.67602159e-04 -6.42370158e-04 -6.18342666e-04 -5.95472593e-04 -5.73709483e-04 -5.53001332e-04 -5.33295889e-04 -5.14541566e-04 -4.96688074e-04 -4.79686844e-04 -4.63491298e-04 -4.48057004e-04 -4.33341753e-04 -4.19305572e-04 -4.05910697e-04 -3.93121523e-04 -3.80904521e-04 -3.69228155e-04 -3.58062787e-04 -3.47380575e-04 -3.37155376e-04 -3.27362644e-04 -3.17979338e-04 -3.08983826e-04 -3.00355796e-04 -2.92076174e-04 -2.84127042e-04 -2.76491562e-04 -2.69153909e-04 -2.62099198e-04 -2.55313429e-04 -2.48783426e-04 -2.42496781e-04 -2.36441806e-04 -2.30607485e-04 -2.24983431e-04 -2.19559844e-04 -2.14327476e-04 -2.09277591e-04 -2.04401937e-04 -1.99692711e-04 -1.95142536e-04 -1.90744429e-04 -1.86491780e-04 -1.82378328e-04 -1.78398139e-04 -1.74545587e-04 -1.70815337e-04 -1.67202323e-04 -1.63701737e-04 -1.60309010e-04 -1.57019800e-04 -1.53829981e-04 -1.50735625e-04 -1.47732996e-04 -1.44818535e-04 -1.41988855e-04
-1.00000000e-04 -2.57167221e-04 -4.18466821e-04 -4.48861432e-04 -4.64708485e-04 -4.80839190e-04 -4.97783581e-04 -5.15597015e-04 -5.34334341e-04 -5.54053804e-04 -5.74817075e-04 -5.96689195e-04 -6.19738385e-04 -6.44035706e-04 -6.69654462e-04 -6.96669284e-04 -7.25154754e-04 -7.55183399e-04 -7.86822811e-04 -8.20131570e-04 -8.55153511e-04 -8.91909704e-04 -9.30387275e-04 -9.70523851e-04 -1.01218593e-03 -1.05513884e-03 -1.09900497e-03 -1.14320582e-03 -1.18688164e-03 -1.22878044e-03 -1.26710543e-03 -1.29930777e-03 -1.32180990e-03 -1.32964708e-03 -1.31602675e-03 -1.27183720e-03 -1.18520678e-03 -1.04134684e-03 -8.23116073e-04 -5.12971143e-04 -9.70026625e-05 4.28839591e-04 1.05182602e-03 1.73832859e-03 2.43631984e-03 3.08539337e-03 3.63091437e-03 4.03643465e-03 4.28910377e-03 4.39655727e-03 4.37848040e-03 4.25774406e-03 4.05413387e-03 3.78112075e-03 3.44487699e-03 3.04481556e-03 2.57558219e-03 2.03098505e-03 1.41011040e-03 7.24168966e-04 1.00000000e-04 7.24168966e-04 1.41011040e-03 2.03098505e-03 2.57558219e-03 3.04481556e-03 3.44487699e-03 3.78112075e-03 4.05413387e-03 4.25774406e-03 4.37848040e-03 4.39655727e-03 4.28910377e-03 4.03643465e-03 3.63091437e-03 3.08539337e-03 2.43631984e-03 1.73832859e-03 1.05182602e-03 4.28839591e-04 -9.70026625e-05 -5.12971143e-04 -8.23116073e-04 -1.04134684e-03 -1.18520678e-03 -1.27183720e-03 -1.31602675e-03 -1.32964708e-03 -1.32180990e-03 -1.29930777e-03 -1.26710543e-03 -1.22878044e-03 -1.18688164e-03 -1.14320582e-03 -1.09900497e-03 -1.05513884e-03 -1.01218593e-03 -9.70523851e-04 -9.30387275e-04 -8.91909704e-04 -8.55153511e-04 -8.20131570e-04 -7.86822811e-04 -7.55183399e-04 -7.25154754e-04 -6.96669284e-04 -6.69654462e-04 -6.44035706e-04 -6.19738385e-04 -5.96689195e-04 -5.74817075e-04 -5.54053804e-04 -5.34334341e-04 -5.15597015e-04 -4.97783581e-04 -4.80839197e-04 -4.64712347e-04 -4.49354718e-04 -4.34721063e-04 -4.20769039e-04 -4.07459050e-04 -3.94754079e-04 -3.82619530e-04 -3.71023067e-04 -3.59934466e-04 -3.49325474e-04 -3.39169668e-04 -3.29442335e-04 -3.20120344e-04 -3.11182042e-04 -3.02607150e-04 -2.94376659e-04 -2.86472751e-04 -2.78878708e-04 -2.71578838e-04 -2.64558403e-04 -2.57803556e-04 -2.51301274e-04 -2.45039309e-04 -2.39006127e-04 -2.33190867e-04 -2.27583292e-04 -2.22173749e-04 -2.16953131e-04 -2.11912839e-04 -2.07044751e-04 -2.02341191e-04 -1.97794900e-04 -1.93399010e-04 -1.89147019e-04 -1.85032769e-04 -1.81050423e-04 -1.77194448e-04 -1.73459596e-04 -1.69840882e-04 -1.66333578e-04 -1.62933187e-04 -1.59635438e-04 -1.56436267e-04 -1.53331809e-04 -1.50318386e-04
-1.00000000e-04 -2.71876467e-04 -4.47431737e-04 -4.80808800e-04 -4.98129201e-04 -5.15778497e-04 -5.34348335e-04 -5.53904804e-04 -5.74514305e-04 -5.96248060e-04 -6.19182359e-04 -6.43398739e-04 -6.68984094e-04 -6.96030658e-04 -7.24635815e-04 -7.54901641e-04 -7.86934072e-04 -8.20841534e-04 -8.56732811e-04 -8.94713831e-04 -9.34882934e-04 -9.77323990e-04 -1.02209650e-03 -1.06922140e-03 -1.11866088e-03 -1.17028962e-03 -1.22385394e-03 -1.27891389e-03 -1.33476116e-03 -1.39030301e-03 -1.44389902e-03 -1.49313296e-03 -1.53449880e-03 -1.56297803e-03 -1.57149374e-03 -1.55025485e-03 -1.48607764e-03 -1.36192506e-03 -1.15717304e-03 -8.49466688e-04 -4.19224434e-04 1.42735185e-04 8.26034942e-04 1.59458764e-03 2.38871395e-03 3.13684342e-03 3.77267240e-03 4.25096269e-03 4.55522172e-03 4.69438458e-03 4.69225222e-03 4.57633653e-03 4.37017696e-03 4.08954215e-03 3.74128668e-03 3.32384300e-03 2.82932170e-03 2.24818281e-03 1.57774800e-03 8.36853652e-04 2.29915496e-04 8.36853652e-04 1.57774800e-03 2.24818281e-03 2.82932170e-03 3.32384300e-03 3.74128668e-03 4.08954215e-03 4.37017696e-03 4.57633653e-03 4.69225222e-03 4.69438458e-03 4.55522172e-03 4.25096269e-03 3.77267240e-03 3.13684342e-03 2.38871395e-03 1.59458764e-03 8.26034942e-04 1.42735185e-04 -4.19224434e-04 -8.49466688e-04 -1.15717304e-03 -1.36192506e-03 -1.48607764e-03 -1.55025485e-03 -1.57149374e-03 -1.56297803e-03 -1.53449880e-03 -1.49313296e-03 -1.44389902e-03 -1.39030301e-03 -1.33476116e-03 -1.27891389e-03 -1.22385394e-03 -1.17028962e-03 -1.11866088e-03 -1.06922140e-03 -1.02209650e-03 -9.77323990e-04 -9.34882934e-04 -8.94713831e-04 -8.56732811e-04 -8.20841534e-04 -7.86934072e-04 -7.54901641e-04 -7.24635815e-04 -6.96030658e-04 -6.68984094e-04 -6.43398739e-04 -6.19182359e-04 -5.96248060e-04 -5.74514305e-04 -5.53904804e-04 -5.34348335e-04 -5.15778505e-04 -4.98133492e-04 -4.81355770e-04 -4.65391835e-04 -4.50191934e-04 -4.35709799e-04 -4.21902402e-04 -4.08729713e-04 -3.96154482e-04 -3.84142028e-04 -3.72660049e-04 -3.61678441e-04 -3.51169131e-04 -3.41105927e-04 -3.31464374e-04 -3.22221627e-04 -3.13356327e-04 -3.04848494e-04 -2.96679424e-04 -2.88831596e-04 -2.81288588e-04 -2.74034992e-04 -2.67056350e-04 -2.60339079e-04 -2.53870413e-04 -2.47638345e-04 -2.41631576e-04 -2.35839464e-04 -2.30251983e-04 -2.24859677e-04 -2.19653625e-04 -2.14625406e-04 -2.09767065e-04 -2.05071081e-04 -2.00530343e-04 -1.96138123e-04 -1.91888048e-04 -1.87774082e-04 -1.83790505e-04 -1.79931892e-04 -1.76193093e-04 -1.72569221e-04 -1.69055635e-04 -1.65647923e-04 -1.62341891e-04 -1.59133550e-04
-1.00000000e-04 -3.16571888e-04 -5.26730375e-04 -5.67039888e-04 -5.87860269e-04 -6.09096831e-04 -6.31475242e-04 -6.55081327e-04 -6.80002288e-04 -7.06332410e-04 -7.34173599e-04 -7.63635896e-04 -7.94837968e-04 -8.27907529e-04 -8.62981644e-04 -9.00206840e-04 -9.39738914e-04 -9.81742287e-04 -1.02638867e-03 -1.07385475e-03 -1.12431837e-03 -1.17795265e-03 -1.23491701e-03 -1.29534377e-03 -1.35931830e-03 -1.42685005e-03 -1.49782998e-03 -1.57196882e-03 -1.64870714e-03 -1.72708512e-03 -1.80555432e-03 -1.88170758e-03 -1.95189499e-03 -2.01068828e-03 -2.05015647e-03 -2.05893997e-03 -2.02118833e-03 -1.91561565e-03 -1.71529939e-03 -1.38941834e-03 -9.08615822e-04 -2.55155647e-04 5.63861168e-04 1.50674153e-03 2.49891557e-03 3.44782352e-03 4.26517170e-03 4.88869559e-03 5.29439009e-03 5.49319156e-03 5.51651139e-03 5.40071429e-03 5.17671313e-03 4.86506135e-03 4.47450878e-03 4.00244396e-03 3.43726590e-03 2.76461987e-03 1.98132230e-03 1.12968936e-03 5.52302936e-04 1.12968936e-03 1.98132230e-03 2.76461987e-03 3.43726590e-03 4.00244396e-03 4.47450878e-03 4.86506135e-03 5.17671313e-03 5.40071429e-03 5.51651139e-03 5.49319156e-03 5.29439009e-03 4.88869559e-03 4.26517170e-03 3.44782352e-03 2.49891557e-03 1.50674153e-03 5.63861168e-04 -2.55155647e-04 -9.08615822e-04 -1.38941834e-03 -1.71529939e-03 -1.91561565e-03 -2.02118833e-03 -2.05893997e-03 -2.05015647e-03 -2.01068828e-03 -1.95189499e-03 -1.88170758e-03 -1.80555432e-03 -1.72708512e-03 -1.64870714e-03 -1.57196882e-03 -1.49782998e-03 -1.42685005e-03 -1.35931830e-03 -1.29534377e-03 -1.23491701e-03 -1.17795265e-03 -1.12431837e-03 -1.07385475e-03 -1.02638867e-03 -9.81742287e-04 -9.39738914e-04 -9.00206840e-04 -8.62981644e-04 -8.27907529e-04 -7.94837968e-04 -7.63635896e-04 -7.34173599e-04 -7.06332410e-04 -6.80002288e-04 -6.55081327e-04 -6.31475242e-04 -6.09096842e-04 -5.87865511e-04 -5.67706715e-04 -5.48551528e-04 -5.30336191e-04 -5.13001695e-04 -4.96493399e-04 -4.80760679e-04 -4.65756596e-04 -4.51437602e-04 -4.37763265e-04 -4.24696015e-04 -4.12200916e-04 -4.00245456e-04 -3.88799355e-04 -3.77834388e-04 -3.67324226e-04 -3.57244290e-04 -3.47571614e-04 -3.38284724e-04 -3.29363526e-04 -3.20789203e-04 -3.12544118e-04 -3.04611732e-04 -2.96976521e-04 -2.89623902e-04 -2.82540172e-04 -2.75712439e-04 -2.69128571e-04 -2.62777141e-04 -2.56647379e-04 -2.50729127e-04 -2.45012800e-04 -2.39489347e-04 -2.34150216e-04 -2.28987321e-04 -2.23993011e-04 -2.19160048e-04 -2.14481574e-04 -2.09951089e-04 -2.05562433e-04 -2.01309760e-04 -1.97187522e-04 -1.93190450e-04 -1.89313538e-04 -1.85552025e-04
-1.00000000e-04 -3.69206635e-04 -6.20858618e-04 -6.69548624e-04 -6.94581466e-04 -7.20137665e-04 -7.47106665e-04 -7.75598952e-04 -8.05727822e-04 -8.37616573e-04 -8.71399441e-04 -9.07222568e-04 -9.45245017e-04 -9.85639799e-04 -1.02859488e-03 -1.07431408e-03 -1.12301786e-03 -1.17494370e-03 -1.23034604e-03 -1.28949531e-03 -1.35267577e-03 -1.42018131e-03 -1.49230838e-03 -1.56934447e-03 -1.65155015e-03 -1.73913134e-03 -1.83219723e-03 -1.93069676e-03 -2.03432357e-03 -2.14237377e-03 -2.25353471e-03 -2.36557214e-03 -2.47487141e-03 -2.57577352e-03 -2.65963796e-03 -2.71357614e-03 -2.71887378e-03 -2.64933896e-03 -2.47030677e-03 -2.13990519e-03 -1.61518238e-03 -8.65474799e-04 1.08596840e-04 1.26001351e-03 2.49658029e-03 3.69994173e-03 4.75321107e-03 5.57006759e-03 6.11456224e-03 6.39911544e-03 6.46482083e-03 6.35968410e-03 6.12443016e-03 5.78615577e-03 5.35652018e-03 4.83203081e-03 4.19652429e-03 3.42929039e-03 2.52699424e-03 1.56567430e-03 9.93021997e-04 1.56567430e-03 2.52699424e-03 3.42929039e-03 4.19652429e-03 4.83203081e-03 5.35652018e-03 5.78615577e-03 6.12443016e-03 6.35968410e-03 6.46482083e-03 6.39911544e-03 6.11456224e-03 5.57006759e-03 4.75321107e-03 3.69994173e-03 2.49658029e-03 1.26001351e-03 1.08596840e-04 -8.65474799e-04 -1.61518238e-03 -2.13990519e-03 -2.47030677e-03 -2.64933896e-03 -2.71887378e-03 -2.71357614e-03 -2.65963796e-03 -2.57577352e-03 -2.47487141e-03 -2.36557214e-03 -2.25353471e-03 -2.14237377e-03 -2.03432357e-03 -1.93069676e-03 -1.83219723e-03 -1.73913134e-03 -1.65155015e-03 -1.56934447e-03 -1.49230838e-03 -1.42018131e-03 -1.35267577e-03 -1.28949531e-03 -1.23034604e-03 -1.17494370e-03 -1.12301786e-03 -1.07431408e-03 -1.02859488e-03 -9.85639799e-04 -9.45245017e-04 -9.07222568e-04 -8.71399441e-04 -8.37616573e-04 -8.05727822e-04 -7.75598952e-04 -7.47106665e-04 -7.20137677e-04 -6.94587869e-04 -6.70361482e-04 -6.47370396e-04 -6.25533454e-04 -6.04775857e-04 -5.85028601e-04 -5.66227978e-04 -5.48315109e-04 -5.31235535e-04 -5.14938832e-04 -4.99378272e-04 -4.84510509e-04 -4.70295299e-04 -4.56695242e-04 -4.43675549e-04 -4.31203830e-04 -4.19249903e-04 -4.07785617e-04 -3.96784695e-04 -3.86222584e-04 -3.76076327e-04 -3.66324438e-04 -3.56946795e-04 -3.47924536e-04 -3.39239966e-04 -3.30876472e-04 -3.22818449e-04 -3.15051223e-04 -3.07560987e-04 -3.00334743e-04 -2.93360244e-04 -2.86625942e-04 -2.80120943e-04 -2.73834961e-04 -2.67758282e-04 -2.61881719e-04 -2.56196588e-04 -2.50694665e-04 -2.45368167e-04 -2.40209715e-04 -2.35212317e-04 -2.30369340e-04 -2.25674485e-04 -2.21121776e-04 -2.16705530e-04
-1.00000000e-04 -4.31832414e-04 -7.33647484e-04 -7.92546556e-04 -8.22689801e-04 -8.53488592e-04 -8.86033856e-04 -9.20466985e-04 -9.56934080e-04 -9.95595013e-04 -1.03662488e-03 -1.08021560e-03 -1.12657760e-03 -1.17594171e-03 -1.22856109e-03 -1.28471332e-03 -1.34470242e-03 -1.40886082e-03 -1.47755108e-03 -1.55116706e-03 -1.63013408e-03 -1.71490761e-03 -1.80596929e-03 -1.90381899e-03 -2.00896050e-03 -2.12187764e-03 -2.24299541e-03 -2.37261838e-03 -2.51083429e-03 -2.65736451e-03 -2.81133375e-03 -2.97091740e-03 -3.13280580e-03 -3.29139962e-03 -3.43762468e-03 -3.55724508e-03 -3.62860834e-03 -3.61998967e-03 -3.48732798e-03 -3.17443278e-03 -2.61956396e-03 -1.77284443e-03 -6.23652889e-04 7.76149208e-04 2.31347277e-03 3.83926248e-03 5.20042237e-03 6.27656536e-03 7.01249988e-03 7.42058148e-03 7.55406790e-03 7.47629101e-03 7.24109741e-03 6.88459980e-03 6.42291938e-03 5.85211787e-03 5.15035727e-03 4.28782631e-03 3.25897588e-03 2.17766035e-03 1.58382253e-03 2.17766035e-03 3.25897588e-03 4.28782631e-03 5.15035727e-03 5.85211787e-03 6.42291938e-03 6.88459980e-03 7.24109741e-03 7.47629101e-03 7.55406790e-03 7.42058148e-03 7.01249988e-03 6.27656536e-03 5.20042237e-03 3.83926248e-03 2.31347277e-03 7.76149208e-04 -6.23652889e-04 -1.77284443e-03 -2.61956396e-03 -3.17443278e-03 -3.48732798e-03 -3.61998967e-03 -3.62860834e-03 -3.55724508e-03 -3.43762468e-03 -3.29139962e-03 -3.13280580e-03 -2.97091740e-03 -2.81133375e-03 -2.65736451e-03 -2.51083429e-03 -2.37261838e-03 -2.24299541e-03 -2.12187764e-03 -2.00896050e-03 -1.90381899e-03 -1.80596929e-03 -1.71490761e-03 -1.63013408e-03 -1.55116706e-03 -1.47755108e-03 -1.40886082e-03 -1.34470242e-03 -1.28471332e-03 -1.22856109e-03 -1.17594171e-03 -1.12657760e-03 -1.08021560e-03 -1.03662488e-03 -9.95595013e-04 -9.56934080e-04 -9.20466985e-04 -8.86033856e-04 -8.53488607e-04 -8.22697630e-04 -7.93538603e-04 -7.65899430e-04 -7.39677265e-04 -7.14777656e-04 -6.91113757e-04 -6.68605627e-04 -6.47179601e-04 -6.26767723e-04 -6.07307230e-04 -5.88740094e-04 -5.71012610e-04 -5.54075015e-04 -5.37881157e-04 -5.22388185e-04 -5.07556274e-04 -4.93348374e-04 -4.79729986e-04 -4.66668952e-04 -4.54135270e-04 -4.42100926e-04 -4.30539736e-04 -4.19427207e-04 -4.08740407e-04 -3.98457849e-04 -3.88559383e-04 -3.79026097e-04 -3.69840229e-04 -3.60985082e-04 -3.52444951e-04 -3.44205050e-04 -3.36251452e-04 -3.28571027e-04 -3.21151391e-04 -3.13980852e-04 -3.07048367e-04 -3.00343499e-04 -2.93856376e-04 -2.87577657e-04 -2.81498495e-04 -2.75610509e-04 -2.69905754e-04 -2.64376694e-04 -2.59016175e-04 -2.53817405e-04
-1.00000000e-04 -5.07398286e-04 -8.70577747e-04 -9.42054131e-04 -9.78469192e-04 -1.01570421e-03 -1.05510052e-03 -1.09683852e-03 -1.14110581e-03 -1.18810864e-03 -1.23807406e-03 -1.29125227e-03 -1.34791936e-03 -1.40838022e-03 -1.47297185e-03 -1.54206691e-03 -1.61607767e-03 -1.69546005e-03 -1.78071792e-03 -1.87240725e-03 -1.97113991e-03 -2.07758647e-03 -2.19247713e-03 -2.31659948e-03 -2.45079065e-03 -2.59592050e-03 -2.75286020e-03 -2.92242764e-03 -3.10529589e-03 -3.30184338e-03 -3.51191228e-03 -3.73442290e-03 -3.96676399e-03 -4.20383931e-03 -4.43660059e-03 -4.64985130e-03 -4.81911686e-03 -4.90659272e-03 -4.85692863e-03 -4.59542563e-03 -4.03435921e-03 -3.09542357e-03 -1.74972765e-03 -5.39505419e-05 1.85297101e-03 3.78703961e-03 5.55156134e-03 6.97812176e-03 7.98026223e-03 8.56676412e-03 8.80591359e-03 8.78126048e-03 8.56430123e-03 8.20365679e-03 7.72225102e-03 7.11655691e-03 6.35756161e-03 5.40162610e-03 4.23485440e-03 3.00819911e-03 2.36351132e-03 3.00819911e-03 4.23485440e-03 5.40162610e-03 6.35756161e-03 7.11655691e-03 7.72225102e-03 8.20365679e-03 8.56430123e-03 8.78126048e-03 8.80591359e-03 8.56676412e-03 7.98026223e-03 6.97812176e-03 5.55156134e-03 3.78703961e-03 1.85297101e-03 -5.39505419e-05 -1.74972765e-03 -3.09542357e-03 -4.03435921e-03 -4.59542563e-03 -4.85692863e-03 -4.90659272e-03 -4.81911686e-03 -4.64985130e-03 -4.43660059e-03 -4.20383931e-03 -3.96676399e-03 -3.73442290e-03 -3.51191228e-03 -3.30184338e-03 -3.10529589e-03 -2.92242764e-03 -2.75286020e-03 -2.59592050e-03 -2.45079065e-03 -2.31659948e-03 -2.19247713e-03 -2.07758647e-03 -1.97113991e-03 -1.87240725e-03 -1.78071792e-03 -1.69546005e-03 -1.61607767e-03 -1.54206691e-03 -1.47297185e-03 -1.40838022e-03 -1.34791936e-03 -1.29125227e-03 -1.23807406e-03 -1.18810864e-03 -1.14110581e-03 -1.09683852e-03 -1.05510052e-03 -1.01570423e-03 -9.78478790e-04 -9.43268405e-04 -9.09930801e-04 -8.78335892e-04 -8.48364572e-04 -8.19907645e-04 -7.92864869e-04 -7.67144107e-04 -7.42660560e-04 -7.19336086e-04 -6.97098594e-04 -6.75881490e-04 -6.55623190e-04 -6.36266675e-04 -6.17759097e-04 -6.00051416e-04 -5.83098083e-04 -5.66856740e-04 -5.51287962e-04 -5.36355017e-04 -5.22023646e-04 -5.08261869e-04 -4.95039804e-04 -4.82329505e-04 -4.70104816e-04 -4.58341231e-04 -4.47015773e-04 -4.36106881e-04 -4.25594307e-04 -4.15459019e-04 -4.05683119e-04 -3.96249757e-04 -3.87143062e-04 -3.78348074e-04 -3.69850681e-04 -3.61637564e-04 -3.53696139e-04 -3.46014515e-04 -3.38581446e-04 -3.31386289e-04 -3.24418964e-04 -3.17669923e-04 -3.11130114e-04 -3.04790949e-04 -2.98644278e-04
-1.00000000e-04 -6.00291091e-04 -1.03977660e-03 -1.12699370e-03 -1.17123074e-03 -1.21649494e-03 -1.26444343e-03 -1.31530641e-03 -1.36932459e-03 -1.42676367e-03 -1.48791739e-03 -1.55311101e-03 -1.62270528e-03 -1.69710084e-03 -1.77674337e-03 -1.86212920e-03 -1.95381174e-03 -2.05240854e-03 -2.15860916e-03 -2.27318354e-03 -2.39699094e-03 -2.53098877e-03 -2.67624094e-03 -2.83392412e-03 -3.00533017e-03 -3.19186113e-03 -3.39501110e-03 -3.61632597e-03 -3.85732586e-03 -4.11936585e-03 -4.40339556e-03 -4.70955335e-03 -5.03649251e-03 -5.38027760e-03 -5.73260455e-03 -6.07799596e-03 -6.38955292e-03 -6.62298419e-03 -6.70945107e-03 -6.55022385e-03 -6.02129986e-03 -5.00192903e-03 -3.43427999e-03 -1.38202267e-03 9.79856146e-04 3.42987722e-03 5.72427406e-03 7.62801941e-03 9.00353089e-03 9.84880297e-03 1.02501909e-02 1.03179678e-02 1.01475340e-02 9.80498566e-03 9.32354951e-03 8.70161435e-03 7.90094528e-03 6.85629059e-03 5.53299826e-03 4.11455016e-03 3.37934170e-03 4.11455016e-03 5.53299826e-03 6.85629059e-03 7.90094528e-03 8.70161435e-03 9.32354951e-03 9.80498566e-03 1.01475340e-02 1.03179678e-02 1.02501909e-02 9.84880297e-03 9.00353089e-03 7.62801941e-03 5.72427406e-03 3.42987722e-03 9.79856146e-04 -1.38202267e-03 -3.43427999e-03 -5.00192903e-03 -6.02129986e-03 -6.55022385e-03 -6.70945107e-03 -6.62298419e-03 -6.38955292e-03 -6.07799596e-03 -5.73260455e-03 -5.38027760e-03 -5.03649251e-03 -4.70955335e-03 -4.40339556e-03 -4.11936585e-03 -3.85732586e-03 -3.61632597e-03 -3.39501110e-03 -3.19186113e-03 -3.00533017e-03 -2.83392412e-03 -2.67624094e-03 -2.53098877e-03 -2.39699094e-03 -2.27318354e-03 -2.15860916e-03 -2.05240854e-03 -1.95381174e-03 -1.86212920e-03 -1.77674337e-03 -1.69710084e-03 -1.62270528e-03 -1.55311101e-03 -1.48791739e-03 -1.42676367e-03 -1.36932459e-03 -1.31530641e-03 -1.26444343e-03 -1.21649496e-03 -1.17124257e-03 -1.12848776e-03 -1.08804983e-03 -1.04976404e-03 -1.01347997e-03 -9.79060078e-04 -9.46378383e-04 -9.15319367e-04 -8.85776933e-04 -8.57653512e-04 -8.30859257e-04 -8.05311325e-04 -7.80933231e-04 -7.57654278e-04 -7.35409038e-04 -7.14136889e-04 -6.93781598e-04 -6.74290947e-04 -6.55616390e-04 -6.37712753e-04 -6.20537953e-04 -6.04052749e-04 -5.88220514e-04 -5.73007029e-04 -5.58380294e-04 -5.44310361e-04 -5.30769173e-04 -5.17730426e-04 -5.05169436e-04 -4.93063024e-04 -4.81389403e-04 -4.70128083e-04 -4.59259775e-04 -4.48766309e-04 -4.38630560e-04 -4.28836370e-04 -4.19368488e-04 -4.10212509e-04 -4.01354816e-04 -3.92782531e-04 -3.84483464e-04 -3.76446074e-04 -3.68659424e-04 -3.61113144e-04 -3.53797397e-04
-1.05221977e-04 -7.17274219e-04 -1.25375353e-03 -1.36109412e-03 -1.41530001e-03 -1.47079919e-03 -1.52965523e-03 -1.59216300e-03 -1.65863235e-03 -1.72940648e-03 -1.80486620e-03 -1.88543492e-03 -1.97158430e-03 -2.06384072e-03 -2.16279280e-03 -2.26909993e-03 -2.38350215e-03 -2.50683131e-03 -2.64002391e-03 -2.78413548e-03 -2.94035673e-03 -3.11003122e-03 -3.29467418e-03 -3.49599176e-03 -3.71589878e-03 -3.95653223e-03 -4.22025485e-03 -4.50963976e-03 -4.82742000e-03 -5.17637617e-03 -5.55911638e-03 -5.97767150e-03 -6.43277679e-03 -6.92262605e-03 -7.44075248e-03 -7.97250299e-03 -8.48936470e-03 -8.94036499e-03 -9.24052830e-03 -9.25951412e-03 -8.82168428e-03 -7.74141360e-03 -5.91452379e-03 -3.41973072e-03 -4.93261466e-04 2.60561327e-03 5.59616957e-03 8.15447491e-03 1.00587445e-02 1.12818340e-02 1.19307108e-02 1.21510010e-02 1.20707514e-02 1.17806808e-02 1.13295531e-02 1.07201776e-02 9.90229435e-03 8.77660926e-03 7.26549954e-03 5.57528267e-03 4.68867037e-03 5.57528267e-03 7.26549954e-03 8.77660926e-03 9.90229435e-03 1.07201776e-02 1.13295531e-02 1.17806808e-02 1.20707514e-02 1.21510010e-02 1.19307108e-02 1.12818340e-02 1.00587445e-02 8.15447491e-03 5.59616957e-03 2.60561327e-03 -4.93261466e-04 -3.41973072e-03 -5.91452379e-03 -7.74141360e-03 -8.82168428e-03 -9.25951412e-03 -9.24052830e-03 -8.94036499e-03 -8.48936470e-03 -7.97250299e-03 -7.44075248e-03 -6.92262605e-03 -6.43277679e-03 -5.97767150e-03 -5.55911638e-03 -5.17637617e-03 -4.82742000e-03 -4.50963976e-03 -4.22025485e-03 -3.95653223e-03 -3.71589878e-03 -3.49599176e-03 -3.29467418e-03 -3.11003122e-03 -2.94035673e-03 -2.78413548e-03 -2.64002391e-03 -2.50683131e-03 -2.38350215e-03 -2.26909993e-03 -2.16279280e-03 -2.06384072e-03 -1.97158430e-03 -1.88543492e-03 -1.80486620e-03 -1.72940648e-03 -1.65863235e-03 -1.59216300e-03 -1.52965523e-03 -1.47079922e-03 -1.41531471e-03 -1.36294776e-03 -1.31346784e-03 -1.26666534e-03 -1.22234931e-03 -1.18034557e-03 -1.14049491e-03 -1.10265165e-03 -1.06668223e-03 -1.03246406e-03 -9.99884442e-04 -9.68839629e-04 -9.39233989e-04 -9.10979254e-04 -8.83993850e-04 -8.58202296e-04 -8.33534662e-04 -8.09926091e-04 -7.87316359e-04 -7.65649485e-04 -7.44873375e-04 -7.24939500e-04 -7.05802612e-04 -6.87420473e-04 -6.69753625e-04 -6.52765166e-04 -6.36420558e-04 -6.20687442e-04 -6.05535481e-04 -5.90936205e-04 -5.76862873e-04 -5.63290354e-04 -5.50195007e-04 -5.37554575e-04 -5.25348093e-04 -5.13555796e-04 -5.02159036e-04 -4.91140209e-04 -4.80482684e-04 -4.70170742e-04 -4.60189509e-04 -4.50524912e-04 -4.41163619e-04 -4.32092997e-04 -4.23301067e-04
-1.13217027e-04 -8.69189390e-04 -1.53255349e-03 -1.66635194e-03 -1.73362892e-03 -1.80255011e-03 -1.87571642e-03 -1.95350886e-03 -2.03632951e-03 -2.12462501e-03 -2.21889260e-03 -2.31968709e-03 -2.42762883e-03 -2.54341304e-03 -2.66782062e-03 -2.80173075e-03 -2.94613544e-03 -3.10215661e-03 -3.27106583e-03 -3.45430721e-03 -3.65352386e-03 -3.87058817e-03 -4.10763606e-03 -4.36710502e-03 -4.65177499e-03 -4.96480991e-03 -5.30979524e-03 -5.69076295e-03 -6.11218779e-03 -6.57892599e-03 -7.09604508e-03 -7.66845383e-03 -8.30017295e-03 -8.99296875e-03 -9.74387413e-03 -1.05408082e-02 -1.13550735e-02 -1.21291289e-02 -1.27584816e-02 -1.30702365e-02 -1.28131009e-02 -1.16985952e-02 -9.54467137e-03 -6.46561727e-03 -2.82390938e-03 1.08205353e-03 4.98268088e-03 8.44516988e-03 1.11072295e-02 1.28879568e-02 1.39151676e-02 1.43811994e-02 1.44591780e-02 1.42749287e-02 1.39006603e-02 1.33476825e-02 1.25498428e-02 1.13542074e-02 9.60193625e-03 7.50205888e-03 6.36092862e-03 7.50205888e-03 9.60193625e-03 1.13542074e-02 1.25498428e-02 1.33476825e-02 1.39006603e-02 1.42749287e-02 1.44591780e-02 1.43811994e-02 1.39151676e-02 1.28879568e-02 1.11072295e-02 8.44516988e-03 4.98268088e-03 1.08205353e-03 -2.82390938e-03 -6.46561727e-03 -9.54467137e-03 -1.16985952e-02 -1.28131009e-02 -1.30702365e-02 -1.27584816e-02 -1.21291289e-02 -1.13550735e-02 -1.05408082e-02 -9.74387413e-03 -8.99296875e-03 -8.30017295e-03 -7.66845383e-03 -7.09604508e-03 -6.57892599e-03 -6.11218779e-03 -5.69076295e-03 -5.30979524e-03 -4.96480991e-03 -4.65177499e-03 -4.36710502e-03 -4.10763606e-03 -3.87058817e-03 -3.65352386e-03 -3.45430721e-03 -3.27106583e-03 -3.10215661e-03 -2.94613544e-03 -2.80173075e-03 -2.66782062e-03 -2.54341304e-03 -2.42762883e-03 -2.31968709e-03 -2.21889260e-03 -2.12462501e-03 -2.03632951e-03 -1.95350886e-03 -1.87571642e-03 -1.80255015e-03 -1.73364742e-03 -1.66868051e-03 -1.60735265e-03 -1.54939459e-03 -1.49456164e-03 -1.44263099e-03 -1.39339943e-03 -1.34668130e-03 -1.30230673e-03 -1.26012003e-03 -1.21997830e-03 -1.18175019e-03 -1.14531479e-03 -1.11056065e-03 -1.07738490e-03 -1.04569247e-03 -1.01539539e-03 -9.86412157e-04 -9.58667178e-04 -9.32090248e-04 -9.06616104e-04 -8.82184011e-04 -8.58737383e-04 -8.36223453e-04 -8.14592960e-04 -7.93799875e-04 -7.73801151e-04 -7.54556488e-04 -7.36028126e-04 -7.18180658e-04 -7.00980849e-04 -6.84397484e-04 -6.68401215e-04 -6.52964434e-04 -6.38061147e-04 -6.23666860e-04 -6.09758479e-04 -5.96314214e-04 -5.83313489e-04 -5.70736863e-04 -5.58565957e-04 -5.46783380e-04 -5.35372671e-04 -5.24318236e-04 -5.13605295e-04
-1.21747008e-04 -1.06946613e-03 -1.90136057e-03 -2.07047692e-03 -2.15515509e-03 -2.24194715e-03 -2.33417525e-03 -2.43233684e-03 -2.53695874e-03 -2.64862777e-03 -2.76799910e-03 -2.89580592e-03 -3.03287079e-03 -3.18011886e-03 -3.33859328e-03 -3.50947345e-03 -3.69409632e-03 -3.89398159e-03 -4.11086139e-03 -4.34671524e-03 -4.60381129e-03 -4.88475477e-03 -5.19254469e-03 -5.53063948e-03 -5.90303218e-03 -6.31433418e-03 -6.76986493e-03 -7.27574037e-03 -7.83894538e-03 -8.46736083e-03 -9.16968921e-03 -9.95517382e-03 -1.08329172e-02 -1.18104430e-02 -1.28908551e-02 -1.40674557e-02 -1.53138913e-02 -1.65669051e-02 -1.76984031e-02 -1.84772568e-02 -1.85387539e-02 -1.74258471e-02 -1.48167144e-02 -1.09026967e-02 -6.33531706e-03 -1.47119919e-03 3.57918412e-03 8.27907176e-03 1.20283788e-02 1.46349553e-02 1.62403374e-02 1.70972093e-02 1.74408755e-02 1.74473294e-02 1.72239755e-02 1.67971563e-02 1.60797650e-02 1.48351885e-02 1.27590127e-02 1.00186315e-02 8.44248257e-03 1.00186315e-02 1.27590127e-02 1.48351885e-02 1.60797650e-02 1.67971563e-02 1.72239755e-02 1.74473294e-02 1.74408755e-02 1.70972093e-02 1.62403374e-02 1.46349553e-02 1.20283788e-02 8.27907176e-03 3.57918412e-03 -1.47119919e-03 -6.33531706e-03 -1.09026967e-02 -1.48167144e-02 -1.74258471e-02 -1.85387539e-02 -1.84772568e-02 -1.76984031e-02 -1.65669051e-02 -1.53138913e-02 -1.40674557e-02 -1.28908551e-02 -1.18104430e-02 -1.08329172e-02 -9.95517382e-03 -9.16968921e-03 -8.46736083e-03 -7.83894538e-03 -7.27574037e-03 -6.76986493e-03 -6.31433418e-03 -5.90303218e-03 -5.53063948e-03 -5.19254469e-03 -4.88475477e-03 -4.60381129e-03 -4.34671524e-03 -4.11086139e-03 -3.89398159e-03 -3.69409632e-03 -3.50947345e-03 -3.33859328e-03 -3.18011886e-03 -3.03287079e-03 -2.89580592e-03 -2.76799910e-03 -2.64862777e-03 -2.53695874e-03 -2.43233684e-03 -2.33417525e-03 -2.24194719e-03 -2.15517868e-03 -2.07344233e-03 -1.99635199e-03 -1.92355805e-03 -1.85474337e-03 -1.78961972e-03 -1.72792468e-03 -1.66941888e-03 -1.61388366e-03 -1.56111889e-03 -1.51094117e-03 -1.46318211e-03 -1.41768694e-03 -1.37431314e-03 -1.33292935e-03 -1.29341428e-03 -1.25565583e-03 -1.21955023e-03 -1.18500135e-03 -1.15191999e-03 -1.12022329e-03 -1.08983423e-03 -1.06068109e-03 -1.03269705e-03 -1.00581978e-03 -9.79991092e-04 -9.55156588e-04 -9.31265386e-04 -9.08269846e-04 -8.86125317e-04 -8.64789921e-04 -8.44224342e-04 -8.24391643e-04 -8.05257093e-04 -7.86788008e-04 -7.68953609e-04 -7.51724891e-04 -7.35074497e-04 -7.18976610e-04 -7.03406846e-04 -6.88342163e-04 -6.73760770e-04 -6.59642047e-04 -6.45966469e-04 -6.32715538e-04
-1.30110815e-04 -1.33514924e-03 -2.39244603e-03 -2.60904609e-03 -2.71705379e-03 -2.82780871e-03 -2.94560819e-03 -3.07110816e-03 -3.20500558e-03 -3.34807854e-03 -3.50119795e-03 -3.66534109e-03 -3.84160750e-03 -4.03123764e-03 -4.23563496e-03 -4.45639193e-03 -4.69532092e-03 -4.95449093e-03 -5.23627136e-03 -5.54338426e-03 -5.87896679e-03 -6.24664588e-03 -6.65062747e-03 -7.09580269e-03 -7.58787356e-03 -8.13349993e-03 -8.74046803e-03 -9.41787689e-03 -1.01763313e-02 -1.10281136e-02 -1.19872770e-02 -1.30695404e-02 -1.42917538e-02 -1.56704820e-02 -1.72188414e-02 -1.89399675e-02 -2.08141538e-02 -2.27746625e-02 -2.46651447e-02 -2.61740135e-02 -2.67640824e-02 -2.56957427e-02 -2.23804840e-02 -1.71515544e-02 -1.13385871e-02 -5.45903793e-03 9.31132373e-04 7.28019170e-03 1.25770891e-02 1.64031745e-02 1.88885313e-02 2.03600967e-02 2.11379559e-02 2.14694098e-02 2.15141614e-02 2.13237688e-02 2.07839165e-02 1.95296933e-02 1.70058114e-02 1.32424100e-02 1.09066950e-02 1.32424100e-02 1.70058114e-02 1.95296933e-02 2.07839165e-02 2.13237688e-02 2.15141614e-02 2.14694098e-02 2.11379559e-02 2.03600967e-02 1.88885313e-02 1.64031745e-02 1.25770891e-02 7.28019170e-03 9.31132373e-04 -5.45903793e-03 -1.13385871e-02 -1.71515544e-02 -2.23804840e-02 -2.56957427e-02 -2.67640824e-02 -2.61740135e-02 -2.46651447e-02 -2.27746625e-02 -2.08141538e-02 -1.89399675e-02 -1.72188414e-02 -1.56704820e-02 -1.42917538e-02 -1.30695404e-02 -1.19872770e-02 -1.10281136e-02 -1.01763313e-02 -9.41787689e-03 -8.74046803e-03 -8.13349993e-03 -7.58787356e-03 -7.09580269e-03 -6.65062747e-03 -6.24664588e-03 -5.87896679e-03 -5.54338426e-03 -5.23627136e-03 -4.95449093e-03 -4.69532092e-03 -4.45639193e-03 -4.23563496e-03 -4.03123764e-03 -3.84160750e-03 -3.66534109e-03 -3.50119795e-03 -3.34807854e-03 -3.20500558e-03 -3.07110816e-03 -2.94560819e-03 -2.82780877e-03 -2.71708426e-03 -2.61287171e-03 -2.51466344e-03 -2.42200067e-03 -2.33446796e-03 -2.25168835e-03 -2.17331916e-03 -2.09904833e-03 -2.02859113e-03 -1.96168736e-03 -1.89809884e-03 -1.83760719e-03 -1.78001188e-03 -1.72512850e-03 -1.67278723e-03 -1.62283145e-03 -1.57511654e-03 -1.52950876e-03 -1.48588431e-03 -1.44412842e-03 -1.40413460e-03 -1.36580387e-03 -1.32904422e-03 -1.29376992e-03 -1.25990110e-03 -1.22736322e-03 -1.19608667e-03 -1.16600635e-03 -1.13706137e-03 -1.10919469e-03 -1.08235283e-03 -1.05648562e-03 -1.03154595e-03 -1.00748955e-03 -9.84274769e-04 -9.61862418e-04 -9.40215572e-04 -9.19299425e-04 -8.99081144e-04 -8.79529734e-04 -8.60615914e-04 -8.42312007e-04 -8.24591831e-04 -8.07430608e-04 -7.90804867e-04
