AXIS X
0.000000000000e+00 2.500000000000e-03 5.000000000000e-03 7.500000000000e-03 1.000000000000e-02 1.250000000000e-02 1.500000000000e-02 1.750000000000e-02 2.000000000000e-02 2.250000000000e-02 2.500000000000e-02 2.750000000000e-02 3.000000000000e-02 3.250000000000e-02 3.500000000000e-02 3.750000000000e-02 4.000000000000e-02 4.250000000000e-02 4.500000000000e-02 4.750000000000e-02 5.000000000000e-02 5.250000000000e-02 5.500000000000e-02 5.750000000000e-02 6.000000000000e-02 6.250000000000e-02 6.500000000000e-02 6.750000000000e-02 7.000000000000e-02 7.250000000000e-02 7.500000000000e-02 7.750000000000e-02 8.000000000000e-02 8.250000000000e-02 8.500000000000e-02 8.750000000000e-02 9.000000000000e-02 9.250000000000e-02 9.500000000000e-02 9.750000000000e-02 1.000000000000e-01 1.025000000000e-01 1.050000000000e-01 1.075000000000e-01 1.100000000000e-01 1.125000000000e-01 1.150000000000e-01 1.175000000000e-01 1.200000000000e-01 1.225000000000e-01 1.250000000000e-01 1.275000000000e-01 1.300000000000e-01 1.325000000000e-01 1.350000000000e-01 1.375000000000e-01 1.400000000000e-01 1.425000000000e-01 1.450000000000e-01 1.475000000000e-01 1.500000000000e-01 1.525000000000e-01 1.550000000000e-01 1.575000000000e-01 1.600000000000e-01 1.625000000000e-01 1.650000000000e-01 1.675000000000e-01 1.700000000000e-01 1.725000000000e-01 1.750000000000e-01 1.775000000000e-01 1.800000000000e-01 1.825000000000e-01 1.850000000000e-01 1.875000000000e-01 1.900000000000e-01 1.925000000000e-01 1.950000000000e-01 1.975000000000e-01 2.000000000000e-01 2.025000000000e-01 2.050000000000e-01 2.075000000000e-01 2.100000000000e-01 2.125000000000e-01 2.150000000000e-01 2.175000000000e-01 2.200000000000e-01 2.225000000000e-01 2.250000000000e-01 2.275000000000e-01 2.300000000000e-01 2.325000000000e-01 2.350000000000e-01 2.375000000000e-01 2.400000000000e-01 2.425000000000e-01 2.450000000000e-01 2.475000000000e-01 2.500000000000e-01

AXIS Y
0.000000000000e+00 1.875000000000e-03 3.750000000000e-03 5.625000000000e-03 7.500000000000e-03 9.375000000000e-03 1.125000000000e-02 1.312500000000e-02 1.500000000000e-02 1.687500000000e-02 1.875000000000e-02 2.062500000000e-02 2.250000000000e-02 2.437500000000e-02 2.625000000000e-02 2.812500000000e-02 3.000000000000e-02 3.187500000000e-02 3.375000000000e-02 3.562500000000e-02 3.750000000000e-02 3.937500000000e-02 4.125000000000e-02 4.312500000000e-02 4.500000000000e-02 4.687500000000e-02 4.875000000000e-02 5.062500000000e-02 5.250000000000e-02 5.437500000000e-02 5.625000000000e-02 5.812500000000e-02 6.000000000000e-02 6.187500000000e-02 6.375000000000e-02 6.562500000000e-02 6.750000000000e-02 6.937500000000e-02 7.125000000000e-02 7.312500000000e-02 7.500000000000e-02 7.687500000000e-02 7.875000000000e-02 8.062500000000e-02 8.250000000000e-02 8.437500000000e-02 8.625000000000e-02 8.812500000000e-02 9.000000000000e-02 9.187500000000e-02 9.375000000000e-02 9.562500000000e-02 9.750000000000e-02 9.937500000000e-02 1.012500000000e-01 1.031250000000e-01 1.050000000000e-01 1.068750000000e-01 1.087500000000e-01 1.106250000000e-01 1.125000000000e-01 1.143750000000e-01 1.162500000000e-01 1.181250000000e-01 1.200000000000e-01 1.218750000000e-01 1.237500000000e-01 1.256250000000e-01 1.275000000000e-01 1.293750000000e-01 1.312500000000e-01 1.331250000000e-01 1.350000000000e-01 1.368750000000e-01 1.387500000000e-01 1.406250000000e-01 1.425000000000e-01 1.443750000000e-01 1.462500000000e-01 1.481250000000e-01 1.500000000000e-01 1.518750000000e-01 1.537500000000e-01 1.556250000000e-01 1.575000000000e-01 1.593750000000e-01 1.612500000000e-01 1.631250000000e-01 1.650000000000e-01 1.668750000000e-01 1.687500000000e-01 1.706250000000e-01 1.725000000000e-01 1.743750000000e-01 1.762500000000e-01 1.781250000000e-01 1.800000000000e-01 1.818750000000e-01 1.837500000000e-01 1.856250000000e-01 1.875000000000e-01 1.893750000000e-01 1.912500000000e-01 1.931250000000e-01 1.950000000000e-01 1.968750000000e-01 1.987500000000e-01 2.006250000000e-01 2.025000000000e-01 2.043750000000e-01 2.062500000000e-01 2.081250000000e-01 2.100000000000e-01 2.118750000000e-01 2.137500000000e-01 2.156250000000e-01 2.175000000000e-01 2.193750000000e-01 2.212500000000e-01 2.231250000000e-01 2.250000000000e-01 2.268750000000e-01 2.287500000000e-01 2.306250000000e-01 2.325000000000e-01 2.343750000000e-01 2.362500000000e-01 2.381250000000e-01 2.400000000000e-01 2.418750000000e-01 2.437500000000e-01 2.456250000000e-01 2.475000000000e-01 2.493750000000e-01 2.512500000000e-01 2.531250000000e-01 2.550000000000e-01 2.568750000000e-01 2.587500000000e-01 2.606250000000e-01 2.625000000000e-01 2.643750000000e-01 2.662500000000e-01 2.681250000000e-01 2.700000000000e-01 2.718750000000e-01 2.737500000000e-01 2.756250000000e-01 2.775000000000e-01 2.793750000000e-01 2.812500000000e-01 2.831250000000e-01 2.850000000000e-01 2.868750000000e-01 2.887500000000e-01 2.906250000000e-01 2.925000000000e-01 2.943750000000e-01 2.962500000000e-01 2.981250000000e-01 3.000000000000e-01

DATA
9.221173776464e-07 1.441078695135e-06 2.234283156007e-06 3.436648182467e-06 5.244152118957e-06 7.938811242843e-06 1.192262681151e-05 1.776317596564e-05 2.625409273632e-05 3.849428699656e-05 5.599034640205e-05 8.078709118838e-05 1.156316316040e-04 1.641763937227e-04 2.312263083891e-04 3.230345307562e-04 4.476495152216e-04 6.153138148329e-04 8.389114725099e-04 1.134456162209e-03 1.521606296160e-03 2.024186179945e-03 2.670684185481e-03 3.494690094914e-03 4.535225060610e-03 5.836909419338e-03 7.449907413481e-03 9.429584248149e-03 1.183581168116e-02 1.473186460192e-02 1.818286290748e-02 2.225373351457e-02 2.700669338680e-02 3.249828875107e-02 3.877606537159e-02 4.587498635835e-02 5.381375782600e-02 6.259126099465e-02 7.218332098198e-02 8.254006047675e-02 9.358408767052e-02 1.052097509025e-01 1.172836516682e-01 1.296465445197e-01 1.421166767311e-01 1.544945179954e-01 1.665687374943e-01 1.781231743601e-01 1.889444665580e-01 1.988299265371e-01 2.075952123709e-01 2.150813389232e-01 2.211605997532e-01 2.257410405404e-01 2.287692247164e-01 2.302311558872e-01 2.301513549071e-01 2.285902250990e-01 2.256399636002e-01 2.214193624040e-01 2.160679161171e-01 2.097396574605e-01 2.025971342954e-01 1.948058737115e-01 1.865295973976e-01 1.779263497469e-01 1.691455864947e-01 1.603261778352e-01 1.515951958693e-01 1.430672986696e-01 1.348445065648e-01 1.270161639233e-01 1.196589231576e-01 1.128366310146e-01 1.066000662679e-01 1.009865393694e-01 9.601942263933e-02 9.170771657849e-02 8.804578271746e-02 8.501337084452e-02 8.257605186043e-02 8.068612608299e-02 7.928403903189e-02 7.830028069354e-02 7.765770029190e-02 7.727412976526e-02 7.706517940954e-02 7.694706152247e-02 7.683929059084e-02 7.666713499205e-02 7.636370580149e-02 7.587161431921e-02 7.514414910971e-02 7.414597016734e-02 7.285333534930e-02 7.125390561960e-02 6.934618426505e-02 6.713866242775e-02 6.464873419507e-02 6.190145348760e-02 5.892818903350e-02
9.435719667672e-07 1.475486083556e-06 2.289022495828e-06 3.523036616073e-06 5.379394010337e-06 8.148829577533e-06 1.224613373961e-05 1.825746390711e-05 2.700318481832e-05 3.962028472869e-05 5.766905173242e-05 8.326927023351e-05 1.192716181733e-04 1.694701047179e-04 2.388611428745e-04 3.339540276317e-04 4.631360158762e-04 6.370926785749e-04 8.692805447597e-04 1.176444131799e-03 1.579163227630e-03 2.102408694365e-03 2.776076529331e-03 3.635460402806e-03 4.721613601311e-03 6.081542374995e-03 7.768165720341e-03 9.839972738325e-03 1.236030887910e-02 1.539622851148e-02 1.901686383101e-02 2.329128143012e-02 2.828582486128e-02 3.406097911435e-02 4.066783364095e-02 4.814426666482e-02 5.651102048248e-02 6.576787778292e-02 7.589018691167e-02 8.682599907195e-02 9.849408951099e-02 1.107831114975e-01 1.235520917661e-01 1.366324107464e-01 1.498313255409e-01 1.629369903141e-01 1.757248163307e-01 1.879649113575e-01 1.994302324768e-01 2.099050135335e-01 2.191929809658e-01 2.271248672842e-01 2.335647564081e-01 2.384148773866e-01 2.416185591027e-01 2.431612071272e-01 2.430692914930e-01 2.414074987494e-01 2.382743212426e-01 2.337964634693e-01 2.281225061305e-01 2.214162981842e-01 2.138505093871e-01 2.056007283999e-01 1.968403814641e-01 1.877366441155e-01 1.784474002617e-01 1.691191818853e-01 1.598859539079e-01 1.508685312001e-01 1.421744044924e-01 1.338977503690e-01 1.261194449199e-01 1.189069544272e-01 1.123140479477e-01 1.063803489488e-01 1.011307994213e-01 9.657515764803e-02 9.270767253131e-02 8.950707520847e-02 8.693701002197e-02 8.494698170768e-02 8.347385332872e-02 8.244386800140e-02 8.177512064965e-02 8.138036242208e-02 8.116999117666e-02 8.105506735268e-02 8.095019910051e-02 8.077615278391e-02 8.046207572236e-02 7.994725007122e-02 7.918233413851e-02 7.813008423551e-02 7.676557933737e-02 7.507599621500e-02 7.306000030127e-02 7.072682295398e-02 6.809510315321e-02 6.519155983550e-02 6.204956321754e-02
9.613361076952e-07 1.504187188849e-06 2.335014507103e-06 3.596132011307e-06 5.494610662506e-06 8.328945149938e-06 1.252538186812e-05 1.868682600820e-05 2.765788492636e-05 4.061028727426e-05 5.915360129784e-05 8.547679746898e-05 1.225266715188e-04 1.742293493278e-04 2.457608728520e-04 3.438720734348e-04 4.772713184004e-04 6.570661538425e-04 8.972610570506e-04 1.215303400196e-03 1.632663189765e-03 2.175424168525e-03 2.874854750059e-03 3.767917225271e-03 4.897663671802e-03 6.313457198421e-03 8.070949806099e-03 1.023174317456e-02 1.286265888979e-02 1.603455033001e-02 1.982060163453e-02 2.429408059424e-02 2.952554232230e-02 3.557951799070e-02 4.251076851161e-02 5.036023095766e-02 5.915083685851e-02 6.888342540450e-02 7.953301328504e-02 9.104570671152e-02 1.033365435021e-01 1.162885358676e-01 1.297531416537e-01 1.435523185347e-01 1.574822288927e-01 1.713185526138e-01 1.848232394205e-01 1.977524293858e-01 2.098651438332e-01 2.209322820400e-01 2.307454052037e-01 2.391247640349e-01 2.459260897773e-01 2.510457137437e-01 2.544237231010e-01 2.560449846137e-01 2.559380423184e-01 2.541720429462e-01 2.508519859946e-01 2.461127146981e-01 2.401121214769e-01 2.330240725893e-01 2.250315285048e-01 2.163202593652e-01 2.070734660949e-01 1.974674807629e-01 1.876685931839e-01 1.778309460172e-01 1.680953235932e-01 1.585886180840e-01 1.494237158567e-01 1.406995646532e-01 1.325012216337e-01 1.248997526006e-01 1.179519170987e-01 1.116996665639e-01 1.061695369804e-01 1.013720692672e-01 9.730141849045e-02 9.393530277472e-02 9.123542852192e-02 8.914847496334e-02 8.760767396270e-02 8.653495812495e-02 8.584359341334e-02 8.544117029794e-02 8.523279445098e-02 8.512430264359e-02 8.502533409470e-02 8.485210611583e-02 8.452977054786e-02 8.399426528144e-02 8.319361844358e-02 8.208869647266e-02 8.065342323553e-02 7.887452369152e-02 7.675086116134e-02 7.429244715782e-02 7.151920420513e-02 6.845955539242e-02 6.514890893836e-02
9.751903393410e-07 1.526830539263e-06 2.371701173672e-06 3.655056154637e-06 5.588432025162e-06 8.477039290365e-06 1.275712359558e-05 1.904632838469e-05 2.821076362269e-05 4.145320746210e-05 6.042759745681e-05 8.738563950271e-05 1.253618873617e-04 1.784038938607e-04 2.518538662124e-04 3.526874598518e-04 4.899137496515e-04 6.750377651611e-04 9.225830703431e-04 1.250666574172e-03 1.681610870956e-03 2.242571129453e-03 2.966143842284e-03 3.890914120913e-03 5.061887501684e-03 6.530741676147e-03 8.355825443168e-03 1.060182644269e-02 1.333902922751e-02 1.664209019988e-02 2.058827012931e-02 2.525508653953e-02 3.071737985662e-02 3.704382690999e-02 4.429298376986e-02 5.250899077421e-02 6.171712773090e-02 7.191945521557e-02 8.309082108883e-02 9.517553420221e-02 1.080850170051e-01 1.216967264632e-01 1.358545909157e-01 1.503711316948e-01 1.650313495882e-01 1.795983288320e-01 1.938203921960e-01 2.074395074324e-01 2.202005380622e-01 2.318608248084e-01 2.421995522166e-01 2.510263171641e-01 2.581883723359e-01 2.635760908376e-01 2.671263206003e-01 2.688234627945e-01 2.686982676060e-01 2.668245192600e-01 2.633139339827e-01 2.583097134910e-01 2.519792720713e-01 2.445066770158e-01 2.360853198129e-01 2.269112436116e-01 2.171774614405e-01 2.070694428256e-01 1.967618259210e-01 1.864162695335e-01 1.761802670827e-01 1.661866720288e-01 1.565536586864e-01 1.473848549813e-01 1.387694368042e-01 1.307820308425e-01 1.234823745956e-01 1.169147559757e-01 1.111073245591e-01 1.060714293100e-01 1.018011525294e-01 9.827320989734e-02 9.544736542743e-02 9.326745102272e-02 9.166302869024e-02 9.055166711486e-02 8.984174033435e-02 8.943561166415e-02 8.923302882486e-02 8.913454597869e-02 8.904478696168e-02 8.887538709042e-02 8.854748444618e-02 8.799367126983e-02 8.715935745898e-02 8.600354205016e-02 8.449902590434e-02 8.263211839698e-02 8.040192073850e-02 7.781926381423e-02 7.490539130813e-02 7.169046495941e-02 6.821196274533e-02
9.849631900780e-07 1.543138420575e-06 2.398636843992e-06 3.699100418213e-06 5.659741617577e-06 8.591369108981e-06 1.293866321682e-05 1.933184004545e-05 2.865554897234e-05 4.213961096104e-05 6.147698069544e-05 8.897504006600e-05 1.277469080122e-04 1.819497578775e-04 2.570770046509e-04 3.603104610633e-04 5.009369720640e-04 6.908313213307e-04 9.450032285168e-04 1.282200750130e-03 1.725555261056e-03 2.303244489955e-03 3.049139884121e-03 4.003393400864e-03 5.212907129006e-03 6.731618142563e-03 8.620521783805e-03 1.094735018341e-02 1.378582223193e-02 1.721438611078e-02 2.131438944698e-02 2.616763467699e-02 3.185331043171e-02 3.844433101930e-02 4.600316743057e-02 5.457730796868e-02 6.419454513559e-02 7.485833752166e-02 8.654354228235e-02 9.919284059101e-02 1.127141876363e-01 1.269796011877e-01 1.418255517976e-01 1.570551485210e-01 1.724421979361e-01 1.877371040446e-01 2.026744290954e-01 2.169818006450e-01 2.303897308949e-01 2.426418038447e-01 2.535046446153e-01 2.627770424994e-01 2.702976681806e-01 2.759508884567e-01 2.796703320290e-01 2.814400167914e-01 2.812930355703e-01 2.793079936507e-01 2.756035310458e-01 2.703314210236e-01 2.636687974420e-01 2.558100941104e-01 2.469592504252e-01 2.373226435270e-01 2.271030996871e-01 2.164951733624e-01 2.056817511608e-01 1.948318754870e-01 1.840995988711e-01 1.736235832226e-01 1.635271514331e-01 1.539184968570e-01 1.448908257868e-01 1.365222724750e-01 1.288755294634e-01 1.219972208799e-01 1.159171278784e-01 1.106474333644e-01 1.061821703146e-01 1.024970682537e-01 9.954995102204e-02 9.728178896133e-02 9.561844454652e-02 9.447307986886e-02 9.374912546256e-02 9.334366197234e-02 9.315102754952e-02 9.306644922195e-02 9.298950133526e-02 9.282721875947e-02 9.249672258334e-02 9.192726972192e-02 9.106167442159e-02 8.985710188835e-02 8.828526807560e-02 8.633210958124e-02 8.399700680392e-02 8.129164969191e-02 7.823863918762e-02 7.486990684981e-02 7.122502615138e-02
9.905347366359e-07 1.552912587686e-06 2.415497258594e-06 3.727740009823e-06 5.707698904482e-06 8.670602142231e-06 1.306790995088e-05 1.954011335255e-05 2.898724717294e-05 4.266189585358e-05 6.229029467646e-05 9.022790576711e-05 1.296564840305e-04 1.848300141669e-04 2.613768195830e-04 3.666644313731e-04 5.102322087830e-04 7.042939832140e-04 9.643089260565e-04 1.309613153498e-03 1.764097225497e-03 2.356905573223e-03 3.123123218502e-03 4.104403286436e-03 5.349476484145e-03 6.914471744102e-03 8.862967167061e-03 1.126568352707e-02 1.419973066900e-02 1.774732241318e-02 2.199388926274e-02 2.702554114298e-02 3.292586725544e-02 3.977210345018e-02 4.763075150504e-02 5.655279311402e-02 6.656870328809e-02 7.768352584153e-02 8.987232174796e-02 1.030763349496e-01 1.172002274470e-01 1.321107217423e-01 1.476369371346e-01 1.635726247463e-01 1.796804004322e-01 1.956979372922e-01 2.113459366632e-01 2.263375461184e-01 2.403887618165e-01 2.532292398499e-01 2.646128821999e-01 2.743275394259e-01 2.822032104880e-01 2.881182269675e-01 2.920030285382e-01 2.938413406697e-01 2.936687482942e-01 2.915688614080e-01 2.876674505584e-01 2.821250690492e-01 2.751287577898e-01 2.668834654700e-01 2.576037736706e-01 2.475064259323e-01 2.368040314434e-01 2.257001398250e-01 2.143857469659e-01 2.030371088845e-01 1.918146485257e-01 1.808626504488e-01 1.703094154899e-01 1.602675596473e-01 1.508342131048e-01 1.420909487711e-01 1.341033792925e-01 1.269204606536e-01 1.205736221549e-01 1.150759058143e-01 1.104213239949e-01 1.065846406977e-01 1.035217483519e-01 1.011707494505e-01 9.945378555706e-02 9.827957893004e-02 9.754657477588e-02 9.714652809596e-02 9.696832691896e-02 9.690183892405e-02 9.684156999998e-02 9.668994863199e-02 9.636008846543e-02 9.577793365349e-02 9.488373725313e-02 9.363287224356e-02 9.199601619421e-02 8.995877964360e-02 8.752086653591e-02 8.469486637802e-02 8.150477080161e-02 7.798430843766e-02 7.417516982294e-02
9.918390565494e-07 1.556038264802e-06 2.422086096341e-06 3.740644448137e-06 5.731755846724e-06 8.713842346347e-06 1.314341822044e-05 1.966884618004e-05 2.920223733234e-05 4.301443564917e-05 6.285889900397e-05 9.113112072281e-05 1.310709317763e-04 1.870154519200e-04 2.647104426115e-04 3.716871457378e-04 5.177101196390e-04 7.152988701346e-04 9.803219021699e-04 1.332656018716e-03 1.796896072989e-03 2.403090902147e-03 3.187470003126e-03 4.193113005373e-03 5.470500962302e-03 7.077875458290e-03 9.081320904772e-03 1.155447715509e-02 1.457778747059e-02 1.823719118412e-02 2.262218415563e-02 2.782319416444e-02 3.392825318253e-02 4.101899547828e-02 4.916606607939e-02 5.842408593406e-02 6.882638804120e-02 8.037979889474e-02 9.305979385556e-02 1.068063899279e-01 1.215211545048e-01 1.370656881978e-01 1.532618929756e-01 1.698942516550e-01 1.867142228565e-01 2.034467291743e-01 2.197985403818e-01 2.354682123097e-01 2.501570850271e-01 2.635807345144e-01 2.754801984678e-01 2.856322715407e-01 2.938582105790e-01 3.000302915446e-01 3.040758098318e-01 3.059783015952e-01 3.057759949038e-01 3.035576970057e-01 2.994565180741e-01 2.936419954216e-01 2.863112540954e-01 2.776798921985e-01 2.679732078806e-01 2.574183194024e-01 2.462375535180e-01 2.346433336519e-01 2.228345882679e-01 2.109945785626e-01 1.992898743114e-01 1.878701632853e-01 1.768685239782e-01 1.664018282041e-01 1.565710048461e-01 1.474609816741e-01 1.391402491735e-01 1.316600863865e-01 1.250535850290e-01 1.193346751992e-01 1.144973796762e-01 1.105155240077e-01 1.073430833717e-01 1.049152933952e-01 1.031505616486e-01 1.019531443088e-01 1.012164706075e-01 1.008269356504e-01 1.006679477123e-01 1.006239954172e-01 1.005845090280e-01 1.004473173853e-01 1.001215480016e-01 9.952986765839e-02 9.861001242245e-02 9.731561370023e-02 9.561636399282e-02 9.349759887080e-02 9.095939399649e-02 8.801527761078e-02 8.469066496537e-02 8.102110547470e-02 7.705042233894e-02
9.888655029320e-07 1.552486394749e-06 2.418338750664e-06 3.737683915197e-06 5.731667386614e-06 8.720646993368e-06 1.316441483533e-05 1.971672465753e-05 2.929833790022e-05 4.319368107953e-05 6.317712402304e-05 9.167577896984e-05 1.319764776500e-04 1.884850824658e-04 2.670463366523e-04 3.753318518934e-04 5.233022983271e-04 7.237471547674e-04 9.929011404563e-04 1.351130570486e-03 1.823674948644e-03 2.441419414062e-03 3.241661850870e-03 4.268825498758e-03 5.575053921257e-03 7.220611438780e-03 9.274000400499e-03 1.181169758236e-02 1.491740887942e-02 1.868074564040e-02 2.319523903305e-02 2.855563343469e-02 3.485443646325e-02 4.217775117736e-02 5.060047452479e-02 6.018101394725e-02 7.095574132944e-02 8.293347377160e-02 9.609032585765e-02 1.103653182810e-01 1.256571452246e-01 1.418224851745e-01 1.586761868041e-01 1.759935807409e-01 1.935150338245e-01 2.109527247671e-01 2.279994482768e-01 2.443390788239e-01 2.596581798484e-01 2.736581163919e-01 2.860669340231e-01 2.966502696313e-01 3.052205773167e-01 3.116440729361e-01 3.158449589083e-01 3.178066941925e-01 3.175703139021e-01 3.152300175447e-01 3.109264670088e-01 3.048383845606e-01 2.971731561080e-01 2.881571481776e-01 2.780264320101e-01 2.670184828320e-01 2.553652569508e-01 2.432878913517e-01 2.309930403128e-01 2.186707239284e-01 2.064934022707e-01 1.946159130074e-01 1.831758865692e-01 1.722942618287e-01 1.620756219715e-01 1.526081555190e-01 1.439631808508e-01 1.361942875929e-01 1.293362455936e-01 1.234039043080e-01 1.183913330143e-01 1.142714499213e-01 1.109963348297e-01 1.084983627094e-01 1.066922001941e-01 1.054776207449e-01 1.047430115961e-01 1.043693837570e-01 1.042346468618e-01 1.042178999649e-01 1.042035010057e-01 1.040846981602e-01 1.037666663202e-01 1.031688396014e-01 1.022264917573e-01 1.008915721066e-01 9.913284743500e-02 9.693543553588e-02 9.429983174503e-02 9.124054457124e-02 8.778444333643e-02 8.396891904628e-02 7.983993902051e-02
9.816588217699e-07 1.542314018798e-06 2.404323291579e-06 3.718931274013e-06 5.707495352716e-06 8.691034045889e-06 1.313081180667e-05 1.968344483552e-05 2.927484297002e-05 4.319821915424e-05 6.324236465324e-05 9.185733027205e-05 1.323654838218e-04 1.892264792990e-04 2.683648017697e-04 3.775680115728e-04 5.269623406242e-04 7.295695871447e-04 1.001945026253e-03 1.364890024808e-03 1.844224984912e-03 2.471598111863e-03 3.285293402019e-03 4.330987415920e-03 5.662389828883e-03 7.341688049958e-03 9.439703185006e-03 1.203565502348e-02 1.521642930075e-02 1.907524364859e-02 2.370962266935e-02 2.921861569375e-02 3.569923018094e-02 4.324210189557e-02 5.192648642866e-02 6.181472543450e-02 7.294641606976e-02 8.533258405359e-02 9.895022283615e-02 1.137376052604e-01 1.295907973203e-01 1.463617779324e-01 1.638585337157e-01 1.818473861298e-01 2.000576995199e-01 2.181889424556e-01 2.359199101479e-01 2.529197262556e-01 2.688600763621e-01 2.834279924699e-01 2.963384136529e-01 3.073457279462e-01 3.162535354749e-01 3.229219943675e-01 3.272722774840e-01 3.292878885726e-01 3.290128386400e-01 3.265469247776e-01 3.220385743855e-01 3.156759035682e-01 3.076767227802e-01 2.982782829644e-01 2.877274699613e-01 2.762720766682e-01 2.641535730978e-01 2.516016223702e-01 2.388303621219e-01 2.260362950308e-01 2.133974802183e-01 2.010736257443e-01 1.892066601190e-01 1.779213799605e-01 1.673258653198e-01 1.575114598372e-01 1.485522553415e-01 1.405041388076e-01 1.334035750530e-01 1.272663673858e-01 1.220866731035e-01 1.178365400104e-01 1.144661784276e-01 1.119051159683e-01 1.100642771289e-01 1.088389395531e-01 1.081124318248e-01 1.077603624345e-01 1.076551297786e-01 1.076704435199e-01 1.076856019726e-01 1.075893016415e-01 1.072828078229e-01 1.066823778846e-01 1.057208867196e-01 1.043486685487e-01 1.025336310552e-01 1.002607336296e-01 9.753094448178e-02 9.435979273256e-02 9.077563057785e-02 8.681770865930e-02 8.253414551916e-02
9.703180292756e-07 1.525662799635e-06 2.380238607548e-06 3.684659793420e-06 5.659605939028e-06 8.625479506608e-06 1.304320452924e-05 1.956971346442e-05 2.913252718025e-05 4.302878711682e-05 6.305510976664e-05 9.167563602209e-05 1.322365441597e-04 1.892359378887e-04 2.686582325718e-04 3.783817046274e-04 5.286664615565e-04 7.327274228927e-04 1.007392691133e-03 1.373841532606e-03 1.858408009625e-03 2.493425839219e-03 3.318077495331e-03 4.379196169567e-03 5.731953722745e-03 7.440352275681e-03 9.577422940211e-03 1.222502422584e-02 1.547312774866e-02 1.941848081359e-02 2.416254897962e-02 2.980866538439e-02 3.645835348422e-02 4.420684080808e-02 5.313784555291e-02 6.331779331114e-02 7.478969812407e-02 8.756702187823e-02 1.016278902549e-01 1.169100954872e-01 1.333073385359e-01 1.506671468156e-01 1.687908564338e-01 1.874359492005e-01 2.063208980687e-01 2.251325134296e-01 2.435355868084e-01 2.611844337311e-01 2.777357710043e-01 2.928621872258e-01 3.062654073882e-01 3.176884833844e-01 3.269261179562e-01 3.338324205647e-01 3.383256043758e-01 3.403893485991e-01 3.400708199071e-01 3.374756250653e-01 3.327601807956e-01 3.261222031053e-01 3.177900988071e-01 3.080121074276e-01 2.970459606048e-01 2.851497136045e-01 2.725742091074e-01 2.595574243805e-01 2.463207063613e-01 2.330667328961e-01 2.199788415738e-01 2.072213036385e-01 1.949400703981e-01 1.832635687495e-01 1.723032033413e-01 1.621533617359e-01 1.528908506714e-01 1.445738420932e-01 1.372405151824e-01 1.309076676126e-01 1.255695905650e-01 1.211975033343e-01 1.177397793698e-01 1.151231159374e-01 1.132546976083e-01 1.120252988526e-01 1.113131758475e-01 1.109885224110e-01 1.109182200190e-01 1.109705945781e-01 1.110199068118e-01 1.109503384711e-01 1.106592982581e-01 1.100599308811e-01 1.090827844283e-01 1.076766529612e-01 1.058086562750e-01 1.034636604267e-01 1.006431603877e-01 9.736374684200e-02 9.365528374860e-02 8.955889559966e-02 8.512485620931e-02
9.549941573575e-07 1.502755752952e-06 2.346409710814e-06 3.635336604263e-06 5.588660670023e-06 8.524905429917e-06 1.290285599647e-05 1.937722729756e-05 2.887362077607e-05 4.268824202809e-05 6.261890781423e-05 9.113493338541e-05 1.315944532021e-04 1.885184592171e-04 2.679311348750e-04 3.777756995019e-04 5.284136564211e-04 7.332127255329e-04 1.009224543286e-03 1.377947018812e-03 1.866157886909e-03 2.506795271609e-03 3.339848071380e-03 4.413203993164e-03 5.783386721150e-03 7.516097349786e-03 9.686459722664e-03 1.237885762782e-02 1.568624503878e-02 1.970881249691e-02 2.455190460266e-02 3.032310870537e-02 3.712847400846e-02 4.506787393202e-02 5.422959172961e-02 6.468428805994e-02 7.647859169983e-02 8.962863768132e-02 1.041139503504e-01 1.198721239040e-01 1.367947780313e-01 1.547252552158e-01 1.734584767048e-01 1.927432706950e-01 2.122873505425e-01 2.317649363237e-01 2.508268210438e-01 2.691124690905e-01 2.862635392319e-01 3.019380726341e-01 3.158244725178e-01 3.276543720587e-01 3.372135319906e-01 3.443500293871e-01 3.489791943538e-01 3.510850169792e-01 3.507180103398e-01 3.479898116626e-01 3.430650628740e-01 3.361512925101e-01 3.274876754805e-01 3.173335460894e-01 3.059575011259e-01 2.936277888820e-01 2.806044683230e-01 2.671335876099e-01 2.534434076703e-01 2.397424429473e-01 2.262189640617e-01 2.130414714875e-01 2.003596445666e-01 1.883052964075e-01 1.769929762435e-01 1.665199973153e-01 1.569658224293e-01 1.483908973478e-01 1.408351416359e-01 1.343163916322e-01 1.288291242304e-01 1.243437794838e-01 1.208069291668e-01 1.181424606277e-01 1.162538251982e-01 1.150272889286e-01 1.143360247057e-01 1.140448016849e-01 1.140149831406e-01 1.141095229785e-01 1.141976716614e-01 1.141591414642e-01 1.138875444717e-01 1.132929849644e-01 1.123037645185e-01 1.108672173464e-01 1.089497532600e-01 1.065362132653e-01 1.036286749090e-01 1.002448332725e-01 9.641608992873e-02 9.218545606861e-02 8.760536121096e-02
9.358869123568e-07 1.473892285556e-06 2.303280459718e-06 3.571612135831e-06 5.495601329119e-06 8.390658460993e-06 1.271166678730e-05 1.910863207195e-05 2.850175360873e-05 4.218148680570e-05 6.194027059818e-05 9.024371107478e-05 1.304500500201e-04 1.870875586039e-04 2.661998920363e-04 3.757691826711e-04 5.262254050358e-04 7.310480537200e-04 1.007461966938e-03 1.377222951244e-03 1.867480383268e-03 2.511692984895e-03 3.350560557426e-03 4.432918842221e-03 5.816527737772e-03 7.568665274190e-03 9.766423801483e-03 1.249659104480e-02 1.585499159079e-02 1.994516423341e-02 2.487626274026e-02 3.076009184520e-02 3.770723016190e-02 4.582224773846e-02 5.519809449410e-02 6.590981967580e-02 7.800786970418e-02 9.151129870948e-02 1.064013090133e-01 1.226155948730e-01 1.400439953578e-01 1.585259534108e-01 1.778502276810e-01 1.977571978119e-01 2.179439608016e-01 2.380722267924e-01 2.577788058046e-01 2.766882662273e-01 2.944271261301e-01 3.106387687114e-01 3.249981662728e-01 3.372254480274e-01 3.470973899753e-01 3.544560484710e-01 3.592139527955e-01 3.613555501641e-01 3.609348989947e-01 3.580699028081e-01 3.529336688663e-01 3.457437661948e-01 3.367503152500e-01 3.262238496791e-01 3.144438513653e-01 3.016886808506e-01 2.882274338831e-01 2.743139756983e-01 2.601831526178e-01 2.460489574558e-01 2.321042201219e-01 2.185213181212e-01 2.054533436435e-01 1.930352410386e-01 1.813845145738e-01 1.706012825816e-01 1.607676062020e-01 1.519461997625e-01 1.441787536472e-01 1.374841945164e-01 1.318572450000e-01 1.272676176775e-01 1.236601227908e-01 1.209558618832e-01 1.190545597261e-01 1.178379694892e-01 1.171741703468e-01 1.169224993254e-01 1.169388018905e-01 1.170806743543e-01 1.172123892697e-01 1.172092399945e-01 1.169611086761e-01 1.163751389299e-01 1.153774716925e-01 1.139140692052e-01 1.119507121461e-01 1.094722896791e-01 1.064815199538e-01 1.029972441947e-01 9.905242823454e-02 9.469198080653e-02 8.997048417169e-02
9.132403360644e-07 1.439441674706e-06 2.251403887265e-06 3.494305864759e-06 5.381629132951e-06 8.224479969239e-06 1.247213262252e-05 1.876746288915e-05 2.802187215403e-05 4.151535572294e-05 6.102851658639e-05 8.901450071246e-05 1.288199418061e-04 1.849649023302e-04 2.634923029309e-04 3.723971701431e-04 5.221449326761e-04 7.262855575595e-04 1.002166222767e-03 1.371739027138e-03 1.862451653486e-03 2.508197743268e-03 3.350289927602e-03 4.438402296237e-03 5.831411191973e-03 7.598044697628e-03 9.817233579946e-03 1.257804185075e-02 1.597904589319e-02 2.012703086576e-02 2.513488303655e-02 3.111858158123e-02 3.819323376222e-02 4.646815407818e-02 5.604106029889e-02 6.699154655147e-02 7.937408508033e-02 9.321090466751e-02 1.084851764831e-01 1.251350066018e-01 1.430487698643e-01 1.620623107151e-01 1.819584932561e-01 2.024694666388e-01 2.232818666252e-01 2.440449778926e-01 2.643816456523e-01 2.839014976372e-01 3.022158203790e-01 3.189532232032e-01 3.337751321531e-01 3.463900753638e-01 3.565657967070e-01 3.641383464423e-01 3.690175337873e-01 3.711884170431e-01 3.707088089011e-01 3.677031285164e-01 3.623532054382e-01 3.548868883620e-01 3.455654294493e-01 3.346706761665e-01 3.224930084700e-01 3.093208142130e-01 2.954320384898e-01 2.810880823916e-01 2.665300365128e-01 2.519769850591e-01 2.376259265838e-01 2.236527396362e-01 2.102136025263e-01 1.974463228611e-01 1.854711678011e-01 1.743909391440e-01 1.642902432702e-01 1.552340622819e-01 1.472658962551e-01 1.404058230432e-01 1.346488749649e-01 1.299640967666e-01 1.262945802250e-01 1.235586650962e-01 1.216523572872e-01 1.204528907817e-01 1.198232406365e-01 1.196173017205e-01 1.196854020811e-01 1.198797970837e-01 1.200598164992e-01 1.200963892041e-01 1.198757392181e-01 1.193021350205e-01 1.182996480777e-01 1.168129614990e-01 1.148073141743e-01 1.122677181616e-01 1.091975924371e-01 1.056169677655e-01 1.015603992211e-01 9.707470237717e-02 9.221660719126e-02
8.873376241927e-07 1.399835226100e-06 2.191430386072e-06 3.404388811215e-06 5.248179022972e-06 8.028468528967e-06 1.218729027255e-05 1.835806674643e-05 2.744013031325e-05 4.069846240238e-05 5.989556221352e-05 8.746359011421e-05 1.267261160006e-04 1.821797930073e-04 2.598468961001e-04 3.677096193017e-04 5.162360613008e-04 7.190055060291e-04 9.934365993712e-04 1.361615863933e-03 1.851215360273e-03 2.496476960175e-03 3.339226522073e-03 4.429864522824e-03 5.828261127327e-03 7.604463853341e-03 9.839107495149e-03 1.262339948572e-02 1.605854395005e-02 2.025446469446e-02 2.532769827823e-02 3.139835082262e-02 3.858605367724e-02 4.700491168992e-02 5.675751229473e-02 6.792815319526e-02 8.057554763411e-02 9.472536215466e-02 1.103630385513e-01 1.274274202043e-01 1.458057473599e-01 1.653305822805e-01 1.857791735954e-01 2.068756673085e-01 2.282964003182e-01 2.496783190820e-01 2.706303165204e-01 2.907470302396e-01 3.096244125074e-01 3.268761710613e-01 3.421500530066e-01 3.551428810077e-01 3.656133077187e-01 3.733913851880e-01 3.783842890103e-01 3.805778454296e-01 3.800338438934e-01 3.768834793341e-01 3.713175832723e-01 3.635745354304e-01 3.539269224228e-01 3.426680260475e-01 3.300991451136e-01 3.165186034415e-01 3.022129975620e-01 2.874509723991e-01 2.724794990868e-01 2.575223511129e-01 2.427802809320e-01 2.284322798634e-01 2.146372696374e-01 2.015356497739e-01 1.892502514954e-01 1.778864435166e-01 1.675313283927e-01 1.582521659415e-01 1.500943131121e-01 1.430790679268e-01 1.372018455721e-01 1.324310858118e-01 1.287082081227e-01 1.259488153189e-01 1.240451993449e-01 1.228700668131e-01 1.222812726546e-01 1.221272580533e-01 1.222528326078e-01 1.225049250554e-01 1.227379589465e-01 1.228185551335e-01 1.226293563179e-01 1.220718445871e-01 1.210681199313e-01 1.195616826950e-01 1.175173211952e-01 1.149202483672e-01 1.117746467891e-01 1.081017799538e-01 1.039378171913e-01 9.933148859483e-02 9.434166561117e-02
8.584952565717e-07 1.355557288879e-06 2.124094191910e-06 3.302963237915e-06 5.096889614889e-06 7.805035929827e-06 1.186065364889e-05 1.788551082113e-05 2.676375916777e-05 3.974101579185e-05 5.855566430630e-05 8.561066882961e-05 1.241954571012e-04 1.787685134208e-04 2.553120554179e-04 3.617702604800e-04 5.085816812707e-04 7.093143089447e-04 9.814078627651e-04 1.347021756121e-03 1.833978625666e-03 2.476781668083e-03 3.317669712167e-03 4.407656562746e-03 5.807481773163e-03 7.588379297613e-03 9.832550405109e-03 1.263320961163e-02 1.609406031100e-02 2.032805311086e-02 2.545528851903e-02 3.159994817957e-02 3.888618070917e-02 4.743292655590e-02 5.734774476210e-02 6.871979971846e-02 8.161226547259e-02 9.605451870275e-02 1.120345839754e-01 1.294923791846e-01 1.483143528234e-01 1.683301106735e-01 1.893115773645e-01 2.109751287722e-01 2.329869662811e-01 2.549717832924e-01 2.765245265009e-01 2.972247787143e-01 3.166530408324e-01 3.344079708769e-01 3.501234871892e-01 3.634845836375e-01 3.742407514304e-01 3.822160432635e-01 3.873150852144e-01 3.895246363369e-01 3.889106960339e-01 3.856115171996e-01 3.798272232042e-01 3.718070033378e-01 3.618349976072e-01 3.502160544396e-01 3.372624209507e-01 3.232822659209e-01 3.085706314422e-01 2.934031044855e-01 2.780321579002e-01 2.626858315491e-01 2.475682050633e-01 2.328609773068e-01 2.187254634973e-01 2.053043743289e-01 1.927229114424e-01 1.810888957802e-01 1.704918872060e-01 1.610014426471e-01 1.526648343268e-01 1.455046593332e-01 1.395167961472e-01 1.346691481061e-01 1.309015100548e-01 1.281267710615e-01 1.262335110007e-01 1.250898954310e-01 1.245486389331e-01 1.244527112249e-01 1.246413965020e-01 1.249563111543e-01 1.252470065641e-01 1.253758546782e-01 1.252219945296e-01 1.246842150757e-01 1.236827457803e-01 1.221600061297e-01 1.200804277698e-01 1.174295062238e-01 1.142122508618e-01 1.104512025362e-01 1.061841701192e-01 1.014618052060e-01 9.634511244394e-02
8.270565794117e-07 1.307135460409e-06 2.050198459088e-06 3.191240307681e-06 4.929569872168e-06 7.556857900958e-06 1.149614194983e-05 1.735547860526e-05 2.600091743145e-05 3.865460844831e-05 5.702512347535e-05 8.347841527137e-05 1.212591778410e-04 1.747735514209e-04 2.499449725748e-04 3.546552037532e-04 4.992819031646e-04 6.973420926389e-04 9.662471046928e-04 1.328168632265e-03 1.811006844039e-03 2.449439949277e-03 3.286019768690e-03 4.372260190487e-03 5.769645081813e-03 7.550460619622e-03 9.798335202496e-03 1.260835158988e-02 1.608658134230e-02 2.034888690743e-02 2.551884339322e-02 3.172465433946e-02 3.909497693324e-02 4.775363181637e-02 5.781325468629e-02 6.936804174259e-02 8.248585508473e-02 9.720006127580e-02 1.135015902605e-01 1.313317819808e-01 1.505766465478e-01 1.710631704095e-01 1.925582510941e-01 2.147707320817e-01 2.373568403064e-01 2.599290941118e-01 2.820684871401e-01 3.033394646175e-01 3.233069375743e-01 3.415543413281e-01 3.577015913821e-01 3.714217083914e-01 3.824549319429e-01 3.906193088225e-01 3.958169941696e-01 3.980358501766e-01 3.973463330598e-01 3.938940509966e-01 3.878887396208e-01 3.795906915291e-01 3.692958442717e-01 3.573207628717e-01 3.439886798923e-01 3.296175228980e-01 3.145105751104e-01 2.989500505957e-01 2.831935328937e-01 2.674728936662e-01 2.519950935445e-01 2.369441256579e-01 2.224833382466e-01 2.087574752615e-01 1.958939134156e-01 1.840028209792e-01 1.731761858852e-01 1.634858934425e-01 1.549812039349e-01 1.476861017615e-01 1.415970181840e-01 1.366813930534e-01 1.328774444583e-01 1.300953697664e-01 1.282200332011e-01 1.271150378444e-01 1.266279299914e-01 1.265961826501e-01 1.268535430216e-01 1.272363224537e-01 1.275892336174e-01 1.277704567461e-01 1.276557063575e-01 1.271411749152e-01 1.261453256682e-01 1.246096017458e-01 1.224981764889e-01 1.197969110982e-01 1.165117075534e-01 1.126664294856e-01 1.083005497427e-01 1.034666481572e-01 9.822785412542e-02
7.933850527953e-07 1.255130182002e-06 1.970599454426e-06 3.070516101569e-06 4.748163318248e-06 7.286821203658e-06 1.109800178027e-05 1.677415660396e-05 2.516052914121e-05 3.745198494814e-05 5.532195635878e-05 8.109203837606e-05 1.179521836640e-04 1.702427290591e-04 2.438104642527e-04 3.464513439680e-04 4.884519388862e-04 6.832398977579e-04 9.481500951404e-04 1.305307302597e-03 1.782617614741e-03 2.414849227062e-03 3.244768063447e-03 4.324275672406e-03 5.715475594358e-03 7.491571808705e-03 9.737479944129e-03 1.255001101285e-02 1.603747204392e-02 2.031852044786e-02 2.552011486000e-02 3.177442560139e-02 3.921460913779e-02 4.796941197060e-02 5.815665216343e-02 6.987572890930e-02 8.319942403245e-02 9.816538282970e-02 1.147677717507e-01 1.329497111974e-01 1.525971361253e-01 1.735347579859e-01 1.955247492306e-01 2.182686582806e-01 2.414128956738e-01 2.645578702921e-01 2.872705989523e-01 3.091002834934e-01 3.295960774554e-01 3.483259926215e-01 3.648957397690e-01 3.789661921200e-01 3.902682293286e-01 3.986138696223e-01 4.039028728594e-01 4.061243805876e-01 4.053535664763e-01 4.017437119653e-01 3.955145076896e-01 3.869376751827e-01 3.763212137717e-01 3.639935782465e-01 3.502890390733e-01 3.355352056408e-01 3.200433927776e-01 3.041021236678e-01 2.879736902912e-01 2.718933468732e-01 2.560704818582e-01 2.406909547972e-01 2.259197859459e-01 2.119034694011e-01 1.987713699956e-01 1.866359071578e-01 1.755914824304e-01 1.657123543178e-01 1.570498564006e-01 1.496294623748e-01 1.434482531258e-01 1.384732827101e-01 1.346412415242e-01 1.318596519610e-01 1.300096524135e-01 1.289502543605e-01 1.285237968196e-01 1.285622218132e-01 1.288937191868e-01 1.293492971385e-01 1.297688577461e-01 1.300064456307e-01 1.299344308909e-01 1.294465061279e-01 1.284594761542e-01 1.269139160521e-01 1.247738404208e-01 1.220255633183e-01 1.186759462793e-01 1.147502217514e-01 1.102895511809e-01 1.053484494011e-01 9.999216136522e-02
7.578573381573e-07 1.200124059930e-06 1.886190181214e-06 2.942146908393e-06 4.554710819142e-06 6.997968205384e-06 1.067072566896e-05 1.614811531635e-05 2.425211119441e-05 3.614679479914e-05 5.346554574240e-05 7.847878590535e-05 1.143123893859e-04 1.652282605809e-04 2.369796874963e-04 3.372546273265e-04 4.762197724820e-04 6.671765972027e-04 9.273372180091e-04 1.278722194667e-03 1.749173915948e-03 2.373467519059e-03 3.194486044400e-03 4.264407932012e-03 5.645833046523e-03 7.412749802655e-03 9.651221506717e-03 1.245964745808e-02 1.594843691166e-02 2.023892480950e-02 2.546136139970e-02 3.175182806197e-02 3.924797143245e-02 4.808351045849e-02 5.838155491484e-02 7.024688118231e-02 8.375743020089e-02 9.895542120685e-02 1.158385984828e-01 1.343522296184e-01 1.543825465978e-01 1.757523373465e-01 1.982193536130e-01 2.214780852965e-01 2.451652739663e-01 2.688692723881e-01 2.921430720154e-01 3.145205009450e-01 3.355347529787e-01 3.547381835584e-01 3.717220579528e-01 3.861349001907e-01 3.976980980536e-01 4.062176019603e-01 4.115908463311e-01 4.138084323023e-01 4.129505238748e-01 4.091784211455e-01 4.027221365749e-01 3.938651795808e-01 3.829279019570e-01 3.702508476106e-01 3.561793960953e-01 3.410507687334e-01 3.251841084449e-01 3.088739237072e-01 2.923868041458e-01 2.759609292043e-01 2.598076472856e-01 2.441142524280e-01 2.290470690864e-01 2.147540634549e-01 2.013664098825e-01 1.889986943398e-01 1.777477295052e-01 1.676902117568e-01 1.588796471969e-01 1.513431139320e-01 1.450784484062e-01 1.400524001446e-01 1.362001805306e-01 1.334266483572e-01 1.316091979799e-01 1.306022078073e-01 1.302427610485e-01 1.303572217026e-01 1.307681917519e-01 1.313013698323e-01 1.317918707389e-01 1.320896557961e-01 1.320638300247e-01 1.316056850475e-01 1.306304758956e-01 1.290780206004e-01 1.269122786899e-01 1.241201044744e-01 1.207093882989e-01 1.167067778889e-01 1.121551498651e-01 1.071109592837e-01 1.016415583976e-01
7.208563918741e-07 1.142711173780e-06 1.797883975998e-06 2.807524215229e-06 4.351312968387e-06 6.693440676479e-06 1.021896879526e-05 1.548418737367e-05 2.328559624672e-05 3.475333794910e-05 5.147627797644e-05 7.566743335816e-05 1.103800049326e-04 1.597857644847e-04 2.295287827778e-04 3.271682084980e-04 4.627236874776e-04 6.493355997227e-04 9.040491234873e-04 1.248725657425e-03 1.711076742961e-03 2.325804008278e-03 3.135813191574e-03 4.193451291261e-03 5.561693391083e-03 7.315180794910e-03 9.540986420822e-03 1.233895883167e-02 1.582147692429e-02 2.011243576052e-02 2.534528540552e-02 3.165996287403e-02 3.919859690662e-02 4.809992708768e-02 5.849246718677e-02 7.048654992741e-02 8.416552032005e-02 9.957647555904e-02 1.167210867426e-01 1.355471455341e-01 1.559415600884e-01 1.777255505006e-01 2.006527546044e-01 2.244108362368e-01 2.486270055975e-01 2.728775901243e-01 2.967014889640e-01 3.196169858429e-01 3.411410838958e-01 3.608102025912e-01 3.782008865737e-01 3.929490757176e-01 4.047665016439e-01 4.134529890777e-01 4.189037119496e-01 4.211109141916e-01 4.201600433763e-01 4.162207811885e-01 4.095338665941e-01 4.003949807650e-01 3.891371602005e-01 3.761132600261e-01 3.616798593988e-01 3.461837398384e-01 3.299516698622e-01 3.132838212319e-01 2.964506630853e-01 2.796928288315e-01 2.632231534300e-01 2.472299263833e-01 2.318804089790e-01 2.173237650378e-01 2.036928067452e-01 1.911042173984e-01 1.796572394636e-01 1.694310845989e-01 1.604815511542e-01 1.528374487407e-01 1.464974838759e-01 1.414281880814e-01 1.375633389664e-01 1.348051391240e-01 1.330272088920e-01 1.320792409991e-01 1.317929980982e-01 1.319892072832e-01 1.324848403030e-01 1.331002705135e-01 1.336658414050e-01 1.340274792469e-01 1.340511020296e-01 1.336256989050e-01 1.326650865044e-01 1.311084391579e-01 1.289197656295e-01 1.260865524563e-01 1.226177880209e-01 1.185415836267e-01 1.139025564922e-01 1.087591089793e-01 1.031806921080e-01
6.827647644797e-07 1.083486641765e-06 1.706598441678e-06 2.668050142737e-06 4.140092876890e-06 6.376424058406e-06 9.747466362121e-06 1.478934574935e-05 2.227115576303e-05 3.328630918184e-05 4.937517725588e-05 7.268776598894e-05 1.061968089906e-04 1.539732540428e-04 2.215374894853e-04 3.163005618000e-04 4.481097190012e-04 6.299114444251e-04 8.785422264553e-04 1.215652051089e-03 1.668757428842e-03 2.272409129873e-03 3.069444338207e-03 4.112273459649e-03 5.464128645875e-03 7.200175254588e-03 9.408360004974e-03 1.218984352110e-02 1.565884311909e-02 1.994169768142e-02 2.517496607725e-02 3.150238664246e-02 3.907056309012e-02 4.802330658060e-02 5.849465003325e-02 7.060066688501e-02 8.443035745132e-02 1.000360082338e-01 1.174235751748e-01 1.365437578956e-01 1.572845280463e-01 1.794658994335e-01 2.028377014201e-01 2.270809969953e-01 2.518135900242e-01 2.765997969983e-01 3.009643202119e-01 3.244097023740e-01 3.464364751676e-01 3.665648042270e-01 3.843561957975e-01 3.994337251997e-01 4.114992797311e-01 4.203464767101e-01 4.258682877327e-01 4.280587846401e-01 4.270090076692e-01 4.228974144221e-01 4.159759030445e-01 4.065527523999e-01 3.949740448788e-01 3.816052049318e-01 3.668141287789e-01 3.509571150379e-01 3.343683696808e-01 3.173533986305e-01 3.001861274498e-01 2.831091683919e-01 2.663363576265e-01 2.500565383203e-01 2.344375384721e-01 2.196294530429e-01 2.057665728129e-01 1.929676253777e-01 1.813343175769e-01 1.709484784288e-01 1.618683325585e-01 1.541245633530e-01 1.477168727040e-01 1.426116626734e-01 1.387413212825e-01 1.360053928126e-01 1.342736826426e-01 1.333911305582e-01 1.331840996822e-01 1.334676055038e-01 1.340529332492e-01 1.347551046529e-01 1.353996994368e-01 1.358286542579e-01 1.359047733179e-01 1.355148433293e-01 1.345713550485e-01 1.330129535465e-01 1.308038056893e-01 1.279321213681e-01 1.244080596612e-01 1.202612438774e-01 1.155380577536e-01 1.102988587123e-01 1.046151880205e-01
6.439582372325e-07 1.023036703275e-06 1.613240065032e-06 2.525113931817e-06 3.923160471113e-06 6.050093752523e-06 9.260953331815e-06 1.407058556801e-05 2.121902644989e-05 3.176054709399e-05 4.718354588689e-05 6.957006762398e-05 1.018054298319e-04 1.478501353611e-04 2.130877595297e-04 3.047635894628e-04 4.325290895979e-04 6.091063621414e-04 8.510841272555e-04 1.179851733337e-03 1.622669785347e-03 2.213864420402e-03 2.996116734667e-03 4.021799078637e-03 5.354286179377e-03 7.069141958836e-03 9.255054158087e-03 1.201436087611e-02 1.546298860817e-02 1.972960546558e-02 2.495378967344e-02 3.128302765245e-02 3.886839324449e-02 4.785882186946e-02 5.839398505181e-02 7.059588589447e-02 8.455943741912e-02 1.003424346801e-01 1.179554844494e-01 1.373525881333e-01 1.584231731854e-01 1.809864118817e-01 2.047886308585e-01 2.295045112844e-01 2.547425603146e-01 2.800550715225e-01 3.049524197283e-01 3.289211659629e-01 3.514450483675e-01 3.720276114819e-01 3.902149562146e-01 4.056169770850e-01 4.179254856341e-01 4.269277972463e-01 4.325147184558e-01 4.346823498826e-01 4.335276437437e-01 4.292382565687e-01 4.220777178406e-01 4.123673674193e-01 4.004667376063e-01 3.867541092824e-01 3.716088410446e-01 3.553967280467e-01 3.384592272520e-01 3.211068553293e-01 3.036165650990e-01 2.862324601758e-01 2.691688919290e-01 2.526148060129e-01 2.367382317365e-01 2.216899338299e-01 2.076055368132e-01 1.946057773813e-01 1.827948837302e-01 1.722574231968e-01 1.630542011109e-01 1.552179332537e-01 1.487494504237e-01 1.436151166061e-01 1.397459717239e-01 1.370388904316e-01 1.353598096960e-01 1.345488319850e-01 1.344268250547e-01 1.348030012194e-01 1.354828891609e-01 1.362761193506e-01 1.370035083307e-01 1.375030399302e-01 1.376344785904e-01 1.372825067344e-01 1.363584024633e-01 1.348003990966e-01 1.325729316216e-01 1.296650275401e-01 1.260880898759e-01 1.218733024753e-01 1.170688437245e-01 1.117370327452e-01 1.059514951522e-01
6.047999636583e-07 9.619295141515e-07 1.518689961749e-06 2.380069933855e-06 3.702578932190e-06 5.717564329173e-06 8.764088616146e-06 1.333481129115e-05 2.013934544747e-05 3.019079389349e-05 4.492261778336e-05 6.634462624349e-05 9.724864663335e-05 1.414762300077e-04 2.042624062850e-04 2.926707669455e-04 4.161356899682e-04 5.871268886985e-04 8.219491069726e-04 1.141685101533e-03 1.573282334312e-03 2.150772455130e-03 2.916597067013e-03 3.922993251518e-03 5.233367933420e-03 6.923562047432e-03 9.082875206528e-03 1.181469145729e-02 1.523651997622e-02 1.947924565514e-02 2.468537823696e-02 3.100610115289e-02 3.859695508532e-02 4.761205571875e-02 5.819683555610e-02 7.047942119219e-02 8.456090276153e-02 1.005049103570e-01 1.183270763574e-01 1.379851042647e-01 1.593702782025e-01 1.823012972445e-01 2.065212899965e-01 2.316987644581e-01 2.574330270657e-01 2.832643123076e-01 3.086885015832e-01 3.331758908569e-01 3.561930544014e-01 3.772264985606e-01 3.958065015725e-01 4.115294137718e-01 4.240767079409e-01 4.332292669706e-01 4.388757717534e-01 4.410145447674e-01 4.397487972584e-01 4.352758358209e-01 4.278713307066e-01 4.178701904535e-01 4.056458402517e-01 3.915897477763e-01 3.760929038121e-01 3.595305983165e-01 3.422513650091e-01 3.245704068531e-01 3.067672692341e-01 2.890870569433e-01 2.717441345267e-01 2.549271029452e-01 2.388038263383e-01 2.235254865880e-01 2.092289129693e-01 1.960368355348e-01 1.840560824430e-01 1.733741046353e-01 1.640544638531e-01 1.561320798207e-01 1.496090567219e-01 1.444518153620e-01 1.405900834998e-01 1.379180463102e-01 1.362977025373e-01 1.355642161253e-01 1.355328447183e-01 1.360068884223e-01 1.367860323978e-01 1.376744646005e-01 1.384882282663e-01 1.390613865436e-01 1.392507340019e-01 1.389389467685e-01 1.380362057868e-01 1.364804510829e-01 1.342364984781e-01 1.312942891552e-01 1.276665433434e-01 1.233860572156e-01 1.185028301989e-01 1.130811519142e-01 1.071967249614e-01
5.656352026308e-07 9.007068685675e-07 1.423790912526e-06 2.234217609697e-06 3.480334029284e-06 5.381843094838e-06 8.261385056507e-06 1.258873287215e-05 1.904199624277e-05 2.859147061615e-05 4.261323394712e-05 6.304127004009e-05 9.256873100499e-05 1.349108507642e-04 1.951438178063e-04 2.801353716926e-04 3.990836675901e-04 5.641806020733e-04 7.914137680091e-04 1.101516830263e-03 1.521070739361e-03 2.083747022977e-03 2.831668846526e-03 3.816845412635e-03 5.102610042373e-03 6.764963520639e-03 8.893692188427e-03 1.159309808164e-02 1.498214956935e-02 1.919383831807e-02 2.437352013907e-02 3.067602588559e-02 3.826136215688e-02 4.728888304270e-02 5.790990842263e-02 7.025888731310e-02 8.444335738213e-02 1.005331180530e-01 1.185492099055e-01 1.384534480075e-01 1.601393814116e-01 1.834256062692e-01 2.080523565232e-01 2.336821716244e-01 2.599052317330e-01 2.862496509872e-01 3.121966167652e-01 3.371998310662e-01 3.607082864668e-01 3.821909773768e-01 4.011618891002e-01 4.172034133649e-01 4.299863814947e-01 4.392850921659e-01 4.449861229253e-01 4.470902197813e-01 4.457072166054e-01 4.410445529092e-01 4.333905940149e-01 4.230943688059e-01 4.105436847627e-01 3.961435625569e-01 3.802968291268e-01 3.633882887754e-01 3.457733856764e-01 3.277716851023e-01 3.096648886739e-01 2.916985981031e-01 2.740866894458e-01 2.570169602834e-01 2.406567504503e-01 2.251574153997e-01 2.106568756519e-01 1.972798596850e-01 1.851359014939e-01 1.743155025275e-01 1.648851773099e-01 1.568822403345e-01 1.503102217161e-01 1.451356965176e-01 1.412871112150e-01 1.386559292289e-01 1.371001267110e-01 1.364498085244e-01 1.365144866518e-01 1.370914207840e-01 1.379743492256e-01 1.389619525898e-01 1.398654803054e-01 1.405151014049e-01 1.407647079045e-01 1.404950664895e-01 1.396153777977e-01 1.380634104867e-01 1.358044742548e-01 1.328295224041e-01 1.291526683454e-01 1.248083707468e-01 1.198484783300e-01 1.143392593336e-01 1.083584891932e-01
5.267867767569e-07 8.398769786799e-07 1.329336052879e-06 2.088783901151e-06 3.258306956540e-06 5.045788527118e-06 7.757146767750e-06 1.183877159878e-05 1.793646985596e-05 2.697647336701e-05 4.027554603968e-05 5.968893912189e-05 8.780683835698e-05 1.282119433564e-04 1.858127589207e-04 2.672688273321e-04 3.815251589987e-04 5.404730660510e-04 7.597529284311e-04 1.059710418813e-03 1.466510648100e-03 2.013403791000e-03 2.742120380185e-03 3.704353950999e-03 4.963263339527e-03 6.594896708228e-03 8.689406296255e-03 1.135188810794e-02 1.470264932531e-02 1.887668115900e-02 2.402210195465e-02 3.029734270292e-02 3.786687662701e-02 4.689535720028e-02 5.754012141972e-02 6.994214444454e-02 8.421568755257e-02 1.004370615680e-01 1.186331072730e-01 1.387701699854e-01 1.607444759685e-01 1.843748968772e-01 2.093990736201e-01 2.354737703700e-01 2.621801032450e-01 2.890339771004e-01 3.155016444943e-01 3.410198444257e-01 3.650195100376e-01 3.869515976912e-01 4.063132717031e-01 4.226725016981e-01 4.356891307148e-01 4.451306922058e-01 4.508816693865e-01 4.529454424965e-01 4.514388483627e-01 4.465799827854e-01 4.386704969154e-01 4.280741459564e-01 4.151936525354e-01 4.004480000972e-01 3.842520905977e-01 3.670002779179e-01 3.490547656712e-01 3.307391590158e-01 3.123368676446e-01 2.940934823071e-01 2.762218757387e-01 2.589085849790e-01 2.423200656124e-01 2.266076145144e-01 2.119101462593e-01 1.983544193460e-01 1.860528006025e-01 1.750990368439e-01 1.655628151499e-01 1.574840508865e-01 1.508678629908e-01 1.456810788735e-01 1.418508909184e-01 1.392659945542e-01 1.377802412315e-01 1.372185355076e-01 1.373844882029e-01 1.380691699356e-01 1.390602506810e-01 1.401508240399e-01 1.411473167102e-01 1.418760233024e-01 1.421879971287e-01 1.419621946929e-01 1.411069523357e-01 1.395599916518e-01 1.372872337367e-01 1.342807429112e-01 1.305561023590e-01 1.261494849304e-01 1.211146161146e-01 1.155197524257e-01 1.094447377803e-01
4.885512729840e-07 7.799084222913e-07 1.236059282715e-06 1.944908213344e-06 3.038251068058e-06 4.712074562361e-06 7.255414680290e-06 1.109097823142e-05 1.683174241098e-05 2.535899227122e-05 3.792875169667e-05 5.631530469670e-05 8.300246147598e-05 1.214353111411e-04 1.763472852185e-04 2.541791988348e-04 3.636082248277e-04 5.162050079075e-04 7.272358345204e-04 1.016623149307e-03 1.410071020531e-03 1.940351635982e-03 2.648733524119e-03 3.586511883840e-03 4.816575174784e-03 6.414911424399e-03 8.471922458029e-03 1.109337812958e-02 1.440080759720e-02 1.853109683765e-02 2.363504549115e-02 2.987463875263e-02 3.741881953052e-02 4.643760338844e-02 5.709447742069e-02 6.953715057764e-02 8.388689125034e-02 1.002268711499e-01 1.185901314080e-01 1.389479746367e-01 1.611997284446e-01 1.851649193306e-01 2.105788980519e-01 2.370928403288e-01 2.642788428166e-01 2.916404857516e-01 3.186288109950e-01 3.446631742705e-01 3.691559203684e-01 3.915393790709e-01 4.112933095511e-01 4.279707388800e-01 4.412201332937e-01 4.508020501570e-01 4.565988778289e-01 4.586168371097e-01 4.569801779866e-01 4.519182082947e-01 4.437465073322e-01 4.328442062903e-01 4.196295324913e-01 4.045358856674e-01 3.879905088259e-01 3.703973721763e-01 3.521252903472e-01 3.335015870955e-01 3.148109257858e-01 2.962983666937e-01 2.781752562879e-01 2.606264093751e-01 2.438170377083e-01 2.278981613168e-01 2.130096099931e-01 1.992802253525e-01 1.868253640426e-01 1.757422398279e-01 1.661039538553e-01 1.579532466104e-01 1.512969987286e-01 1.461023901281e-01 1.422953766907e-01 1.397618289280e-01 1.383513510745e-01 1.378834855511e-01 1.381557626018e-01 1.389528948679e-01 1.400563446207e-01 1.412535250441e-01 1.423459998801e-01 1.431562040078e-01 1.435324136329e-01 1.433518731232e-01 1.425221755774e-01 1.409811211324e-01 1.386953609774e-01 1.356581728296e-01 1.318866867080e-01 1.274188416539e-01 1.223102678459e-01 1.166312191451e-01 1.104636044301e-01
4.511960716156e-07 7.212253368621e-07 1.144627589338e-06 1.803630261749e-06 2.821772755616e-06 4.383160947861e-06 6.759921099957e-06 1.035096401061e-05 1.573617121996e-05 2.375135757123e-05 3.559086804208e-05 5.294643789946e-05 7.819295415686e-05 1.146339375656e-04 1.668217858037e-04 2.409698548027e-04 3.454750006322e-04 4.915698052451e-04 6.941227622205e-04 9.726015357191e-04 1.352208154209e-03 1.865184757436e-03 2.552273505807e-03 3.464293694905e-03 4.663772767576e-03 6.226535988568e-03 8.243123094437e-03 1.081986168151e-02 1.407938922793e-02 1.816038445532e-02 2.321624867044e-02 2.941247725280e-02 3.692248637997e-02 4.592171898783e-02 5.657994744957e-02 6.905182727597e-02 8.346592240367e-02 9.991262244317e-02 1.184315799970e-01 1.389994908194e-01 1.615192150238e-01 1.858113229253e-01 2.116091770991e-01 2.385585466735e-01 2.662225371523e-01 2.940922613447e-01 3.216032384996e-01 3.481569729155e-01 3.731466367016e-01 3.959852822513e-01 4.161346167115e-01 4.331321526885e-01 4.466145412444e-01 4.563351231054e-01 4.621741724768e-01 4.641409718503e-01 4.623676129249e-01 4.570952090128e-01 4.486539589850e-01 4.374390775793e-01 4.238849338252e-01 4.084398431514e-01 3.915436951279e-01 3.736101584559e-01 3.550145265506e-01 3.360875124331e-01 3.171145746317e-01 2.983397068365e-01 2.799721989969e-01 2.621946713428e-01 2.451707422060e-01 2.290509418992e-01 2.139759579940e-01 2.000767938286e-01 1.874719817485e-01 1.762624504166e-01 1.665249832920e-01 1.583053867084e-01 1.516124855171e-01 1.464139127700e-01 1.426343990785e-01 1.401569163354e-01 1.388266803993e-01 1.384576861134e-01 1.388411814829e-01 1.397553295145e-01 1.409752271598e-01 1.422824994908e-01 1.434737973611e-01 1.443677052904e-01 1.448097828876e-01 1.446756611976e-01 1.438723126466e-01 1.423377454498e-01 1.400394631644e-01 1.369720595756e-01 1.331542908469e-01 1.286259137625e-01 1.234444910452e-01 1.176822818799e-01 1.114232588191e-01
4.149571930830e-07 6.642038756131e-07 1.055635271979e-06 1.665880795002e-06 2.610316766615e-06 4.061270141097e-06 6.274053736233e-06 9.623845222116e-06 1.465741104346e-05 2.216491284798e-05 3.327854361563e-05 4.960653400781e-05 7.341312971979e-05 1.078574091552e-04 1.573061668190e-04 2.277383198609e-04 3.272601110892e-04 4.667513025890e-04 6.606620434870e-04 9.279773480657e-04 1.293360357042e-03 1.788475753733e-03 2.453479880647e-03 3.338643773509e-03 4.506048343700e-03 6.031258495485e-03 8.004844753531e-03 1.053358024013e-02 1.374110024521e-02 1.776777636543e-02 2.276953369879e-02 2.891533436225e-02 3.638307290319e-02 4.535368545574e-02 5.600336773564e-02 6.849393765585e-02 8.296154913466e-02 9.950417568240e-02 1.181684994794e-01 1.389370589693e-01 1.617166869270e-01 1.863293927063e-01 2.125068565816e-01 2.398896184756e-01 2.680318059795e-01 2.964118995086e-01 3.244495430444e-01 3.515278740108e-01 3.770202488329e-01 4.003197326349e-01 4.208692701123e-01 4.381902245693e-01 4.519069530173e-01 4.617652988747e-01 4.676433955884e-01 4.695538099970e-01 4.676369296492e-01 4.621463073786e-01 4.534275063369e-01 4.418925844717e-01 4.279927484560e-01 4.121917752449e-01 3.949425413123e-01 3.766685191264e-01 3.577513516854e-01 3.385248143473e-01 3.192746861923e-01 3.002433478986e-01 2.816374843071e-01 2.636370494705e-01 2.464037129303e-01 2.300873183946e-01 2.148293726386e-01 2.007631468721e-01 1.880105637489e-01 1.766765455202e-01 1.668418493766e-01 1.585556087363e-01 1.518287831070e-01 1.466295600516e-01 1.428814474558e-01 1.404644283555e-01 1.392191686985e-01 1.389539053656e-01 1.394533796480e-01 1.404889899861e-01 1.418292919962e-01 1.432500008405e-01 1.445427956029e-01 1.455224149192e-01 1.460317609163e-01 1.459449533654e-01 1.451684687773e-01 1.436406568929e-01 1.413299992602e-01 1.382325106251e-01 1.343686523095e-01 1.297800504810e-01 1.245262276306e-01 1.186814576268e-01 1.123317724091e-01
3.800379452122e-07 6.091699110876e-07 9.696001025637e-07 1.532475227512e-06 2.405155808583e-06 3.748370626244e-06 5.800829285975e-06 8.914201957507e-06 1.360234985169e-05 2.060991785857e-05 3.100691156421e-05 4.631769366232e-05 6.869494051290e-05 1.011514500286e-04 1.478651801590e-04 2.145753288605e-04 3.090893363075e-04 4.419219724067e-04 6.270875727979e-04 8.830642259773e-04 1.233943462595e-03 1.710769632108e-03 2.353058761873e-03 3.210466335118e-03 4.344546367640e-03 5.830510697526e-03 7.758857868381e-03 1.023669807134e-02 1.338855670337e-02 1.735640042206e-02 2.229860106756e-02 2.838754470699e-02 3.580560938023e-02 4.473929094921e-02 5.537134806286e-02 6.787098002982e-02 8.238223138207e-02 9.901103242051e-02 1.178115248711e-01 1.387725477543e-01 1.618053611048e-01 1.867338166241e-01 2.132882244275e-01 2.411040668878e-01 2.697264975016e-01 2.986211724102e-01 3.271914751428e-01 3.548016098341e-01 3.808044183329e-01 4.045722035152e-01 4.255283707038e-01 4.431774437225e-01 4.571309498021e-01 4.671269306276e-01 4.730413300559e-01 4.748902289152e-01 4.728227908180e-01 4.671056883945e-01 4.581006434858e-01 4.462373800510e-01 4.319846926518e-01 4.158224128025e-01 3.982167812624e-01 3.796012028911e-01 3.603635457660e-01 3.408403158524e-01 3.213171212961e-01 3.020341658026e-01 2.831949706194e-01 2.649763376753e-01 2.475376371957e-01 2.310278394602e-01 2.155892541520e-01 2.013575523484e-01 1.884582944408e-01 1.770007047002e-01 1.670698324813e-01 1.587184156305e-01 1.519597508935e-01 1.467626802884e-01 1.430494810689e-01 1.406970416600e-01 1.395412920935e-01 1.393844786606e-01 1.400045829144e-01 1.411660048947e-01 1.426305626416e-01 1.441679258871e-01 1.455647345277e-01 1.466318817704e-01 1.472096729153e-01 1.471708187972e-01 1.464214314103e-01 1.449003385750e-01 1.425771277693e-01 1.394493430509e-01 1.355392310429e-01 1.308903378369e-01 1.255641713150e-01 1.196370273437e-01 1.131969961818e-01
3.466083645469e-07 5.563979551343e-07 8.869613380438e-07 1.404110133592e-06 2.207384467297e-06 3.446166611360e-06 5.342876400111e-06 8.226050406730e-06 1.257706499408e-05 1.909547927851e-05 2.878948306699e-05 4.309976160042e-05 6.406723585220e-05 9.455756401322e-05 1.385579075405e-04 2.015640821291e-04 2.910785646188e-04 4.172414469173e-04 5.936167690461e-04 8.381549249975e-04 1.174347108598e-03 1.632578923919e-03 2.251676371894e-03 3.080617113113e-03 4.180352868673e-03 5.625654370210e-03 7.506849700204e-03 9.931281063780e-03 1.302425882442e-02 1.692924815380e-02 2.180699135136e-02 2.783325510283e-02 3.519490575732e-02 4.408406515802e-02 5.469019524552e-02 6.719009916069e-02 8.173601679474e-02 9.844221670116e-02 1.173707405515e-01 1.385171998884e-01 1.617977467841e-01 1.870384923449e-01 2.139686920041e-01 2.422189465364e-01 2.713254273180e-01 3.007407517246e-01 3.298516205840e-01 3.580026941153e-01 3.845255414701e-01 4.087708603971e-01 4.301416803634e-01 4.481249266967e-01 4.623187138708e-01 4.724529381145e-01 4.784012940776e-01 4.801836120494e-01 4.779583402758e-01 4.720059927501e-01 4.627053045220e-01 4.505045463764e-01 4.358909118291e-01 4.193609308555e-01 4.013946236595e-01 3.824354710488e-01 3.628774524477e-01 3.430594556888e-01 3.232664170812e-01 3.037357763473e-01 2.846673118689e-01 2.662341818289e-01 2.485931046934e-01 2.318920025447e-01 2.162739921810e-01 2.018773084852e-01 1.888314267686e-01 1.772502146269e-01 1.672233582239e-01 1.588074982653e-01 1.520184779520e-01 1.468258926598e-01 1.431507715991e-01 1.408667834323e-01 1.398049146577e-01 1.397611598694e-01 1.405064657922e-01 1.417979734398e-01 1.433905512028e-01 1.450476736249e-01 1.465508668726e-01 1.477071767977e-01 1.483543718687e-01 1.483638630179e-01 1.476415319461e-01 1.461268271456e-01 1.437905740219e-01 1.406319561519e-01 1.366750844305e-01 1.319654761543e-01 1.265666491272e-01 1.205569267831e-01 1.140264547517e-01
3.148053666850e-07 5.061112013897e-07 8.080794702969e-07 1.281362361415e-06 2.017917144850e-06 3.156093824579e-06 4.902427679963e-06 7.562828594854e-06 1.158679848826e-05 1.762950988104e-05 2.663808101403e-05 3.997022104335e-05 5.955559863541e-05 8.811278864027e-05 1.294373882595e-04 1.887797024230e-04 2.733330106327e-04 3.928554121187e-04 5.604490351711e-04 7.935191830205e-04 1.114931848911e-03 1.554379807438e-03 2.149953954846e-03 2.949896690172e-03 4.014486808676e-03 5.417970496485e-03 7.250410712091e-03 9.619279818638e-03 1.265056998302e-02 1.648914939000e-02 2.129805411248e-02 2.725638754094e-02 3.455550725308e-02 4.339322682133e-02 5.396585192653e-02 6.645801354613e-02 8.103045706900e-02 9.780617872423e-02 1.168555715157e-01 1.381815044561e-01 1.617055028718e-01 1.872563650888e-01 2.145626197961e-01 2.432501624333e-01 2.728461648408e-01 3.027899755927e-01 3.324511551819e-01 3.611541617193e-01 3.882084729473e-01 4.129422800488e-01 4.347373208763e-01 4.530621096184e-01 4.675007099477e-01 4.777744900112e-01 4.837548209528e-01 4.854655260157e-01 4.830748737480e-01 4.768779907807e-01 4.672715347424e-01 4.547232742429e-01 4.397396696520e-01 4.228346463000e-01 4.045024531110e-01 3.851968117378e-01 3.653176984559e-01 3.452060283024e-01 3.251455367303e-01 3.053702927335e-01 2.860757336253e-01 2.674308646979e-01 2.495894041810e-01 2.326980615138e-01 2.169007859704e-01 2.023385706547e-01 1.891451187969e-01 1.774393140053e-01 1.673158516534e-01 1.588355927118e-01 1.520171450150e-01 1.468309557338e-01 1.431967755020e-01 1.409849096521e-01 1.400211670743e-01 1.400950046621e-01 1.409700315840e-01 1.423958483490e-01 1.441201413336e-01 1.459000287443e-01 1.475118415759e-01 1.487587746877e-01 1.494761234301e-01 1.495341116032e-01 1.488385314888e-01 1.473296007989e-01 1.449795190580e-01 1.417892201451e-01 1.377847614159e-01 1.330136794088e-01 1.275415238056e-01 1.214486504763e-01 1.148272557527e-01
2.847335651976e-07 4.584826011018e-07 7.332375844504e-07 1.164690636818e-06 1.837489738910e-06 2.879320884940e-06 4.481320073611e-06 6.927394390539e-06 1.063595056069e-05 1.621871356555e-05 2.456281101385e-05 3.694414172349e-05 5.518225711556e-05 8.184954973075e-05 1.205503953491e-04 1.762888900552e-04 2.559466947406e-04 3.688948509100e-04 5.277646764631e-04 7.494022029056e-04 1.056027076983e-03 1.476609273496e-03 2.048463984774e-03 2.819045523933e-03 3.847893733104e-03 5.208650985511e-03 6.991024204770e-03 9.302516611711e-03 1.226970077914e-02 1.603875257439e-02 2.077492450285e-02 2.666061067049e-02 3.389166098489e-02 4.267164415733e-02 5.320384908381e-02 6.568096052817e-02 8.027254397241e-02 9.711072054170e-02 1.162746973949e-01 1.377751013235e-01 1.615393277130e-01 1.873993065076e-01 2.150831799621e-01 2.442123172205e-01 2.743048733822e-01 3.047866742720e-01 3.350096552094e-01 3.642773663410e-01 3.918763198432e-01 4.171112249904e-01 4.393415534175e-01 4.580165206711e-01 4.727054491001e-01 4.831207620176e-01 4.891314141593e-01 4.907654710012e-01 4.882015919881e-01 4.817503324995e-01 4.718272503005e-01 4.589206217464e-01 4.435571088933e-01 4.262687835079e-01 4.075646056934e-01 3.879087242763e-01 3.677069942559e-01 3.473019879004e-01 3.269756879593e-01 3.069581560854e-01 2.874398670059e-01 2.685851532816e-01 2.505443788009e-01 2.334628862494e-01 2.174855108477e-01 2.027562264487e-01 1.894133123990e-01 1.775810760692e-01 1.673596245776e-01 1.588143732073e-01 1.519669242175e-01 1.467886694343e-01 1.431980395631e-01 1.410618104199e-01 1.402003558442e-01 1.403962795327e-01 1.414055246002e-01 1.429698460299e-01 1.448294983344e-01 1.467350709069e-01 1.484576129728e-01 1.497964633218e-01 1.505845130632e-01 1.506909178375e-01 1.500215291742e-01 1.485174878872e-01 1.461525084666e-01 1.429293906463e-01 1.388762170908e-01 1.340425909398e-01 1.284961140307e-01 1.223191754485e-01 1.156060174844e-01
2.564666558773e-07 4.136368404282e-07 6.626441263711e-07 1.054439349918e-06 1.666664670749e-06 2.616755807246e-06 4.081002893463e-06 6.322034910266e-06 9.728089598671e-06 1.486859473043e-05 2.257206704220e-05 3.403417767199e-05 5.096606695571e-05 7.579561585101e-05 1.119373422186e-04 1.641497606290e-04 2.390021800967e-04 3.454756217285e-04 4.957242631328e-04 7.060237283757e-04 9.979296803158e-04 1.399663273654e-03 1.947727644383e-03 2.688740605009e-03 3.681441322787e-03 4.998793074697e-03 6.730059031047e-03 8.982676501775e-03 1.188369784076e-02 1.558051134682e-02 2.024050674650e-02 2.604932032670e-02 3.320729212216e-02 4.192380647817e-02 5.240927378237e-02 6.486465871290e-02 7.946866517230e-02 9.636294475914e-02 1.156359943428e-01 1.373067142244e-01 1.613088845003e-01 1.874780298188e-01 2.155422598230e-01 2.451186089542e-01 2.757161915058e-01 3.067470466294e-01 3.375449661817e-01 3.673918432284e-01 3.955502906746e-01 4.213004959818e-01 4.439786152706e-01 4.630136136160e-01 4.779593251462e-01 4.885187681486e-01 4.945583758819e-01 4.961107143855e-01 4.933654301723e-01 4.866493815965e-01 4.763980636910e-01 4.631213446027e-01 4.473670884773e-01 4.296863151030e-01 4.106032184362e-01 3.905925722671e-01 3.700659924403e-01 3.493673164746e-01 3.287761956801e-01 3.085180167838e-01 2.887776401172e-01 2.697141923851e-01 2.514743234737e-01 2.342018707978e-01 2.180426277696e-01 2.031438077140e-01 1.896486511722e-01 1.776873325242e-01 1.673658000595e-01 1.587543813775e-01 1.518779078002e-01 1.467088072112e-01 1.431641338959e-01 1.411069472761e-01 1.403518991117e-01 1.406743990244e-01 1.418223661937e-01 1.435293831177e-01 1.455280056604e-01 1.475621104933e-01 1.493973732130e-01 1.508292762896e-01 1.516883785745e-01 1.518428953030e-01 1.511988931984e-01 1.496985985215e-01 1.473173872183e-01 1.440600399864e-01 1.399567463919e-01 1.350592211215e-01 1.294371327333e-01 1.231749031095e-01 1.163688126584e-01
2.300492922673e-07 3.716530921717e-07 5.964368724685e-07 9.508442059819e-07 1.505838820496e-06 2.369056891489e-06 3.702552505306e-06 5.748485877873e-06 8.865977085032e-06 1.358348917463e-05 2.067256868590e-05 3.125060911612e-05 4.692255536375e-05 6.997414089092e-05 1.036323148167e-04 1.524118514366e-04 2.225705314121e-04 3.226983500606e-04 4.644684070841e-04 6.635776443335e-04 9.409034314874e-04 1.323895795266e-03 1.848213503000e-03 2.559593582222e-03 3.515916892658e-03 4.789395956824e-03 6.468765500169e-03 8.661301842897e-03 1.149443740377e-02 1.511667639835e-02 1.969746443801e-02 2.542562778472e-02 3.250599042995e-02 4.115380885498e-02 5.158675018640e-02 6.401428525595e-02 7.862457836308e-02 9.556922505077e-02 1.149464996197e-01 1.367841095097e-01 1.610227538817e-01 1.875020369228e-01 2.159504068232e-01 2.459807657303e-01 2.770931663514e-01 3.086855844222e-01 3.400731236324e-01 3.705152253481e-01 3.992496134859e-01 4.255308433203e-01 4.486706350287e-01 4.680766819290e-01 4.832865209209e-01 4.939932715651e-01 5.000607171473e-01 5.015261920575e-01 4.985909642012e-01 4.915991189109e-01 4.810071936402e-01 4.673478086826e-01 4.511910944370e-01 4.331078764083e-01 4.136381420820e-01 3.932675037789e-01 3.724132114800e-01 3.514199540510e-01 3.305644378867e-01 3.100666710199e-01 2.901052221166e-01 2.708334521112e-01 2.523939384031e-01 2.349288832521e-01 2.185851379613e-01 2.035134470349e-01 1.898624368235e-01 1.777686286544e-01 1.673442736715e-01 1.586649863418e-01 1.517590714540e-01 1.466000801175e-01 1.431036173358e-01 1.411288158812e-01 1.404842930932e-01 1.409378892158e-01 1.422291185849e-01 1.440830389887e-01 1.462242245015e-01 1.483896461543e-01 1.503395124923e-01 1.518654491844e-01 1.527957646139e-01 1.529978697168e-01 1.523782140641e-01 1.508802776135e-01 1.484812503879e-01 1.451880131783e-01 1.410329414265e-01 1.360699023840e-01 1.303706449869e-01 1.240216176901e-01 1.171211284897e-01
2.054993490317e-07 3.325683941843e-07 5.346879174488e-07 8.540394681991e-07 1.355253894890e-06 2.136647385071e-06 3.346692711235e-06 5.207959521920e-06 8.051605167850e-06 1.236661379183e-05 1.886942529070e-05 2.860142445225e-05 4.306402280431e-05 6.440378571225e-05 9.566321314183e-05 1.411162792659e-04 2.067114835740e-04 3.006485893371e-04 4.341179041387e-04 6.222320857116e-04 8.851790030619e-04 1.249618762588e-03 1.750337226023e-03 2.432150299458e-03 3.352026628847e-03 4.581359741764e-03 6.208273758546e-03 8.339790530191e-03 1.110362267245e-02 1.464929249918e-02 1.914821692382e-02 2.479235575889e-02 3.179100524573e-02 4.036534570243e-02 5.074043277845e-02 6.313446845053e-02 7.774540241417e-02 9.473519498532e-02 1.142123999564e-01 1.362140824691e-01 1.606884189068e-01 1.874795989042e-01 2.163168047487e-01 2.468090210353e-01 2.784472257270e-01 3.106150448149e-01 3.426083219894e-01 3.736632122550e-01 4.029915009822e-01 4.298209353671e-01 4.534375994098e-01 4.732268238096e-01 4.887089828439e-01 4.995667534654e-01 5.056611278269e-01 5.070344855864e-01 5.039003819734e-01 4.966211104445e-01 4.856754346266e-01 4.716199535796e-01 4.550482051172e-01 4.365517353646e-01 4.166869168765e-01 3.959504282375e-01 3.747650169462e-01 3.534757822745e-01 3.323558326789e-01 3.116190546990e-01 2.914370111311e-01 2.719567195120e-01 2.533163193105e-01 2.356562590432e-01 2.191245736867e-01 2.038758694728e-01 1.900646210018e-01 1.778342159572e-01 1.673037007753e-01 1.585543737890e-01 1.516182631319e-01 1.464701245627e-01 1.430240256497e-01 1.411349375960e-01 1.406050978348e-01 1.411943770284e-01 1.426334713943e-01 1.446385408206e-01 1.469258782509e-01 1.492253483249e-01 1.512915960050e-01 1.529123976223e-01 1.539138997072e-01 1.541628569628e-01 1.535662790470e-01 1.520690792754e-01 1.496504191995e-01 1.463194000732e-01 1.421106623074e-01 1.370802647430e-01 1.313020430971e-01 1.248644615383e-01 1.178678427852e-01
1.828104833386e-07 2.963815064738e-07 4.774094089956e-07 7.640664129700e-07 1.215008722754e-06 1.919733118945e-06 3.013819766841e-06 4.701179530765e-06 7.286244772732e-06 1.122013187081e-05 1.716622358444e-05 2.609243469240e-05 3.939969077273e-05 5.909890616759e-05 8.805198624210e-05 1.302960294302e-04 1.914737883396e-04 2.793972319625e-04 4.047742074886e-04 5.821299611737e-04 8.309545553782e-04 1.177102671012e-03 1.654462285944e-03 2.306891484168e-03 3.190396351328e-03 4.375486224607e-03 5.949594747635e-03 8.019396855816e-03 1.071278521775e-02 1.418020011633e-02 1.859494146869e-02 2.415204071380e-02 3.106524884700e-02 3.956171538077e-02 4.987401146628e-02 6.222929341537e-02 7.683562377266e-02 9.386575612362e-02 1.134390387291e-01 1.356024659725e-01 1.603122723157e-01 1.874177666993e-01 2.166492830323e-01 2.476121259780e-01 2.797881910269e-01 3.125464613943e-01 3.451629298857e-01 3.768495879035e-01 4.067911742411e-01 4.341873800953e-01 4.582973812906e-01 4.784829785226e-01 4.942464511166e-01 5.052594505780e-01 5.113800143215e-01 5.126558537031e-01 5.093135162156e-01 5.017345492357e-01 4.904211894207e-01 4.759553300098e-01 4.589551292511e-01 4.400338236825e-01 4.197648039732e-01 3.986560492376e-01 3.771356545570e-01 3.555486564737e-01 3.341638705125e-01 3.131882731677e-01 2.927856691075e-01 2.730961312074e-01 2.542529877928e-01 2.363948282088e-01 2.196710259067e-01 2.042404142391e-01 1.902638244012e-01 1.778920699847e-01 1.672515158532e-01 1.584295618305e-01 1.514622181075e-01 1.463255180725e-01 1.429318860933e-01 1.411318688658e-01 1.407209509502e-01 1.414505979117e-01 1.430422490521e-01 1.452027692005e-01 1.476398569661e-01 1.500760596924e-01 1.522603662587e-01 1.539767150402e-01 1.550491916607e-01 1.553440557723e-01 1.547690658752e-01 1.532707586439e-01 1.508304301683e-01 1.474595271178e-01 1.431950307733e-01 1.380952255564e-01 1.322360358305e-01 1.257079263178e-01 1.186132160377e-01
1.619548969593e-07 2.630571093781e-07 4.245598628106e-07 6.808826901993e-07 1.085072999577e-06 1.718322446838e-06 2.704030912437e-06 4.228421419599e-06 6.570502046786e-06 1.014523086268e-05 1.556513308496e-05 2.372741557016e-05 3.593588997027e-05 5.406979816513e-05 8.081494718600e-05 1.199763542240e-04 1.768957121527e-04 2.590011215969e-04 3.765201733009e-04 5.433898567894e-04 7.783968172788e-04 1.106577854298e-03 1.560901423104e-03 2.184234523895e-03 3.031573600535e-03 4.172481399830e-03 5.693623175574e-03 7.701235249816e-03 1.032328922586e-02 1.371104073430e-02 1.803957964652e-02 2.350694118781e-02 3.033130611371e-02 3.874583176299e-02 4.899072585863e-02 6.130231914828e-02 7.589911568591e-02 9.296509941492e-02 1.126309420057e-01 1.349541582656e-01 1.598996487500e-01 1.873224039988e-01 2.169543555060e-01 2.483973874555e-01 2.811243183057e-01 3.144891954511e-01 3.477475450742e-01 3.800862793768e-01 4.106619246007e-01 4.386447986917e-01 4.632658146380e-01 4.838620009177e-01 4.999165425201e-01 5.110894381651e-01 5.172355861370e-01 5.184083240056e-01 5.148479393214e-01 5.069563332063e-01 4.952605540375e-01 4.803691809437e-01 4.629262826576e-01 4.435678192082e-01 4.228848618473e-01 4.013969379944e-01 3.795373245078e-01 3.576504825670e-01 3.360001905269e-01 3.147856774463e-01 2.941621938442e-01 2.742622412087e-01 2.552139563155e-01 2.371539765919e-01 2.202331970781e-01 2.046150872138e-01 1.904673856780e-01 1.779489331669e-01 1.671939725106e-01 1.582964413089e-01 1.512965953216e-01 1.461718134356e-01 1.428327492861e-01 1.411252350396e-01 1.408375959823e-01 1.417124261767e-01 1.434614382435e-01 1.457817843698e-01 1.483722382123e-01 1.509478174004e-01 1.532517602616e-01 1.550641900062e-01 1.562072431686e-01 1.565468606702e-01 1.559917532742e-01 1.544902811323e-01 1.520260455651e-01 1.486129644214e-01 1.442904351923e-01 1.391189962642e-01 1.331766559893e-01 1.265558574277e-01 1.193608940480e-01
1.428862127459e-07 2.325301975197e-07 3.760508011060e-07 6.043722654567e-07 9.653019778924e-07 1.532247740180e-06 2.417155456621e-06 3.789556901391e-06 5.904380853275e-06 9.142209612235e-06 1.406702619784e-05 2.150827028722e-05 3.267627845285e-05 4.932298666459e-05 7.396315026498e-05 1.101752592399e-04 1.630056556898e-04 2.395038353685e-04 3.494210350974e-04 5.061072305944e-04 7.276425381226e-04 1.038236274392e-03 1.469918842733e-03 2.064536090899e-03 2.876030791743e-03 3.972959285489e-03 5.441142207501e-03 7.386285932805e-03 9.936338684564e-03 1.324326546901e-02 1.748384811638e-02 2.285905057963e-02 2.959145058585e-02 3.792024328014e-02 4.809338737233e-02 6.035660463022e-02 7.493917001146e-02 9.203674128616e-02 1.117918576089e-01 1.342731680708e-01 1.594548746442e-01 1.871982427318e-01 2.172372809597e-01 2.491707372383e-01 2.824623748583e-01 3.164510119653e-01 3.503710783504e-01 3.833834486207e-01 4.146152165549e-01 4.432059304108e-01 4.683568104429e-01 4.893787853882e-01 5.057348824061e-01 5.170727630703e-01 5.232439883921e-01 5.243078252291e-01 5.205190864863e-01 5.123012020335e-01 5.002074446589e-01 4.848745655081e-01 4.669739099165e-01 4.471652575802e-01 4.260580634164e-01 4.041836518562e-01 3.819802956414e-01 3.597913263531e-01 3.378746872838e-01 3.164209643782e-01 2.955760175544e-01 2.754641153747e-01 2.562078174270e-01 2.379417290206e-01 2.208184822811e-01 2.050066334079e-01 1.906814285491e-01 1.780103807709e-01 1.671362033840e-01 1.581598302393e-01 1.511260326481e-01 1.460135906749e-01 1.427312400348e-01 1.411197783065e-01 1.409599303402e-01 1.419849181740e-01 1.438962306353e-01 1.463808651962e-01 1.491283281281e-01 1.518458873948e-01 1.542709437887e-01 1.561798356616e-01 1.573928799979e-01 1.577758896779e-01 1.572387472513e-01 1.557318472068e-01 1.532412754643e-01 1.497835477465e-01 1.454005511610e-01 1.401551011127e-01 1.341272772750e-01 1.274114711533e-01 1.201139240054e-01
1.255423835680e-07 2.047105499472e-07 3.317535516802e-07 5.343556425247e-07 8.554516899351e-07 1.361187759063e-06 2.152787314922e-06 3.384100730839e-06 5.287349406476e-06 8.210571674371e-06 1.267160786851e-05 1.943520728679e-05 2.962208203885e-05 4.486154712426e-05 6.750281606989e-05 1.009040585339e-04 1.498228693259e-04 2.209365935881e-04 3.235255481762e-04 4.703558570257e-04 6.788002850134e-04 9.722337198321e-04 1.381732887358e-03 1.948095432384e-03 2.724169274276e-03 3.777446883167e-03 5.192829488027e-03 7.075402376931e-03 9.552986396542e-03 1.277814641911e-02 1.692925225040e-02 2.221011395298e-02 2.884766429137e-02 3.708715732071e-02 4.718440885332e-02 5.939474305046e-02 7.395853587997e-02 9.108356932314e-02 1.109248084276e-01 1.335626737107e-01 1.589813333795e-01 1.870489566615e-01 2.175021422233e-01 2.499368176954e-01 2.838077333130e-01 3.184381884504e-01 3.530408685371e-01 3.867496182010e-01 4.186608169975e-01 4.478817755725e-01 4.735825040978e-01 4.950464224743e-01 5.117152591948e-01 5.232236118605e-01 5.294194725022e-01 5.303683586438e-01 5.263404353961e-01 5.177819041887e-01 5.052737657062e-01 4.894825194599e-01 4.711082432590e-01 4.508356934665e-01 4.292934448264e-01 4.070248782864e-01 3.844730469190e-01 3.619795515853e-01 3.397956437920e-01 3.181023114695e-01 2.970351302320e-01 2.767094497827e-01 2.572418545576e-01 2.387648540557e-01 2.214330650042e-01 2.054206281044e-01 1.909109472195e-01 1.780808990443e-01 1.670822957118e-01 1.580235473632e-01 1.509542136963e-01 1.458545229384e-01 1.426311207345e-01 1.411194182868e-01 1.410920633933e-01 1.422723709728e-01 1.443510773683e-01 1.470045625298e-01 1.499127092138e-01 1.527748142725e-01 1.553223566359e-01 1.573279352622e-01 1.586101929287e-01 1.590350233808e-01 1.585137171789e-01 1.569989280194e-01 1.544794116075e-01 1.509744121309e-01 1.465283745588e-01 1.412064079470e-01 1.350906430328e-01 1.282773827466e-01 1.208747812095e-01
1.098485597607e-07 1.794871591371e-07 2.915060149473e-07 4.706000950883e-07 7.551942573446e-07 1.204690333852e-06 1.910318201635e-06 3.011258671405e-06 4.718408913427e-06 7.349122527074e-06 1.137755112929e-05 1.750692711769e-05 2.677234928824e-05 4.068544914563e-05 6.143578752088e-05 9.216797390625e-05 1.373582341741e-04 2.033192652552e-04 2.988672760471e-04 4.361894343017e-04 6.319524537234e-04 9.086923065363e-04 1.296519151565e-03 1.835158203964e-03 2.576324021889e-03 3.586389925975e-03 4.949264267213e-03 6.769319966030e-03 9.174144731276e-03 1.231678957503e-02 1.637710213059e-02 2.156164751975e-02 2.810166180222e-02 3.624846842463e-02 4.626583774116e-02 5.841890177110e-02 7.295946658110e-02 9.010789527322e-02 1.100321530025e-01 1.328250912344e-01 1.584815426472e-01 1.868772461995e-01 2.177519420987e-01 2.506990871003e-01 2.851644840935e-01 3.204556332151e-01 3.557628131763e-01 3.901918116614e-01 4.228069512311e-01 4.526817595705e-01 4.789534314915e-01 5.008763816862e-01 5.178698222651e-01 5.295545015863e-01 5.357745925065e-01 5.366021921293e-01 5.323236924485e-01 5.234093849794e-01 5.104695930558e-01 4.942022391012e-01 4.753376774112e-01 4.545868652468e-01 4.325982746037e-01 4.099275962896e-01 3.870224264436e-01 3.642219781867e-01 3.417698868188e-01 3.198365192595e-01 2.985462246187e-01 2.780047064414e-01 2.583221713933e-01 2.396289831243e-01 2.220820288088e-01 2.058615806665e-01 1.911599024025e-01 1.781639757392e-01 1.670353769155e-01 1.578904919493e-01 1.507839476638e-01 1.456974527487e-01 1.425353657675e-01 1.411273245706e-01 1.412373867347e-01 1.425783887900e-01 1.448297555040e-01 1.476567629671e-01 1.507293034995e-01 1.537384779949e-01 1.564097695479e-01 1.585120954143e-01 1.598625885184e-01 1.603274545587e-01 1.598196453378e-01 1.582943117975e-01 1.557430736496e-01 1.521880340312e-01 1.476762621538e-01 1.422751690297e-01 1.360689059591e-01 1.291556408888e-01 1.216454007494e-01
9.571985453014e-08 1.567325198167e-07 2.551192508692e-07 4.128296829877e-07 6.641329391592e-07 1.062194733260e-06 1.688970553275e-06 2.669975425253e-06 4.196162406408e-06 6.556067404383e-06 1.018263465301e-05 1.572081371283e-05 2.412421385214e-05 3.679191103238e-05 5.576000626386e-05 8.396676540921e-05 1.256150840649e-04 1.866614315764e-04 2.754659460192e-04 4.036433159896e-04 5.871574436790e-04 8.477031974415e-04 1.214413838538e-03 1.725920602044e-03 2.432768728344e-03 3.400159189131e-03 4.710935108145e-03 6.468665604526e-03 8.800597235564e-03 1.186014930700e-02 1.582853024354e-02 2.091496015936e-02 2.735491585011e-02 3.540578969744e-02 4.533939359673e-02 5.743086601345e-02 7.194377065386e-02 8.911151469245e-02 1.091156521958e-01 1.320621509716e-01 1.579572395923e-01 1.866849322896e-01 2.179887048715e-01 2.514599308765e-01 2.865355609948e-01 3.225070237352e-01 3.585415204622e-01 3.937157138848e-01 4.270604711731e-01 4.576139137470e-01 4.844787184607e-01 5.068787089623e-01 5.242092848044e-01 5.360764951331e-01 5.423204232835e-01 5.430200836027e-01 5.384790172251e-01 5.291930027278e-01 5.158033844969e-01 4.990412836245e-01 4.796689679915e-01 4.584248935447e-01 4.359782375431e-01 4.128972643936e-01 3.896338316855e-01 3.665240535718e-01 3.438029504924e-01 3.216291752769e-01 3.001148439491e-01 2.793552571117e-01 2.594538260669e-01 2.405387392785e-01 2.227694779594e-01 2.063330460112e-01 1.914313273297e-01 1.782621997980e-01 1.669977074951e-01 1.577627344478e-01 1.506172534788e-01 1.455444731337e-01 1.424462392789e-01 1.411459939558e-01 1.413986502239e-01 1.429059576096e-01 1.453354388088e-01 1.483407583337e-01 1.515814387530e-01 1.547401614762e-01 1.575363464610e-01 1.597353066796e-01 1.611528499440e-01 1.616557464863e-01 1.611588813371e-01 1.596201577529e-01 1.570342600210e-01 1.534262828651e-01 1.488459803363e-01 1.433630663582e-01 1.370636709382e-01 1.300477712687e-01 1.224272201735e-01
8.306395336765e-08 1.363066951746e-07 2.223837529329e-07 3.607348279526e-07 5.818166172089e-07 9.330533312284e-07 1.487829537115e-06 2.358981438620e-06 3.718882499336e-06 5.829108010593e-06 9.083879309398e-06 1.407312475858e-05 2.167315676390e-05 3.317575819124e-05 5.046999380412e-05 7.629537110208e-05 1.145900482092e-04 1.709634807282e-04 2.533288597578e-04 3.727362946215e-04 5.444519110335e-04 7.893294219435e-04 1.135517280538e-03 1.620533746094e-03 2.293721233339e-03 3.219057109014e-03 4.478248086686e-03 6.173967653864e-03 8.433011070509e-03 1.140904341236e-02 1.528450984991e-02 2.027117575224e-02 2.660868480459e-02 3.456048556781e-02 4.440650722971e-02 5.643208505096e-02 7.091286568445e-02 8.809576855724e-02 1.081765404058e-01 1.312749775554e-01 1.574094704526e-01 1.864730577411e-01 2.182135894363e-01 2.522207872516e-01 2.879228728149e-01 3.245949492016e-01 3.613804583909e-01 3.973258382110e-01 4.314270391685e-01 4.626850653824e-01 4.901662867355e-01 5.130622448776e-01 5.307431412324e-01 5.427994257958e-01 5.490667849406e-01 5.496314998172e-01 5.448152392830e-01 5.351407473459e-01 5.212821921923e-01 5.040057835189e-01 4.841074355925e-01 4.623544746166e-01 4.394376321368e-01 4.159380004210e-01 3.923113882848e-01 3.688900286034e-01 3.458992492542e-01 3.234848166199e-01 3.017455459635e-01 2.807655328786e-01 2.606409734074e-01 2.414978669743e-01 2.234986585565e-01 2.068377394888e-01 1.917274338950e-01 1.783773612811e-01 1.669707779147e-01 1.576416074235e-01 1.504554496166e-01 1.453970155094e-01 1.423653813203e-01 1.411773325757e-01 1.415780415234e-01 1.432575226514e-01 1.458707749306e-01 1.490593203951e-01 1.524719225357e-01 1.557826192050e-01 1.587047141121e-01 1.610000105317e-01 1.624832002093e-01 1.630218927644e-01 1.625332034646e-01 1.609780540355e-01 1.583544046091e-01 1.546904752754e-01 1.500387596540e-01 1.444712642699e-01 1.380760462424e-01 1.309548245750e-01 1.232212217787e-01
7.178352729812e-08 1.180610972121e-07 1.930753077193e-07 3.139813045699e-07 5.077534413492e-07 8.165520955695e-07 1.305873537711e-06 2.076837677184e-06 3.284576405062e-06 5.165536034899e-06 8.077680862476e-06 1.255917776683e-05 1.941326452731e-05 2.982977550030e-05 4.555732847876e-05 6.914454412384e-05 1.042738911343e-04 1.562177031681e-04 2.324523064323e-04 3.434724171034e-04 5.038530608301e-04 7.336087494694e-04 1.059897516948e-03 1.519108102010e-03 2.159348936492e-03 3.043324537262e-03 4.251535025232e-03 5.885666128440e-03 8.071949400929e-03 1.096416848564e-02 1.474587373715e-02 1.963125615399e-02 2.586404020251e-02 3.371370477593e-02 4.346835985251e-02 5.542371884430e-02 6.986783252766e-02 8.706160622996e-02 1.072155985232e-01 1.304641717739e-01 1.568386825761e-01 1.862419877675e-01 2.184270001517e-01 2.529822660120e-01 2.893274396562e-01 3.267210575938e-01 3.642821192641e-01 4.010256996089e-01 4.359113074973e-01 4.679010362644e-01 4.960230549491e-01 5.194348322072e-01 5.374798980063e-01 5.497321247010e-01 5.560224706929e-01 5.564448518394e-01 5.513400881627e-01 5.412594659396e-01 5.269118843098e-01 5.091006494720e-01 4.886571683654e-01 4.663790785615e-01 4.429795563489e-01 4.190527757387e-01 3.950581356981e-01 3.713231374859e-01 3.480622509279e-01 3.254070977820e-01 3.034420563949e-01 2.822391766723e-01 2.618870065848e-01 2.425093683932e-01 2.242720844426e-01 2.073776524512e-01 1.920497214972e-01 1.785105545142e-01 1.669554041766e-01 1.575277977277e-01 1.502992428612e-01 1.452559347015e-01 1.422938919188e-01 1.412227382628e-01 1.417772676051e-01 1.436350695531e-01 1.464379633573e-01 1.498147767704e-01 1.534031148568e-01 1.568681515603e-01 1.599170321133e-01 1.623081677518e-01 1.638553680595e-01 1.644273853417e-01 1.639438803369e-01 1.623690805394e-01 1.597044389618e-01 1.559814352088e-01 1.512553515402e-01 1.456004653602e-01 1.391066962033e-01 1.318774257009e-01 1.240279825728e-01
6.177841928664e-08 1.018419270378e-07 1.669603563935e-07 2.722185160772e-07 4.414234588403e-07 7.119296728538e-07 1.142002630058e-06 1.821977707691e-06 2.891047389797e-06 4.562321734066e-06 7.159936442921e-06 1.117352830818e-05 1.733747679221e-05 2.674504847191e-05 4.101110816680e-05 6.250147337573e-05 9.465233530360e-05 1.424093696364e-04 2.128229543664e-04 3.158427581467e-04 4.653609004553e-04 6.805565224581e-04 9.875938191383e-04 1.421717840412e-03 2.029774240556e-03 2.873147351103e-03 4.031061663351e-03 5.604122742978e-03 7.717883742372e-03 1.052611489535e-02 1.421333264724e-02 1.899602353449e-02 2.512189398525e-02 3.286641338003e-02 4.252592284025e-02 5.440668455793e-02 6.880947053402e-02 8.600964909528e-02 1.062332251610e-01 1.296298916541e-01 1.562448144124e-01 1.859915109477e-01 2.186286981889e-01 2.537442724560e-01 2.907495219682e-01 3.288862011215e-01 3.672481712928e-01 4.048179780197e-01 4.405170989102e-01 4.732668333968e-01 5.020551479778e-01 5.260035367153e-01 5.444272840482e-01 5.568826455231e-01 5.631954825221e-01 5.634677194351e-01 5.580604215991e-01 5.475550775057e-01 5.326973546354e-01 5.143297851488e-01 4.933212210455e-01 4.705011454990e-01 4.466061012781e-01 4.222435920847e-01 3.978762032864e-01 3.738257686896e-01 3.502946432085e-01 3.273989534194e-01 3.052074271856e-01 2.837791891645e-01 2.631946951538e-01 2.435756293992e-01 2.250916564656e-01 2.079541648313e-01 1.923990813591e-01 1.786622754765e-01 1.669518228636e-01 1.574214377788e-01 1.501488151388e-01 1.451215957313e-01 1.422324141032e-01 1.412831846442e-01 1.419976362329e-01 1.440402021782e-01 1.470388335734e-01 1.506090877920e-01 1.543770041772e-01 1.579986754000e-01 1.611750636805e-01 1.636613270496e-01 1.652706563470e-01 1.658732774220e-01 1.653917374053e-01 1.637938713805e-01 1.610848528746e-01 1.572995539961e-01 1.524960871110e-01 1.467509669164e-01 1.401558960123e-01 1.328158270064e-01 1.248477223421e-01
5.294758641881e-08 8.749324738058e-08 1.438008078711e-07 2.350869513998e-07 3.822900655665e-07 6.183947683730e-07 9.950646982591e-07 1.592746485420e-06 2.535951704733e-06 4.016196623527e-06 6.326162841192e-06 9.910137612404e-06 1.543782108348e-05 2.391128690540e-05 3.681839218449e-05 5.635037770351e-05 8.570685055435e-05 1.295177648371e-04 1.944191971630e-04 2.898271491694e-04 4.289604272615e-04 6.301684001228e-04 9.186201185214e-04 1.328405103510e-03 1.905079762421e-03 2.708662915520e-03 3.817035554608e-03 5.329630532658e-03 7.371205728642e-03 1.009538129665e-02 1.368749293628e-02 1.836618198117e-02 2.438302470963e-02 3.201942641047e-02 4.157999493074e-02 5.338170087841e-02 6.773834848637e-02 8.494024990000e-02 1.052295048914e-01 1.287719303099e-01 1.556273844120e-01 1.857209383428e-01 2.188179092937e-01 2.545061254868e-01 2.921887541085e-01 3.310905732652e-01 3.702796128185e-01 4.087046861650e-01 4.452475851941e-01 4.787868351408e-01 5.082680857100e-01 5.327748446859e-01 5.515924711839e-01 5.642584808680e-01 5.705932395387e-01 5.707070721800e-01 5.649824325097e-01 5.540327861379e-01 5.386427236133e-01 5.196962751669e-01 4.981018076416e-01 4.747222638982e-01 4.503185245532e-01 4.255116610081e-01 4.007669812350e-01 3.763996348864e-01 3.525984967618e-01 3.294627499173e-01 3.070441846241e-01 2.853880670529e-01 2.645663171322e-01 2.446985435310e-01 2.259587753613e-01 2.085681490795e-01 1.927758954370e-01 1.788325154211e-01 1.669597788901e-01 1.573221909428e-01 1.500039081493e-01 1.449939540973e-01 1.421812141599e-01 1.413592977459e-01 1.422401325038e-01 1.444742210949e-01 1.476749197286e-01 1.514439208535e-01 1.553952794287e-01 1.591757969854e-01 1.624802446205e-01 1.650606932754e-01 1.667300089964e-01 1.673602501851e-01 1.668772188205e-01 1.652526773825e-01 1.624957551525e-01 1.586448499248e-01 1.537609359069e-01 1.479227179500e-01 1.412235866758e-01 1.337699608193e-01 1.256803535770e-01
4.519078252628e-08 7.485966401509e-08 1.233582672482e-07 2.022247869486e-07 3.298101949553e-07 5.351417096957e-07 8.638789485024e-07 1.387435454039e-06 2.216850441084e-06 3.523729047826e-06 5.571605707074e-06 8.762527799820e-06 1.370563083138e-05 2.131712739960e-05 3.296461488813e-05 5.067306537752e-05 7.741540001441e-05 1.175171727416e-04 1.772124273751e-04 2.653958142766e-04 3.946237073894e-04 5.824229822593e-04 8.529682665335e-04 1.239184020716e-03 1.785313280445e-03 2.549966103144e-03 3.609613474356e-03 5.062422921990e-03 7.032238256335e-03 9.672388182694e-03 1.316887326267e-02 1.774233775330e-02 2.364810200776e-02 3.117343707257e-02 4.063123810803e-02 5.234933037888e-02 6.665485518883e-02 8.385355066531e-02 1.042042755654e-01 1.278897905922e-01 1.549855726225e-01 1.854291922078e-01 2.189934240127e-01 2.552666667797e-01 2.936442590102e-01 3.333338395724e-01 3.733769132737e-01 4.126873208883e-01 4.501054464943e-01 4.844649636320e-01 5.146669769826e-01 5.397548630852e-01 5.589822686923e-01 5.718667685810e-01 5.782227914808e-01 5.781694667462e-01 5.721118541704e-01 5.606972699298e-01 5.447515308587e-01 5.252025685656e-01 5.030004696132e-01 4.790433422479e-01 4.541174171233e-01 4.288575571531e-01 4.037312757122e-01 3.790459189636e-01 3.549754107037e-01 3.316004322930e-01 3.089544634177e-01 2.870679358740e-01 2.660037788367e-01 2.458796230577e-01 2.268744478610e-01 2.092200690713e-01 1.931801275023e-01 1.790208468681e-01 1.669786076755e-01 1.572293293210e-01 1.498638993426e-01 1.448726330917e-01 1.421402580025e-01 1.414514316115e-01 1.425054944542e-01 1.449381945281e-01 1.483475339529e-01 1.523207199162e-01 1.564593995417e-01 1.604008797895e-01 1.638337507803e-01 1.665071931114e-01 1.682340726182e-01 1.688886743523e-01 1.684004494123e-01 1.667454262098e-01 1.639369343114e-01 1.600170267618e-01 1.550495629298e-01 1.491153744328e-01 1.423094286001e-01 1.347394899397e-01 1.265255307209e-01
3.840998516218e-08 6.378861301269e-08 1.053976669107e-07 1.732735936185e-07 2.834431957870e-07 4.613641036715e-07 7.472566704621e-07 1.204313794067e-06 1.931255917040e-06 3.081392336714e-06 4.891338110546e-06 7.723923136385e-06 1.213174480781e-05 1.895041163388e-05 2.943396861192e-05 4.544945334490e-05 6.975313548936e-05 1.063777908439e-04 1.611682336365e-04 2.425109082087e-04 3.623118298925e-04 5.372842512767e-04 7.906110853315e-04 1.154044474826e-03 1.670492362220e-03 2.397114978199e-03 3.408908281304e-03 4.802682134107e-03 6.701245633526e-03 9.257490361424e-03 1.265791958633e-02 1.712501775590e-02 2.291770922216e-02 3.032904448075e-02 3.968020987011e-02 5.131001808904e-02 6.555924345844e-02 8.274953495362e-02 1.031571865348e-01 1.269827526354e-01 1.543182975814e-01 1.851148928742e-01 2.191536909216e-01 2.560243626370e-01 2.951147637421e-01 3.356152596957e-01 3.765401387227e-01 4.167669992856e-01 4.550930214964e-01 4.903048485813e-01 5.212566805348e-01 5.469494937826e-01 5.666033101394e-01 5.797144753135e-01 5.860910020870e-01 5.858612392008e-01 5.794541383896e-01 5.675528637429e-01 5.510268977283e-01 5.308506408238e-01 5.080182340032e-01 4.834647576618e-01 4.580028447543e-01 4.322813643107e-01 4.067694467940e-01 3.817654161157e-01 3.574266488784e-01 3.338136527172e-01 3.109401345260e-01 2.888206658852e-01 2.675087264295e-01 2.471201045256e-01 2.278393803394e-01 2.099100672266e-01 1.936114048348e-01 1.792265014294e-01 1.670073103001e-01 1.571418078229e-01 1.497278735342e-01 1.447569920643e-01 1.421092792085e-01 1.415597379269e-01 1.427942797423e-01 1.454330277531e-01 1.490578324037e-01 1.532407729832e-01 1.575706589851e-01 1.616751064913e-01 1.652365598165e-01 1.680015343102e-01 1.697832577923e-01 1.704586692267e-01 1.699612919563e-01 1.682717795198e-01 1.654079129901e-01 1.614155294904e-01 1.563613831177e-01 1.503283529968e-01 1.434128530003e-01 1.357238576070e-01 1.273826958907e-01
3.251056720025e-08 5.413225840154e-08 8.969030688557e-08 1.478831557756e-07 2.426583866674e-07 3.962665498271e-07 6.440192012087e-07 1.041655598847e-06 1.676672391174e-06 2.685624935401e-06 4.280348433863e-06 6.787376486457e-06 1.070668701323e-05 1.679843821010e-05 2.620975176842e-05 4.065804135849e-05 6.269303369656e-05 9.606657568233e-05 1.462475009347e-04 2.211279330140e-04 3.319767072842e-04 4.947038390212e-04 7.315051648426e-04 1.072955546521e-03 1.560608570060e-03 2.250135900730e-03 3.214995165959e-03 4.550546704201e-03 6.378442827917e-03 8.850988144124e-03 1.215501902208e-02 1.651468618271e-02 2.219236347202e-02 2.948677779514e-02 3.872739282882e-02 5.026412641112e-02 6.445167288212e-02 8.162807544465e-02 1.020877546226e-01 1.260499359972e-01 1.536242842927e-01 1.847764330681e-01 2.192968990990e-01 2.567773937631e-01 2.965986921605e-01 3.379337904507e-01 3.797690724885e-01 4.209445875997e-01 4.602124453891e-01 4.963099680749e-01 5.280419623695e-01 5.543645890863e-01 5.744622132755e-01 5.878085652278e-01 5.942047150604e-01 5.937886656505e-01 5.870146173863e-01 5.746037041583e-01 5.574716766446e-01 5.366421316501e-01 5.131557469475e-01 4.879864821827e-01 4.619744766390e-01 4.357827981596e-01 4.098815347209e-01 3.845586539333e-01 3.599532578921e-01 3.361038858262e-01 3.130029146247e-01 2.906479764568e-01 2.690826427685e-01 2.484210344113e-01 2.288540607484e-01 2.106380401648e-01 1.940690891222e-01 1.794484356936e-01 1.670446166647e-01 1.570583256641e-01 1.495946842956e-01 1.446461903628e-01 1.420878411527e-01 1.416842261259e-01 1.431069283314e-01 1.459595244237e-01 1.498068762955e-01 1.542052717981e-01 1.587302458945e-01 1.629995393298e-01 1.666895080475e-01 1.695442625322e-01 1.713777924511e-01 1.720701558049e-01 1.715594008504e-01 1.698311858671e-01 1.669080028276e-01 1.628395966219e-01 1.576956134929e-01 1.515608808595e-01 1.445331105480e-01 1.367223343885e-01 1.282511235579e-01
2.740222775871e-08 4.574901637214e-08 7.601632467511e-08 1.257154277974e-07 2.069413210723e-07 3.390744506996e-07 5.530131074823e-07 8.977631113329e-07 1.450631092178e-06 2.332882665598e-06 3.733617135970e-06 5.945880789226e-06 9.420825972356e-06 1.484818737551e-05 2.327468099304e-05 3.627633995968e-05 5.620647376635e-05 8.654800761127e-05 1.324074119375e-04 2.011970305745e-04 3.035627168168e-04 4.546230824986e-04 6.755934296198e-04 9.958686625148e-04 1.455631287792e-03 2.109028138879e-03 3.027917193750e-03 4.306118190180e-03 6.064003546094e-03 8.453137131752e-03 1.166051166040e-02 1.591175914025e-02 2.147253372086e-02 2.864711778661e-02 3.777322072366e-02 4.921196623505e-02 6.333224462400e-02 8.048897678478e-02 1.009954114988e-01 1.250903532267e-01 1.529021257034e-01 1.844120462892e-01 2.194210513054e-01 2.575237351238e-01 2.980942555328e-01 3.402881810398e-01 3.830633095451e-01 4.252208052610e-01 4.654657603582e-01 5.024837721100e-01 5.350276234449e-01 5.620060981185e-01 5.825657294505e-01 5.961561469380e-01 6.025709027161e-01 6.019581039675e-01 5.947986405027e-01 5.818538663736e-01 5.640885750637e-01 5.425784611957e-01 5.184133816401e-01 4.926081925620e-01 4.660316872091e-01 4.393613094449e-01 4.130673594361e-01 3.874259938807e-01 3.625561694896e-01 3.384725287053e-01 3.151444594731e-01 2.925515266224e-01 2.707269301200e-01 2.497833496954e-01 2.299188308041e-01 2.114037039969e-01 1.945523362727e-01 1.796853886097e-01 1.670890413206e-01 1.569773818874e-01 1.494630098124e-01 1.445392401426e-01 1.420753924357e-01 1.418248208391e-01 1.434438180967e-01 1.465184405615e-01 1.505956870423e-01 1.552153658255e-01 1.599392954557e-01 1.643751704649e-01 1.681933414050e-01 1.711358109250e-01 1.730177723449e-01 1.737229050351e-01 1.731942702623e-01 1.714229277122e-01 1.684363489669e-01 1.642883057279e-01 1.590513177351e-01 1.528120421214e-01 1.456693160820e-01 1.377340593407e-01 1.291299617209e-01
2.299969627115e-08 3.850472743275e-08 6.416662305795e-08 1.064476675381e-07 1.757988238967e-07 2.890420006668e-07 4.731226801535e-07 7.709860262207e-07 1.250719710312e-06 2.019683023021e-06 3.246182600708e-06 5.192465278345e-06 8.264513573247e-06 1.308651835474e-05 2.061116748997e-05 3.228125014535e-05 5.026375182337e-05 7.778477883644e-05 1.196023495816e-04 1.826641459929e-04 2.770081813396e-04 4.169748819109e-04 6.228074160699e-04 9.227203732947e-04 1.355511079993e-03 1.973767943722e-03 2.847690177338e-03 4.069467058788e-03 5.758067223448e-03 8.064156765413e-03 1.117470089523e-02 1.531661710240e-02 2.075865561725e-02 2.781051555798e-02 3.681810061308e-02 4.815382353321e-02 6.220103411510e-02 7.933201111178e-02 9.987954640181e-02 1.241029575691e-01 1.521503342311e-01 1.840198611705e-01 2.195240261693e-01 2.582612221007e-01 2.995995194696e-01 3.426770460121e-01 3.864223430169e-01 4.295963147484e-01 4.708550134012e-01 5.088297869253e-01 5.422186117687e-01 5.698801743238e-01 5.909208558178e-01 6.047645902825e-01 6.111967870144e-01 6.103761165142e-01 6.028116844579e-01 5.893074687824e-01 5.708802529252e-01 5.486609255156e-01 5.237913284589e-01 4.973293520047e-01 4.701736397230e-01 4.430161632923e-01 4.163266059549e-01 3.903677149853e-01 3.652362826225e-01 3.409209817821e-01 3.173664471451e-01 2.945329894915e-01 2.724429802187e-01 2.512079370684e-01 2.310339403936e-01 2.122066454171e-01 1.950601458804e-01 1.799359285825e-01 1.671389288756e-01 1.568973195688e-01 1.493313963396e-01 1.444350541252e-01 1.420713143971e-01 1.419814073493e-01 1.438053118639e-01 1.471105344313e-01 1.514252941349e-01 1.562722098794e-01 1.611989381564e-01 1.658029681751e-01 1.697487600331e-01 1.727765443496e-01 1.747032023579e-01 1.754165816625e-01 1.748652743824e-01 1.730461638477e-01 1.699919753298e-01 1.657606184565e-01 1.604274515369e-01 1.540808188626e-01 1.468204894510e-01 1.387580815085e-01 1.300182674676e-01
1.922323098598e-08 3.227350663429e-08 5.394430068279e-08 8.977481034753e-08 1.487628715527e-07 2.454584399371e-07 4.032799037461e-07 6.597371150603e-07 1.074606537177e-06 1.742642025142e-06 2.813196352146e-06 4.520277270051e-06 7.228204118163e-06 1.150033972869e-05 1.820155684403e-05 2.864939660511e-05 4.483453482283e-05 6.973840048400e-05 1.077846976492e-04 1.654720644841e-04 2.522466852991e-04 3.816853435848e-04 5.730693093099e-04 8.534348293632e-04 1.260182671161e-03 1.844312059171e-03 2.674306859678e-03 3.840637554708e-03 5.460744933836e-03 7.684237246249e-03 1.069786197103e-02 1.472961531002e-02 2.005114443697e-02 2.697740778927e-02 3.586243155654e-02 4.708998157395e-02 6.105811679380e-02 7.815694997194e-02 9.873954027951e-02 1.230866824424e-01 1.513673849975e-01 1.835979510120e-01 2.196036273413e-01 2.589876028113e-01 3.011124637253e-01 3.450989305250e-01 3.898456271739e-01 4.340717939749e-01 4.763823363171e-01 5.153516978941e-01 5.496201120702e-01 5.779932748424e-01 5.995349402038e-01 6.136416314917e-01 6.200899312262e-01 6.190495560814e-01 6.110594436592e-01 5.969687494904e-01 5.778493931621e-01 5.548907582484e-01 5.292896549205e-01 5.021492686430e-01 4.743993453449e-01 4.467465056493e-01 4.196588846162e-01 3.933840811400e-01 3.679945338129e-01 3.434507181147e-01 3.196706391540e-01 2.965941126135e-01 2.742322304091e-01 2.526956867933e-01 2.321995951181e-01 2.130463629709e-01 1.955913965350e-01 1.801984888864e-01 1.671924891255e-01 1.568163620814e-01 1.491982968054e-01 1.443324826613e-01 1.420749591004e-01 1.421538736359e-01 1.441917993099e-01 1.477366059191e-01 1.522967759145e-01 1.573770039186e-01 1.625103371829e-01 1.672839167133e-01 1.713564568987e-01 1.744667956020e-01 1.764340338527e-01 1.771507781569e-01 1.765717059373e-01 1.746999663557e-01 1.715738189918e-01 1.672554147482e-01 1.618228967472e-01 1.553661284048e-01 1.479855911426e-01 1.397933927168e-01 1.309150420926e-01
1.599893212541e-08 2.693830340463e-08 4.516563069132e-08 7.541114649235e-08 1.253934165247e-07 2.076527345672e-07 3.424720518238e-07 5.625044084330e-07 9.200596278623e-07 1.498503874244e-06 2.429968302506e-06 3.922649794583e-06 6.302553951858e-06 1.007675394450e-05 1.602833484181e-05 2.535741508726e-05 3.988825575016e-05 6.236973479729e-05 9.690554264270e-05 1.495613212734e-04 2.292082362803e-04 3.486752324453e-04 5.262937194159e-04 7.879259239675e-04 1.169567492876e-03 1.720600742560e-03 2.507740440294e-03 3.619651908309e-03 5.172124289275e-03 7.313545471495e-03 1.023024879713e-02 1.415109215556e-02 1.935040520321e-02 2.614822927728e-02 3.490662001052e-02 4.602073966072e-02 5.990359015002e-02 7.696358852938e-02 9.757479487908e-02 1.220404725157e-01 1.505517512179e-01 1.831443688264e-01 2.196576237214e-01 2.597005826502e-01 3.026310250807e-01 3.475523526110e-01 3.933326289985e-01 4.386479890588e-01 4.820499982234e-01 5.220534127274e-01 5.572376130276e-01 5.863522299091e-01 6.084157480677e-01 6.227954415774e-01 6.292583176442e-01 6.279856404784e-01 6.195478917497e-01 6.048421247840e-01 5.849987550323e-01 5.612691769787e-01 5.349083453582e-01 5.070671353135e-01 4.787077005662e-01 4.505513991173e-01 4.230637792095e-01 3.964753894064e-01 3.708319443508e-01 3.460633337632e-01 3.220589336971e-01 2.987367667307e-01 2.760962040835e-01 2.542475261778e-01 2.334159865684e-01 2.139222963768e-01 1.961448755124e-01 1.804713927376e-01 1.672478234308e-01 1.567326409525e-01 1.490621000085e-01 1.442303455947e-01 1.420856826559e-01 1.423421428781e-01 1.446037304427e-01 1.483975323601e-01 1.532112935977e-01 1.585310282912e-01 1.638747233128e-01 1.688190469364e-01 1.730171477213e-01 1.762068962635e-01 1.782101949391e-01 1.789250456686e-01 1.783128039521e-01 1.763833501349e-01 1.731807622346e-01 1.687715276263e-01 1.632364956219e-01 1.566668555193e-01 1.491635538923e-01 1.408389587848e-01 1.318192571096e-01
1.325889390418e-08 2.239120585690e-08 3.766063919476e-08 6.309137971334e-08 1.052802664489e-07 1.749968174966e-07 2.897471659068e-07 4.778602050693e-07 7.849613783583e-07 1.284164036826e-06 2.092002601271e-06 3.393156398145e-06 5.478503477671e-06 8.803177522265e-06 1.407430058721e-05 2.238219681969e-05 3.539445121698e-05 5.563945370388e-05 8.691528452604e-05 1.348709978378e-04 2.078202764723e-04 3.178612341156e-04 4.823892248628e-04 7.260991501341e-04 1.083575872485e-03 1.602560303571e-03 2.347947496674e-03 3.406513657298e-03 4.892273229040e-03 6.952229430995e-03 9.772099471683e-03 1.358137559996e-02 1.865684066428e-02 2.532342274905e-02 3.395109172293e-02 4.494642737866e-02 5.873759101530e-02 7.575176683431e-02 9.638475646450e-02 1.209633100608e-01 1.497019305613e-01 1.826571787706e-01 2.196837788835e-01 2.603978511657e-01 3.041531280056e-01 3.500358389830e-01 3.968828595103e-01 4.433257479579e-01 4.878604487996e-01 5.289391037515e-01 5.650769515879e-01 5.949642942515e-01 6.175715208781e-01 6.322346817678e-01 6.387103967197e-01 6.371919920450e-01 6.282833180269e-01 6.129322225402e-01 5.923311968810e-01 5.677973988014e-01 5.406473143141e-01 5.120820450263e-01 4.830975047610e-01 4.544298475227e-01 4.265408716509e-01 3.996419997428e-01 3.737496574175e-01 3.487605836041e-01 3.245333987885e-01 3.009629759635e-01 2.780365411340e-01 2.558644467110e-01 2.346833133283e-01 2.148338421159e-01 1.967192924044e-01 1.807528698271e-01 1.673029415401e-01 1.566442140756e-01 1.489211502911e-01 1.441274547646e-01 1.421028697252e-01 1.425461999886e-01 1.450416427430e-01 1.490942953241e-01 1.541701195901e-01 1.597356703568e-01 1.652934211104e-01 1.704094638925e-01 1.747315979566e-01 1.779972007862e-01 1.800316121852e-01 1.807389171777e-01 1.800877797414e-01 1.780952974861e-01 1.748116587351e-01 1.703077667710e-01 1.646670777751e-01 1.579818793140e-01 1.503533100269e-01 1.418937454038e-01 1.327298820547e-01
1.094121863615e-08 1.853352458176e-08 3.127333714332e-08 5.257114577666e-08 8.804412791021e-08 1.469075609690e-07 2.442176030613e-07 4.044672568332e-07 6.673189450896e-07 1.096686339971e-06 1.795024982245e-06 2.925653815588e-06 4.747342335595e-06 7.667438542143e-06 1.232270911704e-05 1.970109280720e-05 3.132304775431e-05 4.950843095086e-05 7.776416030812e-05 1.213394051352e-04 1.880085566659e-04 2.891570458339e-04 4.412597024492e-04 6.678531742964e-04 1.002108868332e-03 1.490105210030e-03 2.194870377448e-03 3.201210322916e-03 4.621243113014e-03 6.600421679960e-03 9.323640156738e-03 1.302078808843e-02 1.797085704640e-02 2.450344606914e-02 3.299630042904e-02 4.386741547279e-02 5.756030849012e-02 7.452138390276e-02 9.516893138295e-02 1.198542329247e-01 1.488164657377e-01 1.821344730009e-01 2.196798707954e-01 2.610771019611e-01 3.056767023178e-01 3.525479373962e-01 4.004958910040e-01 4.481060409950e-01 4.938163362059e-01 5.360132292339e-01 5.731443417882e-01 6.038371727121e-01 6.270110009479e-01 6.419685297411e-01 6.484551105939e-01 6.466766656881e-01 6.372723439573e-01 6.212438838224e-01 5.998496742708e-01 5.744766427899e-01 5.465064062874e-01 5.171929810611e-01 4.875674608430e-01 4.583807974982e-01 4.300897515269e-01 4.028843507767e-01 3.767489592109e-01 3.515444055172e-01 3.270962964089e-01 3.032749407072e-01 2.800550135415e-01 2.575475161840e-01 2.360017916024e-01 2.157803631192e-01 1.973132866085e-01 1.810410644675e-01 1.673557721012e-01 1.565490791657e-01 1.487737640675e-01 1.440226309771e-01 1.421259533809e-01 1.427661117328e-01 1.455061833927e-01 1.498280028106e-01 1.551746591775e-01 1.609924449869e-01 1.667678695207e-01 1.720563644703e-01 1.765006394097e-01 1.798381043421e-01 1.818982301310e-01 1.825919245513e-01 1.818958317146e-01 1.798347770176e-01 1.764653519027e-01 1.718629420086e-01 1.661134808058e-01 1.593100971746e-01 1.515538138606e-01 1.429567402923e-01 1.336459020567e-01
8.989916026577e-09 1.527569272901e-08 2.586165808056e-08 4.362706771741e-08 7.333693244819e-08 1.228476510848e-07 2.050619338966e-07 3.410824661364e-07 5.652709911340e-07 9.333147216940e-07 1.535002447636e-06 2.514313882552e-06 4.100759619205e-06 6.657853658800e-06 1.075738635382e-05 1.729208103052e-05 2.764459951657e-05 4.393807068527e-05 6.940268887167e-05 1.089046692506e-04 1.696978876350e-04 2.624743110820e-04 4.028054619418e-04 6.130811841393e-04 9.250598180455e-04 1.383139815198e-03 2.048439055173e-03 3.003715433031e-03 4.359070848012e-03 6.258241726626e-03 8.885087793245e-03 1.246964957654e-02 1.729286807745e-02 2.368877702555e-02 3.204273449343e-02 4.278412375695e-02 5.637199375759e-02 7.327240954757e-02 9.392689959769e-02 1.187123480457e-01 1.478939563495e-01 1.815743853782e-01 2.196437015992e-01 2.617360415810e-01 3.071996893674e-01 3.550872238117e-01 4.041713612959e-01 4.529899620063e-01 4.999205113138e-01 5.432805410953e-01 5.814463800456e-01 6.129790310868e-01 6.367434410021e-01 6.520066913334e-01 6.585018997010e-01 6.564481422446e-01 6.465219203752e-01 6.297821589516e-01 6.075572275482e-01 5.813080991536e-01 5.524853644499e-01 5.223987998653e-01 4.921161499444e-01 4.624031246881e-01 4.337100115247e-01 4.062029651675e-01 3.798312850836e-01 3.544169316012e-01 3.297500953342e-01 3.056750476553e-01 2.821535361807e-01 2.592978822496e-01 2.373716545701e-01 2.167611861314e-01 1.979254259990e-01 1.813340347934e-01 1.674041638916e-01 1.564451773574e-01 1.486182368196e-01 1.439147161201e-01 1.421544267623e-01 1.430020424625e-01 1.459981233019e-01 1.505999043796e-01 1.562264658323e-01 1.623030115417e-01 1.682996358862e-01 1.737610532721e-01 1.783251833345e-01 1.817300538544e-01 1.838100206106e-01 1.844836098086e-01 1.837361601473e-01 1.816007574658e-01 1.781406914277e-01 1.734358783633e-01 1.675745697924e-01 1.606504418059e-01 1.527640601619e-01 1.440269708108e-01 1.345663370036e-01
7.354709719321e-09 1.253701453279e-08 2.129715374568e-08 3.605642725434e-08 6.084155987533e-08 1.023255191473e-07 1.715253946654e-07 2.865584059280e-07 4.770912140470e-07 7.914802505255e-07 1.308156132503e-06 2.153645755138e-06 3.530880670998e-06 5.763286516408e-06 9.362818797883e-06 1.513390037734e-05 2.433048180031e-05 3.889058003909e-05 6.178204345828e-05 9.750522633854e-05 1.528127765995e-04 2.377234169476e-04 3.669242110979e-04 5.616720078293e-04 8.523155989719e-04 1.281559734229e-03 1.908572637306e-03 2.813990049013e-03 4.105780441518e-03 5.925797616566e-03 8.456651821941e-03 1.192827943928e-02 1.662329710983e-02 2.287991637578e-02 3.109092024292e-02 4.169702580975e-02 5.517296539946e-02 7.200489118784e-02 9.265832227809e-02 1.175368384830e-01 1.469330672648e-01 1.809750974252e-01 2.195731011008e-01 2.623723893784e-01 3.087200379147e-01 3.576522960914e-01 4.079089635988e-01 4.579787188590e-01 5.061760164259e-01 5.507460725827e-01 5.899900367713e-01 6.223984869452e-01 6.467786002538e-01 6.623593870305e-01 6.688606911365e-01 6.665153147270e-01 6.560392969707e-01 6.385522653262e-01 6.154569369193e-01 5.882928925969e-01 5.585837902893e-01 5.276981833007e-01 4.967420007138e-01 4.664956123277e-01 4.374012306665e-01 4.095984374659e-01 3.829982178282e-01 3.573804880616e-01 3.324974715448e-01 3.081658702524e-01 2.843341588993e-01 2.611167664816e-01 2.387931445698e-01 2.177755926829e-01 1.985541981103e-01 1.816297460746e-01 1.674458820453e-01 1.563303940556e-01 1.484528471061e-01 1.438025777213e-01 1.421878531320e-01 1.432542623999e-01 1.465183693557e-01 1.514114030423e-01 1.573272522358e-01 1.636691832823e-01 1.698904269501e-01 1.755249488081e-01 1.802062287007e-01 1.836735556670e-01 1.857669899779e-01 1.864135322272e-01 1.856079729664e-01 1.833922152319e-01 1.798365419939e-01 1.750254283747e-01 1.690492501957e-01 1.620018950235e-01 1.539830981697e-01 1.451035167790e-01 1.354902527735e-01
5.990772042898e-09 1.024529567497e-08 1.746449593640e-08 2.967652377439e-08 5.027106427384e-08 8.489450566328e-08 1.429191501893e-07 2.398430330203e-07 4.011891390667e-07 6.688041175116e-07 1.110968288705e-06 1.838509750776e-06 3.030291838388e-06 4.973189634036e-06 8.124221152118e-06 1.320615476617e-05 2.135304623742e-05 3.432919225895e-05 5.485436073231e-05 8.708023731009e-05 1.372779658514e-04 2.148141692677e-04 3.335118655606e-04 5.135110654231e-04 7.837576886853e-04 1.185252965433e-03 1.775180445836e-03 2.631983808744e-03 3.861383945213e-03 5.603186683156e-03 8.038534764683e-03 1.139699724935e-02 1.596257793633e-02 2.207738894083e-02 3.014142403026e-02 4.060665172775e-02 5.396361335633e-02 7.071895785768e-02 9.136294556942e-02 1.163269682489e-01 1.459325302310e-01 1.803348363876e-01 2.194659227882e-01 2.629838673933e-01 3.102356920016e-01 3.602417526844e-01 4.117084241333e-01 4.630736066856e-01 5.125860567764e-01 5.584151118900e-01 5.987826266323e-01 6.321045831190e-01 6.571267114535e-01 6.730373275360e-01 6.795418623098e-01 6.768874477468e-01 6.658319793366e-01 6.475595447398e-01 6.235518681611e-01 5.954320201520e-01 5.648010833601e-01 5.330895878937e-01 5.014432422193e-01 4.706569033518e-01 4.411629420228e-01 4.130714141661e-01 3.862514769480e-01 3.604375899196e-01 3.353413029706e-01 3.107501590813e-01 2.865990603227e-01 2.630054513412e-01 2.402664958424e-01 2.188228012857e-01 1.991979936475e-01 1.819260574188e-01 1.674785999470e-01 1.562025536286e-01 1.482758546002e-01 1.436851124318e-01 1.422258688112e-01 1.435231541333e-01 1.470679695400e-01 1.522640622878e-01 1.584788975990e-01 1.650929330029e-01 1.715420917980e-01 1.773495888972e-01 1.821448631194e-01 1.856691754368e-01 1.877691788055e-01 1.883812670162e-01 1.875104869944e-01 1.852081382236e-01 1.815517897586e-01 1.766304800012e-01 1.705364762740e-01 1.633635003742e-01 1.552100425740e-01 1.461855231433e-01 1.364167717309e-01
4.858405314483e-09 8.336383525848e-09 1.426083008965e-08 2.432379027232e-08 4.136750959722e-08 7.015139235163e-08 1.186185721010e-07 1.999778759482e-07 3.361086128074e-07 5.630971930158e-07 9.401842454171e-07 1.564123838200e-06 2.592055073175e-06 4.277632016357e-06 7.027583999194e-06 1.148939083529e-05 1.868574062615e-05 3.021834363979e-05 4.857299298859e-05 7.756993338270e-05 1.230188878735e-04 1.936563645577e-04 3.024632470600e-04 4.684811598607e-04 7.192630296510e-04 1.094100771718e-03 1.648162862407e-03 2.457635640197e-03 3.625881942759e-03 5.290495829295e-03 7.630932303745e-03 1.087612230048e-02 1.531115458947e-02 2.128174324352e-02 2.919485211795e-02 3.951358828805e-02 5.274439966397e-02 6.941482109816e-02 9.004060215678e-02 1.150820820004e-01 1.448911419922e-01 1.796518722509e-01 2.193200350057e-01 2.635681876222e-01 3.117445691145e-01 3.628541701087e-01 4.155694690282e-01 4.682759728739e-01 5.191539646659e-01 5.662931617324e-01 6.078317752962e-01 6.421067497277e-01 6.677984463625e-01 6.840516669373e-01 6.905561998112e-01 6.875741288878e-01 6.759076738349e-01 6.568093957080e-01 6.318450065331e-01 6.027262785980e-01 5.711363704219e-01 5.385711770019e-01 5.062178390055e-01 4.748854615729e-01 4.449946012928e-01 4.166225711063e-01 3.895928973019e-01 3.635909245281e-01 3.382846570218e-01 3.134308307765e-01 2.889505286334e-01 2.649652567840e-01 2.417919134442e-01 2.199019447066e-01 1.998550859082e-01 1.822207046499e-01 1.674998849072e-01 1.560594117008e-01 1.480854968959e-01 1.435612439036e-01 1.422681844514e-01 1.438092152035e-01 1.476481166554e-01 1.531596074388e-01 1.596834488164e-01 1.665763951970e-01 1.732566237199e-01 1.792366277091e-01 1.841422608104e-01 1.877175350032e-01 1.898166591866e-01 1.903864038582e-01 1.894429267036e-01 1.870475252195e-01 1.832853439967e-01 1.782499602434e-01 1.720352574884e-01 1.647343676607e-01 1.564440810265e-01 1.472722051890e-01 1.373450789795e-01
3.922686862212e-09 6.753644537727e-09 1.159502011505e-08 1.985272815581e-08 3.390050410958e-08 5.773445368324e-08 9.806074544457e-08 1.660950161258e-07 2.805244267846e-07 4.723567335446e-07 7.928101049127e-07 1.326064019186e-06 2.209713564518e-06 3.667314376496e-06 6.059704674361e-06 9.965152914480e-06 1.630319913378e-05 2.652381275318e-05 4.289271201751e-05 6.891589948422e-05 1.099620415842e-04 1.741602725890e-04 2.736726617324e-04 4.264631493550e-04 6.587047383947e-04 1.007978386871e-03 1.527411942464e-03 2.290874161074e-03 3.399263686326e-03 4.987801257368e-03 7.234032510586e-03 1.036597281064e-02 1.466947991323e-02 2.049355033411e-02 2.825184926668e-02 3.841847803842e-02 5.151585766663e-02 6.809277510583e-02 8.869120953546e-02 1.138016020952e-01 1.438077597601e-01 1.789245071056e-01 2.191333055513e-01 2.641230313684e-01 3.132445341223e-01 3.654880654569e-01 4.194917893995e-01 4.735871725353e-01 5.258831523020e-01 5.743858911610e-01 6.171453600697e-01 6.524147478120e-01 6.788048561786e-01 6.954139502254e-01 7.019148378971e-01 6.985852007595e-01 6.862742143944e-01 6.663071940668e-01 6.403391669247e-01 6.101761793383e-01 5.775884194907e-01 5.441407408293e-01 5.110634291070e-01 4.791795059951e-01 4.488955355150e-01 4.202525751625e-01 3.930244067605e-01 3.668433345070e-01 3.413307704570e-01 3.162109453873e-01 2.913909368716e-01 2.669975182023e-01 2.433695431033e-01 2.210120436654e-01 2.005236052763e-01 1.825112786778e-01 1.675071828823e-01 1.558986418565e-01 1.478799812711e-01 1.434299185258e-01 1.423145835421e-01 1.441130564032e-01 1.482601484081e-01 1.540999263923e-01 1.609431201717e-01 1.681218640046e-01 1.750361559705e-01 1.811878331048e-01 1.861996769532e-01 1.898193052194e-01 1.919095248271e-01 1.924285385928e-01 1.914045171861e-01 1.889093821730e-01 1.850361343659e-01 1.798828352478e-01 1.735446613056e-01 1.661136790849e-01 1.576844788422e-01 1.483628537906e-01 1.382744258936e-01
3.153092084732e-09 5.447400845295e-09 9.386821296735e-09 1.613471497056e-08 2.766552050422e-08 4.732114557799e-08 8.074138394662e-08 1.374131182937e-07 2.332374506944e-07 3.947608074647e-07 6.661070188674e-07 1.120259552975e-06 1.877290029699e-06 3.133573739479e-06 5.208203403500e-06 8.616017870895e-06 1.418130593239e-05 2.321282538527e-05 3.776986930601e-05 6.106130689737e-05 9.803531171974e-05 1.562370448618e-04 2.470344029872e-04 3.873365166595e-04 6.019527171328e-04 9.267555761320e-04 1.412811842752e-03 2.131617879772e-03 3.181506907330e-03 4.695167838245e-03 6.848014811313e-03 9.866864103168e-03 1.403801345049e-02 1.971340117663e-02 2.731309655716e-02 3.732201712524e-02 5.027858975761e-02 6.675319352968e-02 8.731476794727e-02 1.124850248790e-01 1.426812932411e-01 1.781510648720e-01 2.189035862811e-01 2.646460242076e-01 3.147333658369e-01 3.681418600919e-01 4.234749869948e-01 4.790085146888e-01 5.327770477747e-01 5.826990717633e-01 6.267314509350e-01 6.630386105555e-01 6.901573136937e-01 7.071360448448e-01 7.136291840420e-01 7.099306865178e-01 6.969394787352e-01 6.760582062982e-01 6.490369095074e-01 6.177818568572e-01 5.841555533635e-01 5.497956132726e-01 5.159772459495e-01 4.835369573106e-01 4.528649024271e-01 4.239620525203e-01 3.965479976758e-01 3.701977929913e-01 3.444830302735e-01 3.190936840569e-01 2.939227196004e-01 2.691035518373e-01 2.449994408567e-01 2.221519726257e-01 2.012015104418e-01 1.827952023473e-01 1.674977997803e-01 1.557178252523e-01 1.476574767784e-01 1.432901015657e-01 1.423649186998e-01 1.444354010213e-01 1.489055436340e-01 1.550870678714e-01 1.622602908860e-01 1.697317888541e-01 1.768829567371e-01 1.832050775607e-01 1.883184380317e-01 1.919751955547e-01 1.940478812865e-01 1.945072610144e-01 1.933944743311e-01 1.907927134239e-01 1.868031076810e-01 1.815281100935e-01 1.750638143177e-01 1.675006889768e-01 1.589305815556e-01 1.494568377506e-01 1.392041324576e-01
2.523108013932e-09 4.374346598059e-09 7.566011968382e-09 1.305673470083e-08 2.248207327421e-08 3.862554530560e-08 6.621132319887e-08 1.132327626681e-07 1.931686314619e-07 3.286609264728e-07 5.575826706927e-07 9.429840188289e-07 1.589278833396e-06 2.668379306469e-06 4.461527072886e-06 7.425613366934e-06 1.229723659773e-05 2.025413033116e-05 3.316252049317e-05 5.395109899484e-05 8.716822975025e-05 1.397990639744e-04 2.224431809000e-04 3.509798641309e-04 5.488741683266e-04 8.502971187476e-04 1.304239159762e-03 1.979775282402e-03 2.972577540207e-03 4.412648334410e-03 6.473048510706e-03 9.379106664704e-03 1.341721896913e-02 1.894190389762e-02 2.637930806333e-02 3.622495171470e-02 4.903326407964e-02 6.539652656696e-02 8.591135567838e-02 1.111319149487e-01 1.415106976280e-01 1.773298781050e-01 2.186286926898e-01 2.651347099444e-01 3.162087251003e-01 3.708138314703e-01 4.275185278977e-01 4.845412045972e-01 5.398390372819e-01 5.912385108073e-01 6.365982446257e-01 6.739885692713e-01 7.018674335981e-01 7.192300647858e-01 7.257108455811e-01 7.216207060117e-01 7.079112995528e-01 6.860674930655e-01 6.579404298987e-01 6.255429632589e-01 5.908355461638e-01 5.555325831451e-01 5.209560418851e-01 4.879553680552e-01 4.569016344702e-01 4.277515497791e-01 4.001656998928e-01 3.736573805467e-01 3.477449468571e-01 3.220823211457e-01 2.965483372166e-01 2.712846224448e-01 2.466815356966e-01 2.233204283642e-01 2.018865585059e-01 1.830697039434e-01 1.674688819021e-01 1.555144348122e-01 1.474161046878e-01 1.431407695702e-01 1.424191077693e-01 1.447770788900e-01 1.495859201411e-01 1.561232344058e-01 1.636374977731e-01 1.714087675436e-01 1.787994196531e-01 1.852903278354e-01 1.904999280646e-01 1.941859378539e-01 1.962318299645e-01 1.966221417972e-01 1.954119923757e-01 1.926965123791e-01 1.885852184854e-01 1.831848217652e-01 1.765918983031e-01 1.688947260131e-01 1.601818146380e-01 1.505536033187e-01 1.401335848938e-01
2.009847734353e-09 3.496959906630e-09 6.071509762890e-09 1.052007055993e-08 1.819181791522e-08 3.139564024436e-08 5.407273204213e-08 9.293128330807e-08 1.593521664468e-07 2.725733193288e-07 4.649806215134e-07 7.908430784981e-07 1.340633148563e-06 2.264321026423e-06 3.808942796020e-06 6.378621670973e-06 1.062948017370e-05 1.761805056630e-05 2.903051812452e-05 4.753214174037e-05 7.729219365356e-05 1.247602388594e-04 1.997944973699e-04 3.172713483885e-04 4.993340458075e-04 7.784632029527e-04 1.201563189398e-03 1.835244800331e-03 2.772429247688e-03 4.140282339583e-03 6.109291162320e-03 8.903003779618e-03 1.280756149692e-02 1.817968017748e-02 2.545122702567e-02 3.512807443961e-02 4.778061104733e-02 6.402329709034e-02 8.448112444397e-02 1.097418981663e-01 1.402949622401e-01 1.764592737616e-01 2.183063838797e-01 2.655865221810e-01 3.176681122836e-01 3.735020713856e-01 4.316216846634e-01 4.901862765671e-01 5.470723941430e-01 6.000099788329e-01 6.467539822885e-01 6.852749751973e-01 7.139469989398e-01 7.317082905650e-01 7.381715417563e-01 7.336653806932e-01 7.191973689766e-01 6.963398093988e-01 6.670514655186e-01 6.334585695460e-01 5.976255294483e-01 5.613478030245e-01 5.259960095756e-01 4.924318622645e-01 4.610043936493e-01 4.316214943619e-01 4.038795506493e-01 3.772252598319e-01 3.511201324430e-01 3.251801976390e-01 2.992702481154e-01 2.735419068662e-01 2.484155931024e-01 2.245158895665e-01 2.025762709778e-01 1.833317918723e-01 1.674173961495e-01 1.552858221456e-01 1.471539292505e-01 1.429809044692e-01 1.424771279787e-01 1.451390232712e-01 1.503030279912e-01 1.572107785745e-01 1.650774293858e-01 1.731555364856e-01 1.807880537225e-01 1.874456321292e-01 1.927455748084e-01 1.964522721283e-01 1.984614512911e-01 1.987727148888e-01 1.974562276994e-01 1.946197483579e-01 1.903814222525e-01 1.848520354660e-01 1.781281481379e-01 1.702951887055e-01 1.614376820968e-01 1.516526732729e-01 1.410622348827e-01
1.593673784505e-09 2.782924272528e-09 4.850494599843e-09 8.438994601852e-09 1.465662456820e-08 2.541054460113e-08 4.397517160168e-08 7.595730631725e-08 1.309281202274e-07 2.251692538584e-07 3.862680748158e-07 6.607596917391e-07 1.126748198993e-06 1.914592313347e-06 3.240522876030e-06 5.460771764990e-06 9.157845404163e-06 1.527651311722e-05 2.533557806295e-05 4.175333945609e-05 6.834064933361e-05 1.110362630204e-04 1.789849772577e-04 2.860890763825e-04 4.531954764782e-04 7.111098066216e-04 1.104646140842e-03 1.697914748275e-03 2.581002941898e-03 3.878095268835e-03 5.756886804945e-03 8.438849042216e-03 1.220950400940e-02 1.742736161259e-02 2.452962206518e-02 3.403222030994e-02 4.652141900336e-02 6.263409607121e-02 8.302429511185e-02 1.083146567205e-01 1.390331032458e-01 1.755375593761e-01 2.179343421157e-01 2.659987559302e-01 3.191088334034e-01 3.762044329910e-01 4.357834764442e-01 4.959445329445e-01 5.544802021237e-01 6.090191335743e-01 6.572068726964e-01 6.969082222403e-01 7.264078773076e-01 7.445830852356e-01 7.510230119049e-01 7.460747486464e-01 7.308051366218e-01 7.068794979737e-01 6.763711785359e-01 6.415270533841e-01 6.045218845678e-01 5.672366933430e-01 5.310927005845e-01 4.969630697674e-01 4.651715200202e-01 4.355721634654e-01 4.076915677391e-01 3.809046532750e-01 3.546122724858e-01 3.283906907956e-01 3.020908701032e-01 2.758764555824e-01 2.502011730161e-01 2.257365821876e-01 2.032679016438e-01 1.835782272650e-01 1.673401115685e-01 1.550292048102e-01 1.468689501355e-01 1.428094882036e-01 1.425390115953e-01 1.455222652768e-01 1.510587449829e-01 1.583521957217e-01 1.665829170509e-01 1.749749620629e-01 1.828514703299e-01 1.896731046095e-01 1.950568315579e-01 1.987749258494e-01 2.007367844073e-01 2.009584573700e-01 1.995262824721e-01 1.965613528799e-01 1.921906620497e-01 1.865288356160e-01 1.796718466830e-01 1.717015433242e-01 1.626977643074e-01 1.527536425418e-01 1.419895944093e-01
1.257837035498e-09 2.204569796462e-09 3.857555194156e-09 6.739482262208e-09 1.175667039747e-08 2.047771484915e-08 3.561160224373e-08 6.182514068314e-08 1.071347243087e-07 1.852647387806e-07 3.196225228903e-07 5.499574746927e-07 9.434415056805e-07 1.612968174357e-06 2.747123015566e-06 4.658821476437e-06 7.863453235570e-06 1.320306133546e-05 2.204132316670e-05 3.656572521689e-05 6.024924062227e-05 9.854483499985e-05 1.599126687929e-04 2.573114648901e-04 4.103201545304e-04 6.480890491250e-04 1.013343367998e-03 1.567663291915e-03 2.398226324616e-03 3.626097252508e-03 5.415964159984e-03 7.986923796006e-03 1.162350427593e-02 1.668558584353e-02 2.361528277215e-02 3.293826225099e-02 4.525653036847e-02 6.122957941669e-02 8.154115333456e-02 1.068499222517e-01 1.377241541682e-01 1.745630103953e-01 2.175101535907e-01 2.663685387049e-01 3.205279596918e-01 3.789184835746e-01 4.400026138010e-01 5.018164717077e-01 5.620652862643e-01 6.182714358313e-01 6.679650106250e-01 7.088986586538e-01 7.392619298254e-01 7.578668011630e-01 7.642769295610e-01 7.588586603853e-01 7.427417097776e-01 7.176903838404e-01 6.859000531247e-01 6.497459974689e-01 6.115201450476e-01 5.731938583739e-01 5.362409553295e-01 5.015450671699e-01 4.694009909632e-01 4.396036515573e-01 4.116037280065e-01 3.846988239616e-01 3.582251086284e-01 3.317171861440e-01 3.050125499983e-01 2.782891526226e-01 2.520375919890e-01 2.269804397585e-01 2.039584037524e-01 1.838054999031e-01 1.672335800854e-01 1.547416547050e-01 1.465590939624e-01 1.426254970323e-01 1.426048418468e-01 1.459279290174e-01 1.518550701822e-01 1.595501153392e-01 1.681569270414e-01 1.768700295370e-01 1.849923705724e-01 1.919749109367e-01 1.974351603810e-01 2.011545936261e-01 2.030578052964e-01 2.031787700480e-01 2.016211844362e-01 1.985202020289e-01 1.940118574682e-01 1.882143177122e-01 1.812223179152e-01 1.731133195141e-01 1.639617129527e-01 1.538561744866e-01 1.429152308023e-01
9.881357557655e-10 1.738342273990e-09 3.053872520745e-09 5.357972969973e-09 9.388585091853e-09 1.643021751357e-08 2.871442671701e-08 5.010915349308e-08 8.730055017187e-08 1.518098924522e-07 2.634177154223e-07 4.559427832346e-07 7.869309489638e-07 1.353779754710e-06 2.320355021689e-06 3.960531773230e-06 6.728718316114e-06 1.137285190976e-05 1.911330778318e-05 3.192252660041e-05 5.295593299672e-05 8.720585558381e-05 1.424773153778e-04 2.308175878116e-04 3.705687198571e-04 5.892495617070e-04 9.275036123831e-04 1.444358429607e-03 2.224013447892e-03 3.384282164305e-03 5.086634953165e-03 7.547494615395e-03 1.105001150619e-02 1.595499262806e-02 2.270901570005e-02 3.184710734621e-02 4.398683768326e-02 5.981046348066e-02 8.003204552763e-02 1.053474724790e-01 1.363671601757e-01 1.735338590796e-01 2.170312905590e-01 2.666928041675e-01 3.219222926312e-01 3.816414596476e-01 4.442774384958e-01 5.078022219564e-01 5.698301365325e-01 6.277720786809e-01 6.790362922764e-01 7.212565057149e-01 7.525209348834e-01 7.715716999266e-01 7.779448118794e-01 7.720266893270e-01 7.550137579928e-01 7.287756738637e-01 6.956377911436e-01 6.581120826969e-01 6.186149017440e-01 5.792129955757e-01 5.414348263988e-01 5.061733260124e-01 4.736903818877e-01 4.437158431177e-01 4.156179485809e-01 3.886110561764e-01 3.619624127490e-01 3.351630525463e-01 3.080375262075e-01 2.807806771787e-01 2.539238800876e-01 2.282450652627e-01 2.046443984223e-01 1.840098031156e-01 1.670941227616e-01 1.544200891910e-01 1.462222105556e-01 1.424278998482e-01 1.426747496085e-01 1.463572280828e-01 1.526941184395e-01 1.608072957832e-01 1.698025497607e-01 1.788438307299e-01 1.872135310782e-01 1.943532496312e-01 1.998820089985e-01 2.035919157768e-01 2.054244049894e-01 2.054329534218e-01 2.037398676544e-01 2.004951022356e-01 1.958438918754e-01 1.899075787095e-01 1.827789225011e-01 1.745301050586e-01 1.652292476824e-01 1.549599955195e-01 1.438387604919e-01
7.725981290956e-10 1.364305900674e-09 2.406449983929e-09 4.240193384224e-09 7.463676680014e-09 1.312409337000e-08 2.305163674069e-08 4.043823646559e-08 7.083671942650e-08 1.238782221223e-07 2.162092799906e-07 3.764860036512e-07 6.538113298121e-07 1.131886320579e-06 1.952555358419e-06 3.354634590169e-06 5.737321151737e-06 9.762639468373e-06 1.651902602436e-05 2.777921224402e-05 4.640111460332e-05 7.694159692683e-05 1.265806066731e-04 2.064875028665e-04 3.338011470135e-04 5.344368610805e-04 8.469692891632e-04 1.327858052450e-03 2.058264370803e-03 3.152626671966e-03 4.768992242672e-03 7.120810865462e-03 1.048946322381e-02 1.523622019278e-02 2.181164022687e-02 3.075969256266e-02 4.271328005767e-02 5.837752286755e-02 7.849737665119e-02 1.038071273174e-01 1.349611711839e-01 1.724482848069e-01 2.164950956260e-01 2.669682691692e-01 3.232883286706e-01 3.843702193870e-01 4.486058694175e-01 5.139014806092e-01 5.777768349194e-01 6.375258997177e-01 6.904283401002e-01 7.339917742926e-01 7.661964973360e-01 7.857098629751e-01 7.920379264728e-01 7.855880369296e-01 7.676274118613e-01 7.401378531269e-01 7.055832103501e-01 6.666209918202e-01 6.257997095928e-01 5.852868210141e-01 5.466675216805e-01 5.108426664862e-01 4.780368372584e-01 4.479083986791e-01 4.197360766876e-01 3.926446451872e-01 3.658279738633e-01 3.387316141340e-01 3.111678959878e-01 2.833514639103e-01 2.558587416605e-01 2.295276938347e-01 2.053221437683e-01 1.841870131053e-01 1.669178147438e-01 1.540612640073e-01 1.458560701110e-01 1.422156565408e-01 1.427489127112e-01 1.468114622141e-01 1.535781157736e-01 1.621266157903e-01 1.715229918491e-01 1.808995529820e-01 1.895177895200e-01 1.968103354743e-01 2.023987937374e-01 2.060874533149e-01 2.078363627935e-01 2.077201841203e-01 2.058811504364e-01 2.024847697393e-01 1.976855989794e-01 1.916077084093e-01 1.843410487689e-01 1.759515412123e-01 1.665001509385e-01 1.560648897874e-01 1.447598411717e-01
6.011902355214e-10 1.065683207962e-09 1.887396856820e-09 3.340054997279e-09 5.906257227579e-09 1.043585039174e-08 1.842311669699e-08 3.249044838003e-08 5.722928298899e-08 1.006560115104e-07 1.767202985821e-07 3.096025061934e-07 5.410300298352e-07 9.426454522588e-07 1.636750539719e-06 2.830795647909e-06 4.874172729951e-06 8.350750367552e-06 1.422790562425e-05 2.409352054703e-05 4.052767741477e-05 6.767685546158e-05 1.121264155108e-04 1.842025739381e-04 2.998771302389e-04 4.834937616394e-04 7.715768170103e-04 1.218010067002e-03 1.900864937759e-03 2.931089485859e-03 4.463108923025e-03 6.707102394390e-03 9.942282142600e-03 1.452990153068e-02 2.092398486968e-02 2.967698133361e-02 4.143684040142e-02 5.693158820631e-02 7.693760902685e-02 1.022287472765e-01 1.335052408049e-01 1.713044081779e-01 2.158987695180e-01 2.671914129764e-01 3.246222294256e-01 3.871012020376e-01 4.529853500168e-01 5.201134473653e-01 5.859069891068e-01 6.475373180139e-01 7.021484215864e-01 7.471141892218e-01 7.802999753638e-01 8.002931131122e-01 8.065672148163e-01 7.995514503891e-01 7.805881745714e-01 7.517785972037e-01 7.157341463096e-01 6.752673183751e-01 6.330670055153e-01 5.914069984658e-01 5.519313462233e-01 5.155472205320e-01 4.824370508247e-01 4.521807428288e-01 4.239598829735e-01 3.968028933299e-01 3.698255841209e-01 3.424261288298e-01 3.144055847307e-01 2.860016642979e-01 2.578405143705e-01 2.308251576936e-01 2.059875070393e-01 1.843326701245e-01 1.667004776307e-01 1.536617718070e-01 1.454583647370e-01 1.419877193843e-01 1.428275559332e-01 1.472920159936e-01 1.545093948367e-01 1.635110690622e-01 1.733215675261e-01 1.830404686640e-01 1.919080301648e-01 1.993483814638e-01 2.049868743330e-01 2.086416658440e-01 2.102933230372e-01 2.100394911592e-01 2.080437136290e-01 2.044878154383e-01 1.995357484303e-01 1.933137794474e-01 1.859081088080e-01 1.773773179937e-01 1.677742611425e-01 1.571706910021e-01 1.456781648740e-01
4.655504800425e-10 8.284343552581e-10 1.473269142787e-09 2.618633318784e-09 4.652081870737e-09 8.260109119160e-09 1.465714401926e-08 2.598789701910e-08 4.603187040548e-08 8.143197379605e-08 1.438270738049e-07 2.535335703217e-07 4.458622536477e-07 7.818820918207e-07 1.366620336382e-06 2.379573434416e-06 4.125373083458e-06 7.117047687831e-06 1.221128992476e-05 2.082547362319e-05 3.528108086874e-05 5.933908468743e-05 9.902101642434e-05 1.638457842028e-04 2.686564811413e-04 4.362608080020e-04 7.011570196591e-04 1.114652632420e-03 1.751686648369e-03 2.719610704031e-03 4.169036412556e-03 6.306577469056e-03 9.408873302904e-03 1.383666090988e-02 2.004688334771e-02 2.859996031186e-02 4.015854287026e-02 5.547354485553e-02 7.535326179965e-02 1.006122348613e-01 1.319984242857e-01 1.701002874715e-01 2.152393628536e-01 2.673584610132e-01 3.259197962270e-01 3.898303923623e-01 4.574127997401e-01 5.264367701820e-01 5.942216627950e-01 6.578102546896e-01 7.142033761379e-01 7.606331121742e-01 7.948424028285e-01 8.153329423221e-01 8.215432138221e-01 8.139251431847e-01 7.939008408909e-01 7.636986794395e-01 7.260873748383e-01 6.840444854117e-01 6.404080350501e-01 5.975640772399e-01 5.572176621042e-01 5.202804052011e-01 4.868872527126e-01 4.565320662123e-01 4.282910688097e-01 4.010891069500e-01 3.739590299225e-01 3.462497691676e-01 3.177523134038e-01 2.887311092874e-01 2.598671310226e-01 2.321338506138e-01 2.066359388248e-01 1.844419631218e-01 1.664376724653e-01 1.532180424239e-01 1.450267122920e-01 1.417430389054e-01 1.429109536570e-01 1.478003581506e-01 1.554903927399e-01 1.649637586723e-01 1.752016910047e-01 1.852699237232e-01 1.943871703301e-01 2.019695799045e-01 2.076475350615e-01 2.112548848350e-01 2.127947679936e-01 2.123897300454e-01 2.102260782840e-01 2.065027243845e-01 2.013930348101e-01 1.950248383093e-01 1.874795299314e-01 1.788071673766e-01 1.690514692537e-01 1.582772776440e-01 1.465934481961e-01
3.587505362615e-10 6.408763923124e-10 1.144469543749e-09 2.043232949109e-09 3.646909618664e-09 6.507415814646e-09 1.160711303317e-08 2.069190762844e-08 3.685868635802e-08 6.558729448779e-08 1.165452786783e-07 2.067275984647e-07 3.658862833790e-07 6.458570937226e-07 1.136459475491e-06 1.992375280318e-06 3.478164995227e-06 6.042888676948e-06 1.044240939079e-05 1.793737699712e-05 3.060939944418e-05 5.185851195680e-05 8.717329248234e-05 1.453020458510e-04 2.399995313021e-04 3.925767441724e-04 6.355355762506e-04 1.017614482885e-03 1.610586700061e-03 2.518111339698e-03 3.886803509623e-03 5.919420809722e-03 8.889621430676e-03 1.315711075576e-02 1.918117165410e-02 2.752963635938e-02 3.887945117845e-02 5.400433266216e-02 7.374491249030e-02 9.895753643563e-02 1.304397824721e-01 1.688339186175e-01 2.145137717184e-01 2.674653729234e-01 3.271764488445e-01 3.925532888322e-01 4.618845749111e-01 5.328694929572e-01 6.027213242590e-01 6.683480794000e-01 7.265995553951e-01 7.745574828295e-01 8.098344287093e-01 8.308404402478e-01 8.369759901888e-01 8.287167181727e-01 8.075694202296e-01 7.758979016276e-01 7.366385266863e-01 6.929446713057e-01 6.478127893633e-01 6.037474456498e-01 5.625168532996e-01 5.250349129164e-01 4.913832140311e-01 4.609613359635e-01 4.327312761403e-01 4.055066082755e-01 3.782320894388e-01 3.502056034308e-01 3.212095693251e-01 2.915392718584e-01 2.619360819454e-01 2.334496960246e-01 2.072624514058e-01 1.845097195303e-01 1.661246992114e-01 1.527263477898e-01 1.445586645609e-01 1.414805699896e-01 1.429994357840e-01 1.483380448255e-01 1.565236499393e-01 1.664878932399e-01 1.771668688119e-01 1.875913287552e-01 1.969581463663e-01 2.046760863937e-01 2.103819615259e-01 2.139272902549e-01 2.153399912895e-01 2.147695565474e-01 2.124265832769e-01 2.085278403056e-01 2.032560628435e-01 1.967398976304e-01 1.890547514345e-01 1.802408604793e-01 1.703317114905e-01 1.593845634067e-01 1.475054230389e-01
2.750822533059e-10 4.933420368163e-10 8.847066296226e-10 1.586539659417e-09 2.845189320349e-09 5.102231755819e-09 9.148500270741e-09 1.639851063346e-08 2.937791154656e-08 5.258615764683e-08 9.401663601124e-08 1.678218305237e-07 2.989590692162e-07 5.312357005417e-07 9.411386067468e-07 1.661411484310e-06 2.920883891843e-06 5.111076043696e-06 8.896343708518e-06 1.539380720122e-05 2.646335496241e-05 4.516823856146e-05 7.649492756098e-05 1.284585004537e-04 2.137675501896e-04 3.522790137508e-04 5.745335456028e-04 9.267153411393e-04 1.477408142709e-03 2.326493058254e-03 3.616415458462e-03 5.545791873502e-03 8.384888408981e-03 1.249184857232e-02 1.832768454449e-02 2.646703396426e-02 3.760066734493e-02 5.252494674056e-02 7.211320040904e-02 9.726464647258e-02 1.288283855073e-01 1.675032398594e-01 2.137187374333e-01 2.675078373063e-01 3.283872113100e-01 3.952648769625e-01 4.663964317066e-01 5.394090130092e-01 6.114057916754e-01 6.791535486169e-01 7.393427651155e-01 7.888957567294e-01 8.252862553741e-01 8.468262451985e-01 8.528750795446e-01 8.439331179842e-01 8.215970776263e-01 7.883750220292e-01 7.473820296452e-01 7.019587520100e-01 6.552699557007e-01 6.099452967768e-01 5.678183139696e-01 5.298027078410e-01 4.959202617550e-01 4.654673184094e-01 4.372821137544e-01 4.100587480841e-01 3.826485342775e-01 3.542965838359e-01 3.247785801440e-01 2.944252332424e-01 2.640443783952e-01 2.347681173537e-01 2.078615985850e-01 1.845303967022e-01 1.657565998948e-01 1.521828132162e-01 1.440517202112e-01 1.411992845741e-01 1.430933949639e-01 1.489067220903e-01 1.576118096260e-01 1.680867846941e-01 1.792206962835e-01 1.900081497434e-01 1.996239022288e-01 2.074700010868e-01 2.131912184226e-01 2.166588835518e-01 2.179280719561e-01 2.171774028582e-01 2.146433640459e-01 2.105613475100e-01 2.051233368440e-01 1.984579287925e-01 1.906332177023e-01 1.816782023376e-01 1.716149644609e-01 1.604924905168e-01 1.484138270763e-01
2.098694179360e-10 3.778766534951e-10 6.805118313977e-10 1.225858496830e-09 2.208871301268e-09 3.981101957571e-09 7.176079352390e-09 1.293426670552e-08 2.330554350027e-08 4.196681942368e-08 7.549623923530e-08 1.356247415813e-07 2.431924299221e-07 4.350563766268e-07 7.760649979145e-07 1.379648126370e-06 2.442904828353e-06 4.305804029529e-06 7.549975967818e-06 1.316158832128e-05 2.279633506290e-05 3.920432548399e-05 6.690058437364e-05 1.132048137743e-04 1.898231592133e-04 3.152042870531e-04 5.179679408104e-04 8.417664445335e-04 1.351980171261e-03 2.144638013929e-03 3.357853178000e-03 5.185823372110e-03 7.895011070893e-03 1.184145409998e-02 1.748725295414e-02 2.541319321461e-02 3.632333085756e-02 5.103643919068e-02 7.045883016351e-02 9.553361550170e-02 1.271633222279e-01 1.661061387948e-01 2.128508516710e-01 2.674812689904e-01 3.295467003800e-01 3.979596127175e-01 4.709434977906e-01 5.460520428239e-01 6.202741893147e-01 6.902287617462e-01 7.524382128642e-01 8.036558603790e-01 8.412075990895e-01 8.633004946554e-01 8.692494425144e-01 8.595805683321e-01 8.359860786730e-01 8.011277104567e-01 7.583110549910e-01 7.110762547699e-01 6.627668839958e-01 6.161446040439e-01 5.731104386173e-01 5.345750420395e-01 5.004933043339e-01 4.700486169289e-01 4.419451899431e-01 4.147489297391e-01 3.872121358197e-01 3.585255335975e-01 3.284602863474e-01 2.973876455804e-01 2.661885179584e-01 2.360840107378e-01 2.084274605575e-01 1.844980811806e-01 1.653281679804e-01 1.515834326203e-01 1.435033417800e-01 1.408981860242e-01 1.431932977153e-01 1.495081336702e-01 1.587576219525e-01 1.697638470381e-01 1.813668531270e-01 1.925239024633e-01 2.023873764471e-01 2.103533526971e-01 2.160762287254e-01 2.194494626949e-01 2.205578457540e-01 2.196114505561e-01 2.168743285103e-01 2.126012544938e-01 2.069932499561e-01 2.001778553120e-01 1.922143757253e-01 1.831190279940e-01 1.729012391625e-01 1.616010207426e-01 1.493183917125e-01
1.593029112208e-10 2.879714759006e-10 5.208117651138e-10 9.424350289058e-10 1.706341776446e-09 3.091001659922e-09 5.601387537885e-09 1.015243873411e-08 1.839970084921e-08 3.333327669546e-08 6.034059827029e-08 1.090992616897e-07 1.969300920647e-07 3.547002989883e-07 6.371434616914e-07 1.140759239692e-06 2.034587388561e-06 3.612600251913e-06 6.381939640133e-06 1.120975751664e-05 1.956439721477e-05 3.390586126442e-05 5.830806690862e-05 9.943345838955e-05 1.680307564428e-04 2.811890077308e-04 4.656523583122e-04 7.625711568264e-04 1.234118567294e-03 1.972408927719e-03 3.111072754321e-03 4.839619938488e-03 7.420299023845e-03 1.120648674293e-02 1.666070110217e-02 2.436916767521e-02 3.504861866144e-02 4.953992106750e-02 6.878257791723e-02 9.376455819273e-02 1.254437112703e-01 1.646404649774e-01 2.119065661193e-01 2.673808158150e-01 3.306491264444e-01 4.006314115780e-01 4.755202538008e-01 5.527945833367e-01 6.293249178488e-01 7.015751272608e-01 7.658904797628e-01 8.188451578038e-01 8.576076511140e-01 8.802727946840e-01 8.861074336026e-01 8.756645449057e-01 8.507377547888e-01 8.141525011921e-01 7.694174768465e-01 7.202853243527e-01 6.702895617967e-01 6.223311202335e-01 5.783806416778e-01 5.393424849141e-01 5.050968766452e-01 4.747037152790e-01 4.467221552296e-01 4.195806404648e-01 3.919266783746e-01 3.628951396277e-01 3.322553160258e-01 3.004246996059e-01 2.683644504369e-01 2.373917186751e-01 2.089536323195e-01 1.844064900351e-01 1.648339608707e-01 1.509240873498e-01 1.429109762418e-01 1.405763274020e-01 1.432996984266e-01 1.501441288415e-01 1.599639476145e-01 1.715225996449e-01 1.836091021293e-01 1.951421464097e-01 2.052514941402e-01 2.133280836317e-01 2.190377519503e-01 2.222985974428e-01 2.232278798127e-01 2.220696049113e-01 2.191171388614e-01 2.146453787920e-01 2.088640749239e-01 2.018985474745e-01 1.937976718115e-01 1.845631993183e-01 1.741905761726e-01 1.627101272361e-01 1.502188309021e-01
1.202975364880e-10 2.183306761989e-10 3.965526739717e-10 7.208556976073e-10 1.311475201342e-09 2.387855484871e-09 4.350439775574e-09 7.929509967830e-09 1.445539737589e-08 2.634755258987e-08 4.799645970056e-08 8.734691268286e-08 1.587257183138e-07 2.878617926518e-07 5.207379045944e-07 9.390789027863e-07 1.687219206543e-06 3.018264133229e-06 5.372559477023e-06 9.509521364950e-06 1.672626024815e-05 2.921501496397e-05 5.063846591562e-05 8.703998516761e-05 1.482569313814e-04 2.500699613314e-04 4.173976569205e-04 6.889256568118e-04 1.123626252161e-03 1.809649295595e-03 2.876005048915e-03 4.507257057439e-03 6.961032867815e-03 1.058748300401e-02 1.584884401516e-02 2.333602260672e-02 3.377774486358e-02 4.803656597261e-02 6.708529775269e-02 9.195766399596e-02 1.236687140050e-01 1.631040438416e-01 2.108822062161e-01 2.672013676610e-01 3.316882959025e-01 4.032736437706e-01 4.801205208655e-01 5.596319064947e-01 6.385556292089e-01 7.131933337106e-01 7.797034907821e-01 8.344704246857e-01 8.744950624100e-01 8.977521987272e-01 9.034567786295e-01 8.921897573241e-01 8.658524774611e-01 8.274447746474e-01 7.806918550866e-01 7.295727092792e-01 6.778226095207e-01 6.284893835183e-01 5.836153787892e-01 5.440949698426e-01 5.097251962925e-01 4.794310426802e-01 4.516147584409e-01 4.245574892655e-01 3.967959736280e-01 3.674079450464e-01 3.361639604566e-01 3.035340898067e-01 2.705675449036e-01 2.386850083187e-01 2.094332162105e-01 1.842489803340e-01 1.642683216391e-01 1.502005743811e-01 1.422720829888e-01 1.402328350059e-01 1.434132561000e-01 1.508166749832e-01 1.612337664636e-01 1.733666700263e-01 1.859512908951e-01 1.978664822645e-01 2.082191576385e-01 2.163960334744e-01 2.220763630342e-01 2.252056023316e-01 2.259364439375e-01 2.245494702300e-01 2.213691882296e-01 2.166913322713e-01 2.107339543889e-01 2.036188198133e-01 1.953825492882e-01 1.860106019261e-01 1.754830375871e-01 1.638197826946e-01 1.511148270382e-01
9.036866588409e-11 1.646695838033e-10 3.003732371926e-10 5.485221382443e-10 1.002798097449e-09 1.835221629456e-09 3.361682233779e-09 6.162041776817e-09 1.129978587839e-08 2.072260959736e-08 3.799043448631e-08 6.959293065471e-08 1.273220641410e-07 2.325199076858e-07 4.236338099215e-07 7.695536591008e-07 1.392958684424e-06 2.510802625973e-06 4.503786811765e-06 8.034202913592e-06 1.424328209113e-05 2.507707192646e-05 4.381628583068e-05 7.592327590331e-05 1.303708775091e-04 2.216848521113e-04 3.730126708169e-04 6.206197133765e-04 1.020293969792e-03 1.656183760455e-03 2.652555560314e-03 4.188780107698e-03 6.517462337519e-03 9.984954124199e-03 1.505248497055e-02 2.231483324500e-02 3.251196131250e-02 4.652761294098e-02 6.536792973506e-02 9.011321025288e-02 1.218375525706e-01 1.614946979688e-01 2.097739922664e-01 2.669375753478e-01 3.326576236281e-01 4.058791405735e-01 4.847374582554e-01 5.665585448521e-01 6.479632146500e-01 7.250833403790e-01 7.938805025266e-01 8.505378440299e-01 8.918779341716e-01 9.157472083225e-01 9.213045731995e-01 9.091601362648e-01 8.813296511275e-01 8.409987401722e-01 7.921234177197e-01 7.389237549100e-01 6.853492930790e-01 6.346027480197e-01 5.888001971496e-01 5.488218547467e-01 5.143722400007e-01 4.842290488419e-01 4.566249102779e-01 4.296832531663e-01 4.018238823417e-01 3.720663450789e-01 3.401861489016e-01 3.067129797034e-01 2.727925570899e-01 2.399570494850e-01 2.098588177838e-01 1.840185601703e-01 1.636254034037e-01 1.494086364626e-01 1.415841638410e-01 1.398669342657e-01 1.435347555288e-01 1.515278721221e-01 1.625701875399e-01 1.752998019956e-01 1.883973560792e-01 2.007005524583e-01 2.112932406532e-01 2.195589269941e-01 2.251924314717e-01 2.281695116118e-01 2.286814835259e-01 2.270483224111e-01 2.236275811375e-01 2.187365082145e-01 2.126008960449e-01 2.053374275977e-01 1.969684474603e-01 1.874611417904e-01 1.767787019005e-01 1.649299498572e-01 1.520060166708e-01
6.752676895678e-11 1.235412343671e-10 2.263216706101e-10 4.151938624370e-10 7.627567848628e-10 1.403131300941e-09 2.584173578669e-09 4.763858643215e-09 8.787859777185e-09 1.621588628741e-08 2.991944436279e-08 5.517241683629e-08 1.016313410738e-07 1.869112987990e-07 3.430019258561e-07 6.276957100431e-07 1.144777462565e-06 2.079364030229e-06 3.759130359851e-06 6.759180564477e-06 1.207942535292e-05 2.144045262650e-05 3.776955219282e-05 6.598577913298e-05 1.142447891869e-04 1.958728804948e-04 3.323049570467e-04 5.574375254836e-04 9.239010683352e-04 1.511818631762e-03 2.440604393261e-03 3.884203639262e-03 6.089804770428e-03 9.399383753930e-03 1.427241295006e-02 2.130668291763e-02 3.125255755044e-02 4.501437061939e-02 6.363150840270e-02 8.823157547367e-02 1.199495278751e-01 1.598102678424e-01 2.085780620906e-01 2.665838704596e-01 3.335501510712e-01 4.084402050492e-01 4.893635707122e-01 5.735682934834e-01 6.575438040965e-01 7.372443733710e-01 8.084241081911e-01 8.670530071346e-01 9.097638284455e-01 9.342657773779e-01 9.396572910723e-01 9.265788450235e-01 8.971677178638e-01 8.548074479915e-01 8.037000745254e-01 7.483224204437e-01 6.928515456348e-01 6.406534231480e-01 5.939197973921e-01 5.535120032361e-01 5.190318269861e-01 4.890962893279e-01 4.617547615225e-01 4.349619302568e-01 4.070143382586e-01 3.768725802100e-01 3.443214212261e-01 3.099579666165e-01 2.750335967401e-01 2.412003963184e-01 2.102225449204e-01 1.837079087308e-01 1.628992006747e-01 1.485439997435e-01 1.408448002998e-01 1.394779818878e-01 1.436651316642e-01 1.522799721680e-01 1.639764637327e-01 1.773258676636e-01 1.909513308552e-01 2.036480431105e-01 2.144765836766e-01 2.228183611376e-01 2.283861008616e-01 2.311890522027e-01 2.314605910646e-01 2.295630864813e-01 2.258891148576e-01 2.207780693185e-01 2.144627665817e-01 2.070530662669e-01 1.985548017505e-01 1.889147435871e-01 1.780776556568e-01 1.660405676868e-01 1.528919728786e-01
5.018791248127e-11 9.218837373121e-11 1.696129423240e-10 3.125933045781e-10 5.770807096966e-10 1.067072504727e-09 1.975980287157e-09 3.663543950813e-09 6.798596541530e-09 1.262344384162e-08 2.344198246696e-08 4.351753230235e-08 8.071685456864e-08 1.495045374872e-07 2.763633808333e-07 5.095371998816e-07 9.364031776931e-07 1.714170404032e-06 3.123583032171e-06 5.661819403047e-06 1.020121059456e-05 1.825671460824e-05 3.242989775122e-05 5.713372263481e-05 9.975424234400e-05 1.724753214187e-04 2.950815563670e-04 4.991586064634e-04 8.342163867018e-04 1.376342555222e-03 2.240006460952e-03 3.593510770040e-03 5.678243588139e-03 8.831225660911e-03 1.350940009184e-02 2.031266133254e-02 3.000086114043e-02 4.349822087707e-02 6.187717158618e-02 8.631325482043e-02 1.180040413945e-01 1.580486397105e-01 2.072904993060e-01 2.661344966567e-01 3.343585720191e-01 4.109486353223e-01 4.939907237175e-01 5.806542235984e-01 6.672927755501e-01 7.496749397467e-01 8.233362517636e-01 8.840209364025e-01 9.281597931163e-01 9.533153447285e-01 9.585208101387e-01 9.444483020259e-01 9.133641778401e-01 8.688627995605e-01 8.154084363451e-01 7.577513061283e-01 7.003100161635e-01 6.466225369856e-01 5.989581109038e-01 5.581538779409e-01 5.236977298202e-01 4.940315299786e-01 4.670067877732e-01 4.403977969796e-01 4.123713728157e-01 3.818287313115e-01 3.485689008770e-01 3.132650405979e-01 2.772840928229e-01 2.424069686388e-01 2.105160121012e-01 1.833093981681e-01 1.620835876908e-01 1.476024172809e-01 1.400516948453e-01 1.390655010296e-01 1.438054978569e-01 1.530754004307e-01 1.654560099582e-01 1.794488814512e-01 1.936173575851e-01 2.067126903139e-01 2.177719918566e-01 2.261757918038e-01 2.316572676994e-01 2.342626165060e-01 2.342709777947e-01 2.320903072757e-01 2.281502594262e-01 2.228129372553e-01 2.163172884644e-01 2.087643725947e-01 2.001410446188e-01 1.903713469202e-01 1.793799850056e-01 1.671515373668e-01 1.537721869374e-01
3.709836513857e-11 6.841810187066e-11 1.264219004144e-10 2.340671740326e-10 4.342328447033e-10 8.071064268955e-10 1.502770547387e-09 2.802227748712e-09 5.231520393323e-09 9.774700262265e-09 1.827017323073e-08 3.414573746802e-08 6.377594041832e-08 1.189759441151e-07 2.215563948868e-07 4.115859143612e-07 7.622629215759e-07 1.406449285607e-06 2.583545573064e-06 4.721395658339e-06 8.577657944962e-06 1.548053713746e-05 2.773262661235e-05 4.927730104354e-05 8.677855363144e-05 1.513360875482e-04 2.611497735840e-04 4.455587317495e-04 7.509992304821e-04 1.249527303250e-03 2.050591789942e-03 3.316652758407e-03 5.282926914390e-03 8.280901476720e-03 1.276419899697e-02 1.933386214808e-02 2.875823749419e-02 4.198062264171e-02 6.010616978590e-02 8.435887613374e-02 1.160006178575e-01 1.562077724991e-01 2.059073674507e-01 2.655835401868e-01 3.350752632724e-01 4.133957496357e-01 4.986101672618e-01 5.878087044269e-01 6.772047800864e-01 7.623728512790e-01 8.386182556256e-01 9.014461213375e-01 9.470723985081e-01 9.729028719376e-01 9.779004590424e-01 9.627702212983e-01 9.299156231234e-01 8.831555889570e-01 8.272338486344e-01 7.671916985570e-01 7.077041193441e-01 6.524902121171e-01 6.038983978943e-01 5.627356560455e-01 5.283637904216e-01 4.990338604908e-01 4.723838835307e-01 4.459954745347e-01 4.178991416965e-01 3.869367109593e-01 3.529272578622e-01 3.166295431569e-01 2.795367577475e-01 2.435680345680e-01 2.107303464888e-01 1.828151228421e-01 1.611723604360e-01 1.465797172155e-01 1.392027177456e-01 1.386292212805e-01 1.439571788048e-01 1.539167836625e-01 1.670124268983e-01 1.816730212106e-01 1.963997026426e-01 2.098982900519e-01 2.211822353987e-01 2.296325253921e-01 2.350055599300e-01 2.373882349209e-01 2.371094423472e-01 2.346261258982e-01 2.304071396705e-01 2.248377819766e-01 2.181620380645e-01 2.104699266871e-01 2.017266059998e-01 1.918309035048e-01 1.806857662419e-01 1.682627039482e-01 1.546460451541e-01
2.727154092189e-11 5.049644579845e-11 9.370825896463e-11 1.742981157059e-10 3.249385296915e-10 6.071043695332e-10 1.136590538898e-09 2.131645361924e-09 4.003659329883e-09 7.527724359189e-09 1.416260427208e-08 2.664906116604e-08 5.012421329354e-08 9.418698881736e-08 1.767047287130e-07 3.307826094169e-07 6.174278101221e-07 1.148365268218e-06 2.126747836673e-06 3.919015180269e-06 7.180217903963e-06 1.306968906741e-05 2.361675516724e-05 4.233083741624e-05 7.520111211162e-05 1.323022765452e-04 2.303179518847e-04 3.964109037597e-04 6.740004178005e-04 1.131128685574e-03 1.872166006227e-03 3.053548717180e-03 4.903966255258e-03 7.748798319348e-03 1.203753973864e-02 1.837138064425e-02 2.752608917763e-02 4.046311497386e-02 5.831987510723e-02 8.236921599899e-02 1.139389288792e-01 1.542857304439e-01 2.044247445700e-01 2.649249706222e-01 3.356923246904e-01 4.157724257588e-01 5.032125707061e-01 5.950234339809e-01 6.872737731093e-01 7.753352630507e-01 8.542708699421e-01 9.193325669144e-01 9.665077989838e-01 9.930349061997e-01 9.978010653427e-01 9.815456631386e-01 9.468177899035e-01 8.976755423340e-01 8.391604400842e-01 7.766236259196e-01 7.150121179323e-01 6.582356593704e-01 6.087233633669e-01 5.672453597203e-01 5.330240601126e-01 5.041028245290e-01 4.778894704385e-01 4.517599952432e-01 4.236019520988e-01 3.921982500653e-01 3.573946721719e-01 3.200461178933e-01 2.817835466150e-01 2.446741917574e-01 2.108561960092e-01 1.822169318122e-01 1.601592857083e-01 1.454718577996e-01 1.382959585416e-01 1.381691240151e-01 1.441217484857e-01 1.548069808896e-01 1.686495291577e-01 1.840026542330e-01 1.993027789704e-01 2.132087117689e-01 2.247100527148e-01 2.331897060958e-01 2.384303150095e-01 2.405635450154e-01 2.399723408312e-01 2.371662509854e-01 2.326555160218e-01 2.268490150945e-01 2.199944455191e-01 2.121682542535e-01 2.033109162800e-01 1.932933720015e-01 1.819950520701e-01 1.693738386664e-01 1.555128050946e-01
1.993563540633e-11 3.706031939708e-11 6.906955837646e-11 1.290608901800e-10 2.417842967853e-10 4.540932528175e-10 8.548064824432e-10 1.612444900187e-09 3.046868416137e-09 5.765056919039e-09 1.091789660247e-08 2.068436972420e-08 3.918111778836e-08 7.416330225727e-08 1.401879605311e-07 2.644602135240e-07 4.975590197923e-07 9.329519672651e-07 1.742168282138e-06 3.237526817247e-06 5.982691935644e-06 1.098498022878e-05 2.002503013502e-05 3.621291474902e-05 6.490968044283e-05 1.152246930297e-04 2.023962477846e-04 3.514863517440e-04 6.029633955933e-04 1.020887581302e-03 1.704510966271e-03 2.804085485123e-03 4.541435341212e-03 7.235266510923e-03 1.133012680656e-02 1.742631067000e-02 2.630585483549e-02 3.894731985725e-02 5.651979038100e-02 8.034521647120e-02 1.118188190837e-01 1.522807157676e-01 2.028387632730e-01 2.641526820036e-01 3.362016204355e-01 4.180691413851e-01 5.077880647071e-01 6.022894823129e-01 6.974930615680e-01 7.885587257701e-01 8.702943252032e-01 9.376838591335e-01 9.864717967790e-01 1.013717647042e+00 1.018227034847e+00 1.000775101260e+00 9.640656152394e-01 9.124113785969e-01 8.511711865968e-01 7.860259294399e-01 7.222112009707e-01 6.638372881906e-01 6.134152877148e-01 5.716710039565e-01 5.376729501708e-01 5.092385622622e-01 4.835276080063e-01 4.576968756760e-01 4.294842846098e-01 3.976148786321e-01 3.619687845535e-01 3.235086547877e-01 2.840156135651e-01 2.457153498287e-01 2.108837415039e-01 1.815064672468e-01 1.590381561610e-01 1.442749872155e-01 1.373297840177e-01 1.376854917537e-01 1.443010720775e-01 1.557491223235e-01 1.703713799502e-01 1.864423688536e-01 2.023311727902e-01 2.166479165483e-01 2.283581531210e-01 2.368483056595e-01 2.419305549724e-01 2.437857584843e-01 2.428555512805e-01 2.397059307195e-01 2.348907683589e-01 2.288427827945e-01 2.218117964437e-01 2.138578327269e-01 2.048934077163e-01 1.947587151795e-01 1.833078584768e-01 1.704846133789e-01 1.563715660037e-01
1.449044530999e-11 2.704451040621e-11 5.061848215135e-11 9.501761149928e-11 1.788786056566e-10 3.376979577514e-10 6.391961055684e-10 1.212721456426e-09 2.305490710360e-09 4.390023651174e-09 8.368973547446e-09 1.596459880280e-08 3.045675495836e-08 5.807529726978e-08 1.106136767601e-07 2.103050530843e-07 3.988556356557e-07 7.540449070652e-07 1.419952554434e-06 2.661431450429e-06 4.961143822679e-06 9.190197137411e-06 1.690392295655e-05 3.084647796294e-05 5.579666276832e-05 9.995834183231e-05 1.771973835557e-04 3.105555432097e-04 5.376254146513e-04 9.185310597010e-04 1.547385508681e-03 2.568117620008e-03 4.195368964614e-03 6.740617125355e-03 1.064263559656e-02 1.649974110709e-02 2.509900708318e-02 3.743494388853e-02 5.470755641849e-02 7.828800124007e-02 1.096403309940e-01 1.501911024678e-01 2.011456520334e-01 2.632605402705e-01 3.365948291389e-01 4.202760237088e-01 5.123262896295e-01 6.095973457883e-01 7.078553596534e-01 8.020392454942e-01 8.866884087469e-01 9.565032501741e-01 1.006969935159e+00 1.034957039061e+00 1.039182431923e+00 1.020458503022e+00 9.816533096110e-01 9.273508792061e-01 8.632479762341e-01 7.953763469891e-01 7.292775936173e-01 6.692728283840e-01 6.179561742577e-01 5.760007622084e-01 5.423054032014e-01 5.144419615038e-01 4.893031158864e-01 4.638121876072e-01 4.355508147130e-01 4.031878991390e-01 3.666466392856e-01 3.270102246090e-01 2.862232608793e-01 2.466807074989e-01 2.108027095010e-01 1.806752049679e-01 1.578028487547e-01 1.429855082912e-01 1.363028988109e-01 1.371789636077e-01 1.444973538393e-01 1.567466519840e-01 1.721823329388e-01 1.889970135854e-01 2.054896770213e-01 2.202199773807e-01 2.321292239146e-01 2.406091125549e-01 2.455049606026e-01 2.470516265568e-01 2.457544374258e-01 2.422399240000e-01 2.371078760959e-01 2.308149600336e-01 2.236112354339e-01 2.155370983988e-01 2.064735174124e-01 1.962268912823e-01 1.846241474294e-01 1.715945761482e-01 1.572212368313e-01
1.047200795471e-11 1.962154861813e-11 3.688119476449e-11 6.954695093651e-11 1.315668519383e-10 2.496693531716e-10 4.751734711312e-10 9.067557421560e-10 1.734326042867e-09 3.323502648861e-09 6.377984133636e-09 1.225090141019e-08 2.353994786824e-08 4.522038945216e-08 8.679160002457e-08 1.663202506649e-07 3.180045631032e-07 6.062157911298e-07 1.151331765789e-06 2.176787806425e-06 4.093803026970e-06 7.652023625109e-06 1.420360148369e-05 2.615890466172e-05 4.775933615901e-05 8.636288394414e-05 1.545373834658e-04 2.733891947737e-04 4.777187470835e-04 8.237736161613e-04 1.400526379466e-03 2.345467553988e-03 3.865761973354e-03 6.265119575039e-03 9.975708847549e-03 1.559275177199e-02 2.390704963531e-02 3.592777885779e-02 5.288495947189e-02 7.619889097296e-02 1.074037304473e-01 1.480154730585e-01 1.993417797575e-01 2.622424323841e-01 3.368634954628e-01 4.223829038459e-01 5.168164523703e-01 6.169370024121e-01 7.183528530114e-01 8.157723650242e-01 9.034525488387e-01 9.757937487740e-01 1.028007597549e+00 1.056758873960e+00 1.060671077219e+00 1.040595415124e+00 9.995744384023e-01 9.424809597919e-01 8.753716944402e-01 8.046516017594e-01 7.361866629352e-01 6.745194747015e-01 6.223279160521e-01 5.802231483562e-01 5.469170767744e-01 5.197148284487e-01 4.952217006596e-01 4.701126338036e-01 4.418064243211e-01 4.089183461555e-01 3.714246129374e-01 3.305430023334e-01 2.883958806312e-01 2.475587300649e-01 2.106023865971e-01 1.797145017351e-01 1.564473906591e-01 1.416001498796e-01 1.352144133823e-01 1.366505935549e-01 1.447131907577e-01 1.578033780899e-01 1.740870813987e-01 1.916717438388e-01 2.087833297693e-01 2.239291077398e-01 2.360259381997e-01 2.444727173555e-01 2.491518388904e-01 2.503573977420e-01 2.486638092716e-01 2.447624677875e-01 2.393014026302e-01 2.327611478660e-01 2.253897734987e-01 2.172044531420e-01 2.080506910460e-01 1.976978492837e-01 1.859438070137e-01 1.727031191409e-01 1.580604998757e-01
7.523843928794e-12 1.415252013146e-11 2.671367035581e-11 5.060262691053e-11 9.619355977840e-11 1.834874651849e-10 3.511319451068e-10 6.739357626675e-10 1.296878641925e-09 2.501108161518e-09 4.831834842976e-09 9.345660347535e-09 1.808749513137e-08 3.500678698967e-08 6.770968279408e-08 1.307913842164e-07 2.521327597472e-07 4.847086116670e-07 9.285412320895e-07 1.771115828221e-06 3.360960885641e-06 6.339947945566e-06 1.187787907627e-05 2.208204405428e-05 4.070004227954e-05 7.430305325983e-05 1.342362728825e-04 2.397592844816e-04 4.229719392374e-04 7.363184823777e-04 1.263649259868e-03 2.135925912888e-03 3.552568342770e-03 5.808999092904e-03 9.329952540534e-03 1.470640877029e-02 2.273151353770e-02 3.442770144036e-02 5.105393650507e-02 7.407941787333e-02 1.051095315142e-01 1.457526527832e-01 1.974236993918e-01 2.610923176473e-01 3.369990871212e-01 4.243793755514e-01 5.212473865806e-01 6.242979814788e-01 7.289772783997e-01 8.297532449825e-01 9.205859143988e-01 9.955582294038e-01 1.049590115710e+00 1.079128899632e+00 1.082696656887e+00 1.061185061891e+00 1.017822010067e+00 9.577877556892e-01 8.875223059266e-01 8.138275039857e-01 7.429130467016e-01 6.795540334537e-01 6.265124744907e-01 5.843272155274e-01 5.515045421196e-01 5.250600610359e-01 5.012900896032e-01 4.766056144810e-01 4.482562065604e-01 4.148069360016e-01 3.762983297782e-01 3.340981801183e-01 2.905218902115e-01 2.483371227744e-01 2.102716359077e-01 1.786156453965e-01 1.549660284098e-01 1.401160413986e-01 1.340639143620e-01 1.361019154751e-01 1.449516309365e-01 1.589235304040e-01 1.760907140129e-01 1.944720759327e-01 2.122174607410e-01 2.277796883632e-01 2.400509607104e-01 2.484394982854e-01 2.528690893687e-01 2.536987735881e-01 2.515778777731e-01 2.472672454382e-01 2.414654783335e-01 2.346766729326e-01 2.271442964628e-01 2.188582772132e-01 2.096243864352e-01 1.991715174611e-01 1.872666288847e-01 1.738094465340e-01 1.588877705128e-01
5.373731135400e-12 1.014711186757e-11 1.923329679444e-11 3.659695510096e-11 6.990528211422e-11 1.340300465373e-10 2.578909606202e-10 4.978409006859e-10 9.638549021217e-10 1.870752883527e-09 3.638281206360e-09 7.086308717756e-09 1.381455565371e-08 2.693880307065e-08 5.251214813289e-08 1.022544844966e-07 1.987619827790e-07 3.853779920949e-07 7.447402790021e-07 1.433298706145e-06 2.744861128249e-06 5.226157332333e-06 9.884142507767e-06 1.855222465166e-05 3.452633919021e-05 6.364902873700e-05 1.161187441511e-04 2.094400431934e-04 3.731110953057e-04 6.558590311397e-04 1.136449963323e-03 1.939251997949e-03 3.255700411008e-03 5.372434265928e-03 8.705931671688e-03 1.384175897862e-02 2.157395202651e-02 3.293667065806e-02 4.921657903870e-02 7.193133812201e-02 1.027585202463e-01 1.434017451787e-01 1.953881935677e-01 2.598042808600e-01 3.369930521510e-01 4.262548574449e-01 5.256076219682e-01 6.316694337247e-01 7.397200018189e-01 8.439767582455e-01 9.380875172602e-01 1.015799552871e+00 1.071722904418e+00 1.102072946885e+00 1.105262835254e+00 1.082226452662e+00 1.036388565604e+00 9.732567076558e-01 8.996789457111e-01 8.228790561474e-01 7.494307791736e-01 6.843530915141e-01 6.304920762173e-01 5.883027712926e-01 5.560654984310e-01 5.304818406410e-01 5.075161655173e-01 4.832992979066e-01 4.549054577855e-01 4.208539963864e-01 3.812625602106e-01 3.376658614884e-01 2.925886564375e-01 2.490028023079e-01 2.097989149858e-01 1.773699093698e-01 1.533533035704e-01 1.385307930767e-01 1.328515404412e-01 1.355350110199e-01 1.452162385086e-01 1.601118231799e-01 1.781987805735e-01 1.974039485273e-01 2.157977422970e-01 2.317763012107e-01 2.442069553617e-01 2.525095981010e-01 2.566541611288e-01 2.570708565571e-01 2.544902059096e-01 2.497473506682e-01 2.435937848731e-01 2.365565896903e-01 2.288715784430e-01 2.204969415649e-01 2.111940781646e-01 2.006477962004e-01 1.885922827892e-01 1.749125340212e-01 1.597011536551e-01
3.815074505377e-12 7.231374550385e-12 1.376334601692e-11 2.630566414075e-11 5.048832820174e-11 9.729760323445e-11 1.882332339703e-10 3.654690582347e-10 7.118840139004e-10 1.390551265425e-09 2.722531260415e-09 5.339899939622e-09 1.048609944682e-08 2.060363180951e-08 4.047945261871e-08 7.946639888963e-08 1.557662044521e-07 3.046300962166e-07 5.939337764851e-07 1.153484417828e-06 2.229585848033e-06 4.285421564152e-06 8.183259779095e-06 1.551023102376e-05 2.915111170646e-05 5.427675823029e-05 1.000147765042e-04 1.822089232057e-04 3.278611732862e-04 5.820802460186e-04 1.018605751832e-03 1.755174441204e-03 2.975028236110e-03 4.955554529239e-03 8.104165747052e-03 1.299982401411e-02 2.043593459483e-02 3.145672465685e-02 4.737513517456e-02 6.975664282709e-02 1.003517764141e-01 1.409621658278e-01 1.932323197401e-01 2.583725859698e-01 3.368368779151e-01 4.279986551923e-01 5.298854492529e-01 6.390402129421e-01 7.505721074113e-01 8.584375972870e-01 9.559563375312e-01 1.036520693697e+00 1.094411587645e+00 1.125597064435e+00 1.128373381829e+00 1.103718484892e+00 1.055266273085e+00 9.888726432170e-01 9.118200031788e-01 8.317805561640e-01 7.557134342090e-01 6.888931853985e-01 6.342494164374e-01 5.921406036955e-01 5.605989993318e-01 5.359858248064e-01 5.139091043573e-01 4.902026778750e-01 4.617596570146e-01 4.270593813159e-01 3.863110983517e-01 3.412349464318e-01 2.945824135298e-01 2.495418655086e-01 2.091722980444e-01 1.759686135514e-01 1.516041332568e-01 1.368425801135e-01 1.315780606054e-01 1.349525821957e-01 1.455111620447e-01 1.613735273243e-01 1.804173639784e-01 2.004737936098e-01 2.195302474002e-01 2.359237631868e-01 2.484965884295e-01 2.566828994728e-01 2.605040031679e-01 2.604680896665e-01 2.573936564379e-01 2.521952533463e-01 2.456795424246e-01 2.383956880663e-01 2.305683009047e-01 2.221188271206e-01 2.127592651718e-01 2.021265459124e-01 1.899202873455e-01 1.760110897827e-01 1.604983964680e-01
2.692065207260e-12 5.121892122716e-12 9.788197767194e-12 1.879062280924e-11 3.623606722909e-11 7.018678726561e-11 1.365202262655e-10 2.665888037657e-10 5.224354956141e-10 1.027027982208e-09 2.024312721942e-09 3.998366862479e-09 7.909355147886e-09 1.565951846388e-08 3.101011930275e-08 6.137753027913e-08 1.213318124874e-07 2.393664250409e-07 4.708959495665e-07 9.229877784841e-07 1.800938276727e-06 3.494967168829e-06 6.739469612515e-06 1.290125056903e-05 2.449263967460e-05 4.606823255860e-05 8.576020571342e-05 1.578475362913e-04 2.869472878114e-04 5.146602679470e-04 9.097768089826e-04 1.583392070387e-03 2.710379172034e-03 4.558437802772e-03 7.525124036779e-03 1.218159354549e-02 1.931903938359e-02 2.998997482258e-02 4.553200916920e-02 6.755756646376e-02 9.789069356073e-02 1.384336749722e-01 1.909534530534e-01 2.567917268622e-01 3.365221494810e-01 4.296000264917e-01 5.340689924138e-01 6.463989470919e-01 7.615244897484e-01 8.731303752838e-01 9.741914394973e-01 1.057724874073e+00 1.117662145080e+00 1.149707652825e+00 1.152032292853e+00 1.125660052039e+00 1.074447019353e+00 1.004619860907e+00 9.239232168049e-01 8.405057080183e-01 7.617342592835e-01 6.931509844455e-01 6.377678803346e-01 5.958327227768e-01 5.651056902702e-01 5.415793516176e-01 5.204795122465e-01 4.973256233871e-01 4.688244258480e-01 4.334223630283e-01 3.914366222630e-01 3.447929973786e-01 2.964881727875e-01 2.499395582308e-01 2.083795014667e-01 1.744031908189e-01 1.497138962927e-01 1.350502312102e-01 1.302449567884e-01 1.343580269446e-01 1.458412095770e-01 1.627145466335e-01 1.827531609336e-01 2.036886117802e-01 2.234215103346e-01 2.402271607732e-01 2.529225285361e-01 2.609589895532e-01 2.644150052886e-01 2.638841908513e-01 2.602803323998e-01 2.546027610261e-01 2.477155008477e-01 2.401885063637e-01 2.322310764699e-01 2.237223461586e-01 2.143194795287e-01 2.036075764185e-01 1.912499807153e-01 1.771035080350e-01 1.612768384792e-01
1.887939805875e-12 3.605226230893e-12 6.917481216607e-12 1.333753489923e-11 2.584115332630e-11 5.030491146170e-11 9.837476389968e-11 1.931999429732e-10 3.809093921839e-10 7.535971914276e-10 1.495357250036e-09 2.974409702290e-09 5.927181569778e-09 1.182524648508e-08 2.360437450875e-08 4.710692712233e-08 9.392066932163e-08 1.869307285898e-07 3.710969798934e-07 7.341938026890e-07 1.446323656983e-06 2.834343911429e-06 5.520254269592e-06 1.067479205526e-05 2.047462466471e-05 3.891170644787e-05 7.319723860485e-05 1.361425461592e-04 2.500960110331e-04 4.532719925671e-04 8.096078344067e-04 1.423574970896e-03 2.461537648381e-03 4.181108183561e-03 6.969220679719e-03 1.138801795740e-02 1.822484486996e-02 2.853859870525e-02 4.368975902653e-02 6.533659260153e-02 9.537699617636e-02 1.358164067012e-01 1.885493282468e-01 2.550564801456e-01 3.360406083742e-01 4.310482424322e-01 5.381462761227e-01 6.537341234223e-01 7.725679471102e-01 8.880497403926e-01 9.927921040853e-01 1.079415713105e+00 1.141481058409e+00 1.174411608821e+00 1.176243921748e+00 1.148050155905e+00 1.093922492975e+00 1.020482206815e+00 9.359657434388e-01 8.490277224987e-01 7.674663202535e-01 6.971034766134e-01 6.410317687969e-01 5.993726115681e-01 5.695880546404e-01 5.472716446576e-01 5.272395577465e-01 5.046789165233e-01 4.761054716988e-01 4.399415000709e-01 3.966305313915e-01 3.483260927225e-01 2.982896269755e-01 2.501802476264e-01 2.074079171821e-01 1.726652625384e-01 1.476785258487e-01 1.331533209933e-01 1.288545075028e-01 1.337555165387e-01 1.462119266748e-01 1.641415017887e-01 1.852135701079e-01 2.070560573607e-01 2.274785931409e-01 2.446918833008e-01 2.574874402107e-01 2.653371147453e-01 2.683829287702e-01 2.673120753363e-01 2.631415143258e-01 2.569609864280e-01 2.496939358117e-01 2.419293532100e-01 2.338564830206e-01 2.253059719903e-01 2.158742976759e-01 2.050906365557e-01 1.925804874616e-01 1.781878230554e-01 1.620333602965e-01
1.315756158492e-12 2.521671704768e-12 4.857556551090e-12 9.406048038652e-12 1.830859097088e-11 3.581915799424e-11 7.042086849006e-11 1.390873860242e-10 2.758767795798e-10 5.492803215222e-10 1.097256865864e-09 2.197953055999e-09 4.412288964138e-09 8.870856420094e-09 1.784950855142e-08 3.591967496575e-08 7.223606015430e-08 1.450592307875e-07 2.906328544426e-07 5.804632617613e-07 1.154629490257e-06 2.285285333306e-06 4.496197767720e-06 8.784577504125e-06 1.702617585598e-05 3.270186551958e-05 6.217490866702e-05 1.168865139325e-04 2.170366535205e-04 3.975847236843e-04 7.177297927299e-04 1.275365785995e-03 2.228245236647e-03 3.823533859854e-03 6.436809822142e-03 1.062000050241e-02 1.715492009568e-02 2.710483080401e-02 4.185109123510e-02 6.309645692000e-02 9.281275364804e-02 1.331108965340e-01 1.860180787172e-01 2.531619510057e-01 3.353842044468e-01 4.323326470241e-01 5.421052901662e-01 6.610341592832e-01 7.836932704289e-01 9.031904858237e-01 1.011757958153e+00 1.101597359459e+00 1.165875458674e+00 1.199716467341e+00 1.201013100548e+00 1.170887998207e+00 1.113684265266e+00 1.036443137614e+00 9.479242390543e-01 8.573194102140e-01 7.728826365164e-01 7.007281532618e-01 6.440265294978e-01 6.027554827096e-01 5.740506660573e-01 5.530740217991e-01 5.342030984799e-01 5.122742743747e-01 4.836085057456e-01 4.466144826105e-01 4.018827640727e-01 3.518186665893e-01 2.999690517637e-01 2.502473994046e-01 2.062446562282e-01 1.707467225861e-01 1.454946095816e-01 1.311522651441e-01 1.274098729565e-01 1.331500751129e-01 1.466296771668e-01 1.656618196298e-01 1.878067862060e-01 2.105845259453e-01 2.317091525588e-01 2.493236525083e-01 2.621939675047e-01 2.698161244443e-01 2.724028213959e-01 2.707437687794e-01 2.659675944944e-01 2.592603128378e-01 2.516066534442e-01 2.436123404244e-01 2.354411068342e-01 2.268682760425e-01 2.174233587818e-01 2.065754039008e-01 1.939106855410e-01 1.792616607687e-01 1.627643325877e-01
9.111970425418e-13 1.752508160167e-12 3.388991607380e-12 6.590080581800e-12 1.288609668409e-11 2.533483945153e-11 5.007195277429e-11 9.945472505340e-11 1.984500454503e-10 3.976323432707e-10 7.996499265706e-10 1.613114027989e-09 3.262235114052e-09 6.609508418858e-09 1.340686822615e-08 2.720652090351e-08 5.519152778877e-08 1.118342994757e-07 2.261588304844e-07 4.560411470836e-07 9.161063955721e-07 1.831565051727e-06 3.640831750893e-06 7.188409518776e-06 1.408175650419e-05 2.733993888185e-05 5.254946620326e-05 9.987868398568e-05 1.875025238765e-04 3.472658585837e-04 6.337617810771e-04 1.138381230865e-03 2.010200984735e-03 3.485625307022e-03 5.928180653817e-03 9.878389090670e-03 1.611081382329e-02 2.569095141784e-02 4.001885308035e-02 6.084014696272e-02 9.020039148766e-02 1.303181040347e-01 1.833582705248e-01 2.511036197317e-01 3.345451479098e-01 4.334427111482e-01 5.459340516587e-01 6.682874763537e-01 7.948913301358e-01 9.185476531027e-01 1.031089097916e+00 1.124274646650e+00 1.190853277631e+00 1.225630543074e+00 1.226345264271e+00 1.194173080166e+00 1.133723856029e+00 1.052485771136e+00 9.597749069416e-01 8.653532711240e-01 7.779563134420e-01 7.040031986642e-01 6.467389927263e-01 6.059785443670e-01 5.785004430916e-01 5.590000992603e-01 5.413857939844e-01 5.201243507972e-01 4.913391344604e-01 4.534379489507e-01 4.071815921136e-01 3.552533393413e-01 3.015072083451e-01 2.501235638224e-01 2.048766055416e-01 1.686398354040e-01 1.431594961441e-01 1.290484194306e-01 1.259151814898e-01 1.325476589546e-01 1.471017272046e-01 1.672838261753e-01 1.905419001891e-01 2.142832488578e-01 2.361215066540e-01 2.541285467081e-01 2.670447078344e-01 2.743943992432e-01 2.764689224154e-01 2.741703137604e-01 2.687480061900e-01 2.614903677566e-01 2.534450047524e-01 2.452314278586e-01 2.369815999257e-01 2.284079752397e-01 2.189663859021e-01 2.080614793650e-01 1.952391734346e-01 1.803221913755e-01 1.634655660323e-01
6.269950042195e-13 1.210065396353e-12 2.348897981408e-12 4.586494631023e-12 9.008706548515e-12 1.779780165219e-11 3.535959629401e-11 7.062537365242e-11 1.417644299248e-10 2.858488850391e-10 5.786966085250e-10 1.175625652053e-09 2.395122588912e-09 4.890396677679e-09 1.000037938382e-08 2.046563776507e-08 4.188255214270e-08 8.564164307521e-08 1.748268230950e-07 3.559687064164e-07 7.222507418124e-07 1.458850634520e-06 2.930471226916e-06 5.848016865588e-06 1.158109262254e-05 2.273375688668e-05 4.418470270832e-05 8.492570399203e-05 1.612321439693e-04 3.019826017982e-04 5.573130292588e-04 1.012213880386e-03 1.807062116231e-03 3.167233755975e-03 5.443552698381e-03 9.163967694648e-03 1.509404278269e-02 2.429927383172e-02 3.819602213452e-02 5.857089826892e-02 8.754269791208e-02 1.274394333701e-01 1.805689355224e-01 2.488773796093e-01 3.335159525856e-01 4.343680817780e-01 5.496206565945e-01 6.754825602931e-01 8.061531580314e-01 9.341166373107e-01 1.050786218148e+00 1.147453220485e+00 1.216423389547e+00 1.252163063083e+00 1.252246561591e+00 1.217905283097e+00 1.154032783949e+00 1.068592926268e+00 9.714935437594e-01 8.731015624692e-01 7.826606642523e-01 7.069076691996e-01 6.491576087013e-01 6.090412612685e-01 5.829469072261e-01 5.650659935301e-01 5.488052110695e-01 5.282427152867e-01 4.993027272069e-01 4.604072763845e-01 4.125133980638e-01 3.586107399426e-01 3.028832529047e-01 2.497903791895e-01 2.032905023974e-01 1.663373467195e-01 1.406714117166e-01 1.268441810738e-01 1.243756137416e-01 1.319552353826e-01 1.476363308738e-01 1.690168458275e-01 1.934290058734e-01 2.181623898527e-01 2.407247009889e-01 2.591130170818e-01 2.720421697797e-01 2.790697603599e-01 2.805745477499e-01 2.775816626041e-01 2.714711554845e-01 2.636400027904e-01 2.551999171760e-01 2.467804875701e-01 2.384747528675e-01 2.299239910501e-01 2.205032189787e-01 2.095483835907e-01 1.965642410403e-01 1.813660849779e-01 1.641322685739e-01
4.286437338774e-13 8.300363479854e-13 1.617176445494e-12 3.170535081308e-12 6.255028186792e-12 1.241673732269e-11 2.479610971328e-11 4.980053961268e-11 1.005541905917e-10 2.040289857392e-10 4.158068107297e-10 8.506628277028e-10 1.745924923415e-09 3.592623837927e-09 7.406492011615e-09 1.528642123797e-08 3.156100336114e-08 6.513105853892e-08 1.342269455180e-07 2.759996310781e-07 5.656901136912e-07 1.154556720249e-06 2.344042430759e-06 4.728880543790e-06 9.469046570313e-06 1.879775518088e-05 3.695220460367e-05 7.184227239228e-05 1.379704177958e-04 2.614036870447e-04 4.879850133938e-04 8.964341799606e-04 1.618445094900e-03 2.868150118816e-03 4.983071262249e-03 8.477447626928e-03 1.410607906089e-02 2.293212952521e-02 3.638569313447e-02 5.629218772137e-02 8.484282741600e-02 1.244767482828e-01 1.776495971626e-01 2.464795731955e-01 3.322894764088e-01 4.350986212203e-01 5.531533253504e-01 6.826080182586e-01 8.174700168312e-01 9.498932797057e-01 1.070850721980e+00 1.171139682228e+00 1.242595750439e+00 1.279324297600e+00 1.278723953368e+00 1.242084931598e+00 1.174602602591e+00 1.084747134748e+00 9.830555615375e-01 8.805363579126e-01 7.869693228763e-01 7.094216735517e-01 6.512726803187e-01 6.119456256407e-01 5.874024354600e-01 5.712905114059e-01 5.564809052122e-01 5.366438064655e-01 5.075042465079e-01 4.675163405981e-01 4.178624319884e-01 3.618693250344e-01 3.040746551958e-01 2.492285938507e-01 2.014730308618e-01 1.638326124887e-01 1.380295842625e-01 1.245430910314e-01 1.227974856313e-01 1.313808594186e-01 1.482428158450e-01 1.708713029442e-01 1.964793100009e-01 2.222331436039e-01 2.455285710955e-01 2.642838896541e-01 2.771887123027e-01 2.838393599256e-01 2.847119596948e-01 2.809665622175e-01 2.741243511589e-01 2.656972864805e-01 2.568619421038e-01 2.482533890485e-01 2.399175884659e-01 2.314155278582e-01 2.220338566337e-01 2.110355652376e-01 1.978838488645e-01 1.823894775349e-01 1.647590117740e-01
2.911225282683e-13 5.655715275106e-13 1.105883044652e-12 2.176711625294e-12 4.312937842027e-12 8.601794091888e-12 1.726501549978e-11 3.486464370989e-11 7.080862554653e-11 1.445707703709e-10 2.965863190027e-10 6.110210652208e-10 1.263372647684e-09 2.619943508888e-09 5.445435575885e-09 1.133519921222e-08 2.361226745367e-08 4.918071122092e-08 1.023333548590e-07 2.125208576671e-07 4.400725861935e-07 9.076989925824e-07 1.862905336202e-06 3.800043605736e-06 7.695458014316e-06 1.545292640781e-05 3.073153623022e-05 6.045170593018e-05 1.174697342530e-04 2.252010910760e-04 4.253736675940e-04 7.905927177989e-04 1.443927083506e-03 2.588104367753e-03 4.546803347559e-03 7.819458845753e-03 1.314833670830e-02 2.159185196629e-02 3.459106232896e-02 5.400772284530e-02 8.210429991579e-02 1.214323834980e-01 1.746002930093e-01 2.439070206378e-01 3.308589520515e-01 4.356244389257e-01 5.565204343929e-01 6.896526167183e-01 8.288334566289e-01 9.658739455008e-01 1.091284830142e+00 1.195341704362e+00 1.269381526508e+00 1.307125676876e+00 1.305785309345e+00 1.266712850262e+00 1.195424917201e+00 1.100930640167e+00 9.944359885996e-01 8.876295828450e-01 7.908563421934e-01 7.115265414918e-01 6.530765954679e-01 6.146964157333e-01 5.918825116156e-01 5.776953321526e-01 5.644344834216e-01 5.453428543249e-01 5.159480488452e-01 4.747572487192e-01 4.232105519366e-01 3.650051999989e-01 3.050571374973e-01 2.484181153576e-01 1.994109444947e-01 1.611197457238e-01 1.352343759516e-01 1.221499372795e-01 1.211883282587e-01 1.308337489156e-01 1.489316714815e-01 1.728588287966e-01 1.997052482252e-01 2.265078366447e-01 2.505437963906e-01 2.696483558845e-01 2.824864654170e-01 2.886995476971e-01 2.888722182682e-01 2.843124317551e-01 2.766937405823e-01 2.676495131876e-01 2.584213297993e-01 2.496441126597e-01 2.413074828149e-01 2.328821701160e-01 2.235585197602e-01 2.125224239360e-01 1.991956228851e-01 1.833879553740e-01 1.653397229871e-01
1.964124958440e-13 3.827748847495e-13 7.510675598804e-13 1.484025770397e-12 2.952880054517e-12 5.916414657557e-12 1.193441648084e-11 2.423003227706e-11 4.949496930925e-11 1.016797340992e-10 2.099702808996e-10 4.356021697269e-10 9.073333334195e-10 1.896281572474e-09 3.973670702245e-09 8.342721214300e-09 1.753491979141e-08 3.686487775788e-08 7.745448196910e-08 1.624783561859e-07 3.399606486897e-07 7.087505790659e-07 1.470672987490e-06 3.033907582031e-06 6.214955587947e-06 1.262672150908e-05 2.541035083862e-05 5.058642137784e-05 9.949099498141e-05 1.930517264089e-04 3.690716794731e-04 6.942227447481e-04 1.283047830125e-03 2.326765454121e-03 4.134733987476e-03 7.190541398005e-03 1.222215792363e-02 2.028075894497e-02 3.281540929753e-02 5.172142815894e-02 7.933099612642e-02 1.183091519450e-01 1.714215927221e-01 2.411570453193e-01 3.292180122244e-01 4.359359156771e-01 5.597105401034e-01 6.966053134248e-01 8.402353628950e-01 9.820555967633e-01 1.112091676253e+00 1.220068150678e+00 1.296793215451e+00 1.335579896231e+00 1.333439479089e+00 1.291790395484e+00 1.216491376589e+00 1.117125368185e+00 1.005609451218e+00 8.943530395424e-01 7.942962841155e-01 7.132049869822e-01 6.545640557704e-01 6.173014617323e-01 5.964059689939e-01 5.843051731759e-01 5.726896451650e-01 5.543557681228e-01 5.246376440252e-01 4.821200383176e-01 4.285369513966e-01 3.679919454602e-01 3.058046346021e-01 2.473380907295e-01 1.970912181064e-01 1.581937831937e-01 1.322874252644e-01 1.196708577500e-01 1.195569626564e-01 1.303243556468e-01 1.497146376452e-01 1.749923735230e-01 2.031206058602e-01 2.310000280285e-01 2.557819489174e-01 2.752139431032e-01 2.879372203864e-01 2.936457104853e-01 2.930450099900e-01 2.876052309929e-01 2.791642546171e-01 2.694832357806e-01 2.598681351476e-01 2.509468996655e-01 2.426423208907e-01 2.343240168898e-01 2.250777449016e-01 2.140083654261e-01 2.004968841969e-01 1.843565751659e-01 1.658677137958e-01
1.316267788337e-13 2.572935322634e-13 5.065554008309e-13 1.004639580771e-12 2.007238902052e-12 4.039838510992e-12 8.188981177030e-12 1.671397991131e-11 3.433683944911e-11 7.097167250324e-11 1.475160521424e-10 3.081646028307e-10 6.466240531339e-10 1.361949727525e-09 2.877422878934e-09 6.093291019327e-09 1.292280282882e-08 2.742504500777e-08 5.818766197067e-08 1.233081764901e-07 2.607305046203e-07 5.495022236514e-07 1.153029985243e-06 2.406018614844e-06 4.986742864941e-06 1.025290398210e-05 2.088442961870e-05 4.208832765926e-05 8.380455343412e-05 1.646390863926e-04 3.186708450388e-04 6.068429139363e-04 1.135311994128e-03 2.083741876804e-03 3.746763303409e-03 6.591137237592e-03 1.132879904697e-02 1.900113351609e-02 3.106207635848e-02 4.943742814753e-02 7.652714901802e-02 1.151103474971e-01 1.681146112154e-01 2.382274908862e-01 3.273607069578e-01 4.360237144368e-01 5.627123887529e-01 7.034552699572e-01 8.516679840124e-01 9.984358443767e-01 1.133275381682e+00 1.245329169980e+00 1.324844749634e+00 1.364701010774e+00 1.361696353467e+00 1.317319473508e+00 1.237793652194e+00 1.133312880213e+00 1.016550132162e+00 9.006784087462e-01 7.972642913253e-01 7.144412646769e-01 6.557323001563e-01 6.197719014501e-01 6.009952270778e-01 5.911479412857e-01 5.812721890170e-01 5.636989857908e-01 5.335754154662e-01 4.895923449796e-01 4.338178722817e-01 3.708004552452e-01 3.062892846148e-01 2.459670246815e-01 1.945012328436e-01 1.550508732323e-01 1.291917947158e-01 1.171134393353e-01 1.179135697097e-01 1.298644350047e-01 1.506047962865e-01 1.772863242946e-01 2.067406449485e-01 2.357246100408e-01 2.612555300013e-01 2.809884625866e-01 2.935422950931e-01 2.986720818611e-01 2.972184592684e-01 2.908293257201e-01 2.815195671264e-01 2.711843284472e-01 2.611923688312e-01 2.521564491264e-01 2.439207029141e-01 2.357418625487e-01 2.265925262896e-01 2.154929103640e-01 2.017847364968e-01 1.852899520754e-01 1.663357807756e-01
8.761331061371e-14 1.717547742493e-13 3.392453987843e-13 6.752493606571e-13 1.354520168080e-12 2.738126011725e-12 5.576951573126e-12 1.144201202525e-11 2.363845894585e-11 4.915451160251e-11 1.028305796683e-10 2.163002921851e-10 4.571990277214e-10 9.704693203430e-10 2.067186585105e-09 4.415399923734e-09 9.449347459640e-09 2.024422273268e-08 4.337810846139e-08 9.287291292807e-08 1.984773115664e-07 4.229274860494e-07 8.975522469912e-07 1.894846485492e-06 3.974362309982e-06 8.271359840437e-06 1.705765009461e-05 3.480912235886e-05 7.019105487132e-05 1.396548253390e-04 2.737644589946e-04 5.279602348062e-04 1.000191917832e-03 1.858582857951e-03 3.382704214298e-03 6.021582640139e-03 1.046941637726e-02 1.775520426548e-02 2.933444616972e-02 4.716002706016e-02 7.369733163355e-02 1.118397440574e-01 1.646810177103e-01 2.351167355096e-01 3.252815151547e-01 4.358787842223e-01 5.655149117300e-01 7.101918531203e-01 8.631239460227e-01 1.015012984929e+00 1.154841126212e+00 1.271136288407e+00 1.353551590542e+00 1.394504510390e+00 1.390566910175e+00 1.343302536928e+00 1.259323385290e+00 1.149474299633e+00 1.027231710373e+00 9.065772362508e-01 7.997361538104e-01 7.152213226848e-01 6.565813317712e-01 6.221224377260e-01 6.056765232094e-01 5.982548667923e-01 5.902099944028e-01 5.733892815416e-01 5.427622979290e-01 4.971590399972e-01 4.390263103166e-01 3.733987899711e-01 3.064814557829e-01 2.442829406035e-01 1.916289966451e-01 1.516884832388e-01 1.259521234138e-01 1.144868133345e-01 1.162697538390e-01 1.294671134586e-01 1.516166680890e-01 1.797566337917e-01 2.105822401040e-01 2.406979092377e-01 2.669779930804e-01 2.869799312930e-01 2.993023597324e-01 3.037715188275e-01 3.013789161263e-01 2.939673535441e-01 2.837420769396e-01 2.727380943262e-01 2.623842029615e-01 2.532681851062e-01 2.451422206722e-01 2.371374560412e-01 2.281045457928e-01 2.169758952335e-01 2.030562582030e-01 1.861824583936e-01 1.667364236007e-01
5.791840793490e-14 1.138542655782e-13 2.255806941593e-13 4.505683862510e-13 9.073152585121e-13 1.841940406849e-12 3.769175471832e-12 7.772508193373e-12 1.614628755221e-11 3.377536482989e-11 7.111038558763e-11 1.506034678635e-10 3.206600726393e-10 6.859282648497e-10 1.473091391433e-09 3.173718428638e-09 6.853968293431e-09 1.482429755052e-08 3.208212579151e-08 6.940366535855e-08 1.499268219066e-07 3.230540636799e-07 6.935300212220e-07 1.481559578730e-06 3.145441245474e-06 6.627868155909e-06 1.384188634373e-05 2.861049253971e-05 5.844216498386e-05 1.178002545911e-04 2.339497063225e-04 4.570732088572e-04 8.771308188135e-04 1.650780278066e-03 3.042281089078e-03 5.482101338475e-03 9.645052425572e-03 1.654512473209e-02 2.763591733067e-02 4.489368613301e-02 7.084644169537e-02 1.085015911814e-01 1.611230413239e-01 2.318237019190e-01 3.229753486721e-01 4.354923554723e-01 5.681072115010e-01 7.168046164452e-01 8.745962496091e-01 1.031786024082e+00 1.176795194035e+00 1.297502477356e+00 1.382930805508e+00 1.425007391742e+00 1.420063244177e+00 1.369742563500e+00 1.281072121601e+00 1.165590218573e+00 1.037627278453e+00 9.120209065925e-01 8.016883671558e-01 7.155329504085e-01 6.571141410842e-01 6.243715985909e-01 6.104801344654e-01 6.056606138313e-01 5.995329627276e-01 5.834435244994e-01 5.521974010444e-01 5.048018309422e-01 4.441317119620e-01 3.757520559961e-01 3.063498164957e-01 2.422635876254e-01 1.884634003905e-01 1.481056254740e-01 1.225747819403e-01 1.118017436057e-01 1.146385993828e-01 1.291469552305e-01 1.527663177700e-01 1.824209606246e-01 2.146640233917e-01 2.459377867099e-01 2.729637511409e-01 2.931964610931e-01 3.052172261207e-01 3.089352419381e-01 3.055107261738e-01 2.970000928362e-01 2.858129232372e-01 2.741294311573e-01 2.634342571951e-01 2.542786108807e-01 2.463078414897e-01 2.385138775043e-01 2.296165335442e-01 2.184578294789e-01 2.043088690181e-01 1.870286106706e-01 1.670622556278e-01
3.802376283110e-14 7.494066924524e-14 1.489202745543e-13 2.984409800433e-13 6.032138328062e-13 1.229645126001e-12 2.527685009547e-12 5.238369314406e-12 1.094097420239e-11 2.302106444549e-11 4.877499293207e-11 1.040009815417e-10 2.230422975304e-10 4.807995287219e-10 1.041026782992e-09 2.262305540237e-09 4.930355569594e-09 1.076623500119e-08 2.353439721903e-08 5.144747338693e-08 1.123537165421e-07 2.448421087382e-07 5.317960059867e-07 1.149798809503e-06 2.471424079827e-06 5.273836088888e-06 1.115684415142e-05 2.336421693791e-05 4.836117864296e-05 9.878772983300e-05 1.988300303221e-04 3.936751102749e-04 7.655464159982e-04 1.459771303516e-03 2.725129328686e-03 4.972798597306e-03 8.856622498916e-03 1.537295247214e-02 2.596987848255e-02 4.264299805468e-02 6.797968272456e-02 1.051006062181e-01 1.574434736816e-01 2.283478623263e-01 3.204375527874e-01 4.348559238933e-01 5.704785360358e-01 7.232832722156e-01 8.860782501193e-01 1.048754679094e+00 1.199145009794e+00 1.324442210322e+00 1.413001137739e+00 1.456228201777e+00 1.450198576934e+00 1.396643018738e+00 1.303031223156e+00 1.181640583637e+00 1.047709245765e+00 9.169806079146e-01 8.030981844871e-01 7.153659343187e-01 6.573369385846e-01 6.265419955258e-01 6.154405963469e-01 6.134033763834e-01 6.092729214134e-01 5.938783845137e-01 5.618775852049e-01 5.124988276908e-01 4.490996682074e-01 3.778223095157e-01 3.058614544322e-01 2.398866997370e-01 1.849945112861e-01 1.443030983603e-01 1.190680257065e-01 1.090707054773e-01 1.130347209165e-01 1.289200331583e-01 1.540714704977e-01 1.852988269880e-01 2.190065423239e-01 2.514637368406e-01 2.792281626105e-01 2.996461115486e-01 3.112855883068e-01 3.141525355473e-01 3.095959817114e-01 2.999063487090e-01 2.877120518740e-01 2.753430779387e-01 2.643339923537e-01 2.551857965507e-01 2.474204384213e-01 2.398760918424e-01 2.311328400642e-01 2.199404934327e-01 2.055409644400e-01 1.878237470368e-01 1.673067081780e-01
2.478895544259e-14 4.897587505069e-14 9.759642850785e-14 1.962081860066e-13 3.979969301918e-13 8.145472127516e-13 1.681790596223e-12 3.502252485497e-12 7.353673810323e-12 1.556215392932e-11 3.317723063095e-11 7.121720316957e-11 1.538324496418e-10 3.341556457837e-10 7.294287238580e-10 1.598898849559e-09 3.516484484487e-09 7.752917589683e-09 1.711914723757e-08 3.782012521574e-08 8.350681585302e-08 1.840702746631e-07 4.045601406467e-07 8.854533525235e-07 1.927294871241e-06 4.166003953331e-06 8.929835354075e-06 1.895217086440e-05 3.976350074046e-05 8.234190965082e-05 1.680174349848e-04 3.372573708514e-04 6.648349291732e-04 1.284941764063e-03 2.430795996664e-03 4.493656444179e-03 8.104902225870e-03 1.424062815914e-02 2.433968138776e-02 4.041265944606e-02 6.510254290486e-02 1.016419641816e-01 1.536456690505e-01 2.246892426747e-01 3.176639007273e-01 4.339612321826e-01 5.726182382397e-01 7.296176461491e-01 8.975636253065e-01 1.065919372297e+00 1.221899155083e+00 1.351971509482e+00 1.443783050472e+00 1.488187076842e+00 1.480987257207e+00 1.424007799729e+00 1.325191758195e+00 1.197604562687e+00 1.057449227176e+00 9.214272815821e-01 8.039436712818e-01 7.147122150107e-01 6.572593953049e-01 6.286605917987e-01 6.205969159459e-01 6.215249466429e-01 6.194634844338e-01 6.047099786848e-01 5.717969775015e-01 5.202240746690e-01 4.538916110408e-01 3.795685014277e-01 3.049820519013e-01 2.371303082607e-01 1.812139018582e-01 1.402837405660e-01 1.154421413546e-01 1.063079523855e-01 1.114743070653e-01 1.288040039320e-01 1.555516472332e-01 1.884117985687e-01 2.236324336404e-01 2.572969846049e-01 2.857874930845e-01 3.063366941598e-01 3.175047111183e-01 3.194104062887e-01 3.136142584995e-01 3.026628638761e-01 2.894183486763e-01 2.763639701296e-01 2.650762425464e-01 2.559900395713e-01 2.484855394610e-01 2.412317615971e-01 2.326603156645e-01 2.214278955700e-01 2.067529571680e-01 1.885651334907e-01 1.674651690503e-01
1.604723891682e-14 3.177703419766e-14 6.349038132626e-14 1.280258783625e-13 2.605791717292e-13 5.353479822074e-13 1.110041750781e-12 2.322501754778e-12 4.901775052366e-12 1.043189683573e-11 2.237622619260e-11 4.835008718929e-11 1.051820954296e-10 2.302198673518e-10 5.066377824163e-10 1.120154808345e-09 2.486163524456e-09 5.534397638779e-09 1.234494251012e-08 2.756416781112e-08 6.154120405828e-08 1.372300112130e-07 3.052524892911e-07 6.764408084849e-07 1.491294517558e-06 3.266125520441e-06 7.095496897177e-06 1.526623568706e-05 3.247699259833e-05 6.820086911134e-05 1.411346909681e-04 2.873130234029e-04 5.743754218789e-04 1.125630262970e-03 2.158741561507e-03 4.044530153603e-03 7.390516030228e-03 1.314995492837e-02 2.274861297550e-02 3.820744105707e-02 6.222077075945e-02 9.813128537186e-02 1.497335434851e-01 2.208484251527e-01 3.146505875904e-01 4.328002406132e-01 5.745157310532e-01 7.357976208467e-01 9.090463216996e-01 1.083281198975e+00 1.245067375452e+00 1.380107971055e+00 1.475298772240e+00 1.520905770157e+00 1.512444748564e+00 1.451841161551e+00 1.347544380636e+00 1.213460400179e+00 1.066817915844e+00 9.253315798113e-01 8.042037666553e-01 7.135660609672e-01 6.568948956769e-01 6.307589780204e-01 6.259927824894e-01 6.300707580686e-01 6.301398603446e-01 6.159534521247e-01 5.819464245356e-01 5.279470473478e-01 4.584645139066e-01 3.809464635242e-01 3.036761259149e-01 2.339731136253e-01 1.771150128902e-01 1.360526905426e-01 1.117095831532e-01 1.035295689661e-01 1.099751606443e-01 1.288181955298e-01 1.572283233108e-01 1.917836913995e-01 2.285666137176e-01 2.634605784423e-01 2.926588443548e-01 3.132755255840e-01 3.238700571310e-01 3.246931964139e-01 3.175423472877e-01 3.052442697329e-01 2.909098657416e-01 2.771777334675e-01 2.656559364681e-01 2.566947582510e-01 2.495123592078e-01 2.425924134605e-01 2.342096201119e-01 2.229277336702e-01 2.079488774589e-01 1.892536664273e-01 1.675367155314e-01
1.031471975689e-14 2.046835304375e-14 4.099616286545e-14 8.290160843670e-14 1.692812252650e-13 3.490534192078e-13 7.267284843670e-13 1.527437729140e-12 3.239956113531e-12 6.933246891024e-12 1.496105876238e-11 3.253823102448e-11 7.128248591130e-11 1.572007893286e-10 3.487462948891e-10 7.777160875494e-10 1.741948159867e-09 3.915337350577e-09 8.822868540790e-09 1.991188260912e-08 4.495720288050e-08 1.014284526880e-07 2.283753262532e-07 5.124942410351e-07 1.144636543258e-06 2.540629283932e-06 5.595460541436e-06 1.220811688646e-05 2.634218209283e-05 5.611704674731e-05 1.178174070167e-04 2.433401432630e-04 4.935344313551e-04 9.811329747843e-04 1.908342779963e-03 3.625146184491e-03 6.713926895561e-03 1.210257826544e-02 2.119986686402e-02 3.603215647674e-02 5.934034934246e-02 9.457462094033e-02 1.457115729264e-01 2.168265496146e-01 3.113942223419e-01 4.313650985018e-01 5.761604292880e-01 7.418130630584e-01 9.205204931460e-01 1.100841889431e+00 1.268660565669e+00 1.408870781095e+00 1.507572313352e+00 1.554407656252e+00 1.544587595507e+00 1.480147637191e+00 1.370079187267e+00 1.229185252818e+00 1.075784959619e+00 9.286638169662e-01 8.038583528800e-01 7.119242533772e-01 6.562608095562e-01 6.328736583478e-01 6.316767696213e-01 6.390899027468e-01 6.413386077421e-01 6.276224856372e-01 5.923128803355e-01 5.356321147773e-01 4.627706096315e-01 3.819089533895e-01 3.019073398464e-01 2.303949152747e-01 1.726935464334e-01 1.316176473535e-01 1.078850926348e-01 1.007535087278e-01 1.085567361154e-01 1.289837116111e-01 1.591251193858e-01 1.954408135473e-01 2.338364905747e-01 2.699794735520e-01 2.998600415300e-01 3.204691117673e-01 3.303748461017e-01 3.299821522347e-01 3.213539816315e-01 3.076230982205e-01 2.921641677623e-01 2.777713554825e-01 2.660710475996e-01 2.573076777081e-01 2.505152007837e-01 2.439750614624e-01 2.357970861848e-01 2.244535047014e-01 2.091386984789e-01 1.898963390000e-01 1.675266096654e-01
6.582753251512e-15 1.308773767481e-14 2.627295531094e-14 5.326930056078e-14 1.091053767952e-13 2.257549211196e-13 4.718660885259e-13 9.961217009658e-13 2.123236606661e-12 4.567944179956e-12 9.914975740373e-12 2.170172026793e-11 4.787231566992e-11 1.063634259072e-10 2.378598686138e-10 5.349916816921e-10 1.209253170451e-09 2.744409486064e-09 6.247803371165e-09 1.425294244247e-08 3.254601697970e-08 7.430006662967e-08 1.693653220512e-07 3.849581654128e-07 8.712254280346e-07 1.960266464656e-06 4.377980346694e-06 9.689075945845e-06 2.121233436610e-05 4.585801443284e-05 9.771593270301e-05 2.048452401345e-04 4.216708046311e-04 8.507091051489e-04 1.678896757620e-03 3.235101638528e-03 6.075427714313e-03 1.109996686748e-02 1.969651469745e-02 3.389162923734e-02 5.646746766143e-02 9.097843712986e-02 1.415847909890e-01 2.126253177521e-01 3.078918197269e-01 4.296481096122e-01 5.775416891088e-01 7.476537470095e-01 9.319804207668e-01 1.118603752299e+00 1.292690747817e+00 1.438280716598e+00 1.540629485495e+00 1.588717733075e+00 1.577433386443e+00 1.508931934256e+00 1.392785571628e+00 1.244755020886e+00 1.084318821537e+00 9.313939307981e-01 8.028883439306e-01 7.097862989426e-01 6.553787847656e-01 6.350463532390e-01 6.377025381518e-01 6.486351131359e-01 6.530973209759e-01 6.397287186468e-01 6.028787211645e-01 5.432379740548e-01 4.667571329888e-01 3.824057677719e-01 2.996388960355e-01 2.263771047394e-01 1.679478851934e-01 1.269891249037e-01 1.039857964276e-01 9.799961418408e-02 1.072401802540e-01 1.293235603583e-01 1.612680311072e-01 1.994122459512e-01 2.394721941907e-01 2.768806036817e-01 3.074094683184e-01 3.279227547511e-01 3.370095325255e-01 3.352549414966e-01 3.250195779775e-01 3.097698696787e-01 2.931588210787e-01 2.781340618997e-01 2.663238114867e-01 2.578423524634e-01 2.515152818615e-01 2.454043643714e-01 2.374472380168e-01 2.260273815318e-01 2.103415169804e-01 1.905096032157e-01 1.674496761554e-01
4.170910459754e-15 8.306809751856e-15 1.670999432683e-14 3.396300456215e-14 6.976100396282e-14 1.448196726973e-13 3.038286480661e-13 6.440898403034e-13 1.379332144581e-12 2.982958398133e-12 6.511786888395e-12 1.434224342053e-11 3.185368040060e-11 7.129556641428e-11 1.607064527649e-10 3.645450541016e-10 8.315064361843e-10 1.905435961140e-09 4.382499498577e-09 1.010642405885e-08 2.334178635731e-08 5.392706073581e-08 1.244664545480e-07 2.865953145593e-07 6.573809990969e-07 1.499751575675e-06 3.397525385519e-06 7.629583372524e-06 1.695338700329e-05 3.720705576329e-05 8.049705866073e-05 1.713465324674e-04 3.581406851769e-04 7.335869160043e-04 1.469626126244e-03 2.873865359378e-03 5.475134318043e-03 1.014339463095e-02 1.824147738823e-02 3.179065874816e-02 5.360849087979e-02 8.734959845218e-02 1.373587874133e-01 2.082469975041e-01 3.041407948330e-01 4.276416982972e-01 5.786487378218e-01 7.533092586614e-01 9.434204215970e-01 1.136569603784e+00 1.317171029750e+00 1.468360132624e+00 1.574497893413e+00 1.623862607019e+00 1.611000699635e+00 1.538198826521e+00 1.415652054684e+00 1.260144170351e+00 1.092386653035e+00 9.334914540063e-01 8.012757900669e-01 7.071546632031e-01 6.542750634964e-01 6.373243098425e-01 6.441290266391e-01 6.587626999280e-01 6.654542463144e-01 6.522810844173e-01 6.136209883232e-01 5.507170589629e-01 4.703661024645e-01 3.823839386744e-01 2.968340208366e-01 2.219032212518e-01 1.628795306493e-01 1.221806905175e-01 1.000312768297e-01 9.528962091063e-02 1.060483802240e-01 1.298628179639e-01 1.636857107416e-01 2.037301693894e-01 2.455068295686e-01 2.841929266158e-01 3.153258319262e-01 3.356400607051e-01 3.437611915089e-01 3.404851247532e-01 3.285059907831e-01 3.116532748843e-01 2.938720491698e-01 2.782584167451e-01 2.664222235389e-01 2.583200393262e-01 2.525430019301e-01 2.469153353304e-01 2.391959847221e-01 2.276838818816e-01 2.115896073801e-01 1.911236473598e-01 1.673345767827e-01
2.623673091505e-15 5.233233295377e-15 1.054675335198e-14 2.148417423049e-14 4.424574030857e-14 9.213404997197e-14 1.939783880038e-13 4.128675940829e-13 8.881561750309e-13 1.930404259117e-12 4.237539453035e-12 9.390355297866e-12 2.099525487801e-11 4.733382977173e-11 1.075340484623e-10 2.459956709903e-10 5.661980168420e-10 1.310050336237e-09 3.044182878285e-09 7.096824264826e-09 1.657970383375e-08 3.876839610179e-08 9.061402296474e-08 2.114056208629e-07 4.915721665291e-07 1.137401148393e-06 2.614345693519e-06 5.958901549860e-06 1.344375300877e-05 2.996354805706e-05 6.584548588821e-05 1.423770527297e-04 3.023025421621e-04 6.289702517783e-04 1.279685344415e-03 2.540780722186e-03 4.912980466687e-03 9.233924213105e-03 1.683749684555e-02 2.973398518873e-02 5.076992789542e-02 8.369534891686e-02 1.330397074916e-01 2.036944317432e-01 3.001389599470e-01 4.253383748889e-01 5.794706010594e-01 7.587688971710e-01 9.548347461352e-01 1.154742684938e+00 1.342115553793e+00 1.499132935641e+00 1.609206921409e+00 1.659870467906e+00 1.645309040871e+00 1.567953039859e+00 1.438666120733e+00 1.275325550090e+00 1.099954162104e+00 9.349255036882e-01 7.990040130263e-01 7.040350336846e-01 6.529808229352e-01 6.397606306357e-01 6.510206307291e-01 6.695324474978e-01 6.784478075791e-01 6.652850425405e-01 6.245105536556e-01 5.580149380736e-01 4.735341600571e-01 3.817880329362e-01 2.934565495077e-01 2.169595693391e-01 1.574935538067e-01 1.172091795859e-01 9.604360999263e-02 9.264714621889e-02 1.050060272706e-01 1.306288364294e-01 1.664098071872e-01 2.084302443383e-01 2.519767439943e-01 2.919474360158e-01 3.236278413718e-01 3.436223327739e-01 3.506128021917e-01 3.456415709941e-01 3.317762960244e-01 3.132404625366e-01 2.942835545714e-01 2.781416364266e-01 2.663817878463e-01 2.587718645777e-01 2.536405708017e-01 2.485565045302e-01 2.410943676813e-01 2.294741830632e-01 2.129331926976e-01 1.917874064321e-01 1.672287875186e-01
1.638434326674e-15 3.272297024007e-15 6.605600591575e-15 1.348296636463e-14 2.783476881995e-14 5.812652909970e-14 1.227851504546e-13 2.623325900300e-13 5.667611140123e-13 1.237819873749e-12 2.731863378241e-12 6.089878661326e-12 1.370508641296e-11 3.111899345920e-11 7.124564322746e-11 1.643494664639e-10 3.816907192183e-10 8.916819563904e-10 2.093382393785e-09 4.933710891639e-09 1.165979668138e-08 2.759711944067e-08 6.532990400813e-08 1.544585249129e-07 3.641628248159e-07 8.547760202100e-07 1.994019689051e-06 4.614607168978e-06 1.057399971955e-05 2.394314363656e-05 5.346503863475e-05 1.174875195149e-04 2.535221668745e-04 5.360454521271e-04 1.108168013344e-03 2.235070129366e-03 4.388714885671e-03 8.372392277061e-03 1.548710824075e-02 2.772625318708e-02 4.795839775480e-02 8.002329282229e-02 1.286342522814e-01 1.989710495985e-01 2.958845271989e-01 4.227307040345e-01 5.799960261187e-01 7.640215657939e-01 9.662174593014e-01 1.173126561345e+00 1.367539425776e+00 1.530624538580e+00 1.644787703383e+00 1.696771046812e+00 1.680378771359e+00 1.598199117402e+00 1.461814040021e+00 1.290270212755e+00 1.106985501037e+00 9.356647920441e-01 7.960577673576e-01 7.004366136059e-01 6.515325420621e-01 6.424146095038e-01 6.584473639731e-01 6.810074426935e-01 6.921160358164e-01 6.787416990972e-01 6.355112115517e-01 5.650697114616e-01 4.761924893027e-01 3.805605738044e-01 2.894716215219e-01 2.115358958860e-01 1.517990462405e-01 1.120948754853e-01 9.204736666457e-02 9.009766563561e-02 1.041397056641e-01 1.316515107733e-01 1.694753793979e-01 2.135520461630e-01 2.589218073799e-01 3.001771165035e-01 3.323337686385e-01 3.518678191479e-01 3.575424055404e-01 3.506878203004e-01 3.347896036529e-01 3.144974343914e-01 2.943754925990e-01 2.777870623763e-01 2.662274149028e-01 2.592411333067e-01 2.548647851801e-01 2.503932531057e-01 2.432125175085e-01 2.314706825813e-01 2.144454728139e-01 1.925738249305e-01 1.672037908107e-01
1.015725569163e-15 2.030792134203e-15 4.105210897956e-15 8.394210541675e-15 1.736716539403e-14 3.636235323067e-14 7.704804070952e-14 1.652036116702e-13 3.583792318302e-13 7.863385142033e-13 1.744469711655e-12 3.911264860884e-12 8.858382963545e-12 2.025488830302e-11 4.672708302469e-11 1.086838609284e-10 2.546712430100e-10 6.006733659523e-10 1.424712778815e-09 3.394633185743e-09 8.115927421300e-09 1.944561465278e-08 4.662896905782e-08 1.117393566925e-07 2.671722858411e-07 6.363321196505e-07 1.506991313358e-06 3.542064139413e-06 8.246413615222e-06 1.897775249733e-05 4.307960202589e-05 9.624892900788e-05 2.111775379971e-04 4.539885310528e-04 9.541151430451e-04 1.955841224634e-03 3.901900585393e-03 7.559396831571e-03 1.419261316571e-02 2.577197505453e-02 4.518059337394e-02 7.634137351905e-02 1.241496797963e-01 1.940808827595e-01 2.913761143290e-01 4.198112758855e-01 5.802134038800e-01 7.690556511057e-01 9.775623137378e-01 1.191725013379e+00 1.393458633987e+00 1.562861803433e+00 1.681273071017e+00 1.734595560966e+00 1.716231021617e+00 1.628941293446e+00 1.485080689174e+00 1.304947238666e+00 1.113443161131e+00 9.356776612066e-01 7.924234346495e-01 6.963724496574e-01 6.499723912360e-01 6.453520727547e-01 6.664849929779e-01 6.932538356644e-01 7.064958839805e-01 6.926468124962e-01 6.465786998774e-01 5.718114262047e-01 4.782668415671e-01 3.786426053007e-01 2.848464968184e-01 2.056261207011e-01 1.458095590952e-01 1.068616424843e-01 8.806957276387e-02 8.766848390706e-02 1.034780205732e-01 1.329636187871e-01 1.729213935832e-01 2.191395618751e-01 2.663856917055e-01 3.089168225530e-01 3.414608646071e-01 3.603707906288e-01 3.645221280115e-01 3.555813876487e-01 3.375009042184e-01 3.153895322152e-01 2.941335450888e-01 2.772056869508e-01 2.659952848764e-01 2.597855021436e-01 2.562895704863e-01 2.525108249482e-01 2.456432071083e-01 2.337710820966e-01 2.162271160057e-01 1.935845199728e-01 1.673596217971e-01
6.250894754756e-16 1.250819442808e-15 2.531452692280e-15 5.184157334802e-15 1.074647368066e-14 2.255367499680e-14 4.792459411044e-14 1.031011796106e-13 2.245233544113e-13 4.948128736779e-13 1.103204438060e-12 2.487304587559e-12 5.668297023378e-12 1.304939073320e-11 3.033018250427e-11 7.112268184303e-11 1.681342939897e-10 4.003586211658e-10 9.593484790366e-10 2.310919453657e-09 5.589540383638e-09 1.355828045604e-08 3.293637648217e-08 8.001018937886e-08 1.940521406678e-07 4.690842269743e-07 1.128104869986e-06 2.693858710907e-06 6.374463627510e-06 1.491533269594e-05 3.443377122356e-05 7.825481322855e-05 1.746634593690e-04 3.819725023249e-04 8.165242108414e-04 1.702094744991e-03 3.451916442825e-03 6.795286792272e-03 1.295605400393e-02 2.387549312575e-02 4.244324382562e-02 7.265785057593e-02 1.195938072085e-01 1.890285864266e-01 2.866127603733e-01 4.165726810696e-01 5.801106868526e-01 7.738588976207e-01 9.888626055922e-01 1.210541904923e+00 1.419889942936e+00 1.595872959055e+00 1.718697487268e+00 1.773376646585e+00 1.752887597645e+00 1.660183352068e+00 1.508449377469e+00 1.319323566488e+00 1.119287895701e+00 9.349321524479e-01 7.880892570834e-01 6.918597910878e-01 6.483486444351e-01 6.486457226787e-01 6.752151343459e-01 7.063405123880e-01 7.216224103310e-01 7.069896640133e-01 6.576596568003e-01 5.781615375177e-01 4.796776960136e-01 3.759744260074e-01 2.795514951072e-01 1.992291107624e-01 1.395435147609e-01 1.015370021778e-01 8.413962798208e-02 8.538870883509e-02 1.030517806627e-01 1.346012552517e-01 1.767913209722e-01 2.252417495897e-01 2.744161378684e-01 3.182030469608e-01 3.510245905956e-01 3.691204145027e-01 3.715170482526e-01 3.602730062777e-01 3.398609474252e-01 3.158819966258e-01 2.935480170478e-01 2.764175694016e-01 2.657344037933e-01 2.604786047527e-01 2.580077169994e-01 2.550162729336e-01 2.485040957628e-01 2.365009387274e-01 2.184090310433e-01 1.949526098482e-01 1.678275384196e-01
3.818738434192e-16 7.645916690550e-16 1.548816767766e-15 3.175848898686e-15 6.594355654727e-15 1.386876330322e-14 2.954588394879e-14 6.375849309240e-14 1.393484656733e-13 3.083828122930e-13 6.908235689128e-13 1.565908046505e-12 3.589966612614e-12 8.319795271431e-12 1.947937917620e-11 4.604549449828e-11 1.098051063588e-10 2.639468933829e-10 6.389439116294e-10 1.556000865401e-09 3.807667410063e-09 9.351072333780e-09 2.301528483805e-08 5.668523918920e-08 1.394809156811e-07 3.422865302004e-07 8.361451949935e-07 2.029208651616e-06 4.882177566752e-06 1.161949912674e-05 2.729320691825e-05 6.312312788675e-05 1.433958861297e-04 3.191747019408e-04 6.943588933784e-04 1.472733978977e-03 3.037961220779e-03 6.080154161524e-03 1.177918981740e-02 2.204094171618e-02 3.975307351132e-02 6.898127445716e-02 1.149750139111e-01 1.838194646685e-01 2.815939464768e-01 4.130074928219e-01 5.796753101467e-01 7.784182750917e-01 1.000111020159e+00 1.229581040799e+00 1.446850776710e+00 1.629687498935e+00 1.757096955761e+00 1.813148264980e+00 1.790370879293e+00 1.691928490404e+00 1.531901677076e+00 1.333363844758e+00 1.124478664548e+00 9.333961126622e-01 7.830456074153e-01 6.869204790898e-01 6.467161055559e-01 6.523754716551e-01 6.847253045758e-01 7.203386599467e-01 7.375278181536e-01 7.217517995698e-01 6.686905287785e-01 5.840324430301e-01 4.803405978647e-01 3.724965139212e-01 2.735610641357e-01 1.923494832991e-01 1.330245704502e-01 9.615213909166e-02 8.028918405587e-02 8.328924329818e-02 1.028942589101e-01 1.366043825935e-01 1.811338515805e-01 2.319131632366e-01 2.830651889064e-01 3.280735416953e-01 3.610376179261e-01 3.780993868868e-01 3.784838974193e-01 3.647058224427e-01 3.418161600560e-01 3.159405676253e-01 2.926148571123e-01 2.754529342919e-01 2.655075043169e-01 2.614106198039e-01 2.601311139681e-01 2.580384353898e-01 2.519375397264e-01 2.398133733720e-01 2.211519797508e-01 1.968421888997e-01 1.687693076125e-01
2.315827788264e-16 4.638344791897e-16 9.401870609970e-16 1.929779500897e-15 4.012592878732e-15 8.454420247292e-15 1.805264904107e-14 3.906601889799e-14 8.566699585313e-14 1.903258393033e-13 4.282814587796e-13 9.757824324318e-13 2.250003298410e-12 5.248118280028e-12 1.237561389306e-11 2.948433057064e-11 7.091845860251e-11 1.720730929228e-10 4.207760551035e-10 1.035917759353e-09 2.564705683162e-09 6.377298961817e-09 1.590438918278e-08 3.972058342114e-08 9.917739947303e-08 2.471331522904e-07 6.133901461308e-07 1.513358545478e-06 3.703447844172e-06 8.968966092011e-06 2.144469843977e-05 5.049773671674e-05 1.168158490126e-04 2.647839752687e-04 5.865592949409e-04 1.266575674058e-03 2.659060009887e-03 5.413828882882e-03 1.066347407113e-02 2.027220866793e-02 3.711675946483e-02 6.532045849056e-02 1.103022439151e-01 1.784595014466e-01 2.763196270866e-01 4.091082554522e-01 5.788941088071e-01 7.827198325701e-01 1.011299460996e+00 1.248846004069e+00 1.474359071351e+00 1.664336054157e+00 1.796508898180e+00 1.853945593779e+00 1.828703701405e+00 1.724179177125e+00 1.555417258813e+00 1.347030298311e+00 1.128972614797e+00 9.310373437911e-01 7.772853024957e-01 6.815813690995e-01 6.451365494952e-01 6.566287595990e-01 6.951089043315e-01 7.353212131390e-01 7.542403296042e-01 7.369056298914e-01 6.795964489691e-01 5.893271336047e-01 4.801667079895e-01 3.681506638109e-01 2.668549710511e-01 1.849984172762e-01 1.262819132165e-01 9.074182818705e-02 7.655198998919e-02 8.140281615304e-02 1.030415615924e-01 1.390175306916e-01 1.860037487615e-01 2.392146452538e-01 2.923893666200e-01 3.385667465497e-01 3.715085483799e-01 3.872822962496e-01 3.853695885419e-01 3.688145547197e-01 3.433086210436e-01 3.155321050531e-01 2.913364995785e-01 2.743527411612e-01 2.653909373831e-01 2.626872471850e-01 2.627887355736e-01 2.617249781047e-01 2.561067960572e-01 2.438845688732e-01 2.246415218513e-01 1.994428895877e-01 1.703715749511e-01
1.394123816227e-16 2.792488088486e-16 5.662448704843e-16 1.163076564072e-15 2.421056100066e-15 5.108928138626e-15 1.093093852260e-14 2.371409727797e-14 5.216115928702e-14 1.163073354452e-13 2.628313046719e-13 6.017484712416e-13 1.395235586906e-12 3.274693389954e-12 7.775854934744e-12 1.866850264457e-11 4.528417197150e-11 1.108943561208e-10 2.739074119667e-10 6.816880835718e-10 1.707492762079e-09 4.299037714390e-09 1.086456973278e-08 2.751770460370e-08 6.973302434375e-08 1.764810825781e-07 4.451815660669e-07 1.116972746185e-06 2.781283791199e-06 6.856842474130e-06 1.669594425837e-05 4.004947322251e-05 9.439290702783e-05 2.180075817764e-04 4.920524826665e-04 1.082362267155e-03 2.314073109563e-03 4.795876743223e-03 9.610034554567e-03 1.857289694493e-02 3.454088561093e-02 6.168444759425e-02 1.055850088046e-01 1.729553970550e-01 2.707902699029e-01 4.048674825253e-01 5.777532432960e-01 7.867485530521e-01 1.022418868408e+00 1.268339975376e+00 1.502433114912e+00 1.699850236991e+00 1.836972010770e+00 1.895804894516e+00 1.867909234734e+00 1.756937022746e+00 1.578973755220e+00 1.360282630162e+00 1.132725105223e+00 9.278238001809e-01 7.708039595161e-01 6.758747759388e-01 6.436791647081e-01 6.615008471105e-01 7.064651287705e-01 7.513621554170e-01 7.717828779203e-01 7.524128961599e-01 6.902901129169e-01 5.939390066134e-01 4.790636116301e-01 3.628813593370e-01 2.594196071085e-01 1.771944447450e-01 1.193504612910e-01 8.534427541844e-02 7.296371818327e-02 7.976408461952e-02 1.035331495986e-01 1.418906928730e-01 1.914628783762e-01 2.472140963239e-01 3.024497656597e-01 3.497209705826e-01 3.824402985107e-01 3.966336815229e-01 3.921095906277e-01 3.725246700453e-01 3.442761405513e-01 3.146252397155e-01 2.897224676489e-01 2.731685590584e-01 2.654732608269e-01 2.644266543294e-01 2.661217843110e-01 2.662357244429e-01 2.611876622474e-01 2.489039577486e-01 2.290770951345e-01 2.029582945605e-01 1.728341198590e-01
8.331225088962e-17 1.668455202771e-16 3.383496829598e-16 6.952679821227e-16 1.448425983850e-15 3.060227757560e-15 6.558695792755e-15 1.426013441423e-14 3.145272894083e-14 7.036628783877e-14 1.596423136064e-13 3.671811327644e-13 8.558587862314e-13 2.020796201495e-12 4.830791119288e-12 1.168505849975e-11 2.858007274179e-11 7.062782374945e-11 1.761901741562e-10 4.432441802083e-10 1.123225235052e-09 2.863527319513e-09 7.333865987852e-09 1.884014630585e-08 4.846322573836e-08 1.245972024616e-07 3.195199801460e-07 8.155369485685e-07 2.067028281213e-06 5.189801669747e-06 1.287506589254e-05 3.147676886502e-05 7.562806065351e-05 1.780776814611e-04 4.097631362574e-04 9.187752497419e-04 2.001707284414e-03 4.225600425286e-03 8.619655901043e-03 1.694628640419e-02 3.203189427582e-02 5.808248235846e-02 1.008333879354e-01 1.673146090151e-01 2.650069073794e-01 4.002776655181e-01 5.762381213423e-01 7.904881943827e-01 1.033459022255e+00 1.288065536145e+00 1.531091354884e+00 1.736262452382e+00 1.878526079532e+00 1.938763349444e+00 1.908010847863e+00 1.790202650636e+00 1.602546633208e+00 1.373077952315e+00 1.135689775965e+00 9.237238409648e-01 7.636003987338e-01 6.698389506970e-01 6.424210007100e-01 6.670950762257e-01 7.188987901824e-01 7.685356617584e-01 7.901716081715e-01 7.682230011539e-01 7.006706887004e-01 5.977518938011e-01 4.769364300393e-01 3.566373864516e-01 2.512493836703e-01 1.689641883145e-01 1.122709480906e-01 8.000087258517e-02 6.956179846638e-02 7.840985818260e-02 1.044125773789e-01 1.452804847156e-01 1.975814658839e-01 2.559873393131e-01 3.133120383718e-01 3.615732711374e-01 3.938280912646e-01 4.061057721310e-01 3.986261787342e-01 3.757516563338e-01 3.446525412597e-01 3.131911238048e-01 2.877897511437e-01 2.719616989744e-01 2.658524152646e-01 2.667542139931e-01 2.702757303900e-01 2.717319448090e-01 2.673551593613e-01 2.550586549307e-01 2.346547657328e-01 2.075877544142e-01 1.763516074941e-01
4.942381666646e-17 9.893199462324e-17 2.005850744197e-16 4.122249696095e-16 8.591885096828e-16 1.816929693641e-15 3.899385827733e-15 8.494102530793e-15 1.878043605629e-14 4.214249752728e-14 9.595831054362e-14 2.216562098968e-13 5.192394107877e-13 1.233018948682e-12 2.966724170333e-12 7.228448624696e-12 1.782334317321e-11 4.444071552908e-11 1.119550565179e-10 2.846733444547e-10 7.297970332712e-10 1.883907083649e-09 4.889940044064e-09 1.274238794432e-08 3.327730186563e-08 8.693037436496e-08 2.266872270746e-07 5.887782355834e-07 1.519556287047e-06 3.887150808143e-06 9.829878741655e-06 2.450585087032e-05 6.005607898842e-05 1.442572723713e-04 3.386241032075e-04 7.744494440764e-04 1.720529340996e-03 3.702043930667e-03 7.692765161403e-03 1.539529624050e-02 2.959603485442e-02 5.452395876513e-02 9.605802761785e-02 1.615453978199e-01 2.589712001300e-01 3.953312960993e-01 5.743333335998e-01 7.939211356274e-01 1.044408336057e+00 1.308024455625e+00 1.560352191981e+00 1.773605683270e+00 1.921211763389e+00 1.982858879598e+00 1.949031972455e+00 1.823975592338e+00 1.626109109468e+00 1.385370765768e+00 1.137818677104e+00 9.187065472198e-01 7.556770972601e-01 6.635185816424e-01 6.414474216892e-01 6.735231066330e-01 7.325200492758e-01 7.869150689571e-01 8.094141677823e-01 7.842712252780e-01 7.106228042620e-01 6.006403652876e-01 4.736892754815e-01 3.493736952713e-01 2.423481867811e-01 1.603430033988e-01 1.050898658405e-01 7.475587695957e-02 6.638530574707e-02 7.737951917782e-02 1.057285468168e-01 1.492516716345e-01 2.044396668015e-01 2.656191161461e-01 3.250462491665e-01 3.741579648499e-01 4.056569950515e-01 4.156359004123e-01 4.048266335686e-01 3.784005171216e-01 3.443682850960e-01 3.112044258567e-01 2.855630947333e-01 2.708017410352e-01 2.666316491778e-01 2.697952491071e-01 2.753895470936e-01 2.783619897523e-01 2.747657460639e-01 2.625127340658e-01 2.415443519808e-01 2.135023983835e-01 1.810896706032e-01
2.910683228064e-17 5.821920017285e-17 1.179796433924e-16 2.424118815399e-16 5.053298739398e-16 1.069227213405e-15 2.297065486185e-15 5.011410447520e-15 1.110330676851e-14 2.498203818757e-14 5.707225036155e-14 1.323572250721e-13 3.115068873051e-13 7.437466733859e-13 1.800638570647e-12 4.418172169334e-12 1.098002516156e-11 2.761807936950e-11 7.025018991350e-11 1.805278875436e-10 4.681684789209e-10 1.223698078463e-09 3.219175900247e-09 8.509916595782e-09 2.256594182054e-08 5.990885352962e-08 1.589001263688e-07 4.201122076054e-07 1.104472336108e-06 2.879825120545e-06 7.426948678328e-06 1.889052271645e-05 4.724720615425e-05 1.158454615469e-04 2.775866465265e-04 6.479879473612e-04 1.468981848842e-03 3.224000497525e-03 6.829420810329e-03 1.392244864214e-02 2.723930966584e-02 5.101838199533e-02 9.127013595355e-02 1.556568775908e-01 2.526855139254e-01 3.900209046257e-01 5.720225952684e-01 7.970282144238e-01 1.055253641697e+00 1.328217471064e+00 1.590233754956e+00 1.811913246479e+00 1.965070345763e+00 2.028129934940e+00 1.990995962256e+00 1.858254188925e+00 1.649632087931e+00 1.397112985173e+00 1.139062462684e+00 9.127421058338e-01 7.470407065586e-01 6.569653490018e-01 6.408525928402e-01 6.809051492560e-01 7.474440696796e-01 8.065716709400e-01 8.295077893749e-01 8.004768330314e-01 7.200156605851e-01 6.024703656076e-01 4.692270819223e-01 3.410534894219e-01 2.327308398408e-01 1.513754754485e-01 9.785925172668e-02 6.965604265059e-02 6.347497348668e-02 7.671575455812e-02 1.075364238162e-01 1.538792215055e-01 2.121295790371e-01 2.762042759501e-01 3.377265751654e-01 3.875046961003e-01 4.178989466731e-01 4.251435891179e-01 4.106014865443e-01 3.803656674789e-01 3.433516729542e-01 3.086448093523e-01 2.830754711533e-01 2.697648168688e-01 2.679147037983e-01 2.736665056618e-01 2.815831181457e-01 2.862445514483e-01 2.835366626596e-01 2.713832462206e-01 2.498630648591e-01 2.208176333986e-01 1.871576707761e-01
1.701767648713e-17 3.400287185193e-17 6.884939128640e-17 1.413889032845e-16 2.946826088078e-16 6.236508775766e-16 1.340706675565e-15 2.928381725901e-15 6.499293300729e-15 1.465702276212e-14 3.358331049745e-14 7.816662016911e-14 1.847688940488e-13 4.434082226335e-13 1.079866630521e-12 2.667567414436e-12 6.680144295050e-12 1.694655070950e-11 4.351606923567e-11 1.130006468755e-10 2.964161261460e-10 7.844595471174e-10 2.091569504013e-09 5.609389321908e-09 1.510530696250e-08 4.076265848850e-08 1.099971921282e-07 2.961243200979e-07 7.933225531681e-07 2.109334019655e-06 5.550468172686e-06 1.441155311746e-05 3.680823013331e-05 9.218196992110e-05 2.256301762829e-04 5.379774720184e-04 1.245400830671e-03 2.790024081945e-03 6.029305709562e-03 1.252983415066e-02 2.496741721761e-02 4.757531436809e-02 8.648147367449e-02 1.496590702182e-01 2.461530112566e-01 3.843391197073e-01 5.692887044623e-01 7.997885776837e-01 1.065979980714e+00 1.348644063619e+00 1.620753672964e+00 1.851218534147e+00 2.010143462301e+00 2.074615269751e+00 2.033925956934e+00 1.893035534228e+00 1.673084147358e+00 1.408254019027e+00 1.139370653037e+00 9.058022829847e-01 7.377026582937e-01 6.502385618499e-01 6.407400512386e-01 6.893702575782e-01 7.637906375285e-01 8.275733485104e-01 8.504371528292e-01 8.167410897639e-01 7.287023048064e-01 6.031002273938e-01 4.634578199147e-01 3.316505067640e-01 2.224245098111e-01 1.421157216164e-01 9.063631084894e-02 6.475025556472e-02 6.087344285086e-02 7.646576396720e-02 1.099004266905e-01 1.592511043362e-01 2.207578732105e-01 2.878492335953e-01 3.514308125782e-01 4.016359530932e-01 4.305091669976e-01 4.345273299154e-01 4.158229428354e-01 3.815314545205e-01 3.415308844964e-01 3.054992134516e-01 2.803691450487e-01 2.689322229650e-01 2.698010979337e-01 2.784675571701e-01 2.889444762734e-01 2.954517181555e-01 2.937251051905e-01 2.817161679985e-01 2.596492348879e-01 2.295659291419e-01 1.945819551157e-01
9.878063452198e-18 1.971069992724e-17 3.986497628122e-17 8.179523185470e-17 1.703848829691e-16 3.605373915188e-16 7.752961625444e-16 1.694738398293e-15 3.766344917885e-15 8.510150872794e-15 1.954929290310e-14 4.565022570970e-14 1.083382409295e-13 2.612308516985e-13 6.397557672700e-13 1.590586139649e-12 4.012525624009e-12 1.026391470847e-11 2.660150159820e-11 6.979117407768e-11 1.851540619821e-10 4.961003827603e-10 1.340594886096e-09 3.647740899419e-09 9.976335453289e-09 2.736997888375e-08 7.515933034886e-08 2.060909364055e-07 5.628352726667e-07 1.526684966413e-06 4.100989116069e-06 1.087570812611e-05 2.838291608954e-05 7.265078767532e-05 1.817712628676e-04 4.430037735111e-04 1.048035167777e-03 2.398444470886e-03 5.291724451329e-03 1.121907951505e-02 2.278569309223e-02 4.420431620981e-02 8.170433862734e-02 1.435629629236e-01 2.393777597696e-01 3.782787505361e-01 5.661135209894e-01 8.021795398419e-01 1.076570397429e+00 1.369302253411e+00 1.651928855908e+00 1.891554748818e+00 2.056472809563e+00 2.122353708810e+00 2.077844760743e+00 1.928315436519e+00 1.696431567186e+00 1.418740905769e+00 1.138691978542e+00 8.978610008187e-01 7.276798997845e-01 6.434059574503e-01 6.412234649030e-01 6.990567788814e-01 7.816838149321e-01 8.499830501810e-01 8.721720133367e-01 8.329451738249e-01 7.365190935646e-01 6.023820853031e-01 4.562950782048e-01 3.211514186071e-01 2.114699673854e-01 1.326274411169e-01 8.348288412072e-02 6.008925296021e-02 5.862590252100e-02 7.668317345500e-02 1.128967733377e-01 1.654721290904e-01 2.304492534821e-01 3.006737548554e-01 3.662395938318e-01 4.165638585554e-01 4.434218384190e-01 4.436610478221e-01 4.203436406383e-01 3.817735626967e-01 3.388371769368e-01 3.017653034603e-01 2.774978110082e-01 2.683900688517e-01 2.723825726988e-01 2.842736812693e-01 2.975190052349e-01 3.059946337568e-01 3.053107324799e-01 2.934664227779e-01 2.708407551608e-01 2.396747703519e-01 2.032844844024e-01
5.692898194045e-18 1.134089860100e-17 2.290341357851e-17 4.693607245609e-17 9.768195032516e-17 2.065854636825e-16 4.441923878430e-16 9.713434621331e-16 2.160692567712e-15 4.889576048905e-15 1.125656336552e-14 2.636084191178e-14 6.278578225293e-14 1.520581249337e-13 3.743417961467e-13 9.364061433692e-13 2.378932046063e-12 6.134198995671e-12 1.604252644261e-11 4.251533824153e-11 1.140581562630e-10 3.093778613522e-10 8.472806813655e-10 2.339092124622e-09 6.497795762783e-09 1.812624324570e-08 5.066446813571e-08 1.415439445491e-07 3.942021690127e-07 1.091309810727e-06 2.994051403680e-06 8.114471002754e-06 2.165182350457e-05 5.668292531867e-05 1.450717455262e-04 3.616668626006e-04 8.750674007914e-04 2.047385930516e-03 4.615605537767e-03 9.991318777266e-03 2.069904923732e-02 4.091487945981e-02 7.695154314760e-02 1.373805679605e-01 2.323648581582e-01 3.718328978269e-01 5.624779732026e-01 8.041764647735e-01 1.087005757828e+00 1.390188415602e+00 1.683775306853e+00 1.932954661955e+00 2.104099859483e+00 2.171383915879e+00 2.122774744064e+00 1.964088430039e+00 1.719638396791e+00 1.428518503985e+00 1.136974814162e+00 8.888950555553e-01 7.169958264909e-01 6.365447660878e-01 6.424277194398e-01 7.101131127023e-01 8.012517226702e-01 8.738571424761e-01 8.946645622427e-01 8.489479588259e-01 7.432853322044e-01 6.001636755152e-01 4.476609539764e-01 3.095582455419e-01 1.999225993749e-01 1.229836644882e-01 7.646479269594e-02 5.572554608857e-02 5.678132623392e-02 7.743094752700e-02 1.166181355670e-01 1.726691433138e-01 2.413509344165e-01 3.148130375767e-01 3.822350732312e-01 4.322859131051e-01 4.565448234548e-01 4.523902445942e-01 4.239959174206e-01 3.809615850451e-01 3.352095535327e-01 2.974564330813e-01 2.745302573991e-01 2.682306533856e-01 2.757417612014e-01 2.911317904543e-01 3.073028326042e-01 3.178147233570e-01 3.181852317227e-01 3.064863784996e-01 2.832631450888e-01 2.509549283129e-01 2.130719354260e-01
3.257716130415e-18 6.477069916402e-18 1.305721140002e-17 2.671604401388e-17 5.552901798261e-17 1.173274281920e-16 2.521428846536e-16 5.513564193938e-16 1.227071553616e-15 2.779857782189e-15 6.410794324971e-15 1.504952211907e-14 3.595898128890e-14 8.743516639271e-14 2.162946568714e-13 5.441716646331e-13 1.391757347363e-12 3.616482354397e-12 9.541257052149e-12 2.553631308041e-11 6.926425760429e-11 1.901710701584e-10 5.277936287075e-10 1.478349261082e-09 4.171537778486e-09 1.183411542356e-08 3.367518865943e-08 9.588115257311e-08 2.724094468212e-07 7.700162673036e-07 2.158746970140e-06 5.982500819482e-06 1.633154355450e-05 4.375822704892e-05 1.146457669420e-04 2.925956756323e-04 7.246355741748e-04 1.734789299556e-03 3.999508772751e-03 8.847168545085e-03 1.871191200800e-02 3.771635356358e-02 7.223638173149e-02 1.311249820650e-01 2.251205794888e-01 3.649950969467e-01 5.583620930771e-01 8.057526669488e-01 1.097264591998e+00 1.411297137928e+00 1.716307972572e+00 1.975450384396e+00 2.153065576768e+00 2.221744182967e+00 2.168737786500e+00 2.000347834722e+00 1.742666578992e+00 1.437529752803e+00 1.134167718758e+00 8.788850103415e-01 7.056814850575e-01 6.297431711319e-01 6.444905035235e-01 7.226989302177e-01 8.226265257754e-01 8.992435968938e-01 9.178464241511e-01 8.645835806947e-01 7.488030531576e-01 5.962904863062e-01 4.374891585409e-01 2.968906553647e-01 1.878530583369e-01 1.132661623890e-01 6.965111600400e-02 5.171369970493e-02 5.539455928453e-02 7.878564089443e-02 1.211797777885e-01 1.809978827294e-01 2.536381827156e-01 3.304198152757e-01 3.994985734994e-01 4.487791708697e-01 4.697531011101e-01 4.605277882644e-01 4.265917991788e-01 3.789630585627e-01 3.306011746891e-01 2.926083640752e-01 2.715558572062e-01 2.685560410536e-01 2.799538680593e-01 2.990606449309e-01 3.182422108166e-01 3.307829460967e-01 3.321520793763e-01 3.205265574199e-01 2.966313909033e-01 2.631033851663e-01 2.236395196391e-01
1.851159299053e-18 3.672206111074e-18 7.387063745975e-18 1.508518697721e-17 3.130185786678e-17 6.604896278972e-17 1.418090013355e-16 3.099436340868e-16 6.898311463657e-16 1.563770846957e-15 3.610935066752e-15 8.493598761505e-15 2.035005846823e-14 4.965764234260e-14 1.233856089650e-13 3.120867487978e-13 8.032490680841e-13 2.102669539220e-12 5.594504908111e-12 1.511749387832e-11 4.144845690461e-11 1.151721338618e-10 3.238968425352e-10 9.204481638140e-10 2.638374894968e-09 7.612442440921e-09 2.205770840054e-08 6.402311982478e-08 1.856261807594e-07 5.359842486511e-07 1.536257796287e-06 4.355886200251e-06 1.217341004280e-05 3.340624284751e-05 8.966559905732e-05 2.344618807962e-04 5.948556889329e-04 1.458437260080e-03 3.441638198070e-03 7.786708240447e-03 1.682816012280e-02 3.461786285597e-02 6.757258710587e-02 1.248104428909e-01 2.176525298041e-01 3.577594888930e-01 5.537450845278e-01 8.068793365240e-01 1.107322952442e+00 1.432621106557e+00 1.749540633264e+00 2.019073169792e+00 2.203410133590e+00 2.273472207475e+00 2.215755244744e+00 2.037085873766e+00 1.765476147497e+00 1.445716011190e+00 1.130220110719e+00 8.678163051798e-01 6.937771144503e-01 6.231022627199e-01 6.475645111789e-01 7.369869449179e-01 8.459446194742e-01 9.261798963305e-01 9.416251406363e-01 8.796586931689e-01 7.528568991568e-01 5.906082121799e-01 4.257282398359e-01 2.831880028365e-01 1.753474403684e-01 1.035644956485e-01 6.311349157851e-02 4.811115555993e-02 5.452953330388e-02 8.084333347218e-02 1.267276891898e-01 1.906515716272e-01 2.675206415799e-01 3.476657852664e-01 4.181062680550e-01 4.659920245025e-01 4.828804965890e-01 4.678493813921e-01 4.279240065501e-01 3.756492873245e-01 3.249877103684e-01 2.872877939099e-01 2.686918718250e-01 2.694838767943e-01 2.850915501214e-01 3.080558007302e-01 3.302397099189e-01 3.447083375200e-01 3.469382005461e-01 3.352506257941e-01 3.105678528431e-01 2.757232435469e-01 2.345917276213e-01
1.044628718258e-18 2.066947744858e-18 4.147627324269e-18 8.450356660103e-18 1.749819980649e-17 3.685720965006e-17 7.902399920620e-17 1.725569054385e-16 3.838938722608e-16 8.703861196567e-16 2.011440103741e-15 4.738400877250e-15 1.137858671082e-14 2.785143433245e-14 6.947805924361e-14 1.765997779767e-13 4.572290209386e-13 1.205277573829e-12 3.232954049753e-12 8.817641915476e-12 2.443146956405e-11 6.869229995556e-11 1.957266736992e-10 5.642808900495e-10 1.643068648220e-09 4.822034312141e-09 1.422995053128e-08 4.211569621303e-08 1.246543593341e-07 3.678234693329e-07 1.078404132612e-06 3.130253149895e-06 8.961749641155e-06 2.520618284392e-05 6.936615205431e-05 1.859925153395e-04 4.838443126294e-04 1.215982465496e-03 2.939860780448e-03 6.809466425930e-03 1.505106335289e-02 3.162821548482e-02 6.297427147778e-02 1.184523771319e-01 2.099698176806e-01 3.501210208498e-01 5.486054109433e-01 8.075254650702e-01 1.117154269940e+00 1.454150996564e+00 1.783485789228e+00 2.063853175804e+00 2.255172568664e+00 2.326604849599e+00 2.263847961898e+00 2.074293891203e+00 1.788025533444e+00 1.453017530756e+00 1.125083107735e+00 8.556805991937e-01 6.813340239035e-01 6.167384726261e-01 6.518202280188e-01 7.531651343652e-01 8.713468076971e-01 9.546903977516e-01 9.658799226472e-01 8.939493388363e-01 7.552141475204e-01 5.829655421995e-01 4.123448549530e-01 2.685109895226e-01 1.625069094522e-01 9.397472398960e-02 5.692555496559e-02 4.497980361234e-02 5.426387940046e-02 8.372752067139e-02 1.334488226019e-01 2.018709860140e-01 2.832485734087e-01 3.667410062252e-01 4.381214291552e-01 4.838325153945e-01 4.957093016062e-01 4.740889120618e-01 4.277684641359e-01 3.709033418767e-01 3.183777216325e-01 2.816024832663e-01 2.660921361878e-01 2.711548658915e-01 2.912323585137e-01 3.180986605470e-01 3.431666494175e-01 3.593553576298e-01 3.622171195857e-01 3.502642583717e-01 3.246357528447e-01 2.883600073536e-01 2.454792399493e-01
5.854757847412e-19 1.155121266362e-18 2.311399680510e-18 4.696606487215e-18 9.701197967891e-18 2.038917469152e-17 4.363517768160e-17 9.514762953543e-17 2.114864833935e-16 4.793319275448e-16 1.108051266723e-15 2.612859222971e-15 6.285427908470e-15 1.542465380049e-14 3.861221182136e-14 9.858106056651e-14 2.566317167521e-13 6.809467954690e-13 1.840687721084e-12 5.065463774231e-12 1.417941259844e-11 4.033058945550e-11 1.164087971652e-10 3.404406956503e-10 1.006969255252e-09 3.006109035824e-09 9.036052796121e-09 2.727634767002e-08 8.244277086131e-08 2.487050118927e-07 7.462354313156e-07 2.218786368035e-06 6.511749545993e-06 1.878600507522e-05 5.304810207751e-05 1.459811665223e-04 3.897408399979e-04 1.004978062490e-03 2.491730939110e-03 5.914414031107e-03 1.338322317716e-02 2.875580342137e-02 5.845584994258e-02 1.120674347936e-01 2.020832271050e-01 3.420756609443e-01 5.429208912415e-01 8.076577479911e-01 1.126729158910e+00 1.475875298545e+00 1.818154465449e+00 2.109819095260e+00 2.308390277736e+00 2.381177765040e+00 2.313036283186e+00 2.111962688959e+00 1.810272066336e+00 1.459374144889e+00 1.118710583232e+00 8.424773208520e-01 6.684166789405e-01 6.107862654581e-01 6.574489768626e-01 7.714389919991e-01 8.989779964951e-01 9.847827292772e-01 9.904564813670e-01 9.071975227880e-01 7.556251163526e-01 5.732174702101e-01 3.973271264583e-01 2.529428869473e-01 1.494467369471e-01 8.459783383682e-02 5.116266735119e-02 4.238850604473e-02 5.469515504962e-02 8.759906166834e-02 1.415831774270e-01 2.149550579892e-01 3.011173322520e-01 3.878490884331e-01 4.595812305302e-01 5.021519764214e-01 5.079576527690e-01 4.789343303945e-01 4.258891303429e-01 3.646307379845e-01 3.108250543888e-01 2.757124521276e-01 2.639561918282e-01 2.737406530719e-01 2.984671779715e-01 3.291677756756e-01 3.568796415968e-01 3.744676120666e-01 3.776407746487e-01 3.651546028594e-01 3.383845348295e-01 3.005501884817e-01 2.558478165314e-01
3.259343574271e-19 6.410146039496e-19 1.278628947454e-18 2.590142067884e-18 5.334686151429e-18 1.118242712397e-17 2.387644491918e-17 5.196426978491e-17 1.153382718146e-16 2.611874875273e-16 6.036321992834e-16 1.424052584118e-15 3.429832491453e-15 8.434168279136e-15 2.117541779850e-14 5.427561504106e-14 1.419977343738e-13 3.790813155945e-13 1.032208617199e-12 2.865002192574e-12 8.099535045674e-12 2.329882315119e-11 6.810877580055e-11 2.020271414293e-10 6.069800152254e-10 1.843273484547e-09 5.644390238099e-09 1.738138643999e-08 5.366465034310e-08 1.655757190613e-07 5.086918861417e-07 1.550221377159e-06 4.667027454891e-06 1.382071314204e-05 4.007961297285e-05 1.132974489334e-04 3.107288884958e-04 8.229100393520e-04 2.094520853352e-03 5.099965462501e-03 1.182651705838e-02 2.600849371760e-02 5.403194227686e-02 1.056735007669e-01 1.940053826878e-01 3.336206175115e-01 5.366687751151e-01 8.072404109015e-01 1.136015088605e+00 1.497779975713e+00 1.853555795853e+00 2.156997499354e+00 2.363098173106e+00 2.437224797073e+00 2.363340043114e+00 2.150083069360e+00 1.832172809297e+00 1.464726297166e+00 1.111060491485e+00 8.282153170801e-01 6.551046889530e-01 6.054005488358e-01 6.646654936121e-01 7.920329753630e-01 9.289856194334e-01 1.016442715532e+00 1.015160893582e+00 9.191078966723e-01 7.538245388541e-01 5.612295643048e-01 3.806882608785e-01 2.365903452917e-01 1.362947906704e-01 7.553799723418e-02 4.590210431918e-02 4.041676319253e-02 5.594880352771e-02 9.266802249786e-02 1.514369274972e-01 2.302702620513e-01 3.214673842213e-01 4.111951963863e-01 4.824757970819e-01 5.207231228277e-01 5.192652482006e-01 4.820254275737e-01 4.220464540206e-01 3.567734331457e-01 3.024430642474e-01 2.698413785114e-01 2.625374473610e-01 2.774501950358e-01 3.069072746387e-01 3.412495096626e-01 3.712377855298e-01 3.897937776242e-01 3.928749959751e-01 3.795344443133e-01 3.514003890135e-01 3.118750130095e-01 2.652918187524e-01
1.802499218764e-19 3.532661751646e-19 7.021996973600e-19 1.417572693042e-18 2.910006980252e-18 6.081046176480e-18 1.294789071246e-17 2.811170746126e-17 6.227437468293e-17 1.408236451492e-16 3.251986586666e-16 7.671016190618e-16 1.848754698544e-15 4.552912937508e-15 1.145814133581e-14 2.946800490866e-14 7.743816454891e-14 2.078897524287e-13 5.699409019593e-13 1.594840718104e-12 4.551788944167e-12 1.323771113816e-11 3.918218636493e-11 1.178604648391e-10 3.596506884782e-10 1.111016190157e-09 3.466087543835e-09 1.089052072452e-08 3.435706895804e-08 1.084604765572e-07 3.413590620655e-07 1.066860680925e-06 3.296993375109e-06 1.002996292888e-05 2.989667299246e-05 8.689457593884e-05 2.450563096484e-04 6.672307363673e-04 1.745256300983e-03 4.363988451811e-03 1.038204782712e-02 2.339351180923e-02 4.971725020847e-02 9.928967733132e-02 1.857508970244e-01 3.247545463850e-01 5.298257760601e-01 8.062349165632e-01 1.144975848727e+00 1.519847838432e+00 1.889696229429e+00 2.205411665150e+00 2.419327281353e+00 2.494776961459e+00 2.414778493000e+00 2.188646683558e+00 1.853685913223e+00 1.469016611124e+00 1.102096515501e+00 8.129144270631e-01 6.414941832720e-01 6.007579550513e-01 6.737089329784e-01 8.151899738821e-01 9.615158318492e-01 1.049627430942e+00 1.039752844634e+00 9.293454707276e-01 7.495349193526e-01 5.468838949863e-01 3.624707264169e-01 2.195838806883e-01 1.231895628987e-01 6.690082158517e-02 4.122390377649e-02 3.915969228149e-02 5.818784699926e-02 9.920692502430e-02 1.633951519965e-01 2.482560952226e-01 3.446762696571e-01 4.369633945076e-01 5.067174746052e-01 5.392126996698e-01 5.291792517704e-01 4.829559388595e-01 4.160112970411e-01 3.473278464291e-01 2.934202859672e-01 2.642869857180e-01 2.621485473754e-01 2.825322801635e-01 3.166870848901e-01 3.543446117673e-01 3.861163178448e-01 4.051105645306e-01 4.076322714848e-01 3.930834163675e-01 3.633532070986e-01 3.220098465020e-01 2.735029254333e-01
9.903692798310e-20 1.933687363817e-19 3.828965950520e-19 7.700308177671e-19 1.574847423329e-18 3.279300507386e-18 6.959453885368e-18 1.506569221663e-17 3.329094908583e-17 7.513319886221e-17 1.732619871545e-16 4.084115392406e-16 9.843303628121e-16 2.426206013507e-15 6.116810082453e-15 1.577490197071e-14 4.161470326588e-14 1.122820083049e-13 3.097708498442e-13 8.734693181717e-13 2.515668655817e-12 7.393980533619e-12 2.215276528360e-11 6.755872327319e-11 2.093538860543e-10 6.578459961689e-10 2.091021051647e-09 6.704679591292e-09 2.161846502085e-08 6.985391990174e-08 2.253323140716e-07 7.226610695108e-07 2.294092967897e-06 7.175095517658e-06 2.200211288303e-05 6.581488352568e-05 1.910533179039e-04 5.353927578328e-04 1.440757609514e-03 3.703823382587e-03 9.050100525013e-03 2.091731865517e-02 4.552640855224e-02 9.293622992269e-02 1.773364905790e-01 3.154777379831e-01 5.223680393837e-01 8.045995012888e-01 1.153570720374e+00 1.542057510672e+00 1.926578193512e+00 2.255079691310e+00 2.477102550854e+00 2.553860851355e+00 2.467370146531e+00 2.227647333059e+00 1.874772737906e+00 1.472192196033e+00 1.091790099192e+00 7.966067323638e-01 6.276979460750e-01 5.970559646049e-01 6.848410023402e-01 8.411675270145e-01 9.967066560292e-01 1.084256383156e+00 1.063939188807e+00 9.375358334130e-01 7.424732527467e-01 5.300874490555e-01 3.427512868158e-01 2.020781207228e-01 1.102778507530e-01 5.879178896372e-02 3.721260536122e-02 3.873449679345e-02 6.162422342362e-02 1.075645949364e-01 1.779320930690e-01 2.694231548295e-01 3.711383458781e-01 4.652801069224e-01 5.320995248759e-01 5.571506658591e-01 5.371440243362e-01 4.812835266225e-01 4.075865220325e-01 3.363674366537e-01 2.840367919484e-01 2.594288709171e-01 2.631619048189e-01 2.892717673589e-01 3.279599411119e-01 3.684674329947e-01 4.014127484494e-01 4.202376685237e-01 4.216953604050e-01 4.055783538838e-01 3.740308638659e-01 3.307595825205e-01 2.803043038071e-01
5.406963078762e-20 1.051432416059e-19 2.073341335393e-19 4.152189164303e-19 8.456827541058e-19 1.753913883496e-18 3.708154322493e-18 7.999529960473e-18 1.762261131548e-17 3.966963293673e-17 9.129808631269e-17 2.149185976363e-16 5.176732473788e-16 1.276259790799e-15 3.221280628946e-15 8.325253632929e-15 2.203337504182e-14 5.971263444756e-14 1.656835709291e-13 4.705136713591e-13 1.366804438381e-12 4.058247528774e-12 1.230284789103e-11 3.802870483056e-11 1.196507037745e-10 3.824036557051e-10 1.238445185830e-09 4.052851240812e-09 1.335951075133e-08 4.419993368292e-08 1.462017947146e-07 4.814316501626e-07 1.571018539609e-06 5.055726159359e-06 1.596341266285e-05 4.919323099229e-05 1.471482779629e-04 4.248824651087e-04 1.177685089207e-03 3.116312797841e-03 7.830109086137e-03 1.858548442905e-02 4.147381036705e-02 8.663449365335e-02 1.687810820793e-01 3.057922828358e-01 5.142710486394e-01 8.022885357546e-01 1.161753325213e+00 1.564381937105e+00 1.964198126390e+00 2.306011758715e+00 2.536439679651e+00 2.614496325509e+00 2.521132555225e+00 2.267082900281e+00 1.895401005412e+00 1.474207923965e+00 1.080122900439e+00 7.793372507755e-01 6.138437102215e-01 5.945089333581e-01 6.983401411248e-01 8.702299083366e-01 1.034677824078e+00 1.120201556215e+00 1.087369430742e+00 9.432697903365e-01 7.323625492813e-01 5.107836572788e-01 3.216469509793e-01 1.842517490296e-01 9.771217170185e-02 5.131511395269e-02 3.396017486011e-02 3.928866921995e-02 6.653166185439e-02 1.181795663052e-01 1.956163784009e-01 2.943398582479e-01 4.012283247215e-01 4.961617791312e-01 5.582458370973e-01 5.739005660904e-01 5.425003343902e-01 4.765520431182e-01 3.966382942604e-01 3.240697823399e-01 2.746799251156e-01 2.557319147391e-01 2.660033509808e-01 2.979774554590e-01 3.408846565773e-01 3.836355922891e-01 4.170428180345e-01 4.350410975186e-01 4.349267992464e-01 4.169064393951e-01 3.833533898808e-01 3.380720505223e-01 2.856624232632e-01
2.933622165935e-20 5.680054014064e-20 1.115058220677e-19 2.222921373464e-19 4.506857524310e-19 9.305325863622e-19 1.958918487345e-18 4.208990748330e-18 9.238454379824e-18 2.073018604518e-17 4.758407827539e-17 1.117907357393e-16 2.689268047713e-16 6.627007182739e-16 1.673403139661e-15 4.331108273961e-15 1.149191000466e-14 3.126172251821e-14 8.718345272766e-14 2.492031688019e-13 7.297560382504e-13 2.187783807351e-12 6.708213575296e-12 2.100963619753e-11 6.709959016355e-11 2.180860988189e-10 7.195964210508e-10 2.403663349365e-09 8.101699621767e-09 2.745466924730e-08 9.316318079910e-08 3.151735529916e-07 1.057966962893e-06 3.506026563106e-06 1.140944426084e-05 3.625827671863e-05 1.118807621654e-04 3.332521776182e-04 9.525881130061e-04 2.597841498284e-03 6.720635696130e-03 1.640256341113e-02 3.757340925388e-02 8.040674064006e-02 1.601058522572e-01 2.957022363411e-01 5.055095016021e-01 7.992517382474e-01 1.169470180596e+00 1.586786474872e+00 2.002543918405e+00 2.358206525200e+00 2.597340928727e+00 2.676693453452e+00 2.576082097445e+00 2.306958124440e+00 1.915549224225e+00 1.475030850830e+00 1.067089708228e+00 7.611639172367e-01 6.000702662814e-01 5.933405662852e-01 7.144913677281e-01 9.026361011791e-01 1.075518090919e+00 1.157277932100e+00 1.109635282894e+00 9.461143186940e-01 7.189491278127e-01 4.889670193396e-01 2.993213808944e-01 1.663068316760e-01 8.564793317759e-02 4.457328931433e-02 3.157051722270e-02 4.101032332938e-02 7.326007986093e-02 1.315918833604e-01 2.171083752223e-01 3.236039126132e-01 4.352457561339e-01 5.294474138316e-01 5.845567158177e-01 5.886388251902e-01 5.445012925328e-01 4.683304165912e-01 3.831381121643e-01 3.107469353198e-01 2.658573065528e-01 2.537431536801e-01 2.711371226818e-01 3.089603142230e-01 3.556022678378e-01 3.998497959234e-01 4.329259207583e-01 4.494238580875e-01 4.472622492913e-01 4.270580403907e-01 3.913632452371e-01 3.440254572668e-01 2.896727730840e-01
1.582023022574e-20 3.049078392268e-20 5.957111694754e-20 1.181753630287e-19 2.384063787687e-19 4.898149715390e-19 1.026195726399e-18 2.194851643568e-18 4.797145285856e-18 1.072329293199e-17 2.453319037335e-17 5.748197543162e-17 1.380065374274e-16 3.396799161087e-16 8.574912778405e-16 2.220954497165e-15 5.903729677143e-15 1.610914086516e-14 4.512333387087e-14 1.297363621285e-13 3.827453882712e-13 1.157951808907e-12 3.589369929569e-12 1.138574889274e-11 3.690011605869e-11 1.219411623503e-10 4.099027843180e-10 1.397600801727e-09 4.817606471350e-09 1.672674565146e-08 5.825407244362e-08 2.025831955492e-07 7.000137364144e-07 2.390837867838e-06 8.026327660327e-06 2.633170121270e-05 8.391156812762e-05 2.581502064661e-04 7.619567826862e-04 2.144387361805e-03 5.719365797588e-03 1.437197534579e-02 3.383850412476e-02 7.427601333726e-02 1.513342947641e-01 2.852138137654e-01 4.960572168459e-01 7.954333315864e-01 1.176659082846e+00 1.609226727258e+00 2.041591977639e+00 2.411646858430e+00 2.659790017865e+00 2.740448794874e+00 2.632233904744e+00 2.347288406738e+00 1.935212573224e+00 1.474645870078e+00 1.052701838664e+00 7.421568749256e-01 5.865215067677e-01 5.937731808399e-01 7.335725450122e-01 9.386249964110e-01 1.119271969128e+00 1.195236872751e+00 1.130276490718e+00 9.456310540701e-01 7.020255157173e-01 4.646997103302e-01 2.759905874441e-01 1.484669038380e-01 7.424032450299e-02 3.866766870097e-02 3.016616183311e-02 4.414129393937e-02 8.225164652067e-02 1.484520750130e-01 2.431467529658e-01 3.577952598214e-01 4.733397656749e-01 5.647203593181e-01 6.101598387740e-01 6.003533439868e-01 5.423525984697e-01 4.562709917359e-01 3.672144442067e-01 2.968761139915e-01 2.582041167706e-01 2.540798530083e-01 2.790409349608e-01 3.225020035656e-01 3.722041147531e-01 4.170659624394e-01 4.489624956137e-01 4.633062345250e-01 4.586893408443e-01 4.361004681558e-01 3.981928605415e-01 3.487912780510e-01 2.925212538057e-01
8.480961918098e-21 1.626680463632e-20 3.162016025353e-20 6.239783302494e-20 1.252065997477e-19 2.558581464107e-19 5.331982279743e-19 1.134574242559e-18 2.467759320203e-18 5.491709509815e-18 1.251421025524e-17 2.922161275793e-17 6.996658284565e-17 1.718771278995e-16 4.334300178568e-16 1.122539251789e-15 2.987053866590e-15 8.169190830798e-15 2.296616398207e-14 6.637065883765e-14 1.971302011248e-13 6.014736253276e-13 1.883775339307e-12 6.049231161093e-12 1.988700025030e-11 6.680240598243e-11 2.287337564213e-10 7.960578725292e-10 2.806677761483e-09 9.986850789506e-09 3.571156652259e-08 1.277319089218e-07 4.546601038739e-07 1.601746340459e-06 5.552601437279e-06 1.882552514624e-05 6.202949772372e-05 1.973478670170e-04 6.022749074825e-04 1.751582567657e-03 4.823121308493e-03 1.249589957552e-02 3.028151346932e-02 6.826593020676e-02 1.424922682135e-01 2.743356626307e-01 4.858871602085e-01 7.907712742565e-01 1.183247504103e+00 1.631646421335e+00 2.081304299805e+00 2.466295297004e+00 2.723746416518e+00 2.805741215904e+00 2.689602129841e+00 2.388104829821e+00 1.954410324820e+00 1.473062584619e+00 1.036991001084e+00 7.223972904616e-01 5.733390546996e-01 5.960150242709e-01 7.558390361135e-01 9.784004315258e-01 1.165928842475e+00 1.233765029962e+00 1.148794509678e+00 9.414021630127e-01 6.814571992746e-01 4.381278020948e-01 2.519260847564e-01 1.309730112639e-01 6.364095123227e-02 3.370059165847e-02 2.989795876472e-02 4.899393000848e-02 9.405875267363e-02 1.695258509060e-01 2.745212045222e-01 3.974082328762e-01 5.154163124614e-01 6.012280642263e-01 6.338791807332e-01 6.078729068973e-01 5.352829183976e-01 4.401868392910e-01 3.492097456349e-01 2.831258346711e-01 2.524808468126e-01 2.574065745852e-01 2.901706431199e-01 3.388150691826e-01 3.906945078185e-01 4.351642862565e-01 4.650086266263e-01 4.766009264179e-01 4.692172525355e-01 4.441382057345e-01 4.040156649332e-01 3.525795600203e-01 2.944286320180e-01
4.520318163244e-21 8.626387460022e-21 1.667882048100e-20 3.272963310920e-20 6.529748837360e-20 1.326573332597e-19 2.748471857556e-19 5.815131899395e-19 1.257922163081e-18 2.785028849186e-18 6.316686564614e-18 1.468896701779e-17 3.504782957822e-17 8.586175616237e-17 2.161161934160e-16 5.592196306994e-16 1.488388115635e-15 4.076441910586e-15 1.149254739658e-14 3.335702670527e-14 9.967045782747e-14 3.064851602185e-13 9.692445703582e-13 3.149164496850e-12 1.049720429628e-11 3.583043039061e-11 1.249417748747e-10 4.438163213425e-10 1.600600907543e-09 5.838118240573e-09 2.144292870148e-08 7.892620018157e-08 2.895963674091e-07 1.053242073971e-06 3.773921194820e-06 1.323773540272e-05 4.515481326118e-05 1.487626754692e-04 4.700728123437e-04 1.414784321623e-03 4.027894254091e-03 1.077518797403e-02 2.691374667187e-02 6.240047021347e-02 1.336080649405e-01 2.630792561694e-01 4.749716865552e-01 7.851967115670e-01 1.189151219345e+00 1.653975653144e+00 2.121626039779e+00 2.522089773028e+00 2.789139443786e+00 2.872527502131e+00 2.748200714295e+00 2.429460528027e+00 1.973194839529e+00 1.470323296583e+00 1.020013611428e+00 7.019760608976e-01 5.606545445772e-01 6.002475967854e-01 7.815095878511e-01 1.022119466552e+00 1.215417715270e+00 1.272490987507e+00 1.164674314846e+00 9.330616686138e-01 6.572098133093e-01 4.094937225236e-01 2.274533781537e-01 1.140770188553e-01 5.399445171728e-02 2.977981004734e-02 3.095893607905e-02 5.597273115167e-02 1.093639282596e-01 1.956923593773e-01 3.120278277005e-01 4.427618787430e-01 5.610337018302e-01 6.378127603115e-01 6.542369915925e-01 6.099375147704e-01 5.226459117125e-01 4.201427025087e-01 3.297351220708e-01 2.703708792396e-01 2.495572957581e-01 2.643993739065e-01 3.049149621186e-01 3.579977486587e-01 4.109531443335e-01 4.539217976755e-01 4.808548808987e-01 4.891901497031e-01 4.788445338174e-01 4.512681592304e-01 4.089905668807e-01 3.555777626937e-01 2.955896100219e-01
2.395818218356e-21 4.548064946427e-21 8.744318141936e-21 1.705831551541e-20 3.382413994759e-20 6.828642895109e-20 1.405877116964e-19 2.955936227028e-19 6.355409754754e-19 1.398934506124e-18 3.155779374084e-18 7.302595852356e-18 1.734930537268e-17 4.235161196627e-17 1.063092487387e-16 2.745979502722e-16 7.303597929269e-16 2.001443507383e-15 5.653531773552e-15 1.646641369058e-14 4.945613632037e-14 1.531456531495e-13 4.886873084262e-13 1.605504138519e-12 5.423380593760e-12 1.880293382896e-11 6.675396318353e-11 2.419882646127e-10 8.927153962271e-10 3.338364418156e-09 1.259868192928e-08 4.774535850983e-08 1.807101072345e-07 6.790646043822e-07 2.517501523931e-06 9.146490725275e-06 3.233941635988e-05 1.104770514825e-04 3.619783391746e-04 1.129153529415e-03 3.328901825422e-03 9.209302151823e-03 2.374517862996e-02 5.670373770951e-02 1.247124999347e-01 2.514594395275e-01 4.632830736796e-01 7.786337703073e-01 1.194273341887e+00 1.676129821616e+00 2.162484073676e+00 2.578940154719e+00 2.855862572672e+00 2.940737975354e+00 2.808044826232e+00 2.471438520589e+00 1.991662121467e+00 1.466511989901e+00 1.001855511798e+00 6.809928216807e-01 5.485827319545e-01 6.066150825994e-01 8.107563735695e-01 1.069887170078e+00 1.267610287102e+00 1.311000669529e+00 1.177413004024e+00 9.203286684253e-01 6.293723001943e-01 3.791413527332e-01 2.029440387335e-01 9.803201427396e-02 4.543574833169e-02 2.702632219085e-02 3.360378819189e-02 6.560197896811e-02 1.290009315796e-01 2.279322970493e-01 3.564027162706e-01 4.938887822422e-01 6.092958342975e-01 6.728694889558e-01 6.695037712323e-01 6.053152351168e-01 5.040488394213e-01 3.965487527443e-01 3.097120176776e-01 2.596887086228e-01 2.503788196273e-01 2.756959567492e-01 3.235418479644e-01 3.799877991578e-01 4.327038087918e-01 4.729957750305e-01 4.962165342579e-01 5.009116569440e-01 4.875328134668e-01 4.575391987981e-01 4.132110614143e-01 3.578956888966e-01 2.961193938977e-01
1.262903042877e-21 2.384377806575e-21 4.557589781190e-21 8.835947882341e-21 1.740704864917e-20 3.490781933676e-20 7.137989603403e-20 1.490599109234e-19 3.183414951869e-19 6.961908484998e-19 1.560869555400e-18 3.591401571321e-18 8.488732170695e-18 2.063015410362e-17 5.159714569705e-17 1.329169279978e-16 3.529512982623e-16 9.668244874754e-16 2.733701874182e-15 7.982341658759e-15 2.407676676246e-14 7.501513826919e-14 2.413406368609e-13 8.011574934361e-13 2.740877120660e-12 9.647317808930e-12 3.485755212116e-11 1.289270021325e-10 4.864967432387e-10 1.865453313258e-09 7.235791132620e-09 2.824683729600e-08 1.103539379862e-07 4.288190855329e-07 1.646508197798e-06 6.203220570904e-06 2.276392613739e-05 8.075199783673e-05 2.747643198770e-04 8.897392210391e-04 2.720662833872e-03 7.796278893714e-03 2.078423214817e-02 5.119970456466e-02 1.158390084004e-01 2.394951325948e-01 4.507943870382e-01 7.709997529920e-01 1.198503846184e+00 1.698009445063e+00 2.203786938345e+00 2.636726080719e+00 2.923768245027e+00 3.010272174775e+00 2.869152977885e+00 2.514161169217e+00 2.009964072055e+00 1.461764277494e+00 9.826370739039e-01 6.595555580343e-01 5.372163185336e-01 6.152174554586e-01 8.437013208978e-01 1.121760112709e+00 1.322333724045e+00 1.348861084210e+00 1.186552485728e+00 9.030380441694e-01 5.981715904055e-01 3.475109736814e-01 1.788007084646e-01 8.308050728772e-02 3.808913147817e-02 2.558712857406e-02 3.817572362844e-02 7.856008197319e-02 1.539744867296e-01 2.672995954324e-01 4.082280550444e-01 5.504047149761e-01 6.587567560410e-01 7.043499632188e-01 6.778079968174e-01 5.929636473527e-01 4.794949580594e-01 3.702416965815e-01 2.903890797081e-01 2.523304975894e-01 2.559117947743e-01 2.918317073400e-01 3.461395059803e-01 4.045211111613e-01 4.554964664350e-01 4.919246084406e-01 5.107404278158e-01 5.115582483190e-01 4.951917833881e-01 4.629233671883e-01 4.166684465088e-01 3.595272856471e-01 2.960186743545e-01
6.621983210803e-22 1.243240131883e-21 2.362025944797e-21 4.549820889711e-21 8.902334007170e-21 1.772627057583e-20 3.598364242123e-20 7.459156413657e-20 1.581383798612e-19 3.433645205896e-19 7.645350726031e-19 1.747718298591e-18 4.106313157674e-18 9.926393159699e-18 2.471311387768e-17 6.342880789894e-17 1.679889017787e-16 4.595120285590e-16 1.299217019972e-15 3.799428199619e-15 1.149741422628e-14 3.600827904382e-14 1.166945295561e-13 3.911033719490e-13 1.354150033240e-12 4.836024078352e-12 1.777548466280e-11 6.706098414920e-11 2.588028819482e-10 1.017611786457e-09 4.057901603182e-09 1.632507685207e-08 6.587446881518e-08 2.649241922077e-07 1.054588409046e-06 4.124957667105e-06 1.573195874929e-05 5.803543482061e-05 2.053908341749e-04 6.915659518244e-04 2.197094177342e-03 6.532726676511e-03 1.803757101075e-02 4.591191871568e-02 1.070237242989e-01 2.272101608952e-01 4.374806668556e-01 7.622057118404e-01 1.201719516563e+00 1.719500843350e+00 2.245426361532e+00 2.695296375894e+00 2.992663278664e+00 3.080994433153e+00 2.931549752451e+00 2.557801458185e+00 2.028322771243e+00 1.456278517085e+00 9.625187408976e-01 6.377809328065e-01 5.266228087779e-01 6.261077964750e-01 8.804194328617e-01 1.177759178886e+00 1.379392983022e+00 1.385650766442e+00 1.191712949709e+00 8.811645707272e-01 5.639756180665e-01 3.151230581440e-01 1.554359840042e-01 6.944213518227e-02 3.207093711723e-02 2.565484851944e-02 4.514250554238e-02 9.572025348476e-02 1.854732275933e-01 3.148670168747e-01 4.678043145401e-01 6.113649912194e-01 7.073547926603e-01 7.298309874268e-01 6.773109023297e-01 5.722244271915e-01 4.495198442262e-01 3.425356322956e-01 2.733235667334e-01 2.496619130982e-01 2.670668425468e-01 3.131630452631e-01 3.725567229560e-01 4.311020573963e-01 4.787094655521e-01 5.101503631362e-01 5.240299615126e-01 5.208911700605e-01 5.016768701202e-01 4.673022918266e-01 4.192346083813e-01 3.603356806985e-01 2.951632084204e-01
3.454445679949e-22 6.448336388832e-22 1.217494645435e-21 2.329509126769e-21 4.525635463601e-21 8.944288862367e-21 1.801655185695e-20 3.705315667531e-20 7.793333308376e-20 1.678908497451e-19 3.709749565137e-19 8.418580467269e-19 1.964441469868e-18 4.719030489538e-18 1.168356112350e-17 2.984655363467e-17 7.875679050182e-17 2.148901812110e-16 6.068829706499e-16 1.775499395611e-15 5.384492836548e-15 1.693329880686e-14 5.522344337697e-14 1.866891568635e-13 6.536457134411e-13 2.366827218993e-12 8.845094243025e-12 3.402383883540e-11 1.342624083029e-10 5.413381775580e-10 2.219661239490e-09 9.206240285201e-09 3.839299391588e-08 1.599297551369e-07 6.606994716618e-07 2.686251508562e-06 1.066202375052e-05 4.096510393032e-05 1.510407263629e-04 5.297210275767e-04 1.751624891938e-03 5.413854804585e-03 1.550990571609e-02 4.086316590743e-02 9.830549647000e-02 2.146341588988e-01 4.233203823933e-01 7.521573074403e-01 1.203784125826e+00 1.740477507173e+00 2.287280379781e+00 2.754470214989e+00 3.062304765561e+00 3.152728933090e+00 2.995268912456e+00 2.602596483622e+00 2.047047499892e+00 1.450328637423e+00 9.417072098319e-01 6.157952614724e-01 5.168430841749e-01 6.392932288376e-01 9.209483611297e-01 1.237890898852e+00 1.438601512499e+00 1.420994889151e+00 1.192624270954e+00 8.548377293606e-01 5.272836304230e-01 2.825521416778e-01 1.332477483932e-01 5.730342589129e-02 2.749804296636e-02 2.749654875983e-02 5.514334443979e-02 1.181950997430e-01 2.248662593321e-01 3.716325306853e-01 5.349835467037e-01 6.751198539133e-01 7.523998948030e-01 7.466638479099e-01 6.664420178735e-01 5.430296338821e-01 4.152974258925e-01 3.152264728788e-01 2.603201986126e-01 2.530715715244e-01 2.846003581221e-01 3.397817446678e-01 4.023494788551e-01 4.589935161121e-01 5.015770630197e-01 5.270634775510e-01 5.356848572820e-01 5.286630678709e-01 5.067966786055e-01 4.704680318489e-01 4.206649885759e-01 3.600622808120e-01 2.933182795429e-01
1.793123585976e-22 3.327620687935e-22 6.242746139911e-22 1.186232907954e-21 2.287557741368e-21 4.485809038786e-21 8.962307842389e-21 1.827768013544e-20 3.811636601379e-20 8.141543686274e-20 1.783903574018e-19 4.015367295676e-19 9.297256829501e-19 2.217304569905e-18 5.453710001546e-18 1.385180646272e-17 3.637610787741e-17 9.889119428813e-17 2.786372699852e-16 8.145515842447e-16 2.472706383828e-15 7.799424946001e-15 2.556808228395e-14 8.709635821100e-14 3.080816445447e-13 1.130161169600e-12 4.291321254622e-12 1.682245737581e-11 6.785774389091e-11 2.805243316555e-10 1.182870345196e-09 5.059672088120e-09 2.181960535814e-08 9.421986960139e-08 4.043626552063e-07 1.710998175288e-06 7.077542055399e-06 2.836621547095e-05 1.091471370864e-04 3.994382545092e-04 1.377324440346e-03 4.433536275780e-03 1.320381538067e-02 3.607507183639e-02 8.972579242850e-02 2.018034692724e-01 4.082970781799e-01 7.407558113565e-01 1.204548544448e+00 1.760801793733e+00 2.329217965373e+00 2.814040161962e+00 3.132396321485e+00 3.225253631921e+00 3.060356519691e+00 2.648863672447e+00 2.066555650665e+00 1.444279676063e+00 9.204627006832e-01 5.937360224690e-01 5.078909834066e-01 6.547381511587e-01 9.653026535098e-01 1.302175934880e+00 1.499819133836e+00 1.454603590638e+00 1.189153728961e+00 8.243464646262e-01 4.887050562001e-01 2.503939953905e-01 1.125946530337e-01 4.681259259290e-02 2.450474009224e-02 3.149452661215e-02 6.904765136930e-02 1.473793944513e-01 2.736685955132e-01 4.383712595334e-01 6.089643743586e-01 7.391914234999e-01 7.906428293586e-01 7.522149775132e-01 6.441789490879e-01 5.060898726320e-01 3.786915049758e-01 2.905388303505e-01 2.533251898385e-01 2.638479608049e-01 3.089972890176e-01 3.714270445457e-01 4.347437059227e-01 4.872349926296e-01 5.232447450687e-01 5.420652522227e-01 5.453475074474e-01 5.346423856271e-01 5.103243268013e-01 4.721344323090e-01 4.206183294299e-01 3.583558743290e-01 2.901730418539e-01
9.262993577834e-23 1.708806761346e-22 3.184954714574e-22 6.009218851956e-22 1.150014617275e-21 2.236861525666e-21 4.430986481309e-21 8.956538310691e-21 1.850863497287e-20 3.917176840517e-20 8.504694452420e-20 1.897186129796e-19 4.354844959436e-19 1.030083758225e-18 2.514356869997e-18 6.342398797791e-18 1.655664447585e-17 4.479186207324e-17 1.257565663420e-16 3.668773065568e-16 1.113395133157e-15 3.517908148037e-15 1.157825801550e-14 3.969629309419e-14 1.417092443425e-13 5.261582564031e-13 2.028336492564e-12 8.098229038826e-12 3.337786305913e-11 1.414490425566e-10 6.133792349101e-10 2.706591992602e-09 1.207614307202e-08 5.409723208408e-08 2.414314374952e-07 1.064490861947e-06 4.595549161498e-06 1.924427329185e-05 7.741221109571e-05 2.961749803594e-04 1.067041244917e-03 3.584405081945e-03 1.111959230320e-02 3.156763807703e-02 8.132844374004e-02 1.887619619126e-01 3.924011402080e-01 7.278991337089e-01 1.203850452176e+00 1.780326528133e+00 2.371105066429e+00 2.873777390984e+00 3.202584667470e+00 3.298292356058e+00 3.126873565611e+00 2.697020429371e+00 2.087399140303e+00 1.438607519129e+00 8.991080765524e-01 5.717539277657e-01 4.997531894432e-01 6.723683863945e-01 1.013491218975e+00 1.370683968838e+00 1.562996961656e+00 1.486313352005e+00 1.181329876664e+00 7.901348066206e-01 4.489299001214e-01 2.192304673225e-01 9.377575618954e-02 3.808228604411e-02 2.327083275021e-02 3.820215404122e-02 8.802520272006e-02 1.849804217413e-01 3.334552676257e-01 5.154192685422e-01 6.880610538360e-01 8.002082264138e-01 8.184568675605e-01 7.441965837549e-01 6.103410466715e-01 4.630299271326e-01 3.422336245779e-01 2.710116453508e-01 2.542776733049e-01 2.830279674212e-01 3.403414022544e-01 4.074069852613e-01 4.686272562319e-01 5.146965283219e-01 5.428505248929e-01 5.546386828545e-01 5.527442487188e-01 5.386297550008e-01 5.120063842336e-01 4.719541985240e-01 4.186878186400e-01 3.548147871677e-01 2.853865447330e-01
4.762853980585e-23 8.733787806964e-23 1.617115731741e-22 3.029110318025e-22 5.751700634211e-22 1.109379977881e-21 2.178057066523e-21 4.361675731861e-21 8.926791246811e-21 1.870764535313e-20 4.021657021469e-20 8.883673851420e-20 2.019711415201e-19 4.733509746819e-19 1.145398131932e-18 2.866124780938e-18 7.428373512703e-18 1.997336290204e-17 5.580289105625e-17 1.622431156874e-16 4.915528423505e-16 1.553650785160e-15 5.126858627625e-15 1.766870526347e-14 6.357935797822e-14 2.386774016014e-13 9.332690884040e-13 3.792151148970e-12 1.596169263914e-11 6.931961058061e-11 3.091148097068e-10 1.407365065819e-09 6.499702826006e-09 3.022786820026e-08 1.404252551684e-07 6.459489731363e-07 2.914669226227e-06 1.277374304696e-05 5.381660893167e-05 2.156794858054e-04 8.135469961841e-04 2.857988591675e-03 9.255119332321e-03 2.735871516866e-02 7.315919514782e-02 1.755617021984e-01 3.756316361544e-01 7.134827983340e-01 1.201513360395e+00 1.798896066768e+00 2.412812100627e+00 2.933439810788e+00 3.272456954870e+00 3.371504379507e+00 3.194897357885e+00 2.747608012473e+00 2.110298518475e+00 1.433924959214e+00 8.780410151888e-01 5.500159141346e-01 4.923891146840e-01 6.920754584280e-01 1.065537565786e+00 1.443575789353e+00 1.628231014049e+00 1.516132729985e+00 1.169363487593e+00 7.527902196730e-01 4.086943292326e-01 1.895964260826e-01 7.701782412919e-02 3.120292429885e-02 2.406431048850e-02 4.841816599836e-02 1.136245049010e-01 2.330185873607e-01 4.056996337492e-01 6.023833756152e-01 7.694780044990e-01 8.539470938939e-01 8.321572559423e-01 7.210675571341e-01 5.658535002926e-01 4.164388027464e-01 3.090175948925e-01 2.593261658618e-01 2.649233216173e-01 3.112224006064e-01 3.781845140056e-01 4.465465186507e-01 5.025865030769e-01 5.401729394955e-01 5.596244508277e-01 5.644136661690e-01 5.577090101414e-01 5.404588414299e-01 5.115656474206e-01 4.695384166976e-01 4.144384534207e-01 3.490345912063e-01 2.786365906117e-01
2.437926386621e-23 4.443627337751e-23 8.172934903027e-23 1.519728328316e-22 2.862681813801e-22 5.474005124715e-22 1.064843372153e-21 2.111727282527e-21 4.278263653284e-21 8.872595108378e-21 1.887233204338e-20 4.124709405495e-20 9.279507005137e-20 2.152647890889e-19 5.158059507279e-19 1.278856297983e-18 3.286629559373e-18 8.771179771194e-18 2.435169701658e-17 7.045766817973e-17 2.127961207205e-16 6.718105439074e-16 2.219440963132e-15 7.677584009425e-15 2.781096365732e-14 1.054280057515e-13 4.176929906116e-13 1.725751328826e-12 7.413149275902e-12 3.297814047045e-11 1.511988891473e-10 7.103515931755e-10 3.397116570781e-09 1.641292608587e-08 7.944370656453e-08 3.817251402606e-07 1.802928281596e-06 8.283415190516e-06 3.661995019739e-05 1.540462399770e-04 6.096818500310e-04 2.244874876549e-03 7.605794197204e-03 2.346342879419e-02 6.526503678549e-02 1.622634138592e-01 3.579982248688e-01 6.974008841140e-01 1.197344710765e+00 1.816346405333e+00 2.454223094365e+00 2.992784416799e+00 3.341539962751e+00 3.444470887503e+00 3.264520535270e+00 2.801320379509e+00 2.136187563633e+00 1.431016993417e+00 8.577509973597e-01 5.287098634294e-01 4.857310898499e-01 7.137211384456e-01 1.121503837193e+00 1.521155454037e+00 1.695828199367e+00 1.544295005823e+00 1.153666932279e+00 7.130266247404e-01 3.687448947073e-01 1.619524759586e-01 6.247285110245e-02 2.626908457082e-02 2.730292567616e-02 6.328276666706e-02 1.478514250533e-01 2.937728168706e-01 4.915110249559e-01 6.977885473356e-01 8.491461830672e-01 8.955402035364e-01 8.284661516613e-01 6.824607662765e-01 5.129299445089e-01 3.698098658324e-01 2.825125041762e-01 2.580843565943e-01 2.865954970797e-01 3.484278398007e-01 4.214344287658e-01 4.871864542525e-01 5.350022930083e-01 5.625159855904e-01 5.729912492856e-01 5.712099486891e-01 5.601793598759e-01 5.399791552159e-01 5.086985693074e-01 4.644781304542e-01 4.074470615820e-01 3.406551175985e-01 2.696640479175e-01
1.242426207096e-23 2.250967406529e-23 4.112439580024e-23 7.590536704459e-23 1.418254142502e-22 2.688153141017e-22 5.179775671816e-22 1.016893059768e-21 2.038411737110e-21 4.181052118597e-21 8.793289020923e-21 1.899993269725e-20 4.225939519631e-20 9.693582095366e-20 2.297484022524e-19 5.637119214360e-19 1.434660032878e-18 3.794903949066e-18 1.045438208800e-17 3.005513598967e-17 9.034334887550e-17 2.844320068059e-16 9.392356078444e-16 3.256111964971e-15 1.185547108050e-14 4.532105863660e-14 1.817057050951e-13 7.625614308112e-13 3.340178503048e-12 1.521205000753e-11 7.168655359048e-11 3.475344181739e-10 1.721538601475e-09 8.646111519558e-09 4.364457747442e-08 2.193246752914e-07 1.085920540776e-06 5.239433254241e-06 2.435280188741e-05 1.077571177880e-04 4.484952437971e-04 1.734913536140e-03 6.164516817522e-03 1.989358622728e-02 5.769331444042e-02 1.489366932827e-01 3.395231606909e-01 6.795470418575e-01 1.191132905911e+00 1.832503830186e+00 2.495246778906e+00 3.051585880280e+00 3.409303235397e+00 3.516677918267e+00 3.335845893424e+00 2.859038559208e+00 2.166272079608e+00 1.430889535183e+00 8.388437555395e-01 5.080524181959e-01 4.796857693298e-01 7.371433061248e-01 1.181521111916e+00 1.603937474143e+00 1.766390344028e+00 1.571321198020e+00 1.134873277183e+00 6.716636215835e-01 3.298041165370e-01 1.366659843347e-01 5.022750076362e-02 2.342203256383e-02 3.364077634821e-02 8.439817530106e-02 1.932327403402e-01 3.696368388446e-01 5.912544325418e-01 7.987034291785e-01 9.217034358669e-01 9.198985070787e-01 8.050979603240e-01 6.295677092273e-01 4.551231071486e-01 3.273624122884e-01 2.663056816307e-01 2.695456473835e-01 3.199697458799e-01 3.938425002311e-01 4.682925647135e-01 5.272612575203e-01 5.642131513139e-01 5.807906281612e-01 5.826538022144e-01 5.750419758609e-01 5.601612533655e-01 5.370253687092e-01 5.030730184916e-01 4.563702438179e-01 3.973431864302e-01 3.294025578272e-01 2.583078709549e-01
6.304820705647e-24 1.135440743390e-23 2.060567050421e-23 3.775134541732e-23 6.996100660442e-23 1.314210096774e-22 2.507874022824e-22 4.872477695847e-22 9.659959630642e-22 1.958625904513e-21 4.070310865008e-21 8.688150142093e-21 1.908760530127e-20 4.325010109985e-20 1.012796288044e-19 2.456178290055e-19 6.182038273538e-19 1.618455611394e-18 4.417291452394e-18 1.259772926621e-17 3.762502684663e-17 1.179244070984e-16 3.885419043570e-16 1.347578595422e-15 4.923519149057e-15 1.895034346849e-14 7.677778817166e-14 3.268825563952e-13 1.458547404424e-12 6.795340879573e-12 3.289986032155e-11 1.645630335962e-10 8.445390877163e-10 4.411491253459e-09 2.324388937115e-08 1.223064444564e-07 6.357565686243e-07 3.227003272124e-06 1.580125815018e-05 7.370736859499e-05 3.233767720426e-04 1.317446165981e-03 4.921755160905e-03 1.665710025673e-02 5.049062778563e-02 1.356599336846e-01 3.202434377364e-01 6.598157799930e-01 1.182643173407e+00 1.847181497303e+00 2.535829833520e+00 3.109664146328e+00 3.475169577184e+00 3.587495626276e+00 3.408974017988e+00 2.921870422567e+00 2.202107823816e+00 1.434837754938e+00 8.220772593461e-01 4.883019622856e-01 4.741381526882e-01 7.621647606971e-01 1.245829534928e+00 1.692735872655e+00 1.840923846606e+00 1.598097767034e+00 1.113856320656e+00 6.296030773046e-01 2.925394861486e-01 1.140019939679e-01 4.032598456919e-02 2.291335798674e-02 4.408867534959e-02 1.139738607946e-01 2.528385245209e-01 4.628465770887e-01 7.040554295669e-01 9.004240136479e-01 9.807171423049e-01 9.223727234726e-01 7.613948665524e-01 5.653949541874e-01 3.972086097029e-01 2.937547821331e-01 2.637902985483e-01 2.953259579173e-01 3.648023986399e-01 4.457188096625e-01 5.162835332967e-01 5.644799678283e-01 5.887380176324e-01 5.944268584137e-01 5.886309390510e-01 5.760756289726e-01 5.576680361723e-01 5.313845626858e-01 4.943351102748e-01 4.448509139098e-01 3.838499286315e-01 3.151243459678e-01 2.445289046491e-01
3.186237685461e-24 5.704082530987e-24 1.028290390488e-23 1.869986075384e-23 3.437090604742e-23 6.398403314180e-23 1.209005887093e-22 2.324051331291e-22 4.555414546291e-22 9.126062010931e-22 1.872886873876e-21 3.946342693257e-21 8.556547748472e-21 1.913280132264e-20 4.421748631446e-20 1.058580956035e-19 2.631369105957e-19 6.808042436432e-19 1.837975750790e-18 5.190999473353e-18 1.537668712773e-17 4.788784374905e-17 1.571348748616e-16 5.441965802177e-16 1.991472629137e-15 7.703906052132e-15 3.149020846153e-14 1.358186552888e-13 6.165970253559e-13 2.936047660153e-12 1.459524765139e-11 7.530206983909e-11 4.004022391630e-10 2.176283858462e-09 1.197849026294e-08 6.607358250167e-08 3.611156550780e-07 1.931769349305e-06 9.985509784409e-06 4.921591182260e-05 2.281714871327e-04 9.815596868724e-04 3.865702214642e-03 1.375747362400e-02 4.370153915899e-02 1.225199130579e-01 3.002131053252e-01 6.381042766357e-01 1.171612215688e+00 1.860172960708e+00 2.575972064999e+00 3.166924441730e+00 3.538538035191e+00 3.656154204904e+00 3.483978889353e+00 2.991194408958e+00 2.245704158063e+00 1.444543563574e+00 8.084157573155e-01 4.697798691418e-01 4.689599518015e-01 7.886067829247e-01 1.314832457547e+00 1.788783814795e+00 1.920984930030e+00 1.625974732540e+00 1.091753202677e+00 5.878043228651e-01 2.575375960108e-01 9.412512164608e-02 3.280889987385e-02 2.519848263899e-02 6.018052314611e-02 1.549912194585e-01 3.302230833306e-01 5.750403178622e-01 8.272312392495e-01 9.963381968646e-01 1.019239080358e+00 8.996149855355e-01 6.988961949196e-01 4.948107557334e-01 3.448962970878e-01 2.737132861151e-01 2.778062093624e-01 3.360603023181e-01 4.196792569714e-01 5.013060257951e-01 5.624232956069e-01 5.966170725938e-01 6.075263193622e-01 6.033250511905e-01 5.912257842936e-01 5.745383864385e-01 5.526494311657e-01 5.227770015604e-01 4.821333957393e-01 4.296379996304e-01 3.668234327296e-01 2.978157535854e-01 2.284228073088e-01
1.603738238897e-24 2.854238875897e-24 5.111600125523e-24 9.227342819868e-24 1.682149225626e-23 3.103149336686e-23 5.805408960004e-23 1.103937427817e-22 2.138751624809e-22 4.231758511359e-22 8.571757613329e-22 1.781742466597e-21 3.809555397256e-21 8.398114792623e-21 1.913369622643e-20 4.516280122984e-20 1.107193811016e-19 2.826669509341e-19 7.535918564838e-19 2.104014441174e-18 6.169709532451e-18 1.905459282592e-17 6.213982700284e-17 2.144472325771e-16 7.844168414808e-16 3.043848603727e-15 1.252953719876e-14 5.465483763835e-14 2.520976139071e-13 1.225490159082e-12 6.249906863499e-12 3.324540668658e-11 1.831447328157e-10 1.036116941939e-09 5.961720796462e-09 3.451142600138e-08 1.986083327061e-07 1.121741281231e-06 6.134046706496e-06 3.202038849645e-05 1.572743065990e-04 7.163525189886e-04 2.982530650609e-03 1.119338976375e-02 3.736712797169e-02 1.096109859144e-01 2.795057567597e-01 6.143150313515e-01 1.157741630259e+00 1.871241234483e+00 2.615742462917e+00 3.223413596292e+00 3.598827116928e+00 3.721718130576e+00 3.560863881902e+00 3.068702847206e+00 2.299661886478e+00 1.462216857509e+00 7.991124706504e-01 4.529048080737e-01 4.640242806589e-01 8.163088825621e-01 1.389168833923e+00 1.893894535982e+00 2.008873974116e+00 1.656892734831e+00 1.069992729504e+00 5.472599241262e-01 2.252851526070e-01 7.711380040324e-02 2.777337452920e-02 3.107521285546e-02 8.420142987945e-02 2.113716143282e-01 4.292276647167e-01 7.066291523420e-01 9.557446750708e-01 1.078124496550e+00 1.030734196779e+00 8.505248909010e-01 6.216983886956e-01 4.243331308215e-01 3.043975425939e-01 2.716011517326e-01 3.102298633338e-01 3.910388363849e-01 4.818295670958e-01 5.569551782314e-01 6.035594151930e-01 6.218855971884e-01 6.201751421984e-01 6.078680469886e-01 5.909142636895e-01 5.706002783489e-01 5.449340052690e-01 5.108651825036e-01 4.661641489331e-01 4.105803687968e-01 3.462882917966e-01 2.776375580218e-01 2.102236276050e-01
8.040451997499e-25 1.422753114112e-24 2.531476449780e-24 4.536558799488e-24 8.203039570946e-24 1.499611332981e-23 2.777575528178e-23 5.224232014526e-23 1.000185905682e-22 1.953910167095e-22 3.904588207168e-22 8.001655709021e-22 1.685800392112e-21 3.660534194222e-21 8.212925743546e-21 1.908966396588e-20 4.609187745307e-20 1.159356318960e-19 3.047084995382e-19 8.394518261468e-19 2.431937779231e-18 7.432651321186e-18 2.403706492508e-17 8.247480470799e-17 3.008692836254e-16 1.168531546967e-15 4.833904458337e-15 2.128518725285e-14 9.958535826957e-14 4.935408480404e-13 2.579630217990e-12 1.413834814982e-11 8.067380264555e-11 4.751431638020e-10 2.859777110968e-09 1.739163880942e-08 1.055401874559e-07 6.305053969366e-07 3.655257590086e-06 2.025827311666e-05 1.056990591574e-04 5.112007999896e-04 2.256744261081e-03 8.958455141375e-03 3.152343920906e-02 9.703380644156e-02 2.582171346373e-01 5.883597109979e-01 1.140690198821e+00 1.880101391415e+00 2.655293671932e+00 3.279396771078e+00 3.655549672930e+00 3.783063278616e+00 3.639486999639e+00 3.156434945351e+00 2.367355149758e+00 1.490802878900e+00 7.958384469550e-01 4.382478632359e-01 4.592289138728e-01 8.451551117095e-01 1.469807318963e+00 2.010676727388e+00 2.107898078677e+00 1.693552831078e+00 1.050335627605e+00 5.089753567665e-01 1.961589874949e-01 6.298950693465e-02 2.546551415866e-02 4.189246137438e-02 1.194954437454e-01 2.881127974422e-01 5.535735340239e-01 8.559942961949e-01 1.081845055227e+00 1.136433430217e+00 1.010330058924e+00 7.770866686093e-01 5.364780972019e-01 3.616688903169e-01 2.818980168032e-01 2.909319986323e-01 3.615017071825e-01 4.578577996031e-01 5.470998480076e-01 6.084606141842e-01 6.368762259354e-01 6.393168860179e-01 6.270336691843e-01 6.088058002733e-01 5.881676676313e-01 5.642586803040e-01 5.342100235092e-01 4.952989967707e-01 4.462339020871e-01 3.877072255832e-01 3.224643776155e-01 2.549237669904e-01 1.902994492118e-01
4.015650776932e-25 7.065601269163e-25 1.249176560240e-24 2.222590622722e-24 3.986679837056e-24 7.222896232548e-24 1.324541598555e-23 2.464042145396e-23 4.661130301978e-23 8.988200622696e-23 1.771341812395e-22 3.576923115172e-22 7.420552436607e-22 1.585754101314e-21 3.500108084900e-21 8.001668683629e-21 1.900177876012e-20 4.701705492267e-20 1.216129364581e-19 3.299615232035e-19 9.424552419829e-19 2.844080703255e-18 9.099678860274e-18 3.096691914081e-17 1.123864189743e-16 4.358186294848e-16 1.807570562870e-15 8.017154198641e-15 3.797334180758e-14 1.915516992179e-13 1.024799193337e-12 5.782101962920e-12 3.415884345824e-11 2.094518937225e-10 1.319322401414e-09 8.437054474140e-09 5.406528716926e-08 3.422574421842e-07 2.108176869266e-06 1.243617465114e-05 6.911911642196e-05 3.560100221363e-04 1.671616364694e-03 7.041134228430e-03 2.619989114184e-02 8.489350732582e-02 2.364677359736e-01 5.601646047245e-01 1.120065353862e+00 1.886394139574e+00 2.694870338660e+00 3.335458129403e+00 3.708436229048e+00 3.838867647303e+00 3.719440145441e+00 3.256779216082e+00 2.453166776824e+00 1.534289608847e+00 8.008870251053e-01 4.266218462152e-01 4.545310789875e-01 8.751053731105e-01 1.558163398619e+00 2.142820451769e+00 2.222730036521e+00 1.739651928033e+00 1.034938140483e+00 4.739578415071e-01 1.704278298531e-01 5.176666966275e-02 2.642649714433e-02 5.986898069423e-02 1.708685007112e-01 3.913293744574e-01 7.061702865475e-01 1.018598387375e+00 1.195120733641e+00 1.162135190924e+00 9.562055400377e-01 6.848681960541e-01 4.521218588705e-01 3.150740137346e-01 2.829730745968e-01 3.338011146305e-01 4.300994018692e-01 5.321872844751e-01 6.102138394513e-01 6.516767140611e-01 6.604873014554e-01 6.490263882803e-01 6.291204138640e-01 6.070131657387e-01 5.832529085228e-01 5.552684318484e-01 5.200618554328e-01 4.757930950958e-01 4.223272074787e-01 3.612670232241e-01 2.957793448422e-01 2.301774532952e-01 1.691401766429e-01
1.997982738560e-25 3.496138867230e-25 6.142660413687e-25 1.085271837738e-24 1.931319778919e-24 3.468181973229e-24 6.297368664437e-24 1.158722188365e-23 2.165633164522e-23 4.121516695746e-23 8.007993775167e-23 1.592749535227e-22 3.251747417150e-22 6.833498868750e-22 1.482402064637e-21 3.329403502094e-21 7.765798955218e-21 1.887333095915e-20 4.795950938108e-20 1.279049106351e-19 3.594138613051e-19 1.068447705583e-18 3.373650518700e-18 1.135707727210e-17 4.089540231834e-17 1.579168006178e-16 6.549600280467e-16 2.918887347208e-15 1.396526134220e-14 7.156501151582e-14 3.912889680552e-13 2.270181956921e-12 1.387633793592e-11 8.856726470090e-11 5.840461891945e-10 3.930850962733e-09 2.663451913097e-08 1.789873028600e-07 1.173981074517e-06 7.390134172505e-06 4.387846901336e-05 2.414370447867e-04 1.209696342445e-03 5.424910595725e-03 2.141772804401e-02 7.329726842457e-02 2.144052316730e-01 5.296781831948e-01 1.095414554773e+00 1.889647291064e+00 2.734803716174e+00 3.392626734789e+00 3.757630064631e+00 3.887637859965e+00 3.799864214122e+00 3.372407195910e+00 2.562780912970e+00 1.598166183570e+00 8.175046643780e-01 4.192294418416e-01 4.499991154237e-01 9.062275800114e-01 1.656236980276e+00 2.295472942613e+00 2.359905527037e+00 1.800221187030e+00 1.026458180562e+00 4.432219425299e-01 1.482698029029e-01 4.353544893415e-02 3.173210058270e-02 8.858258054224e-02 2.450901664003e-01 5.280926364516e-01 8.880866455000e-01 1.186200614622e+00 1.283208403982e+00 1.148078743965e+00 8.708175632995e-01 5.829978904587e-01 3.790169687080e-01 2.926294563188e-01 3.119296248513e-01 4.001945934385e-01 5.120362062115e-01 6.078338853415e-01 6.654348734138e-01 6.833587764580e-01 6.739532661603e-01 6.522294707437e-01 6.278225458944e-01 6.031728145465e-01 5.760771757077e-01 5.431529770005e-01 5.020624665744e-01 4.522197193323e-01 3.946622904997e-01 3.317447038224e-01 2.668610880678e-01 2.040518915624e-01 1.473357638872e-01
9.904093114585e-26 1.723779685240e-25 3.010332340807e-25 5.282239316120e-25 9.327669048490e-25 1.660503886586e-24 2.985801735336e-24 5.434515759763e-24 1.003557382118e-23 1.884857861491e-23 3.609978375561e-23 7.069763196449e-23 1.419727217563e-22 2.932016548058e-22 6.245826522506e-22 1.376657662721e-21 3.149879266179e-21 7.507663041416e-21 1.871034832451e-20 4.895212953357e-20 1.350317252335e-19 3.944745554341e-19 1.225986734124e-18 4.071274075752e-18 1.450322329591e-17 5.560280278772e-17 2.299403190212e-16 1.026803997458e-15 4.949721704158e-15 2.570976365307e-14 1.433924366112e-13 8.542540218982e-13 5.397544400230e-12 3.584608724772e-11 2.475099305066e-10 1.754451534872e-09 1.258559756814e-08 8.994096920713e-08 6.295698429724e-07 4.240166726436e-06 2.697431172785e-05 1.590687255647e-04 8.533571671357e-04 4.088695375767e-03 1.718862403074e-02 6.235123933631e-02 1.922064446187e-01 4.968813313339e-01 1.066217939211e+00 1.889221797454e+00 2.775480537656e+00 3.452523443125e+00 3.803983888405e+00 3.927813143028e+00 3.879183597682e+00 3.506070876461e+00 2.703518742531e+00 1.690106771125e+00 8.504371056222e-01 4.179179258973e-01 4.458931367606e-01 9.387242924417e-01 1.766761768380e+00 2.475726666080e+00 2.528519785777e+00 1.882126353885e+00 1.028234268524e+00 4.178223013718e-01 1.298122349414e-01 3.860301824836e-02 4.339773157637e-02 1.337165916450e-01 3.514662520650e-01 7.059178403194e-01 1.097199113301e+00 1.346483680403e+00 1.333341386748e+00 1.091112108084e+00 7.616201539462e-01 4.835763295086e-01 3.281553461957e-01 3.014740332768e-01 3.709898539667e-01 4.871900336180e-01 6.005911480442e-01 6.773229027625e-01 7.076544369559e-01 7.020401053327e-01 6.785040618857e-01 6.509152579893e-01 6.244275609530e-01 5.974846383711e-01 5.661451988768e-01 5.273094446265e-01 4.799018433074e-01 4.246916153253e-01 3.637175029828e-01 2.998489490301e-01 2.365063518878e-01 1.773143963983e-01 1.255423779412e-01
4.891554650930e-26 8.469464880605e-26 1.470391016048e-25 2.562970410409e-25 4.491872671430e-25 7.928714371505e-25 1.412120393440e-24 2.542859744265e-24 4.640109387240e-24 8.600898719346e-24 1.623671415961e-23 3.130295481049e-23 6.180963498167e-23 1.253754478856e-22 2.620642207203e-22 5.663121326137e-22 1.269547633640e-21 2.963338101099e-21 7.230583341975e-21 1.852212678226e-20 5.004321138546e-20 1.433076202433e-19 4.371806139069e-19 1.427879450722e-18 5.016343354441e-18 1.903239064701e-17 7.822396749502e-17 3.489171958202e-16 1.689685672074e-15 8.872559859704e-15 5.036615295012e-14 3.075612648610e-13 2.006323663382e-12 1.385507079256e-11 1.001641341913e-10 7.481851193783e-10 5.688675700677e-09 4.330507550579e-08 3.242127219668e-07 2.342427254375e-06 1.601442295366e-05 1.015463711910e-04 5.853501022537e-04 3.007487323179e-03 1.351356134571e-02 5.215682417272e-02 1.700785558085e-01 4.618009106324e-01 1.031884626076e+00 1.884239261830e+00 2.817268537958e+00 3.517513887907e+00 3.849491600663e+00 3.958019541393e+00 3.954758856552e+00 3.660151359041e+00 2.884656494231e+00 1.820979715898e+00 9.068467186019e-01 4.256353017003e-01 4.428038639480e-01 9.729474550147e-01 1.893348581789e+00 2.693242674155e+00 2.741211029426e+00 1.994820645805e+00 1.044583386071e+00 3.989277950538e-01 1.152067293526e-01 3.774639272764e-02 6.507611527342e-02 2.041770892163e-01 5.023877230098e-01 9.317059365212e-01 1.326665287238e+00 1.483489903142e+00 1.334738406384e+00 9.939269816467e-01 6.410269025581e-01 4.006731192768e-01 3.102035377765e-01 3.469051576381e-01 4.592212734752e-01 5.882270291944e-01 6.866176506715e-01 7.331661835644e-01 7.337356184551e-01 7.086210040700e-01 6.767667221049e-01 6.472019285939e-01 6.196303789116e-01 5.895222962014e-01 5.526676793685e-01 5.071863592425e-01 4.535148894573e-01 3.936097065622e-01 3.302180561619e-01 2.664673086463e-01 2.056255911511e-01 1.507924677168e-01 1.044354434381e-01
2.407164064266e-26 4.146991329953e-26 7.158791722293e-26 1.239800377139e-25 2.157076969758e-25 3.776200312910e-25 6.663110770246e-25 1.187344721595e-24 2.141360479143e-24 3.917786571300e-24 7.290215384588e-24 1.383498112871e-23 2.685454589152e-23 5.347951051363e-23 1.096182736202e-22 2.320454349297e-22 5.091142015868e-22 1.162197939821e-21 2.771911724593e-21 6.938899182544e-21 1.832179712575e-20 5.130144741333e-20 1.531821270223e-19 4.905278434320e-19 1.693788606153e-18 6.337400949474e-18 2.579495894832e-17 1.145257063377e-16 5.553026677604e-16 2.938857245016e-15 1.693491303288e-14 1.057727740824e-13 7.112380583652e-13 5.102298044280e-12 3.860879816364e-11 3.040067833952e-10 2.452386791851e-09 1.991867860912e-08 1.598447701211e-07 1.242179325710e-06 9.154544839301e-06 6.262964642871e-05 3.893288660485e-04 2.153267060178e-03 1.038211459964e-02 4.280639756510e-02 1.482591239121e-01 4.245273716668e-01 9.917565345489e-01 1.873489182971e+00 2.860374358135e+00 3.590835064055e+00 3.897884912554e+00 3.977593217799e+00 4.022503495637e+00 3.835788381198e+00 3.117558075175e+00 2.006287573692e+00 9.978670209989e-01 4.472776194868e-01 4.419183953819e-01 1.009400679100e+00 2.040590678426e+00 2.961025798386e+00 3.015550773559e+00 2.151488094219e+00 1.081288945670e+00 3.879589073188e-01 1.047678884220e-01 4.268491371531e-02 1.032643630237e-01 3.137037514644e-01 7.136375926053e-01 1.209940403822e+00 1.563566171450e+00 1.579253948446e+00 1.281548558385e+00 8.662278037426e-01 5.256227205671e-01 3.491908238112e-01 3.345320461145e-01 4.311257826703e-01 5.712692780733e-01 6.928891289790e-01 7.598173389271e-01 7.697452390210e-01 7.436852927117e-01 7.063023256105e-01 6.719455044152e-01 6.425567895495e-01 6.132159443994e-01 5.783234555904e-01 5.348036335611e-01 4.824810204699e-01 4.231688925039e-01 3.596599787374e-01 2.950831907550e-01 2.325946294194e-01 1.751693105379e-01 1.253060605207e-01 8.465243981235e-02
1.180331617769e-26 2.023622666299e-26 3.474211422019e-26 5.979579798416e-26 1.033060234773e-25 1.794106440753e-25 3.137234796683e-25 5.533741796355e-25 9.866280908321e-25 1.782114917091e-24 3.269229287678e-24 6.107369418112e-24 1.165255327137e-23 2.277655886674e-23 4.575928903774e-23 9.482131575053e-23 2.034141608250e-22 4.535685177351e-22 1.055807158019e-21 2.578018995609e-21 6.637965731447e-21 1.812699099674e-20 5.282305250613e-20 1.653041672649e-19 5.590183488465e-19 2.054810911670e-18 8.250271734490e-18 3.631786383015e-17 1.756507418465e-16 9.336485749223e-16 5.444462369221e-15 3.469107005931e-14 2.399743956458e-13 1.786007316851e-12 1.413687236317e-11 1.173540072615e-10 1.005226184537e-09 8.724244669693e-09 7.520138591957e-08 6.302398279781e-07 5.022309560922e-06 3.719899333307e-05 2.503054344080e-04 1.496083316845e-03 7.772266603023e-03 3.437858997678e-02 1.270143946151e-01 3.852371089819e-01 9.451257211490e-01 1.855317175511e+00 2.904602680479e+00 3.676637912019e+00 3.955408790465e+00 3.987556425478e+00 4.076626646846e+00 4.031377706122e+00 3.415240766377e+00 2.268068981983e+00 1.141223293150e+00 4.913064889690e-01 4.455732391565e-01 1.048749872901e+00 2.214079508241e+00 3.296346888745e+00 3.375999145742e+00 2.370786562473e+00 1.146392178368e+00 3.868263476603e-01 9.924035085300e-02 5.698857508470e-02 1.693707880211e-01 4.830446853391e-01 1.004035736557e+00 1.540019981922e+00 1.788296071808e+00 1.616841675650e+00 1.175780170138e+00 7.249074397205e-01 4.349492657600e-01 3.437883074974e-01 4.079060788821e-01 5.514565903813e-01 6.963329172681e-01 7.878707995357e-01 8.111484509795e-01 7.853294617287e-01 7.410498533680e-01 6.996482160182e-01 6.666570599031e-01 6.371946460795e-01 6.040892546924e-01 5.627129450612e-01 5.119601807239e-01 4.532911918358e-01 3.894833800636e-01 3.237597907871e-01 2.593444377044e-01 1.992464007628e-01 1.460459185892e-01 1.015946944563e-01 6.673325131466e-02
5.767011874781e-27 9.841387810095e-27 1.680726396494e-26 2.875545041494e-26 4.934408012367e-26 8.503957692244e-26 1.474131361323e-25 2.574688262865e-25 4.539667857065e-25 8.097864434344e-25 1.464877605479e-24 2.694361587034e-24 5.053285220929e-24 9.693781248703e-24 1.908316308883e-23 3.868872945628e-23 8.108685481419e-23 1.764174600548e-22 4.002405333627e-22 9.516087843592e-22 2.384299618763e-21 6.334121759285e-21 1.796072960850e-20 5.474250754569e-20 1.806255459362e-19 6.496002014774e-19 2.561846855604e-18 1.113265163211e-17 5.347855483385e-17 2.843498671792e-16 1.671928593086e-15 1.083443723051e-14 7.691123141305e-14 5.928130672653e-13 4.903598683449e-12 4.290706481977e-11 3.904950210438e-10 3.626206475056e-09 3.364189464753e-08 3.048425421695e-07 2.634811049682e-06 2.120134406528e-05 1.550040242104e-04 1.005264258283e-03 5.650859585516e-03 2.693335533268e-02 1.066351946652e-01 3.442198219390e-01 8.912735834659e-01 1.827499902286e+00 2.948977469375e+00 3.779855713224e+00 4.031761343909e+00 3.992318157111e+00 4.109911421249e+00 4.240292867810e+00 3.790637311532e+00 2.637003892366e+00 1.365540176782e+00 5.728872412328e-01 4.584714395752e-01 1.091928523687e+00 2.420259973195e+00 3.721761021085e+00 3.856620137348e+00 2.679505672487e+00 1.251471746754e+00 3.983440114608e-01 1.003413390787e-01 8.784336989769e-02 2.831604353327e-01 7.425612999392e-01 1.393727134396e+00 1.912852603622e+00 1.975475134835e+00 1.584654294905e+00 1.029558325254e+00 5.933678524798e-01 3.903328374071e-01 3.976442013497e-01 5.323289463424e-01 6.982636995346e-01 8.183540294449e-01 8.597353197235e-01 8.359675247129e-01 7.833311523377e-01 7.320245749588e-01 6.929411704055e-01 6.618846927854e-01 6.299721361398e-01 5.906953146344e-01 5.417517775693e-01 4.840424764881e-01 4.201717482218e-01 3.533789425242e-01 2.869683596425e-01 2.240516179957e-01 1.673713310962e-01 1.190438064245e-01 8.025145486171e-02 5.106924848456e-02
2.807703509762e-27 4.770017417515e-27 8.105329194647e-27 1.378835603990e-26 2.350778693635e-26 4.021611894860e-26 6.913272356178e-26 1.196055482411e-25 2.086333748250e-25 3.676721836654e-25 6.560954656509e-25 1.188491910554e-24 2.191558015813e-24 4.126233441999e-24 7.958456895216e-24 1.578073610077e-23 3.229453181007e-23 6.849624831183e-23 1.512719157342e-22 3.496604293098e-22 8.508251921801e-22 2.193529003330e-21 6.034649246017e-21 1.785275806544e-20 5.724956372976e-20 2.005745726626e-19 7.733452678245e-19 3.301591097385e-18 1.567742514481e-17 8.300318281663e-17 4.900306796247e-16 3.217669060245e-15 2.336982557845e-14 1.861329319130e-13 1.606727274678e-12 1.481142985278e-11 1.432674909353e-10 1.425116880558e-09 1.425659647285e-08 1.400248880293e-07 1.316619902905e-06 1.154912357789e-05 9.208874444278e-05 6.506659033158e-04 3.974744676869e-03 2.050710481117e-02 8.742937905255e-02 3.019097156712e-01 8.295416162521e-01 1.787116691901e+00 2.991170949430e+00 3.905762182612e+00 4.141151197994e+00 4.002500453302e+00 4.115412823298e+00 4.448099968174e+00 4.252394781546e+00 3.153716460682e+00 1.717030495815e+00 7.199902878609e-01 4.904585200303e-01 1.140614212771e+00 2.666058347305e+00 4.266087974223e+00 4.504772259603e+00 3.116608878310e+00 1.413718489984e+00 4.269655055327e-01 1.119100782626e-01 1.494639048262e-01 4.782334161223e-01 1.134629408839e+00 1.900161446058e+00 2.307335655413e+00 2.097214669032e+00 1.481488550297e+00 8.664173621361e-01 5.006480024485e-01 4.138693674061e-01 5.202389716280e-01 7.018108684441e-01 8.537505400862e-01 9.186955996861e-01 8.994076907709e-01 8.367153294235e-01 7.718065559307e-01 7.232717710753e-01 6.884697334132e-01 6.566063386484e-01 6.189157319068e-01 5.716861781445e-01 5.151371188800e-01 4.515651797905e-01 3.840845909812e-01 3.159742991333e-01 2.503828571076e-01 1.901828186676e-01 1.377760788399e-01 9.476977351284e-02 6.167583204577e-02 3.787196711778e-02
1.362093732125e-27 2.304212362762e-27 3.896550126778e-27 6.592539952708e-27 1.117029252395e-26 1.897581017080e-26 3.236040429610e-26 5.548016268358e-26 9.578381428966e-26 1.668379836174e-25 2.938120876099e-25 5.243878382241e-25 9.510391497203e-25 1.757860119259e-24 3.322116470269e-24 6.442116235384e-24 1.286798034673e-23 2.658967281627e-23 5.710697428732e-23 1.281548562927e-22 3.023008768122e-22 7.546171402623e-22 2.008523279730e-21 5.747764209124e-21 1.784171480611e-20 6.061733228693e-20 2.273591447722e-19 9.485776272750e-19 4.428605984235e-18 2.322553308568e-17 1.370064656659e-16 9.076242054405e-16 6.720080885812e-15 5.515328416379e-14 4.959229758545e-13 4.812191323320e-12 4.947515617317e-11 5.276261496780e-10 5.700520728848e-09 6.082504374420e-08 6.239652935407e-07 5.986447931487e-06 5.225320426956e-05 4.038565274062e-04 2.692635699864e-03 1.510827527594e-02 6.970939091804e-02 2.589164081018e-01 7.594423511562e-01 1.730430354937e+00 3.026648226663e+00 4.058984359616e+00 4.303380613884e+00 4.039505776737e+00 4.091291382167e+00 4.630726994848e+00 4.796964953949e+00 3.866738859966e+00 2.268692211890e+00 9.849982748680e-01 5.629543737963e-01 1.198891104091e+00 2.958313029655e+00 4.965094523107e+00 5.385963187050e+00 3.739345636899e+00 1.659324065008e+00 4.801637133235e-01 1.423973568642e-01 2.695509994447e-01 8.100810440438e-01 1.714248011070e+00 2.530834844691e+00 2.688163610306e+00 2.129436193560e+00 1.321833273230e+00 7.221809933173e-01 4.810488944720e-01 5.266397355694e-01 7.130988157561e-01 8.990398262455e-01 9.937593425928e-01 9.820474868873e-01 9.070544383955e-01 8.234360608184e-01 7.607812168045e-01 7.192428132277e-01 6.856647565893e-01 6.484206755707e-01 6.022041054351e-01 5.465500065320e-01 4.833943145029e-01 4.155971526898e-01 3.462681408176e-01 2.784606775467e-01 2.150383514027e-01 1.585693347582e-01 1.110708390957e-01 7.361227423275e-02 4.605345171436e-02 2.716791168814e-02
6.584409662924e-28 1.109333802280e-27 1.867342834308e-27 3.142967273930e-27 5.294123981838e-27 8.933588085341e-27 1.511951313498e-26 2.569834744203e-26 4.393257243569e-26 7.567182028852e-26 1.315841788223e-25 2.315071206580e-25 4.131498244069e-25 7.499886006626e-25 1.389199762354e-24 2.634777165035e-24 5.136405315206e-24 1.033618638010e-23 2.157304934676e-23 4.695024594037e-23 1.071964791275e-22 2.585558247996e-22 6.640335575517e-22 1.832046481431e-21 5.482701197068e-21 1.797882583476e-20 6.525055925283e-20 2.645186398619e-19 1.206990047703e-18 6.233199101040e-18 3.653366556565e-17 2.429448987519e-16 1.826331886529e-15 1.542341694672e-14 1.450832264785e-13 1.496741284554e-12 1.646671824592e-11 1.875154164318e-10 2.167619662809e-09 2.498073150797e-08 2.794225487261e-07 2.938897379842e-06 2.817623920405e-05 2.391357626106e-04 1.747607463465e-03 1.071384788670e-02 5.377340840167e-02 2.160475846526e-01 6.808180256066e-01 1.652802743155e+00 3.047365676095e+00 4.241453104837e+00 4.544617962873e+00 4.142720632871e+00 4.051870710036e+00 4.757750965285e+00 5.397204890613e+00 4.822264671418e+00 3.129583779773e+00 1.465375337165e+00 7.236688095183e-01 1.278394337749e+00 3.303453562611e+00 5.861473305941e+00 6.589923964828e+00 4.632398422787e+00 2.029068519822e+00 5.711591576439e-01 2.102657910285e-01 5.010205499897e-01 1.366418641983e+00 2.544837742389e+00 3.272687305241e+00 3.007524496633e+00 2.061851865690e+00 1.141678979307e+00 6.466992721237e-01 5.736236251774e-01 7.439177385186e-01 9.635791403953e-01 1.094981920768e+00 1.094781457489e+00 1.004427758188e+00 8.946462880607e-01 8.108445390105e-01 7.582100991178e-01 7.204293032051e-01 6.817477766227e-01 6.349672032124e-01 5.791390656299e-01 5.159151567349e-01 4.477983804530e-01 3.775764290205e-01 3.080690810194e-01 2.419762901945e-01 1.818210133643e-01 1.298404613386e-01 8.763968686265e-02 5.573268134356e-02 3.336452061779e-02 1.881936247431e-02
3.171589136696e-28 5.322726479925e-28 8.920638811638e-28 1.494056538025e-27 2.502613738351e-27 4.196350741484e-27 7.051048037891e-27 1.188663588332e-26 2.013186772566e-26 3.430942423137e-26 5.894282329945e-26 1.022895975012e-25 1.797348313318e-25 3.206149920216e-25 5.823461723762e-25 1.080628340652e-24 2.056335356423e-24 4.029528732215e-24 8.169704654344e-24 1.722959416057e-23 3.802961046733e-23 8.847385208345e-23 2.187225393974e-22 5.799667432679e-22 1.666734837162e-21 5.249990415845e-21 1.833437572456e-20 7.177191170492e-20 3.179756215832e-19 1.606247558289e-18 9.295307352288e-18 6.187793485297e-17 4.870220637948e-16 5.122157698405e-15 7.855924775547e-14 1.334330830848e-12 1.849990707080e-11 1.909386580916e-10 1.578829898926e-09 1.299287423534e-08 1.273105280975e-07 1.379817294021e-06 1.439265344852e-05 1.343460329876e-04 1.080170373367e-03 7.267652528669e-03 3.987958066231e-02 1.743132687606e-01 5.940630951919e-01 1.548747827844e+00 3.039847621422e+00 4.448096760391e+00 4.896280806594e+00 4.379819054627e+00 4.049799085398e+00 4.810175722390e+00 5.993582352885e+00 6.039620342408e+00 4.445064034853e+00 2.335352164502e+00 1.078482651005e+00 1.413051088461e+00 3.709336185746e+00 7.003739982148e+00 8.237639223464e+00 5.921315370964e+00 2.587609993379e+00 7.245698128969e-01 3.554650438203e-01 9.418605414303e-01 2.277022502420e+00 3.684824121379e+00 4.080468372810e+00 3.214701231514e+00 1.912809108256e+00 1.006476210046e+00 7.065084013943e-01 8.178286011135e-01 1.065270136955e+00 1.240153998663e+00 1.255984326690e+00 1.146092416810e+00 9.993572450547e-01 8.833143532675e-01 8.124003009009e-01 7.666626362947e-01 7.238038679697e-01 6.737159691015e-01 6.153895577071e-01 5.505910522528e-01 4.814012259434e-01 4.100806132022e-01 3.390634733566e-01 2.707687276914e-01 2.074902592808e-01 1.513973711955e-01 1.043899256046e-01 6.763611690235e-02 4.108271133717e-02 2.341662403090e-02 1.256482023780e-02
1.522232914837e-28 2.545249193656e-28 4.248016597123e-28 7.081459689189e-28 1.179915252117e-27 1.966638096065e-27 3.282078667184e-27 5.490220299732e-27 9.216843869247e-27 1.555045138323e-26 2.641082408249e-26 4.523920177814e-26 7.832077074363e-26 1.373838705252e-25 2.448532718885e-25 4.447996297561e-25 8.265502223783e-25 1.577553089568e-24 3.106792089601e-24 6.346666652132e-24 1.353098555228e-23 3.032085713944e-23 7.200761842231e-23 1.829889041844e-22 5.031179617876e-22 1.515056222181e-21 5.062089391193e-21 1.900931632982e-20 8.118305870253e-20 3.982824614269e-19 2.289903425305e-18 1.952339775877e-17 5.371734612153e-16 2.529302145073e-14 8.957521247442e-13 2.077167510328e-11 3.113102826387e-10 3.028125381036e-09 1.939079641995e-08 8.497745096732e-08 2.889939988183e-07 1.130511005874e-06 7.863047608771e-06 7.266046620742e-05 6.335658724880e-04 4.683862071896e-03 2.821767256670e-02 1.349045661551e-01 5.004524861549e-01 1.412470024396e+00 2.982922075483e+00 4.658269007205e+00 5.386680747080e+00 4.856082529009e+00 4.213621679226e+00 4.829595925848e+00 6.509257187688e+00 7.474278843838e+00 6.368654996660e+00 3.880011750131e+00 1.853028915931e+00 1.698081594879e+00 4.195781641652e+00 8.444648224782e+00 1.048859103184e+01 7.791674843836e+00 3.439047821169e+00 9.884499989071e-01 6.627345205120e-01 1.764991926209e+00 3.715318465686e+00 5.161182460809e+00 4.871533379297e+00 3.279846233871e+00 1.751868609503e+00 1.022162232755e+00 9.829996861515e-01 1.239073121316e+00 1.462196688272e+00 1.497388474753e+00 1.361066833854e+00 1.161935611088e+00 9.965954747472e-01 8.948752996049e-01 8.343109238521e-01 7.830594819820e-01 7.254848985497e-01 6.605103997306e-01 5.909545439142e-01 5.186857760065e-01 4.451188714344e-01 3.720439852913e-01 3.014880776846e-01 2.354170755364e-01 1.756994978867e-01 1.241638608864e-01 8.236682158311e-02 5.100257876940e-02 2.944257504806e-02 1.589333448824e-02 8.069080734275e-03
7.279832752964e-29 1.212943114335e-28 2.016424581085e-28 3.346506058992e-28 5.548133677143e-28 9.195247989969e-28 1.524761050404e-27 2.532070565060e-27 4.215626545851e-27 7.045486438652e-27 1.183745124082e-26 2.002804086173e-26 3.419003723811e-26 5.902251605916e-26 1.033032453927e-25 1.838537344755e-25 3.338579482468e-25 6.209569303053e-25 1.188224554708e-24 2.351236109605e-24 4.839965007562e-24 1.043700467809e-23 2.377342303387e-23 5.776195910013e-23 1.514274905387e-22 4.339777972324e-22 1.379327321985e-21 4.934660044652e-21 2.016305068896e-20 9.754820829456e-20 1.071864845912e-18 8.243436028615e-17 7.203358815846e-15 4.126539907833e-13 1.509193190326e-11 3.535881306441e-10 5.334119373219e-09 5.216709889958e-08 3.349075114783e-07 1.447080086591e-06 4.413358756072e-06 1.036635494753e-05 2.245936239493e-05 6.831212947209e-05 3.972184920100e-04 2.906204109083e-03 1.893828347418e-02 9.918616558457e-02 4.026578762444e-01 1.239705737616e+00 2.847281842517e+00 4.822603159728e+00 6.014933801898e+00 5.704126111743e+00 4.791024502409e+00 5.016579816998e+00 6.936401580679e+00 9.005001441788e+00 8.988043391585e+00 6.497377993022e+00 3.488842817338e+00 2.382256710105e+00 4.833316443136e+00 1.024433059527e+01 1.354749199807e+01 1.051563954967e+01 4.753434754238e+00 1.460162509102e+00 1.305600608899e+00 3.254626787209e+00 5.877685092469e+00 6.933388251629e+00 5.543995076240e+00 3.241733333661e+00 1.732539484521e+00 1.341569037314e+00 1.552779955885e+00 1.823543463384e+00 1.876898093904e+00 1.699548392775e+00 1.424059243869e+00 1.183831376226e+00 1.030432693948e+00 9.415085177136e-01 8.737542985968e-01 8.021876828857e-01 7.239941130064e-01 6.439110162282e-01 5.644501143243e-01 4.859558222553e-01 4.090708326407e-01 3.351990985580e-01 2.659167721910e-01 2.026837826438e-01 1.469517275480e-01 1.002292136233e-01 6.369643034642e-02 3.751165726150e-02 2.047237942670e-02 1.040862240513e-02 4.972608257479e-03
3.468871842923e-29 5.760395278113e-29 9.540430387675e-29 1.576720616583e-28 2.601714537557e-28 4.289063815975e-28 7.069396049027e-28 1.165962629380e-27 1.926151309687e-27 3.190700750999e-27 5.306830587424e-27 8.875475395491e-27 1.495250123409e-26 2.542619704629e-26 4.374341279076e-26 7.634576435791e-26 1.355994908863e-25 2.459818519268e-25 4.576565876746e-25 8.775805901142e-25 1.744345163196e-24 3.618467205689e-24 7.897514828372e-24 1.831331201326e-23 4.564801055157e-23 1.239972039222e-22 3.728248351797e-22 1.261957059865e-21 4.971141863922e-21 5.248691947139e-20 7.152020656245e-18 1.017527665279e-15 9.247711419175e-14 5.324795132012e-12 1.953607660362e-10 4.593203530812e-09 6.958114885846e-08 6.839959336473e-07 4.420956884914e-06 1.928423893154e-05 5.955099222411e-05 1.404960388353e-04 2.787313140398e-04 5.088477533181e-04 9.697499808273e-04 2.715605831310e-03 1.306753371102e-02 6.945305476943e-02 3.059791225304e-01 1.032441311712e+00 2.603587376217e+00 4.856923344837e+00 6.706132893019e+00 7.020643188636e+00 6.147341872884e+00 5.860404575892e+00 7.554133180182e+00 1.055728076125e+01 1.225033499711e+01 1.061336760163e+01 6.739864693475e+00 4.052443645224e+00 5.859639106255e+00 1.249999050296e+01 1.767354700171e+01 1.448899371436e+01 6.813814212099e+00 2.341402143734e+00 2.621366665247e+00 5.833499795962e+00 8.927081099969e+00 8.873453284682e+00 6.049588332257e+00 3.289450597957e+00 2.123933418411e+00 2.141194505330e+00 2.442123655894e+00 2.504274140466e+00 2.254319765743e+00 1.859886810145e+00 1.503998640262e+00 1.265284162381e+00 1.122899386959e+00 1.021482326682e+00 9.237459554883e-01 8.218774133171e-01 7.217772064464e-01 6.275705123294e-01 5.388415194497e-01 4.544664262763e-01 3.746738591558e-01 3.004701909142e-01 2.328577090674e-01 1.727543649115e-01 1.212253786021e-01 7.944826872693e-02 4.813478776939e-02 2.682373908785e-02 1.376814042149e-02 6.557856134208e-03 2.932186316926e-03
1.646913899220e-29 2.726164732641e-29 4.499112716780e-29 7.406121787699e-29 1.216642863703e-28 1.995679426537e-28 3.270804045802e-28 5.360128750513e-28 8.790666892907e-28 1.444177806218e-27 2.379393547473e-27 3.936713857976e-27 6.550786880016e-27 1.098313512783e-26 1.859272644324e-26 3.185700586529e-26 5.540494178250e-26 9.813314880330e-26 1.777020960175e-25 3.304911379031e-25 6.346920574426e-25 1.266798461463e-24 2.648401983640e-24 5.854955219618e-24 1.384735947310e-23 3.553053703864e-23 1.005539013199e-22 3.210926081563e-22 1.969393087640e-21 3.031037807678e-19 6.890482819005e-17 9.961849399667e-15 9.068568516742e-13 5.229069883933e-11 1.921925457349e-09 4.528670401703e-08 6.878532169797e-07 6.783817774933e-06 4.403800738291e-05 1.933333548333e-04 6.030431374713e-04 1.443986374749e-03 2.914506732486e-03 5.316336655810e-03 8.894032582500e-03 1.365481738975e-02 2.229940048620e-02 5.839844846203e-02 2.262582679216e-01 8.116306726290e-01 2.254398731485e+00 4.687660606109e+00 7.314122850887e+00 8.778515149624e+00 8.660064183567e+00 8.199662605582e+00 9.269882625279e+00 1.254377936664e+01 1.611792417612e+01 1.654525899680e+01 1.267870388670e+01 7.922511855889e+00 7.974843032656e+00 1.547513194146e+01 2.321616524784e+01 2.029030992098e+01 1.010627432564e+01 4.052626931472e+00 5.223720559948e+00 1.005315607267e+01 1.291750296983e+01 1.083321941277e+01 6.562770427485e+00 3.864895888670e+00 3.296364099430e+00 3.545970647451e+00 3.591432827311e+00 3.207203127576e+00 2.612832022934e+00 2.068433780984e+00 1.686905765651e+00 1.446016453953e+00 1.276235589538e+00 1.126750583243e+00 9.819255484140e-01 8.459597312204e-01 7.239189613333e-01 6.150346279076e-01 5.160835715223e-01 4.252569729194e-01 3.424322316123e-01 2.679647108403e-01 2.021383787169e-01 1.453251931248e-01 9.820373611333e-02 6.151791455112e-02 3.535092585413e-02 1.855073214833e-02 8.913199401043e-03 3.958434577927e-03 1.648431536965e-03
7.790361532917e-30 1.285656441476e-29 2.114657052686e-29 3.467980767587e-29 5.673210346512e-29 9.262195442709e-29 1.510002333193e-28 2.459800470804e-28 4.006838484162e-28 6.532118344657e-28 1.066808131104e-27 1.747427693891e-27 2.874600079723e-27 4.756695291053e-27 7.932040735778e-27 1.335847746429e-26 2.277853421749e-26 3.944480472834e-26 6.961135238584e-26 1.257218373351e-25 2.335327330004e-25 4.488525113650e-25 8.992212294105e-25 1.894829440450e-24 4.247172097085e-24 1.026851709675e-23 2.724772926164e-23 9.091601331265e-23 6.273781525988e-21 2.224793407643e-18 5.138124813529e-16 7.432831359699e-14 6.769161052720e-12 3.905449328792e-10 1.436516135410e-08 3.388013624573e-07 5.151592094927e-06 5.087296383033e-05 3.308354709036e-04 1.456637787623e-03 4.566933367246e-03 1.102696928227e-02 2.251773153028e-02 4.166848293056e-02 7.056671287228e-02 1.058707087834e-01 1.362937387882e-01 1.595072043159e-01 2.478429015575e-01 6.672176978579e-01 1.925017949784e+00 4.449604800893e+00 7.904322512782e+00 1.103913542733e+01 1.274708546192e+01 1.322410737324e+01 1.397617323090e+01 1.673748827274e+01 2.144830509535e+01 2.475833035082e+01 2.264775078695e+01 1.617711334322e+01 1.297027492770e+01 2.003146008424e+01 3.078449771870e+01 2.881343935918e+01 1.551209700654e+01 7.466668568011e+00 1.015576370246e+01 1.654406636698e+01 1.781346719192e+01 1.292893353246e+01 7.756223820974e+00 5.710605833077e+00 5.615155103821e+00 5.565224821481e+00 4.932140284184e+00 3.983626594961e+00 3.109198313090e+00 2.474433377028e+00 2.048931147596e+00 1.741651687234e+00 1.486407655193e+00 1.258304243421e+00 1.056180895428e+00 8.826095193731e-01 7.351576527066e-01 6.080292521263e-01 4.964062270202e-01 3.979294026744e-01 3.116240590436e-01 2.368133449898e-01 1.729324650316e-01 1.197593129691e-01 7.745924219680e-02 4.611889297516e-02 2.501436285355e-02 1.231039641399e-02 5.516799145046e-03 2.276248308777e-03 8.794244881709e-04
3.671436516500e-30 6.041642698145e-30 9.905750748297e-30 1.618779353780e-29 2.637708168886e-29 4.287412028484e-29 6.955163596434e-29 1.126694163322e-28 1.823765142497e-28 2.951994171440e-28 4.782070457871e-28 7.760709593155e-28 1.263211539491e-27 2.065054795695e-27 3.395970783447e-27 5.628512499408e-27 9.423009333425e-27 1.597713620966e-26 2.752225380030e-26 4.834720507251e-26 8.699970002610e-26 1.612505492355e-25 3.099191674823e-25 6.228877107080e-25 1.323088612403e-24 3.010400572491e-24 7.521089090998e-24 7.774488187142e-23 3.416755557467e-20 1.263977662415e-17 2.920103724935e-15 4.223616086565e-13 3.845764037979e-11 2.218281694247e-09 8.156974257177e-08 1.923102798569e-06 2.922713064872e-05 2.884354162589e-04 1.874362546217e-03 8.249964802750e-03 2.589341276096e-02 6.271097346387e-02 1.286977182339e-01 2.399807298515e-01 4.109247906054e-01 6.260172714737e-01 8.140097137816e-01 8.732608268414e-01 8.135741708314e-01 9.764974938482e-01 2.114399626462e+00 5.023007667738e+00 9.786079542827e+00 1.537541126066e+01 2.023813313334e+01 2.344171564715e+01 2.537399280259e+01 2.770896049370e+01 3.220439726101e+01 3.771795449136e+01 3.898017908184e+01 3.251155685204e+01 2.487841140936e+01 2.879661968234e+01 4.189145944893e+01 4.165116265843e+01 2.474712362464e+01 1.437360964323e+01 1.911559047421e+01 2.606681911933e+01 2.389819927672e+01 1.616968759115e+01 1.108173166475e+01 9.783584722070e+00 9.365875951590e+00 8.252836438867e+00 6.651462746470e+00 5.158204868297e+00 4.035743235002e+00 3.241278403852e+00 2.648698504832e+00 2.170343527020e+00 1.769540218809e+00 1.435271847021e+00 1.161373507405e+00 9.388049202734e-01 7.565355516197e-01 6.048996202051e-01 4.773705559596e-01 3.699792301962e-01 2.799925177769e-01 2.052364886128e-01 1.440633660842e-01 9.543392627361e-02 5.870868305276e-02 3.305039791238e-02 1.685349590101e-02 7.756710270750e-03 3.235371858110e-03 1.237764302939e-03 4.425941615049e-04
1.723825478191e-30 2.828955672563e-30 4.624329757421e-30 7.531792951646e-30 1.222715326383e-29 1.979230206548e-29 3.195930059841e-29 5.150363902616e-29 8.288133447342e-29 1.332684113630e-28 2.142719885672e-28 3.447774473109e-28 5.557474287061e-28 8.984342241303e-28 1.458682817151e-27 2.382350409779e-27 3.921536562870e-27 6.520895111811e-27 1.098364884216e-26 1.880190881775e-26 3.283984735369e-26 5.881091418941e-26 1.086405719612e-25 2.085928937570e-25 4.203292559542e-25 9.002799317530e-25 2.339521463690e-24 2.531051915638e-22 1.477851575935e-19 5.475182828923e-17 1.264413310840e-14 1.827801330466e-12 1.662982776264e-10 9.582295175047e-09 3.518868416178e-07 8.282427102046e-06 1.256183333045e-04 1.236528469377e-03 8.010659664182e-03 3.515129955082e-02 1.101319502818e-01 2.667359623190e-01 5.481588452088e-01 1.025927926586e+00 1.767349131755e+00 2.718990920001e+00 3.602408858554e+00 3.962052533755e+00 3.569603071039e+00 3.085002307106e+00 4.345082702086e+00 9.218762983362e+00 1.791554789168e+01 2.885959983365e+01 3.946359626331e+01 4.758079526558e+01 5.275497275753e+01 5.599986404085e+01 5.947058947169e+01 6.470581933414e+01 6.853955485374e+01 6.387568496338e+01 5.176359255048e+01 4.845902119277e+01 6.061579196801e+01 6.201774502087e+01 4.119358219863e+01 2.823095185549e+01 3.481539711607e+01 4.003068878280e+01 3.288968105304e+01 2.328695817231e+01 1.885569520828e+01 1.721906201293e+01 1.509799849556e+01 1.223688812643e+01 9.510439491567e+00 7.371808350039e+00 5.779877481491e+00 4.557082696074e+00 3.580168045352e+00 2.794118766446e+00 2.170729880363e+00 1.683675350404e+00 1.305631345408e+00 1.011467563222e+00 7.806477741588e-01 5.978590486888e-01 4.522901700111e-01 3.362508593172e-01 2.440052443349e-01 1.712075536095e-01 1.146842998500e-01 7.220465855182e-02 4.202520561667e-02 2.228349668578e-02 1.065763422826e-02 4.582016582458e-03 1.778259826688e-03 6.307249464094e-04 2.086150382997e-04
8.063365617840e-31 1.319841263265e-30 2.151312047631e-30 3.492874958004e-30 5.650577988746e-30 9.111253547363e-30 1.464872258327e-29 2.349296765199e-29 3.760071898220e-29 6.009065697408e-29 9.594841885508e-29 1.531789714966e-28 2.447109893715e-28 3.915855542362e-28 6.283785897819e-28 1.012589431834e-27 1.641237818838e-27 2.680911053096e-27 4.423662572841e-27 7.394290617989e-27 1.256370406148e-26 2.179110648756e-26 3.878519164471e-26 7.131332232301e-26 1.366227469910e-25 2.763566118301e-25 1.446936386965e-24 8.201033284996e-22 4.880656183706e-19 1.807533145359e-16 4.171441961297e-14 6.024307990260e-12 5.473661318374e-10 3.148238545315e-08 1.153406834992e-06 2.706919979291e-05 4.090986410860e-04 4.009388672152e-03 2.583838188739e-02 1.127805408223e-01 3.521148814924e-01 8.520307494825e-01 1.752713824192e+00 3.293088599056e+00 5.699827091890e+00 8.802652683729e+00 1.175543566038e+01 1.320141879757e+01 1.227717501035e+01 1.025814728722e+01 1.214311146431e+01 2.335901026127e+01 4.407594655488e+01 7.005486607845e+01 9.414999956308e+01 1.104635465876e+02 1.193847988061e+02 1.238071518682e+02 1.257379861417e+02 1.271495029029e+02 1.284403048358e+02 1.235327398985e+02 1.066954716513e+02 9.133123321046e+01 9.526586638719e+01 9.539887077412e+01 7.018421699201e+01 5.424364602208e+01 6.089902594682e+01 6.126216333389e+01 4.899128252622e+01 3.872665716199e+01 3.385599819991e+01 2.959356678688e+01 2.431386554389e+01 1.911301296965e+01 1.481302544231e+01 1.145103552644e+01 8.802215815522e+00 6.684916487899e+00 4.999651661454e+00 3.695665248160e+00 2.717839870712e+00 1.996055550594e+00 1.465249594569e+00 1.074326691338e+00 7.853121565733e-01 5.705748256528e-01 4.103068307536e-01 2.903690203755e-01 2.006402247074e-01 1.339189906476e-01 8.514798279076e-02 5.073257728719e-02 2.785212090304e-02 1.388622322275e-02 6.226312318765e-03 2.502202289123e-03 9.048730174540e-04 2.980730112945e-04 9.131732273955e-05
3.757439944299e-31 6.135149237409e-31 9.973107076073e-31 1.614417493546e-30 2.603139351394e-30 4.182168390778e-30 6.696793851037e-30 1.069172371270e-29 1.702616345263e-29 2.705641326113e-29 4.292720497569e-29 6.803988604623e-29 1.078116257260e-28 1.709202382781e-28 2.713725696008e-28 4.319958036689e-28 6.904399439513e-28 1.109719890100e-27 1.797190614604e-27 2.939679863422e-27 4.870687892368e-27 8.203852953272e-27 1.410989847115e-26 2.492159953347e-26 4.553842687294e-26 8.830727778227e-26 2.320760416399e-24 2.062459982051e-21 1.228765317128e-18 4.547888072815e-16 1.048604517068e-13 1.512349735224e-11 1.371517482609e-09 7.868240013386e-08 2.873131650199e-06 6.715347744947e-05 1.009847051603e-03 9.836953790836e-03 6.293555983055e-02 2.726791298354e-01 8.470848977026e-01 2.047272891301e+00 4.221139834703e+00 7.986313648176e+00 1.392089396586e+01 2.152163277801e+01 2.863673721198e+01 3.224824736965e+01 3.077053246889e+01 2.636688892524e+01 3.001683824852e+01 5.541998908775e+01 1.038821260458e+02 1.662107456372e+02 2.217217030490e+02 2.516040131681e+02 2.601502510837e+02 2.601838989155e+02 2.567775516131e+02 2.495615603688e+02 2.396442304996e+02 2.256070609046e+02 1.998710073659e+02 1.676187540560e+02 1.531601770484e+02 1.450118645642e+02 1.144359688162e+02 9.496624842503e+01 9.850068667320e+01 9.192985530240e+01 7.616515409770e+01 6.526673917785e+01 5.723132952176e+01 4.807050948263e+01 3.858993701244e+01 3.024235173496e+01 2.336787550346e+01 1.779325218425e+01 1.330753093438e+01 9.726014157467e+00 6.911404998359e+00 4.802768258044e+00 3.305618814133e+00 2.270099006504e+00 1.558908010309e+00 1.070914293320e+00 7.353587323428e-01 5.035032822855e-01 3.422926176146e-01 2.295543158046e-01 1.504964577570e-01 9.529329714880e-02 5.740192021086e-02 3.233337697144e-02 1.674157907091e-02 7.854229827447e-03 3.306878776954e-03 1.245232808699e-03 4.208943810658e-04 1.292029162234e-04 3.677849440444e-05
1.744244284198e-31 2.841318932457e-31 4.606907312837e-31 7.436546958469e-31 1.195384151916e-30 1.913937418933e-30 3.053172764443e-30 4.854110394116e-30 7.693934981984e-30 1.216276365056e-29 1.918438713683e-29 3.020720772384e-29 4.750834298401e-29 7.468234845949e-29 1.174354012732e-28 1.848932675164e-28 2.917900061965e-28 4.621995915922e-28 7.360382529030e-28 1.180684674516e-27 1.912363222319e-27 3.136854310714e-27 5.230141846856e-27 8.905820272257e-27 1.558344902952e-26 3.089872229945e-26 4.174117234461e-24 3.959619930154e-21 2.358193347805e-18 8.721439954656e-16 2.008610498326e-13 2.892077125638e-11 2.616523860210e-09 1.496208704464e-07 5.440575296269e-06 1.265008908752e-04 1.890308731200e-03 1.827233930025e-02 1.158287210592e-01 4.969342437821e-01 1.531997222705e+00 3.691004576477e+00 7.629278742361e+00 1.457937608633e+01 2.568339412123e+01 3.976129975354e+01 5.230390573994e+01 5.796199814227e+01 5.567088445432e+01 4.919961389186e+01 5.642982354901e+01 1.030582292439e+02 1.951305515369e+02 3.193182615831e+02 4.285175735599e+02 4.757111597966e+02 4.734040672456e+02 4.564273627216e+02 4.387892157858e+02 4.168096716501e+02 3.880782461599e+02 3.542984581697e+02 3.122629411758e+02 2.607472921431e+02 2.214327233900e+02 1.976496725593e+02 1.615951562925e+02 1.390554925820e+02 1.371805013519e+02 1.249885744055e+02 1.085778555463e+02 9.614567268387e+01 8.319824183878e+01 6.882948326833e+01 5.514984011488e+01 4.319994460123e+01 3.311206131920e+01 2.482037500090e+01 1.816028345220e+01 1.285505953344e+01 8.691324032663e+00 5.648783915422e+00 3.609778204847e+00 2.300962216516e+00 1.469923490023e+00 9.425693435639e-01 6.066406421015e-01 3.910244642282e-01 2.512606068367e-01 1.597718788228e-01 9.949755688202e-02 5.986458808058e-02 3.423414318573e-02 1.827500901331e-02 8.949401298899e-03 3.963236447893e-03 1.572393634886e-03 5.569901517017e-04 1.767397385855e-04 5.079761789579e-05 1.349799957094e-05
8.065833563646e-32 1.310962032226e-31 2.120412051691e-31 3.413693315581e-31 5.471322550473e-31 8.732104868996e-31 1.388055217696e-30 2.198199174990e-30 3.469144638489e-30 5.457698631806e-30 8.562150724803e-30 1.340043222989e-29 2.093250314166e-29 3.265333509189e-29 5.089993106592e-29 7.934518726464e-29 1.238030239470e-28 1.935621704699e-28 3.036379587210e-28 4.786593089988e-28 7.597546647257e-28 1.217126086519e-27 1.973841193593e-27 3.252780462512e-27 5.475565235119e-27 1.335792697142e-26 6.051391537098e-24 5.796249851279e-21 3.450024115878e-18 1.274808689653e-15 2.932073965719e-13 4.213433208926e-11 3.801284140385e-09 2.165343028363e-07 7.834367904596e-06 1.810283875566e-04 2.684746843808e-03 2.571393145693e-02 1.611720888530e-01 6.824968576689e-01 2.077706454307e+00 4.961447939280e+00 1.024324667539e+01 1.976952290383e+01 3.525823039232e+01 5.474323559793e+01 7.100566854293e+01 7.640487798877e+01 7.233827467358e+01 6.534429086060e+01 7.673829358385e+01 1.409393063593e+02 2.721910181352e+02 4.580584020807e+02 6.206400314514e+02 6.783520844662e+02 6.546780074845e+02 6.115437147009e+02 5.740512871692e+02 5.357385265890e+02 4.895181137104e+02 4.364183535092e+02 3.782455411932e+02 3.136076462877e+02 2.560101491295e+02 2.179036381394e+02 1.803519818244e+02 1.580211330436e+02 1.521582191013e+02 1.392149354232e+02 1.253174952278e+02 1.120732271658e+02 9.634793741351e+01 7.965321101521e+01 6.395946296252e+01 4.999069730316e+01 3.804084618148e+01 2.821279476853e+01 2.033858954428e+01 1.403942760168e+01 9.070058526474e+00 5.517298934945e+00 3.270347535103e+00 1.934703073398e+00 1.151582075799e+00 6.914147276639e-01 4.188445706894e-01 2.554069883103e-01 1.559571462758e-01 9.455637563113e-02 5.624974910966e-02 3.233898618637e-02 1.765332639630e-02 8.979100539189e-03 4.180624023086e-03 1.756633276867e-03 6.600984221574e-04 2.211091649279e-04 6.622340543886e-05 1.792252259873e-05 4.471259784191e-06
3.715397714587e-32 6.025870367224e-32 9.723962858731e-32 1.561533090844e-31 2.495870650901e-31 3.971353281768e-31 6.291992167459e-31 9.928076717205e-31 1.560528643043e-30 2.444111212252e-30 3.815391619336e-30 5.938400185882e-30 9.218842499265e-30 1.428073930387e-29 2.208593357231e-29 3.412206842698e-29 5.270149745290e-29 8.144296314176e-29 1.260603364073e-28 1.956790393214e-28 3.050832690742e-28 4.786554124180e-28 7.575016684229e-28 1.212828874778e-27 1.973923020931e-27 7.617234213853e-27 6.743351951753e-24 6.468830261565e-21 3.847810666770e-18 1.420387110356e-15 3.262052283511e-13 4.677296168056e-11 4.206422087101e-09 2.385694183325e-07 8.582466872270e-06 1.969053429628e-04 2.895027794436e-03 2.743615890334e-02 1.696842415010e-01 7.063696185007e-01 2.107244981274e+00 4.934904252133e+00 1.008380489986e+01 1.956145841004e+01 3.526418920570e+01 5.494872943626e+01 7.035226290065e+01 7.309473281352e+01 6.706296855535e+01 6.112570022846e+01 7.388928445747e+01 1.379243786480e+02 2.732307828737e+02 4.726832196147e+02 6.457590581541e+02 6.964406577667e+02 6.548553935723e+02 5.951808623053e+02 5.469622476417e+02 5.025418144800e+02 4.527232858832e+02 3.966666998861e+02 3.375027268073e+02 2.764582117657e+02 2.199593829960e+02 1.804162435146e+02 1.493397293456e+02 1.322030499302e+02 1.264481075317e+02 1.175583596792e+02 1.084411190260e+02 9.744856277450e+01 8.387233146181e+01 6.961098174732e+01 5.599824092179e+01 4.368689164697e+01 3.309865745407e+01 2.439429119802e+01 1.741523696003e+01 1.178907965488e+01 7.319950397594e+00 4.187665082944e+00 2.312008877409e+00 1.275965081888e+00 7.124817328112e-01 4.038527199109e-01 2.323955829938e-01 1.353662972623e-01 7.931485702927e-02 4.628763487098e-02 2.654251307295e-02 1.470623875410e-02 7.724813157847e-03 3.771886108075e-03 1.681482341717e-03 6.748256284570e-04 2.416986826654e-04 7.702877278778e-05 2.191074649728e-05 5.619327421192e-06 1.324816712841e-06
