AXIS X
0.000000000000e+00 2.500000000000e-03 5.000000000000e-03 7.500000000000e-03 1.000000000000e-02 1.250000000000e-02 1.500000000000e-02 1.750000000000e-02 2.000000000000e-02 2.250000000000e-02 2.500000000000e-02 2.750000000000e-02 3.000000000000e-02 3.250000000000e-02 3.500000000000e-02 3.750000000000e-02 4.000000000000e-02 4.250000000000e-02 4.500000000000e-02 4.750000000000e-02 5.000000000000e-02 5.250000000000e-02 5.500000000000e-02 5.750000000000e-02 6.000000000000e-02 6.250000000000e-02 6.500000000000e-02 6.750000000000e-02 7.000000000000e-02 7.250000000000e-02 7.500000000000e-02 7.750000000000e-02 8.000000000000e-02 8.250000000000e-02 8.500000000000e-02 8.750000000000e-02 9.000000000000e-02 9.250000000000e-02 9.500000000000e-02 9.750000000000e-02 1.000000000000e-01 1.025000000000e-01 1.050000000000e-01 1.075000000000e-01 1.100000000000e-01 1.125000000000e-01 1.150000000000e-01 1.175000000000e-01 1.200000000000e-01 1.225000000000e-01 1.250000000000e-01 1.275000000000e-01 1.300000000000e-01 1.325000000000e-01 1.350000000000e-01 1.375000000000e-01 1.400000000000e-01 1.425000000000e-01 1.450000000000e-01 1.475000000000e-01 1.500000000000e-01 1.525000000000e-01 1.550000000000e-01 1.575000000000e-01 1.600000000000e-01 1.625000000000e-01 1.650000000000e-01 1.675000000000e-01 1.700000000000e-01 1.725000000000e-01 1.750000000000e-01 1.775000000000e-01 1.800000000000e-01 1.825000000000e-01 1.850000000000e-01 1.875000000000e-01 1.900000000000e-01 1.925000000000e-01 1.950000000000e-01 1.975000000000e-01 2.000000000000e-01 2.025000000000e-01 2.050000000000e-01 2.075000000000e-01 2.100000000000e-01 2.125000000000e-01 2.150000000000e-01 2.175000000000e-01 2.200000000000e-01 2.225000000000e-01 2.250000000000e-01 2.275000000000e-01 2.300000000000e-01 2.325000000000e-01 2.350000000000e-01 2.375000000000e-01 2.400000000000e-01 2.425000000000e-01 2.450000000000e-01 2.475000000000e-01 2.500000000000e-01

AXIS Y
0.000000000000e+00 1.875000000000e-03 3.750000000000e-03 5.625000000000e-03 7.500000000000e-03 9.375000000000e-03 1.125000000000e-02 1.312500000000e-02 1.500000000000e-02 1.687500000000e-02 1.875000000000e-02 2.062500000000e-02 2.250000000000e-02 2.437500000000e-02 2.625000000000e-02 2.812500000000e-02 3.000000000000e-02 3.187500000000e-02 3.375000000000e-02 3.562500000000e-02 3.750000000000e-02 3.937500000000e-02 4.125000000000e-02 4.312500000000e-02 4.500000000000e-02 4.687500000000e-02 4.875000000000e-02 5.062500000000e-02 5.250000000000e-02 5.437500000000e-02 5.625000000000e-02 5.812500000000e-02 6.000000000000e-02 6.187500000000e-02 6.375000000000e-02 6.562500000000e-02 6.750000000000e-02 6.937500000000e-02 7.125000000000e-02 7.312500000000e-02 7.500000000000e-02 7.687500000000e-02 7.875000000000e-02 8.062500000000e-02 8.250000000000e-02 8.437500000000e-02 8.625000000000e-02 8.812500000000e-02 9.000000000000e-02 9.187500000000e-02 9.375000000000e-02 9.562500000000e-02 9.750000000000e-02 9.937500000000e-02 1.012500000000e-01 1.031250000000e-01 1.050000000000e-01 1.068750000000e-01 1.087500000000e-01 1.106250000000e-01 1.125000000000e-01 1.143750000000e-01 1.162500000000e-01 1.181250000000e-01 1.200000000000e-01 1.218750000000e-01 1.237500000000e-01 1.256250000000e-01 1.275000000000e-01 1.293750000000e-01 1.312500000000e-01 1.331250000000e-01 1.350000000000e-01 1.368750000000e-01 1.387500000000e-01 1.406250000000e-01 1.425000000000e-01 1.443750000000e-01 1.462500000000e-01 1.481250000000e-01 1.500000000000e-01 1.518750000000e-01 1.537500000000e-01 1.556250000000e-01 1.575000000000e-01 1.593750000000e-01 1.612500000000e-01 1.631250000000e-01 1.650000000000e-01 1.668750000000e-01 1.687500000000e-01 1.706250000000e-01 1.725000000000e-01 1.743750000000e-01 1.762500000000e-01 1.781250000000e-01 1.800000000000e-01 1.818750000000e-01 1.837500000000e-01 1.856250000000e-01 1.875000000000e-01 1.893750000000e-01 1.912500000000e-01 1.931250000000e-01 1.950000000000e-01 1.968750000000e-01 1.987500000000e-01 2.006250000000e-01 2.025000000000e-01 2.043750000000e-01 2.062500000000e-01 2.081250000000e-01 2.100000000000e-01 2.118750000000e-01 2.137500000000e-01 2.156250000000e-01 2.175000000000e-01 2.193750000000e-01 2.212500000000e-01 2.231250000000e-01 2.250000000000e-01 2.268750000000e-01 2.287500000000e-01 2.306250000000e-01 2.325000000000e-01 2.343750000000e-01 2.362500000000e-01 2.381250000000e-01 2.400000000000e-01 2.418750000000e-01 2.437500000000e-01 2.456250000000e-01 2.475000000000e-01 2.493750000000e-01 2.512500000000e-01 2.531250000000e-01 2.550000000000e-01 2.568750000000e-01 2.587500000000e-01 2.606250000000e-01 2.625000000000e-01 2.643750000000e-01 2.662500000000e-01 2.681250000000e-01 2.700000000000e-01 2.718750000000e-01 2.737500000000e-01 2.756250000000e-01 2.775000000000e-01 2.793750000000e-01 2.812500000000e-01 2.831250000000e-01 2.850000000000e-01 2.868750000000e-01 2.887500000000e-01 2.906250000000e-01 2.925000000000e-01 2.943750000000e-01 2.962500000000e-01 2.981250000000e-01 3.000000000000e-01

DATA
1.765255809147e-03 2.063859333797e-03 2.402517464002e-03 2.784982755454e-03 3.215146797153e-03 3.697015424446e-03 4.234677746405e-03 4.832268021085e-03 5.493919907145e-03 6.223712392276e-03 7.025607514300e-03 7.903379374730e-03 8.860535211180e-03 9.900229122111e-03 1.102516940979e-02 1.223752106757e-02 1.353880558698e-02 1.492979935750e-02 1.641043431555e-02 1.797970214121e-02 1.963556578832e-02 2.137488052868e-02 2.319332731580e-02 2.508536125242e-02 2.704417735669e-02 2.906169566723e-02 3.112856765901e-02 3.323420450237e-02 3.536682948025e-02 3.751355314600e-02 3.966047232740e-02 4.179279191937e-02 4.389496808474e-02 4.595087146350e-02 4.794396821553e-02 4.985751628648e-02 5.167477462989e-02 5.337922101109e-02 5.495477663332e-02 5.638603280890e-02 5.765847673371e-02 5.875871201337e-02 5.967467110270e-02 6.039581485633e-02 6.091331695685e-02 6.122022693846e-02 6.131161169327e-02 6.118466885866e-02 6.083881152695e-02 6.027571858066e-02 5.949935096773e-02 5.851593053604e-02 5.733387960299e-02 5.596372201033e-02 5.441794516834e-02 5.271082583910e-02 5.085821985907e-02 4.887732262899e-02 4.678640223141e-02 4.460451313028e-02 4.235119587086e-02 4.004617045541e-02 3.770903056742e-02 3.535894714510e-02 3.301438710126e-02 3.069285563703e-02 2.841066697184e-02 2.618274822798e-02 2.402248142906e-02 2.194158422631e-02 1.995003168653e-02 1.805601753905e-02 1.626595451521e-02 1.458451021203e-02 1.301467488002e-02 1.155785776962e-02 1.021400612865e-02 8.981742853882e-03 7.858517245802e-03 6.840764008381e-03 5.924066382799e-03 5.103318388888e-03 4.372883235341e-03 3.726744190513e-03 3.158645486543e-03 2.662221171364e-03 2.231110297986e-03 1.859057704482e-03 1.539999510183e-03 1.268133674963e-03 1.037975617514e-03 8.443997982499e-04 6.826680354955e-04 5.484458343268e-04 4.378079852784e-04 3.472348964398e-04 2.736011267712e-04 2.141576240008e-04 1.665091080768e-04 1.285879698341e-04 9.862594982611e-05
1.842699935525e-03 2.155170337195e-03 2.509670960525e-03 2.910154422510e-03 3.360722013897e-03 3.865598044372e-03 4.429097631715e-03 5.055586959026e-03 5.749435465364e-03 6.514959349245e-03 7.356356025023e-03 8.277629767663e-03 9.282508447655e-03 1.037435250128e-02 1.155605713855e-02 1.282994920892e-02 1.419768076805e-02 1.566012142224e-02 1.721725243547e-02 1.886806482242e-02 2.061046456441e-02 2.244118812458e-02 2.435573072952e-02 2.634829028054e-02 2.841173000017e-02 3.053756108906e-02 3.271594811389e-02 3.493573777213e-02 3.718451299210e-02 3.944867196952e-02 4.171353159143e-02 4.396345680003e-02 4.618201141424e-02 4.835213206861e-02 5.045631964595e-02 5.247684900001e-02 5.439599140990e-02 5.619624678454e-02 5.786058364418e-02 5.937268028977e-02 6.071716597499e-02 6.187985625775e-02 6.284797864298e-02 6.361038544050e-02 6.415774796345e-02 6.448273131849e-02 6.458014133447e-02 6.444704469833e-02 6.408285604497e-02 6.348939004145e-02 6.267087579898e-02 6.163393181464e-02 6.038749978959e-02 5.894273739273e-02 5.731287030025e-02 5.551300585396e-02 5.355990995934e-02 5.147175194264e-02 4.926782282126e-02 4.696823289709e-02 4.459359434043e-02 4.216469880300e-02 3.970219562805e-02 3.722628036105e-02 3.475639940281e-02 3.231097980489e-02 2.990718910388e-02 2.756073029682e-02 2.528567643314e-02 2.309434634733e-02 2.099722325475e-02 1.900291505646e-02 1.711815529258e-02 1.534784123863e-02 1.369510612991e-02 1.216142041292e-02 1.074671728029e-02 9.449537427437e-03 8.267187727692e-03 7.195908387284e-03 6.231044345778e-03 5.367215908377e-03 4.598485214366e-03 3.918514844331e-03 3.320715941725e-03 2.798383716106e-03 2.344818686761e-03 1.953432573457e-03 1.617838473113e-03 1.331925063330e-03 1.089915288832e-03 8.864101661735e-04 7.164187344209e-04 5.753752990971e-04 4.591454248560e-04 3.640221185334e-04 2.867138048834e-04 2.243256304244e-04 1.743356518259e-04 1.345673230105e-04 1.031596288839e-04
1.916717078532e-03 2.242576873802e-03 2.612394277317e-03 3.030319492210e-03 3.500661279728e-03 4.027860492278e-03 4.616456660881e-03 5.271046806254e-03 5.996235648660e-03 6.796576686411e-03 7.676503701261e-03 8.640252846762e-03 9.691775190252e-03 1.083464132784e-02 1.207193789325e-02 1.340615926367e-02 1.483909469159e-02 1.637171459514e-02 1.800405812223e-02 1.973512481914e-02 2.156277366695e-02 2.348363277187e-02 2.549302243576e-02 2.758489436713e-02 2.975179084296e-02 3.198482486678e-02 3.427368433588e-02 3.660666088176e-02 3.897070583374e-02 4.135151200419e-02 4.373362334382e-02 4.610056908008e-02 4.843502465061e-02 5.071899412272e-02 5.293401401037e-02 5.506137476637e-02 5.708235768091e-02 5.897848155879e-02 6.073175690632e-02 6.232494417648e-02 6.374180856984e-02 6.496737097746e-02 6.598814758785e-02 6.679237528160e-02 6.737021760225e-02 6.771394815783e-02 6.781810652593e-02 6.767962317396e-02 6.729791023644e-02 6.667491340409e-02 6.581512697207e-02 6.472556220145e-02 6.341567713999e-02 6.189726036180e-02 6.018427304844e-02 5.829264998832e-02 5.624006342820e-02 5.404565395828e-02 5.172973186464e-02 4.931345921536e-02 4.681851607926e-02 4.426676153066e-02 4.167989653626e-02 3.907913658963e-02 3.648490344377e-02 3.391654201833e-02 3.139206903969e-02 2.892795983874e-02 2.653897505235e-02 2.423803168515e-02 2.203611865327e-02 1.994225615784e-02 1.796349673909e-02 1.610496675654e-02 1.436994182370e-02 1.275995365841e-02 1.127492193775e-02 9.913306278932e-03 8.672272432551e-03 7.547867832542e-03 6.535201118407e-03 5.628621077349e-03 4.821891102483e-03 4.108355447672e-03 3.481094584265e-03 2.933067255768e-03 2.457237665219e-03 2.046686637736e-03 1.694706234711e-03 1.394877734065e-03 1.141133302553e-03 9.278020778739e-04 7.496417093777e-04 6.018565791500e-04 4.801041605908e-04 3.804910924730e-04 2.995605963369e-04 2.342728729587e-04 1.819800955494e-04 1.403975005212e-04 1.075719808752e-04
1.986743399577e-03 2.325421841684e-03 2.709925006034e-03 3.144597153924e-03 3.633951176512e-03 4.182641363651e-03 4.795429007187e-03 5.477139717577e-03 6.232611912761e-03 7.066635452709e-03 7.983880454580e-03 8.988815723293e-03 1.008561757107e-02 1.127806949775e-02 1.256945402568e-02 1.396243819661e-02 1.545895520943e-02 1.706008408499e-02 1.876593079427e-02 2.057551357179e-02 2.248665546703e-02 2.449588820921e-02 2.659836962091e-02 2.878781844565e-02 3.105646951342e-02 3.339505107872e-02 3.579278765246e-02 3.823742885641e-02 4.071530670702e-02 4.321142063486e-02 4.570955121054e-02 4.819240211390e-02 5.064176772179e-02 5.303872632266e-02 5.536385466929e-02 5.759746245520e-02 5.971984276976e-02 6.171153324295e-02 6.355358645259e-02 6.522784185998e-02 6.671719812120e-02 6.800587741683e-02 6.907967975572e-02 6.992622135753e-02 7.053515227517e-02 7.089834923577e-02 7.101007993747e-02 7.086713208338e-02 7.046890936913e-02 6.981748290231e-02 6.891760467505e-02 6.777667349357e-02 6.640465682622e-02 6.481396745334e-02 6.301929467189e-02 6.103739344080e-02 5.888683542321e-02 5.658772368443e-02 5.416137992373e-02 5.163000965455e-02 4.901635231045e-02 4.634332604699e-02 4.363367480796e-02 4.090962624736e-02 3.819256941381e-02 3.550275950249e-02 3.285905581400e-02 3.027869941725e-02 2.777713300999e-02 2.536786704305e-02 2.306239229029e-02 2.087013749909e-02 1.879847246531e-02 1.685275085571e-02 1.503639013017e-02 1.335098349155e-02 1.179643810732e-02 1.037113394113e-02 9.072098046855e-03 7.895187683519e-03 6.835278363236e-03 5.886450831290e-03 5.042173349482e-03 4.295475704337e-03 3.639111494110e-03 3.065706846442e-03 2.567893332703e-03 2.138424433125e-03 1.770274551428e-03 1.456720691145e-03 1.191407135029e-03 9.683938051458e-04 7.821893820751e-04 6.277704978008e-04 5.005885027883e-04 3.965654295862e-04 3.120808828185e-04 2.439515390078e-04 1.894049613890e-04 1.460493105499e-04 1.118404168368e-04
2.052253551082e-03 2.403092247665e-03 2.801551063568e-03 3.252163774268e-03 3.759642983076e-03 4.328852324154e-03 4.964770997811e-03 5.672449996362e-03 6.456958680820e-03 7.323321413786e-03 8.276443501554e-03 9.321026497990e-03 1.046147297430e-02 1.170178180833e-02 1.304543498799e-02 1.449527746026e-02 1.605339287112e-02 1.772097689330e-02 1.949821177201e-02 2.138414527187e-02 2.337657670126e-02 2.547195462581e-02 2.766528884421e-02 2.995008035721e-02 3.231827234147e-02 3.476022448788e-02 3.726471470081e-02 3.981896674367e-02 4.240870936159e-02 4.501826396068e-02 4.763066273897e-02 5.022779688560e-02 5.279059219996e-02 5.529921194110e-02 5.773328239601e-02 6.007214017603e-02 6.229509602569e-02 6.438171070111e-02 6.631208098747e-02 6.806712720437e-02 6.962888045113e-02 7.098076274494e-02 7.210785497789e-02 7.299714906061e-02 7.363777650930e-02 7.402121162866e-02 7.414144316990e-02 7.399510994630e-02 7.358159903696e-02 7.290309867516e-02 7.196461028773e-02 7.077391015817e-02 6.934146576167e-02 6.768030302098e-02 6.580582851960e-02 6.373560617118e-02 6.148909415677e-02 5.908734628529e-02 5.655268313487e-02 5.390834072922e-02 5.117810532558e-02 4.838594152345e-02 4.555562401990e-02 4.271038076295e-02 3.987255700683e-02 3.706330766546e-02 3.430232516523e-02 3.160760747085e-02 2.899527191396e-02 2.647941571416e-02 2.407202592779e-02 2.178293612428e-02 1.961983007898e-02 1.758828691653e-02 1.569186533772e-02 1.393222038149e-02 1.230924787762e-02 1.082125060320e-02 9.465119697139e-03 8.236526086752e-03 7.130116373080e-03 6.139707838110e-03 5.258478681825e-03 4.479149279914e-03 3.794151640603e-03 3.195784350741e-03 2.676351497731e-03 2.228284043034e-03 1.844243326479e-03 1.517206438578e-03 1.240533785631e-03 1.008019755146e-03 8.139274143068e-04 6.530086847457e-04 5.205115239960e-04 4.121758115419e-04 3.242197167802e-04 2.533183334671e-04 1.965763469385e-04 1.514963774281e-04 1.159445498057e-04
2.112768926138e-03 2.475028735950e-03 2.886621715715e-03 3.352265649881e-03 3.876867479231e-03 4.465494952170e-03 5.123340463249e-03 5.855675956583e-03 6.667798109444e-03 7.564962866312e-03 8.552308770225e-03 9.634769235070e-03 1.081697345413e-02 1.210313753853e-02 1.349694604906e-02 1.500142678523e-02 1.661882029960e-02 1.835044705271e-02 2.019657561281e-02 2.215629458928e-02 2.422739282887e-02 2.640625043275e-02 2.868774518982e-02 3.106517749230e-02 3.353021695075e-02 3.607287400518e-02 3.868149872765e-02 4.134280914972e-02 4.404195024181e-02 4.676258439537e-02 4.948701397934e-02 5.219633543329e-02 5.487062244871e-02 5.748913793235e-02 6.003057155605e-02 6.247329803854e-02 6.479565577631e-02 6.697623676507e-02 6.899418791027e-02 7.082951408170e-02 7.246338142429e-02 7.387841167390e-02 7.505896612313e-02 7.599140865766e-02 7.666434840648e-02 7.706885153571e-02 7.719862099694e-02 7.705013835536e-02 7.662276453037e-02 7.591879495630e-02 7.494346867258e-02 7.370492729958e-02 7.221412444748e-02 7.048468555463e-02 6.853271930671e-02 6.637658275032e-02 6.403660492152e-02 6.153477360427e-02 5.889439103295e-02 5.613970740448e-02 5.329553907871e-02 5.038688093679e-02 4.743852243884e-02 4.447467678741e-02 4.151863136335e-02 3.859242761511e-02 3.571657893392e-02 3.290982974142e-02 3.018896224758e-02 2.756865282346e-02 2.506137814958e-02 2.267737169904e-02 2.042462750561e-02 1.830894824412e-02 1.633403292827e-02 1.450159906438e-02 1.281153296877e-02 1.126206294517e-02 9.849948125663e-03 8.570677650530e-03 7.418674477853e-03 6.387498267990e-03 5.470043234593e-03 4.658726802993e-03 3.945665777565e-03 3.322837716208e-03 2.782225457913e-03 2.315943535148e-03 1.916346008387e-03 1.576115447806e-03 1.288333427096e-03 1.046533422345e-03 8.447371052562e-04 6.774755055524e-04 5.397966157523e-04 4.272612239289e-04 3.359287886050e-04 2.623352416901e-04 2.034645241882e-04 1.567155994503e-04 1.198665474464e-04
2.167864897617e-03 2.540734058137e-03 2.964557434854e-03 3.444230392815e-03 3.984847896945e-03 4.591675736941e-03 5.270113677005e-03 6.025649364313e-03 6.863802152441e-03 7.790055685012e-03 8.809778987879e-03 9.928135581390e-03 1.114998108434e-02 1.247974982584e-02 1.392133189196e-02 1.547794247533e-02 1.715198536175e-02 1.894491422866e-02 2.085709414389e-02 2.288766693635e-02 2.503442492886e-02 2.729369561257e-02 2.966024235669e-02 3.212718390648e-02 3.468593686029e-02 3.732618350171e-02 4.003586866328e-02 4.280122700796e-02 4.560684247604e-02 4.843574147319e-02 5.126951859536e-02 5.408849713471e-02 5.687191868210e-02 5.959816529421e-02 6.224500675963e-02 6.478987182748e-02 6.721013932651e-02 6.948344431236e-02 7.158799265570e-02 7.350288066983e-02 7.520841405082e-02 7.668641684034e-02 7.792052965507e-02 7.889648790512e-02 7.960237367774e-02 8.002883893449e-02 8.016929347901e-02 8.002005221970e-02 7.958043900784e-02 7.885284354289e-02 7.784272857091e-02 7.655858546940e-02 7.501183782266e-02 7.321669247782e-02 7.118994149120e-02 6.895071584241e-02 6.652019499640e-02 6.392128051604e-02 6.117823587787e-02 5.831630509896e-02 5.536131354961e-02 5.233926717977e-02 4.927595141953e-02 4.619654687664e-02 4.312526575159e-02 4.008502121608e-02 3.709713301172e-02 3.418107965702e-02 3.135429768950e-02 2.863203321050e-02 2.602724536905e-02 2.355056169754e-02 2.121028268929e-02 1.901243222689e-02 1.696084901448e-02 1.505731378022e-02 1.330170553729e-02 1.169218158981e-02 1.022537352109e-02 8.896594206754e-03 7.700049150817e-03 6.629047206565e-03 5.676205904215e-03 4.833647130210e-03 4.093180145236e-03 3.446469045857e-03 2.885182796368e-03 2.401126676114e-03 1.986354271258e-03 1.633260004221e-03 1.334652556928e-03 1.083809968298e-03 8.745174872420e-04 7.010897483347e-04 5.583788245433e-04 4.417700121738e-04 3.471672644466e-04 2.709701771903e-04 2.100444381401e-04 1.616875402478e-04 1.235914306169e-04
2.217176935865e-03 2.599780223823e-03 3.034858178024e-03 3.527476522459e-03 4.082911109622e-03 4.706618778159e-03 5.404200041295e-03 6.181352080597e-03 7.043811376156e-03 7.997284653858e-03 9.047367724215e-03 1.019945185352e-02 1.145861801893e-02 1.282951943751e-02 1.431625413166e-02 1.592222890873e-02 1.765001720542e-02 1.950121431764e-02 2.147629230363e-02 2.357445916927e-02 2.579352540085e-02 2.812978314791e-02 3.057790011586e-02 3.313083426811e-02 3.577977136829e-02 3.851408937183e-02 4.132135234434e-02 4.418733735344e-02 4.709609324566e-02 5.003003600476e-02 5.297007870186e-02 5.589579580110e-02 5.878562112960e-02 6.161707842121e-02 6.436703824185e-02 6.701200253270e-02 6.952840784556e-02 7.189294555510e-02 7.408289291154e-02 7.607644705467e-02 7.785305893198e-02 7.939375984059e-02 8.068147098776e-02 8.170129753803e-02 8.244079072312e-02 8.289018246790e-02 8.304258093881e-02 8.289412331522e-02 8.244408338340e-02 8.169493109921e-02 8.065233593959e-02 7.932512094575e-02 7.772515955444e-02 7.586721926433e-02 7.376875344582e-02 7.144964328833e-02 6.893189578191e-02 6.623930204832e-02 6.339706266287e-02 6.043139102148e-02 5.736909963234e-02 5.423718161760e-02 5.106239717457e-02 4.787087371583e-02 4.468772978479e-02 4.153673218671e-02 3.843999187703e-02 3.541770741219e-02 3.248795769574e-02 2.966654854152e-02 2.696691358762e-02 2.440006838167e-02 2.197461568879e-02 1.969679827585e-02 1.757059406457e-02 1.559784802089e-02 1.377843461918e-02 1.211044408580e-02 1.059038570916e-02 9.213402329794e-03 7.973489087669e-03 6.863711786679e-03 5.876419408530e-03 5.003446887604e-03 4.236304477220e-03 3.566351348330e-03 2.984951055519e-03 2.483607640673e-03 2.054081915898e-03 1.688487410738e-03 1.379366636160e-03 1.119748352195e-03 9.031870249201e-04 7.237859836902e-04 5.762059332564e-04 4.556607458695e-04 3.579024615127e-04 2.791975121506e-04 2.162961188024e-04 1.663967399072e-04 1.271073129646e-04
2.260405483160e-03 2.651814189747e-03 3.097110024071e-03 3.601521169148e-03 4.170496449633e-03 4.809676067954e-03 5.524853801296e-03 6.321929421104e-03 7.206850292561e-03 8.185540715386e-03 9.263818914029e-03 1.044730089242e-02 1.174129126036e-02 1.315066237254e-02 1.467972208546e-02 1.633207279661e-02 1.811046395229e-02 2.001664085193e-02 2.205119359694e-02 2.421340944417e-02 2.650113301979e-02 2.891063875962e-02 3.143651905804e-02 3.407159334727e-02 3.680684065976e-02 3.963136016109e-02 4.253236273958e-02 4.549519505217e-02 4.850340022074e-02 5.153881242061e-02 5.458169187856e-02 5.761089255087e-02 6.060406792699e-02 6.353790865389e-02 6.638841096582e-02 6.913117111336e-02 7.174170345420e-02 7.419577320556e-02 7.646974297473e-02 7.854092154649e-02 8.038791483751e-02 8.199096492475e-02 8.333227725095e-02 8.439632481989e-02 8.517012515877e-02 8.564348314080e-02 8.580919531046e-02 8.566320943991e-02 8.520473563843e-02 8.443630555770e-02 8.336377729980e-02 8.199628421803e-02 8.034612725289e-02 7.842861018550e-02 7.626182230449e-02 7.386636900271e-02 7.126505771883e-02 6.848254161471e-02 6.554493166881e-02 6.247938410461e-02 5.931367177892e-02 5.607575071739e-02 5.279333166784e-02 4.949346647551e-02 4.620215922317e-02 4.294401157197e-02 3.974190877185e-02 3.661675471517e-02 3.358725767459e-02 3.066977288823e-02 2.787819983317e-02 2.522393591113e-02 2.271588198368e-02 2.036049747043e-02 1.816189923058e-02 1.612199797787e-02 1.424066664831e-02 1.251593297099e-02 1.094418987403e-02 9.520417025360e-03 8.238407064346e-03 7.090991262411e-03 6.070259096331e-03 5.167767829719e-03 4.374738207860e-03 3.682233872350e-03 3.081322093749e-03 2.563214623016e-03 2.119387894446e-03 1.741682478053e-03 1.422382074776e-03 1.154272943431e-03 9.306849298384e-04 7.455156064327e-04 5.932392922424e-04 4.689028590002e-04 3.681103472904e-04 2.869984665405e-04 2.222049795159e-04 1.708319427706e-04 1.304055694184e-04
2.297319412247e-03 2.696561941919e-03 3.150989984063e-03 3.665985663131e-03 4.247162263042e-03 4.900334926185e-03 5.631482625810e-03 6.446700111418e-03 7.352138551822e-03 8.353933791221e-03 9.458121473346e-03 1.067053850174e-02 1.199671118470e-02 1.344173045939e-02 1.501011569763e-02 1.670566873288e-02 1.853132109928e-02 2.048897669883e-02 2.257935478637e-02 2.480183555960e-02 2.715431400251e-02 2.963306577061e-02 3.223262929974e-02 3.494570900195e-02 3.776310275770e-02 4.067365853202e-02 4.366426302231e-02 4.671986314483e-02 4.982352658221e-02 5.295653809851e-02 5.609853591443e-02 5.922768475772e-02 6.232088738373e-02 6.535403082374e-02 6.830226314649e-02 7.114030068908e-02 7.384275674197e-02 7.638449041642e-02 7.874096533874e-02 8.088861629512e-02 8.280521272072e-02 8.447021506959e-02 8.586511442713e-02 8.697375217174e-02 8.778260722562e-02 8.828105033989e-02 8.846155698922e-02 8.831987090930e-02 8.785512227297e-02 8.706988583343e-02 8.597018678309e-02 8.456544542996e-02 8.286836442310e-02 8.089475699926e-02 7.866331956146e-02 7.619535357948e-02 7.351443634616e-02 7.064605394779e-02 6.761719739365e-02 6.445593700332e-02 6.119097750933e-02 5.785121099039e-02 5.446527306313e-02 5.106111627216e-02 4.766560805895e-02 4.430416526148e-02 4.100042959639e-02 3.777599484197e-02 3.465018563292e-02 3.163989563877e-02 2.875948190685e-02 2.602071726324e-02 2.343279663469e-02 2.100239419277e-02 1.873376558528e-02 1.662888933066e-02 1.468764030373e-02 1.290798890552e-02 1.128621799022e-02 9.817151589883e-03 8.494388394483e-03 7.310534295947e-03 6.257429003581e-03 5.326362077136e-03 4.508274899197e-03 3.793945645974e-03 3.174155159738e-03 2.639832346706e-03 2.182178320441e-03 1.792769146804e-03 1.463637585860e-03 1.187334611761e-03 9.569720108167e-04 7.662475171221e-04 6.094543511849e-04 4.814770721627e-04 3.777758657080e-04 2.943613468886e-04 2.277619994774e-04 1.749862359893e-04 1.334809420809e-04
2.327758078647e-03 2.733830931279e-03 3.196268868940e-03 3.720598926478e-03 4.312589809490e-03 4.978222696615e-03 5.723653080494e-03 6.555162419561e-03 7.479098200548e-03 8.501801069830e-03 9.629518473496e-03 1.086830411716e-02 1.222390329160e-02 1.370162480928e-02 1.530620081049e-02 1.704163618813e-02 1.891105044069e-02 2.091651482292e-02 2.305888893486e-02 2.533765999348e-02 2.775079027382e-02 3.029457607373e-02 3.296352412688e-02 3.575024835080e-02 3.864539269836e-02 4.163758319875e-02 4.471341250385e-02 4.785746045633e-02 5.105235251188e-02 5.427885733362e-02 5.751602506765e-02 6.074136495555e-02 6.393106150611e-02 6.706022881418e-02 7.010319663510e-02 7.303382745448e-02 7.582585911592e-02 7.845326517178e-02 8.089062900595e-02 8.311352508852e-02 8.509889756693e-02 8.682543198657e-02 8.827390908023e-02 8.942753726711e-02 9.027225291344e-02 9.079698486286e-02 9.099387419175e-02 9.085844771768e-02 9.038973626386e-02 8.959033755514e-02 8.846641992687e-02 8.702766455749e-02 8.528714772504e-02 8.326116280180e-02 8.096898320673e-02 7.843257358927e-02 7.567624967070e-02 7.272629781891e-02 6.961055821932e-02 6.635798357718e-02 6.299818095482e-02 5.956094964681e-02 5.607582367249e-02 5.257163109906e-02 4.907608072053e-02 4.561538332395e-02 4.221391973749e-02 3.889395728997e-02 3.567542431524e-02 3.257574202611e-02 2.960971659530e-02 2.678949037365e-02 2.412454862075e-02 2.162177861856e-02 1.928557536256e-02 1.711798729691e-02 1.511889533612e-02 1.328621801600e-02 1.161613507071e-02 1.010332306997e-02 8.741195594861e-03 7.522142956545e-03 6.437765252012e-03 5.479094926780e-03 4.636804603846e-03 3.901397533633e-03 3.263378469125e-03 2.713403405775e-03 2.242407570458e-03 1.841711386211e-03 1.503104871818e-03 1.218911253367e-03 9.820310923941e-04 7.859684352608e-04 6.248408908054e-04 4.933755646525e-04 3.868930599594e-04 3.012816468400e-04 2.329637913337e-04 1.788570948325e-04 1.363315685666e-04
2.351631941472e-03 2.763510864104e-03 3.232812249031e-03 3.765198645565e-03 4.366584763559e-03 5.043108413601e-03 5.801092529901e-03 6.646996610356e-03 7.587356385168e-03 8.628710184700e-03 9.777511216738e-03 1.104002527310e-02 1.242221366632e-02 1.392960194790e-02 1.556713601647e-02 1.733902716085e-02 1.924858885053e-02 2.129806820219e-02 2.348847655443e-02 2.581942260855e-02 2.828895291550e-02 3.089340491516e-02 3.362727623580e-02 3.648311620251e-02 3.945144287492e-02 4.252069018821e-02 4.567718961707e-02 4.890518733341e-02 5.218690145710e-02 5.550262039340e-02 5.883084176519e-02 6.214845438746e-02 6.543095938914e-02 6.865273102811e-02 7.178731180486e-02 7.480773967238e-02 7.768690260801e-02 8.039791143389e-02 8.291448881191e-02 8.521136427446e-02 8.726466866366e-02 8.905231954391e-02 9.055439064561e-02 9.175345660430e-02 9.263490612906e-02 9.318721666233e-02 9.340218379914e-02 9.327509907875e-02 9.280487528177e-02 9.199410969992e-02 9.084908782251e-02 8.937972449254e-02 8.759943931242e-02 8.552497368564e-02 8.317614511919e-02 8.057554752958e-02 7.774820156346e-02 7.472115973552e-02 7.152307772400e-02 6.818375851483e-02 6.473368069192e-02 6.120352100354e-02 5.762368476288e-02 5.402385026359e-02 5.043254404102e-02 4.687675154768e-02 4.338157356813e-02 3.996993650772e-02 3.666235893581e-02 3.347677940290e-02 3.042844554677e-02 2.752986349987e-02 2.479080555696e-02 2.221837107317e-02 1.981709525628e-02 1.758909929641e-02 1.553427465063e-02 1.365049393517e-02 1.193384114152e-02 1.037885372568e-02 8.978769637543e-03 7.725773617325e-03 6.611236827754e-03 5.625945423283e-03 4.760314238763e-03 4.004582492065e-03 3.348989446782e-03 2.783928384039e-03 2.300078344957e-03 1.888513190311e-03 1.540788604255e-03 1.249007761583e-03 1.005866971095e-03 8.046828532767e-04 6.394029731997e-04 5.046019141756e-04 3.954650208123e-04 3.077619889417e-04 2.378125506920e-04 1.824463394095e-04 1.389589445548e-04
2.368921726368e-03 2.785572781175e-03 3.260579483258e-03 3.799730249732e-03 4.409076044868e-03 5.094901691949e-03 5.863688088082e-03 6.722063745019e-03 7.676744262996e-03 8.734458082942e-03 9.901857818236e-03 1.118541635663e-02 1.259130762256e-02 1.412527249014e-02 1.579247146121e-02 1.759732535283e-02 1.954334728700e-02 2.163296902473e-02 2.386736509564e-02 2.624628006197e-02 2.876786258362e-02 3.142851133590e-02 3.422273873542e-02 3.714305568709e-02 4.017988328018e-02 4.332149493391e-02 4.655399392145e-02 4.986132785040e-02 5.322534376490e-02 5.662588647805e-02 6.004093901887e-02 6.344680614147e-02 6.681834176244e-02 7.012921508140e-02 7.335221387334e-02 7.645958229477e-02 7.942338471130e-02 8.221589400192e-02 8.480999216264e-02 8.717957959650e-02 8.929998581179e-02 9.114836776463e-02 9.270409513944e-02 9.394910770275e-02 9.486824086347e-02 9.544951033922e-02 9.568435167631e-02 9.556780417324e-02 9.509864039641e-02 9.427943263865e-02 9.311655691910e-02 9.162013018468e-02 8.980388400253e-02 8.768497442522e-02 8.528372738337e-02 8.262333184149e-02 7.972947712704e-02 7.662994721606e-02 7.335417832576e-02 6.993279080827e-02 6.639710279257e-02 6.277863967049e-02 5.910864926158e-02 5.541763585219e-02 5.173492095486e-02 4.808824380598e-02 4.450340844386e-02 4.100398529928e-02 3.761107102276e-02 3.434311195490e-02 3.121578972975e-02 2.824196959701e-02 2.543170840276e-02 2.279231694502e-02 2.032847215283e-02 1.804237121983e-02 1.593392094715e-02 1.400095456751e-02 1.223946798214e-02 1.064386825249e-02 9.207227342702e-03 7.921534780755e-03 6.777943563290e-03 5.767004609498e-03 4.878886104784e-03 4.103574234542e-03 3.431053493759e-03 2.851464814707e-03 2.355240778188e-03 1.933217834934e-03 1.576725785498e-03 1.277655475314e-03 1.028505937056e-03 8.224126229840e-04 6.531586015016e-04 5.151708219040e-04 4.035036468042e-04 3.138119304061e-04 2.423158958924e-04 1.857600001352e-04 1.413678139033e-04
2.379676230164e-03 2.800066601301e-03 3.279620942701e-03 3.824243764700e-03 4.440112411912e-03 5.133648807354e-03 5.911482189860e-03 6.780400849529e-03 7.747291535893e-03 8.819065106033e-03 1.000256686854e-02 1.130447149033e-02 1.273116199537e-02 1.428859289268e-02 1.598213986803e-02 1.781643622417e-02 1.979520057170e-02 2.192105760987e-02 2.419535680207e-02 2.661799312343e-02 2.918723493246e-02 3.189956338047e-02 3.474952938762e-02 3.772963207532e-02 4.083022534452e-02 4.403945392092e-02 4.734322711636e-02 5.072522966925e-02 5.416697513696e-02 5.764790260802e-02 6.114551823513e-02 6.463558193107e-02 6.809233672901e-02 7.148878245162e-02 7.479698649820e-02 7.798842920432e-02 8.103438112733e-02 8.390630037781e-02 8.657624851900e-02 8.901731419215e-02 9.120403656993e-02 9.311282016598e-02 9.472233270864e-02 9.601387668824e-02 9.697172742096e-02 9.758342851060e-02 9.784003911026e-02 9.773632704389e-02 9.727090174831e-02 9.644628430999e-02 9.526891112095e-02 9.374907048214e-02 9.190077234505e-02 8.974155111721e-02 8.729220645507e-02 8.457648484198e-02 8.162070777673e-02 7.845335438865e-02 7.510460765551e-02 7.160587086456e-02 6.798927025743e-02 6.428714980918e-02 6.053157367173e-02 5.675384655888e-02 5.298406328656e-02 4.925069795492e-02 4.558024118021e-02 4.199689337425e-02 3.852231841479e-02 3.517546154295e-02 3.197243226093e-02 2.892645112523e-02 2.604785748135e-02 2.334417403095e-02 2.082022143275e-02 1.847827654691e-02 1.631826715127e-02 1.433799364332e-02 1.253337174532e-02 1.089868716494e-02 9.426855671736e-03 8.109681977353e-03 6.938111698392e-03 5.902471672183e-03 4.992694490925e-03 4.198524325737e-03 3.509701604090e-03 2.916125089567e-03 2.407990647885e-03 1.975906344231e-03 1.610984456144e-03 1.304911094757e-03 1.049994885022e-03 8.391962221594e-04 6.661391036886e-04 5.251075971582e-04 4.110292378265e-04 3.194476292636e-04 2.464865995263e-04 1.888081046348e-04 1.435660005521e-04
2.384008895201e-03 2.807117174128e-03 3.290073549090e-03 3.838888779372e-03 4.459856632942e-03 5.159526237413e-03 5.944665380162e-03 6.822212746936e-03 7.799217542162e-03 8.882764960921e-03 1.007988622223e-02 1.139745238318e-02 1.284205169972e-02 1.441985055987e-02 1.613644018795e-02 1.799666930612e-02 2.000446763056e-02 2.216266115779e-02 2.447278592558e-02 2.693490196392e-02 2.954741515609e-02 3.230691005983e-02 3.520800019336e-02 3.824320032479e-02 4.140282664769e-02 4.467492799557e-02 4.804525419204e-02 5.149726370851e-02 5.501217414123e-02 5.856905770298e-02 6.214498289489e-02 6.571520263143e-02 6.925338787328e-02 7.273190563701e-02 7.612213575099e-02 7.939482801801e-02 8.252048606575e-02 8.546977829512e-02 8.821396730184e-02 9.072534530935e-02 9.297767297464e-02 9.494660837881e-02 9.661011965584e-02 9.794886890392e-02 9.894656347090e-02 9.959026149153e-02 9.987063018870e-02 9.978214435422e-02 9.932322589178e-02 9.849631653151e-02 9.730788221718e-02 9.576834983383e-02 9.389197199839e-02 9.169662582769e-02 8.920354685433e-02 8.643700195518e-02 8.342390791745e-02 8.019340288324e-02 7.677638035423e-02 7.320499473300e-02 6.951214821184e-02 6.573097484417e-02 6.189432855501e-02 5.803429118066e-02 5.418170990930e-02 5.036577561853e-02 4.661365053498e-02 4.295015253481e-02 3.939750283063e-02 3.597513837964e-02 3.269959148971e-02 2.958443494782e-02 2.664029002755e-02 2.387489213357e-02 2.129320850486e-02 1.889760035868e-02 1.668802176105e-02 1.466224754893e-02 1.281612139946e-02 1.114381667127e-02 9.638102777817e-03 8.290609904764e-03 7.092087103738e-03 6.032648036090e-03 5.102000673100e-03 4.289657920859e-03 3.585126591206e-03 2.978073338105e-03 2.458466737214e-03 2.016695298486e-03 1.643661856684e-03 1.330855162393e-03 1.070400037508e-03 8.550877103809e-04 6.783882825222e-04 5.344474772913e-04 4.180699290686e-04 3.246913925507e-04 2.503422248806e-04 1.916043910143e-04 1.455641804336e-04
2.382093283841e-03 2.806919101982e-03 3.292154799320e-03 3.843907628865e-03 4.468577843322e-03 5.172831904055e-03 5.963566439346e-03 6.847861091229e-03 7.832918694305e-03 8.925990797130e-03 1.013428764628e-02 1.146487111179e-02 1.292453074514e-02 1.451964297590e-02 1.625601477434e-02 1.813871318933e-02 2.017188429656e-02 2.235856418096e-02 2.470048643970e-02 2.719789112301e-02 2.984933934537e-02 3.265154016965e-02 3.559919398268e-02 3.868485834471e-02 4.189884168826e-02 4.522912966834e-02 4.866134749810e-02 5.217876389094e-02 5.576233885628e-02 5.939081666852e-02 6.304086743521e-02 6.668727620048e-02 7.030317965270e-02 7.386034770478e-02 7.732950933393e-02 8.068071295081e-02 8.388372461595e-02 8.690844798928e-02 8.972536571216e-02 9.230598973645e-02 9.462331317899e-02 9.665225349065e-02 9.837007955493e-02 9.975680904747e-02 1.007955717778e-01 1.014729274781e-01 1.017791320945e-01 1.017083454950e-01 1.012587760139e-01 1.004327564899e-01 9.923675052855e-02 9.768128902014e-02 9.578083113131e-02 9.355355962040e-02 9.102110842013e-02 8.820822647181e-02 8.514238829864e-02 8.185335531411e-02 7.837269741505e-02 7.473328640111e-02 7.096877099797e-02 6.711304700313e-02 6.319973333249e-02 5.926166659339e-02 5.533042744543e-02 5.143590734414e-02 4.760592639908e-02 4.386590964261e-02 4.023862701376e-02 3.674400138526e-02 3.339898426115e-02 3.021749920395e-02 2.721044965766e-02 2.438578572647e-02 2.174862471732e-02 1.930141698322e-02 1.704414937691e-02 1.497457822704e-02 1.308848350709e-02 1.137993528471e-02 9.841566214907e-03 8.464842313760e-03 7.240326510880e-03 6.157929857463e-03 5.207146377090e-03 4.377268141099e-03 3.657578426935e-03 3.037521418162e-03 2.506847491346e-03 2.055734006483e-03 1.674882088995e-03 1.355590112323e-03 1.089805359470e-03 8.701554169636e-04 6.899613528497e-04 5.432347536929e-04 4.246609970622e-04 3.295711220483e-04 2.539046862244e-04 1.941659551464e-04 1.473756048239e-04
2.374157514831e-03 2.799730372912e-03 3.286155515317e-03 3.839627067310e-03 4.466642079617e-03 5.173974563502e-03 5.968640320916e-03 6.857850699230e-03 7.848953339921e-03 8.949358270120e-03 1.016644773844e-02 1.150746890276e-02 1.297940878200e-02 1.458885175676e-02 1.634182076404e-02 1.824360387930e-02 2.029856904346e-02 2.250997051986e-02 2.487975115998e-02 2.740834527613e-02 3.009448704371e-02 3.293503112594e-02 3.592478857778e-02 3.905638701866e-02 4.232015767295e-02 4.570405475996e-02 4.919361408625e-02 5.277195156371e-02 5.641980715314e-02 6.011563601659e-02 6.383574943759e-02 6.755450318179e-02 7.124453791299e-02 7.487706332700e-02 7.842218969249e-02 8.184929718102e-02 8.512744133651e-02 8.822578467902e-02 9.111404991598e-02 9.376298308757e-02 9.614481913343e-02 9.823374020354e-02 1.000063152773e-01 1.014419116214e-01 1.025230714503e-01 1.032358401941e-01 1.035700430705e-01 1.035195012977e-01 1.030821818075e-01 1.022602777688e-01 1.010602183694e-01 9.949260184388e-02 9.757205750231e-02 9.531703616349e-02 9.274953119782e-02 8.989473654042e-02 8.678064790836e-02 8.343761361672e-02 7.989784618316e-02 7.619490305388e-02 7.236315111960e-02 6.843722128643e-02 6.445147400266e-02 6.043948116378e-02 5.643353914168e-02 5.246422596347e-02 4.856000824512e-02 4.474690903480e-02 4.104824120836e-02 3.748440919376e-02 3.407278190433e-02 3.082763331203e-02 2.776015044885e-02 2.487850127135e-02 2.218795762972e-02 1.969106422141e-02 1.738784734534e-02 1.527605244298e-02 1.335140395187e-02 1.160787769648e-02 1.003797913920e-02 8.633019893700e-03 7.383386893057e-03 6.278798903905e-03 5.308546036211e-03 4.461709485119e-03 3.727358602654e-03 3.094724212752e-03 2.553347027063e-03 2.093201201274e-03 1.704793354096e-03 1.379238009583e-03 1.108310679216e-03 8.844804208890e-04 7.009236893677e-04 5.515217658680e-04 4.308440527809e-04 3.341196625119e-04 2.571997327997e-04 1.965128462433e-04 1.490157827022e-04
2.360478037978e-03 2.785865118795e-03 3.272431488812e-03 3.826448821801e-03 4.454501436794e-03 5.163461376745e-03 5.960454195801e-03 6.852813806423e-03 7.848024079948e-03 8.953645575517e-03 1.017722581803e-02 1.152619168188e-02 1.300772378036e-02 1.462861238635e-02 1.639509677380e-02 1.831268843290e-02 2.038598269843e-02 2.261846009938e-02 2.501228399308e-02 2.756809723292e-02 3.028482492810e-02 3.315948768627e-02 3.618703164244e-02 3.936018127511e-02 4.266931977851e-02 4.610240309018e-02 4.964491157923e-02 5.327984460220e-02 5.698776006446e-02 6.074686281403e-02 6.453314342285e-02 6.832056784041e-02 7.208131680310e-02 7.578607618542e-02 7.940437141556e-02 8.290494434573e-02 8.625616688287e-02 8.942648366960e-02 9.238487529401e-02 9.510133567295e-02 9.754735055001e-02 9.969636929221e-02 1.015242593257e-01 1.030097305007e-01 1.041347250005e-01 1.048847574675e-01 1.052492008163e-01 1.052215125239e-01 1.047993887820e-01 1.039848525806e-01 1.027842627435e-01 1.012082494949e-01 9.927157541027e-02 9.699292091412e-02 9.439460071682e-02 9.150221660226e-02 8.834424802650e-02 8.495159637229e-02 8.135708384055e-02 7.759492428802e-02 7.370017392872e-02 6.970817578244e-02 6.565401055038e-02 6.157196690622e-02 5.749504274073e-02 5.345449009300e-02 4.947941333989e-02 4.559642736582e-02 4.182938329849e-02 3.819916548974e-02 3.472355957561e-02 3.141719169963e-02 2.829153522825e-02 2.535498009290e-02 2.261295742754e-02 2.006811296774e-02 1.772051910107e-02 1.556791810745e-02 1.360598721087e-02 1.182861678706e-02 1.022819427700e-02 8.795886373832e-03 7.521913732074e-03 6.395812316254e-03 5.406678024937e-03 4.543390408310e-03 3.794813853565e-03 3.149974289823e-03 2.598210696431e-03 2.129301314550e-03 1.733564885529e-03 1.401937984419e-03 1.126029611053e-03 8.981548387018e-04 7.113494548452e-04 5.593678000223e-04 4.366661497424e-04 3.383740959024e-04 2.602563862520e-04 1.986676240694e-04 1.505021354705e-04
2.341372724435e-03 2.765685723846e-03 3.251394442381e-03 3.804839127588e-03 4.432682200869e-03 5.141884465163e-03 5.939672131192e-03 6.833492797448e-03 7.830958123017e-03 8.939771666724e-03 1.016763940042e-02 1.152216265608e-02 1.301071168952e-02 1.464028089229e-02 1.641732579859e-02 1.834758416658e-02 2.043588372589e-02 2.268593959198e-02 2.510014641242e-02 2.767937019154e-02 3.042274386088e-02 3.332747484497e-02 3.638866772419e-02 3.959917027144e-02 4.294944743102e-02 4.642748803761e-02 5.001875167753e-02 5.370615670188e-02 5.747011602919e-02 6.128862206219e-02 6.513738304302e-02 6.899001191690e-02 7.281826751853e-02 7.659234559071e-02 8.028121959648e-02 8.385302207454e-02 8.727546781467e-02 9.051630427922e-02 9.354378782082e-02 9.632717226274e-02 9.883720037205e-02 1.010465909751e-01 1.029305058328e-01 1.044669889926e-01 1.056373690403e-01 1.064266101781e-01 1.068236118581e-01 1.068214395090e-01 1.064174904089e-01 1.056135828682e-01 1.044159709121e-01 1.028352811115e-01 1.008863697029e-01 9.858810967009e-02 9.596309931315e-02 9.303731097134e-02 8.983967334435e-02 8.640160632386e-02 8.275651138096e-02 7.893922999334e-02 7.498548313828e-02 7.093130340648e-02 6.681247330383e-02 6.266398303563e-02 5.851951936497e-02 5.441099981203e-02 5.036815965428e-02 4.641820129851e-02 4.258551271122e-02 3.889145793257e-02 3.535424148173e-02 3.198884428404e-02 2.880703052213e-02 2.581741713409e-02 2.302560094801e-02 2.043433502789e-02 1.804374540559e-02 1.585157898634e-02 1.385347395804e-02 1.204324383674e-02 1.041316684632e-02 8.954273786016e-03 7.656627956956e-03 6.509591654153e-03 5.502075224449e-03 4.622765241882e-03 3.860329306035e-03 3.203596183151e-03 2.641710288574e-03 2.164260494359e-03 1.761383620634e-03 1.423843529968e-03 1.143087306612e-03 9.112800064472e-04 7.213201198120e-04 5.668378859063e-04 4.421788237641e-04 3.423749798484e-04 2.631063396068e-04 2.006548867605e-04 1.518536270464e-04
2.317193672274e-03 2.739594419617e-03 3.223502380158e-03 3.775317703070e-03 4.401772178964e-03 5.109906537963e-03 5.907038845969e-03 6.800721795384e-03 7.798686867589e-03 8.908773012347e-03 1.013883838320e-02 1.149665343970e-02 1.298977443028e-02 1.462539785059e-02 1.641019590579e-02 1.835013510446e-02 2.045028074330e-02 2.271459033207e-02 2.514570109251e-02 2.774471564481e-02 3.051099217683e-02 3.344194477440e-02 3.653285965466e-02 3.977673437647e-02 4.316414369758e-02 4.668314135234e-02 5.031919880786e-02 5.405518870884e-02 5.787141551143e-02 6.174569579829e-02 6.565349276316e-02 6.956810351690e-02 7.346089932957e-02 7.730162071623e-02 8.105871950745e-02 8.469974771062e-02 8.819178664771e-02 9.150190715184e-02 9.459765648928e-02 9.744755831008e-02 1.000216186415e-01 1.022918252359e-01 1.042326287861e-01 1.058213969954e-01 1.070388286759e-01 1.078693189234e-01 1.083012675978e-01 1.083273215162e-01 1.079445467284e-01 1.071545240505e-01 1.059633669497e-01 1.043816596312e-01 1.024243166660e-01 1.001103636637e-01 9.746264714505e-02 9.450747230651e-02 9.127418372564e-02 8.779468835445e-02 8.410293662625e-02 8.023437191328e-02 7.622535725162e-02 7.211259561838e-02 6.793255476466e-02 6.372091404389e-02 5.951203997739e-02 5.533850886767e-02 5.123068337548e-02 4.721635220024e-02 4.332044079629e-02 3.956479529943e-02 3.596804256585e-02 3.254552358191e-02 2.930929883871e-02 2.626821880871e-02 2.342805286702e-02 2.079166878002e-02 1.835925390920e-02 1.612856764023e-02 1.409521735611e-02 1.225294787581e-02 1.059393657052e-02 9.109086736917e-03 7.788312652195e-03 6.620811148819e-03 5.595315133707e-03 4.700325839274e-03 3.924321431484e-03 3.255940417778e-03 2.684138990842e-03 2.198322442267e-03 1.788450758507e-03 1.445119645050e-03 1.159618141278e-03 9.239645868072e-04 7.309229277110e-04 5.740015670801e-04 4.474371176294e-04 3.461655655813e-04 2.657833408573e-04 2.025007853491e-04 1.530903868410e-04
2.288319756851e-03 2.708024774570e-03 3.189249676915e-03 3.738446441914e-03 4.362407859355e-03 5.068246180370e-03 5.863362926453e-03 6.755407824182e-03 7.752224252932e-03 8.861779656895e-03 1.009207806871e-02 1.145105402555e-02 1.294644629852e-02 1.458565175089e-02 1.637555938758e-02 1.832236713423e-02 2.043138286841e-02 2.270681446547e-02 2.515155216841e-02 2.776694912026e-02 3.055260530991e-02 3.350616122540e-02 3.662310769284e-02 3.989661677097e-02 4.331740201226e-02 4.687361199833e-02 5.055076270669e-02 5.433171541140e-02 5.819670089457e-02 6.212339636363e-02 6.608705588484e-02 7.006069561348e-02 7.401533431233e-02 7.792028872327e-02 8.174351943505e-02 8.545202412856e-02 8.901227323446e-02 9.239067924010e-02 9.555409411075e-02 9.847032031706e-02 1.011086296192e-01 1.034402769170e-01 1.054389945769e-01 1.070814616095e-01 1.083477293701e-01 1.092216021781e-01 1.096909548210e-01 1.097479860404e-01 1.093893982292e-01 1.086164997042e-01 1.074352273789e-01 1.058560862418e-01 1.038940103699e-01 1.015681423496e-01 9.890153796073e-02 9.592080323868e-02 9.265566373798e-02 8.913848332626e-02 8.540373570312e-02 8.148744154880e-02 7.742658548838e-02 7.325852372666e-02 6.902039756896e-02 6.474856501559e-02 6.047806633217e-02 5.624213344774e-02 5.207175532806e-02 4.799530870422e-02 4.403825991079e-02 4.022294181229e-02 3.656840962340e-02 3.309037111110e-02 2.980119040485e-02 2.670995912170e-02 2.382262695883e-02 2.114218452483e-02 1.866888837132e-02 1.640051844894e-02 1.433265922089e-02 1.245899472341e-02 1.077160938105e-02 9.261286607438e-03 7.917799284819e-03 6.730186167174e-03 5.687009814798e-03 4.776592975801e-03 3.987230789679e-03 3.307377438846e-03 2.725806371310e-03 2.231744159215e-03 1.814978277952e-03 1.465939973397e-03 1.175763364705e-03 9.363226647371e-04 7.402493600900e-04 5.809316699598e-04 4.524985828495e-04 3.497910094007e-04 2.683225704609e-04 2.042325377752e-04 1.542333300891e-04
2.255149244978e-03 2.671433068453e-03 3.149157294519e-03 3.694818070412e-03 4.315261360406e-03 5.017662989939e-03 5.809500100346e-03 6.698511599399e-03 7.692645615398e-03 8.799991112239e-03 1.002869217747e-02 1.138684270223e-02 1.288236063434e-02 1.452284149173e-02 1.631539146779e-02 1.826644238744e-02 2.038154990782e-02 2.266517983064e-02 2.512048590276e-02 2.774908511325e-02 3.055083557702e-02 3.352362369120e-02 3.666316643123e-02 3.996283581374e-02 4.341351112387e-02 4.700346529693e-02 5.071829096085e-02 5.454087041041e-02 5.845139537039e-02 6.242743843988e-02 6.644407872600e-02 7.047408596185e-02 7.448815911043e-02 7.845522188277e-02 8.234277119649e-02 8.611727521099e-02 8.974461444369e-02 9.319056010671e-02 9.642127974645e-02 9.940386146585e-02 1.021068441161e-01 1.045007453436e-01 1.065585704617e-01 1.082562941496e-01 1.095733027459e-01 1.104927850601e-01 1.110020638786e-01 1.110928591644e-01 1.107614759969e-01 1.100089154489e-01 1.088409000507e-01 1.072678194051e-01 1.053045889525e-01 1.029704310017e-01 1.002885761207e-01 9.728589617108e-02 9.399246743114e-02 9.044108320742e-02 8.666671369214e-02 8.270593644344e-02 7.859634031962e-02 7.437592129195e-02 7.008248336995e-02 6.575305761696e-02 6.142335475237e-02 5.712726210391e-02 5.289639744340e-02 4.875972995524e-02 4.474327251023e-02 4.086985293107e-02 3.715896241653e-02 3.362668416196e-02 3.028569494115e-02 2.714533632589e-02 2.421174727273e-02 2.148804976387e-02 1.897457795028e-02 1.666914022071e-02 1.456730604283e-02 1.266270617679e-02 1.094733923035e-02 9.411875818640e-03 8.045954174128e-03 6.838461436127e-03 5.777796026771e-03 4.852108001974e-03 4.049514927078e-03 3.358291646185e-03 2.767033353592e-03 2.264791841264e-03 1.841185505970e-03 1.486483973419e-03 1.191668790505e-03 9.484718599018e-04 7.493936087908e-04 5.877030734258e-04 4.574223108129e-04 3.532976027040e-04 2.707600334029e-04 2.058779516530e-04 1.553037871734e-04
2.218092547529e-03 2.630289955321e-03 3.103763048969e-03 3.645045037703e-03 4.261027776906e-03 4.958943255255e-03 5.746336764414e-03 6.631029233015e-03 7.621066428719e-03 8.724652656347e-03 9.950066422597e-03 1.130555649999e-02 1.279921681463e-02 1.443884001614e-02 1.623175002261e-02 1.818461506690e-02 2.030324349596e-02 2.259236655656e-02 2.505541185464e-02 2.769427324934e-02 3.050908291595e-02 3.349799171422e-02 3.665696453470e-02 3.997959730618e-02 4.345696148262e-02 4.707748326790e-02 5.082686209007e-02 5.468803351423e-02 5.864118342713e-02 6.266381245825e-02 6.673085891758e-02 7.081487803470e-02 7.488628022038e-02 7.891362486320e-02 8.286397208785e-02 8.670328283460e-02 9.039686740477e-02 9.390986925651e-02 9.720778180095e-02 1.002569824892e-01 1.030252772221e-01 1.054824399663e-01 1.076007368638e-01 1.093554230456e-01 1.107251976406e-01 1.116926092233e-01 1.122443999807e-01 1.123717777035e-01 1.120706177727e-01 1.113415761965e-01 1.101901256247e-01 1.086265010237e-01 1.066655628770e-01 1.043265766789e-01 1.016329144322e-01 9.861167996865e-02 9.529327245900e-02 9.171088642874e-02 8.789996816891e-02 8.389763212293e-02 7.974205711179e-02 7.547186816037e-02 7.112552496907e-02 6.674072919439e-02 6.235386172340e-02 5.799946823197e-02 5.370980150773e-02 4.951443037437e-02 4.543992368924e-02 4.150961304007e-02 3.774343690600e-02 3.415786430248e-02 3.076589527141e-02 2.757713142342e-02 2.459791091591e-02 2.183149628672e-02 1.927830773743e-02 1.693619050721e-02 1.480070636011e-02 1.286543998252e-02 1.112231073021e-02 9.561882735411e-03 8.173665482803e-03 6.946399960137e-03 5.868325622959e-03 4.927424694981e-03 4.111641541063e-03 3.409075639901e-03 2.808147397870e-03 2.297736853360e-03 1.867295795632e-03 1.506934212256e-03 1.207482575495e-03 9.605315400226e-04 7.584511300447e-04 5.943915484607e-04 4.622679993576e-04 3.567320347369e-04 2.731319781534e-04 2.074649712867e-04 1.563231518071e-04
2.177565398118e-03 2.585072529802e-03 3.053612495997e-03 3.589749029662e-03 4.200413098239e-03 4.892886033541e-03 5.674774336207e-03 6.553974162265e-03 7.538622491006e-03 8.637032976789e-03 9.857613294326e-03 1.120876284406e-02 1.269874870030e-02 1.433555933497e-02 1.612673681983e-02 1.807918832411e-02 2.019897984287e-02 2.249111550388e-02 2.495930674630e-02 2.760573697733e-02 3.043082799059e-02 3.343301321006e-02 3.660852633573e-02 3.995121046723e-02 4.345235528598e-02 4.710056755491e-02 5.088168320895e-02 5.477872211419e-02 5.877189498412e-02 6.283866353983e-02 6.695385649894e-02 7.108984611828e-02 7.521678260845e-02 7.930288934130e-02 8.331481353186e-02 8.721803081914e-02 9.097729654277e-02 9.455713985270e-02 9.792238724699e-02 1.010387082351e-01 1.038731718718e-01 1.063948003427e-01 1.085751076398e-01 1.103886105583e-01 1.118132976958e-01 1.128310512865e-01 1.134280006581e-01 1.135948107799e-01 1.133268893724e-01 1.126245123879e-01 1.114928639290e-01 1.099419873205e-01 1.079866517301e-01 1.056461300651e-01 1.029439011125e-01 9.990727233908e-02 9.656693591063e-02 9.295646504510e-02 8.911176077090e-02 8.507045967845e-02 8.087131769539e-02 7.655358154392e-02 7.215636413752e-02 6.771803639216e-02 6.327565400007e-02 5.886442756651e-02 5.451725327305e-02 5.026431034574e-02 4.613273514755e-02 4.214637604349e-02 3.832563148130e-02 3.468736876682e-02 3.124492335727e-02 2.800816881682e-02 2.498365281921e-02 2.217478838609e-02 1.958209104070e-02 1.720345071791e-02 1.503442896869e-02 1.306857086668e-02 1.129772274797e-02 9.712347525968e-03 8.301830927378e-03 7.054772412481e-03 5.959256629885e-03 5.003101668811e-03 4.174082057570e-03 3.460124806672e-03 2.849478030029e-03 2.330852001733e-03 1.893533451883e-03 1.527473822207e-03 1.223353150974e-03 9.726211230379e-04 7.675172848641e-04 6.010726651908e-04 4.670950837884e-04 3.601407005956e-04 2.754743536176e-04 2.090212511479e-04 1.573125509286e-04
2.133982432824e-03 2.536256898365e-03 2.999250368117e-03 3.529551101562e-03 4.134123014116e-03 4.820290386216e-03 5.595714635070e-03 6.468360805045e-03 7.446451146048e-03 8.538402906169e-03 9.752748246923e-03 1.109803327254e-02 1.258269537383e-02 1.421491777646e-02 1.600246121009e-02 1.795247447416e-02 2.007128604478e-02 2.236418001729e-02 2.483516146159e-02 2.748671597349e-02 3.031956959342e-02 3.333245640881e-02 3.652189883381e-02 3.988200998520e-02 4.340432212954e-02 4.707765016158e-02 5.088799403352e-02 5.481848777470e-02 5.884939782647e-02 6.295817677396e-02 6.711957467772e-02 7.130580910663e-02 7.548679962309e-02 7.963045740502e-02 8.370304016464e-02 8.766955617977e-02 9.149422237232e-02 9.514096311690e-02 9.857394269394e-02 1.017581234668e-01 1.046598327692e-01 1.072473297098e-01 1.094913608768e-01 1.113656832412e-01 1.128475516735e-01 1.139181516264e-01 1.145629690678e-01 1.147720903802e-01 1.145404199580e-01 1.138678159239e-01 1.127591361384e-01 1.112241948986e-01 1.092776327476e-01 1.069386962866e-01 1.042309393857e-01 1.011818420974e-01 9.782236485549e-02 9.418643752695e-02 9.031039797502e-02 8.623239159724e-02 8.199174283172e-02 7.762831596553e-02 7.318187595174e-02 6.869146781374e-02 6.419482788416e-02 5.972784213198e-02 5.532406201778e-02 5.101429090983e-02 4.682624759068e-02 4.278431238957e-02 3.890935824918e-02 3.521866615159e-02 3.172592070355e-02 2.844128005511e-02 2.537151338932e-02 2.252019473419e-02 1.988794397239e-02 1.747270403034e-02 1.527004339955e-02 1.327347364340e-02 1.147477335030e-02 9.864309005512e-03 8.431346606573e-03 7.164347667580e-03 6.051245034748e-03 5.079695408763e-03 4.237305736605e-03 3.511832418438e-03 2.891352696161e-03 2.364408108460e-03 1.920120908616e-03 1.548284176934e-03 1.239427334859e-03 9.848585473220e-04 7.766860920089e-04 6.078207988429e-04 4.719619462738e-04 3.635690780176e-04 2.778223211549e-04 2.105737763101e-04 1.582925487377e-04
2.087751406126e-03 2.484311483615e-03 2.941212816976e-03 3.465062759386e-03 4.062852555154e-03 4.741943683602e-03 5.510046585162e-03 6.375189428895e-03 7.345674078717e-03 8.430016433026e-03 9.636868387051e-03 1.097491916835e-02 1.245277416361e-02 1.407881014049e-02 1.586100725030e-02 1.780675851623e-02 1.992265954332e-02 2.221428169150e-02 2.468593311540e-02 2.734041342074e-02 3.017876788933e-02 3.320004803779e-02 3.640108499234e-02 3.977628335180e-02 4.331744239082e-02 4.701361017620e-02 5.085097874982e-02 5.481282416311e-02 5.887949791486e-02 6.302847277794e-02 6.723444822356e-02 7.146951661468e-02 7.570339036928e-02 7.990369464790e-02 8.403631692052e-02 8.806581604575e-02 9.195588266022e-02 9.566984460461e-02 9.917120853487e-02 1.024242260667e-01 1.053944753336e-01 1.080494410586e-01 1.103590832917e-01 1.122963776752e-01 1.138378174417e-01 1.149638611105e-01 1.156593181427e-01 1.159136601159e-01 1.157212515546e-01 1.150814933812e-01 1.139988790404e-01 1.124829575224e-01 1.105482036127e-01 1.082138042432e-01 1.055033564898e-01 1.024444859474e-01 9.906839706977e-02 9.540935647827e-02 9.150412339398e-02 8.739134155032e-02 8.311089782643e-02 7.870327272653e-02 7.420888630050e-02 6.966746430196e-02 6.511743499774e-02 6.059537199285e-02 5.613549770526e-02 5.176925644818e-02 4.752496700710e-02 4.342755925833e-02 3.949839895551e-02 3.575519669616e-02 3.221200204597e-02 2.887927209616e-02 2.576401010483e-02 2.286996231181e-02 2.019786273804e-02 1.774571529795e-02 1.550910224764e-02 1.348150752652e-02 1.165464654998e-02 1.001879329254e-02 8.563097127468e-03 7.275884157632e-03 6.144937534480e-03 5.157754134393e-03 4.301774514006e-03 3.564585252484e-03 2.934093132756e-03 2.398670989625e-03 1.947276222920e-03 1.569542855861e-03 1.255848641342e-03 9.973589206645e-04 7.860491437897e-04 6.147082544109e-04 4.769252149020e-04 3.670611723883e-04 2.802098126343e-04 2.121485175368e-04 1.592828809079e-04
2.039268108063e-03 2.429691095673e-03 2.880020568045e-03 3.396878102395e-03 3.987277181714e-03 4.658611222627e-03 5.418634391970e-03 6.275432701851e-03 7.237382499419e-03 8.313093457564e-03 9.511333150867e-03 1.084093055467e-02 1.231065672310e-02 1.392908116496e-02 1.570440417802e-02 1.764426555407e-02 1.975553280909e-02 2.204407128907e-02 2.451450164230e-02 2.716994940855e-02 3.001179309817e-02 3.303941845151e-02 3.624998385273e-02 3.963820717149e-02 4.319617704385e-02 4.691320036127e-02 5.077568699712e-02 5.476708264259e-02 5.886785125519e-02 6.305551403332e-02 6.730474728772e-02 7.158754357984e-02 7.587343423443e-02 8.012977903325e-02 8.432211457543e-02 8.841456593068e-02 9.237030812379e-02 9.615207883077e-02 9.972272778360e-02 1.030457925907e-01 1.060860920729e-01 1.088103216203e-01 1.111876345165e-01 1.131902011882e-01 1.147937239989e-01 1.159779030197e-01 1.167268353737e-01 1.170293411717e-01 1.168792053459e-01 1.162753341618e-01 1.152218184322e-01 1.137279024180e-01 1.118078613885e-01 1.094807880742e-01 1.067702929409e-01 1.037041210801e-01 1.003136986996e-01 9.663361007893e-02 9.270102457047e-02 8.855507437070e-02 8.423620732418e-02 7.978552103379e-02 7.524409687251e-02 7.065235180147e-02 6.604941912475e-02 6.147257697004e-02 5.695673716455e-02 5.253400507275e-02 4.823331948916e-02 4.408018115070e-02 4.009646757068e-02 3.630033847424e-02 3.270622525270e-02 2.932489972415e-02 2.616361300281e-02 2.322629518701e-02 2.051380437974e-02 1.802421396650e-02 1.575312638059e-02 1.369400323436e-02 1.183850092885e-02 1.017680383964e-02 8.697947023082e-03 7.390122658525e-03 6.240965324211e-03 5.237812512319e-03 4.367938506371e-03 3.618759859878e-03 2.978012254638e-03 2.433898857943e-03 1.975210941020e-03 1.591421877124e-03 1.272755872499e-03 1.010233341362e-03 7.956946598910e-04 6.218045144902e-04 4.820391715743e-04 3.706590446637e-04 2.826691661527e-04 2.137701488414e-04 1.603022354377e-04
1.988911968966e-03 2.372831864663e-03 2.816173059436e-03 3.325567026946e-03 3.908044931104e-03 4.571027429662e-03 5.322307559089e-03 6.170024346432e-03 7.122623934443e-03 8.188805385775e-03 9.377448030388e-03 1.069751755781e-02 1.215794863911e-02 1.376750280776e-02 1.553460107709e-02 1.746713287713e-02 1.957224210955e-02 2.185609495159e-02 2.432363355378e-02 2.697832062009e-02 2.982188198964e-02 3.285405352910e-02 3.607233961748e-02 3.947179120083e-02 4.304480953368e-02 4.678098353331e-02 5.066696678938e-02 5.468640031135e-02 5.881988748314e-02 6.304502444032e-02 6.733649072923e-02 7.166620348555e-02 7.600353626552e-02 8.031560353705e-02 8.456760922805e-02 8.872325671520e-02 9.274521584484e-02 9.659563854614e-02 1.002367156174e-01 1.036312650016e-01 1.067433352565e-01 1.095388141397e-01 1.119860284097e-01 1.140563143881e-01 1.157245542654e-01 1.169696550279e-01 1.177749654373e-01 1.181286144888e-01 1.180237691280e-01 1.174588013475e-01 1.164373590282e-01 1.149683455161e-01 1.130657999615e-01 1.107486894747e-01 1.080406076592e-01 1.049693942095e-01 1.015666756527e-01 9.786734001975e-02 9.390895380189e-02 8.973113390258e-02 8.537488743962e-02 8.088193373115e-02 7.629402546209e-02 7.165228362320e-02 6.699656350942e-02 6.236486798176e-02 5.779281944344e-02 5.331320713844e-02 4.895561417035e-02 4.474613414473e-02 4.070717939523e-02 3.685737919529e-02 3.321156604327e-02 2.978084314692e-02 2.657272436221e-02 2.359133617787e-02 2.083767111405e-02 1.830988011843e-02 1.600359253745e-02 1.391225230855e-02 1.202746022789e-02 1.033931333637e-02 8.836733745455e-03 7.507780357097e-03 6.339938960633e-03 5.320387291614e-03 4.436232397656e-03 3.674719497051e-03 3.023411564154e-03 2.470340195129e-03 2.004128352710e-03 1.614086255322e-03 1.290281920813e-03 1.023587967168e-03 8.057067230612e-04 6.291756219820e-04 4.873552538062e-04 3.744024270154e-04 2.852308190612e-04 2.154618035105e-04 1.613680659305e-04
1.937042477440e-03 2.314147059658e-03 2.750143622465e-03 3.251669687537e-03 3.825770075574e-03 4.479888455236e-03 5.221852427926e-03 6.059849587202e-03 7.002391557118e-03 8.058262811889e-03 9.236450903904e-03 1.054605530104e-02 1.199617241766e-02 1.359575508564e-02 1.535344620670e-02 1.727738698436e-02 1.937500237780e-02 2.165276607325e-02 2.411595049756e-02 2.676836669270e-02 2.961210119841e-02 3.264725556540e-02 3.587169818646e-02 3.928083312829e-02 4.286739560648e-02 4.662127990009e-02 5.052940738004e-02 5.457564008568e-02 5.874074633725e-02 6.300242262217e-02 6.733537634828e-02 7.171147339259e-02 7.609995047408e-02 8.046769643244e-02 8.477959767519e-02 8.899894888745e-02 9.308792111384e-02 9.700808274738e-02 1.007209648658e-01 1.041886564210e-01 1.073744215008e-01 1.102433233210e-01 1.127628354906e-01 1.149034340781e-01 1.166391473736e-01 1.179480537529e-01 1.188127143524e-01 1.192205287016e-01 1.191640051068e-01 1.186409389071e-01 1.176544978978e-01 1.162132044594e-01 1.143308280078e-01 1.120261765154e-01 1.093227995490e-01 1.062486065393e-01 1.028354059618e-01 9.911837403811e-02 9.513546691116e-02 9.092678214734e-02 8.653388862564e-02 8.199913506747e-02 7.736495699097e-02 7.267319632211e-02 6.796445036772e-02 6.327746882247e-02 5.864861060491e-02 5.411137427395e-02 4.969601326315e-02 4.542924045394e-02 4.133402703909e-02 3.742949477942e-02 3.373089826220e-02 3.024969035391e-02 2.699366325752e-02 2.396715313965e-02 2.117129769048e-02 1.860433380864e-02 1.626192391107e-02 1.413749866195e-02 1.222260610322e-02 1.050725751369e-02 8.980262447713e-03 7.629546080104e-03 6.442444487574e-03 5.405974019909e-03 4.507072577140e-03 3.732811742011e-03 3.070579208976e-03 2.508232147055e-03 2.034222111177e-03 1.637692904901e-03 1.308552868876e-03 1.037523252575e-03 8.161646842247e-04 6.368837066073e-04 4.929216781045e-04 3.783284149119e-04 2.879230731864e-04 2.172448987972e-04 1.624964539470e-04
1.883996374612e-03 2.254023809310e-03 2.682375647312e-03 3.175692094070e-03 3.741028059391e-03 4.385846497050e-03 5.118005613529e-03 5.945737656628e-03 6.877615797155e-03 7.922506187949e-03 9.089501254293e-03 1.038783173840e-02 1.182675394829e-02 1.341541148968e-02 1.516266986766e-02 1.707692490631e-02 1.916588679094e-02 2.143634311102e-02 2.389390528824e-02 2.654274365719e-02 2.938531816830e-02 3.242211187454e-02 3.565137419037e-02 3.906888157612e-02 4.266772413749e-02 4.643812434456e-02 5.036729480018e-02 5.443934301649e-02 5.863522682639e-02 6.293276777383e-02 6.730672491345e-02 7.172893488753e-02 7.616851860588e-02 8.059215679306e-02 8.496443292108e-02 8.924824293377e-02 9.340526551946e-02 9.739648716173e-02 1.011827736846e-01 1.047254754899e-01 1.079870576764e-01 1.109317365040e-01 1.135261077957e-01 1.157397563133e-01 1.175458219452e-01 1.189215173156e-01 1.198485762164e-01 1.203136267744e-01 1.203084761608e-01 1.198303039814e-01 1.188817544093e-01 1.174709339379e-01 1.156113049710e-01 1.133214847398e-01 1.106249514081e-01 1.075496610369e-01 1.041275857018e-01 1.003941778789e-01 9.638777586424e-02 9.214895726696e-02 8.771985701212e-02 8.314346320534e-02 7.846290923034e-02 7.372077697225e-02 6.895842932634e-02 6.421538890317e-02 5.952877842741e-02 5.493283520993e-02 5.045851184490e-02 4.613316872707e-02 4.198036298094e-02 3.801973392205e-02 3.426698025296e-02 3.073392463586e-02 2.742865434937e-02 2.435572918409e-02 2.151644297312e-02 1.890912720103e-02 1.652948332819e-02 1.437093283829e-02 1.242497319568e-02 1.068153072845e-02 9.129301977856e-03 7.756077169052e-03 6.549040585630e-03 5.495044640618e-03 4.580855180965e-03 3.793366852664e-03 3.119788561163e-03 2.547799302802e-03 2.065675291276e-03 1.662389825725e-03 1.327687345089e-03 1.052133441687e-03 8.271427396341e-04 6.449866407601e-04 4.987831750580e-04 3.824712628503e-04 2.907719266559e-04 2.191390003341e-04 1.637020053205e-04
1.830085572903e-03 2.192820733300e-03 2.613279844319e-03 3.098102907878e-03 3.654351827653e-03 4.289505470462e-03 5.011449232527e-03 5.828456364888e-03 6.749158030268e-03 7.782498596114e-03 8.937672404192e-03 1.022403882526e-02 1.165101260448e-02 1.322792759317e-02 1.496387269479e-02 1.686750072741e-02 1.894681157987e-02 2.120891306962e-02 2.365976385062e-02 2.630390402267e-02 2.914418013129e-02 3.218147128677e-02 3.541442479960e-02 3.883920864592e-02 4.244928818555e-02 4.623523583261e-02 5.018457872167e-02 5.428169302067e-02 5.850775048534e-02 6.284072083738e-02 6.725543807181e-02 7.172373136224e-02 7.621462481555e-02 8.069460765781e-02 8.512797390824e-02 8.947723014917e-02 9.370356738479e-02 9.776738943179e-02 1.016288906989e-01 1.052486724458e-01 1.085883833205e-01 1.116113694626e-01 1.142833221186e-01 1.165729009606e-01 1.184523225256e-01 1.198978931395e-01 1.208904787822e-01 1.214158926252e-01 1.214651983535e-01 1.210349154812e-01 1.201271260293e-01 1.187494799916e-01 1.169150974882e-01 1.146423749089e-01 1.119546900046e-01 1.088800237590e-01 1.054504949045e-01 1.017018214824e-01 9.767271857456e-02 9.340424437429e-02 8.893910641438e-02 8.432094502692e-02 7.959360913118e-02 7.480044268424e-02 6.998360015054e-02 6.518340598072e-02 6.043777748161e-02 5.578172251216e-02 5.124692488196e-02 4.686142313659e-02 4.264938989086e-02 3.863100858047e-02 3.482244681697e-02 3.123591769495e-02 2.787982172859e-02 2.475895688959e-02 2.187478489419e-02 1.922574017358e-02 1.680756940941e-02 1.461368845919e-02 1.263554594748e-02 1.086298327962e-02 9.284582801161e-03 7.887997492312e-03 6.660256932358e-03 5.588046128533e-03 4.657954874244e-03 3.856696721754e-03 3.171297371894e-03 2.589253025353e-03 2.098659806818e-03 1.688315641852e-03 1.347796132818e-03 1.067506246402e-03 8.387096655721e-04 6.535378395842e-04 5.049808160944e-04 3.868622495635e-04 2.938009749582e-04 2.211617446132e-04 1.649977945843e-04
1.775595862282e-03 2.130866350464e-03 2.543232430557e-03 3.019331380240e-03 3.566229377104e-03 4.191418341059e-03 4.902807664260e-03 5.708708419130e-03 6.617806480128e-03 7.639121224745e-03 8.781946066772e-03 1.005576673724e-02 1.147015477491e-02 1.303463381269e-02 1.475851706321e-02 1.665071670146e-02 1.871952648931e-02 2.097238050352e-02 2.341559297940e-02 2.605408423834e-02 2.889109948629e-02 3.192792870629e-02 3.516363381248e-02 3.859479256243e-02 4.221526563380e-02 4.601599685779e-02 4.998484992479e-02 5.410649349388e-02 5.836233563626e-02 6.273051813169e-02 6.718597178768e-02 7.170053872023e-02 7.624316488767e-02 8.078016435402e-02 8.527555382042e-02 8.969145895897e-02 9.398858593197e-02 9.812675479818e-02 1.020654814262e-01 1.057646044650e-01 1.091849371317e-01 1.122889316602e-01 1.150413446153e-01 1.174098775930e-01 1.193657841647e-01 1.208844241911e-01 1.219457515061e-01 1.225347211614e-01 1.226416074228e-01 1.222622271778e-01 1.213980573896e-01 1.200562527534e-01 1.182495561038e-01 1.159961087536e-01 1.133191638739e-01 1.102467043552e-01 1.068109796079e-01 1.030479627175e-01 9.899674286246e-02 9.469886092776e-02 9.019760641604e-02 8.553728582259e-02 8.076248398570e-02 7.591733188859e-02 7.104480417769e-02 6.618605895575e-02 6.137984230247e-02 5.666196703774e-02 5.206488225654e-02 4.761733894697e-02 4.334415631821e-02 3.926609132074e-02 3.539980598859e-02 3.175792677151e-02 2.834918635177e-02 2.517863647826e-02 2.224791850705e-02 1.955557886769e-02 1.709741520692e-02 1.486684119661e-02 1.285525771421e-02 1.105242062087e-02 9.446796092643e-03 8.025896801054e-03 6.776593696596e-03 5.685399930579e-03 4.738724438108e-03 3.923094571007e-03 3.225347494926e-03 2.632791199066e-03 2.133336196457e-03 1.715599428471e-03 1.368982024820e-03 1.083722720141e-03 8.509287337164e-04 6.625861682409e-04 5.115519514923e-04 3.915296265268e-04 2.970313657464e-04 2.233288102843e-04 1.663953373726e-04
1.720786217889e-03 2.068458347396e-03 2.472574223429e-03 2.939766272822e-03 3.477102618415e-03 4.092085643924e-03 4.792646027835e-03 5.587129665413e-03 6.484274134192e-03 7.493170959519e-03 8.623209838149e-03 9.884000631647e-03 1.128527030641e-02 1.283673173894e-02 1.454792321628e-02 1.642801855150e-02 1.848560943971e-02 2.072846222117e-02 2.316325463123e-02 2.579529722163e-02 2.862824644004e-02 3.166381731225e-02 3.490150253574e-02 3.833830771669e-02 4.196850883961e-02 4.578344169197e-02 4.977132919280e-02 5.391715437547e-02 5.820258522940e-02 6.260595765760e-02 6.710232072037e-02 7.166355010943e-02 7.625853200110e-02 8.085341974079e-02 8.541196448771e-02 8.989591812257e-02 9.426550556491e-02 9.847995952401e-02 1.024981093341e-01 1.062790168431e-01 1.097826386441e-01 1.129705085647e-01 1.158064161334e-01 1.182570690064e-01 1.202927179991e-01 1.218877334184e-01 1.230211123028e-01 1.236769043124e-01 1.238445493526e-01 1.235191156418e-01 1.227014330737e-01 1.213981202680e-01 1.196215058804e-01 1.173894457921e-01 1.147250394171e-01 1.116562517412e-01 1.082154473709e-01 1.044388457901e-01 1.003659064710e-01 9.603865842596e-02 9.150098274696e-02 8.679786971198e-02 8.197466202464e-02 7.707630552780e-02 7.214662614870e-02 6.722765064975e-02 6.235899003025e-02 5.757729959724e-02 5.291583172954e-02 4.840408493071e-02 4.406755941057e-02 3.992761670626e-02 3.600144119355e-02 3.230209653603e-02 2.883866797641e-02 2.561647706618e-02 2.263735768371e-02 1.989997692861e-02 1.740018945222e-02 1.513140968730e-02 1.308499151059e-02 1.125060403269e-02 9.616594452202e-03 8.170331190305e-03 6.898521846278e-03 5.787502367986e-03 4.823495078307e-03 3.992835133859e-03 3.282165065133e-03 2.678598392493e-03 2.169853750853e-03 1.744360791920e-03 1.391339895337e-03 1.100857325880e-03 8.638577405118e-04 6.721759898988e-04 5.185302421204e-04 3.964986339862e-04 3.004818187458e-04 2.256539272695e-04 1.679046033687e-04
1.665888793024e-03 2.005863514920e-03 2.401610595831e-03 2.859755796728e-03 3.387367188860e-03 3.991955397674e-03 4.681469891702e-03 5.464288766782e-03 6.349198502437e-03 7.345360005554e-03 8.462256668332e-03 9.709620464727e-03 1.109733217783e-02 1.263529341866e-02 1.433326834286e-02 1.620069462140e-02 1.824646557198e-02 2.047868581285e-02 2.290440432991e-02 2.552933179365e-02 2.835754803111e-02 3.139120688686e-02 3.463024834498e-02 3.807212352023e-02 4.171154309019e-02 4.554025574848e-02 4.954686503527e-02 5.371669116891e-02 5.803168409756e-02 6.247039647201e-02 6.700801711741e-02 7.161647480215e-02 7.626461324964e-02 8.091844010383e-02 8.554145257703e-02 9.009503547604e-02 9.453893351993e-02 9.883178912404e-02 1.029317360748e-01 1.067970428782e-01 1.103867894536e-01 1.136615621264e-01 1.165841517142e-01 1.191202327672e-01 1.212390134299e-01 1.229138286731e-01 1.241226708412e-01 1.248486371523e-01 1.250802854318e-01 1.248118886531e-01 1.240435844363e-01 1.227814147499e-01 1.210372573391e-01 1.188286494676e-01 1.161785105436e-01 1.131147658551e-01 1.096698802788e-01 1.058803110150e-01 1.017858877664e-01 9.742913188523e-02 9.285452897344e-02 8.810777163332e-02 8.323498474570e-02 7.828195893125e-02 7.329340588228e-02 6.831225793798e-02 6.337903050235e-02 5.853126196570e-02 5.380304744697e-02 4.922467183981e-02 4.482235270743e-02 4.061808939045e-02 3.662961807092e-02 3.287046550349e-02 2.935009060432e-02 2.607410202866e-02 2.304453915561e-02 2.026019929832e-02 1.771699964826e-02 1.540835839880e-02 1.332558258696e-02 1.145825278252e-02 9.794593684605e-03 8.321824757002e-03 7.026484630038e-03 5.894725768549e-03 4.912577346092e-03 4.066175491150e-03 3.341961129375e-03 2.726846373505e-03 2.208350943366e-03 1.774710237639e-03 1.414956978825e-03 1.118978147579e-03 8.775491953328e-04 6.823472957424e-04 5.259457560274e-04 4.017915956252e-04 3.041686892525e-04 2.281489304628e-04 1.695340540349e-04
1.611109377178e-03 1.943318287910e-03 2.330612072154e-03 2.779608301655e-03 3.297373291202e-03 3.891423968617e-03 4.569726404868e-03 5.340688433642e-03 6.213142882281e-03 7.196317405848e-03 8.299786692185e-03 9.533402605487e-03 1.090719836262e-02 1.243126377050e-02 1.411558931452e-02 1.596987862393e-02 1.800333055492e-02 2.022439337253e-02 2.264049512085e-02 2.525775631027e-02 2.808069179620e-02 3.111190876906e-02 3.435180977857e-02 3.779830942814e-02 4.144657225620e-02 4.528878077199e-02 4.931394054731e-02 5.350773100923e-02 5.785240732971e-02 6.232675983683e-02 6.690613898617e-02 7.156254616801e-02 7.626480022935e-02 8.097877790018e-02 8.566773223095e-02 9.029268822609e-02 9.481291272781e-02 9.918645205026e-02 1.033707342375e-01 1.073232193010e-01 1.110020867066e-01 1.143669470863e-01 1.173795573341e-01 1.200045206986e-01 1.222099572968e-01 1.239681199654e-01 1.252559490804e-01 1.260555383045e-01 1.263545135087e-01 1.261463049133e-01 1.254303118919e-01 1.242119570727e-01 1.225026292478e-01 1.203195138444e-01 1.176853227725e-01 1.146279205983e-01 1.111798573582e-01 1.073778209945e-01 1.032620098043e-01 9.887544442252e-02 9.426322913415e-02 8.947177821055e-02 8.454802692485e-02 7.953864186428e-02 7.448925681795e-02 6.944375005587e-02 6.444358354141e-02 5.952722167811e-02 5.472964495146e-02 5.008196613697e-02 4.561115871566e-02 4.133989507238e-02 3.728649491464e-02 3.346497509114e-02 2.988519075667e-02 2.655305620862e-02 2.347082954161e-02 2.063744805735e-02 1.804889750250e-02 1.569860219114e-02 1.357782237273e-02 1.167604755836e-02 9.981375751141e-03 8.480872022657e-03 7.160899520802e-03 6.007420208756e-03 5.006262633253e-03 4.143356252737e-03 3.404932712052e-03 2.777694941566e-03 2.248956102964e-03 1.806749714467e-03 1.439913321400e-03 1.138147261782e-03 8.920505958995e-04 6.931359346875e-04 5.338251581582e-04 4.074280455893e-04 3.081060754004e-04 2.308238419568e-04 1.712907111764e-04
1.556628363494e-03 1.881029872475e-03 2.259815615713e-03 2.699593756690e-03 3.207427382045e-03 3.790838012015e-03 4.457806360896e-03 5.216767816575e-03 6.076599083781e-03 7.046592097225e-03 8.136410408591e-03 9.356023705839e-03 1.071561611078e-02 1.222546497844e-02 1.389578760424e-02 1.573655547878e-02 1.775727657978e-02 1.996674820494e-02 2.237278495268e-02 2.498192699569e-02 2.779913566731e-02 3.082748521851e-02 3.406785695186e-02 3.751864640412e-02 4.117549146207e-02 4.503102851053e-02 4.907468721117e-02 5.329252866545e-02 5.766713491704e-02 6.217755724294e-02 6.679932788925e-02 7.150454119690e-02 7.626200869145e-02 8.103749019462e-02 8.579400638121e-02 9.049222793740e-02 9.509094430720e-02 9.954760304227e-02 1.038189146804e-01 1.078615122307e-01 1.116326525192e-01 1.150909398212e-01 1.181970610744e-01 1.209145067767e-01 1.232102637673e-01 1.250554544907e-01 1.264259143011e-01 1.273026835271e-01 1.276724033775e-01 1.275276111024e-01 1.268669203863e-01 1.256950916244e-01 1.240229837413e-01 1.218673976547e-01 1.192508090032e-01 1.162009994277e-01 1.127505905503e-01 1.089364925853e-01 1.047992728369e-01 1.003824588877e-01 9.573178834870e-02 9.089442001593e-02 8.591812628237e-02 8.085048535048e-02 7.573809224169e-02 7.062581337173e-02 6.555610182544e-02 6.056839435883e-02 5.569860171254e-02 5.097870886273e-02 4.643648586535e-02 4.209531624431e-02 3.797413645570e-02 3.408748234713e-02 3.044562935515e-02 2.705481609183e-02 2.391753421365e-02 2.103287068291e-02 1.839688574027e-02 1.600301249986e-02 1.384246373865e-02 1.190463491959e-02 1.017749268082e-02 8.647941275516e-03 7.302161159429e-03 6.125915890369e-03 5.104825138677e-03 4.224603278552e-03 3.471264137667e-03 2.831293100509e-03 2.291788360252e-03 1.840573373020e-03 1.466282390681e-03 1.158421210019e-03 9.074048235627e-04 7.045739099389e-04 5.421919382791e-04 4.134249244502e-04 3.123059675585e-04 2.336869860854e-04 1.731802420891e-04
1.502602064149e-03 1.819177736276e-03 2.189426395461e-03 2.619945732792e-03 3.117794390317e-03 3.690497022874e-03 4.346047212536e-03 5.092905828110e-03 5.939991202385e-03 6.896657099139e-03 7.972653575219e-03 9.178066055063e-03 1.052322796622e-02 1.201860339047e-02 1.367463683400e-02 1.550156938416e-02 1.750922146388e-02 1.970674481440e-02 2.210234781463e-02 2.470299952297e-02 2.751411989985e-02 3.053926375672e-02 3.377980682104e-02 3.723464344527e-02 4.089990380191e-02 4.476869940787e-02 4.883090561973e-02 5.307298715869e-02 5.747787595411e-02 6.202490650634e-02 6.668981465390e-02 7.144480769937e-02 7.625870691432e-02 8.109717066399e-02 8.592299772179e-02 9.069651118540e-02 9.537602413144e-02 9.991837993688e-02 1.042795607591e-01 1.084153556982e-01 1.122820724021e-01 1.158372785009e-01 1.190405532265e-01 1.218542316685e-01 1.242441194458e-01 1.261801574578e-01 1.276370244996e-01 1.285946507762e-01 1.290386411397e-01 1.289605864710e-01 1.283582664522e-01 1.272357322124e-01 1.256032735475e-01 1.234772703353e-01 1.208799337607e-01 1.178389401086e-01 1.143869671843e-01 1.105611403592e-01 1.064023965739e-01 1.019547783649e-01 9.726467243715e-02 9.238000550860e-02 8.734941857113e-02 8.222143667665e-02 7.704365747125e-02 7.186198096403e-02 6.671989927120e-02 6.165786905926e-02 5.671278074990e-02 5.191753710755e-02 4.730074906778e-02 4.288655078361e-02 3.869453120012e-02 3.473977546676e-02 3.103300472741e-02 2.758080213805e-02 2.438590790453e-02 2.144756903830e-02 1.876192652934e-02 1.632242440434e-02 1.412022719377e-02 1.214463289942e-02 1.038347117581e-02 8.823478506155e-03 7.450644657299e-03 6.250526033085e-03 5.208524320061e-03 4.310129594598e-03 3.541128722287e-03 2.887780347724e-03 2.336958752708e-03 1.876268456793e-03 1.494131792802e-03 1.179851583508e-03 9.236505978816e-04 7.166897519842e-04 5.510667041903e-04 4.197967953803e-04 3.167784175065e-04 2.367451217994e-04 1.752070639157e-04
1.449164291739e-03 1.757915474238e-03 2.119619883373e-03 2.540863877970e-03 3.028700628947e-03 3.590656614133e-03 4.234736711247e-03 4.969425341413e-03 5.803680288986e-03 6.746914835886e-03 7.808963138564e-03 9.000024214748e-03 1.033057911593e-02 1.181127768774e-02 1.345279189716e-02 1.526563394073e-02 1.725993984714e-02 1.944522097596e-02 2.183008663864e-02 2.442194423431e-02 2.722668371638e-02 3.024835416515e-02 3.348884186283e-02 3.694755745707e-02 4.062114308614e-02 4.450320626387e-02 4.858408964381e-02 5.285068491145e-02 5.728629654498e-02 6.187056495805e-02 6.657945184761e-02 7.138529706043e-02 7.625695088739e-02 8.115998514355e-02 8.605698745917e-02 9.090794064981e-02 9.567068214861e-02 1.003014466972e-01 1.047554760856e-01 1.089876970935e-01 1.129534431100e-01 1.166092118360e-01 1.199134370914e-01 1.228272529492e-01 1.253152344035e-01 1.273460883011e-01 1.288932801150e-01 1.299355753096e-01 1.304574842901e-01 1.304495988435e-01 1.299088114749e-01 1.288384177217e-01 1.272480948638e-01 1.251537660864e-01 1.225773469188e-01 1.195463857436e-01 1.160936010243e-01 1.122563261065e-01 1.080758673243e-01 1.035967917085e-01 9.886615174168e-02 9.393266711272e-02 8.884587848510e-02 8.365529672729e-02 7.840956606471e-02 7.315566737928e-02 6.793818204953e-02 6.279863888290e-02 5.777495806222e-02 5.290101001871e-02 4.820629250333e-02 4.371573290886e-02 3.944960997087e-02 3.542359059571e-02 3.164886849726e-02 2.813239241482e-02 2.487716715335e-02 2.188261071126e-02 1.914495082879e-02 1.665764492176e-02 1.441180809119e-02 1.239663688631e-02 1.059981783269e-02 9.007911962596e-03 7.606709389033e-03 6.381549938333e-03 5.317607448105e-03 4.400137695843e-03 3.614690575248e-03 2.947288255248e-03 2.384571452144e-03 1.913916316223e-03 1.523524094733e-03 1.202485677527e-03 9.408229935841e-04 7.295089277677e-04 5.604675008640e-04 4.265560996889e-04 3.215317350461e-04 2.400035970239e-04 1.773744623831e-04
1.396428186056e-03 1.697372927250e-03 2.050544331402e-03 2.462516723073e-03 2.940336934056e-03 3.491532151438e-03 4.124117074446e-03 4.846597911501e-03 5.667969797696e-03 6.597703162801e-03 7.645713963066e-03 8.822312552151e-03 1.013812575161e-02 1.160398826576e-02 1.323079933351e-02 1.502934362769e-02 1.701007592001e-02 1.918287200216e-02 2.155674914488e-02 2.413956236624e-02 2.693768315020e-02 2.995566874867e-02 3.319593161759e-02 3.665841698864e-02 4.034029842850e-02 4.423570038333e-02 4.833545588771e-02 5.262690593909e-02 5.709375197574e-02 6.171596279347e-02 6.646974866023e-02 7.132760374734e-02 7.625842526053e-02 8.122771428528e-02 8.619785998173e-02 9.112851097243e-02 9.597703157905e-02 1.006990421295e-01 1.052490338554e-01 1.095810506641e-01 1.136494265504e-01 1.174095554569e-01 1.208186849730e-01 1.238367025824e-01 1.264269010324e-01 1.285566973207e-01 1.301982865555e-01 1.313292093700e-01 1.319328237724e-01 1.319986639707e-01 1.315226838187e-01 1.305073714753e-01 1.289617482281e-01 1.269012418955e-01 1.243474410212e-01 1.213277421476e-01 1.178748885338e-01 1.140264128644e-01 1.098239916467e-01 1.053127252861e-01 1.005403504351e-01 9.555640480020e-02 9.041136350185e-02 8.515576273051e-02 7.983933921370e-02 7.451020535027e-02 6.921408509627e-02 6.399363292688e-02 5.888785334344e-02 5.393163623316e-02 4.915541541853e-02 4.458495624496e-02 4.024126713166e-02 3.614063090170e-02 3.229474192919e-02 2.871093746499e-02 2.539250335591e-02 2.233904000388e-02 1.954686861790e-02 1.700946201112e-02 1.471788438960e-02 1.266122649884e-02 1.082702496421e-02 9.201656884783e-03 7.770703171879e-03 6.519276662770e-03 5.432312657649e-03 4.494821914183e-03 3.692106691314e-03 3.009942115981e-03 2.434725125919e-03 1.953593520215e-03 1.554517702210e-03 1.226367210473e-03 9.589540183155e-04 7.430542799761e-04 5.704101636836e-04 4.337134324818e-04 3.265727025704e-04 2.434665083116e-04 1.796847137568e-04
1.344488149479e-03 1.637658419578e-03 1.982323342472e-03 2.385044665561e-03 2.852862138583e-03 3.393302661499e-03 4.014389442282e-03 4.724648781758e-03 5.533111156788e-03 6.449301814760e-03 7.483216112010e-03 8.645273375543e-03 9.946244392462e-03 1.139714731685e-02 1.300910854988e-02 1.479318635706e-02 1.676015707231e-02 1.892026565464e-02 2.128294427687e-02 2.385650463138e-02 2.664781128946e-02 2.966194349118e-02 3.290185610900e-02 3.636804674825e-02 4.005824078660e-02 4.396710140798e-02 4.808597405365e-02 5.240267371357e-02 5.690132193192e-02 6.156224089926e-02 6.636191200888e-02 7.127300559250e-02 7.626448591238e-02 8.130179947645e-02 8.634714961372e-02 9.135985892544e-02 9.629682030107e-02 1.011130351540e-01 1.057622320265e-01 1.101975542332e-01 1.143723079124e-01 1.182407500944e-01 1.217588997699e-01 1.248853492800e-01 1.275820570143e-01 1.298150920328e-01 1.315553170616e-01 1.327789872724e-01 1.334682462257e-01 1.336115129145e-01 1.332037424300e-01 1.322465662516e-01 1.307483026167e-01 1.287238425411e-01 1.261944154097e-01 1.231872408911e-01 1.197350686792e-01 1.158756227710e-01 1.116509514824e-01 1.071066969998e-01 1.022912981749e-01 9.725513872949e-02 9.204966216631e-02 8.672647316658e-02 8.133644906422e-02 7.592888646342e-02 7.055070762002e-02 6.524575056112e-02 6.005416076283e-02 5.501190285549e-02 5.015039857943e-02 4.549629836691e-02 4.107138250954e-02 3.689258596947e-02 3.297213423228e-02 2.931777622961e-02 2.593309689437e-02 2.281789089137e-02 1.996857972513e-02 1.737865375255e-02 1.503912468461e-02 1.293897249880e-02 1.106557655964e-02 9.405120855947e-03 7.942966590821e-03 6.663988554567e-03 5.552871985100e-03 4.594371062270e-03 3.773528985457e-03 3.075862689409e-03 2.487514411778e-03 1.995373026332e-03 1.587167825999e-03 1.251537061512e-03 9.780731971405e-04 7.573465116107e-04 5.809086824319e-04 4.412778226200e-04 3.319067927973e-04 2.471368740042e-04 1.821392213783e-04
1.293421862209e-03 1.578861077726e-03 1.915058586488e-03 2.308563086559e-03 2.766406619945e-03 3.296114953652e-03 3.905718562089e-03 4.603762259210e-03 5.399309828700e-03 6.301939110830e-03 7.321722328801e-03 8.469185456501e-03 9.755241048242e-03 1.119108941070e-02 1.278808359806e-02 1.455755640374e-02 1.651060832150e-02 1.865785797652e-02 2.100915921980e-02 2.357328964252e-02 2.635761833914e-02 2.936776052104e-02 3.260722963729e-02 3.607709442823e-02 3.977565219207e-02 4.369812679115e-02 4.783640005563e-02 5.217878493177e-02 5.670984800250e-02 6.141028962719e-02 6.625688687166e-02 7.122250858135e-02 7.627620646106e-02 8.138339078559e-02 8.650609211152e-02 9.160331499685e-02 9.663148431649e-02 1.015449787596e-01 1.062967522838e-01 1.108390279330e-01 1.151240575463e-01 1.191049250673e-01 1.227363781610e-01 1.259756650832e-01 1.287833522782e-01 1.311241013463e-01 1.329673803698e-01 1.342880934168e-01 1.350671065337e-01 1.352916579527e-01 1.349556470917e-01 1.340597929414e-01 1.326116612085e-01 1.306255651867e-01 1.281223396978e-01 1.251289994284e-01 1.216782837413e-01 1.178080982608e-01 1.135608629031e-01 1.089827718515e-01 1.041229842702e-01 9.903275833192e-02 9.376454266465e-02 8.837105413820e-02 8.290436132482e-02 7.741500085894e-02 7.195115228686e-02 6.655789721252e-02 6.127658278091e-02 5.614430603565e-02 5.119353156154e-02 4.645184530406e-02 4.194184393113e-02 3.768115293103e-02 3.368256025926e-02 2.995425224281e-02 2.650013145526e-02 2.332019943965e-02 2.041098495785e-02 1.776599841174e-02 1.537619682579e-02 1.323044417993e-02 1.131595458592e-02 9.618708900492e-03 8.123837553483e-03 6.815965139138e-03 5.679514588251e-03 4.698971075504e-03 3.859106597341e-03 3.145168024915e-03 2.543031359879e-03 2.039325359812e-03 1.621527416510e-03 1.278034057077e-03 9.982081884578e-04 7.724046494241e-04 5.919755810453e-04 4.492570268792e-04 3.375383969667e-04 2.510168088691e-04 1.847386425852e-04
1.243292269995e-03 1.521053195458e-03 1.848832495033e-03 2.233165440609e-03 2.681075879273e-03 3.200087638735e-03 3.798237372789e-03 4.484086869168e-03 5.266731254858e-03 6.155798675031e-03 7.161435713621e-03 8.294272430670e-03 9.565360979348e-03 1.098608207700e-02 1.256801486760e-02 1.432276735242e-02 1.626176644958e-02 1.839600901610e-02 2.073577718399e-02 2.329032342176e-02 2.606753277762e-02 2.907357082853e-02 3.231252590999e-02 3.578605669378e-02 3.949305334582e-02 4.342932316243e-02 4.758730827746e-02 5.195584471819e-02 5.651997007121e-02 6.126078841899e-02 6.615539784444e-02 7.117688934045e-02 7.629442432133e-02 8.147339461628e-02 8.667567267013e-02 9.185995583311e-02 9.698220294270e-02 1.019961670565e-01 1.068540163636e-01 1.115070348809e-01 1.159063914562e-01 1.200039610970e-01 1.237531759041e-01 1.271098878058e-01 1.300332141503e-01 1.324863451907e-01 1.344372898243e-01 1.358595320382e-01 1.367325916397e-01 1.370424623710e-01 1.367819243905e-01 1.359507268490e-01 1.345556310030e-01 1.326103266831e-01 1.301352180602e-01 1.271570870413e-01 1.237086421794e-01 1.198279615370e-01 1.155578348119e-01 1.109450180762e-01 1.060394118297e-01 1.008931754412e-01 9.555980174748e-02 9.009316557400e-02 8.454658001114e-02 7.897187970414e-02 7.341856365057e-02 6.793302063186e-02 6.255786260751e-02 5.733138106615e-02 5.228714132384e-02 4.745371765817e-02 4.285457056533e-02 3.850805639395e-02 3.442755977841e-02 3.062173053015e-02 2.709480885799e-02 2.384701674802e-02 2.087499763253e-02 1.817228404463e-02 1.572977634635e-02 1.353621664523e-02 1.157864521276e-02 9.842829129189e-03 8.313655840225e-03 6.975486976971e-03 5.812469914516e-03 4.808807685723e-03 3.948988079727e-03 3.217975308448e-03 2.601366936673e-03 2.085519851489e-03 1.657648167403e-03 1.305895741570e-03 1.019385409553e-03 7.882465468802e-04 6.036222968643e-04 4.576578288523e-04 3.434710525136e-04 2.551076956667e-04 1.874830273829e-04
1.194149543384e-03 1.464292463706e-03 1.783710878570e-03 2.158926327129e-03 2.596954022630e-03 3.105315182597e-03 3.692051616189e-03 4.365740595350e-03 5.135506718553e-03 6.011026080089e-03 7.002517055074e-03 8.120711176417e-03 9.376797761062e-03 1.078233611184e-02 1.234913059511e-02 1.408906484763e-02 1.601389445959e-02 1.813499861775e-02 2.046309411305e-02 2.300791751135e-02 2.577788150825e-02 2.877971603673e-02 3.201810139247e-02 3.549530512755e-02 3.921083181692e-02 4.316109541058e-02 4.733912351986e-02 5.173430091095e-02 5.633216301376e-02 6.111424441688e-02 6.605799036199e-02 7.113673932588e-02 7.631978511269e-02 8.157252122006e-02 8.685667847370e-02 9.213065578336e-02 9.734995204913e-02 1.024676913936e-01 1.074352457161e-01 1.122029401847e-01 1.167208327505e-01 1.209395523781e-01 1.248111698237e-01 1.282900871872e-01 1.313339125584e-01 1.339042999296e-01 1.359677279349e-01 1.374961909981e-01 1.384677914319e-01 1.388672080065e-01 1.386860372155e-01 1.379229953262e-01 1.365839857240e-01 1.346820285665e-01 1.322370562412e-01 1.292755879444e-01 1.258302809481e-01 1.219393741736e-01 1.176460267038e-01 1.129975655272e-01 1.080446510967e-01 1.028403757623e-01 9.743931430951e-02 9.189654861398e-02 8.626669119199e-02 8.060293599826e-02 7.495616643541e-02 6.937414598718e-02 6.390081791038e-02 5.857573354249e-02 5.343361973212e-02 4.850409588255e-02 4.381153574652e-02 3.937507007778e-02 3.520871539370e-02 3.132161377940e-02 2.771836383606e-02 2.439942208246e-02 2.136155460492e-02 1.859831855450e-02 1.610055513348e-02 1.385687834835e-02 1.185414533381e-02 1.007789789633e-02 8.512767699363e-03 7.142839474112e-03 5.951971040984e-03 4.924069139966e-03 4.043323637381e-03 3.294402680617e-03 2.662612548573e-03 2.134025848770e-03 1.695581483647e-03 1.335159163131e-03 1.041630648495e-03 8.048893581690e-04 6.158595549383e-04 4.664863268736e-04 3.497076637787e-04 2.594103573257e-04 1.903719458499e-04
1.146032963027e-03 1.408624180868e-03 1.719745448152e-03 2.085904343013e-03 2.514107074986e-03 3.011871670160e-03 3.587244116682e-03 4.248815799909e-03 5.005738865492e-03 5.867735085326e-03 6.845091930675e-03 7.948639695962e-03 9.189702254475e-03 1.058001554688e-02 1.213160791555e-02 1.385663887426e-02 1.576719465251e-02 1.787504073373e-02 2.019133518855e-02 2.272630730786e-02 2.548890939147e-02 2.848644997187e-02 3.172421848291e-02 3.520511118262e-02 3.892926900034e-02 4.289373659580e-02 4.709215208707e-02 5.151447687835e-02 5.614677159176e-02 6.097102931402e-02 6.596506963063e-02 7.110250582148e-02 7.635278752727e-02 8.168133168204e-02 8.704974346165e-02 9.241613717168e-02 9.773555559062e-02 1.029604930027e-01 1.080415141988e-01 1.129279667435e-01 1.175687693423e-01 1.219132660800e-01 1.259121197811e-01 1.295182274143e-01 1.326876247988e-01 1.353803616971e-01 1.375613133222e-01 1.392009102500e-01 1.402757624230e-01 1.407691606171e-01 1.406714468561e-01 1.399802422743e-01 1.387005338120e-01 1.368446198782e-01 1.344319215636e-01 1.314886621772e-01 1.280474249978e-01 1.241465969337e-01 1.198297054959e-01 1.151446574789e-01 1.101428935358e-01 1.048784688505e-01 9.940708184268e-02 9.378507107811e-02 8.806840628345e-02 8.231170545053e-02 7.656730438175e-02 7.088441173681e-02 6.530837357081e-02 5.988006885263e-02 5.463545152963e-02 4.960524511584e-02 4.481478992960e-02 4.028403660643e-02 3.602767153296e-02 3.205535891300e-02 2.837207820662e-02 2.497853548285e-02 2.187162779354e-02 1.904493935084e-02 1.648924978127e-02 1.419303819744e-02 1.214296862122e-02 1.032434538915e-02 8.721530356815e-03 7.318316806273e-03 6.098257803531e-03 5.044948880772e-03 4.142267324115e-03 3.374571072841e-03 2.726861516857e-03 2.184913924513e-03 1.735379457143e-03 1.365861646040e-03 1.064969670128e-03 8.223500214340e-04 6.286977410168e-04 4.757482198911e-04 3.562507240755e-04 2.639252252417e-04 1.934046147183e-04
1.098972622427e-03 1.354083241194e-03 1.656976168770e-03 2.014144805785e-03 2.432586095247e-03 2.919814340868e-03 3.483878852820e-03 4.133383744144e-03 4.877506938266e-03 5.726013472801e-03 6.689257297977e-03 7.778164526371e-03 9.004190910085e-03 1.037924671006e-02 1.191558295750e-02 1.362563506647e-02 1.552182142621e-02 1.761629786027e-02 1.992066975966e-02 2.244566839102e-02 2.520079718219e-02 2.819395809658e-02 3.143106715045e-02 3.491566941219e-02 3.864856479337e-02 4.262745338452e-02 4.684661086419e-02 5.129660233291e-02 5.596404335567e-02 6.083141425097e-02 6.587693837500e-02 7.107453065843e-02 7.639382317377e-02 8.180027840452e-02 8.725539558765e-02 9.271701617917e-02 9.813973486779e-02 1.034754137631e-01 1.086738020453e-01 1.136832500908e-01 1.184515087651e-01 1.229265984387e-01 1.270577259260e-01 1.307962245981e-01 1.340964938956e-01 1.369169068452e-01 1.392206603973e-01 1.409765419565e-01 1.421595903623e-01 1.427516314592e-01 1.427416795449e-01 1.421261915855e-01 1.409091766732e-01 1.391021599087e-01 1.367240047201e-01 1.338006044530e-01 1.303644440816e-01 1.264540451837e-01 1.221133002626e-01 1.173907051052e-01 1.123385009052e-01 1.070117372322e-01 1.014672784021e-01 9.576277134910e-02 8.995560410668e-02 8.410188527117e-02 7.825547586143e-02 7.246710408380e-02 6.678359272430e-02 6.124722185580e-02 5.589524061553e-02 5.075953982772e-02 4.586648263010e-02 4.123688776893e-02 3.688615188095e-02 3.282449308787e-02 2.905729534416e-02 2.558553024782e-02 2.240623493751e-02 1.951302315351e-02 1.689661006821e-02 1.454533287215e-02 1.244565185878e-02 1.058262065393e-02 8.940316526337e-03 7.502225570091e-03 6.251579970169e-03 5.171648177327e-03 4.245979257092e-03 3.458606004267e-03 2.794210534544e-03 2.238257049325e-03 1.777095801796e-03 1.398041546829e-03 1.089428816763e-03 8.406457184190e-04 6.421472604444e-04 4.854490804130e-04 3.631025243540e-04 2.686524967401e-04 1.965800202294e-04
1.052991040358e-03 1.300695988060e-03 1.595433363096e-03 1.943682227130e-03 2.352430006682e-03 2.829186870618e-03 3.382004630849e-03 4.019498900000e-03 4.750871517008e-03 5.585928505643e-03 6.535087493607e-03 7.609367501555e-03 8.820353221239e-03 1.018012680693e-02 1.170116041434e-02 1.339616497448e-02 1.527789272018e-02 1.735889323741e-02 1.965122561797e-02 2.216613180887e-02 2.491367850372e-02 2.790237592281e-02 3.113878448022e-02 3.462711883572e-02 3.836886089233e-02 4.236239204606e-02 4.660265289230e-02 5.108084185772e-02 5.578415864670e-02 6.069560191250e-02 6.579382921035e-02 7.105308601644e-02 7.644321454009e-02 8.192974699730e-02 8.747409652592e-02 9.303384693180e-02 9.856315163506e-02 1.040132425544e-01 1.093330428202e-01 1.144698874429e-01 1.193703300070e-01 1.239810278561e-01 1.282496813823e-01 1.321260020632e-01 1.355626839862e-01 1.385163489396e-01 1.409484364386e-01 1.428260077834e-01 1.441224475964e-01 1.448180356760e-01 1.449003806376e-01 1.443647031378e-01 1.432139690439e-01 1.414588730664e-01 1.391176750295e-01 1.362159000828e-01 1.327859085764e-01 1.288663416652e-01 1.245014535944e-01 1.197403375064e-01 1.146360550339e-01 1.092446830190e-01 1.036242949946e-01 9.783390084449e-02 9.193237011321e-02 8.597737280650e-02 8.002437041825e-02 7.412568941145e-02 6.832970841977e-02 6.268018506078e-02 5.721573656062e-02 5.196948795678e-02 4.696888443091e-02 4.223566432404e-02 3.778597722621e-02 3.363062926168e-02 2.977543395592e-02 2.622164544996e-02 2.296645040843e-02 2.000349490484e-02 1.732342690041e-02 1.491443380060e-02 1.276276081326e-02 1.085319681371e-02 9.169518726395e-03 7.694888454770e-03 6.412200367902e-03 5.304378641617e-03 4.354627714417e-03 3.546639309095e-03 2.864761111999e-03 2.294131757930e-03 1.820786797174e-03 1.431738979198e-03 1.115035581496e-03 8.597943266571e-04 6.562188877219e-04 4.955946282765e-04 3.702653576442e-04 2.735922907707e-04 1.998970325245e-04
1.008104561809e-03 1.248481865982e-03 1.535139638769e-03 1.874542467562e-03 2.273668103225e-03 2.740022201569e-03 3.281658373504e-03 3.907202542644e-03 4.625878706559e-03 5.447531525642e-03 6.382639585806e-03 7.442311680014e-03 8.638258474748e-03 9.982731343864e-03 1.148842168658e-02 1.316831552974e-02 1.503550012978e-02 1.710292240053e-02 1.938310110015e-02 2.188779789142e-02 2.462765465103e-02 2.761180506613e-02 3.084747209965e-02 3.433956132166e-02 3.809026093435e-02 4.209865980149e-02 4.636039209969e-02 5.086731954446e-02 5.560725767482e-02 6.056375553564e-02 6.571593593502e-02 7.103840683480e-02 7.650124860231e-02 8.207009011513e-02 8.770627907205e-02 9.336715832846e-02 9.900645049183e-02 1.045747561757e-01 1.100201663808e-01 1.152889810308e-01 1.203265278038e-01 1.250780605668e-01 1.294897218328e-01 1.335095388130e-01 1.370884302023e-01 1.401811894436e-01 1.427474135042e-01 1.447523516546e-01 1.461676465454e-01 1.469719457778e-01 1.471513699094e-01 1.466998263414e-01 1.456191698524e-01 1.439192035221e-01 1.416175328657e-01 1.387392758982e-01 1.353166392859e-01 1.313883669917e-01 1.269990703603e-01 1.221984479274e-01 1.170404025746e-01 1.115820712359e-01 1.058827823471e-01 1.000029646633e-01 9.400303568886e-02 8.794230105635e-02 8.187790233166e-02 7.586384678663e-02 6.995015282586e-02 6.418213610185e-02 5.859985955487e-02 5.323775281587e-02 4.812440681350e-02 4.328253402560e-02 3.872908218797e-02 3.447548127110e-02 3.052800130944e-02 2.688819733034e-02 2.355341544108e-02 2.051733732876e-02 1.777054028327e-02 1.530105384500e-02 1.309489607739e-02 1.113657611143e-02 9.409553399470e-03 7.896647925676e-03 6.580397762460e-03 5.443364791519e-03 4.468391210326e-03 3.638810860654e-03 2.938620928701e-03 2.352619277471e-03 1.866512179119e-03 1.466996547133e-03 1.141819182384e-03 8.798148680288e-04 6.709241065066e-04 5.061909850390e-04 3.777417138452e-04 2.787447950409e-04 2.033545136157e-04
9.643246014527e-04 1.197454858701e-03 1.476111557116e-03 1.806744713581e-03 2.196322281880e-03 2.652345117074e-03 3.182868035559e-03 3.796526113500e-03 4.502563862444e-03 5.310862299364e-03 6.231958095771e-03 7.277046761779e-03 8.457961668599e-03 9.787120590780e-03 1.127743220227e-02 1.294215684874e-02 1.479471784952e-02 1.684846275926e-02 1.911637593095e-02 2.161074777436e-02 2.434280728943e-02 2.732232713623e-02 3.055721166811e-02 3.405307912635e-02 3.781284875884e-02 4.183634410269e-02 4.611992293634e-02 5.065614153129e-02 5.543346404916e-02 6.043602272795e-02 6.564344014406e-02 7.103071815777e-02 7.656820674294e-02 8.222165834948e-02 8.795237964842e-02 9.371749031359e-02 9.947029189286e-02 1.051607574820e-01 1.107361372187e-01 1.161416793411e-01 1.213214548732e-01 1.262192732648e-01 1.307796660624e-01 1.349489136726e-01 1.386760851036e-01 1.419140627396e-01 1.446205147420e-01 1.467587866916e-01 1.482986865847e-01 1.492171389186e-01 1.494986888127e-01 1.491358504029e-01 1.481292921256e-01 1.464878624246e-01 1.442284581723e-01 1.413757479556e-01 1.379617539353e-01 1.340253040617e-01 1.296113619185e-01 1.247702380164e-01 1.195566972880e-01 1.140289711261e-01 1.082476894531e-01 1.022747587074e-01 9.617221336262e-02 9.000107252653e-02 8.382024206442e-02 7.768549762084e-02 7.164858431533e-02 6.575646322815e-02 6.005072400530e-02 5.456717622676e-02 4.933562340230e-02 4.437981026602e-02 3.971753111234e-02 3.536087806051e-02 3.131660636748e-02 2.758659096253e-02 2.416834849190e-02 2.105559924072e-02 1.823884667446e-02 1.570595395738e-02 1.344269879655e-02 1.143329450153e-02 9.660865185269e-03 8.107869549352e-03 6.756469857298e-03 5.588846443724e-03 4.587460526018e-03 3.735270209137e-03 3.015905254160e-03 2.413806602823e-03 1.914336032433e-03 1.503860038943e-03 1.169811099886e-03 9.007279112235e-04 6.862754223678e-04 5.172449188580e-04 3.855344641239e-04 2.841103998189e-04 2.069514254392e-04
9.216586974393e-04 1.147624712201e-03 1.418361050614e-03 1.740303069473e-03 2.120408883935e-03 2.566174360144e-03 3.085654952704e-03 3.687493965884e-03 4.380954705506e-03 5.175952369604e-03 6.083078905125e-03 7.113613272373e-03 8.279508319462e-03 9.593345211502e-03 1.106824762346e-02 1.271774927206e-02 1.455561035571e-02 1.659558212050e-02 1.885112050946e-02 2.133505344621e-02 2.405920954358e-02 2.703401600491e-02 3.026807779174e-02 3.376774825778e-02 3.753670308005e-02 4.157552942254e-02 4.588133870946e-02 5.044741484562e-02 5.526290439847e-02 6.031255828284e-02 6.557653304101e-02 7.103025954389e-02 7.664438933966e-02 8.238482779778e-02 8.821286664938e-02 9.408542095090e-02 9.995538405948e-02 1.057721053009e-01 1.114819875064e-01 1.170292086743e-01 1.223565547041e-01 1.274063481256e-01 1.321214556259e-01 1.364463432630e-01 1.403281544894e-01 1.437177760933e-01 1.465708545584e-01 1.488487354887e-01 1.505192955049e-01 1.515576391638e-01 1.519466440351e-01 1.516773441200e-01 1.507491446860e-01 1.491698701706e-01 1.469556526480e-01 1.441306642642e-01 1.407267099817e-01 1.367826820677e-01 1.323438878242e-01 1.274612576860e-01 1.221904398034e-01 1.165907942997e-01 1.107243003844e-01 1.046544044760e-01 9.844483045746e-02 9.215839191932e-02 8.585584746966e-02 7.959483336928e-02 7.342891525298e-02 6.740679024023e-02 6.157166109319e-02 5.596079780372e-02 5.060528748303e-02 4.552996898243e-02 4.075353405474e-02 3.628877800514e-02 3.214297177452e-02 2.831833102931e-02 2.481255431146e-02 2.161940412123e-02 1.872930676890e-02 1.612994943132e-02 1.380685591811e-02 1.174392656014e-02 9.923930731928e-03 8.328945372391e-03 6.940736118195e-03 5.741081074710e-03 4.712040655477e-03 3.836178238319e-03 3.096738196258e-03 2.477787613387e-03 1.964327640490e-03 1.542379100379e-03 1.199045615596e-03 9.225560119096e-04 7.022866992647e-04 5.287640872796e-04 3.936470409993e-04 2.896898368131e-04 2.106869213110e-04
8.801114032052e-04 1.098997956049e-03 1.361896595230e-03 1.675227957392e-03 2.045940311402e-03 2.481524418544e-03 2.990035990944e-03 3.580125591184e-03 4.261073921732e-03 5.042828072411e-03 5.936032512007e-03 6.952046444500e-03 8.102938723870e-03 9.401450763595e-03 1.086091884531e-02 1.249514875852e-02 1.431823830059e-02 1.634434540716e-02 1.858740321315e-02 2.106078628895e-02 2.377693507309e-02 2.674694751416e-02 2.998014864594e-02 3.348365014047e-02 3.726191066307e-02 4.131630998905e-02 4.564474543682e-02 5.024126233643e-02 5.509572526078e-02 6.019354046252e-02 6.551543509208e-02 7.103730452047e-02 7.673013662190e-02 8.256002165578e-02 8.848826217870e-02 9.447159111885e-02 1.004625077299e-01 1.064097415084e-01 1.122588431812e-01 1.179529035116e-01 1.234333927340e-01 1.286411044984e-01 1.335171830186e-01 1.380042128874e-01 1.420473327478e-01 1.455953430701e-01 1.486017725422e-01 1.510258662518e-01 1.528334660749e-01 1.539977540996e-01 1.544998434958e-01 1.543291961039e-01 1.534838712579e-01 1.519705968636e-01 1.498046779906e-01 1.470097427162e-01 1.436173420933e-01 1.396664108133e-01 1.352025922862e-01 1.302774419400e-01 1.249475125338e-01 1.192733281137e-01 1.133182688170e-01 1.071473831620e-01 1.008261603102e-01 9.441929491740e-02 8.798949129896e-02 8.159634340262e-02 7.529533621377e-02 6.913699941830e-02 6.316624128380e-02 5.742187636447e-02 5.193635146947e-02 4.673566497071e-02 4.183946122293e-02 3.726128195185e-02 3.300894614661e-02 2.908503239735e-02 2.548743363273e-02 2.220995841327e-02 1.924295205007e-02 1.657391609374e-02 1.418810568088e-02 1.206908988046e-02 1.019926264551e-02 8.560297271375e-03 7.133540461451e-03 5.900346152062e-03 4.842352736122e-03 3.941708723845e-03 3.181254072661e-03 2.544664083268e-03 2.016562333099e-03 1.582607908843e-03 1.229560329817e-03 9.453240881115e-04 7.189734451737e-04 5.407572612154e-04 4.020836071778e-04 2.954843012639e-04 2.145604433464e-04
8.396849950131e-04 1.051578739126e-03 1.306724178306e-03 1.611527178173e-03 1.972926217172e-03 2.398406944670e-03 2.896025028918e-03 3.474437549471e-03 4.142941155625e-03 4.911512802979e-03 5.790846653807e-03 6.792378930213e-03 7.928290994229e-03 9.211481227047e-03 1.065549583878e-02 1.227441139886e-02 1.408266363959e-02 1.609482001652e-02 1.832529642282e-02 2.078802311057e-02 2.349606498408e-02 2.646120695288e-02 2.969351436380e-02 3.320088085604e-02 3.698857540154e-02 4.105880092237e-02 4.541027352417e-02 5.003783530404e-02 5.493210645646e-02 6.007918566010e-02 6.546040952182e-02 7.105217607868e-02 7.682584537513e-02 8.274772627900e-02 8.877916113755e-02 9.487672395632e-02 1.009925352747e-01 1.070747114199e-01 1.130679463340e-01 1.189142271856e-01 1.245536785612e-01 1.299255201292e-01 1.349691184407e-01 1.396251044915e-01 1.438365278105e-01 1.475500110105e-01 1.507168629451e-01 1.532941216623e-01 1.552454847979e-01 1.565421058304e-01 1.571632286192e-01 1.570966456351e-01 1.563389821344e-01 1.548957926963e-01 1.527814894400e-01 1.500191042451e-01 1.466398961901e-01 1.426828169779e-01 1.381938371040e-01 1.332251432594e-01 1.278342122771e-01 1.220827696406e-01 1.160356475524e-01 1.097595637578e-01 1.033218518702e-01 9.678917725039e-02 9.022628822770e-02 8.369483956476e-02 7.725233990426e-02 7.095125427069e-02 6.483829369594e-02 5.895390760730e-02 5.333198331653e-02 4.799974831018e-02 4.297785775514e-02 3.828064615458e-02 3.391651539731e-02 2.988843055575e-02 2.619449224700e-02 2.282855922791e-02 1.978089211613e-02 1.703879635199e-02 1.458724272394e-02 1.240944946893e-02 1.048741322596e-02 8.802380075465e-03 7.335254024223e-03 6.066941380354e-03 4.978635919913e-03 4.052049895798e-03 3.269598656650e-03 2.614546739285e-03 2.071122315147e-03 1.624605838740e-03 1.261396680244e-03 9.690598375235e-04 7.363531225370e-04 5.532345528076e-04 4.108492213258e-04 3.014955723932e-04 2.185718054184e-04
8.003800315224e-04 1.005369483225e-03 1.252848038355e-03 1.549206773116e-03 1.901374512596e-03 2.316831874929e-03 2.803634305507e-03 3.370444783643e-03 4.026574663259e-03 4.782028740056e-03 5.647548225975e-03 6.634643023328e-03 7.755603567074e-03 9.023481703653e-03 1.045203079363e-02 1.205559661122e-02 1.384895305811e-02 1.584707963844e-02 1.806488083423e-02 2.051685130490e-02 2.321669321601e-02 2.617689505899e-02 2.940828317228e-02 3.291955764536e-02 3.671682608246e-02 4.080314553334e-02 4.517808580114e-02 4.983732243055e-02 5.477226911752e-02 5.996975770763e-02 6.541177402450e-02 7.107525837363e-02 7.693198150143e-02 8.294850551498e-02 8.908624506559e-02 9.530163865748e-02 1.015464466363e-01 1.077681798586e-01 1.139106718085e-01 1.199147899522e-01 1.257192833219e-01 1.312617536936e-01 1.364797289984e-01 1.413118139292e-01 1.456988836850e-01 1.495852833115e-01 1.529199969862e-01 1.556577420477e-01 1.577599586509e-01 1.591956565095e-01 1.599420994881e-01 1.599853094854e-01 1.593203822967e-01 1.579516172353e-01 1.558924641619e-01 1.531653021720e-01 1.498010577170e-01 1.458386723627e-01 1.413244325322e-01 1.363111603278e-01 1.308572792422e-01 1.250257525785e-01 1.188829181777e-01 1.124972323879e-01 1.059379554874e-01 9.927381943434e-02 9.257171889768e-02 8.589547936803e-02 7.930474324190e-02 7.285401960993e-02 6.659192623217e-02 6.056064284033e-02 5.479558333347e-02 4.932527876892e-02 4.417145687153e-02 3.934929455249e-02 3.486781373382e-02 3.073039101398e-02 2.693534931432e-02 2.347660202705e-02 2.034432106455e-02 1.752560479722e-02 1.500512292161e-02 1.276572218387e-02 1.078897811669e-02 9.055684753695e-03 7.546277790515e-03 6.241190953660e-03 5.121149292451e-03 4.167405987231e-03 3.361930421511e-03 2.687556298235e-03 2.128097514302e-03 1.668438095978e-03 1.294600448633e-03 9.937941086237e-04 7.544454427824e-04 5.662076317753e-04 4.199499997726e-04 3.077261290967e-04 2.227212796275e-04
7.621957726647e-04 9.603713274252e-04 1.200271197627e-03 1.488271662156e-03 1.831292063508e-03 2.236808176360e-03 2.712875230779e-03 3.268161630482e-03 3.911992318328e-03 4.654398096263e-03 5.506164601485e-03 6.478872221972e-03 7.584916807220e-03 8.837500229492e-03 1.025057999338e-02 1.183876937591e-02 1.361718046756e-02 1.560120725642e-02 1.780624831433e-02 2.024737174143e-02 2.293892980030e-02 2.589413161998e-02 2.912458556846e-02 3.263982358171e-02 3.644682063813e-02 4.054952105442e-02 4.494838360127e-02 4.963995546048e-02 5.461648412692e-02 5.986557579031e-02 6.536990770662e-02 7.110700442392e-02 7.704908709132e-02 8.316300923416e-02 8.941028954399e-02 9.574726006098e-02 1.021253388497e-01 1.084914412143e-01 1.147885378236e-01 1.209563604439e-01 1.269322532754e-01 1.326521539360e-01 1.380516913719e-01 1.430673682216e-01 1.476377935161e-01 1.517049350387e-01 1.552153381666e-01 1.581212834045e-01 1.603818307868e-01 1.619637258785e-01 1.628421363638e-01 1.630012028538e-01 1.624343929495e-01 1.611446620675e-01 1.591444243262e-01 1.564553462288e-01 1.531079761683e-01 1.491412177755e-01 1.446016599854e-01 1.395427655302e-01 1.340239228465e-01 1.281093731594e-01 1.218670152578e-01 1.153671153509e-01 1.086809480106e-01 1.018794103867e-01 9.503165372539e-02 8.820378843518e-02 8.145770807893e-02 7.485008147722e-02 6.843154313475e-02 6.224610565590e-02 5.633080006864e-02 5.071554042506e-02 4.542319334160e-02 4.046983080252e-02 3.586513438939e-02 3.161291932233e-02 2.771174623473e-02 2.415558812826e-02 2.093452428165e-02 1.803543407003e-02 1.544266865398e-02 1.313868086222e-02 1.110460005777e-02 9.320741418712e-03 7.767045222844e-03 6.423445722823e-03 5.270173648069e-03 4.287998795738e-03 3.458421854569e-03 2.763824466654e-03 2.187586358042e-03 1.714176387046e-03 1.329222263402e-03 1.019561306196e-03 7.732726486835e-04 5.796899450624e-04 4.293932710782e-04 3.141792649234e-04 2.270096737435e-04
7.251304798701e-04 9.165845018786e-04 1.148995858318e-03 1.428726036098e-03 1.762685141916e-03 2.158344435320e-03 2.623759037511e-03 3.167602488018e-03 3.799212405922e-03 4.528643912166e-03 5.366724542474e-03 6.325102026867e-03 7.416274050654e-03 8.653588855889e-03 1.005120516079e-02 1.162400163282e-02 1.338742844978e-02 1.535729654415e-02 1.754950379993e-02 1.997970089859e-02 2.266290324837e-02 2.561305785510e-02 2.884257678361e-02 3.236184995702e-02 3.617874976278e-02 4.029814132268e-02 4.472140945782e-02 4.944601253395e-02 5.446507405482e-02 5.976701740365e-02 6.533525536639e-02 7.114794026749e-02 7.717778601317e-02 8.339197692378e-02 8.975217190889e-02 9.621462475460e-02 1.027304325841e-01 1.092459260165e-01 1.157032125670e-01 1.220408732448e-01 1.281948164444e-01 1.340992702370e-01 1.396879020564e-01 1.448950324144e-01 1.496569122674e-01 1.539130230282e-01 1.576073562325e-01 1.606896296835e-01 1.631163956312e-01 1.648520077399e-01 1.658694136093e-01 1.661507561683e-01 1.656877684458e-01 1.644819696384e-01 1.625446571371e-01 1.598967222695e-01 1.565682872414e-01 1.525981866007e-01 1.480332971324e-01 1.429277240574e-01 1.373418439322e-01 1.313412134901e-01 1.249953494292e-01 1.183764030880e-01 1.115577546516e-01 1.046125701229e-01 9.761237321852e-02 9.062568024439e-02 8.371676096793e-02 7.694456587295e-02 7.036186394947e-02 6.401460834249e-02 5.794154531406e-02 5.217405582662e-02 4.673621624555e-02 4.164504984594e-02 3.691094015998e-02 3.253817015005e-02 2.852555465289e-02 2.486713202804e-02 2.155288454877e-02 1.856946048625e-02 1.590087330522e-02 1.352915845498e-02 1.143497231157e-02 9.598122508680e-03 7.998024798520e-03 6.614085445653e-03 5.426013352071e-03 4.414069159700e-03 3.559260673561e-03 2.843494987537e-03 2.249696642467e-03 1.761899563067e-03 1.365318112071e-03 1.046399764304e-03 7.928598138535e-04 5.936969231017e-04 4.391877285665e-04 3.208591943611e-04 2.314384085650e-04
6.891815921690e-04 8.740085057603e-04 1.099023621825e-03 1.370573635172e-03 1.695559750188e-03 2.081449108107e-03 2.536297044787e-03 3.068782135136e-03 3.688253946207e-03 4.404790383688e-03 5.229258584285e-03 6.173370467012e-03 7.249722024148e-03 8.471804209522e-03 9.853973711321e-03 1.141137258560e-02 1.315978878118e-02 1.511545229335e-02 1.729476570445e-02 1.971397138136e-02 2.238876085491e-02 2.533383690230e-02 2.856243755054e-02 3.208583718791e-02 3.591283701083e-02 4.004925757762e-02 4.449744806685e-02 4.925581975401e-02 5.431841500283e-02 5.967451998939e-02 6.530832860584e-02 7.119866621362e-02 7.731878499497e-02 8.363624098683e-02 9.011287084316e-02 9.670488193497e-02 1.033630732031e-01 1.100332037633e-01 1.166565171612e-01 1.231704305816e-01 1.295093859532e-01 1.356058551714e-01 1.413914793811e-01 1.467983155218e-01 1.517601586063e-01 1.562138926085e-01 1.601008315785e-01 1.633679999599e-01 1.659693068373e-01 1.678665784389e-01 1.690304114668e-01 1.694408265330e-01 1.690877104355e-01 1.679710449166e-01 1.661009288386e-01 1.634974081861e-01 1.601901283296e-01 1.562178200957e-01 1.516276329949e-01 1.464743158905e-01 1.408192542644e-01 1.347293598339e-01 1.282758271572e-01 1.215327703290e-01 1.145757690406e-01 1.074803694413e-01 1.003205875637e-01 9.316747596351e-02 8.608781101442e-02 7.914295607940e-02 7.238793815146e-02 6.587076734663e-02 5.963200837988e-02 5.370459928088e-02 4.811390114389e-02 4.287794897411e-02 3.800787332669e-02 3.350845622747e-02 2.937878478314e-02 2.561296853082e-02 2.220088868897e-02 1.912894928829e-02 1.638080622226e-02 1.393805233405e-02 1.178084233322e-02 9.888445766201e-03 8.239722733343e-03 6.813520951692e-03 5.588998261211e-03 4.545878553620e-03 3.664651134442e-03 2.926724701258e-03 2.314546358081e-03 1.811694284421e-03 1.402949856769e-03 1.074352141595e-03 8.132351329427e-04 6.082461955255e-04 4.493435872182e-04 3.277711583338e-04 2.360095906828e-04
6.543458386011e-04 8.326422296725e-04 1.050355587049e-03 1.313817855726e-03 1.629921686032e-03 2.006130677476e-03 2.450500818313e-03 2.971715839412e-03 3.579136762351e-03 4.282862969687e-03 5.093799001224e-03 6.023718019999e-03 7.085310739778e-03 8.292207216359e-03 9.658958823455e-03 1.120096870611e-02 1.293436217487e-02 1.487579031793e-02 1.704216572015e-02 1.945033130043e-02 2.211666844617e-02 2.505665342387e-02 2.828437310030e-02 3.181201404982e-02 3.564933789528e-02 3.980315738385e-02 4.427682559191e-02 4.906974909462e-02 5.417693504982e-02 5.958857880799e-02 6.528970346828e-02 7.125985570020e-02 7.747287124472e-02 8.389672346101e-02 9.049346540683e-02 9.721929197208e-02 1.040247292453e-01 1.108549791582e-01 1.176504229052e-01 1.243473004810e-01 1.308785579883e-01 1.371748625703e-01 1.431657628264e-01 1.487809687603e-01 1.539517166292e-01 1.586121772379e-01 1.627008578476e-01 1.661619508508e-01 1.689465798878e-01 1.710139006499e-01 1.723320192416e-01 1.728787034470e-01 1.726418727584e-01 1.716198667627e-01 1.698214943306e-01 1.672658844773e-01 1.639821502585e-01 1.600088821901e-01 1.553934836900e-01 1.501913493930e-01 1.444648924558e-01 1.382824216091e-01 1.317168692840e-01 1.248443925738e-01 1.177428715963e-01 1.104903469387e-01 1.031634554891e-01 9.583592106417e-02 8.857716753192e-02 8.145110859856e-02 7.451516221529e-02 6.781951842219e-02 6.140667022914e-02 5.531120957450e-02 4.955986203599e-02 4.417173857567e-02 3.915876566396e-02 3.452625751495e-02 3.027359305889e-02 2.639495984880e-02 2.288013357662e-02 1.971526037116e-02 1.688361748494e-02 1.436632831345e-02 1.214301529052e-02 1.019237726414e-02 8.492685454927e-03 7.022196362810e-03 5.759485477862e-03 4.683710621545e-03 3.774815304667e-03 3.013684544659e-03 2.382264523395e-03 1.863655693015e-03 1.442185746414e-03 1.103465821955e-03 8.344302073418e-04 6.233578074750e-04 4.598727279644e-04 3.349215348947e-04 2.407260845972e-04
6.206192597277e-04 7.924839664754e-04 1.002992390893e-03 1.258461739328e-03 1.565776557509e-03 1.932397552205e-03 2.366382039075e-03 2.876419233813e-03 3.471881334997e-03 4.162888139449e-03 4.960379594776e-03 5.876187267802e-03 6.923093152475e-03 8.114862707936e-03 9.466238584854e-03 1.099288279463e-02 1.271125732431e-02 1.463843632708e-02 1.679184743741e-02 1.918894338130e-02 2.184680875473e-02 2.478171186234e-02 2.800861180436e-02 3.154063550124e-02 3.538853835570e-02 3.956016238855e-02 4.405990620331e-02 4.888821622964e-02 5.404111092995e-02 5.950974416463e-02 6.528001795021e-02 7.133224980729e-02 7.764090922126e-02 8.417443137792e-02 9.089512989974e-02 9.775922116349e-02 1.047169871111e-01 1.117130880929e-01 1.186870471429e-01 1.255739130543e-01 1.323051070874e-01 1.388094433754e-01 1.450143098437e-01 1.508469815024e-01 1.562360315889e-01 1.611127952493e-01 1.654128371428e-01 1.690773736151e-01 1.720545912319e-01 1.743008243787e-01 1.757815398058e-01 1.764721128161e-01 1.763583690206e-01 1.754368917187e-01 1.737151050759e-01 1.712111429046e-01 1.679535272413e-01 1.639806690298e-01 1.593402048530e-01 1.540881734462e-01 1.482880379289e-01 1.420095436040e-01 1.353274238589e-01 1.283199637706e-01 1.210674458938e-01 1.136505268966e-01 1.061485992158e-01 9.863820251451e-02 9.119155543050e-02 8.387526917388e-02 7.674929406146e-02 6.986612983439e-02 6.327031700949e-02 5.699820234865e-02 5.107796252942e-02 4.552985299877e-02 4.036664788653e-02 3.559422985298e-02 3.121229023088e-02 2.721510250819e-02 2.359233229979e-02 2.032985361648e-02 1.741054254098e-02 1.481502470944e-02 1.252235758261e-02 1.051063449468e-02 8.757502297813e-03 7.240591274401e-03 5.937861282768e-03 4.827872749757e-03 3.889994371294e-03 3.104560674905e-03 2.452992065787e-03 1.917888082586e-03 1.483100954208e-03 1.133793308362e-03 8.564803480260e-04 6.390544243865e-04 4.707888506100e-04 3.423179335549e-04 2.455915800089e-04
5.879971918645e-04 7.535313827823e-04 9.569341226554e-04 1.204507898897e-03 1.503129641505e-03 1.860257973683e-03 2.283952358063e-03 2.782908062164e-03 3.366508455180e-03 4.044892943535e-03 4.829035118341e-03 5.730822262234e-03 6.763124289812e-03 7.939838401658e-03 9.275895162219e-03 1.078721292583e-02 1.249058967353e-02 1.440352431001e-02 1.654396476005e-02 1.892998250675e-02 2.157937922547e-02 2.450923396069e-02 2.773540189051e-02 3.127197962715e-02 3.513075049112e-02 3.932062459443e-02 4.384708870957e-02 4.871167536476e-02 5.391146327577e-02 5.943861584198e-02 6.527996542272e-02 7.141665351661e-02 7.782383316275e-02 8.447045165482e-02 9.131912609276e-02 9.832613467166e-02 1.054415430258e-01 1.126094892437e-01 1.197686422379e-01 1.268528493315e-01 1.337919764377e-01 1.405129355339e-01 1.469408837898e-01 1.530005725896e-01 1.586178011497e-01 1.637209414562e-01 1.682424754671e-01 1.721204890676e-01 1.753000740345e-01 1.777345808126e-01 1.793866829367e-01 1.802292136187e-01 1.802457679583e-01 1.794310546209e-01 1.777910097487e-01 1.753426895864e-01 1.721139620675e-01 1.681430152948e-01 1.634776963164e-01 1.581746878355e-01 1.522985204560e-01 1.459204186119e-01 1.391169813589e-01 1.319687076317e-01 1.245583911264e-01 1.169694323112e-01 1.092841205225e-01 1.015819629388e-01 9.393813016608e-02 8.642208739552e-02 7.909646630627e-02 7.201621709837e-02 6.522805173487e-02 5.877018235976e-02 5.267232737231e-02 4.695596051944e-02 4.163475930467e-02 3.671521318112e-02 3.219734903213e-02 2.807553420384e-02 2.433932025273e-02 2.097429408824e-02 1.796290701864e-02 1.528525645157e-02 1.291980040814e-02 1.084398943318e-02 9.034808038822e-03 7.469223056162e-03 6.124543022322e-03 4.978697655058e-03 4.010449957118e-03 3.199555505598e-03 2.526882673389e-03 1.974505610667e-03 1.525778104973e-03 1.165392623980e-03 8.794248718084e-04 6.553615568560e-04 4.821076249940e-04 3.499693004821e-04 2.506106598208e-04
5.564742059497e-04 7.157814212688e-04 9.121802149936e-04 1.151958362654e-03 1.441985718742e-03 1.789719727007e-03 2.203223031979e-03 2.691197771196e-03 3.263038778233e-03 3.928904471587e-03 4.699800602664e-03 5.587667705869e-03 6.605460382611e-03 7.767203904771e-03 9.088013345413e-03 1.058406085689e-02 1.227247947022e-02 1.417119469602e-02 1.629867958334e-02 1.867363363949e-02 2.131458937821e-02 2.423945558869e-02 2.746500843327e-02 3.100634400015e-02 3.487630874879e-02 3.908492128360e-02 4.363880084949e-02 4.854061389219e-02 5.378855042344e-02 5.937583575025e-02 6.529028772842e-02 7.151392521169e-02 7.802263941314e-02 8.478594002146e-02 9.176679559967e-02 9.892158595189e-02 1.062001933368e-01 1.135462534797e-01 1.208975875342e-01 1.281868315402e-01 1.353422664052e-01 1.422888520460e-01 1.489494448594e-01 1.552461774075e-01 1.611019622685e-01 1.664420769865e-01 1.711957690728e-01 1.752978354097e-01 1.786901051737e-01 1.813227759006e-01 1.831555592903e-01 1.841585914674e-01 1.843130920272e-01 1.836117659735e-01 1.820589535313e-01 1.796705447014e-01 1.764736865504e-01 1.725062977059e-01 1.678164107790e-01 1.624613481829e-01 1.565067278277e-01 1.500252954555e-01 1.430955818554e-01 1.358003895279e-01 1.282251365433e-01 1.204560986365e-01 1.125786126550e-01 1.046753140129e-01 9.682449132265e-02 8.909862904601e-02 8.156320047992e-02 7.427575390738e-02 6.728530751598e-02 6.063205418607e-02 5.434735283048e-02 4.845397349344e-02 4.296655675926e-02 3.789224033780e-02 3.323141141027e-02 2.897854059805e-02 2.512306128151e-02 2.165025768572e-02 1.854213120917e-02 1.577821924736e-02 1.333634328774e-02 1.119327150483e-02 9.325285563980e-03 7.708649001089e-03 6.319981017652e-03 5.136545003811e-03 4.136465448015e-03 3.298888834254e-03 2.604103697705e-03 2.033632974063e-03 1.570307824096e-03 1.198327735720e-03 9.033074008431e-04 6.723077575981e-04 4.938468317838e-04 3.578860164196e-04 2.557888626065e-04
5.260440242359e-04 6.792302010041e-04 8.687293107595e-04 1.100814391305e-03 1.382348808515e-03 1.720789870322e-03 2.124204619713e-03 2.601303134670e-03 3.161492240708e-03 3.814949193012e-03 4.572710611587e-03 5.446768043298e-03 6.450157659451e-03 7.597029291602e-03 8.902679037359e-03 1.038353024931e-02 1.205705007698e-02 1.394159200476e-02 1.605615930679e-02 1.842008854773e-02 2.105265721311e-02 2.397262338973e-02 2.719770900433e-02 3.074404096012e-02 3.462556518816e-02 3.885345011021e-02 4.343549351153e-02 4.837554592451e-02 5.367296100747e-02 5.932208168246e-02 6.531176682345e-02 7.162496997982e-02 7.823837626305e-02 8.512211217396e-02 9.223954684190e-02 9.954720542550e-02 1.069948209140e-01 1.145255497818e-01 1.220763741704e-01 1.295787080342e-01 1.369592204812e-01 1.441408678869e-01 1.510441329783e-01 1.575884339738e-01 1.636936793855e-01 1.692819114211e-01 1.742789914705e-01 1.786162567405e-01 1.822320960477e-01 1.850733763751e-01 1.870966709782e-01 1.882692506464e-01 1.885698062489e-01 1.879889043559e-01 1.865291719148e-01 1.842052395582e-01 1.810434596698e-01 1.770814328290e-01 1.723673496981e-01 1.669591677335e-01 1.609236095732e-01 1.543349852816e-01 1.472738241161e-01 1.398253252242e-01 1.320776482765e-01 1.241200838801e-01 1.160411723830e-01 1.079268483729e-01 9.985869389165e-02 9.191238874962e-02 8.415641754408e-02 7.665108488298e-02 6.944785760958e-02 6.258903405760e-02 5.610771699764e-02 5.002805768300e-02 4.436572326038e-02 3.912854475223e-02 3.431729608563e-02 2.992656188258e-02 2.594565341899e-02 2.235953588680e-02 1.914973482989e-02 1.629519338584e-02 1.377305749292e-02 1.155937067337e-02 9.629668464636e-03 7.959468646997e-03 6.524660415002e-03 5.301802948162e-03 4.268347331557e-03 3.402798934551e-03 2.684837037692e-03 2.095406135245e-03 1.616789273245e-03 1.232668941393e-03 9.281761562373e-04 6.899248462762e-04 5.060265080719e-04 3.660799877803e-04 2.611327384114e-04
4.966994282051e-04 6.438728853665e-04 8.265790868706e-04 1.051076278654e-03 1.324221958501e-03 1.653474435336e-03 2.046906571708e-03 2.513237702529e-03 3.061887552683e-03 3.703052244333e-03 4.447798345826e-03 5.308166413154e-03 6.297271254224e-03 7.429383797847e-03 8.719977744489e-03 1.018572491889e-02 1.184442554061e-02 1.371486247701e-02 1.581657409965e-02 1.816954316304e-02 2.079380623584e-02 2.370899054758e-02 2.693378975429e-02 3.048539298109e-02 3.437888365279e-02 3.862662271276e-02 4.323763448789e-02 4.821700501994e-02 5.356530686926e-02 5.927805715531e-02 6.534521519754e-02 7.175072837585e-02 7.847213403105e-02 8.548023180067e-02 9.273884407042e-02 1.002046872689e-01 1.078273825996e-01 1.155496320252e-01 1.233075884700e-01 1.310314376529e-01 1.386462070370e-01 1.460728003984e-01 1.532292507173e-01 1.600321638974e-01 1.663983216986e-01 1.722463887199e-01 1.774986747441e-01 1.820828819452e-01 1.859337733261e-01 1.889946934773e-01 1.912188927544e-01 1.925705977246e-01 1.930258078924e-01 1.925728055305e-01 1.912123818617e-01 1.889578064174e-01 1.858345616817e-01 1.818798750453e-01 1.771420658433e-01 1.716797187997e-01 1.655606795778e-01 1.588608640363e-01 1.516628689909e-01 1.440543862485e-01 1.361264381643e-01 1.279714759893e-01 1.196814093153e-01 1.113456495339e-01 1.030492593875e-01 9.487130092870e-02 8.688345002217e-02 7.914893627968e-02 7.172182712821e-02 6.464665848152e-02 5.795838941266e-02 5.168264122081e-02 4.583617671948e-02 4.042756821176e-02 3.545800553347e-02 3.092219913914e-02 2.680933457685e-02 2.310404126160e-02 1.978734124875e-02 1.683754777684e-02 1.423108951672e-02 1.194324030635e-02 9.948743582295e-03 8.222325863473e-03 6.739103084380e-03 5.474889809931e-03 4.406426551158e-03 3.511543641112e-03 2.769280018222e-03 2.159973002878e-03 1.665330695899e-03 1.268493289485e-03 9.540842540755e-04 7.082481063309e-04 5.186690845174e-04 3.745647368287e-04 2.666499077674e-04
4.684321686238e-04 6.097035642015e-04 7.857261039319e-04 1.002743145968e-03 1.267606952356e-03 1.587778091173e-03 1.971336833873e-03 2.427013389818e-03 2.964241554077e-03 3.593236735275e-03 4.325094843809e-03 5.171903663645e-03 6.146853970673e-03 7.264334414502e-03 8.539992870523e-03 9.990746944695e-03 1.163472866179e-02 1.349115166964e-02 1.558009405920e-02 1.792219403246e-02 2.053826162801e-02 2.344881326010e-02 2.667354058293e-02 3.023072797991e-02 3.413663462778e-02 3.840485915137e-02 4.304570140690e-02 4.806553688485e-02 5.346621404951e-02 5.924448384883e-02 6.539146698074e-02 7.189216607927e-02 7.872503249780e-02 8.586159807092e-02 9.326619342306e-02 1.008957753085e-01 1.086998927892e-01 1.166208216083e-01 1.245938975591e-01 1.325480720066e-01 1.404067031573e-01 1.480885909683e-01 1.555092433535e-01 1.625823525746e-01 1.692214466191e-01 1.753416622137e-01 1.808615891564e-01 1.857051080496e-01 1.898031593281e-01 1.930953663284e-01 1.955314572345e-01 1.970724268861e-01 1.976914098061e-01 1.973742486995e-01 1.961197685104e-01 1.939397700949e-01 1.908587841419e-01 1.869136069791e-01 1.821526533587e-01 1.766351262311e-01 1.704300107093e-01 1.636148706090e-01 1.562744401495e-01 1.484990023426e-01 1.403825677800e-01 1.320209002651e-01 1.235094517678e-01 1.149412993922e-01 1.064051843296e-01 9.798374817991e-02 8.975205045972e-02 8.177642472649e-02 7.411370094793e-02 6.681079447916e-02 5.990463912666e-02 5.342242291792e-02 4.738207753178e-02 4.179296823154e-02 3.665673274189e-02 3.196822046624e-02 2.771648799384e-02 2.388581201718e-02 2.045668210408e-02 1.740674376799e-02 1.471166427195e-02 1.234590009571e-02 1.028335339069e-02 8.497911017906e-03 6.963869438120e-03 5.656255537326e-03 4.551059760861e-03 3.625401417117e-03 2.857646270521e-03 2.227494148046e-03 1.716049946896e-03 1.305884966433e-03 9.810899883244e-04 7.273164769022e-04 5.317995114317e-04 3.833554772164e-04 2.723491029046e-04
4.412328767514e-04 5.767151349510e-04 7.461656663538e-04 9.558127671767e-04 1.212504115783e-03 1.523703873999e-03 1.897501527873e-03 2.342640012397e-03 2.868568717020e-03 3.485523109136e-03 4.204628162169e-03 5.038017471534e-03 5.998955229945e-03 7.101944590447e-03 8.362804271545e-03 9.798694848471e-03 1.142807891039e-02 1.327060203451e-02 1.534688675481e-02 1.767823573138e-02 2.028624700780e-02 2.319234662297e-02 2.641725126320e-02 2.998037394052e-02 3.389919008207e-02 3.818858144122e-02 4.286017526683e-02 4.792169191698e-02 5.337631501640e-02 5.922209151434e-02 6.545136679335e-02 7.205026332730e-02 7.899821023290e-02 8.626753312042e-02 9.382312929521e-02 1.016222480400e-01 1.096144086818e-01 1.177414915678e-01 1.259380298098e-01 1.341317353791e-01 1.422442718199e-01 1.501922836542e-01 1.578886767474e-01 1.652441258685e-01 1.721687733003e-01 1.785740741110e-01 1.843747192090e-01 1.894905735361e-01 1.938485484997e-01 1.973843350650e-01 2.000439307612e-01 2.017848974159e-01 2.025773189924e-01 2.024044370382e-01 2.012629673855e-01 1.991631304189e-01 1.961284154302e-01 1.921951272234e-01 1.874117385850e-01 1.818380605055e-01 1.755442309436e-01 1.686095048992e-01 1.611208240341e-01 1.531711624387e-01 1.448576506232e-01 1.362795220000e-01 1.275359528435e-01 1.187238854542e-01 1.099359469424e-01 1.012585692860e-01 9.277039940733e-02 8.454106571606e-02 7.663033306891e-02 6.908764716205e-02 6.195204365212e-02 5.525237991082e-02 4.900783556296e-02 4.322862466551e-02 3.791686718634e-02 3.306756631618e-02 2.866964742917e-02 2.470701657630e-02 2.115960094745e-02 1.800433846452e-02 1.521608832093e-02 1.276843877749e-02 1.063439848663e-02 8.786963045330e-03 7.199560177707e-03 5.846383195349e-03 4.702630552482e-03 3.744672403782e-03 2.950166540185e-03 2.298143414143e-03 1.769074986910e-03 1.344935671232e-03 1.009257090904e-03 7.471727348173e-04 5.454453702343e-04 3.924691844002e-04 2.782402069976e-04
4.150909947918e-04 5.448992126137e-04 7.078916791776e-04 9.102814014673e-04 1.158912092486e-03 1.461252943339e-03 1.825404613043e-03 2.260124922385e-03 2.774880696013e-03 3.379928602552e-03 4.086422744839e-03 4.906541420554e-03 5.853619979356e-03 6.942273062452e-03 8.188486834818e-03 9.609662046076e-03 1.122459049803e-02 1.305335081544e-02 1.511711447423e-02 1.743785779454e-02 2.003798117470e-02 2.293984120309e-02 2.616520711775e-02 2.973465495134e-02 3.366691773512e-02 3.797820825017e-02 4.268153372780e-02 4.778601785143e-02 5.329624105694e-02 5.921160996092e-02 6.552576108859e-02 7.222600417593e-02 7.929281169418e-02 8.669936890568e-02 9.441120103577e-02 1.023859039360e-01 1.105730139187e-01 1.189140484697e-01 1.273427558298e-01 1.357856063192e-01 1.441625430251e-01 1.523880043659e-01 1.603722156768e-01 1.680227265399e-01 1.752461605009e-01 1.819501277469e-01 1.880452370811e-01 1.934471332594e-01 1.980784821830e-01 2.018708195880e-01 2.047661891540e-01 2.067185089383e-01 2.076946168390e-01 2.076749757607e-01 2.066540463725e-01 2.046403445683e-01 2.016562251661e-01 1.977374359526e-01 1.929324672851e-01 1.873017249075e-01 1.809165132380e-01 1.738578179172e-01 1.662148608594e-01 1.580834097783e-01 1.495638484847e-01 1.407590457451e-01 1.317720910760e-01 1.227040014746e-01 1.136515106807e-01 1.047050637204e-01 9.594711107184e-02 8.745077931520e-02 7.927895191459e-02 7.148376587905e-02 6.410649423790e-02 5.717777396908e-02 5.071811650499e-02 4.473864541103e-02 3.924200019035e-02 3.422335473623e-02 2.967150143056e-02 2.556995777415e-02 2.189805712684e-02 1.863198813786e-02 1.574575249223e-02 1.321201649880e-02 1.100283959040e-02 9.090271207701e-03 7.446817804712e-03 6.045790369746e-03 4.861550694598e-03 3.869679350617e-03 3.047089497751e-03 2.372108583123e-03 1.824544358204e-03 1.385744953559e-03 1.038654970234e-03 7.678636471118e-04 5.596369709226e-04 4.019246445932e-04 2.843342756756e-04
3.899947314450e-04 5.142460507685e-04 6.708965729164e-04 8.661436703257e-04 1.106827704189e-03 1.400424377656e-03 1.755047676092e-03 2.179472691153e-03 2.683185901822e-03 3.276466683096e-03 3.970498774479e-03 4.777504338361e-03 5.710887924958e-03 6.785372723792e-03 8.017109154060e-03 9.423735346657e-03 1.102437082537e-02 1.283952815895e-02 1.489093225449e-02 1.720124212105e-02 1.979367514905e-02 2.269153957593e-02 2.591768516308e-02 2.949388664438e-02 3.344017684583e-02 3.777414882367e-02 4.251024552551e-02 4.765905342142e-02 5.322661352338e-02 5.921375983829e-02 6.561548850579e-02 7.242036551033e-02 7.960997704734e-02 8.715843544467e-02 9.503195787362e-02 1.031885459184e-01 1.115778012485e-01 1.201409148983e-01 1.288108706660e-01 1.375128965127e-01 1.461651906668e-01 1.546799357096e-01 1.629645966601e-01 1.709234888466e-01 1.784595779169e-01 1.854764624144e-01 1.918804757058e-01 1.975828305791e-01 2.025017186952e-01 2.065642858149e-01 2.097083886373e-01 2.118840753033e-01 2.130547278424e-01 2.131978471688e-01 2.123054773142e-01 2.103843015850e-01 2.074554408060e-01 2.035540133336e-01 1.987284853118e-01 1.930398399541e-01 1.865605589112e-01 1.793734009407e-01 1.715699374299e-01 1.632488345705e-01 1.545138682313e-01 1.454717123317e-01 1.362295689201e-01 1.268927490772e-01 1.175623260780e-01 1.083329939268e-01 9.929123634729e-02 9.051389414563e-02 8.206716552726e-02 7.400604929462e-02 6.637420166380e-02 5.920415594302e-02 5.251784644723e-02 4.632737087291e-02 4.063592939707e-02 3.543888546396e-02 3.072489739565e-02 2.647707608502e-02 2.267412877222e-02 1.929145079132e-02 1.630213443762e-02 1.367786692771e-02 1.138969943200e-02 9.408676723570e-03 7.706328140140e-03 6.255030294529e-03 5.028261019832e-03 4.000768439670e-03 3.148682385821e-03 2.449591852509e-03 1.882607584660e-03 1.428420494428e-03 1.069358901520e-03 7.894400914418e-04 5.744074197211e-04 4.117424897656e-04 2.906435477208e-04
3.659310263498e-04 4.847445048790e-04 6.351712261030e-04 8.233924841158e-04 1.056245843108e-03 1.341215056350e-03 1.686429721764e-03 2.100684893992e-03 2.593489249618e-03 3.175146794182e-03 3.856871749723e-03 4.650929730103e-03 5.570792792252e-03 6.631289947451e-03 7.848732726701e-03 9.240993820520e-03 1.082751892191e-02 1.262925537909e-02 1.466848589824e-02 1.696856103420e-02 1.955352994461e-02 2.244767368944e-02 2.567495137845e-02 2.925837241891e-02 3.321931357463e-02 3.757679906735e-02 4.234676439538e-02 4.754132144513e-02 5.316803854187e-02 5.922924578727e-02 6.572137073395e-02 7.263430821947e-02 7.995083077070e-02 8.764604817969e-02 9.568693761189e-02 1.040319673180e-01 1.126308577029e-01 1.214245127721e-01 1.303451742369e-01 1.393168300765e-01 1.482559122523e-01 1.570722951843e-01 1.656706054876e-01 1.739518120587e-01 1.818150797622e-01 1.891598223014e-01 1.958878987444e-01 2.019058657420e-01 2.071272036171e-01 2.114744191662e-01 2.148809354924e-01 2.172926919368e-01 2.186693932415e-01 2.189853787028e-01 2.182301099789e-01 2.164082967478e-01 2.135397209507e-01 2.096587954647e-01 2.048139144865e-01 1.990666203829e-01 1.924905819125e-01 1.851703674911e-01 1.771999706703e-01 1.686810618601e-01 1.597209500315e-01 1.504302910355e-01 1.409206068134e-01 1.313017331528e-01 1.216793283477e-01 1.121525844328e-01 1.028122633665e-01 9.373914895890e-02 8.500296266696e-02 7.666174813577e-02 6.876169859971e-02 6.133736957469e-02 5.441221546334e-02 4.799937793670e-02 4.210266236089e-02 3.671764294008e-02 3.183284420547e-02 2.743095252699e-02 2.349001515699e-02 1.998458846545e-02 1.688680043289e-02 1.416729893355e-02 1.179606419372e-02 9.743074085150e-03 7.978821279401e-03 6.474692880220e-03 5.203232316902e-03 4.138310026925e-03 3.255231576070e-03 2.530810319335e-03 1.943425470375e-03 1.473078347214e-03 1.101450179545e-03 8.119571396273e-04 5.897926472669e-04 4.219451946728e-04 2.971814295843e-04
3.428855495940e-04 4.563820069606e-04 6.007049440042e-04 7.820189945237e-04 1.007159410906e-03 1.283619566856e-03 1.619547122115e-03 2.023760002585e-03 2.505791991297e-03 3.075974074090e-03 3.745552196577e-03 4.526835434293e-03 5.433361887663e-03 6.480063923431e-03 7.683411123993e-03 9.061507925831e-03 1.063412457206e-02 1.242264388650e-02 1.444991052318e-02 1.673997551388e-02 1.931773436302e-02 2.220846256933e-02 2.543725764151e-02 2.902840092096e-02 3.300465809345e-02 3.738653700317e-02 4.219152512551e-02 4.743332442966e-02 5.312109949876e-02 5.925874884476e-02 6.584420531675e-02 7.286876819928e-02 8.031647170273e-02 8.816349731673e-02 9.637765276620e-02 1.049179387930e-01 1.137342496787e-01 1.227672460173e-01 1.319484537077e-01 1.412006252458e-01 1.504384050985e-01 1.595693121928e-01 1.684950513658e-01 1.771131337042e-01 1.853187754394e-01 1.930070283486e-01 2.000750681982e-01 2.064245645067e-01 2.119640347636e-01 2.166110874172e-01 2.202944510452e-01 2.229557018820e-01 2.245506333297e-01 2.250502135517e-01 2.244411379719e-01 2.227260000289e-01 2.199231267090e-01 2.160661452733e-01 2.112033275952e-01 2.053967521772e-01 1.987212820081e-01 1.912633323533e-01 1.831193896959e-01 1.743942338484e-01 1.651988536940e-01 1.556480676725e-01 1.458579337396e-01 1.359430540510e-01 1.260139306620e-01 1.161745177902e-01 1.065201139817e-01 9.713569015675e-02 8.809471245941e-02 7.945846440051e-02 7.127584008551e-02 6.358355217068e-02 5.640667870073e-02 4.975948090741e-02 4.364641769565e-02 3.806329802010e-02 3.299851421129e-02 2.843430995744e-02 2.434803821377e-02 2.071336838972e-02 1.750140666610e-02 1.468169773419e-02 1.222308450748e-02 1.009441181363e-02 8.265072495214e-03 6.705405272152e-03 5.386965893818e-03 4.282699054342e-03 3.367042977689e-03 2.615996229240e-03 2.007170356749e-03 1.519843048616e-03 1.135016168783e-03 8.354740745771e-04 6.058314042247e-04 4.325570552244e-04 3.039624603769e-04
3.208427187186e-04 4.291445857805e-04 5.674854723036e-04 7.420126110590e-04 9.595593464540e-04 1.227630239664e-03 1.554393574401e-03 1.948693342705e-03 2.420091684603e-03 2.978949296148e-03 3.636545588285e-03 4.405233420177e-03 5.298615869821e-03 6.331726379573e-03 7.521189655532e-03 8.885338993950e-03 1.044426762400e-02 1.221979437426e-02 1.423532977948e-02 1.651563408715e-02 1.908646390084e-02 2.197411080006e-02 2.520484023496e-02 2.880424345005e-02 3.279652146263e-02 3.720372009078e-02 4.204493993294e-02 4.733554022038e-02 5.308635324152e-02 5.930292105521e-02 6.598475903747e-02 7.312464919159e-02 8.070796531918e-02 8.871203853461e-02 9.710558145759e-02 1.058481957190e-01 1.148900090299e-01 1.241714863568e-01 1.336234665112e-01 1.431674746446e-01 1.527163487906e-01 1.621752039096e-01 1.714427430146e-01 1.804129034460e-01 1.889768033230e-01 1.970249480718e-01 2.044496143951e-01 2.111473436476e-01 2.170214292766e-01 2.219843076898e-01 2.259597357445e-01 2.288846613318e-01 2.307107149755e-01 2.314052691423e-01 2.309520643894e-01 2.293514185756e-01 2.266200852707e-01 2.227908185996e-01 2.179117127543e-01 2.120453589704e-01 2.052678168591e-01 1.976673843182e-01 1.893431089096e-01 1.804029890525e-01 1.709618382003e-01 1.611388269887e-01 1.510547714214e-01 1.408292948897e-01 1.305780140395e-01 1.204099248876e-01 1.104251363599e-01 1.007130659531e-01 9.135115981335e-02 8.240414790031e-02 7.392380162919e-02 6.594913296436e-02 5.850695556102e-02 5.161273107412e-02 4.527162526883e-02 3.947970821028e-02 3.422524320078e-02 2.949001373327e-02 2.525064291712e-02 2.147986349113e-02 1.814769943259e-02 1.522252509964e-02 1.267197563985e-02 1.046369286946e-02 8.565902401710e-03 6.947832265780e-03 5.579993817654e-03 4.434355307888e-03 3.484442200575e-03 2.705397150395e-03 2.074026147724e-03 1.568847667545e-03 1.170150316342e-03 8.600543457527e-04 6.225651941870e-04 4.436041109272e-04 3.110022390539e-04
2.997857399135e-04 4.030169068446e-04 5.354990330040e-04 7.033610458565e-04 9.134346667780e-04 1.173237192638e-03 1.490960211750e-03 1.875477200672e-03 2.336382271293e-03 2.884068985232e-03 3.529852384310e-03 4.286129870870e-03 5.166568757266e-03 6.186301531384e-03 7.362105179458e-03 8.712539170759e-03 1.025801782685e-02 1.202079639818e-02 1.402485519390e-02 1.629567228089e-02 1.885987987706e-02 2.174480753564e-02 2.497791861340e-02 2.858615309413e-02 3.259519470491e-02 3.702868325215e-02 4.190739604230e-02 4.724841905930e-02 5.306432673197e-02 5.936238238016e-02 6.614376393113e-02 7.340281695421e-02 8.112633709590e-02 8.929288562435e-02 9.787215733519e-02 1.068244276715e-01 1.161001220961e-01 1.256395595220e-01 1.353729252875e-01 1.452205281587e-01 1.550933835499e-01 1.648941557810e-01 1.745184654516e-01 1.838565582989e-01 1.927953020202e-01 2.012204646288e-01 2.090192039407e-01 2.160826795808e-01 2.223086885338e-01 2.276042077719e-01 2.318877322494e-01 2.350912982284e-01 2.371621080384e-01 2.380637018981e-01 2.377766597190e-01 2.362988594990e-01 2.336453513264e-01 2.298479248398e-01 2.249544386367e-01 2.190279663625e-01 2.121457664923e-01 2.043980525870e-01 1.958865004200e-01 1.867224325238e-01 1.770246371219e-01 1.669168285581e-01 1.565248146165e-01 1.459735030075e-01 1.353839112799e-01 1.248703718054e-01 1.145380939873e-01 1.044812168353e-01 9.478141666612e-02 8.550709007719e-02 7.671307257428e-02 6.844082824815e-02 6.071902561136e-02 5.356441421623e-02 4.698292372293e-02 4.097091563121e-02 3.551652912205e-02 3.060107029263e-02 2.620039626254e-02 2.228625151343e-02 1.882751462307e-02 1.579131885697e-02 1.314401730000e-02 1.085197422624e-02 8.882176776829e-03 7.202675995295e-03 5.782878788985e-03 4.593723317714e-03 3.607774469379e-03 2.799275841542e-03 2.144188236625e-03 1.620233669835e-03 1.206951996604e-03 8.857654390470e-04 6.400381449636e-04 4.551140303473e-04 3.183173277578e-04
2.796966683179e-04 3.779823358339e-04 5.047304055383e-04 6.660504134284e-04 8.687725872782e-04 1.120428481158e-03 1.429235752352e-03 1.804100997794e-03 2.254654255381e-03 2.791325570234e-03 3.425468231090e-03 4.169525371590e-03 5.037228166316e-03 6.043806342382e-03 7.206186519978e-03 8.543151518904e-03 1.007543491847e-02 1.182572868736e-02 1.381858662320e-02 1.608021284661e-02 1.863812980205e-02 2.152072682578e-02 2.475669556115e-02 2.837436413491e-02 3.240094784361e-02 3.686173833925e-02 4.177925494545e-02 4.717238240868e-02 5.305551492483e-02 5.943771722953e-02 6.632191298227e-02 7.370409616825e-02 8.157256822180e-02 8.990720466136e-02 9.867876423665e-02 1.078482723526e-01 1.173665197827e-01 1.271737346341e-01 1.371994858298e-01 1.473628795675e-01 1.575730959727e-01 1.677303028455e-01 1.777269579500e-01 1.874494979266e-01 1.967803826060e-01 2.056004500458e-01 2.137915073643e-01 2.212390730213e-01 2.278351612532e-01 2.334809895942e-01 2.380894854525e-01 2.415874731636e-01 2.439174474367e-01 2.450388627518e-01 2.449289216588e-01 2.435828849464e-01 2.410139640549e-01 2.372528863400e-01 2.323472110016e-01 2.263604619256e-01 2.193710951667e-01 2.114712696148e-01 2.027653544039e-01 1.933681019426e-01 1.834024256330e-01 1.729967800817e-01 1.622822045198e-01 1.513891667329e-01 1.404443859312e-01 1.295678406669e-01 1.188701484844e-01 1.084504603300e-01 9.839494909531e-02 8.877591203453e-02 7.965144709652e-02 7.106563364386e-02 6.304912222980e-02 5.562004416018e-02 4.878515570846e-02 4.254114298786e-02 3.687602846061e-02 3.177062429181e-02 2.719998477480e-02 2.313481290969e-02 1.954277585909e-02 1.638969139336e-02 1.364055201887e-02 1.126036577230e-02 9.214805635620e-03 7.470675247398e-03 5.996213534946e-03 4.761271883454e-03 3.737404230009e-03 2.897909957774e-03 2.217863212283e-03 1.674150668926e-03 1.245526286671e-03 9.126786516674e-04 6.582968095746e-04 4.671159385394e-04 3.259251026689e-04
2.605564858781e-04 3.540230241541e-04 4.751630325816e-04 6.300653456182e-04 8.255586836490e-04 1.069190293658e-03 1.369206726291e-03 1.734551573408e-03 2.174895088702e-03 2.700707840475e-03 3.323384455677e-03 4.055415452018e-03 4.910595842585e-03 5.904251075115e-03 7.053454865381e-03 8.377210641270e-03 9.896569396840e-03 1.163465981863e-02 1.361661267990e-02 1.586936630282e-02 1.842134778857e-02 2.130202812015e-02 2.454135780999e-02 2.816909325674e-02 3.221403142736e-02 3.670317478031e-02 4.166085273286e-02 4.710782376745e-02 5.306038097758e-02 5.952947512846e-02 6.651986108549e-02 7.402926849087e-02 8.204759312810e-02 9.055611155601e-02 9.952673166438e-02 1.089213090266e-01 1.186910718705e-01 1.287762164973e-01 1.391057370971e-01 1.495975549802e-01 1.601590047144e-01 1.706877137602e-01 1.810728979887e-01 1.911970656220e-01 2.009381098289e-01 2.101717385451e-01 2.187741726379e-01 2.266250185440e-01 2.336102111727e-01 2.396248934774e-01 2.445761037701e-01 2.483851397242e-01 2.509894896039e-01 2.523442537240e-01 2.524230279074e-01 2.512182678433e-01 2.487412015472e-01 2.450213897392e-01 2.401060245269e-01 2.340590463714e-01 2.269601041761e-01 2.189033264482e-01 2.099958391899e-01 2.003559280329e-01 1.901107833898e-01 1.793937998177e-01 1.683414955499e-01 1.570901855112e-01 1.457726043603e-01 1.345147045490e-01 1.234328361782e-01 1.126314711007e-01 1.022015599071e-01 9.221954888019e-02 8.274701037233e-02 7.383081139990e-02 6.550372127614e-02 5.778535381924e-02 5.068335950734e-02 4.419478677517e-02 3.830755052868e-02 3.300195341984e-02 2.825221013789e-02 2.402792705312e-02 2.029549118253e-02 1.701932678213e-02 1.416298302827e-02 1.169002846936e-02 9.564741585360e-03 7.752604177028e-03 6.220619764218e-03 4.937493154688e-03 3.873714417411e-03 3.001591400603e-03 2.295268328145e-03 1.730755952100e-03 1.285983554620e-03 9.408687530380e-04 6.773898798617e-04 4.796401779792e-04 3.338435702966e-04
2.423451915673e-04 3.311200173144e-04 4.467791382650e-04 5.953891569133e-04 7.837770757462e-04 1.019507180036e-03 1.310857787430e-03 1.666813531144e-03 2.097089534415e-03 2.612201362869e-03 3.223588575498e-03 3.943791160148e-03 4.786668347418e-03 5.767640080908e-03 6.903924773101e-03 8.214743793481e-03 9.721463477022e-03 1.144764936333e-02 1.341901220956e-02 1.566323267527e-02 1.820965646427e-02 2.108885818503e-02 2.433207796824e-02 2.797054137376e-02 3.203467774545e-02 3.655326177376e-02 4.155250272809e-02 4.705510990882e-02 5.307935871574e-02 5.963817210467e-02 6.673822557171e-02 7.437907498103e-02 8.255230105710e-02 9.124067222264e-02 1.004173346407e-01 1.100450581344e-01 1.200755846804e-01 1.304491424843e-01 1.410941960279e-01 1.519275045478e-01 1.628545497401e-01 1.737703786702e-01 1.845608844984e-01 1.951045291848e-01 2.052744771091e-01 2.149411032229e-01 2.239747972280e-01 2.322489752249e-01 2.396431836648e-01 2.460461618124e-01 2.513587221533e-01 2.554963021147e-01 2.583910687832e-01 2.599934842020e-01 2.602732925741e-01 2.592199440797e-01 2.568425307006e-01 2.531693371953e-01 2.482471165893e-01 2.421401868456e-01 2.349293813562e-01 2.267108228312e-01 2.175944518943e-01 2.077021891879e-01 1.971656514234e-01 1.861233771269e-01 1.747176179691e-01 1.630908333801e-01 1.513821032727e-01 1.397236977022e-01 1.282380420937e-01 1.170352551776e-01 1.062113649641e-01 9.584722951773e-02 8.600811951640e-02 7.674387474229e-02 6.808952757563e-02 6.006628285215e-02 5.268275896082e-02 4.593640778610e-02 3.981504889731e-02 3.429846146288e-02 2.935998306551e-02 2.496806689525e-02 2.108774844121e-02 1.768197679098e-02 1.471277071081e-02 1.214217120617e-02 9.932977375754e-03 8.049270158797e-03 6.456746424841e-03 5.122901278181e-03 4.017105330354e-03 3.110625390112e-03 2.376630705505e-03 1.790213842502e-03 1.328438933475e-03 9.704135259780e-04 6.973678073575e-04 4.927180114680e-04 3.420911312230e-04
2.250418991094e-04 3.092533651539e-04 4.195598727120e-04 5.620040142623e-04 7.434106567478e-04 9.713623473148e-04 1.254172056750e-03 1.600869693324e-03 2.021220228064e-03 2.525789145822e-03 3.126065008074e-03 3.834639897747e-03 4.665438033014e-03 5.633972871086e-03 6.757605346397e-03 8.055772098139e-03 9.550152787700e-03 1.126474948517e-02 1.322585610415e-02 1.546190323973e-02 1.800316911498e-02 2.088135360651e-02 2.412901757674e-02 2.777889666814e-02 3.186310508112e-02 3.641225205127e-02 4.145449886713e-02 4.701458584482e-02 5.311285637175e-02 5.976429517227e-02 6.697759090919e-02 7.475421883968e-02 8.308753944361e-02 9.196190679600e-02 1.013517974319e-01 1.112209835906e-01 1.215218022101e-01 1.321945813834e-01 1.431673068916e-01 1.543556015764e-01 1.656630908275e-01 1.769822026197e-01 1.881954312603e-01 1.991770712877e-01 2.097953954053e-01 2.199152378831e-01 2.294009076970e-01 2.381193415969e-01 2.459433773000e-01 2.527550083274e-01 2.584484663508e-01 2.629329784095e-01 2.661350580615e-01 2.680002274429e-01 2.684941175798e-01 2.676029632293e-01 2.653335581118e-01 2.617127935168e-01 2.567869094036e-01 2.506205594941e-01 2.432957491334e-01 2.349106151883e-01 2.255779668786e-01 2.154234584744e-01 2.045832820412e-01 1.932013244737e-01 1.814258317008e-01 1.694057174063e-01 1.572867495486e-01 1.452078777136e-01 1.332979641845e-01 1.216731194689e-01 1.104347650664e-01 9.966845013595e-02 8.944338123193e-02 7.981256640728e-02 7.081345611690e-02 6.246896151652e-02 5.478874856859e-02 4.777071857990e-02 4.140261102859e-02 3.566366867983e-02 3.052631487861e-02 2.595779168704e-02 2.192170904938e-02 1.837945555725e-02 1.529142799168e-02 1.261804706953e-02 1.032054261204e-02 8.361511110545e-03 6.705267443033e-03 5.318030486146e-03 4.167993053883e-03 3.225329219368e-03 2.462186318853e-03 1.852694834741e-03 1.373011580486e-03 1.001393181907e-03 7.182823368277e-04 5.063812458540e-04 3.506862948838e-04
2.086249436249e-04 2.884022473294e-04 3.934854558571e-04 5.298911302656e-04 7.044413362034e-04 9.247379639539e-04 1.199131508751e-03 1.536701550166e-03 1.947268212294e-03 2.441452287165e-03 3.030795927373e-03 3.727946379205e-03 4.546894089289e-03 5.503245392138e-03 6.614501662953e-03 7.900312226040e-03 9.382668005239e-03 1.108600722155e-02 1.303720969816e-02 1.526546335001e-02 1.780199263901e-02 2.067964414672e-02 2.393233038679e-02 2.759433894956e-02 3.169952178597e-02 3.628038683738e-02 4.136712173089e-02 4.698658046873e-02 5.316126293566e-02 5.990830918312e-02 6.723851558494e-02 7.515537418381e-02 8.365412191486e-02 9.272079608202e-02 1.023312992260e-01 1.124504990689e-01 1.230314121762e-01 1.340145402807e-01 1.453274446300e-01 1.568846434122e-01 1.685879055675e-01 1.803270048236e-01 1.919809612175e-01 2.034197815061e-01 2.145066820625e-01 2.251007449285e-01 2.350599422532e-01 2.442444352562e-01 2.525200204203e-01 2.597615884360e-01 2.658564209123e-01 2.707071652801e-01 2.742343298535e-01 2.763781769087e-01 2.770999504058e-01 2.763824431597e-01 2.742299795804e-01 2.706679366908e-01 2.657419599672e-01 2.595169952364e-01 2.520762059223e-01 2.435197574237e-01 2.339633780757e-01 2.235365490355e-01 2.123801836446e-01 2.006437247899e-01 1.884816778513e-01 1.760497302362e-01 1.635006959218e-01 1.509805843366e-01 1.386250747563e-01 1.265566347955e-01 1.148824126756e-01 1.036929441829e-01 9.306162363632e-02 8.304483452247e-02 7.368260957033e-02 6.499969048361e-02 5.700687602715e-02 4.970256813734e-02 4.307444430652e-02 3.710119997910e-02 3.175430722303e-02 2.699973798685e-02 2.279960012124e-02 1.911363271293e-02 1.590051457732e-02 1.311894826950e-02 1.072849950435e-02 8.690191959119e-03 6.966878838134e-03 5.523432773755e-03 4.326807547496e-03 3.346030617187e-03 2.552178666579e-03 1.918374504946e-03 1.419823824219e-03 1.033889657979e-03 7.401859380493e-04 5.206617982986e-04 3.596473499371e-04
1.930719850007e-04 2.685450892725e-04 3.685353311863e-04 4.990309425489e-04 6.668502794034e-04 8.796154665969e-04 1.145717372726e-03 1.474289786853e-03 1.875213598664e-03 2.359170747529e-03 2.937762114353e-03 3.623693710170e-03 4.431023831123e-03 5.375451388972e-03 6.474616417050e-03 7.748378281413e-03 9.219037078869e-03 1.091146671272e-02 1.285313545233e-02 1.507399563089e-02 1.760623124760e-02 2.048385681770e-02 2.374216750189e-02 2.741704485190e-02 3.154413224345e-02 3.615790214380e-02 4.129064510094e-02 4.697141374951e-02 5.322495675098e-02 6.007066506950e-02 6.752154189529e-02 7.558319493277e-02 8.425283823419e-02 9.351829274016e-02 1.033569867283e-01 1.137349799897e-01 1.246060578581e-01 1.359109736641e-01 1.475769253974e-01 1.595173607269e-01 1.716321983014e-01 1.838085245646e-01 1.959218104958e-01 2.078376577880e-01 2.194140593145e-01 2.305041298575e-01 2.409592437989e-01 2.506324805323e-01 2.593822545324e-01 2.670759810090e-01 2.735936054170e-01 2.788308082892e-01 2.827017224752e-01 2.851410117459e-01 2.861052402298e-01 2.855735230986e-01 2.835475323065e-01 2.800510023618e-01 2.751289027363e-01 2.688464236094e-01 2.612878682187e-01 2.525554428529e-01 2.427678396017e-01 2.320584535286e-01 2.205730642962e-01 2.084668752388e-01 1.959009224810e-01 1.830379961046e-01 1.700383307641e-01 1.570553914475e-01 1.442320764286e-01 1.316975940999e-01 1.195651729228e-01 1.079306469311e-01 9.687186427242e-02 8.644880319495e-02 7.670425307543e-02 6.766491789888e-02 5.934282212649e-02 5.173692355116e-02 4.483486003150e-02 3.861477067617e-02 3.304713970345e-02 2.809660899347e-02 2.372370516259e-02 1.988642535658e-02 1.654162989173e-02 1.364620025020e-02 1.115793797169e-02 9.036200418101e-03 7.242295244232e-03 5.739674939436e-03 4.493990264125e-03 3.473065861610e-03 2.646857194074e-03 1.987432247533e-03 1.469000112585e-03 1.067985776408e-03 7.631311527391e-04 5.355911885833e-04 3.689919870857e-04
1.783601076239e-04 2.496596837634e-04 3.446883020061e-04 4.694033005370e-04 6.306181391284e-04 8.359758787007e-04 1.093910534481e-03 1.413614764083e-03 1.805036163827e-03 2.278924127868e-03 2.846943899040e-03 3.521864435928e-03 4.317814002818e-03 5.250584068831e-03 6.337951679820e-03 7.599983886581e-03 9.059287657094e-03 1.074117204895e-02 1.267369609819e-02 1.488758341168e-02 1.741599039325e-02 2.029412057957e-02 2.355868245595e-02 2.724719363037e-02 3.139714379411e-02 3.604503703822e-02 4.122534498625e-02 4.696940710615e-02 5.330431581761e-02 6.025181222469e-02 6.782720758421e-02 7.603832846257e-02 8.488446885785e-02 9.435533666952e-02 1.044299894045e-01 1.150757783362e-01 1.262473531110e-01 1.378858011489e-01 1.499180218618e-01 1.622564341310e-01 1.747991140695e-01 1.874304321427e-01 2.000222400256e-01 2.124356149465e-01 2.245231587722e-01 2.361318027872e-01 2.471060567372e-01 2.572916045540e-01 2.665391241976e-01 2.747081725075e-01 2.816709544413e-01 2.873157794777e-01 2.915500127999e-01 2.943023634653e-01 2.955244059166e-01 2.951913249040e-01 2.933019495604e-01 2.898782398083e-01 2.849644000440e-01 2.786258164081e-01 2.709479137109e-01 2.620349444727e-01 2.520086045488e-01 2.410062856973e-01 2.291787701419e-01 2.166872277512e-01 2.036994995611e-01 1.903858173892e-01 1.769142235774e-01 1.634460563269e-01 1.501318528702e-01 1.371079676599e-01 1.244940818384e-01 1.123916564262e-01 1.008832740107e-01 9.003273962860e-02 7.988578372311e-02 7.047121285494e-02 6.180237641992e-02 5.387884930550e-02 4.668825526063e-02 4.020817057830e-02 3.440805580194e-02 2.925116193109e-02 2.469635323566e-02 2.069978873204e-02 1.721640512172e-02 1.420115488141e-02 1.160996967888e-02 9.400442207757e-03 7.532245793162e-03 5.967335343279e-03 4.669991430746e-03 3.606777502058e-03 2.746475494149e-03 2.060049788953e-03 1.520665827723e-03 1.103764308482e-03 7.871698616567e-04 5.511999779362e-04 3.787368813484e-04
1.644659160160e-04 2.317232912824e-04 3.219226632167e-04 4.409876319647e-04 5.957252849430e-04 7.938000911740e-04 1.043691909249e-03 1.354657028154e-03 1.736715984187e-03 2.200692397405e-03 2.758322106792e-03 3.422441710576e-03 4.207252049931e-03 5.128637566529e-03 6.204510857371e-03 7.455144262353e-03 8.903449559582e-03 1.057517016140e-02 1.249895804604e-02 1.470631459781e-02 1.723138130333e-02 2.011057136545e-02 2.338203696449e-02 2.708497429085e-02 3.125877446025e-02 3.594204154958e-02 4.117150893632e-02 4.698089384587e-02 5.339972983211e-02 6.045221080243e-02 6.815606094766e-02 7.652143101650e-02 8.554980115795e-02 9.523287268674e-02 1.055514377515e-01 1.164742442063e-01 1.279569040382e-01 1.399409274285e-01 1.523529851510e-01 1.651045131886e-01 1.780917585892e-01 1.911963514691e-01 2.042864538102e-01 2.172185022643e-01 2.298395394808e-01 2.419900930623e-01 2.535075365135e-01 2.642298387214e-01 2.739995778656e-01 2.826680533975e-01 2.900993111440e-01 2.961738631938e-01 3.007918982621e-01 3.038757921906e-01 3.053718032063e-01 3.052509184667e-01 3.035089249837e-01 3.001658654589e-01 2.952650928697e-01 2.888721383394e-01 2.810735255330e-01 2.719755577918e-01 2.617029670378e-01 2.503972168068e-01 2.382142253933e-01 2.253213285996e-01 2.118934517454e-01 1.981086146573e-01 1.841430709569e-01 1.701664654987e-01 1.563374177093e-01 1.427998542938e-01 1.296803004303e-01 1.170861910668e-01 1.051051386994e-01 9.380501902003e-02 8.323469907546e-02 7.342523665892e-02 6.439141210717e-02 5.613348426686e-02 4.863909241130e-02 4.188524602996e-02 3.584034732138e-02 3.046619480737e-02 2.571990729135e-02 2.155570599933e-02 1.792649450881e-02 1.478518286746e-02 1.208572189111e-02 9.783835646631e-03 7.837469818546e-03 6.207000155373e-03 4.855267011762e-03 3.747511946267e-03 2.851289296584e-03 2.136409590807e-03 1.574946013757e-03 1.141306949179e-03 8.123524825834e-04 5.675171729034e-04 3.888972568425e-04
1.513656155824e-04 2.147127355885e-04 3.002163063583e-04 4.137630750226e-04 5.621519759562e-04 7.530691123995e-04 9.950427728290e-04 1.297397721423e-03 1.670233974929e-03 2.124456619536e-03 2.671878892618e-03 3.325410346157e-03 4.099327485091e-03 5.009608471989e-03 6.074300336925e-03 7.313878471854e-03 8.751557186340e-03 1.041351357387e-02 1.232899459867e-02 1.453028566929e-02 1.705252562453e-02 1.993335733939e-02 2.321240726517e-02 2.693059231121e-02 3.112926083493e-02 3.584918646851e-02 4.112944705187e-02 4.700623055481e-02 5.351161339253e-02 6.067234735754e-02 6.850867755466e-02 7.703318689050e-02 8.624965069858e-02 9.615187225856e-02 1.067224882090e-01 1.179317498718e-01 1.297363355809e-01 1.420782705300e-01 1.548840736599e-01 1.680642478341e-01 1.815132295840e-01 1.951098875690e-01 2.087186274169e-01 2.221911293050e-01 2.353687090823e-01 2.480852684828e-01 2.601707686702e-01 2.714551378542e-01 2.817724793512e-01 2.909654252837e-01 2.988894252987e-01 3.054167524316e-01 3.104399869191e-01 3.138747736460e-01 3.156617080825e-01 3.157672991650e-01 3.141840799762e-01 3.109300306666e-01 3.060475625782e-01 2.996022999273e-01 2.916818436346e-01 2.823945473113e-01 2.718682059284e-01 2.602484217596e-01 2.476963725238e-01 2.343857602583e-01 2.204988717132e-01 2.062218703910e-01 1.917396377022e-01 1.772305804459e-01 1.628618627762e-01 1.487854313514e-01 1.351350681323e-01 1.220245459222e-01 1.095468179141e-01 9.777408775020e-02 8.675856362160e-02 7.653371238872e-02 6.711585870103e-02 5.850601747931e-02 5.069187796233e-02 4.364988113829e-02 3.734733761829e-02 3.174453172781e-02 2.679675141402e-02 2.245617742315e-02 1.867356583277e-02 1.539966575182e-02 1.258633042330e-02 1.018730593041e-02 8.158711941660e-03 6.459259507488e-03 5.050275573674e-03 3.895616849761e-03 2.961554373636e-03 2.216693134752e-03 1.631963984731e-03 1.180693249153e-03 8.387271487986e-04 5.845695923458e-04 3.994864254072e-04
1.390350845994e-04 1.986044710499e-04 2.795468017198e-04 3.877085768717e-04 5.298784963391e-04 7.137642582584e-04 9.479450234046e-04 1.241818958988e-03 1.605572371865e-03 2.050199549354e-03 2.587598527509e-03 3.230757729691e-03 3.994032966823e-03 4.893497337943e-03 5.947331316621e-03 7.176211241512e-03 8.603651953115e-03 1.025626334156e-02 1.216388926607e-02 1.435960523952e-02 1.687955943723e-02 1.976264424257e-02 2.304999016796e-02 2.678427704765e-02 3.100886660048e-02 3.576677288225e-02 4.109950267864e-02 4.704581093053e-02 5.364042032953e-02 6.091275023114e-02 6.888567701658e-02 7.757432721805e-02 8.698488146425e-02 9.711335740792e-02 1.079443470332e-01 1.194497179072e-01 1.315873204477e-01 1.442997935253e-01 1.575135845436e-01 1.711383200857e-01 1.850666490283e-01 1.991746608131e-01 2.133229418870e-01 2.273583010087e-01 2.411161593140e-01 2.544235687067e-01 2.671027991050e-01 2.789754034292e-01 2.898666299485e-01 2.996100174628e-01 3.080519704141e-01 3.150560588571e-01 3.205068022617e-01 3.243126966545e-01 3.264083089912e-01 3.267553734552e-01 3.253429468450e-01 3.221867964586e-01 3.173282986538e-01 3.108331233309e-01 3.027899238589e-01 2.933091014694e-01 2.825215348112e-01 2.705770233157e-01 2.576421205973e-01 2.438970861594e-01 2.295318464615e-01 2.147410729291e-01 1.997187051461e-01 1.846523843032e-01 1.697183057195e-01 1.550769057213e-01 1.408696559574e-01 1.272170491237e-01 1.142177054004e-01 1.019484252043e-01 9.046497409002e-02 7.980339380557e-02 6.998167404255e-02 6.100166373864e-02 5.285114040266e-02 4.550597855752e-02 3.893236501473e-02 3.308900812986e-02 2.792927810722e-02 2.340320895224e-02 1.945929083042e-02 1.604598779250e-02 1.311293295831e-02 1.061177938871e-02 8.496717362327e-03 6.724703512495e-03 5.255474954191e-03 4.051438437534e-03 3.077524374018e-03 2.301079211305e-03 1.691839976338e-03 1.221999521726e-03 8.663388655119e-04 6.023812480016e-04 4.105153359706e-04
1.274499305444e-04 1.833746390220e-04 2.598914483774e-04 3.628029676703e-04 4.988852562384e-04 6.758672818678e-04 9.023813778799e-04 1.187904064063e-03 1.542715066275e-03 1.977906088532e-03 2.505467988076e-03 3.138474620244e-03 3.891365341541e-03 4.780309741866e-03 5.823621146101e-03 7.042174909371e-03 8.459784319220e-03 1.010349140918e-02 1.200373870817e-02 1.419439788625e-02 1.671263796391e-02 1.959862027485e-02 2.289500878341e-02 2.664628833516e-02 3.089789050643e-02 3.569514160585e-02 4.108206369530e-02 4.710007694579e-02 5.378665835201e-02 6.117400661784e-02 6.928774286039e-02 7.814565104913e-02 8.775643080522e-02 9.811842655859e-02 1.092183010945e-01 1.210296515724e-01 1.335116128001e-01 1.466075392145e-01 1.602438933129e-01 1.743294862807e-01 1.887552072674e-01 2.033943528117e-01 2.181036295280e-01 2.327248621091e-01 2.470874085525e-01 2.610112467136e-01 2.743106723528e-01 2.867985237489e-01 2.982908021319e-01 3.086115202904e-01 3.175975677869e-01 3.251033321654e-01 3.310047998123e-01 3.352028751126e-01 3.376257123728e-01 3.382299583737e-01 3.370009608797e-01 3.339521190150e-01 3.291236814372e-01 3.225813151974e-01 3.144147058339e-01 3.047362964166e-01 2.936800635702e-01 2.814000523488e-01 2.680682979330e-01 2.538718023448e-01 2.390084098444e-01 2.236816684652e-01 2.080950199576e-01 1.924458333913e-01 1.769198427048e-01 1.616864669440e-01 1.468953214625e-01 1.326740195871e-01 1.191271885676e-01 1.063365081871e-01 9.436152699704e-02 8.324103611688e-02 7.299481789263e-02 6.362563924783e-02 5.512140922038e-02 4.745744060097e-02 4.059876622109e-02 3.450245658186e-02 2.911987578119e-02 2.439880193242e-02 2.028533608861e-02 1.672552790376e-02 1.366666211437e-02 1.105817777440e-02 8.852227131592e-03 7.003918333842e-03 5.471319161582e-03 4.215318998515e-03 3.199448781487e-03 2.389742231716e-03 1.754689794167e-03 1.265297805055e-03 8.952287155415e-04 6.209727402330e-04 4.219921481277e-04
1.165855303306e-04 1.689990927817e-04 2.412272992573e-04 3.390249660512e-04 4.691527983989e-04 6.393604134971e-04 8.583354326766e-04 1.135637730486e-03 1.481647836449e-03 1.907563594217e-03 2.425477372834e-03 3.048555681882e-03 3.791326263058e-03 4.670057264671e-03 5.703194526063e-03 6.911810665218e-03 8.320015545821e-03 9.955282648387e-03 1.184865517757e-02 1.403480675050e-02 1.655193868585e-02 1.944150016648e-02 2.274771780565e-02 2.651692310082e-02 3.079667410977e-02 3.563468201040e-02 4.107757237799e-02 4.716953216614e-02 5.395090295245e-02 6.145677798008e-02 6.971564031113e-02 7.874804688458e-02 8.856533171561e-02 9.916828156380e-02 1.105457459938e-01 1.226731687935e-01 1.355110844874e-01 1.490036698985e-01 1.630774941704e-01 1.776406194013e-01 1.925822072571e-01 2.077727521786e-01 2.230650221504e-01 2.382957474029e-01 2.532880545173e-01 2.678546207630e-01 2.818014829758e-01 2.949324208555e-01 3.070537885561e-01 3.179796265640e-01 3.275368279945e-01 3.355700970656e-01 3.419463945399e-01 3.465585722997e-01 3.493279630591e-01 3.502057975745e-01 3.491734711832e-01 3.462418540776e-01 3.414499769685e-01 3.348634590287e-01 3.265729983301e-01 3.166930734881e-01 3.053607687907e-01 2.927344127372e-01 2.789916164105e-01 2.643262999948e-01 2.489445004340e-01 2.330590167824e-01 2.168832518379e-01 2.006248136534e-01 1.844795062544e-01 1.686262475619e-01 1.532232708243e-01 1.384057291965e-01 1.242846144968e-01 1.109467779828e-01 9.845578782035e-02 8.685336754800e-02 7.616122656730e-02 6.638313969593e-02 5.750719503564e-02 4.950815205625e-02 4.234986104038e-02 3.598769342604e-02 3.037091720043e-02 2.544494256581e-02 2.115335418859e-02 1.743965247140e-02 1.424863935582e-02 1.152741310279e-02 9.225973852530e-03 7.297482767381e-03 5.698255498154e-03 4.387594507013e-03 3.327571030664e-03 2.482850755764e-03 1.820623632140e-03 1.310654913425e-03 9.254331249904e-04 6.403607309332e-04 4.339218464040e-04
1.064170605107e-04 1.554534117101e-04 2.235311448694e-04 3.163531623694e-04 4.406617785577e-04 6.042263330522e-04 8.157916638452e-04 1.085006012246e-03 1.422358372898e-03 1.839161984567e-03 2.347620063223e-03 2.960999764572e-03 3.693922659676e-03 4.562758002786e-03 5.586084197733e-03 6.785169529628e-03 8.184418781112e-03 9.811736392347e-03 1.169876829161e-02 1.388099595394e-02 1.639766425966e-02 1.929152896419e-02 2.260840779366e-02 2.639652017265e-02 3.070560766422e-02 3.558583961383e-02 4.108653520446e-02 4.725475204411e-02 5.413380994198e-02 6.176181563505e-02 7.017023371168e-02 7.938251253865e-02 8.941273701493e-02 1.002642530741e-01 1.119282152261e-01 1.243820338842e-01 1.375877604507e-01 1.514905065232e-01 1.660170435874e-01 1.810747561576e-01 1.965511157569e-01 2.123138077708e-01 2.282116070177e-01 2.440760387301e-01 2.597238319045e-01 2.749601345321e-01 2.895824365287e-01 3.033851097529e-01 3.161644568713e-01 3.277240864667e-01 3.378804001059e-01 3.464679025365e-01 3.533440119380e-01 3.583930417279e-01 3.615290790439e-01 3.626975902732e-01 3.618757632249e-01 3.590717759778e-01 3.543233500434e-01 3.476960173515e-01 3.392814745939e-01 3.291962325041e-01 3.175804826318e-01 3.045968657678e-01 2.904286503011e-01 2.752768403200e-01 2.593559359808e-01 2.428883649987e-01 2.260979626145e-01 2.092031092660e-01 1.924102318207e-01 1.759082871424e-01 1.598646242326e-01 1.444223725696e-01 1.296992585746e-01 1.157876123417e-01 1.027552657913e-01 9.064706670393e-02 7.948679246143e-02 6.927932127982e-02 6.001297300891e-02 5.166196530656e-02 4.418893973657e-02 3.754750742762e-02 3.168474977753e-02 2.654359395923e-02 2.206497672336e-02 1.818970909905e-02 1.485996980762e-02 1.202038335373e-02 9.618678095844e-03 7.605965293057e-03 5.936722237857e-03 4.568592798287e-03 3.462126976031e-03 2.580566230694e-03 1.889745070023e-03 1.358131667629e-03 9.569832760575e-04 6.605574856176e-04 4.463059340983e-04
9.691951222470e-05 1.427128873431e-04 2.067794784774e-04 2.947659404337e-04 4.133928588938e-04 5.704480524314e-04 7.747352878099e-04 1.035996193138e-03 1.364836154193e-03 1.772693597849e-03 2.271892662979e-03 2.875809846202e-03 3.599166709429e-03 4.458436697223e-03 5.472331126584e-03 6.662312741176e-03 8.053079664133e-03 9.672967105294e-03 1.155422603125e-02 1.373315183296e-02 1.625004425046e-02 1.914898398162e-02 2.247740786898e-02 2.628546453390e-02 3.062513529604e-02 3.554912237600e-02 4.110953008647e-02 4.735639323788e-02 5.433612701921e-02 6.208997382929e-02 7.065250226740e-02 8.005017304368e-02 9.029993999223e-02 1.014078259638e-01 1.133674094401e-01 1.261581891075e-01 1.397438551747e-01 1.540705686324e-01 1.690654041850e-01 1.846351452569e-01 2.006656136508e-01 2.170216844517e-01 2.335480856740e-01 2.500710288292e-01 2.664006771236e-01 2.823344222725e-01 2.976609152853e-01 3.121647687876e-01 3.256318183047e-01 3.378547756932e-01 3.486390408399e-01 3.578083825685e-01 3.652101407680e-01 3.707195848619e-01 3.742431054577e-01 3.757200404622e-01 3.751231029728e-01 3.724576114328e-01 3.677598920270e-01 3.610953567330e-01 3.525566939353e-01 3.422624402308e-01 3.303558946642e-01 3.170040272742e-01 3.023958301647e-01 2.867395447901e-01 2.702583974083e-01 2.531848281655e-01 2.357535879457e-01 2.181943805542e-01 2.007248360207e-01 1.835445128250e-01 1.668303948539e-01 1.507340433187e-01 1.353803048088e-01 1.208673049570e-01 1.072673949103e-01 9.462874449058e-02 8.297734736991e-02 7.231928638347e-02 6.264317012645e-02 5.392268950080e-02 4.611925313627e-02 3.918465180394e-02 3.306368830419e-02 2.769668962776e-02 2.302180886952e-02 1.897702212965e-02 1.550173841804e-02 1.253796926372e-02 1.003104595759e-02 7.929922014584e-03 6.187146941528e-03 4.758632200184e-03 3.603343854027e-03 2.683042166405e-03 1.962150405533e-03 1.407782337049e-03 9.899046736289e-04 6.815705762525e-04 4.591422148649e-04
8.806770022206e-05 1.307525016101e-04 1.909484291825e-04 2.742413744840e-04 3.873265604453e-04 5.380087171432e-04 7.351520285589e-04 9.885965036320e-04 1.309072147532e-03 1.708152892264e-03 2.198294602044e-03 2.792992671989e-03 3.507075513764e-03 4.357124420784e-03 5.361984334856e-03 6.543311487576e-03 7.926096180919e-03 9.539104394761e-03 1.141519487106e-02 1.359148331700e-02 1.610933567777e-02 1.901417581603e-02 2.235508748311e-02 2.618418889678e-02 3.055575792516e-02 3.552510451729e-02 4.114721160298e-02 4.747520036938e-02 5.455870188494e-02 6.244221992465e-02 7.116355307744e-02 8.075229652722e-02 9.122839283016e-02 1.026006600864e-01 1.148652212641e-01 1.280037851961e-01 1.419818052082e-01 1.567466110190e-01 1.722256860931e-01 1.883252926628e-01 2.049296483832e-01 2.219008186299e-01 2.390794331038e-01 2.562862819356e-01 2.733247956763e-01 2.899843800559e-01 3.060445530778e-01 3.212798106386e-01 3.354651042090e-01 3.483817709875e-01 3.598236855524e-01 3.696033298159e-01 3.775574104253e-01 3.835516191298e-01 3.874841795599e-01 3.892879173826e-01 3.889307948423e-01 3.864150963148e-01 3.817756725608e-01 3.750777908352e-01 3.664151322834e-01 3.559082612388e-01 3.437035782436e-01 3.299723875794e-01 3.149094572349e-01 2.987304038009e-01 2.816674371886e-01 2.639633930481e-01 2.458644340338e-01 2.276121610300e-01 2.094360090137e-01 1.915467277911e-01 1.741314772483e-01 1.573507235422e-01 1.413368333122e-01 1.261940552428e-01 1.119995233238e-01 9.880493502849e-02 8.663865479956e-02 7.550807623454e-02 6.540215838614e-02 5.629408421214e-02 4.814400744395e-02 4.090183920504e-02 3.451001116078e-02 2.890613035197e-02 2.402542666402e-02 1.980289038812e-02 1.617500816084e-02 1.308103298609e-02 1.046376778416e-02 8.269895823623e-03 6.449945856207e-03 4.958021091034e-03 3.751439887620e-03 2.790423796200e-03 2.037928366370e-03 1.459654411095e-03 1.024216959302e-03 7.034027302381e-04 4.724247047730e-04
7.983626563626e-05 1.195468918138e-04 1.760136809863e-04 2.547570925711e-04 3.624430637965e-04 5.068913448443e-04 6.970277819983e-04 9.427957407409e-04 1.255058323046e-03 1.645535867783e-03 2.126827573529e-03 2.712558103635e-03 3.417670370527e-03 4.258857741476e-03 5.255100007333e-03 6.428246140633e-03 7.803577728381e-03 9.410292079242e-03 1.128185888160e-02 1.345622094017e-02 1.597582223130e-02 1.888744783320e-02 2.224185595373e-02 2.609317439985e-02 3.049803414841e-02 3.551442837563e-02 4.120031352807e-02 4.761200973105e-02 5.480248756437e-02 6.281964167722e-02 7.170462945522e-02 8.149030564923e-02 9.219972144505e-02 1.038446091624e-01 1.164237555308e-01 1.299212049205e-01 1.443042988164e-01 1.595216584037e-01 1.755012852074e-01 1.921490051438e-01 2.093474809532e-01 2.269559701970e-01 2.448109562863e-01 2.627277007803e-01 2.805027319353e-01 2.979172380223e-01 3.147413099842e-01 3.307389661291e-01 3.456738472434e-01 3.593154320860e-01 3.714455362617e-01 3.818647852887e-01 3.903986725343e-01 3.969027616911e-01 4.012666145017e-01 4.034161416857e-01 4.033142614005e-01 4.009600487412e-01 3.963868054861e-01 3.896596437058e-01 3.808732453440e-01 3.701502113496e-01 3.576400351695e-01 3.435183497755e-01 3.279857373537e-01 3.112653072920e-01 2.935985016808e-01 2.752389379911e-01 2.564446951140e-01 2.374698687919e-01 2.185563249094e-01 1.999266200484e-01 1.817786528987e-01 1.642822871155e-01 1.475778221318e-01 1.317759683948e-01 1.169589133489e-01 1.031820951863e-01 9.047640864709e-02 7.885067002773e-02 6.829425457407e-02 5.877985970776e-02 5.026636464541e-02 4.270174238682e-02 3.602596061928e-02 3.017378458114e-02 2.507737737959e-02 2.066858752288e-02 1.688082041462e-02 1.365041845283e-02 1.091751874693e-02 8.626416907435e-03 6.725524416442e-03 5.167058336350e-03 3.906624689020e-03 2.902848383223e-03 2.117160312408e-03 1.513788730445e-03 1.059933996987e-03 7.260518983358e-04 4.861436827586e-04
7.219967651683e-05 1.090703119441e-04 1.619503806750e-04 2.362901140525e-04 3.387219739097e-04 4.770785039133e-04 6.603482069188e-04 8.985827380084e-04 1.202787032644e-03 1.584839344926e-03 2.057494617267e-03 2.634518074213e-03 3.330975631586e-03 4.163677558145e-03 5.151740120923e-03 6.317204684294e-03 7.685643607147e-03 9.286686481021e-03 1.115441773598e-02 1.332761498008e-02 1.584981217482e-02 1.876917412665e-02 2.213816057884e-02 2.601294860067e-02 3.045257869871e-02 3.551780328374e-02 4.126964916256e-02 4.776774996663e-02 5.506854412892e-02 6.322345037370e-02 7.227711692874e-02 8.226578458162e-02 9.321573465962e-02 1.051417317674e-01 1.180453470978e-01 1.319130835302e-01 1.467142999458e-01 1.623990336091e-01 1.788959174488e-01 1.961104296937e-01 2.139237300047e-01 2.321922754591e-01 2.507483521444e-01 2.694015854998e-01 2.879414337811e-01 3.061406348008e-01 3.237595526523e-01 3.405513631484e-01 3.562679692461e-01 3.706664962016e-01 3.835161536490e-01 3.946051261509e-01 4.037470999928e-01 4.107869272658e-01 4.156049964702e-01 4.181198706062e-01 4.182891328568e-01 4.161084640955e-01 4.116095452269e-01 4.048573310339e-01 3.959475397451e-01 3.850048249588e-01 3.721817631992e-01 3.576582978333e-01 3.416408403435e-01 3.243601007027e-01 3.060669832979e-01 2.870262754751e-01 2.675084959017e-01 2.477808415375e-01 2.280982703259e-01 2.086957852227e-01 1.897826124745e-01 1.715385187055e-01 1.541121645607e-01 1.376210702749e-01 1.221527552013e-01 1.077666162805e-01 9.449624395906e-02 8.235199436820e-02 7.132372867548e-02 6.138368438612e-02 5.248944890382e-02 4.458700014748e-02 3.761374841712e-02 3.150149313331e-02 2.617918371504e-02 2.157536573383e-02 1.762019826544e-02 1.424695421787e-02 1.139296145644e-02 9.000005035426e-03 7.014279209963e-03 5.386034972398e-03 4.069100597470e-03 3.020446287828e-03 2.199921052439e-03 1.570220065392e-03 1.097064291403e-03 7.495115505087e-04 5.002859191856e-04
6.513223449931e-05 9.929659789126e-05 1.487330444442e-04 2.188166885837e-04 3.161420680165e-04 4.485519652941e-04 6.250982617383e-04 8.559457669838e-04 1.152250274074e-03 1.526060041677e-03 1.990299069726e-03 2.558885396972e-03 3.247017267015e-03 4.071627439938e-03 5.051970673719e-03 6.210280763187e-03 7.572420647685e-03 9.168453860395e-03 1.103308413029e-02 1.320593217902e-02 1.573163499855e-02 1.865975571221e-02 2.204448261936e-02 2.594408160355e-02 3.042005869987e-02 3.553600199452e-02 4.135610719950e-02 4.794343967645e-02 5.535803715628e-02 6.365497989093e-02 7.288254271170e-02 8.308048136406e-02 9.427842907868e-02 1.064942999824e-01 1.197325689623e-01 1.339823225643e-01 1.492150653557e-01 1.653823791770e-01 1.824136446747e-01 2.002140850667e-01 2.186634117590e-01 2.376152874897e-01 2.568977539464e-01 2.763146929287e-01 2.956483197535e-01 3.146626855143e-01 3.331081286507e-01 3.507266141288e-01 3.672578680501e-01 3.824461666379e-01 3.960475536195e-01 4.078371752585e-01 4.176162875323e-01 4.252184390586e-01 4.305142914785e-01 4.334146293537e-01 4.338713639293e-01 4.318766205281e-01 4.274603841115e-01 4.206874765518e-01 4.116546927019e-01 4.004887629694e-01 3.873453500271e-01 3.724086782879e-01 3.558909780735e-01 3.380306522981e-01 3.190882930737e-01 2.993402243422e-01 2.790699453312e-01 2.585583939311e-01 2.380743000654e-01 2.178657787384e-01 1.981539960378e-01 1.791291516866e-01 1.609487028042e-01 1.437373383721e-01 1.275881934393e-01 1.125648482454e-01 9.870375943161e-02 8.601694306298e-02 7.449482136902e-02 6.410920027926e-02 5.481636090802e-02 4.656022980896e-02 3.927556647284e-02 3.289107896788e-02 2.733235251643e-02 2.252446338124e-02 1.839415298039e-02 1.487145927688e-02 1.189075071806e-02 9.391173780239e-03 7.316601588628e-03 5.615237228417e-03 4.239065167415e-03 3.143342905749e-03 2.286280305732e-03 1.628978233549e-03 1.135611779871e-03 7.737712523511e-04 5.148350838552e-04
5.860808677620e-05 9.019913959769e-05 1.363354735441e-04 2.023121319861e-04 2.946810409314e-04 4.212923339676e-04 5.912617011305e-04 8.148719046798e-04 1.103438862068e-03 1.469193580108e-03 1.925243314015e-03 2.485672230306e-03 3.165821175980e-03 3.982751641615e-03 4.955859427218e-03 6.107571095228e-03 7.464040443076e-03 9.055767182546e-03 1.091807987571e-02 1.309145185887e-02 1.562163684954e-02 1.855961565182e-02 2.196133238666e-02 2.588718054713e-02 3.040118765917e-02 3.556985477812e-02 4.146064639588e-02 4.814018085440e-02 5.567223105842e-02 6.411568113739e-02 7.352257175618e-02 8.393630483040e-02 9.538998687461e-02 1.079047991825e-01 1.214882378762e-01 1.361320967954e-01 1.518101559042e-01 1.684756728098e-01 1.860588952641e-01 2.044648867007e-01 2.235719684137e-01 2.432310166401e-01 2.632657804847e-01 2.834742867760e-01 3.036313355419e-01 3.234920525951e-01 3.427964441131e-01 3.612748930125e-01 3.786545099639e-01 3.946662115692e-01 4.090523130398e-01 4.215743013456e-01 4.320203720131e-01 4.402121417597e-01 4.460099787940e-01 4.493164195390e-01 4.500773729024e-01 4.482812144747e-01 4.439561914042e-01 4.371670234682e-01 4.280116515499e-01 4.166189298812e-01 4.031475953263e-01 3.877861145516e-01 3.707525298438e-01 3.522929825022e-01 3.326779538165e-01 3.121956983416e-01 2.911432354087e-01 2.698158989373e-01 2.484969035377e-01 2.274481792921e-01 2.069034596027e-01 1.870639238880e-01 1.680962820121e-01 1.501327487102e-01 1.332723710897e-01 1.175831399418e-01 1.031045519691e-01 8.985040940751e-02 7.781177298473e-02 6.696004929114e-02 5.725020071218e-02 4.862404756380e-02 4.101360512516e-02 3.434436295045e-02 2.853838807740e-02 2.351711646774e-02 1.920369418523e-02 1.552475173439e-02 1.241154126043e-02 9.800436990558e-03 7.632883173789e-03 5.854951081406e-03 4.416714869231e-03 3.271661602000e-03 2.376304977156e-03 1.690089744463e-03 1.175577054844e-03 7.988175300830e-04 5.297723670385e-04
5.260124948501e-05 8.175087079455e-05 1.247306887235e-04 1.867506872986e-04 2.743152701684e-04 3.952786939204e-04 5.588205865586e-04 7.753463549426e-04 1.056341569132e-03 1.414233371580e-03 1.862327471949e-03 2.414888508877e-03 3.087411256335e-03 3.897092920321e-03 4.863473370932e-03 6.009172570354e-03 7.360635983375e-03 8.948802374377e-03 1.080963177350e-02 1.298446082152e-02 1.552017505074e-02 1.846919300002e-02 2.188924190148e-02 2.584288194827e-02 3.039671764946e-02 3.562024064887e-02 4.158428630465e-02 4.835914992028e-02 5.601248072272e-02 6.460711359661e-02 7.419899836578e-02 8.483531662059e-02 9.655277051262e-02 1.093759238272e-01 1.233154101122e-01 1.383658533721e-01 1.545034395465e-01 1.716832341223e-01 1.898364748078e-01 2.088681643289e-01 2.286552926113e-01 2.490459591325e-01 2.698595699838e-01 2.908881845004e-01 3.118990097108e-01 3.326380047031e-01 3.528345346107e-01 3.722070226331e-01 3.904695183237e-01 4.073390683585e-01 4.225436727360e-01 4.358305431137e-01 4.469741500376e-01 4.557835342138e-01 4.621081771134e-01 4.658418603985e-01 4.669241644392e-01 4.653395118635e-01 4.611143675293e-01 4.543134087875e-01 4.450358128628e-01 4.334126208785e-01 4.196056497580e-01 4.038075668121e-01 3.862421630954e-01 3.671633701021e-01 3.468517460409e-01 3.256078436788e-01 3.037427520218e-01 2.815668999326e-01 2.593787212691e-01 2.374546879615e-01 2.160417621327e-01 1.953526668875e-01 1.755638224669e-01 1.568153470356e-01 1.392124934976e-01 1.228278952042e-01 1.077042684141e-01 9.385733120340e-02 8.127886403661e-02 6.993990920522e-02 5.979409979964e-02 5.078109690142e-02 4.283007792465e-02 3.586318538359e-02 2.979881129340e-02 2.455457525544e-02 2.004984399355e-02 1.620766096352e-02 1.295599812112e-02 1.022831772779e-02 7.963523398202e-03 6.105468546568e-03 4.602250172652e-03 3.405527747434e-03 2.470062229329e-03 1.753580135213e-03 1.216959034542e-03 8.246350678351e-04 5.450773129471e-04
4.708564735476e-05 7.392427663383e-05 1.138908875855e-04 1.721054105205e-04 2.550196070408e-04 3.704882884269e-04 5.277548137489e-04 7.373518128644e-04 1.010944276163e-03 1.361169542810e-03 1.801547974654e-03 2.346540260864e-03 3.011807418327e-03 3.814690175228e-03 4.774875943381e-03 5.915179166482e-03 7.262338064717e-03 8.847734169980e-03 1.070796679013e-02 1.288524802867e-02 1.542761183810e-02 1.838893553357e-02 2.182875744073e-02 2.581184319209e-02 3.040742982667e-02 3.568807752588e-02 4.172809607928e-02 4.860158628472e-02 5.638021877147e-02 6.513093178141e-02 7.491373277837e-02 8.577971859220e-02 9.776931000718e-02 1.109105667499e-01 1.252173739574e-01 1.406873069526e-01 1.572990884300e-01 1.750097254111e-01 1.937515721798e-01 2.134296716808e-01 2.339197439315e-01 2.550671202179e-01 2.766868115837e-01 2.985647946087e-01 3.204605017025e-01 3.421104764623e-01 3.632331302052e-01 3.835345464208e-01 4.027152594793e-01 4.204779262012e-01 4.365356567489e-01 4.506207226650e-01 4.624932128425e-01 4.719489112737e-01 4.788257875546e-01 4.830083691652e-01 4.844295131061e-01 4.830695093385e-01 4.789530098926e-01 4.721447240933e-01 4.627451844220e-01 4.508877095447e-01 4.367372006026e-01 4.204904767137e-01 4.023770194520e-01 3.826585463074e-01 3.616258568393e-01 3.395921794485e-01 3.168832355092e-01 2.938252546492e-01 2.707326711121e-01 2.478972546864e-01 2.255798837391e-01 2.040054035048e-01 1.833604208963e-01 1.637933372513e-01 1.454159063921e-01 1.283056449591e-01 1.125086719183e-01 9.804275190125e-02 8.490046967743e-02 7.305254181686e-02 6.245126419301e-02 5.303408629587e-02 4.472725477653e-02 3.744943505427e-02 3.111518466850e-02 2.563812580817e-02 2.093365569062e-02 1.692104366534e-02 1.352481031564e-02 1.067535993291e-02 8.308939292223e-03 6.367095820793e-03 4.795882199746e-03 3.545073938448e-03 2.567623513724e-03 1.819476945675e-03 1.259757136279e-03 8.512082419976e-04 5.607288854739e-04
4.203516708832e-05 6.669142750335e-05 1.037874379522e-04 1.583481008940e-04 2.367672227673e-04 3.468962461684e-04 4.980417089920e-04 7.008678772044e-04 9.672291672094e-04 1.309987867570e-03 1.742896282021e-03 2.280627932769e-03 2.939023591184e-03 3.735576091726e-03 4.690124390981e-03 5.825678702933e-03 7.169271557575e-03 8.752731832422e-03 1.061330706193e-02 1.279409886309e-02 1.534430765713e-02 1.831929235281e-02 2.178043080952e-02 2.579473290765e-02 3.043412368858e-02 3.577431022504e-02 4.189318248323e-02 4.886877837851e-02 5.677694115789e-02 6.568887097957e-02 7.566878611909e-02 8.677183784819e-02 9.904228827579e-02 1.125118051715e-01 1.271976365590e-01 1.431004283608e-01 1.602015701639e-01 1.784601474685e-01 1.978097587147e-01 2.181555914645e-01 2.393721589694e-01 2.613020315797e-01 2.837557719725e-01 3.065131533116e-01 3.293256459734e-01 3.519201243226e-01 3.740037272681e-01 3.952698122392e-01 4.154049442520e-01 4.340968559378e-01 4.510431702981e-01 4.659605801961e-01 4.785940854161e-01 4.887255112655e-01 4.961806825378e-01 5.008343114934e-01 5.026121491638e-01 5.014901533471e-01 4.974911300869e-01 4.906799287586e-01 4.811585928023e-01 4.690628336220e-01 4.545606728138e-01 4.378530023036e-01 4.191749095139e-01 3.987958771798e-01 3.770170856860e-01 3.541647963190e-01 3.305799496911e-01 3.066053059886e-01 2.825721113906e-01 2.587882311847e-01 2.355291658899e-01 2.130324866409e-01 1.914954740035e-01 1.710751917374e-01 1.518902030531e-01 1.340231479293e-01 1.175237290970e-01 1.024118966434e-01 8.868112806888e-02 7.630185391891e-02 6.522502817402e-02 5.538583691210e-02 4.670750344083e-02 3.910508559541e-02 3.248914367679e-02 2.676911718915e-02 2.185623699625e-02 1.766580387773e-02 1.411870795239e-02 1.114214292995e-02 8.669577741017e-03 6.640163423889e-03 4.997840931118e-03 3.690446553912e-03 2.669069594664e-03 1.887813460684e-03 1.303973971050e-03 8.785230027511e-04 5.767067668438e-04
3.742372857079e-05 6.002403665157e-05 9.439090436730e-05 1.454492787911e-04 2.195295102846e-04 3.244753930944e-04 4.696557009416e-04 6.658705674943e-04 9.251740419918e-04 1.260668834307e-03 1.686357606094e-03 2.217144844126e-03 2.869065785316e-03 3.659774856889e-03 4.609266982957e-03 5.740749735821e-03 7.081551886289e-03 8.663954911359e-03 1.052586513719e-02 1.271128936196e-02 1.527061494989e-02 1.826070642642e-02 2.174481092628e-02 2.579222152775e-02 3.047760664482e-02 3.587989909350e-02 4.208067647202e-02 4.916204981298e-02 5.720419194048e-02 6.628273026634e-02 7.646625288143e-02 8.781410855072e-02 1.003745233478e-01 1.141828838950e-01 1.292599082868e-01 1.456094303708e-01 1.632156373063e-01 1.820398301139e-01 2.020169836072e-01 2.230525362971e-01 2.450198584532e-01 2.677587668724e-01 2.910753177624e-01 3.147429577528e-01 3.385049972985e-01 3.620783864644e-01 3.851586627015e-01 4.074260539004e-01 4.285527080913e-01 4.482108961538e-01 4.660821477377e-01 4.818669093283e-01 4.952943685216e-01 5.061316982957e-01 5.141918651200e-01 5.193392080183e-01 5.214919572589e-01 5.206215209831e-01 5.167488564641e-01 5.099390796648e-01 5.002959291660e-01 4.879576658072e-01 4.730954700789e-01 4.559142451403e-01 4.366545629261e-01 4.155936170583e-01 3.930430805676e-01 3.693425948697e-01 3.448489105443e-01 3.199220923970e-01 2.949110472213e-01 2.701405557322e-01 2.459014900178e-01 2.224447671431e-01 1.999788280751e-01 1.786697969146e-01 1.586433541696e-01 1.399874981723e-01 1.227557117862e-01 1.069702656535e-01 9.262562375369e-02 7.969197301424e-02 6.811892053057e-02 5.783934063223e-02 4.877334088511e-02 4.083223975368e-02 3.392243527228e-02 2.794899440082e-02 2.281877846584e-02 1.844291711068e-02 1.473848292526e-02 1.162929903242e-02 9.045930341633e-03 6.925038448158e-03 5.208385227550e-03 3.841813613298e-03 2.774496569929e-03 1.958633205490e-03 1.349618570063e-03 9.065691446831e-04 5.929928840535e-04
3.322537206845e-05 5.389354644554e-05 8.567111741811e-05 1.333782151526e-04 2.032760595757e-04 3.031961408971e-04 4.425681065791e-04 6.323319528096e-04 8.847517601822e-04 1.213186847430e-03 1.631909867203e-03 2.156075825425e-03 2.801930428638e-03 3.587300093262e-03 4.532340647179e-03 5.660458766336e-03 6.999281662179e-03 8.581549527631e-03 1.044583935574e-02 1.263708111190e-02 1.520687160857e-02 1.821360739442e-02 2.172243555900e-02 2.580497193800e-02 3.053868340506e-02 3.600580789456e-02 4.229172032072e-02 4.948274486377e-02 5.766354770897e-02 6.691435598968e-02 7.730829408112e-02 8.890905426566e-02 1.017689513104e-01 1.159271973025e-01 1.314080866693e-01 1.482187543881e-01 1.663463152571e-01 1.857544251425e-01 2.063795703156e-01 2.281275499958e-01 2.508706555794e-01 2.744459570951e-01 2.986549440459e-01 3.232645966549e-01 3.480098794265e-01 3.725975360396e-01 3.967111717274e-01 4.200174917754e-01 4.421737390937e-01 4.628361991905e-01 4.816696807162e-01 4.983577148400e-01 5.126129476474e-01 5.241871299203e-01 5.328796875186e-01 5.385439611983e-01 5.410902270161e-01 5.404851132479e-01 5.367477213814e-01 5.299436062445e-01 5.201784262326e-01 5.075931790542e-01 4.923622645992e-01 4.746945404142e-01 4.548359073743e-01 4.330711753616e-01 4.097226009019e-01 3.851435427990e-01 3.597071545200e-01 3.337916122226e-01 3.077643614036e-01 2.819679863534e-01 2.567094936651e-01 2.322537813779e-01 2.088209644090e-01 1.865866206308e-01 1.656838534009e-01 1.462062705393e-01 1.282113248410e-01 1.117237507573e-01 9.673909085853e-02 8.322733560789e-02 7.113674386483e-02 6.039782987886e-02 5.092749377984e-02 4.263318215758e-02 3.541696342666e-02 2.917933767132e-02 2.382258699549e-02 1.925345924194e-02 1.538501347038e-02 1.213753432023e-02 9.438550798610e-03 7.222139174833e-03 5.427814562395e-03 3.999374123693e-03 2.884023066307e-03 2.031995244637e-03 1.396710183874e-03 9.353429177578e-04 6.095731745617e-04
2.941435879747e-05 4.827123712097e-05 7.759727683892e-05 1.221030181870e-04 1.879747063489e-04 2.830264778429e-04 4.167470307042e-04 6.002199359202e-04 8.459298563561e-04 1.167509651076e-03 1.579522858773e-03 2.097396076152e-03 2.737602933134e-03 3.518153208799e-03 4.459368966545e-03 5.584857871474e-03 6.922548006906e-03 8.505645062050e-03 1.037341021040e-02 1.257171672842e-02 1.515339614740e-02 1.817840558679e-02 2.171382444440e-02 2.583363145378e-02 3.061814705176e-02 3.615299418317e-02 4.252745649282e-02 4.983221638370e-02 5.815660390850e-02 6.758562741879e-02 7.819712109253e-02 9.005927253904e-02 1.032286097803e-01 1.177482763723e-01 1.336462432407e-01 1.509330589802e-01 1.695988940938e-01 1.896099016197e-01 2.109042176349e-01 2.333881138982e-01 2.569328713374e-01 2.813728157693e-01 3.065048011767e-01 3.320892111166e-01 3.578524384526e-01 3.834907590258e-01 4.086754927765e-01 4.330594157406e-01 4.562843907439e-01 4.779901551484e-01 4.978241899832e-01 5.154523964263e-01 5.305701551136e-01 5.429130108609e-01 5.522660992825e-01 5.584711182300e-01 5.614299208125e-01 5.611041220567e-01 5.575109668554e-01 5.507166299821e-01 5.408289765799e-01 5.279919692133e-01 5.123833305625e-01 4.942157800328e-01 4.737403986915e-01 4.512494681864e-01 4.270758631028e-01 4.015869934649e-01 3.751730328499e-01 3.482310953646e-01 3.211481074250e-01 2.942853586707e-01 2.679668056217e-01 2.424719872953e-01 2.180332090558e-01 1.948359017210e-01 1.730209031715e-01 1.526876844389e-01 1.338978548125e-01 1.166787640210e-01 1.010271286009e-01 8.691279412854e-02 7.428266757412e-02 6.306485943271e-02 5.317296988638e-02 4.451044108148e-02 3.697484235217e-02 3.046190826472e-02 2.486912509912e-02 2.009863982439e-02 1.605929248598e-02 1.266765272303e-02 9.848075212910e-03 7.531951744011e-03 5.656482748360e-03 4.163368907755e-03 2.997798506879e-03 2.107980312998e-03 1.445282648129e-03 9.648500269185e-04 6.264395673337e-04
2.596528319681e-05 4.312835916309e-05 7.013809552467e-05 1.115907719415e-04 1.735916514568e-04 2.639320579450e-04 3.921574022429e-04 5.694981985394e-04 8.086703598001e-04 1.123597961614e-03 1.529157665613e-03 2.041070409745e-03 2.676056693049e-03 3.452322067700e-03 4.390360637394e-03 5.513982953896e-03 6.851420475296e-03 8.436351874425e-03 1.030873755249e-02 1.251541668314e-02 1.511048361737e-02 1.815548738773e-02 2.171947405607e-02 2.587882582339e-02 3.071677233760e-02 3.632240147245e-02 4.278901940202e-02 5.021181649863e-02 5.868496516743e-02 6.829844608625e-02 7.913498536689e-02 9.126742383824e-02 1.047566286095e-01 1.196497785530e-01 1.359786174454e-01 1.537572157438e-01 1.729789285282e-01 1.936125505670e-01 2.155980089530e-01 2.388421663013e-01 2.632153584326e-01 2.885491702205e-01 3.146357480349e-01 3.412287340607e-01 3.680457303369e-01 3.947722498725e-01 4.210669787000e-01 4.465683425204e-01 4.709023268217e-01 4.936915785432e-01 5.145656064537e-01 5.331719857290e-01 5.491880423709e-01 5.623323329406e-01 5.723749132268e-01 5.791451626172e-01 5.825360069741e-01 5.825037854411e-01 5.790638806479e-01 5.722833290509e-01 5.622725174454e-01 5.491786565355e-01 5.331829169371e-01 5.145018166898e-01 4.933914092411e-01 4.701512698942e-01 4.451249081578e-01 4.186940696314e-01 3.912665822412e-01 3.632593632677e-01 3.350798191147e-01 3.071088989182e-01 2.796883517289e-01 2.531130392660e-01 2.276279903114e-01 2.034288861796e-01 1.806646276393e-01 1.594407875626e-01 1.398233391003e-01 1.218423921861e-01 1.054959418571e-01 9.075373506147e-02 7.756133498858e-02 6.584439976268e-02 5.551313975312e-02 4.646685934274e-02 3.859845749469e-02 3.179870046547e-02 2.596005538630e-02 2.097983997665e-02 1.676245986116e-02 1.322058337636e-02 1.027524517991e-02 7.855049387296e-03 5.894813457080e-03 4.334092894201e-03 3.116012537533e-03 2.186697761557e-03 1.495389287147e-03 9.951089780835e-04 6.435921693664e-04
2.285319206580e-05 3.843628130099e-05 6.326196817483e-05 1.018077217879e-04 1.600916566525e-04 2.458763831483e-04 3.687611310800e-04 5.401263140409e-04 7.729298175419e-04 1.081405382866e-03 1.480766458416e-03 1.987052822448e-03 2.617252494498e-03 3.389780327425e-03 4.325308681358e-03 5.447852845639e-03 6.785950079933e-03 8.373760103526e-03 1.025195917154e-02 1.246837754395e-02 1.507840370074e-02 1.814521302701e-02 2.173985466381e-02 2.594115632434e-02 3.083531207898e-02 3.651495536698e-02 4.307753094609e-02 5.062289204383e-02 5.925024046699e-02 6.905473065214e-02 8.012417390442e-02 9.253622786047e-02 1.063562283312e-01 1.216354892770e-01 1.384096204530e-01 1.566963191106e-01 1.764922525814e-01 1.977690049220e-01 2.204684409942e-01 2.444981359690e-01 2.697275489144e-01 2.959855253043e-01 3.230594280579e-01 3.506959954430e-01 3.786038163510e-01 4.064573366555e-01 4.339022435496e-01 4.605621705933e-01 4.860467425052e-01 5.099609273137e-01 5.319156277072e-01 5.515393741963e-01 5.684906496910e-01 5.824701907070e-01 5.932321674923e-01 6.005928999563e-01 6.044358459179e-01 6.047117800713e-01 6.014342435432e-01 5.946713679275e-01 5.845364562945e-01 5.711803045028e-01 5.547876962601e-01 5.355788909245e-01 5.138146760948e-01 4.898016954774e-01 4.638940325083e-01 4.364880722807e-01 4.080099234124e-01 3.788972305827e-01 3.495788987547e-01 3.204565756697e-01 2.918906711651e-01 2.641920883333e-01 2.376191106508e-01 2.123780919122e-01 1.886263051336e-01 1.664756821881e-01 1.459967649231e-01 1.272225757224e-01 1.101524939139e-01 9.475622281190e-02 8.097798537003e-02 6.874094375776e-02 5.795182849332e-02 4.850567371768e-02 4.029053448217e-02 3.319200058696e-02 2.709729063502e-02 2.189865523646e-02 1.749583873683e-02 1.379741134322e-02 1.072093350201e-02 8.192113806263e-03 6.143317681472e-03 4.511908948968e-03 3.238905584555e-03 2.268293296489e-03 1.547108385282e-03 1.026154748207e-03 6.610416384048e-04
2.005370605824e-05 3.416664998832e-05 5.693716756917e-05 9.271950227672e-05 1.474382966993e-04 2.288210906407e-04 3.465174058644e-04 5.120600327856e-04 7.386595653823e-04 1.040878605581e-03 1.434292563053e-03 1.935286518888e-03 2.561138468658e-03 3.330487348972e-03 4.264190390681e-03 5.386469278398e-03 6.726169363119e-03 8.317939879655e-03 1.020319111460e-02 1.243077236421e-02 1.505740105603e-02 1.814791675077e-02 2.177541095143e-02 2.602119993899e-02 3.097449807975e-02 3.673156513412e-02 4.339410249307e-02 5.106678677188e-02 5.985404587400e-02 6.985642183190e-02 8.116701493432e-02 9.386847281882e-02 1.080307309077e-01 1.237093376234e-01 1.409438562853e-01 1.597557119749e-01 1.801450130473e-01 2.020862829928e-01 2.255234789454e-01 2.503650108204e-01 2.764795364375e-01 3.036931578249e-01 3.317883740848e-01 3.605048525680e-01 3.895419213975e-01 4.185626563397e-01 4.471993521157e-01 4.750604146788e-01 5.017385880965e-01 5.268205780301e-01 5.498980301312e-01 5.705796872757e-01 5.885043922430e-01 6.033541999313e-01 6.148665270980e-01 6.228438851499e-01 6.271596496731e-01 6.277587279271e-01 6.246528185273e-01 6.179114331907e-01 6.076512179041e-01 5.940269739844e-01 5.772273152820e-01 5.574761715015e-01 5.350388232901e-01 5.102286824081e-01 4.834103156972e-01 4.549949907181e-01 4.254277590845e-01 3.951679391444e-01 3.646670550532e-01 3.343485064455e-01 3.045923139959e-01 2.757261387328e-01 2.480220903127e-01 2.216976019498e-01 1.969186438903e-01 1.738037681986e-01 1.524282900121e-01 1.328283060141e-01 1.150046859911e-01 9.892715255999e-02 8.453859074102e-02 7.175962729028e-02 6.049342217847e-02 5.063060610341e-02 4.205421498995e-02 3.464445250668e-02 2.828304960507e-02 2.285694247370e-02 1.826097539456e-02 1.439941137238e-02 1.118617266580e-02 8.543958824839e-03 6.402613001269e-03 4.697263110124e-03 3.366780506752e-03 2.352957537080e-03 1.600549159785e-03 1.058042772096e-03 6.788117119121e-04
1.754314018213e-05 3.029155437581e-05 5.113205495961e-05 8.429139522041e-05 1.355942698519e-04 2.127263024836e-04 3.253831041040e-04 4.852517363972e-04 7.058061890311e-04 1.001957881695e-03 1.389670962309e-03 1.885704396948e-03 2.507650633596e-03 3.274388830719e-03 4.206968146373e-03 5.329818058786e-03 6.672093884466e-03 8.268943181409e-03 1.016252995140e-02 1.240275335989e-02 1.504769843889e-02 1.816391079185e-02 2.182656636542e-02 2.611951497998e-02 3.113504739120e-02 3.697313094337e-02 4.373984382735e-02 5.154485250446e-02 6.049801817849e-02 7.070549683715e-02 8.226589646807e-02 9.526703696639e-02 1.097835886768e-01 1.258754308186e-01 1.435861642438e-01 1.629410384900e-01 1.839437318166e-01 2.065718609810e-01 2.307716357262e-01 2.564524343980e-01 2.834821879641e-01 3.116842532507e-01 3.408361694799e-01 3.706703595141e-01 4.008766448542e-01 4.311063829301e-01 4.609780987804e-01 4.900844933826e-01 5.180009035896e-01 5.442951851949e-01 5.685390440955e-01 5.903206872067e-01 6.092584892813e-01 6.250149391550e-01 6.373098117009e-01 6.459309550649e-01 6.507410487107e-01 6.516787675971e-01 6.487539522049e-01 6.420378126418e-01 6.316508435558e-01 6.177523289661e-01 6.005349834029e-01 5.802263757907e-01 5.570959718727e-01 5.314636164603e-01 5.037041926854e-01 4.742440750585e-01 4.435479097743e-01 4.120977167133e-01 3.803687917170e-01 3.488074406065e-01 3.178142640474e-01 2.877344643020e-01 2.588545317599e-01 2.314034108420e-01 2.055560968255e-01 1.814380256986e-01 1.591294947070e-01 1.386698466655e-01 1.200615562680e-01 1.032744235864e-01 8.825000910455e-02 7.490635927598e-02 6.314297891937e-02 5.284596038502e-02 4.389314277056e-02 3.615912851930e-02 2.951991743172e-02 2.385687143995e-02 1.905968279500e-02 1.502808462117e-02 1.167218573567e-02 8.911556113159e-03 6.673444561309e-03 4.890701238803e-03 3.500015295552e-03 2.440935273256e-03 1.655858174560e-03 1.090853181472e-03 6.969418542674e-04
1.529861737110e-05 2.678368898678e-05 4.581529619045e-05 7.648860479484e-05 1.245217409597e-04 1.975510589906e-04 3.053133011721e-04 4.596510417730e-04 6.743122149128e-04 9.645777851752e-04 1.346829136019e-03 1.838229994178e-03 2.456714027406e-03 3.221418255049e-03 4.153591283985e-03 5.277871384511e-03 6.623725184463e-03 8.226807478820e-03 1.013005726400e-02 1.238445739360e-02 1.504950328472e-02 1.819349278886e-02 2.189373220733e-02 2.623665178780e-02 3.131767547976e-02 3.724055970867e-02 4.411588175541e-02 5.205847093042e-02 6.118383966911e-02 7.160400053973e-02 8.342330246631e-02 9.673493187312e-02 1.116184341661e-01 1.281381153112e-01 1.463416904006e-01 1.662583278081e-01 1.878954027859e-01 2.112337871645e-01 2.362221134602e-01 2.627708659555e-01 2.907473269150e-01 3.199721032840e-01 3.502176755505e-01 3.812090394194e-01 4.126262322590e-01 4.441085593904e-01 4.752603458752e-01 5.056581143270e-01 5.348592486266e-01 5.624121363351e-01 5.878678540553e-01 6.107933137411e-01 6.307855616940e-01 6.474865938927e-01 6.605976045273e-01 6.698909204632e-01 6.752177921412e-01 6.765102627708e-01 6.737763092166e-01 6.670891705942e-01 6.565737530099e-01 6.423943926913e-01 6.247482347171e-01 6.038664838613e-01 5.800224667573e-01 5.535420306002e-01 5.248101524278e-01 4.942684926904e-01 4.624019711302e-01 4.297163557100e-01 3.967119817848e-01 3.638592694734e-01 3.315804469431e-01 3.002390483714e-01 2.701365382813e-01 2.415138082822e-01 2.145552026994e-01 1.893933190025e-01 1.661136613967e-01 1.447589872787e-01 1.253334972076e-01 1.078071368426e-01 9.212015233803e-02 7.818797308667e-02 6.590635874296e-02 5.515673045441e-02 4.581155411501e-02 3.773960887741e-02 3.081091209853e-02 2.490098021648e-02 1.989408734464e-02 1.568519819910e-02 1.218041959488e-02 9.296062808017e-03 6.956707636239e-03 5.092886913680e-03 3.639076724618e-03 2.532535388703e-03 1.713226228805e-03 1.124695271209e-03 7.154899962083e-04
1.329817155769e-05 2.361650898462e-05 4.095607746212e-05 6.927654313677e-05 1.141827124210e-04 1.832537867022e-04 2.862618722267e-04 4.352055372107e-04 6.441169996810e-04 9.286682629322e-04 1.305688278767e-03 1.792778972168e-03 2.408244505879e-03 3.171499130913e-03 4.103998970445e-03 5.230591588418e-03 6.581055519718e-03 8.191561735141e-03 1.010584687206e-02 1.237601458161e-02 1.506301797092e-02 1.823695831138e-02 2.197732233267e-02 2.637317031383e-02 3.152311691892e-02 3.753478966827e-02 4.452338958343e-02 5.260908813277e-02 6.191327962301e-02 7.255409264114e-02 8.464186847741e-02 9.827536798368e-02 1.135391589100e-01 1.305020670544e-01 1.492159951767e-01 1.697141188725e-01 1.920076399456e-01 2.160808542487e-01 2.418849876724e-01 2.693317903799e-01 2.982879715770e-01 3.285713780071e-01 3.599493403975e-01 3.921392171675e-01 4.248109786619e-01 4.575915111173e-01 4.900705039966e-01 5.218078020025e-01 5.523422588212e-01 5.812021640554e-01 6.079172622979e-01 6.320323635379e-01 6.531223151100e-01 6.708076804361e-01 6.847700724515e-01 6.947653445211e-01 7.006325666316e-01 7.022966932810e-01 6.997637656770e-01 6.931094234646e-01 6.824636210262e-01 6.679964101689e-01 6.499097932456e-01 6.284386175672e-01 6.038597122141e-01 5.765044360779e-01 5.467675380051e-01 5.151061123731e-01 4.820260287382e-01 4.480579333126e-01 4.137285272378e-01 3.795336658118e-01 3.459182897073e-01 3.132651192918e-01 2.818911979601e-01 2.520498045504e-01 2.239349829092e-01 1.976867639142e-01 1.733960878719e-01 1.511093141773e-01 1.308324986289e-01 1.125358015953e-01 9.615817111645e-02 8.161237985532e-02 6.879035810545e-02 5.756871982785e-02 4.781437729686e-02 3.939006507425e-02 3.215955434065e-02 2.599223501123e-02 2.076667877650e-02 1.637282714189e-02 1.271258019721e-02 9.698851002142e-03 7.253471737847e-03 5.304620544882e-03 3.784534915125e-03 2.628141449336e-03 1.772895560863e-03 1.159712151893e-03 7.345353236575e-04
1.152083702413e-05 2.076437234077e-05 3.652430863424e-05 6.262111081466e-05 1.045394001029e-04 1.697928024269e-04 2.681821461483e-04 4.118616256728e-04 6.151577910711e-04 8.941559352080e-04 1.266164887823e-03 1.749261047746e-03 2.362151176009e-03 3.124548149025e-03 4.058124246070e-03 5.187936289567e-03 6.544074380769e-03 8.163234414428e-03 1.008997480060e-02 1.237756043060e-02 1.508845444854e-02 1.829461830628e-02 2.207777418649e-02 2.652966505937e-02 3.175215543402e-02 3.785682632959e-02 4.496362945682e-02 5.319826467119e-02 6.268825293254e-02 7.355811683350e-02 8.592446246803e-02 9.989184992496e-02 1.155500234262e-01 1.329724223580e-01 1.522152043734e-01 1.733156348010e-01 1.962888747080e-01 2.211228163728e-01 2.477714731954e-01 2.761480116623e-01 3.061186656820e-01 3.374985158219e-01 3.700496152933e-01 4.034814875145e-01 4.374537216925e-01 4.715804050318e-01 5.054361311592e-01 5.385635367217e-01 5.704823516538e-01 6.007001029808e-01 6.287244611267e-01 6.540773433296e-01 6.763104769139e-01 6.950220058548e-01 7.098729222688e-01 7.206015996621e-01 7.270340764154e-01 7.290876791163e-01 7.267664521313e-01 7.201488154770e-01 7.093704718408e-01 6.946079522474e-01 6.760686295198e-01 6.539910513736e-01 6.286551741825e-01 6.003972825122e-01 5.696214931174e-01 5.368004093105e-01 5.024615404990e-01 4.671616110511e-01 4.314551201449e-01 3.958647620401e-01 3.608593715618e-01 3.268417383453e-01 2.941451210860e-01 2.630356364235e-01 2.337173788072e-01 2.063381025510e-01 1.809944367273e-01 1.577365254330e-01 1.365724230250e-01 1.174725779151e-01 1.003746603904e-01 8.518875206056e-02 7.180286235750e-02 6.008866791125e-02 4.990734295109e-02 4.111534950206e-02 3.356994441487e-02 2.713409238095e-02 2.168036354509e-02 1.709339898611e-02 1.327066996074e-02 1.012153879117e-02 7.565006090795e-03 5.526859657349e-03 3.937078808522e-03 2.728222863030e-03 1.835167469605e-03 1.196085566187e-03 7.541811061797e-04
9.946721019798e-06 1.820266274637e-05 3.249081027689e-05 5.648896206805e-05 9.555460333451e-05 1.571268222966e-04 2.510276025923e-04 3.895654483024e-04 5.873709128801e-04 8.609655947509e-04 1.228172671790e-03 1.707582395577e-03 2.318339518664e-03 3.080479168839e-03 4.015899227141e-03 5.149865078977e-03 6.512776975455e-03 8.141864137355e-03 1.008253232471e-02 1.238925175488e-02 1.512605346676e-02 1.836682223539e-02 2.219557639795e-02 2.670679856154e-02 3.200566398619e-02 3.820779024088e-02 4.543800928684e-02 5.382774342008e-02 6.351089929740e-02 7.461869415321e-02 8.727429438486e-02 1.015883036913e-01 1.176558074592e-01 1.355549519407e-01 1.553462093169e-01 1.770710187717e-01 2.007486247419e-01 2.263707050577e-01 2.538942618723e-01 2.832340529533e-01 3.142559241822e-01 3.467721848310e-01 3.805395007007e-01 4.152593117943e-01 4.505805104619e-01 4.861039729059e-01 5.213887183929e-01 5.559596066967e-01 5.893166291057e-01 6.209458404990e-01 6.503321015731e-01 6.769735596046e-01 7.003979147559e-01 7.201798454138e-01 7.359586318513e-01 7.474540829508e-01 7.544782776150e-01 7.569403138189e-01 7.548421128941e-01 7.482652524694e-01 7.373519730477e-01 7.222861699271e-01 7.032812150017e-01 6.805794690458e-01 6.544635981968e-01 6.252741406100e-01 5.934240721639e-01 5.594015226718e-01 5.237563389148e-01 4.870725873248e-01 4.499341272028e-01 4.128919880337e-01 3.764401794072e-01 3.410024914754e-01 3.069290595837e-01 2.744993095295e-01 2.439277519817e-01 2.153701677702e-01 1.889291278943e-01 1.646587748699e-01 1.425693016977e-01 1.226315355597e-01 1.047818874101e-01 8.892771082268e-02 7.495301235621e-02 6.272438987573e-02 5.209710007386e-02 4.292109627480e-02 3.504684330670e-02 2.833056935220e-02 2.263852090678e-02 1.784974086654e-02 1.385702733969e-02 1.056602331217e-02 7.892806675431e-03 5.760740408215e-03 4.097532574472e-03 2.833346724232e-03 1.900410287386e-03 1.234040884906e-03 7.745575574958e-04
8.557057874546e-06 1.590789181680e-05 2.882747364839e-05 5.084774224831e-05 8.719204984486e-05 1.452154545611e-04 2.347525658895e-04 3.682638441114e-04 5.606930528999e-04 8.290219105130e-04 1.191624713953e-03 1.667648495411e-03 2.276715027509e-03 3.039208075980e-03 3.977261441644e-03 5.116347749789e-03 6.487174742155e-03 8.127512832110e-03 1.008364226160e-02 1.241128665762e-02 1.517610886746e-02 1.845398730770e-02 2.233130433322e-02 2.690534395047e-02 3.228465562107e-02 3.858897829645e-02 4.594815608250e-02 5.449953600039e-02 6.438368638520e-02 7.573884331132e-02 8.869505760162e-02 1.033692428747e-01 1.198620037941e-01 1.382562867119e-01 1.586169340929e-01 1.809896289702e-01 2.053978407048e-01 2.318372173843e-01 2.602679749282e-01 2.906066414496e-01 3.227187870852e-01 3.564139359732e-01 3.914432214093e-01 4.274997719814e-01 4.642214322755e-01 5.011954266710e-01 5.379646773860e-01 5.740356795458e-01 6.088880162068e-01 6.419855619169e-01 6.727895357592e-01 7.007734691236e-01 7.254400367541e-01 7.463393857099e-01 7.630879334902e-01 7.753857741358e-01 7.830299846455e-01 7.859207551847e-01 7.840576696834e-01 7.775258725086e-01 7.664750185110e-01 7.510973727030e-01 7.316130517676e-01 7.082684145171e-01 6.813484155647e-01 6.511970710760e-01 6.182355791243e-01 5.829675340573e-01 5.459658283747e-01 5.078432207953e-01 4.692146118440e-01 4.306610184350e-01 3.927029744572e-01 3.557862752932e-01 3.202786276440e-01 2.864732549341e-01 2.545954641006e-01 2.248093828823e-01 1.972237933391e-01 1.718970629787e-01 1.488416843367e-01 1.280289526825e-01 1.093940436517e-01 9.284155001396e-02 7.825138445151e-02 6.548493402167e-02 5.439134639324e-02 4.481382786582e-02 3.659576271754e-02 2.958631510697e-02 2.364506433538e-02 1.864513040928e-02 1.447436913161e-02 1.103451593063e-02 8.238625171313e-03 6.007600692267e-03 4.266873206091e-03 2.944190488972e-03 1.969067891796e-03 1.273852348014e-03 7.958247757978e-04
7.334244091433e-06 1.385777651400e-05 2.550739354884e-05 4.566629299851e-05 7.941670122020e-05 1.340196576622e-04 2.193128771859e-04 3.479053089330e-04 5.350626016701e-04 7.982512061569e-04 1.156435877950e-03 1.629367279111e-03 2.237187480695e-03 3.000658376971e-03 3.942161248476e-03 5.087373970822e-03 6.467307705885e-03 8.120281442036e-03 1.009347852015e-02 1.244392846330e-02 1.523899681892e-02 1.855663434720e-02 2.248566311686e-02 2.712623687968e-02 3.259034671878e-02 3.900193936481e-02 4.649600647349e-02 5.521603099308e-02 6.530953695016e-02 7.692213198843e-02 9.019110585316e-02 1.052399770651e-01 1.221750613233e-01 1.410842022663e-01 1.620366610110e-01 1.850824288901e-01 2.102493341617e-01 2.375372087603e-01 2.669097134899e-01 2.982853517274e-01 3.315295231730e-01 3.664489584678e-01 4.027891202805e-01 4.402345472262e-01 4.784116671106e-01 5.168935805021e-01 5.552065621196e-01 5.928381123961e-01 6.292466902087e-01 6.638732132424e-01 6.961544268025e-01 7.255383177468e-01 7.515015222261e-01 7.735685397959e-01 7.913316951459e-01 8.044701214455e-01 8.127647837354e-01 8.161061354206e-01 8.144911819290e-01 8.080090327459e-01 7.968176703895e-01 7.811189034436e-01 7.611405052582e-01 7.371331039391e-01 7.093834908989e-01 6.782382873868e-01 6.441261482680e-01 6.075659726665e-01 5.691544054376e-01 5.295343559737e-01 4.893535866004e-01 4.492248964367e-01 4.096968202001e-01 3.712382366045e-01 3.342351450163e-01 2.989950850993e-01 2.657545498707e-01 2.346863564770e-01 2.059057973873e-01 1.794757007361e-01 1.554110319454e-01 1.336836533026e-01 1.142275370082e-01 9.694447718785e-02 8.171020632569e-02 6.838075636578e-02 5.679897470006e-02 4.680107699772e-02 3.822306476525e-02 3.090669403349e-02 2.470450866714e-02 1.948335145316e-02 1.512583624358e-02 1.152958050179e-02 8.604500370491e-03 6.269005195859e-03 4.446249734603e-03 3.061555781894e-03 2.041668926024e-03 1.315848723247e-03 8.181758467227e-04
6.261854110520e-06 1.203129087414e-05 2.250496591562e-05 4.091481318647e-05 7.219501020100e-05 1.235021376900e-04 2.046665042479e-04 3.284409089451e-04 5.104209528278e-04 7.685832882463e-04 1.122525283330e-03 1.592652509239e-03 2.199675482827e-03 2.964767443161e-03 3.910570231264e-03 5.062964376149e-03 6.453258866071e-03 8.120328037961e-03 1.011228878122e-02 1.248753396637e-02 1.531521045218e-02 1.867542960302e-02 2.265953885224e-02 2.737063790014e-02 3.292423191444e-02 3.944856495030e-02 4.708391563072e-02 5.598012374803e-02 6.629198409984e-02 7.817285906633e-02 9.176766931360e-02 1.072068645893e-01 1.246026839212e-01 1.440479668764e-01 1.656164312798e-01 1.893624418649e-01 2.153183204346e-01 2.434883039376e-01 2.738397494549e-01 3.062933636748e-01 3.407144942814e-01 3.769070584654e-01 4.146106932094e-01 4.535010603738e-01 4.931927529315e-01 5.332442561931e-01 5.731645881369e-01 6.124215724136e-01 6.504517913535e-01 6.866723684520e-01 7.204946875403e-01 7.513402079399e-01 7.786584645834e-01 8.019471208279e-01 8.207731406504e-01 8.347933481289e-01 8.437713561101e-01 8.475869589697e-01 8.462342378669e-01 8.398066246539e-01 8.284714698023e-01 8.124414308141e-01 7.919530332169e-01 7.672615654656e-01 7.386552001536e-01 7.064821765605e-01 6.711776670895e-01 6.332756279960e-01 5.933971660428e-01 5.522169040184e-01 5.104174558855e-01 4.686453807720e-01 4.274788201717e-01 3.874108795902e-01 3.488466357910e-01 3.121084755526e-01 2.774445020805e-01 2.450365846486e-01 2.150068455447e-01 1.874228325604e-01 1.623021745558e-01 1.396174075699e-01 1.193013304122e-01 1.012529075276e-01 8.534359383566e-02 7.142392192056e-02 5.933024200223e-02 4.889152422222e-02 3.993607536549e-02 3.229787801297e-02 2.582204522015e-02 2.036875519314e-02 1.581504609732e-02 1.205417613458e-02 8.992793259306e-03 6.546773519450e-03 4.637004690586e-03 3.186383880259e-03 2.118837137808e-03 1.360419584474e-03 8.418402608156e-04
5.324638009153e-06 1.040869285386e-05 1.979595201168e-05 3.656497358095e-05 6.549511079331e-05 1.136276681313e-04 1.907740647680e-04 3.098250943212e-04 4.867137303080e-04 7.399532161809e-04 1.089818795187e-03 1.557427279457e-03 2.164111367925e-03 2.931493274390e-03 3.882490367653e-03 5.043182767776e-03 6.445170150879e-03 8.127888323560e-03 1.014042032116e-02 1.254258532170e-02 1.540539915212e-02 1.881123337477e-02 2.285405773206e-02 2.764000417042e-02 3.328817149433e-02 3.993119514832e-02 4.771478486836e-02 5.679536985705e-02 6.733535315324e-02 7.949627128943e-02 9.343111000728e-02 1.092776146600e-01 1.271541829728e-01 1.471587525332e-01 1.693695324435e-01 1.938453134814e-01 2.206230464538e-01 2.497116125312e-01 2.810823495865e-01 3.146584002381e-01 3.503051950520e-01 3.878238146598e-01 4.269478993271e-01 4.673439103973e-01 5.086141636591e-01 5.503019704799e-01 5.918984575581e-01 6.328510225367e-01 6.725735477872e-01 7.104584636187e-01 7.458908278188e-01 7.782645407912e-01 8.070009094185e-01 8.315695145596e-01 8.515105952118e-01 8.664572370969e-01 8.761543238568e-01 8.804699457706e-01 8.793947807511e-01 8.730269485628e-01 8.615442627977e-01 8.451717206313e-01 8.241558940479e-01 7.987572631989e-01 7.692649457205e-01 7.360276827600e-01 6.994860672083e-01 6.601887311956e-01 6.187819579801e-01 5.759737492746e-01 5.324837969315e-01 4.889945641803e-01 4.461155683833e-01 4.043653969872e-01 3.641690169439e-01 3.258642405129e-01 2.897112286927e-01 2.559012908185e-01 2.245637228616e-01 1.957710826457e-01 1.695438656460e-01 1.458554012538e-01 1.246373484269e-01 1.057858011431e-01 8.916784117043e-02 7.462834855732e-02 6.199696920880e-02 5.109516342451e-02 4.174321856070e-02 3.376695568116e-02 2.700363199869e-02 2.130633400113e-02 1.654615058799e-02 1.261170625569e-02 9.406227253997e-03 6.843012401260e-03 4.840698894725e-03 3.319773617364e-03 2.201303359474e-03 1.408022624659e-03 8.670878959233e-04
4.508502701676e-06 8.971526928131e-06 1.735750742274e-05 3.258998210947e-05 5.928694400589e-05 1.043633178170e-04 1.775992292033e-04 2.920163786830e-04 4.638918571907e-04 7.123029024140e-04 1.058251399282e-03 1.523627423418e-03 2.130446099682e-03 2.900821435303e-03 3.857963758785e-03 5.028149334457e-03 6.443259825265e-03 8.143298095949e-03 1.017834835755e-02 1.260972570395e-02 1.551041303142e-02 1.896515437107e-02 2.307065283312e-02 2.793617131866e-02 3.368449116593e-02 4.045273956179e-02 4.839220824424e-02 5.766616102754e-02 6.844497285313e-02 8.089881456568e-02 9.518921991646e-02 1.114616392831e-01 1.298408921337e-01 1.504301237644e-01 1.733120629877e-01 1.985499630386e-01 2.261855539426e-01 2.562326054077e-01 2.886667511143e-01 3.234138279237e-01 3.603394900375e-01 3.992419639715e-01 4.398486794855e-01 4.818165566818e-01 5.247351414744e-01 5.681319602476e-01 6.114795433518e-01 6.542040556088e-01 6.956957672040e-01 7.353214443372e-01 7.724387808910e-01 8.064129937019e-01 8.366359607254e-01 8.625478649045e-01 8.836607648600e-01 8.995824859056e-01 9.100376617521e-01 9.148814591211e-01 9.141005948453e-01 9.077981515827e-01 8.961635881915e-01 8.794359407484e-01 8.578733537873e-01 8.317422188631e-01 8.013321815162e-01 7.669912495261e-01 7.291641263530e-01 6.884136029724e-01 6.454118396530e-01 6.009020743201e-01 5.556434726505e-01 5.103568178487e-01 4.656849403281e-01 4.221732647426e-01 3.802675480642e-01 3.403216209899e-01 3.026081855936e-01 2.673284196535e-01 2.346191719009e-01 2.045583176394e-01 1.771694457972e-01 1.524268053687e-01 1.302609553448e-01 1.105650764351e-01 9.320176700644e-02 7.801009240631e-02 6.481277820132e-02 5.342349941132e-02 4.365417711751e-02 3.532206281095e-02 2.825609705143e-02 2.230180609890e-02 1.732390794842e-02 1.320607638052e-02 9.847935745253e-03 7.160153899639e-03 5.059140878681e-03 3.463002763578e-03 2.289919899844e-03 1.459192475693e-03 8.942338446380e-04
3.800478868438e-06 7.702605253415e-06 1.516817912376e-05 2.896460011581e-05 5.354230749725e-05 9.567857209486e-05 1.651089777673e-04 2.749778292308e-04 4.419124051361e-04 6.855824909074e-04 1.027769289409e-03 1.491204705877e-03 2.098654044260e-03 2.872772112761e-03 3.837082672410e-03 5.018054528939e-03 6.447841064248e-03 8.167017436617e-03 1.022670714851e-02 1.268979842036e-02 1.563135121099e-02 1.913860993128e-02 2.331113837744e-02 2.826144452125e-02 3.411609350212e-02 4.101681349073e-02 4.912063759241e-02 5.859792480178e-02 6.962741483735e-02 8.238841934578e-02 9.705156100244e-02 1.137704573971e-01 1.326766454819e-01 1.538786027273e-01 1.774635859981e-01 2.034993499463e-01 2.320325444661e-01 2.630821082634e-01 2.966282977506e-01 3.325999456283e-01 3.708630699267e-01 4.112130054561e-01 4.533707660625e-01 4.969833105610e-01 5.416268786071e-01 5.868125551141e-01 6.319934726804e-01 6.765736810150e-01 7.199188365433e-01 7.613689598655e-01 8.002532465844e-01 8.359070307923e-01 8.676914469349e-01 8.950158710420e-01 9.173626587095e-01 9.343127015907e-01 9.455687418629e-01 9.509716403674e-01 9.505033950005e-01 9.442723126502e-01 9.324807474611e-01 9.153836662590e-01 8.932526111096e-01 8.663608111532e-01 8.349980785963e-01 7.995103024950e-01 7.603447964324e-01 7.180778092949e-01 6.734080920209e-01 6.271161025474e-01 5.800031952472e-01 5.328311367137e-01 4.862782196380e-01 4.409181946581e-01 3.972185645729e-01 3.555498411970e-01 3.161977762264e-01 2.793738793445e-01 2.452229674450e-01 2.138285812574e-01 1.852176453241e-01 1.593654730936e-01 1.362015535457e-01 1.156161083766e-01 9.746713491612e-02 8.158770411494e-02 6.779338972566e-02 5.588978623524e-02 4.568009000299e-02 3.697254233111e-02 2.958727009211e-02 2.336172140573e-02 1.815376770970e-02 1.384176512665e-02 1.032152003212e-02 7.501001809786e-03 5.294422710842e-03 3.617554177003e-03 2.385678269813e-03 1.514551698204e-03 9.236445390821e-04
3.188676427551e-06 6.585970458648e-06 1.320787312239e-05 2.566511250560e-05 4.823483379239e-05 8.754534561414e-05 1.532737060682e-04 2.586773498872e-04 4.207391711997e-04 6.597513771054e-04 9.983316090738e-04 1.460129636355e-03 2.068737449937e-03 2.847406971122e-03 3.819999640010e-03 5.013173376925e-03 6.459341467506e-03 8.199656407274e-03 1.028632297131e-02 1.278388868093e-02 1.576961479883e-02 1.933339168392e-02 2.357779099667e-02 2.861869872816e-02 3.458658106376e-02 4.162788863111e-02 4.990556668237e-02 5.959734734319e-02 7.089076177784e-02 8.397482271720e-02 9.902984846008e-02 1.162181496141e-01 1.356783210008e-01 1.575242989125e-01 1.818478840252e-01 2.087213424937e-01 2.381963948068e-01 2.702974501015e-01 3.050097590308e-01 3.422654661237e-01 3.819311147276e-01 4.237990998536e-01 4.675837561415e-01 5.129216425315e-01 5.593750821137e-01 6.064379523535e-01 6.535431476669e-01 7.000715793552e-01 7.453631986578e-01 7.887300802944e-01 8.294716476790e-01 8.668920432093e-01 9.003202453889e-01 9.291332980074e-01 9.527822061322e-01 9.708191520953e-01 9.829231715578e-01 9.889192395443e-01 9.887837440456e-01 9.826303531496e-01 9.706756391005e-01 9.531926421638e-01 9.304684205392e-01 9.027842665329e-01 8.704298636105e-01 8.337474714343e-01 7.931852305554e-01 7.493319885665e-01 7.029137812663e-01 6.547504805956e-01 6.056886327381e-01 5.565339855208e-01 5.080026945116e-01 4.606984773150e-01 4.151116167096e-01 3.716300056022e-01 3.305530229738e-01 2.921030155794e-01 2.564332237935e-01 2.236332328181e-01 1.937335788867e-01 1.667107820485e-01 1.424933062725e-01 1.209683501022e-01 1.019891743482e-01 8.538266134454e-02 7.095697901636e-02 5.850932982075e-02 4.783379548524e-02 3.872914217672e-02 3.100614176014e-02 2.449359077015e-02 1.904197632289e-02 1.452390998089e-02 1.083111962295e-02 7.868788494438e-03 5.548964316553e-03 3.785148367911e-03 2.489731455593e-03 1.574824740659e-03 9.557456455286e-04
2.662231325028e-06 5.606844055943e-06 1.145779877366e-05 2.266925816335e-05 4.333990248794e-05 7.993788831250e-05 1.420671636515e-04 2.430877272165e-04 4.003429389332e-04 6.347788438022e-04 9.699117073549e-04 1.430393758556e-03 2.040730383288e-03 2.824835613359e-03 3.806937490255e-03 5.013880033224e-03 6.478323177189e-03 8.242002032452e-03 1.035824925287e-02 1.289336857452e-02 1.592696325549e-02 1.955173641220e-02 2.387343791693e-02 2.901148804784e-02 3.510039151097e-02 4.229145918449e-02 5.075373378436e-02 6.067261989662e-02 7.224490550598e-02 8.566992660719e-02 1.011383817199e-01 1.188218748748e-01 1.388664435212e-01 1.613916391135e-01 1.864937962643e-01 2.142497062626e-01 2.447163020825e-01 2.779237904358e-01 3.138628332132e-01 3.524692311887e-01 3.936102284896e-01 4.370752107118e-01 4.825715397826e-01 5.297248664404e-01 5.780828946189e-01 6.271214625408e-01 6.762522384002e-01 7.248319111545e-01 7.721734413594e-01 8.175596268548e-01 8.602587250800e-01 8.995422070033e-01 9.347053540174e-01 9.650912264138e-01 9.901176989680e-01 1.009306340559e+00 1.022310476726e+00 1.028937413080e+00 1.029156827582e+00 1.023087795247e+00 1.010962493990e+00 9.930744003794e-01 9.697286285254e-01 9.412160346903e-01 9.078260336786e-01 8.698955750892e-01 8.278715884141e-01 7.823544129976e-01 7.340980715887e-01 6.839642690793e-01 6.328481171371e-01 5.816027199615e-01 5.309847833415e-01 4.816298103540e-01 4.340520021057e-01 3.886574001643e-01 3.457596255426e-01 3.055924287633e-01 2.683179871709e-01 2.340323409177e-01 2.027699413280e-01 1.745086820113e-01 1.491760264009e-01 1.266560824938e-01 1.067972188968e-01 8.941990629873e-02 7.432462735170e-02 6.129985242143e-02 5.013013507658e-02 4.060426186750e-02 3.252306240558e-02 2.570604791058e-02 1.999570951399e-02 1.525841574687e-02 1.138150093330e-02 8.267246191319e-03 5.825568773539e-03 3.967784462178e-03 2.603422165219e-03 1.640855839053e-03 9.910323536125e-04
2.211246674833e-06 4.751564943047e-06 9.900395523045e-06 1.995612914037e-05 3.883449453284e-05 7.283259205087e-05 1.314662362332e-04 2.281864430600e-04 3.807014086599e-04 6.106442647841e-04 9.424978417270e-04 1.402011326405e-03 2.014702090457e-03 2.805221579525e-03 3.798199052819e-03 5.020662448816e-03 6.505503738512e-03 8.295046419218e-03 1.044380351475e-02 1.301994461363e-02 1.610557513021e-02 1.979640229008e-02 2.420155241563e-02 2.944416440050e-02 3.566294451502e-02 4.301422293892e-02 5.167334443929e-02 6.183371071106e-02 7.370187663503e-02 8.748819506681e-02 1.033945201242e-01 1.216024367752e-01 1.422658764625e-01 1.655101738429e-01 1.914361889562e-01 2.201252221277e-01 2.516395703555e-01 2.860155983720e-01 3.232498439690e-01 3.632821516632e-01 4.059806327966e-01 4.511315841726e-01 4.984350548314e-01 5.475051954414e-01 5.978742914053e-01 6.489992038382e-01 7.002692635806e-01 7.510156702955e-01 8.005229985711e-01 8.480432318638e-01 8.928118853601e-01 9.340661337399e-01 9.710658266626e-01 1.003118228049e+00 1.029606173966e+00 1.050018536382e+00 1.063980764012e+00 1.071280466641e+00 1.071879268515e+00 1.065901587415e+00 1.053596623022e+00 1.035280961524e+00 1.011280688858e+00 9.818981636348e-01 9.474225167134e-01 9.081835993451e-01 8.646247410290e-01 8.173564379469e-01 7.671613652286e-01 7.149457528298e-01 6.616571029263e-01 6.081996797912e-01 5.553737859281e-01 5.038487235734e-01 4.541638671940e-01 4.067442514692e-01 3.619184262352e-01 3.199321691505e-01 2.809571579623e-01 2.450963669850e-01 2.123884832148e-01 1.828129494562e-01 1.562962619417e-01 1.327193424442e-01 1.119254865384e-01 9.372850071373e-02 7.792086703783e-02 6.428194992691e-02 5.258632557184e-02 4.261225669207e-02 3.414999108147e-02 2.700904943781e-02 2.102323410784e-02 1.605208787214e-02 1.197816647425e-02 8.700695199043e-03 6.127491725534e-03 4.167791737000e-03 2.728318685614e-03 1.713631991956e-03 1.030082766262e-03
1.826731023221e-06 4.007522151748e-06 8.519248771894e-06 1.750604748143e-05 3.469700504843e-05 6.620771883802e-05 1.214505920551e-04 2.139552685850e-04 3.617988118060e-04 5.873368444995e-04 9.160933235366e-04 1.375020301056e-03 1.990759656823e-03 2.788787746908e-03 3.794176626002e-03 5.034137203098e-03 6.541777577532e-03 8.360016409556e-03 1.054460673651e-02 1.316570871136e-02 1.630811292283e-02 2.007075118280e-02 2.456635735811e-02 2.992200684134e-02 3.628080251395e-02 4.380428040957e-02 5.267431628293e-02 6.309266449485e-02 7.527620774703e-02 8.944709248324e-02 1.058192124448e-01 1.245849229793e-01 1.459065755848e-01 1.699154845698e-01 1.967170152015e-01 2.263969409723e-01 2.590230821085e-01 2.946383532912e-01 3.332456861936e-01 3.747894065577e-01 4.191386692195e-01 4.660765697380e-01 5.152954373350e-01 5.663972500662e-01 6.188979734429e-01 6.722343646042e-01 7.257722060393e-01 7.788157657984e-01 8.306196066604e-01 8.804031598227e-01 9.273674134024e-01 9.707134084956e-01 1.009663629766e+00 1.043487527869e+00 1.071530804562e+00 1.093247411946e+00 1.108232521401e+00 1.116251749730e+00 1.117257097099e+00 1.111378074895e+00 1.098882383265e+00 1.080112643713e+00 1.055419348644e+00 1.025118768623e+00 9.894999535446e-01 9.488837176417e-01 9.037070452211e-01 8.545889318394e-01 8.023413851968e-01 7.479181606124e-01 6.923234621687e-01 6.365170838202e-01 5.813463485499e-01 5.275166416532e-01 4.755938912137e-01 4.260230547747e-01 3.791483714659e-01 3.352283605664e-01 2.944448302181e-01 2.569082042680e-01 2.226617787327e-01 1.916867309099e-01 1.639086115746e-01 1.392050451188e-01 1.174140374542e-01 9.834243307322e-02 8.177435708048e-02 6.747965112666e-02 5.522242071979e-02 4.476981545311e-02 3.590080045310e-02 2.841412407052e-02 2.213411177584e-02 1.691279769211e-02 1.262748996238e-02 9.174153647753e-03 6.458527498630e-03 4.387894360279e-03 2.866260317233e-03 1.794312371540e-03 1.073575256245e-03
1.500536165769e-06 3.363086017585e-06 7.299002012454e-06 1.530043274325e-05 3.090702883221e-05 6.004307027563e-05 1.120022151371e-04 2.003796675648e-04 3.436252204913e-04 5.648549470220e-04 8.907160934821e-04 1.349482707524e-03 1.969049997418e-03 2.775821250352e-03 3.795361271374e-03 5.055064687189e-03 6.588238585548e-03 8.438404957814e-03 1.066262527495e-02 1.333319293069e-02 1.653779356851e-02 2.037883819100e-02 2.497293800005e-02 3.045136328184e-02 3.696184735214e-02 4.467135376704e-02 5.376854963857e-02 6.446393379196e-02 7.698533833269e-02 9.156757595984e-02 1.084375875199e-01 1.277994160446e-01 1.498244453258e-01 1.746502026132e-01 2.023865282432e-01 2.331236120995e-01 2.669349493656e-01 3.038704438526e-01 3.439400204096e-01 3.870929549654e-01 4.331996441235e-01 4.820398228785e-01 5.332976279294e-01 5.865620973516e-01 6.413317869838e-01 6.970221236084e-01 7.529738873172e-01 8.084628018385e-01 8.627115595374e-01 9.149050208582e-01 9.642076205562e-01 1.009782165989e+00 1.050811609608e+00 1.086525309137e+00 1.116229534762e+00 1.139340904572e+00 1.155421671084e+00 1.164212891633e+00 1.165655050998e+00 1.159882338508e+00 1.147182427259e+00 1.127927238496e+00 1.102495646442e+00 1.071220828374e+00 1.034392254224e+00 9.923195814303e-01 9.454303045836e-01 8.943499103615e-01 8.399204037011e-01 7.831464126509e-01 7.250937869347e-01 6.667828294098e-01 6.091118118754e-01 5.528247604950e-01 4.985156986370e-01 4.466505390200e-01 3.975900851327e-01 3.516063777695e-01 3.088920720003e-01 2.695656316491e-01 2.336753654651e-01 2.012043902611e-01 1.720773225358e-01 1.461683486579e-01 1.233099260337e-01 1.033015911498e-01 8.591869939050e-02 7.092109529236e-02 5.806187228239e-02 4.709641990286e-02 3.779165255497e-02 2.993467725710e-02 2.333944633818e-02 1.784968594062e-02 1.333688388714e-02 9.693473391710e-03 6.823116741544e-03 4.631292530769e-03 3.019414724765e-03 1.884265741397e-03 1.122310763800e-03
1.225296527232e-06 2.807541318761e-06 6.225271250439e-06 1.332166919496e-05 2.744513718341e-05 5.431962504145e-05 1.031048623800e-04 1.874480570796e-04 3.261756206638e-04 5.432050571304e-04 8.663978144759e-04 1.325484379057e-03 1.949761276323e-03 2.766677985914e-03 3.802352140104e-03 5.084365009742e-03 6.646204122281e-03 8.532005104472e-03 1.080021670014e-02 1.352542948856e-02 1.679846569065e-02 2.072551019027e-02 2.542736684483e-02 3.103980711702e-02 3.771547629550e-02 4.562703075222e-02 5.497022843308e-02 6.596474880637e-02 7.885006472230e-02 9.387463921956e-02 1.112796163618e-01 1.312817940261e-01 1.540623023118e-01 1.797651626006e-01 2.085046458221e-01 2.403752802755e-01 2.754563864058e-01 3.138053538657e-01 3.554397631493e-01 4.003143982800e-01 4.483010749402e-01 4.991759707931e-01 5.526144902360e-01 6.081918076469e-01 6.653878509525e-01 7.235952247899e-01 7.821281013295e-01 8.402317855240e-01 8.970949356697e-01 9.518655252443e-01 1.003669084533e+00 1.051627843969e+00 1.094882692315e+00 1.132620338260e+00 1.164105067268e+00 1.188713510217e+00 1.205972131464e+00 1.215594511630e+00 1.217507411265e+00 1.211849039860e+00 1.198928562486e+00 1.179150743026e+00 1.152927473093e+00 1.120612497040e+00 1.082496604344e+00 1.038876037919e+00 9.901651475399e-01 9.369935009620e-01 8.802337203757e-01 8.209451089071e-01 7.602607987081e-01 6.992673529220e-01 6.389184890757e-01 5.799997843233e-01 5.231350731581e-01 4.688123878846e-01 4.174100723072e-01 3.692145950420e-01 3.244302610636e-01 2.831842324170e-01 2.455302931739e-01 2.114537200690e-01 1.808781927674e-01 1.536742839482e-01 1.296685921730e-01 1.086529393383e-01 9.039342503241e-02 7.463935893899e-02 6.113221358187e-02 4.961490545740e-02 3.984145649975e-02 3.158636378233e-02 2.465218770987e-02 1.887341144516e-02 1.411500332983e-02 1.026550680953e-02 7.226478968105e-03 4.901763266928e-03 3.190349795461e-03 1.985117849485e-03 1.177241299727e-03
9.943715732180e-07 2.331025071055e-06 5.284567243773e-06 1.155298405635e-05 2.429266404448e-05 4.901917298028e-05 9.474348875605e-05 1.751509755021e-04 3.094488069292e-04 5.224004439712e-04 8.431825097085e-04 1.303134199173e-03 1.933123843118e-03 2.761786917911e-03 3.815866142725e-03 5.123134982531e-03 6.717241426928e-03 8.642947359621e-03 1.096018038948e-02 1.374601735379e-02 1.709469569183e-02 2.111651582552e-02 2.593684293953e-02 3.169631306906e-02 3.855282190869e-02 4.668503786494e-02 5.629615927520e-02 6.761553521541e-02 8.089504955117e-02 9.639793095755e-02 1.143808589061e-01 1.350746265265e-01 1.586709560182e-01 1.853206960865e-01 2.151425020578e-01 2.482351255382e-01 2.846838535528e-01 3.245541206040e-01 3.678719444623e-01 4.145982285295e-01 4.646063999759e-01 5.176688279595e-01 5.734515267071e-01 6.315147637805e-01 6.913183923531e-01 7.522304735531e-01 8.135366885749e-01 8.744497989143e-01 9.341219132130e-01 9.916614193766e-01 1.046152232477e+00 1.096673283458e+00 1.142320549497e+00 1.182235116157e+00 1.215636417899e+00 1.241858243759e+00 1.260388064759e+00 1.270908703569e+00 1.273330613056e+00 1.267795116465e+00 1.254634350415e+00 1.234289844001e+00 1.207211804032e+00 1.173779099846e+00 1.134285178352e+00 1.089010477738e+00 1.038351991833e+00 9.829404415559e-01 9.236796553974e-01 8.616878968635e-01 7.981721031826e-01 7.342917107922e-01 6.710611079370e-01 6.093107215521e-01 5.496961350916e-01 4.927288008989e-01 4.388057274059e-01 3.882288515314e-01 3.412150313322e-01 2.979008784717e-01 2.583461704211e-01 2.225385885205e-01 1.904008545845e-01 1.617997091301e-01 1.365555270042e-01 1.144519251139e-01 9.524518132287e-02 7.867344414168e-02 6.446587729292e-02 5.235213800525e-02 4.207242078035e-02 3.338753726737e-02 2.608749979709e-02 1.999645313507e-02 1.497199511879e-02 1.089830984436e-02 7.674775702524e-03 5.203785342940e-03 3.382123594804e-03 2.098811073015e-03 1.239506118415e-03
8.017920721952e-07 1.924470619325e-06 4.464229173452e-06 9.978343650025e-06 2.143151553723e-05 4.412397001915e-05 8.690367489076e-05 1.634802172141e-04 2.934461732651e-04 5.024596289776e-04 8.211249317950e-04 1.282562945400e-03 1.919410874388e-03 2.761654467425e-03 3.836748389733e-03 5.172667069207e-03 6.803196985111e-03 8.773741907571e-03 1.114581482767e-02 1.399919753822e-02 1.743186494710e-02 2.155862969691e-02 2.650984999801e-02 3.243145618336e-02 3.948700130991e-02 4.786155189789e-02 5.776615608338e-02 6.944038544660e-02 8.314939751810e-02 9.917245754752e-02 1.177833140195e-01 1.392282061447e-01 1.637104531362e-01 1.913881294857e-01 2.223842192238e-01 2.568015396059e-01 2.947314950575e-01 3.362481817968e-01 3.813869632126e-01 4.301155771269e-01 4.823092462295e-01 5.377361929996e-01 5.960522961659e-01 6.568017072494e-01 7.194224770829e-01 7.832561262865e-01 8.475576777816e-01 9.115048881117e-01 9.742104046160e-01 1.034739825236e+00 1.092132337974e+00 1.145420462870e+00 1.193651939959e+00 1.235918798278e+00 1.271392389598e+00 1.299360474546e+00 1.319268075111e+00 1.330763507415e+00 1.333737891105e+00 1.328334497677e+00 1.314909838581e+00 1.293946476741e+00 1.265939079325e+00 1.231297157493e+00 1.190318815504e+00 1.143266147856e+00 1.090513886487e+00 1.032690380442e+00 9.707312104318e-01 9.058184755778e-01 8.392404147603e-01 7.722370710647e-01 7.058895310784e-01 6.410768701065e-01 5.784885949407e-01 5.186610579702e-01 4.620112350399e-01 4.088577113996e-01 3.594309420992e-01 3.138778328842e-01 2.722647556242e-01 2.345820587886e-01 2.007514712901e-01 1.706356293982e-01 1.440482460536e-01 1.207641571508e-01 1.005291424272e-01 8.306946088174e-02 6.810118270363e-02 5.533982358457e-02 4.451071913838e-02 3.535979475379e-02 2.766320295810e-02 2.123347285549e-02 1.591979729443e-02 1.160139008899e-02 8.175309324975e-03 5.542693170491e-03 3.598395862450e-03 2.227679316105e-03 1.310477498801e-03
6.422105310489e-07 1.579558983184e-06 3.752372003376e-06 8.582374147501e-06 1.884401564309e-05 3.961643806528e-05 7.957109585961e-05 1.524279857687e-04 2.781704792156e-04 4.834047356164e-04 8.002886769356e-04 1.263921895279e-03 1.908938887282e-03 2.766869201286e-03 3.865983874880e-03 5.234470708895e-03 6.906230161058e-03 8.927326677637e-03 1.136098295714e-02 1.428993921427e-02 1.781628125395e-02 2.205979510879e-02 2.715633717653e-02 3.325764034781e-02 4.053340270793e-02 4.917555546995e-02 5.940348219005e-02 7.146760412452e-02 8.564732370915e-02 1.022393841993e-01 1.215363886551e-01 1.438017248296e-01 1.692514953567e-01 1.980514804259e-01 2.303289382710e-01 2.661905480889e-01 3.057339567603e-01 3.490426374587e-01 3.961623575702e-01 4.470685146550e-01 5.016383219993e-01 5.596354214615e-01 6.207046821500e-01 6.843727255938e-01 7.500538122025e-01 8.170605255480e-01 8.846147203332e-01 9.518563284060e-01 1.017855143778e+00 1.081630194496e+00 1.142172302240e+00 1.198464025960e+00 1.249500995084e+00 1.294322170774e+00 1.332047107940e+00 1.361914085951e+00 1.383321781476e+00 1.395879791620e+00 1.399456365957e+00 1.394195224652e+00 1.380478634571e+00 1.358834783842e+00 1.329809848175e+00 1.293850725156e+00 1.251262938100e+00 1.202287606206e+00 1.147271469348e+00 1.086836259451e+00 1.021949762208e+00 9.538634494092e-01 8.839555835981e-01 8.135558197558e-01 7.438189899625e-01 6.756771892254e-01 6.098562875537e-01 5.469192406667e-01 4.873044940374e-01 4.313486613039e-01 3.792969724251e-01 3.313076049100e-01 2.874542046241e-01 2.477300923737e-01 2.120559361782e-01 1.802899425127e-01 1.522386399406e-01 1.276673959349e-01 1.063106902147e-01 8.788203339328e-02 7.208350325699e-02 5.861547686946e-02 4.718728306913e-02 3.752862386072e-02 2.940030568260e-02 2.260175339463e-02 1.697250166884e-02 1.238600462780e-02 8.736766125953e-03 5.924865996870e-03 3.843566867291e-03 2.374541797383e-03 1.391818525364e-03
5.108556683260e-07 1.288677036899e-06 3.137847884685e-06 7.350308554531e-06 1.651279502754e-05 3.547892494966e-05 7.273106386510e-05 1.419861159666e-04 2.636246450952e-04 4.652598133562e-04 7.807442247655e-04 1.247381291935e-03 1.902068294498e-03 2.778107135461e-03 3.904710787424e-03 5.310296936443e-03 7.028851935836e-03 9.107123121188e-03 1.161018793682e-02 1.462403939910e-02 1.825530729208e-02 2.262928816640e-02 2.788792788948e-02 3.418936136152e-02 4.171001511459e-02 5.064924885568e-02 6.123535820290e-02 7.373033210494e-02 8.842891098726e-02 1.056469664566e-01 1.256980245423e-01 1.488646307414e-01 1.753770751373e-01 2.054094328695e-01 2.390931686232e-01 2.765385692190e-01 3.178496333727e-01 3.631200100565e-01 4.124071306535e-01 4.656950381420e-01 5.228631022446e-01 5.836698432150e-01 6.477480993504e-01 7.146053682521e-01 7.836297263951e-01 8.541019953433e-01 9.252079597469e-01 9.960465061485e-01 1.065640567089e+00 1.132958162664e+00 1.196937476139e+00 1.256507009649e+00 1.310605833326e+00 1.358215057156e+00 1.398398159190e+00 1.430340100588e+00 1.453388976276e+00 1.467110806914e+00 1.471346861746e+00 1.466239433323e+00 1.452197854591e+00 1.429800861986e+00 1.399654206728e+00 1.362250369735e+00 1.317906113260e+00 1.266838780846e+00 1.209360469776e+00 1.146081102946e+00 1.078001001632e+00 1.006447388151e+00 9.328986314344e-01 8.587845730533e-01 7.853420586711e-01 7.135612540222e-01 6.442071694461e-01 5.778712715540e-01 5.150152639179e-01 4.559953826831e-01 4.010729900010e-01 3.504186450148e-01 3.041140701001e-01 2.621559005800e-01 2.244636450498e-01 1.908906817369e-01 1.612357404142e-01 1.352539066077e-01 1.126674012595e-01 9.317597323883e-02 7.646665956890e-02 6.222357461394e-02 5.013875251788e-02 3.992418012378e-02 3.132363845567e-02 2.412171969714e-02 1.814678630622e-02 1.326552112837e-02 9.369510642114e-03 6.357959722241e-03 4.122948830870e-03 2.542820236328e-03 1.485556020997e-03
4.034903969397e-07 1.044881784101e-06 2.610220575895e-06 6.267960186709e-06 1.442072713554e-05 3.169353553334e-05 6.636816011323e-05 1.321453975343e-04 2.498106445069e-04 4.480492154406e-04 7.625669284269e-04 1.233128747279e-03 1.899204094502e-03 2.796137844837e-03 3.954235917882e-03 5.402167047903e-03 7.173970182562e-03 9.317101112839e-03 1.189866125831e-02 1.500823871334e-02 1.875751020354e-02 2.327790857275e-02 2.871816165972e-02 3.524351247982e-02 4.303781100330e-02 5.230852583457e-02 6.329355447674e-02 7.626727494655e-02 9.154100104274e-02 1.094516189795e-01 1.303359914916e-01 1.544981934677e-01 1.821843714415e-01 2.135776055311e-01 2.488135014733e-01 2.880056372783e-01 3.312644283259e-01 3.786946151780e-01 4.303667877524e-01 4.862748183945e-01 5.463003961029e-01 6.101962089726e-01 6.775818929718e-01 7.479439878760e-01 8.206415986209e-01 8.949203937616e-01 9.699267050327e-01 1.044714690470e+00 1.118255780704e+00 1.189461628978e+00 1.257212802178e+00 1.320379098297e+00 1.377837795072e+00 1.428506492159e+00 1.471387580444e+00 1.505608480858e+00 1.530461984761e+00 1.545464989690e+00 1.550426965106e+00 1.545486533958e+00 1.531081284074e+00 1.507845752374e+00 1.476454449502e+00 1.437455378776e+00 1.391181667427e+00 1.337824049976e+00 1.277652072509e+00 1.211257591153e+00 1.139673626658e+00 1.064310398125e+00 9.867581682958e-01 9.085593930582e-01 8.310426747697e-01 7.552621273877e-01 6.820250126472e-01 6.119535129725e-01 5.455346908260e-01 4.831462894705e-01 4.250673322312e-01 3.714820461235e-01 3.224811735672e-01 2.780650640913e-01 2.381519310546e-01 2.025898383687e-01 1.711689934820e-01 1.436332401155e-01 1.196913981962e-01 9.902824792169e-02 8.131456865403e-02 6.621692026144e-02 5.340859962992e-02 4.258220944737e-02 3.346261041182e-02 2.581756194181e-02 1.946243363959e-02 1.425584942855e-02 1.008594197730e-02 6.851190581771e-03 4.442978437119e-03 2.736685633095e-03 1.594172535936e-03
3.163726255145e-07 8.418691629261e-07 2.159750398971e-06 5.321720074089e-06 1.255090897503e-05 2.824203648540e-05 6.046597390153e-05 1.228950289284e-04 2.367285258034e-04 4.317960571819e-04 7.458350420595e-04 1.221367654340e-03 1.900796828426e-03 2.821831576310e-03 4.016052602217e-03 5.512405889419e-03 7.344942321429e-03 9.561854609997e-03 1.223246543991e-02 1.545035621697e-02 1.933283513657e-02 2.401820126771e-02 2.966277528819e-02 3.643973915387e-02 4.454119075031e-02 5.418352711300e-02 6.561507275034e-02 7.912354520353e-02 9.503822026825e-02 1.137191592669e-01 1.355293895297e-01 1.607973170091e-01 1.897869396692e-01 2.226911894622e-01 2.596497572729e-01 3.007791183941e-01 3.461961153343e-01 3.960176085109e-01 4.503291526973e-01 5.091358828385e-01 5.723219445457e-01 6.396332993227e-01 7.106750271156e-01 7.849106423022e-01 8.616669720143e-01 9.401504642023e-01 1.019464064686e+00 1.098613039125e+00 1.176511850395e+00 1.252009419747e+00 1.323922813872e+00 1.391057802947e+00 1.452223842560e+00 1.506268222258e+00 1.552126328143e+00 1.588863359033e+00 1.615711627341e+00 1.632132486385e+00 1.637897935254e+00 1.633140266220e+00 1.618326397930e+00 1.594152225353e+00 1.561371397063e+00 1.520599502548e+00 1.472192860207e+00 1.416312694170e+00 1.353176695353e+00 1.283350930188e+00 1.207901076934e+00 1.128328673097e+00 1.046349587439e+00 9.636335568482e-01 8.816125174842e-01 8.014113531251e-01 7.238831037003e-01 6.496831835486e-01 5.793264996357e-01 5.132145263977e-01 4.516457055698e-01 3.948194076740e-01 3.428365165045e-01 2.957015666439e-01 2.533312904685e-01 2.155678580962e-01 1.821921098318e-01 1.529355150729e-01 1.274921273944e-01 1.055303225170e-01 8.670319463556e-02 7.065826877607e-02 5.704846775635e-02 4.554514555886e-02 3.585210877515e-02 2.771797761724e-02 2.094294948599e-02 1.537596069879e-02 1.090092566770e-02 7.415681618392e-03 4.811479504927e-03 2.961241747648e-03 1.720722765564e-03
2.462181282102e-07 6.739457107524e-07 1.777386735596e-06 4.498573512730e-06 1.088668351239e-05 2.510583269827e-05 5.500694931722e-05 1.142222113251e-04 2.243755902883e-04 4.165208094328e-04 7.306277953305e-04 1.212315628886e-03 1.907343757475e-03 2.856167446597e-03 4.091861435052e-03 5.643680589385e-03 7.545636746175e-03 9.846689839291e-03 1.261861377694e-02 1.595944661375e-02 1.999280756916e-02 2.486471378426e-02 3.074002952955e-02 3.780085055313e-02 4.624849858297e-02 5.630928231478e-02 6.824294393968e-02 8.235163785918e-02 9.898417037021e-02 1.185262537802e-01 1.413703901759e-01 1.678726467733e-01 1.983172459745e-01 2.329079942479e-01 2.717886260924e-01 3.150780187365e-01 3.628993853190e-01 4.153828518051e-01 4.726311142358e-01 5.346623386705e-01 6.013632648830e-01 6.724719461950e-01 7.475773361461e-01 8.261176493460e-01 9.073835488650e-01 9.905373430857e-01 1.074633969241e+00 1.158625130274e+00 1.241361963133e+00 1.321622972764e+00 1.398154750994e+00 1.469693070867e+00 1.534972549945e+00 1.592761970379e+00 1.641922644655e+00 1.681452422185e+00 1.710517425927e+00 1.728515986426e+00 1.735175940558e+00 1.730620109811e+00 1.715345796398e+00 1.690115980086e+00 1.655775123677e+00 1.613021036072e+00 1.562242201524e+00 1.503567522488e+00 1.437151688221e+00 1.363525523383e+00 1.283786984870e+00 1.199538475529e+00 1.112637477642e+00 1.024898350360e+00 9.378701414196e-01 8.527565385754e-01 7.704602776885e-01 6.916728657465e-01 6.169400628877e-01 5.466896962755e-01 4.812416244112e-01 4.208120573604e-01 3.655133693848e-01 3.153548591321e-01 2.702515273807e-01 2.300389394416e-01 1.944876026061e-01 1.633152808872e-01 1.361996319728e-01 1.127909153821e-01 9.272285944772e-02 7.562224369487e-02 6.111975775199e-02 4.886341369920e-02 3.853356805020e-02 2.985705333001e-02 2.261629832427e-02 1.664850836034e-02 1.183231344126e-02 8.064886050222e-03 5.237987613273e-03 3.222755023243e-03 1.868980929448e-03
1.901647932607e-07 5.360013643954e-07 1.454764531168e-06 3.786130404793e-06 9.411694515772e-06 2.226600810670e-05 4.997233374309e-05 1.061118872906e-04 2.127457348904e-04 4.022400361672e-04 7.170235302829e-04 1.206202926486e-03 1.919390247580e-03 2.900242745587e-03 4.183594007268e-03 5.799045395919e-03 7.780504131148e-03 1.017772791960e-02 1.306520934282e-02 1.654598266584e-02 2.075076801630e-02 2.583429518966e-02 3.197108721108e-02 3.935329763630e-02 4.819262076680e-02 5.872645459604e-02 7.122714899842e-02 8.601256673519e-02 1.034528143333e-01 1.239620876744e-01 1.479662487906e-01 1.758529956290e-01 2.079296074620e-01 2.444119873248e-01 2.854478838418e-01 3.311579915281e-01 3.816717136313e-01 4.371337048638e-01 4.976664500411e-01 5.633033513623e-01 6.339338652534e-01 7.092866028486e-01 7.889325887497e-01 8.722822470454e-01 9.585854961979e-01 1.046954535129e+00 1.136390903489e+00 1.225787494896e+00 1.313924767736e+00 1.399501487720e+00 1.481185504957e+00 1.557635852572e+00 1.627504281791e+00 1.689471107107e+00 1.742315093983e+00 1.784961036348e+00 1.816502686901e+00 1.836266617710e+00 1.843928427265e+00 1.839597926987e+00 1.823803781985e+00 1.797381956044e+00 1.761280732206e+00 1.716297779944e+00 1.662865603301e+00 1.601078115479e+00 1.531013634758e+00 1.453156073280e+00 1.368634848553e+00 1.279164179602e+00 1.186761823311e+00 1.093407336084e+00 1.000783390337e+00 9.101818961323e-01 8.225596603438e-01 7.386475287882e-01 6.590257330786e-01 5.841515902230e-01 5.143686388707e-01 4.499118676106e-01 3.909067894576e-01 3.373681796732e-01 2.892089664725e-01 2.462572677118e-01 2.082721290162e-01 1.749560750386e-01 1.459684188019e-01 1.209392551710e-01 9.948097262843e-02 8.119761558466e-02 6.569551270642e-02 5.259697980366e-02 4.155624131624e-02 3.227531430510e-02 2.451578141357e-02 1.810057003496e-02 1.290157099203e-02 8.815103328258e-03 5.734151967659e-03 3.528942458934e-03 2.043627537263e-03
1.457377197539e-07 4.234819194218e-07 1.184201400878e-06 3.172662949615e-06 8.109966185781e-06 1.970341888840e-05 4.534222184616e-05 9.854661705592e-05 2.018289651529e-04 3.889652729191e-04 7.050978675289e-04 1.203270782156e-03 1.937531265772e-03 2.955283293600e-03 4.293439936786e-03 5.981993098256e-03 8.054659722569e-03 1.056202336368e-02 1.358160607214e-02 1.722206657280e-02 2.162214376219e-02 2.694644173865e-02 3.338045167351e-02 4.112772549651e-02 5.041167854048e-02 6.148220156846e-02 7.462568290961e-02 9.017717913301e-02 1.085300775939e-01 1.301302959604e-01 1.554416333262e-01 1.848881595017e-01 2.188035854306e-01 2.574173712553e-01 3.008812772086e-01 3.493171142534e-01 4.028601295278e-01 4.616708883458e-01 5.258948635637e-01 5.955835198919e-01 6.706290994530e-01 7.507487896404e-01 8.354935830689e-01 9.242434587800e-01 1.016202274862e+00 1.110424799241e+00 1.205852771253e+00 1.301314569189e+00 1.395511444354e+00 1.487051127300e+00 1.574512789545e+00 1.656471244992e+00 1.731486245718e+00 1.798137490616e+00 1.855110856927e+00 1.901251903743e+00 1.935575355158e+00 1.957325649046e+00 1.966116464155e+00 1.962040529675e+00 1.945659005785e+00 1.917886676788e+00 1.879789994352e+00 1.832287790298e+00 1.775872092047e+00 1.710599580180e+00 1.636456002200e+00 1.553863858360e+00 1.463982648332e+00 1.368650978939e+00 1.270068623787e+00 1.170404761369e+00 1.071495545272e+00 9.747322783995e-01 8.811306338422e-01 7.914644355220e-01 7.063527911153e-01 6.262862924932e-01 5.516346984597e-01 4.826539742123e-01 4.194847949734e-01 3.621483160972e-01 3.105549609884e-01 2.645243473976e-01 2.238027909586e-01 1.880758027352e-01 1.569820257928e-01 1.301289376491e-01 1.071052608206e-01 8.748999308517e-02 7.086264924472e-02 5.681719108162e-02 4.497871054422e-02 3.502097067333e-02 2.668108017923e-02 1.976453518429e-02 1.413453333891e-02 9.686108494095e-03 6.314231641459e-03 3.889333048039e-03 2.250487089149e-03
1.108148596946e-07 3.323600064578e-07 9.586924658948e-07 2.647145052314e-06 6.965997265702e-06 1.739882779473e-05 4.109567697261e-05 9.150658040433e-05 1.916110682953e-04 3.767020450904e-04 6.949218981299e-04 1.203769609894e-03 1.962412804229e-03 3.022654691644e-03 4.423877088798e-03 6.196513663255e-03 8.373977825609e-03 1.100770077028e-02 1.417859457019e-02 1.800167409015e-02 2.262476266053e-02 2.822369553971e-02 3.499647119190e-02 4.315961090685e-02 5.294982677170e-02 6.463116875941e-02 7.850579113418e-02 9.492767018950e-02 1.143156984068e-01 1.371512061528e-01 1.639413166696e-01 1.951521536597e-01 2.311479016368e-01 2.721732942578e-01 3.183841463629e-01 3.699025615194e-01 4.268690638973e-01 4.894615772164e-01 5.578524698032e-01 6.321148512962e-01 7.121438691692e-01 7.976426167988e-01 8.881396294836e-01 9.829817097903e-01 1.081320471548e+00 1.182144247765e+00 1.284327401389e+00 1.386627571225e+00 1.487657096332e+00 1.585918839351e+00 1.679891324311e+00 1.768056929606e+00 1.848873107990e+00 1.920804166713e+00 1.982430305068e+00 2.032511098045e+00 2.069975323160e+00 2.093972979345e+00 2.104043900250e+00 2.100259205287e+00 2.083213952513e+00 2.053907486907e+00 2.013539862629e+00 1.963176783385e+00 1.903390093513e+00 1.834197683388e+00 1.755472988582e+00 1.667559031682e+00 1.571643281665e+00 1.469703139876e+00 1.364145680218e+00 1.257358714173e+00 1.151355918454e+00 1.047641269647e+00 9.472945049858e-01 8.511364503589e-01 7.598304730834e-01 6.739050548454e-01 5.937589756160e-01 5.196716683305e-01 4.518014738463e-01 3.901770988090e-01 3.347058764142e-01 2.851976411132e-01 2.413845506836e-01 2.029330698627e-01 1.694584062606e-01 1.405424734826e-01 1.157475937206e-01 9.462501958130e-02 7.672461259026e-02 6.160896349804e-02 4.887068547161e-02 3.815140188636e-02 2.915949750604e-02 2.167916218315e-02 1.556231336348e-02 1.070191714837e-02 6.995708808983e-03 4.315720740334e-03 2.496830048781e-03
8.359310357821e-08 2.591039102455e-07 7.719005722521e-07 2.199288138979e-06 5.964860685589e-06 1.533306481639e-05 3.721091621245e-05 8.496968953866e-05 1.820734342818e-04 3.654490107293e-04 6.865603369280e-04 1.207956908169e-03 1.994733034092e-03 3.103874272886e-03 4.577705157692e-03 6.447160520022e-03 8.745199917455e-03 1.152411158469e-02 1.486861549286e-02 1.890093508935e-02 2.377921432709e-02 2.969210359497e-02 3.685192009300e-02 4.548999603539e-02 5.585817488838e-02 6.823663767835e-02 8.294538017431e-02 1.003593309730e-01 1.209253645670e-01 1.451644106375e-01 1.736332698626e-01 2.068469540801e-01 2.452049493214e-01 2.889692858032e-01 3.382999248703e-01 3.933183157101e-01 4.541693959066e-01 5.210499048049e-01 5.941638461725e-01 6.736106264056e-01 7.592884312920e-01 8.508827436580e-01 9.478967391594e-01 1.049641403321e+00 1.155209015119e+00 1.263510320893e+00 1.373343167544e+00 1.483387934348e+00 1.592157054424e+00 1.698031581116e+00 1.799374769748e+00 1.894567680555e+00 1.981954125536e+00 2.059864872007e+00 2.126758530003e+00 2.181301465586e+00 2.222329473348e+00 2.248883474980e+00 2.260414563241e+00 2.256967265364e+00 2.239172625495e+00 2.208119839368e+00 2.165158966310e+00 2.111533339387e+00 2.047921237376e+00 1.974301328411e+00 1.890410639095e+00 1.796489979852e+00 1.693751708178e+00 1.584328626711e+00 1.470864389597e+00 1.355999926852e+00 1.241955638313e+00 1.130364088371e+00 1.022374601201e+00 9.188593531489e-01 8.205326291244e-01 7.279664274211e-01 6.415916518285e-01 5.617139357244e-01 4.885124133415e-01 4.220249007417e-01 3.621548703206e-01 3.087007577578e-01 2.613789819171e-01 2.198346735973e-01 1.836562988684e-01 1.523966768908e-01 1.255885081854e-01 1.027521589597e-01 8.340452525490e-02 6.707338233046e-02 5.331514132357e-02 4.173492036235e-02 3.200743575004e-02 2.389084173875e-02 1.722239269670e-02 1.189171680152e-02 7.800045902765e-03 4.822733118147e-03 2.791757827946e-03
6.255492391493e-08 2.006440040803e-07 6.181404775513e-07 1.819569309750e-06 5.092300497409e-06 1.348720186368e-05 3.366554222310e-05 7.891179735819e-05 1.731930205852e-04 3.551972280200e-04 6.800696209437e-04 1.216094773546e-03 2.035242936314e-03 3.200623384238e-03 4.758082370759e-03 6.739125119368e-03 9.176057223477e-03 1.212201297766e-02 1.566600388691e-02 1.993845555497e-02 2.510926446449e-02 3.138174373626e-02 3.898466443844e-02 4.816632986454e-02 5.919584296100e-02 7.237183518148e-02 8.803465063717e-02 1.065825595198e-01 1.284931691078e-01 1.543317330978e-01 1.847122210979e-01 2.202067706828e-01 2.612559696463e-01 3.081414922249e-01 3.610275904994e-01 4.200340211531e-01 4.853088723427e-01 5.570690580262e-01 6.355559581463e-01 7.209013370144e-01 8.130066604307e-01 9.115350867169e-01 1.015960945219e+00 1.125557047156e+00 1.239348314084e+00 1.356154024908e+00 1.474684429204e+00 1.593535936487e+00 1.711108855756e+00 1.825641633684e+00 1.935364211836e+00 2.038546890873e+00 2.133407636844e+00 2.218121452302e+00 2.291005276466e+00 2.350624513304e+00 2.395715427690e+00 2.425192261856e+00 2.438398649903e+00 2.435346912968e+00 2.416707442494e+00 2.383664007368e+00 2.337733291038e+00 2.280373104587e+00 2.212402911512e+00 2.133763688233e+00 2.044026327917e+00 1.943300760903e+00 1.832819961205e+00 1.714891231588e+00 1.592428642147e+00 1.468367115631e+00 1.345169456661e+00 1.224616041378e+00 1.107931485593e+00 9.960438711036e-01 8.897265936102e-01 7.896022233275e-01 6.961371157317e-01 6.096660315419e-01 5.303928302911e-01 4.583665427051e-01 3.934857488520e-01 3.355354578883e-01 2.842145970491e-01 2.391444329459e-01 1.998827629869e-01 1.659490437946e-01 1.368425732753e-01 1.120491861450e-01 9.104892997811e-02 7.333080226217e-02 5.841086798884e-02 4.585287474393e-02 3.529215576120e-02 2.645510033579e-02 1.915993050110e-02 1.329099574350e-02 8.753618697225e-03 5.428544350875e-03 3.146693349156e-03
4.643583776804e-08 1.543369773211e-07 4.923562759581e-07 1.499248875273e-06 4.334819455370e-06 1.184273018115e-05 3.043680450105e-05 7.330698070884e-05 1.649424386731e-04 3.459295319273e-04 6.754959143583e-04 1.228446903160e-03 2.084746088907e-03 3.314759622479e-03 4.968565110977e-03 7.078319807968e-03 9.675409490945e-03 1.281377140576e-02 1.658726772866e-02 2.113568521537e-02 2.664232879701e-02 3.332732676743e-02 4.143842347227e-02 5.124343144996e-02 6.303117141133e-02 7.712144324123e-02 9.387795877498e-02 1.137251631184e-01 1.371744308007e-01 1.648406363824e-01 1.974037380537e-01 2.355029769111e-01 2.796270059224e-01 3.300798371294e-01 3.870302419107e-01 4.505951662331e-01 5.209240953808e-01 5.982552090042e-01 6.828741711362e-01 7.749530329340e-01 8.743970215017e-01 9.808406670072e-01 1.093725110898e+00 1.212283271537e+00 1.335463804821e+00 1.461977182614e+00 1.590432361569e+00 1.719335217809e+00 1.846960725114e+00 1.971379027999e+00 2.090664260802e+00 2.202966119300e+00 2.306364115272e+00 2.398850247562e+00 2.478574173319e+00 2.543992100312e+00 2.593735370089e+00 2.626570554399e+00 2.641709713179e+00 2.639126812026e+00 2.619537009990e+00 2.584222480284e+00 2.534882641544e+00 2.473233442112e+00 2.400281045428e+00 2.315933236118e+00 2.219558027537e+00 2.111098128225e+00 1.991801291891e+00 1.864171455411e+00 1.731431926270e+00 1.596860001538e+00 1.463204671577e+00 1.332417567365e+00 1.205804241053e+00 1.084353160092e+00 9.689070819882e-01 8.601480009435e-01 7.585812429027e-01 6.645736907403e-01 5.783588998403e-01 4.999999981104e-01 4.293893244231e-01 3.662958202746e-01 3.103990360079e-01 2.612936432480e-01 2.185020872569e-01 1.815053026122e-01 1.497647549680e-01 1.227275234504e-01 9.983224249519e-02 8.052453417956e-02 6.427550577653e-02 5.060215216805e-02 3.909386965363e-02 2.943839390525e-02 2.142933003203e-02 1.494291125797e-02 9.888865250665e-03 6.155768732562e-03 3.576006304152e-03
3.419304475749e-08 1.179283718273e-07 3.900921238297e-07 1.230375691239e-06 3.679752043051e-06 1.038172949710e-05 2.750187650482e-05 6.812788674949e-05 1.572901658385e-04 3.376200290473e-04 6.728730177520e-04 1.245274942077e-03 2.144097336189e-03 3.448328526314e-03 5.213150076237e-03 7.471469622959e-03 1.025340100579e-02 1.361359318276e-02 1.765140452967e-02 2.251733645777e-02 2.841001410754e-02 3.556888310180e-02 4.426363796070e-02 5.478458900582e-02 6.744310577504e-02 8.258331784169e-02 1.005959458861e-01 1.219349925981e-01 1.471489280946e-01 1.769081182633e-01 2.119689016975e-01 2.530497177068e-01 3.006956935411e-01 3.552362308627e-01 4.168449075719e-01 4.856347592129e-01 5.617542875108e-01 6.454635197362e-01 7.371006318506e-01 8.368884004847e-01 9.447367453490e-01 1.060243079140e+00 1.182809850060e+00 1.311629417433e+00 1.445564602546e+00 1.583195319571e+00 1.723012078294e+00 1.863424177666e+00 2.002567428832e+00 2.138312005325e+00 2.268547771599e+00 2.391293840062e+00 2.504478985818e+00 2.605878948791e+00 2.693442971405e+00 2.765509396086e+00 2.820601596423e+00 2.857313421744e+00 2.874694078193e+00 2.872672118982e+00 2.852016303832e+00 2.814110057372e+00 2.760849538419e+00 2.694260297144e+00 2.615594622232e+00 2.524736317261e+00 2.420804908165e+00 2.303529501305e+00 2.174164966621e+00 2.035437506983e+00 1.890924064126e+00 1.744301301829e+00 1.598658310009e+00 1.456146874203e+00 1.318158758660e+00 1.185746813104e+00 1.059835911538e+00 9.411788202336e-01 8.303234319526e-01 7.276716165000e-01 6.334928618015e-01 5.478684409723e-01 4.706826803721e-01 4.016849739393e-01 3.405334806882e-01 2.867934225929e-01 2.399463460264e-01 1.994283763124e-01 1.646579582404e-01 1.350385728775e-01 1.099620493670e-01 8.882524524466e-02 7.104917273696e-02 5.609816697056e-02 4.350823533850e-02 3.292024180575e-02 2.409611333498e-02 1.689994307885e-02 1.124569714216e-02 7.032578762233e-03 4.097809923606e-03
2.497563587048e-08 8.951415168515e-08 3.074569357096e-07 1.005779727267e-06 3.115319804160e-06 9.087021949356e-06 2.483813443173e-05 6.334612383261e-05 1.502008625177e-04 3.302337193943e-04 6.722201791887e-04 1.266834124003e-03 2.214199942404e-03 3.603574086782e-03 5.496318502889e-03 7.926212953933e-03 1.092163523459e-02 1.453778474265e-02 1.888026009293e-02 2.411186060924e-02 3.044873396877e-02 3.815254483753e-02 4.751845824722e-02 5.886281090052e-02 7.252277092725e-02 8.887045171836e-02 1.083279700084e-01 1.313829509768e-01 1.586245939647e-01 1.907851909636e-01 2.287096499484e-01 2.732103340829e-01 3.248990262460e-01 3.841339301760e-01 4.510937611820e-01 5.258866609446e-01 6.086570528409e-01 6.996864889682e-01 7.993753631069e-01 9.080109134522e-01 1.025509476368e+00 1.151420002997e+00 1.285098984281e+00 1.425699237011e+00 1.571987929314e+00 1.722387053147e+00 1.875246834052e+00 2.028875033248e+00 2.181254638176e+00 2.330016776186e+00 2.472830600818e+00 2.607574761994e+00 2.732016692619e+00 2.843675255604e+00 2.940256203863e+00 3.019970747601e+00 3.081235306928e+00 3.122441411543e+00 3.142434300139e+00 3.141088754756e+00 3.119241297697e+00 3.078378259227e+00 3.020602551958e+00 2.948309047233e+00 2.863073851181e+00 2.764773029114e+00 2.652221050465e+00 2.524873825307e+00 2.383983316084e+00 2.232528199709e+00 2.074489184652e+00 1.914009194240e+00 1.754583976457e+00 1.598601570723e+00 1.447544381010e+00 1.302532406222e+00 1.164588593469e+00 1.034551196650e+00 9.130142758196e-01 8.004169594139e-01 6.970725693591e-01 6.030862150761e-01 5.183319183166e-01 4.425348586401e-01 3.753296743619e-01 3.162493261626e-01 2.647278993639e-01 2.201489998019e-01 1.818819907167e-01 1.492812411453e-01 1.216854083958e-01 9.843620027748e-02 7.889878345044e-02 6.247842017428e-02 4.864932683732e-02 3.699576761433e-02 2.723915718509e-02 1.922588549489e-02 1.287322732439e-02 8.094101167692e-03 4.734975040311e-03
1.809674582714e-08 6.750214320639e-08 2.410840831191e-07 8.190523210612e-07 2.630666923544e-06 7.942303995427e-06 2.242342717471e-05 5.893268561148e-05 1.436358022012e-04 3.237262703140e-04 6.735398439560e-04 1.293368110289e-03 2.296000955588e-03 3.782947505190e-03 5.823081721426e-03 8.451211176192e-03 1.169336967697e-02 1.560504570729e-02 2.029893396522e-02 2.595198746433e-02 3.280040888219e-02 4.113143475307e-02 5.126986681583e-02 6.356224921444e-02 7.837526972167e-02 9.611321048354e-02 1.172348694958e-01 1.422664175111e-01 1.718417322265e-01 2.067619725126e-01 2.479748647116e-01 2.964046799856e-01 3.527422282845e-01 4.173782518474e-01 4.904969427879e-01 5.722008597709e-01 6.626264194246e-01 7.620749951654e-01 8.710204206213e-01 9.898324914190e-01 1.118437048654e+00 1.256319407450e+00 1.402780272267e+00 1.556936453404e+00 1.717450043006e+00 1.882550834557e+00 2.050420415852e+00 2.219261812943e+00 2.386892907072e+00 2.550657784242e+00 2.707957690736e+00 2.856521242453e+00 2.993947451679e+00 3.117449304862e+00 3.224432353288e+00 3.312970469367e+00 3.381380807085e+00 3.427818102335e+00 3.450869064103e+00 3.450344284162e+00 3.427170021087e+00 3.382936532364e+00 3.319956247013e+00 3.241061712434e+00 3.148254081869e+00 3.041428600766e+00 2.919024329714e+00 2.780147176951e+00 2.626033267855e+00 2.459949516307e+00 2.286336810475e+00 2.109882001232e+00 1.934569991546e+00 1.763070682403e+00 1.596960153635e+00 1.437425933867e+00 1.285608926742e+00 1.142452333694e+00 1.008599788981e+00 8.845287439196e-01 7.706062684556e-01 6.669694020279e-01 5.734789721423e-01 4.898295610220e-01 4.156300458778e-01 3.503786253523e-01 2.934541935882e-01 2.441783242834e-01 2.018641909746e-01 1.658108762125e-01 1.352963466442e-01 1.095995099413e-01 8.802321263575e-02 6.990674954595e-02 5.465317080709e-02 4.177871856331e-02 3.095335622459e-02 2.199824063539e-02 1.483187945680e-02 9.384154176235e-03 5.516417461812e-03
1.300796226788e-08 5.057421008914e-08 1.880875023178e-07 6.645153637703e-07 2.215875939766e-06 6.932252796426e-06 2.023632635397e-05 5.485839316207e-05 1.375534077182e-04 3.180439805901e-04 6.768154329384e-04 1.325103078593e-03 2.390484543361e-03 3.989113468437e-03 6.199027394641e-03 9.056267349506e-03 1.258373228285e-02 1.683679815164e-02 2.193623679416e-02 2.807533621673e-02 3.551326033725e-02 4.456667578347e-02 5.559495128822e-02 6.897981263050e-02 8.512171940687e-02 1.044618766135e-01 1.275021061826e-01 1.548131438538e-01 1.870778348442e-01 2.251735202820e-01 2.701673348686e-01 3.231174345173e-01 3.848088214319e-01 4.556687583930e-01 5.358871385644e-01 6.255608429683e-01 7.248134537477e-01 8.339623509044e-01 9.535675363692e-01 1.084105126910e+00 1.225515757806e+00 1.377200964203e+00 1.538392087305e+00 1.708176904480e+00 1.885104719473e+00 2.067170077317e+00 2.252348766122e+00 2.438738289457e+00 2.623982683893e+00 2.805080150083e+00 2.979102229191e+00 3.143618452417e+00 3.296058806237e+00 3.433271666242e+00 3.552287392756e+00 3.651030659838e+00 3.727737294370e+00 3.780285863204e+00 3.806931913426e+00 3.807407667109e+00 3.782762877552e+00 3.734692692080e+00 3.665710583867e+00 3.579163071096e+00 3.477607996742e+00 3.361002437182e+00 3.227322896104e+00 3.075225621461e+00 2.905914302423e+00 2.722987219827e+00 2.531408101127e+00 2.336497142892e+00 2.142830632325e+00 1.953418828594e+00 1.769932359260e+00 1.593622580786e+00 1.425773050593e+00 1.267457842414e+00 1.119373339138e+00 9.820341902388e-01 8.558734957131e-01 7.410718134293e-01 6.374732100786e-01 5.447328651328e-01 4.624314850459e-01 3.900307252470e-01 3.268452837965e-01 2.721228508966e-01 2.251120454182e-01 1.850498721130e-01 1.511447707893e-01 1.226035723209e-01 9.865944491354e-02 7.857839290244e-02 6.168195852059e-02 4.740505372328e-02 3.535278718359e-02 2.531108213578e-02 1.719595056605e-02 1.095740231140e-02 6.478728385193e-03
9.276217001663e-09 3.764994611618e-08 1.460156413456e-07 5.371811640706e-07 1.861964261652e-06 6.042604423006e-06 1.825635086973e-05 5.109434681012e-05 1.319098938760e-04 3.131239854266e-04 6.820092705462e-04 1.362241182518e-03 2.498663075425e-03 4.224953355943e-03 6.630365484801e-03 9.752453804541e-03 1.360996144569e-02 1.825755577107e-02 2.382520565187e-02 3.052510581418e-02 3.864271171014e-02 4.852853667956e-02 6.058234758822e-02 7.522699632386e-02 9.290157180853e-02 1.140895390206e-01 1.393433319453e-01 1.692856773075e-01 2.046530482745e-01 2.464064725030e-01 2.957516645362e-01 3.539075901312e-01 4.217721088330e-01 4.998131581380e-01 5.882262451496e-01 6.871034156341e-01 7.965497604779e-01 9.168918433909e-01 1.048789735450e+00 1.192856981174e+00 1.349057858360e+00 1.516683565667e+00 1.694876883907e+00 1.882708296299e+00 2.078610083374e+00 2.280287922847e+00 2.485462228607e+00 2.692127592866e+00 2.897751808854e+00 3.098915758399e+00 3.292279733886e+00 3.475245405667e+00 3.645083771155e+00 3.798209254538e+00 3.931177394573e+00 4.041748616416e+00 4.128110699276e+00 4.187822578841e+00 4.218711512446e+00 4.220411014394e+00 4.194144614694e+00 4.141715429212e+00 4.065812407370e+00 3.970378574124e+00 3.858698716955e+00 3.730857714925e+00 3.584261862543e+00 3.416987953480e+00 3.230185695994e+00 3.027837837262e+00 2.815499834658e+00 2.599226667196e+00 2.384312693750e+00 2.174184458405e+00 1.970605211427e+00 1.774879637607e+00 1.588464343793e+00 1.412599335828e+00 1.248036607352e+00 1.095323175506e+00 9.549731894020e-01 8.272273031096e-01 7.119086610716e-01 6.086207567272e-01 5.169134032722e-01 4.362112809482e-01 3.657545571315e-01 3.047021252004e-01 2.522281372749e-01 2.075002451765e-01 1.696470446390e-01 1.377919313500e-01 1.110899041991e-01 8.872602078580e-02 6.992905016675e-02 5.403720073641e-02 4.057445851653e-02 2.927846883793e-02 2.005671011642e-02 1.288201598202e-02 7.668231152035e-03
6.563282942145e-09 2.785255975465e-08 1.128047210978e-07 4.327050443880e-07 1.560863399221e-06 5.260203615085e-06 1.646415846378e-05 4.761237589784e-05 1.266600232113e-04 3.088947611373e-04 6.890608303382e-04 1.404953597152e-03 2.621566125098e-03 4.493564921347e-03 7.123973387461e-03 1.055224867213e-02 1.479167128531e-02 1.989533806171e-02 2.600368456608e-02 3.335085523550e-02 4.225240962078e-02 5.309773227693e-02 6.633387557246e-02 8.243195627022e-02 1.018752449713e-01 1.251953784206e-01 1.530044451715e-01 1.859863810642e-01 2.249364088157e-01 2.709066317649e-01 3.252633060284e-01 3.894192006291e-01 4.644082018006e-01 5.507431049894e-01 6.486242780543e-01 7.581412516836e-01 8.793743183234e-01 1.012648162446e+00 1.158737463448e+00 1.318433664331e+00 1.491738955609e+00 1.677799590329e+00 1.875642412484e+00 2.084338482747e+00 2.302205156519e+00 2.526592843324e+00 2.754899940054e+00 2.985024793399e+00 3.214267282396e+00 3.438705206467e+00 3.654479284371e+00 3.858814119212e+00 4.048848112069e+00 4.220481660354e+00 4.369662779646e+00 4.493966815772e+00 4.591588737946e+00 4.659722379601e+00 4.695636944539e+00 4.698836499136e+00 4.670791767499e+00 4.613422381824e+00 4.529542900270e+00 4.423777569825e+00 4.300357417808e+00 4.159594604952e+00 3.998193466152e+00 3.813481306336e+00 3.606525943430e+00 3.381761047381e+00 3.145408880348e+00 2.904372073992e+00 2.664819804724e+00 2.430694571548e+00 2.203846791257e+00 1.985613510459e+00 1.777661214402e+00 1.581443565555e+00 1.397771006421e+00 1.227212161580e+00 1.070380183667e+00 9.275994841622e-01 7.986678110308e-01 6.831197341229e-01 5.804708402698e-01 4.901106455709e-01 4.111931893955e-01 3.427696813663e-01 2.839278644980e-01 2.337585269340e-01 1.912985339260e-01 1.555737948579e-01 1.256511778012e-01 1.006269125781e-01 7.962492525911e-02 6.186909734313e-02 4.678274630274e-02 3.403849618075e-02 2.352613073897e-02 1.524293795459e-02 9.143565718953e-03
4.607898609979e-09 2.047745905934e-08 8.673262892876e-08 3.473329066931e-07 1.305383113001e-06 4.573025643692e-06 1.484170093389e-05 4.438547388216e-05 1.217579696670e-04 3.052770006092e-04 6.978855312111e-04 1.453373511490e-03 2.760227474768e-03 4.798258111842e-03 7.687439191449e-03 1.146968116002e-02 1.615114483529e-02 2.178213428008e-02 2.851497800413e-02 3.660938453895e-02 4.641538193823e-02 5.836690059354e-02 7.296639410590e-02 9.074185497460e-02 1.122271080865e-01 1.380084018485e-01 1.687681857003e-01 2.052631351322e-01 2.483529293454e-01 2.991876105432e-01 3.593188417179e-01 4.303936294235e-01 5.136108522078e-01 6.095321876035e-01 7.183609543193e-01 8.401885447589e-01 9.750640046991e-01 1.123293320096e+00 1.285779895700e+00 1.463545249493e+00 1.656652042846e+00 1.864057005471e+00 2.084631839843e+00 2.317473653467e+00 2.560797344744e+00 2.811516713495e+00 3.066618101538e+00 3.323914598928e+00 3.580563355716e+00 3.832037635045e+00 4.073814344344e+00 4.302929437561e+00 4.516439562390e+00 4.709640950640e+00 4.877697667299e+00 5.017968699654e+00 5.128742359201e+00 5.206803837000e+00 5.248691643788e+00 5.253732249640e+00 5.223748790784e+00 5.160797392877e+00 5.067734518615e+00 4.949945859162e+00 4.812888778856e+00 4.657250665448e+00 4.478873968413e+00 4.274113435368e+00 4.043917820892e+00 3.793256751342e+00 3.529100428245e+00 3.259321632407e+00 2.991157376213e+00 2.729198278424e+00 2.475372727753e+00 2.231013167191e+00 1.998039729420e+00 1.778184972680e+00 1.572321340080e+00 1.381019263964e+00 1.205011576332e+00 1.044740100327e+00 8.999730507723e-01 7.701519351132e-01 6.547534833442e-01 5.531373975411e-01 4.643590222012e-01 3.873377854474e-01 3.210603941597e-01 2.645333793554e-01 2.166884472146e-01 1.764365230833e-01 1.427443838421e-01 1.146114857172e-01 9.104424163682e-02 7.113216402267e-02 5.417463046789e-02 3.975809366063e-02 2.774135430767e-02 1.814587698855e-02 1.097892077447e-02
3.210451290694e-09 1.496387924611e-08 6.637459119676e-08 2.778458948205e-07 1.089163501792e-06 3.970172039818e-06 1.337233935013e-05 4.138821002425e-05 1.171582798994e-04 3.021849119307e-04 7.083743084040e-04 1.507589569226e-03 2.915670603667e-03 5.142546849048e-03 8.329102485606e-03 1.252048566148e-02 1.771365727589e-02 2.395442420540e-02 3.140858805774e-02 4.036573069553e-02 5.121535152327e-02 6.444228212623e-02 8.061390641605e-02 1.003255255530e-01 1.241688746134e-01 1.527916994004e-01 1.869593694097e-01 2.275157946780e-01 2.753916498621e-01 3.318406886636e-01 3.986277208814e-01 4.776834752479e-01 5.704082764429e-01 6.774164174057e-01 7.989102070747e-01 9.349902074855e-01 1.085668382042e+00 1.251207700432e+00 1.432652132739e+00 1.631320006745e+00 1.847369190828e+00 2.079510343702e+00 2.326403982210e+00 2.587207612314e+00 2.860062342212e+00 3.141347120737e+00 3.427514175449e+00 3.716306237981e+00 4.004788123575e+00 4.287711085303e+00 4.559696103056e+00 4.817572859906e+00 5.058401890119e+00 5.276778148541e+00 5.466847846257e+00 5.625704312704e+00 5.751857610523e+00 5.841649793679e+00 5.890660169686e+00 5.897962000475e+00 5.865877786381e+00 5.796641350611e+00 5.693022313174e+00 5.561232192446e+00 5.408309314695e+00 5.235532622979e+00 5.037691837861e+00 4.809875695085e+00 4.552863144269e+00 4.272270667522e+00 3.975903834904e+00 3.672733899591e+00 3.371301746284e+00 3.077022602083e+00 2.791890478833e+00 2.517172835932e+00 2.255093651942e+00 2.007753898452e+00 1.776093722594e+00 1.560652254741e+00 1.362304615457e+00 1.181657511960e+00 1.018447129800e+00 8.719882437714e-01 7.417116504667e-01 6.269578147377e-01 5.266705590012e-01 4.396066728024e-01 3.646334386592e-01 3.006664127823e-01 2.465173811624e-01 2.009604186184e-01 1.628474831859e-01 1.310734230311e-01 1.045142092829e-01 8.210237183051e-02 6.298587459829e-02 4.663868131082e-02 3.287001926477e-02 2.172216282816e-02 1.326805951436e-02
2.220073102377e-09 1.086972846336e-08 5.056151857305e-08 2.215041551116e-07 9.066178587155e-07 3.441842837700e-06 1.204091735200e-05 3.859710083276e-05 1.128169140832e-04 2.995279744041e-04 7.203942059503e-04 1.567640269488e-03 3.088893398478e-03 5.530136984863e-03 9.058092142174e-03 1.372226409343e-02 1.950783219462e-02 2.645376197632e-02 3.474104532219e-02 4.469429333944e-02 5.674822740891e-02 7.144563102421e-02 8.942995109190e-02 1.113764906260e-01 1.379434542325e-01 1.698472749176e-01 2.079508368812e-01 2.532035292456e-01 3.066148099709e-01 3.695460849334e-01 4.440056668239e-01 5.322684025070e-01 6.359822956124e-01 7.558175226145e-01 8.919681832970e-01 1.044555083028e+00 1.213549316075e+00 1.399136884943e+00 1.602509245201e+00 1.825365762035e+00 2.068011898836e+00 2.328841896977e+00 2.606225205822e+00 2.899424081970e+00 3.206558346592e+00 3.523355859443e+00 3.845569340622e+00 4.170888184858e+00 4.496371513373e+00 4.815916426313e+00 5.123032775349e+00 5.414313815100e+00 5.686957860400e+00 5.934760610145e+00 6.150541828250e+00 6.331050432522e+00 6.475202574984e+00 6.578883394651e+00 6.636413185822e+00 6.646493219433e+00 6.612146553236e+00 6.535861938173e+00 6.420134943252e+00 6.272034251170e+00 6.100623149802e+00 5.908084355573e+00 5.687931723428e+00 5.433601528686e+00 5.145632016179e+00 4.830433054363e+00 4.496740493051e+00 4.154751630663e+00 3.814597329712e+00 3.482753906293e+00 3.161267633318e+00 2.851247061384e+00 2.555274953320e+00 2.275943005687e+00 2.014270086461e+00 1.770711829047e+00 1.546308182344e+00 1.341897020705e+00 1.157184071718e+00 9.913107909570e-01 8.436504724566e-01 7.135423537850e-01 5.998070210261e-01 5.009990611778e-01 4.158425650117e-01 3.431567747005e-01 2.816180456908e-01 2.298362349172e-01 1.865298903416e-01 1.504816954130e-01 1.204245108443e-01 9.510860565039e-02 7.349831399421e-02 5.492284120526e-02 3.911658732018e-02 2.613462390609e-02 1.612930883695e-02
1.523948977683e-09 7.849674006707e-09 3.834167993479e-08 1.759914199678e-07 7.528693210131e-07 2.979288592959e-06 1.083379117423e-05 3.599092584181e-05 1.086923316481e-04 2.972131571066e-04 7.337902049151e-04 1.633509955033e-03 3.280852828537e-03 5.964910952660e-03 9.884360444312e-03 1.509465692571e-02 2.156603374856e-02 2.932743230452e-02 3.857684849279e-02 4.968010939375e-02 6.312379913893e-02 7.951639415763e-02 9.959033232851e-02 1.241163869377e-01 1.538293329327e-01 1.895215749394e-01 2.321702285750e-01 2.828531600551e-01 3.426682506256e-01 4.130858052768e-01 4.963900133142e-01 5.952732428199e-01 7.116901288771e-01 8.463695194265e-01 9.994851385320e-01 1.171193792808e+00 1.361426110771e+00 1.570245248247e+00 1.798988148248e+00 2.049840010720e+00 2.323331357434e+00 2.617454422702e+00 2.930174814954e+00 3.260913751053e+00 3.607856701359e+00 3.965946100313e+00 4.330012195757e+00 4.697705851507e+00 5.066217670351e+00 5.428448145091e+00 5.776458711245e+00 6.106552767522e+00 6.416265333906e+00 6.698504475342e+00 6.944360146430e+00 7.150110538497e+00 7.315334841130e+00 7.435485903717e+00 7.503236339925e+00 7.516730770709e+00 7.479961616276e+00 7.395807894019e+00 7.266231344562e+00 7.099130764450e+00 6.906142401414e+00 6.690797220003e+00 6.445079979953e+00 6.160266561045e+00 5.836552221083e+00 5.481335819801e+00 5.104388872372e+00 4.717251582603e+00 4.331986849156e+00 3.956449325676e+00 3.592728119611e+00 3.241632102968e+00 2.906158208379e+00 2.589555179857e+00 2.292942146352e+00 2.016612698338e+00 1.761790207536e+00 1.529635142597e+00 1.319832416516e+00 1.131286482594e+00 9.632937725669e-01 8.152204134959e-01 6.857554974856e-01 5.732008632772e-01 4.761058513525e-01 3.931902164374e-01 3.229797225888e-01 2.638859001894e-01 2.144698156937e-01 1.733948303798e-01 1.392390747133e-01 1.105425707508e-01 8.604846754853e-02 6.490217294697e-02 4.672984241235e-02 3.158467473639e-02 1.971172009749e-02
1.038599383456e-09 5.636371056411e-09 2.894610953436e-08 1.393618193420e-07 6.236840762386e-07 2.574745439001e-06 9.738816212117e-06 3.355097101549e-05 1.047465706798e-04 2.951475512311e-04 7.483884224531e-04 1.705127066100e-03 3.492450872225e-03 6.450909962721e-03 1.081871387914e-02 1.665952243019e-02 2.392479851364e-02 3.262918951147e-02 4.298952986751e-02 5.542029942414e-02 7.046766677853e-02 8.881420427978e-02 1.112962288843e-01 1.387988800309e-01 1.721455646556e-01 2.122117948488e-01 2.601077408527e-01 3.170686698285e-01 3.842933142746e-01 4.633583813300e-01 5.568573025674e-01 6.679886616280e-01 7.990892041419e-01 9.509490630658e-01 1.123701939340e+00 1.317561985654e+00 1.532427015992e+00 1.768177263651e+00 2.026278618129e+00 2.309530410029e+00 2.618800377923e+00 2.951577552823e+00 3.305266175989e+00 3.679508869816e+00 4.072691480501e+00 4.478821155920e+00 4.891506936753e+00 5.308366062555e+00 5.726926036573e+00 6.138946661945e+00 6.534598570580e+00 6.909801937369e+00 7.262712085678e+00 7.585288442272e+00 7.866369209220e+00 8.101561875899e+00 8.291456586190e+00 8.431163331328e+00 8.511210507827e+00 8.528903242838e+00 8.489553522290e+00 8.396655809316e+00 8.251291312386e+00 8.062067854569e+00 7.843859356316e+00 7.602169620260e+00 7.327179004706e+00 7.007337171925e+00 6.642345882878e+00 6.240854827841e+00 5.813793332503e+00 5.374136423403e+00 4.936280721086e+00 4.509883791572e+00 4.097081454991e+00 3.698178371178e+00 3.316633506527e+00 2.956576735716e+00 2.619268346032e+00 2.304725818004e+00 2.014364187267e+00 1.749790488115e+00 1.510693034149e+00 1.295653647202e+00 1.103859479343e+00 9.347449525883e-01 7.868665346009e-01 6.582093125529e-01 5.471049386147e-01 4.521735072982e-01 3.717771737999e-01 3.040870355934e-01 2.474748654745e-01 2.004778860393e-01 1.615100414882e-01 1.288705369802e-01 1.010377270101e-01 7.692656337941e-02 5.601176866654e-02 3.832083406222e-02 2.420264690361e-02
7.028839770124e-10 4.024636688564e-09 2.175793225826e-08 1.099900135624e-07 5.154036867085e-07 2.221357571937e-06 8.745291834418e-06 3.126118361862e-05 1.009462618669e-04 2.932413454562e-04 7.640008089828e-04 1.782365328507e-03 3.724523197281e-03 6.992315829354e-03 1.187284203420e-02 1.844112700262e-02 2.662531431644e-02 3.642009517034e-02 4.806287246382e-02 6.202572149850e-02 7.892345315116e-02 9.952175008849e-02 1.247777872108e-01 1.557141353736e-01 1.932575025234e-01 2.383731511073e-01 2.923250670148e-01 3.565421073310e-01 4.323404467285e-01 5.213958327125e-01 6.266436235543e-01 7.518949994709e-01 8.999657324839e-01 1.071710301177e+00 1.267192083505e+00 1.486710050812e+00 1.730148393637e+00 1.997128108396e+00 2.289205431787e+00 2.609947611424e+00 2.960719018897e+00 3.338390180942e+00 3.739586661874e+00 4.164238766330e+00 4.611132020424e+00 5.073178999810e+00 5.542371118798e+00 6.016273820752e+00 6.493046638952e+00 6.963177801484e+00 7.414373025362e+00 7.842010594912e+00 8.245257210507e+00 8.615116577009e+00 8.937508247120e+00 9.207058684551e+00 9.425826543182e+00 9.588771288115e+00 9.683653389653e+00 9.706513004962e+00 9.664425472375e+00 9.561859130773e+00 9.398569884004e+00 9.183610434813e+00 8.935881796986e+00 8.663726200527e+00 8.355239707985e+00 7.995177437582e+00 7.582522832220e+00 7.127526239960e+00 6.642425275157e+00 6.141677149086e+00 5.642473453761e+00 5.156839523338e+00 4.686991233973e+00 4.232440076540e+00 3.797133616425e+00 3.386381134660e+00 3.001658192624e+00 2.642546065286e+00 2.310638576568e+00 2.008154607407e+00 1.734834431865e+00 1.488824384437e+00 1.269149075744e+00 1.075368998983e+00 9.059198470304e-01 7.583899483964e-01 6.308338279529e-01 5.217753061496e-01 4.294049177189e-01 3.516020644998e-01 2.865065809507e-01 2.325226939614e-01 1.878944096395e-01 1.506473207021e-01 1.189444720714e-01 9.141517019604e-02 6.732807550870e-02 4.664895474336e-02 2.983704438713e-02
4.724712043010e-10 2.858308405763e-09 1.628561023144e-08 8.652539579147e-08 4.248787334947e-07 1.913091037123e-06 7.843868386413e-06 2.910822679246e-05 9.726352349481e-05 2.914110367792e-04 7.804314075126e-04 1.865048741845e-03 3.977832889930e-03 7.593436212944e-03 1.305934940190e-02 2.046635320436e-02 2.971395985062e-02 4.076948269426e-02 5.389232297954e-02 6.962289095535e-02 8.865537338236e-02 1.118481257636e-01 1.402983152241e-01 1.751940475513e-01 2.175834427872e-01 2.685273436930e-01 3.294658194717e-01 4.020662863810e-01 4.877850182885e-01 5.883834167204e-01 7.071684070423e-01 8.486901362049e-01 1.016367846998e+00 1.211125455079e+00 1.432910734991e+00 1.682141073682e+00 1.958723468503e+00 2.261925870216e+00 2.593324272635e+00 2.957433752248e+00 3.356337801608e+00 3.786163018846e+00 4.242461164285e+00 4.725511687625e+00 5.234784081870e+00 5.761938993904e+00 6.296830316893e+00 6.836909791136e+00 7.381378418862e+00 7.919359043981e+00 8.435356495796e+00 8.923946968548e+00 9.385830929028e+00 9.811141979932e+00 1.018204263020e+01 1.049170590488e+01 1.074424374412e+01 1.093481214656e+01 1.104763696548e+01 1.107686562742e+01 1.103188062222e+01 1.091867487125e+01 1.073513092225e+01 1.049027465998e+01 1.020794698494e+01 9.900511021937e+00 9.553725924248e+00 9.147528091200e+00 8.679844634936e+00 8.162989972136e+00 7.610708596462e+00 7.038918299006e+00 6.468118792902e+00 5.913448744450e+00 5.377292439458e+00 4.857971012203e+00 4.359903839148e+00 3.889970706660e+00 3.449990618718e+00 3.038891067793e+00 2.658394730070e+00 2.311547689394e+00 1.998229634865e+00 1.716006284353e+00 1.463654275621e+00 1.240937042473e+00 1.046202561302e+00 8.765445279689e-01 7.296572629907e-01 6.039751108294e-01 4.975181084533e-01 4.078129241035e-01 3.327098457323e-01 2.704721792119e-01 2.191739820887e-01 1.765330207757e-01 1.403385670230e-01 1.088695181752e-01 8.112073584029e-02 5.694452310477e-02 3.690887511209e-02
3.155306071177e-10 2.019487676417e-09 1.213996010631e-08 6.785081946587e-08 3.494056221462e-07 1.644643531842e-06 7.026422889341e-06 2.708143148198e-05 9.367668335572e-05 2.895827892935e-04 7.974842941312e-04 1.952961578979e-03 4.253072949379e-03 8.258700348412e-03 1.439180190092e-02 2.276494408086e-02 3.324293776711e-02 4.575610359544e-02 6.058668192084e-02 7.835627272838e-02 9.985130371885e-02 1.260328463523e-01 1.581593217860e-01 1.976184867183e-01 2.456025811297e-01 3.032727027355e-01 3.722680581339e-01 4.545499847891e-01 5.517461555976e-01 6.656832287030e-01 8.000629911015e-01 9.603229137435e-01 1.150645297002e+00 1.372033201014e+00 1.624253332265e+00 1.907880050222e+00 2.222904244271e+00 2.568129504047e+00 2.945036515867e+00 3.359292534424e+00 3.814004572211e+00 4.304428588490e+00 4.824647603541e+00 5.375332714657e+00 5.957030081674e+00 6.560012016681e+00 7.171322157036e+00 7.788162574013e+00 8.411325912109e+00 9.028548255165e+00 9.620204407041e+00 1.017965568196e+01 1.070981301759e+01 1.120017256761e+01 1.162810518243e+01 1.198462699334e+01 1.227662693224e+01 1.250002926732e+01 1.263460632288e+01 1.267170465469e+01 1.262365508818e+01 1.249879378851e+01 1.229248521104e+01 1.201296731032e+01 1.169004035002e+01 1.134167977787e+01 1.095113438806e+01 1.049208101583e+01 9.960881888256e+00 9.372521606710e+00 8.742529958162e+00 8.088165251696e+00 7.433782408311e+00 6.798606166787e+00 6.185372511564e+00 5.590680293127e+00 5.019327762357e+00 4.480268195556e+00 3.975876598735e+00 3.504140902813e+00 3.066801999507e+00 2.668006791805e+00 2.307921186214e+00 1.983349270515e+00 1.692686231159e+00 1.435995673191e+00 1.211603726195e+00 1.015993041006e+00 8.463814759445e-01 7.011226541907e-01 5.780820179404e-01 4.743630211731e-01 3.874485413179e-01 3.154499515934e-01 2.562796300633e-01 2.073133234706e-01 1.658989435258e-01 1.298893444648e-01 9.792308953124e-02 6.966755132354e-02 4.578515031039e-02
2.094247292485e-10 1.419854268186e-09 9.014687440243e-09 5.304604256626e-08 2.866679978862e-07 1.411354407971e-06 6.285912411466e-06 2.517265187637e-05 9.017080674082e-05 2.876958745588e-04 8.149734673854e-04 2.045865234697e-03 4.550883720278e-03 8.992679851201e-03 1.588481364138e-02 2.536982707973e-02 3.727107121902e-02 5.146956618881e-02 6.827023341704e-02 8.839116494240e-02 1.127266246486e-01 1.423508861990e-01 1.787068619919e-01 2.234231501566e-01 2.778649397961e-01 3.432968683708e-01 4.215800078373e-01 5.150369863459e-01 6.255102515410e-01 7.548636282047e-01 9.072063912805e-01 1.089035105251e+00 1.305499018519e+00 1.557699065277e+00 1.845128795997e+00 2.168560478594e+00 2.528163581681e+00 2.922150627222e+00 3.351732449984e+00 3.823951693438e+00 4.343347734206e+00 4.904192220200e+00 5.498580354879e+00 6.127575812658e+00 6.793328432699e+00 7.484635702291e+00 8.184874421646e+00 8.890742916807e+00 9.605343388875e+00 1.031512632854e+01 1.099518351353e+01 1.163702734690e+01 1.224662860721e+01 1.281329848585e+01 1.330836738554e+01 1.371967000063e+01 1.405773598170e+01 1.432014373290e+01 1.448114554544e+01 1.452800023353e+01 1.447670489224e+01 1.433912132837e+01 1.410737992175e+01 1.378777962695e+01 1.341716631635e+01 1.302123592673e+01 1.258071306612e+01 1.206119053359e+01 1.145670598674e+01 1.078569204314e+01 1.006587005888e+01 9.315588012978e+00 8.563604365877e+00 7.834481673616e+00 7.131643058424e+00 6.449273075870e+00 5.792331974018e+00 5.172478928087e+00 4.592984378949e+00 4.050534672268e+00 3.546684907365e+00 3.087019845513e+00 2.672225623721e+00 2.298127288797e+00 1.962535978201e+00 1.665931246085e+00 1.406731446739e+00 1.180675167172e+00 9.843419987451e-01 8.160118055188e-01 6.734333948061e-01 5.532090942727e-01 4.523497618734e-01 3.687971325297e-01 3.003214490629e-01 2.439246972672e-01 1.964354193868e-01 1.551921966453e-01 1.183784092632e-01 8.538088560465e-02 5.692338941396e-02
1.382030667202e-10 9.937421200130e-10 6.670111184971e-09 4.135584534339e-08 2.346837507347e-07 1.209119030795e-06 5.616216485020e-06 2.337604329353e-05 8.673803996700e-05 2.857062540099e-04 8.327352919499e-04 2.143525243531e-03 4.871896041981e-03 9.800160322544e-03 1.755422659116e-02 2.831760874654e-02 4.186491321349e-02 5.801229544794e-02 7.708563644755e-02 9.991759924105e-02 1.275293912717e-01 1.611194504221e-01 2.023401013216e-01 2.531101711775e-01 3.150047169700e-01 3.893937804090e-01 4.783811827057e-01 5.847316981397e-01 7.105623693481e-01 8.577384219379e-01 1.030773144781e+00 1.237417751368e+00 1.484047638703e+00 1.771896026957e+00 2.100057364565e+00 2.469540075502e+00 2.880831067857e+00 3.331415142778e+00 3.821981389076e+00 4.361179480909e+00 4.955519866167e+00 5.598211714420e+00 6.278692380418e+00 6.998344808714e+00 7.761610851943e+00 8.555817720571e+00 9.359603888133e+00 1.016873211031e+01 1.098952293358e+01 1.180743316881e+01 1.259086979312e+01 1.332855005909e+01 1.403053492800e+01 1.468671786217e+01 1.526092025917e+01 1.573633641925e+01 1.612812216610e+01 1.643682273988e+01 1.662998143745e+01 1.668898293582e+01 1.663424046519e+01 1.648280178188e+01 1.622282988266e+01 1.585702502867e+01 1.543035987056e+01 1.497899664026e+01 1.448139987552e+01 1.389280210519e+01 1.320379314570e+01 1.243722834274e+01 1.161362495668e+01 1.075200712253e+01 9.886033540946e+00 9.047189199964e+00 8.240153398041e+00 7.455822729662e+00 6.698912841146e+00 5.984562770765e+00 5.317461724919e+00 4.692554740499e+00 4.110870008354e+00 3.579829884172e+00 3.100998355186e+00 2.668973056869e+00 2.280682084614e+00 1.937148446509e+00 1.637064472481e+00 1.375281057809e+00 1.147517061615e+00 9.519762799504e-01 7.863597362455e-01 6.466879077850e-01 5.293606821678e-01 4.321199644794e-01 3.526278062502e-01 2.874868991791e-01 2.329167762080e-01 1.856385930711e-01 1.432635344579e-01 1.047733462025e-01 7.089378580929e-02
9.072820950666e-11 6.926849113443e-10 4.919713198755e-09 3.216260395941e-08 1.917581537198e-07 1.034310917843e-06 5.011981126277e-06 2.168779423486e-05 8.337783701870e-05 2.835905215184e-04 8.506447651321e-04 2.245754125798e-03 5.216819055042e-03 1.068631274992e-02 1.941748432669e-02 3.164942320675e-02 4.710046554636e-02 6.550245816832e-02 8.719820501008e-02 1.131560940795e-01 1.445479056963e-01 1.827078531372e-01 2.295238378797e-01 2.872636436673e-01 3.577597434987e-01 4.424883853104e-01 5.438131400195e-01 6.650365303465e-01 8.086319050181e-01 9.764234960326e-01 1.173302472158e+00 1.408493128736e+00 1.689924181023e+00 2.019021271511e+00 2.394311930446e+00 2.817068217445e+00 3.288289454110e+00 3.804595417008e+00 4.365804587582e+00 4.982396546428e+00 5.663548902329e+00 6.401398383442e+00 7.181876329161e+00 8.006491570706e+00 8.882852543950e+00 9.796969360202e+00 1.072142749091e+01 1.165036477813e+01 1.259443567654e+01 1.353867506998e+01 1.444313958279e+01 1.529237759727e+01 1.610174220420e+01 1.686291002987e+01 1.753052117007e+01 1.808109510533e+01 1.853547611262e+01 1.889905026024e+01 1.913139790283e+01 1.920560059222e+01 1.914718704696e+01 1.898066194933e+01 1.868956390901e+01 1.827069329261e+01 1.777810914219e+01 1.726195363303e+01 1.669914011802e+01 1.603175043578e+01 1.524528839012e+01 1.436821702203e+01 1.342474938553e+01 1.243398464510e+01 1.143484935182e+01 1.046771925388e+01 9.539442530525e+00 8.636562568164e+00 7.762866365627e+00 6.937888834913e+00 6.168519888679e+00 5.447455937004e+00 4.774663942373e+00 4.159855224082e+00 3.605998723982e+00 3.106200163632e+00 2.656075526227e+00 2.257315852335e+00 1.909160208788e+00 1.605429960164e+00 1.340682261764e+00 1.113020592393e+00 9.202077141879e-01 7.576069690695e-01 6.208257871838e-01 5.073546428146e-01 4.147985778128e-01 3.393472112522e-01 2.765089008604e-01 2.222660603886e-01 1.735204886959e-01 1.286902781940e-01 8.840832732001e-02
5.929203588361e-11 4.811668981546e-10 3.619136791750e-09 2.496296749560e-08 1.564432501102e-07 8.837141868122e-07 4.468476912655e-06 2.010585553651e-05 8.009718945813e-05 2.813506767839e-04 8.686378486903e-04 2.352479502472e-03 5.586603991746e-03 1.165704712272e-02 2.149437976432e-02 3.541246929341e-02 5.306605666745e-02 7.407867775041e-02 9.880272519593e-02 1.283667847011e-01 1.641226596786e-01 2.075530157377e-01 2.608081670245e-01 3.265741101099e-01 4.070021109101e-01 5.036752626632e-01 6.192275925859e-01 7.576105371654e-01 9.217641255609e-01 1.113424984699e+00 1.337805943842e+00 1.605842846563e+00 1.927427673133e+00 2.304278593797e+00 2.734138374193e+00 3.218547178964e+00 3.759280483567e+00 4.351970205052e+00 4.995097009703e+00 5.701158889054e+00 6.482882999784e+00 7.331437288089e+00 8.228194813789e+00 9.174414998239e+00 1.018195421020e+01 1.123588232885e+01 1.230115326761e+01 1.336923044140e+01 1.445642572926e+01 1.554831705791e+01 1.659468389401e+01 1.757396043970e+01 1.850812921056e+01 1.939242993751e+01 2.017049073062e+01 2.080937921129e+01 2.133668024741e+01 2.176521442006e+01 2.204537953689e+01 2.213872000756e+01 2.207639586253e+01 2.189339808468e+01 2.156820606261e+01 2.108863544673e+01 2.051849776978e+01 1.992632869031e+01 1.928887186967e+01 1.853170755497e+01 1.763289987622e+01 1.662790661392e+01 1.554596355600e+01 1.440544650146e+01 1.325068172617e+01 1.213332894243e+01 1.106380699341e+01 1.002305868587e+01 9.012868154884e+00 8.058206310216e+00 7.169298261070e+00 6.336045428625e+00 5.556556636066e+00 4.843308731387e+00 4.201427579492e+00 3.622274709239e+00 3.099555931355e+00 2.635725459411e+00 2.230959336053e+00 1.877930468850e+00 1.569635243622e+00 1.304010623052e+00 1.079041063111e+00 8.893760015425e-01 7.295982621006e-01 5.968609889735e-01 4.887823892742e-01 4.011445009990e-01 3.286297975397e-01 2.663380071892e-01 2.103013808299e-01 1.581761556215e-01 1.103608628428e-01
3.860585522833e-11 3.333464594876e-10 2.657268707677e-09 1.934820324221e-08 1.275032447242e-07 7.544679451392e-07 3.981483467834e-06 1.862971966600e-05 7.691106244544e-05 2.790205386653e-04 8.867434343361e-04 2.463852026173e-03 5.982732337821e-03 1.271967896942e-02 2.380846802198e-02 3.966278477160e-02 5.986728823276e-02 8.390789937990e-02 1.121347067876e-01 1.458644564147e-01 1.866659204225e-01 2.361847605023e-01 2.968605989854e-01 3.718786521772e-01 4.637882414898e-01 5.742815863714e-01 7.062647740474e-01 8.644652344675e-01 1.052436835026e+00 1.271782430664e+00 1.527941806333e+00 1.833816182041e+00 2.201770481069e+00 2.633975251947e+00 3.127112807279e+00 3.682955820747e+00 4.304401279811e+00 4.986006456783e+00 5.724306837549e+00 6.533937366472e+00 7.432272396746e+00 8.409788805896e+00 9.442022812051e+00 1.052934637071e+01 1.168916376833e+01 1.290630161994e+01 1.413623049186e+01 1.536619899161e+01 1.661968930108e+01 1.788431931195e+01 1.909742989634e+01 2.022864908336e+01 2.130798816156e+01 2.233677878982e+01 2.324573657215e+01 2.398876013821e+01 2.460107732563e+01 2.510643312136e+01 2.544501621351e+01 2.556261242448e+01 2.549614887018e+01 2.529504510291e+01 2.493272336814e+01 2.438400384463e+01 2.372258150362e+01 2.304082420210e+01 2.231766282929e+01 2.145824660733e+01 2.042987178168e+01 1.927653667215e+01 1.803442510045e+01 1.672021209557e+01 1.538337983740e+01 1.408971339858e+01 1.285528003926e+01 1.165403285246e+01 1.048414899163e+01 9.377153356689e+00 8.348207702327e+00 7.383888707912e+00 6.479305806572e+00 5.650154358373e+00 4.904757660257e+00 4.232541358335e+00 3.624489863923e+00 3.083844527951e+00 2.612253810918e+00 2.201178793483e+00 1.841538063848e+00 1.530964218370e+00 1.267881842524e+00 1.046207250225e+00 8.592088149954e-01 7.035644000106e-01 5.769939357604e-01 4.749065999626e-01 3.910329159609e-01 3.194174393753e-01 2.550354342696e-01 1.945370276249e-01 1.378847461041e-01
2.507171885024e-11 2.305534403622e-10 1.949064805481e-09 1.498774191424e-08 1.038853634738e-07 6.440230290916e-07 3.547209732194e-06 1.726030509820e-05 7.384326478228e-05 2.766747730591e-04 9.051293344479e-04 2.580410961174e-03 6.407688979117e-03 1.388407652611e-02 2.638952685831e-02 4.446999620363e-02 6.763528374841e-02 9.519825733933e-02 1.274886520466e-01 1.660429194660e-01 2.126934139612e-01 2.692665823540e-01 3.385177950205e-01 4.242256089959e-01 5.294397512843e-01 6.559684511553e-01 8.069794234653e-01 9.881189757786e-01 1.203748700735e+00 1.455299082536e+00 1.748295025414e+00 2.097865403918e+00 2.519477427490e+00 3.016000087179e+00 3.582715446389e+00 4.221529947161e+00 4.936901484902e+00 5.722291655861e+00 6.571521825705e+00 7.501365019228e+00 8.535183513028e+00 9.663293347997e+00 1.085387310395e+01 1.210540272802e+01 1.344235214134e+01 1.485044179378e+01 1.627353988630e+01 1.769248802824e+01 1.913959181027e+01 2.060670548205e+01 2.201639465109e+01 2.332583044560e+01 2.457439056283e+01 2.577297481724e+01 2.683755469677e+01 2.770397628469e+01 2.841565342269e+01 2.901183565547e+01 2.942189639637e+01 2.957046086406e+01 2.949969848221e+01 2.927846887738e+01 2.887587390851e+01 2.824866949151e+01 2.747970628691e+01 2.669175659927e+01 2.586966217174e+01 2.489365983849e+01 2.371564861311e+01 2.238977623878e+01 2.096191599042e+01 1.944594593271e+01 1.789570997679e+01 1.639440366487e+01 1.496673002496e+01 1.357820745495e+01 1.222110403021e+01 1.093460942161e+01 9.741025975733e+00 8.623185244368e+00 7.571619046354e+00 6.605591785044e+00 5.738024171723e+00 4.956347895114e+00 4.247756379062e+00 3.616168165097e+00 3.065411057320e+00 2.585773749492e+00 2.165443708211e+00 1.801498045984e+00 1.493082216018e+00 1.233423639459e+00 1.014124250586e+00 8.311729618937e-01 6.824939982905e-01 5.631998156740e-01 4.659348092149e-01 3.834794728394e-01 3.095305945352e-01 2.394338160964e-01 1.724374686286e-01
1.626224930994e-11 1.593942005006e-10 1.429815448598e-09 1.161545409265e-08 8.469545428508e-08 5.501103606554e-07 3.162254375952e-06 1.599997974325e-05 7.092789921225e-05 2.744410955222e-04 9.241647997266e-04 2.703318584519e-03 6.865661730078e-03 1.516441074682e-02 2.927735474440e-02 4.992461323018e-02 7.653920123379e-02 1.082183964670e-01 1.452453755596e-01 1.894114459800e-01 2.428716359038e-01 3.076563996650e-01 3.868626006712e-01 4.849711576204e-01 6.056641101631e-01 7.508818452511e-01 9.240283535187e-01 1.131827093636e+00 1.379699992842e+00 1.668884741439e+00 2.004793777890e+00 2.405045535130e+00 2.888981482050e+00 3.460536312608e+00 4.113183440007e+00 4.848772225527e+00 5.673866851649e+00 6.580916814573e+00 7.560078275629e+00 8.630085991003e+00 9.821899233248e+00 1.112655440505e+01 1.250310119170e+01 1.394662867651e+01 1.549038964140e+01 1.712272014595e+01 1.877352601654e+01 2.041420163429e+01 2.208758376623e+01 2.379285311720e+01 2.543538659341e+01 2.695504004753e+01 2.840164722304e+01 2.980032004687e+01 3.105072665799e+01 3.206435516130e+01 3.289269351091e+01 3.359637027196e+01 3.409407136273e+01 3.428247652071e+01 3.420743586245e+01 3.396347529412e+01 3.351724281164e+01 3.280119583964e+01 3.190533778076e+01 3.099062761629e+01 3.005340178826e+01 2.894404036031e+01 2.759271379720e+01 2.606523072291e+01 2.442097806699e+01 2.266994060411e+01 2.086876732010e+01 1.912174933001e+01 1.746640852472e+01 1.585847356427e+01 1.428111006218e+01 1.278214079286e+01 1.139396973359e+01 1.009551277780e+01 8.870609530787e+00 7.742226057119e+00 6.729712987181e+00 5.818688568104e+00 4.991183217730e+00 4.251462224175e+00 3.606431499992e+00 3.045413711920e+00 2.553061854659e+00 2.125477450305e+00 1.762866339714e+00 1.457907792318e+00 1.200122980700e+00 9.844923906175e-01 8.092511232016e-01 6.693466524593e-01 5.562007785806e-01 4.610746430144e-01 3.761204794344e-01 2.950160693117e-01 2.159206030981e-01
1.055313816571e-11 1.103285306924e-10 1.050586473110e-09 9.018215118736e-09 6.917744524700e-08 4.707184485169e-07 2.823598478260e-06 1.485268356759e-05 6.821110750932e-05 2.725139800411e-04 9.444921031303e-04 2.834637492411e-03 7.363392643918e-03 1.658132418579e-02 3.252651006481e-02 5.614711375397e-02 8.680174068410e-02 1.233213450650e-01 1.659057555634e-01 2.166398232634e-01 2.780763230278e-01 3.524815387452e-01 4.433191626909e-01 5.558985456151e-01 6.947036216210e-01 8.618387550432e-01 1.060901652442e+00 1.299865988223e+00 1.585539500655e+00 1.918979307181e+00 2.305224268999e+00 2.764633138296e+00 3.321361752272e+00 3.980941823410e+00 4.734560256033e+00 5.583692582699e+00 6.537671765156e+00 7.588172288449e+00 8.720535058463e+00 9.955027898465e+00 1.133210428020e+01 1.284487105641e+01 1.444123171827e+01 1.611073846200e+01 1.789730305263e+01 1.979435166188e+01 2.171527759806e+01 2.361791007638e+01 2.555724934666e+01 2.754400399214e+01 2.946401435919e+01 3.123347354262e+01 3.291325517996e+01 3.454872853830e+01 3.602224497027e+01 3.721293248620e+01 3.817919774206e+01 3.901041578631e+01 3.961585094185e+01 3.985587599055e+01 3.977694240646e+01 3.950680027331e+01 3.901313780448e+01 3.819665156627e+01 3.715070770567e+01 3.608346505869e+01 3.501078875305e+01 3.374796919371e+01 3.219495832608e+01 3.043040216893e+01 2.853242143921e+01 2.650619608530e+01 2.440861480890e+01 2.236905054153e+01 2.044355345790e+01 1.857702116832e+01 1.673922332813e+01 1.498724791413e+01 1.336748446053e+01 1.185520874995e+01 1.042482031820e+01 9.102743552381e+00 7.917092643310e+00 6.852231063034e+00 5.883316853298e+00 5.014297221660e+00 4.256256256557e+00 3.598005053023e+00 3.019703680029e+00 2.515818982084e+00 2.088001119362e+00 1.728657862106e+00 1.424758982394e+00 1.169815265297e+00 9.624659480679e-01 7.976960506785e-01 6.655751448753e-01 5.555314106422e-01 4.578466354873e-01 3.640876055350e-01 2.708279886781e-01
6.866082566980e-12 7.660922965147e-11 7.746110717567e-10 7.026352691702e-09 5.669556694553e-08 4.040745880766e-07 2.528597130675e-06 1.382393102143e-05 6.575173179237e-05 2.711623884742e-04 9.670736305921e-04 2.977525371962e-03 7.910789086898e-03 1.816348069269e-02 3.620964371693e-02 6.329425063381e-02 9.870989956552e-02 1.409612336606e-01 1.901146562583e-01 2.485904639803e-01 3.194340876763e-01 4.051920986779e-01 5.097207456872e-01 6.393032308987e-01 7.994413378417e-01 9.924591704875e-01 1.222086999111e+00 1.497735419266e+00 1.828011418715e+00 2.213854593799e+00 2.659600297722e+00 3.188573512554e+00 3.830875145127e+00 4.594375935502e+00 5.467434282139e+00 6.450674367836e+00 7.556988782906e+00 8.777725986843e+00 1.009205210865e+01 1.152100131324e+01 1.311671059632e+01 1.487630436981e+01 1.673430168840e+01 1.867176175669e+01 2.074522036077e+01 2.295659458259e+01 2.520011078137e+01 2.741460052117e+01 2.966860139406e+01 3.198987534625e+01 3.424264206583e+01 3.631131432350e+01 3.826755441268e+01 4.018464758459e+01 4.192750112099e+01 4.333293682793e+01 4.446360743519e+01 4.544664613398e+01 4.618478207325e+01 4.649200449072e+01 4.641020771753e+01 4.610929823940e+01 4.556370009808e+01 4.463368431682e+01 4.340981892928e+01 4.215761812344e+01 4.092358801065e+01 3.948270738881e+01 3.769361269413e+01 3.564832830556e+01 3.345064838338e+01 3.110047179973e+01 2.865107996600e+01 2.626103268011e+01 2.401248576457e+01 2.183908694295e+01 1.969162748006e+01 1.763650306441e+01 1.573904614221e+01 1.397186445021e+01 1.229646261044e+01 1.074190680958e+01 9.347956949100e+00 8.098827616186e+00 6.960744653150e+00 5.936203008289e+00 5.041755549970e+00 4.266498066961e+00 3.584994826968e+00 2.989100715783e+00 2.482309393622e+00 2.057212168781e+00 1.697715794452e+00 1.395219971809e+00 1.148822367615e+00 9.538331577411e-01 7.988598585733e-01 6.711138967599e-01 5.586017851144e-01 4.502384818800e-01 3.403666451813e-01
4.490711909536e-12 5.349777955439e-11 5.744437088910e-10 5.505597285799e-09 4.671795026415e-08 3.486199168614e-07 2.274894929337e-06 1.292016008871e-05 6.361752506510e-05 2.707133596154e-04 9.931321158602e-04 3.136035157463e-03 8.520299400328e-03 1.994581631412e-02 4.041329427877e-02 7.155055527286e-02 1.126004796014e-01 1.616718165902e-01 2.186317945428e-01 2.862801777778e-01 3.682726567848e-01 4.674972179160e-01 5.882296559706e-01 7.378922651162e-01 9.232736366348e-01 1.147006046743e+00 1.412872596535e+00 1.731917694129e+00 2.115059728795e+00 2.563255048994e+00 3.079736934931e+00 3.690977835666e+00 4.434348630306e+00 5.321049070765e+00 6.336018673159e+00 7.478368426804e+00 8.765475597767e+00 1.018908480076e+01 1.172062995371e+01 1.338071849338e+01 1.523561446884e+01 1.728911325177e+01 1.945995993005e+01 2.171682351162e+01 2.413080078809e+01 2.671676275103e+01 2.934715567729e+01 3.193489197083e+01 3.456292672748e+01 3.728306313803e+01 3.993633945472e+01 4.236533168025e+01 4.465102568394e+01 4.690398645299e+01 4.897283143344e+01 5.064008509739e+01 5.196796108664e+01 5.313200180435e+01 5.403340638470e+01 5.442802788615e+01 5.434541178144e+01 5.400779953453e+01 5.340479777487e+01 5.234658686379e+01 5.091184793155e+01 4.943442165169e+01 4.800614536472e+01 4.635694600380e+01 4.429019431390e+01 4.191086682767e+01 3.935733158236e+01 3.662444573527e+01 3.375649183449e+01 3.094512914395e+01 2.830830583128e+01 2.576901070881e+01 2.325209559870e+01 2.083242230908e+01 1.860036712573e+01 1.652781554582e+01 1.455920991760e+01 1.272465615486e+01 1.107897795965e+01 9.608070608938e+00 8.266850645404e+00 7.054624513884e+00 5.994849057137e+00 5.078133867440e+00 4.272238490400e+00 3.565039437714e+00 2.962241997657e+00 2.457291247971e+00 2.030507923544e+00 1.670328823765e+00 1.376293070502e+00 1.144417725500e+00 9.617761987881e-01 8.129029111861e-01 6.830279461532e-01 5.577605754569e-01 4.283942544345e-01
2.962392855443e-12 3.768828990364e-11 4.297184912676e-10 4.350179236192e-09 3.879987100383e-08 3.029634227307e-07 2.060141466994e-06 1.214651958935e-05 6.187112709119e-05 2.714801308095e-04 1.023841214923e-03 3.313973589998e-03 9.203292887776e-03 2.195970841347e-02 4.521511627644e-02 8.108328262549e-02 1.287831226838e-01 1.859502331129e-01 2.521706528709e-01 3.306667524819e-01 4.258434823783e-01 5.410098131741e-01 6.808887901097e-01 8.542213901226e-01 1.069402423609e+00 1.329499062942e+00 1.638251292887e+00 2.008533715368e+00 2.454181472890e+00 2.976390281148e+00 3.576836176088e+00 4.285243373916e+00 5.147722974746e+00 6.180041045461e+00 7.363117028874e+00 8.693707722610e+00 1.019472253167e+01 1.185934584325e+01 1.364958409552e+01 1.558393445348e+01 1.774535473131e+01 2.014769671181e+01 2.269155002848e+01 2.532835005212e+01 2.814547616544e+01 3.117627294656e+01 3.426908388159e+01 3.730254815023e+01 4.037414139581e+01 4.356806939302e+01 4.670149194034e+01 4.956332099311e+01 5.224083292741e+01 5.489271903414e+01 5.735413059914e+01 5.933957623608e+01 6.090376011223e+01 6.228254730162e+01 6.338310019265e+01 6.389016365081e+01 6.381018991195e+01 6.342867559435e+01 6.276190353579e+01 6.155984907562e+01 5.987697531330e+01 5.812645053954e+01 5.646371103923e+01 5.457009392163e+01 5.217721035300e+01 4.940131976737e+01 4.642616641409e+01 4.324276076074e+01 3.987929226365e+01 3.656372472527e+01 3.346150761787e+01 3.048698503193e+01 2.753089750326e+01 2.467456419104e+01 2.204050285216e+01 1.960302960920e+01 1.728479290571e+01 1.511437743935e+01 1.316548768580e+01 1.142837583137e+01 9.844081512344e+00 8.406304502894e+00 7.146883539337e+00 6.059656564320e+00 5.104351453400e+00 4.263085889750e+00 3.544050320442e+00 2.942443597011e+00 2.434517813392e+00 2.004684758713e+00 1.652803230683e+00 1.376069775955e+00 1.160013010303e+00 9.859653934888e-01 8.357815632887e-01 6.910011650609e-01 5.388762483972e-01
1.979143731461e-12 2.688710282298e-11 3.253822787091e-10 3.476762281756e-09 3.256497366688e-08 2.657992771850e-07 1.881370775538e-06 1.150207626858e-05 6.053926083595e-05 2.735989706033e-04 1.059601304291e-03 3.512179413758e-03 9.961365743556e-03 2.420936226872e-02 5.062929063495e-02 9.193447687609e-02 1.473555680410e-01 2.139768836461e-01 2.910087656219e-01 3.821317465400e-01 4.926496309126e-01 6.263858558233e-01 7.885346009861e-01 9.893305964399e-01 1.239121386127e+00 1.541570597066e+00 1.900267712840e+00 2.330087702666e+00 2.848438342883e+00 3.457069308513e+00 4.155620365145e+00 4.977041896939e+00 5.977648096984e+00 7.179172964046e+00 8.557976560237e+00 1.010750526078e+01 1.185731034797e+01 1.380338017940e+01 1.589661842136e+01 1.815124917806e+01 2.066931128785e+01 2.347866323598e+01 2.645968426594e+01 2.954106841173e+01 3.282768360683e+01 3.637761171199e+01 4.001348387247e+01 4.357043437852e+01 4.715948388847e+01 5.090640752799e+01 5.460508679479e+01 5.797805928088e+01 6.111409722011e+01 6.423149158283e+01 6.715669601100e+01 6.952191951478e+01 7.136492252425e+01 7.299398075387e+01 7.433217170029e+01 7.498020496880e+01 7.490803135500e+01 7.447489228390e+01 7.373792242723e+01 7.237747868016e+01 7.040855605198e+01 6.833312691608e+01 6.639097004393e+01 6.421352900517e+01 6.144303107218e+01 5.820399844965e+01 5.473753725235e+01 5.103304156154e+01 4.709395790244e+01 4.318625822050e+01 3.953582616078e+01 3.605211952537e+01 3.258305468090e+01 2.921305496232e+01 2.610430245033e+01 2.323795074505e+01 2.050999089694e+01 1.794393996573e+01 1.563622960197e+01 1.358496132634e+01 1.171482255314e+01 1.001087381847e+01 8.514667905998e+00 7.225426594330e+00 6.093767232778e+00 5.093939967149e+00 4.236724010663e+00 3.520166822935e+00 2.916093597648e+00 2.403685437977e+00 1.982872083847e+00 1.652566100764e+00 1.396831791691e+00 1.193259354491e+00 1.019670516276e+00 8.527104847239e-01 6.744774909540e-01
1.345643165084e-12 1.950792251602e-11 2.503018262381e-10 2.819028749672e-09 2.768399562272e-08 2.357834700857e-07 1.734008673397e-06 1.097216425619e-05 5.956324936367e-05 2.767635277379e-04 1.098844927413e-03 3.723991716145e-03 1.077178604001e-02 2.663215930242e-02 5.651466786919e-02 1.038389576396e-01 1.678912961720e-01 2.451404782242e-01 3.343255439125e-01 4.396009382597e-01 5.673028603233e-01 7.218608123928e-01 9.089484945634e-01 1.140424528154e+00 1.428904506914e+00 1.778824121193e+00 2.193511530893e+00 2.689936006271e+00 3.289679321117e+00 3.995426968420e+00 4.804343653443e+00 5.752370172655e+00 6.907170223377e+00 8.297797296646e+00 9.895699130434e+00 1.169008600360e+01 1.371817178685e+01 1.598033416574e+01 1.841502517130e+01 2.102971499539e+01 2.394717939359e+01 2.721330914183e+01 3.068709006559e+01 3.426905848700e+01 3.808182328933e+01 4.221438908623e+01 4.646342794741e+01 5.061183887677e+01 5.478186887611e+01 5.914950483511e+01 6.348774794412e+01 6.744121705661e+01 7.109378920202e+01 7.473360679104e+01 7.818514215992e+01 8.098593647652e+01 8.314578862240e+01 8.505547138916e+01 8.666561429058e+01 8.748249117936e+01 8.742486588556e+01 8.693362900377e+01 8.612209435365e+01 8.459428467206e+01 8.230903330338e+01 7.986247852921e+01 7.759907085617e+01 7.510261721049e+01 7.191028416791e+01 6.815063893030e+01 6.413351970543e+01 5.984976546692e+01 5.526860632620e+01 5.069314357287e+01 4.642190512447e+01 4.236500068113e+01 3.831968931973e+01 3.436887852813e+01 3.072111943726e+01 2.736974683311e+01 2.417994448345e+01 2.116589021630e+01 1.844991267481e+01 1.604195185279e+01 1.384846373954e+01 1.184254862553e+01 1.007636435042e+01 8.556897908985e+00 7.224993645652e+00 6.044870286335e+00 5.029755780002e+00 4.181720177443e+00 3.468050708569e+00 2.861524161670e+00 2.361772259281e+00 1.969961189836e+00 1.668896478829e+00 1.431979465916e+00 1.232393827127e+00 1.041135626837e+00 8.340665337492e-01
9.358493557871e-13 1.445269475964e-11 1.961778084100e-10 2.322985405065e-09 2.385345034016e-08 2.113965729441e-07 1.610746700197e-06 1.051967341029e-05 5.874219448842e-05 2.799165971356e-04 1.136637687615e-03 3.929902242508e-03 1.157021589892e-02 2.905134876606e-02 6.246465433444e-02 1.160051112141e-01 1.890616497176e-01 2.774612879198e-01 3.793962630135e-01 4.994728527689e-01 6.451313798733e-01 8.214669066515e-01 1.034605245910e+00 1.298048508245e+00 1.626863927128e+00 2.026405106384e+00 2.499635739669e+00 3.065559468030e+00 3.750297087413e+00 4.557853039732e+00 5.482616622702e+00 6.562974711124e+00 7.878290872460e+00 9.465873670850e+00 1.129226773467e+01 1.334178753048e+01 1.565996000947e+01 1.825311112846e+01 2.104669813528e+01 2.403901228971e+01 2.737368629427e+01 3.111785032144e+01 3.510956153796e+01 3.921720862225e+01 4.357988826226e+01 4.832218804100e+01 5.321679120265e+01 5.798850240595e+01 6.276700256523e+01 6.778436579251e+01 7.279739989648e+01 7.736583971673e+01 8.156139451442e+01 8.574810268740e+01 8.975665678758e+01 9.302348564915e+01 9.551963892264e+01 9.772309527873e+01 9.962355284590e+01 1.006287958600e+02 1.005932780441e+02 1.000416594900e+02 9.915685690326e+01 9.746540138106e+01 9.485483684024e+01 9.201318110681e+01 8.940443467289e+01 8.657200903415e+01 8.293915557680e+01 7.863353349293e+01 7.404134074808e+01 6.915819683831e+01 6.391040934848e+01 5.863352521408e+01 5.370688903054e+01 4.904810962951e+01 4.439910091610e+01 3.983582543450e+01 3.561708429448e+01 3.175382562314e+01 2.807829370089e+01 2.459098763891e+01 2.144156057584e+01 1.865556647262e+01 1.612067265205e+01 1.379507720886e+01 1.174160178347e+01 9.977166178745e+00 8.432960090633e+00 7.061460314892e+00 5.877909818924e+00 4.889435873503e+00 4.059078676526e+00 3.352376390598e+00 2.768225938480e+00 2.310480594099e+00 1.961049106105e+00 1.688968669496e+00 1.462432406371e+00 1.246336372082e+00 1.009525453667e+00
6.683410180265e-13 1.095701541810e-11 1.567338380551e-10 1.943387195571e-09 2.078072255797e-08 1.908623266859e-07 1.500908966758e-06 1.008003082379e-05 5.769917465008e-05 2.810622156417e-04 1.163809883770e-03 4.094186905092e-03 1.223967230471e-02 3.114537063453e-02 6.773468421787e-02 1.269682175489e-01 2.083793367059e-01 3.071952682219e-01 4.210352534532e-01 5.548770951784e-01 7.172161579608e-01 9.137990565285e-01 1.151114818312e+00 1.444137295582e+00 1.810306777569e+00 2.255947854735e+00 2.783576902697e+00 3.413926269640e+00 4.177546800623e+00 5.080039171893e+00 6.112975122438e+00 7.316246151049e+00 8.779905412028e+00 1.054957049741e+01 1.258745274790e+01 1.487285605672e+01 1.745950475862e+01 2.036080900777e+01 2.349007207131e+01 2.683462822450e+01 3.055664057647e+01 3.474566599776e+01 3.922179733318e+01 4.382048217825e+01 4.869400435031e+01 5.400375777626e+01 5.950348556408e+01 6.485998479761e+01 7.020522759845e+01 7.582760843463e+01 8.147499955984e+01 8.662420090038e+01 9.132791628748e+01 9.602419811213e+01 1.005586264296e+02 1.042709512059e+02 1.070857066341e+02 1.095633329883e+02 1.117412214092e+02 1.129355257659e+02 1.129288998847e+02 1.123224171409e+02 1.113757695679e+02 1.095456112577e+02 1.066390088341e+02 1.034222065836e+02 1.004816302617e+02 9.733355558284e+01 9.329115451143e+01 8.847617083518e+01 8.335095378340e+01 7.791867229085e+01 7.205722399754e+01 6.612514441032e+01 6.058245696316e+01 5.536133484643e+01 5.014956876930e+01 4.501082366208e+01 4.025270816254e+01 3.590794614285e+01 3.177727859383e+01 2.784416808658e+01 2.428401655362e+01 2.114048904397e+01 1.828405159110e+01 1.565639410731e+01 1.332982014054e+01 1.133250461252e+01 9.587267982744e+00 8.034279509629e+00 6.690069292369e+00 5.567416888145e+00 4.625957195169e+00 3.823897405172e+00 3.158997811745e+00 2.637992137077e+00 2.242425474295e+00 1.937287364337e+00 1.685946755133e+00 1.447364346019e+00 1.183260126590e+00
4.903466849929e-13 8.485205194033e-12 1.271718939205e-10 1.641861417506e-09 1.818429929111e-08 1.722166962877e-07 1.391168491876e-06 9.566418369712e-06 5.591254591069e-05 2.774256890438e-04 1.167654304013e-03 4.167482469512e-03 1.261853638174e-02 3.246876359791e-02 7.128817134791e-02 1.346762555136e-01 2.223371936045e-01 3.290349127456e-01 4.518678049980e-01 5.960321641560e-01 7.708555577142e-01 9.826090983030e-01 1.237973445747e+00 1.552964044995e+00 1.946935440521e+00 2.427078746240e+00 2.995413311761e+00 3.673776868450e+00 4.496349677069e+00 5.470376349976e+00 6.584931208175e+00 7.880047882759e+00 9.453653686495e+00 1.135843641537e+01 1.355354810698e+01 1.601394314357e+01 1.880025833476e+01 2.193323778095e+01 2.531674085626e+01 2.892668830210e+01 3.293833724226e+01 3.746167290108e+01 4.230488461742e+01 4.727454369760e+01 5.253049672269e+01 5.826691413755e+01 6.422720988860e+01 7.002902175886e+01 7.580058278699e+01 8.187858629600e+01 8.801161187562e+01 9.360823804405e+01 9.869743665725e+01 1.037782308442e+02 1.087187430658e+02 1.127816091027e+02 1.158431800333e+02 1.185287956063e+02 1.209261758944e+02 1.222813204468e+02 1.223074670501e+02 1.216624118505e+02 1.206790806296e+02 1.187629972080e+02 1.156421312045e+02 1.121336021590e+02 1.089310772622e+02 1.055429389660e+02 1.011936273478e+02 9.599460035504e+01 9.047252317289e+01 8.463944869929e+01 7.832535219840e+01 7.189740446430e+01 6.588397587361e+01 6.023751002433e+01 5.460115827349e+01 4.902216632497e+01 4.384801474770e+01 3.913453392904e+01 3.465724666628e+01 3.038139400162e+01 2.650253137803e+01 2.308250447642e+01 1.997892508102e+01 1.711769529866e+01 1.457791218704e+01 1.239882209510e+01 1.049758215635e+01 8.803308050035e+00 7.332864341263e+00 6.104533466903e+00 5.076013780727e+00 4.199206522387e+00 3.470499006217e+00 2.899329777478e+00 2.467565101905e+00 2.137141635063e+00 1.867537767018e+00 1.612849923742e+00 1.328594966480e+00
3.676816978096e-13 6.663602126746e-12 1.038775284809e-10 1.387056495330e-09 1.581450355992e-08 1.535869923320e-07 1.268160354535e-06 8.889472913560e-06 5.284009676623e-05 2.661139822312e-04 1.134893828519e-03 4.098041335306e-03 1.253655444838e-02 3.254937431935e-02 7.201883977939e-02 1.369239523791e-01 2.271423678323e-01 3.372129340702e-01 4.638589360651e-01 6.122717669678e-01 7.921969896172e-01 1.010173127536e+00 1.272816075630e+00 1.596482823275e+00 2.001561463463e+00 2.495812559578e+00 3.080750663678e+00 3.778376693260e+00 4.624925960408e+00 5.629015195698e+00 6.777939514056e+00 8.110185955775e+00 9.726893511422e+00 1.168514621779e+01 1.394300650009e+01 1.647257356920e+01 1.933873345678e+01 2.256858353118e+01 2.606122005489e+01 2.978251242093e+01 3.391230413788e+01 3.857525401762e+01 4.357669531752e+01 4.870397814542e+01 5.411684083093e+01 6.003212326553e+01 6.619470188980e+01 7.219176201993e+01 7.814167886372e+01 8.441216940733e+01 9.076365985588e+01 9.656526894680e+01 1.018211005289e+02 1.070659615370e+02 1.121956094614e+02 1.164313871305e+02 1.196080290872e+02 1.223846975561e+02 1.248938971654e+02 1.263481732146e+02 1.264061314997e+02 1.257500851570e+02 1.247693406611e+02 1.228481056715e+02 1.196500984664e+02 1.160032009909e+02 1.126725759530e+02 1.091822152916e+02 1.047076875822e+02 9.934695118017e+01 9.366597913167e+01 8.768507927928e+01 8.119470785007e+01 7.455267680949e+01 6.832970482938e+01 6.250126583143e+01 5.668425803115e+01 5.090768573620e+01 4.554181584771e+01 4.066294149341e+01 3.603276957565e+01 3.160018049610e+01 2.757109791725e+01 2.402243210415e+01 2.080606516200e+01 1.783573971224e+01 1.519322400469e+01 1.292673728184e+01 1.095182980753e+01 9.189971021878e+00 7.657320569828e+00 6.376593369232e+00 5.305571017475e+00 4.392148577886e+00 3.631381451843e+00 3.034804203321e+00 2.585372662716e+00 2.243687562232e+00 1.967133426552e+00 1.707036116916e+00 1.414829522287e+00
2.785867214820e-13 5.241023569401e-12 8.431284057768e-11 1.156335466396e-09 1.348976458747e-08 1.336303558688e-07 1.122547442533e-06 7.988209080121e-06 4.811599565150e-05 2.451725963183e-04 1.056465895570e-03 3.850000684007e-03 1.187368268606e-02 3.104843266140e-02 6.911973389845e-02 1.320789746319e-01 2.199537698523e-01 3.273732403491e-01 4.509133742768e-01 5.954939332373e-01 7.707156110296e-01 9.830214502159e-01 1.238649803813e+00 1.553406925713e+00 1.947501854063e+00 2.428798346438e+00 2.998342177883e+00 3.677143897699e+00 4.501302110860e+00 5.480213962442e+00 6.600433495280e+00 7.897122947086e+00 9.468687320010e+00 1.137279935085e+01 1.356886378767e+01 1.602824915419e+01 1.881624542615e+01 2.196407108322e+01 2.537219524853e+01 2.899964331565e+01 3.302032373443e+01 3.756458307530e+01 4.244581482429e+01 4.744645663144e+01 5.271741775960e+01 5.848298773627e+01 6.450295581335e+01 7.036071686966e+01 7.615957148440e+01 8.227350741149e+01 8.848583764258e+01 9.416597650807e+01 9.929622369660e+01 1.044125811780e+02 1.094398900860e+02 1.136063236631e+02 1.167196858464e+02 1.194319105370e+02 1.219065537247e+02 1.233703840615e+02 1.234535870249e+02 1.228221070456e+02 1.218926765613e+02 1.200654205921e+02 1.169673112062e+02 1.133894380443e+02 1.101158198630e+02 1.067103212511e+02 1.023531555341e+02 9.712693128690e+01 9.160121807206e+01 8.580206806897e+01 7.949659956907e+01 7.301435593580e+01 6.693141758811e+01 6.124517545880e+01 5.557145653571e+01 4.992204010596e+01 4.466659500071e+01 3.989518701021e+01 3.537091038321e+01 3.103124977119e+01 2.707966160361e+01 2.360194594190e+01 2.045328444926e+01 1.754154914445e+01 1.494615555968e+01 1.272040651247e+01 1.078313202743e+01 9.053412989015e+00 7.545758194403e+00 6.285399504118e+00 5.232502542665e+00 4.334303678841e+00 3.584879312195e+00 2.996873392078e+00 2.555068521130e+00 2.220980027538e+00 1.952384919338e+00 1.700756638478e+00 1.416578654086e+00
2.099326875827e-13 4.064383179227e-12 6.697807402066e-11 9.375655286210e-10 1.113093214691e-08 1.119461386258e-07 9.528735003125e-07 6.859589488652e-06 4.174066968942e-05 2.146120732390e-04 9.322022942982e-04 3.421378084039e-03 1.061846955679e-02 2.792053629752e-02 6.245471586917e-02 1.198180735142e-01 2.001439895170e-01 2.984872302715e-01 4.115445284937e-01 5.437031912256e-01 7.038125037490e-01 8.978197695212e-01 1.131274638215e+00 1.418513150302e+00 1.778247652384e+00 2.217899244770e+00 2.738117765922e+00 3.357769642570e+00 4.110415124205e+00 5.005433894785e+00 6.029804249243e+00 7.213827955268e+00 8.647076569872e+00 1.038361858469e+01 1.238664842178e+01 1.462912122570e+01 1.717236855299e+01 2.004865738640e+01 2.316629491979e+01 2.648192004110e+01 3.015294653306e+01 3.430491638688e+01 3.877005368176e+01 4.334211820856e+01 4.815500825201e+01 5.342301635969e+01 5.893349178852e+01 6.429561628732e+01 6.959419991251e+01 7.518195248442e+01 8.087403579394e+01 8.608342283455e+01 9.077718098517e+01 9.545502987743e+01 1.000685531598e+02 1.039041474068e+02 1.067625869687e+02 1.092452471003e+02 1.115275371585e+02 1.129001908439e+02 1.129975347254e+02 1.124272109724e+02 1.115979018496e+02 1.099633900061e+02 1.071488146307e+02 1.038624506580e+02 1.008477713041e+02 9.772901989758e+01 9.374779481841e+01 8.897082036014e+01 8.393155133018e+01 7.865814277495e+01 7.291546734764e+01 6.698858122961e+01 6.141795306594e+01 5.621814178580e+01 5.103107249376e+01 4.585485489021e+01 4.103326988575e+01 3.666073147756e+01 3.251786111175e+01 2.853782983738e+01 2.490814680775e+01 2.171546434200e+01 1.882750641261e+01 1.615400982307e+01 1.376704655323e+01 1.172007177976e+01 9.940002133112e+00 8.349635798965e+00 6.961146971525e+00 5.799892216698e+00 4.830576669286e+00 4.003539081225e+00 3.312468073503e+00 2.769937434487e+00 2.363127824081e+00 2.056833685142e+00 1.811941538770e+00 1.583280692691e+00 1.323953099851e+00
1.546351851831e-13 3.058093781286e-12 5.130452183105e-11 7.291865201987e-10 8.771174426981e-09 8.922191947879e-08 7.670303422216e-07 5.570203978030e-06 3.415774136184e-05 1.768337197692e-04 7.728167646859e-04 2.851905878733e-03 8.894117842918e-03 2.348684979412e-02 5.273244070840e-02 1.014790799769e-01 1.699130656817e-01 2.537969026095e-01 3.501956492426e-01 4.627657894290e-01 5.990914503654e-01 7.642791495669e-01 9.629501939315e-01 1.207227025073e+00 1.513199783396e+00 1.887351490115e+00 2.330030985880e+00 2.857057887326e+00 3.497383647803e+00 4.259565101748e+00 5.132043431632e+00 6.139287710465e+00 7.357130730881e+00 8.832418925858e+00 1.053407780980e+01 1.243862221455e+01 1.459951548268e+01 1.704690179241e+01 1.970230982187e+01 2.252462887285e+01 2.564647269480e+01 2.917900179006e+01 3.298158810501e+01 3.687376239115e+01 4.096645173538e+01 4.544826178126e+01 5.014329722761e+01 5.471232007652e+01 5.922054630030e+01 6.397527227486e+01 6.882867601967e+01 7.327433833390e+01 7.727234252997e+01 8.125411503543e+01 8.519275892301e+01 8.847611186625e+01 9.091814747444e+01 9.303362588110e+01 9.498987852475e+01 9.618246928062e+01 9.628105241832e+01 9.580111321294e+01 9.510966906332e+01 9.374428532617e+01 9.136233765847e+01 8.855462578703e+01 8.597148922621e+01 8.331023054172e+01 7.992103974821e+01 7.585534510313e+01 7.157579574937e+01 6.710897131398e+01 6.223861652499e+01 5.719504275627e+01 5.244741634791e+01 4.802050342995e+01 4.360541013184e+01 3.919160042236e+01 3.507541146024e+01 3.134579349297e+01 2.781441104274e+01 2.441755530862e+01 2.131561901880e+01 1.858814283655e+01 1.612284520076e+01 1.383867762360e+01 1.179646203339e+01 1.004500207950e+01 8.523004006850e+00 7.162524322849e+00 5.973084462388e+00 4.977854588498e+00 4.147641225288e+00 3.439201666113e+00 2.846503034444e+00 2.380941663708e+00 2.032390332050e+00 1.770875883061e+00 1.562729774226e+00 1.368918044562e+00 1.148360887869e+00
