AXIS X
0.000000000000e+00 2.500000000000e-03 5.000000000000e-03 7.500000000000e-03 1.000000000000e-02 1.250000000000e-02 1.500000000000e-02 1.750000000000e-02 2.000000000000e-02 2.250000000000e-02 2.500000000000e-02 2.750000000000e-02 3.000000000000e-02 3.250000000000e-02 3.500000000000e-02 3.750000000000e-02 4.000000000000e-02 4.250000000000e-02 4.500000000000e-02 4.750000000000e-02 5.000000000000e-02 5.250000000000e-02 5.500000000000e-02 5.750000000000e-02 6.000000000000e-02 6.250000000000e-02 6.500000000000e-02 6.750000000000e-02 7.000000000000e-02 7.250000000000e-02 7.500000000000e-02 7.750000000000e-02 8.000000000000e-02 8.250000000000e-02 8.500000000000e-02 8.750000000000e-02 9.000000000000e-02 9.250000000000e-02 9.500000000000e-02 9.750000000000e-02 1.000000000000e-01 1.025000000000e-01 1.050000000000e-01 1.075000000000e-01 1.100000000000e-01 1.125000000000e-01 1.150000000000e-01 1.175000000000e-01 1.200000000000e-01 1.225000000000e-01 1.250000000000e-01 1.275000000000e-01 1.300000000000e-01 1.325000000000e-01 1.350000000000e-01 1.375000000000e-01 1.400000000000e-01 1.425000000000e-01 1.450000000000e-01 1.475000000000e-01 1.500000000000e-01 1.525000000000e-01 1.550000000000e-01 1.575000000000e-01 1.600000000000e-01 1.625000000000e-01 1.650000000000e-01 1.675000000000e-01 1.700000000000e-01 1.725000000000e-01 1.750000000000e-01 1.775000000000e-01 1.800000000000e-01 1.825000000000e-01 1.850000000000e-01 1.875000000000e-01 1.900000000000e-01 1.925000000000e-01 1.950000000000e-01 1.975000000000e-01 2.000000000000e-01 2.025000000000e-01 2.050000000000e-01 2.075000000000e-01 2.100000000000e-01 2.125000000000e-01 2.150000000000e-01 2.175000000000e-01 2.200000000000e-01 2.225000000000e-01 2.250000000000e-01 2.275000000000e-01 2.300000000000e-01 2.325000000000e-01 2.350000000000e-01 2.375000000000e-01 2.400000000000e-01 2.425000000000e-01 2.450000000000e-01 2.475000000000e-01 2.500000000000e-01

AXIS Y
0.000000000000e+00 1.875000000000e-03 3.750000000000e-03 5.625000000000e-03 7.500000000000e-03 9.375000000000e-03 1.125000000000e-02 1.312500000000e-02 1.500000000000e-02 1.687500000000e-02 1.875000000000e-02 2.062500000000e-02 2.250000000000e-02 2.437500000000e-02 2.625000000000e-02 2.812500000000e-02 3.000000000000e-02 3.187500000000e-02 3.375000000000e-02 3.562500000000e-02 3.750000000000e-02 3.937500000000e-02 4.125000000000e-02 4.312500000000e-02 4.500000000000e-02 4.687500000000e-02 4.875000000000e-02 5.062500000000e-02 5.250000000000e-02 5.437500000000e-02 5.625000000000e-02 5.812500000000e-02 6.000000000000e-02 6.187500000000e-02 6.375000000000e-02 6.562500000000e-02 6.750000000000e-02 6.937500000000e-02 7.125000000000e-02 7.312500000000e-02 7.500000000000e-02 7.687500000000e-02 7.875000000000e-02 8.062500000000e-02 8.250000000000e-02 8.437500000000e-02 8.625000000000e-02 8.812500000000e-02 9.000000000000e-02 9.187500000000e-02 9.375000000000e-02 9.562500000000e-02 9.750000000000e-02 9.937500000000e-02 1.012500000000e-01 1.031250000000e-01 1.050000000000e-01 1.068750000000e-01 1.087500000000e-01 1.106250000000e-01 1.125000000000e-01 1.143750000000e-01 1.162500000000e-01 1.181250000000e-01 1.200000000000e-01 1.218750000000e-01 1.237500000000e-01 1.256250000000e-01 1.275000000000e-01 1.293750000000e-01 1.312500000000e-01 1.331250000000e-01 1.350000000000e-01 1.368750000000e-01 1.387500000000e-01 1.406250000000e-01 1.425000000000e-01 1.443750000000e-01 1.462500000000e-01 1.481250000000e-01 1.500000000000e-01 1.518750000000e-01 1.537500000000e-01 1.556250000000e-01 1.575000000000e-01 1.593750000000e-01 1.612500000000e-01 1.631250000000e-01 1.650000000000e-01 1.668750000000e-01 1.687500000000e-01 1.706250000000e-01 1.725000000000e-01 1.743750000000e-01 1.762500000000e-01 1.781250000000e-01 1.800000000000e-01 1.818750000000e-01 1.837500000000e-01 1.856250000000e-01 1.875000000000e-01 1.893750000000e-01 1.912500000000e-01 1.931250000000e-01 1.950000000000e-01 1.968750000000e-01 1.987500000000e-01 2.006250000000e-01 2.025000000000e-01 2.043750000000e-01 2.062500000000e-01 2.081250000000e-01 2.100000000000e-01 2.118750000000e-01 2.137500000000e-01 2.156250000000e-01 2.175000000000e-01 2.193750000000e-01 2.212500000000e-01 2.231250000000e-01 2.250000000000e-01 2.268750000000e-01 2.287500000000e-01 2.306250000000e-01 2.325000000000e-01 2.343750000000e-01 2.362500000000e-01 2.381250000000e-01 2.400000000000e-01 2.418750000000e-01 2.437500000000e-01 2.456250000000e-01 2.475000000000e-01 2.493750000000e-01 2.512500000000e-01 2.531250000000e-01 2.550000000000e-01 2.568750000000e-01 2.587500000000e-01 2.606250000000e-01 2.625000000000e-01 2.643750000000e-01 2.662500000000e-01 2.681250000000e-01 2.700000000000e-01 2.718750000000e-01 2.737500000000e-01 2.756250000000e-01 2.775000000000e-01 2.793750000000e-01 2.812500000000e-01 2.831250000000e-01 2.850000000000e-01 2.868750000000e-01 2.887500000000e-01 2.906250000000e-01 2.925000000000e-01 2.943750000000e-01 2.962500000000e-01 2.981250000000e-01 3.000000000000e-01

DATA
4.235219561613e-13 7.939533888517e-13 1.477861850420e-12 2.731491070879e-12 5.013028988028e-12 9.135713353074e-12 1.653231925788e-11 2.970853774365e-11 5.301415427208e-11 9.394465254985e-11 1.653210586508e-10 2.889122239674e-10 5.014070555556e-10 8.641839677079e-10 1.479165768209e-09 2.514346102668e-09 4.244557819377e-09 7.116057397374e-09 1.184800151896e-08 1.959056921043e-08 3.216928160902e-08 5.245929139963e-08 8.495381383939e-08 1.366197829558e-07 2.181742844872e-07 3.459711989667e-07 5.447635996001e-07 8.517095491423e-07 1.322123761388e-06 2.037652605804e-06 3.117772795072e-06 4.735792398262e-06 7.140872078718e-06 1.068798775040e-05 1.587822085576e-05 2.341227873292e-05 3.426069540305e-05 4.975470736824e-05 7.170228989079e-05 1.025342060383e-04 1.454850734120e-04 2.048142855017e-04 2.860710086989e-04 3.964062763878e-04 5.449333072306e-04 7.431344318742e-04 1.005309417403e-03 1.349055415060e-03 1.795763414083e-03 2.371110006787e-03 3.105516819053e-03 4.034543561065e-03 5.199174723771e-03 6.645955234831e-03 8.426927532750e-03 1.059932226118e-02 1.322495765331e-02 1.636930929678e-02 2.010022290401e-02 2.448625692034e-02 2.959466123523e-02 3.548901873533e-02 4.222660125786e-02 4.985551482598e-02 5.841173266637e-02 6.791613552899e-02 7.837169326141e-02 8.976093259002e-02 1.020438378780e-01 1.151563230378e-01 1.290094010998e-01 1.434891483733e-01 1.584575356843e-01 1.737541546472e-01 1.891988297159e-01 2.045950615999e-01 2.197342096670e-01 2.344002769169e-01 2.483751356540e-01 2.614440040621e-01 2.734009784496e-01 2.840544054538e-01 2.932319078828e-01 3.007848759386e-01 3.065922686325e-01 3.105636034010e-01 3.126410373929e-01 3.128005030669e-01 3.110518642414e-01 3.074381436257e-01 3.020338495337e-01 2.949425178511e-01 2.862935489934e-01 2.762384923111e-01 2.649468961541e-01 2.526018808076e-01 2.393955648960e-01 2.255245032604e-01 2.111852456539e-01 1.965701563249e-01 1.818635860289e-01
4.300467129473e-13 8.066023413400e-13 1.502224639236e-12 2.778113289236e-12 5.101675607394e-12 9.303185474483e-12 1.684668801178e-11 3.029488628266e-11 5.410080928657e-11 9.594563751653e-11 1.689821066163e-10 2.955675001794e-10 5.134272481236e-10 8.857526162784e-10 1.517614143310e-09 2.582430848839e-09 4.364316622184e-09 7.325283508550e-09 1.221102633267e-08 2.021606767876e-08 3.323942020993e-08 5.427701969323e-08 8.801889469290e-08 1.417498816221e-07 2.266959703420e-07 3.600182611245e-07 5.677382623757e-07 8.889881713646e-07 1.382125175467e-06 2.133437871773e-06 3.269414079805e-06 4.973840865070e-06 7.511375465686e-06 1.125966375340e-05 1.675258739485e-05 2.473778143214e-05 3.625215802245e-05 5.271975988922e-05 7.607679677188e-05 1.089291042364e-04 1.547474202240e-04 2.181056669130e-04 3.049667279256e-04 4.230188749501e-04 5.820638876179e-04 7.944549013388e-04 1.075578025505e-03 1.444366840581e-03 1.923833000638e-03 2.541589615497e-03 3.330337126962e-03 4.328274571234e-03 5.579392821503e-03 7.133601673135e-03 9.046639663301e-03 1.137971595339e-02 1.419883671354e-02 1.757377661006e-02 2.157666773162e-02 2.628019477872e-02 3.175540525369e-02 3.806916769073e-02 4.528133487519e-02 5.344169669534e-02 6.258682957530e-02 7.273697175268e-02 8.389307071152e-02 9.603415361843e-02 1.091151787684e-01 1.230655105280e-01 1.377881485269e-01 1.531598098862e-01 1.690319329341e-01 1.852326269283e-01 2.015695485873e-01 2.178336450744e-01 2.338036532131e-01 2.492512103237e-01 2.639464003072e-01 2.776635318708e-01 2.901869424523e-01 3.013166029884e-01 3.108733308612e-01 3.187034158424e-01 3.246825041922e-01 3.287186163840e-01 3.307542112591e-01 3.307672473217e-01 3.287712416818e-01 3.248143486890e-01 3.189775285022e-01 3.113718958026e-01 3.021353637590e-01 2.914287194817e-01 2.794312700441e-01 2.663362072910e-01 2.523458431472e-01 2.376668504852e-01 2.225056558971e-01 2.070640900867e-01 1.915354190801e-01
4.348559771756e-13 8.160661048871e-13 1.520721593122e-12 2.814022256149e-12 5.170920023720e-12 9.435819785172e-12 1.709904943552e-11 3.077185425984e-11 5.499628626699e-11 9.761562878816e-11 1.720756786418e-10 3.012596958920e-10 5.238301817544e-10 9.046354416206e-10 1.551653965315e-09 2.643368636178e-09 4.472642145560e-09 7.516480668477e-09 1.254606637788e-08 2.079888359531e-08 3.424574297949e-08 5.600152221128e-08 9.095153154522e-08 1.466982993461e-07 2.349798299972e-07 3.737745548208e-07 5.903959978535e-07 9.259984436578e-07 1.442071694934e-06 2.229707218729e-06 3.422678945742e-06 5.215708535671e-06 7.889684065518e-06 1.184607587668e-05 1.765334109346e-05 2.610871593198e-05 3.831943822583e-05 5.580807731815e-05 8.064721442931e-05 1.156291281029e-04 1.644762844028e-04 2.320981824958e-04 3.248993146505e-04 4.511414968033e-04 6.213614850503e-04 8.488414742782e-04 1.150125670577e-03 1.545570762380e-03 2.059911654313e-03 2.722816786948e-03 3.569399939655e-03 4.640647917201e-03 5.983717346639e-03 7.652048464165e-03 9.705241558120e-03 1.220864193877e-02 1.523258409867e-02 1.885125435416e-02 2.314114461346e-02 2.817908854358e-02 3.403989283247e-02 4.079360203644e-02 4.850246282542e-02 5.721767931696e-02 6.697607893950e-02 7.779682803011e-02 8.967835081953e-02 1.025956184539e-01 1.164979661408e-01 1.313075935027e-01 1.469188766983e-01 1.631985936074e-01 1.799871236078e-01 1.971006465703e-01 2.143343043632e-01 2.314662589270e-01 2.482625224927e-01 2.644823982909e-01 2.798843489201e-01 2.942320678943e-01 3.073005440107e-01 3.188818827640e-01 3.287906821361e-01 3.368687728672e-01 3.429891572891e-01 3.470590300534e-01 3.490217984904e-01 3.488580567787e-01 3.465855158068e-01 3.422579310307e-01 3.359630950405e-01 3.278199920783e-01 3.179752469722e-01 3.065989972457e-01 2.938803376419e-01 2.800224919630e-01 2.652378595975e-01 2.497430832599e-01 2.337542757615e-01 2.174825239092e-01 2.011297822238e-01
4.378956466951e-13 8.222403424888e-13 1.533153287818e-12 2.838840289873e-12 5.220053663315e-12 9.532299598633e-12 1.728698091993e-11 3.113503023297e-11 5.569263728870e-11 9.894046688872e-11 1.745768433880e-10 3.059454551403e-10 5.325414591900e-10 9.207065734030e-10 1.581075563235e-09 2.696816095072e-09 4.568982720751e-09 7.688781698590e-09 1.285179303140e-08 2.133704416275e-08 3.518543623275e-08 5.762900164685e-08 9.374701608979e-08 1.514600420325e-07 2.430224142384e-07 3.872424255066e-07 6.127537591795e-07 9.627889934103e-07 1.502075118399e-06 2.326691588043e-06 3.578013853162e-06 5.462219043071e-06 8.277263230997e-06 1.244975475195e-05 1.858474218038e-05 2.753209391221e-05 4.047384183647e-05 5.903754528434e-05 8.544133715093e-05 1.226767421405e-04 1.747354947245e-04 2.468862766216e-04 3.460063913249e-04 4.809717037910e-04 6.631055784272e-04 9.066838516762e-04 1.229488080917e-03 1.653393354495e-03 2.204970058793e-03 2.916071218199e-03 3.824369203804e-03 4.973797663110e-03 6.414847919956e-03 8.204664053586e-03 1.040687843105e-02 1.309113090652e-02 1.633222004353e-02 2.020884503791e-02 2.480191218748e-02 3.019239967241e-02 3.645879857437e-02 4.367417507342e-02 5.190292869614e-02 6.119734780387e-02 7.159409321611e-02 8.311075867483e-02 9.574267589243e-02 1.094601349901e-01 1.242061909781e-01 1.398952120836e-01 1.564123019710e-01 1.736136936857e-01 1.913281787166e-01 2.093595731068e-01 2.274901897290e-01 2.454852291822e-01 2.630979467630e-01 2.800754328318e-01 2.961647964721e-01 3.111195216787e-01 3.247057768031e-01 3.367084308226e-01 3.469365669288e-01 3.552283066180e-01 3.614547765691e-01 3.655231059933e-01 3.673783701729e-01 3.670044570202e-01 3.644238541906e-01 3.596964040623e-01 3.529171105830e-01 3.442131055851e-01 3.337398953728e-01 3.216770337304e-01 3.082233820704e-01 2.935920910334e-01 2.780054811080e-01 2.616899437709e-01 2.448710201983e-01 2.277687710742e-01 2.105935482031e-01
4.391339307623e-13 8.250621173516e-13 1.539396539762e-12 2.852328993777e-12 5.248620428058e-12 9.591762549352e-12 1.740887150355e-11 3.138144196245e-11 5.618444900307e-11 9.991042472413e-11 1.764683703486e-10 3.095947209124e-10 5.395095022170e-10 9.338791125156e-10 1.605735463456e-09 2.742541816404e-09 4.652975274132e-09 7.841636010681e-09 1.312740770119e-08 2.182946142475e-08 3.605715970704e-08 5.915810972463e-08 9.640470204678e-08 1.560368372429e-07 2.508313697384e-07 4.004424767367e-07 6.348584373617e-07 9.994573414142e-07 1.562326688333e-06 2.424750254821e-06 3.736071265653e-06 5.714524205883e-06 8.676096973773e-06 1.307404367377e-05 1.955231251397e-05 2.901686632640e-05 4.272962437265e-05 6.243048908822e-05 9.049356603176e-05 1.301241306840e-04 1.856030124240e-04 2.625846948095e-04 3.684543858468e-04 5.127474354508e-04 7.076315404314e-04 9.684481381651e-04 1.314304075918e-03 1.768698144222e-03 2.360159559953e-03 3.122867128785e-03 4.097209446390e-03 5.330238068196e-03 6.875958900851e-03 8.795401847330e-03 1.115640703172e-02 1.403306772093e-02 1.750477653428e-02 2.165483389398e-02 2.656859343591e-02 3.233114245836e-02 3.902454089935e-02 4.672467175084e-02 5.549778712106e-02 6.539686246850e-02 7.645790106736e-02 8.869634890901e-02 1.021037995348e-01 1.166451659991e-01 1.322565010805e-01 1.488436205917e-01 1.662816672858e-01 1.844157053224e-01 2.030624027527e-01 2.220127977437e-01 2.410361018503e-01 2.598844355211e-01 2.782983466742e-01 2.960129308264e-01 3.127643193550e-01 3.282963133496e-01 3.423669133716e-01 3.547545044580e-01 3.652634801171e-01 3.737291175941e-01 3.800215386283e-01 3.840486495320e-01 3.857579876584e-01 3.851374475544e-01 3.822149024125e-01 3.770567832189e-01 3.697656861054e-01 3.604771441468e-01 3.493556774674e-01 3.365902810163e-01 3.223894997511e-01 3.069762475716e-01 2.905825260192e-01 2.734441838428e-01 2.557958625972e-01 2.378662462120e-01 2.198737236129e-01
4.385619745210e-13 8.245111170701e-13 1.539406747585e-12 2.854393782362e-12 5.256425446309e-12 9.613817165095e-12 1.746395281370e-11 3.150961379433e-11 5.646894756926e-11 1.005203990290e-10 1.777410773360e-10 3.121913554895e-10 5.447066765519e-10 9.441071067530e-10 1.625559892484e-09 2.780432538250e-09 4.724456216971e-09 7.974828707671e-09 1.337267496407e-08 2.227599025027e-08 3.686114819083e-08 6.059012359044e-08 9.892831201752e-08 1.604376660122e-07 2.584263554766e-07 4.134151488712e-07 6.567895623922e-07 1.036154473101e-06 1.623104797907e-06 2.524383713900e-06 3.897730913839e-06 5.974138917289e-06 9.088744637035e-06 1.372318943326e-05 2.056297920727e-05 3.057414794811e-05 4.510433824828e-05 6.601420155426e-05 9.584570291647e-05 1.380343751631e-04 1.971726534017e-04 2.793309675576e-04 3.924420738089e-04 5.467519688178e-04 7.553374866904e-04 1.034686160323e-03 1.405328108723e-03 1.892502601351e-03 2.526833786389e-03 3.344981124821e-03 4.390221039143e-03 5.712907688716e-03 7.370753558766e-03 9.428866023925e-03 1.195947418481e-02 1.504128363900e-02 1.875840451297e-02 2.319881149398e-02 2.845231379822e-02 3.460803743636e-02 4.175144996276e-02 4.996099007756e-02 5.930439636612e-02 6.983486035664e-02 8.158715787680e-02 9.457392991225e-02 1.087823047380e-01 1.241710466445e-01 1.406684159790e-01 1.581709015684e-01 1.765429582314e-01 1.956178356230e-01 2.151995471530e-01 2.350659634880e-01 2.549729665639e-01 2.746595489276e-01 2.938536904521e-01 3.122788105615e-01 3.296605611848e-01 3.457337116433e-01 3.602488780454e-01 3.729788452918e-01 3.837242663133e-01 3.923185543552e-01 3.986317965396e-01 4.025736098648e-01 4.040948513145e-01 4.031881810240e-01 3.998875026030e-01 3.942663428191e-01 3.864352606766e-01 3.765384186990e-01 3.647494471034e-01 3.512667507707e-01 3.363084191720e-01 3.201068950802e-01 3.029035518672e-01 2.849433332804e-01 2.664695783599e-01 2.477191732125e-01 2.289181209241e-01
4.361939859970e-13 8.206099465439e-13 1.533218595176e-12 2.845085380306e-12 5.243538147581e-12 9.598549169778e-12 1.745231155824e-11 3.151959163976e-11 5.654604745487e-11 1.007700043370e-10 1.783940069081e-10 3.137334733836e-10 5.481299019077e-10 9.513866864528e-10 1.640546871573e-09 2.810496932083e-09 4.783468318795e-09 8.088493126501e-09 1.358794553372e-08 2.267746980548e-08 3.759928645723e-08 6.192908183885e-08 1.013261801923e-07 1.646791971393e-07 2.658398170428e-07 4.262220829553e-07 6.786616963929e-07 1.073089004930e-06 1.684782138567e-06 2.626245842928e-06 4.064120317273e-06 6.242975261331e-06 9.518396795319e-06 1.440243284408e-05 2.162521951594e-05 3.221744583254e-05 4.761918795135e-05 6.982148807161e-05 1.015477739992e-04 1.464826806144e-04 2.095558863427e-04 2.972880151378e-04 4.182042783651e-04 5.833191205693e-04 8.066914759733e-04 1.106045281320e-03 1.503443416816e-03 2.025995537000e-03 2.706571334632e-03 3.584481236541e-03 4.706076908791e-03 6.125214963778e-03 7.903520035994e-03 1.011037892972e-02 1.282259682738e-02 1.612365028512e-02 2.010248181803e-02 2.485179594000e-02 3.046583756811e-02 3.703766132127e-02 4.465592958018e-02 5.340131307757e-02 6.334259815055e-02 7.453264113433e-02 8.700433326173e-02 1.007667659592e-01 1.158017886906e-01 1.320611645626e-01 1.494645021364e-01 1.678981333703e-01 1.872150607263e-01 2.072360580309e-01 2.277519605944e-01 2.485271115129e-01 2.693038919414e-01 2.898081966772e-01 3.097556712841e-01 3.288584961428e-01 3.468324643983e-01 3.634041018274e-01 3.783175571950e-01 3.913410338655e-01 4.022725226140e-01 4.109446632075e-01 4.172285871187e-01 4.210366335163e-01 4.223239001270e-01 4.210886182214e-01 4.173713875966e-01 4.112533418311e-01 4.028533562727e-01 3.923244247363e-01 3.798493359088e-01 3.656358180832e-01 3.499113014653e-01 3.329174522085e-01 3.149046382892e-01 2.961264571978e-01 2.768344749246e-01 2.572732895525e-01 2.376760274904e-01
4.320668624835e-13 8.134235222527e-13 1.520945030954e-12 2.824598212035e-12 5.210289784023e-12 9.546517655187e-12 1.737488424262e-11 3.141293579096e-11 5.641834283460e-11 1.006635647980e-10 1.784344265156e-10 3.142334671832e-10 5.498007410637e-10 9.557563084565e-10 1.650766782256e-09 2.832866899471e-09 4.830263532162e-09 8.183116646948e-09 1.377416800353e-08 2.303574713031e-08 3.827515555055e-08 6.318187391016e-08 1.036114259340e-07 1.687861171571e-07 2.731176011044e-07 4.389472590998e-07 7.006264946424e-07 1.110530883002e-06 1.747832267229e-06 2.731155329926e-06 4.236634368399e-06 6.523375580770e-06 9.968930356243e-06 1.511809923557e-05 2.274920679112e-05 3.396289149904e-05 5.029939368634e-05 7.389122786824e-05 1.076588817273e-04 1.555576500672e-04 2.228837107164e-04 3.166468643651e-04 4.460157597774e-04 6.228387046353e-04 8.622390606488e-04 1.183278688041e-03 1.609675833188e-03 2.170555329490e-03 2.901199407696e-03 3.843757195154e-03 5.047860626416e-03 6.571085488501e-03 8.479188853405e-03 1.084605019642e-02 1.375324363454e-02 1.728917398744e-02 2.154772112740e-02 2.662635416659e-02 3.262370146721e-02 3.963659101107e-02 4.775661042524e-02 5.706626895627e-02 6.763488199513e-02 7.951433058863e-02 9.273487267605e-02 1.073012092079e-01 1.231890078084e-01 1.403420934737e-01 1.586704932701e-01 1.780494960243e-01 1.983198545396e-01 2.192891952977e-01 2.407346635843e-01 2.624067562610e-01 2.840342460591e-01 3.053300457900e-01 3.259978097011e-01 3.457390384439e-01 3.642604234576e-01 3.812811720080e-01 3.965400298005e-01 4.098017710222e-01 4.208629285826e-01 4.295565835946e-01 4.357560763498e-01 4.393775641270e-01 4.403813699072e-01 4.387721336470e-01 4.345978306390e-01 4.279477118769e-01 4.189493039519e-01 4.077645899708e-01 3.945855174875e-01 3.796289926808e-01 3.631315127670e-01 3.453435951950e-01 3.265241418782e-01 3.069348965867e-01 2.868351075947e-01 2.664765287784e-01 2.460988582060e-01
4.262393523934e-13 8.030575566303e-13 1.502774593941e-12 2.793265703813e-12 5.157265264327e-12 9.458741272657e-12 1.723343353792e-11 3.119268093748e-11 5.609104175720e-11 1.002100066980e-10 1.778776550090e-10 3.137177305625e-10 5.497649789162e-10 9.572961218163e-10 1.656361458722e-09 2.847796360973e-09 4.865301552249e-09 8.259539493320e-09 1.393288933784e-08 2.335368243653e-08 3.889405057888e-08 6.435828556460e-08 1.058020569702e-07 1.727913491437e-07 2.803194056329e-07 4.516978852456e-07 7.228744256448e-07 1.148814589759e-06 1.812835454739e-06 2.840106179174e-06 4.416953779238e-06 6.818144338475e-06 1.044496253509e-05 1.587768795198e-05 2.394695708545e-05 3.582947643446e-05 5.317456308678e-05 7.826895029620e-05 1.142480856253e-04 1.653626065803e-04 2.373086115851e-04 3.376294935713e-04 4.761952765221e-04 6.657622554993e-04 9.226112007821e-04 1.267256169999e-03 1.725208207476e-03 2.327768918291e-03 3.112818499580e-03 4.125551881012e-03 5.419105848683e-03 7.055010593153e-03 9.103391899113e-03 1.164284683430e-02 1.475991699655e-02 1.854809035373e-02 2.310627643673e-02 2.853671973438e-02 3.494234242559e-02 4.242354061240e-02 5.107449218580e-02 6.097907515436e-02 7.220652763359e-02 8.480701942568e-02 9.880732572074e-02 1.142068166002e-01 1.309739778135e-01 1.490436746620e-01 1.683153498688e-01 1.886523124813e-01 2.098822360952e-01 2.317989228699e-01 2.541653404112e-01 2.767178673938e-01 2.991716359910e-01 3.212267918593e-01 3.425754575789e-01 3.629091447695e-01 3.819263442684e-01 3.993400182860e-01 4.148847145427e-01 4.283230748552e-01 4.394515074857e-01 4.481048533105e-01 4.541599320303e-01 4.575378832241e-01 4.582052839348e-01 4.561740572193e-01 4.515002398757e-01 4.442816982541e-01 4.346549122712e-01 4.227909728715e-01 4.088909288383e-01 3.931806519462e-01 3.759053653605e-01 3.573239836491e-01 3.377034178292e-01 3.173129718475e-01 2.964189614380e-01 2.752796761632e-01 2.541407746606e-01
4.187907417761e-13 7.896561884913e-13 1.478967175345e-12 2.751552705781e-12 5.085289769377e-12 9.336674494991e-12 1.703050706237e-11 3.086326568374e-11 5.557184420156e-11 9.942265245643e-11 1.767467166481e-10 3.122260861686e-10 5.480916769348e-10 9.561264366092e-10 1.657541755278e-09 2.855657490431e-09 4.889244152930e-09 8.318946640139e-09 1.406624375344e-08 2.363513578035e-08 3.946296729900e-08 6.547099465790e-08 1.079209950281e-07 1.767361565779e-07 2.875190573473e-07 4.646050290188e-07 7.456360989370e-07 1.188341830121e-06 1.880483846311e-06 2.954277291051e-06 4.607062439806e-06 7.130578715580e-06 1.095190348973e-05 1.668996147871e-05 2.523247609783e-05 3.783929044669e-05 5.627907093297e-05 8.300742881555e-05 1.213953132170e-04 1.760169694259e-04 2.530065947876e-04 3.604917986889e-04 5.091098304153e-04 7.126089968068e-04 9.885325371330e-04 1.358975364711e-03 1.851395471244e-03 2.499451637173e-03 3.343827961560e-03 4.432993816506e-03 5.823836912998e-03 7.582097139160e-03 9.782522364784e-03 1.250866428190e-02 1.585223551784e-02 1.991195790163e-02 2.479184762819e-02 3.059890688239e-02 3.744021975794e-02 4.541948722406e-02 5.463307169187e-02 6.516566440300e-02 7.708572406918e-02 9.044087004137e-02 1.052534374612e-01 1.215164201339e-01 1.391900218128e-01 1.581990385812e-01 1.784312552363e-01 1.997370143599e-01 2.219300576401e-01 2.447896892512e-01 2.680642403702e-01 2.914757620379e-01 3.147257985106e-01 3.375020532246e-01 3.594857038460e-01 3.803591094169e-01 3.998136093032e-01 4.175571450681e-01 4.333214260353e-01 4.468683956451e-01 4.579957932678e-01 4.665416520613e-01 4.723876228315e-01 4.754610613319e-01 4.757358732622e-01 4.732321518399e-01 4.680146849417e-01 4.601904273457e-01 4.499050798042e-01 4.373389042687e-01 4.227019314272e-01 4.062287187959e-01 3.881727953998e-01 3.688009488067e-01 3.483874937892e-01 3.272086373889e-01 3.055370853019e-01 2.836369773138e-01 2.617592688656e-01
4.098191360359e-13 7.733988383021e-13 1.449848290886e-12 2.700045213228e-12 4.995410371138e-12 9.182175264562e-12 1.676938048439e-11 3.043043250534e-11 5.487077039742e-11 9.831892382104e-11 1.750718351834e-10 3.098109303495e-10 5.448717463428e-10 9.524053688543e-10 1.654583724533e-09 2.856934564882e-09 4.902945484318e-09 8.362852849287e-09 1.417693054803e-08 2.388493518493e-08 3.999056040733e-08 6.653552154904e-08 1.099960310472e-07 1.806701341210e-07 2.948046094537e-07 4.778239920961e-07 7.691832287584e-07 1.229583654605e-06 1.951585863880e-06 3.075041067047e-06 4.809263504088e-06 7.464497684132e-06 1.149600765568e-05 1.756503327975e-05 2.662190658658e-05 4.001776282388e-05 5.965244593692e-05 8.816728982894e-05 1.291923011256e-04 1.876576761931e-04 2.701793066425e-04 3.855266827586e-04 5.451791090550e-04 7.639721001530e-04 1.060830044721e-03 1.459573540464e-03 1.989780345242e-03 2.687667821580e-03 3.596952601135e-03 4.769630830511e-03 6.266610601624e-03 8.158118471550e-03 1.052379564743e-02 1.345239771506e-02 1.704101598774e-02 2.139375035961e-02 2.661978180190e-02 3.283081909431e-02 4.013792779348e-02 4.864778583455e-02 5.845845405341e-02 6.965478845220e-02 8.230366105178e-02 9.644918978635e-02 1.121081998834e-01 1.292661498108e-01 1.478737610138e-01 1.678445611749e-01 1.890535364982e-01 2.113370303481e-01 2.344939836054e-01 2.582885401285e-01 2.824539821494e-01 3.066978938100e-01 3.307083842597e-01 3.541611592040e-01 3.767271826570e-01 3.980806450582e-01 4.179069409447e-01 4.359103794966e-01 4.518213362127e-01 4.654026280581e-01 4.764549097556e-01 4.848209402070e-01 4.903886336117e-01 4.930928469987e-01 4.929159220300e-01 4.898870213893e-01 4.840803563206e-01 4.756124160764e-01 4.646383386986e-01 4.513475612252e-01 4.359589106080e-01 4.187152704359e-01 3.998779831809e-01 3.797211058319e-01 3.585256763734e-01 3.365740827285e-01 3.141446721568e-01 2.915066951923e-01 2.689156891986e-01
3.994393761139e-13 7.544963780080e-13 1.415802097826e-12 2.639437717936e-12 4.888873358281e-12 8.997464385558e-12 1.645398554200e-11 2.990110169888e-11 5.399994016427e-11 9.691996170490e-11 1.728897830535e-10 3.065361232237e-10 5.402160765294e-10 9.463257180054e-10 1.647823427770e-09 2.852215505696e-09 4.907438536024e-09 8.393081289393e-09 1.426818114376e-08 2.410882754864e-08 4.048707236212e-08 6.757013207960e-08 1.120597040047e-07 1.846510817281e-07 3.022782706323e-07 4.915344103791e-07 7.938291936826e-07 1.273082043447e-06 2.027069839607e-06 3.203970968753e-06 5.026194206460e-06 7.824269769849e-06 1.208442345913e-05 1.851445449391e-05 2.813367548536e-05 4.239390679939e-05 6.333976661869e-05 9.381763881517e-05 1.377435648716e-04 2.004406603788e-04 2.890562349606e-04 4.130672835408e-04 5.848801079047e-04 8.205252070381e-04 1.140442053063e-03 1.570339825947e-03 2.142109687114e-03 2.894752165107e-03 3.875270125614e-03 5.139464616855e-03 6.752558880703e-03 8.789566126588e-03 1.133531085594e-02 1.448401349989e-02 1.833835425798e-02 2.300794619858e-02 2.860716984950e-02 3.525235074070e-02 4.305829890549e-02 5.213426893503e-02 6.257944505072e-02 7.447809609394e-02 8.789458763082e-02 1.028684656633e-01 1.194098527786e-01 1.374954013230e-01 1.570650419237e-01 1.780197502269e-01 2.002205061063e-01 2.234885861325e-01 2.476072519704e-01 2.723248515850e-01 2.973592599606e-01 3.224035418394e-01 3.471326366321e-01 3.712108353686e-01 3.942997677230e-01 4.160666021604e-01 4.361921656511e-01 4.543786761289e-01 4.703568343673e-01 4.838920438829e-01 4.947895709162e-01 5.028985278408e-01 5.081145930746e-01 5.103814600666e-01 5.096910313420e-01 5.060824314899e-01 4.996399442942e-01 4.904899948222e-01 4.787973182721e-01 4.647604652774e-01 4.486067934030e-01 4.305870793034e-01 4.109698989093e-01 3.900359024281e-01 3.680720975443e-01 3.453662578571e-01 3.222015692443e-01 2.988516008430e-01 2.755757106616e-01
3.877806440143e-13 7.331867175308e-13 1.377263336675e-12 2.570518559132e-12 4.767097754398e-12 8.785078257012e-12 1.608882614765e-11 2.928322353356e-11 5.297331379991e-11 9.525017449620e-11 1.702430982691e-10 3.024756525547e-10 5.342532644132e-10 9.381111328415e-10 1.637650584053e-09 2.842181399259e-09 4.903918069560e-09 8.411736285259e-09 1.434371619321e-08 2.431341270190e-08 4.096423550117e-08 6.859569779300e-08 1.141491106002e-07 1.887447692194e-07 3.100561550333e-07 5.059401079694e-07 8.199292233282e-07 1.319450938915e-06 2.107986865149e-06 3.342848040990e-06 5.260839306790e-06 8.214838980889e-06 1.272524142209e-05 1.955129962144e-05 2.978864141397e-05 4.500056592867e-05 6.739206321334e-05 1.000367023751e-04 1.471674017933e-04 2.145423816960e-04 3.098969985132e-04 4.434903243308e-04 6.287519529265e-04 8.830292178757e-04 1.228427649624e-03 1.692727984499e-03 2.310351447735e-03 3.123331895122e-03 4.182239459099e-03 5.546986247394e-03 7.287432568291e-03 9.483702388553e-03 1.222611239055e-02 1.561462000690e-02 1.975770483881e-02 2.477061543834e-02 3.077293818807e-02 3.788547977785e-02 4.622649401370e-02 5.590732972685e-02 6.702762057939e-02 7.967018457886e-02 9.389583710961e-02 1.097383545485e-01 1.271998393669e-01 1.462467443494e-01 1.668067995300e-01 1.887670570512e-01 2.119732272131e-01 2.362304200835e-01 2.613053472913e-01 2.869299605529e-01 3.128064439776e-01 3.386133917272e-01 3.640129697158e-01 3.886587831262e-01 4.122041715768e-01 4.343106032313e-01 4.546558770656e-01 4.729418327818e-01 4.889013056732e-01 5.023041256303e-01 5.129619805993e-01 5.207320454307e-01 5.255193271038e-01 5.272777146262e-01 5.260098014715e-01 5.217655525415e-01 5.146399349668e-01 5.047696547525e-01 4.923291359260e-01 4.775259042931e-01 4.605954981793e-01 4.417960691851e-01 4.214027721967e-01 3.997020897840e-01 3.769861751371e-01 3.535473319099e-01 3.296727225083e-01 3.056393961122e-01 2.817097328376e-01
3.749838367053e-13 7.097299550173e-13 1.334708401916e-12 2.494153693735e-12 4.631645995671e-12 8.547816112828e-12 1.567888426162e-11 2.858561103542e-11 5.180639824038e-11 9.333672594206e-11 1.671791998692e-10 2.977121056198e-10 5.271270027919e-10 9.280117074692e-10 1.624501144272e-09 2.827594227977e-09 4.893720472082e-09 8.421170652865e-09 1.440769373343e-08 2.450606246016e-08 4.143514811144e-08 6.963551237218e-08 1.163056484244e-07 1.930245924931e-07 3.182678703977e-07 5.212686775424e-07 8.478801874613e-07 1.369376676006e-06 2.195512841424e-06 3.493666355741e-06 5.516543168105e-06 8.641749299743e-06 1.342754052625e-05 2.069025042462e-05 3.161024141378e-05 4.787466248784e-05 7.186672776126e-05 1.069124861499e-04 1.575969209743e-04 2.301614050480e-04 3.329937151744e-04 4.772195985109e-04 6.774009165392e-04 9.523393688617e-04 1.325976443270e-03 1.828369638125e-03 2.496712238401e-03 3.376349592643e-03 4.521729855353e-03 5.997212519558e-03 7.877645575576e-03 1.024861307787e-02 1.320625160595e-02 1.685653739070e-02 2.131395776444e-02 2.669950166281e-02 3.313793323186e-02 4.075435093383e-02 4.967007919648e-02 5.999798620770e-02 7.183737238064e-02 8.526861775149e-02 1.003478127329e-01 1.171016304008e-01 1.355227031775e-01 1.555657708173e-01 1.771448469893e-01 2.001316114985e-01 2.243551879090e-01 2.496034062656e-01 2.756255726322e-01 3.021367017465e-01 3.288230865965e-01 3.553490233201e-01 3.813644421248e-01 4.065131602520e-01 4.304414456152e-01 4.528065653903e-01 4.732850117448e-01 4.915801184710e-01 5.074288141093e-01 5.206073230994e-01 5.309356613199e-01 5.382808518371e-01 5.425588287284e-01 5.437350580712e-01 5.418239470147e-01 5.368871383650e-01 5.290308426470e-01 5.184023216430e-01 5.051857058360e-01 4.895972660239e-01 4.718802903936e-01 4.522996947475e-01 4.311364739948e-01 4.086821056119e-01 3.852329972751e-01 3.610850640475e-01 3.365285342432e-01 3.118430571187e-01 2.872932075651e-01
3.611987822460e-13 6.844031991556e-13 1.288645848426e-12 2.411269293061e-12 4.484192386272e-12 8.288683306077e-12 1.522951842272e-11 2.781776001235e-11 5.051593007360e-11 9.120897843926e-11 1.637494164078e-10 2.923349940973e-10 5.189932113195e-10 9.162990843232e-10 1.608849052716e-09 2.809283024721e-09 4.878300907777e-09 8.423948471031e-09 1.446464918887e-08 2.469482584841e-08 4.191412866063e-08 7.071507276138e-08 1.185746937862e-07 1.975711281727e-07 3.270559379231e-07 5.377708183745e-07 8.781199972841e-07 1.423617892215e-06 2.290949712845e-06 3.658637295447e-06 5.797020343221e-06 9.111167122215e-06 1.420143229401e-05 2.194767803246e-05 3.362463659314e-05 5.105744798996e-05 7.682792909035e-05 1.145434456597e-04 1.691811022117e-04 2.475200304586e-04 3.586734574335e-04 5.147295753617e-04 7.315056095997e-04 1.029412559979e-03 1.434418689814e-03 1.979087943957e-03 2.703655455276e-03 3.657086682774e-03 4.898050685928e-03 6.495722846723e-03 8.530319716539e-03 1.109326047408e-02 1.428684769191e-02 1.822336590770e-02 2.302351245660e-02 2.881409898422e-02 3.572499752326e-02 4.388534718311e-02 5.341908581906e-02 6.443992387284e-02 7.704592542156e-02 9.131391151705e-02 1.072939317823e-01 1.250040797716e-01 1.444259308149e-01 1.655008763836e-01 1.881275971928e-01 2.121608762167e-01 2.374118962705e-01 2.636500885362e-01 2.906065361980e-01 3.179788439206e-01 3.454373281969e-01 3.726322941035e-01 3.992021401439e-01 4.247819714282e-01 4.490123910730e-01 4.715481526276e-01 4.920663407200e-01 5.102738224784e-01 5.259137205894e-01 5.387707369709e-01 5.486752111726e-01 5.555058554259e-01 5.591911622915e-01 5.597095504364e-01 5.570883279024e-01 5.514016142951e-01 5.427673477929e-01 5.313435462898e-01 5.173239666931e-01 5.009333037683e-01 4.824220651779e-01 4.620612344921e-01 4.401368191442e-01 4.169443812750e-01 3.927836211334e-01 3.679530942102e-01 3.427451418649e-01 3.174411010216e-01 2.923068885803e-01
3.465813616547e-13 6.574952419851e-13 1.239606532446e-12 2.322833763471e-12 4.326490363211e-12 8.010832076978e-12 1.474635769044e-11 2.698966023979e-11 4.911953993113e-11 8.889790390560e-11 1.600079589453e-10 2.864389706046e-10 5.100169618743e-10 9.032611969341e-10 1.591197319183e-09 2.788128912129e-09 4.859208371191e-09 8.422804012162e-09 1.451942863717e-08 2.488832268718e-08 4.241654827133e-08 7.186182224154e-08 1.210052230696e-07 2.024715907770e-07 3.365750586558e-07 5.557194189827e-07 9.111266363761e-07 1.483004803787e-06 2.395725836257e-06 3.840192645632e-06 6.106364456249e-06 9.629901787602e-06 1.505810276823e-05 2.334172216424e-05 3.586085600153e-05 5.459475189606e-05 8.234703171287e-05 1.230391691570e-04 1.820858787644e-04 2.668659671840e-04 3.873007735193e-04 5.565491270755e-04 7.918223536063e-04 1.115314927343e-03 1.555235746549e-03 2.146911724734e-03 2.933919923651e-03 3.969187524490e-03 5.315981838424e-03 7.048696755515e-03 9.253329719429e-03 1.202753603387e-02 1.548014746611e-02 1.973005157572e-02 2.490434736596e-02 3.113572242946e-02 3.855903688577e-02 4.730714683879e-02 5.750605293143e-02 6.926951494823e-02 8.269332588690e-02 9.784948241087e-02 1.147805260962e-01 1.334943454357e-01 1.539597336532e-01 1.761029752119e-01 1.998057051169e-01 2.249042232253e-01 2.511903871118e-01 2.784141267850e-01 3.062875364567e-01 3.344904384236e-01 3.626772111374e-01 3.904846386936e-01 4.175404716000e-01 4.434723720047e-01 4.679168895546e-01 4.905281422227e-01 5.109858910072e-01 5.290027364823e-01 5.443302289176e-01 5.567637411592e-01 5.661460043060e-01 5.723692974710e-01 5.753763112698e-01 5.751597711421e-01 5.717609337425e-01 5.652671154343e-01 5.558083902610e-01 5.435536305021e-01 5.287060385628e-01 5.114983120178e-01 4.921875468514e-01 4.710499998751e-01 4.483757829512e-01 4.244635539852e-01 3.996152853517e-01 3.741311526326e-01 3.483046177883e-01 3.224177691909e-01 2.967370007408e-01
3.312906263328e-13 6.293011849236e-13 1.188133712488e-12 2.229839498735e-12 4.160339322754e-12 7.717501643388e-12 1.423519363554e-11 2.611160237703e-11 4.763541127416e-11 8.643548140518e-11 1.560108627708e-10 2.801219847067e-10 5.003692829397e-10 8.891967793047e-10 1.572068648565e-09 2.765049212586e-09 4.838059102886e-09 8.420597572709e-09 1.457711669048e-08 2.509562667808e-08 4.295864605747e-08 7.310486408131e-08 1.236493772220e-07 2.078191965311e-07 3.469912275610e-07 5.754083969728e-07 9.474167857081e-07 1.548437927817e-06 2.511395483458e-06 4.040986403094e-06 6.449055376215e-06 1.020542351985e-05 1.600985105185e-05 2.489236773916e-05 3.835093686290e-05 5.853723012155e-05 8.850301628656e-05 1.325210682039e-04 1.964952371512e-04 2.884740411512e-04 4.192802780623e-04 6.032653517287e-04 8.591907016504e-04 1.211229623587e-03 1.690070794252e-03 2.334089910255e-03 3.190538923376e-03 4.316683889520e-03 5.780804432090e-03 7.662951462916e-03 1.005534805593e-02 1.306231223704e-02 1.679958367128e-02 2.139294903489e-02 2.697608463555e-02 3.368757063899e-02 4.166707598711e-02 5.105076680538e-02 6.196604891355e-02 7.452581152701e-02 8.882239642300e-02 1.049215550424e-01 1.228566942729e-01 1.426237179033e-01 1.641767687223e-01 1.874251473804e-01 2.122316412533e-01 2.384124271374e-01 2.657386465340e-01 2.939396550299e-01 3.227078739679e-01 3.517050821739e-01 3.805699153606e-01 4.089262861454e-01 4.363923852625e-01 4.625899100729e-01 4.871531742170e-01 5.097377434984e-01 5.300283177521e-01 5.477455885580e-01 5.626518970595e-01 5.745555659502e-01 5.833138424703e-01 5.888344763253e-01 5.910759776600e-01 5.900466928830e-01 5.858028056082e-01 5.784454661123e-01 5.681171857985e-01 5.549976830135e-01 5.392993146666e-01 5.212622411346e-01 5.011494131134e-01 4.792414724225e-01 4.558316359764e-01 4.312206036931e-01 4.057115406817e-01 3.796051788406e-01 3.531950794769e-01 3.267631308119e-01 3.005753324479e-01
3.154859800778e-13 6.001171801566e-13 1.134773288756e-12 2.133285015140e-12 3.987551898781e-12 7.411958777186e-12 1.370187348186e-11 2.519398641946e-11 4.608193858688e-11 8.385409179138e-11 1.518149235061e-10 2.734834203257e-10 4.902239223645e-10 8.744097670049e-10 1.551995833074e-09 2.740981098684e-09 4.816508885451e-09 8.420269217367e-09 1.464295980463e-08 2.532614083581e-08 4.355732848863e-08 7.447464537416e-08 1.265619784088e-07 2.137124441579e-07 3.584806942127e-07 5.971512902215e-07 9.875440541822e-07 1.620886138101e-06 2.639637317957e-06 4.263895118620e-06 6.829964310843e-06 1.084587879677e-05 1.707012469694e-05 2.662151608864e-05 4.113006073101e-05 6.294060758514e-05 9.538289774095e-05 1.431230698851e-04 2.126123310395e-04 3.126479326032e-04 4.550592871864e-04 6.555274775635e-04 9.345390798186e-04 1.318464794573e-03 1.840739821700e-03 2.543106321170e-03 3.476859579770e-03 4.704019783611e-03 6.298331815652e-03 8.345979576479e-03 1.094588929651e-02 1.420949321106e-02 1.825983052927e-02 2.322988010510e-02 2.926004849939e-02 3.649477957869e-02 4.507830128767e-02 5.514958748587e-02 6.683667102700e-02 8.025050982754e-02 9.547865631126e-02 1.125790293586e-01 1.315741069858e-01 1.524458679955e-01 1.751317960183e-01 1.995222160236e-01 2.254591868696e-01 2.527370875463e-01 2.811049582765e-01 3.102705662717e-01 3.399060738505e-01 3.696551016563e-01 3.991409180099e-01 4.279754174105e-01 4.557685319517e-01 4.821377054359e-01 5.067170491310e-01 5.291658652507e-01 5.491762358174e-01 5.664794479205e-01 5.808511112257e-01 5.921148506068e-01 6.001445923693e-01 6.048654524875e-01 6.062533570205e-01 6.043335170930e-01 5.991779329700e-01 5.909021183077e-01 5.796612084890e-01 5.656456323974e-01 5.490764867251e-01 5.302007407723e-01 5.092863510195e-01 4.866173584515e-01 4.624890078287e-01 4.372029123959e-01 4.110623022754e-01 3.843673651810e-01 3.574107255555e-01 3.304731077391e-01 3.038192531736e-01
2.993244872659e-13 5.702354050606e-13 1.080064485571e-12 2.034157741165e-12 3.809922531680e-12 7.097440604376e-12 1.315219654729e-11 2.424713587393e-11 4.447739492977e-11 8.118592720205e-11 1.474766526699e-10 2.666222599704e-10 4.797541346091e-10 8.592037097999e-10 1.531512071411e-09 2.716864961792e-09 4.796224757395e-09 8.424790989763e-09 1.472228649421e-08 2.558946572192e-08 4.422995581109e-08 7.600261716411e-08 1.297999983265e-07 2.202543047340e-07 3.712287803897e-07 6.212795882366e-07 1.032096781892e-06 1.701384047860e-06 2.782251878985e-06 4.512016666816e-06 7.254356475113e-06 1.156010208276e-05 1.825355004724e-05 2.855305092974e-05 4.423668133548e-05 6.786591354222e-05 1.030821338611e-04 1.549923030389e-04 2.306605906482e-04 3.397219213387e-04 4.951304876618e-04 7.140508264266e-04 1.018890524189e-03 1.438461661639e-03 2.009242768215e-03 2.776694591910e-03 3.796562441734e-03 5.136076361803e-03 6.874940504698e-03 9.105986247417e-03 1.193535353118e-02 1.548206373371e-02 1.987685664691e-02 2.526018772701e-02 3.177931626830e-02 3.958446522812e-02 4.882408971128e-02 5.963935890715e-02 7.215802085365e-02 8.648788443278e-02 1.027102054990e-01 1.208733043430e-01 1.409867597321e-01 1.630165241768e-01 1.868812722643e-01 2.124502566759e-01 2.395428616256e-01 2.679299715916e-01 2.973371743019e-01 3.274497157994e-01 3.579190452499e-01 3.883706815913e-01 4.184131008856e-01 4.476472613125e-01 4.756763857143e-01 5.021156020981e-01 5.266010899875e-01 5.487983776376e-01 5.684095453199e-01 5.851791236066e-01 5.988985582179e-01 6.094091936116e-01 6.166038049598e-01 6.204267516691e-01 6.208729007916e-01 6.179854902290e-01 6.118531157624e-01 6.026060586477e-01 5.904121274586e-01 5.754721885721e-01 5.580155309375e-01 5.382951500707e-01 5.165830501890e-01 4.931655873962e-01 4.683388696095e-01 4.424042413917e-01 4.156638200817e-01 3.884161248723e-01 3.609517907307e-01 3.335494226174e-01 3.064716524877e-01
2.829583791780e-13 5.399393844449e-13 1.024531159292e-12 1.933417938460e-12 3.629197919476e-12 6.777100758067e-12 1.259181677878e-11 2.328112162610e-11 4.283961695920e-11 7.846242825566e-11 1.430512767031e-10 2.596353135809e-10 4.691295622672e-10 8.438763037215e-10 1.511141465141e-09 2.693627926190e-09 4.778856666010e-09 8.437118562651e-09 1.482042581098e-08 2.589526332161e-08 4.499411823505e-08 7.772087190931e-08 1.334219828374e-07 2.275513340651e-07 3.854285460381e-07 6.481408164322e-07 1.081695418341e-06 1.791028686846e-06 2.941157830481e-06 4.788667129353e-06 7.727891037470e-06 1.235762381216e-05 1.957595719927e-05 3.071289645886e-05 4.771264339560e-05 7.337970466722e-05 1.117050232560e-04 1.682897728026e-04 2.508848276264e-04 3.700626280077e-04 5.400346009202e-04 7.796207923410e-04 1.113368458073e-03 1.572802681794e-03 2.197774716458e-03 3.037853234713e-03 4.153681032365e-03 5.618196828599e-03 7.517600735533e-03 9.951925708263e-03 1.303506849709e-02 1.689413549053e-02 2.166797353155e-02 2.750478370230e-02 3.455876092163e-02 4.298575529362e-02 5.293802113185e-02 6.455818665677e-02 7.797265248232e-02 9.328469081928e-02 1.105675683497e-01 1.298580534313e-01 1.511506746685e-01 1.743930906795e-01 1.994828854204e-01 2.262660434912e-01 2.545372790957e-01 2.840422922016e-01 3.144819214611e-01 3.455180723939e-01 3.767811831090e-01 4.078789309088e-01 4.384058083438e-01 4.679531709172e-01 4.961193318010e-01 5.225193043110e-01 5.467938300249e-01 5.686173583741e-01 5.877047562327e-01 6.038165649383e-01 6.167627177796e-01 6.264047210347e-01 6.326563600939e-01 6.354830623682e-01 6.349000808620e-01 6.309697254150e-01 6.237978301754e-01 6.135297032761e-01 6.003457217860e-01 5.844567755390e-01 5.660996436585e-01 5.455324408374e-01 5.230301444126e-01 4.988802404963e-01 4.733784669685e-01 4.468246504937e-01 4.195185882811e-01 3.917559858278e-01 3.638244347813e-01 3.359994792804e-01 3.085408136487e-01
2.665327991928e-13 5.094997649028e-13 9.686738943847e-13 1.831984109111e-12 3.447050166616e-12 6.453960258912e-12 1.202615311746e-11 2.230560018746e-11 4.118571211766e-11 7.571375966189e-11 1.385918009842e-10 2.526155518522e-10 4.585132802662e-10 8.287141699486e-10 1.491389810693e-09 2.672167763212e-09 4.766009462566e-09 8.460142907276e-09 1.494262452409e-08 2.625311728072e-08 4.586740233757e-08 7.966176013165e-08 1.374874371635e-07 2.357127031329e-07 4.012793043681e-07 6.780963295131e-07 1.136989390272e-06 1.890975329393e-06 3.118386913922e-06 5.097375612179e-06 8.256617872067e-06 1.324867329353e-05 2.105439803444e-05 3.312906559205e-05 5.160328809203e-05 7.955427127341e-05 1.213650798242e-04 1.831910080987e-04 2.735523045345e-04 4.040707293165e-04 5.903630384796e-04 8.530968060877e-04 1.219202446261e-03 1.723219695304e-03 2.408737132762e-03 3.329860581443e-03 4.552621363588e-03 6.156210931134e-03 8.233906488709e-03 1.089353667024e-02 1.425732949938e-02 1.846099055701e-02 2.365187967851e-02 2.998618987231e-02 3.762508360271e-02 4.672980687901e-02 5.745587372733e-02 6.994649441123e-02 8.432549338985e-02 1.006900319706e-01 1.191034987073e-01 1.395889575938e-01 1.621235497828e-01 1.866342114582e-01 2.129950238687e-01 2.410264281567e-01 2.704964441562e-01 3.011239221548e-01 3.325837487487e-01 3.645138074026e-01 3.965234241920e-01 4.282029243951e-01 4.591338876349e-01 4.888996744434e-01 5.170957664440e-01 5.433395188283e-01 5.672789669760e-01 5.886003805772e-01 6.070343531584e-01 6.223603096554e-01 6.344093812467e-01 6.430656838433e-01 6.482661389488e-01 6.499989820024e-01 6.483011848557e-01 6.432550341534e-01 6.349840937295e-01 6.236487861585e-01 6.094417934191e-01 5.925834388987e-01 5.733171538354e-01 5.519051229900e-01 5.286241040897e-01 5.037614375812e-01 4.776111819115e-01 4.504703513996e-01 4.226351846100e-01 3.943974173946e-01 3.660405589629e-01 3.378361699029e-01 3.100402199692e-01
2.501838402375e-13 4.791706086646e-13 9.129630982766e-13 1.730720115654e-12 3.265053001404e-12 6.130863749359e-12 1.146030980368e-11 2.132966807477e-11 3.953179645876e-11 7.296833564311e-11 1.341481539737e-10 2.456505691751e-10 4.480590426579e-10 8.139879394701e-10 1.472735873510e-09 2.653337422070e-09 4.759215650344e-09 8.496642652756e-09 1.509396462329e-08 2.667239109697e-08 4.686715142833e-08 8.185749074901e-08 1.420561686277e-07 2.448491470441e-07 4.189849790163e-07 7.115188244364e-07 1.198653476539e-06 2.002432434599e-06 3.316077379731e-06 5.441876624419e-06 8.846970322400e-06 1.424417590183e-05 2.270715518717e-05 3.583169614926e-05 5.595754149944e-05 8.646782031670e-05 1.321853790130e-04 1.998866743159e-04 2.989537690465e-04 4.421826170736e-04 6.467604791433e-04 9.354162267654e-04 1.337733890334e-03 1.891601973546e-03 2.644748904894e-03 3.656289587599e-03 4.998181053466e-03 6.756458981686e-03 9.032104492516e-03 1.194137605166e-02 1.561543710460e-02 2.019912071476e-02 2.584869920987e-02 3.272857076529e-02 4.100683577981e-02 5.084980941133e-02 6.241559931981e-02 7.584696269081e-02 9.126373510571e-02 1.087551910412e-01 1.283727411184e-01 1.501233880014e-01 1.739643575561e-01 1.997992753624e-01 2.274761921390e-01 2.567876647004e-01 2.874729884779e-01 3.192225617270e-01 3.516842279594e-01 3.844713534398e-01 4.171722754368e-01 4.493607219098e-01 4.806067209495e-01 5.104875425535e-01 5.385982025696e-01 5.645611276209e-01 5.880346173648e-01 6.087198426738e-01 6.263662082892e-01 6.407749848318e-01 6.518012367560e-01 6.593541229903e-01 6.633957506841e-01 6.639387973387e-01 6.610431436929e-01 6.548117956232e-01 6.453863541267e-01 6.329422655573e-01 6.176840655863e-01 5.998407548247e-01 5.796614158231e-01 5.574111179733e-01 5.333670958460e-01 5.078151733519e-01 4.810463560714e-01 4.533535096248e-01 4.250280522508e-01 3.963566046049e-01 3.676175669133e-01 3.390776336326e-01 3.109883021469e-01
2.340368926309e-13 4.491862802873e-13 8.578331313355e-13 1.630424266160e-12 3.084661515010e-12 5.810442235515e-12 1.089900767815e-11 2.036173678938e-11 3.789276478767e-11 7.025240229633e-11 1.297664303309e-10 2.388212138282e-10 4.379087986983e-10 7.999477633090e-10 1.455623276101e-09 2.637930447329e-09 4.759909326114e-09 8.549237644217e-09 1.527928149148e-08 2.716208555008e-08 4.801021962768e-08 8.433971400402e-08 1.471875927147e-07 2.550718289434e-07 4.387522929785e-07 7.487895361295e-07 1.267383601062e-06 2.126655615818e-06 3.536465765024e-06 5.826099669434e-06 9.505753849214e-06 1.535574358113e-05 2.455374159097e-05 3.885307179648e-05 6.082798129125e-05 9.420462953199e-05 1.442988643239e-04 2.185831339818e-04 3.274044151340e-04 4.848719826578e-04 7.099273696009e-04 1.027598129218e-03 1.470421561753e-03 2.080004110099e-03 2.908657207310e-03 4.021022253842e-03 5.495567891491e-03 7.425814912288e-03 9.921121905379e-03 1.310685077460e-02 1.712373171684e-02 2.212626266014e-02 2.828001343624e-02 3.575775776179e-02 4.473442822889e-02 5.538097208995e-02 6.785727924441e-02 8.230444199851e-02 9.883669326470e-02 1.175334268049e-01 1.384317537776e-01 1.615200442649e-01 1.867328919329e-01 2.139478715621e-01 2.429843717644e-01 2.736046804960e-01 3.055173648984e-01 3.383828550425e-01 3.718210254976e-01 4.054204372602e-01 4.387488323467e-01 4.713643942966e-01 5.028272768610e-01 5.327108803059e-01 5.606124319513e-01 5.861624264187e-01 6.090326256447e-01 6.289423712615e-01 6.456630795309e-01 6.590208909563e-01 6.688975402526e-01 6.752296049106e-01 6.780063335260e-01 6.772663378166e-01 6.730934229170e-01 6.656118657998e-01 6.549814138750e-01 6.413922449766e-01 6.250601001830e-01 6.062217228243e-01 5.851306857047e-01 5.620536157928e-01 5.372668087891e-01 5.110531208641e-01 4.836990656506e-01 4.554919934402e-01 4.267172371484e-01 3.976551618569e-01 3.685780685596e-01 3.397469454622e-01 3.114081337035e-01
2.182053391364e-13 4.197589564123e-13 8.036776240541e-13 1.531820506665e-12 2.907195734261e-12 5.495082476002e-12 1.034652779462e-11 1.940942824720e-11 3.628209965580e-11 6.758968628949e-11 1.254882440995e-10 2.322003920060e-10 4.281905006869e-10 7.868192836257e-10 1.440453104094e-09 2.626667439702e-09 4.769401476474e-09 8.620344420145e-09 1.550308379157e-08 2.773069629867e-08 4.931272236357e-08 8.713908968547e-08 1.529400006487e-07 2.664911204882e-07 4.607887833626e-07 7.902950865152e-07 1.343891986352e-06 2.264940461193e-06 3.781876720383e-06 6.254155709672e-06 1.024012919549e-05 1.659565700087e-05 2.661488679767e-05 4.222762499957e-05 6.627087844976e-05 1.028551658800e-04 1.578486052691e-04 2.395029411622e-04 3.592447642323e-04 5.326512941493e-04 7.806222688489e-04 1.130746903622e-03 1.618846944196e-03 2.290653579163e-03 3.203547907792e-03 4.428263511610e-03 6.050417654707e-03 8.171708382281e-03 1.091059238311e-02 1.440224703484e-02 1.879762435351e-02 2.426142774749e-02 3.096888599105e-02 3.910126332172e-02 4.884012770190e-02 6.036049372614e-02 7.382305751116e-02 8.936583977733e-02 1.070956358705e-01 1.270797329856e-01 1.493383870693e-01 1.738385464504e-01 2.004892690730e-01 2.291391933572e-01 2.595763321075e-01 2.915303040550e-01 3.246769953625e-01 3.586454850344e-01 3.930269447351e-01 4.273851049739e-01 4.612678041997e-01 4.942190680982e-01 5.257911946452e-01 5.555562813886e-01 5.831167464156e-01 6.081144286109e-01 6.302379762033e-01 6.492283280510e-01 6.648822116873e-01 6.770536886028e-01 6.856538801413e-01 6.906490645051e-01 6.920574514698e-01 6.899449049670e-01 6.844199767574e-01 6.756285497441e-01 6.637484030981e-01 6.489839327321e-01 6.315612388738e-01 6.117236824037e-01 5.897279985134e-01 5.658409183783e-01 5.403362652321e-01 5.134923984971e-01 4.855898593548e-01 4.569090887743e-01 4.277280704183e-01 3.983198014286e-01 3.689495329665e-01 3.398717679088e-01 3.113270715691e-01
2.027895854907e-13 3.910767778558e-13 7.508459540717e-13 1.435551769131e-12 2.733828146334e-12 5.186903653417e-12 9.806667683025e-12 1.847949347371e-11 3.471171906564e-11 6.500110985986e-11 1.213501956253e-10 2.258520770833e-10 4.190162391247e-10 7.748001252667e-10 1.427577331288e-09 2.620183767901e-09 4.788857092378e-09 8.712133608004e-09 1.576947549846e-08 2.838607251059e-08 5.078978258799e-08 9.028484185872e-08 1.593697868743e-07 2.792152970894e-07 4.853006369084e-07 8.364239862740e-07 1.428901664037e-06 2.418614151473e-06 4.054710773494e-06 6.730320056025e-06 1.105759020102e-05 1.797683894690e-05 2.891251033626e-05 4.599191945888e-05 7.234620778573e-05 1.125161578318e-04 1.729879922293e-04 2.628852553127e-04 3.948414363871e-04 5.860731170518e-04 8.596640271019e-04 1.246055635634e-03 1.784719245847e-03 2.525957963082e-03 3.532755525331e-03 4.882554397508e-03 6.668810995799e-03 9.002145315536e-03 1.201088013553e-02 1.584075675698e-02 2.065362363822e-02 2.662492603180e-02 3.393987922565e-02 4.278828393001e-02 5.335803943715e-02 6.582751487357e-02 8.035705292940e-02 9.707997951413e-02 1.160935801234e-01 1.374505598559e-01 1.611515225259e-01 1.871389850141e-01 2.152933806790e-01 2.454314020037e-01 2.773069066188e-01 3.106144576036e-01 3.449954003959e-01 3.800462488970e-01 4.153289791156e-01 4.503827651524e-01 4.847365705558e-01 5.179220202576e-01 5.494859446101e-01 5.790020525200e-01 6.060812581902e-01 6.303802917593e-01 6.516083151418e-01 6.695314334907e-01 6.839750556493e-01 6.948242178689e-01 7.020220655942e-01 7.055667505876e-01 7.055070856174e-01 7.019373048172e-01 6.949912925616e-01 6.848366368440e-01 6.716687950879e-01 6.557056393364e-01 6.371825625124e-01 6.163482308960e-01 5.934610510149e-01 5.687862656293e-01 5.425936031536e-01 5.151553220955e-01 4.867444668945e-01 4.576331705484e-01 4.280908162876e-01 3.983819575963e-01 3.687639013107e-01 3.394839520831e-01 3.107763581942e-01
1.878764438203e-13 3.633026481770e-13 6.996409335360e-13 1.342175536531e-12 2.565575162841e-12 4.887741141408e-12 9.282710590538e-12 1.757775418225e-11 3.319186473624e-11 6.250457894904e-11 1.173834649570e-10 2.198305210393e-10 4.104807229619e-10 7.640569636683e-10 1.417293134097e-09 2.619018587140e-09 4.819274084759e-09 8.826490033396e-09 1.608208081928e-08 2.913527726251e-08 5.245527705612e-08 9.380429986734e-08 1.665306418229e-07 2.933491361310e-07 5.124903304306e-07 8.875627440253e-07 1.523140226102e-06 2.589025768765e-06 4.357429685691e-06 7.259011255892e-06 1.196593460243e-05 1.951281709243e-05 3.146967772363e-05 5.018460678675e-05 7.911762109926e-05 1.232906188826e-04 1.898808620532e-04 2.889861528124e-04 4.345877873864e-04 6.457312850121e-04 9.479337231284e-04 1.374809185436e-03 1.969880056364e-03 2.788511662408e-03 3.899872533827e-03 5.388784416360e-03 7.357289063188e-03 9.925726868127e-03 1.323310157463e-02 1.743650071038e-02 2.270935786293e-02 2.923838410460e-02 3.721906274269e-02 4.684969269183e-02 5.832407410013e-02 7.182305120326e-02 8.750524739710e-02 1.054974336165e-01 1.258850565795e-01 1.487035029207e-01 1.739306757620e-01 2.014814298427e-01 2.312043134929e-01 2.628809501233e-01 2.962282321722e-01 3.309033244817e-01 3.665113098067e-01 4.026151330901e-01 4.387473720081e-01 4.744232528975e-01 5.091542856804e-01 5.424618388933e-01 5.738900587739e-01 6.030175453951e-01 6.294673366961e-01 6.529148562486e-01 6.730936053291e-01 6.897985334156e-01 7.028871368209e-01 7.122784409743e-01 7.179501543432e-01 7.199343045132e-01 7.183117492924e-01 7.132059694154e-01 7.047765170384e-01 6.932125171836e-01 6.787264966737e-01 6.615488198099e-01 6.419228860851e-01 6.201011633966e-01 5.963420808462e-01 5.709076725292e-01 5.440618533518e-01 5.160691216099e-01 4.871934766262e-01 4.576973409248e-01 4.278402782896e-01 3.978773700521e-01 3.680571514798e-01 3.386190928051e-01 3.097906769721e-01
1.735388473909e-13 3.365736535804e-13 6.503176368754e-13 1.252161515607e-12 2.403292570816e-12 4.599137493941e-12 8.777407588848e-12 1.670906708335e-11 3.173103214329e-11 6.011484072161e-11 1.136135263391e-10 2.141796797642e-10 4.026601114248e-10 7.547231595398e-10 1.409838147063e-09 2.623605315363e-09 4.861464477929e-09 8.964975699784e-09 1.644397232488e-08 2.998445115373e-08 5.432157943166e-08 9.772243018818e-08 1.744727070069e-07 3.089924349546e-07 5.425540679049e-07 9.440915681182e-07 1.627332808926e-06 2.777535149981e-06 4.692539393087e-06 7.844765728699e-06 1.297322813280e-05 2.121767500867e-05 3.431053930467e-05 5.484635661873e-05 8.665238172079e-05 1.352878094508e-04 2.087015361127e-04 3.180788280367e-04 4.789043869835e-04 7.122618390700e-04 1.046376348079e-03 1.518386925558e-03 2.176307551983e-03 3.081102023476e-03 4.308757858594e-03 5.952202866960e-03 8.122867862415e-03 1.095166661032e-02 1.458914446942e-02 1.920454805815e-02 2.498359252152e-02 3.212475602687e-02 4.083401254099e-02 5.131801906655e-02 6.377590098837e-02 7.838990852099e-02 9.531535182913e-02 1.146703288160e-01 1.365258446124e-01 1.608969554268e-01 1.877355606095e-01 2.169254046096e-01 2.482797296368e-01 2.815418803147e-01 3.163889678004e-01 3.524385084672e-01 3.892577754518e-01 4.263754079020e-01 4.632947090417e-01 4.995079640955e-01 5.345110570671e-01 5.678176786386e-01 5.989724828277e-01 6.275626161958e-01 6.532271817294e-01 6.756643490545e-01 6.946359430956e-01 7.099695257768e-01 7.215580791126e-01 7.293575561082e-01 7.333826210910e-01 7.337009754901e-01 7.304267257803e-01 7.237132007306e-01 7.137456802129e-01 7.007343707324e-01 6.849079905759e-01 6.665081625878e-01 6.457847857318e-01 6.229924348708e-01 5.983877565741e-01 5.722277444858e-01 5.447686958271e-01 5.162656446035e-01 4.869719840619e-01 4.571390400987e-01 4.270153752420e-01 3.968456331773e-01 3.668688288873e-01 3.373160577039e-01 3.084076767382e-01
1.598358739237e-13 3.110010666699e-13 6.030833324938e-13 1.165891333741e-12 2.247674633283e-12 4.322340152546e-12 8.292972018127e-12 1.587731085817e-11 3.033593901132e-11 5.784341359543e-11 1.100599875614e-10 2.089328507927e-10 3.956112163489e-10 7.468970121095e-10 1.405386668430e-09 2.634263662227e-09 4.916037693094e-09 9.128795799678e-09 1.685760341116e-08 3.093867931169e-08 5.639930638214e-08 1.020613560797e-07 1.832416964578e-07 3.262384312390e-07 5.756790260108e-07 1.006379669063e-06 1.742194272088e-06 2.985500234583e-06 5.062570098306e-06 8.492207651970e-06 1.408776034184e-05 2.310599074217e-05 3.746024819295e-05 6.001975526150e-05 9.502125038966e-05 1.486231313866e-04 2.296347657312e-04 3.504536539321e-04 5.282393268417e-04 7.863437387392e-04 1.156002153536e-03 1.678265056861e-03 2.406120176395e-03 3.406714797027e-03 4.763544569200e-03 6.578428962532e-03 8.973050947777e-03 1.208980543412e-02 1.609168426646e-02 2.116093212577e-02 2.749624218256e-02 3.530832756784e-02 4.481380072496e-02 5.622741763408e-02 6.975288554210e-02 8.557257910750e-02 1.038366499984e-01 1.246521267985e-01 1.480726779504e-01 1.740897332846e-01 2.026256265975e-01 2.335293328498e-01 2.665752243512e-01 3.014650991411e-01 3.378335043253e-01 3.752561919352e-01 4.132613039616e-01 4.513427497440e-01 4.889750722414e-01 5.256290452745e-01 5.607872155781e-01 5.939586252073e-01 6.246920568130e-01 6.525872287503e-01 6.773035617242e-01 6.985662464633e-01 7.161695546374e-01 7.299774622191e-01 7.399218031276e-01 7.459982698400e-01 7.482606816099e-01 7.468139778990e-01 7.418064277309e-01 7.334215232921e-01 7.218700069410e-01 7.073824311432e-01 6.902025384266e-01 6.705817221437e-01 6.487746523388e-01 6.250361308102e-01 5.996190772922e-01 5.727734970651e-01 5.447462082293e-01 5.157810403396e-01 4.861192171033e-01 4.559996169404e-01 4.256586756389e-01 3.953297065296e-01 3.652415440344e-01 3.356164654028e-01 3.066674571117e-01
1.468130612929e-13 2.866708921800e-13 5.580984166370e-13 1.083660130160e-12 2.099256687950e-12 4.058305511131e-12 7.831085470438e-12 1.508539371736e-11 2.901153252177e-11 5.569858280266e-11 1.067365469785e-10 2.041125203398e-10 3.893710558098e-10 7.406405994208e-10 1.404046902761e-09 2.651193218744e-09 4.983386438035e-09 9.318768333698e-09 1.732474474592e-08 3.200186343143e-08 5.869706445565e-08 1.068398740089e-07 1.928779875873e-07 3.451721468053e-07 6.120404025705e-07 1.074780121432e-06 1.868420528297e-06 3.214262825491e-06 5.470053618480e-06 9.206013822196e-06 1.531799226406e-05 2.519276131154e-05 4.094485660805e-05 6.574917042057e-05 1.042983210095e-04 1.634179498075e-04 2.528755691501e-04 3.864181005324e-04 5.830683109105e-04 8.686993102755e-04 1.277887670508e-03 1.856018504040e-03 2.661579722073e-03 3.768538855071e-03 5.268646574023e-03 7.273460846787e-03 9.915840605740e-03 1.335062449443e-02 1.775419751249e-02 2.332266206803e-02 3.026837753356e-02 3.881471315237e-02 4.918897695124e-02 6.161362443710e-02 7.629601171530e-02 9.341711975147e-02 1.131198218848e-01 1.354973806042e-01 1.605829262112e-01 1.883406716245e-01 2.186595664635e-01 2.513499584996e-01 2.861436673487e-01 3.226976470216e-01 3.606011794438e-01 3.993863112599e-01 4.385410209358e-01 4.775244292296e-01 5.157832619407e-01 5.527686933877e-01 5.879527077218e-01 6.208432042030e-01 6.509971466815e-01 6.780312299677e-01 7.016297270866e-01 7.215493252854e-01 7.376209617344e-01 7.497488380377e-01 7.579069055722e-01 7.621332381720e-01 7.625227799546e-01 7.592189842084e-01 7.524048921884e-01 7.422941328750e-01 7.291223366491e-01 7.131393331279e-01 6.946024475824e-01 6.737710954814e-01 6.509027755187e-01 6.262504621868e-01 6.000612628543e-01 5.725761669173e-01 5.440305910678e-01 5.146554094554e-01 4.846781309818e-01 4.543238801697e-01 4.238159046847e-01 3.933753880739e-01 3.632204266011e-01 3.335641451937e-01 3.046120249140e-01
1.345029689738e-13 2.636448854857e-13 5.154782375179e-13 1.005679781781e-12 1.958420831694e-12 3.807708765282e-12 7.392914371013e-12 1.433528063670e-11 2.776103133488e-11 5.368546112807e-11 1.036510660450e-10 1.997304094745e-10 3.839567593062e-10 7.359792430326e-10 1.405859163052e-09 2.674468674352e-09 5.063675071997e-09 9.535297531628e-09 1.784642632237e-08 3.317659960445e-08 6.122120224080e-08 1.120729652153e-07 2.034156890834e-07 3.658686497327e-07 6.517982629302e-07 1.149624335673e-06 2.006679058716e-06 3.465132789952e-06 5.917497730145e-06 9.990873469318e-06 1.667249504249e-05 2.749331281839e-05 4.479118861743e-05 7.208057952860e-05 1.145608023297e-04 1.797993314862e-04 2.786289533896e-04 4.262964908734e-04 6.438945418803e-04 9.600943838215e-04 1.413176330322e-03 2.053322265317e-03 2.945093816786e-03 4.169970118832e-03 5.828764260010e-03 8.043683122909e-03 1.095974728324e-02 1.474525583108e-02 1.959097217545e-02 2.570773098986e-02 3.332222669821e-02 4.267084584539e-02 5.399153992244e-02 6.751390250800e-02 8.344779140747e-02 1.019710142469e-01 1.232167471632e-01 1.472614703024e-01 1.741142518163e-01 2.037081999353e-01 2.358948074092e-01 2.704417552085e-01 3.070345338113e-01 3.452819692298e-01 3.847254996344e-01 4.248517668971e-01 4.651078845886e-01 5.049185535185e-01 5.437041130157e-01 5.808985581770e-01 6.159666143039e-01 6.484190350174e-01 6.778254522970e-01 7.038243025598e-01 7.261295177256e-01 7.445339139451e-01 7.589093675240e-01 7.692040684706e-01 7.754372102438e-01 7.776916779412e-01 7.761052228718e-01 7.708607703348e-01 7.621763862169e-01 7.502954657717e-01 7.354776000113e-01 7.179905151923e-01 6.981033763883e-01 6.760816267015e-01 6.521834416643e-01 6.266577502672e-01 5.997436491175e-01 5.716710040818e-01 5.426618767519e-01 5.129324386122e-01 4.826949730908e-01 4.521596008566e-01 4.215354138651e-01 3.910307607865e-01 3.608525532316e-01 3.312045522736e-01 3.022847174755e-01
1.229259597602e-13 2.419619818246e-13 4.752956977638e-13 9.320836047713e-13 1.825404321825e-12 3.570958752158e-12 6.979135944332e-12 1.362803770350e-11 2.658599978714e-11 5.180610690671e-11 1.008057468484e-10 1.957877117951e-10 3.793658119909e-10 7.329015365748e-10 1.410795129809e-09 2.704036748346e-09 5.156830620210e-09 9.778351339521e-09 1.842288522850e-08 3.446406371002e-08 6.397557074276e-08 1.177713098855e-07 2.148816904855e-07 3.883912533522e-07 6.950942384114e-07 1.231216120524e-06 2.157598611915e-06 3.739370607434e-06 6.407357570297e-06 1.085144254819e-05 1.815987958405e-05 3.002319493956e-05 4.902668873141e-05 7.906136005385e-05 1.258887390307e-04 1.978996972927e-04 3.071095104353e-04 4.704295786777e-04 7.112483545449e-04 1.061338124970e-03 1.563078660284e-03 2.271952260051e-03 3.259217691536e-03 4.614614564075e-03 6.448889155160e-03 8.895873143602e-03 1.211379724684e-02 1.628549064100e-02 2.161711531249e-02 2.833511956779e-02 3.668117218274e-02 4.690496140446e-02 5.925490110527e-02 7.396697677811e-02 9.125216079181e-02 1.112830198735e-01 1.341802924260e-01 1.600003196297e-01 1.887242520370e-01 2.202499012324e-01 2.543869876264e-01 2.908563255530e-01 3.292932389491e-01 3.692552015204e-01 4.102334045357e-01 4.516676801774e-01 4.929639757051e-01 5.335134176862e-01 5.727119239498e-01 6.099792944056e-01 6.447768394037e-01 6.766226640551e-01 7.051040023113e-01 7.298861294763e-01 7.507176755876e-01 7.674323400474e-01 7.799472247250e-01 7.882581572779e-01 7.924325178879e-01 7.926001481876e-01 7.889429723814e-01 7.816839734626e-01 7.710761290674e-01 7.573918442397e-01 7.409133893758e-01 7.219246761322e-01 7.007046790895e-01 6.775226322347e-01 6.526350418679e-01 6.262844205318e-01 5.986995615931e-01 5.700970440869e-01 5.406836091597e-01 5.106589964055e-01 4.802188066661e-01 4.495569937148e-01 4.188676140197e-01 3.883455935693e-01 3.581863384472e-01 3.285841568325e-01 2.997296011375e-01
1.120911524654e-13 2.216400572789e-13 4.375844890058e-13 8.629322574578e-13 1.700310252734e-12 3.348217147498e-12 6.589972252656e-12 1.296389173668e-11 2.548644984073e-11 5.005969503171e-11 9.819740609334e-11 1.922755101895e-10 3.755766243178e-10 7.313599668281e-10 1.418758076231e-09 2.739714825536e-09 5.262536781164e-09 1.004744344128e-08 1.905352017766e-08 3.586390649911e-08 6.696129300157e-08 1.239408092550e-07 2.272947059922e-07 4.127896713804e-07 7.420480633122e-07 1.319825420977e-06 2.321758108891e-06 4.038168451448e-06 6.942004057276e-06 1.179229290002e-05 1.978871674221e-05 3.279806014608e-05 5.367924407078e-05 8.674003786901e-05 1.383646728064e-04 2.178563849250e-04 3.385408826801e-04 5.191739429061e-04 7.856866077103e-04 1.173282531347e-03 1.728872068636e-03 2.513785625406e-03 3.606655250085e-03 5.106290458158e-03 7.134307379280e-03 9.837205948977e-03 1.338753863468e-02 1.798378561212e-02 2.384855760108e-02 3.122479672111e-02 4.036974230876e-02 5.154657539218e-02 6.501384076036e-02 8.101295922691e-02 9.975436478711e-02 1.214030021597e-01 1.460640840465e-01 1.737701002730e-01 2.044700839700e-01 2.380220590786e-01 2.741894286050e-01 3.126418043151e-01 3.529604890604e-01 3.946484837750e-01 4.371445684748e-01 4.798407146336e-01 5.221018640271e-01 5.632869531582e-01 6.027700200081e-01 6.399602524633e-01 6.743199510385e-01 7.053795884847e-01 7.327493422306e-01 7.561267463028e-01 7.753003626091e-01 7.901495985494e-01 8.006410069329e-01 8.068215621229e-01 8.088095094214e-01 8.067834797640e-01 8.009705582868e-01 7.916339792019e-01 7.790610987353e-01 7.635521986547e-01 7.454105675648e-01 7.249342684996e-01 7.024097743571e-01 6.781076380549e-01 6.522801672414e-01 6.251609753400e-01 5.969661713754e-01 5.678968557210e-01 5.381424878215e-01 5.078846939143e-01 4.773010094615e-01 4.465681451963e-01 4.158643661018e-01 3.853707126242e-01 3.552708897407e-01 3.257498033289e-01 2.969908407367e-01
1.019975111494e-13 2.026779498590e-13 4.023428160023e-13 7.982205756927e-13 1.583120051321e-12 3.139421081606e-12 6.225230850069e-12 1.234230253107e-11 2.446096772873e-11 4.844273376062e-11 9.581783747284e-11 1.891753537639e-10 3.725493965986e-10 7.312720861939e-10 1.429584116885e-09 2.781191343695e-09 5.380230798919e-09 1.034162033921e-08 1.973685388531e-08 3.737415923183e-08 7.017655001861e-08 1.305821240822e-07 2.406643277989e-07 4.390981440630e-07 7.927540092271e-07 1.415681724167e-06 2.499674925429e-06 4.362629726184e-06 7.523689631340e-06 1.281785605125e-05 2.156744830234e-05 3.583352677931e-05 5.877698142956e-05 9.516599700794e-05 1.520732394862e-04 2.398111141777e-04 3.731550910419e-04 5.729011931878e-04 8.677918052347e-04 1.296821566202e-03 1.911900145612e-03 2.780800413974e-03 3.990259481695e-03 5.649029648495e-03 7.890602165996e-03 1.087525786832e-02 1.479104589861e-02 1.985326717161e-02 2.630205582650e-02 3.439771689109e-02 4.441359949852e-02 5.662645623742e-02 7.130445736895e-02 8.869326724749e-02 1.090008337810e-01 1.323817580479e-01 1.589222712146e-01 1.886269251074e-01 2.214080860273e-01 2.570792061572e-01 2.953526130217e-01 3.358422782273e-01 3.780716555557e-01 4.214863170529e-01 4.654707641393e-01 5.093684802612e-01 5.525040845205e-01 5.942063001366e-01 6.338304641591e-01 6.707793443915e-01 7.045212281495e-01 7.346044698004e-01 7.606679385097e-01 7.824471201546e-01 7.997758912520e-01 8.125842042040e-01 8.208921860726e-01 8.248012311339e-01 8.244828278902e-01 8.201658564755e-01 8.121231292486e-01 8.006578921115e-01 7.860909334844e-01 7.687488440225e-01 7.489539231756e-01 7.270160146504e-01 7.032265095393e-01 6.778545963471e-01 6.511457019137e-01 6.233219398120e-01 5.945843121176e-01 5.651162368269e-01 5.350879702383e-01 5.046614009937e-01 4.739947115267e-01 4.432464124571e-01 4.125783432342e-01 3.821573306324e-01 3.521553329988e-01 3.227480382558e-01 2.941120442018e-01
9.263502630945e-14 1.850576628686e-13 3.695374916961e-13 7.378851257410e-13 1.473707332217e-12 2.944308454401e-12 5.884350651181e-12 1.176204527302e-11 2.350686041044e-11 4.694932091191e-11 9.365424893139e-11 1.864599870667e-10 3.702272783950e-10 7.325222236460e-10 1.443044445841e-09 2.828027979039e-09 5.509103568929e-09 1.065945359927e-08 2.047050405965e-08 3.899115378666e-08 7.361638514809e-08 1.376902372041e-07 2.549900981791e-07 4.673335740558e-07 8.472772586537e-07 1.518967277489e-06 2.691792524937e-06 4.713747474780e-06 8.154511196715e-06 1.393236209800e-05 2.350428888893e-05 3.914502692055e-05 6.434803776664e-05 1.043891447160e-04 1.671007007369e-04 2.639093571520e-04 4.111917228047e-04 6.319969713158e-04 9.581709564215e-04 1.432889951155e-03 2.113571543018e-03 3.075074730162e-03 4.413032113559e-03 6.247078031777e-03 8.723655304978e-03 1.201800899924e-02 1.633492276505e-02 2.190773399342e-02 2.899519275015e-02 3.787581452574e-02 4.883952441145e-02 6.217659274018e-02 7.816411225430e-02 9.705053448737e-02 1.190390519182e-01 1.442708334211e-01 1.728092811214e-01 2.046265346394e-01 2.395933947270e-01 2.774736691110e-01 3.179236679888e-01 3.604972234373e-01 4.046561871723e-01 4.497859721260e-01 4.952152999599e-01 5.402390305174e-01 5.841427287712e-01 6.262275320866e-01 6.658339195735e-01 7.023630858185e-01 7.352948856632e-01 7.642015593197e-01 7.887567850997e-01 8.087399356091e-01 8.240356648186e-01 8.346292602406e-01 8.405983669731e-01 8.421017984088e-01 8.393662872838e-01 8.326719958607e-01 8.223375807738e-01 8.087055984323e-01 7.921288545161e-01 7.729582964421e-01 7.515328337148e-01 7.281714163875e-01 7.031675185078e-01 6.767860909848e-01 6.492628563862e-01 6.208057651068e-01 5.915982545930e-01 5.618038800390e-01 5.315718258248e-01 5.010427164496e-01 4.703542030887e-01 4.396457673058e-01 4.090623356973e-01 3.787563459514e-01 3.488881053245e-01 3.196244119598e-01 2.911355864970e-01
8.398595141545e-14 1.687466764995e-13 3.391082351988e-13 6.818121884441e-13 1.371852648639e-12 2.762445044290e-12 5.566451574469e-12 1.122130071484e-11 2.262031775404e-11 4.557143206379e-11 9.168976756350e-11 1.840942060158e-10 3.685377765480e-10 7.349636923987e-10 1.458848534890e-09 2.879663662316e-09 5.648103047658e-09 1.099903816712e-08 2.125116459759e-08 4.070945814561e-08 7.727253353764e-08 1.452540503856e-07 2.702606300361e-07 4.974936889672e-07 9.056502706105e-07 1.629810141576e-06 2.898467706274e-06 5.092381546292e-06 8.836370956577e-06 1.513977410214e-05 2.560711971772e-05 4.274763883907e-05 7.042030605630e-05 1.144595384318e-04 1.835344132058e-04 2.902996113457e-04 4.528969776761e-04 6.968597624470e-04 1.057454155351e-03 1.582461598589e-03 2.335358360791e-03 3.398785325056e-03 4.878122592302e-03 6.904895272740e-03 9.639647733219e-03 1.327384452985e-02 1.803030404954e-02 2.416165816149e-02 3.194637578017e-02 4.168199645691e-02 5.367539804031e-02 6.823016004689e-02 8.563137003868e-02 1.061285188030e-01 1.299174221834e-01 1.571223346703e-01 1.877795709751e-01 2.218239879999e-01 2.590795666148e-01 2.992551316159e-01 3.419458779549e-01 3.866409789249e-01 4.327370712770e-01 4.795569672832e-01 5.263725450216e-01 5.724304662141e-01 6.169791633193e-01 6.592955152411e-01 6.987096912823e-01 7.346268260656e-01 7.665445028130e-01 7.940653233315e-01 8.169042274835e-01 8.348905757309e-01 8.479652991788e-01 8.561736917800e-01 8.596546060046e-01 8.586269230671e-01 8.533742046193e-01 8.442284441522e-01 8.315537687719e-01 8.157308470072e-01 7.971426452935e-01 7.761620767250e-01 7.531419150073e-01 7.284072370666e-01 7.022505394722e-01 6.749294817947e-01 6.466671720951e-01 6.176546756121e-01 5.880554186305e-01 5.580109627847e-01 5.276476335439e-01 4.970833795102e-01 4.664342747884e-01 4.358200993869e-01 4.053685310381e-01 3.752175991897e-01 3.455162132847e-01 3.164227585989e-01 2.881019198845e-01
7.602605672856e-14 1.537003026814e-13 3.109720802932e-13 6.298459570255e-13 1.277258722392e-12 2.593252703043e-12 5.270386467315e-12 1.071775043051e-11 2.179658624233e-11 4.429923367848e-11 8.990399490510e-11 1.820358309024e-10 3.673944090863e-10 7.384214891918e-10 1.476648302183e-09 2.935420440152e-09 5.795941146545e-09 1.135799691638e-08 2.207459781864e-08 4.252183146483e-08 8.113328292515e-08 1.532560271410e-07 2.864527818812e-07 5.295552849410e-07 9.678692062076e-07 1.748277241240e-06 3.119957569365e-06 5.499235101667e-06 9.570935105204e-06 1.644371828656e-05 2.788337396867e-05 4.665590568515e-05 7.702115563160e-05 1.254269698709e-04 2.014622328136e-04 3.191325763201e-04 4.985225694299e-04 7.678994940530e-04 1.166292898572e-03 1.746547679518e-03 2.578794109724e-03 3.754205598419e-03 5.388826450382e-03 7.627153668550e-03 1.064505913680e-02 1.465155531703e-02 1.988885655980e-02 2.663018526036e-02 3.517483411112e-02 4.584013344645e-02 5.895018212335e-02 7.482148237604e-02 9.374593705375e-02 1.159720067444e-01 1.416851286749e-01 1.709887410384e-01 2.038873841777e-01 2.402733519578e-01 2.799182104160e-01 3.224702118646e-01 3.674582192595e-01 4.143022647045e-01 4.623303515647e-01 5.108006176235e-01 5.589275481345e-01 6.059106624429e-01 6.509638946134e-01 6.933439434138e-01 7.323759473399e-01 7.674751705517e-01 7.981636564204e-01 8.240812804660e-01 8.449909725692e-01 8.607783076604e-01 8.714459387409e-01 8.771036401370e-01 8.779548548912e-01 8.742807537138e-01 8.664228195156e-01 8.547649214036e-01 8.397157456401e-01 8.216923730109e-01 8.011056005503e-01 7.783475121500e-01 7.537816411107e-01 7.277359464054e-01 7.004986668468e-01 6.723170024358e-01 6.433984460527e-01 6.139144552505e-01 5.840060277100e-01 5.537906828052e-01 5.233702166886e-01 4.928386260202e-01 4.622895214827e-01 4.318224712063e-01 4.015477425351e-01 3.715891029788e-01 3.420844763619e-01 3.131844563265e-01 2.850488661857e-01
6.872586855014e-14 1.398640165606e-13 2.850277460532e-13 5.817967276032e-13 1.189565722802e-12 2.436037853821e-12 4.994794127907e-12 1.024867503209e-11 2.103014977912e-11 4.312141467901e-11 8.827360733568e-11 1.802367738032e-10 3.666985654164e-10 7.426954416917e-10 1.496043201872e-09 2.994511190022e-09 5.951104231134e-09 1.173349211809e-08 2.293563925357e-08 4.441920014828e-08 8.518336832931e-08 1.616718936170e-07 3.035309277392e-07 5.634725842535e-07 1.033890477709e-06 1.874367491433e-06 3.356406413434e-06 5.934830499353e-06 1.035959127473e-05 1.784741086705e-05 3.033991577320e-05 5.088364070451e-05 8.417713093628e-05 1.373405119066e-04 2.209718557602e-04 3.505602331262e-04 5.483244965699e-04 8.455359484935e-04 1.285358117973e-03 1.926194344155e-03 2.845471220224e-03 4.143703088236e-03 5.948583035595e-03 8.418736470319e-03 1.174666707803e-02 1.616033751557e-02 2.192277911246e-02 2.932913366055e-02 3.870061551883e-02 5.037505045202e-02 6.469389900230e-02 8.198599601909e-02 1.025486003705e-01 1.266267189741e-01 1.543919997084e-01 1.859227180709e-01 2.211865056152e-01 2.600274051142e-01 3.021586340473e-01 3.471620644615e-01 3.944949327120e-01 4.435037407732e-01 4.934447146405e-01 5.435096792813e-01 5.928557683962e-01 6.406371194470e-01 6.860365766161e-01 7.282955221136e-01 7.667401114139e-01 8.008025878378e-01 8.300367409125e-01 8.541270215868e-01 8.728913009124e-01 8.862776319423e-01 8.943557152273e-01 8.973040056222e-01 8.953935169831e-01 8.889694528783e-01 8.784317765768e-01 8.642156999295e-01 8.467730144152e-01 8.265549926226e-01 8.039974596021e-01 7.795084708825e-01 7.534588990429e-01 7.261760791356e-01 6.979405481705e-01 6.689857629730e-01 6.395005820098e-01 6.096341417872e-01 5.795026774878e-01 5.491977212051e-01 5.187950152045e-01 4.883634888553e-01 4.579735859434e-01 4.277043326140e-01 3.976486084797e-01 3.679162416097e-01 3.386347425753e-01 3.099476780831e-01 2.820109102059e-01
6.205186505780e-14 1.271757139812e-13 2.611598882899e-13 5.374488843036e-13 1.108366270815e-12 2.290019599739e-12 4.738151992957e-12 9.811052942683e-12 2.031491423243e-11 4.202552800954e-11 8.677298606205e-11 1.786441844313e-10 3.663415495928e-10 7.475637670213e-10 1.516586221426e-09 3.056049242258e-09 6.111867425822e-09 1.212224409003e-08 2.382821562899e-08 4.639065938683e-08 8.940391200081e-08 1.704704094431e-07 3.214463276907e-07 5.991757485876e-07 1.103627519075e-06 2.008005170692e-06 3.607832770159e-06 6.399485093728e-06 1.120340484505e-05 1.935358251917e-05 3.298291305686e-05 5.544372128118e-05 9.191362727204e-05 1.502480289879e-04 2.421501043807e-04 3.847348334664e-04 6.025616639956e-04 9.301969773578e-04 1.415337972146e-03 2.122480106602e-03 3.137038122062e-03 4.569736481146e-03 6.560972660201e-03 9.284735498314e-03 1.295154538377e-02 1.780979205748e-02 2.414480238075e-02 3.227499395830e-02 4.254458281059e-02 5.531251766650e-02 7.093761167945e-02 8.976021292079e-02 1.120811656868e-01 1.381392176398e-01 1.680883746845e-01 2.019769373235e-01 2.397300333779e-01 2.811373541683e-01 3.258475164042e-01 3.733700146187e-01 4.230851427339e-01 4.742616397899e-01 5.260811527303e-01 5.776680832141e-01 6.281229181503e-01 6.765569488031e-01 7.221261693866e-01 7.640623400842e-01 8.016994351135e-01 8.344942046072e-01 8.620399738729e-01 8.840734141968e-01 9.004744318671e-01 9.112597867729e-01 9.165713429137e-01 9.166600772414e-01 9.118670833310e-01 9.026027949162e-01 8.893256144800e-01 8.725209791398e-01 8.526817498040e-01 8.302906457059e-01 8.058052579876e-01 7.796460322087e-01 7.521874502989e-01 7.237525084285e-01 6.946104564828e-01 6.649776692778e-01 6.350213413239e-01 6.048656464927e-01 5.745998265267e-01 5.442876265699e-01 5.139773829261e-01 4.837120365347e-01 4.535383543676e-01 4.235146967273e-01 3.937167657680e-01 3.642409545074e-01 3.352050976044e-01 3.067466425911e-01 2.790185012788e-01
5.596760398794e-14 1.155678466636e-13 2.392431317233e-13 4.965685082105e-13 1.033219808196e-12 2.154356917848e-12 4.498827580732e-12 9.401657618202e-12 1.964439144791e-11 4.099833829757e-11 8.537486700651e-11 1.772016533216e-10 3.662067798284e-10 7.527870100561e-10 1.537790700402e-09 3.119059768374e-09 6.276312706548e-09 1.252055757319e-08 2.474537837252e-08 4.842350107330e-08 9.377241016286e-08 1.796132206262e-07 3.401366409373e-07 6.365696080503e-07 1.176947849335e-06 2.149033663222e-06 3.874116889274e-06 6.893287229455e-06 1.210307508743e-05 2.096440069859e-05 3.581770582598e-05 6.034787286232e-05 1.002545496630e-04 1.641956527358e-04 2.650821513451e-04 4.218078004947e-04 6.614943801902e-04 1.022316520144e-03 1.556935363780e-03 2.336512876566e-03 3.455195921252e-03 5.034852111354e-03 7.229713298448e-03 1.023044835656e-02 1.426706209766e-02 1.960992337252e-02 2.656818835802e-02 3.548492809522e-02 4.672841110872e-02 6.067924220219e-02 7.771340572229e-02 9.818168625744e-02 1.223864010745e-01 1.505568164079e-01 1.828249760187e-01 2.192039024858e-01 2.595701544330e-01 3.036525647880e-01 3.510285984189e-01 4.011292269478e-01 4.532525180783e-01 5.065854444868e-01 5.602327045424e-01 6.132507614482e-01 6.646849181455e-01 7.136069956234e-01 7.591512555045e-01 8.005463809937e-01 8.371417533264e-01 8.684267776402e-01 8.940425820941e-01 9.137859666548e-01 9.276060411661e-01 9.355943748681e-01 9.379698047574e-01 9.350592359547e-01 9.272758040408e-01 9.150957510151e-01 8.990352539414e-01 8.796282199326e-01 8.574059614359e-01 8.328793685764e-01 8.065240964983e-01 7.787690397980e-01 7.499882921006e-01 7.204966084577e-01 6.905482761647e-01 6.603392201195e-01 6.300119983531e-01 5.996632697879e-01 5.693531973267e-01 5.391161261843e-01 5.089718326684e-01 4.789365623066e-01 4.490331190146e-01 4.192992836617e-01 3.897940004002e-01 3.606009145883e-01 3.318290816971e-01 3.036108715607e-01 2.760973663942e-01
5.043476379254e-14 1.049693971463e-13 2.191458139143e-13 4.589104817543e-13 9.636660726276e-13 2.028174292740e-12 4.275127486383e-12 9.017151459726e-12 1.901187892505e-11 4.002616598827e-11 8.405099778225e-11 1.758504574706e-10 3.661721151544e-10 7.581122945951e-10 1.559137975044e-09 3.182493033601e-09 6.442350790250e-09 1.292435590398e-08 2.567935173324e-08 5.050327206512e-08 9.826277471757e-08 1.890548094323e-07 3.595255929831e-07 6.755326305509e-07 1.253670501966e-06 2.297209736035e-06 4.154988817599e-06 7.416072987239e-06 1.305889141772e-05 2.268139158254e-05 3.884867155204e-05 6.560644525962e-05 1.092219531458e-04 1.792272284885e-04 2.898506955953e-04 4.619285436058e-04 7.253827233323e-04 1.122332449148e-03 1.710865197761e-03 2.569426680038e-03 3.801694672512e-03 5.541679993710e-03 7.958656671583e-03 1.126137501101e-02 1.570087713199e-02 2.157113828866e-02 2.920673045267e-02 3.897676935610e-02 5.127458578407e-02 6.650286133529e-02 8.505437281245e-02 1.072889783246e-01 1.335079821515e-01 1.639274972521e-01 1.986527895106e-01 2.376557899651e-01 2.807579434711e-01 3.276203184287e-01 3.777424088347e-01 4.304704150720e-01 4.850149909825e-01 5.404776505442e-01 5.958842797420e-01 6.502235922835e-01 7.024879837977e-01 7.517140958572e-01 7.970204958411e-01 8.376402139539e-01 8.729463777250e-01 9.024698171255e-01 9.259081212828e-01 9.431263296082e-01 9.541498957046e-01 9.591510789246e-01 9.584301118886e-01 9.523926996047e-01 9.415253622537e-01 9.263700683305e-01 9.074994160012e-01 8.854933889515e-01 8.609185383864e-01 8.343101409822e-01 8.061577800474e-01 7.768945317374e-01 7.468898725357e-01 7.164462796390e-01 6.857993436753e-01 6.551212019476e-01 6.245268789450e-01 5.940831196178e-01 5.638191019977e-01 5.337383695862e-01 5.038312147088e-01 4.740867293308e-01 4.445037021470e-01 4.150996531652e-01 3.859173962213e-01 3.570287072193e-01 3.285349148550e-01 3.005644797191e-01 2.732678683598e-01
4.541408268290e-14 9.530766450073e-14 2.007333812289e-13 4.242249516974e-13 8.992374681781e-13 1.910585485871e-12 4.065343183770e-12 8.654174652594e-12 1.841063305123e-11 3.909522415610e-11 8.277279202307e-11 1.745308221488e-10 3.661122624693e-10 7.632778659936e-10 1.580085706106e-09 3.245239285980e-09 6.607746876034e-09 1.332922329417e-08 2.662159790088e-08 5.261386289004e-08 1.028454327488e-07 1.987425473641e-07 3.795228274053e-07 7.159162075236e-07 1.333563958483e-06 2.452198500175e-06 4.450017478686e-06 7.967403892496e-06 1.407069096112e-05 2.450536211350e-05 4.207908852170e-05 7.122818238976e-05 1.188356709857e-04 1.953837339348e-04 3.165350888017e-04 5.052431942552e-04 7.944847829528e-04 1.230684220991e-03 1.877851398470e-03 2.822378045191e-03 4.178329250860e-03 6.092929469752e-03 8.751784051849e-03 1.238321427930e-02 1.726093961537e-02 2.370424474441e-02 3.207475315010e-02 4.276902305199e-02 5.620640251046e-02 7.281193772212e-02 9.299459821581e-02 1.171216342908e-01 1.454904427957e-01 1.782998335948e-01 2.156229521123e-01 2.573842956565e-01 3.033431703791e-01 3.530855883456e-01 4.060260166473e-01 4.614195910569e-01 5.183845292190e-01 5.759335859119e-01 6.330125770194e-01 6.885434253577e-01 7.414688152622e-01 7.907954601689e-01 8.356332319828e-01 8.752278125019e-01 9.089851646285e-01 9.364868498066e-01 9.574959319811e-01 9.719538911402e-01 9.799695561519e-01 9.818014298229e-01 9.778350703758e-01 9.685572434021e-01 9.545285124850e-01 9.363557634229e-01 9.146659595558e-01 8.900821068317e-01 8.632021899187e-01 8.345815959345e-01 8.047193037828e-01 7.740480116227e-01 7.429281669573e-01 7.116458338595e-01 6.804141683489e-01 6.493782438997e-01 6.186227987688e-01 5.881824394298e-01 5.580536779902e-01 5.282080961896e-01 4.986058534759e-01 4.692086810969e-01 4.399915664175e-01 4.109523296127e-01 3.821184983366e-01 3.535510403900e-01 3.253447666457e-01 2.976255087041e-01 2.705444043711e-01
4.086618590579e-14 8.650984216923e-14 1.838713977108e-13 3.922630848347e-13 8.394701250808e-13 1.800714931855e-12 3.867792882562e-12 8.309427383281e-12 1.783403158382e-11 3.819194168627e-11 8.151196977350e-11 1.731831836207e-10 3.659012471993e-10 7.680178293568e-10 1.600076833107e-09 3.306145226935e-09 6.770149951292e-09 1.373045493438e-08 2.756289832555e-08 5.473763141604e-08 1.074874913880e-07 2.086168675217e-07 4.000239647565e-07 7.575442787950e-07 1.416344592586e-06 2.613569240931e-06 4.758600887054e-06 8.546546278997e-06 1.513781758900e-05 2.643632367557e-05 4.551099938668e-05 7.721998930176e-05 1.291129309544e-04 2.127026724375e-04 3.452104129366e-04 5.518932628546e-04 8.690547744142e-04 1.347810348643e-03 2.058623687640e-03 3.096542067763e-03 4.586934842701e-03 6.691384338147e-03 9.613201487863e-03 1.360185957045e-02 1.895548516070e-02 2.602045068843e-02 3.518711310269e-02 4.688086857416e-02 6.154796822604e-02 7.963595788948e-02 1.015691502386e-01 1.277201575476e-01 1.583791342338e-01 1.937229206514e-01 2.337866490864e-01 2.784405000371e-01 3.273741299110e-01 3.800908423581e-01 4.359128210052e-01 4.939978562412e-01 5.533669605269e-01 6.129413027810e-01 6.715860696760e-01 7.281582258488e-01 7.815549099520e-01 8.307591870243e-01 8.748802172036e-01 9.131855154921e-01 9.451236781574e-01 9.703368057568e-01 9.886626907975e-01 1.000127471908e+00 1.004930146945e+00 1.003420594818e+00 9.960730453085e-01 9.834568887579e-01 9.662066315625e-01 9.449925137631e-01 9.204930792424e-01 8.933706259440e-01 8.642502062917e-01 8.337025545505e-01 8.022311706690e-01 7.702635616341e-01 7.381465860689e-01 7.061457229559e-01 6.744479968607e-01 6.431682624065e-01 6.123583854408e-01 5.820188417579e-01 5.521120530203e-01 5.225767688277e-01 4.933426429861e-01 4.643441428033e-01 4.355329350420e-01 4.068879536519e-01 3.784225079080e-01 3.501880019151e-01 3.222740794093e-01 2.948053227332e-01 2.679348874501e-01
3.675229526717e-14 7.850437232816e-14 1.684281365368e-13 3.627820561624e-13 7.839135545146e-13 1.697716641237e-12 3.680858802342e-12 7.979744358126e-12 1.727572373931e-11 3.730326634757e-11 8.024117272125e-11 1.717494302101e-10 3.654148870302e-10 7.720670396393e-10 1.618549014784e-09 3.364031849100e-09 6.927125529528e-09 1.412311503899e-08 2.849345161437e-08 5.685555823282e-08 1.121529672187e-07 2.186115595537e-07 4.209108801465e-07 8.002133325146e-07 1.501675794358e-06 2.780792197665e-06 5.079957859810e-06 9.152452679726e-06 1.625908363324e-05 2.847341800655e-05 4.914507627120e-05 8.358669700330e-05 1.400679640560e-04 2.312174485560e-04 3.759465245037e-04 6.020142267665e-04 9.493410535343e-04 1.474145714824e-03 2.253914096803e-03 3.393108146732e-03 5.029382001071e-03 7.339897561927e-03 1.054713462034e-02 1.492339450583e-02 2.079303258365e-02 2.853136312542e-02 3.855919990416e-02 5.133216175392e-02 6.732420423418e-02 8.700533267830e-02 1.108140752516e-01 1.391259931179e-01 1.722201855097e-01 2.102463134412e-01 2.531950255940e-01 3.008747433854e-01 3.528974908971e-01 4.086758652350e-01 4.674323678835e-01 5.282212424572e-01 5.899618520659e-01 6.514815407322e-01 7.115650891870e-01 7.690072924342e-01 8.226649707081e-01 8.715048782202e-01 9.146444565918e-01 9.513830984666e-01 9.812224815106e-01 1.003875484856e+00 1.019264029363e+00 1.027507035018e+00 1.028900123864e+00 1.023889145449e+00 1.013039662494e+00 9.970044888579e-01 9.764911636645e-01 9.522309144974e-01 9.249503397846e-01 8.953466504747e-01 8.640670339853e-01 8.316923868769e-01 7.987255249989e-01 7.655837586587e-01 7.325957158948e-01 7.000021157325e-01 6.679602529113e-01 6.365517683235e-01 6.057933014464e-01 5.756494617760e-01 5.460474589997e-01 5.168926523448e-01 4.880841404490e-01 4.595295249976e-01 4.311579295711e-01 4.029304733136e-01 3.748475372815e-01 3.469523857971e-01 3.193309749596e-01 2.921080998079e-01 2.654403147158e-01
3.303482063972e-14 7.122207588820e-14 1.542767458550e-13 3.355492202983e-13 7.321387929494e-13 1.600790277884e-12 3.503019445464e-12 7.662160419173e-12 1.672976502744e-11 3.641694460882e-11 7.893454207764e-11 1.701740981679e-10 3.645332466192e-10 7.751660465276e-10 1.634944448968e-09 3.417713414096e-09 7.076191369727e-09 1.450210169878e-08 2.940298778705e-08 5.894743763053e-08 1.168030843066e-07 2.286541937693e-07 4.420522235694e-07 8.436928481025e-07 1.589167777736e-06 2.953236546924e-06 5.413121491504e-06 9.783745621811e-06 1.743273465901e-05 3.061484707803e-05 5.298048909175e-05 9.033082878471e-05 1.517116087252e-04 2.509567272264e-04 4.088070543232e-04 6.557340442656e-04 1.035583987497e-03 1.610118675683e-03 2.464453205751e-03 3.713275363625e-03 5.507571332478e-03 8.041385564653e-03 1.155792302738e-02 1.635408808368e-02 2.278238097392e-02 3.124898699927e-02 4.220693813138e-02 5.614343952822e-02 7.356085192141e-02 9.495140073513e-02 1.207663937496e-01 1.513815121486e-01 1.870604746570e-01 2.279199721474e-01 2.738991003827e-01 3.247365164648e-01 3.799581555486e-01 4.388776094332e-01 5.006101978379e-01 5.641005798559e-01 6.281624458237e-01 6.915277430579e-01 7.529019692681e-01 8.110215813624e-01 8.647094155988e-01 9.129243703117e-01 9.548021574566e-01 9.896849270764e-01 1.017138500681e+00 1.036957081145e+00 1.049156192335e+00 1.053955420221e+00 1.051753014364e+00 1.043094752154e+00 1.028639417231e+00 1.009123196685e+00 9.853248983464e-01 9.580335509118e-01 9.280195289582e-01 8.960099357878e-01 8.626686463379e-01 8.285811396316e-01 7.942440734319e-01 7.600594186897e-01 7.263328779800e-01 6.932763173326e-01 6.610138327090e-01 6.295910788723e-01 5.989873781198e-01 5.691300506453e-01 5.399103059607e-01 5.111998935129e-01 4.828676572369e-01 4.547950606858e-01 4.268897617461e-01 3.990964050634e-01 3.714039514640e-01 3.438491191174e-01 3.165157700911e-01 2.895304358019e-01 2.630544577285e-01
2.967783242691e-14 6.459705691629e-14 1.412969860283e-13 3.103454811118e-13 6.837450132484e-13 1.509194373586e-12 3.332876536225e-12 7.353966366902e-12 1.619073504366e-11 3.552177135997e-11 7.756825383859e-11 1.684055044104e-10 3.631430164202e-10 7.770660191052e-10 1.648719852046e-09 3.466017278979e-09 7.214855729554e-09 1.486221877286e-08 3.028089704520e-08 6.099210023260e-08 1.213966392223e-07 2.386666825666e-07 4.633041910216e-07 8.877261725794e-07 1.678378162809e-06 3.130169571717e-06 5.756934562661e-06 1.043870433007e-05 1.865641836539e-05 3.285780768608e-05 5.701477940118e-05 9.745237001495e-05 1.640509125168e-04 2.719437760299e-04 4.438483813442e-04 7.131716086554e-04 1.128013743106e-03 1.756148010499e-03 2.690966175637e-03 4.058247527878e-03 6.023427656758e-03 8.798821808384e-03 1.265001395465e-02 1.790038923033e-02 2.493260569664e-02 3.418572418259e-02 4.614678949191e-02 6.133592496260e-02 8.028447894382e-02 1.035064339533e-01 1.314641032383e-01 1.645300041776e-01 2.029476013330e-01 2.467942152040e-01 2.959496955501e-01 3.500743570664e-01 4.085991410100e-01 4.707300593668e-01 5.354677271157e-01 6.016414104280e-01 6.679556291009e-01 7.330461403102e-01 7.955412684780e-01 8.541240846048e-01 9.075909639762e-01 9.549025225116e-01 9.952237436143e-01 1.027951197399e+00 1.052726428654e+00 1.069435753126e+00 1.078197687166e+00 1.079340032801e+00 1.073369103165e+00 1.060933796494e+00 1.042787152047e+00 1.019747770778e+00 9.926630699011e-01 9.623758581989e-01 9.296952758843e-01 8.953726792313e-01 8.600826978335e-01 8.244094686925e-01 7.888378197007e-01 7.537491329657e-01 7.194215315768e-01 6.860340348344e-01 6.536742808549e-01 6.223494236993e-01 5.919996844803e-01 5.625140264826e-01 5.337472311750e-01 5.055376029118e-01 4.777243934316e-01 4.501640016404e-01 4.227440116840e-01 3.953941968451e-01 3.680938250251e-01 3.408748159604e-01 3.138206282982e-01 2.870610879964e-01 2.607636959975e-01
2.664742320808e-14 5.856739102451e-14 1.293765491998e-13 2.869678551551e-13 6.383646050398e-13 1.422256633034e-12 3.169176428001e-12 7.052754745871e-12 1.565383657662e-11 3.460780789609e-11 7.612099529636e-11 1.663967922522e-10 3.611397710339e-10 7.775335579607e-10 1.659356487470e-09 3.507804266592e-09 7.340657687493e-09 1.519825279679e-08 3.111637307250e-08 6.296766778507e-08 1.258904339305e-07 2.485659703038e-07 4.845115537353e-07 9.320318776261e-07 1.768813404415e-06 3.310757314236e-06 6.110047157953e-06 1.111525484618e-05 1.992715791913e-05 3.519843214381e-05 6.124373975899e-05 1.049485432402e-04 1.770887362729e-04 2.941958049790e-04 4.811185699007e-04 7.744351332931e-04 1.226847918872e-03 1.912639661274e-03 2.934168409399e-03 4.429227790776e-03 6.578893710515e-03 9.615229975755e-03 1.382795544256e-02 1.956892081586e-02 2.725305468109e-02 3.735437249294e-02 5.039575467329e-02 6.693153253917e-02 8.752248727277e-02 1.127036460212e-01 1.429461798515e-01 1.786156702278e-01 2.199298661262e-01 2.669196751366e-01 3.193973674325e-01 3.769357621929e-01 4.388614677569e-01 5.042641222180e-01 5.720221421594e-01 6.408439305484e-01 7.093219547616e-01 7.759958768546e-01 8.394200380418e-01 8.982302888910e-01 9.512052862216e-01 9.973180955581e-01 1.035774940724e+00 1.066039207239e+00 1.087840175597e+00 1.101167176922e+00 1.106250915792e+00 1.103534492134e+00 1.093637010389e+00 1.077312842059e+00 1.055409370469e+00 1.028825693615e+00 9.984742514645e-01 9.652467776985e-01 9.299854508123e-01 8.934596594704e-01 8.563484341887e-01 8.192283503117e-01 7.825665758557e-01 7.467186394568e-01 7.119305034558e-01 6.783445204446e-01 6.460088611944e-01 6.148899671688e-01 5.848875417543e-01 5.558514982313e-01 5.276001707073e-01 4.999389796773e-01 4.726786348518e-01 4.456519064870e-01 4.187280105024e-01 3.918237230107e-01 3.649105460816e-01 3.380174914204e-01 3.112293765799e-01 2.846808896898e-01 2.585470135674e-01
2.391196285341e-14 5.307560947324e-14 1.184119835038e-13 2.652312659143e-13 5.956667513004e-13 1.339381316782e-12 3.010825940362e-12 6.756454666012e-12 1.511497466957e-11 3.366656227195e-11 7.457437952504e-11 1.641068691628e-10 3.584300701582e-10 7.763552880798e-10 1.666369998108e-09 3.541989147528e-09 7.451208586617e-09 1.550505472669e-08 3.189856765305e-08 6.485183563779e-08 1.302397704373e-07 2.582648583631e-07 5.055089368823e-07 9.763055887389e-07 1.859931060110e-06 3.494066627502e-06 6.470916726286e-06 1.181096367719e-05 2.124133089862e-05 3.763173603840e-05 6.566130317305e-05 1.128135917969e-04 1.908233610056e-04 3.177232944051e-04 5.206562858025e-04 8.396204751685e-04 1.332289107863e-03 2.079983276760e-03 3.194760985012e-03 4.827412860105e-03 7.175923227942e-03 1.049367628641e-02 1.509638859886e-02 2.136647276742e-02 2.975334311187e-02 4.076812360232e-02 5.497137609644e-02 7.295287481186e-02 9.530312278963e-02 1.225772010736e-01 1.552525848776e-01 1.936836175083e-01 2.380562496025e-01 2.883472592441e-01 3.442923423288e-01 4.053670999826e-01 4.707840595618e-01 5.395075181655e-01 6.102863195301e-01 6.817029554216e-01 7.522356905898e-01 8.203291748325e-01 8.844681484278e-01 9.432486787433e-01 9.954417196997e-01 1.040044667020e+00 1.076317893111e+00 1.103804653241e+00 1.122334304153e+00 1.132010076516e+00 1.133183737724e+00 1.126420151393e+00 1.112455138859e+00 1.092149940122e+00 1.066445356749e+00 1.036318061841e+00 1.002740999027e+00 9.666491451234e-01 9.289113044638e-01 8.903081526075e-01 8.515163769048e-01 8.130985589206e-01 7.754982902111e-01 7.390400110534e-01 7.039330761486e-01 6.702795878713e-01 6.380855331459e-01 6.072747901638e-01 5.777055159979e-01 5.491883075950e-01 5.215054611606e-01 4.944305024815e-01 4.677470505791e-01 4.412660520172e-01 4.148403799767e-01 3.883759436755e-01 3.618386007594e-01 3.352564616583e-01 3.087175150133e-01 2.823628566304e-01 2.563761874821e-01
2.144225841628e-14 4.806899631711e-14 1.083092515489e-13 2.449696181351e-13 5.553595801532e-13 1.260053811266e-12 2.856902644124e-12 6.463356119911e-12 1.457081482282e-11 3.269113143890e-11 7.291328701237e-11 1.615012211688e-10 3.549333470604e-10 7.733421426778e-10 1.669319844523e-09 3.567560905718e-09 7.544234137594e-09 1.577762426623e-08 3.261675459615e-08 6.662218011193e-08 1.343990027263e-07 2.676729510051e-07 5.261223664246e-07 1.020222325772e-06 1.951142988830e-06 3.679068823966e-06 6.837810681164e-06 1.252303558465e-05 2.259465402753e-05 4.015157396821e-05 7.025944122940e-05 1.210385743658e-04 2.052481062175e-04 3.425293234857e-04 5.624896896951e-04 9.088094027079e-04 1.444522285509e-03 2.258548565465e-03 3.473425702057e-03 5.253986688724e-03 7.816473443330e-03 1.143726116468e-02 1.646003898700e-02 2.329999428753e-02 3.244334803776e-02 4.444056071550e-02 5.989173869296e-02 7.942326753483e-02 1.036554830860e-01 1.331622227881e-01 1.684242692245e-01 2.097798583108e-01 2.573763958153e-01 3.111281110523e-01 3.706844559185e-01 4.354135254966e-01 5.044036463895e-01 5.764846907704e-01 6.502687569191e-01 7.242079035027e-01 7.966648895687e-01 8.659915384117e-01 9.306086429414e-01 9.890812794406e-01 1.040184004735e+00 1.082951574322e+00 1.116712300879e+00 1.141102927578e+00 1.156065432905e+00 1.161827698676e+00 1.158870940542e+00 1.147887527367e+00 1.129732976003e+00 1.105375753453e+00 1.075848080589e+00 1.042200252422e+00 1.005460262038e+00 9.665998448805e-01 9.265073750117e-01 8.859675870663e-01 8.456477860639e-01 8.060899644414e-01 7.677081913342e-01 7.307906849485e-01 6.955059530939e-01 6.619125371555e-01 6.299718726131e-01 5.995638283582e-01 5.705044164063e-01 5.425651047819e-01 5.154930213085e-01 4.890312244596e-01 4.629381199061e-01 4.370049977971e-01 4.110707348928e-01 3.850327528929e-01 3.588535565817e-01 3.325624588527e-01 3.062524423245e-01 2.800725027694e-01 2.542161825761e-01
1.921162796465e-14 4.349971677377e-14 9.898395392074e-14 2.260362057630e-13 5.171910006517e-13 1.183842561440e-12 2.706659757568e-12 6.172123300861e-12 1.401882014043e-11 3.167630068872e-11 7.112612914635e-11 1.585525786619e-10 3.505835436504e-10 7.683332374639e-10 1.667818176388e-09 3.583602242519e-09 7.617616046447e-09 1.601119593755e-08 3.326050081909e-08 6.825648578287e-08 1.383221402836e-07 2.766977207595e-07 5.461710426675e-07 1.063439296062e-06 2.041819409255e-06 3.864644954858e-06 7.208811766369e-06 1.324831592763e-05 2.398217453077e-05 4.275060520156e-05 7.502807508405e-05 1.296111723826e-04 2.203509539731e-04 3.686089036964e-04 6.066353088583e-04 9.820678014486e-04 1.563712124279e-03 2.448681385521e-03 3.770819824466e-03 5.710113687478e-03 8.502496806941e-03 1.244910972812e-02 1.792370689186e-02 2.537658469370e-02 3.533320071391e-02 4.838565408048e-02 6.517547053761e-02 8.636673414317e-02 1.126095252975e-01 1.444948026757e-01 1.825031780503e-01 2.269513017512e-01 2.779405879438e-01 3.353135657059e-01 3.986230882313e-01 4.671188981442e-01 5.397546647506e-01 6.152167133847e-01 6.919735082527e-01 7.683427971524e-01 8.425714855461e-01 9.129219724182e-01 9.777581236203e-01 1.035624218929e+00 1.085311054963e+00 1.125904871424e+00 1.156816544843e+00 1.177790380787e+00 1.188893607223e+00 1.190489199719e+00 1.183195600019e+00 1.167837544919e+00 1.145392189880e+00 1.116934459701e+00 1.083584875804e+00 1.046462343962e+00 1.006643536355e+00 9.651296969601e-01 9.228211242545e-01 8.804989838019e-01 8.388139074568e-01 7.982806124135e-01 7.592777610869e-01 7.220523732040e-01 6.867281202189e-01 6.533170131064e-01 6.217339649759e-01 5.918138210395e-01 5.633303300027e-01 5.360164976400e-01 5.095856276224e-01 4.837522064854e-01 4.582517156744e-01 4.328583398331e-01 4.073996073979e-01 3.817670596774e-01 3.559222908424e-01 3.298979814790e-01 3.037939184870e-01 2.777683955624e-01 2.520257628403e-01
1.719590113128e-14 3.932479987704e-14 9.036126209728e-14 2.083035347369e-13 4.809483255596e-13 1.110398483572e-12 2.559526025593e-12 5.881797583913e-12 1.345726694422e-11 3.061860170483e-11 6.920502709039e-11 1.552414278456e-10 3.453304609998e-10 7.611992368589e-10 1.661537842062e-09 3.589307973520e-09 7.669432400454e-09 1.620132444177e-08 3.381984074168e-08 6.973308790585e-08 1.419634924688e-07 2.852456710275e-07 5.654693528117e-07 1.105599177292e-06 2.131293904977e-06 4.049592686467e-06 7.581826258383e-06 1.398329724346e-05 2.539826870608e-05 4.542026846981e-05 7.995499978237e-05 1.385155135081e-04 2.361141929212e-04 3.959483141548e-04 6.530968949109e-04 1.059443819441e-03 1.690000142139e-03 2.650699652990e-03 4.087570370402e-03 6.196931331644e-03 9.235931879427e-03 1.353236146599e-02 1.949225608337e-02 2.760348251881e-02 3.843327781253e-02 5.261775555749e-02 7.084174060608e-02 9.380800843614e-02 1.221960723579e-01 1.566120057735e-01 1.975322523333e-01 2.452457465281e-01 2.997997256994e-01 3.609551056774e-01 4.281570885262e-01 5.005256838569e-01 5.768691563436e-01 6.557211882823e-01 7.354001156765e-01 8.140862554379e-01 8.899113889377e-01 9.610532129650e-01 1.025827147713e+00 1.082768321357e+00 1.130697721716e+00 1.168768287305e+00 1.196488806845e+00 1.213725555131e+00 1.220683572962e+00 1.217870929707e+00 1.206050303046e+00 1.186182647661e+00 1.159367554141e+00 1.126784442261e+00 1.089637861333e+00 1.049109279213e+00 1.006316759609e+00 9.622831015051e-01 9.179123592666e-01 8.739741610670e-01 8.310950127094e-01 7.897556580844e-01 7.502935797831e-01 7.129098489505e-01 6.776796335706e-01 6.445658211387e-01 6.134352788061e-01 5.840772934314e-01 5.562237260927e-01 5.295702979914e-01 5.037983317857e-01 4.785961045695e-01 4.536788906754e-01 4.288066792378e-01 4.037985903217e-01 3.785431010734e-01 3.530034571389e-01 3.272179005353e-01 3.012947756641e-01 2.754029426842e-01 2.497583368509e-01
1.537335712767e-14 3.550599743232e-14 8.237560095786e-14 1.916626297087e-13 4.464568290389e-13 1.039452186463e-12 2.415100774823e-12 5.591790635817e-12 1.288523964227e-11 2.951632688327e-11 6.714590491960e-11 1.515563446381e-10 3.391407709577e-10 7.518451239906e-10 1.650219408101e-09 3.584001779025e-09 7.697995950750e-09 1.634396804165e-08 3.428545034679e-08 7.103122220763e-08 1.452783455575e-07 2.932235892536e-07 5.838290810135e-07 1.146333824582e-06 2.218869272202e-06 4.232634861306e-06 7.954595083256e-06 1.472413120171e-05 2.683664841899e-05 4.815076973362e-05 8.502582320030e-05 1.477320137626e-04 2.525140778446e-04 4.245244504841e-04 7.018642755080e-04 1.140965972340e-03 1.823501743974e-03 2.864888940877e-03 4.424268020560e-03 6.715542063306e-03 1.001869332773e-02 1.469015836042e-02 2.117060112325e-02 2.998805313762e-02 4.175419012594e-02 5.715158972417e-02 7.691025466867e-02 1.017725340884e-01 1.324468140334e-01 1.695518726584e-01 2.135554253428e-01 2.647118649694e-01 3.230052885725e-01 3.881043004569e-01 4.593346958217e-01 5.356748553720e-01 6.157766526126e-01 6.980121429717e-01 7.805435440439e-01 8.614114959152e-01 9.386345886084e-01 1.010311969865e+00 1.074720629082e+00 1.130399680215e+00 1.176215570979e+00 1.211404163292e+00 1.235588132569e+00 1.248770345397e+00 1.251305984670e+00 1.243857604569e+00 1.227338206463e+00 1.202847689562e+00 1.171607637529e+00 1.134898747934e+00 1.094004146535e+00 1.050160776011e+00 1.004519962784e+00 9.581174478684e-01 9.118524255052e-01 8.664747560109e-01 8.225792835254e-01 7.806061442713e-01 7.408460530510e-01 7.034496722624e-01 6.684403650031e-01 6.357297453350e-01 6.051355849186e-01 5.764015938931e-01 5.492186526686e-01 5.232469039979e-01 4.981380396273e-01 4.735569587898e-01 4.492018683683e-01 4.248218240592e-01 4.002307409711e-01 3.753170308495e-01 3.500482291167e-01 3.244703283738e-01 2.987018857141e-01 2.729234270153e-01 2.473630189299e-01
1.372461298365e-14 3.200954260484e-14 7.497012573613e-14 1.760219130502e-13 4.135774019103e-13 9.708092136639e-13 2.273144855702e-12 5.301868155151e-12 1.230260577090e-11 2.836950128084e-11 6.494849289816e-11 1.474941546524e-10 3.319986871302e-10 7.402123028653e-10 1.633676966176e-09 3.567150920022e-09 7.701889025554e-09 1.643556757517e-08 3.464881793708e-08 7.213137785936e-08 1.482236589705e-07 3.005398658003e-07 6.010617960250e-07 1.185268393720e-06 2.303824232359e-06 4.412429687604e-06 8.324707906990e-06 1.546664532444e-05 2.829037519425e-05 5.093108075459e-05 9.022392395927e-05 1.572372404217e-04 2.695205137538e-04 4.543041916195e-04 7.529121998756e-04 1.226641189113e-03 1.964303131090e-03 3.091497892267e-03 4.781460615953e-03 7.267004590672e-03 1.085266082341e-02 1.592563197685e-02 2.296369282057e-02 3.253777355626e-02 4.530676870599e-02 6.200224310838e-02 8.340124705984e-02 1.102864598130e-01 1.433943056296e-01 1.833534156891e-01 2.306176114561e-01 2.853991800080e-01 3.476092950032e-01 4.168127388921e-01 4.922034420717e-01 5.726057682118e-01 6.565040419827e-01 7.420999115816e-01 8.273940956545e-01 9.102863173626e-01 9.886852424492e-01 1.060619162220e+00 1.124338238207e+00 1.178400243127e+00 1.221733631030e+00 1.253674354563e+00 1.273975461151e+00 1.282791083835e+00 1.280638485753e+00 1.268343320792e+00 1.246973941357e+00 1.217770659503e+00 1.182075287884e+00 1.141265296835e+00 1.096695762763e+00 1.049651002112e+00 1.001306683110e+00 9.527022951745e-01 9.047231897213e-01 8.580910602068e-01 8.133615408150e-01 7.709276713261e-01 7.310280611882e-01 6.937588587495e-01 6.590887413197e-01 6.268763824445e-01 5.968899265935e-01 5.688280378339e-01 5.423420722162e-01 5.170588409329e-01 4.926032725888e-01 4.686201922364e-01 4.447942810524e-01 4.208672465006e-01 3.966512483932e-01 3.720377643792e-01 3.470013082295e-01 3.215977492569e-01 2.959573792607e-01 2.702732740933e-01 2.447859160452e-01
1.223247347398e-14 2.880583015019e-14 6.809603879529e-14 1.613057445397e-13 3.822034578592e-13 9.043436333862e-13 2.133567735750e-12 5.012125343164e-12 1.170997237293e-11 2.717981391538e-11 6.261624350611e-11 1.430599041486e-10 3.239062489734e-10 7.262799548976e-10 1.611802544002e-09 3.538378510614e-09 7.679994558694e-09 1.647311972534e-08 3.490240717776e-08 7.301564344129e-08 1.507587684025e-07 3.071058598895e-07 6.169813852302e-07 1.222025805321e-06 2.385420912649e-06 4.587582520525e-06 8.689620293482e-06 1.620636514107e-05 2.975188390680e-05 5.374895209881e-05 9.553042674027e-05 1.670038021687e-04 2.870967664751e-04 4.852437897228e-04 8.061991842304e-04 1.316452820044e-03 2.112458079309e-03 3.330733288556e-03 5.159646066694e-03 7.852324330213e-03 1.173966690694e-02 1.724188852089e-02 2.487650161118e-02 3.526021497207e-02 4.910204777677e-02 6.718514823829e-02 9.033546830284e-02 1.193766303122e-01 1.550719589863e-01 1.980566073522e-01 2.487646877487e-01 3.073580289025e-01 3.736642421159e-01 4.471319412023e-01 5.268100343022e-01 6.113560258544e-01 6.990754192961e-01 7.879909861767e-01 8.759373043572e-01 9.606730823935e-01 1.040001771055e+00 1.111890134853e+00 1.174574798636e+00 1.226648370693e+00 1.267119119615e+00 1.295441095967e+00 1.311514589354e+00 1.315659545224e+00 1.308566687494e+00 1.291232445201e+00 1.264884330332e+00 1.230903190523e+00 1.190747901327e+00 1.145886886257e+00 1.097739381344e+00 1.047628024786e+00 9.967431724061e-01 9.461183732762e-01 8.966158745322e-01 8.489207182500e-01 8.035418712788e-01 7.608189862335e-01 7.209335685723e-01 6.839235435721e-01 6.497005032073e-01 6.180690325828e-01 5.887476818454e-01 5.613911610405e-01 5.356133375799e-01 5.110104843699e-01 4.871841489220e-01 4.637628406197e-01 4.404216428334e-01 4.168988007407e-01 3.930083622908e-01 3.686481029189e-01 3.438021910738e-01 3.185384049555e-01 2.930000992893e-01 2.673935361061e-01 2.419715953794e-01
1.088175372735e-14 2.586904234166e-14 6.171178889063e-14 1.474527026677e-13 3.522572643525e-13 8.399903252364e-13 1.996411631974e-12 4.722955249838e-12 1.110862574028e-11 2.595051115194e-11 6.015616293813e-11 1.382666492563e-10 3.148832227474e-10 7.100656224188e-10 1.584569005700e-09 3.497472939298e-09 7.631522163036e-09 1.645424202667e-08 3.503980898500e-08 7.366804091911e-08 1.528460843092e-07 3.128372881262e-07 6.314066945147e-07 1.256231537585e-06 2.462913081044e-06 4.756659184142e-06 9.046673637943e-06 1.693854157130e-05 3.121301467926e-05 5.659094001826e-05 1.009241991727e-04 1.770002639006e-04 3.051992089203e-04 5.172882886639e-04 8.616663861776e-04 1.410358621397e-03 2.267984621350e-03 3.582754926617e-03 5.559264897955e-03 8.472443104859e-03 1.268148347559e-02 1.864199248063e-02 2.691399847776e-02 3.816302228718e-02 5.315124397910e-02 7.271606450827e-02 9.773416787532e-02 1.290705702898e-01 1.675140269585e-01 2.137023611777e-01 2.680434628923e-01 3.306395155225e-01 4.012230311463e-01 4.791132553823e-01 5.632002174026e-01 6.519613094555e-01 7.435119135512e-01 8.356878633090e-01 9.261538232905e-01 1.012528662522e+00 1.092516917101e+00 1.164034885616e+00 1.225320649965e+00 1.275019377684e+00 1.312238143802e+00 1.336567832835e+00 1.348073060474e+00 1.347253855334e+00 1.334985027476e+00 1.312440347612e+00 1.281008955478e+00 1.242210880163e+00 1.197617472453e+00 1.148780959658e+00 1.097175813041e+00 1.044153046412e+00 9.909074018537e-01 9.384563955221e-01 8.876297310711e-01 8.390673211720e-01 7.932241605062e-01 7.503805321824e-01 7.106562071129e-01 6.740276591487e-01 6.403475144704e-01 6.093656840846e-01 5.807517397526e-01 5.541181335977e-01 5.290438503971e-01 5.050979807179e-01 4.818625744503e-01 4.589540210498e-01 4.360420883504e-01 4.128657000067e-01 3.892445893260e-01 3.650861045984e-01 3.403866883046e-01 3.152279035326e-01 2.897672635953e-01 2.642245598647e-01 2.388647218074e-01
9.659084588314e-15 2.317673870477e-14 5.578219543202e-14 1.344136983674e-13 3.236858748973e-13 7.777362346501e-13 1.861833087376e-12 4.435010879202e-12 1.050045641647e-11 2.468625478787e-11 5.757856157254e-11 1.331350636459e-10 3.049666191341e-10 6.916249783459e-10 1.552031299493e-09 3.444394177004e-09 7.556028389769e-09 1.637722820560e-08 3.505587802382e-08 7.407483887362e-08 1.544517678068e-07 3.176556122761e-07 6.441642360153e-07 1.287518632946e-06 2.535554962062e-06 4.918200659488e-06 9.393118286126e-06 1.765818391194e-05 3.266505478260e-05 5.944244917655e-05 1.063818729612e-04 1.871910958251e-04 3.237771031425e-04 5.503709876399e-04 9.192364844780e-04 1.508288712208e-03 2.430861579875e-03 3.847670190849e-03 5.980692227155e-03 9.128227894724e-03 1.367980712336e-02 2.012894832562e-02 2.908113344629e-02 4.125389031156e-02 5.746573146270e-02 7.861105386140e-02 1.056190707553e-01 1.393964622716e-01 1.807555793815e-01 2.303325010596e-01 2.885016346791e-01 3.552954460557e-01 4.303388771698e-01 5.128077271628e-01 6.014186129539e-01 6.944551914025e-01 7.898314794083e-01 8.851888414842e-01 9.780192706049e-01 1.065804383661e+00 1.146157803651e+00 1.216958249369e+00 1.276462018315e+00 1.323386071057e+00 1.356956369957e+00 1.376919984978e+00 1.383522992754e+00 1.377459299055e+00 1.359797494375e+00 1.331893983677e+00 1.295300511213e+00 1.251673418190e+00 1.202690451030e+00 1.149979181584e+00 1.095059310369e+00 1.039299462154e+00 9.838879110439e-01 9.298157519491e-01 8.778706174035e-01 8.286389080449e-01 7.825146005025e-01 7.397129724605e-01 7.002878958076e-01 6.641516728279e-01 6.310966572992e-01 6.008181009358e-01 5.729378250228e-01 5.470283259842e-01 5.226369114381e-01 4.993093846279e-01 4.766126699469e-01 4.541556428446e-01 4.316073473499e-01 4.087117366583e-01 3.852981231046e-01 3.612866890941e-01 3.366886520008e-01 3.116010228699e-01 2.861962950923e-01 2.607077957118e-01 2.354118031485e-01
8.552710200875e-15 2.070943046368e-14 5.027753596641e-14 1.221499961123e-13 2.964568119689e-13 7.176110298944e-13 1.730082867723e-12 4.149162862702e-12 9.887872255652e-12 2.339295057936e-11 5.489673216895e-11 1.276928803872e-10 2.942098203232e-10 6.710507669804e-10 1.514326047669e-09 3.379276729690e-09 7.453430842793e-09 1.624109262071e-08 3.494685073188e-08 7.422483755114e-08 1.555463718019e-07 3.214893975564e-07 6.550909040104e-07 1.315532898144e-06 2.602610640072e-06 5.070739145572e-06 9.726139136770e-06 1.836009807238e-05 3.409879008870e-05 6.228779072696e-05 1.118778878712e-04 1.975366593541e-04 3.427724295079e-04 5.844129509977e-04 9.788126168349e-04 1.610143545919e-03 2.601025064541e-03 4.125528393212e-03 6.424229220700e-03 9.820458846158e-03 1.473624295838e-02 2.170567994327e-02 3.138281121276e-02 4.454053596305e-02 6.205701256784e-02 8.488644984000e-02 1.140123469998e-01 1.503831150946e-01 1.948324680755e-01 2.479897188651e-01 3.101877302771e-01 3.813782462671e-01 4.610651899794e-01 5.482659495100e-01 6.415085240323e-01 7.388689108332e-01 8.380486640120e-01 9.364878118120e-01 1.031504060913e+00 1.120445936654e+00 1.200845968294e+00 1.270560091970e+00 1.327881365344e+00 1.371619227269e+00 1.401139646714e+00 1.416365666758e+00 1.417741837016e+00 1.406169045012e+00 1.382918240952e+00 1.349532322892e+00 1.307725034537e+00 1.259284537524e+00 1.205987402490e+00 1.149526819133e+00 1.091456689240e+00 1.033151756879e+00 9.757825295827e-01 9.203030890049e-01 8.674494931468e-01 8.177464434943e-01 7.715201697048e-01 7.289157480461e-01 6.899174973060e-01 6.543714024522e-01 6.220088389147e-01 5.924710483072e-01 5.653339698370e-01 5.401330692612e-01 5.163877632072e-01 4.936250027830e-01 4.714014161697e-01 4.493233390848e-01 4.270639488985e-01 4.043767266723e-01 3.811044889883e-01 3.571834341490e-01 3.326418726036e-01 3.075936643956e-01 2.822267710100e-01 2.567877020656e-01 2.315630020908e-01
7.552285200156e-15 1.845015432700e-14 4.517263333045e-14 1.106312202623e-13 2.705536812986e-13 6.596773977971e-13 1.601484746119e-12 3.866453686624e-12 9.273702114401e-12 2.207755181756e-11 5.212656545757e-11 1.219741753355e-10 2.826813598849e-10 6.484709503673e-10 1.471669373644e-09 3.302429048726e-09 7.324015227313e-09 1.604560142253e-08 3.471044112732e-08 7.410961963697e-08 1.561054354258e-07 3.242756166581e-07 6.640366866113e-07 1.339938180132e-06 2.663363859194e-06 5.212815241390e-06 1.004288407581e-05 1.903893036489e-05 3.550456655210e-05 6.511025867420e-05 1.173845659788e-04 2.079932282940e-04 3.621197728527e-04 6.193225783730e-04 1.040277362663e-03 1.715791883470e-03 2.778364872984e-03 4.416314859320e-03 6.890094105763e-03 1.054981628038e-02 1.585228700863e-02 2.337500831684e-02 3.382386388186e-02 4.803066708935e-02 6.693668311782e-02 9.155882202513e-02 1.229365735455e-01 1.620599241077e-01 2.097812825534e-01 2.667175183354e-01 3.331510353156e-01 4.089408608794e-01 4.934554400018e-01 5.855378799515e-01 6.835117195810e-01 7.852311254898e-01 8.881743475835e-01 9.895740083961e-01 1.086573218412e+00 1.176393274803e+00 1.256497388209e+00 1.324735482599e+00 1.379457706294e+00 1.419588102918e+00 1.444654626798e+00 1.454776377037e+00 1.450613052269e+00 1.433284759841e+00 1.404272077028e+00 1.365306659190e+00 1.318261949871e+00 1.265051780338e+00 1.207542512415e+00 1.147481966577e+00 1.086446309908e+00 1.025804280647e+00 9.666969860402e-01 9.100308259332e-01 8.564808870678e-01 8.065022730008e-01 7.603471444945e-01 7.180856839068e-01 6.796295645942e-01 6.447569293193e-01 6.131381191681e-01 5.843616726153e-01 5.579601687117e-01 5.334355911983e-01 5.102838386922e-01 4.880179517958e-01 4.661895172758e-01 4.444076192149e-01 4.223546316904e-01 3.997981409137e-01 3.765983548211e-01 3.527105147963e-01 3.281820952985e-01 3.031448842237e-01 2.778024279618e-01 2.524136688179e-01 2.272739453346e-01
6.648678649475e-15 1.638406159640e-14 4.044597032779e-14 9.983341414899e-14 2.459718438433e-13 6.040213840054e-13 1.476413950613e-12 3.588050248548e-12 8.661093342505e-12 2.074784349993e-11 4.928611129690e-11 1.160185184818e-10 2.704633613753e-10 6.240460926539e-10 1.424353072622e-09 3.214329423345e-09 7.168435375671e-09 1.579129043308e-08 3.434591235298e-08 7.372375840458e-08 1.561100096807e-07 3.259608696214e-07 6.708672742265e-07 1.360421661957e-06 2.717128080209e-06 5.342996122429e-06 1.034049483819e-05 1.968921632490e-05 3.687236192683e-05 6.789222344503e-05 1.228722122285e-04 2.185130616000e-04 3.817462647898e-04 6.549952590979e-04 1.103491802079e-03 1.825068831725e-03 2.962720871075e-03 4.719944899723e-03 7.378412650558e-03 1.131686679985e-02 1.702930720536e-02 2.513962653116e-02 3.640902023100e-02 5.173194670628e-02 7.211639268083e-02 9.864493211330e-02 1.324146897833e-01 1.744568216185e-01 2.256392938440e-01 2.865601462136e-01 3.574414985258e-01 4.380366284283e-01 5.275629914376e-01 6.246726355221e-01 7.274681823090e-01 8.335676259251e-01 9.402154481516e-01 1.044431732724e+00 1.143186149712e+00 1.233580494224e+00 1.313022485834e+00 1.379374852601e+00 1.431066949606e+00 1.467160876068e+00 1.487369320518e+00 1.492027611399e+00 1.482026731219e+00 1.458717150892e+00 1.423794840215e+00 1.379180763350e+00 1.326903968704e+00 1.268996145583e+00 1.207402923051e+00 1.143914638337e+00 1.080116934127e+00 1.017359923195e+00 9.567434614193e-01 8.991156162770e-01 8.450813424634e-01 7.950186033805e-01 7.490996613775e-01 7.073156664375e-01 6.695031880833e-01 6.353716491495e-01 6.045309931155e-01 5.765190438463e-01 5.508282045597e-01 5.269311553836e-01 5.043052071596e-01 4.824549131816e-01 4.609324486612e-01 4.393551960902e-01 4.174199147520e-01 3.949128803992e-01 3.717154555219e-01 3.478047272532e-01 3.232490875937e-01 2.981989520394e-01 2.728731536323e-01 2.475419026942e-01 2.225074636084e-01
5.833789723760e-15 1.449803236061e-14 3.607886006108e-14 8.973720484622e-14 2.227142930475e-13 5.507430185091e-13 1.355275884276e-12 3.315195984590e-12 8.053405997386e-12 1.941221416167e-11 4.639510188339e-11 1.098700111811e-10 2.576496939595e-10 5.979660269689e-10 1.372739140465e-09 3.115618239322e-09 6.987705778418e-09 1.547946829527e-08 3.385412034775e-08 7.306497973190e-08 1.555471132929e-07 3.265024929678e-07 6.754665576218e-07 1.376699066613e-06 2.763256739431e-06 5.459894435852e-06 1.061613991985e-05 2.030543455037e-05 3.819186699534e-05 7.061524371876e-05 1.283092489105e-04 2.290445176358e-04 4.015715956982e-04 6.913131011239e-04 1.168294683588e-03 1.937773962641e-03 3.153879375402e-03 5.036257525618e-03 7.889208319818e-03 1.212204863562e-02 1.826852275466e-02 2.700207283083e-02 3.914287216160e-02 5.565195267629e-02 7.760779857321e-02 1.061616845126e-01 1.424699408294e-01 1.876042163588e-01 2.424443822085e-01 3.075625052902e-01 3.831096229682e-01 4.687191390753e-01 5.634409186974e-01 6.657182551462e-01 7.734158233696e-01 8.839010235796e-01 9.941745974222e-01 1.101040058577e+00 1.201296424707e+00 1.291935709293e+00 1.370326147143e+00 1.434364162944e+00 1.482582208939e+00 1.514205129401e+00 1.529153675935e+00 1.527999470856e+00 1.511880155819e+00 1.482386409688e+00 1.441433682134e+00 1.391130933103e+00 1.333656883560e+00 1.271151563597e+00 1.205627962198e+00 1.138905727200e+00 1.072566490055e+00 1.007928728725e+00 9.460390981446e-01 8.876768302615e-01 8.333678974241e-01 7.834060467203e-01 7.378783555230e-01 6.966934386647e-01 6.596109600255e-01 6.262714660709e-01 5.962258348803e-01 5.689638722087e-01 5.439416632414e-01 5.206073756180e-01 4.984252021297e-01 4.768970659561e-01 4.555816779961e-01 4.341104569209e-01 4.121997889356e-01 3.896591365658e-01 3.663945776537e-01 3.424075358057e-01 3.177886894080e-01 2.927073472143e-01 2.673968902133e-01 2.421371939598e-01 2.172351927116e-01
5.100379223990e-15 1.278032539297e-14 3.205469203089e-14 8.032612843583e-14 2.007878389088e-13 4.999475104713e-13 1.238485785168e-12 3.049164149870e-12 7.454107026009e-12 1.807942176059e-11 4.347444726880e-11 1.035762379561e-10 2.443438828894e-10 5.704459084181e-10 1.317252790547e-09 3.007086898177e-09 6.783186841622e-09 1.511220454060e-08 3.323752905805e-08 7.213426917335e-08 1.544100930471e-07 3.258695367030e-07 6.777389376636e-07 1.388519691658e-06 2.801153459233e-06 5.562187823110e-06 1.086704950242e-05 2.088206547220e-05 3.945257773528e-05 7.326019860829e-05 1.336623817002e-04 2.395322270148e-04 4.215081097411e-04 7.281447794209e-04 1.234501701592e-03 2.053669520856e-03 3.351569582307e-03 5.365009146988e-03 8.422391945772e-03 1.296565611960e-02 1.957098233099e-02 2.896470123581e-02 4.202983735230e-02 5.979813308993e-02 8.342251504690e-02 1.141260675138e-01 1.531258155135e-01 2.015329227721e-01 2.602349569395e-01 3.297700534716e-01 4.102063394969e-01 5.010420657976e-01 6.011417872270e-01 7.087214343329e-01 8.213901772469e-01 9.362504093280e-01 1.050049795401e+00 1.159372514634e+00 1.260851513957e+00 1.351380909617e+00 1.428307718208e+00 1.489585077183e+00 1.533874135414e+00 1.560588292669e+00 1.569880102539e+00 1.562577220029e+00 1.540078311219e+00 1.504222593644e+00 1.457147236799e+00 1.401145921465e+00 1.338539203133e+00 1.271564281748e+00 1.202288247333e+00 1.132545903354e+00 1.063900778595e+00 9.976264643337e-01 9.347045035484e-01 8.758350329467e-01 8.214566109477e-01 7.717722256015e-01 7.267791053743e-01 6.863004987725e-01 6.500180942772e-01 6.175041280638e-01 5.882524976570e-01 5.617083977799e-01 5.372961183297e-01 5.144447085863e-01 4.926112112032e-01 4.713011620414e-01 4.500860065312e-01 4.286170394282e-01 4.066354756403e-01 3.839782848856e-01 3.605795241983e-01 3.364670566723e-01 3.117547626026e-01 2.866306301289e-01 2.613413702860e-01 2.361744889487e-01 2.114389580442e-01
4.441919860664e-15 1.122026877242e-14 2.835826779296e-14 7.158514887392e-14 1.801996995184e-13 4.517372583079e-13 1.126449811833e-12 2.791213367431e-12 6.866667369702e-12 1.675835982047e-11 4.054571884069e-11 9.718716207617e-11 2.306568340603e-10 5.417217367445e-10 1.258374155331e-09 2.889663477448e-09 6.556562883460e-09 1.469230266713e-08 3.250019513308e-08 7.093592523492e-08 1.526988885223e-07 3.240435724455e-07 6.776114036511e-07 1.395671161521e-06 2.830282052240e-06 5.648638574853e-06 1.109055183694e-05 2.141365408722e-05 4.064389621569e-05 7.580743724321e-05 1.388968012601e-04 2.499173203957e-04 4.414609849314e-04 7.653454928747e-04 1.301904920924e-03 2.172478811337e-03 3.555460130266e-03 5.705867223721e-03 8.977751140504e-03 1.384782332090e-02 2.093754040205e-02 3.102964980563e-02 4.507411870995e-02 6.417775679343e-02 8.957205428712e-02 1.225550892905e-01 1.644059726526e-01 2.162740768908e-01 2.790498594762e-01 3.532286868640e-01 4.387828548059e-01 5.350589742519e-01 6.407174186170e-01 7.537272346397e-01 8.714240606813e-01 9.906309793989e-01 1.107834042967e+00 1.219396756626e+00 1.321792559001e+00 1.411831843707e+00 1.486861043181e+00 1.544915150810e+00 1.584811263155e+00 1.606178123065e+00 1.609424024255e+00 1.595651816322e+00 1.566534340965e+00 1.524165932213e+00 1.470905729080e+00 1.409226779547e+00 1.341581730571e+00 1.270292144170e+00 1.197464720976e+00 1.124934412858e+00 1.054232126441e+00 9.865731892837e-01 9.228622732380e-01 8.637105266566e-01 8.094611657555e-01 7.602204876557e-01 7.158918891130e-01 6.762111538272e-01 6.407816818600e-01 6.091087436048e-01 5.806320939103e-01 5.547564470339e-01 5.308794868754e-01 5.084171022786e-01 4.868256125445e-01 4.656207301277e-01 4.443930016164e-01 4.228194538668e-01 4.006711917497e-01 3.778167390773e-01 3.542210059280e-01 3.299399230892e-01 3.051109751210e-01 2.799400940043e-01 2.546856119248e-01 2.296401996615e-01 2.051118852927e-01
3.852466689562e-15 9.807996222882e-15 2.497523850018e-14 6.349939747014e-14 1.609545662248e-13 4.062048282900e-13 1.019548112246e-12 2.542546803259e-12 6.294464702592e-12 1.545783097997e-11 3.763063556372e-11 9.075399375848e-11 2.167044330744e-10 5.120454685683e-10 1.196628813677e-09 2.764395576247e-09 6.309813518997e-09 1.422325824498e-08 3.164772214963e-08 6.947754996849e-08 1.504201866012e-07 3.210193257374e-07 6.750353248485e-07 1.397983820713e-06 2.850176205891e-06 5.718113367995e-06 1.128411055900e-05 2.189487636491e-05 4.175524100171e-05 7.823694924429e-05 1.439764203072e-04 2.601377183640e-04 4.613285046549e-04 8.027570666183e-04 1.370272394894e-03 2.293884775451e-03 3.765155792523e-03 6.058403918526e-03 9.554939544541e-03 1.476850725581e-02 2.236883272374e-02 3.319880668704e-02 4.827966035703e-02 6.879785925212e-02 9.606776343809e-02 1.314657032079e-01 1.763341574636e-01 2.318590442830e-01 2.989282512924e-01 3.779846069029e-01 4.688904860497e-01 5.708231148592e-01 6.822186271161e-01 8.007787681433e-01 9.235472060004e-01 1.047053657460e+00 1.167514954212e+00 1.281074226037e+00 1.384054107518e+00 1.473197891820e+00 1.545874494208e+00 1.600228033440e+00 1.635260368031e+00 1.650843179919e+00 1.647664405362e+00 1.627120444188e+00 1.591169967622e+00 1.542167079898e+00 1.482690975093e+00 1.415386598490e+00 1.342827010381e+00 1.267403788882e+00 1.191247601939e+00 1.116177869876e+00 1.043678037525e+00 9.748918268807e-01 9.106355620977e-01 8.514219612100e-01 7.974915709860e-01 7.488487359913e-01 7.052997818908e-01 6.664917102385e-01 6.319501169984e-01 6.011154513058e-01 5.733769336662e-01 5.481036590894e-01 5.246725325385e-01 5.024927767840e-01 4.810268155716e-01 4.598073479575e-01 4.384504674304e-01 4.166647017579e-01 3.942558674227e-01 3.711277057920e-01 3.472783698508e-01 3.227929408268e-01 2.978323356873e-01 2.726191402129e-01 2.474211031397e-01 2.225331802156e-01 1.982591686214e-01
3.326548423692e-15 8.534230101881e-15 2.189164788852e-14 5.605315205108e-14 1.430521955298e-13 3.634270712106e-13 9.181201923072e-13 2.304275883277e-12 5.740694589863e-12 1.418633380163e-11 3.475056542798e-11 8.432806329003e-11 2.026050829969e-10 4.816798548174e-10 1.132577440795e-09 2.632430605940e-09 6.045178752340e-09 1.370920304356e-08 3.068718427774e-08 6.776998062197e-08 1.475874594257e-07 3.168050937440e-07 6.699879198863e-07 1.395334623975e-06 2.860448596759e-06 5.769602538157e-06 1.144536270545e-05 2.232060892128e-05 4.277616616927e-05 8.052855236833e-05 1.488641467363e-04 2.701284855602e-04 4.810024416250e-04 8.402082052128e-04 1.439347966616e-03 2.417528790837e-03 3.980194436838e-03 6.422089997813e-03 1.015346593782e-02 1.572747026351e-02 2.386525022180e-02 3.547377405144e-02 5.165010033617e-02 7.366518334998e-02 1.029207535810e-01 1.408747267469e-01 1.889341102563e-01 2.483193121730e-01 3.199094926410e-01 4.040841677856e-01 5.005804756633e-01 6.083871874715e-01 7.256949284494e-01 8.499168511605e-01 9.777858821413e-01 1.105524676943e+00 1.229074364139e+00 1.344359812968e+00 1.447563887741e+00 1.535381984000e+00 1.605231053767e+00 1.655393733251e+00 1.685086884753e+00 1.694453332403e+00 1.684484307596e+00 1.656887017911e+00 1.613915886970e+00 1.558187318057e+00 1.492496355972e+00 1.419650183343e+00 1.342328739084e+00 1.262977776894e+00 1.183735315083e+00 1.106389003976e+00 1.032359846532e+00 9.627067856125e-01 8.981467071612e-01 8.390850307505e-01 7.856529626652e-01 7.377483808253e-01 6.950780940021e-01 6.571998204380e-01 6.235626752217e-01 5.935452483295e-01 5.664906276267e-01 5.417378554597e-01 5.186495056391e-01 4.966351204221e-01 4.751703870473e-01 4.538119591861e-01 4.322079103791e-01 4.101038432556e-01 3.873447483686e-01 3.638727681863e-01 3.397211142005e-01 3.150044771821e-01 2.899064139931e-01 2.646643036565e-01 2.395526122194e-01 2.148653227247e-01 1.908984567229e-01
2.859079237163e-15 7.390110924098e-15 1.909358180204e-14 4.922905821342e-14 1.264855488870e-13 3.234604493361e-13 8.224529117657e-13 2.077389373042e-12 5.208292033572e-12 1.295186824117e-11 3.192605748919e-11 7.795972956542e-11 1.884772481194e-10 4.508931200281e-10 1.066804791557e-09 2.494994125280e-09 5.765118786047e-09 1.315483585685e-08 2.962702051280e-08 6.582715760960e-08 1.442208813767e-07 3.114229529662e-07 6.624733431012e-07 1.387650489229e-06 2.860799212467e-06 5.802238739228e-06 1.157215662687e-05 2.268600060351e-05 4.369648726584e-05 8.266209946708e-05 1.535221954154e-04 2.798222524741e-04 5.003685473162e-04 8.775149135227e-04 1.508851325825e-03 2.543009804048e-03 4.200044269853e-03 6.796288807532e-03 1.077268331887e-02 1.672426228937e-02 2.542691216422e-02 3.785583000827e-02 5.518871998911e-02 7.878611564314e-02 1.101418234780e-01 1.507987530516e-01 2.022294632980e-01 2.656863732320e-01 3.420330045367e-01 4.315737168223e-01 5.339037866901e-01 6.478030921474e-01 7.711942419858e-01 9.011796517163e-01 1.034162493505e+00 1.166045170738e+00 1.292487940509e+00 1.409201534897e+00 1.512242599254e+00 1.598280534884e+00 1.664808438827e+00 1.710278897083e+00 1.734155330459e+00 1.736880303660e+00 1.719771445928e+00 1.684862675287e+00 1.634712124532e+00 1.572198691102e+00 1.500326681482e+00 1.422053667153e+00 1.340151079777e+00 1.257101680352e+00 1.175033367825e+00 1.095685411586e+00 1.020401399686e+00 9.501426202703e-01 8.855159497448e-01 8.268112766468e-01 7.740445412728e-01 7.270034410167e-01 6.852936557726e-01 6.483839882089e-01 6.156492529189e-01 5.864099875264e-01 5.599683284335e-01 5.356395404096e-01 5.127788913477e-01 4.908036579235e-01 4.692102074217e-01 4.475861887604e-01 4.256179545436e-01 4.030934485651e-01 3.799008352668e-01 3.560232525571e-01 3.315301212591e-01 3.065655192087e-01 2.813341963279e-01 2.560858786233e-01 2.310985850492e-01 2.066617297666e-01 1.830598230013e-01
2.445289949748e-15 6.367071401384e-15 1.656692081525e-14 4.300758994811e-14 1.112394874058e-13 2.863376253742e-13 7.327712587829e-13 1.862728424756e-12 4.699865200444e-12 1.176176465133e-11 2.917641472003e-11 7.169735005777e-11 1.744370671447e-10 4.199536427785e-10 9.999083362864e-10 2.353366658272e-09 5.472269282768e-09 1.256534184660e-08 2.847690148354e-08 6.366593302052e-08 1.403471222536e-07 3.049087177655e-07 6.525233536316e-07 1.374910949320e-06 2.851022797408e-06 5.815314401339e-06 1.166258927776e-05 2.298654547178e-05 4.450641349935e-05 8.461770047905e-05 1.579124338306e-04 2.891497056396e-04 5.193071654693e-04 9.144811135982e-04 1.578478318778e-03 2.669883757057e-03 4.424101463297e-03 7.180250744049e-03 1.141177822950e-02 1.775820267545e-02 2.705363791411e-02 4.034588847069e-02 5.889839011424e-02 8.416661825130e-02 1.177413762335e-01 1.612540528195e-01 2.162436297103e-01 2.839915982389e-01 3.653381186557e-01 4.604994085804e-01 5.689108878682e-01 6.891216595848e-01 8.187625600691e-01 9.546023091353e-01 1.092695160030e+00 1.228610745500e+00 1.357724787467e+00 1.475540222447e+00 1.578003733340e+00 1.661783436167e+00 1.724479267795e+00 1.764747172846e+00 1.782329817301e+00 1.777998245684e+00 1.753418772123e+00 1.710966290288e+00 1.653508374672e+00 1.584184114886e+00 1.506198036022e+00 1.422644043150e+00 1.336367940874e+00 1.249871126084e+00 1.165253229508e+00 1.084188320605e+00 1.007927772961e+00 9.373227736314e-01 8.728602289494e-01 8.147069985270e-01 7.627586300079e-01 7.166897767069e-01 6.760042577826e-01 6.400832240585e-01 6.082302608061e-01 5.797125076553e-01 5.537971156448e-01 5.297825198713e-01 5.070242446955e-01 4.849550769515e-01 4.630996522470e-01 4.410836105093e-01 4.186376510070e-01 3.955968954795e-01 3.718961015394e-01 3.475613078860e-01 3.226985594942e-01 2.974803579886e-01 2.721305223701e-01 2.469081108760e-01 2.220910945744e-01 1.979604448338e-01 1.747853064957e-01
2.080676875553e-15 5.456751038397e-15 1.429718835060e-14 3.736673890239e-14 9.729000372323e-14 2.520653018783e-13 6.492319841932e-13 1.660967973723e-12 4.217642687124e-12 1.062254018574e-11 2.651931912720e-11 6.558634394366e-11 1.605960999953e-10 3.891247715333e-10 9.324868154028e-10 2.208859611406e-09 5.169393188210e-09 1.194630173378e-08 2.724757050482e-08 6.130582015182e-08 1.359990165768e-07 2.973116663194e-07 6.401975494463e-07 1.357150070779e-06 2.831015096079e-06 5.808297825302e-06 1.171504204949e-05 2.321815559936e-05 4.519668475737e-05 8.637596062480e-05 1.619967629980e-04 2.980401465695e-04 5.376939636494e-04 9.508994524624e-04 1.647901570758e-03 2.797663445714e-03 4.651688271308e-03 7.573108106966e-03 1.206976037643e-02 1.882836193450e-02 2.874491858869e-02 4.294445753958e-02 6.278151422141e-02 8.981215597019e-02 1.257293304460e-01 1.722564696241e-01 2.309996823589e-01 3.032660953903e-01 3.898639172526e-01 4.909070197650e-01 6.056515173218e-01 7.323923703637e-01 8.684436164548e-01 1.010216549273e+00 1.153397306967e+00 1.293211070400e+00 1.424747076233e+00 1.543309253894e+00 1.644753430796e+00 1.725774101502e+00 1.784111299702e+00 1.818659622894e+00 1.829474589677e+00 1.817684355767e+00 1.785325079168e+00 1.735124957851e+00 1.670264298507e+00 1.594137443041e+00 1.510137549597e+00 1.421478660243e+00 1.331062213081e+00 1.241388814608e+00 1.154511197593e+00 1.072021385812e+00 9.950640495027e-01 9.243683932032e-01 8.602920998630e-01 8.028722978368e-01 7.518798740232e-01 7.068744680829e-01 6.672582335643e-01 6.323268527930e-01 6.013166588633e-01 5.734469076048e-01 5.479564945033e-01 5.241346150014e-01 5.013450875842e-01 4.790442732990e-01 4.567927296847e-01 4.342609434510e-01 4.112296583974e-01 3.875854688357e-01 3.633124533386e-01 3.384806791530e-01 3.132324172822e-01 2.877668625530e-01 2.623240931265e-01 2.371689368466e-01 2.125753336326e-01 1.888117356910e-01 1.661280334373e-01
1.760966282458e-15 4.650946917242e-15 1.226948524681e-14 3.228191017743e-14 8.460395566765e-14 2.206232664466e-13 5.719200725574e-13 1.472604585957e-12 3.763435038664e-12 9.539785281751e-12 2.397051706861e-11 5.966836474195e-11 1.470592622195e-10 3.586598933742e-10 8.651290359422e-10 2.062790903071e-09 4.859330302457e-09 1.130359318272e-08 2.595066288189e-08 5.876869021604e-08 1.312151126044e-07 2.886940115551e-07 6.255831111167e-07 1.334457522473e-06 2.800777791676e-06 5.780847310270e-06 1.172821467041e-05 2.337723307838e-05 4.575871060083e-05 8.791822961771e-05 1.657375311019e-04 3.064221219044e-04 5.554007948521e-04 9.865523216245e-04 1.716771395885e-03 2.925818812539e-03 4.882051661019e-03 7.973870523966e-03 1.274545260685e-02 1.993354384143e-02 3.049988754369e-02 4.565159623424e-02 6.683996910747e-02 9.572761919324e-02 1.341150255031e-01 1.838213080789e-01 2.465202234094e-01 3.235405624259e-01 4.156490567636e-01 5.228417375027e-01 6.441744354454e-01 7.776630555631e-01 9.202785339573e-01 1.068050294092e+00 1.216277244785e+00 1.359829471517e+00 1.493509701304e+00 1.612434304670e+00 1.712390421892e+00 1.790129580202e+00 1.843567743890e+00 1.871875203531e+00 1.875454645834e+00 1.855819534230e+00 1.815395612465e+00 1.757274490176e+00 1.684949816359e+00 1.602063465641e+00 1.512183118254e+00 1.418624665535e+00 1.324324953637e+00 1.231763523471e+00 1.142927281083e+00 1.059309511360e+00 9.819341592193e-01 9.113972374511e-01 8.479187433759e-01 7.914002339341e-01 7.414845681990e-01 6.976153436975e-01 6.590941886969e-01 6.251344586978e-01 5.949101305917e-01 5.675989376948e-01 5.424189966941e-01 5.186584442355e-01 4.956978446019e-01 4.730253878547e-01 4.502451770925e-01 4.270791264947e-01 4.033632444854e-01 3.790392241703e-01 3.541423979276e-01 3.287871270497e-01 3.031506529313e-01 2.774563324374e-01 2.519570278086e-01 2.269192693815e-01 2.026086688834e-01 1.792769583066e-01 1.571509415573e-01
1.482091954060e-15 3.941595083393e-15 1.046849797886e-14 2.772600155906e-14 7.313925610694e-14 1.919645557320e-13 5.008478999252e-13 1.297950651337e-12 3.338610728945e-12 8.518081973525e-12 2.154357138023e-11 5.398060639308e-11 1.339230017726e-10 3.287979052889e-10 7.984031440005e-10 1.916460865430e-09 4.544945809564e-09 1.064328640604e-08 2.459850714563e-08 5.607841921570e-08 1.260391070170e-07 2.791301272800e-07 6.087940638091e-07 1.306978759345e-06 2.760421891379e-06 5.732823053532e-06 1.170115605076e-05 2.346073935068e-05 4.618471059981e-05 8.922686043067e-05 1.690979754011e-04 3.142241155087e-04 5.722966890083e-04 1.021213109044e-03 1.784717110974e-03 3.053777719376e-03 5.114362599066e-03 8.381421083284e-03 1.343748159018e-02 2.107226758293e-02 3.231729121739e-02 4.846686994524e-02 7.107504279853e-02 1.019172425953e-01 1.429071208186e-01 1.959632140947e-01 2.628272472784e-01 3.448451272655e-01 4.427315889771e-01 5.563479510836e-01 6.845271734248e-01 8.249795989866e-01 9.743054760059e-01 1.128127260793e+00 1.281337762570e+00 1.428442534835e+00 1.563959961584e+00 1.682833174478e+00 1.780805991288e+00 1.854720737695e+00 1.902707647522e+00 1.924251332380e+00 1.920136399472e+00 1.892289101926e+00 1.843542719962e+00 1.777359895802e+00 1.697545342863e+00 1.607977892171e+00 1.512383077373e+00 1.414158387638e+00 1.316254545372e+00 1.221109096028e+00 1.130624098490e+00 1.046177727364e+00 9.686597963412e-01 8.985226831357e-01 8.358410996398e-01 7.803761071941e-01 7.316401207977e-01 6.889606315442e-01 6.515408711167e-01 6.185159726819e-01 5.890033784918e-01 5.621464996040e-01 5.371508608265e-01 5.133122625587e-01 4.900367897837e-01 4.668528180201e-01 4.434154638305e-01 4.195042610647e-01 3.950150913779e-01 3.699475953869e-01 3.443894019121e-01 3.184984987738e-01 2.924849434561e-01 2.665929320421e-01 2.410839973408e-01 2.162218609351e-01 1.922592777683e-01 1.694270307509e-01 1.479251578879e-01
1.240183400115e-15 3.320776656132e-15 8.878567573332e-15 2.366963581180e-14 6.284545156891e-14 1.660166113019e-13 4.359568906177e-13 1.137134656069e-12 2.944086457527e-12 7.560954682449e-12 1.924968379413e-11 4.855525402838e-11 1.212737563621e-10 2.997591774181e-10 7.328467047688e-10 1.771129099136e-09 4.229079017623e-09 9.971536680420e-09 2.320391199532e-08 5.326049367477e-08 1.205191731249e-07 2.687055309448e-07 5.899700371246e-07 1.274914230590e-06 2.710169512417e-06 5.664296406508e-06 1.163329164266e-05 2.346626035538e-05 4.646785221559e-05 9.028547512911e-05 1.720426890034e-04 3.213753034267e-04 5.882489657547e-04 1.054647668628e-03 1.851348652802e-03 3.180927262092e-03 5.347716034343e-03 8.794513301905e-03 1.414426938385e-02 2.224275044488e-02 3.419545923872e-02 5.138930514279e-02 7.548737005817e-02 1.083845204813e-01 1.521134901182e-01 2.086960475023e-01 2.799419931931e-01 3.672091814208e-01 4.711487662718e-01 5.914690229032e-01 7.267557684426e-01 8.743856218257e-01 1.030559284593e+00 1.190466582045e+00 1.348575728162e+00 1.499019764891e+00 1.636037298177e+00 1.754415646009e+00 1.849884053248e+00 1.919412531004e+00 1.961386371483e+00 1.975644532978e+00 1.963388438129e+00 1.926983532247e+00 1.869686506026e+00 1.795335846847e+00 1.708042011207e+00 1.611907256181e+00 1.510795816233e+00 1.408164690014e+00 1.306955833794e+00 1.209543437996e+00 1.117725799649e+00 1.032750119652e+00 9.553594062117e-01 8.858528179407e-01 8.241531091694e-01 7.698768743313e-01 7.224046497102e-01 6.809487574715e-01 6.446171645642e-01 6.124718699925e-01 5.835805253544e-01 5.570602380460e-01 5.321127873772e-01 5.080508290490e-01 4.843149900919e-01 4.604821670952e-01 4.362656903813e-01 4.115083857882e-01 3.861698862892e-01 3.603097378400e-01 3.340679345015e-01 3.076444381099e-01 2.812790560336e-01 2.552327265263e-01 2.297709533939e-01 2.051497772829e-01 1.816044280722e-01 1.593405852191e-01 1.385280924447e-01
1.031562141100e-15 2.780742694416e-15 7.483805373846e-15 2.008151495093e-14 5.366462545396e-14 1.426832883795e-13 3.771213671165e-13 9.901069760082e-13 2.580330913241e-12 6.670852609915e-12 1.709758888706e-11 4.341908871594e-11 1.091867224944e-10 2.717421154614e-10 6.689577830385e-10 1.627992783337e-09 3.914493552404e-09 9.294476166152e-09 2.177994449687e-08 5.034158395054e-08 1.147071973884e-07 2.575156480184e-07 5.692745317129e-07 1.238517619557e-06 2.650353761557e-06 5.575556115464e-06 1.152444621552e-05 2.339206647348e-05 4.660238402006e-05 9.107922984245e-05 1.745381047720e-04 3.278063657968e-04 6.031244767225e-04 1.086616021307e-03 1.916258639497e-03 3.306615694869e-03 5.581131651768e-03 9.211769057516e-03 1.486402573922e-02 2.344289160020e-02 3.613227534869e-02 5.441734293171e-02 8.007686599628e-02 1.151321173296e-01 1.617411087874e-01 2.220327494361e-01 2.978847904345e-01 3.906612028577e-01 5.009368398856e-01 6.282470586092e-01 7.709044890938e-01 9.259221715359e-01 1.089071134164e+00 1.255082421717e+00 1.417981717647e+00 1.571523248064e+00 1.709673069264e+00 1.827083443733e+00 1.919501290514e+00 1.984064370506e+00 2.019456163742e+00 2.025911145128e+00 2.005082299819e+00 1.959799236968e+00 1.893755479577e+00 1.811167134894e+00 1.716441837801e+00 1.613888778018e+00 1.507489333768e+00 1.400736262108e+00 1.296539227332e+00 1.197187497500e+00 1.104357021997e+00 1.019148818285e+00 9.421472611954e-01 8.734896490517e-01 8.129410722090e-01 7.599706785036e-01 7.138267008921e-01 6.736082582582e-01 6.383322072704e-01 6.069934919442e-01 5.786176237105e-01 5.523042062394e-01 5.272607342121e-01 5.028262947678e-01 4.784852154941e-01 4.538711259132e-01 4.287623672903e-01 4.030700815320e-01 3.768206830476e-01 3.501345948026e-01 3.232031958656e-01 2.962657584462e-01 2.695878618635e-01 2.434423585588e-01 2.180935137571e-01 1.937845467132e-01 1.707284634583e-01 1.491018659871e-01 1.290413233933e-01
8.527436795360e-16 2.313951982210e-15 6.268241415271e-15 1.692886270807e-14 4.553254800280e-14 1.218475509534e-13 3.241542680428e-13 8.566505890418e-13 2.247381049895e-12 5.849162634034e-12 1.509351916528e-11 3.859325065489e-11 9.772496219570e-11 2.449203821919e-10 6.071872511621e-10 1.488166998191e-09 3.603830265027e-09 8.618107746478e-09 2.033970414677e-08 4.734909161188e-08 1.086579341527e-07 2.456643593637e-07 5.468927077119e-07 1.198093067483e-06 2.581416802801e-06 5.467111168027e-06 1.137486140157e-05 2.323716529161e-05 4.658376193651e-05 9.159507908286e-05 1.765529944503e-04 3.334503431589e-04 6.167909520041e-04 1.116874293136e-03 1.979024785882e-03 3.430154935166e-03 5.813555544078e-03 9.631677500684e-03 1.559474181543e-02 2.467025649561e-02 3.812514853979e-02 5.754879260984e-02 8.484265774460e-02 1.221617762791e-01 1.717959386669e-01 2.359852024653e-01 3.166748972356e-01 4.152285729215e-01 5.321308547976e-01 6.667226720318e-01 8.170155705264e-01 9.796274120400e-01 1.149868178918e+00 1.321983615192e+00 1.489539674075e+00 1.645907377058e+00 1.784790399651e+00 1.900730236241e+00 1.989527380257e+00 2.048530572521e+00 2.076766805842e+00 2.074908140405e+00 2.045093353525e+00 1.990639372315e+00 1.915687216846e+00 1.824829066378e+00 1.722757832346e+00 1.613970162753e+00 1.502540741925e+00 1.391972877931e+00 1.285119781605e+00 1.184164271427e+00 1.090641880943e+00 1.005493043294e+00 9.291326201183e-01 8.615283981984e-01 8.022831071912e-01 7.507164872820e-01 7.059450796752e-01 6.669578117351e-01 6.326856206882e-01 6.020634582308e-01 5.740832385983e-01 5.478366011774e-01 5.225467487099e-01 4.975890824051e-01 4.725008157420e-01 4.469802680401e-01 4.208770578214e-01 3.941748964848e-01 3.669690458927e-01 3.394407045127e-01 3.118305631495e-01 2.844135075337e-01 2.574760368121e-01 2.312974201112e-01 2.061350613613e-01 1.822140577994e-01 1.597205790071e-01 1.387984628258e-01 1.195483648537e-01
7.004429266598e-16 1.913116374637e-15 5.215992254320e-15 1.417792444870e-14 3.837999761602e-14 1.033746785271e-13 2.768143442345e-13 7.363958853126e-13 1.944869175112e-12 5.096249809080e-12 1.324123719727e-11 3.409315814707e-11 8.693885069760e-11 2.194408407981e-10 5.479324963979e-10 1.352667559351e-09 3.299564034225e-09 7.948203471652e-09 1.889609884448e-08 4.431068460627e-08 1.024281031890e-07 2.332623749180e-07 5.230287240176e-07 1.153991429304e-06 2.503905856425e-06 5.339690109745e-06 1.118520736719e-05 2.300134546675e-05 4.640876459013e-05 9.182203082824e-05 1.780589687747e-04 3.382435343914e-04 6.291184672341e-04 1.145176864656e-03 2.039212750168e-03 3.550823734858e-03 6.043862726475e-03 1.005259533189e-02 1.633418502612e-02 2.592206256873e-02 4.017098460628e-02 6.078078419773e-02 8.978301418173e-02 1.294742228547e-01 1.822828054451e-01 2.505640833961e-01 3.363303310411e-01 4.409373863114e-01 5.647644343638e-01 7.069347405769e-01 8.651289362516e-01 1.035536312573e+00 1.212973224821e+00 1.391173325748e+00 1.563226593212e+00 1.722118633797e+00 1.861304089452e+00 1.975241755615e+00 2.059825338931e+00 2.112660925078e+00 2.133166365700e+00 2.122493983800e+00 2.083301678489e+00 2.019414667007e+00 1.935428995405e+00 1.836307847877e+00 1.727014056266e+00 1.612209325426e+00 1.496035693853e+00 1.381980601715e+00 1.272816267535e+00 1.170597813456e+00 1.076703003821e+00 9.918982280558e-01 9.164189753050e-01 8.500569108028e-01 7.922487344039e-01 7.421638613504e-01 6.987888064353e-01 6.610063814193e-01 6.276678372325e-01 5.976561762478e-01 5.699391111062e-01 5.436105368838e-01 5.179198202617e-01 4.922887538028e-01 4.663165347493e-01 4.397737428136e-01 4.125868824945e-01 3.848155879694e-01 3.566249726355e-01 3.282557655169e-01 2.999947664248e-01 2.721477644506e-01 2.450165002280e-01 2.188805866438e-01 1.939846357123e-01 1.705302895692e-01 1.486724726398e-01 1.285189686432e-01 1.101324063695e-01
5.715812149956e-16 1.571248768619e-15 4.311436140738e-15 1.179449292299e-14 3.213418004277e-14 8.711581378265e-14 2.348144472203e-13 6.288387384412e-13 1.672059305855e-12 4.411522358599e-12 1.154212988137e-11 2.992857585264e-11 7.686586929022e-11 1.954222412974e-10 4.915326410674e-10 1.222396687053e-09 3.003965440087e-09 7.290209989520e-09 1.746162727537e-08 4.125382829084e-08 9.607544181768e-08 2.204254546853e-07 4.979026686662e-07 1.106605546128e-06 2.418467265254e-06 5.194236522839e-06 1.095658779328e-05 2.268521068051e-05 4.607559555149e-05 9.175138826794e-05 1.790309772249e-04 3.421264158265e-04 6.399809843901e-04 1.171278740189e-03 2.096379370264e-03 3.667871523532e-03 6.270860752638e-03 1.047274817678e-02 1.707989554961e-02 2.719516664626e-02 4.226615943255e-02 6.410972226600e-02 9.489527533889e-02 1.370690673351e-01 1.932052726375e-01 2.657787115984e-01 3.568676925614e-01 4.678122523893e-01 5.988695616308e-01 7.489201654583e-01 9.152819260348e-01 1.093680353850e+00 1.278404407465e+00 1.462648739975e+00 1.639012262009e+00 1.800095410355e+00 1.939120607490e+00 2.050495977307e+00 2.130251927967e+00 2.176301330253e+00 2.188502045409e+00 2.168529590791e+00 2.119593025951e+00 2.046044246558e+00 1.952938418308e+00 1.845600902950e+00 1.729245597508e+00 1.608674045541e+00 1.488067760664e+00 1.370870959425e+00 1.259750224399e+00 1.156612263264e+00 1.062660610856e+00 9.784752032332e-01 9.041033847531e-01 8.391551460100e-01 7.828985477618e-01 7.343528103148e-01 6.923771622220e-01 6.557534528096e-01 6.232605240678e-01 5.937384243012e-01 5.661408757618e-01 5.395748609848e-01 5.133267374862e-01 4.868748511124e-01 4.598892648618e-01 4.322198740172e-01 4.038748850358e-01 3.749921966363e-01 3.458066228114e-01 3.166159816976e-01 2.877488474783e-01 2.595362216016e-01 2.322886616571e-01 2.062795832294e-01 1.817347004925e-01 1.588269642562e-01 1.376759729645e-01 1.183506619699e-01 1.008741192053e-01
4.632932396047e-16 1.281709679442e-15 3.539384712385e-15 9.744433262112e-15 2.672017698178e-14 7.291167772265e-14 1.978304989072e-13 5.333609271546e-13 1.427890667015e-12 3.793517207926e-12 9.995357615057e-12 2.610382192816e-11 6.753072582068e-11 1.729546499505e-10 4.382653503717e-10 1.098131856725e-09 2.719068187381e-09 6.649163526375e-09 1.604817398716e-08 3.820532498491e-08 8.965773915321e-08 2.072725167351e-07 4.717471398498e-07 1.056364654094e-06 2.325838540025e-06 5.031900500383e-06 1.069053785165e-05 2.229020201850e-05 4.558396868410e-05 9.137697227254e-05 1.794477906325e-04 3.450445767920e-04 6.492579823730e-04 1.194938109871e-03 2.150076296819e-03 3.780522918908e-03 6.493294273276e-03 1.089023357790e-02 1.782918448152e-02 2.848605372205e-02 4.440649288458e-02 6.753123875275e-02 1.001757795043e-01 1.449447019445e-01 2.045655102141e-01 2.816368890567e-01 3.783019836367e-01 4.958760918669e-01 6.344763566450e-01 7.927136247731e-01 9.675090325826e-01 1.154087235017e+00 1.346174897746e+00 1.536400779091e+00 1.716859037250e+00 1.879767913246e+00 2.018138161583e+00 2.126363430247e+00 2.200658204489e+00 2.239294570358e+00 2.242621092810e+00 2.212879318601e+00 2.153859789788e+00 2.070456463645e+00 1.968183963831e+00 1.852717109731e+00 1.729498480830e+00 1.603441541700e+00 1.478737739147e+00 1.358760059383e+00 1.246045002001e+00 1.142330903482e+00 1.048631649373e+00 9.653294629379e-01 8.922758905021e-01 8.288947808483e-01 7.742839919265e-01 7.273137576109e-01 6.867198430239e-01 6.511893712077e-01 6.194370870773e-01 5.902700077123e-01 5.626388304028e-01 5.356749956184e-01 5.087129398537e-01 4.812976970250e-01 4.531787287695e-01 4.242916506231e-01 3.947302651996e-01 3.647119592208e-01 3.345398685422e-01 3.045652324001e-01 2.751529418506e-01 2.466526077758e-01 2.193765362501e-01 1.935850661036e-01 1.694788735197e-01 1.471972158523e-01 1.268207306100e-01 1.083772999693e-01 9.184961418690e-02
3.729327194900e-16 1.038249063382e-15 2.885242569050e-15 7.994183151031e-15 2.206236054933e-14 6.059629809855e-14 1.655107643071e-13 4.492519801946e-13 1.211026415124e-12 3.240001743703e-12 8.598049571742e-12 2.261809785310e-11 5.894578540554e-11 1.520996055384e-10 3.883452549327e-10 9.805179921873e-10 2.446643070341e-09 6.029616079829e-09 1.466682148354e-08 3.519087295705e-08 8.323187217513e-08 1.939236755062e-07 4.448035396469e-07 1.003727978583e-06 2.226838522478e-06 4.854026243558e-06 1.038901444612e-05 2.181860705999e-05 4.493517427531e-05 9.069531953523e-05 1.792924647097e-04 3.469496492946e-04 6.568361342369e-04 1.215919086935e-03 2.199854019073e-03 3.887982985646e-03 6.709850780166e-03 1.130302540136e-02 1.857913382946e-02 2.979082800080e-02 4.658722487778e-02 7.104014796376e-02 1.056197899533e-01 1.530981982571e-01 2.163641591298e-01 2.981447373264e-01 4.006464178374e-01 5.251499292219e-01 6.716128492259e-01 8.383473327120e-01 1.021841640285e+00 1.216780604129e+00 1.416292632126e+00 1.612413869021e+00 1.796721682817e+00 1.961058132632e+00 2.098246859789e+00 2.202707568985e+00 2.270890153468e+00 2.301481157543e+00 2.295371826475e+00 2.255412032265e+00 2.186001985216e+00 2.092589688011e+00 1.981145523910e+00 1.857676980866e+00 1.727829475448e+00 1.596597955931e+00 1.468152890300e+00 1.345767689023e+00 1.231824812320e+00 1.127875235321e+00 1.034728981702e+00 9.525605014684e-01 8.810190327339e-01 8.193388930193e-01 7.664472404901e-01 7.210676007603e-01 6.818171999446e-01 6.472957574394e-01 6.161632480842e-01 5.872044666355e-01 5.593787418305e-01 5.318537847654e-01 5.040233579092e-01 4.755091534530e-01 4.461480882231e-01 4.159671140281e-01 3.851484856508e-01 3.539890811490e-01 3.228576982797e-01 2.921540886382e-01 2.622729308641e-01 2.335750136291e-01 2.063668047142e-01 1.808884967990e-01 1.573097033547e-01 1.357313584253e-01 1.161920632730e-01 9.867710920033e-02 8.312863042478e-02
2.980758516469e-16 8.350409590432e-16 2.335147570067e-15 6.511209176836e-15 1.808572242776e-14 5.000061014414e-14 1.374850661468e-13 3.757315939719e-13 1.019905446220e-12 2.748087187745e-12 7.345535913693e-12 1.946592293135e-11 5.111177561014e-11 1.328909604696e-10 3.419239531914e-10 8.700631328678e-10 2.188178928875e-09 5.435574782197e-09 1.332768407066e-08 3.223465529765e-08 7.685286714091e-08 1.804982522426e-07 4.173181624575e-07 9.491776384969e-07 2.122355799306e-06 4.662135649120e-06 1.005437891678e-05 2.127355574755e-05 4.413212313124e-05 8.970584964911e-05 1.785527664298e-04 3.478002200688e-04 6.626110197587e-04 1.233994599811e-03 2.245266254424e-03 3.989443112153e-03 6.919167460204e-03 1.170897997732e-02 1.932659868671e-02 3.110520615534e-02 4.880299318279e-02 7.463040117813e-02 1.112214221783e-01 1.615251990748e-01 2.286001904414e-01 3.153065246217e-01 4.239122243080e-01 5.556526785268e-01 7.103047534767e-01 8.858507981683e-01 1.078307772164e+00 1.281779805225e+00 1.488760067033e+00 1.690665738615e+00 1.878547278253e+00 2.043879896397e+00 2.179328963268e+00 2.279385290918e+00 2.340789423905e+00 2.362700286734e+00 2.346604685509e+00 2.296002194940e+00 2.215928240168e+00 2.112393077374e+00 1.991814831963e+00 1.860512737244e+00 1.724305806289e+00 1.588237767116e+00 1.456426120032e+00 1.332016377399e+00 1.217213766033e+00 1.113364106650e+00 1.021060640761e+00 9.402612329089e-01 8.704074465800e-01 8.105417465254e-01 7.594211558568e-01 7.156258560924e-01 6.776605662077e-01 6.440460019853e-01 6.133976890894e-01 5.844898408149e-01 5.563026821396e-01 5.280523520532e-01 4.992032241897e-01 4.694633304442e-01 4.387644782673e-01 4.072296561031e-01 3.751312663413e-01 3.428443893574e-01 3.107994991690e-01 2.794387340757e-01 2.491790189874e-01 2.203841782396e-01 1.933468848878e-01 1.682800832920e-01 1.453165704685e-01 1.245148363578e-01 1.058690299849e-01 8.932104219288e-02 7.477301557948e-02
2.365219886230e-16 6.667092512220e-16 1.876087162678e-15 5.264404691821e-15 1.471707503311e-14 4.095581111440e-14 1.133736271948e-13 3.119717945296e-13 8.527953670136e-13 2.314349002109e-12 6.231606519178e-12 1.663765304385e-11 4.401872933780e-11 1.153363351005e-10 2.990915237977e-10 7.671374947574e-10 1.944870893189e-09 4.870455649677e-09 1.203976781990e-08 2.935896920758e-08 7.057301079064e-08 1.671128072662e-07 3.895381582067e-07 8.932110224783e-07 2.013335523850e-06 4.457908186516e-06 9.689371638889e-06 2.065900089538e-05 4.317936573127e-05 8.841099592078e-05 1.772215582125e-04 3.475627054117e-04 6.664888415686e-04 1.248949389624e-03 2.285874655415e-03 4.084087654333e-03 7.119839208555e-03 1.210584390579e-02 2.006821159990e-02 3.242451300942e-02 5.104781343056e-02 7.829504416601e-02 1.169735695953e-01 1.702198110963e-01 2.412707623440e-01 3.331244920590e-01 4.481084475699e-01 5.874009235282e-01 7.505752362340e-01 9.352505898698e-01 1.136931858581e+00 1.349099643801e+00 1.563573982362e+00 1.771127283630e+00 1.962275169124e+00 2.128138999870e+00 2.261259248498e+00 2.356247521603e+00 2.410194172243e+00 2.422790864041e+00 2.396173396454e+00 2.334530988404e+00 2.243556774182e+00 2.129827286438e+00 2.000195838276e+00 1.861268294522e+00 1.719004783535e+00 1.578463103721e+00 1.443675107565e+00 1.317630434935e+00 1.202334947265e+00 1.098912876498e+00 1.007729148286e+00 9.285174885794e-01 8.605075445412e-01 8.025486599235e-01 7.532293437457e-01 7.109908941305e-01 6.742326610579e-01 6.414058324657e-01 6.110927550408e-01 5.820694654619e-01 5.533498799508e-01 5.242109509618e-01 4.941988613039e-01 4.631172409127e-01 4.309994680355e-01 3.980682178548e-01 3.646864802424e-01 3.313048832493e-01 2.984102558863e-01 2.664798160631e-01 2.359442820945e-01 2.071617990659e-01 1.804030794308e-01 1.558468560739e-01 1.335837846215e-01 1.136264211438e-01 9.592279511257e-02 8.037135832738e-02 6.683554680528e-02
1.862912682897e-16 5.283437283661e-16 1.495987599569e-15 4.224419028251e-15 1.188609260379e-14 3.329637575861e-14 9.279526870830e-14 2.571181237120e-13 7.078447276484e-13 1.934949824864e-12 5.248786004824e-12 1.412006076678e-11 3.764712109104e-11 9.941911463896e-11 2.598794087608e-10 6.719758564124e-10 1.717615955805e-09 4.337052535399e-09 1.081085915298e-08 2.658390512259e-08 6.444103207839e-08 1.538792411560e-07 3.617074740805e-07 8.363327626401e-07 1.900764899408e-06 4.243157270415e-06 9.297079167730e-06 1.997968396472e-05 4.208308493924e-05 8.681629556994e-05 1.752971276907e-04 3.462121724788e-04 6.683881304621e-04 1.260583110816e-03 2.321253845762e-03 4.171101202940e-03 7.310427902024e-03 1.249126381133e-02 2.080038963975e-02 3.374368032968e-02 5.331506263077e-02 8.202617600572e-02 1.228678308939e-01 1.791744937713e-01 2.543710705295e-01 3.515986704207e-01 4.732417410675e-01 6.204086964836e-01 7.924446905439e-01 9.865701095190e-01 1.197734507580e+00 1.418750181156e+00 1.640725304326e+00 1.853762466634e+00 2.047837021141e+00 2.213733430537e+00 2.343905452406e+00 2.433139928835e+00 2.478940014617e+00 2.481592624889e+00 2.443936128714e+00 2.370887446482e+00 2.268816337306e+00 2.144865108003e+00 2.006304969146e+00 1.859999139568e+00 1.712013306994e+00 1.567382987874e+00 1.430021373069e+00 1.302734982704e+00 1.187309496213e+00 1.084632637377e+00 9.948309137380e-01 9.174076079027e-01 8.513772943824e-01 7.953959678425e-01 7.478862940562e-01 7.071562514900e-01 6.715080739648e-01 6.393339407923e-01 6.091952014108e-01 5.798828075054e-01 5.504575823424e-01 5.202697995801e-01 4.889584301341e-01 4.564314002807e-01 4.228294442199e-01 3.884774103324e-01 3.538279618738e-01 3.194032088675e-01 2.857396868984e-01 2.533412737408e-01 2.226432373720e-01 1.939889122665e-01 1.676188559760e-01 1.436709398908e-01 1.221889316366e-01 1.031367102896e-01 8.641533110191e-02 7.188056134078e-02 5.935911728076e-02
1.456191758053e-16 4.155062045158e-16 1.183774904064e-15 3.363912807073e-15 9.526172438940e-15 2.686266237573e-14 7.537476151400e-14 2.103092590719e-13 5.831329483883e-13 1.605760791596e-12 4.388615096520e-12 1.189695461384e-11 3.196914697692e-11 8.510088913654e-11 2.242645304952e-10 5.846830008498e-10 1.507015771224e-09 3.837521705484e-09 9.647445031392e-09 2.392708236213e-08 5.850137492166e-08 1.409030139135e-07 3.340628627553e-07 7.790465190071e-07 1.785657632948e-06 4.019803597203e-06 8.880893732422e-06 1.924108550087e-05 4.085106078214e-05 8.493043287110e-05 1.727834506140e-04 3.437330842828e-04 6.682413895969e-04 1.268713459317e-03 2.350996682201e-03 4.249676500484e-03 7.489472832436e-03 1.286279799996e-02 2.151934382328e-02 3.505724883734e-02 5.559746539515e-02 8.581491034327e-02 1.288944378661e-01 1.883799486347e-01 2.678941979095e-01 3.707266941638e-01 4.993161548545e-01 6.546872566202e-01 8.359305089469e-01 1.039829367987e+00 1.260732306815e+00 1.490736566806e+00 1.720198995427e+00 1.938528297385e+00 2.135156928339e+00 2.300553687934e+00 2.427128831554e+00 2.509903738856e+00 2.546861045933e+00 2.538947325014e+00 2.489756746636e+00 2.404969569220e+00 2.291647102145e+00 2.157492033358e+00 2.010171298002e+00 1.856772078339e+00 1.703427281669e+00 1.555112488703e+00 1.415589317724e+00 1.287454984221e+00 1.172255734744e+00 1.070629497618e+00 9.824557076117e-01 9.070021023059e-01 8.430660787650e-01 7.891110572407e-01 7.433975931535e-01 7.041070160458e-01 6.694538053184e-01 6.377826725430e-01 6.076469856771e-01 5.778663145718e-01 5.475619183638e-01 5.161698960841e-01 4.834326385823e-01 4.493703638123e-01 4.142359303480e-01 3.784575609566e-01 3.425752475317e-01 3.071770789380e-01 2.728413538999e-01 2.400891757567e-01 2.093504681338e-01 1.809443901449e-01 1.550733060121e-01 1.318280638476e-01 1.112015139992e-01 9.310695886769e-02 7.739848443251e-02 6.389071694745e-02 5.237629907933e-02
1.129482337233e-16 3.242271227193e-16 9.294079429155e-16 2.657738060509e-15 7.575105985164e-15 2.150306784921e-14 6.074917040601e-14 1.706945715682e-13 4.767164982089e-13 1.322477542076e-12 3.641928797492e-12 9.949814783192e-12 2.695010023378e-11 7.232423392732e-11 1.921744209639e-10 5.052419268313e-10 1.313386207241e-09 3.373381851804e-09 8.554665599237e-09 2.140344866884e-08 5.279358223893e-08 1.282815231579e-07 3.068300661821e-07 7.218467565278e-07 1.669037692403e-06 3.789845833602e-06 8.444466218998e-06 1.844936028112e-05 3.949260595358e-05 8.276523396275e-05 1.696903826308e-04 3.401199531515e-04 6.659966652506e-04 1.273179315570e-03 2.374719773190e-03 4.319022972312e-03 7.655502401197e-03 1.321793016170e-02 2.222109193440e-02 3.635937388484e-02 5.788708434350e-02 8.965134121106e-02 1.350421860191e-01 1.978250076292e-01 2.818309598689e-01 3.905036109991e-01 5.263329208175e-01 6.902448599092e-01 8.810468587862e-01 1.095044785791e+00 1.325937640763e+00 1.565058892941e+00 1.801973981494e+00 2.025374872251e+00 2.224151613109e+00 2.388483188321e+00 2.510784825033e+00 2.586376636932e+00 2.613790979776e+00 2.594699975774e+00 2.533506029434e+00 2.436685445275e+00 2.312001503278e+00 2.167706713430e+00 2.011836587655e+00 1.851664893577e+00 1.693350924395e+00 1.541771822314e+00 1.400505221156e+00 1.271914278550e+00 1.157288332852e+00 1.057003934408e+00 9.706862175199e-01 8.973634173401e-01 8.356146403797e-01 7.837124961831e-01 7.397602233611e-01 7.018202903524e-01 6.680298818117e-01 6.366987565113e-01 6.063860925511e-01 5.759542814604e-01 5.445987540343e-01 5.118538062440e-01 4.775754015650e-01 4.419032139623e-01 4.052058383660e-01 3.680146895142e-01 3.309532532723e-01 2.946686508093e-01 2.597717661265e-01 2.267905946327e-01 1.961393456816e-01 1.681035926480e-01 1.428398189644e-01 1.203863412780e-01 1.006819106311e-01 8.358826810981e-02 6.891341531621e-02 5.643314567145e-02 4.590927173668e-02
8.691717111413e-17 2.509934537020e-16 7.238852320568e-16 2.083045176544e-15 5.975558815243e-15 1.707571096971e-14 4.857310050023e-14 1.374492929422e-13 3.866702893938e-13 1.080727712359e-12 2.999123142858e-12 8.258424414361e-12 2.254979119560e-11 6.101572356463e-11 1.634931677709e-10 4.335244059953e-10 1.136773096616e-09 2.945529001334e-09 7.536299943015e-09 1.902514635834e-08 4.735180292612e-08 1.161026884637e-07 2.802202624668e-07 6.652107089856e-07 1.551922700858e-06 3.555329342623e-06 7.991652835816e-06 1.761125851879e-05 3.801847185431e-05 8.033560760345e-05 1.660337641810e-04 3.353778839971e-04 6.616189996827e-04 1.273843829365e-03 2.392069102405e-03 4.378375846989e-03 7.807047085275e-03 1.355408537712e-02 2.290147429024e-02 3.764383546603e-02 6.017531520530e-02 9.352451166282e-02 1.412983667900e-01 2.074965221295e-01 2.961697496488e-01 4.109216883662e-01 5.542902329626e-01 7.270865362405e-01 9.278044714984e-01 1.152228995002e+00 1.393358539060e+00 1.641712096741e+00 1.886023125653e+00 2.114245474267e+00 2.314730714473e+00 2.477398775949e+00 2.594723820154e+00 2.662393786278e+00 2.679564338931e+00 2.648700142338e+00 2.575062939075e+00 2.465954295096e+00 2.329844982850e+00 2.175521311608e+00 2.011355208370e+00 1.844765851229e+00 1.681895979242e+00 1.527485365708e+00 1.384896227605e+00 1.256234648193e+00 1.142517536537e+00 1.043850231725e+00 9.595976979750e-01 8.885457770082e-01 8.290551119662e-01 7.792102342569e-01 7.369629260998e-01 7.002657123955e-01 6.671900174209e-01 6.360240858912e-01 6.053473796326e-01 5.740797205387e-01 5.415045268252e-01 5.072664143609e-01 4.713444548300e-01 4.340039763085e-01 3.957316524115e-01 3.571604292459e-01 3.189919122617e-01 2.819238875379e-01 2.465894979972e-01 2.135125471803e-01 1.830808679496e-01 1.555371974251e-01 1.309849922071e-01 1.094053414643e-01 9.068066593711e-02 7.462112676650e-02 6.099040288398e-02 4.952847677034e-02 3.997009072557e-02
6.634803932773e-17 1.927291019892e-16 5.592281640173e-16 1.619322078483e-15 4.675367700924e-15 1.344964773208e-14 3.852280856200e-14 1.097870723474e-13 3.111234616115e-13 8.761674828401e-13 2.450403064542e-12 6.801477038103e-12 1.872396542548e-11 5.108906951099e-11 1.380679272604e-10 3.693034585024e-10 9.769734069919e-10 2.554265257998e-09 6.594783940252e-09 1.680144818817e-08 4.220443571391e-08 1.044437732647e-07 2.544268739132e-07 6.095907438805e-07 1.435307405893e-06 3.318313583999e-06 7.526456940915e-06 1.673403345136e-05 3.644072602840e-05 7.765943222224e-05 1.618354378278e-04 3.295229880585e-04 6.550917428716e-04 1.270597418933e-03 2.402725772854e-03 4.427005725634e-03 7.942653537628e-03 1.386864810271e-02 2.355617306910e-02 3.890405264087e-02 6.245288731971e-02 9.742238863032e-02 1.476487048094e-01 2.173792543500e-01 3.108963819265e-01 4.319702185136e-01 5.831830313340e-01 7.652138631297e-01 9.762104300484e-01 1.211390664022e+00 1.462998542870e+00 1.720685906869e+00 1.972313287589e+00 2.205076761146e+00 2.406797154564e+00 2.567171340047e+00 2.678792011117e+00 2.737788929794e+00 2.744017729381e+00 2.700803267420e+00 2.614315836949e+00 2.492707495142e+00 2.345156654509e+00 2.180961737684e+00 2.008793930740e+00 1.836173117018e+00 1.669180833009e+00 1.512380648243e+00 1.368889322362e+00 1.240534910454e+00 1.128048462004e+00 1.031255986908e+00 9.492576995167e-01 8.805951169052e-01 8.234111239572e-01 7.756058756221e-01 7.349866392316e-01 6.994060420545e-01 6.668823308174e-01 6.356965262434e-01 6.044634422002e-01 5.721752213539e-01 5.382170608179e-01 5.023556313676e-01 4.647019113834e-01 4.256519835418e-01 3.858115559959e-01 3.459118873331e-01 3.067257711368e-01 2.689919086457e-01 2.333543396820e-01 2.003210135100e-01 1.702426357960e-01 1.433102247283e-01 1.195677912740e-01 9.893545327184e-02 8.123810475012e-02 6.623529686173e-02 5.364899207197e-02 4.318702744150e-02 3.456125616269e-02
5.023178912499e-17 1.467691841714e-16 4.284440278571e-16 1.248372906612e-15 3.627668612858e-15 1.050563963097e-14 3.029918854284e-14 8.696984479451e-14 2.482890967010e-13 7.045652775636e-13 1.986005778070e-12 5.557143870957e-12 1.542567614919e-11 4.244827555874e-11 1.157157776042e-10 3.122672348062e-10 8.335608902846e-10 2.199339798498e-09 5.731258707409e-09 1.473876178080e-08 3.737391530982e-08 9.337047392456e-08 2.296228142425e-07 5.554073180541e-07 1.320147618002e-06 3.080838910049e-06 7.052966912324e-06 1.582533718361e-05 3.477260149627e-05 7.475738624713e-05 1.571231662455e-04 3.225826495989e-04 6.464176780645e-04 1.263360604752e-03 2.406411764631e-03 4.464228620383e-03 8.060899998079e-03 1.415898283461e-02 2.418073544702e-02 4.013310337158e-02 6.470987017201e-02 1.013318437944e-01 1.540773006282e-01 2.274557724540e-01 3.259939381065e-01 4.536353215825e-01 6.130027791630e-01 8.046247523783e-01 1.026267973605e+00 1.272534352033e+00 1.534856626638e+00 1.801964833511e+00 2.060805414569e+00 2.297799031851e+00 2.500247612865e+00 2.657666511273e+00 2.762832362782e+00 2.812395560601e+00 2.806991145297e+00 2.750871994080e+00 2.651163708312e+00 2.516889491172e+00 2.357929831328e+00 2.184067736372e+00 2.004231580963e+00 1.825994028893e+00 1.655329552182e+00 1.496587283241e+00 1.352610321465e+00 1.224930069456e+00 1.113980459613e+00 1.019301724472e+00 9.397258953267e-01 8.735490976652e-01 8.186979931018e-01 7.728930261781e-01 7.338049949712e-01 6.991977999232e-01 6.670500986703e-01 6.356507525593e-01 6.036654761112e-01 5.701738034210e-01 5.346763429028e-01 4.970730598331e-01 4.576147634241e-01 4.168321732933e-01 3.754494961601e-01 3.342914629403e-01 2.941935588490e-01 2.559243418175e-01 2.201264923964e-01 1.872800523602e-01 1.576879781215e-01 1.314812652507e-01 1.086389603320e-01 8.901753720857e-02 7.238425657130e-02 5.845001231240e-02 4.689844549657e-02 3.740946624077e-02 2.967653137799e-02
3.771285610893e-17 1.108296914112e-16 3.254726284911e-16 9.542452490312e-16 2.790875128942e-15 8.136511534889e-15 2.362968781954e-14 6.831504199786e-14 1.964876628828e-13 5.618715294963e-13 1.596395283119e-12 4.503587283975e-12 1.260657308226e-11 3.499071316445e-11 9.623067362292e-11 2.620337998661e-10 7.059151886462e-10 1.880000416034e-09 4.945646797025e-09 1.284070093866e-08 3.287664371613e-08 8.293629720161e-08 2.059582491533e-07 5.030427031270e-07 1.207345012991e-06 2.844893609720e-06 6.575291449322e-06 1.489310681385e-05 3.302832022330e-05 7.165272411533e-05 1.519304508415e-04 3.145956338142e-04 6.356199391683e-04 1.252086649508e-03 2.402895618884e-03 4.489416334921e-03 8.160412670077e-03 1.442245680163e-02 2.477060061497e-02 4.132375003782e-02 6.693568736025e-02 1.052386425597e-01 1.605665796389e-01 2.377063489703e-01 3.414426141923e-01 4.758997527729e-01 6.437372490923e-01 8.453132283912e-01 1.077976316544e+00 1.335660372429e+00 1.608927133505e+00 1.885528208600e+00 2.151454722048e+00 2.392336559405e+00 2.594973071858e+00 2.748745461991e+00 2.846685660972e+00 2.886048179419e+00 2.868329352752e+00 2.798777509465e+00 2.685517292192e+00 2.538458640565e+00 2.368172453393e+00 2.184892845039e+00 1.997758558082e+00 1.814344274665e+00 1.640470847350e+00 1.480235880413e+00 1.336182875927e+00 1.209530522155e+00 1.100406570278e+00 1.008060588655e+00 9.310539934970e-01 8.674371996245e-01 8.149229768171e-01 7.710577012136e-01 7.333848747075e-01 6.995919556938e-01 6.676325504468e-01 6.358191012729e-01 6.028841439727e-01 5.680097351811e-01 5.308252605233e-01 4.913745977167e-01 4.500553192515e-01 4.075353240613e-01 3.646551909494e-01 3.223266147373e-01 2.814377313889e-01 2.427746863007e-01 2.069658122482e-01 1.744510135398e-01 1.454752293305e-01 1.201019084444e-01 9.824067311448e-02 7.968284490179e-02 6.413906015416e-02 5.127445556805e-02 4.073845509962e-02 3.218770501245e-02 2.530195479097e-02
2.807327498246e-17 8.297402062765e-17 2.451204501605e-16 7.231156663570e-16 2.128529850468e-15 6.247147468665e-15 1.826924373183e-14 5.320028159378e-14 1.541642589066e-13 4.442740108327e-13 1.272425276416e-12 3.619410399642e-12 1.021807615806e-11 2.861003055545e-11 7.939028279270e-11 2.181663047839e-10 5.932533082034e-10 1.595053396527e-09 4.236752601385e-09 1.110821839318e-08 2.872306429464e-08 7.318223682038e-08 1.835589205925e-07 4.528356537741e-07 1.097733199100e-06 2.612381951504e-06 6.097493784263e-06 1.394544255618e-05 3.122289364263e-05 6.837099767940e-05 1.462962434527e-04 3.056120181603e-04 6.227426777585e-04 1.236763911051e-03 2.391997960617e-03 4.502007063865e-03 8.239883331017e-03 1.465646532255e-02 2.532113123717e-02 4.246847123459e-02 6.911913856316e-02 1.091274413533e-01 1.670972504545e-01 2.481088694496e-01 3.572195755297e-01 4.987427108734e-01 6.753703099433e-01 8.872692325487e-01 1.131330484557e+00 1.400764699235e+00 1.685199771135e+00 1.971350299702e+00 2.244210934744e+00 2.488608018884e+00 2.690859469320e+00 2.840265813018e+00 2.930191632748e+00 2.958583605513e+00 2.927883234437e+00 2.844400842951e+00 2.717300174702e+00 2.557387932763e+00 2.375907358323e+00 2.183504198673e+00 1.989476212906e+00 1.801346950762e+00 1.624736972146e+00 1.463456949280e+00 1.319727521432e+00 1.194441333674e+00 1.087413066478e+00 9.975981350125e-01 9.232857359586e-01 8.622808964420e-01 8.120855965593e-01 7.700787961090e-01 7.336870162319e-01 7.005346582397e-01 6.685656827838e-01 6.361324257544e-01 6.020504223784e-01 5.656193250172e-01 5.266102909786e-01 4.852209917067e-01 4.420015810843e-01 3.977582269724e-01 3.534440786136e-01 3.100495848359e-01 2.685039964968e-01 2.295976856812e-01 1.939311102669e-01 1.618918567900e-01 1.336571566830e-01 1.092163642789e-01 8.840640987092e-02 7.095318240505e-02 5.651281295453e-02 4.470846624519e-02 3.516005977411e-02 2.750596401637e-02 2.141698546515e-02
2.071680237459e-17 6.157779484547e-17 1.829862617244e-16 5.431435570343e-16 1.609053210822e-15 4.754179545048e-15 1.400035637536e-14 4.106574244946e-14 1.198999752277e-13 3.482388705686e-13 1.005469218346e-12 2.884036012200e-12 8.212410050029e-12 2.319882086161e-11 6.496250491512e-11 1.801880476886e-10 4.946623299037e-10 1.342929476641e-09 3.602382825076e-09 9.539794226476e-09 2.491787159555e-08 6.413675141429e-08 1.625250724492e-07 4.050771475656e-07 9.920654115475e-07 2.385094053859e-06 5.623526434840e-06 1.299048096382e-05 2.937190285019e-05 6.493972789412e-05 1.402645556436e-04 2.956929409338e-04 6.078514577877e-04 1.217417867791e-03 2.373596795287e-03 4.501516098803e-03 8.298087778309e-03 1.485845945513e-02 2.582764919916e-02 4.355950057700e-02 7.124843049070e-02 1.129817964084e-01 1.736482738346e-01 2.586387465023e-01 3.732988145418e-01 5.221396536413e-01 7.078817198289e-01 9.304784242155e-01 1.186321166219e+00 1.467838898965e+00 1.763659645107e+00 2.059400448514e+00 2.339018595922e+00 2.586526989773e+00 2.787788420689e+00 2.932082585423e+00 3.013190151483e+00 3.029842317602e+00 2.985511199074e+00 2.887634113963e+00 2.746449763883e+00 2.573665566223e+00 2.381172395648e+00 2.179982171911e+00 1.979496090635e+00 1.787131531466e+00 1.608262576621e+00 1.446379805097e+00 1.303360769545e+00 1.179761599559e+00 1.075079091299e+00 9.879722114546e-01 9.164569778576e-01 8.580938949633e-01 8.101780212562e-01 7.699286034059e-01 7.346666687942e-01 7.019679954085e-01 6.697830911872e-01 6.365209512442e-01 6.010964218548e-01 5.629416687271e-01 5.219821329932e-01 4.785783194028e-01 4.334375530169e-01 3.875037916681e-01 3.418372069417e-01 2.974970810188e-01 2.554408160904e-01 2.164487158931e-01 1.810795088822e-01 1.496565677830e-01 1.222805318347e-01 9.886126433610e-02 7.916103622011e-02 6.284128409348e-02 4.950682509924e-02 3.874343217279e-02 3.014671455807e-02 2.334195049167e-02 1.799572327639e-02
1.515346428967e-17 4.529324754618e-17 1.353817938697e-16 4.043031263611e-16 1.205414422148e-15 3.585429500948e-15 1.063243056918e-14 3.141450417117e-14 9.241784679369e-14 2.705380373659e-13 7.875177285055e-13 2.278011593294e-12 6.543482662548e-12 1.865099245856e-11 5.271150479216e-11 1.475969830146e-10 4.091322849816e-10 1.121753479555e-09 3.039482219819e-09 8.131671384096e-09 2.146034572615e-08 5.581603436094e-08 1.429309982718e-07 3.600072957322e-07 8.910041583637e-07 2.164678376302e-06 5.157167887097e-06 1.203626567434e-05 2.749126371232e-05 6.138802952236e-05 1.338839622095e-04 2.849101513274e-04 5.910333349264e-04 1.194112752563e-03 2.347632393130e-03 4.487546512573e-03 8.333905059706e-03 1.502597592656e-02 2.628547605036e-02 4.458887283360e-02 7.331121843336e-02 1.167841833563e-01 1.801968425179e-01 2.692688490323e-01 3.896510218094e-01 5.460621197702e-01 7.412469313459e-01 9.749220055490e-01 1.242934588713e+00 1.536870088941e+00 1.844287330560e+00 2.149643309789e+00 2.435817455877e+00 2.686002539895e+00 2.885638038783e+00 3.024049264766e+00 3.095522485932e+00 3.099669818504e+00 3.041080508018e+00 2.928381731484e+00 2.772918158937e+00 2.587295395989e+00 2.384020382153e+00 2.174419878333e+00 1.967939038688e+00 1.771832740513e+00 1.591183514471e+00 1.429131489762e+00 1.287194258781e+00 1.165583890143e+00 1.063476388297e+00 9.792329320201e-01 9.105958422865e-01 8.548824327615e-01 8.091855020029e-01 7.705733846025e-01 7.362742801391e-01 7.038307838930e-01 6.712168139900e-01 6.369151126565e-01 5.999561760366e-01 5.599193424311e-01 5.168962775451e-01 4.714184102972e-01 4.243534791431e-01 3.767810861530e-01 3.298610661933e-01 2.847099145379e-01 2.422988944937e-01 2.033831907875e-01 1.684658514756e-01 1.377946729536e-01 1.113858358021e-01 8.906562416878e-02 7.052105892449e-02 5.535136206494e-02 4.311423203635e-02 3.336331278487e-02 2.567545584022e-02 1.966809444626e-02 1.500814813165e-02
1.098486595018e-17 3.301426373926e-17 9.925072594586e-17 2.982024554050e-16 8.947483624638e-16 2.679162305311e-15 8.000528232618e-15 2.381116134714e-14 7.058403872953e-14 2.082640932198e-13 6.112446587953e-13 1.783240153657e-12 5.167599016418e-12 1.486379971553e-11 4.240311855979e-11 1.198792738584e-10 3.355881652008e-10 9.294152643422e-10 2.544279563767e-09 6.878128815946e-09 1.834479614582e-08 4.822455938789e-08 1.248252072275e-07 3.178135077507e-07 7.951130692801e-07 1.952617517177e-06 4.701963026056e-06 1.109061876808e-05 2.559698023170e-05 5.774619597632e-05 1.272070062224e-04 2.733453667208e-04 5.723966075320e-04 1.166952702455e-03 2.314111720528e-03 4.459799585446e-03 8.346337319072e-03 1.515666932596e-02 2.668997800336e-02 4.554847762257e-02 7.529465812194e-02 1.205160317039e-01 1.867183781657e-01 2.799694406565e-01 4.062434644732e-01 5.704775619989e-01 7.754369022141e-01 1.020576550750e+00 1.301152419250e+00 1.607840941756e+00 1.927059007810e+00 2.242039103954e+00 2.534542916006e+00 2.786939873062e+00 2.984283811108e+00 3.116018906863e+00 3.177032583924e+00 3.167918017423e+00 3.094468599558e+00 2.966561470777e+00 2.796672874949e+00 2.598297190722e+00 2.384518887392e+00 2.166922485037e+00 1.954934199331e+00 1.755589356757e+00 1.573635649078e+00 1.411835725163e+00 1.271333990957e+00 1.151993795293e+00 1.052669135117e+00 9.714227326132e-01 9.057229459309e-01 8.526456387680e-01 8.090868527552e-01 7.719739738559e-01 7.384562236109e-01 7.060593758807e-01 6.727981658452e-01 6.372463692137e-01 5.985663864968e-01 5.564990439297e-01 5.113135153147e-01 4.637191938227e-01 4.147460132425e-01 3.656053092860e-01 3.175473600118e-01 2.717325927547e-01 2.291306438693e-01 1.904559787023e-01 1.561421670365e-01 1.263508436313e-01 1.010070873616e-01 7.985094911197e-02 6.249502953783e-02 4.847979386145e-02 3.732092345871e-02 2.854574410186e-02 2.171811057638e-02 1.645278949089e-02 1.242132934764e-02
7.890523465846e-18 2.384296706136e-17 7.208874484072e-17 2.178976772331e-16 6.579403451739e-16 1.983209215217e-15 5.963673145999e-15 1.787904373942e-14 5.340498534404e-14 1.588340399212e-13 4.700442842624e-13 1.383139787176e-12 4.044008400123e-12 1.173951068930e-11 3.380953290334e-11 9.652156282275e-11 2.729201629426e-10 7.636396900822e-10 2.112438780950e-09 5.771781990226e-09 1.556109621483e-08 4.135587476634e-08 1.082311822867e-07 2.786299165390e-07 7.048511666325e-07 1.750207973761e-06 4.261168643758e-06 1.016101588278e-05 2.370489269552e-05 5.404525065813e-05 1.202895107558e-04 2.610894234647e-04 5.520702083501e-04 1.136082391551e-03 2.273112212566e-03 4.418084807889e-03 8.334529968641e-03 1.524834610741e-02 2.703661554107e-02 4.643012163714e-02 7.718547005690e-02 1.241577729333e-01 1.931865417611e-01 2.907081367461e-01 4.230398812849e-01 5.953491879277e-01 8.104179202954e-01 1.067413860492e+00 1.360951684909e+00 1.680729717079e+00 2.011946621930e+00 2.336543966118e+00 2.635126542790e+00 2.889241054183e+00 3.083599532492e+00 3.207845279510e+00 3.257568381814e+00 3.234446564536e+00 3.145564326979e+00 3.002105455105e+00 2.817697416925e+00 2.606706735506e+00 2.382749830036e+00 2.157606407549e+00 1.940617876744e+00 1.738542946960e+00 1.555753635296e+00 1.394611916503e+00 1.255879634729e+00 1.139069561336e+00 1.042713866375e+00 9.645765052559e-01 9.018516778434e-01 8.513759335440e-01 8.098549709037e-01 7.740864221858e-01 7.411555450261e-01 7.085884703320e-01 6.744585624927e-01 6.374479819806e-01 5.968671108202e-01 5.526321642424e-01 5.052003701075e-01 4.554649740515e-01 4.046183158439e-01 3.539976895900e-01 3.049327148473e-01 2.586128688786e-01 2.159896326706e-01 1.777208343127e-01 1.441571825527e-01 1.153645847615e-01 9.117177939633e-02 7.123146180975e-02 5.508406781352e-02 4.221591309462e-02 3.210654435495e-02 2.426318037959e-02 1.824250231713e-02 1.366159359514e-02 1.020056337564e-02
5.615394756181e-18 1.705852494874e-17 5.186689214540e-17 1.577090168002e-16 4.791980833880e-16 1.454012726175e-15 4.402843575533e-15 1.329637709055e-14 4.002125168493e-14 1.199836184414e-13 3.580427425157e-13 1.062736815115e-12 3.135289895482e-12 9.186703375107e-12 2.671317247919e-11 7.702171314523e-11 2.200113635709e-10 6.220535387936e-10 1.739210183360e-09 4.803899809723e-09 1.309528780720e-08 3.519361114928e-08 9.314869523354e-08 2.425380671206e-07 6.205696638043e-07 1.558544382291e-06 3.837705577556e-06 9.254468104057e-06 2.183042529488e-05 5.031647310277e-05 1.131898059917e-04 2.482412323187e-04 5.302027173509e-04 1.101687058880e-03 2.224784816471e-03 4.362329228255e-03 8.297791810726e-03 1.529900031496e-02 2.732099747036e-02 4.722559866084e-02 7.897001597909e-02 1.276889052273e-01 1.995732629528e-01 3.014498757860e-01 4.400003884954e-01 6.206358136290e-01 8.461514346806e-01 1.115400818389e+00 1.422304711221e+00 1.755510317927e+00 2.098918100670e+00 2.433110310691e+00 2.737496633303e+00 2.992805780991e+00 3.183458310180e+00 3.299384057081e+00 3.336983112564e+00 3.299124166070e+00 3.194269101769e+00 3.034960975490e+00 2.835991671413e+00 2.612575730155e+00 2.378808904604e+00 2.146598317978e+00 1.925132313187e+00 1.720836564423e+00 1.537669721604e+00 1.377574213911e+00 1.240923934380e+00 1.126881838264e+00 1.033659488881e+00 9.587218054130e-01 8.989885387213e-01 8.510594716505e-01 8.114573918566e-01 7.768626661173e-01 7.443127240907e-01 7.113519262401e-01 6.761303235828e-01 6.374557516849e-01 5.948023969059e-01 5.482752941991e-01 4.985294625941e-01 4.466466329399e-01 3.939800731143e-01 3.419853184612e-01 2.920583311243e-01 2.454012468101e-01 2.029300155618e-01 1.652298450296e-01 1.325558843191e-01 1.048700007463e-01 8.190091334185e-02 6.321443198849e-02 4.828247725407e-02 3.654286709783e-02 2.744553062041e-02 2.048403041741e-02 1.521361348573e-02 1.125835218217e-02 8.310408028443e-03
3.958713583791e-18 1.208864079828e-17 3.695988940404e-17 1.130441212145e-16 3.456271650592e-16 1.055639598070e-15 3.218777413985e-15 9.791702348560e-15 2.969889407343e-14 8.975394334924e-14 2.700874960001e-13 8.086996420633e-13 2.407586492033e-12 7.121198436424e-12 2.090976888023e-11 6.089784531940e-11 1.757622763179e-10 5.022475713070e-10 1.419577114059e-09 3.964727102222e-09 1.093023344448e-08 2.971266416958e-08 7.955561300044e-08 2.095688065465e-07 5.425113418189e-07 1.378508608108e-06 3.434118701831e-06 8.377413629344e-06 1.998833962762e-05 4.659091054126e-05 1.059678843614e-04 2.349065452462e-04 5.069609862203e-04 1.063991874839e-03 2.169356093137e-03 4.292585852433e-03 8.235614814475e-03 1.530685048640e-02 2.753893900727e-02 4.792676810281e-02 8.063438846688e-02 1.310880754683e-01 2.058487889034e-01 3.121569126530e-01 4.570814033394e-01 6.462917315741e-01 8.825939019391e-01 1.164499270505e+00 1.485179087892e+00 1.832152389021e+00 2.187937606714e+00 2.531687270096e+00 2.841578835437e+00 3.097532199156e+00 3.283733574071e+00 3.390494007575e+00 3.415136580045e+00 3.361829814443e+00 3.240497928998e+00 3.065091178089e+00 2.851572126829e+00 2.615971499922e+00 2.372804832006e+00 2.134034051446e+00 1.908624370988e+00 1.702613412703e+00 1.519512589065e+00 1.360830648418e+00 1.226552208386e+00 1.115493520855e+00 1.025547386776e+00 9.538791199784e-01 8.971335149189e-01 8.516766124828e-01 8.138568680213e-01 7.802512179816e-01 7.478664545438e-01 7.142835697813e-01 6.777474391161e-01 6.372086980653e-01 5.923208483404e-01 5.433906584842e-01 4.912797984905e-01 4.372617568258e-01 3.828474464686e-01 3.296009089494e-01 2.789695666686e-01 2.321504412664e-01 1.900059439351e-01 1.530328904293e-01 1.213791258478e-01 9.489563346433e-02 7.320911806420e-02 5.580058957323e-02 4.207842663992e-02 3.143851234582e-02 2.330814399762e-02 1.717375422483e-02 1.259467140250e-02 9.206214933573e-03 6.715589466302e-03
2.764164419688e-18 8.484008221120e-18 2.608060139790e-17 8.023277209559e-17 2.468230540958e-16 7.588007585649e-16 2.329699006599e-15 7.138846361800e-15 2.181906236560e-14 6.647224210480e-14 2.017187936849e-13 6.093214723310e-13 1.830702804160e-12 5.466648139688e-12 1.621061644922e-11 4.769558862562e-11 1.391117732280e-10 4.018322416031e-10 1.148393879217e-09 3.243802389183e-09 9.046293211631e-09 2.488050542347e-08 6.741012361351e-08 1.797052801322e-07 4.708124731951e-07 1.210763980020e-06 3.052545803951e-06 7.535622225860e-06 1.819249988340e-05 4.289888408634e-05 9.868449778998e-05 2.211965419347e-04 4.825283695327e-04 1.023260614374e-03 2.107129310464e-03 4.209040836285e-03 8.147693134262e-03 1.527037707105e-02 2.768652332744e-02 4.852564143070e-02 8.216451372796e-02 1.343331789440e-01 2.119817534669e-01 3.227888280890e-01 4.742355827571e-01 6.722665849997e-01 9.196966388107e-01 1.214665906274e+00 1.549537640244e+00 1.910621427233e+00 2.278965807596e+00 2.632221142262e+00 2.947296792287e+00 3.203317754568e+00 3.384300117702e+00 3.481038184885e+00 3.491896415327e+00 3.422453950428e+00 3.284180303287e+00 3.092475556499e+00 2.864471874337e+00 2.616976511607e+00 2.364858434082e+00 2.120057363029e+00 1.891244151743e+00 1.684015507614e+00 1.501406220499e+00 1.344482355080e+00 1.212841958831e+00 1.104959692466e+00 1.018411600800e+00 9.500621891378e-01 8.962804887639e-01 8.532024176379e-01 8.170119716634e-01 7.841978761139e-01 7.517544214200e-01 7.173179758743e-01 6.792462979447e-01 6.366496854421e-01 5.893761197995e-01 5.379464740497e-01 4.834369822130e-01 4.273146878063e-01 3.712429442554e-01 3.168824824863e-01 2.657154640383e-01 2.189147957575e-01 1.772709642151e-01 1.411771196943e-01 1.106632822180e-01 8.546436711847e-02 6.510484414797e-02 4.898460364169e-02 3.645467500921e-02 2.687631868004e-02 1.966147735590e-02 1.429589152412e-02 1.034813273615e-02 7.468526569005e-03 5.381768371012e-03
1.911381095093e-18 5.895839897157e-18 1.822133259862e-17 5.637580308174e-17 1.744894085634e-16 5.399090391483e-16 1.669059308500e-15 5.151700390840e-15 1.586652746443e-14 4.872842115981e-14 1.491272454660e-13 4.544610119766e-13 1.378084406565e-12 4.154813082269e-12 1.244405392420e-11 3.699353383778e-11 1.090541704595e-10 3.184859625486e-10 9.205113549520e-10 2.630261236309e-09 7.422003325015e-09 2.065857440840e-08 5.665329403548e-08 1.528869082502e-07 4.055071613151e-07 1.055754679744e-06 2.694696153887e-06 6.734114709192e-06 1.645565597897e-05 3.926950142319e-05 9.140021483114e-05 2.072262587293e-04 4.571025683032e-04 9.797935541728e-04 2.038484297991e-03 4.112019197005e-03 8.033940732192e-03 1.518836004809e-02 2.776016623499e-02 4.901447603369e-02 8.354626772419e-02 1.374014780209e-01 2.179392682173e-01 3.333025619238e-01 4.914117804731e-01 6.985052565144e-01 9.574056773433e-01 1.265852150851e+00 1.615338415301e+00 1.990878909214e+00 2.371960189159e+00 2.734655889957e+00 3.054572821359e+00 3.310060049238e+00 3.485035140462e+00 3.570885089484e+00 3.567139243371e+00 3.480899505232e+00 3.325260959785e+00 3.117110261605e+00 2.874740425325e+00 2.615687702744e+00 2.355101569562e+00 2.104818592976e+00 1.873143577487e+00 1.665182355198e+00 1.483468852815e+00 1.328622897582e+00 1.199862595801e+00 1.095327674571e+00 1.012279084904e+00 9.472783692930e-01 8.964176732883e-01 8.556071680806e-01 8.208777164542e-01 7.886464456481e-01 7.559140748383e-01 7.203912294264e-01 6.805663670691e-01 6.357259803082e-01 5.859273400013e-01 5.319172373255e-01 4.749933582110e-01 4.168165011070e-01 3.591952171968e-01 3.038729841657e-01 2.523482123662e-01 2.057496614691e-01 1.647774037078e-01 1.297064503131e-01 1.004399523005e-01 7.659339804277e-02 5.759062278005e-02 4.275561333867e-02 3.138931942671e-02 2.282626032064e-02 1.647040750674e-02 1.181300082437e-02 8.436549567547e-03 6.009579639028e-03 4.276159316548e-03
1.308708808154e-18 4.056443203002e-18 1.260224056740e-17 3.920989387292e-17 1.220894437661e-16 3.801979477882e-16 1.183362524312e-15 3.679022363388e-15 1.141773367583e-14 3.534904354796e-14 1.091014651463e-13 3.354503809722e-13 1.026698977937e-12 3.125565505350e-12 9.456234045291e-12 2.840695071847e-11 8.465237665954e-11 2.499951877503e-10 7.308875613735e-10 2.113117037951e-09 6.034735535523e-09 1.700370409604e-08 4.721186351114e-08 1.290141811345e-07 3.465338954356e-07 9.137102890919e-07 2.361839314821e-06 5.977100024332e-06 1.478925013603e-05 3.573018850439e-05 8.417445594182e-05 1.931128834101e-04 4.308930932402e-04 9.339246157050e-04 1.963876023567e-03 4.001988704611e-03 7.894507312533e-03 1.505991569073e-02 2.775668276533e-02 4.938587622180e-02 8.476560568557e-02 1.402697401901e-01 2.236870365705e-01 3.436524689194e-01 5.085550194648e-01 7.249477675458e-01 9.956616279389e-01 1.318004049853e+00 1.682534668680e+00 2.072882433238e+00 2.466875365454e+00 2.838933636039e+00 3.163328598335e+00 3.417657726912e+00 3.585819277846e+00 3.659909790468e+00 3.640751795682e+00 3.537082827738e+00 3.363700451464e+00 3.139008220949e+00 2.882443324917e+00 2.612215617939e+00 2.343675913195e+00 2.088473259135e+00 1.854474941097e+00 1.646249653451e+00 1.465811996729e+00 1.313337698911e+00 1.187675262360e+00 1.086637163651e+00 1.007170022556e+00 9.455290374101e-01 8.975280657399e-01 8.588568920757e-01 8.254061900230e-01 7.935394659753e-01 7.602833955157e-01 7.234416498659e-01 6.816508108468e-01 6.343897353366e-01 5.819394624078e-01 5.252839351362e-01 4.659480762584e-01 4.057849071043e-01 3.467387798214e-01 2.906198261650e-01 2.389225552748e-01 1.927107416668e-01 1.525757537592e-01 1.186610922442e-01 9.073571182600e-02 6.829426657186e-02 5.066338340392e-02 3.709779558644e-02 2.685654914854e-02 1.925567426957e-02 1.369847660471e-02 9.687494558929e-03 6.823307211601e-03 4.795225500352e-03 3.368004904874e-03
8.871377307746e-19 2.762709808044e-18 8.626816753734e-18 2.698893022004e-17 8.453430023807e-17 2.649173523817e-16 8.301339367081e-16 2.599434835526e-15 8.128883105564e-15 2.537012167491e-14 7.896944840999e-14 2.449793422369e-13 7.568401121861e-13 2.326663415063e-12 7.111263406662e-12 2.158989253086e-11 6.504718578738e-11 1.942859937366e-10 5.746812152280e-10 1.681512334431e-09 4.861317756777e-09 1.386953226516e-08 3.900117480349e-08 1.079540905097e-07 2.937440597958e-07 7.846551701622e-07 2.054804378001e-06 5.267931368148e-06 1.320325244051e-05 3.230625153782e-05 7.706453108465e-05 1.789739458788e-04 4.041183886562e-04 8.860177030793e-04 1.883831727956e-03 3.879561672923e-03 7.729791754143e-03 1.488453176067e-02 2.767335488195e-02 4.963290007789e-02 8.580870400547e-02 1.429143952731e-01 2.291894918286e-01 3.537903956836e-01 5.256064843350e-01 7.515291810072e-01 1.034399543193e+00 1.371062158612e+00 1.751074846504e+00 2.156585853304e+00 2.563663404930e+00 2.944995171559e+00 3.273485858422e+00 3.526011315145e+00 3.686537589138e+00 3.747994996563e+00 3.712631923487e+00 3.590934474996e+00 3.399475561706e+00 3.158199068286e+00 2.887661560421e+00 2.606683399562e+00 2.330731635396e+00 2.071180577596e+00 1.835389469753e+00 1.627348070801e+00 1.448539560297e+00 1.298703590640e+00 1.176332786304e+00 1.078920458372e+00 1.003098198074e+00 9.448100101898e-01 8.995899111902e-01 8.629139068248e-01 8.305471999774e-01 7.988189398253e-01 7.648016441885e-01 7.264104738520e-01 6.824470505837e-01 6.325984082909e-01 5.773835367187e-01 5.180341839489e-01 4.563070857171e-01 3.942440782356e-01 3.339136549977e-01 2.771743633095e-01 2.254951428414e-01 1.798534082730e-01 1.407140560977e-01 1.080771075408e-01 8.157192231370e-02 6.057295084739e-02 4.431482313829e-02 3.199096047021e-02 2.282739062018e-02 1.613007127324e-02 1.130868998837e-02 7.882361226760e-03 5.473230144054e-03 3.793345528314e-03 2.628911961617e-03
5.952957519162e-19 1.862307670450e-18 5.844123635782e-18 1.838180976659e-17 5.791003077257e-17 1.826153901135e-16 5.760662541456e-16 1.816747325936e-15 5.724455066706e-15 1.800990678147e-14 5.653695179631e-14 1.769642802559e-13 5.518744327521e-13 1.713342232425e-12 5.290808987918e-12 1.623585644271e-11 4.946293910788e-11 1.494471827362e-10 4.473271652701e-10 1.324935616920e-09 3.878600022296e-09 1.120785608372e-08 3.192814105396e-08 8.954599868747e-08 2.469120523556e-07 6.684223274012e-07 1.773989480531e-06 4.609082678945e-06 1.170603008231e-05 2.902048122627e-05 7.012470087220e-05 1.649254419187e-04 3.770026457099e-04 8.364622701026e-04 1.798946552689e-03 3.745494405070e-03 7.540452724442e-03 1.466210031091e-02 2.750799932872e-02 4.974917160917e-02 8.666211499213e-02 1.453117129271e-01 2.344099597998e-01 3.636657846373e-01 5.425035288409e-01 7.781795194144e-01 1.073548771196e+00 1.424961416073e+00 1.820902563743e+00 2.241939420065e+00 2.662274144203e+00 3.052780469117e+00 3.384967060231e+00 3.635024067220e+00 3.787080520202e+00 3.835032054251e+00 3.782689498379e+00 3.642399857608e+00 3.432579538740e+00 3.174728850366e+00 2.890490792421e+00 2.599225610792e+00 2.316425986668e+00 2.053101970380e+00 1.816035917037e+00 1.608602089612e+00 1.431747085265e+00 1.284788486225e+00 1.165879739599e+00 1.072202772303e+00 1.000071415875e+00 9.451119897575e-01 9.025771705897e-01 8.677373631740e-01 8.362489278081e-01 8.044270658083e-01 7.694100809532e-01 7.292424845568e-01 6.829072525515e-01 6.303150970758e-01 5.722369118892e-01 5.101622992213e-01 4.460830597305e-01 3.822244032480e-01 3.207649457591e-01 2.635912988946e-01 2.121238368699e-01 1.672319999292e-01 1.292373029579e-01 9.798601211439e-02 7.296459961034e-02 5.343002237700e-02 3.853182152439e-02 2.741116288600e-02 1.927043286330e-02 1.341388822736e-02 9.264221790264e-03 6.361771112785e-03 4.353058357746e-03 2.974189994073e-03 2.033061775201e-03
3.953769311556e-19 1.242313915230e-18 3.917292891251e-18 1.238595782312e-17 3.924289769106e-17 1.245103494270e-16 3.953663831790e-16 1.255690971072e-15 3.986463901098e-15 1.264262440813e-14 4.002563173198e-14 1.264094975650e-13 3.979513951118e-13 1.247770493457e-12 3.893273877615e-12 1.207720480090e-11 3.720989295612e-11 1.137452830577e-10 3.445934488247e-10 1.033400328138e-09 3.063952474964e-09 8.969891256333e-09 2.589415494571e-08 7.360773715655e-08 2.057466460885e-07 5.646711755804e-07 1.519381185441e-06 4.002146021706e-06 1.030425395053e-05 2.589281162901e-05 6.340528754338e-05 1.510799335419e-04 3.497723651620e-04 7.856681519792e-04 1.709877615022e-03 3.600684004215e-03 7.327415719425e-03 1.439294705260e-02 2.725903405657e-02 4.972899630999e-02 8.731293223090e-02 1.474380001117e-01 2.393108481418e-01 3.732258036953e-01 5.591797056583e-01 8.048236806804e-01 1.113032811981e+00 1.479631007406e+00 1.891956553213e+00 2.328889886368e+00 2.762655500968e+00 3.162229167263e+00 3.497696062885e+00 3.744602775807e+00 3.887344816877e+00 3.920921863543e+00 3.850847220504e+00 3.691439750773e+00 3.463022135986e+00 3.188659583020e+00 2.891040418868e+00 2.589986952413e+00 2.300921816111e+00 2.034399569721e+00 1.796559216357e+00 1.590128948613e+00 1.415521100123e+00 1.271651182983e+00 1.156352606251e+00 1.066502618363e+00 9.980919467711e-01 9.464210062508e-01 9.064599913423e-01 8.732838017470e-01 8.424585900433e-01 8.103069573241e-01 7.740526586263e-01 7.318865863543e-01 6.829887478269e-01 6.275088052278e-01 5.664833645647e-01 5.016692944582e-01 4.352952470778e-01 3.697621677704e-01 3.073423333940e-01 2.499280316989e-01 1.988669758454e-01 1.548991116198e-01 1.181868638829e-01 8.841442976271e-02 6.492434841859e-02 4.686086285529e-02 3.329689707432e-02 2.333132249766e-02 1.615252209841e-02 1.107117359495e-02 7.529024132909e-03 5.091566471082e-03 3.431800195827e-03 2.310595887575e-03 1.557309286900e-03
2.598793163755e-19 8.200003715521e-19 2.597667361128e-18 8.255371991771e-18 2.630120934277e-17 8.395170445623e-17 2.683112838707e-16 8.581170730854e-16 2.744662489974e-15 8.773869353695e-15 2.801317369421e-14 8.926727710077e-14 2.836932798090e-13 8.984138511304e-13 2.832646667443e-12 8.883571640542e-12 2.768371978732e-11 8.563208197511e-11 2.626204274811e-10 7.975845457451e-10 2.395686441204e-09 7.107403896563e-09 2.079785062223e-08 5.994173238051e-08 1.699031720368e-07 4.729085437386e-07 1.290582894254e-06 3.447849817131e-06 9.002845888274e-06 2.294004261109e-05 5.695186007304e-05 1.375446694411e-04 3.226527384884e-04 7.340597163237e-04 1.617336516910e-03 3.446162394513e-03 7.091876048440e-03 1.407785626194e-02 2.692554201647e-02 4.956747926011e-02 8.774896736888e-02 1.492698182198e-01 2.438538625906e-01 3.824155024991e-01 5.755648157455e-01 8.313813693041e-01 1.152769156594e+00 1.534994199178e+00 1.964170603892e+00 2.417380608959e+00 2.864753751136e+00 3.273281042435e+00 3.611598738199e+00 3.854658520056e+00 3.987234357381e+00 4.005575730164e+00 3.917041290621e+00 3.738030637067e+00 3.490829514155e+00 3.200068602196e+00 2.889432478801e+00 2.579120860740e+00 2.284386063969e+00 2.015234751963e+00 1.777099204088e+00 1.572037709125e+00 1.399938614642e+00 1.259341294421e+00 1.147780058673e+00 1.061832255370e+00 9.971570028680e-01 9.487188661865e-01 9.112051723682e-01 8.795077059353e-01 8.491231015451e-01 8.164033530464e-01 7.786766740423e-01 7.342963182079e-01 6.826543710520e-01 6.241546319622e-01 5.601131618740e-01 4.925628173992e-01 4.239692589717e-01 3.568991601323e-01 2.936995043100e-01 2.362439435462e-01 1.857826114372e-01 1.429048895993e-01 1.075999491863e-01 7.938380952930e-02 5.745636810020e-02 4.085594286953e-02 2.858869929835e-02 1.972184397954e-02 1.343941860004e-02 9.066200441465e-03 6.068338703724e-03 4.039640341926e-03 2.680971364637e-03 1.778097523025e-03 1.181188056964e-03
1.690289932717e-19 5.354764685349e-19 1.703908834741e-18 5.441736447050e-18 1.743088380662e-17 5.596606843758e-17 1.800109065539e-16 5.796799037134e-16 1.867813806896e-15 6.018152292639e-15 1.937709634341e-14 6.230194325944e-14 1.998803733587e-13 6.393477096968e-13 2.037125001785e-12 6.459485594270e-12 2.036262283050e-11 6.374556118875e-11 1.979431549992e-10 6.089316233540e-10 1.853393170928e-09 5.573690795452e-09 1.653764289194e-08 4.834095985445e-08 1.389961087004e-07 3.925121372611e-07 1.086851234371e-06 2.946097069847e-06 7.804967594396e-06 2.017563603871e-05 5.080451816930e-05 1.244197801734e-04 2.958639198835e-04 6.820694419577e-04 1.522080347964e-03 3.283087372879e-03 6.835297330154e-03 1.371809034370e-02 2.650733088319e-02 4.926064369170e-02 8.795893520587e-02 1.507842203741e-01 2.480002514706e-01 3.911780021526e-01 5.915849799472e-01 8.577670291644e-01 1.192669124854e+00 1.590968165396e+00 2.037473460235e+00 2.507351612649e+00 2.968513794161e+00 3.385876450144e+00 3.726603584978e+00 3.965107388734e+00 4.086660941795e+00 4.088916100810e+00 3.981221992764e+00 3.782164921293e+00 3.516043936757e+00 3.209047763621e+00 2.885800437636e+00 2.566788059252e+00 2.266988251312e+00 1.995766743379e+00 1.757789463773e+00 1.554428445630e+00 1.385066740636e+00 1.247899304548e+00 1.140183326250e+00 1.058198190041e+00 9.972592221835e-01 9.519835914999e-01 9.167766215372e-01 8.863620621980e-01 8.561897426536e-01 8.226633100881e-01 7.832333726448e-01 7.364302924482e-01 6.818727282582e-01 6.202338884303e-01 5.531230539389e-01 4.828570202250e-01 4.121367833388e-01 3.436822094624e-01 2.798935115685e-01 2.225996405625e-01 1.729277257191e-01 1.312963436263e-01 9.750912667874e-02 7.091021511717e-02 5.056053360840e-02 3.540116043705e-02 2.438253089339e-02 1.655122964591e-02 1.109640832128e-02 7.364003579953e-03 4.849112357092e-03 3.176211061853e-03 2.074731972067e-03 1.354945394981e-03 8.868384235375e-04
1.087751186487e-19 3.459022306868e-19 1.105377782225e-18 3.547003577945e-18 1.142128039144e-17 3.688137578804e-17 1.193681207031e-16 3.869991601422e-16 1.256079477455e-15 4.078890097301e-15 1.324340354627e-14 4.296191733795e-14 1.391436704605e-13 4.495534204103e-13 1.447605607217e-12 4.641435589613e-12 1.480257254083e-11 4.690524362031e-11 1.474986549756e-10 4.597135324389e-10 1.418198763597e-09 4.324391614570e-09 1.301398110774e-08 3.859455135296e-08 1.126116472991e-07 3.227556216690e-07 9.071390430561e-07 2.496022156302e-06 6.712052040905e-06 1.760959141054e-05 4.499729746192e-05 1.117965956239e-04 2.696172941081e-04 6.301310281692e-04 1.424901238219e-03 3.112730645763e-03 6.559404952684e-03 1.331540289696e-02 2.600498686504e-02 4.880554844150e-02 8.793264759311e-02 1.519590088941e-01 2.517110807471e-01 3.994547155696e-01 6.071627383598e-01 8.838897889710e-01 1.232637684893e+00 1.647463769262e+00 2.111788690804e+00 2.598739619865e+00 3.073879373409e+00 3.499956731572e+00 3.842642267376e+00 4.075871137996e+00 4.185544997165e+00 4.170877224030e+00 4.043354125556e+00 3.823850998697e+00 3.538723349231e+00 3.215702492274e+00 2.880287848846e+00 2.553155050506e+00 2.248898999733e+00 1.976151294574e+00 1.738756281424e+00 1.537391567942e+00 1.370962463647e+00 1.237356752119e+00 1.133576654773e+00 1.055601714120e+00 9.983871536049e-01 9.561898401850e-01 9.231358087954e-01 8.937989217311e-01 8.636068201977e-01 8.290368688134e-01 7.876784994842e-01 7.382525643178e-01 6.806183851976e-01 6.157341482327e-01 5.455162128157e-01 4.725723683912e-01 3.998352373418e-01 3.301626497073e-01 2.659840733131e-01 2.090561544173e-01 1.603574448327e-01 1.201166952650e-01 8.794190280582e-02 6.300419614647e-02 4.423155578335e-02 3.047823726526e-02 2.065089368163e-02 1.378667718461e-02 9.088863958269e-03 5.930839294711e-03 3.840320329359e-03 2.474001341548e-03 1.589934674354e-03 1.022049265969e-03 6.588760706580e-04
6.925153993800e-20 2.210031246262e-19 7.091122121751e-19 2.285810146993e-18 7.397514343317e-18 2.402111464979e-17 7.821984793710e-17 2.552783684281e-16 8.345156074852e-16 2.730960424451e-15 8.940788392441e-15 2.926256956258e-14 9.567455810991e-14 3.122269738239e-13 1.016122090945e-12 3.294590406613e-12 1.063116911682e-11 3.410304644875e-11 1.086201771922e-10 3.430599938569e-10 1.072937267210e-09 3.318124854618e-09 1.013127132836e-08 3.049290015364e-08 9.031983681536e-08 2.628344451903e-07 7.501433738293e-07 2.096064076995e-06 5.723875816757e-06 1.524840622999e-05 3.955771634369e-05 9.975614050985e-05 2.441118264472e-04 5.786721988138e-04 1.326614647462e-03 2.936462856357e-03 6.266174230885e-03 1.287204449960e-02 2.541992129663e-02 4.820040218443e-02 8.766121229973e-02 1.527730109452e-01 2.549475412758e-01 4.071856072698e-01 6.222171784299e-01 9.096534178062e-01 1.272573266052e+00 1.704385329614e+00 2.187034522487e+00 2.691478045484e+00 3.180793269360e+00 3.615464583025e+00 3.959650128371e+00 4.186877797853e+00 4.283816216426e+00 4.251405731344e+00 4.103417360095e+00 3.863113187483e+00 3.558940782817e+00 3.220150709092e+00 2.873046951868e+00 2.538392598454e+00 2.230288606134e+00 1.956539484729e+00 1.720117743198e+00 1.521007305508e+00 1.357672542603e+00 1.227736525858e+00 1.127967837865e+00 1.054039475067e+00 1.000525733957e+00 9.613093102954e-01 9.302422059254e-01 9.017699629493e-01 8.713243286052e-01 8.354776889829e-01 7.919727904006e-01 7.397329238806e-01 6.788719815525e-01 6.106492297549e-01 5.373021067511e-01 4.617353922820e-01 3.871073487866e-01 3.163957202275e-01 2.520328191502e-01 1.956741190460e-01 1.481242660693e-01 1.094047750013e-01 7.892038346517e-02 5.567074901882e-02 3.845922127163e-02 2.606516847439e-02 1.736405096101e-02 1.139465476592e-02 7.382750442622e-03 4.734567498792e-03 3.013202337518e-03 1.908332039679e-03 1.206097847162e-03 7.628612697627e-04 4.842171666794e-04
4.361307295648e-20 1.396444901754e-19 4.497796186664e-19 1.456150463538e-18 4.735414813905e-18 1.545969123922e-17 5.064013098400e-17 1.663422768004e-16 5.476212521428e-16 1.805803077520e-15 5.960693230559e-15 1.968158724265e-14 6.495823690241e-14 2.141227412220e-13 7.042983559711e-13 2.309359850024e-12 7.540610246096e-12 2.449075737874e-11 7.902075727019e-11 2.529574969451e-10 8.022470806102e-10 2.516947261142e-09 7.799437545318e-09 2.383214206492e-08 7.168594463620e-08 2.118915354759e-07 6.143567982861e-07 1.744053422519e-06 4.838669949546e-06 1.309512220307e-05 3.450648035129e-05 8.836785329348e-05 2.195306099095e-04 5.281073676143e-04 1.228046562653e-03 2.755735693548e-03 5.957812927749e-03 1.239076010400e-02 2.475440799920e-02 4.744467161074e-02 8.713723702828e-02 1.532063742925e-01 2.576712892548e-01 4.143094923903e-01 6.366641011331e-01 9.349562992691e-01 1.312367562237e+00 1.761630354309e+00 2.263123624364e+00 2.785496940755e+00 3.289197440584e+00 3.732344376495e+00 4.077566651476e+00 4.298062208504e+00 4.381414124885e+00 4.330461094401e+00 4.161406469096e+00 3.899991550253e+00 3.576783662710e+00 3.222521648603e+00 2.864237198975e+00 2.522674222252e+00 2.211325705479e+00 1.937076650087e+00 1.701982984080e+00 1.505345323058e+00 1.345233549093e+00 1.219053261579e+00 1.123358813557e+00 1.053504057896e+00 1.003656743346e+00 9.673111185895e-01 9.380537148791e-01 9.102270550712e-01 8.792945972024e-01 8.419436479092e-01 7.960823929790e-01 7.408471067487e-01 6.766202718811e-01 6.049791245900e-01 5.284963253572e-01 4.503783772494e-01 3.740006766528e-01 3.024399004997e-01 2.381024891325e-01 1.825129338442e-01 1.362773116630e-01 9.919448701467e-02 7.046102504772e-02 4.890937314991e-02 3.322871171983e-02 2.213671919375e-02 1.449059738658e-02 9.341445979114e-03 5.945070883085e-03 3.744957308872e-03 2.341417950084e-03 1.457141536252e-03 9.053174519762e-04 5.632140112466e-04 3.518747473544e-04
2.716757340346e-20 8.725312801676e-20 2.820386697279e-19 9.168440229294e-19 2.995428506439e-18 9.829909511937e-18 3.238419939706e-17 1.070480884131e-16 3.548537265797e-16 1.178944851204e-15 3.923203984508e-15 1.306763806476e-14 4.353509610684e-14 1.449485397432e-13 4.818713524217e-13 1.597956744122e-12 5.280195815816e-12 1.736520717571e-11 5.676849996720e-11 1.842229898626e-10 5.925983248545e-10 1.886643685065e-09 5.935110237158e-09 1.841792313954e-08 5.628072014645e-08 1.690420356901e-07 4.981201995108e-07 1.437309843299e-06 4.053265060687e-06 1.114945601117e-05 2.985735563323e-05 7.768857674598e-05 1.960377142050e-04 4.788303553553e-04 1.130019892993e-03 2.572061305857e-03 5.636738134386e-03 1.187477740532e-02 2.401160970850e-02 4.653918195544e-02 8.635503380309e-02 1.532408798291e-01 2.598448216594e-01 4.207643825173e-01 6.504162233186e-01 9.596914266553e-01 1.351905331371e+00 1.819089235662e+00 2.339962858636e+00 2.880722902540e+00 3.399033133844e+00 3.850542446246e+00 4.196335859110e+00 4.409366497925e+00 4.478288562042e+00 4.408016035724e+00 4.217331457066e+00 3.934541601418e+00 3.592352979107e+00 3.222954579518e+00 2.854023744977e+00 2.506174734603e+00 2.192176038356e+00 1.917901460266e+00 1.684451598166e+00 1.490464493621e+00 1.333672028359e+00 1.211313842555e+00 1.119746309589e+00 1.053984568102e+00 1.007759236987e+00 9.741621469665e-01 9.465270913837e-01 9.191228212075e-01 8.874729217821e-01 8.483973851521e-01 7.999792163467e-01 7.415769296364e-01 6.738561023027e-01 5.987298652860e-01 5.191203506644e-01 4.385389992695e-01 3.605670657939e-01 2.883561903440e-01 2.242561004555e-01 1.696299319640e-01 1.248616313678e-01 8.951435594104e-02 6.257448685758e-02 4.271422479167e-02 2.852099785462e-02 1.866495994858e-02 1.199802697430e-02 7.593656958939e-03 4.744249806593e-03 2.933918437130e-03 1.801128634973e-03 1.100941891145e-03 6.721310029788e-04 4.111273938457e-04 2.527391359515e-04
1.673769106198e-20 5.390451306629e-20 1.748188822264e-19 5.704874650883e-19 1.872054517888e-18 6.173914572742e-18 2.045242010030e-17 6.802159456320e-17 2.270057569478e-16 7.597506710393e-16 2.548506933920e-15 8.562339553185e-15 2.879207687190e-14 9.682248453055e-14 3.253226074890e-13 1.091087661264e-12 3.648742517646e-12 1.215212936249e-11 4.025597786499e-11 1.324574126758e-10 4.322607323267e-10 1.396860517840e-09 4.462446388247e-09 1.406840126393e-08 4.368931690810e-08 1.333963354794e-07 3.996752332717e-07 1.172746508097e-06 3.363265477761e-06 9.408010096730e-06 2.561721686898e-05 6.776185436620e-05 1.737754378569e-04 4.312073757135e-04 1.033340337191e-03 2.386989280116e-03 5.305547369259e-03 1.132778530599e-02 2.319559181934e-02 4.548620616816e-02 8.531082312750e-02 1.528602705499e-01 2.614318883234e-01 4.264878816756e-01 6.633834347395e-01 9.837464243138e-01 1.391064186790e+00 1.876644923229e+00 2.417452974622e+00 2.977078918316e+00 3.510240927750e+00 3.970007314589e+00 4.315906669153e+00 4.520740505810e+00 4.574400094694e+00 4.484056825536e+00 4.271217612143e+00 3.966833910597e+00 3.605762389372e+00 3.221597465343e+00 2.842575932972e+00 2.489068836886e+00 2.173001353677e+00 1.899145167508e+00 1.667613208620e+00 1.476412810523e+00 1.323004770899e+00 1.204517966176e+00 1.117122521825e+00 1.055467207253e+00 1.012809932991e+00 9.818273625561e-01 9.556183520538e-01 9.284111994792e-01 8.958181792234e-01 8.548068022485e-01 8.036412022427e-01 7.419103437162e-01 6.705783215508e-01 5.919133513425e-01 5.092012844140e-01 4.262599039028e-01 3.468620434503e-01 2.742073395374e-01 2.105560946176e-01 1.570795707935e-01 1.139175687115e-01 8.038716983276e-02 5.526559173220e-02 3.707436914999e-02 2.431330212420e-02 1.561983047781e-02 9.853288866118e-03 6.118678322648e-03 3.750451255823e-03 2.275661470188e-03 1.371014457082e-03 8.227229422445e-04 4.933460303032e-04 2.965963572027e-04 1.793531858456e-04
1.019809402109e-20 3.292421221225e-20 1.070999315121e-19 3.507516779243e-19 1.155764402802e-18 3.829638628234e-18 1.275392925090e-17 4.266891806575e-17 1.433305489723e-16 4.831586654468e-16 1.633461004460e-15 5.534955184547e-15 1.878423691262e-14 6.379696728257e-14 2.166445851423e-13 7.348681589097e-13 2.487212272030e-12 8.389573568378e-12 2.816599124910e-11 9.398432022711e-11 3.112228237640e-10 1.021100873498e-09 3.313600394125e-09 1.061646525033e-08 3.351869713263e-08 1.040807514018e-07 3.172147347319e-07 9.469777468967e-07 2.763245812202e-06 7.864555638037e-06 2.178626921080e-05 5.861756264285e-05 1.528620651763e-04 3.855704938106e-04 9.387821060106e-04 2.202081650769e-03 4.966984203943e-03 1.075390215848e-02 2.231132167338e-02 4.428954021296e-02 8.400293167352e-02 1.520505938425e-01 2.623979419625e-01 4.314176359596e-01 6.754731050546e-01 1.007003607022e+00 1.429714398238e+00 1.934172568740e+00 2.495488261381e+00 3.074484169674e+00 3.622760746365e+00 4.090689872260e+00 4.436233192657e+00 4.632142120804e+00 4.669720361430e+00 4.558583515981e+00 4.323105471211e+00 3.996953642387e+00 3.617137227324e+00 3.218605576023e+00 2.830065776202e+00 2.471529791435e+00 2.153958450351e+00 1.880931026663e+00 1.651547206826e+00 1.463227426529e+00 1.313239190150e+00 1.198658786188e+00 1.115475815608e+00 1.057935822510e+00 1.018783567651e+00 9.902701058168e-01 9.652831780176e-01 9.380480001704e-01 9.042934091194e-01 8.611454887117e-01 8.070525129384e-01 7.418414178546e-01 6.667916402361e-01 5.845471291351e-01 4.987715274608e-01 4.135882313659e-01 3.329441592195e-01 2.600570384137e-01 1.970634791975e-01 1.449126618904e-01 1.034802098126e-01 7.182973277426e-02 4.853339982389e-02 3.197412693952e-02 2.057962043650e-02 1.296971981787e-02 8.023319732323e-03 4.885095173638e-03 2.935830718904e-03 1.746791472961e-03 1.032233902985e-03 6.078151879658e-04 3.578444737228e-04 2.113700081916e-04 1.256910461844e-04
6.144614134180e-21 1.987996651958e-20 6.484339631611e-20 2.130598815737e-19 7.047699330850e-19 2.345673421941e-18 7.851415057298e-18 2.641681661950e-17 8.930015899124e-17 3.031354360063e-16 1.032730222369e-15 3.528817961593e-15 1.208533114905e-14 4.145081657753e-14 1.422559868200e-13 4.880276352573e-13 1.671787266326e-12 5.711594966603e-12 1.943569623591e-11 6.577862447007e-11 2.210736356507e-10 7.366031466373e-10 2.428877774611e-09 7.911189225828e-09 2.540342193258e-08 8.025535600580e-08 2.489295060948e-07 7.564261236601e-07 2.246962662505e-06 6.510377248839e-06 1.835843650784e-05 5.027189415842e-05 1.333902066070e-04 3.422117810716e-04 8.470738835750e-04 2.018886401028e-03 4.623898708585e-03 1.015763316889e-02 2.136465167573e-02 4.295456080883e-02 8.243198195989e-02 1.508005545435e-01 2.627106240276e-01 4.354918438012e-01 6.865904578380e-01 1.029340080633e+00 1.467718690020e+00 1.991539128721e+00 2.573956142575e+00 3.172853772173e+00 3.736531794007e+00 4.212543507131e+00 4.557274960178e+00 4.743537566712e+00 4.764232324371e+00 4.631610083667e+00 4.373050698917e+00 4.025000011647e+00 3.626613465440e+00 3.214140070520e+00 2.816666472187e+00 2.453728205441e+00 2.135198394414e+00 1.863373899471e+00 1.636322646361e+00 1.450934824783e+00 1.304373781837e+00 1.193723598661e+00 1.114791435853e+00 1.061372428465e+00 1.025653198183e+00 9.994523451034e-01 9.754773089153e-01 9.479914582584e-01 9.128663639739e-01 8.673930884382e-01 8.102036398151e-01 7.413702506033e-01 6.625064410256e-01 5.766541339387e-01 4.878684182105e-01 4.005750889094e-01 3.188742755114e-01 2.459690825758e-01 1.838369841937e-01 1.331756622893e-01 9.357893022760e-02 6.385273430540e-02 4.237139590685e-02 2.739350813016e-02 1.729129058287e-02 1.068204947590e-02 6.475542230829e-03 3.863039323320e-03 2.274720732774e-03 1.326340021059e-03 7.683356130510e-04 4.437217727257e-04 2.563731049376e-04 1.487308743170e-04 8.694716656999e-05
3.661014776522e-21 1.186574287751e-20 3.879513327918e-20 1.278501903948e-19 4.244166114990e-19 1.418468408051e-18 4.770634958097e-18 1.613848358551e-17 5.488783968216e-17 1.875858675098e-16 6.438692244357e-16 2.218220292414e-15 7.665212088890e-15 2.654735227923e-14 9.207001293327e-14 3.194411963555e-13 1.107554720574e-12 3.832784525264e-12 1.322080773678e-11 4.539007430753e-11 1.548581634887e-10 5.241266355273e-10 1.756613032874e-09 5.818570766016e-09 1.900980702127e-08 6.112860546816e-08 1.930501393515e-07 5.974252712456e-07 1.807573637293e-06 5.334666227003e-06 1.532190207332e-05 4.272769657897e-05 1.154257941388e-04 3.013783660572e-04 7.588854385924e-04 1.838910098055e-03 4.279203295188e-03 9.543817100825e-03 2.036228467266e-02 4.148826251633e-02 8.060106730005e-02 1.491018748816e-01 2.623402897285e-01 4.386498308318e-01 6.966390142123e-01 1.050627897231e+00 1.504932067642e+00 2.048602958490e+00 2.652736725742e+00 3.272098453916e+00 3.851492457328e+00 4.335524175241e+00 4.678997113450e+00 4.854901622050e+00 4.857930472990e+00 4.703164521131e+00 4.421123937680e+00 4.051085713175e+00 3.634336650183e+00 3.208366567303e+00 2.802550955870e+00 2.435830913977e+00 2.116865898480e+00 1.846580051943e+00 1.621998301592e+00 1.439551092287e+00 1.296398651569e+00 1.189694568510e+00 1.115052213213e+00 1.065757691857e+00 1.033390459774e+00 1.009334909556e+00 9.861569338174e-01 9.582027734947e-01 9.215100136881e-01 8.735355824231e-01 8.130914274561e-01 7.405028182740e-01 6.577385494342e-01 5.682624040525e-01 4.765338303236e-01 3.872749750775e-01 3.047148163512e-01 2.320065237050e-01 1.709322498382e-01 1.219100421485e-01 8.423705425311e-02 5.646074307112e-02 3.676778696584e-02 2.330872252123e-02 1.441759328247e-02 8.723845478019e-03 5.178318981043e-03 3.024479109269e-03 1.743751697976e-03 9.957418534876e-04 5.651308976343e-04 3.199292075518e-04 1.813287645329e-04 1.032812511759e-04 5.934038960935e-05
2.156875799101e-21 7.000484436702e-21 2.293444263017e-20 7.577974767345e-20 2.523761930629e-19 8.467355749665e-19 2.860564730259e-18 9.726812097479e-18 3.327450061703e-17 1.144642235941e-16 3.957486552291e-16 1.374381238433e-15 4.791217073045e-15 1.675361728834e-14 5.871162120139e-14 2.060021764907e-13 7.229004022472e-13 2.534049018043e-12 8.861247191451e-12 3.086548170851e-11 1.069169871397e-10 3.676684535373e-10 1.252819897838e-09 4.221626767790e-09 1.403849438984e-08 4.596857898684e-08 1.478828332690e-07 4.663152032391e-07 1.437855728297e-06 4.324947355639e-06 1.265978120141e-05 3.597515606208e-05 9.900777234380e-05 2.632685688769e-04 6.748153222384e-04 1.663590362034e-03 3.935824684571e-03 8.917562316387e-03 1.931172026383e-02 3.989927019229e-02 7.851590725617e-02 1.469496542810e-01 2.612605645313e-01 4.408326909754e-01 7.055211187476e-01 1.070734272177e+00 1.541201646619e+00 2.105213361448e+00 2.731702289617e+00 3.372124172499e+00 3.967580122134e+00 4.459590411045e+00 4.801370519464e+00 4.966217761447e+00 4.950820931132e+00 4.773288842194e+00 4.467410574003e+00 4.075336304381e+00 3.640460815038e+00 3.201453725903e+00 2.787890510820e+00 2.418000009723e+00 2.099098894831e+00 1.830647140528e+00 1.608622878192e+00 1.429082293785e+00 1.289296103349e+00 1.186549473772e+00 1.116239259641e+00 1.071071371506e+00 1.041965776624e+00 1.019877690190e+00 9.972790784087e-01 9.686466387956e-01 9.302030025415e-01 8.795654934112e-01 8.157190164205e-01 7.392507708270e-01 6.525089745596e-01 5.594047621870e-01 4.648137296822e-01 3.737451561808e-01 2.905289829044e-01 2.182308246419e-01 1.584010652656e-01 1.111517487175e-01 7.547163587619e-02 4.965232577256e-02 3.170590351393e-02 1.969275366586e-02 1.192636964137e-02 7.062285112951e-03 4.101352925876e-03 2.343443922722e-03 1.321910673564e-03 7.387630834822e-04 4.105358950953e-04 2.277055973101e-04 1.265457760248e-04 7.074196501851e-05 3.993633059971e-05
1.256487713015e-21 4.082220529742e-21 1.339581115825e-20 4.436257344513e-20 1.481714027041e-19 4.988730748560e-19 1.692394811253e-18 5.782550476762e-18 1.989126022097e-17 6.885532511536e-17 2.397352703656e-16 8.390818191714e-16 2.950385127796e-15 1.041449474386e-14 3.687391607325e-14 1.308298215417e-13 4.646540394977e-13 1.649901920777e-12 5.849255918640e-12 2.067299679570e-11 7.271943758470e-11 2.541351929174e-10 8.806652156654e-10 3.019940063303e-09 1.022555598394e-08 3.411081031012e-08 1.118384874233e-07 3.595272688117e-07 1.130415351588e-06 3.467523051404e-06 1.035089971254e-05 2.999280168168e-05 8.414850779505e-05 2.280292744389e-04 5.953800764397e-04 1.494268937827e-03 3.596653031406e-03 8.284172769443e-03 1.822118110664e-02 3.819782334654e-02 7.618497733179e-02 1.443427245604e-01 2.594489348564e-01 4.419839978182e-01 7.131385545016e-01 1.089521875891e+00 1.576366528724e+00 2.161210139397e+00 2.810716719806e+00 3.472831660777e+00 4.084730945498e+00 4.584703292201e+00 4.924371836737e+00 5.077478255420e+00 5.042921524630e+00 4.842039059359e+00 4.512010511795e+00 4.097889603345e+00 3.645147415463e+00 3.193571869227e+00 2.772853448825e+00 2.400391984594e+00 2.082028295080e+00 1.815664398842e+00 1.596235367599e+00 1.419524928851e+00 1.283041261631e+00 1.184262470974e+00 1.118332648053e+00 1.077292719396e+00 1.051348530934e+00 1.031039833106e+00 1.008801995809e+00 9.792917566643e-01 9.389300483506e-01 8.854820070572e-01 8.180957111235e-01 7.376311782708e-01 6.468436209531e-01 5.501184718284e-01 4.527576920748e-01 3.600450017020e-01 2.763799483811e-01 2.047010341602e-01 1.462906763269e-01 1.009307800855e-01 6.729337000204e-02 4.342028860418e-02 2.716469248758e-02 1.651597973030e-02 9.784638167229e-03 5.665204759671e-03 3.216026338820e-03 1.796182290588e-03 9.905425337168e-04 5.413885572333e-04 2.943919605220e-04 1.598941852357e-04 8.709150788029e-05 4.776733183598e-05 2.648980191767e-05
7.237713873373e-22 2.352819420288e-21 7.730307858401e-21 2.564826107719e-20 8.588058307337e-20 2.900612043463e-19 9.877736924742e-19 3.390228877504e-18 1.172291581289e-17 4.082235132913e-17 1.430924781582e-16 5.046200765466e-16 1.789279341688e-15 6.374590898440e-15 2.279991023755e-14 8.179233590508e-14 2.939841511021e-13 1.057395949507e-12 3.800660894351e-12 1.363097750827e-11 4.869821543135e-11 1.729909032212e-10 6.098181031606e-10 2.128762205889e-09 7.342296802224e-09 2.496284051174e-08 8.345470669763e-08 2.736565456837e-07 8.778830527489e-07 2.747918130246e-06 8.370647977448e-06 2.474879210470e-05 7.083490776114e-05 1.957546613745e-04 5.210053522316e-04 1.332166208859e-03 3.264489329048e-03 7.649064859804e-03 1.709951847844e-02 3.639572898971e-02 7.361960604944e-02 1.412839904357e-01 2.568873622942e-01 4.420505888637e-01 7.193932566246e-01 1.106849211186e+00 1.610257706256e+00 2.216423100784e+00 2.889634878744e+00 3.574115909155e+00 4.202879555403e+00 4.710826344171e+00 5.047983536966e+00 5.188684208308e+00 5.134261782570e+00 4.909485079916e+00 4.555037895819e+00 4.118895096816e+00 3.648564311506e+00 3.184891642404e+00 2.757603871863e+00 2.383157035859e+00 2.065777951383e+00 1.801713018404e+00 1.584865541783e+00 1.410866462378e+00 1.277602732473e+00 1.182804862690e+00 1.121312081670e+00 1.084400847563e+00 1.061507203643e+00 1.042779921710e+00 1.020685561285e+00 9.901113318368e-01 9.476822755306e-01 8.912910012691e-01 8.202367729204e-01 7.356662390427e-01 6.407729828170e-01 5.404448648781e-01 4.404183796809e-01 3.462352794418e-01 2.623300429656e-01 1.914729994213e-01 1.346431806098e-01 9.127087989338e-02 5.970663546006e-02 3.775203458338e-02 2.311928830979e-02 1.374682319005e-02 7.959194115870e-03 4.501556472795e-03 2.495672961525e-03 1.361254522718e-03 7.332991802175e-04 3.916764470951e-04 2.082724709210e-04 1.107089648003e-04 5.907468245438e-05 3.177871487640e-05 1.730785436604e-05
4.122532241897e-22 1.340297174550e-21 4.407131069630e-21 1.464365152925e-20 4.913614272578e-20 1.664161849850e-19 5.686642528294e-19 1.959853384525e-18 6.809934624523e-18 2.384785006190e-17 8.413145287031e-17 2.988534150340e-16 1.068317650618e-15 3.840546581001e-15 1.387374859021e-14 5.031574265845e-14 1.830048025651e-13 6.667187732456e-13 2.429675137978e-12 8.843243611782e-12 3.209176502923e-11 1.159001875051e-10 4.157233499783e-10 1.477782869838e-09 5.193963292460e-09 1.800575875785e-08 6.141070383671e-08 2.055201767049e-07 6.730868618858e-07 2.151309016236e-06 6.691877047514e-06 2.020243511124e-05 5.903021028733e-05 1.664863590634e-04 4.520192987603e-04 1.178358020892e-03 2.941992507239e-03 7.017676454575e-03 1.595609718501e-02 3.450627948875e-02 7.083403221038e-02 1.377807474534e-01 2.535629177550e-01 4.409834200192e-01 7.241881313068e-01 1.122571092358e+00 1.642698020339e+00 2.270671576412e+00 2.968301934911e+00 3.675865566454e+00 4.321958695867e+00 4.837925407444e+00 5.172193897649e+00 5.299845567876e+00 5.224882897912e+00 4.975710614057e+00 4.596620871799e+00 4.138513408120e+00 3.650884816129e+00 3.175582762382e+00 2.742300528021e+00 2.366438500369e+00 2.050464812659e+00 1.788866730845e+00 1.574534588532e+00 1.403085920240e+00 1.272943285883e+00 1.182145883919e+00 1.125157552875e+00 1.092375075181e+00 1.072409498330e+00 1.055056173053e+00 1.032891689227e+00 1.001083550711e+00 9.564574840901e-01 8.970049893305e-01 8.221631451371e-01 7.333829469667e-01 6.343318062897e-01 5.304289315879e-01 4.278509685855e-01 3.323774165515e-01 2.484399387206e-01 1.785986305517e-01 1.234950224955e-01 8.218936221644e-02 5.270966829446e-02 3.263002542439e-02 1.954164362788e-02 1.135240996757e-02 6.417174696436e-03 3.541802982485e-03 1.915780070375e-03 1.019562920871e-03 5.360437684746e-04 2.795883416438e-04 1.452835930548e-04 7.553796899060e-05 3.946973366438e-05 2.081788888249e-05 1.113305360516e-05
2.322017294967e-22 7.546395030873e-22 2.482214078266e-21 8.256032293320e-21 2.774920910184e-20 9.420271020374e-20 3.228791450645e-19 1.116947897223e-18 3.898525797115e-18 1.372440010656e-17 4.871294656686e-17 1.742441819945e-16 6.277739253186e-16 2.276685087963e-15 8.304792636999e-15 3.044340401639e-14 1.120324203953e-13 4.133880887284e-13 1.527355063991e-12 5.641804169818e-12 2.079903502525e-11 7.638188542102e-11 2.788431635277e-10 1.009675009407e-09 3.617585883792e-09 1.279310473233e-08 4.453541281614e-08 1.522009054928e-07 5.091995801613e-07 1.662922467152e-06 5.285802202064e-06 1.630587871609e-05 4.867638002755e-05 1.402150441190e-04 3.886485179946e-04 1.033755646868e-03 2.631627770499e-03 6.395369972713e-03 1.480066036298e-02 3.254413289149e-02 6.784541438957e-02 1.338449647537e-01 2.494684232831e-01 4.387384898705e-01 7.274279901079e-01 1.136539233391e+00 1.673502181005e+00 2.323763916797e+00 3.046552616935e+00 3.777962290408e+00 4.441898811824e+00 4.965968464863e+00 5.296996968545e+00 5.410981118432e+00 5.314837670352e+00 5.040813033131e+00 4.636901364946e+00 4.156915852889e+00 3.652286862074e+00 3.165812857064e+00 2.727095765610e+00 2.350372449889e+00 2.036199294671e+00 1.777192591977e+00 1.565255880387e+00 1.396154542272e+00 1.269020562446e+00 1.182253503552e+00 1.129850024192e+00 1.101195280082e+00 1.084022475882e+00 1.067826659662e+00 1.045384769797e+00 1.012192038110e+00 9.652603393973e-01 9.026429634373e-01 8.239011003786e-01 7.308127175402e-01 6.275587202258e-01 5.201188611314e-01 4.151125211158e-01 3.185327213798e-01 2.347678467159e-01 1.661252335029e-01 1.128766004906e-01 7.369706769213e-02 4.629485903939e-02 2.803233296012e-02 1.640120062854e-02 9.299218601482e-03 5.126575193931e-03 2.758243138028e-03 1.454119876188e-03 7.543245339585e-04 3.867178076342e-04 1.968030416895e-04 9.986574976111e-05 5.075868367598e-05 2.595932356116e-05 1.342041238338e-05 7.045894323596e-06
1.293408606196e-22 4.199710931159e-22 1.381174140932e-21 4.596345777952e-21 1.546747960968e-20 5.260852735910e-20 1.807837627792e-19 6.274702204854e-19 2.199024054765e-18 7.779248107971e-18 2.776941761488e-17 9.998639781552e-17 3.629500683812e-16 1.327473717083e-15 4.888386882746e-15 1.810889579921e-14 6.741605049315e-14 2.519208808349e-13 9.436288461049e-13 3.537530569375e-12 1.324965426146e-11 4.948520235847e-11 1.839048233965e-10 6.785175529154e-10 2.479192263875e-09 8.947583987651e-09 3.180941040522e-08 1.110758213821e-07 3.798568301842e-07 1.268390887727e-06 4.122879627502e-06 1.300590664103e-05 3.969701620523e-05 1.168834371012e-04 3.310167988308e-04 8.990897187329e-04 2.335617831085e-03 5.787331683845e-03 1.364317563413e-02 3.052515358001e-02 6.467378581321e-02 1.294935211219e-01 2.446030917898e-01 4.352778295040e-01 7.290206061156e-01 1.148602966501e+00 1.702476871457e+00 2.375497008594e+00 3.124210439480e+00 3.880280023129e+00 4.562627603876e+00 5.094925483445e+00 5.422392569016e+00 5.522118488497e+00 5.404190451772e+00 5.104903263353e+00 4.676034909391e+00 4.174284108281e+00 3.652952324209e+00 3.155746448905e+00 2.712134609369e+00 2.335087433798e+00 2.023085850338e+00 1.766751976709e+00 1.557035883181e+00 1.390036502665e+00 1.265787822357e+00 1.183095277541e+00 1.135372150475e+00 1.110842278915e+00 1.096312725711e+00 1.081049583522e+00 1.058132143823e+00 1.023426293196e+00 9.741024796236e-01 9.082301381389e-01 8.254818088410e-01 7.279909502640e-01 6.204957975324e-01 5.095655031148e-01 4.022612811127e-01 3.047615681341e-01 2.213687309106e-01 1.540949173074e-01 1.028119920351e-01 6.579845097884e-02 4.044916209158e-02 2.393326184825e-02 1.366558164534e-02 7.553700426137e-03 4.056703113514e-03 2.125262846204e-03 1.090812298130e-03 5.509931676144e-04 2.751796137367e-04 1.365218923805e-04 6.760156200102e-05 3.356886043077e-05 1.679605381200e-05 8.508401367341e-06 4.384750058269e-06
7.125531486977e-23 2.310294029688e-22 7.592688766632e-22 2.526803915594e-21 8.509276923646e-21 2.898311750658e-20 9.980947005001e-20 3.474141642961e-19 1.221968970202e-18 4.342052806758e-18 1.558197726682e-17 5.645294073627e-17 2.063928124227e-16 7.610406406170e-16 2.828345682051e-15 1.058549115470e-14 3.985794998212e-14 1.508129060375e-13 5.726555105719e-13 2.178740467668e-12 8.291102414915e-12 3.149653743722e-11 1.191842395194e-10 4.481855351953e-10 1.670621323920e-09 6.156090630018e-09 2.236147056198e-08 7.983103006433e-08 2.792442766136e-07 9.540541401530e-07 3.173624479231e-06 1.024576600024e-05 3.200065498755e-05 9.639059183504e-05 2.791467338060e-04 7.748988340715e-04 2.055898820750e-03 5.198470038152e-03 1.249366489285e-02 2.846621254385e-02 6.134194648997e-02 1.247483811285e-01 2.389731486549e-01 4.305705508822e-01 7.288779002706e-01 1.158610114342e+00 1.729420948846e+00 2.425655806075e+00 3.201086895654e+00 3.982684235758e+00 4.684069554555e+00 5.224768237411e+00 5.548386322899e+00 5.633294238114e+00 5.493017148245e+00 5.168105707304e+00 4.714190564595e+00 4.190810061149e+00 3.653066535519e+00 3.145544097394e+00 2.697553958484e+00 2.320704380066e+00 2.011223758945e+00 1.757601784119e+00 1.549875198062e+00 1.384689692436e+00 1.263194739353e+00 1.184639268218e+00 1.141709079098e+00 1.121298280290e+00 1.109246594679e+00 1.094683611638e+00 1.071104616203e+00 1.034782095406e+00 9.830025184400e-01 9.137975604611e-01 8.269407922385e-01 7.249564996755e-01 6.131880224208e-01 4.988217183017e-01 3.893558726398e-01 2.911225318681e-01 2.082935431847e-01 1.425440871810e-01 9.331879894111e-02 5.849179142043e-02 3.515460297197e-02 2.030402315126e-02 1.130127780636e-02 6.082853646223e-03 3.178560536589e-03 1.619509573672e-03 8.083236563114e-04 3.971387255523e-04 1.930228003024e-04 9.327283910746e-05 4.503495777140e-05 2.183488080141e-05 1.068348986506e-05 5.301484167172e-06 2.681444880767e-06
3.882986031667e-23 1.256382751812e-22 4.123861114849e-22 1.371692173500e-21 4.620240078899e-21 1.575109787749e-20 5.433044529647e-20 1.895604101286e-19 6.688475392866e-19 2.386084548878e-18 8.604288685434e-18 3.135312910018e-17 1.154021396305e-16 4.288423290060e-16 1.607902100282e-15 6.078011016364e-15 2.314148028933e-14 8.864521833319e-14 3.411723221593e-13 1.317270470223e-12 5.093226695881e-12 1.968189353456e-11 7.584745381835e-11 2.907823458781e-10 1.106148822908e-09 4.163541824543e-09 1.546073337935e-08 5.646356613899e-08 2.021540744239e-07 7.072008623088e-07 2.409342469567e-06 7.966955476821e-06 2.548433198697e-05 7.859731401732e-05 2.329642187250e-04 6.615234132124e-04 1.794082591523e-03 4.633316057408e-03 1.136202108373e-02 2.638494729331e-02 5.787528718988e-02 1.196366963904e-01 2.325924207575e-01 4.245939482419e-01 7.269172678022e-01 1.166408029920e+00 1.754125791611e+00 2.474012931725e+00 3.276980634101e+00 4.085031141398e+00 4.806145464015e+00 5.355470216655e+00 5.674989780088e+00 5.744553996265e+00 5.581405252281e+00 5.230558196819e+00 4.751550939133e+00 4.206695836944e+00 3.652818065731e+00 3.135361753542e+00 2.683481934896e+00 2.307336648279e+00 2.000708120679e+00 1.749795858357e+00 1.543769753774e+00 1.380066572279e+00 1.261188264213e+00 1.186855067589e+00 1.148849365208e+00 1.132547423183e+00 1.122790494762e+00 1.108688282817e+00 1.084276998021e+00 1.046261852419e+00 9.919859183147e-01 9.193815677990e-01 8.283172343743e-01 7.217510069489e-01 6.056826017239e-01 4.879415744365e-01 3.764543794129e-01 2.776714713445e-01 1.955884845519e-01 1.315030243876e-01 8.440811138077e-02 5.176951837773e-02 3.038886523101e-02 1.711343697467e-02 9.274315303045e-03 4.854736418936e-03 2.465147904446e-03 1.219991621615e-03 5.914079757623e-04 2.822928779299e-04 1.333832999797e-04 6.271949279515e-05 2.950499624567e-05 1.395878023480e-05 6.675857293205e-06 3.244286817384e-06 1.610383741667e-06
2.093400431912e-23 6.755166586568e-23 2.213143673518e-22 7.353404141861e-22 2.475943688839e-21 8.443922777367e-21 2.915748367544e-20 1.019187862373e-19 3.605584141284e-19 1.290737203677e-18 4.674707183218e-18 1.712442015286e-17 6.342749643727e-17 2.374369680413e-16 8.978002151020e-16 3.426539642294e-15 1.318815114730e-14 5.113129392970e-14 1.994322422924e-13 7.813467265253e-13 3.069485863576e-12 1.206680009866e-11 4.736442090073e-11 1.851718530707e-10 7.191074701931e-10 2.766007904317e-09 1.050555174286e-08 3.927234611693e-08 1.440120964414e-07 5.162458157890e-07 1.802752874345e-06 6.110905905300e-06 2.003725676500e-05 6.333248994379e-05 1.923056946366e-04 5.591052146320e-04 1.551427103586e-03 4.095929283518e-03 1.025781631834e-02 2.429948397808e-02 5.430153988951e-02 1.141908195942e-01 2.254828750965e-01 4.173346437582e-01 7.230630604698e-01 1.171844860124e+00 1.776375823068e+00 2.520328370218e+00 3.351676675382e+00 4.187166923946e+00 4.928772003358e+00 5.487006563708e+00 5.802220638076e+00 5.855952742914e+00 5.669453976577e+00 5.292412021946e+00 4.788312302869e+00 4.222154061766e+00 3.652398783570e+00 3.125350355266e+00 2.670037385032e+00 2.295090221495e+00 1.991631052794e+00 1.743386619307e+00 1.538712130203e+00 1.376115094480e+00 1.259713557000e+00 1.189714937206e+00 1.156786013358e+00 1.144576412252e+00 1.136911274832e+00 1.123024459098e+00 1.097628649168e+00 1.057874860438e+00 1.001084687386e+00 9.250230404464e-01 8.296531042196e-01 7.184180471038e-01 5.980280872531e-01 4.769793579899e-01 3.636132871405e-01 2.644605619875e-01 1.832943012318e-01 1.209955613789e-01 7.608458881066e-02 4.561863781466e-02 2.612593778243e-02 1.432864240959e-02 7.550880304485e-03 3.838907344991e-03 1.891686160688e-03 9.081063198751e-04 4.269993595317e-04 1.977705018048e-04 9.074283961237e-05 4.148040480116e-05 1.899680651643e-05 8.764116428164e-06 4.095184607002e-06 1.948537277837e-06 9.491630244760e-07
1.116771501920e-23 3.591511938547e-23 1.173713640258e-22 3.893141440612e-22 1.309601019096e-21 4.465270389848e-21 1.542691475208e-20 5.399312742009e-20 1.914080897185e-19 6.872081475586e-19 2.498387083978e-18 9.195832448983e-18 3.425823636069e-17 1.291273453352e-16 4.921862580812e-16 1.895870041420e-15 7.373708892276e-15 2.892703178555e-14 1.143162833293e-13 4.544038415825e-13 1.813601061147e-12 7.253268185419e-12 2.900238774557e-11 1.156508353125e-10 4.586495028197e-10 1.803574844309e-09 7.010089359570e-09 2.684028257262e-08 1.008787974115e-07 3.708432398532e-07 1.328487407987e-06 4.620493044520e-06 1.554445005043e-05 5.040006144621e-05 1.569278727649e-04 4.675926807838e-04 1.328816359907e-03 3.589812907195e-03 9.190106753978e-03 2.222812540294e-02 5.065045194272e-02 1.084482177760e-01 2.176750905275e-01 4.087897732313e-01 7.172482444966e-01 1.174771063655e+00 1.795949295235e+00 2.564349342073e+00 3.424945722387e+00 4.288927007814e+00 5.051861309995e+00 5.619354073025e+00 5.930103038919e+00 5.967555161301e+00 5.757274436392e+00 5.353831948332e+00 4.824684774172e+00 4.237408363257e+00 3.652004263740e+00 3.115655715052e+00 2.657329528856e+00 2.284064027278e+00 1.984083073735e+00 1.738426897983e+00 1.534693014289e+00 1.372779681335e+00 1.258714987875e+00 1.193195057950e+00 1.165517629552e+00 1.157375219156e+00 1.151576614869e+00 1.137654783660e+00 1.111143968904e+00 1.069637418250e+00 1.010336851145e+00 9.307664148804e-01 8.309920550726e-01 7.150020658720e-01 5.902732815542e-01 4.659883955654e-01 3.508863081721e-01 2.515373018499e-01 1.714456384649e-01 1.110388649053e-01 6.834665678507e-02 4.002124851132e-02 2.233680292226e-02 1.191579421651e-02 6.097886729463e-03 3.006785176049e-03 1.435757597842e-03 6.676038880687e-04 3.040651059329e-04 1.364762520383e-04 6.073588850929e-05 2.696255133901e-05 1.201094383398e-05 5.400091008191e-06 2.464252871732e-06 1.147762627403e-06 5.486705541333e-07
5.896687720688e-24 1.888558515730e-23 6.152151100671e-23 2.035820897980e-22 6.837390754623e-22 2.329359355491e-21 8.046917186175e-21 2.818273440732e-20 1.000568361869e-19 3.600683015366e-19 1.313286523012e-18 4.854168067791e-18 1.817871985249e-17 6.895602422474e-17 2.648200258828e-16 1.029054066691e-15 4.042889025658e-15 1.604269558558e-14 6.421841172535e-14 2.589375235542e-13 1.049847361693e-12 4.271474892735e-12 1.740025225551e-11 7.078581170671e-11 2.867622057053e-10 1.153310070607e-09 4.589685721784e-09 1.800983748396e-08 6.942758917307e-08 2.619394631814e-07 9.634568517441e-07 3.441333338705e-06 1.189019766921e-05 3.958635060861e-05 1.265195522166e-04 3.867520412414e-04 1.126751080896e-03 3.117841746651e-03 8.167240603537e-03 2.018901130410e-02 4.695338445580e-02 1.024512732892e-01 2.092086429689e-01 3.989681989940e-01 7.094162538271e-01 1.175041254895e+00 1.812619399063e+00 2.605810416300e+00 3.496543594604e+00 4.390135387308e+00 5.175320603972e+00 5.752491230770e+00 6.058667913968e+00 6.079436040101e+00 5.844989825673e+00 5.414996205032e+00 4.860892546002e+00 4.252694074058e+00 3.651834567589e+00 3.106418702121e+00 2.645457761648e+00 2.274350332594e+00 1.978154622523e+00 1.734971957186e+00 1.531702781380e+00 1.370002238905e+00 1.258137155044e+00 1.197276831490e+00 1.175049626108e+00 1.170937781238e+00 1.166755377262e+00 1.152544067485e+00 1.124812777678e+00 1.081572743048e+00 1.019785667784e+00 9.366584500331e-01 8.323781194484e-01 7.115471293293e-01 5.824659680752e-01 4.550197402772e-01 3.383231470957e-01 2.389435522862e-01 1.600704980866e-01 1.016433507628e-01 6.118682373585e-02 3.495513654686e-02 1.899014684860e-02 9.840727772975e-03 4.883473839415e-03 2.331923506913e-03 1.077369119292e-03 4.844957822230e-04 2.134298444882e-04 9.270508836485e-05 3.996594571478e-05 1.721178152859e-05 7.451478562984e-06 3.262726205907e-06 1.453460788248e-06 6.625620496306e-07 3.108460152055e-07
3.082554265134e-24 9.824243051166e-24 3.187768227655e-23 1.051647499887e-22 3.524041259810e-22 1.198780553000e-21 4.138224317349e-21 1.449385391822e-20 5.150070137408e-20 1.856466315313e-19 6.788806192479e-19 2.518290698552e-18 9.474774907669e-18 3.614792023779e-17 1.397952025904e-16 5.477317887977e-16 2.172696165853e-15 8.717239561984e-15 3.533426998197e-14 1.444856064614e-13 5.950007230586e-13 2.462645912815e-12 1.022060166057e-11 4.242390328077e-11 1.756095493565e-10 7.226243564890e-10 2.945892346154e-09 1.185429427137e-08 4.690527558353e-08 1.817708190523e-07 6.870847494338e-07 2.522827387822e-06 8.961189741706e-06 3.066742235447e-05 1.007150317447e-04 3.161838159671e-04 9.453509043971e-04 2.682206584115e-03 7.196676287455e-03 1.819975907363e-02 4.324283630907e-02 9.624696193554e-02 2.001323828794e-01 3.878917408218e-01 6.995230597210e-01 1.172516429182e+00 1.826155806893e+00 2.644433977032e+00 3.566210893385e+00 4.490604066588e+00 5.299051816733e+00 5.886398170985e+00 6.187953261655e+00 6.191680634667e+00 5.932735522260e+00 5.476096347037e+00 4.897174060218e+00 4.268259180240e+00 3.652095426437e+00 3.097775781889e+00 2.634511560752e+00 2.266035152009e+00 1.973937695970e+00 1.733081704994e+00 1.529733200282e+00 1.367723179197e+00 1.257925851282e+00 1.201948142050e+00 1.185395373600e+00 1.185262602248e+00 1.182417828223e+00 1.167659546175e+00 1.138630532150e+00 1.093710657103e+00 1.029478592914e+00 9.427467948754e-01 8.338542826901e-01 7.080955978400e-01 5.746515935355e-01 4.441208520979e-01 3.259683356545e-01 2.267147149840e-01 1.491898691194e-01 9.281276635653e-02 5.459212651204e-02 3.039443917973e-02 1.605307581930e-02 8.069576554791e-03 3.877424734346e-03 1.790199915527e-03 7.989445224293e-04 3.469177858683e-04 1.475809963133e-04 6.194463021910e-05 2.583571292420e-05 1.078178342259e-05 4.532293117251e-06 1.931464160950e-06 8.396078880593e-07 3.745423011614e-07 1.724809961547e-07
1.595960603774e-24 5.057175350307e-24 1.633214571785e-23 5.367516319895e-23 1.793301463494e-22 6.086984627948e-22 2.098263991656e-21 7.344306781895e-21 2.610065148680e-20 9.418193966783e-20 3.450753045995e-19 1.283792405257e-18 4.849413092343e-18 1.859663057595e-17 7.237867918192e-17 2.857772968987e-16 1.143957139840e-15 4.638558392028e-15 1.903111269171e-14 7.889509911165e-14 3.299203804405e-13 1.388914542718e-12 5.872791401825e-12 2.487550334257e-11 1.052385971368e-10 4.432401241056e-10 1.851933065380e-09 7.646881085032e-09 3.107941578584e-08 1.238151253832e-07 4.814145763990e-07 1.818931313655e-06 6.649235113778e-06 2.341617474857e-05 7.910853168799e-05 2.553440846679e-04 7.843683965374e-04 2.284377905829e-03 6.284818153100e-03 1.627709476284e-02 3.955189955449e-02 8.988639818387e-02 1.905045783234e-01 3.755963941049e-01 6.875394573346e-01 1.167066625183e+00 1.836326716071e+00 2.679931098755e+00 3.633672912827e+00 4.590132580335e+00 5.422951162770e+00 6.021056486568e+00 6.318004255005e+00 6.304384887282e+00 6.020659045544e+00 5.537336924160e+00 4.933782087361e+00 4.284365450007e+00 3.652999912611e+00 3.089859937753e+00 2.624570490293e+00 2.259198610288e+00 1.971527550182e+00 1.732823123060e+00 1.528779315389e+00 1.365882433513e+00 1.258028899194e+00 1.207204444525e+00 1.196577181931e+00 1.200353169764e+00 1.198535675292e+00 1.182970979092e+00 1.152598375722e+00 1.106087079145e+00 1.039466074687e+00 9.490785076496e-01 8.354611318710e-01 7.046869440446e-01 5.668721186327e-01 4.333344886565e-01 3.138603212997e-01 2.148791888102e-01 1.388176223510e-01 8.454448597298e-02 4.854471462102e-02 2.631036871764e-02 1.349182220303e-02 6.569329056282e-03 3.051500232390e-03 1.359922532587e-03 5.852547378673e-04 2.449589063474e-04 1.004653298543e-04 4.068595285658e-05 1.639432597252e-05 6.622028923167e-06 2.700401700060e-06 1.119293410024e-06 4.746151862300e-07 2.071742978902e-07 9.366914331489e-08
8.186871715585e-25 2.576946809498e-24 8.275988326736e-24 2.707385777379e-23 9.011731140273e-23 3.049904015731e-22 1.049087931679e-21 3.666991458400e-21 1.302472950254e-20 4.701259651724e-20 1.724596882767e-19 6.430219889312e-19 2.436936340885e-18 9.386838074569e-18 3.674285779696e-17 1.461018870673e-16 5.898379558959e-16 2.415838091257e-15 1.002793878252e-14 4.212979237245e-14 1.788505614246e-13 7.657036511026e-13 3.298356865084e-12 1.425760444938e-11 6.165979189226e-11 2.658962734331e-10 1.139167028195e-09 4.829618490395e-09 2.017744692228e-08 8.270642975259e-08 3.311029254850e-07 1.288652349432e-06 4.853468758508e-06 1.760886753891e-05 6.126898073805e-05 2.035696175571e-04 6.432145647260e-04 1.925091418965e-03 5.436877063207e-03 1.443648596161e-02 3.591365296372e-02 8.342423560996e-02 1.803928869110e-01 3.621334920736e-01 6.734535494913e-01 1.158574035249e+00 1.842901456675e+00 2.712002912970e+00 3.698639853683e+00 4.688507606155e+00 5.546908607257e+00 6.156448804472e+00 6.448873061734e+00 6.417655438388e+00 6.108919843205e+00 5.598934936056e+00 4.970983710419e+00 4.301289839280e+00 3.654770682429e+00 3.082802100350e+00 2.615704303996e+00 2.253915189683e+00 1.971024473308e+00 1.734273001566e+00 1.528841598482e+00 1.364420490588e+00 1.258396763751e+00 1.213049563965e+00 1.208627023025e+00 1.216218156716e+00 1.215081944067e+00 1.198450634875e+00 1.166723094546e+00 1.118743432951e+00 1.049800363611e+00 9.556987707148e-01 8.372358724041e-01 7.013570174633e-01 5.591653426491e-01 4.226980747179e-01 3.020310299258e-01 2.034582592315e-01 1.289607575499e-01 7.683005505973e-02 4.302257730628e-02 2.267198399622e-02 1.127242462245e-02 5.308314510289e-03 2.379686143013e-03 1.021859982615e-03 4.232965801407e-04 1.704672183691e-04 6.728537648082e-05 2.624798698507e-05 1.020347769820e-05 3.984229507796e-06 1.574636966560e-06 6.343978152457e-07 2.623151817676e-07 1.120431722215e-07 4.975167563676e-08
4.162956237156e-25 1.300366877728e-24 4.149196212843e-24 1.349968190356e-23 4.473083283509e-23 1.508248311935e-22 5.172870596362e-22 1.804283242335e-21 6.400142534643e-21 2.309038529026e-20 8.474173384069e-20 3.164160881366e-19 1.202177392006e-18 4.647787640905e-18 1.828345122077e-17 7.316459519781e-17 2.977041540183e-16 1.230885663533e-15 5.166421621477e-15 2.198673781447e-14 9.472122500445e-14 4.123001926058e-13 1.809105124535e-12 7.980650568107e-12 3.528680656345e-11 1.558474932548e-10 6.849531416371e-10 2.983422187280e-09 1.282205028194e-08 5.412338202686e-08 2.233160780978e-07 8.962803202878e-07 3.482002846258e-06 1.303084063288e-05 4.675450994991e-05 1.601057364118e-04 5.209949638475e-04 1.604356739708e-03 4.656762653867e-03 1.269178884673e-02 3.236050340370e-02 7.691791266781e-02 1.698741108842e-01 3.475707370035e-01 6.572733570450e-01 1.146936550380e+00 1.845653676549e+00 2.740342468141e+00 3.760807330606e+00 4.785502668815e+00 5.670807206740e+00 6.292558074616e+00 6.580618428817e+00 6.531609526354e+00 6.197689056522e+00 5.661119235628e+00 5.009060299784e+00 4.319326299788e+00 3.657643029558e+00 3.076733252215e+00 2.607973208309e+00 2.250253863110e+00 1.972535669941e+00 1.737521136740e+00 1.529928577329e+00 1.363279556243e+00 1.258982936165e+00 1.219496148516e+00 1.221587003248e+00 1.232871511311e+00 1.232030839374e+00 1.214073334403e+00 1.181017165587e+00 1.131726184032e+00 1.060534600786e+00 9.626501290338e-01 8.392120536959e-01 6.981380864753e-01 5.515649938891e-01 4.122438018201e-01 2.905060906677e-01 1.924665390803e-01 1.196200596379e-01 6.965599521676e-02 3.800039978718e-02 1.944698822163e-02 9.361364394299e-03 4.256608393819e-03 1.838354829283e-03 7.592030016955e-04 3.021314861356e-04 1.168433039303e-04 4.430310963559e-05 1.661915690760e-05 6.223047804073e-06 2.346105026940e-06 8.977639300040e-07 3.513442454777e-07 1.416233335393e-07 5.919669568218e-08 2.582695253388e-08
2.099462623310e-25 6.501191179323e-25 2.058968767334e-24 6.656426800023e-24 2.193680989124e-23 7.363167695857e-23 2.515948492637e-22 8.749802402898e-22 3.097115764631e-21 1.115940851684e-20 4.093962787281e-20 1.529572423545e-19 5.821214586628e-19 2.257036343917e-18 8.915789622751e-18 3.587769776276e-17 1.470259239450e-16 6.132325655984e-16 2.601089457614e-15 1.120688674881e-14 4.897395770407e-14 2.166631510003e-13 9.681943079608e-13 4.358512150005e-12 1.970484918119e-11 8.915589029085e-11 4.021433694295e-10 1.800606264056e-09 7.966650310859e-09 3.466148299731e-08 1.475505252678e-07 6.113803403764e-07 2.453006581538e-06 9.481228711981e-06 3.512601937104e-05 1.241356033880e-04 4.165548476098e-04 1.321489568469e-03 3.947013107583e-03 1.105492257390e-02 2.892348787541e-02 7.042673315561e-02 1.590336799107e-01 3.319930030532e-01 6.390294537521e-01 1.132071650713e+00 1.844365059041e+00 2.764637081198e+00 3.819857191421e+00 4.880877934765e+00 5.794522400248e+00 6.429366708705e+00 6.713305143089e+00 6.646375018737e+00 6.287149569364e+00 5.724130162565e+00 5.048307752422e+00 4.338788233576e+00 3.661869070553e+00 3.071787550079e+00 2.601428479140e+00 2.248278170649e+00 1.976177376069e+00 1.742674239550e+00 1.532060203374e+00 1.362405017506e+00 1.259744149327e+00 1.226565837936e+00 1.235509739055e+00 1.250332669403e+00 1.249357863155e+00 1.229816821885e+00 1.195499145741e+00 1.145086774234e+00 1.071722485547e+00 9.699725592520e-01 8.414203019635e-01 6.950599146947e-01 5.441017913000e-01 4.019996061877e-01 2.793058101379e-01 1.819129889481e-01 1.107911495618e-01 6.300483446466e-02 3.345050938216e-02 1.660252054735e-02 7.726137613014e-03 3.386350379749e-03 1.406344572792e-03 5.574677578282e-04 2.126959261465e-04 7.883089454589e-05 2.865671283176e-05 1.031840685785e-05 3.715822488904e-06 1.350752156316e-06 4.999670796431e-07 1.899475840397e-07 7.462378941545e-08 3.052923643250e-08 1.309472433056e-08
1.050762480663e-25 3.221976391494e-25 1.011769080273e-24 3.246968919363e-24 1.063302605186e-23 3.549667818281e-23 1.207332844799e-22 4.182875023490e-22 1.476169454983e-21 5.307467596327e-21 1.944679368191e-20 7.263682882070e-20 2.766620268994e-19 1.074824594510e-18 4.259788527138e-18 1.722277670399e-17 7.102325032521e-17 2.986025274354e-16 1.279005235407e-15 5.575537985420e-15 2.470186464004e-14 1.110255785788e-13 5.051330959243e-13 2.320203083007e-12 1.072594941677e-11 4.972692123663e-11 2.302818745969e-10 1.060541656672e-09 4.834170782507e-09 2.169865551739e-08 9.539946015364e-08 4.085827973957e-07 1.695233832198e-06 6.776547509919e-06 2.595925406138e-05 9.480956125366e-05 3.285313023171e-04 1.075166463257e-03 3.308767067742e-03 9.535584825173e-03 2.563155247042e-02 6.401077775471e-02 1.479648040078e-01 3.155027893305e-01 6.187774703908e-01 1.113920526642e+00 1.838829506013e+00 2.784571154837e+00 3.875458674050e+00 4.974380270956e+00 5.917921459883e+00 6.566855869158e+00 6.847003807336e+00 6.762091089686e+00 6.377496983437e+00 5.788219978416e+00 5.089037374529e+00 4.360011962840e+00 3.667723501149e+00 3.068106928082e+00 2.596113736688e+00 2.248046404875e+00 1.982077380411e+00 1.749860862180e+00 1.535272334972e+00 1.361747496209e+00 1.260640629155e+00 1.234289378833e+00 1.250458985475e+00 1.268627315563e+00 1.267040589172e+00 1.245662786611e+00 1.210194701699e+00 1.158882225905e+00 1.083418774478e+00 9.777045925477e-01 8.438901958405e-01 6.921519135683e-01 5.368054637909e-01 3.919909658310e-01 2.684468054476e-01 1.718024100961e-01 1.024658212427e-01 5.685626984781e-02 2.934384219547e-02 1.410589697839e-02 6.335740720116e-03 2.671969481547e-03 1.064962684575e-03 4.043520378340e-04 1.475947588568e-04 5.231291594458e-05 1.819459472358e-05 6.276414404367e-06 2.170080410986e-06 7.595925442171e-07 2.716844863280e-07 1.001437225126e-07 3.833908282468e-08 1.535616326719e-08 6.480221091131e-09
5.222688998829e-26 1.583890888408e-25 4.926023487990e-25 1.567618450946e-24 5.096061771454e-24 1.690418118504e-23 5.717903692954e-23 1.971708369385e-22 6.931273756108e-22 2.484479071027e-21 9.083487847806e-21 3.388733691962e-20 1.290529397777e-19 5.018863523550e-19 1.993758263085e-18 8.091541757309e-18 3.354760174406e-17 1.420493137078e-16 6.139255516741e-16 2.705814570414e-15 1.214589872077e-14 5.543371356473e-14 2.566846223666e-13 1.202736562527e-12 5.685078832608e-12 2.701055374538e-11 1.284653409429e-10 6.088598452780e-10 2.861325671868e-09 1.326225068617e-08 6.028699337382e-08 2.672139630400e-07 1.148048061091e-06 4.753101285592e-06 1.885493584569e-05 7.127315595642e-05 2.554098667345e-04 8.635000959512e-04 2.741780784724e-03 8.141022777206e-03 2.251083150939e-02 5.772965310285e-02 1.367672486006e-01 2.982202008862e-01 5.966003090512e-01 1.092452283361e+00 1.828857714434e+00 2.799829465333e+00 3.927270013200e+00 5.065743762020e+00 6.040863527283e+00 6.705005453179e+00 6.981791583541e+00 6.878910304471e+00 6.468942280921e+00 5.853654851660e+00 5.131577995294e+00 4.383361669531e+00 3.675511487458e+00 3.065847793376e+00 2.592067342702e+00 2.249612150314e+00 1.990378184340e+00 1.759237683520e+00 1.539622729243e+00 1.361265847600e+00 1.261636689439e+00 1.242707061998e+00 1.266511000685e+00 1.287789188767e+00 1.285060499087e+00 1.261598863301e+00 1.225138525489e+00 1.173176609240e+00 1.095680738087e+00 9.858854938328e-01 8.466531669248e-01 6.894461587684e-01 5.297074481386e-01 3.822432289637e-01 2.579440169224e-01 1.621371616587e-01 9.463346891084e-02 5.118832183611e-02 2.565084115693e-02 1.192525176553e-02 5.161049030803e-03 2.090314503812e-03 7.979207021099e-04 2.895560742526e-04 1.008879063646e-04 3.411948472509e-05 1.132918922236e-05 3.736649519675e-06 1.238256290780e-06 4.167623584749e-07 1.438985728643e-07 5.143333131372e-08 1.918710131221e-08 7.527325458038e-09 3.128098034670e-09
2.579983774161e-26 7.728782437355e-26 2.377768609498e-25 7.494941895287e-25 2.416106547879e-24 7.955463223190e-24 2.673548243193e-23 9.167180033867e-23 3.207010018617e-22 1.144921175036e-21 4.172777532105e-21 1.553296473094e-20 5.908592164605e-20 2.297879032903e-19 9.140399146107e-19 3.719840691072e-18 1.549003835636e-17 6.599262783389e-17 2.875237848133e-16 1.280148982511e-15 5.817808811953e-15 2.694544816328e-14 1.269249136365e-13 6.065013034719e-13 2.930875209943e-12 1.427136609846e-11 6.973072018769e-11 3.402789983337e-10 1.649876084421e-09 7.903906716516e-09 3.719007548540e-08 1.708139542206e-07 7.610185179080e-07 3.268236408126e-06 1.344663925020e-05 5.269259399542e-05 1.955828925838e-04 6.841317904230e-04 2.244491837719e-03 6.875873931603e-03 1.958395620460e-02 5.164110292056e-02 1.255457040321e-01 2.802823458184e-01 5.726099042570e-01 1.067668101426e+00 1.814282105720e+00 2.810101007091e+00 3.974940718021e+00 5.154691125061e+00 6.163200832382e+00 6.843795536109e+00 7.117754714651e+00 6.997003035811e+00 6.561717262054e+00 5.920719292869e+00 5.176279897259e+00 4.409236264342e+00 3.685579282876e+00 3.065190563970e+00 2.589326526219e+00 2.253025515395e+00 2.001241054550e+00 1.770997512677e+00 1.545198965745e+00 1.360931491156e+00 1.262702051092e+00 1.251869952374e+00 1.283757226578e+00 1.307863476675e+00 1.303406267660e+00 1.277621839040e+00 1.240377286917e+00 1.188043445115e+00 1.108570525564e+00 9.945583049399e-01 8.497460595794e-01 6.869807872438e-01 5.228437630808e-01 3.727839915741e-01 2.478126830728e-01 1.529187667901e-01 8.728235984325e-02 4.597832291578e-02 2.234219533358e-02 1.003003627965e-02 4.175074965104e-03 1.620693073223e-03 5.912124701710e-04 2.045799261707e-04 6.787942308985e-05 2.185265783801e-05 6.911603735690e-06 2.175049397476e-06 6.895619232166e-07 2.228419245357e-07 7.420214234315e-08 2.570520710914e-08 9.344448873088e-09 3.592838688116e-09 1.472026979935e-09
1.267798564022e-26 3.746537637843e-26 1.138717690127e-25 3.550919060238e-25 1.133824564840e-24 3.701826072098e-24 1.234718408539e-23 4.205495492611e-23 1.462642659922e-22 5.195481475081e-22 1.885646155933e-21 6.996438776558e-21 2.655460425997e-20 1.031607123893e-19 4.104340900232e-19 1.673100603956e-18 6.989914760713e-18 2.993061995174e-17 1.313263769753e-16 5.901051201245e-16 2.712830014953e-15 1.274115925098e-14 6.101656424369e-14 2.972093445291e-13 1.468003979388e-12 7.325862795451e-12 3.678025532266e-11 1.848841943725e-10 9.255092438979e-10 4.586823353852e-09 2.236514763761e-08 1.065883192692e-07 4.931784920341e-07 2.200534146054e-06 9.406259635355e-06 3.827658780810e-05 1.474068291558e-04 5.343371053988e-04 1.814128662682e-03 5.742090576026e-03 1.686942992497e-02 4.579952538917e-02 1.144077546256e-01 2.618420754812e-01 5.469483962930e-01 1.039605257134e+00 1.794962133170e+00 2.815083562855e+00 4.018114879320e+00 5.240936618590e+00 6.284781899651e+00 6.983210238626e+00 7.254993864946e+00 7.116565250554e+00 6.656083793942e+00 5.989724113739e+00 5.223521313946e+00 4.438078627521e+00 3.698328163109e+00 3.066352869681e+00 2.587933925748e+00 2.258335423055e+00 2.014851217607e+00 1.785379363062e+00 1.552128740542e+00 1.360734490122e+00 1.263814283347e+00 1.261842401606e+00 1.302308853325e+00 1.328912267420e+00 1.322078749051e+00 1.293742186050e+00 1.255973672718e+00 1.203569002264e+00 1.122158265877e+00 1.003773396545e+00 8.532148470869e-01 6.848031935379e-01 5.162574754719e-01 3.636450069111e-01 2.380698437257e-01 1.441490814700e-01 8.040053338175e-02 4.120361077975e-02 1.938935611227e-02 8.391351331548e-03 3.353104406453e-03 1.244828734157e-03 4.329480502175e-04 1.425089343201e-04 4.491645143163e-05 1.373101692268e-05 4.126928813739e-06 1.236457534973e-06 3.743206606956e-07 1.159773039180e-07 3.720655704734e-08 1.248706983163e-08 4.424281275457e-09 1.668521942279e-09 6.749531576038e-10
6.203077685109e-27 1.805822614169e-26 5.414962622307e-26 1.668320990608e-25 5.269977439826e-25 1.704107036928e-24 5.635052772315e-24 1.904504677577e-23 6.578059407419e-23 2.322382194181e-22 8.384585926433e-22 3.097450982789e-21 1.171673951536e-20 4.541586389331e-20 1.805150740415e-19 7.361934724845e-19 3.082082368521e-18 1.324882893968e-17 5.847588765990e-17 2.648970500081e-16 1.230652138428e-15 5.856034689539e-15 2.849081822028e-14 1.413874142506e-13 7.135492437481e-13 3.648937945685e-12 1.882670152224e-11 9.752147273430e-11 5.043451257591e-10 2.588184525240e-09 1.309281400722e-08 6.483568953480e-08 3.120445535123e-07 1.449091650006e-06 6.447084395997e-06 2.729382259093e-05 1.092557262735e-04 4.111394209046e-04 1.446862667153e-03 4.738959249605e-03 1.438111139231e-02 4.025446333524e-02 1.034614912495e-01 2.430660296756e-01 5.197886243172e-01 1.008340946921e+00 1.770790067737e+00 2.814489289428e+00 4.056435991681e+00 5.324191121833e+00 6.405457738558e+00 7.123245088636e+00 7.393633352453e+00 7.237830742203e+00 6.752348070551e+00 6.061018972453e+00 5.273718197159e+00 4.470387657487e+00 3.714232273670e+00 3.069607341017e+00 2.587947376036e+00 2.265593402052e+00 2.031424486392e+00 1.802681030248e+00 1.560593048807e+00 1.360691808589e+00 1.264962713055e+00 1.272706254673e+00 1.322303769626e+00 1.351022468936e+00 1.341097864021e+00 1.309989976333e+00 1.272011534924e+00 1.219856460915e+00 1.136525751070e+00 1.013592231230e+00 8.571180756105e-01 6.829725558349e-01 5.100003262255e-01 3.548632554250e-01 2.287350849452e-01 1.358308241482e-01 7.397620720879e-02 3.684186994771e-02 1.676481336744e-02 6.982116845068e-03 2.672724129551e-03 9.467516293854e-04 3.131577853048e-04 9.779780462155e-05 2.920379174211e-05 8.455577150061e-06 2.409041917175e-06 6.856115666643e-07 1.978169162671e-07 5.867461139108e-08 1.811814484509e-08 5.889168881449e-09 2.034429257898e-09 7.533534978980e-10 3.014203897896e-10
3.025055779499e-27 8.663262353617e-27 2.559260067656e-26 7.779535590927e-26 2.427919123914e-25 7.766057478513e-25 2.542950777937e-24 8.518463560934e-24 2.918663291658e-23 1.023010273585e-22 3.669831540300e-22 1.348242455316e-21 5.076785231313e-21 1.961011523733e-20 7.777030927240e-20 3.169080618488e-19 1.327775423395e-18 5.722511931659e-18 2.537467768797e-17 1.157438929370e-16 5.427890172734e-16 2.614208211217e-15 1.290999616385e-14 6.522634447721e-14 3.361834294805e-13 1.761268900656e-12 9.338900694152e-12 4.986497260672e-11 2.665809496666e-10 1.417812278141e-09 7.449772757904e-09 3.838744604206e-08 1.924952196922e-07 9.320789844824e-07 4.324628923049e-06 1.908559710602e-05 7.956854893272e-05 3.114258790135e-04 1.137996913179e-03 3.863222193611e-03 1.212784807730e-02 3.504914930709e-02 9.281284586695e-02 2.241319954254e-01 4.913338692602e-01 9.739958903214e-01 1.741697387882e+00 2.808051673226e+00 4.089553888701e+00 5.404170301340e+00 6.525092087602e+00 7.263919176323e+00 7.533835481896e+00 7.361088950305e+00 6.850881119667e+00 6.135010864716e+00 5.327338207159e+00 4.506733591845e+00 3.733861022211e+00 3.075305039209e+00 2.589453923414e+00 2.274859379214e+00 2.051215705649e+00 1.823274795574e+00 1.570842957382e+00 1.360858257670e+00 1.266154120133e+00 1.284567084830e+00 1.343916364224e+00 1.374316604083e+00 1.360511587148e+00 1.326422296149e+00 1.288602271545e+00 1.237031039880e+00 1.151770734020e+00 1.024091276552e+00 8.615299156876e-01 6.815615657469e-01 5.041334258763e-01 3.464811267489e-01 2.198305031521e-01 1.279674712248e-01 6.799771677698e-02 3.287115919249e-02 1.444216865385e-02 5.777110232293e-03 2.113765363169e-03 7.126423558624e-04 2.235809026189e-04 6.606229356104e-05 1.863796417864e-05 5.097130834275e-06 1.373043001462e-06 3.703264908212e-07 1.016320467077e-07 2.881544023014e-08 8.556959448990e-09 2.693255499910e-09 9.076582648339e-10 3.304766672042e-10 1.310651877918e-10
1.471973525235e-27 4.141190451109e-27 1.203450725281e-26 3.603984913768e-26 1.109689454162e-25 3.506439477513e-25 1.135509162274e-24 3.765527162418e-24 1.278320240933e-23 4.443056669609e-23 1.581780148316e-22 5.772112133355e-22 2.160855026802e-21 8.306944466426e-21 3.282608703779e-20 1.334692050832e-19 5.588599764054e-19 2.411473827788e-18 1.072768281725e-17 4.920549744091e-17 2.326298735758e-16 1.132675928227e-15 5.671902148312e-15 2.915062641231e-14 1.533441457864e-13 8.227335201732e-13 4.482807659658e-12 2.467828142233e-11 1.364534710842e-10 7.527795481060e-10 4.113282782216e-09 2.208717437062e-08 1.155993591761e-07 5.847798272913e-07 2.835524367301e-06 1.307353165262e-05 5.688835317094e-05 2.320597482218e-04 8.821823600911e-04 3.109301259922e-03 1.011329674603e-02 3.021919737818e-02 8.256275682133e-02 2.052256180494e-01 4.618167863035e-01 9.367376559283e-01 1.707661895340e+00 2.795534200935e+00 4.117134431840e+00 5.480606822351e+00 6.643577094083e+00 7.405293633929e+00 7.675821524478e+00 7.486709724093e+00 6.952147020214e+00 6.212190200280e+00 5.384920259895e+00 4.547777362749e+00 3.757906851495e+00 3.083905893380e+00 2.592589343042e+00 2.286210221854e+00 2.074529638766e+00 1.847627222473e+00 1.583221037301e+00 1.361340834953e+00 1.267420553805e+00 1.297562808702e+00 1.367370747435e+00 1.398967055459e+00 1.380407432383e+00 1.343132476944e+00 1.305892819012e+00 1.255246507957e+00 1.168012230469e+00 1.035366426053e+00 8.665431660154e-01 6.806577198553e-01 4.987273828358e-01 3.385460444036e-01 2.113801634259e-01 1.205627370816e-01 6.245315507281e-02 2.926974351972e-02 1.239608457743e-02 4.752923469500e-03 1.658194844548e-03 5.306492846878e-04 1.574515574081e-04 4.388539592750e-05 1.166284426974e-05 3.004023908163e-06 7.630415016915e-07 1.945659395547e-07 5.068704175490e-08 1.371687318062e-08 3.914067927648e-09 1.192873969415e-09 3.925192685594e-10 1.407667569168e-10 5.548398536546e-11
7.154742126754e-28 1.974775063533e-27 5.636906568162e-27 1.660510908302e-26 5.036681387369e-26 1.569948894364e-25 5.021199323344e-25 1.646233915243e-24 5.530314267085e-24 1.903692156014e-23 6.717587133773e-23 2.431704656826e-22 9.038498745536e-22 3.453345553118e-21 1.357825867150e-20 5.500606246694e-20 2.298312582065e-19 9.913858313793e-19 4.417860917061e-18 2.034594619422e-17 9.683277754373e-17 4.760026659905e-16 2.414043781427e-15 1.260783951062e-14 6.763592718838e-14 3.714313209453e-13 2.079157905305e-12 1.180206468921e-11 6.752382889416e-11 3.867089479781e-10 2.199927169917e-09 1.232883531789e-08 6.747060944185e-08 3.573240989873e-07 1.814835080807e-06 8.762562007324e-06 3.989197258012e-05 1.699834162673e-04 6.736500361379e-04 2.469616511442e-03 8.335957234372e-03 2.579153151706e-02 7.280429256284e-02 1.865365254101e-01 4.314974601921e-01 8.967836090942e-01 1.668715597403e+00 2.776741090354e+00 4.138872641394e+00 5.553267788741e+00 6.760856074805e+00 7.547498458529e+00 7.819901373582e+00 7.615176921064e+00 7.056740855033e+00 6.293166812424e+00 5.447101617461e+00 4.594295184752e+00 3.787219578174e+00 3.096017957364e+00 2.597564950642e+00 2.299752108238e+00 2.101735292064e+00 1.876324600762e+00 1.598189085980e+00 1.362317494487e+00 1.268829731929e+00 1.311875153793e+00 1.392958251684e+00 1.425214737183e+00 1.400927177146e+00 1.360261783284e+00 1.324075988934e+00 1.274693875316e+00 1.185397657065e+00 1.047538763126e+00 8.722730375005e-01 6.803649931048e-01 4.938626337574e-01 3.311101826093e-01 2.034095561576e-01 1.136200026563e-01 5.732996038688e-02 2.601588860791e-02 1.060220338674e-02 3.887891136514e-03 1.289982931270e-03 3.906968303859e-04 1.092924294614e-04 2.864259041667e-05 7.147337043900e-06 1.728553929638e-06 4.128428306674e-07 9.927431237078e-08 2.449979846783e-08 6.319086241985e-09 1.731422578704e-09 5.110454113317e-10 1.643829841547e-10 5.819371951928e-11 2.286987084767e-11
3.477797178664e-28 9.405813526638e-28 2.633301105940e-27 7.618329587407e-27 2.272775228796e-26 6.977625870584e-26 2.200871048481e-25 7.124023116827e-25 2.365085171714e-24 8.052428585657e-24 2.812695815353e-23 1.008660754589e-22 3.717258772650e-22 1.409512324448e-21 5.506145919283e-21 2.218920707823e-20 9.236713027722e-20 3.976390015342e-19 1.772067521854e-18 8.180583767534e-18 3.913094173396e-17 1.939051305685e-16 9.945553500722e-16 5.271924702245e-15 2.881313609352e-14 1.618405881197e-13 9.303361673962e-13 5.444981061410e-12 3.224571771950e-11 1.918513557939e-10 1.137602558770e-09 6.664025027343e-09 3.820635805007e-08 2.123046156607e-07 1.132234261359e-06 5.739727563152e-06 2.740956741190e-05 1.223068536538e-04 5.064456157719e-04 1.934983170778e-03 6.789430128941e-03 2.178363118034e-02 6.361986983706e-02 1.682539415652e-01 4.006604809225e-01 8.544032742134e-01 1.624953264324e+00 2.751530285217e+00 4.154510018678e+00 5.621978825909e+00 6.876955581565e+00 7.690770508402e+00 7.966514880860e+00 7.747133634082e+00 7.165439209577e+00 6.378719275362e+00 5.514655719111e+00 4.647210454219e+00 3.822849143178e+00 3.112448059183e+00 2.604704210884e+00 2.315638355681e+00 2.133285217264e+00 1.910106342330e+00 1.616364553949e+00 1.364061862076e+00 1.270498747135e+00 1.327744773493e+00 1.421060604069e+00 1.453393753193e+00 1.422286065066e+00 1.378014615499e+00 1.343404289996e+00 1.295613504022e+00 1.204113051385e+00 1.060762910423e+00 8.788629353372e-01 6.808070500398e-01 4.896309880029e-01 3.242310825352e-01 1.959456354068e-01 1.071420855701e-01 5.261469793803e-02 2.308775929312e-02 9.037110953057e-03 3.162028800985e-03 9.949698373713e-04 2.842968424693e-04 7.472254438378e-05 1.834843019565e-05 4.284245366975e-06 9.696763390378e-07 2.171139949558e-07 4.910770649827e-08 1.145705348024e-08 2.812498502824e-09 7.395678407745e-10 2.115064793825e-10 6.661031605053e-11 2.334259395573e-11 9.182451827836e-12
1.692406119894e-28 4.480347196160e-28 1.228550657885e-27 3.485144259329e-27 1.020922875972e-26 3.082096832884e-26 9.572375396770e-26 3.054578907951e-25 1.000728654206e-24 3.365307581297e-24 1.161977199487e-23 4.122243446395e-23 1.504091082596e-22 5.651556096526e-22 2.189967660521e-21 8.764849026971e-21 3.628715400272e-20 1.556300029977e-19 6.923425055756e-19 3.197957706466e-18 1.534687797550e-17 7.652789129457e-17 3.963349870854e-16 2.129220158262e-15 1.184127718645e-14 6.796523708276e-14 4.009818208942e-13 2.419219906428e-12 1.483263353896e-11 9.174046867537e-11 5.676376705016e-10 3.481200727239e-09 2.095072163149e-08 1.224406287626e-07 6.874763960767e-07 3.669487841965e-06 1.843413584579e-05 8.637754432881e-05 3.746522783888e-04 1.495062926316e-03 5.462891108380e-03 1.820315662238e-02 5.507870943622e-02 1.505618897765e-01 3.696109321208e-01 8.099198214302e-01 1.576541443998e+00 2.719828860964e+00 4.163856851016e+00 5.686656690946e+00 6.992029735371e+00 7.835506640264e+00 8.116289286976e+00 7.883443138931e+00 7.279267274817e+00 6.469862206106e+00 5.588545341638e+00 4.707636210270e+00 3.866099463510e+00 3.134267374868e+00 2.614492686185e+00 2.334095031398e+00 2.169742001735e+00 1.949909681990e+00 1.638569159736e+00 1.366976099199e+00 1.272612168662e+00 1.345491297552e+00 1.452180967543e+00 1.483964473065e+00 1.444798346846e+00 1.396678722551e+00 1.364208822815e+00 1.318312302526e+00 1.224398008073e+00 1.075239511361e+00 8.864936750479e-01 6.821332712188e-01 4.861394435761e-01 3.179739449755e-01 1.890179545347e-01 1.011316609118e-01 4.829320339787e-02 2.046350557956e-02 7.678384261589e-03 2.556999325305e-03 7.607396508756e-04 2.043694197975e-04 5.028272706032e-05 1.152486716579e-05 2.508558003630e-06 5.294868112909e-07 1.107890872890e-07 2.350713830669e-08 5.173878983624e-09 1.207236051720e-09 3.045518742391e-10 8.445862662707e-11 2.609748352546e-11 9.084741803182e-12 3.594265390883e-12
8.253423788820e-29 2.137018453839e-28 5.732294137615e-28 1.592049294251e-27 4.571638531673e-27 1.354825243017e-26 4.136364886673e-26 1.299148401792e-25 4.193770642589e-25 1.390910670971e-24 4.740394351266e-24 1.661209013563e-23 5.991987283670e-23 2.227562195752e-22 8.548205796856e-22 3.391898899259e-21 1.394107376913e-20 5.945444147735e-20 2.635122457876e-19 1.215450797109e-18 5.840273319801e-18 2.924961378632e-17 1.526739809580e-16 8.298686225017e-16 4.689316035499e-15 2.747139292654e-14 1.662068321249e-13 1.033277104556e-12 6.559169139315e-12 4.219660716196e-11 2.727293123834e-10 1.753819772564e-09 1.110256963957e-08 6.841357662595e-08 4.055777766501e-07 2.286447386506e-06 1.212180506657e-05 5.982946511295e-05 2.725886711573e-04 1.138840201820e-03 4.341756686228e-03 1.504799521342e-02 4.723467417426e-02 1.336341186784e-01 3.386692020009e-01 7.637103366246e-01 1.523727600021e+00 2.681650927558e+00 4.166820513956e+00 5.747352763139e+00 7.106420910679e+00 7.982337356769e+00 8.270118847555e+00 8.025271502652e+00 7.399588183756e+00 6.567938073330e+00 5.669997817622e+00 4.776933066865e+00 3.918597323397e+00 3.162896846311e+00 2.627646237410e+00 2.355457617500e+00 2.211814982297e+00 1.996930366584e+00 1.665894673606e+00 1.371635068117e+00 1.275446188601e+00 1.365540288340e+00 1.486986098817e+00 1.517558521982e+00 1.468911752066e+00 1.416652478740e+00 1.386925373262e+00 1.343188155197e+00 1.246567298466e+00 1.091233575509e+00 8.953976236696e-01 6.845288272543e-01 4.835171888168e-01 3.124161933639e-01 1.826612287007e-01 9.559248314799e-02 4.435113866839e-02 1.812154283548e-02 6.504717489296e-03 2.056103150726e-03 5.765018699882e-04 1.450748068485e-04 3.327964976474e-05 7.090361517245e-06 1.432842075160e-06 2.809622488946e-07 5.475176738948e-08 1.086727500571e-08 2.251754144034e-09 4.988039106703e-10 1.207087274006e-10 3.250094742914e-11 9.880788821609e-12 3.431763723175e-12 1.373416845859e-12
4.037171042938e-29 1.021887624988e-28 2.678689065060e-28 7.273362109545e-28 2.043949388597e-27 5.935694488325e-27 1.778289770004e-26 5.487941919951e-26 1.742715825854e-25 5.691452190450e-25 1.911657571100e-24 6.607278367005e-24 2.352286573413e-23 8.637806801988e-23 3.277016298973e-22 1.286830850055e-21 5.240708083433e-21 2.217960123353e-20 9.773499510211e-20 4.491955775780e-19 2.156410246615e-18 1.082342940480e-17 5.682032307193e-17 3.118798254866e-16 1.787541788866e-15 1.067293065327e-14 6.614777238588e-14 4.234706124306e-13 2.782808465016e-12 1.862832198519e-11 1.258919970386e-10 8.502120192358e-10 5.673644340840e-09 3.695949274889e-08 2.320585269010e-07 1.386423085644e-06 7.784324563805e-06 4.061053231639e-05 1.949712519574e-04 8.550917277043e-04 3.408500124368e-03 1.230674411611e-02 4.012463381591e-02 1.176289446652e-01 3.081646001686e-01 7.162045452063e-01 1.466849028048e+00 2.637118146523e+00 4.163441032616e+00 5.804310714249e+00 7.220742148332e+00 8.132228259519e+00 8.429275095125e+00 8.174200083433e+00 7.528222164276e+00 6.674742031644e+00 5.760611608356e+00 4.856789824677e+00 3.982381939677e+00 3.200219275786e+00 2.645204404840e+00 2.380223281806e+00 2.260411267861e+00 2.052705814718e+00 1.699792951893e+00 1.378846411710e+00 1.279401324185e+00 1.388460102938e+00 1.526364358360e+00 1.555040614905e+00 1.495254434971e+00 1.438481974348e+00 1.412130587336e+00 1.370764389897e+00 1.271041534251e+00 1.109100581963e+00 9.058792264251e-01 6.882298522357e-01 4.819264533478e-01 3.076546344530e-01 1.769194214816e-01 9.053138227186e-02 4.077489176136e-02 1.604096623680e-02 5.496089267608e-03 1.644274792331e-03 4.329746693928e-04 1.016555901600e-04 2.164805515964e-05 4.268058885300e-06 7.972185187596e-07 1.446259254344e-07 2.615314643298e-08 4.841543146463e-09 9.424422976508e-10 1.979861286944e-10 4.597065477093e-11 1.203907815735e-11 3.614120481251e-12 1.259307297139e-12 5.133439927579e-13
1.982184546816e-29 4.904118581575e-29 1.255369165370e-28 3.328457015244e-28 9.139307266721e-28 2.596169844007e-27 7.618338325162e-27 2.305929673239e-26 7.190751546647e-26 2.308563041221e-25 7.629378723882e-25 2.596561598760e-24 9.109026601681e-24 3.298378833658e-23 1.234897995781e-22 4.789937578868e-22 1.929054897040e-21 8.084695719620e-21 3.534037552040e-20 1.614716615063e-19 7.726037616968e-19 3.876989343799e-18 2.042228281426e-17 1.129418390939e-16 6.552500068868e-16 3.980436606520e-15 2.523653816303e-14 1.662200290687e-13 1.130344719504e-12 7.875237569147e-12 5.569791101748e-11 3.956519812930e-10 2.789315011911e-09 1.926293658404e-08 1.285209536885e-07 8.167514667029e-07 4.875603301296e-06 2.698975768209e-05 1.370339395918e-04 6.328189604980e-04 2.643563746139e-03 9.959617108110e-03 3.376749698012e-02 1.026842695307e-01 2.784278853288e-01 6.678817630398e-01 1.406341228979e+00 2.586483067283e+00 4.153935587138e+00 5.858042509181e+00 7.335988434497e+00 8.286618792970e+00 8.595558790771e+00 8.332379092196e+00 7.667605768947e+00 6.792691119307e+00 5.862507012191e+00 4.949337224337e+00 4.060023370354e+00 3.248727751682e+00 2.668658842140e+00 2.409125180454e+00 2.316706464450e+00 2.119229705172e+00 1.742200460144e+00 1.389733341101e+00 1.285047427786e+00 1.415013041291e+00 1.571506288926e+00 1.597594046797e+00 1.524699151116e+00 1.462911656647e+00 1.440592155041e+00 1.401737952779e+00 1.298389756447e+00 1.129322446418e+00 9.183433867391e-01 6.935446259404e-01 4.815776347307e-01 3.038153028478e-01 1.718512533835e-01 8.596086489413e-02 3.755266899801e-02 1.420200010144e-02 4.633920048088e-03 1.308064441473e-03 3.222635978553e-04 7.028808754680e-05 1.383023806561e-05 2.510992948692e-06 4.314369067375e-07 7.208605616395e-08 1.204907122471e-08 2.073948709849e-09 3.784636099599e-10 7.533427298951e-11 1.679398233692e-11 4.288607296196e-12 1.277289662692e-12 4.495952800580e-13 1.882174588745e-13
9.773650948049e-30 2.364121751787e-29 5.907796789813e-29 1.528121566294e-28 4.094094397120e-28 1.135667497952e-27 3.258073924971e-27 9.653786984588e-27 2.950711109211e-26 9.295721804064e-26 3.017405333579e-25 1.009473886040e-24 3.483578667849e-24 1.241655531881e-23 4.579142053446e-23 1.751011576839e-22 6.958965484893e-22 2.881731995013e-21 1.246655637316e-20 5.648474154913e-20 2.686786921088e-19 1.344400018919e-18 7.087040574702e-18 3.938898099948e-17 2.307697746225e-16 1.423273634182e-15 9.215343394981e-15 6.237044865472e-14 4.386265090797e-13 3.180666890178e-12 2.355946331454e-11 1.762920163949e-10 1.315947171495e-09 9.662779921573e-09 6.875078804362e-08 4.666186871323e-07 2.974321306929e-06 1.754691692661e-05 9.460228331525e-05 4.616173256683e-04 2.026305833250e-03 7.979732322274e-03 2.816402799584e-02 8.891309459030e-02 2.497829595846e-01 6.192659758065e-01 1.342745493209e+00 2.530155556487e+00 4.138753937971e+00 5.909428076015e+00 7.453686055043e+00 8.447610589143e+00 8.771508275103e+00 8.502737574273e+00 7.821005077262e+00 6.925052568493e+00 5.978538436344e+00 5.057309812465e+00 4.154781460898e+00 3.311724244518e+00 2.700131193739e+00 2.443237897862e+00 2.382242140368e+00 2.199110332060e+00 1.795712229923e+00 1.405850293273e+00 1.293186463733e+00 1.446226888588e+00 1.624017114983e+00 1.646839268865e+00 1.558451117934e+00 1.490953603693e+00 1.473338436483e+00 1.437046218515e+00 1.329387643160e+00 1.152555989594e+00 9.333334709515e-01 7.008817900328e-01 4.827491354855e-01 3.010660341701e-01 1.675369837757e-01 8.190211499403e-02 3.467560989592e-02 1.258638258937e-02 3.901174857516e-03 1.035589306717e-03 2.377324193180e-04 4.794274373763e-05 8.671864921799e-06 1.442212765716e-06 2.267510681362e-07 3.472357278495e-08 5.342093591835e-09 8.521348711388e-10 1.454703135579e-10 2.741890048037e-11 5.875400495317e-12 1.468103883507e-12 4.364832898510e-13 1.565511391657e-13 6.795365001670e-14
4.841052687075e-30 1.145566691779e-29 2.794839737153e-29 7.048847358233e-29 1.840621851371e-28 4.977984795530e-28 1.393628714586e-27 4.034441344074e-27 1.206306145956e-26 3.721930600426e-26 1.184441551378e-25 3.888099702260e-25 1.317465046423e-24 4.613828727946e-24 1.672881703584e-23 6.293575378108e-23 2.462949746870e-22 1.005420189061e-21 4.293855405506e-21 1.924169211808e-20 9.073564435803e-20 4.514171813278e-19 2.374493544820e-18 1.322475249587e-17 7.802842706701e-17 4.873820223436e-16 3.215914762855e-15 2.233028253100e-14 1.622477521150e-13 1.224243741844e-12 9.502356373540e-12 7.500741962185e-11 5.941764205949e-10 4.653235137320e-09 3.544104124599e-08 2.580260958363e-07 1.764600205105e-06 1.114862373959e-05 6.412365804529e-05 3.319632681119e-04 1.535917553841e-03 6.334705363669e-03 2.329752626243e-02 7.639988678959e-02 2.225381218673e-01 5.709190672070e-01 1.276715385221e+00 2.468732400664e+00 4.118646865682e+00 5.959844982341e+00 7.576091682035e+00 8.618221317783e+00 8.960683275247e+00 8.689270623234e+00 7.992802157997e+00 7.076250865624e+00 6.112591819753e+00 5.184277256779e+00 4.270822093506e+00 3.393588240624e+00 2.742621529653e+00 2.484127039275e+00 2.459058819567e+00 2.295789592210e+00 1.863827344250e+00 1.429346776022e+00 1.304940658456e+00 1.483494822909e+00 1.686073930790e+00 1.704998637281e+00 1.598168389966e+00 1.523982354111e+00 1.511754946211e+00 1.477959103863e+00 1.365096353319e+00 1.179697633339e+00 9.515816150077e-01 7.107873283160e-01 4.858128563579e-01 2.996321811287e-01 1.640865554040e-01 7.838832247771e-02 3.213882708518e-02 1.117762660921e-02 3.282389347994e-03 8.164502546284e-04 1.738671259032e-04 3.225451370179e-05 5.333307252282e-06 8.077894911924e-07 1.155532499960e-07 1.613187823936e-08 2.273868253499e-09 3.349611277154e-10 5.338144881327e-11 9.524074881225e-12 1.965407783447e-12 4.828193331572e-13 1.444542364456e-13 5.336234919466e-14 2.427677956640e-14
2.408899232541e-30 5.582019346564e-30 1.330248818999e-29 3.271038142845e-29 8.318841974268e-29 2.190711478673e-28 5.974748344375e-28 1.686584806335e-27 4.923121509743e-27 1.484641050804e-26 4.622738709884e-26 1.486091213147e-25 4.935024856452e-25 1.694817579160e-24 6.029560816378e-24 2.227092382081e-23 8.563082594811e-23 3.437652997020e-22 1.445581607117e-21 6.389081191766e-21 2.977928839153e-20 1.468459025264e-19 7.682665144070e-19 4.273954163394e-18 2.531583215863e-17 1.596799074783e-16 1.071009200572e-15 7.614272172799e-15 5.708135702222e-14 4.479272377024e-13 3.644465719410e-12 3.038611599189e-11 2.560223018956e-10 2.145296851111e-09 1.756214685496e-08 1.378081514381e-07 1.016472296307e-06 6.915214781709e-06 4.265870192635e-05 2.354087827337e-04 1.152248500319e-03 4.988441311586e-03 1.913538036137e-02 6.519813904134e-02 1.969773760098e-01 5.234323008200e-01 1.209021651635e+00 2.403029663823e+00 4.094749296965e+00 6.011335367810e+00 7.706455813902e+00 8.802724569791e+00 9.168049291724e+00 8.897432351451e+00 8.188881827685e+00 7.252279866982e+00 6.269999219583e+00 5.334975327523e+00 4.413514285271e+00 3.500143852688e+00 2.800358685233e+00 2.534061693178e+00 2.549874900561e+00 2.413845100568e+00 1.951298711296e+00 1.463202786113e+00 1.321876497020e+00 1.528713580190e+00 1.760644756632e+00 1.775125643811e+00 1.646127008085e+00 1.563864698113e+00 1.557717857974e+00 1.526205624811e+00 1.406969099800e+00 1.211969977945e+00 9.740757625240e-01 7.239935103224e-01 4.912674683232e-01 2.998167597444e-01 1.616497728599e-01 7.546859372892e-02 2.994243095945e-02 9.961169145766e-03 2.763627164716e-03 6.416206647315e-04 1.261376710358e-04 2.140488870596e-05 3.215635033045e-06 4.407436179697e-07 5.700445965576e-08 7.212915273832e-09 9.268791757018e-10 1.256226738000e-10 1.865081171981e-11 3.149985258807e-12 6.277749480429e-13 1.525993435389e-13 4.643203025337e-14 1.789895443206e-14 8.633212924864e-15
1.203998920839e-30 2.735546631694e-30 6.373745955121e-30 1.528661643231e-29 3.785377633529e-29 9.697725167288e-29 2.572825958802e-28 7.068864276204e-28 2.010241801633e-27 5.912588954142e-27 1.797517945388e-26 5.647382603960e-26 1.834235805676e-25 6.164864429088e-25 2.147583593687e-24 7.771189340170e-24 2.928981926484e-23 1.153488263957e-22 4.763289781007e-22 2.070309429899e-21 9.507902113033e-21 4.631491575707e-20 2.401592934658e-19 1.329703350115e-18 7.878878415212e-18 5.001400167403e-17 3.399548665523e-16 2.468370937983e-15 1.905781251392e-14 1.553824732911e-13 1.325305015975e-12 1.168475623072e-11 1.049520499499e-10 9.441005919183e-10 8.343062755823e-09 7.092581850571e-08 5.675077331126e-07 4.182795208049e-06 2.784189609026e-05 1.646824007254e-04 8.564889919589e-04 3.902995048184e-03 1.563142856689e-02 5.532941309590e-02 1.733523741049e-01 4.774162491100e-01 1.140554827000e+00 2.334116603187e+00 4.068678975896e+00 6.066817887759e+00 7.849368657656e+00 9.007102261243e+00 9.400495104125e+00 9.134673084473e+00 8.417156765337e+00 7.461255635275e+00 6.458114052620e+00 5.515779492370e+00 4.589840806698e+00 3.639165444217e+00 2.879299634877e+00 2.596317833977e+00 2.658323075652e+00 2.559404135276e+00 2.064635193803e+00 1.511571861777e+00 1.346179476292e+00 1.584472006519e+00 1.851792580513e+00 1.861424443190e+00 1.705448026730e+00 1.613137230599e+00 1.613778420274e+00 1.584147477580e+00 1.456995478146e+00 1.251038707099e+00 1.002150388750e+00 7.414851454300e-01 4.997833104123e-01 3.020276099131e-01 1.604300288095e-01 7.321314765483e-02 2.809279621661e-02 8.924495798153e-03 2.332401969058e-03 5.033217198159e-04 9.086346606785e-05 1.401713845871e-05 1.900220762143e-06 2.340308114485e-07 2.717827024261e-08 3.097010361523e-09 3.608541199373e-10 4.481984878118e-11 6.186790546460e-12 9.897082271721e-13 1.912714072156e-13 4.641530624083e-14 1.456294807958e-14 5.949578395579e-15 3.076628154079e-15
6.042472320406e-31 1.348115137549e-30 3.075012418059e-30 7.199566630771e-30 1.736376889765e-29 4.325763424839e-29 1.115170350967e-28 2.977354770709e-28 8.232664464480e-28 2.356589639642e-27 6.979750211327e-27 2.138418168138e-26 6.778479551814e-26 2.224905675049e-25 7.573009620265e-25 2.678702708262e-24 9.873422527127e-24 3.804746355917e-23 1.538617167134e-22 6.556557199356e-22 2.957081138731e-21 1.417865781754e-20 7.259175030151e-20 3.984325458423e-19 2.352154923739e-18 1.496802363846e-17 1.027342719565e-16 7.594848017839e-16 6.025044687464e-15 5.096779900035e-14 4.555848118082e-13 4.251464737462e-12 4.079753804563e-11 3.953459525419e-10 3.788795605739e-09 3.509054214998e-08 3.065204616102e-07 2.464267711272e-06 1.782060739347e-05 1.137043967645e-04 6.316730349345e-04 3.040359330423e-03 1.272897623141e-02 4.678406903925e-02 1.518756665473e-01 4.334895937767e-01 1.072324723242e+00 2.263349033032e+00 4.042650193735e+00 6.130352821055e+00 8.011210512308e+00 9.239643640807e+00 9.667525601692e+00 9.411171998347e+00 8.688284549893e+00 7.714158960735e+00 6.687106236481e+00 5.735382611046e+00 4.808967032833e+00 3.821077094756e+00 2.987849649696e+00 2.675617358435e+00 2.789256906754e+00 2.740703753670e+00 2.212825443119e+00 1.580287922901e+00 1.380902342053e+00 1.654305513607e+00 1.965095789888e+00 1.969696109213e+00 1.780410391137e+00 1.675249236740e+00 1.683417413399e+00 1.655016822329e+00 1.517897376052e+00 1.299171750422e+00 1.037610923759e+00 7.645910010752e-01 5.122647395555e-01 3.068156026230e-01 1.607040163331e-01 7.172096268948e-02 2.660449616153e-02 8.057373882864e-03 1.977606845957e-03 3.948989844697e-04 6.508790201095e-05 9.065643726480e-06 1.100627236252e-06 1.208447910495e-07 1.250370533880e-08 1.274071203085e-09 1.338061786622e-10 1.516594092824e-11 1.942719229510e-12 2.947506396887e-13 5.556738922708e-14 1.362755600402e-14 4.488596432474e-15 1.977208209618e-15 1.106403636829e-15
3.043500034513e-31 6.678640068975e-31 1.493681414271e-30 3.418409226226e-30 8.036257683082e-30 1.947146996142e-29 4.874949762392e-29 1.263209107912e-28 3.390286431977e-28 9.425175018902e-28 2.713500135334e-27 8.088468646518e-27 2.496603912524e-26 7.984777600480e-26 2.649547585479e-25 9.139970636647e-25 3.286630371274e-24 1.236067766877e-23 4.881213046636e-23 2.032993418621e-22 8.973640382708e-22 4.219291254140e-21 2.124183325563e-20 1.150766184858e-19 6.738311117408e-19 4.279373153214e-18 2.953344876583e-17 2.214665499086e-16 1.799841621498e-15 1.576611400821e-14 1.475845673579e-13 1.458682220480e-12 1.498644131893e-11 1.570015065445e-10 1.639735619945e-09 1.664584216939e-08 1.598458708929e-07 1.412332909732e-06 1.118204307055e-05 7.753112706330e-05 4.629861438299e-04 2.364047981630e-03 1.036425257089e-02 3.952378829677e-02 1.327160606082e-01 3.922676695198e-01 1.005456291343e+00 2.192399344494e+00 4.019600481774e+00 6.207468220965e+00 8.200733308343e+00 9.511734625200e+00 9.982184477426e+00 9.740832863387e+00 9.016651803394e+00 8.025835443787e+00 6.971057916596e+00 6.005765701856e+00 5.083029015876e+00 4.059919619969e+00 3.137913053480e+00 2.778778061729e+00 2.949142849232e+00 2.968834489863e+00 2.408381520117e+00 1.677623992352e+00 1.430323808325e+00 1.743037776851e+00 2.108227973326e+00 2.107962919151e+00 1.876883069740e+00 1.754895059111e+00 1.771396075324e+00 1.743241564051e+00 1.593394970330e+00 1.359456733477e+00 1.082905245549e+00 7.951108702153e-01 5.299377747938e-01 3.149294076407e-01 1.628507979578e-01 7.113146271521e-02 2.550344330414e-02 7.352333240298e-03 1.689484908486e-03 3.107098441638e-04 4.646490118547e-05 5.799244342775e-06 6.252113255030e-07 6.065490800161e-08 5.542960172883e-09 5.010358955942e-10 4.711769299309e-11 4.851296867793e-12 5.757111836423e-13 8.303876027530e-14 1.540330797944e-14 3.883633222522e-15 1.373511531586e-15 6.636676256601e-16 4.040556921996e-16
1.537610295415e-31 3.324258307290e-31 7.302543354894e-31 1.636280299843e-30 3.754449045473e-30 8.854107757075e-30 2.152935306741e-29 5.410650266868e-29 1.407566469376e-28 3.793307778753e-28 1.059233181896e-27 3.064741372572e-27 9.189345063123e-27 2.856924431079e-26 9.219975301654e-26 3.094401028402e-25 1.082836405404e-24 3.964014392956e-24 1.524220833170e-23 6.184943601299e-23 2.662420665464e-22 1.222756417685e-21 6.027173213335e-21 3.207746351591e-20 1.853804920917e-19 1.169030973343e-18 8.072430477535e-18 6.112775112463e-17 5.070276457528e-16 4.587033709710e-15 4.490979811419e-14 4.702672535500e-13 5.183082854272e-12 5.891788371842e-11 6.741173360777e-10 7.550436658458e-09 8.031887410344e-08 7.864830569573e-07 6.876570114162e-06 5.224793364965e-05 3.378839722363e-04 1.840367894187e-03 8.470045444895e-03 3.348588786936e-02 1.159970312744e-01 3.543523224314e-01 9.411821532540e-01 2.123279973215e+00 4.003325856553e+00 6.305553764664e+00 8.429804180100e+00 9.838892720816e+00 1.036227730715e+01 1.014263137607e+01 9.421730948774e+00 8.416348726238e+00 7.329468967959e+00 6.343592145153e+00 5.428225017065e+00 4.374677913397e+00 3.346440014888e+00 2.915704970848e+00 3.146560908497e+00 3.258702068737e+00 2.668837928625e+00 1.815441684608e+00 1.500480604561e+00 1.857241189457e+00 2.291756257272e+00 2.287342270957e+00 2.002922684912e+00 1.858469293506e+00 1.884240099702e+00 1.854889378398e+00 1.688567079746e+00 1.436097644008e+00 1.141359493919e+00 8.354917521544e-01 5.544731684363e-01 3.273940453591e-01 1.673947265195e-01 7.164235110294e-02 2.483189405967e-02 6.805523855162e-03 1.459657685670e-03 2.460241124258e-04 3.315809820590e-05 3.677713955410e-06 3.487567688585e-07 2.959550710876e-08 2.365014821260e-09 1.879295783576e-10 1.570846903072e-11 1.462022844162e-12 1.605074945963e-13 2.209594822002e-14 4.084678238596e-15 1.084473969794e-15 4.229507110574e-16 2.273387525510e-16 1.505792927848e-16
7.786667309701e-32 1.661333698120e-31 3.591211691820e-31 7.893192580649e-31 1.770685523502e-30 4.069729412341e-30 9.617774558630e-30 2.344174923394e-29 5.906321528700e-29 1.540702699005e-28 4.164509754002e-28 1.166905005784e-27 3.390564255284e-27 1.022127408872e-26 3.200172053329e-26 1.042321524619e-25 3.540361995347e-25 1.258118646420e-24 4.696645198993e-24 1.850764325650e-23 7.741626905730e-23 3.458825092606e-22 1.661714846403e-21 8.644916857036e-21 4.904267110327e-20 3.053560755139e-19 2.097798879656e-18 1.595580230965e-17 1.344560118932e-16 1.251963806773e-15 1.279543653043e-14 1.419330506709e-13 1.681197296427e-12 2.081461257929e-11 2.623669881935e-10 3.265689477918e-09 3.880923081347e-08 4.250757583851e-07 4.144060905188e-06 3.483141861988e-05 2.460470291875e-04 1.439313260113e-03 6.979236782029e-03 2.858929777653e-02 1.017992203152e-01 3.203254958893e-01 8.808334299639e-01 2.058357035898e+00 3.998617046471e+00 6.434325663325e+00 8.714345142043e+00 1.024211596267e+01 1.083198608932e+01 1.064242920718e+01 9.929957103939e+00 8.912824122241e+00 7.789319653857e+00 6.772220177669e+00 5.866334279914e+00 4.791076078955e+00 3.637710395582e+00 3.100949814003e+00 3.392859696691e+00 3.630226862305e+00 3.018886766194e+00 2.010949414772e+00 1.599981046945e+00 2.005865241244e+00 2.530239720794e+00 2.523269364028e+00 2.169600219609e+00 1.994690992699e+00 2.030907375008e+00 1.998272186895e+00 1.810337524573e+00 1.534817933613e+00 1.217500367577e+00 8.890704525137e-01 5.881581221339e-01 3.456229094326e-01 1.750684871135e-01 7.353661640022e-02 2.465624193424e-02 6.418103897331e-03 1.281218279692e-03 1.969354631451e-04 2.375181330167e-05 2.320010009145e-06 1.914730063859e-07 1.404986550614e-08 9.705482339680e-10 6.709154805499e-11 4.942791755841e-12 4.136241586480e-13 4.196945234132e-14 5.549741427840e-15 1.042395814758e-15 3.011763769265e-16 1.331717326104e-16 8.016986333062e-17 5.742239254048e-17
3.950004611478e-32 8.330084761170e-32 1.775134072181e-31 3.834700710761e-31 8.427214098195e-31 1.891076313924e-30 4.349346377763e-30 1.028806863336e-29 2.510294326612e-29 6.332726259899e-29 1.654328585697e-28 4.479793603419e-28 1.258345049259e-27 3.668964975933e-27 1.111515039591e-26 3.504128262648e-26 1.152178839875e-25 3.963539837073e-25 1.432214137548e-24 5.462953453849e-24 2.212393224964e-23 9.576313284443e-23 4.463218160119e-22 2.257785640437e-21 1.250007486061e-20 7.636422646945e-20 5.185785182385e-19 3.936923742918e-18 3.351529673353e-17 3.197714854056e-16 3.402206935041e-15 3.994940290939e-14 5.093539518780e-13 6.895153568230e-12 9.633006125641e-11 1.343052198251e-09 1.799830030620e-08 2.227884091124e-07 2.447763620904e-06 2.300023047402e-05 1.792103506221e-04 1.135062540000e-03 5.827980006062e-03 2.474195706836e-02 9.016810569984e-02 2.907499245570e-01 8.258324295520e-01 2.000351333421e+00 4.011384538626e+00 6.606359144484e+00 9.075502789424e+00 1.074962712862e+01 1.142399206457e+01 1.127540406367e+01 1.057733118945e+01 9.551987699284e+00 8.387892956368e+00 7.324633671408e+00 6.426868058866e+00 5.343955525291e+00 4.046690818389e+00 3.356232388556e+00 3.703072677119e+00 4.109767967617e+00 3.493374763602e+00 2.289405886842e+00 1.741286375876e+00 2.201114059281e+00 2.843741763498e+00 2.837203937898e+00 2.392143107797e+00 2.175461778510e+00 2.223710245058e+00 2.184766271998e+00 1.968128469947e+00 1.663405199739e+00 1.317491989393e+00 9.604046267382e-01 6.341338292252e-01 3.715763732513e-01 1.869052586024e-01 7.722330948532e-02 2.507906653995e-02 6.198410509820e-03 1.148903993132e-03 1.602812803064e-04 1.717275810211e-05 1.462825269718e-06 1.038327613287e-07 6.501838762864e-09 3.830914850179e-10 2.275713662493e-11 1.463326340642e-12 1.094459206966e-13 1.026220081628e-14 1.317274797209e-15 2.590300991968e-16 8.497303715975e-17 4.355348300329e-17 2.926201860551e-17 2.242016704188e-17
2.005838898385e-32 4.187295439109e-32 8.811962221035e-32 1.874675109217e-31 4.044551286216e-31 8.880075652177e-31 1.991376026826e-30 4.577849217691e-30 1.082468923136e-29 2.640512475682e-29 6.660273405978e-29 1.740102235079e-28 4.714967759796e-28 1.326322584260e-27 3.877629001021e-27 1.179980271487e-26 3.745353870665e-26 1.243635177500e-25 4.336657458228e-25 1.595870160663e-24 6.234343704067e-24 2.603498236220e-23 1.171540695465e-22 5.731262740006e-22 3.077584261622e-21 1.832139255353e-20 1.220908364517e-19 9.183868737978e-19 7.844693294783e-18 7.626323398613e-17 8.414965854290e-16 1.044499316177e-14 1.435282052709e-13 2.132907681855e-12 3.324477644408e-11 5.237654327315e-10 7.998283196930e-09 1.131809213358e-07 1.418085590493e-06 1.506961358048e-05 1.309132399564e-04 9.061073400822e-04 4.958331691752e-03 2.184937178797e-02 8.112809938694e-02 2.661816188925e-01 7.776937085463e-01 1.952325770893e+00 4.048754334366e+00 6.837671739618e+00 9.541072605383e+00 1.139910079614e+01 1.218225176636e+01 1.208929015215e+01 1.141304014246e+01 1.038372674681e+01 9.176651705478e+00 8.047767977131e+00 7.150243564238e+00 6.080368145790e+00 4.623917258866e+00 3.714611485257e+00 4.097360867912e+00 4.731709213738e+00 4.141415558171e+00 2.688277482320e+00 1.942782526898e+00 2.459720894339e+00 3.259923458617e+00 3.259000447290e+00 2.691505634044e+00 2.417053114720e+00 2.479593882643e+00 2.429919751421e+00 2.174731866296e+00 1.832440108810e+00 1.449719390860e+00 1.055716879791e+00 6.967184492169e-01 4.079828020803e-01 2.043717825889e-01 8.329859320379e-02 2.625762941279e-02 6.165312630859e-03 1.059381357866e-03 1.335711908423e-04 1.262184807080e-05 9.280274167280e-07 5.591573998656e-08 2.943157357541e-09 1.456023594283e-10 7.325045609665e-12 4.063682462304e-13 2.698234734603e-14 2.340716471086e-15 2.969336364449e-16 6.402386629759e-17 2.499658644125e-17 1.496595991563e-17 1.106902056184e-17 8.952412851638e-18
1.018995306237e-32 2.108500778982e-32 4.389093756246e-32 9.213243058860e-32 1.955631117995e-31 4.210694407798e-31 9.227742809951e-31 2.065704250045e-30 4.740496727702e-30 1.118977271399e-29 2.724856665213e-29 6.861982792917e-29 1.790506099257e-28 4.848383650820e-28 1.364368774923e-27 3.996423470400e-27 1.220979995302e-26 3.901642919844e-26 1.308855906231e-25 4.631332661085e-25 1.738832084237e-24 6.976617859243e-24 3.016553948360e-23 1.419196189169e-22 7.343966397146e-22 4.229225260609e-21 2.743284441541e-20 2.027404223882e-19 1.723468146678e-18 1.695195979055e-17 1.930081473725e-16 2.526529542183e-15 3.744886006682e-14 6.134533183324e-13 1.074520361457e-11 1.931989646186e-10 3.401854876878e-09 5.574356975619e-08 8.069414201120e-07 9.820024293112e-06 9.621342208999e-05 7.350903865327e-04 4.320311807008e-03 1.982441777170e-02 7.470528243621e-02 2.472014271543e-01 7.380452286882e-01 1.917663112136e+00 4.119108891872e+00 7.148314390059e+00 1.014717028949e+01 1.224044255594e+01 1.316558975282e+01 1.314868142398e+01 1.250450881857e+01 1.147622007045e+01 1.022664210315e+01 9.008999518149e+00 8.092784811571e+00 7.063608364031e+00 5.442497163676e+00 4.227516376284e+00 4.603635928341e+00 5.540110457104e+00 5.031850975282e+00 3.263600213260e+00 2.232212800132e+00 2.804924891820e+00 3.816993204926e+00 3.830166300473e+00 3.096503634845e+00 2.741777746926e+00 2.821925581190e+00 2.754933460943e+00 2.447454180578e+00 2.056251747337e+00 1.625543291711e+00 1.183467776227e+00 7.818277966953e-01 4.586332996633e-01 2.295526884634e-01 9.263365229881e-02 2.843115053794e-02 6.353151645160e-03 1.011672318321e-03 1.149251489649e-04 9.515777273395e-06 5.976615920898e-07 3.013600119369e-08 1.310534153490e-09 5.343153256037e-11 2.236651096387e-12 1.055578328539e-13 6.174276953429e-15 4.974159827326e-16 6.437359943008e-17 1.628540260509e-17 7.854979496305e-18 5.425285605663e-18 4.329679952365e-18 3.648054733320e-18
5.175724454984e-33 1.062796006049e-32 2.191543210792e-32 4.547194373942e-32 9.515955145776e-32 2.013977920078e-31 4.323917266246e-31 9.448659359917e-31 2.108908586160e-30 4.824709398129e-30 1.135192309943e-29 2.755300082456e-29 6.916753612077e-29 1.799804529612e-28 4.863801352819e-28 1.367654041938e-27 4.010147165943e-27 1.229426202808e-26 3.954893866621e-26 1.341046915892e-25 4.821113049625e-25 1.850774423794e-24 7.652648148300e-24 3.443118286464e-23 1.705705684231e-22 9.428931578883e-22 5.901048854059e-21 4.243807773374e-20 3.555629889850e-19 3.507507676166e-18 4.093334715445e-17 5.631073309778e-16 9.005729532233e-15 1.633222943244e-13 3.241057545781e-12 6.726040084667e-11 1.384139737780e-09 2.664730522212e-08 4.521102642154e-07 6.385268165921e-06 7.140387127520e-05 6.084770991387e-04 3.873681998804e-03 1.859961192760e-02 7.096403693193e-02 2.344788999339e-01 7.086909137299e-01 1.900048290079e+00 4.232038943608e+00 7.562878395956e+00 1.094006197585e+01 1.333911492088e+01 1.445225250129e+01 1.454071562591e+01 1.394446431845e+01 1.292356669434e+01 1.163623132286e+01 1.030599790960e+01 9.335183691385e+00 8.378727913343e+00 6.607964411829e+00 4.976742409122e+00 5.262905471343e+00 6.590423993791e+00 6.260185525117e+00 4.099616866591e+00 2.652493962421e+00 3.269828501660e+00 4.568036907277e+00 4.608268027535e+00 3.646656392612e+00 3.180434159166e+00 3.283048593948e+00 3.188599561331e+00 2.809574751860e+00 2.354120738450e+00 1.860217831991e+00 1.355039346375e+00 8.974756748929e-01 5.287382703897e-01 2.653821561425e-01 1.064895515769e-01 3.195698434116e-02 6.818124455252e-03 1.007663993140e-03 1.030147850023e-04 7.437638664558e-06 3.952448325543e-07 1.643379552274e-08 5.790769034635e-10 1.903008181376e-11 6.485749923204e-13 2.558845923419e-14 1.306564844914e-15 9.865794159555e-17 1.380254995962e-17 4.454957119224e-18 2.671766243158e-18 2.067800010583e-18 1.743809621713e-18 1.513415810151e-18
2.627009603734e-33 5.358780279665e-33 1.096045938167e-32 2.251511069766e-32 4.654321368082e-32 9.704505554320e-32 2.046315130864e-31 4.376681611854e-31 9.525861087293e-31 2.117119255323e-30 4.821547051010e-30 1.129021280777e-29 2.726864415085e-29 6.812466173435e-29 1.764937648336e-28 4.753039567524e-28 1.333799629819e-27 3.911105649432e-27 1.202532994965e-26 3.893985772421e-26 1.335452145769e-25 4.884940696172e-25 1.922474652976e-24 8.226314078153e-24 3.875692908338e-23 2.040281251035e-22 1.220493909612e-21 8.450360838995e-21 6.899239822227e-20 6.752293909029e-19 8.007141086008e-18 1.151746700010e-16 1.986604921084e-15 4.006831856926e-14 9.092409117003e-13 2.206667305979e-11 5.390600664518e-10 1.239423844173e-08 2.503618428216e-07 4.161659896675e-06 5.376134317301e-05 5.162318291748e-04 3.590268821079e-03 1.814564987445e-02 7.006998862862e-02 2.288937665375e-01 6.917515763125e-01 1.903485801925e+00 4.398159794302e+00 8.110744650033e+00 1.197791517696e+01 1.477985067964e+01 1.614549762479e+01 1.638254324088e+01 1.586081238963e+01 1.485743145957e+01 1.354261922514e+01 1.208165659164e+01 1.099751017322e+01 1.014096614899e+01 8.271703647516e+00 6.094825339258e+00 6.140751289714e+00 7.951822265379e+00 7.956884564417e+00 5.323124056566e+00 3.271710669233e+00 3.903589885104e+00 5.587789095332e+00 5.672776984989e+00 4.395880425691e+00 3.776105661832e+00 3.908031484590e+00 3.769758391891e+00 3.292133623841e+00 2.751715410021e+00 2.173905395838e+00 1.585450954396e+00 1.054280319102e+00 6.252878130430e-01 3.158867876390e-01 1.266421156560e-01 3.734956007360e-02 7.644479756703e-03 1.052437153375e-03 9.698579469466e-05 6.095005971443e-06 2.721277135071e-07 9.201552109115e-09 2.572449447348e-10 6.637061249677e-12 1.792245872715e-13 5.780389674720e-15 2.549049515577e-16 1.843833276795e-17 3.087491503575e-18 1.360934193461e-18 9.811183207327e-19 8.221187123468e-19 7.197541124799e-19 6.377771047910e-19
1.331795136552e-33 2.701184204632e-33 5.486181717635e-33 1.117329323911e-32 2.285555137208e-32 4.704679788819e-32 9.767000651315e-32 2.050187533221e-31 4.363917310952e-31 9.448960302268e-31 2.088251235362e-30 4.726994565452e-30 1.099751965899e-29 2.638500860820e-29 6.548360909625e-29 1.686183575689e-28 4.517894450451e-28 1.263462317181e-27 3.701000393989e-27 1.140465138263e-26 3.717129115551e-26 1.290239113686e-25 4.810536326443e-25 1.947095493921e-24 8.667564238357e-24 4.310875046167e-23 2.440969869519e-22 1.608310376135e-21 1.262972646060e-20 1.210285633920e-19 1.442039738004e-18 2.153444924809e-17 4.000396634760e-16 9.017348351867e-15 2.365395289111e-13 6.818725370226e-12 2.013740305916e-10 5.633619733618e-09 1.378392392957e-07 2.737034631487e-06 4.134624828178e-05 4.517295238117e-04 3.458603072210e-03 1.850525656767e-02 7.240640313350e-02 2.317627289199e-01 6.899445575733e-01 1.932403334633e+00 4.628726917221e+00 8.825790681473e+00 1.333202910219e+01 1.667041902123e+01 1.838030475990e+01 1.883130423027e+01 1.843065404154e+01 1.746526644829e+01 1.613999840576e+01 1.454649134790e+01 1.326617201872e+01 1.251094598500e+01 1.064835524906e+01 7.798629380497e+00 7.351996064379e+00 9.712506776217e+00 1.029668482587e+01 7.124285057728e+00 4.200288902107e+00 4.783283467640e+00 6.983890854984e+00 7.132751466823e+00 5.417322427236e+00 4.590502122635e+00 4.760336408741e+00 4.550355361836e+00 3.936135671907e+00 3.282763914981e+00 2.592696260576e+00 1.893991255073e+00 1.265859649464e+00 7.573156272312e-01 3.863681805675e-01 1.554779298729e-01 4.530716235203e-02 8.946869734498e-03 1.153906046744e-03 9.632588295429e-05 5.283463481327e-06 1.977974804915e-07 5.385216527857e-09 1.170299115104e-10 2.299992922530e-12 4.754516796468e-14 1.217045446730e-15 4.578413185276e-17 3.343195497388e-18 7.780524583277e-19 4.687055498666e-19 3.836227760820e-19 3.379480055681e-19 3.031604543841e-19 2.725214633613e-19
6.740884914729e-34 1.360432713266e-33 2.746423835343e-33 5.552339331999e-33 1.125583174412e-32 2.291657828509e-32 4.694472384035e-32 9.696444218082e-32 2.024365425336e-31 4.283682168648e-31 9.215702205599e-31 2.022371208913e-30 4.542825157547e-30 1.048255234743e-29 2.493565110446e-29 6.136160980270e-29 1.567431224793e-28 4.170848359357e-28 1.160542500940e-27 3.391647524472e-27 1.046626579934e-26 3.433139885008e-26 1.207083302242e-25 4.597071045296e-25 1.921387177024e-24 8.958410037358e-24 4.754773442129e-23 2.945050549429e-22 2.192139706309e-21 2.024597287600e-20 2.389009430016e-19 3.667505962487e-18 7.317387379905e-17 1.853302797530e-15 5.693491098683e-14 1.986597524124e-12 7.248845273133e-11 2.521707174938e-09 7.621549483244e-08 1.837845306447e-06 3.288162369078e-05 4.124039540798e-04 3.495482706125e-03 1.986574103813e-02 7.880817616654e-02 2.452713386793e-01 7.071131310014e-01 1.991933989229e+00 4.934966497399e+00 9.745155967374e+00 1.508695559330e+01 1.914517074705e+01 2.133199134788e+01 2.209883610161e+01 2.190193964155e+01 2.102046949363e+01 1.971147153143e+01 1.801325596353e+01 1.644207746111e+01 1.572727795375e+01 1.403840829324e+01 1.044187119926e+01 9.112407011310e+00 1.199562290727e+01 1.350912390420e+01 9.785995980236e+00 5.620294385757e+00 6.036649076499e+00 8.916326253847e+00 9.137164161266e+00 6.810466986557e+00 5.715356132656e+00 5.930655736572e+00 5.599541651297e+00 4.795727734059e+00 3.991209908022e+00 3.149677595024e+00 2.304728716451e+00 1.549033320780e+00 9.359762322758e-01 4.834460170267e-01 1.960097617374e-01 5.670486300198e-02 1.086375043771e-02 1.321177270279e-03 1.006509903952e-04 4.854565422078e-06 1.531766759895e-07 3.352172248535e-09 5.580647841511e-11 8.098186429348e-13 1.227741570115e-14 2.395898788874e-16 7.596900166346e-18 6.326392853431e-19 2.343773228466e-19 1.782554858924e-19 1.570979528335e-19 1.425419516205e-19 1.298671002281e-19 1.179049774465e-19
3.405195659077e-34 6.842686055286e-34 1.374200157629e-33 2.760642991346e-33 5.553594601226e-33 1.120185576452e-32 2.268825027738e-32 4.622318754077e-32 9.491652030319e-32 1.969042104039e-31 4.137578559938e-31 8.832807111217e-31 1.921854549186e-30 4.276844847319e-30 9.770044730131e-30 2.299747304364e-29 5.599559103606e-29 1.415956999904e-28 3.734255053596e-28 1.031917818559e-27 3.004199538825e-27 9.274724572683e-27 3.061200096391e-26 1.091283750472e-25 4.256494793323e-25 1.846604297827e-24 9.099937421685e-24 5.233267904301e-23 3.634420311021e-22 3.175650046673e-21 3.643521017115e-20 5.672471860133e-19 1.209885776732e-17 3.464200428871e-16 1.267631568567e-14 5.503744749715e-13 2.572662818132e-11 1.152282733974e-09 4.407145819748e-08 1.309277710046e-06 2.797438750866e-05 4.039936919338e-04 3.784686462554e-03 2.275501863063e-02 9.111435423972e-02 2.734007432099e-01 7.493288377063e-01 2.088669531615e+00 5.327102802430e+00 1.090663003133e+01 1.733925407760e+01 2.236932075755e+01 2.523087565246e+01 2.647919179462e+01 2.663452509770e+01 2.593932338404e+01 2.469501966451e+01 2.295989191095e+01 2.102823194436e+01 2.018557401018e+01 1.886712036240e+01 1.459362026480e+01 1.184392498785e+01 1.500783803747e+01 1.789523628793e+01 1.372537520540e+01 7.835884070057e+00 7.885989514495e+00 1.163185563925e+01 1.189027641520e+01 8.715081070311e+00 7.294721610622e+00 7.551549341598e+00 7.010895495815e+00 5.944440532820e+00 4.934936260393e+00 3.886649402638e+00 2.847190014684e+00 1.923921783813e+00 1.174428033940e+00 6.149029281977e-01 2.517489579080e-01 7.252276575854e-02 1.353487454181e-02 1.561009637473e-03 1.094039426327e-04 4.688882367373e-06 1.261779693341e-07 2.240437201230e-09 2.853319113599e-11 2.986216629902e-13 3.161671177552e-15 4.449359883414e-17 1.186002282050e-18 1.422975617414e-19 8.369721081437e-20 7.255812344637e-20 6.646665072912e-20 6.133725028805e-20 5.643563532025e-20 5.159058982335e-20
1.716233596655e-34 3.435760357872e-34 6.868815026396e-34 1.372392128928e-33 2.742772612014e-33 5.488545662192e-33 1.101021894464e-32 2.217219340573e-32 4.489516285401e-32 9.157733715632e-32 1.885911965107e-31 3.930838796185e-31 8.315888379121e-31 1.791283137966e-30 3.942405768944e-30 8.898871883622e-30 2.068405129787e-29 4.971967230328e-29 1.241686963921e-28 3.237967212379e-28 8.866929932933e-28 2.566821858393e-27 7.918142710358e-27 2.628924457825e-26 9.513126138511e-26 3.813056744387e-25 1.728980785325e-24 9.121577952547e-24 5.814708383780e-23 4.706979384187e-22 5.131557100454e-21 7.952286996714e-20 1.800201753281e-18 5.916179190989e-17 2.866201682623e-15 2.120067676035e-13 1.780387775889e-11 1.133052589811e-09 4.812115955714e-08 1.430302313766e-06 3.113915911637e-05 4.738526499465e-04 4.668791105733e-03 2.876375424517e-02 1.138477438663e-01 3.244870738584e-01 8.279554652739e-01 2.233350228684e+00 5.813915563055e+00 1.234480012728e+01 2.019747511010e+01 2.655205227860e+01 3.040062393400e+01 3.241818142205e+01 3.320056680665e+01 3.291195747622e+01 3.184306052341e+01 3.018112622273e+01 2.790629431946e+01 2.663950134225e+01 2.579748126717e+01 2.116400076909e+01 1.638479927078e+01 1.918134798648e+01 2.387674450566e+01 1.955959610962e+01 1.136525637626e+01 1.073636188085e+01 1.552813395671e+01 1.568143369055e+01 1.134852126695e+01 9.572805801792e+00 9.825115282379e+00 8.920398760379e+00 7.490678996899e+00 6.194588356966e+00 4.858770395227e+00 3.558460163597e+00 2.414534932696e+00 1.487721542139e+00 7.892816121687e-01 3.263063212807e-01 9.363924681696e-02 1.704738701996e-02 1.871040781587e-03 1.214378525289e-04 4.674303126813e-06 1.089065361995e-07 1.598031132134e-09 1.581403738147e-11 1.190172161850e-13 8.432278690418e-16 7.951560569971e-18 1.854274524444e-19 4.213262053774e-20 3.348573545886e-20 3.081999277903e-20 2.878125048065e-20 2.681799816943e-20 2.483066339402e-20 2.280854951271e-20
8.627852810996e-35 1.721516941516e-34 3.428153652273e-34 6.817349828902e-34 1.354823970775e-33 2.692869676252e-33 5.358248187886e-33 1.068519657242e-32 2.138213343504e-32 4.300094095683e-32 8.706033528481e-32 1.778106115063e-31 3.672033179249e-31 7.688366996863e-31 1.637075100215e-30 3.557199420114e-30 7.918216434643e-30 1.813362945143e-29 4.292778833521e-29 1.056034588921e-28 2.715712367154e-28 7.350644549319e-28 2.111122754809e-27 6.497001953098e-27 2.168914088305e-26 7.978141410877e-26 3.300890295340e-25 1.579756459673e-24 9.097577220467e-24 6.670587025409e-23 6.719366368488e-22 1.010688742334e-20 2.477018595342e-19 1.717904091555e-17 4.760534339465e-15 1.148840091789e-12 1.495301482819e-10 1.007542834159e-08 3.592579650469e-07 7.268078017400e-06 9.646917268665e-05 9.904875897674e-04 7.910698065121e-03 4.383399333808e-02 1.605765680707e-01 4.204837202280e-01 9.716495112491e-01 2.454445671436e+00 6.411421117283e+00 1.409219910804e+01 2.380070404640e+01 3.201285058912e+01 3.739483388444e+01 4.073155074929e+01 4.267857881139e+01 4.326259682344e+01 4.265214353817e+01 4.123043266559e+01 3.877224358141e+01 3.671946300550e+01 3.613110323196e+01 3.168682702817e+01 2.441565504557e+01 2.556820862463e+01 3.218166148341e+01 2.824772136086e+01 1.712891444964e+01 1.536486301207e+01 2.128547856344e+01 2.096727288526e+01 1.511844282021e+01 1.300257200853e+01 1.308592680868e+01 1.155870115613e+01 9.618577392345e+00 7.897868903331e+00 6.149125912974e+00 4.490767258570e+00 3.052033860622e+00 1.893578791968e+00 1.015239652915e+00 4.224320851896e-01 1.203319218291e-01 2.131859097071e-02 2.227181736779e-03 1.344060837108e-04 4.687515036650e-06 9.596112813137e-08 1.189100580928e-09 9.401310599960e-12 5.211395120238e-14 2.439378397308e-16 1.423183504028e-18 3.400004975272e-20 1.571527775330e-20 1.425289961798e-20 1.344665684898e-20 1.267768481979e-20 1.187913866492e-20 1.104390816437e-20 1.017942431701e-20
4.325346648884e-35 8.605182351285e-35 1.707703104245e-34 3.382177180175e-34 6.688981316282e-34 1.321862390076e-33 2.612161518431e-33 5.166259877606e-33 1.023645371435e-32 2.034349107288e-32 4.060634067627e-32 8.153488972560e-32 1.649982128280e-31 3.372412425455e-31 6.979470523422e-31 1.466885712872e-30 3.141479067150e-30 6.882312178428e-30 1.549355340667e-29 3.602733088581e-29 8.705058592139e-29 2.200834794511e-28 5.869970918816e-28 1.667959836756e-27 5.110625624760e-27 1.714359274930e-26 6.422003061208e-26 2.760001176442e-25 1.415087022266e-24 9.188623317700e-24 8.279838709163e-23 1.209190358301e-21 1.167459654028e-19 9.266263793909e-17 4.750352864710e-14 1.233944153591e-11 1.614489816243e-09 1.070549647376e-07 3.648924127204e-06 6.596015583800e-05 6.779322937351e-04 4.532602139312e-03 2.308031769142e-02 9.299387678363e-02 2.791683466865e-01 6.343236904027e-01 1.281329769494e+00 2.875528351842e+00 7.224753049417e+00 1.624092921202e+01 2.844062362082e+01 3.949676965991e+01 4.753124944578e+01 5.333850851370e+01 5.755902921605e+01 6.000146333869e+01 6.055369037130e+01 5.970873084013e+01 5.736717367621e+01 5.425989519334e+01 5.308930769065e+01 4.919734152179e+01 3.937272902338e+01 3.684190157648e+01 4.447644273756e+01 4.148199279829e+01 2.687269180779e+01 2.333659852707e+01 3.016194838676e+01 2.862732299941e+01 2.093598777666e+01 1.848546803737e+01 1.796013109608e+01 1.539393791660e+01 1.268872458227e+01 1.028359206389e+01 7.909138337131e+00 5.734105384999e+00 3.886097717218e+00 2.416360810474e+00 1.300832360429e+00 5.400605497614e-01 1.513017303429e-01 2.589468903692e-02 2.565634384916e-03 1.441090757619e-04 4.582885458285e-06 8.348268316912e-08 8.917515687986e-10 5.810123498941e-12 2.473390155649e-14 7.902595026917e-17 2.726221887827e-19 8.882518759621e-21 6.607077525689e-21 6.266982740923e-21 5.972185021788e-21 5.658033522020e-21 5.319225224512e-21 4.958685823527e-21 4.581975626714e-21
2.161950061030e-35 4.289998799700e-35 8.487726019396e-35 1.675054526151e-34 3.298921553864e-34 6.487057992345e-34 1.274423511953e-33 2.503015164808e-33 4.918510602156e-33 9.678604171115e-33 1.909201021613e-32 3.779862993460e-32 7.521449731468e-32 1.506787421363e-31 3.044958120538e-31 6.221571118501e-31 1.288863376245e-30 2.715979777343e-30 5.844609230308e-30 1.290378271700e-29 2.939199695150e-29 6.953272086913e-29 1.722207492191e-28 4.509688642597e-28 1.263445071258e-27 3.843981065312e-27 1.294540721731e-26 4.951053634395e-26 2.231535007823e-25 1.257098206498e-24 9.861913266696e-24 4.452156086472e-22 6.694242425869e-19 6.900733104102e-16 3.573097043507e-13 9.268587253280e-11 1.207354062918e-08 7.936140011151e-07 2.657820612150e-05 4.626709924751e-04 4.368991514452e-03 2.440684067053e-02 9.266369978892e-02 2.709455301399e-01 6.335006246114e-01 1.217899250545e+00 2.147313120437e+00 4.076270626449e+00 8.908079232593e+00 1.936014370635e+01 3.511331087278e+01 5.133393645269e+01 6.467126180566e+01 7.537680477514e+01 8.409009918957e+01 9.038816391704e+01 9.367597453804e+01 9.425082190440e+01 9.242727665174e+01 8.817934885887e+01 8.483091005981e+01 8.058308702638e+01 6.824795622930e+01 5.927097231421e+01 6.490644645747e+01 6.258903981232e+01 4.396154152686e+01 3.774123192590e+01 4.454822426138e+01 4.057110525718e+01 3.084681579650e+01 2.778490501048e+01 2.569629040725e+01 2.141577391795e+01 1.742203250809e+01 1.382277935110e+01 1.043364270194e+01 7.458788734072e+00 5.006831403558e+00 3.094284693795e+00 1.651567831237e+00 6.728279209978e-01 1.823189319266e-01 2.975261818294e-02 2.774115666785e-03 1.447275534509e-04 4.212738704449e-06 6.898162707244e-08 6.466190458863e-10 3.572012402771e-12 1.221057342004e-14 2.837915818843e-17 6.011861493773e-20 3.235782892361e-21 2.918851012487e-21 2.806929099827e-21 2.686235065198e-21 2.551433028995e-21 2.403509600808e-21 2.244779106830e-21 2.078130861883e-21
1.077219966728e-35 2.132591439607e-35 4.207976246920e-35 8.278503692702e-35 1.624459999565e-34 3.180740393398e-34 6.217473612600e-34 1.213936180340e-33 2.368829240282e-33 4.622998862718e-33 9.030379538463e-33 1.767151587627e-32 3.468052945993e-32 6.834082842402e-32 1.354236883881e-31 2.703267201575e-31 5.447244340847e-31 1.110874312731e-30 2.299871397698e-30 4.852345571671e-30 1.048237501155e-29 2.332242566001e-29 5.383542788987e-29 1.301105817156e-28 3.330330711234e-28 9.159620686152e-28 2.757541764990e-27 9.311644203553e-27 3.650229887559e-26 1.754380937163e-25 1.538085206435e-24 1.657593670196e-21 3.406627548010e-18 3.524218716641e-15 1.823129647825e-12 4.720508928836e-10 6.129054577543e-08 4.005006469107e-06 1.326575901415e-04 2.260564461962e-03 2.045682882919e-02 1.050814294870e-01 3.451363931378e-01 8.366341577109e-01 1.651694871320e+00 2.860289610662e+00 4.777726560822e+00 8.121318858059e+00 1.413439068480e+01 2.595636596847e+01 4.708597760759e+01 7.402449578163e+01 9.873490950484e+01 1.186262790909e+02 1.353401504789e+02 1.488185402476e+02 1.576790813766e+02 1.614661948542e+02 1.607158715397e+02 1.551703777593e+02 1.473742329403e+02 1.392424176241e+02 1.229078243865e+02 1.040060798738e+02 1.014610413592e+02 9.706559062537e+01 7.359920997777e+01 6.335157258101e+01 6.810531902454e+01 6.017269431254e+01 4.834865268467e+01 4.361103692411e+01 3.832900478860e+01 3.124404360645e+01 2.493092453344e+01 1.923052914680e+01 1.415554531826e+01 9.905169553581e+00 6.533312837117e+00 3.965825334699e+00 2.057828485670e+00 8.021850576389e-01 2.053112020304e-01 3.137786053068e-02 2.722362986890e-03 1.312753231614e-04 3.501681495603e-06 5.192474703386e-08 4.333840185797e-10 2.079079610064e-12 5.933391418955e-15 1.072075878030e-17 1.559129164152e-20 1.380083297579e-21 1.317134869430e-21 1.272051474751e-21 1.219654622547e-21 1.160077469732e-21 1.094236761034e-21 1.023337953529e-21 9.487449401215e-22
5.349774870938e-36 1.056893592062e-35 2.080432867900e-35 4.081590237149e-35 7.983535387632e-35 1.557400193200e-34 3.031150404632e-34 5.888397384033e-34 1.142271620332e-33 2.213853906482e-33 4.289335346357e-33 8.313477942080e-33 1.613101955278e-32 3.136295270104e-32 6.116556692069e-32 1.198059927939e-31 2.360426198761e-31 4.686482287524e-31 9.398155916521e-31 1.909072163389e-30 3.942420966922e-30 8.315400143388e-30 1.802143481063e-29 4.044542677868e-29 9.496084215615e-29 2.363730393945e-28 6.347723304466e-28 1.882247848432e-27 6.362945563633e-27 2.590980733128e-26 1.510754122515e-24 5.694641004343e-21 1.178261099241e-17 1.218388443669e-14 6.297645929476e-12 1.628326457847e-09 2.109094526673e-07 1.372289083744e-05 4.510279978586e-04 7.576221820966e-03 6.674429399592e-02 3.264884768475e-01 9.910006975898e-01 2.178292589113e+00 3.961322491413e+00 6.660260465284e+00 1.142573045501e+01 1.940286986427e+01 2.912687526340e+01 4.215679330264e+01 7.110927079597e+01 1.187733757300e+02 1.650087328115e+02 1.985033725628e+02 2.257822155085e+02 2.496172582983e+02 2.673011148302e+02 2.767052113333e+02 2.777585314282e+02 2.702909714522e+02 2.555177961452e+02 2.375871307630e+02 2.124537027493e+02 1.795987829262e+02 1.605010137916e+02 1.478263561956e+02 1.182116221612e+02 1.024392579571e+02 1.023649009534e+02 8.955297431211e+01 7.561773119510e+01 6.729314064253e+01 5.695902309719e+01 4.569558873522e+01 3.564454828977e+01 2.670869889275e+01 1.913158792000e+01 1.305637127899e+01 8.416189136934e+00 4.962490914343e+00 2.451795218723e+00 8.898657706236e-01 2.096039823562e-01 2.941065078842e-02 2.343723725731e-03 1.037554341254e-04 2.533389163876e-06 3.417422927427e-08 2.567423081291e-10 1.090030774800e-12 2.678734111025e-15 3.971859940132e-18 4.502748440339e-21 6.202461769563e-22 6.008930603650e-22 5.811635074081e-22 5.577292159993e-22 5.309264253434e-22 5.012392677144e-22 4.692383290107e-22 4.355472945085e-22
2.647809110840e-36 5.221077248996e-36 1.025521432534e-35 2.007002620376e-35 3.914568298106e-35 7.611574345382e-35 1.475879283006e-34 2.854662022454e-34 5.509861796983e-34 1.061644106457e-33 2.042952674721e-33 3.928173188538e-33 7.551204233169e-33 1.452148174444e-32 2.795732620873e-32 5.393229259054e-32 1.043576448564e-31 2.028029587341e-31 3.964455417784e-31 7.811155796096e-31 1.555167590139e-30 3.139165695984e-30 6.452690928726e-30 1.358713860394e-29 2.954380890368e-29 6.707085146908e-29 1.613988393892e-28 4.203791942725e-28 1.220317089393e-27 4.510660930444e-27 3.236151665673e-24 1.333037318837e-20 2.757868882388e-17 2.850587435037e-14 1.472452162169e-11 3.803096614029e-09 4.916983720764e-07 3.189070732742e-05 1.042212788130e-03 1.732813192782e-02 1.498549856481e-01 7.099039453186e-01 2.053447285940e+00 4.278599642735e+00 7.513221305931e+00 1.274078133488e+01 2.307976555761e+01 4.089654192355e+01 5.887454680002e+01 7.296860185981e+01 1.108234420226e+02 1.882604369122e+02 2.634996796883e+02 3.089247409371e+02 3.429700101233e+02 3.757369334706e+02 4.024951212793e+02 4.182949375158e+02 4.214754385085e+02 4.114052509738e+02 3.884352399360e+02 3.565792379502e+02 3.173500916632e+02 2.685585963471e+02 2.280200822090e+02 2.010179851039e+02 1.650959193226e+02 1.438492593616e+02 1.375606667328e+02 1.210905812734e+02 1.056069466213e+02 9.253949399084e+01 7.673408710974e+01 6.085991902386e+01 4.652678951827e+01 3.404410499691e+01 2.381319518676e+01 1.588501389350e+01 1.000743904402e+01 5.706568683094e+00 2.653548169909e+00 8.805263166425e-01 1.871181377793e-01 2.369967778152e-02 1.713746945172e-03 6.914946474048e-05 1.541556744661e-06 1.895569482697e-08 1.291118982474e-10 4.918286046113e-13 1.065134500078e-15 1.348543007468e-18 1.339768084521e-21 2.836184330796e-22 2.759699410078e-22 2.670576484144e-22 2.564148823703e-22 2.442277296842e-22 2.307269830864e-22 2.161751649316e-22 2.008548275505e-22
1.305910657364e-36 2.570614029899e-36 5.039326004712e-36 9.840389293610e-36 1.914487362850e-35 3.711879632847e-35 7.173688213372e-35 1.382326623504e-34 2.656551272365e-34 5.093237130122e-34 9.744903980371e-34 1.861326534920e-33 3.550578702642e-33 6.767040301124e-33 1.289258457418e-32 2.456837455948e-32 4.686058287654e-32 8.953539255202e-32 1.715464054829e-31 3.300095362643e-31 6.384789688937e-31 1.245042112514e-30 2.454160659174e-30 4.909472692633e-30 1.002297837918e-29 2.104855087903e-29 4.598965893447e-29 1.062990865006e-28 2.664030143349e-28 1.366196807307e-27 5.102605689830e-24 2.111782988756e-20 4.367897431082e-17 4.513150221749e-14 2.330008871136e-11 6.012970760890e-09 7.763232046467e-07 5.022982479827e-05 1.634610621852e-03 2.697354229166e-02 2.301849005369e-01 1.066406787369e+00 2.988684776845e+00 6.037303580056e+00 1.046601176295e+01 1.816283106107e+01 3.483628734679e+01 6.465197765719e+01 9.308442512054e+01 1.075470488604e+02 1.502653999251e+02 2.516053102021e+02 3.469116637004e+02 3.918729622390e+02 4.208707552324e+02 4.536945471107e+02 4.834878231030e+02 5.022512680226e+02 5.065464761445e+02 4.946035485401e+02 4.663916200455e+02 4.246116625373e+02 3.740018459142e+02 3.152485432355e+02 2.599366488148e+02 2.207688089791e+02 1.828781710098e+02 1.599395168940e+02 1.498414710067e+02 1.337181478945e+02 1.188486887035e+02 1.031137651336e+02 8.475775121731e+01 6.667835623445e+01 5.022890795010e+01 3.613368708499e+01 2.482683723628e+01 1.627148852818e+01 1.005698331597e+01 5.561073439952e+00 2.436614502261e+00 7.371773065446e-01 1.402588706045e-01 1.587856117856e-02 1.032740333061e-03 3.775016778977e-05 7.661467695625e-07 8.591808871504e-09 5.328404791883e-11 1.837890198742e-13 3.564623596014e-16 3.962083102162e-19 3.935232776248e-22 1.306235489076e-22 1.272998910303e-22 1.232232466592e-22 1.183520713163e-22 1.127762407470e-22 1.066028571332e-22 9.995181432655e-23 9.295103027623e-23
6.417681423817e-37 1.261284444481e-36 2.468167564196e-36 4.809974063357e-36 9.336824127265e-36 1.805627191628e-35 3.479494249732e-35 6.682715147668e-35 1.279475089457e-34 2.442589484129e-34 4.650633580125e-34 8.833380267607e-34 1.674225223284e-33 3.167402616258e-33 5.983289611368e-33 1.128985312566e-32 2.128814422285e-32 4.013403607246e-32 7.569810393151e-32 1.429524916165e-31 2.705598348805e-31 5.138816688842e-31 9.811785596591e-31 1.887823971243e-30 3.672642100432e-30 7.260020809353e-30 1.468984800325e-29 3.076493561787e-29 6.789741375489e-29 8.218104706589e-28 5.468281906800e-24 2.263624788826e-20 4.680877076867e-17 4.835074599407e-14 2.495129493535e-11 6.434798025581e-09 8.298811106505e-07 5.359619863725e-05 1.738582186754e-03 2.852820295548e-02 2.410804325471e-01 1.099161544721e+00 3.014684352207e+00 5.977782039709e+00 1.034109047008e+01 1.846603206286e+01 3.738521914439e+01 7.229594671504e+01 1.051949799078e+02 1.179587022481e+02 1.559626281762e+02 2.548716188478e+02 3.432978924350e+02 3.730411144467e+02 3.869254822442e+02 4.094657675593e+02 4.330831769163e+02 4.486949074634e+02 4.521994909548e+02 4.410732638186e+02 4.150215534706e+02 3.755497995728e+02 3.271817119812e+02 2.734404094908e+02 2.209645003903e+02 1.820730859478e+02 1.506412875912e+02 1.321482091030e+02 1.231144373249e+02 1.116890339166e+02 1.005528804683e+02 8.693517479462e+01 7.128877744660e+01 5.577891716959e+01 4.160889095401e+01 2.958742152602e+01 2.007237502482e+01 1.298760586763e+01 7.910346826410e+00 4.266222491055e+00 1.777179092489e+00 4.947903751970e-01 8.468088231425e-02 8.560706075096e-03 4.988817972948e-04 1.645595776732e-05 3.033425788592e-07 3.102209713780e-09 1.756224890268e-11 5.517113756232e-14 9.685368691738e-17 9.628696999886e-20 1.167247377244e-22 6.038303463065e-23 5.888795555769e-23 5.701461430671e-23 5.477715363475e-23 5.221771209476e-23 4.938565039400e-23 4.633570268682e-23 4.312591990386e-23
