index_x,index_y,x_center_m,y_center_m,cell_area_m2
0,0,-0.23812499999999998,0.0031249999999999997,2.3437500000000017e-05
0,1,-0.23812499999999998,0.009375,2.3437500000000017e-05
0,2,-0.23812499999999998,0.015625,2.343750000000002e-05
0,3,-0.23812499999999998,0.021875,2.3437500000000014e-05
0,4,-0.23812499999999998,0.028124999999999997,2.3437500000000014e-05
0,5,-0.23812499999999998,0.034374999999999996,2.3437500000000028e-05
0,6,-0.23812499999999998,0.040624999999999994,2.3437500000000014e-05
0,7,-0.23812499999999998,0.046875,2.3437500000000014e-05
0,8,-0.23812499999999998,0.05312499999999999,2.3437500000000014e-05
0,9,-0.23812499999999998,0.059375,2.3437500000000014e-05
0,10,-0.23812499999999998,0.06562499999999999,2.3437500000000014e-05
0,11,-0.23812499999999998,0.071875,2.343750000000004e-05
0,12,-0.23812499999999998,0.078125,2.343749999999999e-05
0,13,-0.23812499999999998,0.08437499999999999,2.343750000000004e-05
0,14,-0.23812499999999998,0.09062499999999998,2.343749999999999e-05
0,15,-0.23812499999999998,0.09687499999999999,2.343750000000004e-05
0,16,-0.23812499999999998,0.103125,2.343750000000004e-05
0,17,-0.23812499999999998,0.109375,2.343749999999999e-05
0,18,-0.23812499999999998,0.11562499999999999,2.343750000000004e-05
0,19,-0.23812499999999998,0.12187499999999998,2.343749999999999e-05
0,20,-0.23812499999999998,0.128125,2.343749999999999e-05
0,21,-0.23812499999999998,0.13437499999999997,2.343750000000004e-05
0,22,-0.23812499999999998,0.140625,2.343750000000004e-05
0,23,-0.23812499999999998,0.14687499999999998,2.343750000000004e-05
0,24,-0.23812499999999998,0.153125,2.343750000000004e-05
0,25,-0.23812499999999998,0.159375,2.3437499999999936e-05
0,26,-0.23812499999999998,0.16562499999999997,2.343750000000004e-05
0,27,-0.23812499999999998,0.171875,2.343750000000004e-05
0,28,-0.23812499999999998,0.17812499999999998,2.343750000000004e-05
0,29,-0.23812499999999998,0.18437499999999998,2.3437499999999936e-05
0,30,-0.23812499999999998,0.190625,2.343750000000004e-05
0,31,-0.23812499999999998,0.19687499999999997,2.343750000000004e-05
0,32,-0.23812499999999998,0.203125,2.343750000000004e-05
0,33,-0.23812499999999998,0.20937499999999998,2.343750000000004e-05
0,34,-0.23812499999999998,0.21562499999999998,2.3437499999999936e-05
0,35,-0.23812499999999998,0.221875,2.343750000000004e-05
0,36,-0.23812499999999998,0.22812499999999997,2.343750000000004e-05
0,37,-0.23812499999999998,0.234375,2.343750000000004e-05
0,38,-0.23812499999999998,0.24062499999999998,2.3437499999999936e-05
0,39,-0.23812499999999998,0.24687499999999996,2.343750000000004e-05
0,40,-0.23812499999999998,0.253125,2.343750000000004e-05
0,41,-0.23812499999999998,0.25937499999999997,2.3437499999999936e-05
0,42,-0.23812499999999998,0.265625,2.3437500000000146e-05
0,43,-0.23812499999999998,0.271875,2.3437499999999936e-05
0,44,-0.23812499999999998,0.27812499999999996,2.3437500000000146e-05
0,45,-0.23812499999999998,0.284375,2.3437499999999936e-05
0,46,-0.23812499999999998,0.29062499999999997,2.3437499999999936e-05
0,47,-0.23812499999999998,0.296875,2.3437500000000146e-05
0,48,-0.23812499999999998,0.303125,2.3437499999999936e-05
0,49,-0.23812499999999998,0.30937499999999996,2.3437500000000146e-05
0,50,-0.23812499999999998,0.315625,2.3437499999999936e-05
0,51,-0.23812499999999998,0.32187499999999997,2.3437499999999936e-05
0,52,-0.23812499999999998,0.328125,2.3437500000000146e-05
0,53,-0.23812499999999998,0.334375,2.3437499999999936e-05
0,54,-0.23812499999999998,0.34062499999999996,2.3437499999999936e-05
0,55,-0.23812499999999998,0.34687499999999993,2.3437500000000146e-05
0,56,-0.23812499999999998,0.35312499999999997,2.3437499999999936e-05
0,57,-0.23812499999999998,0.359375,2.3437500000000146e-05
0,58,-0.23812499999999998,0.365625,2.3437499999999936e-05
0,59,-0.23812499999999998,0.37187499999999996,2.3437499999999936e-05
0,60,-0.23812499999999998,0.37812499999999993,2.3437500000000146e-05
0,61,-0.23812499999999998,0.38437499999999997,2.3437499999999936e-05
0,62,-0.23812499999999998,0.390625,2.3437500000000146e-05
0,63,-0.23812499999999998,0.396875,2.3437499999999936e-05
0,64,-0.23812499999999998,0.40312499999999996,2.3437499999999936e-05
0,65,-0.23812499999999998,0.40937499999999993,2.3437500000000146e-05
0,66,-0.23812499999999998,0.41562499999999997,2.3437499999999936e-05
0,67,-0.23812499999999998,0.421875,2.3437500000000146e-05
0,68,-0.23812499999999998,0.428125,2.3437499999999936e-05
0,69,-0.23812499999999998,0.43437499999999996,2.3437499999999936e-05
0,70,-0.23812499999999998,0.44062499999999993,2.3437500000000146e-05
0,71,-0.23812499999999998,0.44687499999999997,2.3437499999999936e-05
0,72,-0.23812499999999998,0.453125,2.3437500000000146e-05
0,73,-0.23812499999999998,0.459375,2.3437499999999936e-05
0,74,-0.23812499999999998,0.46562499999999996,2.3437499999999936e-05
0,75,-0.23812499999999998,0.47187499999999993,2.3437500000000146e-05
0,76,-0.23812499999999998,0.47812499999999997,2.3437499999999936e-05
0,77,-0.23812499999999998,0.48437499999999994,2.3437499999999936e-05
0,78,-0.23812499999999998,0.490625,2.3437500000000146e-05
0,79,-0.23812499999999998,0.49687499999999996,2.3437499999999936e-05
0,80,-0.23812499999999998,0.5031249999999999,2.3437500000000146e-05
0,81,-0.23812499999999998,0.5093749999999999,2.3437499999999936e-05
0,82,-0.23812499999999998,0.515625,2.3437499999999936e-05
0,83,-0.23812499999999998,0.5218749999999999,2.3437499999999936e-05
0,84,-0.23812499999999998,0.528125,2.3437500000000353e-05
0,85,-0.23812499999999998,0.534375,2.3437499999999936e-05
0,86,-0.23812499999999998,0.5406249999999999,2.3437499999999936e-05
0,87,-0.23812499999999998,0.546875,2.3437499999999936e-05
0,88,-0.23812499999999998,0.5531249999999999,2.3437499999999936e-05
0,89,-0.23812499999999998,0.559375,2.3437500000000353e-05
0,90,-0.23812499999999998,0.565625,2.3437499999999936e-05
0,91,-0.23812499999999998,0.5718749999999999,2.3437499999999936e-05
0,92,-0.23812499999999998,0.578125,2.3437499999999936e-05
0,93,-0.23812499999999998,0.5843749999999999,2.3437499999999936e-05
0,94,-0.23812499999999998,0.590625,2.3437500000000353e-05
0,95,-0.23812499999999998,0.596875,2.3437499999999936e-05
1,0,-0.234375,0.0031249999999999997,2.3437500000000017e-05
1,1,-0.234375,0.009375,2.3437500000000017e-05
1,2,-0.234375,0.015625,2.343750000000002e-05
1,3,-0.234375,0.021875,2.3437500000000014e-05
1,4,-0.234375,0.028124999999999997,2.3437500000000014e-05
1,5,-0.234375,0.034374999999999996,2.3437500000000028e-05
1,6,-0.234375,0.040624999999999994,2.3437500000000014e-05
1,7,-0.234375,0.046875,2.3437500000000014e-05
1,8,-0.234375,0.05312499999999999,2.3437500000000014e-05
1,9,-0.234375,0.059375,2.3437500000000014e-05
1,10,-0.234375,0.06562499999999999,2.3437500000000014e-05
1,11,-0.234375,0.071875,2.343750000000004e-05
1,12,-0.234375,0.078125,2.343749999999999e-05
1,13,-0.234375,0.08437499999999999,2.343750000000004e-05
1,14,-0.234375,0.09062499999999998,2.343749999999999e-05
1,15,-0.234375,0.09687499999999999,2.343750000000004e-05
1,16,-0.234375,0.103125,2.343750000000004e-05
1,17,-0.234375,0.109375,2.343749999999999e-05
1,18,-0.234375,0.11562499999999999,2.343750000000004e-05
1,19,-0.234375,0.12187499999999998,2.343749999999999e-05
1,20,-0.234375,0.128125,2.343749999999999e-05
1,21,-0.234375,0.13437499999999997,2.343750000000004e-05
1,22,-0.234375,0.140625,2.343750000000004e-05
1,23,-0.234375,0.14687499999999998,2.343750000000004e-05
1,24,-0.234375,0.153125,2.343750000000004e-05
1,25,-0.234375,0.159375,2.3437499999999936e-05
1,26,-0.234375,0.16562499999999997,2.343750000000004e-05
1,27,-0.234375,0.171875,2.343750000000004e-05
1,28,-0.234375,0.17812499999999998,2.343750000000004e-05
1,29,-0.234375,0.18437499999999998,2.3437499999999936e-05
1,30,-0.234375,0.190625,2.343750000000004e-05
1,31,-0.234375,0.19687499999999997,2.343750000000004e-05
1,32,-0.234375,0.203125,2.343750000000004e-05
1,33,-0.234375,0.20937499999999998,2.343750000000004e-05
1,34,-0.234375,0.21562499999999998,2.3437499999999936e-05
1,35,-0.234375,0.221875,2.343750000000004e-05
1,36,-0.234375,0.22812499999999997,2.343750000000004e-05
1,37,-0.234375,0.234375,2.343750000000004e-05
1,38,-0.234375,0.24062499999999998,2.3437499999999936e-05
1,39,-0.234375,0.24687499999999996,2.343750000000004e-05
1,40,-0.234375,0.253125,2.343750000000004e-05
1,41,-0.234375,0.25937499999999997,2.3437499999999936e-05
1,42,-0.234375,0.265625,2.3437500000000146e-05
1,43,-0.234375,0.271875,2.3437499999999936e-05
1,44,-0.234375,0.27812499999999996,2.3437500000000146e-05
1,45,-0.234375,0.284375,2.3437499999999936e-05
1,46,-0.234375,0.29062499999999997,2.3437499999999936e-05
1,47,-0.234375,0.296875,2.3437500000000146e-05
1,48,-0.234375,0.303125,2.3437499999999936e-05
1,49,-0.234375,0.30937499999999996,2.3437500000000146e-05
1,50,-0.234375,0.315625,2.3437499999999936e-05
1,51,-0.234375,0.32187499999999997,2.3437499999999936e-05
1,52,-0.234375,0.328125,2.3437500000000146e-05
1,53,-0.234375,0.334375,2.3437499999999936e-05
1,54,-0.234375,0.34062499999999996,2.3437499999999936e-05
1,55,-0.234375,0.34687499999999993,2.3437500000000146e-05
1,56,-0.234375,0.35312499999999997,2.3437499999999936e-05
1,57,-0.234375,0.359375,2.3437500000000146e-05
1,58,-0.234375,0.365625,2.3437499999999936e-05
1,59,-0.234375,0.37187499999999996,2.3437499999999936e-05
1,60,-0.234375,0.37812499999999993,2.3437500000000146e-05
1,61,-0.234375,0.38437499999999997,2.3437499999999936e-05
1,62,-0.234375,0.390625,2.3437500000000146e-05
1,63,-0.234375,0.396875,2.3437499999999936e-05
1,64,-0.234375,0.40312499999999996,2.3437499999999936e-05
1,65,-0.234375,0.40937499999999993,2.3437500000000146e-05
1,66,-0.234375,0.41562499999999997,2.3437499999999936e-05
1,67,-0.234375,0.421875,2.3437500000000146e-05
1,68,-0.234375,0.428125,2.3437499999999936e-05
1,69,-0.234375,0.43437499999999996,2.3437499999999936e-05
1,70,-0.234375,0.44062499999999993,2.3437500000000146e-05
1,71,-0.234375,0.44687499999999997,2.3437499999999936e-05
1,72,-0.234375,0.453125,2.3437500000000146e-05
1,73,-0.234375,0.459375,2.3437499999999936e-05
1,74,-0.234375,0.46562499999999996,2.3437499999999936e-05
1,75,-0.234375,0.47187499999999993,2.3437500000000146e-05
1,76,-0.234375,0.47812499999999997,2.3437499999999936e-05
1,77,-0.234375,0.48437499999999994,2.3437499999999936e-05
1,78,-0.234375,0.490625,2.3437500000000146e-05
1,79,-0.234375,0.49687499999999996,2.3437499999999936e-05
1,80,-0.234375,0.5031249999999999,2.3437500000000146e-05
1,81,-0.234375,0.5093749999999999,2.3437499999999936e-05
1,82,-0.234375,0.515625,2.3437499999999936e-05
1,83,-0.234375,0.5218749999999999,2.3437499999999936e-05
1,84,-0.234375,0.528125,2.3437500000000353e-05
1,85,-0.234375,0.534375,2.3437499999999936e-05
1,86,-0.234375,0.5406249999999999,2.3437499999999936e-05
1,87,-0.234375,0.546875,2.3437499999999936e-05
1,88,-0.234375,0.5531249999999999,2.3437499999999936e-05
1,89,-0.234375,0.559375,2.3437500000000353e-05
1,90,-0.234375,0.565625,2.3437499999999936e-05
1,91,-0.234375,0.5718749999999999,2.3437499999999936e-05
1,92,-0.234375,0.578125,2.3437499999999936e-05
1,93,-0.234375,0.5843749999999999,2.3437499999999936e-05
1,94,-0.234375,0.590625,2.3437500000000353e-05
1,95,-0.234375,0.596875,2.3437499999999936e-05
2,0,-0.23062499999999997,0.0031249999999999997,2.3437500000000017e-05
2,1,-0.23062499999999997,0.009375,2.3437500000000017e-05
2,2,-0.23062499999999997,0.015625,2.343750000000002e-05
2,3,-0.23062499999999997,0.021875,2.3437500000000014e-05
2,4,-0.23062499999999997,0.028124999999999997,2.3437500000000014e-05
2,5,-0.23062499999999997,0.034374999999999996,2.3437500000000028e-05
2,6,-0.23062499999999997,0.040624999999999994,2.3437500000000014e-05
2,7,-0.23062499999999997,0.046875,2.3437500000000014e-05
2,8,-0.23062499999999997,0.05312499999999999,2.3437500000000014e-05
2,9,-0.23062499999999997,0.059375,2.3437500000000014e-05
2,10,-0.23062499999999997,0.06562499999999999,2.3437500000000014e-05
2,11,-0.23062499999999997,0.071875,2.343750000000004e-05
2,12,-0.23062499999999997,0.078125,2.343749999999999e-05
2,13,-0.23062499999999997,0.08437499999999999,2.343750000000004e-05
2,14,-0.23062499999999997,0.09062499999999998,2.343749999999999e-05
2,15,-0.23062499999999997,0.09687499999999999,2.343750000000004e-05
2,16,-0.23062499999999997,0.103125,2.343750000000004e-05
2,17,-0.23062499999999997,0.109375,2.343749999999999e-05
2,18,-0.23062499999999997,0.11562499999999999,2.343750000000004e-05
2,19,-0.23062499999999997,0.12187499999999998,2.343749999999999e-05
2,20,-0.23062499999999997,0.128125,2.343749999999999e-05
2,21,-0.23062499999999997,0.13437499999999997,2.343750000000004e-05
2,22,-0.23062499999999997,0.140625,2.343750000000004e-05
2,23,-0.23062499999999997,0.14687499999999998,2.343750000000004e-05
2,24,-0.23062499999999997,0.153125,2.343750000000004e-05
2,25,-0.23062499999999997,0.159375,2.3437499999999936e-05
2,26,-0.23062499999999997,0.16562499999999997,2.343750000000004e-05
2,27,-0.23062499999999997,0.171875,2.343750000000004e-05
2,28,-0.23062499999999997,0.17812499999999998,2.343750000000004e-05
2,29,-0.23062499999999997,0.18437499999999998,2.3437499999999936e-05
2,30,-0.23062499999999997,0.190625,2.343750000000004e-05
2,31,-0.23062499999999997,0.19687499999999997,2.343750000000004e-05
2,32,-0.23062499999999997,0.203125,2.343750000000004e-05
2,33,-0.23062499999999997,0.20937499999999998,2.343750000000004e-05
2,34,-0.23062499999999997,0.21562499999999998,2.3437499999999936e-05
2,35,-0.23062499999999997,0.221875,2.343750000000004e-05
2,36,-0.23062499999999997,0.22812499999999997,2.343750000000004e-05
2,37,-0.23062499999999997,0.234375,2.343750000000004e-05
2,38,-0.23062499999999997,0.24062499999999998,2.3437499999999936e-05
2,39,-0.23062499999999997,0.24687499999999996,2.343750000000004e-05
2,40,-0.23062499999999997,0.253125,2.343750000000004e-05
2,41,-0.23062499999999997,0.25937499999999997,2.3437499999999936e-05
2,42,-0.23062499999999997,0.265625,2.3437500000000146e-05
2,43,-0.23062499999999997,0.271875,2.3437499999999936e-05
2,44,-0.23062499999999997,0.27812499999999996,2.3437500000000146e-05
2,45,-0.23062499999999997,0.284375,2.3437499999999936e-05
2,46,-0.23062499999999997,0.29062499999999997,2.3437499999999936e-05
2,47,-0.23062499999999997,0.296875,2.3437500000000146e-05
2,48,-0.23062499999999997,0.303125,2.3437499999999936e-05
2,49,-0.23062499999999997,0.30937499999999996,2.3437500000000146e-05
2,50,-0.23062499999999997,0.315625,2.3437499999999936e-05
2,51,-0.23062499999999997,0.32187499999999997,2.3437499999999936e-05
2,52,-0.23062499999999997,0.328125,2.3437500000000146e-05
2,53,-0.23062499999999997,0.334375,2.3437499999999936e-05
2,54,-0.23062499999999997,0.34062499999999996,2.3437499999999936e-05
2,55,-0.23062499999999997,0.34687499999999993,2.3437500000000146e-05
2,56,-0.23062499999999997,0.35312499999999997,2.3437499999999936e-05
2,57,-0.23062499999999997,0.359375,2.3437500000000146e-05
2,58,-0.23062499999999997,0.365625,2.3437499999999936e-05
2,59,-0.23062499999999997,0.37187499999999996,2.3437499999999936e-05
2,60,-0.23062499999999997,0.37812499999999993,2.3437500000000146e-05
2,61,-0.23062499999999997,0.38437499999999997,2.3437499999999936e-05
2,62,-0.23062499999999997,0.390625,2.3437500000000146e-05
2,63,-0.23062499999999997,0.396875,2.3437499999999936e-05
2,64,-0.23062499999999997,0.40312499999999996,2.3437499999999936e-05
2,65,-0.23062499999999997,0.40937499999999993,2.3437500000000146e-05
2,66,-0.23062499999999997,0.41562499999999997,2.3437499999999936e-05
2,67,-0.23062499999999997,0.421875,2.3437500000000146e-05
2,68,-0.23062499999999997,0.428125,2.3437499999999936e-05
2,69,-0.23062499999999997,0.43437499999999996,2.3437499999999936e-05
2,70,-0.23062499999999997,0.44062499999999993,2.3437500000000146e-05
2,71,-0.23062499999999997,0.44687499999999997,2.3437499999999936e-05
2,72,-0.23062499999999997,0.453125,2.3437500000000146e-05
2,73,-0.23062499999999997,0.459375,2.3437499999999936e-05
2,74,-0.23062499999999997,0.46562499999999996,2.3437499999999936e-05
2,75,-0.23062499999999997,0.47187499999999993,2.3437500000000146e-05
2,76,-0.23062499999999997,0.47812499999999997,2.3437499999999936e-05
2,77,-0.23062499999999997,0.48437499999999994,2.3437499999999936e-05
2,78,-0.23062499999999997,0.490625,2.3437500000000146e-05
2,79,-0.23062499999999997,0.49687499999999996,2.3437499999999936e-05
2,80,-0.23062499999999997,0.5031249999999999,2.3437500000000146e-05
2,81,-0.23062499999999997,0.5093749999999999,2.3437499999999936e-05
2,82,-0.23062499999999997,0.515625,2.3437499999999936e-05
2,83,-0.23062499999999997,0.5218749999999999,2.3437499999999936e-05
2,84,-0.23062499999999997,0.528125,2.3437500000000353e-05
2,85,-0.23062499999999997,0.534375,2.3437499999999936e-05
2,86,-0.23062499999999997,0.5406249999999999,2.3437499999999936e-05
2,87,-0.23062499999999997,0.546875,2.3437499999999936e-05
2,88,-0.23062499999999997,0.5531249999999999,2.3437499999999936e-05
2,89,-0.23062499999999997,0.559375,2.3437500000000353e-05
2,90,-0.23062499999999997,0.565625,2.3437499999999936e-05
2,91,-0.23062499999999997,0.5718749999999999,2.3437499999999936e-05
2,92,-0.23062499999999997,0.578125,2.3437499999999936e-05
2,93,-0.23062499999999997,0.5843749999999999,2.3437499999999936e-05
2,94,-0.23062499999999997,0.590625,2.3437500000000353e-05
2,95,-0.23062499999999997,0.596875,2.3437499999999936e-05
3,0,-0.226875,0.0031249999999999997,2.3437500000000017e-05
3,1,-0.226875,0.009375,2.3437500000000017e-05
3,2,-0.226875,0.015625,2.343750000000002e-05
3,3,-0.226875,0.021875,2.3437500000000014e-05
3,4,-0.226875,0.028124999999999997,2.3437500000000014e-05
3,5,-0.226875,0.034374999999999996,2.3437500000000028e-05
3,6,-0.226875,0.040624999999999994,2.3437500000000014e-05
3,7,-0.226875,0.046875,2.3437500000000014e-05
3,8,-0.226875,0.05312499999999999,2.3437500000000014e-05
3,9,-0.226875,0.059375,2.3437500000000014e-05
3,10,-0.226875,0.06562499999999999,2.3437500000000014e-05
3,11,-0.226875,0.071875,2.343750000000004e-05
3,12,-0.226875,0.078125,2.343749999999999e-05
3,13,-0.226875,0.08437499999999999,2.343750000000004e-05
3,14,-0.226875,0.09062499999999998,2.343749999999999e-05
3,15,-0.226875,0.09687499999999999,2.343750000000004e-05
3,16,-0.226875,0.103125,2.343750000000004e-05
3,17,-0.226875,0.109375,2.343749999999999e-05
3,18,-0.226875,0.11562499999999999,2.343750000000004e-05
3,19,-0.226875,0.12187499999999998,2.343749999999999e-05
3,20,-0.226875,0.128125,2.343749999999999e-05
3,21,-0.226875,0.13437499999999997,2.343750000000004e-05
3,22,-0.226875,0.140625,2.343750000000004e-05
3,23,-0.226875,0.14687499999999998,2.343750000000004e-05
3,24,-0.226875,0.153125,2.343750000000004e-05
3,25,-0.226875,0.159375,2.3437499999999936e-05
3,26,-0.226875,0.16562499999999997,2.343750000000004e-05
3,27,-0.226875,0.171875,2.343750000000004e-05
3,28,-0.226875,0.17812499999999998,2.343750000000004e-05
3,29,-0.226875,0.18437499999999998,2.3437499999999936e-05
3,30,-0.226875,0.190625,2.343750000000004e-05
3,31,-0.226875,0.19687499999999997,2.343750000000004e-05
3,32,-0.226875,0.203125,2.343750000000004e-05
3,33,-0.226875,0.20937499999999998,2.343750000000004e-05
3,34,-0.226875,0.21562499999999998,2.3437499999999936e-05
3,35,-0.226875,0.221875,2.343750000000004e-05
3,36,-0.226875,0.22812499999999997,2.343750000000004e-05
3,37,-0.226875,0.234375,2.343750000000004e-05
3,38,-0.226875,0.24062499999999998,2.3437499999999936e-05
3,39,-0.226875,0.24687499999999996,2.343750000000004e-05
3,40,-0.226875,0.253125,2.343750000000004e-05
3,41,-0.226875,0.25937499999999997,2.3437499999999936e-05
3,42,-0.226875,0.265625,2.3437500000000146e-05
3,43,-0.226875,0.271875,2.3437499999999936e-05
3,44,-0.226875,0.27812499999999996,2.3437500000000146e-05
3,45,-0.226875,0.284375,2.3437499999999936e-05
3,46,-0.226875,0.29062499999999997,2.3437499999999936e-05
3,47,-0.226875,0.296875,2.3437500000000146e-05
3,48,-0.226875,0.303125,2.3437499999999936e-05
3,49,-0.226875,0.30937499999999996,2.3437500000000146e-05
3,50,-0.226875,0.315625,2.3437499999999936e-05
3,51,-0.226875,0.32187499999999997,2.3437499999999936e-05
3,52,-0.226875,0.328125,2.3437500000000146e-05
3,53,-0.226875,0.334375,2.3437499999999936e-05
3,54,-0.226875,0.34062499999999996,2.3437499999999936e-05
3,55,-0.226875,0.34687499999999993,2.3437500000000146e-05
3,56,-0.226875,0.35312499999999997,2.3437499999999936e-05
3,57,-0.226875,0.359375,2.3437500000000146e-05
3,58,-0.226875,0.365625,2.3437499999999936e-05
3,59,-0.226875,0.37187499999999996,2.3437499999999936e-05
3,60,-0.226875,0.37812499999999993,2.3437500000000146e-05
3,61,-0.226875,0.38437499999999997,2.3437499999999936e-05
3,62,-0.226875,0.390625,2.3437500000000146e-05
3,63,-0.226875,0.396875,2.3437499999999936e-05
3,64,-0.226875,0.40312499999999996,2.3437499999999936e-05
3,65,-0.226875,0.40937499999999993,2.3437500000000146e-05
3,66,-0.226875,0.41562499999999997,2.3437499999999936e-05
3,67,-0.226875,0.421875,2.3437500000000146e-05
3,68,-0.226875,0.428125,2.3437499999999936e-05
3,69,-0.226875,0.43437499999999996,2.3437499999999936e-05
3,70,-0.226875,0.44062499999999993,2.3437500000000146e-05
3,71,-0.226875,0.44687499999999997,2.3437499999999936e-05
3,72,-0.226875,0.453125,2.3437500000000146e-05
3,73,-0.226875,0.459375,2.3437499999999936e-05
3,74,-0.226875,0.46562499999999996,2.3437499999999936e-05
3,75,-0.226875,0.47187499999999993,2.3437500000000146e-05
3,76,-0.226875,0.47812499999999997,2.3437499999999936e-05
3,77,-0.226875,0.48437499999999994,2.3437499999999936e-05
3,78,-0.226875,0.490625,2.3437500000000146e-05
3,79,-0.226875,0.49687499999999996,2.3437499999999936e-05
3,80,-0.226875,0.5031249999999999,2.3437500000000146e-05
3,81,-0.226875,0.5093749999999999,2.3437499999999936e-05
3,82,-0.226875,0.515625,2.3437499999999936e-05
3,83,-0.226875,0.5218749999999999,2.3437499999999936e-05
3,84,-0.226875,0.528125,2.3437500000000353e-05
3,85,-0.226875,0.534375,2.3437499999999936e-05
3,86,-0.226875,0.5406249999999999,2.3437499999999936e-05
3,87,-0.226875,0.546875,2.3437499999999936e-05
3,88,-0.226875,0.5531249999999999,2.3437499999999936e-05
3,89,-0.226875,0.559375,2.3437500000000353e-05
3,90,-0.226875,0.565625,2.3437499999999936e-05
3,91,-0.226875,0.5718749999999999,2.3437499999999936e-05
3,92,-0.226875,0.578125,2.3437499999999936e-05
3,93,-0.226875,0.5843749999999999,2.3437499999999936e-05
3,94,-0.226875,0.590625,2.3437500000000353e-05
3,95,-0.226875,0.596875,2.3437499999999936e-05
4,0,-0.223125,0.0031249999999999997,2.3437499999999845e-05
4,1,-0.223125,0.009375,2.3437499999999845e-05
4,2,-0.223125,0.015625,2.3437499999999848e-05
4,3,-0.223125,0.021875,2.343749999999984e-05
4,4,-0.223125,0.028124999999999997,2.343749999999984e-05
4,5,-0.223125,0.034374999999999996,2.3437499999999855e-05
4,6,-0.223125,0.040624999999999994,2.343749999999984e-05
4,7,-0.223125,0.046875,2.343749999999984e-05
4,8,-0.223125,0.05312499999999999,2.343749999999984e-05
4,9,-0.223125,0.059375,2.343749999999984e-05
4,10,-0.223125,0.06562499999999999,2.343749999999984e-05
4,11,-0.223125,0.071875,2.343749999999987e-05
4,12,-0.223125,0.078125,2.3437499999999818e-05
4,13,-0.223125,0.08437499999999999,2.343749999999987e-05
4,14,-0.223125,0.09062499999999998,2.3437499999999818e-05
4,15,-0.223125,0.09687499999999999,2.343749999999987e-05
4,16,-0.223125,0.103125,2.343749999999987e-05
4,17,-0.223125,0.109375,2.3437499999999818e-05
4,18,-0.223125,0.11562499999999999,2.343749999999987e-05
4,19,-0.223125,0.12187499999999998,2.3437499999999818e-05
4,20,-0.223125,0.128125,2.3437499999999818e-05
4,21,-0.223125,0.13437499999999997,2.343749999999987e-05
4,22,-0.223125,0.140625,2.343749999999987e-05
4,23,-0.223125,0.14687499999999998,2.343749999999987e-05
4,24,-0.223125,0.153125,2.343749999999987e-05
4,25,-0.223125,0.159375,2.3437499999999763e-05
4,26,-0.223125,0.16562499999999997,2.343749999999987e-05
4,27,-0.223125,0.171875,2.343749999999987e-05
4,28,-0.223125,0.17812499999999998,2.343749999999987e-05
4,29,-0.223125,0.18437499999999998,2.3437499999999763e-05
4,30,-0.223125,0.190625,2.343749999999987e-05
4,31,-0.223125,0.19687499999999997,2.343749999999987e-05
4,32,-0.223125,0.203125,2.343749999999987e-05
4,33,-0.223125,0.20937499999999998,2.343749999999987e-05
4,34,-0.223125,0.21562499999999998,2.3437499999999763e-05
4,35,-0.223125,0.221875,2.343749999999987e-05
4,36,-0.223125,0.22812499999999997,2.343749999999987e-05
4,37,-0.223125,0.234375,2.343749999999987e-05
4,38,-0.223125,0.24062499999999998,2.3437499999999763e-05
4,39,-0.223125,0.24687499999999996,2.343749999999987e-05
4,40,-0.223125,0.253125,2.343749999999987e-05
4,41,-0.223125,0.25937499999999997,2.3437499999999763e-05
4,42,-0.223125,0.265625,2.3437499999999973e-05
4,43,-0.223125,0.271875,2.3437499999999763e-05
4,44,-0.223125,0.27812499999999996,2.3437499999999973e-05
4,45,-0.223125,0.284375,2.3437499999999763e-05
4,46,-0.223125,0.29062499999999997,2.3437499999999763e-05
4,47,-0.223125,0.296875,2.3437499999999973e-05
4,48,-0.223125,0.303125,2.3437499999999763e-05
4,49,-0.223125,0.30937499999999996,2.3437499999999973e-05
4,50,-0.223125,0.315625,2.3437499999999763e-05
4,51,-0.223125,0.32187499999999997,2.3437499999999763e-05
4,52,-0.223125,0.328125,2.3437499999999973e-05
4,53,-0.223125,0.334375,2.3437499999999763e-05
4,54,-0.223125,0.34062499999999996,2.3437499999999763e-05
4,55,-0.223125,0.34687499999999993,2.3437499999999973e-05
4,56,-0.223125,0.35312499999999997,2.3437499999999763e-05
4,57,-0.223125,0.359375,2.3437499999999973e-05
4,58,-0.223125,0.365625,2.3437499999999763e-05
4,59,-0.223125,0.37187499999999996,2.3437499999999763e-05
4,60,-0.223125,0.37812499999999993,2.3437499999999973e-05
4,61,-0.223125,0.38437499999999997,2.3437499999999763e-05
4,62,-0.223125,0.390625,2.3437499999999973e-05
4,63,-0.223125,0.396875,2.3437499999999763e-05
4,64,-0.223125,0.40312499999999996,2.3437499999999763e-05
4,65,-0.223125,0.40937499999999993,2.3437499999999973e-05
4,66,-0.223125,0.41562499999999997,2.3437499999999763e-05
4,67,-0.223125,0.421875,2.3437499999999973e-05
4,68,-0.223125,0.428125,2.3437499999999763e-05
4,69,-0.223125,0.43437499999999996,2.3437499999999763e-05
4,70,-0.223125,0.44062499999999993,2.3437499999999973e-05
4,71,-0.223125,0.44687499999999997,2.3437499999999763e-05
4,72,-0.223125,0.453125,2.3437499999999973e-05
4,73,-0.223125,0.459375,2.3437499999999763e-05
4,74,-0.223125,0.46562499999999996,2.3437499999999763e-05
4,75,-0.223125,0.47187499999999993,2.3437499999999973e-05
4,76,-0.223125,0.47812499999999997,2.3437499999999763e-05
4,77,-0.223125,0.48437499999999994,2.3437499999999763e-05
4,78,-0.223125,0.490625,2.3437499999999973e-05
4,79,-0.223125,0.49687499999999996,2.3437499999999763e-05
4,80,-0.223125,0.5031249999999999,2.3437499999999973e-05
4,81,-0.223125,0.5093749999999999,2.3437499999999763e-05
4,82,-0.223125,0.515625,2.3437499999999763e-05
4,83,-0.223125,0.5218749999999999,2.3437499999999763e-05
4,84,-0.223125,0.528125,2.343750000000018e-05
4,85,-0.223125,0.534375,2.3437499999999763e-05
4,86,-0.223125,0.5406249999999999,2.3437499999999763e-05
4,87,-0.223125,0.546875,2.3437499999999763e-05
4,88,-0.223125,0.5531249999999999,2.3437499999999763e-05
4,89,-0.223125,0.559375,2.343750000000018e-05
4,90,-0.223125,0.565625,2.3437499999999763e-05
4,91,-0.223125,0.5718749999999999,2.3437499999999763e-05
4,92,-0.223125,0.578125,2.3437499999999763e-05
4,93,-0.223125,0.5843749999999999,2.3437499999999763e-05
4,94,-0.223125,0.590625,2.343750000000018e-05
4,95,-0.223125,0.596875,2.3437499999999763e-05
5,0,-0.219375,0.0031249999999999997,2.3437500000000017e-05
5,1,-0.219375,0.009375,2.3437500000000017e-05
5,2,-0.219375,0.015625,2.343750000000002e-05
5,3,-0.219375,0.021875,2.3437500000000014e-05
5,4,-0.219375,0.028124999999999997,2.3437500000000014e-05
5,5,-0.219375,0.034374999999999996,2.3437500000000028e-05
5,6,-0.219375,0.040624999999999994,2.3437500000000014e-05
5,7,-0.219375,0.046875,2.3437500000000014e-05
5,8,-0.219375,0.05312499999999999,2.3437500000000014e-05
5,9,-0.219375,0.059375,2.3437500000000014e-05
5,10,-0.219375,0.06562499999999999,2.3437500000000014e-05
5,11,-0.219375,0.071875,2.343750000000004e-05
5,12,-0.219375,0.078125,2.343749999999999e-05
5,13,-0.219375,0.08437499999999999,2.343750000000004e-05
5,14,-0.219375,0.09062499999999998,2.343749999999999e-05
5,15,-0.219375,0.09687499999999999,2.343750000000004e-05
5,16,-0.219375,0.103125,2.343750000000004e-05
5,17,-0.219375,0.109375,2.343749999999999e-05
5,18,-0.219375,0.11562499999999999,2.343750000000004e-05
5,19,-0.219375,0.12187499999999998,2.343749999999999e-05
5,20,-0.219375,0.128125,2.343749999999999e-05
5,21,-0.219375,0.13437499999999997,2.343750000000004e-05
5,22,-0.219375,0.140625,2.343750000000004e-05
5,23,-0.219375,0.14687499999999998,2.343750000000004e-05
5,24,-0.219375,0.153125,2.343750000000004e-05
5,25,-0.219375,0.159375,2.3437499999999936e-05
5,26,-0.219375,0.16562499999999997,2.343750000000004e-05
5,27,-0.219375,0.171875,2.343750000000004e-05
5,28,-0.219375,0.17812499999999998,2.343750000000004e-05
5,29,-0.219375,0.18437499999999998,2.3437499999999936e-05
5,30,-0.219375,0.190625,2.343750000000004e-05
5,31,-0.219375,0.19687499999999997,2.343750000000004e-05
5,32,-0.219375,0.203125,2.343750000000004e-05
5,33,-0.219375,0.20937499999999998,2.343750000000004e-05
5,34,-0.219375,0.21562499999999998,2.3437499999999936e-05
5,35,-0.219375,0.221875,2.343750000000004e-05
5,36,-0.219375,0.22812499999999997,2.343750000000004e-05
5,37,-0.219375,0.234375,2.343750000000004e-05
5,38,-0.219375,0.24062499999999998,2.3437499999999936e-05
5,39,-0.219375,0.24687499999999996,2.343750000000004e-05
5,40,-0.219375,0.253125,2.343750000000004e-05
5,41,-0.219375,0.25937499999999997,2.3437499999999936e-05
5,42,-0.219375,0.265625,2.3437500000000146e-05
5,43,-0.219375,0.271875,2.3437499999999936e-05
5,44,-0.219375,0.27812499999999996,2.3437500000000146e-05
5,45,-0.219375,0.284375,2.3437499999999936e-05
5,46,-0.219375,0.29062499999999997,2.3437499999999936e-05
5,47,-0.219375,0.296875,2.3437500000000146e-05
5,48,-0.219375,0.303125,2.3437499999999936e-05
5,49,-0.219375,0.30937499999999996,2.3437500000000146e-05
5,50,-0.219375,0.315625,2.3437499999999936e-05
5,51,-0.219375,0.32187499999999997,2.3437499999999936e-05
5,52,-0.219375,0.328125,2.3437500000000146e-05
5,53,-0.219375,0.334375,2.3437499999999936e-05
5,54,-0.219375,0.34062499999999996,2.3437499999999936e-05
5,55,-0.219375,0.34687499999999993,2.3437500000000146e-05
5,56,-0.219375,0.35312499999999997,2.3437499999999936e-05
5,57,-0.219375,0.359375,2.3437500000000146e-05
5,58,-0.219375,0.365625,2.3437499999999936e-05
5,59,-0.219375,0.37187499999999996,2.3437499999999936e-05
5,60,-0.219375,0.37812499999999993,2.3437500000000146e-05
5,61,-0.219375,0.38437499999999997,2.3437499999999936e-05
5,62,-0.219375,0.390625,2.3437500000000146e-05
5,63,-0.219375,0.396875,2.3437499999999936e-05
5,64,-0.219375,0.40312499999999996,2.3437499999999936e-05
5,65,-0.219375,0.40937499999999993,2.3437500000000146e-05
5,66,-0.219375,0.41562499999999997,2.3437499999999936e-05
5,67,-0.219375,0.421875,2.3437500000000146e-05
5,68,-0.219375,0.428125,2.3437499999999936e-05
5,69,-0.219375,0.43437499999999996,2.3437499999999936e-05
5,70,-0.219375,0.44062499999999993,2.3437500000000146e-05
5,71,-0.219375,0.44687499999999997,2.3437499999999936e-05
5,72,-0.219375,0.453125,2.3437500000000146e-05
5,73,-0.219375,0.459375,2.3437499999999936e-05
5,74,-0.219375,0.46562499999999996,2.3437499999999936e-05
5,75,-0.219375,0.47187499999999993,2.3437500000000146e-05
5,76,-0.219375,0.47812499999999997,2.3437499999999936e-05
5,77,-0.219375,0.48437499999999994,2.3437499999999936e-05
5,78,-0.219375,0.490625,2.3437500000000146e-05
5,79,-0.219375,0.49687499999999996,2.3437499999999936e-05
5,80,-0.219375,0.5031249999999999,2.3437500000000146e-05
5,81,-0.219375,0.5093749999999999,2.3437499999999936e-05
5,82,-0.219375,0.515625,2.3437499999999936e-05
5,83,-0.219375,0.5218749999999999,2.3437499999999936e-05
5,84,-0.219375,0.528125,2.3437500000000353e-05
5,85,-0.219375,0.534375,2.3437499999999936e-05
5,86,-0.219375,0.5406249999999999,2.3437499999999936e-05
5,87,-0.219375,0.546875,2.3437499999999936e-05
5,88,-0.219375,0.5531249999999999,2.3437499999999936e-05
5,89,-0.219375,0.559375,2.3437500000000353e-05
5,90,-0.219375,0.565625,2.3437499999999936e-05
5,91,-0.219375,0.5718749999999999,2.3437499999999936e-05
5,92,-0.219375,0.578125,2.3437499999999936e-05
5,93,-0.219375,0.5843749999999999,2.3437499999999936e-05
5,94,-0.219375,0.590625,2.3437500000000353e-05
5,95,-0.219375,0.596875,2.3437499999999936e-05
6,0,-0.215625,0.0031249999999999997,2.3437500000000017e-05
6,1,-0.215625,0.009375,2.3437500000000017e-05
6,2,-0.215625,0.015625,2.343750000000002e-05
6,3,-0.215625,0.021875,2.3437500000000014e-05
6,4,-0.215625,0.028124999999999997,2.3437500000000014e-05
6,5,-0.215625,0.034374999999999996,2.3437500000000028e-05
6,6,-0.215625,0.040624999999999994,2.3437500000000014e-05
6,7,-0.215625,0.046875,2.3437500000000014e-05
6,8,-0.215625,0.05312499999999999,2.3437500000000014e-05
6,9,-0.215625,0.059375,2.3437500000000014e-05
6,10,-0.215625,0.06562499999999999,2.3437500000000014e-05
6,11,-0.215625,0.071875,2.343750000000004e-05
6,12,-0.215625,0.078125,2.343749999999999e-05
6,13,-0.215625,0.08437499999999999,2.343750000000004e-05
6,14,-0.215625,0.09062499999999998,2.343749999999999e-05
6,15,-0.215625,0.09687499999999999,2.343750000000004e-05
6,16,-0.215625,0.103125,2.343750000000004e-05
6,17,-0.215625,0.109375,2.343749999999999e-05
6,18,-0.215625,0.11562499999999999,2.343750000000004e-05
6,19,-0.215625,0.12187499999999998,2.343749999999999e-05
6,20,-0.215625,0.128125,2.343749999999999e-05
6,21,-0.215625,0.13437499999999997,2.343750000000004e-05
6,22,-0.215625,0.140625,2.343750000000004e-05
6,23,-0.215625,0.14687499999999998,2.343750000000004e-05
6,24,-0.215625,0.153125,2.343750000000004e-05
6,25,-0.215625,0.159375,2.3437499999999936e-05
6,26,-0.215625,0.16562499999999997,2.343750000000004e-05
6,27,-0.215625,0.171875,2.343750000000004e-05
6,28,-0.215625,0.17812499999999998,2.343750000000004e-05
6,29,-0.215625,0.18437499999999998,2.3437499999999936e-05
6,30,-0.215625,0.190625,2.343750000000004e-05
6,31,-0.215625,0.19687499999999997,2.343750000000004e-05
6,32,-0.215625,0.203125,2.343750000000004e-05
6,33,-0.215625,0.20937499999999998,2.343750000000004e-05
6,34,-0.215625,0.21562499999999998,2.3437499999999936e-05
6,35,-0.215625,0.221875,2.343750000000004e-05
6,36,-0.215625,0.22812499999999997,2.343750000000004e-05
6,37,-0.215625,0.234375,2.343750000000004e-05
6,38,-0.215625,0.24062499999999998,2.3437499999999936e-05
6,39,-0.215625,0.24687499999999996,2.343750000000004e-05
6,40,-0.215625,0.253125,2.343750000000004e-05
6,41,-0.215625,0.25937499999999997,2.3437499999999936e-05
6,42,-0.215625,0.265625,2.3437500000000146e-05
6,43,-0.215625,0.271875,2.3437499999999936e-05
6,44,-0.215625,0.27812499999999996,2.3437500000000146e-05
6,45,-0.215625,0.284375,2.3437499999999936e-05
6,46,-0.215625,0.29062499999999997,2.3437499999999936e-05
6,47,-0.215625,0.296875,2.3437500000000146e-05
6,48,-0.215625,0.303125,2.3437499999999936e-05
6,49,-0.215625,0.30937499999999996,2.3437500000000146e-05
6,50,-0.215625,0.315625,2.3437499999999936e-05
6,51,-0.215625,0.32187499999999997,2.3437499999999936e-05
6,52,-0.215625,0.328125,2.3437500000000146e-05
6,53,-0.215625,0.334375,2.3437499999999936e-05
6,54,-0.215625,0.34062499999999996,2.3437499999999936e-05
6,55,-0.215625,0.34687499999999993,2.3437500000000146e-05
6,56,-0.215625,0.35312499999999997,2.3437499999999936e-05
6,57,-0.215625,0.359375,2.3437500000000146e-05
6,58,-0.215625,0.365625,2.3437499999999936e-05
6,59,-0.215625,0.37187499999999996,2.3437499999999936e-05
6,60,-0.215625,0.37812499999999993,2.3437500000000146e-05
6,61,-0.215625,0.38437499999999997,2.3437499999999936e-05
6,62,-0.215625,0.390625,2.3437500000000146e-05
6,63,-0.215625,0.396875,2.3437499999999936e-05
6,64,-0.215625,0.40312499999999996,2.3437499999999936e-05
6,65,-0.215625,0.40937499999999993,2.3437500000000146e-05
6,66,-0.215625,0.41562499999999997,2.3437499999999936e-05
6,67,-0.215625,0.421875,2.3437500000000146e-05
6,68,-0.215625,0.428125,2.3437499999999936e-05
6,69,-0.215625,0.43437499999999996,2.3437499999999936e-05
6,70,-0.215625,0.44062499999999993,2.3437500000000146e-05
6,71,-0.215625,0.44687499999999997,2.3437499999999936e-05
6,72,-0.215625,0.453125,2.3437500000000146e-05
6,73,-0.215625,0.459375,2.3437499999999936e-05
6,74,-0.215625,0.46562499999999996,2.3437499999999936e-05
6,75,-0.215625,0.47187499999999993,2.3437500000000146e-05
6,76,-0.215625,0.47812499999999997,2.3437499999999936e-05
6,77,-0.215625,0.48437499999999994,2.3437499999999936e-05
6,78,-0.215625,0.490625,2.3437500000000146e-05
6,79,-0.215625,0.49687499999999996,2.3437499999999936e-05
6,80,-0.215625,0.5031249999999999,2.3437500000000146e-05
6,81,-0.215625,0.5093749999999999,2.3437499999999936e-05
6,82,-0.215625,0.515625,2.3437499999999936e-05
6,83,-0.215625,0.5218749999999999,2.3437499999999936e-05
6,84,-0.215625,0.528125,2.3437500000000353e-05
6,85,-0.215625,0.534375,2.3437499999999936e-05
6,86,-0.215625,0.5406249999999999,2.3437499999999936e-05
6,87,-0.215625,0.546875,2.3437499999999936e-05
6,88,-0.215625,0.5531249999999999,2.3437499999999936e-05
6,89,-0.215625,0.559375,2.3437500000000353e-05
6,90,-0.215625,0.565625,2.3437499999999936e-05
6,91,-0.215625,0.5718749999999999,2.3437499999999936e-05
6,92,-0.215625,0.578125,2.3437499999999936e-05
6,93,-0.215625,0.5843749999999999,2.3437499999999936e-05
6,94,-0.215625,0.590625,2.3437500000000353e-05
6,95,-0.215625,0.596875,2.3437499999999936e-05
7,0,-0.21187499999999998,0.0031249999999999997,2.3437500000000017e-05
7,1,-0.21187499999999998,0.009375,2.3437500000000017e-05
7,2,-0.21187499999999998,0.015625,2.343750000000002e-05
7,3,-0.21187499999999998,0.021875,2.3437500000000014e-05
7,4,-0.21187499999999998,0.028124999999999997,2.3437500000000014e-05
7,5,-0.21187499999999998,0.034374999999999996,2.3437500000000028e-05
7,6,-0.21187499999999998,0.040624999999999994,2.3437500000000014e-05
7,7,-0.21187499999999998,0.046875,2.3437500000000014e-05
7,8,-0.21187499999999998,0.05312499999999999,2.3437500000000014e-05
7,9,-0.21187499999999998,0.059375,2.3437500000000014e-05
7,10,-0.21187499999999998,0.06562499999999999,2.3437500000000014e-05
7,11,-0.21187499999999998,0.071875,2.343750000000004e-05
7,12,-0.21187499999999998,0.078125,2.343749999999999e-05
7,13,-0.21187499999999998,0.08437499999999999,2.343750000000004e-05
7,14,-0.21187499999999998,0.09062499999999998,2.343749999999999e-05
7,15,-0.21187499999999998,0.09687499999999999,2.343750000000004e-05
7,16,-0.21187499999999998,0.103125,2.343750000000004e-05
7,17,-0.21187499999999998,0.109375,2.343749999999999e-05
7,18,-0.21187499999999998,0.11562499999999999,2.343750000000004e-05
7,19,-0.21187499999999998,0.12187499999999998,2.343749999999999e-05
7,20,-0.21187499999999998,0.128125,2.343749999999999e-05
7,21,-0.21187499999999998,0.13437499999999997,2.343750000000004e-05
7,22,-0.21187499999999998,0.140625,2.343750000000004e-05
7,23,-0.21187499999999998,0.14687499999999998,2.343750000000004e-05
7,24,-0.21187499999999998,0.153125,2.343750000000004e-05
7,25,-0.21187499999999998,0.159375,2.3437499999999936e-05
7,26,-0.21187499999999998,0.16562499999999997,2.343750000000004e-05
7,27,-0.21187499999999998,0.171875,2.343750000000004e-05
7,28,-0.21187499999999998,0.17812499999999998,2.343750000000004e-05
7,29,-0.21187499999999998,0.18437499999999998,2.3437499999999936e-05
7,30,-0.21187499999999998,0.190625,2.343750000000004e-05
7,31,-0.21187499999999998,0.19687499999999997,2.343750000000004e-05
7,32,-0.21187499999999998,0.203125,2.343750000000004e-05
7,33,-0.21187499999999998,0.20937499999999998,2.343750000000004e-05
7,34,-0.21187499999999998,0.21562499999999998,2.3437499999999936e-05
7,35,-0.21187499999999998,0.221875,2.343750000000004e-05
7,36,-0.21187499999999998,0.22812499999999997,2.343750000000004e-05
7,37,-0.21187499999999998,0.234375,2.343750000000004e-05
7,38,-0.21187499999999998,0.24062499999999998,2.3437499999999936e-05
7,39,-0.21187499999999998,0.24687499999999996,2.343750000000004e-05
7,40,-0.21187499999999998,0.253125,2.343750000000004e-05
7,41,-0.21187499999999998,0.25937499999999997,2.3437499999999936e-05
7,42,-0.21187499999999998,0.265625,2.3437500000000146e-05
7,43,-0.21187499999999998,0.271875,2.3437499999999936e-05
7,44,-0.21187499999999998,0.27812499999999996,2.3437500000000146e-05
7,45,-0.21187499999999998,0.284375,2.3437499999999936e-05
7,46,-0.21187499999999998,0.29062499999999997,2.3437499999999936e-05
7,47,-0.21187499999999998,0.296875,2.3437500000000146e-05
7,48,-0.21187499999999998,0.303125,2.3437499999999936e-05
7,49,-0.21187499999999998,0.30937499999999996,2.3437500000000146e-05
7,50,-0.21187499999999998,0.315625,2.3437499999999936e-05
7,51,-0.21187499999999998,0.32187499999999997,2.3437499999999936e-05
7,52,-0.21187499999999998,0.328125,2.3437500000000146e-05
7,53,-0.21187499999999998,0.334375,2.3437499999999936e-05
7,54,-0.21187499999999998,0.34062499999999996,2.3437499999999936e-05
7,55,-0.21187499999999998,0.34687499999999993,2.3437500000000146e-05
7,56,-0.21187499999999998,0.35312499999999997,2.3437499999999936e-05
7,57,-0.21187499999999998,0.359375,2.3437500000000146e-05
7,58,-0.21187499999999998,0.365625,2.3437499999999936e-05
7,59,-0.21187499999999998,0.37187499999999996,2.3437499999999936e-05
7,60,-0.21187499999999998,0.37812499999999993,2.3437500000000146e-05
7,61,-0.21187499999999998,0.38437499999999997,2.3437499999999936e-05
7,62,-0.21187499999999998,0.390625,2.3437500000000146e-05
7,63,-0.21187499999999998,0.396875,2.3437499999999936e-05
7,64,-0.21187499999999998,0.40312499999999996,2.3437499999999936e-05
7,65,-0.21187499999999998,0.40937499999999993,2.3437500000000146e-05
7,66,-0.21187499999999998,0.41562499999999997,2.3437499999999936e-05
7,67,-0.21187499999999998,0.421875,2.3437500000000146e-05
7,68,-0.21187499999999998,0.428125,2.3437499999999936e-05
7,69,-0.21187499999999998,0.43437499999999996,2.3437499999999936e-05
7,70,-0.21187499999999998,0.44062499999999993,2.3437500000000146e-05
7,71,-0.21187499999999998,0.44687499999999997,2.3437499999999936e-05
7,72,-0.21187499999999998,0.453125,2.3437500000000146e-05
7,73,-0.21187499999999998,0.459375,2.3437499999999936e-05
7,74,-0.21187499999999998,0.46562499999999996,2.3437499999999936e-05
7,75,-0.21187499999999998,0.47187499999999993,2.3437500000000146e-05
7,76,-0.21187499999999998,0.47812499999999997,2.3437499999999936e-05
7,77,-0.21187499999999998,0.48437499999999994,2.3437499999999936e-05
7,78,-0.21187499999999998,0.490625,2.3437500000000146e-05
7,79,-0.21187499999999998,0.49687499999999996,2.3437499999999936e-05
7,80,-0.21187499999999998,0.5031249999999999,2.3437500000000146e-05
7,81,-0.21187499999999998,0.5093749999999999,2.3437499999999936e-05
7,82,-0.21187499999999998,0.515625,2.3437499999999936e-05
7,83,-0.21187499999999998,0.5218749999999999,2.3437499999999936e-05
7,84,-0.21187499999999998,0.528125,2.3437500000000353e-05
7,85,-0.21187499999999998,0.534375,2.3437499999999936e-05
7,86,-0.21187499999999998,0.5406249999999999,2.3437499999999936e-05
7,87,-0.21187499999999998,0.546875,2.3437499999999936e-05
7,88,-0.21187499999999998,0.5531249999999999,2.3437499999999936e-05
7,89,-0.21187499999999998,0.559375,2.3437500000000353e-05
7,90,-0.21187499999999998,0.565625,2.3437499999999936e-05
7,91,-0.21187499999999998,0.5718749999999999,2.3437499999999936e-05
7,92,-0.21187499999999998,0.578125,2.3437499999999936e-05
7,93,-0.21187499999999998,0.5843749999999999,2.3437499999999936e-05
7,94,-0.21187499999999998,0.590625,2.3437500000000353e-05
7,95,-0.21187499999999998,0.596875,2.3437499999999936e-05
8,0,-0.208125,0.0031249999999999997,2.3437500000000017e-05
8,1,-0.208125,0.009375,2.3437500000000017e-05
8,2,-0.208125,0.015625,2.343750000000002e-05
8,3,-0.208125,0.021875,2.3437500000000014e-05
8,4,-0.208125,0.028124999999999997,2.3437500000000014e-05
8,5,-0.208125,0.034374999999999996,2.3437500000000028e-05
8,6,-0.208125,0.040624999999999994,2.3437500000000014e-05
8,7,-0.208125,0.046875,2.3437500000000014e-05
8,8,-0.208125,0.05312499999999999,2.3437500000000014e-05
8,9,-0.208125,0.059375,2.3437500000000014e-05
8,10,-0.208125,0.06562499999999999,2.3437500000000014e-05
8,11,-0.208125,0.071875,2.343750000000004e-05
8,12,-0.208125,0.078125,2.343749999999999e-05
8,13,-0.208125,0.08437499999999999,2.343750000000004e-05
8,14,-0.208125,0.09062499999999998,2.343749999999999e-05
8,15,-0.208125,0.09687499999999999,2.343750000000004e-05
8,16,-0.208125,0.103125,2.343750000000004e-05
8,17,-0.208125,0.109375,2.343749999999999e-05
8,18,-0.208125,0.11562499999999999,2.343750000000004e-05
8,19,-0.208125,0.12187499999999998,2.343749999999999e-05
8,20,-0.208125,0.128125,2.343749999999999e-05
8,21,-0.208125,0.13437499999999997,2.343750000000004e-05
8,22,-0.208125,0.140625,2.343750000000004e-05
8,23,-0.208125,0.14687499999999998,2.343750000000004e-05
8,24,-0.208125,0.153125,2.343750000000004e-05
8,25,-0.208125,0.159375,2.3437499999999936e-05
8,26,-0.208125,0.16562499999999997,2.343750000000004e-05
8,27,-0.208125,0.171875,2.343750000000004e-05
8,28,-0.208125,0.17812499999999998,2.343750000000004e-05
8,29,-0.208125,0.18437499999999998,2.3437499999999936e-05
8,30,-0.208125,0.190625,2.343750000000004e-05
8,31,-0.208125,0.19687499999999997,2.343750000000004e-05
8,32,-0.208125,0.203125,2.343750000000004e-05
8,33,-0.208125,0.20937499999999998,2.343750000000004e-05
8,34,-0.208125,0.21562499999999998,2.3437499999999936e-05
8,35,-0.208125,0.221875,2.343750000000004e-05
8,36,-0.208125,0.22812499999999997,2.343750000000004e-05
8,37,-0.208125,0.234375,2.343750000000004e-05
8,38,-0.208125,0.24062499999999998,2.3437499999999936e-05
8,39,-0.208125,0.24687499999999996,2.343750000000004e-05
8,40,-0.208125,0.253125,2.343750000000004e-05
8,41,-0.208125,0.25937499999999997,2.3437499999999936e-05
8,42,-0.208125,0.265625,2.3437500000000146e-05
8,43,-0.208125,0.271875,2.3437499999999936e-05
8,44,-0.208125,0.27812499999999996,2.3437500000000146e-05
8,45,-0.208125,0.284375,2.3437499999999936e-05
8,46,-0.208125,0.29062499999999997,2.3437499999999936e-05
8,47,-0.208125,0.296875,2.3437500000000146e-05
8,48,-0.208125,0.303125,2.3437499999999936e-05
8,49,-0.208125,0.30937499999999996,2.3437500000000146e-05
8,50,-0.208125,0.315625,2.3437499999999936e-05
8,51,-0.208125,0.32187499999999997,2.3437499999999936e-05
8,52,-0.208125,0.328125,2.3437500000000146e-05
8,53,-0.208125,0.334375,2.3437499999999936e-05
8,54,-0.208125,0.34062499999999996,2.3437499999999936e-05
8,55,-0.208125,0.34687499999999993,2.3437500000000146e-05
8,56,-0.208125,0.35312499999999997,2.3437499999999936e-05
8,57,-0.208125,0.359375,2.3437500000000146e-05
8,58,-0.208125,0.365625,2.3437499999999936e-05
8,59,-0.208125,0.37187499999999996,2.3437499999999936e-05
8,60,-0.208125,0.37812499999999993,2.3437500000000146e-05
8,61,-0.208125,0.38437499999999997,2.3437499999999936e-05
8,62,-0.208125,0.390625,2.3437500000000146e-05
8,63,-0.208125,0.396875,2.3437499999999936e-05
8,64,-0.208125,0.40312499999999996,2.3437499999999936e-05
8,65,-0.208125,0.40937499999999993,2.3437500000000146e-05
8,66,-0.208125,0.41562499999999997,2.3437499999999936e-05
8,67,-0.208125,0.421875,2.3437500000000146e-05
8,68,-0.208125,0.428125,2.3437499999999936e-05
8,69,-0.208125,0.43437499999999996,2.3437499999999936e-05
8,70,-0.208125,0.44062499999999993,2.3437500000000146e-05
8,71,-0.208125,0.44687499999999997,2.3437499999999936e-05
8,72,-0.208125,0.453125,2.3437500000000146e-05
8,73,-0.208125,0.459375,2.3437499999999936e-05
8,74,-0.208125,0.46562499999999996,2.3437499999999936e-05
8,75,-0.208125,0.47187499999999993,2.3437500000000146e-05
8,76,-0.208125,0.47812499999999997,2.3437499999999936e-05
8,77,-0.208125,0.48437499999999994,2.3437499999999936e-05
8,78,-0.208125,0.490625,2.3437500000000146e-05
8,79,-0.208125,0.49687499999999996,2.3437499999999936e-05
8,80,-0.208125,0.5031249999999999,2.3437500000000146e-05
8,81,-0.208125,0.5093749999999999,2.3437499999999936e-05
8,82,-0.208125,0.515625,2.3437499999999936e-05
8,83,-0.208125,0.5218749999999999,2.3437499999999936e-05
8,84,-0.208125,0.528125,2.3437500000000353e-05
8,85,-0.208125,0.534375,2.3437499999999936e-05
8,86,-0.208125,0.5406249999999999,2.3437499999999936e-05
8,87,-0.208125,0.546875,2.3437499999999936e-05
8,88,-0.208125,0.5531249999999999,2.3437499999999936e-05
8,89,-0.208125,0.559375,2.3437500000000353e-05
8,90,-0.208125,0.565625,2.3437499999999936e-05
8,91,-0.208125,0.5718749999999999,2.3437499999999936e-05
8,92,-0.208125,0.578125,2.3437499999999936e-05
8,93,-0.208125,0.5843749999999999,2.3437499999999936e-05
8,94,-0.208125,0.590625,2.3437500000000353e-05
8,95,-0.208125,0.596875,2.3437499999999936e-05
9,0,-0.20437499999999997,0.0031249999999999997,2.3437500000000017e-05
9,1,-0.20437499999999997,0.009375,2.3437500000000017e-05
9,2,-0.20437499999999997,0.015625,2.343750000000002e-05
9,3,-0.20437499999999997,0.021875,2.3437500000000014e-05
9,4,-0.20437499999999997,0.028124999999999997,2.3437500000000014e-05
9,5,-0.20437499999999997,0.034374999999999996,2.3437500000000028e-05
9,6,-0.20437499999999997,0.040624999999999994,2.3437500000000014e-05
9,7,-0.20437499999999997,0.046875,2.3437500000000014e-05
9,8,-0.20437499999999997,0.05312499999999999,2.3437500000000014e-05
9,9,-0.20437499999999997,0.059375,2.3437500000000014e-05
9,10,-0.20437499999999997,0.06562499999999999,2.3437500000000014e-05
9,11,-0.20437499999999997,0.071875,2.343750000000004e-05
9,12,-0.20437499999999997,0.078125,2.343749999999999e-05
9,13,-0.20437499999999997,0.08437499999999999,2.343750000000004e-05
9,14,-0.20437499999999997,0.09062499999999998,2.343749999999999e-05
9,15,-0.20437499999999997,0.09687499999999999,2.343750000000004e-05
9,16,-0.20437499999999997,0.103125,2.343750000000004e-05
9,17,-0.20437499999999997,0.109375,2.343749999999999e-05
9,18,-0.20437499999999997,0.11562499999999999,2.343750000000004e-05
9,19,-0.20437499999999997,0.12187499999999998,2.343749999999999e-05
9,20,-0.20437499999999997,0.128125,2.343749999999999e-05
9,21,-0.20437499999999997,0.13437499999999997,2.343750000000004e-05
9,22,-0.20437499999999997,0.140625,2.343750000000004e-05
9,23,-0.20437499999999997,0.14687499999999998,2.343750000000004e-05
9,24,-0.20437499999999997,0.153125,2.343750000000004e-05
9,25,-0.20437499999999997,0.159375,2.3437499999999936e-05
9,26,-0.20437499999999997,0.16562499999999997,2.343750000000004e-05
9,27,-0.20437499999999997,0.171875,2.343750000000004e-05
9,28,-0.20437499999999997,0.17812499999999998,2.343750000000004e-05
9,29,-0.20437499999999997,0.18437499999999998,2.3437499999999936e-05
9,30,-0.20437499999999997,0.190625,2.343750000000004e-05
9,31,-0.20437499999999997,0.19687499999999997,2.343750000000004e-05
9,32,-0.20437499999999997,0.203125,2.343750000000004e-05
9,33,-0.20437499999999997,0.20937499999999998,2.343750000000004e-05
9,34,-0.20437499999999997,0.21562499999999998,2.3437499999999936e-05
9,35,-0.20437499999999997,0.221875,2.343750000000004e-05
9,36,-0.20437499999999997,0.22812499999999997,2.343750000000004e-05
9,37,-0.20437499999999997,0.234375,2.343750000000004e-05
9,38,-0.20437499999999997,0.24062499999999998,2.3437499999999936e-05
9,39,-0.20437499999999997,0.24687499999999996,2.343750000000004e-05
9,40,-0.20437499999999997,0.253125,2.343750000000004e-05
9,41,-0.20437499999999997,0.25937499999999997,2.3437499999999936e-05
9,42,-0.20437499999999997,0.265625,2.3437500000000146e-05
9,43,-0.20437499999999997,0.271875,2.3437499999999936e-05
9,44,-0.20437499999999997,0.27812499999999996,2.3437500000000146e-05
9,45,-0.20437499999999997,0.284375,2.3437499999999936e-05
9,46,-0.20437499999999997,0.29062499999999997,2.3437499999999936e-05
9,47,-0.20437499999999997,0.296875,2.3437500000000146e-05
9,48,-0.20437499999999997,0.303125,2.3437499999999936e-05
9,49,-0.20437499999999997,0.30937499999999996,2.3437500000000146e-05
9,50,-0.20437499999999997,0.315625,2.3437499999999936e-05
9,51,-0.20437499999999997,0.32187499999999997,2.3437499999999936e-05
9,52,-0.20437499999999997,0.328125,2.3437500000000146e-05
9,53,-0.20437499999999997,0.334375,2.3437499999999936e-05
9,54,-0.20437499999999997,0.34062499999999996,2.3437499999999936e-05
9,55,-0.20437499999999997,0.34687499999999993,2.3437500000000146e-05
9,56,-0.20437499999999997,0.35312499999999997,2.3437499999999936e-05
9,57,-0.20437499999999997,0.359375,2.3437500000000146e-05
9,58,-0.20437499999999997,0.365625,2.3437499999999936e-05
9,59,-0.20437499999999997,0.37187499999999996,2.3437499999999936e-05
9,60,-0.20437499999999997,0.37812499999999993,2.3437500000000146e-05
9,61,-0.20437499999999997,0.38437499999999997,2.3437499999999936e-05
9,62,-0.20437499999999997,0.390625,2.3437500000000146e-05
9,63,-0.20437499999999997,0.396875,2.3437499999999936e-05
9,64,-0.20437499999999997,0.40312499999999996,2.3437499999999936e-05
9,65,-0.20437499999999997,0.40937499999999993,2.3437500000000146e-05
9,66,-0.20437499999999997,0.41562499999999997,2.3437499999999936e-05
9,67,-0.20437499999999997,0.421875,2.3437500000000146e-05
9,68,-0.20437499999999997,0.428125,2.3437499999999936e-05
9,69,-0.20437499999999997,0.43437499999999996,2.3437499999999936e-05
9,70,-0.20437499999999997,0.44062499999999993,2.3437500000000146e-05
9,71,-0.20437499999999997,0.44687499999999997,2.3437499999999936e-05
9,72,-0.20437499999999997,0.453125,2.3437500000000146e-05
9,73,-0.20437499999999997,0.459375,2.3437499999999936e-05
9,74,-0.20437499999999997,0.46562499999999996,2.3437499999999936e-05
9,75,-0.20437499999999997,0.47187499999999993,2.3437500000000146e-05
9,76,-0.20437499999999997,0.47812499999999997,2.3437499999999936e-05
9,77,-0.20437499999999997,0.48437499999999994,2.3437499999999936e-05
9,78,-0.20437499999999997,0.490625,2.3437500000000146e-05
9,79,-0.20437499999999997,0.49687499999999996,2.3437499999999936e-05
9,80,-0.20437499999999997,0.5031249999999999,2.3437500000000146e-05
9,81,-0.20437499999999997,0.5093749999999999,2.3437499999999936e-05
9,82,-0.20437499999999997,0.515625,2.3437499999999936e-05
9,83,-0.20437499999999997,0.5218749999999999,2.3437499999999936e-05
9,84,-0.20437499999999997,0.528125,2.3437500000000353e-05
9,85,-0.20437499999999997,0.534375,2.3437499999999936e-05
9,86,-0.20437499999999997,0.5406249999999999,2.3437499999999936e-05
9,87,-0.20437499999999997,0.546875,2.3437499999999936e-05
9,88,-0.20437499999999997,0.5531249999999999,2.3437499999999936e-05
9,89,-0.20437499999999997,0.559375,2.3437500000000353e-05
9,90,-0.20437499999999997,0.565625,2.3437499999999936e-05
9,91,-0.20437499999999997,0.5718749999999999,2.3437499999999936e-05
9,92,-0.20437499999999997,0.578125,2.3437499999999936e-05
9,93,-0.20437499999999997,0.5843749999999999,2.3437499999999936e-05
9,94,-0.20437499999999997,0.590625,2.3437500000000353e-05
9,95,-0.20437499999999997,0.596875,2.3437499999999936e-05
10,0,-0.200625,0.0031249999999999997,2.3437500000000017e-05
10,1,-0.200625,0.009375,2.3437500000000017e-05
10,2,-0.200625,0.015625,2.343750000000002e-05
10,3,-0.200625,0.021875,2.3437500000000014e-05
10,4,-0.200625,0.028124999999999997,2.3437500000000014e-05
10,5,-0.200625,0.034374999999999996,2.3437500000000028e-05
10,6,-0.200625,0.040624999999999994,2.3437500000000014e-05
10,7,-0.200625,0.046875,2.3437500000000014e-05
10,8,-0.200625,0.05312499999999999,2.3437500000000014e-05
10,9,-0.200625,0.059375,2.3437500000000014e-05
10,10,-0.200625,0.06562499999999999,2.3437500000000014e-05
10,11,-0.200625,0.071875,2.343750000000004e-05
10,12,-0.200625,0.078125,2.343749999999999e-05
10,13,-0.200625,0.08437499999999999,2.343750000000004e-05
10,14,-0.200625,0.09062499999999998,2.343749999999999e-05
10,15,-0.200625,0.09687499999999999,2.343750000000004e-05
10,16,-0.200625,0.103125,2.343750000000004e-05
10,17,-0.200625,0.109375,2.343749999999999e-05
10,18,-0.200625,0.11562499999999999,2.343750000000004e-05
10,19,-0.200625,0.12187499999999998,2.343749999999999e-05
10,20,-0.200625,0.128125,2.343749999999999e-05
10,21,-0.200625,0.13437499999999997,2.343750000000004e-05
10,22,-0.200625,0.140625,2.343750000000004e-05
10,23,-0.200625,0.14687499999999998,2.343750000000004e-05
10,24,-0.200625,0.153125,2.343750000000004e-05
10,25,-0.200625,0.159375,2.3437499999999936e-05
10,26,-0.200625,0.16562499999999997,2.343750000000004e-05
10,27,-0.200625,0.171875,2.343750000000004e-05
10,28,-0.200625,0.17812499999999998,2.343750000000004e-05
10,29,-0.200625,0.18437499999999998,2.3437499999999936e-05
10,30,-0.200625,0.190625,2.343750000000004e-05
10,31,-0.200625,0.19687499999999997,2.343750000000004e-05
10,32,-0.200625,0.203125,2.343750000000004e-05
10,33,-0.200625,0.20937499999999998,2.343750000000004e-05
10,34,-0.200625,0.21562499999999998,2.3437499999999936e-05
10,35,-0.200625,0.221875,2.343750000000004e-05
10,36,-0.200625,0.22812499999999997,2.343750000000004e-05
10,37,-0.200625,0.234375,2.343750000000004e-05
10,38,-0.200625,0.24062499999999998,2.3437499999999936e-05
10,39,-0.200625,0.24687499999999996,2.343750000000004e-05
10,40,-0.200625,0.253125,2.343750000000004e-05
10,41,-0.200625,0.25937499999999997,2.3437499999999936e-05
10,42,-0.200625,0.265625,2.3437500000000146e-05
10,43,-0.200625,0.271875,2.3437499999999936e-05
10,44,-0.200625,0.27812499999999996,2.3437500000000146e-05
10,45,-0.200625,0.284375,2.3437499999999936e-05
10,46,-0.200625,0.29062499999999997,2.3437499999999936e-05
10,47,-0.200625,0.296875,2.3437500000000146e-05
10,48,-0.200625,0.303125,2.3437499999999936e-05
10,49,-0.200625,0.30937499999999996,2.3437500000000146e-05
10,50,-0.200625,0.315625,2.3437499999999936e-05
10,51,-0.200625,0.32187499999999997,2.3437499999999936e-05
10,52,-0.200625,0.328125,2.3437500000000146e-05
10,53,-0.200625,0.334375,2.3437499999999936e-05
10,54,-0.200625,0.34062499999999996,2.3437499999999936e-05
10,55,-0.200625,0.34687499999999993,2.3437500000000146e-05
10,56,-0.200625,0.35312499999999997,2.3437499999999936e-05
10,57,-0.200625,0.359375,2.3437500000000146e-05
10,58,-0.200625,0.365625,2.3437499999999936e-05
10,59,-0.200625,0.37187499999999996,2.3437499999999936e-05
10,60,-0.200625,0.37812499999999993,2.3437500000000146e-05
10,61,-0.200625,0.38437499999999997,2.3437499999999936e-05
10,62,-0.200625,0.390625,2.3437500000000146e-05
10,63,-0.200625,0.396875,2.3437499999999936e-05
10,64,-0.200625,0.40312499999999996,2.3437499999999936e-05
10,65,-0.200625,0.40937499999999993,2.3437500000000146e-05
10,66,-0.200625,0.41562499999999997,2.3437499999999936e-05
10,67,-0.200625,0.421875,2.3437500000000146e-05
10,68,-0.200625,0.428125,2.3437499999999936e-05
10,69,-0.200625,0.43437499999999996,2.3437499999999936e-05
10,70,-0.200625,0.44062499999999993,2.3437500000000146e-05
10,71,-0.200625,0.44687499999999997,2.3437499999999936e-05
10,72,-0.200625,0.453125,2.3437500000000146e-05
10,73,-0.200625,0.459375,2.3437499999999936e-05
10,74,-0.200625,0.46562499999999996,2.3437499999999936e-05
10,75,-0.200625,0.47187499999999993,2.3437500000000146e-05
10,76,-0.200625,0.47812499999999997,2.3437499999999936e-05
10,77,-0.200625,0.48437499999999994,2.3437499999999936e-05
10,78,-0.200625,0.490625,2.3437500000000146e-05
10,79,-0.200625,0.49687499999999996,2.3437499999999936e-05
10,80,-0.200625,0.5031249999999999,2.3437500000000146e-05
10,81,-0.200625,0.5093749999999999,2.3437499999999936e-05
10,82,-0.200625,0.515625,2.3437499999999936e-05
10,83,-0.200625,0.5218749999999999,2.3437499999999936e-05
10,84,-0.200625,0.528125,2.3437500000000353e-05
10,85,-0.200625,0.534375,2.3437499999999936e-05
10,86,-0.200625,0.5406249999999999,2.3437499999999936e-05
10,87,-0.200625,0.546875,2.3437499999999936e-05
10,88,-0.200625,0.5531249999999999,2.3437499999999936e-05
10,89,-0.200625,0.559375,2.3437500000000353e-05
10,90,-0.200625,0.565625,2.3437499999999936e-05
10,91,-0.200625,0.5718749999999999,2.3437499999999936e-05
10,92,-0.200625,0.578125,2.3437499999999936e-05
10,93,-0.200625,0.5843749999999999,2.3437499999999936e-05
10,94,-0.200625,0.590625,2.3437500000000353e-05
10,95,-0.200625,0.596875,2.3437499999999936e-05
11,0,-0.196875,0.0031249999999999997,2.3437499999999845e-05
11,1,-0.196875,0.009375,2.3437499999999845e-05
11,2,-0.196875,0.015625,2.3437499999999848e-05
11,3,-0.196875,0.021875,2.343749999999984e-05
11,4,-0.196875,0.028124999999999997,2.343749999999984e-05
11,5,-0.196875,0.034374999999999996,2.3437499999999855e-05
11,6,-0.196875,0.040624999999999994,2.343749999999984e-05
11,7,-0.196875,0.046875,2.343749999999984e-05
11,8,-0.196875,0.05312499999999999,2.343749999999984e-05
11,9,-0.196875,0.059375,2.343749999999984e-05
11,10,-0.196875,0.06562499999999999,2.343749999999984e-05
11,11,-0.196875,0.071875,2.343749999999987e-05
11,12,-0.196875,0.078125,2.3437499999999818e-05
11,13,-0.196875,0.08437499999999999,2.343749999999987e-05
11,14,-0.196875,0.09062499999999998,2.3437499999999818e-05
11,15,-0.196875,0.09687499999999999,2.343749999999987e-05
11,16,-0.196875,0.103125,2.343749999999987e-05
11,17,-0.196875,0.109375,2.3437499999999818e-05
11,18,-0.196875,0.11562499999999999,2.343749999999987e-05
11,19,-0.196875,0.12187499999999998,2.3437499999999818e-05
11,20,-0.196875,0.128125,2.3437499999999818e-05
11,21,-0.196875,0.13437499999999997,2.343749999999987e-05
11,22,-0.196875,0.140625,2.343749999999987e-05
11,23,-0.196875,0.14687499999999998,2.343749999999987e-05
11,24,-0.196875,0.153125,2.343749999999987e-05
11,25,-0.196875,0.159375,2.3437499999999763e-05
11,26,-0.196875,0.16562499999999997,2.343749999999987e-05
11,27,-0.196875,0.171875,2.343749999999987e-05
11,28,-0.196875,0.17812499999999998,2.343749999999987e-05
11,29,-0.196875,0.18437499999999998,2.3437499999999763e-05
11,30,-0.196875,0.190625,2.343749999999987e-05
11,31,-0.196875,0.19687499999999997,2.343749999999987e-05
11,32,-0.196875,0.203125,2.343749999999987e-05
11,33,-0.196875,0.20937499999999998,2.343749999999987e-05
11,34,-0.196875,0.21562499999999998,2.3437499999999763e-05
11,35,-0.196875,0.221875,2.343749999999987e-05
11,36,-0.196875,0.22812499999999997,2.343749999999987e-05
11,37,-0.196875,0.234375,2.343749999999987e-05
11,38,-0.196875,0.24062499999999998,2.3437499999999763e-05
11,39,-0.196875,0.24687499999999996,2.343749999999987e-05
11,40,-0.196875,0.253125,2.343749999999987e-05
11,41,-0.196875,0.25937499999999997,2.3437499999999763e-05
11,42,-0.196875,0.265625,2.3437499999999973e-05
11,43,-0.196875,0.271875,2.3437499999999763e-05
11,44,-0.196875,0.27812499999999996,2.3437499999999973e-05
11,45,-0.196875,0.284375,2.3437499999999763e-05
11,46,-0.196875,0.29062499999999997,2.3437499999999763e-05
11,47,-0.196875,0.296875,2.3437499999999973e-05
11,48,-0.196875,0.303125,2.3437499999999763e-05
11,49,-0.196875,0.30937499999999996,2.3437499999999973e-05
11,50,-0.196875,0.315625,2.3437499999999763e-05
11,51,-0.196875,0.32187499999999997,2.3437499999999763e-05
11,52,-0.196875,0.328125,2.3437499999999973e-05
11,53,-0.196875,0.334375,2.3437499999999763e-05
11,54,-0.196875,0.34062499999999996,2.3437499999999763e-05
11,55,-0.196875,0.34687499999999993,2.3437499999999973e-05
11,56,-0.196875,0.35312499999999997,2.3437499999999763e-05
11,57,-0.196875,0.359375,2.3437499999999973e-05
11,58,-0.196875,0.365625,2.3437499999999763e-05
11,59,-0.196875,0.37187499999999996,2.3437499999999763e-05
11,60,-0.196875,0.37812499999999993,2.3437499999999973e-05
11,61,-0.196875,0.38437499999999997,2.3437499999999763e-05
11,62,-0.196875,0.390625,2.3437499999999973e-05
11,63,-0.196875,0.396875,2.3437499999999763e-05
11,64,-0.196875,0.40312499999999996,2.3437499999999763e-05
11,65,-0.196875,0.40937499999999993,2.3437499999999973e-05
11,66,-0.196875,0.41562499999999997,2.3437499999999763e-05
11,67,-0.196875,0.421875,2.3437499999999973e-05
11,68,-0.196875,0.428125,2.3437499999999763e-05
11,69,-0.196875,0.43437499999999996,2.3437499999999763e-05
11,70,-0.196875,0.44062499999999993,2.3437499999999973e-05
11,71,-0.196875,0.44687499999999997,2.3437499999999763e-05
11,72,-0.196875,0.453125,2.3437499999999973e-05
11,73,-0.196875,0.459375,2.3437499999999763e-05
11,74,-0.196875,0.46562499999999996,2.3437499999999763e-05
11,75,-0.196875,0.47187499999999993,2.3437499999999973e-05
11,76,-0.196875,0.47812499999999997,2.3437499999999763e-05
11,77,-0.196875,0.48437499999999994,2.3437499999999763e-05
11,78,-0.196875,0.490625,2.3437499999999973e-05
11,79,-0.196875,0.49687499999999996,2.3437499999999763e-05
11,80,-0.196875,0.5031249999999999,2.3437499999999973e-05
11,81,-0.196875,0.5093749999999999,2.3437499999999763e-05
11,82,-0.196875,0.515625,2.3437499999999763e-05
11,83,-0.196875,0.5218749999999999,2.3437499999999763e-05
11,84,-0.196875,0.528125,2.343750000000018e-05
11,85,-0.196875,0.534375,2.3437499999999763e-05
11,86,-0.196875,0.5406249999999999,2.3437499999999763e-05
11,87,-0.196875,0.546875,2.3437499999999763e-05
11,88,-0.196875,0.5531249999999999,2.3437499999999763e-05
11,89,-0.196875,0.559375,2.343750000000018e-05
11,90,-0.196875,0.565625,2.3437499999999763e-05
11,91,-0.196875,0.5718749999999999,2.3437499999999763e-05
11,92,-0.196875,0.578125,2.3437499999999763e-05
11,93,-0.196875,0.5843749999999999,2.3437499999999763e-05
11,94,-0.196875,0.590625,2.343750000000018e-05
11,95,-0.196875,0.596875,2.3437499999999763e-05
12,0,-0.193125,0.0031249999999999997,2.3437500000000194e-05
12,1,-0.193125,0.009375,2.3437500000000194e-05
12,2,-0.193125,0.015625,2.3437500000000197e-05
12,3,-0.193125,0.021875,2.343750000000019e-05
12,4,-0.193125,0.028124999999999997,2.343750000000019e-05
12,5,-0.193125,0.034374999999999996,2.3437500000000204e-05
12,6,-0.193125,0.040624999999999994,2.343750000000019e-05
12,7,-0.193125,0.046875,2.343750000000019e-05
12,8,-0.193125,0.05312499999999999,2.343750000000019e-05
12,9,-0.193125,0.059375,2.343750000000019e-05
12,10,-0.193125,0.06562499999999999,2.343750000000019e-05
12,11,-0.193125,0.071875,2.3437500000000214e-05
12,12,-0.193125,0.078125,2.3437500000000163e-05
12,13,-0.193125,0.08437499999999999,2.3437500000000214e-05
12,14,-0.193125,0.09062499999999998,2.3437500000000163e-05
12,15,-0.193125,0.09687499999999999,2.3437500000000214e-05
12,16,-0.193125,0.103125,2.3437500000000214e-05
12,17,-0.193125,0.109375,2.3437500000000163e-05
12,18,-0.193125,0.11562499999999999,2.3437500000000214e-05
12,19,-0.193125,0.12187499999999998,2.3437500000000163e-05
12,20,-0.193125,0.128125,2.3437500000000163e-05
12,21,-0.193125,0.13437499999999997,2.3437500000000214e-05
12,22,-0.193125,0.140625,2.3437500000000214e-05
12,23,-0.193125,0.14687499999999998,2.3437500000000214e-05
12,24,-0.193125,0.153125,2.3437500000000214e-05
12,25,-0.193125,0.159375,2.3437500000000112e-05
12,26,-0.193125,0.16562499999999997,2.3437500000000214e-05
12,27,-0.193125,0.171875,2.3437500000000214e-05
12,28,-0.193125,0.17812499999999998,2.3437500000000214e-05
12,29,-0.193125,0.18437499999999998,2.3437500000000112e-05
12,30,-0.193125,0.190625,2.3437500000000214e-05
12,31,-0.193125,0.19687499999999997,2.3437500000000214e-05
12,32,-0.193125,0.203125,2.3437500000000214e-05
12,33,-0.193125,0.20937499999999998,2.3437500000000214e-05
12,34,-0.193125,0.21562499999999998,2.3437500000000112e-05
12,35,-0.193125,0.221875,2.3437500000000214e-05
12,36,-0.193125,0.22812499999999997,2.3437500000000214e-05
12,37,-0.193125,0.234375,2.3437500000000214e-05
12,38,-0.193125,0.24062499999999998,2.3437500000000112e-05
12,39,-0.193125,0.24687499999999996,2.3437500000000214e-05
12,40,-0.193125,0.253125,2.3437500000000214e-05
12,41,-0.193125,0.25937499999999997,2.3437500000000112e-05
12,42,-0.193125,0.265625,2.343750000000032e-05
12,43,-0.193125,0.271875,2.3437500000000112e-05
12,44,-0.193125,0.27812499999999996,2.343750000000032e-05
12,45,-0.193125,0.284375,2.3437500000000112e-05
12,46,-0.193125,0.29062499999999997,2.3437500000000112e-05
12,47,-0.193125,0.296875,2.343750000000032e-05
12,48,-0.193125,0.303125,2.3437500000000112e-05
12,49,-0.193125,0.30937499999999996,2.343750000000032e-05
12,50,-0.193125,0.315625,2.3437500000000112e-05
12,51,-0.193125,0.32187499999999997,2.3437500000000112e-05
12,52,-0.193125,0.328125,2.343750000000032e-05
12,53,-0.193125,0.334375,2.3437500000000112e-05
12,54,-0.193125,0.34062499999999996,2.3437500000000112e-05
12,55,-0.193125,0.34687499999999993,2.343750000000032e-05
12,56,-0.193125,0.35312499999999997,2.3437500000000112e-05
12,57,-0.193125,0.359375,2.343750000000032e-05
12,58,-0.193125,0.365625,2.3437500000000112e-05
12,59,-0.193125,0.37187499999999996,2.3437500000000112e-05
12,60,-0.193125,0.37812499999999993,2.343750000000032e-05
12,61,-0.193125,0.38437499999999997,2.3437500000000112e-05
12,62,-0.193125,0.390625,2.343750000000032e-05
12,63,-0.193125,0.396875,2.3437500000000112e-05
12,64,-0.193125,0.40312499999999996,2.3437500000000112e-05
12,65,-0.193125,0.40937499999999993,2.343750000000032e-05
12,66,-0.193125,0.41562499999999997,2.3437500000000112e-05
12,67,-0.193125,0.421875,2.343750000000032e-05
12,68,-0.193125,0.428125,2.3437500000000112e-05
12,69,-0.193125,0.43437499999999996,2.3437500000000112e-05
12,70,-0.193125,0.44062499999999993,2.343750000000032e-05
12,71,-0.193125,0.44687499999999997,2.3437500000000112e-05
12,72,-0.193125,0.453125,2.343750000000032e-05
12,73,-0.193125,0.459375,2.3437500000000112e-05
12,74,-0.193125,0.46562499999999996,2.3437500000000112e-05
12,75,-0.193125,0.47187499999999993,2.343750000000032e-05
12,76,-0.193125,0.47812499999999997,2.3437500000000112e-05
12,77,-0.193125,0.48437499999999994,2.3437500000000112e-05
12,78,-0.193125,0.490625,2.343750000000032e-05
12,79,-0.193125,0.49687499999999996,2.3437500000000112e-05
12,80,-0.193125,0.5031249999999999,2.343750000000032e-05
12,81,-0.193125,0.5093749999999999,2.3437500000000112e-05
12,82,-0.193125,0.515625,2.3437500000000112e-05
12,83,-0.193125,0.5218749999999999,2.3437500000000112e-05
12,84,-0.193125,0.528125,2.343750000000053e-05
12,85,-0.193125,0.534375,2.3437500000000112e-05
12,86,-0.193125,0.5406249999999999,2.3437500000000112e-05
12,87,-0.193125,0.546875,2.3437500000000112e-05
12,88,-0.193125,0.5531249999999999,2.3437500000000112e-05
12,89,-0.193125,0.559375,2.343750000000053e-05
12,90,-0.193125,0.565625,2.3437500000000112e-05
12,91,-0.193125,0.5718749999999999,2.3437500000000112e-05
12,92,-0.193125,0.578125,2.3437500000000112e-05
12,93,-0.193125,0.5843749999999999,2.3437500000000112e-05
12,94,-0.193125,0.590625,2.343750000000053e-05
12,95,-0.193125,0.596875,2.3437500000000112e-05
13,0,-0.189375,0.0031249999999999997,2.3437499999999845e-05
13,1,-0.189375,0.009375,2.3437499999999845e-05
13,2,-0.189375,0.015625,2.3437499999999848e-05
13,3,-0.189375,0.021875,2.343749999999984e-05
13,4,-0.189375,0.028124999999999997,2.343749999999984e-05
13,5,-0.189375,0.034374999999999996,2.3437499999999855e-05
13,6,-0.189375,0.040624999999999994,2.343749999999984e-05
13,7,-0.189375,0.046875,2.343749999999984e-05
13,8,-0.189375,0.05312499999999999,2.343749999999984e-05
13,9,-0.189375,0.059375,2.343749999999984e-05
13,10,-0.189375,0.06562499999999999,2.343749999999984e-05
13,11,-0.189375,0.071875,2.343749999999987e-05
13,12,-0.189375,0.078125,2.3437499999999818e-05
13,13,-0.189375,0.08437499999999999,2.343749999999987e-05
13,14,-0.189375,0.09062499999999998,2.3437499999999818e-05
13,15,-0.189375,0.09687499999999999,2.343749999999987e-05
13,16,-0.189375,0.103125,2.343749999999987e-05
13,17,-0.189375,0.109375,2.3437499999999818e-05
13,18,-0.189375,0.11562499999999999,2.343749999999987e-05
13,19,-0.189375,0.12187499999999998,2.3437499999999818e-05
13,20,-0.189375,0.128125,2.3437499999999818e-05
13,21,-0.189375,0.13437499999999997,2.343749999999987e-05
13,22,-0.189375,0.140625,2.343749999999987e-05
13,23,-0.189375,0.14687499999999998,2.343749999999987e-05
13,24,-0.189375,0.153125,2.343749999999987e-05
13,25,-0.189375,0.159375,2.3437499999999763e-05
13,26,-0.189375,0.16562499999999997,2.343749999999987e-05
13,27,-0.189375,0.171875,2.343749999999987e-05
13,28,-0.189375,0.17812499999999998,2.343749999999987e-05
13,29,-0.189375,0.18437499999999998,2.3437499999999763e-05
13,30,-0.189375,0.190625,2.343749999999987e-05
13,31,-0.189375,0.19687499999999997,2.343749999999987e-05
13,32,-0.189375,0.203125,2.343749999999987e-05
13,33,-0.189375,0.20937499999999998,2.343749999999987e-05
13,34,-0.189375,0.21562499999999998,2.3437499999999763e-05
13,35,-0.189375,0.221875,2.343749999999987e-05
13,36,-0.189375,0.22812499999999997,2.343749999999987e-05
13,37,-0.189375,0.234375,2.343749999999987e-05
13,38,-0.189375,0.24062499999999998,2.3437499999999763e-05
13,39,-0.189375,0.24687499999999996,2.343749999999987e-05
13,40,-0.189375,0.253125,2.343749999999987e-05
13,41,-0.189375,0.25937499999999997,2.3437499999999763e-05
13,42,-0.189375,0.265625,2.3437499999999973e-05
13,43,-0.189375,0.271875,2.3437499999999763e-05
13,44,-0.189375,0.27812499999999996,2.3437499999999973e-05
13,45,-0.189375,0.284375,2.3437499999999763e-05
13,46,-0.189375,0.29062499999999997,2.3437499999999763e-05
13,47,-0.189375,0.296875,2.3437499999999973e-05
13,48,-0.189375,0.303125,2.3437499999999763e-05
13,49,-0.189375,0.30937499999999996,2.3437499999999973e-05
13,50,-0.189375,0.315625,2.3437499999999763e-05
13,51,-0.189375,0.32187499999999997,2.3437499999999763e-05
13,52,-0.189375,0.328125,2.3437499999999973e-05
13,53,-0.189375,0.334375,2.3437499999999763e-05
13,54,-0.189375,0.34062499999999996,2.3437499999999763e-05
13,55,-0.189375,0.34687499999999993,2.3437499999999973e-05
13,56,-0.189375,0.35312499999999997,2.3437499999999763e-05
13,57,-0.189375,0.359375,2.3437499999999973e-05
13,58,-0.189375,0.365625,2.3437499999999763e-05
13,59,-0.189375,0.37187499999999996,2.3437499999999763e-05
13,60,-0.189375,0.37812499999999993,2.3437499999999973e-05
13,61,-0.189375,0.38437499999999997,2.3437499999999763e-05
13,62,-0.189375,0.390625,2.3437499999999973e-05
13,63,-0.189375,0.396875,2.3437499999999763e-05
13,64,-0.189375,0.40312499999999996,2.3437499999999763e-05
13,65,-0.189375,0.40937499999999993,2.3437499999999973e-05
13,66,-0.189375,0.41562499999999997,2.3437499999999763e-05
13,67,-0.189375,0.421875,2.3437499999999973e-05
13,68,-0.189375,0.428125,2.3437499999999763e-05
13,69,-0.189375,0.43437499999999996,2.3437499999999763e-05
13,70,-0.189375,0.44062499999999993,2.3437499999999973e-05
13,71,-0.189375,0.44687499999999997,2.3437499999999763e-05
13,72,-0.189375,0.453125,2.3437499999999973e-05
13,73,-0.189375,0.459375,2.3437499999999763e-05
13,74,-0.189375,0.46562499999999996,2.3437499999999763e-05
13,75,-0.189375,0.47187499999999993,2.3437499999999973e-05
13,76,-0.189375,0.47812499999999997,2.3437499999999763e-05
13,77,-0.189375,0.48437499999999994,2.3437499999999763e-05
13,78,-0.189375,0.490625,2.3437499999999973e-05
13,79,-0.189375,0.49687499999999996,2.3437499999999763e-05
13,80,-0.189375,0.5031249999999999,2.3437499999999973e-05
13,81,-0.189375,0.5093749999999999,2.3437499999999763e-05
13,82,-0.189375,0.515625,2.3437499999999763e-05
13,83,-0.189375,0.5218749999999999,2.3437499999999763e-05
13,84,-0.189375,0.528125,2.343750000000018e-05
13,85,-0.189375,0.534375,2.3437499999999763e-05
13,86,-0.189375,0.5406249999999999,2.3437499999999763e-05
13,87,-0.189375,0.546875,2.3437499999999763e-05
13,88,-0.189375,0.5531249999999999,2.3437499999999763e-05
13,89,-0.189375,0.559375,2.343750000000018e-05
13,90,-0.189375,0.565625,2.3437499999999763e-05
13,91,-0.189375,0.5718749999999999,2.3437499999999763e-05
13,92,-0.189375,0.578125,2.3437499999999763e-05
13,93,-0.189375,0.5843749999999999,2.3437499999999763e-05
13,94,-0.189375,0.590625,2.343750000000018e-05
13,95,-0.189375,0.596875,2.3437499999999763e-05
14,0,-0.18562499999999998,0.0031249999999999997,2.3437500000000017e-05
14,1,-0.18562499999999998,0.009375,2.3437500000000017e-05
14,2,-0.18562499999999998,0.015625,2.343750000000002e-05
14,3,-0.18562499999999998,0.021875,2.3437500000000014e-05
14,4,-0.18562499999999998,0.028124999999999997,2.3437500000000014e-05
14,5,-0.18562499999999998,0.034374999999999996,2.3437500000000028e-05
14,6,-0.18562499999999998,0.040624999999999994,2.3437500000000014e-05
14,7,-0.18562499999999998,0.046875,2.3437500000000014e-05
14,8,-0.18562499999999998,0.05312499999999999,2.3437500000000014e-05
14,9,-0.18562499999999998,0.059375,2.3437500000000014e-05
14,10,-0.18562499999999998,0.06562499999999999,2.3437500000000014e-05
14,11,-0.18562499999999998,0.071875,2.343750000000004e-05
14,12,-0.18562499999999998,0.078125,2.343749999999999e-05
14,13,-0.18562499999999998,0.08437499999999999,2.343750000000004e-05
14,14,-0.18562499999999998,0.09062499999999998,2.343749999999999e-05
14,15,-0.18562499999999998,0.09687499999999999,2.343750000000004e-05
14,16,-0.18562499999999998,0.103125,2.343750000000004e-05
14,17,-0.18562499999999998,0.109375,2.343749999999999e-05
14,18,-0.18562499999999998,0.11562499999999999,2.343750000000004e-05
14,19,-0.18562499999999998,0.12187499999999998,2.343749999999999e-05
14,20,-0.18562499999999998,0.128125,2.343749999999999e-05
14,21,-0.18562499999999998,0.13437499999999997,2.343750000000004e-05
14,22,-0.18562499999999998,0.140625,2.343750000000004e-05
14,23,-0.18562499999999998,0.14687499999999998,2.343750000000004e-05
14,24,-0.18562499999999998,0.153125,2.343750000000004e-05
14,25,-0.18562499999999998,0.159375,2.3437499999999936e-05
14,26,-0.18562499999999998,0.16562499999999997,2.343750000000004e-05
14,27,-0.18562499999999998,0.171875,2.343750000000004e-05
14,28,-0.18562499999999998,0.17812499999999998,2.343750000000004e-05
14,29,-0.18562499999999998,0.18437499999999998,2.3437499999999936e-05
14,30,-0.18562499999999998,0.190625,2.343750000000004e-05
14,31,-0.18562499999999998,0.19687499999999997,2.343750000000004e-05
14,32,-0.18562499999999998,0.203125,2.343750000000004e-05
14,33,-0.18562499999999998,0.20937499999999998,2.343750000000004e-05
14,34,-0.18562499999999998,0.21562499999999998,2.3437499999999936e-05
14,35,-0.18562499999999998,0.221875,2.343750000000004e-05
14,36,-0.18562499999999998,0.22812499999999997,2.343750000000004e-05
14,37,-0.18562499999999998,0.234375,2.343750000000004e-05
14,38,-0.18562499999999998,0.24062499999999998,2.3437499999999936e-05
14,39,-0.18562499999999998,0.24687499999999996,2.343750000000004e-05
14,40,-0.18562499999999998,0.253125,2.343750000000004e-05
14,41,-0.18562499999999998,0.25937499999999997,2.3437499999999936e-05
14,42,-0.18562499999999998,0.265625,2.3437500000000146e-05
14,43,-0.18562499999999998,0.271875,2.3437499999999936e-05
14,44,-0.18562499999999998,0.27812499999999996,2.3437500000000146e-05
14,45,-0.18562499999999998,0.284375,2.3437499999999936e-05
14,46,-0.18562499999999998,0.29062499999999997,2.3437499999999936e-05
14,47,-0.18562499999999998,0.296875,2.3437500000000146e-05
14,48,-0.18562499999999998,0.303125,2.3437499999999936e-05
14,49,-0.18562499999999998,0.30937499999999996,2.3437500000000146e-05
14,50,-0.18562499999999998,0.315625,2.3437499999999936e-05
14,51,-0.18562499999999998,0.32187499999999997,2.3437499999999936e-05
14,52,-0.18562499999999998,0.328125,2.3437500000000146e-05
14,53,-0.18562499999999998,0.334375,2.3437499999999936e-05
14,54,-0.18562499999999998,0.34062499999999996,2.3437499999999936e-05
14,55,-0.18562499999999998,0.34687499999999993,2.3437500000000146e-05
14,56,-0.18562499999999998,0.35312499999999997,2.3437499999999936e-05
14,57,-0.18562499999999998,0.359375,2.3437500000000146e-05
14,58,-0.18562499999999998,0.365625,2.3437499999999936e-05
14,59,-0.18562499999999998,0.37187499999999996,2.3437499999999936e-05
14,60,-0.18562499999999998,0.37812499999999993,2.3437500000000146e-05
14,61,-0.18562499999999998,0.38437499999999997,2.3437499999999936e-05
14,62,-0.18562499999999998,0.390625,2.3437500000000146e-05
14,63,-0.18562499999999998,0.396875,2.3437499999999936e-05
14,64,-0.18562499999999998,0.40312499999999996,2.3437499999999936e-05
14,65,-0.18562499999999998,0.40937499999999993,2.3437500000000146e-05
14,66,-0.18562499999999998,0.41562499999999997,2.3437499999999936e-05
14,67,-0.18562499999999998,0.421875,2.3437500000000146e-05
14,68,-0.18562499999999998,0.428125,2.3437499999999936e-05
14,69,-0.18562499999999998,0.43437499999999996,2.3437499999999936e-05
14,70,-0.18562499999999998,0.44062499999999993,2.3437500000000146e-05
14,71,-0.18562499999999998,0.44687499999999997,2.3437499999999936e-05
14,72,-0.18562499999999998,0.453125,2.3437500000000146e-05
14,73,-0.18562499999999998,0.459375,2.3437499999999936e-05
14,74,-0.18562499999999998,0.46562499999999996,2.3437499999999936e-05
14,75,-0.18562499999999998,0.47187499999999993,2.3437500000000146e-05
14,76,-0.18562499999999998,0.47812499999999997,2.3437499999999936e-05
14,77,-0.18562499999999998,0.48437499999999994,2.3437499999999936e-05
14,78,-0.18562499999999998,0.490625,2.3437500000000146e-05
14,79,-0.18562499999999998,0.49687499999999996,2.3437499999999936e-05
14,80,-0.18562499999999998,0.5031249999999999,2.3437500000000146e-05
14,81,-0.18562499999999998,0.5093749999999999,2.3437499999999936e-05
14,82,-0.18562499999999998,0.515625,2.3437499999999936e-05
14,83,-0.18562499999999998,0.5218749999999999,2.3437499999999936e-05
14,84,-0.18562499999999998,0.528125,2.3437500000000353e-05
14,85,-0.18562499999999998,0.534375,2.3437499999999936e-05
14,86,-0.18562499999999998,0.5406249999999999,2.3437499999999936e-05
14,87,-0.18562499999999998,0.546875,2.3437499999999936e-05
14,88,-0.18562499999999998,0.5531249999999999,2.3437499999999936e-05
14,89,-0.18562499999999998,0.559375,2.3437500000000353e-05
14,90,-0.18562499999999998,0.565625,2.3437499999999936e-05
14,91,-0.18562499999999998,0.5718749999999999,2.3437499999999936e-05
14,92,-0.18562499999999998,0.578125,2.3437499999999936e-05
14,93,-0.18562499999999998,0.5843749999999999,2.3437499999999936e-05
14,94,-0.18562499999999998,0.590625,2.3437500000000353e-05
14,95,-0.18562499999999998,0.596875,2.3437499999999936e-05
15,0,-0.181875,0.0031249999999999997,2.3437500000000017e-05
15,1,-0.181875,0.009375,2.3437500000000017e-05
15,2,-0.181875,0.015625,2.343750000000002e-05
15,3,-0.181875,0.021875,2.3437500000000014e-05
15,4,-0.181875,0.028124999999999997,2.3437500000000014e-05
15,5,-0.181875,0.034374999999999996,2.3437500000000028e-05
15,6,-0.181875,0.040624999999999994,2.3437500000000014e-05
15,7,-0.181875,0.046875,2.3437500000000014e-05
15,8,-0.181875,0.05312499999999999,2.3437500000000014e-05
15,9,-0.181875,0.059375,2.3437500000000014e-05
15,10,-0.181875,0.06562499999999999,2.3437500000000014e-05
15,11,-0.181875,0.071875,2.343750000000004e-05
15,12,-0.181875,0.078125,2.343749999999999e-05
15,13,-0.181875,0.08437499999999999,2.343750000000004e-05
15,14,-0.181875,0.09062499999999998,2.343749999999999e-05
15,15,-0.181875,0.09687499999999999,2.343750000000004e-05
15,16,-0.181875,0.103125,2.343750000000004e-05
15,17,-0.181875,0.109375,2.343749999999999e-05
15,18,-0.181875,0.11562499999999999,2.343750000000004e-05
15,19,-0.181875,0.12187499999999998,2.343749999999999e-05
15,20,-0.181875,0.128125,2.343749999999999e-05
15,21,-0.181875,0.13437499999999997,2.343750000000004e-05
15,22,-0.181875,0.140625,2.343750000000004e-05
15,23,-0.181875,0.14687499999999998,2.343750000000004e-05
15,24,-0.181875,0.153125,2.343750000000004e-05
15,25,-0.181875,0.159375,2.3437499999999936e-05
15,26,-0.181875,0.16562499999999997,2.343750000000004e-05
15,27,-0.181875,0.171875,2.343750000000004e-05
15,28,-0.181875,0.17812499999999998,2.343750000000004e-05
15,29,-0.181875,0.18437499999999998,2.3437499999999936e-05
15,30,-0.181875,0.190625,2.343750000000004e-05
15,31,-0.181875,0.19687499999999997,2.343750000000004e-05
15,32,-0.181875,0.203125,2.343750000000004e-05
15,33,-0.181875,0.20937499999999998,2.343750000000004e-05
15,34,-0.181875,0.21562499999999998,2.3437499999999936e-05
15,35,-0.181875,0.221875,2.343750000000004e-05
15,36,-0.181875,0.22812499999999997,2.343750000000004e-05
15,37,-0.181875,0.234375,2.343750000000004e-05
15,38,-0.181875,0.24062499999999998,2.3437499999999936e-05
15,39,-0.181875,0.24687499999999996,2.343750000000004e-05
15,40,-0.181875,0.253125,2.343750000000004e-05
15,41,-0.181875,0.25937499999999997,2.3437499999999936e-05
15,42,-0.181875,0.265625,2.3437500000000146e-05
15,43,-0.181875,0.271875,2.3437499999999936e-05
15,44,-0.181875,0.27812499999999996,2.3437500000000146e-05
15,45,-0.181875,0.284375,2.3437499999999936e-05
15,46,-0.181875,0.29062499999999997,2.3437499999999936e-05
15,47,-0.181875,0.296875,2.3437500000000146e-05
15,48,-0.181875,0.303125,2.3437499999999936e-05
15,49,-0.181875,0.30937499999999996,2.3437500000000146e-05
15,50,-0.181875,0.315625,2.3437499999999936e-05
15,51,-0.181875,0.32187499999999997,2.3437499999999936e-05
15,52,-0.181875,0.328125,2.3437500000000146e-05
15,53,-0.181875,0.334375,2.3437499999999936e-05
15,54,-0.181875,0.34062499999999996,2.3437499999999936e-05
15,55,-0.181875,0.34687499999999993,2.3437500000000146e-05
15,56,-0.181875,0.35312499999999997,2.3437499999999936e-05
15,57,-0.181875,0.359375,2.3437500000000146e-05
15,58,-0.181875,0.365625,2.3437499999999936e-05
15,59,-0.181875,0.37187499999999996,2.3437499999999936e-05
15,60,-0.181875,0.37812499999999993,2.3437500000000146e-05
15,61,-0.181875,0.38437499999999997,2.3437499999999936e-05
15,62,-0.181875,0.390625,2.3437500000000146e-05
15,63,-0.181875,0.396875,2.3437499999999936e-05
15,64,-0.181875,0.40312499999999996,2.3437499999999936e-05
15,65,-0.181875,0.40937499999999993,2.3437500000000146e-05
15,66,-0.181875,0.41562499999999997,2.3437499999999936e-05
15,67,-0.181875,0.421875,2.3437500000000146e-05
15,68,-0.181875,0.428125,2.3437499999999936e-05
15,69,-0.181875,0.43437499999999996,2.3437499999999936e-05
15,70,-0.181875,0.44062499999999993,2.3437500000000146e-05
15,71,-0.181875,0.44687499999999997,2.3437499999999936e-05
15,72,-0.181875,0.453125,2.3437500000000146e-05
15,73,-0.181875,0.459375,2.3437499999999936e-05
15,74,-0.181875,0.46562499999999996,2.3437499999999936e-05
15,75,-0.181875,0.47187499999999993,2.3437500000000146e-05
15,76,-0.181875,0.47812499999999997,2.3437499999999936e-05
15,77,-0.181875,0.48437499999999994,2.3437499999999936e-05
15,78,-0.181875,0.490625,2.3437500000000146e-05
15,79,-0.181875,0.49687499999999996,2.3437499999999936e-05
15,80,-0.181875,0.5031249999999999,2.3437500000000146e-05
15,81,-0.181875,0.5093749999999999,2.3437499999999936e-05
15,82,-0.181875,0.515625,2.3437499999999936e-05
15,83,-0.181875,0.5218749999999999,2.3437499999999936e-05
15,84,-0.181875,0.528125,2.3437500000000353e-05
15,85,-0.181875,0.534375,2.3437499999999936e-05
15,86,-0.181875,0.5406249999999999,2.3437499999999936e-05
15,87,-0.181875,0.546875,2.3437499999999936e-05
15,88,-0.181875,0.5531249999999999,2.3437499999999936e-05
15,89,-0.181875,0.559375,2.3437500000000353e-05
15,90,-0.181875,0.565625,2.3437499999999936e-05
15,91,-0.181875,0.5718749999999999,2.3437499999999936e-05
15,92,-0.181875,0.578125,2.3437499999999936e-05
15,93,-0.181875,0.5843749999999999,2.3437499999999936e-05
15,94,-0.181875,0.590625,2.3437500000000353e-05
15,95,-0.181875,0.596875,2.3437499999999936e-05
16,0,-0.17812499999999998,0.0031249999999999997,2.3437500000000017e-05
16,1,-0.17812499999999998,0.009375,2.3437500000000017e-05
16,2,-0.17812499999999998,0.015625,2.343750000000002e-05
16,3,-0.17812499999999998,0.021875,2.3437500000000014e-05
16,4,-0.17812499999999998,0.028124999999999997,2.3437500000000014e-05
16,5,-0.17812499999999998,0.034374999999999996,2.3437500000000028e-05
16,6,-0.17812499999999998,0.040624999999999994,2.3437500000000014e-05
16,7,-0.17812499999999998,0.046875,2.3437500000000014e-05
16,8,-0.17812499999999998,0.05312499999999999,2.3437500000000014e-05
16,9,-0.17812499999999998,0.059375,2.3437500000000014e-05
16,10,-0.17812499999999998,0.06562499999999999,2.3437500000000014e-05
16,11,-0.17812499999999998,0.071875,2.343750000000004e-05
16,12,-0.17812499999999998,0.078125,2.343749999999999e-05
16,13,-0.17812499999999998,0.08437499999999999,2.343750000000004e-05
16,14,-0.17812499999999998,0.09062499999999998,2.343749999999999e-05
16,15,-0.17812499999999998,0.09687499999999999,2.343750000000004e-05
16,16,-0.17812499999999998,0.103125,2.343750000000004e-05
16,17,-0.17812499999999998,0.109375,2.343749999999999e-05
16,18,-0.17812499999999998,0.11562499999999999,2.343750000000004e-05
16,19,-0.17812499999999998,0.12187499999999998,2.343749999999999e-05
16,20,-0.17812499999999998,0.128125,2.343749999999999e-05
16,21,-0.17812499999999998,0.13437499999999997,2.343750000000004e-05
16,22,-0.17812499999999998,0.140625,2.343750000000004e-05
16,23,-0.17812499999999998,0.14687499999999998,2.343750000000004e-05
16,24,-0.17812499999999998,0.153125,2.343750000000004e-05
16,25,-0.17812499999999998,0.159375,2.3437499999999936e-05
16,26,-0.17812499999999998,0.16562499999999997,2.343750000000004e-05
16,27,-0.17812499999999998,0.171875,2.343750000000004e-05
16,28,-0.17812499999999998,0.17812499999999998,2.343750000000004e-05
16,29,-0.17812499999999998,0.18437499999999998,2.3437499999999936e-05
16,30,-0.17812499999999998,0.190625,2.343750000000004e-05
16,31,-0.17812499999999998,0.19687499999999997,2.343750000000004e-05
16,32,-0.17812499999999998,0.203125,2.343750000000004e-05
16,33,-0.17812499999999998,0.20937499999999998,2.343750000000004e-05
16,34,-0.17812499999999998,0.21562499999999998,2.3437499999999936e-05
16,35,-0.17812499999999998,0.221875,2.343750000000004e-05
16,36,-0.17812499999999998,0.22812499999999997,2.343750000000004e-05
16,37,-0.17812499999999998,0.234375,2.343750000000004e-05
16,38,-0.17812499999999998,0.24062499999999998,2.3437499999999936e-05
16,39,-0.17812499999999998,0.24687499999999996,2.343750000000004e-05
16,40,-0.17812499999999998,0.253125,2.343750000000004e-05
16,41,-0.17812499999999998,0.25937499999999997,2.3437499999999936e-05
16,42,-0.17812499999999998,0.265625,2.3437500000000146e-05
16,43,-0.17812499999999998,0.271875,2.3437499999999936e-05
16,44,-0.17812499999999998,0.27812499999999996,2.3437500000000146e-05
16,45,-0.17812499999999998,0.284375,2.3437499999999936e-05
16,46,-0.17812499999999998,0.29062499999999997,2.3437499999999936e-05
16,47,-0.17812499999999998,0.296875,2.3437500000000146e-05
16,48,-0.17812499999999998,0.303125,2.3437499999999936e-05
16,49,-0.17812499999999998,0.30937499999999996,2.3437500000000146e-05
16,50,-0.17812499999999998,0.315625,2.3437499999999936e-05
16,51,-0.17812499999999998,0.32187499999999997,2.3437499999999936e-05
16,52,-0.17812499999999998,0.328125,2.3437500000000146e-05
16,53,-0.17812499999999998,0.334375,2.3437499999999936e-05
16,54,-0.17812499999999998,0.34062499999999996,2.3437499999999936e-05
16,55,-0.17812499999999998,0.34687499999999993,2.3437500000000146e-05
16,56,-0.17812499999999998,0.35312499999999997,2.3437499999999936e-05
16,57,-0.17812499999999998,0.359375,2.3437500000000146e-05
16,58,-0.17812499999999998,0.365625,2.3437499999999936e-05
16,59,-0.17812499999999998,0.37187499999999996,2.3437499999999936e-05
16,60,-0.17812499999999998,0.37812499999999993,2.3437500000000146e-05
16,61,-0.17812499999999998,0.38437499999999997,2.3437499999999936e-05
16,62,-0.17812499999999998,0.390625,2.3437500000000146e-05
16,63,-0.17812499999999998,0.396875,2.3437499999999936e-05
16,64,-0.17812499999999998,0.40312499999999996,2.3437499999999936e-05
16,65,-0.17812499999999998,0.40937499999999993,2.3437500000000146e-05
16,66,-0.17812499999999998,0.41562499999999997,2.3437499999999936e-05
16,67,-0.17812499999999998,0.421875,2.3437500000000146e-05
16,68,-0.17812499999999998,0.428125,2.3437499999999936e-05
16,69,-0.17812499999999998,0.43437499999999996,2.3437499999999936e-05
16,70,-0.17812499999999998,0.44062499999999993,2.3437500000000146e-05
16,71,-0.17812499999999998,0.44687499999999997,2.3437499999999936e-05
16,72,-0.17812499999999998,0.453125,2.3437500000000146e-05
16,73,-0.17812499999999998,0.459375,2.3437499999999936e-05
16,74,-0.17812499999999998,0.46562499999999996,2.3437499999999936e-05
16,75,-0.17812499999999998,0.47187499999999993,2.3437500000000146e-05
16,76,-0.17812499999999998,0.47812499999999997,2.3437499999999936e-05
16,77,-0.17812499999999998,0.48437499999999994,2.3437499999999936e-05
16,78,-0.17812499999999998,0.490625,2.3437500000000146e-05
16,79,-0.17812499999999998,0.49687499999999996,2.3437499999999936e-05
16,80,-0.17812499999999998,0.5031249999999999,2.3437500000000146e-05
16,81,-0.17812499999999998,0.5093749999999999,2.3437499999999936e-05
16,82,-0.17812499999999998,0.515625,2.3437499999999936e-05
16,83,-0.17812499999999998,0.5218749999999999,2.3437499999999936e-05
16,84,-0.17812499999999998,0.528125,2.3437500000000353e-05
16,85,-0.17812499999999998,0.534375,2.3437499999999936e-05
16,86,-0.17812499999999998,0.5406249999999999,2.3437499999999936e-05
16,87,-0.17812499999999998,0.546875,2.3437499999999936e-05
16,88,-0.17812499999999998,0.5531249999999999,2.3437499999999936e-05
16,89,-0.17812499999999998,0.559375,2.3437500000000353e-05
16,90,-0.17812499999999998,0.565625,2.3437499999999936e-05
16,91,-0.17812499999999998,0.5718749999999999,2.3437499999999936e-05
16,92,-0.17812499999999998,0.578125,2.3437499999999936e-05
16,93,-0.17812499999999998,0.5843749999999999,2.3437499999999936e-05
16,94,-0.17812499999999998,0.590625,2.3437500000000353e-05
16,95,-0.17812499999999998,0.596875,2.3437499999999936e-05
17,0,-0.174375,0.0031249999999999997,2.3437500000000017e-05
17,1,-0.174375,0.009375,2.3437500000000017e-05
17,2,-0.174375,0.015625,2.343750000000002e-05
17,3,-0.174375,0.021875,2.3437500000000014e-05
17,4,-0.174375,0.028124999999999997,2.3437500000000014e-05
17,5,-0.174375,0.034374999999999996,2.3437500000000028e-05
17,6,-0.174375,0.040624999999999994,2.3437500000000014e-05
17,7,-0.174375,0.046875,2.3437500000000014e-05
17,8,-0.174375,0.05312499999999999,2.3437500000000014e-05
17,9,-0.174375,0.059375,2.3437500000000014e-05
17,10,-0.174375,0.06562499999999999,2.3437500000000014e-05
17,11,-0.174375,0.071875,2.343750000000004e-05
17,12,-0.174375,0.078125,2.343749999999999e-05
17,13,-0.174375,0.08437499999999999,2.343750000000004e-05
17,14,-0.174375,0.09062499999999998,2.343749999999999e-05
17,15,-0.174375,0.09687499999999999,2.343750000000004e-05
17,16,-0.174375,0.103125,2.343750000000004e-05
17,17,-0.174375,0.109375,2.343749999999999e-05
17,18,-0.174375,0.11562499999999999,2.343750000000004e-05
17,19,-0.174375,0.12187499999999998,2.343749999999999e-05
17,20,-0.174375,0.128125,2.343749999999999e-05
17,21,-0.174375,0.13437499999999997,2.343750000000004e-05
17,22,-0.174375,0.140625,2.343750000000004e-05
17,23,-0.174375,0.14687499999999998,2.343750000000004e-05
17,24,-0.174375,0.153125,2.343750000000004e-05
17,25,-0.174375,0.159375,2.3437499999999936e-05
17,26,-0.174375,0.16562499999999997,2.343750000000004e-05
17,27,-0.174375,0.171875,2.343750000000004e-05
17,28,-0.174375,0.17812499999999998,2.343750000000004e-05
17,29,-0.174375,0.18437499999999998,2.3437499999999936e-05
17,30,-0.174375,0.190625,2.343750000000004e-05
17,31,-0.174375,0.19687499999999997,2.343750000000004e-05
17,32,-0.174375,0.203125,2.343750000000004e-05
17,33,-0.174375,0.20937499999999998,2.343750000000004e-05
17,34,-0.174375,0.21562499999999998,2.3437499999999936e-05
17,35,-0.174375,0.221875,2.343750000000004e-05
17,36,-0.174375,0.22812499999999997,2.343750000000004e-05
17,37,-0.174375,0.234375,2.343750000000004e-05
17,38,-0.174375,0.24062499999999998,2.3437499999999936e-05
17,39,-0.174375,0.24687499999999996,2.343750000000004e-05
17,40,-0.174375,0.253125,2.343750000000004e-05
17,41,-0.174375,0.25937499999999997,2.3437499999999936e-05
17,42,-0.174375,0.265625,2.3437500000000146e-05
17,43,-0.174375,0.271875,2.3437499999999936e-05
17,44,-0.174375,0.27812499999999996,2.3437500000000146e-05
17,45,-0.174375,0.284375,2.3437499999999936e-05
17,46,-0.174375,0.29062499999999997,2.3437499999999936e-05
17,47,-0.174375,0.296875,2.3437500000000146e-05
17,48,-0.174375,0.303125,2.3437499999999936e-05
17,49,-0.174375,0.30937499999999996,2.3437500000000146e-05
17,50,-0.174375,0.315625,2.3437499999999936e-05
17,51,-0.174375,0.32187499999999997,2.3437499999999936e-05
17,52,-0.174375,0.328125,2.3437500000000146e-05
17,53,-0.174375,0.334375,2.3437499999999936e-05
17,54,-0.174375,0.34062499999999996,2.3437499999999936e-05
17,55,-0.174375,0.34687499999999993,2.3437500000000146e-05
17,56,-0.174375,0.35312499999999997,2.3437499999999936e-05
17,57,-0.174375,0.359375,2.3437500000000146e-05
17,58,-0.174375,0.365625,2.3437499999999936e-05
17,59,-0.174375,0.37187499999999996,2.3437499999999936e-05
17,60,-0.174375,0.37812499999999993,2.3437500000000146e-05
17,61,-0.174375,0.38437499999999997,2.3437499999999936e-05
17,62,-0.174375,0.390625,2.3437500000000146e-05
17,63,-0.174375,0.396875,2.3437499999999936e-05
17,64,-0.174375,0.40312499999999996,2.3437499999999936e-05
17,65,-0.174375,0.40937499999999993,2.3437500000000146e-05
17,66,-0.174375,0.41562499999999997,2.3437499999999936e-05
17,67,-0.174375,0.421875,2.3437500000000146e-05
17,68,-0.174375,0.428125,2.3437499999999936e-05
17,69,-0.174375,0.43437499999999996,2.3437499999999936e-05
17,70,-0.174375,0.44062499999999993,2.3437500000000146e-05
17,71,-0.174375,0.44687499999999997,2.3437499999999936e-05
17,72,-0.174375,0.453125,2.3437500000000146e-05
17,73,-0.174375,0.459375,2.3437499999999936e-05
17,74,-0.174375,0.46562499999999996,2.3437499999999936e-05
17,75,-0.174375,0.47187499999999993,2.3437500000000146e-05
17,76,-0.174375,0.47812499999999997,2.3437499999999936e-05
17,77,-0.174375,0.48437499999999994,2.3437499999999936e-05
17,78,-0.174375,0.490625,2.3437500000000146e-05
17,79,-0.174375,0.49687499999999996,2.3437499999999936e-05
17,80,-0.174375,0.5031249999999999,2.3437500000000146e-05
17,81,-0.174375,0.5093749999999999,2.3437499999999936e-05
17,82,-0.174375,0.515625,2.3437499999999936e-05
17,83,-0.174375,0.5218749999999999,2.3437499999999936e-05
17,84,-0.174375,0.528125,2.3437500000000353e-05
17,85,-0.174375,0.534375,2.3437499999999936e-05
17,86,-0.174375,0.5406249999999999,2.3437499999999936e-05
17,87,-0.174375,0.546875,2.3437499999999936e-05
17,88,-0.174375,0.5531249999999999,2.3437499999999936e-05
17,89,-0.174375,0.559375,2.3437500000000353e-05
17,90,-0.174375,0.565625,2.3437499999999936e-05
17,91,-0.174375,0.5718749999999999,2.3437499999999936e-05
17,92,-0.174375,0.578125,2.3437499999999936e-05
17,93,-0.174375,0.5843749999999999,2.3437499999999936e-05
17,94,-0.174375,0.590625,2.3437500000000353e-05
17,95,-0.174375,0.596875,2.3437499999999936e-05
18,0,-0.170625,0.0031249999999999997,2.3437499999999845e-05
18,1,-0.170625,0.009375,2.3437499999999845e-05
18,2,-0.170625,0.015625,2.3437499999999848e-05
18,3,-0.170625,0.021875,2.343749999999984e-05
18,4,-0.170625,0.028124999999999997,2.343749999999984e-05
18,5,-0.170625,0.034374999999999996,2.3437499999999855e-05
18,6,-0.170625,0.040624999999999994,2.343749999999984e-05
18,7,-0.170625,0.046875,2.343749999999984e-05
18,8,-0.170625,0.05312499999999999,2.343749999999984e-05
18,9,-0.170625,0.059375,2.343749999999984e-05
18,10,-0.170625,0.06562499999999999,2.343749999999984e-05
18,11,-0.170625,0.071875,2.343749999999987e-05
18,12,-0.170625,0.078125,2.3437499999999818e-05
18,13,-0.170625,0.08437499999999999,2.343749999999987e-05
18,14,-0.170625,0.09062499999999998,2.3437499999999818e-05
18,15,-0.170625,0.09687499999999999,2.343749999999987e-05
18,16,-0.170625,0.103125,2.343749999999987e-05
18,17,-0.170625,0.109375,2.3437499999999818e-05
18,18,-0.170625,0.11562499999999999,2.343749999999987e-05
18,19,-0.170625,0.12187499999999998,2.3437499999999818e-05
18,20,-0.170625,0.128125,2.3437499999999818e-05
18,21,-0.170625,0.13437499999999997,2.343749999999987e-05
18,22,-0.170625,0.140625,2.343749999999987e-05
18,23,-0.170625,0.14687499999999998,2.343749999999987e-05
18,24,-0.170625,0.153125,2.343749999999987e-05
18,25,-0.170625,0.159375,2.3437499999999763e-05
18,26,-0.170625,0.16562499999999997,2.343749999999987e-05
18,27,-0.170625,0.171875,2.343749999999987e-05
18,28,-0.170625,0.17812499999999998,2.343749999999987e-05
18,29,-0.170625,0.18437499999999998,2.3437499999999763e-05
18,30,-0.170625,0.190625,2.343749999999987e-05
18,31,-0.170625,0.19687499999999997,2.343749999999987e-05
18,32,-0.170625,0.203125,2.343749999999987e-05
18,33,-0.170625,0.20937499999999998,2.343749999999987e-05
18,34,-0.170625,0.21562499999999998,2.3437499999999763e-05
18,35,-0.170625,0.221875,2.343749999999987e-05
18,36,-0.170625,0.22812499999999997,2.343749999999987e-05
18,37,-0.170625,0.234375,2.343749999999987e-05
18,38,-0.170625,0.24062499999999998,2.3437499999999763e-05
18,39,-0.170625,0.24687499999999996,2.343749999999987e-05
18,40,-0.170625,0.253125,2.343749999999987e-05
18,41,-0.170625,0.25937499999999997,2.3437499999999763e-05
18,42,-0.170625,0.265625,2.3437499999999973e-05
18,43,-0.170625,0.271875,2.3437499999999763e-05
18,44,-0.170625,0.27812499999999996,2.3437499999999973e-05
18,45,-0.170625,0.284375,2.3437499999999763e-05
18,46,-0.170625,0.29062499999999997,2.3437499999999763e-05
18,47,-0.170625,0.296875,2.3437499999999973e-05
18,48,-0.170625,0.303125,2.3437499999999763e-05
18,49,-0.170625,0.30937499999999996,2.3437499999999973e-05
18,50,-0.170625,0.315625,2.3437499999999763e-05
18,51,-0.170625,0.32187499999999997,2.3437499999999763e-05
18,52,-0.170625,0.328125,2.3437499999999973e-05
18,53,-0.170625,0.334375,2.3437499999999763e-05
18,54,-0.170625,0.34062499999999996,2.3437499999999763e-05
18,55,-0.170625,0.34687499999999993,2.3437499999999973e-05
18,56,-0.170625,0.35312499999999997,2.3437499999999763e-05
18,57,-0.170625,0.359375,2.3437499999999973e-05
18,58,-0.170625,0.365625,2.3437499999999763e-05
18,59,-0.170625,0.37187499999999996,2.3437499999999763e-05
18,60,-0.170625,0.37812499999999993,2.3437499999999973e-05
18,61,-0.170625,0.38437499999999997,2.3437499999999763e-05
18,62,-0.170625,0.390625,2.3437499999999973e-05
18,63,-0.170625,0.396875,2.3437499999999763e-05
18,64,-0.170625,0.40312499999999996,2.3437499999999763e-05
18,65,-0.170625,0.40937499999999993,2.3437499999999973e-05
18,66,-0.170625,0.41562499999999997,2.3437499999999763e-05
18,67,-0.170625,0.421875,2.3437499999999973e-05
18,68,-0.170625,0.428125,2.3437499999999763e-05
18,69,-0.170625,0.43437499999999996,2.3437499999999763e-05
18,70,-0.170625,0.44062499999999993,2.3437499999999973e-05
18,71,-0.170625,0.44687499999999997,2.3437499999999763e-05
18,72,-0.170625,0.453125,2.3437499999999973e-05
18,73,-0.170625,0.459375,2.3437499999999763e-05
18,74,-0.170625,0.46562499999999996,2.3437499999999763e-05
18,75,-0.170625,0.47187499999999993,2.3437499999999973e-05
18,76,-0.170625,0.47812499999999997,2.3437499999999763e-05
18,77,-0.170625,0.48437499999999994,2.3437499999999763e-05
18,78,-0.170625,0.490625,2.3437499999999973e-05
18,79,-0.170625,0.49687499999999996,2.3437499999999763e-05
18,80,-0.170625,0.5031249999999999,2.3437499999999973e-05
18,81,-0.170625,0.5093749999999999,2.3437499999999763e-05
18,82,-0.170625,0.515625,2.3437499999999763e-05
18,83,-0.170625,0.5218749999999999,2.3437499999999763e-05
18,84,-0.170625,0.528125,2.343750000000018e-05
18,85,-0.170625,0.534375,2.3437499999999763e-05
18,86,-0.170625,0.5406249999999999,2.3437499999999763e-05
18,87,-0.170625,0.546875,2.3437499999999763e-05
18,88,-0.170625,0.5531249999999999,2.3437499999999763e-05
18,89,-0.170625,0.559375,2.343750000000018e-05
18,90,-0.170625,0.565625,2.3437499999999763e-05
18,91,-0.170625,0.5718749999999999,2.3437499999999763e-05
18,92,-0.170625,0.578125,2.3437499999999763e-05
18,93,-0.170625,0.5843749999999999,2.3437499999999763e-05
18,94,-0.170625,0.590625,2.343750000000018e-05
18,95,-0.170625,0.596875,2.3437499999999763e-05
19,0,-0.166875,0.0031249999999999997,2.3437500000000194e-05
19,1,-0.166875,0.009375,2.3437500000000194e-05
19,2,-0.166875,0.015625,2.3437500000000197e-05
19,3,-0.166875,0.021875,2.343750000000019e-05
19,4,-0.166875,0.028124999999999997,2.343750000000019e-05
19,5,-0.166875,0.034374999999999996,2.3437500000000204e-05
19,6,-0.166875,0.040624999999999994,2.343750000000019e-05
19,7,-0.166875,0.046875,2.343750000000019e-05
19,8,-0.166875,0.05312499999999999,2.343750000000019e-05
19,9,-0.166875,0.059375,2.343750000000019e-05
19,10,-0.166875,0.06562499999999999,2.343750000000019e-05
19,11,-0.166875,0.071875,2.3437500000000214e-05
19,12,-0.166875,0.078125,2.3437500000000163e-05
19,13,-0.166875,0.08437499999999999,2.3437500000000214e-05
19,14,-0.166875,0.09062499999999998,2.3437500000000163e-05
19,15,-0.166875,0.09687499999999999,2.3437500000000214e-05
19,16,-0.166875,0.103125,2.3437500000000214e-05
19,17,-0.166875,0.109375,2.3437500000000163e-05
19,18,-0.166875,0.11562499999999999,2.3437500000000214e-05
19,19,-0.166875,0.12187499999999998,2.3437500000000163e-05
19,20,-0.166875,0.128125,2.3437500000000163e-05
19,21,-0.166875,0.13437499999999997,2.3437500000000214e-05
19,22,-0.166875,0.140625,2.3437500000000214e-05
19,23,-0.166875,0.14687499999999998,2.3437500000000214e-05
19,24,-0.166875,0.153125,2.3437500000000214e-05
19,25,-0.166875,0.159375,2.3437500000000112e-05
19,26,-0.166875,0.16562499999999997,2.3437500000000214e-05
19,27,-0.166875,0.171875,2.3437500000000214e-05
19,28,-0.166875,0.17812499999999998,2.3437500000000214e-05
19,29,-0.166875,0.18437499999999998,2.3437500000000112e-05
19,30,-0.166875,0.190625,2.3437500000000214e-05
19,31,-0.166875,0.19687499999999997,2.3437500000000214e-05
19,32,-0.166875,0.203125,2.3437500000000214e-05
19,33,-0.166875,0.20937499999999998,2.3437500000000214e-05
19,34,-0.166875,0.21562499999999998,2.3437500000000112e-05
19,35,-0.166875,0.221875,2.3437500000000214e-05
19,36,-0.166875,0.22812499999999997,2.3437500000000214e-05
19,37,-0.166875,0.234375,2.3437500000000214e-05
19,38,-0.166875,0.24062499999999998,2.3437500000000112e-05
19,39,-0.166875,0.24687499999999996,2.3437500000000214e-05
19,40,-0.166875,0.253125,2.3437500000000214e-05
19,41,-0.166875,0.25937499999999997,2.3437500000000112e-05
19,42,-0.166875,0.265625,2.343750000000032e-05
19,43,-0.166875,0.271875,2.3437500000000112e-05
19,44,-0.166875,0.27812499999999996,2.343750000000032e-05
19,45,-0.166875,0.284375,2.3437500000000112e-05
19,46,-0.166875,0.29062499999999997,2.3437500000000112e-05
19,47,-0.166875,0.296875,2.343750000000032e-05
19,48,-0.166875,0.303125,2.3437500000000112e-05
19,49,-0.166875,0.30937499999999996,2.343750000000032e-05
19,50,-0.166875,0.315625,2.3437500000000112e-05
19,51,-0.166875,0.32187499999999997,2.3437500000000112e-05
19,52,-0.166875,0.328125,2.343750000000032e-05
19,53,-0.166875,0.334375,2.3437500000000112e-05
19,54,-0.166875,0.34062499999999996,2.3437500000000112e-05
19,55,-0.166875,0.34687499999999993,2.343750000000032e-05
19,56,-0.166875,0.35312499999999997,2.3437500000000112e-05
19,57,-0.166875,0.359375,2.343750000000032e-05
19,58,-0.166875,0.365625,2.3437500000000112e-05
19,59,-0.166875,0.37187499999999996,2.3437500000000112e-05
19,60,-0.166875,0.37812499999999993,2.343750000000032e-05
19,61,-0.166875,0.38437499999999997,2.3437500000000112e-05
19,62,-0.166875,0.390625,2.343750000000032e-05
19,63,-0.166875,0.396875,2.3437500000000112e-05
19,64,-0.166875,0.40312499999999996,2.3437500000000112e-05
19,65,-0.166875,0.40937499999999993,2.343750000000032e-05
19,66,-0.166875,0.41562499999999997,2.3437500000000112e-05
19,67,-0.166875,0.421875,2.343750000000032e-05
19,68,-0.166875,0.428125,2.3437500000000112e-05
19,69,-0.166875,0.43437499999999996,2.3437500000000112e-05
19,70,-0.166875,0.44062499999999993,2.343750000000032e-05
19,71,-0.166875,0.44687499999999997,2.3437500000000112e-05
19,72,-0.166875,0.453125,2.343750000000032e-05
19,73,-0.166875,0.459375,2.3437500000000112e-05
19,74,-0.166875,0.46562499999999996,2.3437500000000112e-05
19,75,-0.166875,0.47187499999999993,2.343750000000032e-05
19,76,-0.166875,0.47812499999999997,2.3437500000000112e-05
19,77,-0.166875,0.48437499999999994,2.3437500000000112e-05
19,78,-0.166875,0.490625,2.343750000000032e-05
19,79,-0.166875,0.49687499999999996,2.3437500000000112e-05
19,80,-0.166875,0.5031249999999999,2.343750000000032e-05
19,81,-0.166875,0.5093749999999999,2.3437500000000112e-05
19,82,-0.166875,0.515625,2.3437500000000112e-05
19,83,-0.166875,0.5218749999999999,2.3437500000000112e-05
19,84,-0.166875,0.528125,2.343750000000053e-05
19,85,-0.166875,0.534375,2.3437500000000112e-05
19,86,-0.166875,0.5406249999999999,2.3437500000000112e-05
19,87,-0.166875,0.546875,2.3437500000000112e-05
19,88,-0.166875,0.5531249999999999,2.3437500000000112e-05
19,89,-0.166875,0.559375,2.343750000000053e-05
19,90,-0.166875,0.565625,2.3437500000000112e-05
19,91,-0.166875,0.5718749999999999,2.3437500000000112e-05
19,92,-0.166875,0.578125,2.3437500000000112e-05
19,93,-0.166875,0.5843749999999999,2.3437500000000112e-05
19,94,-0.166875,0.590625,2.343750000000053e-05
19,95,-0.166875,0.596875,2.3437500000000112e-05
20,0,-0.163125,0.0031249999999999997,2.3437499999999845e-05
20,1,-0.163125,0.009375,2.3437499999999845e-05
20,2,-0.163125,0.015625,2.3437499999999848e-05
20,3,-0.163125,0.021875,2.343749999999984e-05
20,4,-0.163125,0.028124999999999997,2.343749999999984e-05
20,5,-0.163125,0.034374999999999996,2.3437499999999855e-05
20,6,-0.163125,0.040624999999999994,2.343749999999984e-05
20,7,-0.163125,0.046875,2.343749999999984e-05
20,8,-0.163125,0.05312499999999999,2.343749999999984e-05
20,9,-0.163125,0.059375,2.343749999999984e-05
20,10,-0.163125,0.06562499999999999,2.343749999999984e-05
20,11,-0.163125,0.071875,2.343749999999987e-05
20,12,-0.163125,0.078125,2.3437499999999818e-05
20,13,-0.163125,0.08437499999999999,2.343749999999987e-05
20,14,-0.163125,0.09062499999999998,2.3437499999999818e-05
20,15,-0.163125,0.09687499999999999,2.343749999999987e-05
20,16,-0.163125,0.103125,2.343749999999987e-05
20,17,-0.163125,0.109375,2.3437499999999818e-05
20,18,-0.163125,0.11562499999999999,2.343749999999987e-05
20,19,-0.163125,0.12187499999999998,2.3437499999999818e-05
20,20,-0.163125,0.128125,2.3437499999999818e-05
20,21,-0.163125,0.13437499999999997,2.343749999999987e-05
20,22,-0.163125,0.140625,2.343749999999987e-05
20,23,-0.163125,0.14687499999999998,2.343749999999987e-05
20,24,-0.163125,0.153125,2.343749999999987e-05
20,25,-0.163125,0.159375,2.3437499999999763e-05
20,26,-0.163125,0.16562499999999997,2.343749999999987e-05
20,27,-0.163125,0.171875,2.343749999999987e-05
20,28,-0.163125,0.17812499999999998,2.343749999999987e-05
20,29,-0.163125,0.18437499999999998,2.3437499999999763e-05
20,30,-0.163125,0.190625,2.343749999999987e-05
20,31,-0.163125,0.19687499999999997,2.343749999999987e-05
20,32,-0.163125,0.203125,2.343749999999987e-05
20,33,-0.163125,0.20937499999999998,2.343749999999987e-05
20,34,-0.163125,0.21562499999999998,2.3437499999999763e-05
20,35,-0.163125,0.221875,2.343749999999987e-05
20,36,-0.163125,0.22812499999999997,2.343749999999987e-05
20,37,-0.163125,0.234375,2.343749999999987e-05
20,38,-0.163125,0.24062499999999998,2.3437499999999763e-05
20,39,-0.163125,0.24687499999999996,2.343749999999987e-05
20,40,-0.163125,0.253125,2.343749999999987e-05
20,41,-0.163125,0.25937499999999997,2.3437499999999763e-05
20,42,-0.163125,0.265625,2.3437499999999973e-05
20,43,-0.163125,0.271875,2.3437499999999763e-05
20,44,-0.163125,0.27812499999999996,2.3437499999999973e-05
20,45,-0.163125,0.284375,2.3437499999999763e-05
20,46,-0.163125,0.29062499999999997,2.3437499999999763e-05
20,47,-0.163125,0.296875,2.3437499999999973e-05
20,48,-0.163125,0.303125,2.3437499999999763e-05
20,49,-0.163125,0.30937499999999996,2.3437499999999973e-05
20,50,-0.163125,0.315625,2.3437499999999763e-05
20,51,-0.163125,0.32187499999999997,2.3437499999999763e-05
20,52,-0.163125,0.328125,2.3437499999999973e-05
20,53,-0.163125,0.334375,2.3437499999999763e-05
20,54,-0.163125,0.34062499999999996,2.3437499999999763e-05
20,55,-0.163125,0.34687499999999993,2.3437499999999973e-05
20,56,-0.163125,0.35312499999999997,2.3437499999999763e-05
20,57,-0.163125,0.359375,2.3437499999999973e-05
20,58,-0.163125,0.365625,2.3437499999999763e-05
20,59,-0.163125,0.37187499999999996,2.3437499999999763e-05
20,60,-0.163125,0.37812499999999993,2.3437499999999973e-05
20,61,-0.163125,0.38437499999999997,2.3437499999999763e-05
20,62,-0.163125,0.390625,2.3437499999999973e-05
20,63,-0.163125,0.396875,2.3437499999999763e-05
20,64,-0.163125,0.40312499999999996,2.3437499999999763e-05
20,65,-0.163125,0.40937499999999993,2.3437499999999973e-05
20,66,-0.163125,0.41562499999999997,2.3437499999999763e-05
20,67,-0.163125,0.421875,2.3437499999999973e-05
20,68,-0.163125,0.428125,2.3437499999999763e-05
20,69,-0.163125,0.43437499999999996,2.3437499999999763e-05
20,70,-0.163125,0.44062499999999993,2.3437499999999973e-05
20,71,-0.163125,0.44687499999999997,2.3437499999999763e-05
20,72,-0.163125,0.453125,2.3437499999999973e-05
20,73,-0.163125,0.459375,2.3437499999999763e-05
20,74,-0.163125,0.46562499999999996,2.3437499999999763e-05
20,75,-0.163125,0.47187499999999993,2.3437499999999973e-05
20,76,-0.163125,0.47812499999999997,2.3437499999999763e-05
20,77,-0.163125,0.48437499999999994,2.3437499999999763e-05
20,78,-0.163125,0.490625,2.3437499999999973e-05
20,79,-0.163125,0.49687499999999996,2.3437499999999763e-05
20,80,-0.163125,0.5031249999999999,2.3437499999999973e-05
20,81,-0.163125,0.5093749999999999,2.3437499999999763e-05
20,82,-0.163125,0.515625,2.3437499999999763e-05
20,83,-0.163125,0.5218749999999999,2.3437499999999763e-05
20,84,-0.163125,0.528125,2.343750000000018e-05
20,85,-0.163125,0.534375,2.3437499999999763e-05
20,86,-0.163125,0.5406249999999999,2.3437499999999763e-05
20,87,-0.163125,0.546875,2.3437499999999763e-05
20,88,-0.163125,0.5531249999999999,2.3437499999999763e-05
20,89,-0.163125,0.559375,2.343750000000018e-05
20,90,-0.163125,0.565625,2.3437499999999763e-05
20,91,-0.163125,0.5718749999999999,2.3437499999999763e-05
20,92,-0.163125,0.578125,2.3437499999999763e-05
20,93,-0.163125,0.5843749999999999,2.3437499999999763e-05
20,94,-0.163125,0.590625,2.343750000000018e-05
20,95,-0.163125,0.596875,2.3437499999999763e-05
21,0,-0.159375,0.0031249999999999997,2.3437500000000017e-05
21,1,-0.159375,0.009375,2.3437500000000017e-05
21,2,-0.159375,0.015625,2.343750000000002e-05
21,3,-0.159375,0.021875,2.3437500000000014e-05
21,4,-0.159375,0.028124999999999997,2.3437500000000014e-05
21,5,-0.159375,0.034374999999999996,2.3437500000000028e-05
21,6,-0.159375,0.040624999999999994,2.3437500000000014e-05
21,7,-0.159375,0.046875,2.3437500000000014e-05
21,8,-0.159375,0.05312499999999999,2.3437500000000014e-05
21,9,-0.159375,0.059375,2.3437500000000014e-05
21,10,-0.159375,0.06562499999999999,2.3437500000000014e-05
21,11,-0.159375,0.071875,2.343750000000004e-05
21,12,-0.159375,0.078125,2.343749999999999e-05
21,13,-0.159375,0.08437499999999999,2.343750000000004e-05
21,14,-0.159375,0.09062499999999998,2.343749999999999e-05
21,15,-0.159375,0.09687499999999999,2.343750000000004e-05
21,16,-0.159375,0.103125,2.343750000000004e-05
21,17,-0.159375,0.109375,2.343749999999999e-05
21,18,-0.159375,0.11562499999999999,2.343750000000004e-05
21,19,-0.159375,0.12187499999999998,2.343749999999999e-05
21,20,-0.159375,0.128125,2.343749999999999e-05
21,21,-0.159375,0.13437499999999997,2.343750000000004e-05
21,22,-0.159375,0.140625,2.343750000000004e-05
21,23,-0.159375,0.14687499999999998,2.343750000000004e-05
21,24,-0.159375,0.153125,2.343750000000004e-05
21,25,-0.159375,0.159375,2.3437499999999936e-05
21,26,-0.159375,0.16562499999999997,2.343750000000004e-05
21,27,-0.159375,0.171875,2.343750000000004e-05
21,28,-0.159375,0.17812499999999998,2.343750000000004e-05
21,29,-0.159375,0.18437499999999998,2.3437499999999936e-05
21,30,-0.159375,0.190625,2.343750000000004e-05
21,31,-0.159375,0.19687499999999997,2.343750000000004e-05
21,32,-0.159375,0.203125,2.343750000000004e-05
21,33,-0.159375,0.20937499999999998,2.343750000000004e-05
21,34,-0.159375,0.21562499999999998,2.3437499999999936e-05
21,35,-0.159375,0.221875,2.343750000000004e-05
21,36,-0.159375,0.22812499999999997,2.343750000000004e-05
21,37,-0.159375,0.234375,2.343750000000004e-05
21,38,-0.159375,0.24062499999999998,2.3437499999999936e-05
21,39,-0.159375,0.24687499999999996,2.343750000000004e-05
21,40,-0.159375,0.253125,2.343750000000004e-05
21,41,-0.159375,0.25937499999999997,2.3437499999999936e-05
21,42,-0.159375,0.265625,2.3437500000000146e-05
21,43,-0.159375,0.271875,2.3437499999999936e-05
21,44,-0.159375,0.27812499999999996,2.3437500000000146e-05
21,45,-0.159375,0.284375,2.3437499999999936e-05
21,46,-0.159375,0.29062499999999997,2.3437499999999936e-05
21,47,-0.159375,0.296875,2.3437500000000146e-05
21,48,-0.159375,0.303125,2.3437499999999936e-05
21,49,-0.159375,0.30937499999999996,2.3437500000000146e-05
21,50,-0.159375,0.315625,2.3437499999999936e-05
21,51,-0.159375,0.32187499999999997,2.3437499999999936e-05
21,52,-0.159375,0.328125,2.3437500000000146e-05
21,53,-0.159375,0.334375,2.3437499999999936e-05
21,54,-0.159375,0.34062499999999996,2.3437499999999936e-05
21,55,-0.159375,0.34687499999999993,2.3437500000000146e-05
21,56,-0.159375,0.35312499999999997,2.3437499999999936e-05
21,57,-0.159375,0.359375,2.3437500000000146e-05
21,58,-0.159375,0.365625,2.3437499999999936e-05
21,59,-0.159375,0.37187499999999996,2.3437499999999936e-05
21,60,-0.159375,0.37812499999999993,2.3437500000000146e-05
21,61,-0.159375,0.38437499999999997,2.3437499999999936e-05
21,62,-0.159375,0.390625,2.3437500000000146e-05
21,63,-0.159375,0.396875,2.3437499999999936e-05
21,64,-0.159375,0.40312499999999996,2.3437499999999936e-05
21,65,-0.159375,0.40937499999999993,2.3437500000000146e-05
21,66,-0.159375,0.41562499999999997,2.3437499999999936e-05
21,67,-0.159375,0.421875,2.3437500000000146e-05
21,68,-0.159375,0.428125,2.3437499999999936e-05
21,69,-0.159375,0.43437499999999996,2.3437499999999936e-05
21,70,-0.159375,0.44062499999999993,2.3437500000000146e-05
21,71,-0.159375,0.44687499999999997,2.3437499999999936e-05
21,72,-0.159375,0.453125,2.3437500000000146e-05
21,73,-0.159375,0.459375,2.3437499999999936e-05
21,74,-0.159375,0.46562499999999996,2.3437499999999936e-05
21,75,-0.159375,0.47187499999999993,2.3437500000000146e-05
21,76,-0.159375,0.47812499999999997,2.3437499999999936e-05
21,77,-0.159375,0.48437499999999994,2.3437499999999936e-05
21,78,-0.159375,0.490625,2.3437500000000146e-05
21,79,-0.159375,0.49687499999999996,2.3437499999999936e-05
21,80,-0.159375,0.5031249999999999,2.3437500000000146e-05
21,81,-0.159375,0.5093749999999999,2.3437499999999936e-05
21,82,-0.159375,0.515625,2.3437499999999936e-05
21,83,-0.159375,0.5218749999999999,2.3437499999999936e-05
21,84,-0.159375,0.528125,2.3437500000000353e-05
21,85,-0.159375,0.534375,2.3437499999999936e-05
21,86,-0.159375,0.5406249999999999,2.3437499999999936e-05
21,87,-0.159375,0.546875,2.3437499999999936e-05
21,88,-0.159375,0.5531249999999999,2.3437499999999936e-05
21,89,-0.159375,0.559375,2.3437500000000353e-05
21,90,-0.159375,0.565625,2.3437499999999936e-05
21,91,-0.159375,0.5718749999999999,2.3437499999999936e-05
21,92,-0.159375,0.578125,2.3437499999999936e-05
21,93,-0.159375,0.5843749999999999,2.3437499999999936e-05
21,94,-0.159375,0.590625,2.3437500000000353e-05
21,95,-0.159375,0.596875,2.3437499999999936e-05
22,0,-0.155625,0.0031249999999999997,2.3437500000000017e-05
22,1,-0.155625,0.009375,2.3437500000000017e-05
22,2,-0.155625,0.015625,2.343750000000002e-05
22,3,-0.155625,0.021875,2.3437500000000014e-05
22,4,-0.155625,0.028124999999999997,2.3437500000000014e-05
22,5,-0.155625,0.034374999999999996,2.3437500000000028e-05
22,6,-0.155625,0.040624999999999994,2.3437500000000014e-05
22,7,-0.155625,0.046875,2.3437500000000014e-05
22,8,-0.155625,0.05312499999999999,2.3437500000000014e-05
22,9,-0.155625,0.059375,2.3437500000000014e-05
22,10,-0.155625,0.06562499999999999,2.3437500000000014e-05
22,11,-0.155625,0.071875,2.343750000000004e-05
22,12,-0.155625,0.078125,2.343749999999999e-05
22,13,-0.155625,0.08437499999999999,2.343750000000004e-05
22,14,-0.155625,0.09062499999999998,2.343749999999999e-05
22,15,-0.155625,0.09687499999999999,2.343750000000004e-05
22,16,-0.155625,0.103125,2.343750000000004e-05
22,17,-0.155625,0.109375,2.343749999999999e-05
22,18,-0.155625,0.11562499999999999,2.343750000000004e-05
22,19,-0.155625,0.12187499999999998,2.343749999999999e-05
22,20,-0.155625,0.128125,2.343749999999999e-05
22,21,-0.155625,0.13437499999999997,2.343750000000004e-05
22,22,-0.155625,0.140625,2.343750000000004e-05
22,23,-0.155625,0.14687499999999998,2.343750000000004e-05
22,24,-0.155625,0.153125,2.343750000000004e-05
22,25,-0.155625,0.159375,2.3437499999999936e-05
22,26,-0.155625,0.16562499999999997,2.343750000000004e-05
22,27,-0.155625,0.171875,2.343750000000004e-05
22,28,-0.155625,0.17812499999999998,2.343750000000004e-05
22,29,-0.155625,0.18437499999999998,2.3437499999999936e-05
22,30,-0.155625,0.190625,2.343750000000004e-05
22,31,-0.155625,0.19687499999999997,2.343750000000004e-05
22,32,-0.155625,0.203125,2.343750000000004e-05
22,33,-0.155625,0.20937499999999998,2.343750000000004e-05
22,34,-0.155625,0.21562499999999998,2.3437499999999936e-05
22,35,-0.155625,0.221875,2.343750000000004e-05
22,36,-0.155625,0.22812499999999997,2.343750000000004e-05
22,37,-0.155625,0.234375,2.343750000000004e-05
22,38,-0.155625,0.24062499999999998,2.3437499999999936e-05
22,39,-0.155625,0.24687499999999996,2.343750000000004e-05
22,40,-0.155625,0.253125,2.343750000000004e-05
22,41,-0.155625,0.25937499999999997,2.3437499999999936e-05
22,42,-0.155625,0.265625,2.3437500000000146e-05
22,43,-0.155625,0.271875,2.3437499999999936e-05
22,44,-0.155625,0.27812499999999996,2.3437500000000146e-05
22,45,-0.155625,0.284375,2.3437499999999936e-05
22,46,-0.155625,0.29062499999999997,2.3437499999999936e-05
22,47,-0.155625,0.296875,2.3437500000000146e-05
22,48,-0.155625,0.303125,2.3437499999999936e-05
22,49,-0.155625,0.30937499999999996,2.3437500000000146e-05
22,50,-0.155625,0.315625,2.3437499999999936e-05
22,51,-0.155625,0.32187499999999997,2.3437499999999936e-05
22,52,-0.155625,0.328125,2.3437500000000146e-05
22,53,-0.155625,0.334375,2.3437499999999936e-05
22,54,-0.155625,0.34062499999999996,2.3437499999999936e-05
22,55,-0.155625,0.34687499999999993,2.3437500000000146e-05
22,56,-0.155625,0.35312499999999997,2.3437499999999936e-05
22,57,-0.155625,0.359375,2.3437500000000146e-05
22,58,-0.155625,0.365625,2.3437499999999936e-05
22,59,-0.155625,0.37187499999999996,2.3437499999999936e-05
22,60,-0.155625,0.37812499999999993,2.3437500000000146e-05
22,61,-0.155625,0.38437499999999997,2.3437499999999936e-05
22,62,-0.155625,0.390625,2.3437500000000146e-05
22,63,-0.155625,0.396875,2.3437499999999936e-05
22,64,-0.155625,0.40312499999999996,2.3437499999999936e-05
22,65,-0.155625,0.40937499999999993,2.3437500000000146e-05
22,66,-0.155625,0.41562499999999997,2.3437499999999936e-05
22,67,-0.155625,0.421875,2.3437500000000146e-05
22,68,-0.155625,0.428125,2.3437499999999936e-05
22,69,-0.155625,0.43437499999999996,2.3437499999999936e-05
22,70,-0.155625,0.44062499999999993,2.3437500000000146e-05
22,71,-0.155625,0.44687499999999997,2.3437499999999936e-05
22,72,-0.155625,0.453125,2.3437500000000146e-05
22,73,-0.155625,0.459375,2.3437499999999936e-05
22,74,-0.155625,0.46562499999999996,2.3437499999999936e-05
22,75,-0.155625,0.47187499999999993,2.3437500000000146e-05
22,76,-0.155625,0.47812499999999997,2.3437499999999936e-05
22,77,-0.155625,0.48437499999999994,2.3437499999999936e-05
22,78,-0.155625,0.490625,2.3437500000000146e-05
22,79,-0.155625,0.49687499999999996,2.3437499999999936e-05
22,80,-0.155625,0.5031249999999999,2.3437500000000146e-05
22,81,-0.155625,0.5093749999999999,2.3437499999999936e-05
22,82,-0.155625,0.515625,2.3437499999999936e-05
22,83,-0.155625,0.5218749999999999,2.3437499999999936e-05
22,84,-0.155625,0.528125,2.3437500000000353e-05
22,85,-0.155625,0.534375,2.3437499999999936e-05
22,86,-0.155625,0.5406249999999999,2.3437499999999936e-05
22,87,-0.155625,0.546875,2.3437499999999936e-05
22,88,-0.155625,0.5531249999999999,2.3437499999999936e-05
22,89,-0.155625,0.559375,2.3437500000000353e-05
22,90,-0.155625,0.565625,2.3437499999999936e-05
22,91,-0.155625,0.5718749999999999,2.3437499999999936e-05
22,92,-0.155625,0.578125,2.3437499999999936e-05
22,93,-0.155625,0.5843749999999999,2.3437499999999936e-05
22,94,-0.155625,0.590625,2.3437500000000353e-05
22,95,-0.155625,0.596875,2.3437499999999936e-05
23,0,-0.15187499999999998,0.0031249999999999997,2.3437500000000017e-05
23,1,-0.15187499999999998,0.009375,2.3437500000000017e-05
23,2,-0.15187499999999998,0.015625,2.343750000000002e-05
23,3,-0.15187499999999998,0.021875,2.3437500000000014e-05
23,4,-0.15187499999999998,0.028124999999999997,2.3437500000000014e-05
23,5,-0.15187499999999998,0.034374999999999996,2.3437500000000028e-05
23,6,-0.15187499999999998,0.040624999999999994,2.3437500000000014e-05
23,7,-0.15187499999999998,0.046875,2.3437500000000014e-05
23,8,-0.15187499999999998,0.05312499999999999,2.3437500000000014e-05
23,9,-0.15187499999999998,0.059375,2.3437500000000014e-05
23,10,-0.15187499999999998,0.06562499999999999,2.3437500000000014e-05
23,11,-0.15187499999999998,0.071875,2.343750000000004e-05
23,12,-0.15187499999999998,0.078125,2.343749999999999e-05
23,13,-0.15187499999999998,0.08437499999999999,2.343750000000004e-05
23,14,-0.15187499999999998,0.09062499999999998,2.343749999999999e-05
23,15,-0.15187499999999998,0.09687499999999999,2.343750000000004e-05
23,16,-0.15187499999999998,0.103125,2.343750000000004e-05
23,17,-0.15187499999999998,0.109375,2.343749999999999e-05
23,18,-0.15187499999999998,0.11562499999999999,2.343750000000004e-05
23,19,-0.15187499999999998,0.12187499999999998,2.343749999999999e-05
23,20,-0.15187499999999998,0.128125,2.343749999999999e-05
23,21,-0.15187499999999998,0.13437499999999997,2.343750000000004e-05
23,22,-0.15187499999999998,0.140625,2.343750000000004e-05
23,23,-0.15187499999999998,0.14687499999999998,2.343750000000004e-05
23,24,-0.15187499999999998,0.153125,2.343750000000004e-05
23,25,-0.15187499999999998,0.159375,2.3437499999999936e-05
23,26,-0.15187499999999998,0.16562499999999997,2.343750000000004e-05
23,27,-0.15187499999999998,0.171875,2.343750000000004e-05
23,28,-0.15187499999999998,0.17812499999999998,2.343750000000004e-05
23,29,-0.15187499999999998,0.18437499999999998,2.3437499999999936e-05
23,30,-0.15187499999999998,0.190625,2.343750000000004e-05
23,31,-0.15187499999999998,0.19687499999999997,2.343750000000004e-05
23,32,-0.15187499999999998,0.203125,2.343750000000004e-05
23,33,-0.15187499999999998,0.20937499999999998,2.343750000000004e-05
23,34,-0.15187499999999998,0.21562499999999998,2.3437499999999936e-05
23,35,-0.15187499999999998,0.221875,2.343750000000004e-05
23,36,-0.15187499999999998,0.22812499999999997,2.343750000000004e-05
23,37,-0.15187499999999998,0.234375,2.343750000000004e-05
23,38,-0.15187499999999998,0.24062499999999998,2.3437499999999936e-05
23,39,-0.15187499999999998,0.24687499999999996,2.343750000000004e-05
23,40,-0.15187499999999998,0.253125,2.343750000000004e-05
23,41,-0.15187499999999998,0.25937499999999997,2.3437499999999936e-05
23,42,-0.15187499999999998,0.265625,2.3437500000000146e-05
23,43,-0.15187499999999998,0.271875,2.3437499999999936e-05
23,44,-0.15187499999999998,0.27812499999999996,2.3437500000000146e-05
23,45,-0.15187499999999998,0.284375,2.3437499999999936e-05
23,46,-0.15187499999999998,0.29062499999999997,2.3437499999999936e-05
23,47,-0.15187499999999998,0.296875,2.3437500000000146e-05
23,48,-0.15187499999999998,0.303125,2.3437499999999936e-05
23,49,-0.15187499999999998,0.30937499999999996,2.3437500000000146e-05
23,50,-0.15187499999999998,0.315625,2.3437499999999936e-05
23,51,-0.15187499999999998,0.32187499999999997,2.3437499999999936e-05
23,52,-0.15187499999999998,0.328125,2.3437500000000146e-05
23,53,-0.15187499999999998,0.334375,2.3437499999999936e-05
23,54,-0.15187499999999998,0.34062499999999996,2.3437499999999936e-05
23,55,-0.15187499999999998,0.34687499999999993,2.3437500000000146e-05
23,56,-0.15187499999999998,0.35312499999999997,2.3437499999999936e-05
23,57,-0.15187499999999998,0.359375,2.3437500000000146e-05
23,58,-0.15187499999999998,0.365625,2.3437499999999936e-05
23,59,-0.15187499999999998,0.37187499999999996,2.3437499999999936e-05
23,60,-0.15187499999999998,0.37812499999999993,2.3437500000000146e-05
23,61,-0.15187499999999998,0.38437499999999997,2.3437499999999936e-05
23,62,-0.15187499999999998,0.390625,2.3437500000000146e-05
23,63,-0.15187499999999998,0.396875,2.3437499999999936e-05
23,64,-0.15187499999999998,0.40312499999999996,2.3437499999999936e-05
23,65,-0.15187499999999998,0.40937499999999993,2.3437500000000146e-05
23,66,-0.15187499999999998,0.41562499999999997,2.3437499999999936e-05
23,67,-0.15187499999999998,0.421875,2.3437500000000146e-05
23,68,-0.15187499999999998,0.428125,2.3437499999999936e-05
23,69,-0.15187499999999998,0.43437499999999996,2.3437499999999936e-05
23,70,-0.15187499999999998,0.44062499999999993,2.3437500000000146e-05
23,71,-0.15187499999999998,0.44687499999999997,2.3437499999999936e-05
23,72,-0.15187499999999998,0.453125,2.3437500000000146e-05
23,73,-0.15187499999999998,0.459375,2.3437499999999936e-05
23,74,-0.15187499999999998,0.46562499999999996,2.3437499999999936e-05
23,75,-0.15187499999999998,0.47187499999999993,2.3437500000000146e-05
23,76,-0.15187499999999998,0.47812499999999997,2.3437499999999936e-05
23,77,-0.15187499999999998,0.48437499999999994,2.3437499999999936e-05
23,78,-0.15187499999999998,0.490625,2.3437500000000146e-05
23,79,-0.15187499999999998,0.49687499999999996,2.3437499999999936e-05
23,80,-0.15187499999999998,0.5031249999999999,2.3437500000000146e-05
23,81,-0.15187499999999998,0.5093749999999999,2.3437499999999936e-05
23,82,-0.15187499999999998,0.515625,2.3437499999999936e-05
23,83,-0.15187499999999998,0.5218749999999999,2.3437499999999936e-05
23,84,-0.15187499999999998,0.528125,2.3437500000000353e-05
23,85,-0.15187499999999998,0.534375,2.3437499999999936e-05
23,86,-0.15187499999999998,0.5406249999999999,2.3437499999999936e-05
23,87,-0.15187499999999998,0.546875,2.3437499999999936e-05
23,88,-0.15187499999999998,0.5531249999999999,2.3437499999999936e-05
23,89,-0.15187499999999998,0.559375,2.3437500000000353e-05
23,90,-0.15187499999999998,0.565625,2.3437499999999936e-05
23,91,-0.15187499999999998,0.5718749999999999,2.3437499999999936e-05
23,92,-0.15187499999999998,0.578125,2.3437499999999936e-05
23,93,-0.15187499999999998,0.5843749999999999,2.3437499999999936e-05
23,94,-0.15187499999999998,0.590625,2.3437500000000353e-05
23,95,-0.15187499999999998,0.596875,2.3437499999999936e-05
24,0,-0.148125,0.0031249999999999997,2.3437500000000017e-05
24,1,-0.148125,0.009375,2.3437500000000017e-05
24,2,-0.148125,0.015625,2.343750000000002e-05
24,3,-0.148125,0.021875,2.3437500000000014e-05
24,4,-0.148125,0.028124999999999997,2.3437500000000014e-05
24,5,-0.148125,0.034374999999999996,2.3437500000000028e-05
24,6,-0.148125,0.040624999999999994,2.3437500000000014e-05
24,7,-0.148125,0.046875,2.3437500000000014e-05
24,8,-0.148125,0.05312499999999999,2.3437500000000014e-05
24,9,-0.148125,0.059375,2.3437500000000014e-05
24,10,-0.148125,0.06562499999999999,2.3437500000000014e-05
24,11,-0.148125,0.071875,2.343750000000004e-05
24,12,-0.148125,0.078125,2.343749999999999e-05
24,13,-0.148125,0.08437499999999999,2.343750000000004e-05
24,14,-0.148125,0.09062499999999998,2.343749999999999e-05
24,15,-0.148125,0.09687499999999999,2.343750000000004e-05
24,16,-0.148125,0.103125,2.343750000000004e-05
24,17,-0.148125,0.109375,2.343749999999999e-05
24,18,-0.148125,0.11562499999999999,2.343750000000004e-05
24,19,-0.148125,0.12187499999999998,2.343749999999999e-05
24,20,-0.148125,0.128125,2.343749999999999e-05
24,21,-0.148125,0.13437499999999997,2.343750000000004e-05
24,22,-0.148125,0.140625,2.343750000000004e-05
24,23,-0.148125,0.14687499999999998,2.343750000000004e-05
24,24,-0.148125,0.153125,2.343750000000004e-05
24,25,-0.148125,0.159375,2.3437499999999936e-05
24,26,-0.148125,0.16562499999999997,2.343750000000004e-05
24,27,-0.148125,0.171875,2.343750000000004e-05
24,28,-0.148125,0.17812499999999998,2.343750000000004e-05
24,29,-0.148125,0.18437499999999998,2.3437499999999936e-05
24,30,-0.148125,0.190625,2.343750000000004e-05
24,31,-0.148125,0.19687499999999997,2.343750000000004e-05
24,32,-0.148125,0.203125,2.343750000000004e-05
24,33,-0.148125,0.20937499999999998,2.343750000000004e-05
24,34,-0.148125,0.21562499999999998,2.3437499999999936e-05
24,35,-0.148125,0.221875,2.343750000000004e-05
24,36,-0.148125,0.22812499999999997,2.343750000000004e-05
24,37,-0.148125,0.234375,2.343750000000004e-05
24,38,-0.148125,0.24062499999999998,2.3437499999999936e-05
24,39,-0.148125,0.24687499999999996,2.343750000000004e-05
24,40,-0.148125,0.253125,2.343750000000004e-05
24,41,-0.148125,0.25937499999999997,2.3437499999999936e-05
24,42,-0.148125,0.265625,2.3437500000000146e-05
24,43,-0.148125,0.271875,2.3437499999999936e-05
24,44,-0.148125,0.27812499999999996,2.3437500000000146e-05
24,45,-0.148125,0.284375,2.3437499999999936e-05
24,46,-0.148125,0.29062499999999997,2.3437499999999936e-05
24,47,-0.148125,0.296875,2.3437500000000146e-05
24,48,-0.148125,0.303125,2.3437499999999936e-05
24,49,-0.148125,0.30937499999999996,2.3437500000000146e-05
24,50,-0.148125,0.315625,2.3437499999999936e-05
24,51,-0.148125,0.32187499999999997,2.3437499999999936e-05
24,52,-0.148125,0.328125,2.3437500000000146e-05
24,53,-0.148125,0.334375,2.3437499999999936e-05
24,54,-0.148125,0.34062499999999996,2.3437499999999936e-05
24,55,-0.148125,0.34687499999999993,2.3437500000000146e-05
24,56,-0.148125,0.35312499999999997,2.3437499999999936e-05
24,57,-0.148125,0.359375,2.3437500000000146e-05
24,58,-0.148125,0.365625,2.3437499999999936e-05
24,59,-0.148125,0.37187499999999996,2.3437499999999936e-05
24,60,-0.148125,0.37812499999999993,2.3437500000000146e-05
24,61,-0.148125,0.38437499999999997,2.3437499999999936e-05
24,62,-0.148125,0.390625,2.3437500000000146e-05
24,63,-0.148125,0.396875,2.3437499999999936e-05
24,64,-0.148125,0.40312499999999996,2.3437499999999936e-05
24,65,-0.148125,0.40937499999999993,2.3437500000000146e-05
24,66,-0.148125,0.41562499999999997,2.3437499999999936e-05
24,67,-0.148125,0.421875,2.3437500000000146e-05
24,68,-0.148125,0.428125,2.3437499999999936e-05
24,69,-0.148125,0.43437499999999996,2.3437499999999936e-05
24,70,-0.148125,0.44062499999999993,2.3437500000000146e-05
24,71,-0.148125,0.44687499999999997,2.3437499999999936e-05
24,72,-0.148125,0.453125,2.3437500000000146e-05
24,73,-0.148125,0.459375,2.3437499999999936e-05
24,74,-0.148125,0.46562499999999996,2.3437499999999936e-05
24,75,-0.148125,0.47187499999999993,2.3437500000000146e-05
24,76,-0.148125,0.47812499999999997,2.3437499999999936e-05
24,77,-0.148125,0.48437499999999994,2.3437499999999936e-05
24,78,-0.148125,0.490625,2.3437500000000146e-05
24,79,-0.148125,0.49687499999999996,2.3437499999999936e-05
24,80,-0.148125,0.5031249999999999,2.3437500000000146e-05
24,81,-0.148125,0.5093749999999999,2.3437499999999936e-05
24,82,-0.148125,0.515625,2.3437499999999936e-05
24,83,-0.148125,0.5218749999999999,2.3437499999999936e-05
24,84,-0.148125,0.528125,2.3437500000000353e-05
24,85,-0.148125,0.534375,2.3437499999999936e-05
24,86,-0.148125,0.5406249999999999,2.3437499999999936e-05
24,87,-0.148125,0.546875,2.3437499999999936e-05
24,88,-0.148125,0.5531249999999999,2.3437499999999936e-05
24,89,-0.148125,0.559375,2.3437500000000353e-05
24,90,-0.148125,0.565625,2.3437499999999936e-05
24,91,-0.148125,0.5718749999999999,2.3437499999999936e-05
24,92,-0.148125,0.578125,2.3437499999999936e-05
24,93,-0.148125,0.5843749999999999,2.3437499999999936e-05
24,94,-0.148125,0.590625,2.3437500000000353e-05
24,95,-0.148125,0.596875,2.3437499999999936e-05
25,0,-0.14437499999999998,0.0031249999999999997,2.3437500000000017e-05
25,1,-0.14437499999999998,0.009375,2.3437500000000017e-05
25,2,-0.14437499999999998,0.015625,2.343750000000002e-05
25,3,-0.14437499999999998,0.021875,2.3437500000000014e-05
25,4,-0.14437499999999998,0.028124999999999997,2.3437500000000014e-05
25,5,-0.14437499999999998,0.034374999999999996,2.3437500000000028e-05
25,6,-0.14437499999999998,0.040624999999999994,2.3437500000000014e-05
25,7,-0.14437499999999998,0.046875,2.3437500000000014e-05
25,8,-0.14437499999999998,0.05312499999999999,2.3437500000000014e-05
25,9,-0.14437499999999998,0.059375,2.3437500000000014e-05
25,10,-0.14437499999999998,0.06562499999999999,2.3437500000000014e-05
25,11,-0.14437499999999998,0.071875,2.343750000000004e-05
25,12,-0.14437499999999998,0.078125,2.343749999999999e-05
25,13,-0.14437499999999998,0.08437499999999999,2.343750000000004e-05
25,14,-0.14437499999999998,0.09062499999999998,2.343749999999999e-05
25,15,-0.14437499999999998,0.09687499999999999,2.343750000000004e-05
25,16,-0.14437499999999998,0.103125,2.343750000000004e-05
25,17,-0.14437499999999998,0.109375,2.343749999999999e-05
25,18,-0.14437499999999998,0.11562499999999999,2.343750000000004e-05
25,19,-0.14437499999999998,0.12187499999999998,2.343749999999999e-05
25,20,-0.14437499999999998,0.128125,2.343749999999999e-05
25,21,-0.14437499999999998,0.13437499999999997,2.343750000000004e-05
25,22,-0.14437499999999998,0.140625,2.343750000000004e-05
25,23,-0.14437499999999998,0.14687499999999998,2.343750000000004e-05
25,24,-0.14437499999999998,0.153125,2.343750000000004e-05
25,25,-0.14437499999999998,0.159375,2.3437499999999936e-05
25,26,-0.14437499999999998,0.16562499999999997,2.343750000000004e-05
25,27,-0.14437499999999998,0.171875,2.343750000000004e-05
25,28,-0.14437499999999998,0.17812499999999998,2.343750000000004e-05
25,29,-0.14437499999999998,0.18437499999999998,2.3437499999999936e-05
25,30,-0.14437499999999998,0.190625,2.343750000000004e-05
25,31,-0.14437499999999998,0.19687499999999997,2.343750000000004e-05
25,32,-0.14437499999999998,0.203125,2.343750000000004e-05
25,33,-0.14437499999999998,0.20937499999999998,2.343750000000004e-05
25,34,-0.14437499999999998,0.21562499999999998,2.3437499999999936e-05
25,35,-0.14437499999999998,0.221875,2.343750000000004e-05
25,36,-0.14437499999999998,0.22812499999999997,2.343750000000004e-05
25,37,-0.14437499999999998,0.234375,2.343750000000004e-05
25,38,-0.14437499999999998,0.24062499999999998,2.3437499999999936e-05
25,39,-0.14437499999999998,0.24687499999999996,2.343750000000004e-05
25,40,-0.14437499999999998,0.253125,2.343750000000004e-05
25,41,-0.14437499999999998,0.25937499999999997,2.3437499999999936e-05
25,42,-0.14437499999999998,0.265625,2.3437500000000146e-05
25,43,-0.14437499999999998,0.271875,2.3437499999999936e-05
25,44,-0.14437499999999998,0.27812499999999996,2.3437500000000146e-05
25,45,-0.14437499999999998,0.284375,2.3437499999999936e-05
25,46,-0.14437499999999998,0.29062499999999997,2.3437499999999936e-05
25,47,-0.14437499999999998,0.296875,2.3437500000000146e-05
25,48,-0.14437499999999998,0.303125,2.3437499999999936e-05
25,49,-0.14437499999999998,0.30937499999999996,2.3437500000000146e-05
25,50,-0.14437499999999998,0.315625,2.3437499999999936e-05
25,51,-0.14437499999999998,0.32187499999999997,2.3437499999999936e-05
25,52,-0.14437499999999998,0.328125,2.3437500000000146e-05
25,53,-0.14437499999999998,0.334375,2.3437499999999936e-05
25,54,-0.14437499999999998,0.34062499999999996,2.3437499999999936e-05
25,55,-0.14437499999999998,0.34687499999999993,2.3437500000000146e-05
25,56,-0.14437499999999998,0.35312499999999997,2.3437499999999936e-05
25,57,-0.14437499999999998,0.359375,2.3437500000000146e-05
25,58,-0.14437499999999998,0.365625,2.3437499999999936e-05
25,59,-0.14437499999999998,0.37187499999999996,2.3437499999999936e-05
25,60,-0.14437499999999998,0.37812499999999993,2.3437500000000146e-05
25,61,-0.14437499999999998,0.38437499999999997,2.3437499999999936e-05
25,62,-0.14437499999999998,0.390625,2.3437500000000146e-05
25,63,-0.14437499999999998,0.396875,2.3437499999999936e-05
25,64,-0.14437499999999998,0.40312499999999996,2.3437499999999936e-05
25,65,-0.14437499999999998,0.40937499999999993,2.3437500000000146e-05
25,66,-0.14437499999999998,0.41562499999999997,2.3437499999999936e-05
25,67,-0.14437499999999998,0.421875,2.3437500000000146e-05
25,68,-0.14437499999999998,0.428125,2.3437499999999936e-05
25,69,-0.14437499999999998,0.43437499999999996,2.3437499999999936e-05
25,70,-0.14437499999999998,0.44062499999999993,2.3437500000000146e-05
25,71,-0.14437499999999998,0.44687499999999997,2.3437499999999936e-05
25,72,-0.14437499999999998,0.453125,2.3437500000000146e-05
25,73,-0.14437499999999998,0.459375,2.3437499999999936e-05
25,74,-0.14437499999999998,0.46562499999999996,2.3437499999999936e-05
25,75,-0.14437499999999998,0.47187499999999993,2.3437500000000146e-05
25,76,-0.14437499999999998,0.47812499999999997,2.3437499999999936e-05
25,77,-0.14437499999999998,0.48437499999999994,2.3437499999999936e-05
25,78,-0.14437499999999998,0.490625,2.3437500000000146e-05
25,79,-0.14437499999999998,0.49687499999999996,2.3437499999999936e-05
25,80,-0.14437499999999998,0.5031249999999999,2.3437500000000146e-05
25,81,-0.14437499999999998,0.5093749999999999,2.3437499999999936e-05
25,82,-0.14437499999999998,0.515625,2.3437499999999936e-05
25,83,-0.14437499999999998,0.5218749999999999,2.3437499999999936e-05
25,84,-0.14437499999999998,0.528125,2.3437500000000353e-05
25,85,-0.14437499999999998,0.534375,2.3437499999999936e-05
25,86,-0.14437499999999998,0.5406249999999999,2.3437499999999936e-05
25,87,-0.14437499999999998,0.546875,2.3437499999999936e-05
25,88,-0.14437499999999998,0.5531249999999999,2.3437499999999936e-05
25,89,-0.14437499999999998,0.559375,2.3437500000000353e-05
25,90,-0.14437499999999998,0.565625,2.3437499999999936e-05
25,91,-0.14437499999999998,0.5718749999999999,2.3437499999999936e-05
25,92,-0.14437499999999998,0.578125,2.3437499999999936e-05
25,93,-0.14437499999999998,0.5843749999999999,2.3437499999999936e-05
25,94,-0.14437499999999998,0.590625,2.3437500000000353e-05
25,95,-0.14437499999999998,0.596875,2.3437499999999936e-05
26,0,-0.140625,0.0031249999999999997,2.3437500000000017e-05
26,1,-0.140625,0.009375,2.3437500000000017e-05
26,2,-0.140625,0.015625,2.343750000000002e-05
26,3,-0.140625,0.021875,2.3437500000000014e-05
26,4,-0.140625,0.028124999999999997,2.3437500000000014e-05
26,5,-0.140625,0.034374999999999996,2.3437500000000028e-05
26,6,-0.140625,0.040624999999999994,2.3437500000000014e-05
26,7,-0.140625,0.046875,2.3437500000000014e-05
26,8,-0.140625,0.05312499999999999,2.3437500000000014e-05
26,9,-0.140625,0.059375,2.3437500000000014e-05
26,10,-0.140625,0.06562499999999999,2.3437500000000014e-05
26,11,-0.140625,0.071875,2.343750000000004e-05
26,12,-0.140625,0.078125,2.343749999999999e-05
26,13,-0.140625,0.08437499999999999,2.343750000000004e-05
26,14,-0.140625,0.09062499999999998,2.343749999999999e-05
26,15,-0.140625,0.09687499999999999,2.343750000000004e-05
26,16,-0.140625,0.103125,2.343750000000004e-05
26,17,-0.140625,0.109375,2.343749999999999e-05
26,18,-0.140625,0.11562499999999999,2.343750000000004e-05
26,19,-0.140625,0.12187499999999998,2.343749999999999e-05
26,20,-0.140625,0.128125,2.343749999999999e-05
26,21,-0.140625,0.13437499999999997,2.343750000000004e-05
26,22,-0.140625,0.140625,2.343750000000004e-05
26,23,-0.140625,0.14687499999999998,2.343750000000004e-05
26,24,-0.140625,0.153125,2.343750000000004e-05
26,25,-0.140625,0.159375,2.3437499999999936e-05
26,26,-0.140625,0.16562499999999997,2.343750000000004e-05
26,27,-0.140625,0.171875,2.343750000000004e-05
26,28,-0.140625,0.17812499999999998,2.343750000000004e-05
26,29,-0.140625,0.18437499999999998,2.3437499999999936e-05
26,30,-0.140625,0.190625,2.343750000000004e-05
26,31,-0.140625,0.19687499999999997,2.343750000000004e-05
26,32,-0.140625,0.203125,2.343750000000004e-05
26,33,-0.140625,0.20937499999999998,2.343750000000004e-05
26,34,-0.140625,0.21562499999999998,2.3437499999999936e-05
26,35,-0.140625,0.221875,2.343750000000004e-05
26,36,-0.140625,0.22812499999999997,2.343750000000004e-05
26,37,-0.140625,0.234375,2.343750000000004e-05
26,38,-0.140625,0.24062499999999998,2.3437499999999936e-05
26,39,-0.140625,0.24687499999999996,2.343750000000004e-05
26,40,-0.140625,0.253125,2.343750000000004e-05
26,41,-0.140625,0.25937499999999997,2.3437499999999936e-05
26,42,-0.140625,0.265625,2.3437500000000146e-05
26,43,-0.140625,0.271875,2.3437499999999936e-05
26,44,-0.140625,0.27812499999999996,2.3437500000000146e-05
26,45,-0.140625,0.284375,2.3437499999999936e-05
26,46,-0.140625,0.29062499999999997,2.3437499999999936e-05
26,47,-0.140625,0.296875,2.3437500000000146e-05
26,48,-0.140625,0.303125,2.3437499999999936e-05
26,49,-0.140625,0.30937499999999996,2.3437500000000146e-05
26,50,-0.140625,0.315625,2.3437499999999936e-05
26,51,-0.140625,0.32187499999999997,2.3437499999999936e-05
26,52,-0.140625,0.328125,2.3437500000000146e-05
26,53,-0.140625,0.334375,2.3437499999999936e-05
26,54,-0.140625,0.34062499999999996,2.3437499999999936e-05
26,55,-0.140625,0.34687499999999993,2.3437500000000146e-05
26,56,-0.140625,0.35312499999999997,2.3437499999999936e-05
26,57,-0.140625,0.359375,2.3437500000000146e-05
26,58,-0.140625,0.365625,2.3437499999999936e-05
26,59,-0.140625,0.37187499999999996,2.3437499999999936e-05
26,60,-0.140625,0.37812499999999993,2.3437500000000146e-05
26,61,-0.140625,0.38437499999999997,2.3437499999999936e-05
26,62,-0.140625,0.390625,2.3437500000000146e-05
26,63,-0.140625,0.396875,2.3437499999999936e-05
26,64,-0.140625,0.40312499999999996,2.3437499999999936e-05
26,65,-0.140625,0.40937499999999993,2.3437500000000146e-05
26,66,-0.140625,0.41562499999999997,2.3437499999999936e-05
26,67,-0.140625,0.421875,2.3437500000000146e-05
26,68,-0.140625,0.428125,2.3437499999999936e-05
26,69,-0.140625,0.43437499999999996,2.3437499999999936e-05
26,70,-0.140625,0.44062499999999993,2.3437500000000146e-05
26,71,-0.140625,0.44687499999999997,2.3437499999999936e-05
26,72,-0.140625,0.453125,2.3437500000000146e-05
26,73,-0.140625,0.459375,2.3437499999999936e-05
26,74,-0.140625,0.46562499999999996,2.3437499999999936e-05
26,75,-0.140625,0.47187499999999993,2.3437500000000146e-05
26,76,-0.140625,0.47812499999999997,2.3437499999999936e-05
26,77,-0.140625,0.48437499999999994,2.3437499999999936e-05
26,78,-0.140625,0.490625,2.3437500000000146e-05
26,79,-0.140625,0.49687499999999996,2.3437499999999936e-05
26,80,-0.140625,0.5031249999999999,2.3437500000000146e-05
26,81,-0.140625,0.5093749999999999,2.3437499999999936e-05
26,82,-0.140625,0.515625,2.3437499999999936e-05
26,83,-0.140625,0.5218749999999999,2.3437499999999936e-05
26,84,-0.140625,0.528125,2.3437500000000353e-05
26,85,-0.140625,0.534375,2.3437499999999936e-05
26,86,-0.140625,0.5406249999999999,2.3437499999999936e-05
26,87,-0.140625,0.546875,2.3437499999999936e-05
26,88,-0.140625,0.5531249999999999,2.3437499999999936e-05
26,89,-0.140625,0.559375,2.3437500000000353e-05
26,90,-0.140625,0.565625,2.3437499999999936e-05
26,91,-0.140625,0.5718749999999999,2.3437499999999936e-05
26,92,-0.140625,0.578125,2.3437499999999936e-05
26,93,-0.140625,0.5843749999999999,2.3437499999999936e-05
26,94,-0.140625,0.590625,2.3437500000000353e-05
26,95,-0.140625,0.596875,2.3437499999999936e-05
27,0,-0.136875,0.0031249999999999997,2.3437499999999845e-05
27,1,-0.136875,0.009375,2.3437499999999845e-05
27,2,-0.136875,0.015625,2.3437499999999848e-05
27,3,-0.136875,0.021875,2.343749999999984e-05
27,4,-0.136875,0.028124999999999997,2.343749999999984e-05
27,5,-0.136875,0.034374999999999996,2.3437499999999855e-05
27,6,-0.136875,0.040624999999999994,2.343749999999984e-05
27,7,-0.136875,0.046875,2.343749999999984e-05
27,8,-0.136875,0.05312499999999999,2.343749999999984e-05
27,9,-0.136875,0.059375,2.343749999999984e-05
27,10,-0.136875,0.06562499999999999,2.343749999999984e-05
27,11,-0.136875,0.071875,2.343749999999987e-05
27,12,-0.136875,0.078125,2.3437499999999818e-05
27,13,-0.136875,0.08437499999999999,2.343749999999987e-05
27,14,-0.136875,0.09062499999999998,2.3437499999999818e-05
27,15,-0.136875,0.09687499999999999,2.343749999999987e-05
27,16,-0.136875,0.103125,2.343749999999987e-05
27,17,-0.136875,0.109375,2.3437499999999818e-05
27,18,-0.136875,0.11562499999999999,2.343749999999987e-05
27,19,-0.136875,0.12187499999999998,2.3437499999999818e-05
27,20,-0.136875,0.128125,2.3437499999999818e-05
27,21,-0.136875,0.13437499999999997,2.343749999999987e-05
27,22,-0.136875,0.140625,2.343749999999987e-05
27,23,-0.136875,0.14687499999999998,2.343749999999987e-05
27,24,-0.136875,0.153125,2.343749999999987e-05
27,25,-0.136875,0.159375,2.3437499999999763e-05
27,26,-0.136875,0.16562499999999997,2.343749999999987e-05
27,27,-0.136875,0.171875,2.343749999999987e-05
27,28,-0.136875,0.17812499999999998,2.343749999999987e-05
27,29,-0.136875,0.18437499999999998,2.3437499999999763e-05
27,30,-0.136875,0.190625,2.343749999999987e-05
27,31,-0.136875,0.19687499999999997,2.343749999999987e-05
27,32,-0.136875,0.203125,2.343749999999987e-05
27,33,-0.136875,0.20937499999999998,2.343749999999987e-05
27,34,-0.136875,0.21562499999999998,2.3437499999999763e-05
27,35,-0.136875,0.221875,2.343749999999987e-05
27,36,-0.136875,0.22812499999999997,2.343749999999987e-05
27,37,-0.136875,0.234375,2.343749999999987e-05
27,38,-0.136875,0.24062499999999998,2.3437499999999763e-05
27,39,-0.136875,0.24687499999999996,2.343749999999987e-05
27,40,-0.136875,0.253125,2.343749999999987e-05
27,41,-0.136875,0.25937499999999997,2.3437499999999763e-05
27,42,-0.136875,0.265625,2.3437499999999973e-05
27,43,-0.136875,0.271875,2.3437499999999763e-05
27,44,-0.136875,0.27812499999999996,2.3437499999999973e-05
27,45,-0.136875,0.284375,2.3437499999999763e-05
27,46,-0.136875,0.29062499999999997,2.3437499999999763e-05
27,47,-0.136875,0.296875,2.3437499999999973e-05
27,48,-0.136875,0.303125,2.3437499999999763e-05
27,49,-0.136875,0.30937499999999996,2.3437499999999973e-05
27,50,-0.136875,0.315625,2.3437499999999763e-05
27,51,-0.136875,0.32187499999999997,2.3437499999999763e-05
27,52,-0.136875,0.328125,2.3437499999999973e-05
27,53,-0.136875,0.334375,2.3437499999999763e-05
27,54,-0.136875,0.34062499999999996,2.3437499999999763e-05
27,55,-0.136875,0.34687499999999993,2.3437499999999973e-05
27,56,-0.136875,0.35312499999999997,2.3437499999999763e-05
27,57,-0.136875,0.359375,2.3437499999999973e-05
27,58,-0.136875,0.365625,2.3437499999999763e-05
27,59,-0.136875,0.37187499999999996,2.3437499999999763e-05
27,60,-0.136875,0.37812499999999993,2.3437499999999973e-05
27,61,-0.136875,0.38437499999999997,2.3437499999999763e-05
27,62,-0.136875,0.390625,2.3437499999999973e-05
27,63,-0.136875,0.396875,2.3437499999999763e-05
27,64,-0.136875,0.40312499999999996,2.3437499999999763e-05
27,65,-0.136875,0.40937499999999993,2.3437499999999973e-05
27,66,-0.136875,0.41562499999999997,2.3437499999999763e-05
27,67,-0.136875,0.421875,2.3437499999999973e-05
27,68,-0.136875,0.428125,2.3437499999999763e-05
27,69,-0.136875,0.43437499999999996,2.3437499999999763e-05
27,70,-0.136875,0.44062499999999993,2.3437499999999973e-05
27,71,-0.136875,0.44687499999999997,2.3437499999999763e-05
27,72,-0.136875,0.453125,2.3437499999999973e-05
27,73,-0.136875,0.459375,2.3437499999999763e-05
27,74,-0.136875,0.46562499999999996,2.3437499999999763e-05
27,75,-0.136875,0.47187499999999993,2.3437499999999973e-05
27,76,-0.136875,0.47812499999999997,2.3437499999999763e-05
27,77,-0.136875,0.48437499999999994,2.3437499999999763e-05
27,78,-0.136875,0.490625,2.3437499999999973e-05
27,79,-0.136875,0.49687499999999996,2.3437499999999763e-05
27,80,-0.136875,0.5031249999999999,2.3437499999999973e-05
27,81,-0.136875,0.5093749999999999,2.3437499999999763e-05
27,82,-0.136875,0.515625,2.3437499999999763e-05
27,83,-0.136875,0.5218749999999999,2.3437499999999763e-05
27,84,-0.136875,0.528125,2.343750000000018e-05
27,85,-0.136875,0.534375,2.3437499999999763e-05
27,86,-0.136875,0.5406249999999999,2.3437499999999763e-05
27,87,-0.136875,0.546875,2.3437499999999763e-05
27,88,-0.136875,0.5531249999999999,2.3437499999999763e-05
27,89,-0.136875,0.559375,2.343750000000018e-05
27,90,-0.136875,0.565625,2.3437499999999763e-05
27,91,-0.136875,0.5718749999999999,2.3437499999999763e-05
27,92,-0.136875,0.578125,2.3437499999999763e-05
27,93,-0.136875,0.5843749999999999,2.3437499999999763e-05
27,94,-0.136875,0.590625,2.343750000000018e-05
27,95,-0.136875,0.596875,2.3437499999999763e-05
28,0,-0.133125,0.0031249999999999997,2.3437500000000194e-05
28,1,-0.133125,0.009375,2.3437500000000194e-05
28,2,-0.133125,0.015625,2.3437500000000197e-05
28,3,-0.133125,0.021875,2.343750000000019e-05
28,4,-0.133125,0.028124999999999997,2.343750000000019e-05
28,5,-0.133125,0.034374999999999996,2.3437500000000204e-05
28,6,-0.133125,0.040624999999999994,2.343750000000019e-05
28,7,-0.133125,0.046875,2.343750000000019e-05
28,8,-0.133125,0.05312499999999999,2.343750000000019e-05
28,9,-0.133125,0.059375,2.343750000000019e-05
28,10,-0.133125,0.06562499999999999,2.343750000000019e-05
28,11,-0.133125,0.071875,2.3437500000000214e-05
28,12,-0.133125,0.078125,2.3437500000000163e-05
28,13,-0.133125,0.08437499999999999,2.3437500000000214e-05
28,14,-0.133125,0.09062499999999998,2.3437500000000163e-05
28,15,-0.133125,0.09687499999999999,2.3437500000000214e-05
28,16,-0.133125,0.103125,2.3437500000000214e-05
28,17,-0.133125,0.109375,2.3437500000000163e-05
28,18,-0.133125,0.11562499999999999,2.3437500000000214e-05
28,19,-0.133125,0.12187499999999998,2.3437500000000163e-05
28,20,-0.133125,0.128125,2.3437500000000163e-05
28,21,-0.133125,0.13437499999999997,2.3437500000000214e-05
28,22,-0.133125,0.140625,2.3437500000000214e-05
28,23,-0.133125,0.14687499999999998,2.3437500000000214e-05
28,24,-0.133125,0.153125,2.3437500000000214e-05
28,25,-0.133125,0.159375,2.3437500000000112e-05
28,26,-0.133125,0.16562499999999997,2.3437500000000214e-05
28,27,-0.133125,0.171875,2.3437500000000214e-05
28,28,-0.133125,0.17812499999999998,2.3437500000000214e-05
28,29,-0.133125,0.18437499999999998,2.3437500000000112e-05
28,30,-0.133125,0.190625,2.3437500000000214e-05
28,31,-0.133125,0.19687499999999997,2.3437500000000214e-05
28,32,-0.133125,0.203125,2.3437500000000214e-05
28,33,-0.133125,0.20937499999999998,2.3437500000000214e-05
28,34,-0.133125,0.21562499999999998,2.3437500000000112e-05
28,35,-0.133125,0.221875,2.3437500000000214e-05
28,36,-0.133125,0.22812499999999997,2.3437500000000214e-05
28,37,-0.133125,0.234375,2.3437500000000214e-05
28,38,-0.133125,0.24062499999999998,2.3437500000000112e-05
28,39,-0.133125,0.24687499999999996,2.3437500000000214e-05
28,40,-0.133125,0.253125,2.3437500000000214e-05
28,41,-0.133125,0.25937499999999997,2.3437500000000112e-05
28,42,-0.133125,0.265625,2.343750000000032e-05
28,43,-0.133125,0.271875,2.3437500000000112e-05
28,44,-0.133125,0.27812499999999996,2.343750000000032e-05
28,45,-0.133125,0.284375,2.3437500000000112e-05
28,46,-0.133125,0.29062499999999997,2.3437500000000112e-05
28,47,-0.133125,0.296875,2.343750000000032e-05
28,48,-0.133125,0.303125,2.3437500000000112e-05
28,49,-0.133125,0.30937499999999996,2.343750000000032e-05
28,50,-0.133125,0.315625,2.3437500000000112e-05
28,51,-0.133125,0.32187499999999997,2.3437500000000112e-05
28,52,-0.133125,0.328125,2.343750000000032e-05
28,53,-0.133125,0.334375,2.3437500000000112e-05
28,54,-0.133125,0.34062499999999996,2.3437500000000112e-05
28,55,-0.133125,0.34687499999999993,2.343750000000032e-05
28,56,-0.133125,0.35312499999999997,2.3437500000000112e-05
28,57,-0.133125,0.359375,2.343750000000032e-05
28,58,-0.133125,0.365625,2.3437500000000112e-05
28,59,-0.133125,0.37187499999999996,2.3437500000000112e-05
28,60,-0.133125,0.37812499999999993,2.343750000000032e-05
28,61,-0.133125,0.38437499999999997,2.3437500000000112e-05
28,62,-0.133125,0.390625,2.343750000000032e-05
28,63,-0.133125,0.396875,2.3437500000000112e-05
28,64,-0.133125,0.40312499999999996,2.3437500000000112e-05
28,65,-0.133125,0.40937499999999993,2.343750000000032e-05
28,66,-0.133125,0.41562499999999997,2.3437500000000112e-05
28,67,-0.133125,0.421875,2.343750000000032e-05
28,68,-0.133125,0.428125,2.3437500000000112e-05
28,69,-0.133125,0.43437499999999996,2.3437500000000112e-05
28,70,-0.133125,0.44062499999999993,2.343750000000032e-05
28,71,-0.133125,0.44687499999999997,2.3437500000000112e-05
28,72,-0.133125,0.453125,2.343750000000032e-05
28,73,-0.133125,0.459375,2.3437500000000112e-05
28,74,-0.133125,0.46562499999999996,2.3437500000000112e-05
28,75,-0.133125,0.47187499999999993,2.343750000000032e-05
28,76,-0.133125,0.47812499999999997,2.3437500000000112e-05
28,77,-0.133125,0.48437499999999994,2.3437500000000112e-05
28,78,-0.133125,0.490625,2.343750000000032e-05
28,79,-0.133125,0.49687499999999996,2.3437500000000112e-05
28,80,-0.133125,0.5031249999999999,2.343750000000032e-05
28,81,-0.133125,0.5093749999999999,2.3437500000000112e-05
28,82,-0.133125,0.515625,2.3437500000000112e-05
28,83,-0.133125,0.5218749999999999,2.3437500000000112e-05
28,84,-0.133125,0.528125,2.343750000000053e-05
28,85,-0.133125,0.534375,2.3437500000000112e-05
28,86,-0.133125,0.5406249999999999,2.3437500000000112e-05
28,87,-0.133125,0.546875,2.3437500000000112e-05
28,88,-0.133125,0.5531249999999999,2.3437500000000112e-05
28,89,-0.133125,0.559375,2.343750000000053e-05
28,90,-0.133125,0.565625,2.3437500000000112e-05
28,91,-0.133125,0.5718749999999999,2.3437500000000112e-05
28,92,-0.133125,0.578125,2.3437500000000112e-05
28,93,-0.133125,0.5843749999999999,2.3437500000000112e-05
28,94,-0.133125,0.590625,2.343750000000053e-05
28,95,-0.133125,0.596875,2.3437500000000112e-05
29,0,-0.129375,0.0031249999999999997,2.3437499999999845e-05
29,1,-0.129375,0.009375,2.3437499999999845e-05
29,2,-0.129375,0.015625,2.3437499999999848e-05
29,3,-0.129375,0.021875,2.343749999999984e-05
29,4,-0.129375,0.028124999999999997,2.343749999999984e-05
29,5,-0.129375,0.034374999999999996,2.3437499999999855e-05
29,6,-0.129375,0.040624999999999994,2.343749999999984e-05
29,7,-0.129375,0.046875,2.343749999999984e-05
29,8,-0.129375,0.05312499999999999,2.343749999999984e-05
29,9,-0.129375,0.059375,2.343749999999984e-05
29,10,-0.129375,0.06562499999999999,2.343749999999984e-05
29,11,-0.129375,0.071875,2.343749999999987e-05
29,12,-0.129375,0.078125,2.3437499999999818e-05
29,13,-0.129375,0.08437499999999999,2.343749999999987e-05
29,14,-0.129375,0.09062499999999998,2.3437499999999818e-05
29,15,-0.129375,0.09687499999999999,2.343749999999987e-05
29,16,-0.129375,0.103125,2.343749999999987e-05
29,17,-0.129375,0.109375,2.3437499999999818e-05
29,18,-0.129375,0.11562499999999999,2.343749999999987e-05
29,19,-0.129375,0.12187499999999998,2.3437499999999818e-05
29,20,-0.129375,0.128125,2.3437499999999818e-05
29,21,-0.129375,0.13437499999999997,2.343749999999987e-05
29,22,-0.129375,0.140625,2.343749999999987e-05
29,23,-0.129375,0.14687499999999998,2.343749999999987e-05
29,24,-0.129375,0.153125,2.343749999999987e-05
29,25,-0.129375,0.159375,2.3437499999999763e-05
29,26,-0.129375,0.16562499999999997,2.343749999999987e-05
29,27,-0.129375,0.171875,2.343749999999987e-05
29,28,-0.129375,0.17812499999999998,2.343749999999987e-05
29,29,-0.129375,0.18437499999999998,2.3437499999999763e-05
29,30,-0.129375,0.190625,2.343749999999987e-05
29,31,-0.129375,0.19687499999999997,2.343749999999987e-05
29,32,-0.129375,0.203125,2.343749999999987e-05
29,33,-0.129375,0.20937499999999998,2.343749999999987e-05
29,34,-0.129375,0.21562499999999998,2.3437499999999763e-05
29,35,-0.129375,0.221875,2.343749999999987e-05
29,36,-0.129375,0.22812499999999997,2.343749999999987e-05
29,37,-0.129375,0.234375,2.343749999999987e-05
29,38,-0.129375,0.24062499999999998,2.3437499999999763e-05
29,39,-0.129375,0.24687499999999996,2.343749999999987e-05
29,40,-0.129375,0.253125,2.343749999999987e-05
29,41,-0.129375,0.25937499999999997,2.3437499999999763e-05
29,42,-0.129375,0.265625,2.3437499999999973e-05
29,43,-0.129375,0.271875,2.3437499999999763e-05
29,44,-0.129375,0.27812499999999996,2.3437499999999973e-05
29,45,-0.129375,0.284375,2.3437499999999763e-05
29,46,-0.129375,0.29062499999999997,2.3437499999999763e-05
29,47,-0.129375,0.296875,2.3437499999999973e-05
29,48,-0.129375,0.303125,2.3437499999999763e-05
29,49,-0.129375,0.30937499999999996,2.3437499999999973e-05
29,50,-0.129375,0.315625,2.3437499999999763e-05
29,51,-0.129375,0.32187499999999997,2.3437499999999763e-05
29,52,-0.129375,0.328125,2.3437499999999973e-05
29,53,-0.129375,0.334375,2.3437499999999763e-05
29,54,-0.129375,0.34062499999999996,2.3437499999999763e-05
29,55,-0.129375,0.34687499999999993,2.3437499999999973e-05
29,56,-0.129375,0.35312499999999997,2.3437499999999763e-05
29,57,-0.129375,0.359375,2.3437499999999973e-05
29,58,-0.129375,0.365625,2.3437499999999763e-05
29,59,-0.129375,0.37187499999999996,2.3437499999999763e-05
29,60,-0.129375,0.37812499999999993,2.3437499999999973e-05
29,61,-0.129375,0.38437499999999997,2.3437499999999763e-05
29,62,-0.129375,0.390625,2.3437499999999973e-05
29,63,-0.129375,0.396875,2.3437499999999763e-05
29,64,-0.129375,0.40312499999999996,2.3437499999999763e-05
29,65,-0.129375,0.40937499999999993,2.3437499999999973e-05
29,66,-0.129375,0.41562499999999997,2.3437499999999763e-05
29,67,-0.129375,0.421875,2.3437499999999973e-05
29,68,-0.129375,0.428125,2.3437499999999763e-05
29,69,-0.129375,0.43437499999999996,2.3437499999999763e-05
29,70,-0.129375,0.44062499999999993,2.3437499999999973e-05
29,71,-0.129375,0.44687499999999997,2.3437499999999763e-05
29,72,-0.129375,0.453125,2.3437499999999973e-05
29,73,-0.129375,0.459375,2.3437499999999763e-05
29,74,-0.129375,0.46562499999999996,2.3437499999999763e-05
29,75,-0.129375,0.47187499999999993,2.3437499999999973e-05
29,76,-0.129375,0.47812499999999997,2.3437499999999763e-05
29,77,-0.129375,0.48437499999999994,2.3437499999999763e-05
29,78,-0.129375,0.490625,2.3437499999999973e-05
29,79,-0.129375,0.49687499999999996,2.3437499999999763e-05
29,80,-0.129375,0.5031249999999999,2.3437499999999973e-05
29,81,-0.129375,0.5093749999999999,2.3437499999999763e-05
29,82,-0.129375,0.515625,2.3437499999999763e-05
29,83,-0.129375,0.5218749999999999,2.3437499999999763e-05
29,84,-0.129375,0.528125,2.343750000000018e-05
29,85,-0.129375,0.534375,2.3437499999999763e-05
29,86,-0.129375,0.5406249999999999,2.3437499999999763e-05
29,87,-0.129375,0.546875,2.3437499999999763e-05
29,88,-0.129375,0.5531249999999999,2.3437499999999763e-05
29,89,-0.129375,0.559375,2.343750000000018e-05
29,90,-0.129375,0.565625,2.3437499999999763e-05
29,91,-0.129375,0.5718749999999999,2.3437499999999763e-05
29,92,-0.129375,0.578125,2.3437499999999763e-05
29,93,-0.129375,0.5843749999999999,2.3437499999999763e-05
29,94,-0.129375,0.590625,2.343750000000018e-05
29,95,-0.129375,0.596875,2.3437499999999763e-05
30,0,-0.125625,0.0031249999999999997,2.3437500000000017e-05
30,1,-0.125625,0.009375,2.3437500000000017e-05
30,2,-0.125625,0.015625,2.343750000000002e-05
30,3,-0.125625,0.021875,2.3437500000000014e-05
30,4,-0.125625,0.028124999999999997,2.3437500000000014e-05
30,5,-0.125625,0.034374999999999996,2.3437500000000028e-05
30,6,-0.125625,0.040624999999999994,2.3437500000000014e-05
30,7,-0.125625,0.046875,2.3437500000000014e-05
30,8,-0.125625,0.05312499999999999,2.3437500000000014e-05
30,9,-0.125625,0.059375,2.3437500000000014e-05
30,10,-0.125625,0.06562499999999999,2.3437500000000014e-05
30,11,-0.125625,0.071875,2.343750000000004e-05
30,12,-0.125625,0.078125,2.343749999999999e-05
30,13,-0.125625,0.08437499999999999,2.343750000000004e-05
30,14,-0.125625,0.09062499999999998,2.343749999999999e-05
30,15,-0.125625,0.09687499999999999,2.343750000000004e-05
30,16,-0.125625,0.103125,2.343750000000004e-05
30,17,-0.125625,0.109375,2.343749999999999e-05
30,18,-0.125625,0.11562499999999999,2.343750000000004e-05
30,19,-0.125625,0.12187499999999998,2.343749999999999e-05
30,20,-0.125625,0.128125,2.343749999999999e-05
30,21,-0.125625,0.13437499999999997,2.343750000000004e-05
30,22,-0.125625,0.140625,2.343750000000004e-05
30,23,-0.125625,0.14687499999999998,2.343750000000004e-05
30,24,-0.125625,0.153125,2.343750000000004e-05
30,25,-0.125625,0.159375,2.3437499999999936e-05
30,26,-0.125625,0.16562499999999997,2.343750000000004e-05
30,27,-0.125625,0.171875,2.343750000000004e-05
30,28,-0.125625,0.17812499999999998,2.343750000000004e-05
30,29,-0.125625,0.18437499999999998,2.3437499999999936e-05
30,30,-0.125625,0.190625,2.343750000000004e-05
30,31,-0.125625,0.19687499999999997,2.343750000000004e-05
30,32,-0.125625,0.203125,2.343750000000004e-05
30,33,-0.125625,0.20937499999999998,2.343750000000004e-05
30,34,-0.125625,0.21562499999999998,2.3437499999999936e-05
30,35,-0.125625,0.221875,2.343750000000004e-05
30,36,-0.125625,0.22812499999999997,2.343750000000004e-05
30,37,-0.125625,0.234375,2.343750000000004e-05
30,38,-0.125625,0.24062499999999998,2.3437499999999936e-05
30,39,-0.125625,0.24687499999999996,2.343750000000004e-05
30,40,-0.125625,0.253125,2.343750000000004e-05
30,41,-0.125625,0.25937499999999997,2.3437499999999936e-05
30,42,-0.125625,0.265625,2.3437500000000146e-05
30,43,-0.125625,0.271875,2.3437499999999936e-05
30,44,-0.125625,0.27812499999999996,2.3437500000000146e-05
30,45,-0.125625,0.284375,2.3437499999999936e-05
30,46,-0.125625,0.29062499999999997,2.3437499999999936e-05
30,47,-0.125625,0.296875,2.3437500000000146e-05
30,48,-0.125625,0.303125,2.3437499999999936e-05
30,49,-0.125625,0.30937499999999996,2.3437500000000146e-05
30,50,-0.125625,0.315625,2.3437499999999936e-05
30,51,-0.125625,0.32187499999999997,2.3437499999999936e-05
30,52,-0.125625,0.328125,2.3437500000000146e-05
30,53,-0.125625,0.334375,2.3437499999999936e-05
30,54,-0.125625,0.34062499999999996,2.3437499999999936e-05
30,55,-0.125625,0.34687499999999993,2.3437500000000146e-05
30,56,-0.125625,0.35312499999999997,2.3437499999999936e-05
30,57,-0.125625,0.359375,2.3437500000000146e-05
30,58,-0.125625,0.365625,2.3437499999999936e-05
30,59,-0.125625,0.37187499999999996,2.3437499999999936e-05
30,60,-0.125625,0.37812499999999993,2.3437500000000146e-05
30,61,-0.125625,0.38437499999999997,2.3437499999999936e-05
30,62,-0.125625,0.390625,2.3437500000000146e-05
30,63,-0.125625,0.396875,2.3437499999999936e-05
30,64,-0.125625,0.40312499999999996,2.3437499999999936e-05
30,65,-0.125625,0.40937499999999993,2.3437500000000146e-05
30,66,-0.125625,0.41562499999999997,2.3437499999999936e-05
30,67,-0.125625,0.421875,2.3437500000000146e-05
30,68,-0.125625,0.428125,2.3437499999999936e-05
30,69,-0.125625,0.43437499999999996,2.3437499999999936e-05
30,70,-0.125625,0.44062499999999993,2.3437500000000146e-05
30,71,-0.125625,0.44687499999999997,2.3437499999999936e-05
30,72,-0.125625,0.453125,2.3437500000000146e-05
30,73,-0.125625,0.459375,2.3437499999999936e-05
30,74,-0.125625,0.46562499999999996,2.3437499999999936e-05
30,75,-0.125625,0.47187499999999993,2.3437500000000146e-05
30,76,-0.125625,0.47812499999999997,2.3437499999999936e-05
30,77,-0.125625,0.48437499999999994,2.3437499999999936e-05
30,78,-0.125625,0.490625,2.3437500000000146e-05
30,79,-0.125625,0.49687499999999996,2.3437499999999936e-05
30,80,-0.125625,0.5031249999999999,2.3437500000000146e-05
30,81,-0.125625,0.5093749999999999,2.3437499999999936e-05
30,82,-0.125625,0.515625,2.3437499999999936e-05
30,83,-0.125625,0.5218749999999999,2.3437499999999936e-05
30,84,-0.125625,0.528125,2.3437500000000353e-05
30,85,-0.125625,0.534375,2.3437499999999936e-05
30,86,-0.125625,0.5406249999999999,2.3437499999999936e-05
30,87,-0.125625,0.546875,2.3437499999999936e-05
30,88,-0.125625,0.5531249999999999,2.3437499999999936e-05
30,89,-0.125625,0.559375,2.3437500000000353e-05
30,90,-0.125625,0.565625,2.3437499999999936e-05
30,91,-0.125625,0.5718749999999999,2.3437499999999936e-05
30,92,-0.125625,0.578125,2.3437499999999936e-05
30,93,-0.125625,0.5843749999999999,2.3437499999999936e-05
30,94,-0.125625,0.590625,2.3437500000000353e-05
30,95,-0.125625,0.596875,2.3437499999999936e-05
31,0,-0.121875,0.0031249999999999997,2.3437500000000017e-05
31,1,-0.121875,0.009375,2.3437500000000017e-05
31,2,-0.121875,0.015625,2.343750000000002e-05
31,3,-0.121875,0.021875,2.3437500000000014e-05
31,4,-0.121875,0.028124999999999997,2.3437500000000014e-05
31,5,-0.121875,0.034374999999999996,2.3437500000000028e-05
31,6,-0.121875,0.040624999999999994,2.3437500000000014e-05
31,7,-0.121875,0.046875,2.3437500000000014e-05
31,8,-0.121875,0.05312499999999999,2.3437500000000014e-05
31,9,-0.121875,0.059375,2.3437500000000014e-05
31,10,-0.121875,0.06562499999999999,2.3437500000000014e-05
31,11,-0.121875,0.071875,2.343750000000004e-05
31,12,-0.121875,0.078125,2.343749999999999e-05
31,13,-0.121875,0.08437499999999999,2.343750000000004e-05
31,14,-0.121875,0.09062499999999998,2.343749999999999e-05
31,15,-0.121875,0.09687499999999999,2.343750000000004e-05
31,16,-0.121875,0.103125,2.343750000000004e-05
31,17,-0.121875,0.109375,2.343749999999999e-05
31,18,-0.121875,0.11562499999999999,2.343750000000004e-05
31,19,-0.121875,0.12187499999999998,2.343749999999999e-05
31,20,-0.121875,0.128125,2.343749999999999e-05
31,21,-0.121875,0.13437499999999997,2.343750000000004e-05
31,22,-0.121875,0.140625,2.343750000000004e-05
31,23,-0.121875,0.14687499999999998,2.343750000000004e-05
31,24,-0.121875,0.153125,2.343750000000004e-05
31,25,-0.121875,0.159375,2.3437499999999936e-05
31,26,-0.121875,0.16562499999999997,2.343750000000004e-05
31,27,-0.121875,0.171875,2.343750000000004e-05
31,28,-0.121875,0.17812499999999998,2.343750000000004e-05
31,29,-0.121875,0.18437499999999998,2.3437499999999936e-05
31,30,-0.121875,0.190625,2.343750000000004e-05
31,31,-0.121875,0.19687499999999997,2.343750000000004e-05
31,32,-0.121875,0.203125,2.343750000000004e-05
31,33,-0.121875,0.20937499999999998,2.343750000000004e-05
31,34,-0.121875,0.21562499999999998,2.3437499999999936e-05
31,35,-0.121875,0.221875,2.343750000000004e-05
31,36,-0.121875,0.22812499999999997,2.343750000000004e-05
31,37,-0.121875,0.234375,2.343750000000004e-05
31,38,-0.121875,0.24062499999999998,2.3437499999999936e-05
31,39,-0.121875,0.24687499999999996,2.343750000000004e-05
31,40,-0.121875,0.253125,2.343750000000004e-05
31,41,-0.121875,0.25937499999999997,2.3437499999999936e-05
31,42,-0.121875,0.265625,2.3437500000000146e-05
31,43,-0.121875,0.271875,2.3437499999999936e-05
31,44,-0.121875,0.27812499999999996,2.3437500000000146e-05
31,45,-0.121875,0.284375,2.3437499999999936e-05
31,46,-0.121875,0.29062499999999997,2.3437499999999936e-05
31,47,-0.121875,0.296875,2.3437500000000146e-05
31,48,-0.121875,0.303125,2.3437499999999936e-05
31,49,-0.121875,0.30937499999999996,2.3437500000000146e-05
31,50,-0.121875,0.315625,2.3437499999999936e-05
31,51,-0.121875,0.32187499999999997,2.3437499999999936e-05
31,52,-0.121875,0.328125,2.3437500000000146e-05
31,53,-0.121875,0.334375,2.3437499999999936e-05
31,54,-0.121875,0.34062499999999996,2.3437499999999936e-05
31,55,-0.121875,0.34687499999999993,2.3437500000000146e-05
31,56,-0.121875,0.35312499999999997,2.3437499999999936e-05
31,57,-0.121875,0.359375,2.3437500000000146e-05
31,58,-0.121875,0.365625,2.3437499999999936e-05
31,59,-0.121875,0.37187499999999996,2.3437499999999936e-05
31,60,-0.121875,0.37812499999999993,2.3437500000000146e-05
31,61,-0.121875,0.38437499999999997,2.3437499999999936e-05
31,62,-0.121875,0.390625,2.3437500000000146e-05
31,63,-0.121875,0.396875,2.3437499999999936e-05
31,64,-0.121875,0.40312499999999996,2.3437499999999936e-05
31,65,-0.121875,0.40937499999999993,2.3437500000000146e-05
31,66,-0.121875,0.41562499999999997,2.3437499999999936e-05
31,67,-0.121875,0.421875,2.3437500000000146e-05
31,68,-0.121875,0.428125,2.3437499999999936e-05
31,69,-0.121875,0.43437499999999996,2.3437499999999936e-05
31,70,-0.121875,0.44062499999999993,2.3437500000000146e-05
31,71,-0.121875,0.44687499999999997,2.3437499999999936e-05
31,72,-0.121875,0.453125,2.3437500000000146e-05
31,73,-0.121875,0.459375,2.3437499999999936e-05
31,74,-0.121875,0.46562499999999996,2.3437499999999936e-05
31,75,-0.121875,0.47187499999999993,2.3437500000000146e-05
31,76,-0.121875,0.47812499999999997,2.3437499999999936e-05
31,77,-0.121875,0.48437499999999994,2.3437499999999936e-05
31,78,-0.121875,0.490625,2.3437500000000146e-05
31,79,-0.121875,0.49687499999999996,2.3437499999999936e-05
31,80,-0.121875,0.5031249999999999,2.3437500000000146e-05
31,81,-0.121875,0.5093749999999999,2.3437499999999936e-05
31,82,-0.121875,0.515625,2.3437499999999936e-05
31,83,-0.121875,0.5218749999999999,2.3437499999999936e-05
31,84,-0.121875,0.528125,2.3437500000000353e-05
31,85,-0.121875,0.534375,2.3437499999999936e-05
31,86,-0.121875,0.5406249999999999,2.3437499999999936e-05
31,87,-0.121875,0.546875,2.3437499999999936e-05
31,88,-0.121875,0.5531249999999999,2.3437499999999936e-05
31,89,-0.121875,0.559375,2.3437500000000353e-05
31,90,-0.121875,0.565625,2.3437499999999936e-05
31,91,-0.121875,0.5718749999999999,2.3437499999999936e-05
31,92,-0.121875,0.578125,2.3437499999999936e-05
31,93,-0.121875,0.5843749999999999,2.3437499999999936e-05
31,94,-0.121875,0.590625,2.3437500000000353e-05
31,95,-0.121875,0.596875,2.3437499999999936e-05
32,0,-0.118125,0.0031249999999999997,2.3437500000000017e-05
32,1,-0.118125,0.009375,2.3437500000000017e-05
32,2,-0.118125,0.015625,2.343750000000002e-05
32,3,-0.118125,0.021875,2.3437500000000014e-05
32,4,-0.118125,0.028124999999999997,2.3437500000000014e-05
32,5,-0.118125,0.034374999999999996,2.3437500000000028e-05
32,6,-0.118125,0.040624999999999994,2.3437500000000014e-05
32,7,-0.118125,0.046875,2.3437500000000014e-05
32,8,-0.118125,0.05312499999999999,2.3437500000000014e-05
32,9,-0.118125,0.059375,2.3437500000000014e-05
32,10,-0.118125,0.06562499999999999,2.3437500000000014e-05
32,11,-0.118125,0.071875,2.343750000000004e-05
32,12,-0.118125,0.078125,2.343749999999999e-05
32,13,-0.118125,0.08437499999999999,2.343750000000004e-05
32,14,-0.118125,0.09062499999999998,2.343749999999999e-05
32,15,-0.118125,0.09687499999999999,2.343750000000004e-05
32,16,-0.118125,0.103125,2.343750000000004e-05
32,17,-0.118125,0.109375,2.343749999999999e-05
32,18,-0.118125,0.11562499999999999,2.343750000000004e-05
32,19,-0.118125,0.12187499999999998,2.343749999999999e-05
32,20,-0.118125,0.128125,2.343749999999999e-05
32,21,-0.118125,0.13437499999999997,2.343750000000004e-05
32,22,-0.118125,0.140625,2.343750000000004e-05
32,23,-0.118125,0.14687499999999998,2.343750000000004e-05
32,24,-0.118125,0.153125,2.343750000000004e-05
32,25,-0.118125,0.159375,2.3437499999999936e-05
32,26,-0.118125,0.16562499999999997,2.343750000000004e-05
32,27,-0.118125,0.171875,2.343750000000004e-05
32,28,-0.118125,0.17812499999999998,2.343750000000004e-05
32,29,-0.118125,0.18437499999999998,2.3437499999999936e-05
32,30,-0.118125,0.190625,2.343750000000004e-05
32,31,-0.118125,0.19687499999999997,2.343750000000004e-05
32,32,-0.118125,0.203125,2.343750000000004e-05
32,33,-0.118125,0.20937499999999998,2.343750000000004e-05
32,34,-0.118125,0.21562499999999998,2.3437499999999936e-05
32,35,-0.118125,0.221875,2.343750000000004e-05
32,36,-0.118125,0.22812499999999997,2.343750000000004e-05
32,37,-0.118125,0.234375,2.343750000000004e-05
32,38,-0.118125,0.24062499999999998,2.3437499999999936e-05
32,39,-0.118125,0.24687499999999996,2.343750000000004e-05
32,40,-0.118125,0.253125,2.343750000000004e-05
32,41,-0.118125,0.25937499999999997,2.3437499999999936e-05
32,42,-0.118125,0.265625,2.3437500000000146e-05
32,43,-0.118125,0.271875,2.3437499999999936e-05
32,44,-0.118125,0.27812499999999996,2.3437500000000146e-05
32,45,-0.118125,0.284375,2.3437499999999936e-05
32,46,-0.118125,0.29062499999999997,2.3437499999999936e-05
32,47,-0.118125,0.296875,2.3437500000000146e-05
32,48,-0.118125,0.303125,2.3437499999999936e-05
32,49,-0.118125,0.30937499999999996,2.3437500000000146e-05
32,50,-0.118125,0.315625,2.3437499999999936e-05
32,51,-0.118125,0.32187499999999997,2.3437499999999936e-05
32,52,-0.118125,0.328125,2.3437500000000146e-05
32,53,-0.118125,0.334375,2.3437499999999936e-05
32,54,-0.118125,0.34062499999999996,2.3437499999999936e-05
32,55,-0.118125,0.34687499999999993,2.3437500000000146e-05
32,56,-0.118125,0.35312499999999997,2.3437499999999936e-05
32,57,-0.118125,0.359375,2.3437500000000146e-05
32,58,-0.118125,0.365625,2.3437499999999936e-05
32,59,-0.118125,0.37187499999999996,2.3437499999999936e-05
32,60,-0.118125,0.37812499999999993,2.3437500000000146e-05
32,61,-0.118125,0.38437499999999997,2.3437499999999936e-05
32,62,-0.118125,0.390625,2.3437500000000146e-05
32,63,-0.118125,0.396875,2.3437499999999936e-05
32,64,-0.118125,0.40312499999999996,2.3437499999999936e-05
32,65,-0.118125,0.40937499999999993,2.3437500000000146e-05
32,66,-0.118125,0.41562499999999997,2.3437499999999936e-05
32,67,-0.118125,0.421875,2.3437500000000146e-05
32,68,-0.118125,0.428125,2.3437499999999936e-05
32,69,-0.118125,0.43437499999999996,2.3437499999999936e-05
32,70,-0.118125,0.44062499999999993,2.3437500000000146e-05
32,71,-0.118125,0.44687499999999997,2.3437499999999936e-05
32,72,-0.118125,0.453125,2.3437500000000146e-05
32,73,-0.118125,0.459375,2.3437499999999936e-05
32,74,-0.118125,0.46562499999999996,2.3437499999999936e-05
32,75,-0.118125,0.47187499999999993,2.3437500000000146e-05
32,76,-0.118125,0.47812499999999997,2.3437499999999936e-05
32,77,-0.118125,0.48437499999999994,2.3437499999999936e-05
32,78,-0.118125,0.490625,2.3437500000000146e-05
32,79,-0.118125,0.49687499999999996,2.3437499999999936e-05
32,80,-0.118125,0.5031249999999999,2.3437500000000146e-05
32,81,-0.118125,0.5093749999999999,2.3437499999999936e-05
32,82,-0.118125,0.515625,2.3437499999999936e-05
32,83,-0.118125,0.5218749999999999,2.3437499999999936e-05
32,84,-0.118125,0.528125,2.3437500000000353e-05
32,85,-0.118125,0.534375,2.3437499999999936e-05
32,86,-0.118125,0.5406249999999999,2.3437499999999936e-05
32,87,-0.118125,0.546875,2.3437499999999936e-05
32,88,-0.118125,0.5531249999999999,2.3437499999999936e-05
32,89,-0.118125,0.559375,2.3437500000000353e-05
32,90,-0.118125,0.565625,2.3437499999999936e-05
32,91,-0.118125,0.5718749999999999,2.3437499999999936e-05
32,92,-0.118125,0.578125,2.3437499999999936e-05
32,93,-0.118125,0.5843749999999999,2.3437499999999936e-05
32,94,-0.118125,0.590625,2.3437500000000353e-05
32,95,-0.118125,0.596875,2.3437499999999936e-05
33,0,-0.11437499999999999,0.0031249999999999997,2.3437500000000017e-05
33,1,-0.11437499999999999,0.009375,2.3437500000000017e-05
33,2,-0.11437499999999999,0.015625,2.343750000000002e-05
33,3,-0.11437499999999999,0.021875,2.3437500000000014e-05
33,4,-0.11437499999999999,0.028124999999999997,2.3437500000000014e-05
33,5,-0.11437499999999999,0.034374999999999996,2.3437500000000028e-05
33,6,-0.11437499999999999,0.040624999999999994,2.3437500000000014e-05
33,7,-0.11437499999999999,0.046875,2.3437500000000014e-05
33,8,-0.11437499999999999,0.05312499999999999,2.3437500000000014e-05
33,9,-0.11437499999999999,0.059375,2.3437500000000014e-05
33,10,-0.11437499999999999,0.06562499999999999,2.3437500000000014e-05
33,11,-0.11437499999999999,0.071875,2.343750000000004e-05
33,12,-0.11437499999999999,0.078125,2.343749999999999e-05
33,13,-0.11437499999999999,0.08437499999999999,2.343750000000004e-05
33,14,-0.11437499999999999,0.09062499999999998,2.343749999999999e-05
33,15,-0.11437499999999999,0.09687499999999999,2.343750000000004e-05
33,16,-0.11437499999999999,0.103125,2.343750000000004e-05
33,17,-0.11437499999999999,0.109375,2.343749999999999e-05
33,18,-0.11437499999999999,0.11562499999999999,2.343750000000004e-05
33,19,-0.11437499999999999,0.12187499999999998,2.343749999999999e-05
33,20,-0.11437499999999999,0.128125,2.343749999999999e-05
33,21,-0.11437499999999999,0.13437499999999997,2.343750000000004e-05
33,22,-0.11437499999999999,0.140625,2.343750000000004e-05
33,23,-0.11437499999999999,0.14687499999999998,2.343750000000004e-05
33,24,-0.11437499999999999,0.153125,2.343750000000004e-05
33,25,-0.11437499999999999,0.159375,2.3437499999999936e-05
33,26,-0.11437499999999999,0.16562499999999997,2.343750000000004e-05
33,27,-0.11437499999999999,0.171875,2.343750000000004e-05
33,28,-0.11437499999999999,0.17812499999999998,2.343750000000004e-05
33,29,-0.11437499999999999,0.18437499999999998,2.3437499999999936e-05
33,30,-0.11437499999999999,0.190625,2.343750000000004e-05
33,31,-0.11437499999999999,0.19687499999999997,2.343750000000004e-05
33,32,-0.11437499999999999,0.203125,2.343750000000004e-05
33,33,-0.11437499999999999,0.20937499999999998,2.343750000000004e-05
33,34,-0.11437499999999999,0.21562499999999998,2.3437499999999936e-05
33,35,-0.11437499999999999,0.221875,2.343750000000004e-05
33,36,-0.11437499999999999,0.22812499999999997,2.343750000000004e-05
33,37,-0.11437499999999999,0.234375,2.343750000000004e-05
33,38,-0.11437499999999999,0.24062499999999998,2.3437499999999936e-05
33,39,-0.11437499999999999,0.24687499999999996,2.343750000000004e-05
33,40,-0.11437499999999999,0.253125,2.343750000000004e-05
33,41,-0.11437499999999999,0.25937499999999997,2.3437499999999936e-05
33,42,-0.11437499999999999,0.265625,2.3437500000000146e-05
33,43,-0.11437499999999999,0.271875,2.3437499999999936e-05
33,44,-0.11437499999999999,0.27812499999999996,2.3437500000000146e-05
33,45,-0.11437499999999999,0.284375,2.3437499999999936e-05
33,46,-0.11437499999999999,0.29062499999999997,2.3437499999999936e-05
33,47,-0.11437499999999999,0.296875,2.3437500000000146e-05
33,48,-0.11437499999999999,0.303125,2.3437499999999936e-05
33,49,-0.11437499999999999,0.30937499999999996,2.3437500000000146e-05
33,50,-0.11437499999999999,0.315625,2.3437499999999936e-05
33,51,-0.11437499999999999,0.32187499999999997,2.3437499999999936e-05
33,52,-0.11437499999999999,0.328125,2.3437500000000146e-05
33,53,-0.11437499999999999,0.334375,2.3437499999999936e-05
33,54,-0.11437499999999999,0.34062499999999996,2.3437499999999936e-05
33,55,-0.11437499999999999,0.34687499999999993,2.3437500000000146e-05
33,56,-0.11437499999999999,0.35312499999999997,2.3437499999999936e-05
33,57,-0.11437499999999999,0.359375,2.3437500000000146e-05
33,58,-0.11437499999999999,0.365625,2.3437499999999936e-05
33,59,-0.11437499999999999,0.37187499999999996,2.3437499999999936e-05
33,60,-0.11437499999999999,0.37812499999999993,2.3437500000000146e-05
33,61,-0.11437499999999999,0.38437499999999997,2.3437499999999936e-05
33,62,-0.11437499999999999,0.390625,2.3437500000000146e-05
33,63,-0.11437499999999999,0.396875,2.3437499999999936e-05
33,64,-0.11437499999999999,0.40312499999999996,2.3437499999999936e-05
33,65,-0.11437499999999999,0.40937499999999993,2.3437500000000146e-05
33,66,-0.11437499999999999,0.41562499999999997,2.3437499999999936e-05
33,67,-0.11437499999999999,0.421875,2.3437500000000146e-05
33,68,-0.11437499999999999,0.428125,2.3437499999999936e-05
33,69,-0.11437499999999999,0.43437499999999996,2.3437499999999936e-05
33,70,-0.11437499999999999,0.44062499999999993,2.3437500000000146e-05
33,71,-0.11437499999999999,0.44687499999999997,2.3437499999999936e-05
33,72,-0.11437499999999999,0.453125,2.3437500000000146e-05
33,73,-0.11437499999999999,0.459375,2.3437499999999936e-05
33,74,-0.11437499999999999,0.46562499999999996,2.3437499999999936e-05
33,75,-0.11437499999999999,0.47187499999999993,2.3437500000000146e-05
33,76,-0.11437499999999999,0.47812499999999997,2.3437499999999936e-05
33,77,-0.11437499999999999,0.48437499999999994,2.3437499999999936e-05
33,78,-0.11437499999999999,0.490625,2.3437500000000146e-05
33,79,-0.11437499999999999,0.49687499999999996,2.3437499999999936e-05
33,80,-0.11437499999999999,0.5031249999999999,2.3437500000000146e-05
33,81,-0.11437499999999999,0.5093749999999999,2.3437499999999936e-05
33,82,-0.11437499999999999,0.515625,2.3437499999999936e-05
33,83,-0.11437499999999999,0.5218749999999999,2.3437499999999936e-05
33,84,-0.11437499999999999,0.528125,2.3437500000000353e-05
33,85,-0.11437499999999999,0.534375,2.3437499999999936e-05
33,86,-0.11437499999999999,0.5406249999999999,2.3437499999999936e-05
33,87,-0.11437499999999999,0.546875,2.3437499999999936e-05
33,88,-0.11437499999999999,0.5531249999999999,2.3437499999999936e-05
33,89,-0.11437499999999999,0.559375,2.3437500000000353e-05
33,90,-0.11437499999999999,0.565625,2.3437499999999936e-05
33,91,-0.11437499999999999,0.5718749999999999,2.3437499999999936e-05
33,92,-0.11437499999999999,0.578125,2.3437499999999936e-05
33,93,-0.11437499999999999,0.5843749999999999,2.3437499999999936e-05
33,94,-0.11437499999999999,0.590625,2.3437500000000353e-05
33,95,-0.11437499999999999,0.596875,2.3437499999999936e-05
34,0,-0.11062499999999999,0.0031249999999999997,2.3437500000000017e-05
34,1,-0.11062499999999999,0.009375,2.3437500000000017e-05
34,2,-0.11062499999999999,0.015625,2.343750000000002e-05
34,3,-0.11062499999999999,0.021875,2.3437500000000014e-05
34,4,-0.11062499999999999,0.028124999999999997,2.3437500000000014e-05
34,5,-0.11062499999999999,0.034374999999999996,2.3437500000000028e-05
34,6,-0.11062499999999999,0.040624999999999994,2.3437500000000014e-05
34,7,-0.11062499999999999,0.046875,2.3437500000000014e-05
34,8,-0.11062499999999999,0.05312499999999999,2.3437500000000014e-05
34,9,-0.11062499999999999,0.059375,2.3437500000000014e-05
34,10,-0.11062499999999999,0.06562499999999999,2.3437500000000014e-05
34,11,-0.11062499999999999,0.071875,2.343750000000004e-05
34,12,-0.11062499999999999,0.078125,2.343749999999999e-05
34,13,-0.11062499999999999,0.08437499999999999,2.343750000000004e-05
34,14,-0.11062499999999999,0.09062499999999998,2.343749999999999e-05
34,15,-0.11062499999999999,0.09687499999999999,2.343750000000004e-05
34,16,-0.11062499999999999,0.103125,2.343750000000004e-05
34,17,-0.11062499999999999,0.109375,2.343749999999999e-05
34,18,-0.11062499999999999,0.11562499999999999,2.343750000000004e-05
34,19,-0.11062499999999999,0.12187499999999998,2.343749999999999e-05
34,20,-0.11062499999999999,0.128125,2.343749999999999e-05
34,21,-0.11062499999999999,0.13437499999999997,2.343750000000004e-05
34,22,-0.11062499999999999,0.140625,2.343750000000004e-05
34,23,-0.11062499999999999,0.14687499999999998,2.343750000000004e-05
34,24,-0.11062499999999999,0.153125,2.343750000000004e-05
34,25,-0.11062499999999999,0.159375,2.3437499999999936e-05
34,26,-0.11062499999999999,0.16562499999999997,2.343750000000004e-05
34,27,-0.11062499999999999,0.171875,2.343750000000004e-05
34,28,-0.11062499999999999,0.17812499999999998,2.343750000000004e-05
34,29,-0.11062499999999999,0.18437499999999998,2.3437499999999936e-05
34,30,-0.11062499999999999,0.190625,2.343750000000004e-05
34,31,-0.11062499999999999,0.19687499999999997,2.343750000000004e-05
34,32,-0.11062499999999999,0.203125,2.343750000000004e-05
34,33,-0.11062499999999999,0.20937499999999998,2.343750000000004e-05
34,34,-0.11062499999999999,0.21562499999999998,2.3437499999999936e-05
34,35,-0.11062499999999999,0.221875,2.343750000000004e-05
34,36,-0.11062499999999999,0.22812499999999997,2.343750000000004e-05
34,37,-0.11062499999999999,0.234375,2.343750000000004e-05
34,38,-0.11062499999999999,0.24062499999999998,2.3437499999999936e-05
34,39,-0.11062499999999999,0.24687499999999996,2.343750000000004e-05
34,40,-0.11062499999999999,0.253125,2.343750000000004e-05
34,41,-0.11062499999999999,0.25937499999999997,2.3437499999999936e-05
34,42,-0.11062499999999999,0.265625,2.3437500000000146e-05
34,43,-0.11062499999999999,0.271875,2.3437499999999936e-05
34,44,-0.11062499999999999,0.27812499999999996,2.3437500000000146e-05
34,45,-0.11062499999999999,0.284375,2.3437499999999936e-05
34,46,-0.11062499999999999,0.29062499999999997,2.3437499999999936e-05
34,47,-0.11062499999999999,0.296875,2.3437500000000146e-05
34,48,-0.11062499999999999,0.303125,2.3437499999999936e-05
34,49,-0.11062499999999999,0.30937499999999996,2.3437500000000146e-05
34,50,-0.11062499999999999,0.315625,2.3437499999999936e-05
34,51,-0.11062499999999999,0.32187499999999997,2.3437499999999936e-05
34,52,-0.11062499999999999,0.328125,2.3437500000000146e-05
34,53,-0.11062499999999999,0.334375,2.3437499999999936e-05
34,54,-0.11062499999999999,0.34062499999999996,2.3437499999999936e-05
34,55,-0.11062499999999999,0.34687499999999993,2.3437500000000146e-05
34,56,-0.11062499999999999,0.35312499999999997,2.3437499999999936e-05
34,57,-0.11062499999999999,0.359375,2.3437500000000146e-05
34,58,-0.11062499999999999,0.365625,2.3437499999999936e-05
34,59,-0.11062499999999999,0.37187499999999996,2.3437499999999936e-05
34,60,-0.11062499999999999,0.37812499999999993,2.3437500000000146e-05
34,61,-0.11062499999999999,0.38437499999999997,2.3437499999999936e-05
34,62,-0.11062499999999999,0.390625,2.3437500000000146e-05
34,63,-0.11062499999999999,0.396875,2.3437499999999936e-05
34,64,-0.11062499999999999,0.40312499999999996,2.3437499999999936e-05
34,65,-0.11062499999999999,0.40937499999999993,2.3437500000000146e-05
34,66,-0.11062499999999999,0.41562499999999997,2.3437499999999936e-05
34,67,-0.11062499999999999,0.421875,2.3437500000000146e-05
34,68,-0.11062499999999999,0.428125,2.3437499999999936e-05
34,69,-0.11062499999999999,0.43437499999999996,2.3437499999999936e-05
34,70,-0.11062499999999999,0.44062499999999993,2.3437500000000146e-05
34,71,-0.11062499999999999,0.44687499999999997,2.3437499999999936e-05
34,72,-0.11062499999999999,0.453125,2.3437500000000146e-05
34,73,-0.11062499999999999,0.459375,2.3437499999999936e-05
34,74,-0.11062499999999999,0.46562499999999996,2.3437499999999936e-05
34,75,-0.11062499999999999,0.47187499999999993,2.3437500000000146e-05
34,76,-0.11062499999999999,0.47812499999999997,2.3437499999999936e-05
34,77,-0.11062499999999999,0.48437499999999994,2.3437499999999936e-05
34,78,-0.11062499999999999,0.490625,2.3437500000000146e-05
34,79,-0.11062499999999999,0.49687499999999996,2.3437499999999936e-05
34,80,-0.11062499999999999,0.5031249999999999,2.3437500000000146e-05
34,81,-0.11062499999999999,0.5093749999999999,2.3437499999999936e-05
34,82,-0.11062499999999999,0.515625,2.3437499999999936e-05
34,83,-0.11062499999999999,0.5218749999999999,2.3437499999999936e-05
34,84,-0.11062499999999999,0.528125,2.3437500000000353e-05
34,85,-0.11062499999999999,0.534375,2.3437499999999936e-05
34,86,-0.11062499999999999,0.5406249999999999,2.3437499999999936e-05
34,87,-0.11062499999999999,0.546875,2.3437499999999936e-05
34,88,-0.11062499999999999,0.5531249999999999,2.3437499999999936e-05
34,89,-0.11062499999999999,0.559375,2.3437500000000353e-05
34,90,-0.11062499999999999,0.565625,2.3437499999999936e-05
34,91,-0.11062499999999999,0.5718749999999999,2.3437499999999936e-05
34,92,-0.11062499999999999,0.578125,2.3437499999999936e-05
34,93,-0.11062499999999999,0.5843749999999999,2.3437499999999936e-05
34,94,-0.11062499999999999,0.590625,2.3437500000000353e-05
34,95,-0.11062499999999999,0.596875,2.3437499999999936e-05
35,0,-0.10687499999999998,0.0031249999999999997,2.3437500000000017e-05
35,1,-0.10687499999999998,0.009375,2.3437500000000017e-05
35,2,-0.10687499999999998,0.015625,2.343750000000002e-05
35,3,-0.10687499999999998,0.021875,2.3437500000000014e-05
35,4,-0.10687499999999998,0.028124999999999997,2.3437500000000014e-05
35,5,-0.10687499999999998,0.034374999999999996,2.3437500000000028e-05
35,6,-0.10687499999999998,0.040624999999999994,2.3437500000000014e-05
35,7,-0.10687499999999998,0.046875,2.3437500000000014e-05
35,8,-0.10687499999999998,0.05312499999999999,2.3437500000000014e-05
35,9,-0.10687499999999998,0.059375,2.3437500000000014e-05
35,10,-0.10687499999999998,0.06562499999999999,2.3437500000000014e-05
35,11,-0.10687499999999998,0.071875,2.343750000000004e-05
35,12,-0.10687499999999998,0.078125,2.343749999999999e-05
35,13,-0.10687499999999998,0.08437499999999999,2.343750000000004e-05
35,14,-0.10687499999999998,0.09062499999999998,2.343749999999999e-05
35,15,-0.10687499999999998,0.09687499999999999,2.343750000000004e-05
35,16,-0.10687499999999998,0.103125,2.343750000000004e-05
35,17,-0.10687499999999998,0.109375,2.343749999999999e-05
35,18,-0.10687499999999998,0.11562499999999999,2.343750000000004e-05
35,19,-0.10687499999999998,0.12187499999999998,2.343749999999999e-05
35,20,-0.10687499999999998,0.128125,2.343749999999999e-05
35,21,-0.10687499999999998,0.13437499999999997,2.343750000000004e-05
35,22,-0.10687499999999998,0.140625,2.343750000000004e-05
35,23,-0.10687499999999998,0.14687499999999998,2.343750000000004e-05
35,24,-0.10687499999999998,0.153125,2.343750000000004e-05
35,25,-0.10687499999999998,0.159375,2.3437499999999936e-05
35,26,-0.10687499999999998,0.16562499999999997,2.343750000000004e-05
35,27,-0.10687499999999998,0.171875,2.343750000000004e-05
35,28,-0.10687499999999998,0.17812499999999998,2.343750000000004e-05
35,29,-0.10687499999999998,0.18437499999999998,2.3437499999999936e-05
35,30,-0.10687499999999998,0.190625,2.343750000000004e-05
35,31,-0.10687499999999998,0.19687499999999997,2.343750000000004e-05
35,32,-0.10687499999999998,0.203125,2.343750000000004e-05
35,33,-0.10687499999999998,0.20937499999999998,2.343750000000004e-05
35,34,-0.10687499999999998,0.21562499999999998,2.3437499999999936e-05
35,35,-0.10687499999999998,0.221875,2.343750000000004e-05
35,36,-0.10687499999999998,0.22812499999999997,2.343750000000004e-05
35,37,-0.10687499999999998,0.234375,2.343750000000004e-05
35,38,-0.10687499999999998,0.24062499999999998,2.3437499999999936e-05
35,39,-0.10687499999999998,0.24687499999999996,2.343750000000004e-05
35,40,-0.10687499999999998,0.253125,2.343750000000004e-05
35,41,-0.10687499999999998,0.25937499999999997,2.3437499999999936e-05
35,42,-0.10687499999999998,0.265625,2.3437500000000146e-05
35,43,-0.10687499999999998,0.271875,2.3437499999999936e-05
35,44,-0.10687499999999998,0.27812499999999996,2.3437500000000146e-05
35,45,-0.10687499999999998,0.284375,2.3437499999999936e-05
35,46,-0.10687499999999998,0.29062499999999997,2.3437499999999936e-05
35,47,-0.10687499999999998,0.296875,2.3437500000000146e-05
35,48,-0.10687499999999998,0.303125,2.3437499999999936e-05
35,49,-0.10687499999999998,0.30937499999999996,2.3437500000000146e-05
35,50,-0.10687499999999998,0.315625,2.3437499999999936e-05
35,51,-0.10687499999999998,0.32187499999999997,2.3437499999999936e-05
35,52,-0.10687499999999998,0.328125,2.3437500000000146e-05
35,53,-0.10687499999999998,0.334375,2.3437499999999936e-05
35,54,-0.10687499999999998,0.34062499999999996,2.3437499999999936e-05
35,55,-0.10687499999999998,0.34687499999999993,2.3437500000000146e-05
35,56,-0.10687499999999998,0.35312499999999997,2.3437499999999936e-05
35,57,-0.10687499999999998,0.359375,2.3437500000000146e-05
35,58,-0.10687499999999998,0.365625,2.3437499999999936e-05
35,59,-0.10687499999999998,0.37187499999999996,2.3437499999999936e-05
35,60,-0.10687499999999998,0.37812499999999993,2.3437500000000146e-05
35,61,-0.10687499999999998,0.38437499999999997,2.3437499999999936e-05
35,62,-0.10687499999999998,0.390625,2.3437500000000146e-05
35,63,-0.10687499999999998,0.396875,2.3437499999999936e-05
35,64,-0.10687499999999998,0.40312499999999996,2.3437499999999936e-05
35,65,-0.10687499999999998,0.40937499999999993,2.3437500000000146e-05
35,66,-0.10687499999999998,0.41562499999999997,2.3437499999999936e-05
35,67,-0.10687499999999998,0.421875,2.3437500000000146e-05
35,68,-0.10687499999999998,0.428125,2.3437499999999936e-05
35,69,-0.10687499999999998,0.43437499999999996,2.3437499999999936e-05
35,70,-0.10687499999999998,0.44062499999999993,2.3437500000000146e-05
35,71,-0.10687499999999998,0.44687499999999997,2.3437499999999936e-05
35,72,-0.10687499999999998,0.453125,2.3437500000000146e-05
35,73,-0.10687499999999998,0.459375,2.3437499999999936e-05
35,74,-0.10687499999999998,0.46562499999999996,2.3437499999999936e-05
35,75,-0.10687499999999998,0.47187499999999993,2.3437500000000146e-05
35,76,-0.10687499999999998,0.47812499999999997,2.3437499999999936e-05
35,77,-0.10687499999999998,0.48437499999999994,2.3437499999999936e-05
35,78,-0.10687499999999998,0.490625,2.3437500000000146e-05
35,79,-0.10687499999999998,0.49687499999999996,2.3437499999999936e-05
35,80,-0.10687499999999998,0.5031249999999999,2.3437500000000146e-05
35,81,-0.10687499999999998,0.5093749999999999,2.3437499999999936e-05
35,82,-0.10687499999999998,0.515625,2.3437499999999936e-05
35,83,-0.10687499999999998,0.5218749999999999,2.3437499999999936e-05
35,84,-0.10687499999999998,0.528125,2.3437500000000353e-05
35,85,-0.10687499999999998,0.534375,2.3437499999999936e-05
35,86,-0.10687499999999998,0.5406249999999999,2.3437499999999936e-05
35,87,-0.10687499999999998,0.546875,2.3437499999999936e-05
35,88,-0.10687499999999998,0.5531249999999999,2.3437499999999936e-05
35,89,-0.10687499999999998,0.559375,2.3437500000000353e-05
35,90,-0.10687499999999998,0.565625,2.3437499999999936e-05
35,91,-0.10687499999999998,0.5718749999999999,2.3437499999999936e-05
35,92,-0.10687499999999998,0.578125,2.3437499999999936e-05
35,93,-0.10687499999999998,0.5843749999999999,2.3437499999999936e-05
35,94,-0.10687499999999998,0.590625,2.3437500000000353e-05
35,95,-0.10687499999999998,0.596875,2.3437499999999936e-05
36,0,-0.103125,0.0031249999999999997,2.3437499999999845e-05
36,1,-0.103125,0.009375,2.3437499999999845e-05
36,2,-0.103125,0.015625,2.3437499999999848e-05
36,3,-0.103125,0.021875,2.343749999999984e-05
36,4,-0.103125,0.028124999999999997,2.343749999999984e-05
36,5,-0.103125,0.034374999999999996,2.3437499999999855e-05
36,6,-0.103125,0.040624999999999994,2.343749999999984e-05
36,7,-0.103125,0.046875,2.343749999999984e-05
36,8,-0.103125,0.05312499999999999,2.343749999999984e-05
36,9,-0.103125,0.059375,2.343749999999984e-05
36,10,-0.103125,0.06562499999999999,2.343749999999984e-05
36,11,-0.103125,0.071875,2.343749999999987e-05
36,12,-0.103125,0.078125,2.3437499999999818e-05
36,13,-0.103125,0.08437499999999999,2.343749999999987e-05
36,14,-0.103125,0.09062499999999998,2.3437499999999818e-05
36,15,-0.103125,0.09687499999999999,2.343749999999987e-05
36,16,-0.103125,0.103125,2.343749999999987e-05
36,17,-0.103125,0.109375,2.3437499999999818e-05
36,18,-0.103125,0.11562499999999999,2.343749999999987e-05
36,19,-0.103125,0.12187499999999998,2.3437499999999818e-05
36,20,-0.103125,0.128125,2.3437499999999818e-05
36,21,-0.103125,0.13437499999999997,2.343749999999987e-05
36,22,-0.103125,0.140625,2.343749999999987e-05
36,23,-0.103125,0.14687499999999998,2.343749999999987e-05
36,24,-0.103125,0.153125,2.343749999999987e-05
36,25,-0.103125,0.159375,2.3437499999999763e-05
36,26,-0.103125,0.16562499999999997,2.343749999999987e-05
36,27,-0.103125,0.171875,2.343749999999987e-05
36,28,-0.103125,0.17812499999999998,2.343749999999987e-05
36,29,-0.103125,0.18437499999999998,2.3437499999999763e-05
36,30,-0.103125,0.190625,2.343749999999987e-05
36,31,-0.103125,0.19687499999999997,2.343749999999987e-05
36,32,-0.103125,0.203125,2.343749999999987e-05
36,33,-0.103125,0.20937499999999998,2.343749999999987e-05
36,34,-0.103125,0.21562499999999998,2.3437499999999763e-05
36,35,-0.103125,0.221875,2.343749999999987e-05
36,36,-0.103125,0.22812499999999997,2.343749999999987e-05
36,37,-0.103125,0.234375,2.343749999999987e-05
36,38,-0.103125,0.24062499999999998,2.3437499999999763e-05
36,39,-0.103125,0.24687499999999996,2.343749999999987e-05
36,40,-0.103125,0.253125,2.343749999999987e-05
36,41,-0.103125,0.25937499999999997,2.3437499999999763e-05
36,42,-0.103125,0.265625,2.3437499999999973e-05
36,43,-0.103125,0.271875,2.3437499999999763e-05
36,44,-0.103125,0.27812499999999996,2.3437499999999973e-05
36,45,-0.103125,0.284375,2.3437499999999763e-05
36,46,-0.103125,0.29062499999999997,2.3437499999999763e-05
36,47,-0.103125,0.296875,2.3437499999999973e-05
36,48,-0.103125,0.303125,2.3437499999999763e-05
36,49,-0.103125,0.30937499999999996,2.3437499999999973e-05
36,50,-0.103125,0.315625,2.3437499999999763e-05
36,51,-0.103125,0.32187499999999997,2.3437499999999763e-05
36,52,-0.103125,0.328125,2.3437499999999973e-05
36,53,-0.103125,0.334375,2.3437499999999763e-05
36,54,-0.103125,0.34062499999999996,2.3437499999999763e-05
36,55,-0.103125,0.34687499999999993,2.3437499999999973e-05
36,56,-0.103125,0.35312499999999997,2.3437499999999763e-05
36,57,-0.103125,0.359375,2.3437499999999973e-05
36,58,-0.103125,0.365625,2.3437499999999763e-05
36,59,-0.103125,0.37187499999999996,2.3437499999999763e-05
36,60,-0.103125,0.37812499999999993,2.3437499999999973e-05
36,61,-0.103125,0.38437499999999997,2.3437499999999763e-05
36,62,-0.103125,0.390625,2.3437499999999973e-05
36,63,-0.103125,0.396875,2.3437499999999763e-05
36,64,-0.103125,0.40312499999999996,2.3437499999999763e-05
36,65,-0.103125,0.40937499999999993,2.3437499999999973e-05
36,66,-0.103125,0.41562499999999997,2.3437499999999763e-05
36,67,-0.103125,0.421875,2.3437499999999973e-05
36,68,-0.103125,0.428125,2.3437499999999763e-05
36,69,-0.103125,0.43437499999999996,2.3437499999999763e-05
36,70,-0.103125,0.44062499999999993,2.3437499999999973e-05
36,71,-0.103125,0.44687499999999997,2.3437499999999763e-05
36,72,-0.103125,0.453125,2.3437499999999973e-05
36,73,-0.103125,0.459375,2.3437499999999763e-05
36,74,-0.103125,0.46562499999999996,2.3437499999999763e-05
36,75,-0.103125,0.47187499999999993,2.3437499999999973e-05
36,76,-0.103125,0.47812499999999997,2.3437499999999763e-05
36,77,-0.103125,0.48437499999999994,2.3437499999999763e-05
36,78,-0.103125,0.490625,2.3437499999999973e-05
36,79,-0.103125,0.49687499999999996,2.3437499999999763e-05
36,80,-0.103125,0.5031249999999999,2.3437499999999973e-05
36,81,-0.103125,0.5093749999999999,2.3437499999999763e-05
36,82,-0.103125,0.515625,2.3437499999999763e-05
36,83,-0.103125,0.5218749999999999,2.3437499999999763e-05
36,84,-0.103125,0.528125,2.343750000000018e-05
36,85,-0.103125,0.534375,2.3437499999999763e-05
36,86,-0.103125,0.5406249999999999,2.3437499999999763e-05
36,87,-0.103125,0.546875,2.3437499999999763e-05
36,88,-0.103125,0.5531249999999999,2.3437499999999763e-05
36,89,-0.103125,0.559375,2.343750000000018e-05
36,90,-0.103125,0.565625,2.3437499999999763e-05
36,91,-0.103125,0.5718749999999999,2.3437499999999763e-05
36,92,-0.103125,0.578125,2.3437499999999763e-05
36,93,-0.103125,0.5843749999999999,2.3437499999999763e-05
36,94,-0.103125,0.590625,2.343750000000018e-05
36,95,-0.103125,0.596875,2.3437499999999763e-05
37,0,-0.099375,0.0031249999999999997,2.3437500000000017e-05
37,1,-0.099375,0.009375,2.3437500000000017e-05
37,2,-0.099375,0.015625,2.343750000000002e-05
37,3,-0.099375,0.021875,2.3437500000000014e-05
37,4,-0.099375,0.028124999999999997,2.3437500000000014e-05
37,5,-0.099375,0.034374999999999996,2.3437500000000028e-05
37,6,-0.099375,0.040624999999999994,2.3437500000000014e-05
37,7,-0.099375,0.046875,2.3437500000000014e-05
37,8,-0.099375,0.05312499999999999,2.3437500000000014e-05
37,9,-0.099375,0.059375,2.3437500000000014e-05
37,10,-0.099375,0.06562499999999999,2.3437500000000014e-05
37,11,-0.099375,0.071875,2.343750000000004e-05
37,12,-0.099375,0.078125,2.343749999999999e-05
37,13,-0.099375,0.08437499999999999,2.343750000000004e-05
37,14,-0.099375,0.09062499999999998,2.343749999999999e-05
37,15,-0.099375,0.09687499999999999,2.343750000000004e-05
37,16,-0.099375,0.103125,2.343750000000004e-05
37,17,-0.099375,0.109375,2.343749999999999e-05
37,18,-0.099375,0.11562499999999999,2.343750000000004e-05
37,19,-0.099375,0.12187499999999998,2.343749999999999e-05
37,20,-0.099375,0.128125,2.343749999999999e-05
37,21,-0.099375,0.13437499999999997,2.343750000000004e-05
37,22,-0.099375,0.140625,2.343750000000004e-05
37,23,-0.099375,0.14687499999999998,2.343750000000004e-05
37,24,-0.099375,0.153125,2.343750000000004e-05
37,25,-0.099375,0.159375,2.3437499999999936e-05
37,26,-0.099375,0.16562499999999997,2.343750000000004e-05
37,27,-0.099375,0.171875,2.343750000000004e-05
37,28,-0.099375,0.17812499999999998,2.343750000000004e-05
37,29,-0.099375,0.18437499999999998,2.3437499999999936e-05
37,30,-0.099375,0.190625,2.343750000000004e-05
37,31,-0.099375,0.19687499999999997,2.343750000000004e-05
37,32,-0.099375,0.203125,2.343750000000004e-05
37,33,-0.099375,0.20937499999999998,2.343750000000004e-05
37,34,-0.099375,0.21562499999999998,2.3437499999999936e-05
37,35,-0.099375,0.221875,2.343750000000004e-05
37,36,-0.099375,0.22812499999999997,2.343750000000004e-05
37,37,-0.099375,0.234375,2.343750000000004e-05
37,38,-0.099375,0.24062499999999998,2.3437499999999936e-05
37,39,-0.099375,0.24687499999999996,2.343750000000004e-05
37,40,-0.099375,0.253125,2.343750000000004e-05
37,41,-0.099375,0.25937499999999997,2.3437499999999936e-05
37,42,-0.099375,0.265625,2.3437500000000146e-05
37,43,-0.099375,0.271875,2.3437499999999936e-05
37,44,-0.099375,0.27812499999999996,2.3437500000000146e-05
37,45,-0.099375,0.284375,2.3437499999999936e-05
37,46,-0.099375,0.29062499999999997,2.3437499999999936e-05
37,47,-0.099375,0.296875,2.3437500000000146e-05
37,48,-0.099375,0.303125,2.3437499999999936e-05
37,49,-0.099375,0.30937499999999996,2.3437500000000146e-05
37,50,-0.099375,0.315625,2.3437499999999936e-05
37,51,-0.099375,0.32187499999999997,2.3437499999999936e-05
37,52,-0.099375,0.328125,2.3437500000000146e-05
37,53,-0.099375,0.334375,2.3437499999999936e-05
37,54,-0.099375,0.34062499999999996,2.3437499999999936e-05
37,55,-0.099375,0.34687499999999993,2.3437500000000146e-05
37,56,-0.099375,0.35312499999999997,2.3437499999999936e-05
37,57,-0.099375,0.359375,2.3437500000000146e-05
37,58,-0.099375,0.365625,2.3437499999999936e-05
37,59,-0.099375,0.37187499999999996,2.3437499999999936e-05
37,60,-0.099375,0.37812499999999993,2.3437500000000146e-05
37,61,-0.099375,0.38437499999999997,2.3437499999999936e-05
37,62,-0.099375,0.390625,2.3437500000000146e-05
37,63,-0.099375,0.396875,2.3437499999999936e-05
37,64,-0.099375,0.40312499999999996,2.3437499999999936e-05
37,65,-0.099375,0.40937499999999993,2.3437500000000146e-05
37,66,-0.099375,0.41562499999999997,2.3437499999999936e-05
37,67,-0.099375,0.421875,2.3437500000000146e-05
37,68,-0.099375,0.428125,2.3437499999999936e-05
37,69,-0.099375,0.43437499999999996,2.3437499999999936e-05
37,70,-0.099375,0.44062499999999993,2.3437500000000146e-05
37,71,-0.099375,0.44687499999999997,2.3437499999999936e-05
37,72,-0.099375,0.453125,2.3437500000000146e-05
37,73,-0.099375,0.459375,2.3437499999999936e-05
37,74,-0.099375,0.46562499999999996,2.3437499999999936e-05
37,75,-0.099375,0.47187499999999993,2.3437500000000146e-05
37,76,-0.099375,0.47812499999999997,2.3437499999999936e-05
37,77,-0.099375,0.48437499999999994,2.3437499999999936e-05
37,78,-0.099375,0.490625,2.3437500000000146e-05
37,79,-0.099375,0.49687499999999996,2.3437499999999936e-05
37,80,-0.099375,0.5031249999999999,2.3437500000000146e-05
37,81,-0.099375,0.5093749999999999,2.3437499999999936e-05
37,82,-0.099375,0.515625,2.3437499999999936e-05
37,83,-0.099375,0.5218749999999999,2.3437499999999936e-05
37,84,-0.099375,0.528125,2.3437500000000353e-05
37,85,-0.099375,0.534375,2.3437499999999936e-05
37,86,-0.099375,0.5406249999999999,2.3437499999999936e-05
37,87,-0.099375,0.546875,2.3437499999999936e-05
37,88,-0.099375,0.5531249999999999,2.3437499999999936e-05
37,89,-0.099375,0.559375,2.3437500000000353e-05
37,90,-0.099375,0.565625,2.3437499999999936e-05
37,91,-0.099375,0.5718749999999999,2.3437499999999936e-05
37,92,-0.099375,0.578125,2.3437499999999936e-05
37,93,-0.099375,0.5843749999999999,2.3437499999999936e-05
37,94,-0.099375,0.590625,2.3437500000000353e-05
37,95,-0.099375,0.596875,2.3437499999999936e-05
38,0,-0.095625,0.0031249999999999997,2.3437500000000017e-05
38,1,-0.095625,0.009375,2.3437500000000017e-05
38,2,-0.095625,0.015625,2.343750000000002e-05
38,3,-0.095625,0.021875,2.3437500000000014e-05
38,4,-0.095625,0.028124999999999997,2.3437500000000014e-05
38,5,-0.095625,0.034374999999999996,2.3437500000000028e-05
38,6,-0.095625,0.040624999999999994,2.3437500000000014e-05
38,7,-0.095625,0.046875,2.3437500000000014e-05
38,8,-0.095625,0.05312499999999999,2.3437500000000014e-05
38,9,-0.095625,0.059375,2.3437500000000014e-05
38,10,-0.095625,0.06562499999999999,2.3437500000000014e-05
38,11,-0.095625,0.071875,2.343750000000004e-05
38,12,-0.095625,0.078125,2.343749999999999e-05
38,13,-0.095625,0.08437499999999999,2.343750000000004e-05
38,14,-0.095625,0.09062499999999998,2.343749999999999e-05
38,15,-0.095625,0.09687499999999999,2.343750000000004e-05
38,16,-0.095625,0.103125,2.343750000000004e-05
38,17,-0.095625,0.109375,2.343749999999999e-05
38,18,-0.095625,0.11562499999999999,2.343750000000004e-05
38,19,-0.095625,0.12187499999999998,2.343749999999999e-05
38,20,-0.095625,0.128125,2.343749999999999e-05
38,21,-0.095625,0.13437499999999997,2.343750000000004e-05
38,22,-0.095625,0.140625,2.343750000000004e-05
38,23,-0.095625,0.14687499999999998,2.343750000000004e-05
38,24,-0.095625,0.153125,2.343750000000004e-05
38,25,-0.095625,0.159375,2.3437499999999936e-05
38,26,-0.095625,0.16562499999999997,2.343750000000004e-05
38,27,-0.095625,0.171875,2.343750000000004e-05
38,28,-0.095625,0.17812499999999998,2.343750000000004e-05
38,29,-0.095625,0.18437499999999998,2.3437499999999936e-05
38,30,-0.095625,0.190625,2.343750000000004e-05
38,31,-0.095625,0.19687499999999997,2.343750000000004e-05
38,32,-0.095625,0.203125,2.343750000000004e-05
38,33,-0.095625,0.20937499999999998,2.343750000000004e-05
38,34,-0.095625,0.21562499999999998,2.3437499999999936e-05
38,35,-0.095625,0.221875,2.343750000000004e-05
38,36,-0.095625,0.22812499999999997,2.343750000000004e-05
38,37,-0.095625,0.234375,2.343750000000004e-05
38,38,-0.095625,0.24062499999999998,2.3437499999999936e-05
38,39,-0.095625,0.24687499999999996,2.343750000000004e-05
38,40,-0.095625,0.253125,2.343750000000004e-05
38,41,-0.095625,0.25937499999999997,2.3437499999999936e-05
38,42,-0.095625,0.265625,2.3437500000000146e-05
38,43,-0.095625,0.271875,2.3437499999999936e-05
38,44,-0.095625,0.27812499999999996,2.3437500000000146e-05
38,45,-0.095625,0.284375,2.3437499999999936e-05
38,46,-0.095625,0.29062499999999997,2.3437499999999936e-05
38,47,-0.095625,0.296875,2.3437500000000146e-05
38,48,-0.095625,0.303125,2.3437499999999936e-05
38,49,-0.095625,0.30937499999999996,2.3437500000000146e-05
38,50,-0.095625,0.315625,2.3437499999999936e-05
38,51,-0.095625,0.32187499999999997,2.3437499999999936e-05
38,52,-0.095625,0.328125,2.3437500000000146e-05
38,53,-0.095625,0.334375,2.3437499999999936e-05
38,54,-0.095625,0.34062499999999996,2.3437499999999936e-05
38,55,-0.095625,0.34687499999999993,2.3437500000000146e-05
38,56,-0.095625,0.35312499999999997,2.3437499999999936e-05
38,57,-0.095625,0.359375,2.3437500000000146e-05
38,58,-0.095625,0.365625,2.3437499999999936e-05
38,59,-0.095625,0.37187499999999996,2.3437499999999936e-05
38,60,-0.095625,0.37812499999999993,2.3437500000000146e-05
38,61,-0.095625,0.38437499999999997,2.3437499999999936e-05
38,62,-0.095625,0.390625,2.3437500000000146e-05
38,63,-0.095625,0.396875,2.3437499999999936e-05
38,64,-0.095625,0.40312499999999996,2.3437499999999936e-05
38,65,-0.095625,0.40937499999999993,2.3437500000000146e-05
38,66,-0.095625,0.41562499999999997,2.3437499999999936e-05
38,67,-0.095625,0.421875,2.3437500000000146e-05
38,68,-0.095625,0.428125,2.3437499999999936e-05
38,69,-0.095625,0.43437499999999996,2.3437499999999936e-05
38,70,-0.095625,0.44062499999999993,2.3437500000000146e-05
38,71,-0.095625,0.44687499999999997,2.3437499999999936e-05
38,72,-0.095625,0.453125,2.3437500000000146e-05
38,73,-0.095625,0.459375,2.3437499999999936e-05
38,74,-0.095625,0.46562499999999996,2.3437499999999936e-05
38,75,-0.095625,0.47187499999999993,2.3437500000000146e-05
38,76,-0.095625,0.47812499999999997,2.3437499999999936e-05
38,77,-0.095625,0.48437499999999994,2.3437499999999936e-05
38,78,-0.095625,0.490625,2.3437500000000146e-05
38,79,-0.095625,0.49687499999999996,2.3437499999999936e-05
38,80,-0.095625,0.5031249999999999,2.3437500000000146e-05
38,81,-0.095625,0.5093749999999999,2.3437499999999936e-05
38,82,-0.095625,0.515625,2.3437499999999936e-05
38,83,-0.095625,0.5218749999999999,2.3437499999999936e-05
38,84,-0.095625,0.528125,2.3437500000000353e-05
38,85,-0.095625,0.534375,2.3437499999999936e-05
38,86,-0.095625,0.5406249999999999,2.3437499999999936e-05
38,87,-0.095625,0.546875,2.3437499999999936e-05
38,88,-0.095625,0.5531249999999999,2.3437499999999936e-05
38,89,-0.095625,0.559375,2.3437500000000353e-05
38,90,-0.095625,0.565625,2.3437499999999936e-05
38,91,-0.095625,0.5718749999999999,2.3437499999999936e-05
38,92,-0.095625,0.578125,2.3437499999999936e-05
38,93,-0.095625,0.5843749999999999,2.3437499999999936e-05
38,94,-0.095625,0.590625,2.3437500000000353e-05
38,95,-0.095625,0.596875,2.3437499999999936e-05
39,0,-0.091875,0.0031249999999999997,2.3437500000000017e-05
39,1,-0.091875,0.009375,2.3437500000000017e-05
39,2,-0.091875,0.015625,2.343750000000002e-05
39,3,-0.091875,0.021875,2.3437500000000014e-05
39,4,-0.091875,0.028124999999999997,2.3437500000000014e-05
39,5,-0.091875,0.034374999999999996,2.3437500000000028e-05
39,6,-0.091875,0.040624999999999994,2.3437500000000014e-05
39,7,-0.091875,0.046875,2.3437500000000014e-05
39,8,-0.091875,0.05312499999999999,2.3437500000000014e-05
39,9,-0.091875,0.059375,2.3437500000000014e-05
39,10,-0.091875,0.06562499999999999,2.3437500000000014e-05
39,11,-0.091875,0.071875,2.343750000000004e-05
39,12,-0.091875,0.078125,2.343749999999999e-05
39,13,-0.091875,0.08437499999999999,2.343750000000004e-05
39,14,-0.091875,0.09062499999999998,2.343749999999999e-05
39,15,-0.091875,0.09687499999999999,2.343750000000004e-05
39,16,-0.091875,0.103125,2.343750000000004e-05
39,17,-0.091875,0.109375,2.343749999999999e-05
39,18,-0.091875,0.11562499999999999,2.343750000000004e-05
39,19,-0.091875,0.12187499999999998,2.343749999999999e-05
39,20,-0.091875,0.128125,2.343749999999999e-05
39,21,-0.091875,0.13437499999999997,2.343750000000004e-05
39,22,-0.091875,0.140625,2.343750000000004e-05
39,23,-0.091875,0.14687499999999998,2.343750000000004e-05
39,24,-0.091875,0.153125,2.343750000000004e-05
39,25,-0.091875,0.159375,2.3437499999999936e-05
39,26,-0.091875,0.16562499999999997,2.343750000000004e-05
39,27,-0.091875,0.171875,2.343750000000004e-05
39,28,-0.091875,0.17812499999999998,2.343750000000004e-05
39,29,-0.091875,0.18437499999999998,2.3437499999999936e-05
39,30,-0.091875,0.190625,2.343750000000004e-05
39,31,-0.091875,0.19687499999999997,2.343750000000004e-05
39,32,-0.091875,0.203125,2.343750000000004e-05
39,33,-0.091875,0.20937499999999998,2.343750000000004e-05
39,34,-0.091875,0.21562499999999998,2.3437499999999936e-05
39,35,-0.091875,0.221875,2.343750000000004e-05
39,36,-0.091875,0.22812499999999997,2.343750000000004e-05
39,37,-0.091875,0.234375,2.343750000000004e-05
39,38,-0.091875,0.24062499999999998,2.3437499999999936e-05
39,39,-0.091875,0.24687499999999996,2.343750000000004e-05
39,40,-0.091875,0.253125,2.343750000000004e-05
39,41,-0.091875,0.25937499999999997,2.3437499999999936e-05
39,42,-0.091875,0.265625,2.3437500000000146e-05
39,43,-0.091875,0.271875,2.3437499999999936e-05
39,44,-0.091875,0.27812499999999996,2.3437500000000146e-05
39,45,-0.091875,0.284375,2.3437499999999936e-05
39,46,-0.091875,0.29062499999999997,2.3437499999999936e-05
39,47,-0.091875,0.296875,2.3437500000000146e-05
39,48,-0.091875,0.303125,2.3437499999999936e-05
39,49,-0.091875,0.30937499999999996,2.3437500000000146e-05
39,50,-0.091875,0.315625,2.3437499999999936e-05
39,51,-0.091875,0.32187499999999997,2.3437499999999936e-05
39,52,-0.091875,0.328125,2.3437500000000146e-05
39,53,-0.091875,0.334375,2.3437499999999936e-05
39,54,-0.091875,0.34062499999999996,2.3437499999999936e-05
39,55,-0.091875,0.34687499999999993,2.3437500000000146e-05
39,56,-0.091875,0.35312499999999997,2.3437499999999936e-05
39,57,-0.091875,0.359375,2.3437500000000146e-05
39,58,-0.091875,0.365625,2.3437499999999936e-05
39,59,-0.091875,0.37187499999999996,2.3437499999999936e-05
39,60,-0.091875,0.37812499999999993,2.3437500000000146e-05
39,61,-0.091875,0.38437499999999997,2.3437499999999936e-05
39,62,-0.091875,0.390625,2.3437500000000146e-05
39,63,-0.091875,0.396875,2.3437499999999936e-05
39,64,-0.091875,0.40312499999999996,2.3437499999999936e-05
39,65,-0.091875,0.40937499999999993,2.3437500000000146e-05
39,66,-0.091875,0.41562499999999997,2.3437499999999936e-05
39,67,-0.091875,0.421875,2.3437500000000146e-05
39,68,-0.091875,0.428125,2.3437499999999936e-05
39,69,-0.091875,0.43437499999999996,2.3437499999999936e-05
39,70,-0.091875,0.44062499999999993,2.3437500000000146e-05
39,71,-0.091875,0.44687499999999997,2.3437499999999936e-05
39,72,-0.091875,0.453125,2.3437500000000146e-05
39,73,-0.091875,0.459375,2.3437499999999936e-05
39,74,-0.091875,0.46562499999999996,2.3437499999999936e-05
39,75,-0.091875,0.47187499999999993,2.3437500000000146e-05
39,76,-0.091875,0.47812499999999997,2.3437499999999936e-05
39,77,-0.091875,0.48437499999999994,2.3437499999999936e-05
39,78,-0.091875,0.490625,2.3437500000000146e-05
39,79,-0.091875,0.49687499999999996,2.3437499999999936e-05
39,80,-0.091875,0.5031249999999999,2.3437500000000146e-05
39,81,-0.091875,0.5093749999999999,2.3437499999999936e-05
39,82,-0.091875,0.515625,2.3437499999999936e-05
39,83,-0.091875,0.5218749999999999,2.3437499999999936e-05
39,84,-0.091875,0.528125,2.3437500000000353e-05
39,85,-0.091875,0.534375,2.3437499999999936e-05
39,86,-0.091875,0.5406249999999999,2.3437499999999936e-05
39,87,-0.091875,0.546875,2.3437499999999936e-05
39,88,-0.091875,0.5531249999999999,2.3437499999999936e-05
39,89,-0.091875,0.559375,2.3437500000000353e-05
39,90,-0.091875,0.565625,2.3437499999999936e-05
39,91,-0.091875,0.5718749999999999,2.3437499999999936e-05
39,92,-0.091875,0.578125,2.3437499999999936e-05
39,93,-0.091875,0.5843749999999999,2.3437499999999936e-05
39,94,-0.091875,0.590625,2.3437500000000353e-05
39,95,-0.091875,0.596875,2.3437499999999936e-05
40,0,-0.088125,0.0031249999999999997,2.3437500000000017e-05
40,1,-0.088125,0.009375,2.3437500000000017e-05
40,2,-0.088125,0.015625,2.343750000000002e-05
40,3,-0.088125,0.021875,2.3437500000000014e-05
40,4,-0.088125,0.028124999999999997,2.3437500000000014e-05
40,5,-0.088125,0.034374999999999996,2.3437500000000028e-05
40,6,-0.088125,0.040624999999999994,2.3437500000000014e-05
40,7,-0.088125,0.046875,2.3437500000000014e-05
40,8,-0.088125,0.05312499999999999,2.3437500000000014e-05
40,9,-0.088125,0.059375,2.3437500000000014e-05
40,10,-0.088125,0.06562499999999999,2.3437500000000014e-05
40,11,-0.088125,0.071875,2.343750000000004e-05
40,12,-0.088125,0.078125,2.343749999999999e-05
40,13,-0.088125,0.08437499999999999,2.343750000000004e-05
40,14,-0.088125,0.09062499999999998,2.343749999999999e-05
40,15,-0.088125,0.09687499999999999,2.343750000000004e-05
40,16,-0.088125,0.103125,2.343750000000004e-05
40,17,-0.088125,0.109375,2.343749999999999e-05
40,18,-0.088125,0.11562499999999999,2.343750000000004e-05
40,19,-0.088125,0.12187499999999998,2.343749999999999e-05
40,20,-0.088125,0.128125,2.343749999999999e-05
40,21,-0.088125,0.13437499999999997,2.343750000000004e-05
40,22,-0.088125,0.140625,2.343750000000004e-05
40,23,-0.088125,0.14687499999999998,2.343750000000004e-05
40,24,-0.088125,0.153125,2.343750000000004e-05
40,25,-0.088125,0.159375,2.3437499999999936e-05
40,26,-0.088125,0.16562499999999997,2.343750000000004e-05
40,27,-0.088125,0.171875,2.343750000000004e-05
40,28,-0.088125,0.17812499999999998,2.343750000000004e-05
40,29,-0.088125,0.18437499999999998,2.3437499999999936e-05
40,30,-0.088125,0.190625,2.343750000000004e-05
40,31,-0.088125,0.19687499999999997,2.343750000000004e-05
40,32,-0.088125,0.203125,2.343750000000004e-05
40,33,-0.088125,0.20937499999999998,2.343750000000004e-05
40,34,-0.088125,0.21562499999999998,2.3437499999999936e-05
40,35,-0.088125,0.221875,2.343750000000004e-05
40,36,-0.088125,0.22812499999999997,2.343750000000004e-05
40,37,-0.088125,0.234375,2.343750000000004e-05
40,38,-0.088125,0.24062499999999998,2.3437499999999936e-05
40,39,-0.088125,0.24687499999999996,2.343750000000004e-05
40,40,-0.088125,0.253125,2.343750000000004e-05
40,41,-0.088125,0.25937499999999997,2.3437499999999936e-05
40,42,-0.088125,0.265625,2.3437500000000146e-05
40,43,-0.088125,0.271875,2.3437499999999936e-05
40,44,-0.088125,0.27812499999999996,2.3437500000000146e-05
40,45,-0.088125,0.284375,2.3437499999999936e-05
40,46,-0.088125,0.29062499999999997,2.3437499999999936e-05
40,47,-0.088125,0.296875,2.3437500000000146e-05
40,48,-0.088125,0.303125,2.3437499999999936e-05
40,49,-0.088125,0.30937499999999996,2.3437500000000146e-05
40,50,-0.088125,0.315625,2.3437499999999936e-05
40,51,-0.088125,0.32187499999999997,2.3437499999999936e-05
40,52,-0.088125,0.328125,2.3437500000000146e-05
40,53,-0.088125,0.334375,2.3437499999999936e-05
40,54,-0.088125,0.34062499999999996,2.3437499999999936e-05
40,55,-0.088125,0.34687499999999993,2.3437500000000146e-05
40,56,-0.088125,0.35312499999999997,2.3437499999999936e-05
40,57,-0.088125,0.359375,2.3437500000000146e-05
40,58,-0.088125,0.365625,2.3437499999999936e-05
40,59,-0.088125,0.37187499999999996,2.3437499999999936e-05
40,60,-0.088125,0.37812499999999993,2.3437500000000146e-05
40,61,-0.088125,0.38437499999999997,2.3437499999999936e-05
40,62,-0.088125,0.390625,2.3437500000000146e-05
40,63,-0.088125,0.396875,2.3437499999999936e-05
40,64,-0.088125,0.40312499999999996,2.3437499999999936e-05
40,65,-0.088125,0.40937499999999993,2.3437500000000146e-05
40,66,-0.088125,0.41562499999999997,2.3437499999999936e-05
40,67,-0.088125,0.421875,2.3437500000000146e-05
40,68,-0.088125,0.428125,2.3437499999999936e-05
40,69,-0.088125,0.43437499999999996,2.3437499999999936e-05
40,70,-0.088125,0.44062499999999993,2.3437500000000146e-05
40,71,-0.088125,0.44687499999999997,2.3437499999999936e-05
40,72,-0.088125,0.453125,2.3437500000000146e-05
40,73,-0.088125,0.459375,2.3437499999999936e-05
40,74,-0.088125,0.46562499999999996,2.3437499999999936e-05
40,75,-0.088125,0.47187499999999993,2.3437500000000146e-05
40,76,-0.088125,0.47812499999999997,2.3437499999999936e-05
40,77,-0.088125,0.48437499999999994,2.3437499999999936e-05
40,78,-0.088125,0.490625,2.3437500000000146e-05
40,79,-0.088125,0.49687499999999996,2.3437499999999936e-05
40,80,-0.088125,0.5031249999999999,2.3437500000000146e-05
40,81,-0.088125,0.5093749999999999,2.3437499999999936e-05
40,82,-0.088125,0.515625,2.3437499999999936e-05
40,83,-0.088125,0.5218749999999999,2.3437499999999936e-05
40,84,-0.088125,0.528125,2.3437500000000353e-05
40,85,-0.088125,0.534375,2.3437499999999936e-05
40,86,-0.088125,0.5406249999999999,2.3437499999999936e-05
40,87,-0.088125,0.546875,2.3437499999999936e-05
40,88,-0.088125,0.5531249999999999,2.3437499999999936e-05
40,89,-0.088125,0.559375,2.3437500000000353e-05
40,90,-0.088125,0.565625,2.3437499999999936e-05
40,91,-0.088125,0.5718749999999999,2.3437499999999936e-05
40,92,-0.088125,0.578125,2.3437499999999936e-05
40,93,-0.088125,0.5843749999999999,2.3437499999999936e-05
40,94,-0.088125,0.590625,2.3437500000000353e-05
40,95,-0.088125,0.596875,2.3437499999999936e-05
41,0,-0.08437499999999999,0.0031249999999999997,2.3437500000000017e-05
41,1,-0.08437499999999999,0.009375,2.3437500000000017e-05
41,2,-0.08437499999999999,0.015625,2.343750000000002e-05
41,3,-0.08437499999999999,0.021875,2.3437500000000014e-05
41,4,-0.08437499999999999,0.028124999999999997,2.3437500000000014e-05
41,5,-0.08437499999999999,0.034374999999999996,2.3437500000000028e-05
41,6,-0.08437499999999999,0.040624999999999994,2.3437500000000014e-05
41,7,-0.08437499999999999,0.046875,2.3437500000000014e-05
41,8,-0.08437499999999999,0.05312499999999999,2.3437500000000014e-05
41,9,-0.08437499999999999,0.059375,2.3437500000000014e-05
41,10,-0.08437499999999999,0.06562499999999999,2.3437500000000014e-05
41,11,-0.08437499999999999,0.071875,2.343750000000004e-05
41,12,-0.08437499999999999,0.078125,2.343749999999999e-05
41,13,-0.08437499999999999,0.08437499999999999,2.343750000000004e-05
41,14,-0.08437499999999999,0.09062499999999998,2.343749999999999e-05
41,15,-0.08437499999999999,0.09687499999999999,2.343750000000004e-05
41,16,-0.08437499999999999,0.103125,2.343750000000004e-05
41,17,-0.08437499999999999,0.109375,2.343749999999999e-05
41,18,-0.08437499999999999,0.11562499999999999,2.343750000000004e-05
41,19,-0.08437499999999999,0.12187499999999998,2.343749999999999e-05
41,20,-0.08437499999999999,0.128125,2.343749999999999e-05
41,21,-0.08437499999999999,0.13437499999999997,2.343750000000004e-05
41,22,-0.08437499999999999,0.140625,2.343750000000004e-05
41,23,-0.08437499999999999,0.14687499999999998,2.343750000000004e-05
41,24,-0.08437499999999999,0.153125,2.343750000000004e-05
41,25,-0.08437499999999999,0.159375,2.3437499999999936e-05
41,26,-0.08437499999999999,0.16562499999999997,2.343750000000004e-05
41,27,-0.08437499999999999,0.171875,2.343750000000004e-05
41,28,-0.08437499999999999,0.17812499999999998,2.343750000000004e-05
41,29,-0.08437499999999999,0.18437499999999998,2.3437499999999936e-05
41,30,-0.08437499999999999,0.190625,2.343750000000004e-05
41,31,-0.08437499999999999,0.19687499999999997,2.343750000000004e-05
41,32,-0.08437499999999999,0.203125,2.343750000000004e-05
41,33,-0.08437499999999999,0.20937499999999998,2.343750000000004e-05
41,34,-0.08437499999999999,0.21562499999999998,2.3437499999999936e-05
41,35,-0.08437499999999999,0.221875,2.343750000000004e-05
41,36,-0.08437499999999999,0.22812499999999997,2.343750000000004e-05
41,37,-0.08437499999999999,0.234375,2.343750000000004e-05
41,38,-0.08437499999999999,0.24062499999999998,2.3437499999999936e-05
41,39,-0.08437499999999999,0.24687499999999996,2.343750000000004e-05
41,40,-0.08437499999999999,0.253125,2.343750000000004e-05
41,41,-0.08437499999999999,0.25937499999999997,2.3437499999999936e-05
41,42,-0.08437499999999999,0.265625,2.3437500000000146e-05
41,43,-0.08437499999999999,0.271875,2.3437499999999936e-05
41,44,-0.08437499999999999,0.27812499999999996,2.3437500000000146e-05
41,45,-0.08437499999999999,0.284375,2.3437499999999936e-05
41,46,-0.08437499999999999,0.29062499999999997,2.3437499999999936e-05
41,47,-0.08437499999999999,0.296875,2.3437500000000146e-05
41,48,-0.08437499999999999,0.303125,2.3437499999999936e-05
41,49,-0.08437499999999999,0.30937499999999996,2.3437500000000146e-05
41,50,-0.08437499999999999,0.315625,2.3437499999999936e-05
41,51,-0.08437499999999999,0.32187499999999997,2.3437499999999936e-05
41,52,-0.08437499999999999,0.328125,2.3437500000000146e-05
41,53,-0.08437499999999999,0.334375,2.3437499999999936e-05
41,54,-0.08437499999999999,0.34062499999999996,2.3437499999999936e-05
41,55,-0.08437499999999999,0.34687499999999993,2.3437500000000146e-05
41,56,-0.08437499999999999,0.35312499999999997,2.3437499999999936e-05
41,57,-0.08437499999999999,0.359375,2.3437500000000146e-05
41,58,-0.08437499999999999,0.365625,2.3437499999999936e-05
41,59,-0.08437499999999999,0.37187499999999996,2.3437499999999936e-05
41,60,-0.08437499999999999,0.37812499999999993,2.3437500000000146e-05
41,61,-0.08437499999999999,0.38437499999999997,2.3437499999999936e-05
41,62,-0.08437499999999999,0.390625,2.3437500000000146e-05
41,63,-0.08437499999999999,0.396875,2.3437499999999936e-05
41,64,-0.08437499999999999,0.40312499999999996,2.3437499999999936e-05
41,65,-0.08437499999999999,0.40937499999999993,2.3437500000000146e-05
41,66,-0.08437499999999999,0.41562499999999997,2.3437499999999936e-05
41,67,-0.08437499999999999,0.421875,2.3437500000000146e-05
41,68,-0.08437499999999999,0.428125,2.3437499999999936e-05
41,69,-0.08437499999999999,0.43437499999999996,2.3437499999999936e-05
41,70,-0.08437499999999999,0.44062499999999993,2.3437500000000146e-05
41,71,-0.08437499999999999,0.44687499999999997,2.3437499999999936e-05
41,72,-0.08437499999999999,0.453125,2.3437500000000146e-05
41,73,-0.08437499999999999,0.459375,2.3437499999999936e-05
41,74,-0.08437499999999999,0.46562499999999996,2.3437499999999936e-05
41,75,-0.08437499999999999,0.47187499999999993,2.3437500000000146e-05
41,76,-0.08437499999999999,0.47812499999999997,2.3437499999999936e-05
41,77,-0.08437499999999999,0.48437499999999994,2.3437499999999936e-05
41,78,-0.08437499999999999,0.490625,2.3437500000000146e-05
41,79,-0.08437499999999999,0.49687499999999996,2.3437499999999936e-05
41,80,-0.08437499999999999,0.5031249999999999,2.3437500000000146e-05
41,81,-0.08437499999999999,0.5093749999999999,2.3437499999999936e-05
41,82,-0.08437499999999999,0.515625,2.3437499999999936e-05
41,83,-0.08437499999999999,0.5218749999999999,2.3437499999999936e-05
41,84,-0.08437499999999999,0.528125,2.3437500000000353e-05
41,85,-0.08437499999999999,0.534375,2.3437499999999936e-05
41,86,-0.08437499999999999,0.5406249999999999,2.3437499999999936e-05
41,87,-0.08437499999999999,0.546875,2.3437499999999936e-05
41,88,-0.08437499999999999,0.5531249999999999,2.3437499999999936e-05
41,89,-0.08437499999999999,0.559375,2.3437500000000353e-05
41,90,-0.08437499999999999,0.565625,2.3437499999999936e-05
41,91,-0.08437499999999999,0.5718749999999999,2.3437499999999936e-05
41,92,-0.08437499999999999,0.578125,2.3437499999999936e-05
41,93,-0.08437499999999999,0.5843749999999999,2.3437499999999936e-05
41,94,-0.08437499999999999,0.590625,2.3437500000000353e-05
41,95,-0.08437499999999999,0.596875,2.3437499999999936e-05
42,0,-0.08062499999999999,0.0031249999999999997,2.3437500000000017e-05
42,1,-0.08062499999999999,0.009375,2.3437500000000017e-05
42,2,-0.08062499999999999,0.015625,2.343750000000002e-05
42,3,-0.08062499999999999,0.021875,2.3437500000000014e-05
42,4,-0.08062499999999999,0.028124999999999997,2.3437500000000014e-05
42,5,-0.08062499999999999,0.034374999999999996,2.3437500000000028e-05
42,6,-0.08062499999999999,0.040624999999999994,2.3437500000000014e-05
42,7,-0.08062499999999999,0.046875,2.3437500000000014e-05
42,8,-0.08062499999999999,0.05312499999999999,2.3437500000000014e-05
42,9,-0.08062499999999999,0.059375,2.3437500000000014e-05
42,10,-0.08062499999999999,0.06562499999999999,2.3437500000000014e-05
42,11,-0.08062499999999999,0.071875,2.343750000000004e-05
42,12,-0.08062499999999999,0.078125,2.343749999999999e-05
42,13,-0.08062499999999999,0.08437499999999999,2.343750000000004e-05
42,14,-0.08062499999999999,0.09062499999999998,2.343749999999999e-05
42,15,-0.08062499999999999,0.09687499999999999,2.343750000000004e-05
42,16,-0.08062499999999999,0.103125,2.343750000000004e-05
42,17,-0.08062499999999999,0.109375,2.343749999999999e-05
42,18,-0.08062499999999999,0.11562499999999999,2.343750000000004e-05
42,19,-0.08062499999999999,0.12187499999999998,2.343749999999999e-05
42,20,-0.08062499999999999,0.128125,2.343749999999999e-05
42,21,-0.08062499999999999,0.13437499999999997,2.343750000000004e-05
42,22,-0.08062499999999999,0.140625,2.343750000000004e-05
42,23,-0.08062499999999999,0.14687499999999998,2.343750000000004e-05
42,24,-0.08062499999999999,0.153125,2.343750000000004e-05
42,25,-0.08062499999999999,0.159375,2.3437499999999936e-05
42,26,-0.08062499999999999,0.16562499999999997,2.343750000000004e-05
42,27,-0.08062499999999999,0.171875,2.343750000000004e-05
42,28,-0.08062499999999999,0.17812499999999998,2.343750000000004e-05
42,29,-0.08062499999999999,0.18437499999999998,2.3437499999999936e-05
42,30,-0.08062499999999999,0.190625,2.343750000000004e-05
42,31,-0.08062499999999999,0.19687499999999997,2.343750000000004e-05
42,32,-0.08062499999999999,0.203125,2.343750000000004e-05
42,33,-0.08062499999999999,0.20937499999999998,2.343750000000004e-05
42,34,-0.08062499999999999,0.21562499999999998,2.3437499999999936e-05
42,35,-0.08062499999999999,0.221875,2.343750000000004e-05
42,36,-0.08062499999999999,0.22812499999999997,2.343750000000004e-05
42,37,-0.08062499999999999,0.234375,2.343750000000004e-05
42,38,-0.08062499999999999,0.24062499999999998,2.3437499999999936e-05
42,39,-0.08062499999999999,0.24687499999999996,2.343750000000004e-05
42,40,-0.08062499999999999,0.253125,2.343750000000004e-05
42,41,-0.08062499999999999,0.25937499999999997,2.3437499999999936e-05
42,42,-0.08062499999999999,0.265625,2.3437500000000146e-05
42,43,-0.08062499999999999,0.271875,2.3437499999999936e-05
42,44,-0.08062499999999999,0.27812499999999996,2.3437500000000146e-05
42,45,-0.08062499999999999,0.284375,2.3437499999999936e-05
42,46,-0.08062499999999999,0.29062499999999997,2.3437499999999936e-05
42,47,-0.08062499999999999,0.296875,2.3437500000000146e-05
42,48,-0.08062499999999999,0.303125,2.3437499999999936e-05
42,49,-0.08062499999999999,0.30937499999999996,2.3437500000000146e-05
42,50,-0.08062499999999999,0.315625,2.3437499999999936e-05
42,51,-0.08062499999999999,0.32187499999999997,2.3437499999999936e-05
42,52,-0.08062499999999999,0.328125,2.3437500000000146e-05
42,53,-0.08062499999999999,0.334375,2.3437499999999936e-05
42,54,-0.08062499999999999,0.34062499999999996,2.3437499999999936e-05
42,55,-0.08062499999999999,0.34687499999999993,2.3437500000000146e-05
42,56,-0.08062499999999999,0.35312499999999997,2.3437499999999936e-05
42,57,-0.08062499999999999,0.359375,2.3437500000000146e-05
42,58,-0.08062499999999999,0.365625,2.3437499999999936e-05
42,59,-0.08062499999999999,0.37187499999999996,2.3437499999999936e-05
42,60,-0.08062499999999999,0.37812499999999993,2.3437500000000146e-05
42,61,-0.08062499999999999,0.38437499999999997,2.3437499999999936e-05
42,62,-0.08062499999999999,0.390625,2.3437500000000146e-05
42,63,-0.08062499999999999,0.396875,2.3437499999999936e-05
42,64,-0.08062499999999999,0.40312499999999996,2.3437499999999936e-05
42,65,-0.08062499999999999,0.40937499999999993,2.3437500000000146e-05
42,66,-0.08062499999999999,0.41562499999999997,2.3437499999999936e-05
42,67,-0.08062499999999999,0.421875,2.3437500000000146e-05
42,68,-0.08062499999999999,0.428125,2.3437499999999936e-05
42,69,-0.08062499999999999,0.43437499999999996,2.3437499999999936e-05
42,70,-0.08062499999999999,0.44062499999999993,2.3437500000000146e-05
42,71,-0.08062499999999999,0.44687499999999997,2.3437499999999936e-05
42,72,-0.08062499999999999,0.453125,2.3437500000000146e-05
42,73,-0.08062499999999999,0.459375,2.3437499999999936e-05
42,74,-0.08062499999999999,0.46562499999999996,2.3437499999999936e-05
42,75,-0.08062499999999999,0.47187499999999993,2.3437500000000146e-05
42,76,-0.08062499999999999,0.47812499999999997,2.3437499999999936e-05
42,77,-0.08062499999999999,0.48437499999999994,2.3437499999999936e-05
42,78,-0.08062499999999999,0.490625,2.3437500000000146e-05
42,79,-0.08062499999999999,0.49687499999999996,2.3437499999999936e-05
42,80,-0.08062499999999999,0.5031249999999999,2.3437500000000146e-05
42,81,-0.08062499999999999,0.5093749999999999,2.3437499999999936e-05
42,82,-0.08062499999999999,0.515625,2.3437499999999936e-05
42,83,-0.08062499999999999,0.5218749999999999,2.3437499999999936e-05
42,84,-0.08062499999999999,0.528125,2.3437500000000353e-05
42,85,-0.08062499999999999,0.534375,2.3437499999999936e-05
42,86,-0.08062499999999999,0.5406249999999999,2.3437499999999936e-05
42,87,-0.08062499999999999,0.546875,2.3437499999999936e-05
42,88,-0.08062499999999999,0.5531249999999999,2.3437499999999936e-05
42,89,-0.08062499999999999,0.559375,2.3437500000000353e-05
42,90,-0.08062499999999999,0.565625,2.3437499999999936e-05
42,91,-0.08062499999999999,0.5718749999999999,2.3437499999999936e-05
42,92,-0.08062499999999999,0.578125,2.3437499999999936e-05
42,93,-0.08062499999999999,0.5843749999999999,2.3437499999999936e-05
42,94,-0.08062499999999999,0.590625,2.3437500000000353e-05
42,95,-0.08062499999999999,0.596875,2.3437499999999936e-05
43,0,-0.076875,0.0031249999999999997,2.3437499999999845e-05
43,1,-0.076875,0.009375,2.3437499999999845e-05
43,2,-0.076875,0.015625,2.3437499999999848e-05
43,3,-0.076875,0.021875,2.343749999999984e-05
43,4,-0.076875,0.028124999999999997,2.343749999999984e-05
43,5,-0.076875,0.034374999999999996,2.3437499999999855e-05
43,6,-0.076875,0.040624999999999994,2.343749999999984e-05
43,7,-0.076875,0.046875,2.343749999999984e-05
43,8,-0.076875,0.05312499999999999,2.343749999999984e-05
43,9,-0.076875,0.059375,2.343749999999984e-05
43,10,-0.076875,0.06562499999999999,2.343749999999984e-05
43,11,-0.076875,0.071875,2.343749999999987e-05
43,12,-0.076875,0.078125,2.3437499999999818e-05
43,13,-0.076875,0.08437499999999999,2.343749999999987e-05
43,14,-0.076875,0.09062499999999998,2.3437499999999818e-05
43,15,-0.076875,0.09687499999999999,2.343749999999987e-05
43,16,-0.076875,0.103125,2.343749999999987e-05
43,17,-0.076875,0.109375,2.3437499999999818e-05
43,18,-0.076875,0.11562499999999999,2.343749999999987e-05
43,19,-0.076875,0.12187499999999998,2.3437499999999818e-05
43,20,-0.076875,0.128125,2.3437499999999818e-05
43,21,-0.076875,0.13437499999999997,2.343749999999987e-05
43,22,-0.076875,0.140625,2.343749999999987e-05
43,23,-0.076875,0.14687499999999998,2.343749999999987e-05
43,24,-0.076875,0.153125,2.343749999999987e-05
43,25,-0.076875,0.159375,2.3437499999999763e-05
43,26,-0.076875,0.16562499999999997,2.343749999999987e-05
43,27,-0.076875,0.171875,2.343749999999987e-05
43,28,-0.076875,0.17812499999999998,2.343749999999987e-05
43,29,-0.076875,0.18437499999999998,2.3437499999999763e-05
43,30,-0.076875,0.190625,2.343749999999987e-05
43,31,-0.076875,0.19687499999999997,2.343749999999987e-05
43,32,-0.076875,0.203125,2.343749999999987e-05
43,33,-0.076875,0.20937499999999998,2.343749999999987e-05
43,34,-0.076875,0.21562499999999998,2.3437499999999763e-05
43,35,-0.076875,0.221875,2.343749999999987e-05
43,36,-0.076875,0.22812499999999997,2.343749999999987e-05
43,37,-0.076875,0.234375,2.343749999999987e-05
43,38,-0.076875,0.24062499999999998,2.3437499999999763e-05
43,39,-0.076875,0.24687499999999996,2.343749999999987e-05
43,40,-0.076875,0.253125,2.343749999999987e-05
43,41,-0.076875,0.25937499999999997,2.3437499999999763e-05
43,42,-0.076875,0.265625,2.3437499999999973e-05
43,43,-0.076875,0.271875,2.3437499999999763e-05
43,44,-0.076875,0.27812499999999996,2.3437499999999973e-05
43,45,-0.076875,0.284375,2.3437499999999763e-05
43,46,-0.076875,0.29062499999999997,2.3437499999999763e-05
43,47,-0.076875,0.296875,2.3437499999999973e-05
43,48,-0.076875,0.303125,2.3437499999999763e-05
43,49,-0.076875,0.30937499999999996,2.3437499999999973e-05
43,50,-0.076875,0.315625,2.3437499999999763e-05
43,51,-0.076875,0.32187499999999997,2.3437499999999763e-05
43,52,-0.076875,0.328125,2.3437499999999973e-05
43,53,-0.076875,0.334375,2.3437499999999763e-05
43,54,-0.076875,0.34062499999999996,2.3437499999999763e-05
43,55,-0.076875,0.34687499999999993,2.3437499999999973e-05
43,56,-0.076875,0.35312499999999997,2.3437499999999763e-05
43,57,-0.076875,0.359375,2.3437499999999973e-05
43,58,-0.076875,0.365625,2.3437499999999763e-05
43,59,-0.076875,0.37187499999999996,2.3437499999999763e-05
43,60,-0.076875,0.37812499999999993,2.3437499999999973e-05
43,61,-0.076875,0.38437499999999997,2.3437499999999763e-05
43,62,-0.076875,0.390625,2.3437499999999973e-05
43,63,-0.076875,0.396875,2.3437499999999763e-05
43,64,-0.076875,0.40312499999999996,2.3437499999999763e-05
43,65,-0.076875,0.40937499999999993,2.3437499999999973e-05
43,66,-0.076875,0.41562499999999997,2.3437499999999763e-05
43,67,-0.076875,0.421875,2.3437499999999973e-05
43,68,-0.076875,0.428125,2.3437499999999763e-05
43,69,-0.076875,0.43437499999999996,2.3437499999999763e-05
43,70,-0.076875,0.44062499999999993,2.3437499999999973e-05
43,71,-0.076875,0.44687499999999997,2.3437499999999763e-05
43,72,-0.076875,0.453125,2.3437499999999973e-05
43,73,-0.076875,0.459375,2.3437499999999763e-05
43,74,-0.076875,0.46562499999999996,2.3437499999999763e-05
43,75,-0.076875,0.47187499999999993,2.3437499999999973e-05
43,76,-0.076875,0.47812499999999997,2.3437499999999763e-05
43,77,-0.076875,0.48437499999999994,2.3437499999999763e-05
43,78,-0.076875,0.490625,2.3437499999999973e-05
43,79,-0.076875,0.49687499999999996,2.3437499999999763e-05
43,80,-0.076875,0.5031249999999999,2.3437499999999973e-05
43,81,-0.076875,0.5093749999999999,2.3437499999999763e-05
43,82,-0.076875,0.515625,2.3437499999999763e-05
43,83,-0.076875,0.5218749999999999,2.3437499999999763e-05
43,84,-0.076875,0.528125,2.343750000000018e-05
43,85,-0.076875,0.534375,2.3437499999999763e-05
43,86,-0.076875,0.5406249999999999,2.3437499999999763e-05
43,87,-0.076875,0.546875,2.3437499999999763e-05
43,88,-0.076875,0.5531249999999999,2.3437499999999763e-05
43,89,-0.076875,0.559375,2.343750000000018e-05
43,90,-0.076875,0.565625,2.3437499999999763e-05
43,91,-0.076875,0.5718749999999999,2.3437499999999763e-05
43,92,-0.076875,0.578125,2.3437499999999763e-05
43,93,-0.076875,0.5843749999999999,2.3437499999999763e-05
43,94,-0.076875,0.590625,2.343750000000018e-05
43,95,-0.076875,0.596875,2.3437499999999763e-05
44,0,-0.07312500000000001,0.0031249999999999997,2.3437500000000017e-05
44,1,-0.07312500000000001,0.009375,2.3437500000000017e-05
44,2,-0.07312500000000001,0.015625,2.343750000000002e-05
44,3,-0.07312500000000001,0.021875,2.3437500000000014e-05
44,4,-0.07312500000000001,0.028124999999999997,2.3437500000000014e-05
44,5,-0.07312500000000001,0.034374999999999996,2.3437500000000028e-05
44,6,-0.07312500000000001,0.040624999999999994,2.3437500000000014e-05
44,7,-0.07312500000000001,0.046875,2.3437500000000014e-05
44,8,-0.07312500000000001,0.05312499999999999,2.3437500000000014e-05
44,9,-0.07312500000000001,0.059375,2.3437500000000014e-05
44,10,-0.07312500000000001,0.06562499999999999,2.3437500000000014e-05
44,11,-0.07312500000000001,0.071875,2.343750000000004e-05
44,12,-0.07312500000000001,0.078125,2.343749999999999e-05
44,13,-0.07312500000000001,0.08437499999999999,2.343750000000004e-05
44,14,-0.07312500000000001,0.09062499999999998,2.343749999999999e-05
44,15,-0.07312500000000001,0.09687499999999999,2.343750000000004e-05
44,16,-0.07312500000000001,0.103125,2.343750000000004e-05
44,17,-0.07312500000000001,0.109375,2.343749999999999e-05
44,18,-0.07312500000000001,0.11562499999999999,2.343750000000004e-05
44,19,-0.07312500000000001,0.12187499999999998,2.343749999999999e-05
44,20,-0.07312500000000001,0.128125,2.343749999999999e-05
44,21,-0.07312500000000001,0.13437499999999997,2.343750000000004e-05
44,22,-0.07312500000000001,0.140625,2.343750000000004e-05
44,23,-0.07312500000000001,0.14687499999999998,2.343750000000004e-05
44,24,-0.07312500000000001,0.153125,2.343750000000004e-05
44,25,-0.07312500000000001,0.159375,2.3437499999999936e-05
44,26,-0.07312500000000001,0.16562499999999997,2.343750000000004e-05
44,27,-0.07312500000000001,0.171875,2.343750000000004e-05
44,28,-0.07312500000000001,0.17812499999999998,2.343750000000004e-05
44,29,-0.07312500000000001,0.18437499999999998,2.3437499999999936e-05
44,30,-0.07312500000000001,0.190625,2.343750000000004e-05
44,31,-0.07312500000000001,0.19687499999999997,2.343750000000004e-05
44,32,-0.07312500000000001,0.203125,2.343750000000004e-05
44,33,-0.07312500000000001,0.20937499999999998,2.343750000000004e-05
44,34,-0.07312500000000001,0.21562499999999998,2.3437499999999936e-05
44,35,-0.07312500000000001,0.221875,2.343750000000004e-05
44,36,-0.07312500000000001,0.22812499999999997,2.343750000000004e-05
44,37,-0.07312500000000001,0.234375,2.343750000000004e-05
44,38,-0.07312500000000001,0.24062499999999998,2.3437499999999936e-05
44,39,-0.07312500000000001,0.24687499999999996,2.343750000000004e-05
44,40,-0.07312500000000001,0.253125,2.343750000000004e-05
44,41,-0.07312500000000001,0.25937499999999997,2.3437499999999936e-05
44,42,-0.07312500000000001,0.265625,2.3437500000000146e-05
44,43,-0.07312500000000001,0.271875,2.3437499999999936e-05
44,44,-0.07312500000000001,0.27812499999999996,2.3437500000000146e-05
44,45,-0.07312500000000001,0.284375,2.3437499999999936e-05
44,46,-0.07312500000000001,0.29062499999999997,2.3437499999999936e-05
44,47,-0.07312500000000001,0.296875,2.3437500000000146e-05
44,48,-0.07312500000000001,0.303125,2.3437499999999936e-05
44,49,-0.07312500000000001,0.30937499999999996,2.3437500000000146e-05
44,50,-0.07312500000000001,0.315625,2.3437499999999936e-05
44,51,-0.07312500000000001,0.32187499999999997,2.3437499999999936e-05
44,52,-0.07312500000000001,0.328125,2.3437500000000146e-05
44,53,-0.07312500000000001,0.334375,2.3437499999999936e-05
44,54,-0.07312500000000001,0.34062499999999996,2.3437499999999936e-05
44,55,-0.07312500000000001,0.34687499999999993,2.3437500000000146e-05
44,56,-0.07312500000000001,0.35312499999999997,2.3437499999999936e-05
44,57,-0.07312500000000001,0.359375,2.3437500000000146e-05
44,58,-0.07312500000000001,0.365625,2.3437499999999936e-05
44,59,-0.07312500000000001,0.37187499999999996,2.3437499999999936e-05
44,60,-0.07312500000000001,0.37812499999999993,2.3437500000000146e-05
44,61,-0.07312500000000001,0.38437499999999997,2.3437499999999936e-05
44,62,-0.07312500000000001,0.390625,2.3437500000000146e-05
44,63,-0.07312500000000001,0.396875,2.3437499999999936e-05
44,64,-0.07312500000000001,0.40312499999999996,2.3437499999999936e-05
44,65,-0.07312500000000001,0.40937499999999993,2.3437500000000146e-05
44,66,-0.07312500000000001,0.41562499999999997,2.3437499999999936e-05
44,67,-0.07312500000000001,0.421875,2.3437500000000146e-05
44,68,-0.07312500000000001,0.428125,2.3437499999999936e-05
44,69,-0.07312500000000001,0.43437499999999996,2.3437499999999936e-05
44,70,-0.07312500000000001,0.44062499999999993,2.3437500000000146e-05
44,71,-0.07312500000000001,0.44687499999999997,2.3437499999999936e-05
44,72,-0.07312500000000001,0.453125,2.3437500000000146e-05
44,73,-0.07312500000000001,0.459375,2.3437499999999936e-05
44,74,-0.07312500000000001,0.46562499999999996,2.3437499999999936e-05
44,75,-0.07312500000000001,0.47187499999999993,2.3437500000000146e-05
44,76,-0.07312500000000001,0.47812499999999997,2.3437499999999936e-05
44,77,-0.07312500000000001,0.48437499999999994,2.3437499999999936e-05
44,78,-0.07312500000000001,0.490625,2.3437500000000146e-05
44,79,-0.07312500000000001,0.49687499999999996,2.3437499999999936e-05
44,80,-0.07312500000000001,0.5031249999999999,2.3437500000000146e-05
44,81,-0.07312500000000001,0.5093749999999999,2.3437499999999936e-05
44,82,-0.07312500000000001,0.515625,2.3437499999999936e-05
44,83,-0.07312500000000001,0.5218749999999999,2.3437499999999936e-05
44,84,-0.07312500000000001,0.528125,2.3437500000000353e-05
44,85,-0.07312500000000001,0.534375,2.3437499999999936e-05
44,86,-0.07312500000000001,0.5406249999999999,2.3437499999999936e-05
44,87,-0.07312500000000001,0.546875,2.3437499999999936e-05
44,88,-0.07312500000000001,0.5531249999999999,2.3437499999999936e-05
44,89,-0.07312500000000001,0.559375,2.3437500000000353e-05
44,90,-0.07312500000000001,0.565625,2.3437499999999936e-05
44,91,-0.07312500000000001,0.5718749999999999,2.3437499999999936e-05
44,92,-0.07312500000000001,0.578125,2.3437499999999936e-05
44,93,-0.07312500000000001,0.5843749999999999,2.3437499999999936e-05
44,94,-0.07312500000000001,0.590625,2.3437500000000353e-05
44,95,-0.07312500000000001,0.596875,2.3437499999999936e-05
45,0,-0.069375,0.0031249999999999997,2.3437500000000017e-05
45,1,-0.069375,0.009375,2.3437500000000017e-05
45,2,-0.069375,0.015625,2.343750000000002e-05
45,3,-0.069375,0.021875,2.3437500000000014e-05
45,4,-0.069375,0.028124999999999997,2.3437500000000014e-05
45,5,-0.069375,0.034374999999999996,2.3437500000000028e-05
45,6,-0.069375,0.040624999999999994,2.3437500000000014e-05
45,7,-0.069375,0.046875,2.3437500000000014e-05
45,8,-0.069375,0.05312499999999999,2.3437500000000014e-05
45,9,-0.069375,0.059375,2.3437500000000014e-05
45,10,-0.069375,0.06562499999999999,2.3437500000000014e-05
45,11,-0.069375,0.071875,2.343750000000004e-05
45,12,-0.069375,0.078125,2.343749999999999e-05
45,13,-0.069375,0.08437499999999999,2.343750000000004e-05
45,14,-0.069375,0.09062499999999998,2.343749999999999e-05
45,15,-0.069375,0.09687499999999999,2.343750000000004e-05
45,16,-0.069375,0.103125,2.343750000000004e-05
45,17,-0.069375,0.109375,2.343749999999999e-05
45,18,-0.069375,0.11562499999999999,2.343750000000004e-05
45,19,-0.069375,0.12187499999999998,2.343749999999999e-05
45,20,-0.069375,0.128125,2.343749999999999e-05
45,21,-0.069375,0.13437499999999997,2.343750000000004e-05
45,22,-0.069375,0.140625,2.343750000000004e-05
45,23,-0.069375,0.14687499999999998,2.343750000000004e-05
45,24,-0.069375,0.153125,2.343750000000004e-05
45,25,-0.069375,0.159375,2.3437499999999936e-05
45,26,-0.069375,0.16562499999999997,2.343750000000004e-05
45,27,-0.069375,0.171875,2.343750000000004e-05
45,28,-0.069375,0.17812499999999998,2.343750000000004e-05
45,29,-0.069375,0.18437499999999998,2.3437499999999936e-05
45,30,-0.069375,0.190625,2.343750000000004e-05
45,31,-0.069375,0.19687499999999997,2.343750000000004e-05
45,32,-0.069375,0.203125,2.343750000000004e-05
45,33,-0.069375,0.20937499999999998,2.343750000000004e-05
45,34,-0.069375,0.21562499999999998,2.3437499999999936e-05
45,35,-0.069375,0.221875,2.343750000000004e-05
45,36,-0.069375,0.22812499999999997,2.343750000000004e-05
45,37,-0.069375,0.234375,2.343750000000004e-05
45,38,-0.069375,0.24062499999999998,2.3437499999999936e-05
45,39,-0.069375,0.24687499999999996,2.343750000000004e-05
45,40,-0.069375,0.253125,2.343750000000004e-05
45,41,-0.069375,0.25937499999999997,2.3437499999999936e-05
45,42,-0.069375,0.265625,2.3437500000000146e-05
45,43,-0.069375,0.271875,2.3437499999999936e-05
45,44,-0.069375,0.27812499999999996,2.3437500000000146e-05
45,45,-0.069375,0.284375,2.3437499999999936e-05
45,46,-0.069375,0.29062499999999997,2.3437499999999936e-05
45,47,-0.069375,0.296875,2.3437500000000146e-05
45,48,-0.069375,0.303125,2.3437499999999936e-05
45,49,-0.069375,0.30937499999999996,2.3437500000000146e-05
45,50,-0.069375,0.315625,2.3437499999999936e-05
45,51,-0.069375,0.32187499999999997,2.3437499999999936e-05
45,52,-0.069375,0.328125,2.3437500000000146e-05
45,53,-0.069375,0.334375,2.3437499999999936e-05
45,54,-0.069375,0.34062499999999996,2.3437499999999936e-05
45,55,-0.069375,0.34687499999999993,2.3437500000000146e-05
45,56,-0.069375,0.35312499999999997,2.3437499999999936e-05
45,57,-0.069375,0.359375,2.3437500000000146e-05
45,58,-0.069375,0.365625,2.3437499999999936e-05
45,59,-0.069375,0.37187499999999996,2.3437499999999936e-05
45,60,-0.069375,0.37812499999999993,2.3437500000000146e-05
45,61,-0.069375,0.38437499999999997,2.3437499999999936e-05
45,62,-0.069375,0.390625,2.3437500000000146e-05
45,63,-0.069375,0.396875,2.3437499999999936e-05
45,64,-0.069375,0.40312499999999996,2.3437499999999936e-05
45,65,-0.069375,0.40937499999999993,2.3437500000000146e-05
45,66,-0.069375,0.41562499999999997,2.3437499999999936e-05
45,67,-0.069375,0.421875,2.3437500000000146e-05
45,68,-0.069375,0.428125,2.3437499999999936e-05
45,69,-0.069375,0.43437499999999996,2.3437499999999936e-05
45,70,-0.069375,0.44062499999999993,2.3437500000000146e-05
45,71,-0.069375,0.44687499999999997,2.3437499999999936e-05
45,72,-0.069375,0.453125,2.3437500000000146e-05
45,73,-0.069375,0.459375,2.3437499999999936e-05
45,74,-0.069375,0.46562499999999996,2.3437499999999936e-05
45,75,-0.069375,0.47187499999999993,2.3437500000000146e-05
45,76,-0.069375,0.47812499999999997,2.3437499999999936e-05
45,77,-0.069375,0.48437499999999994,2.3437499999999936e-05
45,78,-0.069375,0.490625,2.3437500000000146e-05
45,79,-0.069375,0.49687499999999996,2.3437499999999936e-05
45,80,-0.069375,0.5031249999999999,2.3437500000000146e-05
45,81,-0.069375,0.5093749999999999,2.3437499999999936e-05
45,82,-0.069375,0.515625,2.3437499999999936e-05
45,83,-0.069375,0.5218749999999999,2.3437499999999936e-05
45,84,-0.069375,0.528125,2.3437500000000353e-05
45,85,-0.069375,0.534375,2.3437499999999936e-05
45,86,-0.069375,0.5406249999999999,2.3437499999999936e-05
45,87,-0.069375,0.546875,2.3437499999999936e-05
45,88,-0.069375,0.5531249999999999,2.3437499999999936e-05
45,89,-0.069375,0.559375,2.3437500000000353e-05
45,90,-0.069375,0.565625,2.3437499999999936e-05
45,91,-0.069375,0.5718749999999999,2.3437499999999936e-05
45,92,-0.069375,0.578125,2.3437499999999936e-05
45,93,-0.069375,0.5843749999999999,2.3437499999999936e-05
45,94,-0.069375,0.590625,2.3437500000000353e-05
45,95,-0.069375,0.596875,2.3437499999999936e-05
46,0,-0.065625,0.0031249999999999997,2.3437500000000017e-05
46,1,-0.065625,0.009375,2.3437500000000017e-05
46,2,-0.065625,0.015625,2.343750000000002e-05
46,3,-0.065625,0.021875,2.3437500000000014e-05
46,4,-0.065625,0.028124999999999997,2.3437500000000014e-05
46,5,-0.065625,0.034374999999999996,2.3437500000000028e-05
46,6,-0.065625,0.040624999999999994,2.3437500000000014e-05
46,7,-0.065625,0.046875,2.3437500000000014e-05
46,8,-0.065625,0.05312499999999999,2.3437500000000014e-05
46,9,-0.065625,0.059375,2.3437500000000014e-05
46,10,-0.065625,0.06562499999999999,2.3437500000000014e-05
46,11,-0.065625,0.071875,2.343750000000004e-05
46,12,-0.065625,0.078125,2.343749999999999e-05
46,13,-0.065625,0.08437499999999999,2.343750000000004e-05
46,14,-0.065625,0.09062499999999998,2.343749999999999e-05
46,15,-0.065625,0.09687499999999999,2.343750000000004e-05
46,16,-0.065625,0.103125,2.343750000000004e-05
46,17,-0.065625,0.109375,2.343749999999999e-05
46,18,-0.065625,0.11562499999999999,2.343750000000004e-05
46,19,-0.065625,0.12187499999999998,2.343749999999999e-05
46,20,-0.065625,0.128125,2.343749999999999e-05
46,21,-0.065625,0.13437499999999997,2.343750000000004e-05
46,22,-0.065625,0.140625,2.343750000000004e-05
46,23,-0.065625,0.14687499999999998,2.343750000000004e-05
46,24,-0.065625,0.153125,2.343750000000004e-05
46,25,-0.065625,0.159375,2.3437499999999936e-05
46,26,-0.065625,0.16562499999999997,2.343750000000004e-05
46,27,-0.065625,0.171875,2.343750000000004e-05
46,28,-0.065625,0.17812499999999998,2.343750000000004e-05
46,29,-0.065625,0.18437499999999998,2.3437499999999936e-05
46,30,-0.065625,0.190625,2.343750000000004e-05
46,31,-0.065625,0.19687499999999997,2.343750000000004e-05
46,32,-0.065625,0.203125,2.343750000000004e-05
46,33,-0.065625,0.20937499999999998,2.343750000000004e-05
46,34,-0.065625,0.21562499999999998,2.3437499999999936e-05
46,35,-0.065625,0.221875,2.343750000000004e-05
46,36,-0.065625,0.22812499999999997,2.343750000000004e-05
46,37,-0.065625,0.234375,2.343750000000004e-05
46,38,-0.065625,0.24062499999999998,2.3437499999999936e-05
46,39,-0.065625,0.24687499999999996,2.343750000000004e-05
46,40,-0.065625,0.253125,2.343750000000004e-05
46,41,-0.065625,0.25937499999999997,2.3437499999999936e-05
46,42,-0.065625,0.265625,2.3437500000000146e-05
46,43,-0.065625,0.271875,2.3437499999999936e-05
46,44,-0.065625,0.27812499999999996,2.3437500000000146e-05
46,45,-0.065625,0.284375,2.3437499999999936e-05
46,46,-0.065625,0.29062499999999997,2.3437499999999936e-05
46,47,-0.065625,0.296875,2.3437500000000146e-05
46,48,-0.065625,0.303125,2.3437499999999936e-05
46,49,-0.065625,0.30937499999999996,2.3437500000000146e-05
46,50,-0.065625,0.315625,2.3437499999999936e-05
46,51,-0.065625,0.32187499999999997,2.3437499999999936e-05
46,52,-0.065625,0.328125,2.3437500000000146e-05
46,53,-0.065625,0.334375,2.3437499999999936e-05
46,54,-0.065625,0.34062499999999996,2.3437499999999936e-05
46,55,-0.065625,0.34687499999999993,2.3437500000000146e-05
46,56,-0.065625,0.35312499999999997,2.3437499999999936e-05
46,57,-0.065625,0.359375,2.3437500000000146e-05
46,58,-0.065625,0.365625,2.3437499999999936e-05
46,59,-0.065625,0.37187499999999996,2.3437499999999936e-05
46,60,-0.065625,0.37812499999999993,2.3437500000000146e-05
46,61,-0.065625,0.38437499999999997,2.3437499999999936e-05
46,62,-0.065625,0.390625,2.3437500000000146e-05
46,63,-0.065625,0.396875,2.3437499999999936e-05
46,64,-0.065625,0.40312499999999996,2.3437499999999936e-05
46,65,-0.065625,0.40937499999999993,2.3437500000000146e-05
46,66,-0.065625,0.41562499999999997,2.3437499999999936e-05
46,67,-0.065625,0.421875,2.3437500000000146e-05
46,68,-0.065625,0.428125,2.3437499999999936e-05
46,69,-0.065625,0.43437499999999996,2.3437499999999936e-05
46,70,-0.065625,0.44062499999999993,2.3437500000000146e-05
46,71,-0.065625,0.44687499999999997,2.3437499999999936e-05
46,72,-0.065625,0.453125,2.3437500000000146e-05
46,73,-0.065625,0.459375,2.3437499999999936e-05
46,74,-0.065625,0.46562499999999996,2.3437499999999936e-05
46,75,-0.065625,0.47187499999999993,2.3437500000000146e-05
46,76,-0.065625,0.47812499999999997,2.3437499999999936e-05
46,77,-0.065625,0.48437499999999994,2.3437499999999936e-05
46,78,-0.065625,0.490625,2.3437500000000146e-05
46,79,-0.065625,0.49687499999999996,2.3437499999999936e-05
46,80,-0.065625,0.5031249999999999,2.3437500000000146e-05
46,81,-0.065625,0.5093749999999999,2.3437499999999936e-05
46,82,-0.065625,0.515625,2.3437499999999936e-05
46,83,-0.065625,0.5218749999999999,2.3437499999999936e-05
46,84,-0.065625,0.528125,2.3437500000000353e-05
46,85,-0.065625,0.534375,2.3437499999999936e-05
46,86,-0.065625,0.5406249999999999,2.3437499999999936e-05
46,87,-0.065625,0.546875,2.3437499999999936e-05
46,88,-0.065625,0.5531249999999999,2.3437499999999936e-05
46,89,-0.065625,0.559375,2.3437500000000353e-05
46,90,-0.065625,0.565625,2.3437499999999936e-05
46,91,-0.065625,0.5718749999999999,2.3437499999999936e-05
46,92,-0.065625,0.578125,2.3437499999999936e-05
46,93,-0.065625,0.5843749999999999,2.3437499999999936e-05
46,94,-0.065625,0.590625,2.3437500000000353e-05
46,95,-0.065625,0.596875,2.3437499999999936e-05
47,0,-0.061875,0.0031249999999999997,2.3437500000000017e-05
47,1,-0.061875,0.009375,2.3437500000000017e-05
47,2,-0.061875,0.015625,2.343750000000002e-05
47,3,-0.061875,0.021875,2.3437500000000014e-05
47,4,-0.061875,0.028124999999999997,2.3437500000000014e-05
47,5,-0.061875,0.034374999999999996,2.3437500000000028e-05
47,6,-0.061875,0.040624999999999994,2.3437500000000014e-05
47,7,-0.061875,0.046875,2.3437500000000014e-05
47,8,-0.061875,0.05312499999999999,2.3437500000000014e-05
47,9,-0.061875,0.059375,2.3437500000000014e-05
47,10,-0.061875,0.06562499999999999,2.3437500000000014e-05
47,11,-0.061875,0.071875,2.343750000000004e-05
47,12,-0.061875,0.078125,2.343749999999999e-05
47,13,-0.061875,0.08437499999999999,2.343750000000004e-05
47,14,-0.061875,0.09062499999999998,2.343749999999999e-05
47,15,-0.061875,0.09687499999999999,2.343750000000004e-05
47,16,-0.061875,0.103125,2.343750000000004e-05
47,17,-0.061875,0.109375,2.343749999999999e-05
47,18,-0.061875,0.11562499999999999,2.343750000000004e-05
47,19,-0.061875,0.12187499999999998,2.343749999999999e-05
47,20,-0.061875,0.128125,2.343749999999999e-05
47,21,-0.061875,0.13437499999999997,2.343750000000004e-05
47,22,-0.061875,0.140625,2.343750000000004e-05
47,23,-0.061875,0.14687499999999998,2.343750000000004e-05
47,24,-0.061875,0.153125,2.343750000000004e-05
47,25,-0.061875,0.159375,2.3437499999999936e-05
47,26,-0.061875,0.16562499999999997,2.343750000000004e-05
47,27,-0.061875,0.171875,2.343750000000004e-05
47,28,-0.061875,0.17812499999999998,2.343750000000004e-05
47,29,-0.061875,0.18437499999999998,2.3437499999999936e-05
47,30,-0.061875,0.190625,2.343750000000004e-05
47,31,-0.061875,0.19687499999999997,2.343750000000004e-05
47,32,-0.061875,0.203125,2.343750000000004e-05
47,33,-0.061875,0.20937499999999998,2.343750000000004e-05
47,34,-0.061875,0.21562499999999998,2.3437499999999936e-05
47,35,-0.061875,0.221875,2.343750000000004e-05
47,36,-0.061875,0.22812499999999997,2.343750000000004e-05
47,37,-0.061875,0.234375,2.343750000000004e-05
47,38,-0.061875,0.24062499999999998,2.3437499999999936e-05
47,39,-0.061875,0.24687499999999996,2.343750000000004e-05
47,40,-0.061875,0.253125,2.343750000000004e-05
47,41,-0.061875,0.25937499999999997,2.3437499999999936e-05
47,42,-0.061875,0.265625,2.3437500000000146e-05
47,43,-0.061875,0.271875,2.3437499999999936e-05
47,44,-0.061875,0.27812499999999996,2.3437500000000146e-05
47,45,-0.061875,0.284375,2.3437499999999936e-05
47,46,-0.061875,0.29062499999999997,2.3437499999999936e-05
47,47,-0.061875,0.296875,2.3437500000000146e-05
47,48,-0.061875,0.303125,2.3437499999999936e-05
47,49,-0.061875,0.30937499999999996,2.3437500000000146e-05
47,50,-0.061875,0.315625,2.3437499999999936e-05
47,51,-0.061875,0.32187499999999997,2.3437499999999936e-05
47,52,-0.061875,0.328125,2.3437500000000146e-05
47,53,-0.061875,0.334375,2.3437499999999936e-05
47,54,-0.061875,0.34062499999999996,2.3437499999999936e-05
47,55,-0.061875,0.34687499999999993,2.3437500000000146e-05
47,56,-0.061875,0.35312499999999997,2.3437499999999936e-05
47,57,-0.061875,0.359375,2.3437500000000146e-05
47,58,-0.061875,0.365625,2.3437499999999936e-05
47,59,-0.061875,0.37187499999999996,2.3437499999999936e-05
47,60,-0.061875,0.37812499999999993,2.3437500000000146e-05
47,61,-0.061875,0.38437499999999997,2.3437499999999936e-05
47,62,-0.061875,0.390625,2.3437500000000146e-05
47,63,-0.061875,0.396875,2.3437499999999936e-05
47,64,-0.061875,0.40312499999999996,2.3437499999999936e-05
47,65,-0.061875,0.40937499999999993,2.3437500000000146e-05
47,66,-0.061875,0.41562499999999997,2.3437499999999936e-05
47,67,-0.061875,0.421875,2.3437500000000146e-05
47,68,-0.061875,0.428125,2.3437499999999936e-05
47,69,-0.061875,0.43437499999999996,2.3437499999999936e-05
47,70,-0.061875,0.44062499999999993,2.3437500000000146e-05
47,71,-0.061875,0.44687499999999997,2.3437499999999936e-05
47,72,-0.061875,0.453125,2.3437500000000146e-05
47,73,-0.061875,0.459375,2.3437499999999936e-05
47,74,-0.061875,0.46562499999999996,2.3437499999999936e-05
47,75,-0.061875,0.47187499999999993,2.3437500000000146e-05
47,76,-0.061875,0.47812499999999997,2.3437499999999936e-05
47,77,-0.061875,0.48437499999999994,2.3437499999999936e-05
47,78,-0.061875,0.490625,2.3437500000000146e-05
47,79,-0.061875,0.49687499999999996,2.3437499999999936e-05
47,80,-0.061875,0.5031249999999999,2.3437500000000146e-05
47,81,-0.061875,0.5093749999999999,2.3437499999999936e-05
47,82,-0.061875,0.515625,2.3437499999999936e-05
47,83,-0.061875,0.5218749999999999,2.3437499999999936e-05
47,84,-0.061875,0.528125,2.3437500000000353e-05
47,85,-0.061875,0.534375,2.3437499999999936e-05
47,86,-0.061875,0.5406249999999999,2.3437499999999936e-05
47,87,-0.061875,0.546875,2.3437499999999936e-05
47,88,-0.061875,0.5531249999999999,2.3437499999999936e-05
47,89,-0.061875,0.559375,2.3437500000000353e-05
47,90,-0.061875,0.565625,2.3437499999999936e-05
47,91,-0.061875,0.5718749999999999,2.3437499999999936e-05
47,92,-0.061875,0.578125,2.3437499999999936e-05
47,93,-0.061875,0.5843749999999999,2.3437499999999936e-05
47,94,-0.061875,0.590625,2.3437500000000353e-05
47,95,-0.061875,0.596875,2.3437499999999936e-05
48,0,-0.058124999999999996,0.0031249999999999997,2.3437500000000017e-05
48,1,-0.058124999999999996,0.009375,2.3437500000000017e-05
48,2,-0.058124999999999996,0.015625,2.343750000000002e-05
48,3,-0.058124999999999996,0.021875,2.3437500000000014e-05
48,4,-0.058124999999999996,0.028124999999999997,2.3437500000000014e-05
48,5,-0.058124999999999996,0.034374999999999996,2.3437500000000028e-05
48,6,-0.058124999999999996,0.040624999999999994,2.3437500000000014e-05
48,7,-0.058124999999999996,0.046875,2.3437500000000014e-05
48,8,-0.058124999999999996,0.05312499999999999,2.3437500000000014e-05
48,9,-0.058124999999999996,0.059375,2.3437500000000014e-05
48,10,-0.058124999999999996,0.06562499999999999,2.3437500000000014e-05
48,11,-0.058124999999999996,0.071875,2.343750000000004e-05
48,12,-0.058124999999999996,0.078125,2.343749999999999e-05
48,13,-0.058124999999999996,0.08437499999999999,2.343750000000004e-05
48,14,-0.058124999999999996,0.09062499999999998,2.343749999999999e-05
48,15,-0.058124999999999996,0.09687499999999999,2.343750000000004e-05
48,16,-0.058124999999999996,0.103125,2.343750000000004e-05
48,17,-0.058124999999999996,0.109375,2.343749999999999e-05
48,18,-0.058124999999999996,0.11562499999999999,2.343750000000004e-05
48,19,-0.058124999999999996,0.12187499999999998,2.343749999999999e-05
48,20,-0.058124999999999996,0.128125,2.343749999999999e-05
48,21,-0.058124999999999996,0.13437499999999997,2.343750000000004e-05
48,22,-0.058124999999999996,0.140625,2.343750000000004e-05
48,23,-0.058124999999999996,0.14687499999999998,2.343750000000004e-05
48,24,-0.058124999999999996,0.153125,2.343750000000004e-05
48,25,-0.058124999999999996,0.159375,2.3437499999999936e-05
48,26,-0.058124999999999996,0.16562499999999997,2.343750000000004e-05
48,27,-0.058124999999999996,0.171875,2.343750000000004e-05
48,28,-0.058124999999999996,0.17812499999999998,2.343750000000004e-05
48,29,-0.058124999999999996,0.18437499999999998,2.3437499999999936e-05
48,30,-0.058124999999999996,0.190625,2.343750000000004e-05
48,31,-0.058124999999999996,0.19687499999999997,2.343750000000004e-05
48,32,-0.058124999999999996,0.203125,2.343750000000004e-05
48,33,-0.058124999999999996,0.20937499999999998,2.343750000000004e-05
48,34,-0.058124999999999996,0.21562499999999998,2.3437499999999936e-05
48,35,-0.058124999999999996,0.221875,2.343750000000004e-05
48,36,-0.058124999999999996,0.22812499999999997,2.343750000000004e-05
48,37,-0.058124999999999996,0.234375,2.343750000000004e-05
48,38,-0.058124999999999996,0.24062499999999998,2.3437499999999936e-05
48,39,-0.058124999999999996,0.24687499999999996,2.343750000000004e-05
48,40,-0.058124999999999996,0.253125,2.343750000000004e-05
48,41,-0.058124999999999996,0.25937499999999997,2.3437499999999936e-05
48,42,-0.058124999999999996,0.265625,2.3437500000000146e-05
48,43,-0.058124999999999996,0.271875,2.3437499999999936e-05
48,44,-0.058124999999999996,0.27812499999999996,2.3437500000000146e-05
48,45,-0.058124999999999996,0.284375,2.3437499999999936e-05
48,46,-0.058124999999999996,0.29062499999999997,2.3437499999999936e-05
48,47,-0.058124999999999996,0.296875,2.3437500000000146e-05
48,48,-0.058124999999999996,0.303125,2.3437499999999936e-05
48,49,-0.058124999999999996,0.30937499999999996,2.3437500000000146e-05
48,50,-0.058124999999999996,0.315625,2.3437499999999936e-05
48,51,-0.058124999999999996,0.32187499999999997,2.3437499999999936e-05
48,52,-0.058124999999999996,0.328125,2.3437500000000146e-05
48,53,-0.058124999999999996,0.334375,2.3437499999999936e-05
48,54,-0.058124999999999996,0.34062499999999996,2.3437499999999936e-05
48,55,-0.058124999999999996,0.34687499999999993,2.3437500000000146e-05
48,56,-0.058124999999999996,0.35312499999999997,2.3437499999999936e-05
48,57,-0.058124999999999996,0.359375,2.3437500000000146e-05
48,58,-0.058124999999999996,0.365625,2.3437499999999936e-05
48,59,-0.058124999999999996,0.37187499999999996,2.3437499999999936e-05
48,60,-0.058124999999999996,0.37812499999999993,2.3437500000000146e-05
48,61,-0.058124999999999996,0.38437499999999997,2.3437499999999936e-05
48,62,-0.058124999999999996,0.390625,2.3437500000000146e-05
48,63,-0.058124999999999996,0.396875,2.3437499999999936e-05
48,64,-0.058124999999999996,0.40312499999999996,2.3437499999999936e-05
48,65,-0.058124999999999996,0.40937499999999993,2.3437500000000146e-05
48,66,-0.058124999999999996,0.41562499999999997,2.3437499999999936e-05
48,67,-0.058124999999999996,0.421875,2.3437500000000146e-05
48,68,-0.058124999999999996,0.428125,2.3437499999999936e-05
48,69,-0.058124999999999996,0.43437499999999996,2.3437499999999936e-05
48,70,-0.058124999999999996,0.44062499999999993,2.3437500000000146e-05
48,71,-0.058124999999999996,0.44687499999999997,2.3437499999999936e-05
48,72,-0.058124999999999996,0.453125,2.3437500000000146e-05
48,73,-0.058124999999999996,0.459375,2.3437499999999936e-05
48,74,-0.058124999999999996,0.46562499999999996,2.3437499999999936e-05
48,75,-0.058124999999999996,0.47187499999999993,2.3437500000000146e-05
48,76,-0.058124999999999996,0.47812499999999997,2.3437499999999936e-05
48,77,-0.058124999999999996,0.48437499999999994,2.3437499999999936e-05
48,78,-0.058124999999999996,0.490625,2.3437500000000146e-05
48,79,-0.058124999999999996,0.49687499999999996,2.3437499999999936e-05
48,80,-0.058124999999999996,0.5031249999999999,2.3437500000000146e-05
48,81,-0.058124999999999996,0.5093749999999999,2.3437499999999936e-05
48,82,-0.058124999999999996,0.515625,2.3437499999999936e-05
48,83,-0.058124999999999996,0.5218749999999999,2.3437499999999936e-05
48,84,-0.058124999999999996,0.528125,2.3437500000000353e-05
48,85,-0.058124999999999996,0.534375,2.3437499999999936e-05
48,86,-0.058124999999999996,0.5406249999999999,2.3437499999999936e-05
48,87,-0.058124999999999996,0.546875,2.3437499999999936e-05
48,88,-0.058124999999999996,0.5531249999999999,2.3437499999999936e-05
48,89,-0.058124999999999996,0.559375,2.3437500000000353e-05
48,90,-0.058124999999999996,0.565625,2.3437499999999936e-05
48,91,-0.058124999999999996,0.5718749999999999,2.3437499999999936e-05
48,92,-0.058124999999999996,0.578125,2.3437499999999936e-05
48,93,-0.058124999999999996,0.5843749999999999,2.3437499999999936e-05
48,94,-0.058124999999999996,0.590625,2.3437500000000353e-05
48,95,-0.058124999999999996,0.596875,2.3437499999999936e-05
49,0,-0.05437499999999999,0.0031249999999999997,2.3437500000000017e-05
49,1,-0.05437499999999999,0.009375,2.3437500000000017e-05
49,2,-0.05437499999999999,0.015625,2.343750000000002e-05
49,3,-0.05437499999999999,0.021875,2.3437500000000014e-05
49,4,-0.05437499999999999,0.028124999999999997,2.3437500000000014e-05
49,5,-0.05437499999999999,0.034374999999999996,2.3437500000000028e-05
49,6,-0.05437499999999999,0.040624999999999994,2.3437500000000014e-05
49,7,-0.05437499999999999,0.046875,2.3437500000000014e-05
49,8,-0.05437499999999999,0.05312499999999999,2.3437500000000014e-05
49,9,-0.05437499999999999,0.059375,2.3437500000000014e-05
49,10,-0.05437499999999999,0.06562499999999999,2.3437500000000014e-05
49,11,-0.05437499999999999,0.071875,2.343750000000004e-05
49,12,-0.05437499999999999,0.078125,2.343749999999999e-05
49,13,-0.05437499999999999,0.08437499999999999,2.343750000000004e-05
49,14,-0.05437499999999999,0.09062499999999998,2.343749999999999e-05
49,15,-0.05437499999999999,0.09687499999999999,2.343750000000004e-05
49,16,-0.05437499999999999,0.103125,2.343750000000004e-05
49,17,-0.05437499999999999,0.109375,2.343749999999999e-05
49,18,-0.05437499999999999,0.11562499999999999,2.343750000000004e-05
49,19,-0.05437499999999999,0.12187499999999998,2.343749999999999e-05
49,20,-0.05437499999999999,0.128125,2.343749999999999e-05
49,21,-0.05437499999999999,0.13437499999999997,2.343750000000004e-05
49,22,-0.05437499999999999,0.140625,2.343750000000004e-05
49,23,-0.05437499999999999,0.14687499999999998,2.343750000000004e-05
49,24,-0.05437499999999999,0.153125,2.343750000000004e-05
49,25,-0.05437499999999999,0.159375,2.3437499999999936e-05
49,26,-0.05437499999999999,0.16562499999999997,2.343750000000004e-05
49,27,-0.05437499999999999,0.171875,2.343750000000004e-05
49,28,-0.05437499999999999,0.17812499999999998,2.343750000000004e-05
49,29,-0.05437499999999999,0.18437499999999998,2.3437499999999936e-05
49,30,-0.05437499999999999,0.190625,2.343750000000004e-05
49,31,-0.05437499999999999,0.19687499999999997,2.343750000000004e-05
49,32,-0.05437499999999999,0.203125,2.343750000000004e-05
49,33,-0.05437499999999999,0.20937499999999998,2.343750000000004e-05
49,34,-0.05437499999999999,0.21562499999999998,2.3437499999999936e-05
49,35,-0.05437499999999999,0.221875,2.343750000000004e-05
49,36,-0.05437499999999999,0.22812499999999997,2.343750000000004e-05
49,37,-0.05437499999999999,0.234375,2.343750000000004e-05
49,38,-0.05437499999999999,0.24062499999999998,2.3437499999999936e-05
49,39,-0.05437499999999999,0.24687499999999996,2.343750000000004e-05
49,40,-0.05437499999999999,0.253125,2.343750000000004e-05
49,41,-0.05437499999999999,0.25937499999999997,2.3437499999999936e-05
49,42,-0.05437499999999999,0.265625,2.3437500000000146e-05
49,43,-0.05437499999999999,0.271875,2.3437499999999936e-05
49,44,-0.05437499999999999,0.27812499999999996,2.3437500000000146e-05
49,45,-0.05437499999999999,0.284375,2.3437499999999936e-05
49,46,-0.05437499999999999,0.29062499999999997,2.3437499999999936e-05
49,47,-0.05437499999999999,0.296875,2.3437500000000146e-05
49,48,-0.05437499999999999,0.303125,2.3437499999999936e-05
49,49,-0.05437499999999999,0.30937499999999996,2.3437500000000146e-05
49,50,-0.05437499999999999,0.315625,2.3437499999999936e-05
49,51,-0.05437499999999999,0.32187499999999997,2.3437499999999936e-05
49,52,-0.05437499999999999,0.328125,2.3437500000000146e-05
49,53,-0.05437499999999999,0.334375,2.3437499999999936e-05
49,54,-0.05437499999999999,0.34062499999999996,2.3437499999999936e-05
49,55,-0.05437499999999999,0.34687499999999993,2.3437500000000146e-05
49,56,-0.05437499999999999,0.35312499999999997,2.3437499999999936e-05
49,57,-0.05437499999999999,0.359375,2.3437500000000146e-05
49,58,-0.05437499999999999,0.365625,2.3437499999999936e-05
49,59,-0.05437499999999999,0.37187499999999996,2.3437499999999936e-05
49,60,-0.05437499999999999,0.37812499999999993,2.3437500000000146e-05
49,61,-0.05437499999999999,0.38437499999999997,2.3437499999999936e-05
49,62,-0.05437499999999999,0.390625,2.3437500000000146e-05
49,63,-0.05437499999999999,0.396875,2.3437499999999936e-05
49,64,-0.05437499999999999,0.40312499999999996,2.3437499999999936e-05
49,65,-0.05437499999999999,0.40937499999999993,2.3437500000000146e-05
49,66,-0.05437499999999999,0.41562499999999997,2.3437499999999936e-05
49,67,-0.05437499999999999,0.421875,2.3437500000000146e-05
49,68,-0.05437499999999999,0.428125,2.3437499999999936e-05
49,69,-0.05437499999999999,0.43437499999999996,2.3437499999999936e-05
49,70,-0.05437499999999999,0.44062499999999993,2.3437500000000146e-05
49,71,-0.05437499999999999,0.44687499999999997,2.3437499999999936e-05
49,72,-0.05437499999999999,0.453125,2.3437500000000146e-05
49,73,-0.05437499999999999,0.459375,2.3437499999999936e-05
49,74,-0.05437499999999999,0.46562499999999996,2.3437499999999936e-05
49,75,-0.05437499999999999,0.47187499999999993,2.3437500000000146e-05
49,76,-0.05437499999999999,0.47812499999999997,2.3437499999999936e-05
49,77,-0.05437499999999999,0.48437499999999994,2.3437499999999936e-05
49,78,-0.05437499999999999,0.490625,2.3437500000000146e-05
49,79,-0.05437499999999999,0.49687499999999996,2.3437499999999936e-05
49,80,-0.05437499999999999,0.5031249999999999,2.3437500000000146e-05
49,81,-0.05437499999999999,0.5093749999999999,2.3437499999999936e-05
49,82,-0.05437499999999999,0.515625,2.3437499999999936e-05
49,83,-0.05437499999999999,0.5218749999999999,2.3437499999999936e-05
49,84,-0.05437499999999999,0.528125,2.3437500000000353e-05
49,85,-0.05437499999999999,0.534375,2.3437499999999936e-05
49,86,-0.05437499999999999,0.5406249999999999,2.3437499999999936e-05
49,87,-0.05437499999999999,0.546875,2.3437499999999936e-05
49,88,-0.05437499999999999,0.5531249999999999,2.3437499999999936e-05
49,89,-0.05437499999999999,0.559375,2.3437500000000353e-05
49,90,-0.05437499999999999,0.565625,2.3437499999999936e-05
49,91,-0.05437499999999999,0.5718749999999999,2.3437499999999936e-05
49,92,-0.05437499999999999,0.578125,2.3437499999999936e-05
49,93,-0.05437499999999999,0.5843749999999999,2.3437499999999936e-05
49,94,-0.05437499999999999,0.590625,2.3437500000000353e-05
49,95,-0.05437499999999999,0.596875,2.3437499999999936e-05
50,0,-0.05062499999999999,0.0031249999999999997,2.3437500000000017e-05
50,1,-0.05062499999999999,0.009375,2.3437500000000017e-05
50,2,-0.05062499999999999,0.015625,2.343750000000002e-05
50,3,-0.05062499999999999,0.021875,2.3437500000000014e-05
50,4,-0.05062499999999999,0.028124999999999997,2.3437500000000014e-05
50,5,-0.05062499999999999,0.034374999999999996,2.3437500000000028e-05
50,6,-0.05062499999999999,0.040624999999999994,2.3437500000000014e-05
50,7,-0.05062499999999999,0.046875,2.3437500000000014e-05
50,8,-0.05062499999999999,0.05312499999999999,2.3437500000000014e-05
50,9,-0.05062499999999999,0.059375,2.3437500000000014e-05
50,10,-0.05062499999999999,0.06562499999999999,2.3437500000000014e-05
50,11,-0.05062499999999999,0.071875,2.343750000000004e-05
50,12,-0.05062499999999999,0.078125,2.343749999999999e-05
50,13,-0.05062499999999999,0.08437499999999999,2.343750000000004e-05
50,14,-0.05062499999999999,0.09062499999999998,2.343749999999999e-05
50,15,-0.05062499999999999,0.09687499999999999,2.343750000000004e-05
50,16,-0.05062499999999999,0.103125,2.343750000000004e-05
50,17,-0.05062499999999999,0.109375,2.343749999999999e-05
50,18,-0.05062499999999999,0.11562499999999999,2.343750000000004e-05
50,19,-0.05062499999999999,0.12187499999999998,2.343749999999999e-05
50,20,-0.05062499999999999,0.128125,2.343749999999999e-05
50,21,-0.05062499999999999,0.13437499999999997,2.343750000000004e-05
50,22,-0.05062499999999999,0.140625,2.343750000000004e-05
50,23,-0.05062499999999999,0.14687499999999998,2.343750000000004e-05
50,24,-0.05062499999999999,0.153125,2.343750000000004e-05
50,25,-0.05062499999999999,0.159375,2.3437499999999936e-05
50,26,-0.05062499999999999,0.16562499999999997,2.343750000000004e-05
50,27,-0.05062499999999999,0.171875,2.343750000000004e-05
50,28,-0.05062499999999999,0.17812499999999998,2.343750000000004e-05
50,29,-0.05062499999999999,0.18437499999999998,2.3437499999999936e-05
50,30,-0.05062499999999999,0.190625,2.343750000000004e-05
50,31,-0.05062499999999999,0.19687499999999997,2.343750000000004e-05
50,32,-0.05062499999999999,0.203125,2.343750000000004e-05
50,33,-0.05062499999999999,0.20937499999999998,2.343750000000004e-05
50,34,-0.05062499999999999,0.21562499999999998,2.3437499999999936e-05
50,35,-0.05062499999999999,0.221875,2.343750000000004e-05
50,36,-0.05062499999999999,0.22812499999999997,2.343750000000004e-05
50,37,-0.05062499999999999,0.234375,2.343750000000004e-05
50,38,-0.05062499999999999,0.24062499999999998,2.3437499999999936e-05
50,39,-0.05062499999999999,0.24687499999999996,2.343750000000004e-05
50,40,-0.05062499999999999,0.253125,2.343750000000004e-05
50,41,-0.05062499999999999,0.25937499999999997,2.3437499999999936e-05
50,42,-0.05062499999999999,0.265625,2.3437500000000146e-05
50,43,-0.05062499999999999,0.271875,2.3437499999999936e-05
50,44,-0.05062499999999999,0.27812499999999996,2.3437500000000146e-05
50,45,-0.05062499999999999,0.284375,2.3437499999999936e-05
50,46,-0.05062499999999999,0.29062499999999997,2.3437499999999936e-05
50,47,-0.05062499999999999,0.296875,2.3437500000000146e-05
50,48,-0.05062499999999999,0.303125,2.3437499999999936e-05
50,49,-0.05062499999999999,0.30937499999999996,2.3437500000000146e-05
50,50,-0.05062499999999999,0.315625,2.3437499999999936e-05
50,51,-0.05062499999999999,0.32187499999999997,2.3437499999999936e-05
50,52,-0.05062499999999999,0.328125,2.3437500000000146e-05
50,53,-0.05062499999999999,0.334375,2.3437499999999936e-05
50,54,-0.05062499999999999,0.34062499999999996,2.3437499999999936e-05
50,55,-0.05062499999999999,0.34687499999999993,2.3437500000000146e-05
50,56,-0.05062499999999999,0.35312499999999997,2.3437499999999936e-05
50,57,-0.05062499999999999,0.359375,2.3437500000000146e-05
50,58,-0.05062499999999999,0.365625,2.3437499999999936e-05
50,59,-0.05062499999999999,0.37187499999999996,2.3437499999999936e-05
50,60,-0.05062499999999999,0.37812499999999993,2.3437500000000146e-05
50,61,-0.05062499999999999,0.38437499999999997,2.3437499999999936e-05
50,62,-0.05062499999999999,0.390625,2.3437500000000146e-05
50,63,-0.05062499999999999,0.396875,2.3437499999999936e-05
50,64,-0.05062499999999999,0.40312499999999996,2.3437499999999936e-05
50,65,-0.05062499999999999,0.40937499999999993,2.3437500000000146e-05
50,66,-0.05062499999999999,0.41562499999999997,2.3437499999999936e-05
50,67,-0.05062499999999999,0.421875,2.3437500000000146e-05
50,68,-0.05062499999999999,0.428125,2.3437499999999936e-05
50,69,-0.05062499999999999,0.43437499999999996,2.3437499999999936e-05
50,70,-0.05062499999999999,0.44062499999999993,2.3437500000000146e-05
50,71,-0.05062499999999999,0.44687499999999997,2.3437499999999936e-05
50,72,-0.05062499999999999,0.453125,2.3437500000000146e-05
50,73,-0.05062499999999999,0.459375,2.3437499999999936e-05
50,74,-0.05062499999999999,0.46562499999999996,2.3437499999999936e-05
50,75,-0.05062499999999999,0.47187499999999993,2.3437500000000146e-05
50,76,-0.05062499999999999,0.47812499999999997,2.3437499999999936e-05
50,77,-0.05062499999999999,0.48437499999999994,2.3437499999999936e-05
50,78,-0.05062499999999999,0.490625,2.3437500000000146e-05
50,79,-0.05062499999999999,0.49687499999999996,2.3437499999999936e-05
50,80,-0.05062499999999999,0.5031249999999999,2.3437500000000146e-05
50,81,-0.05062499999999999,0.5093749999999999,2.3437499999999936e-05
50,82,-0.05062499999999999,0.515625,2.3437499999999936e-05
50,83,-0.05062499999999999,0.5218749999999999,2.3437499999999936e-05
50,84,-0.05062499999999999,0.528125,2.3437500000000353e-05
50,85,-0.05062499999999999,0.534375,2.3437499999999936e-05
50,86,-0.05062499999999999,0.5406249999999999,2.3437499999999936e-05
50,87,-0.05062499999999999,0.546875,2.3437499999999936e-05
50,88,-0.05062499999999999,0.5531249999999999,2.3437499999999936e-05
50,89,-0.05062499999999999,0.559375,2.3437500000000353e-05
50,90,-0.05062499999999999,0.565625,2.3437499999999936e-05
50,91,-0.05062499999999999,0.5718749999999999,2.3437499999999936e-05
50,92,-0.05062499999999999,0.578125,2.3437499999999936e-05
50,93,-0.05062499999999999,0.5843749999999999,2.3437499999999936e-05
50,94,-0.05062499999999999,0.590625,2.3437500000000353e-05
50,95,-0.05062499999999999,0.596875,2.3437499999999936e-05
51,0,-0.046874999999999986,0.0031249999999999997,2.3437500000000017e-05
51,1,-0.046874999999999986,0.009375,2.3437500000000017e-05
51,2,-0.046874999999999986,0.015625,2.343750000000002e-05
51,3,-0.046874999999999986,0.021875,2.3437500000000014e-05
51,4,-0.046874999999999986,0.028124999999999997,2.3437500000000014e-05
51,5,-0.046874999999999986,0.034374999999999996,2.3437500000000028e-05
51,6,-0.046874999999999986,0.040624999999999994,2.3437500000000014e-05
51,7,-0.046874999999999986,0.046875,2.3437500000000014e-05
51,8,-0.046874999999999986,0.05312499999999999,2.3437500000000014e-05
51,9,-0.046874999999999986,0.059375,2.3437500000000014e-05
51,10,-0.046874999999999986,0.06562499999999999,2.3437500000000014e-05
51,11,-0.046874999999999986,0.071875,2.343750000000004e-05
51,12,-0.046874999999999986,0.078125,2.343749999999999e-05
51,13,-0.046874999999999986,0.08437499999999999,2.343750000000004e-05
51,14,-0.046874999999999986,0.09062499999999998,2.343749999999999e-05
51,15,-0.046874999999999986,0.09687499999999999,2.343750000000004e-05
51,16,-0.046874999999999986,0.103125,2.343750000000004e-05
51,17,-0.046874999999999986,0.109375,2.343749999999999e-05
51,18,-0.046874999999999986,0.11562499999999999,2.343750000000004e-05
51,19,-0.046874999999999986,0.12187499999999998,2.343749999999999e-05
51,20,-0.046874999999999986,0.128125,2.343749999999999e-05
51,21,-0.046874999999999986,0.13437499999999997,2.343750000000004e-05
51,22,-0.046874999999999986,0.140625,2.343750000000004e-05
51,23,-0.046874999999999986,0.14687499999999998,2.343750000000004e-05
51,24,-0.046874999999999986,0.153125,2.343750000000004e-05
51,25,-0.046874999999999986,0.159375,2.3437499999999936e-05
51,26,-0.046874999999999986,0.16562499999999997,2.343750000000004e-05
51,27,-0.046874999999999986,0.171875,2.343750000000004e-05
51,28,-0.046874999999999986,0.17812499999999998,2.343750000000004e-05
51,29,-0.046874999999999986,0.18437499999999998,2.3437499999999936e-05
51,30,-0.046874999999999986,0.190625,2.343750000000004e-05
51,31,-0.046874999999999986,0.19687499999999997,2.343750000000004e-05
51,32,-0.046874999999999986,0.203125,2.343750000000004e-05
51,33,-0.046874999999999986,0.20937499999999998,2.343750000000004e-05
51,34,-0.046874999999999986,0.21562499999999998,2.3437499999999936e-05
51,35,-0.046874999999999986,0.221875,2.343750000000004e-05
51,36,-0.046874999999999986,0.22812499999999997,2.343750000000004e-05
51,37,-0.046874999999999986,0.234375,2.343750000000004e-05
51,38,-0.046874999999999986,0.24062499999999998,2.3437499999999936e-05
51,39,-0.046874999999999986,0.24687499999999996,2.343750000000004e-05
51,40,-0.046874999999999986,0.253125,2.343750000000004e-05
51,41,-0.046874999999999986,0.25937499999999997,2.3437499999999936e-05
51,42,-0.046874999999999986,0.265625,2.3437500000000146e-05
51,43,-0.046874999999999986,0.271875,2.3437499999999936e-05
51,44,-0.046874999999999986,0.27812499999999996,2.3437500000000146e-05
51,45,-0.046874999999999986,0.284375,2.3437499999999936e-05
51,46,-0.046874999999999986,0.29062499999999997,2.3437499999999936e-05
51,47,-0.046874999999999986,0.296875,2.3437500000000146e-05
51,48,-0.046874999999999986,0.303125,2.3437499999999936e-05
51,49,-0.046874999999999986,0.30937499999999996,2.3437500000000146e-05
51,50,-0.046874999999999986,0.315625,2.3437499999999936e-05
51,51,-0.046874999999999986,0.32187499999999997,2.3437499999999936e-05
51,52,-0.046874999999999986,0.328125,2.3437500000000146e-05
51,53,-0.046874999999999986,0.334375,2.3437499999999936e-05
51,54,-0.046874999999999986,0.34062499999999996,2.3437499999999936e-05
51,55,-0.046874999999999986,0.34687499999999993,2.3437500000000146e-05
51,56,-0.046874999999999986,0.35312499999999997,2.3437499999999936e-05
51,57,-0.046874999999999986,0.359375,2.3437500000000146e-05
51,58,-0.046874999999999986,0.365625,2.3437499999999936e-05
51,59,-0.046874999999999986,0.37187499999999996,2.3437499999999936e-05
51,60,-0.046874999999999986,0.37812499999999993,2.3437500000000146e-05
51,61,-0.046874999999999986,0.38437499999999997,2.3437499999999936e-05
51,62,-0.046874999999999986,0.390625,2.3437500000000146e-05
51,63,-0.046874999999999986,0.396875,2.3437499999999936e-05
51,64,-0.046874999999999986,0.40312499999999996,2.3437499999999936e-05
51,65,-0.046874999999999986,0.40937499999999993,2.3437500000000146e-05
51,66,-0.046874999999999986,0.41562499999999997,2.3437499999999936e-05
51,67,-0.046874999999999986,0.421875,2.3437500000000146e-05
51,68,-0.046874999999999986,0.428125,2.3437499999999936e-05
51,69,-0.046874999999999986,0.43437499999999996,2.3437499999999936e-05
51,70,-0.046874999999999986,0.44062499999999993,2.3437500000000146e-05
51,71,-0.046874999999999986,0.44687499999999997,2.3437499999999936e-05
51,72,-0.046874999999999986,0.453125,2.3437500000000146e-05
51,73,-0.046874999999999986,0.459375,2.3437499999999936e-05
51,74,-0.046874999999999986,0.46562499999999996,2.3437499999999936e-05
51,75,-0.046874999999999986,0.47187499999999993,2.3437500000000146e-05
51,76,-0.046874999999999986,0.47812499999999997,2.3437499999999936e-05
51,77,-0.046874999999999986,0.48437499999999994,2.3437499999999936e-05
51,78,-0.046874999999999986,0.490625,2.3437500000000146e-05
51,79,-0.046874999999999986,0.49687499999999996,2.3437499999999936e-05
51,80,-0.046874999999999986,0.5031249999999999,2.3437500000000146e-05
51,81,-0.046874999999999986,0.5093749999999999,2.3437499999999936e-05
51,82,-0.046874999999999986,0.515625,2.3437499999999936e-05
51,83,-0.046874999999999986,0.5218749999999999,2.3437499999999936e-05
51,84,-0.046874999999999986,0.528125,2.3437500000000353e-05
51,85,-0.046874999999999986,0.534375,2.3437499999999936e-05
51,86,-0.046874999999999986,0.5406249999999999,2.3437499999999936e-05
51,87,-0.046874999999999986,0.546875,2.3437499999999936e-05
51,88,-0.046874999999999986,0.5531249999999999,2.3437499999999936e-05
51,89,-0.046874999999999986,0.559375,2.3437500000000353e-05
51,90,-0.046874999999999986,0.565625,2.3437499999999936e-05
51,91,-0.046874999999999986,0.5718749999999999,2.3437499999999936e-05
51,92,-0.046874999999999986,0.578125,2.3437499999999936e-05
51,93,-0.046874999999999986,0.5843749999999999,2.3437499999999936e-05
51,94,-0.046874999999999986,0.590625,2.3437500000000353e-05
51,95,-0.046874999999999986,0.596875,2.3437499999999936e-05
52,0,-0.043125,0.0031249999999999997,2.3437499999999845e-05
52,1,-0.043125,0.009375,2.3437499999999845e-05
52,2,-0.043125,0.015625,2.3437499999999848e-05
52,3,-0.043125,0.021875,2.343749999999984e-05
52,4,-0.043125,0.028124999999999997,2.343749999999984e-05
52,5,-0.043125,0.034374999999999996,2.3437499999999855e-05
52,6,-0.043125,0.040624999999999994,2.343749999999984e-05
52,7,-0.043125,0.046875,2.343749999999984e-05
52,8,-0.043125,0.05312499999999999,2.343749999999984e-05
52,9,-0.043125,0.059375,2.343749999999984e-05
52,10,-0.043125,0.06562499999999999,2.343749999999984e-05
52,11,-0.043125,0.071875,2.343749999999987e-05
52,12,-0.043125,0.078125,2.3437499999999818e-05
52,13,-0.043125,0.08437499999999999,2.343749999999987e-05
52,14,-0.043125,0.09062499999999998,2.3437499999999818e-05
52,15,-0.043125,0.09687499999999999,2.343749999999987e-05
52,16,-0.043125,0.103125,2.343749999999987e-05
52,17,-0.043125,0.109375,2.3437499999999818e-05
52,18,-0.043125,0.11562499999999999,2.343749999999987e-05
52,19,-0.043125,0.12187499999999998,2.3437499999999818e-05
52,20,-0.043125,0.128125,2.3437499999999818e-05
52,21,-0.043125,0.13437499999999997,2.343749999999987e-05
52,22,-0.043125,0.140625,2.343749999999987e-05
52,23,-0.043125,0.14687499999999998,2.343749999999987e-05
52,24,-0.043125,0.153125,2.343749999999987e-05
52,25,-0.043125,0.159375,2.3437499999999763e-05
52,26,-0.043125,0.16562499999999997,2.343749999999987e-05
52,27,-0.043125,0.171875,2.343749999999987e-05
52,28,-0.043125,0.17812499999999998,2.343749999999987e-05
52,29,-0.043125,0.18437499999999998,2.3437499999999763e-05
52,30,-0.043125,0.190625,2.343749999999987e-05
52,31,-0.043125,0.19687499999999997,2.343749999999987e-05
52,32,-0.043125,0.203125,2.343749999999987e-05
52,33,-0.043125,0.20937499999999998,2.343749999999987e-05
52,34,-0.043125,0.21562499999999998,2.3437499999999763e-05
52,35,-0.043125,0.221875,2.343749999999987e-05
52,36,-0.043125,0.22812499999999997,2.343749999999987e-05
52,37,-0.043125,0.234375,2.343749999999987e-05
52,38,-0.043125,0.24062499999999998,2.3437499999999763e-05
52,39,-0.043125,0.24687499999999996,2.343749999999987e-05
52,40,-0.043125,0.253125,2.343749999999987e-05
52,41,-0.043125,0.25937499999999997,2.3437499999999763e-05
52,42,-0.043125,0.265625,2.3437499999999973e-05
52,43,-0.043125,0.271875,2.3437499999999763e-05
52,44,-0.043125,0.27812499999999996,2.3437499999999973e-05
52,45,-0.043125,0.284375,2.3437499999999763e-05
52,46,-0.043125,0.29062499999999997,2.3437499999999763e-05
52,47,-0.043125,0.296875,2.3437499999999973e-05
52,48,-0.043125,0.303125,2.3437499999999763e-05
52,49,-0.043125,0.30937499999999996,2.3437499999999973e-05
52,50,-0.043125,0.315625,2.3437499999999763e-05
52,51,-0.043125,0.32187499999999997,2.3437499999999763e-05
52,52,-0.043125,0.328125,2.3437499999999973e-05
52,53,-0.043125,0.334375,2.3437499999999763e-05
52,54,-0.043125,0.34062499999999996,2.3437499999999763e-05
52,55,-0.043125,0.34687499999999993,2.3437499999999973e-05
52,56,-0.043125,0.35312499999999997,2.3437499999999763e-05
52,57,-0.043125,0.359375,2.3437499999999973e-05
52,58,-0.043125,0.365625,2.3437499999999763e-05
52,59,-0.043125,0.37187499999999996,2.3437499999999763e-05
52,60,-0.043125,0.37812499999999993,2.3437499999999973e-05
52,61,-0.043125,0.38437499999999997,2.3437499999999763e-05
52,62,-0.043125,0.390625,2.3437499999999973e-05
52,63,-0.043125,0.396875,2.3437499999999763e-05
52,64,-0.043125,0.40312499999999996,2.3437499999999763e-05
52,65,-0.043125,0.40937499999999993,2.3437499999999973e-05
52,66,-0.043125,0.41562499999999997,2.3437499999999763e-05
52,67,-0.043125,0.421875,2.3437499999999973e-05
52,68,-0.043125,0.428125,2.3437499999999763e-05
52,69,-0.043125,0.43437499999999996,2.3437499999999763e-05
52,70,-0.043125,0.44062499999999993,2.3437499999999973e-05
52,71,-0.043125,0.44687499999999997,2.3437499999999763e-05
52,72,-0.043125,0.453125,2.3437499999999973e-05
52,73,-0.043125,0.459375,2.3437499999999763e-05
52,74,-0.043125,0.46562499999999996,2.3437499999999763e-05
52,75,-0.043125,0.47187499999999993,2.3437499999999973e-05
52,76,-0.043125,0.47812499999999997,2.3437499999999763e-05
52,77,-0.043125,0.48437499999999994,2.3437499999999763e-05
52,78,-0.043125,0.490625,2.3437499999999973e-05
52,79,-0.043125,0.49687499999999996,2.3437499999999763e-05
52,80,-0.043125,0.5031249999999999,2.3437499999999973e-05
52,81,-0.043125,0.5093749999999999,2.3437499999999763e-05
52,82,-0.043125,0.515625,2.3437499999999763e-05
52,83,-0.043125,0.5218749999999999,2.3437499999999763e-05
52,84,-0.043125,0.528125,2.343750000000018e-05
52,85,-0.043125,0.534375,2.3437499999999763e-05
52,86,-0.043125,0.5406249999999999,2.3437499999999763e-05
52,87,-0.043125,0.546875,2.3437499999999763e-05
52,88,-0.043125,0.5531249999999999,2.3437499999999763e-05
52,89,-0.043125,0.559375,2.343750000000018e-05
52,90,-0.043125,0.565625,2.3437499999999763e-05
52,91,-0.043125,0.5718749999999999,2.3437499999999763e-05
52,92,-0.043125,0.578125,2.3437499999999763e-05
52,93,-0.043125,0.5843749999999999,2.3437499999999763e-05
52,94,-0.043125,0.590625,2.343750000000018e-05
52,95,-0.043125,0.596875,2.3437499999999763e-05
53,0,-0.03937500000000001,0.0031249999999999997,2.3437500000000017e-05
53,1,-0.03937500000000001,0.009375,2.3437500000000017e-05
53,2,-0.03937500000000001,0.015625,2.343750000000002e-05
53,3,-0.03937500000000001,0.021875,2.3437500000000014e-05
53,4,-0.03937500000000001,0.028124999999999997,2.3437500000000014e-05
53,5,-0.03937500000000001,0.034374999999999996,2.3437500000000028e-05
53,6,-0.03937500000000001,0.040624999999999994,2.3437500000000014e-05
53,7,-0.03937500000000001,0.046875,2.3437500000000014e-05
53,8,-0.03937500000000001,0.05312499999999999,2.3437500000000014e-05
53,9,-0.03937500000000001,0.059375,2.3437500000000014e-05
53,10,-0.03937500000000001,0.06562499999999999,2.3437500000000014e-05
53,11,-0.03937500000000001,0.071875,2.343750000000004e-05
53,12,-0.03937500000000001,0.078125,2.343749999999999e-05
53,13,-0.03937500000000001,0.08437499999999999,2.343750000000004e-05
53,14,-0.03937500000000001,0.09062499999999998,2.343749999999999e-05
53,15,-0.03937500000000001,0.09687499999999999,2.343750000000004e-05
53,16,-0.03937500000000001,0.103125,2.343750000000004e-05
53,17,-0.03937500000000001,0.109375,2.343749999999999e-05
53,18,-0.03937500000000001,0.11562499999999999,2.343750000000004e-05
53,19,-0.03937500000000001,0.12187499999999998,2.343749999999999e-05
53,20,-0.03937500000000001,0.128125,2.343749999999999e-05
53,21,-0.03937500000000001,0.13437499999999997,2.343750000000004e-05
53,22,-0.03937500000000001,0.140625,2.343750000000004e-05
53,23,-0.03937500000000001,0.14687499999999998,2.343750000000004e-05
53,24,-0.03937500000000001,0.153125,2.343750000000004e-05
53,25,-0.03937500000000001,0.159375,2.3437499999999936e-05
53,26,-0.03937500000000001,0.16562499999999997,2.343750000000004e-05
53,27,-0.03937500000000001,0.171875,2.343750000000004e-05
53,28,-0.03937500000000001,0.17812499999999998,2.343750000000004e-05
53,29,-0.03937500000000001,0.18437499999999998,2.3437499999999936e-05
53,30,-0.03937500000000001,0.190625,2.343750000000004e-05
53,31,-0.03937500000000001,0.19687499999999997,2.343750000000004e-05
53,32,-0.03937500000000001,0.203125,2.343750000000004e-05
53,33,-0.03937500000000001,0.20937499999999998,2.343750000000004e-05
53,34,-0.03937500000000001,0.21562499999999998,2.3437499999999936e-05
53,35,-0.03937500000000001,0.221875,2.343750000000004e-05
53,36,-0.03937500000000001,0.22812499999999997,2.343750000000004e-05
53,37,-0.03937500000000001,0.234375,2.343750000000004e-05
53,38,-0.03937500000000001,0.24062499999999998,2.3437499999999936e-05
53,39,-0.03937500000000001,0.24687499999999996,2.343750000000004e-05
53,40,-0.03937500000000001,0.253125,2.343750000000004e-05
53,41,-0.03937500000000001,0.25937499999999997,2.3437499999999936e-05
53,42,-0.03937500000000001,0.265625,2.3437500000000146e-05
53,43,-0.03937500000000001,0.271875,2.3437499999999936e-05
53,44,-0.03937500000000001,0.27812499999999996,2.3437500000000146e-05
53,45,-0.03937500000000001,0.284375,2.3437499999999936e-05
53,46,-0.03937500000000001,0.29062499999999997,2.3437499999999936e-05
53,47,-0.03937500000000001,0.296875,2.3437500000000146e-05
53,48,-0.03937500000000001,0.303125,2.3437499999999936e-05
53,49,-0.03937500000000001,0.30937499999999996,2.3437500000000146e-05
53,50,-0.03937500000000001,0.315625,2.3437499999999936e-05
53,51,-0.03937500000000001,0.32187499999999997,2.3437499999999936e-05
53,52,-0.03937500000000001,0.328125,2.3437500000000146e-05
53,53,-0.03937500000000001,0.334375,2.3437499999999936e-05
53,54,-0.03937500000000001,0.34062499999999996,2.3437499999999936e-05
53,55,-0.03937500000000001,0.34687499999999993,2.3437500000000146e-05
53,56,-0.03937500000000001,0.35312499999999997,2.3437499999999936e-05
53,57,-0.03937500000000001,0.359375,2.3437500000000146e-05
53,58,-0.03937500000000001,0.365625,2.3437499999999936e-05
53,59,-0.03937500000000001,0.37187499999999996,2.3437499999999936e-05
53,60,-0.03937500000000001,0.37812499999999993,2.3437500000000146e-05
53,61,-0.03937500000000001,0.38437499999999997,2.3437499999999936e-05
53,62,-0.03937500000000001,0.390625,2.3437500000000146e-05
53,63,-0.03937500000000001,0.396875,2.3437499999999936e-05
53,64,-0.03937500000000001,0.40312499999999996,2.3437499999999936e-05
53,65,-0.03937500000000001,0.40937499999999993,2.3437500000000146e-05
53,66,-0.03937500000000001,0.41562499999999997,2.3437499999999936e-05
53,67,-0.03937500000000001,0.421875,2.3437500000000146e-05
53,68,-0.03937500000000001,0.428125,2.3437499999999936e-05
53,69,-0.03937500000000001,0.43437499999999996,2.3437499999999936e-05
53,70,-0.03937500000000001,0.44062499999999993,2.3437500000000146e-05
53,71,-0.03937500000000001,0.44687499999999997,2.3437499999999936e-05
53,72,-0.03937500000000001,0.453125,2.3437500000000146e-05
53,73,-0.03937500000000001,0.459375,2.3437499999999936e-05
53,74,-0.03937500000000001,0.46562499999999996,2.3437499999999936e-05
53,75,-0.03937500000000001,0.47187499999999993,2.3437500000000146e-05
53,76,-0.03937500000000001,0.47812499999999997,2.3437499999999936e-05
53,77,-0.03937500000000001,0.48437499999999994,2.3437499999999936e-05
53,78,-0.03937500000000001,0.490625,2.3437500000000146e-05
53,79,-0.03937500000000001,0.49687499999999996,2.3437499999999936e-05
53,80,-0.03937500000000001,0.5031249999999999,2.3437500000000146e-05
53,81,-0.03937500000000001,0.5093749999999999,2.3437499999999936e-05
53,82,-0.03937500000000001,0.515625,2.3437499999999936e-05
53,83,-0.03937500000000001,0.5218749999999999,2.3437499999999936e-05
53,84,-0.03937500000000001,0.528125,2.3437500000000353e-05
53,85,-0.03937500000000001,0.534375,2.3437499999999936e-05
53,86,-0.03937500000000001,0.5406249999999999,2.3437499999999936e-05
53,87,-0.03937500000000001,0.546875,2.3437499999999936e-05
53,88,-0.03937500000000001,0.5531249999999999,2.3437499999999936e-05
53,89,-0.03937500000000001,0.559375,2.3437500000000353e-05
53,90,-0.03937500000000001,0.565625,2.3437499999999936e-05
53,91,-0.03937500000000001,0.5718749999999999,2.3437499999999936e-05
53,92,-0.03937500000000001,0.578125,2.3437499999999936e-05
53,93,-0.03937500000000001,0.5843749999999999,2.3437499999999936e-05
53,94,-0.03937500000000001,0.590625,2.3437500000000353e-05
53,95,-0.03937500000000001,0.596875,2.3437499999999936e-05
54,0,-0.035625000000000004,0.0031249999999999997,2.3437500000000017e-05
54,1,-0.035625000000000004,0.009375,2.3437500000000017e-05
54,2,-0.035625000000000004,0.015625,2.343750000000002e-05
54,3,-0.035625000000000004,0.021875,2.3437500000000014e-05
54,4,-0.035625000000000004,0.028124999999999997,2.3437500000000014e-05
54,5,-0.035625000000000004,0.034374999999999996,2.3437500000000028e-05
54,6,-0.035625000000000004,0.040624999999999994,2.3437500000000014e-05
54,7,-0.035625000000000004,0.046875,2.3437500000000014e-05
54,8,-0.035625000000000004,0.05312499999999999,2.3437500000000014e-05
54,9,-0.035625000000000004,0.059375,2.3437500000000014e-05
54,10,-0.035625000000000004,0.06562499999999999,2.3437500000000014e-05
54,11,-0.035625000000000004,0.071875,2.343750000000004e-05
54,12,-0.035625000000000004,0.078125,2.343749999999999e-05
54,13,-0.035625000000000004,0.08437499999999999,2.343750000000004e-05
54,14,-0.035625000000000004,0.09062499999999998,2.343749999999999e-05
54,15,-0.035625000000000004,0.09687499999999999,2.343750000000004e-05
54,16,-0.035625000000000004,0.103125,2.343750000000004e-05
54,17,-0.035625000000000004,0.109375,2.343749999999999e-05
54,18,-0.035625000000000004,0.11562499999999999,2.343750000000004e-05
54,19,-0.035625000000000004,0.12187499999999998,2.343749999999999e-05
54,20,-0.035625000000000004,0.128125,2.343749999999999e-05
54,21,-0.035625000000000004,0.13437499999999997,2.343750000000004e-05
54,22,-0.035625000000000004,0.140625,2.343750000000004e-05
54,23,-0.035625000000000004,0.14687499999999998,2.343750000000004e-05
54,24,-0.035625000000000004,0.153125,2.343750000000004e-05
54,25,-0.035625000000000004,0.159375,2.3437499999999936e-05
54,26,-0.035625000000000004,0.16562499999999997,2.343750000000004e-05
54,27,-0.035625000000000004,0.171875,2.343750000000004e-05
54,28,-0.035625000000000004,0.17812499999999998,2.343750000000004e-05
54,29,-0.035625000000000004,0.18437499999999998,2.3437499999999936e-05
54,30,-0.035625000000000004,0.190625,2.343750000000004e-05
54,31,-0.035625000000000004,0.19687499999999997,2.343750000000004e-05
54,32,-0.035625000000000004,0.203125,2.343750000000004e-05
54,33,-0.035625000000000004,0.20937499999999998,2.343750000000004e-05
54,34,-0.035625000000000004,0.21562499999999998,2.3437499999999936e-05
54,35,-0.035625000000000004,0.221875,2.343750000000004e-05
54,36,-0.035625000000000004,0.22812499999999997,2.343750000000004e-05
54,37,-0.035625000000000004,0.234375,2.343750000000004e-05
54,38,-0.035625000000000004,0.24062499999999998,2.3437499999999936e-05
54,39,-0.035625000000000004,0.24687499999999996,2.343750000000004e-05
54,40,-0.035625000000000004,0.253125,2.343750000000004e-05
54,41,-0.035625000000000004,0.25937499999999997,2.3437499999999936e-05
54,42,-0.035625000000000004,0.265625,2.3437500000000146e-05
54,43,-0.035625000000000004,0.271875,2.3437499999999936e-05
54,44,-0.035625000000000004,0.27812499999999996,2.3437500000000146e-05
54,45,-0.035625000000000004,0.284375,2.3437499999999936e-05
54,46,-0.035625000000000004,0.29062499999999997,2.3437499999999936e-05
54,47,-0.035625000000000004,0.296875,2.3437500000000146e-05
54,48,-0.035625000000000004,0.303125,2.3437499999999936e-05
54,49,-0.035625000000000004,0.30937499999999996,2.3437500000000146e-05
54,50,-0.035625000000000004,0.315625,2.3437499999999936e-05
54,51,-0.035625000000000004,0.32187499999999997,2.3437499999999936e-05
54,52,-0.035625000000000004,0.328125,2.3437500000000146e-05
54,53,-0.035625000000000004,0.334375,2.3437499999999936e-05
54,54,-0.035625000000000004,0.34062499999999996,2.3437499999999936e-05
54,55,-0.035625000000000004,0.34687499999999993,2.3437500000000146e-05
54,56,-0.035625000000000004,0.35312499999999997,2.3437499999999936e-05
54,57,-0.035625000000000004,0.359375,2.3437500000000146e-05
54,58,-0.035625000000000004,0.365625,2.3437499999999936e-05
54,59,-0.035625000000000004,0.37187499999999996,2.3437499999999936e-05
54,60,-0.035625000000000004,0.37812499999999993,2.3437500000000146e-05
54,61,-0.035625000000000004,0.38437499999999997,2.3437499999999936e-05
54,62,-0.035625000000000004,0.390625,2.3437500000000146e-05
54,63,-0.035625000000000004,0.396875,2.3437499999999936e-05
54,64,-0.035625000000000004,0.40312499999999996,2.3437499999999936e-05
54,65,-0.035625000000000004,0.40937499999999993,2.3437500000000146e-05
54,66,-0.035625000000000004,0.41562499999999997,2.3437499999999936e-05
54,67,-0.035625000000000004,0.421875,2.3437500000000146e-05
54,68,-0.035625000000000004,0.428125,2.3437499999999936e-05
54,69,-0.035625000000000004,0.43437499999999996,2.3437499999999936e-05
54,70,-0.035625000000000004,0.44062499999999993,2.3437500000000146e-05
54,71,-0.035625000000000004,0.44687499999999997,2.3437499999999936e-05
54,72,-0.035625000000000004,0.453125,2.3437500000000146e-05
54,73,-0.035625000000000004,0.459375,2.3437499999999936e-05
54,74,-0.035625000000000004,0.46562499999999996,2.3437499999999936e-05
54,75,-0.035625000000000004,0.47187499999999993,2.3437500000000146e-05
54,76,-0.035625000000000004,0.47812499999999997,2.3437499999999936e-05
54,77,-0.035625000000000004,0.48437499999999994,2.3437499999999936e-05
54,78,-0.035625000000000004,0.490625,2.3437500000000146e-05
54,79,-0.035625000000000004,0.49687499999999996,2.3437499999999936e-05
54,80,-0.035625000000000004,0.5031249999999999,2.3437500000000146e-05
54,81,-0.035625000000000004,0.5093749999999999,2.3437499999999936e-05
54,82,-0.035625000000000004,0.515625,2.3437499999999936e-05
54,83,-0.035625000000000004,0.5218749999999999,2.3437499999999936e-05
54,84,-0.035625000000000004,0.528125,2.3437500000000353e-05
54,85,-0.035625000000000004,0.534375,2.3437499999999936e-05
54,86,-0.035625000000000004,0.5406249999999999,2.3437499999999936e-05
54,87,-0.035625000000000004,0.546875,2.3437499999999936e-05
54,88,-0.035625000000000004,0.5531249999999999,2.3437499999999936e-05
54,89,-0.035625000000000004,0.559375,2.3437500000000353e-05
54,90,-0.035625000000000004,0.565625,2.3437499999999936e-05
54,91,-0.035625000000000004,0.5718749999999999,2.3437499999999936e-05
54,92,-0.035625000000000004,0.578125,2.3437499999999936e-05
54,93,-0.035625000000000004,0.5843749999999999,2.3437499999999936e-05
54,94,-0.035625000000000004,0.590625,2.3437500000000353e-05
54,95,-0.035625000000000004,0.596875,2.3437499999999936e-05
55,0,-0.031875,0.0031249999999999997,2.3437500000000017e-05
55,1,-0.031875,0.009375,2.3437500000000017e-05
55,2,-0.031875,0.015625,2.343750000000002e-05
55,3,-0.031875,0.021875,2.3437500000000014e-05
55,4,-0.031875,0.028124999999999997,2.3437500000000014e-05
55,5,-0.031875,0.034374999999999996,2.3437500000000028e-05
55,6,-0.031875,0.040624999999999994,2.3437500000000014e-05
55,7,-0.031875,0.046875,2.3437500000000014e-05
55,8,-0.031875,0.05312499999999999,2.3437500000000014e-05
55,9,-0.031875,0.059375,2.3437500000000014e-05
55,10,-0.031875,0.06562499999999999,2.3437500000000014e-05
55,11,-0.031875,0.071875,2.343750000000004e-05
55,12,-0.031875,0.078125,2.343749999999999e-05
55,13,-0.031875,0.08437499999999999,2.343750000000004e-05
55,14,-0.031875,0.09062499999999998,2.343749999999999e-05
55,15,-0.031875,0.09687499999999999,2.343750000000004e-05
55,16,-0.031875,0.103125,2.343750000000004e-05
55,17,-0.031875,0.109375,2.343749999999999e-05
55,18,-0.031875,0.11562499999999999,2.343750000000004e-05
55,19,-0.031875,0.12187499999999998,2.343749999999999e-05
55,20,-0.031875,0.128125,2.343749999999999e-05
55,21,-0.031875,0.13437499999999997,2.343750000000004e-05
55,22,-0.031875,0.140625,2.343750000000004e-05
55,23,-0.031875,0.14687499999999998,2.343750000000004e-05
55,24,-0.031875,0.153125,2.343750000000004e-05
55,25,-0.031875,0.159375,2.3437499999999936e-05
55,26,-0.031875,0.16562499999999997,2.343750000000004e-05
55,27,-0.031875,0.171875,2.343750000000004e-05
55,28,-0.031875,0.17812499999999998,2.343750000000004e-05
55,29,-0.031875,0.18437499999999998,2.3437499999999936e-05
55,30,-0.031875,0.190625,2.343750000000004e-05
55,31,-0.031875,0.19687499999999997,2.343750000000004e-05
55,32,-0.031875,0.203125,2.343750000000004e-05
55,33,-0.031875,0.20937499999999998,2.343750000000004e-05
55,34,-0.031875,0.21562499999999998,2.3437499999999936e-05
55,35,-0.031875,0.221875,2.343750000000004e-05
55,36,-0.031875,0.22812499999999997,2.343750000000004e-05
55,37,-0.031875,0.234375,2.343750000000004e-05
55,38,-0.031875,0.24062499999999998,2.3437499999999936e-05
55,39,-0.031875,0.24687499999999996,2.343750000000004e-05
55,40,-0.031875,0.253125,2.343750000000004e-05
55,41,-0.031875,0.25937499999999997,2.3437499999999936e-05
55,42,-0.031875,0.265625,2.3437500000000146e-05
55,43,-0.031875,0.271875,2.3437499999999936e-05
55,44,-0.031875,0.27812499999999996,2.3437500000000146e-05
55,45,-0.031875,0.284375,2.3437499999999936e-05
55,46,-0.031875,0.29062499999999997,2.3437499999999936e-05
55,47,-0.031875,0.296875,2.3437500000000146e-05
55,48,-0.031875,0.303125,2.3437499999999936e-05
55,49,-0.031875,0.30937499999999996,2.3437500000000146e-05
55,50,-0.031875,0.315625,2.3437499999999936e-05
55,51,-0.031875,0.32187499999999997,2.3437499999999936e-05
55,52,-0.031875,0.328125,2.3437500000000146e-05
55,53,-0.031875,0.334375,2.3437499999999936e-05
55,54,-0.031875,0.34062499999999996,2.3437499999999936e-05
55,55,-0.031875,0.34687499999999993,2.3437500000000146e-05
55,56,-0.031875,0.35312499999999997,2.3437499999999936e-05
55,57,-0.031875,0.359375,2.3437500000000146e-05
55,58,-0.031875,0.365625,2.3437499999999936e-05
55,59,-0.031875,0.37187499999999996,2.3437499999999936e-05
55,60,-0.031875,0.37812499999999993,2.3437500000000146e-05
55,61,-0.031875,0.38437499999999997,2.3437499999999936e-05
55,62,-0.031875,0.390625,2.3437500000000146e-05
55,63,-0.031875,0.396875,2.3437499999999936e-05
55,64,-0.031875,0.40312499999999996,2.3437499999999936e-05
55,65,-0.031875,0.40937499999999993,2.3437500000000146e-05
55,66,-0.031875,0.41562499999999997,2.3437499999999936e-05
55,67,-0.031875,0.421875,2.3437500000000146e-05
55,68,-0.031875,0.428125,2.3437499999999936e-05
55,69,-0.031875,0.43437499999999996,2.3437499999999936e-05
55,70,-0.031875,0.44062499999999993,2.3437500000000146e-05
55,71,-0.031875,0.44687499999999997,2.3437499999999936e-05
55,72,-0.031875,0.453125,2.3437500000000146e-05
55,73,-0.031875,0.459375,2.3437499999999936e-05
55,74,-0.031875,0.46562499999999996,2.3437499999999936e-05
55,75,-0.031875,0.47187499999999993,2.3437500000000146e-05
55,76,-0.031875,0.47812499999999997,2.3437499999999936e-05
55,77,-0.031875,0.48437499999999994,2.3437499999999936e-05
55,78,-0.031875,0.490625,2.3437500000000146e-05
55,79,-0.031875,0.49687499999999996,2.3437499999999936e-05
55,80,-0.031875,0.5031249999999999,2.3437500000000146e-05
55,81,-0.031875,0.5093749999999999,2.3437499999999936e-05
55,82,-0.031875,0.515625,2.3437499999999936e-05
55,83,-0.031875,0.5218749999999999,2.3437499999999936e-05
55,84,-0.031875,0.528125,2.3437500000000353e-05
55,85,-0.031875,0.534375,2.3437499999999936e-05
55,86,-0.031875,0.5406249999999999,2.3437499999999936e-05
55,87,-0.031875,0.546875,2.3437499999999936e-05
55,88,-0.031875,0.5531249999999999,2.3437499999999936e-05
55,89,-0.031875,0.559375,2.3437500000000353e-05
55,90,-0.031875,0.565625,2.3437499999999936e-05
55,91,-0.031875,0.5718749999999999,2.3437499999999936e-05
55,92,-0.031875,0.578125,2.3437499999999936e-05
55,93,-0.031875,0.5843749999999999,2.3437499999999936e-05
55,94,-0.031875,0.590625,2.3437500000000353e-05
55,95,-0.031875,0.596875,2.3437499999999936e-05
56,0,-0.028124999999999997,0.0031249999999999997,2.3437500000000017e-05
56,1,-0.028124999999999997,0.009375,2.3437500000000017e-05
56,2,-0.028124999999999997,0.015625,2.343750000000002e-05
56,3,-0.028124999999999997,0.021875,2.3437500000000014e-05
56,4,-0.028124999999999997,0.028124999999999997,2.3437500000000014e-05
56,5,-0.028124999999999997,0.034374999999999996,2.3437500000000028e-05
56,6,-0.028124999999999997,0.040624999999999994,2.3437500000000014e-05
56,7,-0.028124999999999997,0.046875,2.3437500000000014e-05
56,8,-0.028124999999999997,0.05312499999999999,2.3437500000000014e-05
56,9,-0.028124999999999997,0.059375,2.3437500000000014e-05
56,10,-0.028124999999999997,0.06562499999999999,2.3437500000000014e-05
56,11,-0.028124999999999997,0.071875,2.343750000000004e-05
56,12,-0.028124999999999997,0.078125,2.343749999999999e-05
56,13,-0.028124999999999997,0.08437499999999999,2.343750000000004e-05
56,14,-0.028124999999999997,0.09062499999999998,2.343749999999999e-05
56,15,-0.028124999999999997,0.09687499999999999,2.343750000000004e-05
56,16,-0.028124999999999997,0.103125,2.343750000000004e-05
56,17,-0.028124999999999997,0.109375,2.343749999999999e-05
56,18,-0.028124999999999997,0.11562499999999999,2.343750000000004e-05
56,19,-0.028124999999999997,0.12187499999999998,2.343749999999999e-05
56,20,-0.028124999999999997,0.128125,2.343749999999999e-05
56,21,-0.028124999999999997,0.13437499999999997,2.343750000000004e-05
56,22,-0.028124999999999997,0.140625,2.343750000000004e-05
56,23,-0.028124999999999997,0.14687499999999998,2.343750000000004e-05
56,24,-0.028124999999999997,0.153125,2.343750000000004e-05
56,25,-0.028124999999999997,0.159375,2.3437499999999936e-05
56,26,-0.028124999999999997,0.16562499999999997,2.343750000000004e-05
56,27,-0.028124999999999997,0.171875,2.343750000000004e-05
56,28,-0.028124999999999997,0.17812499999999998,2.343750000000004e-05
56,29,-0.028124999999999997,0.18437499999999998,2.3437499999999936e-05
56,30,-0.028124999999999997,0.190625,2.343750000000004e-05
56,31,-0.028124999999999997,0.19687499999999997,2.343750000000004e-05
56,32,-0.028124999999999997,0.203125,2.343750000000004e-05
56,33,-0.028124999999999997,0.20937499999999998,2.343750000000004e-05
56,34,-0.028124999999999997,0.21562499999999998,2.3437499999999936e-05
56,35,-0.028124999999999997,0.221875,2.343750000000004e-05
56,36,-0.028124999999999997,0.22812499999999997,2.343750000000004e-05
56,37,-0.028124999999999997,0.234375,2.343750000000004e-05
56,38,-0.028124999999999997,0.24062499999999998,2.3437499999999936e-05
56,39,-0.028124999999999997,0.24687499999999996,2.343750000000004e-05
56,40,-0.028124999999999997,0.253125,2.343750000000004e-05
56,41,-0.028124999999999997,0.25937499999999997,2.3437499999999936e-05
56,42,-0.028124999999999997,0.265625,2.3437500000000146e-05
56,43,-0.028124999999999997,0.271875,2.3437499999999936e-05
56,44,-0.028124999999999997,0.27812499999999996,2.3437500000000146e-05
56,45,-0.028124999999999997,0.284375,2.3437499999999936e-05
56,46,-0.028124999999999997,0.29062499999999997,2.3437499999999936e-05
56,47,-0.028124999999999997,0.296875,2.3437500000000146e-05
56,48,-0.028124999999999997,0.303125,2.3437499999999936e-05
56,49,-0.028124999999999997,0.30937499999999996,2.3437500000000146e-05
56,50,-0.028124999999999997,0.315625,2.3437499999999936e-05
56,51,-0.028124999999999997,0.32187499999999997,2.3437499999999936e-05
56,52,-0.028124999999999997,0.328125,2.3437500000000146e-05
56,53,-0.028124999999999997,0.334375,2.3437499999999936e-05
56,54,-0.028124999999999997,0.34062499999999996,2.3437499999999936e-05
56,55,-0.028124999999999997,0.34687499999999993,2.3437500000000146e-05
56,56,-0.028124999999999997,0.35312499999999997,2.3437499999999936e-05
56,57,-0.028124999999999997,0.359375,2.3437500000000146e-05
56,58,-0.028124999999999997,0.365625,2.3437499999999936e-05
56,59,-0.028124999999999997,0.37187499999999996,2.3437499999999936e-05
56,60,-0.028124999999999997,0.37812499999999993,2.3437500000000146e-05
56,61,-0.028124999999999997,0.38437499999999997,2.3437499999999936e-05
56,62,-0.028124999999999997,0.390625,2.3437500000000146e-05
56,63,-0.028124999999999997,0.396875,2.3437499999999936e-05
56,64,-0.028124999999999997,0.40312499999999996,2.3437499999999936e-05
56,65,-0.028124999999999997,0.40937499999999993,2.3437500000000146e-05
56,66,-0.028124999999999997,0.41562499999999997,2.3437499999999936e-05
56,67,-0.028124999999999997,0.421875,2.3437500000000146e-05
56,68,-0.028124999999999997,0.428125,2.3437499999999936e-05
56,69,-0.028124999999999997,0.43437499999999996,2.3437499999999936e-05
56,70,-0.028124999999999997,0.44062499999999993,2.3437500000000146e-05
56,71,-0.028124999999999997,0.44687499999999997,2.3437499999999936e-05
56,72,-0.028124999999999997,0.453125,2.3437500000000146e-05
56,73,-0.028124999999999997,0.459375,2.3437499999999936e-05
56,74,-0.028124999999999997,0.46562499999999996,2.3437499999999936e-05
56,75,-0.028124999999999997,0.47187499999999993,2.3437500000000146e-05
56,76,-0.028124999999999997,0.47812499999999997,2.3437499999999936e-05
56,77,-0.028124999999999997,0.48437499999999994,2.3437499999999936e-05
56,78,-0.028124999999999997,0.490625,2.3437500000000146e-05
56,79,-0.028124999999999997,0.49687499999999996,2.3437499999999936e-05
56,80,-0.028124999999999997,0.5031249999999999,2.3437500000000146e-05
56,81,-0.028124999999999997,0.5093749999999999,2.3437499999999936e-05
56,82,-0.028124999999999997,0.515625,2.3437499999999936e-05
56,83,-0.028124999999999997,0.5218749999999999,2.3437499999999936e-05
56,84,-0.028124999999999997,0.528125,2.3437500000000353e-05
56,85,-0.028124999999999997,0.534375,2.3437499999999936e-05
56,86,-0.028124999999999997,0.5406249999999999,2.3437499999999936e-05
56,87,-0.028124999999999997,0.546875,2.3437499999999936e-05
56,88,-0.028124999999999997,0.5531249999999999,2.3437499999999936e-05
56,89,-0.028124999999999997,0.559375,2.3437500000000353e-05
56,90,-0.028124999999999997,0.565625,2.3437499999999936e-05
56,91,-0.028124999999999997,0.5718749999999999,2.3437499999999936e-05
56,92,-0.028124999999999997,0.578125,2.3437499999999936e-05
56,93,-0.028124999999999997,0.5843749999999999,2.3437499999999936e-05
56,94,-0.028124999999999997,0.590625,2.3437500000000353e-05
56,95,-0.028124999999999997,0.596875,2.3437499999999936e-05
57,0,-0.024374999999999994,0.0031249999999999997,2.3437500000000017e-05
57,1,-0.024374999999999994,0.009375,2.3437500000000017e-05
57,2,-0.024374999999999994,0.015625,2.343750000000002e-05
57,3,-0.024374999999999994,0.021875,2.3437500000000014e-05
57,4,-0.024374999999999994,0.028124999999999997,2.3437500000000014e-05
57,5,-0.024374999999999994,0.034374999999999996,2.3437500000000028e-05
57,6,-0.024374999999999994,0.040624999999999994,2.3437500000000014e-05
57,7,-0.024374999999999994,0.046875,2.3437500000000014e-05
57,8,-0.024374999999999994,0.05312499999999999,2.3437500000000014e-05
57,9,-0.024374999999999994,0.059375,2.3437500000000014e-05
57,10,-0.024374999999999994,0.06562499999999999,2.3437500000000014e-05
57,11,-0.024374999999999994,0.071875,2.343750000000004e-05
57,12,-0.024374999999999994,0.078125,2.343749999999999e-05
57,13,-0.024374999999999994,0.08437499999999999,2.343750000000004e-05
57,14,-0.024374999999999994,0.09062499999999998,2.343749999999999e-05
57,15,-0.024374999999999994,0.09687499999999999,2.343750000000004e-05
57,16,-0.024374999999999994,0.103125,2.343750000000004e-05
57,17,-0.024374999999999994,0.109375,2.343749999999999e-05
57,18,-0.024374999999999994,0.11562499999999999,2.343750000000004e-05
57,19,-0.024374999999999994,0.12187499999999998,2.343749999999999e-05
57,20,-0.024374999999999994,0.128125,2.343749999999999e-05
57,21,-0.024374999999999994,0.13437499999999997,2.343750000000004e-05
57,22,-0.024374999999999994,0.140625,2.343750000000004e-05
57,23,-0.024374999999999994,0.14687499999999998,2.343750000000004e-05
57,24,-0.024374999999999994,0.153125,2.343750000000004e-05
57,25,-0.024374999999999994,0.159375,2.3437499999999936e-05
57,26,-0.024374999999999994,0.16562499999999997,2.343750000000004e-05
57,27,-0.024374999999999994,0.171875,2.343750000000004e-05
57,28,-0.024374999999999994,0.17812499999999998,2.343750000000004e-05
57,29,-0.024374999999999994,0.18437499999999998,2.3437499999999936e-05
57,30,-0.024374999999999994,0.190625,2.343750000000004e-05
57,31,-0.024374999999999994,0.19687499999999997,2.343750000000004e-05
57,32,-0.024374999999999994,0.203125,2.343750000000004e-05
57,33,-0.024374999999999994,0.20937499999999998,2.343750000000004e-05
57,34,-0.024374999999999994,0.21562499999999998,2.3437499999999936e-05
57,35,-0.024374999999999994,0.221875,2.343750000000004e-05
57,36,-0.024374999999999994,0.22812499999999997,2.343750000000004e-05
57,37,-0.024374999999999994,0.234375,2.343750000000004e-05
57,38,-0.024374999999999994,0.24062499999999998,2.3437499999999936e-05
57,39,-0.024374999999999994,0.24687499999999996,2.343750000000004e-05
57,40,-0.024374999999999994,0.253125,2.343750000000004e-05
57,41,-0.024374999999999994,0.25937499999999997,2.3437499999999936e-05
57,42,-0.024374999999999994,0.265625,2.3437500000000146e-05
57,43,-0.024374999999999994,0.271875,2.3437499999999936e-05
57,44,-0.024374999999999994,0.27812499999999996,2.3437500000000146e-05
57,45,-0.024374999999999994,0.284375,2.3437499999999936e-05
57,46,-0.024374999999999994,0.29062499999999997,2.3437499999999936e-05
57,47,-0.024374999999999994,0.296875,2.3437500000000146e-05
57,48,-0.024374999999999994,0.303125,2.3437499999999936e-05
57,49,-0.024374999999999994,0.30937499999999996,2.3437500000000146e-05
57,50,-0.024374999999999994,0.315625,2.3437499999999936e-05
57,51,-0.024374999999999994,0.32187499999999997,2.3437499999999936e-05
57,52,-0.024374999999999994,0.328125,2.3437500000000146e-05
57,53,-0.024374999999999994,0.334375,2.3437499999999936e-05
57,54,-0.024374999999999994,0.34062499999999996,2.3437499999999936e-05
57,55,-0.024374999999999994,0.34687499999999993,2.3437500000000146e-05
57,56,-0.024374999999999994,0.35312499999999997,2.3437499999999936e-05
57,57,-0.024374999999999994,0.359375,2.3437500000000146e-05
57,58,-0.024374999999999994,0.365625,2.3437499999999936e-05
57,59,-0.024374999999999994,0.37187499999999996,2.3437499999999936e-05
57,60,-0.024374999999999994,0.37812499999999993,2.3437500000000146e-05
57,61,-0.024374999999999994,0.38437499999999997,2.3437499999999936e-05
57,62,-0.024374999999999994,0.390625,2.3437500000000146e-05
57,63,-0.024374999999999994,0.396875,2.3437499999999936e-05
57,64,-0.024374999999999994,0.40312499999999996,2.3437499999999936e-05
57,65,-0.024374999999999994,0.40937499999999993,2.3437500000000146e-05
57,66,-0.024374999999999994,0.41562499999999997,2.3437499999999936e-05
57,67,-0.024374999999999994,0.421875,2.3437500000000146e-05
57,68,-0.024374999999999994,0.428125,2.3437499999999936e-05
57,69,-0.024374999999999994,0.43437499999999996,2.3437499999999936e-05
57,70,-0.024374999999999994,0.44062499999999993,2.3437500000000146e-05
57,71,-0.024374999999999994,0.44687499999999997,2.3437499999999936e-05
57,72,-0.024374999999999994,0.453125,2.3437500000000146e-05
57,73,-0.024374999999999994,0.459375,2.3437499999999936e-05
57,74,-0.024374999999999994,0.46562499999999996,2.3437499999999936e-05
57,75,-0.024374999999999994,0.47187499999999993,2.3437500000000146e-05
57,76,-0.024374999999999994,0.47812499999999997,2.3437499999999936e-05
57,77,-0.024374999999999994,0.48437499999999994,2.3437499999999936e-05
57,78,-0.024374999999999994,0.490625,2.3437500000000146e-05
57,79,-0.024374999999999994,0.49687499999999996,2.3437499999999936e-05
57,80,-0.024374999999999994,0.5031249999999999,2.3437500000000146e-05
57,81,-0.024374999999999994,0.5093749999999999,2.3437499999999936e-05
57,82,-0.024374999999999994,0.515625,2.3437499999999936e-05
57,83,-0.024374999999999994,0.5218749999999999,2.3437499999999936e-05
57,84,-0.024374999999999994,0.528125,2.3437500000000353e-05
57,85,-0.024374999999999994,0.534375,2.3437499999999936e-05
57,86,-0.024374999999999994,0.5406249999999999,2.3437499999999936e-05
57,87,-0.024374999999999994,0.546875,2.3437499999999936e-05
57,88,-0.024374999999999994,0.5531249999999999,2.3437499999999936e-05
57,89,-0.024374999999999994,0.559375,2.3437500000000353e-05
57,90,-0.024374999999999994,0.565625,2.3437499999999936e-05
57,91,-0.024374999999999994,0.5718749999999999,2.3437499999999936e-05
57,92,-0.024374999999999994,0.578125,2.3437499999999936e-05
57,93,-0.024374999999999994,0.5843749999999999,2.3437499999999936e-05
57,94,-0.024374999999999994,0.590625,2.3437500000000353e-05
57,95,-0.024374999999999994,0.596875,2.3437499999999936e-05
58,0,-0.02062499999999999,0.0031249999999999997,2.3437500000000017e-05
58,1,-0.02062499999999999,0.009375,2.3437500000000017e-05
58,2,-0.02062499999999999,0.015625,2.343750000000002e-05
58,3,-0.02062499999999999,0.021875,2.3437500000000014e-05
58,4,-0.02062499999999999,0.028124999999999997,2.3437500000000014e-05
58,5,-0.02062499999999999,0.034374999999999996,2.3437500000000028e-05
58,6,-0.02062499999999999,0.040624999999999994,2.3437500000000014e-05
58,7,-0.02062499999999999,0.046875,2.3437500000000014e-05
58,8,-0.02062499999999999,0.05312499999999999,2.3437500000000014e-05
58,9,-0.02062499999999999,0.059375,2.3437500000000014e-05
58,10,-0.02062499999999999,0.06562499999999999,2.3437500000000014e-05
58,11,-0.02062499999999999,0.071875,2.343750000000004e-05
58,12,-0.02062499999999999,0.078125,2.343749999999999e-05
58,13,-0.02062499999999999,0.08437499999999999,2.343750000000004e-05
58,14,-0.02062499999999999,0.09062499999999998,2.343749999999999e-05
58,15,-0.02062499999999999,0.09687499999999999,2.343750000000004e-05
58,16,-0.02062499999999999,0.103125,2.343750000000004e-05
58,17,-0.02062499999999999,0.109375,2.343749999999999e-05
58,18,-0.02062499999999999,0.11562499999999999,2.343750000000004e-05
58,19,-0.02062499999999999,0.12187499999999998,2.343749999999999e-05
58,20,-0.02062499999999999,0.128125,2.343749999999999e-05
58,21,-0.02062499999999999,0.13437499999999997,2.343750000000004e-05
58,22,-0.02062499999999999,0.140625,2.343750000000004e-05
58,23,-0.02062499999999999,0.14687499999999998,2.343750000000004e-05
58,24,-0.02062499999999999,0.153125,2.343750000000004e-05
58,25,-0.02062499999999999,0.159375,2.3437499999999936e-05
58,26,-0.02062499999999999,0.16562499999999997,2.343750000000004e-05
58,27,-0.02062499999999999,0.171875,2.343750000000004e-05
58,28,-0.02062499999999999,0.17812499999999998,2.343750000000004e-05
58,29,-0.02062499999999999,0.18437499999999998,2.3437499999999936e-05
58,30,-0.02062499999999999,0.190625,2.343750000000004e-05
58,31,-0.02062499999999999,0.19687499999999997,2.343750000000004e-05
58,32,-0.02062499999999999,0.203125,2.343750000000004e-05
58,33,-0.02062499999999999,0.20937499999999998,2.343750000000004e-05
58,34,-0.02062499999999999,0.21562499999999998,2.3437499999999936e-05
58,35,-0.02062499999999999,0.221875,2.343750000000004e-05
58,36,-0.02062499999999999,0.22812499999999997,2.343750000000004e-05
58,37,-0.02062499999999999,0.234375,2.343750000000004e-05
58,38,-0.02062499999999999,0.24062499999999998,2.3437499999999936e-05
58,39,-0.02062499999999999,0.24687499999999996,2.343750000000004e-05
58,40,-0.02062499999999999,0.253125,2.343750000000004e-05
58,41,-0.02062499999999999,0.25937499999999997,2.3437499999999936e-05
58,42,-0.02062499999999999,0.265625,2.3437500000000146e-05
58,43,-0.02062499999999999,0.271875,2.3437499999999936e-05
58,44,-0.02062499999999999,0.27812499999999996,2.3437500000000146e-05
58,45,-0.02062499999999999,0.284375,2.3437499999999936e-05
58,46,-0.02062499999999999,0.29062499999999997,2.3437499999999936e-05
58,47,-0.02062499999999999,0.296875,2.3437500000000146e-05
58,48,-0.02062499999999999,0.303125,2.3437499999999936e-05
58,49,-0.02062499999999999,0.30937499999999996,2.3437500000000146e-05
58,50,-0.02062499999999999,0.315625,2.3437499999999936e-05
58,51,-0.02062499999999999,0.32187499999999997,2.3437499999999936e-05
58,52,-0.02062499999999999,0.328125,2.3437500000000146e-05
58,53,-0.02062499999999999,0.334375,2.3437499999999936e-05
58,54,-0.02062499999999999,0.34062499999999996,2.3437499999999936e-05
58,55,-0.02062499999999999,0.34687499999999993,2.3437500000000146e-05
58,56,-0.02062499999999999,0.35312499999999997,2.3437499999999936e-05
58,57,-0.02062499999999999,0.359375,2.3437500000000146e-05
58,58,-0.02062499999999999,0.365625,2.3437499999999936e-05
58,59,-0.02062499999999999,0.37187499999999996,2.3437499999999936e-05
58,60,-0.02062499999999999,0.37812499999999993,2.3437500000000146e-05
58,61,-0.02062499999999999,0.38437499999999997,2.3437499999999936e-05
58,62,-0.02062499999999999,0.390625,2.3437500000000146e-05
58,63,-0.02062499999999999,0.396875,2.3437499999999936e-05
58,64,-0.02062499999999999,0.40312499999999996,2.3437499999999936e-05
58,65,-0.02062499999999999,0.40937499999999993,2.3437500000000146e-05
58,66,-0.02062499999999999,0.41562499999999997,2.3437499999999936e-05
58,67,-0.02062499999999999,0.421875,2.3437500000000146e-05
58,68,-0.02062499999999999,0.428125,2.3437499999999936e-05
58,69,-0.02062499999999999,0.43437499999999996,2.3437499999999936e-05
58,70,-0.02062499999999999,0.44062499999999993,2.3437500000000146e-05
58,71,-0.02062499999999999,0.44687499999999997,2.3437499999999936e-05
58,72,-0.02062499999999999,0.453125,2.3437500000000146e-05
58,73,-0.02062499999999999,0.459375,2.3437499999999936e-05
58,74,-0.02062499999999999,0.46562499999999996,2.3437499999999936e-05
58,75,-0.02062499999999999,0.47187499999999993,2.3437500000000146e-05
58,76,-0.02062499999999999,0.47812499999999997,2.3437499999999936e-05
58,77,-0.02062499999999999,0.48437499999999994,2.3437499999999936e-05
58,78,-0.02062499999999999,0.490625,2.3437500000000146e-05
58,79,-0.02062499999999999,0.49687499999999996,2.3437499999999936e-05
58,80,-0.02062499999999999,0.5031249999999999,2.3437500000000146e-05
58,81,-0.02062499999999999,0.5093749999999999,2.3437499999999936e-05
58,82,-0.02062499999999999,0.515625,2.3437499999999936e-05
58,83,-0.02062499999999999,0.5218749999999999,2.3437499999999936e-05
58,84,-0.02062499999999999,0.528125,2.3437500000000353e-05
58,85,-0.02062499999999999,0.534375,2.3437499999999936e-05
58,86,-0.02062499999999999,0.5406249999999999,2.3437499999999936e-05
58,87,-0.02062499999999999,0.546875,2.3437499999999936e-05
58,88,-0.02062499999999999,0.5531249999999999,2.3437499999999936e-05
58,89,-0.02062499999999999,0.559375,2.3437500000000353e-05
58,90,-0.02062499999999999,0.565625,2.3437499999999936e-05
58,91,-0.02062499999999999,0.5718749999999999,2.3437499999999936e-05
58,92,-0.02062499999999999,0.578125,2.3437499999999936e-05
58,93,-0.02062499999999999,0.5843749999999999,2.3437499999999936e-05
58,94,-0.02062499999999999,0.590625,2.3437500000000353e-05
58,95,-0.02062499999999999,0.596875,2.3437499999999936e-05
59,0,-0.016875,0.0031249999999999997,2.3437499999999845e-05
59,1,-0.016875,0.009375,2.3437499999999845e-05
59,2,-0.016875,0.015625,2.3437499999999848e-05
59,3,-0.016875,0.021875,2.343749999999984e-05
59,4,-0.016875,0.028124999999999997,2.343749999999984e-05
59,5,-0.016875,0.034374999999999996,2.3437499999999855e-05
59,6,-0.016875,0.040624999999999994,2.343749999999984e-05
59,7,-0.016875,0.046875,2.343749999999984e-05
59,8,-0.016875,0.05312499999999999,2.343749999999984e-05
59,9,-0.016875,0.059375,2.343749999999984e-05
59,10,-0.016875,0.06562499999999999,2.343749999999984e-05
59,11,-0.016875,0.071875,2.343749999999987e-05
59,12,-0.016875,0.078125,2.3437499999999818e-05
59,13,-0.016875,0.08437499999999999,2.343749999999987e-05
59,14,-0.016875,0.09062499999999998,2.3437499999999818e-05
59,15,-0.016875,0.09687499999999999,2.343749999999987e-05
59,16,-0.016875,0.103125,2.343749999999987e-05
59,17,-0.016875,0.109375,2.3437499999999818e-05
59,18,-0.016875,0.11562499999999999,2.343749999999987e-05
59,19,-0.016875,0.12187499999999998,2.3437499999999818e-05
59,20,-0.016875,0.128125,2.3437499999999818e-05
59,21,-0.016875,0.13437499999999997,2.343749999999987e-05
59,22,-0.016875,0.140625,2.343749999999987e-05
59,23,-0.016875,0.14687499999999998,2.343749999999987e-05
59,24,-0.016875,0.153125,2.343749999999987e-05
59,25,-0.016875,0.159375,2.3437499999999763e-05
59,26,-0.016875,0.16562499999999997,2.343749999999987e-05
59,27,-0.016875,0.171875,2.343749999999987e-05
59,28,-0.016875,0.17812499999999998,2.343749999999987e-05
59,29,-0.016875,0.18437499999999998,2.3437499999999763e-05
59,30,-0.016875,0.190625,2.343749999999987e-05
59,31,-0.016875,0.19687499999999997,2.343749999999987e-05
59,32,-0.016875,0.203125,2.343749999999987e-05
59,33,-0.016875,0.20937499999999998,2.343749999999987e-05
59,34,-0.016875,0.21562499999999998,2.3437499999999763e-05
59,35,-0.016875,0.221875,2.343749999999987e-05
59,36,-0.016875,0.22812499999999997,2.343749999999987e-05
59,37,-0.016875,0.234375,2.343749999999987e-05
59,38,-0.016875,0.24062499999999998,2.3437499999999763e-05
59,39,-0.016875,0.24687499999999996,2.343749999999987e-05
59,40,-0.016875,0.253125,2.343749999999987e-05
59,41,-0.016875,0.25937499999999997,2.3437499999999763e-05
59,42,-0.016875,0.265625,2.3437499999999973e-05
59,43,-0.016875,0.271875,2.3437499999999763e-05
59,44,-0.016875,0.27812499999999996,2.3437499999999973e-05
59,45,-0.016875,0.284375,2.3437499999999763e-05
59,46,-0.016875,0.29062499999999997,2.3437499999999763e-05
59,47,-0.016875,0.296875,2.3437499999999973e-05
59,48,-0.016875,0.303125,2.3437499999999763e-05
59,49,-0.016875,0.30937499999999996,2.3437499999999973e-05
59,50,-0.016875,0.315625,2.3437499999999763e-05
59,51,-0.016875,0.32187499999999997,2.3437499999999763e-05
59,52,-0.016875,0.328125,2.3437499999999973e-05
59,53,-0.016875,0.334375,2.3437499999999763e-05
59,54,-0.016875,0.34062499999999996,2.3437499999999763e-05
59,55,-0.016875,0.34687499999999993,2.3437499999999973e-05
59,56,-0.016875,0.35312499999999997,2.3437499999999763e-05
59,57,-0.016875,0.359375,2.3437499999999973e-05
59,58,-0.016875,0.365625,2.3437499999999763e-05
59,59,-0.016875,0.37187499999999996,2.3437499999999763e-05
59,60,-0.016875,0.37812499999999993,2.3437499999999973e-05
59,61,-0.016875,0.38437499999999997,2.3437499999999763e-05
59,62,-0.016875,0.390625,2.3437499999999973e-05
59,63,-0.016875,0.396875,2.3437499999999763e-05
59,64,-0.016875,0.40312499999999996,2.3437499999999763e-05
59,65,-0.016875,0.40937499999999993,2.3437499999999973e-05
59,66,-0.016875,0.41562499999999997,2.3437499999999763e-05
59,67,-0.016875,0.421875,2.3437499999999973e-05
59,68,-0.016875,0.428125,2.3437499999999763e-05
59,69,-0.016875,0.43437499999999996,2.3437499999999763e-05
59,70,-0.016875,0.44062499999999993,2.3437499999999973e-05
59,71,-0.016875,0.44687499999999997,2.3437499999999763e-05
59,72,-0.016875,0.453125,2.3437499999999973e-05
59,73,-0.016875,0.459375,2.3437499999999763e-05
59,74,-0.016875,0.46562499999999996,2.3437499999999763e-05
59,75,-0.016875,0.47187499999999993,2.3437499999999973e-05
59,76,-0.016875,0.47812499999999997,2.3437499999999763e-05
59,77,-0.016875,0.48437499999999994,2.3437499999999763e-05
59,78,-0.016875,0.490625,2.3437499999999973e-05
59,79,-0.016875,0.49687499999999996,2.3437499999999763e-05
59,80,-0.016875,0.5031249999999999,2.3437499999999973e-05
59,81,-0.016875,0.5093749999999999,2.3437499999999763e-05
59,82,-0.016875,0.515625,2.3437499999999763e-05
59,83,-0.016875,0.5218749999999999,2.3437499999999763e-05
59,84,-0.016875,0.528125,2.343750000000018e-05
59,85,-0.016875,0.534375,2.3437499999999763e-05
59,86,-0.016875,0.5406249999999999,2.3437499999999763e-05
59,87,-0.016875,0.546875,2.3437499999999763e-05
59,88,-0.016875,0.5531249999999999,2.3437499999999763e-05
59,89,-0.016875,0.559375,2.343750000000018e-05
59,90,-0.016875,0.565625,2.3437499999999763e-05
59,91,-0.016875,0.5718749999999999,2.3437499999999763e-05
59,92,-0.016875,0.578125,2.3437499999999763e-05
59,93,-0.016875,0.5843749999999999,2.3437499999999763e-05
59,94,-0.016875,0.590625,2.343750000000018e-05
59,95,-0.016875,0.596875,2.3437499999999763e-05
60,0,-0.013125000000000012,0.0031249999999999997,2.3437500000000017e-05
60,1,-0.013125000000000012,0.009375,2.3437500000000017e-05
60,2,-0.013125000000000012,0.015625,2.343750000000002e-05
60,3,-0.013125000000000012,0.021875,2.3437500000000014e-05
60,4,-0.013125000000000012,0.028124999999999997,2.3437500000000014e-05
60,5,-0.013125000000000012,0.034374999999999996,2.3437500000000028e-05
60,6,-0.013125000000000012,0.040624999999999994,2.3437500000000014e-05
60,7,-0.013125000000000012,0.046875,2.3437500000000014e-05
60,8,-0.013125000000000012,0.05312499999999999,2.3437500000000014e-05
60,9,-0.013125000000000012,0.059375,2.3437500000000014e-05
60,10,-0.013125000000000012,0.06562499999999999,2.3437500000000014e-05
60,11,-0.013125000000000012,0.071875,2.343750000000004e-05
60,12,-0.013125000000000012,0.078125,2.343749999999999e-05
60,13,-0.013125000000000012,0.08437499999999999,2.343750000000004e-05
60,14,-0.013125000000000012,0.09062499999999998,2.343749999999999e-05
60,15,-0.013125000000000012,0.09687499999999999,2.343750000000004e-05
60,16,-0.013125000000000012,0.103125,2.343750000000004e-05
60,17,-0.013125000000000012,0.109375,2.343749999999999e-05
60,18,-0.013125000000000012,0.11562499999999999,2.343750000000004e-05
60,19,-0.013125000000000012,0.12187499999999998,2.343749999999999e-05
60,20,-0.013125000000000012,0.128125,2.343749999999999e-05
60,21,-0.013125000000000012,0.13437499999999997,2.343750000000004e-05
60,22,-0.013125000000000012,0.140625,2.343750000000004e-05
60,23,-0.013125000000000012,0.14687499999999998,2.343750000000004e-05
60,24,-0.013125000000000012,0.153125,2.343750000000004e-05
60,25,-0.013125000000000012,0.159375,2.3437499999999936e-05
60,26,-0.013125000000000012,0.16562499999999997,2.343750000000004e-05
60,27,-0.013125000000000012,0.171875,2.343750000000004e-05
60,28,-0.013125000000000012,0.17812499999999998,2.343750000000004e-05
60,29,-0.013125000000000012,0.18437499999999998,2.3437499999999936e-05
60,30,-0.013125000000000012,0.190625,2.343750000000004e-05
60,31,-0.013125000000000012,0.19687499999999997,2.343750000000004e-05
60,32,-0.013125000000000012,0.203125,2.343750000000004e-05
60,33,-0.013125000000000012,0.20937499999999998,2.343750000000004e-05
60,34,-0.013125000000000012,0.21562499999999998,2.3437499999999936e-05
60,35,-0.013125000000000012,0.221875,2.343750000000004e-05
60,36,-0.013125000000000012,0.22812499999999997,2.343750000000004e-05
60,37,-0.013125000000000012,0.234375,2.343750000000004e-05
60,38,-0.013125000000000012,0.24062499999999998,2.3437499999999936e-05
60,39,-0.013125000000000012,0.24687499999999996,2.343750000000004e-05
60,40,-0.013125000000000012,0.253125,2.343750000000004e-05
60,41,-0.013125000000000012,0.25937499999999997,2.3437499999999936e-05
60,42,-0.013125000000000012,0.265625,2.3437500000000146e-05
60,43,-0.013125000000000012,0.271875,2.3437499999999936e-05
60,44,-0.013125000000000012,0.27812499999999996,2.3437500000000146e-05
60,45,-0.013125000000000012,0.284375,2.3437499999999936e-05
60,46,-0.013125000000000012,0.29062499999999997,2.3437499999999936e-05
60,47,-0.013125000000000012,0.296875,2.3437500000000146e-05
60,48,-0.013125000000000012,0.303125,2.3437499999999936e-05
60,49,-0.013125000000000012,0.30937499999999996,2.3437500000000146e-05
60,50,-0.013125000000000012,0.315625,2.3437499999999936e-05
60,51,-0.013125000000000012,0.32187499999999997,2.3437499999999936e-05
60,52,-0.013125000000000012,0.328125,2.3437500000000146e-05
60,53,-0.013125000000000012,0.334375,2.3437499999999936e-05
60,54,-0.013125000000000012,0.34062499999999996,2.3437499999999936e-05
60,55,-0.013125000000000012,0.34687499999999993,2.3437500000000146e-05
60,56,-0.013125000000000012,0.35312499999999997,2.3437499999999936e-05
60,57,-0.013125000000000012,0.359375,2.3437500000000146e-05
60,58,-0.013125000000000012,0.365625,2.3437499999999936e-05
60,59,-0.013125000000000012,0.37187499999999996,2.3437499999999936e-05
60,60,-0.013125000000000012,0.37812499999999993,2.3437500000000146e-05
60,61,-0.013125000000000012,0.38437499999999997,2.3437499999999936e-05
60,62,-0.013125000000000012,0.390625,2.3437500000000146e-05
60,63,-0.013125000000000012,0.396875,2.3437499999999936e-05
60,64,-0.013125000000000012,0.40312499999999996,2.3437499999999936e-05
60,65,-0.013125000000000012,0.40937499999999993,2.3437500000000146e-05
60,66,-0.013125000000000012,0.41562499999999997,2.3437499999999936e-05
60,67,-0.013125000000000012,0.421875,2.3437500000000146e-05
60,68,-0.013125000000000012,0.428125,2.3437499999999936e-05
60,69,-0.013125000000000012,0.43437499999999996,2.3437499999999936e-05
60,70,-0.013125000000000012,0.44062499999999993,2.3437500000000146e-05
60,71,-0.013125000000000012,0.44687499999999997,2.3437499999999936e-05
60,72,-0.013125000000000012,0.453125,2.3437500000000146e-05
60,73,-0.013125000000000012,0.459375,2.3437499999999936e-05
60,74,-0.013125000000000012,0.46562499999999996,2.3437499999999936e-05
60,75,-0.013125000000000012,0.47187499999999993,2.3437500000000146e-05
60,76,-0.013125000000000012,0.47812499999999997,2.3437499999999936e-05
60,77,-0.013125000000000012,0.48437499999999994,2.3437499999999936e-05
60,78,-0.013125000000000012,0.490625,2.3437500000000146e-05
60,79,-0.013125000000000012,0.49687499999999996,2.3437499999999936e-05
60,80,-0.013125000000000012,0.5031249999999999,2.3437500000000146e-05
60,81,-0.013125000000000012,0.5093749999999999,2.3437499999999936e-05
60,82,-0.013125000000000012,0.515625,2.3437499999999936e-05
60,83,-0.013125000000000012,0.5218749999999999,2.3437499999999936e-05
60,84,-0.013125000000000012,0.528125,2.3437500000000353e-05
60,85,-0.013125000000000012,0.534375,2.3437499999999936e-05
60,86,-0.013125000000000012,0.5406249999999999,2.3437499999999936e-05
60,87,-0.013125000000000012,0.546875,2.3437499999999936e-05
60,88,-0.013125000000000012,0.5531249999999999,2.3437499999999936e-05
60,89,-0.013125000000000012,0.559375,2.3437500000000353e-05
60,90,-0.013125000000000012,0.565625,2.3437499999999936e-05
60,91,-0.013125000000000012,0.5718749999999999,2.3437499999999936e-05
60,92,-0.013125000000000012,0.578125,2.3437499999999936e-05
60,93,-0.013125000000000012,0.5843749999999999,2.3437499999999936e-05
60,94,-0.013125000000000012,0.590625,2.3437500000000353e-05
60,95,-0.013125000000000012,0.596875,2.3437499999999936e-05
61,0,-0.009375000000000008,0.0031249999999999997,2.3437500000000017e-05
61,1,-0.009375000000000008,0.009375,2.3437500000000017e-05
61,2,-0.009375000000000008,0.015625,2.343750000000002e-05
61,3,-0.009375000000000008,0.021875,2.3437500000000014e-05
61,4,-0.009375000000000008,0.028124999999999997,2.3437500000000014e-05
61,5,-0.009375000000000008,0.034374999999999996,2.3437500000000028e-05
61,6,-0.009375000000000008,0.040624999999999994,2.3437500000000014e-05
61,7,-0.009375000000000008,0.046875,2.3437500000000014e-05
61,8,-0.009375000000000008,0.05312499999999999,2.3437500000000014e-05
61,9,-0.009375000000000008,0.059375,2.3437500000000014e-05
61,10,-0.009375000000000008,0.06562499999999999,2.3437500000000014e-05
61,11,-0.009375000000000008,0.071875,2.343750000000004e-05
61,12,-0.009375000000000008,0.078125,2.343749999999999e-05
61,13,-0.009375000000000008,0.08437499999999999,2.343750000000004e-05
61,14,-0.009375000000000008,0.09062499999999998,2.343749999999999e-05
61,15,-0.009375000000000008,0.09687499999999999,2.343750000000004e-05
61,16,-0.009375000000000008,0.103125,2.343750000000004e-05
61,17,-0.009375000000000008,0.109375,2.343749999999999e-05
61,18,-0.009375000000000008,0.11562499999999999,2.343750000000004e-05
61,19,-0.009375000000000008,0.12187499999999998,2.343749999999999e-05
61,20,-0.009375000000000008,0.128125,2.343749999999999e-05
61,21,-0.009375000000000008,0.13437499999999997,2.343750000000004e-05
61,22,-0.009375000000000008,0.140625,2.343750000000004e-05
61,23,-0.009375000000000008,0.14687499999999998,2.343750000000004e-05
61,24,-0.009375000000000008,0.153125,2.343750000000004e-05
61,25,-0.009375000000000008,0.159375,2.3437499999999936e-05
61,26,-0.009375000000000008,0.16562499999999997,2.343750000000004e-05
61,27,-0.009375000000000008,0.171875,2.343750000000004e-05
61,28,-0.009375000000000008,0.17812499999999998,2.343750000000004e-05
61,29,-0.009375000000000008,0.18437499999999998,2.3437499999999936e-05
61,30,-0.009375000000000008,0.190625,2.343750000000004e-05
61,31,-0.009375000000000008,0.19687499999999997,2.343750000000004e-05
61,32,-0.009375000000000008,0.203125,2.343750000000004e-05
61,33,-0.009375000000000008,0.20937499999999998,2.343750000000004e-05
61,34,-0.009375000000000008,0.21562499999999998,2.3437499999999936e-05
61,35,-0.009375000000000008,0.221875,2.343750000000004e-05
61,36,-0.009375000000000008,0.22812499999999997,2.343750000000004e-05
61,37,-0.009375000000000008,0.234375,2.343750000000004e-05
61,38,-0.009375000000000008,0.24062499999999998,2.3437499999999936e-05
61,39,-0.009375000000000008,0.24687499999999996,2.343750000000004e-05
61,40,-0.009375000000000008,0.253125,2.343750000000004e-05
61,41,-0.009375000000000008,0.25937499999999997,2.3437499999999936e-05
61,42,-0.009375000000000008,0.265625,2.3437500000000146e-05
61,43,-0.009375000000000008,0.271875,2.3437499999999936e-05
61,44,-0.009375000000000008,0.27812499999999996,2.3437500000000146e-05
61,45,-0.009375000000000008,0.284375,2.3437499999999936e-05
61,46,-0.009375000000000008,0.29062499999999997,2.3437499999999936e-05
61,47,-0.009375000000000008,0.296875,2.3437500000000146e-05
61,48,-0.009375000000000008,0.303125,2.3437499999999936e-05
61,49,-0.009375000000000008,0.30937499999999996,2.3437500000000146e-05
61,50,-0.009375000000000008,0.315625,2.3437499999999936e-05
61,51,-0.009375000000000008,0.32187499999999997,2.3437499999999936e-05
61,52,-0.009375000000000008,0.328125,2.3437500000000146e-05
61,53,-0.009375000000000008,0.334375,2.3437499999999936e-05
61,54,-0.009375000000000008,0.34062499999999996,2.3437499999999936e-05
61,55,-0.009375000000000008,0.34687499999999993,2.3437500000000146e-05
61,56,-0.009375000000000008,0.35312499999999997,2.3437499999999936e-05
61,57,-0.009375000000000008,0.359375,2.3437500000000146e-05
61,58,-0.009375000000000008,0.365625,2.3437499999999936e-05
61,59,-0.009375000000000008,0.37187499999999996,2.3437499999999936e-05
61,60,-0.009375000000000008,0.37812499999999993,2.3437500000000146e-05
61,61,-0.009375000000000008,0.38437499999999997,2.3437499999999936e-05
61,62,-0.009375000000000008,0.390625,2.3437500000000146e-05
61,63,-0.009375000000000008,0.396875,2.3437499999999936e-05
61,64,-0.009375000000000008,0.40312499999999996,2.3437499999999936e-05
61,65,-0.009375000000000008,0.40937499999999993,2.3437500000000146e-05
61,66,-0.009375000000000008,0.41562499999999997,2.3437499999999936e-05
61,67,-0.009375000000000008,0.421875,2.3437500000000146e-05
61,68,-0.009375000000000008,0.428125,2.3437499999999936e-05
61,69,-0.009375000000000008,0.43437499999999996,2.3437499999999936e-05
61,70,-0.009375000000000008,0.44062499999999993,2.3437500000000146e-05
61,71,-0.009375000000000008,0.44687499999999997,2.3437499999999936e-05
61,72,-0.009375000000000008,0.453125,2.3437500000000146e-05
61,73,-0.009375000000000008,0.459375,2.3437499999999936e-05
61,74,-0.009375000000000008,0.46562499999999996,2.3437499999999936e-05
61,75,-0.009375000000000008,0.47187499999999993,2.3437500000000146e-05
61,76,-0.009375000000000008,0.47812499999999997,2.3437499999999936e-05
61,77,-0.009375000000000008,0.48437499999999994,2.3437499999999936e-05
61,78,-0.009375000000000008,0.490625,2.3437500000000146e-05
61,79,-0.009375000000000008,0.49687499999999996,2.3437499999999936e-05
61,80,-0.009375000000000008,0.5031249999999999,2.3437500000000146e-05
61,81,-0.009375000000000008,0.5093749999999999,2.3437499999999936e-05
61,82,-0.009375000000000008,0.515625,2.3437499999999936e-05
61,83,-0.009375000000000008,0.5218749999999999,2.3437499999999936e-05
61,84,-0.009375000000000008,0.528125,2.3437500000000353e-05
61,85,-0.009375000000000008,0.534375,2.3437499999999936e-05
61,86,-0.009375000000000008,0.5406249999999999,2.3437499999999936e-05
61,87,-0.009375000000000008,0.546875,2.3437499999999936e-05
61,88,-0.009375000000000008,0.5531249999999999,2.3437499999999936e-05
61,89,-0.009375000000000008,0.559375,2.3437500000000353e-05
61,90,-0.009375000000000008,0.565625,2.3437499999999936e-05
61,91,-0.009375000000000008,0.5718749999999999,2.3437499999999936e-05
61,92,-0.009375000000000008,0.578125,2.3437499999999936e-05
61,93,-0.009375000000000008,0.5843749999999999,2.3437499999999936e-05
61,94,-0.009375000000000008,0.590625,2.3437500000000353e-05
61,95,-0.009375000000000008,0.596875,2.3437499999999936e-05
62,0,-0.005625000000000005,0.0031249999999999997,2.3437500000000017e-05
62,1,-0.005625000000000005,0.009375,2.3437500000000017e-05
62,2,-0.005625000000000005,0.015625,2.343750000000002e-05
62,3,-0.005625000000000005,0.021875,2.3437500000000014e-05
62,4,-0.005625000000000005,0.028124999999999997,2.3437500000000014e-05
62,5,-0.005625000000000005,0.034374999999999996,2.3437500000000028e-05
62,6,-0.005625000000000005,0.040624999999999994,2.3437500000000014e-05
62,7,-0.005625000000000005,0.046875,2.3437500000000014e-05
62,8,-0.005625000000000005,0.05312499999999999,2.3437500000000014e-05
62,9,-0.005625000000000005,0.059375,2.3437500000000014e-05
62,10,-0.005625000000000005,0.06562499999999999,2.3437500000000014e-05
62,11,-0.005625000000000005,0.071875,2.343750000000004e-05
62,12,-0.005625000000000005,0.078125,2.343749999999999e-05
62,13,-0.005625000000000005,0.08437499999999999,2.343750000000004e-05
62,14,-0.005625000000000005,0.09062499999999998,2.343749999999999e-05
62,15,-0.005625000000000005,0.09687499999999999,2.343750000000004e-05
62,16,-0.005625000000000005,0.103125,2.343750000000004e-05
62,17,-0.005625000000000005,0.109375,2.343749999999999e-05
62,18,-0.005625000000000005,0.11562499999999999,2.343750000000004e-05
62,19,-0.005625000000000005,0.12187499999999998,2.343749999999999e-05
62,20,-0.005625000000000005,0.128125,2.343749999999999e-05
62,21,-0.005625000000000005,0.13437499999999997,2.343750000000004e-05
62,22,-0.005625000000000005,0.140625,2.343750000000004e-05
62,23,-0.005625000000000005,0.14687499999999998,2.343750000000004e-05
62,24,-0.005625000000000005,0.153125,2.343750000000004e-05
62,25,-0.005625000000000005,0.159375,2.3437499999999936e-05
62,26,-0.005625000000000005,0.16562499999999997,2.343750000000004e-05
62,27,-0.005625000000000005,0.171875,2.343750000000004e-05
62,28,-0.005625000000000005,0.17812499999999998,2.343750000000004e-05
62,29,-0.005625000000000005,0.18437499999999998,2.3437499999999936e-05
62,30,-0.005625000000000005,0.190625,2.343750000000004e-05
62,31,-0.005625000000000005,0.19687499999999997,2.343750000000004e-05
62,32,-0.005625000000000005,0.203125,2.343750000000004e-05
62,33,-0.005625000000000005,0.20937499999999998,2.343750000000004e-05
62,34,-0.005625000000000005,0.21562499999999998,2.3437499999999936e-05
62,35,-0.005625000000000005,0.221875,2.343750000000004e-05
62,36,-0.005625000000000005,0.22812499999999997,2.343750000000004e-05
62,37,-0.005625000000000005,0.234375,2.343750000000004e-05
62,38,-0.005625000000000005,0.24062499999999998,2.3437499999999936e-05
62,39,-0.005625000000000005,0.24687499999999996,2.343750000000004e-05
62,40,-0.005625000000000005,0.253125,2.343750000000004e-05
62,41,-0.005625000000000005,0.25937499999999997,2.3437499999999936e-05
62,42,-0.005625000000000005,0.265625,2.3437500000000146e-05
62,43,-0.005625000000000005,0.271875,2.3437499999999936e-05
62,44,-0.005625000000000005,0.27812499999999996,2.3437500000000146e-05
62,45,-0.005625000000000005,0.284375,2.3437499999999936e-05
62,46,-0.005625000000000005,0.29062499999999997,2.3437499999999936e-05
62,47,-0.005625000000000005,0.296875,2.3437500000000146e-05
62,48,-0.005625000000000005,0.303125,2.3437499999999936e-05
62,49,-0.005625000000000005,0.30937499999999996,2.3437500000000146e-05
62,50,-0.005625000000000005,0.315625,2.3437499999999936e-05
62,51,-0.005625000000000005,0.32187499999999997,2.3437499999999936e-05
62,52,-0.005625000000000005,0.328125,2.3437500000000146e-05
62,53,-0.005625000000000005,0.334375,2.3437499999999936e-05
62,54,-0.005625000000000005,0.34062499999999996,2.3437499999999936e-05
62,55,-0.005625000000000005,0.34687499999999993,2.3437500000000146e-05
62,56,-0.005625000000000005,0.35312499999999997,2.3437499999999936e-05
62,57,-0.005625000000000005,0.359375,2.3437500000000146e-05
62,58,-0.005625000000000005,0.365625,2.3437499999999936e-05
62,59,-0.005625000000000005,0.37187499999999996,2.3437499999999936e-05
62,60,-0.005625000000000005,0.37812499999999993,2.3437500000000146e-05
62,61,-0.005625000000000005,0.38437499999999997,2.3437499999999936e-05
62,62,-0.005625000000000005,0.390625,2.3437500000000146e-05
62,63,-0.005625000000000005,0.396875,2.3437499999999936e-05
62,64,-0.005625000000000005,0.40312499999999996,2.3437499999999936e-05
62,65,-0.005625000000000005,0.40937499999999993,2.3437500000000146e-05
62,66,-0.005625000000000005,0.41562499999999997,2.3437499999999936e-05
62,67,-0.005625000000000005,0.421875,2.3437500000000146e-05
62,68,-0.005625000000000005,0.428125,2.3437499999999936e-05
62,69,-0.005625000000000005,0.43437499999999996,2.3437499999999936e-05
62,70,-0.005625000000000005,0.44062499999999993,2.3437500000000146e-05
62,71,-0.005625000000000005,0.44687499999999997,2.3437499999999936e-05
62,72,-0.005625000000000005,0.453125,2.3437500000000146e-05
62,73,-0.005625000000000005,0.459375,2.3437499999999936e-05
62,74,-0.005625000000000005,0.46562499999999996,2.3437499999999936e-05
62,75,-0.005625000000000005,0.47187499999999993,2.3437500000000146e-05
62,76,-0.005625000000000005,0.47812499999999997,2.3437499999999936e-05
62,77,-0.005625000000000005,0.48437499999999994,2.3437499999999936e-05
62,78,-0.005625000000000005,0.490625,2.3437500000000146e-05
62,79,-0.005625000000000005,0.49687499999999996,2.3437499999999936e-05
62,80,-0.005625000000000005,0.5031249999999999,2.3437500000000146e-05
62,81,-0.005625000000000005,0.5093749999999999,2.3437499999999936e-05
62,82,-0.005625000000000005,0.515625,2.3437499999999936e-05
62,83,-0.005625000000000005,0.5218749999999999,2.3437499999999936e-05
62,84,-0.005625000000000005,0.528125,2.3437500000000353e-05
62,85,-0.005625000000000005,0.534375,2.3437499999999936e-05
62,86,-0.005625000000000005,0.5406249999999999,2.3437499999999936e-05
62,87,-0.005625000000000005,0.546875,2.3437499999999936e-05
62,88,-0.005625000000000005,0.5531249999999999,2.3437499999999936e-05
62,89,-0.005625000000000005,0.559375,2.3437500000000353e-05
62,90,-0.005625000000000005,0.565625,2.3437499999999936e-05
62,91,-0.005625000000000005,0.5718749999999999,2.3437499999999936e-05
62,92,-0.005625000000000005,0.578125,2.3437499999999936e-05
62,93,-0.005625000000000005,0.5843749999999999,2.3437499999999936e-05
62,94,-0.005625000000000005,0.590625,2.3437500000000353e-05
62,95,-0.005625000000000005,0.596875,2.3437499999999936e-05
63,0,-0.0018750000000000017,0.0031249999999999997,2.3437500000000017e-05
63,1,-0.0018750000000000017,0.009375,2.3437500000000017e-05
63,2,-0.0018750000000000017,0.015625,2.343750000000002e-05
63,3,-0.0018750000000000017,0.021875,2.3437500000000014e-05
63,4,-0.0018750000000000017,0.028124999999999997,2.3437500000000014e-05
63,5,-0.0018750000000000017,0.034374999999999996,2.3437500000000028e-05
63,6,-0.0018750000000000017,0.040624999999999994,2.3437500000000014e-05
63,7,-0.0018750000000000017,0.046875,2.3437500000000014e-05
63,8,-0.0018750000000000017,0.05312499999999999,2.3437500000000014e-05
63,9,-0.0018750000000000017,0.059375,2.3437500000000014e-05
63,10,-0.0018750000000000017,0.06562499999999999,2.3437500000000014e-05
63,11,-0.0018750000000000017,0.071875,2.343750000000004e-05
63,12,-0.0018750000000000017,0.078125,2.343749999999999e-05
63,13,-0.0018750000000000017,0.08437499999999999,2.343750000000004e-05
63,14,-0.0018750000000000017,0.09062499999999998,2.343749999999999e-05
63,15,-0.0018750000000000017,0.09687499999999999,2.343750000000004e-05
63,16,-0.0018750000000000017,0.103125,2.343750000000004e-05
63,17,-0.0018750000000000017,0.109375,2.343749999999999e-05
63,18,-0.0018750000000000017,0.11562499999999999,2.343750000000004e-05
63,19,-0.0018750000000000017,0.12187499999999998,2.343749999999999e-05
63,20,-0.0018750000000000017,0.128125,2.343749999999999e-05
63,21,-0.0018750000000000017,0.13437499999999997,2.343750000000004e-05
63,22,-0.0018750000000000017,0.140625,2.343750000000004e-05
63,23,-0.0018750000000000017,0.14687499999999998,2.343750000000004e-05
63,24,-0.0018750000000000017,0.153125,2.343750000000004e-05
63,25,-0.0018750000000000017,0.159375,2.3437499999999936e-05
63,26,-0.0018750000000000017,0.16562499999999997,2.343750000000004e-05
63,27,-0.0018750000000000017,0.171875,2.343750000000004e-05
63,28,-0.0018750000000000017,0.17812499999999998,2.343750000000004e-05
63,29,-0.0018750000000000017,0.18437499999999998,2.3437499999999936e-05
63,30,-0.0018750000000000017,0.190625,2.343750000000004e-05
63,31,-0.0018750000000000017,0.19687499999999997,2.343750000000004e-05
63,32,-0.0018750000000000017,0.203125,2.343750000000004e-05
63,33,-0.0018750000000000017,0.20937499999999998,2.343750000000004e-05
63,34,-0.0018750000000000017,0.21562499999999998,2.3437499999999936e-05
63,35,-0.0018750000000000017,0.221875,2.343750000000004e-05
63,36,-0.0018750000000000017,0.22812499999999997,2.343750000000004e-05
63,37,-0.0018750000000000017,0.234375,2.343750000000004e-05
63,38,-0.0018750000000000017,0.24062499999999998,2.3437499999999936e-05
63,39,-0.0018750000000000017,0.24687499999999996,2.343750000000004e-05
63,40,-0.0018750000000000017,0.253125,2.343750000000004e-05
63,41,-0.0018750000000000017,0.25937499999999997,2.3437499999999936e-05
63,42,-0.0018750000000000017,0.265625,2.3437500000000146e-05
63,43,-0.0018750000000000017,0.271875,2.3437499999999936e-05
63,44,-0.0018750000000000017,0.27812499999999996,2.3437500000000146e-05
63,45,-0.0018750000000000017,0.284375,2.3437499999999936e-05
63,46,-0.0018750000000000017,0.29062499999999997,2.3437499999999936e-05
63,47,-0.0018750000000000017,0.296875,2.3437500000000146e-05
63,48,-0.0018750000000000017,0.303125,2.3437499999999936e-05
63,49,-0.0018750000000000017,0.30937499999999996,2.3437500000000146e-05
63,50,-0.0018750000000000017,0.315625,2.3437499999999936e-05
63,51,-0.0018750000000000017,0.32187499999999997,2.3437499999999936e-05
63,52,-0.0018750000000000017,0.328125,2.3437500000000146e-05
63,53,-0.0018750000000000017,0.334375,2.3437499999999936e-05
63,54,-0.0018750000000000017,0.34062499999999996,2.3437499999999936e-05
63,55,-0.0018750000000000017,0.34687499999999993,2.3437500000000146e-05
63,56,-0.0018750000000000017,0.35312499999999997,2.3437499999999936e-05
63,57,-0.0018750000000000017,0.359375,2.3437500000000146e-05
63,58,-0.0018750000000000017,0.365625,2.3437499999999936e-05
63,59,-0.0018750000000000017,0.37187499999999996,2.3437499999999936e-05
63,60,-0.0018750000000000017,0.37812499999999993,2.3437500000000146e-05
63,61,-0.0018750000000000017,0.38437499999999997,2.3437499999999936e-05
63,62,-0.0018750000000000017,0.390625,2.3437500000000146e-05
63,63,-0.0018750000000000017,0.396875,2.3437499999999936e-05
63,64,-0.0018750000000000017,0.40312499999999996,2.3437499999999936e-05
63,65,-0.0018750000000000017,0.40937499999999993,2.3437500000000146e-05
63,66,-0.0018750000000000017,0.41562499999999997,2.3437499999999936e-05
63,67,-0.0018750000000000017,0.421875,2.3437500000000146e-05
63,68,-0.0018750000000000017,0.428125,2.3437499999999936e-05
63,69,-0.0018750000000000017,0.43437499999999996,2.3437499999999936e-05
63,70,-0.0018750000000000017,0.44062499999999993,2.3437500000000146e-05
63,71,-0.0018750000000000017,0.44687499999999997,2.3437499999999936e-05
63,72,-0.0018750000000000017,0.453125,2.3437500000000146e-05
63,73,-0.0018750000000000017,0.459375,2.3437499999999936e-05
63,74,-0.0018750000000000017,0.46562499999999996,2.3437499999999936e-05
63,75,-0.0018750000000000017,0.47187499999999993,2.3437500000000146e-05
63,76,-0.0018750000000000017,0.47812499999999997,2.3437499999999936e-05
63,77,-0.0018750000000000017,0.48437499999999994,2.3437499999999936e-05
63,78,-0.0018750000000000017,0.490625,2.3437500000000146e-05
63,79,-0.0018750000000000017,0.49687499999999996,2.3437499999999936e-05
63,80,-0.0018750000000000017,0.5031249999999999,2.3437500000000146e-05
63,81,-0.0018750000000000017,0.5093749999999999,2.3437499999999936e-05
63,82,-0.0018750000000000017,0.515625,2.3437499999999936e-05
63,83,-0.0018750000000000017,0.5218749999999999,2.3437499999999936e-05
63,84,-0.0018750000000000017,0.528125,2.3437500000000353e-05
63,85,-0.0018750000000000017,0.534375,2.3437499999999936e-05
63,86,-0.0018750000000000017,0.5406249999999999,2.3437499999999936e-05
63,87,-0.0018750000000000017,0.546875,2.3437499999999936e-05
63,88,-0.0018750000000000017,0.5531249999999999,2.3437499999999936e-05
63,89,-0.0018750000000000017,0.559375,2.3437500000000353e-05
63,90,-0.0018750000000000017,0.565625,2.3437499999999936e-05
63,91,-0.0018750000000000017,0.5718749999999999,2.3437499999999936e-05
63,92,-0.0018750000000000017,0.578125,2.3437499999999936e-05
63,93,-0.0018750000000000017,0.5843749999999999,2.3437499999999936e-05
63,94,-0.0018750000000000017,0.590625,2.3437500000000353e-05
63,95,-0.0018750000000000017,0.596875,2.3437499999999936e-05
64,0,0.0018750000000000017,0.0031249999999999997,2.3437500000000017e-05
64,1,0.0018750000000000017,0.009375,2.3437500000000017e-05
64,2,0.0018750000000000017,0.015625,2.343750000000002e-05
64,3,0.0018750000000000017,0.021875,2.3437500000000014e-05
64,4,0.0018750000000000017,0.028124999999999997,2.3437500000000014e-05
64,5,0.0018750000000000017,0.034374999999999996,2.3437500000000028e-05
64,6,0.0018750000000000017,0.040624999999999994,2.3437500000000014e-05
64,7,0.0018750000000000017,0.046875,2.3437500000000014e-05
64,8,0.0018750000000000017,0.05312499999999999,2.3437500000000014e-05
64,9,0.0018750000000000017,0.059375,2.3437500000000014e-05
64,10,0.0018750000000000017,0.06562499999999999,2.3437500000000014e-05
64,11,0.0018750000000000017,0.071875,2.343750000000004e-05
64,12,0.0018750000000000017,0.078125,2.343749999999999e-05
64,13,0.0018750000000000017,0.08437499999999999,2.343750000000004e-05
64,14,0.0018750000000000017,0.09062499999999998,2.343749999999999e-05
64,15,0.0018750000000000017,0.09687499999999999,2.343750000000004e-05
64,16,0.0018750000000000017,0.103125,2.343750000000004e-05
64,17,0.0018750000000000017,0.109375,2.343749999999999e-05
64,18,0.0018750000000000017,0.11562499999999999,2.343750000000004e-05
64,19,0.0018750000000000017,0.12187499999999998,2.343749999999999e-05
64,20,0.0018750000000000017,0.128125,2.343749999999999e-05
64,21,0.0018750000000000017,0.13437499999999997,2.343750000000004e-05
64,22,0.0018750000000000017,0.140625,2.343750000000004e-05
64,23,0.0018750000000000017,0.14687499999999998,2.343750000000004e-05
64,24,0.0018750000000000017,0.153125,2.343750000000004e-05
64,25,0.0018750000000000017,0.159375,2.3437499999999936e-05
64,26,0.0018750000000000017,0.16562499999999997,2.343750000000004e-05
64,27,0.0018750000000000017,0.171875,2.343750000000004e-05
64,28,0.0018750000000000017,0.17812499999999998,2.343750000000004e-05
64,29,0.0018750000000000017,0.18437499999999998,2.3437499999999936e-05
64,30,0.0018750000000000017,0.190625,2.343750000000004e-05
64,31,0.0018750000000000017,0.19687499999999997,2.343750000000004e-05
64,32,0.0018750000000000017,0.203125,2.343750000000004e-05
64,33,0.0018750000000000017,0.20937499999999998,2.343750000000004e-05
64,34,0.0018750000000000017,0.21562499999999998,2.3437499999999936e-05
64,35,0.0018750000000000017,0.221875,2.343750000000004e-05
64,36,0.0018750000000000017,0.22812499999999997,2.343750000000004e-05
64,37,0.0018750000000000017,0.234375,2.343750000000004e-05
64,38,0.0018750000000000017,0.24062499999999998,2.3437499999999936e-05
64,39,0.0018750000000000017,0.24687499999999996,2.343750000000004e-05
64,40,0.0018750000000000017,0.253125,2.343750000000004e-05
64,41,0.0018750000000000017,0.25937499999999997,2.3437499999999936e-05
64,42,0.0018750000000000017,0.265625,2.3437500000000146e-05
64,43,0.0018750000000000017,0.271875,2.3437499999999936e-05
64,44,0.0018750000000000017,0.27812499999999996,2.3437500000000146e-05
64,45,0.0018750000000000017,0.284375,2.3437499999999936e-05
64,46,0.0018750000000000017,0.29062499999999997,2.3437499999999936e-05
64,47,0.0018750000000000017,0.296875,2.3437500000000146e-05
64,48,0.0018750000000000017,0.303125,2.3437499999999936e-05
64,49,0.0018750000000000017,0.30937499999999996,2.3437500000000146e-05
64,50,0.0018750000000000017,0.315625,2.3437499999999936e-05
64,51,0.0018750000000000017,0.32187499999999997,2.3437499999999936e-05
64,52,0.0018750000000000017,0.328125,2.3437500000000146e-05
64,53,0.0018750000000000017,0.334375,2.3437499999999936e-05
64,54,0.0018750000000000017,0.34062499999999996,2.3437499999999936e-05
64,55,0.0018750000000000017,0.34687499999999993,2.3437500000000146e-05
64,56,0.0018750000000000017,0.35312499999999997,2.3437499999999936e-05
64,57,0.0018750000000000017,0.359375,2.3437500000000146e-05
64,58,0.0018750000000000017,0.365625,2.3437499999999936e-05
64,59,0.0018750000000000017,0.37187499999999996,2.3437499999999936e-05
64,60,0.0018750000000000017,0.37812499999999993,2.3437500000000146e-05
64,61,0.0018750000000000017,0.38437499999999997,2.3437499999999936e-05
64,62,0.0018750000000000017,0.390625,2.3437500000000146e-05
64,63,0.0018750000000000017,0.396875,2.3437499999999936e-05
64,64,0.0018750000000000017,0.40312499999999996,2.3437499999999936e-05
64,65,0.0018750000000000017,0.40937499999999993,2.3437500000000146e-05
64,66,0.0018750000000000017,0.41562499999999997,2.3437499999999936e-05
64,67,0.0018750000000000017,0.421875,2.3437500000000146e-05
64,68,0.0018750000000000017,0.428125,2.3437499999999936e-05
64,69,0.0018750000000000017,0.43437499999999996,2.3437499999999936e-05
64,70,0.0018750000000000017,0.44062499999999993,2.3437500000000146e-05
64,71,0.0018750000000000017,0.44687499999999997,2.3437499999999936e-05
64,72,0.0018750000000000017,0.453125,2.3437500000000146e-05
64,73,0.0018750000000000017,0.459375,2.3437499999999936e-05
64,74,0.0018750000000000017,0.46562499999999996,2.3437499999999936e-05
64,75,0.0018750000000000017,0.47187499999999993,2.3437500000000146e-05
64,76,0.0018750000000000017,0.47812499999999997,2.3437499999999936e-05
64,77,0.0018750000000000017,0.48437499999999994,2.3437499999999936e-05
64,78,0.0018750000000000017,0.490625,2.3437500000000146e-05
64,79,0.0018750000000000017,0.49687499999999996,2.3437499999999936e-05
64,80,0.0018750000000000017,0.5031249999999999,2.3437500000000146e-05
64,81,0.0018750000000000017,0.5093749999999999,2.3437499999999936e-05
64,82,0.0018750000000000017,0.515625,2.3437499999999936e-05
64,83,0.0018750000000000017,0.5218749999999999,2.3437499999999936e-05
64,84,0.0018750000000000017,0.528125,2.3437500000000353e-05
64,85,0.0018750000000000017,0.534375,2.3437499999999936e-05
64,86,0.0018750000000000017,0.5406249999999999,2.3437499999999936e-05
64,87,0.0018750000000000017,0.546875,2.3437499999999936e-05
64,88,0.0018750000000000017,0.5531249999999999,2.3437499999999936e-05
64,89,0.0018750000000000017,0.559375,2.3437500000000353e-05
64,90,0.0018750000000000017,0.565625,2.3437499999999936e-05
64,91,0.0018750000000000017,0.5718749999999999,2.3437499999999936e-05
64,92,0.0018750000000000017,0.578125,2.3437499999999936e-05
64,93,0.0018750000000000017,0.5843749999999999,2.3437499999999936e-05
64,94,0.0018750000000000017,0.590625,2.3437500000000353e-05
64,95,0.0018750000000000017,0.596875,2.3437499999999936e-05
65,0,0.005625000000000005,0.0031249999999999997,2.3437500000000017e-05
65,1,0.005625000000000005,0.009375,2.3437500000000017e-05
65,2,0.005625000000000005,0.015625,2.343750000000002e-05
65,3,0.005625000000000005,0.021875,2.3437500000000014e-05
65,4,0.005625000000000005,0.028124999999999997,2.3437500000000014e-05
65,5,0.005625000000000005,0.034374999999999996,2.3437500000000028e-05
65,6,0.005625000000000005,0.040624999999999994,2.3437500000000014e-05
65,7,0.005625000000000005,0.046875,2.3437500000000014e-05
65,8,0.005625000000000005,0.05312499999999999,2.3437500000000014e-05
65,9,0.005625000000000005,0.059375,2.3437500000000014e-05
65,10,0.005625000000000005,0.06562499999999999,2.3437500000000014e-05
65,11,0.005625000000000005,0.071875,2.343750000000004e-05
65,12,0.005625000000000005,0.078125,2.343749999999999e-05
65,13,0.005625000000000005,0.08437499999999999,2.343750000000004e-05
65,14,0.005625000000000005,0.09062499999999998,2.343749999999999e-05
65,15,0.005625000000000005,0.09687499999999999,2.343750000000004e-05
65,16,0.005625000000000005,0.103125,2.343750000000004e-05
65,17,0.005625000000000005,0.109375,2.343749999999999e-05
65,18,0.005625000000000005,0.11562499999999999,2.343750000000004e-05
65,19,0.005625000000000005,0.12187499999999998,2.343749999999999e-05
65,20,0.005625000000000005,0.128125,2.343749999999999e-05
65,21,0.005625000000000005,0.13437499999999997,2.343750000000004e-05
65,22,0.005625000000000005,0.140625,2.343750000000004e-05
65,23,0.005625000000000005,0.14687499999999998,2.343750000000004e-05
65,24,0.005625000000000005,0.153125,2.343750000000004e-05
65,25,0.005625000000000005,0.159375,2.3437499999999936e-05
65,26,0.005625000000000005,0.16562499999999997,2.343750000000004e-05
65,27,0.005625000000000005,0.171875,2.343750000000004e-05
65,28,0.005625000000000005,0.17812499999999998,2.343750000000004e-05
65,29,0.005625000000000005,0.18437499999999998,2.3437499999999936e-05
65,30,0.005625000000000005,0.190625,2.343750000000004e-05
65,31,0.005625000000000005,0.19687499999999997,2.343750000000004e-05
65,32,0.005625000000000005,0.203125,2.343750000000004e-05
65,33,0.005625000000000005,0.20937499999999998,2.343750000000004e-05
65,34,0.005625000000000005,0.21562499999999998,2.3437499999999936e-05
65,35,0.005625000000000005,0.221875,2.343750000000004e-05
65,36,0.005625000000000005,0.22812499999999997,2.343750000000004e-05
65,37,0.005625000000000005,0.234375,2.343750000000004e-05
65,38,0.005625000000000005,0.24062499999999998,2.3437499999999936e-05
65,39,0.005625000000000005,0.24687499999999996,2.343750000000004e-05
65,40,0.005625000000000005,0.253125,2.343750000000004e-05
65,41,0.005625000000000005,0.25937499999999997,2.3437499999999936e-05
65,42,0.005625000000000005,0.265625,2.3437500000000146e-05
65,43,0.005625000000000005,0.271875,2.3437499999999936e-05
65,44,0.005625000000000005,0.27812499999999996,2.3437500000000146e-05
65,45,0.005625000000000005,0.284375,2.3437499999999936e-05
65,46,0.005625000000000005,0.29062499999999997,2.3437499999999936e-05
65,47,0.005625000000000005,0.296875,2.3437500000000146e-05
65,48,0.005625000000000005,0.303125,2.3437499999999936e-05
65,49,0.005625000000000005,0.30937499999999996,2.3437500000000146e-05
65,50,0.005625000000000005,0.315625,2.3437499999999936e-05
65,51,0.005625000000000005,0.32187499999999997,2.3437499999999936e-05
65,52,0.005625000000000005,0.328125,2.3437500000000146e-05
65,53,0.005625000000000005,0.334375,2.3437499999999936e-05
65,54,0.005625000000000005,0.34062499999999996,2.3437499999999936e-05
65,55,0.005625000000000005,0.34687499999999993,2.3437500000000146e-05
65,56,0.005625000000000005,0.35312499999999997,2.3437499999999936e-05
65,57,0.005625000000000005,0.359375,2.3437500000000146e-05
65,58,0.005625000000000005,0.365625,2.3437499999999936e-05
65,59,0.005625000000000005,0.37187499999999996,2.3437499999999936e-05
65,60,0.005625000000000005,0.37812499999999993,2.3437500000000146e-05
65,61,0.005625000000000005,0.38437499999999997,2.3437499999999936e-05
65,62,0.005625000000000005,0.390625,2.3437500000000146e-05
65,63,0.005625000000000005,0.396875,2.3437499999999936e-05
65,64,0.005625000000000005,0.40312499999999996,2.3437499999999936e-05
65,65,0.005625000000000005,0.40937499999999993,2.3437500000000146e-05
65,66,0.005625000000000005,0.41562499999999997,2.3437499999999936e-05
65,67,0.005625000000000005,0.421875,2.3437500000000146e-05
65,68,0.005625000000000005,0.428125,2.3437499999999936e-05
65,69,0.005625000000000005,0.43437499999999996,2.3437499999999936e-05
65,70,0.005625000000000005,0.44062499999999993,2.3437500000000146e-05
65,71,0.005625000000000005,0.44687499999999997,2.3437499999999936e-05
65,72,0.005625000000000005,0.453125,2.3437500000000146e-05
65,73,0.005625000000000005,0.459375,2.3437499999999936e-05
65,74,0.005625000000000005,0.46562499999999996,2.3437499999999936e-05
65,75,0.005625000000000005,0.47187499999999993,2.3437500000000146e-05
65,76,0.005625000000000005,0.47812499999999997,2.3437499999999936e-05
65,77,0.005625000000000005,0.48437499999999994,2.3437499999999936e-05
65,78,0.005625000000000005,0.490625,2.3437500000000146e-05
65,79,0.005625000000000005,0.49687499999999996,2.3437499999999936e-05
65,80,0.005625000000000005,0.5031249999999999,2.3437500000000146e-05
65,81,0.005625000000000005,0.5093749999999999,2.3437499999999936e-05
65,82,0.005625000000000005,0.515625,2.3437499999999936e-05
65,83,0.005625000000000005,0.5218749999999999,2.3437499999999936e-05
65,84,0.005625000000000005,0.528125,2.3437500000000353e-05
65,85,0.005625000000000005,0.534375,2.3437499999999936e-05
65,86,0.005625000000000005,0.5406249999999999,2.3437499999999936e-05
65,87,0.005625000000000005,0.546875,2.3437499999999936e-05
65,88,0.005625000000000005,0.5531249999999999,2.3437499999999936e-05
65,89,0.005625000000000005,0.559375,2.3437500000000353e-05
65,90,0.005625000000000005,0.565625,2.3437499999999936e-05
65,91,0.005625000000000005,0.5718749999999999,2.3437499999999936e-05
65,92,0.005625000000000005,0.578125,2.3437499999999936e-05
65,93,0.005625000000000005,0.5843749999999999,2.3437499999999936e-05
65,94,0.005625000000000005,0.590625,2.3437500000000353e-05
65,95,0.005625000000000005,0.596875,2.3437499999999936e-05
66,0,0.009374999999999994,0.0031249999999999997,2.3437499999999845e-05
66,1,0.009374999999999994,0.009375,2.3437499999999845e-05
66,2,0.009374999999999994,0.015625,2.3437499999999848e-05
66,3,0.009374999999999994,0.021875,2.343749999999984e-05
66,4,0.009374999999999994,0.028124999999999997,2.343749999999984e-05
66,5,0.009374999999999994,0.034374999999999996,2.3437499999999855e-05
66,6,0.009374999999999994,0.040624999999999994,2.343749999999984e-05
66,7,0.009374999999999994,0.046875,2.343749999999984e-05
66,8,0.009374999999999994,0.05312499999999999,2.343749999999984e-05
66,9,0.009374999999999994,0.059375,2.343749999999984e-05
66,10,0.009374999999999994,0.06562499999999999,2.343749999999984e-05
66,11,0.009374999999999994,0.071875,2.343749999999987e-05
66,12,0.009374999999999994,0.078125,2.3437499999999818e-05
66,13,0.009374999999999994,0.08437499999999999,2.343749999999987e-05
66,14,0.009374999999999994,0.09062499999999998,2.3437499999999818e-05
66,15,0.009374999999999994,0.09687499999999999,2.343749999999987e-05
66,16,0.009374999999999994,0.103125,2.343749999999987e-05
66,17,0.009374999999999994,0.109375,2.3437499999999818e-05
66,18,0.009374999999999994,0.11562499999999999,2.343749999999987e-05
66,19,0.009374999999999994,0.12187499999999998,2.3437499999999818e-05
66,20,0.009374999999999994,0.128125,2.3437499999999818e-05
66,21,0.009374999999999994,0.13437499999999997,2.343749999999987e-05
66,22,0.009374999999999994,0.140625,2.343749999999987e-05
66,23,0.009374999999999994,0.14687499999999998,2.343749999999987e-05
66,24,0.009374999999999994,0.153125,2.343749999999987e-05
66,25,0.009374999999999994,0.159375,2.3437499999999763e-05
66,26,0.009374999999999994,0.16562499999999997,2.343749999999987e-05
66,27,0.009374999999999994,0.171875,2.343749999999987e-05
66,28,0.009374999999999994,0.17812499999999998,2.343749999999987e-05
66,29,0.009374999999999994,0.18437499999999998,2.3437499999999763e-05
66,30,0.009374999999999994,0.190625,2.343749999999987e-05
66,31,0.009374999999999994,0.19687499999999997,2.343749999999987e-05
66,32,0.009374999999999994,0.203125,2.343749999999987e-05
66,33,0.009374999999999994,0.20937499999999998,2.343749999999987e-05
66,34,0.009374999999999994,0.21562499999999998,2.3437499999999763e-05
66,35,0.009374999999999994,0.221875,2.343749999999987e-05
66,36,0.009374999999999994,0.22812499999999997,2.343749999999987e-05
66,37,0.009374999999999994,0.234375,2.343749999999987e-05
66,38,0.009374999999999994,0.24062499999999998,2.3437499999999763e-05
66,39,0.009374999999999994,0.24687499999999996,2.343749999999987e-05
66,40,0.009374999999999994,0.253125,2.343749999999987e-05
66,41,0.009374999999999994,0.25937499999999997,2.3437499999999763e-05
66,42,0.009374999999999994,0.265625,2.3437499999999973e-05
66,43,0.009374999999999994,0.271875,2.3437499999999763e-05
66,44,0.009374999999999994,0.27812499999999996,2.3437499999999973e-05
66,45,0.009374999999999994,0.284375,2.3437499999999763e-05
66,46,0.009374999999999994,0.29062499999999997,2.3437499999999763e-05
66,47,0.009374999999999994,0.296875,2.3437499999999973e-05
66,48,0.009374999999999994,0.303125,2.3437499999999763e-05
66,49,0.009374999999999994,0.30937499999999996,2.3437499999999973e-05
66,50,0.009374999999999994,0.315625,2.3437499999999763e-05
66,51,0.009374999999999994,0.32187499999999997,2.3437499999999763e-05
66,52,0.009374999999999994,0.328125,2.3437499999999973e-05
66,53,0.009374999999999994,0.334375,2.3437499999999763e-05
66,54,0.009374999999999994,0.34062499999999996,2.3437499999999763e-05
66,55,0.009374999999999994,0.34687499999999993,2.3437499999999973e-05
66,56,0.009374999999999994,0.35312499999999997,2.3437499999999763e-05
66,57,0.009374999999999994,0.359375,2.3437499999999973e-05
66,58,0.009374999999999994,0.365625,2.3437499999999763e-05
66,59,0.009374999999999994,0.37187499999999996,2.3437499999999763e-05
66,60,0.009374999999999994,0.37812499999999993,2.3437499999999973e-05
66,61,0.009374999999999994,0.38437499999999997,2.3437499999999763e-05
66,62,0.009374999999999994,0.390625,2.3437499999999973e-05
66,63,0.009374999999999994,0.396875,2.3437499999999763e-05
66,64,0.009374999999999994,0.40312499999999996,2.3437499999999763e-05
66,65,0.009374999999999994,0.40937499999999993,2.3437499999999973e-05
66,66,0.009374999999999994,0.41562499999999997,2.3437499999999763e-05
66,67,0.009374999999999994,0.421875,2.3437499999999973e-05
66,68,0.009374999999999994,0.428125,2.3437499999999763e-05
66,69,0.009374999999999994,0.43437499999999996,2.3437499999999763e-05
66,70,0.009374999999999994,0.44062499999999993,2.3437499999999973e-05
66,71,0.009374999999999994,0.44687499999999997,2.3437499999999763e-05
66,72,0.009374999999999994,0.453125,2.3437499999999973e-05
66,73,0.009374999999999994,0.459375,2.3437499999999763e-05
66,74,0.009374999999999994,0.46562499999999996,2.3437499999999763e-05
66,75,0.009374999999999994,0.47187499999999993,2.3437499999999973e-05
66,76,0.009374999999999994,0.47812499999999997,2.3437499999999763e-05
66,77,0.009374999999999994,0.48437499999999994,2.3437499999999763e-05
66,78,0.009374999999999994,0.490625,2.3437499999999973e-05
66,79,0.009374999999999994,0.49687499999999996,2.3437499999999763e-05
66,80,0.009374999999999994,0.5031249999999999,2.3437499999999973e-05
66,81,0.009374999999999994,0.5093749999999999,2.3437499999999763e-05
66,82,0.009374999999999994,0.515625,2.3437499999999763e-05
66,83,0.009374999999999994,0.5218749999999999,2.3437499999999763e-05
66,84,0.009374999999999994,0.528125,2.343750000000018e-05
66,85,0.009374999999999994,0.534375,2.3437499999999763e-05
66,86,0.009374999999999994,0.5406249999999999,2.3437499999999763e-05
66,87,0.009374999999999994,0.546875,2.3437499999999763e-05
66,88,0.009374999999999994,0.5531249999999999,2.3437499999999763e-05
66,89,0.009374999999999994,0.559375,2.343750000000018e-05
66,90,0.009374999999999994,0.565625,2.3437499999999763e-05
66,91,0.009374999999999994,0.5718749999999999,2.3437499999999763e-05
66,92,0.009374999999999994,0.578125,2.3437499999999763e-05
66,93,0.009374999999999994,0.5843749999999999,2.3437499999999763e-05
66,94,0.009374999999999994,0.590625,2.343750000000018e-05
66,95,0.009374999999999994,0.596875,2.3437499999999763e-05
67,0,0.013124999999999998,0.0031249999999999997,2.3437500000000194e-05
67,1,0.013124999999999998,0.009375,2.3437500000000194e-05
67,2,0.013124999999999998,0.015625,2.3437500000000197e-05
67,3,0.013124999999999998,0.021875,2.343750000000019e-05
67,4,0.013124999999999998,0.028124999999999997,2.343750000000019e-05
67,5,0.013124999999999998,0.034374999999999996,2.3437500000000204e-05
67,6,0.013124999999999998,0.040624999999999994,2.343750000000019e-05
67,7,0.013124999999999998,0.046875,2.343750000000019e-05
67,8,0.013124999999999998,0.05312499999999999,2.343750000000019e-05
67,9,0.013124999999999998,0.059375,2.343750000000019e-05
67,10,0.013124999999999998,0.06562499999999999,2.343750000000019e-05
67,11,0.013124999999999998,0.071875,2.3437500000000214e-05
67,12,0.013124999999999998,0.078125,2.3437500000000163e-05
67,13,0.013124999999999998,0.08437499999999999,2.3437500000000214e-05
67,14,0.013124999999999998,0.09062499999999998,2.3437500000000163e-05
67,15,0.013124999999999998,0.09687499999999999,2.3437500000000214e-05
67,16,0.013124999999999998,0.103125,2.3437500000000214e-05
67,17,0.013124999999999998,0.109375,2.3437500000000163e-05
67,18,0.013124999999999998,0.11562499999999999,2.3437500000000214e-05
67,19,0.013124999999999998,0.12187499999999998,2.3437500000000163e-05
67,20,0.013124999999999998,0.128125,2.3437500000000163e-05
67,21,0.013124999999999998,0.13437499999999997,2.3437500000000214e-05
67,22,0.013124999999999998,0.140625,2.3437500000000214e-05
67,23,0.013124999999999998,0.14687499999999998,2.3437500000000214e-05
67,24,0.013124999999999998,0.153125,2.3437500000000214e-05
67,25,0.013124999999999998,0.159375,2.3437500000000112e-05
67,26,0.013124999999999998,0.16562499999999997,2.3437500000000214e-05
67,27,0.013124999999999998,0.171875,2.3437500000000214e-05
67,28,0.013124999999999998,0.17812499999999998,2.3437500000000214e-05
67,29,0.013124999999999998,0.18437499999999998,2.3437500000000112e-05
67,30,0.013124999999999998,0.190625,2.3437500000000214e-05
67,31,0.013124999999999998,0.19687499999999997,2.3437500000000214e-05
67,32,0.013124999999999998,0.203125,2.3437500000000214e-05
67,33,0.013124999999999998,0.20937499999999998,2.3437500000000214e-05
67,34,0.013124999999999998,0.21562499999999998,2.3437500000000112e-05
67,35,0.013124999999999998,0.221875,2.3437500000000214e-05
67,36,0.013124999999999998,0.22812499999999997,2.3437500000000214e-05
67,37,0.013124999999999998,0.234375,2.3437500000000214e-05
67,38,0.013124999999999998,0.24062499999999998,2.3437500000000112e-05
67,39,0.013124999999999998,0.24687499999999996,2.3437500000000214e-05
67,40,0.013124999999999998,0.253125,2.3437500000000214e-05
67,41,0.013124999999999998,0.25937499999999997,2.3437500000000112e-05
67,42,0.013124999999999998,0.265625,2.343750000000032e-05
67,43,0.013124999999999998,0.271875,2.3437500000000112e-05
67,44,0.013124999999999998,0.27812499999999996,2.343750000000032e-05
67,45,0.013124999999999998,0.284375,2.3437500000000112e-05
67,46,0.013124999999999998,0.29062499999999997,2.3437500000000112e-05
67,47,0.013124999999999998,0.296875,2.343750000000032e-05
67,48,0.013124999999999998,0.303125,2.3437500000000112e-05
67,49,0.013124999999999998,0.30937499999999996,2.343750000000032e-05
67,50,0.013124999999999998,0.315625,2.3437500000000112e-05
67,51,0.013124999999999998,0.32187499999999997,2.3437500000000112e-05
67,52,0.013124999999999998,0.328125,2.343750000000032e-05
67,53,0.013124999999999998,0.334375,2.3437500000000112e-05
67,54,0.013124999999999998,0.34062499999999996,2.3437500000000112e-05
67,55,0.013124999999999998,0.34687499999999993,2.343750000000032e-05
67,56,0.013124999999999998,0.35312499999999997,2.3437500000000112e-05
67,57,0.013124999999999998,0.359375,2.343750000000032e-05
67,58,0.013124999999999998,0.365625,2.3437500000000112e-05
67,59,0.013124999999999998,0.37187499999999996,2.3437500000000112e-05
67,60,0.013124999999999998,0.37812499999999993,2.343750000000032e-05
67,61,0.013124999999999998,0.38437499999999997,2.3437500000000112e-05
67,62,0.013124999999999998,0.390625,2.343750000000032e-05
67,63,0.013124999999999998,0.396875,2.3437500000000112e-05
67,64,0.013124999999999998,0.40312499999999996,2.3437500000000112e-05
67,65,0.013124999999999998,0.40937499999999993,2.343750000000032e-05
67,66,0.013124999999999998,0.41562499999999997,2.3437500000000112e-05
67,67,0.013124999999999998,0.421875,2.343750000000032e-05
67,68,0.013124999999999998,0.428125,2.3437500000000112e-05
67,69,0.013124999999999998,0.43437499999999996,2.3437500000000112e-05
67,70,0.013124999999999998,0.44062499999999993,2.343750000000032e-05
67,71,0.013124999999999998,0.44687499999999997,2.3437500000000112e-05
67,72,0.013124999999999998,0.453125,2.343750000000032e-05
67,73,0.013124999999999998,0.459375,2.3437500000000112e-05
67,74,0.013124999999999998,0.46562499999999996,2.3437500000000112e-05
67,75,0.013124999999999998,0.47187499999999993,2.343750000000032e-05
67,76,0.013124999999999998,0.47812499999999997,2.3437500000000112e-05
67,77,0.013124999999999998,0.48437499999999994,2.3437500000000112e-05
67,78,0.013124999999999998,0.490625,2.343750000000032e-05
67,79,0.013124999999999998,0.49687499999999996,2.3437500000000112e-05
67,80,0.013124999999999998,0.5031249999999999,2.343750000000032e-05
67,81,0.013124999999999998,0.5093749999999999,2.3437500000000112e-05
67,82,0.013124999999999998,0.515625,2.3437500000000112e-05
67,83,0.013124999999999998,0.5218749999999999,2.3437500000000112e-05
67,84,0.013124999999999998,0.528125,2.343750000000053e-05
67,85,0.013124999999999998,0.534375,2.3437500000000112e-05
67,86,0.013124999999999998,0.5406249999999999,2.3437500000000112e-05
67,87,0.013124999999999998,0.546875,2.3437500000000112e-05
67,88,0.013124999999999998,0.5531249999999999,2.3437500000000112e-05
67,89,0.013124999999999998,0.559375,2.343750000000053e-05
67,90,0.013124999999999998,0.565625,2.3437500000000112e-05
67,91,0.013124999999999998,0.5718749999999999,2.3437500000000112e-05
67,92,0.013124999999999998,0.578125,2.3437500000000112e-05
67,93,0.013124999999999998,0.5843749999999999,2.3437500000000112e-05
67,94,0.013124999999999998,0.590625,2.343750000000053e-05
67,95,0.013124999999999998,0.596875,2.3437500000000112e-05
68,0,0.016875,0.0031249999999999997,2.3437499999999845e-05
68,1,0.016875,0.009375,2.3437499999999845e-05
68,2,0.016875,0.015625,2.3437499999999848e-05
68,3,0.016875,0.021875,2.343749999999984e-05
68,4,0.016875,0.028124999999999997,2.343749999999984e-05
68,5,0.016875,0.034374999999999996,2.3437499999999855e-05
68,6,0.016875,0.040624999999999994,2.343749999999984e-05
68,7,0.016875,0.046875,2.343749999999984e-05
68,8,0.016875,0.05312499999999999,2.343749999999984e-05
68,9,0.016875,0.059375,2.343749999999984e-05
68,10,0.016875,0.06562499999999999,2.343749999999984e-05
68,11,0.016875,0.071875,2.343749999999987e-05
68,12,0.016875,0.078125,2.3437499999999818e-05
68,13,0.016875,0.08437499999999999,2.343749999999987e-05
68,14,0.016875,0.09062499999999998,2.3437499999999818e-05
68,15,0.016875,0.09687499999999999,2.343749999999987e-05
68,16,0.016875,0.103125,2.343749999999987e-05
68,17,0.016875,0.109375,2.3437499999999818e-05
68,18,0.016875,0.11562499999999999,2.343749999999987e-05
68,19,0.016875,0.12187499999999998,2.3437499999999818e-05
68,20,0.016875,0.128125,2.3437499999999818e-05
68,21,0.016875,0.13437499999999997,2.343749999999987e-05
68,22,0.016875,0.140625,2.343749999999987e-05
68,23,0.016875,0.14687499999999998,2.343749999999987e-05
68,24,0.016875,0.153125,2.343749999999987e-05
68,25,0.016875,0.159375,2.3437499999999763e-05
68,26,0.016875,0.16562499999999997,2.343749999999987e-05
68,27,0.016875,0.171875,2.343749999999987e-05
68,28,0.016875,0.17812499999999998,2.343749999999987e-05
68,29,0.016875,0.18437499999999998,2.3437499999999763e-05
68,30,0.016875,0.190625,2.343749999999987e-05
68,31,0.016875,0.19687499999999997,2.343749999999987e-05
68,32,0.016875,0.203125,2.343749999999987e-05
68,33,0.016875,0.20937499999999998,2.343749999999987e-05
68,34,0.016875,0.21562499999999998,2.3437499999999763e-05
68,35,0.016875,0.221875,2.343749999999987e-05
68,36,0.016875,0.22812499999999997,2.343749999999987e-05
68,37,0.016875,0.234375,2.343749999999987e-05
68,38,0.016875,0.24062499999999998,2.3437499999999763e-05
68,39,0.016875,0.24687499999999996,2.343749999999987e-05
68,40,0.016875,0.253125,2.343749999999987e-05
68,41,0.016875,0.25937499999999997,2.3437499999999763e-05
68,42,0.016875,0.265625,2.3437499999999973e-05
68,43,0.016875,0.271875,2.3437499999999763e-05
68,44,0.016875,0.27812499999999996,2.3437499999999973e-05
68,45,0.016875,0.284375,2.3437499999999763e-05
68,46,0.016875,0.29062499999999997,2.3437499999999763e-05
68,47,0.016875,0.296875,2.3437499999999973e-05
68,48,0.016875,0.303125,2.3437499999999763e-05
68,49,0.016875,0.30937499999999996,2.3437499999999973e-05
68,50,0.016875,0.315625,2.3437499999999763e-05
68,51,0.016875,0.32187499999999997,2.3437499999999763e-05
68,52,0.016875,0.328125,2.3437499999999973e-05
68,53,0.016875,0.334375,2.3437499999999763e-05
68,54,0.016875,0.34062499999999996,2.3437499999999763e-05
68,55,0.016875,0.34687499999999993,2.3437499999999973e-05
68,56,0.016875,0.35312499999999997,2.3437499999999763e-05
68,57,0.016875,0.359375,2.3437499999999973e-05
68,58,0.016875,0.365625,2.3437499999999763e-05
68,59,0.016875,0.37187499999999996,2.3437499999999763e-05
68,60,0.016875,0.37812499999999993,2.3437499999999973e-05
68,61,0.016875,0.38437499999999997,2.3437499999999763e-05
68,62,0.016875,0.390625,2.3437499999999973e-05
68,63,0.016875,0.396875,2.3437499999999763e-05
68,64,0.016875,0.40312499999999996,2.3437499999999763e-05
68,65,0.016875,0.40937499999999993,2.3437499999999973e-05
68,66,0.016875,0.41562499999999997,2.3437499999999763e-05
68,67,0.016875,0.421875,2.3437499999999973e-05
68,68,0.016875,0.428125,2.3437499999999763e-05
68,69,0.016875,0.43437499999999996,2.3437499999999763e-05
68,70,0.016875,0.44062499999999993,2.3437499999999973e-05
68,71,0.016875,0.44687499999999997,2.3437499999999763e-05
68,72,0.016875,0.453125,2.3437499999999973e-05
68,73,0.016875,0.459375,2.3437499999999763e-05
68,74,0.016875,0.46562499999999996,2.3437499999999763e-05
68,75,0.016875,0.47187499999999993,2.3437499999999973e-05
68,76,0.016875,0.47812499999999997,2.3437499999999763e-05
68,77,0.016875,0.48437499999999994,2.3437499999999763e-05
68,78,0.016875,0.490625,2.3437499999999973e-05
68,79,0.016875,0.49687499999999996,2.3437499999999763e-05
68,80,0.016875,0.5031249999999999,2.3437499999999973e-05
68,81,0.016875,0.5093749999999999,2.3437499999999763e-05
68,82,0.016875,0.515625,2.3437499999999763e-05
68,83,0.016875,0.5218749999999999,2.3437499999999763e-05
68,84,0.016875,0.528125,2.343750000000018e-05
68,85,0.016875,0.534375,2.3437499999999763e-05
68,86,0.016875,0.5406249999999999,2.3437499999999763e-05
68,87,0.016875,0.546875,2.3437499999999763e-05
68,88,0.016875,0.5531249999999999,2.3437499999999763e-05
68,89,0.016875,0.559375,2.343750000000018e-05
68,90,0.016875,0.565625,2.3437499999999763e-05
68,91,0.016875,0.5718749999999999,2.3437499999999763e-05
68,92,0.016875,0.578125,2.3437499999999763e-05
68,93,0.016875,0.5843749999999999,2.3437499999999763e-05
68,94,0.016875,0.590625,2.343750000000018e-05
68,95,0.016875,0.596875,2.3437499999999763e-05
69,0,0.020625000000000004,0.0031249999999999997,2.3437500000000194e-05
69,1,0.020625000000000004,0.009375,2.3437500000000194e-05
69,2,0.020625000000000004,0.015625,2.3437500000000197e-05
69,3,0.020625000000000004,0.021875,2.343750000000019e-05
69,4,0.020625000000000004,0.028124999999999997,2.343750000000019e-05
69,5,0.020625000000000004,0.034374999999999996,2.3437500000000204e-05
69,6,0.020625000000000004,0.040624999999999994,2.343750000000019e-05
69,7,0.020625000000000004,0.046875,2.343750000000019e-05
69,8,0.020625000000000004,0.05312499999999999,2.343750000000019e-05
69,9,0.020625000000000004,0.059375,2.343750000000019e-05
69,10,0.020625000000000004,0.06562499999999999,2.343750000000019e-05
69,11,0.020625000000000004,0.071875,2.3437500000000214e-05
69,12,0.020625000000000004,0.078125,2.3437500000000163e-05
69,13,0.020625000000000004,0.08437499999999999,2.3437500000000214e-05
69,14,0.020625000000000004,0.09062499999999998,2.3437500000000163e-05
69,15,0.020625000000000004,0.09687499999999999,2.3437500000000214e-05
69,16,0.020625000000000004,0.103125,2.3437500000000214e-05
69,17,0.020625000000000004,0.109375,2.3437500000000163e-05
69,18,0.020625000000000004,0.11562499999999999,2.3437500000000214e-05
69,19,0.020625000000000004,0.12187499999999998,2.3437500000000163e-05
69,20,0.020625000000000004,0.128125,2.3437500000000163e-05
69,21,0.020625000000000004,0.13437499999999997,2.3437500000000214e-05
69,22,0.020625000000000004,0.140625,2.3437500000000214e-05
69,23,0.020625000000000004,0.14687499999999998,2.3437500000000214e-05
69,24,0.020625000000000004,0.153125,2.3437500000000214e-05
69,25,0.020625000000000004,0.159375,2.3437500000000112e-05
69,26,0.020625000000000004,0.16562499999999997,2.3437500000000214e-05
69,27,0.020625000000000004,0.171875,2.3437500000000214e-05
69,28,0.020625000000000004,0.17812499999999998,2.3437500000000214e-05
69,29,0.020625000000000004,0.18437499999999998,2.3437500000000112e-05
69,30,0.020625000000000004,0.190625,2.3437500000000214e-05
69,31,0.020625000000000004,0.19687499999999997,2.3437500000000214e-05
69,32,0.020625000000000004,0.203125,2.3437500000000214e-05
69,33,0.020625000000000004,0.20937499999999998,2.3437500000000214e-05
69,34,0.020625000000000004,0.21562499999999998,2.3437500000000112e-05
69,35,0.020625000000000004,0.221875,2.3437500000000214e-05
69,36,0.020625000000000004,0.22812499999999997,2.3437500000000214e-05
69,37,0.020625000000000004,0.234375,2.3437500000000214e-05
69,38,0.020625000000000004,0.24062499999999998,2.3437500000000112e-05
69,39,0.020625000000000004,0.24687499999999996,2.3437500000000214e-05
69,40,0.020625000000000004,0.253125,2.3437500000000214e-05
69,41,0.020625000000000004,0.25937499999999997,2.3437500000000112e-05
69,42,0.020625000000000004,0.265625,2.343750000000032e-05
69,43,0.020625000000000004,0.271875,2.3437500000000112e-05
69,44,0.020625000000000004,0.27812499999999996,2.343750000000032e-05
69,45,0.020625000000000004,0.284375,2.3437500000000112e-05
69,46,0.020625000000000004,0.29062499999999997,2.3437500000000112e-05
69,47,0.020625000000000004,0.296875,2.343750000000032e-05
69,48,0.020625000000000004,0.303125,2.3437500000000112e-05
69,49,0.020625000000000004,0.30937499999999996,2.343750000000032e-05
69,50,0.020625000000000004,0.315625,2.3437500000000112e-05
69,51,0.020625000000000004,0.32187499999999997,2.3437500000000112e-05
69,52,0.020625000000000004,0.328125,2.343750000000032e-05
69,53,0.020625000000000004,0.334375,2.3437500000000112e-05
69,54,0.020625000000000004,0.34062499999999996,2.3437500000000112e-05
69,55,0.020625000000000004,0.34687499999999993,2.343750000000032e-05
69,56,0.020625000000000004,0.35312499999999997,2.3437500000000112e-05
69,57,0.020625000000000004,0.359375,2.343750000000032e-05
69,58,0.020625000000000004,0.365625,2.3437500000000112e-05
69,59,0.020625000000000004,0.37187499999999996,2.3437500000000112e-05
69,60,0.020625000000000004,0.37812499999999993,2.343750000000032e-05
69,61,0.020625000000000004,0.38437499999999997,2.3437500000000112e-05
69,62,0.020625000000000004,0.390625,2.343750000000032e-05
69,63,0.020625000000000004,0.396875,2.3437500000000112e-05
69,64,0.020625000000000004,0.40312499999999996,2.3437500000000112e-05
69,65,0.020625000000000004,0.40937499999999993,2.343750000000032e-05
69,66,0.020625000000000004,0.41562499999999997,2.3437500000000112e-05
69,67,0.020625000000000004,0.421875,2.343750000000032e-05
69,68,0.020625000000000004,0.428125,2.3437500000000112e-05
69,69,0.020625000000000004,0.43437499999999996,2.3437500000000112e-05
69,70,0.020625000000000004,0.44062499999999993,2.343750000000032e-05
69,71,0.020625000000000004,0.44687499999999997,2.3437500000000112e-05
69,72,0.020625000000000004,0.453125,2.343750000000032e-05
69,73,0.020625000000000004,0.459375,2.3437500000000112e-05
69,74,0.020625000000000004,0.46562499999999996,2.3437500000000112e-05
69,75,0.020625000000000004,0.47187499999999993,2.343750000000032e-05
69,76,0.020625000000000004,0.47812499999999997,2.3437500000000112e-05
69,77,0.020625000000000004,0.48437499999999994,2.3437500000000112e-05
69,78,0.020625000000000004,0.490625,2.343750000000032e-05
69,79,0.020625000000000004,0.49687499999999996,2.3437500000000112e-05
69,80,0.020625000000000004,0.5031249999999999,2.343750000000032e-05
69,81,0.020625000000000004,0.5093749999999999,2.3437500000000112e-05
69,82,0.020625000000000004,0.515625,2.3437500000000112e-05
69,83,0.020625000000000004,0.5218749999999999,2.3437500000000112e-05
69,84,0.020625000000000004,0.528125,2.343750000000053e-05
69,85,0.020625000000000004,0.534375,2.3437500000000112e-05
69,86,0.020625000000000004,0.5406249999999999,2.3437500000000112e-05
69,87,0.020625000000000004,0.546875,2.3437500000000112e-05
69,88,0.020625000000000004,0.5531249999999999,2.3437500000000112e-05
69,89,0.020625000000000004,0.559375,2.343750000000053e-05
69,90,0.020625000000000004,0.565625,2.3437500000000112e-05
69,91,0.020625000000000004,0.5718749999999999,2.3437500000000112e-05
69,92,0.020625000000000004,0.578125,2.3437500000000112e-05
69,93,0.020625000000000004,0.5843749999999999,2.3437500000000112e-05
69,94,0.020625000000000004,0.590625,2.343750000000053e-05
69,95,0.020625000000000004,0.596875,2.3437500000000112e-05
70,0,0.024375000000000008,0.0031249999999999997,2.3437499999999845e-05
70,1,0.024375000000000008,0.009375,2.3437499999999845e-05
70,2,0.024375000000000008,0.015625,2.3437499999999848e-05
70,3,0.024375000000000008,0.021875,2.343749999999984e-05
70,4,0.024375000000000008,0.028124999999999997,2.343749999999984e-05
70,5,0.024375000000000008,0.034374999999999996,2.3437499999999855e-05
70,6,0.024375000000000008,0.040624999999999994,2.343749999999984e-05
70,7,0.024375000000000008,0.046875,2.343749999999984e-05
70,8,0.024375000000000008,0.05312499999999999,2.343749999999984e-05
70,9,0.024375000000000008,0.059375,2.343749999999984e-05
70,10,0.024375000000000008,0.06562499999999999,2.343749999999984e-05
70,11,0.024375000000000008,0.071875,2.343749999999987e-05
70,12,0.024375000000000008,0.078125,2.3437499999999818e-05
70,13,0.024375000000000008,0.08437499999999999,2.343749999999987e-05
70,14,0.024375000000000008,0.09062499999999998,2.3437499999999818e-05
70,15,0.024375000000000008,0.09687499999999999,2.343749999999987e-05
70,16,0.024375000000000008,0.103125,2.343749999999987e-05
70,17,0.024375000000000008,0.109375,2.3437499999999818e-05
70,18,0.024375000000000008,0.11562499999999999,2.343749999999987e-05
70,19,0.024375000000000008,0.12187499999999998,2.3437499999999818e-05
70,20,0.024375000000000008,0.128125,2.3437499999999818e-05
70,21,0.024375000000000008,0.13437499999999997,2.343749999999987e-05
70,22,0.024375000000000008,0.140625,2.343749999999987e-05
70,23,0.024375000000000008,0.14687499999999998,2.343749999999987e-05
70,24,0.024375000000000008,0.153125,2.343749999999987e-05
70,25,0.024375000000000008,0.159375,2.3437499999999763e-05
70,26,0.024375000000000008,0.16562499999999997,2.343749999999987e-05
70,27,0.024375000000000008,0.171875,2.343749999999987e-05
70,28,0.024375000000000008,0.17812499999999998,2.343749999999987e-05
70,29,0.024375000000000008,0.18437499999999998,2.3437499999999763e-05
70,30,0.024375000000000008,0.190625,2.343749999999987e-05
70,31,0.024375000000000008,0.19687499999999997,2.343749999999987e-05
70,32,0.024375000000000008,0.203125,2.343749999999987e-05
70,33,0.024375000000000008,0.20937499999999998,2.343749999999987e-05
70,34,0.024375000000000008,0.21562499999999998,2.3437499999999763e-05
70,35,0.024375000000000008,0.221875,2.343749999999987e-05
70,36,0.024375000000000008,0.22812499999999997,2.343749999999987e-05
70,37,0.024375000000000008,0.234375,2.343749999999987e-05
70,38,0.024375000000000008,0.24062499999999998,2.3437499999999763e-05
70,39,0.024375000000000008,0.24687499999999996,2.343749999999987e-05
70,40,0.024375000000000008,0.253125,2.343749999999987e-05
70,41,0.024375000000000008,0.25937499999999997,2.3437499999999763e-05
70,42,0.024375000000000008,0.265625,2.3437499999999973e-05
70,43,0.024375000000000008,0.271875,2.3437499999999763e-05
70,44,0.024375000000000008,0.27812499999999996,2.3437499999999973e-05
70,45,0.024375000000000008,0.284375,2.3437499999999763e-05
70,46,0.024375000000000008,0.29062499999999997,2.3437499999999763e-05
70,47,0.024375000000000008,0.296875,2.3437499999999973e-05
70,48,0.024375000000000008,0.303125,2.3437499999999763e-05
70,49,0.024375000000000008,0.30937499999999996,2.3437499999999973e-05
70,50,0.024375000000000008,0.315625,2.3437499999999763e-05
70,51,0.024375000000000008,0.32187499999999997,2.3437499999999763e-05
70,52,0.024375000000000008,0.328125,2.3437499999999973e-05
70,53,0.024375000000000008,0.334375,2.3437499999999763e-05
70,54,0.024375000000000008,0.34062499999999996,2.3437499999999763e-05
70,55,0.024375000000000008,0.34687499999999993,2.3437499999999973e-05
70,56,0.024375000000000008,0.35312499999999997,2.3437499999999763e-05
70,57,0.024375000000000008,0.359375,2.3437499999999973e-05
70,58,0.024375000000000008,0.365625,2.3437499999999763e-05
70,59,0.024375000000000008,0.37187499999999996,2.3437499999999763e-05
70,60,0.024375000000000008,0.37812499999999993,2.3437499999999973e-05
70,61,0.024375000000000008,0.38437499999999997,2.3437499999999763e-05
70,62,0.024375000000000008,0.390625,2.3437499999999973e-05
70,63,0.024375000000000008,0.396875,2.3437499999999763e-05
70,64,0.024375000000000008,0.40312499999999996,2.3437499999999763e-05
70,65,0.024375000000000008,0.40937499999999993,2.3437499999999973e-05
70,66,0.024375000000000008,0.41562499999999997,2.3437499999999763e-05
70,67,0.024375000000000008,0.421875,2.3437499999999973e-05
70,68,0.024375000000000008,0.428125,2.3437499999999763e-05
70,69,0.024375000000000008,0.43437499999999996,2.3437499999999763e-05
70,70,0.024375000000000008,0.44062499999999993,2.3437499999999973e-05
70,71,0.024375000000000008,0.44687499999999997,2.3437499999999763e-05
70,72,0.024375000000000008,0.453125,2.3437499999999973e-05
70,73,0.024375000000000008,0.459375,2.3437499999999763e-05
70,74,0.024375000000000008,0.46562499999999996,2.3437499999999763e-05
70,75,0.024375000000000008,0.47187499999999993,2.3437499999999973e-05
70,76,0.024375000000000008,0.47812499999999997,2.3437499999999763e-05
70,77,0.024375000000000008,0.48437499999999994,2.3437499999999763e-05
70,78,0.024375000000000008,0.490625,2.3437499999999973e-05
70,79,0.024375000000000008,0.49687499999999996,2.3437499999999763e-05
70,80,0.024375000000000008,0.5031249999999999,2.3437499999999973e-05
70,81,0.024375000000000008,0.5093749999999999,2.3437499999999763e-05
70,82,0.024375000000000008,0.515625,2.3437499999999763e-05
70,83,0.024375000000000008,0.5218749999999999,2.3437499999999763e-05
70,84,0.024375000000000008,0.528125,2.343750000000018e-05
70,85,0.024375000000000008,0.534375,2.3437499999999763e-05
70,86,0.024375000000000008,0.5406249999999999,2.3437499999999763e-05
70,87,0.024375000000000008,0.546875,2.3437499999999763e-05
70,88,0.024375000000000008,0.5531249999999999,2.3437499999999763e-05
70,89,0.024375000000000008,0.559375,2.343750000000018e-05
70,90,0.024375000000000008,0.565625,2.3437499999999763e-05
70,91,0.024375000000000008,0.5718749999999999,2.3437499999999763e-05
70,92,0.024375000000000008,0.578125,2.3437499999999763e-05
70,93,0.024375000000000008,0.5843749999999999,2.3437499999999763e-05
70,94,0.024375000000000008,0.590625,2.343750000000018e-05
70,95,0.024375000000000008,0.596875,2.3437499999999763e-05
71,0,0.02812500000000001,0.0031249999999999997,2.3437500000000194e-05
71,1,0.02812500000000001,0.009375,2.3437500000000194e-05
71,2,0.02812500000000001,0.015625,2.3437500000000197e-05
71,3,0.02812500000000001,0.021875,2.343750000000019e-05
71,4,0.02812500000000001,0.028124999999999997,2.343750000000019e-05
71,5,0.02812500000000001,0.034374999999999996,2.3437500000000204e-05
71,6,0.02812500000000001,0.040624999999999994,2.343750000000019e-05
71,7,0.02812500000000001,0.046875,2.343750000000019e-05
71,8,0.02812500000000001,0.05312499999999999,2.343750000000019e-05
71,9,0.02812500000000001,0.059375,2.343750000000019e-05
71,10,0.02812500000000001,0.06562499999999999,2.343750000000019e-05
71,11,0.02812500000000001,0.071875,2.3437500000000214e-05
71,12,0.02812500000000001,0.078125,2.3437500000000163e-05
71,13,0.02812500000000001,0.08437499999999999,2.3437500000000214e-05
71,14,0.02812500000000001,0.09062499999999998,2.3437500000000163e-05
71,15,0.02812500000000001,0.09687499999999999,2.3437500000000214e-05
71,16,0.02812500000000001,0.103125,2.3437500000000214e-05
71,17,0.02812500000000001,0.109375,2.3437500000000163e-05
71,18,0.02812500000000001,0.11562499999999999,2.3437500000000214e-05
71,19,0.02812500000000001,0.12187499999999998,2.3437500000000163e-05
71,20,0.02812500000000001,0.128125,2.3437500000000163e-05
71,21,0.02812500000000001,0.13437499999999997,2.3437500000000214e-05
71,22,0.02812500000000001,0.140625,2.3437500000000214e-05
71,23,0.02812500000000001,0.14687499999999998,2.3437500000000214e-05
71,24,0.02812500000000001,0.153125,2.3437500000000214e-05
71,25,0.02812500000000001,0.159375,2.3437500000000112e-05
71,26,0.02812500000000001,0.16562499999999997,2.3437500000000214e-05
71,27,0.02812500000000001,0.171875,2.3437500000000214e-05
71,28,0.02812500000000001,0.17812499999999998,2.3437500000000214e-05
71,29,0.02812500000000001,0.18437499999999998,2.3437500000000112e-05
71,30,0.02812500000000001,0.190625,2.3437500000000214e-05
71,31,0.02812500000000001,0.19687499999999997,2.3437500000000214e-05
71,32,0.02812500000000001,0.203125,2.3437500000000214e-05
71,33,0.02812500000000001,0.20937499999999998,2.3437500000000214e-05
71,34,0.02812500000000001,0.21562499999999998,2.3437500000000112e-05
71,35,0.02812500000000001,0.221875,2.3437500000000214e-05
71,36,0.02812500000000001,0.22812499999999997,2.3437500000000214e-05
71,37,0.02812500000000001,0.234375,2.3437500000000214e-05
71,38,0.02812500000000001,0.24062499999999998,2.3437500000000112e-05
71,39,0.02812500000000001,0.24687499999999996,2.3437500000000214e-05
71,40,0.02812500000000001,0.253125,2.3437500000000214e-05
71,41,0.02812500000000001,0.25937499999999997,2.3437500000000112e-05
71,42,0.02812500000000001,0.265625,2.343750000000032e-05
71,43,0.02812500000000001,0.271875,2.3437500000000112e-05
71,44,0.02812500000000001,0.27812499999999996,2.343750000000032e-05
71,45,0.02812500000000001,0.284375,2.3437500000000112e-05
71,46,0.02812500000000001,0.29062499999999997,2.3437500000000112e-05
71,47,0.02812500000000001,0.296875,2.343750000000032e-05
71,48,0.02812500000000001,0.303125,2.3437500000000112e-05
71,49,0.02812500000000001,0.30937499999999996,2.343750000000032e-05
71,50,0.02812500000000001,0.315625,2.3437500000000112e-05
71,51,0.02812500000000001,0.32187499999999997,2.3437500000000112e-05
71,52,0.02812500000000001,0.328125,2.343750000000032e-05
71,53,0.02812500000000001,0.334375,2.3437500000000112e-05
71,54,0.02812500000000001,0.34062499999999996,2.3437500000000112e-05
71,55,0.02812500000000001,0.34687499999999993,2.343750000000032e-05
71,56,0.02812500000000001,0.35312499999999997,2.3437500000000112e-05
71,57,0.02812500000000001,0.359375,2.343750000000032e-05
71,58,0.02812500000000001,0.365625,2.3437500000000112e-05
71,59,0.02812500000000001,0.37187499999999996,2.3437500000000112e-05
71,60,0.02812500000000001,0.37812499999999993,2.343750000000032e-05
71,61,0.02812500000000001,0.38437499999999997,2.3437500000000112e-05
71,62,0.02812500000000001,0.390625,2.343750000000032e-05
71,63,0.02812500000000001,0.396875,2.3437500000000112e-05
71,64,0.02812500000000001,0.40312499999999996,2.3437500000000112e-05
71,65,0.02812500000000001,0.40937499999999993,2.343750000000032e-05
71,66,0.02812500000000001,0.41562499999999997,2.3437500000000112e-05
71,67,0.02812500000000001,0.421875,2.343750000000032e-05
71,68,0.02812500000000001,0.428125,2.3437500000000112e-05
71,69,0.02812500000000001,0.43437499999999996,2.3437500000000112e-05
71,70,0.02812500000000001,0.44062499999999993,2.343750000000032e-05
71,71,0.02812500000000001,0.44687499999999997,2.3437500000000112e-05
71,72,0.02812500000000001,0.453125,2.343750000000032e-05
71,73,0.02812500000000001,0.459375,2.3437500000000112e-05
71,74,0.02812500000000001,0.46562499999999996,2.3437500000000112e-05
71,75,0.02812500000000001,0.47187499999999993,2.343750000000032e-05
71,76,0.02812500000000001,0.47812499999999997,2.3437500000000112e-05
71,77,0.02812500000000001,0.48437499999999994,2.3437500000000112e-05
71,78,0.02812500000000001,0.490625,2.343750000000032e-05
71,79,0.02812500000000001,0.49687499999999996,2.3437500000000112e-05
71,80,0.02812500000000001,0.5031249999999999,2.343750000000032e-05
71,81,0.02812500000000001,0.5093749999999999,2.3437500000000112e-05
71,82,0.02812500000000001,0.515625,2.3437500000000112e-05
71,83,0.02812500000000001,0.5218749999999999,2.3437500000000112e-05
71,84,0.02812500000000001,0.528125,2.343750000000053e-05
71,85,0.02812500000000001,0.534375,2.3437500000000112e-05
71,86,0.02812500000000001,0.5406249999999999,2.3437500000000112e-05
71,87,0.02812500000000001,0.546875,2.3437500000000112e-05
71,88,0.02812500000000001,0.5531249999999999,2.3437500000000112e-05
71,89,0.02812500000000001,0.559375,2.343750000000053e-05
71,90,0.02812500000000001,0.565625,2.3437500000000112e-05
71,91,0.02812500000000001,0.5718749999999999,2.3437500000000112e-05
71,92,0.02812500000000001,0.578125,2.3437500000000112e-05
71,93,0.02812500000000001,0.5843749999999999,2.3437500000000112e-05
71,94,0.02812500000000001,0.590625,2.343750000000053e-05
71,95,0.02812500000000001,0.596875,2.3437500000000112e-05
72,0,0.031875000000000014,0.0031249999999999997,2.3437499999999845e-05
72,1,0.031875000000000014,0.009375,2.3437499999999845e-05
72,2,0.031875000000000014,0.015625,2.3437499999999848e-05
72,3,0.031875000000000014,0.021875,2.343749999999984e-05
72,4,0.031875000000000014,0.028124999999999997,2.343749999999984e-05
72,5,0.031875000000000014,0.034374999999999996,2.3437499999999855e-05
72,6,0.031875000000000014,0.040624999999999994,2.343749999999984e-05
72,7,0.031875000000000014,0.046875,2.343749999999984e-05
72,8,0.031875000000000014,0.05312499999999999,2.343749999999984e-05
72,9,0.031875000000000014,0.059375,2.343749999999984e-05
72,10,0.031875000000000014,0.06562499999999999,2.343749999999984e-05
72,11,0.031875000000000014,0.071875,2.343749999999987e-05
72,12,0.031875000000000014,0.078125,2.3437499999999818e-05
72,13,0.031875000000000014,0.08437499999999999,2.343749999999987e-05
72,14,0.031875000000000014,0.09062499999999998,2.3437499999999818e-05
72,15,0.031875000000000014,0.09687499999999999,2.343749999999987e-05
72,16,0.031875000000000014,0.103125,2.343749999999987e-05
72,17,0.031875000000000014,0.109375,2.3437499999999818e-05
72,18,0.031875000000000014,0.11562499999999999,2.343749999999987e-05
72,19,0.031875000000000014,0.12187499999999998,2.3437499999999818e-05
72,20,0.031875000000000014,0.128125,2.3437499999999818e-05
72,21,0.031875000000000014,0.13437499999999997,2.343749999999987e-05
72,22,0.031875000000000014,0.140625,2.343749999999987e-05
72,23,0.031875000000000014,0.14687499999999998,2.343749999999987e-05
72,24,0.031875000000000014,0.153125,2.343749999999987e-05
72,25,0.031875000000000014,0.159375,2.3437499999999763e-05
72,26,0.031875000000000014,0.16562499999999997,2.343749999999987e-05
72,27,0.031875000000000014,0.171875,2.343749999999987e-05
72,28,0.031875000000000014,0.17812499999999998,2.343749999999987e-05
72,29,0.031875000000000014,0.18437499999999998,2.3437499999999763e-05
72,30,0.031875000000000014,0.190625,2.343749999999987e-05
72,31,0.031875000000000014,0.19687499999999997,2.343749999999987e-05
72,32,0.031875000000000014,0.203125,2.343749999999987e-05
72,33,0.031875000000000014,0.20937499999999998,2.343749999999987e-05
72,34,0.031875000000000014,0.21562499999999998,2.3437499999999763e-05
72,35,0.031875000000000014,0.221875,2.343749999999987e-05
72,36,0.031875000000000014,0.22812499999999997,2.343749999999987e-05
72,37,0.031875000000000014,0.234375,2.343749999999987e-05
72,38,0.031875000000000014,0.24062499999999998,2.3437499999999763e-05
72,39,0.031875000000000014,0.24687499999999996,2.343749999999987e-05
72,40,0.031875000000000014,0.253125,2.343749999999987e-05
72,41,0.031875000000000014,0.25937499999999997,2.3437499999999763e-05
72,42,0.031875000000000014,0.265625,2.3437499999999973e-05
72,43,0.031875000000000014,0.271875,2.3437499999999763e-05
72,44,0.031875000000000014,0.27812499999999996,2.3437499999999973e-05
72,45,0.031875000000000014,0.284375,2.3437499999999763e-05
72,46,0.031875000000000014,0.29062499999999997,2.3437499999999763e-05
72,47,0.031875000000000014,0.296875,2.3437499999999973e-05
72,48,0.031875000000000014,0.303125,2.3437499999999763e-05
72,49,0.031875000000000014,0.30937499999999996,2.3437499999999973e-05
72,50,0.031875000000000014,0.315625,2.3437499999999763e-05
72,51,0.031875000000000014,0.32187499999999997,2.3437499999999763e-05
72,52,0.031875000000000014,0.328125,2.3437499999999973e-05
72,53,0.031875000000000014,0.334375,2.3437499999999763e-05
72,54,0.031875000000000014,0.34062499999999996,2.3437499999999763e-05
72,55,0.031875000000000014,0.34687499999999993,2.3437499999999973e-05
72,56,0.031875000000000014,0.35312499999999997,2.3437499999999763e-05
72,57,0.031875000000000014,0.359375,2.3437499999999973e-05
72,58,0.031875000000000014,0.365625,2.3437499999999763e-05
72,59,0.031875000000000014,0.37187499999999996,2.3437499999999763e-05
72,60,0.031875000000000014,0.37812499999999993,2.3437499999999973e-05
72,61,0.031875000000000014,0.38437499999999997,2.3437499999999763e-05
72,62,0.031875000000000014,0.390625,2.3437499999999973e-05
72,63,0.031875000000000014,0.396875,2.3437499999999763e-05
72,64,0.031875000000000014,0.40312499999999996,2.3437499999999763e-05
72,65,0.031875000000000014,0.40937499999999993,2.3437499999999973e-05
72,66,0.031875000000000014,0.41562499999999997,2.3437499999999763e-05
72,67,0.031875000000000014,0.421875,2.3437499999999973e-05
72,68,0.031875000000000014,0.428125,2.3437499999999763e-05
72,69,0.031875000000000014,0.43437499999999996,2.3437499999999763e-05
72,70,0.031875000000000014,0.44062499999999993,2.3437499999999973e-05
72,71,0.031875000000000014,0.44687499999999997,2.3437499999999763e-05
72,72,0.031875000000000014,0.453125,2.3437499999999973e-05
72,73,0.031875000000000014,0.459375,2.3437499999999763e-05
72,74,0.031875000000000014,0.46562499999999996,2.3437499999999763e-05
72,75,0.031875000000000014,0.47187499999999993,2.3437499999999973e-05
72,76,0.031875000000000014,0.47812499999999997,2.3437499999999763e-05
72,77,0.031875000000000014,0.48437499999999994,2.3437499999999763e-05
72,78,0.031875000000000014,0.490625,2.3437499999999973e-05
72,79,0.031875000000000014,0.49687499999999996,2.3437499999999763e-05
72,80,0.031875000000000014,0.5031249999999999,2.3437499999999973e-05
72,81,0.031875000000000014,0.5093749999999999,2.3437499999999763e-05
72,82,0.031875000000000014,0.515625,2.3437499999999763e-05
72,83,0.031875000000000014,0.5218749999999999,2.3437499999999763e-05
72,84,0.031875000000000014,0.528125,2.343750000000018e-05
72,85,0.031875000000000014,0.534375,2.3437499999999763e-05
72,86,0.031875000000000014,0.5406249999999999,2.3437499999999763e-05
72,87,0.031875000000000014,0.546875,2.3437499999999763e-05
72,88,0.031875000000000014,0.5531249999999999,2.3437499999999763e-05
72,89,0.031875000000000014,0.559375,2.343750000000018e-05
72,90,0.031875000000000014,0.565625,2.3437499999999763e-05
72,91,0.031875000000000014,0.5718749999999999,2.3437499999999763e-05
72,92,0.031875000000000014,0.578125,2.3437499999999763e-05
72,93,0.031875000000000014,0.5843749999999999,2.3437499999999763e-05
72,94,0.031875000000000014,0.590625,2.343750000000018e-05
72,95,0.031875000000000014,0.596875,2.3437499999999763e-05
73,0,0.03562499999999999,0.0031249999999999997,2.3437499999999845e-05
73,1,0.03562499999999999,0.009375,2.3437499999999845e-05
73,2,0.03562499999999999,0.015625,2.3437499999999848e-05
73,3,0.03562499999999999,0.021875,2.343749999999984e-05
73,4,0.03562499999999999,0.028124999999999997,2.343749999999984e-05
73,5,0.03562499999999999,0.034374999999999996,2.3437499999999855e-05
73,6,0.03562499999999999,0.040624999999999994,2.343749999999984e-05
73,7,0.03562499999999999,0.046875,2.343749999999984e-05
73,8,0.03562499999999999,0.05312499999999999,2.343749999999984e-05
73,9,0.03562499999999999,0.059375,2.343749999999984e-05
73,10,0.03562499999999999,0.06562499999999999,2.343749999999984e-05
73,11,0.03562499999999999,0.071875,2.343749999999987e-05
73,12,0.03562499999999999,0.078125,2.3437499999999818e-05
73,13,0.03562499999999999,0.08437499999999999,2.343749999999987e-05
73,14,0.03562499999999999,0.09062499999999998,2.3437499999999818e-05
73,15,0.03562499999999999,0.09687499999999999,2.343749999999987e-05
73,16,0.03562499999999999,0.103125,2.343749999999987e-05
73,17,0.03562499999999999,0.109375,2.3437499999999818e-05
73,18,0.03562499999999999,0.11562499999999999,2.343749999999987e-05
73,19,0.03562499999999999,0.12187499999999998,2.3437499999999818e-05
73,20,0.03562499999999999,0.128125,2.3437499999999818e-05
73,21,0.03562499999999999,0.13437499999999997,2.343749999999987e-05
73,22,0.03562499999999999,0.140625,2.343749999999987e-05
73,23,0.03562499999999999,0.14687499999999998,2.343749999999987e-05
73,24,0.03562499999999999,0.153125,2.343749999999987e-05
73,25,0.03562499999999999,0.159375,2.3437499999999763e-05
73,26,0.03562499999999999,0.16562499999999997,2.343749999999987e-05
73,27,0.03562499999999999,0.171875,2.343749999999987e-05
73,28,0.03562499999999999,0.17812499999999998,2.343749999999987e-05
73,29,0.03562499999999999,0.18437499999999998,2.3437499999999763e-05
73,30,0.03562499999999999,0.190625,2.343749999999987e-05
73,31,0.03562499999999999,0.19687499999999997,2.343749999999987e-05
73,32,0.03562499999999999,0.203125,2.343749999999987e-05
73,33,0.03562499999999999,0.20937499999999998,2.343749999999987e-05
73,34,0.03562499999999999,0.21562499999999998,2.3437499999999763e-05
73,35,0.03562499999999999,0.221875,2.343749999999987e-05
73,36,0.03562499999999999,0.22812499999999997,2.343749999999987e-05
73,37,0.03562499999999999,0.234375,2.343749999999987e-05
73,38,0.03562499999999999,0.24062499999999998,2.3437499999999763e-05
73,39,0.03562499999999999,0.24687499999999996,2.343749999999987e-05
73,40,0.03562499999999999,0.253125,2.343749999999987e-05
73,41,0.03562499999999999,0.25937499999999997,2.3437499999999763e-05
73,42,0.03562499999999999,0.265625,2.3437499999999973e-05
73,43,0.03562499999999999,0.271875,2.3437499999999763e-05
73,44,0.03562499999999999,0.27812499999999996,2.3437499999999973e-05
73,45,0.03562499999999999,0.284375,2.3437499999999763e-05
73,46,0.03562499999999999,0.29062499999999997,2.3437499999999763e-05
73,47,0.03562499999999999,0.296875,2.3437499999999973e-05
73,48,0.03562499999999999,0.303125,2.3437499999999763e-05
73,49,0.03562499999999999,0.30937499999999996,2.3437499999999973e-05
73,50,0.03562499999999999,0.315625,2.3437499999999763e-05
73,51,0.03562499999999999,0.32187499999999997,2.3437499999999763e-05
73,52,0.03562499999999999,0.328125,2.3437499999999973e-05
73,53,0.03562499999999999,0.334375,2.3437499999999763e-05
73,54,0.03562499999999999,0.34062499999999996,2.3437499999999763e-05
73,55,0.03562499999999999,0.34687499999999993,2.3437499999999973e-05
73,56,0.03562499999999999,0.35312499999999997,2.3437499999999763e-05
73,57,0.03562499999999999,0.359375,2.3437499999999973e-05
73,58,0.03562499999999999,0.365625,2.3437499999999763e-05
73,59,0.03562499999999999,0.37187499999999996,2.3437499999999763e-05
73,60,0.03562499999999999,0.37812499999999993,2.3437499999999973e-05
73,61,0.03562499999999999,0.38437499999999997,2.3437499999999763e-05
73,62,0.03562499999999999,0.390625,2.3437499999999973e-05
73,63,0.03562499999999999,0.396875,2.3437499999999763e-05
73,64,0.03562499999999999,0.40312499999999996,2.3437499999999763e-05
73,65,0.03562499999999999,0.40937499999999993,2.3437499999999973e-05
73,66,0.03562499999999999,0.41562499999999997,2.3437499999999763e-05
73,67,0.03562499999999999,0.421875,2.3437499999999973e-05
73,68,0.03562499999999999,0.428125,2.3437499999999763e-05
73,69,0.03562499999999999,0.43437499999999996,2.3437499999999763e-05
73,70,0.03562499999999999,0.44062499999999993,2.3437499999999973e-05
73,71,0.03562499999999999,0.44687499999999997,2.3437499999999763e-05
73,72,0.03562499999999999,0.453125,2.3437499999999973e-05
73,73,0.03562499999999999,0.459375,2.3437499999999763e-05
73,74,0.03562499999999999,0.46562499999999996,2.3437499999999763e-05
73,75,0.03562499999999999,0.47187499999999993,2.3437499999999973e-05
73,76,0.03562499999999999,0.47812499999999997,2.3437499999999763e-05
73,77,0.03562499999999999,0.48437499999999994,2.3437499999999763e-05
73,78,0.03562499999999999,0.490625,2.3437499999999973e-05
73,79,0.03562499999999999,0.49687499999999996,2.3437499999999763e-05
73,80,0.03562499999999999,0.5031249999999999,2.3437499999999973e-05
73,81,0.03562499999999999,0.5093749999999999,2.3437499999999763e-05
73,82,0.03562499999999999,0.515625,2.3437499999999763e-05
73,83,0.03562499999999999,0.5218749999999999,2.3437499999999763e-05
73,84,0.03562499999999999,0.528125,2.343750000000018e-05
73,85,0.03562499999999999,0.534375,2.3437499999999763e-05
73,86,0.03562499999999999,0.5406249999999999,2.3437499999999763e-05
73,87,0.03562499999999999,0.546875,2.3437499999999763e-05
73,88,0.03562499999999999,0.5531249999999999,2.3437499999999763e-05
73,89,0.03562499999999999,0.559375,2.343750000000018e-05
73,90,0.03562499999999999,0.565625,2.3437499999999763e-05
73,91,0.03562499999999999,0.5718749999999999,2.3437499999999763e-05
73,92,0.03562499999999999,0.578125,2.3437499999999763e-05
73,93,0.03562499999999999,0.5843749999999999,2.3437499999999763e-05
73,94,0.03562499999999999,0.590625,2.343750000000018e-05
73,95,0.03562499999999999,0.596875,2.3437499999999763e-05
74,0,0.03937499999999999,0.0031249999999999997,2.3437500000000194e-05
74,1,0.03937499999999999,0.009375,2.3437500000000194e-05
74,2,0.03937499999999999,0.015625,2.3437500000000197e-05
74,3,0.03937499999999999,0.021875,2.343750000000019e-05
74,4,0.03937499999999999,0.028124999999999997,2.343750000000019e-05
74,5,0.03937499999999999,0.034374999999999996,2.3437500000000204e-05
74,6,0.03937499999999999,0.040624999999999994,2.343750000000019e-05
74,7,0.03937499999999999,0.046875,2.343750000000019e-05
74,8,0.03937499999999999,0.05312499999999999,2.343750000000019e-05
74,9,0.03937499999999999,0.059375,2.343750000000019e-05
74,10,0.03937499999999999,0.06562499999999999,2.343750000000019e-05
74,11,0.03937499999999999,0.071875,2.3437500000000214e-05
74,12,0.03937499999999999,0.078125,2.3437500000000163e-05
74,13,0.03937499999999999,0.08437499999999999,2.3437500000000214e-05
74,14,0.03937499999999999,0.09062499999999998,2.3437500000000163e-05
74,15,0.03937499999999999,0.09687499999999999,2.3437500000000214e-05
74,16,0.03937499999999999,0.103125,2.3437500000000214e-05
74,17,0.03937499999999999,0.109375,2.3437500000000163e-05
74,18,0.03937499999999999,0.11562499999999999,2.3437500000000214e-05
74,19,0.03937499999999999,0.12187499999999998,2.3437500000000163e-05
74,20,0.03937499999999999,0.128125,2.3437500000000163e-05
74,21,0.03937499999999999,0.13437499999999997,2.3437500000000214e-05
74,22,0.03937499999999999,0.140625,2.3437500000000214e-05
74,23,0.03937499999999999,0.14687499999999998,2.3437500000000214e-05
74,24,0.03937499999999999,0.153125,2.3437500000000214e-05
74,25,0.03937499999999999,0.159375,2.3437500000000112e-05
74,26,0.03937499999999999,0.16562499999999997,2.3437500000000214e-05
74,27,0.03937499999999999,0.171875,2.3437500000000214e-05
74,28,0.03937499999999999,0.17812499999999998,2.3437500000000214e-05
74,29,0.03937499999999999,0.18437499999999998,2.3437500000000112e-05
74,30,0.03937499999999999,0.190625,2.3437500000000214e-05
74,31,0.03937499999999999,0.19687499999999997,2.3437500000000214e-05
74,32,0.03937499999999999,0.203125,2.3437500000000214e-05
74,33,0.03937499999999999,0.20937499999999998,2.3437500000000214e-05
74,34,0.03937499999999999,0.21562499999999998,2.3437500000000112e-05
74,35,0.03937499999999999,0.221875,2.3437500000000214e-05
74,36,0.03937499999999999,0.22812499999999997,2.3437500000000214e-05
74,37,0.03937499999999999,0.234375,2.3437500000000214e-05
74,38,0.03937499999999999,0.24062499999999998,2.3437500000000112e-05
74,39,0.03937499999999999,0.24687499999999996,2.3437500000000214e-05
74,40,0.03937499999999999,0.253125,2.3437500000000214e-05
74,41,0.03937499999999999,0.25937499999999997,2.3437500000000112e-05
74,42,0.03937499999999999,0.265625,2.343750000000032e-05
74,43,0.03937499999999999,0.271875,2.3437500000000112e-05
74,44,0.03937499999999999,0.27812499999999996,2.343750000000032e-05
74,45,0.03937499999999999,0.284375,2.3437500000000112e-05
74,46,0.03937499999999999,0.29062499999999997,2.3437500000000112e-05
74,47,0.03937499999999999,0.296875,2.343750000000032e-05
74,48,0.03937499999999999,0.303125,2.3437500000000112e-05
74,49,0.03937499999999999,0.30937499999999996,2.343750000000032e-05
74,50,0.03937499999999999,0.315625,2.3437500000000112e-05
74,51,0.03937499999999999,0.32187499999999997,2.3437500000000112e-05
74,52,0.03937499999999999,0.328125,2.343750000000032e-05
74,53,0.03937499999999999,0.334375,2.3437500000000112e-05
74,54,0.03937499999999999,0.34062499999999996,2.3437500000000112e-05
74,55,0.03937499999999999,0.34687499999999993,2.343750000000032e-05
74,56,0.03937499999999999,0.35312499999999997,2.3437500000000112e-05
74,57,0.03937499999999999,0.359375,2.343750000000032e-05
74,58,0.03937499999999999,0.365625,2.3437500000000112e-05
74,59,0.03937499999999999,0.37187499999999996,2.3437500000000112e-05
74,60,0.03937499999999999,0.37812499999999993,2.343750000000032e-05
74,61,0.03937499999999999,0.38437499999999997,2.3437500000000112e-05
74,62,0.03937499999999999,0.390625,2.343750000000032e-05
74,63,0.03937499999999999,0.396875,2.3437500000000112e-05
74,64,0.03937499999999999,0.40312499999999996,2.3437500000000112e-05
74,65,0.03937499999999999,0.40937499999999993,2.343750000000032e-05
74,66,0.03937499999999999,0.41562499999999997,2.3437500000000112e-05
74,67,0.03937499999999999,0.421875,2.343750000000032e-05
74,68,0.03937499999999999,0.428125,2.3437500000000112e-05
74,69,0.03937499999999999,0.43437499999999996,2.3437500000000112e-05
74,70,0.03937499999999999,0.44062499999999993,2.343750000000032e-05
74,71,0.03937499999999999,0.44687499999999997,2.3437500000000112e-05
74,72,0.03937499999999999,0.453125,2.343750000000032e-05
74,73,0.03937499999999999,0.459375,2.3437500000000112e-05
74,74,0.03937499999999999,0.46562499999999996,2.3437500000000112e-05
74,75,0.03937499999999999,0.47187499999999993,2.343750000000032e-05
74,76,0.03937499999999999,0.47812499999999997,2.3437500000000112e-05
74,77,0.03937499999999999,0.48437499999999994,2.3437500000000112e-05
74,78,0.03937499999999999,0.490625,2.343750000000032e-05
74,79,0.03937499999999999,0.49687499999999996,2.3437500000000112e-05
74,80,0.03937499999999999,0.5031249999999999,2.343750000000032e-05
74,81,0.03937499999999999,0.5093749999999999,2.3437500000000112e-05
74,82,0.03937499999999999,0.515625,2.3437500000000112e-05
74,83,0.03937499999999999,0.5218749999999999,2.3437500000000112e-05
74,84,0.03937499999999999,0.528125,2.343750000000053e-05
74,85,0.03937499999999999,0.534375,2.3437500000000112e-05
74,86,0.03937499999999999,0.5406249999999999,2.3437500000000112e-05
74,87,0.03937499999999999,0.546875,2.3437500000000112e-05
74,88,0.03937499999999999,0.5531249999999999,2.3437500000000112e-05
74,89,0.03937499999999999,0.559375,2.343750000000053e-05
74,90,0.03937499999999999,0.565625,2.3437500000000112e-05
74,91,0.03937499999999999,0.5718749999999999,2.3437500000000112e-05
74,92,0.03937499999999999,0.578125,2.3437500000000112e-05
74,93,0.03937499999999999,0.5843749999999999,2.3437500000000112e-05
74,94,0.03937499999999999,0.590625,2.343750000000053e-05
74,95,0.03937499999999999,0.596875,2.3437500000000112e-05
75,0,0.043125,0.0031249999999999997,2.3437499999999845e-05
75,1,0.043125,0.009375,2.3437499999999845e-05
75,2,0.043125,0.015625,2.3437499999999848e-05
75,3,0.043125,0.021875,2.343749999999984e-05
75,4,0.043125,0.028124999999999997,2.343749999999984e-05
75,5,0.043125,0.034374999999999996,2.3437499999999855e-05
75,6,0.043125,0.040624999999999994,2.343749999999984e-05
75,7,0.043125,0.046875,2.343749999999984e-05
75,8,0.043125,0.05312499999999999,2.343749999999984e-05
75,9,0.043125,0.059375,2.343749999999984e-05
75,10,0.043125,0.06562499999999999,2.343749999999984e-05
75,11,0.043125,0.071875,2.343749999999987e-05
75,12,0.043125,0.078125,2.3437499999999818e-05
75,13,0.043125,0.08437499999999999,2.343749999999987e-05
75,14,0.043125,0.09062499999999998,2.3437499999999818e-05
75,15,0.043125,0.09687499999999999,2.343749999999987e-05
75,16,0.043125,0.103125,2.343749999999987e-05
75,17,0.043125,0.109375,2.3437499999999818e-05
75,18,0.043125,0.11562499999999999,2.343749999999987e-05
75,19,0.043125,0.12187499999999998,2.3437499999999818e-05
75,20,0.043125,0.128125,2.3437499999999818e-05
75,21,0.043125,0.13437499999999997,2.343749999999987e-05
75,22,0.043125,0.140625,2.343749999999987e-05
75,23,0.043125,0.14687499999999998,2.343749999999987e-05
75,24,0.043125,0.153125,2.343749999999987e-05
75,25,0.043125,0.159375,2.3437499999999763e-05
75,26,0.043125,0.16562499999999997,2.343749999999987e-05
75,27,0.043125,0.171875,2.343749999999987e-05
75,28,0.043125,0.17812499999999998,2.343749999999987e-05
75,29,0.043125,0.18437499999999998,2.3437499999999763e-05
75,30,0.043125,0.190625,2.343749999999987e-05
75,31,0.043125,0.19687499999999997,2.343749999999987e-05
75,32,0.043125,0.203125,2.343749999999987e-05
75,33,0.043125,0.20937499999999998,2.343749999999987e-05
75,34,0.043125,0.21562499999999998,2.3437499999999763e-05
75,35,0.043125,0.221875,2.343749999999987e-05
75,36,0.043125,0.22812499999999997,2.343749999999987e-05
75,37,0.043125,0.234375,2.343749999999987e-05
75,38,0.043125,0.24062499999999998,2.3437499999999763e-05
75,39,0.043125,0.24687499999999996,2.343749999999987e-05
75,40,0.043125,0.253125,2.343749999999987e-05
75,41,0.043125,0.25937499999999997,2.3437499999999763e-05
75,42,0.043125,0.265625,2.3437499999999973e-05
75,43,0.043125,0.271875,2.3437499999999763e-05
75,44,0.043125,0.27812499999999996,2.3437499999999973e-05
75,45,0.043125,0.284375,2.3437499999999763e-05
75,46,0.043125,0.29062499999999997,2.3437499999999763e-05
75,47,0.043125,0.296875,2.3437499999999973e-05
75,48,0.043125,0.303125,2.3437499999999763e-05
75,49,0.043125,0.30937499999999996,2.3437499999999973e-05
75,50,0.043125,0.315625,2.3437499999999763e-05
75,51,0.043125,0.32187499999999997,2.3437499999999763e-05
75,52,0.043125,0.328125,2.3437499999999973e-05
75,53,0.043125,0.334375,2.3437499999999763e-05
75,54,0.043125,0.34062499999999996,2.3437499999999763e-05
75,55,0.043125,0.34687499999999993,2.3437499999999973e-05
75,56,0.043125,0.35312499999999997,2.3437499999999763e-05
75,57,0.043125,0.359375,2.3437499999999973e-05
75,58,0.043125,0.365625,2.3437499999999763e-05
75,59,0.043125,0.37187499999999996,2.3437499999999763e-05
75,60,0.043125,0.37812499999999993,2.3437499999999973e-05
75,61,0.043125,0.38437499999999997,2.3437499999999763e-05
75,62,0.043125,0.390625,2.3437499999999973e-05
75,63,0.043125,0.396875,2.3437499999999763e-05
75,64,0.043125,0.40312499999999996,2.3437499999999763e-05
75,65,0.043125,0.40937499999999993,2.3437499999999973e-05
75,66,0.043125,0.41562499999999997,2.3437499999999763e-05
75,67,0.043125,0.421875,2.3437499999999973e-05
75,68,0.043125,0.428125,2.3437499999999763e-05
75,69,0.043125,0.43437499999999996,2.3437499999999763e-05
75,70,0.043125,0.44062499999999993,2.3437499999999973e-05
75,71,0.043125,0.44687499999999997,2.3437499999999763e-05
75,72,0.043125,0.453125,2.3437499999999973e-05
75,73,0.043125,0.459375,2.3437499999999763e-05
75,74,0.043125,0.46562499999999996,2.3437499999999763e-05
75,75,0.043125,0.47187499999999993,2.3437499999999973e-05
75,76,0.043125,0.47812499999999997,2.3437499999999763e-05
75,77,0.043125,0.48437499999999994,2.3437499999999763e-05
75,78,0.043125,0.490625,2.3437499999999973e-05
75,79,0.043125,0.49687499999999996,2.3437499999999763e-05
75,80,0.043125,0.5031249999999999,2.3437499999999973e-05
75,81,0.043125,0.5093749999999999,2.3437499999999763e-05
75,82,0.043125,0.515625,2.3437499999999763e-05
75,83,0.043125,0.5218749999999999,2.3437499999999763e-05
75,84,0.043125,0.528125,2.343750000000018e-05
75,85,0.043125,0.534375,2.3437499999999763e-05
75,86,0.043125,0.5406249999999999,2.3437499999999763e-05
75,87,0.043125,0.546875,2.3437499999999763e-05
75,88,0.043125,0.5531249999999999,2.3437499999999763e-05
75,89,0.043125,0.559375,2.343750000000018e-05
75,90,0.043125,0.565625,2.3437499999999763e-05
75,91,0.043125,0.5718749999999999,2.3437499999999763e-05
75,92,0.043125,0.578125,2.3437499999999763e-05
75,93,0.043125,0.5843749999999999,2.3437499999999763e-05
75,94,0.043125,0.590625,2.343750000000018e-05
75,95,0.043125,0.596875,2.3437499999999763e-05
76,0,0.046875,0.0031249999999999997,2.3437500000000194e-05
76,1,0.046875,0.009375,2.3437500000000194e-05
76,2,0.046875,0.015625,2.3437500000000197e-05
76,3,0.046875,0.021875,2.343750000000019e-05
76,4,0.046875,0.028124999999999997,2.343750000000019e-05
76,5,0.046875,0.034374999999999996,2.3437500000000204e-05
76,6,0.046875,0.040624999999999994,2.343750000000019e-05
76,7,0.046875,0.046875,2.343750000000019e-05
76,8,0.046875,0.05312499999999999,2.343750000000019e-05
76,9,0.046875,0.059375,2.343750000000019e-05
76,10,0.046875,0.06562499999999999,2.343750000000019e-05
76,11,0.046875,0.071875,2.3437500000000214e-05
76,12,0.046875,0.078125,2.3437500000000163e-05
76,13,0.046875,0.08437499999999999,2.3437500000000214e-05
76,14,0.046875,0.09062499999999998,2.3437500000000163e-05
76,15,0.046875,0.09687499999999999,2.3437500000000214e-05
76,16,0.046875,0.103125,2.3437500000000214e-05
76,17,0.046875,0.109375,2.3437500000000163e-05
76,18,0.046875,0.11562499999999999,2.3437500000000214e-05
76,19,0.046875,0.12187499999999998,2.3437500000000163e-05
76,20,0.046875,0.128125,2.3437500000000163e-05
76,21,0.046875,0.13437499999999997,2.3437500000000214e-05
76,22,0.046875,0.140625,2.3437500000000214e-05
76,23,0.046875,0.14687499999999998,2.3437500000000214e-05
76,24,0.046875,0.153125,2.3437500000000214e-05
76,25,0.046875,0.159375,2.3437500000000112e-05
76,26,0.046875,0.16562499999999997,2.3437500000000214e-05
76,27,0.046875,0.171875,2.3437500000000214e-05
76,28,0.046875,0.17812499999999998,2.3437500000000214e-05
76,29,0.046875,0.18437499999999998,2.3437500000000112e-05
76,30,0.046875,0.190625,2.3437500000000214e-05
76,31,0.046875,0.19687499999999997,2.3437500000000214e-05
76,32,0.046875,0.203125,2.3437500000000214e-05
76,33,0.046875,0.20937499999999998,2.3437500000000214e-05
76,34,0.046875,0.21562499999999998,2.3437500000000112e-05
76,35,0.046875,0.221875,2.3437500000000214e-05
76,36,0.046875,0.22812499999999997,2.3437500000000214e-05
76,37,0.046875,0.234375,2.3437500000000214e-05
76,38,0.046875,0.24062499999999998,2.3437500000000112e-05
76,39,0.046875,0.24687499999999996,2.3437500000000214e-05
76,40,0.046875,0.253125,2.3437500000000214e-05
76,41,0.046875,0.25937499999999997,2.3437500000000112e-05
76,42,0.046875,0.265625,2.343750000000032e-05
76,43,0.046875,0.271875,2.3437500000000112e-05
76,44,0.046875,0.27812499999999996,2.343750000000032e-05
76,45,0.046875,0.284375,2.3437500000000112e-05
76,46,0.046875,0.29062499999999997,2.3437500000000112e-05
76,47,0.046875,0.296875,2.343750000000032e-05
76,48,0.046875,0.303125,2.3437500000000112e-05
76,49,0.046875,0.30937499999999996,2.343750000000032e-05
76,50,0.046875,0.315625,2.3437500000000112e-05
76,51,0.046875,0.32187499999999997,2.3437500000000112e-05
76,52,0.046875,0.328125,2.343750000000032e-05
76,53,0.046875,0.334375,2.3437500000000112e-05
76,54,0.046875,0.34062499999999996,2.3437500000000112e-05
76,55,0.046875,0.34687499999999993,2.343750000000032e-05
76,56,0.046875,0.35312499999999997,2.3437500000000112e-05
76,57,0.046875,0.359375,2.343750000000032e-05
76,58,0.046875,0.365625,2.3437500000000112e-05
76,59,0.046875,0.37187499999999996,2.3437500000000112e-05
76,60,0.046875,0.37812499999999993,2.343750000000032e-05
76,61,0.046875,0.38437499999999997,2.3437500000000112e-05
76,62,0.046875,0.390625,2.343750000000032e-05
76,63,0.046875,0.396875,2.3437500000000112e-05
76,64,0.046875,0.40312499999999996,2.3437500000000112e-05
76,65,0.046875,0.40937499999999993,2.343750000000032e-05
76,66,0.046875,0.41562499999999997,2.3437500000000112e-05
76,67,0.046875,0.421875,2.343750000000032e-05
76,68,0.046875,0.428125,2.3437500000000112e-05
76,69,0.046875,0.43437499999999996,2.3437500000000112e-05
76,70,0.046875,0.44062499999999993,2.343750000000032e-05
76,71,0.046875,0.44687499999999997,2.3437500000000112e-05
76,72,0.046875,0.453125,2.343750000000032e-05
76,73,0.046875,0.459375,2.3437500000000112e-05
76,74,0.046875,0.46562499999999996,2.3437500000000112e-05
76,75,0.046875,0.47187499999999993,2.343750000000032e-05
76,76,0.046875,0.47812499999999997,2.3437500000000112e-05
76,77,0.046875,0.48437499999999994,2.3437500000000112e-05
76,78,0.046875,0.490625,2.343750000000032e-05
76,79,0.046875,0.49687499999999996,2.3437500000000112e-05
76,80,0.046875,0.5031249999999999,2.343750000000032e-05
76,81,0.046875,0.5093749999999999,2.3437500000000112e-05
76,82,0.046875,0.515625,2.3437500000000112e-05
76,83,0.046875,0.5218749999999999,2.3437500000000112e-05
76,84,0.046875,0.528125,2.343750000000053e-05
76,85,0.046875,0.534375,2.3437500000000112e-05
76,86,0.046875,0.5406249999999999,2.3437500000000112e-05
76,87,0.046875,0.546875,2.3437500000000112e-05
76,88,0.046875,0.5531249999999999,2.3437500000000112e-05
76,89,0.046875,0.559375,2.343750000000053e-05
76,90,0.046875,0.565625,2.3437500000000112e-05
76,91,0.046875,0.5718749999999999,2.3437500000000112e-05
76,92,0.046875,0.578125,2.3437500000000112e-05
76,93,0.046875,0.5843749999999999,2.3437500000000112e-05
76,94,0.046875,0.590625,2.343750000000053e-05
76,95,0.046875,0.596875,2.3437500000000112e-05
77,0,0.050625,0.0031249999999999997,2.3437499999999845e-05
77,1,0.050625,0.009375,2.3437499999999845e-05
77,2,0.050625,0.015625,2.3437499999999848e-05
77,3,0.050625,0.021875,2.343749999999984e-05
77,4,0.050625,0.028124999999999997,2.343749999999984e-05
77,5,0.050625,0.034374999999999996,2.3437499999999855e-05
77,6,0.050625,0.040624999999999994,2.343749999999984e-05
77,7,0.050625,0.046875,2.343749999999984e-05
77,8,0.050625,0.05312499999999999,2.343749999999984e-05
77,9,0.050625,0.059375,2.343749999999984e-05
77,10,0.050625,0.06562499999999999,2.343749999999984e-05
77,11,0.050625,0.071875,2.343749999999987e-05
77,12,0.050625,0.078125,2.3437499999999818e-05
77,13,0.050625,0.08437499999999999,2.343749999999987e-05
77,14,0.050625,0.09062499999999998,2.3437499999999818e-05
77,15,0.050625,0.09687499999999999,2.343749999999987e-05
77,16,0.050625,0.103125,2.343749999999987e-05
77,17,0.050625,0.109375,2.3437499999999818e-05
77,18,0.050625,0.11562499999999999,2.343749999999987e-05
77,19,0.050625,0.12187499999999998,2.3437499999999818e-05
77,20,0.050625,0.128125,2.3437499999999818e-05
77,21,0.050625,0.13437499999999997,2.343749999999987e-05
77,22,0.050625,0.140625,2.343749999999987e-05
77,23,0.050625,0.14687499999999998,2.343749999999987e-05
77,24,0.050625,0.153125,2.343749999999987e-05
77,25,0.050625,0.159375,2.3437499999999763e-05
77,26,0.050625,0.16562499999999997,2.343749999999987e-05
77,27,0.050625,0.171875,2.343749999999987e-05
77,28,0.050625,0.17812499999999998,2.343749999999987e-05
77,29,0.050625,0.18437499999999998,2.3437499999999763e-05
77,30,0.050625,0.190625,2.343749999999987e-05
77,31,0.050625,0.19687499999999997,2.343749999999987e-05
77,32,0.050625,0.203125,2.343749999999987e-05
77,33,0.050625,0.20937499999999998,2.343749999999987e-05
77,34,0.050625,0.21562499999999998,2.3437499999999763e-05
77,35,0.050625,0.221875,2.343749999999987e-05
77,36,0.050625,0.22812499999999997,2.343749999999987e-05
77,37,0.050625,0.234375,2.343749999999987e-05
77,38,0.050625,0.24062499999999998,2.3437499999999763e-05
77,39,0.050625,0.24687499999999996,2.343749999999987e-05
77,40,0.050625,0.253125,2.343749999999987e-05
77,41,0.050625,0.25937499999999997,2.3437499999999763e-05
77,42,0.050625,0.265625,2.3437499999999973e-05
77,43,0.050625,0.271875,2.3437499999999763e-05
77,44,0.050625,0.27812499999999996,2.3437499999999973e-05
77,45,0.050625,0.284375,2.3437499999999763e-05
77,46,0.050625,0.29062499999999997,2.3437499999999763e-05
77,47,0.050625,0.296875,2.3437499999999973e-05
77,48,0.050625,0.303125,2.3437499999999763e-05
77,49,0.050625,0.30937499999999996,2.3437499999999973e-05
77,50,0.050625,0.315625,2.3437499999999763e-05
77,51,0.050625,0.32187499999999997,2.3437499999999763e-05
77,52,0.050625,0.328125,2.3437499999999973e-05
77,53,0.050625,0.334375,2.3437499999999763e-05
77,54,0.050625,0.34062499999999996,2.3437499999999763e-05
77,55,0.050625,0.34687499999999993,2.3437499999999973e-05
77,56,0.050625,0.35312499999999997,2.3437499999999763e-05
77,57,0.050625,0.359375,2.3437499999999973e-05
77,58,0.050625,0.365625,2.3437499999999763e-05
77,59,0.050625,0.37187499999999996,2.3437499999999763e-05
77,60,0.050625,0.37812499999999993,2.3437499999999973e-05
77,61,0.050625,0.38437499999999997,2.3437499999999763e-05
77,62,0.050625,0.390625,2.3437499999999973e-05
77,63,0.050625,0.396875,2.3437499999999763e-05
77,64,0.050625,0.40312499999999996,2.3437499999999763e-05
77,65,0.050625,0.40937499999999993,2.3437499999999973e-05
77,66,0.050625,0.41562499999999997,2.3437499999999763e-05
77,67,0.050625,0.421875,2.3437499999999973e-05
77,68,0.050625,0.428125,2.3437499999999763e-05
77,69,0.050625,0.43437499999999996,2.3437499999999763e-05
77,70,0.050625,0.44062499999999993,2.3437499999999973e-05
77,71,0.050625,0.44687499999999997,2.3437499999999763e-05
77,72,0.050625,0.453125,2.3437499999999973e-05
77,73,0.050625,0.459375,2.3437499999999763e-05
77,74,0.050625,0.46562499999999996,2.3437499999999763e-05
77,75,0.050625,0.47187499999999993,2.3437499999999973e-05
77,76,0.050625,0.47812499999999997,2.3437499999999763e-05
77,77,0.050625,0.48437499999999994,2.3437499999999763e-05
77,78,0.050625,0.490625,2.3437499999999973e-05
77,79,0.050625,0.49687499999999996,2.3437499999999763e-05
77,80,0.050625,0.5031249999999999,2.3437499999999973e-05
77,81,0.050625,0.5093749999999999,2.3437499999999763e-05
77,82,0.050625,0.515625,2.3437499999999763e-05
77,83,0.050625,0.5218749999999999,2.3437499999999763e-05
77,84,0.050625,0.528125,2.343750000000018e-05
77,85,0.050625,0.534375,2.3437499999999763e-05
77,86,0.050625,0.5406249999999999,2.3437499999999763e-05
77,87,0.050625,0.546875,2.3437499999999763e-05
77,88,0.050625,0.5531249999999999,2.3437499999999763e-05
77,89,0.050625,0.559375,2.343750000000018e-05
77,90,0.050625,0.565625,2.3437499999999763e-05
77,91,0.050625,0.5718749999999999,2.3437499999999763e-05
77,92,0.050625,0.578125,2.3437499999999763e-05
77,93,0.050625,0.5843749999999999,2.3437499999999763e-05
77,94,0.050625,0.590625,2.343750000000018e-05
77,95,0.050625,0.596875,2.3437499999999763e-05
78,0,0.05437500000000001,0.0031249999999999997,2.3437500000000194e-05
78,1,0.05437500000000001,0.009375,2.3437500000000194e-05
78,2,0.05437500000000001,0.015625,2.3437500000000197e-05
78,3,0.05437500000000001,0.021875,2.343750000000019e-05
78,4,0.05437500000000001,0.028124999999999997,2.343750000000019e-05
78,5,0.05437500000000001,0.034374999999999996,2.3437500000000204e-05
78,6,0.05437500000000001,0.040624999999999994,2.343750000000019e-05
78,7,0.05437500000000001,0.046875,2.343750000000019e-05
78,8,0.05437500000000001,0.05312499999999999,2.343750000000019e-05
78,9,0.05437500000000001,0.059375,2.343750000000019e-05
78,10,0.05437500000000001,0.06562499999999999,2.343750000000019e-05
78,11,0.05437500000000001,0.071875,2.3437500000000214e-05
78,12,0.05437500000000001,0.078125,2.3437500000000163e-05
78,13,0.05437500000000001,0.08437499999999999,2.3437500000000214e-05
78,14,0.05437500000000001,0.09062499999999998,2.3437500000000163e-05
78,15,0.05437500000000001,0.09687499999999999,2.3437500000000214e-05
78,16,0.05437500000000001,0.103125,2.3437500000000214e-05
78,17,0.05437500000000001,0.109375,2.3437500000000163e-05
78,18,0.05437500000000001,0.11562499999999999,2.3437500000000214e-05
78,19,0.05437500000000001,0.12187499999999998,2.3437500000000163e-05
78,20,0.05437500000000001,0.128125,2.3437500000000163e-05
78,21,0.05437500000000001,0.13437499999999997,2.3437500000000214e-05
78,22,0.05437500000000001,0.140625,2.3437500000000214e-05
78,23,0.05437500000000001,0.14687499999999998,2.3437500000000214e-05
78,24,0.05437500000000001,0.153125,2.3437500000000214e-05
78,25,0.05437500000000001,0.159375,2.3437500000000112e-05
78,26,0.05437500000000001,0.16562499999999997,2.3437500000000214e-05
78,27,0.05437500000000001,0.171875,2.3437500000000214e-05
78,28,0.05437500000000001,0.17812499999999998,2.3437500000000214e-05
78,29,0.05437500000000001,0.18437499999999998,2.3437500000000112e-05
78,30,0.05437500000000001,0.190625,2.3437500000000214e-05
78,31,0.05437500000000001,0.19687499999999997,2.3437500000000214e-05
78,32,0.05437500000000001,0.203125,2.3437500000000214e-05
78,33,0.05437500000000001,0.20937499999999998,2.3437500000000214e-05
78,34,0.05437500000000001,0.21562499999999998,2.3437500000000112e-05
78,35,0.05437500000000001,0.221875,2.3437500000000214e-05
78,36,0.05437500000000001,0.22812499999999997,2.3437500000000214e-05
78,37,0.05437500000000001,0.234375,2.3437500000000214e-05
78,38,0.05437500000000001,0.24062499999999998,2.3437500000000112e-05
78,39,0.05437500000000001,0.24687499999999996,2.3437500000000214e-05
78,40,0.05437500000000001,0.253125,2.3437500000000214e-05
78,41,0.05437500000000001,0.25937499999999997,2.3437500000000112e-05
78,42,0.05437500000000001,0.265625,2.343750000000032e-05
78,43,0.05437500000000001,0.271875,2.3437500000000112e-05
78,44,0.05437500000000001,0.27812499999999996,2.343750000000032e-05
78,45,0.05437500000000001,0.284375,2.3437500000000112e-05
78,46,0.05437500000000001,0.29062499999999997,2.3437500000000112e-05
78,47,0.05437500000000001,0.296875,2.343750000000032e-05
78,48,0.05437500000000001,0.303125,2.3437500000000112e-05
78,49,0.05437500000000001,0.30937499999999996,2.343750000000032e-05
78,50,0.05437500000000001,0.315625,2.3437500000000112e-05
78,51,0.05437500000000001,0.32187499999999997,2.3437500000000112e-05
78,52,0.05437500000000001,0.328125,2.343750000000032e-05
78,53,0.05437500000000001,0.334375,2.3437500000000112e-05
78,54,0.05437500000000001,0.34062499999999996,2.3437500000000112e-05
78,55,0.05437500000000001,0.34687499999999993,2.343750000000032e-05
78,56,0.05437500000000001,0.35312499999999997,2.3437500000000112e-05
78,57,0.05437500000000001,0.359375,2.343750000000032e-05
78,58,0.05437500000000001,0.365625,2.3437500000000112e-05
78,59,0.05437500000000001,0.37187499999999996,2.3437500000000112e-05
78,60,0.05437500000000001,0.37812499999999993,2.343750000000032e-05
78,61,0.05437500000000001,0.38437499999999997,2.3437500000000112e-05
78,62,0.05437500000000001,0.390625,2.343750000000032e-05
78,63,0.05437500000000001,0.396875,2.3437500000000112e-05
78,64,0.05437500000000001,0.40312499999999996,2.3437500000000112e-05
78,65,0.05437500000000001,0.40937499999999993,2.343750000000032e-05
78,66,0.05437500000000001,0.41562499999999997,2.3437500000000112e-05
78,67,0.05437500000000001,0.421875,2.343750000000032e-05
78,68,0.05437500000000001,0.428125,2.3437500000000112e-05
78,69,0.05437500000000001,0.43437499999999996,2.3437500000000112e-05
78,70,0.05437500000000001,0.44062499999999993,2.343750000000032e-05
78,71,0.05437500000000001,0.44687499999999997,2.3437500000000112e-05
78,72,0.05437500000000001,0.453125,2.343750000000032e-05
78,73,0.05437500000000001,0.459375,2.3437500000000112e-05
78,74,0.05437500000000001,0.46562499999999996,2.3437500000000112e-05
78,75,0.05437500000000001,0.47187499999999993,2.343750000000032e-05
78,76,0.05437500000000001,0.47812499999999997,2.3437500000000112e-05
78,77,0.05437500000000001,0.48437499999999994,2.3437500000000112e-05
78,78,0.05437500000000001,0.490625,2.343750000000032e-05
78,79,0.05437500000000001,0.49687499999999996,2.3437500000000112e-05
78,80,0.05437500000000001,0.5031249999999999,2.343750000000032e-05
78,81,0.05437500000000001,0.5093749999999999,2.3437500000000112e-05
78,82,0.05437500000000001,0.515625,2.3437500000000112e-05
78,83,0.05437500000000001,0.5218749999999999,2.3437500000000112e-05
78,84,0.05437500000000001,0.528125,2.343750000000053e-05
78,85,0.05437500000000001,0.534375,2.3437500000000112e-05
78,86,0.05437500000000001,0.5406249999999999,2.3437500000000112e-05
78,87,0.05437500000000001,0.546875,2.3437500000000112e-05
78,88,0.05437500000000001,0.5531249999999999,2.3437500000000112e-05
78,89,0.05437500000000001,0.559375,2.343750000000053e-05
78,90,0.05437500000000001,0.565625,2.3437500000000112e-05
78,91,0.05437500000000001,0.5718749999999999,2.3437500000000112e-05
78,92,0.05437500000000001,0.578125,2.3437500000000112e-05
78,93,0.05437500000000001,0.5843749999999999,2.3437500000000112e-05
78,94,0.05437500000000001,0.590625,2.343750000000053e-05
78,95,0.05437500000000001,0.596875,2.3437500000000112e-05
79,0,0.05812500000000001,0.0031249999999999997,2.3437499999999845e-05
79,1,0.05812500000000001,0.009375,2.3437499999999845e-05
79,2,0.05812500000000001,0.015625,2.3437499999999848e-05
79,3,0.05812500000000001,0.021875,2.343749999999984e-05
79,4,0.05812500000000001,0.028124999999999997,2.343749999999984e-05
79,5,0.05812500000000001,0.034374999999999996,2.3437499999999855e-05
79,6,0.05812500000000001,0.040624999999999994,2.343749999999984e-05
79,7,0.05812500000000001,0.046875,2.343749999999984e-05
79,8,0.05812500000000001,0.05312499999999999,2.343749999999984e-05
79,9,0.05812500000000001,0.059375,2.343749999999984e-05
79,10,0.05812500000000001,0.06562499999999999,2.343749999999984e-05
79,11,0.05812500000000001,0.071875,2.343749999999987e-05
79,12,0.05812500000000001,0.078125,2.3437499999999818e-05
79,13,0.05812500000000001,0.08437499999999999,2.343749999999987e-05
79,14,0.05812500000000001,0.09062499999999998,2.3437499999999818e-05
79,15,0.05812500000000001,0.09687499999999999,2.343749999999987e-05
79,16,0.05812500000000001,0.103125,2.343749999999987e-05
79,17,0.05812500000000001,0.109375,2.3437499999999818e-05
79,18,0.05812500000000001,0.11562499999999999,2.343749999999987e-05
79,19,0.05812500000000001,0.12187499999999998,2.3437499999999818e-05
79,20,0.05812500000000001,0.128125,2.3437499999999818e-05
79,21,0.05812500000000001,0.13437499999999997,2.343749999999987e-05
79,22,0.05812500000000001,0.140625,2.343749999999987e-05
79,23,0.05812500000000001,0.14687499999999998,2.343749999999987e-05
79,24,0.05812500000000001,0.153125,2.343749999999987e-05
79,25,0.05812500000000001,0.159375,2.3437499999999763e-05
79,26,0.05812500000000001,0.16562499999999997,2.343749999999987e-05
79,27,0.05812500000000001,0.171875,2.343749999999987e-05
79,28,0.05812500000000001,0.17812499999999998,2.343749999999987e-05
79,29,0.05812500000000001,0.18437499999999998,2.3437499999999763e-05
79,30,0.05812500000000001,0.190625,2.343749999999987e-05
79,31,0.05812500000000001,0.19687499999999997,2.343749999999987e-05
79,32,0.05812500000000001,0.203125,2.343749999999987e-05
79,33,0.05812500000000001,0.20937499999999998,2.343749999999987e-05
79,34,0.05812500000000001,0.21562499999999998,2.3437499999999763e-05
79,35,0.05812500000000001,0.221875,2.343749999999987e-05
79,36,0.05812500000000001,0.22812499999999997,2.343749999999987e-05
79,37,0.05812500000000001,0.234375,2.343749999999987e-05
79,38,0.05812500000000001,0.24062499999999998,2.3437499999999763e-05
79,39,0.05812500000000001,0.24687499999999996,2.343749999999987e-05
79,40,0.05812500000000001,0.253125,2.343749999999987e-05
79,41,0.05812500000000001,0.25937499999999997,2.3437499999999763e-05
79,42,0.05812500000000001,0.265625,2.3437499999999973e-05
79,43,0.05812500000000001,0.271875,2.3437499999999763e-05
79,44,0.05812500000000001,0.27812499999999996,2.3437499999999973e-05
79,45,0.05812500000000001,0.284375,2.3437499999999763e-05
79,46,0.05812500000000001,0.29062499999999997,2.3437499999999763e-05
79,47,0.05812500000000001,0.296875,2.3437499999999973e-05
79,48,0.05812500000000001,0.303125,2.3437499999999763e-05
79,49,0.05812500000000001,0.30937499999999996,2.3437499999999973e-05
79,50,0.05812500000000001,0.315625,2.3437499999999763e-05
79,51,0.05812500000000001,0.32187499999999997,2.3437499999999763e-05
79,52,0.05812500000000001,0.328125,2.3437499999999973e-05
79,53,0.05812500000000001,0.334375,2.3437499999999763e-05
79,54,0.05812500000000001,0.34062499999999996,2.3437499999999763e-05
79,55,0.05812500000000001,0.34687499999999993,2.3437499999999973e-05
79,56,0.05812500000000001,0.35312499999999997,2.3437499999999763e-05
79,57,0.05812500000000001,0.359375,2.3437499999999973e-05
79,58,0.05812500000000001,0.365625,2.3437499999999763e-05
79,59,0.05812500000000001,0.37187499999999996,2.3437499999999763e-05
79,60,0.05812500000000001,0.37812499999999993,2.3437499999999973e-05
79,61,0.05812500000000001,0.38437499999999997,2.3437499999999763e-05
79,62,0.05812500000000001,0.390625,2.3437499999999973e-05
79,63,0.05812500000000001,0.396875,2.3437499999999763e-05
79,64,0.05812500000000001,0.40312499999999996,2.3437499999999763e-05
79,65,0.05812500000000001,0.40937499999999993,2.3437499999999973e-05
79,66,0.05812500000000001,0.41562499999999997,2.3437499999999763e-05
79,67,0.05812500000000001,0.421875,2.3437499999999973e-05
79,68,0.05812500000000001,0.428125,2.3437499999999763e-05
79,69,0.05812500000000001,0.43437499999999996,2.3437499999999763e-05
79,70,0.05812500000000001,0.44062499999999993,2.3437499999999973e-05
79,71,0.05812500000000001,0.44687499999999997,2.3437499999999763e-05
79,72,0.05812500000000001,0.453125,2.3437499999999973e-05
79,73,0.05812500000000001,0.459375,2.3437499999999763e-05
79,74,0.05812500000000001,0.46562499999999996,2.3437499999999763e-05
79,75,0.05812500000000001,0.47187499999999993,2.3437499999999973e-05
79,76,0.05812500000000001,0.47812499999999997,2.3437499999999763e-05
79,77,0.05812500000000001,0.48437499999999994,2.3437499999999763e-05
79,78,0.05812500000000001,0.490625,2.3437499999999973e-05
79,79,0.05812500000000001,0.49687499999999996,2.3437499999999763e-05
79,80,0.05812500000000001,0.5031249999999999,2.3437499999999973e-05
79,81,0.05812500000000001,0.5093749999999999,2.3437499999999763e-05
79,82,0.05812500000000001,0.515625,2.3437499999999763e-05
79,83,0.05812500000000001,0.5218749999999999,2.3437499999999763e-05
79,84,0.05812500000000001,0.528125,2.343750000000018e-05
79,85,0.05812500000000001,0.534375,2.3437499999999763e-05
79,86,0.05812500000000001,0.5406249999999999,2.3437499999999763e-05
79,87,0.05812500000000001,0.546875,2.3437499999999763e-05
79,88,0.05812500000000001,0.5531249999999999,2.3437499999999763e-05
79,89,0.05812500000000001,0.559375,2.343750000000018e-05
79,90,0.05812500000000001,0.565625,2.3437499999999763e-05
79,91,0.05812500000000001,0.5718749999999999,2.3437499999999763e-05
79,92,0.05812500000000001,0.578125,2.3437499999999763e-05
79,93,0.05812500000000001,0.5843749999999999,2.3437499999999763e-05
79,94,0.05812500000000001,0.590625,2.343750000000018e-05
79,95,0.05812500000000001,0.596875,2.3437499999999763e-05
80,0,0.061874999999999986,0.0031249999999999997,2.3437499999999845e-05
80,1,0.061874999999999986,0.009375,2.3437499999999845e-05
80,2,0.061874999999999986,0.015625,2.3437499999999848e-05
80,3,0.061874999999999986,0.021875,2.343749999999984e-05
80,4,0.061874999999999986,0.028124999999999997,2.343749999999984e-05
80,5,0.061874999999999986,0.034374999999999996,2.3437499999999855e-05
80,6,0.061874999999999986,0.040624999999999994,2.343749999999984e-05
80,7,0.061874999999999986,0.046875,2.343749999999984e-05
80,8,0.061874999999999986,0.05312499999999999,2.343749999999984e-05
80,9,0.061874999999999986,0.059375,2.343749999999984e-05
80,10,0.061874999999999986,0.06562499999999999,2.343749999999984e-05
80,11,0.061874999999999986,0.071875,2.343749999999987e-05
80,12,0.061874999999999986,0.078125,2.3437499999999818e-05
80,13,0.061874999999999986,0.08437499999999999,2.343749999999987e-05
80,14,0.061874999999999986,0.09062499999999998,2.3437499999999818e-05
80,15,0.061874999999999986,0.09687499999999999,2.343749999999987e-05
80,16,0.061874999999999986,0.103125,2.343749999999987e-05
80,17,0.061874999999999986,0.109375,2.3437499999999818e-05
80,18,0.061874999999999986,0.11562499999999999,2.343749999999987e-05
80,19,0.061874999999999986,0.12187499999999998,2.3437499999999818e-05
80,20,0.061874999999999986,0.128125,2.3437499999999818e-05
80,21,0.061874999999999986,0.13437499999999997,2.343749999999987e-05
80,22,0.061874999999999986,0.140625,2.343749999999987e-05
80,23,0.061874999999999986,0.14687499999999998,2.343749999999987e-05
80,24,0.061874999999999986,0.153125,2.343749999999987e-05
80,25,0.061874999999999986,0.159375,2.3437499999999763e-05
80,26,0.061874999999999986,0.16562499999999997,2.343749999999987e-05
80,27,0.061874999999999986,0.171875,2.343749999999987e-05
80,28,0.061874999999999986,0.17812499999999998,2.343749999999987e-05
80,29,0.061874999999999986,0.18437499999999998,2.3437499999999763e-05
80,30,0.061874999999999986,0.190625,2.343749999999987e-05
80,31,0.061874999999999986,0.19687499999999997,2.343749999999987e-05
80,32,0.061874999999999986,0.203125,2.343749999999987e-05
80,33,0.061874999999999986,0.20937499999999998,2.343749999999987e-05
80,34,0.061874999999999986,0.21562499999999998,2.3437499999999763e-05
80,35,0.061874999999999986,0.221875,2.343749999999987e-05
80,36,0.061874999999999986,0.22812499999999997,2.343749999999987e-05
80,37,0.061874999999999986,0.234375,2.343749999999987e-05
80,38,0.061874999999999986,0.24062499999999998,2.3437499999999763e-05
80,39,0.061874999999999986,0.24687499999999996,2.343749999999987e-05
80,40,0.061874999999999986,0.253125,2.343749999999987e-05
80,41,0.061874999999999986,0.25937499999999997,2.3437499999999763e-05
80,42,0.061874999999999986,0.265625,2.3437499999999973e-05
80,43,0.061874999999999986,0.271875,2.3437499999999763e-05
80,44,0.061874999999999986,0.27812499999999996,2.3437499999999973e-05
80,45,0.061874999999999986,0.284375,2.3437499999999763e-05
80,46,0.061874999999999986,0.29062499999999997,2.3437499999999763e-05
80,47,0.061874999999999986,0.296875,2.3437499999999973e-05
80,48,0.061874999999999986,0.303125,2.3437499999999763e-05
80,49,0.061874999999999986,0.30937499999999996,2.3437499999999973e-05
80,50,0.061874999999999986,0.315625,2.3437499999999763e-05
80,51,0.061874999999999986,0.32187499999999997,2.3437499999999763e-05
80,52,0.061874999999999986,0.328125,2.3437499999999973e-05
80,53,0.061874999999999986,0.334375,2.3437499999999763e-05
80,54,0.061874999999999986,0.34062499999999996,2.3437499999999763e-05
80,55,0.061874999999999986,0.34687499999999993,2.3437499999999973e-05
80,56,0.061874999999999986,0.35312499999999997,2.3437499999999763e-05
80,57,0.061874999999999986,0.359375,2.3437499999999973e-05
80,58,0.061874999999999986,0.365625,2.3437499999999763e-05
80,59,0.061874999999999986,0.37187499999999996,2.3437499999999763e-05
80,60,0.061874999999999986,0.37812499999999993,2.3437499999999973e-05
80,61,0.061874999999999986,0.38437499999999997,2.3437499999999763e-05
80,62,0.061874999999999986,0.390625,2.3437499999999973e-05
80,63,0.061874999999999986,0.396875,2.3437499999999763e-05
80,64,0.061874999999999986,0.40312499999999996,2.3437499999999763e-05
80,65,0.061874999999999986,0.40937499999999993,2.3437499999999973e-05
80,66,0.061874999999999986,0.41562499999999997,2.3437499999999763e-05
80,67,0.061874999999999986,0.421875,2.3437499999999973e-05
80,68,0.061874999999999986,0.428125,2.3437499999999763e-05
80,69,0.061874999999999986,0.43437499999999996,2.3437499999999763e-05
80,70,0.061874999999999986,0.44062499999999993,2.3437499999999973e-05
80,71,0.061874999999999986,0.44687499999999997,2.3437499999999763e-05
80,72,0.061874999999999986,0.453125,2.3437499999999973e-05
80,73,0.061874999999999986,0.459375,2.3437499999999763e-05
80,74,0.061874999999999986,0.46562499999999996,2.3437499999999763e-05
80,75,0.061874999999999986,0.47187499999999993,2.3437499999999973e-05
80,76,0.061874999999999986,0.47812499999999997,2.3437499999999763e-05
80,77,0.061874999999999986,0.48437499999999994,2.3437499999999763e-05
80,78,0.061874999999999986,0.490625,2.3437499999999973e-05
80,79,0.061874999999999986,0.49687499999999996,2.3437499999999763e-05
80,80,0.061874999999999986,0.5031249999999999,2.3437499999999973e-05
80,81,0.061874999999999986,0.5093749999999999,2.3437499999999763e-05
80,82,0.061874999999999986,0.515625,2.3437499999999763e-05
80,83,0.061874999999999986,0.5218749999999999,2.3437499999999763e-05
80,84,0.061874999999999986,0.528125,2.343750000000018e-05
80,85,0.061874999999999986,0.534375,2.3437499999999763e-05
80,86,0.061874999999999986,0.5406249999999999,2.3437499999999763e-05
80,87,0.061874999999999986,0.546875,2.3437499999999763e-05
80,88,0.061874999999999986,0.5531249999999999,2.3437499999999763e-05
80,89,0.061874999999999986,0.559375,2.343750000000018e-05
80,90,0.061874999999999986,0.565625,2.3437499999999763e-05
80,91,0.061874999999999986,0.5718749999999999,2.3437499999999763e-05
80,92,0.061874999999999986,0.578125,2.3437499999999763e-05
80,93,0.061874999999999986,0.5843749999999999,2.3437499999999763e-05
80,94,0.061874999999999986,0.590625,2.343750000000018e-05
80,95,0.061874999999999986,0.596875,2.3437499999999763e-05
81,0,0.06562499999999999,0.0031249999999999997,2.3437500000000194e-05
81,1,0.06562499999999999,0.009375,2.3437500000000194e-05
81,2,0.06562499999999999,0.015625,2.3437500000000197e-05
81,3,0.06562499999999999,0.021875,2.343750000000019e-05
81,4,0.06562499999999999,0.028124999999999997,2.343750000000019e-05
81,5,0.06562499999999999,0.034374999999999996,2.3437500000000204e-05
81,6,0.06562499999999999,0.040624999999999994,2.343750000000019e-05
81,7,0.06562499999999999,0.046875,2.343750000000019e-05
81,8,0.06562499999999999,0.05312499999999999,2.343750000000019e-05
81,9,0.06562499999999999,0.059375,2.343750000000019e-05
81,10,0.06562499999999999,0.06562499999999999,2.343750000000019e-05
81,11,0.06562499999999999,0.071875,2.3437500000000214e-05
81,12,0.06562499999999999,0.078125,2.3437500000000163e-05
81,13,0.06562499999999999,0.08437499999999999,2.3437500000000214e-05
81,14,0.06562499999999999,0.09062499999999998,2.3437500000000163e-05
81,15,0.06562499999999999,0.09687499999999999,2.3437500000000214e-05
81,16,0.06562499999999999,0.103125,2.3437500000000214e-05
81,17,0.06562499999999999,0.109375,2.3437500000000163e-05
81,18,0.06562499999999999,0.11562499999999999,2.3437500000000214e-05
81,19,0.06562499999999999,0.12187499999999998,2.3437500000000163e-05
81,20,0.06562499999999999,0.128125,2.3437500000000163e-05
81,21,0.06562499999999999,0.13437499999999997,2.3437500000000214e-05
81,22,0.06562499999999999,0.140625,2.3437500000000214e-05
81,23,0.06562499999999999,0.14687499999999998,2.3437500000000214e-05
81,24,0.06562499999999999,0.153125,2.3437500000000214e-05
81,25,0.06562499999999999,0.159375,2.3437500000000112e-05
81,26,0.06562499999999999,0.16562499999999997,2.3437500000000214e-05
81,27,0.06562499999999999,0.171875,2.3437500000000214e-05
81,28,0.06562499999999999,0.17812499999999998,2.3437500000000214e-05
81,29,0.06562499999999999,0.18437499999999998,2.3437500000000112e-05
81,30,0.06562499999999999,0.190625,2.3437500000000214e-05
81,31,0.06562499999999999,0.19687499999999997,2.3437500000000214e-05
81,32,0.06562499999999999,0.203125,2.3437500000000214e-05
81,33,0.06562499999999999,0.20937499999999998,2.3437500000000214e-05
81,34,0.06562499999999999,0.21562499999999998,2.3437500000000112e-05
81,35,0.06562499999999999,0.221875,2.3437500000000214e-05
81,36,0.06562499999999999,0.22812499999999997,2.3437500000000214e-05
81,37,0.06562499999999999,0.234375,2.3437500000000214e-05
81,38,0.06562499999999999,0.24062499999999998,2.3437500000000112e-05
81,39,0.06562499999999999,0.24687499999999996,2.3437500000000214e-05
81,40,0.06562499999999999,0.253125,2.3437500000000214e-05
81,41,0.06562499999999999,0.25937499999999997,2.3437500000000112e-05
81,42,0.06562499999999999,0.265625,2.343750000000032e-05
81,43,0.06562499999999999,0.271875,2.3437500000000112e-05
81,44,0.06562499999999999,0.27812499999999996,2.343750000000032e-05
81,45,0.06562499999999999,0.284375,2.3437500000000112e-05
81,46,0.06562499999999999,0.29062499999999997,2.3437500000000112e-05
81,47,0.06562499999999999,0.296875,2.343750000000032e-05
81,48,0.06562499999999999,0.303125,2.3437500000000112e-05
81,49,0.06562499999999999,0.30937499999999996,2.343750000000032e-05
81,50,0.06562499999999999,0.315625,2.3437500000000112e-05
81,51,0.06562499999999999,0.32187499999999997,2.3437500000000112e-05
81,52,0.06562499999999999,0.328125,2.343750000000032e-05
81,53,0.06562499999999999,0.334375,2.3437500000000112e-05
81,54,0.06562499999999999,0.34062499999999996,2.3437500000000112e-05
81,55,0.06562499999999999,0.34687499999999993,2.343750000000032e-05
81,56,0.06562499999999999,0.35312499999999997,2.3437500000000112e-05
81,57,0.06562499999999999,0.359375,2.343750000000032e-05
81,58,0.06562499999999999,0.365625,2.3437500000000112e-05
81,59,0.06562499999999999,0.37187499999999996,2.3437500000000112e-05
81,60,0.06562499999999999,0.37812499999999993,2.343750000000032e-05
81,61,0.06562499999999999,0.38437499999999997,2.3437500000000112e-05
81,62,0.06562499999999999,0.390625,2.343750000000032e-05
81,63,0.06562499999999999,0.396875,2.3437500000000112e-05
81,64,0.06562499999999999,0.40312499999999996,2.3437500000000112e-05
81,65,0.06562499999999999,0.40937499999999993,2.343750000000032e-05
81,66,0.06562499999999999,0.41562499999999997,2.3437500000000112e-05
81,67,0.06562499999999999,0.421875,2.343750000000032e-05
81,68,0.06562499999999999,0.428125,2.3437500000000112e-05
81,69,0.06562499999999999,0.43437499999999996,2.3437500000000112e-05
81,70,0.06562499999999999,0.44062499999999993,2.343750000000032e-05
81,71,0.06562499999999999,0.44687499999999997,2.3437500000000112e-05
81,72,0.06562499999999999,0.453125,2.343750000000032e-05
81,73,0.06562499999999999,0.459375,2.3437500000000112e-05
81,74,0.06562499999999999,0.46562499999999996,2.3437500000000112e-05
81,75,0.06562499999999999,0.47187499999999993,2.343750000000032e-05
81,76,0.06562499999999999,0.47812499999999997,2.3437500000000112e-05
81,77,0.06562499999999999,0.48437499999999994,2.3437500000000112e-05
81,78,0.06562499999999999,0.490625,2.343750000000032e-05
81,79,0.06562499999999999,0.49687499999999996,2.3437500000000112e-05
81,80,0.06562499999999999,0.5031249999999999,2.343750000000032e-05
81,81,0.06562499999999999,0.5093749999999999,2.3437500000000112e-05
81,82,0.06562499999999999,0.515625,2.3437500000000112e-05
81,83,0.06562499999999999,0.5218749999999999,2.3437500000000112e-05
81,84,0.06562499999999999,0.528125,2.343750000000053e-05
81,85,0.06562499999999999,0.534375,2.3437500000000112e-05
81,86,0.06562499999999999,0.5406249999999999,2.3437500000000112e-05
81,87,0.06562499999999999,0.546875,2.3437500000000112e-05
81,88,0.06562499999999999,0.5531249999999999,2.3437500000000112e-05
81,89,0.06562499999999999,0.559375,2.343750000000053e-05
81,90,0.06562499999999999,0.565625,2.3437500000000112e-05
81,91,0.06562499999999999,0.5718749999999999,2.3437500000000112e-05
81,92,0.06562499999999999,0.578125,2.3437500000000112e-05
81,93,0.06562499999999999,0.5843749999999999,2.3437500000000112e-05
81,94,0.06562499999999999,0.590625,2.343750000000053e-05
81,95,0.06562499999999999,0.596875,2.3437500000000112e-05
82,0,0.06937499999999999,0.0031249999999999997,2.3437499999999845e-05
82,1,0.06937499999999999,0.009375,2.3437499999999845e-05
82,2,0.06937499999999999,0.015625,2.3437499999999848e-05
82,3,0.06937499999999999,0.021875,2.343749999999984e-05
82,4,0.06937499999999999,0.028124999999999997,2.343749999999984e-05
82,5,0.06937499999999999,0.034374999999999996,2.3437499999999855e-05
82,6,0.06937499999999999,0.040624999999999994,2.343749999999984e-05
82,7,0.06937499999999999,0.046875,2.343749999999984e-05
82,8,0.06937499999999999,0.05312499999999999,2.343749999999984e-05
82,9,0.06937499999999999,0.059375,2.343749999999984e-05
82,10,0.06937499999999999,0.06562499999999999,2.343749999999984e-05
82,11,0.06937499999999999,0.071875,2.343749999999987e-05
82,12,0.06937499999999999,0.078125,2.3437499999999818e-05
82,13,0.06937499999999999,0.08437499999999999,2.343749999999987e-05
82,14,0.06937499999999999,0.09062499999999998,2.3437499999999818e-05
82,15,0.06937499999999999,0.09687499999999999,2.343749999999987e-05
82,16,0.06937499999999999,0.103125,2.343749999999987e-05
82,17,0.06937499999999999,0.109375,2.3437499999999818e-05
82,18,0.06937499999999999,0.11562499999999999,2.343749999999987e-05
82,19,0.06937499999999999,0.12187499999999998,2.3437499999999818e-05
82,20,0.06937499999999999,0.128125,2.3437499999999818e-05
82,21,0.06937499999999999,0.13437499999999997,2.343749999999987e-05
82,22,0.06937499999999999,0.140625,2.343749999999987e-05
82,23,0.06937499999999999,0.14687499999999998,2.343749999999987e-05
82,24,0.06937499999999999,0.153125,2.343749999999987e-05
82,25,0.06937499999999999,0.159375,2.3437499999999763e-05
82,26,0.06937499999999999,0.16562499999999997,2.343749999999987e-05
82,27,0.06937499999999999,0.171875,2.343749999999987e-05
82,28,0.06937499999999999,0.17812499999999998,2.343749999999987e-05
82,29,0.06937499999999999,0.18437499999999998,2.3437499999999763e-05
82,30,0.06937499999999999,0.190625,2.343749999999987e-05
82,31,0.06937499999999999,0.19687499999999997,2.343749999999987e-05
82,32,0.06937499999999999,0.203125,2.343749999999987e-05
82,33,0.06937499999999999,0.20937499999999998,2.343749999999987e-05
82,34,0.06937499999999999,0.21562499999999998,2.3437499999999763e-05
82,35,0.06937499999999999,0.221875,2.343749999999987e-05
82,36,0.06937499999999999,0.22812499999999997,2.343749999999987e-05
82,37,0.06937499999999999,0.234375,2.343749999999987e-05
82,38,0.06937499999999999,0.24062499999999998,2.3437499999999763e-05
82,39,0.06937499999999999,0.24687499999999996,2.343749999999987e-05
82,40,0.06937499999999999,0.253125,2.343749999999987e-05
82,41,0.06937499999999999,0.25937499999999997,2.3437499999999763e-05
82,42,0.06937499999999999,0.265625,2.3437499999999973e-05
82,43,0.06937499999999999,0.271875,2.3437499999999763e-05
82,44,0.06937499999999999,0.27812499999999996,2.3437499999999973e-05
82,45,0.06937499999999999,0.284375,2.3437499999999763e-05
82,46,0.06937499999999999,0.29062499999999997,2.3437499999999763e-05
82,47,0.06937499999999999,0.296875,2.3437499999999973e-05
82,48,0.06937499999999999,0.303125,2.3437499999999763e-05
82,49,0.06937499999999999,0.30937499999999996,2.3437499999999973e-05
82,50,0.06937499999999999,0.315625,2.3437499999999763e-05
82,51,0.06937499999999999,0.32187499999999997,2.3437499999999763e-05
82,52,0.06937499999999999,0.328125,2.3437499999999973e-05
82,53,0.06937499999999999,0.334375,2.3437499999999763e-05
82,54,0.06937499999999999,0.34062499999999996,2.3437499999999763e-05
82,55,0.06937499999999999,0.34687499999999993,2.3437499999999973e-05
82,56,0.06937499999999999,0.35312499999999997,2.3437499999999763e-05
82,57,0.06937499999999999,0.359375,2.3437499999999973e-05
82,58,0.06937499999999999,0.365625,2.3437499999999763e-05
82,59,0.06937499999999999,0.37187499999999996,2.3437499999999763e-05
82,60,0.06937499999999999,0.37812499999999993,2.3437499999999973e-05
82,61,0.06937499999999999,0.38437499999999997,2.3437499999999763e-05
82,62,0.06937499999999999,0.390625,2.3437499999999973e-05
82,63,0.06937499999999999,0.396875,2.3437499999999763e-05
82,64,0.06937499999999999,0.40312499999999996,2.3437499999999763e-05
82,65,0.06937499999999999,0.40937499999999993,2.3437499999999973e-05
82,66,0.06937499999999999,0.41562499999999997,2.3437499999999763e-05
82,67,0.06937499999999999,0.421875,2.3437499999999973e-05
82,68,0.06937499999999999,0.428125,2.3437499999999763e-05
82,69,0.06937499999999999,0.43437499999999996,2.3437499999999763e-05
82,70,0.06937499999999999,0.44062499999999993,2.3437499999999973e-05
82,71,0.06937499999999999,0.44687499999999997,2.3437499999999763e-05
82,72,0.06937499999999999,0.453125,2.3437499999999973e-05
82,73,0.06937499999999999,0.459375,2.3437499999999763e-05
82,74,0.06937499999999999,0.46562499999999996,2.3437499999999763e-05
82,75,0.06937499999999999,0.47187499999999993,2.3437499999999973e-05
82,76,0.06937499999999999,0.47812499999999997,2.3437499999999763e-05
82,77,0.06937499999999999,0.48437499999999994,2.3437499999999763e-05
82,78,0.06937499999999999,0.490625,2.3437499999999973e-05
82,79,0.06937499999999999,0.49687499999999996,2.3437499999999763e-05
82,80,0.06937499999999999,0.5031249999999999,2.3437499999999973e-05
82,81,0.06937499999999999,0.5093749999999999,2.3437499999999763e-05
82,82,0.06937499999999999,0.515625,2.3437499999999763e-05
82,83,0.06937499999999999,0.5218749999999999,2.3437499999999763e-05
82,84,0.06937499999999999,0.528125,2.343750000000018e-05
82,85,0.06937499999999999,0.534375,2.3437499999999763e-05
82,86,0.06937499999999999,0.5406249999999999,2.3437499999999763e-05
82,87,0.06937499999999999,0.546875,2.3437499999999763e-05
82,88,0.06937499999999999,0.5531249999999999,2.3437499999999763e-05
82,89,0.06937499999999999,0.559375,2.343750000000018e-05
82,90,0.06937499999999999,0.565625,2.3437499999999763e-05
82,91,0.06937499999999999,0.5718749999999999,2.3437499999999763e-05
82,92,0.06937499999999999,0.578125,2.3437499999999763e-05
82,93,0.06937499999999999,0.5843749999999999,2.3437499999999763e-05
82,94,0.06937499999999999,0.590625,2.343750000000018e-05
82,95,0.06937499999999999,0.596875,2.3437499999999763e-05
83,0,0.073125,0.0031249999999999997,2.3437500000000194e-05
83,1,0.073125,0.009375,2.3437500000000194e-05
83,2,0.073125,0.015625,2.3437500000000197e-05
83,3,0.073125,0.021875,2.343750000000019e-05
83,4,0.073125,0.028124999999999997,2.343750000000019e-05
83,5,0.073125,0.034374999999999996,2.3437500000000204e-05
83,6,0.073125,0.040624999999999994,2.343750000000019e-05
83,7,0.073125,0.046875,2.343750000000019e-05
83,8,0.073125,0.05312499999999999,2.343750000000019e-05
83,9,0.073125,0.059375,2.343750000000019e-05
83,10,0.073125,0.06562499999999999,2.343750000000019e-05
83,11,0.073125,0.071875,2.3437500000000214e-05
83,12,0.073125,0.078125,2.3437500000000163e-05
83,13,0.073125,0.08437499999999999,2.3437500000000214e-05
83,14,0.073125,0.09062499999999998,2.3437500000000163e-05
83,15,0.073125,0.09687499999999999,2.3437500000000214e-05
83,16,0.073125,0.103125,2.3437500000000214e-05
83,17,0.073125,0.109375,2.3437500000000163e-05
83,18,0.073125,0.11562499999999999,2.3437500000000214e-05
83,19,0.073125,0.12187499999999998,2.3437500000000163e-05
83,20,0.073125,0.128125,2.3437500000000163e-05
83,21,0.073125,0.13437499999999997,2.3437500000000214e-05
83,22,0.073125,0.140625,2.3437500000000214e-05
83,23,0.073125,0.14687499999999998,2.3437500000000214e-05
83,24,0.073125,0.153125,2.3437500000000214e-05
83,25,0.073125,0.159375,2.3437500000000112e-05
83,26,0.073125,0.16562499999999997,2.3437500000000214e-05
83,27,0.073125,0.171875,2.3437500000000214e-05
83,28,0.073125,0.17812499999999998,2.3437500000000214e-05
83,29,0.073125,0.18437499999999998,2.3437500000000112e-05
83,30,0.073125,0.190625,2.3437500000000214e-05
83,31,0.073125,0.19687499999999997,2.3437500000000214e-05
83,32,0.073125,0.203125,2.3437500000000214e-05
83,33,0.073125,0.20937499999999998,2.3437500000000214e-05
83,34,0.073125,0.21562499999999998,2.3437500000000112e-05
83,35,0.073125,0.221875,2.3437500000000214e-05
83,36,0.073125,0.22812499999999997,2.3437500000000214e-05
83,37,0.073125,0.234375,2.3437500000000214e-05
83,38,0.073125,0.24062499999999998,2.3437500000000112e-05
83,39,0.073125,0.24687499999999996,2.3437500000000214e-05
83,40,0.073125,0.253125,2.3437500000000214e-05
83,41,0.073125,0.25937499999999997,2.3437500000000112e-05
83,42,0.073125,0.265625,2.343750000000032e-05
83,43,0.073125,0.271875,2.3437500000000112e-05
83,44,0.073125,0.27812499999999996,2.343750000000032e-05
83,45,0.073125,0.284375,2.3437500000000112e-05
83,46,0.073125,0.29062499999999997,2.3437500000000112e-05
83,47,0.073125,0.296875,2.343750000000032e-05
83,48,0.073125,0.303125,2.3437500000000112e-05
83,49,0.073125,0.30937499999999996,2.343750000000032e-05
83,50,0.073125,0.315625,2.3437500000000112e-05
83,51,0.073125,0.32187499999999997,2.3437500000000112e-05
83,52,0.073125,0.328125,2.343750000000032e-05
83,53,0.073125,0.334375,2.3437500000000112e-05
83,54,0.073125,0.34062499999999996,2.3437500000000112e-05
83,55,0.073125,0.34687499999999993,2.343750000000032e-05
83,56,0.073125,0.35312499999999997,2.3437500000000112e-05
83,57,0.073125,0.359375,2.343750000000032e-05
83,58,0.073125,0.365625,2.3437500000000112e-05
83,59,0.073125,0.37187499999999996,2.3437500000000112e-05
83,60,0.073125,0.37812499999999993,2.343750000000032e-05
83,61,0.073125,0.38437499999999997,2.3437500000000112e-05
83,62,0.073125,0.390625,2.343750000000032e-05
83,63,0.073125,0.396875,2.3437500000000112e-05
83,64,0.073125,0.40312499999999996,2.3437500000000112e-05
83,65,0.073125,0.40937499999999993,2.343750000000032e-05
83,66,0.073125,0.41562499999999997,2.3437500000000112e-05
83,67,0.073125,0.421875,2.343750000000032e-05
83,68,0.073125,0.428125,2.3437500000000112e-05
83,69,0.073125,0.43437499999999996,2.3437500000000112e-05
83,70,0.073125,0.44062499999999993,2.343750000000032e-05
83,71,0.073125,0.44687499999999997,2.3437500000000112e-05
83,72,0.073125,0.453125,2.343750000000032e-05
83,73,0.073125,0.459375,2.3437500000000112e-05
83,74,0.073125,0.46562499999999996,2.3437500000000112e-05
83,75,0.073125,0.47187499999999993,2.343750000000032e-05
83,76,0.073125,0.47812499999999997,2.3437500000000112e-05
83,77,0.073125,0.48437499999999994,2.3437500000000112e-05
83,78,0.073125,0.490625,2.343750000000032e-05
83,79,0.073125,0.49687499999999996,2.3437500000000112e-05
83,80,0.073125,0.5031249999999999,2.343750000000032e-05
83,81,0.073125,0.5093749999999999,2.3437500000000112e-05
83,82,0.073125,0.515625,2.3437500000000112e-05
83,83,0.073125,0.5218749999999999,2.3437500000000112e-05
83,84,0.073125,0.528125,2.343750000000053e-05
83,85,0.073125,0.534375,2.3437500000000112e-05
83,86,0.073125,0.5406249999999999,2.3437500000000112e-05
83,87,0.073125,0.546875,2.3437500000000112e-05
83,88,0.073125,0.5531249999999999,2.3437500000000112e-05
83,89,0.073125,0.559375,2.343750000000053e-05
83,90,0.073125,0.565625,2.3437500000000112e-05
83,91,0.073125,0.5718749999999999,2.3437500000000112e-05
83,92,0.073125,0.578125,2.3437500000000112e-05
83,93,0.073125,0.5843749999999999,2.3437500000000112e-05
83,94,0.073125,0.590625,2.343750000000053e-05
83,95,0.073125,0.596875,2.3437500000000112e-05
84,0,0.076875,0.0031249999999999997,2.3437499999999845e-05
84,1,0.076875,0.009375,2.3437499999999845e-05
84,2,0.076875,0.015625,2.3437499999999848e-05
84,3,0.076875,0.021875,2.343749999999984e-05
84,4,0.076875,0.028124999999999997,2.343749999999984e-05
84,5,0.076875,0.034374999999999996,2.3437499999999855e-05
84,6,0.076875,0.040624999999999994,2.343749999999984e-05
84,7,0.076875,0.046875,2.343749999999984e-05
84,8,0.076875,0.05312499999999999,2.343749999999984e-05
84,9,0.076875,0.059375,2.343749999999984e-05
84,10,0.076875,0.06562499999999999,2.343749999999984e-05
84,11,0.076875,0.071875,2.343749999999987e-05
84,12,0.076875,0.078125,2.3437499999999818e-05
84,13,0.076875,0.08437499999999999,2.343749999999987e-05
84,14,0.076875,0.09062499999999998,2.3437499999999818e-05
84,15,0.076875,0.09687499999999999,2.343749999999987e-05
84,16,0.076875,0.103125,2.343749999999987e-05
84,17,0.076875,0.109375,2.3437499999999818e-05
84,18,0.076875,0.11562499999999999,2.343749999999987e-05
84,19,0.076875,0.12187499999999998,2.3437499999999818e-05
84,20,0.076875,0.128125,2.3437499999999818e-05
84,21,0.076875,0.13437499999999997,2.343749999999987e-05
84,22,0.076875,0.140625,2.343749999999987e-05
84,23,0.076875,0.14687499999999998,2.343749999999987e-05
84,24,0.076875,0.153125,2.343749999999987e-05
84,25,0.076875,0.159375,2.3437499999999763e-05
84,26,0.076875,0.16562499999999997,2.343749999999987e-05
84,27,0.076875,0.171875,2.343749999999987e-05
84,28,0.076875,0.17812499999999998,2.343749999999987e-05
84,29,0.076875,0.18437499999999998,2.3437499999999763e-05
84,30,0.076875,0.190625,2.343749999999987e-05
84,31,0.076875,0.19687499999999997,2.343749999999987e-05
84,32,0.076875,0.203125,2.343749999999987e-05
84,33,0.076875,0.20937499999999998,2.343749999999987e-05
84,34,0.076875,0.21562499999999998,2.3437499999999763e-05
84,35,0.076875,0.221875,2.343749999999987e-05
84,36,0.076875,0.22812499999999997,2.343749999999987e-05
84,37,0.076875,0.234375,2.343749999999987e-05
84,38,0.076875,0.24062499999999998,2.3437499999999763e-05
84,39,0.076875,0.24687499999999996,2.343749999999987e-05
84,40,0.076875,0.253125,2.343749999999987e-05
84,41,0.076875,0.25937499999999997,2.3437499999999763e-05
84,42,0.076875,0.265625,2.3437499999999973e-05
84,43,0.076875,0.271875,2.3437499999999763e-05
84,44,0.076875,0.27812499999999996,2.3437499999999973e-05
84,45,0.076875,0.284375,2.3437499999999763e-05
84,46,0.076875,0.29062499999999997,2.3437499999999763e-05
84,47,0.076875,0.296875,2.3437499999999973e-05
84,48,0.076875,0.303125,2.3437499999999763e-05
84,49,0.076875,0.30937499999999996,2.3437499999999973e-05
84,50,0.076875,0.315625,2.3437499999999763e-05
84,51,0.076875,0.32187499999999997,2.3437499999999763e-05
84,52,0.076875,0.328125,2.3437499999999973e-05
84,53,0.076875,0.334375,2.3437499999999763e-05
84,54,0.076875,0.34062499999999996,2.3437499999999763e-05
84,55,0.076875,0.34687499999999993,2.3437499999999973e-05
84,56,0.076875,0.35312499999999997,2.3437499999999763e-05
84,57,0.076875,0.359375,2.3437499999999973e-05
84,58,0.076875,0.365625,2.3437499999999763e-05
84,59,0.076875,0.37187499999999996,2.3437499999999763e-05
84,60,0.076875,0.37812499999999993,2.3437499999999973e-05
84,61,0.076875,0.38437499999999997,2.3437499999999763e-05
84,62,0.076875,0.390625,2.3437499999999973e-05
84,63,0.076875,0.396875,2.3437499999999763e-05
84,64,0.076875,0.40312499999999996,2.3437499999999763e-05
84,65,0.076875,0.40937499999999993,2.3437499999999973e-05
84,66,0.076875,0.41562499999999997,2.3437499999999763e-05
84,67,0.076875,0.421875,2.3437499999999973e-05
84,68,0.076875,0.428125,2.3437499999999763e-05
84,69,0.076875,0.43437499999999996,2.3437499999999763e-05
84,70,0.076875,0.44062499999999993,2.3437499999999973e-05
84,71,0.076875,0.44687499999999997,2.3437499999999763e-05
84,72,0.076875,0.453125,2.3437499999999973e-05
84,73,0.076875,0.459375,2.3437499999999763e-05
84,74,0.076875,0.46562499999999996,2.3437499999999763e-05
84,75,0.076875,0.47187499999999993,2.3437499999999973e-05
84,76,0.076875,0.47812499999999997,2.3437499999999763e-05
84,77,0.076875,0.48437499999999994,2.3437499999999763e-05
84,78,0.076875,0.490625,2.3437499999999973e-05
84,79,0.076875,0.49687499999999996,2.3437499999999763e-05
84,80,0.076875,0.5031249999999999,2.3437499999999973e-05
84,81,0.076875,0.5093749999999999,2.3437499999999763e-05
84,82,0.076875,0.515625,2.3437499999999763e-05
84,83,0.076875,0.5218749999999999,2.3437499999999763e-05
84,84,0.076875,0.528125,2.343750000000018e-05
84,85,0.076875,0.534375,2.3437499999999763e-05
84,86,0.076875,0.5406249999999999,2.3437499999999763e-05
84,87,0.076875,0.546875,2.3437499999999763e-05
84,88,0.076875,0.5531249999999999,2.3437499999999763e-05
84,89,0.076875,0.559375,2.343750000000018e-05
84,90,0.076875,0.565625,2.3437499999999763e-05
84,91,0.076875,0.5718749999999999,2.3437499999999763e-05
84,92,0.076875,0.578125,2.3437499999999763e-05
84,93,0.076875,0.5843749999999999,2.3437499999999763e-05
84,94,0.076875,0.590625,2.343750000000018e-05
84,95,0.076875,0.596875,2.3437499999999763e-05
85,0,0.080625,0.0031249999999999997,2.3437500000000194e-05
85,1,0.080625,0.009375,2.3437500000000194e-05
85,2,0.080625,0.015625,2.3437500000000197e-05
85,3,0.080625,0.021875,2.343750000000019e-05
85,4,0.080625,0.028124999999999997,2.343750000000019e-05
85,5,0.080625,0.034374999999999996,2.3437500000000204e-05
85,6,0.080625,0.040624999999999994,2.343750000000019e-05
85,7,0.080625,0.046875,2.343750000000019e-05
85,8,0.080625,0.05312499999999999,2.343750000000019e-05
85,9,0.080625,0.059375,2.343750000000019e-05
85,10,0.080625,0.06562499999999999,2.343750000000019e-05
85,11,0.080625,0.071875,2.3437500000000214e-05
85,12,0.080625,0.078125,2.3437500000000163e-05
85,13,0.080625,0.08437499999999999,2.3437500000000214e-05
85,14,0.080625,0.09062499999999998,2.3437500000000163e-05
85,15,0.080625,0.09687499999999999,2.3437500000000214e-05
85,16,0.080625,0.103125,2.3437500000000214e-05
85,17,0.080625,0.109375,2.3437500000000163e-05
85,18,0.080625,0.11562499999999999,2.3437500000000214e-05
85,19,0.080625,0.12187499999999998,2.3437500000000163e-05
85,20,0.080625,0.128125,2.3437500000000163e-05
85,21,0.080625,0.13437499999999997,2.3437500000000214e-05
85,22,0.080625,0.140625,2.3437500000000214e-05
85,23,0.080625,0.14687499999999998,2.3437500000000214e-05
85,24,0.080625,0.153125,2.3437500000000214e-05
85,25,0.080625,0.159375,2.3437500000000112e-05
85,26,0.080625,0.16562499999999997,2.3437500000000214e-05
85,27,0.080625,0.171875,2.3437500000000214e-05
85,28,0.080625,0.17812499999999998,2.3437500000000214e-05
85,29,0.080625,0.18437499999999998,2.3437500000000112e-05
85,30,0.080625,0.190625,2.3437500000000214e-05
85,31,0.080625,0.19687499999999997,2.3437500000000214e-05
85,32,0.080625,0.203125,2.3437500000000214e-05
85,33,0.080625,0.20937499999999998,2.3437500000000214e-05
85,34,0.080625,0.21562499999999998,2.3437500000000112e-05
85,35,0.080625,0.221875,2.3437500000000214e-05
85,36,0.080625,0.22812499999999997,2.3437500000000214e-05
85,37,0.080625,0.234375,2.3437500000000214e-05
85,38,0.080625,0.24062499999999998,2.3437500000000112e-05
85,39,0.080625,0.24687499999999996,2.3437500000000214e-05
85,40,0.080625,0.253125,2.3437500000000214e-05
85,41,0.080625,0.25937499999999997,2.3437500000000112e-05
85,42,0.080625,0.265625,2.343750000000032e-05
85,43,0.080625,0.271875,2.3437500000000112e-05
85,44,0.080625,0.27812499999999996,2.343750000000032e-05
85,45,0.080625,0.284375,2.3437500000000112e-05
85,46,0.080625,0.29062499999999997,2.3437500000000112e-05
85,47,0.080625,0.296875,2.343750000000032e-05
85,48,0.080625,0.303125,2.3437500000000112e-05
85,49,0.080625,0.30937499999999996,2.343750000000032e-05
85,50,0.080625,0.315625,2.3437500000000112e-05
85,51,0.080625,0.32187499999999997,2.3437500000000112e-05
85,52,0.080625,0.328125,2.343750000000032e-05
85,53,0.080625,0.334375,2.3437500000000112e-05
85,54,0.080625,0.34062499999999996,2.3437500000000112e-05
85,55,0.080625,0.34687499999999993,2.343750000000032e-05
85,56,0.080625,0.35312499999999997,2.3437500000000112e-05
85,57,0.080625,0.359375,2.343750000000032e-05
85,58,0.080625,0.365625,2.3437500000000112e-05
85,59,0.080625,0.37187499999999996,2.3437500000000112e-05
85,60,0.080625,0.37812499999999993,2.343750000000032e-05
85,61,0.080625,0.38437499999999997,2.3437500000000112e-05
85,62,0.080625,0.390625,2.343750000000032e-05
85,63,0.080625,0.396875,2.3437500000000112e-05
85,64,0.080625,0.40312499999999996,2.3437500000000112e-05
85,65,0.080625,0.40937499999999993,2.343750000000032e-05
85,66,0.080625,0.41562499999999997,2.3437500000000112e-05
85,67,0.080625,0.421875,2.343750000000032e-05
85,68,0.080625,0.428125,2.3437500000000112e-05
85,69,0.080625,0.43437499999999996,2.3437500000000112e-05
85,70,0.080625,0.44062499999999993,2.343750000000032e-05
85,71,0.080625,0.44687499999999997,2.3437500000000112e-05
85,72,0.080625,0.453125,2.343750000000032e-05
85,73,0.080625,0.459375,2.3437500000000112e-05
85,74,0.080625,0.46562499999999996,2.3437500000000112e-05
85,75,0.080625,0.47187499999999993,2.343750000000032e-05
85,76,0.080625,0.47812499999999997,2.3437500000000112e-05
85,77,0.080625,0.48437499999999994,2.3437500000000112e-05
85,78,0.080625,0.490625,2.343750000000032e-05
85,79,0.080625,0.49687499999999996,2.3437500000000112e-05
85,80,0.080625,0.5031249999999999,2.343750000000032e-05
85,81,0.080625,0.5093749999999999,2.3437500000000112e-05
85,82,0.080625,0.515625,2.3437500000000112e-05
85,83,0.080625,0.5218749999999999,2.3437500000000112e-05
85,84,0.080625,0.528125,2.343750000000053e-05
85,85,0.080625,0.534375,2.3437500000000112e-05
85,86,0.080625,0.5406249999999999,2.3437500000000112e-05
85,87,0.080625,0.546875,2.3437500000000112e-05
85,88,0.080625,0.5531249999999999,2.3437500000000112e-05
85,89,0.080625,0.559375,2.343750000000053e-05
85,90,0.080625,0.565625,2.3437500000000112e-05
85,91,0.080625,0.5718749999999999,2.3437500000000112e-05
85,92,0.080625,0.578125,2.3437500000000112e-05
85,93,0.080625,0.5843749999999999,2.3437500000000112e-05
85,94,0.080625,0.590625,2.343750000000053e-05
85,95,0.080625,0.596875,2.3437500000000112e-05
86,0,0.084375,0.0031249999999999997,2.3437499999999845e-05
86,1,0.084375,0.009375,2.3437499999999845e-05
86,2,0.084375,0.015625,2.3437499999999848e-05
86,3,0.084375,0.021875,2.343749999999984e-05
86,4,0.084375,0.028124999999999997,2.343749999999984e-05
86,5,0.084375,0.034374999999999996,2.3437499999999855e-05
86,6,0.084375,0.040624999999999994,2.343749999999984e-05
86,7,0.084375,0.046875,2.343749999999984e-05
86,8,0.084375,0.05312499999999999,2.343749999999984e-05
86,9,0.084375,0.059375,2.343749999999984e-05
86,10,0.084375,0.06562499999999999,2.343749999999984e-05
86,11,0.084375,0.071875,2.343749999999987e-05
86,12,0.084375,0.078125,2.3437499999999818e-05
86,13,0.084375,0.08437499999999999,2.343749999999987e-05
86,14,0.084375,0.09062499999999998,2.3437499999999818e-05
86,15,0.084375,0.09687499999999999,2.343749999999987e-05
86,16,0.084375,0.103125,2.343749999999987e-05
86,17,0.084375,0.109375,2.3437499999999818e-05
86,18,0.084375,0.11562499999999999,2.343749999999987e-05
86,19,0.084375,0.12187499999999998,2.3437499999999818e-05
86,20,0.084375,0.128125,2.3437499999999818e-05
86,21,0.084375,0.13437499999999997,2.343749999999987e-05
86,22,0.084375,0.140625,2.343749999999987e-05
86,23,0.084375,0.14687499999999998,2.343749999999987e-05
86,24,0.084375,0.153125,2.343749999999987e-05
86,25,0.084375,0.159375,2.3437499999999763e-05
86,26,0.084375,0.16562499999999997,2.343749999999987e-05
86,27,0.084375,0.171875,2.343749999999987e-05
86,28,0.084375,0.17812499999999998,2.343749999999987e-05
86,29,0.084375,0.18437499999999998,2.3437499999999763e-05
86,30,0.084375,0.190625,2.343749999999987e-05
86,31,0.084375,0.19687499999999997,2.343749999999987e-05
86,32,0.084375,0.203125,2.343749999999987e-05
86,33,0.084375,0.20937499999999998,2.343749999999987e-05
86,34,0.084375,0.21562499999999998,2.3437499999999763e-05
86,35,0.084375,0.221875,2.343749999999987e-05
86,36,0.084375,0.22812499999999997,2.343749999999987e-05
86,37,0.084375,0.234375,2.343749999999987e-05
86,38,0.084375,0.24062499999999998,2.3437499999999763e-05
86,39,0.084375,0.24687499999999996,2.343749999999987e-05
86,40,0.084375,0.253125,2.343749999999987e-05
86,41,0.084375,0.25937499999999997,2.3437499999999763e-05
86,42,0.084375,0.265625,2.3437499999999973e-05
86,43,0.084375,0.271875,2.3437499999999763e-05
86,44,0.084375,0.27812499999999996,2.3437499999999973e-05
86,45,0.084375,0.284375,2.3437499999999763e-05
86,46,0.084375,0.29062499999999997,2.3437499999999763e-05
86,47,0.084375,0.296875,2.3437499999999973e-05
86,48,0.084375,0.303125,2.3437499999999763e-05
86,49,0.084375,0.30937499999999996,2.3437499999999973e-05
86,50,0.084375,0.315625,2.3437499999999763e-05
86,51,0.084375,0.32187499999999997,2.3437499999999763e-05
86,52,0.084375,0.328125,2.3437499999999973e-05
86,53,0.084375,0.334375,2.3437499999999763e-05
86,54,0.084375,0.34062499999999996,2.3437499999999763e-05
86,55,0.084375,0.34687499999999993,2.3437499999999973e-05
86,56,0.084375,0.35312499999999997,2.3437499999999763e-05
86,57,0.084375,0.359375,2.3437499999999973e-05
86,58,0.084375,0.365625,2.3437499999999763e-05
86,59,0.084375,0.37187499999999996,2.3437499999999763e-05
86,60,0.084375,0.37812499999999993,2.3437499999999973e-05
86,61,0.084375,0.38437499999999997,2.3437499999999763e-05
86,62,0.084375,0.390625,2.3437499999999973e-05
86,63,0.084375,0.396875,2.3437499999999763e-05
86,64,0.084375,0.40312499999999996,2.3437499999999763e-05
86,65,0.084375,0.40937499999999993,2.3437499999999973e-05
86,66,0.084375,0.41562499999999997,2.3437499999999763e-05
86,67,0.084375,0.421875,2.3437499999999973e-05
86,68,0.084375,0.428125,2.3437499999999763e-05
86,69,0.084375,0.43437499999999996,2.3437499999999763e-05
86,70,0.084375,0.44062499999999993,2.3437499999999973e-05
86,71,0.084375,0.44687499999999997,2.3437499999999763e-05
86,72,0.084375,0.453125,2.3437499999999973e-05
86,73,0.084375,0.459375,2.3437499999999763e-05
86,74,0.084375,0.46562499999999996,2.3437499999999763e-05
86,75,0.084375,0.47187499999999993,2.3437499999999973e-05
86,76,0.084375,0.47812499999999997,2.3437499999999763e-05
86,77,0.084375,0.48437499999999994,2.3437499999999763e-05
86,78,0.084375,0.490625,2.3437499999999973e-05
86,79,0.084375,0.49687499999999996,2.3437499999999763e-05
86,80,0.084375,0.5031249999999999,2.3437499999999973e-05
86,81,0.084375,0.5093749999999999,2.3437499999999763e-05
86,82,0.084375,0.515625,2.3437499999999763e-05
86,83,0.084375,0.5218749999999999,2.3437499999999763e-05
86,84,0.084375,0.528125,2.343750000000018e-05
86,85,0.084375,0.534375,2.3437499999999763e-05
86,86,0.084375,0.5406249999999999,2.3437499999999763e-05
86,87,0.084375,0.546875,2.3437499999999763e-05
86,88,0.084375,0.5531249999999999,2.3437499999999763e-05
86,89,0.084375,0.559375,2.343750000000018e-05
86,90,0.084375,0.565625,2.3437499999999763e-05
86,91,0.084375,0.5718749999999999,2.3437499999999763e-05
86,92,0.084375,0.578125,2.3437499999999763e-05
86,93,0.084375,0.5843749999999999,2.3437499999999763e-05
86,94,0.084375,0.590625,2.343750000000018e-05
86,95,0.084375,0.596875,2.3437499999999763e-05
87,0,0.08812499999999998,0.0031249999999999997,2.3437499999999845e-05
87,1,0.08812499999999998,0.009375,2.3437499999999845e-05
87,2,0.08812499999999998,0.015625,2.3437499999999848e-05
87,3,0.08812499999999998,0.021875,2.343749999999984e-05
87,4,0.08812499999999998,0.028124999999999997,2.343749999999984e-05
87,5,0.08812499999999998,0.034374999999999996,2.3437499999999855e-05
87,6,0.08812499999999998,0.040624999999999994,2.343749999999984e-05
87,7,0.08812499999999998,0.046875,2.343749999999984e-05
87,8,0.08812499999999998,0.05312499999999999,2.343749999999984e-05
87,9,0.08812499999999998,0.059375,2.343749999999984e-05
87,10,0.08812499999999998,0.06562499999999999,2.343749999999984e-05
87,11,0.08812499999999998,0.071875,2.343749999999987e-05
87,12,0.08812499999999998,0.078125,2.3437499999999818e-05
87,13,0.08812499999999998,0.08437499999999999,2.343749999999987e-05
87,14,0.08812499999999998,0.09062499999999998,2.3437499999999818e-05
87,15,0.08812499999999998,0.09687499999999999,2.343749999999987e-05
87,16,0.08812499999999998,0.103125,2.343749999999987e-05
87,17,0.08812499999999998,0.109375,2.3437499999999818e-05
87,18,0.08812499999999998,0.11562499999999999,2.343749999999987e-05
87,19,0.08812499999999998,0.12187499999999998,2.3437499999999818e-05
87,20,0.08812499999999998,0.128125,2.3437499999999818e-05
87,21,0.08812499999999998,0.13437499999999997,2.343749999999987e-05
87,22,0.08812499999999998,0.140625,2.343749999999987e-05
87,23,0.08812499999999998,0.14687499999999998,2.343749999999987e-05
87,24,0.08812499999999998,0.153125,2.343749999999987e-05
87,25,0.08812499999999998,0.159375,2.3437499999999763e-05
87,26,0.08812499999999998,0.16562499999999997,2.343749999999987e-05
87,27,0.08812499999999998,0.171875,2.343749999999987e-05
87,28,0.08812499999999998,0.17812499999999998,2.343749999999987e-05
87,29,0.08812499999999998,0.18437499999999998,2.3437499999999763e-05
87,30,0.08812499999999998,0.190625,2.343749999999987e-05
87,31,0.08812499999999998,0.19687499999999997,2.343749999999987e-05
87,32,0.08812499999999998,0.203125,2.343749999999987e-05
87,33,0.08812499999999998,0.20937499999999998,2.343749999999987e-05
87,34,0.08812499999999998,0.21562499999999998,2.3437499999999763e-05
87,35,0.08812499999999998,0.221875,2.343749999999987e-05
87,36,0.08812499999999998,0.22812499999999997,2.343749999999987e-05
87,37,0.08812499999999998,0.234375,2.343749999999987e-05
87,38,0.08812499999999998,0.24062499999999998,2.3437499999999763e-05
87,39,0.08812499999999998,0.24687499999999996,2.343749999999987e-05
87,40,0.08812499999999998,0.253125,2.343749999999987e-05
87,41,0.08812499999999998,0.25937499999999997,2.3437499999999763e-05
87,42,0.08812499999999998,0.265625,2.3437499999999973e-05
87,43,0.08812499999999998,0.271875,2.3437499999999763e-05
87,44,0.08812499999999998,0.27812499999999996,2.3437499999999973e-05
87,45,0.08812499999999998,0.284375,2.3437499999999763e-05
87,46,0.08812499999999998,0.29062499999999997,2.3437499999999763e-05
87,47,0.08812499999999998,0.296875,2.3437499999999973e-05
87,48,0.08812499999999998,0.303125,2.3437499999999763e-05
87,49,0.08812499999999998,0.30937499999999996,2.3437499999999973e-05
87,50,0.08812499999999998,0.315625,2.3437499999999763e-05
87,51,0.08812499999999998,0.32187499999999997,2.3437499999999763e-05
87,52,0.08812499999999998,0.328125,2.3437499999999973e-05
87,53,0.08812499999999998,0.334375,2.3437499999999763e-05
87,54,0.08812499999999998,0.34062499999999996,2.3437499999999763e-05
87,55,0.08812499999999998,0.34687499999999993,2.3437499999999973e-05
87,56,0.08812499999999998,0.35312499999999997,2.3437499999999763e-05
87,57,0.08812499999999998,0.359375,2.3437499999999973e-05
87,58,0.08812499999999998,0.365625,2.3437499999999763e-05
87,59,0.08812499999999998,0.37187499999999996,2.3437499999999763e-05
87,60,0.08812499999999998,0.37812499999999993,2.3437499999999973e-05
87,61,0.08812499999999998,0.38437499999999997,2.3437499999999763e-05
87,62,0.08812499999999998,0.390625,2.3437499999999973e-05
87,63,0.08812499999999998,0.396875,2.3437499999999763e-05
87,64,0.08812499999999998,0.40312499999999996,2.3437499999999763e-05
87,65,0.08812499999999998,0.40937499999999993,2.3437499999999973e-05
87,66,0.08812499999999998,0.41562499999999997,2.3437499999999763e-05
87,67,0.08812499999999998,0.421875,2.3437499999999973e-05
87,68,0.08812499999999998,0.428125,2.3437499999999763e-05
87,69,0.08812499999999998,0.43437499999999996,2.3437499999999763e-05
87,70,0.08812499999999998,0.44062499999999993,2.3437499999999973e-05
87,71,0.08812499999999998,0.44687499999999997,2.3437499999999763e-05
87,72,0.08812499999999998,0.453125,2.3437499999999973e-05
87,73,0.08812499999999998,0.459375,2.3437499999999763e-05
87,74,0.08812499999999998,0.46562499999999996,2.3437499999999763e-05
87,75,0.08812499999999998,0.47187499999999993,2.3437499999999973e-05
87,76,0.08812499999999998,0.47812499999999997,2.3437499999999763e-05
87,77,0.08812499999999998,0.48437499999999994,2.3437499999999763e-05
87,78,0.08812499999999998,0.490625,2.3437499999999973e-05
87,79,0.08812499999999998,0.49687499999999996,2.3437499999999763e-05
87,80,0.08812499999999998,0.5031249999999999,2.3437499999999973e-05
87,81,0.08812499999999998,0.5093749999999999,2.3437499999999763e-05
87,82,0.08812499999999998,0.515625,2.3437499999999763e-05
87,83,0.08812499999999998,0.5218749999999999,2.3437499999999763e-05
87,84,0.08812499999999998,0.528125,2.343750000000018e-05
87,85,0.08812499999999998,0.534375,2.3437499999999763e-05
87,86,0.08812499999999998,0.5406249999999999,2.3437499999999763e-05
87,87,0.08812499999999998,0.546875,2.3437499999999763e-05
87,88,0.08812499999999998,0.5531249999999999,2.3437499999999763e-05
87,89,0.08812499999999998,0.559375,2.343750000000018e-05
87,90,0.08812499999999998,0.565625,2.3437499999999763e-05
87,91,0.08812499999999998,0.5718749999999999,2.3437499999999763e-05
87,92,0.08812499999999998,0.578125,2.3437499999999763e-05
87,93,0.08812499999999998,0.5843749999999999,2.3437499999999763e-05
87,94,0.08812499999999998,0.590625,2.343750000000018e-05
87,95,0.08812499999999998,0.596875,2.3437499999999763e-05
88,0,0.09187499999999998,0.0031249999999999997,2.3437500000000194e-05
88,1,0.09187499999999998,0.009375,2.3437500000000194e-05
88,2,0.09187499999999998,0.015625,2.3437500000000197e-05
88,3,0.09187499999999998,0.021875,2.343750000000019e-05
88,4,0.09187499999999998,0.028124999999999997,2.343750000000019e-05
88,5,0.09187499999999998,0.034374999999999996,2.3437500000000204e-05
88,6,0.09187499999999998,0.040624999999999994,2.343750000000019e-05
88,7,0.09187499999999998,0.046875,2.343750000000019e-05
88,8,0.09187499999999998,0.05312499999999999,2.343750000000019e-05
88,9,0.09187499999999998,0.059375,2.343750000000019e-05
88,10,0.09187499999999998,0.06562499999999999,2.343750000000019e-05
88,11,0.09187499999999998,0.071875,2.3437500000000214e-05
88,12,0.09187499999999998,0.078125,2.3437500000000163e-05
88,13,0.09187499999999998,0.08437499999999999,2.3437500000000214e-05
88,14,0.09187499999999998,0.09062499999999998,2.3437500000000163e-05
88,15,0.09187499999999998,0.09687499999999999,2.3437500000000214e-05
88,16,0.09187499999999998,0.103125,2.3437500000000214e-05
88,17,0.09187499999999998,0.109375,2.3437500000000163e-05
88,18,0.09187499999999998,0.11562499999999999,2.3437500000000214e-05
88,19,0.09187499999999998,0.12187499999999998,2.3437500000000163e-05
88,20,0.09187499999999998,0.128125,2.3437500000000163e-05
88,21,0.09187499999999998,0.13437499999999997,2.3437500000000214e-05
88,22,0.09187499999999998,0.140625,2.3437500000000214e-05
88,23,0.09187499999999998,0.14687499999999998,2.3437500000000214e-05
88,24,0.09187499999999998,0.153125,2.3437500000000214e-05
88,25,0.09187499999999998,0.159375,2.3437500000000112e-05
88,26,0.09187499999999998,0.16562499999999997,2.3437500000000214e-05
88,27,0.09187499999999998,0.171875,2.3437500000000214e-05
88,28,0.09187499999999998,0.17812499999999998,2.3437500000000214e-05
88,29,0.09187499999999998,0.18437499999999998,2.3437500000000112e-05
88,30,0.09187499999999998,0.190625,2.3437500000000214e-05
88,31,0.09187499999999998,0.19687499999999997,2.3437500000000214e-05
88,32,0.09187499999999998,0.203125,2.3437500000000214e-05
88,33,0.09187499999999998,0.20937499999999998,2.3437500000000214e-05
88,34,0.09187499999999998,0.21562499999999998,2.3437500000000112e-05
88,35,0.09187499999999998,0.221875,2.3437500000000214e-05
88,36,0.09187499999999998,0.22812499999999997,2.3437500000000214e-05
88,37,0.09187499999999998,0.234375,2.3437500000000214e-05
88,38,0.09187499999999998,0.24062499999999998,2.3437500000000112e-05
88,39,0.09187499999999998,0.24687499999999996,2.3437500000000214e-05
88,40,0.09187499999999998,0.253125,2.3437500000000214e-05
88,41,0.09187499999999998,0.25937499999999997,2.3437500000000112e-05
88,42,0.09187499999999998,0.265625,2.343750000000032e-05
88,43,0.09187499999999998,0.271875,2.3437500000000112e-05
88,44,0.09187499999999998,0.27812499999999996,2.343750000000032e-05
88,45,0.09187499999999998,0.284375,2.3437500000000112e-05
88,46,0.09187499999999998,0.29062499999999997,2.3437500000000112e-05
88,47,0.09187499999999998,0.296875,2.343750000000032e-05
88,48,0.09187499999999998,0.303125,2.3437500000000112e-05
88,49,0.09187499999999998,0.30937499999999996,2.343750000000032e-05
88,50,0.09187499999999998,0.315625,2.3437500000000112e-05
88,51,0.09187499999999998,0.32187499999999997,2.3437500000000112e-05
88,52,0.09187499999999998,0.328125,2.343750000000032e-05
88,53,0.09187499999999998,0.334375,2.3437500000000112e-05
88,54,0.09187499999999998,0.34062499999999996,2.3437500000000112e-05
88,55,0.09187499999999998,0.34687499999999993,2.343750000000032e-05
88,56,0.09187499999999998,0.35312499999999997,2.3437500000000112e-05
88,57,0.09187499999999998,0.359375,2.343750000000032e-05
88,58,0.09187499999999998,0.365625,2.3437500000000112e-05
88,59,0.09187499999999998,0.37187499999999996,2.3437500000000112e-05
88,60,0.09187499999999998,0.37812499999999993,2.343750000000032e-05
88,61,0.09187499999999998,0.38437499999999997,2.3437500000000112e-05
88,62,0.09187499999999998,0.390625,2.343750000000032e-05
88,63,0.09187499999999998,0.396875,2.3437500000000112e-05
88,64,0.09187499999999998,0.40312499999999996,2.3437500000000112e-05
88,65,0.09187499999999998,0.40937499999999993,2.343750000000032e-05
88,66,0.09187499999999998,0.41562499999999997,2.3437500000000112e-05
88,67,0.09187499999999998,0.421875,2.343750000000032e-05
88,68,0.09187499999999998,0.428125,2.3437500000000112e-05
88,69,0.09187499999999998,0.43437499999999996,2.3437500000000112e-05
88,70,0.09187499999999998,0.44062499999999993,2.343750000000032e-05
88,71,0.09187499999999998,0.44687499999999997,2.3437500000000112e-05
88,72,0.09187499999999998,0.453125,2.343750000000032e-05
88,73,0.09187499999999998,0.459375,2.3437500000000112e-05
88,74,0.09187499999999998,0.46562499999999996,2.3437500000000112e-05
88,75,0.09187499999999998,0.47187499999999993,2.343750000000032e-05
88,76,0.09187499999999998,0.47812499999999997,2.3437500000000112e-05
88,77,0.09187499999999998,0.48437499999999994,2.3437500000000112e-05
88,78,0.09187499999999998,0.490625,2.343750000000032e-05
88,79,0.09187499999999998,0.49687499999999996,2.3437500000000112e-05
88,80,0.09187499999999998,0.5031249999999999,2.343750000000032e-05
88,81,0.09187499999999998,0.5093749999999999,2.3437500000000112e-05
88,82,0.09187499999999998,0.515625,2.3437500000000112e-05
88,83,0.09187499999999998,0.5218749999999999,2.3437500000000112e-05
88,84,0.09187499999999998,0.528125,2.343750000000053e-05
88,85,0.09187499999999998,0.534375,2.3437500000000112e-05
88,86,0.09187499999999998,0.5406249999999999,2.3437500000000112e-05
88,87,0.09187499999999998,0.546875,2.3437500000000112e-05
88,88,0.09187499999999998,0.5531249999999999,2.3437500000000112e-05
88,89,0.09187499999999998,0.559375,2.343750000000053e-05
88,90,0.09187499999999998,0.565625,2.3437500000000112e-05
88,91,0.09187499999999998,0.5718749999999999,2.3437500000000112e-05
88,92,0.09187499999999998,0.578125,2.3437500000000112e-05
88,93,0.09187499999999998,0.5843749999999999,2.3437500000000112e-05
88,94,0.09187499999999998,0.590625,2.343750000000053e-05
88,95,0.09187499999999998,0.596875,2.3437500000000112e-05
89,0,0.09562499999999999,0.0031249999999999997,2.3437499999999845e-05
89,1,0.09562499999999999,0.009375,2.3437499999999845e-05
89,2,0.09562499999999999,0.015625,2.3437499999999848e-05
89,3,0.09562499999999999,0.021875,2.343749999999984e-05
89,4,0.09562499999999999,0.028124999999999997,2.343749999999984e-05
89,5,0.09562499999999999,0.034374999999999996,2.3437499999999855e-05
89,6,0.09562499999999999,0.040624999999999994,2.343749999999984e-05
89,7,0.09562499999999999,0.046875,2.343749999999984e-05
89,8,0.09562499999999999,0.05312499999999999,2.343749999999984e-05
89,9,0.09562499999999999,0.059375,2.343749999999984e-05
89,10,0.09562499999999999,0.06562499999999999,2.343749999999984e-05
89,11,0.09562499999999999,0.071875,2.343749999999987e-05
89,12,0.09562499999999999,0.078125,2.3437499999999818e-05
89,13,0.09562499999999999,0.08437499999999999,2.343749999999987e-05
89,14,0.09562499999999999,0.09062499999999998,2.3437499999999818e-05
89,15,0.09562499999999999,0.09687499999999999,2.343749999999987e-05
89,16,0.09562499999999999,0.103125,2.343749999999987e-05
89,17,0.09562499999999999,0.109375,2.3437499999999818e-05
89,18,0.09562499999999999,0.11562499999999999,2.343749999999987e-05
89,19,0.09562499999999999,0.12187499999999998,2.3437499999999818e-05
89,20,0.09562499999999999,0.128125,2.3437499999999818e-05
89,21,0.09562499999999999,0.13437499999999997,2.343749999999987e-05
89,22,0.09562499999999999,0.140625,2.343749999999987e-05
89,23,0.09562499999999999,0.14687499999999998,2.343749999999987e-05
89,24,0.09562499999999999,0.153125,2.343749999999987e-05
89,25,0.09562499999999999,0.159375,2.3437499999999763e-05
89,26,0.09562499999999999,0.16562499999999997,2.343749999999987e-05
89,27,0.09562499999999999,0.171875,2.343749999999987e-05
89,28,0.09562499999999999,0.17812499999999998,2.343749999999987e-05
89,29,0.09562499999999999,0.18437499999999998,2.3437499999999763e-05
89,30,0.09562499999999999,0.190625,2.343749999999987e-05
89,31,0.09562499999999999,0.19687499999999997,2.343749999999987e-05
89,32,0.09562499999999999,0.203125,2.343749999999987e-05
89,33,0.09562499999999999,0.20937499999999998,2.343749999999987e-05
89,34,0.09562499999999999,0.21562499999999998,2.3437499999999763e-05
89,35,0.09562499999999999,0.221875,2.343749999999987e-05
89,36,0.09562499999999999,0.22812499999999997,2.343749999999987e-05
89,37,0.09562499999999999,0.234375,2.343749999999987e-05
89,38,0.09562499999999999,0.24062499999999998,2.3437499999999763e-05
89,39,0.09562499999999999,0.24687499999999996,2.343749999999987e-05
89,40,0.09562499999999999,0.253125,2.343749999999987e-05
89,41,0.09562499999999999,0.25937499999999997,2.3437499999999763e-05
89,42,0.09562499999999999,0.265625,2.3437499999999973e-05
89,43,0.09562499999999999,0.271875,2.3437499999999763e-05
89,44,0.09562499999999999,0.27812499999999996,2.3437499999999973e-05
89,45,0.09562499999999999,0.284375,2.3437499999999763e-05
89,46,0.09562499999999999,0.29062499999999997,2.3437499999999763e-05
89,47,0.09562499999999999,0.296875,2.3437499999999973e-05
89,48,0.09562499999999999,0.303125,2.3437499999999763e-05
89,49,0.09562499999999999,0.30937499999999996,2.3437499999999973e-05
89,50,0.09562499999999999,0.315625,2.3437499999999763e-05
89,51,0.09562499999999999,0.32187499999999997,2.3437499999999763e-05
89,52,0.09562499999999999,0.328125,2.3437499999999973e-05
89,53,0.09562499999999999,0.334375,2.3437499999999763e-05
89,54,0.09562499999999999,0.34062499999999996,2.3437499999999763e-05
89,55,0.09562499999999999,0.34687499999999993,2.3437499999999973e-05
89,56,0.09562499999999999,0.35312499999999997,2.3437499999999763e-05
89,57,0.09562499999999999,0.359375,2.3437499999999973e-05
89,58,0.09562499999999999,0.365625,2.3437499999999763e-05
89,59,0.09562499999999999,0.37187499999999996,2.3437499999999763e-05
89,60,0.09562499999999999,0.37812499999999993,2.3437499999999973e-05
89,61,0.09562499999999999,0.38437499999999997,2.3437499999999763e-05
89,62,0.09562499999999999,0.390625,2.3437499999999973e-05
89,63,0.09562499999999999,0.396875,2.3437499999999763e-05
89,64,0.09562499999999999,0.40312499999999996,2.3437499999999763e-05
89,65,0.09562499999999999,0.40937499999999993,2.3437499999999973e-05
89,66,0.09562499999999999,0.41562499999999997,2.3437499999999763e-05
89,67,0.09562499999999999,0.421875,2.3437499999999973e-05
89,68,0.09562499999999999,0.428125,2.3437499999999763e-05
89,69,0.09562499999999999,0.43437499999999996,2.3437499999999763e-05
89,70,0.09562499999999999,0.44062499999999993,2.3437499999999973e-05
89,71,0.09562499999999999,0.44687499999999997,2.3437499999999763e-05
89,72,0.09562499999999999,0.453125,2.3437499999999973e-05
89,73,0.09562499999999999,0.459375,2.3437499999999763e-05
89,74,0.09562499999999999,0.46562499999999996,2.3437499999999763e-05
89,75,0.09562499999999999,0.47187499999999993,2.3437499999999973e-05
89,76,0.09562499999999999,0.47812499999999997,2.3437499999999763e-05
89,77,0.09562499999999999,0.48437499999999994,2.3437499999999763e-05
89,78,0.09562499999999999,0.490625,2.3437499999999973e-05
89,79,0.09562499999999999,0.49687499999999996,2.3437499999999763e-05
89,80,0.09562499999999999,0.5031249999999999,2.3437499999999973e-05
89,81,0.09562499999999999,0.5093749999999999,2.3437499999999763e-05
89,82,0.09562499999999999,0.515625,2.3437499999999763e-05
89,83,0.09562499999999999,0.5218749999999999,2.3437499999999763e-05
89,84,0.09562499999999999,0.528125,2.343750000000018e-05
89,85,0.09562499999999999,0.534375,2.3437499999999763e-05
89,86,0.09562499999999999,0.5406249999999999,2.3437499999999763e-05
89,87,0.09562499999999999,0.546875,2.3437499999999763e-05
89,88,0.09562499999999999,0.5531249999999999,2.3437499999999763e-05
89,89,0.09562499999999999,0.559375,2.343750000000018e-05
89,90,0.09562499999999999,0.565625,2.3437499999999763e-05
89,91,0.09562499999999999,0.5718749999999999,2.3437499999999763e-05
89,92,0.09562499999999999,0.578125,2.3437499999999763e-05
89,93,0.09562499999999999,0.5843749999999999,2.3437499999999763e-05
89,94,0.09562499999999999,0.590625,2.343750000000018e-05
89,95,0.09562499999999999,0.596875,2.3437499999999763e-05
90,0,0.09937499999999999,0.0031249999999999997,2.3437500000000194e-05
90,1,0.09937499999999999,0.009375,2.3437500000000194e-05
90,2,0.09937499999999999,0.015625,2.3437500000000197e-05
90,3,0.09937499999999999,0.021875,2.343750000000019e-05
90,4,0.09937499999999999,0.028124999999999997,2.343750000000019e-05
90,5,0.09937499999999999,0.034374999999999996,2.3437500000000204e-05
90,6,0.09937499999999999,0.040624999999999994,2.343750000000019e-05
90,7,0.09937499999999999,0.046875,2.343750000000019e-05
90,8,0.09937499999999999,0.05312499999999999,2.343750000000019e-05
90,9,0.09937499999999999,0.059375,2.343750000000019e-05
90,10,0.09937499999999999,0.06562499999999999,2.343750000000019e-05
90,11,0.09937499999999999,0.071875,2.3437500000000214e-05
90,12,0.09937499999999999,0.078125,2.3437500000000163e-05
90,13,0.09937499999999999,0.08437499999999999,2.3437500000000214e-05
90,14,0.09937499999999999,0.09062499999999998,2.3437500000000163e-05
90,15,0.09937499999999999,0.09687499999999999,2.3437500000000214e-05
90,16,0.09937499999999999,0.103125,2.3437500000000214e-05
90,17,0.09937499999999999,0.109375,2.3437500000000163e-05
90,18,0.09937499999999999,0.11562499999999999,2.3437500000000214e-05
90,19,0.09937499999999999,0.12187499999999998,2.3437500000000163e-05
90,20,0.09937499999999999,0.128125,2.3437500000000163e-05
90,21,0.09937499999999999,0.13437499999999997,2.3437500000000214e-05
90,22,0.09937499999999999,0.140625,2.3437500000000214e-05
90,23,0.09937499999999999,0.14687499999999998,2.3437500000000214e-05
90,24,0.09937499999999999,0.153125,2.3437500000000214e-05
90,25,0.09937499999999999,0.159375,2.3437500000000112e-05
90,26,0.09937499999999999,0.16562499999999997,2.3437500000000214e-05
90,27,0.09937499999999999,0.171875,2.3437500000000214e-05
90,28,0.09937499999999999,0.17812499999999998,2.3437500000000214e-05
90,29,0.09937499999999999,0.18437499999999998,2.3437500000000112e-05
90,30,0.09937499999999999,0.190625,2.3437500000000214e-05
90,31,0.09937499999999999,0.19687499999999997,2.3437500000000214e-05
90,32,0.09937499999999999,0.203125,2.3437500000000214e-05
90,33,0.09937499999999999,0.20937499999999998,2.3437500000000214e-05
90,34,0.09937499999999999,0.21562499999999998,2.3437500000000112e-05
90,35,0.09937499999999999,0.221875,2.3437500000000214e-05
90,36,0.09937499999999999,0.22812499999999997,2.3437500000000214e-05
90,37,0.09937499999999999,0.234375,2.3437500000000214e-05
90,38,0.09937499999999999,0.24062499999999998,2.3437500000000112e-05
90,39,0.09937499999999999,0.24687499999999996,2.3437500000000214e-05
90,40,0.09937499999999999,0.253125,2.3437500000000214e-05
90,41,0.09937499999999999,0.25937499999999997,2.3437500000000112e-05
90,42,0.09937499999999999,0.265625,2.343750000000032e-05
90,43,0.09937499999999999,0.271875,2.3437500000000112e-05
90,44,0.09937499999999999,0.27812499999999996,2.343750000000032e-05
90,45,0.09937499999999999,0.284375,2.3437500000000112e-05
90,46,0.09937499999999999,0.29062499999999997,2.3437500000000112e-05
90,47,0.09937499999999999,0.296875,2.343750000000032e-05
90,48,0.09937499999999999,0.303125,2.3437500000000112e-05
90,49,0.09937499999999999,0.30937499999999996,2.343750000000032e-05
90,50,0.09937499999999999,0.315625,2.3437500000000112e-05
90,51,0.09937499999999999,0.32187499999999997,2.3437500000000112e-05
90,52,0.09937499999999999,0.328125,2.343750000000032e-05
90,53,0.09937499999999999,0.334375,2.3437500000000112e-05
90,54,0.09937499999999999,0.34062499999999996,2.3437500000000112e-05
90,55,0.09937499999999999,0.34687499999999993,2.343750000000032e-05
90,56,0.09937499999999999,0.35312499999999997,2.3437500000000112e-05
90,57,0.09937499999999999,0.359375,2.343750000000032e-05
90,58,0.09937499999999999,0.365625,2.3437500000000112e-05
90,59,0.09937499999999999,0.37187499999999996,2.3437500000000112e-05
90,60,0.09937499999999999,0.37812499999999993,2.343750000000032e-05
90,61,0.09937499999999999,0.38437499999999997,2.3437500000000112e-05
90,62,0.09937499999999999,0.390625,2.343750000000032e-05
90,63,0.09937499999999999,0.396875,2.3437500000000112e-05
90,64,0.09937499999999999,0.40312499999999996,2.3437500000000112e-05
90,65,0.09937499999999999,0.40937499999999993,2.343750000000032e-05
90,66,0.09937499999999999,0.41562499999999997,2.3437500000000112e-05
90,67,0.09937499999999999,0.421875,2.343750000000032e-05
90,68,0.09937499999999999,0.428125,2.3437500000000112e-05
90,69,0.09937499999999999,0.43437499999999996,2.3437500000000112e-05
90,70,0.09937499999999999,0.44062499999999993,2.343750000000032e-05
90,71,0.09937499999999999,0.44687499999999997,2.3437500000000112e-05
90,72,0.09937499999999999,0.453125,2.343750000000032e-05
90,73,0.09937499999999999,0.459375,2.3437500000000112e-05
90,74,0.09937499999999999,0.46562499999999996,2.3437500000000112e-05
90,75,0.09937499999999999,0.47187499999999993,2.343750000000032e-05
90,76,0.09937499999999999,0.47812499999999997,2.3437500000000112e-05
90,77,0.09937499999999999,0.48437499999999994,2.3437500000000112e-05
90,78,0.09937499999999999,0.490625,2.343750000000032e-05
90,79,0.09937499999999999,0.49687499999999996,2.3437500000000112e-05
90,80,0.09937499999999999,0.5031249999999999,2.343750000000032e-05
90,81,0.09937499999999999,0.5093749999999999,2.3437500000000112e-05
90,82,0.09937499999999999,0.515625,2.3437500000000112e-05
90,83,0.09937499999999999,0.5218749999999999,2.3437500000000112e-05
90,84,0.09937499999999999,0.528125,2.343750000000053e-05
90,85,0.09937499999999999,0.534375,2.3437500000000112e-05
90,86,0.09937499999999999,0.5406249999999999,2.3437500000000112e-05
90,87,0.09937499999999999,0.546875,2.3437500000000112e-05
90,88,0.09937499999999999,0.5531249999999999,2.3437500000000112e-05
90,89,0.09937499999999999,0.559375,2.343750000000053e-05
90,90,0.09937499999999999,0.565625,2.3437500000000112e-05
90,91,0.09937499999999999,0.5718749999999999,2.3437500000000112e-05
90,92,0.09937499999999999,0.578125,2.3437500000000112e-05
90,93,0.09937499999999999,0.5843749999999999,2.3437500000000112e-05
90,94,0.09937499999999999,0.590625,2.343750000000053e-05
90,95,0.09937499999999999,0.596875,2.3437500000000112e-05
91,0,0.103125,0.0031249999999999997,2.3437499999999845e-05
91,1,0.103125,0.009375,2.3437499999999845e-05
91,2,0.103125,0.015625,2.3437499999999848e-05
91,3,0.103125,0.021875,2.343749999999984e-05
91,4,0.103125,0.028124999999999997,2.343749999999984e-05
91,5,0.103125,0.034374999999999996,2.3437499999999855e-05
91,6,0.103125,0.040624999999999994,2.343749999999984e-05
91,7,0.103125,0.046875,2.343749999999984e-05
91,8,0.103125,0.05312499999999999,2.343749999999984e-05
91,9,0.103125,0.059375,2.343749999999984e-05
91,10,0.103125,0.06562499999999999,2.343749999999984e-05
91,11,0.103125,0.071875,2.343749999999987e-05
91,12,0.103125,0.078125,2.3437499999999818e-05
91,13,0.103125,0.08437499999999999,2.343749999999987e-05
91,14,0.103125,0.09062499999999998,2.3437499999999818e-05
91,15,0.103125,0.09687499999999999,2.343749999999987e-05
91,16,0.103125,0.103125,2.343749999999987e-05
91,17,0.103125,0.109375,2.3437499999999818e-05
91,18,0.103125,0.11562499999999999,2.343749999999987e-05
91,19,0.103125,0.12187499999999998,2.3437499999999818e-05
91,20,0.103125,0.128125,2.3437499999999818e-05
91,21,0.103125,0.13437499999999997,2.343749999999987e-05
91,22,0.103125,0.140625,2.343749999999987e-05
91,23,0.103125,0.14687499999999998,2.343749999999987e-05
91,24,0.103125,0.153125,2.343749999999987e-05
91,25,0.103125,0.159375,2.3437499999999763e-05
91,26,0.103125,0.16562499999999997,2.343749999999987e-05
91,27,0.103125,0.171875,2.343749999999987e-05
91,28,0.103125,0.17812499999999998,2.343749999999987e-05
91,29,0.103125,0.18437499999999998,2.3437499999999763e-05
91,30,0.103125,0.190625,2.343749999999987e-05
91,31,0.103125,0.19687499999999997,2.343749999999987e-05
91,32,0.103125,0.203125,2.343749999999987e-05
91,33,0.103125,0.20937499999999998,2.343749999999987e-05
91,34,0.103125,0.21562499999999998,2.3437499999999763e-05
91,35,0.103125,0.221875,2.343749999999987e-05
91,36,0.103125,0.22812499999999997,2.343749999999987e-05
91,37,0.103125,0.234375,2.343749999999987e-05
91,38,0.103125,0.24062499999999998,2.3437499999999763e-05
91,39,0.103125,0.24687499999999996,2.343749999999987e-05
91,40,0.103125,0.253125,2.343749999999987e-05
91,41,0.103125,0.25937499999999997,2.3437499999999763e-05
91,42,0.103125,0.265625,2.3437499999999973e-05
91,43,0.103125,0.271875,2.3437499999999763e-05
91,44,0.103125,0.27812499999999996,2.3437499999999973e-05
91,45,0.103125,0.284375,2.3437499999999763e-05
91,46,0.103125,0.29062499999999997,2.3437499999999763e-05
91,47,0.103125,0.296875,2.3437499999999973e-05
91,48,0.103125,0.303125,2.3437499999999763e-05
91,49,0.103125,0.30937499999999996,2.3437499999999973e-05
91,50,0.103125,0.315625,2.3437499999999763e-05
91,51,0.103125,0.32187499999999997,2.3437499999999763e-05
91,52,0.103125,0.328125,2.3437499999999973e-05
91,53,0.103125,0.334375,2.3437499999999763e-05
91,54,0.103125,0.34062499999999996,2.3437499999999763e-05
91,55,0.103125,0.34687499999999993,2.3437499999999973e-05
91,56,0.103125,0.35312499999999997,2.3437499999999763e-05
91,57,0.103125,0.359375,2.3437499999999973e-05
91,58,0.103125,0.365625,2.3437499999999763e-05
91,59,0.103125,0.37187499999999996,2.3437499999999763e-05
91,60,0.103125,0.37812499999999993,2.3437499999999973e-05
91,61,0.103125,0.38437499999999997,2.3437499999999763e-05
91,62,0.103125,0.390625,2.3437499999999973e-05
91,63,0.103125,0.396875,2.3437499999999763e-05
91,64,0.103125,0.40312499999999996,2.3437499999999763e-05
91,65,0.103125,0.40937499999999993,2.3437499999999973e-05
91,66,0.103125,0.41562499999999997,2.3437499999999763e-05
91,67,0.103125,0.421875,2.3437499999999973e-05
91,68,0.103125,0.428125,2.3437499999999763e-05
91,69,0.103125,0.43437499999999996,2.3437499999999763e-05
91,70,0.103125,0.44062499999999993,2.3437499999999973e-05
91,71,0.103125,0.44687499999999997,2.3437499999999763e-05
91,72,0.103125,0.453125,2.3437499999999973e-05
91,73,0.103125,0.459375,2.3437499999999763e-05
91,74,0.103125,0.46562499999999996,2.3437499999999763e-05
91,75,0.103125,0.47187499999999993,2.3437499999999973e-05
91,76,0.103125,0.47812499999999997,2.3437499999999763e-05
91,77,0.103125,0.48437499999999994,2.3437499999999763e-05
91,78,0.103125,0.490625,2.3437499999999973e-05
91,79,0.103125,0.49687499999999996,2.3437499999999763e-05
91,80,0.103125,0.5031249999999999,2.3437499999999973e-05
91,81,0.103125,0.5093749999999999,2.3437499999999763e-05
91,82,0.103125,0.515625,2.3437499999999763e-05
91,83,0.103125,0.5218749999999999,2.3437499999999763e-05
91,84,0.103125,0.528125,2.343750000000018e-05
91,85,0.103125,0.534375,2.3437499999999763e-05
91,86,0.103125,0.5406249999999999,2.3437499999999763e-05
91,87,0.103125,0.546875,2.3437499999999763e-05
91,88,0.103125,0.5531249999999999,2.3437499999999763e-05
91,89,0.103125,0.559375,2.343750000000018e-05
91,90,0.103125,0.565625,2.3437499999999763e-05
91,91,0.103125,0.5718749999999999,2.3437499999999763e-05
91,92,0.103125,0.578125,2.3437499999999763e-05
91,93,0.103125,0.5843749999999999,2.3437499999999763e-05
91,94,0.103125,0.590625,2.343750000000018e-05
91,95,0.103125,0.596875,2.3437499999999763e-05
92,0,0.106875,0.0031249999999999997,2.3437500000000194e-05
92,1,0.106875,0.009375,2.3437500000000194e-05
92,2,0.106875,0.015625,2.3437500000000197e-05
92,3,0.106875,0.021875,2.343750000000019e-05
92,4,0.106875,0.028124999999999997,2.343750000000019e-05
92,5,0.106875,0.034374999999999996,2.3437500000000204e-05
92,6,0.106875,0.040624999999999994,2.343750000000019e-05
92,7,0.106875,0.046875,2.343750000000019e-05
92,8,0.106875,0.05312499999999999,2.343750000000019e-05
92,9,0.106875,0.059375,2.343750000000019e-05
92,10,0.106875,0.06562499999999999,2.343750000000019e-05
92,11,0.106875,0.071875,2.3437500000000214e-05
92,12,0.106875,0.078125,2.3437500000000163e-05
92,13,0.106875,0.08437499999999999,2.3437500000000214e-05
92,14,0.106875,0.09062499999999998,2.3437500000000163e-05
92,15,0.106875,0.09687499999999999,2.3437500000000214e-05
92,16,0.106875,0.103125,2.3437500000000214e-05
92,17,0.106875,0.109375,2.3437500000000163e-05
92,18,0.106875,0.11562499999999999,2.3437500000000214e-05
92,19,0.106875,0.12187499999999998,2.3437500000000163e-05
92,20,0.106875,0.128125,2.3437500000000163e-05
92,21,0.106875,0.13437499999999997,2.3437500000000214e-05
92,22,0.106875,0.140625,2.3437500000000214e-05
92,23,0.106875,0.14687499999999998,2.3437500000000214e-05
92,24,0.106875,0.153125,2.3437500000000214e-05
92,25,0.106875,0.159375,2.3437500000000112e-05
92,26,0.106875,0.16562499999999997,2.3437500000000214e-05
92,27,0.106875,0.171875,2.3437500000000214e-05
92,28,0.106875,0.17812499999999998,2.3437500000000214e-05
92,29,0.106875,0.18437499999999998,2.3437500000000112e-05
92,30,0.106875,0.190625,2.3437500000000214e-05
92,31,0.106875,0.19687499999999997,2.3437500000000214e-05
92,32,0.106875,0.203125,2.3437500000000214e-05
92,33,0.106875,0.20937499999999998,2.3437500000000214e-05
92,34,0.106875,0.21562499999999998,2.3437500000000112e-05
92,35,0.106875,0.221875,2.3437500000000214e-05
92,36,0.106875,0.22812499999999997,2.3437500000000214e-05
92,37,0.106875,0.234375,2.3437500000000214e-05
92,38,0.106875,0.24062499999999998,2.3437500000000112e-05
92,39,0.106875,0.24687499999999996,2.3437500000000214e-05
92,40,0.106875,0.253125,2.3437500000000214e-05
92,41,0.106875,0.25937499999999997,2.3437500000000112e-05
92,42,0.106875,0.265625,2.343750000000032e-05
92,43,0.106875,0.271875,2.3437500000000112e-05
92,44,0.106875,0.27812499999999996,2.343750000000032e-05
92,45,0.106875,0.284375,2.3437500000000112e-05
92,46,0.106875,0.29062499999999997,2.3437500000000112e-05
92,47,0.106875,0.296875,2.343750000000032e-05
92,48,0.106875,0.303125,2.3437500000000112e-05
92,49,0.106875,0.30937499999999996,2.343750000000032e-05
92,50,0.106875,0.315625,2.3437500000000112e-05
92,51,0.106875,0.32187499999999997,2.3437500000000112e-05
92,52,0.106875,0.328125,2.343750000000032e-05
92,53,0.106875,0.334375,2.3437500000000112e-05
92,54,0.106875,0.34062499999999996,2.3437500000000112e-05
92,55,0.106875,0.34687499999999993,2.343750000000032e-05
92,56,0.106875,0.35312499999999997,2.3437500000000112e-05
92,57,0.106875,0.359375,2.343750000000032e-05
92,58,0.106875,0.365625,2.3437500000000112e-05
92,59,0.106875,0.37187499999999996,2.3437500000000112e-05
92,60,0.106875,0.37812499999999993,2.343750000000032e-05
92,61,0.106875,0.38437499999999997,2.3437500000000112e-05
92,62,0.106875,0.390625,2.343750000000032e-05
92,63,0.106875,0.396875,2.3437500000000112e-05
92,64,0.106875,0.40312499999999996,2.3437500000000112e-05
92,65,0.106875,0.40937499999999993,2.343750000000032e-05
92,66,0.106875,0.41562499999999997,2.3437500000000112e-05
92,67,0.106875,0.421875,2.343750000000032e-05
92,68,0.106875,0.428125,2.3437500000000112e-05
92,69,0.106875,0.43437499999999996,2.3437500000000112e-05
92,70,0.106875,0.44062499999999993,2.343750000000032e-05
92,71,0.106875,0.44687499999999997,2.3437500000000112e-05
92,72,0.106875,0.453125,2.343750000000032e-05
92,73,0.106875,0.459375,2.3437500000000112e-05
92,74,0.106875,0.46562499999999996,2.3437500000000112e-05
92,75,0.106875,0.47187499999999993,2.343750000000032e-05
92,76,0.106875,0.47812499999999997,2.3437500000000112e-05
92,77,0.106875,0.48437499999999994,2.3437500000000112e-05
92,78,0.106875,0.490625,2.343750000000032e-05
92,79,0.106875,0.49687499999999996,2.3437500000000112e-05
92,80,0.106875,0.5031249999999999,2.343750000000032e-05
92,81,0.106875,0.5093749999999999,2.3437500000000112e-05
92,82,0.106875,0.515625,2.3437500000000112e-05
92,83,0.106875,0.5218749999999999,2.3437500000000112e-05
92,84,0.106875,0.528125,2.343750000000053e-05
92,85,0.106875,0.534375,2.3437500000000112e-05
92,86,0.106875,0.5406249999999999,2.3437500000000112e-05
92,87,0.106875,0.546875,2.3437500000000112e-05
92,88,0.106875,0.5531249999999999,2.3437500000000112e-05
92,89,0.106875,0.559375,2.343750000000053e-05
92,90,0.106875,0.565625,2.3437500000000112e-05
92,91,0.106875,0.5718749999999999,2.3437500000000112e-05
92,92,0.106875,0.578125,2.3437500000000112e-05
92,93,0.106875,0.5843749999999999,2.3437500000000112e-05
92,94,0.106875,0.590625,2.343750000000053e-05
92,95,0.106875,0.596875,2.3437500000000112e-05
93,0,0.110625,0.0031249999999999997,2.3437499999999845e-05
93,1,0.110625,0.009375,2.3437499999999845e-05
93,2,0.110625,0.015625,2.3437499999999848e-05
93,3,0.110625,0.021875,2.343749999999984e-05
93,4,0.110625,0.028124999999999997,2.343749999999984e-05
93,5,0.110625,0.034374999999999996,2.3437499999999855e-05
93,6,0.110625,0.040624999999999994,2.343749999999984e-05
93,7,0.110625,0.046875,2.343749999999984e-05
93,8,0.110625,0.05312499999999999,2.343749999999984e-05
93,9,0.110625,0.059375,2.343749999999984e-05
93,10,0.110625,0.06562499999999999,2.343749999999984e-05
93,11,0.110625,0.071875,2.343749999999987e-05
93,12,0.110625,0.078125,2.3437499999999818e-05
93,13,0.110625,0.08437499999999999,2.343749999999987e-05
93,14,0.110625,0.09062499999999998,2.3437499999999818e-05
93,15,0.110625,0.09687499999999999,2.343749999999987e-05
93,16,0.110625,0.103125,2.343749999999987e-05
93,17,0.110625,0.109375,2.3437499999999818e-05
93,18,0.110625,0.11562499999999999,2.343749999999987e-05
93,19,0.110625,0.12187499999999998,2.3437499999999818e-05
93,20,0.110625,0.128125,2.3437499999999818e-05
93,21,0.110625,0.13437499999999997,2.343749999999987e-05
93,22,0.110625,0.140625,2.343749999999987e-05
93,23,0.110625,0.14687499999999998,2.343749999999987e-05
93,24,0.110625,0.153125,2.343749999999987e-05
93,25,0.110625,0.159375,2.3437499999999763e-05
93,26,0.110625,0.16562499999999997,2.343749999999987e-05
93,27,0.110625,0.171875,2.343749999999987e-05
93,28,0.110625,0.17812499999999998,2.343749999999987e-05
93,29,0.110625,0.18437499999999998,2.3437499999999763e-05
93,30,0.110625,0.190625,2.343749999999987e-05
93,31,0.110625,0.19687499999999997,2.343749999999987e-05
93,32,0.110625,0.203125,2.343749999999987e-05
93,33,0.110625,0.20937499999999998,2.343749999999987e-05
93,34,0.110625,0.21562499999999998,2.3437499999999763e-05
93,35,0.110625,0.221875,2.343749999999987e-05
93,36,0.110625,0.22812499999999997,2.343749999999987e-05
93,37,0.110625,0.234375,2.343749999999987e-05
93,38,0.110625,0.24062499999999998,2.3437499999999763e-05
93,39,0.110625,0.24687499999999996,2.343749999999987e-05
93,40,0.110625,0.253125,2.343749999999987e-05
93,41,0.110625,0.25937499999999997,2.3437499999999763e-05
93,42,0.110625,0.265625,2.3437499999999973e-05
93,43,0.110625,0.271875,2.3437499999999763e-05
93,44,0.110625,0.27812499999999996,2.3437499999999973e-05
93,45,0.110625,0.284375,2.3437499999999763e-05
93,46,0.110625,0.29062499999999997,2.3437499999999763e-05
93,47,0.110625,0.296875,2.3437499999999973e-05
93,48,0.110625,0.303125,2.3437499999999763e-05
93,49,0.110625,0.30937499999999996,2.3437499999999973e-05
93,50,0.110625,0.315625,2.3437499999999763e-05
93,51,0.110625,0.32187499999999997,2.3437499999999763e-05
93,52,0.110625,0.328125,2.3437499999999973e-05
93,53,0.110625,0.334375,2.3437499999999763e-05
93,54,0.110625,0.34062499999999996,2.3437499999999763e-05
93,55,0.110625,0.34687499999999993,2.3437499999999973e-05
93,56,0.110625,0.35312499999999997,2.3437499999999763e-05
93,57,0.110625,0.359375,2.3437499999999973e-05
93,58,0.110625,0.365625,2.3437499999999763e-05
93,59,0.110625,0.37187499999999996,2.3437499999999763e-05
93,60,0.110625,0.37812499999999993,2.3437499999999973e-05
93,61,0.110625,0.38437499999999997,2.3437499999999763e-05
93,62,0.110625,0.390625,2.3437499999999973e-05
93,63,0.110625,0.396875,2.3437499999999763e-05
93,64,0.110625,0.40312499999999996,2.3437499999999763e-05
93,65,0.110625,0.40937499999999993,2.3437499999999973e-05
93,66,0.110625,0.41562499999999997,2.3437499999999763e-05
93,67,0.110625,0.421875,2.3437499999999973e-05
93,68,0.110625,0.428125,2.3437499999999763e-05
93,69,0.110625,0.43437499999999996,2.3437499999999763e-05
93,70,0.110625,0.44062499999999993,2.3437499999999973e-05
93,71,0.110625,0.44687499999999997,2.3437499999999763e-05
93,72,0.110625,0.453125,2.3437499999999973e-05
93,73,0.110625,0.459375,2.3437499999999763e-05
93,74,0.110625,0.46562499999999996,2.3437499999999763e-05
93,75,0.110625,0.47187499999999993,2.3437499999999973e-05
93,76,0.110625,0.47812499999999997,2.3437499999999763e-05
93,77,0.110625,0.48437499999999994,2.3437499999999763e-05
93,78,0.110625,0.490625,2.3437499999999973e-05
93,79,0.110625,0.49687499999999996,2.3437499999999763e-05
93,80,0.110625,0.5031249999999999,2.3437499999999973e-05
93,81,0.110625,0.5093749999999999,2.3437499999999763e-05
93,82,0.110625,0.515625,2.3437499999999763e-05
93,83,0.110625,0.5218749999999999,2.3437499999999763e-05
93,84,0.110625,0.528125,2.343750000000018e-05
93,85,0.110625,0.534375,2.3437499999999763e-05
93,86,0.110625,0.5406249999999999,2.3437499999999763e-05
93,87,0.110625,0.546875,2.3437499999999763e-05
93,88,0.110625,0.5531249999999999,2.3437499999999763e-05
93,89,0.110625,0.559375,2.343750000000018e-05
93,90,0.110625,0.565625,2.3437499999999763e-05
93,91,0.110625,0.5718749999999999,2.3437499999999763e-05
93,92,0.110625,0.578125,2.3437499999999763e-05
93,93,0.110625,0.5843749999999999,2.3437499999999763e-05
93,94,0.110625,0.590625,2.343750000000018e-05
93,95,0.110625,0.596875,2.3437499999999763e-05
94,0,0.114375,0.0031249999999999997,2.3437500000000194e-05
94,1,0.114375,0.009375,2.3437500000000194e-05
94,2,0.114375,0.015625,2.3437500000000197e-05
94,3,0.114375,0.021875,2.343750000000019e-05
94,4,0.114375,0.028124999999999997,2.343750000000019e-05
94,5,0.114375,0.034374999999999996,2.3437500000000204e-05
94,6,0.114375,0.040624999999999994,2.343750000000019e-05
94,7,0.114375,0.046875,2.343750000000019e-05
94,8,0.114375,0.05312499999999999,2.343750000000019e-05
94,9,0.114375,0.059375,2.343750000000019e-05
94,10,0.114375,0.06562499999999999,2.343750000000019e-05
94,11,0.114375,0.071875,2.3437500000000214e-05
94,12,0.114375,0.078125,2.3437500000000163e-05
94,13,0.114375,0.08437499999999999,2.3437500000000214e-05
94,14,0.114375,0.09062499999999998,2.3437500000000163e-05
94,15,0.114375,0.09687499999999999,2.3437500000000214e-05
94,16,0.114375,0.103125,2.3437500000000214e-05
94,17,0.114375,0.109375,2.3437500000000163e-05
94,18,0.114375,0.11562499999999999,2.3437500000000214e-05
94,19,0.114375,0.12187499999999998,2.3437500000000163e-05
94,20,0.114375,0.128125,2.3437500000000163e-05
94,21,0.114375,0.13437499999999997,2.3437500000000214e-05
94,22,0.114375,0.140625,2.3437500000000214e-05
94,23,0.114375,0.14687499999999998,2.3437500000000214e-05
94,24,0.114375,0.153125,2.3437500000000214e-05
94,25,0.114375,0.159375,2.3437500000000112e-05
94,26,0.114375,0.16562499999999997,2.3437500000000214e-05
94,27,0.114375,0.171875,2.3437500000000214e-05
94,28,0.114375,0.17812499999999998,2.3437500000000214e-05
94,29,0.114375,0.18437499999999998,2.3437500000000112e-05
94,30,0.114375,0.190625,2.3437500000000214e-05
94,31,0.114375,0.19687499999999997,2.3437500000000214e-05
94,32,0.114375,0.203125,2.3437500000000214e-05
94,33,0.114375,0.20937499999999998,2.3437500000000214e-05
94,34,0.114375,0.21562499999999998,2.3437500000000112e-05
94,35,0.114375,0.221875,2.3437500000000214e-05
94,36,0.114375,0.22812499999999997,2.3437500000000214e-05
94,37,0.114375,0.234375,2.3437500000000214e-05
94,38,0.114375,0.24062499999999998,2.3437500000000112e-05
94,39,0.114375,0.24687499999999996,2.3437500000000214e-05
94,40,0.114375,0.253125,2.3437500000000214e-05
94,41,0.114375,0.25937499999999997,2.3437500000000112e-05
94,42,0.114375,0.265625,2.343750000000032e-05
94,43,0.114375,0.271875,2.3437500000000112e-05
94,44,0.114375,0.27812499999999996,2.343750000000032e-05
94,45,0.114375,0.284375,2.3437500000000112e-05
94,46,0.114375,0.29062499999999997,2.3437500000000112e-05
94,47,0.114375,0.296875,2.343750000000032e-05
94,48,0.114375,0.303125,2.3437500000000112e-05
94,49,0.114375,0.30937499999999996,2.343750000000032e-05
94,50,0.114375,0.315625,2.3437500000000112e-05
94,51,0.114375,0.32187499999999997,2.3437500000000112e-05
94,52,0.114375,0.328125,2.343750000000032e-05
94,53,0.114375,0.334375,2.3437500000000112e-05
94,54,0.114375,0.34062499999999996,2.3437500000000112e-05
94,55,0.114375,0.34687499999999993,2.343750000000032e-05
94,56,0.114375,0.35312499999999997,2.3437500000000112e-05
94,57,0.114375,0.359375,2.343750000000032e-05
94,58,0.114375,0.365625,2.3437500000000112e-05
94,59,0.114375,0.37187499999999996,2.3437500000000112e-05
94,60,0.114375,0.37812499999999993,2.343750000000032e-05
94,61,0.114375,0.38437499999999997,2.3437500000000112e-05
94,62,0.114375,0.390625,2.343750000000032e-05
94,63,0.114375,0.396875,2.3437500000000112e-05
94,64,0.114375,0.40312499999999996,2.3437500000000112e-05
94,65,0.114375,0.40937499999999993,2.343750000000032e-05
94,66,0.114375,0.41562499999999997,2.3437500000000112e-05
94,67,0.114375,0.421875,2.343750000000032e-05
94,68,0.114375,0.428125,2.3437500000000112e-05
94,69,0.114375,0.43437499999999996,2.3437500000000112e-05
94,70,0.114375,0.44062499999999993,2.343750000000032e-05
94,71,0.114375,0.44687499999999997,2.3437500000000112e-05
94,72,0.114375,0.453125,2.343750000000032e-05
94,73,0.114375,0.459375,2.3437500000000112e-05
94,74,0.114375,0.46562499999999996,2.3437500000000112e-05
94,75,0.114375,0.47187499999999993,2.343750000000032e-05
94,76,0.114375,0.47812499999999997,2.3437500000000112e-05
94,77,0.114375,0.48437499999999994,2.3437500000000112e-05
94,78,0.114375,0.490625,2.343750000000032e-05
94,79,0.114375,0.49687499999999996,2.3437500000000112e-05
94,80,0.114375,0.5031249999999999,2.343750000000032e-05
94,81,0.114375,0.5093749999999999,2.3437500000000112e-05
94,82,0.114375,0.515625,2.3437500000000112e-05
94,83,0.114375,0.5218749999999999,2.3437500000000112e-05
94,84,0.114375,0.528125,2.343750000000053e-05
94,85,0.114375,0.534375,2.3437500000000112e-05
94,86,0.114375,0.5406249999999999,2.3437500000000112e-05
94,87,0.114375,0.546875,2.3437500000000112e-05
94,88,0.114375,0.5531249999999999,2.3437500000000112e-05
94,89,0.114375,0.559375,2.343750000000053e-05
94,90,0.114375,0.565625,2.3437500000000112e-05
94,91,0.114375,0.5718749999999999,2.3437500000000112e-05
94,92,0.114375,0.578125,2.3437500000000112e-05
94,93,0.114375,0.5843749999999999,2.3437500000000112e-05
94,94,0.114375,0.590625,2.343750000000053e-05
94,95,0.114375,0.596875,2.3437500000000112e-05
95,0,0.11812500000000001,0.0031249999999999997,2.3437499999999845e-05
95,1,0.11812500000000001,0.009375,2.3437499999999845e-05
95,2,0.11812500000000001,0.015625,2.3437499999999848e-05
95,3,0.11812500000000001,0.021875,2.343749999999984e-05
95,4,0.11812500000000001,0.028124999999999997,2.343749999999984e-05
95,5,0.11812500000000001,0.034374999999999996,2.3437499999999855e-05
95,6,0.11812500000000001,0.040624999999999994,2.343749999999984e-05
95,7,0.11812500000000001,0.046875,2.343749999999984e-05
95,8,0.11812500000000001,0.05312499999999999,2.343749999999984e-05
95,9,0.11812500000000001,0.059375,2.343749999999984e-05
95,10,0.11812500000000001,0.06562499999999999,2.343749999999984e-05
95,11,0.11812500000000001,0.071875,2.343749999999987e-05
95,12,0.11812500000000001,0.078125,2.3437499999999818e-05
95,13,0.11812500000000001,0.08437499999999999,2.343749999999987e-05
95,14,0.11812500000000001,0.09062499999999998,2.3437499999999818e-05
95,15,0.11812500000000001,0.09687499999999999,2.343749999999987e-05
95,16,0.11812500000000001,0.103125,2.343749999999987e-05
95,17,0.11812500000000001,0.109375,2.3437499999999818e-05
95,18,0.11812500000000001,0.11562499999999999,2.343749999999987e-05
95,19,0.11812500000000001,0.12187499999999998,2.3437499999999818e-05
95,20,0.11812500000000001,0.128125,2.3437499999999818e-05
95,21,0.11812500000000001,0.13437499999999997,2.343749999999987e-05
95,22,0.11812500000000001,0.140625,2.343749999999987e-05
95,23,0.11812500000000001,0.14687499999999998,2.343749999999987e-05
95,24,0.11812500000000001,0.153125,2.343749999999987e-05
95,25,0.11812500000000001,0.159375,2.3437499999999763e-05
95,26,0.11812500000000001,0.16562499999999997,2.343749999999987e-05
95,27,0.11812500000000001,0.171875,2.343749999999987e-05
95,28,0.11812500000000001,0.17812499999999998,2.343749999999987e-05
95,29,0.11812500000000001,0.18437499999999998,2.3437499999999763e-05
95,30,0.11812500000000001,0.190625,2.343749999999987e-05
95,31,0.11812500000000001,0.19687499999999997,2.343749999999987e-05
95,32,0.11812500000000001,0.203125,2.343749999999987e-05
95,33,0.11812500000000001,0.20937499999999998,2.343749999999987e-05
95,34,0.11812500000000001,0.21562499999999998,2.3437499999999763e-05
95,35,0.11812500000000001,0.221875,2.343749999999987e-05
95,36,0.11812500000000001,0.22812499999999997,2.343749999999987e-05
95,37,0.11812500000000001,0.234375,2.343749999999987e-05
95,38,0.11812500000000001,0.24062499999999998,2.3437499999999763e-05
95,39,0.11812500000000001,0.24687499999999996,2.343749999999987e-05
95,40,0.11812500000000001,0.253125,2.343749999999987e-05
95,41,0.11812500000000001,0.25937499999999997,2.3437499999999763e-05
95,42,0.11812500000000001,0.265625,2.3437499999999973e-05
95,43,0.11812500000000001,0.271875,2.3437499999999763e-05
95,44,0.11812500000000001,0.27812499999999996,2.3437499999999973e-05
95,45,0.11812500000000001,0.284375,2.3437499999999763e-05
95,46,0.11812500000000001,0.29062499999999997,2.3437499999999763e-05
95,47,0.11812500000000001,0.296875,2.3437499999999973e-05
95,48,0.11812500000000001,0.303125,2.3437499999999763e-05
95,49,0.11812500000000001,0.30937499999999996,2.3437499999999973e-05
95,50,0.11812500000000001,0.315625,2.3437499999999763e-05
95,51,0.11812500000000001,0.32187499999999997,2.3437499999999763e-05
95,52,0.11812500000000001,0.328125,2.3437499999999973e-05
95,53,0.11812500000000001,0.334375,2.3437499999999763e-05
95,54,0.11812500000000001,0.34062499999999996,2.3437499999999763e-05
95,55,0.11812500000000001,0.34687499999999993,2.3437499999999973e-05
95,56,0.11812500000000001,0.35312499999999997,2.3437499999999763e-05
95,57,0.11812500000000001,0.359375,2.3437499999999973e-05
95,58,0.11812500000000001,0.365625,2.3437499999999763e-05
95,59,0.11812500000000001,0.37187499999999996,2.3437499999999763e-05
95,60,0.11812500000000001,0.37812499999999993,2.3437499999999973e-05
95,61,0.11812500000000001,0.38437499999999997,2.3437499999999763e-05
95,62,0.11812500000000001,0.390625,2.3437499999999973e-05
95,63,0.11812500000000001,0.396875,2.3437499999999763e-05
95,64,0.11812500000000001,0.40312499999999996,2.3437499999999763e-05
95,65,0.11812500000000001,0.40937499999999993,2.3437499999999973e-05
95,66,0.11812500000000001,0.41562499999999997,2.3437499999999763e-05
95,67,0.11812500000000001,0.421875,2.3437499999999973e-05
95,68,0.11812500000000001,0.428125,2.3437499999999763e-05
95,69,0.11812500000000001,0.43437499999999996,2.3437499999999763e-05
95,70,0.11812500000000001,0.44062499999999993,2.3437499999999973e-05
95,71,0.11812500000000001,0.44687499999999997,2.3437499999999763e-05
95,72,0.11812500000000001,0.453125,2.3437499999999973e-05
95,73,0.11812500000000001,0.459375,2.3437499999999763e-05
95,74,0.11812500000000001,0.46562499999999996,2.3437499999999763e-05
95,75,0.11812500000000001,0.47187499999999993,2.3437499999999973e-05
95,76,0.11812500000000001,0.47812499999999997,2.3437499999999763e-05
95,77,0.11812500000000001,0.48437499999999994,2.3437499999999763e-05
95,78,0.11812500000000001,0.490625,2.3437499999999973e-05
95,79,0.11812500000000001,0.49687499999999996,2.3437499999999763e-05
95,80,0.11812500000000001,0.5031249999999999,2.3437499999999973e-05
95,81,0.11812500000000001,0.5093749999999999,2.3437499999999763e-05
95,82,0.11812500000000001,0.515625,2.3437499999999763e-05
95,83,0.11812500000000001,0.5218749999999999,2.3437499999999763e-05
95,84,0.11812500000000001,0.528125,2.343750000000018e-05
95,85,0.11812500000000001,0.534375,2.3437499999999763e-05
95,86,0.11812500000000001,0.5406249999999999,2.3437499999999763e-05
95,87,0.11812500000000001,0.546875,2.3437499999999763e-05
95,88,0.11812500000000001,0.5531249999999999,2.3437499999999763e-05
95,89,0.11812500000000001,0.559375,2.343750000000018e-05
95,90,0.11812500000000001,0.565625,2.3437499999999763e-05
95,91,0.11812500000000001,0.5718749999999999,2.3437499999999763e-05
95,92,0.11812500000000001,0.578125,2.3437499999999763e-05
95,93,0.11812500000000001,0.5843749999999999,2.3437499999999763e-05
95,94,0.11812500000000001,0.590625,2.343750000000018e-05
95,95,0.11812500000000001,0.596875,2.3437499999999763e-05
96,0,0.12187499999999998,0.0031249999999999997,2.3437499999999845e-05
96,1,0.12187499999999998,0.009375,2.3437499999999845e-05
96,2,0.12187499999999998,0.015625,2.3437499999999848e-05
96,3,0.12187499999999998,0.021875,2.343749999999984e-05
96,4,0.12187499999999998,0.028124999999999997,2.343749999999984e-05
96,5,0.12187499999999998,0.034374999999999996,2.3437499999999855e-05
96,6,0.12187499999999998,0.040624999999999994,2.343749999999984e-05
96,7,0.12187499999999998,0.046875,2.343749999999984e-05
96,8,0.12187499999999998,0.05312499999999999,2.343749999999984e-05
96,9,0.12187499999999998,0.059375,2.343749999999984e-05
96,10,0.12187499999999998,0.06562499999999999,2.343749999999984e-05
96,11,0.12187499999999998,0.071875,2.343749999999987e-05
96,12,0.12187499999999998,0.078125,2.3437499999999818e-05
96,13,0.12187499999999998,0.08437499999999999,2.343749999999987e-05
96,14,0.12187499999999998,0.09062499999999998,2.3437499999999818e-05
96,15,0.12187499999999998,0.09687499999999999,2.343749999999987e-05
96,16,0.12187499999999998,0.103125,2.343749999999987e-05
96,17,0.12187499999999998,0.109375,2.3437499999999818e-05
96,18,0.12187499999999998,0.11562499999999999,2.343749999999987e-05
96,19,0.12187499999999998,0.12187499999999998,2.3437499999999818e-05
96,20,0.12187499999999998,0.128125,2.3437499999999818e-05
96,21,0.12187499999999998,0.13437499999999997,2.343749999999987e-05
96,22,0.12187499999999998,0.140625,2.343749999999987e-05
96,23,0.12187499999999998,0.14687499999999998,2.343749999999987e-05
96,24,0.12187499999999998,0.153125,2.343749999999987e-05
96,25,0.12187499999999998,0.159375,2.3437499999999763e-05
96,26,0.12187499999999998,0.16562499999999997,2.343749999999987e-05
96,27,0.12187499999999998,0.171875,2.343749999999987e-05
96,28,0.12187499999999998,0.17812499999999998,2.343749999999987e-05
96,29,0.12187499999999998,0.18437499999999998,2.3437499999999763e-05
96,30,0.12187499999999998,0.190625,2.343749999999987e-05
96,31,0.12187499999999998,0.19687499999999997,2.343749999999987e-05
96,32,0.12187499999999998,0.203125,2.343749999999987e-05
96,33,0.12187499999999998,0.20937499999999998,2.343749999999987e-05
96,34,0.12187499999999998,0.21562499999999998,2.3437499999999763e-05
96,35,0.12187499999999998,0.221875,2.343749999999987e-05
96,36,0.12187499999999998,0.22812499999999997,2.343749999999987e-05
96,37,0.12187499999999998,0.234375,2.343749999999987e-05
96,38,0.12187499999999998,0.24062499999999998,2.3437499999999763e-05
96,39,0.12187499999999998,0.24687499999999996,2.343749999999987e-05
96,40,0.12187499999999998,0.253125,2.343749999999987e-05
96,41,0.12187499999999998,0.25937499999999997,2.3437499999999763e-05
96,42,0.12187499999999998,0.265625,2.3437499999999973e-05
96,43,0.12187499999999998,0.271875,2.3437499999999763e-05
96,44,0.12187499999999998,0.27812499999999996,2.3437499999999973e-05
96,45,0.12187499999999998,0.284375,2.3437499999999763e-05
96,46,0.12187499999999998,0.29062499999999997,2.3437499999999763e-05
96,47,0.12187499999999998,0.296875,2.3437499999999973e-05
96,48,0.12187499999999998,0.303125,2.3437499999999763e-05
96,49,0.12187499999999998,0.30937499999999996,2.3437499999999973e-05
96,50,0.12187499999999998,0.315625,2.3437499999999763e-05
96,51,0.12187499999999998,0.32187499999999997,2.3437499999999763e-05
96,52,0.12187499999999998,0.328125,2.3437499999999973e-05
96,53,0.12187499999999998,0.334375,2.3437499999999763e-05
96,54,0.12187499999999998,0.34062499999999996,2.3437499999999763e-05
96,55,0.12187499999999998,0.34687499999999993,2.3437499999999973e-05
96,56,0.12187499999999998,0.35312499999999997,2.3437499999999763e-05
96,57,0.12187499999999998,0.359375,2.3437499999999973e-05
96,58,0.12187499999999998,0.365625,2.3437499999999763e-05
96,59,0.12187499999999998,0.37187499999999996,2.3437499999999763e-05
96,60,0.12187499999999998,0.37812499999999993,2.3437499999999973e-05
96,61,0.12187499999999998,0.38437499999999997,2.3437499999999763e-05
96,62,0.12187499999999998,0.390625,2.3437499999999973e-05
96,63,0.12187499999999998,0.396875,2.3437499999999763e-05
96,64,0.12187499999999998,0.40312499999999996,2.3437499999999763e-05
96,65,0.12187499999999998,0.40937499999999993,2.3437499999999973e-05
96,66,0.12187499999999998,0.41562499999999997,2.3437499999999763e-05
96,67,0.12187499999999998,0.421875,2.3437499999999973e-05
96,68,0.12187499999999998,0.428125,2.3437499999999763e-05
96,69,0.12187499999999998,0.43437499999999996,2.3437499999999763e-05
96,70,0.12187499999999998,0.44062499999999993,2.3437499999999973e-05
96,71,0.12187499999999998,0.44687499999999997,2.3437499999999763e-05
96,72,0.12187499999999998,0.453125,2.3437499999999973e-05
96,73,0.12187499999999998,0.459375,2.3437499999999763e-05
96,74,0.12187499999999998,0.46562499999999996,2.3437499999999763e-05
96,75,0.12187499999999998,0.47187499999999993,2.3437499999999973e-05
96,76,0.12187499999999998,0.47812499999999997,2.3437499999999763e-05
96,77,0.12187499999999998,0.48437499999999994,2.3437499999999763e-05
96,78,0.12187499999999998,0.490625,2.3437499999999973e-05
96,79,0.12187499999999998,0.49687499999999996,2.3437499999999763e-05
96,80,0.12187499999999998,0.5031249999999999,2.3437499999999973e-05
96,81,0.12187499999999998,0.5093749999999999,2.3437499999999763e-05
96,82,0.12187499999999998,0.515625,2.3437499999999763e-05
96,83,0.12187499999999998,0.5218749999999999,2.3437499999999763e-05
96,84,0.12187499999999998,0.528125,2.343750000000018e-05
96,85,0.12187499999999998,0.534375,2.3437499999999763e-05
96,86,0.12187499999999998,0.5406249999999999,2.3437499999999763e-05
96,87,0.12187499999999998,0.546875,2.3437499999999763e-05
96,88,0.12187499999999998,0.5531249999999999,2.3437499999999763e-05
96,89,0.12187499999999998,0.559375,2.343750000000018e-05
96,90,0.12187499999999998,0.565625,2.3437499999999763e-05
96,91,0.12187499999999998,0.5718749999999999,2.3437499999999763e-05
96,92,0.12187499999999998,0.578125,2.3437499999999763e-05
96,93,0.12187499999999998,0.5843749999999999,2.3437499999999763e-05
96,94,0.12187499999999998,0.590625,2.343750000000018e-05
96,95,0.12187499999999998,0.596875,2.3437499999999763e-05
97,0,0.125625,0.0031249999999999997,2.3437500000000194e-05
97,1,0.125625,0.009375,2.3437500000000194e-05
97,2,0.125625,0.015625,2.3437500000000197e-05
97,3,0.125625,0.021875,2.343750000000019e-05
97,4,0.125625,0.028124999999999997,2.343750000000019e-05
97,5,0.125625,0.034374999999999996,2.3437500000000204e-05
97,6,0.125625,0.040624999999999994,2.343750000000019e-05
97,7,0.125625,0.046875,2.343750000000019e-05
97,8,0.125625,0.05312499999999999,2.343750000000019e-05
97,9,0.125625,0.059375,2.343750000000019e-05
97,10,0.125625,0.06562499999999999,2.343750000000019e-05
97,11,0.125625,0.071875,2.3437500000000214e-05
97,12,0.125625,0.078125,2.3437500000000163e-05
97,13,0.125625,0.08437499999999999,2.3437500000000214e-05
97,14,0.125625,0.09062499999999998,2.3437500000000163e-05
97,15,0.125625,0.09687499999999999,2.3437500000000214e-05
97,16,0.125625,0.103125,2.3437500000000214e-05
97,17,0.125625,0.109375,2.3437500000000163e-05
97,18,0.125625,0.11562499999999999,2.3437500000000214e-05
97,19,0.125625,0.12187499999999998,2.3437500000000163e-05
97,20,0.125625,0.128125,2.3437500000000163e-05
97,21,0.125625,0.13437499999999997,2.3437500000000214e-05
97,22,0.125625,0.140625,2.3437500000000214e-05
97,23,0.125625,0.14687499999999998,2.3437500000000214e-05
97,24,0.125625,0.153125,2.3437500000000214e-05
97,25,0.125625,0.159375,2.3437500000000112e-05
97,26,0.125625,0.16562499999999997,2.3437500000000214e-05
97,27,0.125625,0.171875,2.3437500000000214e-05
97,28,0.125625,0.17812499999999998,2.3437500000000214e-05
97,29,0.125625,0.18437499999999998,2.3437500000000112e-05
97,30,0.125625,0.190625,2.3437500000000214e-05
97,31,0.125625,0.19687499999999997,2.3437500000000214e-05
97,32,0.125625,0.203125,2.3437500000000214e-05
97,33,0.125625,0.20937499999999998,2.3437500000000214e-05
97,34,0.125625,0.21562499999999998,2.3437500000000112e-05
97,35,0.125625,0.221875,2.3437500000000214e-05
97,36,0.125625,0.22812499999999997,2.3437500000000214e-05
97,37,0.125625,0.234375,2.3437500000000214e-05
97,38,0.125625,0.24062499999999998,2.3437500000000112e-05
97,39,0.125625,0.24687499999999996,2.3437500000000214e-05
97,40,0.125625,0.253125,2.3437500000000214e-05
97,41,0.125625,0.25937499999999997,2.3437500000000112e-05
97,42,0.125625,0.265625,2.343750000000032e-05
97,43,0.125625,0.271875,2.3437500000000112e-05
97,44,0.125625,0.27812499999999996,2.343750000000032e-05
97,45,0.125625,0.284375,2.3437500000000112e-05
97,46,0.125625,0.29062499999999997,2.3437500000000112e-05
97,47,0.125625,0.296875,2.343750000000032e-05
97,48,0.125625,0.303125,2.3437500000000112e-05
97,49,0.125625,0.30937499999999996,2.343750000000032e-05
97,50,0.125625,0.315625,2.3437500000000112e-05
97,51,0.125625,0.32187499999999997,2.3437500000000112e-05
97,52,0.125625,0.328125,2.343750000000032e-05
97,53,0.125625,0.334375,2.3437500000000112e-05
97,54,0.125625,0.34062499999999996,2.3437500000000112e-05
97,55,0.125625,0.34687499999999993,2.343750000000032e-05
97,56,0.125625,0.35312499999999997,2.3437500000000112e-05
97,57,0.125625,0.359375,2.343750000000032e-05
97,58,0.125625,0.365625,2.3437500000000112e-05
97,59,0.125625,0.37187499999999996,2.3437500000000112e-05
97,60,0.125625,0.37812499999999993,2.343750000000032e-05
97,61,0.125625,0.38437499999999997,2.3437500000000112e-05
97,62,0.125625,0.390625,2.343750000000032e-05
97,63,0.125625,0.396875,2.3437500000000112e-05
97,64,0.125625,0.40312499999999996,2.3437500000000112e-05
97,65,0.125625,0.40937499999999993,2.343750000000032e-05
97,66,0.125625,0.41562499999999997,2.3437500000000112e-05
97,67,0.125625,0.421875,2.343750000000032e-05
97,68,0.125625,0.428125,2.3437500000000112e-05
97,69,0.125625,0.43437499999999996,2.3437500000000112e-05
97,70,0.125625,0.44062499999999993,2.343750000000032e-05
97,71,0.125625,0.44687499999999997,2.3437500000000112e-05
97,72,0.125625,0.453125,2.343750000000032e-05
97,73,0.125625,0.459375,2.3437500000000112e-05
97,74,0.125625,0.46562499999999996,2.3437500000000112e-05
97,75,0.125625,0.47187499999999993,2.343750000000032e-05
97,76,0.125625,0.47812499999999997,2.3437500000000112e-05
97,77,0.125625,0.48437499999999994,2.3437500000000112e-05
97,78,0.125625,0.490625,2.343750000000032e-05
97,79,0.125625,0.49687499999999996,2.3437500000000112e-05
97,80,0.125625,0.5031249999999999,2.343750000000032e-05
97,81,0.125625,0.5093749999999999,2.3437500000000112e-05
97,82,0.125625,0.515625,2.3437500000000112e-05
97,83,0.125625,0.5218749999999999,2.3437500000000112e-05
97,84,0.125625,0.528125,2.343750000000053e-05
97,85,0.125625,0.534375,2.3437500000000112e-05
97,86,0.125625,0.5406249999999999,2.3437500000000112e-05
97,87,0.125625,0.546875,2.3437500000000112e-05
97,88,0.125625,0.5531249999999999,2.3437500000000112e-05
97,89,0.125625,0.559375,2.343750000000053e-05
97,90,0.125625,0.565625,2.3437500000000112e-05
97,91,0.125625,0.5718749999999999,2.3437500000000112e-05
97,92,0.125625,0.578125,2.3437500000000112e-05
97,93,0.125625,0.5843749999999999,2.3437500000000112e-05
97,94,0.125625,0.590625,2.343750000000053e-05
97,95,0.125625,0.596875,2.3437500000000112e-05
98,0,0.129375,0.0031249999999999997,2.3437499999999845e-05
98,1,0.129375,0.009375,2.3437499999999845e-05
98,2,0.129375,0.015625,2.3437499999999848e-05
98,3,0.129375,0.021875,2.343749999999984e-05
98,4,0.129375,0.028124999999999997,2.343749999999984e-05
98,5,0.129375,0.034374999999999996,2.3437499999999855e-05
98,6,0.129375,0.040624999999999994,2.343749999999984e-05
98,7,0.129375,0.046875,2.343749999999984e-05
98,8,0.129375,0.05312499999999999,2.343749999999984e-05
98,9,0.129375,0.059375,2.343749999999984e-05
98,10,0.129375,0.06562499999999999,2.343749999999984e-05
98,11,0.129375,0.071875,2.343749999999987e-05
98,12,0.129375,0.078125,2.3437499999999818e-05
98,13,0.129375,0.08437499999999999,2.343749999999987e-05
98,14,0.129375,0.09062499999999998,2.3437499999999818e-05
98,15,0.129375,0.09687499999999999,2.343749999999987e-05
98,16,0.129375,0.103125,2.343749999999987e-05
98,17,0.129375,0.109375,2.3437499999999818e-05
98,18,0.129375,0.11562499999999999,2.343749999999987e-05
98,19,0.129375,0.12187499999999998,2.3437499999999818e-05
98,20,0.129375,0.128125,2.3437499999999818e-05
98,21,0.129375,0.13437499999999997,2.343749999999987e-05
98,22,0.129375,0.140625,2.343749999999987e-05
98,23,0.129375,0.14687499999999998,2.343749999999987e-05
98,24,0.129375,0.153125,2.343749999999987e-05
98,25,0.129375,0.159375,2.3437499999999763e-05
98,26,0.129375,0.16562499999999997,2.343749999999987e-05
98,27,0.129375,0.171875,2.343749999999987e-05
98,28,0.129375,0.17812499999999998,2.343749999999987e-05
98,29,0.129375,0.18437499999999998,2.3437499999999763e-05
98,30,0.129375,0.190625,2.343749999999987e-05
98,31,0.129375,0.19687499999999997,2.343749999999987e-05
98,32,0.129375,0.203125,2.343749999999987e-05
98,33,0.129375,0.20937499999999998,2.343749999999987e-05
98,34,0.129375,0.21562499999999998,2.3437499999999763e-05
98,35,0.129375,0.221875,2.343749999999987e-05
98,36,0.129375,0.22812499999999997,2.343749999999987e-05
98,37,0.129375,0.234375,2.343749999999987e-05
98,38,0.129375,0.24062499999999998,2.3437499999999763e-05
98,39,0.129375,0.24687499999999996,2.343749999999987e-05
98,40,0.129375,0.253125,2.343749999999987e-05
98,41,0.129375,0.25937499999999997,2.3437499999999763e-05
98,42,0.129375,0.265625,2.3437499999999973e-05
98,43,0.129375,0.271875,2.3437499999999763e-05
98,44,0.129375,0.27812499999999996,2.3437499999999973e-05
98,45,0.129375,0.284375,2.3437499999999763e-05
98,46,0.129375,0.29062499999999997,2.3437499999999763e-05
98,47,0.129375,0.296875,2.3437499999999973e-05
98,48,0.129375,0.303125,2.3437499999999763e-05
98,49,0.129375,0.30937499999999996,2.3437499999999973e-05
98,50,0.129375,0.315625,2.3437499999999763e-05
98,51,0.129375,0.32187499999999997,2.3437499999999763e-05
98,52,0.129375,0.328125,2.3437499999999973e-05
98,53,0.129375,0.334375,2.3437499999999763e-05
98,54,0.129375,0.34062499999999996,2.3437499999999763e-05
98,55,0.129375,0.34687499999999993,2.3437499999999973e-05
98,56,0.129375,0.35312499999999997,2.3437499999999763e-05
98,57,0.129375,0.359375,2.3437499999999973e-05
98,58,0.129375,0.365625,2.3437499999999763e-05
98,59,0.129375,0.37187499999999996,2.3437499999999763e-05
98,60,0.129375,0.37812499999999993,2.3437499999999973e-05
98,61,0.129375,0.38437499999999997,2.3437499999999763e-05
98,62,0.129375,0.390625,2.3437499999999973e-05
98,63,0.129375,0.396875,2.3437499999999763e-05
98,64,0.129375,0.40312499999999996,2.3437499999999763e-05
98,65,0.129375,0.40937499999999993,2.3437499999999973e-05
98,66,0.129375,0.41562499999999997,2.3437499999999763e-05
98,67,0.129375,0.421875,2.3437499999999973e-05
98,68,0.129375,0.428125,2.3437499999999763e-05
98,69,0.129375,0.43437499999999996,2.3437499999999763e-05
98,70,0.129375,0.44062499999999993,2.3437499999999973e-05
98,71,0.129375,0.44687499999999997,2.3437499999999763e-05
98,72,0.129375,0.453125,2.3437499999999973e-05
98,73,0.129375,0.459375,2.3437499999999763e-05
98,74,0.129375,0.46562499999999996,2.3437499999999763e-05
98,75,0.129375,0.47187499999999993,2.3437499999999973e-05
98,76,0.129375,0.47812499999999997,2.3437499999999763e-05
98,77,0.129375,0.48437499999999994,2.3437499999999763e-05
98,78,0.129375,0.490625,2.3437499999999973e-05
98,79,0.129375,0.49687499999999996,2.3437499999999763e-05
98,80,0.129375,0.5031249999999999,2.3437499999999973e-05
98,81,0.129375,0.5093749999999999,2.3437499999999763e-05
98,82,0.129375,0.515625,2.3437499999999763e-05
98,83,0.129375,0.5218749999999999,2.3437499999999763e-05
98,84,0.129375,0.528125,2.343750000000018e-05
98,85,0.129375,0.534375,2.3437499999999763e-05
98,86,0.129375,0.5406249999999999,2.3437499999999763e-05
98,87,0.129375,0.546875,2.3437499999999763e-05
98,88,0.129375,0.5531249999999999,2.3437499999999763e-05
98,89,0.129375,0.559375,2.343750000000018e-05
98,90,0.129375,0.565625,2.3437499999999763e-05
98,91,0.129375,0.5718749999999999,2.3437499999999763e-05
98,92,0.129375,0.578125,2.3437499999999763e-05
98,93,0.129375,0.5843749999999999,2.3437499999999763e-05
98,94,0.129375,0.590625,2.343750000000018e-05
98,95,0.129375,0.596875,2.3437499999999763e-05
99,0,0.133125,0.0031249999999999997,2.3437500000000194e-05
99,1,0.133125,0.009375,2.3437500000000194e-05
99,2,0.133125,0.015625,2.3437500000000197e-05
99,3,0.133125,0.021875,2.343750000000019e-05
99,4,0.133125,0.028124999999999997,2.343750000000019e-05
99,5,0.133125,0.034374999999999996,2.3437500000000204e-05
99,6,0.133125,0.040624999999999994,2.343750000000019e-05
99,7,0.133125,0.046875,2.343750000000019e-05
99,8,0.133125,0.05312499999999999,2.343750000000019e-05
99,9,0.133125,0.059375,2.343750000000019e-05
99,10,0.133125,0.06562499999999999,2.343750000000019e-05
99,11,0.133125,0.071875,2.3437500000000214e-05
99,12,0.133125,0.078125,2.3437500000000163e-05
99,13,0.133125,0.08437499999999999,2.3437500000000214e-05
99,14,0.133125,0.09062499999999998,2.3437500000000163e-05
99,15,0.133125,0.09687499999999999,2.3437500000000214e-05
99,16,0.133125,0.103125,2.3437500000000214e-05
99,17,0.133125,0.109375,2.3437500000000163e-05
99,18,0.133125,0.11562499999999999,2.3437500000000214e-05
99,19,0.133125,0.12187499999999998,2.3437500000000163e-05
99,20,0.133125,0.128125,2.3437500000000163e-05
99,21,0.133125,0.13437499999999997,2.3437500000000214e-05
99,22,0.133125,0.140625,2.3437500000000214e-05
99,23,0.133125,0.14687499999999998,2.3437500000000214e-05
99,24,0.133125,0.153125,2.3437500000000214e-05
99,25,0.133125,0.159375,2.3437500000000112e-05
99,26,0.133125,0.16562499999999997,2.3437500000000214e-05
99,27,0.133125,0.171875,2.3437500000000214e-05
99,28,0.133125,0.17812499999999998,2.3437500000000214e-05
99,29,0.133125,0.18437499999999998,2.3437500000000112e-05
99,30,0.133125,0.190625,2.3437500000000214e-05
99,31,0.133125,0.19687499999999997,2.3437500000000214e-05
99,32,0.133125,0.203125,2.3437500000000214e-05
99,33,0.133125,0.20937499999999998,2.3437500000000214e-05
99,34,0.133125,0.21562499999999998,2.3437500000000112e-05
99,35,0.133125,0.221875,2.3437500000000214e-05
99,36,0.133125,0.22812499999999997,2.3437500000000214e-05
99,37,0.133125,0.234375,2.3437500000000214e-05
99,38,0.133125,0.24062499999999998,2.3437500000000112e-05
99,39,0.133125,0.24687499999999996,2.3437500000000214e-05
99,40,0.133125,0.253125,2.3437500000000214e-05
99,41,0.133125,0.25937499999999997,2.3437500000000112e-05
99,42,0.133125,0.265625,2.343750000000032e-05
99,43,0.133125,0.271875,2.3437500000000112e-05
99,44,0.133125,0.27812499999999996,2.343750000000032e-05
99,45,0.133125,0.284375,2.3437500000000112e-05
99,46,0.133125,0.29062499999999997,2.3437500000000112e-05
99,47,0.133125,0.296875,2.343750000000032e-05
99,48,0.133125,0.303125,2.3437500000000112e-05
99,49,0.133125,0.30937499999999996,2.343750000000032e-05
99,50,0.133125,0.315625,2.3437500000000112e-05
99,51,0.133125,0.32187499999999997,2.3437500000000112e-05
99,52,0.133125,0.328125,2.343750000000032e-05
99,53,0.133125,0.334375,2.3437500000000112e-05
99,54,0.133125,0.34062499999999996,2.3437500000000112e-05
99,55,0.133125,0.34687499999999993,2.343750000000032e-05
99,56,0.133125,0.35312499999999997,2.3437500000000112e-05
99,57,0.133125,0.359375,2.343750000000032e-05
99,58,0.133125,0.365625,2.3437500000000112e-05
99,59,0.133125,0.37187499999999996,2.3437500000000112e-05
99,60,0.133125,0.37812499999999993,2.343750000000032e-05
99,61,0.133125,0.38437499999999997,2.3437500000000112e-05
99,62,0.133125,0.390625,2.343750000000032e-05
99,63,0.133125,0.396875,2.3437500000000112e-05
99,64,0.133125,0.40312499999999996,2.3437500000000112e-05
99,65,0.133125,0.40937499999999993,2.343750000000032e-05
99,66,0.133125,0.41562499999999997,2.3437500000000112e-05
99,67,0.133125,0.421875,2.343750000000032e-05
99,68,0.133125,0.428125,2.3437500000000112e-05
99,69,0.133125,0.43437499999999996,2.3437500000000112e-05
99,70,0.133125,0.44062499999999993,2.343750000000032e-05
99,71,0.133125,0.44687499999999997,2.3437500000000112e-05
99,72,0.133125,0.453125,2.343750000000032e-05
99,73,0.133125,0.459375,2.3437500000000112e-05
99,74,0.133125,0.46562499999999996,2.3437500000000112e-05
99,75,0.133125,0.47187499999999993,2.343750000000032e-05
99,76,0.133125,0.47812499999999997,2.3437500000000112e-05
99,77,0.133125,0.48437499999999994,2.3437500000000112e-05
99,78,0.133125,0.490625,2.343750000000032e-05
99,79,0.133125,0.49687499999999996,2.3437500000000112e-05
99,80,0.133125,0.5031249999999999,2.343750000000032e-05
99,81,0.133125,0.5093749999999999,2.3437500000000112e-05
99,82,0.133125,0.515625,2.3437500000000112e-05
99,83,0.133125,0.5218749999999999,2.3437500000000112e-05
99,84,0.133125,0.528125,2.343750000000053e-05
99,85,0.133125,0.534375,2.3437500000000112e-05
99,86,0.133125,0.5406249999999999,2.3437500000000112e-05
99,87,0.133125,0.546875,2.3437500000000112e-05
99,88,0.133125,0.5531249999999999,2.3437500000000112e-05
99,89,0.133125,0.559375,2.343750000000053e-05
99,90,0.133125,0.565625,2.3437500000000112e-05
99,91,0.133125,0.5718749999999999,2.3437500000000112e-05
99,92,0.133125,0.578125,2.3437500000000112e-05
99,93,0.133125,0.5843749999999999,2.3437500000000112e-05
99,94,0.133125,0.590625,2.343750000000053e-05
99,95,0.133125,0.596875,2.3437500000000112e-05
100,0,0.136875,0.0031249999999999997,2.3437499999999845e-05
100,1,0.136875,0.009375,2.3437499999999845e-05
100,2,0.136875,0.015625,2.3437499999999848e-05
100,3,0.136875,0.021875,2.343749999999984e-05
100,4,0.136875,0.028124999999999997,2.343749999999984e-05
100,5,0.136875,0.034374999999999996,2.3437499999999855e-05
100,6,0.136875,0.040624999999999994,2.343749999999984e-05
100,7,0.136875,0.046875,2.343749999999984e-05
100,8,0.136875,0.05312499999999999,2.343749999999984e-05
100,9,0.136875,0.059375,2.343749999999984e-05
100,10,0.136875,0.06562499999999999,2.343749999999984e-05
100,11,0.136875,0.071875,2.343749999999987e-05
100,12,0.136875,0.078125,2.3437499999999818e-05
100,13,0.136875,0.08437499999999999,2.343749999999987e-05
100,14,0.136875,0.09062499999999998,2.3437499999999818e-05
100,15,0.136875,0.09687499999999999,2.343749999999987e-05
100,16,0.136875,0.103125,2.343749999999987e-05
100,17,0.136875,0.109375,2.3437499999999818e-05
100,18,0.136875,0.11562499999999999,2.343749999999987e-05
100,19,0.136875,0.12187499999999998,2.3437499999999818e-05
100,20,0.136875,0.128125,2.3437499999999818e-05
100,21,0.136875,0.13437499999999997,2.343749999999987e-05
100,22,0.136875,0.140625,2.343749999999987e-05
100,23,0.136875,0.14687499999999998,2.343749999999987e-05
100,24,0.136875,0.153125,2.343749999999987e-05
100,25,0.136875,0.159375,2.3437499999999763e-05
100,26,0.136875,0.16562499999999997,2.343749999999987e-05
100,27,0.136875,0.171875,2.343749999999987e-05
100,28,0.136875,0.17812499999999998,2.343749999999987e-05
100,29,0.136875,0.18437499999999998,2.3437499999999763e-05
100,30,0.136875,0.190625,2.343749999999987e-05
100,31,0.136875,0.19687499999999997,2.343749999999987e-05
100,32,0.136875,0.203125,2.343749999999987e-05
100,33,0.136875,0.20937499999999998,2.343749999999987e-05
100,34,0.136875,0.21562499999999998,2.3437499999999763e-05
100,35,0.136875,0.221875,2.343749999999987e-05
100,36,0.136875,0.22812499999999997,2.343749999999987e-05
100,37,0.136875,0.234375,2.343749999999987e-05
100,38,0.136875,0.24062499999999998,2.3437499999999763e-05
100,39,0.136875,0.24687499999999996,2.343749999999987e-05
100,40,0.136875,0.253125,2.343749999999987e-05
100,41,0.136875,0.25937499999999997,2.3437499999999763e-05
100,42,0.136875,0.265625,2.3437499999999973e-05
100,43,0.136875,0.271875,2.3437499999999763e-05
100,44,0.136875,0.27812499999999996,2.3437499999999973e-05
100,45,0.136875,0.284375,2.3437499999999763e-05
100,46,0.136875,0.29062499999999997,2.3437499999999763e-05
100,47,0.136875,0.296875,2.3437499999999973e-05
100,48,0.136875,0.303125,2.3437499999999763e-05
100,49,0.136875,0.30937499999999996,2.3437499999999973e-05
100,50,0.136875,0.315625,2.3437499999999763e-05
100,51,0.136875,0.32187499999999997,2.3437499999999763e-05
100,52,0.136875,0.328125,2.3437499999999973e-05
100,53,0.136875,0.334375,2.3437499999999763e-05
100,54,0.136875,0.34062499999999996,2.3437499999999763e-05
100,55,0.136875,0.34687499999999993,2.3437499999999973e-05
100,56,0.136875,0.35312499999999997,2.3437499999999763e-05
100,57,0.136875,0.359375,2.3437499999999973e-05
100,58,0.136875,0.365625,2.3437499999999763e-05
100,59,0.136875,0.37187499999999996,2.3437499999999763e-05
100,60,0.136875,0.37812499999999993,2.3437499999999973e-05
100,61,0.136875,0.38437499999999997,2.3437499999999763e-05
100,62,0.136875,0.390625,2.3437499999999973e-05
100,63,0.136875,0.396875,2.3437499999999763e-05
100,64,0.136875,0.40312499999999996,2.3437499999999763e-05
100,65,0.136875,0.40937499999999993,2.3437499999999973e-05
100,66,0.136875,0.41562499999999997,2.3437499999999763e-05
100,67,0.136875,0.421875,2.3437499999999973e-05
100,68,0.136875,0.428125,2.3437499999999763e-05
100,69,0.136875,0.43437499999999996,2.3437499999999763e-05
100,70,0.136875,0.44062499999999993,2.3437499999999973e-05
100,71,0.136875,0.44687499999999997,2.3437499999999763e-05
100,72,0.136875,0.453125,2.3437499999999973e-05
100,73,0.136875,0.459375,2.3437499999999763e-05
100,74,0.136875,0.46562499999999996,2.3437499999999763e-05
100,75,0.136875,0.47187499999999993,2.3437499999999973e-05
100,76,0.136875,0.47812499999999997,2.3437499999999763e-05
100,77,0.136875,0.48437499999999994,2.3437499999999763e-05
100,78,0.136875,0.490625,2.3437499999999973e-05
100,79,0.136875,0.49687499999999996,2.3437499999999763e-05
100,80,0.136875,0.5031249999999999,2.3437499999999973e-05
100,81,0.136875,0.5093749999999999,2.3437499999999763e-05
100,82,0.136875,0.515625,2.3437499999999763e-05
100,83,0.136875,0.5218749999999999,2.3437499999999763e-05
100,84,0.136875,0.528125,2.343750000000018e-05
100,85,0.136875,0.534375,2.3437499999999763e-05
100,86,0.136875,0.5406249999999999,2.3437499999999763e-05
100,87,0.136875,0.546875,2.3437499999999763e-05
100,88,0.136875,0.5531249999999999,2.3437499999999763e-05
100,89,0.136875,0.559375,2.343750000000018e-05
100,90,0.136875,0.565625,2.3437499999999763e-05
100,91,0.136875,0.5718749999999999,2.3437499999999763e-05
100,92,0.136875,0.578125,2.3437499999999763e-05
100,93,0.136875,0.5843749999999999,2.3437499999999763e-05
100,94,0.136875,0.590625,2.343750000000018e-05
100,95,0.136875,0.596875,2.3437499999999763e-05
101,0,0.140625,0.0031249999999999997,2.3437500000000194e-05
101,1,0.140625,0.009375,2.3437500000000194e-05
101,2,0.140625,0.015625,2.3437500000000197e-05
101,3,0.140625,0.021875,2.343750000000019e-05
101,4,0.140625,0.028124999999999997,2.343750000000019e-05
101,5,0.140625,0.034374999999999996,2.3437500000000204e-05
101,6,0.140625,0.040624999999999994,2.343750000000019e-05
101,7,0.140625,0.046875,2.343750000000019e-05
101,8,0.140625,0.05312499999999999,2.343750000000019e-05
101,9,0.140625,0.059375,2.343750000000019e-05
101,10,0.140625,0.06562499999999999,2.343750000000019e-05
101,11,0.140625,0.071875,2.3437500000000214e-05
101,12,0.140625,0.078125,2.3437500000000163e-05
101,13,0.140625,0.08437499999999999,2.3437500000000214e-05
101,14,0.140625,0.09062499999999998,2.3437500000000163e-05
101,15,0.140625,0.09687499999999999,2.3437500000000214e-05
101,16,0.140625,0.103125,2.3437500000000214e-05
101,17,0.140625,0.109375,2.3437500000000163e-05
101,18,0.140625,0.11562499999999999,2.3437500000000214e-05
101,19,0.140625,0.12187499999999998,2.3437500000000163e-05
101,20,0.140625,0.128125,2.3437500000000163e-05
101,21,0.140625,0.13437499999999997,2.3437500000000214e-05
101,22,0.140625,0.140625,2.3437500000000214e-05
101,23,0.140625,0.14687499999999998,2.3437500000000214e-05
101,24,0.140625,0.153125,2.3437500000000214e-05
101,25,0.140625,0.159375,2.3437500000000112e-05
101,26,0.140625,0.16562499999999997,2.3437500000000214e-05
101,27,0.140625,0.171875,2.3437500000000214e-05
101,28,0.140625,0.17812499999999998,2.3437500000000214e-05
101,29,0.140625,0.18437499999999998,2.3437500000000112e-05
101,30,0.140625,0.190625,2.3437500000000214e-05
101,31,0.140625,0.19687499999999997,2.3437500000000214e-05
101,32,0.140625,0.203125,2.3437500000000214e-05
101,33,0.140625,0.20937499999999998,2.3437500000000214e-05
101,34,0.140625,0.21562499999999998,2.3437500000000112e-05
101,35,0.140625,0.221875,2.3437500000000214e-05
101,36,0.140625,0.22812499999999997,2.3437500000000214e-05
101,37,0.140625,0.234375,2.3437500000000214e-05
101,38,0.140625,0.24062499999999998,2.3437500000000112e-05
101,39,0.140625,0.24687499999999996,2.3437500000000214e-05
101,40,0.140625,0.253125,2.3437500000000214e-05
101,41,0.140625,0.25937499999999997,2.3437500000000112e-05
101,42,0.140625,0.265625,2.343750000000032e-05
101,43,0.140625,0.271875,2.3437500000000112e-05
101,44,0.140625,0.27812499999999996,2.343750000000032e-05
101,45,0.140625,0.284375,2.3437500000000112e-05
101,46,0.140625,0.29062499999999997,2.3437500000000112e-05
101,47,0.140625,0.296875,2.343750000000032e-05
101,48,0.140625,0.303125,2.3437500000000112e-05
101,49,0.140625,0.30937499999999996,2.343750000000032e-05
101,50,0.140625,0.315625,2.3437500000000112e-05
101,51,0.140625,0.32187499999999997,2.3437500000000112e-05
101,52,0.140625,0.328125,2.343750000000032e-05
101,53,0.140625,0.334375,2.3437500000000112e-05
101,54,0.140625,0.34062499999999996,2.3437500000000112e-05
101,55,0.140625,0.34687499999999993,2.343750000000032e-05
101,56,0.140625,0.35312499999999997,2.3437500000000112e-05
101,57,0.140625,0.359375,2.343750000000032e-05
101,58,0.140625,0.365625,2.3437500000000112e-05
101,59,0.140625,0.37187499999999996,2.3437500000000112e-05
101,60,0.140625,0.37812499999999993,2.343750000000032e-05
101,61,0.140625,0.38437499999999997,2.3437500000000112e-05
101,62,0.140625,0.390625,2.343750000000032e-05
101,63,0.140625,0.396875,2.3437500000000112e-05
101,64,0.140625,0.40312499999999996,2.3437500000000112e-05
101,65,0.140625,0.40937499999999993,2.343750000000032e-05
101,66,0.140625,0.41562499999999997,2.3437500000000112e-05
101,67,0.140625,0.421875,2.343750000000032e-05
101,68,0.140625,0.428125,2.3437500000000112e-05
101,69,0.140625,0.43437499999999996,2.3437500000000112e-05
101,70,0.140625,0.44062499999999993,2.343750000000032e-05
101,71,0.140625,0.44687499999999997,2.3437500000000112e-05
101,72,0.140625,0.453125,2.343750000000032e-05
101,73,0.140625,0.459375,2.3437500000000112e-05
101,74,0.140625,0.46562499999999996,2.3437500000000112e-05
101,75,0.140625,0.47187499999999993,2.343750000000032e-05
101,76,0.140625,0.47812499999999997,2.3437500000000112e-05
101,77,0.140625,0.48437499999999994,2.3437500000000112e-05
101,78,0.140625,0.490625,2.343750000000032e-05
101,79,0.140625,0.49687499999999996,2.3437500000000112e-05
101,80,0.140625,0.5031249999999999,2.343750000000032e-05
101,81,0.140625,0.5093749999999999,2.3437500000000112e-05
101,82,0.140625,0.515625,2.3437500000000112e-05
101,83,0.140625,0.5218749999999999,2.3437500000000112e-05
101,84,0.140625,0.528125,2.343750000000053e-05
101,85,0.140625,0.534375,2.3437500000000112e-05
101,86,0.140625,0.5406249999999999,2.3437500000000112e-05
101,87,0.140625,0.546875,2.3437500000000112e-05
101,88,0.140625,0.5531249999999999,2.3437500000000112e-05
101,89,0.140625,0.559375,2.343750000000053e-05
101,90,0.140625,0.565625,2.3437500000000112e-05
101,91,0.140625,0.5718749999999999,2.3437500000000112e-05
101,92,0.140625,0.578125,2.3437500000000112e-05
101,93,0.140625,0.5843749999999999,2.3437500000000112e-05
101,94,0.140625,0.590625,2.343750000000053e-05
101,95,0.140625,0.596875,2.3437500000000112e-05
102,0,0.144375,0.0031249999999999997,2.3437499999999845e-05
102,1,0.144375,0.009375,2.3437499999999845e-05
102,2,0.144375,0.015625,2.3437499999999848e-05
102,3,0.144375,0.021875,2.343749999999984e-05
102,4,0.144375,0.028124999999999997,2.343749999999984e-05
102,5,0.144375,0.034374999999999996,2.3437499999999855e-05
102,6,0.144375,0.040624999999999994,2.343749999999984e-05
102,7,0.144375,0.046875,2.343749999999984e-05
102,8,0.144375,0.05312499999999999,2.343749999999984e-05
102,9,0.144375,0.059375,2.343749999999984e-05
102,10,0.144375,0.06562499999999999,2.343749999999984e-05
102,11,0.144375,0.071875,2.343749999999987e-05
102,12,0.144375,0.078125,2.3437499999999818e-05
102,13,0.144375,0.08437499999999999,2.343749999999987e-05
102,14,0.144375,0.09062499999999998,2.3437499999999818e-05
102,15,0.144375,0.09687499999999999,2.343749999999987e-05
102,16,0.144375,0.103125,2.343749999999987e-05
102,17,0.144375,0.109375,2.3437499999999818e-05
102,18,0.144375,0.11562499999999999,2.343749999999987e-05
102,19,0.144375,0.12187499999999998,2.3437499999999818e-05
102,20,0.144375,0.128125,2.3437499999999818e-05
102,21,0.144375,0.13437499999999997,2.343749999999987e-05
102,22,0.144375,0.140625,2.343749999999987e-05
102,23,0.144375,0.14687499999999998,2.343749999999987e-05
102,24,0.144375,0.153125,2.343749999999987e-05
102,25,0.144375,0.159375,2.3437499999999763e-05
102,26,0.144375,0.16562499999999997,2.343749999999987e-05
102,27,0.144375,0.171875,2.343749999999987e-05
102,28,0.144375,0.17812499999999998,2.343749999999987e-05
102,29,0.144375,0.18437499999999998,2.3437499999999763e-05
102,30,0.144375,0.190625,2.343749999999987e-05
102,31,0.144375,0.19687499999999997,2.343749999999987e-05
102,32,0.144375,0.203125,2.343749999999987e-05
102,33,0.144375,0.20937499999999998,2.343749999999987e-05
102,34,0.144375,0.21562499999999998,2.3437499999999763e-05
102,35,0.144375,0.221875,2.343749999999987e-05
102,36,0.144375,0.22812499999999997,2.343749999999987e-05
102,37,0.144375,0.234375,2.343749999999987e-05
102,38,0.144375,0.24062499999999998,2.3437499999999763e-05
102,39,0.144375,0.24687499999999996,2.343749999999987e-05
102,40,0.144375,0.253125,2.343749999999987e-05
102,41,0.144375,0.25937499999999997,2.3437499999999763e-05
102,42,0.144375,0.265625,2.3437499999999973e-05
102,43,0.144375,0.271875,2.3437499999999763e-05
102,44,0.144375,0.27812499999999996,2.3437499999999973e-05
102,45,0.144375,0.284375,2.3437499999999763e-05
102,46,0.144375,0.29062499999999997,2.3437499999999763e-05
102,47,0.144375,0.296875,2.3437499999999973e-05
102,48,0.144375,0.303125,2.3437499999999763e-05
102,49,0.144375,0.30937499999999996,2.3437499999999973e-05
102,50,0.144375,0.315625,2.3437499999999763e-05
102,51,0.144375,0.32187499999999997,2.3437499999999763e-05
102,52,0.144375,0.328125,2.3437499999999973e-05
102,53,0.144375,0.334375,2.3437499999999763e-05
102,54,0.144375,0.34062499999999996,2.3437499999999763e-05
102,55,0.144375,0.34687499999999993,2.3437499999999973e-05
102,56,0.144375,0.35312499999999997,2.3437499999999763e-05
102,57,0.144375,0.359375,2.3437499999999973e-05
102,58,0.144375,0.365625,2.3437499999999763e-05
102,59,0.144375,0.37187499999999996,2.3437499999999763e-05
102,60,0.144375,0.37812499999999993,2.3437499999999973e-05
102,61,0.144375,0.38437499999999997,2.3437499999999763e-05
102,62,0.144375,0.390625,2.3437499999999973e-05
102,63,0.144375,0.396875,2.3437499999999763e-05
102,64,0.144375,0.40312499999999996,2.3437499999999763e-05
102,65,0.144375,0.40937499999999993,2.3437499999999973e-05
102,66,0.144375,0.41562499999999997,2.3437499999999763e-05
102,67,0.144375,0.421875,2.3437499999999973e-05
102,68,0.144375,0.428125,2.3437499999999763e-05
102,69,0.144375,0.43437499999999996,2.3437499999999763e-05
102,70,0.144375,0.44062499999999993,2.3437499999999973e-05
102,71,0.144375,0.44687499999999997,2.3437499999999763e-05
102,72,0.144375,0.453125,2.3437499999999973e-05
102,73,0.144375,0.459375,2.3437499999999763e-05
102,74,0.144375,0.46562499999999996,2.3437499999999763e-05
102,75,0.144375,0.47187499999999993,2.3437499999999973e-05
102,76,0.144375,0.47812499999999997,2.3437499999999763e-05
102,77,0.144375,0.48437499999999994,2.3437499999999763e-05
102,78,0.144375,0.490625,2.3437499999999973e-05
102,79,0.144375,0.49687499999999996,2.3437499999999763e-05
102,80,0.144375,0.5031249999999999,2.3437499999999973e-05
102,81,0.144375,0.5093749999999999,2.3437499999999763e-05
102,82,0.144375,0.515625,2.3437499999999763e-05
102,83,0.144375,0.5218749999999999,2.3437499999999763e-05
102,84,0.144375,0.528125,2.343750000000018e-05
102,85,0.144375,0.534375,2.3437499999999763e-05
102,86,0.144375,0.5406249999999999,2.3437499999999763e-05
102,87,0.144375,0.546875,2.3437499999999763e-05
102,88,0.144375,0.5531249999999999,2.3437499999999763e-05
102,89,0.144375,0.559375,2.343750000000018e-05
102,90,0.144375,0.565625,2.3437499999999763e-05
102,91,0.144375,0.5718749999999999,2.3437499999999763e-05
102,92,0.144375,0.578125,2.3437499999999763e-05
102,93,0.144375,0.5843749999999999,2.3437499999999763e-05
102,94,0.144375,0.590625,2.343750000000018e-05
102,95,0.144375,0.596875,2.3437499999999763e-05
103,0,0.148125,0.0031249999999999997,2.3437500000000194e-05
103,1,0.148125,0.009375,2.3437500000000194e-05
103,2,0.148125,0.015625,2.3437500000000197e-05
103,3,0.148125,0.021875,2.343750000000019e-05
103,4,0.148125,0.028124999999999997,2.343750000000019e-05
103,5,0.148125,0.034374999999999996,2.3437500000000204e-05
103,6,0.148125,0.040624999999999994,2.343750000000019e-05
103,7,0.148125,0.046875,2.343750000000019e-05
103,8,0.148125,0.05312499999999999,2.343750000000019e-05
103,9,0.148125,0.059375,2.343750000000019e-05
103,10,0.148125,0.06562499999999999,2.343750000000019e-05
103,11,0.148125,0.071875,2.3437500000000214e-05
103,12,0.148125,0.078125,2.3437500000000163e-05
103,13,0.148125,0.08437499999999999,2.3437500000000214e-05
103,14,0.148125,0.09062499999999998,2.3437500000000163e-05
103,15,0.148125,0.09687499999999999,2.3437500000000214e-05
103,16,0.148125,0.103125,2.3437500000000214e-05
103,17,0.148125,0.109375,2.3437500000000163e-05
103,18,0.148125,0.11562499999999999,2.3437500000000214e-05
103,19,0.148125,0.12187499999999998,2.3437500000000163e-05
103,20,0.148125,0.128125,2.3437500000000163e-05
103,21,0.148125,0.13437499999999997,2.3437500000000214e-05
103,22,0.148125,0.140625,2.3437500000000214e-05
103,23,0.148125,0.14687499999999998,2.3437500000000214e-05
103,24,0.148125,0.153125,2.3437500000000214e-05
103,25,0.148125,0.159375,2.3437500000000112e-05
103,26,0.148125,0.16562499999999997,2.3437500000000214e-05
103,27,0.148125,0.171875,2.3437500000000214e-05
103,28,0.148125,0.17812499999999998,2.3437500000000214e-05
103,29,0.148125,0.18437499999999998,2.3437500000000112e-05
103,30,0.148125,0.190625,2.3437500000000214e-05
103,31,0.148125,0.19687499999999997,2.3437500000000214e-05
103,32,0.148125,0.203125,2.3437500000000214e-05
103,33,0.148125,0.20937499999999998,2.3437500000000214e-05
103,34,0.148125,0.21562499999999998,2.3437500000000112e-05
103,35,0.148125,0.221875,2.3437500000000214e-05
103,36,0.148125,0.22812499999999997,2.3437500000000214e-05
103,37,0.148125,0.234375,2.3437500000000214e-05
103,38,0.148125,0.24062499999999998,2.3437500000000112e-05
103,39,0.148125,0.24687499999999996,2.3437500000000214e-05
103,40,0.148125,0.253125,2.3437500000000214e-05
103,41,0.148125,0.25937499999999997,2.3437500000000112e-05
103,42,0.148125,0.265625,2.343750000000032e-05
103,43,0.148125,0.271875,2.3437500000000112e-05
103,44,0.148125,0.27812499999999996,2.343750000000032e-05
103,45,0.148125,0.284375,2.3437500000000112e-05
103,46,0.148125,0.29062499999999997,2.3437500000000112e-05
103,47,0.148125,0.296875,2.343750000000032e-05
103,48,0.148125,0.303125,2.3437500000000112e-05
103,49,0.148125,0.30937499999999996,2.343750000000032e-05
103,50,0.148125,0.315625,2.3437500000000112e-05
103,51,0.148125,0.32187499999999997,2.3437500000000112e-05
103,52,0.148125,0.328125,2.343750000000032e-05
103,53,0.148125,0.334375,2.3437500000000112e-05
103,54,0.148125,0.34062499999999996,2.3437500000000112e-05
103,55,0.148125,0.34687499999999993,2.343750000000032e-05
103,56,0.148125,0.35312499999999997,2.3437500000000112e-05
103,57,0.148125,0.359375,2.343750000000032e-05
103,58,0.148125,0.365625,2.3437500000000112e-05
103,59,0.148125,0.37187499999999996,2.3437500000000112e-05
103,60,0.148125,0.37812499999999993,2.343750000000032e-05
103,61,0.148125,0.38437499999999997,2.3437500000000112e-05
103,62,0.148125,0.390625,2.343750000000032e-05
103,63,0.148125,0.396875,2.3437500000000112e-05
103,64,0.148125,0.40312499999999996,2.3437500000000112e-05
103,65,0.148125,0.40937499999999993,2.343750000000032e-05
103,66,0.148125,0.41562499999999997,2.3437500000000112e-05
103,67,0.148125,0.421875,2.343750000000032e-05
103,68,0.148125,0.428125,2.3437500000000112e-05
103,69,0.148125,0.43437499999999996,2.3437500000000112e-05
103,70,0.148125,0.44062499999999993,2.343750000000032e-05
103,71,0.148125,0.44687499999999997,2.3437500000000112e-05
103,72,0.148125,0.453125,2.343750000000032e-05
103,73,0.148125,0.459375,2.3437500000000112e-05
103,74,0.148125,0.46562499999999996,2.3437500000000112e-05
103,75,0.148125,0.47187499999999993,2.343750000000032e-05
103,76,0.148125,0.47812499999999997,2.3437500000000112e-05
103,77,0.148125,0.48437499999999994,2.3437500000000112e-05
103,78,0.148125,0.490625,2.343750000000032e-05
103,79,0.148125,0.49687499999999996,2.3437500000000112e-05
103,80,0.148125,0.5031249999999999,2.343750000000032e-05
103,81,0.148125,0.5093749999999999,2.3437500000000112e-05
103,82,0.148125,0.515625,2.3437500000000112e-05
103,83,0.148125,0.5218749999999999,2.3437500000000112e-05
103,84,0.148125,0.528125,2.343750000000053e-05
103,85,0.148125,0.534375,2.3437500000000112e-05
103,86,0.148125,0.5406249999999999,2.3437500000000112e-05
103,87,0.148125,0.546875,2.3437500000000112e-05
103,88,0.148125,0.5531249999999999,2.3437500000000112e-05
103,89,0.148125,0.559375,2.343750000000053e-05
103,90,0.148125,0.565625,2.3437500000000112e-05
103,91,0.148125,0.5718749999999999,2.3437500000000112e-05
103,92,0.148125,0.578125,2.3437500000000112e-05
103,93,0.148125,0.5843749999999999,2.3437500000000112e-05
103,94,0.148125,0.590625,2.343750000000053e-05
103,95,0.148125,0.596875,2.3437500000000112e-05
104,0,0.151875,0.0031249999999999997,2.3437499999999845e-05
104,1,0.151875,0.009375,2.3437499999999845e-05
104,2,0.151875,0.015625,2.3437499999999848e-05
104,3,0.151875,0.021875,2.343749999999984e-05
104,4,0.151875,0.028124999999999997,2.343749999999984e-05
104,5,0.151875,0.034374999999999996,2.3437499999999855e-05
104,6,0.151875,0.040624999999999994,2.343749999999984e-05
104,7,0.151875,0.046875,2.343749999999984e-05
104,8,0.151875,0.05312499999999999,2.343749999999984e-05
104,9,0.151875,0.059375,2.343749999999984e-05
104,10,0.151875,0.06562499999999999,2.343749999999984e-05
104,11,0.151875,0.071875,2.343749999999987e-05
104,12,0.151875,0.078125,2.3437499999999818e-05
104,13,0.151875,0.08437499999999999,2.343749999999987e-05
104,14,0.151875,0.09062499999999998,2.3437499999999818e-05
104,15,0.151875,0.09687499999999999,2.343749999999987e-05
104,16,0.151875,0.103125,2.343749999999987e-05
104,17,0.151875,0.109375,2.3437499999999818e-05
104,18,0.151875,0.11562499999999999,2.343749999999987e-05
104,19,0.151875,0.12187499999999998,2.3437499999999818e-05
104,20,0.151875,0.128125,2.3437499999999818e-05
104,21,0.151875,0.13437499999999997,2.343749999999987e-05
104,22,0.151875,0.140625,2.343749999999987e-05
104,23,0.151875,0.14687499999999998,2.343749999999987e-05
104,24,0.151875,0.153125,2.343749999999987e-05
104,25,0.151875,0.159375,2.3437499999999763e-05
104,26,0.151875,0.16562499999999997,2.343749999999987e-05
104,27,0.151875,0.171875,2.343749999999987e-05
104,28,0.151875,0.17812499999999998,2.343749999999987e-05
104,29,0.151875,0.18437499999999998,2.3437499999999763e-05
104,30,0.151875,0.190625,2.343749999999987e-05
104,31,0.151875,0.19687499999999997,2.343749999999987e-05
104,32,0.151875,0.203125,2.343749999999987e-05
104,33,0.151875,0.20937499999999998,2.343749999999987e-05
104,34,0.151875,0.21562499999999998,2.3437499999999763e-05
104,35,0.151875,0.221875,2.343749999999987e-05
104,36,0.151875,0.22812499999999997,2.343749999999987e-05
104,37,0.151875,0.234375,2.343749999999987e-05
104,38,0.151875,0.24062499999999998,2.3437499999999763e-05
104,39,0.151875,0.24687499999999996,2.343749999999987e-05
104,40,0.151875,0.253125,2.343749999999987e-05
104,41,0.151875,0.25937499999999997,2.3437499999999763e-05
104,42,0.151875,0.265625,2.3437499999999973e-05
104,43,0.151875,0.271875,2.3437499999999763e-05
104,44,0.151875,0.27812499999999996,2.3437499999999973e-05
104,45,0.151875,0.284375,2.3437499999999763e-05
104,46,0.151875,0.29062499999999997,2.3437499999999763e-05
104,47,0.151875,0.296875,2.3437499999999973e-05
104,48,0.151875,0.303125,2.3437499999999763e-05
104,49,0.151875,0.30937499999999996,2.3437499999999973e-05
104,50,0.151875,0.315625,2.3437499999999763e-05
104,51,0.151875,0.32187499999999997,2.3437499999999763e-05
104,52,0.151875,0.328125,2.3437499999999973e-05
104,53,0.151875,0.334375,2.3437499999999763e-05
104,54,0.151875,0.34062499999999996,2.3437499999999763e-05
104,55,0.151875,0.34687499999999993,2.3437499999999973e-05
104,56,0.151875,0.35312499999999997,2.3437499999999763e-05
104,57,0.151875,0.359375,2.3437499999999973e-05
104,58,0.151875,0.365625,2.3437499999999763e-05
104,59,0.151875,0.37187499999999996,2.3437499999999763e-05
104,60,0.151875,0.37812499999999993,2.3437499999999973e-05
104,61,0.151875,0.38437499999999997,2.3437499999999763e-05
104,62,0.151875,0.390625,2.3437499999999973e-05
104,63,0.151875,0.396875,2.3437499999999763e-05
104,64,0.151875,0.40312499999999996,2.3437499999999763e-05
104,65,0.151875,0.40937499999999993,2.3437499999999973e-05
104,66,0.151875,0.41562499999999997,2.3437499999999763e-05
104,67,0.151875,0.421875,2.3437499999999973e-05
104,68,0.151875,0.428125,2.3437499999999763e-05
104,69,0.151875,0.43437499999999996,2.3437499999999763e-05
104,70,0.151875,0.44062499999999993,2.3437499999999973e-05
104,71,0.151875,0.44687499999999997,2.3437499999999763e-05
104,72,0.151875,0.453125,2.3437499999999973e-05
104,73,0.151875,0.459375,2.3437499999999763e-05
104,74,0.151875,0.46562499999999996,2.3437499999999763e-05
104,75,0.151875,0.47187499999999993,2.3437499999999973e-05
104,76,0.151875,0.47812499999999997,2.3437499999999763e-05
104,77,0.151875,0.48437499999999994,2.3437499999999763e-05
104,78,0.151875,0.490625,2.3437499999999973e-05
104,79,0.151875,0.49687499999999996,2.3437499999999763e-05
104,80,0.151875,0.5031249999999999,2.3437499999999973e-05
104,81,0.151875,0.5093749999999999,2.3437499999999763e-05
104,82,0.151875,0.515625,2.3437499999999763e-05
104,83,0.151875,0.5218749999999999,2.3437499999999763e-05
104,84,0.151875,0.528125,2.343750000000018e-05
104,85,0.151875,0.534375,2.3437499999999763e-05
104,86,0.151875,0.5406249999999999,2.3437499999999763e-05
104,87,0.151875,0.546875,2.3437499999999763e-05
104,88,0.151875,0.5531249999999999,2.3437499999999763e-05
104,89,0.151875,0.559375,2.343750000000018e-05
104,90,0.151875,0.565625,2.3437499999999763e-05
104,91,0.151875,0.5718749999999999,2.3437499999999763e-05
104,92,0.151875,0.578125,2.3437499999999763e-05
104,93,0.151875,0.5843749999999999,2.3437499999999763e-05
104,94,0.151875,0.590625,2.343750000000018e-05
104,95,0.151875,0.596875,2.3437499999999763e-05
105,0,0.15562499999999999,0.0031249999999999997,2.3437499999999845e-05
105,1,0.15562499999999999,0.009375,2.3437499999999845e-05
105,2,0.15562499999999999,0.015625,2.3437499999999848e-05
105,3,0.15562499999999999,0.021875,2.343749999999984e-05
105,4,0.15562499999999999,0.028124999999999997,2.343749999999984e-05
105,5,0.15562499999999999,0.034374999999999996,2.3437499999999855e-05
105,6,0.15562499999999999,0.040624999999999994,2.343749999999984e-05
105,7,0.15562499999999999,0.046875,2.343749999999984e-05
105,8,0.15562499999999999,0.05312499999999999,2.343749999999984e-05
105,9,0.15562499999999999,0.059375,2.343749999999984e-05
105,10,0.15562499999999999,0.06562499999999999,2.343749999999984e-05
105,11,0.15562499999999999,0.071875,2.343749999999987e-05
105,12,0.15562499999999999,0.078125,2.3437499999999818e-05
105,13,0.15562499999999999,0.08437499999999999,2.343749999999987e-05
105,14,0.15562499999999999,0.09062499999999998,2.3437499999999818e-05
105,15,0.15562499999999999,0.09687499999999999,2.343749999999987e-05
105,16,0.15562499999999999,0.103125,2.343749999999987e-05
105,17,0.15562499999999999,0.109375,2.3437499999999818e-05
105,18,0.15562499999999999,0.11562499999999999,2.343749999999987e-05
105,19,0.15562499999999999,0.12187499999999998,2.3437499999999818e-05
105,20,0.15562499999999999,0.128125,2.3437499999999818e-05
105,21,0.15562499999999999,0.13437499999999997,2.343749999999987e-05
105,22,0.15562499999999999,0.140625,2.343749999999987e-05
105,23,0.15562499999999999,0.14687499999999998,2.343749999999987e-05
105,24,0.15562499999999999,0.153125,2.343749999999987e-05
105,25,0.15562499999999999,0.159375,2.3437499999999763e-05
105,26,0.15562499999999999,0.16562499999999997,2.343749999999987e-05
105,27,0.15562499999999999,0.171875,2.343749999999987e-05
105,28,0.15562499999999999,0.17812499999999998,2.343749999999987e-05
105,29,0.15562499999999999,0.18437499999999998,2.3437499999999763e-05
105,30,0.15562499999999999,0.190625,2.343749999999987e-05
105,31,0.15562499999999999,0.19687499999999997,2.343749999999987e-05
105,32,0.15562499999999999,0.203125,2.343749999999987e-05
105,33,0.15562499999999999,0.20937499999999998,2.343749999999987e-05
105,34,0.15562499999999999,0.21562499999999998,2.3437499999999763e-05
105,35,0.15562499999999999,0.221875,2.343749999999987e-05
105,36,0.15562499999999999,0.22812499999999997,2.343749999999987e-05
105,37,0.15562499999999999,0.234375,2.343749999999987e-05
105,38,0.15562499999999999,0.24062499999999998,2.3437499999999763e-05
105,39,0.15562499999999999,0.24687499999999996,2.343749999999987e-05
105,40,0.15562499999999999,0.253125,2.343749999999987e-05
105,41,0.15562499999999999,0.25937499999999997,2.3437499999999763e-05
105,42,0.15562499999999999,0.265625,2.3437499999999973e-05
105,43,0.15562499999999999,0.271875,2.3437499999999763e-05
105,44,0.15562499999999999,0.27812499999999996,2.3437499999999973e-05
105,45,0.15562499999999999,0.284375,2.3437499999999763e-05
105,46,0.15562499999999999,0.29062499999999997,2.3437499999999763e-05
105,47,0.15562499999999999,0.296875,2.3437499999999973e-05
105,48,0.15562499999999999,0.303125,2.3437499999999763e-05
105,49,0.15562499999999999,0.30937499999999996,2.3437499999999973e-05
105,50,0.15562499999999999,0.315625,2.3437499999999763e-05
105,51,0.15562499999999999,0.32187499999999997,2.3437499999999763e-05
105,52,0.15562499999999999,0.328125,2.3437499999999973e-05
105,53,0.15562499999999999,0.334375,2.3437499999999763e-05
105,54,0.15562499999999999,0.34062499999999996,2.3437499999999763e-05
105,55,0.15562499999999999,0.34687499999999993,2.3437499999999973e-05
105,56,0.15562499999999999,0.35312499999999997,2.3437499999999763e-05
105,57,0.15562499999999999,0.359375,2.3437499999999973e-05
105,58,0.15562499999999999,0.365625,2.3437499999999763e-05
105,59,0.15562499999999999,0.37187499999999996,2.3437499999999763e-05
105,60,0.15562499999999999,0.37812499999999993,2.3437499999999973e-05
105,61,0.15562499999999999,0.38437499999999997,2.3437499999999763e-05
105,62,0.15562499999999999,0.390625,2.3437499999999973e-05
105,63,0.15562499999999999,0.396875,2.3437499999999763e-05
105,64,0.15562499999999999,0.40312499999999996,2.3437499999999763e-05
105,65,0.15562499999999999,0.40937499999999993,2.3437499999999973e-05
105,66,0.15562499999999999,0.41562499999999997,2.3437499999999763e-05
105,67,0.15562499999999999,0.421875,2.3437499999999973e-05
105,68,0.15562499999999999,0.428125,2.3437499999999763e-05
105,69,0.15562499999999999,0.43437499999999996,2.3437499999999763e-05
105,70,0.15562499999999999,0.44062499999999993,2.3437499999999973e-05
105,71,0.15562499999999999,0.44687499999999997,2.3437499999999763e-05
105,72,0.15562499999999999,0.453125,2.3437499999999973e-05
105,73,0.15562499999999999,0.459375,2.3437499999999763e-05
105,74,0.15562499999999999,0.46562499999999996,2.3437499999999763e-05
105,75,0.15562499999999999,0.47187499999999993,2.3437499999999973e-05
105,76,0.15562499999999999,0.47812499999999997,2.3437499999999763e-05
105,77,0.15562499999999999,0.48437499999999994,2.3437499999999763e-05
105,78,0.15562499999999999,0.490625,2.3437499999999973e-05
105,79,0.15562499999999999,0.49687499999999996,2.3437499999999763e-05
105,80,0.15562499999999999,0.5031249999999999,2.3437499999999973e-05
105,81,0.15562499999999999,0.5093749999999999,2.3437499999999763e-05
105,82,0.15562499999999999,0.515625,2.3437499999999763e-05
105,83,0.15562499999999999,0.5218749999999999,2.3437499999999763e-05
105,84,0.15562499999999999,0.528125,2.343750000000018e-05
105,85,0.15562499999999999,0.534375,2.3437499999999763e-05
105,86,0.15562499999999999,0.5406249999999999,2.3437499999999763e-05
105,87,0.15562499999999999,0.546875,2.3437499999999763e-05
105,88,0.15562499999999999,0.5531249999999999,2.3437499999999763e-05
105,89,0.15562499999999999,0.559375,2.343750000000018e-05
105,90,0.15562499999999999,0.565625,2.3437499999999763e-05
105,91,0.15562499999999999,0.5718749999999999,2.3437499999999763e-05
105,92,0.15562499999999999,0.578125,2.3437499999999763e-05
105,93,0.15562499999999999,0.5843749999999999,2.3437499999999763e-05
105,94,0.15562499999999999,0.590625,2.343750000000018e-05
105,95,0.15562499999999999,0.596875,2.3437499999999763e-05
106,0,0.159375,0.0031249999999999997,2.3437500000000194e-05
106,1,0.159375,0.009375,2.3437500000000194e-05
106,2,0.159375,0.015625,2.3437500000000197e-05
106,3,0.159375,0.021875,2.343750000000019e-05
106,4,0.159375,0.028124999999999997,2.343750000000019e-05
106,5,0.159375,0.034374999999999996,2.3437500000000204e-05
106,6,0.159375,0.040624999999999994,2.343750000000019e-05
106,7,0.159375,0.046875,2.343750000000019e-05
106,8,0.159375,0.05312499999999999,2.343750000000019e-05
106,9,0.159375,0.059375,2.343750000000019e-05
106,10,0.159375,0.06562499999999999,2.343750000000019e-05
106,11,0.159375,0.071875,2.3437500000000214e-05
106,12,0.159375,0.078125,2.3437500000000163e-05
106,13,0.159375,0.08437499999999999,2.3437500000000214e-05
106,14,0.159375,0.09062499999999998,2.3437500000000163e-05
106,15,0.159375,0.09687499999999999,2.3437500000000214e-05
106,16,0.159375,0.103125,2.3437500000000214e-05
106,17,0.159375,0.109375,2.3437500000000163e-05
106,18,0.159375,0.11562499999999999,2.3437500000000214e-05
106,19,0.159375,0.12187499999999998,2.3437500000000163e-05
106,20,0.159375,0.128125,2.3437500000000163e-05
106,21,0.159375,0.13437499999999997,2.3437500000000214e-05
106,22,0.159375,0.140625,2.3437500000000214e-05
106,23,0.159375,0.14687499999999998,2.3437500000000214e-05
106,24,0.159375,0.153125,2.3437500000000214e-05
106,25,0.159375,0.159375,2.3437500000000112e-05
106,26,0.159375,0.16562499999999997,2.3437500000000214e-05
106,27,0.159375,0.171875,2.3437500000000214e-05
106,28,0.159375,0.17812499999999998,2.3437500000000214e-05
106,29,0.159375,0.18437499999999998,2.3437500000000112e-05
106,30,0.159375,0.190625,2.3437500000000214e-05
106,31,0.159375,0.19687499999999997,2.3437500000000214e-05
106,32,0.159375,0.203125,2.3437500000000214e-05
106,33,0.159375,0.20937499999999998,2.3437500000000214e-05
106,34,0.159375,0.21562499999999998,2.3437500000000112e-05
106,35,0.159375,0.221875,2.3437500000000214e-05
106,36,0.159375,0.22812499999999997,2.3437500000000214e-05
106,37,0.159375,0.234375,2.3437500000000214e-05
106,38,0.159375,0.24062499999999998,2.3437500000000112e-05
106,39,0.159375,0.24687499999999996,2.3437500000000214e-05
106,40,0.159375,0.253125,2.3437500000000214e-05
106,41,0.159375,0.25937499999999997,2.3437500000000112e-05
106,42,0.159375,0.265625,2.343750000000032e-05
106,43,0.159375,0.271875,2.3437500000000112e-05
106,44,0.159375,0.27812499999999996,2.343750000000032e-05
106,45,0.159375,0.284375,2.3437500000000112e-05
106,46,0.159375,0.29062499999999997,2.3437500000000112e-05
106,47,0.159375,0.296875,2.343750000000032e-05
106,48,0.159375,0.303125,2.3437500000000112e-05
106,49,0.159375,0.30937499999999996,2.343750000000032e-05
106,50,0.159375,0.315625,2.3437500000000112e-05
106,51,0.159375,0.32187499999999997,2.3437500000000112e-05
106,52,0.159375,0.328125,2.343750000000032e-05
106,53,0.159375,0.334375,2.3437500000000112e-05
106,54,0.159375,0.34062499999999996,2.3437500000000112e-05
106,55,0.159375,0.34687499999999993,2.343750000000032e-05
106,56,0.159375,0.35312499999999997,2.3437500000000112e-05
106,57,0.159375,0.359375,2.343750000000032e-05
106,58,0.159375,0.365625,2.3437500000000112e-05
106,59,0.159375,0.37187499999999996,2.3437500000000112e-05
106,60,0.159375,0.37812499999999993,2.343750000000032e-05
106,61,0.159375,0.38437499999999997,2.3437500000000112e-05
106,62,0.159375,0.390625,2.343750000000032e-05
106,63,0.159375,0.396875,2.3437500000000112e-05
106,64,0.159375,0.40312499999999996,2.3437500000000112e-05
106,65,0.159375,0.40937499999999993,2.343750000000032e-05
106,66,0.159375,0.41562499999999997,2.3437500000000112e-05
106,67,0.159375,0.421875,2.343750000000032e-05
106,68,0.159375,0.428125,2.3437500000000112e-05
106,69,0.159375,0.43437499999999996,2.3437500000000112e-05
106,70,0.159375,0.44062499999999993,2.343750000000032e-05
106,71,0.159375,0.44687499999999997,2.3437500000000112e-05
106,72,0.159375,0.453125,2.343750000000032e-05
106,73,0.159375,0.459375,2.3437500000000112e-05
106,74,0.159375,0.46562499999999996,2.3437500000000112e-05
106,75,0.159375,0.47187499999999993,2.343750000000032e-05
106,76,0.159375,0.47812499999999997,2.3437500000000112e-05
106,77,0.159375,0.48437499999999994,2.3437500000000112e-05
106,78,0.159375,0.490625,2.343750000000032e-05
106,79,0.159375,0.49687499999999996,2.3437500000000112e-05
106,80,0.159375,0.5031249999999999,2.343750000000032e-05
106,81,0.159375,0.5093749999999999,2.3437500000000112e-05
106,82,0.159375,0.515625,2.3437500000000112e-05
106,83,0.159375,0.5218749999999999,2.3437500000000112e-05
106,84,0.159375,0.528125,2.343750000000053e-05
106,85,0.159375,0.534375,2.3437500000000112e-05
106,86,0.159375,0.5406249999999999,2.3437500000000112e-05
106,87,0.159375,0.546875,2.3437500000000112e-05
106,88,0.159375,0.5531249999999999,2.3437500000000112e-05
106,89,0.159375,0.559375,2.343750000000053e-05
106,90,0.159375,0.565625,2.3437500000000112e-05
106,91,0.159375,0.5718749999999999,2.3437500000000112e-05
106,92,0.159375,0.578125,2.3437500000000112e-05
106,93,0.159375,0.5843749999999999,2.3437500000000112e-05
106,94,0.159375,0.590625,2.343750000000053e-05
106,95,0.159375,0.596875,2.3437500000000112e-05
107,0,0.163125,0.0031249999999999997,2.3437499999999845e-05
107,1,0.163125,0.009375,2.3437499999999845e-05
107,2,0.163125,0.015625,2.3437499999999848e-05
107,3,0.163125,0.021875,2.343749999999984e-05
107,4,0.163125,0.028124999999999997,2.343749999999984e-05
107,5,0.163125,0.034374999999999996,2.3437499999999855e-05
107,6,0.163125,0.040624999999999994,2.343749999999984e-05
107,7,0.163125,0.046875,2.343749999999984e-05
107,8,0.163125,0.05312499999999999,2.343749999999984e-05
107,9,0.163125,0.059375,2.343749999999984e-05
107,10,0.163125,0.06562499999999999,2.343749999999984e-05
107,11,0.163125,0.071875,2.343749999999987e-05
107,12,0.163125,0.078125,2.3437499999999818e-05
107,13,0.163125,0.08437499999999999,2.343749999999987e-05
107,14,0.163125,0.09062499999999998,2.3437499999999818e-05
107,15,0.163125,0.09687499999999999,2.343749999999987e-05
107,16,0.163125,0.103125,2.343749999999987e-05
107,17,0.163125,0.109375,2.3437499999999818e-05
107,18,0.163125,0.11562499999999999,2.343749999999987e-05
107,19,0.163125,0.12187499999999998,2.3437499999999818e-05
107,20,0.163125,0.128125,2.3437499999999818e-05
107,21,0.163125,0.13437499999999997,2.343749999999987e-05
107,22,0.163125,0.140625,2.343749999999987e-05
107,23,0.163125,0.14687499999999998,2.343749999999987e-05
107,24,0.163125,0.153125,2.343749999999987e-05
107,25,0.163125,0.159375,2.3437499999999763e-05
107,26,0.163125,0.16562499999999997,2.343749999999987e-05
107,27,0.163125,0.171875,2.343749999999987e-05
107,28,0.163125,0.17812499999999998,2.343749999999987e-05
107,29,0.163125,0.18437499999999998,2.3437499999999763e-05
107,30,0.163125,0.190625,2.343749999999987e-05
107,31,0.163125,0.19687499999999997,2.343749999999987e-05
107,32,0.163125,0.203125,2.343749999999987e-05
107,33,0.163125,0.20937499999999998,2.343749999999987e-05
107,34,0.163125,0.21562499999999998,2.3437499999999763e-05
107,35,0.163125,0.221875,2.343749999999987e-05
107,36,0.163125,0.22812499999999997,2.343749999999987e-05
107,37,0.163125,0.234375,2.343749999999987e-05
107,38,0.163125,0.24062499999999998,2.3437499999999763e-05
107,39,0.163125,0.24687499999999996,2.343749999999987e-05
107,40,0.163125,0.253125,2.343749999999987e-05
107,41,0.163125,0.25937499999999997,2.3437499999999763e-05
107,42,0.163125,0.265625,2.3437499999999973e-05
107,43,0.163125,0.271875,2.3437499999999763e-05
107,44,0.163125,0.27812499999999996,2.3437499999999973e-05
107,45,0.163125,0.284375,2.3437499999999763e-05
107,46,0.163125,0.29062499999999997,2.3437499999999763e-05
107,47,0.163125,0.296875,2.3437499999999973e-05
107,48,0.163125,0.303125,2.3437499999999763e-05
107,49,0.163125,0.30937499999999996,2.3437499999999973e-05
107,50,0.163125,0.315625,2.3437499999999763e-05
107,51,0.163125,0.32187499999999997,2.3437499999999763e-05
107,52,0.163125,0.328125,2.3437499999999973e-05
107,53,0.163125,0.334375,2.3437499999999763e-05
107,54,0.163125,0.34062499999999996,2.3437499999999763e-05
107,55,0.163125,0.34687499999999993,2.3437499999999973e-05
107,56,0.163125,0.35312499999999997,2.3437499999999763e-05
107,57,0.163125,0.359375,2.3437499999999973e-05
107,58,0.163125,0.365625,2.3437499999999763e-05
107,59,0.163125,0.37187499999999996,2.3437499999999763e-05
107,60,0.163125,0.37812499999999993,2.3437499999999973e-05
107,61,0.163125,0.38437499999999997,2.3437499999999763e-05
107,62,0.163125,0.390625,2.3437499999999973e-05
107,63,0.163125,0.396875,2.3437499999999763e-05
107,64,0.163125,0.40312499999999996,2.3437499999999763e-05
107,65,0.163125,0.40937499999999993,2.3437499999999973e-05
107,66,0.163125,0.41562499999999997,2.3437499999999763e-05
107,67,0.163125,0.421875,2.3437499999999973e-05
107,68,0.163125,0.428125,2.3437499999999763e-05
107,69,0.163125,0.43437499999999996,2.3437499999999763e-05
107,70,0.163125,0.44062499999999993,2.3437499999999973e-05
107,71,0.163125,0.44687499999999997,2.3437499999999763e-05
107,72,0.163125,0.453125,2.3437499999999973e-05
107,73,0.163125,0.459375,2.3437499999999763e-05
107,74,0.163125,0.46562499999999996,2.3437499999999763e-05
107,75,0.163125,0.47187499999999993,2.3437499999999973e-05
107,76,0.163125,0.47812499999999997,2.3437499999999763e-05
107,77,0.163125,0.48437499999999994,2.3437499999999763e-05
107,78,0.163125,0.490625,2.3437499999999973e-05
107,79,0.163125,0.49687499999999996,2.3437499999999763e-05
107,80,0.163125,0.5031249999999999,2.3437499999999973e-05
107,81,0.163125,0.5093749999999999,2.3437499999999763e-05
107,82,0.163125,0.515625,2.3437499999999763e-05
107,83,0.163125,0.5218749999999999,2.3437499999999763e-05
107,84,0.163125,0.528125,2.343750000000018e-05
107,85,0.163125,0.534375,2.3437499999999763e-05
107,86,0.163125,0.5406249999999999,2.3437499999999763e-05
107,87,0.163125,0.546875,2.3437499999999763e-05
107,88,0.163125,0.5531249999999999,2.3437499999999763e-05
107,89,0.163125,0.559375,2.343750000000018e-05
107,90,0.163125,0.565625,2.3437499999999763e-05
107,91,0.163125,0.5718749999999999,2.3437499999999763e-05
107,92,0.163125,0.578125,2.3437499999999763e-05
107,93,0.163125,0.5843749999999999,2.3437499999999763e-05
107,94,0.163125,0.590625,2.343750000000018e-05
107,95,0.163125,0.596875,2.3437499999999763e-05
108,0,0.166875,0.0031249999999999997,2.3437500000000194e-05
108,1,0.166875,0.009375,2.3437500000000194e-05
108,2,0.166875,0.015625,2.3437500000000197e-05
108,3,0.166875,0.021875,2.343750000000019e-05
108,4,0.166875,0.028124999999999997,2.343750000000019e-05
108,5,0.166875,0.034374999999999996,2.3437500000000204e-05
108,6,0.166875,0.040624999999999994,2.343750000000019e-05
108,7,0.166875,0.046875,2.343750000000019e-05
108,8,0.166875,0.05312499999999999,2.343750000000019e-05
108,9,0.166875,0.059375,2.343750000000019e-05
108,10,0.166875,0.06562499999999999,2.343750000000019e-05
108,11,0.166875,0.071875,2.3437500000000214e-05
108,12,0.166875,0.078125,2.3437500000000163e-05
108,13,0.166875,0.08437499999999999,2.3437500000000214e-05
108,14,0.166875,0.09062499999999998,2.3437500000000163e-05
108,15,0.166875,0.09687499999999999,2.3437500000000214e-05
108,16,0.166875,0.103125,2.3437500000000214e-05
108,17,0.166875,0.109375,2.3437500000000163e-05
108,18,0.166875,0.11562499999999999,2.3437500000000214e-05
108,19,0.166875,0.12187499999999998,2.3437500000000163e-05
108,20,0.166875,0.128125,2.3437500000000163e-05
108,21,0.166875,0.13437499999999997,2.3437500000000214e-05
108,22,0.166875,0.140625,2.3437500000000214e-05
108,23,0.166875,0.14687499999999998,2.3437500000000214e-05
108,24,0.166875,0.153125,2.3437500000000214e-05
108,25,0.166875,0.159375,2.3437500000000112e-05
108,26,0.166875,0.16562499999999997,2.3437500000000214e-05
108,27,0.166875,0.171875,2.3437500000000214e-05
108,28,0.166875,0.17812499999999998,2.3437500000000214e-05
108,29,0.166875,0.18437499999999998,2.3437500000000112e-05
108,30,0.166875,0.190625,2.3437500000000214e-05
108,31,0.166875,0.19687499999999997,2.3437500000000214e-05
108,32,0.166875,0.203125,2.3437500000000214e-05
108,33,0.166875,0.20937499999999998,2.3437500000000214e-05
108,34,0.166875,0.21562499999999998,2.3437500000000112e-05
108,35,0.166875,0.221875,2.3437500000000214e-05
108,36,0.166875,0.22812499999999997,2.3437500000000214e-05
108,37,0.166875,0.234375,2.3437500000000214e-05
108,38,0.166875,0.24062499999999998,2.3437500000000112e-05
108,39,0.166875,0.24687499999999996,2.3437500000000214e-05
108,40,0.166875,0.253125,2.3437500000000214e-05
108,41,0.166875,0.25937499999999997,2.3437500000000112e-05
108,42,0.166875,0.265625,2.343750000000032e-05
108,43,0.166875,0.271875,2.3437500000000112e-05
108,44,0.166875,0.27812499999999996,2.343750000000032e-05
108,45,0.166875,0.284375,2.3437500000000112e-05
108,46,0.166875,0.29062499999999997,2.3437500000000112e-05
108,47,0.166875,0.296875,2.343750000000032e-05
108,48,0.166875,0.303125,2.3437500000000112e-05
108,49,0.166875,0.30937499999999996,2.343750000000032e-05
108,50,0.166875,0.315625,2.3437500000000112e-05
108,51,0.166875,0.32187499999999997,2.3437500000000112e-05
108,52,0.166875,0.328125,2.343750000000032e-05
108,53,0.166875,0.334375,2.3437500000000112e-05
108,54,0.166875,0.34062499999999996,2.3437500000000112e-05
108,55,0.166875,0.34687499999999993,2.343750000000032e-05
108,56,0.166875,0.35312499999999997,2.3437500000000112e-05
108,57,0.166875,0.359375,2.343750000000032e-05
108,58,0.166875,0.365625,2.3437500000000112e-05
108,59,0.166875,0.37187499999999996,2.3437500000000112e-05
108,60,0.166875,0.37812499999999993,2.343750000000032e-05
108,61,0.166875,0.38437499999999997,2.3437500000000112e-05
108,62,0.166875,0.390625,2.343750000000032e-05
108,63,0.166875,0.396875,2.3437500000000112e-05
108,64,0.166875,0.40312499999999996,2.3437500000000112e-05
108,65,0.166875,0.40937499999999993,2.343750000000032e-05
108,66,0.166875,0.41562499999999997,2.3437500000000112e-05
108,67,0.166875,0.421875,2.343750000000032e-05
108,68,0.166875,0.428125,2.3437500000000112e-05
108,69,0.166875,0.43437499999999996,2.3437500000000112e-05
108,70,0.166875,0.44062499999999993,2.343750000000032e-05
108,71,0.166875,0.44687499999999997,2.3437500000000112e-05
108,72,0.166875,0.453125,2.343750000000032e-05
108,73,0.166875,0.459375,2.3437500000000112e-05
108,74,0.166875,0.46562499999999996,2.3437500000000112e-05
108,75,0.166875,0.47187499999999993,2.343750000000032e-05
108,76,0.166875,0.47812499999999997,2.3437500000000112e-05
108,77,0.166875,0.48437499999999994,2.3437500000000112e-05
108,78,0.166875,0.490625,2.343750000000032e-05
108,79,0.166875,0.49687499999999996,2.3437500000000112e-05
108,80,0.166875,0.5031249999999999,2.343750000000032e-05
108,81,0.166875,0.5093749999999999,2.3437500000000112e-05
108,82,0.166875,0.515625,2.3437500000000112e-05
108,83,0.166875,0.5218749999999999,2.3437500000000112e-05
108,84,0.166875,0.528125,2.343750000000053e-05
108,85,0.166875,0.534375,2.3437500000000112e-05
108,86,0.166875,0.5406249999999999,2.3437500000000112e-05
108,87,0.166875,0.546875,2.3437500000000112e-05
108,88,0.166875,0.5531249999999999,2.3437500000000112e-05
108,89,0.166875,0.559375,2.343750000000053e-05
108,90,0.166875,0.565625,2.3437500000000112e-05
108,91,0.166875,0.5718749999999999,2.3437500000000112e-05
108,92,0.166875,0.578125,2.3437500000000112e-05
108,93,0.166875,0.5843749999999999,2.3437500000000112e-05
108,94,0.166875,0.590625,2.343750000000053e-05
108,95,0.166875,0.596875,2.3437500000000112e-05
109,0,0.170625,0.0031249999999999997,2.3437499999999845e-05
109,1,0.170625,0.009375,2.3437499999999845e-05
109,2,0.170625,0.015625,2.3437499999999848e-05
109,3,0.170625,0.021875,2.343749999999984e-05
109,4,0.170625,0.028124999999999997,2.343749999999984e-05
109,5,0.170625,0.034374999999999996,2.3437499999999855e-05
109,6,0.170625,0.040624999999999994,2.343749999999984e-05
109,7,0.170625,0.046875,2.343749999999984e-05
109,8,0.170625,0.05312499999999999,2.343749999999984e-05
109,9,0.170625,0.059375,2.343749999999984e-05
109,10,0.170625,0.06562499999999999,2.343749999999984e-05
109,11,0.170625,0.071875,2.343749999999987e-05
109,12,0.170625,0.078125,2.3437499999999818e-05
109,13,0.170625,0.08437499999999999,2.343749999999987e-05
109,14,0.170625,0.09062499999999998,2.3437499999999818e-05
109,15,0.170625,0.09687499999999999,2.343749999999987e-05
109,16,0.170625,0.103125,2.343749999999987e-05
109,17,0.170625,0.109375,2.3437499999999818e-05
109,18,0.170625,0.11562499999999999,2.343749999999987e-05
109,19,0.170625,0.12187499999999998,2.3437499999999818e-05
109,20,0.170625,0.128125,2.3437499999999818e-05
109,21,0.170625,0.13437499999999997,2.343749999999987e-05
109,22,0.170625,0.140625,2.343749999999987e-05
109,23,0.170625,0.14687499999999998,2.343749999999987e-05
109,24,0.170625,0.153125,2.343749999999987e-05
109,25,0.170625,0.159375,2.3437499999999763e-05
109,26,0.170625,0.16562499999999997,2.343749999999987e-05
109,27,0.170625,0.171875,2.343749999999987e-05
109,28,0.170625,0.17812499999999998,2.343749999999987e-05
109,29,0.170625,0.18437499999999998,2.3437499999999763e-05
109,30,0.170625,0.190625,2.343749999999987e-05
109,31,0.170625,0.19687499999999997,2.343749999999987e-05
109,32,0.170625,0.203125,2.343749999999987e-05
109,33,0.170625,0.20937499999999998,2.343749999999987e-05
109,34,0.170625,0.21562499999999998,2.3437499999999763e-05
109,35,0.170625,0.221875,2.343749999999987e-05
109,36,0.170625,0.22812499999999997,2.343749999999987e-05
109,37,0.170625,0.234375,2.343749999999987e-05
109,38,0.170625,0.24062499999999998,2.3437499999999763e-05
109,39,0.170625,0.24687499999999996,2.343749999999987e-05
109,40,0.170625,0.253125,2.343749999999987e-05
109,41,0.170625,0.25937499999999997,2.3437499999999763e-05
109,42,0.170625,0.265625,2.3437499999999973e-05
109,43,0.170625,0.271875,2.3437499999999763e-05
109,44,0.170625,0.27812499999999996,2.3437499999999973e-05
109,45,0.170625,0.284375,2.3437499999999763e-05
109,46,0.170625,0.29062499999999997,2.3437499999999763e-05
109,47,0.170625,0.296875,2.3437499999999973e-05
109,48,0.170625,0.303125,2.3437499999999763e-05
109,49,0.170625,0.30937499999999996,2.3437499999999973e-05
109,50,0.170625,0.315625,2.3437499999999763e-05
109,51,0.170625,0.32187499999999997,2.3437499999999763e-05
109,52,0.170625,0.328125,2.3437499999999973e-05
109,53,0.170625,0.334375,2.3437499999999763e-05
109,54,0.170625,0.34062499999999996,2.3437499999999763e-05
109,55,0.170625,0.34687499999999993,2.3437499999999973e-05
109,56,0.170625,0.35312499999999997,2.3437499999999763e-05
109,57,0.170625,0.359375,2.3437499999999973e-05
109,58,0.170625,0.365625,2.3437499999999763e-05
109,59,0.170625,0.37187499999999996,2.3437499999999763e-05
109,60,0.170625,0.37812499999999993,2.3437499999999973e-05
109,61,0.170625,0.38437499999999997,2.3437499999999763e-05
109,62,0.170625,0.390625,2.3437499999999973e-05
109,63,0.170625,0.396875,2.3437499999999763e-05
109,64,0.170625,0.40312499999999996,2.3437499999999763e-05
109,65,0.170625,0.40937499999999993,2.3437499999999973e-05
109,66,0.170625,0.41562499999999997,2.3437499999999763e-05
109,67,0.170625,0.421875,2.3437499999999973e-05
109,68,0.170625,0.428125,2.3437499999999763e-05
109,69,0.170625,0.43437499999999996,2.3437499999999763e-05
109,70,0.170625,0.44062499999999993,2.3437499999999973e-05
109,71,0.170625,0.44687499999999997,2.3437499999999763e-05
109,72,0.170625,0.453125,2.3437499999999973e-05
109,73,0.170625,0.459375,2.3437499999999763e-05
109,74,0.170625,0.46562499999999996,2.3437499999999763e-05
109,75,0.170625,0.47187499999999993,2.3437499999999973e-05
109,76,0.170625,0.47812499999999997,2.3437499999999763e-05
109,77,0.170625,0.48437499999999994,2.3437499999999763e-05
109,78,0.170625,0.490625,2.3437499999999973e-05
109,79,0.170625,0.49687499999999996,2.3437499999999763e-05
109,80,0.170625,0.5031249999999999,2.3437499999999973e-05
109,81,0.170625,0.5093749999999999,2.3437499999999763e-05
109,82,0.170625,0.515625,2.3437499999999763e-05
109,83,0.170625,0.5218749999999999,2.3437499999999763e-05
109,84,0.170625,0.528125,2.343750000000018e-05
109,85,0.170625,0.534375,2.3437499999999763e-05
109,86,0.170625,0.5406249999999999,2.3437499999999763e-05
109,87,0.170625,0.546875,2.3437499999999763e-05
109,88,0.170625,0.5531249999999999,2.3437499999999763e-05
109,89,0.170625,0.559375,2.343750000000018e-05
109,90,0.170625,0.565625,2.3437499999999763e-05
109,91,0.170625,0.5718749999999999,2.3437499999999763e-05
109,92,0.170625,0.578125,2.3437499999999763e-05
109,93,0.170625,0.5843749999999999,2.3437499999999763e-05
109,94,0.170625,0.590625,2.343750000000018e-05
109,95,0.170625,0.596875,2.3437499999999763e-05
110,0,0.174375,0.0031249999999999997,2.3437500000000194e-05
110,1,0.174375,0.009375,2.3437500000000194e-05
110,2,0.174375,0.015625,2.3437500000000197e-05
110,3,0.174375,0.021875,2.343750000000019e-05
110,4,0.174375,0.028124999999999997,2.343750000000019e-05
110,5,0.174375,0.034374999999999996,2.3437500000000204e-05
110,6,0.174375,0.040624999999999994,2.343750000000019e-05
110,7,0.174375,0.046875,2.343750000000019e-05
110,8,0.174375,0.05312499999999999,2.343750000000019e-05
110,9,0.174375,0.059375,2.343750000000019e-05
110,10,0.174375,0.06562499999999999,2.343750000000019e-05
110,11,0.174375,0.071875,2.3437500000000214e-05
110,12,0.174375,0.078125,2.3437500000000163e-05
110,13,0.174375,0.08437499999999999,2.3437500000000214e-05
110,14,0.174375,0.09062499999999998,2.3437500000000163e-05
110,15,0.174375,0.09687499999999999,2.3437500000000214e-05
110,16,0.174375,0.103125,2.3437500000000214e-05
110,17,0.174375,0.109375,2.3437500000000163e-05
110,18,0.174375,0.11562499999999999,2.3437500000000214e-05
110,19,0.174375,0.12187499999999998,2.3437500000000163e-05
110,20,0.174375,0.128125,2.3437500000000163e-05
110,21,0.174375,0.13437499999999997,2.3437500000000214e-05
110,22,0.174375,0.140625,2.3437500000000214e-05
110,23,0.174375,0.14687499999999998,2.3437500000000214e-05
110,24,0.174375,0.153125,2.3437500000000214e-05
110,25,0.174375,0.159375,2.3437500000000112e-05
110,26,0.174375,0.16562499999999997,2.3437500000000214e-05
110,27,0.174375,0.171875,2.3437500000000214e-05
110,28,0.174375,0.17812499999999998,2.3437500000000214e-05
110,29,0.174375,0.18437499999999998,2.3437500000000112e-05
110,30,0.174375,0.190625,2.3437500000000214e-05
110,31,0.174375,0.19687499999999997,2.3437500000000214e-05
110,32,0.174375,0.203125,2.3437500000000214e-05
110,33,0.174375,0.20937499999999998,2.3437500000000214e-05
110,34,0.174375,0.21562499999999998,2.3437500000000112e-05
110,35,0.174375,0.221875,2.3437500000000214e-05
110,36,0.174375,0.22812499999999997,2.3437500000000214e-05
110,37,0.174375,0.234375,2.3437500000000214e-05
110,38,0.174375,0.24062499999999998,2.3437500000000112e-05
110,39,0.174375,0.24687499999999996,2.3437500000000214e-05
110,40,0.174375,0.253125,2.3437500000000214e-05
110,41,0.174375,0.25937499999999997,2.3437500000000112e-05
110,42,0.174375,0.265625,2.343750000000032e-05
110,43,0.174375,0.271875,2.3437500000000112e-05
110,44,0.174375,0.27812499999999996,2.343750000000032e-05
110,45,0.174375,0.284375,2.3437500000000112e-05
110,46,0.174375,0.29062499999999997,2.3437500000000112e-05
110,47,0.174375,0.296875,2.343750000000032e-05
110,48,0.174375,0.303125,2.3437500000000112e-05
110,49,0.174375,0.30937499999999996,2.343750000000032e-05
110,50,0.174375,0.315625,2.3437500000000112e-05
110,51,0.174375,0.32187499999999997,2.3437500000000112e-05
110,52,0.174375,0.328125,2.343750000000032e-05
110,53,0.174375,0.334375,2.3437500000000112e-05
110,54,0.174375,0.34062499999999996,2.3437500000000112e-05
110,55,0.174375,0.34687499999999993,2.343750000000032e-05
110,56,0.174375,0.35312499999999997,2.3437500000000112e-05
110,57,0.174375,0.359375,2.343750000000032e-05
110,58,0.174375,0.365625,2.3437500000000112e-05
110,59,0.174375,0.37187499999999996,2.3437500000000112e-05
110,60,0.174375,0.37812499999999993,2.343750000000032e-05
110,61,0.174375,0.38437499999999997,2.3437500000000112e-05
110,62,0.174375,0.390625,2.343750000000032e-05
110,63,0.174375,0.396875,2.3437500000000112e-05
110,64,0.174375,0.40312499999999996,2.3437500000000112e-05
110,65,0.174375,0.40937499999999993,2.343750000000032e-05
110,66,0.174375,0.41562499999999997,2.3437500000000112e-05
110,67,0.174375,0.421875,2.343750000000032e-05
110,68,0.174375,0.428125,2.3437500000000112e-05
110,69,0.174375,0.43437499999999996,2.3437500000000112e-05
110,70,0.174375,0.44062499999999993,2.343750000000032e-05
110,71,0.174375,0.44687499999999997,2.3437500000000112e-05
110,72,0.174375,0.453125,2.343750000000032e-05
110,73,0.174375,0.459375,2.3437500000000112e-05
110,74,0.174375,0.46562499999999996,2.3437500000000112e-05
110,75,0.174375,0.47187499999999993,2.343750000000032e-05
110,76,0.174375,0.47812499999999997,2.3437500000000112e-05
110,77,0.174375,0.48437499999999994,2.3437500000000112e-05
110,78,0.174375,0.490625,2.343750000000032e-05
110,79,0.174375,0.49687499999999996,2.3437500000000112e-05
110,80,0.174375,0.5031249999999999,2.343750000000032e-05
110,81,0.174375,0.5093749999999999,2.3437500000000112e-05
110,82,0.174375,0.515625,2.3437500000000112e-05
110,83,0.174375,0.5218749999999999,2.3437500000000112e-05
110,84,0.174375,0.528125,2.343750000000053e-05
110,85,0.174375,0.534375,2.3437500000000112e-05
110,86,0.174375,0.5406249999999999,2.3437500000000112e-05
110,87,0.174375,0.546875,2.3437500000000112e-05
110,88,0.174375,0.5531249999999999,2.3437500000000112e-05
110,89,0.174375,0.559375,2.343750000000053e-05
110,90,0.174375,0.565625,2.3437500000000112e-05
110,91,0.174375,0.5718749999999999,2.3437500000000112e-05
110,92,0.174375,0.578125,2.3437500000000112e-05
110,93,0.174375,0.5843749999999999,2.3437500000000112e-05
110,94,0.174375,0.590625,2.343750000000053e-05
110,95,0.174375,0.596875,2.3437500000000112e-05
111,0,0.178125,0.0031249999999999997,2.3437499999999845e-05
111,1,0.178125,0.009375,2.3437499999999845e-05
111,2,0.178125,0.015625,2.3437499999999848e-05
111,3,0.178125,0.021875,2.343749999999984e-05
111,4,0.178125,0.028124999999999997,2.343749999999984e-05
111,5,0.178125,0.034374999999999996,2.3437499999999855e-05
111,6,0.178125,0.040624999999999994,2.343749999999984e-05
111,7,0.178125,0.046875,2.343749999999984e-05
111,8,0.178125,0.05312499999999999,2.343749999999984e-05
111,9,0.178125,0.059375,2.343749999999984e-05
111,10,0.178125,0.06562499999999999,2.343749999999984e-05
111,11,0.178125,0.071875,2.343749999999987e-05
111,12,0.178125,0.078125,2.3437499999999818e-05
111,13,0.178125,0.08437499999999999,2.343749999999987e-05
111,14,0.178125,0.09062499999999998,2.3437499999999818e-05
111,15,0.178125,0.09687499999999999,2.343749999999987e-05
111,16,0.178125,0.103125,2.343749999999987e-05
111,17,0.178125,0.109375,2.3437499999999818e-05
111,18,0.178125,0.11562499999999999,2.343749999999987e-05
111,19,0.178125,0.12187499999999998,2.3437499999999818e-05
111,20,0.178125,0.128125,2.3437499999999818e-05
111,21,0.178125,0.13437499999999997,2.343749999999987e-05
111,22,0.178125,0.140625,2.343749999999987e-05
111,23,0.178125,0.14687499999999998,2.343749999999987e-05
111,24,0.178125,0.153125,2.343749999999987e-05
111,25,0.178125,0.159375,2.3437499999999763e-05
111,26,0.178125,0.16562499999999997,2.343749999999987e-05
111,27,0.178125,0.171875,2.343749999999987e-05
111,28,0.178125,0.17812499999999998,2.343749999999987e-05
111,29,0.178125,0.18437499999999998,2.3437499999999763e-05
111,30,0.178125,0.190625,2.343749999999987e-05
111,31,0.178125,0.19687499999999997,2.343749999999987e-05
111,32,0.178125,0.203125,2.343749999999987e-05
111,33,0.178125,0.20937499999999998,2.343749999999987e-05
111,34,0.178125,0.21562499999999998,2.3437499999999763e-05
111,35,0.178125,0.221875,2.343749999999987e-05
111,36,0.178125,0.22812499999999997,2.343749999999987e-05
111,37,0.178125,0.234375,2.343749999999987e-05
111,38,0.178125,0.24062499999999998,2.3437499999999763e-05
111,39,0.178125,0.24687499999999996,2.343749999999987e-05
111,40,0.178125,0.253125,2.343749999999987e-05
111,41,0.178125,0.25937499999999997,2.3437499999999763e-05
111,42,0.178125,0.265625,2.3437499999999973e-05
111,43,0.178125,0.271875,2.3437499999999763e-05
111,44,0.178125,0.27812499999999996,2.3437499999999973e-05
111,45,0.178125,0.284375,2.3437499999999763e-05
111,46,0.178125,0.29062499999999997,2.3437499999999763e-05
111,47,0.178125,0.296875,2.3437499999999973e-05
111,48,0.178125,0.303125,2.3437499999999763e-05
111,49,0.178125,0.30937499999999996,2.3437499999999973e-05
111,50,0.178125,0.315625,2.3437499999999763e-05
111,51,0.178125,0.32187499999999997,2.3437499999999763e-05
111,52,0.178125,0.328125,2.3437499999999973e-05
111,53,0.178125,0.334375,2.3437499999999763e-05
111,54,0.178125,0.34062499999999996,2.3437499999999763e-05
111,55,0.178125,0.34687499999999993,2.3437499999999973e-05
111,56,0.178125,0.35312499999999997,2.3437499999999763e-05
111,57,0.178125,0.359375,2.3437499999999973e-05
111,58,0.178125,0.365625,2.3437499999999763e-05
111,59,0.178125,0.37187499999999996,2.3437499999999763e-05
111,60,0.178125,0.37812499999999993,2.3437499999999973e-05
111,61,0.178125,0.38437499999999997,2.3437499999999763e-05
111,62,0.178125,0.390625,2.3437499999999973e-05
111,63,0.178125,0.396875,2.3437499999999763e-05
111,64,0.178125,0.40312499999999996,2.3437499999999763e-05
111,65,0.178125,0.40937499999999993,2.3437499999999973e-05
111,66,0.178125,0.41562499999999997,2.3437499999999763e-05
111,67,0.178125,0.421875,2.3437499999999973e-05
111,68,0.178125,0.428125,2.3437499999999763e-05
111,69,0.178125,0.43437499999999996,2.3437499999999763e-05
111,70,0.178125,0.44062499999999993,2.3437499999999973e-05
111,71,0.178125,0.44687499999999997,2.3437499999999763e-05
111,72,0.178125,0.453125,2.3437499999999973e-05
111,73,0.178125,0.459375,2.3437499999999763e-05
111,74,0.178125,0.46562499999999996,2.3437499999999763e-05
111,75,0.178125,0.47187499999999993,2.3437499999999973e-05
111,76,0.178125,0.47812499999999997,2.3437499999999763e-05
111,77,0.178125,0.48437499999999994,2.3437499999999763e-05
111,78,0.178125,0.490625,2.3437499999999973e-05
111,79,0.178125,0.49687499999999996,2.3437499999999763e-05
111,80,0.178125,0.5031249999999999,2.3437499999999973e-05
111,81,0.178125,0.5093749999999999,2.3437499999999763e-05
111,82,0.178125,0.515625,2.3437499999999763e-05
111,83,0.178125,0.5218749999999999,2.3437499999999763e-05
111,84,0.178125,0.528125,2.343750000000018e-05
111,85,0.178125,0.534375,2.3437499999999763e-05
111,86,0.178125,0.5406249999999999,2.3437499999999763e-05
111,87,0.178125,0.546875,2.3437499999999763e-05
111,88,0.178125,0.5531249999999999,2.3437499999999763e-05
111,89,0.178125,0.559375,2.343750000000018e-05
111,90,0.178125,0.565625,2.3437499999999763e-05
111,91,0.178125,0.5718749999999999,2.3437499999999763e-05
111,92,0.178125,0.578125,2.3437499999999763e-05
111,93,0.178125,0.5843749999999999,2.3437499999999763e-05
111,94,0.178125,0.590625,2.343750000000018e-05
111,95,0.178125,0.596875,2.3437499999999763e-05
112,0,0.18187499999999998,0.0031249999999999997,2.3437499999999845e-05
112,1,0.18187499999999998,0.009375,2.3437499999999845e-05
112,2,0.18187499999999998,0.015625,2.3437499999999848e-05
112,3,0.18187499999999998,0.021875,2.343749999999984e-05
112,4,0.18187499999999998,0.028124999999999997,2.343749999999984e-05
112,5,0.18187499999999998,0.034374999999999996,2.3437499999999855e-05
112,6,0.18187499999999998,0.040624999999999994,2.343749999999984e-05
112,7,0.18187499999999998,0.046875,2.343749999999984e-05
112,8,0.18187499999999998,0.05312499999999999,2.343749999999984e-05
112,9,0.18187499999999998,0.059375,2.343749999999984e-05
112,10,0.18187499999999998,0.06562499999999999,2.343749999999984e-05
112,11,0.18187499999999998,0.071875,2.343749999999987e-05
112,12,0.18187499999999998,0.078125,2.3437499999999818e-05
112,13,0.18187499999999998,0.08437499999999999,2.343749999999987e-05
112,14,0.18187499999999998,0.09062499999999998,2.3437499999999818e-05
112,15,0.18187499999999998,0.09687499999999999,2.343749999999987e-05
112,16,0.18187499999999998,0.103125,2.343749999999987e-05
112,17,0.18187499999999998,0.109375,2.3437499999999818e-05
112,18,0.18187499999999998,0.11562499999999999,2.343749999999987e-05
112,19,0.18187499999999998,0.12187499999999998,2.3437499999999818e-05
112,20,0.18187499999999998,0.128125,2.3437499999999818e-05
112,21,0.18187499999999998,0.13437499999999997,2.343749999999987e-05
112,22,0.18187499999999998,0.140625,2.343749999999987e-05
112,23,0.18187499999999998,0.14687499999999998,2.343749999999987e-05
112,24,0.18187499999999998,0.153125,2.343749999999987e-05
112,25,0.18187499999999998,0.159375,2.3437499999999763e-05
112,26,0.18187499999999998,0.16562499999999997,2.343749999999987e-05
112,27,0.18187499999999998,0.171875,2.343749999999987e-05
112,28,0.18187499999999998,0.17812499999999998,2.343749999999987e-05
112,29,0.18187499999999998,0.18437499999999998,2.3437499999999763e-05
112,30,0.18187499999999998,0.190625,2.343749999999987e-05
112,31,0.18187499999999998,0.19687499999999997,2.343749999999987e-05
112,32,0.18187499999999998,0.203125,2.343749999999987e-05
112,33,0.18187499999999998,0.20937499999999998,2.343749999999987e-05
112,34,0.18187499999999998,0.21562499999999998,2.3437499999999763e-05
112,35,0.18187499999999998,0.221875,2.343749999999987e-05
112,36,0.18187499999999998,0.22812499999999997,2.343749999999987e-05
112,37,0.18187499999999998,0.234375,2.343749999999987e-05
112,38,0.18187499999999998,0.24062499999999998,2.3437499999999763e-05
112,39,0.18187499999999998,0.24687499999999996,2.343749999999987e-05
112,40,0.18187499999999998,0.253125,2.343749999999987e-05
112,41,0.18187499999999998,0.25937499999999997,2.3437499999999763e-05
112,42,0.18187499999999998,0.265625,2.3437499999999973e-05
112,43,0.18187499999999998,0.271875,2.3437499999999763e-05
112,44,0.18187499999999998,0.27812499999999996,2.3437499999999973e-05
112,45,0.18187499999999998,0.284375,2.3437499999999763e-05
112,46,0.18187499999999998,0.29062499999999997,2.3437499999999763e-05
112,47,0.18187499999999998,0.296875,2.3437499999999973e-05
112,48,0.18187499999999998,0.303125,2.3437499999999763e-05
112,49,0.18187499999999998,0.30937499999999996,2.3437499999999973e-05
112,50,0.18187499999999998,0.315625,2.3437499999999763e-05
112,51,0.18187499999999998,0.32187499999999997,2.3437499999999763e-05
112,52,0.18187499999999998,0.328125,2.3437499999999973e-05
112,53,0.18187499999999998,0.334375,2.3437499999999763e-05
112,54,0.18187499999999998,0.34062499999999996,2.3437499999999763e-05
112,55,0.18187499999999998,0.34687499999999993,2.3437499999999973e-05
112,56,0.18187499999999998,0.35312499999999997,2.3437499999999763e-05
112,57,0.18187499999999998,0.359375,2.3437499999999973e-05
112,58,0.18187499999999998,0.365625,2.3437499999999763e-05
112,59,0.18187499999999998,0.37187499999999996,2.3437499999999763e-05
112,60,0.18187499999999998,0.37812499999999993,2.3437499999999973e-05
112,61,0.18187499999999998,0.38437499999999997,2.3437499999999763e-05
112,62,0.18187499999999998,0.390625,2.3437499999999973e-05
112,63,0.18187499999999998,0.396875,2.3437499999999763e-05
112,64,0.18187499999999998,0.40312499999999996,2.3437499999999763e-05
112,65,0.18187499999999998,0.40937499999999993,2.3437499999999973e-05
112,66,0.18187499999999998,0.41562499999999997,2.3437499999999763e-05
112,67,0.18187499999999998,0.421875,2.3437499999999973e-05
112,68,0.18187499999999998,0.428125,2.3437499999999763e-05
112,69,0.18187499999999998,0.43437499999999996,2.3437499999999763e-05
112,70,0.18187499999999998,0.44062499999999993,2.3437499999999973e-05
112,71,0.18187499999999998,0.44687499999999997,2.3437499999999763e-05
112,72,0.18187499999999998,0.453125,2.3437499999999973e-05
112,73,0.18187499999999998,0.459375,2.3437499999999763e-05
112,74,0.18187499999999998,0.46562499999999996,2.3437499999999763e-05
112,75,0.18187499999999998,0.47187499999999993,2.3437499999999973e-05
112,76,0.18187499999999998,0.47812499999999997,2.3437499999999763e-05
112,77,0.18187499999999998,0.48437499999999994,2.3437499999999763e-05
112,78,0.18187499999999998,0.490625,2.3437499999999973e-05
112,79,0.18187499999999998,0.49687499999999996,2.3437499999999763e-05
112,80,0.18187499999999998,0.5031249999999999,2.3437499999999973e-05
112,81,0.18187499999999998,0.5093749999999999,2.3437499999999763e-05
112,82,0.18187499999999998,0.515625,2.3437499999999763e-05
112,83,0.18187499999999998,0.5218749999999999,2.3437499999999763e-05
112,84,0.18187499999999998,0.528125,2.343750000000018e-05
112,85,0.18187499999999998,0.534375,2.3437499999999763e-05
112,86,0.18187499999999998,0.5406249999999999,2.3437499999999763e-05
112,87,0.18187499999999998,0.546875,2.3437499999999763e-05
112,88,0.18187499999999998,0.5531249999999999,2.3437499999999763e-05
112,89,0.18187499999999998,0.559375,2.343750000000018e-05
112,90,0.18187499999999998,0.565625,2.3437499999999763e-05
112,91,0.18187499999999998,0.5718749999999999,2.3437499999999763e-05
112,92,0.18187499999999998,0.578125,2.3437499999999763e-05
112,93,0.18187499999999998,0.5843749999999999,2.3437499999999763e-05
112,94,0.18187499999999998,0.590625,2.343750000000018e-05
112,95,0.18187499999999998,0.596875,2.3437499999999763e-05
113,0,0.18562499999999998,0.0031249999999999997,2.3437500000000194e-05
113,1,0.18562499999999998,0.009375,2.3437500000000194e-05
113,2,0.18562499999999998,0.015625,2.3437500000000197e-05
113,3,0.18562499999999998,0.021875,2.343750000000019e-05
113,4,0.18562499999999998,0.028124999999999997,2.343750000000019e-05
113,5,0.18562499999999998,0.034374999999999996,2.3437500000000204e-05
113,6,0.18562499999999998,0.040624999999999994,2.343750000000019e-05
113,7,0.18562499999999998,0.046875,2.343750000000019e-05
113,8,0.18562499999999998,0.05312499999999999,2.343750000000019e-05
113,9,0.18562499999999998,0.059375,2.343750000000019e-05
113,10,0.18562499999999998,0.06562499999999999,2.343750000000019e-05
113,11,0.18562499999999998,0.071875,2.3437500000000214e-05
113,12,0.18562499999999998,0.078125,2.3437500000000163e-05
113,13,0.18562499999999998,0.08437499999999999,2.3437500000000214e-05
113,14,0.18562499999999998,0.09062499999999998,2.3437500000000163e-05
113,15,0.18562499999999998,0.09687499999999999,2.3437500000000214e-05
113,16,0.18562499999999998,0.103125,2.3437500000000214e-05
113,17,0.18562499999999998,0.109375,2.3437500000000163e-05
113,18,0.18562499999999998,0.11562499999999999,2.3437500000000214e-05
113,19,0.18562499999999998,0.12187499999999998,2.3437500000000163e-05
113,20,0.18562499999999998,0.128125,2.3437500000000163e-05
113,21,0.18562499999999998,0.13437499999999997,2.3437500000000214e-05
113,22,0.18562499999999998,0.140625,2.3437500000000214e-05
113,23,0.18562499999999998,0.14687499999999998,2.3437500000000214e-05
113,24,0.18562499999999998,0.153125,2.3437500000000214e-05
113,25,0.18562499999999998,0.159375,2.3437500000000112e-05
113,26,0.18562499999999998,0.16562499999999997,2.3437500000000214e-05
113,27,0.18562499999999998,0.171875,2.3437500000000214e-05
113,28,0.18562499999999998,0.17812499999999998,2.3437500000000214e-05
113,29,0.18562499999999998,0.18437499999999998,2.3437500000000112e-05
113,30,0.18562499999999998,0.190625,2.3437500000000214e-05
113,31,0.18562499999999998,0.19687499999999997,2.3437500000000214e-05
113,32,0.18562499999999998,0.203125,2.3437500000000214e-05
113,33,0.18562499999999998,0.20937499999999998,2.3437500000000214e-05
113,34,0.18562499999999998,0.21562499999999998,2.3437500000000112e-05
113,35,0.18562499999999998,0.221875,2.3437500000000214e-05
113,36,0.18562499999999998,0.22812499999999997,2.3437500000000214e-05
113,37,0.18562499999999998,0.234375,2.3437500000000214e-05
113,38,0.18562499999999998,0.24062499999999998,2.3437500000000112e-05
113,39,0.18562499999999998,0.24687499999999996,2.3437500000000214e-05
113,40,0.18562499999999998,0.253125,2.3437500000000214e-05
113,41,0.18562499999999998,0.25937499999999997,2.3437500000000112e-05
113,42,0.18562499999999998,0.265625,2.343750000000032e-05
113,43,0.18562499999999998,0.271875,2.3437500000000112e-05
113,44,0.18562499999999998,0.27812499999999996,2.343750000000032e-05
113,45,0.18562499999999998,0.284375,2.3437500000000112e-05
113,46,0.18562499999999998,0.29062499999999997,2.3437500000000112e-05
113,47,0.18562499999999998,0.296875,2.343750000000032e-05
113,48,0.18562499999999998,0.303125,2.3437500000000112e-05
113,49,0.18562499999999998,0.30937499999999996,2.343750000000032e-05
113,50,0.18562499999999998,0.315625,2.3437500000000112e-05
113,51,0.18562499999999998,0.32187499999999997,2.3437500000000112e-05
113,52,0.18562499999999998,0.328125,2.343750000000032e-05
113,53,0.18562499999999998,0.334375,2.3437500000000112e-05
113,54,0.18562499999999998,0.34062499999999996,2.3437500000000112e-05
113,55,0.18562499999999998,0.34687499999999993,2.343750000000032e-05
113,56,0.18562499999999998,0.35312499999999997,2.3437500000000112e-05
113,57,0.18562499999999998,0.359375,2.343750000000032e-05
113,58,0.18562499999999998,0.365625,2.3437500000000112e-05
113,59,0.18562499999999998,0.37187499999999996,2.3437500000000112e-05
113,60,0.18562499999999998,0.37812499999999993,2.343750000000032e-05
113,61,0.18562499999999998,0.38437499999999997,2.3437500000000112e-05
113,62,0.18562499999999998,0.390625,2.343750000000032e-05
113,63,0.18562499999999998,0.396875,2.3437500000000112e-05
113,64,0.18562499999999998,0.40312499999999996,2.3437500000000112e-05
113,65,0.18562499999999998,0.40937499999999993,2.343750000000032e-05
113,66,0.18562499999999998,0.41562499999999997,2.3437500000000112e-05
113,67,0.18562499999999998,0.421875,2.343750000000032e-05
113,68,0.18562499999999998,0.428125,2.3437500000000112e-05
113,69,0.18562499999999998,0.43437499999999996,2.3437500000000112e-05
113,70,0.18562499999999998,0.44062499999999993,2.343750000000032e-05
113,71,0.18562499999999998,0.44687499999999997,2.3437500000000112e-05
113,72,0.18562499999999998,0.453125,2.343750000000032e-05
113,73,0.18562499999999998,0.459375,2.3437500000000112e-05
113,74,0.18562499999999998,0.46562499999999996,2.3437500000000112e-05
113,75,0.18562499999999998,0.47187499999999993,2.343750000000032e-05
113,76,0.18562499999999998,0.47812499999999997,2.3437500000000112e-05
113,77,0.18562499999999998,0.48437499999999994,2.3437500000000112e-05
113,78,0.18562499999999998,0.490625,2.343750000000032e-05
113,79,0.18562499999999998,0.49687499999999996,2.3437500000000112e-05
113,80,0.18562499999999998,0.5031249999999999,2.343750000000032e-05
113,81,0.18562499999999998,0.5093749999999999,2.3437500000000112e-05
113,82,0.18562499999999998,0.515625,2.3437500000000112e-05
113,83,0.18562499999999998,0.5218749999999999,2.3437500000000112e-05
113,84,0.18562499999999998,0.528125,2.343750000000053e-05
113,85,0.18562499999999998,0.534375,2.3437500000000112e-05
113,86,0.18562499999999998,0.5406249999999999,2.3437500000000112e-05
113,87,0.18562499999999998,0.546875,2.3437500000000112e-05
113,88,0.18562499999999998,0.5531249999999999,2.3437500000000112e-05
113,89,0.18562499999999998,0.559375,2.343750000000053e-05
113,90,0.18562499999999998,0.565625,2.3437500000000112e-05
113,91,0.18562499999999998,0.5718749999999999,2.3437500000000112e-05
113,92,0.18562499999999998,0.578125,2.3437500000000112e-05
113,93,0.18562499999999998,0.5843749999999999,2.3437500000000112e-05
113,94,0.18562499999999998,0.590625,2.343750000000053e-05
113,95,0.18562499999999998,0.596875,2.3437500000000112e-05
114,0,0.189375,0.0031249999999999997,2.3437499999999845e-05
114,1,0.189375,0.009375,2.3437499999999845e-05
114,2,0.189375,0.015625,2.3437499999999848e-05
114,3,0.189375,0.021875,2.343749999999984e-05
114,4,0.189375,0.028124999999999997,2.343749999999984e-05
114,5,0.189375,0.034374999999999996,2.3437499999999855e-05
114,6,0.189375,0.040624999999999994,2.343749999999984e-05
114,7,0.189375,0.046875,2.343749999999984e-05
114,8,0.189375,0.05312499999999999,2.343749999999984e-05
114,9,0.189375,0.059375,2.343749999999984e-05
114,10,0.189375,0.06562499999999999,2.343749999999984e-05
114,11,0.189375,0.071875,2.343749999999987e-05
114,12,0.189375,0.078125,2.3437499999999818e-05
114,13,0.189375,0.08437499999999999,2.343749999999987e-05
114,14,0.189375,0.09062499999999998,2.3437499999999818e-05
114,15,0.189375,0.09687499999999999,2.343749999999987e-05
114,16,0.189375,0.103125,2.343749999999987e-05
114,17,0.189375,0.109375,2.3437499999999818e-05
114,18,0.189375,0.11562499999999999,2.343749999999987e-05
114,19,0.189375,0.12187499999999998,2.3437499999999818e-05
114,20,0.189375,0.128125,2.3437499999999818e-05
114,21,0.189375,0.13437499999999997,2.343749999999987e-05
114,22,0.189375,0.140625,2.343749999999987e-05
114,23,0.189375,0.14687499999999998,2.343749999999987e-05
114,24,0.189375,0.153125,2.343749999999987e-05
114,25,0.189375,0.159375,2.3437499999999763e-05
114,26,0.189375,0.16562499999999997,2.343749999999987e-05
114,27,0.189375,0.171875,2.343749999999987e-05
114,28,0.189375,0.17812499999999998,2.343749999999987e-05
114,29,0.189375,0.18437499999999998,2.3437499999999763e-05
114,30,0.189375,0.190625,2.343749999999987e-05
114,31,0.189375,0.19687499999999997,2.343749999999987e-05
114,32,0.189375,0.203125,2.343749999999987e-05
114,33,0.189375,0.20937499999999998,2.343749999999987e-05
114,34,0.189375,0.21562499999999998,2.3437499999999763e-05
114,35,0.189375,0.221875,2.343749999999987e-05
114,36,0.189375,0.22812499999999997,2.343749999999987e-05
114,37,0.189375,0.234375,2.343749999999987e-05
114,38,0.189375,0.24062499999999998,2.3437499999999763e-05
114,39,0.189375,0.24687499999999996,2.343749999999987e-05
114,40,0.189375,0.253125,2.343749999999987e-05
114,41,0.189375,0.25937499999999997,2.3437499999999763e-05
114,42,0.189375,0.265625,2.3437499999999973e-05
114,43,0.189375,0.271875,2.3437499999999763e-05
114,44,0.189375,0.27812499999999996,2.3437499999999973e-05
114,45,0.189375,0.284375,2.3437499999999763e-05
114,46,0.189375,0.29062499999999997,2.3437499999999763e-05
114,47,0.189375,0.296875,2.3437499999999973e-05
114,48,0.189375,0.303125,2.3437499999999763e-05
114,49,0.189375,0.30937499999999996,2.3437499999999973e-05
114,50,0.189375,0.315625,2.3437499999999763e-05
114,51,0.189375,0.32187499999999997,2.3437499999999763e-05
114,52,0.189375,0.328125,2.3437499999999973e-05
114,53,0.189375,0.334375,2.3437499999999763e-05
114,54,0.189375,0.34062499999999996,2.3437499999999763e-05
114,55,0.189375,0.34687499999999993,2.3437499999999973e-05
114,56,0.189375,0.35312499999999997,2.3437499999999763e-05
114,57,0.189375,0.359375,2.3437499999999973e-05
114,58,0.189375,0.365625,2.3437499999999763e-05
114,59,0.189375,0.37187499999999996,2.3437499999999763e-05
114,60,0.189375,0.37812499999999993,2.3437499999999973e-05
114,61,0.189375,0.38437499999999997,2.3437499999999763e-05
114,62,0.189375,0.390625,2.3437499999999973e-05
114,63,0.189375,0.396875,2.3437499999999763e-05
114,64,0.189375,0.40312499999999996,2.3437499999999763e-05
114,65,0.189375,0.40937499999999993,2.3437499999999973e-05
114,66,0.189375,0.41562499999999997,2.3437499999999763e-05
114,67,0.189375,0.421875,2.3437499999999973e-05
114,68,0.189375,0.428125,2.3437499999999763e-05
114,69,0.189375,0.43437499999999996,2.3437499999999763e-05
114,70,0.189375,0.44062499999999993,2.3437499999999973e-05
114,71,0.189375,0.44687499999999997,2.3437499999999763e-05
114,72,0.189375,0.453125,2.3437499999999973e-05
114,73,0.189375,0.459375,2.3437499999999763e-05
114,74,0.189375,0.46562499999999996,2.3437499999999763e-05
114,75,0.189375,0.47187499999999993,2.3437499999999973e-05
114,76,0.189375,0.47812499999999997,2.3437499999999763e-05
114,77,0.189375,0.48437499999999994,2.3437499999999763e-05
114,78,0.189375,0.490625,2.3437499999999973e-05
114,79,0.189375,0.49687499999999996,2.3437499999999763e-05
114,80,0.189375,0.5031249999999999,2.3437499999999973e-05
114,81,0.189375,0.5093749999999999,2.3437499999999763e-05
114,82,0.189375,0.515625,2.3437499999999763e-05
114,83,0.189375,0.5218749999999999,2.3437499999999763e-05
114,84,0.189375,0.528125,2.343750000000018e-05
114,85,0.189375,0.534375,2.3437499999999763e-05
114,86,0.189375,0.5406249999999999,2.3437499999999763e-05
114,87,0.189375,0.546875,2.3437499999999763e-05
114,88,0.189375,0.5531249999999999,2.3437499999999763e-05
114,89,0.189375,0.559375,2.343750000000018e-05
114,90,0.189375,0.565625,2.3437499999999763e-05
114,91,0.189375,0.5718749999999999,2.3437499999999763e-05
114,92,0.189375,0.578125,2.3437499999999763e-05
114,93,0.189375,0.5843749999999999,2.3437499999999763e-05
114,94,0.189375,0.590625,2.343750000000018e-05
114,95,0.189375,0.596875,2.3437499999999763e-05
115,0,0.193125,0.0031249999999999997,2.3437500000000194e-05
115,1,0.193125,0.009375,2.3437500000000194e-05
115,2,0.193125,0.015625,2.3437500000000197e-05
115,3,0.193125,0.021875,2.343750000000019e-05
115,4,0.193125,0.028124999999999997,2.343750000000019e-05
115,5,0.193125,0.034374999999999996,2.3437500000000204e-05
115,6,0.193125,0.040624999999999994,2.343750000000019e-05
115,7,0.193125,0.046875,2.343750000000019e-05
115,8,0.193125,0.05312499999999999,2.343750000000019e-05
115,9,0.193125,0.059375,2.343750000000019e-05
115,10,0.193125,0.06562499999999999,2.343750000000019e-05
115,11,0.193125,0.071875,2.3437500000000214e-05
115,12,0.193125,0.078125,2.3437500000000163e-05
115,13,0.193125,0.08437499999999999,2.3437500000000214e-05
115,14,0.193125,0.09062499999999998,2.3437500000000163e-05
115,15,0.193125,0.09687499999999999,2.3437500000000214e-05
115,16,0.193125,0.103125,2.3437500000000214e-05
115,17,0.193125,0.109375,2.3437500000000163e-05
115,18,0.193125,0.11562499999999999,2.3437500000000214e-05
115,19,0.193125,0.12187499999999998,2.3437500000000163e-05
115,20,0.193125,0.128125,2.3437500000000163e-05
115,21,0.193125,0.13437499999999997,2.3437500000000214e-05
115,22,0.193125,0.140625,2.3437500000000214e-05
115,23,0.193125,0.14687499999999998,2.3437500000000214e-05
115,24,0.193125,0.153125,2.3437500000000214e-05
115,25,0.193125,0.159375,2.3437500000000112e-05
115,26,0.193125,0.16562499999999997,2.3437500000000214e-05
115,27,0.193125,0.171875,2.3437500000000214e-05
115,28,0.193125,0.17812499999999998,2.3437500000000214e-05
115,29,0.193125,0.18437499999999998,2.3437500000000112e-05
115,30,0.193125,0.190625,2.3437500000000214e-05
115,31,0.193125,0.19687499999999997,2.3437500000000214e-05
115,32,0.193125,0.203125,2.3437500000000214e-05
115,33,0.193125,0.20937499999999998,2.3437500000000214e-05
115,34,0.193125,0.21562499999999998,2.3437500000000112e-05
115,35,0.193125,0.221875,2.3437500000000214e-05
115,36,0.193125,0.22812499999999997,2.3437500000000214e-05
115,37,0.193125,0.234375,2.3437500000000214e-05
115,38,0.193125,0.24062499999999998,2.3437500000000112e-05
115,39,0.193125,0.24687499999999996,2.3437500000000214e-05
115,40,0.193125,0.253125,2.3437500000000214e-05
115,41,0.193125,0.25937499999999997,2.3437500000000112e-05
115,42,0.193125,0.265625,2.343750000000032e-05
115,43,0.193125,0.271875,2.3437500000000112e-05
115,44,0.193125,0.27812499999999996,2.343750000000032e-05
115,45,0.193125,0.284375,2.3437500000000112e-05
115,46,0.193125,0.29062499999999997,2.3437500000000112e-05
115,47,0.193125,0.296875,2.343750000000032e-05
115,48,0.193125,0.303125,2.3437500000000112e-05
115,49,0.193125,0.30937499999999996,2.343750000000032e-05
115,50,0.193125,0.315625,2.3437500000000112e-05
115,51,0.193125,0.32187499999999997,2.3437500000000112e-05
115,52,0.193125,0.328125,2.343750000000032e-05
115,53,0.193125,0.334375,2.3437500000000112e-05
115,54,0.193125,0.34062499999999996,2.3437500000000112e-05
115,55,0.193125,0.34687499999999993,2.343750000000032e-05
115,56,0.193125,0.35312499999999997,2.3437500000000112e-05
115,57,0.193125,0.359375,2.343750000000032e-05
115,58,0.193125,0.365625,2.3437500000000112e-05
115,59,0.193125,0.37187499999999996,2.3437500000000112e-05
115,60,0.193125,0.37812499999999993,2.343750000000032e-05
115,61,0.193125,0.38437499999999997,2.3437500000000112e-05
115,62,0.193125,0.390625,2.343750000000032e-05
115,63,0.193125,0.396875,2.3437500000000112e-05
115,64,0.193125,0.40312499999999996,2.3437500000000112e-05
115,65,0.193125,0.40937499999999993,2.343750000000032e-05
115,66,0.193125,0.41562499999999997,2.3437500000000112e-05
115,67,0.193125,0.421875,2.343750000000032e-05
115,68,0.193125,0.428125,2.3437500000000112e-05
115,69,0.193125,0.43437499999999996,2.3437500000000112e-05
115,70,0.193125,0.44062499999999993,2.343750000000032e-05
115,71,0.193125,0.44687499999999997,2.3437500000000112e-05
115,72,0.193125,0.453125,2.343750000000032e-05
115,73,0.193125,0.459375,2.3437500000000112e-05
115,74,0.193125,0.46562499999999996,2.3437500000000112e-05
115,75,0.193125,0.47187499999999993,2.343750000000032e-05
115,76,0.193125,0.47812499999999997,2.3437500000000112e-05
115,77,0.193125,0.48437499999999994,2.3437500000000112e-05
115,78,0.193125,0.490625,2.343750000000032e-05
115,79,0.193125,0.49687499999999996,2.3437500000000112e-05
115,80,0.193125,0.5031249999999999,2.343750000000032e-05
115,81,0.193125,0.5093749999999999,2.3437500000000112e-05
115,82,0.193125,0.515625,2.3437500000000112e-05
115,83,0.193125,0.5218749999999999,2.3437500000000112e-05
115,84,0.193125,0.528125,2.343750000000053e-05
115,85,0.193125,0.534375,2.3437500000000112e-05
115,86,0.193125,0.5406249999999999,2.3437500000000112e-05
115,87,0.193125,0.546875,2.3437500000000112e-05
115,88,0.193125,0.5531249999999999,2.3437500000000112e-05
115,89,0.193125,0.559375,2.343750000000053e-05
115,90,0.193125,0.565625,2.3437500000000112e-05
115,91,0.193125,0.5718749999999999,2.3437500000000112e-05
115,92,0.193125,0.578125,2.3437500000000112e-05
115,93,0.193125,0.5843749999999999,2.3437500000000112e-05
115,94,0.193125,0.590625,2.343750000000053e-05
115,95,0.193125,0.596875,2.3437500000000112e-05
116,0,0.196875,0.0031249999999999997,2.3437499999999845e-05
116,1,0.196875,0.009375,2.3437499999999845e-05
116,2,0.196875,0.015625,2.3437499999999848e-05
116,3,0.196875,0.021875,2.343749999999984e-05
116,4,0.196875,0.028124999999999997,2.343749999999984e-05
116,5,0.196875,0.034374999999999996,2.3437499999999855e-05
116,6,0.196875,0.040624999999999994,2.343749999999984e-05
116,7,0.196875,0.046875,2.343749999999984e-05
116,8,0.196875,0.05312499999999999,2.343749999999984e-05
116,9,0.196875,0.059375,2.343749999999984e-05
116,10,0.196875,0.06562499999999999,2.343749999999984e-05
116,11,0.196875,0.071875,2.343749999999987e-05
116,12,0.196875,0.078125,2.3437499999999818e-05
116,13,0.196875,0.08437499999999999,2.343749999999987e-05
116,14,0.196875,0.09062499999999998,2.3437499999999818e-05
116,15,0.196875,0.09687499999999999,2.343749999999987e-05
116,16,0.196875,0.103125,2.343749999999987e-05
116,17,0.196875,0.109375,2.3437499999999818e-05
116,18,0.196875,0.11562499999999999,2.343749999999987e-05
116,19,0.196875,0.12187499999999998,2.3437499999999818e-05
116,20,0.196875,0.128125,2.3437499999999818e-05
116,21,0.196875,0.13437499999999997,2.343749999999987e-05
116,22,0.196875,0.140625,2.343749999999987e-05
116,23,0.196875,0.14687499999999998,2.343749999999987e-05
116,24,0.196875,0.153125,2.343749999999987e-05
116,25,0.196875,0.159375,2.3437499999999763e-05
116,26,0.196875,0.16562499999999997,2.343749999999987e-05
116,27,0.196875,0.171875,2.343749999999987e-05
116,28,0.196875,0.17812499999999998,2.343749999999987e-05
116,29,0.196875,0.18437499999999998,2.3437499999999763e-05
116,30,0.196875,0.190625,2.343749999999987e-05
116,31,0.196875,0.19687499999999997,2.343749999999987e-05
116,32,0.196875,0.203125,2.343749999999987e-05
116,33,0.196875,0.20937499999999998,2.343749999999987e-05
116,34,0.196875,0.21562499999999998,2.3437499999999763e-05
116,35,0.196875,0.221875,2.343749999999987e-05
116,36,0.196875,0.22812499999999997,2.343749999999987e-05
116,37,0.196875,0.234375,2.343749999999987e-05
116,38,0.196875,0.24062499999999998,2.3437499999999763e-05
116,39,0.196875,0.24687499999999996,2.343749999999987e-05
116,40,0.196875,0.253125,2.343749999999987e-05
116,41,0.196875,0.25937499999999997,2.3437499999999763e-05
116,42,0.196875,0.265625,2.3437499999999973e-05
116,43,0.196875,0.271875,2.3437499999999763e-05
116,44,0.196875,0.27812499999999996,2.3437499999999973e-05
116,45,0.196875,0.284375,2.3437499999999763e-05
116,46,0.196875,0.29062499999999997,2.3437499999999763e-05
116,47,0.196875,0.296875,2.3437499999999973e-05
116,48,0.196875,0.303125,2.3437499999999763e-05
116,49,0.196875,0.30937499999999996,2.3437499999999973e-05
116,50,0.196875,0.315625,2.3437499999999763e-05
116,51,0.196875,0.32187499999999997,2.3437499999999763e-05
116,52,0.196875,0.328125,2.3437499999999973e-05
116,53,0.196875,0.334375,2.3437499999999763e-05
116,54,0.196875,0.34062499999999996,2.3437499999999763e-05
116,55,0.196875,0.34687499999999993,2.3437499999999973e-05
116,56,0.196875,0.35312499999999997,2.3437499999999763e-05
116,57,0.196875,0.359375,2.3437499999999973e-05
116,58,0.196875,0.365625,2.3437499999999763e-05
116,59,0.196875,0.37187499999999996,2.3437499999999763e-05
116,60,0.196875,0.37812499999999993,2.3437499999999973e-05
116,61,0.196875,0.38437499999999997,2.3437499999999763e-05
116,62,0.196875,0.390625,2.3437499999999973e-05
116,63,0.196875,0.396875,2.3437499999999763e-05
116,64,0.196875,0.40312499999999996,2.3437499999999763e-05
116,65,0.196875,0.40937499999999993,2.3437499999999973e-05
116,66,0.196875,0.41562499999999997,2.3437499999999763e-05
116,67,0.196875,0.421875,2.3437499999999973e-05
116,68,0.196875,0.428125,2.3437499999999763e-05
116,69,0.196875,0.43437499999999996,2.3437499999999763e-05
116,70,0.196875,0.44062499999999993,2.3437499999999973e-05
116,71,0.196875,0.44687499999999997,2.3437499999999763e-05
116,72,0.196875,0.453125,2.3437499999999973e-05
116,73,0.196875,0.459375,2.3437499999999763e-05
116,74,0.196875,0.46562499999999996,2.3437499999999763e-05
116,75,0.196875,0.47187499999999993,2.3437499999999973e-05
116,76,0.196875,0.47812499999999997,2.3437499999999763e-05
116,77,0.196875,0.48437499999999994,2.3437499999999763e-05
116,78,0.196875,0.490625,2.3437499999999973e-05
116,79,0.196875,0.49687499999999996,2.3437499999999763e-05
116,80,0.196875,0.5031249999999999,2.3437499999999973e-05
116,81,0.196875,0.5093749999999999,2.3437499999999763e-05
116,82,0.196875,0.515625,2.3437499999999763e-05
116,83,0.196875,0.5218749999999999,2.3437499999999763e-05
116,84,0.196875,0.528125,2.343750000000018e-05
116,85,0.196875,0.534375,2.3437499999999763e-05
116,86,0.196875,0.5406249999999999,2.3437499999999763e-05
116,87,0.196875,0.546875,2.3437499999999763e-05
116,88,0.196875,0.5531249999999999,2.3437499999999763e-05
116,89,0.196875,0.559375,2.343750000000018e-05
116,90,0.196875,0.565625,2.3437499999999763e-05
116,91,0.196875,0.5718749999999999,2.3437499999999763e-05
116,92,0.196875,0.578125,2.3437499999999763e-05
116,93,0.196875,0.5843749999999999,2.3437499999999763e-05
116,94,0.196875,0.590625,2.343750000000018e-05
116,95,0.196875,0.596875,2.3437499999999763e-05
117,0,0.200625,0.0031249999999999997,2.3437500000000194e-05
117,1,0.200625,0.009375,2.3437500000000194e-05
117,2,0.200625,0.015625,2.3437500000000197e-05
117,3,0.200625,0.021875,2.343750000000019e-05
117,4,0.200625,0.028124999999999997,2.343750000000019e-05
117,5,0.200625,0.034374999999999996,2.3437500000000204e-05
117,6,0.200625,0.040624999999999994,2.343750000000019e-05
117,7,0.200625,0.046875,2.343750000000019e-05
117,8,0.200625,0.05312499999999999,2.343750000000019e-05
117,9,0.200625,0.059375,2.343750000000019e-05
117,10,0.200625,0.06562499999999999,2.343750000000019e-05
117,11,0.200625,0.071875,2.3437500000000214e-05
117,12,0.200625,0.078125,2.3437500000000163e-05
117,13,0.200625,0.08437499999999999,2.3437500000000214e-05
117,14,0.200625,0.09062499999999998,2.3437500000000163e-05
117,15,0.200625,0.09687499999999999,2.3437500000000214e-05
117,16,0.200625,0.103125,2.3437500000000214e-05
117,17,0.200625,0.109375,2.3437500000000163e-05
117,18,0.200625,0.11562499999999999,2.3437500000000214e-05
117,19,0.200625,0.12187499999999998,2.3437500000000163e-05
117,20,0.200625,0.128125,2.3437500000000163e-05
117,21,0.200625,0.13437499999999997,2.3437500000000214e-05
117,22,0.200625,0.140625,2.3437500000000214e-05
117,23,0.200625,0.14687499999999998,2.3437500000000214e-05
117,24,0.200625,0.153125,2.3437500000000214e-05
117,25,0.200625,0.159375,2.3437500000000112e-05
117,26,0.200625,0.16562499999999997,2.3437500000000214e-05
117,27,0.200625,0.171875,2.3437500000000214e-05
117,28,0.200625,0.17812499999999998,2.3437500000000214e-05
117,29,0.200625,0.18437499999999998,2.3437500000000112e-05
117,30,0.200625,0.190625,2.3437500000000214e-05
117,31,0.200625,0.19687499999999997,2.3437500000000214e-05
117,32,0.200625,0.203125,2.3437500000000214e-05
117,33,0.200625,0.20937499999999998,2.3437500000000214e-05
117,34,0.200625,0.21562499999999998,2.3437500000000112e-05
117,35,0.200625,0.221875,2.3437500000000214e-05
117,36,0.200625,0.22812499999999997,2.3437500000000214e-05
117,37,0.200625,0.234375,2.3437500000000214e-05
117,38,0.200625,0.24062499999999998,2.3437500000000112e-05
117,39,0.200625,0.24687499999999996,2.3437500000000214e-05
117,40,0.200625,0.253125,2.3437500000000214e-05
117,41,0.200625,0.25937499999999997,2.3437500000000112e-05
117,42,0.200625,0.265625,2.343750000000032e-05
117,43,0.200625,0.271875,2.3437500000000112e-05
117,44,0.200625,0.27812499999999996,2.343750000000032e-05
117,45,0.200625,0.284375,2.3437500000000112e-05
117,46,0.200625,0.29062499999999997,2.3437500000000112e-05
117,47,0.200625,0.296875,2.343750000000032e-05
117,48,0.200625,0.303125,2.3437500000000112e-05
117,49,0.200625,0.30937499999999996,2.343750000000032e-05
117,50,0.200625,0.315625,2.3437500000000112e-05
117,51,0.200625,0.32187499999999997,2.3437500000000112e-05
117,52,0.200625,0.328125,2.343750000000032e-05
117,53,0.200625,0.334375,2.3437500000000112e-05
117,54,0.200625,0.34062499999999996,2.3437500000000112e-05
117,55,0.200625,0.34687499999999993,2.343750000000032e-05
117,56,0.200625,0.35312499999999997,2.3437500000000112e-05
117,57,0.200625,0.359375,2.343750000000032e-05
117,58,0.200625,0.365625,2.3437500000000112e-05
117,59,0.200625,0.37187499999999996,2.3437500000000112e-05
117,60,0.200625,0.37812499999999993,2.343750000000032e-05
117,61,0.200625,0.38437499999999997,2.3437500000000112e-05
117,62,0.200625,0.390625,2.343750000000032e-05
117,63,0.200625,0.396875,2.3437500000000112e-05
117,64,0.200625,0.40312499999999996,2.3437500000000112e-05
117,65,0.200625,0.40937499999999993,2.343750000000032e-05
117,66,0.200625,0.41562499999999997,2.3437500000000112e-05
117,67,0.200625,0.421875,2.343750000000032e-05
117,68,0.200625,0.428125,2.3437500000000112e-05
117,69,0.200625,0.43437499999999996,2.3437500000000112e-05
117,70,0.200625,0.44062499999999993,2.343750000000032e-05
117,71,0.200625,0.44687499999999997,2.3437500000000112e-05
117,72,0.200625,0.453125,2.343750000000032e-05
117,73,0.200625,0.459375,2.3437500000000112e-05
117,74,0.200625,0.46562499999999996,2.3437500000000112e-05
117,75,0.200625,0.47187499999999993,2.343750000000032e-05
117,76,0.200625,0.47812499999999997,2.3437500000000112e-05
117,77,0.200625,0.48437499999999994,2.3437500000000112e-05
117,78,0.200625,0.490625,2.343750000000032e-05
117,79,0.200625,0.49687499999999996,2.3437500000000112e-05
117,80,0.200625,0.5031249999999999,2.343750000000032e-05
117,81,0.200625,0.5093749999999999,2.3437500000000112e-05
117,82,0.200625,0.515625,2.3437500000000112e-05
117,83,0.200625,0.5218749999999999,2.3437500000000112e-05
117,84,0.200625,0.528125,2.343750000000053e-05
117,85,0.200625,0.534375,2.3437500000000112e-05
117,86,0.200625,0.5406249999999999,2.3437500000000112e-05
117,87,0.200625,0.546875,2.3437500000000112e-05
117,88,0.200625,0.5531249999999999,2.3437500000000112e-05
117,89,0.200625,0.559375,2.343750000000053e-05
117,90,0.200625,0.565625,2.3437500000000112e-05
117,91,0.200625,0.5718749999999999,2.3437500000000112e-05
117,92,0.200625,0.578125,2.3437500000000112e-05
117,93,0.200625,0.5843749999999999,2.3437500000000112e-05
117,94,0.200625,0.590625,2.343750000000053e-05
117,95,0.200625,0.596875,2.3437500000000112e-05
118,0,0.204375,0.0031249999999999997,2.3437499999999845e-05
118,1,0.204375,0.009375,2.3437499999999845e-05
118,2,0.204375,0.015625,2.3437499999999848e-05
118,3,0.204375,0.021875,2.343749999999984e-05
118,4,0.204375,0.028124999999999997,2.343749999999984e-05
118,5,0.204375,0.034374999999999996,2.3437499999999855e-05
118,6,0.204375,0.040624999999999994,2.343749999999984e-05
118,7,0.204375,0.046875,2.343749999999984e-05
118,8,0.204375,0.05312499999999999,2.343749999999984e-05
118,9,0.204375,0.059375,2.343749999999984e-05
118,10,0.204375,0.06562499999999999,2.343749999999984e-05
118,11,0.204375,0.071875,2.343749999999987e-05
118,12,0.204375,0.078125,2.3437499999999818e-05
118,13,0.204375,0.08437499999999999,2.343749999999987e-05
118,14,0.204375,0.09062499999999998,2.3437499999999818e-05
118,15,0.204375,0.09687499999999999,2.343749999999987e-05
118,16,0.204375,0.103125,2.343749999999987e-05
118,17,0.204375,0.109375,2.3437499999999818e-05
118,18,0.204375,0.11562499999999999,2.343749999999987e-05
118,19,0.204375,0.12187499999999998,2.3437499999999818e-05
118,20,0.204375,0.128125,2.3437499999999818e-05
118,21,0.204375,0.13437499999999997,2.343749999999987e-05
118,22,0.204375,0.140625,2.343749999999987e-05
118,23,0.204375,0.14687499999999998,2.343749999999987e-05
118,24,0.204375,0.153125,2.343749999999987e-05
118,25,0.204375,0.159375,2.3437499999999763e-05
118,26,0.204375,0.16562499999999997,2.343749999999987e-05
118,27,0.204375,0.171875,2.343749999999987e-05
118,28,0.204375,0.17812499999999998,2.343749999999987e-05
118,29,0.204375,0.18437499999999998,2.3437499999999763e-05
118,30,0.204375,0.190625,2.343749999999987e-05
118,31,0.204375,0.19687499999999997,2.343749999999987e-05
118,32,0.204375,0.203125,2.343749999999987e-05
118,33,0.204375,0.20937499999999998,2.343749999999987e-05
118,34,0.204375,0.21562499999999998,2.3437499999999763e-05
118,35,0.204375,0.221875,2.343749999999987e-05
118,36,0.204375,0.22812499999999997,2.343749999999987e-05
118,37,0.204375,0.234375,2.343749999999987e-05
118,38,0.204375,0.24062499999999998,2.3437499999999763e-05
118,39,0.204375,0.24687499999999996,2.343749999999987e-05
118,40,0.204375,0.253125,2.343749999999987e-05
118,41,0.204375,0.25937499999999997,2.3437499999999763e-05
118,42,0.204375,0.265625,2.3437499999999973e-05
118,43,0.204375,0.271875,2.3437499999999763e-05
118,44,0.204375,0.27812499999999996,2.3437499999999973e-05
118,45,0.204375,0.284375,2.3437499999999763e-05
118,46,0.204375,0.29062499999999997,2.3437499999999763e-05
118,47,0.204375,0.296875,2.3437499999999973e-05
118,48,0.204375,0.303125,2.3437499999999763e-05
118,49,0.204375,0.30937499999999996,2.3437499999999973e-05
118,50,0.204375,0.315625,2.3437499999999763e-05
118,51,0.204375,0.32187499999999997,2.3437499999999763e-05
118,52,0.204375,0.328125,2.3437499999999973e-05
118,53,0.204375,0.334375,2.3437499999999763e-05
118,54,0.204375,0.34062499999999996,2.3437499999999763e-05
118,55,0.204375,0.34687499999999993,2.3437499999999973e-05
118,56,0.204375,0.35312499999999997,2.3437499999999763e-05
118,57,0.204375,0.359375,2.3437499999999973e-05
118,58,0.204375,0.365625,2.3437499999999763e-05
118,59,0.204375,0.37187499999999996,2.3437499999999763e-05
118,60,0.204375,0.37812499999999993,2.3437499999999973e-05
118,61,0.204375,0.38437499999999997,2.3437499999999763e-05
118,62,0.204375,0.390625,2.3437499999999973e-05
118,63,0.204375,0.396875,2.3437499999999763e-05
118,64,0.204375,0.40312499999999996,2.3437499999999763e-05
118,65,0.204375,0.40937499999999993,2.3437499999999973e-05
118,66,0.204375,0.41562499999999997,2.3437499999999763e-05
118,67,0.204375,0.421875,2.3437499999999973e-05
118,68,0.204375,0.428125,2.3437499999999763e-05
118,69,0.204375,0.43437499999999996,2.3437499999999763e-05
118,70,0.204375,0.44062499999999993,2.3437499999999973e-05
118,71,0.204375,0.44687499999999997,2.3437499999999763e-05
118,72,0.204375,0.453125,2.3437499999999973e-05
118,73,0.204375,0.459375,2.3437499999999763e-05
118,74,0.204375,0.46562499999999996,2.3437499999999763e-05
118,75,0.204375,0.47187499999999993,2.3437499999999973e-05
118,76,0.204375,0.47812499999999997,2.3437499999999763e-05
118,77,0.204375,0.48437499999999994,2.3437499999999763e-05
118,78,0.204375,0.490625,2.3437499999999973e-05
118,79,0.204375,0.49687499999999996,2.3437499999999763e-05
118,80,0.204375,0.5031249999999999,2.3437499999999973e-05
118,81,0.204375,0.5093749999999999,2.3437499999999763e-05
118,82,0.204375,0.515625,2.3437499999999763e-05
118,83,0.204375,0.5218749999999999,2.3437499999999763e-05
118,84,0.204375,0.528125,2.343750000000018e-05
118,85,0.204375,0.534375,2.3437499999999763e-05
118,86,0.204375,0.5406249999999999,2.3437499999999763e-05
118,87,0.204375,0.546875,2.3437499999999763e-05
118,88,0.204375,0.5531249999999999,2.3437499999999763e-05
118,89,0.204375,0.559375,2.343750000000018e-05
118,90,0.204375,0.565625,2.3437499999999763e-05
118,91,0.204375,0.5718749999999999,2.3437499999999763e-05
118,92,0.204375,0.578125,2.3437499999999763e-05
118,93,0.204375,0.5843749999999999,2.3437499999999763e-05
118,94,0.204375,0.590625,2.343750000000018e-05
118,95,0.204375,0.596875,2.3437499999999763e-05
119,0,0.20812499999999998,0.0031249999999999997,2.3437499999999845e-05
119,1,0.20812499999999998,0.009375,2.3437499999999845e-05
119,2,0.20812499999999998,0.015625,2.3437499999999848e-05
119,3,0.20812499999999998,0.021875,2.343749999999984e-05
119,4,0.20812499999999998,0.028124999999999997,2.343749999999984e-05
119,5,0.20812499999999998,0.034374999999999996,2.3437499999999855e-05
119,6,0.20812499999999998,0.040624999999999994,2.343749999999984e-05
119,7,0.20812499999999998,0.046875,2.343749999999984e-05
119,8,0.20812499999999998,0.05312499999999999,2.343749999999984e-05
119,9,0.20812499999999998,0.059375,2.343749999999984e-05
119,10,0.20812499999999998,0.06562499999999999,2.343749999999984e-05
119,11,0.20812499999999998,0.071875,2.343749999999987e-05
119,12,0.20812499999999998,0.078125,2.3437499999999818e-05
119,13,0.20812499999999998,0.08437499999999999,2.343749999999987e-05
119,14,0.20812499999999998,0.09062499999999998,2.3437499999999818e-05
119,15,0.20812499999999998,0.09687499999999999,2.343749999999987e-05
119,16,0.20812499999999998,0.103125,2.343749999999987e-05
119,17,0.20812499999999998,0.109375,2.3437499999999818e-05
119,18,0.20812499999999998,0.11562499999999999,2.343749999999987e-05
119,19,0.20812499999999998,0.12187499999999998,2.3437499999999818e-05
119,20,0.20812499999999998,0.128125,2.3437499999999818e-05
119,21,0.20812499999999998,0.13437499999999997,2.343749999999987e-05
119,22,0.20812499999999998,0.140625,2.343749999999987e-05
119,23,0.20812499999999998,0.14687499999999998,2.343749999999987e-05
119,24,0.20812499999999998,0.153125,2.343749999999987e-05
119,25,0.20812499999999998,0.159375,2.3437499999999763e-05
119,26,0.20812499999999998,0.16562499999999997,2.343749999999987e-05
119,27,0.20812499999999998,0.171875,2.343749999999987e-05
119,28,0.20812499999999998,0.17812499999999998,2.343749999999987e-05
119,29,0.20812499999999998,0.18437499999999998,2.3437499999999763e-05
119,30,0.20812499999999998,0.190625,2.343749999999987e-05
119,31,0.20812499999999998,0.19687499999999997,2.343749999999987e-05
119,32,0.20812499999999998,0.203125,2.343749999999987e-05
119,33,0.20812499999999998,0.20937499999999998,2.343749999999987e-05
119,34,0.20812499999999998,0.21562499999999998,2.3437499999999763e-05
119,35,0.20812499999999998,0.221875,2.343749999999987e-05
119,36,0.20812499999999998,0.22812499999999997,2.343749999999987e-05
119,37,0.20812499999999998,0.234375,2.343749999999987e-05
119,38,0.20812499999999998,0.24062499999999998,2.3437499999999763e-05
119,39,0.20812499999999998,0.24687499999999996,2.343749999999987e-05
119,40,0.20812499999999998,0.253125,2.343749999999987e-05
119,41,0.20812499999999998,0.25937499999999997,2.3437499999999763e-05
119,42,0.20812499999999998,0.265625,2.3437499999999973e-05
119,43,0.20812499999999998,0.271875,2.3437499999999763e-05
119,44,0.20812499999999998,0.27812499999999996,2.3437499999999973e-05
119,45,0.20812499999999998,0.284375,2.3437499999999763e-05
119,46,0.20812499999999998,0.29062499999999997,2.3437499999999763e-05
119,47,0.20812499999999998,0.296875,2.3437499999999973e-05
119,48,0.20812499999999998,0.303125,2.3437499999999763e-05
119,49,0.20812499999999998,0.30937499999999996,2.3437499999999973e-05
119,50,0.20812499999999998,0.315625,2.3437499999999763e-05
119,51,0.20812499999999998,0.32187499999999997,2.3437499999999763e-05
119,52,0.20812499999999998,0.328125,2.3437499999999973e-05
119,53,0.20812499999999998,0.334375,2.3437499999999763e-05
119,54,0.20812499999999998,0.34062499999999996,2.3437499999999763e-05
119,55,0.20812499999999998,0.34687499999999993,2.3437499999999973e-05
119,56,0.20812499999999998,0.35312499999999997,2.3437499999999763e-05
119,57,0.20812499999999998,0.359375,2.3437499999999973e-05
119,58,0.20812499999999998,0.365625,2.3437499999999763e-05
119,59,0.20812499999999998,0.37187499999999996,2.3437499999999763e-05
119,60,0.20812499999999998,0.37812499999999993,2.3437499999999973e-05
119,61,0.20812499999999998,0.38437499999999997,2.3437499999999763e-05
119,62,0.20812499999999998,0.390625,2.3437499999999973e-05
119,63,0.20812499999999998,0.396875,2.3437499999999763e-05
119,64,0.20812499999999998,0.40312499999999996,2.3437499999999763e-05
119,65,0.20812499999999998,0.40937499999999993,2.3437499999999973e-05
119,66,0.20812499999999998,0.41562499999999997,2.3437499999999763e-05
119,67,0.20812499999999998,0.421875,2.3437499999999973e-05
119,68,0.20812499999999998,0.428125,2.3437499999999763e-05
119,69,0.20812499999999998,0.43437499999999996,2.3437499999999763e-05
119,70,0.20812499999999998,0.44062499999999993,2.3437499999999973e-05
119,71,0.20812499999999998,0.44687499999999997,2.3437499999999763e-05
119,72,0.20812499999999998,0.453125,2.3437499999999973e-05
119,73,0.20812499999999998,0.459375,2.3437499999999763e-05
119,74,0.20812499999999998,0.46562499999999996,2.3437499999999763e-05
119,75,0.20812499999999998,0.47187499999999993,2.3437499999999973e-05
119,76,0.20812499999999998,0.47812499999999997,2.3437499999999763e-05
119,77,0.20812499999999998,0.48437499999999994,2.3437499999999763e-05
119,78,0.20812499999999998,0.490625,2.3437499999999973e-05
119,79,0.20812499999999998,0.49687499999999996,2.3437499999999763e-05
119,80,0.20812499999999998,0.5031249999999999,2.3437499999999973e-05
119,81,0.20812499999999998,0.5093749999999999,2.3437499999999763e-05
119,82,0.20812499999999998,0.515625,2.3437499999999763e-05
119,83,0.20812499999999998,0.5218749999999999,2.3437499999999763e-05
119,84,0.20812499999999998,0.528125,2.343750000000018e-05
119,85,0.20812499999999998,0.534375,2.3437499999999763e-05
119,86,0.20812499999999998,0.5406249999999999,2.3437499999999763e-05
119,87,0.20812499999999998,0.546875,2.3437499999999763e-05
119,88,0.20812499999999998,0.5531249999999999,2.3437499999999763e-05
119,89,0.20812499999999998,0.559375,2.343750000000018e-05
119,90,0.20812499999999998,0.565625,2.3437499999999763e-05
119,91,0.20812499999999998,0.5718749999999999,2.3437499999999763e-05
119,92,0.20812499999999998,0.578125,2.3437499999999763e-05
119,93,0.20812499999999998,0.5843749999999999,2.3437499999999763e-05
119,94,0.20812499999999998,0.590625,2.343750000000018e-05
119,95,0.20812499999999998,0.596875,2.3437499999999763e-05
120,0,0.21187499999999998,0.0031249999999999997,2.3437500000000194e-05
120,1,0.21187499999999998,0.009375,2.3437500000000194e-05
120,2,0.21187499999999998,0.015625,2.3437500000000197e-05
120,3,0.21187499999999998,0.021875,2.343750000000019e-05
120,4,0.21187499999999998,0.028124999999999997,2.343750000000019e-05
120,5,0.21187499999999998,0.034374999999999996,2.3437500000000204e-05
120,6,0.21187499999999998,0.040624999999999994,2.343750000000019e-05
120,7,0.21187499999999998,0.046875,2.343750000000019e-05
120,8,0.21187499999999998,0.05312499999999999,2.343750000000019e-05
120,9,0.21187499999999998,0.059375,2.343750000000019e-05
120,10,0.21187499999999998,0.06562499999999999,2.343750000000019e-05
120,11,0.21187499999999998,0.071875,2.3437500000000214e-05
120,12,0.21187499999999998,0.078125,2.3437500000000163e-05
120,13,0.21187499999999998,0.08437499999999999,2.3437500000000214e-05
120,14,0.21187499999999998,0.09062499999999998,2.3437500000000163e-05
120,15,0.21187499999999998,0.09687499999999999,2.3437500000000214e-05
120,16,0.21187499999999998,0.103125,2.3437500000000214e-05
120,17,0.21187499999999998,0.109375,2.3437500000000163e-05
120,18,0.21187499999999998,0.11562499999999999,2.3437500000000214e-05
120,19,0.21187499999999998,0.12187499999999998,2.3437500000000163e-05
120,20,0.21187499999999998,0.128125,2.3437500000000163e-05
120,21,0.21187499999999998,0.13437499999999997,2.3437500000000214e-05
120,22,0.21187499999999998,0.140625,2.3437500000000214e-05
120,23,0.21187499999999998,0.14687499999999998,2.3437500000000214e-05
120,24,0.21187499999999998,0.153125,2.3437500000000214e-05
120,25,0.21187499999999998,0.159375,2.3437500000000112e-05
120,26,0.21187499999999998,0.16562499999999997,2.3437500000000214e-05
120,27,0.21187499999999998,0.171875,2.3437500000000214e-05
120,28,0.21187499999999998,0.17812499999999998,2.3437500000000214e-05
120,29,0.21187499999999998,0.18437499999999998,2.3437500000000112e-05
120,30,0.21187499999999998,0.190625,2.3437500000000214e-05
120,31,0.21187499999999998,0.19687499999999997,2.3437500000000214e-05
120,32,0.21187499999999998,0.203125,2.3437500000000214e-05
120,33,0.21187499999999998,0.20937499999999998,2.3437500000000214e-05
120,34,0.21187499999999998,0.21562499999999998,2.3437500000000112e-05
120,35,0.21187499999999998,0.221875,2.3437500000000214e-05
120,36,0.21187499999999998,0.22812499999999997,2.3437500000000214e-05
120,37,0.21187499999999998,0.234375,2.3437500000000214e-05
120,38,0.21187499999999998,0.24062499999999998,2.3437500000000112e-05
120,39,0.21187499999999998,0.24687499999999996,2.3437500000000214e-05
120,40,0.21187499999999998,0.253125,2.3437500000000214e-05
120,41,0.21187499999999998,0.25937499999999997,2.3437500000000112e-05
120,42,0.21187499999999998,0.265625,2.343750000000032e-05
120,43,0.21187499999999998,0.271875,2.3437500000000112e-05
120,44,0.21187499999999998,0.27812499999999996,2.343750000000032e-05
120,45,0.21187499999999998,0.284375,2.3437500000000112e-05
120,46,0.21187499999999998,0.29062499999999997,2.3437500000000112e-05
120,47,0.21187499999999998,0.296875,2.343750000000032e-05
120,48,0.21187499999999998,0.303125,2.3437500000000112e-05
120,49,0.21187499999999998,0.30937499999999996,2.343750000000032e-05
120,50,0.21187499999999998,0.315625,2.3437500000000112e-05
120,51,0.21187499999999998,0.32187499999999997,2.3437500000000112e-05
120,52,0.21187499999999998,0.328125,2.343750000000032e-05
120,53,0.21187499999999998,0.334375,2.3437500000000112e-05
120,54,0.21187499999999998,0.34062499999999996,2.3437500000000112e-05
120,55,0.21187499999999998,0.34687499999999993,2.343750000000032e-05
120,56,0.21187499999999998,0.35312499999999997,2.3437500000000112e-05
120,57,0.21187499999999998,0.359375,2.343750000000032e-05
120,58,0.21187499999999998,0.365625,2.3437500000000112e-05
120,59,0.21187499999999998,0.37187499999999996,2.3437500000000112e-05
120,60,0.21187499999999998,0.37812499999999993,2.343750000000032e-05
120,61,0.21187499999999998,0.38437499999999997,2.3437500000000112e-05
120,62,0.21187499999999998,0.390625,2.343750000000032e-05
120,63,0.21187499999999998,0.396875,2.3437500000000112e-05
120,64,0.21187499999999998,0.40312499999999996,2.3437500000000112e-05
120,65,0.21187499999999998,0.40937499999999993,2.343750000000032e-05
120,66,0.21187499999999998,0.41562499999999997,2.3437500000000112e-05
120,67,0.21187499999999998,0.421875,2.343750000000032e-05
120,68,0.21187499999999998,0.428125,2.3437500000000112e-05
120,69,0.21187499999999998,0.43437499999999996,2.3437500000000112e-05
120,70,0.21187499999999998,0.44062499999999993,2.343750000000032e-05
120,71,0.21187499999999998,0.44687499999999997,2.3437500000000112e-05
120,72,0.21187499999999998,0.453125,2.343750000000032e-05
120,73,0.21187499999999998,0.459375,2.3437500000000112e-05
120,74,0.21187499999999998,0.46562499999999996,2.3437500000000112e-05
120,75,0.21187499999999998,0.47187499999999993,2.343750000000032e-05
120,76,0.21187499999999998,0.47812499999999997,2.3437500000000112e-05
120,77,0.21187499999999998,0.48437499999999994,2.3437500000000112e-05
120,78,0.21187499999999998,0.490625,2.343750000000032e-05
120,79,0.21187499999999998,0.49687499999999996,2.3437500000000112e-05
120,80,0.21187499999999998,0.5031249999999999,2.343750000000032e-05
120,81,0.21187499999999998,0.5093749999999999,2.3437500000000112e-05
120,82,0.21187499999999998,0.515625,2.3437500000000112e-05
120,83,0.21187499999999998,0.5218749999999999,2.3437500000000112e-05
120,84,0.21187499999999998,0.528125,2.343750000000053e-05
120,85,0.21187499999999998,0.534375,2.3437500000000112e-05
120,86,0.21187499999999998,0.5406249999999999,2.3437500000000112e-05
120,87,0.21187499999999998,0.546875,2.3437500000000112e-05
120,88,0.21187499999999998,0.5531249999999999,2.3437500000000112e-05
120,89,0.21187499999999998,0.559375,2.343750000000053e-05
120,90,0.21187499999999998,0.565625,2.3437500000000112e-05
120,91,0.21187499999999998,0.5718749999999999,2.3437500000000112e-05
120,92,0.21187499999999998,0.578125,2.3437500000000112e-05
120,93,0.21187499999999998,0.5843749999999999,2.3437500000000112e-05
120,94,0.21187499999999998,0.590625,2.343750000000053e-05
120,95,0.21187499999999998,0.596875,2.3437500000000112e-05
121,0,0.21562499999999998,0.0031249999999999997,2.3437499999999845e-05
121,1,0.21562499999999998,0.009375,2.3437499999999845e-05
121,2,0.21562499999999998,0.015625,2.3437499999999848e-05
121,3,0.21562499999999998,0.021875,2.343749999999984e-05
121,4,0.21562499999999998,0.028124999999999997,2.343749999999984e-05
121,5,0.21562499999999998,0.034374999999999996,2.3437499999999855e-05
121,6,0.21562499999999998,0.040624999999999994,2.343749999999984e-05
121,7,0.21562499999999998,0.046875,2.343749999999984e-05
121,8,0.21562499999999998,0.05312499999999999,2.343749999999984e-05
121,9,0.21562499999999998,0.059375,2.343749999999984e-05
121,10,0.21562499999999998,0.06562499999999999,2.343749999999984e-05
121,11,0.21562499999999998,0.071875,2.343749999999987e-05
121,12,0.21562499999999998,0.078125,2.3437499999999818e-05
121,13,0.21562499999999998,0.08437499999999999,2.343749999999987e-05
121,14,0.21562499999999998,0.09062499999999998,2.3437499999999818e-05
121,15,0.21562499999999998,0.09687499999999999,2.343749999999987e-05
121,16,0.21562499999999998,0.103125,2.343749999999987e-05
121,17,0.21562499999999998,0.109375,2.3437499999999818e-05
121,18,0.21562499999999998,0.11562499999999999,2.343749999999987e-05
121,19,0.21562499999999998,0.12187499999999998,2.3437499999999818e-05
121,20,0.21562499999999998,0.128125,2.3437499999999818e-05
121,21,0.21562499999999998,0.13437499999999997,2.343749999999987e-05
121,22,0.21562499999999998,0.140625,2.343749999999987e-05
121,23,0.21562499999999998,0.14687499999999998,2.343749999999987e-05
121,24,0.21562499999999998,0.153125,2.343749999999987e-05
121,25,0.21562499999999998,0.159375,2.3437499999999763e-05
121,26,0.21562499999999998,0.16562499999999997,2.343749999999987e-05
121,27,0.21562499999999998,0.171875,2.343749999999987e-05
121,28,0.21562499999999998,0.17812499999999998,2.343749999999987e-05
121,29,0.21562499999999998,0.18437499999999998,2.3437499999999763e-05
121,30,0.21562499999999998,0.190625,2.343749999999987e-05
121,31,0.21562499999999998,0.19687499999999997,2.343749999999987e-05
121,32,0.21562499999999998,0.203125,2.343749999999987e-05
121,33,0.21562499999999998,0.20937499999999998,2.343749999999987e-05
121,34,0.21562499999999998,0.21562499999999998,2.3437499999999763e-05
121,35,0.21562499999999998,0.221875,2.343749999999987e-05
121,36,0.21562499999999998,0.22812499999999997,2.343749999999987e-05
121,37,0.21562499999999998,0.234375,2.343749999999987e-05
121,38,0.21562499999999998,0.24062499999999998,2.3437499999999763e-05
121,39,0.21562499999999998,0.24687499999999996,2.343749999999987e-05
121,40,0.21562499999999998,0.253125,2.343749999999987e-05
121,41,0.21562499999999998,0.25937499999999997,2.3437499999999763e-05
121,42,0.21562499999999998,0.265625,2.3437499999999973e-05
121,43,0.21562499999999998,0.271875,2.3437499999999763e-05
121,44,0.21562499999999998,0.27812499999999996,2.3437499999999973e-05
121,45,0.21562499999999998,0.284375,2.3437499999999763e-05
121,46,0.21562499999999998,0.29062499999999997,2.3437499999999763e-05
121,47,0.21562499999999998,0.296875,2.3437499999999973e-05
121,48,0.21562499999999998,0.303125,2.3437499999999763e-05
121,49,0.21562499999999998,0.30937499999999996,2.3437499999999973e-05
121,50,0.21562499999999998,0.315625,2.3437499999999763e-05
121,51,0.21562499999999998,0.32187499999999997,2.3437499999999763e-05
121,52,0.21562499999999998,0.328125,2.3437499999999973e-05
121,53,0.21562499999999998,0.334375,2.3437499999999763e-05
121,54,0.21562499999999998,0.34062499999999996,2.3437499999999763e-05
121,55,0.21562499999999998,0.34687499999999993,2.3437499999999973e-05
121,56,0.21562499999999998,0.35312499999999997,2.3437499999999763e-05
121,57,0.21562499999999998,0.359375,2.3437499999999973e-05
121,58,0.21562499999999998,0.365625,2.3437499999999763e-05
121,59,0.21562499999999998,0.37187499999999996,2.3437499999999763e-05
121,60,0.21562499999999998,0.37812499999999993,2.3437499999999973e-05
121,61,0.21562499999999998,0.38437499999999997,2.3437499999999763e-05
121,62,0.21562499999999998,0.390625,2.3437499999999973e-05
121,63,0.21562499999999998,0.396875,2.3437499999999763e-05
121,64,0.21562499999999998,0.40312499999999996,2.3437499999999763e-05
121,65,0.21562499999999998,0.40937499999999993,2.3437499999999973e-05
121,66,0.21562499999999998,0.41562499999999997,2.3437499999999763e-05
121,67,0.21562499999999998,0.421875,2.3437499999999973e-05
121,68,0.21562499999999998,0.428125,2.3437499999999763e-05
121,69,0.21562499999999998,0.43437499999999996,2.3437499999999763e-05
121,70,0.21562499999999998,0.44062499999999993,2.3437499999999973e-05
121,71,0.21562499999999998,0.44687499999999997,2.3437499999999763e-05
121,72,0.21562499999999998,0.453125,2.3437499999999973e-05
121,73,0.21562499999999998,0.459375,2.3437499999999763e-05
121,74,0.21562499999999998,0.46562499999999996,2.3437499999999763e-05
121,75,0.21562499999999998,0.47187499999999993,2.3437499999999973e-05
121,76,0.21562499999999998,0.47812499999999997,2.3437499999999763e-05
121,77,0.21562499999999998,0.48437499999999994,2.3437499999999763e-05
121,78,0.21562499999999998,0.490625,2.3437499999999973e-05
121,79,0.21562499999999998,0.49687499999999996,2.3437499999999763e-05
121,80,0.21562499999999998,0.5031249999999999,2.3437499999999973e-05
121,81,0.21562499999999998,0.5093749999999999,2.3437499999999763e-05
121,82,0.21562499999999998,0.515625,2.3437499999999763e-05
121,83,0.21562499999999998,0.5218749999999999,2.3437499999999763e-05
121,84,0.21562499999999998,0.528125,2.343750000000018e-05
121,85,0.21562499999999998,0.534375,2.3437499999999763e-05
121,86,0.21562499999999998,0.5406249999999999,2.3437499999999763e-05
121,87,0.21562499999999998,0.546875,2.3437499999999763e-05
121,88,0.21562499999999998,0.5531249999999999,2.3437499999999763e-05
121,89,0.21562499999999998,0.559375,2.343750000000018e-05
121,90,0.21562499999999998,0.565625,2.3437499999999763e-05
121,91,0.21562499999999998,0.5718749999999999,2.3437499999999763e-05
121,92,0.21562499999999998,0.578125,2.3437499999999763e-05
121,93,0.21562499999999998,0.5843749999999999,2.3437499999999763e-05
121,94,0.21562499999999998,0.590625,2.343750000000018e-05
121,95,0.21562499999999998,0.596875,2.3437499999999763e-05
122,0,0.219375,0.0031249999999999997,2.3437500000000194e-05
122,1,0.219375,0.009375,2.3437500000000194e-05
122,2,0.219375,0.015625,2.3437500000000197e-05
122,3,0.219375,0.021875,2.343750000000019e-05
122,4,0.219375,0.028124999999999997,2.343750000000019e-05
122,5,0.219375,0.034374999999999996,2.3437500000000204e-05
122,6,0.219375,0.040624999999999994,2.343750000000019e-05
122,7,0.219375,0.046875,2.343750000000019e-05
122,8,0.219375,0.05312499999999999,2.343750000000019e-05
122,9,0.219375,0.059375,2.343750000000019e-05
122,10,0.219375,0.06562499999999999,2.343750000000019e-05
122,11,0.219375,0.071875,2.3437500000000214e-05
122,12,0.219375,0.078125,2.3437500000000163e-05
122,13,0.219375,0.08437499999999999,2.3437500000000214e-05
122,14,0.219375,0.09062499999999998,2.3437500000000163e-05
122,15,0.219375,0.09687499999999999,2.3437500000000214e-05
122,16,0.219375,0.103125,2.3437500000000214e-05
122,17,0.219375,0.109375,2.3437500000000163e-05
122,18,0.219375,0.11562499999999999,2.3437500000000214e-05
122,19,0.219375,0.12187499999999998,2.3437500000000163e-05
122,20,0.219375,0.128125,2.3437500000000163e-05
122,21,0.219375,0.13437499999999997,2.3437500000000214e-05
122,22,0.219375,0.140625,2.3437500000000214e-05
122,23,0.219375,0.14687499999999998,2.3437500000000214e-05
122,24,0.219375,0.153125,2.3437500000000214e-05
122,25,0.219375,0.159375,2.3437500000000112e-05
122,26,0.219375,0.16562499999999997,2.3437500000000214e-05
122,27,0.219375,0.171875,2.3437500000000214e-05
122,28,0.219375,0.17812499999999998,2.3437500000000214e-05
122,29,0.219375,0.18437499999999998,2.3437500000000112e-05
122,30,0.219375,0.190625,2.3437500000000214e-05
122,31,0.219375,0.19687499999999997,2.3437500000000214e-05
122,32,0.219375,0.203125,2.3437500000000214e-05
122,33,0.219375,0.20937499999999998,2.3437500000000214e-05
122,34,0.219375,0.21562499999999998,2.3437500000000112e-05
122,35,0.219375,0.221875,2.3437500000000214e-05
122,36,0.219375,0.22812499999999997,2.3437500000000214e-05
122,37,0.219375,0.234375,2.3437500000000214e-05
122,38,0.219375,0.24062499999999998,2.3437500000000112e-05
122,39,0.219375,0.24687499999999996,2.3437500000000214e-05
122,40,0.219375,0.253125,2.3437500000000214e-05
122,41,0.219375,0.25937499999999997,2.3437500000000112e-05
122,42,0.219375,0.265625,2.343750000000032e-05
122,43,0.219375,0.271875,2.3437500000000112e-05
122,44,0.219375,0.27812499999999996,2.343750000000032e-05
122,45,0.219375,0.284375,2.3437500000000112e-05
122,46,0.219375,0.29062499999999997,2.3437500000000112e-05
122,47,0.219375,0.296875,2.343750000000032e-05
122,48,0.219375,0.303125,2.3437500000000112e-05
122,49,0.219375,0.30937499999999996,2.343750000000032e-05
122,50,0.219375,0.315625,2.3437500000000112e-05
122,51,0.219375,0.32187499999999997,2.3437500000000112e-05
122,52,0.219375,0.328125,2.343750000000032e-05
122,53,0.219375,0.334375,2.3437500000000112e-05
122,54,0.219375,0.34062499999999996,2.3437500000000112e-05
122,55,0.219375,0.34687499999999993,2.343750000000032e-05
122,56,0.219375,0.35312499999999997,2.3437500000000112e-05
122,57,0.219375,0.359375,2.343750000000032e-05
122,58,0.219375,0.365625,2.3437500000000112e-05
122,59,0.219375,0.37187499999999996,2.3437500000000112e-05
122,60,0.219375,0.37812499999999993,2.343750000000032e-05
122,61,0.219375,0.38437499999999997,2.3437500000000112e-05
122,62,0.219375,0.390625,2.343750000000032e-05
122,63,0.219375,0.396875,2.3437500000000112e-05
122,64,0.219375,0.40312499999999996,2.3437500000000112e-05
122,65,0.219375,0.40937499999999993,2.343750000000032e-05
122,66,0.219375,0.41562499999999997,2.3437500000000112e-05
122,67,0.219375,0.421875,2.343750000000032e-05
122,68,0.219375,0.428125,2.3437500000000112e-05
122,69,0.219375,0.43437499999999996,2.3437500000000112e-05
122,70,0.219375,0.44062499999999993,2.343750000000032e-05
122,71,0.219375,0.44687499999999997,2.3437500000000112e-05
122,72,0.219375,0.453125,2.343750000000032e-05
122,73,0.219375,0.459375,2.3437500000000112e-05
122,74,0.219375,0.46562499999999996,2.3437500000000112e-05
122,75,0.219375,0.47187499999999993,2.343750000000032e-05
122,76,0.219375,0.47812499999999997,2.3437500000000112e-05
122,77,0.219375,0.48437499999999994,2.3437500000000112e-05
122,78,0.219375,0.490625,2.343750000000032e-05
122,79,0.219375,0.49687499999999996,2.3437500000000112e-05
122,80,0.219375,0.5031249999999999,2.343750000000032e-05
122,81,0.219375,0.5093749999999999,2.3437500000000112e-05
122,82,0.219375,0.515625,2.3437500000000112e-05
122,83,0.219375,0.5218749999999999,2.3437500000000112e-05
122,84,0.219375,0.528125,2.343750000000053e-05
122,85,0.219375,0.534375,2.3437500000000112e-05
122,86,0.219375,0.5406249999999999,2.3437500000000112e-05
122,87,0.219375,0.546875,2.3437500000000112e-05
122,88,0.219375,0.5531249999999999,2.3437500000000112e-05
122,89,0.219375,0.559375,2.343750000000053e-05
122,90,0.219375,0.565625,2.3437500000000112e-05
122,91,0.219375,0.5718749999999999,2.3437500000000112e-05
122,92,0.219375,0.578125,2.3437500000000112e-05
122,93,0.219375,0.5843749999999999,2.3437500000000112e-05
122,94,0.219375,0.590625,2.343750000000053e-05
122,95,0.219375,0.596875,2.3437500000000112e-05
123,0,0.223125,0.0031249999999999997,2.3437499999999845e-05
123,1,0.223125,0.009375,2.3437499999999845e-05
123,2,0.223125,0.015625,2.3437499999999848e-05
123,3,0.223125,0.021875,2.343749999999984e-05
123,4,0.223125,0.028124999999999997,2.343749999999984e-05
123,5,0.223125,0.034374999999999996,2.3437499999999855e-05
123,6,0.223125,0.040624999999999994,2.343749999999984e-05
123,7,0.223125,0.046875,2.343749999999984e-05
123,8,0.223125,0.05312499999999999,2.343749999999984e-05
123,9,0.223125,0.059375,2.343749999999984e-05
123,10,0.223125,0.06562499999999999,2.343749999999984e-05
123,11,0.223125,0.071875,2.343749999999987e-05
123,12,0.223125,0.078125,2.3437499999999818e-05
123,13,0.223125,0.08437499999999999,2.343749999999987e-05
123,14,0.223125,0.09062499999999998,2.3437499999999818e-05
123,15,0.223125,0.09687499999999999,2.343749999999987e-05
123,16,0.223125,0.103125,2.343749999999987e-05
123,17,0.223125,0.109375,2.3437499999999818e-05
123,18,0.223125,0.11562499999999999,2.343749999999987e-05
123,19,0.223125,0.12187499999999998,2.3437499999999818e-05
123,20,0.223125,0.128125,2.3437499999999818e-05
123,21,0.223125,0.13437499999999997,2.343749999999987e-05
123,22,0.223125,0.140625,2.343749999999987e-05
123,23,0.223125,0.14687499999999998,2.343749999999987e-05
123,24,0.223125,0.153125,2.343749999999987e-05
123,25,0.223125,0.159375,2.3437499999999763e-05
123,26,0.223125,0.16562499999999997,2.343749999999987e-05
123,27,0.223125,0.171875,2.343749999999987e-05
123,28,0.223125,0.17812499999999998,2.343749999999987e-05
123,29,0.223125,0.18437499999999998,2.3437499999999763e-05
123,30,0.223125,0.190625,2.343749999999987e-05
123,31,0.223125,0.19687499999999997,2.343749999999987e-05
123,32,0.223125,0.203125,2.343749999999987e-05
123,33,0.223125,0.20937499999999998,2.343749999999987e-05
123,34,0.223125,0.21562499999999998,2.3437499999999763e-05
123,35,0.223125,0.221875,2.343749999999987e-05
123,36,0.223125,0.22812499999999997,2.343749999999987e-05
123,37,0.223125,0.234375,2.343749999999987e-05
123,38,0.223125,0.24062499999999998,2.3437499999999763e-05
123,39,0.223125,0.24687499999999996,2.343749999999987e-05
123,40,0.223125,0.253125,2.343749999999987e-05
123,41,0.223125,0.25937499999999997,2.3437499999999763e-05
123,42,0.223125,0.265625,2.3437499999999973e-05
123,43,0.223125,0.271875,2.3437499999999763e-05
123,44,0.223125,0.27812499999999996,2.3437499999999973e-05
123,45,0.223125,0.284375,2.3437499999999763e-05
123,46,0.223125,0.29062499999999997,2.3437499999999763e-05
123,47,0.223125,0.296875,2.3437499999999973e-05
123,48,0.223125,0.303125,2.3437499999999763e-05
123,49,0.223125,0.30937499999999996,2.3437499999999973e-05
123,50,0.223125,0.315625,2.3437499999999763e-05
123,51,0.223125,0.32187499999999997,2.3437499999999763e-05
123,52,0.223125,0.328125,2.3437499999999973e-05
123,53,0.223125,0.334375,2.3437499999999763e-05
123,54,0.223125,0.34062499999999996,2.3437499999999763e-05
123,55,0.223125,0.34687499999999993,2.3437499999999973e-05
123,56,0.223125,0.35312499999999997,2.3437499999999763e-05
123,57,0.223125,0.359375,2.3437499999999973e-05
123,58,0.223125,0.365625,2.3437499999999763e-05
123,59,0.223125,0.37187499999999996,2.3437499999999763e-05
123,60,0.223125,0.37812499999999993,2.3437499999999973e-05
123,61,0.223125,0.38437499999999997,2.3437499999999763e-05
123,62,0.223125,0.390625,2.3437499999999973e-05
123,63,0.223125,0.396875,2.3437499999999763e-05
123,64,0.223125,0.40312499999999996,2.3437499999999763e-05
123,65,0.223125,0.40937499999999993,2.3437499999999973e-05
123,66,0.223125,0.41562499999999997,2.3437499999999763e-05
123,67,0.223125,0.421875,2.3437499999999973e-05
123,68,0.223125,0.428125,2.3437499999999763e-05
123,69,0.223125,0.43437499999999996,2.3437499999999763e-05
123,70,0.223125,0.44062499999999993,2.3437499999999973e-05
123,71,0.223125,0.44687499999999997,2.3437499999999763e-05
123,72,0.223125,0.453125,2.3437499999999973e-05
123,73,0.223125,0.459375,2.3437499999999763e-05
123,74,0.223125,0.46562499999999996,2.3437499999999763e-05
123,75,0.223125,0.47187499999999993,2.3437499999999973e-05
123,76,0.223125,0.47812499999999997,2.3437499999999763e-05
123,77,0.223125,0.48437499999999994,2.3437499999999763e-05
123,78,0.223125,0.490625,2.3437499999999973e-05
123,79,0.223125,0.49687499999999996,2.3437499999999763e-05
123,80,0.223125,0.5031249999999999,2.3437499999999973e-05
123,81,0.223125,0.5093749999999999,2.3437499999999763e-05
123,82,0.223125,0.515625,2.3437499999999763e-05
123,83,0.223125,0.5218749999999999,2.3437499999999763e-05
123,84,0.223125,0.528125,2.343750000000018e-05
123,85,0.223125,0.534375,2.3437499999999763e-05
123,86,0.223125,0.5406249999999999,2.3437499999999763e-05
123,87,0.223125,0.546875,2.3437499999999763e-05
123,88,0.223125,0.5531249999999999,2.3437499999999763e-05
123,89,0.223125,0.559375,2.343750000000018e-05
123,90,0.223125,0.565625,2.3437499999999763e-05
123,91,0.223125,0.5718749999999999,2.3437499999999763e-05
123,92,0.223125,0.578125,2.3437499999999763e-05
123,93,0.223125,0.5843749999999999,2.3437499999999763e-05
123,94,0.223125,0.590625,2.343750000000018e-05
123,95,0.223125,0.596875,2.3437499999999763e-05
124,0,0.226875,0.0031249999999999997,2.3437500000000194e-05
124,1,0.226875,0.009375,2.3437500000000194e-05
124,2,0.226875,0.015625,2.3437500000000197e-05
124,3,0.226875,0.021875,2.343750000000019e-05
124,4,0.226875,0.028124999999999997,2.343750000000019e-05
124,5,0.226875,0.034374999999999996,2.3437500000000204e-05
124,6,0.226875,0.040624999999999994,2.343750000000019e-05
124,7,0.226875,0.046875,2.343750000000019e-05
124,8,0.226875,0.05312499999999999,2.343750000000019e-05
124,9,0.226875,0.059375,2.343750000000019e-05
124,10,0.226875,0.06562499999999999,2.343750000000019e-05
124,11,0.226875,0.071875,2.3437500000000214e-05
124,12,0.226875,0.078125,2.3437500000000163e-05
124,13,0.226875,0.08437499999999999,2.3437500000000214e-05
124,14,0.226875,0.09062499999999998,2.3437500000000163e-05
124,15,0.226875,0.09687499999999999,2.3437500000000214e-05
124,16,0.226875,0.103125,2.3437500000000214e-05
124,17,0.226875,0.109375,2.3437500000000163e-05
124,18,0.226875,0.11562499999999999,2.3437500000000214e-05
124,19,0.226875,0.12187499999999998,2.3437500000000163e-05
124,20,0.226875,0.128125,2.3437500000000163e-05
124,21,0.226875,0.13437499999999997,2.3437500000000214e-05
124,22,0.226875,0.140625,2.3437500000000214e-05
124,23,0.226875,0.14687499999999998,2.3437500000000214e-05
124,24,0.226875,0.153125,2.3437500000000214e-05
124,25,0.226875,0.159375,2.3437500000000112e-05
124,26,0.226875,0.16562499999999997,2.3437500000000214e-05
124,27,0.226875,0.171875,2.3437500000000214e-05
124,28,0.226875,0.17812499999999998,2.3437500000000214e-05
124,29,0.226875,0.18437499999999998,2.3437500000000112e-05
124,30,0.226875,0.190625,2.3437500000000214e-05
124,31,0.226875,0.19687499999999997,2.3437500000000214e-05
124,32,0.226875,0.203125,2.3437500000000214e-05
124,33,0.226875,0.20937499999999998,2.3437500000000214e-05
124,34,0.226875,0.21562499999999998,2.3437500000000112e-05
124,35,0.226875,0.221875,2.3437500000000214e-05
124,36,0.226875,0.22812499999999997,2.3437500000000214e-05
124,37,0.226875,0.234375,2.3437500000000214e-05
124,38,0.226875,0.24062499999999998,2.3437500000000112e-05
124,39,0.226875,0.24687499999999996,2.3437500000000214e-05
124,40,0.226875,0.253125,2.3437500000000214e-05
124,41,0.226875,0.25937499999999997,2.3437500000000112e-05
124,42,0.226875,0.265625,2.343750000000032e-05
124,43,0.226875,0.271875,2.3437500000000112e-05
124,44,0.226875,0.27812499999999996,2.343750000000032e-05
124,45,0.226875,0.284375,2.3437500000000112e-05
124,46,0.226875,0.29062499999999997,2.3437500000000112e-05
124,47,0.226875,0.296875,2.343750000000032e-05
124,48,0.226875,0.303125,2.3437500000000112e-05
124,49,0.226875,0.30937499999999996,2.343750000000032e-05
124,50,0.226875,0.315625,2.3437500000000112e-05
124,51,0.226875,0.32187499999999997,2.3437500000000112e-05
124,52,0.226875,0.328125,2.343750000000032e-05
124,53,0.226875,0.334375,2.3437500000000112e-05
124,54,0.226875,0.34062499999999996,2.3437500000000112e-05
124,55,0.226875,0.34687499999999993,2.343750000000032e-05
124,56,0.226875,0.35312499999999997,2.3437500000000112e-05
124,57,0.226875,0.359375,2.343750000000032e-05
124,58,0.226875,0.365625,2.3437500000000112e-05
124,59,0.226875,0.37187499999999996,2.3437500000000112e-05
124,60,0.226875,0.37812499999999993,2.343750000000032e-05
124,61,0.226875,0.38437499999999997,2.3437500000000112e-05
124,62,0.226875,0.390625,2.343750000000032e-05
124,63,0.226875,0.396875,2.3437500000000112e-05
124,64,0.226875,0.40312499999999996,2.3437500000000112e-05
124,65,0.226875,0.40937499999999993,2.343750000000032e-05
124,66,0.226875,0.41562499999999997,2.3437500000000112e-05
124,67,0.226875,0.421875,2.343750000000032e-05
124,68,0.226875,0.428125,2.3437500000000112e-05
124,69,0.226875,0.43437499999999996,2.3437500000000112e-05
124,70,0.226875,0.44062499999999993,2.343750000000032e-05
124,71,0.226875,0.44687499999999997,2.3437500000000112e-05
124,72,0.226875,0.453125,2.343750000000032e-05
124,73,0.226875,0.459375,2.3437500000000112e-05
124,74,0.226875,0.46562499999999996,2.3437500000000112e-05
124,75,0.226875,0.47187499999999993,2.343750000000032e-05
124,76,0.226875,0.47812499999999997,2.3437500000000112e-05
124,77,0.226875,0.48437499999999994,2.3437500000000112e-05
124,78,0.226875,0.490625,2.343750000000032e-05
124,79,0.226875,0.49687499999999996,2.3437500000000112e-05
124,80,0.226875,0.5031249999999999,2.343750000000032e-05
124,81,0.226875,0.5093749999999999,2.3437500000000112e-05
124,82,0.226875,0.515625,2.3437500000000112e-05
124,83,0.226875,0.5218749999999999,2.3437500000000112e-05
124,84,0.226875,0.528125,2.343750000000053e-05
124,85,0.226875,0.534375,2.3437500000000112e-05
124,86,0.226875,0.5406249999999999,2.3437500000000112e-05
124,87,0.226875,0.546875,2.3437500000000112e-05
124,88,0.226875,0.5531249999999999,2.3437500000000112e-05
124,89,0.226875,0.559375,2.343750000000053e-05
124,90,0.226875,0.565625,2.3437500000000112e-05
124,91,0.226875,0.5718749999999999,2.3437500000000112e-05
124,92,0.226875,0.578125,2.3437500000000112e-05
124,93,0.226875,0.5843749999999999,2.3437500000000112e-05
124,94,0.226875,0.590625,2.343750000000053e-05
124,95,0.226875,0.596875,2.3437500000000112e-05
125,0,0.230625,0.0031249999999999997,2.3437499999999845e-05
125,1,0.230625,0.009375,2.3437499999999845e-05
125,2,0.230625,0.015625,2.3437499999999848e-05
125,3,0.230625,0.021875,2.343749999999984e-05
125,4,0.230625,0.028124999999999997,2.343749999999984e-05
125,5,0.230625,0.034374999999999996,2.3437499999999855e-05
125,6,0.230625,0.040624999999999994,2.343749999999984e-05
125,7,0.230625,0.046875,2.343749999999984e-05
125,8,0.230625,0.05312499999999999,2.343749999999984e-05
125,9,0.230625,0.059375,2.343749999999984e-05
125,10,0.230625,0.06562499999999999,2.343749999999984e-05
125,11,0.230625,0.071875,2.343749999999987e-05
125,12,0.230625,0.078125,2.3437499999999818e-05
125,13,0.230625,0.08437499999999999,2.343749999999987e-05
125,14,0.230625,0.09062499999999998,2.3437499999999818e-05
125,15,0.230625,0.09687499999999999,2.343749999999987e-05
125,16,0.230625,0.103125,2.343749999999987e-05
125,17,0.230625,0.109375,2.3437499999999818e-05
125,18,0.230625,0.11562499999999999,2.343749999999987e-05
125,19,0.230625,0.12187499999999998,2.3437499999999818e-05
125,20,0.230625,0.128125,2.3437499999999818e-05
125,21,0.230625,0.13437499999999997,2.343749999999987e-05
125,22,0.230625,0.140625,2.343749999999987e-05
125,23,0.230625,0.14687499999999998,2.343749999999987e-05
125,24,0.230625,0.153125,2.343749999999987e-05
125,25,0.230625,0.159375,2.3437499999999763e-05
125,26,0.230625,0.16562499999999997,2.343749999999987e-05
125,27,0.230625,0.171875,2.343749999999987e-05
125,28,0.230625,0.17812499999999998,2.343749999999987e-05
125,29,0.230625,0.18437499999999998,2.3437499999999763e-05
125,30,0.230625,0.190625,2.343749999999987e-05
125,31,0.230625,0.19687499999999997,2.343749999999987e-05
125,32,0.230625,0.203125,2.343749999999987e-05
125,33,0.230625,0.20937499999999998,2.343749999999987e-05
125,34,0.230625,0.21562499999999998,2.3437499999999763e-05
125,35,0.230625,0.221875,2.343749999999987e-05
125,36,0.230625,0.22812499999999997,2.343749999999987e-05
125,37,0.230625,0.234375,2.343749999999987e-05
125,38,0.230625,0.24062499999999998,2.3437499999999763e-05
125,39,0.230625,0.24687499999999996,2.343749999999987e-05
125,40,0.230625,0.253125,2.343749999999987e-05
125,41,0.230625,0.25937499999999997,2.3437499999999763e-05
125,42,0.230625,0.265625,2.3437499999999973e-05
125,43,0.230625,0.271875,2.3437499999999763e-05
125,44,0.230625,0.27812499999999996,2.3437499999999973e-05
125,45,0.230625,0.284375,2.3437499999999763e-05
125,46,0.230625,0.29062499999999997,2.3437499999999763e-05
125,47,0.230625,0.296875,2.3437499999999973e-05
125,48,0.230625,0.303125,2.3437499999999763e-05
125,49,0.230625,0.30937499999999996,2.3437499999999973e-05
125,50,0.230625,0.315625,2.3437499999999763e-05
125,51,0.230625,0.32187499999999997,2.3437499999999763e-05
125,52,0.230625,0.328125,2.3437499999999973e-05
125,53,0.230625,0.334375,2.3437499999999763e-05
125,54,0.230625,0.34062499999999996,2.3437499999999763e-05
125,55,0.230625,0.34687499999999993,2.3437499999999973e-05
125,56,0.230625,0.35312499999999997,2.3437499999999763e-05
125,57,0.230625,0.359375,2.3437499999999973e-05
125,58,0.230625,0.365625,2.3437499999999763e-05
125,59,0.230625,0.37187499999999996,2.3437499999999763e-05
125,60,0.230625,0.37812499999999993,2.3437499999999973e-05
125,61,0.230625,0.38437499999999997,2.3437499999999763e-05
125,62,0.230625,0.390625,2.3437499999999973e-05
125,63,0.230625,0.396875,2.3437499999999763e-05
125,64,0.230625,0.40312499999999996,2.3437499999999763e-05
125,65,0.230625,0.40937499999999993,2.3437499999999973e-05
125,66,0.230625,0.41562499999999997,2.3437499999999763e-05
125,67,0.230625,0.421875,2.3437499999999973e-05
125,68,0.230625,0.428125,2.3437499999999763e-05
125,69,0.230625,0.43437499999999996,2.3437499999999763e-05
125,70,0.230625,0.44062499999999993,2.3437499999999973e-05
125,71,0.230625,0.44687499999999997,2.3437499999999763e-05
125,72,0.230625,0.453125,2.3437499999999973e-05
125,73,0.230625,0.459375,2.3437499999999763e-05
125,74,0.230625,0.46562499999999996,2.3437499999999763e-05
125,75,0.230625,0.47187499999999993,2.3437499999999973e-05
125,76,0.230625,0.47812499999999997,2.3437499999999763e-05
125,77,0.230625,0.48437499999999994,2.3437499999999763e-05
125,78,0.230625,0.490625,2.3437499999999973e-05
125,79,0.230625,0.49687499999999996,2.3437499999999763e-05
125,80,0.230625,0.5031249999999999,2.3437499999999973e-05
125,81,0.230625,0.5093749999999999,2.3437499999999763e-05
125,82,0.230625,0.515625,2.3437499999999763e-05
125,83,0.230625,0.5218749999999999,2.3437499999999763e-05
125,84,0.230625,0.528125,2.343750000000018e-05
125,85,0.230625,0.534375,2.3437499999999763e-05
125,86,0.230625,0.5406249999999999,2.3437499999999763e-05
125,87,0.230625,0.546875,2.3437499999999763e-05
125,88,0.230625,0.5531249999999999,2.3437499999999763e-05
125,89,0.230625,0.559375,2.343750000000018e-05
125,90,0.230625,0.565625,2.3437499999999763e-05
125,91,0.230625,0.5718749999999999,2.3437499999999763e-05
125,92,0.230625,0.578125,2.3437499999999763e-05
125,93,0.230625,0.5843749999999999,2.3437499999999763e-05
125,94,0.230625,0.590625,2.343750000000018e-05
125,95,0.230625,0.596875,2.3437499999999763e-05
126,0,0.234375,0.0031249999999999997,2.3437500000000194e-05
126,1,0.234375,0.009375,2.3437500000000194e-05
126,2,0.234375,0.015625,2.3437500000000197e-05
126,3,0.234375,0.021875,2.343750000000019e-05
126,4,0.234375,0.028124999999999997,2.343750000000019e-05
126,5,0.234375,0.034374999999999996,2.3437500000000204e-05
126,6,0.234375,0.040624999999999994,2.343750000000019e-05
126,7,0.234375,0.046875,2.343750000000019e-05
126,8,0.234375,0.05312499999999999,2.343750000000019e-05
126,9,0.234375,0.059375,2.343750000000019e-05
126,10,0.234375,0.06562499999999999,2.343750000000019e-05
126,11,0.234375,0.071875,2.3437500000000214e-05
126,12,0.234375,0.078125,2.3437500000000163e-05
126,13,0.234375,0.08437499999999999,2.3437500000000214e-05
126,14,0.234375,0.09062499999999998,2.3437500000000163e-05
126,15,0.234375,0.09687499999999999,2.3437500000000214e-05
126,16,0.234375,0.103125,2.3437500000000214e-05
126,17,0.234375,0.109375,2.3437500000000163e-05
126,18,0.234375,0.11562499999999999,2.3437500000000214e-05
126,19,0.234375,0.12187499999999998,2.3437500000000163e-05
126,20,0.234375,0.128125,2.3437500000000163e-05
126,21,0.234375,0.13437499999999997,2.3437500000000214e-05
126,22,0.234375,0.140625,2.3437500000000214e-05
126,23,0.234375,0.14687499999999998,2.3437500000000214e-05
126,24,0.234375,0.153125,2.3437500000000214e-05
126,25,0.234375,0.159375,2.3437500000000112e-05
126,26,0.234375,0.16562499999999997,2.3437500000000214e-05
126,27,0.234375,0.171875,2.3437500000000214e-05
126,28,0.234375,0.17812499999999998,2.3437500000000214e-05
126,29,0.234375,0.18437499999999998,2.3437500000000112e-05
126,30,0.234375,0.190625,2.3437500000000214e-05
126,31,0.234375,0.19687499999999997,2.3437500000000214e-05
126,32,0.234375,0.203125,2.3437500000000214e-05
126,33,0.234375,0.20937499999999998,2.3437500000000214e-05
126,34,0.234375,0.21562499999999998,2.3437500000000112e-05
126,35,0.234375,0.221875,2.3437500000000214e-05
126,36,0.234375,0.22812499999999997,2.3437500000000214e-05
126,37,0.234375,0.234375,2.3437500000000214e-05
126,38,0.234375,0.24062499999999998,2.3437500000000112e-05
126,39,0.234375,0.24687499999999996,2.3437500000000214e-05
126,40,0.234375,0.253125,2.3437500000000214e-05
126,41,0.234375,0.25937499999999997,2.3437500000000112e-05
126,42,0.234375,0.265625,2.343750000000032e-05
126,43,0.234375,0.271875,2.3437500000000112e-05
126,44,0.234375,0.27812499999999996,2.343750000000032e-05
126,45,0.234375,0.284375,2.3437500000000112e-05
126,46,0.234375,0.29062499999999997,2.3437500000000112e-05
126,47,0.234375,0.296875,2.343750000000032e-05
126,48,0.234375,0.303125,2.3437500000000112e-05
126,49,0.234375,0.30937499999999996,2.343750000000032e-05
126,50,0.234375,0.315625,2.3437500000000112e-05
126,51,0.234375,0.32187499999999997,2.3437500000000112e-05
126,52,0.234375,0.328125,2.343750000000032e-05
126,53,0.234375,0.334375,2.3437500000000112e-05
126,54,0.234375,0.34062499999999996,2.3437500000000112e-05
126,55,0.234375,0.34687499999999993,2.343750000000032e-05
126,56,0.234375,0.35312499999999997,2.3437500000000112e-05
126,57,0.234375,0.359375,2.343750000000032e-05
126,58,0.234375,0.365625,2.3437500000000112e-05
126,59,0.234375,0.37187499999999996,2.3437500000000112e-05
126,60,0.234375,0.37812499999999993,2.343750000000032e-05
126,61,0.234375,0.38437499999999997,2.3437500000000112e-05
126,62,0.234375,0.390625,2.343750000000032e-05
126,63,0.234375,0.396875,2.3437500000000112e-05
126,64,0.234375,0.40312499999999996,2.3437500000000112e-05
126,65,0.234375,0.40937499999999993,2.343750000000032e-05
126,66,0.234375,0.41562499999999997,2.3437500000000112e-05
126,67,0.234375,0.421875,2.343750000000032e-05
126,68,0.234375,0.428125,2.3437500000000112e-05
126,69,0.234375,0.43437499999999996,2.3437500000000112e-05
126,70,0.234375,0.44062499999999993,2.343750000000032e-05
126,71,0.234375,0.44687499999999997,2.3437500000000112e-05
126,72,0.234375,0.453125,2.343750000000032e-05
126,73,0.234375,0.459375,2.3437500000000112e-05
126,74,0.234375,0.46562499999999996,2.3437500000000112e-05
126,75,0.234375,0.47187499999999993,2.343750000000032e-05
126,76,0.234375,0.47812499999999997,2.3437500000000112e-05
126,77,0.234375,0.48437499999999994,2.3437500000000112e-05
126,78,0.234375,0.490625,2.343750000000032e-05
126,79,0.234375,0.49687499999999996,2.3437500000000112e-05
126,80,0.234375,0.5031249999999999,2.343750000000032e-05
126,81,0.234375,0.5093749999999999,2.3437500000000112e-05
126,82,0.234375,0.515625,2.3437500000000112e-05
126,83,0.234375,0.5218749999999999,2.3437500000000112e-05
126,84,0.234375,0.528125,2.343750000000053e-05
126,85,0.234375,0.534375,2.3437500000000112e-05
126,86,0.234375,0.5406249999999999,2.3437500000000112e-05
126,87,0.234375,0.546875,2.3437500000000112e-05
126,88,0.234375,0.5531249999999999,2.3437500000000112e-05
126,89,0.234375,0.559375,2.343750000000053e-05
126,90,0.234375,0.565625,2.3437500000000112e-05
126,91,0.234375,0.5718749999999999,2.3437500000000112e-05
126,92,0.234375,0.578125,2.3437500000000112e-05
126,93,0.234375,0.5843749999999999,2.3437500000000112e-05
126,94,0.234375,0.590625,2.343750000000053e-05
126,95,0.234375,0.596875,2.3437500000000112e-05
127,0,0.238125,0.0031249999999999997,2.3437499999999845e-05
127,1,0.238125,0.009375,2.3437499999999845e-05
127,2,0.238125,0.015625,2.3437499999999848e-05
127,3,0.238125,0.021875,2.343749999999984e-05
127,4,0.238125,0.028124999999999997,2.343749999999984e-05
127,5,0.238125,0.034374999999999996,2.3437499999999855e-05
127,6,0.238125,0.040624999999999994,2.343749999999984e-05
127,7,0.238125,0.046875,2.343749999999984e-05
127,8,0.238125,0.05312499999999999,2.343749999999984e-05
127,9,0.238125,0.059375,2.343749999999984e-05
127,10,0.238125,0.06562499999999999,2.343749999999984e-05
127,11,0.238125,0.071875,2.343749999999987e-05
127,12,0.238125,0.078125,2.3437499999999818e-05
127,13,0.238125,0.08437499999999999,2.343749999999987e-05
127,14,0.238125,0.09062499999999998,2.3437499999999818e-05
127,15,0.238125,0.09687499999999999,2.343749999999987e-05
127,16,0.238125,0.103125,2.343749999999987e-05
127,17,0.238125,0.109375,2.3437499999999818e-05
127,18,0.238125,0.11562499999999999,2.343749999999987e-05
127,19,0.238125,0.12187499999999998,2.3437499999999818e-05
127,20,0.238125,0.128125,2.3437499999999818e-05
127,21,0.238125,0.13437499999999997,2.343749999999987e-05
127,22,0.238125,0.140625,2.343749999999987e-05
127,23,0.238125,0.14687499999999998,2.343749999999987e-05
127,24,0.238125,0.153125,2.343749999999987e-05
127,25,0.238125,0.159375,2.3437499999999763e-05
127,26,0.238125,0.16562499999999997,2.343749999999987e-05
127,27,0.238125,0.171875,2.343749999999987e-05
127,28,0.238125,0.17812499999999998,2.343749999999987e-05
127,29,0.238125,0.18437499999999998,2.3437499999999763e-05
127,30,0.238125,0.190625,2.343749999999987e-05
127,31,0.238125,0.19687499999999997,2.343749999999987e-05
127,32,0.238125,0.203125,2.343749999999987e-05
127,33,0.238125,0.20937499999999998,2.343749999999987e-05
127,34,0.238125,0.21562499999999998,2.3437499999999763e-05
127,35,0.238125,0.221875,2.343749999999987e-05
127,36,0.238125,0.22812499999999997,2.343749999999987e-05
127,37,0.238125,0.234375,2.343749999999987e-05
127,38,0.238125,0.24062499999999998,2.3437499999999763e-05
127,39,0.238125,0.24687499999999996,2.343749999999987e-05
127,40,0.238125,0.253125,2.343749999999987e-05
127,41,0.238125,0.25937499999999997,2.3437499999999763e-05
127,42,0.238125,0.265625,2.3437499999999973e-05
127,43,0.238125,0.271875,2.3437499999999763e-05
127,44,0.238125,0.27812499999999996,2.3437499999999973e-05
127,45,0.238125,0.284375,2.3437499999999763e-05
127,46,0.238125,0.29062499999999997,2.3437499999999763e-05
127,47,0.238125,0.296875,2.3437499999999973e-05
127,48,0.238125,0.303125,2.3437499999999763e-05
127,49,0.238125,0.30937499999999996,2.3437499999999973e-05
127,50,0.238125,0.315625,2.3437499999999763e-05
127,51,0.238125,0.32187499999999997,2.3437499999999763e-05
127,52,0.238125,0.328125,2.3437499999999973e-05
127,53,0.238125,0.334375,2.3437499999999763e-05
127,54,0.238125,0.34062499999999996,2.3437499999999763e-05
127,55,0.238125,0.34687499999999993,2.3437499999999973e-05
127,56,0.238125,0.35312499999999997,2.3437499999999763e-05
127,57,0.238125,0.359375,2.3437499999999973e-05
127,58,0.238125,0.365625,2.3437499999999763e-05
127,59,0.238125,0.37187499999999996,2.3437499999999763e-05
127,60,0.238125,0.37812499999999993,2.3437499999999973e-05
127,61,0.238125,0.38437499999999997,2.3437499999999763e-05
127,62,0.238125,0.390625,2.3437499999999973e-05
127,63,0.238125,0.396875,2.3437499999999763e-05
127,64,0.238125,0.40312499999999996,2.3437499999999763e-05
127,65,0.238125,0.40937499999999993,2.3437499999999973e-05
127,66,0.238125,0.41562499999999997,2.3437499999999763e-05
127,67,0.238125,0.421875,2.3437499999999973e-05
127,68,0.238125,0.428125,2.3437499999999763e-05
127,69,0.238125,0.43437499999999996,2.3437499999999763e-05
127,70,0.238125,0.44062499999999993,2.3437499999999973e-05
127,71,0.238125,0.44687499999999997,2.3437499999999763e-05
127,72,0.238125,0.453125,2.3437499999999973e-05
127,73,0.238125,0.459375,2.3437499999999763e-05
127,74,0.238125,0.46562499999999996,2.3437499999999763e-05
127,75,0.238125,0.47187499999999993,2.3437499999999973e-05
127,76,0.238125,0.47812499999999997,2.3437499999999763e-05
127,77,0.238125,0.48437499999999994,2.3437499999999763e-05
127,78,0.238125,0.490625,2.3437499999999973e-05
127,79,0.238125,0.49687499999999996,2.3437499999999763e-05
127,80,0.238125,0.5031249999999999,2.3437499999999973e-05
127,81,0.238125,0.5093749999999999,2.3437499999999763e-05
127,82,0.238125,0.515625,2.3437499999999763e-05
127,83,0.238125,0.5218749999999999,2.3437499999999763e-05
127,84,0.238125,0.528125,2.343750000000018e-05
127,85,0.238125,0.534375,2.3437499999999763e-05
127,86,0.238125,0.5406249999999999,2.3437499999999763e-05
127,87,0.238125,0.546875,2.3437499999999763e-05
127,88,0.238125,0.5531249999999999,2.3437499999999763e-05
127,89,0.238125,0.559375,2.343750000000018e-05
127,90,0.238125,0.565625,2.3437499999999763e-05
127,91,0.238125,0.5718749999999999,2.3437499999999763e-05
127,92,0.238125,0.578125,2.3437499999999763e-05
127,93,0.238125,0.5843749999999999,2.3437499999999763e-05
127,94,0.238125,0.590625,2.343750000000018e-05
127,95,0.238125,0.596875,2.3437499999999763e-05
