x,y,Bx,By
-0.23812499999999998,0.0031249999999999997,-0.00010271998675302014,-0.0014847397134952747
-0.23812499999999998,0.009375,-9.921657875698073e-05,-0.0014815373918786168
-0.23812499999999998,0.015625,-9.56404650196259e-05,-0.0014785777569043678
-0.23812499999999998,0.021875,-9.20090350020361e-05,-0.0014758610895510837
-0.23812499999999998,0.028124999999999997,-8.833936735335284e-05,-0.0014733861536354981
-0.23812499999999998,0.034374999999999996,-8.464807653382352e-05,-0.0014711502642579155
-0.23812499999999998,0.040624999999999994,-8.095117224948336e-05,-0.0014691493733088362
-0.23812499999999998,0.046875,-7.726393366982512e-05,-0.0014673781696483766
-0.23812499999999998,0.05312499999999999,-7.360079994313925e-05,-0.0014658301913541693
-0.23812499999999998,0.059375,-6.997527805140496e-05,-0.001464497947307575
-0.23812499999999998,0.06562499999999999,-6.63998685757456e-05,-0.0014633730453503851
-0.23812499999999998,0.071875,-6.288600949105572e-05,-0.0014624463242892554
-0.23812499999999998,0.078125,-5.9444037688800894e-05,-0.0014617079871444025
-0.23812499999999998,0.08437499999999999,-5.60831675517894e-05,-0.0014611477332218045
-0.23812499999999998,0.09062499999999998,-5.2811485582556376e-05,-0.0014607548868219528
-0.23812499999999998,0.09687499999999999,-4.9635959823392215e-05,-0.001460518520669963
-0.23812499999999998,0.103125,-4.6562462603572025e-05,-0.0014604275724484422
-0.23812499999999998,0.109375,-4.359580500779973e-05,-0.0014604709531232981
-0.23812499999999998,0.11562499999999999,-4.073978137672439e-05,-0.0014606376460621858
-0.23812499999999998,0.12187499999999998,-3.799722212114267e-05,-0.0014609167962454587
-0.23812499999999998,0.128125,-3.5370053150232386e-05,-0.0014612977891520066
-0.23812499999999998,0.13437499999999997,-3.285936027396637e-05,-0.0014617703191607007
-0.23812499999999998,0.140625,-3.0465457033301013e-05,-0.0014623244475376823
-0.23812499999999998,0.14687499999999998,-2.8187954531281063e-05,-0.0014629506502774822
-0.23812499999999998,0.153125,-2.602583197651323e-05,-0.0014636398562306314
-0.23812499999999998,0.159375,-2.397750680071291e-05,-0.001464383476082043
-0.23812499999999998,0.16562499999999997,-2.2040903368059986e-05,-0.0014651734228442155
-0.23812499999999998,0.171875,-2.0213519450590548e-05,-0.0014660021245993006
-0.23812499999999998,0.17812499999999998,-1.8492489796342355e-05,-0.0014668625302670143
-0.23812499999999998,0.18437499999999998,-1.6874646261907756e-05,-0.0014677481091944283
-0.23812499999999998,0.190625,-1.535657411575228e-05,-0.0014686528453622073
-0.23812499999999998,0.19687499999999997,-1.3934664241218809e-05,-0.0014695712269833243
-0.23812499999999998,0.203125,-1.260516107741991e-05,-0.0014704982322380257
-0.23812499999999998,0.20937499999999998,-1.1364206231655422e-05,-0.0014714293118459885
-0.23812499999999998,0.21562499999999998,-1.0207877778569185e-05,-0.0014723603691261383
-0.23812499999999998,0.221875,-9.132225329362972e-06,-0.0014732877381390412
-0.23812499999999998,0.22812499999999997,-8.133301009731643e-06,-0.001474208160448392
-0.23812499999999998,0.234375,-7.207186528709746e-06,-0.0014751187609788159
-0.23812499999999998,0.24062499999999998,-6.350016553423513e-06,-0.0014760170233885117
-0.23812499999999998,0.24687499999999996,-5.55799862799587e-06,-0.001476900765318456
-0.23812499999999998,0.253125,-4.827429889769258e-06,-0.0014777681138258866
-0.23812499999999998,0.25937499999999997,-4.15471084377862e-06,-0.0014786174812593045
-0.23812499999999998,0.265625,-3.5363564581709185e-06,-0.001479447541785695
-0.23812499999999998,0.271875,-2.9690048401006437e-06,-0.001480257208738382
-0.23812499999999998,0.27812499999999996,-2.449423744510962e-06,-0.0014810456129159698
-0.23812499999999998,0.284375,-1.974515158022986e-06,-0.0014818120819291747
-0.23812499999999998,0.29062499999999997,-1.5413181876828659e-06,-0.0014825561206629053
-0.23812499999999998,0.296875,-1.147010470229013e-06,-0.0014832773928954862
-0.23812499999999998,0.303125,-7.889083024279301e-07,-0.0014839757040952068
-0.23812499999999998,0.30937499999999996,-4.6446567736189484e-07,-0.0014846509853961136
-0.23812499999999998,0.315625,-1.7127239574105243e-07,-0.0014853032787398592
-0.23812499999999998,0.32187499999999997,9.294859432488578e-08,-0.0014859327231581429
-0.23812499999999998,0.328125,3.3034449087295926e-07,-0.0014865395421605288
-0.23812499999999998,0.334375,5.429364413232825e-07,-0.001487124032184894
-0.23812499999999998,0.34062499999999996,7.326237456152374e-07,-0.0014876865520621707
-0.23812499999999998,0.34687499999999993,9.011883624375321e-07,-0.0014882275134431066
-0.23812499999999998,0.35312499999999997,1.050299633819322e-06,-0.001488747372132256
-0.23812499999999998,0.359375,1.1815191544806307e-06,-0.0014892466202730947
-0.23812499999999998,0.365625,1.296305722526576e-06,-0.0014897257793278112
-0.23812499999999998,0.37187499999999996,1.3960203173250779e-06,-0.0014901853937958006
-0.23812499999999998,0.37812499999999993,1.4819310587597106e-06,-0.0014906260256160112
-0.23812499999999998,0.38437499999999997,1.5552181095409892e-06,-0.001491048249199912
-0.23812499999999998,0.390625,1.6169784889339051e-06,-0.0014914526470438854
-0.23812499999999998,0.396875,1.6682307721739236e-06,-0.0014918398058721273
-0.23812499999999998,0.40312499999999996,1.7099196550494506e-06,-0.0014922103132636625
-0.23812499999999998,0.40937499999999993,1.742920367685035e-06,-0.0014925647547196885
-0.23812499999999998,0.41562499999999997,1.7680429255206553e-06,-0.001492903711130168
-0.23812499999999998,0.421875,1.7860362089042744e-06,-0.001493227756601281
-0.23812499999999998,0.428125,1.7975918656497138e-06,-0.0014935374566080396
-0.23812499999999998,0.43437499999999996,1.8033480334100512e-06,-0.0014938333664389826
-0.23812499999999998,0.44062499999999993,1.8038928808248737e-06,-0.0014941160299024158
-0.23812499999999998,0.44687499999999997,1.7997679681626754e-06,-0.001494385978266099
-0.23812499999999998,0.453125,1.791471429636791e-06,-0.00149464372940462
-0.23812499999999998,0.459375,1.7794609807624033e-06,-0.0014948897871308923
-0.23812499999999998,0.46562499999999996,1.7641567550774336e-06,-0.0014951246406903038
-0.23812499999999998,0.47187499999999993,1.7459439753013233e-06,-0.0014953487643979875
-0.23812499999999998,0.47812499999999997,1.7251754645812704e-06,-0.0014955626174015123
-0.23812499999999998,0.48437499999999994,1.7021740038999727e-06,-0.0014957666435529784
-0.23812499999999998,0.490625,1.677234542014288e-06,-0.0014959612713760788
-0.23812499999999998,0.49687499999999996,1.6506262644801638e-06,-0.0014961469141151268
-0.23812499999999998,0.5031249999999999,1.6225945284129436e-06,-0.0014963239698543892
-0.23812499999999998,0.5093749999999999,1.5933626696494827e-06,-0.00149649282169728
-0.23812499999999998,0.515625,1.5631336889316786e-06,-0.0014966538379960965
-0.23812499999999998,0.5218749999999999,1.5320918236331023e-06,-0.001496807372623988
-0.23812499999999998,0.528125,1.5004040114100712e-06,-0.0014969537652817907
-0.23812499999999998,0.534375,1.4682212519857266e-06,-0.0014970933418331895
-0.23812499999999998,0.5406249999999999,1.4356798730769735e-06,-0.0014972264146624486
-0.23812499999999998,0.546875,1.402902706256651e-06,-0.00149735328304963
-0.23812499999999998,0.5531249999999999,1.3700001783119318e-06,-0.0014974742335588497
-0.23812499999999998,0.559375,1.3370713234198528e-06,-0.0014975895404356827
-0.23812499999999998,0.565625,1.304204721215248e-06,-0.0014976994660103268
-0.23812499999999998,0.5718749999999999,1.2714793655792276e-06,-0.001497804261103595
-0.23812499999999998,0.578125,1.2389654687295207e-06,-0.001497904165433205
-0.23812499999999998,0.5843749999999999,1.2067252049504391e-06,-0.0014979994080181944
-0.23812499999999998,0.590625,1.174813398060967e-06,-0.0014980902075796218
-0.23812499999999998,0.596875,1.1432781564864945e-06,-0.0014981767729359845
-0.234375,0.0031249999999999997,-0.0001111162783342401,-0.0014833045834114803
-0.234375,0.009375,-0.00010730439451040232,-0.0014798038753775422
-0.234375,0.015625,-0.00010341080988337328,-0.0014765702483351814
-0.234375,0.021875,-9.945493824795348e-05,-0.0014736041414682708
-0.234375,0.028124999999999997,-9.545585106106652e-05,-0.0014709042778136905
-0.234375,0.034374999999999996,-9.143210189843622e-05,-0.001468467741861136
-0.234375,0.040624999999999994,-8.740156568287802e-05,-0.0014662900768918129
-0.234375,0.046875,-8.338129498590935e-05,-0.0014643653992643148
-0.234375,0.05312499999999999,-7.938739516423207e-05,-0.0014626865266025718
-0.234375,0.059375,-7.54349195338244e-05,-0.0014612451166949633
-0.234375,0.06562499999999999,-7.153778522868835e-05,-0.0014600318138731033
-0.234375,0.071875,-6.770870985860332e-05,-0.0014590363996966216
-0.234375,0.078125,-6.395916858764931e-05,-0.0014582479449159905
-0.234375,0.08437499999999999,-6.0299370816581095e-05,-0.001457654959905908
-0.234375,0.09062499999999998,-5.673825527744203e-05,-0.0014572455410419025
-0.234375,0.09687499999999999,-5.32835020444446e-05,-0.001457007510816804
-0.234375,0.103125,-4.994155973382728e-05,-0.001456928549845704
-0.234375,0.109375,-4.6717686006556465e-05,-0.0014569963192728878
-0.234375,0.11562499999999999,-4.361599939796191e-05,-0.001457198572458334
-0.234375,0.12187499999999998,-4.063954047201239e-05,-0.0014575232551728736
-0.234375,0.128125,-3.7790340327578966e-05,-0.0014579585938602467
-0.234375,0.13437499999999997,-3.5069494561248073e-05,-0.0014584931718236553
-0.234375,0.140625,-3.247724090702454e-05,-0.001459115993458648
-0.234375,0.14687499999999998,-3.0013038918524662e-05,-0.0014598165368802257
-0.234375,0.153125,-2.7675650225289852e-05,-0.001460584795478557
-0.234375,0.159375,-2.5463218073543466e-05,-0.0014614113090850825
-0.234375,0.16562499999999997,-2.3373345045885013e-05,-0.0014622871855406786
-0.234375,0.171875,-2.1403168037870346e-05,-0.0014632041135326838
-0.234375,0.17812499999999998,-1.9549429747060602e-05,-0.0014641543676113791
-0.234375,0.18437499999999998,-1.7808546097917998e-05,-0.001465130806312834
-0.234375,0.190625,-1.617666918090256e-05,-0.001466126864307985
-0.234375,0.19687499999999997,-1.4649745424244127e-05,-0.0014671365394715342
-0.234375,0.203125,-1.322356884095304e-05,-0.0014681543757226934
-0.234375,0.20937499999999998,-1.1893829301212415e-05,-0.0014691754424367041
-0.234375,0.21562499999999998,-1.0656155871505032e-05,-0.0014701953111648
-0.234375,0.221875,-9.5061553372627e-06,-0.0014712100303338107
-0.234375,0.22812499999999997,-8.439446086429634e-06,-0.0014722160985275532
-0.234375,0.234375,-7.451687578317984e-06,-0.0014732104368825967
-0.234375,0.24062499999999998,-6.538605656837139e-06,-0.0014741903610627227
-0.234375,0.24687499999999996,-5.696013991047041e-06,-0.0014751535532107575
-0.234375,0.253125,-4.919831940455235e-06,-0.0014760980342144762
-0.234375,0.25937499999999997,-4.206099148967553e-06,-0.0014770221365656643
-0.234375,0.265625,-3.550987171248904e-06,-0.0014779244780386647
-0.234375,0.271875,-2.9508084297036783e-06,-0.0014788039363670391
-0.234375,0.27812499999999996,-2.4020227904723275e-06,-0.0014796596250544376
-0.234375,0.284375,-1.9012420337721447e-06,-0.0014804908704182773
-0.234375,0.29062499999999997,-1.4452324784696307e-06,-0.0014812971899322445
-0.234375,0.296875,-1.0309160037207872e-06,-0.0014820782719056284
-0.234375,0.303125,-6.553696924969691e-07,-0.0014828339565138085
-0.234375,0.30937499999999996,-3.1582430336255866e-07,-0.0014835642181744457
-0.234375,0.315625,-9.661758422192331e-09,-0.0014842691492477293
-0.234375,0.32187499999999997,2.6558818274701366e-07,-0.001484948945026018
-0.234375,0.328125,5.122519108491085e-07,-0.001485603889968023
-0.234375,0.334375,7.325164806528512e-07,-0.0014862343451249429
-0.234375,0.34062499999999996,9.284345308689664e-07,-0.0014868407367003755
-0.234375,0.34687499999999993,1.1019295048577137e-06,-0.0014874235456820448
-0.234375,0.35312499999999997,1.2548010804779914e-06,-0.0014879832984811558
-0.234375,0.359375,1.3887307298480097e-06,-0.0014885205585142337
-0.234375,0.365625,1.5052873411352302e-06,-0.0014890359186624093
-0.234375,0.37187499999999996,1.6059328447577636e-06,-0.0014895299945440672
-0.234375,0.37812499999999993,1.6920277956037193e-06,-0.001490003418538412
-0.234375,0.38437499999999997,1.764836871109599e-06,-0.0014904568344996506
-0.234375,0.390625,1.8255342523465263e-06,-0.0014908908931040468
-0.234375,0.396875,1.875208861706858e-06,-0.0014913062477749145
-0.234375,0.40312499999999996,1.914869436430874e-06,-0.0014917035511336294
-0.234375,0.40937499999999993,1.94544942213203e-06,-0.0014920834519278486
-0.234375,0.41562499999999997,1.967811674733335e-06,-0.001492446592391277
-0.234375,0.421875,1.98275296288418e-06,-0.0014927936059924646
-0.234375,0.428125,1.9910082660431663e-06,-0.001493125115533204
-0.234375,0.43437499999999996,1.9932548660506386e-06,-0.001493441731560102
-0.234375,0.44062499999999993,1.9901162322232125e-06,-0.0014937440510557909
-0.234375,0.44687499999999997,1.982165701835782e-06,-0.0014940326563790142
-0.234375,0.453125,1.9699299593569985e-06,-0.0014943081144254485
-0.234375,0.459375,1.9538923190156212e-06,-0.0014945709759835945
-0.234375,0.46562499999999996,1.934495816233662e-06,-0.001494821775262408
-0.234375,0.47187499999999993,1.912146114203436e-06,-0.0014950610295695094
-0.234375,0.47812499999999997,1.8872142324391236e-06,-0.0014952892391208296
-0.234375,0.48437499999999994,1.8600391045268398e-06,-0.001495506886964437
-0.234375,0.490625,1.8309299725544087e-06,-0.0014957144390030043
-0.234375,0.49687499999999996,1.8001686258454259e-06,-0.0014959123441009832
-0.234375,0.5031249999999999,1.7680114916690386e-06,-0.0014961010342640054
-0.234375,0.5093749999999999,1.734691585565225e-06,-0.0014962809248793684
-0.234375,0.515625,1.7004203288284993e-06,-0.001496452415007693
-0.234375,0.5218749999999999,1.6653892405440945e-06,-0.0014966158877169344
-0.234375,0.528125,1.6297715113800266e-06,-0.0014967717104509537
-0.234375,0.534375,1.5937234661158376e-06,-0.0014969202354257593
-0.234375,0.5406249999999999,1.5573859216416007e-06,-0.0014970618000473602
-0.234375,0.546875,1.5208854468962054e-06,-0.0014971967273459113
-0.234375,0.5531249999999999,1.4843355309374205e-06,-0.001497325326421508
-0.234375,0.559375,1.4478376650525413e-06,-0.0014974478928975862
-0.234375,0.565625,1.4114823445318559e-06,-0.0014975647093784215
-0.234375,0.5718749999999999,1.375349995440369e-06,-0.0014976760459077063
-0.234375,0.578125,1.3395118314397404e-06,-0.001497782160425615
-0.234375,0.5843749999999999,1.3040306454336e-06,-0.001497883299222148
-0.234375,0.590625,1.268961540537499e-06,-0.0014979796973848866
-0.234375,0.596875,1.2343526046107895e-06,-0.0014980715792395956
-0.23062499999999997,0.0031249999999999997,-0.00012015193418223279,-0.001481739193591689
-0.23062499999999997,0.009375,-0.0001160053557768491,-0.0014779133878297533
-0.23062499999999997,0.015625,-0.00011176703501232221,-0.0014743814802696178
-0.23062499999999997,0.021875,-0.00010745864526759386,-0.001471144098208013
-0.23062499999999997,0.028124999999999997,-0.00010310148272710998,-0.001468199927601195
-0.23062499999999997,0.034374999999999996,-9.871626544204319e-05,-0.0014655458011020998
-0.23062499999999997,0.040624999999999994,-9.432294943508598e-05,-0.0014631768089377857
-0.23062499999999997,0.046875,-8.994056453644775e-05,-0.0014610864293616726
-0.23062499999999997,0.05312499999999999,-8.558707199930637e-05,-0.0014592666751177075
-0.23062499999999997,0.059375,-8.127924528205425e-05,-0.0014577082521849505
-0.23062499999999997,0.06562499999999999,-7.703257472854503e-05,-0.0014564007270280095
-0.23062499999999997,0.071875,-7.286119625006712e-05,-0.0014553326986527732
-0.23062499999999997,0.078125,-6.877784353440733e-05,-0.0014544919719450885
-0.23062499999999997,0.08437499999999999,-6.479382279447618e-05,-0.001453865729036237
-0.23062499999999997,0.09062499999999998,-6.091900863334739e-05,-0.0014534406957749826
-0.23062499999999997,0.09687499999999999,-5.716185925143594e-05,-0.0014532033007723971
-0.23062499999999997,0.103125,-5.352944895774442e-05,-0.0014531398249034934
-0.23062499999999997,0.109375,-5.002751576950182e-05,-0.0014532365395809178
-0.23062499999999997,0.11562499999999999,-4.666052178860134e-05,-0.0014534798325442763
-0.23062499999999997,0.12187499999999998,-4.3431724021830165e-05,-0.0014538563203201713
-0.23062499999999997,0.128125,-4.034325335585046e-05,-0.001454352946891369
-0.23062499999999997,0.13437499999999997,-3.739619949687197e-05,-0.0014549570684601072
-0.23062499999999997,0.140625,-3.4590699828043185e-05,-0.0014556565244945058
-0.23062499999999997,0.14687499999999998,-3.1926030313878956e-05,-0.0014564396955049999
-0.23062499999999997,0.153125,-2.9400696780137985e-05,-0.0014572955482085156
-0.23062499999999997,0.159375,-2.7012525109923028e-05,-0.0014582136689025994
-0.23062499999999997,0.16562499999999997,-2.4758749113967946e-05,-0.0014591842859921378
-0.23062499999999997,0.171875,-2.2636095047948e-05,-0.0014601982826912127
-0.23062499999999997,0.17812499999999998,-2.064086195635603e-05,-0.0014612472009662553
-0.23062499999999997,0.18437499999999998,-1.876899721650968e-05,-0.0014623232377987958
-0.23062499999999997,0.190625,-1.7016166834309047e-05,-0.0014634192348316813
-0.23062499999999997,0.19687499999999997,-1.537782020328694e-05,-0.0014645286624266067
-0.23062499999999997,0.203125,-1.384924917912145e-05,-0.0014656455991078608
-0.23062499999999997,0.20937499999999998,-1.2425641442765632e-05,-0.0014667647073017165
-0.23062499999999997,0.21562499999999998,-1.1102128227035536e-05,-0.0014678812062068037
-0.23062499999999997,0.221875,-9.873826564743938e-06,-0.001468990842551526
-0.23062499999999997,0.22812499999999997,-8.7358762825281e-06,-0.001470089859913055
-0.23062499999999997,0.234375,-7.683472014898209e-06,-0.0014711749671910675
-0.23062499999999997,0.24062499999999998,-6.711890549406131e-06,-0.0014722433067501073
-0.23062499999999997,0.24687499999999996,-5.8165138379233e-06,-0.001473292422668773
-0.23062499999999997,0.253125,-4.992848022559855e-06,-0.0014743202294629073
-0.23062499999999997,0.25937499999999997,-4.236538829414214e-06,-0.0014753249815843868
-0.23062499999999997,0.265625,-3.5433836806887927e-06,-0.001476305243937383
-0.23062499999999997,0.271875,-2.9093408671810215e-06,-0.0014772598636003241
-0.23062499999999997,0.27812499999999996,-2.3305361100610163e-06,-0.0014781879428942214
-0.23062499999999997,0.284375,-1.8032668243265425e-06,-0.0014790888138963788
-0.23062499999999997,0.29062499999999997,-1.3240043773798922e-06,-0.001479962014462534
-0.23062499999999997,0.296875,-8.89394615651158e-07,-0.0014808072657898055
-0.23062499999999997,0.303125,-4.962569108130239e-07,-0.001481624451527056
-0.23062499999999997,0.30937499999999996,-1.4158195547659942e-07,-0.0014824135984179943
-0.23062499999999997,0.315625,1.7747148319945621e-07,-0.001483174858445058
-0.23062499999999997,0.32187499999999997,4.6358066444811653e-07,-0.001483908492428416
-0.23062499999999997,0.328125,7.192636618905431e-07,-0.0014846148550238766
-0.23062499999999997,0.334375,9.468846900987712e-07,-0.0014852943810556363
-0.23062499999999997,0.34062499999999996,1.1486598390465485e-06,-0.0014859475731143217
-0.23062499999999997,0.34687499999999993,1.3266631023105751e-06,-0.0014865749903472609
-0.23062499999999997,0.35312499999999997,1.4828326001122995e-06,-0.0014871772383660848
-0.23062499999999997,0.359375,1.6189769121999192e-06,-0.0014877549601962868
-0.23062499999999997,0.365625,1.7367814481804145e-06,-0.0014883088281940292
-0.23062499999999997,0.37187499999999996,1.8378147942679552e-06,-0.0014888395368570233
-0.23062499999999997,0.37812499999999993,1.923534985574071e-06,-0.0014893477964585677
-0.23062499999999997,0.38437499999999997,1.9952956620935352e-06,-0.0014898343274365922
-0.23062499999999997,0.390625,2.0543520745163333e-06,-0.0014902998554727237
-0.23062499999999997,0.396875,2.1018669129967612e-06,-0.001490745107199809
-0.23062499999999997,0.40312499999999996,2.1389159381165365e-06,-0.0014911708064799143
-0.23062499999999997,0.40937499999999993,2.1664933985700874e-06,-0.001491577671198492
-0.23062499999999997,0.41562499999999997,2.185517224653695e-06,-0.0014919664105240726
-0.23062499999999997,0.421875,2.1968339905295423e-06,-0.001492337722586478
-0.23062499999999997,0.428125,2.201223641532748e-06,-0.001492692292530091
-0.23062499999999997,0.43437499999999996,2.1994039855583815e-06,-0.001493030790902154
-0.23062499999999997,0.44062499999999993,2.1920349498679906e-06,-0.0014933538723393397
-0.23062499999999997,0.44687499999999997,2.1797226065479974e-06,-0.0014936621745189733
-0.23062499999999997,0.453125,2.163022971384869e-06,-0.0014939563173442347
-0.23062499999999997,0.459375,2.1424455821443454e-06,-0.0014942369023354404
-0.23062499999999997,0.46562499999999996,2.118456863191595e-06,-0.0014945045122021102
-0.23062499999999997,0.47187499999999993,2.091483284108214e-06,-0.001494759710572932
-0.23062499999999997,0.47812499999999997,2.061914320481483e-06,-0.0014950030418629863
-0.23062499999999997,0.48437499999999994,2.0301052253914805e-06,-0.0014952350312596582
-0.23062499999999997,0.490625,1.996379620330172e-06,-0.0014954561848105695
-0.23062499999999997,0.49687499999999996,1.9610319143755103e-06,-0.0014956669895986204
-0.23062499999999997,0.5031249999999999,1.9243295604339244e-06,-0.0014958679139908191
-0.23062499999999997,0.5093749999999999,1.8865151572738929e-06,-0.0014960594079490499
-0.23062499999999997,0.515625,1.8478084059170743e-06,-0.001496241903392249
-0.23062499999999997,0.5218749999999999,1.8084079287453643e-06,-0.0014964158146006728
-0.23062499999999997,0.528125,1.7684929594328799e-06,-0.0014965815386540303
-0.23062499999999997,0.534375,1.7282249115322656e-06,-0.0014967394558962383
-0.23062499999999997,0.5406249999999999,1.6877488332418933e-06,-0.0014968899304204533
-0.23062499999999997,0.546875,1.6471947555627443e-06,-0.0014970333105688328
-0.23062499999999997,0.5531249999999999,1.6066789407258755e-06,-0.0014971699294421901
-0.23062499999999997,0.559375,1.5663050374391856e-06,-0.001497300105415367
-0.23062499999999997,0.565625,1.5261651491691173e-06,-0.0014974241426547043
-0.23062499999999997,0.5718749999999999,1.4863408213426841e-06,-0.0014975423316345236
-0.23062499999999997,0.578125,1.4469039530303309e-06,-0.0014976549496499736
-0.23062499999999997,0.5843749999999999,1.4079176383527172e-06,-0.0014977622613240123
-0.23062499999999997,0.590625,1.369436942546351e-06,-0.0014978645191066485
-0.23062499999999997,0.596875,1.331509617325201e-06,-0.0014979619637648899
-0.226875,0.0031249999999999997,-0.00012987225280066192,-0.0014800320097967741
-0.226875,0.009375,-0.00012536256840389422,-0.0014758520794873641
-0.226875,0.015625,-0.00012074993752497888,-0.0014719955295417922
-0.226875,0.021875,-0.00011605855606116194,-0.0014684632096401762
-0.226875,0.028124999999999997,-0.00011131220412732849,-0.0014652537732136295
-0.226875,0.034374999999999996,-0.00010653401601432427,-0.0014623637773940102
-0.226875,0.040624999999999994,-0.00010174626982699318,-0.0014597878093971471
-0.226875,0.046875,-9.697019994048131e-05,-0.0014575186355168834
-0.226875,0.05312499999999999,-9.2225834655911e-05,-0.0014555473685584196
-0.226875,0.059375,-8.753186065434883e-05,-0.0014538636493446947
-0.226875,0.06562499999999999,-8.290551507283748e-05,-0.001452455837884779
-0.226875,0.071875,-7.836250528684823e-05,-0.0014513112098878773
-0.226875,0.078125,-7.391695580431383e-05,-0.0014504161545246062
-0.226875,0.08437499999999999,-6.958138107677777e-05,-0.0014497563696589148
-0.226875,0.09062499999999998,-6.536668252695613e-05,-0.0014493170511770792
-0.226875,0.09687499999999999,-6.128216768732231e-05,-0.0014490830735013154
-0.226875,0.103125,-5.7335589044068506e-05,-0.0014490391588717604
-0.226875,0.109375,-5.353319998306674e-05,-0.00144917003349024
-0.226875,0.11562499999999999,-4.9879825133293595e-05,-0.0014494605691231233
-0.226875,0.12187499999999998,-4.637894238956703e-05,-0.0014498959092421866
-0.226875,0.128125,-4.3032773959019924e-05,-0.0014504615792286307
-0.226875,0.13437499999999997,-3.984238390185644e-05,-0.0014511435805663931
-0.226875,0.140625,-3.6807779813373145e-05,-0.0014519284693000835
-0.226875,0.14687499999999998,-3.392801650789494e-05,-0.0014528034193267683
-0.226875,0.153125,-3.1201299803808564e-05,-0.001453756271328517
-0.226875,0.159375,-2.8625088761018285e-05,-0.0014547755683355216
-0.226875,0.16562499999999997,-2.6196194978063427e-05,-0.0014558505790408017
-0.226875,0.171875,-2.3910877807555746e-05,-0.0014569713100715102
-0.226875,0.17812499999999998,-2.1764934588869867e-05,-0.0014581285084639573
-0.226875,0.18437499999999998,-1.9753785221076222e-05,-0.0014593136555955202
-0.226875,0.190625,-1.787255060336974e-05,-0.0014605189538025943
-0.226875,0.19687499999999997,-1.6116124652448522e-05,-0.0014617373068655235
-0.226875,0.203125,-1.4479239765325952e-05,-0.001462962295474642
-0.226875,0.20937499999999998,-1.2956525731776599e-05,-0.0014641881487112113
-0.226875,0.21562499999999998,-1.1542562213619064e-05,-0.0014654097124877517
-0.226875,0.221875,-1.0231924999544402e-05,-0.0014666224157979546
-0.226875,0.22812499999999997,-9.01922631581429e-06,-0.0014678222355303308
-0.226875,0.234375,-7.899149526776787e-06,-0.0014690056605047557
-0.226875,0.24062499999999998,-6.866478596815992e-06,-0.0014701696552991874
-0.226875,0.24687499999999996,-5.91612270915879e-06,-0.0014713116243467387
-0.226875,0.253125,-5.043136448957785e-06,-0.001472429376702085
-0.226875,0.25937499999999997,-4.242735960221873e-06,-0.001473521091801674
-0.226875,0.265625,-3.5103114803024465e-06,-0.0014745852864747654
-0.226875,0.271875,-2.8414366434309416e-06,-0.0014756207834021328
-0.226875,0.27812499999999996,-2.231874927724715e-06,-0.0014766266811662237
-0.226875,0.284375,-1.6775835994464115e-06,-0.0014776023259904399
-0.226875,0.29062499999999997,-1.174715485228781e-06,-0.0014785472852256317
-0.226875,0.296875,-7.196188784179564e-07,-0.0014794613226084203
-0.226875,0.303125,-3.088358604278845e-07,-0.00148034437528807
-0.226875,0.30937499999999996,6.090070732586071e-08,-0.0014811965325958148
-0.226875,0.315625,3.9267129022470186e-07,-0.001482018016512227
-0.226875,0.32187499999999997,6.893746793361424e-07,-0.0014828091637739107
-0.226875,0.328125,9.537336986747614e-07,-0.0014835704095499658
-0.226875,0.334375,1.1883014587115442e-06,-0.0014843022726108415
-0.226875,0.34062499999999996,1.3954680141432113e-06,-0.00148500534190694
-0.226875,0.34687499999999993,1.5774673025329067e-06,-0.001485680264471216
-0.226875,0.35312499999999997,1.7363842574739545e-06,-0.0014863277345587061
-0.226875,0.359375,1.8741620054173095e-06,-0.0014869484839360758
-0.226875,0.365625,1.9926090692824863e-06,-0.0014875432732355998
-0.226875,0.37187499999999996,2.0934065145024242e-06,-0.0014881128842902523
-0.226875,0.37812499999999993,2.1781149843106304e-06,-0.001488658113369565
-0.226875,0.38437499999999997,2.248181580949994e-06,-0.0014891797652394007
-0.226875,0.390625,2.3049465581634526e-06,-0.0014896786479726809
-0.226875,0.396875,2.3496497979069813e-06,-0.0014901555684422069
-0.226875,0.40312499999999996,2.383437050806072e-06,-0.0014906113284309723
-0.226875,0.40937499999999993,2.4073659255474374e-06,-0.0014910467212996509
-0.226875,0.41562499999999997,2.4224116172512782e-06,-0.0014914625291552156
-0.226875,0.421875,2.429472368990458e-06,-0.0014918595204688188
-0.226875,0.428125,2.4293746640910264e-06,-0.0014922384480951303
-0.226875,0.43437499999999996,2.4228781497410894e-06,-0.0014926000476492216
-0.226875,0.44062499999999993,2.4106802948186615e-06,-0.0014929450362008016
-0.226875,0.44687499999999997,2.393420786788322e-06,-0.001493274111249131
-0.226875,0.453125,2.371685674069096e-06,-0.0014935879499452546
-0.226875,0.459375,2.346011261492396e-06,-0.0014938872085312883
-0.226875,0.46562499999999996,2.3168877673975363e-06,-0.0014941725219693885
-0.226875,0.47187499999999993,2.2847627515934285e-06,-0.001494444503735718
-0.226875,0.47812499999999997,2.2500443238869176e-06,-0.0014947037457571904
-0.226875,0.48437499999999994,2.2131041431718066e-06,-0.0014949508184710625
-0.226875,0.490625,2.1742802172193627e-06,-0.0014951862709895417
-0.226875,0.49687499999999996,2.1338795133329586e-06,-0.0014954106313534799
-0.226875,0.5031249999999999,2.09218038995194e-06,-0.0014956244068609886
-0.226875,0.5093749999999999,2.0494348591287072e-06,-0.0014958280844583893
-0.226875,0.515625,2.0058706895776638e-06,-0.0014960221311823626
-0.226875,0.5218749999999999,1.9616933597170006e-06,-0.0014962069946434676
-0.226875,0.528125,1.9170878698081124e-06,-0.00149638310354238
-0.226875,0.534375,1.8722204219519413e-06,-0.0014965508682112673
-0.226875,0.5406249999999999,1.8272399763359585e-06,-0.0014967106811736735
-0.226875,0.546875,1.7822796917471648e-06,-0.0014968629177171415
-0.226875,0.5531249999999999,1.7374582579813302e-06,-0.0014970079364735808
-0.226875,0.559375,1.6928811273914188e-06,-0.0014971460800030627
-0.226875,0.565625,1.648641652434124e-06,-0.0014972776753773471
-0.226875,0.5718749999999999,1.6048221356939686e-06,-0.001497403034759984
-0.226875,0.578125,1.5614947984943536e-06,-0.0014975224559803232
-0.226875,0.5843749999999999,1.5187226738445555e-06,-0.0014976362230991861
-0.226875,0.590625,1.4765604291236904e-06,-0.0014977446069643382
-0.226875,0.596875,1.4350551235676774e-06,-0.00149784786575423
-0.223125,0.0031249999999999997,-0.00014032555218274103,-0.0014781704802452045
-0.223125,0.009375,-0.0001354219706818288,-0.00147360488541222
-0.223125,0.015625,-0.0001304029474853768,-0.001469395085111916
-0.223125,0.021875,-0.00012529549498437652,-0.0014655421905918895
-0.223125,0.028124999999999997,-0.00012012616700841135,-0.0014620448282375682
-0.223125,0.034374999999999996,-0.00011492079542254405,-0.0014588992531333826
-0.223125,0.040624999999999994,-0.00010970424946572331,-0.0014560994932215853
-0.223125,0.046875,-0.00010450022149617693,-0.0014536375195801936
-0.223125,0.05312499999999999,-9.933104191121755e-05,-0.0014515034379324308
-0.223125,0.059375,-9.421752508253948e-05,-0.0014496856962755594
-0.223125,0.06562499999999999,-8.917884723181489e-05,-0.0014481713034717777
-0.223125,0.071875,-8.423245629974918e-05,-0.0014469460537646145
-0.223125,0.078125,-7.939401306398867e-05,-0.0014459947524513347
-0.223125,0.08437499999999999,-7.467736206032987e-05,-0.0014453014383309488
-0.223125,0.09062499999999998,-7.0094530273632e-05,-0.0014448495990313306
-0.223125,0.09687499999999999,-6.565575109893315e-05,-0.0014446223758694792
-0.223125,0.103125,-6.136951073225712e-05,-0.001444602755488382
-0.223125,0.109375,-5.724261393154017e-05,-0.001444773746116463
-0.223125,0.11562499999999999,-5.328026598321381e-05,-0.0014451185368882732
-0.223125,0.12187499999999998,-4.948616770784704e-05,-0.0014456206392286404
-0.223125,0.128125,-4.586262042485501e-05,-0.001446264009821627
-0.223125,0.13437499999999997,-4.241063795612947e-05,-0.0014470331551491575
-0.223125,0.140625,-3.9130062965543024e-05,-0.0014479132179848488
-0.223125,0.14687499999999998,-3.601968518993043e-05,-0.0014488900465627872
-0.223125,0.153125,-3.3077359402654856e-05,-0.001449950247408279
-0.223125,0.159375,-3.0300121249980628e-05,-0.001451081223020129
-0.223125,0.16562499999999997,-2.7684299401734834e-05,-0.0014522711957359572
-0.223125,0.171875,-2.522562275161883e-05,-0.0014535092191991087
-0.223125,0.17812499999999998,-2.291932168149262e-05,-0.001454785178884477
-0.223125,0.18437499999999998,-2.0760222662343913e-05,-0.001456089783138166
-0.223125,0.190625,-1.874283569860645e-05,-0.0014574145461495396
-0.223125,0.19687499999999997,-1.686143432967077e-05,-0.0014587517642109225
-0.223125,0.203125,-1.511012808187162e-05,-0.001460094486536504
-0.223125,0.20937499999999998,-1.348292741603876e-05,-0.0014614364818139084
-0.223125,0.21562499999999998,-1.1973801340852795e-05,-0.0014627722015546235
-0.223125,0.221875,-1.0576727962372767e-05,-0.0014640967411975465
-0.223125,0.22812499999999997,-9.285738317275393e-06,-0.0014654057998070944
-0.223125,0.234375,-8.094953893918314e-06,-0.0014666956390966101
-0.223125,0.24062499999999998,-6.998618283798625e-06,-0.0014679630424015565
-0.223125,0.24687499999999996,-5.9911234288279366e-06,-0.0014692052741269504
-0.223125,0.253125,-5.0670309395335685e-06,-0.0014704200401008556
-0.223125,0.25937499999999997,-4.22108895811266e-06,-0.0014716054491812787
-0.223125,0.265625,-3.4482450303514136e-06,-0.0014727599763878407
-0.223125,0.271875,-2.7436554336814847e-06,-0.0014738824277622286
-0.223125,0.27812499999999996,-2.1026913867834124e-06,-0.0014749719071024472
-0.223125,0.284375,-1.520942540634328e-06,-0.0014760277846649621
-0.223125,0.29062499999999997,-9.942181229923061e-07,-0.0014770496678854377
-0.223125,0.296875,-5.185460790611788e-07,-0.0014780373741323854
-0.223125,0.303125,-9.017052135599264e-08,-0.0014789909054779792
-0.223125,0.30937499999999996,2.9445222772530073e-07,-0.0014799104254459806
-0.223125,0.315625,6.386587458770585e-07,-0.0014807962376774347
-0.223125,0.32187499999999997,9.455845462593033e-07,-0.0014816487664399958
-0.223125,0.328125,1.2181708372604516e-06,-0.0014824685388957599
-0.223125,0.334375,1.459171830123032e-06,-0.001483256169034827
-0.223125,0.34062499999999996,1.6711624406083265e-06,-0.0014840123431769288
-0.223125,0.34687499999999993,1.8565462517379824e-06,-0.0014847378069409115
-0.223125,0.35312499999999997,2.0175636236706687e-06,-0.0014854333535812446
-0.223125,0.359375,2.1562998539757546e-06,-0.0014860998135916327
-0.223125,0.365625,2.274693307021134e-06,-0.0014867380454779877
-0.223125,0.37187499999999996,2.374543444980208e-06,-0.001487348927606111
-0.223125,0.37812499999999993,2.45751870518311e-06,-0.0014879333510332876
-0.223125,0.38437499999999997,2.5251641792990227e-06,-0.0014884922132373372
-0.223125,0.390625,2.5789090592503676e-06,-0.00148902641266137
-0.223125,0.396875,2.6200738229436767e-06,-0.001489536843997403
-0.223125,0.40312499999999996,2.649877139965186e-06,-0.001490024394137
-0.223125,0.40937499999999993,2.669442483445282e-06,-0.0014904899387220916
-0.223125,0.41562499999999997,2.6798044394459093e-06,-0.0014909343392340772
-0.223125,0.421875,2.681914709569275e-06,-0.0014913584405640884
-0.223125,0.428125,2.6766478061167096e-06,-0.001491763069011942
-0.223125,0.43437499999999996,2.6648064421280444e-06,-0.0014921490306657155
-0.223125,0.44062499999999993,2.647126621081252e-06,-0.0014925171101180775
-0.223125,0.44687499999999997,2.62428243300298e-06,-0.0014928680694794563
-0.223125,0.453125,2.5968905652935363e-06,-0.0014932026476518413
-0.223125,0.459375,2.565514537766282e-06,-0.001493521559830455
-0.223125,0.46562499999999996,2.530668672289503e-06,-0.0014938254972037552
-0.223125,0.47187499999999993,2.492821808046631e-06,-0.0014941151268251832
-0.223125,0.47812499999999997,2.4524007738380482e-06,-0.0014943910916328119
-0.223125,0.48437499999999994,2.4097936290697484e-06,-0.001494654010595552
-0.223125,0.490625,2.365352685142965e-06,-0.0014949044789668746
-0.223125,0.49687499999999996,2.3193973189015315e-06,-0.0014951430686291013
-0.223125,0.5031249999999999,2.2722165896330567e-06,-0.001495370328513213
-0.223125,0.5093749999999999,2.2240716708780987e-06,-0.0014955867850808683
-0.223125,0.515625,2.175198107993833e-06,-0.001495792942856881
-0.223125,0.5218749999999999,2.125807912062378e-06,-0.0014959892850018185
-0.223125,0.528125,2.076091500339809e-06,-0.0014961762739156609
-0.223125,0.534375,2.0262194930224333e-06,-0.0014963543518646048
-0.223125,0.5406249999999999,1.9763443756697076e-06,-0.001496523941624119
-0.223125,0.546875,1.9266020361770092e-06,-0.0014966854471322824
-0.223125,0.5531249999999999,1.8771131847414378e-06,-0.0014968392541482502
-0.223125,0.559375,1.8279846648164008e-06,-0.0014969857309114348
-0.223125,0.565625,1.7793106626083073e-06,-0.0014971252287976245
-0.223125,0.5718749999999999,1.7311738222362607e-06,-0.0014972580829688523
-0.223125,0.578125,1.6836462732546644e-06,-0.0014973846130143323
-0.223125,0.5843749999999999,1.6367905768314262e-06,-0.0014975051235802286
-0.223125,0.590625,1.5906605964825698e-06,-0.0014976199049864267
-0.223125,0.596875,1.545302298888298e-06,-0.0014977292338288187
-0.219375,0.0031249999999999997,-0.00015156336745155517,-0.001476140943076699
-0.219375,0.009375,-0.00014623251384337344,-0.001471155415841139
-0.219375,0.015625,-0.000140772289949462,-0.001466561324069163
-0.219375,0.021875,-0.00013521285345636957,-0.0014623600852852053
-0.219375,0.028124999999999997,-0.00012958385598895643,-0.001458550305292005
-0.219375,0.034374999999999996,-0.00012391414145206583,-0.0014551279073024082
-0.219375,0.040624999999999994,-0.00011823147067363444,-0.001452086296496174
-0.219375,0.046875,-0.0001125622766305288,-0.0014494165547504565
-0.219375,0.05312499999999999,-0.00010693145347275315,-0.0014471076598130423
-0.219375,0.059375,-0.00010136218146380447,-0.0014451467229292172
-0.219375,0.06562499999999999,-9.587578887125234e-05,-0.0014435192388893077
-0.219375,0.071875,-9.049165081368781e-05,-0.001442209342617849
-0.219375,0.078125,-8.522712413299413e-05,-0.0014412000667526925
-0.219375,0.08437499999999999,-8.009751654159372e-05,-0.0014404735951332908
-0.219375,0.09062499999999998,-7.511608761163145e-05,-0.0014400115076987573
-0.219375,0.09687499999999999,-7.029407863730103e-05,-0.0014397950129538689
-0.219375,0.103125,-6.564076801519739e-05,-0.0014398051648615772
-0.219375,0.109375,-6.116354854629043e-05,-0.0014400230617329201
-0.219375,0.11562499999999999,-5.6868022956751075e-05,-0.0014404300253823207
-0.219375,0.12187499999999998,-5.2758113949051236e-05,-0.0014410077594754448
-0.219375,0.128125,-4.8836185212145626e-05,-0.0014417384866003702
-0.219375,0.13437499999999997,-4.510317002121887e-05,-0.0014426050641281054
-0.219375,0.140625,-4.1558704324069164e-05,-0.0014435910793875746
-0.219375,0.14687499999999998,-3.820126152392251e-05,-0.0014446809250594646
-0.219375,0.153125,-3.502828650986913e-05,-0.0014458598559929973
-0.219375,0.159375,-3.2036326840620015e-05,-0.0014471140288728967
-0.219375,0.16562499999999997,-2.922115934156862e-05,-0.0014484305263161377
-0.219375,0.171875,-2.6577910718287303e-05,-0.0014497973670666354
-0.219375,0.17812499999999998,-2.4101171113048235e-05,-0.0014512035039890689
-0.219375,0.18437499999999998,-2.1785099828509248e-05,-0.0014526388115491853
-0.219375,0.190625,-1.962352271019084e-05,-0.0014540940644158686
-0.219375,0.19687499999999997,-1.7610020914475788e-05,-0.0014555609087383255
-0.219375,0.203125,-1.5738010990821037e-05,-0.0014570318275476362
-0.219375,0.20937499999999998,-1.4000816376158465e-05,-0.0014585001016126223
-0.219375,0.21562499999999998,-1.2391730537533948e-05,-0.0014599597669515138
-0.219375,0.221875,-1.0904072108044614e-05,-0.0014614055700684192
-0.219375,0.22812499999999997,-9.531232443717014e-06,-0.001462832921851329
-0.219375,0.234375,-8.266716088027405e-06,-0.0014642378509396603
-0.219375,0.24062499999999998,-7.104174669318965e-06,-0.001465616957246738
-0.219375,0.24687499999999996,-6.0374347774178e-06,-0.0014669673662079782
-0.219375,0.253125,-5.060520372171299e-06,-0.0014682866842200696
-0.219375,0.25937499999999997,-4.167670271124754e-06,-0.0014695729556409127
-0.219375,0.265625,-3.3533512485733576e-06,-0.0014708246216347271
-0.219375,0.271875,-2.612267255980599e-06,-0.0014720404810715136
-0.219375,0.27812499999999996,-1.9393652461644658e-06,-0.0014732196536246882
-0.219375,0.284375,-1.3298380523858226e-06,-0.0014743615451546452
-0.219375,0.29062499999999997,-7.791247399242129e-07,-0.0014754658154186306
-0.219375,0.296875,-2.829088130606758e-07,-0.001476532348107918
-0.219375,0.303125,1.628853744588477e-07,-0.0014775612231810655
-0.219375,0.30937499999999996,5.62097691685095e-07,-0.0014785526914362756
-0.219375,0.315625,9.183385048016779e-07,-0.0014795071512457565
-0.219375,0.32187499999999997,1.2349959044697948e-06,-0.0014804251273598241
-0.219375,0.328125,1.5152436668439346e-06,-0.0014813072516775346
-0.219375,0.334375,1.7620497566036417e-06,-0.0014821542458733248
-0.219375,0.34062499999999996,1.978185205876257e-06,-0.0014829669057648315
-0.219375,0.34687499999999993,2.1662332262667253e-06,-0.0014837460873052604
-0.219375,0.35312499999999997,2.328598432382176e-06,-0.0014844926940839312
-0.219375,0.359375,2.4675160742980185e-06,-0.0014852076662204906
-0.219375,0.365625,2.585061193451835e-06,-0.0014858919705414459
-0.219375,0.37187499999999996,2.6831576315787252e-06,-0.0014865465919318011
-0.219375,0.37812499999999993,2.7635868356469954e-06,-0.0014871725257594166
-0.219375,0.38437499999999997,2.8279964134452783e-06,-0.0014877707712750517
-0.219375,0.390625,2.8779084046513476e-06,-0.001488342325896705
-0.219375,0.396875,2.914727241013091e-06,-0.0014888881802926758
-0.219375,0.40312499999999996,2.93974737682737e-06,-0.0014894093141836339
-0.219375,0.40937499999999993,2.9541605773397988e-06,-0.0014899066927897807
-0.219375,0.41562499999999997,2.9590628581286854e-06,-0.001490381263854873
-0.219375,0.421875,2.9554610730923296e-06,-0.0014908339551843502
-0.219375,0.428125,2.9442791524353488e-06,-0.0014912656726400759
-0.219375,0.43437499999999996,2.926363995142603e-06,-0.0014916772985391993
-0.219375,0.44062499999999993,2.902491022926119e-06,-0.0014920696904093575
-0.219375,0.44687499999999997,2.8733694046111964e-06,-0.0014924436800568684
-0.219375,0.453125,2.839646961462745e-06,-0.0014928000729087045
-0.219375,0.459375,2.8019147651066473e-06,-0.0014931396475928668
-0.219375,0.46562499999999996,2.760711440530081e-06,-0.001493463155725341
-0.219375,0.47187499999999993,2.7165271871990517e-06,-0.0014937713218750894
-0.219375,0.47812499999999997,2.669807531655623e-06,-0.001494064843681536
-0.219375,0.48437499999999994,2.6209568250899146e-06,-0.0014943443921017548
-0.219375,0.490625,2.5703414993567517e-06,-0.001494610611767087
-0.219375,0.49687499999999996,2.518293094753226e-06,-0.0014948641214311852
-0.219375,0.5031249999999999,2.4651110726165094e-06,-0.0014951055144935667
-0.219375,0.5093749999999999,2.4110654254630055e-06,-0.001495335359584627
-0.219375,0.515625,2.3563990969889356e-06,-0.0014955542011997561
-0.219375,0.5218749999999999,2.3013302238043018e-06,-0.0014957625603717307
-0.219375,0.528125,2.2460542102902868e-06,-0.0014959609353719172
-0.219375,0.534375,2.1907456474662117e-06,-0.0014961498024320579
-0.219375,0.5406249999999999,2.135560086234581e-06,-0.0014963296164795005
-0.219375,0.546875,2.0806356748502445e-06,-0.0014965008118797238
-0.219375,0.5531249999999999,2.026094669937929e-06,-0.001496663803180871
-0.219375,0.559375,1.9720448298665687e-06,-0.0014968189858557955
-0.219375,0.565625,1.9185806987835506e-06,-0.0014969667370377938
-0.219375,0.5718749999999999,1.865784789119523e-06,-0.0014971074162468253
-0.219375,0.578125,1.813728669898212e-06,-0.0014972413661035397
-0.219375,0.5843749999999999,1.7624739677267157e-06,-0.0014973689130289227
-0.219375,0.590625,1.7120732869018952e-06,-0.0014974903679277677
-0.219375,0.596875,1.6625710546482693e-06,-0.0014976060268545603
-0.215625,0.0031249999999999997,-0.00016364066247868744,-0.0014739285247636208
-0.215625,0.009375,-0.00015784635477276372,-0.001468485835940903
-0.215625,0.015625,-0.0001519071573136103,-0.001463473775792944
-0.215625,0.021875,-0.00014585674098222627,-0.0014588941190340297
-0.215625,0.028124999999999997,-0.00013972821776330548,-0.0014547454583772443
-0.215625,0.034374999999999996,-0.000133553795205174,-0.001451023351499864
-0.215625,0.040624999999999994,-0.00012736446132475938,-0.001447720509031738
-0.215625,0.046875,-0.00012118970495869288,-0.001444827017403761
-0.215625,0.05312499999999999,-0.00011505727529602367,-0.0014423305898315535
-0.215625,0.059375,-0.00010899298302590287,-0.0014402168384131816
-0.215625,0.06562499999999999,-0.00010302054425113777,-0.0014384695602799658
-0.215625,0.071875,-9.716146710579168e-05,-0.001437071030935372
-0.215625,0.078125,-9.143497991384876e-05,-0.001436002298318495
-0.215625,0.08437499999999999,-8.585799876847176e-05,-0.0014352434716990814
-0.215625,0.09062499999999998,-8.044513161928529e-05,-0.0014347740002098991
-0.215625,0.09687499999999999,-7.52087153398718e-05,-0.0014345729366080507
-0.215625,0.103125,-7.015888181124272e-05,-0.0014346191826893097
-0.215625,0.109375,-6.530364879310662e-05,-0.0014348917136217897
-0.215625,0.11562499999999999,-6.064903125020569e-05,-0.0014353697792850349
-0.215625,0.12187499999999998,-5.6199168837758846e-05,-0.0014360330814713648
-0.215625,0.128125,-5.1956465406674864e-05,-0.0014368619265076059
-0.215625,0.13437499999999997,-4.792173664259899e-05,-0.0014378373534728404
-0.215625,0.140625,-4.409436227961322e-05,-0.001438941238712987
-0.215625,0.14687499999999998,-4.047243970704766e-05,-0.0014401563777824975
-0.215625,0.153125,-3.7052936195684164e-05,-0.0014414665462782535
-0.215625,0.159375,-3.383183738938731e-05,-0.0014428565412754491
-0.215625,0.16562499999999997,-3.080429012441732e-05,-0.0014443122052370356
-0.215625,0.171875,-2.7964738038869062e-05,-0.0014458204343562673
-0.215625,0.17812499999999998,-2.5307048809248537e-05,-0.001447369173316092
-0.215625,0.18437499999999998,-2.2824632193290766e-05,-0.0014489473984201002
-0.215625,0.190625,-2.0510548363391996e-05,-0.0014505450909779018
-0.215625,0.19687499999999997,-1.8357606281219917e-05,-0.0014521532027229876
-0.215625,0.203125,-1.6358452090758514e-05,-0.0014537636149124424
-0.215625,0.20937499999999998,-1.4505647695193663e-05,-0.0014553690926133588
-0.215625,0.21562499999999998,-1.2791739834718574e-05,-0.001456963235527414
-0.215625,0.221875,-1.1209320100347257e-05,-0.001458540426548651
-0.215625,0.22812499999999997,-9.75107640647795e-06,-0.001460095779094777
-0.215625,0.234375,-8.409836505820741e-06,-0.0014616250841029527
-0.215625,0.24062499999999998,-7.17860416803501e-06,-0.0014631247574398614
-0.215625,0.24687499999999996,-6.050588661588554e-06,-0.0014645917883447542
-0.215625,0.253125,-5.019228180345685e-06,-0.0014660236894043993
-0.215625,0.25937499999999997,-4.078207845353092e-06,-0.0014674184484510708
-0.215625,0.265625,-3.2214728910631162e-06,-0.0014687744826790557
-0.215625,0.271875,-2.443237616328264e-06,-0.001470090595191455
-0.215625,0.27812499999999996,-1.7379906461007942e-06,-0.0014713659341168005
-0.215625,0.284375,-1.100497011740218e-06,-0.00147259995437354
-0.215625,0.29062499999999997,-5.257975177261907e-07,-0.0014737923821089305
-0.215625,0.296875,-9.205821660954728e-09,-0.0014749431817964354
-0.215625,0.303125,4.536963862465582e-07,-0.0014760525259414144
-0.215625,0.30937499999999996,8.670657577118588e-07,-0.0014771207673177874
-0.215625,0.315625,1.2348049064991565e-06,-0.001478148413637572
-0.215625,0.32187499999999997,1.5605710017605692e-06,-0.0014791361045398445
-0.215625,0.328125,1.8477850959316077e-06,-0.0014800845907749945
-0.215625,0.334375,2.0996419797405953e-06,-0.0014809947154533793
-0.215625,0.34062499999999996,2.319120385524656e-06,-0.001481867397223994
-0.215625,0.34687499999999993,2.5089933860878593e-06,-0.0014827036152479467
-0.215625,0.35312499999999997,2.6718388598426216e-06,-0.0014835043958328674
-0.215625,0.359375,2.8100499140289573e-06,-0.0014842708005974152
-0.215625,0.365625,2.9258451765389073e-06,-0.0014850039160393953
-0.215625,0.37187499999999996,3.021278883422077e-06,-0.0014857048443863202
-0.215625,0.37812499999999993,3.0982507036741332e-06,-0.0014863746956132674
-0.215625,0.38437499999999997,3.15851525557289e-06,-0.001487014580519362
-0.215625,0.390625,3.203691279792678e-06,-0.0014876256047609512
-0.215625,0.396875,3.23527044395523e-06,-0.0014882088637463832
-0.215625,0.40312499999999996,3.2546257613217746e-06,-0.0014887654383041265
-0.215625,0.40937499999999993,3.263019613143348e-06,-0.001489296391042671
-0.215625,0.41562499999999997,3.261611369902755e-06,-0.001489802763327155
-0.215625,0.421875,3.2514646114319052e-06,-0.0014902855728039155
-0.215625,0.428125,3.233553949789705e-06,-0.0014907458114101154
-0.215625,0.43437499999999996,3.208771461947622e-06,-0.001491184443811235
-0.215625,0.44062499999999993,3.177932741850406e-06,-0.0014916024062145055
-0.215625,0.44687499999999997,3.141782583385071e-06,-0.0014920006055113158
-0.215625,0.453125,3.1010003072843528e-06,-0.0014923799187062168
-0.215625,0.459375,3.0562047460774774e-06,-0.0014927411925944108
-0.215625,0.46562499999999996,3.007958901947931e-06,-0.001493085243653538
-0.215625,0.47187499999999993,2.9567742928163447e-06,-0.0014934128581191755
-0.215625,0.47812499999999997,2.903115002186394e-06,-0.0014937247922167647
-0.215625,0.48437499999999994,2.8474014483144764e-06,-0.001494021772525696
-0.215625,0.490625,2.790013888125896e-06,-0.0014943044964540137
-0.215625,0.49687499999999996,2.7312956710324525e-06,-0.0014945736328046933
-0.215625,0.5031249999999999,2.6715562574369208e-06,-0.0014948298224166886
-0.215625,0.5093749999999999,2.6110740162600227e-06,-0.0014950736788659714
-0.215625,0.515625,2.550098815317132e-06,-0.0014953057892136215
-0.215625,0.5218749999999999,2.4888544178189395e-06,-0.001495526714789651
-0.215625,0.528125,2.4275406976891267e-06,-0.0014957369920027316
-0.215625,0.534375,2.366335685792688e-06,-0.0014959371331672968
-0.215625,0.5406249999999999,2.305397458560599e-06,-0.001496127627340665
-0.215625,0.546875,2.2448658798890304e-06,-0.001496308941163878
-0.215625,0.5531249999999999,2.1848642065892177e-06,-0.0014964815197008683
-0.215625,0.559375,2.1255005670730188e-06,-0.001496645787271396
-0.215625,0.565625,2.0668693223837825e-06,-0.0014968021482739185
-0.215625,0.5718749999999999,2.0090523181240704e-06,-0.0014969509879951945
-0.215625,0.578125,1.952120035294512e-06,-0.0014970926734039932
-0.215625,0.5843749999999999,1.8961326475428038e-06,-0.0014972275539267654
-0.215625,0.590625,1.8411409918293683e-06,-0.0014973559622035709
-0.215625,0.596875,1.7871874590476326e-06,-0.0014974782148229294
-0.21187499999999998,0.0031249999999999997,-0.0001766160566712854,-0.0014715170284842168
-0.21187499999999998,0.009375,-0.00017031906190567402,-0.0014655767338124684
-0.21187499999999998,0.015625,-0.00016385989272336824,-0.0014601101730203972
-0.21187499999999998,0.021875,-0.00015727614501868166,-0.0014551195358796733
-0.21187499999999998,0.028124999999999997,-0.00015060479690888495,-0.0014506034105638643
-0.21187499999999998,0.034374999999999996,-0.00014388181284016554,-0.0014465569510653759
-0.21187499999999998,0.040624999999999994,-0.00013714178296703877,-0.0014429720921292281
-0.21187499999999998,0.046875,-0.0001304176036478015,-0.0014398378044643441
-0.21187499999999998,0.05312499999999999,-0.0001237402033941192,-0.0014371403823348376
-0.21187499999999998,0.059375,-0.00011713831706729878,-0.0014348637552946868
-0.21187499999999998,0.06562499999999999,-0.00011063830959521587,-0.0014329898157972743
-0.21187499999999998,0.071875,-0.00010426404905256598,-0.0014314987546604004
-0.21187499999999998,0.078125,-9.803682765311718e-05,-0.0014303693968602577
-0.21187499999999998,0.08437499999999999,-9.197532808386287e-05,-0.0014295795308193074
-0.21187499999999998,0.09062499999999998,-8.60956316925717e-05,-0.0014291062251936535
-0.21187499999999998,0.09687499999999999,-8.041126433477964e-05,-0.0014289261281049187
-0.21187499999999998,0.103125,-7.493327519483499e-05,-0.0014290157447513702
-0.21187499999999998,0.109375,-6.967034360927546e-05,-0.0014293516903289185
-0.21187499999999998,0.11562499999999999,-6.46289088227114e-05,-0.0014299109161564887
-0.21187499999999998,0.12187499999999998,-5.98133176737641e-05,-0.0014306709078010667
-0.21187499999999998,0.128125,-5.522598541501221e-05,-0.0014316098548119124
-0.21187499999999998,0.13437499999999997,-5.0867565188122275e-05,-0.001432706792384956
-0.21187499999999998,0.140625,-4.6737122075131955e-05,-0.0014339417158781515
-0.21187499999999998,0.14687499999999998,-4.283230810233601e-05,-0.0014352956695836369
-0.21187499999999998,0.153125,-3.9149535059902296e-05,-0.001436750811535179
-0.21187499999999998,0.159375,-3.568414249684986e-05,-0.0014382904563959328
-0.21187499999999998,0.16562499999999997,-3.243055873946189e-05,-0.001439899098641339
-0.21187499999999998,0.171875,-2.9382453247352293e-05,-0.001441562418336378
-0.21187499999999998,0.17812499999999998,-2.6532879054511954e-05,-0.0014432672718178226
-0.21187499999999998,0.18437499999999998,-2.3874404435317852e-05,-0.001445001669543292
-0.21187499999999998,0.190625,-2.139923328315697e-05,-0.001446754743272296
-0.21187499999999998,0.19687499999999997,-1.9099313989990937e-05,-0.0014485167046117203
-0.21187499999999998,0.203125,-1.6966436868879698e-05,-0.0014502787967999567
-0.21187499999999998,0.20937499999999998,-1.4992320369830211e-05,-0.0014520332414294868
-0.21187499999999998,0.21562499999999998,-1.3168686505149147e-05,-0.0014537731816250965
-0.21187499999999998,0.221875,-1.1487326027390722e-05,-0.0014554926230106772
-0.21187499999999998,0.22812499999999997,-9.940153995147053e-06,-0.0014571863736169927
-0.21187499999999998,0.234375,-8.519256423665304e-06,-0.0014588499837099116
-0.21187499999999998,0.24062499999999998,-7.216928753007114e-06,-0.0014604796863563977
-0.21187499999999998,0.24687499999999996,-6.025706880409623e-06,-0.0014620723393959922
-0.21187499999999998,0.253125,-4.938391499655645e-06,-0.0014636253693498238
-0.21187499999999998,0.25937499999999997,-3.948066472263e-06,-0.0014651367176778895
-0.21187499999999998,0.265625,-3.048111926417046e-06,-0.0014666047896884544
-0.21187499999999998,0.271875,-2.2322127426677993e-06,-0.0014680284063105372
-0.21187499999999998,0.27812499999999996,-1.4943630429500995e-06,-0.0014694067588608892
-0.21187499999999998,0.284375,-8.288672535479704e-07,-0.001470739366869726
-0.21187499999999998,0.29062499999999997,-2.3033826491750126e-07,-0.0014720260389737138
-0.21187499999999998,0.296875,3.063068367915217e-07,-0.001473266836839226
-0.21187499999999998,0.303125,7.858530390344266e-07,-0.0014744620420425745
-0.21187499999999998,0.30937499999999996,1.2127952913086692e-06,-0.001475612125805658
-0.21187499999999998,0.315625,1.5913476746705738e-06,-0.0014767177214642048
-0.21187499999999998,0.32187499999999997,1.925453555292961e-06,-0.0014777795995305303
-0.21187499999999998,0.328125,2.2187964631621643e-06,-0.001478798645202559
-0.21187499999999998,0.334375,2.474811472120874e-06,-0.0014797758381649316
-0.21187499999999998,0.34062499999999996,2.69669688949178e-06,-0.0014807122345256026
-0.21187499999999998,0.34687499999999993,2.8874260924972713e-06,-0.0014816089507317504
-0.21187499999999998,0.35312499999999997,3.0497593747100095e-06,-0.0014824671493115036
-0.21187499999999998,0.359375,3.1862556889630448e-06,-0.001483288026292414
-0.21187499999999998,0.365625,3.29928419367639e-06,-0.0014840728001533799
-0.21187499999999998,0.37187499999999996,3.3910355276061275e-06,-0.001484822702173435
-0.21187499999999998,0.37812499999999993,3.4635327537792814e-06,-0.0014855389680482037
-0.21187499999999998,0.38437499999999997,3.5186419270437037e-06,-0.0014862228306526065
-0.21187499999999998,0.390625,3.5580822514307467e-06,-0.0014868755138363768
-0.21187499999999998,0.396875,3.583435803586614e-06,-0.0014874982271469621
-0.21187499999999998,0.40312499999999996,3.5961568070591078e-06,-0.001488092161382301
-0.21187499999999998,0.40937499999999993,3.5975804493990374e-06,-0.0014886584848836644
-0.21187499999999998,0.41562499999999997,3.5889312400087336e-06,-0.0014891983404861947
-0.21187499999999998,0.421875,3.57133091158945e-06,-0.0014897128430518673
-0.21187499999999998,0.428125,3.5458058720402676e-06,-0.0014902030775163246
-0.21187499999999998,0.43437499999999996,3.513294216863256e-06,-0.0014906700973873718
-0.21187499999999998,0.44062499999999993,3.474652314643392e-06,-0.0014911149236388334
-0.21187499999999998,0.44687499999999997,3.4306609800949663e-06,-0.0014915385439489958
-0.21187499999999998,0.453125,3.382031250586226e-06,-0.0014919419122379595
-0.21187499999999998,0.459375,3.3294097830476895e-06,-0.00149232594846293
-0.21187499999999998,0.46562499999999996,3.2733838888055883e-06,-0.0014926915386348145
-0.21187499999999998,0.47187499999999993,3.2144862242192823e-06,-0.0014930395350234349
-0.21187499999999998,0.47812499999999997,3.1531991550930467e-06,-0.0014933707565222985
-0.21187499999999998,0.48437499999999994,3.089958812722052e-06,-0.001493685989147137
-0.21187499999999998,0.490625,3.025158859160796e-06,-0.0014939859866454183
-0.21187499999999998,0.49687499999999996,2.9591539789005893e-06,-0.0014942714711967215
-0.21187499999999998,0.5031249999999999,2.8922631136418046e-06,-0.0014945431341863052
-0.21187499999999998,0.5093749999999999,2.824772456269323e-06,-0.0014948016370363811
-0.21187499999999998,0.515625,2.75693821950718e-06,-0.0014950476120815744
-0.21187499999999998,0.5218749999999999,2.688989194057696e-06,-0.001495281663476809
-0.21187499999999998,0.528125,2.6211291103359397e-06,-0.0014955043681274295
-0.21187499999999998,0.534375,2.5535388172041907e-06,-0.0014957162766327727
-0.21187499999999998,0.5406249999999999,2.4863782904023227e-06,-0.001495917914235651
-0.21187499999999998,0.546875,2.419788482667347e-06,-0.0014961097817713129
-0.21187499999999998,0.5531249999999999,2.353893026844483e-06,-0.0014962923566104295
-0.21187499999999998,0.559375,2.2887998026179587e-06,-0.00149646609359152
-0.21187499999999998,0.565625,2.2246023768368482e-06,-0.0014966314259389907
-0.21187499999999998,0.5718749999999999,2.161381326781214e-06,-0.0014967887661636377
-0.21187499999999998,0.578125,2.099205455109935e-06,-0.001496938506943047
-0.21187499999999998,0.5843749999999999,2.038132904654495e-06,-0.0014970810219798372
-0.21187499999999998,0.590625,1.9782121806734074e-06,-0.0014972166668361481
-0.21187499999999998,0.596875,1.9194830876608942e-06,-0.0014973457797431554
-0.208125,0.0031249999999999997,-0.00019055206824034683,-0.0014688888113510161
-0.208125,0.009375,-0.00018370983539638702,-0.001462406975466199
-0.208125,0.015625,-0.0001766861853662057,-0.0014564462884195765
-0.208125,0.021875,-0.00016952310024771436,-0.001451009420691541
-0.208125,0.028124999999999997,-0.00016226187860556533,-0.0014460949655228544
-0.208125,0.034374999999999996,-0.0001549426817740805,-0.001441697629816748
-0.208125,0.040624999999999994,-0.00014760412106667182,-0.0014378084800936014
-0.208125,0.046875,-0.00014028289271819527,-0.0014344152349863861
-0.208125,0.05312499999999999,-0.00013301346559655122,-0.0014315025949945901
-0.208125,0.059375,-0.00012582782488394415,-0.0014290525998274617
-0.208125,0.06562499999999999,-0.00011875527312893413,-0.0014270450036486186
-0.208125,0.071875,-0.00011182228838048623,-0.0014254576588505485
-0.208125,0.078125,-0.0001050524375944235,-0.0014242668995929303
-0.208125,0.08437499999999999,-9.84663421957747e-05,-0.0014234479171775266
-0.208125,0.09062499999999998,-9.208169161648663e-05,-0.001422975120344174
-0.208125,0.09687499999999999,-8.591329982047588e-05,-0.0014228224746959815
-0.208125,0.103125,-7.997319927666945e-05,-0.0014229638166388108
-0.208125,0.109375,-7.427076653323556e-05,-0.001423373138397695
-0.208125,0.11562499999999999,-6.881287346087351e-05,-0.0014240248418059154
-0.208125,0.12187499999999998,-6.36040583413302e-05,-0.001424893959614707
-0.208125,0.128125,-5.864671124655989e-05,-0.0014259563440160278
-0.208125,0.13437499999999997,-5.3941268549766284e-05,-0.0014271888228896174
-0.208125,0.140625,-4.948641189788953e-05,-0.001428569324969182
-0.208125,0.14687499999999998,-4.5279267523801815e-05,-0.0014300769756688723
-0.208125,0.153125,-4.131560235665728e-05,-0.0014316921657241423
-0.208125,0.159375,-3.75900139754908e-05,-0.001433396595089273
-0.208125,0.16562499999999997,-3.409611202370077e-05,-0.0014351732947093176
-0.208125,0.171875,-3.0826689244285173e-05,-0.001437006628861137
-0.208125,0.17812499999999998,-2.7773880795743846e-05,-0.001438882280751793
-0.208125,0.18437499999999998,-2.492931095841104e-05,-0.0014407872239882269
-0.208125,0.190625,-2.228422673609852e-05,-0.0014427096824047429
-0.208125,0.19687499999999997,-1.9829618196644004e-05,-0.0014446390805681094
-0.208125,0.203125,-1.7556325677959935e-05,-0.0014465659870864919
-0.208125,0.20937499999999998,-1.5455134215931948e-05,-0.0014484820526386743
-0.208125,0.21562499999999998,-1.3516855730812618e-05,-0.00145037994442323
-0.208125,0.221875,-1.1732399644217778e-05,-0.0014522532785108538
-0.208125,0.22812499999999997,-1.00928326945932e-05,-0.001454096551372818
-0.208125,0.234375,-8.589428780377556e-06,-0.0014559050716588576
-0.208125,0.24062499999999998,-7.21370969229633e-06,-0.0014576748931118435
-0.208125,0.24687499999999996,-5.957477604292056e-06,-0.0014594027493363957
-0.208125,0.253125,-4.812840181191159e-06,-0.001461085990985244
-0.208125,0.25937499999999997,-3.772229134541537e-06,-0.0014627225257910184
-0.208125,0.265625,-2.828413019872521e-06,-0.0014643107617520635
-0.208125,0.271875,-1.9745050221759932e-06,-0.0014658495536781504
-0.208125,0.27812499999999996,-1.2039664244510931e-06,-0.001467338153214677
-0.208125,0.284375,-5.106063990017062e-07,-0.0014687761623909136
-0.208125,0.29062499999999997,1.1142129529064365e-07,-0.0014701634906777881
-0.208125,0.296875,6.676241827703231e-07,-0.0014715003154922705
-0.208125,0.303125,1.163179035857338e-06,-0.001472787046047255
-0.208125,0.30937499999999996,1.6029415155981423e-06,-0.0014740242904166558
-0.208125,0.315625,1.991457118397525e-06,-0.00147521282566398
-0.208125,0.32187499999999997,2.332973105956055e-06,-0.001476353570867772
-0.208125,0.328125,2.6314511384557708e-06,-0.0014774475628679868
-0.208125,0.334375,2.8905803704070303e-06,-0.0014784959345525853
-0.208125,0.34062499999999996,3.113790804298094e-06,-0.0014794998955026215
-0.208125,0.34687499999999993,3.3042667293414735e-06,-0.0014804607148160558
-0.208125,0.35312499999999997,3.4649601013339625e-06,-0.0014813797059348383
-0.208125,0.359375,3.598603745118005e-06,-0.001482258213305918
-0.208125,0.365625,3.7077242835608715e-06,-0.0014830976007142492
-0.208125,0.37187499999999996,3.7946547165848643e-06,-0.0014838992411342299
-0.208125,0.37812499999999993,3.861546590816319e-06,-0.0014846645079549495
-0.208125,0.38437499999999997,3.910381715115409e-06,-0.0014853947674439048
-0.208125,0.390625,3.942983389823938e-06,-0.001486091372323231
-0.208125,0.396875,3.961027128253643e-06,-0.0014867556563418229
-0.208125,0.40312499999999996,3.966050857936841e-06,-0.0014873889297358533
-0.208125,0.40937499999999993,3.959464596670562e-06,-0.0014879924754790258
-0.208125,0.41562499999999997,3.942559604587286e-06,-0.0014885675462323622
-0.208125,0.421875,3.916517018542972e-06,-0.0014891153619113532
-0.208125,0.428125,3.882415979178307e-06,-0.001489637107795879
-0.208125,0.43437499999999996,3.841241264217226e-06,-0.0014901339331153986
-0.208125,0.44062499999999993,3.793890444038903e-06,-0.0014906069500485134
-0.208125,0.44687499999999997,3.741180577404841e-06,-0.0014910572330821413
-0.208125,0.453125,3.6838544665370386e-06,-0.001491485818681183
-0.208125,0.459375,3.6225864916098676e-06,-0.0014918937052247625
-0.208125,0.46562499999999996,3.5579880452140908e-06,-0.0014922818531698722
-0.208125,0.47187499999999993,3.490612587538164e-06,-0.0014926511854075997
-0.208125,0.47812499999999997,3.420960342946644e-06,-0.00149300258778105
-0.208125,0.48437499999999994,3.3494826583682394e-06,-0.0014933369097376635
-0.208125,0.490625,3.2765860434748716e-06,-0.0014936549650918592
-0.208125,0.49687499999999996,3.2026359120772395e-06,-0.001493957532876852
-0.208125,0.5031249999999999,3.1279600435093395e-06,-0.0014942453582671216
-0.208125,0.5093749999999999,3.05285178205084e-06,-0.0014945191535553565
-0.208125,0.515625,2.97757299166361e-06,-0.0014947795991698152
-0.208125,0.5218749999999999,2.9023567825138967e-06,-0.0014950273447199216
-0.208125,0.528125,2.8274100249307835e-06,-0.001495263010059593
-0.208125,0.534375,2.752915665625359e-06,-0.0014954871863592921
-0.208125,0.5406249999999999,2.679034860173981e-06,-0.001495700437179109
-0.208125,0.546875,2.60590893496108e-06,-0.0014959032995363658
-0.208125,0.5531249999999999,2.5336611909874448e-06,-0.0014960962849622497
-0.208125,0.559375,2.4623985611846673e-06,-0.0014962798805429093
-0.208125,0.565625,2.392213132137986e-06,-0.001496454549941235
-0.208125,0.5718749999999999,2.32318354041143e-06,-0.0014966207343962525
-0.208125,0.578125,2.25537625299204e-06,-0.0014967788536976647
-0.208125,0.5843749999999999,2.1888467407258397e-06,-0.0014969293071336158
-0.208125,0.590625,2.1236405530065356e-06,-0.0014970724744102085
-0.208125,0.596875,2.0597943013999136e-06,-0.0014972087165417071
-0.20437499999999997,0.0031249999999999997,-0.00020551537539970058,-0.0014660246492504444
-0.20437499999999997,0.009375,-0.00019808174273356344,-0.0014589535453337873
-0.20437499999999997,0.015625,-0.00019044527854355787,-0.0014524557551000277
-0.20437499999999997,0.021875,-0.00018265286786068438,-0.0014465345040871051
-0.20437499999999997,0.028124999999999997,-0.0001747506385811589,-0.0014411884012277244
-0.20437499999999997,0.034374999999999996,-0.00016678344138826938,-0.00143641165675778
-0.20437499999999997,0.040624999999999994,-0.00015879437716045236,-0.001432194363925415
-0.20437499999999997,0.046875,-0.00015082437984247825,-0.0014285228344828949
-0.20437499999999997,0.05312499999999999,-0.00014291186062458062,-0.0014253799770421033
-0.20437499999999997,0.059375,-0.00013509241709179907,-0.001422745706934672
-0.20437499999999997,0.06562499999999999,-0.00012739860887263604,-0.00142059737621931
-0.20437499999999997,0.071875,-0.00011985979932004678,-0.0014189102128805396
-0.20437499999999997,0.078125,-0.00011250206097024312,-0.0014176577590072291
-0.20437499999999997,0.08437499999999999,-0.00010534814099854066,-0.0014168122987576028
-0.20437499999999997,0.09062499999999998,-9.841748165984573e-05,-0.001416345268135892
-0.20437499999999997,0.09687499999999999,-9.17262897788851e-05,-0.0014162276399501917
-0.20437499999999997,0.103125,-8.528764873943346e-05,-0.0014164302787209925
-0.20437499999999997,0.109375,-7.911166609586773e-05,-0.0014169242617022848
-0.20437499999999997,0.11562499999999999,-7.320564986640461e-05,-0.001417681163508703
-0.20437499999999997,0.12187499999999998,-6.757430672970654e-05,-0.0014186733030706398
-0.20437499999999997,0.128125,-6.221995569484285e-05,-0.0014198739527338017
-0.20437499999999997,0.13437499999999997,-5.714275130702408e-05,-0.0014212575102605226
-0.20437499999999997,0.140625,-5.234091104698688e-05,-0.0014227996352677097
-0.20437499999999997,0.14687499999999998,-4.781094224213434e-05,-0.001424477352249627
-0.20437499999999997,0.153125,-4.3547864498409695e-05,-0.0014262691227890066
-0.20437499999999997,0.159375,-3.9545424354287944e-05,-0.0014281548898688284
-0.20437499999999997,0.16562499999999997,-3.579629952853726e-05,-0.00143011609737484
-0.20437499999999997,0.171875,-3.229229076326507e-05,-0.0014321356879431915
-0.20437499999999997,0.17812499999999998,-2.9024499840112268e-05,-0.0014341980822769893
-0.20437499999999997,0.18437499999999998,-2.5983492861839308e-05,-0.0014362891429487302
-0.20437499999999997,0.190625,-2.3159448339509764e-05,-0.001438396125540134
-0.20437499999999997,0.19687499999999997,-2.0542290005962052e-05,-0.0014405076197630535
-0.20437499999999997,0.203125,-1.812180459081187e-05,-0.0014426134829693372
-0.20437499999999997,0.20937499999999998,-1.588774504443761e-05,-0.0014447047682061259
-0.20437499999999997,0.21562499999999998,-1.3829919893224918e-05,-0.001446773648716384
-0.20437499999999997,0.221875,-1.193826955166126e-05,-0.001448813340530805
-0.20437499999999997,0.22812499999999997,-1.0202930514970042e-05,-0.0014508180245530224
-0.20437499999999997,0.234375,-8.614288415295999e-06,-0.0014527827693099954
-0.20437499999999997,0.24062499999999998,-7.1630209512430325e-06,-0.0014547034553268135
-0.20437499999999997,0.24687499999999996,-5.840131700747483e-06,-0.0014565767018919424
-0.20437499999999997,0.253125,-4.63697580624876e-06,-0.0014583997968061068
-0.20437499999999997,0.25937499999999997,-3.545278483783209e-06,-0.0014601706295556901
-0.20437499999999997,0.265625,-2.5571472582235398e-06,-0.0014618876282192757
-0.20437499999999997,0.271875,-1.665078769098799e-06,-0.0014635497003027626
-0.20437499999999997,0.27812499999999996,-8.619609283390474e-07,-0.0014651561776031145
-0.20437499999999997,0.284375,-1.4107114545057704e-07,-0.0014667067651217387
-0.20437499999999997,0.29062499999999997,5.039287309124775e-07,-0.0014682014939841582
-0.20437499999999997,0.296875,1.079000171627984e-06,-0.0014696406782713964
-0.20437499999999997,0.303125,1.589737906155363e-06,-0.0014710248756287512
-0.20437499999999997,0.30937499999999996,2.0413815824859974e-06,-0.0014723548514878418
-0.20437499999999997,0.315625,2.438828745262339e-06,-0.001473631546716524
-0.20437499999999997,0.32187499999999997,2.7866487819993066e-06,-0.0014748560484971853
-0.20437499999999997,0.328125,3.0890975357181123e-06,-0.0014760295642257996
-0.20437499999999997,0.334375,3.350132326336565e-06,-0.0014771533982209227
-0.20437499999999997,0.34062499999999996,3.573427162890978e-06,-0.001478228931032538
-0.20437499999999997,0.34687499999999993,3.762387964240492e-06,-0.0014792576011445368
-0.20437499999999997,0.35312499999999997,3.920167637508336e-06,-0.0014802408888708967
-0.20437499999999997,0.359375,4.049680891401633e-06,-0.0014811803022536988
-0.20437499999999997,0.365625,4.153618685972674e-06,-0.0014820773647805062
-0.20437499999999997,0.37187499999999996,4.234462241632024e-06,-0.0014829336047488617
-0.20437499999999997,0.37812499999999993,4.294496548570351e-06,-0.001483750546116415
-0.20437499999999997,0.38437499999999997,4.335823333478898e-06,-0.0014845297006861697
-0.20437499999999997,0.390625,4.360373453841146e-06,-0.001485272561487329
-0.20437499999999997,0.396875,4.3699187013616825e-06,-0.0014859805972230148
-0.20437499999999997,0.40312499999999996,4.366083005540651e-06,-0.0014866552476666404
-0.20437499999999997,0.40937499999999993,4.350353036216536e-06,-0.0014872979198987868
-0.20437499999999997,0.41562499999999997,4.324088210293125e-06,-0.0014879099852860367
-0.20437499999999997,0.421875,4.288530113021384e-06,-0.0014884927771122748
-0.20437499999999997,0.428125,4.244811348296548e-06,-0.0014890475887814679
-0.20437499999999997,0.43437499999999996,4.1939638356006414e-06,-0.0014895756725188667
-0.20437499999999997,0.44062499999999993,4.1369265736113264e-06,-0.0014900782385049195
-0.20437499999999997,0.44687499999999997,4.074552892223591e-06,-0.0014905564543829786
-0.20437499999999997,0.453125,4.007617215901047e-06,-0.0014910114450881226
-0.20437499999999997,0.459375,3.936821361975941e-06,-0.0014914442929501272
-0.20437499999999997,0.46562499999999996,3.862800397836994e-06,-0.0014918560380288342
-0.20437499999999997,0.47187499999999993,3.7861280809469683e-06,-0.001492247678644909
-0.20437499999999997,0.47812499999999997,3.707321905380088e-06,-0.001492620172073274
-0.20437499999999997,0.48437499999999994,3.6268477781147785e-06,-0.001492974435370392
-0.20437499999999997,0.490625,3.5451243477023323e-06,-0.0014933113463100759
-0.20437499999999997,0.49687499999999996,3.46252700719597e-06,-0.0014936317444056522
-0.20437499999999997,0.5031249999999999,3.3793915923983403e-06,-0.0014939364319991296
-0.20437499999999997,0.5093749999999999,3.296017795595043e-06,-0.0014942261754005497
-0.20437499999999997,0.515625,3.2126723140105544e-06,-0.0014945017060629575
-0.20437499999999997,0.5218749999999999,3.129591751267461e-06,-0.0014947637217804326
-0.20437499999999997,0.528125,3.046985289167004e-06,-0.0014950128878984121
-0.20437499999999997,0.534375,2.9650371461495507e-06,-0.0014952498385271168
-0.20437499999999997,0.5406249999999999,2.883908837847388e-06,-0.001495475177750287
-0.20437499999999997,0.546875,2.803741254218033e-06,-0.0014956894808226765
-0.20437499999999997,0.5531249999999999,2.7246565668484675e-06,-0.0014958932953508324
-0.20437499999999997,0.559375,2.64675997915441e-06,-0.0014960871424526461
-0.20437499999999997,0.565625,2.5701413313678544e-06,-0.0014962715178919916
-0.20437499999999997,0.5718749999999999,2.4948765714111933e-06,-0.0014964468931855008
-0.20437499999999997,0.578125,2.4210291020001915e-06,-0.001496613716679153
-0.20437499999999997,0.5843749999999999,2.348651013600671e-06,-0.0014967724145929116
-0.20437499999999997,0.590625,2.277784212185136e-06,-0.0014969233920321104
-0.20437499999999997,0.596875,2.208461450095921e-06,-0.001497067033964707
-0.200625,0.0031249999999999997,-0.0002215770970976986,-0.0014629035878934626
-0.200625,0.009375,-0.00021350197110205045,-0.0014551913707051894
-0.200625,0.015625,-0.0002052001914951968,-0.0014481098693023367
-0.200625,0.021875,-0.00019672412549506208,-0.0014416629483306744
-0.200625,0.028124999999999997,-0.0001881253005998664,-0.001435849243967859
-0.200625,0.034374999999999996,-0.00017945380824503564,-0.0014306624129323342
-0.200625,0.040624999999999994,-0.00017075776264152963,-0.0014260914554521924
-0.200625,0.046875,-0.00016208282411785512,-0.001422121100391663
-0.200625,0.05312499999999999,-0.00015347179374623255,-0.0014187322396791383
-0.200625,0.059375,-0.0001449642834365362,-0.0014159023986827597
-0.200625,0.06562499999999999,-0.00013659646315102955,-0.0014136062292112964
-0.200625,0.071875,-0.00012840088453431006,-0.0014118160123273763
-0.200625,0.078125,-0.00012040637815164364,-0.0014105021590755155
-0.200625,0.08437499999999999,-0.00011263801974709964,-0.001409633698464436
-0.200625,0.09062499999999998,-0.0001051171595087041,-0.0014091787435114422
-0.200625,0.09687499999999999,-9.786150727627808e-05,-0.0014091049277658479
-0.200625,0.103125,-9.088526594321025e-05,-0.0014093798063938706
-0.200625,0.109375,-8.419930496351509e-05,-0.0014099712175537427
-0.200625,0.11562499999999999,-7.781136584439097e-05,-0.0014108476013541672
-0.200625,0.12187499999999998,-7.172629173744003e-05,-0.0014119782751224727
-0.200625,0.128125,-6.594627368915025e-05,-0.0014133336649759236
-0.200625,0.13437499999999997,-6.0471106722135894e-05,-0.00141488549476902
-0.200625,0.140625,-5.5298449643612537e-05,-0.0014166069343719062
-0.200625,0.14687499999999998,-5.0424083271011137e-05,-0.0014184727099210831
-0.200625,0.153125,-4.5842162586405316e-05,-0.001420459179182704
-0.200625,0.159375,-4.154545914767763e-05,-0.001422544375496126
-0.200625,0.16562499999999997,-3.7525590867990736e-05,-0.0014247080239406682
-0.200625,0.171875,-3.3773237005666615e-05,-0.0014269315334134885
-0.200625,0.17812499999999998,-3.0278336869692664e-05,-0.0014291979682438728
-0.200625,0.18437499999999998,-2.703027133296944e-05,-0.0014314920028213397
-0.200625,0.190625,-2.401802675200952e-05,-0.0014337998625027595
-0.200625,0.19687499999999997,-2.123034131783392e-05,-0.0014361092538062567
-0.200625,0.203125,-1.8655834211063458e-05,-0.0014384092866136732
-0.200625,0.20937499999999998,-1.6283118209618492e-05,-0.0014406903908030244
-0.200625,0.21562499999999998,-1.4100896606479095e-05,-0.001442944229429338
-0.200625,0.221875,-1.2098045444971698e-05,-0.0014451636102757338
-0.200625,0.22812499999999997,-1.0263682177752797e-05,-0.0014473423973136272
-0.200625,0.234375,-8.587221910818134e-06,-0.001449475423346517
-0.200625,0.24062499999999998,-7.058422412879999e-06,-0.0014515584048692698
-0.200625,0.24687499999999996,-5.667419060287691e-06,-0.001453587859956074
-0.200625,0.253125,-4.404750854595179e-06,-0.0014555610297959768
-0.200625,0.25937499999999997,-3.2613785995005226e-06,-0.0014574758043250525
-0.200625,0.265625,-2.2286962610371448e-06,-0.001459330652257834
-0.200625,0.271875,-1.298536463718342e-06,-0.0014611245556964258
-0.200625,0.27812499999999996,-4.6317099925346085e-07,-0.001462856949391938
-0.200625,0.284375,2.846928537330863e-07,-0.0014645276646477455
-0.200625,0.29062499999999997,9.519194786164415e-07,-0.0014661368777855901
-0.200625,0.296875,1.5449548941794002e-06,-0.001467685063041753
-0.200625,0.303125,2.0698389814759426e-06,-0.0014691729497195469
-0.200625,0.30937499999999996,2.5322194621702606e-06,-0.001470601483394379
-0.200625,0.315625,2.9373671907861086e-06,-0.0014719717909469844
-0.200625,0.32187499999999997,3.290192382709823e-06,-0.0014732851491875614
-0.200625,0.328125,3.5952614540444212e-06,-0.0014745429568271133
-0.200625,0.334375,3.856814198505629e-06,-0.0014757467095510926
-0.200625,0.34062499999999996,4.0787810706125285e-06,-0.0014768979779533785
-0.200625,0.34687499999999993,4.264800383656139e-06,-0.001477998388094808
-0.200625,0.35312499999999997,4.418235265602723e-06,-0.0014790496044590911
-0.200625,0.359375,4.542190246511807e-06,-0.001480053315089367
-0.200625,0.365625,4.639527377551768e-06,-0.0014810112187002879
-0.200625,0.37187499999999996,4.712881804620418e-06,-0.0014819250135729325
-0.200625,0.37812499999999993,4.76467673925986e-06,-0.0014827963880526646
-0.200625,0.38437499999999997,4.797137786327684e-06,-0.001483627012482956
-0.200625,0.390625,4.812306602058263e-06,-0.0014844185324209816
-0.200625,0.396875,4.81205386802262e-06,-0.001485172562993245
-0.200625,0.40312499999999996,4.7980915763420774e-06,-0.001485890684261511
-0.200625,0.40937499999999993,4.771984629587255e-06,-0.001486574437480779
-0.200625,0.41562499999999997,4.73516176532882e-06,-0.00148722532214188
-0.200625,0.421875,4.688925820511217e-06,-0.0014878447937014695
-0.200625,0.428125,4.634463354880406e-06,-0.001488434261911703
-0.200625,0.43437499999999996,4.572853655781933e-06,-0.0014889950896707083
-0.200625,0.44062499999999993,4.505077148902582e-06,-0.001489528592323134
-0.200625,0.44687499999999997,4.432023241089692e-06,-0.001490036037347547
-0.200625,0.453125,4.354497622361503e-06,-0.0014905186443743335
-0.200625,0.459375,4.273229054719175e-06,-0.0014909775854840158
-0.200625,0.46562499999999996,4.188875675473791e-06,-0.0014914139857416105
-0.200625,0.47187499999999993,4.102030842584597e-06,-0.0014918289239278114
-0.200625,0.47812499999999997,4.013228549031139e-06,-0.0014922234334324553
-0.200625,0.48437499999999994,3.92294843256899e-06,-0.0014925985032799378
-0.200625,0.490625,3.831620406390166e-06,-0.0014929550792600285
-0.200625,0.49687499999999996,3.7396289352670095e-06,-0.0014932940651409226
-0.200625,0.5031249999999999,3.6473169807335263e-06,-0.0014936163239444033
-0.200625,0.5093749999999999,3.554989637779318e-06,-0.0014939226792656916
-0.200625,0.515625,3.4629174844206376e-06,-0.001494213916622966
-0.200625,0.5218749999999999,3.3713396643895256e-06,-0.0014944907848236757
-0.200625,0.528125,3.280466722060136e-06,-0.001494753997336662
-0.200625,0.534375,3.1904832076241247e-06,-0.001495004233660773
-0.200625,0.5406249999999999,3.101550069442692e-06,-0.0014952421406821395
-0.200625,0.546875,3.01380684945e-06,-0.0014954683340135631
-0.200625,0.5531249999999999,2.9273736964659266e-06,-0.001495683399310625
-0.200625,0.559375,2.8423532113000655e-06,-0.001495887893560093
-0.200625,0.565625,2.7588321365957304e-06,-0.0014960823463371
-0.200625,0.5718749999999999,2.6768829034747777e-06,-0.001496267261028296
-0.200625,0.578125,2.5965650462014794e-06,-0.0014964431160188472
-0.200625,0.5843749999999999,2.5179264952875335e-06,-0.001496610365841716
-0.200625,0.590625,2.4410047587088362e-06,-0.0014967694422881308
-0.200625,0.596875,2.365828000198878e-06,-0.001496920755478588
-0.196875,0.0031249999999999997,-0.00023881309505389153,-0.0014595027784989698
-0.196875,0.009375,-0.00023004209791650028,-0.0014510931282771926
-0.196875,0.015625,-0.00022101795603335516,-0.0014433773732926342
-0.196875,0.021875,-0.00021179916850636157,-0.00143636011215044
-0.196875,0.028124999999999997,-0.00020244330180928298,-0.001430040020596753
-0.196875,0.034374999999999996,-0.0001930063057843398,-0.001424410136396927
-0.196875,0.040624999999999994,-0.0001835418938317076,-0.0014194582299766755
-0.196875,0.046875,-0.00017410099818767241,-0.001415167246906739
-0.196875,0.05312499999999999,-0.00016473130815379094,-0.0014115158070806917
-0.196875,0.059375,-0.00015547689604703511,-0.0014084787448746569
-0.196875,0.06562499999999999,-0.00014637793263690046,-0.0014060276746527506
-0.196875,0.071875,-0.00013747049104744486,-0.0014041315666275117
-0.196875,0.078125,-0.00012878643563211085,-0.0014027573192113016
-0.196875,0.08437499999999999,-0.00012035339025001564,-0.001401870315498518
-0.196875,0.09062499999999998,-0.00011219477872741658,-0.0014014349532887275
-0.196875,0.09687499999999999,-0.00010432992909246313,-0.0014014151399877797
-0.196875,0.103125,-9.677423241526723e-05,-0.0014017747457055313
-0.196875,0.109375,-8.953934673853672e-05,-0.0014024780098152003
-0.196875,0.11562499999999999,-8.263343660081439e-05,-0.0014034898980764972
-0.196875,0.12187499999999998,-7.606143897895112e-05,-0.0014047764090955896
-0.196875,0.128125,-6.982534704772746e-05,-0.0014063048303600482
-0.196875,0.13437499999999997,-6.392450391051175e-05,-0.0014080439453230253
-0.196875,0.140625,-5.835589933610515e-05,-0.0014099641940093425
-0.196875,0.14687499999999998,-5.31144634892801e-05,-0.0014120377903804814
-0.196875,0.153125,-4.8193352618808716e-05,-0.001414238800238801
-0.196875,0.159375,-4.358422262782683e-05,-0.0014165431837937848
-0.196875,0.16562499999999997,-3.927748736627261e-05,-0.0014189288071793985
-0.196875,0.171875,-3.5262559331054884e-05,-0.0014213754272287254
-0.196875,0.17812499999999998,-3.152807122107044e-05,-0.0014238646537075574
-0.196875,0.18437499999999998,-2.8062077462290617e-05,-0.0014263798930092735
-0.196875,0.190625,-2.4852235389414722e-05,-0.0014289062770440001
-0.196875,0.19687499999999997,-2.1885966245989444e-05,-0.0014314305807380011
-0.196875,0.203125,-1.9150596548736947e-05,-0.0014339411312137762
-0.196875,0.20937499999999998,-1.663348066083094e-05,-0.0014364277113636552
-0.196875,0.21562499999999998,-1.4322105641294389e-05,-0.001438881460172854
-0.196875,0.221875,-1.2204179592698953e-05,-0.0014412947718022246
-0.196875,0.22812499999999997,-1.0267704826358197e-05,-0.0014436611951138343
-0.196875,0.234375,-8.501037212483109e-06,-0.0014459753350193627
-0.196875,0.24062499999999998,-6.892933091121195e-06,-0.0014482327567553834
-0.196875,0.24687499999999996,-5.432585096227729e-06,-0.0014504298939426112
-0.196875,0.253125,-4.109648197192502e-06,-0.0014525639610685685
-0.196875,0.25937499999999997,-2.914257195965324e-06,-0.00145463287084425
-0.196875,0.265625,-1.8370368390660633e-06,-0.0014566351567239352
-0.196875,0.271875,-8.691056168485856e-07,-0.0014585699007414992
-0.196875,0.27812499999999996,-2.0742312031542574e-09,-0.0014604366667042442
-0.196875,0.284375,7.719603795077933e-07,-0.0014622354386940957
-0.196875,0.29062499999999997,1.4604246607066888e-06,-0.0014639665647536225
-0.196875,0.296875,2.0702809976983718e-06,-0.0014656307055783808
-0.196875,0.303125,2.6080425821707304e-06,-0.001467228787995331
-0.196875,0.30937499999999996,3.079790042354157e-06,-0.0014687619629774138
-0.196875,0.315625,3.491189362997316e-06,-0.0014702315679248833
-0.196875,0.32187499999999997,3.847510688139587e-06,-0.0014716390929329333
-0.196875,0.328125,4.153647660312267e-06,-0.0014729861507609575
-0.196875,0.334375,4.414137004380102e-06,-0.0014742744502201104
-0.196875,0.34062499999999996,4.633178112936418e-06,-0.0014755057727014777
-0.196875,0.34687499999999993,4.814652433297602e-06,-0.0014766819515761192
-0.196875,0.35312499999999997,4.962142494049775e-06,-0.0014778048542096545
-0.196875,0.359375,5.078950442178177e-06,-0.0014788763663471855
-0.196875,0.365625,5.168115990462761e-06,-0.0014798983786386197
-0.196875,0.37187499999999996,5.2324336994601875e-06,-0.0014808727750893489
-0.196875,0.37812499999999993,5.274469539416129e-06,-0.001481801423236397
-0.196875,0.38437499999999997,5.296576695246057e-06,-0.0014826861658652395
-0.196875,0.390625,5.3009105926563445e-06,-0.0014835288140972874
-0.196875,0.396875,5.2894431358859685e-06,-0.001484331141692336
-0.196875,0.40312499999999996,5.263976157750813e-06,-0.0014850948804239698
-0.196875,0.40937499999999993,5.226154090952667e-06,-0.0014858217163989066
-0.196875,0.41562499999999997,5.177475876233454e-06,-0.0014865132872034768
-0.196875,0.421875,5.119306128146956e-06,-0.0014871711797718606
-0.196875,0.428125,5.052885583192381e-06,-0.0014877969288813234
-0.196875,0.43437499999999996,4.979340857992537e-06,-0.0014883920161894936
-0.196875,0.44062499999999993,4.899693547268113e-06,-0.001488957869737758
-0.196875,0.44687499999999997,4.814868692699167e-06,-0.001489495863853119
-0.196875,0.453125,4.725702654503487e-06,-0.0014900073193884011
-0.196875,0.459375,4.63295041780355e-06,-0.0014904935042475565
-0.196875,0.46562499999999996,4.5372923656961305e-06,-0.001490955634149034
-0.196875,0.47187499999999993,4.43934055045845e-06,-0.0014913948735858008
-0.196875,0.47812499999999997,4.339644493592596e-06,-0.0014918123369456566
-0.196875,0.48437499999999994,4.238696544481795e-06,-0.0014922090897600353
-0.196875,0.490625,4.1369368263594305e-06,-0.001492586150053555
-0.196875,0.49687499999999996,4.034757797112404e-06,-0.0014929444897702252
-0.196875,0.5031249999999999,3.932508451191934e-06,-0.0014932850362554568
-0.196875,0.5093749999999999,3.830498187612642e-06,-0.0014936086737759172
-0.196875,0.515625,3.7290003677098894e-06,-0.001493916245061824
-0.196875,0.5218749999999999,3.628255585013153e-06,-0.0014942085528585449
-0.196875,0.528125,3.528474668295849e-06,-0.0014944863614763677
-0.196875,0.534375,3.4298414375903756e-06,-0.0014947503983290754
-0.196875,0.5406249999999999,3.332515231720839e-06,-0.0014950013554534984
-0.196875,0.546875,3.236633224711837e-06,-0.0014952398910035845
-0.196875,0.5531249999999999,3.142312547284845e-06,-0.0014954666307137115
-0.196875,0.559375,3.0496522285569455e-06,-0.001495682169326994
-0.196875,0.565625,2.9587349720136033e-06,-0.0014958870719852444
-0.196875,0.5718749999999999,2.8696287788368495e-06,-0.0014960818755780194
-0.196875,0.578125,2.782388430735109e-06,-0.001496267090048856
-0.196875,0.5843749999999999,2.6970568435388593e-06,-0.0014964431996573792
-0.196875,0.590625,2.6136663019971375e-06,-0.0014966106641964517
-0.196875,0.596875,2.532239585432539e-06,-0.001496769920163965
-0.193125,0.0031249999999999997,-0.0002573042990631522,-0.001455797296328409
-0.193125,0.009375,-0.00024777838109449774,-0.0014466290307704995
-0.193125,0.015625,-0.0002379698691354702,-0.001438224216243154
-0.193125,0.021875,-0.00022794412329916488,-0.0014305882921642665
-0.193125,0.028124999999999997,-0.0002177654662552897,-0.00142371998669578
-0.193125,0.034374999999999996,-0.0002074963984202016,-0.0014176116430560039
-0.193125,0.040624999999999994,-0.00019719688790694595,-0.001412249645313097
-0.193125,0.046875,-0.00018692374797146425,-0.0014076149272254732
-0.193125,0.05312499999999999,-0.00017673011106719114,-0.0014036835462582294
-0.193125,0.059375,-0.00016666500493463463,-0.0014004273042766263
-0.193125,0.06562499999999999,-0.00015677303258429108,-0.0013978143965536944
-0.193125,0.071875,-0.0001470941547344098,-0.0013958100715464456
-0.193125,0.078125,-0.00013766357036138418,-0.0013943772852829535
-0.193125,0.08437499999999999,-0.00012851168859550707,-0.0013934773360320648
-0.193125,0.09062499999999998,-0.00011966418329740167,-0.001393070467062997
-0.193125,0.09687499999999999,-0.00011114212029500668,-0.0013931164276103347
-0.193125,0.103125,-0.00010296214643177534,-0.0013935749845179193
-0.193125,0.109375,-9.51367292335078e-05,-0.0013944063793359233
-0.193125,0.11562499999999999,-8.767443608578454e-05,-0.0013955717278018546
-0.193125,0.12187499999999998,-8.058024225659076e-05,-0.001397033360582559
-0.193125,0.128125,-7.385585782434218e-05,-0.001398755105846087
-0.193125,0.13437499999999997,-6.750006450478823e-05,-0.0014007025156450024
-0.193125,0.140625,-6.150905443988241e-05,-0.0014028430392191756
-0.193125,0.14687499999999998,-5.58767641533605e-05,-0.0014051461471735543
-0.193125,0.153125,-5.059519803622214e-05,-0.0014075834110731393
-0.193125,0.159375,-4.5654736855313304e-05,-0.0014101285433495677
-0.193125,0.16562499999999997,-4.10444278447361e-05,-0.0014127574025623066
-0.193125,0.171875,-3.6752253917591315e-05,-0.0014154479690358076
-0.193125,0.17812499999999998,-3.2765380408134255e-05,-0.0014181802957354676
-0.193125,0.18437499999999998,-2.9070378513054753e-05,-0.001420936438981898
-0.193125,0.190625,-2.565342524282629e-05,-0.0014237003732641231
-0.193125,0.19687499999999997,-2.250048022251719e-05,-0.0014264578940239197
-0.193125,0.203125,-1.959744010242657e-05,-0.0014291965118677693
-0.193125,0.20937499999999998,-1.6930271661318636e-05,-0.0014319053412382198
-0.193125,0.21562499999999998,-1.4485124919398977e-05,-0.0014345749861574676
-0.193125,0.221875,-1.2248427735791641e-05,-0.001437197425253902
-0.193125,0.22812499999999997,-1.020696345756437e-05,-0.0014397658979052555
-0.193125,0.234375,-8.347933225389191e-06,-0.0014422747929853708
-0.193125,0.24062499999999998,-6.659004535067317e-06,-0.0014447195413885582
-0.193125,0.24687499999999996,-5.128347613836736e-06,-0.001447096513227502
-0.193125,0.253125,-3.7446611039929885e-06,-0.0014494029203576174
-0.193125,0.25937499999999997,-2.497188461155972e-06,-0.001451636724671513
-0.193125,0.265625,-1.3757263766893186e-06,-0.001453796552429942
-0.193125,0.271875,-3.706264284554668e-07,-0.0014558816147478405
-0.193125,0.27812499999999996,5.272089445650913e-07,-0.0014578916342331053
-0.193125,0.284375,1.3263351569347726e-06,-0.0014598267776787688
-0.193125,0.29062499999999997,2.0347780000023664e-06,-0.0014616875946333154
-0.193125,0.296875,2.660049194777573e-06,-0.001463474961616291
-0.193125,0.303125,3.209164291489051e-06,-0.001465190031704438
-0.193125,0.30937499999999996,3.6886623222634885e-06,-0.0014668341891849153
-0.193125,0.315625,4.1046266956188215e-06,-0.0014684090089545152
-0.193125,0.32187499999999997,4.462706896388085e-06,-0.0014699162203351977
-0.193125,0.328125,4.768140622293451e-06,-0.0014713576749749485
-0.193125,0.334375,5.0257760488677045e-06,-0.001472735318507445
-0.193125,0.34062499999999996,5.240093968086091e-06,-0.0014740511656529353
-0.193125,0.34687499999999993,5.4152295933269525e-06,-0.0014753072784549942
-0.193125,0.35312499999999997,5.5549938645799795e-06,-0.0014765057473624965
-0.193125,0.359375,5.662894123651663e-06,-0.0014776486748824264
-0.193125,0.365625,5.742154059969433e-06,-0.0014787381615464252
-0.193125,0.37187499999999996,5.795732853952346e-06,-0.0014797762939517058
-0.193125,0.37812499999999993,5.82634346726652e-06,-0.0014807651346547854
-0.193125,0.38437499999999997,5.8364700480676675e-06,-0.0014817067137140052
-0.193125,0.390625,5.828384434975269e-06,-0.0014826030216938645
-0.193125,0.396875,5.804161756407112e-06,-0.0014834560039605454
-0.193125,0.40312499999999996,5.76569513239139e-06,-0.0014842675561135574
-0.193125,0.40937499999999993,5.714709494385086e-06,-0.0014850395204130927
-0.193125,0.41562499999999997,5.652774545256911e-06,-0.0014857736830764091
-0.193125,0.421875,5.581316886697949e-06,-0.0014864717723293164
-0.193125,0.428125,5.501631345136043e-06,-0.0014871354571106572
-0.193125,0.43437499999999996,5.414891529952629e-06,-0.001487766346338531
-0.193125,0.44062499999999993,5.322159659614828e-06,-0.0014883659886569826
-0.193125,0.44687499999999997,5.224395692391856e-06,-0.0014889358725909464
-0.193125,0.453125,5.12246579876402e-06,-0.001489477427045519
-0.193125,0.459375,5.01715021256557e-06,-0.001489992022093107
-0.193125,0.46562499999999996,4.909150497433503e-06,-0.0014904809699987634
-0.193125,0.47187499999999993,4.799096264346109e-06,-0.0014909455264401194
-0.193125,0.47812499999999997,4.687551374999972e-06,-0.0014913868918837807
-0.193125,0.48437499999999994,4.5750196645546994e-06,-0.0014918062130849557
-0.193125,0.490625,4.461950215919848e-06,-0.001492204584681463
-0.193125,0.49687499999999996,4.348742216312755e-06,-0.0014925830508571516
-0.193125,0.5031249999999999,4.235749425313158e-06,-0.0014929426070532446
-0.193125,0.5093749999999999,4.123284282109893e-06,-0.0014932842017091727
-0.193125,0.515625,4.011621678099658e-06,-0.001493608738017193
-0.193125,0.5218749999999999,3.9010024194769126e-06,-0.0014939170756774803
-0.193125,0.528125,3.7916364029610215e-06,-0.0014942100326424833
-0.193125,0.534375,3.683705526355128e-06,-0.0014944883868411951
-0.193125,0.5406249999999999,3.5773663542268765e-06,-0.0014947528778756103
-0.193125,0.546875,3.4727525576531545e-06,-0.001495004208683049
-0.193125,0.5531249999999999,3.3699771456814125e-06,-0.001495243047159267
-0.193125,0.559375,3.2691345049327785e-06,-0.0014954700277383434
-0.193125,0.565625,3.1703022626090547e-06,-0.001495685752926253
-0.193125,0.5718749999999999,3.073542987065266e-06,-0.0014958907947858412
-0.193125,0.578125,2.978905739073714e-06,-0.0014960856963715911
-0.193125,0.5843749999999999,2.886427485931612e-06,-0.0014962709731131715
-0.193125,0.590625,2.796134389651167e-06,-0.001496447114147239
-0.193125,0.596875,2.708042979617238e-06,-0.0014966145835973968
-0.189375,0.0031249999999999997,-0.0002771370577422899,-0.0014517599400576003
-0.189375,0.009375,-0.0002667920707937703,-0.0014417665913101744
-0.189375,0.015625,-0.00025613176274321813,-0.0014326132906014525
-0.189375,0.021875,-0.00024522917348246355,-0.0014243064383225447
-0.189375,0.028124999999999997,-0.00023415618686128235,-0.0014168448280600563
-0.189375,0.034374999999999996,-0.000222982629894815,-0.0014102200208482066
-0.189375,0.040624999999999994,-0.00021177545913946596,-0.0014044168348531678
-0.189375,0.046875,-0.0002005980491261114,-0.0013994139310642198
-0.189375,0.05312499999999999,-0.0001895095934053198,-0.0013951844738913318
-0.189375,0.059375,-0.00017856462436268566,-0.0013916968448704613
-0.189375,0.06562499999999999,-0.00016781265372116703,-0.0013889153878983084
-0.189375,0.071875,-0.00015729793174742494,-0.0013868011654529556
-0.189375,0.078125,-0.00014705931976576836,-0.0013853127069672632
-0.189375,0.08437499999999999,-0.00013713026775657387,-0.001384406732749014
-0.189375,0.09062499999999998,-0.0001275388866307331,-0.0013840388394192862
-0.189375,0.09687499999999999,-0.00011830810324025736,-0.0013841641356063918
-0.189375,0.103125,-0.00010945588528367342,-0.0013847378194388584
-0.189375,0.109375,-0.00010099552294009507,-0.001385715692100118
-0.189375,0.11562499999999999,-9.293595424386428e-05,-0.001387054604237454
-0.189375,0.12187499999999998,-8.528212180547055e-05,-0.0013887128342827584
-0.189375,0.128125,-7.803534940185575e-05,-0.0013906503996932796
-0.189375,0.13437499999999997,-7.119372810877696e-05,-0.0013928293037314785
-0.189375,0.140625,-6.475250294414582e-05,-0.0013952137216696654
-0.189375,0.14687499999999998,-5.870445235806897e-05,-0.0013977701312396175
-0.189375,0.153125,-5.304025427811921e-05,-0.0014004673927747952
-0.189375,0.159375,-4.7748833745147836e-05,-0.0014032767848468476
-0.189375,0.16562499999999997,-4.281768841622049e-05,-0.0014061720013176342
-0.189375,0.171875,-3.8233189339297236e-05,-0.001409129115653874
-0.189375,0.17812499999999998,-3.398085540192082e-05,-0.0014121265181241552
-0.189375,0.18437499999999998,-3.0045600715220315e-05,-0.0014151448311555343
-0.189375,0.190625,-2.6411954914112693e-05,-0.001418166807703841
-0.189375,0.19687499999999997,-2.3064256939473165e-05,-0.0014211772170182625
-0.189375,0.203125,-1.9986823327131476e-05,-0.0014241627216822932
-0.189375,0.20937499999999998,-1.716409237350676e-05,-0.0014271117493104603
-0.189375,0.21562499999999998,-1.458074579171501e-05,-0.0014300143617896263
-0.189375,0.221875,-1.2221809628968559e-05,-0.0014328621244873207
-0.189375,0.22812499999999997,-1.007273629980314e-05,-0.0014356479774159864
-0.189375,0.234375,-8.119469613278804e-06,-0.0014383661099467452
-0.189375,0.24062499999999998,-6.348494647961911e-06,-0.0014410118403122014
-0.189375,0.24687499999999996,-4.746874267146564e-06,-0.0014435815008258276
-0.189375,0.253125,-3.3022739780184598e-06,-0.0014460723294749537
-0.189375,0.25937499999999997,-2.0029767305343967e-06,-0.0014484823683134746
-0.189375,0.265625,-8.3788913161494e-07,-0.0014508103688865345
-0.189375,0.271875,2.034595765080285e-07,-0.0014530557047594526
-0.189375,0.27812499999999996,1.1309245537258643e-06,-0.00145521829109371
-0.189375,0.284375,1.9537573224670326e-06,-0.0014572985111103592
-0.189375,0.29062499999999997,2.6806216813472932e-06,-0.0014592971492023848
-0.189375,0.296875,3.3196127192391577e-06,-0.0014612153303989828
-0.189375,0.303125,3.878278186412926e-06,-0.001463054465843434
-0.189375,0.30937499999999996,4.363641580601084e-06,-0.0014648162039193559
-0.189375,0.315625,4.782226398354779e-06,-0.001466502386645127
-0.189375,0.32187499999999997,5.140081085801999e-06,-0.0014681150109509397
-0.189375,0.328125,5.4428042980235474e-06,-0.0014696561944552813
-0.189375,0.334375,5.695570143061034e-06,-0.001471128145365953
-0.189375,0.34062499999999996,5.903153145503029e-06,-0.001472533136143618
-0.189375,0.34687499999999993,6.06995271618743e-06,-0.001473873480582028
-0.189375,0.35312499999999997,6.200016959389017e-06,-0.0014751515139775622
-0.189375,0.359375,6.297065687517332e-06,-0.001476369576080637
-0.189375,0.365625,6.364512546433298e-06,-0.0014775299965422786
-0.189375,0.37187499999999996,6.405486182577402e-06,-0.0014786350825901052
-0.189375,0.37812499999999993,6.422850406743049e-06,-0.001479687108688753
-0.189375,0.38437499999999997,6.419223329047436e-06,-0.0014806883079600752
-0.189375,0.390625,6.396995455930367e-06,-0.0014816408651579722
-0.189375,0.396875,6.358346753291662e-06,-0.001482546911011351
-0.189375,0.40312499999999996,6.305262690567095e-06,-0.0014834085177663
-0.189375,0.40937499999999993,6.239549288997625e-06,-0.001484227695775069
-0.189375,0.41562499999999997,6.162847203898165e-06,-0.0014850063909947972
-0.189375,0.421875,6.076644875664111e-06,-0.0014857464832731628
-0.189375,0.428125,5.982290787823099e-06,-0.0014864497853112105
-0.189375,0.43437499999999996,5.881004872867074e-06,-0.0014871180422056265
-0.189375,0.44062499999999993,5.7738891080820375e-06,-0.0014877529314836835
-0.189375,0.44687499999999997,5.661937344296753e-06,-0.0014883560635540318
-0.189375,0.453125,5.546044410544704e-06,-0.001488928982505548
-0.189375,0.459375,5.427014537195702e-06,-0.001489473167194592
-0.189375,0.46562499999999996,5.305569139279035e-06,-0.0014899900325683567
-0.189375,0.47187499999999993,5.182354000570201e-06,-0.0014904809311785867
-0.189375,0.47812499999999997,5.057945897629816e-06,-0.0014909471548458244
-0.189375,0.48437499999999994,4.932858701429353e-06,-0.0014913899364396045
-0.189375,0.490625,4.807548992523883e-06,-0.0014918104517447068
-0.189375,0.49687499999999996,4.682421223984036e-06,-0.001492209821387726
-0.189375,0.5031249999999999,4.5578324645118745e-06,-0.0014925891128019114
-0.189375,0.5093749999999999,4.434096752367912e-06,-0.0014929493422114796
-0.189375,0.515625,4.311489088952086e-06,-0.0014932914766194799
-0.189375,0.5218749999999999,4.1902490991285335e-06,-0.0014936164357858114
-0.189375,0.528125,4.07058438367668e-06,-0.0014939250941842092
-0.189375,0.534375,3.9526735876002316e-06,-0.0014942182829289544
-0.189375,0.5406249999999999,3.836669206438664e-06,-0.0014944967916637507
-0.189375,0.546875,3.722700151208624e-06,-0.001494761370406684
-0.189375,0.5531249999999999,3.6108740911587553e-06,-0.0014950127313464524
-0.189375,0.559375,3.501279592151883e-06,-0.0014952515505861602
-0.189375,0.565625,3.393988067195362e-06,-0.001495478469831919
-0.189375,0.5718749999999999,3.289055554421689e-06,-0.001495694098024304
-0.189375,0.578125,3.186524336677103e-06,-0.0014958990129114239
-0.189375,0.5843749999999999,3.086424415803403e-06,-0.0014960937625629368
-0.189375,0.590625,2.9887748536953008e-06,-0.0014962788668248569
-0.189375,0.596875,2.893584991279961e-06,-0.0014964548187154049
-0.18562499999999998,0.0031249999999999997,-0.0002984035171319387,-0.0014473610097056765
-0.18562499999999998,0.009375,-0.00028716974451146814,-0.0014364703629649602
-0.18562499999999998,0.015625,-0.0002755842921220304,-0.0014265041411337738
-0.18562499999999998,0.021875,-0.0002637287996551263,-0.0014174698404563544
-0.18562499999999998,0.028124999999999997,-0.0002516836161469018,-0.0014093663326035185
-0.18562499999999998,0.034374999999999996,-0.00023952676567186326,-0.0014021842944847327
-0.18562499999999998,0.040624999999999994,-0.00022733301479662877,-0.001395906772047812
-0.18562499999999998,0.046875,-0.00021517305920048401,-0.001390509855078376
-0.18562499999999998,0.05312499999999999,-0.00020311284168022316,-0.001385963438060684
-0.18562499999999998,0.059375,-0.00019121300850728,-0.0013822320413918324
-0.18562499999999998,0.06562499999999999,-0.0001795285060607879,-0.001379275667577178
-0.18562499999999998,0.071875,-0.00016810831504538692,-0.0013770506683439946
-0.18562499999999998,0.078125,-0.00015699531559043648,-0.0013755106007198492
-0.18562499999999998,0.08437499999999999,-0.00014622627323463908,-0.0013746070528351593
-0.18562499999999998,0.09062499999999998,-0.00013583193328757393,-0.0013742904233219196
-0.18562499999999998,0.09687499999999999,-0.00012583720933623444,-0.0013745106414957242
-0.18562499999999998,0.103125,-0.00011626145069514943,-0.0013752178188478307
-0.18562499999999998,0.109375,-0.00010711877331325612,-0.0013763628255867733
-0.18562499999999998,0.11562499999999999,-9.841843895534589e-05,-0.0013778977889351892
-0.18562499999999998,0.12187499999999998,-9.016526826240547e-05,-0.001379776512520495
-0.18562499999999998,0.128125,-8.236007445027314e-05,-0.0013819548184433668
-0.18562499999999998,0.13437499999999997,-7.500010581902456e-05,-0.0013843908154402298
-0.18562499999999998,0.140625,-6.807948681401629e-05,-0.0013870450979745496
-0.18562499999999998,0.14687499999999998,-6.158964901369494e-05,-0.0013898808821156533
-0.18562499999999998,0.153125,-5.551974504385001e-05,-0.0013928640847267195
-0.18562499999999998,0.159375,-4.9857039973464284e-05,-0.0013959633528286687
-0.18562499999999998,0.16562499999999997,-4.458727618941603e-05,-0.0013991500500823584
-0.18562499999999998,0.171875,-3.969500904600998e-05,-0.0014023982071877683
-0.18562499999999998,0.17812499999999998,-3.5163911723117395e-05,-0.0014056844426844478
-0.18562499999999998,0.18437499999999998,-3.097704869653943e-05,-0.0014089878601976583
-0.18562499999999998,0.190625,-2.7117118027407107e-05,-0.0014122899276499136
-0.18562499999999998,0.19687499999999997,-2.3566663321678253e-05,-0.0014155743433828982
-0.18562499999999998,0.203125,-2.0308256708239778e-05,-0.0014188268935391329
-0.18562499999999998,0.20937499999999998,-1.7324654549792516e-05,-0.0014220353044595412
-0.18562499999999998,0.21562499999999998,-1.4598927851087735e-05,-0.001425189093280224
-0.18562499999999998,0.221875,-1.2114569481161265e-05,-0.0014282794193723098
-0.18562499999999998,0.22812499999999997,-9.85558039647745e-06,-0.0014312989387716554
-0.18562499999999998,0.234375,-7.806537055963652e-06,-0.001434241663295716
-0.18562499999999998,0.24062499999999998,-5.952642170952588e-06,-0.0014371028256456283
-0.18562499999999998,0.24687499999999996,-4.2797608457013215e-06,-0.0014398787514426368
-0.18562499999999998,0.253125,-2.774444048367886e-06,-0.00144256673884802
-0.18562499999999998,0.25937499999999997,-1.4239412173916006e-06,-0.0014451649461619217
-0.18562499999999998,0.265625,-2.1620366184128007e-07,-0.001447672287585499
-0.18562499999999998,0.271875,8.601197372905844e-07,-0.0014500883371585788
-0.18562499999999998,0.27812499999999996,1.815693169741086e-06,-0.0014524132407473622
-0.18562499999999998,0.284375,2.660509675853135e-06,-0.001454647635849442
-0.18562499999999998,0.29062499999999997,3.403910999063816e-06,-0.0014567925789023884
-0.18562499999999998,0.296875,4.05461058028467e-06,-0.0014588494797235744
-0.18562499999999998,0.303125,4.620718887858753e-06,-0.0014608200426691673
-0.18562499999999998,0.30937499999999996,5.1097703909791245e-06,-0.0014627062140761126
-0.18562499999999998,0.315625,5.528751588172182e-06,-0.0014645101355395573
-0.18562499999999998,0.32187499999999997,5.884129595740496e-06,-0.0014662341025770092
-0.18562499999999998,0.328125,6.181880884226911e-06,-0.001467880528237386
-0.18562499999999998,0.334375,6.4275198244863195e-06,-0.0014694519112261064
-0.18562499999999998,0.34062499999999996,6.626126769436587e-06,-0.0014709508081349155
-0.18562499999999998,0.34687499999999993,6.7823754536805125e-06,-0.0014723798093859073
-0.18562499999999998,0.35312499999999997,6.900559541655293e-06,-0.0014737415185220844
-0.18562499999999998,0.359375,6.984618196501207e-06,-0.001475038534500928
-0.18562499999999998,0.365625,7.038160577149683e-06,-0.00147627343667209
-0.18562499999999998,0.37187499999999996,7.064489200898774e-06,-0.00147744877214493
-0.18562499999999998,0.37812499999999993,7.066622133610884e-06,-0.0014785670452757583
-0.18562499999999998,0.38437499999999997,7.0473139902366114e-06,-0.001479630709027985
-0.18562499999999998,0.390625,7.009075745188088e-06,-0.0014806421579807007
-0.18562499999999998,0.396875,6.9541933656586204e-06,-0.0014816037227823383
-0.18562499999999998,0.40312499999999996,6.8847452917677816e-06,-0.0014825176658659074
-0.18562499999999998,0.40937499999999993,6.802618795803143e-06,-0.001483386178260791
-0.18562499999999998,0.41562499999999997,6.7095252591977595e-06,-0.0014842113773532305
-0.18562499999999998,0.421875,6.607014410539568e-06,-0.0014849953054634226
-0.18562499999999998,0.428125,6.496487571136734e-06,-0.0014857399291216243
-0.18562499999999998,0.43437499999999996,6.3792099567039834e-06,-0.001486447138938888
-0.18562499999999998,0.44062499999999993,6.2563220847999165e-06,-0.0014871187499800593
-0.18562499999999998,0.44687499999999997,6.1288503379157125e-06,-0.0014877565025575572
-0.18562499999999998,0.453125,5.997716731748058e-06,-0.0014883620633742883
-0.18562499999999998,0.459375,5.863747937315716e-06,-0.0014889370269528745
-0.18562499999999998,0.46562499999999996,5.727683604312422e-06,-0.0014894829172963228
-0.18562499999999998,0.47187499999999993,5.590184031524439e-06,-0.0014900011897323441
-0.18562499999999998,0.47812499999999997,5.451837228357307e-06,-0.0014904932328998711
-0.18562499999999998,0.48437499999999994,5.313165409580414e-06,-0.0014909603708419489
-0.18562499999999998,0.490625,5.174630963363122e-06,-0.001491403865174175
-0.18562499999999998,0.49687499999999996,5.036641930588556e-06,-0.0014918249173022898
-0.18562499999999998,0.5031249999999999,4.899557031324564e-06,-0.0014922246706664231
-0.18562499999999998,0.5093749999999999,4.763690272237919e-06,-0.00149260421299295
-0.18562499999999998,0.515625,4.629315166676307e-06,-0.001492964578537927
-0.18562499999999998,0.5218749999999999,4.496668597134808e-06,-0.0014933067503087372
-0.18562499999999998,0.528125,4.3659543478798155e-06,-0.0014936316622528839
-0.18562499999999998,0.534375,4.237346333634427e-06,-0.0014939402014048913
-0.18562499999999998,0.5406249999999999,4.110991548443089e-06,-0.0014942332099840356
-0.18562499999999998,0.546875,3.987012757132008e-06,-0.001494511487437133
-0.18562499999999998,0.5531249999999999,3.865510950170083e-06,-0.0014947757924219402
-0.18562499999999998,0.559375,3.746567581212412e-06,-0.0014950268447278426
-0.18562499999999998,0.565625,3.6302466051745616e-06,-0.0014952653271314757
-0.18562499999999998,0.5718749999999999,3.516596333339934e-06,-0.001495491887185752
-0.18562499999999998,0.578125,3.4056511207415778e-06,-0.0014957071389414623
-0.18562499999999998,0.5843749999999999,3.297432899881905e-06,-0.0014959116646012151
-0.18562499999999998,0.590625,3.191952573754698e-06,-0.001496106016105972
-0.18562499999999998,0.596875,3.0892112801111467e-06,-0.0014962907166548444
-0.181875,0.0031249999999999997,-0.00032120202983255497,-0.0014425680605357376
-0.181875,0.009375,-0.0003090036676350879,-0.0014307016504985378
-0.181875,0.015625,-0.0002964132442496931,-0.0014198526434664003
-0.181875,0.021875,-0.0002835220336659624,-0.0014100297826556713
-0.181875,0.028124999999999997,-0.00027041986592944885,-0.0014012320294306227
-0.181875,0.034374999999999996,-0.00025719393905593356,-0.0013934490576183241
-0.181875,0.040624999999999994,-0.00024392774988975404,-0.0013866619034057612
-0.181875,0.046875,-0.0002307001642580501,-0.0013808437435826205
-0.181875,0.05312499999999999,-0.00021758464055244908,-0.0013759607726249717
-0.181875,0.059375,-0.00020464861459616707,-0.0013719731482761395
-0.181875,0.06562499999999999,-0.00019195304765096084,-0.0013688359757732201
-0.181875,0.071875,-0.0001795521339558521,-0.0013665003025235543
-0.181875,0.078125,-0.00016749315947427133,-0.0013649140976386847
-0.181875,0.08437499999999999,-0.00015581649969405377,-0.0013640231940403264
-0.181875,0.09062499999999998,-0.00014455574144187804,-0.0013637721746132957
-0.181875,0.09687499999999999,-0.00013373791174326326,-0.001364105187854904
-0.181875,0.103125,-0.0001233837957308378,-0.0013649666824447598
-0.181875,0.109375,-0.000113508325385984,-0.0013663020539535836
-0.181875,0.11562499999999999,-0.00010412102137291682,-0.001368058200384764
-0.181875,0.12187499999999998,-9.522647125518254e-05,-0.0013701839862993671
-0.181875,0.128125,-8.682482883360648e-05,-0.0013726306178549169
-0.181875,0.13437499999999997,-7.891232107793123e-05,-0.0013753519331663063
-0.181875,0.140625,-7.148175101952903e-05,-0.0013783046139788967
-0.181875,0.14687499999999998,-6.452298692363941e-05,-0.001381448325757358
-0.181875,0.153125,-5.8023429979349126e-05,-0.0013847457939836739
-0.181875,0.159375,-5.196845456611823e-05,-0.0013881628247790303
-0.181875,0.16562499999999997,-4.634181682793012e-05,-0.0013916682779771437
-0.181875,0.171875,-4.1126028778024714e-05,-0.0013952340005419907
-0.181875,0.17812499999999998,-3.630269645133615e-05,-0.0013988347277993376
-0.181875,0.18437499999999998,-3.185282171302453e-05,-0.0014024479593926086
-0.181875,0.190625,-2.775706822431756e-05,-0.0014060538162267951
-0.181875,0.19687499999999997,-2.3995992772639917e-05,-0.0014096348839695771
-0.181875,0.203125,-2.0550243708027908e-05,-0.0014131760479695744
-0.181875,0.20937499999999998,-1.7400728611194266e-05,-0.0014166643237537367
-0.181875,0.21562499999999998,-1.452875357082197e-05,-0.0014200886865988896
-0.181875,0.221875,-1.1916136589281468e-05,-0.0014234399030502703
-0.181875,0.22812499999999997,-9.545297686734108e-06,-0.0014267103666915778
-0.181875,0.234375,-7.399328251867627e-06,-0.0014298939399616096
-0.181875,0.24062499999999998,-5.462042109800882e-06,-0.0014329858033637632
-0.181875,0.24687499999999996,-3.7180106585122747e-06,-0.0014359823130258888
-0.181875,0.253125,-2.1525842769291605e-06,-0.0014388808672366504
-0.181875,0.25937499999999997,-7.519020409668285e-07,-0.00144167978230697
-0.181875,0.265625,4.971083931361543e-07,-0.0014443781778766943
-0.181875,0.271875,1.6067390590753166e-06,-0.0014469758716023735
-0.181875,0.27812499999999996,2.5885166034644934e-06,-0.001449473283016807
-0.181875,0.284375,3.453222532977631e-06,-0.0014518713462397719
-0.181875,0.29062499999999997,4.210917620569316e-06,-0.0014541714311372181
-0.181875,0.296875,4.870969458477152e-06,-0.0014563752724687314
-0.181875,0.303125,5.442082286597262e-06,-0.0014584849065260735
-0.181875,0.30937499999999996,5.932328353269139e-06,-0.0014605026147454518
-0.181875,0.315625,6.34918018139161e-06,-0.001462430873769555
-0.181875,0.32187499999999997,6.699543216372295e-06,-0.0014642723114395087
-0.181875,0.328125,6.989788424185139e-06,-0.0014660296682092885
-0.181875,0.334375,7.225784488451545e-06,-0.0014677057634937252
-0.181875,0.34062499999999996,7.412929325759435e-06,-0.0014693034664843086
-0.181875,0.34687499999999993,7.5561806992334475e-06,-0.0014708256709930984
-0.181875,0.35312499999999997,7.660085762550185e-06,-0.0014722752739130343
-0.181875,0.359375,7.72880941101191e-06,-0.0014736551569118387
-0.181875,0.365625,7.766161353793313e-06,-0.0014749681710058038
-0.181875,0.37187499999999996,7.775621852852258e-06,-0.0014762171236884535
-0.181875,0.37812499999999993,7.760366099994992e-06,-0.0014774047683169557
-0.181875,0.38437499999999997,7.723287224888974e-06,-0.001478533795485904
-0.181875,0.390625,7.667017944056175e-06,-0.0014796068261434638
-0.181875,0.396875,7.593950874616767e-06,-0.0014806264062287595
-0.181875,0.40312499999999996,7.506257547297817e-06,-0.0014815950026316636
-0.181875,0.40937499999999993,7.405906161425106e-06,-0.0014825150002968275
-0.181875,0.41562499999999997,7.2946781306737595e-06,-0.0014833887003128485
-0.181875,0.421875,7.174183472619008e-06,-0.0014842183188449566
-0.181875,0.428125,7.045875097902652e-06,-0.001485005986785561
-0.181875,0.43437499999999996,6.911062056379383e-06,-0.0014857537500115147
-0.181875,0.44062499999999993,6.770921798158219e-06,-0.001486463570150095
-0.181875,0.44687499999999997,6.626511507200845e-06,-0.001487137325767559
-0.181875,0.453125,6.478778564249302e-06,-0.001487776813904802
-0.181875,0.459375,6.328570194468468e-06,-0.0014883837518942131
-0.181875,0.46562499999999996,6.176642353424831e-06,-0.0014889597794003728
-0.181875,0.47187499999999993,6.023667902979707e-06,-0.0014895064606348617
-0.181875,0.47812499999999997,5.870244126435628e-06,-0.0014900252867022332
-0.181875,0.48437499999999994,5.716899629906944e-06,-0.0014905176780402097
-0.181875,0.490625,5.564100674444975e-06,-0.0014909849869224842
-0.181875,0.49687499999999996,5.412256980979543e-06,-0.0014914284999971961
-0.181875,0.5031249999999999,5.261727047678803e-06,-0.001491849440838292
-0.181875,0.5093749999999999,5.112823016905115e-06,-0.0014922489724905877
-0.181875,0.515625,4.965815126580408e-06,-0.0014926281999925444
-0.181875,0.5218749999999999,4.820935778483968e-06,-0.001492988172863525
-0.181875,0.528125,4.678383253804098e-06,-0.0014933298875447214
-0.181875,0.534375,4.53832510415855e-06,-0.0014936542897850348
-0.181875,0.5406249999999999,4.400901244294239e-06,-0.0014939622769650043
-0.181875,0.546875,4.266226770777407e-06,-0.001494254700353445
-0.181875,0.5531249999999999,4.134394529191235e-06,-0.0014945323672927988
-0.181875,0.559375,4.0054774506699024e-06,-0.0014947960433103577
-0.181875,0.565625,3.879530677013815e-06,-0.001495046454153487
-0.181875,0.5718749999999999,3.756593492147401e-06,-0.001495284287747823
-0.181875,0.578125,3.636691076295986e-06,-0.0014955101960781078
-0.181875,0.5843749999999999,3.5198360979671898e-06,-0.0014957247969919153
-0.181875,0.590625,3.406030157621356e-06,-0.001495928675927008
-0.181875,0.596875,3.295265095800126e-06,-0.001496122387563467
-0.17812499999999998,0.0031249999999999997,-0.0003456375976513022,-0.0014373456299911448
-0.17812499999999998,0.009375,-0.0003323921817462197,-0.0014244181909934342
-0.17812499999999998,0.015625,-0.00031870986782506054,-0.0014126106485358968
-0.17812499999999998,0.021875,-0.00030469272822817315,-0.0014019331617890092
-0.17812499999999998,0.028124999999999997,-0.0002904412162056895,-0.0013923847914264977
-0.17812499999999998,0.034374999999999996,-0.0002760528006084455,-0.0013839540689589251
-0.17812499999999998,0.040624999999999994,-0.00026162073979079547,-0.001376619746792582
-0.17812499999999998,0.046875,-0.0002472330185215669,-0.001370351696702811
-0.17812499999999998,0.05312499999999999,-0.00023297146423438997,-0.0013651119217775874
-0.17812499999999998,0.059375,-0.00021891105144420438,-0.001360855645985501
-0.17812499999999998,0.06562499999999999,-0.0002051193960070049,-0.0013575324462244763
-0.17812499999999998,0.071875,-0.0001916564344321429,-0.0013550873938013215
-0.17812499999999998,0.078125,-0.00017857427791603977,-0.0013534621755067863
-0.17812499999999998,0.08437499999999999,-0.00016591722631033803,-0.0013525961684844002
-0.17812499999999998,0.09062499999999998,-0.00015372192393745131,-0.0013524274476366528
-0.17812499999999998,0.09687499999999999,-0.00014201763701595993,-0.0013528937090782546
-0.17812499999999998,0.103125,-0.00013082663138679526,-0.001353933097875819
-0.17812499999999998,0.109375,-0.00012016462911975092,-0.0013554849327934045
-0.17812499999999998,0.11562499999999999,-0.0001100413232776344,-0.0013574903248313517
-0.17812499999999998,0.12187499999999998,-0.00010046093145511512,-0.0013598926898902174
-0.17812499999999998,0.128125,-9.142277052102487e-05,-0.0013626381588489308
-0.17812499999999998,0.13437499999999997,-8.29218371146828e-05,-0.001365675890695419
-0.17812499999999998,0.140625,-7.49493807330541e-05,-0.0013689582961023956
-0.17812499999999998,0.14687499999999998,-6.749345857159946e-05,-0.001372441180040953
-0.17812499999999998,0.153125,-6.053946354673762e-05,-0.0013760838127285756
-0.17812499999999998,0.159375,-5.40706190550051e-05,-0.001379848938485927
-0.17812499999999998,0.16562499999999997,-4.806843595922657e-05,-0.0013837027320026704
-0.17812499999999998,0.171875,-4.25131290016018e-05,-0.0013876147111608046
-0.17812499999999998,0.17812499999999998,-3.7383991311256326e-05,-0.0013915576150045812
-0.17812499999999998,0.18437499999999998,-3.2659726897241374e-05,-0.0013955072547423369
-0.17812499999999998,0.190625,-2.8318742005753507e-05,-0.001399442344872648
-0.17812499999999998,0.19687499999999997,-2.4339396988753267e-05,-0.0014033443206912656
-0.17812499999999998,0.203125,-2.0700220901560426e-05,-0.0014071971475935877
-0.17812499999999998,0.20937499999999998,-1.738009144356603e-05,-0.0014109871267688379
-0.17812499999999998,0.21562499999999998,-1.4358383104113968e-05,-0.0014147027011077679
-0.17812499999999998,0.221875,-1.1615086499717164e-05,-0.0014183342644302226
-0.17812499999999998,0.22812499999999997,-9.130901912561929e-06,-0.001421873976491139
-0.17812499999999998,0.234375,-6.887309985237976e-06,-0.0014253155856479567
-0.17812499999999998,0.24062499999999998,-4.866622411910949e-06,-0.0014286542605697488
-0.17812499999999998,0.24687499999999996,-3.0520153083417247e-06,-0.0014318864319367928
-0.17812499999999998,0.253125,-1.4275477562643663e-06,-0.001435009644714958
-0.17812499999999998,0.25937499999999997,2.18321866991187e-08,-0.001438022421287113
-0.17812499999999998,0.265625,1.3102919328284881e-06,-0.0014409241354778925
-0.17812499999999998,0.271875,2.4511274001745362e-06,-0.0014437148973124138
-0.17812499999999998,0.27812499999999996,3.4567829811293213e-06,-0.001446395448197667
-0.17812499999999998,0.284375,4.3388769855565895e-06,-0.0014489670661012547
-0.17812499999999998,0.29062499999999997,5.1082312877362675e-06,-0.0014514314802202878
-0.17812499999999998,0.296875,5.774904080073924e-06,-0.0014537907945782443
-0.17812499999999998,0.303125,6.348224795545603e-06,-0.0014560474199548125
-0.17812499999999998,0.30937499999999996,6.83683040480857e-06,-0.0014582040135389177
-0.17812499999999998,0.315625,7.248702422945685e-06,-0.001460263425694615
-0.17812499999999998,0.32187499999999997,7.591204075411021e-06,-0.0014622286532401708
-0.17812499999999998,0.328125,7.871117173646877e-06,-0.001464102798659714
-0.17812499999999998,0.334375,8.09467833895483e-06,-0.001465889034692093
-0.17812499999999998,0.34062499999999996,8.267614289532823e-06,-0.0014675905737711091
-0.17812499999999998,0.34687499999999993,8.395175971188884e-06,-0.0014692106418235946
-0.17812499999999998,0.35312499999999997,8.482171368161826e-06,-0.0014707524559656143
-0.17812499999999998,0.359375,8.53299687775501e-06,-0.001472219205671414
-0.17812499999999998,0.365625,8.551667172102232e-06,-0.001473614037023848
-0.17812499999999998,0.37187499999999996,8.54184350326016e-06,-0.0014749400396883046
-0.17812499999999998,0.37812499999999993,8.506860434815355e-06,-0.0014762002362842055
-0.17812499999999998,0.38437499999999997,8.449751005085585e-06,-0.0014773975738586469
-0.17812499999999998,0.390625,8.373270344498032e-06,-0.0014785349171954976
-0.17812499999999998,0.396875,8.27991778346929e-06,-0.0014796150437201584
-0.17812499999999998,0.40312499999999996,8.17195749766567e-06,-0.001480640639785129
-0.17812499999999998,0.40937499999999993,8.051437745382497e-06,-0.0014816142981445644
-0.17812499999999998,0.41562499999999997,7.920208757388307e-06,-0.0014825385164471292
-0.17812499999999998,0.421875,7.779939343313402e-06,-0.0014834156965957506
-0.17812499999999998,0.428125,7.632132280857176e-06,-0.0014842481448404195
-0.17812499999999998,0.43437499999999996,7.4781385550257005e-06,-0.0014850380724860705
-0.17812499999999998,0.44062499999999993,7.319170514538496e-06,-0.0014857875971119026
-0.17812499999999998,0.44687499999999997,7.156314011666293e-06,-0.0014864987442113895
-0.17812499999999998,0.453125,6.990539590258115e-06,-0.0014871734491737757
-0.17812499999999998,0.459375,6.822712784733859e-06,-0.0014878135595381712
-0.17812499999999998,0.46562499999999996,6.653603590480489e-06,-0.0014884208374605508
-0.17812499999999998,0.47187499999999993,6.483895163501315e-06,-0.001488996962342135
-0.17812499999999998,0.47812499999999997,6.314191804411729e-06,-0.0014895435335748638
-0.17812499999999998,0.48437499999999994,6.145026279020588e-06,-0.001490062073366072
-0.17812499999999998,0.490625,5.976866524841118e-06,-0.0014905540296101171
-0.17812499999999998,0.49687499999999996,5.81012178998379e-06,-0.001491020778779667
-0.17812499999999998,0.5031249999999999,5.645148248029633e-06,-0.0014914636288137033
-0.17812499999999998,0.5093749999999999,5.482254129696197e-06,-0.0014918838219831016
-0.17812499999999998,0.515625,5.3217044094079756e-06,-0.00149228253771797
-0.17812499999999998,0.5218749999999999,5.163725082285865e-06,-0.0014926608953838068
-0.17812499999999998,0.528125,5.008507064585503e-06,-0.0014930199569960529
-0.17812499999999998,0.534375,4.856209748250038e-06,-0.001493360729864767
-0.17812499999999998,0.5406249999999999,4.706964238002354e-06,-0.001493684169163026
-0.17812499999999998,0.546875,4.560876297287175e-06,-0.001493991180414251
-0.17812499999999998,0.5531249999999999,4.418029027383853e-06,-0.0014942826218950227
-0.17812499999999998,0.559375,4.278485302144324e-06,-0.001494559306951125
-0.17812499999999998,0.565625,4.142289979065174e-06,-0.0014948220062255323
-0.17812499999999998,0.5718749999999999,4.009471905772699e-06,-0.0014950714497978938
-0.17812499999999998,0.578125,3.88004573948251e-06,-0.0014953083292357544
-0.17812499999999998,0.5843749999999999,3.7540135955840117e-06,-0.0014955332995583378
-0.17812499999999998,0.590625,3.6313665401906907e-06,-0.0014957469811141782
-0.17812499999999998,0.596875,3.5120859402837125e-06,-0.001495949961374283
-0.174375,0.0031249999999999997,-0.00037182235107035335,-0.001431654934327812
-0.174375,0.009375,-0.00035744012321182306,-0.001417573799558029
-0.174375,0.015625,-0.0003425712266182321,-0.0014047255888869437
-0.174375,0.021875,-0.0003273298427979465,-0.001393122066005323
-0.174375,0.028124999999999997,-0.00031182833334929836,-0.0013827623972695287
-0.174375,0.034374999999999996,-0.00029617567028750874,-0.0013736338084444494
-0.174375,0.040624999999999994,-0.00028047602952590016,-0.00136571245145979
-0.174375,0.046875,-0.00026482757533541503,-0.0013589644427998164
-0.174375,0.05312499999999999,-0.0002493214546368601,-0.001353347032095257
-0.174375,0.059375,-0.0002340410109949383,-0.0013488098585348735
-0.174375,0.06562499999999999,-0.00021906121966288624,-0.0013452962536968462
-0.174375,0.071875,-0.00020444833736661086,-0.001342744552047015
-0.174375,0.078125,-0.00019025975400911743,-0.0013410893743230337
-0.174375,0.08437499999999999,-0.0001765440283009544,-0.0013402628539463364
-0.174375,0.09062499999999998,-0.00016334108555501393,-0.0013401957821001533
-0.174375,0.09687499999999999,-0.0001506825535041881,-0.0013408186528283
-0.174375,0.103125,-0.00013859221091067642,-0.0013420625951369562
-0.174375,0.109375,-0.00012708652378172033,-0.001343860184368355
-0.174375,0.11562499999999999,-0.00011617524499754104,-0.001346146129872696
-0.174375,0.12187499999999998,-0.00010586205488574764,-0.001348857840107602
-0.174375,0.128125,-9.614522253461006e-05,-0.0013519358696766107
-0.174375,0.13437499999999997,-8.701827023015471e-05,-0.0013553242554638278
-0.174375,0.140625,-7.847062615572877e-05,-0.0013589707509562199
-0.174375,0.14687499999999998,-7.04882532615774e-05,-0.0013628269691238653
-0.174375,0.153125,-6.30542448799939e-05,-0.0013668484449281175
-0.174375,0.159375,-5.614938014231601e-05,-0.001370994628735853
-0.174375,0.16562499999999997,-4.975263448859242e-05,-0.0013752288217265642
-0.174375,0.171875,-4.384164251460306e-05,-0.0013795180638778426
-0.174375,0.17812499999999998,-3.8393112059889786e-05,-0.0013838329843873182
-0.174375,0.18437499999999998,-3.338318980646689e-05,-0.001388147623509934
-0.174375,0.190625,-2.8787779744991578e-05,-0.0013924392338223479
-0.174375,0.19687499999999997,-2.4582816695822748e-05,-0.0013966880679240512
-0.174375,0.203125,-2.0744497674243646e-05,-0.0014008771585892472
-0.174375,0.20937499999999998,-1.724947429246232e-05,-0.0014049920964263238
-0.174375,0.21562499999999998,-1.4075009626620081e-05,-0.0014090208092055463
-0.174375,0.221875,-1.1199103074787008e-05,-0.0014129533461952814
-0.174375,0.22812499999999997,-8.600586719603168e-06,-0.0014167816701111534
-0.174375,0.234375,-6.259196611901512e-06,-0.00142049945863441
-0.174375,0.24062499999999998,-4.1556222313771045e-06,-0.0014241019168948939
-0.174375,0.24687499999999996,-2.2715371760052465e-06,-0.0014275856018369046
-0.174375,0.253125,-5.896138992119442e-07,-0.001430948258987479
-0.174375,0.25937499999999997,9.064749343511093e-07,-0.001434188671819488
-0.174375,0.265625,2.2320661569743562e-06,-0.0014373065236390333
-0.174375,0.271875,3.401524803289924e-06,-0.001440302271720347
-0.174375,0.27812499999999996,4.428269988404656e-06,-0.0014431770332541999
-0.174375,0.284375,5.324806363744946e-06,-0.0014459324825605764
-0.174375,0.29062499999999997,6.10275976956227e-06,-0.0014485707589364115
-0.174375,0.296875,6.772915899829814e-06,-0.0014510943844584562
-0.174375,0.303125,7.3452609740940155e-06,-0.0014535061910344368
-0.174375,0.30937499999999996,7.829023571632795e-06,-0.0014558092559878567
-0.174375,0.315625,8.232716926437367e-06,-0.0014580068454689182
-0.174375,0.32187499999999997,8.564181107862226e-06,-0.0014601023650026412
-0.174375,0.328125,8.830624622305273e-06,-0.0014620993165123056
-0.174375,0.334375,9.038665067176463e-06,-0.0014640012611894322
-0.174375,0.34062499999999996,9.194368550941048e-06,-0.0014658117876185782
-0.174375,0.34687499999999993,9.303287663479368e-06,-0.001467534484604643
-0.174375,0.35312499999999997,9.370497840643811e-06,-0.0014691729181908388
-0.174375,0.359375,9.40063201693764e-06,-0.0014707306123959783
-0.174375,0.365625,9.397913501837146e-06,-0.0014722110332394632
-0.174375,0.37187499999999996,9.366187049493177e-06,-0.0014736175756607682
-0.174375,0.37812499999999993,9.308948119358175e-06,-0.0014749535529768767
-0.174375,0.38437499999999997,9.22937034757748e-06,-0.0014762221885557608
-0.174375,0.390625,9.130331266556789e-06,-0.0014774266094164296
-0.174375,0.396875,9.014436323677593e-06,-0.0014785698414962315
-0.174375,0.40312499999999996,8.884041260308041e-06,-0.0014796548063539191
-0.174375,0.40937499999999993,8.741272919599517e-06,-0.001480684319102564
-0.174375,0.41562499999999997,8.588048556545457e-06,-0.0014816610873897467
-0.174375,0.421875,8.426093726828421e-06,-0.001482587711263677
-0.174375,0.428125,8.25695883244886e-06,-0.0014834666837831173
-0.174375,0.43437499999999996,8.08203440232259e-06,-0.001484300392246324
-0.174375,0.44062499999999993,7.90256518521518e-06,-0.0014850911199297877
-0.174375,0.44687499999999997,7.719663130769153e-06,-0.0014858410482415194
-0.174375,0.453125,7.53431933216204e-06,-0.001486552259206084
-0.174375,0.459375,7.347415001263372e-06,-0.00148722673820968
-0.174375,0.46562499999999996,7.159731544166617e-06,-0.0014878663769434133
-0.174375,0.47187499999999993,6.971959801763137e-06,-0.0014884729764916371
-0.174375,0.47812499999999997,6.784708516687205e-06,-0.0014890482505199255
-0.174375,0.48437499999999994,6.5985120845616e-06,-0.0014895938285240415
-0.174375,0.490625,6.413837644072717e-06,-0.0014901112591072083
-0.174375,0.49687499999999996,6.231091557040871e-06,-0.0014906020132582228
-0.174375,0.5031249999999999,6.050625326365493e-06,-0.0014910674876075084
-0.174375,0.5093749999999999,5.872740996537761e-06,-0.0014915090076421775
-0.174375,0.515625,5.697696078346996e-06,-0.001491927830864635
-0.174375,0.5218749999999999,5.525708036473294e-06,-0.001492325149882243
-0.174375,0.528125,5.356958375867189e-06,-0.001492702095418151
-0.174375,0.534375,5.19159636017322e-06,-0.0014930597392356245
-0.174375,0.5406249999999999,5.02974239295805e-06,-0.0014933990969701074
-0.174375,0.546875,4.871491090158068e-06,-0.0014937211308648877
-0.174375,0.5531249999999999,4.716914069960953e-06,-0.0014940267524076148
-0.174375,0.559375,4.5660624842789035e-06,-0.0014943168248660941
-0.174375,0.565625,4.418969314052734e-06,-0.0014945921657227627
-0.174375,0.5718749999999999,4.275651448840333e-06,-0.0014948535490080775
-0.174375,0.578125,4.1361115694839015e-06,-0.0014951017075337228
-0.174375,0.5843749999999999,4.0003398511124854e-06,-0.0014953373350271102
-0.174375,0.590625,3.868315502311446e-06,-0.0014955610881690858
-0.174375,0.596875,3.740008154974245e-06,-0.0014957735885371332
-0.170625,0.0031249999999999997,-0.0003998760692214021,-0.001425453531137631
-0.170625,0.009375,-0.00038425927485533,-0.001410117975809577
-0.170625,0.015625,-0.0003681005780215174,-0.0013961400422157293
-0.170625,0.021875,-0.0003515277466492197,-0.0013835333085226325
-0.170625,0.028124999999999997,-0.00033466649767556256,-0.0013722970482628113
-0.170625,0.034374999999999996,-0.0003176386915640613,-0.0013624169891165577
-0.170625,0.040624999999999994,-0.0003005607183060183,-0.0013538663158393059
-0.170625,0.046875,-0.0002835421074377406,-0.0013466068716851427
-0.170625,0.05312499999999999,-0.0002666843838157231,-0.001340590509149052
-0.170625,0.059375,-0.000250080180123049,-0.0013357605398724936
-0.170625,0.06562499999999999,-0.00023381260692033174,-0.0013320532349120635
-0.170625,0.071875,-0.00021795487198079735,-0.0013293993299166756
-0.170625,0.078125,-0.00020257013300726978,-0.0013277254946696439
-0.170625,0.08437499999999999,-0.0001877115618265128,-0.0013269557324637196
-0.170625,0.09062499999999998,-0.00017342259386910936,-0.0013270126814261913
-0.170625,0.09687499999999999,-0.0001597373341305752,-0.0013278187967682908
-0.170625,0.103125,-0.0001466810897386374,-0.0013292973996276666
-0.170625,0.109375,-0.00013427099952259677,-0.001331373584407426
-0.170625,0.11562499999999999,-0.00012251673235289987,-0.0013339749820727182
-0.170625,0.12187499999999998,-0.00011142122823529332,-0.00133703238160706
-0.170625,0.128125,-0.0001009814589503991,-0.0013404802156880195
-0.170625,0.13437499999999997,-9.118918819131335e-05,-0.0013442569196087256
-0.170625,0.140625,-8.203171446320357e-05,-0.001348305174589143
-0.170625,0.14687499999999998,-7.349258329961272e-05,-0.0013525720479653268
-0.170625,0.153125,-6.55522584873007e-05,-0.0013570090434144647
-0.170625,0.159375,-5.8188744878559325e-05,-0.0013615720744786014
-0.170625,0.16562499999999997,-5.1378157943896035e-05,-0.0013662213743032023
-0.170625,0.171875,-4.509523744449506e-05,-0.0013709213538166192
-0.170625,0.17812499999999998,-3.931380447236265e-05,-0.0013756404196424415
-0.170625,0.18437499999999998,-3.4007162624323745e-05,-0.0013803507619458972
-0.170625,0.190625,-2.914844526530606e-05,-0.0013850281212416716
-0.170625,0.19687499999999997,-2.471091172682349e-05,-0.0013896515419935165
-0.170625,0.203125,-2.066819591368287e-05,-0.0013942031196624443
-0.170625,0.20937499999999998,-1.6994511193279188e-05,-0.0013986677467445548
-0.170625,0.21562499999999998,-1.3664815654892345e-05,-0.0014030328623055033
-0.170625,0.221875,-1.0654941886803698e-05,-0.0014072882085811513
-0.170625,0.22812499999999997,-7.941695359530148e-06,-0.001411425597380725
-0.170625,0.234375,-5.502925353167393e-06,-0.001415438688301692
-0.170625,0.24062499999999998,-3.31757215099681e-06,-0.0014193227801422336
-0.170625,0.24687499999999996,-1.3656939614645892e-06,-0.0014230746163721684
-0.170625,0.253125,3.7152325599894564e-07,-0.001426692205089017
-0.170625,0.25937499999999997,1.911770184953662e-06,-0.0014301746535338856
-0.170625,0.265625,3.2716301898622815e-06,-0.001433522016962807
-0.170625,0.271875,4.466604715620475e-06,-0.0014367351614537748
-0.170625,0.27812499999999996,5.511146046876156e-06,-0.001439815640069015
-0.170625,0.284375,6.418695688565218e-06,-0.0014427655816775808
-0.170625,0.29062499999999997,7.20172687248286e-06,-0.0014455875916674214
-0.170625,0.296875,7.871789916820364e-06,-0.0014482846637317059
-0.170625,0.303125,8.439559365990076e-06,-0.0014508601018952125
-0.170625,0.30937499999999996,8.91488201698314e-06,-0.0014533174519477054
-0.170625,0.315625,9.306825096756144e-06,-0.0014556604414677945
-0.170625,0.32187499999999997,9.62372399386107e-06,-0.001457892927648968
-0.170625,0.328125,9.873229068102172e-06,-0.00146001885217601
-0.170625,0.334375,1.0062351165921755e-05,-0.0014620422024422713
-0.170625,0.34062499999999996,1.0197505558055064e-05,-0.001463966978444001
-0.170625,0.34687499999999993,1.0284554091292797e-05,-0.0014657971647355366
-0.170625,0.35312499999999997,1.0328845409460734e-05,-0.0014675367068771336
-0.170625,0.359375,1.0335253151391212e-05,-0.001469189491854644
-0.170625,0.365625,1.0308212077052446e-05,-0.0014707593319962689
-0.170625,0.37187499999999996,1.0251752108341376e-05,-0.0014722499519557023
-0.170625,0.37812499999999993,1.0169530299445839e-05,-0.0014736649783727302
-0.170625,0.38437499999999997,1.006486077414155e-05,-0.0014750079318615224
-0.170625,0.390625,9.940742684801438e-06,-0.0014762822210133107
-0.170625,0.396875,9.799886261044593e-06,-0.0014774911381338438
-0.170625,0.40312499999999996,9.644737025537632e-06,-0.0014786378564669589
-0.170625,0.40937499999999993,9.477498261077436e-06,-0.0014797254286838908
-0.170625,0.41562499999999997,9.300151817262489e-06,-0.0014807567864436638
-0.170625,0.421875,9.114477347245356e-06,-0.0014817347408531717
-0.170625,0.428125,8.922070065636102e-06,-0.0014826619836765592
-0.170625,0.43437499999999996,8.724357117928252e-06,-0.0014835410891623616
-0.170625,0.44062499999999993,8.52261265011701e-06,-0.0014843745163737486
-0.170625,0.44687499999999997,8.317971664709108e-06,-0.0014851646119222763
-0.170625,0.453125,8.111442746280997e-06,-0.0014859136130189606
-0.170625,0.459375,7.90391973628505e-06,-0.001486623650768376
-0.170625,0.46562499999999996,7.696192433067437e-06,-0.0014872967536419966
-0.170625,0.47187499999999993,7.488956389153865e-06,-0.0014879348510762878
-0.170625,0.47812499999999997,7.282821873867328e-06,-0.0014885397771492164
-0.170625,0.48437499999999994,7.078322065336419e-06,-0.001489113274296016
-0.170625,0.490625,6.875920531988696e-06,-0.0014896569970313186
-0.170625,0.49687499999999996,6.676018059742029e-06,-0.001490172515650239
-0.170625,0.5031249999999999,6.478958877343921e-06,-0.0014906613198857675
-0.170625,0.5093749999999999,6.285036328683133e-06,-0.0014911248225039566
-0.170625,0.515625,6.09449803743265e-06,-0.00149156436282198
-0.170625,0.5218749999999999,5.9075506060825075e-06,-0.001491981210137219
-0.170625,0.528125,5.7243638882975365e-06,-0.0014923765670581918
-0.170625,0.534375,5.5450748705881595e-06,-0.0014927515727304209
-0.170625,0.5406249999999999,5.369791196511275e-06,-0.0014931073059522566
-0.170625,0.546875,5.198594364024095e-06,-0.0014934447881773413
-0.170625,0.5531249999999999,5.031542624187639e-06,-0.0014937649864017741
-0.170625,0.559375,4.868673607156125e-06,-0.001494068815935211
-0.170625,0.565625,4.710006699286505e-06,-0.001494357143056107
-0.170625,0.5718749999999999,4.555545193249778e-06,-0.0014946307875521128
-0.170625,0.578125,4.40527823121832e-06,-0.0014948905251472946
-0.170625,0.5843749999999999,4.259182559529727e-06,-0.0014951370898183877
-0.170625,0.590625,4.11722411168239e-06,-0.0014953711760027117
-0.170625,0.596875,3.979359435092572e-06,-0.0014955934407007113
-0.166875,0.0031249999999999997,-0.00042992674447085,-0.001418694943420938
-0.166875,0.009375,-0.0004129688537836452,-0.0014019954662303506
-0.166875,0.015625,-0.0003954077788053935,-0.0013867912469367584
-0.166875,0.021875,-0.0003773865400878819,-0.0013730979113957466
-0.166875,0.028124999999999997,-0.00035904584031483757,-0.0013609148348052709
-0.166875,0.034374999999999996,-0.00034052198655275083,-0.00135022601983529
-0.166875,0.040624999999999994,-0.00032194503755822424,-0.001341001258699106
-0.166875,0.046875,-0.00030343721417835375,-0.0013331975247962053
-0.166875,0.05312499999999999,-0.00028511159788244684,-0.0013267605354882494
-0.166875,0.059375,-0.00026707112954431545,-0.0013216264266010655
-0.166875,0.06562499999999999,-0.0002494079084717195,-0.0013177234810933549
-0.166875,0.071875,-0.00023220278092926777,-0.0013149738585614794
-0.166875,0.078125,-0.00021552519843251732,-0.0013132952783251534
-0.166875,0.08437499999999999,-0.0001994333191401326,-0.0013126026161844277
-0.166875,0.09062499999999998,-0.00018397432081025238,-0.0013128093829847544
-0.166875,0.09687499999999999,-0.00016918489094777396,-0.0013138290613529315
-0.166875,0.103125,-0.00015509185877089567,-0.0013155762849283606
-0.166875,0.109375,-0.00014171293420988098,-0.0013179678517615593
-0.166875,0.11562499999999999,-0.00012905752101561782,-0.0013209235700357197
-0.166875,0.12187499999999998,-0.00011712757388182462,-0.0013243669397347319
-0.166875,0.128125,-0.00010591847296333152,-0.0013282256782667764
-0.166875,0.13437499999999997,-9.541989302151899e-05,-0.0013324321013631203
-0.166875,0.140625,-8.561664840338178e-05,-0.0013369233728699982
-0.166875,0.14687499999999998,-7.64894989649174e-05,-0.0013416416384396947
-0.166875,0.153125,-6.801590573123116e-05,-0.0013465340587317297
-0.166875,0.159375,-6.017072843841817e-05,-0.0013515527576938356
-0.166875,0.16562499999999997,-5.292686005937161e-05,-0.0013566547009431452
-0.166875,0.171875,-4.6255795944756546e-05,-0.0013618015183411447
-0.166875,0.17812499999999998,-4.012813730645599e-05,-0.001366959283669197
-0.166875,0.18437499999999998,-3.451403044962052e-05,-0.0013720982629666094
-0.166875,0.190625,-2.938354445155152e-05,-0.0013771926416749204
-0.166875,0.19687499999999997,-2.4706990930905586e-05,-0.0013822202393078092
-0.166875,0.203125,-2.0455190194029674e-05,-0.0013871622189872215
-0.166875,0.20937499999999998,-1.6599688432967698e-05,-0.001392002797889969
-0.166875,0.21562499999999998,-1.31129308271435e-05,-0.001396728963459861
-0.166875,0.221875,-9.968395410277351e-06,-0.001401330199172724
-0.166875,0.22812499999999997,-7.140692444085632e-06,-0.0014057982227016399
-0.166875,0.234375,-4.605633824376794e-06,-0.0014101267385172255
-0.166875,0.24062499999999998,-2.340276762115788e-06,-0.0014143112062680555
-0.166875,0.24687499999999996,-3.2294565582118635e-07,-0.0014183486257114404
-0.166875,0.253125,1.4667642781552778e-06,-0.001422237338494751
-0.166875,0.25937499999999997,3.04799840895952e-06,-0.001425976846711318
-0.166875,0.265625,4.438666274065088e-06,-0.0014295676478612383
-0.166875,0.271875,5.655474829501342e-06,-0.0014330110856249703
-0.166875,0.27812499999999996,6.713969178808124e-06,-0.0014363092156957679
-0.166875,0.284375,7.628578892848296e-06,-0.0014394646858058738
-0.166875,0.29062499999999997,8.412668308405305e-06,-0.0014424806290120559
-0.166875,0.296875,9.078589443264023e-06,-0.0014453605692705662
-0.166875,0.303125,9.637736389171381e-06,-0.0014481083383229682
-0.166875,0.30937499999999996,1.0100600242428993e-05,-0.001450728002926552
-0.166875,0.315625,1.0476823806112829e-05,-0.001453223801491131
-0.166875,0.32187499999999997,1.07752554496265e-05,-0.001455600089223659
-0.166875,0.328125,1.1004001642266548e-05,-0.001457861290929781
-0.166875,0.334375,1.1170477789591648e-05,-0.001460011860674298
-0.166875,0.34062499999999996,1.1281457096547154e-05,-0.0014620562475582805
-0.166875,0.34687499999999993,1.1343117261352785e-05,-0.0014639988669273942
-0.166875,0.35312499999999997,1.1361084870895734e-05,-0.0014658440763825327
-0.166875,0.359375,1.1340477423435175e-05,-0.0014675961560189955
-0.166875,0.365625,1.1285942949354918e-05,-0.0014692592923734873
-0.166875,0.37187499999999996,1.120169723688938e-05,-0.00147083756560856
-0.166875,0.37812499999999993,1.1091558698453037e-05,-0.0014723349395114663
-0.166875,0.38437499999999997,1.0958980935548735e-05,-0.0014737552539285108
-0.166875,0.390625,1.0807083077201687e-05,-0.001475102219296807
-0.166875,0.396875,1.063867797934494e-05,-0.0014763794129728713
-0.166875,0.40312499999999996,1.0456298381320074e-05,-0.0014775902770917766
-0.166875,0.40937499999999993,1.0262221121318468e-05,-0.001478738117721773
-0.166875,0.41562499999999997,1.0058489515736923e-05,-0.001479826105107511
-0.166875,0.421875,9.846934008543183e-06,-0.0014808572748204502
-0.166875,0.428125,9.629191196253844e-06,-0.0014818345296578749
-0.166875,0.43437499999999996,9.40672133236801e-06,-0.0014827606421523966
-0.166875,0.44062499999999993,9.18082441236684e-06,-0.0014836382575720447
-0.166875,0.44687499999999997,8.952654936925936e-06,-0.0014844698973072654
-0.166875,0.453125,8.72323544699855e-06,-0.001485257962555512
-0.166875,0.459375,8.493468920075148e-06,-0.0014860047382268204
-0.166875,0.46562499999999996,8.264150112349813e-06,-0.0014867123970049435
-0.166875,0.47187499999999993,8.035975926831334e-06,-0.0014873830035084835
-0.166875,0.47812499999999997,7.809554882715907e-06,-0.0014880185185050644
-0.166875,0.48437499999999994,7.5854157566595755e-06,-0.0014886208031391472
-0.166875,0.490625,7.364015462001658e-06,-0.0014891916231406673
-0.166875,0.49687499999999996,7.145746227540017e-06,-0.001489732652987385
-0.166875,0.5031249999999999,6.9309421331711416e-06,-0.0014902454799988081
-0.166875,0.5093749999999999,6.719885055607075e-06,-0.0014907316083438257
-0.166875,0.515625,6.512810073478574e-06,-0.00149119246294789
-0.166875,0.5218749999999999,6.30991037743907e-06,-0.0014916293932887503
-0.166875,0.528125,6.11134172740021e-06,-0.0014920436770724558
-0.166875,0.534375,5.917226495756902e-06,-0.0014924365237836568
-0.166875,0.5406249999999999,5.727657332394869e-06,-0.0014928090781061866
-0.166875,0.546875,5.542700484411617e-06,-0.0014931624232115655
-0.166875,0.5531249999999999,5.362398800816261e-06,-0.0014934975839144494
-0.166875,0.559375,5.186774449995619e-06,-0.0014938155296951965
-0.166875,0.565625,5.015831375436693e-06,-0.0014941171775906842
-0.166875,0.5718749999999999,4.849557513067697e-06,-0.001494403394955284
-0.166875,0.578125,4.687926791613697e-06,-0.0014946750020945283
-0.166875,0.5843749999999999,4.530900935547896e-06,-0.0014949327747745124
-0.166875,0.590625,4.378431088546383e-06,-0.0014951774466104553
-0.166875,0.596875,4.230459273814554e-06,-0.0014954097113381516
-0.163125,0.0031249999999999997,-0.00046211119619125543,-0.001411328240244408
-0.163125,0.009375,-0.0004436960387584495,-0.001393145776806914
-0.163125,0.015625,-0.0004246097202344845,-0.0013766105638387573
-0.163125,0.021875,-0.0004050123947450098,-0.0013617405332560974
-0.163125,0.028124999999999997,-0.00038506158919327573,-0.0013485351466697596
-0.163125,0.034374999999999996,-0.00036490981093521005,-0.0013369764133853695
-0.163125,0.040624999999999994,-0.0003447024203682458,-0.0013270302387665353
-0.163125,0.046875,-0.000324575812900087,-0.0013186480381129385
-0.163125,0.05312499999999999,-0.0003046559390861418,-0.001311768546528929
-0.163125,0.059375,-0.0002850571762105492,-0.0013063197543530813
-0.163125,0.06562499999999999,-0.00026588155011240326,-0.0013022209002165007
-0.163125,0.071875,-0.0002472182933208962,-0.001299384459142108
-0.163125,0.078125,-0.00022914371504400595,-0.001297718070617805
-0.163125,0.08437499999999999,-0.00021172135052088315,-0.0012971263605566878
-0.163125,0.09062499999999998,-0.00019500235176155822,-0.0012975126207980339
-0.163125,0.09687499999999999,-0.0001790260786499805,-0.0012987803196710672
-0.163125,0.103125,-0.00016382084853555244,-0.0013008344266085868
-0.163125,0.109375,-0.00014940480345194658,-0.0013035825424491366
-0.163125,0.11562499999999999,-0.00013578685659903714,-0.0013069358346200052
-0.163125,0.12187499999999998,-0.00012296768331081153,-0.00131080978268413
-0.163125,0.128125,-0.00011094072603274669,-0.0013151247447023683
-0.163125,0.13437499999999997,-9.969318750801923e-05,-0.0013198063585352854
-0.163125,0.140625,-8.920699113626095e-05,-0.0013247857946772031
-0.163125,0.14687499999999998,-7.945969209219651e-05,-0.0013299998786157033
-0.163125,0.153125,-7.042532710348382e-05,-0.0013353911012033881
-0.163125,0.159375,-6.207519467100568e-05,-0.0013409075352863917
-0.163125,0.16562499999999997,-5.4378560902305295e-05,-0.0013465026760240166
-0.163125,0.171875,-4.7303288991461455e-05,-0.001352135221112344
-0.163125,0.17812499999999998,-4.0816392719544855e-05,-0.0013577688056305595
-0.163125,0.18437499999999998,-3.488451619537137e-05,-0.0013633717045802636
-0.163125,0.190625,-2.9474343448894195e-05,-0.0013689165144817788
-0.163125,0.19687499999999997,-2.455294248117037e-05,-0.0013743798237030244
-0.163125,0.203125,-2.0088049021754912e-05,-0.0013797418795821082
-0.163125,0.20937499999999998,-1.6048295603418235e-05,-0.0013849862589036658
-0.163125,0.21562499999999998,-1.240339168968136e-05,-0.0013900995469259918
-0.163125,0.221875,-9.124260532953041e-06,-0.001395071028944303
-0.163125,0.22812499999999997,-6.183138244661517e-06,-0.001399892397319041
-0.163125,0.234375,-3.5536402624169358e-06,-0.0014045574759940199
-0.163125,0.24062499999999998,-1.2108000354952622e-06,-0.0014090619637696772
-0.163125,0.24687499999999996,8.689156543548436e-07,-0.0014134031969705895
-0.163125,0.253125,2.707610743204814e-06,-0.0014175799316408701
-0.163125,0.25937499999999997,4.325979738608601e-06,-0.00142159214500218
-0.163125,0.265625,5.7433402246638756e-06,-0.0014254408556030023
-0.163125,0.271875,6.9776752631292884e-06,-0.0014291279613611015
-0.163125,0.27812499999999996,8.045683306629432e-06,-0.0014326560945411302
-0.163125,0.284375,8.962833582287951e-06,-0.001436028492604694
-0.163125,0.29062499999999997,9.743425215450847e-06,-0.0014392488838105449
-0.163125,0.296875,1.0400648642931029e-05,-0.001442321386418906
-0.163125,0.303125,1.094664811397444e-05,-0.0014452504203584416
-0.163125,0.30937499999999996,1.1392584296166325e-05,-0.0014480406302403931
-0.163125,0.315625,1.1748696194566038e-05,-0.001450696818646319
-0.163125,0.32187499999999997,1.2024361757572305e-05,-0.0014532238886690654
-0.163125,0.328125,1.2228156684651133e-05,-0.0014556267947472825
-0.163125,0.334375,1.2367911071428573e-05,-0.001457910500898912
-0.163125,0.34062499999999996,1.2450763629045334e-05,-0.0014600799455262371
-0.163125,0.34687499999999993,1.2483213299303418e-05,-0.0014621400120324152
-0.163125,0.35312499999999997,1.247116815706637e-05,-0.0014640955045554806
-0.163125,0.359375,1.2419991548534012e-05,-0.001465951128189613
-0.163125,0.365625,1.2334545460144865e-05,-0.0014677114731242217
-0.163125,0.37187499999999996,1.2219231149552745e-05,-0.0014693810021886525
-0.163125,0.37812499999999993,1.207802709878577e-05,-0.001470964041343781
-0.163125,0.38437499999999997,1.1914524371585051e-05,-0.001472464772711242
-0.163125,0.390625,1.173195947312906e-05,-0.0014738872297765954
-0.163125,0.396875,1.1533244821845266e-05,-0.0014752352944443496
-0.163125,0.40312499999999996,1.1320996950616467e-05,-0.0014765126956606312
-0.163125,0.40937499999999993,1.109756255912567e-05,-0.0014777230093535574
-0.163125,0.41562499999999997,1.0865042540958456e-05,-0.001478869659472249
-0.163125,0.421875,1.0625314108915848e-05,-0.0014799559199331425
-0.163125,0.428125,1.0380051140223931e-05,-0.0014809849173070472
-0.163125,0.43437499999999996,1.0130742860322168e-05,-0.0014819596341024885
-0.163125,0.44062499999999993,9.8787109799852e-06,-0.001482882912520505
-0.163125,0.44687499999999997,9.625125395927412e-06,-0.0014837574585734536
-0.163125,0.453125,9.371018559974125e-06,-0.0014845858464757249
-0.163125,0.459375,9.117298616518526e-06,-0.0014853705232277966
-0.163125,0.46562499999999996,8.86476140246558e-06,-0.0014861138133269159
-0.163125,0.47187499999999993,8.614101398294947e-06,-0.0014868179235481107
-0.163125,0.47812499999999997,8.365921713345224e-06,-0.0014874849477482985
-0.163125,0.48437499999999994,8.120743182997778e-06,-0.0014881168716541816
-0.163125,0.490625,7.879012650167897e-06,-0.0014887155776014773
-0.163125,0.49687499999999996,7.64111049843538e-06,-0.0014892828491989871
-0.163125,0.5031249999999999,7.407357499288648e-06,-0.0014898203758961395
-0.163125,0.5093749999999999,7.178021031335919e-06,-0.0014903297574370606
-0.163125,0.515625,6.953320724962883e-06,-0.0014908125081880186
-0.163125,0.5218749999999999,6.733433581794363e-06,-0.0014912700613283164
-0.163125,0.528125,6.518498614446222e-06,-0.0014917037728974722
-0.163125,0.534375,6.3086210484318404e-06,-0.0014921149256938457
-0.163125,0.5406249999999999,6.103876124706598e-06,-0.00149250473302184
-0.163125,0.546875,5.904312538187926e-06,-0.0014928743422864485
-0.163125,0.5531249999999999,5.709955544666653e-06,-0.0014932248384352852
-0.163125,0.559375,5.520809765817516e-06,-0.001493557247249361
-0.163125,0.565625,5.336861719512351e-06,-0.0014938725384847883
-0.163125,0.5718749999999999,5.158082100326385e-06,-0.0014941716288683442
-0.163125,0.578125,4.9844278329950115e-06,-0.0014944553849504003
-0.163125,0.5843749999999999,4.815843919614634e-06,-0.0014947246258191983
-0.163125,0.590625,4.652265099574262e-06,-0.0014949801256807888
-0.163125,0.596875,4.493617339545385e-06,-0.0014952226163092084
-0.159375,0.0031249999999999997,-0.0004965757388234376,-0.0014032975683004128
-0.159375,0.009375,-0.0004765765408433314,-0.0013835026295688571
-0.159375,0.015625,-0.0004558307948535843,-0.001365522877076221
-0.159375,0.021875,-0.00043451791386481676,-0.0013493788342166645
-0.159375,0.028124999999999997,-0.00041281432373550895,-0.0013350700205129909
-0.159375,0.034374999999999996,-0.0003908907071357799,-0.0013225761338726595
-0.159375,0.040624999999999994,-0.0003689095598239884,-0.0013118586173810633
-0.159375,0.046875,-0.0003470231112099365,-0.0013028625331747586
-0.159375,0.05312499999999999,-0.00032537164224447665,-0.001295518660582305
-0.159375,0.059375,-0.0003040822150272059,-0.0012897457349588842
-0.159375,0.06562499999999999,-0.00028326781123409083,-0.0012854527469916633
-0.159375,0.071875,-0.00026302686137335803,-0.0012825412290078026
-0.159375,0.078125,-0.00024344313454985588,-0.001280907464132073
-0.159375,0.08437499999999999,-0.00022458594915125788,-0.0012804445651255286
-0.159375,0.09062499999999998,-0.00020651065870926584,-0.0012810443815313062
-0.159375,0.09687499999999999,-0.00018925936397057514,-0.0012825992055913774
-0.159375,0.103125,-0.00017286180161258614,-0.0012850032586452446
-0.159375,0.109375,-0.00015733636163085368,-0.0012881539498986207
-0.159375,0.11562499999999999,-0.00014269118873052773,-0.0012919529082353197
-0.159375,0.12187499999999998,-0.00012892532758716256,-0.0012963067949643674
-0.159375,0.128125,-0.00011602987714608383,-0.0013011279109996163
-0.159375,0.13437499999999997,-0.0001039891247996297,-0.0013063346160157416
-0.159375,0.140625,-9.278163698102816e-05,-0.0013118515797421544
-0.159375,0.14687499999999998,-8.238128817866569e-05,-0.0013176098869237712
-0.159375,0.153125,-7.27582154134436e-05,-0.0013235470177992495
-0.159375,0.159375,-6.387968970949818e-05,-0.0013296067254348193
-0.159375,0.16562499999999997,-5.571089995667862e-05,-0.0013357388301093235
-0.159375,0.171875,-4.8215647790483904e-05,-0.001341898949360228
-0.159375,0.17812499999999998,-4.135695471626695e-05,-0.0013480481804342514
-0.159375,0.18437499999999998,-3.509758471987134e-05,-0.00135415274987641
-0.159375,0.190625,-2.940048709375954e-05,-0.001360183642947274
-0.159375,0.19687499999999997,-2.4229165232844162e-05,-0.001366116223563972
-0.159375,0.203125,-1.954797778776075e-05,-0.0013719298535768139
-0.159375,0.20937499999999998,-1.5322378874398136e-05,-0.0013776075184611424
-0.159375,0.21562499999999998,-1.15191040921525e-05,-0.0013831354649474403
-0.159375,0.221875,-8.106308958547582e-06,-0.0013885028547428134
-0.159375,0.22812499999999997,-5.053666076312239e-06,-0.0013937014373146045
-0.159375,0.234375,-2.332426954929904e-06,-0.0013987252437054857
-0.159375,0.24062499999999998,8.454605122017369e-08,-0.0014035703025172513
-0.159375,0.24687499999999996,2.2227727219730674e-06,-0.0014082343785228226
-0.159375,0.253125,4.106168410237149e-06,-0.0014127167338260926
-0.159375,0.25937499999999997,5.7570739865974545e-06,-0.0014170179110700632
-0.159375,0.265625,7.19629882091471e-06,-0.0014211395378784185
-0.159375,0.271875,8.443173790054852e-06,-0.0014250841514882578
-0.159375,0.27812499999999996,9.515611725491518e-06,-0.001428855042377466
-0.159375,0.284375,1.0430173102504072e-05,-0.0014324561155958152
-0.159375,0.29062499999999997,1.1202135122696197e-05,-0.001435891768462656
-0.159375,0.296875,1.184556265370998e-05,-0.0014391667832857407
-0.159375,0.303125,1.2373379765525462e-05,-0.0014422862337765867
-0.159375,0.30937499999999996,1.2797440843580693e-05,-0.0014452554038805008
-0.159375,0.315625,1.3128600467560715e-05,-0.0014480797177977686
-0.159375,0.32187499999999997,1.3376781423805388e-05,-0.001450764680041625
-0.159375,0.328125,1.3551040371703936e-05,-0.0014533158244543387
-0.159375,0.334375,1.365963081299963e-05,-0.0014557386711819317
-0.159375,0.34062499999999996,1.3710063120359406e-05,-0.0014580386906881523
-0.159375,0.34687499999999993,1.370916147046132e-05,-0.0014602212739674618
-0.159375,0.35312499999999997,1.3663117599619232e-05,-0.0014622917081935497
-0.159375,0.359375,1.3577541358809024e-05,-0.0014642551571132623
-0.159375,0.365625,1.3457508091874164e-05,-0.0014661166455651254
-0.159375,0.37187499999999996,1.330760289745809e-05,-0.0014678810475664465
-0.159375,0.37812499999999993,1.3131961863412725e-05,-0.0014695530774730791
-0.159375,0.38437499999999997,1.2934310383463609e-05,-0.0014711372837712463
-0.159375,0.390625,1.2717998680978391e-05,-0.0014726380451114238
-0.159375,0.396875,1.2486034674841752e-05,-0.001474059568240316
-0.159375,0.40312499999999996,1.2241114328584106e-05,-0.001475405887528601
-0.159375,0.40937499999999993,1.1985649626822257e-05,-0.0014766808658296649
-0.159375,0.41562499999999997,1.1721794323394918e-05,-0.0014778881964381987
-0.159375,0.421875,1.1451467603875331e-05,-0.0014790314059476412
-0.159375,0.428125,1.117637580187444e-05,-0.0014801138578322444
-0.159375,0.43437499999999996,1.0898032304102291e-05,-0.0014811387566033372
-0.159375,0.44062499999999993,1.0617775773849631e-05,-0.001482109152410416
-0.159375,0.44687499999999997,1.0336786816647105e-05,-0.0014830279459762685
-0.159375,0.453125,1.0056103205573451e-05,-0.0014838978937716809
-0.159375,0.459375,9.776633777183697e-06,-0.0014847216133496138
-0.159375,0.46562499999999996,9.499171102454643e-06,-0.001485501588771274
-0.159375,0.47187499999999993,9.224403030603984e-06,-0.001486240176067453
-0.159375,0.47812499999999997,8.952923197214239e-06,-0.0014869396086880154
-0.159375,0.48437499999999994,8.68524058184873e-06,-0.0014876020029006864
-0.159375,0.490625,8.42178819432774e-06,-0.0014882293631074152
-0.159375,0.49687499999999996,8.162930963074975e-06,-0.0014888235870527606
-0.159375,0.5031249999999999,7.908972893466097e-06,-0.0014893864709040257
-0.159375,0.5093749999999999,7.660163558928602e-06,-0.0014899197141874055
-0.159375,0.515625,7.416703982659053e-06,-0.0014904249245682693
-0.159375,0.5218749999999999,7.178751963241677e-06,-0.0014909036224669907
-0.159375,0.528125,6.946426893166398e-06,-0.001491357245504504
-0.159375,0.534375,6.719814115248447e-06,-0.001491787152774108
-0.159375,0.5406249999999999,6.498968858234679e-06,-0.0014921946289379827
-0.159375,0.546875,6.283919789433354e-06,-0.0014925808881485088
-0.159375,0.5531249999999999,6.074672219011016e-06,-0.001492947077795811
-0.159375,0.559375,5.871210987649032e-06,-0.001493294282084028
-0.159375,0.565625,5.673503066529777e-06,-0.0014936235254396967
-0.159375,0.5718749999999999,5.481499896114048e-06,-0.0014939357757563182
-0.159375,0.578125,5.295139487863828e-06,-0.0014942319474797222
-0.159375,0.5843749999999999,5.114348310944346e-06,-0.0014945129045392455
-0.159375,0.590625,4.939042983993108e-06,-0.0014947794631300366
-0.159375,0.596875,4.769131790259863e-06,-0.0014950323943520008
-0.155625,0.0031249999999999997,-0.000533476909927768,-0.0013945416278473633
-0.155625,0.009375,-0.0005117552214346606,-0.001372993355724887
-0.155625,0.015625,-0.000489203397410594,-0.0013534459267995442
-0.155625,0.021875,-0.0004660225134524508,-0.0013359227702186302
-0.155625,0.028124999999999997,-0.00044241023766958433,-0.0013204234171979594
-0.155625,0.034374999999999996,-0.000418557653823484,-0.0013069248765721795
-0.155625,0.040624999999999994,-0.00039464645324869906,-0.0012953834581324144
-0.155625,0.046875,-0.00037084655628897374,-0.0012857369510953292
-0.155625,0.05312499999999999,-0.0003473142010847973,-0.0012779070589433665
-0.155625,0.059375,-0.000324190515110642,-0.0012718019913728837
-0.155625,0.06562499999999999,-0.0003016005641943242,-0.0012673191185566454
-0.155625,0.071875,-0.00027965285586701644,-0.0012643476014654316
-0.155625,0.078125,-0.000258439259457829,-0.0012627709235378025
-0.155625,0.08437499999999999,-0.00023803529468617834,-0.0012624692624295315
-0.155625,0.09062499999999998,-0.00021850073363249045,-0.001263321654859245
-0.155625,0.09687499999999999,-0.0001998804576420564,-0.0012652079217651813
-0.155625,0.103125,-0.00018220551050886064,-0.0012680103343449714
-0.155625,0.109375,-0.00016549429164894634,-0.0012716150135080309
-0.155625,0.11562499999999999,-0.000149753837306445,-0.001275913065468107
-0.155625,0.12187499999999998,-0.00013498114354189742,-0.001280801464462223
-0.155625,0.128125,-0.00012116449127788828,-0.001286183699875694
-0.155625,0.13437499999999997,-0.00010828474053938895,-0.0012919702094751088
-0.155625,0.140625,-9.631656783125508e-05,-0.0012980786231818239
-0.155625,0.14687499999999998,-8.52296270413048e-05,-0.0013044338430903662
-0.155625,0.153125,-7.498962013167725e-05,-0.001310967985507178
-0.155625,0.159375,-6.555926905132823e-05,-0.0013176202099161012
-0.155625,0.16562499999999997,-5.6899184704004606e-05,-0.001324336458214743
-0.155625,0.171875,-4.89686324285241e-05,-0.001331069125532325
-0.155625,0.17812499999999998,-4.172619632204162e-05,-0.0013377766816254494
-0.155625,0.18437499999999998,-3.5130346920756564e-05,-0.0013444232594101379
-0.155625,0.190625,-2.9139918322263444e-05,-0.0013509782247500162
-0.155625,0.19687499999999997,-2.371450187422074e-05,-0.0013574157392738347
-0.155625,0.203125,-1.8814764151837855e-05,-0.0013637143258055412
-0.155625,0.20937499999999998,-1.4402697185530179e-05,-0.001369856443998375
-0.155625,0.21562499999999998,-1.0441808857196156e-05,-0.0013758280819934658
-0.155625,0.221875,-6.897261127907976e-06,-0.0013816183683809402
-0.155625,0.22812499999999997,-3.7359633509765393e-06,-0.001387219207424103
-0.155625,0.234375,-9.266274125505874e-07,-0.0013926249394036
-0.155625,0.24062499999999998,1.5602091318083565e-06,-0.001397832027032068
-0.155625,0.24687499999999996,3.75218635904484e-06,-0.0014028387681611194
-0.155625,0.253125,5.675146760341072e-06,-0.0014076450344307021
-0.155625,0.25937499999999997,7.353177135908623e-06,-0.0014122520350749574
-0.155625,0.265625,8.80866379966122e-06,-0.0014166621047783901
-0.155625,0.271875,1.0062357816803684e-05,-0.0014208785142526873
-0.155625,0.27812499999999996,1.1133447480776273e-05,-0.001424905302060639
-0.155625,0.284375,1.2039635673918932e-05,-0.001428747126134138
-0.155625,0.29062499999999997,1.2797220148108246e-05,-0.001432409133404751
-0.155625,0.296875,1.3421175108455389e-05,-0.001435896845976475
-0.155625,0.303125,1.3925232787014306e-05,-0.0014392160623112394
-0.155625,0.30937499999999996,1.4321963957135277e-05,-0.001442372771960454
-0.155625,0.315625,1.4622856565830407e-05,-0.001445373082453763
-0.155625,0.32187499999999997,1.4838391854732208e-05,-0.0014482231570437645
-0.155625,0.328125,1.497811750339649e-05,-0.001450929162098522
-0.155625,0.334375,1.5050717465226207e-05,-0.0014534972230288669
-0.155625,0.34062499999999996,1.5064078279404172e-05,-0.0014559333877322248
-0.155625,0.34687499999999993,1.5025351734946297e-05,-0.0014582435966270543
-0.155625,0.35312499999999997,1.4941013838096758e-05,-0.0014604336584406155
-0.155625,0.359375,1.4816920094299546e-05,-0.0014625092309967199
-0.155625,0.365625,1.465835716315049e-05,-0.0014644758063287668
-0.155625,0.37187499999999996,1.4470090981065443e-05,-0.0014663386995163977
-0.155625,0.37812499999999993,1.425641147364721e-05,-0.0014681030407113866
-0.155625,0.38437499999999997,1.4021173999438074e-05,-0.0014697737698799729
-0.155625,0.390625,1.3767837680228262e-05,-0.0014713556338448541
-0.155625,0.396875,1.3499500781501928e-05,-0.001472853185260769
-0.155625,0.40312499999999996,1.3218933310915749e-05,-0.0014742707832032548
-0.155625,0.40937499999999993,1.2928607003746446e-05,-0.0014756125950911203
-0.155625,0.41562499999999997,1.2630722862715834e-05,-0.0014768825996997622
-0.155625,0.421875,1.2327236416087766e-05,-0.0014780845910550016
-0.155625,0.428125,1.2019880852916711e-05,-0.0014792221830260076
-0.155625,0.43437499999999996,1.171018818821729e-05,-0.0014802988144614019
-0.155625,0.44062499999999993,1.1399508603946868e-05,-0.0014813177547351453
-0.155625,0.44687499999999997,1.1089028104316336e-05,-0.0014822821095885875
-0.155625,0.453125,1.0779784616283875e-05,-0.001483194827172391
-0.155625,0.459375,1.0472682658318277e-05,-0.0014840587042071866
-0.155625,0.46562499999999996,1.0168506692769942e-05,-0.0014848763921950108
-0.155625,0.47187499999999993,9.867933269571374e-06,-0.0014856504036250442
-0.155625,0.47812499999999997,9.57154206158054e-06,-0.0014863831181271005
-0.155625,0.48437499999999994,9.279825884735709e-06,-0.0014870767885348973
-0.155625,0.490625,8.993199789356125e-06,-0.001487733546828521
-0.155625,0.49687499999999996,8.71200930242228e-06,-0.0014883554099318491
-0.155625,0.5031249999999999,8.436537894520487e-06,-0.0014889442853460975
-0.155625,0.5093749999999999,8.167013739346324e-06,-0.001489501976605293
-0.155625,0.515625,7.903615828231837e-06,-0.0014900301885433795
-0.155625,0.5218749999999999,7.646479497085569e-06,-0.0014905305323659713
-0.155625,0.528125,7.395701418405599e-06,-0.0014910045305225486
-0.155625,0.534375,7.151344106631539e-06,-0.001491453621377203
-0.155625,0.5406249999999999,6.913439981026804e-06,-0.0014918791636779581
-0.155625,0.546875,6.681995026514154e-06,-0.0014922824408262756
-0.155625,0.5531249999999999,6.4569920894077225e-06,-0.0014926646649496287
-0.155625,0.559375,6.2383938417768515e-06,-0.001493026980781064
-0.155625,0.565625,6.026145445225787e-06,-0.0014933704693504838
-0.155625,0.5718749999999999,5.820176942159719e-06,-0.0014936961514930096
-0.155625,0.578125,5.620405400117992e-06,-0.001494004991180266
-0.155625,0.5843749999999999,5.426736832471852e-06,-0.0014942978986807608
-0.155625,0.590625,5.239067916693031e-06,-0.001494575733555775
-0.155625,0.596875,5.057287529486112e-06,-0.00149483930749731
-0.15187499999999998,0.0031249999999999997,-0.0005729822645906311,-0.0013849930855372831
-0.15187499999999998,0.009375,-0.0005493867621958697,-0.0013615382170295571
-0.15187499999999998,0.015625,-0.0005248684625384279,-0.0013402895646380775
-0.15187499999999998,0.021875,-0.0004996528250611795,-0.0013212738080456304
-0.15187499999999998,0.028124999999999997,-0.00047396140901747376,-0.001304490420548843
-0.15187499999999998,0.034374999999999996,-0.0004480082093447509,-0.0012899132725587676
-0.15187499999999998,0.040624999999999994,-0.00042199642871534963,-0.0012774927567668446
-0.15187499999999998,0.046875,-0.00039611575671130847,-0.001267158323970153
-0.15187499999999998,0.05312499999999999,-0.00037054019934064717,-0.0012588213116300874
-0.15187499999999998,0.059375,-0.00034542647508793007,-0.0012523779471563623
-0.15187499999999998,0.06562499999999999,-0.00032091296897818184,-0.0012477124138419449
-0.15187499999999998,0.071875,-0.00029711921494604256,-0.0012446998781683565
-0.15187499999999998,0.078125,-0.0002741458599206526,-0.0012432093915158166
-0.15187499999999998,0.08437499999999999,-0.00025207505080979245,-0.0012431065957705116
-0.15187499999999998,0.09062499999999998,-0.0002309711779589509,-0.0012442561796253415
-0.15187499999999998,0.09687499999999999,-0.0002108819053270136,-0.001246524049396453
-0.15187499999999998,0.103125,-0.00019183941799313773,-0.0012497791940291358
-0.15187499999999998,0.109375,-0.0001738618209894673,-0.0012538952379977006
-0.15187499999999998,0.11562499999999999,-0.00015695462909090266,-0.0012587516876158167
-0.15187499999999998,0.12187499999999998,-0.00014111229435106247,-0.0012642348856893534
-0.15187499999999998,0.128125,-0.000126319726183088,-0.0012702386964701991
-0.15187499999999998,0.13437499999999997,-0.0001125537670725886,-0.0012766649476544946
-0.15187499999999998,0.140625,-9.978459511868807e-05,-0.001283423658956665
-0.15187499999999998,0.14687499999999998,-8.79770321850633e-05,-0.0012904330878825364
-0.15187499999999998,0.153125,-7.709174327297696e-05,-0.0012976196230443395
-0.15187499999999998,0.159375,-6.708631866603192e-05,-0.0013049175540275175
-0.15187499999999998,0.16562499999999997,-5.7916235385248815e-05,-0.001312268744731268
-0.15187499999999998,0.171875,-4.9535698539035025e-05,-0.0013196222345242808
-0.15187499999999998,0.17812499999999998,-4.1898366307144866e-05,-0.0013269337887058274
-0.15187499999999998,0.18437499999999998,-3.4957964642603085e-05,-0.001334165416819192
-0.15187499999999998,0.190625,-2.866879941008832e-05,-0.0013412848744671691
-0.15187499999999998,0.19687499999999997,-2.2986174710093414e-05,-0.0013482651615284369
-0.15187499999999998,0.203125,-1.7866726671530676e-05,-0.0013550840271369473
-0.15187499999999998,0.20937499999999998,-1.3268682131892232e-05,-0.0013617234895050405
-0.15187499999999998,0.21562499999999998,-9.152051454841932e-06,-0.001368169376664171
-0.15187499999999998,0.221875,-5.478764340403692e-06,-0.0013744108924678543
-0.15187499999999998,0.22812499999999997,-2.2127569309740803e-06,-0.0013804402107406074
-0.15187499999999998,0.234375,6.799821361544773e-07,-0.0013862520992469387
-0.15187499999999998,0.24062499999999998,3.2313997866676436e-06,-0.00139184357417342
-0.15187499999999998,0.24687499999999996,5.471394461370572e-06,-0.0013972135850394043
-0.15187499999999998,0.253125,7.427854465812616e-06,-0.0014023627293520823
-0.15187499999999998,0.25937499999999997,9.126713912724327e-06,-0.0014072929958738115
-0.15187499999999998,0.265625,1.0592022103948434e-05,-0.0014120075350499024
-0.15187499999999998,0.271875,1.184602280056105e-05,-0.0014165104549312259
-0.15187499999999998,0.27812499999999996,1.2909240377854607e-05,-0.0014208066407982193
-0.15187499999999998,0.284375,1.3800570354060608e-05,-0.0014249015966337538
-0.15187499999999998,0.29062499999999997,1.4537372218625725e-05,-0.0014288013065867425
-0.15187499999999998,0.296875,1.5135562869576416e-05,-0.0014325121146036095
-0.15187499999999998,0.303125,1.5609709303150058e-05,-0.0014360406204700139
-0.15187499999999998,0.30937499999999996,1.5973119486231637e-05,-0.0014393935905917762
-0.15187499999999998,0.315625,1.6237930587356767e-05,-0.0014425778819445857
-0.15187499999999998,0.32187499999999997,1.6415193949396705e-05,-0.001445600377731061
-0.15187499999999998,0.328125,1.6514956360735388e-05,-0.001448467933396618
-0.15187499999999998,0.334375,1.6546337325836596e-05,-0.001451187331768897
-0.15187499999999998,0.34062499999999996,1.651760215436495e-05,-0.0014537652461966476
-0.15187499999999998,0.34687499999999993,1.643623078397994e-05,-0.0014562082106710599
-0.15187499999999998,0.35312499999999997,1.630898232873717e-05,-0.0014585225960142827
-0.15187499999999998,0.359375,1.6141955405567855e-05,-0.00146071459131541
-0.15187499999999998,0.365625,1.5940644338100328e-05,-0.0014627901898830685
-0.15187499999999998,0.37187499999999996,1.5709991372364377e-05,-0.0014647551790656855
-0.15187499999999998,0.37812499999999993,1.5454435064633796e-05,-0.0014666151333655524
-0.15187499999999998,0.38437499999999997,1.517795501949265e-05,-0.0014683754103410804
-0.15187499999999998,0.390625,1.488411316761307e-05,-0.0014700411488534413
-0.15187499999999998,0.396875,1.4576091778937768e-05,-0.0014716172692694244
-0.15187499999999998,0.40312499999999996,1.4256728409021407e-05,-0.0014731084752822143
-0.15187499999999998,0.40937499999999993,1.3928547975083828e-05,-0.0014745192570563353
-0.15187499999999998,0.41562499999999997,1.3593792154605792e-05,-0.0014758538954425988
-0.15187499999999998,0.421875,1.3254446293667018e-05,-0.0014771164670439967
-0.15187499999999998,0.428125,1.291226400519755e-05,-0.0014783108499444825
-0.15187499999999998,0.43437499999999996,1.2568789629298658e-05,-0.0014794407299398861
-0.15187499999999998,0.44062499999999993,1.2225378719129988e-05,-0.0014805096071341668
-0.15187499999999998,0.44687499999999997,1.1883216706823894e-05,-0.0014815208027851917
-0.15187499999999998,0.453125,1.1543335894693252e-05,-0.0014824774663025327
-0.15187499999999998,0.459375,1.1206630907815085e-05,-0.0014833825823157031
-0.15187499999999998,0.46562499999999996,1.0873872735030077e-05,-0.0014842389777450897
-0.15187499999999998,0.47187499999999993,1.0545721476595528e-05,-0.0014850493288197841
-0.15187499999999998,0.47812499999999997,1.022273790824133e-05,-0.001485816167996849
-0.15187499999999998,0.48437499999999994,9.90539396325536e-06,-0.0014865418907454115
-0.15187499999999998,0.490625,9.594082226501075e-06,-0.001487228762166591
-0.15187499999999998,0.49687499999999996,9.289124526967378e-06,-0.0014878789234267482
-0.15187499999999998,0.5031249999999999,8.990779708577102e-06,-0.0014884943979870684
-0.15187499999999998,0.5093749999999999,8.699250652538805e-06,-0.0014890770976171686
-0.15187499999999998,0.515625,8.414690618509589e-06,-0.001489628828184353
-0.15187499999999998,0.5218749999999999,8.137208966234963e-06,-0.001490151295213447
-0.15187499999999998,0.528125,7.866876314130415e-06,-0.0014906461092148934
-0.15187499999999998,0.534375,7.603729186452516e-06,-0.0014911147907810663
-0.15187499999999998,0.5406249999999999,7.347774196254302e-06,-0.0014915587754526253
-0.15187499999999998,0.546875,7.0989918072136155e-06,-0.001491979418358253
-0.15187499999999998,0.5531249999999999,6.857339713641148e-06,-0.0014923779986323203
-0.15187499999999998,0.559375,6.6227558744981665e-06,-0.0014927557236159945
-0.15187499999999998,0.565625,6.395161234062231e-06,-0.0014931137328480322
-0.15187499999999998,0.5718749999999999,6.174462158952382e-06,-0.0014934531018520616
-0.15187499999999998,0.578125,5.96055261854467e-06,-0.001493774845727548
-0.15187499999999998,0.5843749999999999,5.753316133356869e-06,-0.0014940799225519098
-0.15187499999999998,0.590625,5.552627513739117e-06,-0.0014943692366014025
-0.15187499999999998,0.596875,5.358354409160642e-06,-0.0014946436413984605
-0.148125,0.0031249999999999997,-0.0006152712433022897,-0.0013745779155021904
-0.148125,0.009375,-0.00058963639186403,-0.0013490496457775397
-0.148125,0.015625,-0.0005629760419667362,-0.001325954921992563
-0.148125,0.021875,-0.0005355431208674314,-0.0013053240510250332
-0.148125,0.028124999999999997,-0.0005075860759801331,-0.001287156348064467
-0.148125,0.034374999999999996,-0.0004793446461215592,-0.0012714220095161315
-0.148125,0.040624999999999994,-0.0004510461495223903,-0.0012580645938973362
-0.148125,0.046875,-0.0004229023714443729,-0.0012470039775270736
-0.148125,0.05312499999999999,-0.0003951071006163303,-0.0012381396440199503
-0.148125,0.059375,-0.0003678343311209672,-0.0012313541671605754
-0.148125,0.06562499999999999,-0.00034123711679610484,-0.0012265167545805057
-0.148125,0.071875,-0.0003154470401197641,-0.0012234867333073567
-0.148125,0.078125,-0.0002905742378333071,-0.0012221168760161115
-0.148125,0.08437499999999999,-0.0002667079115843599,-0.0012222564869703374
-0.148125,0.09062499999999998,-0.00024391724353073018,-0.0012237541876041866
-0.148125,0.09687499999999999,-0.00022225263365203022,-0.0012264603621060352
-0.148125,0.103125,-0.00020174717672102318,-0.0012302292421598388
-0.148125,0.109375,-0.00018241830159904538,-0.0012349206264384719
-0.148125,0.11562499999999999,-0.00016426950280128526,-0.0012404012440898698
-0.148125,0.12187499999999998,-0.00014729210322629932,-0.0012465457821480945
-0.148125,0.128125,-0.00013146699675241946,-0.0012532376045942572
-0.148125,0.13437499999999997,-0.00011676632939424558,-0.0012603691959065207
-0.148125,0.140625,-0.00010315508735349953,-0.0012678423647023431
-0.148125,0.14687499999999998,-9.059256920427733e-05,-0.0012755682438759328
-0.148125,0.153125,-7.903372737133202e-05,-0.0012834671228738343
-0.148125,0.159375,-6.843037085549504e-05,-0.0012914681458224301
-0.148125,0.16562499999999997,-5.873222679038249e-05,-0.001299508906479489
-0.148125,0.171875,-4.988786290820399e-05,-0.0013075349677369049
-0.148125,0.17812499999999998,-4.184547642909544e-05,-0.001315499329909754
-0.148125,0.18437499999999998,-3.455355737913108e-05,-0.0013233618685104156
-0.148125,0.190625,-2.7961436014999793e-05,-0.0013310887587783206
-0.148125,0.19687499999999997,-2.2019725021221306e-05,-0.0013386519010235084
-0.148125,0.203125,-1.668066757816026e-05,-0.0013460283579152835
-0.148125,0.20937499999999998,-1.1898402396003688e-05,-0.0013531998122444716
-0.148125,0.21562499999999998,-7.629156478494244e-06,-0.001360152051423424
-0.148125,0.221875,-3.831375813184677e-06,-0.0013668744830583409
-0.148125,0.22812499999999997,-4.6580345998299423e-07,-0.0013733596843171227
-0.148125,0.234375,2.504486309843423e-06,-0.0013796029864980423
-0.148125,0.24062499999999998,5.1140900360902485e-06,-0.001385602095150282
-0.148125,0.24687499999999996,7.395306335363369e-06,-0.001391356745275088
-0.148125,0.253125,9.37819033957867e-06,-0.0013968683905139442
-0.148125,0.25937499999999997,1.1090626041609793e-05,-0.0014021399247771584
-0.148125,0.265625,1.2558412031675144e-05,-0.0014071754344540711
-0.148125,0.271875,1.3805356793666217e-05,-0.001411979979148989
-0.148125,0.27812499999999996,1.485338034906185e-05,-0.0014165593987821462
-0.148125,0.284375,1.5722619586886493e-05,-0.0014209201448626627
-0.148125,0.29062499999999997,1.643153510319101e-05,-0.0014250691337637734
-0.148125,0.296875,1.699701779616e-05,-0.00142901361989532
-0.148125,0.303125,1.7434493827582233e-05,-0.0014327610867629244
-0.148125,0.30937499999999996,1.775802687304816e-05,-0.0014363191540178381
-0.148125,0.315625,1.7980416847071947e-05,-0.0014396954987285465
-0.148125,0.32187499999999997,1.811329451060899e-05,-0.0014428977892387636
-0.148125,0.328125,1.8167211552197957e-05,-0.0014459336301118448
-0.148125,0.334375,1.8151725884981215e-05,-0.0014488105167953559
-0.148125,0.34062499999999996,1.8075482024554968e-05,-0.001451535798769008
-0.148125,0.34687499999999993,1.7946286511006374e-05,-0.0014541166500625898
-0.148125,0.35312499999999997,1.7771178416223086e-05,-0.0014565600461467103
-0.148125,0.359375,1.755649503783458e-05,-0.0014588727463073889
-0.148125,0.365625,1.7307932926797547e-05,-0.0014610612807154537
-0.148125,0.37187499999999996,1.7030604429144123e-05,-0.0014631319414932635
-0.148125,0.37812499999999993,1.672908994591584e-05,-0.0014650907771646118
-0.148125,0.38437499999999997,1.6407486130642564e-05,-0.0014669435899490922
-0.148125,0.390625,1.6069450252475435e-05,-0.001468695935430091
-0.148125,0.396875,1.57182409565645e-05,-0.001470353124186415
-0.148125,0.40312499999999996,1.535675565261478e-05,-0.001471920225031847
-0.148125,0.40937499999999993,1.4987564758691807e-05,-0.0014734020695551403
-0.148125,0.41562499999999997,1.4612943021057076e-05,-0.0014748032576957077
-0.148125,0.421875,1.4234898122737116e-05,-0.0014761281641279256
-0.148125,0.428125,1.385519678419184e-05,-0.001477380945260155
-0.148125,0.43437499999999996,1.3475388549272508e-05,-0.0014785655466836411
-0.148125,0.44062499999999993,1.3096827438990736e-05,-0.0014796857109318766
-0.148125,0.44687499999999997,1.2720691644726602e-05,-0.0014807449854331756
-0.148125,0.453125,1.2348001421602876e-05,-0.001481746730558453
-0.148125,0.459375,1.1979635332001494e-05,-0.001482694127682903
-0.148125,0.46562499999999996,1.1616344978730973e-05,-0.0014835901871946779
-0.148125,0.47187499999999993,1.1258768357251621e-05,-0.0014844377563960982
-0.148125,0.47812499999999997,1.090744194670028e-05,-0.0014852395272535778
-0.148125,0.48437499999999994,1.0562811650268305e-05,-0.0014859980439615767
-0.148125,0.490625,1.0225242686802454e-05,-0.0014867157102936741
-0.148125,0.49687499999999996,9.895028527328993e-06,-0.0014873947967204483
-0.148125,0.5031249999999999,9.572398962550418e-06,-0.0014880374472794498
-0.148125,0.5093749999999999,9.257527380223794e-06,-0.0014886456861872381
-0.148125,0.515625,8.950537324686534e-06,-0.0014892214241873938
-0.148125,0.5218749999999999,8.651508404634177e-06,-0.0014897664646316832
-0.148125,0.528125,8.36048160955193e-06,-0.0014902825092942512
-0.148125,0.534375,8.077464089938096e-06,-0.0014907711639209284
-0.148125,0.5406249999999999,7.802433451605525e-06,-0.0014912339435175258
-0.148125,0.546875,7.535341609885573e-06,-0.0014916722773824205
-0.148125,0.5531249999999999,7.276118245460719e-06,-0.0014920875138898586
-0.148125,0.559375,7.024673899793379e-06,-0.0014924809250312675
-0.148125,0.565625,6.780902744676942e-06,-0.0014928537107225138
-0.148125,0.5718749999999999,6.544685057284976e-06,-0.0014932070028855025
-0.148125,0.578125,6.315889429217571e-06,-0.0014935418693128228
-0.148125,0.5843749999999999,6.094374735415436e-06,-0.001493859317324317
-0.148125,0.590625,5.879991886415876e-06,-0.001494160297224523
-0.148125,0.596875,5.672585385239846e-06,-0.0014944457055699237
-0.14437499999999998,0.0031249999999999997,-0.0006605361212656998,-0.001363214658745314
-0.14437499999999998,0.009375,-0.0006326806753859302,-0.0013354313923839296
-0.14437499999999998,0.015625,-0.0006036859241702324,-0.0013103334796376698
-0.14437499999999998,0.021875,-0.0005738357614923684,-0.0012879552640489291
-0.14437499999999998,0.028124999999999997,-0.0005434089169562109,-0.0012682957628699313
-0.14437499999999998,0.034374999999999996,-0.0005126740723582547,-0.001251320859066573
-0.14437499999999998,0.040624999999999994,-0.0004818855914631157,-0.0012369662022258558
-0.14437499999999998,0.046875,-0.00045127995976414735,-0.0012251406582814866
-0.14437499999999998,0.05312499999999999,-0.00042107299006410046,-0.0012157301392778928
-0.14437499999999998,0.059375,-0.0003914578103923191,-0.0012086016459193236
-0.14437499999999998,0.06562499999999999,-0.0003626036153840627,-0.001203607365991
-0.14437499999999998,0.071875,-0.0003346551325374397,-0.0012005886889983805
-0.14437499999999998,0.078125,-0.00030773273177776036,-0.0011993800194172394
-0.14437499999999998,0.08437499999999999,-0.00028193309086133755,-0.0011998122956453033
-0.14437499999999998,0.09062499999999998,-0.0002573303201184522,-0.001201716147142642
-0.14437499999999998,0.09687499999999999,-0.00023397744719321712,-0.001204924646703881
-0.14437499999999998,0.103125,-0.00021190816480802865,-0.0012092756370683175
-0.14437499999999998,0.109375,-0.00019113875102535281,-0.0012146136302975327
-0.14437499999999998,0.11562499999999999,-0.00017167008083015527,-0.0012207912940701902
-0.14437499999999998,0.12187499999999998,-0.00015348965900830242,-0.0012276705511267783
-0.14437499999999998,0.128125,-0.00013657361627921307,-0.0012351233266713452
-0.14437499999999998,0.13437499999999997,-0.00012088862265664674,-0.0012430319839194716
-0.14437499999999998,0.140625,-0.00010639368344812478,-0.0012512894906069054
-0.14437499999999998,0.14687499999999998,-9.304179373090645e-05,-0.0012597993596343917
-0.14437499999999998,0.153125,-8.078143629402616e-05,-0.0012684754056232115
-0.14437499999999998,0.159375,-6.955791578286324e-05,-0.0012772413564683146
-0.14437499999999998,0.16562499999999997,-5.9314528105280855e-05,-0.0012860303554270039
-0.14437499999999998,0.171875,-4.999356911741153e-05,-0.0012947843852331574
-0.14437499999999998,0.17812499999999998,-4.1537190318176284e-05,-0.001303453641474268
-0.14437499999999998,0.18437499999999998,-3.388811189269734e-05,-0.0013119958782389666
-0.14437499999999998,0.190625,-2.6990205118915106e-05,-0.0013203757450029557
-0.14437499999999998,0.19687499999999997,-2.078895705334918e-05,-0.001328564129985017
-0.14437499999999998,0.203125,-1.523183069763857e-05,-0.0013365375218412517
-0.14437499999999998,0.20937499999999998,-1.0268533659686871e-05,-0.001344277398608892
-0.14437499999999998,0.21562499999999998,-5.8512077870371834e-06,-0.0013517696502678622
-0.14437499999999998,0.221875,-1.9345514718218616e-06,-0.0013590040391461085
-0.14437499999999998,0.22812499999999997,1.524114605931943e-06,-0.001365973700627643
-0.14437499999999998,0.234375,4.564828546372866e-06,-0.0013726746851960617
-0.14437499999999998,0.24062499999999998,7.2250064047933635e-06,-0.0013791055417225846
-0.14437499999999998,0.24687499999999996,9.539491803031223e-06,-0.001385266941046709
-0.14437499999999998,0.253125,1.1540629299571247e-05,-0.0013911613382604868
-0.14437499999999998,0.25937499999999997,1.325835577200983e-05,-0.0013967926716576741
-0.14437499999999998,0.265625,1.47203049231333e-05,-0.0014021660960131246
-0.14437499999999998,0.271875,1.595192079910325e-05,-0.0014072877476859983
-0.14437499999999998,0.27812499999999996,1.697657690307151e-05,-0.0014121645389666535
-0.14437499999999998,0.284375,1.7815698101167464e-05,-0.0014168039790891256
-0.14437499999999998,0.29062499999999997,1.848888305373599e-05,-0.001421214019390108
-0.14437499999999998,0.296875,1.901402536797209e-05,-0.001425402920195695
-0.14437499999999998,0.303125,1.9407432064629655e-05,-0.0014293791371461052
-0.14437499999999998,0.30937499999999996,1.96839382876434e-05,-0.0014331512248159102
-0.14437499999999998,0.315625,1.985701746776768e-05,-0.0014367277556448725
-0.14437499999999998,0.32187499999999997,1.9938886386000488e-05,-0.0014401172523560656
-0.14437499999999998,0.328125,1.9940604775651185e-05,-0.0014433281321987663
-0.14437499999999998,0.334375,1.987216925898687e-05,-0.001446368661510173
-0.14437499999999998,0.34062499999999996,1.9742601540571998e-05,-0.0014492469192398279
-0.14437499999999998,0.34687499999999993,1.9560030879286103e-05,-0.0014519707682220345
-0.14437499999999998,0.35312499999999997,1.9331770938674893e-05,-0.0014545478331135487
-0.14437499999999998,0.359375,1.9064391174352864e-05,-0.0014569854840358082
-0.14437499999999998,0.365625,1.876378296079511e-05,-0.0014592908250728586
-0.14437499999999998,0.37187499999999996,1.84352206907538e-05,-0.0014614706868779838
-0.14437499999999998,0.37812499999999993,1.808341810105153e-05,-0.0014635316227342469
-0.14437499999999998,0.38437499999999997,1.7712580090645098e-05,-0.0014654799074971091
-0.14437499999999998,0.390625,1.732645030230037e-05,-0.0014673215389216165
-0.14437499999999998,0.396875,1.6928354739405332e-05,-0.0014690622409429001
-0.14437499999999998,0.40312499999999996,1.6521241685554128e-05,-0.0014707074685375767
-0.14437499999999998,0.40937499999999993,1.6107718187549934e-05,-0.0014722624138457047
-0.14437499999999998,0.41562499999999997,1.569008335320923e-05,-0.001473732013278837
-0.14437499999999998,0.421875,1.5270358704466793e-05,-0.0014751209553800415
-0.14437499999999998,0.428125,1.4850315814317865e-05,-0.0014764336892370833
-0.14437499999999998,0.43437499999999996,1.443150144352126e-05,-0.0014776744332808003
-0.14437499999999998,0.44062499999999993,1.401526038006641e-05,-0.0014788471843275525
-0.14437499999999998,0.44687499999999997,1.3602756171448163e-05,-0.0014799557267479323
-0.14437499999999998,0.453125,1.3194989926998429e-05,-0.0014810036416640887
-0.14437499999999998,0.459375,1.2792817355053406e-05,-0.0014819943160954134
-0.14437499999999998,0.46562499999999996,1.2396964187700673e-05,-0.0014829309519873058
-0.14437499999999998,0.47187499999999993,1.2008040134333546e-05,-0.0014838165750705554
-0.14437499999999998,0.47812499999999997,1.1626551494296197e-05,-0.0014846540435098487
-0.14437499999999998,0.48437499999999994,1.1252912548562933e-05,-0.0014854460563092228
-0.14437499999999998,0.490625,1.088745584067377e-05,-0.0014861951614502057
-0.14437499999999998,0.49687499999999996,1.0530441448052129e-05,-0.0014869037637450563
-0.14437499999999998,0.5031249999999999,1.0182065336344176e-05,-0.0014875741323931149
-0.14437499999999998,0.5093749999999999,9.842466881535972e-06,-0.0014882084082329715
-0.14437499999999998,0.515625,9.511735637294703e-06,-0.0014888086106870314
-0.14437499999999998,0.5218749999999999,9.189917418226104e-06,-0.0014893766443982697
-0.14437499999999998,0.528125,8.877019763507603e-06,-0.0014899143055615732
-0.14437499999999998,0.534375,8.573016839622262e-06,-0.0014904232879541836
-0.14437499999999998,0.5406249999999999,8.277853835647798e-06,-0.0014909051886714416
-0.14437499999999998,0.546875,7.991450899720404e-06,-0.0014913615135753431
-0.14437499999999998,0.5531249999999999,7.71370666086438e-06,-0.0014917936824644402
-0.14437499999999998,0.559375,7.444501376327005e-06,-0.00149220303397436
-0.14437499999999998,0.565625,7.183699740855554e-06,-0.0014925908302187599
-0.14437499999999998,0.5718749999999999,6.9311533909737935e-06,-0.0014929582611808707
-0.14437499999999998,0.578125,6.686703134233332e-06,-0.0014933064488659963
-0.14437499999999998,0.5843749999999999,6.450180930607252e-06,-0.0014936364512253962
-0.14437499999999998,0.590625,6.221411650636356e-06,-0.0014939492658619582
-0.14437499999999998,0.596875,6.000214632612876e-06,-0.001494245833527946
-0.140625,0.0031249999999999997,-0.0007089830480437833,-0.0013508135893313957
-0.140625,0.009375,-0.000678708371369188,-0.0013205775678323819
-0.140625,0.015625,-0.0006471682994747008,-0.0012933060254479694
-0.140625,0.021875,-0.0006146816667633796,-0.0012690377849515994
-0.140625,0.028124999999999997,-0.0005815613323455612,-0.0012477713747648784
-0.140625,0.034374999999999996,-0.0005481085365615234,-0.0012294675997776279
-0.140625,0.040624999999999994,-0.0005146079867101084,-0.0012140529390707662
-0.140625,0.046875,-0.00048132378471457167,-0.001201423577826545
-0.140625,0.05312499999999999,-0.0004484962597927949,-0.0011914498711140147
-0.140625,0.059375,-0.000416339721704771,-0.0011839810401562158
-0.140625,0.06562499999999999,-0.0003850411077755434,-0.0011788499152759915
-0.140625,0.071875,-0.0003547594617361036,-0.0011758775615489476
-0.140625,0.078125,-0.00032562615568093204,-0.001174877650572862
-0.140625,0.08437499999999999,-0.00029774574844748387,-0.001175660472033094
-0.140625,0.09062499999999998,-0.0002711973640957676,-0.0011780365095085824
-0.140625,0.09687499999999999,-0.0002460364719769629,-0.001181819534250127
-0.140625,0.103125,-0.00022229695385036051,-0.0011868291970011013
-0.140625,0.109375,-0.00019999335219313371,-0.0011928931203643214
-0.140625,0.11562499999999999,-0.00017912320579212293,-0.0011998485122662035
-0.140625,0.12187499999999998,-0.00015966939256292827,-0.0012075433346503063
-0.140625,0.128125,-0.00014160241414662233,-0.0012158370708760056
-0.140625,0.13437499999999997,-0.00012488257125246015,-0.0012246011408487219
-0.140625,0.140625,-0.00010946199224753579,-0.0012337190152372655
-0.140625,0.14687499999999998,-9.52864896680921e-05,-0.0012430860798663935
-0.140625,0.153125,-8.229722986680773e-05,-0.0012526092991292058
-0.140625,0.159375,-7.04322098038886e-05,-0.0012622067236200255
-0.140625,0.16562499999999997,-5.9627542050817036e-05,-0.0012718068826489636
-0.140625,0.171875,-4.9818554507913825e-05,-0.0012813480972861814
-0.140625,0.17812499999999998,-4.0940715302405555e-05,-0.0012907777444325695
-0.140625,0.18437499999999998,-3.2930396026493444e-05,-0.0013000514973777282
-0.140625,0.190625,-2.5725488100359496e-05,-0.001309132563565766
-0.140625,0.19687499999999997,-1.9265887804995623e-05,-0.0013179909359618085
-0.140625,0.203125,-1.34938656121722e-05,-0.0013266026705633137
-0.140625,0.20937499999999998,-8.354335011834817e-06,-0.0013349491992565542
-0.140625,0.21562499999999998,-3.7950352456970843e-06,-0.0013430166843764661
-0.140625,0.221875,2.3335867895675774e-07,-0.0013507954189631674
-0.140625,0.22812499999999997,3.777186500856778e-06,-0.0013582792747829932
-0.140625,0.234375,6.879802794384938e-06,-0.0013654651986502793
-0.140625,0.24062499999999998,9.581616945481607e-06,-0.0013723527563994766
-0.140625,0.24687499999999996,1.1920164542970526e-05,-0.0013789437229664828
-0.140625,0.253125,1.3930202870702502e-05,-0.001385241716396529
-0.140625,0.25937499999999997,1.564382425807202e-05,-0.001391251873160183
-0.140625,0.265625,1.7090582023395554e-05,-0.0013969805618901949
-0.140625,0.271875,1.8297624621635503e-05,-0.0014024351325156868
-0.140625,0.27812499999999996,1.9289834384981207e-05,-0.001407623697737163
-0.140625,0.284375,2.008996792519016e-05,-0.0014125549438309586
-0.140625,0.29062499999999997,2.071879585593327e-05,-0.0014172379678742927
-0.140625,0.296875,2.1195239998665753e-05,-0.0014216821386249766
-0.140625,0.303125,2.1536506664480155e-05,-0.0014258969784593301
-0.140625,0.30937499999999996,2.1758214964985364e-05,-0.0014298920639570915
-0.140625,0.315625,2.1874519405363044e-05,-0.0014336769429145883
-0.140625,0.32187499999999997,2.189822625996128e-05,-0.001437261065760757
-0.140625,0.328125,2.184090343212101e-05,-0.0014406537295399606
-0.140625,0.334375,2.1712983661902628e-05,-0.0014438640328075434
-0.140625,0.34062499999999996,2.1523861073814767e-05,-0.0014469008399563843
-0.140625,0.34687499999999993,2.128198115678257e-05,-0.001449772753653831
-0.140625,0.35312499999999997,2.099492434501728e-05,-0.001452488094217577
-0.140625,0.359375,2.0669483425192046e-05,-0.0014550548848959331
-0.140625,0.365625,2.0311735035868437e-05,-0.001457480842142647
-0.140625,0.37187499999999996,1.9927105552439914e-05,-0.0014597733700892849
-0.140625,0.37812499999999993,1.9520431667512058e-05,-0.0014619395585197432
-0.140625,0.38437499999999997,1.9096015984779528e-05,-0.0014639861837423692
-0.140625,0.390625,1.8657677945896617e-05,-0.0014659197118361965
-0.140625,0.396875,1.8208800406080776e-05,-0.001467746303819683
-0.140625,0.40312499999999996,1.775237216649127e-05,-0.0014694718223538816
-0.140625,0.40937499999999993,1.7291026760814977e-05,-0.0014711018396479406
-0.140625,0.41562499999999997,1.6827077780806894e-05,-0.0014726416462839428
-0.140625,0.421875,1.6362551011457087e-05,-0.0014740962607210576
-0.140625,0.428125,1.5899213631527488e-05,-0.0014754704392764579
-0.140625,0.43437499999999996,1.543860071985674e-05,-0.0014767686864130165
-0.140625,0.44062499999999993,1.4982039292403859e-05,-0.0014779952651920486
-0.140625,0.44687499999999997,1.4530670079750677e-05,-0.0014791542077737477
-0.140625,0.453125,1.408546723990832e-05,-0.0014802493258689936
-0.140625,0.459375,1.3647256186911911e-05,-0.001481284221064253
-0.140625,0.46562499999999996,1.321672970194847e-05,-0.0014822622949567437
-0.140625,0.47187499999999993,1.279446248070725e-05,-0.0014831867590502086
-0.140625,0.47812499999999997,1.23809242583148e-05,-0.0014840606443728395
-0.140625,0.48437499999999994,1.1976491641635028e-05,-0.0014848868107883715
-0.140625,0.490625,1.1581458767883115e-05,-0.0014856679559793447
-0.140625,0.49687499999999996,1.1196046898409133e-05,-0.0014864066240882288
-0.140625,0.5031249999999999,1.082041304713597e-05,-0.001487105214007681
-0.140625,0.5093749999999999,1.0454657734459212e-05,-0.0014877659873158314
-0.140625,0.515625,1.0098831949403774e-05,-0.0014883910758562908
-0.140625,0.5218749999999999,9.752943395449565e-06,-0.0014889824889656638
-0.140625,0.528125,9.416962088650523e-06,-0.0014895421203538505
-0.140625,0.534375,9.090825370441351e-06,-0.001490071754644401
-0.140625,0.5406249999999999,8.774442391817524e-06,-0.001490573073583731
-0.140625,0.546875,8.467698120351183e-06,-0.0014910476619291978
-0.140625,0.5531249999999999,8.17045691673288e-06,-0.0014914970130268967
-0.140625,0.559375,7.882565723172535e-06,-0.001491922534090667
-0.140625,0.565625,7.603856902022248e-06,-0.0014923255511941837
-0.140625,0.5718749999999999,7.334150759365748e-06,-0.0014927073139882395
-0.140625,0.578125,7.0732577850272255e-06,-0.0014930690001553947
-0.140625,0.5843749999999999,6.820980637459446e-06,-0.001493411719614119
-0.140625,0.590625,6.577115899250306e-06,-0.0014937365184844206
-0.140625,0.596875,6.341455626517489e-06,-0.0014940443828267203
-0.136875,0.0031249999999999997,-0.0007608331875181485,-0.0013372757740497843
-0.136875,0.009375,-0.0007279213644023352,-0.0013043715663147335
-0.136875,0.015625,-0.0006936044737228097,-0.001274741485101659
-0.136875,0.021875,-0.0006582408092470445,-0.001248429307441515
-0.136875,0.028124999999999997,-0.0006221817250551805,-0.0012254328166058366
-0.136875,0.034374999999999996,-0.0005857651093608869,-0.0012057068236673
-0.136875,0.040624999999999994,-0.0005493097269308884,-0.0011891671539832702
-0.136875,0.046875,-0.0005131105614406718,-0.0011756953662154916
-0.136875,0.05312499999999999,-0.0004774352286176547,-0.0011651439610588527
-0.136875,0.059375,-0.00044252147359932856,-0.0011573418417516982
-0.136875,0.06562499999999999,-0.0004085757151841856,-0.0011520998062617166
-0.136875,0.071875,-0.0003757725580844056,-0.0011492158786642246
-0.136875,0.078125,-0.00034425516324992255,-0.0011484803212510354
-0.136875,0.08437499999999999,-0.000314136346098577,-0.0011496802060164167
-0.136875,0.09062499999999998,-0.00028550026244224963,-0.0011526034614287768
-0.136875,0.09687499999999999,-0.00025840454077837965,-0.0011570423454441805
-0.136875,0.103125,-0.00023288272575509554,-0.0011627963268328076
-0.136875,0.109375,-0.0002089469091843023,-0.0011696743830052786
-0.136875,0.11562499999999999,-0.00018659044016350993,-0.0011774967431634593
-0.136875,0.12187499999999998,-0.0001657906230326704,-0.0011860961207655351
-0.136875,0.128125,-0.00014651132964983073,-0.0011953184893568351
-0.136875,0.13437499999999997,-0.00012870546972813438,-0.0012050234613873371
-0.136875,0.140625,-0.00011231727894605332,-0.0012150843314581987
-0.136875,0.14687499999999998,-9.728439871001436e-05,-0.0012253878443007063
-0.136875,0.153125,-8.353973353981463e-05,-0.0012358337444549922
-0.136875,0.159375,-7.101308198013558e-05,-0.001246334159776036
-0.136875,0.16562499999999997,-5.9632544777506195e-05,-0.001256812865146986
-0.136875,0.171875,-4.932571996166361e-05,-0.0012672044666126557
-0.136875,0.17812499999999998,-4.002069865443526e-05,-0.0012774535399386327
-0.136875,0.18437499999999998,-3.164687814856287e-05,-0.0012875137516329383
-0.136875,0.190625,-2.4135610309800888e-05,-0.0012973469849286254
-0.136875,0.19687499999999997,-1.74207039039111e-05,-0.001306922488234787
-0.136875,0.203125,-1.1438799260181256e-05,-0.001316216059179268
-0.136875,0.20937499999999998,-6.12963295161558e-06,-0.0013252092736034924
-0.136875,0.21562499999999998,-1.4362090659039106e-06,-0.0013338887657106592
-0.136875,0.221875,2.6951077021243847e-06,-0.0013422455629737652
-0.136875,0.22812499999999997,6.314563377336362e-06,-0.0013502744773268977
-0.136875,0.234375,9.469038206379719e-06,-0.0013579735525325945
-0.136875,0.24062499999999998,1.2202111587177742e-05,-0.0013653435663785233
-0.136875,0.24687499999999996,1.455415911064202e-05,-0.001372387585448524
-0.136875,0.253125,1.6562473738678438e-05,-0.0013791105695801888
-0.136875,0.25937499999999997,1.826140437043662e-05,-0.0013855190227127895
-0.136875,0.265625,1.968250615620412e-05,-0.0013916206866004797
-0.136875,0.271875,2.0854697903142037e-05,-0.001397424273777263
-0.136875,0.27812499999999996,2.1804422781831862e-05,-0.0014029392361790116
-0.136875,0.284375,2.2555809293331253e-05,-0.0014081755659261126
-0.136875,0.29062499999999997,2.3130830101205998e-05,-0.001413143624925256
-0.136875,0.296875,2.35494568811669e-05,-0.001417854000142066
-0.136875,0.303125,2.3829809802285902e-05,-0.0014223173816129665
-0.136875,0.30937499999999996,2.398830063816757e-05,-0.0014265444604935193
-0.136875,0.315625,2.403976882340504e-05,-0.0014305458446726513
-0.136875,0.32187499999999997,2.3997610029081073e-05,-0.0014343319897112553
-0.136875,0.328125,2.387389703924871e-05,-0.0014379131430848578
-0.136875,0.334375,2.367949287566051e-05,-0.0014412992999202105
-0.136875,0.34062499999999996,2.342415624721867e-05,-0.0014445001686126406
-0.136875,0.34687499999999993,2.3116639499530574e-05,-0.0014475251448936406
-0.136875,0.35312499999999997,2.2764779313753623e-05,-0.0014503832930859366
-0.136875,0.359375,2.2375580457021833e-05,-0.0014530833334361845
-0.136875,0.365625,2.195529292300193e-05,-0.0014556336345538173
-0.136875,0.37187499999999996,2.1509482823774377e-05,-0.0014580422101090847
-0.136875,0.37812499999999993,2.1043097406027954e-05,-0.001460316719054733
-0.136875,0.38437499999999997,2.0560524567807204e-05,-0.001462464468734993
-0.136875,0.390625,2.006564724867566e-05,-0.0014644924203335097
-0.136875,0.396875,1.9561893057756785e-05,-0.0014664071961895374
-0.136875,0.40312499999999996,1.905227949199047e-05,-0.0014682150885800523
-0.136875,0.40937499999999993,1.8539455082159094e-05,-0.0014699220696253576
-0.136875,0.41562499999999997,1.8025736787659784e-05,-0.0014715338020280895
-0.136875,0.421875,1.7513143943310894e-05,-0.0014730556504011292
-0.136875,0.428125,1.700342904322757e-05,-0.0014744926929794937
-0.136875,0.43437499999999996,1.6498105628410583e-05,-0.0014758497335455403
-0.136875,0.44062499999999993,1.599847352648634e-05,-0.0014771313134263676
-0.136875,0.44687499999999997,1.5505641674264052e-05,-0.0014783417234477177
-0.136875,0.453125,1.502054873661676e-05,-0.001479485015750481
-0.136875,0.459375,1.4543981718774468e-05,-0.001480565015394519
-0.136875,0.46562499999999996,1.4076592753523627e-05,-0.001481585331690389
-0.136875,0.47187499999999993,1.3618914230089533e-05,-0.0014825493692129908
-0.136875,0.47812499999999997,1.3171372417660454e-05,-0.0014834603384625295
-0.136875,0.48437499999999994,1.2734299723600142e-05,-0.001484321266147736
-0.136875,0.490625,1.230794571437322e-05,-0.0014851350050742852
-0.136875,0.49687499999999996,1.1892487016058948e-05,-0.0014859042436280035
-0.136875,0.5031249999999999,1.1488036201012725e-05,-0.0014866315148479537
-0.136875,0.5093749999999999,1.1094649757722116e-05,-0.001487319205088994
-0.136875,0.515625,1.071233523214775e-05,-0.0014879695622770747
-0.136875,0.5218749999999999,1.0341057620797686e-05,-0.0014885847037634766
-0.136875,0.528125,9.980745088412368e-06,-0.0014891666237865336
-0.136875,0.534375,9.631294076390914e-06,-0.001489717200551194
-0.136875,0.5406249999999999,9.29257386192345e-06,-0.0014902382029381592
-0.136875,0.546875,8.9644306221682e-06,-0.001490731296855351
-0.136875,0.5531249999999999,8.646691052682439e-06,-0.0014911980512451654
-0.136875,0.559375,8.339165584646054e-06,-0.001491639943761431
-0.136875,0.565625,8.041651241167977e-06,-0.0014920583661302258
-0.136875,0.5718749999999999,7.75393416910404e-06,-0.0014924546292087817
-0.136875,0.578125,7.475791879307773e-06,-0.0014928299677566383
-0.136875,0.5843749999999999,7.206995225053101e-06,-0.001493185544933024
-0.136875,0.590625,6.947310145481445e-06,-0.0014935224565341663
-0.136875,0.596875,6.6964991983094415e-06,-0.0014938417349839007
-0.133125,0.0031249999999999997,-0.0008163239693293325,-0.00132249201008343
-0.133125,0.009375,-0.0007805356794047919,-0.00128668485109442
-0.133125,0.015625,-0.0007431876336340709,-0.0012544956083383007
-0.133125,0.021875,-0.0007046827299000189,-0.0012259735186650935
-0.133125,0.028124999999999997,-0.0006654157757116999,-0.001201115280410321
-0.133125,0.034374999999999996,-0.0006257659358836486,-0.0011798686125291378
-0.133125,0.040624999999999994,-0.0005860902168131618,-0.0011621369401272493
-0.133125,0.046875,-0.0005467181401949577,-0.0011477849256821694
-0.133125,0.05312499999999999,-0.0005079476852388386,-0.0011366445541102226
-0.133125,0.059375,-0.00047004250896412323,-0.001128521487515707
-0.133125,0.06562499999999999,-0.0004332303933549451,-0.0011232014287847628
-0.133125,0.071875,-0.00039770281905600346,-0.0011204562681464622
-0.133125,0.078125,-0.00036361552937117333,-0.0011200498291142663
-0.133125,0.08437499999999999,-0.00033108992575157703,-0.0011217430757194497
-0.133125,0.09062499999999998,-0.0003002151257869085,-0.001125298688066441
-0.133125,0.09687499999999999,-0.0002710505152305938,-0.0011304849551434255
-0.133125,0.103125,-0.0002436286346333175,-0.0011370789705168907
-0.133125,0.109375,-0.00021795825641274981,-0.0011448691468549346
-0.133125,0.11562499999999999,-0.0001940275274119166,-0.0011536570887151106
-0.133125,0.12187499999999998,-0.00017180707320264883,-0.0011632588798349214
-0.133125,0.128125,-0.0001512529819267461,-0.0011735058518364757
-0.133125,0.13437499999999997,-0.00013230960607267886,-0.0011842449066295203
-0.133125,0.140625,-0.00011491213937502363,-0.0011953384658305317
-0.133125,0.14687499999999998,-9.898894245324273e-05,-0.0012066641181969224
-0.133125,0.153125,-8.446360461771536e-05,-0.001218114031338791
-0.133125,0.159375,-7.125674042935911e-05,-0.0012295941876465332
-0.133125,0.16562499999999997,-5.928752823212823e-05,-0.0012410234971607444
-0.133125,0.171875,-4.8475004219680336e-05,-0.001252332832571278
-0.133125,0.17812499999999998,-3.873912994365027e-05,-0.0012634640240903189
-0.133125,0.18437499999999998,-3.000165384098768e-05,-0.001274368844902842
-0.133125,0.190625,-2.2186788669073185e-05,-0.0012850080114555798
-0.133125,0.19687499999999997,-1.5221726986953201e-05,-0.0012953502171159457
-0.133125,0.203125,-9.037016274742718e-06,-0.0013053712127624147
-0.133125,0.20937499999999998,-3.5668141700073313e-06,-0.001315052943655635
-0.133125,0.21562499999999998,1.2509571895481912e-06,-0.0013243827484487663
-0.133125,0.221875,5.474540439527729e-06,-0.001333352623367898
-0.133125,0.22812499999999997,9.158340414647511e-06,-0.0013419585523581378
-0.133125,0.234375,1.2352976088101802e-05,-0.0013501999022721967
-0.133125,0.24062499999999998,1.5105375156203136e-05,-0.0013580788809001427
-0.133125,0.24687499999999996,1.7458901070927e-05,-0.0013656000547293428
-0.133125,0.253125,1.9453503865796856e-05,-0.0013727699227160687
-0.133125,0.25937499999999997,2.112588751950179e-05,-0.0013795965419856184
-0.133125,0.265625,2.2509687850783525e-05,-0.0013860892012043885
-0.133125,0.271875,2.3635656038494782e-05,-0.0013922581373409311
-0.133125,0.27812499999999996,2.453184381832512e-05,-0.0013981142916165532
-0.133125,0.284375,2.5223787231739868e-05,-0.0014036691006088565
-0.133125,0.29062499999999997,2.5734686504291224e-05,-0.0014089343186889463
-0.133125,0.296875,2.6085580221723205e-05,-0.0014139218682250798
-0.133125,0.303125,2.6295512465453856e-05,-0.0014186437142567699
-0.133125,0.30937499999999996,2.6381691976049862e-05,-0.0014231117606219612
-0.133125,0.315625,2.635964274553711e-05,-0.001427337764796935
-0.133125,0.32187499999999997,2.6243345707304024e-05,-0.0014313332689776647
-0.133125,0.328125,2.6045371405464576e-05,-0.0014351095451878904
-0.133125,0.334375,2.5777003692391954e-05,-0.0014386775524403228
-0.133125,0.34062499999999996,2.54483546312444e-05,-0.0014420479042013081
-0.133125,0.34687499999999993,2.5068470876266125e-05,-0.0014452308446152356
-0.133125,0.35312499999999997,2.464543187316755e-05,-0.0014482362321327226
-0.133125,0.359375,2.418644026986025e-05,-0.0014510735293566225
-0.133125,0.365625,2.3697904958416052e-05,-0.001453751798072785
-0.133125,0.37187499999999996,2.3185517185847868e-05,-0.0014562796985692769
-0.133125,0.37812499999999993,2.265432017713004e-05,-0.0014586654924694795
-0.133125,0.38437499999999997,2.2108772711242562e-05,-0.0014609170484123132
-0.133125,0.390625,2.1552807081961053e-05,-0.0014630418500079518
-0.133125,0.396875,2.0989881861297038e-05,-0.001465047005580995
-0.133125,0.40312499999999996,2.04230298662632e-05,-0.0014669392592862494
-0.133125,0.40937499999999993,1.9854901710096845e-05,-0.0014687250032461357
-0.133125,0.41562499999999997,1.9287805298086892e-05,-0.0014704102904142878
-0.133125,0.421875,1.872374160640863e-05,-0.001472000847918052
-0.133125,0.428125,1.8164437060407936e-05,-0.0014735020906742127
-0.133125,0.43437499999999996,1.7611372807010548e-05,-0.001474919135108112
-0.133125,0.44062499999999993,1.706581115466461e-05,-0.0014762568128371119
-0.133125,0.44687499999999997,1.6528819433688477e-05,-0.0014775196842056956
-0.133125,0.453125,1.6001291510246038e-05,-0.0014787120515819738
-0.133125,0.459375,1.5483967168518407e-05,-0.001479837972344467
-0.133125,0.46562499999999996,1.4977449558042965e-05,-0.0014809012715042036
-0.133125,0.47187499999999993,1.4482220886682612e-05,-0.0014819055539208117
-0.133125,0.47812499999999997,1.3998656524274554e-05,-0.0014828542160827288
-0.133125,0.48437499999999994,1.3527037667670892e-05,-0.0014837504574312093
-0.133125,0.490625,1.3067562704598553e-05,-0.0014845972912157432
-0.133125,0.49687499999999996,1.2620357401492429e-05,-0.001485397554875045
-0.133125,0.5031249999999999,1.218548402914451e-05,-0.0014861539199431243
-0.133125,0.5093749999999999,1.176294952961662e-05,-0.0014868689014842845
-0.133125,0.515625,1.1352712818327614e-05,-0.0014875448670643822
-0.133125,0.5218749999999999,1.0954691306494338e-05,-0.0014881840452684169
-0.133125,0.528125,1.0568766721124928e-05,-0.001488788533776658
-0.133125,0.534375,1.0194790292479256e-05,-0.0014893603070131208
-0.133125,0.5406249999999999,9.832587372271335e-06,-0.0014899012233813849
-0.133125,0.546875,9.4819615398451e-06,-0.0014904130321035608
-0.133125,0.5531249999999999,9.142698248057858e-06,-0.0014908973796787215
-0.133125,0.559375,8.814568055612313e-06,-0.0014913558159773863
-0.133125,0.565625,8.497329488045107e-06,-0.0014917897999887051
-0.133125,0.5718749999999999,8.190731565468695e-06,-0.001492200705236894
-0.133125,0.578125,7.894516031437109e-06,-0.0014925898248832373
-0.133125,0.5843749999999999,7.608419313931493e-06,-0.0014929583765296416
-0.133125,0.590625,7.332174246405993e-06,-0.0014933075067393058
-0.133125,0.596875,7.065511574071034e-06,-0.001493638295289595
-0.129375,0.0031249999999999997,-0.0008757104643128782,-0.0013063416226942808
-0.129375,0.009375,-0.0008367825858096717,-0.0012673755839393867
-0.129375,0.015625,-0.0007961236669564101,-0.0012324094906935343
-0.129375,0.021875,-0.0007541870745424462,-0.0012014985720305898
-0.129375,0.028124999999999997,-0.0007114167074491258,-0.0011746379954590673
-0.129375,0.034374999999999996,-0.0006682382504425999,-0.0011517670687133802
-0.129375,0.040624999999999994,-0.000625051667462606,-0.0011327747568817856
-0.129375,0.046875,-0.0005822251120153079,-0.0011175061752031568
-0.129375,0.05312499999999999,-0.0005400903421665011,-0.0011057697063041193
-0.129375,0.059375,-0.0004989396434632254,-0.001097344402195102
-0.129375,0.06562499999999999,-0.00045902419029292875,-0.001091987361827473
-0.129375,0.071875,-0.00042055371825451944,-0.001089440819273141
-0.129375,0.078125,-0.0003836973387048591,-0.0010894387301779134
-0.129375,0.08437499999999999,-0.0003485853017060794,-0.0010917126999298522
-0.129375,0.09062499999999998,-0.000315311503744027,-0.0010959971515918305
-0.129375,0.09687499999999999,-0.00028393653951067413,-0.0011020336816933683
-0.129375,0.103125,-0.0002544911099431769,-0.0011095745951667643
-0.129375,0.109375,-0.00022697961866378422,-0.001118385645787985
-0.129375,0.11562499999999999,-0.000201383813203572,-0.0011282480350762194
-0.129375,0.12187499999999998,-0.00017766635351048807,-0.0011389597410463408
-0.129375,0.128125,-0.0001557742162921914,-0.0011503362593121853
-0.129375,0.13437499999999997,-0.00013564186827582817,-0.0011622108439135093
-0.129375,0.140625,-0.00011719416350280222,-0.0011744343351190202
-0.129375,0.14687499999999998,-0.00010034893875524525,-0.0011868746575720492
-0.129375,0.153125,-8.501929691047739e-05,-0.0011994160656312609
-0.129375,0.159375,-7.111558047641621e-05,-0.0012119582046055258
-0.129375,0.16562499999999997,-5.8547046991461795e-05,-0.0012244150476053094
-0.129375,0.171875,-4.7223264706511124e-05,-0.0012367137585704425
-0.129375,0.17812499999999998,-3.705525139189981e-05,-0.0012487935231568386
-0.129375,0.18437499999999998,-2.7956381631638435e-05,-0.0012606043808963633
-0.129375,0.190625,-1.984308897081309e-05,-0.0012721060845854316
-0.129375,0.19687499999999997,-1.2635389125870759e-05,-0.0012832670063119128
-0.129375,0.203125,-6.257249464330681e-06,-0.0012940631039251695
-0.129375,0.20937499999999998,-6.368283745226127e-07,-0.001304476957065873
-0.129375,0.21562499999999998,4.293393806542337e-06,-0.0013144968780402194
-0.129375,0.221875,8.596572786977307e-06,-0.0013241160997653103
-0.129375,0.22812499999999997,1.2331529927729742e-05,-0.0013333320406360278
-0.129375,0.234375,1.555283833695769e-05,-0.001342145644373225
-0.129375,0.24062499999999998,1.8310952404953127e-05,-0.0013505607916157122
-0.129375,0.24687499999999996,2.0652369670842638e-05,-0.001358583779128013
-0.129375,0.253125,2.2619815679837725e-05,-0.0013662228619342471
-0.129375,0.25937499999999997,2.4252444075399433e-05,-0.0013734878533873203
-0.129375,0.265625,2.5586045572386158e-05,-0.0013803897780829434
-0.129375,0.271875,2.665326068042912e-05,-0.001386940572580229
-0.129375,0.27812499999999996,2.7483792101567576e-05,-0.0013931528290536026
-0.129375,0.284375,2.810461362574811e-05,-0.001399039577241054
-0.129375,0.29062499999999997,2.854017310684511e-05,-0.001404614100344587
-0.129375,0.296875,2.881258773567448e-05,-0.0014098897808591116
-0.129375,0.303125,2.8941830350088648e-05,-0.0014148799726397914
-0.129375,0.30937499999999996,2.8945905950031947e-05,-0.0014195978958528672
-0.129375,0.315625,2.8841017930774545e-05,-0.0014240565517823747
-0.129375,0.32187499999999997,2.864172382259399e-05,-0.0014282686547786956
-0.129375,0.328125,2.8361080540886533e-05,-0.0014322465789304256
-0.129375,0.334375,2.801077931672454e-05,-0.0014360023173160248
-0.129375,0.34062499999999996,2.7601270602710238e-05,-0.0014395474519449127
-0.129375,0.34687499999999993,2.7141879339912832e-05,-0.0014428931327286772
-0.129375,0.35312499999999997,2.6640911035037448e-05,-0.0014460500640322393
-0.129375,0.359375,2.6105749138070196e-05,-0.0014490284975429255
-0.129375,0.365625,2.554294423402031e-05,-0.0014518382303636021
-0.129375,0.37187499999999996,2.4958295571793932e-05,-0.0014544886073855942
-0.129375,0.37812499999999993,2.435692545184438e-05,-0.0014569885271295223
-0.129375,0.38437499999999997,2.3743346984631033e-05,-0.0014593464503588692
-0.129375,0.390625,2.312152571621485e-05,-0.0014615704108735053
-0.129375,0.396875,2.2494935597241003e-05,-0.0014636680279799745
-0.129375,0.40312499999999996,2.1866609748501897e-05,-0.0014656465202133786
-0.129375,0.40937499999999993,2.1239186451336088e-05,-0.0014675127199534795
-0.129375,0.41562499999999997,2.061495076518039e-05,-0.0014692730886363102
-0.129375,0.421875,1.9995872148325064e-05,-0.001470933732313196
-0.129375,0.428125,1.9383638431850508e-05,-0.0014725004173526263
-0.129375,0.43437499999999996,1.8779686471235143e-05,-0.0014739785861177402
-0.129375,0.44062499999999993,1.8185229775503284e-05,-0.0014753733724840676
-0.129375,0.44687499999999997,1.7601283390229357e-05,-0.0014766896170893236
-0.129375,0.453125,1.7028686288363697e-05,-0.0014779318822300883
-0.129375,0.459375,1.6468121501774234e-05,-0.0014791044663396624
-0.129375,0.46562499999999996,1.5920134206646898e-05,-0.0014802114179977787
-0.129375,0.47187499999999993,1.5385147957460258e-05,-0.0014812565494365605
-0.129375,0.47812499999999997,1.4863479247130445e-05,-0.0014822434495185572
-0.129375,0.48437499999999994,1.4355350555074507e-05,-0.0014831754961721515
-0.129375,0.490625,1.3860902030313061e-05,-0.0014840558682774297
-0.129375,0.49687499999999996,1.3380201943275425e-05,-0.001484887557001955
-0.129375,0.5031249999999999,1.2913256027609574e-05,-0.001485673376591035
-0.129375,0.5093749999999999,1.2460015821980435e-05,-0.0014864159746211685
-0.129375,0.515625,1.2020386111485525e-05,-0.0014871178417286018
-0.129375,0.5218749999999999,1.1594231558868403e-05,-0.0014877813208274027
-0.129375,0.528125,1.1181382607094846e-05,-0.0014884086158333597
-0.129375,0.534375,1.0781640727017457e-05,-0.001489001799911357
-0.129375,0.5406249999999999,1.0394783076724921e-05,-0.0014895628232648222
-0.129375,0.546875,1.0020566632698472e-05,-0.0014900935204864144
-0.129375,0.5531249999999999,9.65873184702456e-06,-0.00149059561748941
-0.129375,0.559375,9.309005879588212e-06,-0.001491070738039297
-0.129375,0.565625,8.971105449348988e-06,-0.0014915204099049397
-0.129375,0.5718749999999999,8.644739344436177e-06,-0.001491946070648388
-0.129375,0.578125,8.329610626851913e-06,-0.0014923490730719868
-0.129375,0.5843749999999999,8.025418564001721e-06,-0.0014927306903409346
-0.129375,0.590625,7.731860316046726e-06,-0.0014930921207988637
-0.129375,0.596875,7.448632405160485e-06,-0.0014934344924933834
-0.125625,0.0031249999999999997,-0.0009392668979535068,-0.0012886911019558507
-0.125625,0.009375,-0.000896909800052898,-0.0012462870753137878
-0.125625,0.015625,-0.0008526320403737422,-0.0012083079075383566
-0.125625,0.021875,-0.0008069441490172561,-0.0011748153730900296
-0.125625,0.028124999999999997,-0.000760345533730775,-0.001145802528262714
-0.125625,0.034374999999999996,-0.0007133143434809156,-0.0011211986831109295
-0.125625,0.040624999999999994,-0.0006662988170884689,-0.0011008759098015163
-0.125625,0.046875,-0.0006197103229513654,-0.001084656675641188
-0.125625,0.05312499999999999,-0.0005739181856534622,-0.0010723221775136944
-0.125625,0.059375,-0.0005292462932302727,-0.0010636209713384365
-0.125625,0.06562499999999999,-0.00048597139164347777,-0.0010582775299492213
-0.125625,0.071875,-0.00044432290476920225,-0.0010560004188407926
-0.125625,0.078125,-0.0004044840706715245,-0.0010564898446498458
-0.125625,0.08437499999999999,-0.00036659415773325016,-0.0010594443996450164
-0.125625,0.09062499999999998,-0.000330751515338019,-0.0010645668915560743
-0.125625,0.09687499999999999,-0.0002970172201555339,-0.001071569207764198
-0.125625,0.103125,-0.00026541909705887507,-0.0010801762135897977
-0.125625,0.109375,-0.0002359559196159417,-0.0010901287248386872
-0.125625,0.11562499999999999,-0.00020860162554185317,-0.0011011856246787633
-0.125625,0.12187499999999998,-0.00018330941457536578,-0.0011131252149214534
-0.125625,0.128125,-0.0001600156276646357,-0.0011257459030333998
-0.125625,0.13437499999999997,-0.0001386433354652058,-0.0011388663301705397
-0.125625,0.140625,-0.00011910558990468118,-0.0011523250437797318
-0.125625,0.14687499999999998,-0.00010130831439685284,-0.0011659798123766236
-0.125625,0.153125,-8.515282603625307e-05,-0.001179706671358609
-0.125625,0.159375,-7.053799691004984e-05,-0.0011933987783194948
-0.125625,0.16562499999999997,-5.736207186323466e-05,-0.0012069651452413384
-0.125625,0.171875,-4.5524167095975626e-05,-0.001220329303868132
-0.125625,0.17812499999999998,-3.492547836008189e-05,-0.00123342795003014
-0.125625,0.18437499999999998,-2.547022975864942e-05,-0.0012462096030255625
-0.125625,0.190625,-1.7066394713236758e-05,-0.0012586333075730357
-0.125625,0.19687499999999997,-9.626219970694318e-06,-0.0012706673984084142
-0.125625,0.203125,-3.066581942020751e-06,-0.0012822883413141268
-0.125625,0.20937499999999998,2.6907974990248e-06,-0.0012934796591843683
-0.125625,0.21562499999999998,7.719251136446904e-06,-0.0013042309475533545
-0.125625,0.221875,1.2087160490923905e-05,-0.0013145369807357
-0.125625,0.22812499999999997,1.5858024569726e-05,-0.0013243969072285807
-0.125625,0.234375,1.909058658609124e-05,-0.0013338135311861735
-0.125625,0.24062499999999998,2.183900437696564e-05,-0.0013427926754857435
-0.125625,0.24687499999999996,2.4153052481159684e-05,-0.0013513426210592689
-0.125625,0.253125,2.6078345853884645e-05,-0.0013594736166738972
-0.125625,0.25937499999999997,2.7656576981128786e-05,-0.001367197453130271
-0.125625,0.265625,2.892575972190423e-05,-0.0013745270958432573
-0.125625,0.271875,2.9920474558732166e-05,-0.0013814763699195394
-0.125625,0.27812499999999996,3.067211109211415e-05,-0.0013880596921057192
-0.125625,0.284375,3.120910459100417e-05,-0.001394291844312726
-0.125625,0.29062499999999997,3.1557164227381155e-05,-0.001400187783798986
-0.125625,0.296875,3.173949129786058e-05,-0.0014057624854938733
-0.125625,0.303125,3.177698628711475e-05,-0.0014110308123478766
-0.125625,0.30937499999999996,3.168844407374983e-05,-0.0014160074099944416
-0.125625,0.315625,3.1490736934837465e-05,-0.001420706622391972
-0.125625,0.32187499999999997,3.1198985284545116e-05,-0.0014251424254771632
-0.125625,0.328125,3.0826716297723175e-05,-0.0014293283761990497
-0.125625,0.334375,3.0386010731766638e-05,-0.0014332775746149808
-0.125625,0.34062499999999996,2.9887638379023014e-05,-0.0014370026370144433
-0.125625,0.34687499999999993,2.934118266555447e-05,-0.0014405156782945146
-0.125625,0.35312499999999997,2.8755154967071695e-05,-0.0014438283020426024
-0.125625,0.359375,2.8137099245128786e-05,-0.0014469515969893591
-0.125625,0.365625,2.749368762107158e-05,-0.0014498961386788262
-0.125625,0.37187499999999996,2.6830807505783214e-05,-0.0014526719953657375
-0.125625,0.37812499999999993,2.6153640893302596e-05,-0.0014552887372933023
-0.125625,0.38437499999999997,2.5466736408607226e-05,-0.0014577554486304958
-0.125625,0.390625,2.4774074676459776e-05,-0.0014600807414576718
-0.125625,0.396875,2.407912755098177e-05,-0.0014622727712848512
-0.125625,0.40312499999999996,2.3384911715946258e-05,-0.0014643392536698668
-0.125625,0.40937499999999993,2.269403713478111e-05,-0.0014662874815751493
-0.125625,0.41562499999999997,2.2008750797803252e-05,-0.0014681243431635994
-0.125625,0.421875,2.133097618292319e-05,-0.0014698563397869378
-0.125625,0.428125,2.0662348815452786e-05,-0.0014714896039652366
-0.125625,0.43437499999999996,2.000424828308302e-05,-0.0014730299171949713
-0.125625,0.44062499999999993,1.9357827033820094e-05,-0.001474482727455775
-0.125625,0.44687499999999997,1.8724036257842017e-05,-0.0014758531663138837
-0.125625,0.453125,1.810364912896908e-05,-0.00147714606554371
-0.125625,0.459375,1.7497281657771825e-05,-0.0014783659732086779
-0.125625,0.46562499999999996,1.6905411386280586e-05,-0.0014795171691589124
-0.125625,0.47187499999999993,1.6328394133786623e-05,-0.0014806036799170615
-0.125625,0.47812499999999997,1.576647898429439e-05,-0.001481629292934835
-0.125625,0.48437499999999994,1.5219821688733162e-05,-0.00148259757021213
-0.125625,0.490625,1.468849663899768e-05,-0.0014835118612781617
-0.125625,0.49687499999999996,1.417250755618014e-05,-0.0014843753155401103
-0.125625,0.5031249999999999,1.3671797021900022e-05,-0.0014851908940096384
-0.125625,0.5093749999999999,1.3186254969349855e-05,-0.0014859613804214377
-0.125625,0.515625,1.2715726239475242e-05,-0.00148668939176089
-0.125625,0.5218749999999999,1.2260017297509106e-05,-0.0014873773882201047
-0.125625,0.528125,1.1818902195813347e-05,-0.0014880276826031795
-0.125625,0.534375,1.13921278605663e-05,-0.0014886424492025932
-0.125625,0.5406249999999999,1.0979418772202245e-05,-0.001489223732169283
-0.125625,0.546875,1.0580481102596355e-05,-0.0014897734533992723
-0.125625,0.5531249999999999,1.0195006365729278e-05,-0.0014902934199597343
-0.125625,0.559375,9.822674632903906e-06,-0.0014907853310771797
-0.125625,0.565625,9.463157358471682e-06,-0.00149125078471009
-0.125625,0.5718749999999999,9.116119857402436e-06,-0.0014916912837277941
-0.125625,0.578125,8.781223471861023e-06,-0.0014921082417167731
-0.125625,0.5843749999999999,8.458127460188824e-06,-0.0014925029884348755
-0.125625,0.590625,8.146490638293887e-06,-0.0014928767749331686
-0.125625,0.596875,7.845972800393767e-06,-0.0014932307783643603
-0.121875,0.0031249999999999997,-0.0010072883175693164,-0.0012693925540356035
-0.121875,0.009375,-0.0009611827955306347,-0.0012232460288016506
-0.121875,0.015625,-0.0009129467378697723,-0.0011819974336336019
-0.121875,0.021875,-0.0008631554898047522,-0.0011457156530023348
-0.121875,0.028124999999999997,-0.0008123712809157505,-0.0011143908815083657
-0.121875,0.034374999999999996,-0.0007611314685185021,-0.0010879405209722676
-0.121875,0.040624999999999994,-0.0007099385639475258,-0.0010662168726357786
-0.121875,0.046875,-0.000659252280218581,-0.001049016124439912
-0.121875,0.05312499999999999,-0.000609483704507156,-0.0010360881226121952
-0.121875,0.059375,-0.0005609915751146389,-0.0010271464409786761
-0.121875,0.06562499999999999,-0.0005140805381551614,-0.0010218783132922979
-0.121875,0.071875,-0.0004690011789581805,-0.001019954064869797
-0.121875,0.078125,-0.00042595156891642405,-0.001021035761228807
-0.121875,0.08437499999999999,-0.0003850800393340248,-0.0010247848752848682
-0.121875,0.09062499999999998,-0.00034648888687834745,-0.0010308688545116061
-0.121875,0.09687499999999999,-0.0003102387264001377,-0.0010389665405509986
-0.121875,0.103125,-0.0002763532315037094,-0.0010487724531461995
-0.121875,0.109375,-0.00024482403669631286,-0.0010599999966453852
-0.121875,0.11562499999999999,-0.00021561561304621742,-0.0010723836807074484
-0.121875,0.12187499999999998,-0.00018866996855658794,-0.0010856804682176596
-0.121875,0.128125,-0.00016391106225230158,-0.0010996703744033636
-0.121875,0.13437499999999997,-0.00014124885542317212,-0.0011141564436481124
-0.121875,0.140625,-0.00012058295344229773,-0.0011289642265252735
-0.121875,0.14687499999999998,-0.00010180581656189715,-0.0011439408709865463
-0.121875,0.153125,-8.480553802794072e-05,-0.0011589539301024227
-0.121875,0.159375,-6.946820302815418e-05,-0.001173889975636821
-0.121875,0.16562499999999997,-5.567985288598752e-05,-0.0011886530931291834
-0.121875,0.171875,-4.332808613901055e-05,-0.0012031633208561762
-0.121875,0.17812499999999998,-3.230333233415129e-05,-0.0012173550826049635
-0.121875,0.18437499999999998,-2.2499836157757775e-05,-0.0012311756529558109
-0.121875,0.190625,-1.3816389467919481e-05,-0.0012445836839228414
-0.121875,0.19687499999999997,-6.1568474112352196e-06,-0.0012575478133923115
-0.121875,0.203125,5.695374911864481e-07,-0.0012700453687928875
-0.121875,0.20937499999999998,6.4479322695509574e-06,-0.0012820611737378385
-0.121875,0.21562499999999998,1.1557863588294936e-05,-0.0012935864608653988
-0.121875,0.221875,1.597325638920735e-05,-0.0013046178906242255
-0.121875,0.22812499999999997,1.976254970047377e-05,-0.001315156673155463
-0.121875,0.234375,2.2988871261925562e-05,-0.0013252077885661845
-0.121875,0.24062499999999998,2.5710255437303822e-05,-0.0013347792996364948
-0.121875,0.24687499999999996,2.797989144346457e-05,-0.0013438817502340592
-0.121875,0.253125,2.984639120823385e-05,-0.0013525276423204066
-0.121875,0.25937499999999997,3.135406817266139e-05,-0.001360730984333657
-0.121875,0.265625,3.2543220090099706e-05,-0.0013685069038477462
-0.121875,0.271875,3.3450410361175175e-05,-0.0013758713176775916
-0.121875,0.27812499999999996,3.410874370177146e-05,-0.0013828406529738128
-0.121875,0.284375,3.454813299398859e-05,-0.001389431613290684
-0.121875,0.29062499999999997,3.4795555041489456e-05,-0.0013956609840869191
-0.121875,0.296875,3.4875293663844165e-05,-0.0014015454726078924
-0.121875,0.303125,3.480916914123629e-05,-0.001407101577583145
-0.121875,0.30937499999999996,3.461675348126028e-05,-0.0014123454846426055
-0.121875,0.315625,3.4315571341589287e-05,-0.001417292983800635
-0.121875,0.32187499999999997,3.392128672209074e-05,-0.001421959405773666
-0.121875,0.328125,3.3447875751571996e-05,-0.0014263595742818932
-0.121875,0.334375,3.2907786049950236e-05,-0.001430507771837058
-0.121875,0.34062499999999996,3.231208325669155e-05,-0.0014344177168368517
-0.121875,0.34687499999999993,3.1670585389751396e-05,-0.0014381025500728487
-0.121875,0.35312499999999997,3.0991985743432174e-05,-0.0014415748290147105
-0.121875,0.359375,3.0283965054823382e-05,-0.0014448465284606002
-0.121875,0.365625,2.9553293671964076e-05,-0.0014479290463444983
-0.121875,0.37187499999999996,2.880592444685367e-05,-0.0014508332136676542
-0.121875,0.37812499999999993,2.804707705638798e-05,-0.0014535693076759856
-0.121875,0.38437499999999997,2.7281314427046996e-05,-0.0014561470675400572
-0.121875,0.390625,2.6512611906957988e-05,-0.001458575711911415
-0.121875,0.396875,2.574441979359202e-05,-0.0014608639578304677
-0.121875,0.40312499999999996,2.497971978823996e-05,-0.0014630200405486048
-0.121875,0.40937499999999993,2.4221075910636224e-05,-0.0014650517339024952
-0.121875,0.41562499999999997,2.347068036949466e-05,-0.0014669663709429872
-0.121875,0.421875,2.2730394847905464e-05,-0.0014687708645761213
-0.121875,0.428125,2.2001787626969614e-05,-0.0014704717280206473
-0.121875,0.43437499999999996,2.1286166937033308e-05,-0.0014720750949262112
-0.121875,0.44062499999999993,2.0584610893637378e-05,-0.0014735867390299833
-0.121875,0.44687499999999997,1.989799434493846e-05,-0.0014750120932577795
-0.121875,0.453125,1.9227012928951388e-05,-0.0014763562681994313
-0.121875,0.459375,1.8572204612512254e-05,-0.001477624069907923
-0.121875,0.46562499999999996,1.793396895934108e-05,-0.001478820016988209
-0.121875,0.47187499999999993,1.7312584351937003e-05,-0.0014799483569551328
-0.121875,0.47812499999999997,1.6708223371191176e-05,-0.0014810130818509399
-0.121875,0.48437499999999994,1.6120966518464314e-05,-0.001482017943121843
-0.121875,0.490625,1.5550814447351837e-05,-0.001482966465760319
-0.121875,0.49687499999999996,1.4997698856348717e-05,-0.0014838619617255366
-0.121875,0.5031249999999999,1.4461492179024096e-05,-0.0014847075426587845
-0.121875,0.5093749999999999,1.39420161950254e-05,-0.0014855061319141928
-0.121875,0.515625,1.3439049673149596e-05,-0.0014862604759275828
-0.121875,0.5218749999999999,1.2952335146753691e-05,-0.0014869731549480918
-0.121875,0.528125,1.2481584911834512e-05,-0.0014876465931584432
-0.121875,0.534375,1.2026486329105586e-05,-0.0014882830682104416
-0.121875,0.5406249999999999,1.1586706503252652e-05,-0.0014888847202025955
-0.121875,0.546875,1.1161896405187893e-05,-0.001489453560126757
-0.121875,0.5531249999999999,1.0751694496473118e-05,-0.0014899914778104032
-0.121875,0.559375,1.0355729909079889e-05,-0.0014905002493806976
-0.121875,0.565625,9.973625228242674e-06,-0.001490981544275844
-0.121875,0.5718749999999999,9.604998921279991e-06,-0.0014914369318284792
-0.121875,0.578125,9.249467450863347e-06,-0.0014918678874450066
-0.121875,0.5843749999999999,8.906647107254614e-06,-0.0014922757984038562
-0.121875,0.590625,8.576155590468217e-06,-0.001492661969294709
-0.121875,0.596875,8.257613370109585e-06,-0.00149302762711974
-0.118125,0.0031249999999999997,-0.0010800924308275524,-0.0012482819383421782
-0.118125,0.009375,-0.0010298862298769704,-0.0011980605488515093
-0.118125,0.015625,-0.000977317261806577,-0.00115326431717709
-0.118125,0.021875,-0.0009230344454471166,-0.0011139698003087843
-0.118125,0.028124999999999997,-0.0008676711751128887,-0.0010801633659625212
-0.118125,0.034374999999999996,-0.0008118316741744662,-0.0010517482038327462
-0.118125,0.040624999999999994,-0.0007560794935969821,-0.0010285534345662282
-0.118125,0.046875,-0.0007009284307174324,-0.0010103447080868654
-0.118125,0.05312499999999999,-0.0006468359778783314,-0.000996835674083894
-0.118125,0.059375,-0.0005941992603014915,-0.0009876997416208562
-0.118125,0.06562499999999999,-0.0005433532975886149,-0.0009825816124051606
-0.118125,0.071875,-0.0004945713291280487,-0.0009811081622248437
-0.118125,0.078125,-0.000448066882152716,-0.0009828983463620097
-0.118125,0.08437499999999999,-0.0004039972306009095,-0.0009875719075872723
-0.118125,0.09062499999999998,-0.0003624678892471473,-0.0009947567617568948
-0.118125,0.09687499999999999,-0.0003235378053413298,-0.001004095020523543
-0.118125,0.103125,-0.00028722494324166645,-0.0010152476799841503
-0.118125,0.109375,-0.00025351200045942157,-0.0010278980570040512
-0.118125,0.11562499999999999,-0.00022235204104485733,-0.0010417540918611478
-0.118125,0.12187499999999998,-0.00019367388019145206,-0.001056549658266157
-0.118125,0.128125,-0.0001673870992392194,-0.0010720450319347912
-0.118125,0.13437499999999997,-0.00014338661085999221,-0.0010880266692120189
-0.118125,0.140625,-0.00012155672894630287,-0.0011043064402763863
-0.118125,0.14687499999999998,-0.00010177472616329354,-0.0011207204494823111
-0.118125,0.153125,-8.391388436247073e-05,-0.0011371275604087103
-0.118125,0.159375,-6.784605956765643e-05,-0.0011534077267786537
-0.118125,0.16562499999999997,-5.344379471748136e-05,-0.0011694602138262176
-0.118125,0.171875,-4.058202057795663e-05,-0.0011852017787954369
-0.118125,0.17812499999999998,-2.9139389031296818e-05,-0.0012005648646448656
-0.118125,0.18437499999999998,-1.899928406779314e-05,-0.001215495848038006
-0.118125,0.190625,-1.0050554941303809e-05,-0.0012299533714739625
-0.118125,0.19687499999999997,-2.188013683360435e-06,-0.0012439067799647453
-0.118125,0.203125,4.687264008857752e-06,-0.001257334674911176
-0.118125,0.20937499999999998,1.0667799202866499e-05,-0.001270223591624008
-0.118125,0.21562499999999998,1.5839700109820244e-05,-0.0012825668021037902
-0.118125,0.221875,2.0282754991592902e-05,-0.0012943632410431355
-0.118125,0.22812499999999997,2.4070603981325777e-05,-0.001305616550361207
-0.118125,0.234375,2.7270969762709034e-05,-0.0013163342357463647
-0.118125,0.24062499999999998,2.9945930306085333e-05,-0.0013265269275096589
-0.118125,0.24687499999999996,3.2152219774862995e-05,-0.0013362077373990598
-0.118125,0.253125,3.394154628621157e-05,-0.0013453917027718696
-0.118125,0.25937499999999997,3.536091744400278e-05,-0.001354095309569855
-0.118125,0.265625,3.6452966478453315e-05,-0.0013623360858053414
-0.118125,0.271875,3.725627345135427e-05,-0.0013701322576799167
-0.118125,0.27812499999999996,3.780567734689497e-05,-0.001377502460967477
-0.118125,0.284375,3.813257599577874e-05,-0.0013844655008589416
-0.118125,0.29062499999999997,3.82652117039766e-05,-0.0013910401540558294
-0.118125,0.296875,3.82289412049873e-05,-0.001397245007490808
-0.118125,0.303125,3.804648915165965e-05,-0.001403098328628738
-0.118125,0.30937499999999996,3.773818483381151e-05,-0.0014086179628501618
-0.118125,0.315625,3.732218217182264e-05,-0.0014138212539333045
-0.118125,0.32187499999999997,3.6814663312280845e-05,-0.0014187249841261366
-0.118125,0.328125,3.623002635541072e-05,-0.0014233453307350243
-0.118125,0.334375,3.558105788893457e-05,-0.0014276978365506837
-0.118125,0.34062499999999996,3.487909110069114e-05,-0.0014317973917865813
-0.118125,0.34687499999999993,3.4134150302437524e-05,-0.0014356582255213998
-0.118125,0.35312499999999997,3.3355082727848716e-05,-0.0014392939049180581
-0.118125,0.359375,3.2549678475488265e-05,-0.0014427173407397101
-0.118125,0.365625,3.1724779457932074e-05,-0.0014459407979009334
-0.118125,0.37187499999999996,3.0886378195759346e-05,-0.0014489759099827752
-0.118125,0.37812499999999993,3.0039707263384548e-05,-0.0014518336968061933
-0.118125,0.38437499999999997,2.918932015558111e-05,-0.0014545245843023235
-0.118125,0.390625,2.833916430132944e-05,-0.001457058426042392
-0.118125,0.396875,2.7492646907104416e-05,-0.001459444525897215
-0.118125,0.40312499999999996,2.665269426628275e-05,-0.001461691661388193
-0.118125,0.40937499999999993,2.5821805126055424e-05,-0.001463808107370364
-0.118125,0.41562499999999997,2.5002098658858256e-05,-0.001465801659755147
-0.118125,0.421875,2.4195357542456733e-05,-0.0014676796590373776
-0.118125,0.428125,2.340306661182999e-05,-0.001469449013439455
-0.118125,0.43437499999999996,2.262644750716437e-05,-0.0014711162215260976
-0.118125,0.44062499999999993,2.186648970573418e-05,-0.001472687394177336
-0.118125,0.44687499999999997,2.112397829129468e-05,-0.0014741682758359358
-0.118125,0.453125,2.039951878284847e-05,-0.001475564264969187
-0.118125,0.459375,1.9693559315234508e-05,-0.001476880433704655
-0.118125,0.46562499999999996,1.900641043685965e-05,-0.0014781215466156449
-0.118125,0.47187499999999993,1.8338262764949586e-05,-0.0014792920786453143
-0.118125,0.47812499999999997,1.7689202715831534e-05,-0.0014803962321690554
-0.118125,0.48437499999999994,1.7059226506853276e-05,-0.0014814379532032968
-0.118125,0.490625,1.6448252607467637e-05,-0.0014824209467756491
-0.118125,0.49687499999999996,1.5856132799641918e-05,-0.001483348691476561
-0.118125,0.5031249999999999,1.5282661991963078e-05,-0.0014842244532166577
-0.118125,0.5093749999999999,1.4727586917479418e-05,-0.0014850512982168887
-0.118125,0.515625,1.4190613832332938e-05,-0.0014858321052606974
-0.118125,0.5218749999999999,1.3671415320478741e-05,-0.0014865695772388059
-0.118125,0.528125,1.3169636299157829e-05,-0.0014872662520179982
-0.118125,0.534375,1.26848993101866e-05,-0.0014879245126656053
-0.118125,0.5406249999999999,1.2216809173458254e-05,-0.001488546597061333
-0.118125,0.546875,1.1764957071235351e-05,-0.0014891346069277008
-0.118125,0.5531249999999999,1.1328924124768571e-05,-0.0014896905163097683
-0.118125,0.559375,1.090828451843211e-05,-0.0014902161795340137
-0.118125,0.565625,1.050260822085634e-05,-0.001490713338675322
-0.118125,0.5718749999999999,1.0111463347401178e-05,-0.001491183630559994
-0.118125,0.578125,9.734418203694163e-06,-0.00149162859333159
-0.118125,0.5843749999999999,9.371043045806051e-06,-0.0014920496726052819
-0.118125,0.590625,9.02091158890584e-06,-0.0014924482272352067
-0.118125,0.596875,8.683602292888377e-06,-0.0014928255347181469
-0.11437499999999999,0.0031249999999999997,-0.00115802163530201,-0.0012251770568694914
-0.11437499999999999,0.009375,-0.0011033255000812835,-0.0011705178757475368
-0.11437499999999999,0.015625,-0.0010460096982974761,-0.0011218720723585693
-0.11437499999999999,0.021875,-0.0009868067623165508,-0.0010793244173574559
-0.11437499999999999,0.028124999999999997,-0.0009264307801794383,-0.0010428562157270768
-0.11437499999999999,0.034374999999999996,-0.0008655615431003327,-0.001012353663188639
-0.11437499999999999,0.040624999999999994,-0.0008048312790186024,-0.000987618654182812
-0.11437499999999999,0.046875,-0.0007448142888919065,-0.0009683812998559808
-0.11437499999999999,0.05312499999999999,-0.0006860195989058087,-0.0009543134092778787
-0.11437499999999999,0.059375,-0.0006288865593124994,-0.0009450422347908657
-0.11437499999999999,0.06562499999999999,-0.0005737831711186952,-0.0009401638703782124
-0.11437499999999999,0.071875,-0.0005210068118008988,-0.0009392558059685882
-0.11437499999999999,0.078125,-0.0004707869620370095,-0.0009418882666795384
-0.11437499999999999,0.08437499999999999,-0.0004232895043775152,-0.0009476340919425878
-0.11437499999999999,0.09062499999999998,-0.00037862216622466197,-0.0009560770257457253
-0.11437499999999999,0.09687499999999999,-0.00033684070623942115,-0.0009668183894246184
-0.11437499999999999,0.103125,-0.000297955487698112,-0.0009794821890216263
-0.11437499999999999,0.109375,-0.00026193813714781543,-0.0009937187692183715
-0.11437499999999999,0.11562499999999999,-0.00022872804574725186,-0.0010092071661698828
-0.11437499999999999,0.12187499999999998,-0.0001982385290229959,-0.0010256563344652524
-0.11437499999999999,0.128125,-0.00017036251489493498,-0.001042805431876622
-0.11437499999999999,0.13437499999999997,-0.00014497767749062506,-0.0010604233427531757
-0.11437499999999999,0.140625,-0.00012195097432949257,-0.001078307609990723
-0.11437499999999999,0.14687499999999998,-0.00010114257662468148,-0.0010962829292563636
-0.11437499999999999,0.153125,-8.240920704877984e-05,-0.0011141993399189207
-0.11437499999999999,0.159375,-6.560691706521979e-05,-0.0011319302267854725
-0.11437499999999999,0.16562499999999997,-5.059334778463967e-05,-0.0011493702266526366
-0.11437499999999999,0.171875,-3.7229525291269546e-05,-0.0011664331148027616
-0.11437499999999999,0.17812499999999998,-2.5381244507787565e-05,-0.0011830497295071258
-0.11437499999999999,0.18437499999999998,-1.4920095857355264e-05,-0.0011991659776543035
-0.11437499999999999,0.190625,-5.724187051768141e-06,-0.0012147409519026127
-0.11437499999999999,0.19687499999999997,2.321391032411887e-06,-0.0012297451792106003
-0.11437499999999999,0.203125,9.324309680591894e-06,-0.0012441590120796007
-0.11437499999999999,0.20937499999999998,1.5384918868910668e-05,-0.0012579711671400397
-0.11437499999999999,0.21562499999999998,2.0596299835678225e-05,-0.001271177410593946
-0.11437499999999999,0.221875,2.5044423279361183e-05,-0.001283779386250369
-0.11437499999999999,0.22812499999999997,2.8808387254980988e-05,-0.001295783579228302
-0.11437499999999999,0.234375,3.196071297532338e-05,-0.0013072004066421756
-0.11437499999999999,0.24062499999999998,3.4567680451279953e-05,-0.0013180434255407835
-0.11437499999999999,0.24687499999999996,3.6689689207059825e-05,-0.0013283286478798892
-0.11437499999999999,0.253125,3.8381632184585304e-05,-0.0013380739522353005
-0.11437499999999999,0.25937499999999997,3.9693273426838355e-05,-0.001347298582194213
-0.11437499999999999,0.265625,4.0669622231833454e-05,-0.001356022721806851
-0.11437499999999999,0.271875,4.1351298232415906e-05,-0.0013642671390653282
-0.11437499999999999,0.27812499999999996,4.1774883319590185e-05,-0.0013720528890458035
-0.11437499999999999,0.284375,4.197325752592397e-05,-0.0013794010690603344
-0.11437499999999999,0.29062499999999997,4.1975916956479236e-05,-0.001386332618884363
-0.11437499999999999,0.296875,4.180927263096016e-05,-0.001392868159831426
-0.11437499999999999,0.303125,4.149692971249649e-05,-0.0013990278671224422
-0.11437499999999999,0.30937499999999996,4.1059947072629584e-05,-0.001404831370632361
-0.11437499999999999,0.315625,4.051707750225321e-05,-0.0014102976796858044
-0.11437499999999999,0.32187499999999997,3.988498914498869e-05,-0.0014154451281125676
-0.11437499999999999,0.328125,3.9178468920282774e-05,-0.0014202913362627765
-0.11437499999999999,0.334375,3.84106088333264e-05,-0.0014248531871210775
-0.11437499999999999,0.34062499999999996,3.759297615022087e-05,-0.0014291468140515912
-0.11437499999999999,0.34687499999999993,3.673576846011007e-05,-0.001433187598053322
-0.11437499999999999,0.35312499999999997,3.584795465988552e-05,-0.001436990172712577
-0.11437499999999999,0.359375,3.493740288862877e-05,-0.001440568435308182
-0.11437499999999999,0.365625,3.401099641394293e-05,-0.0014439355627604083
-0.11437499999999999,0.37187499999999996,3.307473843536704e-05,-0.0014471040313190045
-0.11437499999999999,0.37812499999999993,3.213384672488425e-05,-0.0014500856390628227
-0.11437499999999999,0.38437499999999997,3.1192838974042334e-05,-0.001452891530436361
-0.11437499999999999,0.390625,3.0255609663696305e-05,-0.0014555322221799305
-0.11437499999999999,0.396875,2.932549921762452e-05,-0.0014580176301227299
-0.11437499999999999,0.40312499999999996,2.8405356146599906e-05,-0.0014603570964042245
-0.11437499999999999,0.40937499999999993,2.7497592835905378e-05,-0.0014625594167709903
-0.11437499999999999,0.41562499999999997,2.660423557749642e-05,-0.0014646328676655186
-0.11437499999999999,0.421875,2.5726969398523602e-05,-0.0014665852328820152
-0.11437499999999999,0.428125,2.486717819106809e-05,-0.0014684238296135072
-0.11437499999999999,0.43437499999999996,2.4025980603902106e-05,-0.001470155533755836
-0.11437499999999999,0.44062499999999993,2.3204262115956558e-05,-0.0014717868043685517
-0.11437499999999999,0.44687499999999997,2.2402703672968344e-05,-0.0014733237072212864
-0.11437499999999999,0.453125,2.162180723344399e-05,-0.0014747719373777754
-0.11437499999999999,0.459375,2.0861918537526353e-05,-0.0014761368407890157
-0.11437499999999999,0.46562499999999996,2.0123247382466288e-05,-0.0014774234348827972
-0.11437499999999999,0.47187499999999993,1.9405885661045487e-05,-0.0014786364281495245
-0.11437499999999999,0.47812499999999997,1.870982339431821e-05,-0.0014797802387343836
-0.11437499999999999,0.48437499999999994,1.80349629672868e-05,-0.0014808590120538774
-0.11437499999999999,0.490625,1.7381131755435482e-05,-0.001481876637460932
-0.11437499999999999,0.49687499999999996,1.674809331127292e-05,-0.0014828367639874475
-0.11437499999999999,0.5031249999999999,1.6135557263016935e-05,-0.0014837428151965898
-0.11437499999999999,0.5093749999999999,1.5543188062159168e-05,-0.001484598003179526
-0.11437499999999999,0.515625,1.4970612702730166e-05,-0.0014854053417328477
-0.11437499999999999,0.5218749999999999,1.4417427522521773e-05,-0.0014861676587538033
-0.11437499999999999,0.528125,1.3883204185191721e-05,-0.0014868876078907574
-0.11437499999999999,0.534375,1.3367494931963806e-05,-0.0014875676794861602
-0.11437499999999999,0.5406249999999999,1.2869837182441587e-05,-0.001488210210848816
-0.11437499999999999,0.546875,1.2389757555780426e-05,-0.001488817395891468
-0.11437499999999999,0.5531249999999999,1.1926775376022693e-05,-0.0014893912941687333
-0.11437499999999999,0.559375,1.1480405718714437e-05,-0.0014899338393492875
-0.11437499999999999,0.565625,1.1050162049916713e-05,-0.0014904468471549342
-0.11437499999999999,0.5718749999999999,1.0635558503331516e-05,-0.0014909320227978731
-0.11437499999999999,0.578125,1.0236111836424295e-05,-0.0014913909679460941
-0.11437499999999999,0.5843749999999999,9.851343102083402e-06,-0.0014918251872454258
-0.11437499999999999,0.590625,9.480779068463803e-06,-0.0014922360944253576
-0.11437499999999999,0.596875,9.123953416173248e-06,-0.001492625018014361
-0.11062499999999999,0.0031249999999999997,-0.0012414452611271478,-0.0011998752561251326
-0.11062499999999999,0.009375,-0.0011818284365743893,-0.001140381805571004
-0.11062499999999999,0.015625,-0.0011193078474584864,-0.0010875587486114347
-0.11062499999999999,0.021875,-0.0010547111659247742,-0.0010414995626173513
-0.11062499999999999,0.028124999999999997,-0.000988844070394805,-0.0010021789131663035
-0.11062499999999999,0.034374999999999996,-0.000922471815724616,-0.0009694626386568254
-0.11062499999999999,0.040624999999999994,-0.000856303928007916,-0.0009431205999962066
-0.11062499999999999,0.046875,-0.0007909823868241728,-0.0009228414897261904
-0.11062499999999999,0.05312499999999999,-0.0007270734073669921,-0.000908248695833469
-0.11062499999999999,0.059375,-0.0006650627131889553,-0.0008989163814817764
-0.11062499999999999,0.06562499999999999,-0.0006053540116962512,-0.0008943850563964383
-0.11062499999999999,0.071875,-0.0005482702563331765,-0.000894176060194932
-0.11062499999999999,0.078125,-0.0004940572024345094,-0.0008978045348871187
-0.11062499999999999,0.08437499999999999,-0.00044288873368160837,-0.0009047906179724154
-0.11062499999999999,0.09062499999999998,-0.0003948734452308627,-0.0009146687276215097
-0.11062499999999999,0.09687499999999999,-0.00035006200840784316,-0.0009269949299315746
-0.11062499999999999,0.103125,-0.00030845490060645074,-0.0009413524715129438
-0.11062499999999999,0.109375,-0.00027001015371721495,-0.0009573556281365924
-0.11062499999999999,0.11562499999999999,-0.0002346508475078493,-0.0009746520635785112
-0.11062499999999999,0.12187499999999998,-0.0002022721451292367,-0.0009929239153457924
-0.11062499999999999,0.128125,-0.00017274773233833828,-0.0010118878296099805
-0.11062499999999999,0.13437499999999997,-0.0001459355777380301,-0.0010312941605211082
-0.11062499999999999,0.140625,-0.00012168297727675374,-0.001050925533002706
-0.11062499999999999,0.14687499999999998,-9.983088237395401e-05,-0.0010705949465112104
-0.11062499999999999,0.153125,-8.02175379780086e-05,-0.0010901435728452554
-0.11062499999999999,0.159375,-6.268147568107262e-05,-0.0011094383760360046
-0.11062499999999999,0.16562499999999997,-4.706391897506045e-05,-0.0011283696581676336
-0.11062499999999999,0.171875,-3.321066414580951e-05,-0.0011468486126790126
-0.11062499999999999,0.17812499999999998,-2.0973502416226505e-05,-0.0011648049468736094
-0.11062499999999999,0.18437499999999998,-1.0211247882779086e-05,-0.0011821846182794396
-0.11062499999999999,0.190625,-7.904324999727104e-07,-0.001198947715182648
-0.11062499999999999,0.19687499999999997,7.414275360007086e-06,-0.0012150664999743348
-0.11062499999999999,0.203125,1.4519877789342579e-05,-0.0012305236246678837
-0.11062499999999999,0.20937499999999998,2.0635034573333672e-05,-0.0012453105207780955
-0.11062499999999999,0.21562499999999998,2.586019155833314e-05,-0.0012594259603999067
-0.11062499999999999,0.221875,3.0287816599109807e-05,-0.001272874781484485
-0.11062499999999999,0.22812499999999997,3.4002714779345566e-05,-0.0012856667677051392
-0.11062499999999999,0.234375,3.7082399368765524e-05,-0.0012978156716843563
-0.11062499999999999,0.24062499999999998,3.9597499225897404e-05,-0.0013093383694984724
-0.11062499999999999,0.24687499999999996,4.1612187070953096e-05,-0.0013202541341029595
-0.11062499999999999,0.253125,4.3184616257107395e-05,-0.0013305840154756107
-0.11062499999999999,0.25937499999999997,4.436735639415462e-05,-0.0013403503157322495
-0.11062499999999999,0.265625,4.520782046865645e-05,-0.0013495761481305132
-0.11062499999999999,0.271875,4.574867800589639e-05,-0.0013582850696641584
-0.11062499999999999,0.27812499999999996,4.602825037859182e-05,-0.001366500777803808
-0.11062499999999999,0.284375,4.608088563126841e-05,-0.0013742468628158457
-0.11062499999999999,0.29062499999999997,4.593731120035377e-05,-0.001381546607957137
-0.11062499999999999,0.296875,4.562496370756744e-05,-0.0013884228306770394
-0.11062499999999999,0.303125,4.516829562300866e-05,-0.0013948977587448872
-0.11062499999999999,0.30937499999999996,4.4589059065268846e-05,-0.001400992935951807
-0.11062499999999999,0.315625,4.390656735558157e-05,-0.0014067291527056498
-0.11062499999999999,0.32187499999999997,4.3137935194332785e-05,-0.0014121263974455971
-0.11062499999999999,0.328125,4.2298298500592815e-05,-0.0014172038253494267
-0.11062499999999999,0.334375,4.140101506496836e-05,-0.0014219797412939525
-0.11062499999999999,0.34062499999999996,4.0457847226578074e-05,-0.0014264715944612147
-0.11062499999999999,0.34687499999999993,3.9479127807502225e-05,-0.001430695982363623
-0.11062499999999999,0.35312499999999997,3.847391053181459e-05,-0.0014346686623948179
-0.11062499999999999,0.359375,3.7450106128693184e-05,-0.0014384045693039216
-0.11062499999999999,0.365625,3.641460527610423e-05,-0.0014419178372434267
-0.11062499999999999,0.37187499999999996,3.5373389487921226e-05,-0.0014452218252593854
-0.11062499999999999,0.37812499999999993,3.433163098683903e-05,-0.0014483291452806852
-0.11062499999999999,0.38437499999999997,3.329378254099252e-05,-0.001451251691825656
-0.11062499999999999,0.390625,3.226365817604521e-05,-0.001454000672782293
-0.11062499999999999,0.396875,3.124450560838089e-05,-0.0014565866407360122
-0.11062499999999999,0.40312499999999996,3.023907118016981e-05,-0.0014590195244187146
-0.11062499999999999,0.40937499999999993,2.9249658014397897e-05,-0.001461308659937422
-0.11062499999999999,0.41562499999999997,2.8278178048075682e-05,-0.0014634628215119266
-0.11062499999999999,0.421875,2.7326198545190978e-05,-0.00146549025151068
-0.11062499999999999,0.428125,2.6394983637776464e-05,-0.0014673986896240737
-0.11062499999999999,0.43437499999999996,2.548553139383976e-05,-0.0014691954010558463
-0.11062499999999999,0.44062499999999993,2.459860686486161e-05,-0.0014708872036477381
-0.11062499999999999,0.44687499999999997,2.3734771523044846e-05,-0.0014724804938808377
-0.11062499999999999,0.453125,2.2894409459379747e-05,-0.0014739812717202024
-0.11062499999999999,0.459375,2.2077750677732315e-05,-0.0014753951642881287
-0.11062499999999999,0.46562499999999996,2.1284891787384984e-05,-0.001476727448366533
-0.11062499999999999,0.47187499999999993,2.0515814366578366e-05,-0.0014779830717409196
-0.11062499999999999,0.47812499999999997,1.977040124242363e-05,-0.0014791666734078153
-0.11062499999999999,0.48437499999999994,1.9048450907885457e-05,-0.0014802826026748107
-0.11062499999999999,0.490625,1.834969027417657e-05,-0.0014813349371877883
-0.11062499999999999,0.49687499999999996,1.767378593668338e-05,-0.001482327499923897
-0.11062499999999999,0.5031249999999999,1.7020354114264123e-05,-0.0014832638751915669
-0.11062499999999999,0.5093749999999999,1.6388969405276338e-05,-0.0014841474236806055
-0.11062499999999999,0.515625,1.5779172488824187e-05,-0.0014849812966063439
-0.11062499999999999,0.5218749999999999,1.5190476886335483e-05,-0.001485768448992077
-0.11062499999999999,0.528125,1.4622374886535318e-05,-0.0014865116521337943
-0.11062499999999999,0.534375,1.407434272605953e-05,-0.0014872135052905358
-0.11062499999999999,0.5406249999999999,1.3545845108226812e-05,-0.001487876446642732
-0.11062499999999999,0.546875,1.3036339133757118e-05,-0.0014885027635596617
-0.11062499999999999,0.5531249999999999,1.2545277709391293e-05,-0.001489094602215761
-0.11062499999999999,0.559375,1.2072112493340883e-05,-0.0014896539765939909
-0.11062499999999999,0.565625,1.1616296430199782e-05,-0.0014901827769128553
-0.11062499999999999,0.5718749999999999,1.117728592230675e-05,-0.0014906827775120015
-0.11062499999999999,0.578125,1.0754542679493315e-05,-0.0014911556442296482
-0.11062499999999999,0.5843749999999999,1.0347535284627263e-05,-0.0014916029413034114
-0.11062499999999999,0.590625,9.955740508310407e-06,-0.0014920261378244214
-0.11062499999999999,0.596875,9.578644402465791e-06,-0.0014924266137730108
-0.10687499999999998,0.0031249999999999997,-0.0013307620514014691,-0.001172150794919804
-0.10687499999999998,0.009375,-0.0012657471479151213,-0.0011073897456228264
-0.10687499999999998,0.015625,-0.0011975144177089388,-0.0010500338278993048
-0.10687499999999998,0.021875,-0.0011269999259833363,-0.0010001856342104418
-0.10687499999999998,0.028124999999999997,-0.0010551134172181761,-0.0009578111851811837
-0.10687499999999998,0.034374999999999996,-0.0009827168719309177,-0.0009227518901407787
-0.10687499999999998,0.040624999999999994,-0.0009106068472405407,-0.0008947398555088814
-0.10687499999999998,0.046875,-0.0008395010146650908,-0.0008734154329072807
-0.10687499999999998,0.05312499999999999,-0.0007700290001674806,-0.0008583459094402873
-0.10687499999999998,0.059375,-0.0007027273620195303,-0.0008490443333101294
-0.10687499999999998,0.06562499999999999,-0.0006380383289726565,-0.0008449876168618174
-0.10687499999999998,0.071875,-0.0005763117725813192,-0.0008456332424569655
-0.10687499999999998,0.078125,-0.0005178098031092739,-0.0008504340918702645
-0.10687499999999998,0.08437499999999999,-0.00046271335169429105,-0.0008588511085599364
-0.10687499999999998,0.09062499999999998,-0.0004111301217439384,-0.0008703636705461142
-0.10687499999999998,0.09687499999999999,-0.00036310334744764784,-0.0008844776913321453
-0.10687499999999998,0.103125,-0.00031862087439049147,-0.0009007315736611584
-0.10687499999999998,0.109375,-0.00027762416542233655,-0.0009187002160652813
-0.10687499999999998,0.11562499999999999,-0.00024001692511573991,-0.0009379973179979432
-0.10687499999999998,0.12187499999999998,-0.00020567312162745395,-0.0009582762503328275
-0.10687499999999998,0.128125,-0.00017444426113176888,-0.0009792297593728206
-0.10687499999999998,0.13437499999999997,-0.0001461658347767051,-0.0010005887594616049
-0.10687499999999998,0.140625,-0.00012066291046920799,-0.001022120446598543
-0.10687499999999998,0.14687499999999998,-9.775488202243073e-05,-0.001043625937173082
-0.10687499999999998,0.153125,-7.72594173579876e-05,-0.0010649376052801797
-0.10687499999999998,0.159375,-5.899566703888855e-05,-0.0010859162614568936
-0.10687499999999998,0.16562499999999997,-4.27868060780459e-05,-0.0011064482867574807
-0.10687499999999998,0.171875,-2.846198737706692e-05,-0.0011264428099039315
-0.10687499999999998,0.17812499999999998,-1.5857785827796756e-05,-0.0011458289923626946
-0.10687499999999998,0.18437499999999998,-4.819209389916793e-06,-0.0011645534667902198
-0.10687499999999998,0.190625,4.799651543018218e-06,-0.0011825779582858046
-0.10687499999999998,0.19687499999999997,1.313527156419734e-05,-0.001199877105048642
-0.10687499999999998,0.203125,2.031457661906839e-05,-0.0012164364850196317
-0.10687499999999998,0.20937499999999998,2.6455018740772853e-05,-0.0012322508475169226
-0.10687499999999998,0.21562499999999998,3.166479566910238e-05,-0.0012473225433609974
-0.10687499999999998,0.221875,3.604317853636142e-05,-0.0012616601431626575
-0.10687499999999998,0.22812499999999997,3.968091690864428e-05,-0.0012752772309808974
-0.10687499999999998,0.234375,4.266069593686132e-05,-0.0012881913591534064
-0.10687499999999998,0.24062499999999998,4.505762517564962e-05,-0.0013004231495089562
-0.10687499999999998,0.24687499999999996,4.693974278316358e-05,-0.0013119955261787792
-0.10687499999999998,0.253125,4.836852235738048e-05,-0.0013229330656620497
-0.10687499999999998,0.25937499999999997,4.939937264572291e-05,-0.0013332614505321499
-0.10687499999999998,0.265625,5.0082122842399765e-05,-0.0013430070140883648
-0.10687499999999998,0.271875,5.046148822194482e-05,-0.0013521963642799408
-0.10687499999999998,0.27812499999999996,5.057751250687372e-05,-0.0013608560762946287
-0.10687499999999998,0.284375,5.04659846876731e-05,-0.0013690124442671478
-0.10687499999999998,0.29062499999999997,5.01588290553298e-05,-0.0013766912835930902
-0.10687499999999998,0.296875,4.968446801589703e-05,-0.0013839177763095628
-0.10687499999999998,0.303125,4.9068157873341236e-05,-0.0013907163529123523
-0.10687499999999998,0.30937499999999996,4.833229822595371e-05,-0.0013971106048135768
-0.10687499999999998,0.315625,4.749671595281388e-05,-0.0014031232224010054
-0.10687499999999998,0.32187499999999997,4.657892499548019e-05,-0.0014087759543411182
-0.10687499999999998,0.328125,4.55943632874773e-05,-0.0014140895843752026
-0.10687499999999998,0.334375,4.455660826790749e-05,-0.001419083922395521
-0.10687499999999998,0.34062499999999996,4.3477572450182076e-05,-0.0014237778070618423
-0.10687499999999998,0.34687499999999993,4.236768051432738e-05,-0.0014281891176328263
-0.10687499999999998,0.35312499999999997,4.123602936117744e-05,-0.0014323347930474588
-0.10687499999999998,0.359375,4.009053251675857e-05,-0.0014362308566044223
-0.10687499999999998,0.365625,3.8938050211424346e-05,-0.001439892444857193
-0.10687499999999998,0.37187499999999996,3.778450638564472e-05,-0.0014433338395747285
-0.10687499999999998,0.37812499999999993,3.663499379655025e-05,-0.001446568501816358
-0.10687499999999998,0.38437499999999997,3.549386831924722e-05,-0.001449609107339098
-0.10687499999999998,0.390625,3.436483345674148e-05,-0.0014524675826998266
-0.10687499999999998,0.396875,3.3251015993619546e-05,-0.0014551551415369077
-0.10687499999999998,0.40312499999999996,3.2155033652607346e-05,-0.001457682320618968
-0.10687499999999998,0.40937499999999993,3.107905554053467e-05,-0.0014600590153352137
-0.10687499999999998,0.41562499999999997,3.0024856101603666e-05,-0.0014622945143742756
-0.10687499999999998,0.421875,2.8993863231486064e-05,-0.0014643975333990854
-0.10687499999999998,0.428125,2.7987201145790536e-05,-0.001466376247575521
-0.10687499999999998,0.43437499999999996,2.7005728540859903e-05,-0.0014682383228540139
-0.10687499999999998,0.44062499999999993,2.605007253359805e-05,-0.0014699909459373402
-0.10687499999999998,0.44687499999999997,2.512065881994181e-05,-0.0014716408528955517
-0.10687499999999998,0.453125,2.4217738448494155e-05,-0.001473194356411429
-0.10687499999999998,0.459375,2.334141156650605e-05,-0.00147465737165781
-0.10687499999999998,0.46562499999999996,2.24916484595959e-05,-0.0014760354408223703
-0.10687499999999998,0.47187499999999993,2.1668308174088136e-05,-0.0014773337563065412
-0.10687499999999998,0.47812499999999997,2.0871154981394465e-05,-0.0014785571826337594
-0.10687499999999998,0.48437499999999994,2.0099872917210766e-05,-0.001479710277108596
-0.10687499999999998,0.490625,1.935407860423118e-05,-0.0014807973092728945
-0.10687499999999998,0.49687499999999996,1.863333254537326e-05,-0.0014818222792081805
-0.10687499999999998,0.5031249999999999,1.7937149054948107e-05,-0.00148278893473554
-0.10687499999999998,0.5093749999999999,1.7265004977612152e-05,-0.0014837007875651484
-0.10687499999999998,0.515625,1.6616347329116177e-05,-0.001484561128447851
-0.10687499999999998,0.5218749999999999,1.5990599978657364e-05,-0.0014853730413807835
-0.10687499999999998,0.528125,1.538716947988657e-05,-0.0014861394169181656
-0.10687499999999998,0.534375,1.4805450146186258e-05,-0.0014868629646371363
-0.10687499999999998,0.5406249999999999,1.4244828455581e-05,-0.0014875462248069907
-0.10687499999999998,0.546875,1.3704686861460815e-05,-0.0014881915793084528
-0.10687499999999998,0.5531249999999999,1.3184407077073853e-05,-0.0014888012618477489
-0.10687499999999998,0.559375,1.2683372894386915e-05,-0.0014893773675082951
-0.10687499999999998,0.565625,1.220097259132936e-05,-0.0014899218616808076
-0.10687499999999998,0.5718749999999999,1.1736600975549589e-05,-0.001490436588410619
-0.10687499999999998,0.578125,1.1289661107550785e-05,-0.0014909232781989688
-0.10687499999999998,0.5843749999999999,1.0859565741370992e-05,-0.0014913835552930535
-0.10687499999999998,0.590625,1.0445738516770593e-05,-0.0014918189444976765
-0.10687499999999998,0.596875,1.0047614933139022e-05,-0.0014922308775394523
-0.103125,0.0031249999999999997,-0.0014264029078535716,-0.001141751822766149
-0.103125,0.009375,-0.0013554600280345065,-0.0010712493470985246
-0.103125,0.015625,-0.0012809522813257267,-0.0010089746933078006
-0.103125,0.021875,-0.0012039393896086795,-0.0009550398431279304
-0.103125,0.028124999999999997,-0.001125449464432406,-0.0009093996272351081
-0.103125,0.034374999999999996,-0.0010464540379852918,-0.0008718660900095239
-0.103125,0.040624999999999994,-0.0009678476864730979,-0.0008421267650799443
-0.103125,0.046875,-0.0008904327138585788,-0.000819765503167141
-0.103125,0.05312499999999999,-0.0008149089835157534,-0.0008042845191298797
-0.103125,0.059375,-0.000741868657855275,-0.0007951264491716357
-0.103125,0.06562499999999999,-0.0006717953522334731,-0.0007916954028263845
-0.103125,0.071875,-0.0006050670381116997,-0.0007933762267998991
-0.103125,0.078125,-0.0005419619395607229,-0.0007995514407112956
-0.103125,0.08437499999999999,-0.0004826666470635473,-0.0008096155353460657
-0.103125,0.09062499999999998,-0.0004272857087155358,-0.0008229865260230822
-0.103125,0.09687499999999999,-0.00037585203510536667,-0.0008391148177394397
-0.103125,0.103125,-0.00032833755463457253,-0.000857489561520164
-0.103125,0.109375,-0.00028466366709785156,-0.000877642764142188
-0.103125,0.11562499999999999,-0.0002447111541768912,-0.0008991514605511344
-0.103125,0.12187499999999998,-0.00020832930837219526,-0.0009216382760289667
-0.103125,0.128125,-0.00017534413198179417,-0.0009447707002974268
-0.103125,0.13437499999999997,-0.00014556553264621019,-0.0009682593748346552
-0.103125,0.140625,-0.00011879350120821282,-0.0009918556635715992
-0.103125,0.14687499999999998,-9.482330199276556e-05,-0.0010153487406339028
-0.103125,0.153125,-7.344973672258217e-05,-0.0010385623906233653
-0.103125,0.159375,-5.447056318685372e-05,-0.0010613516797723763
-0.103125,0.16562499999999997,-3.768916062790043e-05,-0.0010835996219314128
-0.103125,0.171875,-2.2916537666207013e-05,-0.0011052139328018018
-0.103125,0.17812499999999998,-9.97277729965681e-06,-0.0011261239395745693
-0.103125,0.18437499999999998,1.311991334794654e-06,-0.0011462776912430086
-0.103125,0.190625,1.1097011872204641e-05,-0.001165639297107939
-0.103125,0.19687499999999997,1.9530636129762057e-05,-0.0011841865070093083
-0.103125,0.203125,2.6750310742286208e-05,-0.0012019085361283047
-0.103125,0.20937499999999998,3.288275861313164e-05,-0.0012188041293155587
-0.103125,0.21562499999999998,3.8044307226515126e-05,-0.0012348798543302618
-0.103125,0.221875,4.234132368189156e-05,-0.0012501486096754349
-0.103125,0.22812499999999997,4.587072335503486e-05,-0.0012646283304892502
-0.103125,0.234375,4.872052531147153e-05,-0.0012783408748594134
-0.103125,0.24062499999999998,5.0970432997358686e-05,-0.0012913110726803434
-0.103125,0.24687499999999996,5.269242334809415e-05,-0.001303565919536238
-0.103125,0.253125,5.395133134544377e-05,-0.0013151338988784903
-0.103125,0.25937499999999997,5.480542029112842e-05,-0.0013260444168252394
-0.103125,0.265625,5.5306930724657245e-05,-0.0013363273351302406
-0.103125,0.271875,5.550260307130693e-05,-0.0013460125891622274
-0.103125,0.27812499999999996,5.543417083442759e-05,-0.0013551298790421026
-0.103125,0.284375,5.513882251093647e-05,-0.0013637084233594644
-0.103125,0.29062499999999997,5.4649631469564435e-05,-0.0013717767661024377
-0.103125,0.296875,5.3995953840682485e-05,-0.0013793626285667734
-0.103125,0.303125,5.320379507006935e-05,-0.0013864927990512217
-0.103125,0.30937499999999996,5.229614622588724e-05,-0.0013931930540919764
-0.103125,0.315625,5.129329145158514e-05,-0.0013994881058394576
-0.103125,0.32187499999999997,5.021308815521331e-05,-0.001405401570938931
-0.103125,0.328125,4.9071221640774884e-05,-0.0014109559569473965
-0.103125,0.334375,4.788143593873089e-05,-0.0014161726629090326
-0.103125,0.34062499999999996,4.665574259605841e-05,-0.0014210719912270506
-0.103125,0.34687499999999993,4.540460915385408e-05,-0.001425673168418121
-0.103125,0.35312499999999997,4.4137128982354705e-05,-0.0014299943727235098
-0.103125,0.359375,4.286117406736189e-05,-0.0014340527668853479
-0.103125,0.365625,4.158353225461925e-05,-0.0014378645346833125
-0.103125,0.37187499999999996,4.0310030364535503e-05,-0.001441444920072189
-0.103125,0.37812499999999993,3.904564449244928e-05,-0.001444808267969559
-0.103125,0.38437499999999997,3.779459871217596e-05,-0.0014479680659199722
-0.103125,0.390625,3.656045330490183e-05,-0.0014509369860116732
-0.103125,0.396875,3.5346183543046325e-05,-0.0014537269265479905
-0.103125,0.40312499999999996,3.415424997051239e-05,-0.0014563490530812154
-0.103125,0.40937499999999993,3.298666103742552e-05,-0.0014588138385051054
-0.103125,0.41562499999999997,3.184502886939593e-05,-0.001461131101975572
-0.103125,0.421875,3.073061887869177e-05,-0.0014633100464898784
-0.103125,0.428125,2.9644393857486836e-05,-0.0014653592950047032
-0.103125,0.43437499999999996,2.8587053131442614e-05,-0.00146728692501434
-0.103125,0.44062499999999993,2.755906729511143e-05,-0.0014691005015435637
-0.103125,0.44687499999999997,2.6560708998764683e-05,-0.001470807108536493
-0.103125,0.453125,2.5592080208984025e-05,-0.0014724133786441595
-0.103125,0.459375,2.4653136322401507e-05,-0.0014739255214303634
-0.103125,0.46562499999999996,2.3743707473042426e-05,-0.0014753493500284929
-0.103125,0.47187499999999993,2.286351733849955e-05,-0.0014766903062919613
-0.103125,0.47812499999999997,2.2012199718359752e-05,-0.0014779534844883153
-0.103125,0.48437499999999994,2.1189313129623007e-05,-0.001479143653592348
-0.103125,0.490625,2.0394353638032972e-05,-0.0014802652782371002
-0.103125,0.49687499999999996,1.9626766121015326e-05,-0.0014813225383837798
-0.103125,0.5031249999999999,1.8885954137062388e-05,-0.0014823193477726394
-0.103125,0.5093749999999999,1.8171288557682244e-05,-0.0014832593712169702
-0.103125,0.515625,1.748211510124805e-05,-0.0014841460408017545
-0.103125,0.5218749999999999,1.6817760893044618e-05,-0.0014849825710473812
-0.103125,0.528125,1.617754016234677e-05,-0.0014857719730972275
-0.103125,0.534375,1.5560759175318073e-05,-0.0014865170679860306
-0.103125,0.5406249999999999,1.496672049174426e-05,-0.001487220499043841
-0.103125,0.546875,1.4394726623988702e-05,-0.0014878847434880722
-0.103125,0.5531249999999999,1.3844083167952695e-05,-0.0014885121232537906
-0.103125,0.559375,1.3314101468141631e-05,-0.0014891048151099624
-0.103125,0.565625,1.280410087207861e-05,-0.0014896648601069441
-0.103125,0.5718749999999999,1.2313410623186434e-05,-0.0014901941723980828
-0.103125,0.578125,1.1841371435797562e-05,-0.001490694547475925
-0.103125,0.5843749999999999,1.1387336791081604e-05,-0.0014911676698612117
-0.103125,0.590625,1.095067398833599e-05,-0.0014916151202806038
-0.103125,0.596875,1.0530764982215146e-05,-0.0014920383823669155
-0.099375,0.0031249999999999997,-0.0015288339324126118,-0.0011083969033779954
-0.099375,0.009375,-0.0014513739380466238,-0.0010316346464544707
-0.099375,0.015625,-0.0013699657857627332,-0.0009640226026975486
-0.099375,0.021875,-0.0012858104622016067,-0.0009056822166322199
-0.099375,0.028124999999999997,-0.0012000708596481273,-0.0008565539055601718
-0.099375,0.034374999999999996,-0.001113842678970151,-0.0008164143574782901
-0.099375,0.040624999999999994,-0.0010281309192192516,-0.0007848983950851303
-0.099375,0.046875,-0.0009438324789891455,-0.0007615237372510989
-0.099375,0.05312499999999999,-0.0008617249248782301,-0.0007457170368556324
-0.099375,0.059375,-0.0007824610844103523,-0.0007368397427938389
-0.099375,0.06562499999999999,-0.0007065688193328789,-0.0007342125857244152
-0.099375,0.071875,-0.0006344551391531626,-0.0007371377819328158
-0.099375,0.078125,-0.0005664137194668463,-0.0007449183518247455
-0.099375,0.08437499999999999,-0.0005026348808817228,-0.0007568742309716932
-0.099375,0.09062499999999998,-0.00044321714259842686,-0.0007723550932997816
-0.099375,0.09687499999999999,-0.0003881795688266776,-0.0007907499977966408
-0.099375,0.103125,-0.0003374742563154996,-0.0008114941093725319
-0.099375,0.109375,-0.00029099845057412076,-0.0008340728342240682
-0.099375,0.11562499999999999,-0.00024860591402785167,-0.0008580237567873284
-0.099375,0.12187499999999998,-0.00021011729261783267,-0.0008829367775199448
-0.099375,0.128125,-0.0001753293330938664,-0.0009084528371114732
-0.099375,0.13437499999999997,-0.00014402288931508164,-0.0009342615815094032
-0.099375,0.140625,-0.0001159697223145052,-0.0009600982804364496
-0.099375,0.14687499999999998,-9.09381472201164e-05,-0.0009857402655315721
-0.099375,0.153125,-6.86976127223051e-05,-0.0010110031071144008
-0.099375,0.159375,-4.902231836456356e-05,-0.0010357367037918948
-0.099375,0.16562499999999997,-3.169398425841712e-05,-0.0010598214185415721
-0.099375,0.171875,-1.6503889430809427e-05,-0.0010831643594951563
-0.099375,0.17812499999999998,-3.2542911229544034e-06,-0.0011056958737439733
-0.099375,0.18437499999999998,8.240670180724662e-06,-0.0011273662979798486
-0.099375,0.190625,1.815448493784072e-05,-0.0011481429902742831
-0.099375,0.19687499999999997,2.6648123675614237e-05,-0.001168007652226059
-0.099375,0.203125,3.387014781390781e-05,-0.0011869539394468043
-0.099375,0.20937499999999998,3.995701963363924e-05,-0.001204985350274335
-0.099375,0.21562499999999998,4.5033558839422485e-05,-0.0012221133771096692
-0.099375,0.221875,4.9213502250355764e-05,-0.0012383559013295496
-0.099375,0.22812499999999997,5.2600131221798765e-05,-0.0012537358108663616
-0.099375,0.234375,5.528693843232419e-05,-0.0012682798188781359
-0.099375,0.24062499999999998,5.735831169705446e-05,-0.001282017462128983
-0.099375,0.24687499999999996,5.889021755909457e-05,-0.0012949802585039765
-0.099375,0.253125,5.99508716519519e-05,-0.0013072010042866798
-0.099375,0.25937499999999997,6.060138631365286e-05,-0.0013187131932738357
-0.099375,0.265625,6.0896388764746254e-05,-0.0013295505413709597
-0.099375,0.271875,6.0884605430840764e-05,-0.0013397466019172011
-0.099375,0.27812499999999996,6.0609409782244773e-05,-0.001349334458565927
-0.099375,0.284375,6.010933245681546e-05,-0.0013583464840567364
-0.099375,0.29062499999999997,5.941853349630343e-05,-0.0013668141546281925
-0.099375,0.296875,5.8567237321383035e-05,-0.0013747679111229612
-0.099375,0.303125,5.758213164763882e-05,-0.0013822370590212943
-0.099375,0.30937499999999996,5.648673194759163e-05,-0.001389249700703913
-0.099375,0.315625,5.530171332886486e-05,-0.0013958326941945875
-0.099375,0.32187499999999997,5.404521185605114e-05,-0.001402011633472017
-0.099375,0.328125,5.273309741852912e-05,-0.0014078108461776909
-0.099375,0.334375,5.137922025861006e-05,-0.0014132534051897714
-0.099375,0.34062499999999996,4.999563324022433e-05,-0.001418361151091587
-0.099375,0.34687499999999993,4.859279187088592e-05,-0.0014231547230458645
-0.099375,0.35312499999999997,4.717973399917648e-05,-0.0014276535960007922
-0.099375,0.359375,4.5764241004515855e-05,-0.0014318761225093784
-0.099375,0.365625,4.4352982181741427e-05,-0.0014358395777466653
-0.099375,0.37187499999999996,4.29516439047422e-05,-0.0014395602065668753
-0.099375,0.37812499999999993,4.1565045034645595e-05,-0.0014430532716605208
-0.099375,0.38437499999999997,4.0197239921414856e-05,-0.0014463331020552882
-0.099375,0.390625,3.8851610235058365e-05,-0.0014494131413588511
-0.099375,0.396875,3.7530946755225055e-05,-0.001452305995270905
-0.099375,0.40312499999999996,3.62375221465836e-05,-0.0014550234779992734
-0.099375,0.40937499999999993,3.4973155652511115e-05,-0.0014575766573041461
-0.099375,0.41562499999999997,3.373927055145107e-05,-0.0014599758979681183
-0.099375,0.421875,3.253694513883597e-05,-0.0014622309035501088
-0.099375,0.428125,3.136695792257291e-05,-0.001464350756330507
-0.099375,0.43437499999999996,3.0229827651512427e-05,-0.0014663439553948
-0.099375,0.44062499999999993,2.9125848733759234e-05,-0.0014682184528349571
-0.099375,0.44687499999999997,2.805512254478432e-05,-0.0014699816880733249
-0.099375,0.453125,2.7017585073687387e-05,-0.0014716406203337613
-0.099375,0.459375,2.6013031309259818e-05,-0.0014732017593001986
-0.099375,0.46562499999999996,2.5041136725322724e-05,-0.0014746711940144964
-0.099375,0.47187499999999993,2.4101476186799636e-05,-0.0014760546200740566
-0.099375,0.47812499999999997,2.3193540563769992e-05,-0.0014773573651957353
-0.099375,0.48437499999999994,2.2316751309999465e-05,-0.0014785844132165966
-0.099375,0.490625,2.147047323484123e-05,-0.0014797404266044005
-0.099375,0.49687499999999996,2.0654025672655237e-05,-0.0014808297675517233
-0.099375,0.5031249999999999,1.9866692231721308e-05,-0.0014818565177275684
-0.099375,0.5093749999999999,1.9107729284780963e-05,-0.0014828244967594357
-0.099375,0.515625,1.837637334559768e-05,-0.001483737279517307
-0.099375,0.5218749999999999,1.7671847460065536e-05,-0.0014845982122689897
-0.099375,0.528125,1.6993366726231788e-05,-0.001485410427773899
-0.099375,0.534375,1.6340143044953957e-05,-0.0014861768593797426
-0.099375,0.5406249999999999,1.5711389191628285e-05,-0.0014869002541837784
-0.099375,0.546875,1.510632228936531e-05,-0.0014875831853174378
-0.099375,0.5531249999999999,1.4524166755016352e-05,-0.0014882280634101678
-0.099375,0.559375,1.3964156781459962e-05,-0.0014888371472854191
-0.099375,0.565625,1.3425538412435122e-05,-0.0014894125539388042
-0.099375,0.5718749999999999,1.290757125986372e-05,-0.001489956267845609
-0.099375,0.578125,1.2409529907957047e-05,-0.0014904701496420865
-0.099375,0.5843749999999999,1.1930705043373004e-05,-0.0014909559442222847
-0.099375,0.590625,1.1470404346216149e-05,-0.001491415288289607
-0.099375,0.596875,1.1027953172692284e-05,-0.0014918497173998485
-0.095625,0.0031249999999999997,-0.0016385597987115072,-0.001071771005389382
-0.095625,0.009375,-0.0015539265742795674,-0.0009881816345287111
-0.095625,0.015625,-0.0014649221115990078,-0.0009147780899393054
-0.095625,0.021875,-0.0013729090093350907,-0.0008516910631029149
-0.095625,0.028124999999999997,-0.0012792038022959773,-0.0007988424812241297
-0.095625,0.034374999999999996,-0.0011850430283983963,-0.0007559663932805151
-0.095625,0.040624999999999994,-0.001091556107736469,-0.0007226351832856557
-0.095625,0.046875,-0.000999745616301559,-0.0006982890572537236
-0.095625,0.05312499999999999,-0.00091047495619594,-0.0006822668303643336
-0.095625,0.059375,-0.0008244629407370293,-0.0006738362699828626
-0.095625,0.06562499999999999,-0.0007422844558746556,-0.0006722225774435889
-0.095625,0.071875,-0.0006643761371308812,-0.0006766339653431475
-0.095625,0.078125,-0.0005910459050506099,-0.0006862836625645331
-0.095625,0.08437499999999999,-0.0005224852115464088,-0.0007004080221301875
-0.095625,0.09062499999999998,-0.00045878293820825433,-0.0007182806952039278
-0.095625,0.09687499999999999,-0.0003999400282122257,-0.0007392230575098447
-0.095625,0.103125,-0.0003458841009302875,-0.0007626112308651446
-0.095625,0.109375,-0.00029648347228637575,-0.0007878801378838313
-0.095625,0.11562499999999999,-0.0002515601692682151,-0.0008145250716808095
-0.095625,0.12187499999999998,-0.00021090167400040927,-0.000842101265825584
-0.095625,0.128125,-0.0001742712561849855,-0.000870221924135443
-0.095625,0.13437499999999997,-0.00014141685086887425,-0.0008985551253509338
-0.095625,0.140625,-0.00011207851229110948,-0.0009268199628031407
-0.095625,0.14687499999999998,-8.599452648279316e-05,-0.0009547822204664404
-0.095625,0.153125,-6.290629866122971e-05,-0.0009822498290613085
-0.095625,0.159375,-4.2562149860703555e-05,-0.0010090682922881777
-0.095625,0.16562499999999997,-2.4720164137890122e-05,-0.0010351162256806066
-0.095625,0.171875,-9.150226186148786e-06,-0.0010603011098058084
-0.095625,0.17812499999999998,4.364618074147893e-06,-0.0010845553257363503
-0.095625,0.18437499999999998,1.6027356257723504e-05,-0.0011078325135156428
-0.095625,0.190625,2.6026650826170725e-05,-0.0011301042731041593
-0.095625,0.19687499999999997,3.453683175907222e-05,-0.0011513572112448905
-0.095625,0.203125,4.1718158880703627e-05,-0.001171590326007483
-0.095625,0.20937499999999998,4.771728492018382e-05,-0.001190812712670225
-0.095625,0.21562499999999998,5.2667862106325254e-05,-0.0012090415693542598
-0.095625,0.221875,5.669124557932765e-05,-0.0012263004777996536
-0.095625,0.22812499999999997,5.9897256076850086e-05,-0.0012426179333275902
-0.095625,0.234375,6.238497224218196e-05,-0.001258026097919293
-0.095625,0.24062499999999998,6.424352958102456e-05,-0.0012725597510983558
-0.095625,0.24687499999999996,6.555290866602685e-05,-0.0012862554146429517
-0.095625,0.253125,6.638469977518885e-05,-0.0012991506288567865
-0.095625,0.25937499999999997,6.680283487614748e-05,-0.0013112833600257847
-0.095625,0.265625,6.686428085441851e-05,-0.0013226915206585952
-0.095625,0.271875,6.66196902431309e-05,-0.0013334125860655897
-0.095625,0.27812499999999996,6.611400754736102e-05,-0.0013434832927132468
-0.095625,0.284375,6.538703065888616e-05,-0.0013529394055600075
-0.095625,0.29062499999999997,6.447392790628037e-05,-0.0013618155432131632
-0.095625,0.296875,6.340571204865075e-05,-0.001370145051233119
-0.095625,0.303125,6.220967305646161e-05,-0.001377959915248962
-0.095625,0.30937499999999996,6.090977187780356e-05,-0.0013852907067408908
-0.095625,0.315625,5.9526997602947494e-05,-0.0013921665553978922
-0.095625,0.32187499999999997,5.80796905466114e-05,-0.0013986151428825565
-0.095625,0.328125,5.658383379253303e-05,-0.0014046627136398975
-0.095625,0.334375,5.5053315709929306e-05,-0.0014103340990847262
-0.095625,0.34062499999999996,5.350016587318398e-05,-0.0014156527521037643
-0.095625,0.34687499999999993,5.193476670799182e-05,-0.0014206407893250506
-0.095625,0.35312499999999997,5.036604305961679e-05,-0.0014253190390484517
-0.095625,0.359375,4.880163173992846e-05,-0.0014297070931066109
-0.095625,0.365625,4.724803296555794e-05,-0.0014338233612439571
-0.095625,0.37187499999999996,4.571074545441588e-05,-0.0014376851268701521
-0.095625,0.37812499999999993,4.419438680526171e-05,-0.0014413086032703734
-0.095625,0.38437499999999997,4.270280064735894e-05,-0.0014447089895441906
-0.095625,0.390625,4.123915191610045e-05,-0.001447900525702757
-0.095625,0.396875,3.980601148684707e-05,-0.0014508965464852855
-0.095625,0.40312499999999996,3.840543128367027e-05,-0.0014537095335642853
-0.095625,0.40937499999999993,3.703901087246141e-05,-0.0014563511658983162
-0.095625,0.41562499999999997,3.570795644894683e-05,-0.0014588323680640581
-0.095625,0.421875,3.441313304135501e-05,-0.001461163356458856
-0.095625,0.428125,3.3155110664490176e-05,-0.0014633536833128119
-0.095625,0.43437499999999996,3.1934205086394606e-05,-0.0014654122784878065
-0.095625,0.44062499999999993,3.075051380017335e-05,-0.0014673474890711604
-0.095625,0.44687499999999997,2.9603947731440643e-05,-0.0014691671167953342
-0.095625,0.453125,2.8494259155748096e-05,-0.0014708784533332708
-0.095625,0.459375,2.7421066249784925e-05,-0.001472488313532658
-0.095625,0.46562499999999996,2.638387465464741e-05,-0.0014740030666623672
-0.095625,0.47187499999999993,2.5382096388606842e-05,-0.0014754286657512729
-0.095625,0.47812499999999997,2.4415066410142596e-05,-0.001476770675104157
-0.095625,0.48437499999999994,2.3482057099165382e-05,-0.0014780342960819329
-0.095625,0.490625,2.258229089495927e-05,-0.0014792243912343838
-0.095625,0.49687499999999996,2.1714951303090056e-05,-0.0014803455068733192
-0.095625,0.5031249999999999,2.0879192460048625e-05,-0.0014814018941728085
-0.095625,0.5093749999999999,2.00741474234408e-05,-0.001482397528881152
-0.095625,0.515625,1.9298935336837652e-05,-0.0014833361297267088
-0.095625,0.5218749999999999,1.8552667601733492e-05,-0.001484221175596736
-0.095625,0.528125,1.7834453174204917e-05,-0.0014850559215651743
-0.095625,0.534375,1.714340309063781e-05,-0.0014858434138418915
-0.095625,0.5406249999999999,1.647863431511154e-05,-0.001486586503712385
-0.095625,0.546875,1.583927299055062e-05,-0.0014872878605333966
-0.095625,0.5531249999999999,1.522445716643107e-05,-0.0014879499838463476
-0.095625,0.559375,1.4633339067537185e-05,-0.0014885752146670283
-0.095625,0.565625,1.4065086960894166e-05,-0.0014891657460065653
-0.095625,0.5718749999999999,1.3518886671449582e-05,-0.0014897236326753952
-0.095625,0.578125,1.2993942791255471e-05,-0.0014902508004188029
-0.095625,0.5843749999999999,1.2489479621731476e-05,-0.001490749054429526
-0.095625,0.590625,1.2004741883994886e-05,-0.0014912200872800338
-0.095625,0.596875,1.1538995228166445e-05,-0.0014916654863143205
-0.091875,0.0031249999999999997,-0.0017561274911687837,-0.001031520867447352
-0.091875,0.009375,-0.0016635890332332996,-0.0009404831576522165
-0.091875,0.015625,-0.0015662126630784305,-0.0008607957029685619
-0.091875,0.021875,-0.0014655461450980068,-0.0007925978188639826
-0.091875,0.028124999999999997,-0.0013630813585033836,-0.0007357877921456339
-0.091875,0.034374999999999996,-0.0012602146962399806,-0.000690048168386412
-0.091875,0.040624999999999994,-0.001158215789999043,-0.0006548772480095375
-0.091875,0.046875,-0.001058205197823028,-0.0006296242590296605
-0.091875,0.05312499999999999,-0.0009611409722611238,-0.0006135258014992898
-0.091875,0.059375,-0.0008678134402542706,-0.0006057414687491605
-0.091875,0.06562499999999999,-0.0007788471048717392,-0.0006053869758019475
-0.091875,0.071875,-0.0006947083302628175,-0.0006115635993107209
-0.091875,0.078125,-0.0006157173797433956,-0.0006233831995456807
-0.091875,0.08437499999999999,-0.0005420634138954004,-0.000639988511856771
-0.091875,0.09062499999999998,-0.00047382118564743165,-0.000660568737456207
-0.091875,0.09687499999999999,-0.0004109683571365896,-0.0006843707208016503
-0.091875,0.103125,-0.00035340257751889604,-0.0007107061744205267
-0.091875,0.109375,-0.00030095767712114314,-0.0007389555106895825
-0.091875,0.11562499999999999,-0.00025341853396168204,-0.0007685688772384947
-0.091875,0.12187499999999998,-0.00021053434303441399,-0.0007990649831564857
-0.091875,0.128125,-0.0001720301618160457,-0.0008300282613748567
-0.091875,0.13437499999999997,-0.000137616716438225,-0.0008611048510001211
-0.091875,0.140625,-0.00010699853395557039,-0.0008919978121013371
-0.091875,0.14687499999999998,-7.988052091620312e-05,-0.0009224619121095197
-0.091875,0.153125,-5.5973141539414684e-05,-0.0009522982528366065
-0.091875,0.159375,-3.4996364859156656e-05,-0.000981348943466109
-0.091875,0.16562499999999997,-1.6682553509466414e-05,-0.001009491969455603
-0.091875,0.171875,-7.784611568889494e-07,-0.0010366363607267775
-0.091875,0.17812499999999998,1.2953505980061372e-05,-0.0010627177246214942
-0.091875,0.18437499999999998,2.4734623103502972e-05,-0.0010876941791993632
-0.091875,0.190625,3.476965251291019e-05,-0.0011115426996028902
-0.091875,0.19687499999999997,4.324701412043715e-05,-0.0011342558733725809
-0.091875,0.203125,5.0339230249816114e-05,-0.0011558390487113113
-0.091875,0.20937499999999998,5.620356929344709e-05,-0.0011763078517996618
-0.091875,0.21562499999999998,6.098282643344157e-05,-0.0011956860444841187
-0.091875,0.221875,6.480619162987596e-05,-0.0012140036912533269
-0.091875,0.22812499999999997,6.779016543478673e-05,-0.0012312956037633968
-0.091875,0.234375,7.003949197790146e-05,-0.0012476000317677522
-0.091875,0.24062499999999998,7.164808581420393e-05,-0.0012629575707504964
-0.091875,0.24687499999999996,7.269993537470348e-05,-0.0012774102585451684
-0.091875,0.253125,7.326997067992722e-05,-0.0012910008355085767
-0.091875,0.25937499999999997,7.342488691843791e-05,-0.0013037721452393116
-0.091875,0.265625,7.322391860866646e-05,-0.001315766655258899
-0.091875,0.271875,7.271956148700608e-05,-0.001327026079425191
-0.091875,0.27812499999999996,7.195824111883469e-05,-0.0013375910860670766
-0.091875,0.284375,7.098092861688058e-05,-0.0013475010778836553
-0.091875,0.29062499999999997,6.982370486302661e-05,-0.001356794031522857
-0.091875,0.296875,6.851827534138811e-05,-0.0013655063864390215
-0.091875,0.303125,6.709243816577818e-05,-0.0013736729741292105
-0.091875,0.30937499999999996,6.557050817601231e-05,-0.00138132698017248
-0.091875,0.315625,6.397370012780634e-05,-0.0013884999326567247
-0.091875,0.32187499999999997,6.232047404505436e-05,-0.0013952217115876697
-0.091875,0.328125,6.062684576892028e-05,-0.0014015205747484351
-0.091875,0.334375,5.8906665647570804e-05,-0.0014074231962301752
-0.091875,0.34062499999999996,5.717186818096278e-05,-0.0014129547144984757
-0.091875,0.34687499999999993,5.543269528037301e-05,-0.0014181387874094146
-0.091875,0.35312499999999997,5.3697895632762166e-05,-0.0014229976520555158
-0.091875,0.359375,5.1974902483437334e-05,-0.001427552187716113
-0.091875,0.365625,5.0269991972680765e-05,-0.0014318219805187025
-0.091875,0.37187499999999996,4.8588423987300546e-05,-0.0014358253886964153
-0.091875,0.37812499999999993,4.6934567319419397e-05,-0.0014395796075594386
-0.091875,0.38437499999999997,4.531201076429034e-05,-0.001443100733491826
-0.091875,0.390625,4.372366163776961e-05,-0.001446403826445494
-0.091875,0.396875,4.2171833053006467e-05,-0.0014495029705354036
-0.091875,0.40312499999999996,4.065832116520646e-05,-0.001452411332448337
-0.091875,0.40937499999999993,3.918447347294993e-05,-0.0014551412174660914
-0.091875,0.41562499999999997,3.775124915425462e-05,-0.001457704122975505
-0.091875,0.421875,3.635927231495261e-05,-0.0014601107893952967
-0.091875,0.428125,3.500887893548741e-05,-0.001462371248495548
-0.091875,0.43437499999999996,3.370015821937174e-05,-0.0014644948691217787
-0.091875,0.44062499999999993,3.243298897166525e-05,-0.0014664904003636415
-0.091875,0.44687499999999997,3.120707156833196e-05,-0.0014683660122296921
-0.091875,0.453125,3.0021956016618683e-05,-0.0014701293339056901
-0.091875,0.459375,2.8877066552072465e-05,-0.0014717874896854177
-0.091875,0.46562499999999996,2.777172316893431e-05,-0.0014733471326709405
-0.091875,0.47187499999999993,2.6705160436887363e-05,-0.001474814476344245
-0.091875,0.47812499999999997,2.5676543918006863e-05,-0.00147619532411487
-0.091875,0.48437499999999994,2.4684984462810015e-05,-0.0014774950969489754
-0.091875,0.490625,2.3729550633114997e-05,-0.0014787188591846726
-0.091875,0.49687499999999996,2.2809279471612154e-05,-0.0014798713426366847
-0.091875,0.5031249999999999,2.192318581327475e-05,-0.0014809569690908075
-0.091875,0.5093749999999999,2.1070270311679453e-05,-0.0014819798712854073
-0.091875,0.515625,2.0249526333678107e-05,-0.0014829439124734954
-0.091875,0.5218749999999999,1.945994585840671e-05,-0.0014838527046549315
-0.091875,0.528125,1.8700524501098173e-05,-0.001484709625564117
-0.091875,0.534375,1.797026576837811e-05,-0.0014855178344942558
-0.091875,0.5406249999999999,1.726818463947271e-05,-0.0014862802870349537
-0.091875,0.546875,1.659331055688359e-05,-0.0014869997487956586
-0.091875,0.5531249999999999,1.594468990042961e-05,-0.0014876788081832461
-0.091875,0.559375,1.5321388009987626e-05,-0.0014883198882979802
-0.091875,0.565625,1.4722490814664704e-05,-0.0014889252580081323
-0.091875,0.5718749999999999,1.4147106119390858e-05,-0.001489497042259759
-0.091875,0.578125,1.3594364593944222e-05,-0.0014900372316745145
-0.091875,0.5843749999999999,1.3063420504120302e-05,-0.0014905476914849254
-0.091875,0.590625,1.2553452220058302e-05,-0.0014910301698532937
-0.091875,0.596875,1.2063662532576137e-05,-0.0014914863056172914
-0.088125,0.0031249999999999997,-0.0018821304530859842,-0.0009872496266759424
-0.088125,0.009375,-0.0017808685823813438,-0.0008880830371817099
-0.088125,0.015625,-0.0016742544706594782,-0.0008015779721746273
-0.088125,0.021875,-0.0015640483623062548,-0.0007278811851054978
-0.088125,0.028124999999999997,-0.001451942481175413,-0.0006668608206510108
-0.088125,0.034374999999999996,-0.0013395147838884463,-0.0006181371160355122
-0.088125,0.040624999999999994,-0.0012281929142021791,-0.0005811203278997325
-0.088125,0.046875,-0.001119229039350596,-0.0005550527568531259
-0.088125,0.05312499999999999,-0.0010136853594919775,-0.0005390519363581176
-0.088125,0.059375,-0.0009124293700802282,-0.0005321524711139764
-0.088125,0.06562499999999999,-0.0008161374628804975,-0.0005333445627037847
-0.088125,0.071875,-0.0007253051774337522,-0.0005416078609703463
-0.088125,0.078125,-0.0006402623368894553,-0.0005559398576607983
-0.088125,0.08437499999999999,-0.0005611913796355012,-0.0005753785444836633
-0.088125,0.09062499999999998,-0.0004881473840354388,-0.0005990194626260118
-0.088125,0.09687499999999999,-0.00042107853236130686,-0.0006260275655939147
-0.088125,0.103125,-0.00035984603292780164,-0.0006556445067935775
-0.088125,0.109375,-0.0003042427869525731,-0.0006871920615204017
-0.088125,0.11562499999999999,-0.00025401032887195987,-0.0007200724184735088
-0.088125,0.12187499999999998,-0.00020885377444271864,-0.0007537660480474055
-0.088125,0.128125,-0.00016845467557629178,-0.0007878277915165722
-0.088125,0.13437499999999997,-0.0001324818050770667,-0.0008218817320687044
-0.088125,0.140625,-0.00010059998206430003,-0.0008556153173686886
-0.088125,0.14687499999999998,-7.247710531971195e-05,-0.0008887731125625955
-0.088125,0.153125,-4.7789593179792326e-05,-0.0009211504780567098
-0.088125,0.159375,-2.6226440784890154e-05,-0.000952587391350763
-0.088125,0.16562499999999997,-7.492103800854699e-06,-0.000982962568180789
-0.088125,0.171875,8.691593385786722e-06,-0.0010121879854695032
-0.088125,0.17812499999999998,2.2584343942385968e-05,-0.0010402038664896894
-0.088125,0.18437499999999998,3.442687830006576e-05,-0.0010669741561302197
-0.088125,0.190625,4.4440977352283104e-05,-0.0010924824898959496
-0.088125,0.19687499999999997,5.282985995140747e-05,-0.0011167286428997829
-0.088125,0.203125,5.977884503011033e-05,-0.0011397254333060977
-0.088125,0.20937499999999998,6.545620642091617e-05,-0.0011614960472742957
-0.088125,0.21562499999999998,7.001415416543011e-05,-0.0011820717484016517
-0.088125,0.221875,7.358988972984331e-05,-0.0012014899331133288
-0.088125,0.22812499999999997,7.630669413898713e-05,-0.0012197924936905324
-0.088125,0.234375,7.827501775042402e-05,-0.0012370244521049134
-0.088125,0.24062499999999998,7.959354839916655e-05,-0.0012532328301031025
-0.088125,0.24687499999999996,8.035024115703583e-05,-0.0012684657237292322
-0.088125,0.253125,8.062329817373094e-05,-0.001282771553441109
-0.088125,0.25937499999999997,8.048209119489317e-05,-0.0012961984639920732
-0.088125,0.265625,7.998802256496652e-05,-0.0013087938511941457
-0.088125,0.271875,7.919532297933442e-05,-0.0013206039954691366
-0.088125,0.27812499999999996,7.815178609052657e-05,-0.0013316737846844084
-0.088125,0.284375,7.689944141690505e-05,-0.0013420465111334972
-0.088125,0.29062499999999997,7.547516795022627e-05,-0.001351763729649632
-0.088125,0.296875,7.391125149519592e-05,-0.0013608651657347783
-0.088125,0.303125,7.223588916915745e-05,-0.001369388664257991
-0.088125,0.30937499999999996,7.047364470013072e-05,-0.0013773701707392773
-0.088125,0.315625,6.864585823241376e-05,-0.0013848437385059781
-0.088125,0.32187499999999997,6.67710143175805e-05,-0.001391841556106286
-0.088125,0.328125,6.486507166397683e-05,-0.0013983939903072632
-0.088125,0.334375,6.294175806253518e-05,-0.0014045296408104334
-0.088125,0.34062499999999996,6.1012833718535674e-05,-0.001410275403503386
-0.088125,0.34687499999999993,5.9088326011339615e-05,-0.0014156565396463128
-0.088125,0.35312499999999997,5.7176738487293184e-05,-0.0014206967488819375
-0.088125,0.359375,5.528523667248308e-05,-0.0014254182443684993
-0.088125,0.365625,5.3419813077272283e-05,-0.0014298418286794175
-0.088125,0.37187499999999996,5.158543355737715e-05,-0.001433986969399802
-0.088125,0.37812499999999993,4.9786166999230167e-05,-0.001437871873587668
-0.088125,0.38437499999999997,4.8025300112109373e-05,-0.00144151356046398
-0.088125,0.390625,4.63054389368703e-05,-0.0014449279318569416
-0.088125,0.396875,4.462859852142719e-05,-0.001448129840057777
-0.088125,0.40312499999999996,4.2996282066329874e-05,-0.0014511331528523756
-0.088125,0.40937499999999993,4.1409550709525884e-05,-0.0014539508155796033
-0.088125,0.41562499999999997,3.9869084997152566e-05,-0.001456594910136305
-0.088125,0.421875,3.8375238976309035e-05,-0.001459076710903904
-0.088125,0.428125,3.692808774548278e-05,-0.001461406737614541
-0.088125,0.43437499999999996,3.552746920788119e-05,-0.0014635948052079551
-0.088125,0.44062499999999993,3.417302069157823e-05,-0.00146565007075553
-0.088125,0.44687499999999997,3.2864211027360316e-05,-0.0014675810775465973
-0.088125,0.453125,3.160036860972243e-05,-0.0014693957964454051
-0.088125,0.459375,3.0380705907924386e-05,-0.001471101664636166
-0.088125,0.46562499999999996,2.920434084171142e-05,-0.0014727056218791334
-0.088125,0.47187499999999993,2.807031538963398e-05,-0.0014742141444034269
-0.088125,0.47812499999999997,2.6977611756299294e-05,-0.0014756332765629267
-0.088125,0.48437499999999994,2.5925166387836726e-05,-0.0014769686603804408
-0.088125,0.490625,2.491188209189538e-05,-0.0014782255631029535
-0.088125,0.49687499999999996,2.3936638489179733e-05,-0.0014794089028873616
-0.088125,0.5031249999999999,2.2998300997483163e-05,-0.0014805232727320078
-0.088125,0.5093749999999999,2.209572852604943e-05,-0.0014815729627646985
-0.088125,0.515625,2.1227780037561285e-05,-0.001482561980992957
-0.088125,0.5218749999999999,2.0393320116839052e-05,-0.0014834940726171169
-0.088125,0.528125,1.959122366917852e-05,-0.0014843727380016315
-0.088125,0.534375,1.8820379856935667e-05,-0.0014852012493947497
-0.088125,0.5406249999999999,1.8079695370272405e-05,-0.0014859826664815373
-0.088125,0.546875,1.7368097116733306e-05,-0.0014867198508501803
-0.088125,0.5531249999999999,1.668453440436239e-05,-0.0014874154794465976
-0.088125,0.559375,1.6027980684248195e-05,-0.0014880720570876842
-0.088125,0.565625,1.5397434910578513e-05,-0.0014886919280989736
-0.088125,0.5718749999999999,1.4791922569373269e-05,-0.001489277287138209
-0.088125,0.578125,1.4210496420949426e-05,-0.0014898301892622098
-0.088125,0.5843749999999999,1.3652236995761436e-05,-0.0014903525592905515
-0.088125,0.590625,1.311625287847405e-05,-0.0014908462005159189
-0.088125,0.596875,1.2601680810894292e-05,-0.0014913128028075488
-0.08437499999999999,0.0031249999999999997,-0.002017213189061888,-0.0009385105774136287
-0.08437499999999999,0.009375,-0.0019063116427562473,-0.0008304692724579344
-0.08437499999999999,0.015625,-0.0017894915762952722,-0.0007365684840132616
-0.08437499999999999,0.021875,-0.0016687574472211513,-0.0006569604486382761
-0.08437499999999999,0.028124999999999997,-0.001546030658604205,-0.0005914749647303221
-0.08437499999999999,0.034374999999999996,-0.0014230955191348277,-0.0005396567718432146
-0.08437499999999999,0.040624999999999994,-0.0013015577318702403,-0.0005008113228473937
-0.08437499999999999,0.046875,-0.0011828161181158805,-0.0004740550778685425
-0.08437499999999999,0.05312499999999999,-0.0010680471805013904,-0.00045836673948031095
-0.08437499999999999,0.059375,-0.0009582012485713274,-0.0004526364125370158
-0.08437499999999999,0.06562499999999999,-0.0008540083742259628,-0.000455710389873178
-0.08437499999999999,0.071875,-0.0007559918495116382,-0.0004664300259796764
-0.08437499999999999,0.078125,-0.0006644871680633435,-0.0004836638764710178
-0.08437499999999999,0.08437499999999999,-0.0005796643873071405,-0.0005063328923904928
-0.08437499999999999,0.09062499999999998,-0.0005015521089474621,-0.0005334289344759883
-0.08437499999999999,0.09687499999999999,-0.000430061622168543,-0.0005640272066880843
-0.08437499999999999,0.103125,-0.0003650100995745339,-0.0005972934110731931
-0.08437499999999999,0.109375,-0.0003061420652158027,-0.0006324865182115807
-0.08437499999999999,0.11562499999999999,-0.0002531486448108849,-0.0006689580543073309
-0.08437499999999999,0.12187499999999998,-0.00020568434906526221,-0.0007061487526719845
-0.08437499999999999,0.128125,-0.00016338132874542722,-0.0007435833264490039
-0.08437499999999999,0.13437499999999997,-0.00012586117754668689,-0.000780864009288338
-0.08437499999999999,0.140625,-9.274445186185401e-05,-0.0008176633951471709
-0.08437499999999999,0.14687499999999998,-6.365813296851457e-05,-0.000853716997057096
-0.08437499999999999,0.153125,-3.82412848500036e-05,-0.0008888158435483499
-0.08437499999999999,0.159375,-1.614916726150523e-05,-0.0009227993436180999
-0.08437499999999999,0.16562499999999997,2.943944823494371e-06,-0.0009555485777652431
-0.08437499999999999,0.171875,1.9343002332032453e-05,-0.000986980113382913
-0.08437499999999999,0.17812499999999998,3.3331274298995156e-05,-0.001017040396536789
-0.08437499999999999,0.18437499999999998,4.5170107705579443e-05,-0.001045700737244686
-0.08437499999999999,0.190625,5.5099197793574104e-05,-0.0010729528800286123
-0.08437499999999999,0.19687499999999997,6.333723684941848e-05,-0.0010988051339772887
-0.08437499999999999,0.203125,7.008283257235733e-05,-0.0011232790252165784
-0.08437499999999999,0.20937499999999998,7.551560777126841e-05,-0.0011464064281165734
-0.08437499999999999,0.21562499999999998,7.979741110778277e-05,-0.0011682271285649393
-0.08437499999999999,0.221875,8.307358395060308e-05,-0.001188786772219689
-0.08437499999999999,0.22812499999999997,8.547424128410461e-05,-0.0012081351520322442
-0.08437499999999999,0.234375,8.711553525116679e-05,-0.001226324791888536
-0.08437499999999999,0.24062499999999998,8.810087856646657e-05,-0.0012434097864844952
-0.08437499999999999,0.24687499999999996,8.852211197967876e-05,-0.0012594448611857798
-0.08437499999999999,0.253125,8.846060545586892e-05,-0.001274484619370643
-0.08437499999999999,0.25937499999999997,8.798828701065438e-05,-0.0012885829484459979
-0.08437499999999999,0.265625,8.716859640341902e-05,-0.0013017925592453022
-0.08437499999999999,0.271875,8.605736333916422e-05,-0.0013141646367920631
-0.08437499999999999,0.27812499999999996,8.470361161824515e-05,-0.0013257485834061718
-0.08437499999999999,0.284375,8.31502919382118e-05,-0.0013365918378266247
-0.08437499999999999,0.29062499999999997,8.143494690569355e-05,-0.0013467397564243529
-0.08437499999999999,0.296875,7.959031235130132e-05,-0.001356235544694243
-0.08437499999999999,0.303125,7.764485933225861e-05,-0.0013651202290642134
-0.08437499999999999,0.30937499999999996,7.562328131664196e-05,-0.0013734326606631912
-0.08437499999999999,0.315625,7.354693101817429e-05,-0.0013812095440725646
-0.08437499999999999,0.32187499999999997,7.14342112297186e-05,-0.0013884854852708492
-0.08437499999999999,0.328125,6.930092381686016e-05,-0.001395293053991851
-0.08437499999999999,0.334375,6.716058080330465e-05,-0.0014016628565741349
-0.08437499999999999,0.34062499999999996,6.502468122486532e-05,-0.001407623616104006
-0.08437499999999999,0.34687499999999993,6.290295716175456e-05,-0.0014132022572635053
-0.08437499999999999,0.35312499999999997,6.0803592089480655e-05,-0.0014184239938052614
-0.08437499999999999,0.359375,5.873341442387411e-05,-0.0014233124170016946
-0.08437499999999999,0.365625,5.6698068880526064e-05,-0.0014278895837696176
-0.08437499999999999,0.37187499999999996,5.470216802645418e-05,-0.0014321761034636145
-0.08437499999999999,0.37812499999999993,5.27494261741358e-05,-0.0014361912225722192
-0.08437499999999999,0.38437499999999997,5.0842777556228584e-05,-0.0014399529067479916
-0.08437499999999999,0.390625,4.898448052373033e-05,-0.0014434779197631102
-0.08437499999999999,0.396875,4.717620933088273e-05,-0.0014467818991120561
-0.08437499999999999,0.40312499999999996,4.541913490634477e-05,-0.0014498794280874128
-0.08437499999999999,0.40937499999999993,4.371399586133528e-05,-0.0014527841042380855
-0.08437499999999999,0.41562499999999997,4.206116085072095e-05,-0.001455508604184987
-0.08437499999999999,0.421875,4.046068328146232e-05,-0.0014580647448204991
-0.08437499999999999,0.428125,3.8912349253444e-05,-0.0014604635409574184
-0.08437499999999999,0.43437499999999996,3.741571951952524e-05,-0.0014627152595227397
-0.08437499999999999,0.44062499999999993,3.59701661636917e-05,-0.0014648294704133875
-0.08437499999999999,0.44687499999999997,3.4574904617538367e-05,-0.0014668150941463131
-0.08437499999999999,0.453125,3.322902156510671e-05,-0.0014686804464455604
-0.08437499999999999,0.459375,3.193149922350026e-05,-0.001470433279914921
-0.08437499999999999,0.46562499999999996,3.068123643096979e-05,-0.0014720808229475902
-0.08437499999999999,0.47187499999999993,2.947706692458139e-05,-0.0014736298160244279
-0.08437499999999999,0.47812499999999997,2.8317775145524103e-05,-0.0014750865455506635
-0.08437499999999999,0.48437499999999994,2.7202109870994035e-05,-0.0014764568753775995
-0.08437499999999999,0.490625,2.6128795936881116e-05,-0.0014777462761514652
-0.08437499999999999,0.49687499999999996,2.5096544284704975e-05,-0.0014789598526263542
-0.08437499999999999,0.5031249999999999,2.4104060538967893e-05,-0.0014801023690724133
-0.08437499999999999,0.5093749999999999,2.3150052296930174e-05,-0.0014811782729043216
-0.08437499999999999,0.515625,2.223323529141821e-05,-0.0014821917166487758
-0.08437499999999999,0.5218749999999999,2.1352338568339425e-05,-0.0014831465783633143
-0.08437499999999999,0.528125,2.0506108803825135e-05,-0.0014840464806124463
-0.08437499999999999,0.534375,1.969331387110385e-05,-0.0014848948081008023
-0.08437499999999999,0.5406249999999999,1.8912745754103623e-05,-0.001485694724056934
-0.08437499999999999,0.546875,1.8163222893200494e-05,-0.0014864491854554953
-0.08437499999999999,0.5531249999999999,1.7443592038292593e-05,-0.0014871609571598908
-0.08437499999999999,0.559375,1.675272967533425e-05,-0.001487832625062075
-0.08437499999999999,0.565625,1.608954308447529e-05,-0.0014884666082910427
-0.08437499999999999,0.5718749999999999,1.5452971080893615e-05,-0.0014890651705566974
-0.08437499999999999,0.578125,1.4841984483178365e-05,-0.0014896304306911761
-0.08437499999999999,0.5843749999999999,1.4255586348621149e-05,-0.001490164372445394
-0.08437499999999999,0.590625,1.3692812009917489e-05,-0.0014906688535945003
-0.08437499999999999,0.596875,1.3152728943498401e-05,-0.0014911456144021341
-0.08062499999999999,0.0031249999999999997,-0.002162076370797958,-0.0008847999001551683
-0.08062499999999999,0.009375,-0.0020405069846240903,-0.0007670661663500761
-0.08062499999999999,0.015625,-0.0019123963606403273,-0.0006651439126511696
-0.08062499999999999,0.021875,-0.0017800301051584576,-0.0005791878636227443
-0.08062499999999999,0.028124999999999997,-0.0016455920963028919,-0.0005089791207692042
-0.08062499999999999,0.034374999999999996,-0.0015111013054033725,-0.0004539708024211501
-0.08062499999999999,0.040624999999999994,-0.0013783640433975982,-0.0004133434076498976
-0.08062499999999999,0.046875,-0.001248942331450734,-0.000386065104823402
-0.08062499999999999,0.05312499999999999,-0.0011241377287366423,-0.0003709525718638203
-0.08062499999999999,0.059375,-0.0010049889113378004,-0.00036672877392133
-0.08062499999999999,0.06562499999999999,-0.0008922806305314562,-0.00037207499638886076
-0.08062499999999999,0.071875,-0.000786561371606921,-0.0003856754141695867
-0.08062499999999999,0.078125,-0.0006881670290450459,-0.00040625336243039177
-0.08062499999999999,0.08437499999999999,-0.0005972481320216099,-0.00043259921012986824
-0.08062499999999999,0.09062499999999998,-0.0005137985134195386,-0.0004635902934738204
-0.08062499999999999,0.09687499999999999,-0.00043768374199037004,-0.0004982037403813112
-0.08062499999999999,0.103125,-0.0003686680725503709,-0.0005355232278811166
-0.08062499999999999,0.109375,-0.0003064390723103367,-0.0005747407922510324
-0.08062499999999999,0.11562499999999999,-0.0002506294283220673,-0.000615154790575865
-0.08062499999999999,0.12187499999999998,-0.0002008357208438605,-0.000656165024639495
-0.08062499999999999,0.128125,-0.0001566341593790863,-0.0006972659114831762
-0.08062499999999999,0.13437499999999997,-0.0001175934278521956,-0.0007380384414204272
-0.08062499999999999,0.140625,-8.32848819780289e-05,-0.000778141519630329
-0.08062499999999999,0.14687499999999998,-5.329039577536693e-05,-0.0008173031521008892
-0.08062499999999999,0.153125,-2.7208175615236286e-05,-0.0008553118167183268
-0.08062499999999999,0.159375,-4.656858362019306e-06,-0.0008920082584412378
-0.08062499999999999,0.16562499999999997,1.472180723221415e-05,-0.0009272778641877768
-0.08062499999999999,0.171875,3.126142355752084e-05,-0.0009610437072404369
-0.08062499999999999,0.17812499999999998,4.527031092310436e-05,-0.0009932603007353378
-0.08062499999999999,0.18437499999999998,5.7031570527172614e-05,-0.0010239080628730458
-0.08062499999999999,0.190625,6.680366840279347e-05,-0.0010529884705256995
-0.08062499999999999,0.19687499999999997,7.482139525099153e-05,-0.0010805198607136265
-0.08062499999999999,0.203125,8.129708419393354e-05,-0.001106533829017198
-0.08062499999999999,0.20937499999999998,8.64219922492721e-05,-0.0011310721686960267
-0.08062499999999999,0.21562499999999998,9.036777170194396e-05,-0.001154184292719477
-0.08062499999999999,0.221875,9.328797468956134e-05,-0.001175925081955176
-0.08062499999999999,0.22812499999999997,9.531954849540223e-05,-0.001196353105544128
-0.08062499999999999,0.234375,9.658429058967631e-05,-0.001215529163347361
-0.08062499999999999,0.24062499999999998,9.719024172375813e-05,-0.0012335151047859383
-0.08062499999999999,0.24687499999999996,9.723300270383251e-05,-0.0012503728830572706
-0.08062499999999999,0.253125,9.679696616662733e-05,-0.0012661638083474537
-0.08062499999999999,0.25937499999999997,9.59564590354206e-05,-0.0012809479681063346
-0.08062499999999999,0.265625,9.477679459886715e-05,-0.0012947837866058784
-0.08062499999999999,0.271875,9.331523554268807e-05,-0.0013077276998057854
-0.08062499999999999,0.27812499999999996,9.162187095579262e-05,-0.0013198339249784283
-0.08062499999999999,0.284375,8.974041147851469e-05,-0.0013311543075960088
-0.08062499999999999,0.29062499999999997,8.770890748507223e-05,-0.0013417382306694734
-0.08062499999999999,0.296875,8.55603955955849e-05,-0.0013516325740736315
-0.08062499999999999,0.303125,8.332347897581747e-05,-0.0013608817134239401
-0.08062499999999999,0.30937499999999996,8.102284686945516e-05,-0.0013695275498177995
-0.08062499999999999,0.315625,7.867973866875706e-05,-0.0013776095632476045
-0.08062499999999999,0.32187499999999997,7.63123576041914e-05,-0.0013851648837639521
-0.08062499999999999,0.328125,7.393623885243507e-05,-0.001392228375543307
-0.08062499999999999,0.334375,7.15645765478876e-05,-0.0013988327299208486
-0.08062499999999999,0.34062499999999996,6.920851385278564e-05,-0.0014050085642094382
-0.08062499999999999,0.34687499999999993,6.687739990772428e-05,-0.001410784523760569
-0.08062499999999999,0.35312499999999997,6.457901715689554e-05,-0.001416187385251061
-0.08062499999999999,0.359375,6.231978222691924e-05,-0.0014212421596164005
-0.08062499999999999,0.365625,6.010492323886791e-05,-0.0014259721934118685
-0.08062499999999999,0.37187499999999996,5.793863615251447e-05,-0.0014303992676781576
-0.08062499999999999,0.37812499999999993,5.582422248126634e-05,-0.0014345436936293568
-0.08062499999999999,0.38437499999999997,5.376421047612771e-05,-0.001438424404676927
-0.08062499999999999,0.390625,5.1760461657167964e-05,-0.0014420590444611144
-0.08062499999999999,0.396875,4.981426437071568e-05,-0.001445464050687595
-0.08062499999999999,0.40312499999999996,4.79264158689284e-05,-0.0014486547346674206
-0.08062499999999999,0.40937499999999993,4.609729424437902e-05,-0.001451645356537091
-0.08062499999999999,0.41562499999999997,4.432692140464505e-05,-0.0014544491961966787
-0.08062499999999999,0.421875,4.261501813931809e-05,-0.0014570786200505373
-0.08062499999999999,0.428125,4.09610522131218e-05,-0.0014595451436699707
-0.08062499999999999,0.43437499999999996,3.936428031270797e-05,-0.001461859490522498
-0.08062499999999999,0.44062499999999993,3.782378458002929e-05,-0.0014640316469299276
-0.08062499999999999,0.44687499999999997,3.633850438085871e-05,-0.0014660709134288346
-0.08062499999999999,0.453125,3.49072638820131e-05,-0.001467985952713539
-0.08062499999999999,0.459375,3.352879594419557e-05,-0.0014697848343442866
-0.08062499999999999,0.46562499999999996,3.220176277822155e-05,-0.001471475076402971
-0.08062499999999999,0.47187499999999993,3.092477375994637e-05,-0.001473063684276024
-0.08062499999999999,0.47812499999999997,2.969640075274355e-05,-0.00147455718673968
-0.08062499999999999,0.48437499999999994,2.8515191245239362e-05,-0.0014759616695171028
-0.08062499999999999,0.490625,2.7379679575605956e-05,-0.001477282806470249
-0.08062499999999999,0.49687499999999996,2.628839648152062e-05,-0.001478525888582106
-0.08062499999999999,0.5031249999999999,2.5239877186440875e-05,-0.001479695850877363
-0.08062499999999999,0.5093749999999999,2.4232668207700876e-05,-0.0014807972974217704
-0.08062499999999999,0.515625,2.3265333049727857e-05,-0.0014818345245326441
-0.08062499999999999,0.5218749999999999,2.233645692606831e-05,-0.0014828115423252185
-0.08062499999999999,0.528125,2.1444650636606363e-05,-0.001483732094711974
-0.08062499999999999,0.534375,2.0588553711086486e-05,-0.0014845996779647105
-0.08062499999999999,0.5406249999999999,1.976683691657663e-05,-0.0014854175579420536
-0.08062499999999999,0.546875,1.8978204214628118e-05,-0.0014861887860782952
-0.08062499999999999,0.5531249999999999,1.822139424340871e-05,-0.0014869162142230154
-0.08062499999999999,0.559375,1.749518139084775e-05,-0.0014876025084147985
-0.08062499999999999,0.565625,1.6798376516692228e-05,-0.0014882501616665764
-0.08062499999999999,0.5718749999999999,1.612982737419578e-05,-0.0014888615058346684
-0.08062499999999999,0.578125,1.548841877584394e-05,-0.0014894387226384706
-0.08062499999999999,0.5843749999999999,1.4873072541950757e-05,-0.0014899838538929434
-0.08062499999999999,0.590625,1.4282747266059246e-05,-0.001490498811011551
-0.08062499999999999,0.596875,1.3716437926763822e-05,-0.0014909853838331148
-0.076875,0.0031249999999999997,-0.002317482498793248,-0.0008255481676015029
-0.076875,0.009375,-0.002184089130619236,-0.0006972251813118728
-0.076875,0.015625,-0.0020434707561493948,-0.0005866048362637748
-0.076875,0.021875,-0.0018982372026704996,-0.0004938399523096554
-0.076875,0.028124999999999997,-0.0017508733136052008,-0.0004186498742574155
-0.076875,0.034374999999999996,-0.0016036650566156763,-0.0003603763591272188
-0.076875,0.040624999999999994,-0.0014586446693333444,-0.00031805069237810543
-0.076875,0.046875,-0.0013175554809799572,-0.0002904660726630868
-0.076875,0.05312499999999999,-0.0011818353550008397,-0.0002762499226087029
-0.076875,0.059375,-0.001052616447868925,-0.0002739318024706167
-0.076875,0.06562499999999999,-0.0009307382185200436,-0.0002820038135926796
-0.076875,0.071875,-0.0008167703187259327,-0.0002989715960034936
-0.076875,0.078125,-0.000711042062852372,-0.00032339511438013837
-0.076875,0.08437499999999999,-0.0006136755081943971,-0.0003539193087464881
-0.076875,0.09062499999999998,-0.000524619666318152,-0.00038929532971668083
-0.076875,0.09687499999999999,-0.0004436839183540301,-0.0004283934895792953
-0.076875,0.103125,-0.00037056925224198555,-0.0004702092709193196
-0.076875,0.109375,-0.0003048964306908326,-0.0005138637864853623
-0.076875,0.11562499999999999,-0.0002462306095413724,-0.0005586000226540833
-0.076875,0.12187499999999998,-0.00019410224847119022,-0.0006037760652599792
-0.076875,0.128125,-0.00014802439230835737,-0.0006488563346938518
-0.076875,0.13437499999999997,-0.00010750656140126117,-0.0006934016727037378
-0.076875,0.140625,-7.206558664663521e-05,-0.0007370589440354763
-0.076875,0.14687499999999998,-4.1233772787864296e-05,-0.0007795506529726229
-0.076875,0.153125,-1.4564785455104572e-05,-0.0008206649337615484
-0.076875,0.159375,8.362355648302733e-06,-0.0008602461568170812
-0.076875,0.16562499999999997,2.7940823887113894e-05,-0.0008981862989429336
-0.076875,0.171875,4.453475730875484e-05,-0.0009344171534955534
-0.076875,0.17812499999999998,5.847898020747419e-05,-0.000968903402629274
-0.076875,0.18437499999999998,7.007944155016154e-05,-0.0010016365353970884
-0.076875,0.190625,7.961417641877098e-05,-0.0010326295695440215
-0.076875,0.19687499999999997,8.733463232810246e-05,-0.0010619125185954048
-0.076875,0.203125,9.346723378667896e-05,-0.0010895285369560514
-0.076875,0.20937499999999998,9.821508560350011e-05,-0.0011155306722382468
-0.076875,0.21562499999999998,0.00010175973833630288,-0.0011399791543446267
-0.076875,0.221875,0.00010426295824621211,-0.001162939153704932
-0.076875,0.22812499999999997,0.00010586845958604439,-0.0011844789455539926
-0.076875,0.234375,0.00010670356945856509,-0.0012046684225353302
-0.076875,0.24062499999999998,0.00010688080528734533,-0.0012235779037093387
-0.076875,0.24687499999999996,0.00010649935256961672,-0.0012412771938794405
-0.076875,0.253125,0.00010564643641021746,-0.001257834852784574
-0.076875,0.25937499999999997,0.00010439858470430163,-0.001273317638991053
-0.076875,0.265625,0.00010282278403268037,-0.0012877900981656146
-0.076875,0.271875,0.00010097753160111601,-0.00130131426978515
-0.076875,0.27812499999999996,9.891378809608837e-05,-0.001313949490230302
-0.076875,0.284375,9.667583731062987e-05,-0.0013257522736342567
-0.076875,0.29062499999999997,9.430205894933579e-05,-0.0013367762548425798
-0.076875,0.296875,9.18256212595217e-05,-0.0013470721814204032
-0.076875,0.303125,8.92751001411963e-05,-0.001356687943858717
-0.076875,0.30937499999999996,8.667503122913745e-05,-0.00136566863502184
-0.076875,0.315625,8.404640116791525e-05,-0.001374056631481992
-0.076875,0.32187499999999997,8.140708395502955e-05,-0.0013818916907407104
-0.076875,0.328125,7.877222783858183e-05,-0.0013892110594741869
-0.076875,0.334375,7.615459784646457e-05,-0.0013960495888906423
-0.076875,0.34062499999999996,7.356487861030653e-05,-0.001402439854079694
-0.076875,0.34687499999999993,7.101194174098476e-05,-0.0014084122748899478
-0.076875,0.35312499999999997,6.850308162143677e-05,-0.0014139952364126671
-0.076875,0.359375,6.604422311199613e-05,-0.0014192152075942197
-0.076875,0.365625,6.364010431671287e-05,-0.0014240968568636303
-0.076875,0.37187499999999996,6.129443723770168e-05,-0.001428663163957246
-0.076875,0.37812499999999993,5.901004884898009e-05,-0.001432935527361505
-0.076875,0.38437499999999997,5.6789004851187975e-05,-0.001436933866986748
-0.076875,0.390625,5.463271812315656e-05,-0.0014406767218379639
-0.076875,0.396875,5.254204366427155e-05,-0.0014441813425691825
-0.076875,0.40312499999999996,5.051736162150156e-05,-0.001447463778902631
-0.076875,0.40937499999999993,4.855864981525154e-05,-0.0014505389619665404
-0.076875,0.41562499999999997,4.666554701723789e-05,-0.0014534207816606444
-0.076875,0.421875,4.4837408089759276e-05,-0.001456122159199242
-0.076875,0.428125,4.307335196749331e-05,-0.0014586551150110136
-0.076875,0.43437499999999996,4.137230334880911e-05,-0.0014610308321948064
-0.076875,0.44062499999999993,3.973302886215232e-05,-0.0014632597157432639
-0.076875,0.44687499999999997,3.815416838304308e-05,-0.0014653514477530102
-0.076875,0.453125,3.66342620974378e-05,-0.0014673150388423493
-0.076875,0.459375,3.5171773836551416e-05,-0.0014691588759961926
-0.076875,0.46562499999999996,3.376511114573257e-05,-0.0014708907670539645
-0.076875,0.47187499999999993,3.241264249472832e-05,-0.0014725179820503048
-0.076875,0.47812499999999997,3.111271198786299e-05,-0.0014740472916109789
-0.076875,0.48437499999999994,2.986365188956409e-05,-0.0014754850025980172
-0.076875,0.490625,2.8663793242638933e-05,-0.001476836991189035
-0.076875,0.49687499999999996,2.751147482317195e-05,-0.0014781087335662686
-0.076875,0.5031249999999999,2.6405050646338955e-05,-0.0014793053343812581
-0.076875,0.5093749999999999,2.5342896211380894e-05,-0.0014804315531515403
-0.076875,0.515625,2.4323413651016473e-05,-0.0014814918287362744
-0.076875,0.5218749999999999,2.3345035930355385e-05,-0.0014824903020285206
-0.076875,0.528125,2.240623022256484e-05,-0.0014834308369930033
-0.076875,0.534375,2.1505500572870343e-05,-0.0014843170401696547
-0.076875,0.5406249999999999,2.0641389948673423e-05,-0.0014851522787550854
-0.076875,0.546875,1.9812481761431566e-05,-0.0014859396973664043
-0.076875,0.5531249999999999,1.9017400935265275e-05,-0.0014866822335844808
-0.076875,0.559375,1.8254814587864462e-05,-0.0014873826323668607
-0.076875,0.565625,1.75234323810066e-05,-0.0014880434594140624
-0.076875,0.5718749999999999,1.682200659073739e-05,-0.0014886671135669026
-0.076875,0.578125,1.6149331940881805e-05,-0.0014892558383068338
-0.076875,0.5843749999999999,1.550424523794602e-05,-0.0014898117324259597
-0.076875,0.590625,1.4885624840541945e-05,-0.0014903367599284696
-0.076875,0.596875,1.429238999214153e-05,-0.0014908327592206192
-0.07312500000000001,0.0031249999999999997,-0.0024842621751078597,-0.0007601103941490642
-0.07312500000000001,0.009375,-0.0023377419506005162,-0.0006202142960456398
-0.07312500000000001,0.015625,-0.0021832472699343745,-0.0005001651335499306
-0.07312500000000001,0.021875,-0.0020237625056088475,-0.0004001075609332298
-0.07312500000000001,0.028124999999999997,-0.0018621180077791374,-0.0003196826829440652
-0.07312500000000001,0.034374999999999996,-0.0017009036612173293,-0.000258096690684379
-0.07312500000000001,0.040624999999999994,-0.0015424059963607822,-0.0002142024080318745
-0.07312500000000001,0.046875,-0.0013885693474843088,-0.0001865863344701485
-0.07312500000000001,0.05312499999999999,-0.001240979453824225,-0.00017365465698235445
-0.07312500000000001,0.059375,-0.0011008664024106372,-0.0001737130718070469
-0.07312500000000001,0.06562499999999999,-0.0009691229552232766,-0.00018503682668606744
-0.07312500000000001,0.071875,-0.0008463340271365004,-0.00020592893098081476
-0.07312500000000001,0.078125,-0.0007328132617666111,-0.00023476582003443733
-0.07312500000000001,0.08437499999999999,-0.0006286431427423428,-0.00027003081115147595
-0.07312500000000001,0.09062499999999998,-0.0005337157370117046,-0.00031033642536726727
-0.07312500000000001,0.09687499999999999,-0.000447771877867896,-0.0003544370920558926
-0.07312500000000001,0.103125,-0.00037043727387345537,-0.0004012339502583817
-0.07312500000000001,0.109375,-0.0003012546232523753,-0.0004497734707323475
-0.07312500000000001,0.11562499999999999,-0.00023971129619766344,-0.000499241505181108
-0.07312500000000001,0.12187499999999998,-0.00018526251472781392,-0.0005489541755543258
-0.07312500000000001,0.128125,-0.00013735021930293538,-0.0005983467876575528
-0.07312500000000001,0.13437499999999997,-9.541797878902224e-05,-0.0006469617192347241
-0.07312500000000001,0.140625,-5.8922393804569706e-05,-0.0006944360126977396
-0.07312500000000001,0.14687499999999998,-2.7341481127279792e-05,-0.0007404892079936248
-0.07312500000000001,0.153125,-1.8052491803060492e-07,-0.0007849117867486901
-0.07312500000000001,0.159375,2.3024147439067132e-05,-0.0008275544655619984
-0.07312500000000001,0.16562499999999997,4.270305045434612e-05,-0.0008683184722048788
-0.07312500000000001,0.171875,5.925272305945786e-05,-0.0009071468601154509
-0.07312500000000001,0.17812499999999998,7.303589780191553e-05,-0.0009440168599422887
-0.07312500000000001,0.18437499999999998,8.438239701292349e-05,-0.0009789332279279044
-0.07312500000000001,0.190625,9.35905433008026e-05,-0.0010119225258599519
-0.07312500000000001,0.19687499999999997,0.00010092891359012244,-0.001043028252850258
-0.07312500000000001,0.203125,0.0001066383021784701,-0.0010723067425513202
-0.07312500000000001,0.20937499999999998,0.0001109337889719329,-0.001099823738332071
-0.07312500000000001,0.21562499999999998,0.00011400683454113171,-0.001125651561632619
-0.07312500000000001,0.221875,0.00011602734443090503,-0.0011498667938391227
-0.07312500000000001,0.22812499999999997,0.00011714566184773206,-0.0011725483985485982
-0.07312500000000001,0.234375,0.00011749446103711012,-0.0011937762182925248
-0.07312500000000001,0.24062499999999998,0.00011719052391558818,-0.0012136297871410144
-0.07312500000000001,0.24687499999999996,0.00011633639035481746,-0.001232187407768535
-0.07312500000000001,0.253125,0.000115021878382204,-0.0012495254483072204
-0.07312500000000001,0.25937499999999997,0.00011332547485541419,-0.00126571782051717
-0.07312500000000001,0.265625,0.00011131560021580604,-0.0012808356064037555
-0.07312500000000001,0.271875,0.00010905175300258838,-0.0012949468053947213
-0.07312500000000001,0.27812499999999996,0.00010658554113915902,-0.0013081161785702014
-0.07312500000000001,0.284375,0.00010396160776674863,-0.0013204051702512378
-0.07312500000000001,0.29062499999999997,0.00010121845974293709,-0.001331871890542606
-0.07312500000000001,0.296875,9.838920695808483e-05,-0.0013425711452443878
-0.07312500000000001,0.303125,9.550222044064013e-05,-0.0013525545019458108
-0.07312500000000001,0.30937499999999996,9.258171689159975e-05,-0.0013618703831449676
-0.07312500000000001,0.315625,8.964827686180955e-05,-0.0013705641789467985
-0.07312500000000001,0.32187499999999997,8.671930330288484e-05,-0.0013786783733229031
-0.07312500000000001,0.328125,8.380942671267116e-05,-0.001386252679109828
-0.07312500000000001,0.334375,8.093086258061405e-05,-0.001393324177912535
-0.07312500000000001,0.34062499999999996,7.80937263322505e-05,-0.0013999274618976439
-0.07312500000000001,0.34687499999999993,7.530631048554045e-05,-0.0014060947751336084
-0.07312500000000001,0.35312499999999997,7.257532827159982e-05,-0.0014118561526854489
-0.07312500000000001,0.359375,6.990612754253309e-05,-0.0014172395561199058
-0.07312500000000001,0.365625,6.730287839144504e-05,-0.001422271004439941
-0.07312500000000001,0.37187499999999996,6.476873754486627e-05,-0.001426974699759769
-0.07312500000000001,0.37812499999999993,6.230599225523927e-05,-0.0014313731472652873
-0.07312500000000001,0.38437499999999997,5.9916186119589704e-05,-0.0014354872691901424
-0.07312500000000001,0.390625,5.760022897840187e-05,-0.0014393365126833292
-0.07312500000000001,0.396875,5.53584928041019e-05,-0.0014429389515574027
-0.07312500000000001,0.40312499999999996,5.31908952693823e-05,-0.0014463113819930462
-0.07312500000000001,0.40937499999999993,5.109697248977715e-05,-0.0014494694123409315
-0.07312500000000001,0.41562499999999997,4.907594226035604e-05,-0.001452427547209603
-0.07312500000000001,0.421875,4.712675895115853e-05,-0.0014551992660619935
-0.07312500000000001,0.428125,4.524816108815216e-05,-0.0014577970965659005
-0.07312500000000001,0.43437499999999996,4.343871252430504e-05,-0.0014602326829576534
-0.07312500000000001,0.44062499999999993,4.169683799719031e-05,-0.001462516849685189
-0.07312500000000001,0.44687499999999997,4.0020853773882904e-05,-0.0014646596605983428
-0.07312500000000001,0.453125,3.840899399941201e-05,-0.0014666704739516223
-0.07312500000000001,0.459375,3.685943329045533e-05,-0.0014685579934791044
-0.07312500000000001,0.46562499999999996,3.537030605019053e-05,-0.0014703303157931505
-0.07312500000000001,0.47187499999999993,3.393972292225499e-05,-0.0014719949743490818
-0.07312500000000001,0.47812499999999997,3.2565784750708315e-05,-0.0014735589802072904
-0.07312500000000001,0.48437499999999994,3.1246594367943886e-05,-0.0014750288598128956
-0.07312500000000001,0.490625,2.9980266492942305e-05,-0.0014764106900013454
-0.07312500000000001,0.49687499999999996,2.876493598746804e-05,-0.0014777101304265213
-0.07312500000000001,0.5031249999999999,2.759876468721529e-05,-0.0014789324535961583
-0.07312500000000001,0.5093749999999999,2.6479946998016634e-05,-0.0014800825726878763
-0.07312500000000001,0.515625,2.5406714423592253e-05,-0.001481165067307939
-0.07312500000000001,0.5218749999999999,2.437733917055312e-05,-0.0014821842073440888
-0.07312500000000001,0.528125,2.339013695813025e-05,-0.00148314397505352
-0.07312500000000001,0.534375,2.24434691440855e-05,-0.001484048085517255
-0.07312500000000001,0.5406249999999999,2.1535744264193393e-05,-0.0014849000055829186
-0.07312500000000001,0.546875,2.0665419070339116e-05,-0.001485702971409168
-0.07312500000000001,0.5531249999999999,1.9830999141442065e-05,-0.0014864600047168077
-0.07312500000000001,0.559375,1.9031039131906484e-05,-0.0014871739278439246
-0.07312500000000001,0.565625,1.826414271396202e-05,-0.0014878473776951651
-0.07312500000000001,0.5718749999999999,1.7528962262941108e-05,-0.0014884828186685656
-0.07312500000000001,0.578125,1.682419832812755e-05,-0.0014890825546370742
-0.07312500000000001,0.5843749999999999,1.6148598926189458e-05,-0.001489648740056088
-0.07312500000000001,0.590625,1.550095868928286e-05,-0.0014901833902629226
-0.07312500000000001,0.596875,1.4880117895599113e-05,-0.0014906883910291088
-0.069375,0.0031249999999999997,-0.0026633210437207316,-0.000687754345147428
-0.069375,0.009375,-0.0025022024180068663,-0.0005352055869668956
-0.069375,0.015625,-0.0023322897137458567,-0.0004049397192081041
-0.069375,0.021875,-0.002157000758748199,-0.0002970844819416977
-0.069375,0.028124999999999997,-0.001979563002586533,-0.00021118192439526211
-0.069375,0.034374999999999996,-0.0018029123850821843,-0.0001462729471245739
-0.069375,0.040624999999999994,-0.0016296214180764091,-0.00010099660364460772
-0.069375,0.046875,-0.0014618566993433418,-7.369492581052895e-05
-0.069375,0.05312499999999999,-0.0013013634824721857,-6.251530046314977e-05
-0.069375,0.059375,-0.0011494731441392871,-6.550425930821756e-05
-0.069375,0.06562499999999999,-0.0010071284466737422,-8.068857888120142e-05
-0.069375,0.071875,-0.0008749212849413068,-0.00010614152352732818
-0.069375,0.078125,-0.0007531379543779377,-0.00014003370286530905
-0.069375,0.08437499999999999,-0.0006418076820321464,-0.0001806692582457406
-0.069375,0.09062499999999998,-0.0005407510418688488,-0.00022650892485395345
-0.069375,0.09687499999999999,-0.0004496257846135364,-0.00027618197834112157
-0.069375,0.103125,-0.0003679684515818759,-0.0003284892387058194
-0.069375,0.109375,-0.0002952308541143184,-0.0003823992507037445
-0.069375,0.11562499999999999,-0.00023081106236595136,-0.0004370395658446289
-0.069375,0.12187499999999998,-0.00017407896030708394,-0.0004916847800815766
-0.069375,0.128125,-0.0001243967035975929,-0.0005457426822590787
-0.069375,0.13437499999999997,-8.11345864255743e-05,-0.0005987395748825152
-0.069375,0.140625,-4.368290721203972e-05,-0.0006503055615558346
-0.069375,0.14687499999999998,-1.146044453824325e-05,-0.0007001603652504544
-0.069375,0.153125,1.6079866263510532e-05,-0.0007481000520127675
-0.069375,0.159375,3.944751264284969e-05,-0.0007939848847133235
-0.069375,0.16562499999999997,5.911275863459515e-05,-0.0008377284171882402
-0.069375,0.171875,7.550635782627094e-05,-0.000879287855518235
-0.069375,0.17812499999999998,8.902027661386751e-05,-0.0009186556547795023
-0.069375,0.18437499999999998,0.00010000914088757194,-0.000955852281170843
-0.069375,0.190625,0.00010879217503919158,-0.0009909200463233338
-0.069375,0.19687499999999997,0.00011565545076766277,-0.0010239179088831446
-0.069375,0.203125,0.00012085430445536575,-0.0010549171348965135
-0.069375,0.20937499999999998,0.00012461581625758774,-0.0010839977105628882
-0.069375,0.21562499999999998,0.00012714127212568008,-0.0011112454065927545
-0.069375,0.221875,0.00012860855253399203,-0.001136749401241416
-0.069375,0.22812499999999997,0.00012917440949452723,-0.0011606003780219648
-0.069375,0.234375,0.00012897660728445145,-0.001182889023379928
-0.069375,0.24062499999999998,0.00012813591287855438,-0.001203704858732343
-0.069375,0.24687499999999996,0.000126757929989164,-0.0012231353499119694
-0.069375,0.253125,0.00012493477640161094,-0.0012412652450231724
-0.069375,0.25937499999999997,0.00012274660840273687,-0.001258176098915606
-0.069375,0.265625,0.00012026299890496605,-0.001273945948886654
-0.069375,0.271875,0.00011754417767282961,-0.0012886491118490355
-0.069375,0.27812499999999996,0.00011464214310741607,-0.0013023560780888654
-0.069375,0.284375,0.00011160165553206445,-0.0013151334809504108
-0.069375,0.29062499999999997,0.00010846112200320463,-0.0013270441253828468
-0.069375,0.296875,0.00010525338246317165,-0.0013381470613398117
-0.069375,0.303125,0.00010200640664895943,-0.001348497690600782
-0.069375,0.30937499999999996,9.87439106420927e-05,-0.0013581478977469949
-0.069375,0.315625,9.548590134236487e-05,-0.0013671461978310997
-0.069375,0.32187499999999997,9.224915651063699e-05,-0.0013755378947807326
-0.069375,0.328125,8.904764738099003e-05,-0.001383365245817491
-0.069375,0.334375,8.589291020981085e-05,-0.001390667628194628
-0.069375,0.34062499999999996,8.279437252209513e-05,-0.001397481705393941
-0.069375,0.34687499999999993,7.975963924184267e-05,-0.0014038415906049398
-0.069375,0.35312499999999997,7.67947433588629e-05,-0.001409779005862995
-0.069375,0.359375,7.390436529095687e-05,-0.0014153234356697618
-0.069375,0.365625,7.10920246488276e-05,-0.0014205022742770732
-0.069375,0.37187499999999996,6.836024770039172e-05,-0.0014253409661003965
-0.069375,0.37812499999999993,6.571071345979024e-05,-0.0014298631389527622
-0.069375,0.38437499999999997,6.314438099209988e-05,-0.0014340907299658229
-0.069375,0.390625,6.066160022500756e-05,-0.001438044104200386
-0.069375,0.396875,5.826220829083694e-05,-0.0014417421660519669
-0.069375,0.40312499999999996,5.5945613183605034e-05,-0.0014452024636338464
-0.069375,0.40937499999999993,5.371086630356556e-05,-0.001448441286375978
-0.069375,0.41562499999999997,5.155672527342239e-05,-0.0014514737561170544
-0.069375,0.421875,4.9481708243665723e-05,-0.001454313911992648
-0.069375,0.428125,4.7484140757053726e-05,-0.0014569747894373878
-0.069375,0.43437499999999996,4.55621961120768e-05,-0.0014594684936259641
-0.069375,0.44062499999999993,4.371393005041285e-05,-0.0014618062676782328
-0.069375,0.44687499999999997,4.193731049219802e-05,-0.001463998555949368
-0.069375,0.453125,4.0230242953856014e-05,-0.0014660550627180772
-0.069375,0.459375,3.859059220486003e-05,-0.0014679848065753762
-0.069375,0.46562499999999996,3.7016200650899514e-05,-0.0014697961708040658
-0.069375,0.47187499999999993,3.550490387038234e-05,-0.0014714969500255078
-0.069375,0.47812499999999997,3.4054543678030116e-05,-0.0014730943933760454
-0.069375,0.48437499999999994,3.266297904264605e-05,-0.0014745952444608261
-0.069375,0.490625,3.132809514516978e-05,-0.0014760057783181721
-0.069375,0.49687499999999996,3.0047810827199262e-05,-0.0014773318356132098
-0.069375,0.5031249999999999,2.8820084648640055e-05,-0.001478578854265397
-0.069375,0.5093749999999999,2.764291974551143e-05,-0.0014797518987009904
-0.069375,0.515625,2.651436765471393e-05,-0.0014808556869084404
-0.069375,0.5218749999999999,2.5432531251335386e-05,-0.001481894615462286
-0.069375,0.528125,2.439556692547089e-05,-0.0014828727826693268
-0.069375,0.534375,2.3401686109239757e-05,-0.001483794009979733
-0.069375,0.5406249999999999,2.2449156250409128e-05,-0.0014846618617952898
-0.069375,0.546875,2.153630131653932e-05,-0.0014854796637971703
-0.069375,0.5531249999999999,2.066150190262525e-05,-0.0014862505199064572
-0.069375,0.559375,1.9823195005632295e-05,-0.0014869773279820879
-0.069375,0.565625,1.9019873520947695e-05,-0.0014876627943529266
-0.069375,0.5718749999999999,1.8250085508437333e-05,-0.0014883094472732759
-0.069375,0.578125,1.751243326938949e-05,-0.0014889196493842682
-0.069375,0.5843749999999999,1.680557227002273e-05,-0.0014894956092572128
-0.069375,0.590625,1.612820994233809e-05,-0.0014900393920890896
-0.069375,0.596875,1.5479104388819554e-05,-0.0014905529296149196
-0.065625,0.0031249999999999997,-0.0028556474541450117,-0.0006076467604287726
-0.065625,0.009375,-0.0026782644769962685,-0.00044126070286271113
-0.065625,0.015625,-0.002491193503522879,-0.0002999303335135871
-0.065625,0.021875,-0.0022983549097488933,-0.00018375442552947402
-0.065625,0.028124999999999997,-0.002103433053658714,-9.21496673825246e-05
-0.065625,0.034374999999999996,-0.001909757981964413,-2.39551087414234e-05
-0.065625,0.040624999999999994,-0.001720223456634118,2.2446647320435503e-05
-0.065625,0.046875,-0.0015372410521562031,4.9003025094268614e-05
-0.065625,0.05312499999999999,-0.0013627268689989827,5.786956021197002e-05
-0.065625,0.059375,-0.0011981153033462277,5.1299759702709254e-05
-0.065625,0.06562499999999999,-0.001044393304363342,3.155137620555336e-05
-0.065625,0.071875,-0.0009021484683501942,8.113013430766612e-07
-0.065625,0.078125,-0.0007716249097815169,-3.8860711939530486e-05
-0.065625,0.08437499999999999,-0.0006527818436394962,-8.55707450433253e-05
-0.065625,0.09062499999999998,-0.0005453509764259099,-0.00013761399740394
-0.065625,0.09687499999999999,-0.0004488899573776362,-0.00019348528932191101
-0.065625,0.103125,-0.00036283017195625953,-0.00025187951806876344
-0.065625,0.109375,-0.00028651800720392424,-0.0003116846555551334
-0.065625,0.11562499999999999,-0.00021924936576932902,-0.0003719695790303384
-0.065625,0.12187499999999998,-0.00016029766302371953,-0.0004319686568441982
-0.065625,0.128125,-0.0001089358360857191,-0.0004910646260837977
-0.065625,0.13437499999999997,-6.44530574679544e-05,-0.0005487709350744991
-0.065625,0.140625,-2.6166912267340503e-05,-0.0006047144024807299
-0.065625,0.14687499999999998,6.568204320097889e-06,-0.0006586187753710934
-0.065625,0.153125,3.435575865452966e-05,-0.0007102895523898895
-0.065625,0.159375,5.775418062744238e-05,-0.0007596002714411821
-0.065625,0.16562499999999997,7.727584043084286e-05,-0.0008064803377880488
-0.065625,0.171875,9.338743014664091e-05,-0.000850904380967226
-0.065625,0.17812499999999998,0.00010651136190229727,-0.0008928830702364826
-0.065625,0.18437499999999998,0.0001170278687085847,-0.0009324552818623408
-0.065625,0.190625,0.00012527755941087532,-0.0009696814917856594
-0.065625,0.19687499999999997,0.00013156423497096277,-0.001004638259428819
-0.065625,0.203125,0.0001361578198568769,-0.0010374136689361873
-0.065625,0.20937499999999998,0.00013929730041088904,-0.0010681036001187172
-0.065625,0.21562499999999998,0.00014119359267274174,-0.0010968087106680842
-0.065625,0.221875,0.0001420322863094576,-0.0011236320222617695
-0.065625,0.22812499999999997,0.0001419762300743758,-0.0011486770149039334
-0.065625,0.234375,0.00014116793853663153,-0.0011720461454969304
-0.065625,0.24062499999999998,0.00013973181053160796,-0.0011938397177390493
-0.065625,0.24687499999999996,0.0001377761576106096,-0.0012141550407131767
-0.065625,0.253125,0.00013539504632747575,-0.0012330858228239135
-0.065625,0.25937499999999997,0.0001326699619990639,-0.0012507217560076259
-0.065625,0.265625,0.00012967130402935994,-0.0012671482523942794
-0.065625,0.271875,0.00012645972432619314,-0.0012824463018945838
-0.065625,0.27812499999999996,0.00012308732102927624,-0.0012966924245966054
-0.065625,0.284375,0.00011959869991577275,-0.0013099586964692841
-0.065625,0.29062499999999997,0.0001160319156153808,-0.0013223128307760378
-0.065625,0.296875,0.00011241930427405294,-0.0013338183008876547
-0.065625,0.303125,0.00010878821864689744,-0.0013445344929325712
-0.065625,0.30937499999999996,0.00010516167584580669,-0.0013545168790101093
-0.065625,0.315625,0.00010155892716665367,-0.0013638172035862993
-0.065625,0.32187499999999997,9.799595861087125e-05,-0.0013724836772526325
-0.065625,0.328125,9.448592992224372e-05,-0.0013805611733080521
-0.065625,0.334375,9.103955919885114e-05,-0.001388091423669117
-0.065625,0.34062499999999996,8.766545942309658e-05,-0.0013951132114615845
-0.065625,0.34687499999999993,8.437043258580632e-05,-0.0014016625583318455
-0.065625,0.35312499999999997,8.115972646636196e-05,-0.0014077729050669223
-0.065625,0.359375,7.803725857014568e-05,-0.0014134752845507393
-0.065625,0.365625,7.500581121607549e-05,-0.001418798486432086
-0.065625,0.37187499999999996,7.206720130838335e-05,-0.0014237692131526599
-0.065625,0.37812499999999993,6.922242791507456e-05,-0.0014284122271956828
-0.065625,0.38437499999999997,6.64718004073529e-05,-0.0014327504895782967
-0.065625,0.390625,6.381504958618398e-05,-0.001436805289733744
-0.065625,0.396875,6.125142393056323e-05,-0.0014405963670200406
-0.065625,0.40312499999999996,5.8779772843520525e-05,-0.0014441420241569202
-0.065625,0.40937499999999993,5.639861854314948e-05,-0.0014474592329374654
-0.065625,0.41562499999999997,5.410621804392146e-05,-0.0014505637325894242
-0.065625,0.421875,5.1900616495383126e-05,-0.001453470121177166
-0.065625,0.428125,4.9779692988424984e-05,-0.0014561919404414568
-0.065625,0.43437499999999996,4.774119980127404e-05,-0.00145874175447299
-0.065625,0.44062499999999993,4.5782795936045455e-05,-0.0014611312226087624
-0.065625,0.44687499999999997,4.390207569015635e-05,-0.0014633711669294034
-0.065625,0.453125,4.209659291342386e-05,-0.0014654716347216523
-0.065625,0.459375,4.036388151968746e-05,-0.0014674419562542335
-0.065625,0.46562499999999996,3.8701472749944336e-05,-0.001469290798198185
-0.065625,0.47187499999999993,3.7106909621035667e-05,-0.0014710262130047777
-0.065625,0.47812499999999997,3.557775893879459e-05,-0.0014726556845360084
-0.065625,0.48437499999999994,3.4111621206310986e-05,-0.0014741861702245688
-0.065625,0.490625,3.270613871573197e-05,-0.0014756241400224498
-0.065625,0.49687499999999996,3.135900207507043e-05,-0.0014769756123801199
-0.065625,0.5031249999999999,3.006795538917218e-05,-0.0014782461874816451
-0.065625,0.5093749999999999,2.8830800285731605e-05,-0.0014794410779453038
-0.065625,0.515625,2.7645398952533932e-05,-0.0014805651371842129
-0.065625,0.5218749999999999,2.6509676330503883e-05,-0.0014816228856072906
-0.065625,0.528125,2.542162158826183e-05,-0.0014826185348275217
-0.065625,0.534375,2.4379288987396958e-05,-0.0014835560100319597
-0.065625,0.5406249999999999,2.3380798233254865e-05,-0.0014844389706561943
-0.065625,0.546875,2.2424334393454754e-05,-0.0014852708294950856
-0.065625,0.5531249999999999,2.1508147455361653e-05,-0.0014860547703714063
-0.065625,0.559375,2.0630551584146255e-05,-0.0014867937644745931
-0.065625,0.565625,1.9789924134694194e-05,-0.00148749058547306
-0.065625,0.5718749999999999,1.8984704463322786e-05,-0.0014881478234954112
-0.065625,0.578125,1.8213392578894316e-05,-0.001488767898068414
-0.065625,0.5843749999999999,1.747454766736314e-05,-0.0014893530700926447
-0.065625,0.590625,1.6766786518955062e-05,-0.0014899054529303511
-0.065625,0.596875,1.608878188296602e-05,-0.0014904270226741582
-0.061875,0.0031249999999999997,-0.003062320899605706,-0.0005188370699176401
-0.061875,0.009375,-0.002866782940903619,-0.00033731383320258733
-0.061875,0.015625,-0.002660585344929319,-0.0001840090495865696
-0.061875,0.021875,-0.0024482322254555247,-5.897609186101714e-05
-0.061875,0.028124999999999997,-0.0022339342276183304,3.852698524908944e-05
-0.061875,0.034374999999999996,-0.002021470230437434,0.00010990802124449285
-0.061875,0.040624999999999994,-0.0018140943113333133,0.00015709251618485588
-0.061875,0.046875,-0.0016144869686031537,0.00018237096942353456
-0.061875,0.05312499999999999,-0.0014247456484776,0.00018825365065230047
-0.061875,0.059375,-0.0012464071628463219,0.00017734137466212025
-0.061875,0.06562499999999999,-0.0010804935538796974,0.00015221744464906416
-0.061875,0.071875,-0.000927573095603097,0.00011536288102085581
-0.061875,0.078125,-0.0007878290597331322,6.909463812847195e-05
-0.061875,0.08437499999999999,-0.0006611302541408989,1.5524823802194913e-05
-0.061875,0.09062499999999998,-0.0005470988674254621,-4.3462062753526305e-05
-0.061875,0.09687499999999999,-0.000445172607852122,-0.0001062172867840115
-0.061875,0.103125,-0.00035465938049657734,-0.00017132484290646385
-0.061875,0.109375,-0.00027478374517468803,-0.0002375903685006512
-0.061875,0.11562499999999999,-0.00020472513313471682,-0.0003040247131958671
-0.061875,0.12187499999999998,-0.00014364829767723366,-0.0003698243789867501
-0.061875,0.128125,-9.072677368597134e-05,-0.00043435055611705997
-0.061875,0.13437499999999997,-4.5160268736103345e-05,-0.0004971080339857704
-0.061875,0.140625,-6.186946612683445e-06,-0.0005577248842477376
-0.061875,0.14687499999999998,2.6908470905879775e-05,-0.0006159335015523678
-0.061875,0.153125,5.4789937412786026e-05,-0.0006715533437544944
-0.061875,0.159375,7.806790584999789e-05,-0.0007244755307624577
-0.061875,0.16562499999999997,9.729910829831186e-05,-0.0007746493300609089
-0.061875,0.171875,0.00011298776429788332,-0.0008220704675257496
-0.061875,0.17812499999999998,0.00012558778975959442,-0.0008667711452199975
-0.061875,0.18437499999999998,0.00013550566659877817,-0.0009088116153624158
-0.061875,0.190625,0.0001431037088799039,-0.0009482731448867272
-0.061875,0.19687499999999997,0.0001487035246211619,-0.0009852522025873712
-0.061875,0.203125,0.00015258952433630046,-0.001019855706619169
-0.061875,0.20937499999999998,0.00015501236913995734,-0.0010521971809592141
-0.061875,0.21562499999999998,0.00015619228421120035,-0.0010823936830737467
-0.061875,0.221875,0.000156322188991551,-0.0011105633798555337
-0.061875,0.22812499999999997,0.0001555706149870846,-0.001136823663819043
-0.061875,0.234375,0.00015408439660768658,-0.0011612897158584665
-0.061875,0.24062499999999998,0.00015199113111099503,-0.0011840734341663174
-0.061875,0.24687499999999996,0.00014940141126787884,-0.0012052826609569088
-0.061875,0.253125,0.00014641083952807995,-0.0012250206493562522
-0.061875,0.25937499999999997,0.0001431018358062332,-0.0012433857222157263
-0.061875,0.265625,0.0001395452529844523,-0.0012604710827463321
-0.061875,0.271875,0.00013580181519773303,-0.0012763647438515128
-0.061875,0.27812499999999996,0.00013192339421348934,-0.001291149548973626
-0.061875,0.284375,0.00012795413895348335,-0.0013049032622811931
-0.061875,0.29062499999999997,0.00012393147260051496,-0.0013176987102276412
-0.061875,0.296875,0.00011988697090780482,-0.0013296039600170211
-0.061875,0.303125,0.00011584713437815699,-0.001340682523418399
-0.061875,0.30937499999999996,0.00011183406596975322,-0.0013509935767682187
-0.061875,0.315625,0.00010786606496357334,-0.0013605921899680405
-0.061875,0.32187499999999997,0.00010395814662702431,-0.0013695295588928085
-0.061875,0.328125,0.00010012249635135256,-0.0013778532369315725
-0.061875,0.334375,9.636886604059183e-05,-0.0013856073624392918
-0.061875,0.34062499999999996,9.27049196948364e-05,-0.0013928328797281262
-0.061875,0.34687499999999993,8.91365343639176e-05,-0.0013995677519058872
-0.061875,0.35312499999999997,8.566806194936294e-05,-0.0014058471644086237
-0.061875,0.359375,8.230255670105659e-05,-0.0014117037184992233
-0.061875,0.365625,7.904197268710332e-05,-0.0014171676143355974
-0.061875,0.37187499999999996,7.588733500703771e-05,-0.0014222668234681651
-0.061875,0.37812499999999993,7.283888806523815e-05,-0.0014270272508214133
-0.061875,0.38437499999999997,6.989622381858291e-05,-0.0014314728863603216
-0.061875,0.390625,6.705839255541132e-05,-0.0014356259467491965
-0.061875,0.396875,6.432399844725795e-05,-0.0014395070073859768
-0.061875,0.40312499999999996,6.169128183639141e-05,-0.0014431351252459283
-0.061875,0.40937499999999993,5.915818997696307e-05,-0.001446527953000156
-0.061875,0.41562499999999997,5.672243773191471e-05,-0.0014497018448908394
-0.061875,0.421875,5.4381559538390624e-05,-0.0014526719548500152
-0.061875,0.428125,5.213295378822937e-05,-0.0014554523273449178
-0.061875,0.43437499999999996,4.997392062446613e-05,-0.0014580559814225487
-0.061875,0.44062499999999993,4.7901694027226376e-05,-0.0014604949884111072
-0.061875,0.44687499999999997,4.591346895075846e-05,-0.001462780543717545
-0.061875,0.453125,4.400642417572061e-05,-0.0014649230331399803
-0.061875,0.459375,4.217774145548076e-05,-0.001466932094091824
-0.061875,0.46562499999999996,4.042462146060845e-05,-0.0014688166721119771
-0.061875,0.47187499999999993,3.874429696058949e-05,-0.001470585073012799
-0.061875,0.47812499999999997,3.713404362491181e-05,-0.001472245010995169
-0.061875,0.48437499999999994,3.559118877601283e-05,-0.0014738036530381198
-0.061875,0.490625,3.411311838324484e-05,-0.0014752676598494196
-0.061875,0.49687499999999996,3.269728254920402e-05,-0.0014766432236432787
-0.061875,0.5031249999999999,3.1341199706786275e-05,-0.001477936102992136
-0.061875,0.5093749999999999,3.0042459716568437e-05,-0.001479151654981293
-0.061875,0.515625,2.8798726029030598e-05,-0.0014802948648780401
-0.061875,0.5218749999999999,2.7607737054268318e-05,-0.0014813703735108595
-0.061875,0.528125,2.646730686278422e-05,-0.0014823825025392678
-0.061875,0.534375,2.537532532433959e-05,-0.0014833352777808614
-0.061875,0.5406249999999999,2.4329757777374704e-05,-0.0014842324507491093
-0.061875,0.546875,2.3328644308903618e-05,-0.001485077518543347
-0.061875,0.5531249999999999,2.2370098713813258e-05,-0.0014858737422212276
-0.061875,0.559375,2.145230719294138e-05,-0.0014866241637735305
-0.061875,0.565625,2.0573526840995578e-05,-0.0014873316218116492
-0.061875,0.5718749999999999,1.973208396814106e-05,-0.001487998766069253
-0.061875,0.578125,1.892637229279815e-05,-0.0014886280708114692
-0.061875,0.5843749999999999,1.8154851037725727e-05,-0.001489221847237426
-0.061875,0.590625,1.741604295671887e-05,-0.0014897822549551026
-0.061875,0.596875,1.6708532315131908e-05,-0.0014903113126010562
-0.058124999999999996,0.0031249999999999997,-0.003284521271349334,-0.00042023808367762697
-0.058124999999999996,0.009375,-0.0030686773024723286,-0.000222151687747172
-0.058124999999999996,0.015625,-0.002841122060616682,-5.589910116855605e-05
-0.058124999999999996,0.021875,-0.002607038978534964,7.85339394277257e-05
-0.058124999999999996,0.028124999999999997,-0.002371245502924311,0.0001820901444316511
-0.058124999999999996,0.034374999999999996,-0.0021380315561425364,0.0002564798110081326
-0.058124999999999996,0.040624999999999994,-0.0019110545335267416,0.00030399912401956925
-0.058124999999999996,0.046875,-0.0016932886558477006,0.0003273455876455307
-0.058124999999999996,0.05312499999999999,-0.0014870216488769605,0.00032944501418413676
-0.058124999999999996,0.059375,-0.0012938888879481254,0.0003133001006274613
-0.058124999999999996,0.06562499999999999,-0.0011149341730649122,0.00028186622768297596
-0.058124999999999996,0.071875,-0.0009506867792345021,0.0002379563133695483
-0.058124999999999996,0.078125,-0.0008012458514982049,0.00018417365394271979
-0.058124999999999996,0.08437499999999999,-0.0006663651072180753,0.00012286975913932676
-0.058124999999999996,0.09062499999999998,-0.00054553279166984,5.6123143175115364e-05
-0.058124999999999996,0.09687499999999999,-0.0004380436524504711,-1.4265312508421769e-05
-0.058124999999999996,0.103125,-0.0003430612142769214,-8.676465917801753e-05
-0.058124999999999996,0.109375,-0.0002596697991764975,-0.00016009762302478638
-0.058124999999999996,0.11562499999999999,-0.00018691655930255148,-0.00023321896290304667
-0.058124999999999996,0.12187499999999998,-0.0001238443164304995,-0.00030529097058513044
-0.058124999999999996,0.128125,-6.951629361081597e-05,-0.00037565802693698244
-0.058124999999999996,0.13437499999999997,-2.303394140294214e-05,-0.0004438215872632318
-0.058124999999999996,0.140625,1.6450942132207223e-05,-0.0005094165198335754
-0.058124999999999996,0.14687499999999998,4.9728677629811986e-05,-0.0005721893652786435
-0.058124999999999996,0.153125,7.752775800649907e-05,-0.0006319788139202827
-0.058124999999999996,0.159375,0.00010051362985207584,-0.0006886985013617055
-0.058124999999999996,0.16562499999999997,0.00011928948405718277,-0.0007423220864776746
-0.058124999999999996,0.171875,0.00013439846990024367,-0.0007928704873616077
-0.058124999999999996,0.17812499999999998,0.00014632686590382687,-0.0008404010982463809
-0.058124999999999996,0.18437499999999998,0.00015550784378809415,-0.0008849987841818633
-0.058124999999999996,0.190625,0.00016232554847602773,-0.0009267684424736579
-0.058124999999999996,0.19687499999999997,0.00016711928825365456,-0.0009658289244583064
-0.058124999999999996,0.203125,0.0001701876864344132,-0.0010023081235128288
-0.058124999999999996,0.20937499999999998,0.00017179269107581464,-0.001036339051915719
-0.058124999999999996,0.21562499999999998,0.0001721633743403459,-0.0010680567479233313
-0.058124999999999996,0.221875,0.0001714994797645633,-0.0010975958735890971
-0.058124999999999996,0.22812499999999997,0.00016997469559999949,-0.0011250888823902128
-0.058124999999999996,0.234375,0.00016773964690193317,-0.0011506646530073208
-0.058124999999999996,0.24062499999999998,0.0001649246093349693,-0.0011744475012903815
-0.058124999999999996,0.24687499999999996,0.00016164195470190826,-0.001196556496402207
-0.058124999999999996,0.253125,0.00015798834276650685,-0.0012171050193567267
-0.058124999999999996,0.25937499999999997,0.00015404667665627514,-0.0012362005127416502
-0.058124999999999996,0.265625,0.0001498878404907073,-0.001253944379462508
-0.058124999999999996,0.271875,0.00014557223826635877,-0.0012704319960183453
-0.058124999999999996,0.27812499999999996,0.00014115115273716737,-0.0012857528122773429
-0.058124999999999996,0.284375,0.00013666794227956106,-0.0012999905151189874
-0.058124999999999996,0.29062499999999997,0.00013215909269409512,-0.0013132232377944487
-0.058124999999999996,0.296875,0.00012765513969159942,-0.0013255238005621319
-0.058124999999999996,0.303125,0.00012318147653100954,-0.0013369599712003495
-0.058124999999999996,0.30937499999999996,0.00011875905998110547,-0.0013475947364886165
-0.058124999999999996,0.315625,0.00011440502651245438,-0.0013574865777742718
-0.058124999999999996,0.32187499999999997,0.00011013322941735951,-0.0013666897453801688
-0.058124999999999996,0.328125,0.00010595470642206838,-0.001375254527928622
-0.058124999999999996,0.334375,0.00010187808630646146,-0.001383227513712914
-0.058124999999999996,0.34062499999999996,9.790994208583985e-05,-0.0013906518420877592
-0.058124999999999996,0.34687499999999993,9.405509743722946e-05,-0.0013975674435136576
-0.058124999999999996,0.35312499999999997,9.031689226610527e-05,-0.0014040112674099325
-0.058124999999999996,0.359375,8.669741260421178e-05,-0.0014100174973746488
-0.058124999999999996,0.365625,8.31976893997738e-05,-0.0014156177536389883
-0.058124999999999996,0.37187499999999996,7.981787020190847e-05,-0.0014208412828574928
-0.058124999999999996,0.37812499999999993,7.655736724534064e-05,-0.0014257151355089879
-0.058124999999999996,0.38437499999999997,7.341498500355574e-05,-0.001430264331308339
-0.058124999999999996,0.390625,7.038902989248162e-05,-0.0014345120131165115
-0.058124999999999996,0.396875,6.747740446721034e-05,-0.0014384795898938819
-0.058124999999999996,0.40312499999999996,6.467768815607067e-05,-0.0014421868692759648
-0.058124999999999996,0.40937499999999993,6.198720631488659e-05,-0.0014456521803670292
-0.058124999999999996,0.41562499999999997,5.940308915527051e-05,-0.0014488924873497107
-0.058124999999999996,0.421875,5.6922321900479086e-05,-0.001451923494501149
-0.058124999999999996,0.428125,5.454178734728003e-05,-0.0014547597431910622
-0.058124999999999996,0.43437499999999996,5.225830185937191e-05,-0.0014574147014167111
-0.058124999999999996,0.44062499999999993,5.0068645684458715e-05,-0.0014599008464055581
-0.058124999999999996,0.44687499999999997,4.796958837067892e-05,-0.0014622297407899645
-0.058124999999999996,0.453125,4.59579099566166e-05,-0.0014644121028304566
-0.058124999999999996,0.459375,4.403041852068613e-05,-0.0014664578711357827
-0.058124999999999996,0.46562499999999996,4.218396459864634e-05,-0.0014683762642997062
-0.058124999999999996,0.47187499999999993,4.041545291090971e-05,-0.0014701758358467436
-0.058124999999999996,0.47812499999999997,3.872185178290138e-05,-0.0014718645248521102
-0.058124999999999996,0.48437499999999994,3.710020059088063e-05,-0.0014734497025752772
-0.058124999999999996,0.490625,3.55476155213927e-05,-0.0014749382154218673
-0.058124999999999996,0.49687499999999996,3.406129389402335e-05,-0.0014763364245252344
-0.058124999999999996,0.5031249999999999,3.263851726364087e-05,-0.00147765024221705
-0.058124999999999996,0.5093749999999999,3.1276653489186114e-05,-0.0014788851656355368
-0.058124999999999996,0.515625,2.997315793074482e-05,-0.0014800463077006543
-0.058124999999999996,0.5218749999999999,2.8725573914618768e-05,-0.001481138425667526
-0.058124999999999996,0.528125,2.7531532586973547e-05,-0.0014821659474526423
-0.058124999999999996,0.534375,2.638875226001107e-05,-0.0014831329959118288
-0.058124999999999996,0.5406249999999999,2.5295037340164524e-05,-0.0014840434112345941
-0.058124999999999996,0.546875,2.4248276915266297e-05,-0.001484900771606162
-0.058124999999999996,0.5531249999999999,2.324644306674405e-05,-0.0014857084122762282
-0.058124999999999996,0.559375,2.2287588963442447e-05,-0.0014864694431621724
-0.058124999999999996,0.565625,2.136984678546766e-05,-0.0014871867651040248
-0.058124999999999996,0.5718749999999999,2.0491425519335866e-05,-0.0014878630848789208
-0.058124999999999996,0.578125,1.965060865954401e-05,-0.0014885009290739474
-0.058124999999999996,0.5843749999999999,1.8845751846342793e-05,-0.0014891026569082027
-0.058124999999999996,0.590625,1.8075280464869376e-05,-0.0014896704720874458
-0.058124999999999996,0.596875,1.7337687226804343e-05,-0.0014902064337678946
-0.05437499999999999,0.0031249999999999997,-0.003523538952804861,-0.00031060301957041127
-0.05437499999999999,0.009375,-0.003284935280668312,-9.438990405737004e-05
-0.05437499999999999,0.015625,-0.0030334882349049067,8.584743762550051e-05
-0.05437499999999999,0.021875,-0.002775173292966352,0.00023022082342083147
-0.05437499999999999,0.028124999999999997,-0.0025155081547169693,0.00033992714176588165
-0.05437499999999999,0.034374999999999996,-0.002259364325727139,0.0004170478135015398
-0.05437499999999999,0.040624999999999994,-0.002010849473085447,0.0004643256076888279
-0.05437499999999999,0.046875,-0.0017732565830211203,0.0004849412702706045
-0.05437499999999999,0.05312499999999999,-0.001549070030855598,0.000482307462698769
-0.05437499999999999,0.059375,-0.0013400154751919337,0.00045989163917115094
-0.05437499999999999,0.06562499999999999,-0.0011471397039191091,0.00042107383281800585
-0.05437499999999999,0.071875,-0.0009709075703997756,0.0003690406014970635
-0.05437499999999999,0.078125,-0.000811305260098259,0.0003067129364481107
-0.05437499999999999,0.08437499999999999,-0.0006679416928748001,0.00023670378264162469
-0.05437499999999999,0.09062499999999998,-0.0005401424241137295,0.0001612997806214908
-0.05437499999999999,0.09687499999999999,-0.0004270326639188851,8.246164722389062e-05
-0.05437499999999999,0.103125,-0.00032760784528442595,1.8379863090337706e-06
-0.05437499999999999,0.109375,-0.00024079150880168508,-7.921198401622791e-05
-0.05437499999999999,0.11562499999999999,-0.00016548117239847653,-0.00015959047232798449
-0.05437499999999999,0.12187499999999998,-0.00010058339426862843,-0.00023843077438319535
-0.05437499999999999,0.128125,-4.503950040454894e-05,-0.00031506664521379767
-0.05437499999999999,0.13437499999999997,2.156484847206809e-06,-0.00038900282835369233
-0.05437499999999999,0.140625,4.194622820357388e-05,-0.000459887666102866
-0.05437499999999999,0.14687499999999998,7.520045668687287e-05,-0.0005274883130532654
-0.05437499999999999,0.153125,0.00010271614014887648,-0.0005916687793598177
-0.05437499999999999,0.159375,0.00012521650445051442,-0.0006523708226755482
-0.05437499999999999,0.16562499999999997,0.00014335307013130355,-0.0007095975701519547
-0.05437499999999999,0.171875,0.00015770907282528225,-0.0007633996678314955
-0.05437499999999999,0.17812499999999998,0.00016880376251376237,-0.0008138637099354022
-0.05437499999999999,0.18437499999999998,0.0001770971977185784,-0.0008611026834330467
-0.05437499999999999,0.190625,0.0001829952487422747,-0.0009052481648458442
-0.05437499999999999,0.19687499999999997,0.0001868546029934625,-0.0009464440196763519
-0.05437499999999999,0.203125,0.00018898762775023124,-0.0009848413751820265
-0.05437499999999999,0.20937499999999998,0.00018966699398689004,-0.0010205946609132847
-0.05437499999999999,0.21562499999999998,0.0001891300015802572,-0.0010538585361109065
-0.05437499999999999,0.221875,0.00018758257354292986,-0.0010847855471523512
-0.05437499999999999,0.22812499999999997,0.000185202906831099,-0.0011135243808048515
-0.05437499999999999,0.234375,0.00018214478137003738,-0.0011402185995711286
-0.05437499999999999,0.24062499999999998,0.0001785405385721462,-0.0011650057636824643
-0.05437499999999999,0.24687499999999996,0.00017450374687522994,-0.0011880168602793034
-0.05437499999999999,0.253125,0.00017013157556620037,-0.0012093759741184913
-0.05437499999999999,0.25937499999999997,0.0001655069000556271,-0.0012292001459257927
-0.05437499999999999,0.265625,0.00016070016235646202,-0.0012475993744740987
-0.05437499999999999,0.271875,0.00015577101019723555,-0.0012646767268246343
-0.05437499999999999,0.27812499999999996,0.000150769737268791,-0.0012805285281296216
-0.05437499999999999,0.284375,0.00014573854578938945,-0.0012952446081566996
-0.05437499999999999,0.29062499999999997,0.0001407126510405814,-0.001308908586436871
-0.05437499999999999,0.296875,0.00013572124589404167,-0.0013215981818183033
-0.05437499999999999,0.303125,0.00013078834170064495,-0.0013333855353675616
-0.05437499999999999,0.30937499999999996,0.00012593350030397894,-0.0013443375381185577
-0.05437499999999999,0.315625,0.00012117247040798703,-0.0013545161572308905
-0.05437499999999999,0.32187499999999997,0.00011651774009479878,-0.0013639787557708225
-0.05437499999999999,0.328125,0.0001119790159659071,-0.0013727784026436234
-0.05437499999999999,0.334375,0.00010756363817211319,-0.0013809641702469313
-0.05437499999999999,0.34062499999999996,0.00010327693950447693,-0.0013885814182324635
-0.05437499999999999,0.34687499999999993,9.912255573583081e-05,-0.0013956720624002162
-0.05437499999999999,0.35312499999999997,9.510269352410773e-05,-0.00140227482824024
-0.05437499999999999,0.359375,9.121836140737273e-05,-0.0014084254890108755
-0.05437499999999999,0.365625,8.746956872809137e-05,-0.0014141570885224625
-0.05437499999999999,0.37187499999999996,8.385549671267228e-05,-0.0014195001490011992
-0.05437499999999999,0.37812499999999993,8.037464539376052e-05,-0.0014244828645545464
-0.05437499999999999,0.38437499999999997,7.70249595895356e-05,-0.0014291312808600274
-0.05437499999999999,0.390625,7.380393673929498e-05,-0.0014334694617635676
-0.05437499999999999,0.396875,7.07087190313164e-05,-0.0014375196435099478
-0.05437499999999999,0.40312499999999996,6.773617194141728e-05,-0.0014413023773429737
-0.05437499999999999,0.40937499999999993,6.488295102335357e-05,-0.0014448366612119323
-0.05437499999999999,0.41562499999999997,6.214555855035393e-05,-0.0014481400613079096
-0.05437499999999999,0.421875,5.952039139634223e-05,-0.0014512288241319313
-0.05437499999999999,0.428125,5.700378136188226e-05,-0.0014541179797692304
-0.05437499999999999,0.43437499999999996,5.4592028990182395e-05,-0.0014568214370122715
-0.05437499999999999,0.44062499999999993,5.228143177960085e-05,-0.0014593520709410472
-0.05437499999999999,0.44687499999999997,5.006830757833932e-05,-0.0014617218035338124
-0.05437499999999999,0.453125,4.79490138420822e-05,-0.0014639416778457538
-0.05437499999999999,0.459375,4.591996334417702e-05,-0.0014660219262577743
-0.05437499999999999,0.46562499999999996,4.397763684878763e-05,-0.0014679720332631313
-0.05437499999999999,0.47187499999999993,4.211859318871172e-05,-0.0014698007932264238
-0.05437499999999999,0.47812499999999997,4.033947712988636e-05,-0.001471516363517661
-0.05437499999999999,0.48437499999999994,3.863702535282181e-05,-0.0014731263133939717
-0.05437499999999999,0.490625,3.700807083626705e-05,-0.0014746376689730625
-0.05437499999999999,0.49687499999999996,3.544954588942903e-05,-0.0014760569546157947
-0.05437499999999999,0.5031249999999999,3.3958484045251786e-05,-0.0014773902310102728
-0.05437499999999999,0.5093749999999999,3.253202099793695e-05,-0.0014786431302265207
-0.05437499999999999,0.515625,3.116739474246177e-05,-0.001479820887989198
-0.05437499999999999,0.5218749999999999,2.9861945051806757e-05,-0.0014809283733957276
-0.05437499999999999,0.528125,2.8613112408504883e-05,-0.0014819701162886504
-0.05437499999999999,0.534375,2.7418436490572813e-05,-0.001482950332473885
-0.05437499999999999,0.5406249999999999,2.6275554297548136e-05,-0.0014838729469607678
-0.05437499999999999,0.546875,2.5182197989946233e-05,-0.0014847416153852021
-0.05437499999999999,0.5531249999999999,2.413619250470763e-05,-0.0014855597437638621
-0.05437499999999999,0.559375,2.313545299991252e-05,-0.001486330506715112
-0.05437499999999999,0.565625,2.2177982174006508e-05,-0.001487056864271
-0.05437499999999999,0.5718749999999999,2.126186749783744e-05,-0.0014877415773943495
-0.05437499999999999,0.578125,2.0385278391809228e-05,-0.001488387222305458
-0.05437499999999999,0.5843749999999999,1.9546463375286857e-05,-0.0014889962037142254
-0.05437499999999999,0.590625,1.8743747210927918e-05,-0.0014895707670455546
-0.05437499999999999,0.596875,1.797552806277822e-05,-0.0014901130097385638
-0.05062499999999999,0.0031249999999999997,-0.003780785747364753,-0.00018849808242081805
-0.05062499999999999,0.009375,-0.003516615851840043,4.7554823829684375e-05
-0.05062499999999999,0.015625,-0.003238392245883931,0.00024287567238415035
-0.05062499999999999,0.021875,-0.0029530156224228782,0.00039771392803672565
-0.05062499999999999,0.028124999999999997,-0.0026668123795513133,0.0005135884635136733
-0.05062499999999999,0.034374999999999996,-0.0023853153119194792,0.0005930368009361207
-0.05062499999999999,0.040624999999999994,-0.0021131330795141562,0.0006393404241516964
-0.05062499999999999,0.046875,-0.001853901804176975,0.0006562542270930416
-0.05062499999999999,0.05312499999999999,-0.0016103049702768677,0.0006477612325131638
-0.05062499999999999,0.059375,-0.0013841443012079181,0.0006178658937963689
-0.05062499999999999,0.06562499999999999,-0.0011764438947730511,0.0005704320331025867
-0.05062499999999999,0.071875,-0.0009875717075432807,0.0005090656493294881
-0.05062499999999999,0.078125,-0.0008173655096044695,0.0004370387820113598
-0.05062499999999999,0.08437499999999999,-0.0006652538691702282,0.00035724827173497773
-0.05062499999999999,0.09062499999999998,-0.0005303659961973252,0.00027220231038167114
-0.05062499999999999,0.09687499999999999,-0.000411627044618529,0.00018402773525284474
-0.05062499999999999,0.103125,-0.0003078376114684618,9.449171295786043e-05
-0.05062499999999999,0.109375,-0.00021773768109017527,5.032471675658684e-06
-0.05062499999999999,0.11562499999999999,-0.000140056224276787,-8.320515153586571e-05
-0.05062499999999999,0.12187499999999998,-7.354818878756404e-05,-0.00016933252371552983
-0.05062499999999999,0.128125,-1.702082553842866e-05,-0.0002526806370217827
-0.05062499999999999,0.13437499999999997,3.064871292272959e-05,-0.00033276562173350523
-0.05062499999999999,0.140625,7.05027051973178e-05,-0.00040925723781396503
-0.05062499999999999,0.14687499999999998,0.00010349753917191742,-0.00048195078598640213
-0.05062499999999999,0.153125,0.00013050238729097067,-0.0005507425623432432
-0.05062499999999999,0.159375,0.0001523007675012464,-0.0006156087671099446
-0.05062499999999999,0.16562499999999997,0.00016959409764318427,-0.0006765876444540535
-0.05062499999999999,0.171875,0.00018300654435084228,-0.0007337645553978029
-0.05062499999999999,0.17812499999999998,0.00019309063184957243,-0.0007872596528844635
-0.05062499999999999,0.18437499999999998,0.00020033321178999583,-0.0008372178234395876
-0.05062499999999999,0.190625,0.00020516150473054264,-0.0008838005734884555
-0.05062499999999999,0.19687499999999997,0.00020794901030592029,-0.0009271795627955479
-0.05062499999999999,0.203125,0.00020902115000734565,-0.0009675315174140523
-0.05062499999999999,0.20937499999999998,0.00020866055726491276,-0.0010050342863849098
-0.05062499999999999,0.21562499999999998,0.00020711196726784845,-0.0010398638378710295
-0.05062499999999999,0.221875,0.00020458668638840985,-0.001072192020027604
-0.05062499999999999,0.22812499999999997,0.00020126664047050982,-0.0011021849389089185
-0.05062499999999999,0.234375,0.00019730801448216703,-0.0011300018297475053
-0.05062499999999999,0.24062499999999998,0.0001928445046263979,-0.0011557943189514151
-0.05062499999999999,0.24687499999999996,0.0001879902091598998,-0.001179705992266703
-0.05062499999999999,0.253125,0.00018284218682208204,-0.0012018721999646105
-0.05062499999999999,0.25937499999999997,0.0001774827126525247,-0.0012224200429069895
-0.05062499999999999,0.265625,0.00017198126062326926,-0.0012414684942067323
-0.05062499999999999,0.271875,0.0001663962413463289,-0.0012591286202151251
-0.05062499999999999,0.27812499999999996,0.00016077652144166606,-0.0012755038720004648
-0.05062499999999999,0.284375,0.00015516274918850792,-0.0012906904245730572
-0.05062499999999999,0.29062499999999997,0.0001495885089915303,-0.0013047775460750038
-0.05062499999999999,0.296875,0.00014408132508323182,-0.0013178479831757882
-0.05062499999999999,0.303125,0.00013866353282892762,-0.0013299783521574398
-0.05062499999999999,0.30937499999999996,0.00013335303404885242,-0.001341239527772984
-0.05062499999999999,0.315625,0.00012816395095122498,-0.0013516970240344858
-0.05062499999999999,0.32187499999999997,0.0001231071915953681,-0.0013614113627291855
-0.05062499999999999,0.328125,0.00011819093827999254,-0.001370438426754525
-0.05062499999999999,0.334375,0.00011342106887689107,-0.0013788297963720105
-0.05062499999999999,0.34062499999999996,0.00010880151989856012,-0.0013866330672608384
-0.05062499999999999,0.34687499999999993,0.00010433459899106487,-0.0013938921498500862
-0.05062499999999999,0.35312499999999997,0.0001000212535706821,-0.0014006475498598945
-0.05062499999999999,0.359375,9.586130146375746e-05,-0.001406936630317414
-0.05062499999999999,0.365625,9.185362865300837e-05,-0.0014127938555567351
-0.05062499999999999,0.37187499999999996,8.799635856968755e-05,-0.0014182510178831534
-0.05062499999999999,0.37812499999999993,8.428699678967009e-05,-0.001423337447696901
-0.05062499999999999,0.38437499999999997,8.072255448338087e-05,-0.0014280802079425301
-0.05062499999999999,0.390625,7.729965352607078e-05,-0.0014325042737877054
-0.05062499999999999,0.396875,7.401461578856075e-05,-0.0014366326984473624
-0.05062499999999999,0.40312499999999996,7.08635387922798e-05,-0.0014404867660624278
-0.05062499999999999,0.40937499999999993,6.78423596200214e-05,-0.001444086132521706
-0.05062499999999999,0.41562499999999997,6.494690871981967e-05,-0.0014474489550850862
-0.05062499999999999,0.421875,6.21729550188226e-05,-0.0014505920116290277
-0.05062499999999999,0.428125,5.951624357271564e-05,-0.0014535308102938144
-0.05062499999999999,0.43437499999999996,5.6972526810338546e-05,-0.001456279690268094
-0.05062499999999999,0.44062499999999993,5.453759028933219e-05,-0.0014588519144012606
-0.05062499999999999,0.44687499999999997,5.220727375404534e-05,-0.0014612597542892547
-0.05062499999999999,0.453125,4.997748817900204e-05,-0.0014635145684351969
-0.05062499999999999,0.459375,4.784422938775972e-05,-0.0014656268740434598
-0.05062499999999999,0.46562499999999996,4.580358875607066e-05,-0.0014676064129647095
-0.05062499999999999,0.47187499999999993,4.3851761438212474e-05,-0.0014694622122703846
-0.05062499999999999,0.47812499999999997,4.198505249473595e-05,-0.001471202639898163
-0.05062499999999999,0.48437499999999994,4.0199881247424744e-05,-0.0014728354557752648
-0.05062499999999999,0.490625,3.8492784141884864e-05,-0.0014743678587939913
-0.05062499999999999,0.49687499999999996,3.686041635893004e-05,-0.0014758065299836486
-0.05062499999999999,0.5031249999999999,3.529955238198492e-05,-0.0014771576721949093
-0.05062499999999999,0.5093749999999999,3.380708569837841e-05,-0.0014784270465866417
-0.05062499999999999,0.515625,3.238002778702888e-05,-0.0014796200061811737
-0.05062499999999999,0.5218749999999999,3.1015506523097114e-05,-0.001480741526731777
-0.05062499999999999,0.528125,2.9710764111239436e-05,-0.0014817962351257158
-0.05062499999999999,0.534375,2.8463154642735414e-05,-0.0014827884355274165
-0.05062499999999999,0.5406249999999999,2.7270141357637484e-05,-0.0014837221334490546
-0.05062499999999999,0.546875,2.612929368090469e-05,-0.001484601057920024
-0.05062499999999999,0.5531249999999999,2.5038284090969638e-05,-0.0014854286819122272
-0.05062499999999999,0.559375,2.399488487012595e-05,-0.0014862082411648378
-0.05062499999999999,0.565625,2.2996964778321047e-05,-0.0014869427515400036
-0.05062499999999999,0.5718749999999999,2.2042485685219493e-05,-0.0014876350250298221
-0.05062499999999999,0.578125,2.1129499189626898e-05,-0.001488287684524727
-0.05062499999999999,0.5843749999999999,2.0256143250402446e-05,-0.0014889031774441128
-0.05062499999999999,0.590625,1.9420638848729675e-05,-0.0014894837883214958
-0.05062499999999999,0.596875,1.8621286697968748e-05,-0.0014900316504287388
-0.046874999999999986,0.0031249999999999997,-0.0040578065857139215,-5.226962102467675e-05
-0.046874999999999986,0.009375,-0.0037648514064854625,0.00020549775280426035
-0.046874999999999986,0.015625,-0.0034565601152611123,0.00041705825647511555
-0.046874999999999986,0.021875,-0.003140916189119073,0.0005828525753107825
-0.046874999999999986,0.028124999999999997,-0.0028251804840740908,0.0007048077692088438
-0.046874999999999986,0.034374999999999996,-0.00251563672544179,0.0007860227763940371
-0.046874999999999986,0.040624999999999994,-0.0022174485704005336,0.0008304297044415434
-0.046874999999999986,0.046875,-0.0019346176337075949,0.0008424659509608441
-0.046874999999999986,0.05312499999999999,-0.001670023260414927,0.000826782537633533
-0.046874999999999986,0.059375,-0.0014255211605400686,0.0007880036378490724
-0.046874999999999986,0.06562499999999999,-0.0012020783488584806,0.0007305430037603143
-0.046874999999999986,0.071875,-0.0009999248072744137,0.0006584758821057933
-0.046874999999999986,0.078125,-0.0008187065801098443,0.0005754603347753644
-0.046874999999999986,0.08437499999999999,-0.0006576295732211896,0.00048469942462915725
-0.046874999999999986,0.09062499999999998,-0.000515587467432118,0.00038893500224210426
-0.046874999999999986,0.09687499999999999,-0.0003912705213212357,0.00029046428143094933
-0.046874999999999986,0.103125,-0.00028325452642223304,0.00019117152266335288
-0.046874999999999986,0.109375,-0.00019007084765042078,9.256856755674998e-05
-0.046874999999999986,0.11562499999999999,-0.00011025947246460417,-4.160579611498351e-06
-0.046874999999999986,0.12187499999999998,-4.240746804278456e-05,-9.811460390384864e-05
-0.046874999999999986,0.128125,1.4824638118289585e-05,-0.00018863152814133327
-0.046874999999999986,0.13437499999999997,6.268615232387375e-05,-0.0002752486308170391
-0.046874999999999986,0.140625,0.00010232702525263105,-0.00035766643321694385
-0.046874999999999986,0.14687499999999998,0.00013479432333972295,-0.00043571707026186573
-0.046874999999999986,0.153125,0.00016103281999638004,-0.0005093370280374893
-0.046874999999999986,0.159375,0.00018188846381552925,-0.000578544018866463
-0.046874999999999986,0.16562499999999997,0.0001981137471851457,-0.0006434176415903435
-0.046874999999999986,0.171875,0.00021037422679084293,-0.0007040834150657551
-0.046874999999999986,0.17812499999999998,0.00021925563662909527,-0.0007606997566191037
-0.046874999999999986,0.18437499999999998,0.00022527118693389944,-0.0008134474890490659
-0.046874999999999986,0.190625,0.00022886876304706641,-0.000862521488497487
-0.046874999999999986,0.19687499999999997,0.00023043783153276444,-0.0009081241231856093
-0.046874999999999986,0.203125,0.00023031593150697803,-0.0009504601742210824
-0.046874999999999986,0.20937499999999998,0.0002287946815892408,-0.0009897329708960104
-0.046874999999999986,0.21562499999999998,0.00022612527090453912,-0.0010261415119567866
-0.046874999999999986,0.221875,0.00022252342938899018,-0.0010598783800308284
-0.046874999999999986,0.22812499999999997,0.00021817389093130966,-0.001091128288192853
-0.046874999999999986,0.234375,0.00021323437474339007,-0.001120067125419055
-0.046874999999999986,0.24062499999999998,0.00020783911748082447,-0.0011468613915505217
-0.046874999999999986,0.24687499999999996,0.0002021019923376724,-0.001171667932658019
-0.046874999999999986,0.253125,0.000196119252623314,-0.0011946339047345345
-0.046874999999999986,0.25937499999999997,0.00018997193695227164,-0.0012158969078307972
-0.046874999999999986,0.265625,0.0001837279717064591,-0.0012355852444773262
-0.046874999999999986,0.271875,0.00017744400427918713,-0.0012538182658651295
-0.046874999999999986,0.27812499999999996,0.00017116699808148976,-0.0012707067771129243
-0.046874999999999986,0.284375,0.00016493561759632898,-0.0012863534793208634
-0.046874999999999986,0.29062499999999997,0.00015878142905135,-0.001300853431250599
-0.046874999999999986,0.296875,0.0001527299396437184,-0.0013142945175945444
-0.046874999999999986,0.303125,0.00014680149575295204,-0.0013267579140859406
-0.046874999999999986,0.30937499999999996,0.00014101205825557588,-0.0013383185423091976
-0.046874999999999986,0.315625,0.00013537387092666037,-0.0013490455091246865
-0.046874999999999986,0.32187499999999997,0.00012989603598295853,-0.001359002527229672
-0.046874999999999986,0.328125,0.0001245850090870712,-0.0013682483146244683
-0.046874999999999986,0.334375,0.00011944502458300068,-0.0013768369717116846
-0.046874999999999986,0.34062499999999996,0.0001144784603585122,-0.0013848183354849251
-0.046874999999999986,0.34687499999999993,0.00010968615051503642,-0.0013922383108088364
-0.046874999999999986,0.35312499999999997,0.00010506765295693119,-0.0013991391791934183
-0.046874999999999986,0.359375,0.00010062147807432977,-0.0014055598857529207
-0.046874999999999986,0.365625,9.634528387364261e-05,-0.0014115363052383974
-0.046874999999999986,0.37187499999999996,9.223604219397431e-05,-0.001417101488162969
-0.046874999999999986,0.37812499999999993,8.829018002419906e-05,-0.0014222858881160433
-0.046874999999999986,0.38437499999999997,8.450369939317701e-05,-0.0014271175713997807
-0.046874999999999986,0.390625,8.087227883465249e-05,-0.001431622410128029
-0.046874999999999986,0.396875,7.73913590198352e-05,-0.0014358242599126962
-0.046874999999999986,0.40312499999999996,7.405621479660755e-05,-0.0014397451232312855
-0.046874999999999986,0.40937499999999993,7.086201556769996e-05,-0.001443405299526929
-0.046874999999999986,0.41562499999999997,6.78038756748591e-05,-0.0014468235230424811
-0.046874999999999986,0.421875,6.487689622656851e-05,-0.0014500170893359397
-0.046874999999999986,0.428125,6.207619960851442e-05,-0.0014530019713678588
-0.046874999999999986,0.43437499999999996,5.939695774458422e-05,-0.001455792925994136
-0.046874999999999986,0.44062499999999993,5.6834415028114725e-05,-0.0014584035916408232
-0.046874999999999986,0.44687499999999997,5.438390671524069e-05,-0.0014608465778823024
-0.046874999999999986,0.453125,5.204087346179468e-05,-0.001463133547590899
-0.046874999999999986,0.459375,4.9800872589914554e-05,-0.0014652752922751997
-0.046874999999999986,0.46562499999999996,4.765958658827253e-05,-0.0014672818011762362
-0.046874999999999986,0.47187499999999993,4.561282927887371e-05,-0.0014691623246454602
-0.046874999999999986,0.47812499999999997,4.365655002214581e-05,-0.0014709254322860855
-0.046874999999999986,0.48437499999999994,4.1786836279231895e-05,-0.0014725790662999166
-0.046874999999999986,0.490625,3.999991480484641e-05,-0.0014741305904451393
-0.046874999999999986,0.49687499999999996,3.829215170478461e-05,-0.0014755868349766227
-0.046874999999999986,0.5031249999999999,3.6660051558311966e-05,-0.0014769541379089652
-0.046874999999999986,0.5093749999999999,3.51002557764815e-05,-0.0014782383829136405
-0.046874999999999986,0.515625,3.36095403422805e-05,-0.0014794450341350533
-0.046874999999999986,0.5218749999999999,3.2184813056849436e-05,-0.0014805791681859277
-0.046874999999999986,0.528125,3.082311039736621e-05,-0.0014816455035600925
-0.046874999999999986,0.534375,2.9521594076139194e-05,-0.0014826484276802242
-0.046874999999999986,0.5406249999999999,2.8277547376642965e-05,-0.0014835920217793723
-0.046874999999999986,0.546875,2.7088371330361525e-05,-0.0014844800837979192
-0.046874999999999986,0.5531249999999999,2.5951580788104048e-05,-0.0014853161494619608
-0.046874999999999986,0.559375,2.4864800430701684e-05,-0.0014861035116947709
-0.046874999999999986,0.565625,2.3825760756486042e-05,-0.0014868452384999248
-0.046874999999999986,0.5718749999999999,2.28322940765126e-05,-0.001487544189442732
-0.046874999999999986,0.578125,2.1882330542986816e-05,-0.0014882030308457238
-0.046874999999999986,0.5843749999999999,2.0973894231643663e-05,-0.0014888242498040023
-0.046874999999999986,0.590625,2.0105099294813472e-05,-0.0014894101671171986
-0.046874999999999986,0.596875,1.927414619848763e-05,-0.0014899629492264998
-0.043125,0.0031249999999999997,-0.004356291884478511,9.999534699017213e-05
-0.043125,0.009375,-0.004030848525766054,0.0003815252748903435
-0.043125,0.015625,-0.0036887264214931392,0.0006105308654584841
-0.043125,0.021875,-0.003339178523311257,0.0007877154805329355
-0.043125,0.028124999999999997,-0.0029905457987697854,0.0009155241259424054
-0.043125,0.034374999999999996,-0.0026499630865651483,0.0009977478504004304
-0.043125,0.040624999999999994,-0.0023232054015043906,0.0010391053799164466
-0.043125,0.046875,-0.002014658283548866,0.001044845670315917
-0.043125,0.05312499999999999,-0.0017273856053271746,0.001020401630246698
-0.043125,0.059375,-0.0014632646978718525,0.0009711114661928805
-0.043125,0.06562499999999999,-0.0012231601846663972,0.0009020123166674676
-0.043125,0.071875,-0.0010071125697049186,0.0008177022340610574
-0.043125,0.078125,-0.0008145236112093628,0.0007222612959487625
-0.043125,0.08437499999999999,-0.0006443264989867875,0.0006192202091484171
-0.043125,0.09062499999999998,-0.0004951340389753955,0.0005115644602191943
-0.043125,0.09687499999999999,-0.0003653620816120758,0.0004017630964855388
-0.043125,0.103125,-0.00025332827368841247,0.00029181294617355684
-0.043125,0.109375,-0.00015732800951990806,0.00018329103412620547
-0.043125,0.11562499999999999,-7.569042672734079e-05,7.74098203750696e-05
-0.043125,0.12187499999999998,-6.817664230472709e-06,-2.4928479982587763e-05
-0.043125,0.128125,5.078942269836231e-05,-0.00012308091010802217
-0.043125,0.13437499999999997,9.851615322126459e-05,-0.00021661751203411986
-0.043125,0.140625,0.0001376269564680955,-0.00030528044335167287
-0.043125,0.14687499999999998,0.0001692642060266257,-0.0003889486023746357
-0.043125,0.153125,0.00019445121301533763,-0.0004676075578841129
-0.043125,0.159375,0.00021409800544489364,-0.0005413243783994086
-0.043125,0.16562499999999997,0.00022900883973514907,-0.0006102268519071506
-0.043125,0.171875,0.00023989065540516374,-0.0006744865497174856
-0.043125,0.17812499999999998,0.0002473618985862121,-0.0007343051944060906
-0.043125,0.18437499999999998,0.0002519613095157166,-0.0007899038245936574
-0.043125,0.190625,0.0002541564001083222,-0.0008415142965357869
-0.043125,0.19687499999999997,0.00025435144673184297,-0.0008893727159161475
-0.043125,0.203125,0.0002528948966253728,-0.0009337144474906814
-0.043125,0.20937499999999998,0.0002500861394138995,-0.0009747704020263127
-0.043125,0.21562499999999998,0.0002461816324833769,-0.0010127643474666793
-0.043125,0.221875,0.00024140039434483287,-0.0010479110335719019
-0.043125,0.22812499999999997,0.00023592889655352876,-0.0010804149561880643
-0.043125,0.234375,0.00022992539463447654,-0.0011104696189669816
-0.043125,0.24062499999999998,0.00022352374363760881,-0.001138257177164787
-0.043125,0.24687499999999996,0.0002168367458066587,-0.00116394837059694
-0.043125,0.253125,0.00020995907744932564,-0.0011877026714533882
-0.043125,0.25937499999999997,0.00020296984022311962,-0.0012096685880087917
-0.043125,0.265625,0.00019593477927058929,-0.0012299840777928257
-0.043125,0.271875,0.00018890820735728418,-0.0012487770339606758
-0.043125,0.27812499999999996,0.00018193467067179113,-0.00126616581681707
-0.043125,0.284375,0.00017505038843493642,-0.0012822598090386347
-0.043125,0.29062499999999997,0.00016828449506338996,-0.0012971599783992071
-0.043125,0.296875,0.00016166011042167597,-0.0013109594359754727
-0.043125,0.303125,0.0001551952607216529,-0.001323743981100467
-0.043125,0.30937499999999996,0.00014890366991126904,-0.0013355926269094617
-0.043125,0.315625,0.00014279543893969422,-0.001346578102326188
-0.043125,0.32187499999999997,0.00013687762808762562,-0.0013567673278815776
-0.043125,0.328125,0.0001311547555966525,-0.0013662218639354602
-0.043125,0.334375,0.00012562922410296114,-0.0013749983307595676
-0.043125,0.34062499999999996,0.00012030168485931394,-0.0013831488005988956
-0.043125,0.34687499999999993,0.00011517134839546988,-0.001390721162307241
-0.043125,0.35312499999999997,0.00011023624910164841,-0.001397759459490987
-0.043125,0.359375,0.00010549347020379752,-0.001404304203324605
-0.043125,0.365625,0.00010093933471605533,-0.001410392661346953
-0.043125,0.37187499999999996,9.656956718906769e-05,-0.0014160591236292996
-0.043125,0.37812499999999993,9.237943040838155e-05,-0.001421335147739808
-0.043125,0.38437499999999997,8.83638406220874e-05,-0.0014262497839274198
-0.043125,0.390625,8.451746437976388e-05,-0.0014308297819204056
-0.043125,0.396875,8.083479963540766e-05,-0.0014350997806888322
-0.043125,0.40312499999999996,7.731024339647584e-05,-0.0014390824824617482
-0.043125,0.40937499999999993,7.393814788156314e-05,-0.0014427988122234598
-0.043125,0.41562499999999997,7.071286687373023e-05,-0.0014462680638423044
-0.043125,0.421875,6.762879371911072e-05,-0.0014495080339124056
-0.043125,0.428125,6.468039221594985e-05,-0.0014525351443159056
-0.043125,0.43437499999999996,6.186222146316214e-05,-0.0014553645544415198
-0.043125,0.44062499999999993,5.916895558592921e-05,-0.0014580102639259191
-0.043125,0.44687499999999997,5.659539912540559e-05,-0.0014604852067180848
-0.043125,0.453125,5.4136498767350966e-05,-0.0014628013372038457
-0.043125,0.459375,5.178735198792568e-05,-0.0014649697090685133
-0.043125,0.46562499999999996,4.954321311180878e-05,-0.001467000547520018
-0.043125,0.47187499999999993,4.739949720634139e-05,-0.0014689033154432131
-0.043125,0.47812499999999997,4.535178217394955e-05,-0.001470686774007975
-0.043125,0.48437499999999994,4.3395809352267884e-05,-0.0014723590382092985
-0.043125,0.490625,4.1527482885966494e-05,-0.001473927627776578
-0.043125,0.49687499999999996,3.9742868095253084e-05,-0.0014753995138515274
-0.043125,0.5031249999999999,3.80381890324807e-05,-0.0014767811617995203
-0.043125,0.5093749999999999,3.6409825389486817e-05,-0.00147807857048733
-0.043125,0.515625,3.4854308893552496e-05,-0.0014792973083311305
-0.043125,0.5218749999999999,3.336831930864035e-05,-0.001480442546391978
-0.043125,0.528125,3.19486801403567e-05,-0.0014815190887716506
-0.043125,0.534375,3.059235412746917e-05,-0.0014825314005394918
-0.043125,0.5406249999999999,2.929643858942891e-05,-0.0014834836334006295
-0.043125,0.546875,2.805816068789337e-05,-0.0014843796492974403
-0.043125,0.5531249999999999,2.6874872650445815e-05,-0.0014852230421192728
-0.043125,0.559375,2.5744046996333026e-05,-0.0014860171576800887
-0.043125,0.565625,2.4663271796897405e-05,-0.0014867651121096763
-0.043125,0.5718749999999999,2.3630245997285123e-05,-0.0014874698087913604
-0.043125,0.578125,2.2642774820828772e-05,-0.0014881339539675187
-0.043125,0.5843749999999999,2.169876527309838e-05,-0.0014887600711236525
-0.043125,0.590625,2.079622175887861e-05,-0.0014893505142521378
-0.043125,0.596875,1.9933241822174885e-05,-0.0014899074800880207
-0.03937500000000001,0.0031249999999999997,-0.004678090315226555,0.00027051675100165816
-0.03937500000000001,0.009375,-0.004315886668676706,0.0005780415421301303
-0.03937500000000001,0.015625,-0.003935621277031431,0.0008257336599213367
-0.03937500000000001,0.021875,-0.0035480380040265967,0.0010146543503583932
-0.03937500000000001,0.028124999999999997,-0.0031627262772863296,0.0011479065389197298
-0.03937500000000001,0.034374999999999996,-0.0027877830649454447,0.0012301357715779667
-0.03937500000000001,0.040624999999999994,-0.002429651887675755,0.0012670126845350802
-0.03937500000000001,0.046875,-0.0020931140377115575,0.0012647513079381317
-0.03937500000000001,0.05312499999999999,-0.0017813953805281815,0.0012296988776490697
-0.03937500000000001,0.059375,-0.0014963491693712515,0.0011680145841540287
-0.03937500000000001,0.06562499999999999,-0.0012386787553050008,0.0010854398191987471
-0.03937500000000001,0.071875,-0.0010081711157457636,0.0009871522128686045
-0.03937500000000001,0.078125,-0.0008039203554957099,0.0008776899799511268
-0.03937500000000001,0.08437499999999999,-0.0006245281061505218,0.0007609309556245139
-0.03937500000000001,0.09062499999999998,-0.00046827416754246414,0.0006401110820358972
-0.03937500000000001,0.09687499999999999,-0.0003332554944174161,0.0005178689628980676
-0.03937500000000001,0.103125,-0.0002174948076676159,0.00039630561188917627
-0.03937500000000001,0.109375,-0.00011902197002361547,0.00027705112321062546
-0.03937500000000001,0.11562499999999999,-3.593213981245388e-05,0.0001613323608640829
-0.03937500000000001,0.12187499999999998,3.3575085719585106e-05,5.003774243108141e-05
-0.03937500000000001,0.128125,9.11715472670292e-05,-5.622325620807775e-05
-0.03937500000000001,0.13437499999999997,0.0001383878781994104,-0.00015706709952100916
-0.03937500000000001,0.140625,0.0001766093364344643,-0.0002522901115209954
-0.03937500000000001,0.14687499999999998,0.00020707766310331958,-0.0003418291986453715
-0.03937500000000001,0.153125,0.0002308970279609856,-0.00042572893224703673
-0.03937500000000001,0.159375,0.00024904256767568407,-0.0005041143690693352
-0.03937500000000001,0.16562499999999997,0.00026237039722697836,-0.000577168913919898
-0.03937500000000001,0.171875,0.0002716282782810828,-0.0006451165225087255
-0.03937500000000001,0.17812499999999998,0.0002774663683330792,-0.0007082075779249316
-0.03937500000000001,0.18437499999999998,0.00028044765955645494,-0.0007667078329697374
-0.03937500000000001,0.190625,0.00028105785605997885,-0.0008208898799188314
-0.03937500000000001,0.19687499999999997,0.00027971454144295696,-0.0008710266810315541
-0.03937500000000001,0.203125,0.00027677556294679285,-0.0009173867621994154
-0.03937500000000001,0.20937499999999998,0.0002725466107037602,-0.0009602307356797779
-0.03937500000000001,0.21562499999999998,0.00026728800597345623,-0.0009998088745247153
-0.03937500000000001,0.221875,0.00026122073514296023,-0.0010363595106830654
-0.03937500000000001,0.22812499999999997,0.00025453178002495777,-0.0010701080710089912
-0.03937500000000001,0.234375,0.0002473788022194633,-0.0011012666010714472
-0.03937500000000001,0.24062499999999998,0.0002398942419805742,-0.0011300336564100762
-0.03937500000000001,0.24687499999999996,0.00023218889162204397,-0.0011565944654646969
-0.03937500000000001,0.253125,0.00022435500108720943,-0.0011811212885476348
-0.03937500000000001,0.25937499999999997,0.0002164689696834607,-0.0012037739136116512
-0.03937500000000001,0.265625,0.00020859367369589058,-0.0012247002428041516
-0.03937500000000001,0.271875,0.0002007804750359953,-0.0012440369344284604
-0.03937500000000001,0.27812499999999996,0.00019307095151089565,-0.0012619100734183103
-0.03937500000000001,0.284375,0.0001854983848864952,-0.0012784358501650975
-0.03937500000000001,0.29062499999999997,0.0001780890387685361,-0.0012937212328485528
-0.03937500000000001,0.296875,0.00017086325449624541,-0.0013078646225839553
-0.03937500000000001,0.303125,0.00016383638975967594,-0.0013209564839386893
-0.03937500000000001,0.30937499999999996,0.00015701962151750272,-0.0013330799458727337
-0.03937500000000001,0.315625,0.00015042063199652384,-0.001344311370072116
-0.03937500000000001,0.32187499999999997,0.00014404419407812536,-0.0013547208850935547
-0.03937500000000001,0.328125,0.00013789267019645812,-0.0013643728858209053
-0.03937500000000001,0.334375,0.00013196643696165847,-0.001373326498528717
-0.03937500000000001,0.34062499999999996,0.0001262642460523168,-0.0013816360124185502
-0.03937500000000001,0.34687499999999993,0.00012078353046847805,-0.0013893512788901528
-0.03937500000000001,0.35312499999999997,0.00011552066397505515,-0.0013965180800723273
-0.03937500000000001,0.359375,0.00011047118047280981,-0.0014031784682990117
-0.03937500000000001,0.365625,0.00010562995908917422,-0.0014093710782998629
-0.03937500000000001,0.37187499999999996,0.00010099137996540419,-0.0014151314139010493
-0.03937500000000001,0.37812499999999993,9.65494550131069e-05,-0.0014204921110164514
-0.03937500000000001,0.38437499999999997,9.229793730725814e-05,-0.0014254831786639154
-0.03937500000000001,0.390625,8.823041226134756e-05,-0.0014301322196748688
-0.03937500000000001,0.396875,8.434037328181656e-05,-0.0014344646326855494
-0.03937500000000001,0.40312499999999996,8.062128421349683e-05,-0.0014385037969096895
-0.03937500000000001,0.40937499999999993,7.706663055662285e-05,-0.0014422712410998041
-0.03937500000000001,0.41562499999999997,7.366996115163636e-05,-0.001445786798010259
-0.03937500000000001,0.421875,7.042492178390088e-05,-0.0014490687455822194
-0.03937500000000001,0.428125,6.732528195095156e-05,-0.0014521339359800057
-0.03937500000000001,0.43437499999999996,6.436495585516114e-05,-0.001454997913521338
-0.03937500000000001,0.44062499999999993,6.153801853050618e-05,-0.0014576750224611944
-0.03937500000000001,0.44687499999999997,5.8838717879860356e-05,-0.0014601785055109392
-0.03937500000000001,0.453125,5.626148328582489e-05,-0.0014625205939012011
-0.03937500000000001,0.459375,5.380093136085138e-05,-0.0014647125897287875
-0.03937500000000001,0.46562499999999996,5.1451869319037104e-05,-0.0014667649412646194
-0.03937500000000001,0.47187499999999993,4.9209296380502486e-05,-0.0014686873118411486
-0.03937500000000001,0.47812499999999997,4.7068403558008954e-05,-0.0014704886428837595
-0.03937500000000001,0.48437499999999994,4.5024572122990654e-05,-0.0014721772116010573
-0.03937500000000001,0.490625,4.30733710032134e-05,-0.0014737606838034223
-0.03937500000000001,0.49687499999999996,4.121055332576972e-05,-0.001475246162277533
-0.03937500000000001,0.5031249999999999,3.943205228615326e-05,-0.0014766402311064397
-0.03937500000000001,0.5093749999999999,3.773397649594682e-05,-0.0014779489962899646
-0.03937500000000001,0.515625,3.611260493752665e-05,-0.0014791781229884472
-0.03937500000000001,0.5218749999999999,3.456438163355707e-05,-0.00148033286968391
-0.03937500000000001,0.528125,3.308591012142308e-05,-0.001481418119526364
-0.03937500000000001,0.534375,3.167394780770457e-05,-0.0014824384091089687
-0.03937500000000001,0.5406249999999999,3.0325400264957882e-05,-0.0014833979548939432
-0.03937500000000001,0.546875,2.903731552213705e-05,-0.0014843006774912645
-0.03937500000000001,0.5531249999999999,2.7806878390678212e-05,-0.0014851502239741415
-0.03937500000000001,0.559375,2.6631404860357675e-05,-0.0014859499883988466
-0.03937500000000001,0.565625,2.5508336592323556e-05,-0.0014867031306815728
-0.03937500000000001,0.5718749999999999,2.443523553101044e-05,-0.0014874125939714367
-0.03937500000000001,0.578125,2.3409778651841398e-05,-0.0014880811206464239
-0.03937500000000001,0.5843749999999999,2.24297528575677e-05,-0.0014887112670478903
-0.03937500000000001,0.590625,2.1493050032686425e-05,-0.0014893054170590518
-0.03937500000000001,0.596875,2.0597662262522043e-05,-0.0014898657946236524
-0.035625000000000004,0.0031249999999999997,-0.005025221573618627,0.00046187911052843547
-0.035625000000000004,0.009375,-0.004621313779878134,0.0007978240663793316
-0.035625000000000004,0.015625,-0.004197952046156002,0.0010654597541789566
-0.035625000000000004,0.021875,-0.0037676339955520473,0.0012663321098273991
-0.035625000000000004,0.028124999999999997,-0.003341391496108359,0.0014043807729456478
-0.035625000000000004,0.034374999999999996,-0.0029284052495073877,0.0014853077601723326
-0.035625000000000004,0.040624999999999994,-0.0025358427346403914,0.0015159364793538152
-0.035625000000000004,0.046875,-0.0021688825145769254,0.001503628315929643
-0.035625000000000004,0.05312499999999999,-0.0018308746571605243,0.0014557982435045025
-0.035625000000000004,0.059375,-0.001523585514470127,0.001379546897993464
-0.035625000000000004,0.06562499999999999,-0.0012474815319603828,0.0012814079658196001
-0.035625000000000004,0.071875,-0.001002017132284499,0.0011671977184876852
-0.035625000000000004,0.078125,-0.0007859028880285979,0.0010419474952792136
-0.035625000000000004,0.08437499999999999,-0.0005973401677774311,0.000909898455676759
-0.035625000000000004,0.09062499999999998,-0.0004342162715147123,0.0007745393801373607
-0.035625000000000004,0.09687499999999999,-0.00029425958148926126,0.0006386712979662415
-0.035625000000000004,0.103125,-0.00017515769959042425,0.0005044862449825852
-0.035625000000000004,0.109375,-7.464336613833723e-05,0.00037365085847944996
-0.035625000000000004,0.11562499999999999,9.446372512343655e-06,0.0002473884637247683
-0.035625000000000004,0.12187499999999998,7.913234934988687e-05,0.00012655566804931594
-0.035625000000000004,0.128125,0.00013627190999296576,1.1711258081103766e-05
-0.035625000000000004,0.13437499999999997,0.00018254978072596755,-9.682353711054224e-05
-0.035625000000000004,0.140625,0.00021947770205379445,-0.000198913503384074
-0.035625000000000004,0.14687499999999998,0.0002484000674928218,-0.0002945661739592717
-0.035625000000000004,0.153125,0.00027050343624481025,-0.0003838960919712469
-0.035625000000000004,0.159375,0.0002868283197352616,-0.0004670957201743475
-0.035625000000000004,0.16562499999999997,0.0002982820747461645,-0.0005444120834378519
-0.035625000000000004,0.171875,0.00030565207808630924,-0.0006161282644385276
-0.035625000000000004,0.17812499999999998,0.00030961862158494124,-0.0006825489451679881
-0.035625000000000004,0.18437499999999998,0.00031076716493492026,-0.0007439892769955604
-0.035625000000000004,0.190625,0.0003095997302299449,-0.0008007664573404358
-0.035625000000000004,0.19687499999999997,0.0003065453271937667,-0.0008531934836847828
-0.035625000000000004,0.203125,0.0003019693716143593,-0.0009015746412719294
-0.035625000000000004,0.20937499999999998,0.0002961821091634931,-0.0009462023572237576
-0.035625000000000004,0.21562499999999998,0.00028944608880827606,-0.0009873551202839604
-0.035625000000000004,0.221875,0.00028198274924578213,-0.0010252962221460745
-0.035625000000000004,0.22812499999999997,0.0002739781919209108,-0.0010602731240585595
-0.035625000000000004,0.234375,0.00026558821801282376,-0.001092517292061858
-0.035625000000000004,0.24062499999999998,0.00025694270636699004,-0.001122244376836991
-0.035625000000000004,0.24687499999999996,0.0002481494062193744,-0.0011496546407488064
-0.035625000000000004,0.253125,0.00023929721379160865,-0.001174933556196224
-0.035625000000000004,0.25937499999999997,0.0002304589961951696,-0.0011982525166849304
-0.035625000000000004,0.265625,0.00022169402009458443,-0.001219769615855813
-0.035625000000000004,0.271875,0.00021305003659582593,-0.0012396304606692807
-0.035625000000000004,0.27812499999999996,0.00020456506807146928,-0.0012579689935967703
-0.035625000000000004,0.284375,0.00019626893724418432,-0.0012749083054525386
-0.035625000000000004,0.29062499999999997,0.00018818457389717667,-0.0012905614257799369
-0.035625000000000004,0.296875,0.00018032913009370232,-0.0013050320817889782
-0.035625000000000004,0.303125,0.0001727149307686609,-0.001318415419972058
-0.035625000000000004,0.30937499999999996,0.0001653502829860857,-0.0013307986869013964
-0.035625000000000004,0.315625,0.00015824016400878147,-0.0013422618674954194
-0.035625000000000004,0.32187499999999997,0.0001513868055662331,-0.0013528782803605872
-0.035625000000000004,0.328125,0.00014479018929762353,-0.0013627151307727175
-0.035625000000000004,0.334375,0.00013844846625170763,-0.0013718340225393308
-0.035625000000000004,0.34062499999999996,0.0001323583115090848,-0.0013802914304466912
-0.035625000000000004,0.34687499999999993,0.00012651522342201923,-0.0013881391352930559
-0.035625000000000004,0.35312499999999997,0.00012091377561200371,-0.0013954246236833742
-0.035625000000000004,0.359375,0.0001155478286982718,-0.0014021914548416952
-0.035625000000000004,0.365625,0.00011041070772681573,-0.0014084795967103678
-0.035625000000000004,0.37187499999999996,0.00010549535040736195,-0.00141432573356876
-0.035625000000000004,0.37812499999999993,0.00010079443052596675,-0.0014197635473332966
-0.035625000000000004,0.38437499999999997,9.630046026658072e-05,-0.0014248239746063932
-0.035625000000000004,0.390625,9.200587463143627e-05,-0.0014295354414328196
-0.035625000000000004,0.396875,8.790310068467365e-05,-0.0014339240776046172
-0.035625000000000004,0.40312499999999996,8.398461394521522e-05,-0.0014380139122346669
-0.035625000000000004,0.40937499999999993,8.02429839139913e-05,-0.0014418270521978464
-0.035625000000000004,0.41562499999999997,7.667091042899674e-05,-0.001445383844919964
-0.035625000000000004,0.421875,7.326125229225725e-05,-0.001448703026879987
-0.035625000000000004,0.428125,7.000704939952995e-05,-0.0014518018590817386
-0.035625000000000004,0.43437499999999996,6.690153942124942e-05,-0.001454696250647869
-0.035625000000000004,0.44062499999999993,6.393816992739134e-05,-0.0014574008715919466
-0.035625000000000004,0.44687499999999997,6.111060671573236e-05,-0.0014599292557341153
-0.035625000000000004,0.453125,5.841273898916586e-05,-0.0014622938946418592
-0.035625000000000004,0.459375,5.583868193047941e-05,-0.0014645063233999051
-0.035625000000000004,0.46562499999999996,5.338277713991918e-05,-0.0014665771989418816
-0.035625000000000004,0.47187499999999993,5.103959132990328e-05,-0.0014685163716107834
-0.035625000000000004,0.47812499999999997,4.880391361064567e-05,-0.001470332950555207
-0.035625000000000004,0.48437499999999994,4.667075164871882e-05,-0.0014720353635133746
-0.035625000000000004,0.490625,4.463532693643042e-05,-0.0014736314114868123
-0.035625000000000004,0.49687499999999996,4.269306937222125e-05,-0.0014751283187598146
-0.035625000000000004,0.5031249999999999,4.0839611320168945e-05,-0.0014765327786791876
-0.035625000000000004,0.5093749999999999,3.907078128930785e-05,-0.0014778509955708835
-0.035625000000000004,0.515625,3.7382597350155006e-05,-0.001479088723135701
-0.035625000000000004,0.5218749999999999,3.57712603859875e-05,-0.0014802512996349437
-0.035625000000000004,0.528125,3.423314725953685e-05,-0.0014813436801485247
-0.035625000000000004,0.534375,3.276480396143138e-05,-0.0014823704661622228
-0.035625000000000004,0.5406249999999999,3.1362938794547826e-05,-0.0014833359327174102
-0.035625000000000004,0.546875,3.0024415638126976e-05,-0.0014842440533353448
-0.035625000000000004,0.5531249999999999,2.8746247326785163e-05,-0.0014850985229088788
-0.035625000000000004,0.559375,2.7525589172186653e-05,-0.001485902778736974
-0.035625000000000004,0.565625,2.635973264893716e-05,-0.001486660019861592
-0.035625000000000004,0.5718749999999999,2.5246099261039518e-05,-0.0014873732248521562
-0.035625000000000004,0.578125,2.4182234600880114e-05,-0.001488045168169769
-0.035625000000000004,0.5843749999999999,2.3165802609062913e-05,-0.0014886784352315461
-0.035625000000000004,0.590625,2.2194580040366725e-05,-0.0014892754362847095
-0.035625000000000004,0.596875,2.1266451138587753e-05,-0.0014898384191903554
-0.031875,0.0031249999999999997,-0.005399888486568464,0.0006771015717988616
-0.031875,0.009375,-0.0049485374395615055,0.0010440901537891257
-0.031875,0.015625,-0.004476378049666392,0.0013329118502926145
-0.031875,0.021875,-0.003997973784087936,0.0015457662061059536
-0.031875,0.028124999999999997,-0.003526021470451306,0.0016876583218746717
-0.031875,0.034374999999999996,-0.003070916620501247,0.0017655980965957181
-0.031875,0.040624999999999994,-0.0026406006534874203,0.0017878056383962269
-0.031875,0.046875,-0.0022406355580990977,0.0017630055727226833
-0.031875,0.05312499999999999,-0.0018744373284142908,0.0016998574168952917
-0.031875,0.059375,-0.0015436007891488556,0.0016065377707220009
-0.031875,0.06562499999999999,-0.0012482593346709685,0.0014904671102631706
-0.031875,0.071875,-0.0009874380752850477,0.0013581602653263635
-0.031875,0.078125,-0.0007593738411767435,0.001215173821979729
-0.031875,0.08437499999999999,-0.0005617881146561901,0.0010661234372943526
-0.031875,0.09062499999999998,-0.0003921083582628333,0.0009147471081890511
-0.031875,0.09687499999999999,-0.0002476394323503707,0.0007639949842050899
-0.031875,0.103125,-0.00012569038337007153,0.0006161311249695675
-0.031875,0.109375,-2.3663518131930115e-05,0.0004728369693234413
-0.031875,0.11562499999999999,6.0886992856129295e-05,0.00033530988479811607
-0.031875,0.12187499999999998,0.00013022019370721277,0.00020435293301817388
-0.031875,0.128125,0.00018639116679107948,8.045398650587468e-05
-0.031875,0.13437499999999997,0.00023124666220126908,-3.614630592479345e-05
-0.031875,0.140625,0.0002664295792262698,-0.00014539734179699958
-0.031875,0.14687499999999998,0.00029338923687938304,-0.0002473913100545708
-0.031875,0.153125,0.0003133951304240929,-0.00034232474522280835
-0.031875,0.159375,0.00032755249245132304,-0.00043046769831888636
-0.031875,0.16562499999999997,0.00033681846922509754,-0.0005121393587284246
-0.031875,0.171875,0.00034201810212996944,-0.0005876890483654309
-0.031875,0.17812499999999998,0.00034385958898132423,-0.0006574816265287071
-0.031875,0.18437499999999998,0.0003429485090685295,-0.0007218864710954912
-0.031875,0.190625,0.00033980084551932835,-0.000781269326842191
-0.031875,0.19687499999999997,0.0003348547428251019,-0.0008359864278247127
-0.031875,0.203125,0.00032848100751610334,-0.000886380404474895
-0.031875,0.20937499999999998,0.0003209924050427633,-0.000932777576208722
-0.031875,0.21562499999999998,0.0003126518329007486,-0.0009754863070907439
-0.031875,0.221875,0.00030367946425880317,-0.0010147961664143984
-0.031875,0.22812499999999997,0.000294258961793485,-0.0010509776892679585
-0.031875,0.234375,0.0002845428610360991,-0.0010842825757134298
-0.031875,0.24062499999999998,0.00027465721841798155,-0.0011149442025414342
-0.031875,0.24687499999999996,0.0002647056128718014,-0.001143178350005075
-0.031875,0.253125,0.00025477258236297507,-0.0011691840686634234
-0.031875,0.25937499999999997,0.0002449265688042597,-0.0011931446295080726
-0.031875,0.265625,0.00023522243692171755,-0.0012152285147791105
-0.031875,0.271875,0.00022570362509015575,-0.0012355904180336539
-0.031875,0.27812499999999996,0.0002164039791163666,-0.00125437223071881
-0.031875,0.284375,0.0002073493135094202,-0.0012717039992206707
-0.031875,0.29062499999999997,0.00019855873897181028,-0.0012877048415182563
-0.031875,0.296875,0.00019004578966872767,-0.0013024838164947998
-0.031875,0.303125,0.00018181937925702856,-0.0013161407419129848
-0.031875,0.30937499999999996,0.00017388461063873304,-0.0013287669592571562
-0.031875,0.315625,0.0001662434608975625,-0.0013404460452527435
-0.031875,0.32187499999999997,0.00015889535983006672,-0.001351254471024762
-0.031875,0.328125,0.00015183767784497307,-0.0013612622106589554
-0.031875,0.334375,0.00014506613672754572,-0.0013705333014639798
-0.031875,0.34062499999999996,0.00013857515480546697,-0.0013791263585661384
-0.031875,0.34687499999999993,0.00013235813636854486,-0.0013870950466503976
-0.031875,0.35312499999999997,0.00012640771374997434,-0.001394488511732283
-0.031875,0.359375,0.00012071594923958604,-0.001401351775835277
-0.031875,0.365625,0.00011527450294098845,-0.0014077260973810665
-0.031875,0.37187499999999996,0.00011007477177975378,-0.001413649299993358
-0.031875,0.37812499999999993,0.00010510800409708787,-0.001419156072283603
-0.031875,0.38437499999999997,0.00010036539360387933,-0.001424278241039158
-0.031875,0.390625,9.583815590736396e-05,-0.0014290450200786738
-0.031875,0.396875,9.151759034281821e-05,-0.001433483236881545
-0.031875,0.40312499999999996,8.739512943364857e-05,-0.0014376175389419726
-0.031875,0.40937499999999993,8.346237795461889e-05,-0.001441470581646514
-0.031875,0.41562499999999997,7.971114327589065e-05,-0.0014450631993287177
-0.031875,0.421875,7.613345841246193e-05,-0.0014484145610168576
-0.031875,0.428125,7.272159898799273e-05,-0.0014515423122615446
-0.031875,0.43437499999999996,6.946809513837405e-05,-0.0014544627043094288
-0.031875,0.44062499999999993,6.636573922401186e-05,-0.0014571907117773395
-0.031875,0.44687499999999997,6.34075900866273e-05,-0.0014597401398779085
-0.031875,0.453125,6.058697447299666e-05,-0.0014621237221526507
-0.031875,0.459375,5.7897486151536235e-05,-0.0014643532095812766
-0.031875,0.46562499999999996,5.533298316549682e-05,-0.0014664394518562201
-0.031875,0.47187499999999993,5.288758359663422e-05,-0.001468392471538521
-0.031875,0.47812499999999997,5.0555660153769174e-05,-0.0014702215317448136
-0.031875,0.48437499999999994,4.833183385009404e-05,-0.0014719351979547623
-0.031875,0.490625,4.621096699011151e-05,-0.001473541394473367
-0.031875,0.49687499999999996,4.41881556505882e-05,-0.0014750474560327235
-0.031875,0.5031249999999999,4.2258721808911315e-05,-0.001476460174972589
-0.031875,0.5093749999999999,4.041820524594506e-05,-0.0014777858443981056
-0.031875,0.515625,3.866235532819544e-05,-0.0014790302976758912
-0.031875,0.5218749999999999,3.698712275521836e-05,-0.0014801989445960523
-0.031875,0.528125,3.5388651342243515e-05,-0.0014812968044972275
-0.031875,0.534375,3.3863269894503906e-05,-0.0014823285366241774
-0.031875,0.5406249999999999,3.240748421838925e-05,-0.0014832984679624965
-0.031875,0.546875,3.101796930497269e-05,-0.0014842106187724225
-0.031875,0.5531249999999999,2.969156171342167e-05,-0.0014850687260232892
-0.031875,0.559375,2.842525217506859e-05,-0.001485876264911659
-0.031875,0.565625,2.7216178433294776e-05,-0.0014866364686294345
-0.031875,0.5718749999999999,2.6061618329696947e-05,-0.0014873523465330815
-0.031875,0.578125,2.4958983143127016e-05,-0.001488026700851377
-0.031875,0.5843749999999999,2.3905811184994514e-05,-0.0014886621420566618
-0.031875,0.590625,2.2899761651596287e-05,-0.001489261103013314
-0.031875,0.596875,2.1938608732102918e-05,-0.0014898258520069688
-0.028124999999999997,0.0031249999999999997,-0.0058044874221522625,0.0009197233128135775
-0.028124999999999997,0.009375,-0.005299009638339453,0.0013205764220769064
-0.028124999999999997,0.015625,-0.004771475931923138,0.0016317683354701048
-0.028124999999999997,0.021875,-0.004238886023187771,0.0018563773633731915
-0.028124999999999997,0.028124999999999997,-0.0037158553422378744,0.002000767171109935
-0.028124999999999997,0.034374999999999996,-0.003214132285903629,0.002073568644975051
-0.028124999999999997,0.040624999999999994,-0.0027424711508148847,0.0020846944654744795
-0.028124999999999997,0.046875,-0.002306781315826895,0.0020444873000726852
-0.028124999999999997,0.05312499999999999,-0.0019104592514146358,0.0019630536633872975
-0.028124999999999997,0.059375,-0.001554816111942986,0.0018497946969327646
-0.028124999999999997,0.06562499999999999,-0.0012395311967075982,0.0017131172062541025
-0.028124999999999997,0.071875,-0.0009630827732680326,0.001560293234519001
-0.028124999999999997,0.078125,-0.000723127509660177,0.001397431560836143
-0.028124999999999997,0.08437499999999999,-0.0005168154913039423,0.0012295263047547326
-0.028124999999999997,0.09062499999999998,-0.00034103884191729483,0.0010605531622200261
-0.028124999999999997,0.09687499999999999,-0.00019261878140527006,0.0008935903892935025
-0.028124999999999997,0.103125,-6.84394715224663e-05,0.0007309480555466362
-0.028124999999999997,0.109375,3.4461775256067975e-05,0.0005742945779063182
-0.028124999999999997,0.11562499999999999,0.00011883855365939194,0.0004247738641862157
-0.028124999999999997,0.12187499999999998,0.0001872053035711559,0.00028310956981629216
-0.028124999999999997,0.128125,0.0002418260560294169,0.0001496951633915759
-0.028124999999999997,0.13437499999999997,0.0002847162838149582,2.4669912984640963e-05
-0.028124999999999997,0.140625,0.0003176534206978304,-9.201825407494308e-05
-0.028124999999999997,0.14687499999999998,0.00034219270786272585,-0.00020056162914491296
-0.028124999999999997,0.153125,0.000359685926414404,-0.0003012517829162895
-0.028124999999999997,0.159375,0.00037130128895388067,-0.000394447257127674
-0.028124999999999997,0.16562499999999997,0.00037804331286228984,-0.00048054843753043714
-0.028124999999999997,0.171875,0.0003807719100275243,-0.0005599783101944779
-0.028124999999999997,0.17812499999999998,0.0003802202291379405,-0.0006331679738959923
-0.028124999999999997,0.18437499999999998,0.0003770110015594882,-0.0007005459514914776
-0.028124999999999997,0.190625,0.00037167129076413777,-0.0007625305019374281
-0.028124999999999997,0.19687499999999997,0.00036464564503639526,-0.0008195242765421389
-0.028124999999999997,0.203125,0.00035630771698597514,-0.0008719107861983643
-0.028124999999999997,0.20937499999999998,0.00034697045144810437,-0.0009200522509009532
-0.028124999999999997,0.21562499999999998,0.0003368949633773485,-0.000964288490122446
-0.028124999999999997,0.221875,0.00032629823506799457,-0.0010049365844823168
-0.028124999999999997,0.22812499999999997,0.0003153597616489214,-0.0010422910976680736
-0.028124999999999997,0.234375,0.00030422726830774236,-0.001076624694779022
-0.028124999999999997,0.24062499999999998,0.0002930216142154969,-0.0011081890310410101
-0.028124999999999997,0.24687499999999996,0.00028184098811144596,-0.0011372158148467368
-0.028124999999999997,0.253125,0.0002707644899515671,-0.001163917972747456
-0.028124999999999997,0.25937499999999997,0.00025985518256437553,-0.0011884908625733243
-0.028124999999999997,0.265625,0.0002491626872905406,-0.0012111134953036705
-0.028124999999999997,0.271875,0.00023872538833567385,-0.001231949737478481
-0.028124999999999997,0.27812499999999996,0.0002285723021501571,-0.001251149474517949
-0.028124999999999997,0.284375,0.00021872466060065838,-0.0012688497218474011
-0.028124999999999997,0.29062499999999997,0.000209197250000185,-0.0012851756756519237
-0.028124999999999997,0.296875,0.00019999954217235608,-0.0013002416987610036
-0.028124999999999997,0.303125,0.00019113664857933285,-0.0013141522398687384
-0.028124999999999997,0.30937499999999996,0.00018261012407209387,-0.0013270026862513057
-0.028124999999999997,0.315625,0.00017441864295512902,-0.001338880151524851
-0.028124999999999997,0.32187499999999997,0.00016655856672566352,-0.0013498642009308226
-0.028124999999999997,0.328125,0.0001590244199848017,-0.0013600275172488585
-0.028124999999999997,0.334375,0.00015180928856441017,-0.0013694365108029107
-0.028124999999999997,0.34062499999999996,0.00014490515181484864,-0.001378151877208825
-0.028124999999999997,0.34687499999999993,0.00013830315920640264,-0.0013862291065607003
-0.028124999999999997,0.35312499999999997,0.0001319938598687789,-0.0013937189477072234
-0.028124999999999997,0.359375,0.00012596739239087267,-0.0014006678311568159
-0.028124999999999997,0.365625,0.00012021364109466693,-0.0014071182539938253
-0.028124999999999997,0.37187499999999996,0.0001147223640543976,-0.0014131091300036815
-0.028124999999999997,0.37812499999999993,0.00010948329733071675,-0.0014186761080051621
-0.028124999999999997,0.38437499999999997,0.00010448623920862229,-0.0014238518611816627
-0.028124999999999997,0.390625,9.972111764950474e-05,-0.0014286663499971349
-0.028124999999999997,0.396875,9.517804367647821e-05,-0.001433147061080709
-0.028124999999999997,0.40312499999999996,9.084735299514717e-05,-0.0014373192242700592
-0.028124999999999997,0.40937499999999993,8.671963779797441e-05,-0.001441206009819328
-0.028124999999999997,0.41562499999999997,8.27857703999705e-05,-0.0014448287076041081
-0.028124999999999997,0.421875,7.903692009845829e-05,-0.0014482068899941793
-0.028124999999999997,0.428125,7.546456443330902e-05,-0.0014513585599145887
-0.028124999999999997,0.43437499999999996,7.206049584048118e-05,-0.0014543002854770944
-0.028124999999999997,0.44062499999999993,6.881682453596553e-05,-0.001457047322436609
-0.028124999999999997,0.44687499999999997,6.572597833514311e-05,-0.00145961372561057
-0.028124999999999997,0.453125,6.278070000054156e-05,-0.0014620124502925382
-0.028124999999999997,0.459375,5.997404261598835e-05,-0.0014642554445941504
-0.028124999999999997,0.46562499999999996,5.7299363404647854e-05,-0.0014663537335611297
-0.028124999999999997,0.47187499999999993,5.475031634020233e-05,-0.0014683174958287748
-0.028124999999999997,0.47812499999999997,5.232084384265212e-05,-0.0014701561335095168
-0.028124999999999997,0.48437499999999994,5.000516780128579e-05,-0.0014718783359391442
-0.028124999999999997,0.490625,4.7797780125978956e-05,-0.0014734921378485703
-0.028124999999999997,0.49687499999999996,4.569343299298595e-05,-0.0014750049724739848
-0.028124999999999997,0.5031249999999999,4.368712892182218e-05,-0.0014764237200693888
-0.028124999999999997,0.5093749999999999,4.1774110794888363e-05,-0.0014777547522413664
-0.028124999999999997,0.515625,3.9949851910458e-05,-0.0014790039724860782
-0.028124999999999997,0.5218749999999999,3.8210046141947625e-05,-0.0014801768532724463
-0.028124999999999997,0.528125,3.65505982615129e-05,-0.001481278469982983
-0.028124999999999997,0.534375,3.496761447353925e-05,-0.001482313531994344
-0.028124999999999997,0.5406249999999999,3.3457393193148574e-05,-0.0014832864111531847
-0.028124999999999997,0.546875,3.201641609613167e-05,-0.0014842011678789361
-0.028124999999999997,0.5531249999999999,3.064133945946006e-05,-0.0014850615751035112
-0.028124999999999997,0.559375,2.932898580551614e-05,-0.0014858711402384033
-0.028124999999999997,0.565625,2.807633585821756e-05,-0.001486633125342003
-0.028124999999999997,0.5718749999999999,2.688052081513121e-05,-0.0014873505656440064
-0.028124999999999997,0.578125,2.573881493634443e-05,-0.001488026286569374
-0.028124999999999997,0.5843749999999999,2.464862844816517e-05,-0.0014886629193912695
-0.028124999999999997,0.590625,2.360750075755637e-05,-0.0014892629156306135
-0.028124999999999997,0.596875,2.2613093971496527e-05,-0.001489828560309228
-0.024374999999999994,0.0031249999999999997,-0.006241615416023178,0.0011939080652284672
-0.024374999999999994,0.009375,-0.005674202513290522,0.0016316341053298432
-0.024374999999999994,0.015625,-0.005083692608646343,0.001966260257810478
-0.024374999999999994,0.021875,-0.00448996076942743,0.0022020440080467813
-0.024374999999999994,0.028124999999999997,-0.003909827568225293,0.002347083680520772
-0.024374999999999994,0.034374999999999996,-0.0033565348208103047,0.002412021119219629
-0.024374999999999994,0.040624999999999994,-0.0028396695312868105,0.0024088197640741936
-0.024374999999999994,0.046875,-0.0023654211189519177,0.0023497396799736707
-0.024374999999999994,0.05312499999999999,-0.001937045436427638,0.0022465642779575697
-0.024374999999999994,0.059375,-0.0015554234131566992,0.002110081033791428
-0.024374999999999994,0.06562499999999999,-0.0012196292821497513,0.0019497853102661928
-0.024374999999999994,0.071875,-0.0009274528868019531,0.001773760772364968
-0.024374999999999994,0.078125,-0.0006758462585942206,0.0015886871457832163
-0.024374999999999994,0.08437499999999999,-0.000461283901958184,0.0013999310625409625
-0.024374999999999994,0.09062499999999998,-0.0002800388630014616,0.0012116842613917266
-0.024374999999999994,0.09687499999999999,-0.0001283837914284797,0.0010271226331129727
-0.024374999999999994,0.103125,-2.7293245792267285e-06,0.0008485679322582647
-0.024374999999999994,0.109375,0.00010028736405722756,0.0006776407360067007
-0.024374999999999994,0.11562499999999999,0.00018375198802546562,0.000515398299016318
-0.024374999999999994,0.12187499999999998,0.00025045036418096006,0.00036245450631298775
-0.024374999999999994,0.128125,0.0003028651344890182,0.0002190814555953454
-0.024374999999999994,0.13437499999999997,0.0003431855156521519,8.52936106247391e-05
-0.024374999999999994,0.140625,0.0003733251865398934,-3.908377296598471e-05
-0.024374999999999994,0.14687499999999998,0.00039494473907269626,-0.00015435992437970816
-0.024374999999999994,0.153125,0.0004094761641714266,-0.00026093546332958727
-0.024374999999999994,0.159375,0.0004181476489807458,-0.0003592689737535774
-0.024374999999999994,0.16562499999999997,0.0004220075632862031,-0.0004498514809804454
-0.024374999999999994,0.171875,0.0004219469514315329,-0.0005331872977739377
-0.024374999999999994,0.17812499999999998,0.00041872015716714283,-0.0006097799377576264
-0.024374999999999994,0.18437499999999998,0.00041296342340843773,-0.0006801220134995538
-0.024374999999999994,0.190625,0.000405211451801336,-0.0007446882323513639
-0.024374999999999994,0.19687499999999997,0.00039591199790638853,-0.0008039307727952181
-0.024374999999999994,0.203125,0.00038543863176841237,-0.0008582764676111446
-0.024374999999999994,0.20937499999999998,0.00037410182192786036,-0.0009081253394824447
-0.024374999999999994,0.21562499999999998,0.00036215851187153557,-0.0009538501324023669
-0.024374999999999994,0.221875,0.00034982035753399485,-0.0009957965614012941
-0.024374999999999994,0.22812499999999997,0.00033726078702814457,-0.0010342840665911665
-0.024374999999999994,0.234375,0.0003246210322912796,-0.0010696069079977443
-0.024374999999999994,0.24062499999999998,0.0003120152688204095,-0.001102035477481096
-0.024374999999999994,0.24687499999999996,0.00029953498549330736,-0.0011318177352539602
-0.024374999999999994,0.253125,0.00028725269249756536,-0.0011591807027964162
-0.024374999999999994,0.25937499999999997,0.00027522506214678726,-0.0011843319627402149
-0.024374999999999994,0.265625,0.00026349558514400084,-0.0012074611307065423
-0.024374999999999994,0.271875,0.0002520968137931177,-0.0012287412750572714
-0.024374999999999994,0.27812499999999996,0.00024105225379213182,-0.001248330268808816
-0.024374999999999994,0.284375,0.00023037795753443825,-0.0012663720641552093
-0.024374999999999994,0.29062499999999997,0.00022008386422629783,-0.0012829978846251925
-0.024374999999999994,0.296875,0.00021017492550802708,-0.0012983273332295288
-0.024374999999999994,0.303125,0.00020065204954436744,-0.0013124694173317934
-0.024374999999999994,0.30937499999999996,0.00019151289162540263,-0.0013255234926272752
-0.024374999999999994,0.315625,0.0001827525150970541,-0.0013375801297182245
-0.024374999999999994,0.32187499999999997,0.00017436394283003634,-0.0013487219074674902
-0.024374999999999994,0.328125,0.00016633861635663837,-0.001359024137703059
-0.024374999999999994,0.334375,0.00015866677718287685,-0.0013685555260149163
-0.024374999999999994,0.34062499999999996,0.00015133778255483593,-0.0013773787733955285
-0.024374999999999994,0.34687499999999993,0.00014434036606584,-0.0013855511233735957
-0.024374999999999994,0.35312499999999997,0.00013766285188626678,-0.0013931248591133965
-0.024374999999999994,0.359375,0.00013129333003778821,-0.0014001477547259562
-0.024374999999999994,0.365625,0.0001252197989819977,-0.0014066634847832633
-0.024374999999999994,0.37187499999999996,0.00011943028081837078,-0.0014127119957575284
-0.024374999999999994,0.37812499999999993,0.00011391291356149181,-0.0014183298428344891
-0.024374999999999994,0.38437499999999997,0.00010865602426958376,-0.001423550495280524
-0.024374999999999994,0.390625,0.00010364818620616637,-0.0014284046132829035
-0.024374999999999994,0.396875,9.887826271758865e-05,-0.0014329202989343019
-0.024374999999999994,0.40312499999999996,9.433544008724465e-05,-0.0014371233237987185
-0.024374999999999994,0.40937499999999993,9.000925127057722e-05,-0.0014410373352773706
-0.024374999999999994,0.41562499999999997,8.588959211346635e-05,-0.0014446840437902894
-0.024374999999999994,0.421875,8.19667314017566e-05,-0.0014480833926022241
-0.024374999999999994,0.428125,7.823131587430819e-05,-0.0014512537119495846
-0.024374999999999994,0.43437499999999996,7.467437114996502e-05,-0.0014542118589679063
-0.024374999999999994,0.44062499999999993,7.128729936507412e-05,-0.0014569733447758585
-0.024374999999999994,0.44687499999999997,6.806187418830438e-05,-0.0014595524499413206
-0.024374999999999994,0.453125,6.499023376982824e-05,-0.0014619623294365378
-0.024374999999999994,0.459375,6.206487208932673e-05,-0.0014642151080819735
-0.024374999999999994,0.46562499999999996,5.927862908913353e-05,-0.0014663219673812706
-0.024374999999999994,0.47187499999999993,5.66246799129169e-05,-0.001468293224561852
-0.024374999999999994,0.47812499999999997,5.4096523514731604e-05,-0.0014701384045563454
-0.024374999999999994,0.48437499999999994,5.168797085646354e-05,-0.0014718663055883741
-0.024374999999999994,0.490625,4.939313287229057e-05,-0.001473485058961685
-0.024374999999999994,0.49687499999999996,4.720640834565631e-05,-0.0014750021835933315
-0.024374999999999994,0.5031249999999999,4.512247181642894e-05,-0.0014764246357791633
-0.024374999999999994,0.5093749999999999,4.313626161258701e-05,-0.0014777588546325902
-0.024374999999999994,0.515625,4.124296808123606e-05,-0.0014790108035949868
-0.024374999999999994,0.5218749999999999,3.943802207743662e-05,-0.001480186008377741
-0.024374999999999994,0.528125,3.7717083755711546e-05,-0.001481289591661385
-0.024374999999999994,0.534375,3.607603169778699e-05,-0.001482326304846103
-0.024374999999999994,0.5406249999999999,3.4510952400737695e-05,-0.0014833005571198632
-0.024374999999999994,0.546875,3.301813014196526e-05,-0.0014842164420851285
-0.024374999999999994,0.5531249999999999,3.159403723107088e-05,-0.0014850777621623211
-0.024374999999999994,0.559375,3.0235324653476697e-05,-0.0014858880509676612
-0.024374999999999994,0.565625,2.8938813106426075e-05,-0.001486650593844475
-0.024374999999999994,0.5718749999999999,2.770148442458254e-05,-0.0014873684467103484
-0.024374999999999994,0.578125,2.6520473389731993e-05,-0.0014880444533674148
-0.024374999999999994,0.5843749999999999,2.5393059916952675e-05,-0.0014886812614094505
-0.024374999999999994,0.590625,2.4316661607956872e-05,-0.0014892813368471397
-0.024374999999999994,0.596875,2.3288826661055165e-05,-0.0014898469775617717
-0.02062499999999999,0.0031249999999999997,-0.006714071615460129,0.0015045724820361012
-0.02062499999999999,0.009375,-0.006075571343702448,0.0019823433763511834
-0.02062499999999999,0.015625,-0.005413281710696769,0.002341260658812318
-0.02062499999999999,0.021875,-0.004750472401598693,0.0025871623009188862
-0.02062499999999999,0.028124999999999997,-0.004106488737651999,0.002730364448516488
-0.02062499999999999,0.034374999999999996,-0.0034962013250640807,0.0027840053948914325
-0.02062499999999999,0.040624999999999994,-0.00293001913629054,0.002762531739644639
-0.02062499999999999,0.046875,-0.0024143008973407133,0.0026804705175886086
-0.02062499999999999,0.05312499999999999,-0.0019519944936172368,0.0025515403022545393
-0.02062499999999999,0.059375,-0.0015433614663747856,0.0023880878083627354
-0.02062499999999999,0.06562499999999999,-0.0011866844452290673,0.002200798237685494
-0.02062499999999999,0.071875,-0.0008788958155504845,0.0019986129578796075
-0.02062499999999999,0.078125,-0.0006160987676738087,0.0017887893455827055
-0.02062499999999999,0.08437499999999999,-0.0003939748932028171,0.0015770473890102167
-0.02062499999999999,0.09062499999999998,-0.0002080864637879623,0.0013677604619554105
-0.02062499999999999,0.09687499999999999,-5.408851076182083e-05,0.0011641602042446624
-0.02062499999999999,0.103125,7.213193293635567e-05,0.0009685360318968089
-0.02062499999999999,0.109375,0.0001743726638295487,0.000782417939343711
-0.02062499999999999,0.11562499999999999,0.0002560744936181391,0.0006067370595477873
-0.02062499999999999,0.12187499999999998,0.00032030865689542087,0.0004419623074229154
-0.02062499999999999,0.128125,0.00036978389800770205,0.00028821380877412607
-0.02062499999999999,0.13437499999999997,0.00040686601380766327,0.00014535513544643207
-0.02062499999999999,0.140625,0.0004336045695247353,1.3066973430297685e-05
-0.02062499999999999,0.14687499999999998,0.00045176305272542964,-0.00010909499484526813
-0.02062499999999999,0.153125,0.0004628499204729218,-0.00022165532433468223
-0.02062499999999999,0.159375,0.00046814888243610356,-0.00032518473960092614
-0.02062499999999999,0.16562499999999997,0.00046874740670062456,-0.0004202746592666233
-0.02062499999999999,0.171875,0.00046556288973100294,-0.0005075185282979542
-0.02062499999999999,0.17812499999999998,0.00045936624367672816,-0.0005874984778849854
-0.02062499999999999,0.18437499999999998,0.0004508028606058226,-0.000660776105273091
-0.02062499999999999,0.190625,0.00044041104371383397,-0.0007278864016629964
-0.02062499999999999,0.19687499999999997,0.00042863807250348104,-0.0007893340550761789
-0.02062499999999999,0.203125,0.0004158541090457892,-0.0008455915194945698
-0.02062499999999999,0.20937499999999998,0.00040236416790037513,-0.0008970983755424805
-0.02062499999999999,0.21562499999999998,0.00038841837182439275,-0.0009442616158047643
-0.02062499999999999,0.221875,0.0003742207051837208,-0.0009874565737872233
-0.02062499999999999,0.22812499999999997,0.0003599364612381966,-0.001027028283377427
-0.02062499999999999,0.234375,0.00034569856106576836,-0.0010632931088330056
-0.02062499999999999,0.24062499999999998,0.00033161290269288405,-0.0010965405266848568
-0.02062499999999999,0.24687499999999996,0.0003177628801913508,-0.0011270349728916486
-0.02062499999999999,0.253125,0.00030421319478691404,-0.0011550176930873297
-0.02062499999999999,0.25937499999999997,0.00029101306377829657,-0.0011807085524207963
-0.02062499999999999,0.265625,0.0002781989184482879,-0.0012043077755779035
-0.02062499999999999,0.271875,0.0002657966691832413,-0.001225997598121441
-0.02062499999999999,0.27812499999999996,0.0002538236046416944,-0.0012459438180922686
-0.02062499999999999,0.284375,0.00024228998191596634,-0.0012642972425198676
-0.02062499999999999,0.29062499999999997,0.00023120035607754623,-0.0012811950275904282
-0.02062499999999999,0.296875,0.00022055469014463223,-0.0012967619141024747
-0.02062499999999999,0.303125,0.0002103492802167379,-0.0013111113618043606
-0.02062499999999999,0.30937499999999996,0.0002005775251527929,-0.0013243465874865714
-0.02062499999999999,0.315625,0.0001912305656024746,-0.0013365615124729402
-0.02062499999999999,0.32187499999999997,0.00018229781332454063,-0.001347841625555009
-0.02062499999999999,0.328125,0.00017376738844222052,-0.001358264767546731
-0.02062499999999999,0.334375,0.0001656264795078166,-0.001367901843581129
-0.02062499999999999,0.34062499999999996,0.00015786163890139633,-0.0013768174690856356
-0.02062499999999999,0.34687499999999993,0.00015045902410691268,-0.001385070555102772
-0.02062499999999999,0.35312499999999997,0.0001434045937375083,-0.0013927148383003573
-0.02062499999999999,0.359375,0.00013668426577244714,-0.0013997993606644865
-0.02062499999999999,0.365625,0.00013028404428045974,-0.0014063689035063622
-0.02062499999999999,0.37187499999999996,0.00012419011990373103,-0.0014124643800529247
-0.02062499999999999,0.37812499999999993,0.00011838894853405884,-0.0014181231905395892
-0.02062499999999999,0.38437499999999997,0.0001128673119030615,-0.0014233795433868013
-0.02062499999999999,0.390625,0.00010761236321081582,-0.0014282647457241316
-0.02062499999999999,0.396875,0.00010261166041425869,-0.0014328074662281632
-0.02062499999999999,0.40312499999999996,9.785318937321652e-05,-0.0014370339729643984
-0.02062499999999999,0.40937499999999993,9.332537869545567e-05,-0.0014409683486688164
-0.02062499999999999,0.41562499999999997,8.901710782210945e-05,-0.0014446326856711472
-0.02062499999999999,0.421875,8.491770964232183e-05,-0.0014480472624484786
-0.02062499999999999,0.428125,8.101696871345593e-05,-0.0014512307036034554
-0.02062499999999999,0.43437499999999996,7.730511598443245e-05,-0.0014542001248848016
-0.02062499999999999,0.44062499999999993,7.377282076938289e-05,-0.0014569712647079763
-0.02062499999999999,0.44687499999999997,7.04111805923374e-05,-0.0014595586034891286
-0.02062499999999999,0.453125,6.721170941736997e-05,-0.0014619754719749102
-0.02062499999999999,0.459375,6.416632468930284e-05,-0.001464234149632923
-0.02062499999999999,0.46562499999999996,6.126733353507542e-05,-0.0014663459540614637
-0.02062499999999999,0.47187499999999993,5.850741841294355e-05,-0.00146832132228169
-0.02062499999999999,0.47812499999999997,5.587962244390932e-05,-0.001470169884689404
-0.02062499999999999,0.48437499999999994,5.337733461558527e-05,-0.0014719005323663647
-0.02062499999999999,0.490625,5.0994275011721715e-05,-0.001473521478381572
-0.02062499999999999,0.49687499999999996,4.8724480189741536e-05,-0.0014750403136505439
-0.02062499999999999,0.5031249999999999,4.656228880286697e-05,-0.0014764640578645073
-0.02062499999999999,0.5093749999999999,4.45023275419861e-05,-0.0014777992059510196
-0.02062499999999999,0.515625,4.2539497454606134e-05,-0.0014790517704822517
-0.02062499999999999,0.5218749999999999,4.066896068350112e-05,-0.0014802273204064598
-0.02062499999999999,0.528125,3.888612765549899e-05,-0.001481331016441598
-0.02062499999999999,0.534375,3.7186644740854766e-05,-0.00148236764343714
-0.02062499999999999,0.5406249999999999,3.5566382395474536e-05,-0.0014833416399806084
-0.02062499999999999,0.546875,3.4021423791603107e-05,-0.0014842571254987291
-0.02062499999999999,0.5531249999999999,3.254805393721085e-05,-0.001485117925079182
-0.02062499999999999,0.559375,3.114274928000902e-05,-0.0014859275922174087
-0.02062499999999999,0.565625,2.9802167788613048e-05,-0.001486689429673531
-0.02062499999999999,0.5718749999999999,2.852313950070475e-05,-0.0014874065086069822
-0.02062499999999999,0.578125,2.73026575259994e-05,-0.0014880816861407113
-0.02062499999999999,0.5843749999999999,2.6137869490292443e-05,-0.0014887176214926372
-0.02062499999999999,0.590625,2.5026069405751888e-05,-0.0014893167907992326
-0.02062499999999999,0.596875,2.3964689951869518e-05,-0.0014898815007445766
-0.016875,0.0031249999999999997,-0.007224849443609181,0.0018575443195020889
-0.016875,0.009375,-0.006504499661780556,0.0023786504998227274
-0.016875,0.015625,-0.005760218112630844,0.002762387698067435
-0.016875,0.021875,-0.00501928073568076,0.0030167112356650158
-0.016875,0.028124999999999997,-0.00430390758341188,0.0031547763438978835
-0.016875,0.034374999999999996,-0.003630716115654115,0.003192821495208775
-0.016875,0.040624999999999994,-0.0030108799028646075,0.003148296357036537
-0.016875,0.046875,-0.0024507570675921866,0.003038399903611161
-0.016875,0.05312499999999999,-0.0019527608050341843,0.0028790719343366592
-0.016875,0.059375,-0.0015162919307726186,0.0026843985137634586
-0.016875,0.06562499999999999,-0.0011386132298687901,0.0024663497038009976
-0.016875,0.071875,-0.0008155998040963561,0.0022347568951023972
-0.016875,0.078125,-0.0005423407560213839,0.0019974449393397385
-0.016875,0.08437499999999999,-0.00031359429085694063,0.001760450891951208
-0.016875,0.09062499999999998,-0.00012411301345238547,0.0015282796215027126
-0.016875,0.09687499999999999,3.113770995063458e-05,0.001304163083622621
-0.016875,0.103125,0.00015684475266164336,0.0010903031927532842
-0.016875,0.109375,0.0002572742333927746,0.0008880877822875026
-0.016875,0.11562499999999999,0.0003362426323208167,0.0006982755958159087
-0.016875,0.12187499999999998,0.000397117827198198,0.000521150286751221
-0.016875,0.128125,0.0004428392715291396,0.0003566456948142268
-0.016875,0.13437499999999997,0.00047594942691472946,0.00020444577958510517
-0.016875,0.140625,0.0004986308771816973,6.406295297939281e-05
-0.016875,0.14687499999999998,0.000512745332313226,-6.510152974257481e-05
-0.016875,0.153125,0.0005198720543275317,-0.0001837117802355355
-0.016875,0.159375,0.0005213441935261362,-0.00029246317234188986
-0.016875,0.16562499999999997,0.0005182821948418818,-0.0003920574541828718
-0.016875,0.171875,0.0005116238912894957,-0.0004831850357929887
-0.016875,0.17812499999999998,0.000502151202149934,-0.000566512794182663
-0.016875,0.18437499999999998,0.0004905135421682952,-0.0006426760684445329
-0.016875,0.190625,0.00047724815847121927,-0.0007122737952573894
-0.016875,0.19687499999999997,0.0004627976690303549,-0.0007758659636637393
-0.016875,0.203125,0.0004475250983320498,-0.000833972753070082
-0.016875,0.20937499999999998,0.00043172670524340703,-0.00088707486640895
-0.016875,0.21562499999999998,0.0004156428837887078,-0.0009356146874933886
-0.016875,0.221875,0.00039946739573403606,-0.0009799979833995454
-0.016875,0.22812499999999997,0.00038335516855810583,-0.0010205959441100738
-0.016875,0.234375,0.0003674288661684037,-0.0010577474067599707
-0.016875,0.24062499999999998,0.0003517844142141985,-0.0010917611540546032
-0.016875,0.24687499999999996,0.0003364956379838959,-0.001122918208550392
-0.016875,0.253125,0.0003216181491327151,-0.001151474068732615
-0.016875,0.25937499999999997,0.00030719259805162154,-0.0011776608509679472
-0.016875,0.265625,0.00029324739155831063,-0.001201689314854892
-0.016875,0.271875,0.0002798009606535803,-0.0012237507593439649
-0.016875,0.27812499999999996,0.00026686365016888075,-0.0012440187841102402
-0.016875,0.284375,0.0002544392910328948,-0.0012626509156999292
-0.016875,0.29062499999999997,0.00024252650639970433,-0.0012797901014549398
-0.016875,0.296875,0.00023111979480763494,-0.0012955660765403768
-0.016875,0.303125,0.00022021042668892574,-0.0013100966108627182
-0.016875,0.30937499999999996,0.00020978718475565318,-0.0013234886435016338
-0.016875,0.315625,0.00019983697389509467,-0.0013358393126610725
-0.016875,0.32187499999999997,0.00019034532208443152,-0.0013472368892072778
-0.016875,0.328125,0.000181296790364239,-0.0013577616217017177
-0.016875,0.334375,0.00017267530699237085,-0.0013674865005291355
-0.016875,0.34062499999999996,0.00016446443844868026,-0.0013764779483193474
-0.016875,0.34687499999999993,0.00015664760790322555,-0.0013847964434057754
-0.016875,0.35312499999999997,0.00014920827003391565,-0.0013924970825825132
-0.016875,0.359375,0.0001421300496312042,-0.0013996300889353272
-0.016875,0.365625,0.00013539685021290418,-0.0014062412700443453
-0.016875,0.37187499999999996,0.00012899293785391289,-0.0014123724313966806
-0.016875,0.37812499999999993,0.00012290300458200868,-0.0014180617494118435
-0.016875,0.38437499999999997,0.00011711221497534776,-0.0014233441080749388
-0.016875,0.390625,0.00011160623899755363,-0.0014282514027940155
-0.016875,0.396875,0.00010637127360363648,-0.0014328128147488967
-0.016875,0.40312499999999996,0.00010139405522872299,-0.0014370550586788673
-0.016875,0.40937499999999993,9.666186491855899e-05,-0.0014410026067646802
-0.016875,0.41562499999999997,9.21625275649457e-05,-0.0014446778909949374
-0.016875,0.421875,8.788440646145578e-05,-0.0014481014861663906
-0.016875,0.428125,8.381639418719272e-05,-0.0014512922754502415
-0.016875,0.43437499999999996,7.994790065253508e-05,-0.0014542676002603336
-0.016875,0.44062499999999993,7.626883899529741e-05,-0.0014570433959823982
-0.016875,0.44687499999999997,7.276960989398823e-05,-0.0014596343149645417
-0.016875,0.453125,6.944108476303165e-05,-0.0014620538380263166
-0.016875,0.459375,6.627458820973536e-05,-0.001464314375615457
-0.016875,0.46562499999999996,6.326188006174634e-05,-0.0014664273596262855
-0.016875,0.47187499999999993,6.039513721447717e-05,-0.001468403326790606
-0.016875,0.47812499999999997,5.766693549862177e-05,-0.0014702519944593754
-0.016875,0.48437499999999994,5.507023172681011e-05,-0.0014719823295105423
-0.016875,0.490625,5.259834604435032e-05,-0.001473602611044126
-0.016875,0.49687499999999996,5.02449446807458e-05,-0.0014751204874590346
-0.016875,0.5031249999999999,4.800402317531024e-05,-0.0014765430284464434
-0.016875,0.5093749999999999,4.5869890130947206e-05,-0.0014778767723810859
-0.016875,0.515625,4.383715153434308e-05,-0.0014791277695438607
-0.016875,0.5218749999999999,4.1900695667880346e-05,-0.0014803016215661881
-0.016875,0.528125,4.005567862804815e-05,-0.0014814035174479936
-0.016875,0.534375,3.829751045660628e-05,-0.001482438266466617
-0.016875,0.5406249999999999,3.6621841883914416e-05,-0.0014834103282629137
-0.016875,0.546875,3.502455167839721e-05,-0.0014843238403629436
-0.016875,0.5531249999999999,3.3501734591833465e-05,-0.001485182643368627
-0.016875,0.559375,3.204968988684054e-05,-0.0014859903040282546
-0.016875,0.565625,3.066491043041079e-05,-0.0014867501363775258
-0.016875,0.5718749999999999,2.934407233549613e-05,-0.0014874652211236147
-0.016875,0.578125,2.8084025131323266e-05,-0.0014881384234283984
-0.016875,0.5843749999999999,2.688178244225102e-05,-0.0014887724092322602
-0.016875,0.590625,2.573451315446968e-05,-0.0014893696602466145
-0.016875,0.596875,2.4639533049629003e-05,-0.0014899324877313473
-0.013125000000000012,0.0031249999999999997,-0.007777114116930619,0.0022597579585353824
-0.013125000000000012,0.009375,-0.006962219324201698,0.002827532239190421
-0.013125000000000012,0.015625,-0.006124083387426762,0.0032361227695636955
-0.013125000000000012,0.021875,-0.005294704443318753,0.003496321493714477
-0.013125000000000012,0.028124999999999997,-0.004499550136679689,0.003624921932240325
-0.013125000000000012,0.034374999999999996,-0.0037570668375840285,0.0036420119871425067
-0.013125000000000012,0.040624999999999994,-0.003079066505073767,0.0035686660877270455
-0.013125000000000012,0.046875,-0.002471657159927339,0.0034252193800644658
-0.013125000000000012,0.05312499999999999,-0.001936415249167872,0.0032301438198424413
-0.013125000000000012,0.059375,-0.001471576455026004,0.002999445722996177
-0.013125000000000012,0.06562499999999999,-0.0010731073627128376,0.0027464612965777744
-0.013125000000000012,0.071875,-0.0007355921805459294,0.002481923454452518
-0.013125000000000012,0.078125,-0.0004529189516991896,0.0022141915398459673
-0.013125000000000012,0.08437499999999999,-0.0002187795787531851,0.0019495616684067265
-0.013125000000000012,0.09062499999999998,-2.701231163999989e-05,0.001692601011149225
-0.013125000000000012,0.09687499999999999,0.00012818054463642516,0.001446470599601824
-0.013125000000000012,0.103125,0.000252108664695944,0.0012132171068740942
-0.013125000000000012,0.109375,0.000349536896179551,0.0009940249547476182
-0.013125000000000012,0.11562499999999999,0.0004246743030205994,0.0007894270099186918
-0.013125000000000012,0.12187499999999998,0.00048119279992484096,0.0005994761348527456
-0.013125000000000012,0.128125,0.0005222634679860408,0.0004238818799121623
-0.013125000000000012,0.13437499999999997,0.0005506021466591349,0.00026211736123210746
-0.013125000000000012,0.140625,0.0005685185936368422,0.00011350137663747404
-0.013125000000000012,0.14687499999999998,0.000577965503571888,-2.27395843355883e-05
-0.013125000000000012,0.153125,0.0005805851132582234,-0.00014742535971983104
-0.013125000000000012,0.159375,0.0005777521229930761,-0.0002613887168032771
-0.013125000000000012,0.16562499999999997,0.0005706123414797783,-0.0003654516948366916
-0.013125000000000012,0.171875,0.0005601169036191753,-0.00046040939165184155
-0.013125000000000012,0.17812499999999998,0.0005470521855621749,-0.0005470193657940106
-0.013125000000000012,0.18437499999999998,0.0005320657009393894,-0.0006259952176287002
-0.013125000000000012,0.190625,0.0005156883438801576,-0.0006980032334408801
-0.013125000000000012,0.19687499999999997,0.000498353375210055,-0.0007636612344421251
-0.013125000000000012,0.203125,0.00048041254696105907,-0.0008235389773461314
-0.013125000000000012,0.20937499999999998,0.00046214974002842425,-0.0008781596139457193
-0.013125000000000012,0.21562499999999998,0.00044379245920035155,-0.0009280018421862489
-0.013125000000000012,0.221875,0.00042552149459997577,-0.0009735024777017703
-0.013125000000000012,0.22812499999999997,0.0004074790224483189,-0.0010150592486207173
-0.013125000000000012,0.234375,0.0003897753831814228,-0.0010530336725413396
-0.013125000000000012,0.24062499999999998,0.0003724947425705285,-0.0010877539168632796
-0.013125000000000012,0.24687499999999996,0.00035569981220272463,-0.001119517575280157
-0.013125000000000012,0.253125,0.0003394357796781715,-0.0011485943166664437
-0.013125000000000012,0.25937499999999997,0.0003237335761175747,-0.0011752283797698989
-0.013125000000000012,0.265625,0.00030861258885555914,-0.0011996408995566964
-0.013125000000000012,0.271875,0.00029408291025336794,-0.0012220320599161383
-0.013125000000000012,0.27812499999999996,0.000280147199099661,-0.0012425830736124057
-0.013125000000000012,0.284375,0.00026680221878085147,-0.0012614579945583507
-0.013125000000000012,0.29062499999999997,0.00025404010600629573,-0.001278805370203887
-0.013125000000000012,0.296875,0.00024184941510564255,-0.0012947597434755085
-0.013125000000000012,0.303125,0.00023021597553951945,-0.001309443014573017
-0.013125000000000012,0.30937499999999996,0.0002191235940720083,-0.0013229656732493126
-0.013125000000000012,0.315625,0.00020855462786250093,-0.0013354279121366311
-0.013125000000000012,0.32187499999999997,0.0001984904503888637,-0.0013469206313622027
-0.013125000000000012,0.328125,0.00018891182847931103,-0.001357526344209251
-0.013125000000000012,0.334375,0.00017979922569290267,-0.0013673199929921344
-0.013125000000000012,0.34062499999999996,0.00017113304475144877,-0.0013763696836750553
-0.013125000000000012,0.34687499999999993,0.00016289381960733252,-0.0013847373471060158
-0.013125000000000012,0.35312499999999997,0.00015506236596367497,-0.001392479334085059
-0.013125000000000012,0.359375,0.00014761989758779116,-0.0013996469508540442
-0.013125000000000012,0.365625,0.0001405481145277664,-0.0014062869409944127
-0.013125000000000012,0.37187499999999996,0.00013382926831481974,-0.0014124419191556214
-0.013125000000000012,0.37812499999999993,0.00012744620837717858,-0.0014181507615132463
-0.013125000000000012,0.38437499999999997,0.00012138241317628863,-0.0014234489573731785
-0.013125000000000012,0.390625,0.00011562200897979114,-0.0014283689258964372
-0.013125000000000012,0.396875,0.00011014977868820646,-0.001432940301516516
-0.013125000000000012,0.40312499999999996,0.00010495116271729719,-0.0014371901912558559
-0.013125000000000012,0.40937499999999993,0.00010001225359199547,-0.0014411434068176483
-0.013125000000000012,0.41562499999999997,9.531978561919025e-05,-0.0014448226740311815
-0.013125000000000012,0.421875,9.086112076608467e-05,-0.0014482488219607484
-0.013125000000000012,0.428125,8.662423167033339e-05,-0.0014514409537472058
-0.013125000000000012,0.43437499999999996,8.259768254114789e-05,-0.0014544166010351176
-0.013125000000000012,0.44062499999999993,7.877060857150418e-05,-0.0014571918636447402
-0.013125000000000012,0.44687499999999997,7.51326943658901e-05,-0.001459781535974697
-0.013125000000000012,0.453125,7.167415179185872e-05,-0.0014621992214660577
-0.013125000000000012,0.459375,6.838569758378463e-05,-0.0014644574363198123
-0.013125000000000012,0.46562499999999996,6.52585309609836e-05,-0.0014665677035357225
-0.013125000000000012,0.47187499999999993,6.228431146749814e-05,-0.0014685406382297199
-0.013125000000000012,0.47812499999999997,5.945513719550401e-05,-0.001470386025087993
-0.013125000000000012,0.48437499999999994,5.676352351688799e-05,-0.0014721128887274226
-0.013125000000000012,0.490625,5.4202382416769984e-05,-0.0014737295576529605
-0.013125000000000012,0.49687499999999996,5.176500249749798e-05,-0.0014752437224318747
-0.013125000000000012,0.5031249999999999,4.944502970101121e-05,-0.0014766624886416253
-0.013125000000000012,0.5093749999999999,4.7236448780681216e-05,-0.0014779924250916442
-0.013125000000000012,0.515625,4.513356554015152e-05,-0.0014792396077687908
-0.013125000000000012,0.5218749999999999,4.31309898457719e-05,-0.0014804096599110442
-0.013125000000000012,0.528125,4.122361941050598e-05,-0.0014815077885735471
-0.013125000000000012,0.534375,3.94066243403115e-05,-0.0014825388180148933
-0.013125000000000012,0.5406249999999999,3.7675432428621774e-05,-0.0014835072201990988
-0.013125000000000012,0.546875,3.6025715180447024e-05,-0.001484417142679614
-0.013125000000000012,0.5531249999999999,3.445337454452997e-05,-0.00148527243410566
-0.013125000000000012,0.559375,3.2954530329752176e-05,-0.0014860766675677697
-0.013125000000000012,0.565625,3.152550828044609e-05,-0.0014868331619784256
-0.013125000000000012,0.5718749999999999,3.0162828784283193e-05,-0.001487545001664814
-0.013125000000000012,0.578125,2.8863196185884637e-05,-0.0014882150543337788
-0.013125000000000012,0.5843749999999999,2.762348867914117e-05,-0.0014888459875538162
-0.013125000000000012,0.590625,2.6440748751359224e-05,-0.001489440283885244
-0.013125000000000012,0.596875,2.5312174152715633e-05,-0.0014900002547773455
-0.009375000000000008,0.0031249999999999997,-0.008374157532079495,0.0027194967247274
-0.009375000000000008,0.009375,-0.00744969559220399,0.0033371925061167775
-0.009375000000000008,0.015625,-0.006503912740331029,0.0037699442412512684
-0.009375000000000008,0.021875,-0.005574359431896717,0.004032345542530713
-0.009375000000000008,0.028124999999999997,-0.004690131353849009,0.004145856175435716
-0.009375000000000008,0.034374999999999996,-0.00387152177570197,0.004135340360524202
-0.009375000000000008,0.040624999999999994,-0.0031307556974947597,0.004026235148734941
-0.009375000000000008,0.046875,-0.0024733359453387757,0.0038425366184029522
-0.009375000000000008,0.05312499999999999,-0.0018996057937294105,0.003605578190351649
-0.009375000000000008,0.059375,-0.0014062563003637107,0.0033334583111535167
-0.009375000000000008,0.06562499999999999,-0.0009876270946681945,0.0030409366966294795
-0.009375000000000008,0.071875,-0.0006367418645558377,0.002739629504258658
-0.009375000000000008,0.078125,-0.00034607919226086587,0.002438367666540472
-0.009375000000000008,0.08437499999999999,-0.00010811097074917335,0.0021436214092107153
-0.009375000000000008,0.09062499999999998,8.434717659889749e-05,0.0018599283724285457
-0.009375000000000008,0.09687499999999999,0.00023792846536047305,0.001590289316681555
-0.009375000000000008,0.103125,0.00035861076146045175,0.0013365140037915877
-0.009375000000000008,0.109375,0.0004516833074612681,0.0010995118247578675
-0.009375000000000008,0.11562499999999999,0.0005217595462498938,0.0008795287976483888
-0.009375000000000008,0.12187499999999998,0.0005728178371345839,0.0006763362294039078
-0.009375000000000008,0.128125,0.0006082572338702889,0.0004893778442557934
-0.009375000000000008,0.13437499999999997,0.0006309596326417461,0.000317882404801121
-0.009375000000000008,0.140625,0.0006433526574509763,0.0001609483789048367
-0.009375000000000008,0.14687499999999998,0.0006474698364994394,1.7606410432258364e-05
-0.009375000000000008,0.153125,0.0006450061371643158,-0.00011313554213212792
-0.009375000000000008,0.159375,0.0006373679425904937,-0.00023226040380854972
-0.009375000000000008,0.16562499999999997,0.0006257172093079097,-0.00034072030468041835
-0.009375000000000008,0.171875,0.0006110099497871716,-0.00043942248324391024
-0.009375000000000008,0.17812499999999998,0.0005940294160261382,-0.0005292207886046665
-0.009375000000000008,0.18437499999999998,0.0005754144776558593,-0.0006109112526920532
-0.009375000000000008,0.190625,0.0005556837313568258,-0.0006852305663518883
-0.009375000000000008,0.19687499999999997,0.0005352558757716192,-0.0007528565788645038
-0.009375000000000008,0.203125,0.0005144668567092344,-0.0008144101629198231
-0.009375000000000008,0.20937499999999998,0.0004935842439387081,-0.0008704579586726272
-0.009375000000000008,0.21562499999999998,0.0004728192514454413,-0.000921515641703308
-0.009375000000000008,0.221875,0.000452336762764033,-0.0009680514592267342
-0.009375000000000008,0.22812499999999997,0.0004322636749143854,-0.0010104898537874466
-0.009375000000000008,0.234375,0.0004126958301835416,-0.0010492150495947867
-0.009375000000000008,0.24062499999999998,0.00039370376525550883,-0.0010845745180385333
-0.009375000000000008,0.24687499999999996,0.00037533747218114277,-0.0011168822692633952
-0.009375000000000008,0.253125,0.00035763033525442486,-0.0011464219386665881
-0.009375000000000008,0.25937499999999997,0.0003406023816910893,-0.0011734496528943046
-0.009375000000000008,0.265625,0.0003242629616733321,-0.0011981966709408186
-0.009375000000000008,0.271875,0.0003086129543848618,-0.001220871803509882
-0.009375000000000008,0.27812499999999996,0.0002936465806762208,-0.0012416636188003266
-0.009375000000000008,0.284375,0.0002793528895616647,-0.0012607424460190848
-0.009375000000000008,0.29062499999999997,0.0002657169744846345,-0.0012782621897252321
-0.009375000000000008,0.296875,0.00025272096586977116,-0.0012943619689564465
-0.009375000000000008,0.303125,0.00024034483861801656,-0.0013091675952728312
-0.009375000000000008,0.30937499999999996,0.0002285670666496528,-0.001322792903585158
-0.009375000000000008,0.315625,0.0002173651511461424,-0.0013353409490709435
-0.009375000000000008,0.32187499999999997,0.00020671604460535106,-0.001346905082735466
-0.009375000000000008,0.328125,0.00019659648905417357,-0.0013575699173268294
-0.009375000000000008,0.334375,0.00018698328362995827,-0.0013674121944217655
-0.009375000000000008,0.34062499999999996,0.000177853494140369,-0.0013765015626017324
-0.009375000000000008,0.34687499999999993,0.00016918461505092893,-0.0013849012757636964
-0.009375000000000008,0.35312499999999997,0.00016095469255584765,-0.0013926688197741
-0.009375000000000008,0.359375,0.00015314241589868102,-0.001399856474888409
-0.009375000000000008,0.365625,0.0001457271828732354,-0.0014065118206278732
-0.009375000000000008,0.37187499999999996,0.00013868914440897013,-0.0014126781891319158
-0.009375000000000008,0.37812499999999993,0.0001320092322933009,-0.0014183950723887623
-0.009375000000000008,0.38437499999999997,0.00012566917337607887,-0.0014236984881867204
-0.009375000000000008,0.390625,0.00011965149301455908,-0.0014286213091212236
-0.009375000000000008,0.396875,0.00011393951002998946,-0.0014331935585350387
-0.009375000000000008,0.40312499999999996,0.00010851732504266003,-0.0014374426768572076
-0.009375000000000008,0.40937499999999993,0.00010336980371681321,-0.0014413937614366809
-0.009375000000000008,0.41562499999999997,9.848255616858998e-05,-0.0014450697826354755
-0.009375000000000008,0.421875,9.384191355951677e-05,-0.0014484917786499946
-0.009375000000000008,0.428125,8.94349027068917e-05,-0.001451679031264536
-0.009375000000000008,0.43437499999999996,8.524921938414499e-05,-0.0014546492245048272
-0.009375000000000008,0.44062499999999993,8.127320085329368e-05,-0.0014574185879487498
-0.009375000000000008,0.44687499999999997,7.749579806336916e-05,-0.0014600020262636384
-0.009375000000000008,0.453125,7.390654785935781e-05,-0.001462413236372162
-0.009375000000000008,0.459375,7.049554547255786e-05,-0.0014646648134997216
-0.009375000000000008,0.46562499999999996,6.725341750268661e-05,-0.0014667683472234503
-0.009375000000000008,0.47187499999999993,6.417129555235325e-05,-0.0014687345085245972
-0.009375000000000008,0.47812499999999997,6.124079063381767e-05,-0.0014705731287406563
-0.009375000000000008,0.48437499999999994,5.8453968434747574e-05,-0.001472293271219665
-0.009375000000000008,0.490625,5.58033255026982e-05,-0.001473903296395391
-0.009375000000000008,0.49687499999999996,5.3281766386206145e-05,-0.001475410920927489
-0.009375000000000008,0.5031249999999999,5.088258175282382e-05,-0.0014768232714841428
-0.009375000000000008,0.5093749999999999,4.859942749039742e-05,-0.0014781469336853403
-0.009375000000000008,0.515625,4.642630478678203e-05,-0.001479387996671914
-0.009375000000000008,0.5218749999999999,4.4357541174491026e-05,-0.0014805520937181658
-0.009375000000000008,0.528125,4.238777252006184e-05,-0.0014816444392636069
-0.009375000000000008,0.534375,4.051192593283611e-05,-0.0014826698627015595
-0.009375000000000008,0.5406249999999999,3.8725203564096073e-05,-0.0014836328392285676
-0.009375000000000008,0.546875,3.702306726483656e-05,-0.0014845375180283227
-0.009375000000000008,0.5531249999999999,3.540122406866845e-05,-0.0014853877480367418
-0.009375000000000008,0.559375,3.385561246527962e-05,-0.0014861871015105748
-0.009375000000000008,0.565625,3.238238942938667e-05,-0.0014869388956001855
-0.009375000000000008,0.5718749999999999,3.0977918170068356e-05,-0.0014876462121076494
-0.009375000000000008,0.578125,2.9638756565695397e-05,-0.0014883119155938158
-0.009375000000000008,0.5843749999999999,2.8361646250272278e-05,-0.00148893866998227
-0.009375000000000008,0.590625,2.714350231782243e-05,-0.0014895289537940107
-0.009375000000000008,0.596875,2.5981403612429093e-05,-0.0014900850741339734
-0.005625000000000005,0.0031249999999999997,-0.009019318661015872,0.003246693826152377
-0.005625000000000005,0.009375,-0.007967463374360793,0.003917296625274361
-0.005625000000000005,0.015625,-0.006897991004728109,0.004372476330742009
-0.005625000000000005,0.021875,-0.005854953151316413,0.00463192462731175
-0.005625000000000005,0.028124999999999997,-0.00487143399789995,0.004723088416094527
-0.005625000000000005,0.034374999999999996,-0.003969486381655311,0.004676749473466272
-0.005625000000000005,0.040624999999999994,-0.0031613831023212416,0.004523574355501854
-0.005625000000000005,0.046875,-0.002451528543554662,0.004291802103332675
-0.005625000000000005,0.05312499999999999,-0.0018385199177276856,0.004005963640687093
-0.005625000000000005,0.059375,-0.0013170364404705048,0.003686398113725358
-0.005625000000000005,0.06562499999999999,-0.0008794000924363534,0.0033493087032116825
-0.005625000000000005,0.071875,-0.0005167674968672792,0.003007135652726684
-0.005625000000000005,0.078125,-0.00021997965986375132,0.002669080343880756
-0.005625000000000005,0.08437499999999999,1.9873122522079272e-05,0.0023416694380561055
-0.005625000000000005,0.09062499999999998,0.0002111064931263174,0.0020292928342319832
-0.005625000000000005,0.09687499999999999,0.000361257680674983,0.0017346813489392148
-0.005625000000000005,0.103125,0.00047701200872560717,0.0014593110685865549
-0.005625000000000005,0.109375,0.0005642018994995551,0.0012037338934909442
-0.005625000000000005,0.11562499999999999,0.0006278501684706389,0.0009678404911949504
-0.005625000000000005,0.12187499999999998,0.0006722377601739016,0.0007510648096449093
-0.005625000000000005,0.128125,0.0007009825216719125,0.0005525399936838161
-0.005625000000000005,0.13437499999999997,0.0007171203603808541,0.00037121502486532404
-0.005625000000000005,0.140625,0.000723183506490439,0.00020594031014491924
-0.005625000000000005,0.14687499999999998,0.0007212729178770204,5.552916176504246e-05
-0.005625000000000005,0.153125,0.0007131234055128498,-8.119915139972143e-05
-0.005625000000000005,0.159375,0.0007001610428490577,-0.0002053902387357527
-0.005625000000000005,0.16562499999999997,0.0006835530232695267,-0.00031813574089167265
-0.005625000000000005,0.171875,0.0006642504702138233,-0.000420462038439737
-0.005625000000000005,0.17812499999999998,0.0006430248740856384,-0.0005133244039189791
-0.005625000000000005,0.18437499999999998,0.0006204988908189612,-0.0005976050000828472
-0.005625000000000005,0.190625,0.0005971722314733197,-0.0006741135294236605
-0.005625000000000005,0.19687499999999997,0.0005734433288847975,-0.0007435896504955807
-0.005625000000000005,0.203125,0.0005496274047511742,-0.0008067065137735271
-0.005625000000000005,0.20937499999999998,0.0005259714903255597,-0.0008640749494393206
-0.005625000000000005,0.21562499999999998,0.0005026668832905267,-0.0009162479744233901
-0.005625000000000005,0.221875,0.00047985945649564967,-0.0009637253865599873
-0.005625000000000005,0.22812499999999997,0.0004576581731998006,-0.0010069582879828588
-0.005625000000000005,0.234375,0.00043614210914984735,-0.0010463534342570798
-0.005625000000000005,0.24062499999999998,0.0004153662343721167,-0.0010822773451302844
-0.005625000000000005,0.24687499999999996,0.0003953661666348998,-0.0011150601409669276
-0.005625000000000005,0.253125,0.00037616207361101467,-0.0011449990887793433
-0.005625000000000005,0.25937499999999997,0.0003577618711808392,-0.0011723618554693976
-0.005625000000000005,0.265625,0.00034016384040065173,-0.0011973894750878593
-0.005625000000000005,0.271875,0.00032335876477794257,-0.0012202990428379552
-0.005625000000000005,0.27812499999999996,0.00030733167205562365,-0.0012412861521150047
-0.005625000000000005,0.284375,0.00029206325018450914,-0.0012605270927686248
-0.005625000000000005,0.29062499999999997,0.0002775309950970069,-0.0012781808295022313
-0.005625000000000005,0.296875,0.00026371013788659906,-0.0012943907792566326
-0.005625000000000005,0.303125,0.0002505743907073907,-0.0013092864058299634
-0.005625000000000005,0.30937499999999996,0.0002380965438477234,-0.0013229846490599286
-0.005625000000000005,0.315625,0.0002262489407591696,-0.001335591204775258
-0.005625000000000005,0.32187499999999997,0.00021500385313404514,-0.0013472016705095677
-0.005625000000000005,0.328125,0.00020433377425150155,-0.001357902570730194
-0.005625000000000005,0.334375,0.00019421164561330608,-0.0013677722741127843
-0.005625000000000005,0.34062499999999996,0.0001846110292486626,-0.0013768818142192063
-0.005625000000000005,0.34687499999999993,0.00017550623588593933,-0.00138529562382996
-0.005625000000000005,0.35312499999999997,0.000166872417387807,-0.0013930721921527583
-0.005625000000000005,0.359375,0.0001586856303588013,-0.0014002646531807337
-0.005625000000000005,0.365625,0.00015092287660599502,-0.0014069213126072285
-0.005625000000000005,0.37187499999999996,0.0001435621251191346,-0.0014130861199172597
-0.005625000000000005,0.37812499999999993,0.00013658231939899873,-0.001418799091564687
-0.005625000000000005,0.38437499999999997,0.00012996337327111503,-0.001424096690504105
-0.005625000000000005,0.390625,0.0001236861577509538,-0.0014290121667722435
-0.005625000000000005,0.396875,0.00011773248105536517,-0.0014335758632997538
-0.005625000000000005,0.40312499999999996,0.00011208506346605366,-0.0014378154906752635
-0.005625000000000005,0.40937499999999993,0.00010672750843001767,-0.0014417563741743204
-0.005625000000000005,0.41562499999999997,0.00010164427101733991,-0.0014454216760013592
-0.005625000000000005,0.421875,9.682062463875872e-05,-0.001448832595368573
-0.005625000000000005,0.428125,9.22426267460284e-05,-0.0014520085487472946
-0.005625000000000005,0.43437499999999996,8.789708409053701e-05,-0.0014549673323713593
-0.005625000000000005,0.44062499999999993,8.377151799449134e-05,-0.001457725268844417
-0.005625000000000005,0.44687499999999997,7.985412998963144e-05,-0.0014602973395011424
-0.005625000000000005,0.453125,7.613376809715215e-05,-0.0014626973039929107
-0.005625000000000005,0.459375,7.259989395613973e-05,-0.00146493780840922
-0.005625000000000005,0.46562499999999996,6.924255095381084e-05,-0.0014670304831047017
-0.005625000000000005,0.47187499999999993,6.60523334670107e-05,-0.0014689860312759103
-0.005625000000000005,0.47812499999999997,6.302035728901947e-05,-0.001470814309220475
-0.005625000000000005,0.48437499999999994,6.01382312872507e-05,-0.001472524399111975
-0.005625000000000005,0.490625,5.739803031468898e-05,-0.0014741246750357131
-0.005625000000000005,0.49687499999999996,5.479226937988695e-05,-0.0014756228629520989
-0.005625000000000005,0.5031249999999999,5.2313879066186196e-05,-0.0014770260951845493
-0.005625000000000005,0.5093749999999999,4.995618217985066e-05,-0.0014783409599666542
-0.005625000000000005,0.515625,4.771287159842179e-05,-0.0014795735465279918
-0.005625000000000005,0.5218749999999999,4.557798928434855e-05,-0.0014807294861486273
-0.005625000000000005,0.528125,4.354590642441295e-05,-0.0014818139895683246
-0.005625000000000005,0.534375,4.161130465234238e-05,-0.0014828318810972318
-0.005625000000000005,0.5406249999999999,3.976915830999066e-05,-0.0014837876297397355
-0.005625000000000005,0.546875,3.801471770137191e-05,-0.0014846853776118614
-0.005625000000000005,0.5531249999999999,3.634349329344852e-05,-0.0014855289659045873
-0.005625000000000005,0.559375,3.4751240817757696e-05,-0.0014863219586203882
-0.005625000000000005,0.565625,3.323394722759285e-05,-0.00148706766428791
-0.005625000000000005,0.5718749999999999,3.1787817466419974e-05,-0.0014877691558395746
-0.005625000000000005,0.578125,3.0409262004434888e-05,-0.001488429288818928
-0.005625000000000005,0.5843749999999999,2.909488510157913e-05,-0.001489050718068383
-0.005625000000000005,0.590625,2.7841473756873484e-05,-0.0014896359130335227
-0.005625000000000005,0.596875,2.664598730556197e-05,-0.0014901871718071174
-0.0018750000000000017,0.0031249999999999997,-0.009715851835828555,0.003853306521385797
-0.0018750000000000017,0.009375,-0.008515395381239244,0.0045792485322578794
-0.0018750000000000017,0.015625,-0.007303581480823011,0.005053650618531143
-0.0018750000000000017,0.021875,-0.006132023907420535,0.005303045554729097
-0.0018750000000000017,0.028124999999999997,-0.00503808922851546,0.0053625611132229484
-0.0018750000000000017,0.034374999999999996,-0.004045337645478324,0.005270292281317465
-0.0018750000000000017,0.040624999999999994,-0.003165530680411049,0.005063139603335244
-0.0018750000000000017,0.046875,-0.002401303000278473,0.004774213827459121
-0.0018750000000000017,0.05312499999999999,-0.0017488516535372216,0.004431567261777694
-0.0018750000000000017,0.059375,-0.0012002766928279562,0.004057885000594863
-0.0018750000000000017,0.06562499999999999,-0.0007454279642012571,0.0036707788700042127
-0.0018750000000000017,0.071875,-0.0003732527584219452,0.00328339977739346
-0.0018750000000000017,0.078125,-7.271035462107301e-05,0.0029051707284160175
-0.0018750000000000017,0.08437499999999999,0.00016665550355314063,0.0025425182578605143
-0.0018750000000000017,0.09062499999999998,0.00035439631931257203,0.0021995362426694923
-0.0018750000000000017,0.09687499999999999,0.0004990139915623101,0.0018785535872075177
-0.0018750000000000017,0.103125,0.0006079312713077935,0.0015806000035828685
-0.0018750000000000017,0.109375,0.000687533178282704,0.0013057764522095283
-0.0018750000000000017,0.11562499999999999,0.0007432482113516201,0.0010535424604625758
-0.0018750000000000017,0.12187499999999998,0.0007796483895021869,0.0008229342115891503
-0.0018750000000000017,0.128125,0.0008005546556309017,0.0006127268101133649
-0.0018750000000000017,0.13437499999999997,0.0008091394621834552,0.00042155262135706016
-0.0018750000000000017,0.140625,0.0008080219571958763,0.0002479857178908822
-0.0018750000000000017,0.14687499999999998,0.0007993535562525062,9.060060636946867e-05
-0.0018750000000000017,0.153125,0.0007848931830426909,-5.1988270721514424e-05
-0.0018750000000000017,0.159375,0.0007660723621903671,-0.0001811011955448246
-0.0018750000000000017,0.16562499999999997,0.0007440508514961602,-0.000297978111015344
-0.0018750000000000017,0.171875,0.000719763746719961,-0.00040377088749221895
-0.0018750000000000017,0.17812499999999998,0.000693961076895016,-0.0004995407143230431
-0.0018750000000000017,0.18437499999999998,0.0006672408967199126,-0.0005862589823647822
-0.0018750000000000017,0.190625,0.0006400768174448383,-0.0006648104606198224
-0.0018750000000000017,0.19687499999999997,0.0006128408261740292,-0.0007359979006764354
-0.0018750000000000017,0.203125,0.000585822142614638,-0.0008005474503946163
-0.0018750000000000017,0.20937499999999998,0.0005592427621021608,-0.0008591144423903537
-0.0018750000000000017,0.21562499999999998,0.0005332702398329642,-0.0009122892585390065
-0.0018750000000000017,0.221875,0.0005080281863939993,-0.0009606030708086816
-0.0018750000000000017,0.22812499999999997,0.00048360486989681284,-0.0010045333304066167
-0.0018750000000000017,0.234375,0.00046006025525386143,-0.0010445089284785828
-0.0018750000000000017,0.24062499999999998,0.00043743175575856175,-0.0010809149877569488
-0.0018750000000000017,0.24687499999999996,0.0004157389252413858,-0.0011140972696123852
-0.0018750000000000017,0.253125,0.000394987279664517,-0.0011443661979291524
-0.0018750000000000017,0.25937499999999997,0.0003751714040824068,-0.001172000512332165
-0.0018750000000000017,0.265625,0.0003562774734926754,-0.0011972505702052083
-0.0018750000000000017,0.271875,0.0003382852933800242,-0.0012203413208783176
-0.0018750000000000017,0.27812499999999996,0.00032116994696548324,-0.0012414749772270248
-0.0018750000000000017,0.284375,0.00030490312066606696,-0.001260833410372147
-0.0018750000000000017,0.29062499999999997,0.00028945416649204056,-0.0012785802926708458
-0.0018750000000000017,0.296875,0.0002747909495925594,-0.0012948630130886034
-0.0018750000000000017,0.303125,0.0002608805205126635,-0.0013098143875800233
-0.0018750000000000017,0.30937499999999996,0.0002476896446178454,-0.0013235541854540545
-0.0018750000000000017,0.315625,0.0002351852153045172,-0.0013361904909737002
-0.0018750000000000017,0.32187499999999997,0.0002233345728204232,-0.0013478209177206434
-0.0018750000000000017,0.328125,0.00021210574658237503,-0.001358533691593069
-0.0018750000000000017,0.334375,0.00020146763564646357,-0.0013684086167321727
-0.0018750000000000017,0.34062499999999996,0.00019139013933201922,-0.0013775179372075127
-0.0018750000000000017,0.34687499999999993,0.00018184424782154997,-0.0013859271059418294
-0.0018750000000000017,0.35312499999999997,0.00017280210076959225,-0.0013936954711241513
-0.0018750000000000017,0.359375,0.00016423702048411873,-0.0014008768892433444
-0.0018750000000000017,0.365625,0.00015612352503758934,-0.0014075202728675276
-0.0018750000000000017,0.37187499999999996,0.0001484373256739604,-0.0014136700803910533
-0.0018750000000000017,0.37812499999999993,0.00014115531206444743,-0.0014193667541622745
-0.0018750000000000017,0.38437499999999997,0.00013425552829697453,-0.00142464711268406
-0.0018750000000000017,0.390625,0.00012771714193609781,-0.0014295447019369364
-0.0018750000000000017,0.396875,0.00012152040804046943,-0.0014340901103041463
-0.0018750000000000017,0.40312499999999996,0.00011564662965613768,-0.0014383112510715345
-0.0018750000000000017,0.40937499999999993,0.00011007811600178291,-0.0014422336160262198
-0.0018750000000000017,0.41562499999999997,0.00010479813931457556,-0.0014458805032803175
-0.0018750000000000017,0.421875,9.979089112299975e-05,-0.0014492732220938425
-0.0018750000000000017,0.428125,9.504143854772793e-05,-0.0014524312771592692
-0.0018750000000000017,0.43437499999999996,9.053568109689504e-05,-0.0014553725345344344
-0.0018750000000000017,0.44062499999999993,8.626030831248807e-05,-0.0014581133711664552
-0.0018750000000000017,0.44687499999999997,8.220275853558307e-05,-0.0014606688097333958
-0.0018750000000000017,0.453125,7.835117898616314e-05,-0.001463052640339319
-0.0018750000000000017,0.459375,7.469438729519892e-05,-0.0014652775304291987
-0.0018750000000000017,0.46562499999999996,7.122183458008496e-05,-0.0014673551241403693
-0.0018750000000000017,0.47187499999999993,6.79235701173356e-05,-0.001469296132174507
-0.0018750000000000017,0.47812499999999997,6.479020763696018e-05,-0.001471110413156548
-0.0018750000000000017,0.48437499999999994,6.181289323975774e-05,-0.001472807047342694
-0.0018750000000000017,0.490625,5.898327492074462e-05,-0.0014743944034471817
-0.0018750000000000017,0.49687499999999996,5.6293473668101606e-05,-0.001475880199275406
-0.0018750000000000017,0.5031249999999999,5.373605609661231e-05,-0.0014772715567781033
-0.0018750000000000017,0.5093749999999999,5.13040085669243e-05,-0.0014785750520765245
-0.0018750000000000017,0.515625,4.899071273655635e-05,-0.0014797967609509381
-0.0018750000000000017,0.5218749999999999,4.678992248496772e-05,-0.0014809423002335644
-0.0018750000000000017,0.528125,4.46957421528353e-05,-0.0014820168655014228
-0.0018750000000000017,0.534375,4.2702606034660164e-05,-0.0014830252654239294
-0.0018750000000000017,0.5406249999999999,4.080525906369505e-05,-0.0014839719530838535
-0.0018750000000000017,0.546875,3.89987386287629e-05,-0.0014848610545579123
-0.0018750000000000017,0.5531249999999999,3.7278357463650766e-05,-0.0014856963950144269
-0.0018750000000000017,0.559375,3.5639687551283955e-05,-0.0014864815225596843
-0.0018750000000000017,0.565625,3.407854498671149e-05,-0.0014872197300416004
-0.0018750000000000017,0.5718749999999999,3.2590975744966736e-05,-0.0014879140749986574
-0.0018750000000000017,0.578125,3.117324230204867e-05,-0.0014885673979236303
-0.0018750000000000017,0.5843749999999999,2.982181105953635e-05,-0.0014891823389950821
-0.0018750000000000017,0.590625,2.8533340525657144e-05,-0.0014897613534147719
-0.0018750000000000017,0.596875,2.7304670207949768e-05,-0.0014903067254758246
0.0018750000000000017,0.0031249999999999997,-0.010466716740921185,0.0045537812641723
0.0018750000000000017,0.009375,-0.009092375473038962,0.005336515268767132
0.0018750000000000017,0.015625,-0.007716566631569999,0.005824874270976823
0.0018750000000000017,0.021875,-0.00639961232975834,0.006054576119385627
0.0018750000000000017,0.028124999999999997,-0.005183313489071375,0.006070593389176518
0.0018750000000000017,0.034374999999999996,-0.004092236157729349,0.005920024796724958
0.0018750000000000017,0.040624999999999994,-0.0031368076459400464,0.005647146811857346
0.0018750000000000017,0.046875,-0.0023169961900150874,0.005290595620203918
0.0018750000000000017,0.05312499999999999,-0.00162577707408994,0.004882227940212858
0.0018750000000000017,0.059375,-0.0010519931226916823,0.004447109662431429
0.0018750000000000017,0.06562499999999999,-0.0005825029047703406,0.004004149931398396
0.0018750000000000017,0.071875,-0.00020367064460870393,0.0035670269688981193
0.0018750000000000017,0.078125,9.768002299169682e-05,0.0031451785545111945
0.0018750000000000017,0.08437499999999999,0.0003337137537028777,0.0027447293939950076
0.0018750000000000017,0.09062499999999998,0.0005153126671459165,0.0023692956109968018
0.0018750000000000017,0.09687499999999999,0.0006519913771594196,0.00202064843309418
0.0018750000000000017,0.103125,0.0007519270013445287,0.001699242209449683
0.0018750000000000017,0.109375,0.0008220544003495955,0.0014046228104089916
0.0018750000000000017,0.11562499999999999,0.0008681933380266521,0.0011357361520978166
0.0018750000000000017,0.12187499999999998,0.0008951862938408988,0.0008911563701813003
0.0018750000000000017,0.128125,0.0009070340872556654,0.0006692510898128248
0.0018750000000000017,0.13437499999999997,0.0009070221537668527,0.0004682984914694925
0.0018750000000000017,0.140625,0.00089783400313436,0.00028656808988977776
0.0018750000000000017,0.14687499999999998,0.0008816506943838291,0.00012237462801942896
0.0018750000000000017,0.153125,0.0008602365287127884,-2.5887646777062942e-05
0.0018750000000000017,0.159375,0.0008350119123287609,-0.00015972479746344725
0.0018750000000000017,0.16562499999999997,0.0008071146999112452,-0.0002805329567645604
0.0018750000000000017,0.171875,0.0007774514470632415,-0.0003895949581469867
0.0018750000000000017,0.17812499999999998,0.0007467399768075982,-0.00048808158660044185
0.0018750000000000017,0.18437499999999998,0.0007155445654596808,-0.0005770558183946766
0.0018750000000000017,0.190625,0.0006843049176447454,-0.0006574788834547467
0.0018750000000000017,0.19687499999999997,0.0006533599534586389,-0.0007302173281965571
0.0018750000000000017,0.203125,0.0006229672870374283,-0.0007960505094985552
0.0018750000000000017,0.20937499999999998,0.0005933191427198553,-0.0008556781345780221
0.0018750000000000017,0.21562499999999998,0.0005645553360476846,-0.0009097275943355945
0.0018750000000000017,0.221875,0.0005367738430662487,-0.0009587609325254485
0.0018750000000000017,0.22812499999999997,0.0005100393923558918,-0.001003281359943086
0.0018750000000000017,0.234375,0.000484390438792966,-0.0010437392692253782
0.0018750000000000017,0.24062499999999998,0.0004598448147215463,-0.0010805377374348626
0.0018750000000000017,0.24687499999999996,0.00043640430144279666,-0.0011140375245039854
0.0018750000000000017,0.253125,0.00041405832017951726,-0.001144561588902938
0.0018750000000000017,0.25937499999999997,0.00039278690555594935,-0.0011723991498074576
0.0018750000000000017,0.265625,0.00037256309491108763,-0.001197809329213052
0.0018750000000000017,0.271875,0.00035335484236466284,-0.00122102440905206
0.0018750000000000017,0.27812499999999996,0.00033512654656244514,-0.0012422527382707814
0.0018750000000000017,0.284375,0.0003178402646683916,-0.0012616813236227963
0.0018750000000000017,0.29062499999999997,0.00030145667179860196,-0.0012794781360610133
0.0018750000000000017,0.296875,0.0002859358141686626,-0.0012957941623647348
0.0018750000000000017,0.303125,0.00027123769530749254,-0.0013107652292251252
0.0018750000000000017,0.30937499999999996,0.0002573227274114184,-0.0013245136245716156
0.0018750000000000017,0.315625,0.0002441520739716536,-0.0013371495385432442
0.0018750000000000017,0.32187499999999997,0.00023168790496063841,-0.0013487723442490397
0.0018750000000000017,0.328125,0.00021989358190672328,-0.0013594717363525934
0.0018750000000000017,0.334375,0.00020873378695820537,-0.001369328743573739
0.0018750000000000017,0.34062499999999996,0.00019817460740275997,-0.0013784166294294555
0.0018750000000000017,0.34687499999999993,0.00018818358495754822,-0.0013868016939339194
0.0018750000000000017,0.35312499999999997,0.00017872973738966913,-0.0013945439875368013
0.0018750000000000017,0.359375,0.00016978355859351463,-0.0014016979472891884
0.0018750000000000017,0.365625,0.00016131700208181103,-0.0014083129640764477
0.0018750000000000017,0.37187499999999996,0.00015330345189241257,-0.0014144338887348013
0.0018750000000000017,0.37812499999999993,0.0001457176841339024,-0.0014201014839613445
0.0018750000000000017,0.38437499999999997,0.00013853582175764098,-0.0014253528281241335
0.0018750000000000017,0.390625,0.00013173528462588155,-0.0014302216763688734
0.0018750000000000017,0.396875,0.00012529473652353774,-0.0014347387837915812
0.0018750000000000017,0.40312499999999996,0.00011919403041767734,-0.001438932194893107
0.0018750000000000017,0.40937499999999993,0.00011341415298952279,-0.0014428275030431968
0.0018750000000000017,0.41562499999999997,0.00010793716923698796,-0.0014464480832513242
0.0018750000000000017,0.421875,0.00010274616776202229,-0.0014498153011620364
0.0018750000000000017,0.428125,9.782520720842007e-05,-0.001452948700858039
0.0018750000000000017,0.43437499999999996,9.315926419590722e-05,-0.001455866173759328
0.0018750000000000017,0.44062499999999993,8.873418299996334e-05,-0.0014585841106466231
0.0018750000000000017,0.44687499999999997,8.453662714969207e-05,-0.0014611175386079868
0.0018750000000000017,0.453125,8.055403305458012e-05,-0.0014634802445051395
0.0018750000000000017,0.459375,7.67745657222983e-05,-0.0014656848863773353
0.0018750000000000017,0.46562499999999996,7.318707659142689e-05,-0.0014677430940429022
0.0018750000000000017,0.47187499999999993,6.978106347318142e-05,-0.0014696655600191571
0.0018750000000000017,0.47812499999999997,6.654663257328935e-05,-0.0014714621217581632
0.0018750000000000017,0.48437499999999994,6.3474462547807e-05,-0.0014731418360867876
0.0018750000000000017,0.490625,6.055577053380174e-05,-0.0014747130466429997
0.0018750000000000017,0.49687499999999996,5.7782280086583534e-05,-0.0014761834450148965
0.0018750000000000017,0.5031249999999999,5.5146190948822255e-05,-0.0014775601262131547
0.0018750000000000017,0.5093749999999999,5.264015057285971e-05,-0.0014788496390404238
0.0018750000000000017,0.515625,5.025722731532581e-05,-0.001480058031861522
0.0018750000000000017,0.5218749999999999,4.7990885222411486e-05,-0.001481190894225309
0.0018750000000000017,0.528125,4.5834960324514234e-05,-0.0014822533947420234
0.0018750000000000017,0.534375,4.378363836020182e-05,-0.0014832503155779602
0.0018750000000000017,0.5406249999999999,4.1831433851313246e-05,-0.0014841860838920864
0.0018750000000000017,0.546875,3.997317045338003e-05,-0.0014850648005059462
0.0018750000000000017,0.5531249999999999,3.8203962508253506e-05,-0.0014858902660685924
0.0018750000000000017,0.559375,3.651919772876136e-05,-0.0014866660049518445
0.0018750000000000017,0.565625,3.491452094830565e-05,-0.0014873952870875667
0.0018750000000000017,0.5718749999999999,3.338581887147388e-05,-0.0014880811479375754
0.0018750000000000017,0.578125,3.192920576492331e-05,-0.0014887264067679133
0.0018750000000000017,0.5843749999999999,3.054101003096415e-05,-0.0014893336833823533
0.0018750000000000017,0.590625,2.9217761609378982e-05,-0.0014899054134548757
0.0018750000000000017,0.596875,2.7956180156055833e-05,-0.0014904438625873088
0.005625000000000005,0.0031249999999999997,-0.011274251178779466,0.005365630733956286
0.005625000000000005,0.009375,-0.009695840246278672,0.006205000485630167
0.005625000000000005,0.015625,-0.008130973868245761,0.006699193405091654
0.005625000000000005,0.021875,-0.006649850475224961,0.006896262175612882
0.005625000000000005,0.028124999999999997,-0.005298597263153164,0.006853772994139149
0.005625000000000005,0.034374999999999996,-0.0041019178277578675,0.00662984858020522
0.005625000000000005,0.040624999999999994,-0.0030677297975808373,0.0062774050293274465
0.005625000000000005,0.046875,-0.00219215869706149,0.005841244583149602
0.005625000000000005,0.05312499999999999,-0.0014639432946726753,0.005357228995707335
0.005625000000000005,0.059375,-0.0008678737137317282,0.004852733949610879
0.005625000000000005,0.06562499999999999,-0.0003872373343791576,0.004347751741351404
0.005625000000000005,0.071875,-5.418611747983006e-06,0.0038562169719763523
0.005625000000000005,0.078125,0.0002931485964598141,0.0033873065368788956
0.005625000000000005,0.08437499999999999,0.0005224872907077117,0.0029465905717501423
0.005625000000000005,0.09062499999999998,0.0006948878118184078,0.0025369895630553137
0.005625000000000005,0.09687499999999999,0.0008209072114326718,0.0021595367382934447
0.005625000000000005,0.103125,0.000909476618454847,0.0018139661238451045
0.005625000000000005,0.109375,0.00096806272726659,0.0014991544978567107
0.005625000000000005,0.11562499999999999,0.0010028492641778928,0.001213446060194219
0.005625000000000005,0.12187499999999998,0.0010189179838897815,0.0009548857980821966
0.005625000000000005,0.128125,0.0010204178703653941,0.0007213834155704248
0.005625000000000005,0.13437499999999997,0.0010107170643839248,0.0005108254572905387
0.005625000000000005,0.140625,0.0009925356359640478,0.00032114942380189956
0.005625000000000005,0.14687499999999998,0.0009680594172960949,0.00015039044192310144
0.005625000000000005,0.153125,0.0009390362419515995,-3.291559905205417e-06
0.005625000000000005,0.159375,0.000906856461384636,-0.00014159827249077988
0.005625000000000005,0.16562499999999997,0.0008726197709549898,-0.0002660887009990141
0.005625000000000005,0.171875,0.000837190331104961,-0.00037818100511487034
0.005625000000000005,0.17812499999999998,0.0008012420137263181,-0.0004791582460182127
0.005625000000000005,0.18437499999999998,0.000765295399878792,-0.0005701764603091098
0.005625000000000005,0.190625,0.0007297479387881541,-0.0006522739629003727
0.005625000000000005,0.19687499999999997,0.0006948984695656196,-0.0007263811304047076
0.005625000000000005,0.203125,0.0006609671165942149,-0.0007933301677245043
0.005625000000000005,0.20937499999999998,0.0006281114012883585,-0.0008538645392864586
0.005625000000000005,0.21562499999999998,0.0005964392677341565,-0.0009086478721125729
0.005625000000000005,0.221875,0.0005660195964332146,-0.0009582722251876747
0.005625000000000005,0.22812499999999997,0.0005368906769343332,-0.0010032656791025732
0.005625000000000005,0.234375,0.0005090670241167123,-0.0010440992396103554
0.005625000000000005,0.24062499999999998,0.00048254485182895975,-0.001081193074298075
0.005625000000000005,0.24687499999999996,0.00045730645918521767,-0.001114922117240045
0.005625000000000005,0.253125,0.0004333237370038307,-0.0011456210852933836
0.005625000000000005,0.25937499999999997,0.00041056096284037056,-0.0011735889538005437
0.005625000000000005,0.265625,0.00038897702127262124,-0.0011990929404334008
0.005625000000000005,0.271875,0.0003685271602399458,-0.0012223720448518783
0.005625000000000005,0.27812499999999996,0.00034916437323883405,-0.0012436401895316324
0.005625000000000005,0.284375,0.00033084048013311425,-0.0012630890040774088
0.005625000000000005,0.29062499999999997,0.0003135069655132685,-0.001280890291949089
0.005625000000000005,0.296875,0.00029711562233024504,-0.00129719821503235
0.005625000000000005,0.303125,0.00028161903944203865,-0.001312151228045762
0.005625000000000005,0.30937499999999996,0.0002669709643447657,-0.0013258737914910953
0.005625000000000005,0.315625,0.000253126566388024,-0.0013384778887817251
0.005625000000000005,0.32187499999999997,0.00024004262093249373,-0.001350064370354765
0.005625000000000005,0.328125,0.00022767763098169845,-0.0013607241449960685
0.005625000000000005,0.334375,0.00021599189963597882,-0.0013705392362809777
0.005625000000000005,0.34062499999999996,0.00020494756413448083,-0.0013795837199473539
0.005625000000000005,0.34687499999999993,0.00019450860015652206,-0.0013879245561558154
0.005625000000000005,0.35312499999999997,0.00018464080335492237,-0.0013956223289378162
0.005625000000000005,0.359375,0.00017531175371616824,-0.001402731903666796
0.005625000000000005,0.365625,0.00016649076722516018,-0.0014093030120927406
0.005625000000000005,0.37187499999999996,0.00015814883840679708,-0.001415380773338532
0.005625000000000005,0.37812499999999993,0.000150258576583048,-0.0014210061582508318
0.005625000000000005,0.38437499999999997,0.00014279413809024105,-0.0014262164036136613
0.005625000000000005,0.390625,0.00013573115622090673,-0.0014310453819553564
0.005625000000000005,0.396875,0.00012904667026640245,-0.0014355239319965999
0.005625000000000005,0.40312499999999996,0.00012271905472347467,-0.0014396801541874927
0.005625000000000005,0.40937499999999993,0.00011672794947583671,-0.0014435396752550233
0.005625000000000005,0.41562499999999997,0.00011105419155935353,-0.0014471258852199577
0.005625000000000005,0.421875,0.00010567974895723922,-0.0014504601499361713
0.005625000000000005,0.428125,0.00010058765674221709,-0.0014535620018488425
0.005625000000000005,0.43437499999999996,9.576195577972303e-05,-0.0014564493113546199
0.005625000000000005,0.44062499999999993,9.118763412491647e-05,-0.0014591384408714752
0.005625000000000005,0.44687499999999997,8.68505711824169e-05,-0.0014616443834837782
0.005625000000000005,0.453125,8.273748464797654e-05,-0.0014639808878150347
0.005625000000000005,0.459375,7.883588021300795e-05,-0.001466160570593137
0.005625000000000005,0.46562499999999996,7.513400398380056e-05,-0.0014681950182077082
0.005625000000000005,0.47187499999999993,7.162079754557454e-05,-0.0014700948784134443
0.005625000000000005,0.47812499999999997,6.828585558576642e-05,-0.001471869943204839
0.005625000000000005,0.48437499999999994,6.511938597992044e-05,-0.0014735292237742425
0.005625000000000005,0.490625,6.211217223630061e-05,-0.0014750810183649693
0.005625000000000005,0.49687499999999996,5.9255538191053e-05,-0.0014765329737425838
0.005625000000000005,0.5031249999999999,5.654131484378424e-05,-0.0014778921409290843
0.005625000000000005,0.5093749999999999,5.396180922327601e-05,-0.0014791650257753005
0.005625000000000005,0.515625,5.1509775174290084e-05,-0.001480357634885294
0.005625000000000005,0.5218749999999999,4.917838595870665e-05,-0.001481475517352013
0.005625000000000005,0.528125,4.696120856729956e-05,-0.0014825238027150105
0.005625000000000005,0.534375,4.4852179642074474e-05,-0.0014835072355080356
0.005625000000000005,0.5406249999999999,4.28455829130944e-05,-0.0014844302067260576
0.005625000000000005,0.546875,4.093602805796647e-05,-0.0014852967825072613
0.005625000000000005,0.5531249999999999,3.9118430896543226e-05,-0.0014861107302952534
0.005625000000000005,0.559375,3.7387994837820236e-05,-0.001486875542719714
0.005625000000000005,0.565625,3.574019350042696e-05,-0.0014875944594096517
0.005625000000000005,0.5718749999999999,3.417075443244981e-05,-0.0014882704869319152
0.005625000000000005,0.578125,3.26756438605667e-05,-0.0014889064170284176
0.005625000000000005,0.5843749999999999,3.125105240257839e-05,-0.001489504843308353
0.005625000000000005,0.590625,2.9893381681371184e-05,-0.0014900681765363287
0.005625000000000005,0.596875,2.859923178213449e-05,-0.0014905986586435762
0.009374999999999994,0.0031249999999999997,-0.012139668696318289,0.006310146094163201
0.009374999999999994,0.009375,-0.01032113806662394,0.007203462942516581
0.009374999999999994,0.015625,-0.008538353015438616,0.007691431002225172
0.009374999999999994,0.021875,-0.006872453248351788,0.00783866107963999
0.009374999999999994,0.028124999999999997,-0.00537334370744936,0.007718774649424531
0.009374999999999994,0.034374999999999996,-0.004064470648424324,0.007403287159476062
0.009374999999999994,0.040624999999999994,-0.0029496053394046547,0.006955098504210224
0.009374999999999994,0.046875,-0.0020195166015723187,0.006425743364416182
0.009374999999999994,0.05312499999999999,-0.0012574774896488008,0.005855149076743952
0.009374999999999994,0.059375,-0.0006433130703879583,0.005272779442526203
0.009374999999999994,0.06562499999999999,-0.00015610973478238566,0.004699362183284579
0.009374999999999994,0.071875,0.00022413341840425043,0.004148710777088865
0.009374999999999994,0.078125,0.0005156131257275037,0.003629386274862234
0.009374999999999994,0.08437499999999999,0.0007343373752988239,0.0031460955370487043
0.009374999999999994,0.09062499999999998,0.0008940562818577711,0.0027008078142191807
0.009374999999999994,0.09687499999999999,0.0010063741349735267,0.002293613747462463
0.009374999999999994,0.103125,0.0010809537152456751,0.001923367308620096
0.009374999999999994,0.109375,0.001125757038908636,0.0015881538664401008
0.009374999999999994,0.11562499999999999,0.0011472894264441863,0.001285623728045329
0.009374999999999994,0.12187499999999998,0.0011508287345137907,0.0010132242461988981
0.009374999999999994,0.128125,0.0011406310212367225,0.0007683569992522855
0.009374999999999994,0.13437499999999997,0.0011201096140769937,0.0005484805966716622
0.009374999999999994,0.140625,0.0010919878102887213,0.00035117467672579096
0.009374999999999994,0.14687499999999998,0.0010584271568762503,0.000174176675460146
0.009374999999999994,0.153125,0.0010211340289640756,1.5399853436854965e-05
0.009374999999999994,0.159375,0.0009814474419042513,-0.00012706128042819578
0.009374999999999994,0.16562499999999997,0.0009404109405804098,-0.0002549337611547106
0.009374999999999994,0.171875,0.0008988311619886771,-0.00036977408110356984
0.009374999999999994,0.17812499999999998,0.0008573253558080586,-0.00047297907131262475
0.009374999999999994,0.18437499999999998,0.0008163598248744213,-0.0005657982775929541
0.009374999999999994,0.190625,0.000776280941539761,-0.0006493468446270666
0.009374999999999994,0.19687499999999997,0.0007373401203917309,-0.0007246182659024444
0.009374999999999994,0.203125,0.0006997138876192245,-0.0007924965988629771
0.009374999999999994,0.20937499999999998,0.0006635199824636407,-0.0008537679118944858
0.009374999999999994,0.21562499999999998,0.0006288302541856277,-0.0009091308437811673
0.009374999999999994,0.221875,0.0005956809751625138,-0.0009592062324697382
0.009374999999999994,0.22812499999999997,0.0005640810731441178,-0.0010045458195156202
0.009374999999999994,0.234375,0.00053401868948165,-0.0010456400675035076
0.009374999999999994,0.24062499999999998,0.0005054663917898489,-0.0010829251457982808
0.009374999999999994,0.24687499999999996,0.000478385305916293,-0.0011167891492998485
0.009374999999999994,0.253125,0.0004527283806263138,-0.0011475776183565458
0.009374999999999994,0.25937499999999997,0.0004284429568372547,-0.0011755984276813106
0.009374999999999994,0.265625,0.00040547277969812744,-0.0012011261094380947
0.009374999999999994,0.271875,0.0003837595647826608,-0.0012244056716050147
0.009374999999999994,0.27812499999999996,0.0003632442078958051,-0.0012456559679430213
0.009374999999999994,0.284375,0.00034386771046901433,-0.0012650726708491984
0.009374999999999994,0.29062499999999997,0.0003255718784136371,-0.0012828308933411797
0.009374999999999994,0.296875,0.0003082998409480394,-0.001299087501583615
0.009374999999999994,0.303125,0.0002919964267751241,-0.0013139831548346081
0.009374999999999994,0.30937499999999996,0.0002766084276296899,-0.0013276441055141783
0.009374999999999994,0.315625,0.0002620847732912708,-0.0013401837882987943
0.009374999999999994,0.32187499999999997,0.0002483766373876078,-0.0013517042237247824
0.009374999999999994,0.328125,0.0002354374894716027,-0.0013622972587240467
0.009374999999999994,0.334375,0.00022322310575957396,-0.0013720456637952212
0.009374999999999994,0.34062499999999996,0.00021169154842542523,-0.001381024104105165
0.009374999999999994,0.34687499999999993,0.00020080312133705878,-0.0013892999996910303
0.009374999999999994,0.35312499999999997,0.00019052030850397292,-0.0013969342880636524
0.009374999999999994,0.359375,0.00018080770020280733,-0.0014039821008713222
0.009374999999999994,0.365625,0.00017163191069974207,-0.001410493364843662
0.009374999999999994,0.37187499999999996,0.00016296149064603716,-0.0014165133359748175
0.009374999999999994,0.37812499999999993,0.0001547668365460683,-0.001422083074802131
0.009374999999999994,0.38437499999999997,0.0001470200991540738,-0.0014272398696718225
0.009374999999999994,0.390625,0.00013969509222072987,-0.0014320176140397516
0.009374999999999994,0.396875,0.00013276720266282993,-0.001436447143118043
0.009374999999999994,0.40312499999999996,0.00012621330295195502,-0.0014405565345337506
0.009374999999999994,0.40937499999999993,0.0001200116662975127,-0.0014443713771021122
0.009374999999999994,0.41562499999999997,0.00011414188502489972,-0.0014479150113239792
0.009374999999999994,0.421875,0.00010858479241193068,-0.0014512087447856432
0.009374999999999994,0.428125,0.00010332238813886696,-0.0014542720452616824
0.009374999999999994,0.43437499999999996,9.83377674235609e-05,-0.0014571227139907176
0.009374999999999994,0.44062499999999993,9.361505384868268e-05,-0.0014597770413040858
0.009374999999999994,0.44687499999999997,8.913933583889313e-05,-0.0014622499465332573
0.009374999999999994,0.453125,8.489660670909066e-05,-0.0014645551038987101
0.009374999999999994,0.459375,8.087370817797345e-05,-0.001466705055887071
0.009374999999999994,0.46562499999999996,7.70582772221087e-05,-0.0014687113154511105
0.009374999999999994,0.47187499999999993,7.343869613284214e-05,-0.0014705844582157271
0.009374999999999994,0.47812499999999997,7.000404563039931e-05,-0.0014723342057397085
0.009374999999999994,0.48437499999999994,6.67440608853501e-05,-0.0014739695007655819
0.009374999999999994,0.490625,6.364909029637812e-05,-0.0014754985752862778
0.009374999999999994,0.49687499999999996,6.071005687432231e-05,-0.001476929012165911
0.009374999999999994,0.5031249999999999,5.791842208518101e-05,-0.0014782678009712343
0.009374999999999994,0.5093749999999999,5.52661520087562e-05,-0.0014795213885989312
0.009374999999999994,0.515625,5.274568567450226e-05,-0.0014806957252207523
0.009374999999999994,0.5218749999999999,5.034990544165707e-05,-0.001481796306012566
0.009374999999999994,0.528125,4.8072109296647345e-05,-0.0014828282090838083
0.009374999999999994,0.534375,4.590598494690681e-05,-0.0014837961299798402
0.009374999999999994,0.5406249999999999,4.384558559647966e-05,-0.001484704413090665
0.009374999999999994,0.546875,4.188530729501248e-05,-0.0014855570802647551
0.009374999999999994,0.5531249999999999,4.001986775787455e-05,-0.0014863578568958717
0.009374999999999994,0.559375,3.824428656113412e-05,-0.001487110195723282
0.009374999999999994,0.565625,3.6553866620919694e-05,-0.0014878172985613005
0.009374999999999994,0.5718749999999999,3.4944176872268686e-05,-0.00148848213615225
0.009374999999999994,0.578125,3.3411036067902404e-05,-0.0014891074663174564
0.009374999999999994,0.5843749999999999,3.1950497622447796e-05,-0.001489695850563491
0.009374999999999994,0.590625,3.0558835432446395e-05,-0.0014902496692853233
0.009374999999999994,0.596875,2.923253060705454e-05,-0.0014907711356941205
0.013124999999999998,0.0031249999999999997,-0.013062294988068025,0.007413267884483562
0.013124999999999998,0.009375,-0.010960636451477533,0.00835396491175042
0.013124999999999998,0.015625,-0.008926965141782296,0.00881826468173187
0.013124999999999998,0.021875,-0.007054097949615297,0.008892974800869783
0.013124999999999998,0.028124999999999997,-0.005394459935189154,0.008672075884161475
0.013124999999999998,0.034374999999999996,-0.003968107130608086,0.008243177922058762
0.013124999999999998,0.040624999999999994,-0.0027724394385097288,0.007680508224880662
0.013124999999999998,0.046875,-0.0017909608538224152,0.007042733927556662
0.013124999999999998,0.05312499999999999,-0.001000023971660564,0.006373691521486513
0.013124999999999998,0.059375,-0.0003734716244384924,0.005704506136891323
0.013124999999999998,0.06562499999999999,0.0001144699111543316,0.005056125463939836
0.013124999999999998,0.071875,0.00048758027146537686,0.004441738699770775
0.013124999999999998,0.078125,0.0007668961631927785,0.00386884765788266
0.013124999999999998,0.08437499999999999,0.0009704997266692622,0.0033409281120268856
0.013124999999999998,0.09062499999999998,0.0011136159124575467,0.00285870489719807
0.013124999999999998,0.09687499999999999,0.0012088687663441063,0.002421098928254055
0.013124999999999998,0.103125,0.0012666033491452598,0.0020259119134734866
0.013124999999999998,0.109375,0.0012952186841488312,0.0016703095261812904
0.013124999999999998,0.11562499999999999,0.0013014821529597088,0.0013511540732719087
0.013124999999999998,0.12187499999999998,0.0012908112717038296,0.001065227236554641
0.013124999999999998,0.128125,0.001267517966641111,0.0008093740139917399
0.013124999999999998,0.13437499999999997,0.0012350156075937877,0.0005805911475136745
0.013124999999999998,0.140625,0.0011959916915550198,0.0003760771316972454
0.013124999999999998,0.14687499999999998,0.0011525502057043472,0.00019325616072787886
0.013124999999999998,0.153125,0.0011063279794622958,2.9784827542525755e-05
0.013124999999999998,0.159375,0.0010585891556925452,-0.00011645221825993743
0.013124999999999998,0.16562499999999997,0.001010301510396778,-0.0002473533407403611
0.013124999999999998,0.171875,0.0009621978671024438,-0.00036461476340986926
0.013124999999999998,0.17812499999999998,0.0009148253636249168,-0.00046974720520973697
0.013124999999999998,0.18437499999999998,0.0008685848745326575,-0.000564093002929986
0.013124999999999998,0.190625,0.0008237624899096937,-0.0006488428915696867
0.013124999999999998,0.19687499999999997,0.0007805546048050997,-0.0007250519417902302
0.013124999999999998,0.203125,0.0007390878822682358,-0.0007936543764227573
0.013124999999999998,0.20937499999999998,0.000699435111013021,-0.0008554771368883744
0.013124999999999998,0.21562499999999998,0.000661627780197281,-0.0009112521675867545
0.013124999999999998,0.221875,0.000625666032057,-0.000961627447663086
0.013124999999999998,0.22812499999999997,0.0005915265221334869,-0.0010071768363322671
0.013124999999999998,0.234375,0.0005591686111836047,-0.0010484088180676933
0.013124999999999998,0.24062499999999998,0.0005285392279314528,-0.0010857742430228608
0.013124999999999998,0.24687499999999996,0.0004995766736995961,-0.0011196731599285806
0.013124999999999998,0.253125,0.00047221358541164204,-0.00115046083607753
0.013124999999999998,0.25937499999999997,0.0004463792298306832,-0.0011784530537033249
0.013124999999999998,0.265625,0.0004220012670300926,-0.001203930765318768
0.013124999999999998,0.271875,0.00039900709323808885,-0.0012271441832156845
0.013124999999999998,0.27812499999999996,0.0003773248509494103,-0.0012483163708754872
0.013124999999999998,0.284375,0.0003568841764284289,-0.0012676463968241487
0.013124999999999998,0.29062499999999997,0.0003376167405349966,-0.0012853121046807353
0.013124999999999998,0.296875,0.0003194566274657316,-0.0013014725468964744
0.013124999999999998,0.303125,0.0003023405869432636,-0.001316270124002834
0.013124999999999998,0.30937499999999996,0.00028620818814470184,-0.0013298324660846869
0.013124999999999998,0.315625,0.0002710018978718996,-0.001342274088646917
0.013124999999999998,0.32187499999999997,0.00025666710083783296,-0.0013536978510145232
0.013124999999999998,0.328125,0.000243152076242628,-0.0013641962418549688
0.013124999999999998,0.334375,0.00023040794185366016,-0.0013738525132922705
0.013124999999999998,0.34062499999999996,0.0002183885744383834,-0.0013827416823501968
0.013124999999999998,0.34687499999999993,0.00020705051350775787,-0.0013909314160740838
0.013124999999999998,0.35312499999999997,0.00019635285381769426,-0.0013984828145971184
0.013124999999999998,0.359375,0.0001862571308702088,-0.0014054511046009005
0.013124999999999998,0.365625,0.00017672720269446967,-0.0014118862540385194
0.013124999999999998,0.37187499999999996,0.00016772913042216778,-0.0014178335176117957
0.013124999999999998,0.37812499999999993,0.00015923105956285608,-0.0014233339212964431
0.013124999999999998,0.38437499999999997,0.00015120310340194996,-0.0014284246931666003
0.013124999999999998,0.390625,0.00014361722956201983,-0.001433139646863186
0.013124999999999998,0.396875,0.00013644715046678708,-0.0014375095232610597
0.013124999999999998,0.40312499999999996,0.00012966821821078125,-0.0014415622952025627
0.013124999999999998,0.40937499999999993,0.00012325732415298943,-0.0014453234395662056
0.013124999999999998,0.41562499999999997,0.00011719280340964961,-0.0014488161804173411
0.013124999999999998,0.421875,0.0001114543443112526,-0.0014520617065324603
0.013124999999999998,0.428125,0.00010602290280509999,-0.0014550793661914883
0.013124999999999998,0.43437499999999996,0.00010088062172203179,-0.0014578868417855107
0.013124999999999998,0.44062499999999993,9.601075477983889e-05,-0.0014605003064840731
0.013124999999999998,0.44687499999999997,9.139759516291863e-05,-0.001462934564940944
0.013124999999999998,0.453125,8.70264084951341e-05,-0.0014652031797849703
0.013124999999999998,0.459375,8.288337000832981e-05,-0.0014673185854391388
0.013124999999999998,0.46562499999999996,7.89555057007538e-05,-0.0014692921906324927
0.013124999999999998,0.47187499999999993,7.523063727628611e-05,-0.001471134470812857
0.013124999999999998,0.47812499999999997,7.169733065572975e-05,-0.00147285505153069
0.013124999999999998,0.48437499999999994,6.834484785456025e-05,-0.001474462783743305
0.013124999999999998,0.490625,6.516310202672588e-05,-0.0014759658118821545
0.013124999999999998,0.49687499999999996,6.21426154807665e-05,-0.001477371635431983
0.013124999999999998,0.5031249999999999,5.927448048220844e-05,-0.0014786871646878517
0.013124999999999998,0.5093749999999999,5.6550322664553285e-05,-0.0014799187712829622
0.013124999999999998,0.515625,5.396226687991664e-05,-0.0014810723340156228
0.013124999999999998,0.5218749999999999,5.150290532928151e-05,-0.0014821532804466036
0.013124999999999998,0.528125,4.916526782124107e-05,-0.00148316662468757
0.013124999999999998,0.534375,4.6942794016897356e-05,-0.001484117001756504
0.013124999999999998,0.5406249999999999,4.48293075271541e-05,-0.0014850086988362952
0.013124999999999998,0.546875,4.281899173694083e-05,-0.0014858456837374416
0.013124999999999998,0.5531249999999999,4.0906367238872813e-05,-0.0014866316308344662
0.013124999999999998,0.559375,3.908627076646099e-05,-0.0014873699447178136
0.013124999999999998,0.565625,3.735383552422659e-05,-0.0014880637817781908
0.013124999999999998,0.5718749999999999,3.57044728189249e-05,-0.001488716069918247
0.013124999999999998,0.578125,3.413385490255385e-05,-0.0014893295265667867
0.013124999999999998,0.5843749999999999,3.263789894391359e-05,-0.0014899066751531442
0.013124999999999998,0.590625,3.121275205119992e-05,-0.0014904498601836617
0.013124999999999998,0.596875,2.985477727347871e-05,-0.001490961261048173
0.016875,0.0031249999999999997,-0.014038415454375425,0.00870663332698287
0.016875,0.009375,-0.011602485371137243,0.00968231519383887
0.016875,0.015625,-0.009280736751783106,0.010098188160538818
0.016875,0.021875,-0.0071776826166475875,0.010070730742537849
0.016875,0.028124999999999997,-0.005345912063577789,0.009719533717883354
0.016875,0.034374999999999996,-0.0037989506473498015,0.009151258801083795
0.016875,0.040624999999999994,-0.0025248751407104253,0.008452664212251965
0.016875,0.046875,-0.0014975780746978374,0.0076896513807460706
0.016875,0.05312499999999999,-0.0006848189048757911,0.0069094943800834235
0.016875,0.059375,-5.336533727312581e-05,0.006144284759110011
0.016875,0.06562499999999999,0.00042807168368296666,0.005414471383008932
0.016875,0.071875,0.0007874022725180152,0.0047319730655947315
0.016875,0.078125,0.0010486579216782786,0.004102694252018348
0.016875,0.08437499999999999,0.0012320297052000673,0.0035284523509708106
0.016875,0.09062499999999998,0.0013541842197839177,0.00300839948074301
0.016875,0.09687499999999999,0.001428697636133013,0.0025400406317844224
0.016875,0.103125,0.001466515831377238,0.0021199441572532472
0.016875,0.109375,0.0014763915569798293,0.0017442250385591462
0.016875,0.11562499999999999,0.0014652756787549607,0.0014088643061003054
0.016875,0.12187499999999998,0.0014386546149206564,0.001109912631792912
0.016875,0.128125,0.0014008343196232759,0.0008436135092880128
0.016875,0.13437499999999997,0.0013551752392360556,0.0006064716320179149
0.016875,0.140625,0.0013042843422213833,0.00039528469779143843
0.016875,0.14687499999999998,0.0012501706629067574,0.00020715143705319575
0.016875,0.153125,0.0011943704501945183,3.9464731003915074e-05
0.016875,0.159375,0.0011380473506459566,-0.00011010412229758154
0.016875,0.16562499999999997,0.0010820722933293692,-0.0002436259198387899
0.016875,0.171875,0.0010270869939489492,-0.00036293615751360015
0.016875,0.17812499999999998,0.0009735543125383013,-0.0004696580012174974
0.016875,0.18437499999999998,0.0009217981037521954,-0.0005652245591961584
0.016875,0.190625,0.0008720346948399901,-0.000650899835477226
0.016875,0.19687499999999997,0.0008243977079316861,-0.0007277980413137232
0.016875,0.203125,0.0007789576005135626,-0.0007969011355971208
0.016875,0.20937499999999998,0.000735737019959493,-0.0008590745883959368
0.016875,0.21562499999999998,0.0006947228440909054,-0.0009150814367765389
0.016875,0.221875,0.0006558756003682813,-0.0009655947446682208
0.016875,0.22812499999999997,0.0006191368131636051,-0.0010112085997092367
0.016875,0.234375,0.0005844347146287378,-0.001052447787310747
0.016875,0.24062499999999998,0.0005516886641724508,-0.0010897762807678553
0.016875,0.24687499999999996,0.0005208125497659273,-0.0011236046796279987
0.016875,0.253125,0.0004917173873944695,-0.0011542967190340003
0.016875,0.25937499999999997,0.00046431328989602277,-0.0011821749619275815
0.016875,0.265625,0.0004385109407257105,-0.001207525774814221
0.016875,0.271875,0.000414222679910465,-0.0012306036768623535
0.016875,0.27812499999999996,0.00039136328706149435,-0.0012516351417970009
0.016875,0.284375,0.00036985052856863625,-0.0012708219225399386
0.016875,0.29062499999999997,0.0003496055220391718,-0.0012883439599260958
0.016875,0.296875,0.000330552959897057,-0.001304361929099962
0.016875,0.303125,0.00031262122522014555,-0.0013190194703348302
0.016875,0.30937499999999996,0.00029574242588322516,-0.0013324451449660474
0.016875,0.315625,0.00027985236751448925,-0.001344754151818936
0.016875,0.32187499999999997,0.0002648904813624771,-0.0013560498348702613
0.016875,0.328125,0.00025079971967225246,-0.001366425008836918
0.016875,0.334375,0.0002375264283957346,-0.00137596312586811
0.016875,0.34062499999999996,0.00022502020486273052,-0.0013847393034639684
0.016875,0.34687499999999993,0.00021323374629828086,-0.0013928212310961162
0.016875,0.35312499999999997,0.00020212269369470075,-0.0014002699707121287
0.016875,0.359375,0.0001916454744587494,-0.001407140664319751
0.016875,0.365625,0.00018176314639654703,-0.0014134831601273193
0.016875,0.37187499999999996,0.00017243924492410837,-0.001419342567228304
0.016875,0.37812499999999993,0.00016363963486223148,-0.001424759747529027
0.016875,0.38437499999999997,0.00015533236776113125,-0.0014297717525022778
0.016875,0.390625,0.00014748754537886473,-0.0014344122113822185
0.016875,0.396875,0.00014007718968930198,-0.0014387116765773253
0.016875,0.40312499999999996,0.00013307511960503762,-0.001442697931350525
0.016875,0.40937499999999993,0.0001264568344561377,-0.001446396264184059
0.016875,0.41562499999999997,0.00012019940415736809,-0.001449829713697808
0.016875,0.421875,0.00011428136591685758,-0.0014530192875126463
0.016875,0.428125,0.00010868262728189938,-0.0014559841580350861
0.016875,0.43437499999999996,0.0001033843752778949,-0.001458741837777751
0.016875,0.44062499999999993,9.836899137041659e-05,-0.0014613083365148183
0.016875,0.44687499999999997,9.361997196489751e-05,-0.0014636983022963351
0.016875,0.453125,8.912185415110461e-05,-0.0014659251481048707
0.016875,0.459375,8.486014639834714e-05,-0.0014680011657277415
0.016875,0.46562499999999996,8.082126391078586e-05,-0.0014699376282340272
0.016875,0.47187499999999993,7.699246835900185e-05,-0.0014717448822843713
0.016875,0.47812499999999997,7.336181171321374e-05,-0.001473432431360167
0.016875,0.48437499999999994,6.991808391443587e-05,-0.0014750090108745953
0.016875,0.490625,6.66507641318629e-05,-0.0014764826560188873
0.016875,0.49687499999999996,6.354997536740305e-05,-0.0014778607631012273
0.016875,0.5031249999999999,6.0606442181199725e-05,-0.0014791501450512029
0.016875,0.5093749999999999,5.7811451324931806e-05,-0.0014803570816882246
0.016875,0.515625,5.5156815082456483e-05,-0.0014814873652866177
0.016875,0.5218749999999999,5.263483712981607e-05,-0.00148254634191204
0.016875,0.528125,5.023828073866566e-05,-0.001483538948952566
0.016875,0.534375,4.7960339158724497e-05,-0.001484469749222358
0.016875,0.5406249999999999,4.5794608025855605e-05,-0.0014853429619756276
0.016875,0.546875,4.373505965282204e-05,-0.0014861624911329167
0.016875,0.5531249999999999,4.177601906963206e-05,-0.0014869319509900713
0.016875,0.559375,3.991214168967253e-05,-0.0014876546896521676
0.016875,0.565625,3.8138392486555334e-05,-0.0014883338104096449
0.016875,0.5718749999999999,3.6450026574767884e-05,-0.0014889721912516396
0.016875,0.578125,3.484257109485818e-05,-0.0014895725026917062
0.016875,0.5843749999999999,3.331180831101154e-05,-0.001490137224063424
0.016875,0.590625,3.185375983551525e-05,-0.001490668658427626
0.016875,0.596875,3.0464671900790748e-05,-0.001491168946218893
0.020625000000000004,0.0031249999999999997,-0.015059545829999205,0.010228800030338813
0.020625000000000004,0.009375,-0.012228916154217336,0.011218436130655313
0.020625000000000004,0.015625,-0.009577931936319966,0.011551268384227174
0.020625000000000004,0.021875,-0.007221465255317094,0.011383238875455573
0.020625000000000004,0.028124999999999997,-0.005208268673328451,0.0108657777196693
0.020625000000000004,0.034374999999999996,-0.0035408644844242476,0.010127628480657274
0.020625000000000004,0.040624999999999994,-0.002194194815824983,0.00926892244052034
0.020625000000000004,0.046875,-0.0011297399466633359,0.008362419717931672
0.020625000000000004,0.05312499999999999,-0.0003048134898224476,0.007457926143416583
0.020625000000000004,0.059375,0.0003220079551148817,0.006587468317121413
0.020625000000000004,0.06562499999999999,0.0007881312414040155,0.00577004055192111
0.020625000000000004,0.071875,0.0011258683527250203,0.00501548945962293
0.020625000000000004,0.078125,0.001362317704967866,0.00432748761933527
0.020625000000000004,0.08437499999999999,0.001519740427474552,0.0037057108997952744
0.020625000000000004,0.09062499999999998,0.001616150671143661,0.00314738072787569
0.020625000000000004,0.09687499999999999,0.001665960962330458,0.0026483265479060156
0.020625000000000004,0.103125,0.0016805995927920505,0.0022036984496202473
0.020625000000000004,0.109375,0.0016690620040635323,0.0018084312544224342
0.020625000000000004,0.11562499999999999,0.001638383429274874,0.0014575356696478817
0.020625000000000004,0.12187499999999998,0.001594033419177253,0.0011462713659823754
0.020625000000000004,0.128125,0.001540239257878164,0.0008702409668645554
0.020625000000000004,0.13437499999999997,0.0014802477250385562,0.0006254322172156981
0.020625000000000004,0.140625,0.0014165350148483227,0.0004082271354087547
0.020625000000000004,0.14687499999999998,0.0013509739424520481,0.00021539094128982124
0.020625000000000004,0.153125,0.0012849664555131932,4.40493380111707e-05
0.020625000000000004,0.159375,0.0012195482462413075,-0.00010834019839904628
0.020625000000000004,0.16562499999999997,0.0011554710911598769,-0.00024401947569144353
0.020625000000000004,0.171875,0.0010932675051819752,-0.00036496070704104345
0.020625000000000004,0.17812499999999998,0.0010333014067140554,-0.0004728963335951268
0.020625000000000004,0.18437499999999998,0.0009758077495014677,-0.0005693467917406874
0.020625000000000004,0.190625,0.0009209234708022735,-0.0006556458648048061
0.020625000000000004,0.19687499999999997,0.0008687116158366006,-0.0007329635106128547
0.020625000000000004,0.203125,0.0008191801064296994,-0.0008023262108875703
0.020625000000000004,0.20937499999999998,0.0007722963098964094,-0.000864634978302226
0.020625000000000004,0.21562499999999998,0.0007279983172567661,-0.0009206812043279791
0.020625000000000004,0.221875,0.0006862036449608798,-0.0009711605509726687
0.020625000000000004,0.22812499999999997,0.0006468159208229657,-0.001016685092322864
0.020625000000000004,0.234375,0.0006097299942013372,-0.0010577939043184194
0.020625000000000004,0.24062499999999998,0.0005748358156920718,-0.001094962287936626
0.020625000000000004,0.24687499999999996,0.0005420213572145896,-0.001128609794886921
0.020625000000000004,0.253125,0.0005111747849893944,-0.0011591072078910643
0.020625000000000004,0.25937499999999997,0.0004821860520957199,-0.0011867826108011216
0.020625000000000004,0.265625,0.00045494804133917904,-0.0012119266678624042
0.020625000000000004,0.271875,0.00042935736092904235,-0.0012347972167198143
0.020625000000000004,0.27812499999999996,0.0004053148732932382,-0.001255623266450352
0.020625000000000004,0.284375,0.00038272601993992076,-0.0012746084800109695
0.020625000000000004,0.29062499999999997,0.0003615009915840498,-0.0012919342099721922
0.020625000000000004,0.296875,0.00034155478199454544,-0.0013077621471735083
0.020625000000000004,0.303125,0.0003228071555544386,-0.0013222366338744422
0.020625000000000004,0.30937499999999996,0.00030518255187109096,-0.0013354866859662047
0.020625000000000004,0.315625,0.000288609945540249,-0.0013476277627344011
0.020625000000000004,0.32187499999999997,0.00027302267505369484,-0.0013587633174111844
0.020625000000000004,0.328125,0.00025835825160781914,-0.0013689861572218685
0.020625000000000004,0.334375,0.00024455815603270404,-0.001378379637722644
0.020625000000000004,0.34062499999999996,0.00023156763007123592,-0.0013870187128591277
0.020625000000000004,0.34687499999999993,0.00021933546667963165,-0.0013949708592763143
0.020625000000000004,0.35312499999999997,0.00020781380280330194,-0.0014022968909144467
0.020625000000000004,0.359375,0.00019695791713326112,-0.0014090516777763057
0.020625000000000004,0.365625,0.00018672603461151522,-0.0014152847809006147
0.020625000000000004,0.37187499999999996,0.00017707913888416365,-0.001421041013981731
0.020625000000000004,0.37812499999999993,0.00016798079346286865,-0.001426360940701262
0.020625000000000004,0.38437499999999997,0.0001593969720208608,-0.0014312813156516346
0.020625000000000004,0.390625,0.00015129589799655715,-0.0014358354757082214
0.020625000000000004,0.396875,0.00014364789348863958,-0.00144005368782249
0.020625000000000004,0.40312499999999996,0.00013642523728718653,-0.001443963458444189
0.020625000000000004,0.40937499999999993,0.00012960203178517593,-0.0014475898091189788
0.020625000000000004,0.41562499999999997,0.00012315407844470263,-0.0014509555222348006
0.020625000000000004,0.421875,0.00011705876144571603,-0.0014540813603932917
0.020625000000000004,0.428125,0.00011129493911654307,-0.0014569862624511777
0.020625000000000004,0.43437499999999996,0.00010584284273066411,-0.0014596875189017168
0.020625000000000004,0.44062499999999993,0.00010068398224977307,-0.0014622009289402176
0.020625000000000004,0.44687499999999997,9.580105859643325e-05,-0.0014645409412737175
0.020625000000000004,0.453125,9.117788204857785e-05,-0.001466720780487401
0.020625000000000004,0.459375,8.679929636105906e-05,-0.0014687525605643354
0.020625000000000004,0.46562499999999996,8.265110823519147e-05,-0.0014706473869663967
0.020625000000000004,0.47187499999999993,7.872002177476368e-05,-0.001472415448519227
0.020625000000000004,0.47812499999999997,7.499357758558444e-05,-0.0014740661001995561
0.020625000000000004,0.48437499999999994,7.146009619470098e-05,-0.0014756079377965716
0.020625000000000004,0.490625,6.81086254845601e-05,-0.0014770488653078919
0.020625000000000004,0.49687499999999996,6.492889185625706e-05,-0.0014783961558330698
0.020625000000000004,0.5031249999999999,6.191125485439957e-05,-0.0014796565066417273
0.020625000000000004,0.5093749999999999,5.904666500385029e-05,-0.0014808360890178466
0.020625000000000004,0.515625,5.632662462558299e-05,-0.0014819405934151672
0.020625000000000004,0.5218749999999999,5.374315141503156e-05,-0.0014829752703998933
0.020625000000000004,0.528125,5.1288744581584486e-05,-0.0014839449678050551
0.020625000000000004,0.534375,4.8956353362274774e-05,-0.0014848541644750142
0.020625000000000004,0.5406249999999999,4.673934773622574e-05,-0.0014857070009380376
0.020625000000000004,0.546875,4.463149117906961e-05,-0.0014865073073089304
0.020625000000000004,0.5531249999999999,4.262691530837239e-05,-0.001487258628691862
0.020625000000000004,0.559375,4.072009628210958e-05,-0.0014879642483252395
0.020625000000000004,0.565625,3.8905832822488227e-05,-0.0014886272086853736
0.020625000000000004,0.5718749999999999,3.717922574692594e-05,-0.001489250330743343
0.020625000000000004,0.578125,3.553565889683338e-05,-0.0014898362315495862
0.020625000000000004,0.5843749999999999,3.3970781363033224e-05,-0.001490387340303042
0.020625000000000004,0.590625,3.2480490914228994e-05,-0.0014909059130458696
0.020625000000000004,0.596875,3.106091854195729e-05,-0.0014913940461106846
0.024375000000000008,0.0031249999999999997,-0.016109851839830408,0.012026603855954597
0.024375000000000008,0.009375,-0.012813926415513733,0.012996524325243147
0.024375000000000008,0.015625,-0.0097895038441346,0.013198564807117433
0.024375000000000008,0.021875,-0.007158108357139852,0.01284073078399594
0.024375000000000008,0.028124999999999997,-0.004958277974863778,0.012113368931347302
0.024375000000000008,0.034374999999999996,-0.003175366234436696,0.01117006146118817
0.024375000000000008,0.040624999999999994,-0.0017664137101247284,0.010124465590547712
0.024375000000000008,0.046875,-0.0006772714143379167,0.009055116396185923
0.024375000000000008,0.05312499999999999,0.00014714288783310785,0.008012876043039454
0.024375000000000008,0.059375,0.0007574998413926525,0.007028271018381797
0.024375000000000008,0.06562499999999999,0.0011978070257232588,0.006117622055328608
0.024375000000000008,0.071875,0.0015049211254561585,0.005287741336412299
0.024375000000000008,0.078125,0.0017089644258406426,0.004539343934091486
0.024375000000000008,0.08437499999999999,0.0018341346981264107,0.003869433828604853
0.024375000000000008,0.09062499999999998,0.0018996258049313575,0.0032729231737982233
0.024375000000000008,0.09687499999999999,0.0019205151520799045,0.002743700888017313
0.024375000000000008,0.103125,0.0019085538883362957,0.002275316717223524
0.024375000000000008,0.109375,0.0018728391911085357,0.0018614026186576536
0.024375000000000008,0.11562499999999999,0.0018203700743053858,0.0014959181693865054
0.024375000000000008,0.12187499999999998,0.0017564982113054527,0.001173280407346745
0.024375000000000008,0.128125,0.0016852888102616421,0.0008884195098850531
0.024375000000000008,0.13437499999999997,0.0016098067965622767,0.0006367882912737045
0.024375000000000008,0.140625,0.001532342230374301,0.00041434416895060034
0.024375000000000008,0.14687499999999998,0.0014545869786951064,0.00021751584060079334
0.024375000000000008,0.153125,0.0013777726663969628,4.316256045677411e-05
0.024375000000000008,0.159375,0.001302778083623155,-0.00011146902551373511
0.024375000000000008,0.16562499999999997,0.001230212620562475,-0.0002487874751711768
0.024375000000000008,0.171875,0.0011604809548211087,-0.000370896847684428
0.024375000000000008,0.17812499999999998,0.0010938331157947453,-0.00047963380368143773
0.024375000000000008,0.18437499999999998,0.001030403164470019,-0.0005766011348785982
0.024375000000000008,0.190625,0.00097023902198612,-0.0006631976739358027
0.024375000000000008,0.19687499999999997,0.0009133254235637385,-0.0007406447260255704
0.024375000000000008,0.203125,0.000859601537295693,-0.0008100092677205745
0.024375000000000008,0.20937499999999998,0.0008089744454471136,-0.0008722242075721476
0.024375000000000008,0.21562499999999998,0.0007613294193006554,-0.0009281060170285269
0.024375000000000008,0.221875,0.0007165377110266477,-0.0009783700339076463
0.024375000000000008,0.22812499999999997,0.0006744624246636202,-0.0010236437224991311
0.024375000000000008,0.234375,0.0006349629028753565,-0.0010644781503153975
0.024375000000000008,0.24062499999999998,0.0005978979687126704,-0.0011013579151884524
0.024375000000000008,0.24687499999999996,0.0005631282859072418,-0.0011347097300414449
0.024375000000000008,0.253125,0.0005305180423988169,-0.0011649098475432114
0.024375000000000008,0.25937499999999997,0.0004999361160681855,-0.0011922904836674368
0.024375000000000008,0.265625,0.0004712568460854123,-0.0012171453782294976
0.024375000000000008,0.271875,0.0004443605056133561,-0.0012397346118303908
0.024375000000000008,0.27812499999999996,0.0004191335500691371,-0.0012602887822247989
0.024375000000000008,0.284375,0.00039546869837569457,-0.0012790126287978054
0.024375000000000008,0.29062499999999997,0.00037326489157321407,-0.001296088181393157
0.024375000000000008,0.296875,0.00035242716298469116,-0.0013116774989837623
0.024375000000000008,0.303125,0.000332866446203552,-0.0013259250544136719
0.024375000000000008,0.30937499999999996,0.0003144993409985112,-0.0013389598134826476
0.024375000000000008,0.315625,0.0002972478524263481,-0.001350897049818001
0.024375000000000008,0.32187499999999997,0.00028103911470693413,-0.0013618399311296375
0.024375000000000008,0.328125,0.00026580510851283737,-0.0013718809074367575
0.024375000000000008,0.334375,0.00025148237807574755,-0.0013811029275691245
0.024375000000000008,0.34062499999999996,0.0002380117527713839,-0.001389580506578389
0.024375000000000008,0.34687499999999993,0.00022533807650216374,-0.0013973806635560384
0.024375000000000008,0.35312499999999997,0.0002134099471656507,-0.0014045637466670205
0.024375000000000008,0.359375,0.00020217946770852472,-0.0014111841599058804
0.024375000000000008,0.365625,0.00019160200966714176,-0.0014172910041088448
0.024375000000000008,0.37187499999999996,0.00018163598964484104,-0.0014229286430624132
0.024375000000000008,0.37812499999999993,0.0001722426588402237,-0.001428137204095632
0.024375000000000008,0.38437499999999997,0.00016338590549395252,-0.0014329530212942219
0.024375000000000008,0.390625,0.00015503206994404233,-0.0014374090284003842
0.024375000000000008,0.396875,0.00014714977185532486,-0.0014415351075369835
0.024375000000000008,0.40312499999999996,0.00013970974910539592,-0.0014453583990973631
0.024375000000000008,0.40937499999999993,0.0001326847077571834,-0.0014489035774538736
0.024375000000000008,0.41562499999999997,0.00012604918251974713,-0.0014521930965436657
0.024375000000000008,0.421875,0.00011977940708810687,-0.001455247408876068
0.024375000000000008,0.428125,0.00011385319375518403,-0.0014580851610605699
0.024375000000000008,0.43437499999999996,0.00010824982170076263,-0.0014607233685683956
0.024375000000000008,0.44062499999999993,0.00010294993338094924,-0.0014631775721055458
0.024375000000000008,0.44687499999999997,9.793543846479646e-05,-0.0014654619776840088
0.024375000000000008,0.453125,9.318942479093198e-05,-0.0014675895822244744
0.024375000000000008,0.459375,8.869607584493841e-05,-0.0014695722863031948
0.024375000000000008,0.46562499999999996,8.444059428693565e-05,-0.0014714209954631748
0.024375000000000008,0.47187499999999993,8.040913108761964e-05,-0.0014731457113418096
0.024375000000000008,0.47812499999999997,7.658871985939786e-05,-0.0014747556137201954
0.024375000000000008,0.48437499999999994,7.296721599686991e-05,-0.001476259134470768
0.024375000000000008,0.490625,6.953324026746598e-05,-0.001477664024267267
0.024375000000000008,0.49687499999999996,6.627612651842375e-05,-0.0014789774128222272
0.024375000000000008,0.5031249999999999,6.31858731903302e-05,-0.0014802058633304016
0.024375000000000008,0.5093749999999999,6.025309835015033e-05,-0.0014813554217202429
0.024375000000000008,0.515625,5.746899797797419e-05,-0.00148243166124842
0.024375000000000008,0.5218749999999999,5.4825307261660205e-05,-0.0014834397229131744
0.024375000000000008,0.528125,5.231426467216377e-05,-0.0014843843521101488
0.024375000000000008,0.534375,4.9928578609667314e-05,-0.0014852699319082248
0.024375000000000008,0.5406249999999999,4.766139642671459e-05,-0.0014861005132821845
0.024375000000000008,0.546875,4.550627564947794e-05,-0.0014868798426029613
0.024375000000000008,0.5531249999999999,4.345715723210118e-05,-0.0014876113866543216
0.024375000000000008,0.559375,4.150834069183505e-05,-0.0014882983554165082
0.024375000000000008,0.565625,3.965446098449065e-05,-0.0014889437228322565
0.024375000000000008,0.5718749999999999,3.789046699062622e-05,-0.0014895502457482623
0.024375000000000008,0.578125,3.621160149293712e-05,-0.001490120481205338
0.024375000000000008,0.5843749999999999,3.461338253458344e-05,-0.001490656802232814
0.024375000000000008,0.590625,3.3091586056726733e-05,-0.0014911614122870022
0.024375000000000008,0.596875,3.164222972141601e-05,-0.0014916363584594932
0.02812500000000001,0.0031249999999999997,-0.017162326775409787,0.014156519544384532
0.02812500000000001,0.009375,-0.013320179887786153,0.015054777369312667
0.02812500000000001,0.015625,-0.009877116159441864,0.015061015523487204
0.02812500000000001,0.021875,-0.006953692222291295,0.014451062351918202
0.02812500000000001,0.028124999999999997,-0.004568553589034589,0.013461673262506177
0.02812500000000001,0.034374999999999996,-0.002681687066962742,0.0122731674196008
0.02812500000000001,0.040624999999999994,-0.0012265046300054205,0.011011735997686397
0.02812500000000001,0.046875,-0.0001297199652095128,0.00975961987979586
0.02812500000000001,0.05312499999999999,0.0006780484910385721,0.008566552579338877
0.02812500000000001,0.059375,0.0012575958550898663,0.0074596655371032255
0.02812500000000001,0.06562499999999999,0.001659808260778327,0.006451111586575487
0.02812500000000001,0.071875,0.0019260447011995212,0.0055435535244149955
0.02812500000000001,0.078125,0.0020892576133304864,0.004733946547407551
0.02812500000000001,0.08437499999999999,0.002175332269901445,0.004016060260067874
0.02812500000000001,0.09062499999999998,0.002204388584760517,0.003382111547125349
0.02812500000000001,0.09687499999999999,0.0021919352017377857,0.002823789129581412
0.02812500000000001,0.103125,0.002149842288238172,0.0023328713922945604
0.02812500000000001,0.109375,0.0020871366733846955,0.001901577665665559
0.02812500000000001,0.11562499999999999,0.002010638927038345,0.0015227483749446456
0.02812500000000001,0.12187499999999998,0.0019254669576303778,0.0011899179546770193
0.02812500000000001,0.128125,0.0018354303807595822,0.0008973227232106657
0.02812500000000001,0.13437499999999997,0.0017433373024710848,0.0006398711920874824
0.02812500000000001,0.140625,0.0016512318244575955,0.0004130944158754009
0.02812500000000001,0.14687499999999998,0.0015605772643120922,0.0002130874369961871
0.02812500000000001,0.153125,0.001472397117299414,3.644857456247259e-05
0.02812500000000001,0.159375,0.0013873832729954707,-0.00011977949243184788
0.02812500000000001,0.16562499999999997,0.0013059789405405382,-0.0002581646919671296
0.02812500000000001,0.171875,0.0012284420838966903,-0.0003809355509369573
0.02812500000000001,0.17812499999999998,0.0011548938616706475,-0.000490025881956376
0.02812500000000001,0.18437499999999998,0.0010853555426038623,-0.0005871142461406674
0.02812500000000001,0.190625,0.0010197765717373686,-0.0006736585021618679
0.02812500000000001,0.19687499999999997,0.0009580558459333126,-0.0007509258659496749
0.02812500000000001,0.203125,0.0009000577818152937,-0.0008200189482780493
0.02812500000000001,0.20937499999999998,0.000845624392928864,-0.000881898237791501
0.02812500000000001,0.21562499999999998,0.0007945843112449313,-0.0009374014732102549
0.02812500000000001,0.221875,0.0007467594716516632,-0.000987260312210544
0.02812500000000001,0.22812499999999997,0.0007019700117551364,-0.001032114663078918
0.02812500000000001,0.234375,0.0006600378115081119,-0.0010725250030740824
0.02812500000000001,0.24062499999999998,0.000620788998957863,-0.0011089829670193185
0.02812500000000001,0.24687499999999996,0.0005840556728714318,-0.0011419204523282864
0.02812500000000001,0.253125,0.0005496770348853292,-0.001171717453030447
0.02812500000000001,0.25937499999999997,0.0005175000790934481,-0.0011987088055517797
0.02812500000000001,0.265625,0.0004873799525334748,-0.0012231900029019925
0.02812500000000001,0.271875,0.0004591800734836725,-0.0012454222112586277
0.02812500000000001,0.27812499999999996,0.0004327720740174713,-0.0012656366033927846
0.02812500000000001,0.284375,0.0004080356174855208,-0.001284038106601603
0.02812500000000001,0.29062499999999997,0.00038485812943043926,-0.0013008086484573977
0.02812500000000001,0.296875,0.00036313447106336104,-0.0013161099714325123
0.02812500000000001,0.303125,0.0003427665772085458,-0.0013300860770221763
0.02812500000000001,0.30937499999999996,0.00032366307506347905,-0.001342865351106407
0.02812500000000001,0.315625,0.00030573889584975116,-0.0013545624147394617
0.02812500000000001,0.32187499999999997,0.0002889148881531074,-0.0013652797381346075
0.02812500000000001,0.328125,0.00027311743924420304,-0.0013751090501533136
0.02812500000000001,0.334375,0.00025827810876047607,-0.0013841325709659888
0.02812500000000001,0.34062499999999996,0.00024433327767917393,-0.00139242409160204
0.02812500000000001,0.34687499999999993,0.0002312238144173416,-0.0014000499207448267
0.02812500000000001,0.35312499999999997,0.00021889475907532576,-0.0014070697162625208
0.02812500000000001,0.359375,0.00020729502623311548,-0.0014135372165231328
0.02812500000000001,0.365625,0.00019637712626473447,-0.0014195008844568758
0.02812500000000001,0.37187499999999996,0.0001860969048169792,-0.0014250044755473924
0.02812500000000001,0.37812499999999993,0.00017641329987558594,-0.0014300875394092764
0.02812500000000001,0.38437499999999997,0.00016728811569156164,-0.0014347858633040466
0.02812500000000001,0.390625,0.00015868581274519158,-0.001439131864827543
0.02812500000000001,0.396875,0.00015057331287141498,-0.001443154940040853
0.02812500000000001,0.40312499999999996,0.00014291981864722193,-0.001446881772490943
0.02812500000000001,0.40937499999999993,0.00013569664614127355,-0.0014503366078563213
0.02812500000000001,0.41562499999999997,0.00012887707014178038,-0.0014535414983404223
0.02812500000000001,0.421875,0.00012243618100595953,-0.0014565165204068076
0.02812500000000001,0.428125,0.00011635075230943108,-0.0014592799689935247
0.02812500000000001,0.43437499999999996,0.00011059911851392067,-0.0014618485309488285
0.02812500000000001,0.44062499999999993,0.00010516106191449113,-0.0014642374400881905
0.02812500000000001,0.44687499999999997,0.00010001770817165966,-0.0014664606159756149
0.02812500000000001,0.453125,9.515142977802176e-05,-0.0014685307882744446
0.02812500000000001,0.459375,9.054575685254394e-05,-0.0014704596082886132
0.02812500000000001,0.46562499999999996,8.618529469793411e-05,-0.0014722577491200776
0.02812500000000001,0.47187499999999993,8.205564759702947e-05,-0.0014739349956979708
0.02812500000000001,0.47812499999999997,7.814334836271124e-05,-0.0014755003257864495
0.02812500000000001,0.48437499999999994,7.443579319230395e-05,-0.0014769619829483934
0.02812500000000001,0.490625,7.092118141167765e-05,-0.0014783275423285018
0.02812500000000001,0.49687499999999996,6.758845972633288e-05,-0.0014796039700198135
0.02812500000000001,0.5031249999999999,6.442727062663881e-05,-0.0014807976766903921
0.02812500000000001,0.5093749999999999,6.142790462218556e-05,-0.0014819145660702588
0.02812500000000001,0.515625,5.858125600597765e-05,-0.001482960078831273
0.02812500000000001,0.5218749999999999,5.5878781873040287e-05,-0.0014839392323333469
0.02812500000000001,0.528125,5.3312464140035535e-05,-0.0014848566566581217
0.02812500000000001,0.534375,5.0874774332808154e-05,-0.0014857166273051265
0.02812500000000001,0.5406249999999999,4.855864092749663e-05,-0.0014865230948847342
0.02812500000000001,0.546875,4.6357419048081876e-05,-0.0014872797121062381
0.02812500000000001,0.5531249999999999,4.426486233909456e-05,-0.0014879898583275127
0.02812500000000001,0.559375,4.227509684676839e-05,-0.0014886566619045178
0.02812500000000001,0.565625,4.038259675531395e-05,-0.0014892830205538686
0.02812500000000001,0.5718749999999999,3.8582161837275376e-05,-0.0014898716199194819
0.02812500000000001,0.578125,3.686889648821755e-05,-0.0014904249505145741
0.02812500000000001,0.5843749999999999,3.523819022634908e-05,-0.0014909453231927118
0.02812500000000001,0.590625,3.36856995471885e-05,-0.0014914348832859965
0.02812500000000001,0.596875,3.220733103210762e-05,-0.0014918956235345164
0.031875000000000014,0.0031249999999999997,-0.01817318918532104,0.016685716659483724
0.031875000000000014,0.009375,-0.013694957405957317,0.0174343063416043
0.031875000000000014,0.015625,-0.00979089225346404,0.01715751766645617
0.031875000000000014,0.021875,-0.006566823872259548,0.01621784373765393
0.031875000000000014,0.028124999999999997,-0.004007483382547962,0.01490540781263114
0.031875000000000014,0.034374999999999996,-0.0020370539894429573,0.013427400825038403
0.031875000000000014,0.040624999999999994,-0.0005587987183644844,0.011919823203200126
0.031875000000000014,0.046875,0.0005232517656299329,0.01046526375385386
0.031875000000000014,0.05312499999999999,0.0012944151219925807,0.00910930950824692
0.031875000000000014,0.059375,0.0018261512150420124,0.007873312550279305
0.031875000000000014,0.06562499999999999,0.0021761949036115404,0.0067634994541236546
0.031875000000000014,0.071875,0.0023901175410914956,0.005777140668593941
0.031875000000000014,0.078125,0.0025033213793986225,0.004906578235272763
0.031875000000000014,0.08437499999999999,0.00254299465744854,0.004141775010654792
0.031875000000000014,0.09062499999999998,0.0025298338345138534,0.003471876786621478
0.031875000000000014,0.09687499999999999,0.002479478458430256,0.0028861309783615595
0.031875000000000014,0.103125,0.0024036680824583404,0.0023743943618051598
0.031875000000000014,0.109375,0.0023111560214614324,0.0019273837964071993
0.031875000000000014,0.11562499999999999,0.0022084213228428175,0.0015367702707179734
0.031875000000000014,0.12187499999999998,0.002100218431660307,0.0011951807859827274
0.031875000000000014,0.128125,0.001989998853412635,0.000896148978613248
0.031875000000000014,0.13437499999999997,0.0018802331681474608,0.0006340399763819834
0.031875000000000014,0.140625,0.0017726561432140156,0.0004039650248633057
0.031875000000000014,0.14687499999999998,0.0016684528513114488,0.00020169504584000128
0.031875000000000014,0.153125,0.0015683997144707652,2.3578255656683334e-05
0.031875000000000014,0.159375,0.0014729712049785812,-0.0001335355424745084
0.031875000000000014,0.16562499999999997,0.001382420428331041,-0.000272362912257874
0.031875000000000014,0.171875,0.001296839868411578,-0.00039524681155011436
0.031875000000000014,0.17812499999999998,0.0012162070780089114,-0.0005042090311033721
0.031875000000000014,0.18437499999999998,0.0011404189518376818,-0.0006009956461267029
0.031875000000000014,0.190625,0.001069317345307154,-0.0006871161939723495
0.031875000000000014,0.19687499999999997,0.001002708137426107,-0.0007638773135231721
0.031875000000000014,0.203125,0.0009403753311527367,-0.0008324115533816164
0.031875000000000014,0.20937499999999998,0.0008820914010835143,-0.0008937020010890793
0.031875000000000014,0.21562499999999998,0.0008276248073838256,-0.0009486033192510392
0.031875000000000014,0.221875,0.0007767453739853036,-0.0009978597054779406
0.031875000000000014,0.22812499999999997,0.0007292280613494696,-0.0010421202265119011
0.031875000000000014,0.234375,0.0006848555366616412,-0.0010819519154340869
0.031875000000000014,0.24062499999999998,0.0006434198474311813,-0.0011178509656054457
0.031875000000000014,0.24687499999999996,0.0006047234307606906,-0.0011502523062752086
0.031875000000000014,0.253125,0.0005685796344277656,-0.001179537802388503
0.031875000000000014,0.25937499999999997,0.0005348128831741314,-0.0012060432845640416
0.031875000000000014,0.265625,0.0005032585910184088,-0.001230064583904734
0.031875000000000014,0.271875,0.00047376289557435867,-0.0012518627196260778
0.031875000000000014,0.27812499999999996,0.00044618227142478986,-0.0012716683648355996
0.031875000000000014,0.284375,0.00042038306517329333,-0.0012896856966120157
0.031875000000000014,0.29062499999999997,0.0003962409838070873,-0.0013060957203122245
0.031875000000000014,0.296875,0.00037364055964368194,-0.001321059144334496
0.031875000000000014,0.303125,0.00035247460878337286,-0.0013347188700021054
0.031875000000000014,0.30937499999999996,0.0003326436951764245,-0.0013472021514719732
0.031875000000000014,0.315625,0.00031405560877717926,-0.0013586224723348146
0.031875000000000014,0.32187499999999997,0.0002966248635208014,-0.0013690811786168076
0.031875000000000014,0.328125,0.00028027221881024025,-0.0013786689020148558
0.031875000000000014,0.334375,0.00026492422667888745,-0.0013874668022270348
0.031875000000000014,0.34062499999999996,0.00025051280567372895,-0.001395547653032729
0.031875000000000014,0.34687499999999993,0.0002369748416889168,-0.0014029767932124129
0.031875000000000014,0.35312499999999997,0.00022425181539714983,-0.001409812960373362
0.031875000000000014,0.359375,0.00021228945551965772,-0.0014161090231797516
0.031875000000000014,0.365625,0.00020103741690162465,-0.0014219126253020124
0.031875000000000014,0.37187499999999996,0.00019044898218535065,-0.0014272667525411517
0.031875000000000014,0.37812499999999993,0.00018048078577285039,-0.001432210232998592
0.031875000000000014,0.38437499999999997,0.0001710925587234617,-0.0014367781788087513
0.031875000000000014,0.390625,0.00016224689322549357,-0.0014410023767945533
0.031875000000000014,0.396875,0.0001539090253026439,-0.001444911634415432
0.031875000000000014,0.40312499999999996,0.000146046634457286,-0.0014485320865280918
0.031875000000000014,0.40937499999999993,0.00013862965900724776,-0.00145188746775107
0.031875000000000014,0.41562499999999997,0.00013163012593553382,-0.0014549993545971726
0.031875000000000014,0.421875,0.00012502199413994084,-0.0014578873809980104
0.031875000000000014,0.428125,0.00011878101003901514,-0.0014605694303794078
0.031875000000000014,0.43437499999999996,0.00011288457456037295,-0.0014630618070445329
0.031875000000000014,0.44062499999999993,0.00010731162060565808,-0.0014653793892741107
0.031875000000000014,0.44687499999999997,0.00010204250015239325,-0.0014675357662521805
0.031875000000000014,0.453125,9.705888021606496e-05,-0.0014695433606649927
0.031875000000000014,0.459375,9.234364695555352e-05,-0.0014714135385941463
0.031875000000000014,0.46562499999999996,8.788081726128285e-05,-0.0014731567081281611
0.031875000000000014,0.47187499999999993,8.365545721811748e-05,-0.001474782407945275
0.031875000000000014,0.47812499999999997,7.965360688409885e-05,-0.0014762993869708414
0.031875000000000014,0.48437499999999994,7.586221087166114e-05,-0.0014777156760823122
0.031875000000000014,0.490625,7.226905426012703e-05,-0.0014790386527208156
0.031875000000000014,0.49687499999999996,6.886270340721274e-05,-0.0014802750991686475
0.031875000000000014,0.5031249999999999,6.563245126313826e-05,-0.0014814312551646234
0.031875000000000014,0.5093749999999999,6.256826682393789e-05,-0.0014825128654526237
0.031875000000000014,0.515625,5.966074839087758e-05,-0.0014835252227913681
0.031875000000000014,0.5218749999999999,5.690108033069957e-05,-0.0014844732068942943
0.031875000000000014,0.528125,5.428099305691444e-05,-0.0014853613197163254
0.031875000000000014,0.534375,5.1792725975724145e-05,-0.0014861937174584226
0.031875000000000014,0.5406249999999999,4.942899316154272e-05,-0.0014869742396203085
0.031875000000000014,0.546875,4.71829515466599e-05,-0.00148770643539599
0.031875000000000014,0.5531249999999999,4.50481714274987e-05,-0.0014883935876750679
0.031875000000000014,0.559375,4.3018609106295384e-05,-0.001489038734884832
0.031875000000000014,0.565625,4.108858150201291e-05,-0.001489644690883321
0.031875000000000014,0.5718749999999999,3.92527425779929e-05,-0.001490214063091525
0.031875000000000014,0.578125,3.7506061446379604e-05,-0.0014907492690333533
0.031875000000000014,0.5843749999999999,3.584380202080361e-05,-0.001491252551434634
0.031875000000000014,0.590625,3.4261504099288255e-05,-0.0014917259920169353
0.031875000000000014,0.596875,3.2754965768927604e-05,-0.0014921715241082436
0.03562499999999999,0.0031249999999999997,-0.01907381085596011,0.019692173320152877
0.03562499999999999,0.009375,-0.013865075197515734,0.02017662843856537
0.03562499999999999,0.015625,-0.009467079936947656,0.019501846367613797
0.03562499999999999,0.021875,-0.005948062772521412,0.01813786130433586
0.03562499999999999,0.028124999999999997,-0.0032395236861020122,0.016432847327639822
0.03562499999999999,0.034374999999999996,-0.0012172901919859634,0.014617955009788722
0.03562499999999999,0.040624999999999994,0.000252390787334604,0.012833848115262374
0.03562499999999999,0.046875,0.001291331332316282,0.011158532442588204
0.03562499999999999,0.05312499999999999,0.0020018496055284013,0.009629524387826301
0.03562499999999999,0.059375,0.0024660795753040227,0.008259539092131304
0.03562499999999999,0.06562499999999999,0.00274815347633093,0.007046898787602562
0.03562499999999999,0.071875,0.0028972545334988884,0.005982156781054088
0.03562499999999999,0.078125,0.002950635035238674,0.0050521766573284645
0.03562499999999999,0.08437499999999999,0.0029362504939444444,0.004242562152343853
0.03562499999999999,0.09062499999999998,0.0028749220653861876,0.0035390441976287496
0.03562499999999999,0.09687499999999999,0.002782051480304223,0.002928221937423772
0.03562499999999999,0.103125,0.002668952880633728,0.002397911959117528
0.03562499999999999,0.109375,0.002543873436846182,0.0019372662593110952
0.03562499999999999,0.11562499999999999,0.0024127686529311497,0.0015367590036104192
0.03562499999999999,0.12187499999999998,0.0022798878661040465,0.001188103581987678
0.03562499999999999,0.128125,0.0021482146235141985,0.000884137087786977
0.03562499999999999,0.13437499999999997,0.002019796958171266,0.0006186940652959088
0.03562499999999999,0.140625,0.001895994560902258,0.0003864818776350993
0.03562499999999999,0.14687499999999998,0.0017776634359153922,0.00018296422275685797
0.03562499999999999,0.153125,0.0016652936296158614,4.2558145901716755e-06
0.03562499999999999,0.159375,0.0015591117835346414,-0.0001529708154102518
0.03562499999999999,0.16562499999999997,0.001459157342776188,-0.00029156660312157855
0.03562499999999999,0.171875,0.0013653390454954819,-0.00041397614012827653
0.03562499999999999,0.17812499999999998,0.0012774766592068148,-0.0005222978606976147
0.03562499999999999,0.18437499999999998,0.0011953316842695893,-0.0006183354056081272
0.03562499999999999,0.190625,0.0011186298117210288,-0.0007036413148789414
0.03562499999999999,0.19687499999999997,0.0010470772239346132,-0.0007795541182460326
0.03562499999999999,0.203125,0.000980372303529913,-0.000847229783549355
0.03562499999999999,0.20937499999999998,0.0009182139242865831,-0.0009076683674626315
0.03562499999999999,0.21562499999999998,0.0008603072043607868,-0.0009617366005156444
0.03562499999999999,0.221875,0.0008063673820759563,-0.0010101870344437233
0.03562499999999999,0.22812499999999997,0.0007561223094521761,-0.0010536742868733307
0.03562499999999999,0.234375,0.0007093139346369902,-0.001092768836792448
0.03562499999999999,0.24062499999999998,0.0006656990511959413,-0.0011279687537659863
0.03562499999999999,0.24687499999999996,0.0006250495221155138,-0.0011597096835505392
0.03562499999999999,0.253125,0.0005871521336108911,-0.0011883733615399694
0.03562499999999999,0.25937499999999997,0.0005518081941113446,-0.0012142948821895873
0.03562499999999999,0.265625,0.0005188329638922293,-0.0012377689161246976
0.03562499999999999,0.271875,0.00048805497831540414,-0.001259055036034549
0.03562499999999999,0.27812499999999996,0.0004593153107118978,-0.0012783822867924737
0.03562499999999999,0.284375,0.00043246680822470456,-0.0012959531137492102
0.03562499999999999,0.29062499999999997,0.00040737332439549646,-0.0013119467451505498
0.03562499999999999,0.296875,0.000383908965149705,-0.0013265221095635962
0.03562499999999999,0.303125,0.000361957359522762,-0.0013398203565774204
0.03562499999999999,0.30937499999999996,0.0003414109625322606,-0.0013519670384698156
0.03562499999999999,0.315625,0.00032217039470025196,-0.0013630740016638656
0.03562499999999999,0.32187499999999997,0.0003041438206120546,-0.0013732410293537506
0.03562499999999999,0.328125,0.0002872463673696545,-0.0013825572704231099
0.03562499999999999,0.334375,0.00027139958271245725,-0.0013911024845153044
0.03562499999999999,0.34062499999999996,0.0002565309318245913,-0.0013989481286799778
0.03562499999999999,0.34687499999999993,0.00024257333134182333,-0.0014061583072786598
0.03562499999999999,0.35312499999999997,0.0002294647187484174,-0.0014127906036709096
0.03562499999999999,0.359375,0.00021714765516651539,-0.001418896809527649
0.03562499999999999,0.365625,0.00020556895945116714,-0.001424523565351687
0.03562499999999999,0.37187499999999996,0.00019467937148533263,-0.001429712923861697
0.03562499999999999,0.37812499999999993,0.0001844332426001881,-0.001434502846260706
0.03562499999999999,0.38437499999999997,0.00017478825111129194,-0.0014389276400180485
0.03562499999999999,0.390625,0.0001657051410489581,-0.0014430183456067222
0.03562499999999999,0.396875,0.00015714748226292158,-0.0014468030786243759
0.03562499999999999,0.40312499999999996,0.00014908145019073486,-0.0014503073328591084
0.03562499999999999,0.40937499999999993,0.00014147562369169747,-0.001453554249118488
0.03562499999999999,0.41562499999999997,0.00013430079946022042,-0.001456564854002936
0.03562499999999999,0.421875,0.00012752982164206762,-0.0014593582722570088
0.03562499999999999,0.428125,0.00012113742538232614,-0.0014619519158608658
0.03562499999999999,0.43437499999999996,0.0001151000931342617,-0.0014643616526180325
0.03562499999999999,0.44062499999999993,0.00010939592265280147,-0.0014666019566450003
0.03562499999999999,0.44687499999999997,0.00010400450568495988,-0.0014686860428651358
0.03562499999999999,0.453125,9.89068164520251e-05,-0.0014706259873470406
0.03562499999999999,0.459375,9.40851090948036e-05,-0.0014724328351000716
0.03562499999999999,0.46562499999999996,8.95228233238829e-05,-0.001474116696742291
0.03562499999999999,0.47187499999999993,8.520449758195247e-05,-0.0014756868352844845
0.03562499999999999,0.47812499999999997,8.111568908502756e-05,-0.0014771517441244607
0.03562499999999999,0.48437499999999994,7.724290016426336e-05,-0.0014785192172156116
0.03562499999999999,0.490625,7.357351038026145e-05,-0.0014797964122600113
0.03562499999999999,0.49687499999999996,7.009571392769092e-05,-0.0014809899076769844
0.03562499999999999,0.5031249999999999,6.679846188998574e-05,-0.0014821057540111116
0.03562499999999999,0.5093749999999999,6.367140894216669e-05,-0.0014831495203674505
0.03562499999999999,0.515625,6.0704864134750254e-05,-0.001484126336394905
0.03562499999999999,0.5218749999999999,5.78897454235417e-05,-0.00148504093027996
0.03562499999999999,0.528125,5.52175376391162e-05,-0.0014858976631613524
0.03562499999999999,0.534375,5.2680253616226114e-05,-0.0014867005603307897
0.03562499999999999,0.5406249999999999,5.027039822744485e-05,-0.0014874533395447351
0.03562499999999999,0.546875,4.798093508729213e-05,-0.001488159436736907
0.03562499999999999,0.5531249999999999,4.580525571306194e-05,-0.0014888220293898843
0.03562499999999999,0.559375,4.37371509467699e-05,-0.001489444057796563
0.03562499999999999,0.565625,4.177078445922136e-05,-0.001490028244417722
0.03562499999999999,0.5718749999999999,3.990066817230452e-05,-0.0014905771115202656
0.03562499999999999,0.578125,3.8121639449386355e-05,-0.0014910929972614415
0.03562499999999999,0.5843749999999999,3.64288399162417e-05,-0.0014915780703672306
0.03562499999999999,0.590625,3.4817695786391484e-05,-0.0014920343435378973
0.03562499999999999,0.596875,3.328389957517283e-05,-0.0014924636857001374
0.03937499999999999,0.0031249999999999997,-0.0197594115155456,0.023262622917889275
0.03937499999999999,0.009375,-0.013730920415232908,0.02331883075986662
0.03937499999999999,0.015625,-0.008826046357667925,0.02209799633984964
0.03937499999999999,0.021875,-0.005040012579078258,0.020197699233941813
0.03937499999999999,0.028124999999999997,-0.002226090775656676,0.01802373606670224
0.03937499999999999,0.034374999999999996,-0.00019783787040944113,0.01582361751708388
0.03937499999999999,0.040624999999999994,0.0012218805258635494,0.013734410566707524
0.03937499999999999,0.046875,0.002182869608714457,0.011822845937650326
0.03937499999999999,0.05312499999999999,0.00280455375850579,0.010113560090458034
0.03937499999999999,0.059375,0.0031790018415094453,0.008607384036446846
0.03937499999999999,0.06562499999999999,0.0033757561683226676,0.007292624446884208
0.03937499999999999,0.071875,0.0034466446321304214,0.006151781641102404
0.03937499999999999,0.078125,0.0034299253426747665,0.0051654159722375
0.03937499999999999,0.08437499999999999,0.0033536251750761375,0.004314276851773569
0.03937499999999999,0.09062499999999998,0.0032381344322818966,0.003580394233522651
0.03937499999999999,0.09687499999999999,0.0030981819628074997,0.00294756351275091
0.03937499999999999,0.103125,0.002944319805418373,0.002401485808587306
0.03937499999999999,0.109375,0.0027840303426887223,0.0019297210565333675
0.03937499999999999,0.11562499999999999,0.0026225477426949553,0.0015215472297392292
0.03937499999999999,0.12187499999999998,0.0024634653693584615,0.0011677799411986558
0.03937499999999999,0.128125,0.0023091838873284774,0.0008605830299771521
0.03937499999999999,0.13437499999999997,0.002161241270032109,0.0005932865481072585
0.03937499999999999,0.140625,0.002020555475240002,0.00036022017031471076
0.03937499999999999,0.14687499999999998,0.0018876026323102059,0.00015656518595962184
0.03937499999999999,0.153125,0.0017625476486765146,-2.177449008571009e-05
0.03937499999999999,0.159375,0.0016453397258963407,-0.0001782832895059277
0.03937499999999999,0.16562499999999997,0.001535782003845182,-0.00031592862746737975
0.03937499999999999,0.171875,0.0014335821349942938,-0.00043724112890753406
0.03937499999999999,0.17812499999999998,0.0013383888082733738,-0.0005443823687185668
0.03937499999999999,0.18437499999999998,0.0012498179281180027,-0.0006392019246429999
0.03937499999999999,0.190625,0.0011674711857252338,-0.0007232853590919755
0.03937499999999999,0.19687499999999997,0.001090949045183747,-0.0007979945460359056
0.03937499999999999,0.203125,0.0010198596398740259,-0.0008645015632096765
0.03937499999999999,0.20937499999999998,0.0009538246849806135,-0.0009238171890481249
0.03937499999999999,0.21562499999999998,0.00089248322385268,-0.000976814882686613
0.03937499999999999,0.221875,0.0008354938126486382,-0.0010242509851307838
0.03937499999999999,0.22812499999999997,0.0007825355896269698,-0.0010667817595036706
0.03937499999999999,0.234375,0.0007333085581995315,-0.0011049777863604206
0.03937499999999999,0.24062499999999998,0.0006875333258427852,-0.001139336144293926
0.03937499999999999,0.24687499999999996,0.0006449504763489326,-0.001170290734261655
0.03937499999999999,0.253125,0.000605319704919886,-0.0011982210461889001
0.03937499999999999,0.25937499999999997,0.0005684188099922108,-0.001223459616590474
0.03937499999999999,0.265625,0.0005340426092670074,-0.001246298384574211
0.03937499999999999,0.271875,0.0005020018278574533,-0.0012669941192455319
0.03937499999999999,0.27812499999999996,0.0004721219920131312,-0.001285773063034521
0.03937499999999999,0.284375,0.0004442423512353142,-0.0013028349118162402
0.03937499999999999,0.29062499999999997,0.0004182148437923462,-0.0013183562330569569
0.03937499999999999,0.296875,0.0003939031149562327,-0.0013324934068999236
0.03937499999999999,0.303125,0.0003711815931702003,-0.0013453851615297747
0.03937499999999999,0.30937499999999996,0.00034993462641812184,-0.0013571547628496757
0.03937499999999999,0.315625,0.00033005567899790786,-0.0013679119090781553
0.03937499999999999,0.32187499999999997,0.00031144658747571895,-0.0013777543730000535
0.03937499999999999,0.328125,0.0002940168736466169,-0.0013867694280218206
0.03937499999999999,0.334375,0.0002776831117231428,-0.0013950350886660474
0.03937499999999999,0.34062499999999996,0.0002623683466213975,-0.001402621191512541
0.03937499999999999,0.34687499999999993,0.0002480015600436655,-0.001409590338704105
0.03937499999999999,0.35312499999999997,0.00023451718101469564,-0.0014159987228610726
0.03937499999999999,0.359375,0.00022185463757622614,-0.0014218968494876237
0.03937499999999999,0.365625,0.00020995794645224203,-0.001427330170620527
0.03937499999999999,0.37187499999999996,0.00019877533764443855,-0.0014323396414972869
0.03937499999999999,0.37812499999999993,0.00018825891108788714,-0.0014369622103476668
0.03937499999999999,0.38437499999999997,0.00017836432267967964,-0.0014412312499919673
0.03937499999999999,0.390625,0.00016905049718034555,-0.001445176938721119
0.03937499999999999,0.396875,0.00016027936567345437,-0.0014488265969041453
0.03937499999999999,0.40312499999999996,0.00015201562544918973,-0.0014522049848899059
0.03937499999999999,0.40937499999999993,0.00014422652035027623,-0.001455334567018896
0.03937499999999999,0.41562499999999997,0.00013688163978190374,-0.0014582357459177056
0.03937499999999999,0.421875,0.00012995273474035319,-0.0014609270706970859
0.03937499999999999,0.428125,0.00012341354935753804,-0.0014634254222006726
0.03937499999999999,0.43437499999999996,0.00011723966659062994,-0.001465746178043664
0.03937499999999999,0.44062499999999993,0.00011140836680758507,-0.0014679033598293569
0.03937499999999999,0.44687499999999997,0.00010589849813113372,-0.001469909764628152
0.03937499999999999,0.453125,0.0001006903575061618,-0.0014717770825414846
0.03937499999999999,0.459375,9.57655815489579e-05,-0.00147351600194617
0.03937499999999999,0.46562499999999996,9.110704632213827e-05,-0.001475136303817885
0.03937499999999999,0.47187499999999993,8.669877525678532e-05,-0.0014766469463616792
0.03937499999999999,0.47812499999999997,8.252585451404661e-05,-0.0014780561410288428
0.03937499999999999,0.48437499999999994,7.857435514270887e-05,-0.0014793714208701564
0.03937499999999999,0.490625,7.483126144762919e-05,-0.0014805997020627508
0.03937499999999999,0.49687499999999996,7.128440503689133e-05,-0.0014817473393493815
0.03937499999999999,0.5031249999999999,6.792240406362588e-05,-0.0014828201760428308
0.03937499999999999,0.5093749999999999,6.473460722204513e-05,-0.0014838235891728206
0.03937499999999999,0.515625,6.171104209679475e-05,-0.0014847625302867725
0.03937499999999999,0.5218749999999999,5.884236750059584e-05,-0.0014856415623577988
0.03937499999999999,0.528125,5.611982946768296e-05,-0.0014864648932023752
0.03937499999999999,0.534375,5.353522060005579e-05,-0.0014872364057653502
0.03937499999999999,0.5406249999999999,5.108084249032583e-05,-0.001487959685590472
0.03937499999999999,0.546875,4.8749470969235084e-05,-0.0014886380457598146
0.03937499999999999,0.5531249999999999,4.6534323947965985e-05,-0.0014892745495547592
0.03937499999999999,0.559375,4.4429031645375364e-05,-0.001489872031064019
0.03937499999999999,0.565625,4.242760900846538e-05,-0.0014904331139401696
0.03937499999999999,0.5718749999999999,4.0524430150913715e-05,-0.001490960228484854
0.03937499999999999,0.578125,3.871420464949631e-05,-0.0014914556272239447
0.03937499999999999,0.5843749999999999,3.6991955551882675e-05,-0.0014919213991171913
0.03937499999999999,0.590625,3.535299896169323e-05,-0.0014923594825319826
0.03937499999999999,0.596875,3.379292507800971e-05,-0.0014927716770975958
0.043125,0.0031249999999999997,-0.020073979404758958,0.027486134054285544
0.043125,0.009375,-0.013160276214409903,0.026885155861734567
0.043125,0.015625,-0.007771371467530429,0.02493355610913834
0.043125,0.021875,-0.003778578621686304,0.02236958779177161
0.043125,0.028124999999999997,-0.0009272974471981124,0.019647048113693572
0.043125,0.034374999999999996,0.001044699854255604,0.017015720781461848
0.043125,0.040624999999999994,0.002362440780254863,0.014597194782374609
0.043125,0.046875,0.0032040466710332696,0.012438492237000292
0.043125,0.05312499999999999,0.0037047562612246643,0.010545843139951824
0.043125,0.059375,0.003964868739652973,0.008904729201354059
0.043125,0.06562499999999999,0.0040577145431349776,0.007491332204495141
0.043125,0.071875,0.004036392655798643,0.006278848642946805
0.043125,0.078125,0.003939066640538768,0.005240816533908309
0.043125,0.08437499999999999,0.0037929792053584253,0.004352736030422461
0.043125,0.09062499999999998,0.0036174358964634157,0.003592735775209292
0.043125,0.09687499999999999,0.003425997854492313,0.0029417216383903553
0.043125,0.103125,0.0032280827345111673,0.0023832590132863915
0.043125,0.109375,0.003030128941155613,0.0019033312701135208
0.043125,0.11562499999999999,0.0028364402465817892,0.0014900536023215723
0.043125,0.12187499999999998,0.002649797558828746,0.0011333846915989043
0.043125,0.128125,0.002471901492510046,0.000824857423223308
0.043125,0.13437499999999997,0.002303692158836085,0.000557337871718978
0.043125,0.140625,0.002145579910506377,0.00032481515283566817
0.043125,0.14687499999999998,0.001997611518319085,0.00012222125525600236
0.043125,0.153125,0.0018595895270950723,-5.472170771493178e-05
0.043125,0.159375,0.0017311576596857098,-0.0002096300386459026
0.043125,0.16562499999999997,0.0016118616045002637,-0.000345566097386462
0.043125,0.171875,0.0015011919635748187,-0.00046512816417159535
0.043125,0.17812499999999998,0.0013986142849094529,-0.0005705253286222196
0.043125,0.18437499999999998,0.0013035897591447104,-0.0006636398507200371
0.043125,0.190625,0.0012155891853940835,-0.0007460790867416437
0.043125,0.19687499999999997,0.001134102102287132,-0.0008192187479937194
0.043125,0.203125,0.0010586424645028976,-0.0008842389724433212
0.043125,0.20937499999999998,0.0009887518692478902,-0.0009421544409967549
0.043125,0.21562499999999998,0.0009240010629539391,-0.0009938395593921848
0.043125,0.221875,0.0008639902582411157,-0.0010400495497784742
0.043125,0.22812499999999997,0.0008083486448500093,-0.001081438148764643
0.043125,0.234375,0.0007567333712428679,-0.0011185724867453493
0.043125,0.24062499999999998,0.0007088281953264553,-0.0011519456226553137
0.043125,0.24687499999999996,0.0006643419455576701,-0.001181987125444275
0.043125,0.253125,0.0006230068919354058,-0.0012090720254420888
0.043125,0.25937499999999997,0.000584577095949825,-0.001233528402813369
0.043125,0.265625,0.0005488267864440725,-0.0012556438343168915
0.043125,0.271875,0.0005155487923358722,-0.0012756708817897246
0.043125,0.27812499999999996,0.00048455305162541226,-0.0012938317746878439
0.043125,0.284375,0.0004556652078880835,-0.001310322413417099
0.043125,0.29062499999999997,0.0004287252996369035,-0.001325315799084784
0.043125,0.296875,0.00040358654389181857,-0.001338964977878863
0.043125,0.303125,0.0003801142125335533,-0.0013514055738747255
0.043125,0.30937499999999996,0.0003581845981955519,-0.001362757972136407
0.043125,0.315625,0.00033768406529887437,-0.0013731292040781622
0.043125,0.32187499999999997,0.0003185081811699318,-0.001382614578822449
0.043125,0.328125,0.00030056092185873383,-0.0013912990974369057
0.043125,0.334375,0.00028375394719233995,-0.0013992586812149109
0.043125,0.34062499999999996,0.00026800593967871514,-0.0014065612403845844
0.043125,0.34687499999999993,0.0002532420020650326,-0.0014132676056279893
0.043125,0.35312499999999997,0.00023939310861168664,-0.0014194323414332558
0.043125,0.359375,0.00022639560544019684,-0.0014251044574782705
0.043125,0.365625,0.00021419075562943463,-0.0014303280318658028
0.043125,0.37187499999999996,0.00020272432505593043,-0.0014351427580224132
0.043125,0.37812499999999993,0.00019194620529066464,-0.0014395844253760693
0.043125,0.38437499999999997,0.00018181007017023718,-0.0014436853424895613
0.043125,0.390625,0.000172273062950547,-0.0014474747101065387
0.043125,0.396875,0.00016329551122371295,-0.0014509789505295493
0.043125,0.40312499999999996,0.0001548406670327755,-0.0014542219988658224
0.043125,0.40937499999999993,0.00014687446985341116,-0.0014572255609225833
0.043125,0.41562499999999997,0.00013936533032776424,-0.0014600093418892612
0.043125,0.421875,0.0001322839328332092,-0.0014625912493921986
0.043125,0.428125,0.0001256030551493198,-0.001464987574034234
0.043125,0.43437499999999996,0.00011929740365059805,-0.0014672131501250153
0.043125,0.44062499999999993,0.00011334346260173647,-0.0014692814989580637
0.043125,0.44687499999999997,0.00010771935626748829,-0.0014712049566891188
0.043125,0.453125,0.00010240472267175031,-0.0014729947886100144
0.043125,0.459375,9.738059795129137e-05,-0.00147466129138732
0.043125,0.46562499999999996,9.262931034973813e-05,-0.0014762138846401162
0.043125,0.47187499999999993,8.813438298791672e-05,-0.0014776611930623074
0.043125,0.47812499999999997,8.388044462835233e-05,-0.0014790111201481069
0.043125,0.48437499999999994,7.985314772547981e-05,-0.0014802709144516987
0.043125,0.490625,7.603909311968039e-05,-0.0014814472292008932
0.043125,0.49687499999999996,7.242576079333335e-05,-0.001482546175987639
0.043125,0.5031249999999999,6.900144616128679e-05,-0.0014835733731735558
0.043125,0.5093749999999999,6.575520141709487e-05,-0.0014845339895745823
0.043125,0.515625,6.267678150055301e-05,-0.0014854327839239718
0.043125,0.5218749999999999,5.975659429196649e-05,-0.0014862741405559869
0.043125,0.528125,5.698565467463333e-05,-0.0014870621017027078
0.043125,0.534375,5.4355542139601465e-05,-0.0014878003967524623
0.043125,0.5406249999999999,5.185836163620291e-05,-0.0014884924687797521
0.043125,0.546875,4.9486707398508254e-05,-0.0014891414986224923
0.043125,0.5531249999999999,4.7233629501940815e-05,-0.00148975042675234
0.043125,0.559375,4.5092602926105995e-05,-0.0014903219731573518
0.043125,0.565625,4.305749891965351e-05,-0.0014908586554327394
0.043125,0.5718749999999999,4.1122558480892104e-05,-0.00149136280525472
0.043125,0.578125,3.928236778411311e-05,-0.0014918365833940404
0.043125,0.5843749999999999,3.7531835396305406e-05,-0.001492281993409418
0.043125,0.590625,3.58661711423091e-05,-0.0014927008941466337
0.043125,0.596875,3.428086648859786e-05,-0.001493095011156105
0.046875,0.0031249999999999997,-0.01979188179829258,0.03243967841401394
0.046875,0.009375,-0.011983604157820578,0.030873538544579873
0.046875,0.015625,-0.006191289766561436,0.027970951985334346
0.046875,0.021875,-0.00209602513018103,0.024606741576808356
0.046875,0.028124999999999997,0.0006952220955623951,0.021258881328834668
0.046875,0.034374999999999996,0.0025304383300879764,0.01815738903520523
0.046875,0.040624999999999994,0.003683340232090019,0.015392852924814014
0.046875,0.046875,0.0043579177201238575,0.012982773278270396
0.046875,0.05312499999999999,0.004702103235539078,0.010909092701517797
0.046875,0.059375,0.004821578362752935,0.009138532421358894
0.046875,0.06562499999999999,0.00479114325915754,0.007633225411537629
0.046875,0.071875,0.004663375974588592,0.006356016715064231
0.046875,0.078125,0.004474996146648022,0.005272883101558963
0.046875,0.08437499999999999,0.004251460155466197,0.004353827316386814
0.046875,0.09062499999999998,0.004010249870280505,0.0035729910291853535
0.046875,0.09687499999999999,0.0037632158369176067,0.0029083923838200128
0.046875,0.103125,0.003518243028038514,0.0023415068193132207
0.046875,0.109375,0.003280433681536199,0.001856806059246653
0.046875,0.11562499999999999,0.0030529466755487454,0.0014413127775657203
0.046875,0.12187499999999998,0.0028375928091834367,0.0010841969919262915
0.046875,0.128125,0.002635256602927512,0.0007764233324783348
0.046875,0.13437499999999997,0.002446194751387671,0.0005104495925428798
0.046875,0.140625,0.0022702468242200113,0.00027997277074305756
0.046875,0.14687499999999998,0.002106983507999153,7.971710627296068e-05
0.046875,0.153125,0.001955810380272875,-9.474177741550845e-05
0.046875,0.159375,0.0018160400292639154,-0.00024712222918620995
0.046875,0.16562499999999997,0.001686941656624452,-0.00038055646402355005
0.046875,0.171875,0.0015677746869058485,-0.0004976893625925445
0.046875,0.17812499999999998,0.0014578110459010185,-0.0006007598829669642
0.046875,0.18437499999999998,0.0013563494419526095,-0.000691668184167124
0.046875,0.190625,0.0012627240351971258,-0.0007720310288807727
0.046875,0.19687499999999997,0.001176309200298939,-0.0008432275782684715
0.046875,0.203125,0.0010965216011617983,-0.0009064373104726761
0.046875,0.20937499999999998,0.001022820446502107,-0.0009626714783171706
0.046875,0.21562499999999998,0.0009547065440024506,-0.0010127992616487235
0.046875,0.221875,0.0008917205902268941,-0.0010575695570224422
0.046875,0.22812499999999997,0.0008334410037098981,-0.001097629173973832
0.046875,0.234375,0.0007794815154111725,-0.0011335380659971896
0.046875,0.24062499999999998,0.0007294886638591477,-0.00116578210966108
0.046875,0.24687499999999996,0.0006831392944523405,-0.0011947838521171937
0.046875,0.253125,0.000640138128267155,-0.0012209115715439162
0.046875,0.25937499999999997,0.0006002154415189077,-0.0012444869334953116
0.046875,0.265625,0.0005631248797828264,-0.0012657914760044596
0.046875,0.271875,0.0005286414192072313,-0.0012850721154337571
0.046875,0.27812499999999996,0.0004965594787949963,-0.0013025458317093965
0.046875,0.284375,0.00046669118234233777,-0.0013184036642988597
0.046875,0.29062499999999997,0.0004388647650442989,-0.0013328141279405036
0.046875,0.296875,0.0004129231175516492,-0.0013459261387870863
0.046875,0.303125,0.0003887224589938214,-0.0013578715265331917
0.046875,0.30937499999999996,0.00036613112987709845,-0.001368767195656646
0.046875,0.315625,0.00034502849561733145,-0.001378716988628585
0.046875,0.32187499999999997,0.000325303951621437,-0.0013878132954411252
0.046875,0.328125,0.000306856021184025,-0.001396138446745754
0.046875,0.334375,0.00028959153793813665,-0.001403765922029887
0.046875,0.34062499999999996,0.00027342490513824813,-0.001410761399372346
0.046875,0.34687499999999993,0.0002582774246219152,-0.001417183669238723
0.046875,0.35312499999999997,0.0002440766888680668,-0.0014230854313642817
0.046875,0.359375,0.0002307560301279701,-0.001428513990910333
0.046875,0.365625,0.00021825402113838184,-0.0014335118676758066
0.046875,0.37187499999999996,0.00020651402242885154,-0.0014381173301217316
0.046875,0.37812499999999993,0.00019548377170309887,-0.0014423648642589689
0.046875,0.38437499999999997,0.00018511501120652195,-0.0014462855860064257
0.046875,0.390625,0.00017536314938835896,-0.0014499076044047778
0.046875,0.396875,0.00016618695352887643,-0.0014532563420336774
0.046875,0.40312499999999996,0.00015754827033092204,-0.001456354818098758
0.046875,0.40937499999999993,0.00014941177177326594,-0.0014592238989038194
0.046875,0.41562499999999997,0.00014174472379260478,-0.0014618825197827896
0.046875,0.421875,0.00013451677560417946,-0.00146434788201831
0.046875,0.428125,0.00012769976768990343,-0.0014666356278047147
0.046875,0.43437499999999996,0.00012126755667988175,-0.0014687599959107764
0.046875,0.44062499999999993,0.00011519585553026599,-0.0014707339603518155
0.046875,0.44687499999999997,0.00010946208755943643,-0.0014725693540831477
0.046875,0.453125,0.00010404525304732409,-0.001474276979470231
0.046875,0.459375,9.892580723087442e-05,-0.0014758667070692867
0.046875,0.46562499999999996,9.408554864371934e-05,-0.0014773475640605176
0.046875,0.47187499999999993,8.950751685139032e-05,-0.0014787278135100093
0.046875,0.47812499999999997,8.517589872610353e-05,-0.001480015025492369
0.046875,0.48437499999999994,8.107594248836697e-05,-0.0014812161409809965
0.046875,0.490625,7.719387881739309e-05,-0.001482337529303982
0.046875,0.49687499999999996,7.351684839943479e-05,-0.001483385039868728
0.046875,0.5031249999999999,7.003283534348898e-05,-0.0014843640487755788
0.046875,0.5093749999999999,6.673060594805121e-05,-0.0014852795008683825
0.046875,0.515625,6.359965235138842e-05,-0.0014861359477065864
0.046875,0.5218749999999999,6.063014064169614e-05,-0.0014869375818879914
0.046875,0.528125,5.7812863043033186e-05,-0.0014876882681026163
0.046875,0.534375,5.513919382853847e-05,-0.0014883915712553607
0.046875,0.5406249999999999,5.2601048644526226e-05,-0.0014890507819575562
0.046875,0.546875,5.0190846958010736e-05,-0.0014896689396543669
0.046875,0.5531249999999999,4.790147736633557e-05,-0.001490248853625805
0.046875,0.559375,4.572626553117246e-05,-0.0014907931220733473
0.046875,0.565625,4.365894452047808e-05,-0.0014913041494813567
0.046875,0.5718749999999999,4.1693627361267186e-05,-0.001491784162422353
0.046875,0.578125,3.9824781623502674e-05,-0.0014922352239573264
0.046875,0.5843749999999999,3.8047205871191476e-05,-0.0014926592467664481
0.046875,0.590625,3.635600783107567e-05,-0.001493058005131483
0.046875,0.596875,3.474658414227753e-05,-0.001493433145878707
0.050625,0.0031249999999999997,-0.018599336109807216,0.03816034905767715
0.050625,0.009375,-0.00999407793299531,0.03523590759204463
0.050625,0.015625,-0.003964247744189363,0.03113699562282659
0.050625,0.021875,7.349889342274638e-05,0.026838834702654885
0.050625,0.028124999999999997,0.0026742394266955245,0.022800945738468113
0.050625,0.034374999999999996,0.004273530953811882,0.019203345272954978
0.050625,0.040624999999999994,0.005188671762354557,0.016087302173210485
0.050625,0.046875,0.005643395045244281,0.013430428952927013
0.050625,0.05312499999999999,0.005793049434821971,0.011184728793198116
0.050625,0.059375,0.005744617508929551,0.009295173788728399
0.050625,0.06562499999999999,0.005571352873187981,0.007708332367019215
0.050625,0.071875,0.005323128477879208,0.006375986099367599
0.050625,0.078125,0.005033652424669329,0.005256270060361707
0.050625,0.08437499999999999,0.004725473357863258,0.004313634461676491
0.050625,0.09062499999999998,0.0044134476246688115,0.003518290304426425
0.050625,0.09687499999999999,0.0041071412605482305,0.0028454734380144405
0.050625,0.103125,0.0038124950682378957,0.002274690515689476
0.050625,0.109375,0.0035329794739222408,0.001789021333476836
0.050625,0.11562499999999999,0.0032703955756609162,0.0013745061535213334
0.050625,0.12187499999999998,0.003025430431321413,0.0010196236094487682
0.050625,0.128125,0.0027980413642134856,0.0007148539386797382
0.050625,0.13437499999999997,0.002587721153927401,0.0004523178225721248
0.050625,0.140625,0.0023936801702649775,0.0002254799249504643
0.050625,0.14687499999999998,0.002214970572375628,2.89066202173499e-05
0.050625,0.153125,0.002050570111456768,-0.00014193150603169884
0.050625,0.159375,0.0018994378026518154,-0.0002908204879628505
0.050625,0.16562499999999997,0.001760550056561864,-0.00042093394588807323
0.050625,0.171875,0.0016329232928501622,-0.0005349398107240997
0.050625,0.17812499999999998,0.0015156272600700329,-0.0006350874053447631
0.050625,0.18437499999999998,0.001407792023839366,-0.0007232786190930335
0.050625,0.190625,0.0013086106982631135,-0.0008011261981129387
0.050625,0.19687499999999997,0.0012173393708551162,-0.0008700015907844711
0.050625,0.203125,0.0011332952309682834,-0.0009310743143814051
0.050625,0.20937499999999998,0.0010558536013081017,-0.0009853444272706858
0.050625,0.21562499999999998,0.000984444353233574,-0.0010336693838782897
0.050625,0.221875,0.000918548032380076,-0.0010767863030861705
0.050625,0.22812499999999997,0.0008576919127546227,-0.0011153304829159944
0.050625,0.234375,0.0008014461215033505,-0.0011498508356544122
0.050625,0.24062499999999998,0.0007494199235869966,-0.0011808227901708743
0.050625,0.24687499999999996,0.0007012582189261121,-0.001208659105790136
0.050625,0.253125,0.0006566382794382941,-0.0012337189596788802
0.050625,0.25937499999999997,0.0006152667364031512,-0.0012563156032752874
0.050625,0.265625,0.0005768768173500666,-0.0012767228296342095
0.050625,0.271875,0.000541225824454945,-0.0012951804501328801
0.050625,0.27812499999999996,0.0005080928420343086,-0.0013118989437564414
0.050625,0.284375,0.0004772766582699541,-0.0013270634135449802
0.050625,0.29062499999999997,0.0004485938851677734,-0.0013408369614479486
0.050625,0.296875,0.0004218772605132688,-0.0013533635737711044
0.050625,0.303125,0.0003969741159252297,-0.0013647705937949396
0.050625,0.30937499999999996,0.0003737449958115809,-0.001375170845335072
0.050625,0.315625,0.0003520624129469256,-0.0013846644604773584
0.050625,0.32187499999999997,0.00033180972741607027,-0.0013933404560301183
0.050625,0.328125,0.000312880136731589,-0.0014012780960518517
0.050625,0.334375,0.0002951757659896722,-0.0014085480718599977
0.050625,0.34062499999999996,0.00027860684794729255,-0.0014152135259820427
0.050625,0.34687499999999993,0.00026309098386699564,-0.0014213309423942381
0.050625,0.35312499999999997,0.0002485524768733922,-0.0014269509219587714
0.050625,0.359375,0.0002349217303932898,-0.0014321188590980859
0.050625,0.365625,0.00022213470500865803,-0.0014368755333378162
0.050625,0.37187499999999996,0.00021013242774003935,-0.0014412576273277967
0.050625,0.37812499999999993,0.0001988605484008484,-0.0014452981812485557
0.050625,0.38437499999999997,0.00018826893822442096,-0.001449026992074946
0.050625,0.390625,0.0001783113264702616,-0.0014524709649549451
0.050625,0.396875,0.00016894497116843075,-0.001455654422933705
0.050625,0.40312499999999996,0.0001601303605660998,-0.0014585993803805204
0.050625,0.40937499999999993,0.00015183094220246087,-0.0014613257847345277
0.050625,0.41562499999999997,0.0001440128768616637,-0.001463851730552899
0.050625,0.421875,0.00013664481494218432,-0.0014661936493057899
0.050625,0.428125,0.00012969769303863672,-0.0014683664779009302
0.050625,0.43437499999999996,0.0001231445487618091,-0.0014703838085255176
0.050625,0.44062499999999993,0.00011696035202764078,-0.0014722580220538444
0.050625,0.44687499999999997,0.00011112185122863074,-0.0014740004069774928
0.050625,0.453125,0.00010560743286422597,-0.0014756212655637898
0.050625,0.459375,0.00010039699335222375,-0.0014771300087315967
0.050625,0.46562499999999996,9.547182187308923e-05,-0.0014785352409463482
0.050625,0.47187499999999993,9.08144932150506e-05,-0.0014798448362742817
0.050625,0.47812499999999997,8.640876969143376e-05,-0.0014810660065954218
0.050625,0.48437499999999994,8.223951129430028e-05,-0.0014822053628530231
0.050625,0.490625,7.829259333126714e-05,-0.0014832689701112216
0.050625,0.49687499999999996,7.45548308665002e-05,-0.00148426239710042
0.050625,0.5031249999999999,7.101390935323085e-05,-0.0014851907608494947
0.050625,0.5093749999999999,6.765832090460714e-05,-0.0014860587669336975
0.050625,0.515625,6.447730570300344e-05,-0.0014868707458057199
0.050625,0.5218749999999999,6.146079809574456e-05,-0.0014876306856236334
0.050625,0.528125,5.859937696814791e-05,-0.0014883422619422885
0.050625,0.534375,5.5884220023377504e-05,-0.0014890088645933765
0.050625,0.5406249999999999,5.330706163329507e-05,-0.0014896336220429967
0.050625,0.546875,5.086015395571604e-05,-0.0014902194234835615
0.050625,0.5531249999999999,4.8536231041588724e-05,-0.0014907689388886703
0.050625,0.559375,4.632847568094267e-05,-0.0014912846372346976
0.050625,0.565625,4.423048875929994e-05,-0.0014917688030708662
0.050625,0.5718749999999999,4.223626091685165e-05,-0.001492223551600141
0.050625,0.578125,4.034014632132163e-05,-0.0014926508424160647
0.050625,0.5843749999999999,3.853683838226272e-05,-0.0014930524920254162
0.050625,0.590625,3.682134724974496e-05,-0.0014934301852730302
0.050625,0.596875,3.518897895417045e-05,-0.0014937854857731063
0.05437500000000001,0.0031249999999999997,-0.01608465380742402,0.044598128545041305
0.05437500000000001,0.009375,-0.006957794555414101,0.03985258451418503
0.05437500000000001,0.015625,-0.0009706234870501285,0.03431230514190276
0.05437500000000001,0.021875,0.002785495721596661,0.02896877072203543
0.05437500000000001,0.028124999999999997,0.005031655370575432,0.024200276464281772
0.05437500000000001,0.034374999999999996,0.006279073877778113,0.020100577051860045
0.05437500000000001,0.040624999999999994,0.006875585402575883,0.016642564712204273
0.05437500000000001,0.046875,0.007054253927812403,0.013754390046716702
0.05437500000000001,0.05312499999999999,0.006970306568811314,0.011353476396114405
0.05437500000000001,0.059375,0.006726761989274099,0.009360917795182135
0.05437500000000001,0.06562499999999999,0.006391693355308955,0.007706852001253142
0.05437500000000001,0.071875,0.006009765078931036,0.006331754175659694
0.05437500000000001,0.078125,0.005609945138915424,0.005185969862855659
0.05437500000000001,0.08437499999999999,0.005210676319219309,0.004228575952485932
0.05437500000000001,0.09062499999999998,0.004823355505020208,0.003426074013029532
0.05437500000000001,0.09687499999999999,0.004454681389911226,0.0027511392846590603
0.05437500000000001,0.103125,0.004108241727356766,0.0021815129609436637
0.05437500000000001,0.109375,0.003785587308202225,0.001699060873369686
0.05437500000000001,0.11562499999999999,0.003486958236026649,0.0012889924093365014
0.05437500000000001,0.12187499999999998,0.0032117739875256565,0.0009392216683637932
0.05437500000000001,0.128125,0.0029589626707335597,0.0006398495350227436
0.05437500000000001,0.13437499999999997,0.0027271806918120894,0.00038274596592712657
0.05437500000000001,0.140625,0.002514957720687112,0.00016121404371921316
0.05437500000000001,0.14687499999999998,0.00232079079073186,-3.0279902797132217e-05
0.05437500000000001,0.153125,0.0021432038495894897,-0.00019632311858506731
0.05437500000000001,0.159375,0.0019807839476154126,-0.00034073077600554587
0.05437500000000001,0.16562499999999997,0.0018322017383770014,-0.00046668639853188936
0.05437500000000001,0.171875,0.0016962215551974687,-0.0005768551866363563
0.05437500000000001,0.17812499999999998,0.00157170466970264,-0.0006734756914389499
0.05437500000000001,0.18437499999999998,0.0014576081959138676,-0.0007584341668552703
0.05437500000000001,0.190625,0.0013529813154005029,-0.0008333250412804387
0.05437500000000001,0.19687499999999997,0.0012569599551974372,-0.0008995002431776712
0.05437500000000001,0.203125,0.0011687606750788093,-0.0009581095551947382
0.05437500000000001,0.20937499999999998,0.0010876742624107768,-0.0010101337286556708
0.05437500000000001,0.21562499999999998,0.0010130593553501805,-0.0010564117401274413
0.05437500000000001,0.221875,0.0009443362938264073,-0.001097663294729199
0.05437500000000001,0.22812499999999997,0.0008809813153553436,-0.001134507461430991
0.05437500000000001,0.234375,0.0008225211573470421,-0.0011674781515337994
0.05437500000000001,0.24062499999999998,0.000768528090872511,-0.0011970370131962837
0.05437500000000001,0.24687499999999996,0.000718615387059479,-0.00122358420470815
0.05437500000000001,0.253125,0.0006724332023546288,-0.001247467421269277
0.05437500000000001,0.25937499999999997,0.0006296648600052957,-0.0012689894796610688
0.05437500000000001,0.265625,0.0005900235003157031,-0.0012884147087378801
0.05437500000000001,0.271875,0.0005532490701574137,-0.0013059743482510715
0.05437500000000001,0.27812499999999996,0.0005191056219150763,-0.0013218711218879798
0.05437500000000001,0.284375,0.00048737889287421294,-0.0013362831207831987
0.05437500000000001,0.29062499999999997,0.0004578741375603156,-0.0013493671097349403
0.05437500000000001,0.296875,0.00043041418741429703,-0.001361261348822968
0.05437500000000001,0.303125,0.0004048377142350524,-0.001372088007195037
0.05437500000000001,0.30937499999999996,0.0003809976759019828,-0.0013819552327649517
0.05437500000000001,0.315625,0.00035875992492382476,-0.0013909589308888127
0.05437500000000001,0.32187499999999997,0.00033800196229317493,-0.001399184296310551
0.05437500000000001,0.328125,0.000318611820929672,-0.0014067071354361717
0.05437500000000001,0.334375,0.0003004870646551177,-0.001413595010021339
0.05437500000000001,0.34062499999999996,0.0002835338901571555,-0.0014199082284081024
0.05437500000000001,0.34687499999999993,0.00026766632076729056,-0.0014257007063373734
0.05437500000000001,0.35312499999999997,0.0002528054821107282,-0.0014310207159433535
0.05437500000000001,0.359375,0.0002388789507887766,-0.0014359115386823392
0.05437500000000001,0.365625,0.0002258201682394958,-0.0014404120355615757
0.05437500000000001,0.37187499999999996,0.0002135679127993689,-0.0014445571460332206
0.05437500000000001,0.37812499999999993,0.00020206582376832837,-0.0014483783252376386
0.05437500000000001,0.38437499999999997,0.00019126197197235804,-0.001451903927865018
0.05437500000000001,0.390625,0.00018110847193135869,-0.001455159545710093
0.05437500000000001,0.396875,0.00017156113128350214,-0.001458168304984937
0.05437500000000001,0.40312499999999996,0.0001625791335986976,-0.0014609511285990793
0.05437500000000001,0.40937499999999993,0.00015412475114004716,-0.0014635269678896783
0.05437500000000001,0.41562499999999997,0.00014616308450959682,-0.0014659130076663186
0.05437500000000001,0.421875,0.00013866182644892787,-0.0014681248479081128
0.05437500000000001,0.428125,0.00013159104736119024,-0.0014701766650007558
0.05437500000000001,0.43437499999999996,0.00012492300038351807,-0.0014720813550161466
0.05437500000000001,0.44062499999999993,0.00011863194407133354,-0.0014738506612071002
0.05437500000000001,0.44687499999999997,0.00011269398096230879,-0.001475495287606257
0.05437500000000001,0.453125,0.00010708691047082196,-0.0014770250003744378
0.05437500000000001,0.459375,0.00010179009472630148,-0.0014784487183336081
0.05437500000000001,0.46562499999999996,9.678433611331344e-05,-0.0014797745939382394
0.05437500000000001,0.47187499999999993,9.205176539970754e-05,-0.0014810100857820662
0.05437500000000001,0.47812499999999997,8.757573945345774e-05,-0.001482162023601455
0.05437500000000001,0.48437499999999994,8.33407476506499e-05,-0.0014832366666188397
0.05437500000000001,0.490625,7.933232616781412e-05,-0.0014842397559673788
0.05437500000000001,0.49687499999999996,7.553697943275172e-05,-0.001485176561848996
0.05437500000000001,0.5031249999999999,7.194210808026925e-05,-0.0014860519260004323
0.05437500000000001,0.5093749999999999,6.853594282380234e-05,-0.0014868702999742834
0.05437500000000001,0.515625,6.530748371164993e-05,-0.0014876357796828913
0.05437500000000001,0.5218749999999999,6.224644428821035e-05,-0.0014883521366012378
0.05437500000000001,0.528125,5.934320022689599e-05,-0.001489022845979676
0.05437500000000001,0.534375,5.6588742042895237e-05,-0.001489651112377587
0.05437500000000001,0.5406249999999999,5.397463153117315e-05,-0.0014902398927941194
0.05437500000000001,0.546875,5.149296160853274e-05,-0.001490791917641464
0.05437500000000001,0.5531249999999999,4.913631926859864e-05,-0.0014913097097790562
0.05437500000000001,0.559375,4.689775138560204e-05,-0.0014917956018032526
0.05437500000000001,0.565625,4.477073312717284e-05,-0.0014922517517659613
0.05437500000000001,0.5718749999999999,4.274913875825278e-05,-0.0014926801574771072
0.05437500000000001,0.578125,4.082721463800285e-05,-0.001493082669529328
0.05437500000000001,0.5843749999999999,3.899955422940668e-05,-0.0014934610031687168
0.05437500000000001,0.590625,3.726107495736855e-05,-0.0014938167491224817
0.05437500000000001,0.596875,3.5606996765659965e-05,-0.001494151383482903
0.05812500000000001,0.0031249999999999997,-0.011755743064427917,0.05154652379557329
0.05812500000000001,0.009375,-0.0026412763750860682,0.04450483693652436
0.05812500000000001,0.015625,0.002887840733676276,0.037323847405158185
0.05812500000000001,0.021875,0.006073839516291698,0.030872413602684383
0.05812500000000001,0.028124999999999997,0.007772409426529022,0.025370886231246583
0.05812500000000001,0.034374999999999996,0.008539905597850462,0.02079013417859835
0.05812500000000001,0.040624999999999994,0.008732626013595212,0.01701824136873222
0.05812500000000001,0.046875,0.008578279435077349,0.013926881599645387
0.05812500000000001,0.05312499999999999,0.008222416253727261,0.011396163172139654
0.05812500000000001,0.059375,0.007757874671955065,0.009322482538406758
0.05812500000000001,0.06562499999999999,0.00724347066514587,0.0076195585696096635
0.05812500000000001,0.071875,0.006715959715212561,0.006216903396206943
0.05812500000000001,0.078125,0.006197763641439002,0.005057518435614592
0.05812500000000001,0.08437499999999999,0.005702001241336304,0.004095552055195781
0.05812500000000001,0.09062499999999998,0.00523578249585378,0.0032941983403250853
0.05812500000000001,0.09687499999999999,0.004802373405150579,0.002623917436266722
0.05812500000000001,0.103125,0.0044026205641912956,0.0020609737948254405
0.05812500000000001,0.109375,0.004035887697540727,0.0015862564684111626
0.05812500000000001,0.11562499999999999,0.00370066912271551,0.0011843367909141434
0.05812500000000001,0.12187499999999998,0.0033949888120513036,0.0008427200909384629
0.05812500000000001,0.128125,0.0031166570327282404,0.0005512532750666104
0.05812500000000001,0.13437499999999997,0.0028634324432094075,0.00030165631913343623
0.05812500000000001,0.140625,0.0026331215913750366,8.715164936828911e-05
0.05812500000000001,0.14687499999999998,0.002423637172173349,-9.78294038658132e-05
0.05812500000000001,0.153125,0.0022330293376097115,-0.0002578795587840491
0.05812500000000001,0.159375,0.0020594996213923167,-0.00039680090147028286
0.05812500000000001,0.16562499999999997,0.0019014038647366597,-0.0005177527263649584
0.05812500000000001,0.171875,0.0017572483936854468,-0.0006233698400395091
0.05812500000000001,0.17812499999999998,0.0016256822599021367,-0.0007158575372711527
0.05812500000000001,0.18437499999999998,0.0015054873881970123,-0.0007970681063762824
0.05812500000000001,0.190625,0.0013955678223226428,-0.0008685626681703919
0.05812500000000001,0.19687499999999997,0.0012949388231787325,-0.0009316613340522706
0.05812500000000001,0.203125,0.0012027162812703913,-0.0009874840314676868
0.05812500000000001,0.20937499999999998,0.0011181067112519016,-0.00103698384857873
0.05812500000000001,0.21562499999999998,0.0010403979689192519,-0.0010809743626012075
0.05812500000000001,0.221875,0.0009689507485268775,-0.001120152113388778
0.05812500000000001,0.22812499999999997,0.0009031908661279938,-0.0011551151464504572
0.05812500000000001,0.234375,0.0008426023027866185,-0.0011863783630384702
0.05812500000000001,0.24062499999999998,0.0007867209631830399,-0.001214386267937165
0.05812500000000001,0.24687499999999996,0.0007351290957081063,-0.0012395235893998715
0.05812500000000001,0.253125,0.0006874503164762565,-0.0012621241535802732
0.05812500000000001,0.25937499999999997,0.0006433451796600266,-0.0012824783225718062
0.05812500000000001,0.265625,0.0006025072387327026,-0.001300839246757396
0.05812500000000001,0.271875,0.0005646595466493705,-0.0013174281354376323
0.05812500000000001,0.27812499999999996,0.0005295515470731001,-0.0013324387121978235
0.05812500000000001,0.284375,0.0004969563130570314,-0.0013460409912786245
0.05812500000000001,0.29062499999999997,0.00046666809386917675,-0.0013583844868311635
0.05812500000000001,0.296875,0.00043850013474054384,-0.0013696009471875464
0.05812500000000001,0.303125,0.0004122827381418373,-0.0013798066902327368
0.05812500000000001,0.30937499999999996,0.00038786153870706694,-0.0013891046028907822
0.05812500000000001,0.315625,0.00036509596711026374,-0.001397585857055672
0.05812500000000001,0.32187499999999997,0.00034385788106847673,-0.0014053313855430267
0.05812500000000001,0.328125,0.0003240303442055159,-0.0014124131544449806
0.05812500000000001,0.334375,0.00030550653578768677,-0.0014188952623428281
0.05812500000000001,0.34062499999999996,0.0002881887763590371,-0.0014248348919343036
0.05812500000000001,0.34687499999999993,0.0002719876560842097,-0.001430283135575094
0.05812500000000001,0.35312499999999997,0.0002568212541761561,-0.0014352857128645483
0.05812500000000001,0.359375,0.00024261443916673474,-0.0014398835955998486
0.05812500000000001,0.365625,0.00022929824099197145,-0.001444113553081127
0.05812500000000001,0.37187499999999996,0.00021680928692997687,-0.0014480086287906404
0.05812500000000001,0.37812499999999993,0.0002050892943657859,-0.0014515985578259047
0.05812500000000001,0.38437499999999997,0.0001940846141794512,-0.0014549101330854123
0.05812500000000001,0.390625,0.00018374581927557075,-0.0014579675270418673
0.05812500000000001,0.396875,0.0001740273334064283,-0.0014607925749553483
0.05812500000000001,0.40312499999999996,0.00016488709599798363,-0.001463405024547406
0.05812500000000001,0.40937499999999993,0.00015628625917764194,-0.0014658227564521883
0.05812500000000001,0.41562499999999997,0.00014818891363345754,-0.0014680619791616965
0.05812500000000001,0.421875,0.0001405618403135442,-0.0014701374016723437
0.05812500000000001,0.428125,0.0001333742853083894,-0.0014720623866049652
0.05812500000000001,0.43437499999999996,0.0001265977555531291,-0.0014738490861986521
0.05812500000000001,0.44062499999999993,0.00012020583324653266,-0.0014755085632604042
0.05812500000000001,0.44687499999999997,0.00011417400711274337,-0.0014770508988795005
0.05812500000000001,0.453125,0.00010847951883447647,-0.0014784852884807723
0.05812500000000001,0.459375,0.0001031012231656285,-0.0014798201275889034
0.05812500000000001,0.46562499999999996,9.801946038996877e-05,-0.0014810630885016348
0.05812500000000001,0.47187499999999993,9.321593993323532e-05,-0.0014822211889192198
0.05812500000000001,0.47812499999999997,8.8673634060729e-05,-0.0014833008534472453
0.05812500000000001,0.48437499999999994,8.43766807032815e-05,-0.0014843079687770558
0.05812500000000001,0.490625,8.031029455293414e-05,-0.0014852479332500585
0.05812500000000001,0.49687499999999996,7.646068565725745e-05,-0.0014861257014270068
0.05812500000000001,0.5031249999999999,7.281498481923567e-05,-0.0014869458242092216
0.05812500000000001,0.5093749999999999,6.936117517916524e-05,-0.0014877124849940495
0.05812500000000001,0.515625,6.608802941703934e-05,-0.0014884295322904046
0.05812500000000001,0.5218749999999999,6.298505206927983e-05,-0.0014891005091708825
0.05812500000000001,0.528125,6.004242650318818e-05,-0.0014897286798937052
0.05812500000000001,0.534375,5.725096613678681e-05,-0.0014903170539898622
0.05812500000000001,0.5406249999999999,5.460206953138651e-05,-0.0014908684080775364
0.05812500000000001,0.546875,5.2087679019778594e-05,-0.0014913853056366564
0.05812500000000001,0.5531249999999999,4.970024256484986e-05,-0.0014918701149506653
0.05812500000000001,0.559375,4.743267857206385e-05,-0.0014923250253999073
0.05812500000000001,0.565625,4.52783434050039e-05,-0.0014927520622710078
0.05812500000000001,0.5718749999999999,4.3231001376330636e-05,-0.0014931531002289335
0.05812500000000001,0.578125,4.128479700736436e-05,-0.0014935298755827757
0.05812500000000001,0.5843749999999999,3.943422936829495e-05,-0.0014938839974624348
0.05812500000000001,0.590625,3.767412832796869e-05,-0.001494216958011114
0.05812500000000001,0.596875,3.599963255750569e-05,-0.001494530141687616
0.061874999999999986,0.0031249999999999997,-0.005113646698437724,0.05856196312722926
0.061874999999999986,0.009375,0.003137837325771457,0.04885600875188674
0.061874999999999986,0.015625,0.007661317895401196,0.03994559058386848
0.061874999999999986,0.021875,0.009937872686270974,0.032403163537975704
0.061874999999999986,0.028124999999999997,0.010878417011857757,0.026217964518665534
0.061874999999999986,0.034374999999999996,0.011033781770019008,0.021210213166121348
0.061874999999999986,0.040624999999999994,0.01073843214491215,0.017173631776805327
0.061874999999999986,0.046875,0.010196688839067656,0.013920853208237082
0.061874999999999986,0.05312499999999999,0.009533518717840228,0.011294683607022729
0.061874999999999986,0.059375,0.008824839288157419,0.00916769349137612
0.061874999999999986,0.06562499999999999,0.008115956983201202,0.007438248495429319
0.061874999999999986,0.071875,0.00743298809634452,0.006025909161621847
0.061874999999999986,0.078125,0.0067900305469740276,0.004867208891547691
0.061874999999999986,0.08437499999999999,0.006193708985038311,0.003912094160235014
0.061874999999999986,0.09062499999999998,0.005646069892793656,0.003121040231665011
0.061874999999999986,0.09687499999999999,0.005146428036367147,0.0024627626323454823
0.061874999999999986,0.103125,0.004692541135400778,0.0019124221269603923
0.061874999999999986,0.109375,0.004281352065323879,0.0014502254903612202
0.061874999999999986,0.11562499999999999,0.003909452017713575,0.0010603380052076452
0.061874999999999986,0.12187499999999998,0.00357336364842297,0.000730038909517772
0.061874999999999986,0.128125,0.00326970842741917,0.00044906507641965534
0.061874999999999986,0.13437499999999997,0.0029952999449712426,0.0002091001006745989
0.061874999999999986,0.140625,0.0027471903553963886,3.375601768225e-06
0.061874999999999986,0.14687499999999998,0.0025226876420279256,-0.00017364083254633143
0.061874999999999986,0.153125,0.0023193551783753045,-0.0003264907121019959
0.061874999999999986,0.159375,0.0021350009938630103,-0.00045891779967693804
0.061874999999999986,0.16562499999999997,0.0019676614869703667,-0.0005740209318098472
0.061874999999999986,0.171875,0.001815582582355093,-0.000674375402053464
0.061874999999999986,0.17812499999999998,0.0016772001870404638,-0.0007621297580311967
0.061874999999999986,0.18437499999999998,0.001551121057692329,-0.0008390833015237452
0.061874999999999986,0.190625,0.001436104710676398,-0.0009067483866370928
0.061874999999999986,0.19687499999999997,0.0013310466994066815,-0.0009664006966120558
0.061874999999999986,0.203125,0.0012349633902452625,-0.0010191199779206429
0.061874999999999986,0.20937499999999998,0.001146978249662741,-0.0010658231700944295
0.061874999999999986,0.21562499999999998,0.001066309585515281,-0.0011072914527479444
0.061874999999999986,0.221875,0.0009922596469055692,-0.00114419240836169
0.061874999999999986,0.22812499999999997,0.0009242049687660747,-0.0011770982485096303
0.061874999999999986,0.234375,0.000861587841507223,-0.0012065008556191598
0.061874999999999986,0.24062499999999998,0.0008039087878669962,-0.001232824239319351
0.061874999999999986,0.24687499999999996,0.0007507199352594047,-0.0012564348862778025
0.061874999999999986,0.253125,0.0007016191803694779,-0.0012776503877483783
0.061874999999999986,0.25937499999999997,0.000656245052164189,-0.0012967466541840829
0.061874999999999986,0.265625,0.0006142721890668695,-0.0013139639668571946
0.061874999999999986,0.271875,0.0005754073552922416,-0.001329512069116901
0.061874999999999986,0.27812499999999996,0.0005393859299900656,-0.001343574462108402
0.061874999999999986,0.284375,0.0005059688107656623,-0.0013563120394642556
0.061874999999999986,0.29062499999999997,0.0004749396802899553,-0.001367866171092055
0.061874999999999986,0.296875,0.0004461025910881494,-0.0013783613264992352
0.061874999999999986,0.303125,0.000419279829243345,-0.0013879073121575687
0.061874999999999986,0.30937499999999996,0.0003943100227243078,-0.0013966011844633293
0.061874999999999986,0.315625,0.00037104646440753086,-0.0014045288893002326
0.061874999999999986,0.32187499999999997,0.00034935562367622593,-0.0014117666705909405
0.061874999999999986,0.328125,0.0003291158238046623,-0.001418382283156162
0.061874999999999986,0.334375,0.0003102160652329977,-0.001424436039391111
0.061874999999999986,0.34062499999999996,0.00029255497735826923,-0.0014299817144800614
0.061874999999999986,0.34687499999999993,0.00027603988365908927,-0.00143506733091089
0.061874999999999986,0.35312499999999997,0.0002605859668772015,-0.001439735839770127
0.061874999999999986,0.359375,0.00024611552263581086,-0.001444025713572018
0.061874999999999986,0.365625,0.0002325572913153494,-0.0014479714631030075
0.061874999999999986,0.37187499999999996,0.00021984585926076262,-0.0014516040888652524
0.061874999999999986,0.37812499999999993,0.00020792112148545916,-0.0014549514761136812
0.061874999999999986,0.38437499999999997,0.0001967277989874436,-0.0014580387411474293
0.061874999999999986,0.390625,0.00018621500462162743,-0.0014608885353944569
0.061874999999999986,0.396875,0.00017633585219513245,-0.0014635213128821186
0.061874999999999986,0.40312499999999996,0.00016704710408363348,-0.001465955565887005
0.061874999999999986,0.40937499999999993,0.00015830885321855214,-0.0014682080328803412
0.061874999999999986,0.41562499999999997,0.0001500842357777162,-0.0014702938823106635
0.061874999999999986,0.421875,0.0001423391713349976,-0.001472226875276865
0.061874999999999986,0.428125,0.0001350421275952567,-0.001474019509728333
0.061874999999999986,0.43437499999999996,0.00012816390716642863,-0.0014756831484734132
0.061874999999999986,0.44062499999999993,0.00012167745410663673,-0.0014772281329733157
0.061874999999999986,0.44687499999999997,0.00011555767823586198,-0.001478663884637946
0.061874999999999986,0.453125,0.00010978129542333775,-0.0014799989951163656
0.061874999999999986,0.459375,0.00010432668225725357,-0.0014812413068820748
0.061874999999999986,0.46562499999999996,9.917374367585081e-05,-0.00148239798524747
0.061874999999999986,0.47187499999999993,9.430379229142306e-05,-0.001483475582798634
0.061874999999999986,0.47812499999999997,8.969943827358638e-05,-0.0014844800971178676
0.061874999999999986,0.48437499999999994,8.534448877761348e-05,-0.0014854170225541547
0.061874999999999986,0.490625,8.122385600951448e-05,-0.0014862913967087924
0.061874999999999986,0.49687499999999996,7.732347311353182e-05,-0.0014871078422226311
0.061874999999999986,0.5031249999999999,7.363021715122198e-05,-0.0014878706043811028
0.061874999999999986,0.5093749999999999,7.013183851557934e-05,-0.0014885835849919623
0.061874999999999986,0.515625,6.681689618979415e-05,-0.0014892503729372396
0.061874999999999986,0.5218749999999999,6.367469831919278e-05,-0.001489874271754186
0.061874999999999986,0.528125,6.0695247617508584e-05,-0.0014904583245591348
0.061874999999999986,0.534375,5.786919117562054e-05,-0.001491005336592374
0.061874999999999986,0.5406249999999999,5.518777428289831e-05,-0.001491517895630704
0.061874999999999986,0.546875,5.2642797908894056e-05,-0.0014919983904867322
0.061874999999999986,0.5531249999999999,5.022657952679869e-05,-0.001492449027789662
0.061874999999999986,0.559375,4.793191699028063e-05,-0.0014928718472209282
0.061874999999999986,0.565625,4.5752055202437075e-05,-0.0014932687353591517
0.061874999999999986,0.5718749999999999,4.368065533993805e-05,-0.001493641438272217
0.061874999999999986,0.578125,4.1711766417346716e-05,-0.0014939915729795326
0.061874999999999986,0.5843749999999999,3.983979899631157e-05,-0.0014943206378944906
0.061874999999999986,0.590625,3.8059500862081975e-05,-0.0014946300223455783
0.061874999999999986,0.596875,3.636593450581476e-05,-0.0014949210152643358
0.06562499999999999,0.0031249999999999997,0.004191429993057451,0.0649115090116201
0.06562499999999999,0.009375,0.010438890185510624,0.052458606989892735
0.06562499999999999,0.015625,0.013322143591939431,0.041912807419223916
0.06562499999999999,0.021875,0.014330452476405792,0.03340277729433889
0.06562499999999999,0.028124999999999997,0.014303809073021251,0.026644832124410878
0.06562499999999999,0.034374999999999996,0.013721522691647569,0.021300459918463
0.06562499999999999,0.040624999999999994,0.01286107486130122,0.017070400831103193
0.06562499999999999,0.046875,0.011883961874162014,0.013711657000862352
0.06562499999999999,0.05312499999999999,0.010883381429690276,0.011033074742462195
0.06562499999999999,0.059375,0.009911661820411626,0.008886185365069858
0.06562499999999999,0.06562499999999999,0.008996510593383657,0.0071562052788633115
0.06562499999999999,0.071875,0.008150843238808386,0.005754451650095213
0.06562499999999999,0.078125,0.007378804246971427,0.004612302832521103
0.06562499999999999,0.08437499999999999,0.006679476303002253,0.0036765091679704276
0.06562499999999999,0.09062499999999998,0.006049163804295166,0.00290559673467532
0.06562499999999999,0.09687499999999999,0.005482788991354132,0.0022671255795810065
0.06562499999999999,0.103125,0.004974733310072574,0.0017356043236031954
0.06562499999999999,0.109375,0.004519331846375482,0.0012909042367790472
0.06562499999999999,0.11562499999999999,0.0041111515969286016,0.0009170515499152296
0.06562499999999999,0.12187499999999998,0.003745136141286513,0.0006013056179016056
0.06562499999999999,0.128125,0.0034166688944626718,0.0003334530874056676
0.06562499999999999,0.13437499999999997,0.0031215878605778823,0.00010526548524150518
0.06562499999999999,0.140625,0.00285617256429809,-8.99192871212204e-05
0.06562499999999999,0.14687499999999998,0.002617116041791645,-0.0002575212424809313
0.06562499999999999,0.153125,0.002401489812090832,-0.00040197071224615005
0.06562499999999999,0.159375,0.002206706599680483,-0.0005269056976747043
0.06562499999999999,0.16562499999999997,0.0020304835880585897,-0.000635326887885823
0.06562499999999999,0.171875,0.0018708077351718146,-0.0007297199879873046
0.06562499999999999,0.17812499999999998,0.001725903907778602,-0.0008121526942938302
0.06562499999999999,0.18437499999999998,0.0015942061212006352,-0.0008843519202387123
0.06562499999999999,0.190625,0.0014743318930906246,-0.0009477655699167606
0.06562499999999999,0.19687499999999997,0.0013650595636495383,-0.0010036121678694055
0.06562499999999999,0.203125,0.001265308354431013,-0.0010529209034563932
0.06562499999999999,0.20937499999999998,0.0011741209041276782,-0.0010965640764282524
0.06562499999999999,0.21562499999999998,0.0010906480137927578,-0.0011352834929104052
0.06562499999999999,0.221875,0.0010141353439116283,-0.001169712025022284
0.06562499999999999,0.22812499999999997,0.0009439118241296049,-0.0012003912882157831
0.06562499999999999,0.234375,0.0008793795586454108,-0.0012277861897314515
0.06562499999999999,0.24062499999999998,0.0008200050335078932,-0.0012522969455186252
0.06562499999999999,0.24687499999999996,0.0007653114546887382,-0.0012742690411283258
0.06562499999999999,0.253125,0.0007148720669666514,-0.001294001516582329
0.06562499999999999,0.25937499999999997,0.0006683043229288721,-0.0013117538800611608
0.06562499999999999,0.265625,0.000625264788633795,-0.0013277518958739617
0.06562499999999999,0.271875,0.000585444687708587,-0.001342192445081485
0.06562499999999999,0.27812499999999996,0.0005485659989937637,-0.0013552476196572153
0.06562499999999999,0.284375,0.0005143780344543786,-0.00136706818112191
0.06562499999999999,0.29062499999999997,0.00048265443413344854,-0.0013777864905727896
0.06562499999999999,0.296875,0.00045319052360703047,-0.0013875189977062357
0.06562499999999999,0.303125,0.0004258009868825333,-0.0013963683608322782
0.06562499999999999,0.30937499999999996,0.00040031781411915086,-0.0014044252572415076
0.06562499999999999,0.315625,0.00037658848908288494,-0.001411769933014093
0.06562499999999999,0.32187499999999997,0.00035447438600327467,-0.001418473532986678
0.06562499999999999,0.328125,0.00033384934958416716,-0.001424599244744439
0.06562499999999999,0.334375,0.00031459843543170916,-0.0014302032848877593
0.06562499999999999,0.34062499999999996,0.0002966167911813893,-0.0014353357512010838
0.06562499999999999,0.34687499999999993,0.00027980866120314236,-0.0014400413605380688
0.06562499999999999,0.35312499999999997,0.0002640864999998785,-0.0014443600890819673
0.06562499999999999,0.359375,0.00024937018134224266,-0.0014483277290224946
0.06562499999999999,0.365625,0.00023558629184532216,-0.0014519763735129291
0.06562499999999999,0.37187499999999996,0.00022266749912928772,-0.0014553348399551549
0.06562499999999999,0.37812499999999993,0.00021055198594790054,-0.0014584290401419822
0.06562499999999999,0.38437499999999997,0.00019918294274404798,-0.001461282304513417
0.06562499999999999,0.390625,0.00018850811202351705,-0.0014639156667143338
0.06562499999999999,0.396875,0.00017847937874717107,-0.0014663481137405683
0.06562499999999999,0.40312499999999996,0.00016905240164473897,-0.0014685968062004425
0.06562499999999999,0.40937499999999993,0.00016018628096520646,-0.0014706772725758437
0.06562499999999999,0.41562499999999997,0.00015184325871187457,-0.001472603580821947
0.06562499999999999,0.421875,0.00014398844787525547,-0.0014743884901816582
0.06562499999999999,0.428125,0.0001365895875833126,-0.0014760435856966908
0.06562499999999999,0.43437499999999996,0.00012961682144400907,-0.0014775793975609647
0.06562499999999999,0.44062499999999993,0.00012304249666649682,-0.001479005507174647
0.06562499999999999,0.44687499999999997,0.00011684098182035906,-0.0014803306415110836
0.06562499999999999,0.453125,0.00011098850133215511,-0.0014815627571977525
0.06562499999999999,0.459375,0.00010546298502940326,-0.001482709115530926
0.06562499999999999,0.46562499999999996,0.00010024393122781694,-0.001483776349487493
0.06562499999999999,0.47187499999999993,9.53122820212944e-05,-0.0014847705236626348
0.06562499999999999,0.47812499999999997,9.065030957863692e-05,-0.001485697187945636
0.06562499999999999,0.48437499999999994,8.624151237864651e-05,-0.0014865614256453388
0.06562499999999999,0.490625,8.207052042822094e-05,-0.0014873678966894166
0.06562499999999999,0.49687499999999996,7.812300860813424e-05,-0.0014881208764458101
0.06562499999999999,0.5031249999999999,7.438561737994018e-05,-0.0014888242906487313
0.06562499999999999,0.5093749999999999,7.08458801662395e-05,-0.0014894817468542106
0.06562499999999999,0.515625,6.749215678660082e-05,-0.0014900965628000793
0.06562499999999999,0.5218749999999999,6.431357239376198e-05,-0.0014906717920015358
0.06562499999999999,0.528125,6.129996141027489e-05,-0.0014912102468751683
0.06562499999999999,0.534375,5.8441816015291964e-05,-0.0014917145196508012
0.06562499999999999,0.5406249999999999,5.5730238775410404e-05,-0.001492187001301123
0.06562499999999999,0.546875,5.3156899053020715e-05,-0.0014926298986932425
0.06562499999999999,0.5531249999999999,5.0713992860967514e-05,-0.001493045250143608
0.06562499999999999,0.559375,4.8394205864000534e-05,-0.0014934349395377294
0.06562499999999999,0.565625,4.619067925589218e-05,-0.0014938007091585192
0.06562499999999999,0.5718749999999999,4.409697826657439e-05,-0.001494144171351503
0.06562499999999999,0.578125,4.2107063076538765e-05,-0.001494466819141397
0.06562499999999999,0.5843749999999999,4.0215261936324695e-05,-0.0014947700359023834
0.06562499999999999,0.590625,3.841624630743786e-05,-0.0014950551041736327
0.06562499999999999,0.596875,3.670500785773093e-05,-0.0014953232137020597
0.06937499999999999,0.0031249999999999997,0.016135001588183963,0.0696213885794952
0.06937499999999999,0.009375,0.019123525641835695,0.054805622604079576
0.06937499999999999,0.015625,0.019741054588162634,0.042953128093383364
0.06937499999999999,0.021875,0.01915066054776838,0.033718330904772616
0.06937499999999999,0.028124999999999997,0.017972945454044268,0.026562162839710503
0.06937499999999999,0.034374999999999996,0.016546721897481256,0.021007120926735033
0.06937499999999999,0.040624999999999994,0.01505827849003175,0.016675562100148655
0.06937499999999999,0.046875,0.01360818165131173,0.0132788376276919
0.06937499999999999,0.05312499999999999,0.012247732587811247,0.01059862324565301
0.06937499999999999,0.059375,0.010999759361591832,0.008470103730180076
0.06937499999999999,0.06562499999999999,0.009870814055968256,0.006768652665753806
0.06937499999999999,0.071875,0.008858427239006364,0.005399712783667621
0.06937499999999999,0.078125,0.007955431402915235,0.004291227113274737
0.06937499999999999,0.08437499999999999,0.007152516286318505,0.0033880109595550733
0.06937499999999999,0.09062499999999998,0.00643970996947874,0.002647573400567343
0.06937499999999999,0.09687499999999999,0.0058072075133769165,0.0020370126661545533
0.06937499999999999,0.103125,0.005245805920047484,0.0015307044648007412
0.06937499999999999,0.109375,0.004747104694227837,0.0011085753786223632
0.06937499999999999,0.11562499999999999,0.004303569920564271,0.0007548083265279133
0.06937499999999999,0.12187499999999998,0.003908521739947155,0.0004568677601260798
0.06937499999999999,0.128125,0.003556081509977402,0.0002047621550297406
0.06937499999999999,0.13437499999999997,0.003241100311401938,-9.51675292315264e-06
0.06937499999999999,0.140625,0.0029590814350153602,-0.00019242254773926804
0.06937499999999999,0.14687499999999998,0.002706103946775485,-0.0003491834146089677
0.06937499999999999,0.153125,0.002478751067267424,-0.000484056473344302
0.06937499999999999,0.159375,0.0022740450919797334,-0.0006005252654129334
0.06937499999999999,0.16562499999999997,0.0020893894057630023,-0.000701453907684539
0.06937499999999999,0.171875,0.0019225174858430328,-0.0007892080461505184
0.06937499999999999,0.17812499999999998,0.0017714484413766688,-0.0008657502439794583
0.06937499999999999,0.18437499999999998,0.0016344484782461269,-0.0009327155832048325
0.06937499999999999,0.190625,0.0015099976277505864,-0.0009914718762892923
0.06937499999999999,0.19687499999999997,0.0013967610891511808,-0.0010431678480448494
0.06937499999999999,0.203125,0.0012935645794748551,-0.0010887718691389356
0.06937499999999999,0.20937499999999998,0.0011993731421023862,-0.0011291032334216251
0.06937499999999999,0.21562499999999998,0.0011132729282464842,-0.0011648575240318247
0.06937499999999999,0.221875,0.0010344555267428792,-0.0011966272719918832
0.06937499999999999,0.22812499999999997,0.0009622044746410926,-0.0012249188494358844
0.06937499999999999,0.234375,0.0008958836325427548,-0.0012501663382076113
0.06937499999999999,0.24062499999999998,0.0008349271541015026,-0.0012727429587722926
0.06937499999999999,0.24687499999999996,0.0007788308187134565,-0.0012929705233423335
0.06937499999999999,0.253125,0.0007271445306131565,-0.0013111272826598166
0.06937499999999999,0.25937499999999997,0.0006794658168928162,-0.0013274544618523195
0.06937499999999999,0.265625,0.0006354341819630436,-0.0013421617225212133
0.06937499999999999,0.271875,0.0005947261972345528,-0.001355431742186517
0.06937499999999999,0.27812499999999996,0.0005570512228442771,-0.0013674240656901318
0.06937499999999999,0.284375,0.0005221476735434753,-0.001378278354071325
0.06937499999999999,0.29062499999999997,0.000489779753820884,-0.0013881171331735134
0.06937499999999999,0.296875,0.0004597345983070974,-0.0013970481255813163
0.06937499999999999,0.303125,0.0004318197628029382,-0.001405166234459786
0.06937499999999999,0.30937499999999996,0.0004058610191552565,-0.0014125552357240358
0.06937499999999999,0.315625,0.00038170041388946676,-0.0014192892251204499
0.06937499999999999,0.32187499999999997,0.0003591945561859808,-0.0014254338587894936
0.06937499999999999,0.328125,0.00033821310561507167,-0.0014310474193415439
0.06937499999999999,0.334375,0.0003186374341541714,-0.0014361817341237094
0.06937499999999999,0.34062499999999996,0.00030035944051468554,-0.0014408829679591348
0.06937499999999999,0.34687499999999993,0.0002832804977958481,-0.0014451923090189796
0.06937499999999999,0.35312499999999997,0.00026731051803972135,-0.0014491465634958519
0.06937499999999999,0.359375,0.0002523671194504514,-0.0014527786722694457
0.06937499999999999,0.365625,0.00023837488391806823,-0.0014561181606967681
0.06937499999999999,0.37187499999999996,0.00022526469409940672,-0.0014591915309450016
0.06937499999999999,0.37812499999999993,0.00021297314069569122,-0.0014620226048535677
0.06937499999999999,0.38437499999999997,0.0002014419917613459,-0.0014646328241135996
0.06937499999999999,0.390625,0.00019061771690986401,-0.0014670415135474458
0.06937499999999999,0.396875,0.00018045106017392125,-0.001469266112424876
0.06937499999999999,0.40312499999999996,0.0001708966560485618,-0.001471322378039452
0.06937499999999999,0.40937499999999993,0.0001619126839153145,-0.0014732245651658028
0.06937499999999999,0.41562499999999997,0.00015346055662607166,-0.001474985584508061
0.06937499999999999,0.421875,0.00014550463953083318,-0.0014766171428164674
0.06937499999999999,0.428125,0.00013801199667351114,-0.0014781298669806363
0.06937499999999999,0.43437499999999996,0.00013095216126388984,-0.0014795334140938964
0.06937499999999999,0.44062499999999993,0.00012429692786920994,-0.0014808365692149021
0.06937499999999999,0.44687499999999997,0.00011802016406223821,-0.00148204733232321
0.06937499999999999,0.453125,0.00011209763951974579,-0.0014831729957687602
0.06937499999999999,0.459375,0.00010650687079082806,-0.001484220213346217
0.06937499999999999,0.46562499999999996,0.00010122698015264033,-0.0014851950619797208
0.06937499999999999,0.47187499999999993,9.623856714542486e-05,-0.001486103096878275
0.06937499999999999,0.47812499999999997,9.152359153225982e-05,-0.0014869494009137705
0.06937499999999999,0.48437499999999994,8.706526656440783e-05,-0.0014877386288800548
0.06937499999999999,0.490625,8.284796155277225e-05,-0.001488475047210361
0.06937499999999999,0.49687499999999996,7.885711285176962e-05,-0.001489162569660055
0.06937499999999999,0.5031249999999999,7.507914245560337e-05,-0.001489804789400499
0.06937499999999999,0.5093749999999999,7.150138348997956e-05,-0.0014904050079166066
0.06937499999999999,0.515625,6.811201195602386e-05,-0.0014909662610542549
0.06937499999999999,0.5218749999999999,6.489998414867305e-05,-0.0014914913425232144
0.06937499999999999,0.528125,6.185497923010127e-05,-0.001491982825125829
0.06937499999999999,0.534375,5.896734649066467e-05,-0.0014924430799506778
0.06937499999999999,0.5406249999999999,5.622805687614214e-05,-0.0014928742937432512
0.06937499999999999,0.546875,5.362865840138584e-05,-0.001493278484641816
0.06937499999999999,0.5531249999999999,5.1161235107433305e-05,-0.0014936575164456497
0.06937499999999999,0.559375,4.881836925217678e-05,-0.001494013111564366
0.06937499999999999,0.565625,4.659310645428683e-05,-0.0014943468627807647
0.06937499999999999,0.5718749999999999,4.4478923536616136e-05,-0.0014946602439452844
0.06937499999999999,0.578125,4.246969883912331e-05,-0.001494954619707438
0.06937499999999999,0.5843749999999999,4.055968479274772e-05,-0.0014952312543783921
0.06937499999999999,0.590625,3.874348256489568e-05,-0.001495491320008904
0.06937499999999999,0.596875,3.70160186045156e-05,-0.0014957359037580205
0.073125,0.0031249999999999997,0.030124642019103243,0.07169105644146459
0.073125,0.009375,0.028814962023840193,0.055429918642298195
0.073125,0.015625,0.02668120895927312,0.04283102852344378
0.073125,0.021875,0.02424490389664508,0.033222864235618585
0.073125,0.028124999999999997,0.021782405027874565,0.025898147831693
0.073125,0.034374999999999996,0.019437415306260898,0.020288373302044287
0.073125,0.040624999999999994,0.01727865900208936,0.015964437805088195
0.073125,0.046875,0.015331932280636463,0.012607855772848195
0.073125,0.05312499999999999,0.013598913991399725,0.00998290631061823
0.073125,0.059375,0.012068439621436848,0.007914750838157791
0.073125,0.06562499999999999,0.01072322981658675,0.006273163173222459
0.073125,0.071875,0.009543817151646707,0.004960638197875202
0.073125,0.078125,0.008510747066738177,0.003903743416506907
0.073125,0.08437499999999999,0.007605729851358177,0.0030468308366868543
0.073125,0.09062499999999998,0.006812169025534998,0.0023474564510511265
0.073125,0.09687499999999999,0.006115330525631772,0.0017730331521759912
0.073125,0.103125,0.005502314497595263,0.0012983751356529629
0.073125,0.109375,0.004961926798093145,0.0009038879375898486
0.073125,0.11562499999999999,0.004484507047211822,0.0005742274677921358
0.073125,0.12187499999999998,0.004061745392362203,0.00029730102606569195
0.073125,0.128125,0.0036865052509940247,6.35187920209725e-05
0.073125,0.13437499999999997,0.0033526604879881216,-0.0001347703345809118
0.073125,0.140625,0.003054950401241807,-0.0003037064972403363
0.073125,0.14687499999999998,0.002788853064485429,-0.0004482451756980283
0.073125,0.153125,0.002550476098321424,-0.0005724075650253868
0.073125,0.159375,0.0023364632498435417,-0.000679473835551426
0.073125,0.16562499999999997,0.002143914918591714,-0.0007721331682340792
0.073125,0.171875,0.0019703207684043504,-0.0008526008929931124
0.073125,0.17812499999999998,0.00181350269059629,-0.0009227104482591845
0.073125,0.18437499999999998,0.0016715665641506487,-0.0009839859617272353
0.073125,0.190625,0.0015428614541627295,-0.0010376998347257417
0.073125,0.19687499999999997,0.0014259450797278854,-0.0010849186595284811
0.073125,0.203125,0.0013195545566229343,-0.0011265400124842446
0.073125,0.20937499999999998,0.0012225815744163488,-0.0011633220754118517
0.073125,0.21562499999999998,0.0011340513013660622,-0.0011959075921211765
0.073125,0.221875,0.0010531044246977833,-0.0012248433289029164
0.073125,0.22812499999999997,0.0009789818304909422,-0.0012505959501056692
0.073125,0.234375,0.0009110115086053346,-0.0012735650224322578
0.073125,0.24062499999999998,0.00084859733602124,-0.0012940937095175633
0.073125,0.24687499999999996,0.0007912094486455661,-0.0013124776006918151
0.073125,0.253125,0.0007383759588437978,-0.0013289720263741612
0.073125,0.25937499999999997,0.0006896758152439728,-0.0013437981411235196
0.073125,0.265625,0.0006447326340492185,-0.001357147999358224
0.073125,0.271875,0.0006032093583072051,-0.001369188804631311
0.073125,0.27812499999999996,0.0005648036242534762,-0.0013800664784443524
0.073125,0.284375,0.0005292437327497598,-0.0013899086668599495
0.073125,0.29062499999999997,0.0004962851396234807,-0.001398827281066536
0.073125,0.296875,0.0004657073919149307,-0.0014069206503533292
0.073125,0.303125,0.0004373114480950146,-0.0014142753517349335
0.073125,0.30937499999999996,0.0004109173295931802,-0.0014209677689994988
0.073125,0.315625,0.0003863620587726128,-0.0014270654246757025
0.073125,0.32187499999999997,0.0003634978450559859,-0.0014326281208794115
0.073125,0.328125,0.00034219048644491465,-0.0014377089188622888
0.073125,0.334375,0.00032231795835917123,-0.0014423549820671633
0.073125,0.34062499999999996,0.00030376916568784735,-0.0014466083033809638
0.073125,0.34687499999999993,0.00028644283731027204,-0.0014505063338924869
0.073125,0.35312499999999997,0.0002702465452060068,-0.001454082527671238
0.073125,0.359375,0.0002550958327108719,-0.0014573668147746686
0.073125,0.365625,0.00024091343855645736,-0.0014603860127756997
0.073125,0.37187499999999996,0.00022762860510963203,-0.0014631641855090585
0.073125,0.37812499999999993,0.00021517646075271018,-0.0014657229564060269
0.073125,0.38437499999999997,0.00020349746765311577,-0.00146808178267593
0.073125,0.390625,0.00019253692729625298,-0.001470258195661111
0.073125,0.396875,0.000182244537124268,-0.0014722680119093005
0.073125,0.40312499999999996,0.0001725739924595778,-0.001474125518847837
0.073125,0.40937499999999993,0.00016348262861487237,-0.0014758436383874546
0.073125,0.41562499999999997,0.00015493109871723572,-0.0014774340713121972
0.073125,0.421875,0.00014688308331696332,-0.0014789074249125034
0.073125,0.428125,0.00013930502832336917,-0.001480273325978908
0.073125,0.43437499999999996,0.00013216590822038915,-0.0014815405209846321
0.073125,0.44062499999999993,0.00012543701187260473,-0.001482716965038547
0.073125,0.44687499999999997,0.0001190917485446807,-0.0014838099009789614
0.073125,0.453125,0.00011310547203033846,-0.0014848259297979092
0.073125,0.459375,0.00010745532102614506,-0.0014857710734304226
0.073125,0.46562499999999996,0.0001021200740951371,-0.0014866508308098525
0.073125,0.47187499999999993,9.70800177494935e-05,-0.001487470227975328
0.073125,0.47812499999999997,9.231682634346875e-05,-0.001488233862918262
0.073125,0.48437499999999994,8.781345261047007e-05,-0.001488945945769041
0.073125,0.490625,8.355402780398538e-05,-0.0014896103348507946
0.073125,0.49687499999999996,7.952377051318637e-05,-0.0014902305690627318
0.073125,0.5031249999999999,7.570890332228064e-05,-0.0014908098969995897
0.073125,0.5093749999999999,7.209657656968483e-05,-0.0014913513031650648
0.073125,0.515625,6.867479854021086e-05,-0.0014918575315946852
0.073125,0.5218749999999999,6.543237149191196e-05,-0.0014923311071665657
0.073125,0.528125,6.235883298007018e-05,-0.0014927743548461452
0.073125,0.534375,5.9444401994939515e-05,-0.0014931894170826926
0.073125,0.5406249999999999,5.6679929478071804e-05,-0.001493578269550558
0.073125,0.546875,5.405685282505919e-05,-0.0014939427354063743
0.073125,0.5531249999999999,5.156715402091953e-05,-0.0014942844982142722
0.073125,0.559375,4.920332108866521e-05,-0.0014946051136743483
0.073125,0.565625,4.695831256230685e-05,-0.0014949060202747771
0.073125,0.5718749999999999,4.4825524723042976e-05,-0.0014951885489748829
0.073125,0.578125,4.279876136205269e-05,-0.0014954539320149256
0.073125,0.5843749999999999,4.087220585544494e-05,-0.0014957033109381345
0.073125,0.590625,3.904039535680522e-05,-0.0014959377439014746
0.073125,0.596875,3.729819693067344e-05,-0.0014961582123436123
0.076875,0.0031249999999999997,0.045007962750478976,0.07043543664795066
0.076875,0.009375,0.038929751382169094,0.054024742633296284
0.076875,0.015625,0.03381868230972117,0.04139404186504357
0.076875,0.021875,0.029418335195626512,0.03183495497696574
0.076875,0.028124999999999997,0.02560733099291237,0.024607636942184045
0.076875,0.034374999999999996,0.022309746638328142,0.01911898010969752
0.076875,0.040624999999999994,0.019463952572872745,0.014923201695987013
0.076875,0.046875,0.017013723144101954,0.011691551550945867
0.076875,0.05312499999999999,0.014906830509954132,0.0091826650046029
0.076875,0.059375,0.013095554975267529,0.007219119506728813
0.076875,0.06562499999999999,0.011537261898167082,0.005669989412316993
0.076875,0.071875,0.010194596851421465,0.004438144624431022
0.076875,0.078125,0.009035316523155135,0.003451078518393762
0.076875,0.08437499999999999,0.008031883918326604,0.0026542992719034955
0.076875,0.09062499999999998,0.0071609489932966406,0.0020065637944957464
0.076875,0.09687499999999999,0.006402799946057729,0.0014764306412780085
0.076875,0.103125,0.005740836285227642,0.0010397564552469415
0.076875,0.109375,0.005161089940685842,0.000677868406847454
0.076875,0.11562499999999999,0.004651804735747253,0.00037622245694043715
0.076875,0.12187499999999998,0.0042030752428242266,0.00012341223662841352
0.076875,0.128125,0.003806541150531351,-8.956777165604183e-05
0.076875,0.13437499999999997,0.0034551310822502485,-0.00026987358729820324
0.076875,0.140625,0.003142849176352546,-0.00042322702219134943
0.076875,0.14687499999999998,0.002864597941234764,-0.0005542305395191922
0.076875,0.153125,0.002616031498410293,-0.0006666075162644563
0.076875,0.159375,0.0023934340747291728,-0.0007633867496227295
0.076875,0.16562499999999997,0.002193619365499864,-0.0008470450272930257
0.076875,0.171875,0.002013847096931126,-0.0009196179600464943
0.076875,0.17812499999999998,0.0018517537407648655,-0.0009827866479643077
0.076875,0.18437499999999998,0.001705294869289401,-0.0010379458353129548
0.076875,0.190625,0.0015726970889801688,-0.0010862578028947457
0.076875,0.19687499999999997,0.0014524178645735366,-0.001128695208997129
0.076875,0.203125,0.0013431118528264925,-0.0011660753197985537
0.076875,0.20937499999999998,0.0012436026168606527,-0.001199087495057483
0.076875,0.21562499999999998,0.0011528587972582623,-0.0012283153631978854
0.076875,0.221875,0.0010699739831986788,-0.001254254793985526
0.076875,0.22812499999999997,0.0009941496628779799,-0.001277328529597971
0.076875,0.234375,0.0009246807430584568,-0.0012978981461066992
0.076875,0.24062499999999998,0.0008609432176353908,-0.0013162738725798133
0.076875,0.24687499999999996,0.0008023836384922656,-0.0013327226833734398
0.076875,0.253125,0.000748510101813592,-0.0013474749926878722
0.076875,0.25937499999999997,0.0006988845120016703,-0.0013607302131353506
0.076875,0.265625,0.0006531159254702774,-0.001372661387411106
0.076875,0.271875,0.000610854809533847,-0.0013834190607941257
0.076875,0.27812499999999996,0.0005717880787209634,-0.0013931345295661948
0.076875,0.284375,0.0005356347932013415,-0.0014019225745765286
0.076875,0.29062499999999997,0.0005021424225018831,-0.0014098837686033626
0.076875,0.296875,0.0004710835930078979,-0.0014171064297277699
0.076875,0.303125,0.0004422532504731371,-0.0014236682797549112
0.076875,0.30937499999999996,0.0004154661793613949,-0.0014296378561092667
0.076875,0.315625,0.0003905548296904705,-0.00143507571706035
0.076875,0.32187499999999997,0.00036736740945326964,-0.0014400354731878263
0.076875,0.328125,0.0003457662069012394,-0.0014445646723433197
0.076875,0.334375,0.0003256261121968639,-0.0014487055607535877
0.076875,0.34062499999999996,0.00030683331234226507,-0.0014524957391329107
0.076875,0.34687499999999993,0.00028928413700772245,-0.0014559687295704598
0.076875,0.35312499999999997,0.0002728840360304014,-0.001459154466402704
0.076875,0.359375,0.00025754667202317603,-0.0014620797221692218
0.076875,0.365625,0.00024319311380335566,-0.0014647684780003877
0.076875,0.37187499999999996,0.00022975111828534085,-0.0014672422463313497
0.076875,0.37812499999999993,0.00021715449013282945,-0.0014695203526251621
0.076875,0.38437499999999997,0.00020534250987938132,-0.0014716201817758204
0.076875,0.390625,0.00019425942243776073,-0.001473557394014275
0.076875,0.396875,0.00018385397895931679,-0.0014753461144287633
0.076875,0.40312499999999996,0.0001740790259005321,-0.001476999099611787
0.076875,0.40937499999999993,0.0001648911359264088,-0.0014785278844407124
0.076875,0.41562499999999997,0.00015625027594778538,-0.0014799429115716647
0.076875,0.421875,0.0001481195081673368,-0.0014812536458642758
0.076875,0.428125,0.00014046472050985244,-0.0014824686756473046
0.076875,0.43437499999999996,0.00013325438324739028,-0.0014835958024734094
0.076875,0.44062499999999993,0.00012645932900836294,-0.0014846421207881221
0.076875,0.44687499999999997,0.00012005255368941319,-0.0014856140887473319
0.076875,0.453125,0.00011400903607681818,-0.0014865175912542443
0.076875,0.459375,0.00010830557423583568,-0.0014873579961466737
0.076875,0.46562499999999996,0.00010292063694678321,-0.00148814020434511
0.076875,0.47187499999999993,9.783422865989321e-05,-0.0014888686946683027
0.076875,0.47812499999999997,9.302776661071844e-05,-0.0014895475639336905
0.076875,0.48437499999999994,8.848396888714212e-05,-0.0014901805628827092
0.076875,0.490625,8.418675237053303e-05,-0.0014907711284041503
0.076875,0.49687499999999996,8.012113958956323e-05,-0.001491322412470747
0.076875,0.5031249999999999,7.627317362763186e-05,-0.001491837308153828
0.076875,0.5093749999999999,7.262984031543537e-05,-0.0014923184730370855
0.076875,0.515625,6.91789970204475e-05,-0.001492768350312376
0.076875,0.5218749999999999,6.590930741620952e-05,-0.001493189187807189
0.076875,0.528125,6.281018167748827e-05,-0.0014935830551643674
0.076875,0.534375,5.987172160350362e-05,-0.0014939518593692195
0.076875,0.5406249999999999,5.7084670221389e-05,-0.0014942973587969025
0.076875,0.546875,5.444036546657461e-05,-0.0014946211759333907
0.076875,0.5531249999999999,5.193069757649961e-05,-0.0014949248089061904
0.076875,0.559375,4.9548069869528485e-05,-0.0014952096419458476
0.076875,0.565625,4.728536261266682e-05,-0.0014954769548859933
0.076875,0.5718749999999999,4.513589971005372e-05,-0.0014957279317979453
0.076875,0.578125,4.3093417969647014e-05,-0.0014959636688455127
0.076875,0.5843749999999999,4.115203872833258e-05,-0.0014961851814365068
0.076875,0.590625,3.930624163617171e-05,-0.0014963934107393405
0.076875,0.596875,3.7550840418917304e-05,-0.001496589229625927
0.080625,0.0031249999999999997,0.05937389488673851,0.06576673054936165
0.080625,0.009375,0.04878980698477635,0.05053105069875105
0.080625,0.015625,0.04078801040141561,0.0386040651050504
0.080625,0.021875,0.03445514311410464,0.02953166311970224
0.080625,0.028124999999999997,0.029311317947458546,0.02267821961793242
0.080625,0.034374999999999996,0.025073215055191094,0.017493452815159703
0.080625,0.040624999999999994,0.02155202468971182,0.013550645136825905
0.080625,0.046875,0.018609830385384933,0.010531175393858358
0.080625,0.05312499999999999,0.016140136144893173,0.008200420806071692
0.080625,0.059375,0.014058296213830366,0.006386265832647045
0.080625,0.06562499999999999,0.012296102277649207,0.004962289696278521
0.080625,0.071875,0.010798241079605272,0.0038352555867919766
0.080625,0.078125,0.009519709606228922,0.0029360047313957403
0.080625,0.08437499999999999,0.008423809902576416,0.002212892392702824
0.080625,0.09062499999999998,0.007480550487558987,0.0016270707261350926
0.080625,0.09687499999999999,0.006665359958096769,0.0011490961719115762
0.080625,0.103125,0.0059580501910625056,0.0007564816316860167
0.080625,0.109375,0.005341981596971608,0.00043192190943882876
0.080625,0.11562499999999999,0.004803391982968728,0.00016199982237350623
0.080625,0.12187499999999998,0.004330857404457693,-6.376324602464108e-05
0.080625,0.128125,0.003914859049518772,-0.0002536087538512334
0.080625,0.13437499999999997,0.003547435019024839,-0.0004140627688983083
0.080625,0.140625,0.003221899933293759,-0.0005503268243642822
0.080625,0.14687499999999998,0.0029326186765926965,-0.0006665727497691879
0.080625,0.153125,0.0026748233573985316,-0.0007661665972503465
0.080625,0.159375,0.0024444647985090665,-0.0008518398603179582
0.080625,0.16562499999999997,0.0022380916618119514,-0.000925821250180517
0.080625,0.171875,0.00205275173710904,-0.0009899387616045885
0.080625,0.17812499999999998,0.001885911052834871,-0.0010456992142415702
0.080625,0.18437499999999998,0.0017353873581023146,-0.0010943506094519629
0.080625,0.190625,0.001599295229165283,-0.0011369312960695403
0.080625,0.19687499999999997,0.0014760006086910731,-0.0011743089501106874
0.080625,0.203125,0.001364083024802248,-0.0012072116434122657
0.080625,0.20937499999999998,0.0012623040837119954,-0.0012362527337282253
0.080625,0.21562499999999998,0.001169581104636749,-0.0012619509033219643
0.080625,0.221875,0.0010849649839701123,-0.0012847463681992927
0.080625,0.22812499999999997,0.0010076215495254943,-0.0013050140495631307
0.080625,0.234375,0.0009368158044464982,-0.0013230743237417667
0.080625,0.24062499999999998,0.0008718985715271577,-0.0013392018327911372
0.080625,0.24687499999999996,0.0008122951379551285,-0.0013536327349391484
0.080625,0.253125,0.0007574955724151901,-0.0013665706944430926
0.080625,0.25937499999999997,0.0007070464446194873,-0.0013781918486337346
0.080625,0.265625,0.000660543724458004,-0.0013886489417102158
0.080625,0.271875,0.000617626676289799,-0.0013980747770653097
0.080625,0.27812499999999996,0.0005779725951627233,-0.001406585110172683
0.080625,0.284375,0.0005412922573358525,-0.0014142810805446927
0.080625,0.29062499999999997,0.0005073259784804578,-0.001421251262589523
0.080625,0.296875,0.00047584019022539484,-0.0014275734003019794
0.080625,0.303125,0.00044662445998924983,-0.0014333158787987242
0.080625,0.30937499999999996,0.0004194888908638369,-0.001438538976126831
0.080625,0.315625,0.0003942618481314796,-0.001443295931045606
0.080625,0.32187499999999997,0.00037078796717442266,-0.0014476338562248684
0.080625,0.328125,0.0003489264043619074,-0.0014515945212200633
0.080625,0.334375,0.00032854929821657885,-0.0014552150254414822
0.080625,0.34062499999999996,0.00030954041296026464,-0.001458528377946606
0.080625,0.34687499999999993,0.00029179394057740566,-0.0014615639981047537
0.080625,0.35312499999999997,0.0002752134409413806,-0.0014643481488955824
0.080625,0.359375,0.00025971090243032965,-0.0014669043127146396
0.080625,0.365625,0.0002452059079017177,-0.0014692535179959445
0.080625,0.37187499999999996,0.00023162489297037537,-0.0014714146236637967
0.080625,0.37812499999999993,0.00021890048530228984,-0.0014734045673456492
0.080625,0.38437499999999997,0.0002069709151450016,-0.0014752385823761029
0.080625,0.390625,0.00019577948860581245,-0.0014769303878674341
0.080625,0.396875,0.0001852741162950068,-0.0014784923554889023
0.080625,0.40312499999999996,0.00017540689090122388,-0.0014799356560646084
0.080625,0.40937499999999993,0.00016613370808363914,-0.0014812703886507529
0.080625,0.41562499999999997,0.00015741392577055583,-0.001482505694373805
0.080625,0.421875,0.00014921005756303882,-0.0014836498569898388
0.080625,0.428125,0.00014148749646935847,-0.0014847103918526109
0.080625,0.43437499999999996,0.00013421426565311074,-0.0014856941247460207
0.080625,0.44062499999999993,0.00012736079327494085,-0.0014866072618388904
0.080625,0.44687499999999997,0.00012089970885330153,-0.0014874554518511654
0.080625,0.453125,0.00011480565887084114,-0.0014882438413761146
0.080625,0.459375,0.00010905513961594948,-0.0014889771241792312
0.080625,0.46562499999999996,0.00010362634547892945,-0.0014896595851880742
0.080625,0.47187499999999993,9.849903112365642e-05,-0.0014902951397957047
0.080625,0.47812499999999997,9.365438613225864e-05,-0.0014908873690213781
0.080625,0.48437499999999994,8.907492087556669e-05,-0.0014914395510039484
0.080625,0.490625,8.474436249864425e-05,-0.0014919546892444239
0.080625,0.49687499999999996,8.06475600310443e-05,-0.0014924355379629683
0.080625,0.5031249999999999,7.677039773760801e-05,-0.0014928846248912543
0.080625,0.5093749999999999,7.30997159194391e-05,-0.001493304271782478
0.080625,0.515625,6.962323845769042e-05,-0.0014936966128877424
0.080625,0.5218749999999999,6.632950646633669e-05,-0.0014940636116182085
0.080625,0.528125,6.320781748533979e-05,-0.0014944070755868223
0.080625,0.534375,6.024816970355885e-05,-0.0014947286702010388
0.080625,0.5406249999999999,5.744121075227934e-05,-0.0014950299309583594
0.080625,0.546875,5.477819065612139e-05,-0.001495312274579302
0.080625,0.5531249999999999,5.2250918568985276e-05,-0.001495577009097324
0.080625,0.559375,4.9851722959192675e-05,-0.0014958253430119338
0.080625,0.565625,4.757341494060256e-05,-0.0014960583935995336
0.080625,0.5718749999999999,4.54092544756498e-05,-0.0014962771944662212
0.080625,0.578125,4.3352919202383366e-05,-0.0014964827024176836
0.080625,0.5843749999999999,4.139847566100069e-05,-0.001496675803713261
0.080625,0.590625,3.9540352716388205e-05,-0.0014968573197641434
0.080625,0.596875,3.777331699206222e-05,-0.0014970280123293603
0.084375,0.0031249999999999997,0.07200663879551195,0.0582084752388527
0.084375,0.009375,0.05777238432224638,0.045143857156617145
0.084375,0.015625,0.047238979260257094,0.03454098416124904
0.084375,0.021875,0.039142785908669014,0.026350931813609584
0.084375,0.028124999999999997,0.03275793084400849,0.02013188644550502
0.084375,0.034374999999999996,0.027636707749213067,0.015427187785257866
0.084375,0.040624999999999994,0.02348030247734354,0.01185893076402382
0.084375,0.046875,0.02007638345424891,0.009136870333475367
0.084375,0.05312499999999999,0.01726756739219042,0.007044772951788269
0.084375,0.059375,0.014934076267363455,0.005423485093652222
0.084375,0.06562499999999999,0.012983232437855548,0.004156226760194365
0.084375,0.071875,0.01134253322198364,0.0031571525275421257
0.084375,0.078125,0.009954795471984218,0.0023628625807548976
0.084375,0.08437499999999999,0.008774614449718308,0.0017262382637084342
0.084375,0.09062499999999998,0.007765719110364681,0.001212007234135077
0.084375,0.09687499999999999,0.006898968365063539,0.0007935610068812967
0.084375,0.103125,0.006150818946788473,0.00045066784565610815
0.084375,0.109375,0.005502146108805058,0.00016782265119565402
0.084375,0.11562499999999999,0.004937330975335902,-6.695004979358015e-05
0.084375,0.12187499999999998,0.004443550768846943,-0.00026296996132260013
0.084375,0.128125,0.004010224181846534,-0.0004275433673115393
0.084375,0.13437499999999997,0.0036285759204553367,-0.0005664386976617242
0.084375,0.140625,0.003291293177992095,-0.0006842411810542092
0.084375,0.14687499999999998,0.002992253326828788,-0.0007846192493854119
0.084375,0.153125,0.0027263070231496192,-0.0008705260877926193
0.084375,0.159375,0.0024891046184556784,-0.00094435318898386
0.084375,0.16562499999999997,0.0022769565693617263,-0.0010080481404881707
0.084375,0.171875,0.002086720659735061,-0.001063205574338459
0.084375,0.17812499999999998,0.001915710464782578,-0.001111137843570067
0.084375,0.18437499999999998,0.001761620720692335,-0.0011529302835710802
0.084375,0.190625,0.0016224662094894684,-0.0011894846772944746
0.084375,0.19687499999999997,0.0014965314968766103,-0.0012215536378119831
0.084375,0.203125,0.001382329423450146,-0.0012497679556239404
0.084375,0.20937499999999998,0.001278566686211022,-0.001274658465095921
0.084375,0.21562499999999998,0.0011841151873890202,-0.0012966736171468186
0.084375,0.221875,0.0010979880936796685,-0.0013161936700976545
0.084375,0.22812499999999997,0.0010193197580317611,-0.0013335422031151732
0.084375,0.234375,0.0009473488210307652,-0.0013489954993702
0.084375,0.24062499999999998,0.0008814039395504315,-0.0013627902260795973
0.084375,0.24687499999999996,0.0008208916942370846,-0.0013751297466393078
0.084375,0.253125,0.0007652863103495841,-0.0013861893291806761
0.084375,0.25937499999999997,0.0007141208929800196,-0.0013961204609782127
0.084375,0.265625,0.0006669799311947244,-0.0014050544353945104
0.084375,0.271875,0.0006234928688600881,-0.0014131053446136087
0.084375,0.27812499999999996,0.0005833285749592743,-0.0014203725851394116
0.084375,0.284375,0.0005461905747151958,-0.0014269429622948255
0.084375,0.29062499999999997,0.0005118129261105451,-0.0014328924635136297
0.084375,0.296875,0.00047995664546277575,-0.0014382877571255087
0.084375,0.303125,0.0004504066013832836,-0.0014431874628695028
0.084375,0.30937499999999996,0.000422968809371877,-0.0014476432319725863
0.084375,0.315625,0.00039746806998583884,-0.001451700667864331
0.084375,0.32187499999999997,0.00037374590239050144,-0.0014554001131281533
0.084375,0.328125,0.0003516587324772713,-0.0014587773238507427
0.084375,0.334375,0.00033107630089309085,-0.0014618640489168619
0.084375,0.34062499999999996,0.00031188026147886656,-0.0014646885288438947
0.084375,0.34687499999999993,0.000293962944939096,-0.0014672759263302893
0.084375,0.35312499999999997,0.00027722626620374074,-0.0014696486987021357
0.084375,0.359375,0.00026158075701302065,-0.001471826920801004
0.084375,0.365625,0.0002469447078518158,-0.0014738285654987183
0.084375,0.37187499999999996,0.00023324340556119975,-0.0014756697478986876
0.084375,0.37812499999999993,0.00022040845482490951,-0.0014773649383467149
0.084375,0.38437499999999997,0.0002083771733216108,-0.001478927148592893
0.084375,0.390625,0.00019709205169381975,-0.00148036809479281
0.084375,0.396875,0.00018650027064792606,-0.0014816983404884398
0.084375,0.40312499999999996,0.00017655326849744967,-0.0014829274222486419
0.084375,0.40937499999999993,0.00016720635331887447,-0.0014840639602612393
0.084375,0.41562499999999997,0.00015841835462743176,-0.0014851157558409915
0.084375,0.421875,0.00015015131011687826,-0.0014860898775404577
0.084375,0.428125,0.000142370183557605,-0.0014869927373154727
0.084375,0.43437499999999996,0.00013504261042395329,-0.0014878301579969312
0.084375,0.44062499999999993,0.00012813866823503588,-0.001488607433150176
0.084375,0.44687499999999997,0.00012163066895266614,-0.0014893293802577935
0.084375,0.453125,0.000115492971092829,-0.0014900003880371803
0.084375,0.459375,0.00010970180947994394,-0.0014906244585975784
0.084375,0.46562499999999996,0.00010423514081150214,-0.0014912052450496867
0.084375,0.47187499999999993,9.90725034091916e-05,-0.0014917460851021516
0.084375,0.47812499999999997,9.419488971538252e-05,-0.00149225003111134
0.084375,0.48437499999999994,8.958463025425528e-05,-0.0014927198769921473
0.084375,0.490625,8.522528791786766e-05,-0.0014931581823469
0.084375,0.49687499999999996,8.1101561561602e-05,-0.0014935672941254646
0.084375,0.5031249999999999,7.719919800288201e-05,-0.0014939493660915645
0.084375,0.5093749999999999,7.350491161368275e-05,-0.001494306376337172
0.084375,0.515625,7.000631078279141e-05,-0.0014946401430579995
0.084375,0.5218749999999999,6.669183059940989e-05,-0.0014949523387779724
0.084375,0.528125,6.355067117673893e-05,-0.0014952445031886149
0.084375,0.534375,6.057274109369927e-05,-0.001495518054750077
0.084375,0.5406249999999999,5.7748605485832727e-05,-0.0014957743011837338
0.084375,0.546875,5.5069438363495565e-05,-0.0014960144489715363
0.084375,0.5531249999999999,5.2526978777387974e-05,-0.001496239611964365
0.084375,0.559375,5.01134904888614e-05,-0.0014964508191902478
0.084375,0.565625,4.78217248358523e-05,-0.0014966490219432934
0.084375,0.5718749999999999,4.564488651514568e-05,-0.0014968351002253605
0.084375,0.578125,4.357660202840191e-05,-0.0014970098686046848
0.084375,0.5843749999999999,4.161089056332619e-05,-0.0014971740815488068
0.084375,0.590625,3.974213710283701e-05,-0.00149732843828304
0.084375,0.596875,3.79650675743797e-05,-0.0014974735872203345
0.08812499999999998,0.0031249999999999997,0.08220727081576536,0.0486324679428667
0.08812499999999998,0.009375,0.0654286991741445,0.03823495360807028
0.08812499999999998,0.015625,0.0528847592457159,0.0293778118275428
0.08812499999999998,0.021875,0.043293626774055315,0.022383166907523212
0.08812499999999998,0.028124999999999997,0.035821459273014666,0.017022146956375134
0.08812499999999998,0.034374999999999996,0.02991435422026499,0.012955502211981627
0.08812499999999998,0.040624999999999994,0.0251892081093982,0.009873281599502993
0.08812499999999998,0.046875,0.021371495326590596,0.007527568371050132
0.08812499999999998,0.05312499999999999,0.018259319625988216,0.005730350508816939
0.08812499999999998,0.059375,0.0157014457356719,0.004342273190399192
0.08812499999999998,0.06562499999999999,0.013583045560246403,0.0032609280011330556
0.08812499999999998,0.071875,0.011815995287642087,0.0024111339431059976
0.08812499999999998,0.078125,0.010332043900598255,0.0017375210584625591
0.08812499999999998,0.08437499999999999,0.009077893156384909,0.0011990801024629669
0.08812499999999998,0.09062499999999998,0.008011598743710584,0.0007652251838493125
0.08812499999999998,0.09687499999999999,0.007099907693562063,0.000412968103064802
0.08812499999999998,0.103125,0.0063162704378856545,0.0001248918811939917
0.08812499999999998,0.109375,0.005639344792353275,-0.00011230664821981827
0.08812499999999998,0.11562499999999999,0.00505186192342797,-0.0003088701435467272
0.08812499999999998,0.12187499999999998,0.004539760748013297,-0.00047274671203844493
0.08812499999999998,0.128125,0.004091522788295711,-0.0006101507623376571
0.08812499999999998,0.13437499999999997,0.0036976577126585086,-0.0007259766746459664
0.08812499999999998,0.140625,0.0033503028790226193,-0.000824106191439958
0.08812499999999998,0.14687499999999998,0.003042909670964439,-0.0009076385422300337
0.08812499999999998,0.153125,0.0027699963205950664,-0.000979063997375203
0.08812499999999998,0.159375,0.0025269519730238216,-0.0010403957050576125
0.08812499999999998,0.16562499999999997,0.002309880478683464,-0.0010932705442163306
0.08812499999999998,0.171875,0.0021154751667855,-0.0011390268016541652
0.08812499999999998,0.17812499999999998,0.0019409179166247638,-0.0011787643932520712
0.08812499999999998,0.18437499999999998,0.0017837973909300652,-0.001213391848392407
0.08812499999999998,0.190625,0.0016420424624869765,-0.0012436631908766599
0.08812499999999998,0.19687499999999997,0.0015138677502580964,-0.0012702070588091413
0.08812499999999998,0.203125,0.001397728856029503,-0.0012935498261275567
0.08812499999999998,0.20937499999999998,0.0012922854099177562,-0.0013141340605956862
0.08812499999999998,0.21562499999999998,0.001196370431738134,-0.001332333335290643
0.08812499999999998,0.221875,0.001108964824062543,-0.0013484641731107546
0.08812499999999998,0.22812499999999997,0.001029176053240604,-0.0013627957252335542
0.08812499999999998,0.234375,0.0009562202627858095,-0.001375557649355682
0.08812499999999998,0.24062499999999998,0.0008894072114312791,-0.0013869465507627015
0.08812499999999998,0.24687499999999996,0.0008281275449814091,-0.0013971312706402257
0.08812499999999998,0.253125,0.0007718420037775437,-0.001406257245549373
0.08812499999999998,0.25937499999999997,0.0007200722414663833,-0.001414450115217159
0.08812499999999998,0.265625,0.000672392989883105,-0.0014218187194424835
0.08812499999999998,0.271875,0.0006284253523778793,-0.001428457596529981
0.08812499999999998,0.27812499999999996,0.0005878310462569985,-0.0014344490733883034
0.08812499999999998,0.284375,0.0005503074460704335,-0.0014398650198702324
0.08812499999999998,0.29062499999999997,0.0005155833047345327,-0.0014447683260293358
0.08812499999999998,0.296875,0.0004834150500916661,-0.001449214149913298
0.08812499999999998,0.303125,0.00045358357139161655,-0.001453250974687635
0.08812499999999998,0.30937499999999996,0.0004258914240550865,-0.0014569215068080022
0.08812499999999998,0.315625,0.0004001603925217845,-0.0014602634412654097
0.08812499999999998,0.32187499999999997,0.00037622936045149787,-0.0014633101153294597
0.08812499999999998,0.328125,0.0003539524454023299,-0.0014660910684862467
0.08812499999999998,0.334375,0.0003331973616496627,-0.00146863252323441
0.08812499999999998,0.34062499999999996,0.00031384398026908504,-0.0014709577989269204
0.08812499999999998,0.34687499999999993,0.0002957830601778932,-0.0014730876688184777
0.08812499999999998,0.35312499999999997,0.00027891512766801025,-0.0014750406688125144
0.08812499999999998,0.359375,0.00026314948519458916,-0.0014768333650288735
0.08812499999999998,0.365625,0.00024840333291225415,-0.0014784805861784256
0.08812499999999998,0.37187499999999996,0.0002346009887592943,-0.0014799956257901118
0.08812499999999998,0.37812499999999993,0.00022167319484846533,-0.0014813904185538287
0.08812499999999998,0.38437499999999997,0.0002095564995884579,-0.001482675694390615
0.08812499999999998,0.390625,0.00019819270637969449,-0.0014838611133166939
0.08812499999999998,0.396875,0.00018752838094095306,-0.0014849553837112841
0.08812499999999998,0.40312499999999996,0.00017751441036180677,-0.0014859663662145077
0.08812499999999998,0.40937499999999993,0.00016810560786698018,-0.0014869011651586473
0.08812499999999998,0.41562499999999997,0.00015926035804498834,-0.0014877662091633474
0.08812499999999998,0.421875,0.0001509402979536749,-0.0014885673222946023
0.08812499999999998,0.428125,0.00014311003008529884,-0.0014893097869917533
0.08812499999999998,0.43437499999999996,0.00013573686366692068,-0.0014899983998004438
0.08812499999999998,0.44062499999999993,0.00012879058119919545,-0.0014906375208078892
0.08812499999999998,0.44687499999999997,0.00012224322750773,-0.0014912311175559855
0.08812499999999998,0.453125,0.00011606891890391945,-0.0014917828041044487
0.08812499999999998,0.459375,0.00011024367033339672,-0.0014922958758276509
0.08812499999999998,0.46562499999999996,0.00010474523863569511,-0.0014927733404528185
0.08812499999999998,0.47187499999999993,9.955298025331958e-05,-0.0014932179457818975
0.08812499999999998,0.47812499999999997,9.464772191634843e-05,-0.0014936322044830825
0.08812499999999998,0.48437499999999994,9.00116429935108e-05,-0.0014940184162893894
0.08812499999999998,0.490625,8.562816834547145e-05,-0.001494378687899638
0.08812499999999998,0.49687499999999996,8.148187064343715e-05,-0.0014947149508408024
0.08812499999999998,0.5031249999999999,7.755838122842053e-05,-0.0014950289775191197
0.08812499999999998,0.5093749999999999,7.384430868552474e-05,-0.0014953223956599032
0.08812499999999998,0.515625,7.03271643951018e-05,-0.0014955967013121393
0.08812499999999998,0.5218749999999999,6.699529440004977e-05,-0.001495853270573126
0.08812499999999998,0.528125,6.383781699709813e-05,-0.0014960933701702503
0.08812499999999998,0.534375,6.084456552077756e-05,-0.0014963181670211193
0.08812499999999998,0.5406249999999999,5.800603584281148e-05,-0.0014965287368793557
0.08812499999999998,0.546875,5.5313338157740156e-05,-0.0014967260721611782
0.08812499999999998,0.5531249999999999,5.275815266839064e-05,-0.0014969110890371928
0.08812499999999998,0.559375,5.0332688822965936e-05,-0.0014970846338644055
0.08812499999999998,0.565625,4.8029647789596226e-05,-0.0014972474890251946
0.08812499999999998,0.5718749999999999,4.584218788463033e-05,-0.0014974003782326844
0.08812499999999998,0.578125,4.376389269818353e-05,-0.0014975439713555124
0.08812499999999998,0.5843749999999999,4.1788741684848934e-05,-0.0014976788888093086
0.08812499999999998,0.590625,3.991108300934687e-05,-0.0014978057055571566
0.08812499999999998,0.596875,3.812560845652035e-05,-0.0014979249547568592
0.09187499999999998,0.0031249999999999997,0.08982546755596306,0.03791630266069118
0.09187499999999998,0.009375,0.07152445511663777,0.030236598669927103
0.09187499999999998,0.015625,0.0575263458226564,0.023339064425994014
0.09187499999999998,0.021875,0.046758684357968455,0.01775551211241765
0.09187499999999998,0.028124999999999997,0.038394884627327694,0.013427759263810627
0.09187499999999998,0.034374999999999996,0.03183036040766612,0.01013096636551307
0.09187499999999998,0.040624999999999994,0.026625210785438936,0.0076307414363348276
0.09187499999999998,0.046875,0.022457246520767363,0.005730344567820081
0.09187499999999998,0.05312499999999999,0.019088364203709067,0.004277430852750471
0.09187499999999998,0.059375,0.016340981188348692,0.0031580750685148034
0.09187499999999998,0.06562499999999999,0.014081453431824584,0.002288306041935732
0.09187499999999998,0.071875,0.012208307354212163,0.001606481130496692
0.09187499999999998,0.078125,0.010643818326979696,0.0010672744751606816
0.09187499999999998,0.08437499999999999,0.00932793743402473,0.0006371958928226991
0.09187499999999998,0.09062499999999998,0.008213879087199215,0.00029133516916818574
0.09187499999999998,0.09687499999999999,0.007264891484934505,1.1022252274826101e-05
0.09187499999999998,0.103125,0.006451875042424079,-0.0002178493950909361
0.09187499999999998,0.109375,0.005751612759924113,-0.0004060261943870233
0.09187499999999998,0.11562499999999999,0.005145445207702532,-0.0005617619145287152
0.09187499999999998,0.12187499999999998,0.004618270824774182,-0.0006914466829764551
0.09187499999999998,0.128125,0.004157785947884312,-0.0008000662172031998
0.09187499999999998,0.13437499999999997,0.0037539027835021828,-0.000891539568153187
0.09187499999999998,0.140625,0.003398300419050516,-0.0009689693973154805
0.09187499999999998,0.14687499999999998,0.0030840760173622694,-0.0010348288526023232
0.09187499999999998,0.153125,0.002805471987848072,-0.0010911021575708312
0.09187499999999998,0.159375,0.0025576611770333313,-0.0011393911613341965
0.09187499999999998,0.16562499999999997,0.00233657666549072,-0.001180996672403002
0.09187499999999998,0.171875,0.0021387760846247983,-0.0012169809772181175
0.09187499999999998,0.17812499999999998,0.001961332817775732,-0.0012482162195744087
0.09187499999999998,0.18437499999999998,0.0018017482679541204,-0.0012754220813180456
0.09187499999999998,0.190625,0.0016578807315176024,-0.0012991953131212207
0.09187499999999998,0.19687499999999997,0.0015278874365464744,-0.0013200330165198371
0.09187499999999998,0.203125,0.001410177075319954,-0.0013383511047924104
0.09187499999999998,0.20937499999999998,0.0013033707464093801,-0.0013544990215839693
0.09187499999999998,0.21562499999999998,0.0012062696703194317,-0.0013687715377926966
0.09187499999999998,0.221875,0.0011178283876514205,-0.001381418254528862
0.09187499999999998,0.22812499999999997,0.0010371324157478175,-0.0013926512953320296
0.09187499999999998,0.234375,0.0009633795474822129,-0.0014026515616357995
0.09187499999999998,0.24062499999999998,0.000895864138293093,-0.0014115738425356703
0.09187499999999998,0.24687499999999996,0.0008339638552345622,-0.0014195510065690108
0.09187499999999998,0.253125,0.0007771284626627088,-0.0014266974545635502
0.09187499999999998,0.25937499999999997,0.0007248702992080524,-0.0014331119750443438
0.09187499999999998,0.265625,0.000676756164489183,-0.0014388801145331378
0.09187499999999998,0.271875,0.0006324003851156839,-0.0014440761523327524
0.09187499999999998,0.27812499999999996,0.0005914588706171826,-0.0014487647515658395
0.09187499999999998,0.284375,0.0005536240031154699,-0.0014530023442035878
0.09187499999999998,0.29062499999999997,0.0005186202314572746,-0.0014568382967203365
0.09187499999999998,0.296875,0.00048620026241916854,-0.0014603158941930375
0.09187499999999998,0.303125,0.0004561417594816388,-0.0014634731736312748
0.09187499999999998,0.30937499999999996,0.0004282444743331393,-0.001466343631690532
0.09187499999999998,0.315625,0.00040232774832938203,-0.0014689568273920876
0.09187499999999998,0.32187499999999997,0.00037822833109248056,-0.0014713388968173007
0.09187499999999998,0.328125,0.0003557984716831,-0.0014735129937827772
0.09187499999999998,0.334375,0.0003349042446319912,-0.0014754996680955183
0.09187499999999998,0.34062499999999996,0.00031542407882871213,-0.0014773171910234533
0.09187499999999998,0.34687499999999993,0.0002972474620393586,-0.001478981836009479
0.09187499999999998,0.35312499999999997,0.0002802737978270771,-0.001480508121337523
0.09187499999999998,0.359375,0.0002644113950132649,-0.0014819090203721768
0.09187499999999998,0.365625,0.0002495765726529883,-0.0014831961440955126
0.09187499999999998,0.37187499999999996,0.000235692865894576,-0.0014843798999206877
0.09187499999999998,0.37812499999999993,0.00022269032012377625,-0.0014854696301437203
0.09187499999999998,0.38437499999999997,0.0002105048625174407,-0.0014864737328797325
0.09187499999999998,0.390625,0.00019907774160003911,-0.0014873997678996002
0.09187499999999998,0.396875,0.0001883550266493787,-0.0014882545494225043
0.09187499999999998,0.40312499999999996,0.00017828715986971646,-0.0014890442276171655
0.09187499999999998,0.40937499999999993,0.00016882855516923243,-0.0014897743603097472
0.09187499999999998,0.41562499999999997,0.00015993723816812793,-0.0014904499761813899
0.09187499999999998,0.421875,0.00015157452274309265,-0.0014910756305565
0.09187499999999998,0.428125,0.00014370472000000095,-0.0014916554547287442
0.09187499999999998,0.43437499999999996,0.0001362948760732932,-0.0014921931996407663
0.09187499999999998,0.44062499999999993,0.00012931453558920073,-0.0014926922746221181
0.09187499999999998,0.44687499999999997,0.00012273552801058172,-0.0014931557817948037
0.09187499999999998,0.453125,0.000116531774411969,-0.0014935865466745037
0.09187499999999998,0.459375,0.00011067911252148551,-0.0014939871454258977
0.09187499999999998,0.46562499999999996,0.00010515513811754571,-0.0014943599291707365
0.09187499999999998,0.47187499999999993,9.993906108778872e-05,-0.0014947070456959068
0.09187499999999998,0.47812499999999997,9.50115746498111e-05,-0.0014950304588644751
0.09187499999999998,0.48437499999999994,9.035473640167585e-05,-0.0014953319659944773
0.09187499999999998,0.490625,8.595186001802478e-05,-0.0014956132134372163
0.09187499999999998,0.49687499999999996,8.178741653762825e-05,-0.0014958757105582167
0.09187499999999998,0.5031249999999999,7.784694430268413e-05,-0.0014961208422991984
0.09187499999999998,0.5093749999999999,7.411696671114067e-05,-0.0014963498804778748
0.09187499999999998,0.515625,7.058491703247939e-05,-0.0014965639939636445
0.09187499999999998,0.5218749999999999,6.723906961624559e-05,-0.0014967642578508982
0.09187499999999998,0.528125,6.406847689244429e-05,-0.0014969516617374119
0.09187499999999998,0.534375,6.106291162484462e-05,-0.0014971271172028308
0.09187499999999998,0.5406249999999999,5.821281393321212e-05,-0.0014972914645713423
0.09187499999999998,0.546875,5.5509242649373644e-05,-0.001497445479033071
0.09187499999999998,0.5531249999999999,5.2943830615529364e-05,-0.0014975898761903407
0.09187499999999998,0.559375,5.0508743572002024e-05,-0.0014977253170875675
0.09187499999999998,0.565625,4.819664231622017e-05,-0.0014978524127770595
0.09187499999999998,0.5718749999999999,4.6000647845637284e-05,-0.001497971728467273
0.09187499999999998,0.578125,4.3914309224937296e-05,-0.0014980837872950318
0.09187499999999998,0.5843749999999999,4.193157394262862e-05,-0.0014981890737587543
0.09187499999999998,0.590625,4.004676054431122e-05,-0.0014982880368457894
0.09187499999999998,0.596875,3.825453334981367e-05,-0.0014983810928834676
0.09562499999999999,0.0031249999999999997,0.0950768038611667,0.02671645047261773
0.09562499999999999,0.009375,0.07600490957269028,0.02154161979364043
0.09562499999999999,0.015625,0.06105030167120116,0.016659198906758838
0.09562499999999999,0.021875,0.049431577329111694,0.012614346318591561
0.09562499999999999,0.028124999999999997,0.04039409271444033,0.009445010075919816
0.09562499999999999,0.034374999999999996,0.033322339449717665,0.00701974460215503
0.09562499999999999,0.040624999999999994,0.027743242683012613,0.005178277110330823
0.09562499999999999,0.046875,0.02330137964855499,0.0037793346015073622
0.09562499999999999,0.05312499999999999,0.019731620964762307,0.002711267329810516
0.09562499999999999,0.059375,0.016836093247103882,0.0018898384005915474
0.09562499999999999,0.06562499999999999,0.014466444201879664,0.0012527481538416188
0.09562499999999999,0.071875,0.012510694400458513,0.0007542350577289152
0.09562499999999999,0.078125,0.010883645989205883,0.00036067864404132344
0.09562499999999999,0.08437499999999999,0.009519924729812421,4.727625410057279e-05
0.09562499999999999,0.09062499999999998,0.008368930815513898,-0.00020438560752365689
0.09562499999999999,0.09687499999999999,0.007391161244031385,-0.00040808006750151556
0.09562499999999999,0.103125,0.006555515849510434,-0.0005741928976102217
0.09562499999999999,0.109375,0.005837310274354026,-0.0007106207927727137
0.09562499999999999,0.11562499999999999,0.005216799299479812,-0.0008234177658497209
0.09562499999999999,0.12187499999999998,0.004678070819738238,-0.0009172629228539502
0.09562499999999999,0.128125,0.004208210843378897,-0.000995801265612807
0.09562499999999999,0.13437499999999997,0.0037966681243590383,-0.0010618938147918728
0.09562499999999999,0.140625,0.003434766953661808,-0.001117802583768713
0.09562499999999999,0.14687499999999998,0.0031153307453851186,-0.0011653284282628993
0.09562499999999999,0.153125,0.002832389102229058,-0.0012059145639738522
0.09562499999999999,0.159375,0.002580948245940378,-0.0012407248869519857
0.09562499999999999,0.16562499999999997,0.0023568098926897937,-0.001270703663594417
0.09562499999999999,0.171875,0.0021564274262458284,-0.0012966213443548987
0.09562499999999999,0.17812499999999998,0.0019767909814095235,-0.0013191099674951382
0.09562499999999999,0.18437499999999998,0.0018153350827881845,-0.0013386906983398257
0.09562499999999999,0.190625,0.0016698639915285933,-0.0013557953864904116
0.09562499999999999,0.19687499999999997,0.0015384910383705577,-0.0013707835427987708
0.09562499999999999,0.203125,0.0014195890676243024,-0.0013839557870453851
0.09562499999999999,0.20937499999999998,0.0013117497569459656,-0.001395564559414012
0.09562499999999999,0.21562499999999998,0.0012137500652722975,-0.0014058226980868545
0.09562499999999999,0.221875,0.0011245244347045887,-0.0014149103432274397
0.09562499999999999,0.22812499999999997,0.0010431416598798708,-0.001422980521162852
0.09562499999999999,0.234375,0.0009687855613600526,-0.0014301636823086925
0.09562499999999999,0.24062499999999998,0.0009007387733324111,-0.0014365714054957177
0.09562499999999999,0.24687499999999996,0.0008383690920367106,-0.0014422994349082413
0.09562499999999999,0.253125,0.0007811179385164505,-0.0014474301802104195
0.09562499999999999,0.25937499999999997,0.0007284905741046993,-0.0014520347829514858
0.09562499999999999,0.265625,0.0006800477744876662,-0.001456174831030701
0.09562499999999999,0.271875,0.0006353987220501262,-0.0014599037863966989
0.09562499999999999,0.27812499999999996,0.000594194919418573,-0.001463268178152562
0.09562499999999999,0.284375,0.0005561249619346952,-0.0014663086030078656
0.09562499999999999,0.29062499999999997,0.0005209100349603134,-0.001469060566934102
0.09562499999999999,0.296875,0.0004883000247957622,-0.001471555195462408
0.09562499999999999,0.303125,0.0004580701506510405,-0.0014738198349469964
0.09562499999999999,0.30937499999999996,0.0004300180403790739,-0.0014758785630232423
0.09562499999999999,0.315625,0.00040396118522312865,-0.0014777526231992814
0.09562499999999999,0.32187499999999997,0.0003797347191686332,-0.0014794607958660711
0.09562499999999999,0.328125,0.0003571894770395416,-0.0014810197158622407
0.09562499999999999,0.334375,0.0003361902925732287,-0.0014824441449842744
0.09562499999999999,0.34062499999999996,0.0003166145036121934,-0.0014837472064092017
0.09562499999999999,0.34687499999999993,0.00029835063648002473,-0.0014849405868325592
0.09562499999999999,0.35312499999999997,0.0002812972457363065,-0.0014860347111687719
0.09562499999999999,0.359375,0.0002653618889707491,-0.001487038893874329
0.09562499999999999,0.365625,0.00025046021921495466,-0.001487961470304413
0.09562499999999999,0.37187499999999996,0.0002365151800139206,-0.0014888099109755463
0.09562499999999999,0.37812499999999993,0.0002234562902848479,-0.0014895909211598334
0.09562499999999999,0.38437499999999997,0.00021121900786055646,-0.0014903105278641063
0.09562499999999999,0.390625,0.00019974416212031556,-0.0014909741559363532
0.09562499999999999,0.396875,0.00018897744739464456,-0.001491586694781464
0.09562499999999999,0.40312499999999996,0.00017886896992784583,-0.001492152556949756
0.09562499999999999,0.40937499999999993,0.00016937284212188648,-0.001492675729677831
0.09562499999999999,0.41562499999999997,0.0001604468185920809,-0.0014931598203061266
0.09562499999999999,0.421875,0.00015205196925913682,-0.0014936080963663615
0.09562499999999999,0.428125,0.00014415238530048633,-0.0014940235210208553
0.09562499999999999,0.43437499999999996,0.00013671491430068114,-0.0014944087844413043
0.09562499999999999,0.44062499999999993,0.0001297089213879587,-0.0014947663316341871
0.09562499999999999,0.44687499999999997,0.00012310607353196388,-0.0014950983871514334
0.09562499999999999,0.453125,0.00011688014451457933,-0.0014954069770663893
0.09562499999999999,0.459375,0.00011100683837906413,-0.0014956939485449266
0.09562499999999999,0.46562499999999996,0.00010546362941836953,-0.0014959609872984973
0.09562499999999999,0.47187499999999993,0.00010022961698676564,-0.0014962096331689078
0.09562499999999999,0.47812499999999997,9.528539361422716e-05,-0.0014964412940627271
0.09562499999999999,0.48437499999999994,9.061292507414944e-05,-0.0014966572584257192
0.09562499999999999,0.490625,8.619544120514535e-05,-0.0014968587064239432
0.09562499999999999,0.49687499999999996,8.201733641966953e-05,-0.0014970467199775651
0.09562499999999999,0.5031249999999999,7.806407894840402e-05,-0.0014972222917755905
0.09562499999999999,0.5093749999999999,7.43221279717726e-05,-0.0014973863333842263
0.09562499999999999,0.515625,7.077885788037564e-05,-0.0014975396825480844
0.09562499999999999,0.5218749999999999,6.742248898608378e-05,-0.001497683109771704
0.09562499999999999,0.528125,6.424202407629947e-05,-0.0014978173242586016
0.09562499999999999,0.534375,6.122719026664017e-05,-0.0014979429792761044
0.09562499999999999,0.5406249999999999,5.8368385662979804e-05,-0.0014980606770063807
0.09562499999999999,0.546875,5.565663039328664e-05,-0.001498170972937197
0.09562499999999999,0.5531249999999999,5.3083521613740306e-05,-0.0014982743798399143
0.09562499999999999,0.559375,5.064119213285221e-05,-0.0014983713713769182
0.09562499999999999,0.565625,4.8322272332327244e-05,-0.0014984623853760252
0.09562499999999999,0.5718749999999999,4.6119855094665204e-05,-0.0014985478268052862
0.09562499999999999,0.578125,4.4027463475459614e-05,-0.0014986280704779892
0.09562499999999999,0.5843749999999999,4.20390208833757e-05,-0.0014987034635144541
0.09562499999999999,0.590625,4.01488235532112e-05,-0.0014987743275843809
0.09562499999999999,0.596875,3.835151511756549e-05,-0.0014988409609510054
0.09937499999999999,0.0031249999999999997,0.0983117320408132,0.015406791701063913
0.09937499999999999,0.009375,0.07892058602223068,0.012450920544652206
0.09937499999999999,0.015625,0.06340764157616362,0.00955406333851341
0.09937499999999999,0.021875,0.05124433239557169,0.0071110497275209215
0.09937499999999999,0.028124999999999997,0.041758610575192194,0.005180503987990219
0.09937499999999999,0.034374999999999996,0.03434310737308251,0.003697719276762253
0.09937499999999999,0.040624999999999994,0.028508393596375654,0.0025705384153511834
0.09937499999999999,0.046875,0.023878626609564385,0.0017143507284856857
0.09937499999999999,0.05312499999999999,0.020170926819974226,0.001061187608434923
0.09937499999999999,0.059375,0.01717371223593141,0.0005594029372221077
0.09937499999999999,0.06562499999999999,0.014728561837686747,0.0001706909958065848
0.09937499999999999,0.071875,0.012716260674333648,-0.0001331059253644861
0.09937499999999999,0.078125,0.011046451743809383,-0.0003726674336470123
0.09937499999999999,0.08437499999999999,0.009650082988369519,-0.0005632352975958904
0.09937499999999999,0.09062499999999998,0.008473922154726622,-0.0007161115461619723
0.09937499999999999,0.09687499999999999,0.0074765698026249905,-0.0008397390719210711
0.09937499999999999,0.103125,0.006625548833338025,-0.0009404760305706982
0.09937499999999999,0.109375,0.005895166604077958,-0.0010231506551440952
0.09937499999999999,0.11562499999999999,0.005264933032760341,-0.0010914600763229337
0.09937499999999999,0.12187499999999998,0.004718380867264271,-0.0011482585722716408
0.09937499999999999,0.128125,0.004242178741476222,-0.001195767294302142
0.09937499999999999,0.13437499999999997,0.0038254589373212956,-0.0012357279813908733
0.09937499999999999,0.140625,0.0034593038004579967,-0.0012695164869331204
0.09937499999999999,0.14687499999999998,0.0031363503053425373,-0.0012982272762918573
0.09937499999999999,0.153125,0.0028504832912578074,-0.0013227368039552842
0.09937499999999999,0.159375,0.0025965957561271758,-0.0013437514101090388
0.09937499999999999,0.16562499999999997,0.002370400242637435,-0.001361843785474328
0.09937499999999999,0.171875,0.0021682794349954164,-0.0013774809316371619
0.09937499999999999,0.17812499999999998,0.0019871670588214904,-0.0013910457484248091
0.09937499999999999,0.18437499999999998,0.0018244523583966293,-0.0014028538116879314
0.09937499999999999,0.190625,0.0016779030373635711,-0.0014131664962957144
0.09937499999999999,0.19687499999999997,0.001545602748275364,-0.0014222013033441012
0.09937499999999999,0.203125,0.0014259001148561018,-0.0014301400349121197
0.09937499999999999,0.20937499999999998,0.0013173669484670338,-0.001437135301385646
0.09937499999999999,0.21562499999999998,0.001218763834670849,-0.0014433157293676948
0.09937499999999999,0.221875,0.0011290116587406283,-0.0014487901511580248
0.09937499999999999,0.22812499999999997,0.0010471679409703248,-0.0014536509916237192
0.09937499999999999,0.234375,0.0009724070861241995,-0.0014579770191947578
0.09937499999999999,0.24062499999999998,0.0009040038328879982,-0.0014618355905166185
0.09937499999999999,0.24687499999999996,0.0008413193310881069,-0.0014652844899331943
0.09937499999999999,0.253125,0.0007837893859596112,-0.0014683734432336855
0.09937499999999999,0.25937499999999997,0.0007309144968228304,-0.0014711453683408575
0.09937499999999999,0.265625,0.000682251387436237,-0.0014736374126348344
0.09937499999999999,0.271875,0.0006374057810417442,-0.0014758818164956923
0.09937499999999999,0.27812499999999996,0.0005960262177762273,-0.001477906634735456
0.09937499999999999,0.284375,0.0005577987480538081,-0.0014797363413684569
0.09937499999999999,0.29062499999999997,0.0005224423645542826,-0.0014813923382545624
0.09937499999999999,0.296875,0.0004897050590046712,-0.0014828933842508355
0.09937499999999999,0.303125,0.0004593604091223747,-0.0014842559584006165
0.09937499999999999,0.30937499999999996,0.00043120461676991344,-0.0014854945682036787
0.09937499999999999,0.315625,0.0004050539312383132,-0.001486622012014806
0.09937499999999999,0.32187499999999997,0.00038074240217126373,-0.0014876496030084955
0.09937499999999999,0.328125,0.00035811991539622036,-0.0014885873608447935
0.09937499999999999,0.334375,0.0003370504721854257,-0.001489444176113188
0.09937499999999999,0.34062499999999996,0.0003174106785046568,-0.0014902279517690767
0.09937499999999999,0.34687499999999993,0.0002990884158416541,-0.0014909457250720849
0.09937499999999999,0.35312499999999997,0.0002819816694181164,-0.0014916037729568556
0.09937499999999999,0.359375,0.0002659974931233595,-0.0014922077032906824
0.09937499999999999,0.365625,0.0002510510934815888,-0.001492762534079175
0.09937499999999999,0.37187499999999996,0.00023706501747387186,-0.0014932727623555757
0.09937499999999999,0.37812499999999993,0.0002239684311585135,-0.0014937424242189982
0.09937499999999999,0.38437499999999997,0.00021169647783375205,-0.0014941751472617316
0.09937499999999999,0.390625,0.00020018970601727527,-0.0014945741964377634
0.09937499999999999,0.396875,0.0001893935588214947,-0.0014949425142673223
0.09937499999999999,0.40312499999999996,0.00017925791741784454,-0.0014952827561401374
0.09937499999999999,0.40937499999999993,0.00016973669223743166,-0.001495597321368989
0.09937499999999999,0.41562499999999997,0.0001607874563740186,-0.001495888380551393
0.09937499999999999,0.421875,0.0001523711163592909,-0.001496157899718009
0.09937499999999999,0.428125,0.00014445161608696118,-0.0014964076616792257
0.09937499999999999,0.43437499999999996,0.00013699567018603275,-0.0014966392849243614
0.09937499999999999,0.44062499999999993,0.00012997252359668007,-0.0014968542403793802
0.09937499999999999,0.44687499999999997,0.00012335373449497085,-0.001497053866287657
0.09937499999999999,0.453125,0.00011711297805375388,-0.0014972393814429482
0.09937499999999999,0.459375,0.00011122586882377697,-0.0014974118969734503
0.09937499999999999,0.46562499999999996,0.00010566979977772679,-0.0014975724268498456
0.09937499999999999,0.47187499999999993,0.00010042379628567048,-0.001497721897267911
0.09937499999999999,0.47812499999999997,9.546838348782936e-05,-0.0014978611550370258
0.09937499999999999,0.48437499999999994,9.07854657035715e-05,-0.0014979909750893416
0.09937499999999999,0.490625,8.635821666724852e-05,-0.0014981120672100234
0.09937499999999999,0.49687499999999996,8.217097951483801e-05,-0.0014982250820765807
0.09937499999999999,0.5031249999999999,7.820917556268857e-05,-0.001498330616684531
0.09937499999999999,0.5093749999999999,7.445922102308408e-05,-0.0014984292192273035
0.09937499999999999,0.515625,7.090845089262007e-05,-0.001498521393490154
0.09937499999999999,0.5218749999999999,6.75450493300624e-05,-0.0014986076028107847
0.09937499999999999,0.528125,6.435798591176607e-05,-0.001498688273653178
0.09937499999999999,0.534375,6.133695721602186e-05,-0.0014987637988357547
0.09937499999999999,0.5406249999999999,5.8472333243859704e-05,-0.0014988345404502391
0.09937499999999999,0.546875,5.5755108233750295e-05,-0.001498900832503475
0.09937499999999999,0.5531249999999999,5.317685547205122e-05,-0.0014989629833107962
0.09937499999999999,0.559375,5.072968574059776e-05,-0.0014990212776663655
0.09937499999999999,0.565625,4.840620907812523e-05,-0.0014990759788130845
0.09937499999999999,0.5718749999999999,4.619949956370872e-05,-0.0014991273302321971
0.09937499999999999,0.578125,4.410306285857372e-05,-0.0014991755572705283
0.09937499999999999,0.5843749999999999,4.211080626783853e-05,-0.0014992208686213703
0.09937499999999999,0.590625,4.021701110633077e-05,-0.001499263457673317
0.09937499999999999,0.596875,3.841630717288375e-05,-0.0014993035037398428
0.103125,0.0031249999999999997,0.09984155851364315,0.004127005737225874
0.103125,0.009375,0.08035144253882753,0.0031688558114495832
0.103125,0.015625,0.06458605356168033,0.0022101892186750967
0.103125,0.021875,0.05215894161351555,0.0013938714760913084
0.103125,0.028124999999999997,0.04245008495676079,0.0007457893067031188
0.103125,0.034374999999999996,0.03486129143455996,0.00024698981121514234
0.103125,0.040624999999999994,0.028896952079936516,-0.0001324555097060112
0.103125,0.046875,0.024171653777274548,-0.0004206751174029939
0.103125,0.05312499999999999,0.020393768415221232,-0.0006404709659684147
0.103125,0.059375,0.017344821714378237,-0.0008092375730399188
0.103125,0.06562499999999999,0.014861284339077683,-0.000939897328902916
0.103125,0.071875,0.012820255086536801,-0.0010419536767043139
0.103125,0.078125,0.011128744039045754,-0.0011223852863937013
0.103125,0.08437499999999999,0.00971582144150116,-0.001186333547378422
0.103125,0.09062499999999998,0.008526911459711146,-0.001237608702315149
0.103125,0.09687499999999999,0.0075196473830143355,-0.0012790552961946143
0.103125,0.103125,0.0066608504242348975,-0.0013128141159209719
0.103125,0.109375,0.005924314604594226,-0.0013405098058363975
0.103125,0.11562499999999999,0.005289170986672605,-0.001363385665776923
0.103125,0.12187499999999998,0.004738670225951544,-0.0013824010178999826
0.103125,0.128125,0.004259269065505831,-0.0013983020026413816
0.103125,0.13437499999999997,0.003839939261119692,-0.0014116734327761947
0.103125,0.140625,0.003471640534624543,-0.0014229770655696493
0.103125,0.14687499999999998,0.003146915439895585,-0.0014325800707588525
0.103125,0.153125,0.00285957555382122,-0.0014407763701999874
0.103125,0.159375,0.002604456611065075,-0.0014478027560508222
0.103125,0.16562499999999997,0.002377226081905344,-0.001453851155518645
0.103125,0.171875,0.0021742309357715827,-0.0014590780305730917
0.103125,0.17812499999999998,0.001992376417287019,-0.0014636116319000528
0.103125,0.18437499999999998,0.0018290289197067369,-0.001467557634317434
0.103125,0.190625,0.0016819377059186535,-0.001471003542870039
0.103125,0.19687499999999997,0.0015491714640686342,-0.0014740221589637195
0.103125,0.203125,0.00142906661001829,-0.0014766743231391759
0.103125,0.20937499999999998,0.0013201849455353634,-0.0014790110977047654
0.103125,0.21562499999999998,0.0012212788092374192,-0.0014810755130185017
0.103125,0.221875,0.0011312622602095057,-0.0014829039718930325
0.103125,0.22812499999999997,0.0010491871434865063,-0.0014845273846596522
0.103125,0.234375,0.000974223125406008,-0.0014859720909085683
0.103125,0.24062499999999998,0.0009056409723083203,-0.001487260611408743
0.103125,0.24687499999999996,0.000842798490900397,-0.0014884122641752907
0.103125,0.253125,0.0007851286623142525,-0.0014894436713452982
0.103125,0.25937499999999997,0.0007321295916257947,-0.0014903691778928886
0.103125,0.265625,0.0006833559657635228,-0.0014912011988534159
0.103125,0.271875,0.0006384117694408683,-0.0014919505083316174
0.103125,0.27812499999999996,0.0005969440541362849,-0.0014926264809123726
0.103125,0.284375,0.0005586375916397745,-0.0014932372940047872
0.103125,0.29062499999999997,0.0005232102731517194,-0.001493790098001489
0.103125,0.296875,0.0004904091388107574,-0.001494291159827217
0.103125,0.303125,0.00046000694197394844,-0.0014947459844090354
0.103125,0.30937499999999996,0.0004317991684619289,-0.0014951594177671917
0.103125,0.315625,0.0004056014440127264,-0.0014955357347565235
0.103125,0.32187499999999997,0.00038124727391267767,-0.001495878713948825
0.103125,0.328125,0.00035858606763002467,-0.0014961917017101013
0.103125,0.334375,0.00033748140861580205,-0.0014964776671721617
0.103125,0.34062499999999996,0.00031780953553733546,-0.0014967392495091223
0.103125,0.34687499999999993,0.00029945800629675864,-0.0014969787986932124
0.103125,0.35312499999999997,0.0002823245204416166,-0.001497198410710483
0.103125,0.359375,0.0002663158791434066,-0.001497399958057606
0.103125,0.365625,0.0002513470649218643,-0.0014975851162092834
0.103125,0.37187499999999996,0.0002373404258248289,-0.0014977553866368403
0.103125,0.37812499999999993,0.00022422495091485963,-0.001497912116868087
0.103125,0.38437499999999997,0.00021193562572934235,-0.0014980565180031933
0.103125,0.390625,0.0002004128579240356,-0.0014981896800384214
0.103125,0.396875,0.00018960196462486134,-0.0014983125852969198
0.103125,0.40312499999999996,0.00017945271413569486,-0.0014984261202215772
0.103125,0.40937499999999993,0.00016991891561111562,-0.0014985310857477845
0.103125,0.41562499999999997,0.00016095805112768788,-0.0014986282064425745
0.103125,0.421875,0.0001525309452962669,-0.0014987181385701313
0.103125,0.428125,0.00014460146816857602,-0.0014988014772211917
0.103125,0.43437499999999996,0.0001371362677185472,-0.0014988787626248013
0.103125,0.44062499999999993,0.00013010452863497087,-0.0014989504857446634
0.103125,0.44687499999999997,0.00012347775455723065,-0.001499017093248477
0.103125,0.453125,0.00011722957122907161,-0.0014990789919268497
0.103125,0.459375,0.00011133554834384778,-0.0014991365526282325
0.103125,0.46562499999999996,0.00010577303811481319,-0.0014991901137676542
0.103125,0.47187499999999993,0.00010052102883106999,-0.0014992399844595604
0.103125,0.47812499999999997,9.556001185831736e-05,-0.001499286447318641
0.103125,0.48437499999999994,9.087186071741954e-05,-0.0014993297609669786
0.103125,0.490625,8.643972102633405e-05,-0.0014993701622810713
0.103125,0.49687499999999996,8.224791022495072e-05,-0.0014994078684081214
0.103125,0.5031249999999999,7.828182612030407e-05,-0.0014994430785774027
0.103125,0.5093749999999999,7.452786339353719e-05,-0.0014994759757293815
0.103125,0.515625,7.097333730169848e-05,-0.001499506727982558
0.103125,0.5218749999999999,6.760641388849848e-05,-0.0014995354899556294
0.103125,0.528125,6.441604608987939e-05,-0.0014995624039605044
0.103125,0.534375,6.139191518381563e-05,-0.0014995876010799032
0.103125,0.5406249999999999,5.852437709016375e-05,-0.00149961120214169
0.103125,0.546875,5.580441307649935e-05,-0.0014996333186007072
0.103125,0.5531249999999999,5.322358447046469e-05,-0.0014996540533376642
0.103125,0.559375,5.077399101886069e-05,-0.001499673501383565
0.103125,0.565625,4.8448232569141565e-05,-0.0014996917505772254
0.103125,0.5718749999999999,4.623937378058797e-05,-0.0014997088821625945
0.103125,0.578125,4.4140911600708115e-05,-0.0014997249713318765
0.103125,0.5843749999999999,4.2146745267714233e-05,-0.0014997400877197948
0.103125,0.590625,4.0251148622584696e-05,-0.001499754295853776
0.103125,0.596875,3.8448744534555206e-05,-0.0014997676555643243
0.106875,0.0031249999999999997,0.09984155851364315,-0.007127005737225835
0.106875,0.009375,0.08035144253882753,-0.006168855811449544
0.106875,0.015625,0.06458605356168033,-0.0052101892186750785
0.106875,0.021875,0.05215894161351555,-0.004393871476091285
0.106875,0.028124999999999997,0.04245008495676079,-0.003745789306703101
0.106875,0.034374999999999996,0.03486129143455997,-0.0032469898112151207
0.106875,0.040624999999999994,0.028896952079936516,-0.002867544490293976
0.106875,0.046875,0.024171653777274548,-0.002579324882596998
0.106875,0.05312499999999999,0.020393768415221232,-0.0023595290340315813
0.106875,0.059375,0.017344821714378237,-0.0021907624269600773
0.106875,0.06562499999999999,0.01486128433907768,-0.00206010267109708
0.106875,0.071875,0.012820255086536801,-0.0019580463232956864
0.106875,0.078125,0.011128744039045757,-0.0018776147136062953
0.106875,0.08437499999999999,0.00971582144150116,-0.001813666452621578
0.106875,0.09062499999999998,0.008526911459711146,-0.001762391297684851
0.106875,0.09687499999999999,0.0075196473830143355,-0.0017209447038053858
0.106875,0.103125,0.006660850424234895,-0.001687185884079025
0.106875,0.109375,0.005924314604594225,-0.0016594901941635993
0.106875,0.11562499999999999,0.005289170986672605,-0.0016366143342230741
0.106875,0.12187499999999998,0.004738670225951544,-0.0016175989821000144
0.106875,0.128125,0.004259269065505831,-0.001601697997358617
0.106875,0.13437499999999997,0.003839939261119692,-0.0015883265672238024
0.106875,0.140625,0.003471640534624543,-0.001577022934430348
0.106875,0.14687499999999998,0.003146915439895585,-0.0015674199292411463
0.106875,0.153125,0.00285957555382122,-0.0015592236298000127
0.106875,0.159375,0.002604456611065075,-0.0015521972439491779
0.106875,0.16562499999999997,0.002377226081905344,-0.001546148844481355
0.106875,0.171875,0.0021742309357715827,-0.0015409219694269083
0.106875,0.17812499999999998,0.001992376417287019,-0.0015363883680999473
0.106875,0.18437499999999998,0.0018290289197067369,-0.001532442365682566
0.106875,0.190625,0.0016819377059186535,-0.001528996457129961
0.106875,0.19687499999999997,0.0015491714640686342,-0.0015259778410362805
0.106875,0.203125,0.00142906661001829,-0.0015233256768608242
0.106875,0.20937499999999998,0.0013201849455353634,-0.0015209889022952346
0.106875,0.21562499999999998,0.0012212788092374192,-0.0015189244869814984
0.106875,0.221875,0.0011312622602095057,-0.0015170960281069676
0.106875,0.22812499999999997,0.0010491871434865063,-0.0015154726153403478
0.106875,0.234375,0.0009742231254060083,-0.0015140279090914317
0.106875,0.24062499999999998,0.0009056409723083203,-0.001512739388591257
0.106875,0.24687499999999996,0.000842798490900397,-0.0015115877358247093
0.106875,0.253125,0.0007851286623142525,-0.001510556328654702
0.106875,0.25937499999999997,0.0007321295916257947,-0.0015096308221071114
0.106875,0.265625,0.0006833559657635228,-0.0015087988011465842
0.106875,0.271875,0.0006384117694408682,-0.0015080494916683827
0.106875,0.27812499999999996,0.0005969440541362849,-0.0015073735190876275
0.106875,0.284375,0.0005586375916397746,-0.0015067627059952128
0.106875,0.29062499999999997,0.0005232102731517194,-0.0015062099019985111
0.106875,0.296875,0.0004904091388107574,-0.001505708840172783
0.106875,0.303125,0.00046000694197394844,-0.0015052540155909646
0.106875,0.30937499999999996,0.0004317991684619289,-0.0015048405822328083
0.106875,0.315625,0.0004056014440127264,-0.0015044642652434765
0.106875,0.32187499999999997,0.00038124727391267767,-0.0015041212860511751
0.106875,0.328125,0.00035858606763002467,-0.0015038082982898988
0.106875,0.334375,0.00033748140861580205,-0.0015035223328278384
0.106875,0.34062499999999996,0.00031780953553733546,-0.0015032607504908777
0.106875,0.34687499999999993,0.00029945800629675864,-0.0015030212013067876
0.106875,0.35312499999999997,0.00028232452044161654,-0.0015028015892895171
0.106875,0.359375,0.0002663158791434066,-0.001502600041942394
0.106875,0.365625,0.0002513470649218643,-0.0015024148837907167
0.106875,0.37187499999999996,0.0002373404258248289,-0.0015022446133631598
0.106875,0.37812499999999993,0.00022422495091485963,-0.0015020878831319131
0.106875,0.38437499999999997,0.00021193562572934235,-0.0015019434819968068
0.106875,0.390625,0.00020041285792403554,-0.0015018103199615786
0.106875,0.396875,0.00018960196462486134,-0.0015016874147030803
0.106875,0.40312499999999996,0.00017945271413569486,-0.0015015738797784228
0.106875,0.40937499999999993,0.00016991891561111562,-0.0015014689142522155
0.106875,0.41562499999999997,0.00016095805112768788,-0.0015013717935574255
0.106875,0.421875,0.00015253094529626686,-0.0015012818614298688
0.106875,0.428125,0.00014460146816857602,-0.0015011985227788083
0.106875,0.43437499999999996,0.0001371362677185472,-0.0015011212373751987
0.106875,0.44062499999999993,0.00013010452863497084,-0.0015010495142553366
0.106875,0.44687499999999997,0.00012347775455723065,-0.0015009829067515231
0.106875,0.453125,0.00011722957122907161,-0.0015009210080731503
0.106875,0.459375,0.00011133554834384778,-0.0015008634473717675
0.106875,0.46562499999999996,0.00010577303811481319,-0.0015008098862323458
0.106875,0.47187499999999993,0.00010052102883106999,-0.0015007600155404397
0.106875,0.47812499999999997,9.556001185831736e-05,-0.001500713552681359
0.106875,0.48437499999999994,9.087186071741954e-05,-0.0015006702390330214
0.106875,0.490625,8.643972102633406e-05,-0.0015006298377189288
0.106875,0.49687499999999996,8.224791022495072e-05,-0.0015005921315918787
0.106875,0.5031249999999999,7.828182612030407e-05,-0.0015005569214225974
0.106875,0.5093749999999999,7.45278633935372e-05,-0.0015005240242706185
0.106875,0.515625,7.09733373016985e-05,-0.001500493272017442
0.106875,0.5218749999999999,6.760641388849848e-05,-0.0015004645100443706
0.106875,0.528125,6.441604608987938e-05,-0.0015004375960394956
0.106875,0.534375,6.139191518381563e-05,-0.0015004123989200968
0.106875,0.5406249999999999,5.852437709016375e-05,-0.00150038879785831
0.106875,0.546875,5.580441307649935e-05,-0.0015003666813992928
0.106875,0.5531249999999999,5.322358447046469e-05,-0.001500345946662336
0.106875,0.559375,5.077399101886069e-05,-0.001500326498616435
0.106875,0.565625,4.8448232569141565e-05,-0.0015003082494227746
0.106875,0.5718749999999999,4.623937378058797e-05,-0.0015002911178374056
0.106875,0.578125,4.4140911600708115e-05,-0.0015002750286681236
0.106875,0.5843749999999999,4.2146745267714233e-05,-0.0015002599122802053
0.106875,0.590625,4.0251148622584696e-05,-0.001500245704146224
0.106875,0.596875,3.8448744534555206e-05,-0.0015002323444356757
0.110625,0.0031249999999999997,0.0983117320408132,-0.01840679170106386
0.110625,0.009375,0.07892058602223068,-0.015450920544652162
0.110625,0.015625,0.06340764157616362,-0.01255406333851338
0.110625,0.021875,0.05124433239557169,-0.010111049727520902
0.110625,0.028124999999999997,0.041758610575192194,-0.008180503987990197
0.110625,0.034374999999999996,0.03434310737308251,-0.006697719276762245
0.110625,0.040624999999999994,0.028508393596375654,-0.00557053841535118
0.110625,0.046875,0.023878626609564378,-0.0047143507284856815
0.110625,0.05312499999999999,0.02017092681997423,-0.004061187608434911
0.110625,0.059375,0.017173712235931414,-0.003559402937222104
0.110625,0.06562499999999999,0.014728561837686747,-0.003170690995806585
0.110625,0.071875,0.012716260674333648,-0.0028668940746355105
0.110625,0.078125,0.011046451743809383,-0.002627332566352984
0.110625,0.08437499999999999,0.009650082988369522,-0.0024367647024041064
0.110625,0.09062499999999998,0.008473922154726624,-0.002283888453838026
0.110625,0.09687499999999999,0.007476569802624991,-0.0021602609280789273
0.110625,0.103125,0.0066255488333380255,-0.0020595239694293018
0.110625,0.109375,0.005895166604077956,-0.001976849344855905
0.110625,0.11562499999999999,0.005264933032760341,-0.0019085399236770664
0.110625,0.12187499999999998,0.004718380867264271,-0.0018517414277283593
0.110625,0.128125,0.004242178741476222,-0.001804232705697858
0.110625,0.13437499999999997,0.0038254589373212956,-0.0017642720186091267
0.110625,0.140625,0.0034593038004579976,-0.0017304835130668797
0.110625,0.14687499999999998,0.0031363503053425373,-0.0017017727237081427
0.110625,0.153125,0.0028504832912578074,-0.0016772631960447159
0.110625,0.159375,0.0025965957561271758,-0.0016562485898909613
0.110625,0.16562499999999997,0.002370400242637435,-0.0016381562145256722
0.110625,0.171875,0.0021682794349954164,-0.0016225190683628382
0.110625,0.17812499999999998,0.0019871670588214904,-0.001608954251575191
0.110625,0.18437499999999998,0.0018244523583966295,-0.0015971461883120687
0.110625,0.190625,0.0016779030373635711,-0.0015868335037042857
0.110625,0.19687499999999997,0.001545602748275364,-0.0015777986966558988
0.110625,0.203125,0.0014259001148561018,-0.0015698599650878803
0.110625,0.20937499999999998,0.0013173669484670338,-0.001562864698614354
0.110625,0.21562499999999998,0.001218763834670849,-0.0015566842706323052
0.110625,0.221875,0.0011290116587406283,-0.0015512098488419752
0.110625,0.22812499999999997,0.0010471679409703248,-0.0015463490083762808
0.110625,0.234375,0.0009724070861241992,-0.0015420229808052422
0.110625,0.24062499999999998,0.0009040038328879982,-0.0015381644094833815
0.110625,0.24687499999999996,0.0008413193310881069,-0.0015347155100668057
0.110625,0.253125,0.0007837893859596112,-0.0015316265567663146
0.110625,0.25937499999999997,0.0007309144968228304,-0.0015288546316591426
0.110625,0.265625,0.000682251387436237,-0.0015263625873651657
0.110625,0.271875,0.0006374057810417442,-0.0015241181835043078
0.110625,0.27812499999999996,0.0005960262177762272,-0.001522093365264544
0.110625,0.284375,0.0005577987480538081,-0.0015202636586315432
0.110625,0.29062499999999997,0.0005224423645542826,-0.0015186076617454377
0.110625,0.296875,0.0004897050590046713,-0.0015171066157491646
0.110625,0.303125,0.0004593604091223748,-0.0015157440415993835
0.110625,0.30937499999999996,0.00043120461676991344,-0.0015145054317963213
0.110625,0.315625,0.0004050539312383132,-0.001513377987985194
0.110625,0.32187499999999997,0.00038074240217126373,-0.0015123503969915045
0.110625,0.328125,0.00035811991539622036,-0.0015114126391552066
0.110625,0.334375,0.0003370504721854257,-0.001510555823886812
0.110625,0.34062499999999996,0.00031741067850465693,-0.0015097720482309233
0.110625,0.34687499999999993,0.00029908841584165417,-0.0015090542749279152
0.110625,0.35312499999999997,0.0002819816694181164,-0.0015083962270431444
0.110625,0.359375,0.0002659974931233595,-0.0015077922967093177
0.110625,0.365625,0.0002510510934815888,-0.001507237465920825
0.110625,0.37187499999999996,0.00023706501747387186,-0.0015067272376444243
0.110625,0.37812499999999993,0.0002239684311585135,-0.0015062575757810019
0.110625,0.38437499999999997,0.00021169647783375205,-0.0015058248527382685
0.110625,0.390625,0.00020018970601727527,-0.0015054258035622366
0.110625,0.396875,0.0001893935588214947,-0.0015050574857326778
0.110625,0.40312499999999996,0.00017925791741784454,-0.0015047172438598627
0.110625,0.40937499999999993,0.00016973669223743166,-0.0015044026786310111
0.110625,0.41562499999999997,0.0001607874563740186,-0.001504111619448607
0.110625,0.421875,0.0001523711163592909,-0.001503842100281991
0.110625,0.428125,0.00014445161608696115,-0.0015035923383207744
0.110625,0.43437499999999996,0.00013699567018603278,-0.0015033607150756387
0.110625,0.44062499999999993,0.00012997252359668007,-0.0015031457596206199
0.110625,0.44687499999999997,0.00012335373449497085,-0.001502946133712343
0.110625,0.453125,0.00011711297805375391,-0.0015027606185570518
0.110625,0.459375,0.00011122586882377697,-0.0015025881030265498
0.110625,0.46562499999999996,0.00010566979977772679,-0.0015024275731501545
0.110625,0.47187499999999993,0.00010042379628567048,-0.001502278102732089
0.110625,0.47812499999999997,9.546838348782936e-05,-0.0015021388449629742
0.110625,0.48437499999999994,9.07854657035715e-05,-0.0015020090249106585
0.110625,0.490625,8.635821666724852e-05,-0.0015018879327899767
0.110625,0.49687499999999996,8.217097951483801e-05,-0.0015017749179234193
0.110625,0.5031249999999999,7.820917556268857e-05,-0.001501669383315469
0.110625,0.5093749999999999,7.44592210230841e-05,-0.0015015707807726965
0.110625,0.515625,7.090845089262007e-05,-0.0015014786065098461
0.110625,0.5218749999999999,6.75450493300624e-05,-0.0015013923971892154
0.110625,0.528125,6.435798591176607e-05,-0.001501311726346822
0.110625,0.534375,6.133695721602186e-05,-0.0015012362011642454
0.110625,0.5406249999999999,5.8472333243859704e-05,-0.001501165459549761
0.110625,0.546875,5.5755108233750295e-05,-0.001501099167496525
0.110625,0.5531249999999999,5.317685547205122e-05,-0.0015010370166892038
0.110625,0.559375,5.072968574059776e-05,-0.0015009787223336346
0.110625,0.565625,4.840620907812523e-05,-0.0015009240211869156
0.110625,0.5718749999999999,4.619949956370872e-05,-0.001500872669767803
0.110625,0.578125,4.4103062858573714e-05,-0.0015008244427294718
0.110625,0.5843749999999999,4.2110806267838526e-05,-0.0015007791313786298
0.110625,0.590625,4.021701110633078e-05,-0.001500736542326683
0.110625,0.596875,3.841630717288375e-05,-0.0015006964962601572
0.114375,0.0031249999999999997,0.0950768038611667,-0.029716450472617676
0.114375,0.009375,0.07600490957269028,-0.024541619793640404
0.114375,0.015625,0.06105030167120118,-0.019659198906758817
0.114375,0.021875,0.049431577329111714,-0.015614346318591538
0.114375,0.028124999999999997,0.04039409271444035,-0.012445010075919792
0.114375,0.034374999999999996,0.033322339449717665,-0.010019744602155016
0.114375,0.040624999999999994,0.027743242683012613,-0.008178277110330819
0.114375,0.046875,0.02330137964855499,-0.0067793346015073575
0.114375,0.05312499999999999,0.01973162096476231,-0.005711267329810511
0.114375,0.059375,0.016836093247103882,-0.004889838400591547
0.114375,0.06562499999999999,0.014466444201879664,-0.004252748153841619
0.114375,0.071875,0.012510694400458513,-0.003754235057728908
0.114375,0.078125,0.010883645989205883,-0.0033606786440413166
0.114375,0.08437499999999999,0.009519924729812423,-0.003047276254100573
0.114375,0.09062499999999998,0.008368930815513898,-0.0027956143924763362
0.114375,0.09687499999999999,0.007391161244031385,-0.002591919932498481
0.114375,0.103125,0.006555515849510434,-0.0024258071023897784
0.114375,0.109375,0.0058373102743540265,-0.0022893792072272864
0.114375,0.11562499999999999,0.005216799299479812,-0.0021765822341502793
0.114375,0.12187499999999998,0.004678070819738238,-0.00208273707714605
0.114375,0.128125,0.004208210843378897,-0.002004198734387193
0.114375,0.13437499999999997,0.0037966681243590383,-0.0019381061852081273
0.114375,0.140625,0.003434766953661808,-0.001882197416231287
0.114375,0.14687499999999998,0.0031153307453851194,-0.0018346715717371008
0.114375,0.153125,0.002832389102229058,-0.0017940854360261479
0.114375,0.159375,0.0025809482459403783,-0.0017592751130480143
0.114375,0.16562499999999997,0.0023568098926897937,-0.001729296336405583
0.114375,0.171875,0.002156427426245828,-0.0017033786556451013
0.114375,0.17812499999999998,0.0019767909814095235,-0.0016808900325048619
0.114375,0.18437499999999998,0.0018153350827881845,-0.0016613093016601744
0.114375,0.190625,0.001669863991528593,-0.0016442046135095884
0.114375,0.19687499999999997,0.0015384910383705577,-0.0016292164572012293
0.114375,0.203125,0.0014195890676243024,-0.001616044212954615
0.114375,0.20937499999999998,0.0013117497569459656,-0.001604435440585988
0.114375,0.21562499999999998,0.0012137500652722973,-0.0015941773019131455
0.114375,0.221875,0.0011245244347045887,-0.0015850896567725604
0.114375,0.22812499999999997,0.0010431416598798708,-0.0015770194788371481
0.114375,0.234375,0.0009687855613600526,-0.0015698363176913075
0.114375,0.24062499999999998,0.0009007387733324111,-0.0015634285945042823
0.114375,0.24687499999999996,0.0008383690920367106,-0.0015577005650917587
0.114375,0.253125,0.0007811179385164503,-0.0015525698197895806
0.114375,0.25937499999999997,0.0007284905741046993,-0.0015479652170485142
0.114375,0.265625,0.0006800477744876662,-0.001543825168969299
0.114375,0.271875,0.0006353987220501262,-0.0015400962136033012
0.114375,0.27812499999999996,0.000594194919418573,-0.0015367318218474381
0.114375,0.284375,0.0005561249619346952,-0.0015336913969921345
0.114375,0.29062499999999997,0.0005209100349603133,-0.001530939433065898
0.114375,0.296875,0.0004883000247957622,-0.001528444804537592
0.114375,0.303125,0.0004580701506510405,-0.0015261801650530036
0.114375,0.30937499999999996,0.0004300180403790739,-0.0015241214369767578
0.114375,0.315625,0.00040396118522312865,-0.0015222473768007187
0.114375,0.32187499999999997,0.0003797347191686332,-0.001520539204133929
0.114375,0.328125,0.0003571894770395416,-0.0015189802841377594
0.114375,0.334375,0.0003361902925732287,-0.0015175558550157256
0.114375,0.34062499999999996,0.0003166145036121934,-0.0015162527935907984
0.114375,0.34687499999999993,0.00029835063648002473,-0.0015150594131674408
0.114375,0.35312499999999997,0.00028129724573630653,-0.0015139652888312282
0.114375,0.359375,0.0002653618889707491,-0.0015129611061256711
0.114375,0.365625,0.00025046021921495466,-0.0015120385296955871
0.114375,0.37187499999999996,0.00023651518001392068,-0.0015111900890244538
0.114375,0.37812499999999993,0.0002234562902848479,-0.0015104090788401667
0.114375,0.38437499999999997,0.00021121900786055646,-0.0015096894721358938
0.114375,0.390625,0.00019974416212031556,-0.0015090258440636469
0.114375,0.396875,0.00018897744739464456,-0.001508413305218536
0.114375,0.40312499999999996,0.00017886896992784583,-0.0015078474430502442
0.114375,0.40937499999999993,0.0001693728421218865,-0.0015073242703221692
0.114375,0.41562499999999997,0.0001604468185920809,-0.0015068401796938735
0.114375,0.421875,0.00015205196925913676,-0.0015063919036336386
0.114375,0.428125,0.00014415238530048633,-0.0015059764789791448
0.114375,0.43437499999999996,0.0001367149143006812,-0.0015055912155586958
0.114375,0.44062499999999993,0.0001297089213879587,-0.001505233668365813
0.114375,0.44687499999999997,0.00012310607353196393,-0.0015049016128485667
0.114375,0.453125,0.00011688014451457933,-0.0015045930229336108
0.114375,0.459375,0.00011100683837906413,-0.0015043060514550735
0.114375,0.46562499999999996,0.00010546362941836949,-0.0015040390127015028
0.114375,0.47187499999999993,0.00010022961698676564,-0.0015037903668310923
0.114375,0.47812499999999997,9.528539361422716e-05,-0.001503558705937273
0.114375,0.48437499999999994,9.061292507414944e-05,-0.001503342741574281
0.114375,0.490625,8.619544120514535e-05,-0.0015031412935760568
0.114375,0.49687499999999996,8.201733641966953e-05,-0.001502953280022435
0.114375,0.5031249999999999,7.806407894840402e-05,-0.0015027777082244095
0.114375,0.5093749999999999,7.432212797177258e-05,-0.0015026136666157737
0.114375,0.515625,7.077885788037564e-05,-0.0015024603174519156
0.114375,0.5218749999999999,6.742248898608378e-05,-0.001502316890228296
0.114375,0.528125,6.424202407629947e-05,-0.0015021826757413985
0.114375,0.534375,6.122719026664017e-05,-0.0015020570207238957
0.114375,0.5406249999999999,5.83683856629798e-05,-0.0015019393229936194
0.114375,0.546875,5.565663039328664e-05,-0.001501829027062803
0.114375,0.5531249999999999,5.3083521613740306e-05,-0.0015017256201600858
0.114375,0.559375,5.064119213285221e-05,-0.0015016286286230818
0.114375,0.565625,4.8322272332327244e-05,-0.0015015376146239748
0.114375,0.5718749999999999,4.6119855094665204e-05,-0.001501452173194714
0.114375,0.578125,4.402746347545962e-05,-0.0015013719295220108
0.114375,0.5843749999999999,4.20390208833757e-05,-0.001501296536485546
0.114375,0.590625,4.01488235532112e-05,-0.0015012256724156192
0.114375,0.596875,3.835151511756549e-05,-0.0015011590390489947
0.11812500000000001,0.0031249999999999997,0.08982546755596309,-0.04091630266069115
0.11812500000000001,0.009375,0.07152445511663777,-0.03323659866992708
0.11812500000000001,0.015625,0.057526345822656415,-0.026339064425993996
0.11812500000000001,0.021875,0.04675868435796847,-0.020755512112417638
0.11812500000000001,0.028124999999999997,0.0383948846273277,-0.01642775926381061
0.11812500000000001,0.034374999999999996,0.031830360407666125,-0.013130966365513058
0.11812500000000001,0.040624999999999994,0.02662521078543894,-0.010630741436334822
0.11812500000000001,0.046875,0.02245724652076737,-0.008730344567820077
0.11812500000000001,0.05312499999999999,0.019088364203709077,-0.007277430852750469
0.11812500000000001,0.059375,0.016340981188348692,-0.006158075068514804
0.11812500000000001,0.06562499999999999,0.014081453431824584,-0.005288306041935732
0.11812500000000001,0.071875,0.012208307354212166,-0.004606481130496685
0.11812500000000001,0.078125,0.010643818326979698,-0.004067274475160675
0.11812500000000001,0.08437499999999999,0.009327937434024733,-0.003637195892822694
0.11812500000000001,0.09062499999999998,0.008213879087199215,-0.003291335169168184
0.11812500000000001,0.09687499999999999,0.007264891484934505,-0.0030110222522748264
0.11812500000000001,0.103125,0.006451875042424079,-0.002782150604909064
0.11812500000000001,0.109375,0.005751612759924113,-0.002593973805612977
0.11812500000000001,0.11562499999999999,0.005145445207702532,-0.002438238085471285
0.11812500000000001,0.12187499999999998,0.004618270824774182,-0.002308553317023545
0.11812500000000001,0.128125,0.004157785947884312,-0.0021999337827968003
0.11812500000000001,0.13437499999999997,0.0037539027835021828,-0.002108460431846813
0.11812500000000001,0.140625,0.003398300419050516,-0.0020310306026845196
0.11812500000000001,0.14687499999999998,0.0030840760173622694,-0.001965171147397677
0.11812500000000001,0.153125,0.002805471987848072,-0.0019088978424291689
0.11812500000000001,0.159375,0.002557661177033332,-0.0018606088386658036
0.11812500000000001,0.16562499999999997,0.0023365766654907206,-0.0018190033275969982
0.11812500000000001,0.171875,0.0021387760846247987,-0.0017830190227818826
0.11812500000000001,0.17812499999999998,0.001961332817775732,-0.0017517837804255914
0.11812500000000001,0.18437499999999998,0.0018017482679541204,-0.0017245779186819544
0.11812500000000001,0.190625,0.0016578807315176024,-0.0017008046868787793
0.11812500000000001,0.19687499999999997,0.0015278874365464744,-0.001679966983480163
0.11812500000000001,0.203125,0.001410177075319954,-0.0016616488952075896
0.11812500000000001,0.20937499999999998,0.0013033707464093801,-0.0016455009784160307
0.11812500000000001,0.21562499999999998,0.0012062696703194317,-0.0016312284622073034
0.11812500000000001,0.221875,0.0011178283876514205,-0.001618581745471138
0.11812500000000001,0.22812499999999997,0.0010371324157478175,-0.0016073487046679704
0.11812500000000001,0.234375,0.000963379547482213,-0.0015973484383642006
0.11812500000000001,0.24062499999999998,0.000895864138293093,-0.0015884261574643298
0.11812500000000001,0.24687499999999996,0.0008339638552345622,-0.0015804489934309893
0.11812500000000001,0.253125,0.0007771284626627088,-0.0015733025454364499
0.11812500000000001,0.25937499999999997,0.0007248702992080524,-0.0015668880249556563
0.11812500000000001,0.265625,0.0006767561644891829,-0.0015611198854668623
0.11812500000000001,0.271875,0.0006324003851156839,-0.0015559238476672477
0.11812500000000001,0.27812499999999996,0.0005914588706171826,-0.0015512352484341606
0.11812500000000001,0.284375,0.0005536240031154699,-0.0015469976557964122
0.11812500000000001,0.29062499999999997,0.0005186202314572746,-0.0015431617032796636
0.11812500000000001,0.296875,0.00048620026241916854,-0.0015396841058069625
0.11812500000000001,0.303125,0.0004561417594816388,-0.0015365268263687253
0.11812500000000001,0.30937499999999996,0.00042824447433313927,-0.001533656368309468
0.11812500000000001,0.315625,0.00040232774832938187,-0.0015310431726079125
0.11812500000000001,0.32187499999999997,0.00037822833109248056,-0.0015286611031826993
0.11812500000000001,0.328125,0.0003557984716831,-0.001526487006217223
0.11812500000000001,0.334375,0.0003349042446319912,-0.0015245003319044818
0.11812500000000001,0.34062499999999996,0.00031542407882871213,-0.0015226828089765468
0.11812500000000001,0.34687499999999993,0.0002972474620393586,-0.001521018163990521
0.11812500000000001,0.35312499999999997,0.0002802737978270771,-0.001519491878662477
0.11812500000000001,0.359375,0.0002644113950132649,-0.0015180909796278232
0.11812500000000001,0.365625,0.00024957657265298834,-0.0015168038559044874
0.11812500000000001,0.37187499999999996,0.00023569286589457603,-0.0015156201000793123
0.11812500000000001,0.37812499999999993,0.00022269032012377628,-0.0015145303698562798
0.11812500000000001,0.38437499999999997,0.0002105048625174407,-0.0015135262671202676
0.11812500000000001,0.390625,0.0001990777416000391,-0.0015126002321004
0.11812500000000001,0.396875,0.0001883550266493787,-0.0015117454505774958
0.11812500000000001,0.40312499999999996,0.00017828715986971646,-0.0015109557723828346
0.11812500000000001,0.40937499999999993,0.00016882855516923243,-0.0015102256396902528
0.11812500000000001,0.41562499999999997,0.00015993723816812793,-0.0015095500238186102
0.11812500000000001,0.421875,0.00015157452274309265,-0.0015089243694435001
0.11812500000000001,0.428125,0.00014370472000000095,-0.0015083445452712559
0.11812500000000001,0.43437499999999996,0.00013629487607329322,-0.0015078068003592337
0.11812500000000001,0.44062499999999993,0.00012931453558920073,-0.001507307725377882
0.11812500000000001,0.44687499999999997,0.00012273552801058166,-0.0015068442182051963
0.11812500000000001,0.453125,0.000116531774411969,-0.0015064134533254963
0.11812500000000001,0.459375,0.00011067911252148551,-0.0015060128545741024
0.11812500000000001,0.46562499999999996,0.00010515513811754571,-0.0015056400708292636
0.11812500000000001,0.47187499999999993,9.993906108778872e-05,-0.0015052929543040933
0.11812500000000001,0.47812499999999997,9.50115746498111e-05,-0.001504969541135525
0.11812500000000001,0.48437499999999994,9.035473640167585e-05,-0.0015046680340055228
0.11812500000000001,0.490625,8.595186001802476e-05,-0.0015043867865627838
0.11812500000000001,0.49687499999999996,8.178741653762825e-05,-0.0015041242894417834
0.11812500000000001,0.5031249999999999,7.784694430268413e-05,-0.0015038791577008017
0.11812500000000001,0.5093749999999999,7.411696671114067e-05,-0.0015036501195221253
0.11812500000000001,0.515625,7.058491703247939e-05,-0.0015034360060363556
0.11812500000000001,0.5218749999999999,6.72390696162456e-05,-0.0015032357421491018
0.11812500000000001,0.528125,6.406847689244427e-05,-0.0015030483382625882
0.11812500000000001,0.534375,6.106291162484462e-05,-0.0015028728827971693
0.11812500000000001,0.5406249999999999,5.821281393321212e-05,-0.0015027085354286577
0.11812500000000001,0.546875,5.5509242649373644e-05,-0.001502554520966929
0.11812500000000001,0.5531249999999999,5.2943830615529364e-05,-0.0015024101238096594
0.11812500000000001,0.559375,5.0508743572002024e-05,-0.0015022746829124326
0.11812500000000001,0.565625,4.819664231622017e-05,-0.0015021475872229405
0.11812500000000001,0.5718749999999999,4.6000647845637284e-05,-0.0015020282715327272
0.11812500000000001,0.578125,4.3914309224937296e-05,-0.0015019162127049683
0.11812500000000001,0.5843749999999999,4.1931573942628614e-05,-0.0015018109262412457
0.11812500000000001,0.590625,4.004676054431122e-05,-0.0015017119631542107
0.11812500000000001,0.596875,3.825453334981367e-05,-0.0015016189071165324
0.12187499999999998,0.0031249999999999997,0.08220727081576545,-0.05163246794286658
0.12187499999999998,0.009375,0.06542869917414457,-0.0412349536080702
0.12187499999999998,0.015625,0.052884759245715965,-0.032377811827542735
0.12187499999999998,0.021875,0.043293626774055356,-0.025383166907523166
0.12187499999999998,0.028124999999999997,0.035821459273014694,-0.0200221469563751
0.12187499999999998,0.034374999999999996,0.029914354220265015,-0.015955502211981592
0.12187499999999998,0.040624999999999994,0.02518920810939821,-0.012873281599502967
0.12187499999999998,0.046875,0.021371495326590606,-0.01052756837105011
0.12187499999999998,0.05312499999999999,0.018259319625988223,-0.008730350508816922
0.12187499999999998,0.059375,0.015701445735671903,-0.0073422731903991754
0.12187499999999998,0.06562499999999999,0.01358304556024641,-0.0062609280011330475
0.12187499999999998,0.071875,0.011815995287642092,-0.005411133943105989
0.12187499999999998,0.078125,0.010332043900598258,-0.004737521058462549
0.12187499999999998,0.08437499999999999,0.00907789315638491,-0.0041990801024629635
0.12187499999999998,0.09062499999999998,0.008011598743710588,-0.0037652251838493057
0.12187499999999998,0.09687499999999999,0.007099907693562064,-0.0034129681030647986
0.12187499999999998,0.103125,0.006316270437885656,-0.0031248918811939887
0.12187499999999998,0.109375,0.005639344792353277,-0.00288769335178018
0.12187499999999998,0.11562499999999999,0.00505186192342797,-0.00269112985645327
0.12187499999999998,0.12187499999999998,0.004539760748013299,-0.0025272532879615536
0.12187499999999998,0.128125,0.004091522788295711,-0.0023898492376623415
0.12187499999999998,0.13437499999999997,0.0036976577126585086,-0.002274023325354032
0.12187499999999998,0.140625,0.0033503028790226193,-0.002175893808560041
0.12187499999999998,0.14687499999999998,0.003042909670964439,-0.002092361457769965
0.12187499999999998,0.153125,0.0027699963205950664,-0.002020936002624796
0.12187499999999998,0.159375,0.002526951973023822,-0.0019596042949423876
0.12187499999999998,0.16562499999999997,0.002309880478683464,-0.0019067294557836695
0.12187499999999998,0.171875,0.0021154751667855,-0.001860973198345835
0.12187499999999998,0.17812499999999998,0.001940917916624764,-0.0018212356067479289
0.12187499999999998,0.18437499999999998,0.0017837973909300652,-0.001786608151607593
0.12187499999999998,0.190625,0.0016420424624869765,-0.0017563368091233402
0.12187499999999998,0.19687499999999997,0.0015138677502580964,-0.0017297929411908587
0.12187499999999998,0.203125,0.0013977288560295031,-0.0017064501738724433
0.12187499999999998,0.20937499999999998,0.0012922854099177562,-0.0016858659394043138
0.12187499999999998,0.21562499999999998,0.001196370431738134,-0.0016676666647093572
0.12187499999999998,0.221875,0.001108964824062543,-0.0016515358268892454
0.12187499999999998,0.22812499999999997,0.001029176053240604,-0.0016372042747664459
0.12187499999999998,0.234375,0.0009562202627858095,-0.001624442350644318
0.12187499999999998,0.24062499999999998,0.0008894072114312793,-0.0016130534492372985
0.12187499999999998,0.24687499999999996,0.0008281275449814091,-0.0016028687293597743
0.12187499999999998,0.253125,0.0007718420037775437,-0.001593742754450627
0.12187499999999998,0.25937499999999997,0.0007200722414663835,-0.001585549884782841
0.12187499999999998,0.265625,0.000672392989883105,-0.0015781812805575166
0.12187499999999998,0.271875,0.0006284253523778793,-0.001571542403470019
0.12187499999999998,0.27812499999999996,0.0005878310462569985,-0.0015655509266116966
0.12187499999999998,0.284375,0.0005503074460704335,-0.0015601349801297676
0.12187499999999998,0.29062499999999997,0.0005155833047345328,-0.0015552316739706642
0.12187499999999998,0.296875,0.00048341505009166617,-0.001550785850086702
0.12187499999999998,0.303125,0.00045358357139161655,-0.001546749025312365
0.12187499999999998,0.30937499999999996,0.0004258914240550865,-0.001543078493191998
0.12187499999999998,0.315625,0.0004001603925217845,-0.0015397365587345904
0.12187499999999998,0.32187499999999997,0.00037622936045149787,-0.0015366898846705403
0.12187499999999998,0.328125,0.0003539524454023299,-0.0015339089315137533
0.12187499999999998,0.334375,0.0003331973616496627,-0.00153136747676559
0.12187499999999998,0.34062499999999996,0.00031384398026908504,-0.0015290422010730796
0.12187499999999998,0.34687499999999993,0.00029578306017789325,-0.0015269123311815224
0.12187499999999998,0.35312499999999997,0.00027891512766801025,-0.0015249593311874856
0.12187499999999998,0.359375,0.00026314948519458916,-0.0015231666349711265
0.12187499999999998,0.365625,0.00024840333291225415,-0.0015215194138215745
0.12187499999999998,0.37187499999999996,0.0002346009887592943,-0.0015200043742098883
0.12187499999999998,0.37812499999999993,0.00022167319484846533,-0.0015186095814461713
0.12187499999999998,0.38437499999999997,0.00020955649958845788,-0.001517324305609385
0.12187499999999998,0.390625,0.00019819270637969446,-0.0015161388866833062
0.12187499999999998,0.396875,0.00018752838094095308,-0.001515044616288716
0.12187499999999998,0.40312499999999996,0.00017751441036180677,-0.0015140336337854923
0.12187499999999998,0.40937499999999993,0.00016810560786698018,-0.0015130988348413528
0.12187499999999998,0.41562499999999997,0.00015926035804498834,-0.0015122337908366527
0.12187499999999998,0.421875,0.0001509402979536749,-0.0015114326777053977
0.12187499999999998,0.428125,0.00014311003008529884,-0.0015106902130082468
0.12187499999999998,0.43437499999999996,0.00013573686366692068,-0.0015100016001995563
0.12187499999999998,0.44062499999999993,0.00012879058119919545,-0.0015093624791921109
0.12187499999999998,0.44687499999999997,0.00012224322750773,-0.0015087688824440145
0.12187499999999998,0.453125,0.00011606891890391945,-0.0015082171958955514
0.12187499999999998,0.459375,0.00011024367033339676,-0.0015077041241723492
0.12187499999999998,0.46562499999999996,0.00010474523863569511,-0.0015072266595471816
0.12187499999999998,0.47187499999999993,9.955298025331958e-05,-0.0015067820542181026
0.12187499999999998,0.47812499999999997,9.464772191634843e-05,-0.0015063677955169175
0.12187499999999998,0.48437499999999994,9.00116429935108e-05,-0.0015059815837106106
0.12187499999999998,0.490625,8.562816834547145e-05,-0.001505621312100362
0.12187499999999998,0.49687499999999996,8.148187064343715e-05,-0.0015052850491591976
0.12187499999999998,0.5031249999999999,7.755838122842053e-05,-0.0015049710224808804
0.12187499999999998,0.5093749999999999,7.384430868552474e-05,-0.001504677604340097
0.12187499999999998,0.515625,7.03271643951018e-05,-0.0015044032986878608
0.12187499999999998,0.5218749999999999,6.699529440004977e-05,-0.001504146729426874
0.12187499999999998,0.528125,6.383781699709813e-05,-0.0015039066298297497
0.12187499999999998,0.534375,6.084456552077756e-05,-0.0015036818329788807
0.12187499999999998,0.5406249999999999,5.8006035842811487e-05,-0.0015034712631206443
0.12187499999999998,0.546875,5.531333815774017e-05,-0.001503273927838822
0.12187499999999998,0.5531249999999999,5.275815266839065e-05,-0.0015030889109628072
0.12187499999999998,0.559375,5.033268882296595e-05,-0.0015029153661355946
0.12187499999999998,0.565625,4.802964778959623e-05,-0.0015027525109748054
0.12187499999999998,0.5718749999999999,4.5842187884630345e-05,-0.0015025996217673157
0.12187499999999998,0.578125,4.376389269818353e-05,-0.0015024560286444877
0.12187499999999998,0.5843749999999999,4.1788741684848934e-05,-0.0015023211111906915
0.12187499999999998,0.590625,3.991108300934687e-05,-0.0015021942944428435
0.12187499999999998,0.596875,3.812560845652035e-05,-0.001502075045243141
0.125625,0.0031249999999999997,0.07200663879551197,-0.06120847523885266
0.125625,0.009375,0.057772384322246406,-0.048143857156617106
0.125625,0.015625,0.047238979260257115,-0.03754098416124903
0.125625,0.021875,0.039142785908669035,-0.029350931813609572
0.125625,0.028124999999999997,0.032757930844008507,-0.023131886445505016
0.125625,0.034374999999999996,0.027636707749213084,-0.018427187785257863
0.125625,0.040624999999999994,0.02348030247734355,-0.014858930764023802
0.125625,0.046875,0.02007638345424891,-0.012136870333475358
0.125625,0.05312499999999999,0.01726756739219042,-0.010044772951788263
0.125625,0.059375,0.014934076267363457,-0.008423485093652214
0.125625,0.06562499999999999,0.012983232437855551,-0.007156226760194355
0.125625,0.071875,0.01134253322198364,-0.006157152527542125
0.125625,0.078125,0.009954795471984221,-0.005362862580754894
0.125625,0.08437499999999999,0.008774614449718308,-0.004726238263708434
0.125625,0.09062499999999998,0.007765719110364681,-0.004212007234135077
0.125625,0.09687499999999999,0.006898968365063542,-0.0037935610068812967
0.125625,0.103125,0.006150818946788475,-0.0034506678456561065
0.125625,0.109375,0.005502146108805058,-0.0031678226511956528
0.125625,0.11562499999999999,0.004937330975335902,-0.0029330499502064167
0.125625,0.12187499999999998,0.004443550768846944,-0.0027370300386773986
0.125625,0.128125,0.004010224181846534,-0.0025724566326884592
0.125625,0.13437499999999997,0.0036285759204553376,-0.0024335613023382745
0.125625,0.140625,0.0032912931779920953,-0.0023157588189457894
0.125625,0.14687499999999998,0.002992253326828788,-0.002215380750614588
0.125625,0.153125,0.0027263070231496192,-0.0021294739122073806
0.125625,0.159375,0.002489104618455679,-0.00205564681101614
0.125625,0.16562499999999997,0.0022769565693617263,-0.0019919518595118294
0.125625,0.171875,0.002086720659735061,-0.001936794425661541
0.125625,0.17812499999999998,0.0019157104647825778,-0.001888862156429933
0.125625,0.18437499999999998,0.001761620720692335,-0.0018470697164289199
0.125625,0.190625,0.0016224662094894684,-0.0018105153227055255
0.125625,0.19687499999999997,0.0014965314968766103,-0.001778446362188017
0.125625,0.203125,0.001382329423450146,-0.0017502320443760597
0.125625,0.20937499999999998,0.001278566686211022,-0.001725341534904079
0.125625,0.21562499999999998,0.0011841151873890202,-0.0017033263828531815
0.125625,0.221875,0.0010979880936796687,-0.0016838063299023456
0.125625,0.22812499999999997,0.0010193197580317611,-0.0016664577968848269
0.125625,0.234375,0.0009473488210307652,-0.0016510045006298
0.125625,0.24062499999999998,0.0008814039395504313,-0.0016372097739204027
0.125625,0.24687499999999996,0.0008208916942370846,-0.0016248702533606923
0.125625,0.253125,0.0007652863103495841,-0.001613810670819324
0.125625,0.25937499999999997,0.0007141208929800198,-0.0016038795390217874
0.125625,0.265625,0.0006669799311947244,-0.0015949455646054897
0.125625,0.271875,0.000623492868860088,-0.0015868946553863914
0.125625,0.27812499999999996,0.0005833285749592742,-0.0015796274148605885
0.125625,0.284375,0.0005461905747151958,-0.0015730570377051746
0.125625,0.29062499999999997,0.0005118129261105451,-0.0015671075364863704
0.125625,0.296875,0.00047995664546277565,-0.0015617122428744914
0.125625,0.303125,0.0004504066013832836,-0.0015568125371304973
0.125625,0.30937499999999996,0.000422968809371877,-0.0015523567680274138
0.125625,0.315625,0.00039746806998583884,-0.0015482993321356692
0.125625,0.32187499999999997,0.00037374590239050144,-0.0015445998868718468
0.125625,0.328125,0.0003516587324772713,-0.0015412226761492573
0.125625,0.334375,0.00033107630089309085,-0.0015381359510831382
0.125625,0.34062499999999996,0.00031188026147886656,-0.0015353114711561054
0.125625,0.34687499999999993,0.000293962944939096,-0.0015327240736697108
0.125625,0.35312499999999997,0.00027722626620374074,-0.0015303513012978644
0.125625,0.359375,0.0002615807570130207,-0.001528173079198996
0.125625,0.365625,0.0002469447078518158,-0.0015261714345012817
0.125625,0.37187499999999996,0.00023324340556119978,-0.0015243302521013124
0.125625,0.37812499999999993,0.00022040845482490951,-0.0015226350616532852
0.125625,0.38437499999999997,0.0002083771733216108,-0.001521072851407107
0.125625,0.390625,0.00019709205169381972,-0.00151963190520719
0.125625,0.396875,0.00018650027064792606,-0.0015183016595115603
0.125625,0.40312499999999996,0.0001765532684974497,-0.0015170725777513582
0.125625,0.40937499999999993,0.00016720635331887444,-0.0015159360397387607
0.125625,0.41562499999999997,0.00015841835462743176,-0.0015148842441590085
0.125625,0.421875,0.00015015131011687826,-0.0015139101224595423
0.125625,0.428125,0.00014237018355760502,-0.0015130072626845274
0.125625,0.43437499999999996,0.00013504261042395329,-0.0015121698420030689
0.125625,0.44062499999999993,0.00012813866823503588,-0.001511392566849824
0.125625,0.44687499999999997,0.00012163066895266614,-0.0015106706197422065
0.125625,0.453125,0.000115492971092829,-0.0015099996119628198
0.125625,0.459375,0.00010970180947994394,-0.0015093755414024217
0.125625,0.46562499999999996,0.00010423514081150214,-0.0015087947549503134
0.125625,0.47187499999999993,9.90725034091916e-05,-0.0015082539148978484
0.125625,0.47812499999999997,9.419488971538252e-05,-0.0015077499688886601
0.125625,0.48437499999999994,8.958463025425528e-05,-0.0015072801230078528
0.125625,0.490625,8.522528791786766e-05,-0.0015068418176531
0.125625,0.49687499999999996,8.1101561561602e-05,-0.0015064327058745355
0.125625,0.5031249999999999,7.719919800288201e-05,-0.0015060506339084356
0.125625,0.5093749999999999,7.350491161368275e-05,-0.001505693623662828
0.125625,0.515625,7.000631078279141e-05,-0.0015053598569420006
0.125625,0.5218749999999999,6.669183059940989e-05,-0.0015050476612220277
0.125625,0.528125,6.355067117673893e-05,-0.0015047554968113852
0.125625,0.534375,6.057274109369928e-05,-0.001504481945249923
0.125625,0.5406249999999999,5.774860548583271e-05,-0.0015042256988162662
0.125625,0.546875,5.5069438363495565e-05,-0.0015039855510284637
0.125625,0.5531249999999999,5.2526978777387974e-05,-0.0015037603880356351
0.125625,0.559375,5.01134904888614e-05,-0.0015035491808097522
0.125625,0.565625,4.782172483585229e-05,-0.0015033509780567067
0.125625,0.5718749999999999,4.564488651514568e-05,-0.0015031648997746395
0.125625,0.578125,4.357660202840191e-05,-0.0015029901313953153
0.125625,0.5843749999999999,4.161089056332619e-05,-0.0015028259184511933
0.125625,0.590625,3.974213710283701e-05,-0.00150267156171696
0.125625,0.596875,3.796506757437969e-05,-0.0015025264127796656
0.129375,0.0031249999999999997,0.05937389488673856,-0.06876673054936162
0.129375,0.009375,0.04878980698477639,-0.05353105069875103
0.129375,0.015625,0.040788010401415636,-0.04160406510505039
0.129375,0.021875,0.03445514311410466,-0.032531663119702244
0.129375,0.028124999999999997,0.02931131794745856,-0.025678219617932405
0.129375,0.034374999999999996,0.0250732150551911,-0.02049345281515969
0.129375,0.040624999999999994,0.02155202468971183,-0.0165506451368259
0.129375,0.046875,0.018609830385384937,-0.013531175393858355
0.129375,0.05312499999999999,0.01614013614489318,-0.011200420806071688
0.129375,0.059375,0.014058296213830368,-0.009386265832647041
0.129375,0.06562499999999999,0.01229610227764921,-0.007962289696278518
0.129375,0.071875,0.010798241079605276,-0.006835255586791973
0.129375,0.078125,0.009519709606228926,-0.005936004731395739
0.129375,0.08437499999999999,0.008423809902576417,-0.005212892392702823
0.129375,0.09062499999999998,0.00748055048755899,-0.004627070726135089
0.129375,0.09687499999999999,0.006665359958096769,-0.004149096171911575
0.129375,0.103125,0.0059580501910625056,-0.0037564816316860167
0.129375,0.109375,0.005341981596971607,-0.003431921909438829
0.129375,0.11562499999999999,0.004803391982968728,-0.0031619998223735065
0.129375,0.12187499999999998,0.004330857404457693,-0.0029362367539753588
0.129375,0.128125,0.003914859049518772,-0.0027463912461487667
0.129375,0.13437499999999997,0.003547435019024839,-0.0025859372311016916
0.129375,0.140625,0.003221899933293759,-0.002449673175635718
0.129375,0.14687499999999998,0.0029326186765926965,-0.002333427250230812
0.129375,0.153125,0.0026748233573985324,-0.0022338334027496506
0.129375,0.159375,0.0024444647985090665,-0.0021481601396820416
0.129375,0.16562499999999997,0.0022380916618119514,-0.002074178749819483
0.129375,0.171875,0.00205275173710904,-0.0020100612383954115
0.129375,0.17812499999999998,0.0018859110528348713,-0.0019543007857584296
0.129375,0.18437499999999998,0.0017353873581023149,-0.0019056493905480372
0.129375,0.190625,0.0015992952291652832,-0.0018630687039304598
0.129375,0.19687499999999997,0.0014760006086910731,-0.0018256910498893127
0.129375,0.203125,0.0013640830248022482,-0.0017927883565877344
0.129375,0.20937499999999998,0.0012623040837119954,-0.0017637472662717748
0.129375,0.21562499999999998,0.001169581104636749,-0.0017380490966780358
0.129375,0.221875,0.0010849649839701123,-0.0017152536318007074
0.129375,0.22812499999999997,0.0010076215495254945,-0.0016949859504368685
0.129375,0.234375,0.0009368158044464984,-0.0016769256762582325
0.129375,0.24062499999999998,0.0008718985715271578,-0.0016607981672088624
0.129375,0.24687499999999996,0.0008122951379551288,-0.0016463672650608508
0.129375,0.253125,0.0007574955724151902,-0.001633429305556907
0.129375,0.25937499999999997,0.0007070464446194874,-0.001621808151366265
0.129375,0.265625,0.0006605437244580041,-0.0016113510582897834
0.129375,0.271875,0.0006176266762897991,-0.00160192522293469
0.129375,0.27812499999999996,0.0005779725951627234,-0.0015934148898273162
0.129375,0.284375,0.0005412922573358526,-0.0015857189194553069
0.129375,0.29062499999999997,0.000507325978480458,-0.001578748737410477
0.129375,0.296875,0.00047584019022539484,-0.0015724265996980202
0.129375,0.303125,0.00044662445998924983,-0.0015666841212012754
0.129375,0.30937499999999996,0.000419488890863837,-0.001561461023873169
0.129375,0.315625,0.0003942618481314796,-0.0015567040689543937
0.129375,0.32187499999999997,0.00037078796717442266,-0.0015523661437751312
0.129375,0.328125,0.0003489264043619074,-0.0015484054787799368
0.129375,0.334375,0.00032854929821657885,-0.0015447849745585179
0.129375,0.34062499999999996,0.0003095404129602646,-0.001541471622053394
0.129375,0.34687499999999993,0.0002917939405774056,-0.0015384360018952463
0.129375,0.35312499999999997,0.0002752134409413806,-0.0015356518511044177
0.129375,0.359375,0.00025971090243032965,-0.0015330956872853605
0.129375,0.365625,0.00024520590790171775,-0.0015307464820040555
0.129375,0.37187499999999996,0.00023162489297037537,-0.0015285853763362034
0.129375,0.37812499999999993,0.00021890048530228987,-0.0015265954326543509
0.129375,0.38437499999999997,0.0002069709151450016,-0.0015247614176238972
0.129375,0.390625,0.00019577948860581245,-0.001523069612132566
0.129375,0.396875,0.0001852741162950068,-0.0015215076445110978
0.129375,0.40312499999999996,0.00017540689090122394,-0.0015200643439353917
0.129375,0.40937499999999993,0.00016613370808363914,-0.0015187296113492472
0.129375,0.41562499999999997,0.00015741392577055583,-0.001517494305626195
0.129375,0.421875,0.00014921005756303882,-0.0015163501430101613
0.129375,0.428125,0.00014148749646935847,-0.0015152896081473892
0.129375,0.43437499999999996,0.00013421426565311074,-0.0015143058752539794
0.129375,0.44062499999999993,0.00012736079327494085,-0.0015133927381611096
0.129375,0.44687499999999997,0.00012089970885330153,-0.0015125445481488347
0.129375,0.453125,0.00011480565887084114,-0.0015117561586238855
0.129375,0.459375,0.00010905513961594948,-0.0015110228758207689
0.129375,0.46562499999999996,0.00010362634547892947,-0.001510340414811926
0.129375,0.47187499999999993,9.849903112365642e-05,-0.0015097048602042953
0.129375,0.47812499999999997,9.365438613225864e-05,-0.001509112630978622
0.129375,0.48437499999999994,8.907492087556669e-05,-0.0015085604489960516
0.129375,0.490625,8.474436249864425e-05,-0.0015080453107555762
0.129375,0.49687499999999996,8.064756003104431e-05,-0.0015075644620370318
0.129375,0.5031249999999999,7.677039773760801e-05,-0.0015071153751087458
0.129375,0.5093749999999999,7.30997159194391e-05,-0.001506695728217522
0.129375,0.515625,6.962323845769042e-05,-0.0015063033871122577
0.129375,0.5218749999999999,6.632950646633669e-05,-0.0015059363883817916
0.129375,0.528125,6.32078174853398e-05,-0.0015055929244131778
0.129375,0.534375,6.024816970355885e-05,-0.0015052713297989612
0.129375,0.5406249999999999,5.744121075227934e-05,-0.0015049700690416407
0.129375,0.546875,5.477819065612139e-05,-0.0015046877254206981
0.129375,0.5531249999999999,5.2250918568985276e-05,-0.0015044229909026762
0.129375,0.559375,4.9851722959192675e-05,-0.0015041746569880662
0.129375,0.565625,4.757341494060256e-05,-0.0015039416064004665
0.129375,0.5718749999999999,4.54092544756498e-05,-0.0015037228055337789
0.129375,0.578125,4.3352919202383366e-05,-0.0015035172975823164
0.129375,0.5843749999999999,4.13984756610007e-05,-0.0015033241962867391
0.129375,0.590625,3.9540352716388205e-05,-0.0015031426802358566
0.129375,0.596875,3.777331699206222e-05,-0.0015029719876706398
0.133125,0.0031249999999999997,0.045007962750479025,-0.07343543664795064
0.133125,0.009375,0.038929751382169135,-0.05702474263329628
0.133125,0.015625,0.033818682309721196,-0.04439404186504356
0.133125,0.021875,0.029418335195626533,-0.03483495497696574
0.133125,0.028124999999999997,0.025607330992912385,-0.027607636942184044
0.133125,0.034374999999999996,0.02230974663832815,-0.022118980109697515
0.133125,0.040624999999999994,0.019463952572872752,-0.017923201695987004
0.133125,0.046875,0.017013723144101957,-0.014691551550945854
0.133125,0.05312499999999999,0.014906830509954137,-0.01218266500460289
0.133125,0.059375,0.01309555497526753,-0.010219119506728805
0.133125,0.06562499999999999,0.011537261898167086,-0.008669989412316993
0.133125,0.071875,0.010194596851421467,-0.00743814462443102
0.133125,0.078125,0.009035316523155137,-0.006451078518393761
0.133125,0.08437499999999999,0.008031883918326604,-0.005654299271903494
0.133125,0.09062499999999998,0.0071609489932966406,-0.0050065637944957464
0.133125,0.09687499999999999,0.006402799946057731,-0.004476430641278008
0.133125,0.103125,0.005740836285227643,-0.00403975645524694
0.133125,0.109375,0.005161089940685843,-0.003677868406847451
0.133125,0.11562499999999999,0.004651804735747253,-0.003376222456940436
0.133125,0.12187499999999998,0.004203075242824228,-0.003123412236628412
0.133125,0.128125,0.0038065411505313522,-0.0029104322283439567
0.133125,0.13437499999999997,0.0034551310822502493,-0.0027301264127017957
0.133125,0.140625,0.003142849176352546,-0.0025767729778086493
0.133125,0.14687499999999998,0.002864597941234764,-0.002445769460480808
0.133125,0.153125,0.002616031498410293,-0.002333392483735544
0.133125,0.159375,0.0023934340747291728,-0.0022366132503772707
0.133125,0.16562499999999997,0.002193619365499864,-0.0021529549727069743
0.133125,0.171875,0.002013847096931126,-0.0020803820399535058
0.133125,0.17812499999999998,0.001851753740764866,-0.0020172133520356926
0.133125,0.18437499999999998,0.001705294869289401,-0.0019620541646870452
0.133125,0.190625,0.001572697088980169,-0.0019137421971052544
0.133125,0.19687499999999997,0.0014524178645735368,-0.0018713047910028711
0.133125,0.203125,0.0013431118528264925,-0.0018339246802014464
0.133125,0.20937499999999998,0.0012436026168606527,-0.001800912504942517
0.133125,0.21562499999999998,0.0011528587972582623,-0.0017716846368021147
0.133125,0.221875,0.0010699739831986788,-0.001745745206014474
0.133125,0.22812499999999997,0.0009941496628779799,-0.001722671470402029
0.133125,0.234375,0.0009246807430584568,-0.0017021018538933008
0.133125,0.24062499999999998,0.0008609432176353906,-0.0016837261274201868
0.133125,0.24687499999999996,0.0008023836384922657,-0.0016672773166265603
0.133125,0.253125,0.0007485101018135918,-0.0016525250073121279
0.133125,0.25937499999999997,0.0006988845120016705,-0.0016392697868646494
0.133125,0.265625,0.0006531159254702774,-0.001627338612588894
0.133125,0.271875,0.000610854809533847,-0.0016165809392058744
0.133125,0.27812499999999996,0.0005717880787209635,-0.0016068654704338053
0.133125,0.284375,0.0005356347932013415,-0.0015980774254234715
0.133125,0.29062499999999997,0.0005021424225018831,-0.0015901162313966375
0.133125,0.296875,0.00047108359300789796,-0.0015828935702722302
0.133125,0.303125,0.0004422532504731372,-0.0015763317202450889
0.133125,0.30937499999999996,0.0004154661793613949,-0.0015703621438907334
0.133125,0.315625,0.0003905548296904705,-0.00156492428293965
0.133125,0.32187499999999997,0.00036736740945326964,-0.0015599645268121738
0.133125,0.328125,0.0003457662069012394,-0.0015554353276566804
0.133125,0.334375,0.0003256261121968639,-0.0015512944392464124
0.133125,0.34062499999999996,0.00030683331234226507,-0.0015475042608670893
0.133125,0.34687499999999993,0.00028928413700772245,-0.0015440312704295403
0.133125,0.35312499999999997,0.00027288403603040147,-0.001540845533597296
0.133125,0.359375,0.00025754667202317603,-0.0015379202778307783
0.133125,0.365625,0.00024319311380335566,-0.0015352315219996123
0.133125,0.37187499999999996,0.0002297511182853408,-0.0015327577536686503
0.133125,0.37812499999999993,0.00021715449013282945,-0.001530479647374838
0.133125,0.38437499999999997,0.00020534250987938132,-0.0015283798182241797
0.133125,0.390625,0.00019425942243776073,-0.001526442605985725
0.133125,0.396875,0.00018385397895931679,-0.0015246538855712367
0.133125,0.40312499999999996,0.0001740790259005321,-0.001523000900388213
0.133125,0.40937499999999993,0.00016489113592640882,-0.0015214721155592877
0.133125,0.41562499999999997,0.0001562502759477854,-0.0015200570884283354
0.133125,0.421875,0.0001481195081673368,-0.0015187463541357243
0.133125,0.428125,0.00014046472050985244,-0.0015175313243526954
0.133125,0.43437499999999996,0.0001332543832473903,-0.0015164041975265906
0.133125,0.44062499999999993,0.00012645932900836294,-0.001515357879211878
0.133125,0.44687499999999997,0.00012005255368941319,-0.0015143859112526682
0.133125,0.453125,0.00011400903607681818,-0.0015134824087457558
0.133125,0.459375,0.00010830557423583568,-0.0015126420038533263
0.133125,0.46562499999999996,0.00010292063694678321,-0.00151185979565489
0.133125,0.47187499999999993,9.783422865989321e-05,-0.0015111313053316974
0.133125,0.47812499999999997,9.302776661071844e-05,-0.0015104524360663096
0.133125,0.48437499999999994,8.848396888714212e-05,-0.0015098194371172908
0.133125,0.490625,8.418675237053303e-05,-0.0015092288715958498
0.133125,0.49687499999999996,8.012113958956323e-05,-0.001508677587529253
0.133125,0.5031249999999999,7.627317362763186e-05,-0.001508162691846172
0.133125,0.5093749999999999,7.262984031543537e-05,-0.0015076815269629146
0.133125,0.515625,6.917899702044749e-05,-0.0015072316496876242
0.133125,0.5218749999999999,6.590930741620954e-05,-0.001506810812192811
0.133125,0.528125,6.281018167748827e-05,-0.0015064169448356327
0.133125,0.534375,5.9871721603503625e-05,-0.0015060481406307805
0.133125,0.5406249999999999,5.7084670221389e-05,-0.0015057026412030976
0.133125,0.546875,5.4440365466574606e-05,-0.0015053788240666094
0.133125,0.5531249999999999,5.193069757649962e-05,-0.0015050751910938096
0.133125,0.559375,4.9548069869528485e-05,-0.0015047903580541525
0.133125,0.565625,4.728536261266682e-05,-0.0015045230451140067
0.133125,0.5718749999999999,4.513589971005372e-05,-0.0015042720682020548
0.133125,0.578125,4.3093417969647014e-05,-0.0015040363311544873
0.133125,0.5843749999999999,4.115203872833259e-05,-0.0015038148185634933
0.133125,0.590625,3.9306241636171703e-05,-0.0015036065892606596
0.133125,0.596875,3.7550840418917304e-05,-0.001503410770374073
0.136875,0.0031249999999999997,0.030124642019103292,-0.0746910564414646
0.136875,0.009375,0.028814962023840235,-0.0584299186422982
0.136875,0.015625,0.026681208959273135,-0.04583102852344377
0.136875,0.021875,0.0242449038966451,-0.03622286423561859
0.136875,0.028124999999999997,0.021782405027874575,-0.02889814783169299
0.136875,0.034374999999999996,0.01943741530626091,-0.023288373302044283
0.136875,0.040624999999999994,0.01727865900208937,-0.018964437805088198
0.136875,0.046875,0.015331932280636468,-0.015607855772848189
0.136875,0.05312499999999999,0.013598913991399732,-0.012982906310618225
0.136875,0.059375,0.012068439621436854,-0.010914750838157787
0.136875,0.06562499999999999,0.010723229816586754,-0.009273163173222456
0.136875,0.071875,0.009543817151646712,-0.007960638197875198
0.136875,0.078125,0.008510747066738173,-0.0069037434165069075
0.136875,0.08437499999999999,0.007605729851358179,-0.006046830836686851
0.136875,0.09062499999999998,0.006812169025535,-0.005347456451051122
0.136875,0.09687499999999999,0.006115330525631775,-0.00477303315217599
0.136875,0.103125,0.005502314497595263,-0.004298375135652963
0.136875,0.109375,0.004961926798093146,-0.0039038879375898486
0.136875,0.11562499999999999,0.0044845070472118225,-0.003574227467792136
0.136875,0.12187499999999998,0.004061745392362203,-0.003297301026065692
0.136875,0.128125,0.003686505250994025,-0.0030635187920209726
0.136875,0.13437499999999997,0.0033526604879881216,-0.0028652296654190883
0.136875,0.140625,0.0030549504012418074,-0.0026962935027596635
0.136875,0.14687499999999998,0.002788853064485429,-0.002551754824301972
0.136875,0.153125,0.0025504760983214247,-0.0024275924349746107
0.136875,0.159375,0.0023364632498435417,-0.002320526164448574
0.136875,0.16562499999999997,0.002143914918591714,-0.002227866831765921
0.136875,0.171875,0.001970320768404351,-0.0021473991070068876
0.136875,0.17812499999999998,0.00181350269059629,-0.0020772895517408158
0.136875,0.18437499999999998,0.0016715665641506487,-0.0020160140382727647
0.136875,0.190625,0.001542861454162729,-0.0019623001652742584
0.136875,0.19687499999999997,0.0014259450797278854,-0.001915081340471519
0.136875,0.203125,0.0013195545566229343,-0.0018734599875157554
0.136875,0.20937499999999998,0.0012225815744163488,-0.0018366779245881483
0.136875,0.21562499999999998,0.0011340513013660622,-0.0018040924078788236
0.136875,0.221875,0.0010531044246977833,-0.0017751566710970837
0.136875,0.22812499999999997,0.0009789818304909422,-0.0017494040498943308
0.136875,0.234375,0.0009110115086053348,-0.0017264349775677422
0.136875,0.24062499999999998,0.00084859733602124,-0.0017059062904824368
0.136875,0.24687499999999996,0.0007912094486455661,-0.001687522399308185
0.136875,0.253125,0.0007383759588437978,-0.0016710279736258389
0.136875,0.25937499999999997,0.0006896758152439725,-0.0016562018588764805
0.136875,0.265625,0.0006447326340492185,-0.0016428520006417761
0.136875,0.271875,0.0006032093583072051,-0.0016308111953686891
0.136875,0.27812499999999996,0.0005648036242534761,-0.0016199335215556477
0.136875,0.284375,0.0005292437327497598,-0.0016100913331400506
0.136875,0.29062499999999997,0.0004962851396234807,-0.001601172718933464
0.136875,0.296875,0.0004657073919149307,-0.0015930793496466708
0.136875,0.303125,0.0004373114480950145,-0.0015857246482650666
0.136875,0.30937499999999996,0.00041091732959318007,-0.0015790322310005012
0.136875,0.315625,0.0003863620587726128,-0.0015729345753242975
0.136875,0.32187499999999997,0.00036349784505598597,-0.0015673718791205885
0.136875,0.328125,0.0003421904864449147,-0.0015622910811377106
0.136875,0.334375,0.00032231795835917123,-0.0015576450179328367
0.136875,0.34062499999999996,0.0003037691656878473,-0.0015533916966190362
0.136875,0.34687499999999993,0.00028644283731027204,-0.0015494936661075132
0.136875,0.35312499999999997,0.0002702465452060068,-0.001545917472328762
0.136875,0.359375,0.0002550958327108719,-0.0015426331852253315
0.136875,0.365625,0.00024091343855645736,-0.0015396139872243004
0.136875,0.37187499999999996,0.00022762860510963203,-0.0015368358144909416
0.136875,0.37812499999999993,0.00021517646075271013,-0.0015342770435939732
0.136875,0.38437499999999997,0.00020349746765311582,-0.0015319182173240701
0.136875,0.390625,0.00019253692729625298,-0.0015297418043388892
0.136875,0.396875,0.000182244537124268,-0.0015277319880906996
0.136875,0.40312499999999996,0.0001725739924595778,-0.001525874481152163
0.136875,0.40937499999999993,0.00016348262861487237,-0.0015241563616125455
0.136875,0.41562499999999997,0.00015493109871723572,-0.001522565928687803
0.136875,0.421875,0.00014688308331696332,-0.0015210925750874967
0.136875,0.428125,0.00013930502832336917,-0.001519726674021092
0.136875,0.43437499999999996,0.00013216590822038915,-0.001518459479015368
0.136875,0.44062499999999993,0.00012543701187260476,-0.0015172830349614531
0.136875,0.44687499999999997,0.0001190917485446807,-0.0015161900990210387
0.136875,0.453125,0.00011310547203033846,-0.0015151740702020909
0.136875,0.459375,0.00010745532102614506,-0.0015142289265695774
0.136875,0.46562499999999996,0.0001021200740951371,-0.0015133491691901476
0.136875,0.47187499999999993,9.708001774949348e-05,-0.0015125297720246721
0.136875,0.47812499999999997,9.231682634346878e-05,-0.001511766137081738
0.136875,0.48437499999999994,8.781345261047008e-05,-0.0015110540542309589
0.136875,0.490625,8.355402780398541e-05,-0.0015103896651492055
0.136875,0.49687499999999996,7.95237705131864e-05,-0.001509769430937268
0.136875,0.5031249999999999,7.570890332228067e-05,-0.0015091901030004104
0.136875,0.5093749999999999,7.209657656968485e-05,-0.001508648696834935
0.136875,0.515625,6.867479854021087e-05,-0.0015081424684053146
0.136875,0.5218749999999999,6.543237149191197e-05,-0.0015076688928334341
0.136875,0.528125,6.235883298007018e-05,-0.0015072256451538547
0.136875,0.534375,5.944440199493952e-05,-0.0015068105829173074
0.136875,0.5406249999999999,5.667992947807182e-05,-0.0015064217304494418
0.136875,0.546875,5.405685282505921e-05,-0.0015060572645936258
0.136875,0.5531249999999999,5.156715402091954e-05,-0.0015057155017857277
0.136875,0.559375,4.920332108866522e-05,-0.0015053948863256515
0.136875,0.565625,4.695831256230687e-05,-0.0015050939797252227
0.136875,0.5718749999999999,4.4825524723042976e-05,-0.001504811451025117
0.136875,0.578125,4.27987613620527e-05,-0.0015045460679850744
0.136875,0.5843749999999999,4.087220585544494e-05,-0.0015042966890618655
0.136875,0.590625,3.904039535680522e-05,-0.0015040622560985254
0.136875,0.596875,3.729819693067345e-05,-0.0015038417876563877
0.140625,0.0031249999999999997,0.016135001588184008,-0.07262138857949521
0.140625,0.009375,0.019123525641835733,-0.057805622604079565
0.140625,0.015625,0.019741054588162662,-0.045953128093383366
0.140625,0.021875,0.019150660547768403,-0.03671833090477262
0.140625,0.028124999999999997,0.01797294545404428,-0.029562162839710505
0.140625,0.034374999999999996,0.016546721897481263,-0.024007120926735032
0.140625,0.040624999999999994,0.01505827849003176,-0.01967556210014865
0.140625,0.046875,0.013608181651311736,-0.0162788376276919
0.140625,0.05312499999999999,0.012247732587811247,-0.013598623245653007
0.140625,0.059375,0.010999759361591834,-0.011470103730180075
0.140625,0.06562499999999999,0.009870814055968263,-0.0097686526657538
0.140625,0.071875,0.008858427239006364,-0.008399712783667622
0.140625,0.078125,0.007955431402915235,-0.007291227113274739
0.140625,0.08437499999999999,0.007152516286318506,-0.006388010959555077
0.140625,0.09062499999999998,0.006439709969478742,-0.005647573400567346
0.140625,0.09687499999999999,0.0058072075133769165,-0.005037012666154556
0.140625,0.103125,0.0052458059200474845,-0.004530704464800741
0.140625,0.109375,0.004747104694227837,-0.004108575378622363
0.140625,0.11562499999999999,0.004303569920564272,-0.0037548083265279116
0.140625,0.12187499999999998,0.003908521739947155,-0.0034568677601260786
0.140625,0.128125,0.003556081509977402,-0.0032047621550297407
0.140625,0.13437499999999997,0.0032411003114019388,-0.0029904832470768463
0.140625,0.140625,0.0029590814350153607,-0.002807577452260731
0.140625,0.14687499999999998,0.002706103946775485,-0.0026508165853910324
0.140625,0.153125,0.002478751067267424,-0.002515943526655698
0.140625,0.159375,0.0022740450919797334,-0.002399474734587065
0.140625,0.16562499999999997,0.0020893894057630023,-0.002298546092315461
0.140625,0.171875,0.0019225174858430332,-0.0022107919538494804
0.140625,0.17812499999999998,0.0017714484413766693,-0.002134249756020541
0.140625,0.18437499999999998,0.0016344484782461269,-0.002067284416795168
0.140625,0.190625,0.0015099976277505862,-0.002008528123710708
0.140625,0.19687499999999997,0.0013967610891511808,-0.0019568321519551506
0.140625,0.203125,0.0012935645794748553,-0.0019112281308610634
0.140625,0.20937499999999998,0.0011993731421023866,-0.0018708967665783736
0.140625,0.21562499999999998,0.0011132729282464842,-0.0018351424759681754
0.140625,0.221875,0.0010344555267428792,-0.0018033727280081168
0.140625,0.22812499999999997,0.0009622044746410926,-0.0017750811505641156
0.140625,0.234375,0.000895883632542755,-0.0017498336617923888
0.140625,0.24062499999999998,0.0008349271541015026,-0.0017272570412277075
0.140625,0.24687499999999996,0.0007788308187134565,-0.0017070294766576666
0.140625,0.253125,0.0007271445306131565,-0.0016888727173401835
0.140625,0.25937499999999997,0.0006794658168928162,-0.0016725455381476806
0.140625,0.265625,0.0006354341819630435,-0.0016578382774787867
0.140625,0.271875,0.0005947261972345526,-0.0016445682578134831
0.140625,0.27812499999999996,0.0005570512228442771,-0.0016325759343098682
0.140625,0.284375,0.0005221476735434753,-0.0016217216459286751
0.140625,0.29062499999999997,0.0004897797538208842,-0.0016118828668264867
0.140625,0.296875,0.00045973459830709744,-0.0016029518744186838
0.140625,0.303125,0.0004318197628029383,-0.001594833765540214
0.140625,0.30937499999999996,0.0004058610191552566,-0.0015874447642759643
0.140625,0.315625,0.00038170041388946676,-0.0015807107748795502
0.140625,0.32187499999999997,0.0003591945561859808,-0.0015745661412105065
0.140625,0.328125,0.00033821310561507167,-0.0015689525806584562
0.140625,0.334375,0.0003186374341541714,-0.0015638182658762906
0.140625,0.34062499999999996,0.00030035944051468554,-0.0015591170320408652
0.140625,0.34687499999999993,0.0002832804977958481,-0.0015548076909810205
0.140625,0.35312499999999997,0.00026731051803972135,-0.0015508534365041482
0.140625,0.359375,0.0002523671194504514,-0.0015472213277305544
0.140625,0.365625,0.00023837488391806823,-0.001543881839303232
0.140625,0.37187499999999996,0.00022526469409940672,-0.0015408084690549985
0.140625,0.37812499999999993,0.00021297314069569122,-0.0015379773951464323
0.140625,0.38437499999999997,0.0002014419917613459,-0.0015353671758864004
0.140625,0.390625,0.00019061771690986401,-0.0015329584864525543
0.140625,0.396875,0.00018045106017392125,-0.0015307338875751241
0.140625,0.40312499999999996,0.00017089665604856177,-0.0015286776219605482
0.140625,0.40937499999999993,0.00016191268391531452,-0.0015267754348341973
0.140625,0.41562499999999997,0.00015346055662607164,-0.0015250144154919391
0.140625,0.421875,0.00014550463953083318,-0.0015233828571835327
0.140625,0.428125,0.00013801199667351114,-0.0015218701330193638
0.140625,0.43437499999999996,0.00013095216126388987,-0.0015204665859061036
0.140625,0.44062499999999993,0.00012429692786920994,-0.001519163430785098
0.140625,0.44687499999999997,0.00011802016406223821,-0.00151795266767679
0.140625,0.453125,0.00011209763951974579,-0.0015168270042312398
0.140625,0.459375,0.00010650687079082806,-0.001515779786653783
0.140625,0.46562499999999996,0.00010122698015264033,-0.0015148049380202793
0.140625,0.47187499999999993,9.623856714542486e-05,-0.001513896903121725
0.140625,0.47812499999999997,9.152359153225982e-05,-0.0015130505990862296
0.140625,0.48437499999999994,8.706526656440783e-05,-0.0015122613711199453
0.140625,0.490625,8.284796155277225e-05,-0.001511524952789639
0.140625,0.49687499999999996,7.885711285176962e-05,-0.001510837430339945
0.140625,0.5031249999999999,7.507914245560337e-05,-0.0015101952105995011
0.140625,0.5093749999999999,7.150138348997956e-05,-0.0015095949920833935
0.140625,0.515625,6.811201195602386e-05,-0.0015090337389457452
0.140625,0.5218749999999999,6.489998414867307e-05,-0.0015085086574767857
0.140625,0.528125,6.185497923010126e-05,-0.001508017174874171
0.140625,0.534375,5.896734649066467e-05,-0.0015075569200493223
0.140625,0.5406249999999999,5.622805687614214e-05,-0.0015071257062567488
0.140625,0.546875,5.362865840138584e-05,-0.001506721515358184
0.140625,0.5531249999999999,5.1161235107433305e-05,-0.0015063424835543503
0.140625,0.559375,4.8818369252176774e-05,-0.001505986888435634
0.140625,0.565625,4.659310645428683e-05,-0.0015056531372192353
0.140625,0.5718749999999999,4.447892353661613e-05,-0.0015053397560547156
0.140625,0.578125,4.2469698839123325e-05,-0.001505045380292562
0.140625,0.5843749999999999,4.055968479274771e-05,-0.001504768745621608
0.140625,0.590625,3.874348256489569e-05,-0.001504508679991096
0.140625,0.596875,3.70160186045156e-05,-0.0015042640962419796
0.144375,0.0031249999999999997,0.004191429993057484,-0.06791150901162013
0.144375,0.009375,0.010438890185510655,-0.05545860698989274
0.144375,0.015625,0.013322143591939454,-0.04491280741922392
0.144375,0.021875,0.01433045247640581,-0.03640277729433889
0.144375,0.028124999999999997,0.014303809073021265,-0.029644832124410887
0.144375,0.034374999999999996,0.013721522691647578,-0.024300459918463007
0.144375,0.040624999999999994,0.01286107486130123,-0.020070400831103192
0.144375,0.046875,0.01188396187416202,-0.016711657000862346
0.144375,0.05312499999999999,0.010883381429690276,-0.014033074742462194
0.144375,0.059375,0.00991166182041163,-0.011886185365069853
0.144375,0.06562499999999999,0.008996510593383661,-0.010156205278863307
0.144375,0.071875,0.008150843238808386,-0.008754451650095214
0.144375,0.078125,0.00737880424697143,-0.0076123028325211
0.144375,0.08437499999999999,0.0066794763030022545,-0.006676509167970428
0.144375,0.09062499999999998,0.006049163804295167,-0.00590559673467532
0.144375,0.09687499999999999,0.005482788991354132,-0.0052671255795810066
0.144375,0.103125,0.004974733310072574,-0.004735604323603195
0.144375,0.109375,0.004519331846375484,-0.004290904236779046
0.144375,0.11562499999999999,0.004111151596928603,-0.003917051549915228
0.144375,0.12187499999999998,0.003745136141286514,-0.0036013056179016044
0.144375,0.128125,0.0034166688944626718,-0.003333453087405668
0.144375,0.13437499999999997,0.0031215878605778823,-0.0031052654852415052
0.144375,0.140625,0.002856172564298091,-0.0029100807128787797
0.144375,0.14687499999999998,0.002617116041791645,-0.0027424787575190688
0.144375,0.153125,0.0024014898120908322,-0.0025980292877538502
0.144375,0.159375,0.002206706599680483,-0.0024730943023252958
0.144375,0.16562499999999997,0.0020304835880585897,-0.002364673112114177
0.144375,0.171875,0.0018708077351718144,-0.0022702800120126955
0.144375,0.17812499999999998,0.001725903907778602,-0.0021878473057061697
0.144375,0.18437499999999998,0.0015942061212006354,-0.0021156480797612878
0.144375,0.190625,0.0014743318930906246,-0.0020522344300832394
0.144375,0.19687499999999997,0.0013650595636495386,-0.0019963878321305945
0.144375,0.203125,0.001265308354431013,-0.0019470790965436069
0.144375,0.20937499999999998,0.0011741209041276782,-0.0019034359235717477
0.144375,0.21562499999999998,0.0010906480137927578,-0.001864716507089595
0.144375,0.221875,0.0010141353439116283,-0.001830287974977716
0.144375,0.22812499999999997,0.0009439118241296049,-0.001799608711784217
0.144375,0.234375,0.0008793795586454105,-0.0017722138102685486
0.144375,0.24062499999999998,0.0008200050335078932,-0.001747703054481375
0.144375,0.24687499999999996,0.000765311454688738,-0.0017257309588716743
0.144375,0.253125,0.0007148720669666514,-0.0017059984834176711
0.144375,0.25937499999999997,0.0006683043229288721,-0.0016882461199388393
0.144375,0.265625,0.0006252647886337951,-0.0016722481041260384
0.144375,0.271875,0.000585444687708587,-0.001657807554918515
0.144375,0.27812499999999996,0.0005485659989937637,-0.0016447523803427848
0.144375,0.284375,0.0005143780344543786,-0.0016329318188780901
0.144375,0.29062499999999997,0.00048265443413344854,-0.0016222135094272104
0.144375,0.296875,0.0004531905236070306,-0.0016124810022937644
0.144375,0.303125,0.0004258009868825333,-0.001603631639167722
0.144375,0.30937499999999996,0.00040031781411915086,-0.0015955747427584925
0.144375,0.315625,0.00037658848908288494,-0.001588230066985907
0.144375,0.32187499999999997,0.00035447438600327467,-0.001581526467013322
0.144375,0.328125,0.00033384934958416716,-0.001575400755255561
0.144375,0.334375,0.00031459843543170916,-0.0015697967151122407
0.144375,0.34062499999999996,0.0002966167911813893,-0.0015646642487989163
0.144375,0.34687499999999993,0.00027980866120314236,-0.0015599586394619313
0.144375,0.35312499999999997,0.0002640864999998785,-0.0015556399109180328
0.144375,0.359375,0.00024937018134224266,-0.0015516722709775054
0.144375,0.365625,0.00023558629184532222,-0.001548023626487071
0.144375,0.37187499999999996,0.00022266749912928775,-0.0015446651600448452
0.144375,0.37812499999999993,0.00021055198594790054,-0.0015415709598580179
0.144375,0.38437499999999997,0.00019918294274404795,-0.001538717695486583
0.144375,0.390625,0.00018850811202351708,-0.0015360843332856663
0.144375,0.396875,0.00017847937874717107,-0.0015336518862594318
0.144375,0.40312499999999996,0.00016905240164473897,-0.0015314031937995575
0.144375,0.40937499999999993,0.0001601862809652065,-0.0015293227274241563
0.144375,0.41562499999999997,0.00015184325871187457,-0.001527396419178053
0.144375,0.421875,0.00014398844787525552,-0.001525611509818342
0.144375,0.428125,0.00013658958758331258,-0.0015239564143033092
0.144375,0.43437499999999996,0.00012961682144400902,-0.0015224206024390353
0.144375,0.44062499999999993,0.00012304249666649682,-0.0015209944928253531
0.144375,0.44687499999999997,0.00011684098182035906,-0.0015196693584889165
0.144375,0.453125,0.00011098850133215511,-0.0015184372428022476
0.144375,0.459375,0.00010546298502940326,-0.001517290884469074
0.144375,0.46562499999999996,0.00010024393122781694,-0.001516223650512507
0.144375,0.47187499999999993,9.531228202129442e-05,-0.0015152294763373653
0.144375,0.47812499999999997,9.065030957863692e-05,-0.001514302812054364
0.144375,0.48437499999999994,8.624151237864651e-05,-0.0015134385743546613
0.144375,0.490625,8.207052042822094e-05,-0.0015126321033105835
0.144375,0.49687499999999996,7.812300860813425e-05,-0.00151187912355419
0.144375,0.5031249999999999,7.438561737994018e-05,-0.0015111757093512687
0.144375,0.5093749999999999,7.084588016623948e-05,-0.0015105182531457895
0.144375,0.515625,6.749215678660082e-05,-0.0015099034371999207
0.144375,0.5218749999999999,6.431357239376198e-05,-0.0015093282079984643
0.144375,0.528125,6.129996141027489e-05,-0.0015087897531248318
0.144375,0.534375,5.8441816015291964e-05,-0.0015082854803491988
0.144375,0.5406249999999999,5.5730238775410404e-05,-0.0015078129986988772
0.144375,0.546875,5.315689905302072e-05,-0.0015073701013067575
0.144375,0.5531249999999999,5.071399286096751e-05,-0.001506954749856392
0.144375,0.559375,4.8394205864000534e-05,-0.0015065650604622707
0.144375,0.565625,4.619067925589219e-05,-0.0015061992908414808
0.144375,0.5718749999999999,4.409697826657439e-05,-0.001505855828648497
0.144375,0.578125,4.210706307653876e-05,-0.0015055331808586031
0.144375,0.5843749999999999,4.0215261936324695e-05,-0.0015052299640976167
0.144375,0.590625,3.8416246307437865e-05,-0.0015049448958263673
0.144375,0.596875,3.670500785773093e-05,-0.0015046767862979403
0.148125,0.0031249999999999997,-0.005113646698437695,-0.061561963127229294
0.148125,0.009375,0.0031378373257714754,-0.05185600875188676
0.148125,0.015625,0.007661317895401212,-0.04294559058386848
0.148125,0.021875,0.009937872686270994,-0.035403163537975714
0.148125,0.028124999999999997,0.01087841701185777,-0.029217964518665526
0.148125,0.034374999999999996,0.011033781770019017,-0.02421021316612134
0.148125,0.040624999999999994,0.010738432144912151,-0.02017363177680533
0.148125,0.046875,0.010196688839067663,-0.016920853208237076
0.148125,0.05312499999999999,0.00953351871784023,-0.014294683607022723
0.148125,0.059375,0.008824839288157424,-0.012167693491376114
0.148125,0.06562499999999999,0.008115956983201203,-0.010438248495429318
0.148125,0.071875,0.00743298809634452,-0.00902590916162185
0.148125,0.078125,0.0067900305469740276,-0.007867208891547692
0.148125,0.08437499999999999,0.006193708985038314,-0.006912094160235012
0.148125,0.09062499999999998,0.005646069892793658,-0.006121040231665013
0.148125,0.09687499999999999,0.005146428036367148,-0.005462762632345479
0.148125,0.103125,0.004692541135400778,-0.004912422126960392
0.148125,0.109375,0.0042813520653238795,-0.004450225490361221
0.148125,0.11562499999999999,0.003909452017713577,-0.004060338005207645
0.148125,0.12187499999999998,0.00357336364842297,-0.0037300389095177703
0.148125,0.128125,0.00326970842741917,-0.0034490650764196556
0.148125,0.13437499999999997,0.002995299944971243,-0.003209100100674599
0.148125,0.140625,0.0027471903553963886,-0.003003375601768225
0.148125,0.14687499999999998,0.002522687642027926,-0.0028263591674536673
0.148125,0.153125,0.0023193551783753045,-0.002673509287898004
0.148125,0.159375,0.0021350009938630103,-0.002541082200323062
0.148125,0.16562499999999997,0.001967661486970367,-0.0024259790681901514
0.148125,0.171875,0.001815582582355093,-0.002325624597946536
0.148125,0.17812499999999998,0.0016772001870404638,-0.0022378702419688034
0.148125,0.18437499999999998,0.0015511210576923296,-0.0021609166984762535
0.148125,0.190625,0.0014361047106763983,-0.0020932516133629064
0.148125,0.19687499999999997,0.0013310466994066817,-0.002033599303387944
0.148125,0.203125,0.0012349633902452625,-0.001980880022079357
0.148125,0.20937499999999998,0.001146978249662741,-0.0019341768299055706
0.148125,0.21562499999999998,0.0010663095855152813,-0.0018927085472520552
0.148125,0.221875,0.0009922596469055692,-0.00185580759163831
0.148125,0.22812499999999997,0.0009242049687660747,-0.0018229017514903698
0.148125,0.234375,0.000861587841507223,-0.0017934991443808402
0.148125,0.24062499999999998,0.0008039087878669962,-0.001767175760680649
0.148125,0.24687499999999996,0.0007507199352594047,-0.0017435651137221975
0.148125,0.253125,0.0007016191803694779,-0.0017223496122516218
0.148125,0.25937499999999997,0.0006562450521641891,-0.0017032533458159172
0.148125,0.265625,0.0006142721890668695,-0.0016860360331428055
0.148125,0.271875,0.0005754073552922416,-0.0016704879308830991
0.148125,0.27812499999999996,0.0005393859299900655,-0.001656425537891598
0.148125,0.284375,0.0005059688107656623,-0.0016436879605357445
0.148125,0.29062499999999997,0.0004749396802899553,-0.0016321338289079451
0.148125,0.296875,0.0004461025910881494,-0.0016216386735007648
0.148125,0.303125,0.000419279829243345,-0.0016120926878424313
0.148125,0.30937499999999996,0.000394310022724308,-0.0016033988155366708
0.148125,0.315625,0.00037104646440753086,-0.0015954711106997675
0.148125,0.32187499999999997,0.00034935562367622593,-0.0015882333294090596
0.148125,0.328125,0.0003291158238046623,-0.001581617716843838
0.148125,0.334375,0.0003102160652329977,-0.001575563960608889
0.148125,0.34062499999999996,0.00029255497735826923,-0.0015700182855199387
0.148125,0.34687499999999993,0.00027603988365908927,-0.00156493266908911
0.148125,0.35312499999999997,0.0002605859668772015,-0.001560264160229873
0.148125,0.359375,0.0002461155226358108,-0.0015559742864279821
0.148125,0.365625,0.0002325572913153494,-0.0015520285368969926
0.148125,0.37187499999999996,0.00021984585926076265,-0.0015483959111347477
0.148125,0.37812499999999993,0.00020792112148545916,-0.001545048523886319
0.148125,0.38437499999999997,0.00019672779898744362,-0.0015419612588525708
0.148125,0.390625,0.00018621500462162743,-0.0015391114646055432
0.148125,0.396875,0.00017633585219513245,-0.0015364786871178814
0.148125,0.40312499999999996,0.0001670471040836335,-0.0015340444341129951
0.148125,0.40937499999999993,0.00015830885321855214,-0.0015317919671196589
0.148125,0.41562499999999997,0.0001500842357777162,-0.0015297061176893366
0.148125,0.421875,0.00014233917133499763,-0.001527773124723135
0.148125,0.428125,0.0001350421275952567,-0.0015259804902716671
0.148125,0.43437499999999996,0.00012816390716642863,-0.0015243168515265868
0.148125,0.44062499999999993,0.00012167745410663673,-0.0015227718670266844
0.148125,0.44687499999999997,0.00011555767823586198,-0.001521336115362054
0.148125,0.453125,0.00010978129542333775,-0.0015200010048836345
0.148125,0.459375,0.00010432668225725357,-0.0015187586931179253
0.148125,0.46562499999999996,9.917374367585081e-05,-0.00151760201475253
0.148125,0.47187499999999993,9.430379229142306e-05,-0.0015165244172013661
0.148125,0.47812499999999997,8.969943827358638e-05,-0.0015155199028821325
0.148125,0.48437499999999994,8.534448877761348e-05,-0.0015145829774458454
0.148125,0.490625,8.122385600951451e-05,-0.0015137086032912077
0.148125,0.49687499999999996,7.732347311353182e-05,-0.001512892157777369
0.148125,0.5031249999999999,7.363021715122198e-05,-0.0015121293956188973
0.148125,0.5093749999999999,7.013183851557933e-05,-0.0015114164150080377
0.148125,0.515625,6.681689618979415e-05,-0.0015107496270627605
0.148125,0.5218749999999999,6.367469831919277e-05,-0.001510125728245814
0.148125,0.528125,6.0695247617508584e-05,-0.0015095416754408652
0.148125,0.534375,5.786919117562054e-05,-0.001508994663407626
0.148125,0.5406249999999999,5.5187774282898294e-05,-0.001508482104369296
0.148125,0.546875,5.264279790889404e-05,-0.001508001609513268
0.148125,0.5531249999999999,5.02265795267987e-05,-0.0015075509722103381
0.148125,0.559375,4.793191699028063e-05,-0.0015071281527790719
0.148125,0.565625,4.5752055202437075e-05,-0.0015067312646408484
0.148125,0.5718749999999999,4.368065533993805e-05,-0.001506358561727783
0.148125,0.578125,4.17117664173467e-05,-0.0015060084270204675
0.148125,0.5843749999999999,3.983979899631158e-05,-0.0015056793621055094
0.148125,0.590625,3.805950086208197e-05,-0.0015053699776544217
0.148125,0.596875,3.636593450581476e-05,-0.0015050789847356643
0.151875,0.0031249999999999997,-0.01175574306442795,-0.05454652379557327
0.151875,0.009375,-0.0026412763750860864,-0.047504836936524346
0.151875,0.015625,0.0028878407336762582,-0.04032384740515819
0.151875,0.021875,0.006073839516291683,-0.033872413602684386
0.151875,0.028124999999999997,0.007772409426529011,-0.028370886231246582
0.151875,0.034374999999999996,0.008539905597850455,-0.023790134178598352
0.151875,0.040624999999999994,0.008732626013595202,-0.02001824136873223
0.151875,0.046875,0.008578279435077343,-0.01692688159964539
0.151875,0.05312499999999999,0.008222416253727254,-0.014396163172139658
0.151875,0.059375,0.0077578746719550624,-0.01232248253840676
0.151875,0.06562499999999999,0.007243470665145864,-0.010619558569609668
0.151875,0.071875,0.006715959715212556,-0.00921690339620694
0.151875,0.078125,0.006197763641439001,-0.00805751843561459
0.151875,0.08437499999999999,0.005702001241336303,-0.00709555205519578
0.151875,0.09062499999999998,0.005235782495853779,-0.006294198340325087
0.151875,0.09687499999999999,0.004802373405150578,-0.005623917436266723
0.151875,0.103125,0.004402620564191295,-0.0050609737948254414
0.151875,0.109375,0.004035887697540725,-0.004586256468411164
0.151875,0.11562499999999999,0.00370066912271551,-0.0041843367909141435
0.151875,0.12187499999999998,0.003394988812051303,-0.003842720090938463
0.151875,0.128125,0.003116657032728239,-0.0035512532750666104
0.151875,0.13437499999999997,0.0028634324432094075,-0.0033016563191334363
0.151875,0.140625,0.0026331215913750366,-0.003087151649368289
0.151875,0.14687499999999998,0.002423637172173349,-0.002902170596134187
0.151875,0.153125,0.002233029337609711,-0.0027421204412159525
0.151875,0.159375,0.0020594996213923163,-0.002603199098529717
0.151875,0.16562499999999997,0.0019014038647366595,-0.0024822472736350416
0.151875,0.171875,0.0017572483936854468,-0.002376630159960491
0.151875,0.17812499999999998,0.0016256822599021367,-0.0022841424627288473
0.151875,0.18437499999999998,0.0015054873881970123,-0.0022029318936237175
0.151875,0.190625,0.001395567822322643,-0.002131437331829608
0.151875,0.19687499999999997,0.0012949388231787322,-0.0020683386659477295
0.151875,0.203125,0.0012027162812703913,-0.0020125159685323133
0.151875,0.20937499999999998,0.0011181067112519016,-0.00196301615142127
0.151875,0.21562499999999998,0.0010403979689192519,-0.0019190256373987926
0.151875,0.221875,0.0009689507485268772,-0.0018798478866112228
0.151875,0.22812499999999997,0.0009031908661279934,-0.0018448848535495435
0.151875,0.234375,0.0008426023027866184,-0.0018136216369615302
0.151875,0.24062499999999998,0.0007867209631830397,-0.0017856137320628358
0.151875,0.24687499999999996,0.0007351290957081062,-0.001760476410600129
0.151875,0.253125,0.0006874503164762563,-0.0017378758464197273
0.151875,0.25937499999999997,0.0006433451796600265,-0.0017175216774281943
0.151875,0.265625,0.0006025072387327025,-0.0016991607532426043
0.151875,0.271875,0.0005646595466493705,-0.0016825718645623682
0.151875,0.27812499999999996,0.0005295515470731,-0.001667561287802177
0.151875,0.284375,0.0004969563130570314,-0.001653959008721376
0.151875,0.29062499999999997,0.00046666809386917675,-0.001641615513168837
0.151875,0.296875,0.00043850013474054384,-0.001630399052812454
0.151875,0.303125,0.0004122827381418373,-0.0016201933097672633
0.151875,0.30937499999999996,0.0003878615387070669,-0.0016108953971092181
0.151875,0.315625,0.0003650959671102637,-0.001602414142944328
0.151875,0.32187499999999997,0.00034385788106847673,-0.0015946686144569736
0.151875,0.328125,0.0003240303442055159,-0.0015875868455550194
0.151875,0.334375,0.00030550653578768677,-0.001581104737657172
0.151875,0.34062499999999996,0.000288188776359037,-0.0015751651080656965
0.151875,0.34687499999999993,0.0002719876560842097,-0.001569716864424906
0.151875,0.35312499999999997,0.0002568212541761561,-0.0015647142871354517
0.151875,0.359375,0.00024261443916673476,-0.0015601164044001515
0.151875,0.365625,0.00022929824099197145,-0.001555886446918873
0.151875,0.37187499999999996,0.00021680928692997684,-0.0015519913712093597
0.151875,0.37812499999999993,0.0002050892943657859,-0.0015484014421740953
0.151875,0.38437499999999997,0.00019408461417945116,-0.0015450898669145878
0.151875,0.390625,0.00018374581927557075,-0.0015420324729581328
0.151875,0.396875,0.0001740273334064283,-0.0015392074250446517
0.151875,0.40312499999999996,0.00016488709599798363,-0.001536594975452594
0.151875,0.40937499999999993,0.00015628625917764194,-0.0015341772435478118
0.151875,0.41562499999999997,0.00014818891363345754,-0.0015319380208383036
0.151875,0.421875,0.0001405618403135442,-0.0015298625983276564
0.151875,0.428125,0.00013337428530838937,-0.001527937613395035
0.151875,0.43437499999999996,0.0001265977555531291,-0.001526150913801348
0.151875,0.44062499999999993,0.00012020583324653266,-0.0015244914367395959
0.151875,0.44687499999999997,0.00011417400711274337,-0.0015229491011204996
0.151875,0.453125,0.00010847951883447647,-0.0015215147115192277
0.151875,0.459375,0.0001031012231656285,-0.0015201798724110967
0.151875,0.46562499999999996,9.801946038996877e-05,-0.0015189369114983653
0.151875,0.47187499999999993,9.321593993323532e-05,-0.0015177788110807802
0.151875,0.47812499999999997,8.8673634060729e-05,-0.0015166991465527548
0.151875,0.48437499999999994,8.43766807032815e-05,-0.0015156920312229443
0.151875,0.490625,8.031029455293414e-05,-0.0015147520667499416
0.151875,0.49687499999999996,7.646068565725745e-05,-0.0015138742985729933
0.151875,0.5031249999999999,7.281498481923567e-05,-0.0015130541757907784
0.151875,0.5093749999999999,6.936117517916524e-05,-0.0015122875150059506
0.151875,0.515625,6.608802941703934e-05,-0.0015115704677095955
0.151875,0.5218749999999999,6.298505206927983e-05,-0.0015108994908291176
0.151875,0.528125,6.004242650318818e-05,-0.0015102713201062949
0.151875,0.534375,5.725096613678681e-05,-0.0015096829460101379
0.151875,0.5406249999999999,5.46020695313865e-05,-0.0015091315919224637
0.151875,0.546875,5.2087679019778594e-05,-0.0015086146943633437
0.151875,0.5531249999999999,4.970024256484985e-05,-0.0015081298850493348
0.151875,0.559375,4.743267857206385e-05,-0.0015076749746000928
0.151875,0.565625,4.52783434050039e-05,-0.0015072479377289923
0.151875,0.5718749999999999,4.3231001376330636e-05,-0.0015068468997710665
0.151875,0.578125,4.128479700736437e-05,-0.0015064701244172243
0.151875,0.5843749999999999,3.943422936829495e-05,-0.0015061160025375653
0.151875,0.590625,3.767412832796869e-05,-0.001505783041988886
0.151875,0.596875,3.5999632557505696e-05,-0.001505469858312384
0.15562499999999999,0.0031249999999999997,-0.016084653807424003,-0.04759812854504133
0.15562499999999999,0.009375,-0.006957794555414078,-0.042852584514185055
0.15562499999999999,0.015625,-0.0009706234870501151,-0.03731230514190277
0.15562499999999999,0.021875,0.0027854957215966694,-0.03196877072203544
0.15562499999999999,0.028124999999999997,0.0050316553705754465,-0.027200276464281765
0.15562499999999999,0.034374999999999996,0.006279073877778121,-0.02310057705186004
0.15562499999999999,0.040624999999999994,0.006875585402575894,-0.019642564712204283
0.15562499999999999,0.046875,0.007054253927812408,-0.016754390046716704
0.15562499999999999,0.05312499999999999,0.006970306568811317,-0.014353476396114406
0.15562499999999999,0.059375,0.006726761989274103,-0.012360917795182138
0.15562499999999999,0.06562499999999999,0.006391693355308959,-0.010706852001253141
0.15562499999999999,0.071875,0.006009765078931039,-0.009331754175659691
0.15562499999999999,0.078125,0.005609945138915429,-0.008185969862855655
0.15562499999999999,0.08437499999999999,0.005210676319219312,-0.00722857595248593
0.15562499999999999,0.09062499999999998,0.00482335550502021,-0.006426074013029529
0.15562499999999999,0.09687499999999999,0.004454681389911228,-0.005751139284659059
0.15562499999999999,0.103125,0.004108241727356766,-0.005181512960943666
0.15562499999999999,0.109375,0.0037855873082022263,-0.004699060873369689
0.15562499999999999,0.11562499999999999,0.0034869582360266493,-0.004288992409336504
0.15562499999999999,0.12187499999999998,0.0032117739875256574,-0.0039392216683637946
0.15562499999999999,0.128125,0.0029589626707335597,-0.0036398495350227437
0.15562499999999999,0.13437499999999997,0.0027271806918120894,-0.003382745965927127
0.15562499999999999,0.140625,0.002514957720687112,-0.0031612140437192143
0.15562499999999999,0.14687499999999998,0.0023207907907318594,-0.0029697200972028694
0.15562499999999999,0.153125,0.0021432038495894897,-0.002803676881414934
0.15562499999999999,0.159375,0.0019807839476154126,-0.002659269223994454
0.15562499999999999,0.16562499999999997,0.0018322017383770014,-0.0025333136014681107
0.15562499999999999,0.171875,0.001696221555197469,-0.0024231448133636437
0.15562499999999999,0.17812499999999998,0.0015717046697026403,-0.00232652430856105
0.15562499999999999,0.18437499999999998,0.0014576081959138676,-0.00224156583314473
0.15562499999999999,0.190625,0.0013529813154005029,-0.0021666749587195616
0.15562499999999999,0.19687499999999997,0.0012569599551974372,-0.002100499756822329
0.15562499999999999,0.203125,0.0011687606750788093,-0.002041890444805262
0.15562499999999999,0.20937499999999998,0.0010876742624107768,-0.0019898662713443292
0.15562499999999999,0.21562499999999998,0.0010130593553501805,-0.0019435882598725588
0.15562499999999999,0.221875,0.0009443362938264076,-0.0019023367052708002
0.15562499999999999,0.22812499999999997,0.0008809813153553436,-0.0018654925385690091
0.15562499999999999,0.234375,0.0008225211573470424,-0.0018325218484662002
0.15562499999999999,0.24062499999999998,0.0007685280908725113,-0.001802962986803716
0.15562499999999999,0.24687499999999996,0.000718615387059479,-0.0017764157952918501
0.15562499999999999,0.253125,0.0006724332023546288,-0.001752532578730723
0.15562499999999999,0.25937499999999997,0.000629664860005296,-0.0017310105203389309
0.15562499999999999,0.265625,0.0005900235003157031,-0.00171158529126212
0.15562499999999999,0.271875,0.0005532490701574137,-0.0016940256517489279
0.15562499999999999,0.27812499999999996,0.0005191056219150763,-0.0016781288781120202
0.15562499999999999,0.284375,0.0004873788928742131,-0.0016637168792168013
0.15562499999999999,0.29062499999999997,0.0004578741375603157,-0.0016506328902650598
0.15562499999999999,0.296875,0.0004304141874142971,-0.001638738651177032
0.15562499999999999,0.303125,0.0004048377142350524,-0.0016279119928049631
0.15562499999999999,0.30937499999999996,0.00038099767590198276,-0.0016180447672350484
0.15562499999999999,0.315625,0.0003587599249238248,-0.001609041069111187
0.15562499999999999,0.32187499999999997,0.00033800196229317493,-0.0016008157036894492
0.15562499999999999,0.328125,0.000318611820929672,-0.0015932928645638284
0.15562499999999999,0.334375,0.0003004870646551177,-0.0015864049899786611
0.15562499999999999,0.34062499999999996,0.0002835338901571555,-0.0015800917715918976
0.15562499999999999,0.34687499999999993,0.00026766632076729056,-0.0015742992936626267
0.15562499999999999,0.35312499999999997,0.0002528054821107281,-0.0015689792840566466
0.15562499999999999,0.359375,0.0002388789507887767,-0.0015640884613176609
0.15562499999999999,0.365625,0.0002258201682394958,-0.0015595879644384244
0.15562499999999999,0.37187499999999996,0.0002135679127993689,-0.0015554428539667794
0.15562499999999999,0.37812499999999993,0.00020206582376832831,-0.0015516216747623614
0.15562499999999999,0.38437499999999997,0.00019126197197235804,-0.0015480960721349821
0.15562499999999999,0.390625,0.00018110847193135869,-0.0015448404542899071
0.15562499999999999,0.396875,0.00017156113128350214,-0.001541831695015063
0.15562499999999999,0.40312499999999996,0.0001625791335986976,-0.0015390488714009207
0.15562499999999999,0.40937499999999993,0.0001541247511400472,-0.0015364730321103218
0.15562499999999999,0.41562499999999997,0.00014616308450959682,-0.0015340869923336814
0.15562499999999999,0.421875,0.0001386618264489279,-0.0015318751520918873
0.15562499999999999,0.428125,0.00013159104736119024,-0.0015298233349992443
0.15562499999999999,0.43437499999999996,0.00012492300038351807,-0.0015279186449838535
0.15562499999999999,0.44062499999999993,0.00011863194407133357,-0.0015261493387928998
0.15562499999999999,0.44687499999999997,0.00011269398096230879,-0.001524504712393743
0.15562499999999999,0.453125,0.00010708691047082196,-0.0015229749996255623
0.15562499999999999,0.459375,0.00010179009472630148,-0.001521551281666392
0.15562499999999999,0.46562499999999996,9.678433611331344e-05,-0.0015202254060617607
0.15562499999999999,0.47187499999999993,9.205176539970754e-05,-0.0015189899142179339
0.15562499999999999,0.47812499999999997,8.757573945345774e-05,-0.001517837976398545
0.15562499999999999,0.48437499999999994,8.33407476506499e-05,-0.0015167633333811603
0.15562499999999999,0.490625,7.933232616781412e-05,-0.0015157602440326213
0.15562499999999999,0.49687499999999996,7.553697943275174e-05,-0.001514823438151004
0.15562499999999999,0.5031249999999999,7.194210808026925e-05,-0.0015139480739995677
0.15562499999999999,0.5093749999999999,6.853594282380234e-05,-0.0015131297000257166
0.15562499999999999,0.515625,6.530748371164992e-05,-0.0015123642203171087
0.15562499999999999,0.5218749999999999,6.224644428821033e-05,-0.0015116478633987623
0.15562499999999999,0.528125,5.934320022689598e-05,-0.001510977154020324
0.15562499999999999,0.534375,5.6588742042895237e-05,-0.001510348887622413
0.15562499999999999,0.5406249999999999,5.397463153117315e-05,-0.0015097601072058806
0.15562499999999999,0.546875,5.149296160853273e-05,-0.0015092080823585362
0.15562499999999999,0.5531249999999999,4.913631926859864e-05,-0.0015086902902209439
0.15562499999999999,0.559375,4.689775138560204e-05,-0.0015082043981967475
0.15562499999999999,0.565625,4.4770733127172834e-05,-0.0015077482482340387
0.15562499999999999,0.5718749999999999,4.2749138758252786e-05,-0.0015073198425228928
0.15562499999999999,0.578125,4.082721463800284e-05,-0.001506917330470672
0.15562499999999999,0.5843749999999999,3.899955422940668e-05,-0.0015065389968312833
0.15562499999999999,0.590625,3.726107495736856e-05,-0.0015061832508775183
0.15562499999999999,0.596875,3.5606996765659965e-05,-0.001505848616517097
0.159375,0.0031249999999999997,-0.01859933610980719,-0.04116034905767716
0.159375,0.009375,-0.0099940779329953,-0.03823590759204464
0.159375,0.015625,-0.003964247744189344,-0.03413699562282659
0.159375,0.021875,7.349889342275499e-05,-0.029838834702654887
0.159375,0.028124999999999997,0.002674239426695533,-0.025800945738468115
0.159375,0.034374999999999996,0.00427353095381189,-0.022203345272954977
0.159375,0.040624999999999994,0.005188671762354563,-0.019087302173210488
0.159375,0.046875,0.005643395045244285,-0.016430428952927012
0.159375,0.05312499999999999,0.005793049434821977,-0.014184728793198115
0.159375,0.059375,0.0057446175089295535,-0.012295173788728396
0.159375,0.06562499999999999,0.005571352873187983,-0.010708332367019216
0.159375,0.071875,0.005323128477879211,-0.009375986099367597
0.159375,0.078125,0.005033652424669333,-0.008256270060361707
0.159375,0.08437499999999999,0.00472547335786326,-0.007313634461676488
0.159375,0.09062499999999998,0.004413447624668813,-0.006518290304426423
0.159375,0.09687499999999999,0.004107141260548232,-0.005845473438014439
0.159375,0.103125,0.0038124950682378957,-0.005274690515689474
0.159375,0.109375,0.003532979473922242,-0.004789021333476835
0.159375,0.11562499999999999,0.003270395575660917,-0.004374506153521333
0.159375,0.12187499999999998,0.003025430431321413,-0.004019623609448768
0.159375,0.128125,0.0027980413642134864,-0.003714853938679737
0.159375,0.13437499999999997,0.0025877211539274015,-0.003452317822572125
0.159375,0.140625,0.0023936801702649775,-0.003225479924950464
0.159375,0.14687499999999998,0.002214970572375629,-0.00302890662021735
0.159375,0.153125,0.0020505701114567686,-0.0028580684939683
0.159375,0.159375,0.0018994378026518152,-0.002709179512037151
0.159375,0.16562499999999997,0.001760550056561864,-0.002579066054111929
0.159375,0.171875,0.0016329232928501618,-0.002465060189275901
0.159375,0.17812499999999998,0.0015156272600700329,-0.002364912594655238
0.159375,0.18437499999999998,0.001407792023839366,-0.0022767213809069676
0.159375,0.190625,0.0013086106982631135,-0.0021988738018870625
0.159375,0.19687499999999997,0.0012173393708551162,-0.00212999840921553
0.159375,0.203125,0.0011332952309682834,-0.002068925685618596
0.159375,0.20937499999999998,0.0010558536013081017,-0.002014655572729315
0.159375,0.21562499999999998,0.000984444353233574,-0.0019663306161217114
0.159375,0.221875,0.0009185480323800761,-0.0019232136969138287
0.159375,0.22812499999999997,0.000857691912754623,-0.0018846695170840048
0.159375,0.234375,0.0008014461215033509,-0.0018501491643455868
0.159375,0.24062499999999998,0.0007494199235869968,-0.001819177209829125
0.159375,0.24687499999999996,0.0007012582189261123,-0.0017913408942098633
0.159375,0.253125,0.0006566382794382944,-0.0017662810403211195
0.159375,0.25937499999999997,0.0006152667364031514,-0.0017436843967247118
0.159375,0.265625,0.0005768768173500668,-0.00172327717036579
0.159375,0.271875,0.000541225824454945,-0.0017048195498671195
0.159375,0.27812499999999996,0.0005080928420343087,-0.0016881010562435584
0.159375,0.284375,0.00047727665826995423,-0.0016729365864550198
0.159375,0.29062499999999997,0.0004485938851677735,-0.0016591630385520515
0.159375,0.296875,0.00042187726051326886,-0.0016466364262288954
0.159375,0.303125,0.00039697411592522984,-0.0016352294062050602
0.159375,0.30937499999999996,0.00037374499581158116,-0.001624829154664928
0.159375,0.315625,0.0003520624129469256,-0.0016153355395226417
0.159375,0.32187499999999997,0.00033180972741607027,-0.0016066595439698818
0.159375,0.328125,0.0003128801367315891,-0.0015987219039481483
0.159375,0.334375,0.0002951757659896722,-0.0015914519281400024
0.159375,0.34062499999999996,0.00027860684794729255,-0.0015847864740179574
0.159375,0.34687499999999993,0.00026309098386699564,-0.001578669057605762
0.159375,0.35312499999999997,0.0002485524768733922,-0.0015730490780412286
0.159375,0.359375,0.0002349217303932898,-0.0015678811409019142
0.159375,0.365625,0.00022213470500865803,-0.0015631244666621839
0.159375,0.37187499999999996,0.00021013242774003932,-0.0015587423726722033
0.159375,0.37812499999999993,0.0001988605484008484,-0.0015547018187514444
0.159375,0.38437499999999997,0.00018826893822442096,-0.001550973007925054
0.159375,0.390625,0.00017831132647026156,-0.001547529035045055
0.159375,0.396875,0.00016894497116843075,-0.001544345577066295
0.159375,0.40312499999999996,0.0001601303605660998,-0.0015414006196194797
0.159375,0.40937499999999993,0.00015183094220246092,-0.0015386742152654724
0.159375,0.41562499999999997,0.0001440128768616637,-0.0015361482694471011
0.159375,0.421875,0.00013664481494218432,-0.0015338063506942102
0.159375,0.428125,0.00012969769303863672,-0.0015316335220990698
0.159375,0.43437499999999996,0.0001231445487618091,-0.0015296161914744825
0.159375,0.44062499999999993,0.00011696035202764078,-0.0015277419779461557
0.159375,0.44687499999999997,0.00011112185122863074,-0.0015259995930225073
0.159375,0.453125,0.00010560743286422597,-0.0015243787344362103
0.159375,0.459375,0.00010039699335222375,-0.0015228699912684033
0.159375,0.46562499999999996,9.547182187308923e-05,-0.001521464759053652
0.159375,0.47187499999999993,9.08144932150506e-05,-0.0015201551637257183
0.159375,0.47812499999999997,8.640876969143376e-05,-0.0015189339934045783
0.159375,0.48437499999999994,8.223951129430028e-05,-0.001517794637146977
0.159375,0.490625,7.829259333126714e-05,-0.0015167310298887784
0.159375,0.49687499999999996,7.45548308665002e-05,-0.0015157376028995802
0.159375,0.5031249999999999,7.101390935323085e-05,-0.0015148092391505054
0.159375,0.5093749999999999,6.765832090460715e-05,-0.0015139412330663026
0.159375,0.515625,6.447730570300344e-05,-0.0015131292541942802
0.159375,0.5218749999999999,6.146079809574456e-05,-0.0015123693143763667
0.159375,0.528125,5.859937696814791e-05,-0.0015116577380577115
0.159375,0.534375,5.58842200233775e-05,-0.0015109911354066236
0.159375,0.5406249999999999,5.330706163329507e-05,-0.0015103663779570033
0.159375,0.546875,5.086015395571604e-05,-0.0015097805765164386
0.159375,0.5531249999999999,4.853623104158872e-05,-0.0015092310611113297
0.159375,0.559375,4.632847568094267e-05,-0.0015087153627653025
0.159375,0.565625,4.4230488759299934e-05,-0.0015082311969291339
0.159375,0.5718749999999999,4.223626091685166e-05,-0.001507776448399859
0.159375,0.578125,4.0340146321321646e-05,-0.0015073491575839353
0.159375,0.5843749999999999,3.853683838226272e-05,-0.0015069475079745839
0.159375,0.590625,3.682134724974497e-05,-0.0015065698147269698
0.159375,0.596875,3.518897895417045e-05,-0.0015062145142268938
0.163125,0.0031249999999999997,-0.01979188179829258,-0.03543967841401396
0.163125,0.009375,-0.01198360415782057,-0.03387353854457988
0.163125,0.015625,-0.006191289766561427,-0.030970951985334352
0.163125,0.021875,-0.0020960251301810257,-0.02760674157680837
0.163125,0.028124999999999997,0.0006952220955624035,-0.02425888132883467
0.163125,0.034374999999999996,0.0025304383300879868,-0.021157389035205237
0.163125,0.040624999999999994,0.0036833402320900236,-0.018392852924814018
0.163125,0.046875,0.004357917720123863,-0.015982773278270395
0.163125,0.05312499999999999,0.004702103235539081,-0.013909092701517797
0.163125,0.059375,0.004821578362752938,-0.012138532421358894
0.163125,0.06562499999999999,0.004791143259157544,-0.010633225411537627
0.163125,0.071875,0.004663375974588594,-0.009356016715064234
0.163125,0.078125,0.004474996146648022,-0.008272883101558963
0.163125,0.08437499999999999,0.004251460155466198,-0.007353827316386816
0.163125,0.09062499999999998,0.004010249870280507,-0.006572991029185352
0.163125,0.09687499999999999,0.003763215836917608,-0.005908392383820012
0.163125,0.103125,0.003518243028038515,-0.005341506819313221
0.163125,0.109375,0.003280433681536199,-0.004856806059246653
0.163125,0.11562499999999999,0.0030529466755487454,-0.004441312777565719
0.163125,0.12187499999999998,0.002837592809183438,-0.00408419699192629
0.163125,0.128125,0.0026352566029275125,-0.003776423332478335
0.163125,0.13437499999999997,0.0024461947513876726,-0.0035104495925428786
0.163125,0.140625,0.0022702468242200118,-0.003279972770743056
0.163125,0.14687499999999998,0.0021069835079991534,-0.0030797171062729597
0.163125,0.153125,0.0019558103802728754,-0.0029052582225844916
0.163125,0.159375,0.0018160400292639158,-0.0027528777708137886
0.163125,0.16562499999999997,0.0016869416566244525,-0.002619443535976449
0.163125,0.171875,0.0015677746869058491,-0.0025023106374074547
0.163125,0.17812499999999998,0.001457811045901019,-0.0023992401170330347
0.163125,0.18437499999999998,0.00135634944195261,-0.002308331815832875
0.163125,0.190625,0.0012627240351971265,-0.002227968971119226
0.163125,0.19687499999999997,0.0011763092002989395,-0.002156772421731528
0.163125,0.203125,0.0010965216011617988,-0.0020935626895273235
0.163125,0.20937499999999998,0.001022820446502107,-0.002037328521682829
0.163125,0.21562499999999998,0.0009547065440024508,-0.0019872007383512766
0.163125,0.221875,0.0008917205902268941,-0.0019424304429775578
0.163125,0.22812499999999997,0.0008334410037098981,-0.001902370826026168
0.163125,0.234375,0.0007794815154111725,-0.0018664619340028105
0.163125,0.24062499999999998,0.0007294886638591477,-0.00183421789033892
0.163125,0.24687499999999996,0.0006831392944523405,-0.0018052161478828064
0.163125,0.253125,0.0006401381282671552,-0.0017790884284560838
0.163125,0.25937499999999997,0.0006002154415189076,-0.0017555130665046885
0.163125,0.265625,0.0005631248797828264,-0.0017342085239955404
0.163125,0.271875,0.0005286414192072314,-0.001714927884566243
0.163125,0.27812499999999996,0.0004965594787949963,-0.0016974541682906036
0.163125,0.284375,0.00046669118234233777,-0.0016815963357011403
0.163125,0.29062499999999997,0.00043886476504429903,-0.0016671858720594965
0.163125,0.296875,0.0004129231175516492,-0.0016540738612129137
0.163125,0.303125,0.0003887224589938214,-0.0016421284734668084
0.163125,0.30937499999999996,0.00036613112987709845,-0.0016312328043433541
0.163125,0.315625,0.00034502849561733145,-0.0016212830113714151
0.163125,0.32187499999999997,0.000325303951621437,-0.0016121867045588748
0.163125,0.328125,0.000306856021184025,-0.001603861553254246
0.163125,0.334375,0.00028959153793813665,-0.001596234077970113
0.163125,0.34062499999999996,0.00027342490513824813,-0.0015892386006276541
0.163125,0.34687499999999993,0.0002582774246219152,-0.001582816330761277
0.163125,0.35312499999999997,0.0002440766888680668,-0.0015769145686357184
0.163125,0.359375,0.00023075603012797017,-0.0015714860090896671
0.163125,0.365625,0.00021825402113838184,-0.0015664881323241935
0.163125,0.37187499999999996,0.00020651402242885154,-0.0015618826698782684
0.163125,0.37812499999999993,0.00019548377170309884,-0.0015576351357410312
0.163125,0.38437499999999997,0.00018511501120652195,-0.0015537144139935743
0.163125,0.390625,0.00017536314938835902,-0.0015500923955952223
0.163125,0.396875,0.00016618695352887646,-0.0015467436579663226
0.163125,0.40312499999999996,0.00015754827033092204,-0.001543645181901242
0.163125,0.40937499999999993,0.00014941177177326588,-0.0015407761010961807
0.163125,0.41562499999999997,0.00014174472379260478,-0.0015381174802172105
0.163125,0.421875,0.00013451677560417948,-0.0015356521179816902
0.163125,0.428125,0.00012769976768990343,-0.0015333643721952854
0.163125,0.43437499999999996,0.00012126755667988175,-0.0015312400040892237
0.163125,0.44062499999999993,0.00011519585553026601,-0.0015292660396481845
0.163125,0.44687499999999997,0.00010946208755943643,-0.0015274306459168523
0.163125,0.453125,0.00010404525304732409,-0.0015257230205297692
0.163125,0.459375,9.892580723087442e-05,-0.0015241332929307133
0.163125,0.46562499999999996,9.408554864371931e-05,-0.0015226524359394824
0.163125,0.47187499999999993,8.950751685139032e-05,-0.0015212721864899907
0.163125,0.47812499999999997,8.517589872610353e-05,-0.001519984974507631
0.163125,0.48437499999999994,8.107594248836697e-05,-0.0015187838590190036
0.163125,0.490625,7.719387881739309e-05,-0.001517662470696018
0.163125,0.49687499999999996,7.351684839943479e-05,-0.0015166149601312721
0.163125,0.5031249999999999,7.003283534348897e-05,-0.0015156359512244213
0.163125,0.5093749999999999,6.673060594805122e-05,-0.0015147204991316175
0.163125,0.515625,6.359965235138843e-05,-0.0015138640522934137
0.163125,0.5218749999999999,6.0630140641696125e-05,-0.0015130624181120087
0.163125,0.528125,5.7812863043033186e-05,-0.0015123117318973838
0.163125,0.534375,5.513919382853847e-05,-0.0015116084287446394
0.163125,0.5406249999999999,5.260104864452622e-05,-0.0015109492180424438
0.163125,0.546875,5.019084695801072e-05,-0.0015103310603456332
0.163125,0.5531249999999999,4.790147736633557e-05,-0.001509751146374195
0.163125,0.559375,4.5726265531172444e-05,-0.0015092068779266527
0.163125,0.565625,4.365894452047808e-05,-0.0015086958505186434
0.163125,0.5718749999999999,4.169362736126719e-05,-0.001508215837577647
0.163125,0.578125,3.9824781623502674e-05,-0.0015077647760426737
0.163125,0.5843749999999999,3.8047205871191476e-05,-0.001507340753233552
0.163125,0.590625,3.635600783107567e-05,-0.0015069419948685171
0.163125,0.596875,3.474658414227751e-05,-0.001506566854121293
0.166875,0.0031249999999999997,-0.020073979404758947,-0.03048613405428556
0.166875,0.009375,-0.013160276214409893,-0.02988515586173458
0.166875,0.015625,-0.0077713714675304215,-0.027933556109138346
0.166875,0.021875,-0.0037785786216862956,-0.025369587791771616
0.166875,0.028124999999999997,-0.0009272974471981083,-0.022647048113693582
0.166875,0.034374999999999996,0.0010446998542556138,-0.02001572078146185
0.166875,0.040624999999999994,0.002362440780254869,-0.01759719478237461
0.166875,0.046875,0.0032040466710332753,-0.01543849223700029
0.166875,0.05312499999999999,0.00370475626122467,-0.013545843139951823
0.166875,0.059375,0.003964868739652976,-0.011904729201354056
0.166875,0.06562499999999999,0.004057714543134979,-0.010491332204495142
0.166875,0.071875,0.004036392655798647,-0.009278848642946801
0.166875,0.078125,0.003939066640538769,-0.00824081653390831
0.166875,0.08437499999999999,0.00379297920535843,-0.007352736030422458
0.166875,0.09062499999999998,0.0036174358964634196,-0.006592735775209288
0.166875,0.09687499999999999,0.003425997854492316,-0.005941721638390355
0.166875,0.103125,0.0032280827345111686,-0.005383259013286392
0.166875,0.109375,0.0030301289411556144,-0.0049033312701135204
0.166875,0.11562499999999999,0.00283644024658179,-0.00449005360232157
0.166875,0.12187499999999998,0.002649797558828746,-0.004133384691598904
0.166875,0.128125,0.002471901492510047,-0.0038248574232233093
0.166875,0.13437499999999997,0.002303692158836085,-0.003557337871718978
0.166875,0.140625,0.002145579910506378,-0.003324815152835666
0.166875,0.14687499999999998,0.001997611518319085,-0.0031222212552560026
0.166875,0.153125,0.0018595895270950723,-0.0029452782922850685
0.166875,0.159375,0.0017311576596857104,-0.0027903699613540975
0.166875,0.16562499999999997,0.0016118616045002637,-0.002654433902613538
0.166875,0.171875,0.0015011919635748194,-0.0025348718358284036
0.166875,0.17812499999999998,0.0013986142849094533,-0.0024294746713777794
0.166875,0.18437499999999998,0.0013035897591447104,-0.002336360149279963
0.166875,0.190625,0.0012155891853940835,-0.0022539209132583565
0.166875,0.19687499999999997,0.0011341021022871322,-0.0021807812520062806
0.166875,0.203125,0.0010586424645028978,-0.002115761027556678
0.166875,0.20937499999999998,0.0009887518692478902,-0.0020578455590032447
0.166875,0.21562499999999998,0.0009240010629539391,-0.0020061604406078153
0.166875,0.221875,0.000863990258241116,-0.001959950450221525
0.166875,0.22812499999999997,0.0008083486448500093,-0.001918561851235357
0.166875,0.234375,0.000756733371242868,-0.0018814275132546503
0.166875,0.24062499999999998,0.0007088281953264555,-0.001848054377344686
0.166875,0.24687499999999996,0.0006643419455576701,-0.001818012874555725
0.166875,0.253125,0.0006230068919354057,-0.0017909279745579113
0.166875,0.25937499999999997,0.0005845770959498252,-0.0017664715971866306
0.166875,0.265625,0.0005488267864440726,-0.0017443561656831086
0.166875,0.271875,0.0005155487923358724,-0.001724329118210275
0.166875,0.27812499999999996,0.0004845530516254123,-0.0017061682253121562
0.166875,0.284375,0.00045566520788808366,-0.001689677586582901
0.166875,0.29062499999999997,0.0004287252996369035,-0.001674684200915216
0.166875,0.296875,0.0004035865438918188,-0.001661035022121137
0.166875,0.303125,0.0003801142125335533,-0.0016485944261252746
0.166875,0.30937499999999996,0.0003581845981955519,-0.001637242027863593
0.166875,0.315625,0.00033768406529887437,-0.0016268707959218376
0.166875,0.32187499999999997,0.0003185081811699318,-0.001617385421177551
0.166875,0.328125,0.00030056092185873383,-0.0016087009025630944
0.166875,0.334375,0.00028375394719233995,-0.0016007413187850892
0.166875,0.34062499999999996,0.00026800593967871514,-0.0015934387596154157
0.166875,0.34687499999999993,0.0002532420020650326,-0.0015867323943720107
0.166875,0.35312499999999997,0.00023939310861168664,-0.0015805676585667443
0.166875,0.359375,0.00022639560544019684,-0.0015748955425217296
0.166875,0.365625,0.00021419075562943463,-0.0015696719681341973
0.166875,0.37187499999999996,0.00020272432505593043,-0.0015648572419775868
0.166875,0.37812499999999993,0.00019194620529066462,-0.0015604155746239308
0.166875,0.38437499999999997,0.00018181007017023713,-0.0015563146575104387
0.166875,0.390625,0.000172273062950547,-0.0015525252898934614
0.166875,0.396875,0.00016329551122371295,-0.0015490210494704508
0.166875,0.40312499999999996,0.0001548406670327755,-0.0015457780011341776
0.166875,0.40937499999999993,0.00014687446985341116,-0.0015427744390774168
0.166875,0.41562499999999997,0.00013936533032776424,-0.0015399906581107388
0.166875,0.421875,0.0001322839328332092,-0.0015374087506078015
0.166875,0.428125,0.0001256030551493198,-0.001535012425965766
0.166875,0.43437499999999996,0.00011929740365059805,-0.0015327868498749848
0.166875,0.44062499999999993,0.00011334346260173647,-0.0015307185010419364
0.166875,0.44687499999999997,0.00010771935626748829,-0.0015287950433108813
0.166875,0.453125,0.00010240472267175031,-0.0015270052113899857
0.166875,0.459375,9.738059795129138e-05,-0.00152533870861268
0.166875,0.46562499999999996,9.262931034973813e-05,-0.0015237861153598838
0.166875,0.47187499999999993,8.813438298791672e-05,-0.0015223388069376927
0.166875,0.47812499999999997,8.388044462835233e-05,-0.0015209888798518932
0.166875,0.48437499999999994,7.985314772547981e-05,-0.0015197290855483013
0.166875,0.490625,7.603909311968039e-05,-0.0015185527707991069
0.166875,0.49687499999999996,7.242576079333333e-05,-0.0015174538240123612
0.166875,0.5031249999999999,6.900144616128679e-05,-0.0015164266268264442
0.166875,0.5093749999999999,6.575520141709489e-05,-0.0015154660104254177
0.166875,0.515625,6.267678150055301e-05,-0.0015145672160760282
0.166875,0.5218749999999999,5.9756594291966484e-05,-0.0015137258594440132
0.166875,0.528125,5.698565467463335e-05,-0.0015129378982972922
0.166875,0.534375,5.435554213960145e-05,-0.0015121996032475377
0.166875,0.5406249999999999,5.185836163620291e-05,-0.001511507531220248
0.166875,0.546875,4.9486707398508254e-05,-0.0015108585013775078
0.166875,0.5531249999999999,4.723362950194083e-05,-0.00151024957324766
0.166875,0.559375,4.509260292610601e-05,-0.0015096780268426483
0.166875,0.565625,4.305749891965349e-05,-0.0015091413445672607
0.166875,0.5718749999999999,4.1122558480892104e-05,-0.00150863719474528
0.166875,0.578125,3.928236778411312e-05,-0.0015081634166059597
0.166875,0.5843749999999999,3.753183539630539e-05,-0.0015077180065905822
0.166875,0.590625,3.58661711423091e-05,-0.0015072991058533664
0.166875,0.596875,3.428086648859786e-05,-0.001506904988843895
0.170625,0.0031249999999999997,-0.019759411515545604,-0.026262622917889302
0.170625,0.009375,-0.013730920415232903,-0.026318830759866633
0.170625,0.015625,-0.008826046357667922,-0.02509799633984965
0.170625,0.021875,-0.005040012579078254,-0.023197699233941823
0.170625,0.028124999999999997,-0.002226090775656672,-0.021023736066702242
0.170625,0.034374999999999996,-0.00019783787040943718,-0.018823617517083887
0.170625,0.040624999999999994,0.001221880525863553,-0.016734410566707533
0.170625,0.046875,0.002182869608714459,-0.014822845937650327
0.170625,0.05312499999999999,0.0028045537585057938,-0.013113560090458031
0.170625,0.059375,0.0031790018415094484,-0.011607384036446847
0.170625,0.06562499999999999,0.003375756168322671,-0.010292624446884207
0.170625,0.071875,0.0034466446321304257,-0.009151781641102403
0.170625,0.078125,0.003429925342674767,-0.0081654159722375
0.170625,0.08437499999999999,0.00335362517507614,-0.007314276851773566
0.170625,0.09062499999999998,0.0032381344322818992,-0.006580394233522649
0.170625,0.09687499999999999,0.003098181962807501,-0.005947563512750909
0.170625,0.103125,0.002944319805418373,-0.0054014858085873075
0.170625,0.109375,0.0027840303426887214,-0.0049297210565333715
0.170625,0.11562499999999999,0.002622547742694957,-0.004521547229739229
0.170625,0.12187499999999998,0.002463465369358462,-0.004167779941198655
0.170625,0.128125,0.0023091838873284774,-0.0038605830299771535
0.170625,0.13437499999999997,0.0021612412700321095,-0.003593286548107257
0.170625,0.140625,0.0020205554752400026,-0.003360220170314711
0.170625,0.14687499999999998,0.001887602632310207,-0.003156565185959621
0.170625,0.153125,0.0017625476486765146,-0.0029782255099142898
0.170625,0.159375,0.0016453397258963409,-0.002821716710494071
0.170625,0.16562499999999997,0.0015357820038451827,-0.0026840713725326203
0.170625,0.171875,0.0014335821349942943,-0.0025627588710924647
0.170625,0.17812499999999998,0.0013383888082733745,-0.002455617631281433
0.170625,0.18437499999999998,0.001249817928118003,-0.0023607980753569996
0.170625,0.190625,0.001167471185725234,-0.0022767146409080237
0.170625,0.19687499999999997,0.0010909490451837473,-0.0022020054539640937
0.170625,0.203125,0.001019859639874026,-0.002135498436790323
0.170625,0.20937499999999998,0.0009538246849806135,-0.0020761828109518753
0.170625,0.21562499999999998,0.00089248322385268,-0.002023185117313387
0.170625,0.221875,0.0008354938126486382,-0.0019757490148692163
0.170625,0.22812499999999997,0.0007825355896269698,-0.0019332182404963295
0.170625,0.234375,0.0007333085581995315,-0.0018950222136395794
0.170625,0.24062499999999998,0.0006875333258427852,-0.001860663855706074
0.170625,0.24687499999999996,0.0006449504763489324,-0.001829709265738345
0.170625,0.253125,0.000605319704919886,-0.0018017789538111
0.170625,0.25937499999999997,0.0005684188099922107,-0.001776540383409526
0.170625,0.265625,0.0005340426092670076,-0.001753701615425789
0.170625,0.271875,0.0005020018278574535,-0.0017330058807544682
0.170625,0.27812499999999996,0.00047212199201313135,-0.001714226936965479
0.170625,0.284375,0.0004442423512353142,-0.0016971650881837598
0.170625,0.29062499999999997,0.0004182148437923463,-0.0016816437669430432
0.170625,0.296875,0.0003939031149562327,-0.0016675065931000765
0.170625,0.303125,0.0003711815931702003,-0.0016546148384702253
0.170625,0.30937499999999996,0.00034993462641812184,-0.0016428452371503243
0.170625,0.315625,0.00033005567899790786,-0.0016320880909218448
0.170625,0.32187499999999997,0.00031144658747571895,-0.0016222456269999466
0.170625,0.328125,0.0002940168736466169,-0.0016132305719781794
0.170625,0.334375,0.0002776831117231428,-0.0016049649113339527
0.170625,0.34062499999999996,0.00026236834662139757,-0.001597378808487459
0.170625,0.34687499999999993,0.00024800156004366555,-0.001590409661295895
0.170625,0.35312499999999997,0.0002345171810146956,-0.0015840012771389275
0.170625,0.359375,0.00022185463757622614,-0.0015781031505123764
0.170625,0.365625,0.0002099579464522421,-0.0015726698293794731
0.170625,0.37187499999999996,0.00019877533764443858,-0.0015676603585027132
0.170625,0.37812499999999993,0.00018825891108788722,-0.0015630377896523333
0.170625,0.38437499999999997,0.00017836432267967964,-0.0015587687500080328
0.170625,0.390625,0.00016905049718034547,-0.0015548230612788812
0.170625,0.396875,0.00016027936567345442,-0.0015511734030958547
0.170625,0.40312499999999996,0.00015201562544918967,-0.0015477950151100942
0.170625,0.40937499999999993,0.00014422652035027623,-0.001544665432981104
0.170625,0.41562499999999997,0.00013688163978190374,-0.0015417642540822944
0.170625,0.421875,0.00012995273474035316,-0.0015390729293029142
0.170625,0.428125,0.00012341354935753804,-0.0015365745777993275
0.170625,0.43437499999999996,0.00011723966659062996,-0.001534253821956336
0.170625,0.44062499999999993,0.00011140836680758507,-0.0015320966401706432
0.170625,0.44687499999999997,0.00010589849813113372,-0.001530090235371848
0.170625,0.453125,0.0001006903575061618,-0.0015282229174585155
0.170625,0.459375,9.57655815489579e-05,-0.00152648399805383
0.170625,0.46562499999999996,9.110704632213827e-05,-0.001524863696182115
0.170625,0.47187499999999993,8.669877525678532e-05,-0.0015233530536383209
0.170625,0.47812499999999997,8.252585451404661e-05,-0.0015219438589711572
0.170625,0.48437499999999994,7.857435514270887e-05,-0.0015206285791298437
0.170625,0.490625,7.483126144762919e-05,-0.0015194002979372493
0.170625,0.49687499999999996,7.128440503689132e-05,-0.0015182526606506185
0.170625,0.5031249999999999,6.792240406362588e-05,-0.0015171798239571692
0.170625,0.5093749999999999,6.473460722204513e-05,-0.0015161764108271795
0.170625,0.515625,6.171104209679475e-05,-0.0015152374697132275
0.170625,0.5218749999999999,5.884236750059583e-05,-0.0015143584376422013
0.170625,0.528125,5.611982946768298e-05,-0.0015135351067976249
0.170625,0.534375,5.353522060005579e-05,-0.0015127635942346499
0.170625,0.5406249999999999,5.108084249032582e-05,-0.001512040314409528
0.170625,0.546875,4.8749470969235084e-05,-0.0015113619542401855
0.170625,0.5531249999999999,4.6534323947966e-05,-0.0015107254504452409
0.170625,0.559375,4.442903164537535e-05,-0.0015101279689359811
0.170625,0.565625,4.242760900846538e-05,-0.0015095668860598305
0.170625,0.5718749999999999,4.052443015091371e-05,-0.001509039771515146
0.170625,0.578125,3.871420464949633e-05,-0.0015085443727760554
0.170625,0.5843749999999999,3.699195555188268e-05,-0.0015080786008828087
0.170625,0.590625,3.535299896169323e-05,-0.0015076405174680174
0.170625,0.596875,3.379292507800971e-05,-0.0015072283229024042
0.174375,0.0031249999999999997,-0.019073810855960112,-0.022692173320152883
0.174375,0.009375,-0.013865075197515734,-0.023176628438565383
0.174375,0.015625,-0.009467079936947653,-0.02250184636761381
0.174375,0.021875,-0.005948062772521412,-0.02113786130433587
0.174375,0.028124999999999997,-0.003239523686102004,-0.019432847327639825
0.174375,0.034374999999999996,-0.0012172901919859612,-0.017617955009788723
0.174375,0.040624999999999994,0.0002523907873346059,-0.015833848115262377
0.174375,0.046875,0.001291331332316284,-0.014158532442588209
0.174375,0.05312499999999999,0.0020018496055284035,-0.012629524387826302
0.174375,0.059375,0.0024660795753040244,-0.011259539092131308
0.174375,0.06562499999999999,0.0027481534763309323,-0.010046898787602565
0.174375,0.071875,0.002897254533498894,-0.008982156781054086
0.174375,0.078125,0.0029506350352386766,-0.008052176657328464
0.174375,0.08437499999999999,0.0029362504939444483,-0.00724256215234385
0.174375,0.09062499999999998,0.0028749220653861906,-0.006539044197628746
0.174375,0.09687499999999999,0.002782051480304226,-0.005928221937423768
0.174375,0.103125,0.002668952880633728,-0.005397911959117529
0.174375,0.109375,0.002543873436846183,-0.004937266259311098
0.174375,0.11562499999999999,0.0024127686529311506,-0.004536759003610421
0.174375,0.12187499999999998,0.0022798878661040474,-0.00418810358198768
0.174375,0.128125,0.002148214623514198,-0.0038841370877869784
0.174375,0.13437499999999997,0.002019796958171266,-0.0036186940652959097
0.174375,0.140625,0.0018959945609022585,-0.0033864818776350994
0.174375,0.14687499999999998,0.0017776634359153928,-0.003182964222756858
0.174375,0.153125,0.0016652936296158614,-0.0030042558145901717
0.174375,0.159375,0.0015591117835346425,-0.002847029184589747
0.174375,0.16562499999999997,0.001459157342776188,-0.0027084333968784213
0.174375,0.171875,0.0013653390454954823,-0.0025860238598717222
0.174375,0.17812499999999998,0.0012774766592068153,-0.0024777021393023848
0.174375,0.18437499999999998,0.0011953316842695891,-0.002381664594391873
0.174375,0.190625,0.0011186298117210288,-0.002296358685121059
0.174375,0.19687499999999997,0.0010470772239346132,-0.0022204458817539673
0.174375,0.203125,0.0009803723035299136,-0.0021527702164506448
0.174375,0.20937499999999998,0.0009182139242865831,-0.0020923316325373686
0.174375,0.21562499999999998,0.0008603072043607868,-0.0020382633994843555
0.174375,0.221875,0.0008063673820759563,-0.001989812965556277
0.174375,0.22812499999999997,0.0007561223094521767,-0.0019463257131266682
0.174375,0.234375,0.0007093139346369902,-0.001907231163207552
0.174375,0.24062499999999998,0.0006656990511959413,-0.0018720312462340138
0.174375,0.24687499999999996,0.0006250495221155138,-0.00184029031644946
0.174375,0.253125,0.0005871521336108913,-0.0018116266384600303
0.174375,0.25937499999999997,0.0005518081941113446,-0.0017857051178104127
0.174375,0.265625,0.0005188329638922296,-0.0017622310838753023
0.174375,0.271875,0.00048805497831540425,-0.001740944963965451
0.174375,0.27812499999999996,0.00045931531071189796,-0.0017216177132075262
0.174375,0.284375,0.0004324668082247046,-0.0017040468862507894
0.174375,0.29062499999999997,0.0004073733243954966,-0.0016880532548494498
0.174375,0.296875,0.000383908965149705,-0.001673477890436404
0.174375,0.303125,0.00036195735952276203,-0.0016601796434225797
0.174375,0.30937499999999996,0.0003414109625322606,-0.001648032961530184
0.174375,0.315625,0.00032217039470025196,-0.0016369259983361345
0.174375,0.32187499999999997,0.0003041438206120546,-0.0016267589706462494
0.174375,0.328125,0.0002872463673696545,-0.0016174427295768902
0.174375,0.334375,0.00027139958271245725,-0.0016088975154846957
0.174375,0.34062499999999996,0.0002565309318245913,-0.0016010518713200222
0.174375,0.34687499999999993,0.00024257333134182333,-0.0015938416927213403
0.174375,0.35312499999999997,0.0002294647187484174,-0.0015872093963290904
0.174375,0.359375,0.00021714765516651539,-0.0015811031904723512
0.174375,0.365625,0.00020556895945116714,-0.0015754764346483131
0.174375,0.37187499999999996,0.00019467937148533266,-0.001570287076138303
0.174375,0.37812499999999993,0.0001844332426001881,-0.001565497153739294
0.174375,0.38437499999999997,0.00017478825111129194,-0.0015610723599819515
0.174375,0.390625,0.0001657051410489581,-0.0015569816543932779
0.174375,0.396875,0.00015714748226292155,-0.0015531969213756242
0.174375,0.40312499999999996,0.00014908145019073494,-0.0015496926671408917
0.174375,0.40937499999999993,0.00014147562369169742,-0.0015464457508815122
0.174375,0.41562499999999997,0.0001343007994602204,-0.0015434351459970642
0.174375,0.421875,0.00012752982164206762,-0.0015406417277429912
0.174375,0.428125,0.00012113742538232614,-0.0015380480841391342
0.174375,0.43437499999999996,0.0001151000931342617,-0.0015356383473819676
0.174375,0.44062499999999993,0.00010939592265280147,-0.0015333980433549998
0.174375,0.44687499999999997,0.00010400450568495988,-0.0015313139571348643
0.174375,0.453125,9.89068164520251e-05,-0.0015293740126529594
0.174375,0.459375,9.40851090948036e-05,-0.0015275671648999284
0.174375,0.46562499999999996,8.95228233238829e-05,-0.001525883303257709
0.174375,0.47187499999999993,8.520449758195247e-05,-0.0015243131647155155
0.174375,0.47812499999999997,8.111568908502756e-05,-0.0015228482558755393
0.174375,0.48437499999999994,7.724290016426336e-05,-0.0015214807827843885
0.174375,0.490625,7.357351038026145e-05,-0.0015202035877399888
0.174375,0.49687499999999996,7.009571392769092e-05,-0.0015190100923230157
0.174375,0.5031249999999999,6.679846188998577e-05,-0.0015178942459888884
0.174375,0.5093749999999999,6.367140894216668e-05,-0.0015168504796325495
0.174375,0.515625,6.0704864134750254e-05,-0.001515873663605095
0.174375,0.5218749999999999,5.788974542354172e-05,-0.00151495906972004
0.174375,0.528125,5.52175376391162e-05,-0.0015141023368386477
0.174375,0.534375,5.2680253616226114e-05,-0.0015132994396692104
0.174375,0.5406249999999999,5.027039822744483e-05,-0.001512546660455265
0.174375,0.546875,4.798093508729213e-05,-0.001511840563263093
0.174375,0.5531249999999999,4.580525571306194e-05,-0.0015111779706101158
0.174375,0.559375,4.373715094676991e-05,-0.001510555942203437
0.174375,0.565625,4.177078445922136e-05,-0.001509971755582278
0.174375,0.5718749999999999,3.990066817230451e-05,-0.0015094228884797345
0.174375,0.578125,3.812163944938635e-05,-0.0015089070027385586
0.174375,0.5843749999999999,3.64288399162417e-05,-0.0015084219296327694
0.174375,0.590625,3.4817695786391484e-05,-0.0015079656564621028
0.174375,0.596875,3.3283899575172836e-05,-0.0015075363142998627
0.178125,0.0031249999999999997,-0.018173189185321043,-0.01968571665948372
0.178125,0.009375,-0.013694957405957319,-0.0204343063416043
0.178125,0.015625,-0.009790892253464039,-0.02015751766645616
0.178125,0.021875,-0.006566823872259551,-0.01921784373765393
0.178125,0.028124999999999997,-0.0040074833825479664,-0.017905407812631134
0.178125,0.034374999999999996,-0.0020370539894429586,-0.0164274008250384
0.178125,0.040624999999999994,-0.0005587987183644863,-0.014919823203200119
0.178125,0.046875,0.0005232517656299311,-0.013465263753853854
0.178125,0.05312499999999999,0.0012944151219925768,-0.012109309508246919
0.178125,0.059375,0.0018261512150420103,-0.0108733125502793
0.178125,0.06562499999999999,0.0021761949036115387,-0.009763499454123654
0.178125,0.071875,0.0023901175410914934,-0.00877714066859394
0.178125,0.078125,0.0025033213793986186,-0.007906578235272766
0.178125,0.08437499999999999,0.0025429946574485386,-0.0071417750106547925
0.178125,0.09062499999999998,0.0025298338345138517,-0.006471876786621479
0.178125,0.09687499999999999,0.002479478458430255,-0.005886130978361558
0.178125,0.103125,0.0024036680824583378,-0.00537439436180516
0.178125,0.109375,0.0023111560214614307,-0.004927383796407199
0.178125,0.11562499999999999,0.0022084213228428175,-0.004536770270717973
0.178125,0.12187499999999998,0.002100218431660306,-0.0041951807859827266
0.178125,0.128125,0.001989998853412634,-0.0038961489786132493
0.178125,0.13437499999999997,0.0018802331681474606,-0.003634039976381983
0.178125,0.140625,0.0017726561432140151,-0.0034039650248633055
0.178125,0.14687499999999998,0.001668452851311448,-0.003201695045840001
0.178125,0.153125,0.0015683997144707636,-0.003023578255656684
0.178125,0.159375,0.0014729712049785806,-0.0028664644575254906
0.178125,0.16562499999999997,0.001382420428331041,-0.002727637087742125
0.178125,0.171875,0.0012968398684115776,-0.0026047531884498846
0.178125,0.17812499999999998,0.0012162070780089114,-0.0024957909688966265
0.178125,0.18437499999999998,0.0011404189518376818,-0.002399004353873296
0.178125,0.190625,0.001069317345307154,-0.0023128838060276495
0.178125,0.19687499999999997,0.0010027081374261071,-0.002236122686476827
0.178125,0.203125,0.0009403753311527367,-0.0021675884466183827
0.178125,0.20937499999999998,0.0008820914010835143,-0.0021062979989109197
0.178125,0.21562499999999998,0.000827624807383825,-0.0020513966807489607
0.178125,0.221875,0.0007767453739853036,-0.002002140294522059
0.178125,0.22812499999999997,0.0007292280613494695,-0.0019578797734880987
0.178125,0.234375,0.0006848555366616412,-0.0019180480845659132
0.178125,0.24062499999999998,0.0006434198474311813,-0.0018821490343945543
0.178125,0.24687499999999996,0.0006047234307606906,-0.0018497476937247913
0.178125,0.253125,0.0005685796344277653,-0.0018204621976114972
0.178125,0.25937499999999997,0.0005348128831741312,-0.0017939567154359585
0.178125,0.265625,0.0005032585910184085,-0.0017699354160952661
0.178125,0.271875,0.0004737628955743586,-0.0017481372803739223
0.178125,0.27812499999999996,0.00044618227142478975,-0.0017283316351644005
0.178125,0.284375,0.00042038306517329317,-0.0017103143033879843
0.178125,0.29062499999999997,0.0003962409838070872,-0.0016939042796877755
0.178125,0.296875,0.0003736405596436819,-0.001678940855665504
0.178125,0.303125,0.0003524746087833727,-0.0016652811299978946
0.178125,0.30937499999999996,0.0003326436951764245,-0.0016527978485280268
0.178125,0.315625,0.0003140556087771792,-0.0016413775276651853
0.178125,0.32187499999999997,0.0002966248635208014,-0.0016309188213831924
0.178125,0.328125,0.00028027221881024014,-0.0016213310979851442
0.178125,0.334375,0.0002649242266788873,-0.001612533197772966
0.178125,0.34062499999999996,0.0002505128056737288,-0.0016044523469672715
0.178125,0.34687499999999993,0.00023697484168891663,-0.0015970232067875879
0.178125,0.35312499999999997,0.0002242518153971498,-0.0015901870396266382
0.178125,0.359375,0.0002122894555196576,-0.001583890976820249
0.178125,0.365625,0.0002010374169016245,-0.0015780873746979879
0.178125,0.37187499999999996,0.00019044898218535062,-0.0015727332474588485
0.178125,0.37812499999999993,0.0001804807857728503,-0.0015677897670014083
0.178125,0.38437499999999997,0.00017109255872346162,-0.001563221821191249
0.178125,0.390625,0.0001622468932254935,-0.0015589976232054468
0.178125,0.396875,0.00015390902530264383,-0.001555088365584568
0.178125,0.40312499999999996,0.0001460466344572859,-0.0015514679134719083
0.178125,0.40937499999999993,0.0001386296590072477,-0.0015481125322489302
0.178125,0.41562499999999997,0.00013163012593553377,-0.0015450006454028277
0.178125,0.421875,0.0001250219941399408,-0.0015421126190019896
0.178125,0.428125,0.00011878101003901508,-0.0015394305696205925
0.178125,0.43437499999999996,0.0001128845745603729,-0.0015369381929554672
0.178125,0.44062499999999993,0.00010731162060565803,-0.0015346206107258896
0.178125,0.44687499999999997,0.00010204250015239321,-0.0015324642337478198
0.178125,0.453125,9.705888021606496e-05,-0.0015304566393350074
0.178125,0.459375,9.23436469555535e-05,-0.0015285864614058538
0.178125,0.46562499999999996,8.788081726128285e-05,-0.001526843291871839
0.178125,0.47187499999999993,8.365545721811746e-05,-0.001525217592054725
0.178125,0.47812499999999997,7.965360688409883e-05,-0.0015237006130291587
0.178125,0.48437499999999994,7.586221087166114e-05,-0.0015222843239176879
0.178125,0.490625,7.226905426012701e-05,-0.0015209613472791845
0.178125,0.49687499999999996,6.886270340721273e-05,-0.0015197249008313525
0.178125,0.5031249999999999,6.563245126313824e-05,-0.0015185687448353766
0.178125,0.5093749999999999,6.256826682393789e-05,-0.0015174871345473764
0.178125,0.515625,5.966074839087759e-05,-0.001516474777208632
0.178125,0.5218749999999999,5.6901080330699554e-05,-0.0015155267931057058
0.178125,0.528125,5.4280993056914426e-05,-0.0015146386802836747
0.178125,0.534375,5.1792725975724145e-05,-0.0015138062825415775
0.178125,0.5406249999999999,4.942899316154272e-05,-0.0015130257603796916
0.178125,0.546875,4.71829515466599e-05,-0.00151229356460401
0.178125,0.5531249999999999,4.50481714274987e-05,-0.0015116064123249322
0.178125,0.559375,4.3018609106295384e-05,-0.001510961265115168
0.178125,0.565625,4.1088581502012893e-05,-0.001510355309116679
0.178125,0.5718749999999999,3.92527425779929e-05,-0.001509785936908475
0.178125,0.578125,3.7506061446379604e-05,-0.0015092507309666468
0.178125,0.5843749999999999,3.58438020208036e-05,-0.001508747448565366
0.178125,0.590625,3.4261504099288235e-05,-0.0015082740079830647
0.178125,0.596875,3.2754965768927604e-05,-0.0015078284758917565
0.18187499999999998,0.0031249999999999997,-0.01716232677540979,-0.01715651954438454
0.18187499999999998,0.009375,-0.013320179887786155,-0.018054777369312675
0.18187499999999998,0.015625,-0.00987711615944186,-0.01806101552348721
0.18187499999999998,0.021875,-0.00695369222229129,-0.017451062351918206
0.18187499999999998,0.028124999999999997,-0.0045685535890345845,-0.016461673262506183
0.18187499999999998,0.034374999999999996,-0.0026816870669627403,-0.015273167419600801
0.18187499999999998,0.040624999999999994,-0.0012265046300054187,-0.0140117359976864
0.18187499999999998,0.046875,-0.0001297199652095128,-0.012759619879795863
0.18187499999999998,0.05312499999999999,0.0006780484910385758,-0.011566552579338873
0.18187499999999998,0.059375,0.0012575958550898663,-0.010459665537103226
0.18187499999999998,0.06562499999999999,0.0016598082607783284,-0.00945111158657549
0.18187499999999998,0.071875,0.0019260447011995247,-0.008543553524414995
0.18187499999999998,0.078125,0.0020892576133304873,-0.007733946547407552
0.18187499999999998,0.08437499999999999,0.002175332269901446,-0.007016060260067873
0.18187499999999998,0.09062499999999998,0.002204388584760519,-0.006382111547125348
0.18187499999999998,0.09687499999999999,0.002191935201737787,-0.005823789129581411
0.18187499999999998,0.103125,0.002149842288238173,-0.005332871392294562
0.18187499999999998,0.109375,0.002087136673384696,-0.004901577665665562
0.18187499999999998,0.11562499999999999,0.002010638927038345,-0.0045227483749446466
0.18187499999999998,0.12187499999999998,0.0019254669576303778,-0.004189917954677022
0.18187499999999998,0.128125,0.0018354303807595835,-0.0038973227232106658
0.18187499999999998,0.13437499999999997,0.0017433373024710846,-0.0036398711920874838
0.18187499999999998,0.140625,0.001651231824457596,-0.003413094415875402
0.18187499999999998,0.14687499999999998,0.0015605772643120925,-0.0032130874369961883
0.18187499999999998,0.153125,0.0014723971172994153,-0.0030364485745624716
0.18187499999999998,0.159375,0.0013873832729954707,-0.002880220507568152
0.18187499999999998,0.16562499999999997,0.0013059789405405382,-0.0027418353080328707
0.18187499999999998,0.171875,0.0012284420838966903,-0.0026190644490630428
0.18187499999999998,0.17812499999999998,0.0011548938616706473,-0.0025099741180436242
0.18187499999999998,0.18437499999999998,0.0010853555426038623,-0.0024128857538593326
0.18187499999999998,0.190625,0.0010197765717373686,-0.0023263414978381323
0.18187499999999998,0.19687499999999997,0.0009580558459333126,-0.0022490741340503253
0.18187499999999998,0.203125,0.0009000577818152937,-0.0021799810517219506
0.18187499999999998,0.20937499999999998,0.000845624392928864,-0.0021181017622084993
0.18187499999999998,0.21562499999999998,0.0007945843112449313,-0.002062598526789745
0.18187499999999998,0.221875,0.0007467594716516632,-0.002012739687789456
0.18187499999999998,0.22812499999999997,0.0007019700117551364,-0.001967885336921082
0.18187499999999998,0.234375,0.0006600378115081119,-0.0019274749969259177
0.18187499999999998,0.24062499999999998,0.000620788998957863,-0.0018910170329806816
0.18187499999999998,0.24687499999999996,0.0005840556728714318,-0.0018580795476717136
0.18187499999999998,0.253125,0.0005496770348853292,-0.001828282546969553
0.18187499999999998,0.25937499999999997,0.0005175000790934481,-0.0018012911944482203
0.18187499999999998,0.265625,0.00048737995253347465,-0.0017768099970980075
0.18187499999999998,0.271875,0.0004591800734836725,-0.0017545777887413723
0.18187499999999998,0.27812499999999996,0.0004327720740174712,-0.0017343633966072154
0.18187499999999998,0.284375,0.0004080356174855206,-0.0017159618933983972
0.18187499999999998,0.29062499999999997,0.00038485812943043926,-0.0016991913515426024
0.18187499999999998,0.296875,0.00036313447106336104,-0.0016838900285674877
0.18187499999999998,0.303125,0.00034276657720854587,-0.0016699139229778238
0.18187499999999998,0.30937499999999996,0.00032366307506347905,-0.0016571346488935931
0.18187499999999998,0.315625,0.00030573889584975116,-0.0016454375852605384
0.18187499999999998,0.32187499999999997,0.0002889148881531074,-0.0016347202618653925
0.18187499999999998,0.328125,0.00027311743924420304,-0.0016248909498466865
0.18187499999999998,0.334375,0.0002582781087604762,-0.001615867429034011
0.18187499999999998,0.34062499999999996,0.0002443332776791741,-0.0016075759083979595
0.18187499999999998,0.34687499999999993,0.0002312238144173417,-0.0015999500792551731
0.18187499999999998,0.35312499999999997,0.00021889475907532584,-0.0015929302837374793
0.18187499999999998,0.359375,0.0002072950262331155,-0.0015864627834768672
0.18187499999999998,0.365625,0.00019637712626473458,-0.001580499115543124
0.18187499999999998,0.37187499999999996,0.0001860969048169792,-0.0015749955244526077
0.18187499999999998,0.37812499999999993,0.00017641329987558592,-0.0015699124605907237
0.18187499999999998,0.38437499999999997,0.00016728811569156167,-0.0015652141366959533
0.18187499999999998,0.390625,0.00015868581274519167,-0.001560868135172457
0.18187499999999998,0.396875,0.00015057331287141498,-0.0015568450599591469
0.18187499999999998,0.40312499999999996,0.00014291981864722198,-0.0015531182275090568
0.18187499999999998,0.40937499999999993,0.00013569664614127358,-0.0015496633921436788
0.18187499999999998,0.41562499999999997,0.00012887707014178044,-0.0015464585016595777
0.18187499999999998,0.421875,0.00012243618100595956,-0.0015434834795931922
0.18187499999999998,0.428125,0.00011635075230943111,-0.0015407200310064751
0.18187499999999998,0.43437499999999996,0.00011059911851392067,-0.0015381514690511716
0.18187499999999998,0.44062499999999993,0.00010516106191449113,-0.0015357625599118096
0.18187499999999998,0.44687499999999997,0.00010001770817165966,-0.0015335393840243852
0.18187499999999998,0.453125,9.515142977802179e-05,-0.0015314692117255554
0.18187499999999998,0.459375,9.054575685254394e-05,-0.0015295403917113869
0.18187499999999998,0.46562499999999996,8.618529469793414e-05,-0.0015277422508799224
0.18187499999999998,0.47187499999999993,8.205564759702947e-05,-0.0015260650043020293
0.18187499999999998,0.47812499999999997,7.814334836271124e-05,-0.0015244996742135506
0.18187499999999998,0.48437499999999994,7.443579319230395e-05,-0.0015230380170516067
0.18187499999999998,0.490625,7.092118141167765e-05,-0.0015216724576714983
0.18187499999999998,0.49687499999999996,6.758845972633288e-05,-0.0015203960299801865
0.18187499999999998,0.5031249999999999,6.44272706266388e-05,-0.001519202323309608
0.18187499999999998,0.5093749999999999,6.142790462218556e-05,-0.0015180854339297413
0.18187499999999998,0.515625,5.858125600597765e-05,-0.001517039921168727
0.18187499999999998,0.5218749999999999,5.5878781873040287e-05,-0.0015160607676666532
0.18187499999999998,0.528125,5.331246414003552e-05,-0.0015151433433418784
0.18187499999999998,0.534375,5.087477433280814e-05,-0.0015142833726948736
0.18187499999999998,0.5406249999999999,4.855864092749663e-05,-0.0015134769051152659
0.18187499999999998,0.546875,4.6357419048081876e-05,-0.001512720287893762
0.18187499999999998,0.5531249999999999,4.426486233909456e-05,-0.0015120101416724874
0.18187499999999998,0.559375,4.227509684676839e-05,-0.0015113433380954822
0.18187499999999998,0.565625,4.0382596755313934e-05,-0.0015107169794461315
0.18187499999999998,0.5718749999999999,3.858216183727537e-05,-0.0015101283800805182
0.18187499999999998,0.578125,3.686889648821756e-05,-0.001509575049485426
0.18187499999999998,0.5843749999999999,3.523819022634909e-05,-0.0015090546768072883
0.18187499999999998,0.590625,3.368569954718849e-05,-0.0015085651167140036
0.18187499999999998,0.596875,3.220733103210762e-05,-0.0015081043764654837
0.18562499999999998,0.0031249999999999997,-0.016109851839830415,-0.015026603855954604
0.18562499999999998,0.009375,-0.012813926415513727,-0.015996524325243157
0.18562499999999998,0.015625,-0.0097895038441346,-0.016198564807117437
0.18562499999999998,0.021875,-0.007158108357139853,-0.015840730783995945
0.18562499999999998,0.028124999999999997,-0.004958277974863772,-0.015113368931347302
0.18562499999999998,0.034374999999999996,-0.0031753662344366942,-0.014170061461188177
0.18562499999999998,0.040624999999999994,-0.0017664137101247267,-0.013124465590547713
0.18562499999999998,0.046875,-0.0006772714143379131,-0.012055116396185922
0.18562499999999998,0.05312499999999999,0.0001471428878331131,-0.011012876043039454
0.18562499999999998,0.059375,0.0007574998413926542,-0.0100282710183818
0.18562499999999998,0.06562499999999999,0.0011978070257232605,-0.00911762205532861
0.18562499999999998,0.071875,0.00150492112545616,-0.008287741336412299
0.18562499999999998,0.078125,0.001708964425840644,-0.007539343934091485
0.18562499999999998,0.08437499999999999,0.0018341346981264129,-0.006869433828604853
0.18562499999999998,0.09062499999999998,0.0018996258049313597,-0.006272923173798222
0.18562499999999998,0.09687499999999999,0.0019205151520799066,-0.005743700888017313
0.18562499999999998,0.103125,0.0019085538883362974,-0.005275316717223522
0.18562499999999998,0.109375,0.0018728391911085364,-0.004861402618657652
0.18562499999999998,0.11562499999999999,0.0018203700743053865,-0.004495918169386505
0.18562499999999998,0.12187499999999998,0.001756498211305454,-0.004173280407346744
0.18562499999999998,0.128125,0.0016852888102616439,-0.003888419509885052
0.18562499999999998,0.13437499999999997,0.0016098067965622785,-0.0036367882912737032
0.18562499999999998,0.140625,0.001532342230374301,-0.0034143441689506006
0.18562499999999998,0.14687499999999998,0.0014545869786951077,-0.0032175158406007936
0.18562499999999998,0.153125,0.0013777726663969634,-0.003043162560456773
0.18562499999999998,0.159375,0.0013027780836231545,-0.0028885309744862663
0.18562499999999998,0.16562499999999997,0.001230212620562475,-0.002751212524828824
0.18562499999999998,0.171875,0.0011604809548211087,-0.002629103152315573
0.18562499999999998,0.17812499999999998,0.0010938331157947447,-0.0025203661963185634
0.18562499999999998,0.18437499999999998,0.0010304031644700192,-0.0024233988651214023
0.18562499999999998,0.190625,0.00097023902198612,-0.002336802326064198
0.18562499999999998,0.19687499999999997,0.0009133254235637382,-0.0022593552739744293
0.18562499999999998,0.203125,0.000859601537295693,-0.0021899907322794265
0.18562499999999998,0.20937499999999998,0.0008089744454471134,-0.0021277757924278535
0.18562499999999998,0.21562499999999998,0.0007613294193006557,-0.0020718939829714724
0.18562499999999998,0.221875,0.0007165377110266477,-0.002021629966092354
0.18562499999999998,0.22812499999999997,0.0006744624246636204,-0.001976356277500869
0.18562499999999998,0.234375,0.0006349629028753565,-0.0019355218496846026
0.18562499999999998,0.24062499999999998,0.0005978979687126704,-0.0018986420848115476
0.18562499999999998,0.24687499999999996,0.000563128285907242,-0.0018652902699585552
0.18562499999999998,0.253125,0.0005305180423988169,-0.0018350901524567887
0.18562499999999998,0.25937499999999997,0.0004999361160681855,-0.0018077095163325633
0.18562499999999998,0.265625,0.0004712568460854124,-0.0017828546217705024
0.18562499999999998,0.271875,0.000444360505613356,-0.0017602653881696093
0.18562499999999998,0.27812499999999996,0.00041913355006913713,-0.0017397112177752012
0.18562499999999998,0.284375,0.00039546869837569446,-0.0017209873712021946
0.18562499999999998,0.29062499999999997,0.0003732648915732141,-0.0017039118186068431
0.18562499999999998,0.296875,0.00035242716298469116,-0.0016883225010162377
0.18562499999999998,0.303125,0.000332866446203552,-0.0016740749455863282
0.18562499999999998,0.30937499999999996,0.0003144993409985112,-0.0016610401865173525
0.18562499999999998,0.315625,0.00029724785242634814,-0.001649102950181999
0.18562499999999998,0.32187499999999997,0.00028103911470693413,-0.0016381600688703626
0.18562499999999998,0.328125,0.00026580510851283753,-0.0016281190925632424
0.18562499999999998,0.334375,0.00025148237807574755,-0.0016188970724308755
0.18562499999999998,0.34062499999999996,0.00023801175277138385,-0.0016104194934216112
0.18562499999999998,0.34687499999999993,0.0002253380765021638,-0.0016026193364439617
0.18562499999999998,0.35312499999999997,0.0002134099471656507,-0.0015954362533329796
0.18562499999999998,0.359375,0.00020217946770852472,-0.0015888158400941196
0.18562499999999998,0.365625,0.00019160200966714176,-0.0015827089958911553
0.18562499999999998,0.37187499999999996,0.00018163598964484104,-0.001577071356937587
0.18562499999999998,0.37812499999999993,0.00017224265884022375,-0.001571862795904368
0.18562499999999998,0.38437499999999997,0.00016338590549395257,-0.0015670469787057782
0.18562499999999998,0.390625,0.00015503206994404227,-0.0015625909715996159
0.18562499999999998,0.396875,0.0001471497718553248,-0.0015584648924630165
0.18562499999999998,0.40312499999999996,0.00013970974910539592,-0.001554641600902637
0.18562499999999998,0.40937499999999993,0.00013268470775718336,-0.0015510964225461264
0.18562499999999998,0.41562499999999997,0.0001260491825197471,-0.0015478069034563344
0.18562499999999998,0.421875,0.00011977940708810684,-0.001544752591123932
0.18562499999999998,0.428125,0.00011385319375518398,-0.0015419148389394302
0.18562499999999998,0.43437499999999996,0.00010824982170076263,-0.0015392766314316045
0.18562499999999998,0.44062499999999993,0.00010294993338094924,-0.0015368224278944542
0.18562499999999998,0.44687499999999997,9.793543846479646e-05,-0.0015345380223159913
0.18562499999999998,0.453125,9.3189424790932e-05,-0.0015324104177755257
0.18562499999999998,0.459375,8.869607584493841e-05,-0.0015304277136968052
0.18562499999999998,0.46562499999999996,8.444059428693569e-05,-0.001528579004536825
0.18562499999999998,0.47187499999999993,8.040913108761964e-05,-0.0015268542886581905
0.18562499999999998,0.47812499999999997,7.65887198593979e-05,-0.0015252443862798044
0.18562499999999998,0.48437499999999994,7.296721599686991e-05,-0.001523740865529232
0.18562499999999998,0.490625,6.953324026746602e-05,-0.001522335975732733
0.18562499999999998,0.49687499999999996,6.627612651842375e-05,-0.001521022587177773
0.18562499999999998,0.5031249999999999,6.318587319033022e-05,-0.0015197941366695985
0.18562499999999998,0.5093749999999999,6.025309835015033e-05,-0.0015186445782797572
0.18562499999999998,0.515625,5.7468997977974205e-05,-0.0015175683387515801
0.18562499999999998,0.5218749999999999,5.482530726166023e-05,-0.0015165602770868254
0.18562499999999998,0.528125,5.231426467216377e-05,-0.0015156156478898512
0.18562499999999998,0.534375,4.9928578609667314e-05,-0.0015147300680917752
0.18562499999999998,0.5406249999999999,4.76613964267146e-05,-0.0015138994867178155
0.18562499999999998,0.546875,4.5506275649477955e-05,-0.0015131201573970387
0.18562499999999998,0.5531249999999999,4.345715723210119e-05,-0.0015123886133456784
0.18562499999999998,0.559375,4.150834069183505e-05,-0.0015117016445834917
0.18562499999999998,0.565625,3.9654460984490655e-05,-0.0015110562771677434
0.18562499999999998,0.5718749999999999,3.789046699062622e-05,-0.0015104497542517378
0.18562499999999998,0.578125,3.6211601492937105e-05,-0.001509879518794662
0.18562499999999998,0.5843749999999999,3.461338253458344e-05,-0.001509343197767186
0.18562499999999998,0.590625,3.309158605672674e-05,-0.0015088385877129978
0.18562499999999998,0.596875,3.1642229721416e-05,-0.001508363641540507
0.189375,0.0031249999999999997,-0.015059545829999205,-0.013228800030338817
0.189375,0.009375,-0.012228916154217341,-0.014218436130655317
0.189375,0.015625,-0.009577931936319957,-0.014551268384227179
0.189375,0.021875,-0.0072214652553170885,-0.014383238875455576
0.189375,0.028124999999999997,-0.00520826867332845,-0.013865777719669304
0.189375,0.034374999999999996,-0.0035408644844242454,-0.013127628480657273
0.189375,0.040624999999999994,-0.0021941948158249814,-0.012268922440520344
0.189375,0.046875,-0.0011297399466633341,-0.011362419717931671
0.189375,0.05312499999999999,-0.0003048134898224476,-0.010457926143416582
0.189375,0.059375,0.0003220079551148817,-0.009587468317121414
0.189375,0.06562499999999999,0.0007881312414040188,-0.00877004055192111
0.189375,0.071875,0.0011258683527250203,-0.008015489459622932
0.189375,0.078125,0.0013623177049678678,-0.007327487619335269
0.189375,0.08437499999999999,0.0015197404274745513,-0.006705710899795277
0.189375,0.09062499999999998,0.001616150671143661,-0.0061473807278756894
0.189375,0.09687499999999999,0.0016659609623304573,-0.005648326547906016
0.189375,0.103125,0.0016805995927920512,-0.00520369844962025
0.189375,0.109375,0.0016690620040635323,-0.0048084312544224355
0.189375,0.11562499999999999,0.0016383834292748756,-0.004457535669647881
0.189375,0.12187499999999998,0.0015940334191772547,-0.004146271365982375
0.189375,0.128125,0.0015402392578781634,-0.003870240966864557
0.189375,0.13437499999999997,0.0014802477250385568,-0.003625432217215698
0.189375,0.140625,0.0014165350148483227,-0.0034082271354087547
0.189375,0.14687499999999998,0.0013509739424520488,-0.0032153909412898215
0.189375,0.153125,0.001284966455513193,-0.0030440493380111708
0.189375,0.159375,0.001219548246241307,-0.0028916598016009536
0.189375,0.16562499999999997,0.0011554710911598773,-0.0027559805243085557
0.189375,0.171875,0.0010932675051819752,-0.0026350392929589566
0.189375,0.17812499999999998,0.0010333014067140554,-0.0025271036664048733
0.189375,0.18437499999999998,0.0009758077495014681,-0.002430653208259312
0.189375,0.190625,0.0009209234708022739,-0.0023443541351951935
0.189375,0.19687499999999997,0.0008687116158366011,-0.0022670364893871446
0.189375,0.203125,0.0008191801064296994,-0.0021976737891124297
0.189375,0.20937499999999998,0.0007722963098964094,-0.002135365021697774
0.189375,0.21562499999999998,0.0007279983172567661,-0.002079318795672021
0.189375,0.221875,0.0006862036449608798,-0.002028839449027331
0.189375,0.22812499999999997,0.0006468159208229659,-0.001983314907677136
0.189375,0.234375,0.0006097299942013372,-0.0019422060956815806
0.189375,0.24062499999999998,0.0005748358156920718,-0.001905037712063374
0.189375,0.24687499999999996,0.0005420213572145896,-0.001871390205113079
0.189375,0.253125,0.0005111747849893944,-0.0018408927921089357
0.189375,0.25937499999999997,0.0004821860520957198,-0.0018132173891988784
0.189375,0.265625,0.000454948041339179,-0.001788073332137596
0.189375,0.271875,0.0004293573609290423,-0.0017652027832801857
0.189375,0.27812499999999996,0.0004053148732932384,-0.001744376733549648
0.189375,0.284375,0.00038272601993992076,-0.0017253915199890305
0.189375,0.29062499999999997,0.0003615009915840498,-0.0017080657900278079
0.189375,0.296875,0.00034155478199454533,-0.0016922378528264918
0.189375,0.303125,0.0003228071555544386,-0.001677763366125558
0.189375,0.30937499999999996,0.00030518255187109096,-0.0016645133140337953
0.189375,0.315625,0.000288609945540249,-0.001652372237265599
0.189375,0.32187499999999997,0.00027302267505369484,-0.0016412366825888157
0.189375,0.328125,0.00025835825160781925,-0.0016310138427781313
0.189375,0.334375,0.000244558156032704,-0.0016216203622773562
0.189375,0.34062499999999996,0.00023156763007123592,-0.0016129812871408724
0.189375,0.34687499999999993,0.00021933546667963165,-0.0016050291407236857
0.189375,0.35312499999999997,0.00020781380280330197,-0.0015977031090855533
0.189375,0.359375,0.00019695791713326112,-0.0015909483222236944
0.189375,0.365625,0.0001867260346115153,-0.0015847152190993853
0.189375,0.37187499999999996,0.00017707913888416365,-0.001578958986018269
0.189375,0.37812499999999993,0.00016798079346286865,-0.0015736390592987382
0.189375,0.38437499999999997,0.00015939697202086084,-0.0015687186843483655
0.189375,0.390625,0.00015129589799655715,-0.0015641645242917787
0.189375,0.396875,0.00014364789348863955,-0.00155994631217751
0.189375,0.40312499999999996,0.00013642523728718659,-0.001556036541555811
0.189375,0.40937499999999993,0.00012960203178517593,-0.0015524101908810212
0.189375,0.41562499999999997,0.00012315407844470263,-0.0015490444777651994
0.189375,0.421875,0.000117058761445716,-0.0015459186396067084
0.189375,0.428125,0.0001112949391165431,-0.0015430137375488223
0.189375,0.43437499999999996,0.00010584284273066415,-0.0015403124810982832
0.189375,0.44062499999999993,0.00010068398224977304,-0.0015377990710597825
0.189375,0.44687499999999997,9.580105859643325e-05,-0.0015354590587262826
0.189375,0.453125,9.117788204857785e-05,-0.001533279219512599
0.189375,0.459375,8.679929636105906e-05,-0.0015312474394356646
0.189375,0.46562499999999996,8.265110823519147e-05,-0.0015293526130336034
0.189375,0.47187499999999993,7.872002177476372e-05,-0.001527584551480773
0.189375,0.47812499999999997,7.499357758558444e-05,-0.001525933899800444
0.189375,0.48437499999999994,7.146009619470098e-05,-0.0015243920622034285
0.189375,0.490625,6.81086254845601e-05,-0.0015229511346921082
0.189375,0.49687499999999996,6.492889185625706e-05,-0.0015216038441669302
0.189375,0.5031249999999999,6.191125485439957e-05,-0.0015203434933582728
0.189375,0.5093749999999999,5.904666500385028e-05,-0.0015191639109821535
0.189375,0.515625,5.632662462558299e-05,-0.0015180594065848328
0.189375,0.5218749999999999,5.374315141503155e-05,-0.0015170247296001067
0.189375,0.528125,5.1288744581584486e-05,-0.001516055032194945
0.189375,0.534375,4.895635336227478e-05,-0.0015151458355249859
0.189375,0.5406249999999999,4.673934773622574e-05,-0.0015142929990619625
0.189375,0.546875,4.4631491179069626e-05,-0.0015134926926910696
0.189375,0.5531249999999999,4.26269153083724e-05,-0.001512741371308138
0.189375,0.559375,4.072009628210958e-05,-0.0015120357516747605
0.189375,0.565625,3.890583282248822e-05,-0.0015113727913146264
0.189375,0.5718749999999999,3.717922574692594e-05,-0.001510749669256657
0.189375,0.578125,3.553565889683339e-05,-0.001510163768450414
0.189375,0.5843749999999999,3.397078136303324e-05,-0.001509612659696958
0.189375,0.590625,3.248049091422899e-05,-0.0015090940869541304
0.189375,0.596875,3.1060918541957296e-05,-0.0015086059538893155
0.193125,0.0031249999999999997,-0.014038415454375432,-0.011706633326982874
0.193125,0.009375,-0.011602485371137254,-0.012682315193838875
0.193125,0.015625,-0.009280736751783107,-0.013098188160538822
0.193125,0.021875,-0.007177682616647589,-0.013070730742537848
0.193125,0.028124999999999997,-0.005345912063577791,-0.01271953371788336
0.193125,0.034374999999999996,-0.0037989506473498015,-0.012151258801083798
0.193125,0.040624999999999994,-0.0025248751407104253,-0.011452664212251967
0.193125,0.046875,-0.001497578074697839,-0.010689651380746071
0.193125,0.05312499999999999,-0.0006848189048757928,-0.009909494380083426
0.193125,0.059375,-5.336533727312747e-05,-0.009144284759110013
0.193125,0.06562499999999999,0.0004280716836829699,-0.008414471383008935
0.193125,0.071875,0.0007874022725180137,-0.007731973065594734
0.193125,0.078125,0.0010486579216782786,-0.00710269425201835
0.193125,0.08437499999999999,0.0012320297052000667,-0.006528452350970814
0.193125,0.09062499999999998,0.0013541842197839161,-0.0060083994807430124
0.193125,0.09687499999999999,0.0014286976361330122,-0.005540040631784425
0.193125,0.103125,0.0014665158313772386,-0.005119944157253247
0.193125,0.109375,0.0014763915569798293,-0.004744225038559147
0.193125,0.11562499999999999,0.0014652756787549613,-0.004408864306100305
0.193125,0.12187499999999998,0.001438654614920657,-0.004109912631792912
0.193125,0.128125,0.0014008343196232759,-0.003843613509288013
0.193125,0.13437499999999997,0.0013551752392360556,-0.003606471632017915
0.193125,0.140625,0.0013042843422213844,-0.0033952846977914376
0.193125,0.14687499999999998,0.001250170662906757,-0.003207151437053197
0.193125,0.153125,0.0011943704501945183,-0.003039464731003915
0.193125,0.159375,0.0011380473506459566,-0.002889895877702419
0.193125,0.16562499999999997,0.0010820722933293692,-0.0027563740801612112
0.193125,0.171875,0.0010270869939489492,-0.0026370638424864003
0.193125,0.17812499999999998,0.0009735543125383016,-0.002530341998782502
0.193125,0.18437499999999998,0.0009217981037521951,-0.0024347754408038428
0.193125,0.190625,0.0008720346948399901,-0.0023491001645227754
0.193125,0.19687499999999997,0.0008243977079316861,-0.0022722019586862777
0.193125,0.203125,0.0007789576005135626,-0.00220309886440288
0.193125,0.20937499999999998,0.000735737019959493,-0.0021409254116040643
0.193125,0.21562499999999998,0.0006947228440909053,-0.0020849185632234616
0.193125,0.221875,0.0006558756003682813,-0.002034405255331779
0.193125,0.22812499999999997,0.0006191368131636051,-0.0019887914002907634
0.193125,0.234375,0.0005844347146287378,-0.0019475522126892531
0.193125,0.24062499999999998,0.000551688664172451,-0.0019102237192321447
0.193125,0.24687499999999996,0.0005208125497659273,-0.0018763953203720014
0.193125,0.253125,0.0004917173873944695,-0.0018457032809659998
0.193125,0.25937499999999997,0.00046431328989602277,-0.0018178250380724186
0.193125,0.265625,0.0004385109407257105,-0.0017924742251857792
0.193125,0.271875,0.000414222679910465,-0.0017693963231376465
0.193125,0.27812499999999996,0.00039136328706149435,-0.0017483648582029992
0.193125,0.284375,0.0003698505285686362,-0.0017291780774600614
0.193125,0.29062499999999997,0.0003496055220391718,-0.0017116560400739042
0.193125,0.296875,0.00033055295989705693,-0.001695638070900038
0.193125,0.303125,0.0003126212252201456,-0.00168098052966517
0.193125,0.30937499999999996,0.00029574242588322516,-0.0016675548550339526
0.193125,0.315625,0.00027985236751448925,-0.001655245848181064
0.193125,0.32187499999999997,0.0002648904813624771,-0.0016439501651297388
0.193125,0.328125,0.00025079971967225246,-0.001633574991163082
0.193125,0.334375,0.0002375264283957346,-0.00162403687413189
0.193125,0.34062499999999996,0.00022502020486273052,-0.0016152606965360316
0.193125,0.34687499999999993,0.00021323374629828086,-0.0016071787689038838
0.193125,0.35312499999999997,0.00020212269369470075,-0.0015997300292878713
0.193125,0.359375,0.00019164547445874941,-0.001592859335680249
0.193125,0.365625,0.00018176314639654703,-0.0015865168398726808
0.193125,0.37187499999999996,0.00017243924492410832,-0.0015806574327716962
0.193125,0.37812499999999993,0.00016363963486223145,-0.001575240252470973
0.193125,0.38437499999999997,0.0001553323677611313,-0.0015702282474977223
0.193125,0.390625,0.0001474875453788647,-0.0015655877886177815
0.193125,0.396875,0.00014007718968930195,-0.0015612883234226748
0.193125,0.40312499999999996,0.0001330751196050376,-0.001557302068649475
0.193125,0.40937499999999993,0.00012645683445613773,-0.0015536037358159411
0.193125,0.41562499999999997,0.00012019940415736809,-0.001550170286302192
0.193125,0.421875,0.00011428136591685762,-0.0015469807124873537
0.193125,0.428125,0.00010868262728189942,-0.001544015841964914
0.193125,0.43437499999999996,0.00010338437527789493,-0.001541258162222249
0.193125,0.44062499999999993,9.836899137041658e-05,-0.0015386916634851817
0.193125,0.44687499999999997,9.361997196489755e-05,-0.001536301697703665
0.193125,0.453125,8.912185415110461e-05,-0.0015340748518951294
0.193125,0.459375,8.486014639834714e-05,-0.0015319988342722586
0.193125,0.46562499999999996,8.082126391078586e-05,-0.0015300623717659728
0.193125,0.47187499999999993,7.699246835900185e-05,-0.0015282551177156288
0.193125,0.47812499999999997,7.336181171321373e-05,-0.001526567568639833
0.193125,0.48437499999999994,6.99180839144359e-05,-0.0015249909891254048
0.193125,0.490625,6.665076413186288e-05,-0.0015235173439811127
0.193125,0.49687499999999996,6.354997536740305e-05,-0.0015221392368987728
0.193125,0.5031249999999999,6.0606442181199725e-05,-0.0015208498549487972
0.193125,0.5093749999999999,5.7811451324931806e-05,-0.0015196429183117754
0.193125,0.515625,5.5156815082456483e-05,-0.0015185126347133824
0.193125,0.5218749999999999,5.263483712981608e-05,-0.00151745365808796
0.193125,0.528125,5.023828073866566e-05,-0.001516461051047434
0.193125,0.534375,4.7960339158724497e-05,-0.001515530250777642
0.193125,0.5406249999999999,4.5794608025855605e-05,-0.0015146570380243725
0.193125,0.546875,4.373505965282202e-05,-0.0015138375088670833
0.193125,0.5531249999999999,4.177601906963206e-05,-0.0015130680490099287
0.193125,0.559375,3.991214168967254e-05,-0.0015123453103478325
0.193125,0.565625,3.813839248655534e-05,-0.0015116661895903552
0.193125,0.5718749999999999,3.6450026574767884e-05,-0.0015110278087483605
0.193125,0.578125,3.484257109485818e-05,-0.0015104274973082939
0.193125,0.5843749999999999,3.331180831101154e-05,-0.0015098627759365761
0.193125,0.590625,3.1853759835515255e-05,-0.0015093313415723742
0.193125,0.596875,3.0464671900790754e-05,-0.0015088310537811071
0.196875,0.0031249999999999997,-0.013062294988068027,-0.010413267884483565
0.196875,0.009375,-0.010960636451477535,-0.011353964911750426
0.196875,0.015625,-0.008926965141782298,-0.011818264681731873
0.196875,0.021875,-0.007054097949615297,-0.011892974800869786
0.196875,0.028124999999999997,-0.005394459935189152,-0.011672075884161475
0.196875,0.034374999999999996,-0.003968107130608084,-0.011243177922058763
0.196875,0.040624999999999994,-0.0027724394385097288,-0.010680508224880664
0.196875,0.046875,-0.0017909608538224132,-0.010042733927556662
0.196875,0.05312499999999999,-0.0010000239716605622,-0.00937369152148651
0.196875,0.059375,-0.0003734716244384908,-0.008704506136891325
0.196875,0.06562499999999999,0.00011446991115433318,-0.008056125463939837
0.196875,0.071875,0.00048758027146538,-0.007441738699770774
0.196875,0.078125,0.0007668961631927785,-0.006868847657882662
0.196875,0.08437499999999999,0.0009704997266692637,-0.006340928112026885
0.196875,0.09062499999999998,0.0011136159124575482,-0.005858704897198067
0.196875,0.09687499999999999,0.0012088687663441078,-0.005421098928254054
0.196875,0.103125,0.0012666033491452605,-0.005025911913473487
0.196875,0.109375,0.0012952186841488327,-0.0046703095261812905
0.196875,0.11562499999999999,0.0013014821529597081,-0.0043511540732719105
0.196875,0.12187499999999998,0.001290811271703829,-0.0040652272365546424
0.196875,0.128125,0.0012675179666411115,-0.00380937401399174
0.196875,0.13437499999999997,0.001235015607593787,-0.003580591147513676
0.196875,0.140625,0.0011959916915550198,-0.0033760771316972468
0.196875,0.14687499999999998,0.0011525502057043472,-0.003193256160727879
0.196875,0.153125,0.001106327979462297,-0.0030297848275425247
0.196875,0.159375,0.001058589155692545,-0.0028835477817400626
0.196875,0.16562499999999997,0.0010103015103967777,-0.002752646659259639
0.196875,0.171875,0.0009621978671024442,-0.002635385236590131
0.196875,0.17812499999999998,0.0009148253636249168,-0.0025302527947902633
0.196875,0.18437499999999998,0.0008685848745326577,-0.002435906997070014
0.196875,0.190625,0.0008237624899096936,-0.0023511571084303133
0.196875,0.19687499999999997,0.0007805546048050997,-0.00227494805820977
0.196875,0.203125,0.0007390878822682363,-0.0022063456235772417
0.196875,0.20937499999999998,0.0006994351110130214,-0.002144522863111625
0.196875,0.21562499999999998,0.000661627780197281,-0.0020887478324132457
0.196875,0.221875,0.0006256660320570005,-0.0020383725523369137
0.196875,0.22812499999999997,0.0005915265221334874,-0.0019928231636677325
0.196875,0.234375,0.0005591686111836051,-0.0019515911819323066
0.196875,0.24062499999999998,0.0005285392279314532,-0.0019142257569771388
0.196875,0.24687499999999996,0.0004995766736995963,-0.001880326840071419
0.196875,0.253125,0.0004722135854116423,-0.0018495391639224699
0.196875,0.25937499999999997,0.00044637922983068335,-0.0018215469462966748
0.196875,0.265625,0.00042200126703009284,-0.0017960692346812317
0.196875,0.271875,0.0003990070932380889,-0.0017728558167843154
0.196875,0.27812499999999996,0.0003773248509494105,-0.0017516836291245129
0.196875,0.284375,0.00035688417642842896,-0.0017323536031758513
0.196875,0.29062499999999997,0.00033761674053499677,-0.0017146878953192646
0.196875,0.296875,0.0003194566274657317,-0.0016985274531035256
0.196875,0.303125,0.0003023405869432637,-0.0016837298759971656
0.196875,0.30937499999999996,0.00028620818814470195,-0.0016701675339153132
0.196875,0.315625,0.0002710018978718996,-0.0016577259113530831
0.196875,0.32187499999999997,0.00025666710083783296,-0.0016463021489854768
0.196875,0.328125,0.000243152076242628,-0.0016358037581450313
0.196875,0.334375,0.00023040794185366024,-0.0016261474867077296
0.196875,0.34062499999999996,0.0002183885744383834,-0.0016172583176498033
0.196875,0.34687499999999993,0.00020705051350775787,-0.0016090685839259163
0.196875,0.35312499999999997,0.00019635285381769426,-0.0016015171854028816
0.196875,0.359375,0.0001862571308702088,-0.0015945488953990996
0.196875,0.365625,0.00017672720269446964,-0.0015881137459614807
0.196875,0.37187499999999996,0.00016772913042216778,-0.0015821664823882043
0.196875,0.37812499999999993,0.00015923105956285605,-0.001576666078703557
0.196875,0.38437499999999997,0.00015120310340194996,-0.0015715753068333998
0.196875,0.390625,0.00014361722956201983,-0.001566860353136814
0.196875,0.396875,0.00013644715046678708,-0.0015624904767389404
0.196875,0.40312499999999996,0.0001296682182107813,-0.0015584377047974374
0.196875,0.40937499999999993,0.0001232573241529894,-0.0015546765604337945
0.196875,0.41562499999999997,0.00011719280340964958,-0.001551183819582659
0.196875,0.421875,0.00011145434431125263,-0.0015479382934675398
0.196875,0.428125,0.00010602290280509997,-0.0015449206338085117
0.196875,0.43437499999999996,0.0001008806217220318,-0.0015421131582144894
0.196875,0.44062499999999993,9.60107547798389e-05,-0.001539499693515927
0.196875,0.44687499999999997,9.13975951629186e-05,-0.001537065435059056
0.196875,0.453125,8.702640849513411e-05,-0.0015347968202150297
0.196875,0.459375,8.288337000832981e-05,-0.0015326814145608613
0.196875,0.46562499999999996,7.89555057007538e-05,-0.0015307078093675073
0.196875,0.47187499999999993,7.523063727628611e-05,-0.001528865529187143
0.196875,0.47812499999999997,7.169733065572975e-05,-0.00152714494846931
0.196875,0.48437499999999994,6.834484785456026e-05,-0.001525537216256695
0.196875,0.490625,6.516310202672588e-05,-0.0015240341881178456
0.196875,0.49687499999999996,6.21426154807665e-05,-0.001522628364568017
0.196875,0.5031249999999999,5.927448048220844e-05,-0.0015213128353121484
0.196875,0.5093749999999999,5.65503226645533e-05,-0.0015200812287170379
0.196875,0.515625,5.396226687991664e-05,-0.0015189276659843772
0.196875,0.5218749999999999,5.150290532928151e-05,-0.0015178467195533965
0.196875,0.528125,4.916526782124107e-05,-0.00151683337531243
0.196875,0.534375,4.6942794016897356e-05,-0.001515882998243496
0.196875,0.5406249999999999,4.482930752715409e-05,-0.001514991301163705
0.196875,0.546875,4.281899173694083e-05,-0.0015141543162625584
0.196875,0.5531249999999999,4.090636723887283e-05,-0.0015133683691655338
0.196875,0.559375,3.9086270766460995e-05,-0.0015126300552821864
0.196875,0.565625,3.73538355242266e-05,-0.0015119362182218093
0.196875,0.5718749999999999,3.57044728189249e-05,-0.0015112839300817531
0.196875,0.578125,3.4133854902553846e-05,-0.0015106704734332134
0.196875,0.5843749999999999,3.263789894391359e-05,-0.001510093324846856
0.196875,0.590625,3.121275205119991e-05,-0.0015095501398163383
0.196875,0.596875,2.9854777273478707e-05,-0.0015090387389518271
0.200625,0.0031249999999999997,-0.012139668696318289,-0.009310146094163203
0.200625,0.009375,-0.01032113806662394,-0.010203462942516582
0.200625,0.015625,-0.008538353015438612,-0.010691431002225173
0.200625,0.021875,-0.006872453248351787,-0.01083866107963999
0.200625,0.028124999999999997,-0.005373343707449362,-0.01071877464942453
0.200625,0.034374999999999996,-0.004064470648424321,-0.010403287159476065
0.200625,0.040624999999999994,-0.00294960533940465,-0.009955098504210221
0.200625,0.046875,-0.0020195166015723187,-0.009425743364416185
0.200625,0.05312499999999999,-0.001257477489648799,-0.008855149076743951
0.200625,0.059375,-0.0006433130703879583,-0.008272779442526204
0.200625,0.06562499999999999,-0.00015610973478238094,-0.007699362183284576
0.200625,0.071875,0.00022413341840425195,-0.007148710777088865
0.200625,0.078125,0.0005156131257275052,-0.006629386274862235
0.200625,0.08437499999999999,0.0007343373752988239,-0.006146095537048705
0.200625,0.09062499999999998,0.0008940562818577711,-0.00570080781421918
0.200625,0.09687499999999999,0.0010063741349735282,-0.0052936137474624625
0.200625,0.103125,0.0010809537152456751,-0.004923367308620096
0.200625,0.109375,0.001125757038908638,-0.004588153866440098
0.200625,0.11562499999999999,0.0011472894264441863,-0.0042856237280453294
0.200625,0.12187499999999998,0.0011508287345137907,-0.004013224246198898
0.200625,0.128125,0.0011406310212367238,-0.003768356999252284
0.200625,0.13437499999999997,0.001120109614076993,-0.003548480596671663
0.200625,0.140625,0.0010919878102887213,-0.00335117467672579
0.200625,0.14687499999999998,0.0010584271568762496,-0.003174176675460146
0.200625,0.153125,0.001021134028964077,-0.003015399853436854
0.200625,0.159375,0.0009814474419042518,-0.0028729387195718034
0.200625,0.16562499999999997,0.0009404109405804098,-0.00274506623884529
0.200625,0.171875,0.0008988311619886774,-0.00263022591889643
0.200625,0.17812499999999998,0.0008573253558080589,-0.002527020928687375
0.200625,0.18437499999999998,0.0008163598248744206,-0.002434201722407045
0.200625,0.190625,0.000776280941539761,-0.002350653155372934
0.200625,0.19687499999999997,0.0007373401203917307,-0.0022753817340975565
0.200625,0.203125,0.0006997138876192247,-0.0022075034011370225
0.200625,0.20937499999999998,0.0006635199824636409,-0.0021462320881055134
0.200625,0.21562499999999998,0.0006288302541856272,-0.0020908691562188334
0.200625,0.221875,0.0005956809751625141,-0.0020407937675302615
0.200625,0.22812499999999997,0.0005640810731441175,-0.00199545418048438
0.200625,0.234375,0.0005340186894816502,-0.001954359932496492
0.200625,0.24062499999999998,0.0005054663917898489,-0.0019170748542017189
0.200625,0.24687499999999996,0.000478385305916293,-0.0018832108507001516
0.200625,0.253125,0.0004527283806263135,-0.0018524223816434543
0.200625,0.25937499999999997,0.0004284429568372548,-0.001824401572318689
0.200625,0.265625,0.0004054727796981274,-0.0017988738905619053
0.200625,0.271875,0.00038375956478266086,-0.0017755943283949852
0.200625,0.27812499999999996,0.0003632442078958051,-0.0017543440320569787
0.200625,0.284375,0.0003438677104690142,-0.0017349273291508017
0.200625,0.29062499999999997,0.0003255718784136371,-0.0017171691066588204
0.200625,0.296875,0.00030829984094803934,-0.0017009124984163852
0.200625,0.303125,0.00029199642677512396,-0.001686016845165392
0.200625,0.30937499999999996,0.00027660842762968987,-0.0016723558944858217
0.200625,0.315625,0.00026208477329127075,-0.0016598162117012058
0.200625,0.32187499999999997,0.0002483766373876077,-0.0016482957762752176
0.200625,0.328125,0.0002354374894716027,-0.0016377027412759534
0.200625,0.334375,0.00022322310575957405,-0.0016279543362047785
0.200625,0.34062499999999996,0.00021169154842542532,-0.0016189758958948348
0.200625,0.34687499999999993,0.00020080312133705883,-0.0016107000003089695
0.200625,0.35312499999999997,0.00019052030850397287,-0.0016030657119363476
0.200625,0.359375,0.00018080770020280733,-0.001596017899128678
0.200625,0.365625,0.00017163191069974212,-0.0015895066351563375
0.200625,0.37187499999999996,0.00016296149064603716,-0.0015834866640251825
0.200625,0.37812499999999993,0.0001547668365460683,-0.001577916925197869
0.200625,0.38437499999999997,0.0001470200991540738,-0.0015727601303281774
0.200625,0.390625,0.00013969509222072987,-0.0015679823859602482
0.200625,0.396875,0.00013276720266282993,-0.0015635528568819568
0.200625,0.40312499999999996,0.000126213302951955,-0.0015594434654662495
0.200625,0.40937499999999993,0.0001200116662975127,-0.0015556286228978879
0.200625,0.41562499999999997,0.00011414188502489976,-0.0015520849886760206
0.200625,0.421875,0.00010858479241193071,-0.001548791255214357
0.200625,0.428125,0.00010332238813886695,-0.0015457279547383177
0.200625,0.43437499999999996,9.833776742356086e-05,-0.0015428772860092825
0.200625,0.44062499999999993,9.361505384868266e-05,-0.0015402229586959143
0.200625,0.44687499999999997,8.913933583889311e-05,-0.0015377500534667428
0.200625,0.453125,8.489660670909065e-05,-0.00153544489610129
0.200625,0.459375,8.087370817797344e-05,-0.001533294944112929
0.200625,0.46562499999999996,7.705827722210869e-05,-0.0015312886845488896
0.200625,0.47187499999999993,7.343869613284211e-05,-0.001529415541784273
0.200625,0.47812499999999997,7.000404563039931e-05,-0.0015276657942602915
0.200625,0.48437499999999994,6.67440608853501e-05,-0.0015260304992344182
0.200625,0.490625,6.364909029637812e-05,-0.0015245014247137222
0.200625,0.49687499999999996,6.07100568743223e-05,-0.0015230709878340891
0.200625,0.5031249999999999,5.791842208518099e-05,-0.0015217321990287657
0.200625,0.5093749999999999,5.526615200875618e-05,-0.001520478611401069
0.200625,0.515625,5.274568567450224e-05,-0.0015193042747792477
0.200625,0.5218749999999999,5.034990544165707e-05,-0.001518203693987434
0.200625,0.528125,4.807210929664734e-05,-0.0015171717909161918
0.200625,0.534375,4.590598494690679e-05,-0.00151620387002016
0.200625,0.5406249999999999,4.384558559647964e-05,-0.001515295586909335
0.200625,0.546875,4.188530729501246e-05,-0.001514442919735245
0.200625,0.5531249999999999,4.001986775787455e-05,-0.0015136421431041283
0.200625,0.559375,3.8244286561134104e-05,-0.001512889804276718
0.200625,0.565625,3.655386662091968e-05,-0.0015121827014386996
0.200625,0.5718749999999999,3.494417687226868e-05,-0.00151151786384775
0.200625,0.578125,3.341103606790239e-05,-0.0015108925336825437
0.200625,0.5843749999999999,3.195049762244778e-05,-0.001510304149436509
0.200625,0.590625,3.0558835432446395e-05,-0.0015097503307146768
0.200625,0.596875,2.9232530607054538e-05,-0.0015092288643058795
0.204375,0.0031249999999999997,-0.011274251178779466,-0.008365630733956285
0.204375,0.009375,-0.009695840246278672,-0.009205000485630168
0.204375,0.015625,-0.008130973868245761,-0.009699193405091653
0.204375,0.021875,-0.006649850475224961,-0.009896262175612881
0.204375,0.028124999999999997,-0.005298597263153164,-0.009853772994139148
0.204375,0.034374999999999996,-0.0041019178277578675,-0.009629848580205219
0.204375,0.040624999999999994,-0.0030677297975808373,-0.009277405029327447
0.204375,0.046875,-0.00219215869706149,-0.008841244583149601
0.204375,0.05312499999999999,-0.0014639432946726753,-0.008357228995707334
0.204375,0.059375,-0.0008678737137317282,-0.00785273394961088
0.204375,0.06562499999999999,-0.0003872373343791576,-0.0073477517413514035
0.204375,0.071875,-5.418611747983006e-06,-0.006856216971976352
0.204375,0.078125,0.0002931485964598141,-0.006387306536878896
0.204375,0.08437499999999999,0.0005224872907077117,-0.005946590571750142
0.204375,0.09062499999999998,0.0006948878118184078,-0.005536989563055313
0.204375,0.09687499999999999,0.0008209072114326718,-0.005159536738293445
0.204375,0.103125,0.000909476618454847,-0.0048139661238451046
0.204375,0.109375,0.00096806272726659,-0.004499154497856711
0.204375,0.11562499999999999,0.0010028492641778928,-0.0042134460601942186
0.204375,0.12187499999999998,0.0010189179838897815,-0.003954885798082197
0.204375,0.128125,0.0010204178703653941,-0.003721383415570425
0.204375,0.13437499999999997,0.0010107170643839248,-0.0035108254572905387
0.204375,0.140625,0.0009925356359640478,-0.0033211494238018996
0.204375,0.14687499999999998,0.0009680594172960949,-0.0031503904419231017
0.204375,0.153125,0.0009390362419515995,-0.0029967084400947946
0.204375,0.159375,0.000906856461384636,-0.0028584017275092204
0.204375,0.16562499999999997,0.0008726197709549898,-0.0027339112990009858
0.204375,0.171875,0.000837190331104961,-0.0026218189948851297
0.204375,0.17812499999999998,0.0008012420137263181,-0.0025208417539817874
0.204375,0.18437499999999998,0.000765295399878792,-0.0024298235396908903
0.204375,0.190625,0.0007297479387881541,-0.0023477260370996273
0.204375,0.19687499999999997,0.0006948984695656196,-0.0022736188695952923
0.204375,0.203125,0.0006609671165942149,-0.0022066698322754956
0.204375,0.20937499999999998,0.0006281114012883585,-0.0021461354607135415
0.204375,0.21562499999999998,0.0005964392677341565,-0.002091352127887427
0.204375,0.221875,0.0005660195964332146,-0.0020417277748123255
0.204375,0.22812499999999997,0.0005368906769343332,-0.0019967343208974267
0.204375,0.234375,0.0005090670241167123,-0.0019559007603896445
0.204375,0.24062499999999998,0.00048254485182895975,-0.0019188069257019252
0.204375,0.24687499999999996,0.00045730645918521767,-0.001885077882759955
0.204375,0.253125,0.0004333237370038307,-0.0018543789147066165
0.204375,0.25937499999999997,0.00041056096284037056,-0.0018264110461994564
0.204375,0.265625,0.00038897702127262124,-0.0018009070595665993
0.204375,0.271875,0.0003685271602399458,-0.0017776279551481218
0.204375,0.27812499999999996,0.00034916437323883405,-0.0017563598104683676
0.204375,0.284375,0.00033084048013311425,-0.0017369109959225913
0.204375,0.29062499999999997,0.0003135069655132685,-0.001719109708050911
0.204375,0.296875,0.00029711562233024504,-0.00170280178496765
0.204375,0.303125,0.00028161903944203865,-0.001687848771954238
0.204375,0.30937499999999996,0.0002669709643447657,-0.0016741262085089048
0.204375,0.315625,0.000253126566388024,-0.001661522111218275
0.204375,0.32187499999999997,0.00024004262093249373,-0.001649935629645235
0.204375,0.328125,0.00022767763098169845,-0.0016392758550039315
0.204375,0.334375,0.00021599189963597882,-0.0016294607637190224
0.204375,0.34062499999999996,0.00020494756413448083,-0.0016204162800526462
0.204375,0.34687499999999993,0.00019450860015652206,-0.0016120754438441846
0.204375,0.35312499999999997,0.00018464080335492237,-0.0016043776710621838
0.204375,0.359375,0.00017531175371616824,-0.001597268096333204
0.204375,0.365625,0.00016649076722516018,-0.0015906969879072594
0.204375,0.37187499999999996,0.00015814883840679708,-0.001584619226661468
0.204375,0.37812499999999993,0.000150258576583048,-0.0015789938417491683
0.204375,0.38437499999999997,0.00014279413809024105,-0.0015737835963863388
0.204375,0.390625,0.00013573115622090673,-0.0015689546180446437
0.204375,0.396875,0.00012904667026640245,-0.0015644760680034002
0.204375,0.40312499999999996,0.00012271905472347467,-0.0015603198458125074
0.204375,0.40937499999999993,0.00011672794947583671,-0.0015564603247449767
0.204375,0.41562499999999997,0.00011105419155935353,-0.0015528741147800423
0.204375,0.421875,0.00010567974895723922,-0.0015495398500638287
0.204375,0.428125,0.00010058765674221709,-0.0015464379981511575
0.204375,0.43437499999999996,9.576195577972303e-05,-0.0015435506886453802
0.204375,0.44062499999999993,9.118763412491647e-05,-0.0015408615591285249
0.204375,0.44687499999999997,8.68505711824169e-05,-0.001538355616516222
0.204375,0.453125,8.273748464797654e-05,-0.0015360191121849653
0.204375,0.459375,7.883588021300795e-05,-0.001533839429406863
0.204375,0.46562499999999996,7.513400398380056e-05,-0.0015318049817922919
0.204375,0.47187499999999993,7.162079754557454e-05,-0.0015299051215865557
0.204375,0.47812499999999997,6.828585558576642e-05,-0.001528130056795161
0.204375,0.48437499999999994,6.511938597992044e-05,-0.0015264707762257575
0.204375,0.490625,6.211217223630061e-05,-0.0015249189816350307
0.204375,0.49687499999999996,5.9255538191053e-05,-0.0015234670262574163
0.204375,0.5031249999999999,5.654131484378424e-05,-0.0015221078590709157
0.204375,0.5093749999999999,5.396180922327601e-05,-0.0015208349742246996
0.204375,0.515625,5.1509775174290084e-05,-0.0015196423651147061
0.204375,0.5218749999999999,4.917838595870665e-05,-0.0015185244826479872
0.204375,0.528125,4.696120856729956e-05,-0.0015174761972849896
0.204375,0.534375,4.4852179642074474e-05,-0.0015164927644919645
0.204375,0.5406249999999999,4.28455829130944e-05,-0.0015155697932739424
0.204375,0.546875,4.093602805796647e-05,-0.0015147032174927387
0.204375,0.5531249999999999,3.9118430896543226e-05,-0.0015138892697047466
0.204375,0.559375,3.7387994837820236e-05,-0.0015131244572802861
0.204375,0.565625,3.574019350042696e-05,-0.0015124055405903484
0.204375,0.5718749999999999,3.417075443244981e-05,-0.0015117295130680848
0.204375,0.578125,3.26756438605667e-05,-0.0015110935829715825
0.204375,0.5843749999999999,3.125105240257839e-05,-0.001510495156691647
0.204375,0.590625,2.9893381681371184e-05,-0.0015099318234636713
0.204375,0.596875,2.859923178213449e-05,-0.0015094013413564239
0.20812499999999998,0.0031249999999999997,-0.01046671674092119,-0.007553781264172308
0.20812499999999998,0.009375,-0.009092375473038965,-0.008336515268767138
0.20812499999999998,0.015625,-0.007716566631570004,-0.00882487427097683
0.20812499999999998,0.021875,-0.006399612329758342,-0.009054576119385633
0.20812499999999998,0.028124999999999997,-0.005183313489071376,-0.009070593389176524
0.20812499999999998,0.034374999999999996,-0.0040922361577293495,-0.008920024796724964
0.20812499999999998,0.040624999999999994,-0.0031368076459400464,-0.008647146811857352
0.20812499999999998,0.046875,-0.002316996190015088,-0.008290595620203924
0.20812499999999998,0.05312499999999999,-0.00162577707408994,-0.007882227940212863
0.20812499999999998,0.059375,-0.0010519931226916806,-0.007447109662431433
0.20812499999999998,0.06562499999999999,-0.0005825029047703392,-0.007004149931398399
0.20812499999999998,0.071875,-0.00020367064460870396,-0.006567026968898123
0.20812499999999998,0.078125,9.768002299169827e-05,-0.0061451785545111985
0.20812499999999998,0.08437499999999999,0.00033371375370287916,-0.005744729393995011
0.20812499999999998,0.09062499999999998,0.0005153126671459179,-0.005369295610996803
0.20812499999999998,0.09687499999999999,0.000651991377159421,-0.005020648433094183
0.20812499999999998,0.103125,0.0007519270013445294,-0.004699242209449686
0.20812499999999998,0.109375,0.0008220544003495969,-0.004404622810408994
0.20812499999999998,0.11562499999999999,0.0008681933380266527,-0.004135736152097818
0.20812499999999998,0.12187499999999998,0.0008951862938408996,-0.0038911563701813016
0.20812499999999998,0.128125,0.0009070340872556668,-0.003669251089812826
0.20812499999999998,0.13437499999999997,0.0009070221537668539,-0.0034682984914694943
0.20812499999999998,0.140625,0.0008978340031343602,-0.0032865680898897793
0.20812499999999998,0.14687499999999998,0.0008816506943838297,-0.0031223746280194305
0.20812499999999998,0.153125,0.0008602365287127896,-0.002974112353222938
0.20812499999999998,0.159375,0.0008350119123287615,-0.002840275202536554
0.20812499999999998,0.16562499999999997,0.0008071146999112459,-0.002719467043235441
0.20812499999999998,0.171875,0.0007774514470632422,-0.0026104050418530146
0.20812499999999998,0.17812499999999998,0.0007467399768075986,-0.0025119184133995595
0.20812499999999998,0.18437499999999998,0.0007155445654596812,-0.0024229441816053243
0.20812499999999998,0.190625,0.0006843049176447459,-0.0023425211165452545
0.20812499999999998,0.19687499999999997,0.0006533599534586391,-0.0022697826718034437
0.20812499999999998,0.203125,0.0006229672870374289,-0.002203949490501446
0.20812499999999998,0.20937499999999998,0.0005933191427198558,-0.0021443218654219783
0.20812499999999998,0.21562499999999998,0.0005645553360476849,-0.0020902724056644064
0.20812499999999998,0.221875,0.0005367738430662491,-0.0020412390674745514
0.20812499999999998,0.22812499999999997,0.0005100393923558924,-0.0019967186400569143
0.20812499999999998,0.234375,0.0004843904387929665,-0.001956260730774622
0.20812499999999998,0.24062499999999998,0.0004598448147215465,-0.0019194622625651374
0.20812499999999998,0.24687499999999996,0.00043640430144279704,-0.0018859624754960147
0.20812499999999998,0.253125,0.0004140583201795176,-0.0018554384110970623
0.20812499999999998,0.25937499999999997,0.0003927869055559497,-0.0018276008501925426
0.20812499999999998,0.265625,0.00037256309491108796,-0.0018021906707869483
0.20812499999999998,0.271875,0.00035335484236466316,-0.0017789755909479402
0.20812499999999998,0.27812499999999996,0.0003351265465624454,-0.0017577472617292189
0.20812499999999998,0.284375,0.00031784026466839186,-0.0017383186763772038
0.20812499999999998,0.29062499999999997,0.0003014566717986022,-0.001720521863938987
0.20812499999999998,0.296875,0.00028593581416866274,-0.0017042058376352653
0.20812499999999998,0.303125,0.00027123769530749275,-0.0016892347707748749
0.20812499999999998,0.30937499999999996,0.0002573227274114186,-0.0016754863754283845
0.20812499999999998,0.315625,0.00024415207397165376,-0.0016628504614567558
0.20812499999999998,0.32187499999999997,0.00023168790496063863,-0.0016512276557509604
0.20812499999999998,0.328125,0.00021989358190672344,-0.001640528263647407
0.20812499999999998,0.334375,0.00020873378695820553,-0.001630671256426261
0.20812499999999998,0.34062499999999996,0.00019817460740276008,-0.0016215833705705445
0.20812499999999998,0.34687499999999993,0.00018818358495754835,-0.0016131983060660806
0.20812499999999998,0.35312499999999997,0.00017872973738966927,-0.0016054560124631988
0.20812499999999998,0.359375,0.00016978355859351474,-0.0015983020527108116
0.20812499999999998,0.365625,0.0001613170020818111,-0.0015916870359235524
0.20812499999999998,0.37187499999999996,0.00015330345189241268,-0.0015855661112651987
0.20812499999999998,0.37812499999999993,0.00014571768413390248,-0.0015798985160386555
0.20812499999999998,0.38437499999999997,0.00013853582175764106,-0.0015746471718758666
0.20812499999999998,0.390625,0.00013173528462588166,-0.0015697783236311266
0.20812499999999998,0.396875,0.0001252947365235378,-0.0015652612162084189
0.20812499999999998,0.40312499999999996,0.0001191940304176774,-0.0015610678051068932
0.20812499999999998,0.40937499999999993,0.00011341415298952289,-0.0015571724969568033
0.20812499999999998,0.41562499999999997,0.00010793716923698802,-0.001553551916748676
0.20812499999999998,0.421875,0.00010274616776202234,-0.0015501846988379636
0.20812499999999998,0.428125,9.782520720842015e-05,-0.001547051299141961
0.20812499999999998,0.43437499999999996,9.315926419590728e-05,-0.001544133826240672
0.20812499999999998,0.44062499999999993,8.87341829999634e-05,-0.001541415889353377
0.20812499999999998,0.44687499999999997,8.453662714969213e-05,-0.0015388824613920132
0.20812499999999998,0.453125,8.055403305458018e-05,-0.0015365197554948605
0.20812499999999998,0.459375,7.677456572229837e-05,-0.0015343151136226647
0.20812499999999998,0.46562499999999996,7.318707659142694e-05,-0.0015322569059570978
0.20812499999999998,0.47187499999999993,6.978106347318145e-05,-0.001530334439980843
0.20812499999999998,0.47812499999999997,6.654663257328937e-05,-0.0015285378782418368
0.20812499999999998,0.48437499999999994,6.347446254780705e-05,-0.0015268581639132125
0.20812499999999998,0.490625,6.055577053380178e-05,-0.0015252869533570004
0.20812499999999998,0.49687499999999996,5.7782280086583575e-05,-0.0015238165549851035
0.20812499999999998,0.5031249999999999,5.5146190948822296e-05,-0.0015224398737868454
0.20812499999999998,0.5093749999999999,5.264015057285973e-05,-0.0015211503609595762
0.20812499999999998,0.515625,5.0257227315325834e-05,-0.0015199419681384782
0.20812499999999998,0.5218749999999999,4.799088522241151e-05,-0.001518809105774691
0.20812499999999998,0.528125,4.5834960324514254e-05,-0.0015177466052579767
0.20812499999999998,0.534375,4.3783638360201855e-05,-0.0015167496844220398
0.20812499999999998,0.5406249999999999,4.183143385131328e-05,-0.0015158139161079137
0.20812499999999998,0.546875,3.997317045338007e-05,-0.001514935199494054
0.20812499999999998,0.5531249999999999,3.820396250825353e-05,-0.0015141097339314076
0.20812499999999998,0.559375,3.6519197728761384e-05,-0.0015133339950481556
0.20812499999999998,0.565625,3.491452094830568e-05,-0.0015126047129124334
0.20812499999999998,0.5718749999999999,3.33858188714739e-05,-0.0015119188520624246
0.20812499999999998,0.578125,3.1929205764923335e-05,-0.0015112735932320868
0.20812499999999998,0.5843749999999999,3.054101003096416e-05,-0.0015106663166176467
0.20812499999999998,0.590625,2.921776160937901e-05,-0.0015100945865451243
0.20812499999999998,0.596875,2.7956180156055843e-05,-0.0015095561374126913
0.21187499999999998,0.0031249999999999997,-0.009715851835828555,-0.006853306521385799
0.21187499999999998,0.009375,-0.008515395381239249,-0.007579248532257882
0.21187499999999998,0.015625,-0.007303581480823011,-0.008053650618531145
0.21187499999999998,0.021875,-0.006132023907420535,-0.0083030455547291
0.21187499999999998,0.028124999999999997,-0.005038089228515464,-0.008362561113222951
0.21187499999999998,0.034374999999999996,-0.004045337645478326,-0.008270292281317468
0.21187499999999998,0.040624999999999994,-0.003165530680411048,-0.008063139603335243
0.21187499999999998,0.046875,-0.002401303000278473,-0.007774213827459126
0.21187499999999998,0.05312499999999999,-0.0017488516535372183,-0.007431567261777693
0.21187499999999998,0.059375,-0.0012002766928279562,-0.007057885000594864
0.21187499999999998,0.06562499999999999,-0.0007454279642012557,-0.006670778870004213
0.21187499999999998,0.071875,-0.00037325275842194376,-0.006283399777393461
0.21187499999999998,0.078125,-7.271035462107301e-05,-0.005905170728416018
0.21187499999999998,0.08437499999999999,0.000166655503553142,-0.005542518257860514
0.21187499999999998,0.09062499999999998,0.00035439631931257203,-0.0051995362426694915
0.21187499999999998,0.09687499999999999,0.0004990139915623113,-0.004878553587207516
0.21187499999999998,0.103125,0.0006079312713077941,-0.004580600003582867
0.21187499999999998,0.109375,0.0006875331782827046,-0.0043057764522095275
0.21187499999999998,0.11562499999999999,0.0007432482113516201,-0.004053542460462576
0.21187499999999998,0.12187499999999998,0.0007796483895021875,-0.003822934211589151
0.21187499999999998,0.128125,0.0008005546556309023,-0.003612726810113365
0.21187499999999998,0.13437499999999997,0.0008091394621834552,-0.003421552621357061
0.21187499999999998,0.140625,0.0008080219571958763,-0.0032479857178908814
0.21187499999999998,0.14687499999999998,0.0007993535562525062,-0.0030906006063694683
0.21187499999999998,0.153125,0.0007848931830426914,-0.0029480117292784848
0.21187499999999998,0.159375,0.0007660723621903671,-0.0028188988044551755
0.21187499999999998,0.16562499999999997,0.0007440508514961602,-0.002702021888984656
0.21187499999999998,0.171875,0.0007197637467199607,-0.0025962291125077802
0.21187499999999998,0.17812499999999998,0.000693961076895016,-0.002500459285676957
0.21187499999999998,0.18437499999999998,0.0006672408967199123,-0.002413741017635217
0.21187499999999998,0.190625,0.0006400768174448381,-0.0023351895393801773
0.21187499999999998,0.19687499999999997,0.0006128408261740292,-0.0022640020993235635
0.21187499999999998,0.203125,0.000585822142614638,-0.002199452549605383
0.21187499999999998,0.20937499999999998,0.0005592427621021606,-0.0021408855576096463
0.21187499999999998,0.21562499999999998,0.0005332702398329642,-0.0020877107414609937
0.21187499999999998,0.221875,0.0005080281863939993,-0.002039396929191318
0.21187499999999998,0.22812499999999997,0.00048360486989681284,-0.001995466669593383
0.21187499999999998,0.234375,0.00046006025525386143,-0.001955491071521417
0.21187499999999998,0.24062499999999998,0.0004374317557585616,-0.001919085012243051
0.21187499999999998,0.24687499999999996,0.00041573892524138576,-0.0018859027303876144
0.21187499999999998,0.253125,0.00039498727966451704,-0.0018556338020708477
0.21187499999999998,0.25937499999999997,0.0003751714040824065,-0.0018279994876678348
0.21187499999999998,0.265625,0.00035627747349267536,-0.0018027494297947917
0.21187499999999998,0.271875,0.0003382852933800241,-0.0017796586791216824
0.21187499999999998,0.27812499999999996,0.0003211699469654833,-0.0017585250227729748
0.21187499999999998,0.284375,0.00030490312066606696,-0.0017391665896278532
0.21187499999999998,0.29062499999999997,0.00028945416649204056,-0.0017214197073291539
0.21187499999999998,0.296875,0.0002747909495925593,-0.0017051369869113965
0.21187499999999998,0.303125,0.0002608805205126635,-0.0016901856124199766
0.21187499999999998,0.30937499999999996,0.0002476896446178453,-0.0016764458145459456
0.21187499999999998,0.315625,0.00023518521530451736,-0.0016638095090262997
0.21187499999999998,0.32187499999999997,0.00022333457282042312,-0.0016521790822793567
0.21187499999999998,0.328125,0.00021210574658237495,-0.0016414663084069311
0.21187499999999998,0.334375,0.00020146763564646357,-0.001631591383267827
0.21187499999999998,0.34062499999999996,0.00019139013933201922,-0.001622482062792487
0.21187499999999998,0.34687499999999993,0.00018184424782154997,-0.0016140728940581704
0.21187499999999998,0.35312499999999997,0.00017280210076959225,-0.0016063045288758487
0.21187499999999998,0.359375,0.00016423702048411873,-0.0015991231107566554
0.21187499999999998,0.365625,0.00015612352503758932,-0.0015924797271324722
0.21187499999999998,0.37187499999999996,0.0001484373256739604,-0.0015863299196089465
0.21187499999999998,0.37812499999999993,0.00014115531206444748,-0.0015806332458377253
0.21187499999999998,0.38437499999999997,0.0001342555282969746,-0.0015753528873159398
0.21187499999999998,0.390625,0.00012771714193609781,-0.0015704552980630637
0.21187499999999998,0.396875,0.00012152040804046942,-0.0015659098896958538
0.21187499999999998,0.40312499999999996,0.00011564662965613761,-0.0015616887489284653
0.21187499999999998,0.40937499999999993,0.00011007811600178286,-0.0015577663839737802
0.21187499999999998,0.41562499999999997,0.00010479813931457555,-0.0015541194967196826
0.21187499999999998,0.421875,9.979089112299971e-05,-0.0015507267779061573
0.21187499999999998,0.428125,9.50414385477279e-05,-0.0015475687228407309
0.21187499999999998,0.43437499999999996,9.053568109689507e-05,-0.0015446274654655656
0.21187499999999998,0.44062499999999993,8.626030831248809e-05,-0.0015418866288335448
0.21187499999999998,0.44687499999999997,8.220275853558303e-05,-0.0015393311902666042
0.21187499999999998,0.453125,7.83511789861631e-05,-0.001536947359660681
0.21187499999999998,0.459375,7.46943872951989e-05,-0.0015347224695708014
0.21187499999999998,0.46562499999999996,7.122183458008492e-05,-0.0015326448758596308
0.21187499999999998,0.47187499999999993,6.792357011733556e-05,-0.0015307038678254931
0.21187499999999998,0.47812499999999997,6.479020763696014e-05,-0.0015288895868434522
0.21187499999999998,0.48437499999999994,6.18128932397577e-05,-0.001527192952657306
0.21187499999999998,0.490625,5.898327492074457e-05,-0.0015256055965528184
0.21187499999999998,0.49687499999999996,5.6293473668101586e-05,-0.001524119800724594
0.21187499999999998,0.5031249999999999,5.37360560966123e-05,-0.0015227284432218968
0.21187499999999998,0.5093749999999999,5.130400856692429e-05,-0.0015214249479234756
0.21187499999999998,0.515625,4.8990712736556335e-05,-0.001520203239049062
0.21187499999999998,0.5218749999999999,4.678992248496769e-05,-0.0015190576997664356
0.21187499999999998,0.528125,4.4695742152835265e-05,-0.0015179831344985773
0.21187499999999998,0.534375,4.2702606034660144e-05,-0.0015169747345760707
0.21187499999999998,0.5406249999999999,4.0805259063695036e-05,-0.0015160280469161465
0.21187499999999998,0.546875,3.89987386287629e-05,-0.0015151389454420878
0.21187499999999998,0.5531249999999999,3.727835746365076e-05,-0.0015143036049855732
0.21187499999999998,0.559375,3.563968755128394e-05,-0.0015135184774403157
0.21187499999999998,0.565625,3.4078544986711475e-05,-0.0015127802699583996
0.21187499999999998,0.5718749999999999,3.2590975744966716e-05,-0.0015120859250013427
0.21187499999999998,0.578125,3.1173242302048645e-05,-0.0015114326020763697
0.21187499999999998,0.5843749999999999,2.982181105953633e-05,-0.001510817661004918
0.21187499999999998,0.590625,2.853334052565714e-05,-0.0015102386465852282
0.21187499999999998,0.596875,2.7304670207949757e-05,-0.0015096932745241754
0.21562499999999998,0.0031249999999999997,-0.009019318661015872,-0.00624669382615238
0.21562499999999998,0.009375,-0.007967463374360802,-0.006917296625274367
0.21562499999999998,0.015625,-0.006897991004728109,-0.007372476330742011
0.21562499999999998,0.021875,-0.005854953151316413,-0.007631924627311753
0.21562499999999998,0.028124999999999997,-0.004871433997899954,-0.007723088416094532
0.21562499999999998,0.034374999999999996,-0.003969486381655311,-0.007676749473466278
0.21562499999999998,0.040624999999999994,-0.0031613831023212416,-0.007523574355501859
0.21562499999999998,0.046875,-0.0024515285435546636,-0.0072918021033326775
0.21562499999999998,0.05312499999999999,-0.0018385199177276856,-0.007005963640687096
0.21562499999999998,0.059375,-0.0013170364404705062,-0.006686398113725362
0.21562499999999998,0.06562499999999999,-0.000879400092436352,-0.0063493087032116865
0.21562499999999998,0.071875,-0.0005167674968672778,-0.006007135652726687
0.21562499999999998,0.078125,-0.00021997965986375267,-0.005669080343880761
0.21562499999999998,0.08437499999999999,1.9873122522080627e-05,-0.005341669438056107
0.21562499999999998,0.09062499999999998,0.0002111064931263174,-0.005029292834231985
0.21562499999999998,0.09687499999999999,0.00036125768067498423,-0.004734681348939216
0.21562499999999998,0.103125,0.0004770120087256078,-0.004459311068586557
0.21562499999999998,0.109375,0.0005642018994995551,-0.004203733893490946
0.21562499999999998,0.11562499999999999,0.0006278501684706395,-0.00396784049119495
0.21562499999999998,0.12187499999999998,0.0006722377601739022,-0.0037510648096449094
0.21562499999999998,0.128125,0.0007009825216719131,-0.0035525399936838188
0.21562499999999998,0.13437499999999997,0.0007171203603808552,-0.0033712150248653254
0.21562499999999998,0.140625,0.00072318350649044,-0.0032059403101449193
0.21562499999999998,0.14687499999999998,0.0007212729178770215,-0.0030555291617650427
0.21562499999999998,0.153125,0.0007131234055128503,-0.0029188008486002795
0.21562499999999998,0.159375,0.0007001610428490581,-0.0027946097612642474
0.21562499999999998,0.16562499999999997,0.0006835530232695274,-0.0026818642591083276
0.21562499999999998,0.171875,0.0006642504702138237,-0.002579537961560263
0.21562499999999998,0.17812499999999998,0.0006430248740856388,-0.002486675596081021
0.21562499999999998,0.18437499999999998,0.0006204988908189616,-0.002402394999917153
0.21562499999999998,0.190625,0.0005971722314733201,-0.0023258864705763397
0.21562499999999998,0.19687499999999997,0.0005734433288847978,-0.0022564103495044193
0.21562499999999998,0.203125,0.0005496274047511745,-0.002193293486226473
0.21562499999999998,0.20937499999999998,0.0005259714903255602,-0.0021359250505606792
0.21562499999999998,0.21562499999999998,0.0005026668832905271,-0.0020837520255766098
0.21562499999999998,0.221875,0.0004798594564956499,-0.0020362746134400134
0.21562499999999998,0.22812499999999997,0.00045765817319980075,-0.0019930417120171415
0.21562499999999998,0.234375,0.00043614210914984735,-0.0019536465657429207
0.21562499999999998,0.24062499999999998,0.00041536623437211684,-0.0019177226548697161
0.21562499999999998,0.24687499999999996,0.00039536616663489997,-0.0018849398590330727
0.21562499999999998,0.253125,0.0003761620736110148,-0.001855000911220657
0.21562499999999998,0.25937499999999997,0.0003577618711808394,-0.0018276381445306027
0.21562499999999998,0.265625,0.00034016384040065184,-0.001802610524912141
0.21562499999999998,0.271875,0.00032335876477794273,-0.0017797009571620453
0.21562499999999998,0.27812499999999996,0.0003073316720556238,-0.0017587138478849956
0.21562499999999998,0.284375,0.0002920632501845093,-0.0017394729072313755
0.21562499999999998,0.29062499999999997,0.000277530995097007,-0.001721819170497769
0.21562499999999998,0.296875,0.0002637101378865992,-0.0017056092207433675
0.21562499999999998,0.303125,0.0002505743907073908,-0.001690713594170037
0.21562499999999998,0.30937499999999996,0.00023809654384772356,-0.0016770153509400717
0.21562499999999998,0.315625,0.00022624894075916967,-0.0016644087952247422
0.21562499999999998,0.32187499999999997,0.00021500385313404522,-0.0016527983294904326
0.21562499999999998,0.328125,0.00020433377425150165,-0.001642097429269806
0.21562499999999998,0.334375,0.0001942116456133062,-0.0016322277258872158
0.21562499999999998,0.34062499999999996,0.00018461102924866273,-0.0016231181857807937
0.21562499999999998,0.34687499999999993,0.00017550623588593947,-0.00161470437617004
0.21562499999999998,0.35312499999999997,0.0001668724173878071,-0.0016069278078472418
0.21562499999999998,0.359375,0.0001586856303588014,-0.0015997353468192664
0.21562499999999998,0.365625,0.00015092287660599513,-0.0015930786873927716
0.21562499999999998,0.37187499999999996,0.00014356212511913466,-0.0015869138800827403
0.21562499999999998,0.37812499999999993,0.00013658231939899881,-0.0015812009084353131
0.21562499999999998,0.38437499999999997,0.0001299633732711151,-0.001575903309495895
0.21562499999999998,0.390625,0.00012368615775095384,-0.0015709878332277566
0.21562499999999998,0.396875,0.00011773248105536521,-0.0015664241367002462
0.21562499999999998,0.40312499999999996,0.00011208506346605374,-0.0015621845093247366
0.21562499999999998,0.40937499999999993,0.00010672750843001772,-0.0015582436258256796
0.21562499999999998,0.41562499999999997,0.00010164427101733998,-0.0015545783239986409
0.21562499999999998,0.421875,9.682062463875877e-05,-0.001551167404631427
0.21562499999999998,0.428125,9.224262674602846e-05,-0.0015479914512527054
0.21562499999999998,0.43437499999999996,8.789708409053705e-05,-0.0015450326676286407
0.21562499999999998,0.44062499999999993,8.377151799449138e-05,-0.001542274731155583
0.21562499999999998,0.44687499999999997,7.985412998963148e-05,-0.0015397026604988576
0.21562499999999998,0.453125,7.613376809715219e-05,-0.0015373026960070894
0.21562499999999998,0.459375,7.259989395613977e-05,-0.0015350621915907801
0.21562499999999998,0.46562499999999996,6.924255095381087e-05,-0.0015329695168952984
0.21562499999999998,0.47187499999999993,6.605233346701074e-05,-0.0015310139687240898
0.21562499999999998,0.47812499999999997,6.302035728901951e-05,-0.0015291856907795251
0.21562499999999998,0.48437499999999994,6.013823128725074e-05,-0.001527475600888025
0.21562499999999998,0.490625,5.739803031468901e-05,-0.001525875324964287
0.21562499999999998,0.49687499999999996,5.479226937988697e-05,-0.0015243771370479012
0.21562499999999998,0.5031249999999999,5.231387906618622e-05,-0.0015229739048154508
0.21562499999999998,0.5093749999999999,4.995618217985068e-05,-0.0015216590400333459
0.21562499999999998,0.515625,4.7712871598421814e-05,-0.0015204264534720083
0.21562499999999998,0.5218749999999999,4.557798928434858e-05,-0.0015192705138513728
0.21562499999999998,0.528125,4.354590642441298e-05,-0.0015181860104316754
0.21562499999999998,0.534375,4.16113046523424e-05,-0.0015171681189027682
0.21562499999999998,0.5406249999999999,3.976915830999067e-05,-0.0015162123702602646
0.21562499999999998,0.546875,3.801471770137193e-05,-0.0015153146223881387
0.21562499999999998,0.5531249999999999,3.6343493293448537e-05,-0.0015144710340954128
0.21562499999999998,0.559375,3.4751240817757716e-05,-0.0015136780413796118
0.21562499999999998,0.565625,3.323394722759286e-05,-0.00151293233571209
0.21562499999999998,0.5718749999999999,3.1787817466419994e-05,-0.0015122308441604254
0.21562499999999998,0.578125,3.04092620044349e-05,-0.001511570711181072
0.21562499999999998,0.5843749999999999,2.9094885101579143e-05,-0.001510949281931617
0.21562499999999998,0.590625,2.7841473756873494e-05,-0.0015103640869664774
0.21562499999999998,0.596875,2.6645987305561982e-05,-0.0015098128281928827
0.219375,0.0031249999999999997,-0.008374157532079495,-0.005719496724727404
0.219375,0.009375,-0.0074496955922039865,-0.006337192506116779
0.219375,0.015625,-0.006503912740331032,-0.006769944241251271
0.219375,0.021875,-0.005574359431896718,-0.007032345542530715
0.219375,0.028124999999999997,-0.004690131353849009,-0.007145856175435719
0.219375,0.034374999999999996,-0.0038715217757019694,-0.007135340360524203
0.219375,0.040624999999999994,-0.003130755697494759,-0.007026235148734943
0.219375,0.046875,-0.002473335945338773,-0.006842536618402954
0.219375,0.05312499999999999,-0.0018996057937294077,-0.0066055781903516485
0.219375,0.059375,-0.001406256300363708,-0.006333458311153518
0.219375,0.06562499999999999,-0.000987627094668192,-0.00604093669662948
0.219375,0.071875,-0.0006367418645558336,-0.005739629504258657
0.219375,0.078125,-0.0003460791922608659,-0.005438367666540473
0.219375,0.08437499999999999,-0.00010811097074917071,-0.005143621409210717
0.219375,0.09062499999999998,8.434717659889879e-05,-0.004859928372428544
0.219375,0.09687499999999999,0.00023792846536047557,-0.004590289316681553
0.219375,0.103125,0.00035861076146045246,-0.00433651400379159
0.219375,0.109375,0.0004516833074612688,-0.004099511824757868
0.219375,0.11562499999999999,0.000521759546249895,-0.0038795287976483867
0.219375,0.12187499999999998,0.0005728178371345851,-0.003676336229403907
0.219375,0.128125,0.0006082572338702901,-0.0034893778442557925
0.219375,0.13437499999999997,0.0006309596326417473,-0.003317882404801119
0.219375,0.140625,0.0006433526574509768,-0.0031609483789048353
0.219375,0.14687499999999998,0.0006474698364994405,-0.0030176064104322567
0.219375,0.153125,0.0006450061371643163,-0.002886864457867872
0.219375,0.159375,0.0006373679425904944,-0.0027677395961914495
0.219375,0.16562499999999997,0.0006257172093079102,-0.0026592796953195806
0.219375,0.171875,0.0006110099497871719,-0.002560577516756089
0.219375,0.17812499999999998,0.0005940294160261389,-0.002470779211395333
0.219375,0.18437499999999998,0.0005754144776558594,-0.0023890887473079466
0.219375,0.190625,0.0005556837313568262,-0.002314769433648111
0.219375,0.19687499999999997,0.0005352558757716192,-0.002247143421135496
0.219375,0.203125,0.0005144668567092344,-0.0021855898370801764
0.219375,0.20937499999999998,0.0004935842439387082,-0.0021295420413273724
0.219375,0.21562499999999998,0.00047281925144544143,-0.002078484358296691
0.219375,0.221875,0.00045233676276403283,-0.002031948540773266
0.219375,0.22812499999999997,0.0004322636749143854,-0.0019895101462125537
0.219375,0.234375,0.00041269583018354125,-0.0019507849504052134
0.219375,0.24062499999999998,0.00039370376525550856,-0.0019154254819614672
0.219375,0.24687499999999996,0.0003753374721811427,-0.0018831177307366052
0.219375,0.253125,0.0003576303352544247,-0.001853578061333412
0.219375,0.25937499999999997,0.0003406023816910891,-0.0018265503471056959
0.219375,0.265625,0.00032426296167333213,-0.0018018033290591816
0.219375,0.271875,0.0003086129543848616,-0.001779128196490118
0.219375,0.27812499999999996,0.0002936465806762208,-0.0017583363811996735
0.219375,0.284375,0.0002793528895616646,-0.001739257553980915
0.219375,0.29062499999999997,0.00026571697448463447,-0.0017217378102747677
0.219375,0.296875,0.0002527209658697711,-0.0017056380310435538
0.219375,0.303125,0.00024034483861801656,-0.0016908324047271688
0.219375,0.30937499999999996,0.0002285670666496528,-0.001677207096414842
0.219375,0.315625,0.0002173651511461424,-0.0016646590509290563
0.219375,0.32187499999999997,0.00020671604460535106,-0.0016530949172645338
0.219375,0.328125,0.00019659648905417357,-0.0016424300826731705
0.219375,0.334375,0.00018698328362995822,-0.0016325878055782346
0.219375,0.34062499999999996,0.00017785349414036893,-0.0016234984373982677
0.219375,0.34687499999999993,0.00016918461505092882,-0.0016150987242363037
0.219375,0.35312499999999997,0.00016095469255584773,-0.0016073311802258998
0.219375,0.359375,0.00015314241589868105,-0.0016001435251115908
0.219375,0.365625,0.00014572718287323534,-0.0015934881793721269
0.219375,0.37187499999999996,0.00013868914440897021,-0.001587321810868084
0.219375,0.37812499999999993,0.00013200923229330096,-0.0015816049276112375
0.219375,0.38437499999999997,0.0001256691733760788,-0.0015763015118132797
0.219375,0.390625,0.00011965149301455908,-0.0015713786908787765
0.219375,0.396875,0.0001139395100299894,-0.0015668064414649614
0.219375,0.40312499999999996,0.00010851732504265999,-0.0015625573231427925
0.219375,0.40937499999999993,0.00010336980371681326,-0.001558606238563319
0.219375,0.41562499999999997,9.848255616858998e-05,-0.0015549302173645245
0.219375,0.421875,9.384191355951673e-05,-0.0015515082213500054
0.219375,0.428125,8.94349027068917e-05,-0.001548320968735464
0.219375,0.43437499999999996,8.524921938414502e-05,-0.0015453507754951729
0.219375,0.44062499999999993,8.12732008532937e-05,-0.00154258141205125
0.219375,0.44687499999999997,7.749579806336914e-05,-0.0015399979737363617
0.219375,0.453125,7.39065478593578e-05,-0.0015375867636278381
0.219375,0.459375,7.049554547255786e-05,-0.0015353351865002782
0.219375,0.46562499999999996,6.725341750268659e-05,-0.0015332316527765497
0.219375,0.47187499999999993,6.417129555235327e-05,-0.0015312654914754029
0.219375,0.47812499999999997,6.124079063381764e-05,-0.0015294268712593437
0.219375,0.48437499999999994,5.845396843474754e-05,-0.0015277067287803351
0.219375,0.490625,5.580332550269821e-05,-0.001526096703604609
0.219375,0.49687499999999996,5.328176638620613e-05,-0.0015245890790725111
0.219375,0.5031249999999999,5.08825817528238e-05,-0.0015231767285158572
0.219375,0.5093749999999999,4.85994274903974e-05,-0.0015218530663146598
0.219375,0.515625,4.642630478678201e-05,-0.001520612003328086
0.219375,0.5218749999999999,4.4357541174491026e-05,-0.0015194479062818342
0.219375,0.528125,4.238777252006183e-05,-0.0015183555607363932
0.219375,0.534375,4.0511925932836086e-05,-0.0015173301372984405
0.219375,0.5406249999999999,3.872520356409606e-05,-0.0015163671607714324
0.219375,0.546875,3.702306726483655e-05,-0.0015154624819716774
0.219375,0.5531249999999999,3.5401224068668434e-05,-0.0015146122519632582
0.219375,0.559375,3.385561246527962e-05,-0.0015138128984894252
0.219375,0.565625,3.238238942938665e-05,-0.0015130611043998145
0.219375,0.5718749999999999,3.0977918170068335e-05,-0.0015123537878923507
0.219375,0.578125,2.9638756565695383e-05,-0.0015116880844061843
0.219375,0.5843749999999999,2.8361646250272278e-05,-0.0015110613300177301
0.219375,0.590625,2.7143502317822422e-05,-0.0015104710462059893
0.219375,0.596875,2.5981403612429073e-05,-0.0015099149258660266
0.223125,0.0031249999999999997,-0.007777114116930625,-0.005259757958535387
0.223125,0.009375,-0.006962219324201702,-0.005827532239190426
0.223125,0.015625,-0.006124083387426767,-0.006236122769563701
0.223125,0.021875,-0.005294704443318756,-0.006496321493714482
0.223125,0.028124999999999997,-0.004499550136679689,-0.0066249219322403255
0.223125,0.034374999999999996,-0.0037570668375840315,-0.006642011987142512
0.223125,0.040624999999999994,-0.0030790665050737685,-0.00656866608772705
0.223125,0.046875,-0.0024716571599273404,-0.006425219380064469
0.223125,0.05312499999999999,-0.0019364152491678738,-0.006230143819842448
0.223125,0.059375,-0.001471576455026004,-0.005999445722996181
0.223125,0.06562499999999999,-0.0010731073627128376,-0.0057464612965777775
0.223125,0.071875,-0.0007355921805459308,-0.005481923454452522
0.223125,0.078125,-0.0004529189516991882,-0.005214191539845968
0.223125,0.08437499999999999,-0.0002187795787531851,-0.004949561668406729
0.223125,0.09062499999999998,-2.701231163999989e-05,-0.004692601011149228
0.223125,0.09687499999999999,0.00012818054463642516,-0.004446470599601827
0.223125,0.103125,0.00025210866469594457,-0.0042132171068740955
0.223125,0.109375,0.0003495368961795522,-0.00399402495474762
0.223125,0.11562499999999999,0.0004246743030206006,-0.003789427009918693
0.223125,0.12187499999999998,0.0004811927999248415,-0.003599476134852747
0.223125,0.128125,0.0005222634679860413,-0.0034238818799121637
0.223125,0.13437499999999997,0.0005506021466591349,-0.0032621173612321086
0.223125,0.140625,0.0005685185936368428,-0.0031135013766374754
0.223125,0.14687499999999998,0.0005779655035718886,-0.002977260415664413
0.223125,0.153125,0.0005805851132582234,-0.0028525746402801692
0.223125,0.159375,0.0005777521229930765,-0.002738611283196724
0.223125,0.16562499999999997,0.0005706123414797789,-0.002634548305163309
0.223125,0.171875,0.0005601169036191757,-0.0025395906083481596
0.223125,0.17812499999999998,0.0005470521855621751,-0.0024529806342059902
0.223125,0.18437499999999998,0.0005320657009393896,-0.0023740047823713004
0.223125,0.190625,0.0005156883438801577,-0.0023019967665591206
0.223125,0.19687499999999997,0.0004983533752100554,-0.0022363387655578754
0.223125,0.203125,0.00048041254696105945,-0.0021764610226538694
0.223125,0.20937499999999998,0.0004621497400284247,-0.0021218403860542813
0.223125,0.21562499999999998,0.00044379245920035177,-0.002071998157813752
0.223125,0.221875,0.00042552149459997593,-0.0020264975222982298
0.223125,0.22812499999999997,0.0004074790224483193,-0.0019849407513792827
0.223125,0.234375,0.0003897753831814232,-0.0019469663274586605
0.223125,0.24062499999999998,0.00037249474257052884,-0.0019122460831367204
0.223125,0.24687499999999996,0.00035569981220272495,-0.001880482424719843
0.223125,0.253125,0.00033943577967817165,-0.0018514056833335564
0.223125,0.25937499999999997,0.000323733576117575,-0.0018247716202301012
0.223125,0.265625,0.0003086125888555594,-0.0018003591004433037
0.223125,0.271875,0.00029408291025336816,-0.0017779679400838618
0.223125,0.27812499999999996,0.0002801471990996611,-0.0017574169263875944
0.223125,0.284375,0.0002668022187808516,-0.0017385420054416493
0.223125,0.29062499999999997,0.0002540401060062959,-0.0017211946297961132
0.223125,0.296875,0.00024184941510564277,-0.0017052402565244915
0.223125,0.303125,0.00023021597553951964,-0.001690556985426983
0.223125,0.30937499999999996,0.0002191235940720084,-0.0016770343267506875
0.223125,0.315625,0.00020855462786250104,-0.001664572087863369
0.223125,0.32187499999999997,0.00019849045038886382,-0.0016530793686377974
0.223125,0.328125,0.00018891182847931114,-0.0016424736557907492
0.223125,0.334375,0.00017979922569290275,-0.001632680007007866
0.223125,0.34062499999999996,0.00017113304475144877,-0.001623630316324945
0.223125,0.34687499999999993,0.00016289381960733258,-0.0016152626528939847
0.223125,0.35312499999999997,0.00015506236596367497,-0.0016075206659149413
0.223125,0.359375,0.00014761989758779116,-0.001600353049145956
0.223125,0.365625,0.00014054811452776644,-0.0015937130590055874
0.223125,0.37187499999999996,0.00013382926831481974,-0.001587558080844379
0.223125,0.37812499999999993,0.0001274462083771786,-0.0015818492384867538
0.223125,0.38437499999999997,0.00012138241317628863,-0.0015765510426268216
0.223125,0.390625,0.00011562200897979115,-0.0015716310741035631
0.223125,0.396875,0.00011014977868820649,-0.0015670596984834844
0.223125,0.40312499999999996,0.0001049511627172972,-0.0015628098087441444
0.223125,0.40937499999999993,0.00010001225359199551,-0.001558856593182352
0.223125,0.41562499999999997,9.531978561919027e-05,-0.0015551773259688188
0.223125,0.421875,9.086112076608468e-05,-0.0015517511780392518
0.223125,0.428125,8.662423167033342e-05,-0.0015485590462527943
0.223125,0.43437499999999996,8.25976825411479e-05,-0.0015455833989648825
0.223125,0.44062499999999993,7.877060857150419e-05,-0.0015428081363552599
0.223125,0.44687499999999997,7.513269436589013e-05,-0.0015402184640253033
0.223125,0.453125,7.167415179185875e-05,-0.0015378007785339426
0.223125,0.459375,6.838569758378464e-05,-0.001535542563680188
0.223125,0.46562499999999996,6.525853096098363e-05,-0.0015334322964642775
0.223125,0.47187499999999993,6.228431146749817e-05,-0.0015314593617702802
0.223125,0.47812499999999997,5.9455137195504034e-05,-0.001529613974912007
0.223125,0.48437499999999994,5.6763523516888e-05,-0.0015278871112725774
0.223125,0.490625,5.420238241677001e-05,-0.0015262704423470396
0.223125,0.49687499999999996,5.176500249749801e-05,-0.0015247562775681253
0.223125,0.5031249999999999,4.944502970101124e-05,-0.0015233375113583747
0.223125,0.5093749999999999,4.723644878068122e-05,-0.0015220075749083559
0.223125,0.515625,4.5133565540151544e-05,-0.0015207603922312092
0.223125,0.5218749999999999,4.313098984577192e-05,-0.0015195903400889558
0.223125,0.528125,4.122361941050601e-05,-0.001518492211426453
0.223125,0.534375,3.940662434031153e-05,-0.0015174611819851068
0.223125,0.5406249999999999,3.76754324286218e-05,-0.0015164927798009013
0.223125,0.546875,3.602571518044705e-05,-0.001515582857320386
0.223125,0.5531249999999999,3.445337454453e-05,-0.00151472756589434
0.223125,0.559375,3.295453032975218e-05,-0.0015139233324322303
0.223125,0.565625,3.15255082804461e-05,-0.0015131668380215745
0.223125,0.5718749999999999,3.0162828784283203e-05,-0.001512454998335186
0.223125,0.578125,2.8863196185884654e-05,-0.0015117849456662213
0.223125,0.5843749999999999,2.7623488679141183e-05,-0.0015111540124461839
0.223125,0.590625,2.6440748751359238e-05,-0.0015105597161147561
0.223125,0.596875,2.531217415271565e-05,-0.0015099997452226546
0.226875,0.0031249999999999997,-0.00722484944360918,-0.00485754431950209
0.226875,0.009375,-0.006504499661780554,-0.005378650499822729
0.226875,0.015625,-0.005760218112630841,-0.0057623876980674345
0.226875,0.021875,-0.00501928073568076,-0.006016711235665016
0.226875,0.028124999999999997,-0.00430390758341188,-0.006154776343897883
0.226875,0.034374999999999996,-0.003630716115654115,-0.006192821495208776
0.226875,0.040624999999999994,-0.0030108799028646044,-0.006148296357036537
0.226875,0.046875,-0.0024507570675921866,-0.006038399903611163
0.226875,0.05312499999999999,-0.0019527608050341843,-0.005879071934336658
0.226875,0.059375,-0.0015162919307726186,-0.005684398513763461
0.226875,0.06562499999999999,-0.0011386132298687888,-0.005466349703800997
0.226875,0.071875,-0.0008155998040963549,-0.005234756895102397
0.226875,0.078125,-0.0005423407560213839,-0.00499744493933974
0.226875,0.08437499999999999,-0.00031359429085693933,-0.004760450891951208
0.226875,0.09062499999999998,-0.00012411301345238547,-0.004528279621502712
0.226875,0.09687499999999999,3.11377099506358e-05,-0.004304163083622621
0.226875,0.103125,0.00015684475266164336,-0.0040903031927532855
0.226875,0.109375,0.0002572742333927746,-0.003888087782287503
0.226875,0.11562499999999999,0.0003362426323208173,-0.0036982755958159088
0.226875,0.12187499999999998,0.00039711782719819747,-0.003521150286751221
0.226875,0.128125,0.0004428392715291396,-0.0033566456948142275
0.226875,0.13437499999999997,0.00047594942691472946,-0.003204445779585105
0.226875,0.140625,0.0004986308771816984,-0.003064062952979392
0.226875,0.14687499999999998,0.0005127453323132255,-0.002934898470257425
0.226875,0.153125,0.0005198720543275317,-0.002816288219764465
0.226875,0.159375,0.0005213441935261366,-0.0027075368276581096
0.226875,0.16562499999999997,0.0005182821948418814,-0.0026079425458171283
0.226875,0.171875,0.0005116238912894959,-0.002516814964207011
0.226875,0.17812499999999998,0.0005021512021499342,-0.002433487205817336
0.226875,0.18437499999999998,0.000490513542168295,-0.002357323931555467
0.226875,0.190625,0.0004772481584712191,-0.002287726204742611
0.226875,0.19687499999999997,0.00046279766903035513,-0.002224134036336261
0.226875,0.203125,0.00044752509833204996,-0.0021660272469299175
0.226875,0.20937499999999998,0.0004317267052434072,-0.0021129251335910496
0.226875,0.21562499999999998,0.0004156428837887075,-0.0020643853125066115
0.226875,0.221875,0.00039946739573403623,-0.0020200020166004544
0.226875,0.22812499999999997,0.00038335516855810583,-0.001979404055889926
0.226875,0.234375,0.0003674288661684037,-0.001942252593240029
0.226875,0.24062499999999998,0.0003517844142141985,-0.0019082388459453967
0.226875,0.24687499999999996,0.0003364956379838959,-0.0018770817914496082
0.226875,0.253125,0.00032161814913271494,-0.001848525931267385
0.226875,0.25937499999999997,0.00030719259805162154,-0.0018223391490320528
0.226875,0.265625,0.00029324739155831063,-0.0017983106851451082
0.226875,0.271875,0.00027980096065358047,-0.0017762492406560347
0.226875,0.27812499999999996,0.00026686365016888075,-0.0017559812158897598
0.226875,0.284375,0.0002544392910328948,-0.001737349084300071
0.226875,0.29062499999999997,0.00024252650639970433,-0.0017202098985450603
0.226875,0.296875,0.0002311197948076349,-0.001704433923459623
0.226875,0.303125,0.00022021042668892563,-0.001689903389137282
0.226875,0.30937499999999996,0.000209787184755653,-0.0016765113564983665
0.226875,0.315625,0.0001998369738950946,-0.0016641606873389276
0.226875,0.32187499999999997,0.0001903453220844316,-0.0016527631107927222
0.226875,0.328125,0.0001812967903642389,-0.0016422383782982823
0.226875,0.334375,0.0001726753069923708,-0.0016325134994708646
0.226875,0.34062499999999996,0.00016446443844868018,-0.0016235220516806527
0.226875,0.34687499999999993,0.00015664760790322547,-0.0016152035565942247
0.226875,0.35312499999999997,0.0001492082700339156,-0.0016075029174174868
0.226875,0.359375,0.0001421300496312042,-0.0016003699110646728
0.226875,0.365625,0.00013539685021290418,-0.0015937587299556548
0.226875,0.37187499999999996,0.00012899293785391289,-0.0015876275686033195
0.226875,0.37812499999999993,0.00012290300458200863,-0.0015819382505881565
0.226875,0.38437499999999997,0.00011711221497534772,-0.0015766558919250613
0.226875,0.390625,0.00011160623899755363,-0.0015717485972059845
0.226875,0.396875,0.00010637127360363644,-0.0015671871852511034
0.226875,0.40312499999999996,0.00010139405522872297,-0.0015629449413211327
0.226875,0.40937499999999993,9.666186491855898e-05,-0.0015589973932353199
0.226875,0.41562499999999997,9.216252756494567e-05,-0.0015553221090050626
0.226875,0.421875,8.788440646145571e-05,-0.0015518985138336095
0.226875,0.428125,8.381639418719272e-05,-0.0015487077245497586
0.226875,0.43437499999999996,7.994790065253507e-05,-0.0015457323997396665
0.226875,0.44062499999999993,7.62688389952974e-05,-0.0015429566040176018
0.226875,0.44687499999999997,7.276960989398823e-05,-0.0015403656850354584
0.226875,0.453125,6.944108476303164e-05,-0.0015379461619736835
0.226875,0.459375,6.627458820973535e-05,-0.0015356856243845432
0.226875,0.46562499999999996,6.326188006174633e-05,-0.0015335726403737145
0.226875,0.47187499999999993,6.0395137214477147e-05,-0.0015315966732093941
0.226875,0.47812499999999997,5.766693549862175e-05,-0.0015297480055406246
0.226875,0.48437499999999994,5.507023172681009e-05,-0.0015280176704894578
0.226875,0.490625,5.25983460443503e-05,-0.001526397388955874
0.226875,0.49687499999999996,5.024494468074581e-05,-0.0015248795125409654
0.226875,0.5031249999999999,4.800402317531022e-05,-0.0015234569715535566
0.226875,0.5093749999999999,4.586989013094719e-05,-0.0015221232276189142
0.226875,0.515625,4.383715153434305e-05,-0.0015208722304561394
0.226875,0.5218749999999999,4.1900695667880325e-05,-0.001519698378433812
0.226875,0.528125,4.0055678628048134e-05,-0.0015185964825520065
0.226875,0.534375,3.829751045660627e-05,-0.001517561733533383
0.226875,0.5406249999999999,3.66218418839144e-05,-0.0015165896717370864
0.226875,0.546875,3.50245516783972e-05,-0.0015156761596370565
0.226875,0.5531249999999999,3.350173459183345e-05,-0.001514817356631373
0.226875,0.559375,3.204968988684053e-05,-0.0015140096959717455
0.226875,0.565625,3.066491043041079e-05,-0.0015132498636224742
0.226875,0.5718749999999999,2.934407233549612e-05,-0.0015125347788763853
0.226875,0.578125,2.808402513132326e-05,-0.0015118615765716016
0.226875,0.5843749999999999,2.6881782442251018e-05,-0.0015112275907677398
0.226875,0.590625,2.573451315446968e-05,-0.0015106303397533856
0.226875,0.596875,2.4639533049629e-05,-0.0015100675122686528
0.230625,0.0031249999999999997,-0.006714071615460129,-0.004504572482036101
0.230625,0.009375,-0.006075571343702448,-0.004982343376351183
0.230625,0.015625,-0.005413281710696769,-0.005341260658812318
0.230625,0.021875,-0.004750472401598693,-0.005587162300918887
0.230625,0.028124999999999997,-0.004106488737651999,-0.005730364448516488
0.230625,0.034374999999999996,-0.0034962013250640807,-0.005784005394891432
0.230625,0.040624999999999994,-0.00293001913629054,-0.0057625317396446385
0.230625,0.046875,-0.0024143008973407133,-0.005680470517588609
0.230625,0.05312499999999999,-0.0019519944936172368,-0.00555154030225454
0.230625,0.059375,-0.0015433614663747856,-0.005388087808362736
0.230625,0.06562499999999999,-0.0011866844452290673,-0.005200798237685494
0.230625,0.071875,-0.0008788958155504845,-0.004998612957879608
0.230625,0.078125,-0.0006160987676738087,-0.004788789345582706
0.230625,0.08437499999999999,-0.0003939748932028171,-0.004577047389010217
0.230625,0.09062499999999998,-0.0002080864637879623,-0.004367760461955411
0.230625,0.09687499999999999,-5.408851076182083e-05,-0.004164160204244663
0.230625,0.103125,7.213193293635567e-05,-0.003968536031896809
0.230625,0.109375,0.0001743726638295487,-0.003782417939343711
0.230625,0.11562499999999999,0.0002560744936181391,-0.0036067370595477873
0.230625,0.12187499999999998,0.00032030865689542087,-0.0034419623074229155
0.230625,0.128125,0.00036978389800770205,-0.003288213808774126
0.230625,0.13437499999999997,0.00040686601380766327,-0.003145355135446432
0.230625,0.140625,0.0004336045695247353,-0.0030130669734302977
0.230625,0.14687499999999998,0.00045176305272542964,-0.0028909050051547317
0.230625,0.153125,0.0004628499204729218,-0.002778344675665318
0.230625,0.159375,0.00046814888243610356,-0.002674815260399074
0.230625,0.16562499999999997,0.00046874740670062456,-0.002579725340733377
0.230625,0.171875,0.00046556288973100294,-0.002492481471702046
0.230625,0.17812499999999998,0.00045936624367672816,-0.0024125015221150145
0.230625,0.18437499999999998,0.0004508028606058226,-0.002339223894726909
0.230625,0.190625,0.00044041104371383397,-0.0022721135983370037
0.230625,0.19687499999999997,0.00042863807250348104,-0.002210665944923821
0.230625,0.203125,0.0004158541090457892,-0.00215440848050543
0.230625,0.20937499999999998,0.00040236416790037513,-0.0021029016244575194
0.230625,0.21562499999999998,0.00038841837182439275,-0.0020557383841952356
0.230625,0.221875,0.0003742207051837208,-0.0020125434262127768
0.230625,0.22812499999999997,0.0003599364612381966,-0.0019729717166225734
0.230625,0.234375,0.00034569856106576836,-0.0019367068911669944
0.230625,0.24062499999999998,0.00033161290269288405,-0.0019034594733151433
0.230625,0.24687499999999996,0.0003177628801913508,-0.0018729650271083515
0.230625,0.253125,0.00030421319478691404,-0.0018449823069126704
0.230625,0.25937499999999997,0.00029101306377829657,-0.0018192914475792037
0.230625,0.265625,0.0002781989184482879,-0.0017956922244220966
0.230625,0.271875,0.0002657966691832413,-0.001774002401878559
0.230625,0.27812499999999996,0.0002538236046416944,-0.0017540561819077314
0.230625,0.284375,0.00024228998191596634,-0.0017357027574801324
0.230625,0.29062499999999997,0.00023120035607754623,-0.001718804972409572
0.230625,0.296875,0.00022055469014463223,-0.0017032380858975254
0.230625,0.303125,0.0002103492802167379,-0.0016888886381956395
0.230625,0.30937499999999996,0.0002005775251527929,-0.0016756534125134286
0.230625,0.315625,0.0001912305656024746,-0.00166343848752706
0.230625,0.32187499999999997,0.00018229781332454063,-0.001652158374444991
0.230625,0.328125,0.00017376738844222052,-0.0016417352324532692
0.230625,0.334375,0.0001656264795078166,-0.0016320981564188711
0.230625,0.34062499999999996,0.00015786163890139633,-0.0016231825309143645
0.230625,0.34687499999999993,0.00015045902410691268,-0.001614929444897228
0.230625,0.35312499999999997,0.0001434045937375083,-0.0016072851616996428
0.230625,0.359375,0.00013668426577244714,-0.0016002006393355135
0.230625,0.365625,0.00013028404428045974,-0.0015936310964936378
0.230625,0.37187499999999996,0.00012419011990373103,-0.0015875356199470754
0.230625,0.37812499999999993,0.00011838894853405884,-0.0015818768094604109
0.230625,0.38437499999999997,0.0001128673119030615,-0.0015766204566131988
0.230625,0.390625,0.00010761236321081582,-0.0015717352542758685
0.230625,0.396875,0.00010261166041425869,-0.0015671925337718369
0.230625,0.40312499999999996,9.785318937321652e-05,-0.0015629660270356017
0.230625,0.40937499999999993,9.332537869545567e-05,-0.0015590316513311837
0.230625,0.41562499999999997,8.901710782210945e-05,-0.0015553673143288529
0.230625,0.421875,8.491770964232183e-05,-0.0015519527375515215
0.230625,0.428125,8.101696871345593e-05,-0.0015487692963965446
0.230625,0.43437499999999996,7.730511598443245e-05,-0.0015457998751151985
0.230625,0.44062499999999993,7.377282076938289e-05,-0.0015430287352920238
0.230625,0.44687499999999997,7.04111805923374e-05,-0.0015404413965108715
0.230625,0.453125,6.721170941736997e-05,-0.0015380245280250898
0.230625,0.459375,6.416632468930284e-05,-0.001535765850367077
0.230625,0.46562499999999996,6.126733353507542e-05,-0.0015336540459385364
0.230625,0.47187499999999993,5.850741841294355e-05,-0.0015316786777183101
0.230625,0.47812499999999997,5.587962244390932e-05,-0.001529830115310596
0.230625,0.48437499999999994,5.337733461558527e-05,-0.0015280994676336354
0.230625,0.490625,5.0994275011721715e-05,-0.001526478521618428
0.230625,0.49687499999999996,4.8724480189741536e-05,-0.0015249596863494562
0.230625,0.5031249999999999,4.656228880286697e-05,-0.0015235359421354928
0.230625,0.5093749999999999,4.45023275419861e-05,-0.0015222007940489805
0.230625,0.515625,4.2539497454606134e-05,-0.0015209482295177484
0.230625,0.5218749999999999,4.066896068350112e-05,-0.0015197726795935403
0.230625,0.528125,3.888612765549899e-05,-0.001518668983558402
0.230625,0.534375,3.7186644740854766e-05,-0.00151763235656286
0.230625,0.5406249999999999,3.5566382395474536e-05,-0.0015166583600193916
0.230625,0.546875,3.4021423791603107e-05,-0.001515742874501271
0.230625,0.5531249999999999,3.254805393721085e-05,-0.001514882074920818
0.230625,0.559375,3.114274928000902e-05,-0.0015140724077825913
0.230625,0.565625,2.9802167788613048e-05,-0.0015133105703264691
0.230625,0.5718749999999999,2.852313950070475e-05,-0.0015125934913930179
0.230625,0.578125,2.73026575259994e-05,-0.0015119183138592887
0.230625,0.5843749999999999,2.6137869490292443e-05,-0.001511282378507363
0.230625,0.590625,2.5026069405751888e-05,-0.0015106832092007675
0.230625,0.596875,2.3964689951869518e-05,-0.0015101184992554234
0.234375,0.0031249999999999997,-0.006241615416023177,-0.004193908065228466
0.234375,0.009375,-0.005674202513290522,-0.004631634105329843
0.234375,0.015625,-0.005083692608646342,-0.004966260257810478
0.234375,0.021875,-0.004489960769427429,-0.005202044008046781
0.234375,0.028124999999999997,-0.003909827568225292,-0.0053470836805207715
0.234375,0.034374999999999996,-0.0033565348208103043,-0.0054120211192196285
0.234375,0.040624999999999994,-0.0028396695312868096,-0.005408819764074193
0.234375,0.046875,-0.002365421118951917,-0.00534973967997367
0.234375,0.05312499999999999,-0.0019370454364276376,-0.005246564277957569
0.234375,0.059375,-0.001555423413156699,-0.005110081033791427
0.234375,0.06562499999999999,-0.0012196292821497511,-0.004949785310266193
0.234375,0.071875,-0.0009274528868019531,-0.004773760772364968
0.234375,0.078125,-0.0006758462585942204,-0.004588687145783216
0.234375,0.08437499999999999,-0.00046128390195818397,-0.004399931062540962
0.234375,0.09062499999999998,-0.00028003886300146156,-0.004211684261391726
0.234375,0.09687499999999999,-0.00012838379142847967,-0.004027122633112973
0.234375,0.103125,-2.7293245792267276e-06,-0.0038485679322582643
0.234375,0.109375,0.00010028736405722754,-0.0036776407360067003
0.234375,0.11562499999999999,0.00018375198802546562,-0.0035153982990163177
0.234375,0.12187499999999998,0.00025045036418096,-0.003362454506312988
0.234375,0.128125,0.00030286513448901816,-0.003219081455595345
0.234375,0.13437499999999997,0.00034318551565215187,-0.0030852936106247385
0.234375,0.140625,0.0003733251865398934,-0.0029609162270340154
0.234375,0.14687499999999998,0.0003949447390726962,-0.0028456400756202917
0.234375,0.153125,0.00040947616417142654,-0.0027390645366704124
0.234375,0.159375,0.0004181476489807457,-0.002640731026246423
0.234375,0.16562499999999997,0.0004220075632862031,-0.0025501485190195542
0.234375,0.171875,0.00042194695143153287,-0.002466812702226062
0.234375,0.17812499999999998,0.0004187201571671428,-0.0023902200622423738
0.234375,0.18437499999999998,0.0004129634234084377,-0.002319877986500446
0.234375,0.190625,0.0004052114518013359,-0.002255311767648636
0.234375,0.19687499999999997,0.00039591199790638853,-0.002196069227204782
0.234375,0.203125,0.0003854386317684123,-0.002141723532388855
0.234375,0.20937499999999998,0.0003741018219278603,-0.0020918746605175552
0.234375,0.21562499999999998,0.00036215851187153546,-0.002046149867597633
0.234375,0.221875,0.0003498203575339948,-0.002004203438598706
0.234375,0.22812499999999997,0.00033726078702814457,-0.0019657159334088336
0.234375,0.234375,0.0003246210322912795,-0.0019303930920022557
0.234375,0.24062499999999998,0.00031201526882040947,-0.0018979645225189038
0.234375,0.24687499999999996,0.00029953498549330736,-0.00186818226474604
0.234375,0.253125,0.0002872526924975653,-0.0018408192972035838
0.234375,0.25937499999999997,0.0002752250621467872,-0.0018156680372597852
0.234375,0.265625,0.00026349558514400084,-0.0017925388692934575
0.234375,0.271875,0.0002520968137931177,-0.0017712587249427286
0.234375,0.27812499999999996,0.00024105225379213182,-0.001751669731191184
0.234375,0.284375,0.00023037795753443822,-0.0017336279358447907
0.234375,0.29062499999999997,0.00022008386422629783,-0.0017170021153748076
0.234375,0.296875,0.00021017492550802703,-0.0017016726667704713
0.234375,0.303125,0.00020065204954436742,-0.0016875305826682067
0.234375,0.30937499999999996,0.0001915128916254026,-0.0016744765073727248
0.234375,0.315625,0.00018275251509705407,-0.0016624198702817755
0.234375,0.32187499999999997,0.00017436394283003632,-0.0016512780925325098
0.234375,0.328125,0.00016633861635663834,-0.0016409758622969411
0.234375,0.334375,0.00015866677718287685,-0.0016314444739850837
0.234375,0.34062499999999996,0.0001513377825548359,-0.0016226212266044716
0.234375,0.34687499999999993,0.00014434036606583998,-0.0016144488766264044
0.234375,0.35312499999999997,0.00013766285188626675,-0.0016068751408866036
0.234375,0.359375,0.0001312933300377882,-0.0015998522452740438
0.234375,0.365625,0.00012521979898199768,-0.0015933365152167368
0.234375,0.37187499999999996,0.00011943028081837075,-0.0015872880042424717
0.234375,0.37812499999999993,0.00011391291356149179,-0.001581670157165511
0.234375,0.38437499999999997,0.00010865602426958374,-0.001576449504719476
0.234375,0.390625,0.00010364818620616634,-0.0015715953867170966
0.234375,0.396875,9.887826271758862e-05,-0.0015670797010656982
0.234375,0.40312499999999996,9.433544008724464e-05,-0.0015628766762012815
0.234375,0.40937499999999993,9.000925127057719e-05,-0.0015589626647226295
0.234375,0.41562499999999997,8.588959211346635e-05,-0.0015553159562097106
0.234375,0.421875,8.196673140175659e-05,-0.0015519166073977757
0.234375,0.428125,7.823131587430817e-05,-0.0015487462880504155
0.234375,0.43437499999999996,7.467437114996502e-05,-0.0015457881410320938
0.234375,0.44062499999999993,7.128729936507412e-05,-0.0015430266552241415
0.234375,0.44687499999999997,6.806187418830438e-05,-0.0015404475500586795
0.234375,0.453125,6.499023376982824e-05,-0.0015380376705634623
0.234375,0.459375,6.206487208932672e-05,-0.0015357848919180265
0.234375,0.46562499999999996,5.927862908913353e-05,-0.0015336780326187295
0.234375,0.47187499999999993,5.6624679912916894e-05,-0.001531706775438148
0.234375,0.47812499999999997,5.40965235147316e-05,-0.0015298615954436547
0.234375,0.48437499999999994,5.168797085646353e-05,-0.001528133694411626
0.234375,0.490625,4.9393132872290556e-05,-0.001526514941038315
0.234375,0.49687499999999996,4.7206408345656295e-05,-0.0015249978164066686
0.234375,0.5031249999999999,4.512247181642893e-05,-0.0015235753642208368
0.234375,0.5093749999999999,4.3136261612587e-05,-0.0015222411453674099
0.234375,0.515625,4.1242968081236054e-05,-0.0015209891964050133
0.234375,0.5218749999999999,3.943802207743662e-05,-0.001519813991622259
0.234375,0.528125,3.771708375571154e-05,-0.001518710408338615
0.234375,0.534375,3.607603169778699e-05,-0.001517673695153897
0.234375,0.5406249999999999,3.451095240073769e-05,-0.001516699442880137
0.234375,0.546875,3.301813014196526e-05,-0.0015157835579148716
0.234375,0.5531249999999999,3.159403723107087e-05,-0.001514922237837679
0.234375,0.559375,3.0235324653476687e-05,-0.0015141119490323389
0.234375,0.565625,2.8938813106426075e-05,-0.001513349406155525
0.234375,0.5718749999999999,2.7701484424582538e-05,-0.0015126315532896517
0.234375,0.578125,2.6520473389731983e-05,-0.0015119555466325853
0.234375,0.5843749999999999,2.5393059916952675e-05,-0.0015113187385905496
0.234375,0.590625,2.431666160795687e-05,-0.0015107186631528604
0.234375,0.596875,2.3288826661055162e-05,-0.0015101530224382283
0.238125,0.0031249999999999997,-0.0058044874221522625,-0.003919723312813577
0.238125,0.009375,-0.005299009638339453,-0.004320576422076906
0.238125,0.015625,-0.004771475931923138,-0.0046317683354701045
0.238125,0.021875,-0.004238886023187771,-0.004856377363373191
0.238125,0.028124999999999997,-0.0037158553422378744,-0.005000767171109935
0.238125,0.034374999999999996,-0.003214132285903629,-0.005073568644975051
0.238125,0.040624999999999994,-0.0027424711508148847,-0.005084694465474479
0.238125,0.046875,-0.002306781315826895,-0.005044487300072686
0.238125,0.05312499999999999,-0.0019104592514146358,-0.004963053663387298
0.238125,0.059375,-0.001554816111942986,-0.004849794696932764
0.238125,0.06562499999999999,-0.0012395311967075982,-0.0047131172062541025
0.238125,0.071875,-0.0009630827732680326,-0.004560293234519001
0.238125,0.078125,-0.000723127509660177,-0.004397431560836143
0.238125,0.08437499999999999,-0.0005168154913039423,-0.004229526304754733
0.238125,0.09062499999999998,-0.00034103884191729483,-0.004060553162220026
0.238125,0.09687499999999999,-0.00019261878140527006,-0.0038935903892935025
0.238125,0.103125,-6.84394715224663e-05,-0.0037309480555466363
0.238125,0.109375,3.4461775256067975e-05,-0.0035742945779063183
0.238125,0.11562499999999999,0.00011883855365939194,-0.0034247738641862155
0.238125,0.12187499999999998,0.0001872053035711559,-0.0032831095698162924
0.238125,0.128125,0.0002418260560294169,-0.003149695163391576
0.238125,0.13437499999999997,0.0002847162838149582,-0.003024669912984641
0.238125,0.140625,0.0003176534206978304,-0.002907981745925057
0.238125,0.14687499999999998,0.00034219270786272585,-0.002799438370855087
0.238125,0.153125,0.000359685926414404,-0.0026987482170837103
0.238125,0.159375,0.00037130128895388067,-0.002605552742872326
0.238125,0.16562499999999997,0.00037804331286228984,-0.002519451562469563
0.238125,0.171875,0.0003807719100275243,-0.0024400216898055223
0.238125,0.17812499999999998,0.0003802202291379405,-0.002366832026104008
0.238125,0.18437499999999998,0.0003770110015594882,-0.0022994540485085225
0.238125,0.190625,0.00037167129076413777,-0.002237469498062572
0.238125,0.19687499999999997,0.00036464564503639526,-0.002180475723457861
0.238125,0.203125,0.00035630771698597514,-0.002128089213801636
0.238125,0.20937499999999998,0.00034697045144810437,-0.002079947749099047
0.238125,0.21562499999999998,0.0003368949633773485,-0.002035711509877554
0.238125,0.221875,0.00032629823506799457,-0.0019950634155176832
0.238125,0.22812499999999997,0.0003153597616489214,-0.0019577089023319265
0.238125,0.234375,0.00030422726830774236,-0.001923375305220978
0.238125,0.24062499999999998,0.0002930216142154969,-0.00189181096895899
0.238125,0.24687499999999996,0.00028184098811144596,-0.0018627841851532633
0.238125,0.253125,0.0002707644899515671,-0.0018360820272525441
0.238125,0.25937499999999997,0.00025985518256437553,-0.0018115091374266757
0.238125,0.265625,0.0002491626872905406,-0.0017888865046963296
0.238125,0.271875,0.00023872538833567385,-0.001768050262521519
0.238125,0.27812499999999996,0.0002285723021501571,-0.001748850525482051
0.238125,0.284375,0.00021872466060065838,-0.001731150278152599
0.238125,0.29062499999999997,0.000209197250000185,-0.0017148243243480764
0.238125,0.296875,0.00019999954217235608,-0.0016997583012389964
0.238125,0.303125,0.00019113664857933285,-0.0016858477601312616
0.238125,0.30937499999999996,0.00018261012407209387,-0.0016729973137486944
0.238125,0.315625,0.00017441864295512902,-0.001661119848475149
0.238125,0.32187499999999997,0.00016655856672566352,-0.0016501357990691774
0.238125,0.328125,0.0001590244199848017,-0.0016399724827511415
0.238125,0.334375,0.00015180928856441017,-0.0016305634891970893
0.238125,0.34062499999999996,0.00014490515181484864,-0.001621848122791175
0.238125,0.34687499999999993,0.00013830315920640264,-0.0016137708934392998
0.238125,0.35312499999999997,0.0001319938598687789,-0.0016062810522927766
0.238125,0.359375,0.00012596739239087267,-0.0015993321688431842
0.238125,0.365625,0.00012021364109466693,-0.0015928817460061748
0.238125,0.37187499999999996,0.0001147223640543976,-0.0015868908699963186
0.238125,0.37812499999999993,0.00010948329733071675,-0.001581323891994838
0.238125,0.38437499999999997,0.00010448623920862229,-0.0015761481388183373
0.238125,0.390625,9.972111764950474e-05,-0.0015713336500028652
0.238125,0.396875,9.517804367647821e-05,-0.0015668529389192911
0.238125,0.40312499999999996,9.084735299514717e-05,-0.0015626807757299409
0.238125,0.40937499999999993,8.671963779797441e-05,-0.001558793990180672
0.238125,0.41562499999999997,8.27857703999705e-05,-0.001555171292395892
0.238125,0.421875,7.903692009845829e-05,-0.0015517931100058207
0.238125,0.428125,7.546456443330902e-05,-0.0015486414400854114
0.238125,0.43437499999999996,7.206049584048118e-05,-0.0015456997145229057
0.238125,0.44062499999999993,6.881682453596553e-05,-0.001542952677563391
0.238125,0.44687499999999997,6.572597833514311e-05,-0.0015403862743894302
0.238125,0.453125,6.278070000054156e-05,-0.0015379875497074618
0.238125,0.459375,5.997404261598835e-05,-0.0015357445554058497
0.238125,0.46562499999999996,5.7299363404647854e-05,-0.0015336462664388704
0.238125,0.47187499999999993,5.475031634020233e-05,-0.0015316825041712253
0.238125,0.47812499999999997,5.232084384265212e-05,-0.0015298438664904832
0.238125,0.48437499999999994,5.000516780128579e-05,-0.001528121664060856
0.238125,0.490625,4.7797780125978956e-05,-0.0015265078621514298
0.238125,0.49687499999999996,4.569343299298595e-05,-0.0015249950275260152
0.238125,0.5031249999999999,4.368712892182218e-05,-0.0015235762799306113
0.238125,0.5093749999999999,4.1774110794888363e-05,-0.0015222452477586337
0.238125,0.515625,3.9949851910458e-05,-0.0015209960275139218
0.238125,0.5218749999999999,3.8210046141947625e-05,-0.0015198231467275537
0.238125,0.528125,3.65505982615129e-05,-0.001518721530017017
0.238125,0.534375,3.496761447353925e-05,-0.001517686468005656
0.238125,0.5406249999999999,3.3457393193148574e-05,-0.0015167135888468153
0.238125,0.546875,3.201641609613167e-05,-0.001515798832121064
0.238125,0.5531249999999999,3.064133945946006e-05,-0.0015149384248964888
0.238125,0.559375,2.932898580551614e-05,-0.0015141288597615968
0.238125,0.565625,2.807633585821756e-05,-0.001513366874657997
0.238125,0.5718749999999999,2.688052081513121e-05,-0.0015126494343559937
0.238125,0.578125,2.573881493634443e-05,-0.001511973713430626
0.238125,0.5843749999999999,2.464862844816517e-05,-0.0015113370806087306
0.238125,0.590625,2.360750075755637e-05,-0.0015107370843693865
0.238125,0.596875,2.2613093971496527e-05,-0.0015101714396907721
