AXIS X
0.000000000000e+00 2.500000000000e-03 5.000000000000e-03 7.500000000000e-03 1.000000000000e-02 1.250000000000e-02 1.500000000000e-02 1.750000000000e-02 2.000000000000e-02 2.250000000000e-02 2.500000000000e-02 2.750000000000e-02 3.000000000000e-02 3.250000000000e-02 3.500000000000e-02 3.750000000000e-02 4.000000000000e-02 4.250000000000e-02 4.500000000000e-02 4.750000000000e-02 5.000000000000e-02 5.250000000000e-02 5.500000000000e-02 5.750000000000e-02 6.000000000000e-02 6.250000000000e-02 6.500000000000e-02 6.750000000000e-02 7.000000000000e-02 7.250000000000e-02 7.500000000000e-02 7.750000000000e-02 8.000000000000e-02 8.250000000000e-02 8.500000000000e-02 8.750000000000e-02 9.000000000000e-02 9.250000000000e-02 9.500000000000e-02 9.750000000000e-02 1.000000000000e-01 1.025000000000e-01 1.050000000000e-01 1.075000000000e-01 1.100000000000e-01 1.125000000000e-01 1.150000000000e-01 1.175000000000e-01 1.200000000000e-01 1.225000000000e-01 1.250000000000e-01 1.275000000000e-01 1.300000000000e-01 1.325000000000e-01 1.350000000000e-01 1.375000000000e-01 1.400000000000e-01 1.425000000000e-01 1.450000000000e-01 1.475000000000e-01 1.500000000000e-01 1.525000000000e-01 1.550000000000e-01 1.575000000000e-01 1.600000000000e-01 1.625000000000e-01 1.650000000000e-01 1.675000000000e-01 1.700000000000e-01 1.725000000000e-01 1.750000000000e-01 1.775000000000e-01 1.800000000000e-01 1.825000000000e-01 1.850000000000e-01 1.875000000000e-01 1.900000000000e-01 1.925000000000e-01 1.950000000000e-01 1.975000000000e-01 2.000000000000e-01 2.025000000000e-01 2.050000000000e-01 2.075000000000e-01 2.100000000000e-01 2.125000000000e-01 2.150000000000e-01 2.175000000000e-01 2.200000000000e-01 2.225000000000e-01 2.250000000000e-01 2.275000000000e-01 2.300000000000e-01 2.325000000000e-01 2.350000000000e-01 2.375000000000e-01 2.400000000000e-01 2.425000000000e-01 2.450000000000e-01 2.475000000000e-01 2.500000000000e-01

AXIS Y
0.000000000000e+00 1.875000000000e-03 3.750000000000e-03 5.625000000000e-03 7.500000000000e-03 9.375000000000e-03 1.125000000000e-02 1.312500000000e-02 1.500000000000e-02 1.687500000000e-02 1.875000000000e-02 2.062500000000e-02 2.250000000000e-02 2.437500000000e-02 2.625000000000e-02 2.812500000000e-02 3.000000000000e-02 3.187500000000e-02 3.375000000000e-02 3.562500000000e-02 3.750000000000e-02 3.937500000000e-02 4.125000000000e-02 4.312500000000e-02 4.500000000000e-02 4.687500000000e-02 4.875000000000e-02 5.062500000000e-02 5.250000000000e-02 5.437500000000e-02 5.625000000000e-02 5.812500000000e-02 6.000000000000e-02 6.187500000000e-02 6.375000000000e-02 6.562500000000e-02 6.750000000000e-02 6.937500000000e-02 7.125000000000e-02 7.312500000000e-02 7.500000000000e-02 7.687500000000e-02 7.875000000000e-02 8.062500000000e-02 8.250000000000e-02 8.437500000000e-02 8.625000000000e-02 8.812500000000e-02 9.000000000000e-02 9.187500000000e-02 9.375000000000e-02 9.562500000000e-02 9.750000000000e-02 9.937500000000e-02 1.012500000000e-01 1.031250000000e-01 1.050000000000e-01 1.068750000000e-01 1.087500000000e-01 1.106250000000e-01 1.125000000000e-01 1.143750000000e-01 1.162500000000e-01 1.181250000000e-01 1.200000000000e-01 1.218750000000e-01 1.237500000000e-01 1.256250000000e-01 1.275000000000e-01 1.293750000000e-01 1.312500000000e-01 1.331250000000e-01 1.350000000000e-01 1.368750000000e-01 1.387500000000e-01 1.406250000000e-01 1.425000000000e-01 1.443750000000e-01 1.462500000000e-01 1.481250000000e-01 1.500000000000e-01 1.518750000000e-01 1.537500000000e-01 1.556250000000e-01 1.575000000000e-01 1.593750000000e-01 1.612500000000e-01 1.631250000000e-01 1.650000000000e-01 1.668750000000e-01 1.687500000000e-01 1.706250000000e-01 1.725000000000e-01 1.743750000000e-01 1.762500000000e-01 1.781250000000e-01 1.800000000000e-01 1.818750000000e-01 1.837500000000e-01 1.856250000000e-01 1.875000000000e-01 1.893750000000e-01 1.912500000000e-01 1.931250000000e-01 1.950000000000e-01 1.968750000000e-01 1.987500000000e-01 2.006250000000e-01 2.025000000000e-01 2.043750000000e-01 2.062500000000e-01 2.081250000000e-01 2.100000000000e-01 2.118750000000e-01 2.137500000000e-01 2.156250000000e-01 2.175000000000e-01 2.193750000000e-01 2.212500000000e-01 2.231250000000e-01 2.250000000000e-01 2.268750000000e-01 2.287500000000e-01 2.306250000000e-01 2.325000000000e-01 2.343750000000e-01 2.362500000000e-01 2.381250000000e-01 2.400000000000e-01 2.418750000000e-01 2.437500000000e-01 2.456250000000e-01 2.475000000000e-01 2.493750000000e-01 2.512500000000e-01 2.531250000000e-01 2.550000000000e-01 2.568750000000e-01 2.587500000000e-01 2.606250000000e-01 2.625000000000e-01 2.643750000000e-01 2.662500000000e-01 2.681250000000e-01 2.700000000000e-01 2.718750000000e-01 2.737500000000e-01 2.756250000000e-01 2.775000000000e-01 2.793750000000e-01 2.812500000000e-01 2.831250000000e-01 2.850000000000e-01 2.868750000000e-01 2.887500000000e-01 2.906250000000e-01 2.925000000000e-01 2.943750000000e-01 2.962500000000e-01 2.981250000000e-01 3.000000000000e-01

DATA
1.660890924641e-07 1.671131584659e-07 1.662906690853e-07 1.636480022071e-07 1.592712392199e-07 1.533014967038e-07 1.459273535856e-07 1.373749355746e-07 1.278963961006e-07 1.177576010827e-07 1.072258648216e-07 9.655850715411e-08 8.599289968788e-08 7.573849341398e-08 6.597113434436e-08 5.682977092667e-08 4.841547462225e-08 4.079253533668e-08 3.399127872950e-08 2.801217800128e-08 2.283080720967e-08 1.840319701467e-08 1.467120071010e-08 1.156754787170e-08 9.020346750212e-09 6.956880902729e-09 5.306626817749e-09 4.003487677791e-09 2.987293017323e-09 2.204651856040e-09 1.609268956923e-09 1.161842575310e-09 8.296590407153e-10 5.859889710760e-10 4.093741627549e-10 2.828762044926e-10 1.933397915626e-10 1.307069842169e-10 8.740433404770e-11 5.781329266457e-11 3.782569944388e-11 2.448018785808e-11 1.567166203636e-11 9.924118459400e-12 6.216550374826e-12 3.852048048103e-12 2.361145577867e-12 1.431682757301e-12 8.587523472246e-13 5.095541757916e-13 2.991012778986e-13 1.736824180700e-13 9.977169636964e-14 5.669921004100e-14 3.187638514222e-14 1.772914502798e-14 9.755228859899e-15 5.310340295383e-15 2.859872972414e-15 1.523754194430e-15 8.032137597537e-16 4.188897039139e-16 2.161348536118e-16 1.103343495589e-16 5.572649144392e-17 2.784722240924e-17 1.376814560406e-17 6.735138465971e-18 3.259861959042e-18 1.561124505643e-18 7.397168713422e-19 3.468064033767e-19 1.608815292558e-19 7.384593501637e-20 3.353915402216e-20 1.507253915041e-20 6.702443774313e-21 2.949143756617e-21 1.284038948211e-21 5.532014987382e-22 2.358385103994e-22 9.948911431471e-23 4.153067890334e-23 1.715529508180e-23 7.012389544431e-24 2.836452066938e-24 1.135348632241e-24 4.497074965089e-25 1.762709431930e-25 6.837283382945e-26 2.624467042206e-26 9.969094492467e-27 3.747396176188e-27 1.394007111018e-27 5.131731651553e-28 1.869512868104e-28 6.740008796316e-29 2.404704882584e-29 8.490517685915e-30 2.966738642568e-30 1.025885113342e-30
2.403478262454e-07 2.418754222394e-07 2.407256853121e-07 2.369355067344e-07 2.306285776339e-07 2.220086655108e-07 2.113486551328e-07 1.989761711128e-07 1.852568419047e-07 1.705764061491e-07 1.553228676273e-07 1.398698460322e-07 1.245620817987e-07 1.097038234247e-07 9.555054294247e-08 8.230413149322e-08 7.011146187696e-08 5.906597326413e-08 4.921176210304e-08 4.054955771287e-08 3.304392342555e-08 2.663104193875e-08 2.122651596834e-08 1.673271283203e-08 1.304530642959e-08 1.005879174278e-08 7.670865562059e-09 5.785667367528e-09 4.315952748480e-09 3.184327310377e-09 2.323701052693e-09 1.677135437908e-09 1.197250945579e-09 8.453475634728e-10 5.903674692585e-10 4.078030773141e-10 2.786272254279e-10 1.882979561939e-10 1.258695649351e-10 8.322484854501e-11 5.443103190030e-11 3.521320318877e-11 2.253378105144e-11 1.426383686669e-11 8.931339895749e-12 5.531960395272e-12 3.389439967265e-12 2.054317374869e-12 1.231692032841e-12 7.305266028429e-13 4.286211317007e-13 2.487820879585e-13 1.428489288559e-13 8.114310036946e-14 4.559816083124e-14 2.534945210501e-14 1.394182927787e-14 7.585868162916e-15 4.083472026531e-15 2.174688506748e-15 1.145808720237e-15 5.972816586047e-16 3.080368063930e-16 1.571762035578e-16 7.934801637314e-17 3.963280134261e-17 1.958606422333e-17 9.576736495878e-18 4.633082941706e-18 2.217731432487e-18 1.050360269153e-18 4.922232670267e-19 2.282361927413e-19 1.047151101520e-19 4.753795888630e-20 2.135412829082e-20 9.491547671764e-21 4.174550691667e-21 1.816785000980e-21 7.823875114845e-22 3.334020485657e-22 1.405872422344e-22 5.866216372728e-23 2.422188258731e-23 9.896882242445e-24 4.001589634360e-24 1.601080572238e-24 6.339325837697e-25 2.483847190851e-25 9.630773153993e-26 3.695339865122e-26 1.403159223804e-26 5.272555308142e-27 1.960645815740e-27 7.215111832880e-28 2.627573762123e-28 9.469708725980e-29 3.377458452788e-29 1.192111433767e-29 4.164077479397e-30 1.439452859776e-30
3.461562367898e-07 3.484235489126e-07 3.468271600221e-07 3.414183183237e-07 3.323738831841e-07 3.199866928378e-07 3.046497741578e-07 2.868355888646e-07 2.670718428014e-07 2.459155897087e-07 2.239273975765e-07 2.016472263652e-07 1.795734201677e-07 1.581458723320e-07 1.377340012975e-07 1.186297780092e-07 1.010456248289e-07 8.511669949386e-08 7.090680812552e-08 5.841705067797e-08 4.759624169718e-08 3.835217696682e-08 3.056291970567e-08 2.408742591010e-08 1.877500565908e-08 1.447329477279e-08 1.103458489274e-08 8.320502605609e-09 6.205144173239e-09 4.576851333888e-09 3.338860465929e-09 2.409074576642e-09 1.719201399381e-09 1.213477903851e-09 8.471683093758e-10 5.849845291363e-10 3.995398304643e-10 2.699112590336e-10 1.803563188905e-10 1.192052580984e-10 7.793228655664e-11 5.039665024459e-11 3.223684127069e-11 2.039737031520e-11 1.276647858246e-11 7.904013554063e-12 4.840700768742e-12 2.932629631799e-12 1.757515051435e-12 1.041929156905e-12 6.110533186953e-13 3.545082018036e-13 2.034624353452e-13 1.155200797548e-13 6.488593188156e-14 3.605520593413e-14 1.982048759555e-14 1.077938951885e-14 5.799786850860e-15 3.087254935224e-15 1.625848589287e-15 8.471091803292e-16 4.366715434178e-16 2.227055877035e-16 1.123757334052e-16 5.610268221100e-17 2.771205876096e-17 1.354354710471e-17 6.549058314675e-18 3.133375093760e-18 1.483328186519e-18 6.947965052788e-19 3.220161329191e-19 1.476730743571e-19 6.700892672456e-20 3.008677031445e-20 1.336699756550e-20 5.876399307806e-21 2.556298233815e-21 1.100368376387e-21 4.686995338309e-22 1.975532456455e-22 8.239679789734e-23 3.400761805567e-23 1.388944548601e-23 5.613573500248e-24 2.245135894679e-24 8.885817101485e-25 3.480217000412e-25 1.348876222519e-25 5.173651850618e-26 1.963740209809e-26 7.376237719749e-27 2.741902632907e-27 1.008643100233e-27 3.671921675516e-28 1.322883564088e-28 4.716545168205e-29 1.664187647349e-29 5.811097687577e-30 2.008136475329e-30
4.961944424344e-07 4.995429711295e-07 4.973416476200e-07 4.896611777828e-07 4.767532079198e-07 4.590365949701e-07 4.370747670993e-07 4.115458990350e-07 3.832081006036e-07 3.528621166730e-07 3.213140921700e-07 2.893407842237e-07 2.576592574958e-07 2.269025788329e-07 1.976024625132e-07 1.701791825498e-07 1.449385277010e-07 1.220750741756e-07 1.016806963784e-07 8.375702053585e-08 6.823043398204e-08 5.496831663304e-08 4.379529658579e-08 3.450855032139e-08 2.689142247465e-08 2.072489653805e-08 1.579669827554e-08 1.190801953518e-08 8.878017693626e-09 6.546358443584e-09 4.774138109797e-09 3.443545015667e-09 2.456610776993e-09 1.733368869732e-09 1.209689663873e-09 8.350060045192e-10 5.700884211966e-10 3.849782547807e-10 2.571437205677e-10 1.698892106317e-10 1.110223079236e-10 7.176517128207e-11 4.588605141013e-11 2.902121676505e-11 1.815611884110e-11 1.123588814735e-11 6.878176699492e-12 4.165099095545e-12 2.494985452944e-12 1.478447687634e-12 8.666500969204e-13 5.025579353043e-13 2.882953567615e-13 1.636074200507e-13 9.185162819566e-14 5.101453441636e-14 2.803037451265e-14 1.523689526342e-14 8.194102247168e-15 4.359616563240e-15 2.294784593407e-15 1.195052429460e-15 6.157268154207e-16 3.138700683234e-16 1.582986051413e-16 7.899038322807e-17 3.899831657300e-17 1.905006777285e-17 9.207265928409e-18 4.403041375820e-18 2.083373467637e-18 9.753894947786e-19 4.518453723675e-19 2.071126321332e-19 9.393607476663e-20 4.215715668491e-20 1.872092150300e-20 8.226289284092e-21 3.576887892396e-21 1.538986916410e-21 6.552338649479e-22 2.760533447517e-22 1.150875441186e-22 4.747943289812e-23 1.938330244280e-23 7.830655629474e-24 3.130541970867e-24 1.238496643529e-24 4.848716338979e-25 1.878529411614e-25 7.202297072282e-26 2.732677018046e-26 1.026058566887e-26 3.812631197401e-27 1.402001170419e-27 5.102052443163e-28 1.837453525408e-28 6.548842623125e-29 2.309889698043e-29 8.063026564008e-30 2.785394248198e-30
7.079369614886e-07 7.128579796547e-07 7.098439088375e-07 6.989916044718e-07 6.806573891224e-07 6.554375688442e-07 6.241361210534e-07 5.877220315805e-07 5.472794214998e-07 5.039540674605e-07 4.588999726375e-07 4.132294285531e-07 3.679694859036e-07 3.240270383034e-07 2.821638705174e-07 2.429821458487e-07 2.069200103641e-07 1.742562614781e-07 1.451225472842e-07 1.195212231401e-07 9.734687759525e-08 7.840960803913e-08 6.245832799264e-08 4.920270020905e-08 3.833265103202e-08 2.953480053152e-08 2.250549308961e-08 1.696041388983e-08 1.264101593627e-08 9.318143425965e-09 6.793334492988e-09 4.898320144449e-09 3.493222896264e-09 2.463909961698e-09 1.718886662855e-09 1.186036397406e-09 8.094344347348e-10 5.463900154783e-10 3.648092209715e-10 2.409214148138e-10 1.573751419273e-10 1.016839951131e-10 6.498743881775e-11 4.108385943749e-11 2.569109961056e-11 1.589163082187e-11 9.723737997522e-12 5.885478045731e-12 3.523860304038e-12 2.087126685792e-12 1.222860437401e-12 7.087739020091e-13 4.063928723044e-13 2.305137332813e-13 1.293494883798e-13 7.180499535134e-14 3.943405908346e-14 2.142496133167e-14 1.151609419836e-14 6.123952656538e-15 3.221845753219e-15 1.676983565360e-15 8.635924435996e-16 4.399969094210e-16 2.217971485729e-16 1.106197241591e-16 5.458636431267e-17 2.665111673703e-17 1.287451593719e-17 6.153684363263e-18 2.910266969727e-18 1.361846562791e-18 6.305588452455e-19 2.888879603297e-19 1.309615611652e-19 5.874527534653e-20 2.607478706795e-20 1.145226170062e-20 4.977236348015e-21 2.140501386979e-21 9.109124854730e-22 3.835970213654e-22 1.598507429507e-22 6.591712846130e-23 2.689857706165e-23 1.086202621499e-23 4.340561360041e-24 1.716474501664e-24 6.717195593397e-25 2.601360175493e-25 9.969592248741e-26 3.781126243078e-26 1.419169212597e-26 5.271311136453e-27 1.937656231859e-27 7.048723202542e-28 2.537591871399e-28 9.040917923440e-29 3.187751525838e-29 1.112344315829e-29 3.841301747459e-30
1.005346334355e-06 1.012543023771e-06 1.008446143420e-06 9.931874078407e-07 9.672689234582e-07 9.315356817779e-07 8.871296575984e-07 8.354290394119e-07 7.779771189678e-07 7.164059363844e-07 6.523599671027e-07 5.874247489004e-07 5.230646431995e-07 4.605728966076e-07 4.010359291253e-07 3.453125598135e-07 2.940276786216e-07 2.475788914607e-07 2.061539283099e-07 1.697561323492e-07 1.382351963504e-07 1.113203914042e-07 8.865383505964e-08 6.982178792032e-08 5.438249007970e-08 4.188958506620e-08 3.191068519912e-08 2.404106177301e-08 1.791278094464e-08 1.319984141131e-08 9.620004286267e-09 6.934054304983e-09 4.943212002516e-09 3.485345958287e-09 2.430534924847e-09 1.676416143510e-09 1.143643047885e-09 7.716716716620e-10 5.150065454673e-10 3.399662525326e-10 2.219762377176e-10 1.433605133165e-10 9.158192555326e-11 5.786979559472e-11 3.617103113881e-11 2.236358470517e-11 1.367723720254e-11 8.274402266643e-12 4.951776733861e-12 2.931409903478e-12 1.716674818628e-12 9.944900710515e-13 5.699263663523e-13 3.231081427966e-13 1.812144810599e-13 1.005445970518e-13 5.518873340528e-14 2.996905037794e-14 1.610020546044e-14 8.557181669111e-15 4.499621590690e-15 2.340842179042e-15 1.204825521956e-15 6.135317199106e-16 3.091118482407e-16 1.540866252490e-16 7.599582796964e-17 3.708470955709e-17 1.790544387131e-17 8.553917854943e-18 4.043332601689e-18 1.891092750725e-18 8.751644135277e-19 4.007507421124e-19 1.815813360941e-19 8.141126403299e-20 3.611755511322e-20 1.585538479213e-20 6.887534115023e-21 2.960622987178e-21 1.259327088987e-21 5.300705744705e-22 2.207862700453e-22 9.100327876368e-23 3.711862705736e-23 1.498234594438e-23 5.984444431063e-24 2.365521450404e-24 9.253196708054e-25 3.581964332045e-25 1.372201430575e-25 5.202164789854e-26 1.951741687006e-26 7.246608944134e-27 2.662709078197e-27 9.682579352440e-28 3.484486654130e-28 1.240991437410e-28 4.374039951544e-29 1.525746340467e-29 5.267070299984e-30
1.421120657105e-06 1.431594487236e-06 1.426067738757e-06 1.404718154558e-06 1.368249894194e-06 1.317854837765e-06 1.255147677314e-06 1.182079767123e-06 1.100838152616e-06 1.013737054431e-06 9.231093417141e-07 8.312049827858e-07 7.401024508170e-07 6.516376067380e-07 5.673528355015e-07 4.884674283594e-07 4.158685258016e-07 3.501205414764e-07 2.914898890359e-07 2.399812156908e-07 1.953810940835e-07 1.573052513691e-07 1.252458434676e-07 9.861591323477e-08 7.678891792938e-08 5.913197116589e-08 4.503217437795e-08 3.391601354997e-08 2.526228571048e-08 1.860934721045e-08 1.355766908209e-08 9.768752197860e-09 6.961424833841e-09 4.906445703816e-09 3.420192295285e-09 2.358053131473e-09 1.607981556475e-09 1.084520698741e-09 7.234838382948e-10 4.773741939862e-10 3.115538170549e-10 2.011204244744e-10 1.284201516371e-10 8.110899781984e-11 5.067207763512e-11 3.131390206633e-11 1.914165418182e-11 1.157445522818e-11 6.923178119516e-12 4.096371708495e-12 2.397657765177e-12 1.388270536825e-12 7.951795677842e-13 4.505734953005e-13 2.525692894960e-13 1.400603080332e-13 7.683771051685e-14 4.170265825791e-14 2.239175984527e-14 1.189468820724e-14 6.251200303236e-15 3.250307487802e-15 1.672019375185e-15 8.509795202947e-16 4.285119569973e-16 2.134901641620e-16 1.052371059470e-16 5.132642132139e-17 2.476846208848e-17 1.182627332031e-17 5.587176263034e-18 2.611783198729e-18 1.208055228404e-18 5.528991280702e-19 2.503911163704e-19 1.122044740704e-19 4.975353333527e-20 2.183053227555e-20 9.478408057956e-21 4.072312414377e-21 1.731351298205e-21 7.284024993847e-22 3.032517805048e-22 1.249350956250e-22 5.093520426594e-23 2.054978936841e-23 8.204564228615e-24 3.241645077243e-24 1.267476933221e-24 4.904356823380e-25 1.877993426113e-25 7.116698855645e-26 2.668935074501e-26 9.905458869781e-27 3.638233082981e-27 1.322476053658e-27 4.757386531296e-28 1.693691162835e-28 5.967424063059e-29 2.080789347950e-29 7.180578043741e-30
1.999660664656e-06 2.014830907129e-06 2.007433715475e-06 1.977707046184e-06 1.926633725893e-06 1.855887250147e-06 1.767740444905e-06 1.664943829017e-06 1.550582887969e-06 1.427924553691e-06 1.300263508262e-06 1.170778344831e-06 1.042406007328e-06 9.177409774105e-07 7.989631325520e-07 6.877957180589e-07 5.854924588333e-07 4.928508617931e-07 4.102471929113e-07 3.376877695455e-07 2.748707892025e-07 2.212531713851e-07 1.761174332743e-07 1.386345670199e-07 1.079199139896e-07 8.308013010019e-08 6.325035915844e-08 4.762158914516e-08 3.545885453389e-08 2.611141297561e-08 1.901629312319e-08 1.369670701024e-08 9.756775255774e-09 6.873869908920e-09 4.789677125333e-09 3.300852764289e-09 2.249915043571e-09 1.516810098209e-09 1.011408285754e-09 6.670480041601e-10 4.351390352731e-10 2.807659707777e-10 1.791890494560e-10 1.131186329605e-10 7.063462471650e-11 4.362817901557e-11 2.665554946171e-11 1.610958954703e-11 9.630809371734e-12 5.695446676642e-12 3.331844468801e-12 1.928141197447e-12 1.103812756364e-12 6.251147415624e-13 3.502169360437e-13 1.941033125835e-13 1.064271643871e-13 5.772994253507e-14 3.098019900025e-14 1.644777191450e-14 8.639231027536e-15 4.489454511414e-15 2.308170317681e-15 1.174094923376e-15 5.908876435294e-16 2.942240497910e-16 1.449533202681e-16 7.065778659900e-17 3.407837036368e-17 1.626258331664e-17 7.678866295969e-18 3.587619523463e-18 1.658525360877e-18 7.586631538703e-19 3.433931118834e-19 1.537992977604e-19 6.816189860002e-20 2.989219566619e-20 1.297199898641e-20 5.570484565872e-21 2.367118109594e-21 9.953860398973e-22 4.142013268607e-22 1.705623932900e-22 6.950408568077e-23 2.802824617435e-23 1.118518567543e-23 4.417282527639e-24 1.726373492722e-24 6.677051277565e-25 2.555687088672e-25 9.680687115563e-26 3.628963721340e-26 1.346292075304e-26 4.942860310544e-27 1.795981351570e-27 6.458202897218e-28 2.298316084750e-28 8.094644178584e-29 2.821482292158e-29 9.733072944253e-30
2.800966586921e-06 2.822834761052e-06 2.813015456026e-06 2.771824620833e-06 2.700627514049e-06 2.601763251289e-06 2.478416741426e-06 2.334447770399e-06 2.174190116839e-06 2.002235227185e-06 1.823215612132e-06 1.641601900462e-06 1.461525712776e-06 1.286637351439e-06 1.120003947211e-06 9.640500841053e-07 8.205395605347e-07 6.905940746890e-07 5.747425193888e-07 4.729932593031e-07 3.849212717433e-07 3.097623144701e-07 2.465071338568e-07 1.939899898959e-07 1.509672907698e-07 1.161836495613e-07 8.842412357034e-08 6.655262142858e-08 4.953741475136e-08 3.646535414885e-08 2.654676809671e-08 1.911314775195e-08 1.360966255441e-08 9.584342486916e-09 6.675478082197e-09 4.598463731850e-09 3.132988186676e-09 2.111181681859e-09 1.407079318084e-09 9.275619505194e-10 6.047890343859e-10 3.900378821006e-10 2.488037029431e-10 1.569854251857e-10 9.797596722213e-11 6.048432218163e-11 3.693468728365e-11 2.231000769668e-11 1.333042679525e-11 7.879030936693e-12 4.606715302733e-12 2.664435311678e-12 1.524472771581e-12 8.628599520568e-13 4.831395477415e-13 2.676221168085e-13 1.466540522425e-13 7.950497650066e-14 4.264108722462e-14 2.262567100207e-14 1.187734666344e-14 6.168615188425e-15 3.169652859651e-15 1.611376291598e-15 8.104923520930e-16 4.033415409190e-16 1.985977916760e-16 9.675169929022e-17 4.663701496022e-17 2.224313548871e-17 1.049686164521e-17 4.901467678643e-18 2.264649153716e-18 1.035353472183e-18 4.683753162367e-19 2.096629042019e-19 9.287010322723e-20 4.070627524080e-20 1.765558685265e-20 7.577787722125e-21 3.218445756819e-21 1.352686958190e-21 5.625997048467e-22 2.315561863025e-22 9.431297332434e-23 3.801438595368e-23 1.516314254942e-23 5.985469421389e-24 2.338179821458e-24 9.039222866788e-25 3.458282314972e-25 1.309388430659e-25 4.906340385513e-26 1.819408672862e-26 6.677108402475e-27 2.425125532801e-27 8.717051005674e-28 3.100961246398e-28 1.091732377506e-28 3.803914539679e-29 1.311721158702e-29
3.905729707257e-06 3.937104780549e-06 3.924183388284e-06 3.867381334054e-06 3.768586217835e-06 3.631052847739e-06 3.459224512220e-06 3.258493824876e-06 3.034921168695e-06 2.794931307801e-06 2.545009274866e-06 2.291415389191e-06 2.039936406350e-06 1.795685515959e-06 1.562959167540e-06 1.345153580682e-06 1.144739032754e-06 9.632860252702e-07 8.015344746828e-07 6.594951254700e-07 5.365718381353e-07 4.316936990062e-07 3.434471395044e-07 2.702000379386e-07 2.102118925507e-07 1.617263180515e-07 1.230441319776e-07 9.257702452443e-08 6.888315012285e-08 5.068689114001e-08 3.688558002261e-08 2.654613726557e-08 1.889449418962e-08 1.330037500884e-08 9.259608970315e-09 6.375687359912e-09 4.341826209050e-09 2.924383768667e-09 1.948131375446e-09 1.283599382504e-09 8.365146953288e-10 5.392074683931e-10 3.437810285452e-10 2.167988830999e-10 1.352342667003e-10 8.344042351861e-11 5.092508578077e-11 3.074383598325e-11 1.835950118424e-11 1.084540510102e-11 6.337505153451e-12 3.663398043891e-12 2.094829820681e-12 1.184998716315e-12 6.631276975510e-13 3.671066865527e-13 2.010522592421e-13 1.089313452708e-13 5.838882532160e-14 3.096316096908e-14 1.624445842922e-14 8.431702605675e-15 4.329932275532e-15 2.199927483196e-15 1.105866461650e-15 5.500088193011e-16 2.706542142561e-16 1.317782036194e-16 6.348358266305e-17 3.026033015881e-17 1.427202298129e-17 6.660429159943e-18 3.075592250995e-18 1.405303516747e-18 6.353765642539e-19 2.842606034652e-19 1.258436177204e-19 5.512889026046e-20 2.389820068402e-20 1.025163857998e-20 4.351786652376e-21 1.828066917459e-21 7.599247432379e-22 3.126128033724e-22 1.272635847163e-22 5.127033469185e-23 2.044071173093e-23 8.064860219923e-24 3.148992429429e-24 1.216811091059e-24 4.653226241346e-25 1.761031820118e-25 6.595757642367e-26 2.444831458348e-26 8.968546859551e-27 3.256013559146e-27 1.169885136982e-27 4.160015466123e-28 1.464006714010e-28 5.099048942564e-29 1.757659564034e-29
5.421951031014e-06 5.466756248625e-06 5.449909988626e-06 5.371954305640e-06 5.235486804951e-06 5.045016348751e-06 4.806714611362e-06 4.528082945394e-06 4.217559456533e-06 3.884095258907e-06 3.536729357873e-06 3.184190186120e-06 2.834547414965e-06 2.494932157691e-06 2.171336557371e-06 1.868496887139e-06 1.589857510564e-06 1.337607397910e-06 1.112776807287e-06 9.153790252805e-07 7.445812393841e-07 5.988890876293e-07 4.763311524022e-07 3.746321827088e-07 2.913667837105e-07 2.240883630224e-07 1.704309231472e-07 1.281837282696e-07 9.534072230271e-08 7.012787358261e-08 5.101234332185e-08 3.669762300877e-08 2.610864555649e-08 1.837046636192e-08 1.278353978820e-08 8.797977442899e-09 5.988540397326e-09 4.031541958727e-09 2.684349567120e-09 1.767788313737e-09 1.151463977774e-09 7.418309801190e-10 4.727153365346e-10 2.979477715696e-10 1.857513289129e-10 1.145461991008e-10 6.987020931060e-11 4.215719214973e-11 2.516084760028e-11 1.485451665621e-11 8.675153908563e-12 5.011722565857e-12 2.864137197193e-12 1.619210820797e-12 9.055691213926e-13 5.010191300685e-13 2.742252202443e-13 1.484864284993e-13 7.954233271314e-14 4.215489303326e-14 2.210251414483e-14 1.146529623442e-14 5.884162814032e-15 2.987760175212e-15 1.500977772574e-15 7.460639156583e-16 3.669076633565e-16 1.785345050811e-16 8.595631168504e-17 4.094766289670e-17 1.930108097687e-17 9.002033899096e-18 4.154429382528e-18 1.897138180050e-18 8.572517812781e-19 3.833050638524e-19 1.695946697565e-19 7.425333116013e-20 3.217068191814e-20 1.379270719819e-20 5.851778637820e-21 2.456854481487e-21 1.020770369848e-21 4.196985856422e-22 1.707699256846e-22 6.876273758824e-23 2.740098133116e-23 1.080571275689e-23 4.217140509666e-24 1.628781902956e-24 6.225736395370e-25 2.355071109055e-25 8.816683745534e-26 3.266605911812e-26 1.197789878236e-26 4.346693188882e-27 1.561110715373e-27 5.548896024548e-28 1.951997741748e-28 6.796001081642e-29 2.341695533233e-29
7.493501328298e-06 7.557190191102e-06 7.535445542871e-06 7.428966863245e-06 7.241312242226e-06 6.978700194643e-06 6.649665930399e-06 6.264599106572e-06 5.835197953305e-06 5.373879737322e-06 4.893189158447e-06 4.405243434239e-06 3.921247341479e-06 3.451103299075e-06 3.003132101665e-06 2.583910025917e-06 2.198218452092e-06 1.849094722039e-06 1.537966662130e-06 1.264849867635e-06 1.028585477863e-06 8.270968913273e-07 6.576462987879e-07 5.170754225347e-07 4.020190026394e-07 3.090837505978e-07 2.349895116440e-07 1.766726629607e-07 1.313544224901e-07 9.657849395207e-08 7.022350013157e-08 5.049597472537e-08 3.590948806659e-08 2.525490532518e-08 1.756597433062e-08 1.208355106692e-08 8.220885730411e-09 5.531592288559e-09 3.681247742338e-09 2.423031482863e-09 1.577422313535e-09 1.015704995280e-09 6.468798960271e-10 4.074946865053e-10 2.539032476443e-10 1.564834327801e-10 9.539554283930e-11 5.752455156557e-11 3.431228924575e-11 2.024525829730e-11 1.181625993019e-11 6.822220926529e-12 3.896426830721e-12 2.201447225102e-12 1.230430458796e-12 6.803289765787e-13 3.721345972666e-13 2.013753972432e-13 1.078063067182e-13 5.709780840140e-14 2.991839835009e-14 1.550982786895e-14 7.954839875678e-15 4.036619312252e-15 2.026618761478e-15 1.006700350522e-15 4.947755163317e-16 2.406034575394e-16 1.157675906937e-16 5.511493492998e-17 2.596297084871e-17 1.210173856416e-17 5.581550276998e-18 2.547304683991e-18 1.150352883355e-18 5.140560145817e-19 2.273127869627e-19 9.946633155235e-20 4.306969084872e-20 1.845505241285e-20 7.825480051575e-21 3.283696575811e-21 1.363563497593e-21 5.603403035793e-22 2.278747342012e-22 9.170897153832e-23 3.652600392233e-23 1.439694641205e-23 5.615902334771e-24 2.167966297058e-24 8.282702577496e-25 3.131704358613e-25 1.171874336602e-25 4.339855113950e-26 1.590616500050e-26 5.769707980192e-27 2.071296075273e-27 7.359228800503e-28 2.587771096613e-28 9.005843072499e-29 3.101910635354e-29
1.031113579886e-05 1.040125328568e-05 1.037349070257e-05 1.022874049707e-05 9.971854031916e-06 9.611370214317e-06 9.159042166884e-06 8.629198509107e-06 8.037988027156e-06 7.402563076695e-06 6.740259638384e-06 6.067827764867e-06 5.400758896076e-06 4.752744847486e-06 4.135290394248e-06 3.557487068237e-06 3.025943334065e-06 2.544854961261e-06 2.116191566110e-06 1.739970082807e-06 1.414584233378e-06 1.137160151281e-06 9.039115884672e-07 7.104730770971e-07 5.521951647552e-07 4.243917319368e-07 3.225348677952e-07 2.423974333184e-07 1.801470372148e-07 1.323976204198e-07 9.622620810921e-08 6.916284985131e-08 4.916147041912e-08 3.455854617914e-08 2.402540902296e-08 1.651874024380e-08 1.123259026823e-08 7.554153323172e-09 5.024589142855e-09 3.305446810220e-09 2.150703823032e-09 1.384069191701e-09 8.809833436015e-10 5.546464453653e-10 3.453896779585e-10 2.127418915734e-10 1.296143825028e-10 7.811166322432e-11 4.656366036588e-11 2.745699036202e-11 1.601546048291e-11 9.240867260916e-12 5.274472064201e-12 2.978135264782e-12 1.663470972436e-12 9.191738906286e-13 5.024560308018e-13 2.717206756364e-13 1.453710304425e-13 7.694314704453e-14 4.029074031346e-14 2.087325122179e-14 1.069869508654e-14 5.425423687036e-15 2.722105110002e-15 1.351296655746e-15 6.637082741149e-16 3.225451762525e-16 1.550945917508e-16 7.379066832271e-17 3.473847327361e-17 1.618192571707e-17 7.458739762487e-18 3.401903099322e-18 1.535341477641e-18 6.856772989854e-19 3.030200378376e-19 1.325148662440e-19 5.734615040186e-20 2.455810915811e-20 1.040736969728e-20 4.364622505321e-21 1.811407338954e-21 7.439661911160e-22 3.023859887195e-22 1.216312275754e-22 4.841800451209e-23 1.907437417221e-23 7.436668152514e-24 2.869419983077e-24 1.095721550530e-24 4.140943089667e-25 1.548794308041e-25 5.733052969287e-26 2.100284129174e-26 7.615037616103e-27 2.732560869743e-27 9.704500332307e-28 3.411015426361e-28 1.186595953579e-28 4.085376690401e-29
1.412659576014e-05 1.425353196741e-05 1.421851195199e-05 1.402266042097e-05 1.367256160430e-05 1.317988991580e-05 1.256076065508e-05 1.183485111954e-05 1.102435975035e-05 1.015287988318e-05 9.244267722371e-06 8.321579730209e-06 7.406143429949e-06 6.516809856201e-06 5.669418310276e-06 4.876483737794e-06 4.147100271174e-06 3.487038417381e-06 2.899002637903e-06 2.383008883476e-06 1.936839299532e-06 1.556532818272e-06 1.236874929529e-06 9.718567930219e-07 7.550818329473e-07 5.801060270010e-07 4.407057848612e-07 3.310736246943e-07 2.459468914145e-07 1.806780834814e-07 1.312572950774e-07 9.429782950713e-08 6.699565195478e-08 4.707220957454e-08 3.270859818017e-08 2.247734184988e-08 1.527636046936e-08 1.026816857356e-08 6.826064883654e-09 4.488056535191e-09 2.918521139309e-09 1.877111634730e-09 1.194115123182e-09 7.513412622860e-10 4.675944358630e-10 2.878383145673e-10 1.752593457797e-10 1.055536483053e-10 6.288267182407e-11 3.705617840845e-11 2.160073082302e-11 1.245548786299e-11 7.104669372900e-12 4.008890774534e-12 2.237732792302e-12 1.235669552466e-12 6.750144648662e-13 3.647933817936e-13 1.950340792201e-13 1.031597534177e-13 5.398248621454e-14 2.794761948962e-14 1.431504271871e-14 7.254422998620e-15 3.637323905943e-15 1.804414786533e-15 8.856710353468e-16 4.301267624600e-16 2.066877117285e-16 9.827275592085e-17 4.623362140983e-17 2.152260759480e-17 9.914021012725e-18 4.518854904459e-18 2.038149673790e-18 9.096581560460e-19 4.017538312686e-19 1.755846467472e-19 7.593860615868e-20 3.250071970870e-20 1.376518762773e-20 5.769450419756e-21 2.393062728347e-21 9.823020334185e-22 3.990351412407e-22 1.604190810199e-22 6.382387200411e-23 2.513019167336e-23 9.792579352463e-24 3.776504319681e-24 1.441375839579e-24 5.444543487486e-25 2.035378294047e-25 7.530616669106e-26 2.757527341792e-26 9.993439786211e-27 3.584412005478e-27 1.272419518259e-27 4.470476262743e-28 1.554496703416e-28 5.349826643740e-29
1.927057173700e-05 1.944856861684e-05 1.940499261030e-05 1.914124090557e-05 1.866620903490e-05 1.799578970029e-05 1.715198599453e-05 1.616170731911e-05 1.505534068085e-05 1.386520343584e-05 1.262398739944e-05 1.136329719560e-05 1.011237203856e-05 8.897057199674e-06 7.739067470675e-06 6.655557113051e-06 5.658987175843e-06 4.757259240145e-06 3.954069771643e-06 3.249429160691e-06 2.640286828600e-06 2.121205139754e-06 1.685031981129e-06 1.323530803548e-06 1.027938176377e-06 7.894300450593e-07 5.994883454040e-07 4.501684193493e-07 3.342745008395e-07 2.454551585872e-07 1.782331553894e-07 1.279849599556e-07 9.088456655264e-08 6.382468981837e-08 4.432627220231e-08 3.044487099744e-08 2.068016293659e-08 1.389271334995e-08 9.230386021775e-09 6.065388977927e-09 3.941937745376e-09 2.533841577786e-09 1.610920174185e-09 1.012977304448e-09 6.300322999715e-10 3.875873589048e-10 2.358448453447e-10 1.419513418906e-10 8.451140319003e-11 4.976915036554e-11 2.899216821887e-11 1.670641312749e-11 9.523012068287e-12 5.369831268338e-12 2.995358229528e-12 1.652895524135e-12 9.023130946030e-13 4.872940273886e-13 2.603476501110e-13 1.376105636110e-13 7.196017642616e-14 3.722903645053e-14 1.905580429882e-14 9.650180546556e-15 4.835183676459e-15 2.396991891368e-15 1.175717029640e-15 5.705953611210e-16 2.739991980742e-16 1.301884079825e-16 6.120734516695e-17 2.847403926650e-17 1.310735032199e-17 5.970447176661e-18 2.691104889874e-18 1.200305319443e-18 5.297799730514e-19 2.313914116914e-19 1.000119371757e-19 4.277737990628e-20 1.810668338613e-20 7.584561549028e-21 3.144076971097e-21 1.289825800117e-21 5.236583619129e-22 2.104010115859e-22 8.366309325008e-23 3.292377748048e-23 1.282266195309e-23 4.942452371137e-24 1.885408028683e-24 7.118187001975e-25 2.659727056477e-25 9.835822440745e-26 3.599915898194e-26 1.304019481402e-26 4.675065412525e-27 1.658841478715e-27 5.825553891747e-28 2.024818662617e-28 6.965510064456e-29
2.617546962044e-05 2.642396018588e-05 2.637058439637e-05 2.601704973067e-05 2.537531940056e-05 2.446693675671e-05 2.332181824493e-05 2.197661040376e-05 2.047273727195e-05 1.885428328119e-05 1.716586303075e-05 1.545061916033e-05 1.374847123216e-05 1.209470626570e-05 1.051896954275e-05 9.044675466258e-06 7.688825874438e-06 6.462193636968e-06 5.369808022163e-06 4.411665763363e-06 3.583586662776e-06 2.878135852914e-06 2.285543462362e-06 1.794565696907e-06 1.393246228952e-06 1.069552347447e-06 8.118745326763e-07 6.093903358257e-07 4.523025525938e-07 3.319681251153e-07 2.409376150251e-07 1.729261449140e-07 1.227358538438e-07 8.614772557196e-08 5.979770917537e-08 4.104878986205e-08 2.786749378585e-08 1.871043190525e-08 1.242409065979e-08 8.159185753185e-09 5.299524609298e-09 3.404405943411e-09 2.163049887254e-09 1.359311302855e-09 8.448992982353e-10 5.194348046443e-10 3.158665876160e-10 1.899894033250e-10 1.130354475019e-10 6.652212449760e-11 3.872490604439e-11 2.229944911738e-11 1.270235186795e-11 7.157596041007e-12 3.989790779875e-12 2.200087001515e-12 1.200171553539e-12 6.476905037556e-13 3.457956083436e-13 1.826443312240e-13 9.544094979918e-14 4.934148180626e-14 2.523745403985e-14 1.277149754715e-14 6.394520941454e-15 3.167750972288e-15 1.552664917875e-15 7.529998945674e-16 3.613343461084e-16 1.715644540108e-16 8.060381197115e-17 3.747144037679e-17 1.723724778120e-17 7.846287824688e-18 3.534233186141e-18 1.575311829780e-18 6.948383375267e-19 3.032859327731e-19 1.310017755457e-19 5.599683583988e-20 2.368732158352e-20 9.916060401469e-21 4.108066659439e-21 1.684283071320e-21 6.834015176633e-22 2.744250924844e-22 1.090591968255e-22 4.289382178071e-23 1.669645791113e-23 6.432119448839e-24 2.452374620732e-24 9.253906640402e-25 3.455981871727e-25 1.277403558906e-25 4.673015614932e-26 1.691923590230e-26 6.062900905935e-27 2.150295100721e-27 7.548054935820e-28 2.622363041320e-28 9.017218865009e-29
3.540411919401e-05 3.574950012223e-05 3.568532936539e-05 3.521365245277e-05 3.435048606145e-05 3.312490959514e-05 3.157743034590e-05 2.975775020473e-05 2.772210744572e-05 2.553039201782e-05 2.324324016170e-05 2.091930346617e-05 1.861285904138e-05 1.637188628963e-05 1.423668960959e-05 1.223909476751e-05 1.040220135524e-05 8.740633738382e-06 7.261203695168e-06 5.963880479569e-06 4.842957452817e-06 3.888308971602e-06 3.086642943723e-06 2.422672836992e-06 1.880153078409e-06 1.442743343782e-06 1.094686516915e-06 8.213016034232e-07 6.093055847336e-07 4.469866673808e-07 3.242561265196e-07 2.326072510173e-07 1.650087225932e-07 1.157567260328e-07 8.030604813855e-08 5.509597785710e-08 3.738247201249e-08 2.508415144714e-08 1.664641895439e-08 1.092543960047e-08 7.091863272960e-09 4.552937964216e-09 2.890943815061e-09 1.815560361738e-09 1.127746396917e-09 6.928648398981e-10 4.210450353970e-10 2.530802176838e-10 1.504680119633e-10 8.848981057229e-11 5.147688647654e-11 2.962157075747e-11 1.686116783948e-11 9.494191440566e-12 5.288422653557e-12 2.914065446567e-12 1.588490431806e-12 8.566221382274e-13 4.570046769522e-13 2.412048029132e-13 1.259483639568e-13 6.506503972606e-14 3.325513899416e-14 1.681639969855e-14 8.413519587969e-15 4.164856375157e-15 2.039891687488e-15 9.885667319281e-16 4.740275983390e-16 2.249090101342e-16 1.055899011705e-16 4.905200783844e-17 2.254843959932e-17 1.025670248312e-17 4.616753369051e-18 2.056407366362e-18 9.064229804134e-19 3.953734181488e-19 1.706648774056e-19 7.290311415311e-20 3.081897237499e-20 1.289332907210e-20 5.338156466681e-21 2.187263549116e-21 8.869488289776e-22 3.559487623941e-22 1.413746391775e-22 5.557174736937e-23 2.161913598812e-23 8.323909872948e-24 3.171932824598e-24 1.196274380963e-24 4.465296284612e-25 1.649622936515e-25 6.031649787794e-26 2.182762611025e-26 7.818035260382e-27 2.771475825903e-27 9.724076989242e-28 3.376842792900e-28 1.160645675667e-28
4.768579337412e-05 4.816376033961e-05 4.808835775395e-05 4.746197640471e-05 4.630596340126e-05 4.465940618709e-05 4.257692668996e-05 4.012565842125e-05 3.738164204474e-05 3.442590956301e-05 3.134053829572e-05 2.820494023915e-05 2.509261354114e-05 2.206852886694e-05 1.918725747890e-05 1.649187931225e-05 1.401364772860e-05 1.177233108642e-05 9.777114109377e-06 8.027916094197e-06 6.516975473582e-06 5.230555856195e-06 4.150645191367e-06 3.256544407120e-06 2.526269711892e-06 1.937721996698e-06 1.469602926889e-06 1.102079844209e-06 8.172187406709e-07 5.992160326811e-07 4.344661634290e-07 3.115038499677e-07 2.208580419103e-07 1.548505247678e-07 1.073665613381e-07 7.361892139912e-08 4.992073371967e-08 3.347730993219e-08 2.220266679851e-08 1.456302435710e-08 9.447059700286e-09 6.061040165084e-09 3.846004865842e-09 2.413745058822e-09 1.498299421525e-09 9.198949485606e-10 5.586207376719e-10 3.355381521379e-10 1.993515790691e-10 1.171540526293e-10 6.810230767360e-11 3.915978492633e-11 2.227408545280e-11 1.253279138604e-11 6.975757690196e-12 3.840944062068e-12 2.092160655437e-12 1.127379213912e-12 6.009944967478e-13 3.169596800509e-13 1.653781728349e-13 8.536908128892e-14 4.359923540215e-14 2.203030760569e-14 1.101369923055e-14 5.447839579423e-15 2.666252480025e-15 1.291134327506e-15 6.186457066269e-16 2.933054322181e-16 1.375981875177e-16 6.387437314306e-17 2.934057281656e-17 1.333659675004e-17 5.998770611956e-18 2.670093153929e-18 1.176097719603e-18 5.126476186962e-19 2.211355230995e-19 9.439899725617e-20 3.987958173688e-20 1.667297001983e-20 6.898570316876e-21 2.824836612012e-21 1.144774158432e-21 4.591371727787e-22 1.822489066625e-22 7.159632164713e-23 2.783703924019e-23 1.071186188139e-23 4.079616225646e-24 1.537760544253e-24 5.736877985774e-25 2.118274616208e-25 7.741243597191e-26 2.800031562096e-26 1.002398884719e-26 3.551773419502e-27 1.245599382440e-27 4.323557582197e-28 1.485371147486e-28
6.396116982754e-05 6.461978065489e-05 6.453374386756e-05 6.370576588276e-05 6.216417008186e-05 5.996127814346e-05 5.717044489372e-05 5.388198330454e-05 5.019829505425e-05 4.622857769365e-05 4.208348477542e-05 3.787010452503e-05 3.368756169061e-05 2.962347958080e-05 2.575144598925e-05 2.212953624083e-05 1.879986049636e-05 1.578902794077e-05 1.310936778916e-05 1.076071399926e-05 8.732548905122e-06 7.006309992845e-06 5.557685606814e-06 4.358759657326e-06 3.379903226198e-06 2.591350191157e-06 1.964429959575e-06 1.472460539693e-06 1.091328451521e-06 7.997973137755e-07 5.795953953697e-07 4.153346920083e-07 2.943116541441e-07 2.062339906602e-07 1.429104628369e-07 9.793234477986e-08 6.636725922544e-08 4.447893480658e-08 2.948049161281e-08 1.932421796212e-08 1.252745795819e-08 8.032018850984e-09 5.093239729667e-09 3.194317165302e-09 1.981451112388e-09 1.215673664431e-09 7.377104335545e-10 4.427892899822e-10 2.628800395802e-10 1.543741440659e-10 8.967165013049e-11 5.152365862232e-11 2.928441330618e-11 1.646463544614e-11 9.157164310623e-12 5.038146744954e-12 2.742137515725e-12 1.476467937612e-12 7.864715178510e-13 4.144517975142e-13 2.160752355684e-13 1.114509581782e-13 5.687460119304e-14 2.871551141025e-14 1.434452679433e-14 7.089819397426e-15 3.467137907132e-15 1.677651266076e-15 8.032198159989e-16 3.805192999543e-16 1.783757334388e-16 8.274061793516e-17 3.797804301042e-17 1.724979668959e-17 7.753173508607e-18 3.448462327019e-18 1.517847196931e-18 6.611394943185e-19 2.849878181401e-19 1.215718621474e-19 5.132377708264e-20 2.144311462380e-20 8.866363769274e-21 3.628240829402e-21 1.469412627323e-21 5.889690996603e-22 2.336393961223e-22 9.172927735115e-23 3.564359352458e-23 1.370786008369e-23 5.217654969313e-24 1.965627384076e-24 7.329082344822e-25 2.704723110866e-25 9.879224777728e-26 3.571508021628e-26 1.277940952888e-26 4.525867810998e-27 1.586449415081e-27 5.504084523140e-28 1.890077177493e-28
8.543816993595e-05 8.634184312138e-05 8.624751560249e-05 8.515811571911e-05 8.311105574998e-05 8.017608316382e-05 7.645131294213e-05 7.205775361682e-05 6.713275780508e-05 6.182289179824e-05 5.627674156063e-05 5.063814154937e-05 4.504024445402e-05 3.960075083060e-05 3.441849215000e-05 2.957144128819e-05 2.511610431940e-05 2.108814887133e-05 1.750405237144e-05 1.436350882666e-05 1.165231804616e-05 9.345492056402e-06 7.410344806800e-06 5.809376062660e-06 4.502812588205e-06 3.450722606807e-06 2.614667668579e-06 1.958897183476e-06 1.451121728281e-06 1.062921953893e-06 7.698611540080e-07 5.513723550066e-07 3.904874228161e-07 2.734679294228e-07 1.893872438209e-07 1.297022689010e-07 8.784244137568e-08 5.883402145088e-08 3.896971529271e-08 2.552746329527e-08 1.653776913577e-08 1.059600336274e-08 6.714445933834e-09 4.208121111433e-09 2.608454509708e-09 1.599198409255e-09 9.697338921688e-10 5.816223655500e-10 3.450445286076e-10 2.024706232181e-10 1.175192780033e-10 6.747205178070e-11 3.831898663757e-11 2.152717763218e-11 1.196329856349e-11 6.576781791311e-12 3.576700179771e-12 1.924271275562e-12 1.024171825997e-12 5.392749969606e-13 2.809227302852e-13 1.447807551091e-13 7.382277776033e-14 3.724206292429e-14 1.858870167077e-14 9.180038228201e-15 4.485677799744e-15 2.168741403507e-15 1.037507902982e-15 4.911189736227e-16 2.300388697683e-16 1.066208989775e-16 4.890094612535e-17 2.219386802450e-17 9.967731918106e-18 4.430103624064e-18 1.948462044646e-18 8.480796564202e-19 3.653034922981e-19 1.557216827252e-19 6.569431399541e-20 2.742805369271e-20 1.133327795454e-20 4.634618561199e-21 1.875748753940e-21 7.513488119849e-22 2.978644052762e-22 1.168716657680e-22 4.538546518911e-23 1.744393092719e-23 6.635822801709e-24 2.498450120608e-24 9.310531616289e-25 3.434063915169e-25 1.253644426279e-25 4.529750688337e-26 1.619980503515e-26 5.734325036379e-27 2.009061155553e-27 6.966962747897e-28 2.391301313083e-28
1.136609476198e-04 1.148956602537e-04 1.147981673075e-04 1.133714276908e-04 1.106646373047e-04 1.067703928590e-04 1.018194006349e-04 9.597315515685e-05 8.941515969450e-05 8.234136298717e-05 7.495049927930e-05 6.743499551897e-05 5.997300623854e-05 5.272200569090e-05 4.581419927631e-05 3.935385446659e-05 3.341648698646e-05 2.804970883049e-05 2.327544529172e-05 1.909316823153e-05 1.548377523218e-05 1.241375697456e-05 9.839338972738e-06 7.710344192754e-06 5.973593419790e-06 4.575731117764e-06 3.465429982731e-06 2.594981996855e-06 1.921325120763e-06 1.406582656979e-06 1.018206842334e-06 7.288219649076e-07 5.158575290920e-07 3.610513865338e-07 2.498889685318e-07 1.710297790241e-07 1.157578884663e-07 7.748027935826e-08 5.128624282755e-08 3.357275885157e-08 2.173486074104e-08 1.391610101130e-08 8.812037269325e-09 5.518744359625e-09 3.418350500439e-09 2.094172549472e-09 1.268922606990e-09 7.604872167590e-10 4.508065331165e-10 2.643245281987e-10 1.532996970049e-10 8.794464230977e-11 4.990563044676e-11 2.801365011304e-11 1.555528187261e-11 8.544413375592e-12 4.642918360987e-12 2.495816301190e-12 1.327258092061e-12 6.982771470310e-13 3.634448288579e-13 1.871526328195e-13 9.534737594463e-14 4.806018852034e-14 2.396815729147e-14 1.182673183353e-14 5.774098378555e-15 2.789338583319e-15 1.333288387508e-15 6.306099269996e-16 2.951339920846e-16 1.366806653725e-16 6.263713137429e-17 2.840539617044e-17 1.274738556145e-17 5.661082674714e-18 2.487955191461e-18 1.082073128182e-18 4.657444863098e-19 1.983908630304e-19 8.363420905898e-20 3.489312069211e-20 1.440768468046e-20 5.887782756066e-21 2.381315604841e-21 9.532215787060e-22 3.776472785235e-22 1.480805563984e-22 5.746881480216e-23 2.207456031789e-23 8.392287441807e-24 3.157909814551e-24 1.176122531345e-24 4.335518737772e-25 1.581856858877e-25 5.712585113180e-26 2.041922033561e-26 7.224170668047e-27 2.529766541285e-27 8.768343754452e-28 3.008155558970e-28
1.505946837173e-04 1.522746955224e-04 1.521834302747e-04 1.503235316540e-04 1.467594027453e-04 1.416134733954e-04 1.350591765094e-04 1.273111878811e-04 1.186137097899e-04 1.092276855766e-04 9.941788462350e-05 8.944073577296e-05 7.953367080453e-05 6.990654874146e-05 6.073552055288e-05 5.215946085117e-05 4.427888470945e-05 3.715708846837e-05 3.082312012655e-05 2.527610789214e-05 2.049044783440e-05 1.642137340841e-05 1.301048590339e-05 1.019090772164e-05 7.891814262005e-06 6.042195562844e-06 4.573786452791e-06 3.423176859212e-06 2.533169163094e-06 1.853486258912e-06 1.340953271142e-06 9.592805276646e-07 6.785686203084e-07 4.746422060389e-07 3.283004567382e-07 2.245521017939e-07 1.518836661200e-07 1.015923477783e-07 6.720080140048e-08 4.396012184956e-08 2.843948149203e-08 1.819575708323e-08 1.151361062347e-08 7.205318308478e-09 4.459665848477e-09 2.730022995729e-09 1.652922569795e-09 9.898477292490e-10 5.863021646230e-10 3.434942622138e-10 1.990536452607e-10 1.140988704999e-10 6.469357518282e-11 3.628421442058e-11 2.013072254746e-11 1.104827553274e-11 5.998348199684e-12 3.221658835434e-12 1.711775760941e-12 8.997927167210e-13 4.679239133075e-13 2.407432390618e-13 1.225428549635e-13 6.171430776516e-14 3.075081358911e-14 1.516034529907e-14 7.395236746640e-15 3.569392019260e-15 1.704684981364e-15 8.055827115066e-16 3.767042118252e-16 1.743103532314e-16 7.981528678994e-17 3.616569007901e-17 1.621670310167e-17 7.195990830940e-18 3.160004420364e-18 1.373284063521e-18 5.906292302693e-19 2.513954027584e-19 1.058993381453e-19 4.414973095816e-20 1.821658070762e-20 7.438997933996e-21 3.006597446644e-21 1.202689739686e-21 4.761604543578e-22 1.865855808229e-22 7.236544560343e-23 2.777895570446e-23 1.055443407973e-23 3.969090071546e-24 1.477359840650e-24 5.442809002374e-25 1.984738490453e-25 7.163554962856e-26 2.559178200008e-26 9.049413107696e-27 3.167301553416e-27 1.097257392215e-27 3.762517702608e-28
1.987292516711e-04 2.010057692376e-04 2.009364852072e-04 1.985231578898e-04 1.938497199841e-04 1.870773915723e-04 1.784353894985e-04 1.682079710871e-04 1.567188504039e-04 1.443141783642e-04 1.313453338746e-04 1.181527105176e-04 1.050515096130e-04 9.232031246841e-05 8.019290449935e-05 6.885352496204e-05 5.843543213879e-05 4.902243227818e-05 4.065284610139e-05 3.332528052319e-05 2.700554138766e-05 2.163404809562e-05 1.713318991992e-05 1.341417488283e-05 1.038304550132e-05 7.945666537141e-06 6.011603782265e-06 4.496911519937e-06 3.325919451522e-06 2.432157835555e-06 1.758585573500e-06 1.257291195040e-06 8.888276634928e-07 6.213225009200e-07 4.294798089811e-07 2.935639419714e-07 1.984289033738e-07 1.326347226262e-07 8.767328900090e-08 5.731162223218e-08 3.705023181266e-08 2.368750975875e-08 1.497736870465e-08 9.365838338634e-09 5.792422235828e-09 3.543101776704e-09 2.143504577781e-09 1.282596853346e-09 7.590818358937e-10 4.443524006803e-10 2.572852750855e-10 1.473529766920e-10 8.347717503893e-11 4.677888226811e-11 2.593067236326e-11 1.421897448731e-11 7.712979780796e-12 4.138896018974e-12 2.197173454487e-12 1.153907147264e-12 5.995333423818e-13 3.081776134017e-13 1.567268629998e-13 7.885872298823e-14 3.925810154148e-14 1.933710071693e-14 9.424213421039e-15 4.544641402917e-15 2.168521928117e-15 1.023873915621e-15 4.783614745646e-16 2.211573387865e-16 1.011789388828e-16 4.580684770445e-17 2.052248137727e-17 9.099046694963e-18 3.992413993980e-18 1.733627117950e-18 7.450111127211e-19 3.168567210261e-19 1.333712035268e-19 5.556044744376e-20 2.290757626075e-20 9.347752352664e-21 3.775326354512e-21 1.509125405926e-21 5.970678316503e-22 2.338046869718e-22 9.061859947701e-23 3.476315526024e-23 1.319962483139e-23 4.960747568820e-24 1.845347446393e-24 6.794488127471e-25 2.476194666967e-25 8.932312771849e-26 3.189301703471e-26 1.127148364719e-26 3.942951500150e-27 1.365266869463e-27 4.679184519592e-28
2.612052828575e-04 2.642775684700e-04 2.642552939130e-04 2.611384299832e-04 2.550358687614e-04 2.461590573651e-04 2.348097500039e-04 2.213628789925e-04 2.062459046799e-04 1.899162431340e-04 1.728384212587e-04 1.554625526195e-04 1.382054712097e-04 1.214355562151e-04 1.054618808770e-04 9.052791446813e-05 7.680962919661e-05 6.441754225685e-05 5.340199314688e-05 4.376081308511e-05 3.544850041903e-05 2.838605448324e-05 2.247072448712e-05 1.758507520356e-05 1.360494273108e-05 1.040602101783e-05 7.868976318555e-06 5.883114064436e-06 4.348721153010e-06 3.178269385008e-06 2.296699018744e-06 1.641008671297e-06 1.159364586452e-06 8.099165687606e-07 5.594743179513e-07 3.821624056977e-07 2.581379324090e-07 1.724247901073e-07 1.138936217646e-07 7.439754441403e-08 4.806012359041e-08 3.070335034201e-08 1.939852622441e-08 1.212107845451e-08 7.490500570687e-09 4.578097335509e-09 2.767396778022e-09 1.654542003445e-09 9.783899312323e-10 5.722449403783e-10 3.310517679320e-10 1.894358404442e-10 1.072233012952e-10 6.003239425921e-11 3.324761321677e-11 1.821472539420e-11 9.871458271674e-12 5.292317181544e-12 2.806892274780e-12 1.472755085112e-12 7.644866109023e-13 3.926029213926e-13 1.994762626320e-13 1.002750148315e-13 4.987326579924e-14 2.454291428344e-14 1.195025882657e-14 5.757458883581e-15 2.744707598107e-15 1.294738950879e-15 6.043634938273e-16 2.791598013696e-16 1.276011872543e-16 5.771809535011e-17 2.583644125863e-17 1.144522957912e-17 5.017585895098e-18 2.176961120798e-18 9.347571767107e-19 3.972332689204e-19 1.670694898092e-19 6.954391172606e-20 2.865080932675e-20 1.168249262707e-20 4.714760939798e-21 1.883275015739e-21 7.445635377716e-22 2.913583460610e-22 1.128481033261e-22 4.326187028067e-23 1.641585033909e-23 6.165539824711e-24 2.292085216985e-24 8.434209667630e-25 3.071947685193e-25 1.107492033971e-25 3.952083836020e-26 1.395955564810e-26 4.880652925662e-27 1.689063355102e-27 5.785971236290e-28
3.419666175562e-04 3.460961775143e-04 3.461592227771e-04 3.421525603014e-04 3.342168275599e-04 3.226282303372e-04 3.077824677723e-04 2.901721665692e-04 2.703596238928e-04 2.489469739472e-04 2.265459889252e-04 2.037495974527e-04 1.811069306881e-04 1.591032465616e-04 1.381455818838e-04 1.185544334451e-04 1.005612724871e-04 8.431126252513e-05 6.987025633498e-05 5.723494822675e-05 4.634500790516e-05 3.709607566115e-05 2.935263007397e-05 2.295994504748e-05 1.775456867807e-05 1.357298840448e-05 1.025834701775e-05 7.665247451041e-06 5.662810068921e-06 4.136230755039e-06 2.987130286487e-06 2.132994128968e-06 1.505984307064e-06 1.051369739758e-06 7.257774178494e-07 4.954192286536e-07 3.344043839266e-07 2.232075277695e-07 1.473300685224e-07 9.616729401915e-08 6.207611350579e-08 3.962692283328e-08 2.501683956725e-08 1.561918430822e-08 9.644409584471e-09 5.889683696958e-09 3.557255483698e-09 2.124969759110e-09 1.255489413304e-09 7.336756770136e-10 4.240668208984e-10 2.424443727471e-10 1.371027930350e-10 7.669125024561e-11 4.243456972189e-11 2.322616992255e-11 1.257560062857e-11 6.735702821846e-12 3.569028334882e-12 1.870854249467e-12 9.702036024261e-13 4.977702592267e-13 2.526669004594e-13 1.268911496396e-13 6.305043535968e-14 3.099765094904e-14 1.507868550501e-14 7.257752351896e-15 3.456643352599e-15 1.629034912619e-15 7.596945637417e-16 3.505820158286e-16 1.600999362375e-16 7.235228183443e-17 3.235796413647e-17 1.432141890382e-17 6.272988484770e-18 2.719279540646e-18 1.166624591370e-18 4.953508666212e-19 2.081639477472e-19 8.657944223683e-20 3.564070269742e-20 1.452128678091e-20 5.855933285477e-21 2.337350083684e-21 9.234048339356e-22 3.610813243788e-22 1.397545194748e-22 5.353992711878e-23 2.030222323499e-23 7.620191185445e-24 2.831045444713e-24 1.041090572228e-24 3.789593512469e-25 1.365402495687e-25 4.869607823604e-26 1.719070082354e-26 6.007037636236e-27 2.077758127421e-27 7.113740332815e-28
4.459436447434e-04 4.514722677035e-04 4.516776830741e-04 4.465514836192e-04 4.362744833605e-04 4.212060366346e-04 4.018630221742e-04 3.788902278643e-04 3.530245044266e-04 3.250554919567e-04 2.957858262583e-04 2.659936120524e-04 2.363995261522e-04 2.076403605282e-04 1.802501245985e-04 1.546490981965e-04 1.311405776984e-04 1.099144886874e-04 9.105662364378e-05 7.456203333460e-05 6.035101666216e-05 4.828622512192e-05 3.818958731008e-05 2.985801632441e-05 2.307716134258e-05 1.763276178283e-05 1.331943279182e-05 9.946935225565e-06 7.344149794493e-06 5.361085129869e-06 3.869303705175e-06 2.761160137605e-06 1.948222112489e-06 1.359197601113e-06 9.376329771009e-07 6.395844851906e-07 4.314059497257e-07 2.877436047166e-07 1.897861712781e-07 1.237857416463e-07 7.984203228747e-08 5.092782036818e-08 3.212541522493e-08 2.004103597091e-08 1.236451211457e-08 7.544438323267e-09 4.552791619054e-09 2.717299606805e-09 1.604036681295e-09 9.365185780697e-10 5.408195158143e-10 3.089092526200e-10 1.745263718392e-10 9.753309414840e-11 5.391544454330e-11 2.948182067105e-11 1.594722872666e-11 8.533281045202e-12 4.517072329584e-12 2.365476458776e-12 1.225494448303e-12 6.281246479801e-13 3.185171262034e-13 1.598022635344e-13 7.932442962081e-14 3.895969424835e-14 1.893299169534e-14 9.103921853812e-15 4.331653034887e-15 2.039411041951e-15 9.501489927200e-16 4.380504415281e-16 1.998533082160e-16 9.023237942021e-17 4.031679872964e-17 1.782750653607e-17 7.801607746502e-18 3.378891119908e-18 1.448331985319e-18 6.144304785911e-19 2.579850618964e-19 1.072110703321e-19 4.409746815966e-20 1.795237583868e-20 7.233847941790e-21 2.885097720578e-21 1.138936625964e-21 4.450310194260e-22 1.721219141924e-22 6.589316113725e-23 2.496925715333e-23 9.365576356159e-24 3.477196347299e-24 1.277884705795e-24 4.648614681779e-25 1.673887503093e-25 5.966244001019e-26 2.104983748485e-26 7.351403104654e-27 2.541359185418e-27 8.696341424797e-28
5.792725159274e-04 5.866451056649e-04 5.870760384069e-04 5.805487061871e-04 5.672945081238e-04 5.477791110808e-04 5.226750764975e-04 4.928231381434e-04 4.591852379230e-04 4.227930067426e-04 3.846955382416e-04 3.459101070144e-04 3.073789693901e-04 2.699346270119e-04 2.342750240207e-04 2.009491968935e-04 1.703530392761e-04 1.427340758025e-04 1.182036248399e-04 9.675439451275e-05 7.828147393489e-05 6.260476764418e-05 4.949116851937e-05 3.867511798430e-05 2.987658096581e-05 2.281586791594e-05 1.722508213355e-05 1.285626918384e-05 9.486561897285e-06 6.920756433428e-06 4.991825777399e-06 3.559888491251e-06 2.510118116038e-06 1.750016190959e-06 1.206393998797e-06 8.223263859061e-07 5.542628037559e-07 3.694128119150e-07 2.434674678613e-07 1.586757574400e-07 1.022653800034e-07 6.517826342933e-08 4.108096729680e-08 2.560648118139e-08 1.578476751223e-08 9.623062181647e-09 5.802071831631e-09 3.459837262269e-09 2.040512438551e-09 1.190261232421e-09 6.867102041905e-10 3.918698408330e-10 2.211854386056e-10 1.234886573794e-10 6.819667713497e-11 3.725417852331e-11 2.013133945687e-11 1.076134997802e-11 5.690729584232e-12 2.977056909277e-12 1.540761253450e-12 7.889032194454e-13 3.996349770888e-13 2.002930545129e-13 9.932124824631e-14 4.873079846921e-14 2.365707670597e-14 1.136385816329e-14 5.401427141037e-15 2.540503775504e-15 1.182415586923e-15 5.445898301002e-16 2.482148653212e-16 1.119578114700e-16 4.997565391630e-17 2.207744401456e-17 9.652363754364e-18 4.176582933700e-18 1.788622240521e-18 7.581119810167e-19 3.180328766872e-19 1.320507524955e-19 5.426824931961e-20 2.207457004247e-20 8.887615140988e-21 3.541843759299e-21 1.397104745617e-21 5.454912651065e-22 2.108188227167e-22 8.064860272670e-23 3.053887128994e-23 1.144669874437e-23 4.246985869885e-24 1.559755529409e-24 5.670338597249e-25 2.040513706961e-25 7.268573469702e-26 2.562942418858e-26 8.945593271104e-27 3.090726123308e-27 1.057044397172e-27
7.495556834889e-04 7.593490442073e-04 7.601245813465e-04 7.518532020865e-04 7.348296729102e-04 7.096550119229e-04 6.772009849449e-04 6.385596646140e-04 5.949821184607e-04 5.478110859117e-04 4.984126720662e-04 4.481118742274e-04 3.981360606227e-04 3.495695243727e-04 3.033210512348e-04 2.601051880458e-04 2.204367392464e-04 1.846370631697e-04 1.528500228219e-04 1.250650262282e-04 1.011444832483e-04 8.085311842643e-05 6.388691697213e-05 4.989993216116e-05 3.852769533232e-05 2.940648936208e-05 2.218820705406e-05 1.655090221778e-05 1.220542280988e-05 8.898701056717e-06 6.414364507235e-06 4.571346394594e-06 3.221128054540e-06 2.244164826363e-06 1.545943468874e-06 1.053012284779e-06 7.092230147057e-07 4.723349391807e-07 3.110593680994e-07 2.025677802592e-07 1.304485011960e-07 8.307247254139e-08 5.231571167690e-08 3.258154973909e-08 2.006705476518e-08 1.222293868911e-08 7.363014821306e-09 4.386638938795e-09 2.584714783503e-09 1.506282699638e-09 8.682051270693e-10 4.949591638737e-10 2.790981958619e-10 1.556664801058e-10 8.588032649662e-11 4.686656896834e-11 2.529963169124e-11 1.351007428978e-11 7.136823388315e-12 3.729642605307e-12 1.928217821193e-12 9.862414730328e-13 4.990688906848e-13 2.498616661451e-13 1.237691714159e-13 6.066117803476e-14 2.941754281215e-14 1.411596937965e-14 6.702474413584e-15 3.149132480560e-15 1.464161280728e-15 6.736584174736e-16 3.067281908368e-16 1.382103958626e-16 6.163258073811e-17 2.720017990638e-17 1.188047259548e-17 5.135757115185e-18 2.197312947625e-18 9.304722789707e-19 3.899832917730e-19 1.617804709524e-19 6.642778415746e-20 2.699744140556e-20 1.086049880130e-20 4.324500816616e-21 1.704455007658e-21 6.649704447531e-22 2.567969660633e-22 9.816378660988e-23 3.714405812125e-23 1.391254076349e-23 5.158277408828e-24 1.893153669410e-24 6.877830409548e-25 2.473447509898e-25 8.805226647136e-26 3.102885209181e-26 1.082377390846e-26 3.737488344253e-27 1.277524459543e-27
9.661696890245e-04 9.791286444420e-04 9.804168696270e-04 9.699867258784e-04 9.482119299829e-04 9.158650969836e-04 8.740718601019e-04 8.242454067428e-04 7.680067431877e-04 7.070970275008e-04 6.432885671202e-04 5.783007681760e-04 5.137264542303e-04 4.509726263123e-04 3.912182154594e-04 3.353897016519e-04 2.841540120510e-04 2.379267869082e-04 1.968932208808e-04 1.610381268345e-04 1.301817170069e-04 1.040177640735e-04 8.215124941317e-05 6.413318525978e-05 4.949098914455e-05 3.775345087703e-05 2.846994574460e-05 2.122404007145e-05 1.564200947887e-05 1.139702177602e-05 8.209854245373e-06 5.847028958653e-06 4.117189614355e-06 2.866434479083e-06 1.973185974255e-06 1.343036563536e-06 9.038786104910e-07 6.015104623246e-07 3.958176587103e-07 2.575573499036e-07 1.657247143680e-07 1.054490839897e-07 6.635110373749e-08 4.128677116191e-08 2.540614691453e-08 1.546107231677e-08 9.305105769632e-09 5.538499220002e-09 3.260321334660e-09 1.898169362385e-09 1.093011673543e-09 6.224999210256e-10 3.506615773370e-10 1.953806363213e-10 1.076786840668e-10 5.870074453705e-11 3.165441016215e-11 1.688546341512e-11 8.910284261664e-12 4.651380433989e-12 2.402127222355e-12 1.227287350564e-12 6.203617342298e-13 3.102449191876e-13 1.535103776675e-13 7.515477910182e-14 3.640605255408e-14 1.745021939451e-14 8.276572054636e-15 3.884491583940e-15 1.804111741170e-15 8.291811470891e-16 3.771403223333e-16 1.697596682642e-16 7.562303415932e-17 3.334043826719e-17 1.454773148731e-17 6.282531666030e-18 2.685330380404e-18 1.136036008366e-18 4.756910883937e-19 1.971529140425e-19 8.087846284030e-20 3.284126150416e-20 1.319985945631e-20 5.251533424712e-21 2.068114977689e-21 8.061927316013e-22 3.110872724086e-22 1.188250181300e-22 4.492815107817e-23 1.681576314838e-23 6.230229085673e-24 2.284980740890e-24 8.295709895575e-25 2.981385643706e-25 1.060662409413e-25 3.735349202703e-26 1.302208741346e-26 4.493921840949e-27 1.535203264399e-27
1.240626413137e-03 1.257708951959e-03 1.259744136632e-03 1.246657320428e-03 1.218920043914e-03 1.177521537523e-03 1.123909652536e-03 1.059906229063e-03 9.876037646327e-04 9.092516926085e-04 8.271408039742e-04 7.434940965007e-04 6.603710487733e-04 5.795906930554e-04 5.026767678178e-04 4.308261152677e-04 3.648995322166e-04 3.054325933111e-04 2.526627888790e-04 2.065686031138e-04 1.669159750281e-04 1.333078033651e-04 1.052327248479e-04 8.211018712626e-05 6.332970900304e-05 4.828310414749e-05 3.638922791472e-05 2.711145707204e-05 1.996858308275e-05 1.454010760970e-05 1.046707041864e-05 7.449558892883e-06 5.241965311852e-06 3.646915913626e-06 2.508619581284e-06 1.706201604018e-06 1.147416353367e-06 7.629836358864e-07 5.016732981043e-07 3.261716240290e-07 2.097000258032e-07 1.333169890802e-07 8.381365056067e-08 5.210673128888e-08 3.203541530270e-08 1.947745125380e-08 1.171135398554e-08 6.964076376466e-09 4.095527888990e-09 2.382072816959e-09 1.370276327185e-09 7.796125664128e-10 4.387094938834e-10 2.441817136431e-10 1.344305330691e-10 7.320530465360e-11 3.943288683222e-11 2.101153933301e-11 1.107522736565e-11 5.775045292440e-12 2.979057029857e-12 1.520322823921e-12 7.676078766606e-13 3.834447070053e-13 1.895129631827e-13 9.267466924483e-14 4.484170563089e-14 2.146915836081e-14 1.017120474372e-14 4.768333995723e-15 2.212126459303e-15 1.015579725557e-15 4.614134811518e-16 2.074673236308e-16 9.232149647505e-17 4.065928519013e-17 1.772270420444e-17 7.645795094458e-18 3.264722570088e-18 1.379776974052e-18 5.771889105278e-19 2.389904241772e-19 9.794965118499e-20 3.973663416090e-20 1.595697127063e-20 6.342872237258e-21 2.495755370857e-21 9.720812918200e-22 3.747927649590e-22 1.430444311136e-22 5.404363375210e-23 2.021223162096e-23 7.483108928337e-24 2.742518346044e-24 9.949882790823e-25 3.573454943377e-25 1.270460816266e-25 4.471335873330e-26 1.557817450550e-26 5.372780073745e-27 1.834359986060e-27
1.586994319511e-03 1.609427757329e-03 1.612532840103e-03 1.596196215769e-03 1.561009948768e-03 1.508235517777e-03 1.439728096493e-03 1.357827515683e-03 1.265224865528e-03 1.164815487412e-03 1.059549457830e-03 9.522903135658e-04 8.456911619934e-04 7.420951234639e-04 6.434643816946e-04 5.513393763262e-04 4.668270570964e-04 3.906150001805e-04 3.230066141162e-04 2.639717599000e-04 2.132068574195e-04 1.701988673194e-04 1.342882659679e-04 1.047271680971e-04 8.072988599262e-05 6.151436294487e-05 4.633392925479e-05 3.449967106309e-05 2.539430862566e-05 1.847886859244e-05 1.329362297681e-05 9.454777003918e-06 6.648285094303e-06 4.621983236992e-06 3.176998353153e-06 2.159158741410e-06 1.450907697745e-06 9.640308626841e-07 6.333533089595e-07 4.114460276788e-07 2.643011310787e-07 1.678850285457e-07 1.054530527575e-07 6.550101832813e-08 4.023335232360e-08 2.443888492505e-08 1.468052203760e-08 8.721170702560e-09 5.123772144843e-09 2.977114212526e-09 1.710807668859e-09 9.723366601695e-10 5.465779869199e-10 3.038913252985e-10 1.671191813983e-10 9.090498808505e-11 4.891190314940e-11 2.603270228284e-11 1.370612091826e-11 7.138608655420e-12 3.678151891303e-12 1.874892587267e-12 9.455130046114e-13 4.717553516175e-13 2.328832458616e-13 1.137484730825e-13 5.497339684745e-14 2.628892533988e-14 1.243998169579e-14 5.825140600752e-15 2.699265756835e-15 1.237798259492e-15 5.617345022090e-16 2.522905065563e-16 1.121425381801e-16 4.933442752171e-17 2.148078193442e-17 9.257204400831e-18 3.948647114805e-18 1.667108465228e-18 6.966814396356e-19 2.881818931101e-19 1.179961550638e-19 4.782377215793e-20 1.918669430053e-20 7.619769823696e-21 2.995528241312e-21 1.165732376036e-21 4.490779195902e-22 1.712556950969e-22 6.465043683716e-23 2.416035210496e-23 8.938039261621e-24 3.273331176484e-24 1.186717845001e-24 4.259078761737e-25 1.513195641178e-25 5.322136079573e-26 1.853055280346e-26 6.387075906345e-27 2.179348432529e-27
2.022386203916e-03 2.051736764343e-03 2.056352559072e-03 2.036065496027e-03 1.991615250177e-03 1.924603988664e-03 1.837399671202e-03 1.732996110745e-03 1.614841393562e-03 1.486648509916e-03 1.352202644338e-03 1.215178977085e-03 1.078982900641e-03 9.466216419760e-04 8.206128171357e-04 7.029319006832e-04 5.949972177098e-04 4.976882774294e-04 4.113912877553e-04 3.360644768183e-04 2.713155795617e-04 2.164842299818e-04 1.707229635302e-04 1.330718973287e-04 1.025235983311e-04 7.807616328644e-05 5.877381577983e-05 4.373542533540e-05 3.217211601182e-05 2.339564129180e-05 1.681942139427e-05 1.195416050387e-05 8.399813796750e-06 5.835429890548e-06 4.008097049467e-06 2.721916811531e-06 1.827642898373e-06 1.213377543928e-06 7.965198178192e-07 5.170123104842e-07 3.318304994383e-07 2.105960235379e-07 1.321629659990e-07 8.201673169461e-08 5.033101143754e-08 3.054337345167e-08 1.832965874120e-08 1.087817385752e-08 6.384552056166e-09 3.705840289525e-09 2.127327062362e-09 1.207766825222e-09 6.781779600630e-10 3.766404760347e-10 2.068924165286e-10 1.124109053908e-10 6.041310041075e-11 3.211630519231e-11 1.688904852578e-11 8.785848141292e-12 4.521423250363e-12 2.301939501372e-12 1.159456380570e-12 5.777917091363e-13 2.848782167673e-13 1.389737786821e-13 6.708211227521e-14 3.204020028884e-14 1.514302055883e-14 7.082270000883e-15 3.277846853574e-15 1.501323166521e-15 6.805213471430e-16 3.052836618347e-16 1.355411895032e-16 5.956018909309e-17 2.590409555996e-17 1.115111615607e-17 4.751329234334e-18 2.003860622420e-18 8.365340079096e-19 3.456773149539e-19 1.413957062453e-19 5.725137247666e-20 2.294698373578e-20 9.104591340095e-21 3.575979464000e-21 1.390379384895e-21 5.351541503149e-22 2.039082491127e-22 7.691368123275e-23 2.872019997394e-23 1.061666524786e-23 3.885142541623e-24 1.407488859167e-24 5.047808010314e-25 1.792177073332e-25 6.299111911059e-26 2.191784652275e-26 7.549812879784e-27 2.574504345393e-27
2.567519897706e-03 2.605778525316e-03 2.612501382755e-03 2.587443885179e-03 2.531525350250e-03 2.446772382015e-03 2.336195847243e-03 2.203611940005e-03 2.053422318296e-03 1.890371037287e-03 1.719297052757e-03 1.544900079545e-03 1.371535271531e-03 1.203048225848e-03 1.042657558700e-03 8.928875100983e-04 7.555488333840e-04 6.317625224846e-04 5.220184233970e-04 4.262592328693e-04 3.439800282762e-04 2.743339708948e-04 2.162361338074e-04 1.684590938585e-04 1.297158647307e-04 9.872763765335e-05 7.427549591432e-05 5.523663403153e-05 4.060661752470e-05 2.950984621403e-05 2.120066890877e-05 1.505760910658e-05 1.057297132545e-05 7.339776161518e-06 5.037590653866e-06 3.418426667287e-06 2.293514785708e-06 1.521446990150e-06 9.979295109863e-07 6.471994429096e-07 4.150294260146e-07 2.631656878815e-07 1.650047145542e-07 1.023027478958e-07 6.272048059399e-08 3.802507496667e-08 2.279697327791e-08 1.351570983984e-08 7.924350298818e-09 4.594737103816e-09 2.634750253333e-09 1.494204961192e-09 8.380762914974e-10 4.649121766226e-10 2.550845677899e-10 1.384317910385e-10 7.430857326276e-11 3.945545010103e-11 2.072307065221e-11 1.076699953691e-11 5.534056287366e-12 2.813946542394e-12 1.415555257255e-12 7.045178282832e-13 3.469180155806e-13 1.690234410688e-13 8.148312371545e-14 3.886908354026e-14 1.834728685046e-14 8.570083013587e-15 3.961486396743e-15 1.812196038475e-15 8.204261066852e-16 3.675986789705e-16 1.630125005448e-16 7.154710886201e-17 3.108125668144e-17 1.336444078000e-17 5.687986161188e-18 2.396243234846e-18 9.992550107642e-19 4.124797259378e-19 1.685453718151e-19 6.817505086894e-20 2.729822192506e-20 1.082053470571e-20 4.245933494482e-21 1.649346179760e-21 6.342611943755e-22 2.414599792325e-22 9.100083847610e-23 3.395243342192e-23 1.254074468396e-23 4.585681424365e-24 1.660020388996e-24 5.949116307988e-25 2.110674096077e-25 7.413434890748e-26 2.577786709860e-26 8.873665895867e-27 3.024035744748e-27
3.247357867555e-03 3.297045614252e-03 3.306675747949e-03 3.275897858674e-03 3.205848491542e-03 3.099080629839e-03 2.959407819775e-03 2.791676277487e-03 2.601484127280e-03 2.394870576642e-03 2.177999165539e-03 1.956857994022e-03 1.736996730095e-03 1.523315378251e-03 1.319913979188e-03 1.130006451352e-03 9.558963297163e-04 7.990073510206e-04 6.599586556157e-04 5.386724120442e-04 4.345011895161e-04 3.463630863676e-04 2.728743250362e-04 2.124711735903e-04 1.635155795749e-04 1.243813159368e-04 9.351960745324e-05 6.950496245892e-05 5.106320308034e-05 3.708448539220e-05 2.662444834675e-05 1.889664292654e-05 1.325913572952e-05 9.197768652708e-06 6.308062743765e-06 4.277251079246e-06 2.867458391561e-06 1.900645393748e-06 1.245616104133e-06 8.071489984996e-07 5.171500851544e-07 3.276270529084e-07 2.052343349543e-07 1.271259723838e-07 7.786452191409e-08 4.715994853954e-08 2.824509437334e-08 1.672849218400e-08 9.797678094402e-09 5.674808663209e-09 3.250503613248e-09 1.841330622186e-09 1.031586315135e-09 5.715887771629e-10 3.132408985033e-10 1.697863816677e-10 9.102705118830e-11 4.827202505102e-11 2.532169186861e-11 1.313945316274e-11 6.744734433474e-12 3.425085127770e-12 1.720731268657e-12 8.552759927354e-13 4.205983176721e-13 2.046507137246e-13 9.852804216022e-14 4.693788289722e-14 2.212687791518e-14 1.032203648080e-14 4.765126712671e-15 2.177018250780e-15 9.843339117218e-16 4.404830702662e-16 1.950901775792e-16 8.552111443057e-17 3.710690550596e-17 1.593641134884e-17 6.774714200035e-18 2.850792488559e-18 1.187471534529e-18 4.896343313719e-19 1.998567994077e-19 8.075530732321e-20 3.230236236937e-20 1.279127654547e-20 5.014349237206e-21 1.945989280877e-21 7.476442417972e-22 2.843683026950e-22 1.070782996706e-22 3.991699029343e-23 1.473165888436e-23 5.382501224122e-24 1.946955038639e-24 6.972159707984e-25 2.471828512921e-25 8.675782099453e-26 3.014655044188e-26 1.037061366004e-26 3.531897215890e-27
4.091830941940e-03 4.156127768110e-03 4.169730786848e-03 4.132144587248e-03 4.044766494742e-03 3.910799324785e-03 3.735054586689e-03 3.523663360118e-03 3.283719076935e-03 3.022881520102e-03 2.748972836232e-03 2.469595102776e-03 2.191794704600e-03 1.921792791370e-03 1.664793565881e-03 1.424874550111e-03 1.204955839535e-03 1.006839382630e-03 8.313051098136e-04 6.782483268617e-04 5.468421168833e-04 4.357094744669e-04 3.430920070976e-04 2.670048888616e-04 2.053709197068e-04 1.561296749375e-04 1.173204853360e-04 8.714021882495e-05 6.397844642451e-05 4.643357528574e-05 3.331396777999e-05 2.362805974630e-05 1.656716273582e-05 1.148409509422e-05 7.870158435458e-06 5.332330526886e-06 3.571953401894e-06 2.365687470828e-06 1.549098761074e-06 1.002946899186e-06 6.420377541112e-07 4.063811391937e-07 2.543333979318e-07 1.573898464184e-07 9.630753714297e-08 5.827216431629e-08 3.486476735818e-08 2.062742700786e-08 1.206825493681e-08 6.982229285283e-09 3.994879754373e-09 2.260392046533e-09 1.264868889252e-09 7.000046378317e-10 3.831446250105e-10 2.074170534115e-10 1.110606691352e-10 5.882000906654e-11 3.081444473601e-11 1.596849902436e-11 8.185982974009e-12 4.151370138609e-12 2.082778763680e-12 1.033816059368e-12 5.077025519007e-13 2.466941531094e-13 1.186066972090e-13 5.642578866676e-14 2.656324232186e-14 1.237474165640e-14 5.705043527560e-15 2.602946198177e-15 1.175357268642e-15 5.252759543847e-16 2.323441944342e-16 1.017222271575e-16 4.408104974573e-17 1.890826002699e-17 8.028335789304e-18 3.374300702161e-18 1.403897837779e-18 5.782146557256e-19 2.357502592278e-19 9.515500368403e-20 3.802188051522e-20 1.504054243810e-20 5.890146653103e-21 2.283628855401e-21 8.765268647129e-22 3.330796790704e-22 1.253073643093e-22 4.667157313468e-23 1.720984765760e-23 6.282771447866e-24 2.270783032172e-24 8.125503391557e-25 2.878557657629e-25 1.009599343582e-25 3.505676327955e-26 1.205152770254e-26 4.101649918141e-27
5.136650131214e-03 5.219551660530e-03 5.238536543095e-03 5.192912326171e-03 5.084387126154e-03 4.916962165559e-03 4.696684485916e-03 4.431281400837e-03 4.129707719995e-03 3.801643031300e-03 3.456978391103e-03 3.105330011335e-03 2.755612555626e-03 2.415696347042e-03 2.092163667696e-03 1.790169472422e-03 1.513402525905e-03 1.264135640675e-03 1.043348107386e-03 8.509004264078e-04 6.857406225567e-04 5.461227328721e-04 4.298206717352e-04 3.343244439952e-04 2.570096690824e-04 1.952753795774e-04 1.466485648978e-04 1.088567518456e-04 7.987196064104e-05 5.793061673345e-05 4.153453872610e-05 2.943810438258e-05 2.062625824739e-05 1.428733967842e-05 9.783899369324e-06 6.623856773852e-06 4.433597359014e-06 2.933967956498e-06 1.919619894737e-06 1.241773707869e-06 7.942246036305e-07 5.022547312302e-07 3.140441396330e-07 1.941554255192e-07 1.186880468892e-07 7.174139296405e-08 4.287905308525e-08 2.534199796576e-08 1.481034401629e-08 8.559080669457e-09 4.891438306300e-09 2.764420806306e-09 1.545045611364e-09 8.540049014019e-10 4.668469370874e-10 2.524049015046e-10 1.349724120318e-10 7.138907954947e-11 3.734860591704e-11 1.932812668311e-11 9.894533822458e-12 5.010822428575e-12 2.510435263181e-12 1.244325084157e-12 6.102139100943e-13 2.960822646447e-13 1.421488210204e-13 6.752942494622e-14 3.174532726856e-14 1.476798339218e-14 6.798833326711e-15 3.097676321460e-15 1.396825393851e-15 6.234016804402e-16 2.753773101725e-16 1.204027687747e-16 5.210818119658e-17 2.232279767114e-17 9.466204802251e-18 3.973728367833e-18 1.651296454216e-18 6.793056858512e-19 2.766474595805e-19 1.115363559587e-19 4.451853320118e-20 1.759160299022e-20 6.882004796266e-21 2.665468970257e-21 1.022079911134e-21 3.880176403313e-22 1.458396898838e-22 5.426994000368e-23 1.999417498904e-23 7.293045055264e-24 2.633757887751e-24 9.416819274099e-25 3.333447183589e-25 1.168269587365e-25 4.053700051410e-26 1.392572534720e-26 4.736309849007e-27
6.424208866182e-03 6.530716214731e-03 6.556933431828e-03 6.501902391099e-03 6.367698584562e-03 6.159299550848e-03 5.884275338444e-03 5.552328183540e-03 5.174720739480e-03 4.763640132667e-03 4.331548048803e-03 3.890564678460e-03 3.451927928300e-03 3.025559050983e-03 2.619753946246e-03 2.241006881867e-03 1.893961527904e-03 1.581474925336e-03 1.304772829256e-03 1.063671087818e-03 8.568368246775e-04 6.820647051095e-04 5.365471066079e-04 4.171216718531e-04 3.204849163123e-04 2.433655646908e-04 1.826557890722e-04 1.355020526364e-04 9.935985580340e-05 7.201821271863e-05 5.160036837084e-05 3.654720744877e-05 2.558924528215e-05 1.771220791613e-05 1.212018055102e-05 8.199267745314e-06 5.483758855524e-06 3.625985101436e-06 2.370416301591e-06 1.532076049666e-06 9.790366874776e-07 6.185662884872e-07 3.864095347439e-07 2.386654203161e-07 1.457529180717e-07 8.801110858526e-08 5.254810668131e-08 3.102297754032e-08 1.811026840561e-08 1.045418712326e-08 5.967459178215e-09 3.368473986339e-09 1.880326185706e-09 1.038011383299e-09 5.667005165487e-10 3.059864975628e-10 1.634043398880e-10 8.630857569901e-11 4.509106682542e-11 2.330188945686e-11 1.191171545817e-11 6.023640151102e-12 3.013454567041e-12 1.491457417419e-12 7.303271867313e-13 3.538378842776e-13 1.696255260434e-13 8.046326763945e-14 3.776964909564e-14 1.754469755443e-14 8.065379032558e-15 3.669419285908e-15 1.652268322438e-15 7.363609704680e-16 3.248204419726e-16 1.418250544519e-16 6.129616443266e-17 2.622389400726e-17 1.110596970297e-17 4.656098486470e-18 1.932431999325e-18 7.939840373839e-19 3.229631773222e-19 1.300574554923e-19 5.185193550501e-20 2.046669962690e-20 7.998133537937e-21 3.094507916165e-21 1.185386766051e-21 4.495694914674e-22 1.688122653744e-22 6.276002736594e-23 2.310123614983e-23 8.419005603211e-24 3.037805173841e-24 1.085256050571e-24 3.838636200362e-25 1.344290253572e-25 4.661000086078e-26 1.600049693535e-26 5.438188060028e-27
8.004575730932e-03 8.140924309581e-03 8.176788608212e-03 8.110854838381e-03 7.945628920522e-03 7.687276407818e-03 7.345236570988e-03 6.931644959763e-03 6.460614035751e-03 5.947431719968e-03 5.407741359170e-03 4.856764094206e-03 4.308615876041e-03 3.775758997135e-03 3.268612364745e-03 2.795329022616e-03 2.361734732497e-03 1.971409026930e-03 1.625881510883e-03 1.324911362608e-03 1.066816699952e-03 8.488226853184e-04 6.674015582433e-04 5.185838571036e-04 3.982265943087e-04 3.022305233893e-04 2.267042982790e-04 1.680777768922e-04 1.231699568575e-04 8.921895478016e-05 6.388225302687e-05 4.521535796003e-05 3.163627050425e-05 2.188205344461e-05 1.496247204192e-05 1.011437943304e-05 6.759321196695e-06 4.465823263849e-06 2.917028398224e-06 1.883762232820e-06 1.202716097115e-06 7.592012357025e-07 4.738190814949e-07 2.923716655113e-07 1.783736192342e-07 1.075980751920e-07 6.417463418869e-08 3.784552072031e-08 2.206813893898e-08 1.272406628914e-08 7.254457548707e-09 4.089908780360e-09 2.280152439809e-09 1.257096873919e-09 6.853972027108e-10 3.695726421352e-10 1.970867514707e-10 1.039518860888e-10 5.423039094087e-11 2.798384688112e-11 1.428387398971e-11 7.212381596889e-12 3.602683457214e-12 1.780365596104e-12 8.704605654040e-13 4.210823347744e-13 2.015505861306e-13 9.545993346644e-14 4.474028648092e-14 2.075090610397e-14 9.524793612977e-15 4.326863143735e-15 1.945395661732e-15 8.657195553014e-16 3.813268893012e-16 1.662585682331e-16 7.175489923489e-17 3.065586084721e-17 1.296529534525e-17 5.428373795926e-18 2.250017985183e-18 9.232953112191e-19 3.750957748850e-19 1.508683605991e-19 6.007797203876e-20 2.368640817967e-20 9.246021897008e-21 3.573440103637e-21 1.367405549781e-21 5.180719351469e-22 1.943420069571e-22 7.218194246982e-23 2.654462043212e-23 9.665199690379e-24 3.484426467181e-24 1.243762064135e-24 4.395697622407e-25 1.538159703348e-25 5.329131836041e-26 1.828062030548e-26 6.208727331278e-27
9.936574827259e-03 1.011050883050e-02 1.015915188383e-02 1.008071729538e-02 9.878210504344e-03 9.559235293583e-03 9.135514901401e-03 8.622170449405e-03 8.036819209155e-03 7.398568154369e-03 6.726983230613e-03 6.041111003718e-03 5.358619268642e-03 4.695106791228e-03 4.063612882408e-03 3.474337701090e-03 2.934565202727e-03 2.448765433338e-03 2.018841660418e-03 1.644481870562e-03 1.323572648872e-03 1.052636144858e-03 8.272565220875e-04 6.424697983678e-04 4.930993288989e-04 3.740271720746e-04 2.803986990937e-04 2.077634117976e-04 1.521589576497e-04 1.101477063000e-04 7.881627052063e-05 5.574818108387e-05 3.897900336194e-05 2.694174382138e-05 1.840875128197e-05 1.243467307462e-05 8.303529209368e-06 5.481703031231e-06 3.577653131445e-06 2.308425734713e-06 1.472560662533e-06 9.286981335301e-07 5.790612466072e-07 3.569666014972e-07 2.175648548302e-07 1.311032206376e-07 7.811014730740e-08 4.601270979750e-08 2.679983322186e-08 1.543401691634e-08 8.788772413888e-09 4.948695780561e-09 2.755362357082e-09 1.517069520133e-09 8.260106439757e-10 4.447695223227e-10 2.368484756271e-10 1.247413531543e-10 6.497909945978e-11 3.347960460533e-11 1.706283349514e-11 8.602162729408e-12 4.290143466632e-12 2.116732616472e-12 1.033267578196e-12 4.990394447055e-13 2.384815553079e-13 1.127703473074e-13 5.276880104191e-14 2.443561135696e-14 1.119834230421e-14 5.079125710735e-15 2.280070137991e-15 1.013094363948e-15 4.455654390406e-16 1.939766412251e-16 8.359476623482e-17 3.566274239600e-17 1.506154637646e-17 6.297318209584e-18 2.606657294577e-18 1.068228949177e-18 4.334167471746e-19 1.741068154347e-19 6.924707003796e-20 2.726895154305e-20 1.063216820810e-20 4.104551392785e-21 1.568929073164e-21 5.937959279300e-22 2.225200996895e-22 8.256587454086e-23 3.033414900152e-23 1.103476185043e-23 3.974601204758e-24 1.417498704174e-24 5.005517161305e-25 1.750131567324e-25 6.058789480749e-26 2.076787765098e-26 7.048340459200e-27
1.228894752246e-02 1.251004749766e-02 1.257550655901e-02 1.248291334747e-02 1.223584660782e-02 1.184364237952e-02 1.132080209687e-02 1.068609439609e-02 9.961429248354e-03 9.170598598207e-03 8.337985323573e-03 7.487336928038e-03 6.640687870044e-03 5.817493764926e-03 5.034016435028e-03 4.302973221317e-03 3.633440631035e-03 3.030982799533e-03 2.497961379325e-03 2.033975929696e-03 1.636382019567e-03 1.300837794605e-03 1.021836820315e-03 7.931946602819e-04 6.084670584090e-04 4.612876744257e-04 3.456222105735e-04 2.559428321456e-04 1.873316949556e-04 1.355254293865e-04 9.691358088118e-05 6.850380249954e-05 4.786538612247e-05 3.306090868850e-05 2.257369719015e-05 1.523675908134e-05 1.016695398958e-05 6.706609071702e-06 4.373547341749e-06 2.819601046835e-06 1.797084093601e-06 1.132347579773e-06 7.053837167803e-07 4.344194758711e-07 2.645060135805e-07 1.592241609150e-07 9.476217003384e-08 5.575963849400e-08 3.243927489147e-08 1.865937115549e-08 1.061224355670e-08 5.967778922609e-09 3.318378228338e-09 1.824569467273e-09 9.920450323554e-10 5.334028245682e-10 2.836285635687e-10 1.491538215866e-10 7.757624466990e-11 3.990747815606e-11 2.030640769653e-11 1.022087498909e-11 5.089119893541e-12 2.506806570766e-12 1.221649635368e-12 5.890395813283e-13 2.810207809552e-13 1.326638167146e-13 6.197409326174e-14 2.865065318505e-14 1.310834488532e-14 5.935696926510e-15 2.660276283466e-15 1.180137431370e-15 5.182124395304e-16 2.252526739237e-16 9.692487531636e-17 4.128752320251e-17 1.741143630985e-17 7.269344439157e-18 3.004777189910e-18 1.229690995109e-18 4.982594821489e-19 1.998936811369e-19 7.940236782573e-20 3.122947594696e-20 1.216179781706e-20 4.689610492122e-21 1.790543524703e-21 6.769311677078e-22 2.534062442471e-22 9.392998470331e-23 3.447510957069e-23 1.252914028232e-23 4.508689431233e-24 1.606540005764e-24 5.668175088182e-25 1.980174161960e-25 6.849668178165e-26 2.346059296329e-26 7.956256576047e-27
1.514158491972e-02 1.542165661345e-02 1.550910622850e-02 1.540070228720e-02 1.510067347095e-02 1.462043104857e-02 1.397784023580e-02 1.319610699386e-02 1.230237705508e-02 1.132616634708e-02 1.029774962258e-02 9.246628666534e-03 8.200185731114e-03 7.182601344675e-03 6.214085565203e-03 5.310439843612e-03 4.482936653251e-03 3.738480055257e-03 3.079992742298e-03 2.506965692894e-03 2.016104339694e-03 1.602009664817e-03 1.257841607006e-03 9.759241876856e-04 7.482649115693e-04 5.669736134366e-04 4.245770171715e-04 3.142339980078e-04 2.298627532526e-04 1.661947131560e-04 1.187714568341e-04 8.390059112729e-05 5.858500482507e-05 4.043762038200e-05 2.759118202046e-05 1.861004339570e-05 1.240859343636e-05 8.179007821107e-06 5.329489839554e-06 3.433057311767e-06 2.186200114930e-06 1.376306133539e-06 8.565629150917e-07 5.270181711271e-07 3.205659715724e-07 1.927696964221e-07 1.146025842864e-07 6.735814500114e-08 3.914107613053e-08 2.248694608536e-08 1.277299610627e-08 7.173492417281e-09 3.983424333046e-09 2.187180522617e-09 1.187491314940e-09 6.375454817865e-10 3.384897092411e-10 1.777269900430e-10 9.229034548568e-11 4.739981521237e-11 2.407897848989e-11 1.209942989408e-11 6.014261153906e-12 2.957438815481e-12 1.438769633238e-12 6.925239197071e-13 3.298164085519e-13 1.554280479625e-13 7.248221282920e-14 3.345053616589e-14 1.527806124333e-14 6.906372433471e-15 3.090084822471e-15 1.368517803424e-15 5.999429630721e-16 2.603559594608e-16 1.118511460947e-16 4.757126606005e-17 2.003064885807e-17 8.350350833771e-18 3.446560254681e-18 1.408475338354e-18 5.699074784982e-19 2.283281810192e-19 9.057782438676e-20 3.557930938481e-20 1.383857617528e-20 5.329759270098e-21 2.032587122292e-21 7.675706854771e-22 2.870229828592e-22 1.062783407268e-22 3.896751432228e-23 1.414783288537e-23 5.086338996927e-24 1.810703031013e-24 6.382835311288e-25 2.227932749693e-25 7.700337077894e-26 2.635320909327e-26 8.930381606352e-27
1.858681549861e-02 1.894034914507e-02 1.905638384868e-02 1.893061774668e-02 1.856800612582e-02 1.798243237093e-02 1.719581577617e-02 1.623673666432e-02 1.513870021968e-02 1.393818728271e-02 1.267265038956e-02 1.137860754335e-02 1.008996515239e-02 8.836670068987e-03 7.643752025638e-03 6.530777531002e-03 5.511700010488e-03 4.595059394084e-03 3.784463621099e-03 3.079271952561e-03 2.475397899951e-03 1.966154832038e-03 1.543078875362e-03 1.196678788194e-03 9.170787744264e-04 6.945361196454e-04 5.198291584105e-04 3.845220804540e-04 2.811206206691e-04 2.031371857253e-04 1.450856855360e-04 1.024258889786e-04 7.147516077076e-05 4.930256612712e-05 3.361710371832e-05 2.265862688158e-05 1.509713000040e-05 9.943669877528e-06 6.474312263684e-06 4.167136458641e-06 2.651434986906e-06 1.667728058899e-06 1.036984543829e-06 6.374177436571e-07 3.873319302149e-07 2.326766881271e-07 1.381773589096e-07 8.112233319700e-08 4.708362136399e-08 2.701673870801e-08 1.532635649173e-08 8.596047368885e-09 4.766781052269e-09 2.613560376426e-09 1.416892680334e-09 7.595499709565e-10 4.026338449308e-10 2.110667783002e-10 1.094227855373e-10 5.610452185739e-11 2.845216186270e-11 1.427203982782e-11 7.081692290606e-12 3.476127544040e-12 1.688067413762e-12 8.110492684953e-13 3.855635082207e-13 1.813691625278e-13 8.442614325446e-14 3.889223705777e-14 1.773156449791e-14 8.001180546049e-15 3.573613717294e-15 1.579901843978e-15 6.914212528889e-16 2.995471987941e-16 1.284742581005e-16 5.455219817006e-17 2.293343921716e-17 9.545550732780e-18 3.933872731363e-18 1.605234112689e-18 6.485823183816e-19 2.594830889118e-19 1.027963208195e-19 4.032522323943e-20 1.566432549443e-20 6.025405595974e-21 2.295110043135e-21 8.656960581661e-22 3.233503074043e-22 1.195989773044e-22 4.380540855292e-23 1.588814425152e-23 5.706401078314e-24 2.029518817244e-24 7.147646558535e-25 2.492696331100e-25 8.608128861537e-26 2.943592430602e-26 9.967180250454e-27
2.273072646119e-02 2.317543614145e-02 2.332841325234e-02 2.318396712274e-02 2.274785146017e-02 2.203687804005e-02 2.107782876526e-02 1.990576459639e-02 1.856188232344e-02 1.709110267123e-02 1.553958759225e-02 1.395237589470e-02 1.237130260536e-02 1.083332526384e-02 9.369335057576e-03 8.003478492695e-03 6.752970763344e-03 5.628342862144e-03 4.634037939660e-03 3.769257670274e-03 3.028956005067e-03 2.404885225806e-03 1.886612937613e-03 1.462447959001e-03 1.120233048508e-03 8.479823570058e-04 6.343583246635e-04 4.689963224399e-04 3.426946565621e-04 2.474930120557e-04 1.766645031943e-04 1.246458518486e-04 8.692773816353e-05 5.992378336773e-05 4.083261147648e-05 2.750347509292e-05 1.831237221490e-05 1.205261538821e-05 7.841510999184e-06 5.043144085366e-06 3.206173809827e-06 2.014918404855e-06 1.251737386342e-06 7.686970794072e-07 4.666431269885e-07 2.800298227875e-07 1.661179572637e-07 9.741505460253e-08 5.647269197934e-08 3.236391951911e-08 1.833593066519e-08 1.027010481679e-08 5.687083888547e-09 3.113593873176e-09 1.685421634376e-09 9.020862847070e-10 4.774204696633e-10 2.498559745361e-10 1.293117981192e-10 6.618685235755e-11 3.350558789987e-11 1.677654695351e-11 8.309148142161e-12 4.071068883533e-12 1.973278016842e-12 9.462938524895e-13 4.490054952420e-13 2.108117865507e-13 9.794559573525e-14 4.503500557668e-14 2.049360757671e-14 9.230304885628e-15 4.114986947595e-15 1.815932464457e-15 7.932906808644e-16 3.430738075234e-16 1.468875210641e-16 6.226476769539e-17 2.613222507993e-17 1.085929893426e-17 4.468192160043e-18 1.820448091413e-18 7.344317383806e-19 2.933999960761e-19 1.160678130845e-19 4.546872137621e-20 1.763875504300e-20 6.776122276769e-21 2.577837124806e-21 9.711638116183e-22 3.623207691569e-22 1.338621564374e-22 4.897626142397e-23 1.774497433841e-23 6.366857830458e-24 2.262207922682e-24 7.959660695749e-25 2.773370685597e-25 9.569051877031e-26 3.269440948788e-26 1.106158588983e-26
2.769449184499e-02 2.825194495001e-02 2.845239731593e-02 2.828836628934e-02 2.776646512249e-02 2.690695377043e-02 2.574241815197e-02 2.431569899400e-02 2.267725578626e-02 2.088219426470e-02 1.898720092043e-02 1.704762203183e-02 1.511489012765e-02 1.323445391587e-02 1.144430653002e-02 9.774145690038e-03 8.245141597100e-03 6.870241176244e-03 5.654903808331e-03 4.598145214535e-03 3.693763041628e-03 2.931625811707e-03 2.298925312790e-03 1.781315565934e-03 1.363887032144e-03 1.031948831374e-03 7.716129577281e-04 5.701909753034e-04 4.164251548839e-04 3.005827184409e-04 2.144442519496e-04 1.512165504211e-04 1.053969814355e-04 7.261204306065e-05 4.944778578487e-05 3.328490323197e-05 2.214691124421e-05 1.456620432425e-05 9.469955304108e-06 6.085803257535e-06 3.865947376955e-06 2.427511787309e-06 1.506723133146e-06 9.244253844944e-07 5.606304967849e-07 3.360849028682e-07 1.991548063011e-07 1.166555735341e-07 6.754575763045e-08 3.866119489499e-08 2.187488238709e-08 1.223545549362e-08 6.765678589485e-09 3.698575010609e-09 1.998971487156e-09 1.068187033864e-09 5.643884061362e-10 2.948645073291e-10 1.523371990814e-10 7.783153435654e-11 3.932782889477e-11 1.965481502833e-11 9.716132537979e-12 4.751218566647e-12 2.298453992976e-12 1.100064603832e-12 5.209360752184e-13 2.440993054690e-13 1.131868504929e-13 5.194017564170e-14 2.358949070719e-14 1.060400618599e-14 4.718292467615e-15 2.078207884831e-15 9.061635034735e-16 3.911651467459e-16 1.671747193227e-16 7.073869524937e-17 2.963717888565e-17 1.229491982855e-17 5.050536431636e-18 2.054397897931e-18 8.275181608126e-19 3.300848217460e-19 1.303875984906e-19 5.100538209312e-20 1.975921486509e-20 7.580556349401e-21 2.880134878359e-21 1.083693611099e-21 4.038153105591e-22 1.490189170683e-22 5.446046747167e-23 1.971064999629e-23 7.064766200569e-24 2.507661973906e-24 8.814773061236e-25 3.068459373621e-25 1.057773063575e-25 3.610962501781e-26 1.220694525265e-26
3.361567133699e-02 3.431201948455e-02 3.457314933736e-02 3.438927863470e-02 3.376792236490e-02 3.273337565484e-02 3.132511777224e-02 2.959528588698e-02 2.760544629882e-02 2.542294357714e-02 2.311713056484e-02 2.075577171101e-02 1.840187209609e-02 1.611112502404e-02 1.393009666319e-02 1.189518886052e-02 1.003235108120e-02 8.357453014440e-03 6.877188142345e-03 5.590356530298e-03 4.489370145410e-03 3.561835339718e-03 2.792089342885e-03 2.162596353587e-03 1.655140407282e-03 1.251781952355e-03 9.355710864268e-04 6.910307023703e-04 5.044368434048e-04 3.639316183282e-04 2.595069854966e-04 1.828965082382e-04 1.274083177579e-04 8.772698239589e-05 5.970585028248e-05 4.016543182081e-05 2.670803264895e-05 1.755439939718e-05 1.140471066920e-05 7.323783895243e-06 4.648767836913e-06 2.916682208873e-06 1.808785668374e-06 1.108740661592e-06 6.717635819573e-07 4.022964634788e-07 2.381332972949e-07 1.393286880845e-07 8.057708968519e-08 4.606162597393e-08 2.602746085263e-08 1.453783282685e-08 8.027045922721e-09 4.381424839623e-09 2.364265978868e-09 1.261301474137e-09 6.652818922220e-10 3.469617626896e-10 1.789260708096e-10 9.124532495784e-11 4.601751700332e-11 2.295320348057e-11 1.132411208578e-11 5.526367588957e-12 2.667993295218e-12 1.274306572687e-12 6.022019781216e-13 2.815944058378e-13 1.303026935171e-13 5.967100877942e-14 2.704493843673e-14 1.213254686301e-14 5.387541064680e-15 2.368260709730e-15 1.030610742760e-15 4.440278210151e-16 1.894079967038e-16 7.999804815361e-17 3.345583289497e-17 1.385454283844e-17 5.681396567258e-18 2.307137074676e-18 9.278081119321e-19 3.695037200201e-19 1.457347652999e-19 5.692427913844e-20 2.202048364857e-20 8.436352617680e-21 3.200984405341e-21 1.202858829649e-21 4.476600328261e-22 1.649999905813e-22 6.023098987307e-23 2.177480989008e-23 7.796221739181e-24 2.764432547108e-24 9.707689373164e-25 3.376054248023e-25 1.162737994952e-25 3.965775487165e-26 1.339500364605e-26
4.064943947406e-02 4.151626082875e-02 4.185452619007e-02 4.165151798673e-02 4.091566524943e-02 3.967595447479e-02 3.798001049857e-02 3.589102828021e-02 3.348383289889e-02 3.084041373851e-02 2.804530423486e-02 2.518116977861e-02 2.232491398638e-02 1.954454288267e-02 1.689693244606e-02 1.442655193579e-02 1.216510654691e-02 1.013199128870e-02 8.335396018593e-03 6.773875252221e-03 5.438190047389e-03 4.313243506062e-03 3.379958785558e-03 2.616984136234e-03 2.002148345466e-03 1.513626418255e-03 1.130807395376e-03 8.348809052858e-04 6.091762002722e-04 4.392971689750e-04 3.131002835163e-04 2.205608874690e-04 1.535683902670e-04 1.056841144810e-04 7.188800649076e-05 4.833307994923e-05 3.211993003987e-05 2.109823491167e-05 1.369800000852e-05 8.790323252713e-06 5.575523569559e-06 3.495390742428e-06 2.165864120185e-06 1.326442871997e-06 8.029063797251e-07 4.803507188917e-07 2.840329096037e-07 1.659956518524e-07 9.588389517254e-08 5.474201514283e-08 3.089083717299e-08 1.722989151617e-08 9.499313604564e-09 5.176954189149e-09 2.788991532596e-09 1.485360770813e-09 7.820821055700e-10 4.071314907108e-10 2.095596442293e-10 1.066601127237e-10 5.368470519083e-11 2.672314683586e-11 1.315675455962e-11 6.407236475242e-12 3.086674638785e-12 1.471115308709e-12 6.937068282563e-13 3.236800376936e-13 1.494525105343e-13 6.829259281733e-14 3.088599701113e-14 1.382612314926e-14 6.126627965777e-15 2.687538115971e-15 1.167152556340e-15 5.018412049890e-16 2.136458525634e-16 9.006037021947e-17 3.759271112607e-17 1.553895044088e-17 6.360675494977e-18 2.578467977456e-18 1.035162904153e-18 4.115795640641e-19 1.620708890059e-19 6.320750962109e-20 2.441460111665e-20 9.340095380950e-21 3.538961683829e-21 1.328080039208e-21 4.936241213982e-22 1.817151606282e-22 6.625317183651e-23 2.392435255366e-23 8.556345589437e-24 3.030728550802e-24 1.063192322546e-24 3.693836853262e-25 1.270981722778e-25 4.331027343441e-26 1.461593539336e-26
4.896969316872e-02 5.004495762564e-02 5.048076369535e-02 5.026066729503e-02 4.939397961714e-02 4.791510402117e-02 4.588124072797e-02 4.336867546436e-02 4.046799100525e-02 3.727862418010e-02 3.390322690951e-02 3.044227117024e-02 2.698928648605e-02 2.362701939586e-02 2.042469773752e-02 1.743646349232e-02 1.470093025846e-02 1.224173261534e-02 1.006887179955e-02 8.180628991958e-03 6.565810199897e-03 5.206104400460e-03 4.078370474683e-03 3.156712024135e-03 2.414246722219e-03 1.824521944605e-03 1.362567101227e-03 1.005603480042e-03 7.334530600049e-04 5.286996477911e-04 3.766596064941e-04 2.652175791261e-04 1.845764989555e-04 1.269628630464e-04 8.631900568427e-05 5.800517877581e-05 3.852628154981e-05 2.529153316068e-05 1.641033183729e-05 1.052395691051e-05 6.670446021390e-06 4.178679324111e-06 2.587175000584e-06 1.583105126472e-06 9.573841538467e-07 5.722050790447e-07 3.379902075343e-07 1.973073321860e-07 1.138337188502e-07 6.490699771036e-08 3.657732703805e-08 2.037239281107e-08 1.121487689189e-08 6.102182523669e-09 3.281957882242e-09 1.744857309007e-09 9.170455226726e-10 4.764899521465e-10 2.447816961244e-10 1.243367091843e-10 6.245253585214e-11 3.102186836380e-11 1.524022477892e-11 7.405593448514e-12 3.559702675040e-12 1.692753137431e-12 7.964165405937e-13 3.707609660378e-13 1.708026030843e-13 7.787182505852e-14 3.513896353796e-14 1.569480918475e-14 6.939299324008e-15 3.037384062032e-15 1.316249485310e-15 5.647533608777e-16 2.399313177095e-16 1.009358952024e-16 4.204900074096e-17 1.734744495941e-17 7.087635313065e-18 2.867921432719e-18 1.149331016485e-18 4.561891599107e-19 1.793390421069e-19 6.982985263938e-20 2.693075432697e-20 1.028727232412e-20 3.892226630616e-21 1.458621967282e-21 5.414191001990e-22 1.990531317850e-22 7.248474028028e-23 2.614345575850e-23 9.339297812027e-24 3.304423072376e-24 1.157982745349e-24 4.019091741994e-25 1.381551639018e-25 4.703415568405e-26 1.585842325903e-26
5.876998107337e-02 6.009914793758e-02 6.065765640282e-02 6.042435634872e-02 5.940934679159e-02 5.765324142316e-02 5.522443665289e-02 5.221464064086e-02 4.873307871385e-02 4.489988476395e-02 4.083924258712e-02 3.667281637504e-02 3.251394343185e-02 2.846294842934e-02 2.460380149027e-02 2.100220019006e-02 1.770502163615e-02 1.474098413226e-02 1.212227839018e-02 9.846889625729e-03 7.901323003610e-03 6.263465701631e-03 4.905361287769e-03 3.795725192001e-03 2.902088093875e-03 2.192509035847e-03 1.636847286669e-03 1.207618633928e-03 8.804870458927e-04 6.344566124043e-04 4.518335632674e-04 3.180255071332e-04 2.212376955644e-04 1.521158090647e-04 1.033735955228e-04 6.943280665969e-05 4.609325928221e-05 3.024291963915e-05 1.961183016956e-05 1.256938401712e-05 7.961664477463e-06 4.984021129904e-06 3.083430095809e-06 1.885207096556e-06 1.139063835865e-06 6.801358116982e-07 4.013266257761e-07 2.340201407152e-07 1.348534198459e-07 7.679401259234e-08 4.321709384951e-08 2.403564832135e-08 1.321115526695e-08 7.176726984202e-09 3.853294238656e-09 2.044941623564e-09 1.072750838070e-09 5.563081501450e-10 2.852088470060e-10 1.445695082747e-10 7.245929696677e-11 3.591326373158e-11 1.760355305277e-11 8.534403094888e-12 4.092765644866e-12 1.941670480728e-12 9.113667184309e-13 4.232661032465e-13 1.945268051684e-13 8.847751177441e-14 3.983036007172e-14 1.774851922482e-14 7.829125941552e-15 3.419024500824e-15 1.478294987967e-15 6.328775294381e-16 2.682903897185e-16 1.126268787388e-16 4.682227739923e-17 1.927773914787e-17 7.860855374960e-18 3.174741229771e-18 1.269942544939e-18 5.031613423944e-19 1.974631770226e-19 7.675858228282e-20 2.955522697590e-20 1.127226341935e-20 4.258522125437e-21 1.593594323179e-21 5.906995818884e-22 2.168819619966e-22 7.887601984833e-23 2.841367326645e-23 1.013831863508e-23 3.583070309032e-24 1.254266121614e-24 4.348732404200e-25 1.493370544029e-25 5.079223622253e-26 1.710978854225e-26
7.026418656249e-02 7.190144402412e-02 7.261351277600e-02 7.237333093420e-02 7.119160689290e-02 6.911601994234e-02 6.622798486276e-02 6.263729214245e-02 5.847512000698e-02 5.388604555832e-02 4.901973226280e-02 4.402295943514e-02 3.903256791582e-02 3.416976144295e-02 2.953603819198e-02 2.521085011043e-02 2.125092572777e-02 1.769106141643e-02 1.454609029831e-02 1.181368872306e-02 9.477671667383e-03 7.511453162189e-03 5.881399252163e-03 4.549866488388e-03 3.477789018302e-03 2.626744575259e-03 1.960486488116e-03 1.445973514487e-03 1.053959489095e-03 7.592217188108e-04 5.405125676064e-04 3.803155193830e-04 2.644778181245e-04 1.817793750676e-04 1.234840095984e-04 8.290596925664e-05 5.501306339232e-05 3.607819919188e-05 2.338381010961e-05 1.497849650053e-05 9.481868346279e-06 5.931740252558e-06 3.667098360530e-06 2.240295832859e-06 1.352451177797e-06 8.067957797615e-07 4.755822151257e-07 2.770154156534e-07 1.594401123613e-07 9.067936902048e-08 5.096145234733e-08 2.830128574339e-08 1.553151874444e-08 8.423279098443e-09 4.514689870776e-09 2.391541389107e-09 1.252156594417e-09 6.480391607062e-10 3.315432380820e-10 1.676922337555e-10 8.386096505367e-11 4.146899732445e-11 2.027909504862e-11 9.808013345770e-12 4.692108887642e-12 2.220533576663e-12 1.039672591717e-12 4.816518393345e-13 2.208074927972e-13 1.001806190195e-13 4.498696716089e-14 1.999699292049e-14 8.799486384981e-15 3.833556532923e-15 1.653609678376e-15 7.062893652916e-16 2.987307975465e-16 1.251270765781e-16 5.190629558101e-17 2.132587644059e-17 8.678203306781e-18 3.497874152040e-18 1.396506052609e-18 5.522760983969e-19 2.163479324040e-19 8.395345435152e-20 3.227141901180e-20 1.228835775531e-20 4.635183923670e-21 1.731956833813e-21 6.410656081885e-22 2.350500972542e-22 8.537036825439e-23 3.071411299212e-23 1.094579936533e-23 3.863933053136e-24 1.351069434332e-24 4.679340016837e-25 1.605250826815e-25 5.454372011299e-26 1.835617152692e-26
8.368689262770e-02 8.569654507439e-02 8.659981079492e-02 8.636223969785e-02 8.499485909005e-02 8.255332104950e-02 7.913409328959e-02 7.486805894024e-02 6.991212874151e-02 6.443961601754e-02 5.863020491673e-02 5.266031396632e-02 4.669455721202e-02 4.087883967673e-02 3.533541993311e-02 3.016006135325e-02 2.542119681673e-02 2.116086892508e-02 1.739709489836e-02 1.412724479670e-02 1.133200972095e-02 8.979569436123e-03 7.029629007207e-03 5.437075548552e-03 4.155089622894e-03 3.137628110607e-03 2.341263463893e-03 1.726418474679e-03 1.258071623547e-03 9.060285468733e-04 6.448614406658e-04 4.536143205577e-04 3.153608315377e-04 2.166862181425e-04 1.471487061367e-04 9.875967583122e-05 6.550808764086e-05 4.294317148070e-05 2.782065210270e-05 1.781160857409e-05 1.126910133687e-05 7.045516829269e-06 4.352722035686e-06 2.657180448966e-06 1.602808704759e-06 9.552847086419e-07 5.625567840619e-07 3.273231008102e-07 1.881745542471e-07 1.068856805910e-07 5.998692180268e-08 3.326441798743e-08 1.822642684782e-08 9.868191337041e-09 5.279690193469e-09 2.791507928642e-09 1.458672213687e-09 7.533518343104e-10 3.845881787628e-10 1.940850412117e-10 9.683435400696e-11 4.776986403805e-11 2.330310548206e-11 1.124239048014e-11 5.364628031729e-12 2.532260200857e-12 1.182542154105e-12 5.464066314838e-13 2.498370794750e-13 1.130547142714e-13 5.063593216736e-14 2.244981072647e-14 9.853562251258e-15 4.281942543693e-15 1.842437641192e-15 7.850250763654e-16 3.312411630112e-16 1.384213988878e-16 5.729085732364e-17 2.348618488858e-17 9.536820706575e-18 3.835966444122e-18 1.528408132714e-18 6.032648063679e-19 2.358789032623e-19 9.136688080106e-20 3.505994073148e-20 1.332780002267e-20 5.019162076859e-21 1.872528661565e-21 6.920666558019e-22 2.533880191601e-22 9.190484028371e-23 3.302169749836e-23 1.175338246538e-23 4.144020486367e-24 1.447334766179e-24 5.007214804002e-25 1.715912937181e-25 5.824483740614e-26 1.958276087539e-26
9.929334462438e-02 1.017513536564e-01 1.028914681756e-01 1.026700523080e-01 1.010980159419e-01 9.823992979932e-02 9.420956379130e-02 8.916228186769e-02 8.328501103366e-02 7.678469553319e-02 6.987623384850e-02 6.277087281128e-02 5.566590949848e-02 4.873635416148e-02 4.212895817189e-02 3.595875781704e-02 3.030804433897e-02 2.522747397241e-02 2.073889532394e-02 1.683939807531e-02 1.350607208185e-02 1.070100654612e-02 8.376131497942e-03 6.477601894380e-03 4.949526253792e-03 3.736939971586e-03 2.788006257502e-03 2.055492114448e-03 1.497610014845e-03 1.078340293594e-03 7.673566326378e-04 5.396719956257e-04 3.751088992294e-04 2.576796672817e-04 1.749426076039e-04 1.173810983054e-04 7.783585188757e-05 5.100697908218e-05 3.303204126945e-05 2.113893135674e-05 1.336771765215e-05 8.352997126063e-06 5.157299765880e-06 3.146168767676e-06 1.896299426004e-06 1.129234986671e-06 6.643602550403e-07 3.861507767903e-07 2.217375853028e-07 1.257910068087e-07 7.050021569344e-08 3.903631570637e-08 2.135483276980e-08 1.154220069213e-08 6.164062359193e-09 3.252797200424e-09 1.696245747742e-09 8.741724586139e-10 4.452675033425e-10 2.241833117814e-10 1.115810186560e-10 5.490748118542e-11 2.671645301532e-11 1.285541319938e-11 6.117986652744e-12 2.880065249951e-12 1.341293209330e-12 6.180571329679e-13 2.818201171245e-13 1.271766426144e-13 5.680496832512e-14 2.511644471917e-14 1.099434769531e-14 4.765010257286e-15 2.044945268399e-15 8.690806204759e-16 3.657906218403e-16 1.524857648759e-16 6.296176794183e-17 2.575126928546e-17 1.043312527979e-17 4.187367161973e-18 1.664915869987e-18 6.558116914797e-19 2.559234022064e-19 9.894430271552e-20 3.789878574658e-20 1.438186728697e-20 5.407054013324e-21 2.014002273620e-21 7.432073017490e-22 2.717105089262e-22 9.841107268613e-23 3.531150435430e-23 1.255209024755e-23 4.420136071606e-24 1.541936823897e-24 5.328439211022e-25 1.824007861712e-25 6.184963238726e-26 2.077406660460e-26
1.173589246277e-01 1.203546053139e-01 1.217866341286e-01 1.216000162024e-01 1.198049217424e-01 1.164758027077e-01 1.117461967587e-01 1.057997305118e-01 9.885817559681e-02 9.116765241837e-02 8.298418115679e-02 7.455975683961e-02 6.612997528516e-02 5.790400116246e-02 5.005736887681e-02 4.272780216594e-02 3.601394496873e-02 2.997666288357e-02 2.464240790891e-02 2.000804863131e-02 1.604655504374e-02 1.271297086701e-02 9.950198014929e-03 7.694232880378e-03 5.878618433224e-03 4.437992517666e-03 3.310712897837e-03 2.440616290273e-03 1.778020319821e-03 1.280106262431e-03 9.108289021437e-04 6.404937841085e-04 4.451257147864e-04 3.057306095421e-04 2.075291454892e-04 1.392180369746e-04 9.229486452849e-05 6.046610644391e-05 3.914565302255e-05 2.504234845974e-05 1.582953725448e-05 9.886533369014e-06 6.100752485783e-06 3.719355840671e-06 2.240162528877e-06 1.332916817835e-06 7.834744841108e-07 4.549193649931e-07 2.609303790572e-07 1.478401276557e-07 8.274440193423e-08 4.574770993612e-08 2.498592001848e-08 1.348132394733e-08 7.186247640735e-09 3.784693763507e-09 1.969472501174e-09 1.012736340988e-09 5.146495375420e-10 2.584885436620e-10 1.283320934875e-10 6.298638856765e-11 3.056550959348e-11 1.466723986724e-11 6.960763837725e-12 3.267518384500e-12 1.517375218385e-12 6.971761938976e-13 3.169761186125e-13 1.426274812505e-13 6.352266271228e-14 2.800635225078e-14 1.222467586250e-14 5.283459555278e-15 2.261222873491e-15 9.584120971597e-16 4.023289530006e-16 1.672871757662e-16 6.890088568872e-17 2.811204369205e-17 1.136283020771e-17 4.550138842318e-18 1.805182340434e-18 7.095565171692e-19 2.763317249252e-19 1.066247623670e-19 4.076358202146e-20 1.544097632032e-20 5.795149252779e-21 2.154961636322e-21 7.939544806399e-22 2.898194938588e-22 1.048163815790e-22 3.755718140516e-23 1.333247981008e-23 4.688934400835e-24 1.633703559146e-24 5.638951586822e-25 1.928143121979e-25 6.531086870074e-26 2.191423186011e-26
1.381780446817e-01 1.418159110656e-01 1.436059038341e-01 1.434790530209e-01 1.414439340514e-01 1.375858319270e-01 1.320607277734e-01 1.250847012977e-01 1.169197725574e-01 1.078574812153e-01 9.820164954351e-02 8.825173664245e-02 7.828802579862e-02 6.855959541972e-02 5.927567124849e-02 5.060058331321e-02 4.265220493144e-02 3.550346781692e-02 2.918634562706e-02 2.369759211081e-02 1.900550237342e-02 1.505701962896e-02 1.178461877063e-02 9.112537272485e-03 6.962071429384e-03 5.255796103453e-03 3.920685379776e-03 2.890202665597e-03 2.105490820479e-03 1.515826372790e-03 1.078512411750e-03 7.583769172711e-04 5.270237233089e-04 3.619573144886e-04 2.456744802759e-04 1.647889689512e-04 1.092316145244e-04 7.154916970192e-05 4.631038333348e-05 2.961756023731e-05 1.871524630017e-05 1.168408316829e-05 7.206491672639e-06 4.390976859112e-06 2.642928787241e-06 1.571367399983e-06 9.228293722422e-07 5.353071632430e-07 3.066994520332e-07 1.735584847080e-07 9.700652844622e-08 5.355288277031e-08 2.920125439492e-08 1.572796751388e-08 8.367922352252e-09 4.398088561153e-09 2.283729721070e-09 1.171651741337e-09 5.939768026810e-10 2.975818551269e-10 1.473542924378e-10 7.212665231486e-11 3.490325475863e-11 1.670076521413e-11 7.902638371212e-12 3.698616359681e-12 1.712396933533e-12 7.843931151383e-13 3.555432482666e-13 1.594938268984e-13 7.081891043308e-14 3.112911826748e-14 1.354726453381e-14 5.837877043232e-15 2.491289458072e-15 1.052937443004e-15 4.407872609478e-16 1.827840240549e-16 7.508627262342e-17 3.055780647289e-17 1.232098150988e-17 4.922075620307e-18 1.948255195522e-18 7.640985281178e-19 2.969389131081e-19 1.143416711583e-19 4.362791903254e-20 1.649481966123e-20 6.179484919246e-21 2.293904456509e-21 8.437462361298e-22 3.075074260366e-22 1.110450460821e-22 3.973142827514e-23 1.408482068374e-23 4.946985972452e-24 1.721439402046e-24 5.934628660479e-25 2.026911633607e-25 6.858102757760e-26 2.298737348724e-26
1.620623632591e-01 1.664641179585e-01 1.686908496306e-01 1.686564852318e-01 1.663668624275e-01 1.619190061334e-01 1.554942073042e-01 1.473456067841e-01 1.377814769495e-01 1.271457625315e-01 1.157975942195e-01 1.040914707923e-01 9.235959039069e-02 8.089748173483e-02 6.995364808727e-02 5.972350264181e-02 5.034745312950e-02 4.191264972993e-02 3.445767856623e-02 2.797934783663e-02 2.244069473246e-02 1.777940783196e-02 1.391598627747e-02 1.076112588146e-02 8.221996252814e-03 6.207241686497e-03 4.630678743559e-03 3.413772577372e-03 2.487047269291e-03 1.790625071468e-03 1.274101434985e-03 8.959534571803e-04 6.226560017943e-04 4.276487872313e-04 2.902643518084e-04 1.946950144914e-04 1.290489381611e-04 8.452267418061e-05 5.470024754330e-05 3.497668113338e-05 2.209609903707e-05 1.379030640078e-05 8.502114229881e-06 5.177839881399e-06 3.114685330324e-06 1.850550073483e-06 1.085896802886e-06 6.293042800815e-07 3.601676257504e-07 2.035694611022e-07 1.136270824179e-07 6.263474582509e-08 3.409745676960e-08 1.833230623369e-08 9.734694697133e-09 5.105823864615e-09 2.645343846732e-09 1.353979247146e-09 6.847028731608e-10 3.421407204201e-10 1.689573419511e-10 8.246709266367e-11 3.979064357198e-11 1.898218671982e-11 8.954617541318e-12 4.177873174292e-12 1.928160987830e-12 8.804065866620e-13 3.977830362311e-13 1.778694697189e-13 7.872549644944e-14 3.449465339993e-14 1.496478313559e-14 6.428758970049e-15 2.735100853739e-15 1.152539503415e-15 4.810792280458e-16 1.989266409872e-16 8.149244587403e-17 3.307635833111e-17 1.330201305203e-17 5.300728752297e-18 2.093088213207e-18 8.190015897887e-19 3.175669913771e-19 1.220237639144e-19 4.646374546277e-20 1.753252866504e-20 6.555911192482e-21 2.429268012782e-21 8.920017480924e-22 3.245611183058e-22 1.170197543031e-22 4.180653259112e-23 1.479929117980e-23 5.190848021044e-24 1.803950540778e-24 6.211374426351e-25 2.118922631147e-25 7.161337030810e-26 2.397794325680e-26
1.893382267891e-01 1.946448765962e-01 1.974017619361e-01 1.975019865386e-01 1.949471568802e-01 1.898468503218e-01 1.824107083741e-01 1.729339496996e-01 1.617777234363e-01 1.493461391581e-01 1.360620195409e-01 1.223433949239e-01 1.085825106688e-01 9.512872020577e-02 8.227613102156e-02 7.025633167418e-02 5.923604354493e-02 4.931912289395e-02 4.055206106080e-02 3.293197288064e-02 2.641603882629e-02 2.093144462467e-02 1.638501409242e-02 1.267193039668e-02 9.683148873165e-03 7.311302254313e-03 5.455067738388e-03 4.022092428189e-03 2.930661064928e-03 2.110336352070e-03 1.501816097899e-03 1.056240310527e-03 7.341537059844e-04 5.042923695589e-04 3.423240941968e-04 2.296342249721e-04 1.522160540627e-04 9.969795037990e-05 6.451909605115e-05 4.125139280777e-05 2.605599147529e-05 1.625790573147e-05 1.002025423228e-05 6.099857625264e-06 3.667401800472e-06 2.177550789149e-06 1.276806825581e-06 7.392800760980e-07 4.226724379387e-07 2.386158420622e-07 1.330117494738e-07 7.321115696240e-08 3.978952916321e-08 2.135399912388e-08 1.131697192145e-08 5.923122449303e-09 3.061798424671e-09 1.563330359356e-09 7.885381204607e-10 3.929597342078e-10 1.935031940668e-10 9.416927845029e-11 4.529829983875e-11 2.154170545629e-11 1.012932023963e-11 4.710431674049e-12 2.166706850529e-12 9.860008147771e-13 4.439862929125e-13 1.978575163431e-13 8.727684229751e-14 3.811345445299e-14 1.647994341708e-14 7.056543260709e-15 2.992561431871e-15 1.257070540888e-15 5.231029546069e-16 2.156580891671e-16 8.809073058406e-17 3.565416161608e-17 1.429981904857e-17 5.683439075652e-18 2.238555712099e-18 8.738004545472e-19 3.380276409873e-19 1.295962183858e-19 4.924183021923e-20 1.854285934935e-20 6.920165206382e-21 2.559458015857e-21 9.381324256148e-22 3.407659439588e-22 1.226631692388e-22 4.375494628380e-23 1.546618758978e-23 5.417139541886e-24 1.880071465431e-24 6.465212927485e-25 2.202833719424e-25 7.436303211437e-26 2.487109697312e-26
2.203432474349e-01 2.267173232631e-01 2.301144906809e-01 2.304026406314e-01 2.275772262662e-01 2.217610468198e-01 2.131952633829e-01 2.022225898170e-01 1.892642990214e-01 1.747932257053e-01 1.593051843848e-01 1.432911980588e-01 1.272126496645e-01 1.114809963804e-01 9.644307488415e-02 8.237241149133e-02 6.946634644282e-02 5.784830614688e-02 4.757421504486e-02 3.864185542702e-02 3.100195308815e-02 2.456985809939e-02 1.923687129887e-02 1.488050257578e-02 1.137319138172e-02 8.589255907155e-03 6.410033522105e-03 4.727327098391e-03 3.445373017216e-03 2.481601835572e-03 1.766478792553e-03 1.242697792148e-03 8.639701893582e-04 5.936064416826e-04 4.030424828145e-04 2.704186874655e-04 1.792806322544e-04 1.174395293052e-04 7.600633045927e-05 4.859678087130e-05 3.069399255694e-05 1.914926796088e-05 1.179962891375e-05 7.180702218875e-06 4.315332928809e-06 2.560821091930e-06 1.500491633287e-06 8.680668709709e-07 4.958138843916e-07 2.795865200589e-07 1.556460577835e-07 8.554279187867e-08 4.641500028139e-08 2.486432848455e-08 1.315104101934e-08 6.868122215795e-09 3.541992978511e-09 1.803990156532e-09 9.075065586449e-10 4.509763752402e-10 2.214174431680e-10 1.074224723193e-10 5.150860861756e-11 2.441439056835e-11 1.144132597699e-11 5.302201132145e-12 2.430363794016e-12 1.102065443083e-12 4.944804354672e-13 2.195730302221e-13 9.651094492058e-14 4.199693447423e-14 1.809561566461e-14 7.721651129611e-15 3.263539489389e-15 1.366358187679e-15 5.667433822943e-16 2.329151894577e-16 9.484970848369e-17 3.827653972336e-17 1.530784233398e-17 6.067375979804e-18 2.383469475313e-18 9.280080180508e-19 3.581252543109e-19 1.369819172084e-19 5.193227471350e-20 1.951439737079e-20 7.267951454925e-21 2.682879698745e-21 9.815537476246e-22 3.559102777320e-22 1.278995729046e-22 4.554988590836e-23 1.607614048801e-23 5.622618207606e-24 1.948691975902e-24 6.692382120790e-25 2.277383047025e-25 7.678811426852e-26 2.565306047728e-26
2.554219222342e-01 2.630497688519e-01 2.672162891377e-01 2.677590013627e-01 2.646647847589e-01 2.580701087765e-01 2.482509128818e-01 2.356031877932e-01 2.206161936179e-01 2.038408611345e-01 1.858562385693e-01 1.672368106282e-01 1.485232028899e-01 1.301982082838e-01 1.126693774107e-01 9.625866162746e-02 8.119890207504e-02 6.763638119803e-02 5.563825770743e-02 4.520348096564e-02 3.627574705831e-02 2.875716783427e-02 2.252153460062e-02 1.742633570448e-02 1.332297780140e-02 1.006493366508e-02 7.513773798113e-03 5.543214455473e-03 4.041435427435e-03 2.911984335569e-03 2.073603320970e-03 1.459298341044e-03 1.014933116239e-03 6.975792550880e-04 4.738001955109e-04 3.179950358295e-04 2.108833314503e-04 1.381752728279e-04 8.944384536584e-05 5.719601029754e-05 3.612743933490e-05 2.253847767672e-05 1.388632545235e-05 8.448612879212e-06 5.075516256568e-06 3.010479242427e-06 1.762864298671e-06 1.019064037747e-06 5.815138732101e-07 3.275497862860e-07 1.821136522261e-07 9.994297164674e-08 5.413910325644e-08 2.894887101985e-08 1.528041815589e-08 7.962543357491e-09 4.096565785763e-09 2.081070047750e-09 1.044016556182e-09 5.173030049676e-10 2.532034813779e-10 1.224497497056e-10 5.851829989772e-11 2.764124573288e-11 1.290760450072e-11 5.960026286707e-12 2.721815833270e-12 1.229619951132e-12 5.496384643334e-13 2.431462731748e-13 1.064705285892e-13 4.615782909336e-14 1.981497274563e-14 8.424538810776e-15 3.547886410691e-15 1.480212838742e-15 6.118752712357e-16 2.506297719741e-16 1.017357568022e-16 4.092791174055e-17 1.631917701949e-17 6.449581981964e-18 2.526597879298e-18 9.811233904034e-19 3.776602916594e-19 1.441028217009e-19 5.450506528160e-20 2.043577605382e-20 7.595026701389e-21 2.797970339408e-21 1.021697540100e-21 3.697900637246e-22 1.326565413179e-22 4.716593858677e-23 1.662033122600e-23 5.804256741683e-24 2.008783810137e-24 6.889425473271e-25 2.341420524394e-25 7.885073393072e-26 2.631147942524e-26
2.949202249505e-01 3.040143221900e-01 3.091005551531e-01 3.099800562565e-01 3.066281098999e-01 2.991950156971e-01 2.879947661244e-01 2.734827326266e-01 2.562246136143e-01 2.368596108105e-01 2.160612014198e-01 1.944988385052e-01 1.728035422947e-01 1.515396793309e-01 1.311844063659e-01 1.121153677515e-01 9.460641485261e-02 7.883044305058e-02 6.486796260068e-02 5.271976338356e-02 4.232198951658e-02 3.356206441772e-02 2.629415818968e-02 2.035321122544e-02 1.556686781293e-02 1.176499577438e-02 8.786740038176e-03 6.485264389245e-03 4.730475676001e-03 3.410099627353e-03 2.429499040273e-03 1.710607399835e-03 1.190306114409e-03 8.185151416789e-04 5.562038418577e-04 3.734690920562e-04 2.477753386974e-04 1.624086481953e-04 1.051644693062e-04 6.726603142244e-05 4.249572736490e-05 2.651379047928e-05 1.633538617250e-05 9.937393600841e-06 5.968388515081e-06 3.538683883430e-06 2.071041064280e-06 1.196367667032e-06 6.820903898263e-07 3.837949092839e-07 2.131191326980e-07 1.167899530813e-07 6.316125244066e-08 3.371083979144e-08 1.775753621480e-08 9.232522187553e-09 4.738296922662e-09 2.400698293269e-09 1.200948882215e-09 5.932666474997e-10 2.894600592399e-10 1.395155729543e-10 6.644164033459e-11 3.127052169231e-11 1.454804315271e-11 6.691894270992e-12 3.044181082238e-12 1.369843395890e-12 6.098898698157e-13 2.687266326347e-13 1.172044392165e-13 5.061068873294e-14 2.164166355209e-14 9.165759824717e-15 3.845459591611e-15 1.598436427958e-15 6.583667081405e-16 2.687301247259e-16 1.087136644380e-16 4.359205788813e-17 1.732668309846e-17 6.827021814217e-18 2.666686733240e-18 1.032640609299e-18 3.964328642424e-19 1.508814209146e-19 5.693064953713e-20 2.129590235822e-20 7.897286980914e-21 2.903232264837e-21 1.058024302060e-21 3.822133601998e-22 1.368665963137e-22 4.857965473599e-23 1.709070165316e-23 5.959316259003e-24 2.059425986409e-24 7.053278555003e-25 2.393937019415e-25 8.051799869821e-26 2.683574071705e-26
3.391791055867e-01 3.499803581047e-01 3.561603948449e-01 3.574769923458e-01 3.538901269332e-01 3.455637004189e-01 3.328529683432e-01 3.162790464797e-01 2.964930619872e-01 2.742334348771e-01 2.502802135821e-01 2.254103678026e-01 2.003575381892e-01 1.757789422657e-01 1.522311891422e-01 1.301557109875e-01 1.098735602880e-01 9.158852268590e-02 7.539694029746e-02 6.130233499354e-02 4.923286445211e-02 3.905979551846e-02 3.061546422936e-02 2.370957343421e-02 1.814307274829e-02 1.371924066751e-02 1.025190597956e-02 7.570986480792e-03 5.525684931327e-03 3.985769669248e-03 2.841392857796e-03 2.001878666247e-03 1.393861834199e-03 9.590895466220e-04 6.521267074794e-04 4.381355030727e-04 2.908395550891e-04 1.907336115192e-04 1.235622429364e-04 7.906455272277e-05 4.996495767374e-05 3.118067534146e-05 1.921276432307e-05 1.168764730611e-05 7.018549986592e-06 4.160098554219e-06 2.433618148646e-06 1.404932344579e-06 8.003501594104e-07 4.498841488629e-07 2.495166551668e-07 1.365423296396e-07 7.372316224988e-08 3.927527270766e-08 2.064585913553e-08 1.070965524834e-08 5.482612432633e-09 2.770258027727e-09 1.381766547891e-09 6.804585115180e-10 3.309031001117e-10 1.589351753817e-10 7.541437503634e-11 3.535933362451e-11 1.638609456444e-11 7.507187825374e-12 3.401108417424e-12 1.524110487412e-12 6.757338189448e-13 2.964873491376e-13 1.287693157959e-13 5.537246323198e-14 2.358001851962e-14 9.946037910363e-15 4.156149095167e-15 1.720832529355e-15 7.060830859318e-16 2.871426250337e-16 1.157473150884e-16 4.625241030344e-17 1.832311022807e-17 7.196635010183e-18 2.802481281437e-18 1.082057758226e-18 4.142464466728e-19 1.572422178104e-19 5.918052208574e-20 2.208418361554e-20 8.170854132094e-21 2.997265359532e-21 1.090035240568e-21 3.930047237728e-22 1.404687832825e-22 4.977010773603e-23 1.748015044540e-23 6.085414199642e-24 2.099828010293e-24 7.181347290093e-25 2.434090507735e-25 8.176286954741e-26 2.721725422348e-26
3.885268574944e-01 4.013068001732e-01 4.087809504279e-01 4.106557067914e-01 4.068712312216e-01 3.976043033956e-01 3.832544956249e-01 3.644151899211e-01 3.418324021886e-01 3.163554424553e-01 2.888839779937e-01 2.603160742422e-01 2.315012959317e-01 2.032020474576e-01 1.760652225782e-01 1.506050098380e-01 1.271965811609e-01 1.060794634601e-01 8.736872789265e-02 7.107178573330e-02 5.710850869413e-02 4.533255892457e-02 3.555215539789e-02 2.754893605602e-02 2.109403799042e-02 1.596095179685e-02 1.193507253041e-02 8.820151101536e-03 6.442036456156e-03 4.650201147937e-03 3.317572253810e-03 2.339166500999e-03 1.629968633674e-03 1.122414671323e-03 7.637575707448e-04 5.135134104334e-04 3.411162076067e-04 2.238526774892e-04 1.451049426891e-04 9.289856896763e-05 5.873364098583e-05 3.666556073409e-05 2.259773950817e-05 1.374830454645e-05 8.255713826555e-06 4.892469835011e-06 2.861017097435e-06 1.650773332775e-06 9.397046464263e-07 5.277179462791e-07 2.923458129086e-07 1.597583637036e-07 8.611904139786e-08 4.579429244690e-08 2.402253649718e-08 1.243230920422e-08 6.348216214676e-09 3.198685156874e-09 1.590652008724e-09 7.807957272214e-10 3.783928266453e-10 1.810862002943e-10 8.559860182193e-11 3.997565301151e-11 1.844957116170e-11 8.416994674600e-12 3.796895089535e-12 1.694035262439e-12 7.477550157554e-13 3.266311677977e-13 1.412315713082e-13 6.046319126913e-14 2.563528894246e-14 1.076635132150e-14 4.479907992225e-15 1.847217664111e-15 7.548914989915e-16 3.057935078281e-16 1.228004204638e-16 4.889236080624e-17 1.930122775317e-17 7.555390339624e-18 2.932748877501e-18 1.128886221314e-18 4.309116092832e-19 1.631132104898e-19 6.122780163792e-20 2.279074891535e-20 8.412159244120e-21 3.078798037975e-21 1.117283603642e-21 4.020092985279e-22 1.434101233955e-22 5.071940300830e-23 1.778270886129e-23 6.180584298017e-24 2.129350092120e-24 7.271575446256e-25 2.461228224053e-25 8.256488065879e-26 2.744968372873e-26
4.432703522975e-01 4.583331750305e-01 4.673304432431e-01 4.699080089579e-01 4.659808000879e-01 4.557371429832e-01 4.396236940230e-01 4.183126812589e-01 3.926548333331e-01 3.636226540662e-01 3.322493256980e-01 2.995685767429e-01 2.665602535161e-01 2.341053448611e-01 2.029528668860e-01 1.736996378402e-01 1.467826451418e-01 1.224826338578e-01 1.009367735878e-01 8.215784798984e-02 6.605733044288e-02 5.246990133277e-02 4.117735218192e-02 3.193032458387e-02 2.446686679679e-02 1.852728740041e-02 1.386521460014e-02 1.025508915448e-02 7.496538225861e-03 5.416193574424e-03 3.867553154928e-03 2.729458617277e-03 1.903693476083e-03 1.312117781103e-03 8.936592298814e-04 6.013894186077e-04 3.998338344719e-04 2.625988685474e-04 1.703493540429e-04 1.091347997959e-04 6.903970378066e-05 4.312045196082e-05 2.658590438530e-05 1.617851921804e-05 9.715886312595e-06 5.757348126006e-06 3.365916189768e-06 1.941219628233e-06 1.104315485706e-06 6.196167721882e-07 3.428767294801e-07 1.871203024687e-07 1.007084214286e-07 5.345372547651e-08 2.798174275203e-08 1.444726749963e-08 7.357883594687e-09 3.696841963893e-09 1.832678970006e-09 8.965984774366e-10 4.329675661498e-10 2.064231595593e-10 9.718880571523e-11 4.520076497571e-11 2.077162126062e-11 9.434485635701e-12 4.236629688724e-12 1.881523861277e-12 8.266427547469e-13 3.593970740412e-13 1.546697360574e-13 6.590680554105e-14 2.781392336697e-14 1.162802832598e-14 4.816786214743e-15 1.977433731290e-15 8.046654836609e-16 3.246107464632e-16 1.298372874407e-16 5.149557934648e-17 2.025395732697e-17 7.900340992915e-18 3.056301602408e-18 1.172659874677e-18 4.462496802760e-19 1.684273255014e-19 6.304778379470e-20 2.340665838344e-20 8.618020641686e-21 3.146715833547e-21 1.139384978195e-21 4.090964697587e-22 1.456468912232e-22 5.141311844546e-23 1.799369067146e-23 6.243326816891e-24 2.147519736469e-24 7.322498541714e-25 2.474904029995e-25 8.291069076322e-26 2.752911965364e-26
5.036851591835e-01 5.213694733369e-01 5.321499514253e-01 5.356014957381e-01 5.316073624735e-01 5.203653471125e-01 5.023715371665e-01 4.783834931663e-01 4.493667162538e-01 4.164297234722e-01 3.807538561448e-01 3.435239795129e-01 3.058655914655e-01 2.687926967163e-01 2.331692802244e-01 1.996855917074e-01 1.688489436959e-01 1.409874571646e-01 1.162643051477e-01 9.469951517913e-02 7.619630447811e-02 6.056912503152e-02 4.757105741474e-02 3.691875938125e-02 2.831379168584e-02 2.145971999607e-02 1.607487604241e-02 1.190103661120e-02 8.708525658700e-03 6.298382179208e-03 4.502277028650e-03 3.180832790593e-03 2.220924090879e-03 1.532434676917e-03 1.044838705751e-03 7.038693641850e-04 4.684467792388e-04 3.079623873856e-04 1.999599089173e-04 1.282124777764e-04 8.116910308631e-05 5.072862749722e-05 3.129286132245e-05 1.905002212387e-05 1.144283650492e-05 6.780987229765e-06 3.963790184418e-06 2.285231258882e-06 1.299277129992e-06 7.284240758528e-07 4.026668460697e-07 2.194650244971e-07 1.179323316010e-07 6.248144903501e-08 3.263888708313e-08 1.681180532746e-08 8.539460143436e-09 4.277986676344e-09 2.114027886934e-09 1.030686536915e-09 4.958859479822e-10 2.354954271818e-10 1.104193422085e-10 5.113230303195e-11 2.339192892487e-11 1.057537728839e-11 4.726366036069e-12 2.088838307051e-12 9.132137548933e-13 3.950682981791e-13 1.691772104611e-13 7.173206843073e-14 3.012388363564e-14 1.253285496108e-14 5.166967929886e-15 2.111361401596e-15 8.552900320566e-16 3.435260027865e-16 1.368236018229e-16 5.404633464828e-17 2.117450500032e-17 8.228678763268e-18 3.172018320629e-18 1.212943911450e-18 4.600962219427e-19 1.731237652466e-19 6.461845236102e-20 2.392409399397e-20 8.785713812787e-21 3.200086571724e-21 1.156026206613e-21 4.141629659270e-22 1.471456775080e-22 5.184066197570e-23 1.810981020334e-23 6.272646986652e-24 2.154044051392e-24 7.333282592071e-25 2.474890363845e-25 8.279444380067e-26 2.745418589527e-26
5.700046270600e-01 5.906848608444e-01 6.035419539433e-01 6.080681469195e-01 6.041074506376e-01 5.918641663723e-01 5.718855748405e-01 5.450207995216e-01 5.123602320168e-01 4.751615827773e-01 4.347696016940e-01 3.925365655248e-01 3.497499157513e-01 3.075720891894e-01 2.669958691736e-01 2.288166760094e-01 1.936215053722e-01 1.617927433871e-01 1.335240697243e-01 1.088450917980e-01 8.765124111549e-02 6.973570033303e-02 5.482065182038e-02 4.258578354176e-02 3.269269926522e-02 2.480453188831e-02 1.860062006636e-02 1.378653087514e-02 1.010000090145e-02 7.313521215359e-03 5.234342269897e-03 3.702641913622e-03 2.588514054029e-03 1.788321246112e-03 1.220831423184e-03 8.234406909510e-04 5.486805782610e-04 3.611230473696e-04 2.347314362623e-04 1.506590188510e-04 9.546642343630e-05 5.971167220588e-05 3.685880217845e-05 2.245004599705e-05 1.348992803560e-05 7.995468828624e-06 4.673586667251e-06 2.693797689312e-06 1.530846662507e-06 8.576360066526e-07 4.736325702838e-07 2.578227403730e-07 1.383337365487e-07 7.315793990479e-08 3.813593340891e-08 1.959630976772e-08 9.927121879435e-09 4.958365084237e-09 2.442257015784e-09 1.186500420680e-09 5.686797135564e-10 2.689696879861e-10 1.255737392056e-10 5.788800514622e-11 2.635819216417e-11 1.185849869054e-11 5.273334943222e-12 2.318673630589e-12 1.008439572227e-12 4.339818277046e-13 1.848655033092e-13 7.797365596381e-14 3.257500558735e-14 1.348319515482e-14 5.530812302813e-15 2.248934395817e-15 9.066667865884e-16 3.624766062856e-16 1.437272073354e-16 5.652980831181e-17 2.205648906990e-17 8.537785882097e-18 3.278865482299e-18 1.249343063306e-18 4.723042320034e-19 1.771492269012e-19 6.592093507005e-20 2.433652657923e-20 8.913031368341e-21 3.238181437281e-21 1.166972645023e-21 4.171353134458e-22 1.478841987014e-22 5.199553314652e-23 1.812926520358e-23 6.268080491824e-24 2.148817349187e-24 7.303746084733e-25 2.461184298387e-25 8.221792764453e-26 2.722607762304e-26
6.424080526989e-01 6.664953533188e-01 6.817577407460e-01 6.875917057211e-01 6.837931875540e-01 6.705690014955e-01 6.485186158439e-01 6.185884860662e-01 5.820038668913e-01 5.401849987656e-01 4.946557154553e-01 4.469526217726e-01 3.985421898665e-01 3.507516077785e-01 3.047172223742e-01 2.613522880045e-01 2.213337088106e-01 1.851058048241e-01 1.528979339790e-01 1.247521635282e-01 1.005570260676e-01 8.008368762203e-02 6.302142277783e-02 4.901004216483e-02 3.766771469174e-02 2.861337479474e-02 2.148354266565e-02 1.594386641303e-02 1.169602580193e-02 8.480814492287e-03 6.078275817269e-03 4.305732442331e-03 3.014454954837e-03 2.085586548766e-03 1.425802167278e-03 9.630476176889e-04 6.425868983781e-04 4.234896955337e-04 2.756169414461e-04 1.771092390525e-04 1.123479227527e-04 7.033816754550e-05 4.345418712286e-05 2.648496464213e-05 1.592240531565e-05 9.440109905240e-06 5.518574717024e-06 3.180438953318e-06 1.806733421534e-06 1.011565203366e-06 5.581398552691e-07 3.034659723259e-07 1.625834210506e-07 8.582963839675e-08 4.464813877707e-08 2.288759717713e-08 1.156296926410e-08 5.757957842888e-09 2.826644157676e-09 1.368253774452e-09 6.532199693111e-10 3.076580052535e-10 1.429962831661e-10 6.561037329202e-11 2.972794746494e-11 1.330648704288e-11 5.886202499472e-12 2.574251243324e-12 1.113479487337e-12 4.765397190227e-13 2.018680317529e-13 8.467341308765e-14 3.517940850609e-14 1.448212434288e-14 5.908897654154e-15 2.390154478400e-15 9.587193650880e-16 3.814075244428e-16 1.505188658639e-16 5.893239574854e-17 2.289406027902e-17 8.825283121181e-18 3.375916147072e-18 1.281509022597e-18 4.827469674404e-19 1.804589584446e-19 6.693988962941e-20 2.463885336492e-20 8.998330844353e-21 3.260491252474e-21 1.172073540238e-21 4.179715531509e-22 1.478518298104e-22 5.187548176893e-23 1.805178129080e-23 6.229705033222e-24 2.131923818172e-24 7.234364450258e-25 2.434007555927e-25 8.119052378414e-26 2.684852833950e-26
7.210081164662e-01 7.489506406078e-01 7.669838520489e-01 7.743939819120e-01 7.709187375805e-01 7.567622542170e-01 7.325762144702e-01 6.994094829752e-01 6.586317619482e-01 6.118390653233e-01 5.607501776972e-01 5.071033812547e-01 4.525619045369e-01 3.986347699555e-01 3.466175161166e-01 2.975547798461e-01 2.522244754327e-01 2.111413453965e-01 1.745763354977e-01 1.425874839460e-01 1.150578278324e-01 9.173616434642e-02 7.227712925347e-02 5.627791662130e-02 4.330985389125e-02 3.294390079127e-02 2.476985768535e-02 1.840961836793e-02 1.352517678605e-02 9.822300420391e-03 7.050851587393e-03 5.002702056150e-03 3.508080640424e-03 2.431051544987e-03 1.664666082526e-03 1.126181667285e-03 7.526100295572e-04 4.967481564991e-04 3.237615363800e-04 2.083289228182e-04 1.323175975410e-04 8.293443605277e-05 5.128679209210e-05 3.128482509040e-05 1.882024990822e-05 1.116322645434e-05 6.527411450618e-06 3.761836985211e-06 2.136464666377e-06 1.195547942757e-06 6.591189518427e-07 3.579716725666e-07 1.915128418954e-07 1.009259166245e-07 5.239260924107e-08 2.679312351991e-08 1.349904848940e-08 6.701426874580e-09 3.278618704151e-09 1.581125613370e-09 7.518005282445e-10 3.525530195960e-10 1.631064953679e-10 7.447246867705e-11 3.357082798601e-11 1.494664396275e-11 6.575385907524e-12 2.859432281797e-12 1.229720100537e-12 5.232225617669e-13 2.203445931346e-13 9.188180738526e-14 3.795196090211e-14 1.553357774912e-14 6.302069042534e-15 2.535107120426e-15 1.011398705862e-15 4.002732825996e-16 1.571729775999e-16 6.124198473530e-17 2.368201142524e-17 9.089072783293e-18 3.462366704396e-18 1.309146809137e-18 4.913203272475e-19 1.830176240826e-19 6.766380927253e-20 2.482750272894e-20 9.040569460138e-21 3.266737426278e-21 1.171265328320e-21 4.166621742015e-22 1.470498405358e-22 5.148255586872e-23 1.787861661256e-23 6.158137661778e-24 2.103635093508e-24 7.126256951056e-25 2.393800432806e-25 7.972895097447e-26 2.632770745196e-26
8.058378237314e-01 8.381202733746e-01 8.593277528787e-01 8.686203072276e-01 8.656658033893e-01 8.506591530323e-01 8.243030967737e-01 7.877530355190e-01 7.425320192202e-01 6.904246964068e-01 6.333605713799e-01 5.732971328159e-01 5.121124992779e-01 4.515152173699e-01 3.929763797640e-01 3.376863893013e-01 2.865361299368e-01 2.401201076506e-01 1.987575718147e-01 1.625267677713e-01 1.313072685628e-01 1.048256614929e-01 8.270060704899e-02 6.448422035190e-02 4.969774926989e-02 3.786047386519e-02 2.851156235346e-02 2.122524313929e-02 1.562007076271e-02 1.136330029218e-02 8.171463461863e-03 5.808203253293e-03 4.080309232196e-03 2.832738218839e-03 1.943233641757e-03 1.316990685681e-03 8.816673491421e-04 5.829195211138e-04 3.805438843104e-04 2.452437393551e-04 1.559869804698e-04 9.789783466771e-05 6.061046173545e-05 3.700899709105e-05 2.228175349109e-05 1.322434672287e-05 7.735484261216e-06 4.458632217243e-06 2.531848072770e-06 1.416206693912e-06 7.802100681132e-07 4.233001805930e-07 2.261559251466e-07 1.189806774333e-07 6.163919209002e-08 3.144634253422e-08 1.579992180929e-08 7.819317394379e-09 3.812309387463e-09 1.831503513144e-09 8.672430606894e-10 4.048722123090e-10 1.864172656979e-10 8.468514058141e-11 3.797136637017e-11 1.681199202065e-11 7.353440665301e-12 3.178855546318e-12 1.358823083323e-12 5.746055599565e-13 2.404866384192e-13 9.965961682765e-14 4.091081040792e-14 1.664251508667e-14 6.711489492935e-15 2.683977727744e-15 1.064688410969e-15 4.190398062963e-16 1.636682477256e-16 6.344820556939e-17 2.441587318285e-17 9.327375529390e-18 3.537550820008e-18 1.332019955739e-18 4.979447187551e-19 1.847999544052e-19 6.808523935728e-20 2.490050277077e-20 9.039324195948e-21 3.256877359417e-21 1.164572806465e-21 4.132302366624e-22 1.454913302480e-22 5.082304072364e-23 1.761252664644e-23 6.054517937706e-24 2.064402940758e-24 6.981156474087e-25 2.341209873311e-25 7.785681121448e-26 2.567205275831e-26
8.968372867350e-01 9.339795417450e-01 9.588030706079e-01 9.703243903097e-01 9.681284138724e-01 9.523927875383e-01 9.238687369855e-01 8.838210759174e-01 8.339340994416e-01 7.761932212228e-01 7.127539986647e-01 6.458105191824e-01 5.774740615937e-01 5.096707691494e-01 4.440642361506e-01 3.820057385687e-01 3.245119221721e-01 2.722672715575e-01 2.256469209529e-01 1.847543872685e-01 1.494685540386e-01 1.194946042812e-01 9.441441334216e-02 7.373295955664e-02 5.691845671600e-02 4.343496970743e-02 3.276719338364e-02 2.443776640791e-02 1.801797172330e-02 1.313293901498e-02 9.462561531213e-03 6.739300675421e-03 4.743929636626e-03 3.300094730445e-03 2.268384145515e-03 1.540410037307e-03 1.033246648202e-03 6.844310041397e-04 4.476268207900e-04 2.889747298383e-04 1.840995398950e-04 1.157132098676e-04 7.173598860830e-05 4.385322197179e-05 2.642799195721e-05 1.569699199997e-05 9.186602433625e-06 5.296430391025e-06 3.007557677650e-06 1.681783452213e-06 9.259486532721e-07 5.018957997468e-07 2.678023631981e-07 1.406599149880e-07 7.272437695459e-08 3.701354264370e-08 1.854594506377e-08 9.149588763856e-09 4.445240848183e-09 2.127292187162e-09 1.003030160413e-09 4.661137399393e-10 2.135576437812e-10 9.650607134182e-11 4.303248401466e-11 1.894258280643e-11 8.235536853037e-12 3.538105842835e-12 1.502782966447e-12 6.313777936096e-13 2.625235081788e-13 1.080798958641e-13 4.407798921877e-14 1.781510376338e-14 7.138695158424e-15 2.837068415655e-15 1.118609995265e-15 4.376861450856e-16 1.699882829385e-16 6.554264738818e-17 2.509199397025e-17 9.538759997813e-18 3.600950294220e-18 1.349954352363e-18 5.025663637797e-19 1.857911627323e-19 6.820089966815e-20 2.485751198667e-20 8.994797327324e-21 3.231104055464e-21 1.152108112859e-21 4.077306796417e-22 1.432008648748e-22 4.990728882677e-23 1.725769092300e-23 5.920477641823e-24 2.014847216326e-24 6.801363290468e-25 2.277072215630e-25 7.560395845410e-26 2.489204351203e-26
9.938407052280e-01 1.036395423766e+00 1.065314741840e+00 1.079452954139e+00 1.078297368866e+00 1.061998663353e+00 1.031352328625e+00 9.877339178826e-01 9.329954937739e-01 8.693342372607e-01 7.991462653221e-01 7.248791388897e-01 6.488953745725e-01 5.733568950184e-01 5.001371166729e-01 4.307638996599e-01 3.663932079428e-01 3.078105939559e-01 2.554555854391e-01 2.094629581151e-01 1.697145567915e-01 1.358957559294e-01 1.075515131117e-01 8.413816358188e-02 6.506834905282e-02 4.974767276891e-02 3.760268284332e-02 2.810056898898e-02 2.076148935346e-02 1.516474893731e-02 1.095016136275e-02 7.815890886025e-03 5.513940283205e-03 3.844263206687e-03 2.648273300374e-03 1.802320378643e-03 1.211523810415e-03 8.042020592913e-04 5.270191839675e-04 3.408818571995e-04 2.175607678343e-04 1.369732769689e-04 8.504464410524e-05 5.205841494823e-05 3.140843368672e-05 1.867217467928e-05 1.093513215312e-05 6.307076980073e-06 3.581877612270e-06 2.002563831520e-06 1.102001578973e-06 5.968152081468e-07 3.180657421441e-07 1.667969689843e-07 8.606908450700e-08 4.370259444983e-08 2.183745873905e-08 1.073957015763e-08 5.199221955021e-09 2.478306226688e-09 1.163474267271e-09 5.381270945358e-10 2.453015711502e-10 1.102511318206e-10 4.887985007420e-11 2.138712155251e-11 9.240046781169e-12 3.943920255561e-12 1.663997327537e-12 6.943653713741e-13 2.867298401606e-13 1.172302750298e-13 4.748010864903e-14 1.905892388235e-14 7.585654985756e-15 2.994815371138e-15 1.173228034962e-15 4.562060585741e-16 1.761221077195e-16 6.751903374802e-17 2.570760201995e-17 9.722164690045e-18 3.652202537886e-18 1.362840671475e-18 5.051580105778e-19 1.859871217318e-19 6.801170936591e-20 2.469981199098e-20 8.907806915595e-21 3.189840128538e-21 1.134067590199e-21 4.002488476127e-22 1.402138302471e-22 4.874944983277e-23 1.681960375926e-23 5.758098166962e-24 1.955739664051e-24 6.589684740833e-25 2.202391148557e-25 7.300570946534e-26 2.399992319363e-26
1.096564020396e+00 1.145113058001e+00 1.178644525371e+00 1.195830574178e+00 1.196044700183e+00 1.179399132553e+00 1.146727518848e+00 1.099515594410e+00 1.039787939623e+00 9.699629390818e-01 8.926904918757e-01 8.106875608652e-01 7.265853941994e-01 6.427996468470e-01 5.614310092752e-01 4.842000535120e-01 4.124162913850e-01 3.469782878288e-01 2.883994460628e-01 2.368528079308e-01 1.922278426921e-01 1.541926568257e-01 1.222560043976e-01 9.582478504656e-02 7.425410335363e-02 5.688827849406e-02 4.309232459858e-02 3.227428153577e-02 2.389938096663e-02 1.749736858710e-02 1.266443734575e-02 9.061194736349e-03 6.407948935100e-03 4.478397772875e-03 3.092581149897e-03 2.109737250987e-03 1.421505009225e-03 9.457489991564e-04 6.211513253310e-04 4.026174556050e-04 2.574752825389e-04 1.624038709964e-04 1.010050177530e-04 6.192166626848e-05 3.740797666594e-05 2.226280376856e-05 1.304869462096e-05 7.530272904543e-06 4.277647621718e-06 2.391417555191e-06 1.315468801763e-06 7.118917548145e-07 3.789708255858e-07 1.984377375765e-07 1.022014894296e-07 5.177417504623e-08 2.580016301411e-08 1.264846606883e-08 6.101482377055e-09 2.896771570269e-09 1.353932805815e-09 6.232028178647e-10 2.826042316633e-10 1.263086835161e-10 5.566734500472e-11 2.420499209559e-11 1.038927289535e-11 4.404441688809e-12 1.845352355435e-12 7.645593872062e-13 3.134344079623e-13 1.272156655853e-13 5.114916046907e-14 2.038319894856e-14 8.054835539761e-15 3.157806827765e-15 1.228655178993e-15 4.746094513356e-16 1.820645917591e-16 6.937335648547e-17 2.626084790921e-17 9.876911334961e-18 3.691104491177e-18 1.370635325496e-18 5.057190519514e-19 1.853942957256e-19 6.752271622776e-20 2.443026229523e-20 8.779762964326e-21 3.133726348724e-21 1.110726654661e-21 3.908982949961e-22 1.365755263754e-22 4.736710837082e-23 1.630493367757e-23 5.569857102468e-24 1.887984036955e-24 6.349362788411e-25 2.118311774960e-25 7.010192969859e-26 2.300938202270e-26
1.204593741550e+00 1.259743265985e+00 1.298437424164e+00 1.319145251934e+00 1.321108686654e+00 1.304388175426e+00 1.269847290830e+00 1.219079170189e+00 1.154283462104e+00 1.078107151208e+00 9.934653500541e-01 9.033589104985e-01 8.107042646299e-01 7.181881466194e-01 6.281557704342e-01 5.425367576375e-01 4.628089347632e-01 3.899966347891e-01 3.246976210933e-01 2.671313196885e-01 2.172006334205e-01 1.745600561686e-01 1.386838782474e-01 1.089296712827e-01 8.459378214324e-02 6.495700771877e-02 4.931986029376e-02 3.702780012692e-02 2.748746926790e-02 2.017534836352e-02 1.464041221060e-02 1.050233373052e-02 7.446643902514e-03 5.218041748568e-03 3.612808042311e-03 2.471038719869e-03 1.669198411106e-03 1.113312037860e-03 7.329672899775e-04 4.761918334402e-04 3.051925970394e-04 1.928952424555e-04 1.201939855531e-04 7.380999963917e-05 4.465578614878e-05 2.660923971183e-05 1.561158037907e-05 9.015625926672e-06 5.123467204943e-06 2.864488646433e-06 1.575269446111e-06 8.519461474359e-07 4.530656554510e-07 2.368988034706e-07 1.217863816435e-07 6.155620882987e-08 3.059203100950e-08 1.495057641837e-08 7.186131186154e-09 3.397967851464e-09 1.581083095290e-09 7.241867878186e-10 3.266481875059e-10 1.451576576217e-10 6.358393269451e-11 2.746879009116e-11 1.171035252022e-11 4.929531806324e-12 2.050327580332e-12 8.431498061729e-13 3.430307130540e-13 1.381614546998e-13 5.512344752190e-14 2.179905745116e-14 8.549272138997e-15 3.326801902427e-15 1.285057042437e-15 4.929236393323e-16 1.878167816644e-16 7.110396329319e-17 2.675082718211e-17 1.000270987701e-17 3.717613034724e-18 1.373359949189e-18 5.042750416305e-19 1.840294385649e-19 6.674293232287e-20 2.405321973520e-20 8.612630183535e-21 3.063605239749e-21 1.082432838807e-21 3.798179368039e-22 1.323400322588e-22 4.578084364283e-23 1.572135608679e-23 5.358565925582e-24 1.812593340018e-24 6.083992180034e-25 2.026091661705e-25 6.693602440437e-26 2.193521029067e-26
1.317377525506e+00 1.379751698781e+00 1.424189580654e+00 1.448935256112e+00 1.453079956792e+00 1.436617054954e+00 1.400429501210e+00 1.346212494269e+00 1.276340666352e+00 1.193694424470e+00 1.101463206286e+00 1.002944240227e+00 9.013540463360e-01 7.996667119798e-01 7.004886717813e-01 6.059748590610e-01 5.177865502352e-01 4.370873308417e-01 3.645708146575e-01 3.005121237658e-01 2.448346825134e-01 1.971843147616e-01 1.570038047218e-01 1.236026013010e-01 9.621801404481e-02 7.406583794658e-02 5.637969398980e-02 4.243943387999e-02 3.158968924921e-02 2.325007758750e-02 1.691875656797e-02 1.217100307077e-02 8.654348149510e-03 6.081574343219e-03 4.222627314524e-03 2.896238365288e-03 1.961821362993e-03 1.312009459930e-03 8.660373287610e-04 5.640537676507e-04 3.623635749082e-04 2.295408583896e-04 1.433228315754e-04 8.817759200312e-05 5.343640426389e-05 3.188630552976e-05 1.872907542211e-05 1.082525906764e-05 6.155231659505e-06 3.442078367999e-06 1.892636962723e-06 1.023057217516e-06 5.435658545087e-07 2.838423537197e-07 1.456630393979e-07 7.346250064505e-08 3.641222716652e-08 1.773944728277e-08 8.496034733458e-09 4.001053897091e-09 1.853274798238e-09 8.446263228045e-10 3.789021547259e-10 1.673904883552e-10 7.286233672022e-11 3.126750317014e-11 1.323638673847e-11 5.531158754083e-12 2.283124603541e-12 9.315667349201e-13 3.759897443983e-13 1.502173056263e-13 5.944867153200e-14 2.331983178888e-14 9.072647646940e-15 3.502750448191e-15 1.342656987037e-15 5.111944433995e-16 1.933861335178e-16 7.271159896517e-17 2.717758269088e-17 1.009965478615e-17 3.731841821315e-18 1.371099477754e-18 5.008766455135e-19 1.819190660490e-19 6.568508485049e-20 2.357442533184e-20 8.408878602495e-21 2.980500276915e-21 1.049597282401e-21 3.671686529225e-22 1.275688860397e-22 4.401372587450e-23 1.507736516451e-23 5.127300974939e-24 1.730664928632e-24 5.797432043182e-25 1.927069918284e-25 6.355387184433e-26 2.079293522550e-26
1.434217073617e+00 1.504450263333e+00 1.555238288564e+00 1.584577935254e+00 1.591389293128e+00 1.575581411228e+00 1.538043586536e+00 1.480564850911e+00 1.405691638529e+00 1.316539524760e+00 1.216578443253e+00 1.109411909578e+00 9.985693001217e-01 8.873267660702e-01 7.785676683367e-01 6.746881112556e-01 5.775480969418e-01 4.884645650109e-01 4.082394502860e-01 3.372141338967e-01 2.753410564193e-01 2.222637696151e-01 1.773979314430e-01 1.400073831994e-01 1.092712668344e-01 8.433985592180e-02 6.437824342612e-02 4.859819522255e-02 3.627927707857e-02 2.678084688465e-02 1.954671277701e-02 1.410425588749e-02 1.005966985329e-02 7.090738631478e-03 4.938305078024e-03 3.397312310107e-03 2.308050119334e-03 1.548024613383e-03 1.024695140363e-03 6.691892545817e-04 4.310100645893e-04 2.736855116898e-04 1.712698009533e-04 1.055873359656e-04 6.410372508576e-05 3.831214473662e-05 2.253294894562e-05 1.303713186686e-05 7.418094536571e-06 4.149776719339e-06 2.281755374260e-06 1.232910638160e-06 6.545408271343e-07 3.413729846970e-07 1.748942113944e-07 8.801684598110e-08 4.351264600819e-08 2.113323834246e-08 1.008524220957e-08 4.730132156582e-09 2.180983346445e-09 9.889575934502e-10 4.411961307670e-10 1.937423104920e-10 8.379003371052e-11 3.571051929555e-11 1.500785445650e-11 6.223879439738e-12 2.548825955360e-12 1.031530897308e-12 4.128754244399e-13 1.635616997831e-13 6.417921368368e-14 2.496140324752e-14 9.629380755898e-15 3.686814374682e-15 1.401740891358e-15 5.294871355565e-16 1.987866521289e-16 7.419940149104e-17 2.754208701395e-17 1.016821325353e-17 3.734054818382e-18 1.363998862965e-18 4.955980687665e-19 1.790987265289e-19 6.436528888270e-20 2.300086223242e-20 8.171423794309e-21 2.885591358432e-21 1.012684924141e-21 3.531294592654e-22 1.223296178292e-22 4.209076637711e-23 1.438207113273e-23 4.879330074607e-24 1.643354325614e-24 5.493713892766e-25 1.822635301466e-25 6.000273291520e-26 1.959845311120e-26
1.554264026415e+00 1.632991435039e+00 1.690754810501e+00 1.725281112520e+00 1.735297802815e+00 1.720610469239e+00 1.682099071149e+00 1.621635069911e+00 1.541930018286e+00 1.446332741196e+00 1.338596317174e+00 1.222637239919e+00 1.102307770207e+00 9.811986741316e-01 8.624844789002e-01 7.488175303899e-01 6.422717011253e-01 5.443318235944e-01 4.559215598599e-01 3.774603910904e-01 3.089397805882e-01 2.500090306804e-01 2.000626741817e-01 1.583229938587e-01 1.239132106192e-01 9.591873054339e-02 7.343543265920e-02 5.560524359701e-02 4.164011468160e-02 3.083606128122e-02 2.257915971120e-02 1.634541422615e-02 1.169626398439e-02 8.271264491943e-03 5.779198987225e-03 3.988590454628e-03 2.718320593434e-03 1.828832476636e-03 1.214205201112e-03 7.952426185955e-04 5.136107874031e-04 3.269849846268e-04 2.051206817078e-04 1.267378556770e-04 7.709858768496e-05 4.615942300583e-05 2.718842251648e-05 1.574927479863e-05 8.968978771323e-06 5.019915041768e-06 2.760578424007e-06 1.491249008146e-06 7.911545668924e-07 4.121631011485e-07 2.108296372457e-07 1.058843148249e-07 5.221288601536e-08 2.528168468904e-08 1.202212846617e-08 5.615625734449e-09 2.577395282441e-09 1.162746894975e-09 5.158177886847e-10 2.251282677099e-10 9.672323614149e-11 4.093269748669e-11 1.707439041276e-11 7.025441860721e-12 2.853591992356e-12 1.145115655172e-12 4.543633975962e-13 1.784073978862e-13 6.937965237254e-14 2.674260315018e-14 1.022472605408e-14 3.880390788591e-15 1.462661949304e-15 5.478872313858e-16 2.040389343450e-16 7.557285335541e-17 2.784620622733e-17 1.020920559986e-17 3.724656728651e-18 1.352258596516e-18 4.885350133083e-19 1.756120944011e-19 6.280265478193e-20 2.234059017901e-20 7.903558674187e-21 2.780187415819e-21 9.722037406123e-22 3.378933646137e-22 1.166941888026e-22 4.003833945677e-23 1.364498993750e-23 4.618037106440e-24 1.551848615387e-24 5.176949049514e-25 1.714194461940e-25 5.633017527669e-26 1.836766906499e-26
1.676519384178e+00 1.764366143602e+00 1.829740639234e+00 1.870077801605e+00 1.883890181332e+00 1.870858984996e+00 1.831836465912e+00 1.768761683744e+00 1.684500676669e+00 1.582629455255e+00 1.467182729843e+00 1.342392770095e+00 1.212441352745e+00 1.081243658724e+00 9.522775867311e-01 8.284655694720e-01 7.121100183142e-01 6.048784335841e-01 5.078304232426e-01 4.214766913763e-01 3.458593274017e-01 2.806431778812e-01 2.252094732726e-01 1.787447457914e-01 1.403201550909e-01 1.089583004840e-01 8.368632971874e-02 6.357549077505e-02 4.776824222194e-02 3.549461949999e-02 2.607983479305e-02 1.894512447233e-02 1.360372210569e-02 9.653601968821e-03 6.768349820758e-03 4.687223808021e-03 3.205190041162e-03 2.163473977633e-03 1.440966622659e-03 9.466649537679e-04 6.132072296104e-04 3.914800258294e-04 2.462193996734e-04 1.524973648692e-04 9.297093633308e-05 5.576950458002e-05 3.290302966781e-05 1.908519472408e-05 1.087979454876e-05 6.093433882477e-06 3.351886190072e-06 1.810453949561e-06 9.599778042748e-07 4.996157481913e-07 2.551886372710e-07 1.279119601106e-07 6.291973879654e-08 3.037515556691e-08 1.439347990700e-08 6.696065968013e-09 3.059166495976e-09 1.373002344329e-09 6.056365975960e-10 2.626913650651e-10 1.121047424092e-10 4.710080712534e-11 1.949702984050e-11 7.957540374317e-12 3.204905931923e-12 1.274823534352e-12 5.012639935206e-13 1.950080421854e-13 7.512657400254e-14 2.868568379840e-14 1.086488880054e-14 4.085137704433e-15 1.525845651586e-15 5.665011727174e-16 2.091701309919e-16 7.683969317138e-17 2.809264627546e-17 1.022377878616e-17 3.704180697622e-18 1.336129179965e-18 4.798022361344e-19 1.715099147871e-19 6.101884226988e-20 2.160256119071e-20 7.608879054160e-21 2.665696979640e-21 9.286933583131e-22 3.216630564817e-22 1.107373837607e-22 3.788359418709e-23 1.287583149740e-23 4.346847008398e-24 1.457340249071e-24 4.851238429674e-25 1.603141252936e-25 5.258304273483e-26 1.711615516291e-26
1.799837079322e+00 1.897405815761e+00 1.971027923709e+00 2.017824882443e+00 2.036071683237e+00 2.025302633306e+00 1.986321230845e+00 1.921115684520e+00 1.832691611736e+00 1.724841452327e+00 1.601875286603e+00 1.468339413320e+00 1.328747655094e+00 1.187345987751e+00 1.047925289421e+00 9.136901634710e-01 7.871853785164e-01 6.702758209345e-01 5.641719220622e-01 4.694899594443e-01 3.863358977654e-01 3.144018185741e-01 2.530654776279e-01 2.014854485515e-01 1.586865429166e-01 1.236322690012e-01 9.528292567475e-02 7.263937219949e-02 5.477355035082e-02 4.084747522349e-02 3.012273205418e-02 2.196257581541e-02 1.582860873622e-02 1.127378263742e-02 7.933181802803e-03 5.513741891435e-03 3.783771516041e-03 2.562887715604e-03 1.712761301212e-03 1.128895974701e-03 7.335341626886e-04 4.696880747716e-04 2.962311038665e-04 1.839461166677e-04 1.124077477035e-04 6.757040716286e-05 3.993788912338e-05 2.320078322459e-05 1.324156846417e-05 7.422288749728e-06 4.084650450050e-06 2.206300495158e-06 1.169393530137e-06 6.080765771595e-07 3.101677801781e-07 1.551819373993e-07 7.615263089130e-08 3.665647763898e-08 1.730982348020e-08 8.020420752690e-09 3.647407954565e-09 1.628578043562e-09 7.142642376172e-10 3.078640732270e-10 1.304868153179e-10 5.442173786660e-11 2.235105315376e-11 9.046766523500e-12 3.611880052452e-12 1.423681078168e-12 5.545504295876e-13 2.136661772588e-13 8.151074652671e-14 3.081687537934e-14 1.155715818069e-14 4.303002959087e-15 1.591795113720e-15 5.854569327966e-16 2.142138342030e-16 7.800979030036e-17 2.828488399914e-17 1.021337375159e-17 3.673273683518e-18 1.315904706022e-18 4.695307912636e-19 1.668488353931e-19 5.903757547495e-20 2.079642230413e-20 7.291205206679e-21 2.543597629227e-21 8.827133938111e-22 3.046465288098e-22 1.045352047850e-22 3.565387394418e-23 1.208429319774e-23 4.069153409105e-24 1.361002038460e-24 4.520587269243e-25 1.490828041995e-25 4.880650163253e-26 1.585883714309e-26
1.922932157029e+00 2.030789170163e+00 2.113284569325e+00 2.167206393503e+00 2.190569497509e+00 2.182737478453e+00 2.144441416002e+00 2.077696535229e+00 1.985628545071e+00 1.872230449028e+00 1.742076094489e+00 1.600018857227e+00 1.450902364744e+00 1.299305651950e+00 1.149338919159e+00 1.004498749507e+00 8.675847363888e-01 7.406734906580e-01 6.251415748054e-01 5.217263173030e-01 4.306124419221e-01 3.515329490426e-01 2.838741103664e-01 2.267765254945e-01 1.792264714745e-01 1.401339852819e-01 1.083960510242e-01 8.294478928645e-02 6.278166175309e-02 4.699939492038e-02 3.479369374304e-02 2.546690212513e-02 1.842566497615e-02 1.317442878882e-02 9.306329845455e-03 6.492716195079e-03 4.472254894604e-03 3.040310639042e-03 2.039055694768e-03 1.348586618759e-03 8.791804257211e-04 5.647169401441e-04 3.572208223614e-04 2.224296268898e-04 1.362682384218e-04 8.209955464658e-05 4.862206115571e-05 2.829315493900e-05 1.616974901613e-05 9.072553309115e-06 4.995802111262e-06 2.698936674057e-06 1.430124976574e-06 7.431104216577e-07 3.785816104454e-07 1.890810145181e-07 9.257693499784e-08 4.443641616270e-08 2.091239998968e-08 9.651137668552e-09 4.368971611590e-09 1.940700031086e-09 8.462627041509e-10 3.624479440482e-10 1.525606140941e-10 6.315300717228e-11 2.572960552048e-11 1.032581101062e-11 4.085639926886e-12 1.595356905308e-12 6.153935905447e-13 2.347430476495e-13 8.863974425572e-14 3.316704968062e-14 1.231006346066e-14 4.536257403953e-15 1.661096921976e-15 6.049045860962e-16 2.192099060845e-16 7.909498870992e-17 2.842708529655e-17 1.017968789222e-17 3.632679990023e-18 1.291915787994e-18 4.578650317938e-19 1.616901601408e-19 5.688413350714e-20 1.993231172337e-20 6.954501782173e-21 2.415405221424e-21 8.348318505161e-22 2.870527980216e-22 9.816331425114e-23 3.337616007442e-23 1.127986440300e-23 3.788250924091e-24 1.263964030645e-24 4.188827234394e-25 1.378539796717e-25 4.504318845508e-26 1.460971746281e-26
2.044393941780e+00 2.163054145471e+00 2.255024611164e+00 2.316742015999e+00 2.345939128543e+00 2.341784105967e+00 2.304909600863e+00 2.237331979062e+00 2.142272818435e+00 2.023904326549e+00 1.887046690053e+00 1.736847579100e+00 1.578472719878e+00 1.416831677828e+00 1.256356392144e+00 1.100842296415e+00 9.533544563527e-01 8.161947166270e-01 6.909212313616e-01 5.784087937367e-01 4.789373607004e-01 3.922965570140e-01 3.178954520815e-01 2.548690394190e-01 2.021752020855e-01 1.586782880841e-01 1.232174115891e-01 9.465921615835e-02 7.193600777331e-02 5.407092572097e-02 4.019221451397e-02 2.953878841658e-02 2.145920160383e-02 1.540593229640e-02 1.092661430695e-02 7.653548495915e-03 5.292530662081e-03 3.611761290876e-03 2.431367378547e-03 1.613871280248e-03 1.055786853777e-03 6.804056448762e-04 4.317515042069e-04 2.696254141443e-04 1.656282640556e-04 1.000326259891e-04 5.937084383073e-05 3.461196596488e-05 1.981103155117e-05 1.112842802586e-05 6.132522997025e-06 3.314157946763e-06 1.755924524997e-06 9.118630433302e-07 4.640470529940e-07 2.313917796347e-07 1.130477148114e-07 5.411400815043e-08 2.538231932175e-08 1.166813500359e-08 5.258134088431e-09 2.323653260325e-09 1.007415299121e-09 4.287168970926e-10 1.791942106228e-10 7.361626279878e-11 2.974832122288e-11 1.183498914728e-11 4.639808570521e-12 1.794309272540e-12 6.852051298515e-13 2.586706182668e-13 9.664113388282e-14 3.577251610960e-14 1.313355869259e-14 4.787533474067e-15 1.734427774166e-15 6.250169081393e-16 2.242042641725e-16 8.010892661723e-17 2.852401308432e-17 1.012463356220e-17 3.583223425037e-18 1.264522027931e-18 4.449594738059e-19 1.560985607798e-19 5.458483125485e-20 1.902065332647e-20 6.602798338539e-21 2.282643729792e-21 7.856139129065e-22 2.690878093362e-22 9.169556804046e-23 3.107655538844e-23 1.047164720703e-23 3.507273881746e-24 1.167292879114e-24 3.859547795209e-25 1.267471556828e-25 4.133248059323e-26 1.338164161414e-26
2.162704441160e+00 2.292615338938e+00 2.394624164460e+00 2.464801124940e+00 2.500576193286e+00 2.500896970703e+00 2.466269580588e+00 2.398682127152e+00 2.301422992548e+00 2.178816510255e+00 2.035905497027e+00 1.878112778920e+00 1.710912372784e+00 1.539536343705e+00 1.368736175605e+00 1.202609469511e+00 1.044494948573e+00 8.969319240055e-01 7.616753567566e-01 6.397546164351e-01 5.315628057272e-01 4.369638849514e-01 3.554063729134e-01 2.860345553093e-01 2.277906049807e-01 1.795033727324e-01 1.399617256247e-01 1.079719643160e-01 8.240010251041e-02 6.220058485973e-02 4.643347577985e-02 3.427230396970e-02 2.500470601518e-02 1.802782780921e-02 1.284018676067e-02 9.031405261197e-03 6.270935365700e-03 4.296621752996e-03 2.903709730631e-03 1.934700403409e-03 1.270289752192e-03 8.214988129570e-04 5.230061913456e-04 3.276266730911e-04 2.018363129054e-04 1.222201445520e-04 7.270910429183e-05 4.247392083877e-05 2.435214773388e-05 1.369742544267e-05 7.555222186239e-06 4.085068307520e-06 2.164474427684e-06 1.123535354152e-06 5.712256778555e-07 2.844126525174e-07 1.386673400138e-07 6.620335339902e-08 3.095262028680e-08 1.417405421471e-08 6.358808907878e-09 2.795682255353e-09 1.205080860272e-09 5.095517406484e-10 2.114818849451e-10 8.621470330267e-11 3.455125507910e-11 1.362418495745e-11 5.291118954531e-12 2.025971292953e-12 7.656910934226e-13 2.859663917475e-13 1.056663623470e-13 3.867598262445e-14 1.403924309630e-14 5.059870644359e-15 1.812562205743e-15 6.459900649439e-16 2.292486456472e-16 8.106683803266e-17 2.858092767713e-17 1.005029414650e-17 3.525788640762e-18 1.234104242291e-18 4.309756008142e-19 1.501407829943e-19 5.216650389389e-20 1.807195579169e-20 6.240112548289e-21 2.146816512797e-21 7.356114051447e-22 2.509506477454e-22 8.520267794273e-23 2.877981949597e-23 9.668197765298e-24 3.229142987756e-24 1.071974153691e-24 3.536038479318e-25 1.158709809191e-25 3.770990243235e-26 1.218611155841e-26
2.276262024609e+00 2.417787010033e+00 2.530343178745e+00 2.609622702411e+00 2.652734029893e+00 2.658379275567e+00 2.626908331030e+00 2.560248345077e+00 2.461720696068e+00 2.335768908157e+00 2.187628210735e+00 2.022970583203e+00 1.847557870200e+00 1.666930472538e+00 1.486151899479e+00 1.309620973608e+00 1.140955215471e+00 9.829417551862e-01 8.375468801183e-01 7.059719940086e-01 5.887424855877e-01 4.858162654319e-01 3.967003175843e-01 3.205657663197e-01 2.563544752490e-01 2.028726338808e-01 1.588689228350e-01 1.230965862894e-01 9.436001060114e-02 7.154727699804e-02 5.365062567320e-02 3.977698374503e-02 2.915068777682e-02 2.111038647626e-02 1.510187260017e-02 1.066832255092e-02 7.439140502013e-03 5.118337152934e-03 3.473130513680e-03 2.323246301929e-03 1.531220074550e-03 9.938624281674e-04 6.349401768571e-04 3.990471558086e-04 2.465841254626e-04 1.497338973581e-04 8.930104502512e-05 5.228138018494e-05 3.003119612901e-05 1.691708577492e-05 9.341407381468e-06 5.054249221135e-06 2.678566899658e-06 1.390006518006e-06 7.061427633290e-07 3.511162260932e-07 1.708615941985e-07 8.136902502014e-08 3.792420905238e-08 1.730119668566e-08 7.727464082677e-09 3.380176340531e-09 1.448658596530e-09 6.086160685543e-10 2.508083081428e-10 1.014556445283e-10 4.031852230620e-11 1.575533886592e-11 6.060192222625e-12 2.296984395713e-12 8.589189317922e-13 3.172517522980e-13 1.158955223277e-13 4.192772103333e-14 1.504062558733e-14 5.356769442656e-15 1.896381728225e-15 6.680444696506e-16 2.344003653534e-16 8.198534474995e-17 2.860348291121e-17 9.958878635901e-18 3.461302176406e-18 1.201056668880e-18 4.160787004156e-19 1.438843794180e-19 4.965600981666e-20 1.709662119467e-20 5.870378089657e-21 2.009379727444e-21 6.853531893690e-22 2.328301405237e-22 7.875103106822e-23 2.650896660906e-23 8.877391574071e-24 2.956520944041e-24 9.788979486939e-25 3.221242857939e-25 1.053218029035e-25 3.420667799770e-26 1.103314902582e-26
2.383410230453e+00 2.536811659794e+00 2.660353021310e+00 2.749341263998e+00 2.800547291278e+00 2.812403693627e+00 2.785073437556e+00 2.720387139864e+00 2.621660920452e+00 2.493418772743e+00 2.341051381182e+00 2.170446795559e+00 1.987627055446e+00 1.798419991262e+00 1.608187650836e+00 1.421624198761e+00 1.242627305683e+00 1.074239790180e+00 9.186525305124e-01 7.772563304675e-01 6.507288954301e-01 5.391434099073e-01 4.420866455016e-01 3.587767850617e-01 2.881736383277e-01 2.290764150850e-01 1.802063655953e-01 1.402733880543e-01 1.080269961143e-01 8.229294306715e-02 6.199731905095e-02 4.618017943789e-02 3.400078945389e-02 2.473645911602e-02 1.777673973838e-02 1.261450897534e-02 8.835210023654e-03 6.105254804739e-03 4.160363182803e-03 2.794397621875e-03 1.849070639680e-03 1.204750553612e-03 7.724703910453e-04 4.871525785918e-04 3.019957417749e-04 1.839258298834e-04 1.099881937194e-04 6.454624208059e-05 3.715226141570e-05 2.096368477118e-05 1.159072748723e-05 6.276596367363e-06 3.327653206521e-06 1.726654467616e-06 8.766085461855e-07 4.353587429780e-07 2.114805055678e-07 1.004730191624e-07 4.668699475584e-08 2.122071699519e-08 9.436983803785e-09 4.107235372237e-09 1.750200472163e-09 7.305871841952e-10 2.989324479058e-10 1.199798756847e-10 4.727617959952e-11 1.830564459173e-11 6.972530486495e-12 2.615493803110e-12 9.674015876045e-13 3.532747730300e-13 1.275432198191e-13 4.558698806149e-14 1.615344421232e-14 5.682256286306e-15 1.986885844496e-15 6.914259030823e-16 2.397220981805e-16 8.288224453614e-17 2.859762094036e-17 9.852676181862e-18 3.390713700513e-18 1.165779355177e-18 4.004348097825e-19 1.373965055032e-19 4.707976314653e-20 1.610476743909e-20 5.497378755996e-21 1.871718437951e-21 6.353367039090e-22 2.149019196053e-22 7.240169307560e-23 2.428493354116e-23 8.106315110409e-24 2.691777707534e-24 8.888479808487e-25 2.917725001320e-25 9.518265352754e-26 3.084943063620e-26 9.931208858523e-27
2.482471257337e+00 2.647893730921e+00 2.782769609596e+00 2.882018516020e+00 2.942061361580e+00 2.961038874982e+00 2.938896105296e+00 2.877329340940e+00 2.779607130739e+00 2.650289667615e+00 2.494879547682e+00 2.319440463492e+00 2.130219559378e+00 1.933303960743e+00 1.734334190453e+00 1.538288205189e+00 1.349340724255e+00 1.170794914959e+00 1.005077624074e+00 8.537857539828e-01 7.177698346771e-01 5.972410449187e-01 4.918893957143e-01 4.010029822299e-01 3.235807390750e-01 2.584335855750e-01 2.042710218836e-01 1.597720124068e-01 1.236403302045e-01 9.464543367977e-02 7.165052443530e-02 5.362969940179e-02 3.967618854360e-02 2.900359868718e-02 2.094192445707e-02 1.492987766500e-02 1.050485522260e-02 7.291628690069e-03 4.990612902572e-03 3.366360849980e-03 2.236746250470e-03 1.463134658668e-03 9.417109162773e-04 5.960251689138e-04 3.707397530792e-04 2.265027651986e-04 1.358378981921e-04 7.992060781030e-05 4.610429150648e-05 2.606353616929e-05 1.443154949259e-05 7.823035819147e-06 4.149880945225e-06 2.153438700643e-06 1.092775728018e-06 5.421579630346e-07 2.629323200851e-07 1.246372008208e-07 5.774800989008e-08 2.615485008148e-08 1.158179899677e-08 5.015746004447e-09 2.125221174034e-09 8.814605068734e-10 3.580977155331e-10 1.426000055322e-10 5.570905956447e-11 2.137167446579e-11 8.059788831195e-12 2.991524121606e-12 1.094203461070e-12 3.949386947797e-13 1.408658305104e-13 4.972376526873e-14 1.739605382500e-14 6.040961659370e-15 2.085205393729e-15 7.164069830531e-16 2.452817021516e-16 8.377630558142e-17 2.856946841481e-17 9.734011734123e-18 3.314977905947e-18 1.128670911328e-18 3.842078487769e-19 1.307427992674e-19 4.446330592721e-20 1.510606872253e-20 5.124690323637e-21 1.735125953975e-21 5.860207951369e-22 1.973260005056e-22 6.620960866655e-23 2.212632236844e-23 7.361184970011e-24 2.436965795348e-24 8.024942356246e-25 2.627648263710e-25 8.552266268267e-26 2.766002878364e-26 8.887140979032e-27
2.571783600762e+00 2.749238014940e+00 2.895691617263e+00 3.005680479398e+00 3.075267439970e+00 3.102281618904e+00 3.086419743724e+00 3.029204496144e+00 2.933811152659e+00 2.804786795959e+00 2.647695989200e+00 2.468730427975e+00 2.274319616393e+00 2.070774247495e+00 1.863986134293e+00 1.659199184418e+00 1.460856842541e+00 1.272523338011e+00 1.096870223774e+00 9.357158979516e-01 7.901041171650e-01 6.604077527781e-01 5.464453445984e-01 4.476002432390e-01 3.629345982872e-01 2.912928408755e-01 2.313915168269e-01 1.818940316965e-01 1.414702236735e-01 1.088415940918e-01 8.281360208775e-02 6.229675298534e-02 4.631831617674e-02 3.402649362062e-02 2.468874881673e-02 1.768584126093e-02 1.250291940272e-02 8.718818670419e-03 5.994503158419e-03 4.061390666704e-03 2.710114575077e-03 1.780109760407e-03 1.150265582231e-03 7.307695573618e-04 4.561707325200e-04 2.796211792758e-04 1.682052367862e-04 9.923617166782e-05 5.738548721219e-05 3.250767563516e-05 1.802954672548e-05 9.785399598379e-06 5.194778259392e-06 2.696332188921e-06 1.367879046030e-06 6.780627205001e-07 3.283620236700e-07 1.553266191186e-07 7.176894992476e-08 3.239323122747e-08 1.428472886323e-08 6.156145840877e-09 2.593773763137e-09 1.068952511042e-09 4.311771752896e-10 1.703507712390e-10 6.597751298219e-11 2.507472656409e-11 9.361412043612e-12 3.437458763097e-12 1.243074507930e-12 4.433376270846e-13 1.561705085567e-13 5.442089863886e-14 1.878989851434e-14 6.438214856289e-15 2.192618854148e-15 7.432891068627e-16 2.511521133315e-16 8.468707260678e-17 2.852523717784e-17 9.605203757843e-18 3.235037546082e-18 1.090121794305e-18 3.675569970936e-19 1.239863749689e-19 4.183092956087e-20 1.410961653153e-20 4.755631039018e-21 1.600786694314e-21 5.378199587087e-22 1.802449036358e-22 6.022300869646e-23 2.004921963451e-23 6.647294915115e-24 2.193805483299e-24 7.203891033680e-25 2.352766205255e-25 7.639688170547e-26 2.465556834481e-26 7.906197906065e-27
2.649742793855e+00 2.839091747120e+00 2.997242967787e+00 3.118359292491e+00 3.198142633517e+00 3.234094266140e+00 3.225633735272e+00 3.174070349768e+00 3.082437853618e+00 2.955216592032e+00 2.797977282549e+00 2.616985029141e+00 2.418801341591e+00 2.209916976350e+00 1.996440295416e+00 1.783856451229e+00 1.576863344305e+00 1.379282220124e+00 1.194034647942e+00 1.023173817136e+00 8.679563399376e-01 7.289408739217e-01 6.061011976609e-01 4.989434891938e-01 4.066199944328e-01 3.280336007017e-01 2.619299571587e-01 2.069754750048e-01 1.618208318605e-01 1.251505314171e-01 9.571964483501e-02 7.237920926621e-02 5.409191481864e-02 3.993974278283e-02 2.912516541900e-02 2.096740761189e-02 1.489512912683e-02 1.043671858046e-02 7.209213060449e-03 4.906674956872e-03 3.288679151004e-03 2.169394538062e-03 1.407591034352e-03 8.977701633126e-04 5.625073146524e-04 3.460073686468e-04 2.088120445063e-04 1.235548281815e-04 7.163483041396e-05 4.067095311593e-05 2.259892628057e-05 1.228283124753e-05 6.526796320156e-06 3.389218752213e-06 1.719218636265e-06 8.516456896552e-07 4.118899082182e-07 1.944610121603e-07 8.961645433929e-08 4.031475653133e-08 1.770613878021e-08 7.594117748794e-09 3.181883971570e-09 1.303036334862e-09 5.218658019080e-10 2.045553265633e-10 7.853934568580e-11 2.956778553102e-11 1.092674998615e-11 3.968654631843e-12 1.418620660365e-12 4.998015048806e-13 1.738264195148e-13 5.977673976549e-14 2.036008970974e-14 6.880159278728e-15 2.310572289291e-15 7.724049869567e-16 2.574113340879e-16 8.563469325633e-17 2.847113146781e-17 9.468525224413e-18 3.151807910691e-18 1.050508275455e-18 3.506343722897e-19 1.171869448299e-19 3.920535095644e-20 1.312380393970e-20 4.393221526987e-21 1.469762793124e-21 4.911000444255e-22 1.637823347970e-22 5.448302501052e-23 1.806709144625e-23 5.968990092560e-24 1.963679602762e-24 6.429668295518e-25 2.094424727302e-25 6.784648528176e-26 2.184848151091e-26 6.992083299786e-27
2.714844230809e+00 2.915789420162e+00 3.085618615692e+00 3.218138849830e+00 3.308694283901e+00 3.354446589859e+00 3.354511899397e+00 3.309946965557e+00 3.223594349963e+00 3.099810545540e+00 2.944111594285e+00 2.762774992298e+00 2.562436582050e+00 2.349715883744e+00 2.130895293424e+00 1.911669093740e+00 1.696968775026e+00 1.490862981280e+00 1.296524284595e+00 1.116250994747e+00 9.515305961153e-01 8.031313261435e-01 6.712097579358e-01 5.554242879090e-01 4.550467043689e-01 3.690663608090e-01 2.962834033956e-01 2.353891937614e-01 1.850332618975e-01 1.438770232357e-01 1.106350650568e-01 8.410517306576e-02 6.318845406269e-02 4.690100272726e-02 3.437856652382e-02 2.487561648325e-02 1.776015218361e-02 1.250545128374e-02 8.679840082103e-03 5.935404736234e-03 3.996399975026e-03 2.647946139593e-03 1.725446608619e-03 1.105012582252e-03 6.950562299170e-04 4.291097313703e-04 2.598477637887e-04 1.542336899655e-04 8.967285365426e-05 5.103687254835e-05 2.841712026967e-05 1.547021239811e-05 8.229992151638e-06 4.276412012572e-06 2.169470449406e-06 1.074162106218e-06 5.189312744682e-07 2.445645028061e-07 1.124296811636e-07 5.041697035183e-08 2.205624491698e-08 9.415547175627e-09 3.923470723609e-09 1.596656803511e-09 6.349361482445e-10 2.469129790627e-10 9.397869139028e-11 3.504462548171e-11 1.281780381775e-11 4.604233705347e-12 1.626521375133e-12 5.659529279034e-13 1.942788023732e-13 6.590841924428e-14 2.213611588748e-14 7.373893090471e-15 2.440703789809e-15 8.041219278880e-16 2.641425469542e-16 8.663977095299e-17 2.841326456595e-17 9.326168395923e-18 3.066163097870e-18 1.010187174047e-18 3.335830416614e-19 1.104000837779e-19 3.660744831778e-20 1.215623401989e-20 4.040154441041e-21 1.342984545715e-21 4.461754202982e-22 1.480424120731e-22 4.902350697512e-23 1.619075103626e-23 5.329666810237e-24 1.747637188078e-24 5.705459906420e-25 1.853574421282e-25 5.989931158399e-26 1.924675504989e-26 6.147036060006e-27
2.765726651373e+00 2.977798875656e+00 3.159132259192e+00 3.303203013355e+00 3.405007438556e+00 3.461361308155e+00 3.471054871204e+00 3.434855020120e+00 3.355363232544e+00 3.236752943665e+00 3.084420604325e+00 2.904589511731e+00 2.703905399006e+00 2.489057727941e+00 2.266452542453e+00 2.041953406694e+00 1.820697298519e+00 1.606984289882e+00 1.404233694027e+00 1.214995332500e+00 1.041003020821e+00 8.832571897227e-01 7.421248905715e-01 6.174473761413e-01 5.086476186794e-01 4.148323217209e-01 3.348848379001e-01 2.675469358426e-01 2.114884903129e-01 1.653650023193e-01 1.278633915704e-01 9.773686877123e-02 7.382991562053e-02 5.509453335701e-02 4.059899453591e-02 2.953035984272e-02 2.119200719238e-02 1.499737421464e-02 1.046102822337e-02 7.188064319534e-03 4.862691801912e-03 3.236714510196e-03 2.118450879245e-03 1.362484377640e-03 8.604938650792e-04 5.332915955046e-04 3.240980863266e-04 1.930086132123e-04 1.125543693619e-04 6.422992625656e-05 3.584402614680e-05 1.954926106536e-05 1.041422807153e-05 5.416005719172e-06 2.748436281037e-06 1.360432518313e-06 6.566260546633e-07 3.089671815429e-07 1.417114228301e-07 6.335571274033e-08 2.761171054294e-08 1.173320097807e-08 4.862928472587e-09 1.966689115676e-09 7.765798571828e-10 2.996158426036e-10 1.130441884230e-10 4.175176925091e-11 1.511280779234e-11 5.368107074920e-12 1.873808566406e-12 6.437793450497e-13 2.180666471817e-13 7.295591967070e-14 2.415271710416e-14 7.927641344881e-15 2.584873441401e-15 8.388460103698e-16 2.714343777473e-16 8.772325027139e-17 2.835758620248e-17 9.180214314783e-18 2.978924296112e-18 9.694914708720e-19 3.165354009334e-19 1.036766447770e-19 3.405605850200e-20 1.121365306427e-20 3.698773893138e-21 1.221244604275e-21 4.033075625071e-22 1.331094214025e-22 4.387102757951e-23 1.442839357921e-23 4.731795710422e-24 1.546405110656e-24 5.033346421730e-25 1.630791749819e-25 5.257068925086e-26 1.685424147781e-26 5.371943738877e-27
2.801214723781e+00 3.023767161263e+00 3.216264500354e+00 3.371884924278e+00 3.485294115258e+00 3.552961976343e+00 3.573335393316e+00 3.546857269610e+00 3.475839386468e+00 3.364212137592e+00 3.217184787611e+00 3.040855392667e+00 2.841809215510e+00 2.626739786445e+00 2.402118756749e+00 2.173931194053e+00 1.947483747921e+00 1.727284827820e+00 1.516990040015e+00 1.319402129024e+00 1.136513076294e+00 9.695759245192e-01 8.191951038635e-01 6.854258915223e-01 5.678757259063e-01 4.658020961370e-01 3.782034532692e-01 3.039009813901e-01 2.416100661082e-01 1.900010337064e-01 1.477492260315e-01 1.135748097135e-01 8.627295018034e-02 6.473516397066e-02 4.796278983551e-02 3.507362968561e-02 2.530287225765e-02 1.799944319272e-02 1.261890686507e-02 8.713982677458e-03 5.923635618777e-03 3.961565957355e-03 2.604768899002e-03 1.682674090812e-03 1.067219665796e-03 6.640751632927e-04 4.051089404087e-04 2.421014589806e-04 1.416366669479e-04 8.105769903903e-05 4.534722154013e-05 2.478316334753e-05 1.322339025609e-05 6.884337494112e-06 3.495385703975e-06 1.730028577291e-06 8.344177270756e-07 3.920773843564e-07 1.794513783060e-07 7.999880145278e-08 3.473811649524e-08 1.469576212587e-08 6.058614212768e-09 2.435229903547e-09 9.548659174387e-10 3.655046585105e-10 1.366996966737e-10 5.000427465486e-11 1.791092279514e-11 6.290305946866e-12 2.169225899111e-12 7.357251296803e-13 2.458450120379e-13 8.108716309068e-14 2.645096630668e-14 8.550967043988e-15 2.745200077507e-15 8.770273708365e-16 2.793813406785e-16 8.890634140174e-17 2.830982231054e-17 9.032607361135e-18 2.890850217307e-18 9.287268144186e-19 2.996119261916e-19 9.706232737041e-20 3.156783594698e-20 1.030190831237e-20 3.371064330701e-21 1.105195784498e-21 3.627049854612e-22 1.190480550462e-22 3.904506232777e-23 1.278569106744e-23 4.176965389939e-24 1.360406566547e-24 4.414377322628e-25 1.426307529331e-25 4.586449783514e-26 1.467104322647e-26 4.666478618016e-27
2.820359146462e+00 3.052564448685e+00 3.255709753693e+00 3.422715854620e+00 3.547942836841e+00 3.627521943410e+00 3.659545308278e+00 3.644102340449e+00 3.583169409025e+00 3.480374734270e+00 3.340671732040e+00 3.169959109394e+00 2.974686524994e+00 2.761479558393e+00 2.536810127962e+00 2.306729175570e+00 2.076669154648e+00 1.851315940945e+00 1.634543902725e+00 1.429404030376e+00 1.238153513763e+00 1.062315081308e+00 9.027555834976e-01 7.597750986124e-01 6.331997450901e-01 5.224732740793e-01 4.267440413932e-01 3.449451509211e-01 2.758664535863e-01 2.182176658260e-01 1.706822779626e-01 1.319622083474e-01 1.008133928551e-01 7.607269299470e-02 5.667670632719e-02 4.167323733975e-02 3.022634322366e-02 2.161598702535e-02 1.523339140559e-02 1.057319297415e-02 7.223444818168e-03 4.854411134192e-03 3.206959027789e-03 2.081191478571e-03 1.325799081301e-03 8.284497612557e-04 5.073953617175e-04 3.043577696296e-04 1.786676999978e-04 1.025657027421e-04 5.753502592231e-05 3.151588130433e-05 1.684629770925e-05 8.781945631497e-06 4.462196314113e-06 2.208869640216e-06 1.064835475801e-06 4.997505605594e-07 2.282934750383e-07 1.014989785527e-07 4.392050265128e-08 1.850010153536e-08 7.587576403456e-09 3.031343723127e-09 1.180358417156e-09 4.482779206679e-10 1.661919970849e-10 6.020667340324e-11 2.133841652548e-11 7.408719866759e-12 2.523693758612e-12 8.448095686030e-13 2.784133202681e-13 9.050439112394e-14 2.907961097731e-14 9.255030764045e-15 2.924106321404e-15 9.191668144467e-16 2.880845000716e-16 9.021048807837e-17 2.827542854495e-17 8.885135133524e-18 2.802629777681e-18 8.881689649337e-19 2.829203015734e-19 9.059739757226e-20 2.915717180402e-20 9.425929027848e-21 3.058648422976e-21 9.953522296688e-22 3.245243886690e-22 1.059040871989e-22 3.455831947850e-23 1.126593871334e-23 3.665943268694e-24 1.189785196483e-24 3.848663125687e-25 1.240041117479e-25 3.977440389584e-26 1.269395024418e-26 4.029249662503e-27
2.822472428759e+00 3.063324173488e+00 3.276420029972e+00 3.454471721981e+00 3.591566719870e+00 3.683512708953e+00 3.728042844698e+00 3.724869639913e+00 3.675592805673e+00 3.583482050558e+00 3.453166929750e+00 3.290271425814e+00 3.101031168753e+00 2.891926658962e+00 2.669358278277e+00 2.439379628324e+00 2.207496926688e+00 1.978534367075e+00 1.756559591872e+00 1.544859998631e+00 1.345958995835e+00 1.161661427261e+00 9.931185240250e-01 8.409044268535e-01 7.050981633936e-01 5.853665938993e-01 4.810452536283e-01 3.912149663249e-01 3.147728182567e-01 2.504965093172e-01 1.971013731534e-01 1.532895638243e-01 1.177911082768e-01 8.939672059878e-02 6.698252044038e-02 4.952704532014e-02 3.612119345077e-02 2.597194954903e-02 1.840090226207e-02 1.283865370574e-02 8.816234099254e-03 5.954579085454e-03 3.953014036755e-03 2.577536822546e-03 1.649517772370e-03 1.035260813287e-03 6.367072460019e-04 3.834233518134e-04 2.259000804149e-04 1.301087902506e-04 7.319986691531e-05 4.019764887083e-05 2.153119822077e-05 1.124153011952e-05 5.717572228231e-06 2.831377284831e-06 1.364553696905e-06 6.397904705150e-07 2.917637311630e-07 1.293933888345e-07 5.580503978229e-08 2.340801540718e-08 9.551996045128e-09 3.793436325739e-09 1.466953238380e-09 5.527738996642e-10 2.031416076915e-10 7.288088245033e-11 2.555684190818e-11 8.771378021221e-12 2.950913923710e-12 9.747787655056e-13 3.167514029007e-13 1.014522011545e-13 3.209674396748e-14 1.005291068335e-14 3.124373872727e-15 9.658240292486e-16 2.976523794004e-16 9.165738428924e-17 2.825955809405e-17 8.739413942143e-18 2.714877044429e-18 8.480621449349e-19 2.665549138457e-19 8.431655243590e-20 2.683616935768e-20 8.589729252270e-21 2.762793063586e-21 8.920935574793e-22 2.888728831795e-22 9.370542343243e-23 3.041719818129e-23 9.870243783336e-24 3.198750142716e-24 1.034433534666e-24 3.335480961192e-25 1.071638612458e-25 3.428521581051e-26 1.091691141139e-26 3.457963892296e-27
2.807158788211e+00 3.055477699968e+00 3.277643870754e+00 3.466215459508e+00 3.615048353132e+00 3.719650065146e+00 3.777398726271e+00 3.787613957316e+00 3.751483861920e+00 3.671867914897e+00 3.553006596520e+00 3.400174376079e+00 3.219312922106e+00 3.016676996351e+00 2.798518152472e+00 2.570822487702e+00 2.339109945610e+00 2.108295244828e+00 1.882605156589e+00 1.665543433460e+00 1.459893401951e+00 1.267748431110e+00 1.090561601042e+00 9.292075919153e-01 7.840514478266e-01 6.550204552971e-01 5.416764495097e-01 4.432867099261e-01 3.588920377662e-01 2.873708541224e-01 2.274982916423e-01 1.779993252907e-01 1.375951103659e-01 1.050418989201e-01 7.916214578650e-02 5.886774817002e-02 4.317568636857e-02 3.121665827940e-02 2.223756423303e-02 1.559889173790e-02 1.076814652311e-02 7.310485955273e-03 4.877637622102e-03 3.196053022804e-03 2.055073705834e-03 1.295699872870e-03 8.003670441876e-04 4.839705533415e-04 2.862383438263e-04 1.654441402568e-04 9.337517086305e-05 5.141865881805e-05 2.760504911896e-05 1.443860662139e-05 7.352720948624e-06 3.643388898869e-06 1.755830812817e-06 8.226321442171e-07 3.745815636740e-07 1.657397258574e-07 7.125610853432e-08 2.976914809354e-08 1.208799832952e-08 4.772494611088e-09 1.833016700243e-09 6.853528456884e-10 2.496652175702e-10 8.870359880801e-11 3.077391447848e-11 1.043945837709e-11 3.468159810078e-12 1.130302158680e-12 3.620656166743e-13 1.142277107264e-13 3.557189233584e-14 1.095999841782e-14 3.349211364875e-15 1.017627726186e-15 3.082021628680e-16 9.326904359584e-17 2.826704396345e-17 8.596879674984e-18 2.628128348586e-18 8.086182606413e-19 2.505966904130e-19 7.824891766010e-20 2.461467104661e-20 7.796430148430e-21 2.484422622016e-21 7.956716133329e-22 2.558111218507e-22 8.246345919478e-23 2.662234780596e-23 8.597746897663e-24 2.774744832874e-24 8.940244989495e-25 2.873388839816e-25 9.205135005672e-26 2.937430221580e-26 9.331521445687e-27 2.949590935780e-27
2.774336533275e+00 3.028781691189e+00 3.258958471938e+00 3.457333414699e+00 3.617579569963e+00 3.734936248230e+00 3.806439404430e+00 3.831008477356e+00 3.809392939121e+00 3.743996959915e+00 3.638611620414e+00 3.498089958460e+00 3.328000293270e+00 3.134289143813e+00 2.922977976508e+00 2.699909223299e+00 2.470548876311e+00 2.239845738691e+00 2.012142361614e+00 1.791129626452e+00 1.579835926035e+00 1.380642090148e+00 1.195314531517e+00 1.025050651512e+00 8.705321816244e-01 7.319834945002e-01 6.092328429919e-01 5.017750864809e-01 4.088346605565e-01 3.294275912105e-01 2.624212492735e-01 2.065904988249e-01 1.606688713067e-01 1.233935587200e-01 9.354325276712e-02 6.996822964163e-02 5.161248853886e-02 3.752818071409e-02 2.688295278024e-02 1.896113380726e-02 1.315990161013e-02 8.981654950291e-03 6.023805078709e-03 3.967100848564e-03 2.563439504023e-03 1.623920820595e-03 1.007698211168e-03 6.119878680197e-04 3.634290419101e-04 2.108522751861e-04 1.194099936142e-04 6.595358712351e-05 3.549918198147e-05 1.860578128825e-05 9.489005137240e-06 4.706105784733e-06 2.268467929438e-06 1.062275149232e-06 4.830864594918e-07 2.133032195161e-07 9.143478425962e-08 3.805251701997e-08 1.537776088810e-08 6.036530276868e-09 2.302942671012e-09 8.544175612691e-10 3.085415965664e-10 1.085566603420e-10 3.725805562905e-11 1.249127765951e-11 4.097314551913e-12 1.317228032171e-12 4.158481443893e-13 1.291934731142e-13 3.958863937722e-14 1.199449004628e-14 3.602337770834e-15 1.075288115405e-15 3.198612351512e-16 9.506792623991e-17 2.830239625257e-17 8.458783997907e-18 2.542841480818e-18 7.700169374151e-19 2.351132481367e-19 7.241816684373e-20 2.250033142531e-20 7.048299293922e-21 2.224138334534e-21 7.062193812430e-22 2.253571624924e-22 7.217467701474e-23 2.316930288083e-23 7.445866042847e-24 2.392715363314e-24 7.680446216074e-25 2.460344321461e-25 7.858882088283e-26 2.501302311793e-26 7.927506341022e-27 2.500525430664e-27
2.724251627668e+00 2.983336831949e+00 3.220293527835e+00 3.427564040123e+00 3.598694454704e+00 3.728696381119e+00 3.814285854888e+00 3.853984612172e+00 3.848085974511e+00 3.798502309293e+00 3.708522129056e+00 3.582510285556e+00 3.425585194765e+00 3.243303000255e+00 3.041371512383e+00 2.825408648390e+00 2.600752021810e+00 2.372319634961e+00 2.144516944466e+00 1.921182823554e+00 1.705566142922e+00 1.500325214380e+00 1.307543652113e+00 1.128757849421e+00 9.649929007413e-01 8.168049266187e-01 6.843286249572e-01 5.673291560552e-01 4.652575017878e-01 3.773081635450e-01 3.024777902294e-01 2.396230196778e-01 1.875156968153e-01 1.448936416758e-01 1.105053669672e-01 8.314750908216e-02 6.169422457803e-02 4.511832783695e-02 3.250445692346e-02 2.305499956919e-02 1.608983532419e-02 1.104115260680e-02 7.444665242231e-03 4.928505597045e-03 3.200934283813e-03 2.037813057824e-03 1.270567834483e-03 7.751500720635e-04 4.623058601543e-04 2.692944613596e-04 1.530668974827e-04 8.482045207273e-05 4.578348536285e-05 2.405189660585e-05 1.228827130618e-05 6.101453204538e-06 2.942481341365e-06 1.377562389596e-06 6.258245947837e-07 2.758143556642e-07 1.179071728481e-07 4.889004923548e-08 1.966622632802e-08 7.676703312213e-09 2.909292439758e-09 1.071126054571e-09 3.834375977364e-10 1.335952293913e-10 4.535794083920e-11 1.502761000863e-11 4.866241869616e-12 1.542917441065e-12 4.799536182442e-13 1.467939649614e-13 4.424792978432e-14 1.317799738539e-14 3.888085168418e-15 1.139612218485e-15 3.327691123821e-16 9.707712683566e-17 2.836981374696e-17 8.326195493950e-18 2.459396772678e-18 7.324062786666e-19 2.201593223798e-19 6.684274443748e-20 2.049872851752e-20 6.346804086910e-21 1.982242652081e-21 6.237615759215e-22 1.974908791510e-22 6.282241310046e-23 2.004916696787e-23 6.410553780547e-24 2.050973256540e-24 6.558278782439e-25 2.093823458823e-25 6.668352229601e-26 2.116812916268e-26 6.693192684064e-27 2.106742386046e-27
2.657481379761e+00 2.919596480755e+00 3.161945276586e+00 3.377017339330e+00 3.558293940935e+00 3.700607617661e+00 3.800386381130e+00 3.855767308475e+00 3.866580860778e+00 3.834221600608e+00 3.761431614243e+00 3.652028388997e+00 3.510609274593e+00 3.342260531419e+00 3.152292624157e+00 2.946015115374e+00 2.728557199040e+00 2.504733366759e+00 2.278949662331e+00 2.055143318135e+00 1.836748367833e+00 1.626680312531e+00 1.427334576100e+00 1.240595155986e+00 1.067851448891e+00 9.100223979590e-01 7.675877242083e-01 6.406261863704e-01 5.288605134709e-01 4.317082074397e-01 3.483368016282e-01 2.777216551314e-01 2.187039978843e-01 1.700468317314e-01 1.304863953599e-01 9.877727009958e-02 7.372970361546e-02 5.423835946830e-02 3.930232943641e-02 2.803683414135e-02 1.967751040569e-02 1.357851535962e-02 9.205850076926e-03 6.127332135438e-03 4.000552156042e-03 2.559969324665e-03 1.604072446919e-03 9.832904746570e-04 5.891052702280e-04 3.446172400156e-04 1.966502510021e-04 1.093584171329e-04 5.921195001733e-05 3.118773212961e-05 1.596681016532e-05 7.939370142059e-06 3.831757133301e-06 1.793937014503e-06 8.143578367368e-07 3.583253132606e-07 1.527945247937e-07 6.313695817230e-08 2.528427366593e-08 9.815800516563e-09 3.695750197608e-09 1.350372228775e-09 4.792176590617e-10 1.653406095804e-10 5.552892013613e-11 1.817881580557e-11 5.810606214774e-12 1.816682943860e-12 5.566986411683e-13 1.675767375212e-13 4.967225483301e-14 1.453631191158e-14 4.211525581506e-15 1.211522619815e-15 3.470798343736e-16 9.932062904838e-17 2.847320952195e-17 8.200005290499e-18 2.378099857354e-18 6.959042553079e-19 2.057774291393e-19 6.153617554440e-20 1.861350722050e-20 5.692676329654e-21 1.758767408342e-21 5.482264606758e-22 1.721587411946e-22 5.437872506754e-23 1.724932112259e-23 5.486558737322e-24 1.747447869197e-24 5.565890157267e-25 1.770936447575e-25 5.623165778543e-26 1.780309012738e-26 5.615948758864e-27 1.763941790402e-27
2.574927662891e+00 2.838364652923e+00 3.084579785888e+00 3.306183899436e+00 3.496660634858e+00 3.650719538230e+00 3.764541952426e+00 3.835904345306e+00 3.864179537425e+00 3.850230300525e+00 3.796219874335e+00 3.705369278206e+00 3.581691460065e+00 3.429728615997e+00 3.254312408338e+00 3.060359307577e+00 2.852706007068e+00 2.635984025650e+00 2.414528584431e+00 2.192315009692e+00 1.972915653993e+00 1.759471345582e+00 1.554673067216e+00 1.360751510178e+00 1.179473699917e+00 1.012147057928e+00 8.596318670861e-01 7.223630186141e-01 6.003815317125e-01 4.933754969794e-01 4.007293037961e-01 3.215791485360e-01 2.548722342731e-01 1.994267236011e-01 1.539894845200e-01 1.172889369866e-01 8.808082750435e-02 6.518543809818e-02 4.751549345205e-02 3.409476147185e-02 2.406798256217e-02 1.670324961532e-02 1.138826831057e-02 7.622055366875e-03 5.003603771360e-03 3.218893859744e-03 2.027402761008e-03 1.249002272810e-03 7.518723741755e-04 4.418178911784e-04 2.531742853979e-04 1.413306061507e-04 7.678336419182e-05 4.056052630848e-05 2.081424672245e-05 1.036773938662e-05 5.009059122201e-06 2.345862316113e-06 1.064382771379e-06 4.677046190726e-07 1.989820349958e-07 8.195582562171e-08 3.268099056252e-08 1.262003153517e-08 4.721225760164e-09 1.712142565084e-09 6.023699774664e-10 2.058072999071e-10 6.836892817258e-11 2.211445082201e-11 6.976303025566e-12 2.150368199559e-12 6.489917360172e-13 1.922196883576e-13 5.601097680284e-14 1.610036327289e-14 4.578628026932e-15 1.292080454200e-15 3.629648985826e-16 1.018236314915e-16 2.861624995952e-17 8.080936733351e-18 2.299185874036e-18 6.606006206974e-19 1.919987169241e-19 5.650744426620e-20 1.684654645366e-20 5.085985007044e-21 1.553504581940e-21 4.794584332326e-22 1.492787887140e-22 4.680629842999e-23 1.475413369729e-23 4.667683540130e-24 1.479778007481e-24 4.694554845709e-25 1.488537027499e-25 4.712207491594e-26 1.487932225652e-26 4.682587599058e-27 1.467679453559e-27
2.477799417862e+00 2.740782686150e+00 2.989224783215e+00 3.215932615144e+00 3.414462918393e+00 3.579464665618e+00 3.706922842718e+00 3.794288423379e+00 3.840494398757e+00 3.845871140743e+00 3.811983897014e+00 3.741420379769e+00 3.637556381989e+00 3.504323801272e+00 3.345998958747e+00 3.167021972102e+00 2.971851031940e+00 2.764849876251e+00 2.550203338467e+00 2.331854096821e+00 2.113454025756e+00 1.898324805392e+00 1.689424360691e+00 1.489317840188e+00 1.300153569371e+00 1.123645685360e+00 9.610656174830e-01 8.132445690047e-01 6.805884563462e-01 5.631057566927e-01 4.604475990009e-01 3.719582449550e-01 2.967332350009e-01 2.336818190366e-01 1.815900738776e-01 1.391812258532e-01 1.051701678749e-01 7.830986092231e-02 5.742816747865e-02 4.145454071356e-02 2.943681374574e-02 2.054899736629e-02 1.409147001913e-02 9.485204003078e-03 6.261737706269e-03 4.050506006947e-03 2.564931122500e-03 1.588402553862e-03 9.609817323605e-04 5.673884844955e-04 3.265830020736e-04 1.830598959069e-04 9.982219277992e-05 5.290036728832e-05 2.721912474371e-05 1.358593366809e-05 6.572904630573e-06 3.080162899576e-06 1.397283054601e-06 6.133259229590e-07 2.604103704042e-07 1.069341858456e-07 4.246882490145e-08 1.631552052383e-08 6.065579180412e-09 2.183403051570e-09 7.615965972250e-10 2.576779066654e-10 8.466757367299e-11 2.705629362381e-11 8.422722274502e-12 2.559118025684e-12 7.605039629353e-13 2.215664091558e-13 6.344713583282e-14 1.790742723651e-14 4.996453628568e-15 1.382513600975e-15 3.806168352213e-16 1.046129512227e-16 2.880240656120e-17 7.969558444739e-18 2.222824828680e-18 6.265592362483e-19 1.788439636930e-19 5.176142188022e-20 1.519814339791e-20 4.526214367559e-21 1.366038573613e-21 4.172309488459e-22 1.287456466205e-22 4.006033405320e-23 1.254565189619e-23 3.947032067681e-24 1.245398551692e-24 3.934972105441e-25 1.243323136927e-25 3.923962007905e-26 1.235729130783e-26 3.879725263036e-27 1.213482067353e-27
2.367584789678e+00 2.628304839706e+00 2.877249993299e+00 3.107496795271e+00 3.312747638702e+00 3.487658299033e+00 3.628075654126e+00 3.731170996939e+00 3.795468162746e+00 3.820778749555e+00 3.808065657910e+00 3.759260837658e+00 3.677063150203e+00 3.564738720128e+00 3.425939722419e+00 3.264550925974e+00 3.084566430273e+00 2.889994102999e+00 2.684781980705e+00 2.472759579972e+00 2.257587528305e+00 2.042710603046e+00 1.831311370419e+00 1.626264084608e+00 1.430090368941e+00 1.244919676810e+00 1.072458106783e+00 9.139690494522e-01 7.702684004077e-01 6.417358460502e-01 5.283423089824e-01 4.296921644551e-01 3.450775360224e-01 2.735410600287e-01 2.139429404869e-01 1.650280494041e-01 1.254891594587e-01 9.402307729459e-02 6.937735885692e-02 5.038630398848e-02 3.599592685453e-02 2.527846722194e-02 1.743767964942e-02 1.180656718671e-02 7.839420224799e-03 5.100005178065e-03 3.247574971837e-03 2.022100445897e-03 1.229804298018e-03 7.297609995573e-04 4.220375593445e-04 2.376081177937e-04 1.300863186070e-04 6.918254470092e-05 3.570358271252e-05 1.786331770536e-05 8.657021473254e-06 4.060648443576e-06 1.842288919793e-06 8.080302270279e-07 3.424842265233e-07 1.402496480935e-07 5.548704454721e-08 2.121147582777e-08 7.837650185887e-09 2.800738020420e-09 9.686351112894e-10 3.245453465351e-10 1.054736448919e-10 3.329611278122e-11 1.022715712024e-11 3.062407458496e-12 8.958942099257e-13 2.566722541537e-13 7.220619723093e-14 2.000265506896e-14 5.473398944427e-15 1.484251337143e-15 4.002535537622e-16 1.077175150270e-16 2.903501952130e-17 7.866300206561e-18 2.149127857677e-18 5.938206947835e-19 1.663246717284e-19 4.729932740014e-20 1.366720737999e-20 4.012344604187e-21 1.195778944365e-21 3.612594065539e-22 1.104354386141e-22 3.409036746485e-23 1.060425785954e-23 3.317240579581e-24 1.041620186092e-24 3.277536239068e-25 1.031927093452e-25 3.246810412106e-26 1.019747533803e-26 3.194089828090e-27 9.969452699572e-28
2.246013697722e+00 2.502663360096e+00 2.750336158440e+00 2.982448644079e+00 3.192921272822e+00 3.376487156511e+00 3.528920003787e+00 3.647167027751e+00 3.729386132353e+00 3.774898474642e+00 3.784076097938e+00 3.758188790474e+00 3.699233976892e+00 3.609769912647e+00 3.492766548600e+00 3.351481486633e+00 3.189362410853e+00 3.009972343795e+00 2.816931245694e+00 2.613866417525e+00 2.404364994863e+00 2.191923518444e+00 1.979892268999e+00 1.771414581340e+00 1.569363626683e+00 1.376280887595e+00 1.194321217183e+00 1.025209541327e+00 8.702133340741e-01 7.301337779541e-01 6.053167509830e-01 4.956830122157e-01 4.007752811459e-01 3.198185350724e-01 2.517889614089e-01 1.954865940453e-01 1.496068143520e-01 1.128064658611e-01 8.376125596260e-02 6.121224557013e-02 4.400039649673e-02 3.108923700287e-02 2.157660505592e-02 1.469706588233e-02 9.816964662338e-03 6.424175483058e-03 4.114500673418e-03 2.576420378801e-03 1.575559319499e-03 9.398820270358e-04 5.462912426172e-04 3.090122841824e-04 1.699104808235e-04 9.071134963770e-05 4.697037513179e-05 2.356454563924e-05 1.144337594108e-05 5.374526149387e-06 2.439489377415e-06 1.069474428669e-06 4.526470077881e-07 1.849027382194e-07 7.289133675156e-08 2.773290338282e-08 1.018657996209e-08 3.614061050846e-09 1.239409526462e-09 4.112502334951e-10 1.321885043027e-10 4.122004736094e-11 1.249079601973e-11 3.685425319362e-12 1.061108435789e-12 2.988647206130e-13 8.256735278309e-14 2.244101963201e-14 6.019500648115e-15 1.598967037626e-15 4.221236173484e-16 1.111689465123e-16 2.931737291087e-17 7.771471049462e-18 2.078154120878e-18 5.624051350492e-19 1.544442191431e-19 4.311920295822e-20 1.225145723104e-20 3.542932706807e-21 1.041992706971e-21 3.112136549731e-22 9.421047959029e-23 2.884197878485e-23 8.909275341088e-24 2.770688121786e-24 8.657009277446e-25 2.712575382206e-25 8.509940813178e-26 2.669284673024e-26 8.361179381231e-27 2.612779138419e-27 8.138143439471e-28
2.115012045348e+00 2.365824127994e+00 2.610433856987e+00 2.842662863245e+00 3.056719832642e+00 3.247487008851e+00 3.410734660532e+00 3.543250082507e+00 3.642880250444e+00 3.708498640665e+00 3.739914340624e+00 3.737745912062e+00 3.703281940324e+00 3.638346655370e+00 3.545183188061e+00 3.426360505227e+00 3.284703951670e+00 3.123244757482e+00 2.945181061122e+00 2.753842262396e+00 2.552649355926e+00 2.345066054375e+00 2.134538239442e+00 1.924422336884e+00 1.717905727814e+00 1.517924394364e+00 1.327084100574e+00 1.147591595491e+00 9.812017427473e-01 8.291850300234e-01 6.923180598132e-01 5.708975405098e-01 4.647761498427e-01 3.734169005944e-01 2.959612325915e-01 2.313053096569e-01 1.781787961675e-01 1.352207994817e-01 1.010485183424e-01 7.431531516727e-02 5.375626430232e-02 3.822053701362e-02 2.669113904535e-02 1.829340301333e-02 1.229421547849e-02 8.094221905375e-03 5.215244915306e-03 3.284942655837e-03 2.020399410293e-03 1.211952987628e-03 7.081777747607e-04 4.025955423688e-04 2.223970707687e-04 1.192326630627e-04 6.196664946191e-05 3.118417793617e-05 1.518014546963e-05 7.141311496841e-06 3.244044508875e-06 1.422027156849e-06 6.011921129605e-07 2.450465872690e-07 9.628089336825e-08 3.646702529941e-08 1.331786078688e-08 4.691863069786e-09 1.595651693369e-09 5.243537327445e-10 1.666961096484e-10 5.134227372687e-11 1.534691844955e-11 4.460945994617e-12 1.263779581222e-12 3.498230600955e-13 9.487820421204e-14 2.528980434120e-14 6.646818882542e-15 1.728630986469e-15 4.465126525526e-16 1.150022652911e-16 2.965278062873e-17 7.685278907523e-18 2.009918046909e-18 5.323151417715e-19 1.431990269840e-19 3.921639014606e-20 1.094761633281e-20 3.116191342367e-21 9.038353986655e-22 2.667298392882e-22 7.992365074803e-23 2.425836061441e-23 7.439517047967e-24 2.299683141320e-24 7.149084774208e-25 2.230556257787e-25 6.972483443639e-26 2.180278662234e-26 6.811199560550e-27 2.123467450774e-27 6.600478005674e-28
1.976649356518e+00 2.219934445518e+00 2.459713265101e+00 2.690270353461e+00 2.906168374896e+00 3.102509525780e+00 3.275133239368e+00 3.420737677731e+00 3.536924343331e+00 3.622175507780e+00 3.675781462453e+00 3.697738433348e+00 3.688637348819e+00 3.649560190392e+00 3.581994987300e+00 3.487774031376e+00 3.369034125925e+00 3.228193077921e+00 3.067934063869e+00 2.891188693277e+00 2.701110599444e+00 2.501033707482e+00 2.294412252197e+00 2.084742959040e+00 1.875472838228e+00 1.669898437598e+00 1.471064011430e+00 1.281666633116e+00 1.103975903771e+00 9.397745589371e-01 7.903244102818e-01 6.563595909390e-01 5.381066831549e-01 4.353289536606e-01 3.473900813753e-01 2.733314640123e-01 2.119566177579e-01 1.619162656480e-01 1.217884221344e-01 9.014894269165e-02 6.562945613227e-02 4.696112157673e-02 3.300407618624e-02 2.276361772604e-02 1.539500604674e-02 1.019924507394e-02 6.612345262242e-03 4.190436596065e-03 2.592788216699e-03 1.564380941808e-03 9.192457825523e-04 5.253757823049e-04 2.916696122075e-04 1.570851263729e-04 8.197044596383e-05 4.139407837496e-05 2.020654204873e-05 9.525232901046e-06 4.332090190273e-06 1.899441964515e-06 8.024123038755e-07 3.264556507998e-07 1.278794891293e-07 4.822947588973e-08 1.751621092115e-08 6.128677190627e-09 2.067199527699e-09 6.728044274611e-10 2.115451884893e-10 6.435179845200e-11 1.897217800016e-11 5.431878182000e-12 1.513765407777e-12 4.116838875098e-13 1.095739529845e-13 2.863180427754e-14 7.369921923499e-15 1.875575958433e-15 4.737511482456e-16 1.192567153948e-16 3.004468325476e-17 7.607851354472e-18 1.944396717867e-18 5.035386353000e-19 1.325797069032e-19 3.558399307769e-20 9.751600624957e-21 2.730064009983e-21 7.803802716235e-22 2.274213695970e-22 6.742238296577e-23 2.028172088155e-23 6.173765337153e-24 1.896624368086e-24 5.865729640354e-25 1.822253958214e-25 5.675469689358e-26 1.769216078326e-26 5.512340447049e-27 1.714562837520e-27 5.318647069681e-28
1.833081821593e+00 2.067264935171e+00 2.300506784484e+00 2.527603601337e+00 2.743531257570e+00 2.943679476804e+00 3.124029899737e+00 3.281266900068e+00 3.412820475148e+00 3.516850441678e+00 3.592187999232e+00 3.638253824738e+00 3.654971714387e+00 3.642692811655e+00 3.602140370263e+00 3.534378408051e+00 3.440802128454e+00 3.323143240954e+00 3.183480907623e+00 3.024248000091e+00 2.848223471378e+00 2.658503838715e+00 2.458450005869e+00 2.251609147253e+00 2.041614897631e+00 1.832071995003e+00 1.626433644063e+00 1.427881030715e+00 1.239214388699e+00 1.062764008791e+00 9.003276776548e-01 7.531385036767e-01 6.218642734747e-01 5.066366934005e-01 4.071064011882e-01 3.225178025123e-01 2.517966328309e-01 1.936428341139e-01 1.466217603656e-01 1.092477821357e-01 8.005585501424e-02 5.765832859339e-02 4.078597012982e-02 2.831367907979e-02 1.927252320155e-02 1.285047736074e-02 8.384587643902e-03 5.347276625305e-03 3.329243327225e-03 2.020996095222e-03 1.194581011017e-03 6.866014376069e-04 3.832090061164e-04 2.074029243178e-04 1.087079780692e-04 5.510832867471e-05 2.698713047291e-05 1.275252786290e-05 5.809033668934e-06 2.548637407388e-06 1.076233680484e-06 4.371947753687e-07 1.707946671921e-07 6.415917764271e-08 2.317835588352e-08 8.055758685350e-09 2.695274574014e-09 8.688848317654e-10 2.702061684362e-10 8.117793151719e-11 2.360224056053e-11 6.654758702658e-12 1.823876609808e-12 4.871821812309e-13 1.272026343150e-13 3.256946701537e-14 8.206502215278e-15 2.042579014207e-15 5.042239843672e-16 1.239767465830e-16 3.049675560470e-17 7.539256837818e-18 1.881537137221e-18 4.760516776794e-19 1.225721605216e-19 3.221331822621e-20 8.658695480429e-21 2.382295015877e-21 6.706451341224e-22 1.928888415877e-22 5.655219574628e-23 1.685450511928e-23 5.091182470421e-24 1.554135121472e-24 4.781299621614e-25 1.478887090542e-25 4.589216025121e-26 1.426177132353e-26 4.431793895987e-27 1.375318725404e-27 4.257770258611e-28
1.686492983280e+00 1.910147759538e+00 2.135246661175e+00 2.357135738276e+00 2.571254894700e+00 2.773343349319e+00 2.959596041132e+00 3.126760848697e+00 3.272176381062e+00 3.393759072821e+00 3.489954699226e+00 3.559672385581e+00 3.602218694435e+00 3.617245920829e+00 3.604723384997e+00 3.564934408287e+00 3.498496018518e+00 3.406393867255e+00 3.290022041322e+00 3.151216427952e+00 2.992271114943e+00 2.815929414604e+00 2.625344317630e+00 2.424006980379e+00 2.215645606644e+00 2.004100709983e+00 1.793185360147e+00 1.586540962397e+00 1.387499614485e+00 1.198963608328e+00 1.023310873031e+00 8.623327091685e-01 7.172070285366e-01 5.885070834357e-01 4.762426033500e-01 3.799277327328e-01 2.986683737039e-01 2.312606640106e-01 1.762923200638e-01 1.322394084605e-01 9.755255145041e-02 7.072841000978e-02 5.036425341135e-02 3.519526042478e-02 2.411572441292e-02 1.618641944229e-02 1.063099587582e-02 6.824448577933e-03 4.276532538600e-03 2.612605356236e-03 1.553868632540e-03 8.984523343880e-04 5.042987091874e-04 2.743874483694e-04 1.445125417049e-04 7.357213637680e-05 3.615930541561e-05 1.713559243137e-05 7.821231995351e-06 3.435056805137e-06 1.450546353428e-06 5.885780213599e-07 2.293904022785e-07 8.585500879629e-08 3.086026536537e-08 1.065645549465e-08 3.537185646631e-09 1.129563645394e-09 3.474359959074e-10 1.030825296914e-10 2.955360964526e-11 8.204575067204e-12 2.210869279466e-12 5.798407895449e-13 1.484585113848e-13 3.723028149733e-14 9.178163835330e-15 2.232964067591e-15 5.383821170670e-16 1.292131805975e-16 3.101302640438e-17 7.479526024635e-18 1.821263239814e-18 4.498211149083e-19 1.131586048167e-19 2.909428190782e-20 7.663718563488e-21 2.070493293182e-21 5.736164728145e-22 1.627288026045e-22 4.715976238017e-23 1.392043125003e-23 4.171649383938e-24 1.265171244570e-24 3.871540497799e-25 1.192219781818e-25 3.686088037272e-26 1.141986957309e-26 3.539390876649e-27 1.095903971020e-27 3.386085829010e-28
1.539034532325e+00 1.750913641091e+00 1.966399875461e+00 2.181415467238e+00 2.391904923750e+00 2.594011230663e+00 2.784209152324e+00 2.959386632176e+00 3.116874397963e+00 3.254432233232e+00 3.370206032233e+00 3.462672939858e+00 3.530590889221e+00 3.572966109426e+00 3.589046569328e+00 3.578343824631e+00 3.540679794600e+00 3.476250606642e+00 3.385696394607e+00 3.270164736649e+00 3.131355789755e+00 2.971539001633e+00 2.793534404950e+00 2.600655364126e+00 2.396613680901e+00 2.185392140248e+00 1.971092966390e+00 1.757773321251e+00 1.549280364344e+00 1.349098428018e+00 1.160219749199e+00 9.850477364989e-01 8.253386155274e-01 6.821836367296e-01 5.560303647999e-01 4.467383140983e-01 3.536616584646e-01 2.757501276097e-01 2.116586632915e-01 1.598568277637e-01 1.187302400858e-01 8.666818635857e-02 6.213373001888e-02 4.371483761527e-02 3.015696363201e-02 2.037903208495e-02 1.347570676955e-02 8.709272406442e-03 5.494429308067e-03 3.378966962769e-03 2.022761087328e-03 1.176953794637e-03 6.646127909731e-04 3.636706316922e-04 1.925396140563e-04 9.848356622790e-05 4.859899944716e-05 2.310673708187e-05 1.057246280550e-05 4.650287105360e-06 1.964539584725e-06 7.965480484188e-07 3.098253263684e-07 1.155736663835e-07 4.134559907926e-08 1.418846252299e-08 4.673122210669e-09 1.478440649907e-09 4.497997495492e-10 1.317908817992e-10 3.725430615754e-11 1.018147012558e-11 2.696807315985e-12 6.942269020221e-13 1.742265671362e-13 4.277383630707e-14 1.031143516027e-14 2.450731199494e-15 5.767569837944e-16 1.350246018795e-16 3.159801069912e-17 7.428672966679e-18 1.763482443048e-18 4.248070124493e-19 1.043185069345e-19 2.621577973971e-20 6.761166638400e-21 1.792189308919e-21 4.882706583052e-22 1.365413056147e-22 3.909548867752e-23 1.142533668448e-23 3.396034409897e-24 1.023103670006e-24 3.113834268251e-25 9.546329200185e-26 2.940700069452e-26 9.082695451809e-27 2.807740772816e-27 8.674366001184e-28 2.675024546369e-28
1.392769489539e+00 1.591830078572e+00 1.796402970162e+00 2.003000271477e+00 2.208100100538e+00 2.408293808711e+00 2.600395508391e+00 2.781506146106e+00 2.949032452297e+00 3.100668879523e+00 3.234356073243e+00 3.348232005248e+00 3.440591708532e+00 3.509868231014e+00 3.554642990554e+00 3.573687635737e+00 3.566034322381e+00 3.531066273368e+00 3.468617257551e+00 3.379066797729e+00 3.263417754611e+00 3.123344374258e+00 2.961201608474e+00 2.779990275306e+00 2.583276900590e+00 2.375071650352e+00 2.159672017647e+00 1.941483310704e+00 1.724829495616e+00 1.513768798667e+00 1.311928066219e+00 1.122367860932e+00 9.474871853645e-01 7.889728431505e-01 6.477942062880e-01 5.242401826180e-01 4.179917332694e-01 3.282208816160e-01 2.537058150412e-01 1.929515629406e-01 1.443066656759e-01 1.060680356477e-01 7.656852784741e-02 5.424424751324e-02 3.768098815330e-02 2.564115207867e-02 1.707389283965e-02 1.111198763376e-02 7.059153116168e-03 4.371289405791e-03 2.634632557207e-03 1.543164947751e-03 8.769906207338e-04 4.827998837119e-04 2.570576069953e-04 1.321601010983e-04 6.551162919497e-05 3.126540973894e-05 1.434719111978e-05 6.322914370048e-06 2.673488921663e-06 1.083668001707e-06 4.208335110279e-07 1.565175681426e-07 5.574543892893e-08 1.901623864975e-08 6.216029908231e-09 1.948563189058e-09 5.864217652026e-10 1.696787845815e-10 4.728731551115e-11 1.272013282616e-11 3.310946509527e-12 8.363016644915e-13 2.056421958058e-13 4.940112652134e-14 1.163907936146e-14 2.700720661443e-15 6.199783608030e-16 1.414790280837e-16 3.225685789533e-17 7.386715770204e-18 1.708091662534e-18 4.009648348853e-19 9.602941378328e-20 2.356601364000e-20 5.945344912032e-21 1.544884743140e-21 4.135921325263e-22 1.139362397292e-22 3.221561155202e-23 9.317843361602e-24 2.746395345418e-24 8.217773230254e-25 2.487363416291e-25 7.591676454235e-26 2.330022727203e-26 7.174715930765e-27 2.212273662354e-27 6.819867381440e-28 2.099186779274e-28
1.249620050970e+00 1.435043253501e+00 1.627599134147e+00 1.824390415463e+00 2.022445287493e+00 2.218836701669e+00 2.410768432171e+00 2.595620980271e+00 2.770958076507e+00 2.934501448320e+00 3.084086724636e+00 3.217615831518e+00 3.333021205428e+00 3.428254243870e+00 3.501306239171e+00 3.550264515971e+00 3.573401061437e+00 3.569286095152e+00 3.536915249481e+00 3.475836625107e+00 3.386263243153e+00 3.269157110452e+00 3.126273254634e+00 2.960155591604e+00 2.774080699058e+00 2.571950535662e+00 2.358139999074e+00 2.137309632545e+00 1.914197336426e+00 1.693404962358e+00 1.479196183783e+00 1.275320745512e+00 1.084877467767e+00 9.102243903646e-01 7.529398338693e-01 6.138333917548e-01 4.930015569805e-01 3.899192576235e-01 3.035563141495e-01 2.325069586110e-01 1.751209237210e-01 1.296261609621e-01 9.423556013795e-02 6.723282703640e-02 4.703546779589e-02 3.223531183129e-02 2.161891225382e-02 1.417136891297e-02 9.067642414477e-03 5.655378741686e-03 3.432819719332e-03 2.024717721296e-03 1.158454194175e-03 6.418837033562e-04 3.438401777281e-04 1.777663038421e-04 8.855793902437e-05 4.244429303701e-05 1.954347949138e-05 8.634023531803e-06 3.655647324959e-06 1.482008339598e-06 5.748620394389e-07 2.132558641818e-07 7.564442430542e-08 2.565851829023e-08 8.326061693495e-09 2.586533473504e-09 7.700751851420e-10 2.200419521293e-10 6.045258851959e-11 1.600305284796e-11 4.092360094185e-12 1.013900361381e-12 2.441718743283e-13 5.736691135787e-14 1.320180174671e-14 2.988822221058e-15 6.687966430926e-16 1.486559279586e-16 3.299551831175e-17 7.353696763164e-18 1.654982679290e-18 3.782473517663e-19 8.826767089441e-20 2.113277485382e-20 5.210478658940e-21 1.326094836943e-21 3.485886013554e-22 9.453846314349e-23 2.638383625553e-23 7.549851487892e-24 2.206119980844e-24 6.555485642849e-25 1.973202263250e-25 5.995446084081e-26 1.833411250027e-26 5.628609250333e-27 1.731202176260e-27 5.325543630686e-28 1.636241697866e-28
1.111322050873e+00 1.282525777655e+00 1.462180090773e+00 1.647966253805e+00 1.837465916154e+00 2.028254408726e+00 2.217964281802e+00 2.404313143473e+00 2.585096696814e+00 2.758154176047e+00 2.921318358774e+00 3.072364817128e+00 3.208975112449e+00 3.328726535587e+00 3.429116929722e+00 3.507628274685e+00 3.561827403389e+00 3.589497236919e+00 3.588787892222e+00 3.558373892817e+00 3.497602164012e+00 3.406615322697e+00 3.286436220429e+00 3.139002401688e+00 2.967143366170e+00 2.774498370783e+00 2.565378074122e+00 2.344578652672e+00 2.117161659741e+00 1.888216354353e+00 1.662622882231e+00 1.444834537392e+00 1.238695175403e+00 1.047304119116e+00 8.729360544014e-01 7.170179903275e-01 5.801601429014e-01 4.622330509307e-01 3.624799081514e-01 2.796511921179e-01 2.121483052893e-01 1.581639939592e-01 1.158094875245e-01 8.322122172493e-02 5.864320852176e-02 4.048414717045e-02 2.735088063718e-02 1.806156004753e-02 1.164283107407e-02 7.315581627474e-03 4.473469897472e-03 2.657801569013e-03 1.531539257825e-03 8.544486642023e-04 4.606943829631e-04 2.396245345373e-04 1.200280179841e-04 5.780183534087e-05 2.671958587617e-05 1.183937052765e-05 5.022191675376e-06 2.037345275738e-06 7.897354518250e-07 2.923431576320e-07 1.033160841471e-07 3.485837856597e-08 1.123186688293e-08 3.458541196822e-09 1.018774290337e-09 2.874870125633e-10 7.785622121984e-11 2.027937887688e-11 5.093626728045e-12 1.237397111884e-12 2.917230232854e-13 6.699624470672e-14 1.505048972729e-14 3.322244146688e-15 7.241108203573e-16 1.566486816277e-16 3.382093339148e-17 7.329702139103e-18 1.604046834511e-18 3.566062518381e-19 8.100902792568e-20 1.890368284954e-20 4.550807182100e-21 1.133383575851e-21 2.923033330671e-22 7.799180045400e-23 2.147254325424e-23 6.076876296705e-24 1.760011335046e-24 5.193037217614e-25 1.554345282260e-25 4.701626692843e-26 1.432568152566e-26 4.385042182390e-27 1.345419030193e-27 4.130273593031e-28 1.266766809009e-28
9.793876695014e-01 1.136032182912e+00 1.302134789654e+00 1.475931045268e+00 1.655546448963e+00 1.839066237187e+00 2.024578226501e+00 2.210183441623e+00 2.393975495468e+00 2.573995401321e+00 2.748173172204e+00 2.914270121888e+00 3.069836129022e+00 3.212194558269e+00 3.338464121014e+00 3.445622536165e+00 3.530611960182e+00 3.590481148025e+00 3.622554903285e+00 3.624617701597e+00 3.595095865665e+00 3.533221486888e+00 3.439161691527e+00 3.314098737789e+00 3.160250007447e+00 2.980821787469e+00 2.779896505519e+00 2.562259291724e+00 2.333175570104e+00 2.098136301601e+00 1.862590669317e+00 1.631687166653e+00 1.410043026833e+00 1.201558659649e+00 1.009289039176e+00 8.353780436990e-01 6.810557071416e-01 5.466925943657e-01 4.319009705722e-01 3.356692975502e-01 2.565152142687e-01 1.926424722749e-01 1.420890903855e-01 1.028569026537e-01 7.301617795481e-02 5.078257464217e-02 3.456687013050e-02 2.300033405883e-02 1.494012326079e-02 9.459696843228e-03 5.829142242035e-03 3.489710942049e-03 2.026029828042e-03 1.138573030844e-03 6.181697769000e-04 3.236382063000e-04 1.630816688718e-04 7.895175959960e-05 3.665998657889e-05 1.630114893252e-05 6.931614506540e-06 2.815286947457e-06 1.091101133181e-06 4.032332314587e-07 1.420419119982e-07 4.768721647054e-08 1.526216779295e-08 4.659288786017e-09 1.358119564312e-09 3.785035058104e-10 1.010397812360e-10 2.589197219506e-11 6.386053828853e-12 1.520632515821e-12 3.507948118622e-13 7.870675657909e-14 1.724917323322e-14 3.709861305880e-15 7.870038606313e-16 1.655676026747e-16 3.474125565677e-17 7.314881282264e-18 1.555179028725e-18 3.359934675347e-19 7.422913238133e-20 1.686638140880e-20 3.960660934210e-21 9.643920898917e-22 2.438247418262e-22 6.396198783876e-23 1.736360363068e-23 4.858244728855e-24 1.394324544681e-24 4.084614625143e-25 1.215682803299e-25 3.660808416210e-26 1.111453446041e-26 3.392286232324e-27 1.038345850732e-27 3.181250152122e-28 9.740445976001e-29
8.550775927004e-01 9.970637034658e-01 1.149206805798e+00 1.310261437860e+00 1.478874858501e+00 1.653636412581e+00 1.833102082782e+00 2.015789564418e+00 2.200144649758e+00 2.384485032825e+00 2.566931911559e+00 2.745342471473e+00 2.917257002926e+00 3.079873542764e+00 3.230060080697e+00 3.364410736620e+00 3.479347846416e+00 3.571267040234e+00 3.636717780001e+00 3.672607577992e+00 3.676414709763e+00 3.646391885062e+00 3.581742444409e+00 3.482751580770e+00 3.350857539528e+00 3.188652202830e+00 2.999806265586e+00 2.788920937286e+00 2.561315130294e+00 2.322763444396e+00 2.079205236460e+00 1.836447894196e+00 1.599887878883e+00 1.374270834384e+00 1.163507697211e+00 9.705576860078e-01 7.973821937138e-01 6.449667775512e-01 5.134024928042e-01 4.020132893746e-01 3.095135043097e-01 2.341787768272e-01 1.740148473434e-01 1.269113567719e-01 9.077142991821e-02 6.361190366360e-02 4.363294376999e-02 2.925900242746e-02 1.915528477012e-02 1.222505469776e-02 7.593334637421e-03 4.582097877232e-03 2.681207805243e-03 1.518380317684e-03 8.305073495306e-04 4.378669376325e-04 2.220799122830e-04 1.081442106886e-04 5.046894989489e-05 2.253355948754e-05 9.610593035956e-06 3.910240127913e-06 1.516036349602e-06 5.596349301492e-07 1.965868042017e-07 6.570001773810e-08 2.089291895665e-08 6.325294640580e-09 1.824778582064e-09 5.023075648973e-10 1.321694412605e-10 3.331655070938e-11 8.067139173962e-12 1.882219319024e-12 4.246868966008e-13 9.303893040718e-14 1.987896768109e-14 4.162668956985e-15 8.587877865933e-16 1.755436833245e-16 3.576610741672e-17 7.309466106770e-18 1.508281050952e-18 3.163622209859e-19 6.790391834191e-20 1.500869500413e-20 3.434522953519e-21 8.168607485831e-22 2.022934812390e-22 5.213866762904e-23 1.394884715666e-23 3.857170623568e-24 1.096762829733e-24 3.189618124835e-25 9.439343379229e-26 2.829871174261e-26 8.561551371042e-27 2.605715704744e-27 7.957474954158e-28 2.433316374578e-28 7.438313425886e-29
7.393833539409e-01 8.668433776993e-01 1.004861771219e+00 1.152667219221e+00 1.309395241286e+00 1.474120565361e+00 1.645866330501e+00 1.823585880157e+00 2.006117670575e+00 2.192118565677e+00 2.379984914001e+00 2.567773399074e+00 2.753134911052e+00 2.933274261957e+00 3.104946736644e+00 3.264499446583e+00 3.407961708658e+00 3.531184168909e+00 3.630021687964e+00 3.700550375267e+00 3.739304764248e+00 3.743517724730e+00 3.711343387760e+00 3.642042750367e+00 3.536113018865e+00 3.395345158679e+00 3.222799598150e+00 3.022697035136e+00 2.800229118117e+00 2.561301726108e+00 2.312230300442e+00 2.059411659475e+00 1.808998860451e+00 1.566605101493e+00 1.337058991168e+00 1.124227762646e+00 9.309176115159e-01 7.588524800117e-01 6.087252592974e-01 4.803092285336e-01 3.726133462765e-01 2.840629227700e-01 2.126873695329e-01 1.562988106619e-01 1.126489490085e-01 7.955601666192e-02 5.499822627670e-02 3.717420664260e-02 2.453398962283e-02 1.578599058608e-02 9.886138353637e-03 6.015100742915e-03 3.548755415121e-03 2.025998099106e-03 1.116904597042e-03 5.933057932325e-04 3.030412358511e-04 1.485188497119e-04 6.970314049867e-05 3.126823719925e-05 1.338430739465e-05 5.458571957211e-06 2.118388945452e-06 7.815336026392e-07 2.739114080716e-07 9.116867996849e-08 2.881823079011e-08 8.654872235110e-09 2.471694597284e-09 6.720968612911e-10 1.743149974776e-10 4.321883163901e-11 1.027132538622e-11 2.347396469858e-12 5.177908649325e-13 1.106975911706e-13 2.304336802757e-14 4.694378918359e-15 9.410615408050e-16 1.867332780847e-16 3.690688976965e-17 7.313790968503e-18 1.463264287273e-18 2.976678072314e-19 6.200989814658e-20 1.331874868366e-20 2.967076119846e-21 6.886455878333e-22 1.669073094353e-22 4.223654532967e-23 1.113023072744e-23 3.040727530731e-24 8.564399065532e-25 2.472445726427e-25 7.275494540603e-26 2.171576228260e-26 6.547316626733e-27 1.987226515459e-27 6.055245966485e-28 1.848243595952e-28 5.641110563507e-29
6.330200759696e-01 7.463020599954e-01 8.702658030519e-01 1.004561661139e+00 1.148770030980e+00 1.302420361014e+00 1.464988301796e+00 1.635867033834e+00 1.814312838964e+00 1.999369367451e+00 2.189778626050e+00 2.383889641451e+00 2.579577169242e+00 2.774183132913e+00 2.964492473668e+00 3.146753049295e+00 3.316746168389e+00 3.469910461460e+00 3.601517293287e+00 3.706890997229e+00 3.781662114247e+00 3.822037314237e+00 3.825065807579e+00 3.788879935745e+00 3.712887282501e+00 3.597893890738e+00 3.446142605598e+00 3.261257532611e+00 3.048093835592e+00 2.812501425380e+00 2.561019643978e+00 2.300527295065e+00 2.037876801462e+00 1.779542659744e+00 1.531312222993e+00 1.298041656056e+00 1.083492519724e+00 8.902556854743e-01 7.197605661246e-01 5.723597955093e-01 4.474734744624e-01 3.437733578800e-01 2.593861429763e-01 1.920962043314e-01 1.395313414615e-01 9.931969500992e-02 6.921118771535e-02 4.716182433761e-02 3.138327618429e-02 2.036296425536e-02 1.286125255351e-02 7.892551668143e-03 4.696478104218e-03 2.704113722321e-03 1.503194594435e-03 8.049372703192e-04 4.142678768610e-04 2.044578921100e-04 9.655942237311e-05 4.354823255694e-05 1.872055355615e-05 7.657978963429e-06 2.976713290645e-06 1.098218520091e-06 3.842452578222e-07 1.274348358421e-07 4.005778503542e-08 1.193836635925e-08 3.375944737341e-09 9.069335350511e-10 2.318652064689e-10 5.653871816729e-11 1.318564475186e-11 2.950686293632e-12 6.360008590336e-13 1.326092588705e-13 2.687541720895e-14 5.322209168910e-15 1.035785859170e-15 1.993240093661e-16 3.817715720447e-17 7.328313818761e-18 1.420051876289e-18 2.798681427659e-19 5.652436782287e-20 1.178505607556e-20 2.553237840901e-21 5.777297287724e-22 1.369240086157e-22 3.399582698120e-23 8.819755227539e-24 2.379738160549e-24 6.638160449074e-25 1.902197416074e-25 5.565853035471e-26 1.654092216998e-26 4.970366716156e-27 1.504609680904e-27 4.574952249184e-28 1.393986084133e-28 4.248454052439e-29
5.364293863848e-01 6.360753425205e-01 7.462752624311e-01 8.670431825772e-01 9.983530117325e-01 1.140147816946e+00 1.292328393985e+00 1.454717268148e+00 1.626997693718e+00 1.808631023118e+00 1.998759158688e+00 2.196101641870e+00 2.398858660521e+00 2.604632288506e+00 2.810378045467e+00 3.012397822647e+00 3.206383140812e+00 3.387514632827e+00 3.550619555836e+00 3.690384217045e+00 3.801612747379e+00 3.879517944450e+00 3.920024834336e+00 3.920063482950e+00 3.877825612054e+00 3.792959749530e+00 3.666683025860e+00 3.501793623987e+00 3.302576409154e+00 3.074604379133e+00 2.824448920014e+00 2.559321418998e+00 2.286675912702e+00 2.013806303918e+00 1.747471628376e+00 1.493579028535e+00 1.256947004075e+00 1.041162411663e+00 8.485346092740e-01 6.801406481072e-01 5.359473560743e-01 4.149904446502e-01 3.155877971179e-01 2.355639440999e-01 1.724651644467e-01 1.237490842112e-01 8.693827387543e-02 5.973320925501e-02 4.008517451377e-02 2.623359764263e-02 1.671462053814e-02 1.034849858286e-02 6.213049061480e-03 3.609289474187e-03 2.024063299710e-03 1.093145542585e-03 5.672027252941e-04 2.820774705394e-04 1.341405396508e-04 6.086300832325e-05 2.629399957806e-05 1.079605456683e-05 4.206101839327e-06 1.552836718390e-06 5.427120872143e-07 1.794467238576e-07 5.612067126691e-08 1.660427035552e-08 4.650695698162e-09 1.234594616275e-09 3.111518000634e-10 7.461551589065e-11 1.707269837599e-11 3.739739459640e-12 7.872976182580e-13 1.600021677375e-13 3.154749902505e-14 6.067938482938e-15 1.145380938207e-15 2.135422812053e-16 3.959307824177e-17 7.353639598001e-18 1.378580411888e-18 2.629241071253e-19 5.142553806269e-20 1.039657993348e-20 2.188183981609e-21 4.822304780767e-22 1.116626385099e-22 2.718205404926e-23 6.939178154425e-24 1.848598670616e-24 5.106144701531e-25 1.452323239022e-25 4.225690174049e-26 1.250483024442e-26 3.745350831217e-27 1.130908168899e-27 3.431747347646e-28 1.043940463624e-28 3.177282457210e-29
4.497917653494e-01 5.365109829196e-01 6.334377730342e-01 7.408886332641e-01 8.591738214714e-01 9.886004004030e-01 1.129455703601e+00 1.281967299314e+00 1.446238525219e+00 1.622161748688e+00 1.809314680337e+00 2.006847620512e+00 2.213371709664e+00 2.426859628756e+00 2.644570896553e+00 2.863013901254e+00 3.077955732882e+00 3.284488857656e+00 3.477160289662e+00 3.650164435944e+00 3.797595022737e+00 3.913745271959e+00 3.993438911832e+00 4.032368891804e+00 4.027416488286e+00 3.976921573094e+00 3.880876236750e+00 3.741018454972e+00 3.560810499773e+00 3.345297134740e+00 3.100850509922e+00 2.834820539215e+00 2.555119393566e+00 2.269775747467e+00 1.986497086929e+00 1.712276508882e+00 1.453074566594e+00 1.213597520440e+00 9.971824623483e-01 8.057885550061e-01 6.400834988255e-01 4.996063676737e-01 3.829828155949e-01 2.881667230356e-01 2.126835057622e-01 1.538541693924e-01 1.089849429544e-01 7.551394929177e-02 5.111276124081e-02 3.374591852120e-02 2.169497625935e-02 1.355531151173e-02 8.214012850883e-03 4.816235019443e-03 2.725960800400e-03 1.485608414914e-03 7.775971837534e-04 3.899095775606e-04 1.868303300220e-04 8.534224998231e-05 3.707984604564e-05 1.529250210318e-05 5.975878038536e-06 2.209271342838e-06 7.718042895765e-07 2.545811889472e-07 7.925705904278e-08 2.329012240556e-08 6.463550098769e-09 1.695926642030e-09 4.213960333223e-10 9.937601944671e-11 2.230474743569e-11 4.780954697582e-12 9.825874393491e-13 1.945189894687e-13 3.728484094740e-14 6.959327630217e-15 1.272854935590e-15 2.296629216698e-16 4.117400909141e-17 7.390547026848e-18 1.338801296257e-18 2.467997109546e-19 4.669260352207e-20 9.142769842291e-21 1.867363734587e-21 4.004027970356e-22 9.050340741905e-23 2.158544939284e-23 5.419566687871e-24 1.425054682463e-24 3.897242228461e-25 1.100236464206e-25 3.183520702327e-26 9.381807745841e-27 2.801178661031e-27 8.437804521268e-28 2.555609946779e-28 7.762318144254e-29 2.359514071165e-29
3.730472087096e-01 4.476858863725e-01 5.320038491838e-01 6.265579138824e-01 7.319340757112e-01 8.487475179538e-01 9.776242151048e-01 1.119160166384e+00 1.273856702022e+00 1.442032846290e+00 1.623718544499e+00 1.818534881563e+00 2.025569795652e+00 2.243259540657e+00 2.469287626820e+00 2.700513917674e+00 2.932946620505e+00 3.161769101532e+00 3.381431019403e+00 3.585809587411e+00 3.768441210575e+00 3.922817128364e+00 4.042729112202e+00 4.122643911191e+00 4.158078699576e+00 4.145945623942e+00 4.084832262668e+00 3.975187474025e+00 3.819388648246e+00 3.621676384089e+00 3.387955504222e+00 3.125474860816e+00 2.842411506526e+00 2.547394955410e+00 2.249013411407e+00 1.955344820996e+00 1.673551616485e+00 1.409569511580e+00 1.167909440562e+00 9.515790284643e-01 7.621177713004e-01 5.997296474260e-01 4.634892623000e-01 3.515933947748e-01 2.616291888664e-01 1.908329632748e-01 1.363190603967e-01 9.526526868557e-02 6.504887582253e-02 4.333410026903e-02 2.811661060438e-02 1.773367474201e-02 1.084932336332e-02 6.423274007845e-03 3.670898951222e-03 2.019814148384e-03 1.067095460964e-03 5.398451650406e-04 2.608223836073e-04 1.200338054818e-04 5.249036825790e-05 2.176160036167e-05 8.536125231375e-06 3.162571489097e-06 1.105169181309e-06 3.639099559346e-07 1.128475468535e-07 3.295236707958e-08 9.064946300307e-09 2.351560824400e-09 5.761586922493e-10 1.336199344342e-10 2.941481914808e-11 6.167778782428e-12 1.236919864471e-12 2.383772418521e-13 4.438431483900e-14 8.032052369562e-15 1.421974514762e-15 2.480216650838e-16 4.294321601542e-17 7.440020403327e-18 1.300681855020e-18 2.314621215204e-19 4.230576218455e-20 8.013581762886e-21 1.586507112549e-21 3.306397854288e-22 7.288641943362e-23 1.701988028113e-23 4.200732409084e-24 1.089944272078e-24 2.950948479719e-25 8.269100268766e-26 2.379625919228e-26 6.984629478768e-27 2.079214648320e-27 6.248888637154e-28 1.889304442789e-28 5.730426310975e-29 1.739864357079e-29
3.059227521159e-01 3.694313206508e-01 4.419480254330e-01 5.242091541750e-01 6.170147860331e-01 7.212285278769e-01 8.377601772634e-01 9.675272861853e-01 1.111393439553e+00 1.270083123512e+00 1.444075359672e+00 1.633480498652e+00 1.837906787053e+00 2.056325449901e+00 2.286945068240e+00 2.527107799477e+00 2.773221305418e+00 3.020740556226e+00 3.264212666251e+00 3.497395241247e+00 3.713453870515e+00 3.905237833337e+00 4.065625016813e+00 4.187918129662e+00 4.266265992878e+00 4.296076771945e+00 4.274385956067e+00 4.200141835170e+00 4.074375513383e+00 3.900231503372e+00 3.682847609220e+00 3.429088085953e+00 3.147149666141e+00 2.846073929599e+00 2.535209520736e+00 2.223672480962e+00 1.919851684906e+00 1.630999621784e+00 1.362937620669e+00 1.119890983206e+00 9.044552779521e-01 7.176820405516e-01 5.592616881164e-01 4.277745224751e-01 3.209776772389e-01 2.360968803349e-01 1.700964475988e-01 1.199081043219e-01 8.260768401331e-02 5.553697566013e-02 3.637467802426e-02 2.316479356434e-02 1.431272821696e-02 8.559283296682e-03 4.941369425218e-03 2.746388064888e-03 1.465372143933e-03 7.484328164547e-04 3.648626207134e-04 1.693015717015e-04 7.457389031335e-05 3.110472499709e-05 1.225755499513e-05 4.554823944501e-06 1.593430495322e-06 5.241620100769e-07 1.620097734162e-07 4.703797034099e-08 1.283251287776e-08 3.292368142706e-09 7.955840144688e-10 1.814576045598e-10 3.917415205114e-11 8.033099448715e-12 1.571274299616e-12 2.945999867028e-13 5.324088330591e-14 9.332358399455e-15 1.597493319115e-15 2.690314570068e-16 4.492879494637e-17 7.503288256072e-18 1.264206354871e-18 2.168815809902e-19 3.824619699703e-20 6.999483408873e-21 1.341626602221e-21 2.714707764591e-22 5.830954221744e-23 1.332153531758e-23 3.230584610980e-24 8.269212592663e-25 2.216275055773e-25 6.164713958809e-26 1.764604407812e-26 5.159485367035e-27 1.531563633232e-27 4.593260574782e-28 1.386488415851e-28 4.199956108491e-29 1.273853796709e-29
2.479651285298e-01 3.013647183225e-01 3.629980193681e-01 4.337232507315e-01 5.144941975465e-01 6.063618963801e-01 7.104608025620e-01 8.279753727362e-01 9.600842810630e-01 1.107881102140e+00 1.272272087381e+00 1.453853611620e+00 1.652773909409e+00 1.868585981832e+00 2.100100984407e+00 2.345253852244e+00 2.600995320294e+00 2.863226013276e+00 3.126788885883e+00 3.385534783410e+00 3.632472461416e+00 3.860008300274e+00 4.060272863001e+00 4.225521651905e+00 4.348587241882e+00 4.423350507123e+00 4.445191582918e+00 4.411377655611e+00 4.321346237846e+00 4.176849148959e+00 3.981934332865e+00 3.742758479743e+00 3.467241138590e+00 3.164588567276e+00 2.844729857739e+00 2.517717111154e+00 2.193144129499e+00 1.879633920782e+00 1.584435428100e+00 1.313155844365e+00 1.069639060114e+00 8.559852150867e-01 6.726929455832e-01 5.188957935178e-01 3.926583765495e-01 2.912964755077e-01 2.116881671997e-01 1.505497483786e-01 1.046591960356e-01 7.101956715897e-02 4.696336091106e-02 3.020516302009e-02 1.885334502642e-02 1.139242518893e-02 6.646661508245e-03 3.733457637518e-03 2.012998199912e-03 1.038657892218e-03 5.112883356558e-04 2.393936772127e-04 1.063044284747e-04 4.464743889657e-05 1.769153079434e-05 6.599383886287e-06 2.313179979289e-06 7.607825289529e-07 2.345501700190e-07 6.775467211430e-08 1.834096761710e-08 4.655897641262e-09 1.109908685767e-09 2.489886948394e-10 5.271088232652e-11 1.056796128770e-11 2.015211279964e-12 3.673513348002e-13 6.438520448675e-14 1.092074551472e-14 1.805461000927e-15 2.932039469647e-16 4.716485314592e-17 7.581871474049e-18 1.229377046456e-18 2.030312419806e-19 3.449603001087e-20 6.091449409482e-21 1.129014314989e-21 2.215575742359e-22 4.632561044429e-23 1.034740081128e-23 2.464434311132e-24 6.221701781270e-25 1.650662991089e-25 4.558079792688e-26 1.297987585823e-26 3.781242781594e-27 1.119479824013e-27 3.350885239040e-28 1.009991424532e-28 3.055967613339e-29 9.260227217352e-30
1.985767231843e-01 2.429261922282e-01 2.946701051114e-01 3.547361207276e-01 4.241747450158e-01 5.041645904969e-01 5.960039427307e-01 7.010845233062e-01 8.208441974212e-01 9.566965058041e-01 1.109936227667e+00 1.281621772085e+00 1.472436984022e+00 1.682537111040e+00 1.911386332852e+00 2.157597164282e+00 2.418785231664e+00 2.691455787329e+00 2.970940296491e+00 3.251401751324e+00 3.525925375066e+00 3.786706632026e+00 4.025340793131e+00 4.233208302454e+00 4.401938696135e+00 4.523923928163e+00 4.592841807676e+00 4.604143106330e+00 4.555453481927e+00 4.446844942383e+00 4.280941270031e+00 4.062837163558e+00 3.799829950617e+00 3.500983349262e+00 3.176561580886e+00 2.837386513046e+00 2.494178037568e+00 2.156937774775e+00 1.834428545295e+00 1.533788598921e+00 1.260302692286e+00 1.017334224669e+00 8.064061668539e-01 6.274049992859e-01 4.788725804662e-01 3.583463498452e-01 2.627088411531e-01 1.885127514397e-01 1.322567244552e-01 9.059781211613e-02 6.049718539263e-02 3.930425109429e-02 2.478980050149e-02 1.514103245504e-02 8.930906031452e-03 5.072333679238e-03 2.765256066911e-03 1.442365228375e-03 7.174752084961e-04 3.392511758612e-04 1.520025628604e-04 6.434256777917e-05 2.566055156351e-05 9.617969820584e-06 3.380924328721e-06 1.112727961644e-06 3.424675713401e-07 9.850002027523e-08 2.647328161324e-08 6.652482104953e-09 1.565008411462e-09 3.453664318434e-10 7.169406995307e-11 1.405016826096e-11 2.610853828062e-12 4.624301079024e-13 7.853771265660e-14 1.287713574303e-14 2.053645539659e-15 3.211780940376e-16 4.969304242728e-17 7.677644036680e-18 1.196215374724e-18 1.898869531237e-19 3.103825877403e-20 5.280949333276e-21 9.452358267891e-22 1.796892970351e-22 3.653915416082e-23 7.973611177783e-24 1.864276386061e-24 4.641222884675e-25 1.218928434023e-25 3.341923071436e-26 9.469470827333e-27 2.749085476043e-27 8.119194496017e-28 2.426023939740e-28 7.302777772066e-29 2.207416185157e-29 6.683582958023e-30
1.570529219813e-01 1.934177592768e-01 2.363087090640e-01 2.866767936738e-01 3.456174521302e-01 4.143804119483e-01 4.943679093405e-01 5.871171990872e-01 6.942637468414e-01 8.174821639238e-01 9.584028859769e-01 1.118503689136e+00 1.298976650661e+00 1.500573084753e+00 1.723431551810e+00 1.966897185760e+00 2.229344394057e+00 2.508018791936e+00 2.798917742592e+00 3.096730974362e+00 3.394862694180e+00 3.685553638714e+00 3.960115114684e+00 4.209277489589e+00 4.423643384335e+00 4.594222217197e+00 4.713009586670e+00 4.773563854876e+00 4.771525853086e+00 4.705026702996e+00 4.574935278254e+00 4.384910220422e+00 4.141240691996e+00 3.852482893946e+00 3.528922499491e+00 3.181912961713e+00 2.823153169442e+00 2.463972937747e+00 2.114691013408e+00 1.784098542420e+00 1.479103831230e+00 1.204554512507e+00 9.632337114032e-01 7.560097485226e-01 5.821057759360e-01 4.394475553546e-01 3.250449301177e-01 2.353655143089e-01 1.666670902157e-01 1.152665568593e-01 7.773573164833e-02 5.102543607074e-02 3.252731679006e-02 2.008703836777e-02 1.198321738080e-02 6.884837450130e-03 3.797176749939e-03 2.003535049714e-03 1.007841040983e-03 4.816542348994e-04 2.179453938083e-04 9.307072445635e-05 3.739474188653e-05 1.409758197077e-05 4.974801888068e-06 1.640022982274e-06 5.043447842765e-07 1.445479801645e-07 3.859910429511e-08 9.607121714542e-09 2.231262527280e-09 4.844860492307e-10 9.862252049016e-11 1.888854037296e-11 3.418941064842e-12 5.880052069867e-13 9.668732979437e-14 1.530820666996e-14 2.352116601000e-15 3.537586211364e-16 5.256456761848e-17 7.792910710995e-18 1.164763515592e-18 1.774270127430e-19 2.785668262584e-20 4.559931417170e-21 7.871216650856e-22 1.447762166915e-22 2.860281397861e-23 6.093736168582e-24 1.398072286479e-24 3.431800725002e-25 8.922635935982e-26 2.429335939115e-26 6.851118794528e-27 1.982574630119e-27 5.842476798456e-28 1.743036559159e-28 5.240962433557e-29 1.582843845390e-29 4.789297955851e-30
1.226190398493e-01 1.520432940571e-01 1.871281360855e-01 2.288092311897e-01 2.781818032617e-01 3.365155464133e-01 4.052601290887e-01 4.860373610447e-01 5.806161979418e-01 6.908670340958e-01 8.186922457442e-01 9.659306110344e-01 1.134234380372e+00 1.324919273114e+00 1.538790027490e+00 1.775947250154e+00 2.035585274005e+00 2.315795426772e+00 2.613393716938e+00 2.923795973561e+00 3.240965493651e+00 3.557457629317e+00 3.864581150368e+00 4.152688045608e+00 4.411591295741e+00 4.631095494476e+00 4.801609509018e+00 4.914795726691e+00 4.964199004317e+00 4.945792849419e+00 4.858382109304e+00 4.703811404984e+00 4.486946498497e+00 4.215419584344e+00 3.899156073466e+00 3.549725740214e+00 3.179581280265e+00 2.801258796919e+00 2.426616321744e+00 2.066178068787e+00 1.728635952433e+00 1.420539050741e+00 1.146179492575e+00 9.076625340834e-01 7.051314294877e-01 5.371052792597e-01 4.008814297352e-01 2.929536384758e-01 2.094031400086e-01 1.462307394724e-01 9.961189505985e-02 6.607049869183e-02 4.257812522404e-02 2.659236526092e-02 1.605034554623e-02 9.332655923761e-03 5.210129282631e-03 2.782676844588e-03 1.416601761894e-03 6.848382340879e-04 3.132474081528e-04 1.350842395890e-04 5.473773006843e-05 2.077798561363e-05 7.368512558906e-06 2.435730111582e-06 7.491775409497e-07 2.141565624358e-07 5.686381031146e-08 1.402738280049e-08 3.217882827331e-09 6.876960697804e-10 1.372838309915e-10 2.569228367666e-11 4.528153495673e-12 7.557252885214e-13 1.202074816093e-13 1.835792395379e-14 2.714060664838e-15 3.919682632885e-16 5.584284273345e-17 7.930507473298e-18 1.135086408501e-18 1.656319130135e-19 2.493582562401e-20 3.920804028867e-21 6.517572259102e-22 1.158429171431e-22 2.221357737074e-23 4.617056952792e-24 1.039051368317e-24 2.514558706839e-25 6.473092312877e-26 1.750599716389e-26 4.915053442808e-27 1.418152184654e-27 4.171024126844e-28 1.242724433383e-28 3.733121742065e-29 1.126675662149e-29 3.407217358635e-30
9.446518015567e-02 1.179473320090e-01 1.462543704161e-01 1.802757576210e-01 2.210689771585e-01 2.698793784263e-01 3.281529833663e-01 3.975385581383e-01 4.798750566315e-01 5.771604898850e-01 6.914983682511e-01 8.250181734180e-01 9.797669402094e-01 1.157570201214e+00 1.359862372711e+00 1.587489523689e+00 1.840491349702e+00 2.117874169547e+00 2.417392363513e+00 2.735361216383e+00 3.066528432594e+00 3.404033482043e+00 3.739482027310e+00 4.063156483246e+00 4.364372820708e+00 4.631979049586e+00 4.854973275064e+00 5.023201444225e+00 5.128078803148e+00 5.163268067510e+00 5.125243084384e+00 5.013672093469e+00 4.831569151555e+00 4.585185497885e+00 4.283641298179e+00 3.938328544124e+00 3.562142803470e+00 3.168620834877e+00 2.771069559972e+00 2.381768728926e+00 2.011316003749e+00 1.668162297684e+00 1.358360837156e+00 1.085529271760e+00 8.510027417593e-01 6.541389296354e-01 4.927248657206e-01 3.634306467611e-01 2.622578046067e-01 1.849394601157e-01 1.272637216829e-01 8.530789925557e-02 5.558555974930e-02 3.511868876951e-02 2.145227891468e-02 1.262915525103e-02 7.140352524137e-03 3.862668469154e-03 1.991532322117e-03 9.747580908701e-04 4.511267730400e-04 1.966611373907e-04 8.045692145711e-05 3.078630896538e-05 1.098448092695e-05 3.644996550187e-06 1.122543504419e-06 3.203687358526e-07 8.466111738231e-08 2.071463531575e-08 4.696344816898e-09 9.882065927672e-10 1.934935990618e-10 3.538120200610e-11 6.069675960762e-12 9.824162367324e-13 1.510293925337e-13 2.222286416061e-14 3.156933887378e-15 4.371195609300e-16 5.960704081186e-17 8.093932504066e-18 1.107274490812e-18 1.544840908613e-19 2.226086099962e-20 3.356416556147e-21 5.364717134907e-22 9.202103258495e-23 1.710894748973e-23 3.466872558280e-24 7.650446028771e-25 1.825287000824e-25 4.653091650501e-26 1.250336872610e-26 3.496058213454e-27 1.006086363540e-27 2.954112701856e-28 8.791917724635e-29 2.639120018354e-29 7.960809062270e-30 2.406498057165e-30
7.177764085614e-02 9.025106025491e-02 1.127650626961e-01 1.401400113220e-01 1.733662735047e-01 2.136284326690e-01 2.623248715799e-01 3.210793629745e-01 3.917408792246e-01 4.763674714894e-01 5.771898396896e-01 6.965501177210e-01 8.368116259576e-01 1.000235975129e+00 1.188825282543e+00 1.404129509706e+00 1.647022490475e+00 1.917455082871e+00 2.214199975894e+00 2.534609429619e+00 2.874413607744e+00 3.227591705545e+00 3.586349292218e+00 3.941231980010e+00 4.281396744032e+00 4.595048541113e+00 4.870031773305e+00 5.094545802483e+00 5.257933714225e+00 5.351476443999e+00 5.369114010641e+00 5.308014281831e+00 5.168919049421e+00 4.956217538236e+00 4.677726523145e+00 4.344190093496e+00 3.968545757309e+00 3.565031210874e+00 3.148223362367e+00 2.732105116874e+00 2.329246608246e+00 1.950168061339e+00 1.602925984700e+00 1.292937018910e+00 1.023028226219e+00 7.936810333232e-01 6.034197738583e-01 4.492860989204e-01 3.273384830624e-01 2.331223319942e-01 1.620696475966e-01 1.098049572126e-01 7.235212471328e-02 4.625097607114e-02 2.860125015615e-02 1.705411990847e-02 9.769876162531e-03 5.356434975580e-03 2.799052137228e-03 1.388236978527e-03 6.507153062212e-04 2.870648937218e-04 1.187102673636e-04 4.584417649740e-05 1.647733976384e-05 5.495488489901e-06 1.696600986574e-06 4.839631552424e-07 1.274130418747e-07 3.094824188320e-08 6.939160325972e-09 1.438349299462e-09 2.763020630410e-10 4.936328071242e-11 8.240268632186e-12 1.292715303187e-12 1.919046150973e-13 2.717481212420e-14 3.704113845548e-15 4.909147053247e-16 6.395688950245e-17 8.287518783852e-18 1.081447401329e-18 1.439676990751e-19 1.981754099688e-20 2.860040837069e-21 4.388265491262e-22 7.254176984094e-23 1.306313197124e-23 2.578869079855e-24 5.578606963587e-25 1.312218820495e-25 3.313522678407e-26 8.849992893366e-27 2.465292825771e-27 7.078435166113e-28 2.075535515938e-28 6.171902667991e-29 1.851663521166e-29 5.583485234021e-30 1.687418264657e-30
5.376580856159e-02 6.808415021576e-02 8.572605973187e-02 1.074275339693e-01 1.340906623898e-01 1.668112875313e-01 2.069043861299e-01 2.559242397406e-01 3.156758651185e-01 3.882135769340e-01 4.758220255923e-01 5.809746214574e-01 7.062640713468e-01 8.542999258960e-01 1.027568795354e+00 1.228254520505e+00 1.458018480951e+00 1.717744549141e+00 2.007259327462e+00 2.325045651215e+00 2.667975412340e+00 3.031094855259e+00 3.407500087069e+00 3.788340683778e+00 4.162983924349e+00 4.519360369747e+00 4.844494377108e+00 5.125201426945e+00 5.348910762865e+00 5.504549531423e+00 5.583407324650e+00 5.579891010211e+00 5.492082224421e+00 5.322024905500e+00 5.075697212045e+00 4.762657821546e+00 4.395395670310e+00 3.988448457401e+00 3.557382363104e+00 3.117738875435e+00 2.684052721256e+00 2.269029173978e+00 1.882943621096e+00 1.533296406212e+00 1.224726423003e+00 9.591606021893e-01 7.361550638652e-01 5.533684153074e-01 4.070999691702e-01 2.928270949643e-01 2.056867003135e-01 1.408638833541e-01 9.387173616386e-02 6.072514878500e-02 3.802458592816e-02 2.297190478970e-02 1.334032511808e-02 7.416928789017e-03 3.931029696299e-03 1.977306103274e-03 9.396274503047e-04 4.199459612506e-04 1.757464710167e-04 6.858625162962e-05 2.486521913436e-05 8.346194526144e-06 2.586385215916e-06 7.383249253409e-07 1.938689089023e-07 4.679383008223e-08 1.038481562811e-08 2.121692869630e-09 3.999916820883e-10 6.982506401706e-11 1.133937073753e-11 1.723221016595e-12 2.468087175541e-13 3.359457163863e-14 4.387298856617e-15 5.555861892970e-16 6.901922636163e-17 8.516663744825e-18 1.057758988148e-18 1.340684094136e-19 1.759213478696e-20 2.425353897549e-21 3.566035535341e-22 5.672837291240e-23 9.883321341179e-24 1.899575736091e-24 4.027113559512e-25 9.340289740736e-26 2.337033791419e-26 6.206864774556e-27 1.723286317380e-27 4.938591777014e-28 1.446557181605e-28 4.299029289234e-29 1.289357876423e-29 3.887208797148e-30 1.174646228448e-30
3.968384790226e-02 5.061144157783e-02 6.422318149618e-02 8.116239515964e-02 1.022295862469e-01 1.284123922267e-01 1.609154463471e-01 2.011877380725e-01 2.509443411161e-01 3.121786130618e-01 3.871601782412e-01 4.784133141118e-01 5.886697692134e-01 7.207898044872e-01 8.776454132198e-01 1.061960626224e+00 1.276105817462e+00 1.521846511865e+00 1.800052633078e+00 2.110381646136e+00 2.450957959501e+00 2.818080407001e+00 3.205997298700e+00 3.606792924352e+00 4.010427775722e+00 4.404966797220e+00 4.777014499116e+00 5.112354666776e+00 5.396766682717e+00 5.616963948996e+00 5.761575685118e+00 5.822076290268e+00 5.793560208704e+00 5.675267593130e+00 5.470788231097e+00 5.187905821441e+00 4.838087216406e+00 4.435665487489e+00 3.996803198725e+00 3.538347245076e+00 3.076694511510e+00 2.626778204516e+00 2.201261570774e+00 1.809994431741e+00 1.459754685967e+00 1.154265920356e+00 8.944557954639e-01 6.788988641186e-01 5.043734079124e-01 3.664569242990e-01 2.600908453648e-01 1.800613788896e-01 1.213661939881e-01 7.946013938089e-02 5.039180070166e-02 3.085348260486e-02 1.817013102692e-02 1.024993216713e-02 5.513779298686e-03 2.815124335398e-03 1.357575841854e-03 6.153755279217e-04 2.609511378566e-04 1.030492700898e-04 3.773634005275e-05 1.276590986802e-05 3.976503090389e-06 1.137543169634e-06 2.982884619498e-07 7.162482019533e-08 1.574787645734e-08 3.173537156023e-09 5.874327044305e-10 1.002138036819e-10 1.582972152829e-11 2.329136112492e-12 3.215719100351e-13 4.202333727736e-14 5.250044698324e-15 6.340976848465e-16 7.495707245710e-17 8.788138278024e-18 1.036404095399e-18 1.247732609744e-19 1.557137610805e-20 2.046422364248e-21 2.877930984669e-22 4.398864837030e-23 7.406109339163e-24 1.384924801996e-24 2.876896425881e-25 6.580589933834e-26 1.632213183086e-26 4.312776591905e-27 1.194014876525e-27 3.416737439632e-28 1.000070888513e-28 2.971187210732e-29 8.910221528521e-30 2.686280032781e-30 8.117753151146e-31
2.884687612920e-02 3.705388892319e-02 4.738833835439e-02 6.039861233748e-02 7.677744892445e-02 9.739293072561e-02 1.233213098927e-01 1.558798408487e-01 1.966570228218e-01 2.475367587260e-01 3.107119823550e-01 3.886823369832e-01 4.842296168694e-01 6.003640197018e-01 7.402339312502e-01 9.069922066271e-01 1.103613062281e+00 1.332656185639e+00 1.595979134565e+00 1.894405921004e+00 2.227368835789e+00 2.592551409563e+00 2.985571090790e+00 3.399748522941e+00 3.826013687796e+00 4.252995411236e+00 4.667329274209e+00 5.054199283952e+00 5.398102980200e+00 5.683799680080e+00 5.897371797114e+00 6.027303654419e+00 6.065466103869e+00 6.007893157274e+00 5.855250854793e+00 5.612929006057e+00 5.290729829875e+00 4.902177352731e+00 4.463519587919e+00 3.992533151170e+00 3.507260504843e+00 3.024810279307e+00 2.560333041123e+00 2.126253887019e+00 1.731806945026e+00 1.382881132626e+00 1.082155027431e+00 8.294722091310e-01 6.223878865638e-01 4.568051591114e-01 3.276181551356e-01 2.292911862884e-01 1.563257398612e-01 1.035944876982e-01 6.654626175056e-02 4.130283326056e-02 2.467567713020e-02 1.413024474778e-02 7.719796667291e-03 4.003956616858e-03 1.961408984173e-03 9.027737407694e-04 3.884013629280e-04 1.554206283245e-04 5.757397098552e-05 1.965971124531e-05 6.165055738354e-06 1.769963544404e-06 4.641432394508e-07 1.110142541631e-07 2.420801257818e-08 4.816066065829e-09 8.758056172417e-10 1.460509256410e-10 2.243805781521e-11 3.195081368305e-12 4.248808115390e-13 5.324203510953e-14 6.353060360607e-15 7.304351961929e-16 8.198236364398e-17 9.110507472064e-18 1.017627783385e-18 1.160705646828e-19 1.374242171745e-20 1.717688702467e-21 2.305823447737e-22 3.380764081318e-23 5.494094145872e-24 9.989264001625e-25 2.033030188917e-25 4.587651528596e-26 1.128597499762e-26 2.968547731317e-27 8.199648627054e-28 2.343939615044e-28 6.858155099874e-29 2.037481557576e-29 6.110897413087e-30 1.842656479319e-30 5.569395539642e-31
2.064166940827e-02 2.670358388458e-02 3.441950809217e-02 4.424554162333e-02 5.676659640466e-02 7.272717987707e-02 9.306559542892e-02 1.189503538265e-01 1.518168184098e-01 1.934011657882e-01 2.457676591051e-01 3.113240717701e-01 3.928189691352e-01 4.933135440563e-01 6.161199366091e-01 7.646976155988e-01 9.424996833619e-01 1.152762369390e+00 1.398234094392e+00 1.680846063814e+00 2.001334862524e+00 2.358838832338e+00 2.750502799839e+00 3.171137884470e+00 3.612991341103e+00 4.065683396341e+00 4.516361180405e+00 4.950104169381e+00 5.350591020425e+00 5.701006820115e+00 5.985135416337e+00 6.188548514469e+00 6.299777070084e+00 6.311336877220e+00 6.220483669960e+00 6.029595548431e+00 5.746120829496e+00 5.382082146630e+00 4.953184584137e+00 4.477626592523e+00 3.974747801418e+00 3.463661586939e+00 2.962010743087e+00 2.484956877583e+00 2.044475765197e+00 1.648990765722e+00 1.303339627038e+00 1.009038478409e+00 7.647802145761e-01 5.670842777983e-01 4.110048029183e-01 2.908085229906e-01 2.005532762278e-01 1.345274540290e-01 8.754164412199e-02 5.508805263564e-02 3.339687100787e-02 1.942183174870e-02 1.078283812929e-02 5.685780545335e-03 2.832047977314e-03 1.325085934701e-03 5.791598534728e-04 2.351793830145e-04 8.826674961704e-05 3.047298852264e-05 9.636173752733e-06 2.781010719387e-06 7.304456613259e-07 1.742761635909e-07 3.773860954514e-08 7.419507430722e-09 1.326513326065e-09 2.163275247413e-10 3.232531280218e-11 4.453014126607e-12 5.698982805231e-13 6.839601282666e-14 7.782271683071e-15 8.500357836442e-16 9.037407635359e-17 9.494711016061e-18 1.001737930969e-18 1.079498797658e-19 1.209282092154e-20 1.433959178449e-21 1.833436220969e-22 2.574052326286e-23 4.032687971818e-24 7.124641283080e-25 1.420608315378e-25 3.163796905323e-26 7.724492670209e-27 2.023891025289e-27 5.580719825020e-28 1.594398337559e-28 4.665102995378e-29 1.386311195848e-29 4.159331961921e-30 1.254637076835e-30 3.793364564752e-31
1.453226749756e-02 1.893303280460e-02 2.459449471313e-02 3.188684168866e-02 4.129202218498e-02 5.343318766691e-02 6.910874242843e-02 8.933040579108e-02 1.153639901940e-01 1.487706677646e-01 1.914453601659e-01 2.456476006204e-01 3.140188668219e-01 3.995790906483e-01 5.056939176712e-01 6.360034279133e-01 7.943026085437e-01 9.843642214323e-01 1.209696403072e+00 1.473231220791e+00 1.776947482626e+00 2.121441721004e+00 2.505475134666e+00 2.925539266425e+00 3.375496452139e+00 3.846358957008e+00 4.326270163544e+00 4.800740698515e+00 5.253171450603e+00 5.665665502244e+00 6.020094397576e+00 6.299345219413e+00 6.488639194077e+00 6.576786721389e+00 6.557234164926e+00 6.428768613045e+00 6.195779850811e+00 5.868030036736e+00 5.459944483902e+00 4.989500019013e+00 4.476839321560e+00 3.942770097247e+00 3.407311808398e+00 2.888431860686e+00 2.401075148539e+00 1.956546519006e+00 1.562263405427e+00 1.221859325714e+00 9.355872797133e-01 7.009448462239e-01 5.134230080185e-01 3.672747141224e-01 2.562114305094e-01 1.739643918495e-01 1.146832477672e-01 7.317745512180e-02 4.502756970989e-02 2.660248148449e-02 1.501697565242e-02 8.056169028467e-03 4.083907875241e-03 1.944671345316e-03 8.646310474817e-04 3.568252062099e-04 1.359077487521e-04 4.752057650365e-05 1.518013854456e-05 4.411833814106e-06 1.162659104553e-06 2.771575617275e-07 5.968529746084e-08 1.161009421144e-08 2.042628860565e-09 3.259401570033e-10 4.737957224916e-11 6.312480192387e-12 7.769324467023e-13 8.919467546073e-14 9.661322137014e-15 1.000429702066e-15 1.005044453437e-16 9.954875401855e-18 9.891225994354e-19 1.004020820431e-19 1.061049631351e-20 1.190393328616e-21 1.446229642032e-22 1.940575107500e-23 2.927153347864e-24 5.022134074870e-25 9.811449947328e-26 2.157711260444e-26 5.232323487504e-27 1.366619990075e-27 3.764248277279e-28 1.075370593914e-28 3.147700495754e-29 9.359100671702e-30 2.809620909299e-30 8.479605987579e-31 2.565003650638e-31
1.006109620205e-02 1.319918722712e-02 1.727876888099e-02 2.259302993359e-02 2.952946054157e-02 3.859702532504e-02 5.045871083559e-02 6.596942332222e-02 8.621862663869e-02 1.125762609520e-01 1.467393638802e-01 1.907754692357e-01 2.471573571839e-01 3.187821977596e-01 4.089666883555e-01 5.214085243325e-01 6.601035702908e-01 8.292075840397e-01 1.032831716135e+00 1.274763086148e+00 1.558106675369e+00 1.884853739948e+00 2.255395313326e+00 2.668016147332e+00 3.118421745874e+00 3.599365155135e+00 4.100446699009e+00 4.608156127133e+00 5.106211335358e+00 5.576221087224e+00 5.998662948879e+00 6.354124925027e+00 6.624715657779e+00 6.795510193972e+00 6.855874270382e+00 6.800506392025e+00 6.630057891985e+00 6.351236261221e+00 5.976360889833e+00 5.522413217972e+00 5.009691243805e+00 4.460228501643e+00 3.896159677452e+00 3.338206347022e+00 2.804422417750e+00 2.309291609488e+00 1.863220905426e+00 1.472431657975e+00 1.139214156881e+00 8.624788914980e-01 6.385089458991e-01 4.617995138577e-01 3.258711115390e-01 2.239658041508e-01 1.495740603712e-01 9.678081291402e-02 6.045117614643e-02 3.629344808324e-02 2.084024224227e-02 1.138214597028e-02 5.877492600776e-03 2.851495321065e-03 1.291418647418e-03 5.424782935663e-04 2.100400220048e-04 7.451696348432e-05 2.409265055921e-05 7.065053459972e-06 1.871647000929e-06 4.465881112087e-07 9.579737012109e-08 1.846346766068e-08 3.200119613528e-09 5.000196892286e-10 7.073004423040e-11 9.112707374494e-12 1.077923410932e-12 1.182375160780e-13 1.217132934336e-14 1.192219970594e-15 1.128775382385e-16 1.050946833202e-17 9.802742021149e-19 9.341955065792e-20 9.283735267444e-21 9.824945787033e-22 1.131287953842e-22 1.447851565413e-23 2.099877055023e-24 3.496811553839e-25 6.694757456646e-26 1.454866746400e-26 3.507088515401e-27 9.138962573693e-28 2.516234683773e-28 7.191710279396e-29 2.106733230042e-29 6.269321377564e-30 1.883578368339e-30 5.688822654554e-31 1.721878812651e-31
6.846399924763e-03 9.042966575950e-03 1.192799671860e-02 1.572801966450e-02 2.074694625579e-02 2.739029663642e-02 3.619515438598e-02 4.786631678535e-02 6.331867644392e-02 8.372516100215e-02 1.105685352526e-01 1.456940419531e-01 1.913582764011e-01 2.502679805714e-01 3.256007277564e-01 4.209978916353e-01 5.405188990944e-01 6.885446351556e-01 8.696171917067e-01 1.088203511975e+00 1.348373091834e+00 1.653386204384e+00 2.005200665101e+00 2.403921867173e+00 2.847240905629e+00 3.329925149089e+00 3.843439538832e+00 4.375781312835e+00 4.911602720850e+00 5.432675440098e+00 5.918716926245e+00 6.348555763763e+00 6.701563744738e+00 6.959234325787e+00 7.106748104157e+00 7.134345594346e+00 7.038332207747e+00 6.821573574762e+00 6.493398688762e+00 6.068905673542e+00 5.567747164743e+00 5.012543035394e+00 4.427112947186e+00 3.834730971737e+00 3.256580430544e+00 2.710539807411e+00 2.210375867984e+00 1.765370839915e+00 1.380370057213e+00 1.056200742019e+00 7.903772880436e-01 5.779775238967e-01 4.125594637841e-01 2.869990630545e-01 1.941651998719e-01 1.273957191369e-01 8.078159611584e-02 4.929443950238e-02 2.880340801755e-02 1.602471113400e-02 8.435930893578e-03 4.174347387525e-03 1.928265967557e-03 8.257512094483e-04 3.255858545312e-04 1.174279342340e-04 3.850554376777e-05 1.141703405054e-05 3.046810667238e-06 7.291426701486e-07 1.560897197647e-07 2.985634023440e-08 5.104682568195e-09 7.817695808227e-10 1.076669891521e-10 1.341420056406e-11 1.524147558100e-12 1.595579786559e-13 1.558276180304e-14 1.440606555902e-15 1.281870716623e-16 1.118296749099e-17 9.758235901695e-19 8.699651267368e-20 8.101191774518e-21 8.061016429201e-22 8.772075103382e-23 1.068452555330e-23 1.487886564411e-24 2.403628045234e-25 4.511206760180e-26 9.695808556329e-27 2.325793430173e-27 6.052242511575e-28 1.666900381019e-28 4.769002470953e-29 1.398686730143e-29 4.167065922119e-30 1.253258149924e-30 3.788486637590e-31 1.147557195313e-31
4.576870952794e-03 6.085167193440e-03 8.086092754171e-03 1.075032836673e-02 1.431029086250e-02 1.908101451964e-02 2.548673658658e-02 3.409404233878e-02 4.565216543053e-02 6.114051466635e-02 8.182264458500e-02 1.093046624248e-01 1.455944978498e-01 1.931566340555e-01 2.549549709816e-01 3.344746280970e-01 4.357117656160e-01 5.631189847364e-01 7.214924628763e-01 9.157860657537e-01 1.150837996593e+00 1.430998846994e+00 1.759658238058e+00 2.138682057459e+00 2.567793185285e+00 3.043952224266e+00 3.560815994452e+00 4.108364553588e+00 4.672788530968e+00 5.236715189331e+00 5.779824153992e+00 6.279862868223e+00 6.714020596819e+00 7.060563892514e+00 7.300584005395e+00 7.419668510247e+00 7.409294678662e+00 7.267758086808e+00 7.000497937827e+00 6.619756130565e+00 6.143598329273e+00 5.594415597979e+00 4.997095281653e+00 4.377084806877e+00 3.758565190546e+00 3.162909287455e+00 2.607540132291e+00 2.105246179031e+00 1.663963479979e+00 1.286997001156e+00 9.736154802011e-01 7.199137492798e-01 5.198041171313e-01 3.659911452784e-01 2.508100350491e-01 1.668588802776e-01 1.074096077106e-01 6.662416827773e-02 3.962429610404e-02 2.246666099095e-02 1.206624835952e-02 6.095923581308e-03 2.875820279288e-03 1.257445927769e-03 5.058099856796e-04 1.858320828792e-04 6.193508518054e-05 1.861009313844e-05 5.014388248577e-06 1.206259104792e-06 2.582454742945e-07 4.911556981915e-08 8.297009255702e-09 1.246936155728e-09 1.673230689138e-10 2.016337610247e-11 2.199749444308e-12 2.195515139584e-13 2.030802997201e-14 1.767809224650e-15 1.474048272754e-16 1.200831795960e-17 9.765888208312e-19 8.112960381655e-20 7.051897998675e-21 6.573802796460e-22 6.739862271046e-23 7.794137236537e-24 1.040609033792e-24 1.630107259324e-25 3.000692570872e-26 6.385158756371e-27 1.525899734525e-27 3.969174635305e-28 1.094370135981e-28 3.135883824726e-29 9.211746686793e-30 2.748385700988e-30 8.276181292564e-31 2.504466808996e-31 7.592955001048e-32
3.004371813935e-03 4.019721787884e-03 5.379771077460e-03 7.209866377371e-03 9.683222157784e-03 1.303832168630e-02 1.760169045411e-02 2.381716017975e-02 3.228265592854e-02 4.379522575654e-02 5.940439983602e-02 8.047293437722e-02 1.087425386989e-01 1.464003427620e-01 1.961397773738e-01 2.612074111329e-01 3.454252784548e-01 4.531764104616e-01 5.893395259333e-01 7.591571059647e-01 9.680196929339e-01 1.221149568431e+00 1.523171334141e+00 1.877567985484e+00 2.286040284024e+00 2.747812873428e+00 3.258957793622e+00 3.811828097526e+00 4.394705172771e+00 4.991759766434e+00 5.583407305655e+00 6.147102978903e+00 6.658572734639e+00 7.093416323198e+00 7.428955721113e+00 7.646146715208e+00 7.731335860856e+00 7.677638805123e+00 7.485746326748e+00 7.164029857988e+00 6.727911683665e+00 6.198569929483e+00 5.601144663647e+00 4.962676484677e+00 4.310028594509e+00 3.668015578695e+00 3.057901756651e+00 2.496362892613e+00 1.994947926795e+00 1.560036213475e+00 1.193249228015e+00 8.922316875903e-01 6.516693104647e-01 4.643798553898e-01 3.223207972020e-01 2.174019204748e-01 1.420545697873e-01 8.956654438323e-02 5.422787799617e-02 3.134618639186e-02 1.718611879390e-02 8.872681452614e-03 4.280121988784e-03 1.913814185191e-03 7.868220218129e-04 2.950827008468e-04 1.001884804751e-04 3.058193717239e-05 8.340525946901e-06 2.021838235228e-06 4.339086319461e-07 8.223423876399e-08 1.375122709676e-08 2.031062047106e-09 2.658142770426e-10 3.099543123407e-11 3.246087660032e-12 3.085981901717e-13 2.699036045470e-14 2.207009251122e-15 1.719188525036e-16 1.303062482084e-17 9.836461166543e-19 7.581873191641e-20 6.125284995598e-21 5.328149924983e-22 5.129142224149e-23 5.616853398944e-24 7.178688789936e-25 1.090066674275e-25 1.969427576929e-26 4.154280470986e-27 9.903427068943e-28 2.577843131275e-28 7.120911950705e-29 2.044807093009e-29 6.018593216266e-30 1.798788211550e-30 5.424583099762e-31 1.643548008234e-31 4.987938622010e-32
1.935590840048e-03 2.605258247724e-03 3.510616552397e-03 4.741338447074e-03 6.423147606153e-03 8.731837709083e-03 1.191210608576e-02 1.630245544577e-02 2.236748907885e-02 3.073882378697e-02 4.226546574085e-02 5.807372666311e-02 7.963551480525e-02 1.088420990313e-01 1.480783019111e-01 2.002897265793e-01 2.690333193283e-01 3.584994715811e-01 4.734919348684e-01 6.193497726015e-01 8.017932382380e-01 1.026673463707e+00 1.299606175274e+00 1.625475681002e+00 2.007810361698e+00 2.448055591538e+00 2.944801063095e+00 3.493049676067e+00 4.083636796326e+00 4.702916066384e+00 5.332818808139e+00 5.951367566452e+00 6.533680696736e+00 7.053445724440e+00 7.484769893670e+00 7.804246562571e+00 7.993019420687e+00 8.038595696223e+00 7.936165671830e+00 7.689233291623e+00 7.309448683842e+00 6.815645505530e+00 6.232204211555e+00 5.586960344259e+00 4.908931327867e+00 4.226133134609e+00 3.563705652858e+00 2.942487776243e+00 2.378110709616e+00 1.880628304996e+00 1.454669171589e+00 1.100055504163e+00 8.127778038794e-01 5.861597997388e-01 4.120257918227e-01 2.817109656695e-01 1.868212842664e-01 1.197224981086e-01 7.379222463074e-02 4.349652106409e-02 2.435668627903e-02 1.286036120480e-02 6.350846546892e-03 2.908324363276e-03 1.224325403649e-03 4.697090491311e-04 1.628553584649e-04 5.062999013916e-05 1.401416895409e-05 3.432683809313e-06 7.404544173685e-07 1.401840966025e-07 2.325576318969e-08 3.381884994645e-09 4.322429827640e-10 4.880533415842e-11 4.906671651009e-12 4.439745593540e-13 3.665792824379e-14 2.808925536282e-15 2.037546987005e-16 1.431282591481e-17 9.984350909623e-19 7.106837888532e-20 5.311212291206e-21 4.292003146640e-22 3.864657823821e-23 3.996203452094e-24 4.881166475701e-25 7.182982066390e-26 1.274896882817e-26 2.669830290162e-27 6.358323274011e-28 1.658089967350e-28 4.592562685958e-29 1.322314389193e-29 3.901262085732e-30 1.168310614337e-30 3.529119247286e-31 1.070730860502e-31 3.253236303330e-32
1.223359857885e-03 1.655824943675e-03 2.245661921631e-03 3.055323664624e-03 4.173619549121e-03 5.726631189607e-03 7.892747897147e-03 1.092309452164e-02 1.516882024943e-02 2.111680640635e-02 2.943522871108e-02 4.102994684979e-02 5.711175779939e-02 7.927304790014e-02 1.095703145858e-01 1.506065518998e-01 2.056048935478e-01 2.784624799741e-01 3.737714098972e-01 4.967915796638e-01 6.533576858974e-01 8.496994118844e-01 1.092150903030e+00 1.386726232948e+00 1.738546202956e+00 2.151122223742e+00 2.625534465885e+00 3.159577994444e+00 3.746982705975e+00 4.376832446799e+00 5.033311364817e+00 5.695889904770e+00 6.340028534082e+00 6.938423629543e+00 7.462749655721e+00 7.885772410846e+00 8.183632638352e+00 8.338043160278e+00 8.338120419669e+00 8.181592917535e+00 7.875197688362e+00 7.434184566057e+00 6.880980031359e+00 6.243191287340e+00 5.551226259686e+00 4.835841073024e+00 4.125895920555e+00 3.446520600055e+00 2.817800258118e+00 2.254024628235e+00 1.763507765148e+00 1.348956025891e+00 1.008310544425e+00 7.359177882116e-01 5.238242982226e-01 3.629887991076e-01 2.442617081443e-01 1.590674130643e-01 9.980030194212e-02 5.999170011579e-02 3.432180290483e-02 1.854592896848e-02 9.385373525181e-03 4.408073978385e-03 1.903566284921e-03 7.487036336492e-04 2.657440144822e-04 8.437565878096e-05 2.377225772514e-05 5.901283207759e-06 1.283241767458e-06 2.433772591892e-07 4.015766415481e-08 5.762238899778e-09 7.204472597261e-10 7.885244555281e-11 7.612393889966e-12 6.552273660027e-13 5.099875896880e-14 3.653090425863e-15 2.459389616271e-16 1.594462113015e-17 1.022918122847e-18 6.688955548710e-20 4.600006323058e-21 3.436313383515e-22 2.881929169194e-23 2.805017724703e-24 3.268791433697e-25 4.661150857421e-26 8.137032110926e-27 1.694668428162e-27 4.038421283018e-28 1.056316226207e-28 2.936058118615e-29 8.480941226381e-30 2.509010993281e-30 7.530719998549e-31 2.279023205986e-31 6.925065590241e-32 2.106716299630e-32
7.582179797196e-04 1.031515286835e-03 1.407353049476e-03 1.928046685135e-03 2.654603524880e-03 3.674933381000e-03 5.115431610517e-03 7.157131385689e-03 1.005790110251e-02 1.418240066596e-02 2.004161849782e-02 2.834365949061e-02 4.005688315316e-02 5.648534340615e-02 7.935465988139e-02 1.109040041111e-01 1.539770510622e-01 2.121019316112e-01 2.895477898566e-01 3.913435018896e-01 5.232418958521e-01 6.916094647995e-01 9.032169002005e-01 1.164901706056e+00 1.483075487788e+00 1.863061330026e+00 2.308274304711e+00 2.819297455471e+00 3.392946966401e+00 4.021452473838e+00 4.691894255232e+00 5.386035979251e+00 6.080669136058e+00 6.748541655176e+00 7.359877969343e+00 7.884414894336e+00 8.293788297656e+00 8.564025742026e+00 8.677847733550e+00 8.626469990682e+00 8.410640527215e+00 8.040738286448e+00 7.535894010118e+00 6.922245781741e+00 6.230577681236e+00 5.493674808980e+00 4.743736066770e+00 4.010119907999e+00 3.317592368087e+00 2.685152005573e+00 2.125455582248e+00 1.644848863311e+00 1.243973999446e+00 9.188504002213e-01 6.622348373380e-01 4.650176298739e-01 3.174410162196e-01 2.100142398029e-01 1.340976726139e-01 8.219836563880e-02 4.805373911786e-02 2.658642362018e-02 1.379966679527e-02 6.656121390278e-03 2.953705068336e-03 1.193616987365e-03 4.348211132518e-04 1.414039744277e-04 4.067806866864e-05 1.026733978798e-05 2.258094284500e-06 4.303969580278e-07 7.084378597457e-08 1.005655856527e-08 1.232572698842e-09 1.309563830299e-10 1.214794414665e-11 9.943929425044e-13 7.286613621816e-14 4.867770176700e-15 3.031140249807e-16 1.805690966788e-17 1.059827580941e-18 6.330275759140e-20 3.982508662563e-21 2.734932431882e-22 2.126209500313e-23 1.941103426783e-24 2.154184581143e-25 2.976719877281e-26 5.118829849085e-27 1.062370037036e-27 2.537644563344e-28 6.666066007913e-29 1.860873053152e-29 5.395401360758e-30 1.601111498485e-30 4.817716542442e-31 1.460946719979e-31 4.446613350397e-32 1.354581858222e-32
4.606457233095e-04 6.295610148161e-04 8.636322991889e-04 1.190733508966e-03 1.651588316703e-03 2.305732550628e-03 3.240120481885e-03 4.581429527168e-03 6.513436496544e-03 9.301173668164e-03 1.332385977242e-02 1.911872925478e-02 2.743769042503e-02 3.931803115788e-02 5.616697198754e-02 7.985765213861e-02 1.128312428117e-01 1.581966887777e-01 2.198166456488e-01 3.023658932119e-01 4.113466469661e-01 5.530426133911e-01 7.343889706367e-01 9.627286745187e-01 1.245420118232e+00 1.589264303484e+00 1.999738863584e+00 2.480063250169e+00 3.030166985998e+00 3.645677525056e+00 4.317074310112e+00 5.029166275439e+00 5.761040788162e+00 6.486601860233e+00 7.175760822923e+00 7.796263671265e+00 8.316042679218e+00 8.705881098569e+00 8.942097901197e+00 9.008914206850e+00 8.900168931144e+00 8.620116506659e+00 8.183160667280e+00 7.612539342650e+00 6.938146045246e+00 6.193811138235e+00 5.414430688898e+00 4.633300189763e+00 3.879903339714e+00 3.178279341820e+00 2.546008408283e+00 1.993832595532e+00 1.525923279002e+00 1.140754316451e+00 8.324307019487e-01 5.922194106321e-01 4.100071365610e-01 2.754825074789e-01 1.789564679350e-01 1.118336679317e-01 6.680522136409e-02 3.785481794688e-02 2.016667848664e-02 1.000101005234e-02 4.568078302576e-03 1.900718313395e-03 7.124986513520e-04 2.380305333501e-04 7.014766586585e-05 1.806596951131e-05 4.033093686890e-06 7.753130641467e-07 1.277417878611e-07 1.799454638177e-08 2.167591176060e-09 2.239888026888e-10 1.998691020672e-11 1.556070059073e-12 1.072388986085e-13 6.666326423140e-15 3.826109334288e-16 2.084583665797e-17 1.113059713359e-18 6.034250958368e-20 3.450136314312e-21 2.164496444738e-22 1.551467305262e-23 1.323326656824e-24 1.395856875352e-25 1.869653360559e-26 3.173015806739e-27 6.577581122513e-28 1.577845150173e-28 4.167804957352e-29 1.169428840467e-29 3.405047064610e-30 1.013911451978e-30 3.059155629051e-31 9.297059902250e-32 2.834746518935e-32 8.648225209536e-33
2.742368706992e-04 3.762897433829e-04 5.186905413323e-04 7.192773110025e-04 1.004444233034e-03 1.413319069982e-03 2.003926287833e-03 2.862212112527e-03 4.115127145006e-03 5.949340443826e-03 8.637560529710e-03 1.257478331260e-02 1.832693617934e-02 2.669413585224e-02 3.878987815734e-02 5.613571301794e-02 8.076825926066e-02 1.153520138991e-01 1.632878944144e-01 2.288045559097e-01 3.170176376012e-01 4.339404822152e-01 5.864266293213e-01 7.820175061421e-01 1.028659018595e+00 1.334244198514e+00 1.705945921374e+00 2.149332155018e+00 2.667304553107e+00 3.258956324616e+00 3.918490502056e+00 4.634365340288e+00 5.388838329956e+00 6.158065109436e+00 6.912870272106e+00 7.620239215612e+00 8.245484881784e+00 8.754932754015e+00 9.118860456102e+00 9.314347736769e+00 9.327658251876e+00 9.155801469913e+00 8.807016491595e+00 8.300072590164e+00 7.662471019460e+00 6.927819053155e+00 6.132779088922e+00 5.314026394064e+00 4.505567803393e+00 3.736623716630e+00 3.030141617715e+00 2.401956589731e+00 1.860628322062e+00 1.407978062595e+00 1.040254623547e+00 7.497091719534e-01 5.262622264626e-01 3.589735671657e-01 2.371465481102e-01 1.510298135923e-01 9.216774322834e-02 5.349267951115e-02 2.926254952046e-02 1.493454554745e-02 7.031956807051e-03 3.018846506584e-03 1.167497468827e-03 4.019206486205e-04 1.217631863368e-04 3.211872905252e-05 7.307179451075e-06 1.422456245767e-06 2.355086104167e-07 3.304001181625e-08 3.923852293918e-09 3.953419102038e-10 3.398908180951e-11 2.518242474248e-12 1.631125594453e-13 9.416010096739e-15 4.963883208401e-16 2.461419144618e-17 1.188321440303e-18 5.806450717638e-20 2.994958966006e-21 1.704296816156e-22 1.119401623023e-23 8.881002100763e-25 8.885364504453e-26 1.154229606911e-26 1.937705269957e-27 4.022567195470e-28 9.709664040092e-29 2.582236115007e-29 7.287981595638e-30 2.132045546429e-30 6.372044024648e-31 1.928183715345e-31 5.873625311498e-32 1.794307885976e-32 5.482591028245e-33
1.599357226385e-04 2.201774782195e-04 3.047539135682e-04 4.247476878902e-04 5.967554812410e-04 8.457097831430e-04 1.209129497754e-03 1.743488357249e-03 2.533681037473e-03 3.706941510183e-03 5.453017360303e-03 8.052884491037e-03 1.191869924822e-02 1.764785385390e-02 2.609366441083e-02 3.845407290618e-02 5.637753147820e-02 8.208194491159e-02 1.184785861208e-01 1.692891480512e-01 2.391415213297e-01 3.336287049286e-01 4.593139341124e-01 6.236605069193e-01 8.348544283487e-01 1.101474382192e+00 1.431956683966e+00 1.833816535707e+00 2.312628231645e+00 2.870827782094e+00 3.506461674070e+00 4.212047700727e+00 4.973733292309e+00 5.770936289869e+00 6.576631641343e+00 7.358397019048e+00 8.080245902430e+00 8.705163533960e+00 9.198136753594e+00 9.529356239857e+00 9.677193696924e+00 9.630538073197e+00 9.390127299791e+00 8.968638506095e+00 8.389488070213e+00 7.684512165031e+00 6.890896897032e+00 6.047840448624e+00 5.193410369151e+00 4.361914636641e+00 3.581917463840e+00 2.874912977495e+00 2.254671590060e+00 1.727322725308e+00 1.292202613035e+00 9.433351793431e-01 6.712336008385e-01 4.646523760934e-01 3.120155206510e-01 2.024068236382e-01 1.261367556462e-01 7.496941306566e-02 4.212040453515e-02 2.213842469776e-02 1.075932764547e-02 4.774895575457e-03 1.909996176588e-03 6.796896456336e-04 2.124513629401e-04 5.763012263022e-05 1.341928189184e-05 2.657048590028e-06 4.440121538737e-07 6.229800848209e-08 7.321843452953e-09 7.215268470074e-10 5.990306550911e-11 4.228471671390e-12 2.573716482824e-13 1.377335139761e-14 6.646749350440e-16 2.984536363070e-17 1.294229293031e-18 5.655717797343e-20 2.609802827317e-21 1.336138732816e-22 7.984982498705e-24 5.862719957615e-25 5.551183410828e-26 6.999651413041e-27 1.165676521556e-27 2.430399827455e-28 5.915211700622e-29 1.585766455364e-29 4.505016675095e-30 1.324653380025e-30 3.974668805955e-31 1.206463351777e-31 3.684180976427e-32 1.127708464110e-32 3.451414122752e-33
9.135384544749e-05 1.260837540395e-04 1.750997900153e-04 2.450822299940e-04 3.461479844972e-04 4.936868794791e-04 7.111827320429e-04 1.034532904794e-03 1.518624756829e-03 2.247263813670e-03 3.347988053603e-03 5.013836359715e-03 7.534714420587e-03 1.134149411564e-02 1.706616613795e-02 2.562090879392e-02 3.829745304072e-02 5.688533243707e-02 8.380358856279e-02 1.222359505222e-01 1.762557108462e-01 2.509247008304e-01 3.523506989890e-01 4.876864074558e-01 6.650459608541e-01 8.932992933647e-01 1.181686412516e+00 1.539188595225e+00 1.973618574941e+00 2.490449724644e+00 3.091476688137e+00 3.773460989111e+00 4.526950811200e+00 5.335477701436e+00 6.175328473046e+00 7.016061779866e+00 7.821873608780e+00 8.553811539880e+00 9.172705577267e+00 9.642546551848e+00 9.933928048874e+00 1.002710103570e+01 9.914192414466e+00 9.600221820897e+00 9.102715218606e+00 8.449941260597e+00 7.678045627705e+00 6.827561413578e+00 5.939851674749e+00 5.053949564873e+00 4.204044828978e+00 3.417657111108e+00 2.714470428558e+00 2.105880158647e+00 1.595366120461e+00 1.179698381478e+00 8.507406265519e-01 5.974359681183e-01 4.075801473649e-01 2.691566249627e-01 1.711858453846e-01 1.041486044530e-01 6.009136065224e-02 3.253970224326e-02 1.633983784917e-02 7.509024222474e-03 3.114298808141e-03 1.149176171283e-03 3.719923053146e-04 1.042135875030e-04 2.495265567506e-05 5.050073486880e-06 8.560105010592e-07 1.206996140337e-07 1.410181412138e-08 1.364487763502e-09 1.097269114239e-10 7.393392224094e-12 4.230638407836e-13 2.096246805997e-14 9.231145667697e-16 3.734107167230e-17 1.444250391977e-18 5.596105392848e-20 2.288399537477e-21 1.044188831591e-22 5.631347975291e-24 3.804035575393e-25 3.400631435751e-26 4.167584630524e-27 6.908111666535e-28 1.451201902652e-28 3.568702714155e-29 9.655051232221e-30 2.762655096529e-30 8.167738539309e-31 2.460998153820e-31 7.494317321410e-32 2.294432142440e-32 7.037747406148e-33 2.157627027727e-33
5.109759486722e-05 7.064499255849e-05 9.835174550929e-05 1.381219188596e-04 1.959294715069e-04 2.809685968945e-04 4.074539601088e-04 5.974344022047e-04 8.851754634734e-04 1.323944364955e-03 1.996420135026e-03 3.030467667798e-03 4.622648847271e-03 7.072532881249e-03 1.083145364703e-02 1.656955398322e-02 2.526432624781e-02 3.831192544881e-02 5.765899078863e-02 8.594781312557e-02 1.266625635183e-01 1.842608086624e-01 2.642741081742e-01 3.733630049859e-01 5.193100871633e-01 7.109230814465e-01 9.577966554316e-01 1.269858670883e+00 1.656627508339e+00 2.126149677438e+00 2.683663965253e+00 3.330118824240e+00 4.060725560631e+00 4.863757197099e+00 5.719812680896e+00 6.601758842712e+00 7.475523250118e+00 8.301826685823e+00 9.038816774660e+00 9.645413500459e+00 1.008503043136e+01 1.032922177897e+01 1.036075253495e+01 1.017561660924e+01 9.783646825067e+00 9.207567753015e+00 8.480612822987e+00 7.643105388843e+00 6.738598833543e+00 5.810189486294e+00 4.897429496324e+00 4.033977073699e+00 3.245927719065e+00 2.550801983447e+00 1.957322981721e+00 1.466143500451e+00 1.071453692497e+00 7.630887674077e-01 5.286326521874e-01 3.551436700042e-01 2.303545643629e-01 1.433639735287e-01 8.491307244616e-02 4.737466675947e-02 2.459635757841e-02 1.172149802889e-02 5.051707519309e-03 1.938800832595e-03 6.524202106423e-04 1.896068250963e-04 4.691664334218e-05 9.757762367339e-06 1.687070786490e-06 2.403897818626e-07 2.806765343826e-08 2.679384902383e-09 2.095271839589e-10 1.351389561234e-11 7.279223623940e-13 3.337539769940e-14 1.337475098821e-15 4.849019892129e-17 1.660285815733e-18 5.650258859831e-20 2.025615996240e-21 8.148148401635e-23 3.927422371457e-24 2.424227771180e-25 2.040690746034e-26 2.435151960826e-27 4.033810556348e-28 8.567277810780e-29 2.133034798305e-29 5.830023333743e-30 1.681077997469e-30 4.998714759833e-31 1.512708791812e-31 4.622065109387e-32 1.418844603717e-32 4.361417187287e-33 1.339491018896e-33
2.798532602687e-05 3.872352993635e-05 5.399323934408e-05 7.600524609737e-05 1.081742720717e-04 1.558121747998e-04 2.272316063775e-04 3.355045247122e-04 5.012606760884e-04 7.571250889039e-04 1.154709850929e-03 1.775525363810e-03 2.747782832489e-03 4.271814804786e-03 6.657666329109e-03 1.037910406678e-02 1.614847703506e-02 2.501598593254e-02 3.849437441757e-02 5.870554296347e-02 8.853963979026e-02 1.318115995324e-01 1.933975116526e-01 2.793350743093e-01 3.968759089416e-01 5.544741868485e-01 7.616766400414e-01 1.028845451049e+00 1.366619569804e+00 1.785033760153e+00 2.292281694628e+00 2.893205174896e+00 3.587672568040e+00 4.369054433534e+00 5.223024702991e+00 6.126925566850e+00 7.049923408985e+00 7.954128396446e+00 8.796741780077e+00 9.533143584512e+00 1.012066499941e+01 1.052263590249e+01 1.071219021373e+01 1.067527761566e+01 1.041238874660e+01 9.938661050381e+00 9.282288118008e+00 8.481473784008e+00 7.580476276952e+00 6.625457025877e+00 5.660774583628e+00 4.726056268857e+00 3.854033068938e+00 3.069003924478e+00 2.385973193982e+00 1.810716797193e+00 1.340942833903e+00 9.683260116624e-01 6.808669740635e-01 4.650299194068e-01 3.073582729295e-01 1.955111697655e-01 1.187885389712e-01 6.826122820549e-02 3.665296848940e-02 1.813248317221e-02 8.136481933075e-03 3.257234211080e-03 1.143745353341e-03 3.464074071157e-04 8.905091243878e-05 1.914413325567e-05 3.397063993419e-06 4.922456040290e-07 5.779355468913e-08 5.474579045370e-09 4.184105674420e-10 2.593272685699e-11 1.318000160705e-12 5.593821888112e-14 2.035620101258e-15 6.582233178630e-17 1.979630999454e-18 5.855605925476e-20 1.817836616366e-21 6.364219897205e-23 2.710297901542e-24 1.516296809730e-25 1.198442467147e-26 1.395943145342e-27 2.321726815413e-28 5.003382361617e-29 1.263655685232e-29 3.492386842484e-30 1.015247785795e-30 3.036935112223e-31 9.231636206263e-32 2.830478783613e-32 8.712557716864e-33 2.684101846771e-33 8.258546127144e-34
1.500782903015e-05 2.076417234865e-05 2.896674157303e-05 4.082793196147e-05 5.823591148727e-05 8.415616356912e-05 1.232809783698e-04 1.830829631228e-04 2.755256025314e-04 4.198374321654e-04 6.469945318688e-04 1.006915142072e-03 1.579890770707e-03 2.494491789342e-03 3.955086001624e-03 6.283099836190e-03 9.976974021164e-03 1.579592548005e-02 2.487139871007e-02 3.884671896700e-02 6.003968259942e-02 9.161565196523e-02 1.377529547365e-01 2.037816506510e-01 2.962821547713e-01 4.231358878479e-01 5.935126440049e-01 8.177477852369e-01 1.107016204795e+00 1.472685816257e+00 1.925270211645e+00 2.472997352570e+00 3.120119998671e+00 3.865164778407e+00 4.699347986237e+00 5.605405085871e+00 6.557094258426e+00 7.519615638649e+00 8.451111262404e+00 9.305274177083e+00 1.003491960385e+01 1.059618720478e+01 1.095288676135e+01 1.108040249840e+01 1.096856126204e+01 1.062296372818e+01 1.006448483421e+01 9.326961258587e+00 8.453455422328e+00 7.491808937136e+00 6.490311895376e+00 5.494102926309e+00 4.542466036816e+00 3.666831416730e+00 2.889328468011e+00 2.222093308950e+00 1.667718969634e+00 1.220930568712e+00 8.710333524864e-01 6.044357866747e-01 4.067333704486e-01 2.641674842287e-01 1.644829393403e-01 9.728259951280e-02 5.401341961395e-02 2.775532727440e-02 1.298751900053e-02 5.437336613056e-03 1.999590584019e-03 6.340904496640e-04 1.702887383399e-04 3.807847867803e-05 6.982140925792e-06 1.036224469971e-06 1.232175274565e-07 1.166243374278e-08 8.766448927933e-10 5.248766511201e-11 2.526373452474e-12 9.941049546423e-14 3.281395710685e-15 9.421923868332e-17 2.469313521319e-18 6.276331580063e-20 1.663646958806e-21 4.992940057838e-23 1.852787838555e-24 9.302961634134e-26 6.881240652483e-27 7.849730617018e-28 1.317964858175e-28 2.892550191647e-29 7.423618732084e-30 2.076111677797e-30 6.086552748536e-31 1.831876835972e-31 5.594049376368e-32 1.721222485579e-32 5.312921120749e-33 1.640468787384e-33 5.056895998409e-34
7.881434447168e-06 1.089229382458e-05 1.518629003731e-05 2.140698370345e-05 3.056376374704e-05 4.425527464672e-05 6.503602626419e-05 9.702085585962e-05 1.468847666509e-04 2.255188388256e-04 3.507698609193e-04 5.519559331275e-04 8.772577672826e-04 1.405687973111e-03 2.266181634320e-03 3.667427901708e-03 5.943254857938e-03 9.619352059175e-03 1.550721480682e-02 2.482946714224e-02 3.937622064168e-02 6.168470977976e-02 9.522590119534e-02 1.445763737233e-01 2.155563688866e-01 3.153254751958e-01 4.524347399809e-01 6.368179674315e-01 8.796551351159e-01 1.192981531901e+00 1.588903593113e+00 2.078355280928e+00 2.669457649666e+00 3.365653611936e+00 4.163840881842e+00 5.052747114223e+00 6.011817170818e+00 7.010898984855e+00 8.010980704287e+00 8.966126436986e+00 9.826591675183e+00 1.054290038807e+01 1.107046997871e+01 1.137421488391e+01 1.143247889045e+01 1.123966446134e+01 1.080706177908e+01 1.016164034557e+01 9.342943547188e+00 8.398658279067e+00 7.379760948083e+00 6.336152857649e+00 5.313293368146e+00 4.349748116856e+00 3.475289454123e+00 2.709492854061e+00 2.061282988748e+00 1.529898331175e+00 1.107137453299e+00 7.801552632579e-01 5.340383373463e-01 3.537598984823e-01 2.254548253352e-01 1.370914705368e-01 7.865284712049e-02 4.198376940263e-02 2.050774434273e-02 8.998753364384e-03 3.477731842199e-03 1.160006091773e-03 3.273088596475e-04 7.663750925861e-05 1.462908753980e-05 2.241448691830e-06 2.721732793857e-07 2.595171452030e-08 1.933565630592e-09 1.126084548091e-10 5.161066131814e-12 1.889007299445e-13 5.657657321442e-15 1.437589256530e-16 3.257716869517e-18 7.028092891985e-20 1.565148008196e-21 3.954522355715e-23 1.257095481346e-24 5.596426312682e-26 3.859544423836e-27 4.330511759158e-28 7.385058247336e-29 1.656642034680e-29 4.326950235372e-30 1.225167138099e-30 3.623063911689e-31 1.097240296091e-31 3.366214803069e-32 1.039441258828e-32 3.217533628813e-33 9.957596924847e-34 3.075369175907e-34
4.053959039763e-06 5.590575305393e-06 7.781019730192e-06 1.095581142445e-05 1.563636212893e-05 2.265431993476e-05 3.334990616557e-05 4.990378380061e-05 7.589535997497e-05 1.172454634769e-04 1.838105822816e-04 2.920767302034e-04 4.696943848498e-04 7.630579627387e-04 1.249831245892e-03 2.059313286379e-03 3.404829979105e-03 5.633776254729e-03 9.302082716893e-03 1.527987054146e-02 2.489262280638e-02 4.009615779416e-02 6.367414918081e-02 9.943693710939e-02 1.523963450317e-01 2.288993961832e-01 3.367213570015e-01 4.851256020766e-01 6.848659590471e-01 9.480320156776e-01 1.287569066067e+00 1.716319701444e+00 2.245555775714e+00 2.883122173887e+00 3.631404996557e+00 4.485362626863e+00 5.430880326922e+00 6.443749235880e+00 7.489584724955e+00 8.524940379930e+00 9.499735430173e+00 1.036091683716e+01 1.105705686859e+01 1.154338274871e+01 1.178658662939e+01 1.176870436641e+01 1.148940234270e+01 1.096619010895e+01 1.023239877361e+01 9.333222560300e+00 8.320620008854e+00 7.248180472932e+00 6.166901528161e+00 5.122162841177e+00 4.151488070712e+00 3.282634950369e+00 2.532221502221e+00 1.905647452906e+00 1.398716997438e+00 1.000456732335e+00 6.961424310564e-01 4.698137648950e-01 3.060509531886e-01 1.910557677898e-01 1.131332866680e-01 6.269613873568e-02 3.198294045675e-02 1.473352144233e-02 6.001969286475e-03 2.115118235329e-03 6.306666869481e-04 1.557060317483e-04 3.119096064586e-05 4.977587548384e-06 6.230217064218e-07 6.042258659292e-08 4.504628431307e-09 2.574447711493e-10 1.132053473674e-11 3.875299902423e-13 1.055679325212e-14 2.369550784257e-16 4.610148004527e-18 8.333091074046e-20 1.530684453585e-21 3.185593231624e-23 8.492373557422e-25 3.300820750930e-26 2.112903920328e-27 2.344840357840e-28 4.089110256094e-29 9.407509259373e-30 2.503532893889e-30 7.179464660629e-31 2.141765598949e-31 6.526948523263e-32 2.011717777049e-32 6.234191335983e-33 1.935259924054e-33 6.003137209696e-34 1.857630298495e-34
2.043029233234e-06 2.808316742506e-06 3.897198694391e-06 5.473851707524e-06 7.798420529478e-06 1.128817821088e-05 1.662029846013e-05 2.490606897782e-05 3.798843848591e-05 5.895328390855e-05 9.301161769899e-05 1.490249816923e-04 2.421414856802e-04 3.983344258615e-04 6.621588761354e-04 1.109850797550e-03 1.871068733393e-03 3.164131656328e-03 5.351352602651e-03 9.022427159302e-03 1.511364273259e-02 2.506723327691e-02 4.102704470725e-02 6.605439490467e-02 1.043366291857e-01 1.613599459527e-01 2.440350642013e-01 3.607905966773e-01 5.216512589646e-01 7.382593877671e-01 1.023691154028e+00 1.391852110525e+00 1.856303407186e+00 2.428547630067e+00 3.115959251277e+00 3.919597974740e+00 4.832150513245e+00 5.836286388018e+00 6.903768826437e+00 7.995661996940e+00 9.063884011476e+00 1.005418094468e+01 1.091037098341e+01 1.157946856641e+01 1.201709071153e+01 1.219241185897e+01 1.209189943397e+01 1.172114768252e+01 1.110435424719e+01 1.028138040110e+01 9.302894586560e+00 8.224671006453e+00 7.102356103181e+00 5.987582899413e+00 4.925342353556e+00 3.951836839277e+00 3.092429678690e+00 2.360362930200e+00 1.757261193216e+00 1.275527671084e+00 9.016550191978e-01 6.193329014872e-01 4.118129224476e-01 2.634862555918e-01 1.607693006624e-01 9.238845432992e-02 4.920412333886e-02 2.381909091769e-02 1.025300774377e-02 3.832966964709e-03 1.214595146666e-03 3.184766560606e-04 6.752292282037e-05 1.133221744392e-05 1.477557485159e-06 1.473833371069e-07 1.112000424345e-08 6.306168514479e-10 2.687790819157e-11 8.678178878531e-13 2.161814086603e-14 4.289935282131e-16 7.127301547568e-18 1.065457523653e-19 1.581026550279e-21 2.639265446805e-23 5.742296777081e-25 1.909729194476e-26 1.128311082350e-27 1.247230454217e-28 2.240264054479e-29 5.301582105806e-30 1.438632412229e-30 4.178965460665e-31 1.257591288963e-31 3.856346975382e-32 1.194101998480e-32 3.713705713882e-33 1.156127028907e-33 3.594663038808e-34 1.114514670735e-34
1.009196265001e-06 1.381224828617e-06 1.908800456817e-06 2.670775667316e-06 3.792466964627e-06 5.475710337274e-06 8.049836065708e-06 1.205904607197e-05 1.841363650625e-05 2.865390794622e-05 4.541387030769e-05 7.323999855546e-05 1.200406648359e-04 1.996516032229e-04 3.363606768525e-04 5.728277801678e-04 9.837747425592e-04 1.699215624495e-03 2.942876336119e-03 5.093582641725e-03 8.779009515896e-03 1.501070218865e-02 2.536440997753e-02 4.219869993743e-02 6.888901824573e-02 1.100419906772e-01 1.716597880326e-01 2.612547375968e-01 3.879504323410e-01 5.625941131251e-01 7.978042502398e-01 1.107735676691e+00 1.507303705909e+00 2.010754038003e+00 2.629691522706e+00 3.370806730921e+00 4.233543745409e+00 5.207962371325e+00 6.273120388873e+00 7.396363424969e+00 8.533883000148e+00 9.632772749502e+00 1.063460243813e+01 1.148027452853e+01 1.211567354313e+01 1.249741278848e+01 1.259786571789e+01 1.240866319900e+01 1.194195846226e+01 1.122904127252e+01 1.031637405240e+01 9.259812642219e+00 8.118419694136e+00 6.949366379063e+00 5.804574165006e+00 4.728448881157e+00 3.755612152082e+00 2.908608963806e+00 2.196895249744e+00 1.618171969759e+00 1.161589391486e+00 8.113943806245e-01 5.499727157008e-01 3.600151605331e-01 2.258973285185e-01 1.343684565048e-01 7.462728141558e-02 3.796556466034e-02 1.729732109778e-02 6.883630984227e-03 2.330644230520e-03 6.537185695476e-04 1.480069387423e-04 2.639621148293e-05 3.627380136266e-06 3.768961860681e-07 2.916727794329e-08 1.663935350463e-09 6.966578440406e-11 2.147425736963e-12 4.938672387299e-14 8.707652458107e-16 1.232814037557e-17 1.506383092500e-19 1.764932068022e-21 2.287778719089e-23 3.920416032314e-25 1.085473264926e-26 5.875407996668e-28 6.525672538064e-29 1.216252432037e-29 2.967624932847e-30 8.214429217722e-31 2.416808180752e-31 7.335874532113e-32 2.263339127186e-32 7.040470676297e-33 2.197405990740e-33 6.860319897488e-34 2.138024511890e-34 6.641895937170e-35
4.888992005547e-07 6.654981033557e-07 9.147192354664e-07 1.273175062897e-06 1.799136309755e-06 2.586689171781e-06 3.789923885684e-06 5.664779234934e-06 8.642277101843e-06 1.345805840308e-05 2.138364264019e-05 3.464248095080e-05 5.716275888400e-05 9.594400217165e-05 1.635387333173e-04 2.825440316025e-04 4.936680222549e-04 8.700274354792e-04 1.541994831125e-03 2.739198547871e-03 4.858896977559e-03 8.571877113815e-03 1.497610378220e-02 2.580144663674e-02 4.365370713532e-02 7.226588417355e-02 1.167122011606e-01 1.835559875473e-01 2.809522851478e-01 4.187708051208e-01 6.087638216546e-01 8.646414212682e-01 1.201747925755e+00 1.636057428123e+00 2.182453367298e+00 2.852501503484e+00 3.651982758390e+00 4.578417362293e+00 5.618855139349e+00 6.748314761909e+00 7.929306323056e+00 9.112806546750e+00 1.024088432482e+01 1.125092727469e+01 1.208113777087e+01 1.267670134232e+01 1.299583322806e+01 1.301481523907e+01 1.273115756857e+01 1.216417340574e+01 1.135259426974e+01 1.034947246427e+01 9.215481530116e+00 8.012427598691e+00 6.798575200441e+00 5.625963074052e+00 4.538330364300e+00 3.568440513344e+00 2.735546150360e+00 2.044957523636e+00 1.490431660193e+00 1.058102350210e+00 7.302633148022e-01 4.882393134044e-01 3.143454215329e-01 1.930801542493e-01 1.116089275775e-01 5.961436665990e-02 2.876629400191e-02 1.221843667549e-02 4.441329985188e-03 1.341912497810e-03 3.273948020542e-04 6.273427107784e-05 9.202501805873e-06 1.010279260127e-06 8.144547537780e-08 4.751629128366e-09 1.987720352436e-10 5.948081425597e-12 1.282104511442e-13 2.031188647843e-15 2.460367992759e-17 2.438585495726e-19 2.203784876336e-21 2.132326713868e-23 2.743445226070e-25 6.082025928723e-27 2.983712421961e-28 3.364982733938e-29 6.554204176024e-30 1.651408770669e-30 4.662517057081e-31 1.389041471402e-31 4.251812570655e-32 1.319702684622e-32 4.123648937724e-33 1.291561330107e-33 4.043683051864e-34 1.263163049209e-34 3.931814021050e-35
2.324317652529e-07 3.143330207636e-07 4.291722848377e-07 5.933823159391e-07 8.331134200374e-07 1.190623182687e-06 1.735252588999e-06 2.582549215910e-06 3.928039438308e-06 6.107636642109e-06 9.706966469426e-06 1.576129114326e-05 2.612433111170e-05 4.415324115990e-05 7.598600057955e-05 1.329257874968e-04 2.358782893560e-04 4.235450941063e-04 7.673460369760e-04 1.398031970509e-03 2.551746740384e-03 4.646547502591e-03 8.402722367891e-03 1.501866810630e-02 2.640429918567e-02 4.545324897332e-02 7.630916152869e-02 1.245708413846e-01 1.974142697037e-01 3.036863715232e-01 4.540732819794e-01 6.613496252909e-01 9.404718610867e-01 1.308109090630e+00 1.781348059813e+00 2.375661600319e+00 3.102435325044e+00 3.966308482849e+00 4.962546245822e+00 6.074765601908e+00 7.273467901743e+00 8.515853384169e+00 9.747284209279e+00 1.090454879294e+01 1.192079563274e+01 1.273169665627e+01 1.328212900094e+01 1.353248260789e+01 1.346363474221e+01 1.307968012306e+01 1.240768545537e+01 1.149415140749e+01 1.039866330814e+01 9.186310248767e+00 7.921159346964e+00 6.662335362877e+00 5.462055471547e+00 4.363404899798e+00 3.396954087667e+00 2.578158612197e+00 1.907921598993e+00 1.376159470633e+00 9.662606050406e-01 6.588147374855e-01 4.342668506679e-01 2.746909780632e-01 1.648059422201e-01 9.223467777363e-02 4.710947406092e-02 2.138733301901e-02 8.378397644226e-03 2.744368003062e-03 7.279741981651e-04 1.515765853659e-04 2.405776992299e-05 2.834384389457e-06 2.422274995408e-07 1.473299185606e-08 6.287371777941e-10 1.866946587643e-11 3.855654214815e-13 5.599832901399e-15 5.886368116822e-17 4.741238415079e-19 3.242545827045e-21 2.236657335943e-23 2.022273419849e-25 3.383870741482e-27 1.478908801424e-28 1.714413158973e-29 3.511738855366e-30 9.142691526374e-31 2.631700357000e-31 7.935521783716e-32 2.448852327781e-32 7.645322387649e-33 2.399452558544e-33 7.541299860565e-34 2.367684968956e-34 7.413362866269e-35 2.312079900022e-35
1.085292006210e-07 1.456639990461e-07 1.973155286299e-07 2.706132647845e-07 3.768830263601e-07 5.344096644160e-07 7.731983537136e-07 1.143310828064e-06 1.729687184232e-06 2.678892358174e-06 4.248063722920e-06 6.895663144674e-06 1.145172035550e-05 1.944041133024e-05 3.369609952200e-05 5.954584520303e-05 1.070831033475e-04 1.955283319317e-04 3.615268240749e-04 6.747143993919e-04 1.266272111410e-03 2.379645186314e-03 4.456686623604e-03 8.275351864733e-03 1.515255258702e-02 2.721185221162e-02 4.768711118456e-02 8.120006352068e-02 1.339446806169e-01 2.137730129984e-01 3.302902640749e-01 4.951040532262e-01 7.221828571449e-01 1.027939496575e+00 1.430539210466e+00 1.948255368642e+00 2.597121268362e+00 3.388217718924e+00 4.324806187261e+00 5.399530626822e+00 6.592087562358e+00 7.867892563273e+00 9.178250784308e+00 1.046238485324e+01 1.165141554311e+01 1.267406622846e+01 1.346353033487e+01 1.396467026079e+01 1.414055791354e+01 1.397732921217e+01 1.348638886136e+01 1.270319936340e+01 1.168240165450e+01 1.049007851238e+01 9.195380183913e+00 7.864326415361e+00 6.556982573046e+00 5.326082191276e+00 4.214124179048e+00 3.249068503654e+00 2.442080490081e+00 1.789519534561e+00 1.277640623999e+00 8.873215849515e-01 5.976104043209e-01 3.881730785154e-01 2.409167892880e-01 1.408284875823e-01 7.597940672927e-02 3.686528894203e-02 1.560257514481e-02 5.570118345834e-03 1.619813022270e-03 3.706085731288e-04 6.453532961679e-05 8.295293485202e-06 7.659542140018e-07 4.963159570395e-08 2.214017874202e-09 6.703151093185e-11 1.366365064065e-12 1.876782077680e-14 1.763076427904e-16 1.177734320057e-18 6.078477827054e-21 2.858238226037e-23 1.657190456799e-25 1.899774987498e-27 7.168709039291e-29 8.656894614043e-30 1.873827075351e-30 5.039016897819e-31 1.477584971655e-31 4.507073783121e-32 1.401732208858e-32 4.400925143779e-33 1.387141707355e-33 4.374479834036e-34 1.377221115586e-34 4.322114444971e-35 1.350627195004e-35
4.981568186833e-08 6.629067054851e-08 8.898520238563e-08 1.208895027173e-07 1.667378907036e-07 2.341528906817e-07 3.356191869576e-07 4.919487873335e-07 7.384689549790e-07 1.136259224645e-06 1.792891757399e-06 2.901311764106e-06 4.813792856454e-06 8.184483359259e-06 1.424733270727e-05 2.536298427022e-05 4.610173283058e-05 8.539364349310e-05 1.607890497000e-04 3.068361585787e-04 5.913123596934e-04 1.145936956475e-03 2.222502159042e-03 4.290576144324e-03 8.196556121310e-03 1.540000637330e-02 2.828334662376e-02 5.049119075536e-02 8.721341839723e-02 1.453324298418e-01 2.334620829719e-01 3.620650585159e-01 5.438343015736e-01 7.941861589439e-01 1.131280131864e+00 1.575009066606e+00 2.144957498687e+00 2.857740663228e+00 3.724042494569e+00 4.745501127973e+00 5.911711685628e+00 7.197848474466e+00 8.563508130580e+00 9.953306578273e+00 1.129956132759e+01 1.252708360837e+01 1.355973791897e+01 1.432807278264e+01 1.477706370710e+01 1.487288100463e+01 1.460758474376e+01 1.400071151858e+01 1.309692051753e+01 1.195952420380e+01 1.066119556969e+01 9.274955032702e+00 7.868788067691e+00 6.504228436828e+00 5.235172914354e+00 4.103609408760e+00 3.134384560428e+00 2.333934339264e+00 1.694040374924e+00 1.197463165208e+00 8.226932867899e-01 5.472725684058e-01 3.500873078942e-01 2.128776576094e-01 1.208861030168e-01 6.256310269724e-02 2.862320806489e-02 1.117827266401e-02 3.588930938571e-03 9.117503742662e-04 1.765836588974e-04 2.518273308426e-05 2.562845266326e-06 1.810740487772e-07 8.674834974854e-09 2.763578316732e-10 5.768199684486e-12 7.818966532098e-14 6.886066789970e-16 4.005687748274e-18 1.616196453964e-20 5.109476943399e-23 1.699394656221e-25 1.121185036039e-27 3.411861452963e-29 4.347460330997e-30 9.971304385452e-31 2.766203375822e-31 8.253993688340e-32 2.545239929306e-32 7.974817045933e-33 2.517392686970e-33 7.967688406324e-34 2.521020128930e-34 7.958550590376e-35 2.503327241886e-35 7.837980328063e-36
2.250062855002e-08 2.965971501546e-08 3.941052907764e-08 5.296565807075e-08 7.223545284491e-08 1.002818461446e-07 1.421004097915e-07 2.059935421636e-07 3.060271903680e-07 4.665085716600e-07 7.302984751396e-07 1.174520853854e-06 1.940769898320e-06 3.294149256679e-06 5.740406118997e-06 1.026141058245e-05 1.879369207557e-05 3.520845175533e-05 6.732619893535e-05 1.310534814124e-04 2.588145317437e-04 5.164783709889e-04 1.036504872937e-03 2.080478580260e-03 4.150998258517e-03 8.177660365893e-03 1.579622444339e-02 2.971154251308e-02 5.407876533001e-02 9.478326495578e-02 1.595278403846e-01 2.578137656167e-01 4.011178885841e-01 6.034779835533e-01 8.821387812887e-01 1.257420160869e+00 1.751279571994e+00 2.384838017477e+00 3.175404374181e+00 4.133218861917e+00 5.258021938573e+00 6.535816876615e+00 7.936446513813e+00 9.412657048223e+00 1.090120450558e+01 1.232630614755e+01 1.360537491762e+01 1.465656052430e+01 1.540724684999e+01 1.580240803930e+01 1.581163580461e+01 1.543366058912e+01 1.469722170586e+01 1.365732940565e+01 1.238684781528e+01 1.096541628326e+01 9.470051860808e+00 7.971232148947e+00 6.533098947684e+00 5.211696744009e+00 4.048538298491e+00 3.064776267758e+00 2.261738191012e+00 1.626610174993e+00 1.138698675664e+00 7.740432184533e-01 5.085444881317e-01 3.201781803287e-01 1.904242450670e-01 1.046959293720e-01 5.168408445972e-02 2.210987313158e-02 7.876892248450e-03 2.241709838932e-03 4.890197872536e-04 7.863958604534e-05 8.997350269641e-06 7.097704102228e-07 3.756465592068e-08 1.302767533099e-09 2.902212279280e-11 4.087181627804e-13 3.599186690981e-15 1.975970317489e-17 6.849108650873e-20 1.577766030585e-22 2.879186689876e-25 7.993200377218e-28 1.609100432997e-29 2.179205953094e-30 5.297432445567e-31 1.512986989425e-31 4.588142023100e-32 1.429285548517e-32 4.509838470183e-33 1.431009329014e-33 4.547455815106e-34 1.443492959712e-34 4.569105616802e-35 1.440435116472e-35 4.518783652731e-36
1.001186621910e-08 1.306244169508e-08 1.716407908642e-08 2.279229703817e-08 3.069139271451e-08 4.204687344920e-08 5.878155473654e-08 8.407430721590e-08 1.232874281427e-07 1.856584776273e-07 2.874499185011e-07 4.579319376353e-07 7.509744127837e-07 1.267943430370e-06 2.203764043135e-06 3.941179151975e-06 7.246581678630e-06 1.368207073578e-05 2.648068995351e-05 5.241527260637e-05 1.057885055713e-04 2.168938367872e-04 4.496837632220e-04 9.377163268092e-04 1.954443813945e-03 4.043001271277e-03 8.237277327271e-03 1.639802917860e-02 3.164651173133e-02 5.879736209235e-02 1.046219786935e-01 1.778410685234e-01 2.890359531626e-01 4.509497527808e-01 6.793792720762e-01 9.939776656179e-01 1.417836703316e+00 1.975497554206e+00 2.690017015650e+00 3.579646505046e+00 4.654184534374e+00 5.911124136625e+00 7.332113073935e+00 8.880476148627e+00 1.050054846733e+01 1.211940164732e+01 1.365122831752e+01 1.500421664135e+01 1.608927539476e+01 1.682957754941e+01 1.716966682195e+01 1.708283278204e+01 1.657547496226e+01 1.568713356409e+01 1.448500369927e+01 1.305301581699e+01 1.147863789311e+01 9.843520845995e+00 8.221940804971e+00 6.682627626418e+00 5.285125127985e+00 4.070403675404e+00 3.055246971566e+00 2.235489809009e+00 1.593574873375e+00 1.105139244295e+00 7.434364429011e-01 4.823614910013e-01 2.986784351443e-01 1.733988122875e-01 9.193913618647e-02 4.300922654720e-02 1.703864953235e-02 5.466890463862e-03 1.357591571614e-03 2.498178370811e-04 3.273843345984e-05 2.950334803839e-06 1.773721481919e-07 6.929640128737e-09 1.719873872753e-10 2.659404409463e-12 2.520747548705e-14 1.446760412276e-16 4.996065329115e-19 1.043461504592e-21 1.367486154543e-24 1.391294998520e-27 7.961025405536e-30 1.094022282929e-30 2.811797143612e-31 8.246697242032e-32 2.538100822938e-32 7.981670159884e-33 2.535187473562e-33 8.084253801044e-34 2.578982275695e-34 8.212180373515e-35 2.606216324567e-35 8.234514620751e-36 2.588211287114e-36
4.393843833289e-09 5.670183078998e-09 7.361645868406e-09 9.648596652763e-09 1.281112169191e-08 1.729180297186e-08 2.380286821012e-08 3.351301220294e-08 4.838022870686e-08 7.175784040092e-08 1.095225379798e-07 1.722211178038e-07 2.792475132244e-07 4.671510370870e-07 8.065212634824e-07 1.437020255843e-06 2.641488036883e-06 5.005468306765e-06 9.765780023657e-06 1.958097552405e-05 4.024635223974e-05 8.451656726741e-05 1.805752532812e-04 3.905175911051e-04 8.496112856648e-04 1.846268895520e-03 3.975227288645e-03 8.406249793324e-03 1.729969884161e-02 3.433947765281e-02 6.523371867342e-02 1.179382031028e-01 2.024963842474e-01 3.308680436019e-01 5.174700152567e-01 7.805282714179e-01 1.143008393478e+00 1.631705525801e+00 2.274563678237e+00 3.097249068900e+00 4.119393535169e+00 5.350387790282e+00 6.784952188509e+00 8.399197273823e+00 1.014806734956e+01 1.196500921436e+01 1.376448433249e+01 1.544754248446e+01 1.691015261324e+01 1.805344325085e+01 1.879459326097e+01 1.907692894486e+01 1.887781042672e+01 1.821289049779e+01 1.713511852409e+01 1.572691070930e+01 1.408581328352e+01 1.230870230209e+01 1.048325942964e+01 8.690072513120e+00 7.005621051843e+00 5.494659381415e+00 4.197315990681e+00 3.125157986603e+00 2.267983761315e+00 1.603019287457e+00 1.101612339124e+00 7.335134084004e-01 4.699337522053e-01 2.859017096311e-01 1.616159397553e-01 8.223805045594e-02 3.616844246492e-02 1.312041519694e-02 3.737159727288e-03 7.965328833117e-04 1.215517036070e-04 1.277827379594e-05 8.956112474954e-07 4.071445517766e-08 1.173164491891e-09 2.102591304700e-11 2.310498516512e-13 1.543883298243e-15 6.279855932286e-18 1.577988280388e-20 2.516779640641e-23 2.606338962890e-26 2.031453484985e-29 5.578367155241e-31 1.491625948348e-31 4.479634871550e-32 1.397318778879e-32 4.432719057782e-33 1.416726605869e-33 4.539009051806e-34 1.453411406913e-34 4.642191603073e-35 1.477017893055e-35 4.676955599573e-36 1.472821897459e-36
1.904260061792e-09 2.429356001038e-09 3.114245705956e-09 4.025107732362e-09 5.263774929822e-09 6.989639266690e-09 9.456722912707e-09 1.307783307121e-08 1.853814665826e-08 2.700102479463e-08 4.048984681099e-08 6.261360357852e-08 9.997969924130e-08 1.650131192893e-07 2.817213700671e-07 4.977711557535e-07 9.103853565681e-07 1.723117290233e-06 3.372860856224e-06 6.819027723883e-06 1.421124378216e-05 3.044545565450e-05 6.680218066710e-05 1.494136050271e-04 3.386823151196e-04 7.726127357341e-04 1.759352078634e-03 3.962291961568e-03 8.736693468470e-03 1.866242283571e-02 3.822499522972e-02 7.440957372828e-02 1.368363973962e-01 2.373428552068e-01 3.897241843529e-01 6.107377384030e-01 9.221465781596e-01 1.351662035704e+00 1.931221171533e+00 2.693462733338e+00 3.667743863756e+00 4.875754000487e+00 6.326479385155e+00 8.010965768235e+00 9.897829203961e+00 1.193058375433e+01 1.402775833530e+01 1.608646898855e+01 1.798960446140e+01 1.961612833557e+01 2.085337643561e+01 2.160977673850e+01 2.182632460118e+01 2.148523784454e+01 2.061419719393e+01 1.928399113256e+01 1.759729853233e+01 1.566937090246e+01 1.360900172123e+01 1.151245406400e+01 9.471110011915e+00 7.574000063419e+00 5.892988944885e+00 4.466591483156e+00 3.299974791641e+00 2.375948968991e+00 1.665479614437e+00 1.134408528577e+00 7.477230743042e-01 4.728413490925e-01 2.822444960152e-01 1.548250753459e-01 7.513183596938e-02 3.076275949187e-02 1.008518841304e-02 2.511202750939e-03 4.522551506390e-04 5.647211462220e-05 4.722012965724e-06 2.571768207149e-07 8.932154480377e-09 1.950077304502e-10 2.660366935749e-12 2.280413565727e-14 1.249943526953e-16 4.460843742142e-19 1.028807973742e-21 1.464264209616e-24 1.207738728386e-27 8.237185132589e-31 7.921242441886e-32 2.424944165651e-32 7.655858418926e-33 2.448253378807e-33 7.870488230279e-34 2.532912092731e-34 8.139608059299e-35 2.607487243075e-35 8.317062789225e-36 2.639255036027e-36 8.326913309547e-37
8.160515450317e-10 1.028805798722e-09 1.301552834785e-09 1.657780468655e-09 2.133268831608e-09 2.783421068733e-09 3.695530850763e-09 5.009796638490e-09 6.956189997933e-09 9.920735920964e-09 1.456768010344e-08 2.207050616742e-08 3.456040579957e-08 5.602054644737e-08 9.411844680600e-08 1.640646002848e-07 2.969614076533e-07 5.583527015467e-07 1.090493194093e-06 2.210956229091e-06 4.647503792972e-06 1.010717084806e-05 2.267204456849e-05 5.224227695419e-05 1.230065193602e-04 2.940028251201e-04 7.076846807246e-04 1.699558447337e-03 4.029129797490e-03 9.318911607884e-03 2.077022196212e-02 4.407722661101e-02 8.814911591170e-02 1.650472519597e-01 2.891131535854e-01 4.766699057306e-01 7.479422999776e-01 1.130098787387e+00 1.657875155371e+00 2.370570448102e+00 3.307533873447e+00 4.503476600630e+00 5.983093106894e+00 7.754781035346e+00 9.804248600959e+00 1.208925532167e+01 1.453679148443e+01 1.704385979630e+01 1.948258411085e+01 2.170971540365e+01 2.357974910769e+01 2.496014146398e+01 2.574661012724e+01 2.587656223132e+01 2.533890718876e+01 2.417837243976e+01 2.249117334233e+01 2.040846008209e+01 1.806935161570e+01 1.559814691830e+01 1.310422114887e+01 1.069754540716e+01 8.486537484188e+00 6.551747560675e+00 4.928499176627e+00 3.613770509250e+00 2.581664670294e+00 1.794954259559e+00 1.211883414520e+00 7.906393331093e-01 4.931449274781e-01 2.881682613391e-01 1.526593618894e-01 7.006691144413e-02 2.639569328696e-02 7.709803182276e-03 1.654341378667e-03 2.489596258801e-04 2.532555859788e-05 1.694905628298e-06 7.333123666877e-08 2.036611509330e-09 3.646817374845e-11 4.262208251728e-13 3.264961821222e-15 1.598406566985e-17 4.734196583363e-20 7.979608744926e-23 7.292377044467e-26 3.513733829874e-29 5.054185375544e-32 1.308093443712e-32 4.174340138156e-33 1.344786103152e-33 4.346757305776e-34 1.404845637016e-34 4.530076655812e-35 1.455352663240e-35 4.653449623190e-36 1.479801760016e-36 4.677476390115e-37
3.462415427467e-10 4.312775573120e-10 5.382965600933e-10 6.753587684611e-10 8.546140771846e-10 1.094656785218e-09 1.424410868833e-09 1.889698906565e-09 2.564628844944e-09 3.571841351921e-09 5.119465815467e-09 7.570417262086e-09 1.157601242743e-08 1.834113643511e-08 3.016630326255e-08 5.158978658045e-08 9.186889142406e-08 1.705379666306e-07 3.302390689405e-07 6.672158373736e-07 1.405795013421e-06 3.084856625968e-06 7.034560692231e-06 1.661460881644e-05 4.045981472019e-05 1.009884891858e-04 2.564553223925e-04 6.566205924150e-04 1.676929303317e-03 4.219125410465e-03 1.031378415803e-02 2.413810761304e-02 5.331036116106e-02 1.097694212865e-01 2.092529716073e-01 3.696299222438e-01 6.108205104243e-01 9.585068602647e-01 1.448425913994e+00 2.125916397158e+00 3.041046687077e+00 4.242982018219e+00 5.774246399006e+00 7.663729167655e+00 9.918527289734e+00 1.251588360386e+01 1.539685160838e+01 1.846335250791e+01 2.158003975193e+01 2.458179661547e+01 2.728673118484e+01 2.951349849531e+01 3.110075050152e+01 3.192617498812e+01 3.192265859627e+01 3.108985149902e+01 2.949859203193e+01 2.728339648104e+01 2.461682383706e+01 2.167043057559e+01 1.858890495098e+01 1.550312932169e+01 1.255481963093e+01 9.880482046723e+00 7.569713458564e+00 5.651893225654e+00 4.112987436709e+00 2.915399711759e+00 2.010442906468e+00 1.345373422910e+00 8.684326693008e-01 5.335380247600e-01 3.041751295245e-01 1.545982099940e-01 6.643181361339e-02 2.273230806675e-02 5.840267520480e-03 1.070447844502e-03 1.345860579322e-04 1.130736401201e-05 6.265584638412e-07 2.287370248263e-08 5.525427114722e-10 8.768745180991e-12 8.827633645512e-14 5.321782675237e-16 1.811743159142e-18 3.329520896190e-21 3.206094585615e-24 1.588227622116e-27 4.223894660824e-31 7.079616742351e-33 2.264918517317e-33 7.346093206435e-34 2.386613967652e-34 7.744538926901e-35 2.505563506628e-35 8.071836019632e-36 2.587091686654e-36 8.244043993213e-37 2.610615147560e-37
1.456338135334e-10 1.792195663413e-10 2.206710195267e-10 2.726597107016e-10 3.391714417445e-10 4.262330509356e-10 5.430910667380e-10 7.041725494436e-10 9.324331545517e-10 1.265227063764e-09 1.764881298766e-09 2.538287251849e-09 3.774276210027e-09 5.817130970434e-09 9.315833338355e-09 1.553719295811e-08 2.704535979461e-08 4.922798985617e-08 9.384476549488e-08 1.875670315626e-07 3.932308884881e-07 8.644519120340e-07 1.990170094860e-06 4.787192722142e-06 1.198838644935e-05 3.110039648886e-05 8.303107696471e-05 2.262299763400e-04 6.225737728600e-04 1.708877968295e-03 4.609759268240e-03 1.201627686788e-02 2.972475676292e-02 6.856002627349e-02 1.453727811174e-01 2.814655733209e-01 4.996376468797e-01 8.251816801586e-01 1.292861720377e+00 1.952244528122e+00 2.864792758389e+00 4.096564564551e+00 5.711264923824e+00 7.762728128647e+00 1.028530968906e+01 1.328289155359e+01 1.671840987004e+01 2.050605293327e+01 2.450838586109e+01 2.854010225275e+01 3.237940628905e+01 3.578643281961e+01 3.852698117278e+01 4.039821822976e+01 4.125309551268e+01 4.102038443910e+01 3.971875678160e+01 3.746134525409e+01 3.444234927889e+01 3.089527427850e+01 2.703485907223e+01 2.303337254184e+01 1.905939908336e+01 1.530718710428e+01 1.195055589010e+01 9.086334106440e+00 6.733613233705e+00 4.862802132773e+00 3.419627434967e+00 2.338654854264e+00 1.550838275415e+00 9.897351224653e-01 5.976706271395e-01 3.308673655327e-01 1.600305381959e-01 6.368441137172e-02 1.958051623065e-02 4.397620978332e-03 6.915376450864e-04 7.418566443602e-05 5.367770512445e-06 2.605917569489e-07 8.350878296683e-09 1.695117117342e-10 2.053961812766e-12 1.402258373516e-14 5.162327043587e-17 9.954226771591e-20 9.872902248634e-23 4.981507994717e-26 1.271263089604e-29 5.391656805937e-33 1.222904961823e-33 3.990781758281e-34 1.302729668850e-34 4.243537571132e-35 1.377248380005e-35 4.448815934346e-36 1.429191745438e-36 4.563536369928e-37 1.447728929506e-37
6.079903369727e-11 7.392964004719e-11 8.980889979217e-11 1.092901134422e-10 1.336350098138e-10 1.647296113068e-10 2.054271004189e-10 2.601071930654e-10 3.356139257462e-10 4.428715995609e-10 5.997482873100e-10 8.362790997402e-10 1.204486851944e-09 1.797444006591e-09 2.787531347224e-09 4.505965609603e-09 7.614261640177e-09 1.348814178038e-08 2.511110283291e-08 4.923778219443e-08 1.018426855433e-07 2.223897071456e-07 5.126395641861e-07 1.245999036106e-06 3.185619411440e-06 8.534775227023e-06 2.383190902459e-05 6.885224116751e-05 2.038559043343e-04 6.110580109008e-04 1.826365523395e-03 5.343626274653e-03 1.498288505650e-02 3.935639703673e-02 9.481081141360e-02 2.062457278016e-01 4.032484337404e-01 7.154486613375e-01 1.176792401107e+00 1.837716208381e+00 2.770092284279e+00 4.059946760637e+00 5.797369390823e+00 8.067706821918e+00 1.094090552793e+01 1.445772584997e+01 1.861448409694e+01 2.334909075246e+01 2.853139566867e+01 3.396085099662e+01 3.937376362646e+01 4.446099627207e+01 4.889515710887e+01 5.236398402667e+01 5.460557807238e+01 5.544021268672e+01 5.479614879679e+01 5.272702300740e+01 4.941661764844e+01 4.515345895105e+01 4.025976250056e+01 3.500564791749e+01 2.960416062443e+01 2.429251439651e+01 1.934676132208e+01 1.498548117444e+01 1.130824056370e+01 8.317327209502e+00 5.960200200012e+00 4.157912207787e+00 2.819851188843e+00 1.852507141410e+00 1.167679109718e+00 6.911131450922e-01 3.694107051960e-01 1.686298693265e-01 6.163673933826e-02 1.697572895706e-02 3.361957625288e-03 4.649694760266e-04 4.406623415862e-05 2.788255377637e-06 1.123714538819e-07 2.711102343677e-09 3.692167144482e-11 2.715058650044e-13 1.046712581360e-15 2.076884190804e-18 2.097144770205e-21 1.070242746877e-24 2.748837568444e-28 3.744325577402e-32 6.591374082646e-34 2.155993700596e-34 7.069391227881e-35 2.311167891937e-35 7.523744362702e-36 2.436652323712e-36 7.845495856950e-37 2.510131493327e-37 7.977261252282e-38
2.522205351653e-11 3.031220664877e-11 3.634004199313e-11 4.356704429378e-11 5.237762254754e-11 6.334095420147e-11 7.730676608838e-11 9.555798334217e-11 1.200611268610e-10 1.538889846933e-10 2.019549247211e-10 2.723269523443e-10 3.786532531723e-10 5.447885467417e-10 8.139304472313e-10 1.267339440061e-09 2.064214960289e-09 3.530170367830e-09 6.362054539251e-09 1.212341437032e-08 2.449822460711e-08 5.261156720743e-08 1.202358171926e-07 2.924842527151e-07 7.566076569781e-07 2.076451699906e-06 6.022007389101e-06 1.834745397669e-05 5.824087791051e-05 1.904479193754e-04 6.319042880985e-04 2.086283603018e-03 6.691861994406e-03 2.029296772733e-02 5.658011039983e-02 1.415786987240e-01 3.132770039667e-01 6.132165127415e-01 1.080738311910e+00 1.764992674291e+00 2.743665090199e+00 4.124203238503e+00 6.030261728738e+00 8.588558151870e+00 1.191674879934e+01 1.610735800606e+01 2.120736852693e+01 2.719660976125e+01 3.396871364542e+01 4.131938215039e+01 4.894559865496e+01 5.645937087268e+01 6.341583597022e+01 6.935461839605e+01 7.384801474678e+01 7.655040888759e+01 7.724067611797e+01 7.585605531460e+01 7.251486156528e+01 6.751993083918e+01 6.130905611472e+01 5.432967314902e+01 4.692186962647e+01 3.936876418365e+01 3.203075926613e+01 2.530141786229e+01 1.944899498566e+01 1.456895611556e+01 1.063648291261e+01 7.564134837126e+00 5.235484830310e+00 3.521419459603e+00 2.291381553213e+00 1.424801303379e+00 8.239416569480e-01 4.229857930778e-01 1.812664226103e-01 6.082257819379e-02 1.514657490198e-02 2.688798822290e-03 3.267645394968e-04 2.570559621253e-05 1.223067025767e-06 3.305608098661e-08 4.842186348880e-10 3.726796747285e-12 1.478148061135e-14 2.985676388488e-17 3.049111412827e-20 1.567436517611e-23 4.044942330717e-27 5.241955427676e-31 3.849028038301e-34 1.158288426006e-34 3.813854262682e-35 1.251151907927e-35 4.084863432087e-36 1.326257502054e-36 4.279668945826e-37 1.371936220277e-37 4.367683306343e-38
1.040807755768e-11 1.236783511840e-11 1.463945043047e-11 1.729914388487e-11 2.045904292050e-11 2.428433190703e-11 2.901900475159e-11 3.502576236111e-11 4.284978956906e-11 5.332384583507e-11 6.774667272186e-11 8.819513122650e-11 1.180877187630e-10 1.632363400670e-10 2.338805217745e-10 3.487745721054e-10 5.437404688003e-10 8.903563750542e-10 1.538700566317e-09 2.819919862858e-09 5.504990350119e-09 1.149225359737e-08 2.573396693404e-08 6.193353784283e-08 1.603241746585e-07 4.461398657646e-07 1.331704450863e-06 4.246628013340e-06 1.437219779481e-05 5.110908919153e-05 1.882035817415e-04 7.032508722779e-04 2.597278526283e-03 9.187912015613e-03 3.009530663152e-02 8.839519183703e-02 2.271406928478e-01 5.051884171216e-01 9.810011593269e-01 1.709279415820e+00 2.767429588896e+00 4.279603879569e+00 6.409692860987e+00 9.340358326224e+00 1.325533078534e+01 1.832095455551e+01 2.466116159184e+01 3.232661322797e+01 4.126338335272e+01 5.128663185199e+01 6.206670934558e+01 7.313214684380e+01 8.389504208018e+01 9.369662223068e+01 1.018715213700e+02 1.078190339325e+02 1.110737391053e+02 1.113634919736e+02 1.086547767761e+02 1.031846356966e+02 9.545742830416e+01 8.614570210805e+01 7.586869680232e+01 6.506278485023e+01 5.414573541924e+01 4.368671914963e+01 3.424114548673e+01 2.613270703759e+01 1.943902846918e+01 1.409102871068e+01 9.947032100546e+00 6.832499458294e+00 4.558403886222e+00 2.937056471505e+00 1.799077360951e+00 1.013381795343e+00 4.977890801088e-01 1.999167189188e-01 6.159811967079e-02 1.369340148893e-02 2.044584932101e-03 1.891016728479e-04 1.007225804578e-05 2.929143135959e-07 4.493087922319e-09 3.559105287188e-11 1.437373928740e-13 2.936765621753e-16 3.021293185183e-19 1.560583832356e-22 4.040000051373e-26 5.236590051814e-30 5.261383986858e-34 6.188971148227e-35 2.045494446820e-35 6.732352226877e-36 2.204188632473e-36 7.173889676741e-37 2.319892638563e-37 7.451129817284e-38 2.376224373854e-38
4.276383096639e-12 5.026901026572e-12 5.878240503455e-12 6.851172319670e-12 7.976681041683e-12 9.300595187890e-12 1.089027448913e-11 1.284461456991e-11 1.530955099576e-11 1.850289960888e-11 2.275542658032e-11 2.858087507471e-11 3.679918433754e-11 4.876065184460e-11 6.676861637930e-11 9.490798873489e-11 1.407387960783e-10 2.189174914064e-10 3.593234850538e-10 6.262587051338e-10 1.166350531858e-09 2.335139164763e-09 5.052334297822e-09 1.186307438359e-08 3.031848166400e-08 8.446859768210e-08 2.565455356206e-07 8.478284570341e-07 3.035309368152e-06 1.167562250834e-05 4.759925744247e-05 2.014420351896e-04 8.600650312096e-04 3.575858967801e-03 1.391860745729e-02 4.877551516476e-02 1.488271105313e-01 3.870122792949e-01 8.552239803678e-01 1.637296203277e+00 2.815714498502e+00 4.518636179922e+00 6.947812829881e+00 1.036056415316e+01 1.503551100696e+01 2.124642544729e+01 2.923393597075e+01 3.916503327315e+01 5.108603719826e+01 6.487442915033e+01 8.020499960127e+01 9.652965908990e+01 1.130956820196e+02 1.289827834429e+02 1.431908052380e+02 1.547273649117e+02 1.627321893086e+02 1.665634886411e+02 1.658948153641e+02 1.607652293921e+02 1.516332315880e+02 1.393515111766e+02 1.249574329855e+02 1.093138514064e+02 9.300615497643e+01 7.671805009763e+01 6.136461473889e+01 4.772934493161e+01 3.616589853065e+01 2.670912201864e+01 1.921433848954e+01 1.345658177651e+01 9.166911185637e+00 6.061238386249e+00 3.861039455418e+00 2.322580379545e+00 1.267308100317e+00 5.900983605176e-01 2.174915767255e-01 5.805602855674e-02 1.012419629376e-02 1.048338759086e-03 6.017487820761e-05 1.834963079584e-06 2.899513082305e-08 2.339947707042e-10 9.561974421129e-13 1.968414340796e-15 2.034971027584e-18 1.054496290959e-21 2.735713525451e-25 3.550834234488e-29 2.403471648357e-33 3.294636478595e-35 1.090640974022e-35 3.600843328392e-36 1.182096433877e-36 3.856389060006e-37 1.249686421212e-37 4.021322707612e-38 1.284607931375e-38
1.750884234617e-12 2.037174654032e-12 2.354971226452e-12 2.709362072673e-12 3.108280526520e-12 3.563733765476e-12 4.093490047768e-12 4.723491908600e-12 5.491454736703e-12 6.452444355630e-12 7.687826822041e-12 9.320097047952e-12 1.153823546205e-11 1.464251558516e-11 1.912653774708e-11 2.583334343471e-11 3.626536713896e-11 5.322893311235e-11 8.224336659680e-11 1.347935287347e-10 2.362882755214e-10 4.467882368893e-10 9.187044581133e-10 2.069139290436e-09 5.134293745447e-09 1.409642499190e-08 4.293610106699e-08 1.451974968481e-07 5.441598257587e-07 2.246653751536e-06 1.009292559624e-05 4.830855189663e-05 2.388824786401e-04 1.173282361410e-03 5.473809448654e-03 2.318186172881e-02 8.555080212190e-02 2.668085599362e-01 6.932769169699e-01 1.511850389404e+00 2.846390705591e+00 4.820461644901e+00 7.648951452280e+00 1.167757954757e+01 1.732093190325e+01 2.500780698561e+01 3.515015213951e+01 4.809542993341e+01 6.406147982072e+01 8.305568994052e+01 1.048163579880e+02 1.287442270004e+02 1.539175871423e+02 1.790829024685e+02 2.027950852873e+02 2.234798495338e+02 2.396761139589e+02 2.501197895903e+02 2.539759113871e+02 2.508789523071e+02 2.410738896679e+02 2.254473044043e+02 2.054477047284e+02 1.826987079781e+02 1.583593109098e+02 1.332944160272e+02 1.086982622466e+02 8.607048248188e+01 6.632846848759e+01 4.980543397243e+01 3.642674712889e+01 2.593958794660e+01 1.797194365371e+01 1.210754494341e+01 7.907083466493e+00 4.955015831074e+00 2.900257657286e+00 1.502851905674e+00 6.337546196198e-01 1.937562460900e-01 3.770989123545e-02 4.214921789688e-03 2.541838063520e-04 7.995556048677e-06 1.288244865347e-07 1.052463382432e-09 4.334514979379e-12 8.968010716260e-15 9.301819804217e-18 4.830656118251e-21 1.255098422753e-24 1.630738764390e-28 1.064468492255e-32 1.770747758957e-35 5.781115621868e-36 1.914361856882e-36 6.300784479020e-37 2.060214853489e-37 6.689855229384e-38 2.156660330437e-38 6.900938377957e-39
7.148581327068e-13 8.237678588950e-13 9.420924391580e-13 1.070831396128e-12 1.211768171260e-12 1.367795551537e-12 1.543333636765e-12 1.744892382183e-12 1.981869034510e-12 2.267734671514e-12 2.621874245550e-12 3.072542137982e-12 3.661764129870e-12 4.453731430365e-12 5.549673707455e-12 7.115222771542e-12 9.432909478221e-12 1.300766564659e-11 1.878999218377e-11 2.867530062060e-11 4.669182963694e-11 8.202134178934e-11 1.572548122949e-10 3.327809315382e-10 7.851105584848e-10 2.081877760183e-09 6.242794716869e-09 2.125347642188e-08 8.225278989380e-08 3.606874244038e-07 1.773064072295e-06 9.565469404746e-06 5.478648306976e-05 3.189439197061e-04 1.795375564665e-03 9.284806981896e-03 4.207832714204e-02 1.608713933911e-01 5.065833649375e-01 1.305432616591e+00 2.784771492192e+00 5.081607279348e+00 8.374238953218e+00 1.308345444523e+01 1.979429893461e+01 2.913371885045e+01 4.173258681857e+01 5.817741087080e+01 7.893129647936e+01 1.042039271188e+02 1.338815342365e+02 1.673572447122e+02 2.035900157024e+02 2.409431025379e+02 2.774867352070e+02 3.108778518585e+02 3.389047300692e+02 3.593915663138e+02 3.707921641282e+02 3.720745067025e+02 3.630998690545e+02 3.445864831435e+02 3.181917517999e+02 2.864050898432e+02 2.514802381888e+02 2.149338153754e+02 1.780450390990e+02 1.430882962523e+02 1.117816820088e+02 8.504125071242e+01 6.298476858400e+01 4.541943679917e+01 3.185969590941e+01 2.174101794688e+01 1.441356144555e+01 9.241161623537e+00 5.635245073614e+00 3.127106432948e+00 1.445994456149e+00 4.858508043502e-01 1.019290827286e-01 1.199161608966e-02 7.472605535142e-04 2.399479255102e-05 3.916423739081e-07 3.225981830990e-09 1.335611565901e-11 2.772817676348e-14 2.882541368450e-17 1.499260734479e-20 3.899497021377e-24 5.070418848621e-28 3.298159642847e-32 1.019023278369e-35 3.046392272872e-36 1.011643857056e-36 3.337936550117e-37 1.093844203042e-37 3.558947153427e-38 1.149390741822e-38 3.683895991006e-39
2.912194628527e-13 3.325802656264e-13 3.765738324854e-13 4.232759841597e-13 4.729798335428e-13 5.262838442768e-13 5.841953482424e-13 6.482584167350e-13 7.207224613013e-13 8.047797367336e-13 9.049190285719e-13 1.027475536078e-12 1.181515585653e-12 1.380304651397e-12 1.643821606209e-12 2.003218718763e-12 2.509055292695e-12 3.247202876317e-12 4.371180027393e-12 6.171746125102e-12 9.236470897810e-12 1.484207194390e-11 2.599607978607e-11 5.044552100065e-11 1.102053660396e-10 2.749189715374e-10 7.920422414175e-10 2.657186231112e-09 1.043168756922e-08 4.791617469866e-08 2.552697584165e-07 1.543872967900e-06 1.022747819644e-05 7.072573731551e-05 4.830353857730e-04 3.078162929786e-03 1.736183442329e-02 8.294057948622e-02 3.247725324995e-01 1.018391508415e+00 2.523273781526e+00 5.027141920638e+00 8.624308663360e+00 1.375133353029e+01 2.113537393205e+01 3.157915101854e+01 4.590540117911e+01 6.492106365066e+01 8.933389696571e+01 1.195695413148e+02 1.557226693701e+02 1.972342954765e+02 2.430815139157e+02 2.913179285957e+02 3.397169746359e+02 3.852015309614e+02 4.249773683692e+02 4.558989519033e+02 4.757866150495e+02 4.828064641533e+02 4.764144528950e+02 4.569712658845e+02 4.260539519385e+02 3.866412328017e+02 3.421063508393e+02 2.952164579735e+02 2.472504771714e+02 2.008958991565e+02 1.585035349222e+02 1.217170013787e+02 9.092441658334e+01 6.613063752390e+01 4.676942278578e+01 3.218287360740e+01 2.152643493646e+01 1.397151375206e+01 8.709822380120e+00 5.033648823950e+00 2.470412034250e+00 8.844948958313e-01 1.952004247418e-01 2.376757562523e-02 1.513949856932e-03 4.928975872418e-05 8.115543829366e-07 6.722101239913e-09 2.793083038065e-11 5.812331229565e-14 6.051911515734e-17 3.151143021042e-20 8.202323614072e-24 1.067141274251e-27 6.940232075404e-32 7.017412514865e-36 1.595896444177e-36 5.313934588122e-37 1.757547464557e-37 5.771850742901e-38 1.881576183557e-38 6.087423946789e-39 1.954228021600e-39
1.184318873806e-13 1.341261923922e-13 1.504757691902e-13 1.674122935942e-13 1.849296664450e-13 2.031090705656e-13 2.221453513774e-13 2.423758511235e-13 2.643143654239e-13 2.886950895995e-13 3.165346325922e-13 3.492252957541e-13 3.886814178612e-13 4.375760261431e-13 4.997340882888e-13 5.808057840510e-13 6.894606472984e-13 8.395963874413e-13 1.054630230641e-12 1.376319794958e-12 1.884091086997e-12 2.740543626205e-12 4.307548440203e-12 7.470205421271e-12 1.463551611223e-11 3.317095482297e-11 8.878159226331e-11 2.849760638345e-10 1.107849979651e-09 5.232909251437e-09 2.982672572136e-08 2.007192779923e-07 1.533826087486e-06 1.261902292539e-05 1.051195721723e-04 8.328377024307e-04 5.922344337107e-03 3.596320324810e-02 1.784106832721e-01 6.898557231937e-01 1.992753931337e+00 4.325059805346e+00 7.693427062991e+00 1.246350894892e+01 1.936892249695e+01 2.924237690205e+01 4.293829586374e+01 6.132372535222e+01 8.519833809044e+01 1.150973443301e+02 1.512800241900e+02 1.932966998511e+02 2.403242466575e+02 2.904186531095e+02 3.415067276789e+02 3.903010731459e+02 4.340348276540e+02 4.691336827110e+02 4.933101556120e+02 5.042353918183e+02 5.011901580735e+02 4.841244566490e+02 4.543043348344e+02 4.144516557095e+02 3.682281961536e+02 3.194445157370e+02 2.694233027809e+02 2.205844268557e+02 1.752334978346e+02 1.354253419284e+02 1.017291128885e+02 7.440029311136e+01 5.289115087965e+01 3.658859798102e+01 2.460304440806e+01 1.607571887103e+01 1.013935869387e+01 5.998932350830e+00 3.057151161932e+00 1.141829922042e+00 2.607382768871e-01 3.249219609425e-02 2.100618054809e-03 6.903360506074e-05 1.143412866341e-06 9.507099111457e-09 3.960120325895e-11 8.254588731997e-14 8.604598001032e-17 4.483888316481e-20 1.167832069807e-23 1.520070120832e-27 9.888266700620e-32 5.686966999759e-36 8.311310257621e-37 2.774537941996e-37 9.197824113778e-38 3.026888717444e-38 9.886066409677e-39 3.203950753554e-39 1.030192905036e-39
4.809857038484e-14 5.405269016333e-14 6.013054437361e-14 6.627558727260e-14 7.245030770894e-14 7.864392561350e-14 8.487956487959e-14 9.122090570996e-14 9.777867551681e-14 1.047177928715e-13 1.122665464157e-13 1.207299670520e-13 1.305107379049e-13 1.421429528047e-13 1.563475771460e-13 1.741251908152e-13 1.969149047609e-13 2.268760287878e-13 2.674094813792e-13 3.241756074983e-13 4.072091641984e-13 5.356430132383e-13 7.491640184747e-13 1.138519281084e-12 1.935824577755e-12 3.815886299596e-12 9.046643607423e-12 2.659499451641e-11 9.884656185357e-11 4.679411237580e-10 2.804806102253e-09 2.079339391804e-08 1.826006068297e-07 1.789842386785e-06 1.829273747322e-05 1.819806893482e-04 1.653844388544e-03 1.295251933338e-02 8.198412394737e-02 3.878976938707e-01 1.284773737516e+00 2.996131590844e+00 5.484281453400e+00 8.986182855749e+00 1.406531316712e+01 2.137776960166e+01 3.159168587846e+01 4.540244681109e+01 6.346523637716e+01 8.624398843383e+01 1.140205250022e+02 1.464983354000e+02 1.831602109786e+02 2.224987822104e+02 2.630360058102e+02 3.021095217609e+02 3.376664924599e+02 3.666951905489e+02 3.874498308925e+02 3.978316958646e+02 3.972583660110e+02 3.854412672859e+02 3.632225403779e+02 3.324591509608e+02 2.959935956568e+02 2.574465149847e+02 2.180679269227e+02 1.794766926728e+02 1.432561433169e+02 1.111982233597e+02 8.383255224956e+01 6.153110971175e+01 4.388510813099e+01 3.046124355027e+01 2.054925382090e+01 1.347908666659e+01 8.555987693668e+00 5.131907925202e+00 2.678479342540e+00 1.028983596095e+00 2.404594886845e-01 3.044113934222e-02 1.988021220692e-03 6.575378064074e-05 1.093559942971e-06 9.116758325809e-09 3.804197261571e-11 7.939030632073e-14 8.282583607274e-17 4.318727128491e-20 1.125344145634e-23 1.465323248332e-27 9.534878755767e-32 4.376836254302e-36 4.303022598140e-37 1.439964997575e-37 4.784268048838e-38 1.577627182891e-38 5.162171602297e-39 1.675833376934e-39 5.396893996636e-40
