AXIS X
0.000000000000e+00 2.500000000000e-03 5.000000000000e-03 7.500000000000e-03 1.000000000000e-02 1.250000000000e-02 1.500000000000e-02 1.750000000000e-02 2.000000000000e-02 2.250000000000e-02 2.500000000000e-02 2.750000000000e-02 3.000000000000e-02 3.250000000000e-02 3.500000000000e-02 3.750000000000e-02 4.000000000000e-02 4.250000000000e-02 4.500000000000e-02 4.750000000000e-02 5.000000000000e-02 5.250000000000e-02 5.500000000000e-02 5.750000000000e-02 6.000000000000e-02 6.250000000000e-02 6.500000000000e-02 6.750000000000e-02 7.000000000000e-02 7.250000000000e-02 7.500000000000e-02 7.750000000000e-02 8.000000000000e-02 8.250000000000e-02 8.500000000000e-02 8.750000000000e-02 9.000000000000e-02 9.250000000000e-02 9.500000000000e-02 9.750000000000e-02 1.000000000000e-01 1.025000000000e-01 1.050000000000e-01 1.075000000000e-01 1.100000000000e-01 1.125000000000e-01 1.150000000000e-01 1.175000000000e-01 1.200000000000e-01 1.225000000000e-01 1.250000000000e-01 1.275000000000e-01 1.300000000000e-01 1.325000000000e-01 1.350000000000e-01 1.375000000000e-01 1.400000000000e-01 1.425000000000e-01 1.450000000000e-01 1.475000000000e-01 1.500000000000e-01 1.525000000000e-01 1.550000000000e-01 1.575000000000e-01 1.600000000000e-01 1.625000000000e-01 1.650000000000e-01 1.675000000000e-01 1.700000000000e-01 1.725000000000e-01 1.750000000000e-01 1.775000000000e-01 1.800000000000e-01 1.825000000000e-01 1.850000000000e-01 1.875000000000e-01 1.900000000000e-01 1.925000000000e-01 1.950000000000e-01 1.975000000000e-01 2.000000000000e-01 2.025000000000e-01 2.050000000000e-01 2.075000000000e-01 2.100000000000e-01 2.125000000000e-01 2.150000000000e-01 2.175000000000e-01 2.200000000000e-01 2.225000000000e-01 2.250000000000e-01 2.275000000000e-01 2.300000000000e-01 2.325000000000e-01 2.350000000000e-01 2.375000000000e-01 2.400000000000e-01 2.425000000000e-01 2.450000000000e-01 2.475000000000e-01 2.500000000000e-01

AXIS Y
0.000000000000e+00 1.875000000000e-03 3.750000000000e-03 5.625000000000e-03 7.500000000000e-03 9.375000000000e-03 1.125000000000e-02 1.312500000000e-02 1.500000000000e-02 1.687500000000e-02 1.875000000000e-02 2.062500000000e-02 2.250000000000e-02 2.437500000000e-02 2.625000000000e-02 2.812500000000e-02 3.000000000000e-02 3.187500000000e-02 3.375000000000e-02 3.562500000000e-02 3.750000000000e-02 3.937500000000e-02 4.125000000000e-02 4.312500000000e-02 4.500000000000e-02 4.687500000000e-02 4.875000000000e-02 5.062500000000e-02 5.250000000000e-02 5.437500000000e-02 5.625000000000e-02 5.812500000000e-02 6.000000000000e-02 6.187500000000e-02 6.375000000000e-02 6.562500000000e-02 6.750000000000e-02 6.937500000000e-02 7.125000000000e-02 7.312500000000e-02 7.500000000000e-02 7.687500000000e-02 7.875000000000e-02 8.062500000000e-02 8.250000000000e-02 8.437500000000e-02 8.625000000000e-02 8.812500000000e-02 9.000000000000e-02 9.187500000000e-02 9.375000000000e-02 9.562500000000e-02 9.750000000000e-02 9.937500000000e-02 1.012500000000e-01 1.031250000000e-01 1.050000000000e-01 1.068750000000e-01 1.087500000000e-01 1.106250000000e-01 1.125000000000e-01 1.143750000000e-01 1.162500000000e-01 1.181250000000e-01 1.200000000000e-01 1.218750000000e-01 1.237500000000e-01 1.256250000000e-01 1.275000000000e-01 1.293750000000e-01 1.312500000000e-01 1.331250000000e-01 1.350000000000e-01 1.368750000000e-01 1.387500000000e-01 1.406250000000e-01 1.425000000000e-01 1.443750000000e-01 1.462500000000e-01 1.481250000000e-01 1.500000000000e-01 1.518750000000e-01 1.537500000000e-01 1.556250000000e-01 1.575000000000e-01 1.593750000000e-01 1.612500000000e-01 1.631250000000e-01 1.650000000000e-01 1.668750000000e-01 1.687500000000e-01 1.706250000000e-01 1.725000000000e-01 1.743750000000e-01 1.762500000000e-01 1.781250000000e-01 1.800000000000e-01 1.818750000000e-01 1.837500000000e-01 1.856250000000e-01 1.875000000000e-01 1.893750000000e-01 1.912500000000e-01 1.931250000000e-01 1.950000000000e-01 1.968750000000e-01 1.987500000000e-01 2.006250000000e-01 2.025000000000e-01 2.043750000000e-01 2.062500000000e-01 2.081250000000e-01 2.100000000000e-01 2.118750000000e-01 2.137500000000e-01 2.156250000000e-01 2.175000000000e-01 2.193750000000e-01 2.212500000000e-01 2.231250000000e-01 2.250000000000e-01 2.268750000000e-01 2.287500000000e-01 2.306250000000e-01 2.325000000000e-01 2.343750000000e-01 2.362500000000e-01 2.381250000000e-01 2.400000000000e-01 2.418750000000e-01 2.437500000000e-01 2.456250000000e-01 2.475000000000e-01 2.493750000000e-01 2.512500000000e-01 2.531250000000e-01 2.550000000000e-01 2.568750000000e-01 2.587500000000e-01 2.606250000000e-01 2.625000000000e-01 2.643750000000e-01 2.662500000000e-01 2.681250000000e-01 2.700000000000e-01 2.718750000000e-01 2.737500000000e-01 2.756250000000e-01 2.775000000000e-01 2.793750000000e-01 2.812500000000e-01 2.831250000000e-01 2.850000000000e-01 2.868750000000e-01 2.887500000000e-01 2.906250000000e-01 2.925000000000e-01 2.943750000000e-01 2.962500000000e-01 2.981250000000e-01 3.000000000000e-01

DATA
2.996020562635e-02 3.138947725717e-02 3.286930105877e-02 3.440027511211e-02 3.598291641382e-02 3.761765412185e-02 3.930482322252e-02 4.104465699518e-02 4.283728095802e-02 4.468270517678e-02 4.658081823188e-02 4.853137998843e-02 5.053401534866e-02 5.258820757449e-02 5.469329235172e-02 5.684845168771e-02 5.905270858583e-02 6.130492148672e-02 6.360377972915e-02 6.594779925539e-02 6.833531869402e-02 7.076449598695e-02 7.323330622956e-02 7.573953914831e-02 7.828079849761e-02 8.085450114650e-02 8.345787792931e-02 8.608797452781e-02 8.874165316905e-02 9.141559669317e-02 9.410631139125e-02 9.681013282267e-02 9.952323131521e-02 1.022416183832e-01 1.049611553668e-01 1.076775618466e-01 1.103864256481e-01 1.130832133669e-01 1.157632822701e-01 1.184218931259e-01 1.210542231846e-01 1.236553806707e-01 1.262204203248e-01 1.287443581370e-01 1.312221889976e-01 1.336489023456e-01 1.360195009149e-01 1.383290175001e-01 1.405725336301e-01 1.427451979333e-01 1.448422440392e-01 1.468590096320e-01 1.487909548671e-01 1.506336802944e-01 1.523829444624e-01 1.540346817200e-01 1.555850192188e-01 1.570302926755e-01 1.583670629742e-01 1.595921294533e-01 1.607025451092e-01 1.616956282788e-01 1.625689751495e-01 1.633204701635e-01 1.639482948657e-01 1.644509367695e-01 1.648271952567e-01 1.650761867420e-01 1.651973494115e-01 1.651904445477e-01 1.650555586983e-01 1.647931014202e-01 1.644038045278e-01 1.638887182504e-01 1.632492062969e-01 1.624869388826e-01 1.616038860452e-01 1.606023080328e-01 1.594847451149e-01 1.582540052767e-01 1.569131536956e-01 1.554654970645e-01 1.539145701893e-01 1.522641204857e-01 1.505180914530e-01 1.486806067534e-01 1.467559513482e-01 1.447485564335e-01 1.426629781012e-01 1.405038826109e-01 1.382760245533e-01 1.359842319606e-01 1.336333849735e-01 1.312284000950e-01 1.287742111234e-01 1.262757532050e-01 1.237379436788e-01 1.211656687185e-01 1.185637649234e-01 1.159370062344e-01 1.132900895295e-01
3.032129644259e-02 3.177233382013e-02 3.327497103234e-02 3.482983440307e-02 3.643746829617e-02 3.809832788278e-02 3.981277250894e-02 4.158105863741e-02 4.340333227343e-02 4.527962255283e-02 4.720983420504e-02 4.919374103566e-02 5.123097886230e-02 5.332103867129e-02 5.546326066480e-02 5.765682794104e-02 5.990076057561e-02 6.219391018396e-02 6.453495504821e-02 6.692239532424e-02 6.935454960865e-02 7.182955053170e-02 7.434534314032e-02 7.689968177118e-02 7.949012945822e-02 8.211405723899e-02 8.476864390241e-02 8.745087760727e-02 9.015755793342e-02 9.288529906318e-02 9.563053276725e-02 9.838951487049e-02 1.011583298371e-01 1.039328985088e-01 1.067089861107e-01 1.094822108240e-01 1.122480546867e-01 1.150018732552e-01 1.177389094170e-01 1.204543046994e-01 1.231431140193e-01 1.258003203819e-01 1.284208501126e-01 1.309995887939e-01 1.335313986488e-01 1.360111365735e-01 1.384336707734e-01 1.407938999551e-01 1.430867720624e-01 1.453073032419e-01 1.474505963425e-01 1.495118608919e-01 1.514864312354e-01 1.533697862577e-01 1.551575663796e-01 1.568455934911e-01 1.584298869933e-01 1.599066810332e-01 1.612724407000e-01 1.625238777076e-01 1.636579635244e-01 1.646719440494e-01 1.655633502556e-01 1.663300105687e-01 1.669700596922e-01 1.674819460781e-01 1.678644410058e-01 1.681166415756e-01 1.682379765574e-01 1.682282074107e-01 1.680874301306e-01 1.678160739057e-01 1.674148996023e-01 1.668849960793e-01 1.662277740347e-01 1.654449604169e-01 1.645385901085e-01 1.635109962796e-01 1.623648001253e-01 1.611028980979e-01 1.597284506121e-01 1.582448658283e-01 1.566557860528e-01 1.549650713504e-01 1.531767827476e-01 1.512951651105e-01 1.493246294817e-01 1.472697337949e-01 1.451351654094e-01 1.429257216278e-01 1.406462910350e-01 1.383018345597e-01 1.358973661142e-01 1.334379346095e-01 1.309286057149e-01 1.283744435141e-01 1.257804940183e-01 1.231517669086e-01 1.204932215888e-01 1.178097496080e-01 1.151061617095e-01
3.067823085853e-02 3.215099323817e-02 3.367641357773e-02 3.525514749695e-02 3.688776766085e-02 3.857475653403e-02 4.031649898192e-02 4.211327520521e-02 4.396525339977e-02 4.587248240078e-02 4.783488455653e-02 4.985224849651e-02 5.192422178134e-02 5.405030470222e-02 5.622984264375e-02 5.846202087048e-02 6.074585730482e-02 6.308019770379e-02 6.546371006708e-02 6.789487959414e-02 7.037200502098e-02 7.289319474586e-02 7.545636402596e-02 7.805923192202e-02 8.069932121891e-02 8.337395645603e-02 8.608026490056e-02 8.881517708690e-02 9.157542914696e-02 9.435756577824e-02 9.715794400693e-02 9.997273814623e-02 1.027979464307e-01 1.056293974931e-01 1.084627589161e-01 1.112935457626e-01 1.141171319262e-01 1.169287609983e-01 1.197235580777e-01 1.224965437376e-01 1.252426480035e-01 1.279567251834e-01 1.306335708238e-01 1.332679373919e-01 1.358545516331e-01 1.383881339432e-01 1.408634147237e-01 1.432751558594e-01 1.456181683940e-01 1.478873317738e-01 1.500776159166e-01 1.521840977111e-01 1.542019833443e-01 1.561266259567e-01 1.579535460089e-01 1.596784487558e-01 1.612972430319e-01 1.628060590985e-01 1.642012641093e-01 1.654794789497e-01 1.666375924955e-01 1.676727751126e-01 1.685824923320e-01 1.693645142889e-01 1.700169268355e-01 1.705381409629e-01 1.709268974008e-01 1.711822747939e-01 1.713036916195e-01 1.712909099428e-01 1.711440362492e-01 1.708635207011e-01 1.704501534704e-01 1.699050635926e-01 1.692297108671e-01 1.684258803438e-01 1.674956743410e-01 1.664415010746e-01 1.652660656522e-01 1.639723554926e-01 1.625636289010e-01 1.610433989390e-01 1.594154179905e-01 1.576836624013e-01 1.558523141006e-01 1.539257425624e-01 1.519084871545e-01 1.498052377993e-01 1.476208150549e-01 1.453601515267e-01 1.430282725545e-01 1.406302752011e-01 1.381713100431e-01 1.356565620067e-01 1.330912310126e-01 1.304805139246e-01 1.278295864864e-01 1.251435859091e-01 1.224275951922e-01 1.196866266440e-01 1.169256065630e-01
3.103073273010e-02 3.252516651975e-02 3.407332660375e-02 3.567589921547e-02 3.733348631188e-02 3.904659848839e-02 4.081564729662e-02 4.264093796315e-02 4.452266182291e-02 4.646088872919e-02 4.845555968900e-02 5.050647916637e-02 5.261330811890e-02 5.477555633934e-02 5.699257635998e-02 5.926355603939e-02 6.158751247433e-02 6.396328634849e-02 6.638953592991e-02 6.886473276556e-02 7.138715641206e-02 7.395489116104e-02 7.656582306613e-02 7.921763655685e-02 8.190781404688e-02 8.463363396103e-02 8.739217178828e-02 9.018029999062e-02 9.299469119284e-02 9.583182001202e-02 9.868796755923e-02 1.015592264650e-01 1.044415071957e-01 1.073305446080e-01 1.102219070851e-01 1.131110052764e-01 1.159931032495e-01 1.188633293537e-01 1.217166897696e-01 1.245480811731e-01 1.273523060552e-01 1.301240877406e-01 1.328580878234e-01 1.355489217860e-01 1.381911785099e-01 1.407794380582e-01 1.433082910813e-01 1.457723575439e-01 1.481663087071e-01 1.504848847311e-01 1.527229173894e-01 1.548753489941e-01 1.569372529982e-01 1.589038547401e-01 1.607705499889e-01 1.625329252325e-01 1.641867761628e-01 1.657281254649e-01 1.671532401335e-01 1.684586478904e-01 1.696411525986e-01 1.706978475538e-01 1.716261302685e-01 1.724237119212e-01 1.730886294954e-01 1.736192530884e-01 1.740142944550e-01 1.742728119555e-01 1.743942149491e-01 1.743782665801e-01 1.742250845924e-01 1.739351391316e-01 1.735092534100e-01 1.729485968933e-01 1.722546800234e-01 1.714293491042e-01 1.704747748999e-01 1.693934439202e-01 1.681881476339e-01 1.668619670431e-01 1.654182614480e-01 1.638606520630e-01 1.621930050090e-01 1.604194157072e-01 1.585441901841e-01 1.565718270107e-01 1.545069967973e-01 1.523545241123e-01 1.501193674737e-01 1.478065982602e-01 1.454213805132e-01 1.429689519494e-01 1.404546033233e-01 1.378836575551e-01 1.352614526496e-01 1.325933200006e-01 1.298845688551e-01 1.271404661959e-01 1.243662209398e-01 1.215669678188e-01 1.187477513938e-01
3.137852449120e-02 3.289456324045e-02 3.446540681335e-02 3.609177288417e-02 3.777429384710e-02 3.951350961701e-02 4.130985956843e-02 4.316367520446e-02 4.507517208286e-02 4.704444225367e-02 4.907144645617e-02 5.115600647747e-02 5.329779740274e-02 5.549634034155e-02 5.775099552532e-02 6.006095457700e-02 6.242523505050e-02 6.484267339912e-02 6.731191933458e-02 6.983143101326e-02 7.239946995641e-02 7.501409713597e-02 7.767316944444e-02 8.037433754714e-02 8.311504357908e-02 8.589251995370e-02 8.870379033240e-02 9.154566925987e-02 9.441476491233e-02 9.730748162840e-02 1.002200240580e-01 1.031484017973e-01 1.060884363791e-01 1.090357679579e-01 1.119858641777e-01 1.149340293024e-01 1.178754156109e-01 1.208050345278e-01 1.237177702523e-01 1.266083935133e-01 1.294715763041e-01 1.323019086186e-01 1.350939140036e-01 1.378420694053e-01 1.405408214925e-01 1.431846068704e-01 1.457678721213e-01 1.482850931725e-01 1.507307970758e-01 1.530995808032e-01 1.553861352952e-01 1.575852638324e-01 1.596919045603e-01 1.617011503553e-01 1.636082699238e-01 1.654087278334e-01 1.670982023088e-01 1.686726065886e-01 1.701281045462e-01 1.714611283189e-01 1.726683942454e-01 1.737469169679e-01 1.746940239973e-01 1.755073661994e-01 1.761849299552e-01 1.767250443750e-01 1.771263914797e-01 1.773880092049e-01 1.775092979984e-01 1.774900215508e-01 1.773303096944e-01 1.770306553997e-01 1.765919139460e-01 1.760152976192e-01 1.753023705239e-01 1.744550407504e-01 1.734755503164e-01 1.723664674270e-01 1.711306714529e-01 1.697713407432e-01 1.682919388299e-01 1.666961977988e-01 1.649881010012e-01 1.631718668323e-01 1.612519290443e-01 1.592329177181e-01 1.571196396653e-01 1.549170580699e-01 1.526302712133e-01 1.502644934909e-01 1.478250320480e-01 1.453172680910e-01 1.427466350170e-01 1.401185983661e-01 1.374386358698e-01 1.347122177295e-01 1.319447883294e-01 1.291417469953e-01 1.263084314520e-01 1.234501012696e-01 1.205719207270e-01
3.172132791604e-02 3.325889220048e-02 3.485234948583e-02 3.650245025896e-02 3.820985839307e-02 3.997514418403e-02 4.179877617662e-02 4.368111307586e-02 4.562239615046e-02 4.762274078214e-02 4.968212877859e-02 5.180040038102e-02 5.397724613052e-02 5.621219966674e-02 5.850462984886e-02 6.085373382238e-02 6.325853020225e-02 6.571785222730e-02 6.823034229052e-02 7.079444604984e-02 7.340840764219e-02 7.607026540217e-02 7.877784827654e-02 8.152877282377e-02 8.432044152481e-02 8.715004130181e-02 9.001454345776e-02 9.291070481622e-02 9.583506895510e-02 9.878396901413e-02 1.017535324394e-01 1.047396852659e-01 1.077381589655e-01 1.107444974290e-01 1.137540659899e-01 1.167620609786e-01 1.197635206591e-01 1.227533375718e-01 1.257262715316e-01 1.286769647336e-01 1.315999561513e-01 1.344896984366e-01 1.373405758290e-01 1.401469215922e-01 1.429030375861e-01 1.456032137357e-01 1.482417486768e-01 1.508129703427e-01 1.533112578462e-01 1.557310621539e-01 1.580669284281e-01 1.603135181529e-01 1.624656292662e-01 1.645182198926e-01 1.664664276037e-01 1.683055907526e-01 1.700312689193e-01 1.716392616332e-01 1.731256265559e-01 1.744866980632e-01 1.757191027096e-01 1.768197745060e-01 1.777859689097e-01 1.786152747262e-01 1.793056270019e-01 1.798553130886e-01 1.802629837930e-01 1.805276575732e-01 1.806487251433e-01 1.806259519927e-01 1.804594805819e-01 1.801498272172e-01 1.796978810983e-01 1.791048994965e-01 1.783725008869e-01 1.775026578483e-01 1.764976873023e-01 1.753602399260e-01 1.740932874052e-01 1.727001079878e-01 1.711842728310e-01 1.695496284143e-01 1.678002786199e-01 1.659405688792e-01 1.639750634619e-01 1.619085287505e-01 1.597459109484e-01 1.574923150436e-01 1.551529840969e-01 1.527332783085e-01 1.502386518691e-01 1.476746324059e-01 1.450467999626e-01 1.423607654041e-01 1.396221498728e-01 1.368365650570e-01 1.340095929713e-01 1.311467686893e-01 1.282535603221e-01 1.253353542319e-01 1.223974374219e-01
3.205886442030e-02 3.361786129337e-02 3.523384916988e-02 3.690761200700e-02 3.863984661185e-02 4.043115485584e-02 4.228203540663e-02 4.419287567503e-02 4.616394381823e-02 4.819537992920e-02 5.028718807248e-02 5.243922822836e-02 5.465120790361e-02 5.692267419089e-02 5.925300616957e-02 6.164140760683e-02 6.408689920076e-02 6.658831248539e-02 6.914428331154e-02 7.175324593886e-02 7.441342799311e-02 7.712284593851e-02 7.987930126085e-02 8.268037707755e-02 8.552343694591e-02 8.840562199949e-02 9.132385196234e-02 9.427482508709e-02 9.725502021694e-02 1.002606993896e-01 1.032879117531e-01 1.063324990846e-01 1.093901014480e-01 1.124561651080e-01 1.155259519711e-01 1.185945481779e-01 1.216568761798e-01 1.247077071434e-01 1.277416747925e-01 1.307532893685e-01 1.337369542122e-01 1.366869821150e-01 1.395976134340e-01 1.424630360119e-01 1.452774022674e-01 1.480348520848e-01 1.507295324074e-01 1.533556196696e-01 1.559073411904e-01 1.583789971345e-01 1.607649839139e-01 1.630598164306e-01 1.652581498894e-01 1.673548023510e-01 1.693447776376e-01 1.712232847722e-01 1.729857597578e-01 1.746278863278e-01 1.761456134179e-01 1.775351747048e-01 1.787931035604e-01 1.799162516556e-01 1.809018006202e-01 1.817472768273e-01 1.824505603911e-01 1.830098982722e-01 1.834239081887e-01 1.836915890589e-01 1.838123221166e-01 1.837858756325e-01 1.836124049301e-01 1.832924505801e-01 1.828269380340e-01 1.822171704048e-01 1.814648231064e-01 1.805719360523e-01 1.795409027716e-01 1.783744600873e-01 1.770756741556e-01 1.756479275625e-01 1.740949012498e-01 1.724205601336e-01 1.706291331006e-01 1.687250944874e-01 1.667131453553e-01 1.645981910247e-01 1.623853204194e-01 1.600797849345e-01 1.576869766392e-01 1.552124047299e-01 1.526616735888e-01 1.500404621214e-01 1.473544999075e-01 1.446095462011e-01 1.418113690436e-01 1.389657237852e-01 1.360783345756e-01 1.331548732072e-01 1.302009416798e-01 1.272220550702e-01 1.242236243403e-01
3.239085486613e-02 3.397117818369e-02 3.560959977933e-02 3.730693820698e-02 3.906392446988e-02 4.088119305766e-02 4.275927436641e-02 4.469858572711e-02 4.669942320666e-02 4.876195323154e-02 5.088620347464e-02 5.307205501297e-02 5.531923343695e-02 5.762730097031e-02 5.999564824259e-02 6.242348667605e-02 6.490984054228e-02 6.745354086919e-02 7.005321779294e-02 7.270729564739e-02 7.541398619343e-02 7.817128517846e-02 8.097696719400e-02 8.382858284908e-02 8.672345671557e-02 8.965868476517e-02 9.263113507856e-02 9.563744784392e-02 9.867403653964e-02 1.017370914347e-01 1.048225833208e-01 1.079262681939e-01 1.110436940069e-01 1.141702085138e-01 1.173009674578e-01 1.204309458849e-01 1.235549483876e-01 1.266676224786e-01 1.297634727704e-01 1.328368753078e-01 1.358820943156e-01 1.388933001090e-01 1.418645861050e-01 1.447899901101e-01 1.476635128633e-01 1.504791392736e-01 1.532308615933e-01 1.559127002036e-01 1.585187259649e-01 1.610430854328e-01 1.634800215996e-01 1.658238987605e-01 1.680692251113e-01 1.702106757576e-01 1.722431157143e-01 1.741616210566e-01 1.759615018060e-01 1.776383216708e-01 1.791879182324e-01 1.806064203318e-01 1.818902681711e-01 1.830362271909e-01 1.840414033573e-01 1.849032584271e-01 1.856196182000e-01 1.861886859747e-01 1.866090480993e-01 1.868796820930e-01 1.869999611103e-01 1.869696550616e-01 1.867889342535e-01 1.864583652623e-01 1.859789100666e-01 1.853519203832e-01 1.845791305521e-01 1.836626497448e-01 1.826049513632e-01 1.814088615256e-01 1.800775442075e-01 1.786144888604e-01 1.770234913164e-01 1.753086373927e-01 1.734742846361e-01 1.715250423631e-01 1.694657495013e-01 1.673014554659e-01 1.650373973424e-01 1.626789757038e-01 1.602317350598e-01 1.577013382106e-01 1.550935442111e-01 1.524141857570e-01 1.496691458821e-01 1.468643359707e-01 1.440056736463e-01 1.410990624310e-01 1.381503692155e-01 1.351654065923e-01 1.321499126245e-01 1.291095335825e-01 1.260498063606e-01
3.271702065248e-02 3.431855055901e-02 3.597929492208e-02 3.770010845351e-02 3.948175717571e-02 4.132490979358e-02 4.323012938259e-02 4.519786460307e-02 4.722844129063e-02 4.932205289920e-02 5.147875262572e-02 5.369844384669e-02 5.598087188066e-02 5.832561538355e-02 6.073207792473e-02 6.319947980224e-02 6.572685057746e-02 6.831302163097e-02 7.095661915143e-02 7.365605809028e-02 7.640953613731e-02 7.921502846823e-02 8.207028405658e-02 8.497282150697e-02 8.791992691105e-02 9.090865198980e-02 9.393581300909e-02 9.699799168897e-02 1.000915369199e-01 1.032125661925e-01 1.063569712984e-01 1.095204217830e-01 1.126983726136e-01 1.158860709976e-01 1.190785660665e-01 1.222707189923e-01 1.254572146374e-01 1.286325747641e-01 1.317911722921e-01 1.349272457084e-01 1.380349184261e-01 1.411082133950e-01 1.441410750264e-01 1.471273865997e-01 1.500609930826e-01 1.529357216424e-01 1.557454046047e-01 1.584839024439e-01 1.611451266112e-01 1.637230639554e-01 1.662118004290e-01 1.686055458449e-01 1.708986569294e-01 1.730856614524e-01 1.751612820251e-01 1.771204583628e-01 1.789583699076e-01 1.806704576716e-01 1.822524433644e-01 1.837003506213e-01 1.850105207439e-01 1.861796324889e-01 1.872047142708e-01 1.880831606081e-01 1.888127421824e-01 1.893916174537e-01 1.898183406350e-01 1.900918685376e-01 1.902115655065e-01 1.901772049214e-01 1.899889717203e-01 1.896474599778e-01 1.891536707641e-01 1.885090054728e-01 1.877152602348e-01 1.867746162650e-01 1.856896295489e-01 1.844632180993e-01 1.830986479778e-01 1.815995188858e-01 1.799697443988e-01 1.782135363374e-01 1.763353850676e-01 1.743400374079e-01 1.722324764818e-01 1.700178990713e-01 1.677016934080e-01 1.652894151624e-01 1.627867644879e-01 1.601995622266e-01 1.575337254774e-01 1.547952452166e-01 1.519901613238e-01 1.491245405532e-01 1.462044543455e-01 1.432359557958e-01 1.402250594763e-01 1.371777206133e-01 1.340998152601e-01 1.309971236767e-01 1.278753104155e-01
3.303708339201e-02 3.465968630830e-02 3.634262863796e-02 3.808680237481e-02 3.989300988965e-02 4.176195531627e-02 4.369423593147e-02 4.569033322148e-02 4.775060372041e-02 4.987527006184e-02 5.206441192868e-02 5.431795668741e-02 5.663567087757e-02 5.901715107132e-02 6.146181511345e-02 6.396889400378e-02 6.653742388550e-02 6.916623769910e-02 7.185395911834e-02 7.459899507560e-02 7.739952984329e-02 8.025351965914e-02 8.315868845184e-02 8.611252392087e-02 8.911227429289e-02 9.215494673663e-02 9.523730687586e-02 9.835587804305e-02 1.015069435939e-01 1.046865486655e-01 1.078905052497e-01 1.111143958178e-01 1.143535805772e-01 1.176032057418e-01 1.208582117626e-01 1.241133445437e-01 1.273631665867e-01 1.306020714908e-01 1.338242978046e-01 1.370239446175e-01 1.401949897733e-01 1.433313071205e-01 1.464266865077e-01 1.494748548966e-01 1.524694966759e-01 1.554042768691e-01 1.582728645623e-01 1.610689547559e-01 1.637862957371e-01 1.664187102032e-01 1.689601229818e-01 1.714045840147e-01 1.737462948873e-01 1.759796314566e-01 1.780991694705e-01 1.800997086976e-01 1.819762942505e-01 1.837242405871e-01 1.853391506315e-01 1.868169384317e-01 1.881538455152e-01 1.893464598319e-01 1.903917310131e-01 1.912869847384e-01 1.920299342617e-01 1.926186938826e-01 1.930517837889e-01 1.933281404658e-01 1.934471191038e-01 1.934084977528e-01 1.932124771759e-01 1.928596805531e-01 1.923511485123e-01 1.916883355607e-01 1.908731015341e-01 1.899077030279e-01 1.887947807504e-01 1.875373492226e-01 1.861387796066e-01 1.846027847056e-01 1.829334013987e-01 1.811349713983e-01 1.792121208368e-01 1.771697391728e-01 1.750129575360e-01 1.727471252589e-01 1.703777861793e-01 1.679106545045e-01 1.653515913779e-01 1.627065789565e-01 1.599816971670e-01 1.571830986151e-01 1.543169838485e-01 1.513895792368e-01 1.484071125629e-01 1.453757902931e-01 1.423017773866e-01 1.391911738833e-01 1.360499977311e-01 1.328841643164e-01 1.296994686467e-01
3.335076544556e-02 3.499429393147e-02 3.669929527749e-02 3.846669991511e-02 4.029734784492e-02 4.219198024014e-02 4.415122980436e-02 4.617561218899e-02 4.826551629283e-02 5.042119534354e-02 5.264275703648e-02 5.493015462627e-02 5.728317710042e-02 5.970144062305e-02 6.218437912530e-02 6.473123558933e-02 6.734105408588e-02 7.001267111691e-02 7.274470880333e-02 7.553556750291e-02 7.838341944133e-02 8.128620303409e-02 8.424161815065e-02 8.724712225478e-02 9.029992655829e-02 9.339699476237e-02 9.653504123656e-02 9.971053161475e-02 1.029196836233e-01 1.061584699454e-01 1.094226217757e-01 1.127076338977e-01 1.160087713667e-01 1.193210773792e-01 1.226393820592e-01 1.259583138659e-01 1.292723117508e-01 1.325756384551e-01 1.358623951567e-01 1.391265382701e-01 1.423618973404e-01 1.455621930548e-01 1.487210581097e-01 1.518320577678e-01 1.548887128941e-01 1.578845217994e-01 1.608129846585e-01 1.636676286622e-01 1.664420321215e-01 1.691298505480e-01 1.717248420296e-01 1.742208926767e-01 1.766120430292e-01 1.788925139495e-01 1.810567300244e-01 1.830993455451e-01 1.850152680661e-01 1.867996807156e-01 1.884480660382e-01 1.899562239321e-01 1.913202933840e-01 1.925367698497e-01 1.936025206594e-01 1.945148009886e-01 1.952712673175e-01 1.958699855759e-01 1.963094441810e-01 1.965885574408e-01 1.967066729941e-01 1.966635729469e-01 1.964594759562e-01 1.960950348940e-01 1.955713331743e-01 1.948898801507e-01 1.940526021862e-01 1.930618332839e-01 1.919203038131e-01 1.906311270362e-01 1.891977824342e-01 1.876241019082e-01 1.859142485211e-01 1.840726976375e-01 1.821042168136e-01 1.800138427925e-01 1.778068590397e-01 1.754887710948e-01 1.730652834314e-01 1.705422737513e-01 1.679257680495e-01 1.652219148713e-01 1.624369605987e-01 1.595772232650e-01 1.566490689749e-01 1.536588862002e-01 1.506130635118e-01 1.475179637109e-01 1.443799046117e-01 1.412051352863e-01 1.379998166773e-01 1.347700018468e-01 1.315216185420e-01
3.365779047478e-02 3.532208303791e-02 3.704899001445e-02 3.883948170627e-02 4.069443708681e-02 4.261463549678e-02 4.460074677410e-02 4.665332203682e-02 4.877278449030e-02 5.095941923828e-02 5.321336381376e-02 5.553459853555e-02 5.792293705619e-02 6.037801667923e-02 6.289928867359e-02 6.548601027956e-02 6.813723468727e-02 7.085180364236e-02 7.362833934676e-02 7.646523684229e-02 7.936065761580e-02 8.231252362877e-02 8.531851212800e-02 8.837605058049e-02 9.148231467832e-02 9.463422450775e-02 9.782844454178e-02 1.010613823353e-01 1.043291905732e-01 1.076277685959e-01 1.109527666915e-01 1.142995911784e-01 1.176634104232e-01 1.210391637027e-01 1.244215694147e-01 1.278051366438e-01 1.311841783173e-01 1.345528235040e-01 1.379050337026e-01 1.412346195572e-01 1.445352589372e-01 1.478005157318e-01 1.510238613127e-01 1.541986957217e-01 1.573183707824e-01 1.603762145157e-01 1.633655541887e-01 1.662797428667e-01 1.691121856623e-01 1.718563647421e-01 1.745058665473e-01 1.770544091881e-01 1.794958677258e-01 1.818243016279e-01 1.840339804730e-01 1.861194090737e-01 1.880753529575e-01 1.898968607730e-01 1.915792889336e-01 1.931183213761e-01 1.945099912905e-01 1.957506979782e-01 1.968372258492e-01 1.977667574918e-01 1.985368886901e-01 1.991456399765e-01 1.995914638136e-01 1.998732547088e-01 1.999903513651e-01 1.999425424733e-01 1.997300644700e-01 1.993536025408e-01 1.988142843786e-01 1.981136764537e-01 1.972537742905e-01 1.962369934134e-01 1.950661567726e-01 1.937444795455e-01 1.922755555970e-01 1.906633380859e-01 1.889121208412e-01 1.870265186965e-01 1.850114443514e-01 1.828720867305e-01 1.806138858439e-01 1.782425094138e-01 1.757638270700e-01 1.731838841329e-01 1.705088761674e-01 1.677451227070e-01 1.648990406989e-01 1.619771185066e-01 1.589858912191e-01 1.559319141777e-01 1.528217384873e-01 1.496618881865e-01 1.464588367158e-01 1.432189841446e-01 1.399486378367e-01 1.366539910573e-01 1.333411057272e-01
3.395788348659e-02 3.564276446705e-02 3.739140945683e-02 3.920482953344e-02 4.108394443137e-02 4.302957293140e-02 4.504242350273e-02 4.712308447978e-02 4.927201468334e-02 5.148953282647e-02 5.377580806827e-02 5.613084974061e-02 5.855449767337e-02 6.104641178313e-02 6.360606318058e-02 6.623272416256e-02 6.892545968144e-02 7.168311797404e-02 7.450432275277e-02 7.738746571850e-02 8.033069906581e-02 8.333192929274e-02 8.638881183745e-02 8.949874643945e-02 9.265887326549e-02 9.586607023180e-02 9.911695164111e-02 1.024078680405e-01 1.057349062851e-01 1.090938927750e-01 1.124803966463e-01 1.158897345459e-01 1.193169775584e-01 1.227569594593e-01 1.262042852519e-01 1.296533431784e-01 1.330983168134e-01 1.365331999814e-01 1.399518116101e-01 1.433478128039e-01 1.467147265169e-01 1.500459557478e-01 1.533348067774e-01 1.565745104455e-01 1.597582450281e-01 1.628791626282e-01 1.659304136977e-01 1.689051718697e-01 1.717966636701e-01 1.745981927792e-01 1.773031698863e-01 1.799051382889e-01 1.823978032119e-01 1.847750585122e-01 1.870310125685e-01 1.891600168553e-01 1.911566898004e-01 1.930159422446e-01 1.947329999519e-01 1.963034278699e-01 1.977231492127e-01 1.989884660015e-01 2.000960752262e-01 2.010430862641e-01 2.018270336610e-01 2.024458890293e-01 2.028980708312e-01 2.031824515817e-01 2.032983636024e-01 2.032456009237e-01 2.030244208700e-01 2.026355409885e-01 2.020801372546e-01 2.013598349158e-01 2.004767026605e-01 1.994332395615e-01 1.982323650658e-01 1.968774015849e-01 1.953720595425e-01 1.937204195220e-01 1.919269105641e-01 1.899962908436e-01 1.879336240177e-01 1.857442552391e-01 1.834337876719e-01 1.810080549325e-01 1.784730965723e-01 1.758351312646e-01 1.731005290435e-01 1.702757848568e-01 1.673674904741e-01 1.643823096599e-01 1.613269493709e-01 1.582081361287e-01 1.550325881891e-01 1.518069933408e-01 1.485379838109e-01 1.452321141249e-01 1.418958400604e-01 1.385354976570e-01 1.351572847163e-01
3.425077117129e-02 3.595605095770e-02 3.772625161419e-02 3.956242689956e-02 4.146553831495e-02 4.343644572951e-02 4.547589789320e-02 4.758452197827e-02 4.976281388190e-02 5.201112806923e-02 5.432966688557e-02 5.671847035061e-02 5.917740640159e-02 6.170615965274e-02 6.430422264950e-02 6.697088497497e-02 6.970522459739e-02 7.250609827183e-02 7.537213323147e-02 7.830171916831e-02 8.129300051026e-02 8.434387005150e-02 8.745196309500e-02 9.061465192320e-02 9.382904288081e-02 9.709197213374e-02 1.004000049920e-01 1.037494343312e-01 1.071362827447e-01 1.105563027069e-01 1.140049817553e-01 1.174775468252e-01 1.209689702304e-01 1.244739786287e-01 1.279870626899e-01 1.315024870349e-01 1.350143048359e-01 1.385163709475e-01 1.420023586898e-01 1.454657768327e-01 1.488999891830e-01 1.522982350726e-01 1.556536502744e-01 1.589592919160e-01 1.622081609237e-01 1.653932282485e-01 1.685074614618e-01 1.715438508207e-01 1.744954379361e-01 1.773553432791e-01 1.801167953544e-01 1.827731582879e-01 1.853179614671e-01 1.877449275802e-01 1.900479998511e-01 1.922213705108e-01 1.942595066725e-01 1.961571755850e-01 1.979094706573e-01 1.995118323725e-01 2.009600711379e-01 2.022503885637e-01 2.033793922724e-01 2.043441158330e-01 2.051420312100e-01 2.057710602364e-01 2.062295862704e-01 2.065164611966e-01 2.066310096831e-01 2.065730334733e-01 2.063428108966e-01 2.059410959964e-01 2.053691128965e-01 2.046285502417e-01 2.037215517705e-01 2.026507050915e-01 2.014190291357e-01 2.000299580186e-01 1.984873238111e-01 1.967953383166e-01 1.949585712894e-01 1.929819294963e-01 1.908706321634e-01 1.886301868145e-01 1.862663633770e-01 1.837851678683e-01 1.811928158096e-01 1.784957026978e-01 1.757003788779e-01 1.728135186470e-01 1.698418947396e-01 1.667923495538e-01 1.636717675454e-01 1.604870491894e-01 1.572450843385e-01 1.539527274231e-01 1.506167735905e-01 1.472439341185e-01 1.438408157970e-01 1.404138994530e-01 1.369695213127e-01
3.453618262730e-02 3.626165704084e-02 3.805321668650e-02 3.991195890689e-02 4.183888885314e-02 4.383490894784e-02 4.590080954524e-02 4.803725861364e-02 5.024479119316e-02 5.252379866889e-02 5.487451872811e-02 5.729702408230e-02 5.979121257664e-02 6.235679571434e-02 6.499328916578e-02 6.770000186470e-02 7.047602685637e-02 7.332023115181e-02 7.623124764356e-02 7.920746529229e-02 8.224702307398e-02 8.534780131165e-02 8.850741640755e-02 9.172321517871e-02 9.499227070336e-02 9.831137867964e-02 1.016770557105e-01 1.050855384826e-01 1.085327842699e-01 1.120144723786e-01 1.155260083844e-01 1.190625281152e-01 1.226189050308e-01 1.261897578424e-01 1.297694594307e-01 1.333521505214e-01 1.369317501639e-01 1.405019722557e-01 1.440563411061e-01 1.475882099623e-01 1.510907799701e-01 1.545571214796e-01 1.579801968131e-01 1.613528837650e-01 1.646680009442e-01 1.679183332708e-01 1.710966600664e-01 1.741957823728e-01 1.772085515798e-01 1.801278989240e-01 1.829468650037e-01 1.856586290917e-01 1.882565394944e-01 1.907341411448e-01 1.930852071640e-01 1.953037654326e-01 1.973841265385e-01 1.993209107551e-01 2.011090722983e-01 2.027439253105e-01 2.042211636515e-01 2.055368844539e-01 2.066876047350e-01 2.076702795640e-01 2.084823157408e-01 2.091215856639e-01 2.095864368928e-01 2.098756993217e-01 2.099886923566e-01 2.099252255736e-01 2.096856009507e-01 2.092706089716e-01 2.086815267330e-01 2.079201079622e-01 2.069885755406e-01 2.058896097134e-01 2.046263325223e-01 2.032022945537e-01 2.016214541499e-01 1.998881595753e-01 1.980071267303e-01 1.959834157687e-01 1.938224071477e-01 1.915297764828e-01 1.891114665314e-01 1.865736610221e-01 1.839227552525e-01 1.811653292000e-01 1.783081170992e-01 1.753579791607e-01 1.723218730173e-01 1.692068244304e-01 1.660198995144e-01 1.627681775460e-01 1.594587232370e-01 1.560985618822e-01 1.526946539026e-01 1.492538706033e-01 1.457829730013e-01 1.422885889741e-01 1.387771945560e-01
3.481384934056e-02 3.655929996064e-02 3.837200703770e-02 4.025311335244e-02 4.220366853350e-02 4.422461957768e-02 4.631680032099e-02 4.848092089078e-02 5.071755726419e-02 5.302714004811e-02 5.540994411690e-02 5.786607674162e-02 6.039546781516e-02 6.299785764732e-02 6.567278721400e-02 6.841958699939e-02 7.123736687796e-02 7.412500671981e-02 7.708114627197e-02 8.010417676036e-02 8.319223237170e-02 8.634318347578e-02 8.955462915108e-02 9.282389179130e-02 9.614801240265e-02 9.952374782556e-02 1.029475665613e-01 1.064156494486e-01 1.099238891387e-01 1.134678917755e-01 1.170429804233e-01 1.206441996156e-01 1.242663224947e-01 1.279038579360e-01 1.315510615960e-01 1.352019456315e-01 1.388502943200e-01 1.424896769340e-01 1.461134660871e-01 1.497148553194e-01 1.532868791134e-01 1.568224351037e-01 1.603143072260e-01 1.637551892961e-01 1.671377117502e-01 1.704544683260e-01 1.736980444273e-01 1.768610457154e-01 1.799361280962e-01 1.829160268619e-01 1.857935886492e-01 1.885618022312e-01 1.912138277998e-01 1.937430281777e-01 1.961429996671e-01 1.984076003949e-01 2.005309793081e-01 2.025076041608e-01 2.043322871065e-01 2.060002096284e-01 2.075069470786e-01 2.088484882665e-01 2.100212562926e-01 2.110221253196e-01 2.118484371677e-01 2.124980123470e-01 2.129691623485e-01 2.132606961900e-01 2.133719264720e-01 2.133026736936e-01 2.130532634552e-01 2.126245276634e-01 2.120177970092e-01 2.112348946386e-01 2.102781257362e-01 2.091502667774e-01 2.078545492533e-01 2.063946432934e-01 2.047746396577e-01 2.029990282456e-01 2.010726757016e-01 1.990008026314e-01 1.967889563094e-01 1.944429853345e-01 1.919690117077e-01 1.893734024852e-01 1.866627393421e-01 1.838437910606e-01 1.809234824316e-01 1.779088642692e-01 1.748070835854e-01 1.716253554576e-01 1.683709319374e-01 1.650510747749e-01 1.616730285378e-01 1.582439920967e-01 1.547710948099e-01 1.512613713086e-01 1.477217388802e-01 1.441589750514e-01 1.405796978849e-01
3.508350561522e-02 3.684869973553e-02 3.868232817262e-02 4.058558035552e-02 4.255955255778e-02 4.460523756667e-02 4.672351451951e-02 4.891513772060e-02 5.118072577443e-02 5.352075069104e-02 5.593552633278e-02 5.842519696311e-02 6.098972641156e-02 6.362888607535e-02 6.634224441326e-02 6.912915564157e-02 7.198874907761e-02 7.491991901338e-02 7.792131459521e-02 8.099133103045e-02 8.412810032077e-02 8.732948422292e-02 9.059306598141e-02 9.391614564246e-02 9.729573409978e-02 1.007285491129e-01 1.042110131878e-01 1.077392515688e-01 1.113090928734e-01 1.149160696948e-01 1.185554227625e-01 1.222221049537e-01 1.259107878810e-01 1.296158699930e-01 1.333314861755e-01 1.370515202060e-01 1.407696171692e-01 1.444792001093e-01 1.481734857282e-01 1.518455046569e-01 1.554881205593e-01 1.590940535205e-01 1.626559042007e-01 1.661661768828e-01 1.696173092917e-01 1.730016975718e-01 1.763117275604e-01 1.795398030366e-01 1.826783777808e-01 1.857199850995e-01 1.886572719998e-01 1.914830289434e-01 1.941902220505e-01 1.967720258866e-01 1.992218535816e-01 2.015333881731e-01 2.037006115613e-01 2.057178331382e-01 2.075797183435e-01 2.092813121638e-01 2.108180665479e-01 2.121858591543e-01 2.133810161193e-01 2.144003294432e-01 2.152410728840e-01 2.159010146067e-01 2.163784293936e-01 2.166721049483e-01 2.167813497111e-01 2.167059942509e-01 2.164463920422e-01 2.160034167208e-01 2.153784562663e-01 2.145734066524e-01 2.135906608678e-01 2.124330946693e-01 2.111040536965e-01 2.096073334242e-01 2.079471619463e-01 2.061281767378e-01 2.041554016983e-01 2.020342229763e-01 1.997703610128e-01 1.973698445278e-01 1.948389795944e-01 1.921843232928e-01 1.894126498652e-01 1.865309229363e-01 1.835462629900e-01 1.804659174502e-01 1.772972284198e-01 1.740476040155e-01 1.707244877287e-01 1.673353285726e-01 1.638875537990e-01 1.603885409318e-01 1.568455913346e-01 1.532659059984e-01 1.496565605313e-01 1.460244850155e-01 1.423764411666e-01
3.534488916747e-02 3.712957961708e-02 3.898388855064e-02 4.090905356243e-02 4.290621918640e-02 4.497642589902e-02 4.712059975902e-02 4.933954113143e-02 5.163391354300e-02 5.400423214574e-02 5.645085201566e-02 5.897395671823e-02 6.157354626110e-02 6.424942541140e-02 6.700119269742e-02 6.982822797261e-02 7.272968259118e-02 7.570446755597e-02 7.875124382125e-02 8.186841260137e-02 8.505410597348e-02 8.830617888446e-02 9.162220113202e-02 9.499945194264e-02 9.843491320146e-02 1.019252656513e-01 1.054668862437e-01 1.090558458065e-01 1.126879089461e-01 1.163585357538e-01 1.200628842279e-01 1.237958147942e-01 1.275518965686e-01 1.313254162082e-01 1.351103868304e-01 1.389005605789e-01 1.426894420601e-01 1.464703036252e-01 1.502362036768e-01 1.539800051114e-01 1.576943969961e-01 1.613719174218e-01 1.650049780100e-01 1.685858886471e-01 1.721068875610e-01 1.755601685384e-01 1.789379098142e-01 1.822323084823e-01 1.854356077652e-01 1.885401340148e-01 1.915383260175e-01 1.944227694833e-01 1.971862305253e-01 1.998216885643e-01 2.023223668339e-01 2.046817672272e-01 2.068936976642e-01 2.089523053808e-01 2.108521021786e-01 2.125879941038e-01 2.141553033354e-01 2.155497942256e-01 2.167676931802e-01 2.178057066519e-01 2.186610392329e-01 2.193314050526e-01 2.198150415732e-01 2.201107169153e-01 2.202177348276e-01 2.201359381261e-01 2.198657093270e-01 2.194079667867e-01 2.187641606046e-01 2.179362628532e-01 2.169267564441e-01 2.157386239461e-01 2.143753285337e-01 2.128407976493e-01 2.111394024059e-01 2.092759333766e-01 2.072555790505e-01 2.050838961624e-01 2.027667858532e-01 2.003104621636e-01 1.977214238918e-01 1.950064232467e-01 1.921724335646e-01 1.892266192967e-01 1.861763031297e-01 1.830289342770e-01 1.797920559128e-01 1.764732748311e-01 1.730802299021e-01 1.696205623771e-01 1.661018870909e-01 1.625317627761e-01 1.589176669353e-01 1.552669693851e-01 1.515869082616e-01 1.478845669643e-01 1.441668536511e-01
3.559774118427e-02 3.740166647453e-02 3.927640023757e-02 4.122323022269e-02 4.324335055495e-02 4.533785125443e-02 4.750770716641e-02 4.975376699899e-02 5.207674084782e-02 5.447718959249e-02 5.695551165372e-02 5.951193208406e-02 6.214648954706e-02 6.485902472642e-02 6.764916839289e-02 7.051632906170e-02 7.345968201443e-02 7.647815785141e-02 7.957043158923e-02 8.273491312746e-02 8.596973654522e-02 8.927275247273e-02 9.264151947736e-02 9.607329724729e-02 9.956504067684e-02 1.031133949150e-01 1.067146927421e-01 1.103649514670e-01 1.140598727218e-01 1.177948436697e-01 1.215649396682e-01 1.253649281630e-01 1.291892756020e-01 1.330321547401e-01 1.368874556453e-01 1.407487962919e-01 1.446095380760e-01 1.484628000146e-01 1.523014779749e-01 1.561182638808e-01 1.599056670383e-01 1.636560378872e-01 1.673615941925e-01 1.710144463091e-01 1.746066265069e-01 1.781301180570e-01 1.815768879557e-01 1.849389162097e-01 1.882082315699e-01 1.913769437670e-01 1.944372768312e-01 1.973816056607e-01 2.002024877654e-01 2.028927000741e-01 2.054452699449e-01 2.078535109019e-01 2.101110519618e-01 2.122118705269e-01 2.141503211205e-01 2.159211637108e-01 2.175195889784e-01 2.189412427903e-01 2.201822476478e-01 2.212392238758e-01 2.221093032367e-01 2.227901466564e-01 2.232799537144e-01 2.235774714127e-01 2.236820009209e-01 2.235933988329e-01 2.233120797701e-01 2.228390096406e-01 2.221757028628e-01 2.213242120507e-01 2.202871170888e-01 2.190675090226e-01 2.176689769179e-01 2.160955851521e-01 2.143518531389e-01 2.124427325476e-01 2.103735813968e-01 2.081501360906e-01 2.057784840219e-01 2.032650324852e-01 2.006164781802e-01 1.978397762496e-01 1.949421060013e-01 1.919308393827e-01 1.888135073516e-01 1.855977663503e-01 1.822913672305e-01 1.789021202696e-01 1.754378652287e-01 1.719064407127e-01 1.683156518350e-01 1.646732445012e-01 1.609868745755e-01 1.572640844606e-01 1.535122769037e-01 1.497386915002e-01 1.459503847061e-01
3.584180700299e-02 3.766469110028e-02 3.955957957220e-02 4.152781143570e-02 4.357063256540e-02 4.568918418687e-02 4.788449218034e-02 5.015745514553e-02 5.250883264523e-02 5.493923277505e-02 5.744910020013e-02 6.003870377489e-02 6.270812330840e-02 6.545723808593e-02 6.828571371793e-02 7.119298985593e-02 7.417826862321e-02 7.724050268496e-02 8.037838402242e-02 8.359033324573e-02 8.687448954960e-02 9.022870123308e-02 9.365051761974e-02 9.713718162851e-02 1.006856226045e-01 1.042924521031e-01 1.079539596425e-01 1.116661100170e-01 1.154245430238e-01 1.192245732448e-01 1.230611931086e-01 1.269290773635e-01 1.308225878895e-01 1.347357834674e-01 1.386624282369e-01 1.425960044808e-01 1.465297272985e-01 1.504565590382e-01 1.543692294952e-01 1.582602543716e-01 1.621219592971e-01 1.659465024269e-01 1.697259009984e-01 1.734520593613e-01 1.771167976166e-01 1.807118830545e-01 1.842290615430e-01 1.876600914307e-01 1.909967773499e-01 1.942310054665e-01 1.973547781281e-01 2.003602494986e-01 2.032397631959e-01 2.059858843131e-01 2.085914387479e-01 2.110495427933e-01 2.133536408737e-01 2.154975349004e-01 2.174754153437e-01 2.192818914867e-01 2.209120168688e-01 2.223613159475e-01 2.236258046691e-01 2.247020123587e-01 2.255869988737e-01 2.262783685475e-01 2.267742829788e-01 2.270734700093e-01 2.271752275089e-01 2.270794293086e-01 2.267865228694e-01 2.262975265012e-01 2.256140222747e-01 2.247381481515e-01 2.236725846583e-01 2.224205392618e-01 2.209857311128e-01 2.193723677720e-01 2.175851247625e-01 2.156291212680e-01 2.135098922446e-01 2.112333605093e-01 2.088058069095e-01 2.062338400134e-01 2.035243619445e-01 2.006845378082e-01 1.977217593717e-01 1.946436135058e-01 1.914578450861e-01 1.881723264697e-01 1.847950193802e-01 1.813339447990e-01 1.777971487241e-01 1.741926710281e-01 1.705285129582e-01 1.668126099983e-01 1.630528013058e-01 1.592568046915e-01 1.554321895951e-01 1.515863549993e-01 1.477265065770e-01
3.607683617157e-02 3.791838884730e-02 3.983314697693e-02 4.182250294043e-02 4.388775580646e-02 4.603010019273e-02 4.825061474890e-02 5.055025062303e-02 5.292981835125e-02 5.538997648253e-02 5.793121807018e-02 6.055385819345e-02 6.325802068370e-02 6.604362599696e-02 6.891037731691e-02 7.185774849817e-02 7.488497131612e-02 7.799102313847e-02 8.117461583169e-02 8.443418359366e-02 8.776787301735e-02 9.117353311468e-02 9.464870636246e-02 9.819062052835e-02 1.017961821807e-01 1.054619708509e-01 1.091842342675e-01 1.129588863295e-01 1.167815051524e-01 1.206473336276e-01 1.245512817881e-01 1.284879302997e-01 1.324515368652e-01 1.364360436347e-01 1.404350882755e-01 1.444420147453e-01 1.484498883446e-01 1.524515118480e-01 1.564394446685e-01 1.604060229696e-01 1.643433820962e-01 1.682434826337e-01 1.720981355344e-01 1.758990329914e-01 1.796377756917e-01 1.833059069761e-01 1.868949450328e-01 1.903964183960e-01 1.938018995555e-01 1.971030426007e-01 2.002916196264e-01 2.033595570221e-01 2.062989741360e-01 2.091022194484e-01 2.117619058051e-01 2.142709485338e-01 2.166225977374e-01 2.188104737808e-01 2.208285975744e-01 2.226714215617e-01 2.243338583215e-01 2.258113048156e-01 2.270996680562e-01 2.281953843298e-01 2.290954382300e-01 2.297973775026e-01 2.302993253096e-01 2.305999889568e-01 2.306986676570e-01 2.305952518294e-01 2.302902257822e-01 2.297846632578e-01 2.290802185275e-01 2.281791196762e-01 2.270841536522e-01 2.257986497962e-01 2.243264632544e-01 2.226719532164e-01 2.208399579469e-01 2.188357706346e-01 2.166651119460e-01 2.143340979199e-01 2.118492117754e-01 2.092172702303e-01 2.064453892378e-01 2.035409509366e-01 2.005115680019e-01 1.973650481031e-01 1.941093586711e-01 1.907525925329e-01 1.873029305339e-01 1.837686096254e-01 1.801578869030e-01 1.764790089885e-01 1.727401779156e-01 1.689495229096e-01 1.651150704361e-01 1.612447156149e-01 1.573461988976e-01 1.534270796460e-01 1.494947160427e-01
3.630258321595e-02 3.816249977703e-02 4.009682814732e-02 4.210701537306e-02 4.419441592155e-02 4.636027950434e-02 4.860574014798e-02 5.093180317309e-02 5.333933330959e-02 5.582904127166e-02 5.840147129230e-02 6.105698747180e-02 6.379576083967e-02 6.661775535312e-02 6.952271508691e-02 7.251015092199e-02 7.557932725865e-02 7.872924962587e-02 8.195865209468e-02 8.526598584443e-02 8.864940770424e-02 9.210677012484e-02 9.563561131087e-02 9.923314666952e-02 1.028962617919e-01 1.066215061021e-01 1.104050878265e-01 1.142428708650e-01 1.181303730656e-01 1.220627662133e-01 1.260348773318e-01 1.300411939026e-01 1.340758678718e-01 1.381327244653e-01 1.422052719182e-01 1.462867133634e-01 1.503699621039e-01 1.544476574433e-01 1.585121845118e-01 1.625556942190e-01 1.665701271838e-01 1.705472405471e-01 1.744786329037e-01 1.783557756999e-01 1.821700445581e-01 1.859127508054e-01 1.895751768949e-01 1.931486124828e-01 1.966243893359e-01 1.999939211446e-01 2.032487406287e-01 2.063805380722e-01 2.093812003368e-01 2.122428484875e-01 2.149578765273e-01 2.175189885976e-01 2.199192347139e-01 2.221520460056e-01 2.242112671070e-01 2.260911879517e-01 2.277865743631e-01 2.292926928792e-01 2.306053364681e-01 2.317208457987e-01 2.326361284878e-01 2.333486744270e-01 2.338565674999e-01 2.341584971561e-01 2.342537617984e-01 2.341422741494e-01 2.338245570459e-01 2.333017430213e-01 2.325755643856e-01 2.316483441056e-01 2.305229804912e-01 2.292029324484e-01 2.276921988215e-01 2.259952955540e-01 2.241172325636e-01 2.220634853305e-01 2.198399674693e-01 2.174529980874e-01 2.149092697502e-01 2.122158159374e-01 2.093799749463e-01 2.064093542711e-01 2.033117948259e-01 2.000953332879e-01 1.967681667658e-01 1.933386152927e-01 1.898150855625e-01 1.862060364084e-01 1.825199425345e-01 1.787652615429e-01 1.749504017648e-01 1.710836904238e-01 1.671733437330e-01 1.632274393259e-01 1.592538900877e-01 1.552604189081e-01 1.512545363810e-01
3.651880746179e-02 3.839676921963e-02 4.035035368952e-02 4.238106470429e-02 4.449031387959e-02 4.667940827121e-02 4.894953918364e-02 5.130176896051e-02 5.373701834726e-02 5.625605347974e-02 5.885947227082e-02 6.154769105852e-02 6.432093023280e-02 6.717920090962e-02 7.012229116365e-02 7.314975190548e-02 7.626088348401e-02 7.945472244990e-02 8.273002905920e-02 8.608527411379e-02 8.951862789554e-02 9.302794942490e-02 9.661077504402e-02 1.002643111983e-01 1.039854245115e-01 1.077706364273e-01 1.116161177208e-01 1.155176835497e-01 1.194707930618e-01 1.234705473890e-01 1.275116917697e-01 1.315886189970e-01 1.356953752206e-01 1.398256668485e-01 1.439728712687e-01 1.481300485378e-01 1.522899568236e-01 1.564450681852e-01 1.605875884335e-01 1.647094784593e-01 1.688024798071e-01 1.728581379818e-01 1.768678330408e-01 1.808228100704e-01 1.847142094208e-01 1.885331028324e-01 1.922705291508e-01 1.959175287621e-01 1.994651854467e-01 2.029046621006e-01 2.062272427219e-01 2.094243713784e-01 2.124876936120e-01 2.154090944502e-01 2.181807399447e-01 2.207951142797e-01 2.232450595132e-01 2.255238089162e-01 2.276250254083e-01 2.295428295294e-01 2.312718350918e-01 2.328071728922e-01 2.341445182505e-01 2.352801139776e-01 2.362107876186e-01 2.369339694945e-01 2.374477061157e-01 2.377506674833e-01 2.378421554061e-01 2.377221042693e-01 2.373910814461e-01 2.368502815272e-01 2.361015202761e-01 2.351472198625e-01 2.339903989408e-01 2.326346511344e-01 2.310841259754e-01 2.293435057537e-01 2.274179793870e-01 2.253132139816e-01 2.230353238965e-01 2.205908401115e-01 2.179866745877e-01 2.152300863037e-01 2.123286437158e-01 2.092901885324e-01 2.061227985096e-01 2.028347479925e-01 1.994344705043e-01 1.959305211586e-01 1.923315399108e-01 1.886462125282e-01 1.848832381224e-01 1.810512914592e-01 1.771589903559e-01 1.732148651497e-01 1.692273262914e-01 1.652046362047e-01 1.611548835870e-01 1.570859564108e-01 1.530055205679e-01
3.672527420572e-02 3.862094817194e-02 4.059346023390e-02 4.264437286350e-02 4.477515662855e-02 4.698717845187e-02 4.928168902161e-02 5.165981014107e-02 5.412252126069e-02 5.667064678895e-02 5.930484106379e-02 6.202557537903e-02 6.483312321720e-02 6.772754594218e-02 7.070867862656e-02 7.377611567979e-02 7.692919709151e-02 8.016699401869e-02 8.348829563997e-02 8.689159639632e-02 9.037508351073e-02 9.393662482009e-02 9.757375915009e-02 1.012836856603e-01 1.050632558304e-01 1.089089650769e-01 1.128169485360e-01 1.167829752049e-01 1.208024456483e-01 1.248703921071e-01 1.289814778804e-01 1.331300019021e-01 1.373099027379e-01 1.415147674193e-01 1.457378405290e-01 1.499720367341e-01 1.542099545948e-01 1.584438955179e-01 1.626658819545e-01 1.668676801268e-01 1.710408239400e-01 1.751766432242e-01 1.792662916429e-01 1.833007790874e-01 1.872710036900e-01 1.911677884932e-01 1.949819180828e-01 1.987041762622e-01 2.023253868287e-01 2.058364534691e-01 2.092284006899e-01 2.124924167639e-01 2.156198952559e-01 2.186024754938e-01 2.214320854047e-01 2.241009819497e-01 2.266017887012e-01 2.289275349174e-01 2.310716920743e-01 2.330282070567e-01 2.347915338841e-01 2.363566628726e-01 2.377191492436e-01 2.388751320080e-01 2.398213585911e-01 2.405551989365e-01 2.410746601670e-01 2.413783954047e-01 2.414657103061e-01 2.413365650128e-01 2.409915747047e-01 2.404320005887e-01 2.396597464196e-01 2.386773424322e-01 2.374879318322e-01 2.360952513537e-01 2.345036101387e-01 2.327178648772e-01 2.307433923378e-01 2.285860595262e-01 2.262521934447e-01 2.237485442027e-01 2.210822534579e-01 2.182608146286e-01 2.152920367870e-01 2.121840048276e-01 2.089450416440e-01 2.055836672236e-01 2.021085610346e-01 1.985285203561e-01 1.948524250534e-01 1.910891965278e-01 1.872477619928e-01 1.833370198551e-01 1.793658035776e-01 1.753428500531e-01 1.712767678887e-01 1.671760079378e-01 1.630488367824e-01 1.589033105891e-01 1.547472518065e-01
3.692175429524e-02 3.883479352606e-02 4.082589032910e-02 4.289666781148e-02 4.504865775664e-02 4.728328880659e-02 4.960187360351e-02 5.200559595449e-02 5.449549717552e-02 5.707246200795e-02 5.973720504024e-02 6.249025544163e-02 6.533194292738e-02 6.826238261819e-02 7.128146035385e-02 7.438881746567e-02 7.758383719726e-02 8.086562877490e-02 8.423301442189e-02 8.768451584532e-02 9.121834000946e-02 9.483236866188e-02 9.852414489683e-02 1.022908648544e-01 1.061293664948e-01 1.100361232516e-01 1.140072362397e-01 1.180384301604e-01 1.221250493898e-01 1.262620570602e-01 1.304440359689e-01 1.346651900431e-01 1.389193514042e-01 1.431999850317e-01 1.475002012297e-01 1.518127656721e-01 1.561301156315e-01 1.604443771465e-01 1.647473837840e-01 1.690307014510e-01 1.732856520378e-01 1.775033403721e-01 1.816746870284e-01 1.857904580333e-01 1.898413007821e-01 1.938177802464e-01 1.977104169314e-01 2.015097275242e-01 2.052062653734e-01 2.087906639461e-01 2.122536783293e-01 2.155862291104e-01 2.187794476996e-01 2.218247173883e-01 2.247137188295e-01 2.274384692472e-01 2.299913663700e-01 2.323652266457e-01 2.345533224324e-01 2.365494183706e-01 2.383478040169e-01 2.399433242074e-01 2.413314073785e-01 2.425080884537e-01 2.434700301559e-01 2.442145421787e-01 2.447395911877e-01 2.450438153140e-01 2.451265256250e-01 2.449877124834e-01 2.446280402154e-01 2.440488444244e-01 2.432521218670e-01 2.422405171573e-01 2.410173059780e-01 2.395863772289e-01 2.379522070189e-01 2.361198360822e-01 2.340948390430e-01 2.318832930714e-01 2.294917461124e-01 2.269271801041e-01 2.241969747901e-01 2.213088693142e-01 2.182709219496e-01 2.150914716206e-01 2.117790956012e-01 2.083425687762e-01 2.047908245856e-01 2.011329111584e-01 1.973779552533e-01 1.935351207275e-01 1.896135709221e-01 1.856224326869e-01 1.815707597080e-01 1.774675011288e-01 1.733214669898e-01 1.691413002587e-01 1.649354480965e-01 1.607121369659e-01 1.564793470650e-01
3.710802490117e-02 3.903806863256e-02 4.104739330009e-02 4.313768444239e-02 4.531053737649e-02 4.756744488311e-02 4.990978405973e-02 5.233880338987e-02 5.485560854725e-02 5.746114853433e-02 6.015620041417e-02 6.294135515109e-02 6.581700216892e-02 6.878331365445e-02 7.184023003234e-02 7.498744394522e-02 7.822438481638e-02 8.155020477214e-02 8.496376301601e-02 8.846361151640e-02 9.204798202664e-02 9.571477260883e-02 9.946153570295e-02 1.032854668179e-01 1.071833945479e-01 1.111517721175e-01 1.151866697304e-01 1.192837698828e-01 1.234383623929e-01 1.276453431615e-01 1.318992140746e-01 1.361940855973e-01 1.405236806186e-01 1.448813428855e-01 1.492600449654e-01 1.536524021738e-01 1.580506860532e-01 1.624468422503e-01 1.668325124903e-01 1.711990545170e-01 1.755375714479e-01 1.798389373046e-01 1.840938300404e-01 1.882927636432e-01 1.924261249541e-01 1.964842100896e-01 2.004572660729e-01 2.043355312233e-01 2.081092776408e-01 2.117688560100e-01 2.153047404988e-01 2.187075737589e-01 2.219682120733e-01 2.250777724432e-01 2.280276758291e-01 2.308096911381e-01 2.334159797504e-01 2.358391354529e-01 2.380722232682e-01 2.401088187271e-01 2.419430392185e-01 2.435695787687e-01 2.449837347652e-01 2.461814335774e-01 2.471592531036e-01 2.479144388166e-01 2.484449196450e-01 2.487493175824e-01 2.488269537273e-01 2.486778488639e-01 2.483027251370e-01 2.477029953226e-01 2.468807565848e-01 2.458387748295e-01 2.445804672793e-01 2.431098824901e-01 2.414316747920e-01 2.395510775407e-01 2.374738740070e-01 2.352063621368e-01 2.327553220434e-01 2.301279779396e-01 2.273319589216e-01 2.243752605939e-01 2.212662013528e-01 2.180133839701e-01 2.146256503655e-01 2.111120401395e-01 2.074817492159e-01 2.037440857294e-01 1.999084314629e-01 1.959841994699e-01 1.919807960764e-01 1.879075827312e-01 1.837738391505e-01 1.795887304236e-01 1.753612731339e-01 1.711003053750e-01 1.668144578950e-01 1.625121282014e-01 1.582014575831e-01
3.728387013657e-02 3.923054378144e-02 4.125772531153e-02 4.336716484116e-02 4.556052326853e-02 4.783936001437e-02 5.020511933325e-02 5.265911717795e-02 5.520252678885e-02 5.783636400321e-02 6.056147239958e-02 6.337850800827e-02 6.628792347688e-02 6.928995226426e-02 7.238459332557e-02 7.557159403069e-02 7.885043532254e-02 8.222031527720e-02 8.568013454267e-02 8.922848037968e-02 9.286361254376e-02 9.658345053682e-02 1.003855586387e-01 1.042671365548e-01 1.082250062956e-01 1.122556043825e-01 1.163549733096e-01 1.205187552406e-01 1.247421875123e-01 1.290200998468e-01 1.333469147015e-01 1.377166483873e-01 1.421229150162e-01 1.465589349603e-01 1.510175417775e-01 1.554911969441e-01 1.599720024986e-01 1.644517203448e-01 1.689217927070e-01 1.733733657645e-01 1.777973147689e-01 1.821842753069e-01 1.865246739561e-01 1.908087639280e-01 1.950266602911e-01 1.991683810579e-01 2.032238870347e-01 2.071831268700e-01 2.110360790096e-01 2.147727999219e-01 2.183834701530e-01 2.218584408764e-01 2.251882831504e-01 2.283638328426e-01 2.313762413861e-01 2.342170179552e-01 2.368780767789e-01 2.393517784597e-01 2.416309727995e-01 2.437090366019e-01 2.455799091861e-01 2.472381276593e-01 2.486788533918e-01 2.498979004653e-01 2.508917585641e-01 2.516576091087e-01 2.521933429404e-01 2.524975681996e-01 2.525696162999e-01 2.524095455354e-01 2.520181380744e-01 2.513968913401e-01 2.505480095402e-01 2.494743883804e-01 2.481795950382e-01 2.466678477966e-01 2.449439885425e-01 2.430134558342e-01 2.408822509290e-01 2.385569049131e-01 2.360444421341e-01 2.333523394402e-01 2.304884886847e-01 2.274611516869e-01 2.242789207956e-01 2.209506713975e-01 2.174855214119e-01 2.138927855774e-01 2.101819317390e-01 2.063625372810e-01 2.024442467933e-01 1.984367315574e-01 1.943496464911e-01 1.901925944320e-01 1.859750874920e-01 1.817065108317e-01 1.773960913697e-01 1.730528657358e-01 1.686856512828e-01 1.643030198088e-01 1.599132724244e-01
3.744908077986e-02 3.941199633947e-02 4.145664995844e-02 4.358485843866e-02 4.579835085682e-02 4.809875560552e-02 5.048758680451e-02 5.296623100773e-02 5.553593191980e-02 5.819777587651e-02 6.095267624754e-02 6.380135780704e-02 6.674434069002e-02 6.978192367753e-02 7.291416783143e-02 7.614088041813e-02 7.946159783007e-02 8.287556901901e-02 8.638174022307e-02 8.997873825409e-02 9.366485618502e-02 9.743803832902e-02 1.012958661293e-01 1.052355464454e-01 1.092538992239e-01 1.133473479183e-01 1.175119096516e-01 1.217431892645e-01 1.260363734254e-01 1.303862281802e-01 1.347870964191e-01 1.392329012680e-01 1.437171475318e-01 1.482329305981e-01 1.527729434302e-01 1.573294897361e-01 1.618944996469e-01 1.664595455799e-01 1.710158651311e-01 1.755543845850e-01 1.800657460530e-01 1.845403368738e-01 1.889683243536e-01 1.933396886730e-01 1.976442637198e-01 2.018717771805e-01 2.060118927332e-01 2.100542552940e-01 2.139885375491e-01 2.178044886518e-01 2.214919810536e-01 2.250410624638e-01 2.284420039719e-01 2.316853496365e-01 2.347619668678e-01 2.376630932789e-01 2.403803843569e-01 2.429059580785e-01 2.452324382869e-01 2.473529951249e-01 2.492613821483e-01 2.509519721167e-01 2.524197855890e-01 2.536605218625e-01 2.546705779709e-01 2.554470724836e-01 2.559878560179e-01 2.562915249296e-01 2.563574257849e-01 2.561856567624e-01 2.557770660216e-01 2.551332423206e-01 2.542565056271e-01 2.531498883287e-01 2.518171186436e-01 2.502625945568e-01 2.484913570855e-01 2.465090598073e-01 2.443219363325e-01 2.419367627910e-01 2.393608193917e-01 2.366018495269e-01 2.336680185559e-01 2.305678694591e-01 2.273102771298e-01 2.239044050870e-01 2.203596567128e-01 2.166856329543e-01 2.128920835897e-01 2.089888646204e-01 2.049858936405e-01 2.008931060691e-01 1.967204148061e-01 1.924776695711e-01 1.881746199992e-01 1.838208774276e-01 1.794258836415e-01 1.749988764889e-01 1.705488622365e-01 1.660845885762e-01 1.616145195568e-01
3.760345537308e-02 3.958221139414e-02 4.164393876765e-02 4.379052310224e-02 4.602376396080e-02 4.834536151475e-02 5.075690269773e-02 5.325984750898e-02 5.585551360688e-02 5.854506119713e-02 6.132947738324e-02 6.420955959637e-02 6.718589941979e-02 7.025886506301e-02 7.342858514520e-02 7.669493036041e-02 8.005749749303e-02 8.351559160447e-02 8.706820915180e-02 9.071402146486e-02 9.445135949703e-02 9.827819699275e-02 1.021921374483e-01 1.061903993851e-01 1.102698047390e-01 1.144267666861e-01 1.186572816148e-01 1.229569194310e-01 1.273208189338e-01 1.317436834513e-01 1.362197786337e-01 1.407429334118e-01 1.453065441691e-01 1.499035791492e-01 1.545265887836e-01 1.591677167715e-01 1.638187160232e-01 1.684709649676e-01 1.731154908056e-01 1.777429931873e-01 1.823438716543e-01 1.869082579897e-01 1.914260481504e-01 1.958869406162e-01 2.002804761778e-01 2.045960787485e-01 2.088231019269e-01 2.129508742212e-01 2.169687487597e-01 2.208661516480e-01 2.246326354945e-01 2.282579278446e-01 2.317319861587e-01 2.350450489485e-01 2.381876862913e-01 2.411508511099e-01 2.439259281903e-01 2.465047809017e-01 2.488797974999e-01 2.510439311107e-01 2.529907422443e-01 2.547144319190e-01 2.562098757656e-01 2.574726523253e-01 2.584990657043e-01 2.592861671792e-01 2.598317708435e-01 2.601344616939e-01 2.601936038165e-01 2.600093419191e-01 2.595825947673e-01 2.589150502768e-01 2.580091522144e-01 2.568680806291e-01 2.554957334163e-01 2.538967005683e-01 2.520762338223e-01 2.500402157860e-01 2.477951240856e-01 2.453479927964e-01 2.427063724155e-01 2.398782859717e-01 2.368721871071e-01 2.336969114194e-01 2.303616314127e-01 2.268758086190e-01 2.232491463851e-01 2.194915419153e-01 2.156130383873e-01 2.116237807178e-01 2.075339674120e-01 2.033538082732e-01 1.990934808148e-01 1.947630889303e-01 1.903726254324e-01 1.859319337025e-01 1.814506728769e-01 1.769382868728e-01 1.724039737769e-01 1.678566582826e-01 1.633049684443e-01
3.774679993359e-02 3.974098196728e-02 4.181937133438e-02 4.398392490810e-02 4.623651515150e-02 4.857891684298e-02 5.101279258763e-02 5.353967923953e-02 5.616097161586e-02 5.887790793067e-02 6.169155256127e-02 6.460278009849e-02 6.761225764176e-02 7.072042762872e-02 7.392749048934e-02 7.723338610112e-02 8.063777633920e-02 8.414002693537e-02 8.773919034602e-02 9.143398775230e-02 9.522279233412e-02 9.910361361077e-02 1.030740810276e-01 1.071314300198e-01 1.112724882331e-01 1.154936641493e-01 1.197909354600e-01 1.241598416632e-01 1.285954755413e-01 1.330924801300e-01 1.376450445321e-01 1.422469052685e-01 1.468913482518e-01 1.515712149543e-01 1.562789107676e-01 1.610064155076e-01 1.657453008408e-01 1.704867461491e-01 1.752215617938e-01 1.799402129125e-01 1.846328489086e-01 1.892893349863e-01 1.938992861608e-01 1.984521076801e-01 2.029370332885e-01 2.073431721993e-01 2.116595525276e-01 2.158751723326e-01 2.199790491007e-01 2.239602732022e-01 2.278080583643e-01 2.315117996100e-01 2.350611248273e-01 2.384459508942e-01 2.416565366756e-01 2.446835367618e-01 2.475180514786e-01 2.501516781411e-01 2.525765567488e-01 2.547854156490e-01 2.567716121641e-01 2.585291686716e-01 2.600528100431e-01 2.613379892634e-01 2.623809152980e-01 2.631785719926e-01 2.637287355488e-01 2.640299831875e-01 2.640817007228e-01 2.638840817262e-01 2.634381251520e-01 2.627456256426e-01 2.618091581220e-01 2.606320622080e-01 2.592184173979e-01 2.575730170767e-01 2.557013363064e-01 2.536095013667e-01 2.513042466018e-01 2.487928803294e-01 2.460832365098e-01 2.431836337648e-01 2.401028266597e-01 2.368499589564e-01 2.334345141469e-01 2.298662659579e-01 2.261552295825e-01 2.223116109615e-01 2.183457583919e-01 2.142681161926e-01 2.100891737782e-01 2.058194240427e-01 2.014693168847e-01 1.970492183358e-01 1.925693702166e-01 1.880398517840e-01 1.834705460410e-01 1.788711053069e-01 1.742509216985e-01 1.696190996148e-01 1.649844310174e-01
3.787892888423e-02 3.988810956563e-02 4.198273599213e-02 4.416483884494e-02 4.643636619850e-02 4.879916999193e-02 5.125499189841e-02 5.380544887452e-02 5.645201673016e-02 5.919601519149e-02 6.203859050225e-02 6.498069837990e-02 6.802308641233e-02 7.116627622436e-02 7.441054476486e-02 7.775590624332e-02 8.120209323902e-02 8.474853791960e-02 8.839435371913e-02 9.213831733277e-02 9.597885039801e-02 9.991400285378e-02 1.039414357163e-01 1.080584063652e-01 1.122617533374e-01 1.165478843769e-01 1.209127635995e-01 1.253519018756e-01 1.298603507732e-01 1.344326936950e-01 1.390630459101e-01 1.437450515960e-01 1.484718864310e-01 1.532362635619e-01 1.580304403980e-01 1.628462306626e-01 1.676750202856e-01 1.725077836232e-01 1.773351070093e-01 1.821472137189e-01 1.869339938744e-01 1.916850354477e-01 1.963896622486e-01 2.010369716816e-01 2.056158797460e-01 2.101151641066e-01 2.145235144250e-01 2.188295820256e-01 2.230220331849e-01 2.270896045918e-01 2.310211567134e-01 2.348057334978e-01 2.384326173962e-01 2.418913881829e-01 2.451719772370e-01 2.482647252161e-01 2.511604355353e-01 2.538504248264e-01 2.563265746086e-01 2.585813758110e-01 2.606079736717e-01 2.624002055412e-01 2.639526374213e-01 2.652605941430e-01 2.663201853038e-01 2.671283272592e-01 2.676827585481e-01 2.679820505916e-01 2.680256155947e-01 2.678137022511e-01 2.673473965953e-01 2.666286068513e-01 2.656600526792e-01 2.644452422280e-01 2.629884490769e-01 2.612946834170e-01 2.593696597491e-01 2.572197595043e-01 2.548519923399e-01 2.522739535764e-01 2.494937782241e-01 2.465200943695e-01 2.433619753299e-01 2.400288864506e-01 2.365306379328e-01 2.328773299470e-01 2.290793027001e-01 2.251470845742e-01 2.210913418225e-01 2.169228271845e-01 2.126523332090e-01 2.082906446243e-01 2.038484926325e-01 1.993365121177e-01 1.947651999903e-01 1.901448786441e-01 1.854856571408e-01 1.807974000180e-01 1.760896969455e-01 1.713718325689e-01 1.666527644782e-01
3.799966499537e-02 4.002340438080e-02 4.213383029876e-02 4.433304951634e-02 4.662308850893e-02 4.900587954349e-02 5.148324650343e-02 5.405688995161e-02 5.672837070449e-02 5.949909394882e-02 6.237029212067e-02 6.534300691902e-02 6.841807114154e-02 7.159609053070e-02 7.487742444227e-02 7.826216662568e-02 8.175012618034e-02 8.534080731894e-02 8.903339101900e-02 9.282671506216e-02 9.671925522734e-02 1.007091082549e-01 1.047939722002e-01 1.089711322626e-01 1.132374428200e-01 1.175893158901e-01 1.220227056159e-01 1.265331001993e-01 1.311155104366e-01 1.357644653167e-01 1.404740063736e-01 1.452376867061e-01 1.500485715260e-01 1.548992443776e-01 1.597818132164e-01 1.646879215500e-01 1.696087644853e-01 1.745351059902e-01 1.794573014629e-01 1.843653234729e-01 1.892487927354e-01 1.940970093249e-01 1.988989933164e-01 2.036435224910e-01 2.083191789360e-01 2.129143946915e-01 2.174175041817e-01 2.218167957198e-01 2.261005667754e-01 2.302571828160e-01 2.342751333453e-01 2.381430930905e-01 2.418499820022e-01 2.453850238282e-01 2.487378072388e-01 2.518983427106e-01 2.548571200391e-01 2.576051628023e-01 2.601340801626e-01 2.624361145542e-01 2.645041896322e-01 2.663319489319e-01 2.679137934863e-01 2.692449142602e-01 2.703213195885e-01 2.711398563874e-01 2.716982274424e-01 2.719950011836e-01 2.720296183709e-01 2.718023927057e-01 2.713145024152e-01 2.705679814267e-01 2.695657027939e-01 2.683113565972e-01 2.668094240751e-01 2.650651467921e-01 2.630844921727e-01 2.608741157433e-01 2.584413170996e-01 2.557939958618e-01 2.529406050676e-01 2.498900996395e-01 2.466518860784e-01 2.432357713456e-01 2.396519050441e-01 2.359107308584e-01 2.320229285074e-01 2.279993620648e-01 2.238510276914e-01 2.195890012472e-01 2.152243874625e-01 2.107682733539e-01 2.062316791674e-01 2.016255172469e-01 1.969605466171e-01 1.922473365086e-01 1.874962283627e-01 1.827173026525e-01 1.779203468843e-01 1.731148291269e-01 1.683098727687e-01
3.810883997549e-02 4.014668573934e-02 4.227246087626e-02 4.448835097715e-02 4.679646355676e-02 4.919881440069e-02 5.169731309508e-02 5.429374737832e-02 5.698976715601e-02 5.978686746805e-02 6.268637151701e-02 6.568941156333e-02 6.879691127849e-02 7.200956578924e-02 7.532782264925e-02 7.875186100686e-02 8.228157234988e-02 8.591653961729e-02 8.965601727408e-02 9.349891049319e-02 9.744375647287e-02 1.014887040490e-01 1.056314954332e-01 1.098694484835e-01 1.141994405313e-01 1.186178919655e-01 1.231207528476e-01 1.277034914157e-01 1.323610834167e-01 1.370880043872e-01 1.418782250249e-01 1.467252077108e-01 1.516219082075e-01 1.565607786600e-01 1.615337748203e-01 1.665323668943e-01 1.715475541706e-01 1.765698842398e-01 1.815894731863e-01 1.865960348373e-01 1.915789090160e-01 1.965270975965e-01 2.014293024342e-01 2.062739682038e-01 2.110493273481e-01 2.157434503395e-01 2.203442991781e-01 2.248397804159e-01 2.292178050560e-01 2.334663471931e-01 2.375735071643e-01 2.415275709699e-01 2.453170758565e-01 2.489308728789e-01 2.523581883657e-01 2.555886855795e-01 2.586125251673e-01 2.614204219440e-01 2.640036978526e-01 2.663543368956e-01 2.684650285443e-01 2.703292136422e-01 2.719411222638e-01 2.732958065218e-01 2.743891700445e-01 2.752179894008e-01 2.757799327859e-01 2.760735683204e-01 2.760983724768e-01 2.758547275584e-01 2.753439148496e-01 2.745681040754e-01 2.735303338038e-01 2.722344885899e-01 2.706852731112e-01 2.688881756391e-01 2.668494342047e-01 2.645759933924e-01 2.620754616165e-01 2.593560619383e-01 2.564265818259e-01 2.532963217700e-01 2.499750422229e-01 2.464729042789e-01 2.428004185475e-01 2.389683862936e-01 2.349878427158e-01 2.308700026060e-01 2.266262064503e-01 2.222678636015e-01 2.178064044267e-01 2.132532275633e-01 2.086196532412e-01 2.039168770048e-01 1.991559280843e-01 1.943476285884e-01 1.895025561009e-01 1.846310093648e-01 1.797429781574e-01 1.748481145175e-01 1.699557075999e-01
3.820629464184e-02 4.025778254513e-02 4.239844460487e-02 4.463054760570e-02 4.695628340160e-02 4.937775454339e-02 5.189695964943e-02 5.451577780824e-02 5.723595208391e-02 6.005907198405e-02 6.298655603209e-02 6.601963296774e-02 6.915932211068e-02 7.240641395578e-02 7.576145023650e-02 7.922470187375e-02 8.279614934332e-02 8.647546092200e-02 9.026197128228e-02 9.415466014683e-02 9.815213255885e-02 1.022525965552e-01 1.064538448901e-01 1.107532355246e-01 1.151476735110e-01 1.196335943729e-01 1.242069487914e-01 1.288631903281e-01 1.335972625168e-01 1.384035917567e-01 1.432760795128e-01 1.482080993969e-01 1.531924965811e-01 1.582215914529e-01 1.632871853907e-01 1.683805711621e-01 1.734925473053e-01 1.786134376714e-01 1.837331122030e-01 1.888410149544e-01 1.939261951328e-01 1.989773424029e-01 2.039828283106e-01 2.089307468924e-01 2.138089664072e-01 2.186051778546e-01 2.233069510919e-01 2.279017924251e-01 2.323772060849e-01 2.367207553281e-01 2.409201286299e-01 2.449632035682e-01 2.488381152803e-01 2.525333199895e-01 2.560376633764e-01 2.593404431828e-01 2.624314722768e-01 2.653011398251e-01 2.679404685427e-01 2.703411678924e-01 2.724956831877e-01 2.743972436391e-01 2.760398994851e-01 2.774185597365e-01 2.785290197654e-01 2.793679854748e-01 2.799330908668e-01 2.802229078521e-01 2.802369538606e-01 2.799756875799e-01 2.794405036160e-01 2.786337180577e-01 2.775585477175e-01 2.762190883872e-01 2.746202817504e-01 2.727678804864e-01 2.706684113791e-01 2.683291278801e-01 2.657579646215e-01 2.629634882774e-01 2.599548409663e-01 2.567416893457e-01 2.533341634276e-01 2.497428019917e-01 2.459784916874e-01 2.420524097742e-01 2.379759635167e-01 2.337607353032e-01 2.294184222067e-01 2.249607828883e-01 2.203995840702e-01 2.157465471235e-01 2.110133016717e-01 2.062113356918e-01 2.013519553527e-01 1.964462403355e-01 1.915050097191e-01 1.865387849300e-01 1.815577591031e-01 1.765717686708e-01 1.715902696711e-01
3.829187941182e-02 4.035653345065e-02 4.251160807602e-02 4.475945429820e-02 4.710235099413e-02 4.954249114035e-02 5.208196609696e-02 5.472275034581e-02 5.746668436941e-02 6.031545722850e-02 6.327058785998e-02 6.633340649856e-02 6.950503438769e-02 7.278636362080e-02 7.617803602518e-02 7.968042137279e-02 8.329359599680e-02 8.701732056521e-02 9.085101714023e-02 9.479374763808e-02 9.884419185913e-02 1.030006252795e-01 1.072608977218e-01 1.116224138977e-01 1.160821137861e-01 1.206364542023e-01 1.252813923141e-01 1.300123717485e-01 1.348243090947e-01 1.397115836906e-01 1.446680312220e-01 1.496869372837e-01 1.547610377340e-01 1.598825191620e-01 1.650430263124e-01 1.702336708236e-01 1.754450456365e-01 1.806672427882e-01 1.858898773712e-01 1.911021144206e-01 1.962926999456e-01 2.014499986979e-01 2.065620358562e-01 2.116165399827e-01 2.166009963430e-01 2.215026967674e-01 2.263088006964e-01 2.310063930607e-01 2.355825490557e-01 2.400243992053e-01 2.443191984375e-01 2.484543933545e-01 2.524176941903e-01 2.561971413562e-01 2.597811782689e-01 2.631587174169e-01 2.663192048578e-01 2.692526884611e-01 2.719498723392e-01 2.744021791724e-01 2.766017984221e-01 2.785417360943e-01 2.802158567473e-01 2.816189192701e-01 2.827466071131e-01 2.835955552993e-01 2.841633653058e-01 2.844486168916e-01 2.844508742999e-01 2.841706816908e-01 2.836095566681e-01 2.827699743323e-01 2.816553451962e-01 2.802699898212e-01 2.786191058870e-01 2.767087296591e-01 2.745456938254e-01 2.721375821379e-01 2.694926778507e-01 2.666199100317e-01 2.635287982325e-01 2.602293945501e-01 2.567322217558e-01 2.530482142815e-01 2.491886562762e-01 2.451651183347e-01 2.409893997692e-01 2.366734635926e-01 2.322293823610e-01 2.276692763541e-01 2.230052621972e-01 2.182493960762e-01 2.134136256210e-01 2.085097412608e-01 2.035493319121e-01 1.985437427186e-01 1.935040373323e-01 1.884409631986e-01 1.833649192432e-01 1.782859282032e-01 1.732136117400e-01
3.836545453571e-02 4.044278745178e-02 4.261178885773e-02 4.487489683954e-02 4.723448076848e-02 4.969282717007e-02 5.225212442317e-02 5.491444665311e-02 5.768173637497e-02 6.055578680462e-02 6.353822338881e-02 6.663048320470e-02 6.983379563136e-02 7.314916093492e-02 7.657732779036e-02 8.011877203160e-02 8.377367316404e-02 8.754189159124e-02 9.142294497757e-02 9.541598544389e-02 9.951977500420e-02 1.037326641332e-01 1.080525681835e-01 1.124769462982e-01 1.170027802947e-01 1.216265547100e-01 1.263442397833e-01 1.311512749165e-01 1.360425538976e-01 1.410124140676e-01 1.460546266865e-01 1.511623922675e-01 1.563283364656e-01 1.615445124368e-01 1.668024051107e-01 1.720929404964e-01 1.774065000986e-01 1.827329383228e-01 1.880616052071e-01 1.933813750795e-01 1.986806791271e-01 2.039475428372e-01 2.091696282458e-01 2.143342816678e-01 2.194285860146e-01 2.244394145049e-01 2.293534931377e-01 2.341574639701e-01 2.388379492292e-01 2.433816244662e-01 2.477752854631e-01 2.520059249080e-01 2.560608031631e-01 2.599275231507e-01 2.635941023338e-01 2.670490457371e-01 2.702814140927e-01 2.732808921492e-01 2.760378516767e-01 2.785434114184e-01 2.807894924369e-01 2.827688672747e-01 2.844752044523e-01 2.859031084381e-01 2.870481480304e-01 2.879068857341e-01 2.884768919505e-01 2.887567598797e-01 2.887461055361e-01 2.884455695562e-01 2.878568032082e-01 2.869824544240e-01 2.858261426578e-01 2.843924317381e-01 2.826867927946e-01 2.807155654643e-01 2.784859116564e-01 2.760057655108e-01 2.732837805764e-01 2.703292737301e-01 2.671521629851e-01 2.637629087046e-01 2.601724493368e-01 2.563921372413e-01 2.524336732206e-01 2.483090435753e-01 2.440304558912e-01 2.396102750881e-01 2.350609624419e-01 2.303950173900e-01 2.256249177245e-01 2.207630680453e-01 2.158217442850e-01 2.108130484999e-01 2.057488595605e-01 2.006407941958e-01 1.955001656324e-01 1.903379498291e-01 1.851647537895e-01 1.799907872231e-01 1.748258375836e-01
3.842689039988e-02 4.051640394705e-02 4.269883519312e-02 4.497671235546e-02 4.735249861277e-02 4.982857792024e-02 5.240723952318e-02 5.509066161154e-02 5.788089390932e-02 6.077983917032e-02 6.378923435745e-02 6.691063020297e-02 7.014537054617e-02 7.349457034443e-02 7.695909272464e-02 8.053952709215e-02 8.423616408464e-02 8.804897188410e-02 9.197757217035e-02 9.602121485566e-02 1.001787538907e-01 1.044486227604e-01 1.088288108191e-01 1.133168392270e-01 1.179097397508e-01 1.226040323579e-01 1.273957070518e-01 1.322802044575e-01 1.372524014337e-01 1.423065969312e-01 1.474365021940e-01 1.526352333468e-01 1.578953071300e-01 1.632086412984e-01 1.685665592144e-01 1.739597975869e-01 1.793785194094e-01 1.848123334964e-01 1.902503157058e-01 1.956810383539e-01 2.010926039244e-01 2.064726824940e-01 2.118085573291e-01 2.170871725346e-01 2.222951882712e-01 2.274190373588e-01 2.324449906218e-01 2.373592211176e-01 2.421478750006e-01 2.467971452942e-01 2.512933447328e-01 2.556229846114e-01 2.597728513814e-01 2.637300828082e-01 2.674822487408e-01 2.710174219338e-01 2.743242558226e-01 2.773920531789e-01 2.802108335542e-01 2.827713969594e-01 2.850653800741e-01 2.870853115054e-01 2.888246559034e-01 2.902778551373e-01 2.914403610508e-01 2.923086625990e-01 2.928803013979e-01 2.931538876227e-01 2.931290999566e-01 2.928066822299e-01 2.921884337486e-01 2.912771893123e-01 2.900767950018e-01 2.885920758912e-01 2.868287976971e-01 2.847936249126e-01 2.824940712647e-01 2.799384451989e-01 2.771357960499e-01 2.740958507903e-01 2.708289522031e-01 2.673459934851e-01 2.636583519245e-01 2.597778207912e-01 2.557165419800e-01 2.514869375648e-01 2.471016441073e-01 2.425734459851e-01 2.379152132676e-01 2.331398381789e-01 2.282601760176e-01 2.232889910422e-01 2.182388995539e-01 2.131223231662e-01 2.079514401785e-01 2.027381435802e-01 1.974940019983e-01 1.922302230264e-01 1.869576230996e-01 1.816865986132e-01 1.764271033875e-01
3.847606790023e-02 4.057725313109e-02 4.277260659768e-02 4.506474965227e-02 4.745624262815e-02 4.994957093566e-02 5.254712903556e-02 5.525120384492e-02 5.806395713582e-02 6.098740705990e-02 6.402340818470e-02 6.717363130012e-02 7.043954123395e-02 7.382237497292e-02 7.732311847891e-02 8.094248193701e-02 8.468087553968e-02 8.853838450133e-02 9.251474278203e-02 9.660930795953e-02 1.008210341860e-01 1.051484475426e-01 1.095896198468e-01 1.141421435669e-01 1.188031087508e-01 1.235690788903e-01 1.284360705079e-01 1.333995329427e-01 1.384543309685e-01 1.435947307896e-01 1.488143862104e-01 1.541063315810e-01 1.594629753279e-01 1.648760997457e-01 1.703368630120e-01 1.758358079864e-01 1.813628737073e-01 1.869074146889e-01 1.924582218346e-01 1.980035540905e-01 2.035311696735e-01 2.090283675313e-01 2.144820334153e-01 2.198786894274e-01 2.252045511179e-01 2.304455871082e-01 2.355875878952e-01 2.406162320964e-01 2.455171626543e-01 2.502760627311e-01 2.548787343875e-01 2.593111793970e-01 2.635596819820e-01 2.676108898632e-01 2.714518960707e-01 2.750703183453e-01 2.784543782422e-01 2.815929747183e-01 2.844757553310e-01 2.870931838961e-01 2.894365987703e-01 2.914982713605e-01 2.932714519869e-01 2.947504155338e-01 2.959304913715e-01 2.968080945101e-01 2.973807414941e-01 2.976470651455e-01 2.976068122314e-01 2.972608443017e-01 2.966111205971e-01 2.956606802827e-01 2.944136131721e-01 2.928750262505e-01 2.910510027434e-01 2.889485548061e-01 2.865755724948e-01 2.839407654736e-01 2.810536033038e-01 2.779242513243e-01 2.745635028490e-01 2.709827108858e-01 2.671937170169e-01 2.632087805993e-01 2.590405078775e-01 2.547017811247e-01 2.502056865719e-01 2.455654495565e-01 2.407943652079e-01 2.359057371335e-01 2.309128135668e-01 2.258287303311e-01 2.206664567376e-01 2.154387438726e-01 2.101580767923e-01 2.048366322800e-01 1.994862374849e-01 1.941183350974e-01 1.887439532503e-01 1.833736757961e-01 1.780176199642e-01
3.851287855175e-02 4.062521637331e-02 4.283297407367e-02 4.513886924789e-02 4.754556336377e-02 5.005564700454e-02 5.267162426149e-02 5.539589586421e-02 5.823074121103e-02 6.117829916601e-02 6.424054865869e-02 6.741928701004e-02 7.071610764574e-02 7.413237755545e-02 7.766921270714e-02 8.132745345703e-02 8.510763841610e-02 8.900997863388e-02 9.303433027066e-02 9.718016757118e-02 1.014465555086e-01 1.058321220424e-01 1.103350314326e-01 1.149529568088e-01 1.196830552548e-01 1.245219424996e-01 1.294656699371e-01 1.345097021972e-01 1.396488996958e-01 1.448774990701e-01 1.501891018172e-01 1.555766629051e-01 1.610324835686e-01 1.665482088102e-01 1.721148301129e-01 1.777226914832e-01 1.833615012478e-01 1.890203507284e-01 1.946877358914e-01 2.003515872534e-01 2.059993047605e-01 2.116177986616e-01 2.171935371403e-01 2.227125982359e-01 2.281607293791e-01 2.335234106911e-01 2.387859244808e-01 2.439334288662e-01 2.489510330903e-01 2.538238810189e-01 2.585372342778e-01 2.630765553169e-01 2.674275956860e-01 2.715764842213e-01 2.755098087528e-01 2.792147054762e-01 2.826789386692e-01 2.858909805326e-01 2.888400843909e-01 2.915163591343e-01 2.939108293064e-01 2.960154949769e-01 2.978233842219e-01 2.993285944489e-01 3.005263321751e-01 3.014129366323e-01 3.019859023625e-01 3.022438895269e-01 3.021867250718e-01 3.018153969944e-01 3.011320418921e-01 3.001399196255e-01 2.988433845891e-01 2.972478481276e-01 2.953597337020e-01 2.931864280278e-01 2.907362240468e-01 2.880182591001e-01 2.850424536284e-01 2.818194381632e-01 2.783604859119e-01 2.746774367272e-01 2.707826259014e-01 2.666888059067e-01 2.624090727831e-01 2.579567927052e-01 2.533455261058e-01 2.485889593856e-01 2.437008346878e-01 2.386948825785e-01 2.335847605982e-01 2.283839917421e-01 2.231059097923e-01 2.177636048138e-01 2.123698778208e-01 2.069371946916e-01 2.014776469281e-01 1.960029148416e-01 1.905242392026e-01 1.850523911305e-01 1.795976500180e-01
3.853722491544e-02 4.066018649249e-02 4.287982048987e-02 4.519894425193e-02 4.762032392689e-02 5.014665973945e-02 5.278057016726e-02 5.552457453033e-02 5.838107566221e-02 6.135233961286e-02 6.444047591233e-02 6.764741564049e-02 7.097488871333e-02 7.442439993289e-02 7.799720444709e-02 8.169428149135e-02 8.551630765518e-02 8.946362974436e-02 9.353623615135e-02 9.773372860279e-02 1.020552924775e-01 1.064996685629e-01 1.110651238384e-01 1.157494223674e-01 1.205497982029e-01 1.254629290147e-01 1.304849086296e-01 1.356112261973e-01 1.408367429360e-01 1.461556733375e-01 1.515615700105e-01 1.570473115257e-01 1.626050926370e-01 1.682264211576e-01 1.739021187954e-01 1.796223261418e-01 1.853765137213e-01 1.911535002684e-01 1.969414750704e-01 2.027280260668e-01 2.085001788209e-01 2.142444356752e-01 2.199468265548e-01 2.255929618123e-01 2.311680968123e-01 2.366571945208e-01 2.420450013162e-01 2.473161231670e-01 2.524551059710e-01 2.574465235855e-01 2.622750619295e-01 2.669256138862e-01 2.713833670735e-01 2.756338970017e-01 2.796632587055e-01 2.834580768062e-01 2.870056304807e-01 2.902939399644e-01 2.933118430935e-01 2.960490722097e-01 2.984963209077e-01 3.006453049820e-01 3.024888175234e-01 3.040207744392e-01 3.052362515008e-01 3.061315141993e-01 3.067040374942e-01 3.069525163899e-01 3.068768662456e-01 3.064782183477e-01 3.057588995662e-01 3.047224115826e-01 3.033733938465e-01 3.017175864469e-01 2.997617799567e-01 2.975137625996e-01 2.949822589870e-01 2.921768654491e-01 2.891079821305e-01 2.857867369357e-01 2.822249135511e-01 2.784348698564e-01 2.744294633802e-01 2.702219692595e-01 2.658260006583e-01 2.612554345103e-01 2.565243296972e-01 2.516468579713e-01 2.466372271591e-01 2.415096159540e-01 2.362781070985e-01 2.309566262666e-01 2.255588825043e-01 2.200983181202e-01 2.145880570633e-01 2.090408609139e-01 2.034690898046e-01 1.978846659661e-01 1.922990423337e-01 1.867231774697e-01 1.811675118964e-01
3.854902084234e-02 4.068206783791e-02 4.291304075768e-02 4.524486016195e-02 4.768040067767e-02 5.022247672652e-02 5.287382568943e-02 5.563709148421e-02 5.851480580733e-02 6.150936840563e-02 6.462302674913e-02 6.785785306495e-02 7.121572165924e-02 7.469828430969e-02 7.830694399013e-02 8.204282868543e-02 8.590676314100e-02 8.989924031477e-02 9.402039153267e-02 9.826995693100e-02 1.026472541733e-01 1.071511476280e-01 1.117800180303e-01 1.165317316469e-01 1.214036104602e-01 1.263924025952e-01 1.314942557574e-01 1.367046907910e-01 1.420185775593e-01 1.474301145142e-01 1.529328109169e-01 1.585194711469e-01 1.641821856401e-01 1.699123243552e-01 1.757005360911e-01 1.815367529197e-01 1.874102011241e-01 1.933094162332e-01 1.992222679959e-01 2.051359885710e-01 2.110372100640e-01 2.169120075463e-01 2.227459493196e-01 2.285241543756e-01 2.342313568966e-01 2.398519757855e-01 2.453701894995e-01 2.507700201442e-01 2.560354170201e-01 2.611503480746e-01 2.660988913204e-01 2.708653332100e-01 2.754342622257e-01 2.797906700121e-01 2.839200440911e-01 2.878084652176e-01 2.914427001291e-01 2.948102884929e-01 2.978996292438e-01 3.007000571623e-01 3.032019144470e-01 3.053966187477e-01 3.072767168412e-01 3.088359334052e-01 3.100692123776e-01 3.109727440004e-01 3.115439870493e-01 3.117816790889e-01 3.116858358134e-01 3.112577434325e-01 3.104999405125e-01 3.094161885275e-01 3.080114381351e-01 3.062917829836e-01 3.042644087804e-01 3.019375350377e-01 2.993203507960e-01 2.964229424969e-01 2.932562228082e-01 2.898318516519e-01 2.861621546292e-01 2.822600427306e-01 2.781389259440e-01 2.738126332797e-01 2.692953263033e-01 2.646014194579e-01 2.597454969587e-01 2.547422389510e-01 2.496063435462e-01 2.443524566939e-01 2.389951045300e-01 2.335486291107e-01 2.280271316722e-01 2.224444141431e-01 2.168139340001e-01 2.111487555947e-01 2.054615114753e-01 1.997643680435e-01 1.940689922540e-01 1.883865287473e-01 1.827275755923e-01
3.854819169946e-02 4.069077687653e-02 4.293254226203e-02 4.527651511862e-02 4.772568308612e-02 5.028297883565e-02 5.295126423162e-02 5.573331307115e-02 5.863179229718e-02 6.164924222177e-02 6.478805518642e-02 6.805045313328e-02 7.143846329268e-02 7.495389290418e-02 7.859830330053e-02 8.237298091453e-02 8.627890960925e-02 9.031673956094e-02 9.448675701138e-02 9.878885185044e-02 1.032224856781e-01 1.077866591806e-01 1.124798787457e-01 1.173001245209e-01 1.222448169916e-01 1.273107873905e-01 1.324942461601e-01 1.377907551875e-01 1.431952017962e-01 1.487017751438e-01 1.543039457669e-01 1.599944481803e-01 1.657652697630e-01 1.716076423697e-01 1.775120390475e-01 1.834681787546e-01 1.894650346814e-01 1.954908500362e-01 2.015331614653e-01 2.075788289728e-01 2.136140727840e-01 2.196245187924e-01 2.255952498958e-01 2.315108670673e-01 2.373555547192e-01 2.431131544141e-01 2.487672467309e-01 2.543012331714e-01 2.596984301769e-01 2.649421635665e-01 2.700158663416e-01 2.749031808713e-01 2.795880606871e-01 2.840548741346e-01 2.882885074032e-01 2.922744658054e-01 2.959989690543e-01 2.994490502673e-01 3.026126401246e-01 3.054786532512e-01 3.080370634680e-01 3.102789706084e-01 3.121966646934e-01 3.137836717019e-01 3.150347971509e-01 3.159461579594e-01 3.165152000608e-01 3.167407115504e-01 3.166228214872e-01 3.161629866722e-01 3.153639760823e-01 3.142298345687e-01 3.127658484101e-01 3.109784940132e-01 3.088753831381e-01 3.064651982855e-01 3.037576261362e-01 3.007632796331e-01 2.974936199117e-01 2.939608725233e-01 2.901779436384e-01 2.861583293230e-01 2.819160302317e-01 2.774654606616e-01 2.728213615665e-01 2.679987160753e-01 2.630126619332e-01 2.578784141548e-01 2.526111829931e-01 2.472261047835e-01 2.417381669194e-01 2.361621458125e-01 2.305125460200e-01 2.248035436667e-01 2.190489368138e-01 2.132620997990e-01 2.074559424936e-01 2.016428770983e-01 1.958347857566e-01 1.900429973912e-01 1.842782652301e-01
3.853467424427e-02 4.068624197144e-02 4.293824480930e-02 4.529382071650e-02 4.775607427179e-02 5.032806141745e-02 5.301277379125e-02 5.581312092880e-02 5.873191171565e-02 6.177183386488e-02 6.493543294365e-02 6.822508816041e-02 7.164298917200e-02 7.519110858926e-02 7.887117585709e-02 8.268464743371e-02 8.663267713297e-02 9.071608465337e-02 9.493532259733e-02 9.929044421473e-02 1.037810675834e-01 1.084063425106e-01 1.131649137727e-01 1.180548879216e-01 1.230737970440e-01 1.282185664094e-01 1.334854808054e-01 1.388701531019e-01 1.443674968425e-01 1.499716992432e-01 1.556761981328e-01 1.614736623671e-01 1.673559781325e-01 1.733142387774e-01 1.793387397408e-01 1.854189804300e-01 1.915436733948e-01 1.977007580787e-01 2.038774247013e-01 2.100601433263e-01 2.162347026134e-01 2.223862566833e-01 2.284993776058e-01 2.345581185382e-01 2.405460834016e-01 2.464465043215e-01 2.522423255080e-01 2.579162929113e-01 2.634510507516e-01 2.688292437932e-01 2.740336191805e-01 2.790471342159e-01 2.838530673685e-01 2.884351269269e-01 2.927775583724e-01 2.968652539136e-01 3.006838559542e-01 3.042198562279e-01 3.074606916072e-01 3.103948302298e-01 3.130118554515e-01 3.153025354858e-01 3.172588869956e-01 3.188742293392e-01 3.201432272594e-01 3.210619221195e-01 3.216277536459e-01 3.218395692927e-01 3.216976217997e-01 3.212035601390e-01 3.203604007739e-01 3.191724997434e-01 3.176455055080e-01 3.157863077239e-01 3.136029765753e-01 3.111046940836e-01 3.083016804881e-01 3.052051122950e-01 3.018270384338e-01 2.981802895991e-01 2.942783892595e-01 2.901354577883e-01 2.857661222171e-01 2.811854180195e-01 2.764087017493e-01 2.714515545366e-01 2.663296997330e-01 2.610589135146e-01 2.556549453367e-01 2.501334421768e-01 2.445098739045e-01 2.387994692455e-01 2.330171499386e-01 2.271774775317e-01 2.212946009131e-01 2.153822104528e-01 2.094534981892e-01 2.035211242718e-01 1.975971860679e-01 1.916931948675e-01 1.858200560797e-01
3.850841756032e-02 4.066840392647e-02 4.293008101159e-02 4.529670143409e-02 4.777149100587e-02 5.035763397472e-02 5.305825716028e-02 5.587641229922e-02 5.881505664161e-02 6.187703333802e-02 6.506504851758e-02 6.838164863895e-02 7.182919445478e-02 7.540983467291e-02 7.912547752128e-02 8.297776091087e-02 8.696802095231e-02 9.109725904584e-02 9.536610842792e-02 9.977479775045e-02 1.043231161093e-01 1.090103755107e-01 1.138353740758e-01 1.187963576151e-01 1.238909833952e-01 1.291162832839e-01 1.344686276628e-01 1.399436924291e-01 1.455364263729e-01 1.512410233890e-01 1.570508943639e-01 1.629586480704e-01 1.689560714305e-01 1.750341190793e-01 1.811829053296e-01 1.873917060534e-01 1.936489635318e-01 1.999423028053e-01 2.062585516811e-01 2.125837736571e-01 2.189033037245e-01 2.252017996805e-01 2.314632942763e-01 2.376712634729e-01 2.438086973829e-01 2.498581815519e-01 2.558019861847e-01 2.616221622684e-01 2.673006404901e-01 2.728193408046e-01 2.781602805746e-01 2.833056914489e-01 2.882381328205e-01 2.929406092562e-01 2.973966862935e-01 3.015906052904e-01 3.055073918524e-01 3.091329659531e-01 3.124542372727e-01 3.154592041511e-01 3.181370348419e-01 3.204781466719e-01 3.224742709215e-01 3.241185114306e-01 3.254053852829e-01 3.263308612451e-01 3.268923756247e-01 3.270888460993e-01 3.269206656449e-01 3.263896902253e-01 3.254992110430e-01 3.242539191525e-01 3.226598552021e-01 3.207243568083e-01 3.184559876332e-01 3.158644669741e-01 3.129605885653e-01 3.097561330400e-01 3.062637773158e-01 3.024969997868e-01 2.984699829667e-01 2.941975130987e-01 2.896948809622e-01 2.849777847263e-01 2.800622286740e-01 2.749644309085e-01 2.697007286106e-01 2.642874906022e-01 2.587410323148e-01 2.530775347870e-01 2.473129726683e-01 2.414630427422e-01 2.355431011330e-01 2.295681064403e-01 2.235525676260e-01 2.175104988225e-01 2.114553777366e-01 2.054001147368e-01 1.993570216520e-01 1.933377904192e-01 1.873534735755e-01
3.846938230893e-02 4.063721598245e-02 4.290799655305e-02 4.528509529307e-02 4.777186388538e-02 5.037162022496e-02 5.308763208624e-02 5.592309947373e-02 5.888113578242e-02 6.196474692582e-02 6.517680875711e-02 6.852004358223e-02 7.199699392739e-02 7.560999488852e-02 7.936114551974e-02 8.325227716480e-02 8.728492098254e-02 9.146027412424e-02 9.577916319773e-02 1.002420077882e-01 1.048487821655e-01 1.095989756247e-01 1.144915536484e-01 1.195249168936e-01 1.246968614856e-01 1.300045396549e-01 1.354444208764e-01 1.410122547281e-01 1.467030372374e-01 1.525109764276e-01 1.584294649617e-01 1.644510549814e-01 1.705674379191e-01 1.767694293816e-01 1.830469610794e-01 1.893890778575e-01 1.957839444318e-01 2.022188573036e-01 2.086802682739e-01 2.151538131337e-01 2.216243519642e-01 2.280760192456e-01 2.344922796631e-01 2.408559984132e-01 2.471495156154e-01 2.533547331087e-01 2.594532063273e-01 2.654262462134e-01 2.712550264169e-01 2.769206960824e-01 2.824044981275e-01 2.876878894168e-01 2.927526654573e-01 2.975810823216e-01 3.021559808498e-01 3.064609098816e-01 3.104802407404e-01 3.141992830542e-01 3.176043901269e-01 3.206830583344e-01 3.234240189206e-01 3.258173178272e-01 3.278543870047e-01 3.295281031280e-01 3.308328336065e-01 3.317644722544e-01 3.323204604014e-01 3.324997955714e-01 3.323030266599e-01 3.317322381191e-01 3.307910195702e-01 3.294844259363e-01 3.278189248166e-01 3.258023347559e-01 3.234437530857e-01 3.207534766120e-01 3.177429156526e-01 3.144244987262e-01 3.108115757326e-01 3.069183174239e-01 3.027596086447e-01 2.983509456416e-01 2.937083278494e-01 2.888481537695e-01 2.837871171512e-01 2.785421079646e-01 2.731301124716e-01 2.675681240522e-01 2.618730501902e-01 2.560616341103e-01 2.501503750668e-01 2.441554586020e-01 2.380926908847e-01 2.319774396559e-01 2.258245846803e-01 2.196484691631e-01 2.134628622678e-01 2.072809253281e-01 2.011151841589e-01 1.949775079135e-01 1.888790922868e-01
3.841754170362e-02 4.059264405177e-02 4.287195015378e-02 4.525895390746e-02 4.775713777844e-02 5.036995865901e-02 5.310083127965e-02 5.595311095149e-02 5.893007417681e-02 6.203489827897e-02 6.527063766700e-02 6.864020050570e-02 7.214632134942e-02 7.579153359217e-02 7.957813892256e-02 8.350817527618e-02 8.758338240586e-02 9.180516719598e-02 9.617456507340e-02 1.006922015670e-01 1.053582516223e-01 1.101723979296e-01 1.151337892917e-01 1.202409963222e-01 1.254919696365e-01 1.308839966663e-01 1.364136597405e-01 1.420767955793e-01 1.478684576720e-01 1.537828791909e-01 1.598134417408e-01 1.659526472365e-01 1.721920940319e-01 1.785224592468e-01 1.849334892181e-01 1.914139924333e-01 1.979518455529e-01 2.045340060584e-01 2.111465304829e-01 2.177746079153e-01 2.244025993173e-01 2.310140870683e-01 2.375919370135e-01 2.441183681315e-01 2.505750327248e-01 2.569431064157e-01 2.632033865148e-01 2.693363989055e-01 2.753225111707e-01 2.811420537362e-01 2.867754436084e-01 2.922033146882e-01 2.974066469219e-01 3.023669002626e-01 3.070661449406e-01 3.114871910066e-01 3.156137141259e-01 3.194303761018e-01 3.229229364604e-01 3.260783613553e-01 3.288849176543e-01 3.313322603115e-01 3.334115042882e-01 3.351152902514e-01 3.364378304638e-01 3.373749456148e-01 3.379240878261e-01 3.380843462628e-01 3.378564428616e-01 3.372427133077e-01 3.362470719827e-01 3.348749700868e-01 3.331333356894e-01 3.310305080509e-01 3.285761598000e-01 3.257812098307e-01 3.226577298133e-01 3.192188438802e-01 3.154786233459e-01 3.114519783027e-01 3.071545462735e-01 3.026025781667e-01 2.978128275387e-01 2.928024384039e-01 2.875888359021e-01 2.821896197451e-01 2.766224633037e-01 2.709050155564e-01 2.650548091077e-01 2.590891742707e-01 2.530251591605e-01 2.468794574702e-01 2.406683418176e-01 2.344076033572e-01 2.281125014978e-01 2.217977167085e-01 2.154773123600e-01 2.091647027294e-01 2.028726258385e-01 1.966131243431e-01 1.903975320017e-01
3.835288105014e-02 4.053466675310e-02 4.282191359883e-02 4.521824250232e-02 4.772727172701e-02 5.035260242075e-02 5.309780271326e-02 5.596639031778e-02 5.896181309480e-02 6.208742749867e-02 6.534647689413e-02 6.874206489863e-02 7.227712988670e-02 7.595441523038e-02 7.977643818929e-02 8.374545670980e-02 8.786343415904e-02 9.213200223779e-02 9.655242068063e-02 1.011255371091e-01 1.058517442832e-01 1.107309350877e-01 1.157624580280e-01 1.209450714783e-01 1.262768966778e-01 1.317553722456e-01 1.373772079768e-01 1.431383419692e-01 1.490338971760e-01 1.550581433020e-01 1.612044591135e-01 1.674653024202e-01 1.738321822623e-01 1.802956391170e-01 1.868452292744e-01 1.934695203660e-01 2.001560915476e-01 2.068915453913e-01 2.136615284262e-01 2.204507598239e-01 2.272430752004e-01 2.340214761917e-01 2.407681961172e-01 2.474647694246e-01 2.540921196335e-01 2.606306529274e-01 2.670603611718e-01 2.733609345323e-01 2.795118843270e-01 2.854926688675e-01 2.912828265522e-01 2.968621130141e-01 3.022106418457e-01 3.073090237298e-01 3.121385073930e-01 3.166811171825e-01 3.209197865819e-01 3.248384887761e-01 3.284223528685e-01 3.316577817095e-01 3.345325497227e-01 3.370358976592e-01 3.391586087657e-01 3.408930749337e-01 3.422333493691e-01 3.431751806439e-01 3.437160381463e-01 3.438551167736e-01 3.435933301645e-01 3.429332876023e-01 3.418792597080e-01 3.404371255243e-01 3.386143139559e-01 3.364197261687e-01 3.338636544486e-01 3.309576872708e-01 3.277146070980e-01 3.241482844856e-01 3.202735642579e-01 3.161061485888e-01 3.116624762128e-01 3.069596050826e-01 3.020150921078e-01 2.968468735229e-01 2.914731486486e-01 2.859122710171e-01 2.801826390418e-01 2.743025928699e-01 2.682903218082e-01 2.621637720967e-01 2.559405653154e-01 2.496379250331e-01 2.432726060664e-01 2.368608381743e-01 2.304182698464e-01 2.239599253508e-01 2.175001664268e-01 2.110526602909e-01 2.046303567557e-01 1.982454674683e-01 1.919094557717e-01
3.827539825701e-02 4.046327576759e-02 4.275787228704e-02 4.516294028527e-02 4.768223871390e-02 5.031951904116e-02 5.307850965117e-02 5.596289741780e-02 5.897630975572e-02 6.212229208947e-02 6.540428546098e-02 6.882560088281e-02 7.238939170303e-02 7.609862400139e-02 7.995604425629e-02 8.396414547187e-02 8.812512919283e-02 9.244086805219e-02 9.691286347792e-02 1.015422022424e-01 1.063295123641e-01 1.112749152449e-01 1.163779777830e-01 1.216376633588e-01 1.270522818272e-01 1.326194396637e-01 1.383359914380e-01 1.441979904450e-01 1.502006440804e-01 1.563382684136e-01 1.626042504307e-01 1.689910100934e-01 1.754899717565e-01 1.820915387881e-01 1.887850771313e-01 1.955589059157e-01 2.024002968443e-01 2.092954846524e-01 2.162296845543e-01 2.231871254042e-01 2.301510888807e-01 2.371039649235e-01 2.440273162262e-01 2.509019552029e-01 2.577080319745e-01 2.644251351722e-01 2.710324004752e-01 2.775086314013e-01 2.838324263282e-01 2.899823151904e-01 2.959369007342e-01 3.016750031362e-01 3.071758114669e-01 3.124190316976e-01 3.173850364940e-01 3.220550141496e-01 3.264111083727e-01 3.304365567407e-01 3.341158203218e-01 3.374347016188e-01 3.403804548982e-01 3.429418820234e-01 3.451094159579e-01 3.468751898563e-01 3.482330903916e-01 3.491787982432e-01 3.497098061461e-01 3.498254294875e-01 3.495267927474e-01 3.488168078347e-01 3.477001303231e-01 3.461831060063e-01 3.442737034592e-01 3.419814319840e-01 3.393172513959e-01 3.362934715008e-01 3.329236393477e-01 3.292224260070e-01 3.252055052352e-01 3.208894251743e-01 3.162914834938e-01 3.114295995769e-01 3.063221832180e-01 3.009880139834e-01 2.954461148021e-01 2.897156363274e-01 2.838157425059e-01 2.777655049326e-01 2.715838011412e-01 2.652892237976e-01 2.588999952629e-01 2.524338885513e-01 2.459081620739e-01 2.393394945557e-01 2.327439358519e-01 2.261368613113e-01 2.195329336763e-01 2.129460745662e-01 2.063894410282e-01 1.998754096304e-01 1.934155671205e-01
3.818510341317e-02 4.037847555917e-02 4.267982483402e-02 4.509304001505e-02 4.762202620223e-02 5.027069129932e-02 5.304293018488e-02 5.594260748133e-02 5.897353784617e-02 6.213946551878e-02 6.544403982439e-02 6.889078993712e-02 7.248309714890e-02 7.622416355114e-02 8.011697910999e-02 8.416428675260e-02 8.836854313597e-02 9.273187843581e-02 9.725605343973e-02 1.019424131577e-01 1.067918395115e-01 1.118047015593e-01 1.169808038439e-01 1.223193346036e-01 1.278188109248e-01 1.334770261039e-01 1.392909960362e-01 1.452569065877e-01 1.513700627159e-01 1.576248413632e-01 1.640146462424e-01 1.705318688415e-01 1.771678528072e-01 1.839128662566e-01 1.907560819939e-01 1.976855645275e-01 2.046882674149e-01 2.117500420275e-01 2.188556544165e-01 2.259888163788e-01 2.331322284518e-01 2.402676338346e-01 2.473758874543e-01 2.544370356887e-01 2.614304084114e-01 2.683347266225e-01 2.751282165159e-01 2.817887365516e-01 2.882939143650e-01 2.946212912554e-01 3.007484716721e-01 3.066532795022e-01 3.123139175153e-01 3.177091275423e-01 3.228183493854e-01 3.276218775287e-01 3.321010148379e-01 3.362382180793e-01 3.400172349568e-01 3.434232309191e-01 3.464429081446e-01 3.490646050547e-01 3.512783840761e-01 3.530761079221e-01 3.544514937317e-01 3.554001519348e-01 3.559196101621e-01 3.560093191972e-01 3.556706369900e-01 3.549068046547e-01 3.537228974586e-01 3.521257680903e-01 3.501239691588e-01 3.477276667092e-01 3.449485402579e-01 3.417996737508e-01 3.382954389743e-01 3.344513651294e-01 3.302840138969e-01 3.258108406404e-01 3.210500598573e-01 3.160205090556e-01 3.107415094752e-01 3.052327369553e-01 2.995140876082e-01 2.936055580600e-01 2.875271214010e-01 2.812986194024e-01 2.749396562707e-01 2.684695017870e-01 2.619070054781e-01 2.552705145341e-01 2.485778072928e-01 2.418460284259e-01 2.350916393530e-01 2.283303720271e-01 2.215771937691e-01 2.148462799859e-01 2.081509927916e-01 2.015038671443e-01 1.949166038825e-01
3.808201941141e-02 4.028028350325e-02 4.258778328578e-02 4.500854849748e-02 4.754663602763e-02 5.020611623387e-02 5.299105805839e-02 5.590551101505e-02 5.895348698962e-02 6.213893802702e-02 6.546573303984e-02 6.893763165162e-02 7.255825532440e-02 7.633105638810e-02 8.025928394191e-02 8.434594659098e-02 8.859377312257e-02 9.300517009712e-02 9.758217592028e-02 1.023264134968e-01 1.072390386691e-01 1.123206891922e-01 1.175714278706e-01 1.229906883421e-01 1.285772153657e-01 1.343290088986e-01 1.402432648092e-01 1.463163188764e-01 1.525435901395e-01 1.589195298197e-01 1.654375708042e-01 1.720900827106e-01 1.788683352116e-01 1.857624628214e-01 1.927614425511e-01 1.998530783989e-01 2.070239950491e-01 2.142596442736e-01 2.215443217327e-01 2.288611974412e-01 2.361923586318e-01 2.435188674005e-01 2.508208283142e-01 2.580774764971e-01 2.652672729233e-01 2.723680156371e-01 2.793569628563e-01 2.862109688678e-01 2.929066272382e-01 2.994204240802e-01 3.057289015017e-01 3.118088203959e-01 3.176373321363e-01 3.231921491597e-01 3.284517164023e-01 3.333953766217e-01 3.380035361144e-01 3.422578195843e-01 3.461412152473e-01 3.496382128478e-01 3.527349272926e-01 3.554192062175e-01 3.576807229776e-01 3.595110557646e-01 3.609037461537e-01 3.618543381380e-01 3.623604038175e-01 3.624215438753e-01 3.620393754272e-01 3.612174994275e-01 3.599614483261e-01 3.582786226152e-01 3.561782067638e-01 3.536710759213e-01 3.507696860520e-01 3.474879561919e-01 3.438411404413e-01 3.398456915463e-01 3.355191224553e-01 3.308798602569e-01 3.259470995004e-01 3.207406571091e-01 3.152808261235e-01 3.095882353077e-01 3.036837100701e-01 2.975881408493e-01 2.913223593832e-01 2.849070192282e-01 2.783624884280e-01 2.717087478441e-01 2.649653029065e-01 2.581510998833e-01 2.512844558684e-01 2.443829962494e-01 2.374636048451e-01 2.305423764591e-01 2.236345869819e-01 2.167546639265e-01 2.099161703508e-01 2.031317925312e-01 1.964133367901e-01
3.796618163913e-02 4.016872998578e-02 4.248177311743e-02 4.490948637280e-02 4.745608405174e-02 5.012580570348e-02 5.292290132698e-02 5.585161433795e-02 5.891616239820e-02 6.212071607203e-02 6.546937505664e-02 6.896614183386e-02 7.261489200688e-02 7.641934301277e-02 8.038301861574e-02 8.450921051907e-02 8.880093766761e-02 9.326090183093e-02 9.789143929201e-02 1.026944715341e-01 1.076714504572e-01 1.128233036777e-01 1.181503749021e-01 1.236523646835e-01 1.293282680550e-01 1.351763124624e-01 1.411938940827e-01 1.473775173519e-01 1.537227332472e-01 1.602240812981e-01 1.668750361251e-01 1.736679566553e-01 1.805940426440e-01 1.876432983704e-01 1.948045029630e-01 2.020651932576e-01 2.094116535333e-01 2.168289192946e-01 2.243007946200e-01 2.318098803876e-01 2.393376176869e-01 2.468643475429e-01 2.543693835408e-01 2.618310992358e-01 2.692270324129e-01 2.765340013378e-01 2.837282357120e-01 2.907855190482e-01 2.976813430350e-01 3.043910709611e-01 3.108901109723e-01 3.171540895588e-01 3.231590375002e-01 3.288815696673e-01 3.342990681886e-01 3.393898626287e-01 3.441334020209e-01 3.485104242125e-01 3.525031109507e-01 3.560952326894e-01 3.592722801813e-01 3.620215811908e-01 3.643324002893e-01 3.661960163572e-01 3.676057904176e-01 3.685572025170e-01 3.690478785533e-01 3.690775892146e-01 3.686482355247e-01 3.677638113772e-01 3.664303456266e-01 3.646558331319e-01 3.624501422977e-01 3.598249125145e-01 3.567934360018e-01 3.533705311458e-01 3.495724004617e-01 3.454164879993e-01 3.409213265080e-01 3.361063822208e-01 3.309918985948e-01 3.255987381302e-01 3.199482296115e-01 3.140620157846e-01 3.079619090068e-01 3.016697482557e-01 2.952072728024e-01 2.885959932343e-01 2.818570817940e-01 2.750112666839e-01 2.680787384553e-01 2.610790666550e-01 2.540311285936e-01 2.469530468503e-01 2.398621359512e-01 2.327748625784e-01 2.257068106109e-01 2.186726606047e-01 2.116861703522e-01 2.047601700912e-01 1.979065600154e-01
3.783763797377e-02 4.004385864261e-02 4.236183310979e-02 4.479588787040e-02 4.735040038020e-02 5.002978605292e-02 5.283848363454e-02 5.578093877199e-02 5.886158482639e-02 6.208482169893e-02 6.545499170964e-02 6.897635320546e-02 7.265305042960e-02 7.648908137908e-02 8.048826098136e-02 8.465418236935e-02 8.899017385238e-02 9.349925216230e-02 9.818407347952e-02 1.030468792799e-01 1.080894405778e-01 1.133129980305e-01 1.187182001504e-01 1.243050381428e-01 1.300727802958e-01 1.360199043642e-01 1.421440289548e-01 1.484418476822e-01 1.549090613343e-01 1.615403153604e-01 1.683291387353e-01 1.752678899729e-01 1.823477071940e-01 1.895584657890e-01 1.968887464970e-01 2.043258112269e-01 2.118555926159e-01 2.194626932486e-01 2.271304017667e-01 2.348407205308e-01 2.425744108511e-01 2.503110524686e-01 2.580291194868e-01 2.657060742291e-01 2.733184730413e-01 2.808420937542e-01 2.882520699727e-01 2.955230461751e-01 3.026293402418e-01 3.095451182447e-01 3.162445777811e-01 3.227021372061e-01 3.288926300413e-01 3.347915006225e-01 3.403749973221e-01 3.456203679535e-01 3.505060433994e-01 3.550118150623e-01 3.591190051195e-01 3.628106188146e-01 3.660714864023e-01 3.688883854859e-01 3.712501449933e-01 3.731477348847e-01 3.745743269543e-01 3.755253414292e-01 3.759984683239e-01 3.759936700561e-01 3.755131583811e-01 3.745613552440e-01 3.731448299964e-01 3.712722195462e-01 3.689541322168e-01 3.662030321533e-01 3.630331132681e-01 3.594601592980e-01 3.555013938578e-01 3.511753243704e-01 3.465015768304e-01 3.415007305563e-01 3.361941481586e-01 3.306038112581e-01 3.247521504915e-01 3.186618899161e-01 3.123558886690e-01 3.058569935217e-01 2.991879017027e-01 2.923710308275e-01 2.854283984998e-01 2.783815175299e-01 2.712512957926e-01 2.640579532468e-01 2.568209477435e-01 2.495589133278e-01 2.422896084208e-01 2.350298756960e-01 2.277956113082e-01 2.206017433551e-01 2.134622215799e-01 2.063900093360e-01 1.993970899927e-01
3.769644883240e-02 3.990572562718e-02 4.222801546490e-02 4.466780109879e-02 4.722962913727e-02 4.991809763227e-02 5.273784244212e-02 5.569352012935e-02 5.878978996780e-02 6.203129209213e-02 6.542262416437e-02 6.896831401435e-02 7.267278956897e-02 7.654034528897e-02 8.057510538144e-02 8.478098324101e-02 8.916163643346e-02 9.372041860849e-02 9.846032763983e-02 1.033839490476e-01 1.084933966538e-01 1.137902496710e-01 1.192754857997e-01 1.249494126508e-01 1.308115968671e-01 1.368607907642e-01 1.430948594180e-01 1.495107063810e-01 1.561042032614e-01 1.628701187287e-01 1.698020517398e-01 1.768923715023e-01 1.841321617075e-01 1.915111737347e-01 1.990177866921e-01 2.066389829047e-01 2.143603296286e-01 2.221659794431e-01 2.300386808755e-01 2.379598075964e-01 2.459094042706e-01 2.538662453270e-01 2.618079173606e-01 2.697109149802e-01 2.775507537591e-01 2.853021040355e-01 2.929389336300e-01 3.004346741205e-01 3.077623917259e-01 3.148949762930e-01 3.218053346434e-01 3.284665954964e-01 3.348523153635e-01 3.409366884289e-01 3.466947551440e-01 3.521026084173e-01 3.571375918894e-01 3.617784909286e-01 3.660057115734e-01 3.698014461359e-01 3.731498209109e-01 3.760370310868e-01 3.784514494003e-01 3.803837170974e-01 3.818268132513e-01 3.827761011007e-01 3.832293491812e-01 3.831867302293e-01 3.826507981872e-01 3.816264415248e-01 3.801208150530e-01 3.781432533103e-01 3.757051610168e-01 3.728198926426e-01 3.695026133854e-01 3.657701455940e-01 3.616408100153e-01 3.571342546773e-01 3.522712768830e-01 3.470736475790e-01 3.415639282531e-01 3.357652913526e-01 3.297013466839e-01 3.233959658218e-01 3.168731212064e-01 3.101567282360e-01 3.032704998672e-01 2.962378084933e-01 2.890815651691e-01 2.818241040548e-01 2.744870846164e-01 2.670914041404e-01 2.596571230659e-01 2.522034037391e-01 2.447484586051e-01 2.373095126959e-01 2.299027744358e-01 2.225434183779e-01 2.152455772091e-01 2.080223384473e-01 2.008857543325e-01
3.754268719235e-02 3.975440030579e-02 4.208038561694e-02 4.452528753857e-02 4.709382810280e-02 4.979079552979e-02 5.262103019726e-02 5.558940941657e-02 5.870082839565e-02 6.196017968859e-02 6.537232880979e-02 6.894208767526e-02 7.267418305688e-02 7.657322373597e-02 8.064366164828e-02 8.488974960226e-02 8.931549638442e-02 9.392461483969e-02 9.872046814471e-02 1.037060111161e-01 1.088837259699e-01 1.142555567146e-01 1.198228371089e-01 1.255862186614e-01 1.315455924978e-01 1.377000117086e-01 1.440476125233e-01 1.505855338186e-01 1.573098385368e-01 1.642154376277e-01 1.712960170081e-01 1.785439694862e-01 1.859503325137e-01 1.935047370009e-01 2.011953609420e-01 2.090088989583e-01 2.169305416813e-01 2.249439712066e-01 2.330313719345e-01 2.411734570498e-01 2.493495134797e-01 2.575374666227e-01 2.657139628070e-01 2.738544693383e-01 2.819333973090e-01 2.899242381345e-01 2.977997204655e-01 3.055319826918e-01 3.130927577903e-01 3.204535740125e-01 3.275859617021e-01 3.344616734586e-01 3.410529025153e-01 3.473325106788e-01 3.532742473725e-01 3.588529747699e-01 3.640448773645e-01 3.688276674131e-01 3.731807751099e-01 3.770855277756e-01 3.805253063569e-01 3.834856876250e-01 3.859545608372e-01 3.879222244604e-01 3.893814600971e-01 3.903275761169e-01 3.907584327267e-01 3.906744375443e-01 3.900785181022e-01 3.889760707942e-01 3.873748867087e-01 3.852850514844e-01 3.827188330737e-01 3.796905447249e-01 3.762163969046e-01 3.723143296532e-01 3.680038416624e-01 3.633058036703e-01 3.582422695626e-01 3.528362858405e-01 3.471116933967e-01 3.410929401225e-01 3.348048883289e-01 3.282726344455e-01 3.215213332734e-01 3.145760329348e-01 3.074615212727e-01 3.002021812407e-01 2.928218614396e-01 2.853437611527e-01 2.777903258196e-01 2.701831581238e-01 2.625429443309e-01 2.548893909236e-01 2.472411753766e-01 2.396159102505e-01 2.320301172290e-01 2.244992140677e-01 2.170375066175e-01 2.096581962642e-01 2.023733882974e-01
3.737643818323e-02 3.958996447049e-02 4.191902210172e-02 4.436842225791e-02 4.694306910384e-02 4.964794795268e-02 5.248811290828e-02 5.546867104390e-02 5.859476470413e-02 6.187155067781e-02 6.530417598590e-02 6.889775118046e-02 7.265731915363e-02 7.658781995285e-02 8.069405280555e-02 8.498063154741e-02 8.945193780188e-02 9.411206777832e-02 9.896477550196e-02 1.040134106616e-01 1.092608513622e-01 1.147094342774e-01 1.203608784928e-01 1.262162068469e-01 1.322756647423e-01 1.385386339240e-01 1.450035486166e-01 1.516678080585e-01 1.585276906314e-01 1.655782705964e-01 1.728133381131e-01 1.802253230755e-01 1.878052284872e-01 1.955425674942e-01 2.034253172040e-01 2.114398782204e-01 2.195710515364e-01 2.278020293944e-01 2.361144049214e-01 2.444881964081e-01 2.529018934199e-01 2.613325230208e-01 2.697557347825e-01 2.781459080925e-01 2.864762785301e-01 2.947190863286e-01 3.028457388777e-01 3.108269982454e-01 3.186331761334e-01 3.262343481372e-01 3.336005777136e-01 3.407021474772e-01 3.475097975247e-01 3.539949656363e-01 3.601300266486e-01 3.658885271707e-01 3.712454170027e-01 3.761772632689e-01 3.806624596979e-01 3.846814109140e-01 3.882167072389e-01 3.912532694619e-01 3.937784769877e-01 3.957822707083e-01 3.972572244017e-01 3.981985984704e-01 3.986043585378e-01 3.984751735668e-01 3.978143791681e-01 3.966279241418e-01 3.949242860333e-01 3.927143664682e-01 3.900113631958e-01 3.868306222377e-01 3.831894785678e-01 3.791070745199e-01 3.746041726139e-01 3.697029565002e-01 3.644268259317e-01 3.588001908834e-01 3.528482628617e-01 3.465968484458e-01 3.400721469890e-01 3.333005569672e-01 3.263084917600e-01 3.191222007933e-01 3.117676084238e-01 3.042701645542e-01 2.966547075518e-01 2.889453432315e-01 2.811653400592e-01 2.733370367659e-01 2.654817671004e-01 2.576197992280e-01 2.497702865714e-01 2.419512343576e-01 2.341794777285e-01 2.264706705577e-01 2.188392855890e-01 2.112986220247e-01 2.038608241617e-01
3.719779945634e-02 3.941251288356e-02 4.174401612905e-02 4.419729343031e-02 4.677743697617e-02 4.948963738906e-02 5.233917054386e-02 5.533138364232e-02 5.847167719358e-02 6.176548470878e-02 6.521824903108e-02 6.883539509708e-02 7.262229809400e-02 7.658424923945e-02 8.072641455499e-02 8.505379103747e-02 8.957115690450e-02 9.428301667640e-02 9.919354157103e-02 1.043065039528e-01 1.096252069388e-01 1.151524099084e-01 1.208902468085e-01 1.268401436275e-01 1.330027292150e-01 1.393777449761e-01 1.459639516760e-01 1.527590361393e-01 1.597595181669e-01 1.669606575165e-01 1.743563680365e-01 1.819391332172e-01 1.896999296977e-01 1.976281619841e-01 2.057116036919e-01 2.139363562378e-01 2.222868168973e-01 2.307456690498e-01 2.392938849572e-01 2.479107534349e-01 2.565739231394e-01 2.652594705862e-01 2.739419909312e-01 2.825947085154e-01 2.911896107497e-01 2.996976059010e-01 3.080886971144e-01 3.163321781010e-01 3.243968464346e-01 3.322512295842e-01 3.398638245171e-01 3.472033475883e-01 3.542389866550e-01 3.609406611879e-01 3.672792772107e-01 3.732269805856e-01 3.787574030616e-01 3.838458923668e-01 3.884697370387e-01 3.926083625172e-01 3.962435168061e-01 3.993594267269e-01 4.019429345672e-01 4.039836019129e-01 4.054737933665e-01 4.064087239938e-01 4.067864823210e-01 4.066080227754e-01 4.058771280081e-01 4.046003469601e-01 4.027869012812e-01 4.004485729438e-01 3.975995602345e-01 3.942563254405e-01 3.904374103521e-01 3.861632500086e-01 3.814559637787e-01 3.763391415394e-01 3.708376266457e-01 3.649772881540e-01 3.587848006806e-01 3.522874212248e-01 3.455127755413e-01 3.384886485095e-01 3.312427885812e-01 3.238027204061e-01 3.161955722929e-01 3.084479211410e-01 3.005856459881e-01 2.926338062956e-01 2.846165308094e-01 2.765569261830e-01 2.684769973818e-01 2.603975911202e-01 2.523383471059e-01 2.443176682959e-01 2.363527018166e-01 2.284593318493e-01 2.206521864122e-01 2.129446491580e-01 2.053488838279e-01
3.700688056471e-02 3.922215235546e-02 4.155547201138e-02 4.401200201096e-02 4.659702997471e-02 4.931595890917e-02 5.217429606405e-02 5.517763862761e-02 5.833165700620e-02 6.164207451636e-02 6.511464430876e-02 6.875512149723e-02 7.256923226545e-02 7.656263758618e-02 8.074089233791e-02 8.510939927994e-02 8.967335833339e-02 9.443770841778e-02 9.940706571545e-02 1.045856552275e-01 1.099772353222e-01 1.155850190245e-01 1.214115885153e-01 1.274588044575e-01 1.337277129406e-01 1.402184456723e-01 1.469301220671e-01 1.538607461376e-01 1.610071053935e-01 1.683646708503e-01 1.759275006580e-01 1.836881476633e-01 1.916375766316e-01 1.997650879137e-01 2.080582540200e-01 2.165028690343e-01 2.250829143365e-01 2.337805423909e-01 2.425760772482e-01 2.514480386783e-01 2.603731888298e-01 2.693266006501e-01 2.782817511100e-01 2.872106391537e-01 2.960839272745e-01 3.048711069294e-01 3.135406847092e-01 3.220603935407e-01 3.303974144824e-01 3.385186256357e-01 3.463908536017e-01 3.539811415276e-01 3.612570227713e-01 3.681867958075e-01 3.747398010024e-01 3.808866898741e-01 3.865996880526e-01 3.918528454503e-01 3.966222724450e-01 4.008863528122e-01 4.046259411224e-01 4.078245281609e-01 4.104683877969e-01 4.125466876614e-01 4.140515725463e-01 4.149782190941e-01 4.153248557348e-01 4.150927522389e-01 4.142861794287e-01 4.129123350301e-01 4.109812471019e-01 4.085056450066e-01 4.055008107454e-01 4.019844020221e-01 3.979762629020e-01 3.934982139566e-01 3.885738307155e-01 3.832282125107e-01 3.774877450877e-01 3.713798609028e-01 3.649327963114e-01 3.581753580924e-01 3.511366900050e-01 3.438460546777e-01 3.363326180094e-01 3.286252570735e-01 3.207523754525e-01 3.127417384032e-01 3.046203234119e-01 2.964141904170e-01 2.881483688542e-01 2.798467635150e-01 2.715320773938e-01 2.632257519100e-01 2.549479244928e-01 2.467173985332e-01 2.385516311758e-01 2.304667302647e-01 2.224774667160e-01 2.145972919866e-01 2.068383689583e-01
3.680380311817e-02 3.901900239383e-02 4.135350640553e-02 4.381266202829e-02 4.640195886306e-02 4.912702071572e-02 5.199359528152e-02 5.500754020988e-02 5.817480768375e-02 6.150142446134e-02 6.499346888429e-02 6.865704347590e-02 7.249824362350e-02 7.652312062352e-02 8.073764018388e-02 8.514763544921e-02 8.975875336975e-02 9.457639535877e-02 9.960565221971e-02 1.048512318197e-01 1.103173807027e-01 1.160077994656e-01 1.219255514982e-01 1.280729677372e-01 1.344515455518e-01 1.410618422502e-01 1.479033682119e-01 1.549744766235e-01 1.622722522281e-01 1.697924036341e-01 1.775291559823e-01 1.854751514270e-01 1.936213548990e-01 2.019569707209e-01 2.104693709266e-01 2.191440375573e-01 2.279645223173e-01 2.369124239651e-01 2.459673872728e-01 2.551071255162e-01 2.643074651233e-01 2.735424172194e-01 2.827842753015e-01 2.920037388470e-01 3.011700615988e-01 3.102512284878e-01 3.192141554692e-01 3.280249092470e-01 3.366489521253e-01 3.450514003930e-01 3.531973006916e-01 3.610519114056e-01 3.685810008816e-01 3.757511390858e-01 3.825299954065e-01 3.888866268867e-01 3.947917623830e-01 4.002180676817e-01 4.051403987594e-01 4.095360332872e-01 4.133848751684e-01 4.166696371239e-01 4.193759910261e-01 4.214926907302e-01 4.230116566132e-01 4.239280326424e-01 4.242402055769e-01 4.239497913435e-01 4.230615910858e-01 4.215835078909e-01 4.195264389961e-01 4.169041391761e-01 4.137330521055e-01 4.100321262562e-01 4.058226015621e-01 4.011277876076e-01 3.959728219526e-01 3.903844197250e-01 3.843906204609e-01 3.780205250609e-01 3.713040413722e-01 3.642716269359e-01 3.569540466656e-01 3.493821305332e-01 3.415865548961e-01 3.335976298723e-01 3.254451080947e-01 3.171580105920e-01 3.087644709112e-01 3.002916001576e-01 2.917653701320e-01 2.832105175028e-01 2.746504670063e-01 2.661072738594e-01 2.576015816928e-01 2.491525989683e-01 2.407780893239e-01 2.324943761980e-01 2.243163574113e-01 2.162575357169e-01 2.083300504070e-01
3.658870059019e-02 3.880319414978e-02 4.113824806375e-02 4.359939954144e-02 4.619234704883e-02 4.892294350657e-02 5.179718602470e-02 5.482120420623e-02 5.800124418457e-02 6.134364976830e-02 6.485484052183e-02 6.854128359413e-02 7.240946276424e-02 7.646584105988e-02 8.071681843748e-02 8.516868303439e-02 8.982755652909e-02 9.469933199845e-02 9.978960548751e-02 1.051036009835e-01 1.106460863765e-01 1.164212853913e-01 1.224327798427e-01 1.286834071909e-01 1.351751528342e-01 1.419090365227e-01 1.488849955257e-01 1.561017654572e-01 1.635567606134e-01 1.712459556954e-01 1.791637681620e-01 1.873029490003e-01 1.956544787157e-01 2.042074745993e-01 2.129491103497e-01 2.218645501807e-01 2.309369017243e-01 2.401471876204e-01 2.494743422348e-01 2.588952301622e-01 2.683846915187e-01 2.779156159272e-01 2.874590425992e-01 2.969842920954e-01 3.064591219181e-01 3.158499172264e-01 3.251218973846e-01 3.342393579758e-01 3.431659280933e-01 3.518648474931e-01 3.602992620089e-01 3.684325304392e-01 3.762285358887e-01 3.836520048889e-01 3.906688250763e-01 3.972463550454e-01 4.033537270401e-01 4.089621329474e-01 4.140450947318e-01 4.185787113562e-01 4.225418792035e-01 4.259164853654e-01 4.286875681231e-01 4.308434462161e-01 4.323758084289e-01 4.332797724863e-01 4.335539046590e-01 4.332002013863e-01 4.322240386559e-01 4.306340827379e-01 4.284421709625e-01 4.256631603028e-01 4.223147476763e-01 4.184172662490e-01 4.139934579698e-01 4.090682291182e-01 4.036683902153e-01 3.978223885360e-01 3.915600316661e-01 3.849122056502e-01 3.779106016941e-01 3.705874413490e-01 3.629752120568e-01 3.551064165650e-01 3.470133311001e-01 3.387277870238e-01 3.302809655772e-01 3.217032129881e-01 3.130238809844e-01 3.042711833684e-01 2.954720772949e-01 2.866521667579e-01 2.778356244019e-01 2.690451361089e-01 2.603018620173e-01 2.516254172700e-01 2.430338677447e-01 2.345437413258e-01 2.261700501213e-01 2.179263249006e-01 2.098246587686e-01
3.636171779050e-02 3.857487092229e-02 4.090983807524e-02 4.337235277689e-02 4.596832990072e-02 4.870385950169e-02 5.158519822977e-02 5.461875817179e-02 5.781109220729e-02 6.116887607140e-02 6.469888614048e-02 6.840797237856e-02 7.230302715919e-02 7.639094722945e-02 8.067859086542e-02 8.517272804552e-02 8.987998301697e-02 9.480677104726e-02 9.995922651592e-02 1.053431231626e-01 1.109637872603e-01 1.168260022909e-01 1.229339067305e-01 1.292908843932e-01 1.358994478684e-01 1.427611178872e-01 1.498762966817e-01 1.572441396172e-01 1.648624242113e-01 1.727274220422e-01 1.808337697069e-01 1.891743500224e-01 1.977401751855e-01 2.065202864332e-01 2.155016611174e-01 2.246691401975e-01 2.340053738314e-01 2.434907854958e-01 2.531035659522e-01 2.628196873678e-01 2.726129503513e-01 2.824550582696e-01 2.923157234416e-01 3.021628030173e-01 3.119624670187e-01 3.216793959901e-01 3.312770087740e-01 3.407177128659e-01 3.499631830949e-01 3.589746612391e-01 3.677132667900e-01 3.761403313404e-01 3.842177284226e-01 3.919082202601e-01 3.991757940281e-01 4.059859983092e-01 4.123062628696e-01 4.181062117109e-01 4.233579465904e-01 4.280363146951e-01 4.321191416622e-01 4.355874406613e-01 4.384255805660e-01 4.406214233201e-01 4.421664201057e-01 4.430556708590e-01 4.432879403154e-01 4.428656434556e-01 4.417947787619e-01 4.400848393154e-01 4.377486748874e-01 4.348023310402e-01 4.312648508980e-01 4.271580568591e-01 4.225062994907e-01 4.173361989525e-01 4.116763599072e-01 4.055570823959e-01 3.990100648468e-01 3.920681018304e-01 3.847647880029e-01 3.771342249801e-01 3.692107373921e-01 3.610286037855e-01 3.526218029762e-01 3.440237779020e-01 3.352672196836e-01 3.263838760962e-01 3.174043801748e-01 3.083581034080e-01 2.992730345093e-01 2.901756794314e-01 2.810909854912e-01 2.720422861428e-01 2.630512674496e-01 2.541379536532e-01 2.453207067968e-01 2.366162471416e-01 2.280396825615e-01 2.196045499924e-01 2.113228702670e-01
3.612301101887e-02 3.833418722905e-02 4.066842886089e-02 4.313167185810e-02 4.573005452166e-02 4.846991276232e-02 5.135777248648e-02 5.440033989643e-02 5.760448757877e-02 6.097723777149e-02 6.452574034201e-02 6.825724715602e-02 7.217907944251e-02 7.629859091241e-02 8.062312323328e-02 8.515995537854e-02 8.991624458826e-02 9.489896001149e-02 1.001148081401e-01 1.055701491949e-01 1.112709050054e-01 1.172224589266e-01 1.234295470766e-01 1.298961400133e-01 1.366253205250e-01 1.436191512100e-01 1.508785404994e-01 1.584031018308e-01 1.661910129376e-01 1.742388755040e-01 1.825415756374e-01 1.910921512135e-01 1.998816656412e-01 2.088990941364e-01 2.181312227205e-01 2.275625646161e-01 2.371752979924e-01 2.469492234564e-01 2.568617528182e-01 2.668879216960e-01 2.770004349194e-01 2.871697423430e-01 2.973641504484e-01 3.075499650005e-01 3.176916704226e-01 3.277521366131e-01 3.376928645666e-01 3.474742520820e-01 3.570558955256e-01 3.663969033811e-01 3.754562392583e-01 3.841930710796e-01 3.925671325528e-01 4.005390904696e-01 4.080709079935e-01 4.151262018806e-01 4.216705938788e-01 4.276720345557e-01 4.331011173182e-01 4.379313572116e-01 4.421394455048e-01 4.457054686474e-01 4.486130890932e-01 4.508496899935e-01 4.524064782247e-01 4.532785426287e-01 4.534648733657e-01 4.529683380949e-01 4.517956138424e-01 4.499570830744e-01 4.474666889438e-01 4.443417536191e-01 4.406027698475e-01 4.362731546585e-01 4.313789882989e-01 4.259487248811e-01 4.200128900987e-01 4.136037680953e-01 4.067550773668e-01 3.995016525950e-01 3.918791187716e-01 3.839235813150e-01 3.756713211926e-01 3.671585059925e-01 3.584209222417e-01 3.494937199854e-01 3.404111897431e-01 3.312065567783e-01 3.219118033134e-01 3.125575164775e-01 3.031727630636e-01 2.937849882146e-01 2.844199397822e-01 2.751016174756e-01 2.658522420272e-01 2.566922455190e-01 2.476402803807e-01 2.387132453473e-01 2.299263238026e-01 2.212930350016e-01 2.128252970391e-01
3.587274757061e-02 3.808130900912e-02 4.041418427758e-02 4.287751787601e-02 4.547767901222e-02 4.822125794931e-02 5.111506005552e-02 5.416609699957e-02 5.738157476932e-02 6.076887709922e-02 6.433554479399e-02 6.808925026262e-02 7.203776561237e-02 7.618892490503e-02 8.055057983874e-02 8.513054687883e-02 8.993654699065e-02 9.497613664882e-02 1.002566306097e-01 1.057850129844e-01 1.115678419199e-01 1.176111419560e-01 1.239202890061e-01 1.304998859499e-01 1.373536285794e-01 1.444841671123e-01 1.518929583765e-01 1.595801162621e-01 1.675442581952e-01 1.757823524536e-01 1.842895656883e-01 1.930591175017e-01 2.020821433275e-01 2.113475656814e-01 2.208419840804e-01 2.305495797581e-01 2.404520443639e-01 2.505285320876e-01 2.607556404147e-01 2.711074207074e-01 2.815554220778e-01 2.920687709037e-01 3.026142855124e-01 3.131566273671e-01 3.236584900702e-01 3.340808204958e-01 3.443830785460e-01 3.545235255159e-01 3.644595411914e-01 3.741479654086e-01 3.835454613491e-01 3.926088936162e-01 4.012957151342e-01 4.095643589119e-01 4.173746313743e-01 4.246880951402e-01 4.314684431014e-01 4.376818475571e-01 4.432972966835e-01 4.482868910804e-01 4.526261192630e-01 4.562940847776e-01 4.592737060671e-01 4.615518651905e-01 4.631195147461e-01 4.639717438375e-01 4.641077922783e-01 4.635310209202e-01 4.622488416362e-01 4.602725981646e-01 4.576174065195e-01 4.543019655265e-01 4.503483195843e-01 4.457816007670e-01 4.406297403787e-01 4.349231572717e-01 4.286944347343e-01 4.219779753958e-01 4.148096599372e-01 4.072264984281e-01 3.992662826308e-01 3.909672540915e-01 3.823677751117e-01 3.735060226837e-01 3.644196993726e-01 3.551457676470e-01 3.457202083545e-01 3.361778052367e-01 3.265519613380e-01 3.168745398656e-01 3.071757329964e-01 2.974839629579e-01 2.878258072563e-01 2.782259475485e-01 2.687071468915e-01 2.592902453681e-01 2.499941770381e-01 2.408360024077e-01 2.318309594391e-01 2.229925214037e-01 2.143324724340e-01
3.561110545864e-02 3.781641314387e-02 4.014727917579e-02 4.261006302868e-02 4.521137228514e-02 4.795806017339e-02 5.085722178488e-02 5.391618625913e-02 5.714250643674e-02 6.054394325275e-02 6.412844599118e-02 6.790412746933e-02 7.187923301407e-02 7.606210155818e-02 8.046112169220e-02 8.508467726396e-02 8.994108549436e-02 9.503852533504e-02 1.003849565497e-01 1.059880275266e-01 1.118549743530e-01 1.179925066494e-01 1.244066864854e-01 1.311027943000e-01 1.380851874617e-01 1.453571489436e-01 1.529207320814e-01 1.607765952572e-01 1.689238379475e-01 1.773598336943e-01 1.860800645621e-01 1.950779613617e-01 2.043447532150e-01 2.138693253059e-01 2.236380963712e-01 2.336349128534e-01 2.438409666820e-01 2.542347400671e-01 2.647919782661e-01 2.754856993710e-01 2.862862361615e-01 2.971613167152e-01 3.080761840088e-01 3.189937570770e-01 3.298748275178e-01 3.406783002164e-01 3.513614656054e-01 3.618803099530e-01 3.721898544372e-01 3.822445223879e-01 3.919985290089e-01 4.014062825913e-01 4.104228070704e-01 4.190041575669e-01 4.271078428100e-01 4.346932388172e-01 4.417219844263e-01 4.481583628829e-01 4.539696543318e-01 4.591264593960e-01 4.636029880126e-01 4.673773075283e-01 4.704315484746e-01 4.727520672500e-01 4.743295579148e-01 4.751591182376e-01 4.752402630248e-01 4.745768927612e-01 4.731772114064e-01 4.710535969979e-01 4.682224320345e-01 4.647038882408e-01 4.605216778404e-01 4.557027696920e-01 4.502770775690e-01 4.442771249901e-01 4.377376925675e-01 4.306954509003e-01 4.231885877889e-01 4.152564346442e-01 4.069390956679e-01 3.982770850525e-01 3.893109816887e-01 3.800810963043e-01 3.706271676308e-01 3.609880747634e-01 3.512015869172e-01 3.413041335000e-01 3.313306117171e-01 3.213142213606e-01 3.112863331212e-01 3.012763851532e-01 2.913118103193e-01 2.814179904956e-01 2.716182386939e-01 2.619337999882e-01 2.523838787119e-01 2.429856811558e-01 2.337544732176e-01 2.247036539441e-01 2.158448378680e-01
3.533827319203e-02 3.753968688654e-02 3.986789894097e-02 4.232949009792e-02 4.493131337940e-02 4.768049421502e-02 5.058442774581e-02 5.365077268861e-02 5.688744245991e-02 6.030259112467e-02 6.390459467123e-02 6.770202689640e-02 7.170362854885e-02 7.591826957494e-02 8.035490317071e-02 8.502251160302e-02 8.993004185721e-02 9.508633197725e-02 1.005000257165e-01 1.061794778650e-01 1.121326459899e-01 1.183669716401e-01 1.248892501476e-01 1.317054891810e-01 1.388207574212e-01 1.462390216798e-01 1.539629796763e-01 1.619938832129e-01 1.703313590073e-01 1.789732275524e-01 1.879153234289e-01 1.971513210383e-01 2.066725671486e-01 2.164679272408e-01 2.265236471926e-01 2.368232356934e-01 2.473473711979e-01 2.580738382196e-01 2.689774926845e-01 2.800302676295e-01 2.912012147370e-01 3.024565847037e-01 3.137599551589e-01 3.250723977963e-01 3.363526872651e-01 3.475575582388e-01 3.586419952687e-01 3.695595651039e-01 3.802627799818e-01 3.907034902737e-01 4.008333019005e-01 4.106040128426e-01 4.199680573373e-01 4.288789589763e-01 4.372917821879e-01 4.451635740602e-01 4.524537903068e-01 4.591247051297e-01 4.651417842190e-01 4.704740368597e-01 4.750943173277e-01 4.789795962369e-01 4.821111741784e-01 4.844748570165e-01 4.860610721480e-01 4.868649365899e-01 4.868862699255e-01 4.861295582622e-01 4.846038591461e-01 4.823226663310e-01 4.793037199594e-01 4.755687733572e-01 4.711433262435e-01 4.660563151991e-01 4.603397750007e-01 4.540284800638e-01 4.471595608668e-01 4.397721085019e-01 4.319067745969e-01 4.236053670306e-01 4.149104535206e-01 4.058649696196e-01 3.965118501644e-01 3.868936739021e-01 3.770523378353e-01 3.670287526631e-01 3.568625767710e-01 3.465919756051e-01 3.362534178360e-01 3.258815069259e-01 3.155088414135e-01 3.051659158372e-01 2.948810472525e-01 2.846803346274e-01 2.745876453363e-01 2.646246271578e-01 2.548107425398e-01 2.451633210665e-01 2.356976313349e-01 2.264269646384e-01 2.173627287428e-01
3.505444953374e-02 3.725132799377e-02 3.957623935398e-02 4.203599156119e-02 4.463769104291e-02 4.738874412574e-02 5.029685642355e-02 5.337002848828e-02 5.661654860338e-02 6.004498000548e-02 6.366414402386e-02 6.748309612421e-02 7.151109654675e-02 7.575757181324e-02 8.023206954953e-02 8.494420169923e-02 8.990358029281e-02 9.511974024156e-02 1.006020505234e-01 1.063596156324e-01 1.124011608732e-01 1.187349082999e-01 1.253684372707e-01 1.323085349705e-01 1.395610336374e-01 1.471306373093e-01 1.550207412320e-01 1.632332409928e-01 1.717683389225e-01 1.806243484841e-01 1.897974973020e-01 1.992817370212e-01 2.090685598087e-01 2.191468301772e-01 2.295026306310e-01 2.401191312637e-01 2.509764833298e-01 2.620517475674e-01 2.733188514682e-01 2.847485904215e-01 2.963086651353e-01 3.079637695330e-01 3.196757185165e-01 3.314036263433e-01 3.431041293530e-01 3.547316571111e-01 3.662387441066e-01 3.775763847794e-01 3.886944212204e-01 3.995419669371e-01 4.100678526144e-01 4.202210944797e-01 4.299513724133e-01 4.392095162267e-01 4.479479888504e-01 4.561213607608e-01 4.636867678512e-01 4.706043470548e-01 4.768376413805e-01 4.823539676702e-01 4.871247474333e-01 4.911257898568e-01 4.943375223002e-01 4.967451723019e-01 4.983388937502e-01 4.991138357740e-01 4.990701524791e-01 4.982129631049e-01 4.965522486245e-01 4.941026999729e-01 4.908835134630e-01 4.869181402535e-01 4.822339921568e-01 4.768621106530e-01 4.708368013135e-01 4.641952421965e-01 4.569770737236e-01 4.492239720675e-01 4.409792171297e-01 4.322872572979e-01 4.231932823736e-01 4.137428064206e-01 4.039812692506e-01 3.939536569748e-01 3.837041559488e-01 3.732758277445e-01 3.627103275140e-01 3.520476498114e-01 3.413259176186e-01 3.305812021772e-01 3.198473875520e-01 3.091560639855e-01 2.985364612400e-01 2.880154103671e-01 2.776173399421e-01 2.673642928670e-01 2.572759754643e-01 2.473698188378e-01 2.376610640482e-01 2.281628572547e-01 2.188863587510e-01
3.475984287153e-02 3.695154396215e-02 3.927250568428e-02 4.172976975551e-02 4.433070329782e-02 4.708300241923e-02 4.999469379663e-02 5.307413242462e-02 5.632999563717e-02 5.977127251504e-02 6.340724839935e-02 6.724748198914e-02 7.130177703193e-02 7.558014378046e-02 8.009275369155e-02 8.484988257109e-02 8.986184317609e-02 9.513890638248e-02 1.006912096952e-01 1.065286520025e-01 1.126607759780e-01 1.190966342075e-01 1.258446439151e-01 1.329124262727e-01 1.403066330710e-01 1.480327624797e-01 1.560949624782e-01 1.644958275445e-01 1.732361880935e-01 1.823148979657e-01 1.917286221392e-01 2.014716268097e-01 2.115355807358e-01 2.219093675437e-01 2.325789180104e-01 2.435270621050e-01 2.547334136407e-01 2.661742817233e-01 2.778226255759e-01 2.896480461584e-01 3.016168255206e-01 3.136920118023e-01 3.258335575252e-01 3.379985041109e-01 3.501412201371e-01 3.622136886843e-01 3.741658424309e-01 3.859459399634e-01 3.975009861138e-01 4.087771815998e-01 4.197204052713e-01 4.302767140259e-01 4.403928577931e-01 4.500168007928e-01 4.590982405320e-01 4.675891140789e-01 4.754440929395e-01 4.826210451343e-01 4.890814702239e-01 4.947908955118e-01 4.997192231140e-01 5.038410350829e-01 5.071358377339e-01 5.095882554306e-01 5.111881597842e-01 5.119307439327e-01 5.118165308533e-01 5.108513253122e-01 5.090460994747e-01 5.064168309315e-01 5.029842782312e-01 4.987737083841e-01 4.938145802418e-01 4.881401857126e-01 4.817872553868e-01 4.747955356490e-01 4.672073459737e-01 4.590671195796e-01 4.504209390619e-01 4.413160654180e-01 4.318004823779e-01 4.219224447330e-01 4.117300539913e-01 4.012708535167e-01 3.905914547382e-01 3.797371966741e-01 3.687518425345e-01 3.576773161732e-01 3.465534770733e-01 3.354179376356e-01 3.243059202457e-01 3.132501540563e-01 3.022808091477e-01 2.914254647959e-01 2.807091122357e-01 2.701541853016e-01 2.597806148528e-01 2.496059081427e-01 2.396452446584e-01 2.299115878548e-01 2.204158062376e-01
3.445467124815e-02 3.664055173616e-02 3.895691277662e-02 4.141103596626e-02 4.401055644587e-02 4.676346936063e-02 4.967813302938e-02 5.276326908753e-02 5.602795855989e-02 5.948163328422e-02 6.313406162693e-02 6.699532766325e-02 7.107580312431e-02 7.538610987067e-02 7.993707426244e-02 8.473966954006e-02 8.980494703281e-02 9.514395489149e-02 1.007676427666e-01 1.066867524766e-01 1.129116937991e-01 1.194524039555e-01 1.263181937773e-01 1.335175760715e-01 1.410580823506e-01 1.489460632495e-01 1.571864799705e-01 1.657826832928e-01 1.747361883513e-01 1.840464416033e-01 1.937105914090e-01 2.037232603358e-01 2.140763262343e-01 2.247587161181e-01 2.357562216495e-01 2.470513355250e-01 2.586231196487e-01 2.704471068840e-01 2.824952456945e-01 2.947358854730e-01 3.071338154309e-01 3.196503497169e-01 3.322434701970e-01 3.448680254143e-01 3.574759793264e-01 3.700167199118e-01 3.824374162938e-01 3.946834217561e-01 4.066987230542e-01 4.184264262117e-01 4.298092707489e-01 4.407901662961e-01 4.513127482293e-01 4.613219347434e-01 4.707644816400e-01 4.795895324800e-01 4.877491380966e-01 4.951987605377e-01 5.018977344425e-01 5.078096874314e-01 5.129029161294e-01 5.171507061959e-01 5.205315951277e-01 5.230295730975e-01 5.246342259912e-01 5.253408032384e-01 5.251502310924e-01 5.240690525557e-01 5.221093092942e-01 5.192883565292e-01 5.156286248236e-01 5.111573241849e-01 5.059061014003e-01 4.999106529223e-01 4.932102964218e-01 4.858475209546e-01 4.778675034944e-01 4.693176164489e-01 4.602469266799e-01 4.507056925918e-01 4.407448682265e-01 4.304156252090e-01 4.197688919299e-01 4.088549239053e-01 3.977229028497e-01 3.864205753876e-01 3.749939328894e-01 3.634869300109e-01 3.519412527127e-01 3.403961253916e-01 3.288881677888e-01 3.174512894297e-01 3.061166282870e-01 2.949125271983e-01 2.838645430740e-01 2.729954886229e-01 2.623255012356e-01 2.518721354353e-01 2.416504728760e-01 2.316732504219e-01 2.219509969044e-01
3.413916171109e-02 3.631857740300e-02 3.862968445776e-02 4.108001013096e-02 4.367746526774e-02 4.643035273662e-02 4.934737323875e-02 5.243762761328e-02 5.571061525490e-02 5.917622764772e-02 6.284473584935e-02 6.672677149617e-02 7.083329943506e-02 7.517558183513e-02 7.976513128821e-02 8.461365398983e-02 8.973297866373e-02 9.513497318805e-02 1.008314452472e-01 1.068340293672e-01 1.131540549914e-01 1.198024006293e-01 1.267893286162e-01 1.341243052244e-01 1.418158032704e-01 1.498710903920e-01 1.582960032272e-01 1.670947116979e-01 1.762694739464e-01 1.858203858971e-01 1.957451309183e-01 2.060387314860e-01 2.166933105463e-01 2.276978655417e-01 2.390380649638e-01 2.506960657128e-01 2.626503670775e-01 2.748756999025e-01 2.873429583830e-01 3.000191829318e-01 3.128675905624e-01 3.258476676524e-01 3.389153160344e-01 3.520230618631e-01 3.651203223441e-01 3.781537332422e-01 3.910675285454e-01 4.038039773609e-01 4.163038603994e-01 4.285069943105e-01 4.403527809476e-01 4.517807874445e-01 4.627313378298e-01 4.731461130851e-01 4.829687480659e-01 4.921454159254e-01 5.006253909438e-01 5.083615823867e-01 5.153110282126e-01 5.214353483251e-01 5.267011400500e-01 5.310803211317e-01 5.345504092630e-01 5.370947337808e-01 5.387025835722e-01 5.393692830358e-01 5.390961954898e-01 5.378906625756e-01 5.357658710927e-01 5.327406530845e-01 5.288392273389e-01 5.240908799600e-01 5.185295946196e-01 5.121936319052e-01 5.051250712567e-01 4.973693247311e-01 4.889746142580e-01 4.799914447615e-01 4.704720613970e-01 4.604699109731e-01 4.500391082096e-01 4.392339227834e-01 4.281082846585e-01 4.167153246453e-01 4.051069480203e-01 3.933334485097e-01 3.814431664010e-01 3.694821976579e-01 3.574941446080e-01 3.455199197130e-01 3.335975982211e-01 3.217623141813e-01 3.100462017056e-01 2.984783800433e-01 2.870849717437e-01 2.758891566268e-01 2.649112567973e-01 2.541688402539e-01 2.436768522366e-01 2.334477557090e-01 2.234916879908e-01
3.381355009960e-02 3.598585580127e-02 3.829105286838e-02 4.073692019439e-02 4.333165175461e-02 4.608386685452e-02 4.900261919402e-02 5.209740138975e-02 5.537814595714e-02 5.885522106605e-02 6.253942024401e-02 6.644194533607e-02 7.057438019352e-02 7.494865579243e-02 7.957700437824e-02 8.447190076752e-02 8.964599126151e-02 9.511200719551e-02 1.008826622381e-01 1.069705348248e-01 1.133879300810e-01 1.201467256309e-01 1.272581977955e-01 1.347328295551e-01 1.425801016741e-01 1.508082645366e-01 1.594240987857e-01 1.684326587798e-01 1.778370097306e-01 1.876379568788e-01 1.978337732543e-01 2.084199294394e-01 2.193888336280e-01 2.307295838379e-01 2.424277416605e-01 2.544651343652e-01 2.668196882716e-01 2.794653045351e-01 2.923717814957e-01 3.055047865378e-01 3.188258875773e-01 3.322926435758e-01 3.458587592810e-01 3.594743053067e-01 3.730860006102e-01 3.866375621781e-01 4.000701122407e-01 4.133226440171e-01 4.263325344981e-01 4.390361051997e-01 4.513692142262e-01 4.632678759505e-01 4.746688988965e-01 4.855105277166e-01 4.957330831110e-01 5.052795879043e-01 5.140963707479e-01 5.221336356970e-01 5.293459915316e-01 5.356929318137e-01 5.411392587902e-01 5.456554499061e-01 5.492179475678e-01 5.518093907939e-01 5.534187663007e-01 5.540414866047e-01 5.536793939940e-01 5.523406882096e-01 5.500397828033e-01 5.467970901143e-01 5.426387385297e-01 5.375962313898e-01 5.317060423894e-01 5.250091680629e-01 5.175506319068e-01 5.093789574445e-01 5.005456114811e-01 4.911044330202e-01 4.811110498514e-01 4.706222990584e-01 4.596956552646e-01 4.483886777380e-01 4.367584824872e-01 4.248612489637e-01 4.127517634993e-01 4.004830127513e-01 3.881058174417e-01 3.756685241163e-01 3.632167488308e-01 3.507931702250e-01 3.384373792164e-01 3.261857771102e-01 3.140715235001e-01 3.021245242826e-01 2.903714670304e-01 2.788358846877e-01 2.675382569867e-01 2.564961309581e-01 2.457242705279e-01 2.352348145899e-01 2.250374529231e-01
3.347808060572e-02 3.564263012647e-02 3.794125836308e-02 4.038200206274e-02 4.297334494960e-02 4.572423204186e-02 4.864408031978e-02 5.174278671150e-02 5.503073151111e-02 5.851877703728e-02 6.221825903786e-02 6.614097250293e-02 7.029914645616e-02 7.470541060274e-02 7.937274959044e-02 8.431444448205e-02 8.954400005316e-02 9.507505640061e-02 1.009212831863e-01 1.070962558061e-01 1.136133127792e-01 1.204853918719e-01 1.277248479207e-01 1.353432486562e-01 1.433511511232e-01 1.517578609643e-01 1.605711722000e-01 1.697970943613e-01 1.794395683940e-01 1.895001727670e-01 1.999778293951e-01 2.108685099243e-01 2.221649504403e-01 2.338563818810e-01 2.459282814824e-01 2.583621518611e-01 2.711353378752e-01 2.842208859791e-01 2.975874522153e-01 3.111992695511e-01 3.250161725102e-01 3.389936908152e-01 3.530832100632e-01 3.672322036067e-01 3.813845343424e-01 3.954808262799e-01 4.094589012266e-01 4.232542761781e-01 4.368007150372e-01 4.500308291965e-01 4.628767137450e-01 4.752706126663e-01 4.871456020601e-01 4.984362792987e-01 5.090794507252e-01 5.190148003521e-01 5.281855337433e-01 5.365389924343e-01 5.440272132313e-01 5.506074430751e-01 5.562425902295e-01 5.609016120521e-01 5.645598236612e-01 5.671991435274e-01 5.688082472034e-01 5.693826543181e-01 5.689247241064e-01 5.674435803094e-01 5.649549495387e-01 5.614809321849e-01 5.570496941372e-01 5.516951011882e-01 5.454562817738e-01 5.383771458977e-01 5.305058511711e-01 5.218942346121e-01 5.125972153355e-01 5.026721784315e-01 4.921783486640e-01 4.811761671240e-01 4.697266773572e-01 4.578909316021e-01 4.457294234675e-01 4.333015620967e-01 4.206651855211e-01 4.078761221094e-01 3.949878089443e-01 3.820509621838e-01 3.691133099565e-01 3.562193767844e-01 3.434103324502e-01 3.307238895905e-01 3.181942582503e-01 3.058521449204e-01 2.937247956345e-01 2.818360805231e-01 2.702066064453e-01 2.588538611829e-01 2.477923783186e-01 2.370339185545e-01 2.265876632974e-01
3.313300561564e-02 3.528915131490e-02 3.758054900346e-02 4.001549846425e-02 4.260278051905e-02 4.535167425217e-02 4.827197032816e-02 5.137398242636e-02 5.466855345766e-02 5.816705671844e-02 6.188139082456e-02 6.582396661258e-02 7.000768518169e-02 7.444590471354e-02 7.915239638416e-02 8.414128557431e-02 8.942697802915e-02 9.502406916262e-02 1.009472355804e-01 1.072111055517e-01 1.138301104379e-01 1.208183126330e-01 1.281892124176e-01 1.359555329253e-01 1.441289815845e-01 1.527199926095e-01 1.617374497057e-01 1.711883923048e-01 1.810777089107e-01 1.914078208393e-01 2.021783630058e-01 2.133858635319e-01 2.250234350000e-01 2.370804783708e-01 2.495424085863e-01 2.623904137431e-01 2.756012494868e-01 2.891470805447e-01 3.029953784196e-01 3.171088742813e-01 3.314455839571e-01 3.459589003672e-01 3.605977621592e-01 3.753068982332e-01 3.900271486425e-01 4.046958611789e-01 4.192473586649e-01 4.336134709735e-01 4.477241296423e-01 4.615080086041e-01 4.748932093392e-01 4.878079760927e-01 5.001814248016e-01 5.119442874180e-01 5.230296432075e-01 5.333736389089e-01 5.429161767869e-01 5.516015660533e-01 5.593791267857e-01 5.662037336716e-01 5.720362977410e-01 5.768441744155e-01 5.806014972071e-01 5.832894297040e-01 5.848963336064e-01 5.854178511217e-01 5.848569032668e-01 5.832236033698e-01 5.805350820877e-01 5.768152391853e-01 5.720944131784e-01 5.664089849411e-01 5.598009086687e-01 5.523171938051e-01 5.440093326458e-01 5.349326856010e-01 5.251458431876e-01 5.147099592849e-01 5.036880814995e-01 4.921444789349e-01 4.801439838107e-01 4.677513526938e-01 4.550306612236e-01 4.420447395037e-01 4.288546503812e-01 4.155192256946e-01 4.020946591922e-01 3.886341600941e-01 3.751876696791e-01 3.618016432197e-01 3.485188918835e-01 3.353784840376e-01 3.224157072217e-01 3.096620760978e-01 2.971453902461e-01 2.848898343361e-01 2.729161119850e-01 2.612416063353e-01 2.498805691649e-01 2.388443222910e-01 2.281414736876e-01
3.277858484747e-02 3.492567802977e-02 3.720917998644e-02 3.963765909252e-02 4.222020007720e-02 4.496642413567e-02 4.788650618919e-02 5.099118888383e-02 5.429179206176e-02 5.780021765763e-02 6.152894695728e-02 6.549103008202e-02 6.970006660731e-02 7.417017427797e-02 7.891594529254e-02 8.395238810101e-02 8.929485263153e-02 9.495893831346e-02 1.009603806138e-01 1.073149184957e-01 1.140381384810e-01 1.211452937164e-01 1.286511011287e-01 1.365695129292e-01 1.449134633469e-01 1.536945949761e-01 1.629229607296e-01 1.726067087412e-01 1.827517527930e-01 1.933614313058e-01 2.044361599184e-01 2.159730858480e-01 2.279657492950e-01 2.404037611695e-01 2.532725023150e-01 2.665528572541e-01 2.802209862884e-01 2.942481488465e-01 3.086005838045e-01 3.232394554363e-01 3.381208711796e-01 3.531959755459e-01 3.684111266205e-01 3.837081540646e-01 3.990247004748e-01 4.142946437802e-01 4.294486000034e-01 4.444144900574e-01 4.591181807555e-01 4.734841706225e-01 4.874363270069e-01 5.008986501274e-01 5.137960611361e-01 5.260551932148e-01 5.376051804367e-01 5.483784244975e-01 5.583113319627e-01 5.673450095323e-01 5.754259063101e-01 5.825063938024e-01 5.885452789581e-01 5.935082341905e-01 5.973681528705e-01 6.001054121099e-01 6.017080513062e-01 6.021718573470e-01 6.015003579710e-01 5.997047233096e-01 5.968035843803e-01 5.928227571762e-01 5.877948930951e-01 5.817590467548e-01 5.747601774361e-01 5.668485891374e-01 5.580793166872e-01 5.485114664018e-01 5.382075265519e-01 5.272326560788e-01 5.156539612104e-01 5.035397743319e-01 4.909589465861e-01 4.779801640081e-01 4.646712964153e-01 4.510987944291e-01 4.373271302442e-01 4.234183060903e-01 4.094314206574e-01 3.954223025605e-01 3.814432142850e-01 3.675426260819e-01 3.537650558659e-01 3.401509726943e-01 3.267367652877e-01 3.135547644982e-01 3.006333143776e-01 2.879968905915e-01 2.756662552238e-01 2.636586394695e-01 2.519879554887e-01 2.406650221827e-01 2.296978040143e-01
3.241508554609e-02 3.455247597956e-02 3.682741347672e-02 3.924873984023e-02 4.182585046117e-02 4.456871689126e-02 4.748790793437e-02 5.059460725890e-02 5.390062650283e-02 5.741841284175e-02 6.116105040915e-02 6.514225223292e-02 6.937634338028e-02 7.387823153229e-02 7.866336542898e-02 8.374767607256e-02 8.914750225654e-02 9.487949588141e-02 1.009605066123e-01 1.074074431910e-01 1.142371113092e-01 1.214660244377e-01 1.291101895745e-01 1.371848655524e-01 1.457042946533e-01 1.546814104895e-01 1.641275189425e-01 1.740519620653e-01 1.844617615069e-01 1.953612510725e-01 2.067517011994e-01 2.186309439325e-01 2.309930048449e-01 2.438277494441e-01 2.571205549782e-01 2.708520165694e-01 2.849976953760e-01 2.995279207683e-01 3.144076541743e-01 3.295964241430e-01 3.450483364205e-01 3.607121718071e-01 3.765315672661e-01 3.924452919992e-01 4.083876063859e-01 4.242887176217e-01 4.400753138514e-01 4.556711759171e-01 4.709978606154e-01 4.859754416100e-01 5.005232972367e-01 5.145609322911e-01 5.280088219520e-01 5.407892615100e-01 5.528272077370e-01 5.640511025863e-01 5.743936580987e-01 5.837925984731e-01 5.921913453125e-01 5.995396316289e-01 6.057940494362e-01 6.109185027015e-01 6.148845846667e-01 6.176718559226e-01 6.192680275361e-01 6.196690489570e-01 6.188791023568e-01 6.169104903311e-01 6.137834396203e-01 6.095258068033e-01 6.041726986753e-01 5.977660109389e-01 5.903538955434e-01 5.819901532707e-01 5.727335806441e-01 5.626472578529e-01 5.517978145623e-01 5.402546569953e-01 5.280891985878e-01 5.153740824899e-01 5.021824216748e-01 4.885870648009e-01 4.746599009819e-01 4.604712088708e-01 4.460890656739e-01 4.315788168621e-01 4.170026202818e-01 4.024190565470e-01 3.878828206873e-01 3.734444856484e-01 3.591503410822e-01 3.450423012011e-01 3.311578817228e-01 3.175302330477e-01 3.041882315413e-01 2.911566160925e-01 2.784561654437e-01 2.661039063005e-01 2.541133494679e-01 2.424947401024e-01 2.312553242501e-01
3.204278170261e-02 3.416981769373e-02 3.643551783504e-02 3.884900263676e-02 4.141998390090e-02 4.415879150809e-02 4.707639782377e-02 5.018443934103e-02 5.349523338865e-02 5.702178972473e-02 6.077781509825e-02 6.477770854895e-02 6.903654794392e-02 7.357006233856e-02 7.839459187859e-02 8.352703094277e-02 8.898475198133e-02 9.478551013346e-02 1.009473249091e-01 1.074883362563e-01 1.144266356856e-01 1.217800686343e-01 1.295660090891e-01 1.378011033684e-01 1.465009870078e-01 1.556799711453e-01 1.653507051975e-01 1.755238131338e-01 1.862075122685e-01 1.974072169409e-01 2.091251313942e-01 2.213598449291e-01 2.341059291088e-01 2.473535542959e-01 2.610881286803e-01 2.752899753804e-01 2.899340556423e-01 3.049897447655e-01 3.204206808715e-01 3.361846858255e-01 3.522337689739e-01 3.685142261054e-01 3.849668286890e-01 4.015271122789e-01 4.181257662103e-01 4.346891119190e-01 4.511396805762e-01 4.673968668026e-01 4.833776630362e-01 4.989974533474e-01 5.141708620366e-01 5.288126326856e-01 5.428385341790e-01 5.561662716807e-01 5.687163858684e-01 5.804131330751e-01 5.911853250383e-01 6.009671183560e-01 6.096987413966e-01 6.173271531526e-01 6.238066140552e-01 6.290991754402e-01 6.331750685568e-01 6.360130036818e-01 6.376003572622e-01 6.379332673225e-01 6.370166160910e-01 6.348639157979e-01 6.314970893182e-01 6.269461614144e-01 6.212488443511e-01 6.144500507902e-01 6.066013142288e-01 5.977601469639e-01 5.879893336789e-01 5.773561711802e-01 5.659316771103e-01 5.537897658114e-01 5.410064156215e-01 5.276588392024e-01 5.138246660847e-01 4.995811533856e-01 4.850044431115e-01 4.701688631221e-01 4.551462957270e-01 4.400056150396e-01 4.248121966050e-01 4.096275119801e-01 3.945088017774e-01 3.795088333748e-01 3.646757341547e-01 3.500529090814e-01 3.356790208991e-01 3.215880437538e-01 3.078093702284e-01 2.943679700341e-01 2.812845928364e-01 2.685760026743e-01 2.562552406612e-01 2.443319034024e-01 2.328124373182e-01
3.166195390816e-02 3.377798194943e-02 3.603376778743e-02 3.843871482243e-02 4.100285718102e-02 4.373689042717e-02 4.665219996681e-02 4.976088637999e-02 5.307578666433e-02 5.661048959277e-02 6.037934438164e-02 6.439745943483e-02 6.868069211254e-02 7.324562422539e-02 7.810952375745e-02 8.329028824861e-02 8.880637072014e-02 9.467668080100e-02 1.009204649032e-01 1.075571570072e-01 1.146062038177e-01 1.220868568325e-01 1.300179368128e-01 1.384175628827e-01 1.473028514807e-01 1.566895844293e-01 1.665918476887e-01 1.770216422093e-01 1.879884747192e-01 1.994989299233e-01 2.115562313164e-01 2.241598023640e-01 2.373048283377e-01 2.509818387880e-01 2.651763125130e-01 2.798683224291e-01 2.950322285994e-01 3.106364322648e-01 3.266432020115e-01 3.430085801263e-01 3.596823821833e-01 3.766082929460e-01 3.937240642903e-01 4.109618242540e-01 4.282484856484e-01 4.455062630431e-01 4.626532873803e-01 4.796043101580e-01 4.962714912488e-01 5.125652497311e-01 5.283951758012e-01 5.436709736255e-01 5.583034355989e-01 5.722054118960e-01 5.852927778965e-01 5.974853729952e-01 6.087078935924e-01 6.188907354525e-01 6.279707689408e-01 6.358920324080e-01 6.426063419477e-01 6.480738028141e-01 6.522632268469e-01 6.551524386545e-01 6.567284770975e-01 6.569876898545e-01 6.559357116205e-01 6.535873406832e-01 6.499663048318e-01 6.451049247985e-01 6.390436771258e-01 6.318306666925e-01 6.235210128959e-01 6.141761584546e-01 6.038631126015e-01 5.926536403638e-01 5.806234088300e-01 5.678511076456e-01 5.544175523879e-01 5.404047968116e-01 5.258952520015e-01 5.109708424788e-01 4.957122085865e-01 4.801979578104e-01 4.645039893572e-01 4.487028944284e-01 4.328634361958e-01 4.170501192391e-01 4.013228498091e-01 3.857366795716e-01 3.703416440871e-01 3.551826797304e-01 3.402996198658e-01 3.257272607935e-01 3.114954905647e-01 2.976294745274e-01 2.841498819076e-01 2.710731495333e-01 2.584117755098e-01 2.461746278980e-01 2.343672649444e-01
3.127288900578e-02 3.337725378495e-02 3.562244354880e-02 3.801814872793e-02 4.057473120526e-02 4.330325925136e-02 4.621553982051e-02 4.932414893863e-02 5.264245655417e-02 5.618464682758e-02 5.996573065962e-02 6.400154890856e-02 6.830876549849e-02 7.290484603681e-02 7.780802208617e-02 8.303723654959e-02 8.861206851740e-02 9.455263552679e-02 1.008794687751e-01 1.076133617066e-01 1.147751862470e-01 1.223856779796e-01 1.304651867523e-01 1.390333924940e-01 1.481089863585e-01 1.577093170350e-01 1.678500061372e-01 1.785445314294e-01 1.898037883454e-01 2.016356287269e-01 2.140443867018e-01 2.270304033047e-01 2.405895512037e-01 2.547127786584e-01 2.693856792286e-01 2.845881006159e-01 3.002938068133e-01 3.164702036111e-01 3.330781443635e-01 3.500718187635e-01 3.673987468595e-01 3.849998705484e-01 4.028097661898e-01 4.207569655315e-01 4.387643950270e-01 4.567499277951e-01 4.746270408082e-01 4.923055722363e-01 5.096925662367e-01 5.266931886243e-01 5.432117027986e-01 5.591524850821e-01 5.744210639039e-01 5.889251635729e-01 6.025757353735e-01 6.152879569369e-01 6.269821903234e-01 6.375848747433e-01 6.470293466589e-01 6.552565790198e-01 6.622158230710e-01 6.678651511970e-01 6.721718902468e-01 6.751129479254e-01 6.766750204400e-01 6.768546895166e-01 6.756583952189e-01 6.731023043106e-01 6.692120552655e-01 6.640224021795e-01 6.575767447965e-01 6.499265676119e-01 6.411307824496e-01 6.312549901133e-01 6.203706712628e-01 6.085543188706e-01 5.958865233242e-01 5.824510284875e-01 5.683337730639e-01 5.536219328005e-01 5.384029804136e-01 5.227637795923e-01 5.067897230559e-01 4.905639404272e-01 4.741665699419e-01 4.576741178833e-01 4.411589097198e-01 4.246886333133e-01 4.083259796575e-01 3.921283820912e-01 3.761478513973e-01 3.604308997098e-01 3.450185481462e-01 3.299464113909e-01 3.152448506806e-01 3.009391845370e-01 2.870499436181e-01 2.735931703016e-01 2.605807381071e-01 2.480206985084e-01 2.359176309587e-01
3.087587962531e-02 3.296792382023e-02 3.520183088350e-02 3.758758175760e-02 4.013587110396e-02 4.285814616499e-02 4.576664422874e-02 4.887442672430e-02 5.219540978194e-02 5.574438853335e-02 5.953705477993e-02 6.359000435933e-02 6.792073431485e-02 7.254762547681e-02 7.748990911486e-02 8.276761422031e-02 8.840149419668e-02 9.441292687945e-02 1.008237887942e-01 1.076562982930e-01 1.149328264249e-01 1.226756721099e-01 1.309068000480e-01 1.396475432798e-01 1.489182643323e-01 1.587379803482e-01 1.691239524606e-01 1.800912424134e-01 1.916522387982e-01 2.038161632124e-01 2.165885592653e-01 2.299707752728e-01 2.439594510334e-01 2.585460200345e-01 2.737162394177e-01 2.894497614786e-01 3.057197610153e-01 3.224926308882e-01 3.397277627611e-01 3.573774207468e-01 3.753867223471e-01 3.936937334834e-01 4.122296881572e-01 4.309193278729e-01 4.496813708523e-01 4.684291026442e-01 4.870710798824e-01 5.055119449168e-01 5.236533292769e-01 5.413948428545e-01 5.586351171932e-01 5.752728958426e-01 5.912081485658e-01 6.063431884241e-01 6.205837728982e-01 6.338401712303e-01 6.460281816206e-01 6.570700829978e-01 6.668955018817e-01 6.754421975430e-01 6.826567353424e-01 6.884950601286e-01 6.929229553657e-01 6.959163774454e-01 6.974616770014e-01 6.975556933322e-01 6.962057300189e-01 6.934294020876e-01 6.892543729739e-01 6.837179663049e-01 6.768666719787e-01 6.687555442827e-01 6.594475020127e-01 6.490125394949e-01 6.375268653196e-01 6.250719694719e-01 6.117336498937e-01 5.976009974337e-01 5.827653684131e-01 5.673193594728e-01 5.513557947194e-01 5.349667590224e-01 5.182426703327e-01 5.012714292404e-01 4.841376453039e-01 4.669219483609e-01 4.497004085499e-01 4.325440490147e-01 4.155184727949e-01 3.986835922913e-01 3.820934620771e-01 3.657962114109e-01 3.498340653866e-01 3.342434510076e-01 3.190551734666e-01 3.042946566326e-01 2.899822309396e-01 2.761334665697e-01 2.627595282774e-01 2.498675557507e-01 2.374610492531e-01
3.047122393382e-02 3.255028823317e-02 3.477222066581e-02 3.714729587560e-02 3.968654555886e-02 4.240180203716e-02 4.530574043614e-02 4.841191774651e-02 5.173480845949e-02 5.528983409685e-02 5.909338539937e-02 6.316283565234e-02 6.751654120688e-02 7.217382875699e-02 7.715496552651e-02 8.248110862288e-02 8.817423231597e-02 9.425702948948e-02 1.007527826229e-01 1.076852029623e-01 1.150782352628e-01 1.229558234201e-01 1.313416374126e-01 1.402587576773e-01 1.497293198745e-01 1.597741155798e-01 1.704121562972e-01 1.816601977978e-01 1.935322353462e-01 2.060389698390e-01 2.191872584664e-01 2.329795544504e-01 2.474133516709e-01 2.624806411688e-01 2.781673990113e-01 2.944531160868e-01 3.113103893761e-01 3.287045828838e-01 3.465935825067e-01 3.649276492832e-01 3.836493920316e-01 4.026938604038e-01 4.219887721839e-01 4.414548762998e-01 4.610064508406e-01 4.805519357049e-01 4.999946871627e-01 5.192338536305e-01 5.381653466468e-01 5.566829003983e-01 5.746791943275e-01 5.920470240167e-01 6.086804925621e-01 6.244762061806e-01 6.393344501315e-01 6.531603269819e-01 6.658648391239e-01 6.773658947048e-01 6.875892335174e-01 6.964692451812e-01 7.039496901981e-01 7.099842955295e-01 7.145372346729e-01 7.175834822636e-01 7.191090406340e-01 7.191110355995e-01 7.175976862320e-01 7.145881445936e-01 7.101122102417e-01 7.042099205978e-01 6.969310245941e-01 6.883343415126e-01 6.784870171472e-01 6.674636842519e-01 6.553455404202e-01 6.422193570489e-01 6.281764308565e-01 6.133115051490e-01 5.977216630283e-01 5.815052296297e-01 5.647606898915e-01 5.475856417354e-01 5.300758113554e-01 5.123241350231e-01 4.944199339746e-01 4.764481808361e-01 4.584888762928e-01 4.406165408983e-01 4.228998192136e-01 4.054012016256e-01 3.881768563833e-01 3.712765689122e-01 3.547437835976e-01 3.386157263787e-01 3.229236139635e-01 3.076929218174e-01 2.929437123643e-01 2.786909993172e-01 2.649451447186e-01 2.517122762630e-01 2.389947091832e-01
3.005922533406e-02 3.212464813885e-02 3.433390848495e-02 3.669757707980e-02 3.922702661386e-02 4.193447981565e-02 4.483305658623e-02 4.793681885898e-02 5.126081087347e-02 5.482109492440e-02 5.863477912282e-02 6.272003496984e-02 6.709610420254e-02 7.178329013739e-02 7.680293132119e-02 8.217735417968e-02 8.792980251855e-02 9.408433821196e-02 1.006657113392e-01 1.076991951403e-01 1.152103852027e-01 1.232249550878e-01 1.317683708111e-01 1.408655605706e-01 1.505405381528e-01 1.608159814644e-01 1.717127666070e-01 1.832494632621e-01 1.954417899361e-01 2.083020451036e-01 2.218385114013e-01 2.360548528026e-01 2.509495097068e-01 2.665151109901e-01 2.827379129901e-01 2.995972864993e-01 3.170652640671e-01 3.351061683942e-01 3.536763352618e-01 3.727239476501e-01 3.921889936080e-01 4.120033605719e-01 4.320910723434e-01 4.523686719053e-01 4.727457537757e-01 4.931256415131e-01 5.134061982867e-01 5.334807664944e-01 5.532392120238e-01 5.725690602962e-01 5.913567076201e-01 6.094886694607e-01 6.268528613482e-01 6.433398775102e-01 6.588442441105e-01 6.732656313857e-01 6.865100056557e-01 6.984906942864e-01 7.091293641601e-01 7.183568865165e-01 7.261140913426e-01 7.323523946389e-01 7.370343022219e-01 7.401337732296e-01 7.416364592780e-01 7.415398014053e-01 7.398529930958e-01 7.365968074581e-01 7.318032989681e-01 7.255153614622e-01 7.177861758941e-01 7.086785268566e-01 6.982640134576e-01 6.866221566412e-01 6.738394157974e-01 6.600081330725e-01 6.452254108687e-01 6.295919598144e-01 6.132109125791e-01 5.961866470715e-01 5.786236239736e-01 5.606252672949e-01 5.422929043679e-01 5.237247846066e-01 5.050151933040e-01 4.862536699205e-01 4.675243460184e-01 4.489054040310e-01 4.304686628464e-01 4.122792917274e-01 3.943956416177e-01 3.768691954284e-01 3.597446241313e-01 3.430599389257e-01 3.268467272231e-01 3.111304584699e-01 2.959308480703e-01 2.812622645880e-01 2.671341669806e-01 2.535515613461e-01 2.405154642064e-01
2.964019230358e-02 3.169130980818e-02 3.388719464473e-02 3.623871583213e-02 3.875759001641e-02 4.145643486224e-02 4.434882156664e-02 4.744932507048e-02 5.077357057995e-02 5.433827489181e-02 5.816127984214e-02 6.226157666971e-02 6.665931724753e-02 7.137581128878e-02 7.643350382133e-02 8.185593256350e-02 8.766765796644e-02 9.389416604395e-02 1.005617365195e-01 1.076972757704e-01 1.153281077929e-01 1.234817226738e-01 1.321854777527e-01 1.414662515183e-01 1.513500458397e-01 1.618615409413e-01 1.730235994995e-01 1.848567280887e-01 1.973784963513e-01 2.106029232092e-01 2.245398376412e-01 2.391942266747e-01 2.545655801792e-01 2.706472511545e-01 2.874258452083e-01 3.048806580975e-01 3.229831794336e-01 3.416966794590e-01 3.609759025135e-01 3.807668748702e-01 4.010068513994e-01 4.216244062901e-01 4.425396818010e-01 4.636647928797e-01 4.849043959742e-01 5.061564155051e-01 5.273129133584e-01 5.482610974431e-01 5.688844478148e-01 5.890639355975e-01 6.086793217086e-01 6.276105003106e-01 6.457388662372e-01 6.629486834913e-01 6.791284234537e-01 6.941720541063e-01 7.079802591482e-01 7.204615712156e-01 7.315333989453e-01 7.411229410986e-01 7.491679751007e-01 7.556175165481e-01 7.604323393211e-01 7.635853594118e-01 7.650618771990e-01 7.648596773348e-01 7.629889848406e-01 7.594722861010e-01 7.543440021570e-01 7.476500334405e-01 7.394471678309e-01 7.298023577875e-01 7.187918883576e-01 7.065004247368e-01 6.930199673732e-01 6.784487285701e-01 6.628899348519e-01 6.464505898122e-01 6.292402123224e-01 6.113695693016e-01 5.929494313458e-01 5.740893706026e-01 5.548966256979e-01 5.354750456379e-01 5.159241453322e-01 4.963382676640e-01 4.768058776368e-01 4.574089917565e-01 4.382227425750e-01 4.193150797785e-01 4.007466062892e-01 3.825705384009e-01 3.648327816910e-01 3.475721110660e-01 3.308204394912e-01 3.146031631930e-01 2.989395677517e-01 2.838432778490e-01 2.693227391491e-01 2.553817210541e-01 2.420198211314e-01
2.921443775642e-02 3.125058384200e-02 3.343238390843e-02 3.577100639918e-02 3.827851450585e-02 4.096792460180e-02 4.385326462001e-02 4.694963014038e-02 5.027323728567e-02 5.384146982394e-02 5.767291988729e-02 6.178741777849e-02 6.620604992591e-02 7.095116145381e-02 7.604633895573e-02 8.151637160724e-02 8.738718468495e-02 9.368574304301e-02 1.004399194458e-01 1.076783238208e-01 1.154300892211e-01 1.237246107282e-01 1.325912350862e-01 1.420588969285e-01 1.521557009146e-01 1.629084502482e-01 1.743421220317e-01 1.864792907365e-01 1.993395099984e-01 2.129386519088e-01 2.272882205149e-01 2.423946471208e-01 2.582585815965e-01 2.748741965709e-01 2.922285231960e-01 3.103008346531e-01 3.290621025196e-01 3.484745390290e-01 3.684912550038e-01 3.890560438278e-01 4.101033098051e-01 4.315581589104e-01 4.533366561447e-01 4.753462563082e-01 4.974864116936e-01 5.196493493686e-01 5.417210070363e-01 5.635821164203e-01 5.851094125375e-01 6.061769494352e-01 6.266574886268e-01 6.464239436022e-01 6.653508454127e-01 6.833158017598e-01 7.002009227698e-01 7.158941954299e-01 7.302907753662e-01 7.432941795724e-01 7.548173749976e-01 7.647837335500e-01 7.731278606653e-01 7.797962781523e-01 7.847479731616e-01 7.879547883481e-01 7.894016743888e-01 7.890867874982e-01 7.870214470654e-01 7.832299369867e-01 7.777491671191e-01 7.706281892797e-01 7.619275741908e-01 7.517186531348e-01 7.400826274262e-01 7.271095703086e-01 7.128973125952e-01 6.975502430589e-01 6.811780394701e-01 6.638943402138e-01 6.458153977013e-01 6.270587202724e-01 6.077417340718e-01 5.879805004735e-01 5.678884881256e-01 5.475754513472e-01 5.271464078419e-01 5.067007507344e-01 4.863314920438e-01 4.661246604760e-01 4.461588411580e-01 4.265048706369e-01 4.072256725947e-01 3.883762301662e-01 3.700036864686e-01 3.521475534813e-01 3.348400178351e-01 3.181063285661e-01 3.019652487711e-01 2.864295521564e-01 2.715065554423e-01 2.571986655460e-01 2.435039308726e-01
2.878227929397e-02 3.080278556777e-02 3.296978535591e-02 3.529474714697e-02 3.779008220930e-02 4.046920868883e-02 4.334661595513e-02 4.643792664018e-02 4.975995669257e-02 5.333076866072e-02 5.716971974387e-02 6.129749819418e-02 6.573614817152e-02 7.050907827694e-02 7.564105077724e-02 8.115814625108e-02 8.708770200026e-02 9.345821692572e-02 1.002992195535e-01 1.076410958796e-01 1.155148687654e-01 1.239519296268e-01 1.329837147981e-01 1.426413243551e-01 1.529550849479e-01 1.639540493433e-01 1.756654412956e-01 1.881140428199e-01 2.013215308199e-01 2.153057724458e-01 2.300800838416e-01 2.456524712643e-01 2.620248643119e-01 2.791923596677e-01 2.971424978689e-01 3.158545907252e-01 3.352991211307e-01 3.554372427010e-01 3.762203945311e-01 3.975900578201e-01 4.194776678888e-01 4.418047007822e-01 4.644829414183e-01 4.874149423465e-01 5.104946724068e-01 5.336083484861e-01 5.566354452044e-01 5.794498567358e-01 6.019212029463e-01 6.239162356299e-01 6.453003400322e-01 6.659390772402e-01 6.856997554630e-01 7.044529878987e-01 7.220742142530e-01 7.384451564846e-01 7.534551882723e-01 7.670025948713e-01 7.789957145209e-01 7.893539408652e-01 7.980085874805e-01 8.049036000449e-01 8.099961183201e-01 8.132568856449e-01 8.146705060704e-01 8.142355397782e-01 8.119644579402e-01 8.078834310736e-01 8.020319756054e-01 7.944624423769e-01 7.852393636186e-01 7.744386542710e-01 7.621466744686e-01 7.484591697672e-01 7.334800945135e-01 7.173203336381e-01 7.000963516376e-01 6.819287756923e-01 6.629409533201e-01 6.432574987310e-01 6.230028595632e-01 6.022999351947e-01 5.812687671063e-01 5.600253259143e-01 5.386804236877e-01 5.173387588000e-01 4.960981123665e-01 4.750487080445e-01 4.542727305722e-01 4.338440080469e-01 4.138278520029e-01 3.942810460154e-01 3.752519679813e-01 3.567808332251e-01 3.389000432542e-01 3.216346176978e-01 3.050026961128e-01 2.890160858170e-01 2.736808475695e-01 2.589978914040e-01 2.449635815723e-01
2.834403855030e-02 3.034823441370e-02 3.249971214822e-02 3.481024015335e-02 3.729257855063e-02 3.996054933578e-02 4.282910684638e-02 4.591440644018e-02 4.923387122050e-02 5.280625357838e-02 5.665168915379e-02 6.079174179170e-02 6.524943522409e-02 7.004926880195e-02 7.521721276041e-02 8.078067905494e-02 8.676846318843e-02 9.321065249377e-02 1.001384949675e-01 1.075842247325e-01 1.155808375434e-01 1.241618131877e-01 1.333607802462e-01 1.432111181477e-01 1.537454972916e-01 1.649953526362e-01 1.769902937781e-01 1.897574550170e-01 2.033207864430e-01 2.177002984992e-01 2.329112672295e-01 2.489634143429e-01 2.658600781501e-01 2.835973934266e-01 3.021635044108e-01 3.215378282607e-01 3.416903985631e-01 3.625813110357e-01 3.841602981188e-01 4.063664508819e-01 4.291281142098e-01 4.523629670274e-01 4.759783040082e-01 4.998715208967e-01 5.239308092464e-01 5.480360495043e-01 5.720598968834e-01 5.958690317129e-01 6.193255627264e-01 6.422885459987e-01 6.646155915782e-01 6.861645224055e-01 7.067950536597e-01 7.263704586372e-01 7.447591859156e-01 7.618364051915e-01 7.774854536705e-01 7.915991676468e-01 8.040810714625e-01 8.148464349304e-01 8.238231636196e-01 8.309525407737e-01 8.361898092304e-01 8.395045890485e-01 8.408811403347e-01 8.403184603869e-01 8.378302307957e-01 8.334445969145e-01 8.272037967834e-01 8.191636267183e-01 8.093927592145e-01 7.979719001864e-01 7.849928087782e-01 7.705571743334e-01 7.547753722569e-01 7.377651106463e-01 7.196499877109e-01 7.005579842267e-01 6.806199188755e-01 6.599678931566e-01 6.387337540603e-01 6.170476093180e-01 5.950364241047e-01 5.728227175505e-01 5.505233958792e-01 5.282487306323e-01 5.061015035090e-01 4.841763227599e-01 4.625591214600e-01 4.413268263597e-01 4.205472052757e-01 4.002788689955e-01 3.805714218566e-01 3.614657452037e-01 3.429943866895e-01 3.251820453792e-01 3.080461263722e-01 2.915973463091e-01 2.758403726306e-01 2.607744773510e-01 2.463941929150e-01
2.790004117547e-02 2.988725402880e-02 3.202248167055e-02 3.431779146069e-02 3.678629239089e-02 3.944221132840e-02 4.230097003007e-02 4.537926080814e-02 4.869512098820e-02 5.226800106744e-02 5.611882804315e-02 6.027005739393e-02 6.474571297626e-02 6.957141043358e-02 7.477435962244e-02 8.038334178932e-02 8.642865671253e-02 9.294203383296e-02 9.995650378879e-02 1.075062214936e-01 1.156262386233e-01 1.243522179819e-01 1.337200850528e-01 1.437656155252e-01 1.545239501851e-01 1.660290431401e-01 1.783130360047e-01 1.914055672366e-01 2.053330172488e-01 2.201176997209e-01 2.357770064080e-01 2.523225253175e-01 2.697591439980e-01 2.880841598488e-01 3.072864239492e-01 3.273455350693e-01 3.482311230595e-01 3.699022346823e-01 3.923068619808e-01 4.153816292382e-01 4.390516656194e-01 4.632306814845e-01 4.878212605073e-01 5.127153768477e-01 5.377951377576e-01 5.629337441611e-01 5.879966559741e-01 6.128429433563e-01 6.373267946618e-01 6.612991528315e-01 6.846094398115e-01 7.071073386389e-01 7.286445915338e-01 7.490767733578e-01 7.682650164043e-01 7.860776468889e-01 8.023917138126e-01 8.170943829630e-01 8.300841906678e-01 8.412721330577e-01 8.505826015776e-01 8.579541386463e-01 8.633400415571e-01 8.667087864340e-01 8.680442955182e-01 8.673460362157e-01 8.646289576556e-01 8.599232671457e-01 8.532740368942e-01 8.447406547175e-01 8.343961056777e-01 8.223260957513e-01 8.086280230365e-01 7.934097939402e-01 7.767885100509e-01 7.588890334800e-01 7.398424556791e-01 7.197844858580e-01 6.988538059585e-01 6.771903997206e-01 6.549339078017e-01 6.322220346150e-01 6.091890361599e-01 5.859643263886e-01 5.626712209608e-01 5.394258440906e-01 5.163362165251e-01 4.935015295668e-01 4.710116150492e-01 4.489466096960e-01 4.273768009870e-01 4.063626509653e-01 3.859549794439e-01 3.661952847061e-01 3.471161848475e-01 3.287419574737e-01 3.110891524681e-01 2.941672591851e-01 2.779794065387e-01 2.625230757621e-01 2.477908125240e-01
2.745061670811e-02 2.942017204595e-02 3.153841537575e-02 3.381771122576e-02 3.627151631160e-02 3.891446253830e-02 4.176244021821e-02 4.483268190570e-02 4.814384385464e-02 5.171608293045e-02 5.557112794462e-02 5.973234053722e-02 6.422476361068e-02 6.907515340335e-02 7.431198917195e-02 7.996545824110e-02 8.606740897821e-02 9.265126626235e-02 9.975190572296e-02 1.074054760235e-01 1.156491683973e-01 1.245209238489e-01 1.340590728884e-01 1.443019056344e-01 1.552871656524e-01 1.670514675415e-01 1.796296369519e-01 1.930539773984e-01 2.073534652625e-01 2.225528848350e-01 2.386719121095e-01 2.557241631240e-01 2.737162259688e-01 2.926466971574e-01 3.125052467591e-01 3.332717444011e-01 3.549154670767e-01 3.773944284202e-01 4.006548508653e-01 4.246308147986e-01 4.492441077702e-01 4.744042921409e-01 5.000090130808e-01 5.259445457181e-01 5.520865893566e-01 5.783013042461e-01 6.044465632095e-01 6.303734083577e-01 6.559276772498e-01 6.809517636189e-01 7.052864720917e-01 7.287729302193e-01 7.512545095329e-01 7.725787240503e-01 7.925990586414e-01 8.111767028277e-01 8.281821619790e-01 8.434967215027e-01 8.570137521835e-01 8.686398443218e-01 8.782957663313e-01 8.859172522231e-01 8.914556092547e-01 8.948781537168e-01 8.961684782881e-01 8.953265530700e-01 8.923686525529e-01 8.873271280266e-01 8.802499967097e-01 8.712003761157e-01 8.602557359026e-01 8.475069876499e-01 8.330574057733e-01 8.170213888324e-01 7.995230734426e-01 7.806948151547e-01 7.606755627626e-01 7.396091468736e-01 7.176425136955e-01 6.949239422360e-01 6.716012808258e-01 6.478202313606e-01 6.237227300156e-01 5.994454455381e-01 5.751184316660e-01 5.508639594292e-01 5.267955361473e-01 5.030171398207e-01 4.796226595332e-01 4.566955489263e-01 4.343086787815e-01 4.125243843971e-01 3.913946792356e-01 3.709616239557e-01 3.512578216727e-01 3.323070158280e-01 3.141247697974e-01 2.967191994969e-01 2.800917369712e-01 2.642379107761e-01 2.491481149636e-01
2.699609818403e-02 2.894732000379e-02 3.104783880552e-02 3.331031358174e-02 3.574854681877e-02 3.837757413503e-02 4.121375472939e-02 4.427486291558e-02 4.758017743692e-02 5.115056771177e-02 5.500857339093e-02 5.917847513371e-02 6.368635212129e-02 6.856012284756e-02 7.382956476931e-02 7.952630617644e-02 8.568378700128e-02 9.233717953994e-02 9.952326560946e-02 1.072802605138e-01 1.156475791271e-01 1.246655366866e-01 1.343749781054e-01 1.448168303914e-01 1.560315743609e-01 1.680586331288e-01 1.809356749259e-01 1.946978354628e-01 2.093768623944e-01 2.250001898404e-01 2.415899554565e-01 2.591619777176e-01 2.777247084809e-01 2.972781910082e-01 3.178130420723e-01 3.393094971532e-01 3.617365448379e-01 3.850511854388e-01 4.091978476471e-01 4.341079929449e-01 4.596999378547e-01 4.858789142324e-01 5.125373884933e-01 5.395556451379e-01 5.668026407987e-01 5.941371128139e-01 6.214089330495e-01 6.484606785346e-01 6.751293844267e-01 7.012484384137e-01 7.266495791257e-01 7.511649456198e-01 7.746291364341e-01 7.968812284656e-01 8.177667236190e-01 8.371393822682e-01 8.548629156489e-01 8.708125212415e-01 8.848762371700e-01 8.969561175639e-01 9.069692184123e-01 9.148483990084e-01 9.205429425221e-01 9.240189914878e-01 9.252598234569e-01 9.242659402000e-01 9.210549993150e-01 9.156615717059e-01 9.081367278625e-01 8.985474448783e-01 8.869758446225e-01 8.735182428376e-01 8.582840281944e-01 8.413943645121e-01 8.229807318934e-01 8.031833265284e-01 7.821493315930e-01 7.600310958260e-01 7.369842507215e-01 7.131658014672e-01 6.887322315063e-01 6.638376640008e-01 6.386321185303e-01 6.132598976978e-01 5.878581402519e-01 5.625555659332e-01 5.374714298080e-01 5.127147072104e-01 4.883835046598e-01 4.645647024267e-01 4.413338172556e-01 4.187550697757e-01 3.968816422639e-01 3.757560921131e-01 3.554109106868e-01 3.358691852907e-01 3.171453491686e-01 2.992459845171e-01 2.821706604771e-01 2.659127772277e-01 2.504604038456e-01
2.653682233236e-02 2.846903341098e-02 3.055108177177e-02 3.279591710272e-02 3.521768469133e-02 3.783182142779e-02 4.065515423463e-02 4.370599913402e-02 4.700425980864e-02 5.057152206787e-02 5.443114411326e-02 5.860833603400e-02 6.313022821838e-02 6.802592214283e-02 7.332651904952e-02 7.906512170538e-02 8.527680265796e-02 9.199853174206e-02 9.926905772976e-02 1.071287339753e-01 1.156192829365e-01 1.247834914951e-01 1.346648291886e-01 1.453069853588e-01 1.567533172659e-01 1.690462079451e-01 1.822263335970e-01 1.963318386675e-01 2.113974254843e-01 2.274533666321e-01 2.445244528040e-01 2.626288901700e-01 2.817771729064e-01 3.019709507030e-01 3.232019253813e-01 3.454508089593e-01 3.686863729423e-01 3.928646339307e-01 4.179282078882e-01 4.438058633038e-01 4.704123142224e-01 4.976482720479e-01 5.254007769782e-01 5.535438196355e-01 5.819392555248e-01 6.104379997890e-01 6.388814897846e-01 6.671033754741e-01 6.949314135543e-01 7.221895108915e-01 7.486998712260e-01 7.742851994104e-01 7.987708986017e-01 8.219872309542e-01 8.437713754962e-01 8.639693715304e-01 8.824378920167e-01 8.990458442960e-01 9.136757803955e-01 9.262250999926e-01 9.366070636526e-01 9.447516041627e-01 9.506059506042e-01 9.541350708581e-01 9.553219351291e-01 9.541676135249e-01 9.506911969158e-01 9.449295508979e-01 9.369368920518e-01 9.267841866749e-01 9.145583631718e-01 9.003613357788e-01 8.843088373479e-01 8.665290691311e-01 8.471611669079e-01 8.263535157814e-01 8.042619166698e-01 7.810476511481e-01 7.568754698194e-01 7.319115483661e-01 7.063214556719e-01 6.802681783078e-01 6.539102431421e-01 6.273999839470e-01 6.008819854392e-01 5.744917341332e-01 5.483545046778e-01 5.225844865859e-01 4.972841678512e-01 4.725439659823e-01 4.484421015366e-01 4.250446916396e-01 4.024060491170e-01 3.805691560268e-01 3.595662823038e-01 3.394197243529e-01 3.201426281978e-01 3.017398728543e-01 2.842089817905e-01 2.675410430596e-01 2.517216149269e-01
2.607312911051e-02 2.798565148112e-02 3.004847813596e-02 3.227484490173e-02 3.467923532563e-02 3.727748425286e-02 4.008688346027e-02 4.312628952644e-02 4.641623095638e-02 4.997901284835e-02 5.383881661264e-02 5.802179086925e-02 6.255613005237e-02 6.747213590732e-02 7.280225773633e-02 7.858110353697e-02 8.484541722070e-02 9.163401491827e-02 9.898767096860e-02 1.069489473855e-01 1.155619578591e-01 1.248720580979e-01 1.349254548712e-01 1.457687261101e-01 1.574482481892e-01 1.700095224449e-01 1.834964038971e-01 1.979502292896e-01 2.134088495734e-01 2.299055763798e-01 2.474680555233e-01 2.661170813292e-01 2.858653801190e-01 3.067163845070e-01 3.286630341361e-01 3.516866383626e-01 3.757558359858e-01 4.008256996826e-01 4.268370168046e-01 4.537157922014e-01 4.813730055657e-01 5.097046514287e-01 5.385920843853e-01 5.679026821150e-01 5.974908250598e-01 6.271991860631e-01 6.568603065521e-01 6.862984255633e-01 7.153315227964e-01 7.437735233114e-01 7.714366100010e-01 7.981335859034e-01 8.236802333510e-01 8.478976083760e-01 8.706142300495e-01 8.916681245443e-01 9.109086891131e-01 9.281983543862e-01 9.434140404753e-01 9.564483919905e-01 9.672108050580e-01 9.756282445538e-01 9.816458698664e-01 9.852274721733e-01 9.863557361453e-01 9.850323281561e-01 9.812778203759e-01 9.751314386158e-01 9.666506346228e-01 9.559104768956e-01 9.430028467616e-01 9.280354408103e-01 9.111305598397e-01 8.924237073413e-01 8.720619883862e-01 8.502023279783e-01 8.270095378876e-01 8.026542568977e-01 7.773108025378e-01 7.511549867379e-01 7.243619328335e-01 6.971039526175e-01 6.695485261799e-01 6.418564353648e-01 6.141800881849e-01 5.866620747112e-01 5.594339666698e-01 5.326153951116e-01 5.063133978579e-01 4.806220402654e-01 4.556223005835e-01 4.313821956539e-01 4.079571247471e-01 3.853904077101e-01 3.637139734844e-01 3.429491777041e-01 3.231077111464e-01 3.041925623895e-01 2.861990170114e-01 2.691156537085e-01 2.529253246398e-01
2.560536176233e-02 2.749751741665e-02 2.954036636500e-02 3.174742484982e-02 3.413350941515e-02 3.671484774962e-02 3.950919246770e-02 4.253593749151e-02 4.581623466965e-02 4.937310873629e-02 5.323156751910e-02 5.741870405604e-02 6.196378710634e-02 6.689833449050e-02 7.225616421798e-02 7.807341760579e-02 8.438854721841e-02 9.124226087457e-02 9.867741551780e-02 1.067388510827e-01 1.154731549250e-01 1.249283490071e-01 1.351534894668e-01 1.461981732033e-01 1.581119406037e-01 1.709435742592e-01 1.847402860118e-01 1.995467961893e-01 2.154043084470e-01 2.323493856042e-01 2.504127431669e-01 2.696179788929e-01 2.899802562413e-01 3.115049823848e-01 3.341865023959e-01 3.580068594736e-01 3.829346563686e-01 4.089240693173e-01 4.359140507677e-01 4.638277738938e-01 4.925723489019e-01 5.220388520740e-01 5.521026819488e-01 5.826242684940e-01 6.134501227912e-01 6.444142315217e-01 6.753397554550e-01 7.060410107616e-01 7.363256748989e-01 7.659971675865e-01 7.948571407350e-01 8.227080172878e-01 8.493555141680e-01 8.746110889939e-01 8.982942604281e-01 9.202347588402e-01 9.402744765966e-01 9.582691936660e-01 9.740900716565e-01 9.876249148857e-01 9.987792022569e-01 1.007476906559e+00 1.013661112444e+00 1.017294443967e+00 1.018359317491e+00 1.016858030439e+00 1.012812676510e+00 1.006264896440e+00 9.972754541397e-01 9.859236211122e-01 9.723063655630e-01 9.565373331524e-01 9.387456082237e-01 9.190742572415e-01 8.976786612718e-01 8.747246411439e-01 8.503864188771e-01 8.248444237927e-01 7.982830073516e-01 7.708881018502e-01 7.428448753761e-01 7.143354497636e-01 6.855367253026e-01 6.566183699230e-01 6.277410140057e-01 5.990546967980e-01 5.706975835548e-01 5.427949809579e-01 5.154586466634e-01 4.887864052735e-01 4.628620434864e-01 4.377554717282e-01 4.135231224251e-01 3.902085544970e-01 3.678432217121e-01 3.464473765596e-01 3.260310674177e-01 3.065951958213e-01 2.881326004879e-01 2.706291413760e-01 2.540647577229e-01
2.513386666427e-02 2.700497807817e-02 2.902708925280e-02 3.121398996475e-02 3.358082320123e-02 3.614420313235e-02 3.892233747745e-02 4.193515259729e-02 4.520442015131e-02 4.875388276687e-02 5.260937523692e-02 5.679893892323e-02 6.135292452714e-02 6.630407780066e-02 7.168760426913e-02 7.754120403732e-02 8.390507118517e-02 9.082184877492e-02 9.833653127895e-02 1.064963032476e-01 1.153503070753e-01 1.249493273029e-01 1.353453834861e-01 1.465912216201e-01 1.587396958614e-01 1.718430362099e-01 1.859519956427e-01 2.011148793041e-01 2.173764561095e-01 2.347767644049e-01 2.533498194165e-01 2.731222501890e-01 2.941118812707e-01 3.163263009275e-01 3.397614441605e-01 3.644002398164e-01 3.902113659160e-01 4.171481607125e-01 4.451477441616e-01 4.741303921462e-01 5.039992103875e-01 5.346401478026e-01 5.659223656053e-01 5.976989934360e-01 6.298082598452e-01 6.620749927341e-01 6.943124624880e-01 7.263245206914e-01 7.579079896869e-01 7.888552336599e-01 8.189568421871e-01 8.480043599026e-01 8.757929853439e-01 9.021241792289e-01 9.268081203674e-01 9.496659679010e-01 9.705318955345e-01 9.892548748414e-01 1.005700202567e+00 1.019750778696e+00 1.031308134691e+00 1.040293244379e+00 1.046647124613e+00 1.050331251189e+00 1.051327799100e+00 1.049639722458e+00 1.045290671097e+00 1.038324748974e+00 1.028806089743e+00 1.016818251777e+00 1.002463406055e+00 9.858613022000e-01 9.671480072392e-01 9.464744017215e-01 9.240044446319e-01 8.999132099206e-01 8.743847327618e-01 8.476096834424e-01 8.197829292489e-01 7.911010237774e-01 7.617596936808e-01 7.319513816861e-01 7.018628992849e-01 6.716732600372e-01 6.415517355355e-01 6.116561801902e-01 5.821316602531e-01 5.531093972958e-01 5.247060474272e-01 4.970233020464e-01 4.701478028306e-01 4.441513407154e-01 4.190913161233e-01 3.950114139186e-01 3.719424643785e-01 3.499034370880e-01 3.289025381971e-01 3.089383670252e-01 2.900010935323e-01 2.720736369708e-01 2.551328037899e-01
2.465899328725e-02 2.650838445585e-02 2.850899439543e-02 3.067487882508e-02 3.302149918785e-02 3.556584845851e-02 3.832658195321e-02 4.132415178072e-02 4.458094396762e-02 4.812141466957e-02 5.197222391628e-02 5.616236236095e-02 6.072326698288e-02 6.568892127205e-02 7.109593286522e-02 7.698358250433e-02 8.339383649826e-02 9.037131336601e-02 9.796319613656e-02 1.062190792167e-01 1.151907390974e-01 1.249318186885e-01 1.354974142607e-01 1.469435526215e-01 1.593265534996e-01 1.727022654620e-01 1.871251739444e-01 2.026473765711e-01 2.193174329792e-01 2.371790916064e-01 2.562699125937e-01 2.766198008831e-01 2.982494822183e-01 3.211689511858e-01 3.453759360067e-01 3.708544210764e-01 3.975732831986e-01 4.254850980666e-01 4.545251606896e-01 4.846107900901e-01 5.156409526274e-01 5.474962533607e-01 5.800393224742e-01 6.131156200661e-01 6.465546522235e-01 6.801715922612e-01 7.137692766218e-01 7.471405226316e-01 7.800707123803e-01 8.123405761638e-01 8.437290871703e-01 8.740163934417e-01 9.029867113610e-01 9.304311023433e-01 9.561500709216e-01 9.799559390927e-01 1.001674965079e+00 1.021149177372e+00 1.038237926074e+00 1.052819166822e+00 1.064790478438e+00 1.074069847995e+00 1.080596252470e+00 1.084330046857e+00 1.085253193733e+00 1.083369329983e+00 1.078703689632e+00 1.071302867289e+00 1.061234410858e+00 1.048586228745e+00 1.033465787077e+00 1.015999075011e+00 9.963293249948e-01 9.746154693472e-01 9.510303404305e-01 9.257586209504e-01 8.989945696538e-01 8.709395584106e-01 8.417994659481e-01 8.117819942379e-01 7.810939673537e-01 7.499386825898e-01 7.185133804254e-01 6.870069055035e-01 6.555976102577e-01 6.244515502022e-01 5.937210104387e-01 5.635433809394e-01 5.340403932382e-01 5.053177155823e-01 4.774648835003e-01 4.505555473055e-01 4.246479949255e-01 3.997859135725e-01 3.759993409722e-01 3.533057698873e-01 3.317113460662e-01 3.112121339460e-01 2.917954000380e-01 2.734408842879e-01 2.561220314112e-01
2.418109401021e-02 2.600809110397e-02 2.798643420217e-02 3.013043582485e-02 3.245586681624e-02 3.498008959499e-02 3.772219798650e-02 4.070316129703e-02 4.394597189806e-02 4.747579332134e-02 5.132010610376e-02 5.550884782860e-02 6.007454378436e-02 6.505242058614e-02 7.048049964423e-02 7.639966055312e-02 8.285366862425e-02 8.988915415038e-02 9.755553750932e-02 1.059048839146e-01 1.149916811789e-01 1.248725247608e-01 1.356056996307e-01 1.472506471256e-01 1.598673058933e-01 1.735153191846e-01 1.882531003397e-01 2.041367574976e-01 2.212188748861e-01 2.395471616868e-01 2.591629801089e-01 2.800997752495e-01 3.023814310491e-01 3.260205958148e-01 3.510170107785e-01 3.773559045810e-01 4.050064980077e-01 4.339206883093e-01 4.640319682212e-01 4.952546447439e-01 5.274834075103e-01 5.605932963392e-01 5.944401035536e-01 6.288612300096e-01 6.636769951900e-01 6.986923922585e-01 7.336992478586e-01 7.684787378453e-01 8.028041894717e-01 8.364440891646e-01 8.691652115224e-01 9.007357742673e-01 9.309285360374e-01 9.595237525607e-01 9.863119242552e-01 1.011096287487e+00 1.033695007890e+00 1.053943060345e+00 1.071693798041e+00 1.086820223940e+00 1.099215984155e+00 1.108796119803e+00 1.115497612409e+00 1.119279739712e+00 1.120124281016e+00 1.118035582484e+00 1.113040476650e+00 1.105188062744e+00 1.094549321692e+00 1.081216552372e+00 1.065302583368e+00 1.046939753717e+00 1.026278620661e+00 1.003486391302e+00 9.787450584128e-01 9.522492656100e-01 9.242039109041e-01 8.948215365974e-01 8.643195504781e-01 8.329173521986e-01 8.008334272734e-01 7.682824895940e-01 7.354727560928e-01 7.026034147844e-01 6.698623624129e-01 6.374242595332e-01 6.054489454808e-01 5.740802375791e-01 5.434451277039e-01 5.136533656990e-01 4.847974167368e-01 4.569527557380e-01 4.301784663673e-01 4.045180933159e-01 3.800007016145e-01 3.566420888868e-01 3.344461060380e-01 3.134060349156e-01 2.935059832646e-01 2.747222615095e-01 2.570247091611e-01
2.370052418789e-02 2.550445677934e-02 2.745976621042e-02 2.958101169319e-02 3.188426291385e-02 3.438724108879e-02 3.710946758831e-02 4.007241827686e-02 4.329968180988e-02 4.681711989339e-02 5.065302612468e-02 5.483828036939e-02 5.940649352100e-02 6.439413791220e-02 6.984065619514e-02 7.578854147098e-02 8.228337987805e-02 8.937384661296e-02 9.711164303884e-02 1.055513638502e-01 1.147502818241e-01 1.247680369039e-01 1.356662145070e-01 1.475078027292e-01 1.603565153847e-01 1.742759687273e-01 1.893287081799e-01 2.055750760365e-01 2.230719277357e-01 2.418711952162e-01 2.620183185596e-01 2.835505623401e-01 3.064952486521e-01 3.308679439580e-01 3.566706487439e-01 3.838900436520e-01 4.124958559151e-01 4.424394080828e-01 4.736524225578e-01 5.060461461006e-01 5.395108554008e-01 5.739157969992e-01 6.091096041122e-01 6.449212070910e-01 6.811612492886e-01 7.176239824304e-01 7.540896140670e-01 7.903270345374e-01 8.260968610567e-01 8.611546957508e-01 8.952545059721e-01 9.281520227488e-01 9.596080600999e-01 9.893916602033e-01 1.017283002038e+00 1.043076001630e+00 1.066580580473e+00 1.087624583603e+00 1.106055349890e+00 1.121740956248e+00 1.134571171860e+00 1.144458162654e+00 1.151336978679e+00 1.155165876722e+00 1.155926495197e+00 1.153623905103e+00 1.148286538738e+00 1.139965994851e+00 1.128736682829e+00 1.114695296704e+00 1.097960068415e+00 1.078669764824e+00 1.056982406725e+00 1.033073675310e+00 1.007134997987e+00 9.793713267484e-01 9.499986182913e-01 9.192410673567e-01 8.873281480002e-01 8.544915295771e-01 8.209619499967e-01 7.869661384702e-01 7.527238630917e-01 7.184451969697e-01 6.843280718677e-01 6.505561786636e-01 6.172972604725e-01 5.847018339101e-01 5.529023364689e-01 5.220127050788e-01 4.921283592491e-01 4.633265536263e-01 4.356670597317e-01 4.091931188627e-01 3.839326181308e-01 3.598994281817e-01 3.370948475273e-01 3.155091075868e-01 2.951228874782e-01 2.759088022828e-01 2.578328289469e-01
2.321764191496e-02 2.499784410482e-02 2.692935306995e-02 2.902696372453e-02 3.130703254760e-02 3.378762714166e-02 3.648868389297e-02 3.943217244757e-02 4.264226524137e-02 4.614551044226e-02 4.997100428828e-02 5.415056030285e-02 5.871886967968e-02 6.371364856290e-02 6.917576421491e-02 7.514933275188e-02 8.168177985175e-02 8.882385280358e-02 9.662957420966e-02 1.051561222186e-01 1.144636248971e-01 1.246148549129e-01 1.356748081183e-01 1.477101526202e-01 1.607885331963e-01 1.749777225245e-01 1.903446050509e-01 2.069539917174e-01 2.248672651330e-01 2.441408565932e-01 2.648245759664e-01 2.869598073596e-01 3.105776100076e-01 3.356967586981e-01 3.623217800014e-01 3.904410397518e-01 4.200249544228e-01 4.510243930263e-01 4.833693544641e-01 5.169679845836e-01 5.517060123682e-01 5.874466558931e-01 6.240310527102e-01 6.612792306345e-01 6.989916338954e-01 7.369511804098e-01 7.749258042568e-01 8.126714292703e-01 8.499352666885e-01 8.864593556470e-01 9.219842173962e-01 9.562525202369e-01 9.890126329054e-01 1.020021981412e+00 1.049050110703e+00 1.075881405522e+00 1.100317425233e+00 1.122178844864e+00 1.141307011325e+00 1.157565145372e+00 1.170839236604e+00 1.181038673847e+00 1.188096672996e+00 1.191970541029e+00 1.192641818179e+00 1.190116314139e+00 1.184424050321e+00 1.175619090178e+00 1.163779235840e+00 1.149005551060e+00 1.131421669463e+00 1.111172833041e+00 1.088424629646e+00 1.063361393178e+00 1.036184243751e+00 1.007108781625e+00 9.763624423289e-01 9.441815712449e-01 9.108082633885e-01 8.764870560937e-01 8.414615679358e-01 8.059711677609e-01 7.702477888023e-01 7.345129625516e-01 6.989751743687e-01 6.638275929018e-01 6.292462354999e-01 5.953885963930e-01 5.623927490414e-01 5.303769188999e-01 4.994394971635e-01 4.696594595551e-01 4.410971383409e-01 4.137952923069e-01 3.877804055076e-01 3.630641630644e-01 3.396450351511e-01 3.175099156178e-01 2.966357665388e-01 2.769912240527e-01 2.585381348209e-01
2.273280793949e-02 2.448861971309e-02 2.639556317565e-02 2.846865641926e-02 3.072452956476e-02 3.318158279045e-02 3.586015274665e-02 3.878268805961e-02 4.197393021668e-02 4.546109914516e-02 4.927408016294e-02 5.344560851656e-02 5.801144625316e-02 6.301054750651e-02 6.848520268302e-02 7.448115619364e-02 8.104768601030e-02 8.823763474852e-02 9.610738071978e-02 1.047167345255e-01 1.141287456153e-01 1.244094051964e-01 1.356272262506e-01 1.478526876412e-01 1.611575237385e-01 1.756138477958e-01 1.912930971122e-01 2.082647924397e-01 2.265951110134e-01 2.463452753862e-01 2.675697724532e-01 2.903144275908e-01 3.146143591359e-01 3.404918648356e-01 3.679542898586e-01 3.969919434465e-01 4.275761381889e-01 4.596574324598e-01 4.931641623234e-01 5.280013427128e-01 5.640500216099e-01 6.011671472236e-01 6.391860087348e-01 6.779172737500e-01 7.171506347098e-01 7.566570387598e-01 7.961914558363e-01 8.354961088816e-01 8.743040665508e-01 9.123430861021e-01 9.493395721587e-01 9.850225267716e-01 1.019127367770e+00 1.051399496094e+00 1.081597530403e+00 1.109496139099e+00 1.134888436712e+00 1.157587931461e+00 1.177430050304e+00 1.194273278747e+00 1.207999963310e+00 1.218516860330e+00 1.225755473675e+00 1.229672253155e+00 1.230248689534e+00 1.227491338328e+00 1.221431777757e+00 1.212126476745e+00 1.199656554738e+00 1.184127378995e+00 1.165667940766e+00 1.144429962350e+00 1.120586668483e+00 1.094331191531e+00 1.065874582659e+00 1.035443421894e+00 1.003277050465e+00 9.696244680668e-01 9.347409693241e-01 8.988845898465e-01 8.623124866173e-01 8.252773363090e-01 7.880238850973e-01 7.507857328736e-01 7.137824678052e-01 6.772172113456e-01 6.412746394134e-01 6.061195163339e-01 5.718957450348e-01 5.387259355027e-01 5.067114591995e-01 4.759329373898e-01 4.464511196208e-01 4.183080761261e-01 3.915286411363e-01 3.661220351199e-01 3.420835982095e-01 3.193965782717e-01 2.980339118806e-01 2.779599594792e-01 2.591321527694e-01
2.224638574280e-02 2.397715426833e-02 2.585877026457e-02 2.790646154194e-02 3.013711731675e-02 3.256945444914e-02 3.522419388996e-02 3.812424590445e-02 4.129490347316e-02 4.476404128696e-02 4.856231680648e-02 5.272337116296e-02 5.728402400476e-02 6.228445657416e-02 6.776837700968e-02 7.378315761146e-02 8.037993595196e-02 8.761366717517e-02 9.554311505021e-02 1.042307658292e-01 1.137426515539e-01 1.241480624516e-01 1.355191327594e-01 1.479302816841e-01 1.614574895921e-01 1.761773984632e-01 1.921662159972e-01 2.094984223264e-01 2.282452676692e-01 2.484730702277e-01 2.702413232467e-01 2.936006334370e-01 3.185905267098e-01 3.452371636730e-01 3.735510299191e-01 4.035246633221e-01 4.351305062358e-01 4.683189720423e-01 5.030168139228e-01 5.391258963991e-01 5.765224560896e-01 6.150569219679e-01 6.545543677799e-01 6.948156161898e-01 7.356190183372e-01 7.767228729158e-01 8.178684405149e-01 8.587834646858e-01 8.991860833344e-01 9.387890071970e-01 9.773038155189e-01 1.014445221793e+00 1.049935168782e+00 1.083506632406e+00 1.114907028140e+00 1.143901156028e+00 1.170273642790e+00 1.193830888127e+00 1.214402528780e+00 1.231842484605e+00 1.246029658592e+00 1.256868358608e+00 1.264288535897e+00 1.268245893070e+00 1.268721928820e+00 1.265723945598e+00 1.259285020231e+00 1.249463934691e+00 1.236345010323e+00 1.220037799327e+00 1.200676560551e+00 1.178419449534e+00 1.153447353254e+00 1.125962318165e+00 1.096185540991e+00 1.064354900627e+00 1.030722067672e+00 9.955492191095e-01 9.591054474303e-01 9.216629518535e-01 8.834931231470e-01 8.448626548245e-01 8.060297955156e-01 7.672408621501e-01 7.287271310442e-01 6.907021774454e-01 6.533597432859e-01 6.168721629858e-01 5.813893660116e-01 5.470384413918e-01 5.139237331337e-01 4.821274178673e-01 4.517104945503e-01 4.227141182881e-01 3.951611987435e-01 3.690581849702e-01 3.443969634656e-01 3.211568042100e-01 2.993062906910e-01 2.788051914135e-01 2.596062267435e-01
2.175874113964e-02 2.346382246811e-02 2.531935411247e-02 2.734075883817e-02 2.954516912989e-02 3.195160145575e-02 3.458114235241e-02 3.745714484300e-02 4.060543332602e-02 4.405451671010e-02 4.783580456356e-02 5.198382461215e-02 5.653643597551e-02 6.153503236581e-02 6.702472789245e-02 7.305451724475e-02 7.967739935570e-02 8.695045300859e-02 9.493484987891e-02 1.036957901077e-01 1.133023427201e-01 1.238271731628e-01 1.353461363896e-01 1.479377181515e-01 1.616823021261e-01 1.766612460045e-01 1.929557515687e-01 2.106455135404e-01 2.298071455653e-01 2.505123826733e-01 2.728260685253e-01 2.968039571562e-01 3.224903540934e-01 3.499156549700e-01 3.790938354310e-01 4.100199786498e-01 4.426679216773e-01 4.769881221114e-01 5.129058520296e-01 5.503198194248e-01 5.891013229657e-01 6.290940190230e-01 6.701143780448e-01 7.119528664994e-01 7.543758628762e-01 7.971282932603e-01 8.399369126091e-01 8.825141457606e-01 9.245623564704e-01 9.657783982417e-01 1.005858276152e+00 1.044501761115e+00 1.081416789809e+00 1.116323514184e+00 1.148957892710e+00 1.179074740434e+00 1.206450210849e+00 1.230883707301e+00 1.252199269753e+00 1.270246496931e+00 1.284901099372e+00 1.296065177561e+00 1.303667324273e+00 1.307662633928e+00 1.308032675999e+00 1.304785485574e+00 1.297955562124e+00 1.287603865525e+00 1.273817751990e+00 1.256710785788e+00 1.236422341652e+00 1.213116907787e+00 1.186983008527e+00 1.158231678775e+00 1.127094444978e+00 1.093820792608e+00 1.058675145357e+00 1.021933392301e+00 9.838790535136e-01 9.447991849612e-01 9.049801551904e-01 8.647034277200e-01 8.242414900729e-01 7.838540699809e-01 7.437847509492e-01 7.042580962338e-01 6.654773398889e-01 6.276227026715e-01 5.908503389596e-01 5.552919012031e-01 5.210546894218e-01 4.882223231599e-01 4.568558595537e-01 4.269952840840e-01 3.986612793451e-01 3.718571890094e-01 3.465710949912e-01 3.227779329978e-01 3.004415853569e-01 2.795168939828e-01 2.599515570200e-01
2.127024227741e-02 2.294900297307e-02 2.477770035384e-02 2.677193631157e-02 2.894906920636e-02 3.132839639625e-02 3.393135000624e-02 3.678170396138e-02 3.990579169840e-02 4.333273294929e-02 4.709466559249e-02 5.122698068522e-02 5.576855469779e-02 6.076197336922e-02 6.625374042194e-02 7.229446121348e-02 7.893899143555e-02 8.624653756351e-02 9.428069538342e-02 1.031094094550e-01 1.128048345479e-01 1.234430805639e-01 1.351038179447e-01 1.478697216350e-01 1.618257325081e-01 1.770581141581e-01 1.936532869652e-01 2.116964240518e-01 2.312698036163e-01 2.524509110273e-01 2.753103083035e-01 2.999092838747e-01 3.262973255093e-01 3.545094623454e-01 3.845635477121e-01 4.164575603246e-01 4.501670268278e-01 4.856426706178e-01 5.228084067590e-01 5.615597972507e-01 6.017630816421e-01 6.432548830330e-01 6.858426649402e-01 7.293059916832e-01 7.733985990961e-01 8.178512598887e-01 8.623753664548e-01 9.066671253298e-01 9.504122224385e-01 9.932907831817e-01 1.034982447256e+00 1.075171360153e+00 1.113550905718e+00 1.149828024290e+00 1.183726986299e+00 1.214992551862e+00 1.243392468472e+00 1.268719332678e+00 1.290791855127e+00 1.309455627597e+00 1.324583494329e+00 1.336075647537e+00 1.343859564112e+00 1.347889890161e+00 1.348148339921e+00 1.344643656061e+00 1.337411651909e+00 1.326515282328e+00 1.312044714734e+00 1.294117287061e+00 1.272877271743e+00 1.248495322150e+00 1.221167519049e+00 1.191113909359e+00 1.158576503319e+00 1.123816682824e+00 1.087112049073e+00 1.048752751620e+00 1.009037394073e+00 9.682686289204e-01 9.267485900371e-01 8.847743137571e-01 8.426333188943e-01 8.005994804785e-01 7.589293571356e-01 7.178590627858e-01 6.776017750452e-01 6.383459280318e-01 6.002540999604e-01 5.634625879202e-01 5.280816129111e-01 4.941961016059e-01 4.618669523001e-01 4.311326959715e-01 4.020114551106e-01 3.745031032670e-01 3.485915379551e-01 3.242469795898e-01 3.014282373468e-01 2.800848760807e-01 2.601592444525e-01
2.078125958797e-02 2.243307844246e-02 2.423420058884e-02 2.620039031303e-02 2.834921295316e-02 3.070022660623e-02 3.327518661527e-02 3.609826425174e-02 3.919627679727e-02 4.259892813382e-02 4.633905755450e-02 5.045289175155e-02 5.498029778631e-02 5.996502827710e-02 6.545495408749e-02 7.150227310190e-02 7.816368619689e-02 8.550052480614e-02 9.357881752246e-02 1.024692759820e-01 1.122471817949e-01 1.229921519907e-01 1.347877604740e-01 1.477209896872e-01 1.618814890669e-01 1.773606164571e-01 1.942502391432e-01 2.126412788127e-01 2.326219880267e-01 2.542759548919e-01 2.776798439154e-01 3.029008927346e-01 3.299942011492e-01 3.589998688293e-01 3.899400462355e-01 4.228159962129e-01 4.576052678988e-01 4.942591046483e-01 5.327002159376e-01 5.728210457543e-01 6.144826627112e-01 6.575143912359e-01 7.017142639524e-01 7.468503631757e-01 7.926630630423e-01 8.388681458435e-01 8.851607171519e-01 9.312197945546e-01 9.767134109868e-01 1.021304034763e+00 1.064654097137e+00 1.106431401250e+00 1.146314220639e+00 1.183995900444e+00 1.219188827472e+00 1.251627685529e+00 1.281071955115e+00 1.307307689636e+00 1.330148628892e+00 1.349436761536e+00 1.365042468264e+00 1.376864398511e+00 1.384829208879e+00 1.388891290250e+00 1.389032576584e+00 1.385262485143e+00 1.377617990987e+00 1.366163815756e+00 1.350992644116e+00 1.332225274355e+00 1.310010576274e+00 1.284525129981e+00 1.255972420123e+00 1.224581480662e+00 1.190604919131e+00 1.154316281414e+00 1.116006769998e+00 1.075981361225e+00 1.034554431090e+00 9.920450111734e-01 9.487718416808e-01 9.050483972492e-01 8.611780698491e-01 8.174496803868e-01 7.741334695719e-01 7.314777045398e-01 6.897059822493e-01 6.490152886106e-01 6.095748309068e-01 5.715256170724e-01 5.349807371855e-01 5.000262660018e-01 4.667226932584e-01 4.351067774725e-01 4.051937148870e-01 3.769795115380e-01 3.504434689574e-01 3.255506843205e-01 3.022544996376e-01 2.804988301068e-01 2.602203362129e-01
2.029216528315e-02 2.191643529996e-02 2.368925271740e-02 2.562652589815e-02 2.774600764547e-02 3.006749451322e-02 3.261304132080e-02 3.540719055324e-02 3.847721534856e-02 4.185337459057e-02 4.556917777489e-02 4.966165606904e-02 5.417163515487e-02 5.914400397316e-02 6.462797201208e-02 7.067730539349e-02 7.735053096027e-02 8.471109456284e-02 9.282745782568e-02 1.017731142101e-01 1.116265044705e-01 1.224708076832e-01 1.343935819783e-01 1.474862294612e-01 1.618432553985e-01 1.775612986478e-01 1.947379033310e-01 2.134700149427e-01 2.338521817426e-01 2.559744603216e-01 2.799200243205e-01 3.057625001508e-01 3.335630636966e-01 3.633673546114e-01 3.952022823345e-01 4.290728235471e-01 4.649589228992e-01 5.028126353785e-01 5.425556484371e-01 5.840773378063e-01 6.272335007335e-01 6.718458901169e-01 7.177026636596e-01 7.645598079852e-01 8.121435634374e-01 8.601538185010e-01 9.082683929111e-01 9.561480654752e-01 1.003442165003e+00 1.049794502534e+00 1.094849400790e+00 1.138257567490e+00 1.179681592647e+00 1.218800854631e+00 1.255315696422e+00 1.288950762804e+00 1.319457486483e+00 1.346615736159e+00 1.370234735327e+00 1.390153370379e+00 1.406240057969e+00 1.418392348368e+00 1.426536426530e+00 1.430626655760e+00 1.430645278132e+00 1.426602326486e+00 1.418535754495e+00 1.406511750436e+00 1.390625150078e+00 1.370999808707e+00 1.347788807604e+00 1.321174324818e+00 1.291367022169e+00 1.258604830215e+00 1.223151023990e+00 1.185291560469e+00 1.145331662428e+00 1.103591719164e+00 1.060402604222e+00 1.016100561304e+00 9.710218374039e-01 9.254972738772e-01 8.798470489836e-01 8.343757792395e-01 7.893681515595e-01 7.450852274275e-01 7.017615246869e-01 6.596029359104e-01 6.187854972692e-01 5.794549872644e-01 5.417272897216e-01 5.056894386052e-01 4.714012330942e-01 4.388973048449e-01 4.081895184644e-01 3.792695797541e-01 3.521117512150e-01 3.266755690698e-01 3.029084882094e-01 2.807483855723e-01 2.601258773461e-01
1.980333336839e-02 2.139946380786e-02 2.314326045634e-02 2.505075710088e-02 2.713987262987e-02 2.943061860948e-02 3.194532347080e-02 3.470887286361e-02 3.774896513877e-02 4.109638164290e-02 4.478526752124e-02 4.885342262311e-02 5.334259481068e-02 5.829877325278e-02 6.377247121123e-02 6.981899133793e-02 7.649866003790e-02 8.387701860768e-02 9.202495308445e-02 1.010187440256e-01 1.109400147235e-01 1.218755517076e-01 1.339169699828e-01 1.471601955892e-01 1.617047321407e-01 1.776526834680e-01 1.951075011906e-01 2.141724332295e-01 2.349486559021e-01 2.575330743040e-01 2.820157992997e-01 3.084773137325e-01 3.369853652382e-01 3.675916439574e-01 4.003283234955e-01 4.352045680504e-01 4.722031380054e-01 5.112772326634e-01 5.523477373310e-01 5.953010374405e-01 6.399875662117e-01 6.862212346205e-01 7.337798587062e-01 7.824066751004e-01 8.318129597757e-01 8.816817339979e-01 9.316724480545e-01 9.814265025909e-01 1.030573385231e+00 1.078737167974e+00 1.125543102356e+00 1.170624005451e+00 1.213626193951e+00 1.254214723396e+00 1.292077770514e+00 1.326930052369e+00 1.358515256717e+00 1.386607536444e+00 1.411012167396e+00 1.431565549515e+00 1.448134737182e+00 1.460616712931e+00 1.468937603685e+00 1.473052012157e+00 1.472942584542e+00 1.468619890686e+00 1.460122626058e+00 1.447518082252e+00 1.430902783307e+00 1.410403143666e+00 1.386175965536e+00 1.358408595515e+00 1.327318561430e+00 1.293152524119e+00 1.256184449658e+00 1.216712923705e+00 1.175057610302e+00 1.131554915265e+00 1.086552976760e+00 1.040406139534e+00 9.934691302608e-01 9.460911562926e-01 8.986101639616e-01 8.513474883740e-01 8.046030780420e-01 7.586514753915e-01 7.137386506437e-01 6.700797683730e-01 6.278578970477e-01 5.872236273702e-01 5.482955395968e-01 5.111614045116e-01 4.758800092050e-01 4.424834637848e-01 4.109798557889e-01 3.813561187466e-01 3.535809970497e-01 3.276079979647e-01 3.033782454742e-01 2.808231666251e-01 2.598669646153e-01
1.931513923069e-02 2.088255756362e-02 2.259663377646e-02 2.447350697239e-02 2.653123976301e-02 2.879003401696e-02 3.127246399155e-02 3.400372804364e-02 3.701191691909e-02 4.032829828778e-02 4.398761542478e-02 4.802839617018e-02 5.249326969770e-02 5.742928294555e-02 6.288821220745e-02 6.892685740582e-02 7.560731009038e-02 8.299717894767e-02 9.116975625498e-02 1.002041052758e-01 1.101850447041e-01 1.212030035811e-01 1.333537168912e-01 1.467377308322e-01 1.614596826006e-01 1.776273203311e-01 1.953502326860e-01 2.147382542624e-01 2.358995277689e-01 2.589382034341e-01 2.839517782912e-01 3.110280878475e-01 3.402419836167e-01 3.716517587947e-01 4.052954005776e-01 4.411867884341e-01 4.793119667969e-01 5.196256620897e-01 5.620482172843e-01 6.064631349263e-01 6.527154121119e-01 7.006108407910e-01 7.499164104803e-01 8.003619088615e-01 8.516427568969e-01 9.034240493086e-01 9.553456938390e-01 1.007028474074e+00 1.058080795016e+00 1.108105823313e+00 1.156708702566e+00 1.203503516220e+00 1.248119701323e+00 1.290207646288e+00 1.329443290708e+00 1.365531609807e+00 1.398208960895e+00 1.427244363827e+00 1.452439850844e+00 1.473630077694e+00 1.490681457745e+00 1.503491035974e+00 1.511985372695e+00 1.516119615360e+00 1.515876917243e+00 1.511268285394e+00 1.502332864226e+00 1.489138598449e+00 1.471783143059e+00 1.450394854345e+00 1.425133646367e+00 1.396191497876e+00 1.363792382148e+00 1.328191452354e+00 1.289673326830e+00 1.248549408858e+00 1.205154218918e+00 1.159840811867e+00 1.112975403124e+00 1.064931394936e+00 1.016083037549e+00 9.667989885688e-01 9.174360284612e-01 8.683332034359e-01 8.198066065079e-01 7.721449925497e-01 7.256063467001e-01 6.804154871660e-01 6.367627123120e-01 5.948034524792e-01 5.546588548501e-01 5.164171690383e-01 4.801358060143e-01 4.458439131954e-01 4.135453116293e-01 3.832216483315e-01 3.548356336177e-01 3.283342436212e-01 3.036518006944e-01 2.807128531755e-01 2.594348058838e-01
1.882795934731e-02 2.036611342011e-02 2.204978825387e-02 2.389520740058e-02 2.592055382104e-02 2.814619298367e-02 3.059491589753e-02 3.329220114951e-02 3.626649615389e-02 3.954951637280e-02 4.317656110392e-02 4.718684220962e-02 5.162382328726e-02 5.653556183456e-02 6.197504872469e-02 6.800053503260e-02 7.467583415626e-02 8.207058483520e-02 9.026045758792e-02 9.932728268147e-02 1.093590756433e-01 1.204499321211e-01 1.326997590470e-01 1.462138091221e-01 1.611019793148e-01 1.774778366158e-01 1.954573336349e-01 2.151571772275e-01 2.366928236813e-01 2.601760784226e-01 2.857122962966e-01 3.133971906137e-01 3.433132867280e-01 3.755260769441e-01 4.100799667046e-01 4.469941297717e-01 4.862584211300e-01 5.278295309388e-01 5.716275671484e-01 6.175332938922e-01 6.653862183760e-01 7.149837415418e-01 7.660815155641e-01 8.183951350686e-01 8.716032054330e-01 9.253517494180e-01 9.792598498599e-01 1.032926321145e+00 1.085937135921e+00 1.137873283621e+00 1.188318681922e+00 1.236867782538e+00 1.283132516227e+00 1.326748278669e+00 1.367378757496e+00 1.404719460802e+00 1.438499946726e+00 1.468484829578e+00 1.494473743487e+00 1.516300496781e+00 1.533831712677e+00 1.546965245055e+00 1.555628658406e+00 1.559777998481e+00 1.559397038558e+00 1.554497090367e+00 1.545117393479e+00 1.531325998738e+00 1.513221015786e+00 1.490931998310e+00 1.464621232798e+00 1.434484656201e+00 1.400752162381e+00 1.363687059391e+00 1.323584517509e+00 1.280768913632e+00 1.235590040570e+00 1.188418258378e+00 1.139638726280e+00 1.089644933990e+00 1.038831791092e+00 9.875885806874e-01 9.362920729847e-01 8.853001034046e-01 8.349458596440e-01 7.855330951654e-01 7.373324055615e-01 6.905786567418e-01 6.454695693275e-01 6.021654209385e-01 5.607897630644e-01 5.214310220915e-01 4.841448215555e-01 4.489568559968e-01 4.158661401106e-01 3.848484740672e-01 3.558599763269e-01 3.288405585732e-01 3.037172429824e-01 2.804072469739e-01 2.588207807605e-01
1.834217090095e-02 1.985053123557e-02 2.150314528151e-02 2.331629938491e-02 2.530827209662e-02 2.749956518287e-02 2.991315527113e-02 3.257476662390e-02 3.551316524588e-02 3.876047266935e-02 4.235249879696e-02 4.632909111724e-02 5.073449598554e-02 5.561772767785e-02 6.103293722310e-02 6.703977229044e-02 7.370371626358e-02 8.109639086404e-02 8.929580545865e-02 9.838653014379e-02 1.084597670887e-01 1.196132895967e-01 1.319512162766e-01 1.455835802729e-01 1.606256554036e-01 1.771969941319e-01 1.954201358667e-01 2.154189457165e-01 2.373165472407e-01 2.612328254269e-01 2.872814850869e-01 3.155666739592e-01 3.461792002210e-01 3.791924010356e-01 4.146577576350e-01 4.526003791650e-01 4.930145221534e-01 5.358593358957e-01 5.810550582240e-01 6.284798993430e-01 6.779678512230e-01 7.293076505565e-01 7.822430823691e-01 8.364747568543e-01 8.916634236622e-01 9.474347886004e-01 1.003385710866e+00 1.059091555222e+00 1.114114385300e+00 1.168011623351e+00 1.220344750155e+00 1.270687626506e+00 1.318634024302e+00 1.363804043296e+00 1.405849163415e+00 1.444455808205e+00 1.479347401661e+00 1.510285037821e+00 1.537066971107e+00 1.559527220542e+00 1.577533628618e+00 1.590985728574e+00 1.599812752201e+00 1.603972048785e+00 1.603448133421e+00 1.598252458039e+00 1.588423921174e+00 1.574030032353e+00 1.555168544851e+00 1.531969316373e+00 1.504596109523e+00 1.473248008818e+00 1.438160168697e+00 1.399603612896e+00 1.357883890789e+00 1.313338471509e+00 1.266332831951e+00 1.217255328341e+00 1.166510994977e+00 1.114514522279e+00 1.061682712964e+00 1.008426756291e+00 9.551446720000e-01 9.022142558217e-01 8.499868174431e-01 7.987819516930e-01 7.488834948562e-01 7.005367677589e-01 6.539471015621e-01 6.092795996788e-01 5.666600181710e-01 5.261766097902e-01 4.878827438602e-01 4.518001154442e-01 4.179223399811e-01 3.862187623188e-01 3.566383078347e-01 3.291132521473e-01 3.035627919171e-01 2.798963421444e-01 2.580165069552e-01
1.785815130534e-02 1.933621331498e-02 2.095713143975e-02 2.273723241311e-02 2.469486498726e-02 2.685063809905e-02 2.922768153410e-02 3.185192897175e-02 3.475242446994e-02 3.796165095588e-02 4.151588021577e-02 4.545554225903e-02 4.982560991996e-02 5.467599457146e-02 6.006194578130e-02 6.604444551622e-02 7.269058575006e-02 8.007391386193e-02 8.827472768589e-02 9.738029744835e-02 1.074849877106e-01 1.186902472976e-01 1.311044317850e-01 1.448424166383e-01 1.600249569723e-01 1.767777470484e-01 1.952301305458e-01 2.155134158248e-01 2.377587529045e-01 2.620945417584e-01 2.886433521163e-01 3.175183532740e-01 3.488192866342e-01 3.826280307598e-01 4.190038616657e-01 4.579785327010e-01 4.995513609102e-01 5.436845218181e-01 5.902988077688e-01 6.392701128276e-01 6.904269166122e-01 7.435490298907e-01 7.983678166987e-01 8.545680572572e-01 9.117915241914e-01 9.696422501851e-01 1.027693339026e+00 1.085495080291e+00 1.142584005640e+00 1.198492449690e+00 1.252758138150e+00 1.304933306126e+00 1.354592892111e+00 1.401341413669e+00 1.444818264659e+00 1.484701280101e+00 1.520708571806e+00 1.552598777925e+00 1.580169984715e+00 1.603257670357e+00 1.621732078652e+00 1.635495434815e+00 1.644479405098e+00 1.648643106797e+00 1.647971923087e+00 1.642477237225e+00 1.632197092953e+00 1.617197682060e+00 1.597575438870e+00 1.573459465807e+00 1.545013932574e+00 1.512440094204e+00 1.475977559927e+00 1.435904513663e+00 1.392536631333e+00 1.346224548960e+00 1.297349843415e+00 1.246319594343e+00 1.193559713353e+00 1.139507303247e+00 1.084602404379e+00 1.029279516131e+00 9.739592810954e-01 9.190407311781e-01 8.648944119998e-01 8.118566632610e-01 7.602252325393e-01 7.102563122005e-01 6.621630199335e-01 6.161152360272e-01 5.722406753987e-01 5.306270099166e-01 4.913248283384e-01 4.543512177678e-01 4.196937429982e-01 3.873146286072e-01 3.571549616577e-01 3.291387729837e-01 3.031768779646e-01 2.791703975416e-01 2.570139073118e-01
1.737627771421e-02 1.882356402091e-02 2.041217824731e-02 2.215846444772e-02 2.408081517984e-02 2.619991667853e-02 2.853901784020e-02 3.112422364849e-02 3.398481343717e-02 3.715358407653e-02 4.066721703469e-02 4.456666795740e-02 4.889757448733e-02 5.371067970164e-02 5.906226301857e-02 6.501457014265e-02 7.163623111565e-02 7.900265074723e-02 8.719635281235e-02 9.630725470048e-02 1.064328450638e-01 1.176782310538e-01 1.301560153235e-01 1.439859614023e-01 1.592943969456e-01 1.762133031884e-01 1.948790370064e-01 2.154306311037e-01 2.380076239946e-01 2.627473786328e-01 2.897818640972e-01 3.192338909925e-01 3.512128270867e-01 3.858098447845e-01 4.230927974099e-01 4.631008654091e-01 5.058391636269e-01 5.512735394532e-01 5.993258368784e-01 6.498699290612e-01 7.027288270133e-01 7.576731632163e-01 8.144213086815e-01 8.726413123561e-01 9.319547571166e-01 9.919425198965e-01 1.052152269144e+00 1.112107432756e+00 1.171317220622e+00 1.229287207342e+00 1.285529918905e+00 1.339574852160e+00 1.390977400685e+00 1.439326242985e+00 1.484248886869e+00 1.525415210792e+00 1.562539011306e+00 1.595377742614e+00 1.623730751393e+00 1.647436439662e+00 1.666368826317e+00 1.680434005472e+00 1.689566957146e+00 1.693729093546e+00 1.692906801728e+00 1.687111138809e+00 1.676378678823e+00 1.660773377669e+00 1.640389220585e+00 1.615353300192e+00 1.585828933561e+00 1.552018377718e+00 1.514164732663e+00 1.472552653278e+00 1.427507596788e+00 1.379393398804e+00 1.328608150961e+00 1.275578433249e+00 1.220752116363e+00 1.164590038814e+00 1.107556956929e+00 1.050112215304e+00 9.927005861280e-01 9.357437292370e-01 8.796326331345e-01 8.247213577045e-01 7.713222655832e-01 7.197028546945e-01 6.700841869121e-01 6.226408329347e-01 5.775021685078e-01 5.347548152734e-01 4.944459860963e-01 4.565874826106e-01 4.211601017423e-01 3.881182277734e-01 3.573944129277e-01 3.289037949884e-01 3.025482239274e-01 2.782200156720e-01 2.558052827532e-01
1.689692657009e-02 1.831298911678e-02 1.986872144381e-02 2.158046124910e-02 2.346661772297e-02 2.554792343879e-02 2.784771121204e-02 3.039221731213e-02 3.321091172659e-02 3.633685515010e-02 3.980708334070e-02 4.366301636223e-02 4.795089052961e-02 5.272220907906e-02 5.803420557482e-02 6.395031080482e-02 7.054061274476e-02 7.788229435816e-02 8.606002997159e-02 9.516631748729e-02 1.053017163254e-01 1.165749574133e-01 1.291028842391e-01 1.430101776900e-01 1.584288127305e-01 1.754971886726e-01 1.943588730391e-01 2.151608990660e-01 2.380515565586e-01 2.631776291844e-01 2.906810393166e-01 3.206948904138e-01 3.533389151261e-01 3.887143887721e-01 4.268985966828e-01 4.679390087466e-01 5.118473637312e-01 5.585939124688e-01 6.081021318570e-01 6.602442387529e-01 7.148378664618e-01 7.716442355478e-01 8.303681326290e-01 8.906599136466e-01 9.521196613251e-01 1.014303476536e+00 1.076731745394e+00 1.138899057992e+00 1.200285326320e+00 1.260367519635e+00 1.318631377592e+00 1.374582447178e+00 1.427755830614e+00 1.477724137237e+00 1.524103281543e+00 1.566555969032e+00 1.604792880776e+00 1.638571789545e+00 1.667694980977e+00 1.692005487704e+00 1.711382697627e+00 1.725737928358e+00 1.735010487160e+00 1.739164671644e+00 1.738188011874e+00 1.732090928923e+00 1.720907794912e+00 1.704699256640e+00 1.683555517994e+00 1.657600197109e+00 1.626994275217e+00 1.591939637568e+00 1.552681719494e+00 1.509510816377e+00 1.462761717933e+00 1.412811446304e+00 1.360075025512e+00 1.304999364747e+00 1.248055475383e+00 1.189729383208e+00 1.130512184108e+00 1.070889759098e+00 1.011332664486e+00 9.522867091206e-01 8.941646384052e-01 8.373392791901e-01 7.821383567345e-01 7.288411117787e-01 6.776766916998e-01 6.288242277984e-01 5.824143947552e-01 5.385322223344e-01 4.972208752603e-01 4.584861172202e-01 4.223011894062e-01 3.886118508552e-01 3.573413724134e-01 3.283953096466e-01 3.016659330427e-01 2.770362229400e-01 2.543833839022e-01
1.642047281898e-02 1.780489539058e-02 1.932720067631e-02 2.100369599089e-02 2.285277940074e-02 2.489519796181e-02 2.715433202375e-02 2.965650798890e-02 3.243133945105e-02 3.551209872767e-02 3.893611710398e-02 4.274521426238e-02 4.698615397496e-02 5.171112275405e-02 5.697822562284e-02 6.285199127442e-02 6.940387569928e-02 7.671274936402e-02 8.486534915911e-02 9.395667174553e-02 1.040902773186e-01 1.153784695422e-01 1.279423072006e-01 1.419113990659e-01 1.574234235224e-01 1.746233123485e-01 1.936620285596e-01 2.146948730235e-01 2.378792479587e-01 2.633718217003e-01 2.913250443891e-01 3.218829939177e-01 3.551765537502e-01 3.913179714856e-01 4.303948952267e-01 4.724640355968e-01 5.175446766332e-01 5.656123063080e-01 6.165927085736e-01 6.703568918586e-01 7.267172587071e-01 7.854254101486e-01 8.461719414866e-01 9.085884947649e-01 9.722522286213e-01 1.036692697259e+00 1.101400965970e+00 1.165840603412e+00 1.229460033041e+00 1.291705569978e+00 1.352034416875e+00 1.409926849891e+00 1.464896889184e+00 1.516500872232e+00 1.564343520715e+00 1.608081323404e+00 1.647423274019e+00 1.682129233060e+00 1.712006383021e+00 1.736904366621e+00 1.756709785926e+00 1.771340735616e+00 1.780742001792e+00 1.784881436512e+00 1.783747856163e+00 1.777350665082e+00 1.765721175194e+00 1.748915462483e+00 1.727018404861e+00 1.700148432608e+00 1.668462461145e+00 1.632160392751e+00 1.591488639931e+00 1.546742138284e+00 1.498264454822e+00 1.446445728374e+00 1.391718344374e+00 1.334550432776e+00 1.275437439287e+00 1.214892175110e+00 1.153433871140e+00 1.091576810082e+00 1.029819154453e+00 9.686325298305e-01 9.084528677072e-01 8.496728868884e-01 7.926364672884e-01 7.376350348533e-01 6.849059361657e-01 6.346326776511e-01 5.869468031083e-01 5.419311255637e-01 4.996240019257e-01 4.600243210408e-01 4.230969023533e-01 3.887780301819e-01 3.569808893591e-01 3.276007232398e-01 3.005195789262e-01 2.756105524280e-01 2.527414893766e-01
1.594728937426e-02 1.729968965537e-02 1.878805849237e-02 2.042864832156e-02 2.223981790532e-02 2.424229622661e-02 2.645947386395e-02 2.891772454443e-02 3.164675730071e-02 3.468000105277e-02 3.805502118960e-02 4.181396877145e-02 4.600405932685e-02 5.067807966997e-02 5.589491694967e-02 6.172010258718e-02 6.822636068784e-02 7.549414700621e-02 8.361215957435e-02 9.267779663055e-02 1.027975324306e-01 1.140871727445e-01 1.266719465542e-01 1.406863792938e-01 1.562738891098e-01 1.735860346259e-01 1.927813427803e-01 2.140236372269e-01 2.374797889310e-01 2.633168199698e-01 2.916982986798e-01 3.227799909219e-01 3.567047620174e-01 3.935967685463e-01 4.335550314038e-01 4.766465505433e-01 5.228991839104e-01 5.722946023803e-01 6.247616816132e-01 6.801707625877e-01 7.383292369743e-01 7.989789124349e-01 8.617955738713e-01 9.263910641125e-01 9.923180774949e-01 1.059077679127e+00 1.126129362929e+00 1.192903253643e+00 1.258813845809e+00 1.323274524599e+00 1.385712016206e+00 1.445579873843e+00 1.502370192285e+00 1.555622868794e+00 1.604931950404e+00 1.649948865334e+00 1.690382603550e+00 1.725997184933e+00 1.756606965363e+00 1.782070490245e+00 1.802283691213e+00 1.817173221030e+00 1.826690656878e+00 1.830808150279e+00 1.829515947498e+00 1.822821975489e+00 1.810753480636e+00 1.793360504241e+00 1.770720794892e+00 1.742945616129e+00 1.710185803722e+00 1.672637404716e+00 1.630546215402e+00 1.584210628362e+00 1.533982309372e+00 1.480264388713e+00 1.423507053934e+00 1.364200624374e+00 1.302866404203e+00 1.240045761332e+00 1.176288047054e+00 1.112138013847e+00 1.048123437533e+00 9.847435952577e-01 9.224591598675e-01 8.616839557845e-01 8.027788476960e-01 7.460478927369e-01 6.917367138716e-01 6.400329472619e-01 5.910684889744e-01 5.449232173974e-01 5.016298242405e-01 4.611793930927e-01 4.235273720960e-01 3.885996471323e-01 3.562984567750e-01 3.265079570835e-01 2.990992996949e-01 2.739351319003e-01 2.508734818515e-01
1.547774634723e-02 1.679777810417e-02 1.825173954653e-02 1.985580357676e-02 2.162826112489e-02 2.358978984642e-02 2.576375256177e-02 2.817652647326e-02 3.085786611229e-02 3.384130018410e-02 3.716456437525e-02 4.087006898355e-02 4.500540139802e-02 4.962386081222e-02 5.478502033965e-02 6.055531058586e-02 6.700861421165e-02 7.422685854424e-02 8.230058712230e-02 9.132948730339e-02 1.014228419927e-01 1.126998689214e-01 1.252898997131e-01 1.393323432030e-01 1.549763691711e-01 1.723802359342e-01 1.917101823901e-01 2.131387945861e-01 2.368427605728e-01 2.629999273572e-01 2.917855845821e-01 3.233679296856e-01 3.579026901666e-01 3.955269329385e-01 4.363521518282e-01 4.804567866333e-01 5.278784202059e-01 5.786059769452e-01 6.325723334175e-01 6.896478173730e-01 7.496351138222e-01 8.122661095987e-01 8.772011557204e-01 9.440311448307e-01 1.012282637016e+00 1.081426075991e+00 1.150886897500e+00 1.220059083686e+00 1.288320480659e+00 1.355049004472e+00 1.419638740499e+00 1.481514920030e+00 1.540146805452e+00 1.595057722829e+00 1.645831696993e+00 1.692116473261e+00 1.733623022610e+00 1.770121935749e+00 1.801437377523e+00 1.827439434916e+00 1.848035799452e+00 1.863163712805e+00 1.872783023415e+00 1.876871015754e+00 1.875419504740e+00 1.868434389129e+00 1.855937673138e+00 1.837971663837e+00 1.814604902958e+00 1.785939190258e+00 1.752116963053e+00 1.713328238604e+00 1.669816346883e+00 1.621881750917e+00 1.569883397540e+00 1.514237225712e+00 1.455411682540e+00 1.393920338957e+00 1.330311930973e+00 1.265158350845e+00 1.199041280685e+00 1.132538235748e+00 1.066208830975e+00 1.000582006865e+00 9.361448762273e-01 8.733336739808e-01 8.125271259614e-01 7.540423570143e-01 6.981333015604e-01 6.449914016580e-01 5.947482932291e-01 5.474800931790e-01 5.032128640003e-01 4.619288480896e-01 4.235730806056e-01 3.880600487082e-01 3.552801225598e-01 3.251055540078e-01 2.973958974198e-01 2.720027719429e-01 2.487739288093e-01
1.501221016860e-02 1.629956546633e-02 1.771868979067e-02 1.928565186978e-02 2.101864591368e-02 2.293826493397e-02 2.506780508359e-02 2.743360251093e-02 3.006540600321e-02 3.299678561224e-02 3.626558073166e-02 3.991438607174e-02 4.399107702253e-02 4.854937188728e-02 5.364942732355e-02 5.935846182053e-02 6.575139719120e-02 7.291150670874e-02 8.093105031667e-02 8.991187509265e-02 9.996594889063e-02 1.112157895548e-01 1.237947406003e-01 1.378470358618e-01 1.535275828295e-01 1.710013864274e-01 1.904425216042e-01 2.120325579030e-01 2.359583364242e-01 2.624089958240e-01 2.915721638340e-01 3.236292401589e-01 3.587497409949e-01 3.970847167861e-01 4.387593248747e-01 4.838647120483e-01 5.324494664770e-01 5.845109812874e-01 6.399871868659e-01 6.987491809066e-01 7.605953508379e-01 8.252475937221e-01 8.923502071691e-01 9.614719161062e-01 1.032111338303e+00 1.103705954349e+00 1.175644383005e+00 1.247281457314e+00 1.317955331626e+00 1.387005604767e+00 1.453791309396e+00 1.517707574784e+00 1.578199851701e+00 1.634774802683e+00 1.687007236600e+00 1.734542850491e+00 1.777096913194e+00 1.814449390182e+00 1.846437297111e+00 1.872945293799e+00 1.893895607736e+00 1.909238378217e+00 1.918943394900e+00 1.922994001646e+00 1.921383705711e+00 1.914115724301e+00 1.901205446145e+00 1.882685480717e+00 1.858612766769e+00 1.829077004444e+00 1.794209557899e+00 1.754191909192e+00 1.709262780778e+00 1.659723090863e+00 1.605938101670e+00 1.548336314097e+00 1.487404917669e+00 1.423681903102e+00 1.357745192416e+00 1.290199398010e+00 1.221660995878e+00 1.152742820093e+00 1.084038785049e+00 1.016109716580e+00 9.494710215430e-01 8.845827479784e-01 8.218423955451e-01 7.615805880450e-01 7.040595447764e-01 6.494740998935e-01 5.979549047979e-01 5.495733654121e-01 5.043478258345e-01 4.622505392138e-01 4.232149847808e-01 3.871431683700e-01 3.539126076560e-01 3.233827870991e-01 2.954009367331e-01 2.698070564345e-01 2.464381612109e-01
1.455104292558e-02 1.580545399059e-02 1.718935524387e-02 1.871868671174e-02 2.041151696438e-02 2.228832069907e-02 2.437228830606e-02 2.668966961655e-02 2.927015524531e-02 3.214729687273e-02 3.535896901436e-02 3.894787323235e-02 4.296208537301e-02 4.745564486198e-02 5.248918349667e-02 5.813058841573e-02 6.445569198090e-02 7.154897617173e-02 7.950427400714e-02 8.842544640492e-02 9.842700288143e-02 1.096346271284e-01 1.221855591763e-01 1.362287714347e-01 1.519248670985e-01 1.694456153268e-01 1.889730239922e-01 2.106978434532e-01 2.348173851795e-01 2.615325421299e-01 2.910439010963e-01 3.235468605656e-01 3.592256998901e-01 3.982465973109e-01 4.407496621450e-01 4.868401402532e-01 5.365790504151e-01 5.899736296568e-01 6.469680785816e-01 7.074352027574e-01 7.711696232425e-01 8.378832589143e-01 9.072037447920e-01 9.786763582838e-01 1.051769816337e+00 1.125886062361e+00 1.200373833512e+00 1.274545455588e+00 1.347695976666e+00 1.419123478979e+00 1.488149230347e+00 1.554136276051e+00 1.616505189427e+00 1.674745918883e+00 1.728425036258e+00 1.777188117083e+00 1.820757431802e+00 1.858925560452e+00 1.891545872947e+00 1.918521075869e+00 1.939791097263e+00 1.955321588614e+00 1.965094156816e+00 1.969099224313e+00 1.967332100374e+00 1.959792539815e+00 1.946487723666e+00 1.927438302006e+00 1.902686860947e+00 1.872307976370e+00 1.836418867756e+00 1.795189611084e+00 1.748851854368e+00 1.697705101244e+00 1.642119798927e+00 1.582536695489e+00 1.519462242990e+00 1.453460149057e+00 1.385139480672e+00 1.315140026911e+00 1.244115819286e+00 1.172717857591e+00 1.101577095614e+00 1.031288692779e+00 9.623983699903e-01 8.953914989043e-01 8.306853073225e-01 7.686243215120e-01 7.094789496593e-01 6.534468959885e-01 6.006569717464e-01 5.511747805396e-01 5.050097230742e-01 4.621227874262e-01 4.224346464452e-01 3.858336545315e-01 3.521834266389e-01 3.213297737454e-01 2.931068495468e-01 2.673424354520e-01 2.438623549228e-01
1.409460128901e-02 1.531584236781e-02 1.666418100301e-02 1.815540393329e-02 1.980742537001e-02 2.164056809109e-02 2.367787734134e-02 2.594547095017e-02 2.847292845223e-02 3.129372197543e-02 3.444569115510e-02 3.797156438894e-02 4.191952721284e-02 4.634383795429e-02 5.130548930165e-02 5.687291092515e-02 6.312270782573e-02 7.014042169976e-02 7.802130153197e-02 8.687105931090e-02 9.680658269174e-02 1.079565642266e-01 1.204619979314e-01 1.344764795160e-01 1.501662342179e-01 1.677097803869e-01 1.872971243419e-01 2.091283645264e-01 2.334115796055e-01 2.603598652431e-01 2.901873916193e-01 3.231043739794e-01 3.593108744116e-01 3.989894150145e-01 4.422964509699e-01 4.893528502474e-01 5.402336503472e-01 5.949574867710e-01 6.534762342266e-01 7.156655210687e-01 7.813168859843e-01 8.501323756901e-01 9.217223854522e-01 9.956074008360e-01 1.071224120440e+00 1.147936118063e+00 1.225048844928e+00 1.301828354167e+00 1.377522746572e+00 1.451384983573e+00 1.522695510935e+00 1.590783069182e+00 1.655042180060e+00 1.714946076977e+00 1.770054274978e+00 1.820014486705e+00 1.864559123773e+00 1.903497120928e+00 1.936702230596e+00 1.964099171180e+00 1.985649170200e+00 2.001336341596e+00 2.011156212737e+00 2.015107401460e+00 2.013187101233e+00 2.005390673669e+00 1.991715254708e+00 1.972166935712e+00 1.946770801937e+00 1.915582845163e+00 1.878702638971e+00 1.836285558175e+00 1.788553350024e+00 1.735801953783e+00 1.678405689641e+00 1.616817166747e+00 1.551562663682e+00 1.483233054610e+00 1.412470754106e+00 1.339953491879e+00 1.266375950612e+00 1.192430481289e+00 1.118788124742e+00 1.046081077734e+00 9.748875874365e-01 9.057199658776e-01 8.390161540462e-01 7.751349536519e-01 7.143547752251e-01 6.568755402505e-01 6.028232122856e-01 5.522563433354e-01 5.051740085797e-01 4.615245176180e-01 4.212143690357e-01 3.841170026922e-01 3.500810140962e-01 3.189375920943e-01 2.905070398301e-01 2.646043169160e-01 2.410436100634e-01
1.364323569161e-02 1.483112482181e-02 1.614360985609e-02 1.759630004982e-02 1.920692694166e-02 2.099562776930e-02 2.298526344707e-02 2.520177390059e-02 2.767457425445e-02 3.043699522048e-02 3.352677017822e-02 3.698657230738e-02 4.086460340052e-02 4.521523470998e-02 5.009970037714e-02 5.558683977700e-02 6.175388351782e-02 6.868727365167e-02 7.648350363451e-02 8.524995697142e-02 9.510571555090e-02 1.061822994727e-01 1.186242869649e-01 1.325897499577e-01 1.482504272879e-01 1.657915361953e-01 1.854111094008e-01 2.073187281077e-01 2.317335056143e-01 2.588811703221e-01 2.889900968270e-01 3.222861506390e-01 3.589862390488e-01 3.992905194059e-01 4.433732920636e-01 4.913727158288e-01 5.433796094983e-01 5.994257633953e-01 6.594723441631e-01 7.233991279416e-01 7.909954305762e-01 8.619536630462e-01 9.358664439219e-01 1.012228069959e+00 1.090440933655e+00 1.169827121753e+00 1.249645004463e+00 1.329110142672e+00 1.407419356311e+00 1.483776404984e+00 1.557417456991e+00 1.627634447099e+00 1.693794551069e+00 1.755354335998e+00 1.811867665307e+00 1.862987030354e+00 1.908458621640e+00 1.948112046186e+00 1.981846045951e+00 2.009611880655e+00 2.031396151367e+00 2.047204759044e+00 2.057049494521e+00 2.060938386221e+00 2.058870554887e+00 2.050835872489e+00 2.036819301678e+00 2.016809402306e+00 1.990810163585e+00 1.958855054341e+00 1.921022006138e+00 1.877447939976e+00 1.828341470922e+00 1.773992510601e+00 1.714777734038e+00 1.651161159029e+00 1.583689512971e+00 1.512982464086e+00 1.439718261445e+00 1.364615689431e+00 1.288413567527e+00 1.211849174565e+00 1.135637030329e+00 1.060449362173e+00 9.868993569540e-01 9.155279984081e-01 8.467949566174e-01 7.810736271932e-01 7.186501257700e-01 6.597257867488e-01 6.044225377014e-01 5.527904485770e-01 5.048167159772e-01 4.604354042160e-01 4.195373414357e-01 3.819796945380e-01 3.475948555854e-01 3.161984006007e-01 2.875959902433e-01 2.615891605521e-01 2.379800304778e-01
1.319728929339e-02 1.435168980728e-02 1.562808094864e-02 1.704187097580e-02 1.861058053791e-02 2.035412832010e-02 2.229515193428e-02 2.445936763136e-02 2.687597277720e-02 2.957809416668e-02 3.260328680014e-02 3.599408539672e-02 3.979861202647e-02 4.407124154418e-02 4.887332585713e-02 5.427397456185e-02 6.035088915125e-02 6.719124158952e-02 7.489258524107e-02 8.356377849853e-02 9.332589328392e-02 1.043130709382e-01 1.166732745987e-01 1.305688729529e-01 1.461769729853e-01 1.636893991692e-01 1.833121991514e-01 2.052645305469e-01 2.297767738245e-01 2.570876948660e-01 2.874404827900e-01 3.210774981312e-01 3.582335937367e-01 3.991279250061e-01 4.439542512272e-01 4.928698419058e-01 5.459832536964e-01 6.033414133843e-01 6.649166410815e-01 7.305944273831e-01 8.001629415106e-01 8.733053499756e-01 9.495960278551e-01 1.028501638222e+00 1.109387800726e+00 1.191531682303e+00 1.274140345403e+00 1.356374106953e+00 1.437373606706e+00 1.516288773851e+00 1.592307577325e+00 1.664682316289e+00 1.732751377184e+00 1.795954770203e+00 1.853842374567e+00 1.906074537660e+00 1.952415443028e+00 1.992720330925e+00 2.026918210425e+00 2.054992031992e+00 2.076958378756e+00 2.092848672328e+00 2.102693561465e+00 2.106511803334e+00 2.104304433332e+00 2.096054537301e+00 2.081732456984e+00 2.061305820279e+00 2.034753433294e+00 2.002081765540e+00 1.963342563865e+00 1.918650029094e+00 1.868195960248e+00 1.812261428834e+00 1.751223726879e+00 1.685557750814e+00 1.615831371234e+00 1.542694897738e+00 1.466865224534e+00 1.389105720867e+00 1.310203274486e+00 1.230944106553e+00 1.152090010885e+00 1.074356555040e+00 9.983945004152e-01 9.247753547194e-01 8.539815464153e-01 7.864013164909e-01 7.223280496539e-01 6.619635016104e-01 6.054241763055e-01 5.527500213316e-01 5.039146088913e-01 4.588360216848e-01 4.173877890744e-01 3.794093443166e-01 3.447156220328e-01 3.131055593785e-01 2.843693696569e-01 2.582945689770e-01 2.346707997225e-01
1.275709699989e-02 1.387791881553e-02 1.511802848231e-02 1.649261006724e-02 1.801894599390e-02 1.971670384314e-02 2.160825947232e-02 2.371906017707e-02 2.607803219794e-02 2.871803626150e-02 3.167637632815e-02 3.499536404554e-02 3.872294443365e-02 4.291338410304e-02 4.762802471065e-02 5.293610167072e-02 5.891562467185e-02 6.565431530166e-02 7.325058921462e-02 8.181456673874e-02 9.146908458080e-02 1.023506743505e-01 1.146104551443e-01 1.284148769827e-01 1.439462297884e-01 1.614028112559e-01 1.809986242374e-01 2.029624518179e-01 2.275361319725e-01 2.549718384517e-01 2.855281657903e-01 3.194648176731e-01 3.570357257513e-01 3.984804775921e-01 4.440140186428e-01 4.938147128638e-01 5.480110204423e-01 6.066672379062e-01 6.697689788271e-01 7.372092959306e-01 8.087765452080e-01 8.841452333871e-01 9.628711254716e-01 1.044391772194e+00 1.128033367597e+00 1.213024379960e+00 1.298515840595e+00 1.383607472485e+00 1.467378177854e+00 1.548918790849e+00 1.627364610665e+00 1.701925087163e+00 1.771908200665e+00 1.836737579447e+00 1.895961086246e+00 1.949250511601e+00 1.996392897877e+00 2.037274820612e+00 2.071861590892e+00 2.100173692745e+00 2.122262896429e+00 2.138190310397e+00 2.148008314330e+00 2.151747807235e+00 2.149411649178e+00 2.140974611384e+00 2.126389601289e+00 2.105599446217e+00 2.078553129180e+00 2.045225043941e+00 2.005635608721e+00 1.959871456837e+00 1.908103394180e+00 1.850600440907e+00 1.787738529336e+00 1.720002820059e+00 1.647983117798e+00 1.572362471025e+00 1.493899621263e+00 1.413406525316e+00 1.331722588683e+00 1.249687498389e+00 1.168114564495e+00 1.087766360670e+00 1.009334102715e+00 9.334217911488e-01 8.605356474551e-01 7.910789116094e-01 7.253516320306e-01 6.635547806672e-01 6.057978075628e-01 5.521086644767e-01 5.024453362338e-01 4.567080069038e-01 4.147511327032e-01 3.763948469705e-01 3.414353092810e-01 3.096537554318e-01 2.808241403070e-01 2.547193789284e-01 2.311162558525e-01
1.232298440478e-02 1.341018526288e-02 1.461388010703e-02 1.594900655340e-02 1.743258215119e-02 1.908399164232e-02 2.092531140917e-02 2.298167520219e-02 2.528168543126e-02 2.785787487427e-02 3.074722354972e-02 3.399173560151e-02 3.763908027188e-02 4.174330192091e-02 4.636560118757e-02 5.157518961253e-02 5.745021620825e-02 6.407876243913e-02 7.155989643601e-02 8.000477136953e-02 8.953774382252e-02 1.002974786885e-01 1.124379911111e-01 1.261295611907e-01 1.415594340732e-01 1.589321980712e-01 1.784697020858e-01 2.004103500189e-01 2.250075767111e-01 2.525272929200e-01 2.832440607176e-01 3.174357683365e-01 3.553765851365e-01 3.973280317529e-01 4.435280821515e-01 4.941783510961e-01 5.494295966063e-01 6.093659964614e-01 6.739889131252e-01 7.432011373970e-01 8.167928495082e-01 8.944307271822e-01 9.756516894869e-01 1.059862685174e+00 1.146347635693e+00 1.234282152614e+00 1.322755956733e+00 1.410802134259e+00 1.497431533876e+00 1.581669883551e+00 1.662594704474e+00 1.739368928422e+00 1.811268314885e+00 1.877700356457e+00 1.938213216467e+00 1.992494300071e+00 2.040359131426e+00 2.081732173115e+00 2.116621916364e+00 2.145093013277e+00 2.167238267782e+00 2.183153128381e+00 2.192914859410e+00 2.196567997049e+00 2.194117037110e+00 2.185526641607e+00 2.170729056386e+00 2.149637911541e+00 2.122167114795e+00 2.088253249539e+00 2.047879586661e+00 2.001099708384e+00 1.948058681667e+00 1.889009836685e+00 1.824325491333e+00 1.754500374535e+00 1.680147131914e+00 1.601983949209e+00 1.520815068271e+00 1.437505589736e+00 1.352952489208e+00 1.268054020132e+00 1.183679763946e+00 1.100643365080e+00 1.019679634579e+00 9.414271525296e-01 8.664169529700e-01 7.950673027983e-01 7.276841003676e-01 6.644660696917e-01 6.055137035439e-01 5.508408149543e-01 5.003876001719e-01 4.540342280333e-01 4.116141523726e-01 3.729265352437e-01 3.377473780849e-01 3.058391253515e-01 2.769586641699e-01 2.508637485366e-01 2.273179614643e-01
1.189526674611e-02 1.294885305368e-02 1.411605543779e-02 1.541154365071e-02 1.685204465298e-02 1.845662959188e-02 2.024703872520e-02 2.224804851703e-02 2.448788589803e-02 2.699869438314e-02 2.981705815595e-02 3.298458887473e-02 3.654858129675e-02 4.056274215168e-02 4.508799780450e-02 5.019338265230e-02 5.595701005306e-02 6.246712369591e-02 6.982322295941e-02 7.813724952042e-02 8.753481466016e-02 9.815643514749e-02 1.101587309918e-01 1.237155224927e-01 1.390187381647e-01 1.562790235342e-01 1.757259075708e-01 1.976073502785e-01 2.221884656315e-01 2.497491760991e-01 2.805805341610e-01 3.149794370302e-01 3.532414672788e-01 3.956516385701e-01 4.424729129365e-01 4.939324897930e-01 5.502060673165e-01 6.114005247957e-01 6.775357867037e-01 7.485269369453e-01 8.241679837898e-01 9.041189020245e-01 9.878977133236e-01 1.074879285776e+00 1.164302230795e+00 1.255284725069e+00 1.346849269780e+00 1.437955478771e+00 1.527538948766e+00 1.614553418965e+00 1.698012773645e+00 1.777029225816e+00 1.850844255068e+00 1.918849556188e+00 1.980596318318e+00 2.035792410731e+00 2.084288337996e+00 2.126053964857e+00 2.161148815910e+00 2.189689209601e+00 2.211815553887e+00 2.227662798425e+00 2.237336537650e+00 2.240896517024e+00 2.238348543486e+00 2.229645057844e+00 2.214693959220e+00 2.193374690576e+00 2.165560162620e+00 2.131142679923e+00 2.090061802930e+00 2.042331867331e+00 1.988066827719e+00 1.927500196273e+00 1.860998115193e+00 1.789064104065e+00 1.712334693826e+00 1.631565962680e+00 1.547611833703e+00 1.461395761375e+00 1.373878030191e+00 1.286021235344e+00 1.198756560030e+00 1.112953231983e+00 1.029393076987e+00 9.487514583653e-01 8.715852024153e-01 7.983274654008e-01 7.292889264152e-01 6.646642938879e-01 6.045428798968e-01 5.489219134481e-01 4.977213341701e-01 4.507989630637e-01 4.079651614363e-01 3.689963402806e-01 3.336468989314e-01 3.016593814845e-01 2.727728074956e-01 2.467292423355e-01 2.232787689882e-01
1.147424792319e-02 1.249427534314e-02 1.362496441934e-02 1.488069661506e-02 1.627788363430e-02 1.783525341735e-02 1.957417467427e-02 2.151902429049e-02 2.369760312169e-02 2.614160544585e-02 2.888714846670e-02 3.197536754350e-02 3.545308391558e-02 3.937355127009e-02 4.379728688725e-02 4.879299179122e-02 5.443856419388e-02 6.082220495464e-02 6.804361318584e-02 7.621526079354e-02 8.546372964559e-02 9.593108180858e-02 1.077762201826e-01 1.211761764951e-01 1.363272439766e-01 1.534458376920e-01 1.727689382100e-01 1.945539320820e-01 2.190776252359e-01 2.466341629527e-01 2.775315594474e-01 3.120865150824e-01 3.506172037978e-01 3.934337456282e-01 4.408261624822e-01 4.930497589501e-01 5.503080776385e-01 6.127338632845e-01 6.803688181523e-01 7.531433160648e-01 8.308576260303e-01 9.131665165664e-01 9.995693007795e-01 1.089407336239e+00 1.181870695439e+00 1.276015084451e+00 1.370789168636e+00 1.465071335322e+00 1.557713703501e+00 1.647590120639e+00 1.733644089011e+00 1.814932275817e+00 1.890659536711e+00 1.960202212058e+00 2.023117721947e+00 2.079140043945e+00 2.128162173209e+00 2.170208004804e+00 2.205397037766e+00 2.233905743119e+00 2.255929477925e+00 2.271648404537e+00 2.281200189045e+00 2.284661402072e+00 2.282038664838e+00 2.273269724678e+00 2.258233916184e+00 2.236770868342e+00 2.208705818586e+00 2.173879523223e+00 2.132180446191e+00 2.083576683843e+00 2.028145007720e+00 1.966094428592e+00 1.897782013025e+00 1.823719197760e+00 1.744567619244e+00 1.661124421972e+00 1.574298019435e+00 1.485076179155e+00 1.394489045095e+00 1.303570096586e+00 1.213318112169e+00 1.124662908311e+00 1.038437051008e+00 9.553549926230e-01 8.760002600267e-01 8.008205487735e-01 7.301299389774e-01 6.641169951775e-01 6.028572573280e-01 5.463285823090e-01 4.944278915629e-01 4.469880891252e-01 4.037941864574e-01 3.645979565201e-01 3.291306981724e-01 2.971139357986e-01 2.682680416716e-01 2.423189096663e-01 2.190028800145e-01
1.106021933698e-02 1.204679330414e-02 1.314100584476e-02 1.435693080146e-02 1.571064124729e-02 1.722049378355e-02 1.890745151238e-02 2.079545092736e-02 2.291181788707e-02 2.528773916902e-02 2.795879522966e-02 3.096556251417e-02 3.435429103602e-02 3.817766610380e-02 4.249566046724e-02 4.737648415730e-02 5.289763676215e-02 5.914706576057e-02 6.622442928309e-02 7.424245849730e-02 8.332840377394e-02 9.362554258790e-02 1.052947064140e-01 1.185157718524e-01 1.334890289245e-01 1.504363170870e-01 1.696017742222e-01 1.912520093180e-01 2.156754554451e-01 2.431806168232e-01 2.740928737788e-01 3.087494786370e-01 3.474923652450e-01 3.906584119838e-01 4.385668795092e-01 4.915038879686e-01 5.497040111270e-01 6.133293961551e-01 6.824471983519e-01 7.570065841976e-01 8.368170293577e-01 9.215300438338e-01 1.010626732237e+00 1.103413612116e+00 1.199028806407e+00 1.296460020405e+00 1.394574657749e+00 1.492161071597e+00 1.587978477827e+00 1.680811726279e+00 1.769526145060e+00 1.853117285339e+00 1.930750705852e+00 2.001787956733e+00 2.065796464737e+00 2.122542895599e+00 2.171971418144e+00 2.214169870317e+00 2.249327908558e+00 2.277691726402e+00 2.299519838524e+00 2.315043905335e+00 2.324437689535e+00 2.327796221680e+00 2.325126217457e+00 2.316347827882e+00 2.301307024560e+00 2.279797270731e+00 2.251588644980e+00 2.216462201307e+00 2.174247005617e+00 2.124857045016e+00 2.068325041523e+00 2.004830198940e+00 1.934717224941e+00 1.858504500782e+00 1.776880193405e+00 1.690686190297e+00 1.600890935718e+00 1.508553360927e+00 1.414780955441e+00 1.320685515296e+00 1.227340161624e+00 1.135740856260e+00 1.046774952778e+00 9.611983914965e-01 8.796221926280e-01 8.025079667970e-01 7.301714412180e-01 6.627924814228e-01 6.004298388068e-01 5.430388225858e-01 4.904902468100e-01 4.425892815304e-01 3.990931557893e-01 3.597270110817e-01 3.241975045417e-01 2.922040202213e-01 2.634475403406e-01 2.376373583906e-01 2.144958969956e-01
1.065345895303e-02 1.160673473426e-02 1.266456556147e-02 1.384069961435e-02 1.515084935702e-02 1.661297331936e-02 1.824759676724e-02 2.007817673309e-02 2.213151730299e-02 2.443824108046e-02 2.703332446634e-02 2.995670411862e-02 3.325396273116e-02 3.697710306015e-02 4.118541867247e-02 4.594646981049e-02 5.133717237504e-02 5.744500499872e-02 6.436933717935e-02 7.222287639396e-02 8.113322366746e-02 9.124451849860e-02 1.027191379328e-01 1.157393956389e-01 1.305091629794e-01 1.472552972366e-01 1.662287287103e-01 1.877050032035e-01 2.119840297095e-01 2.393887176072e-01 2.702621356967e-01 3.049627755000e-01 3.438574697953e-01 3.873115317743e-01 4.356757391094e-01 4.892699258255e-01 5.483631830817e-01 6.131510083029e-01 6.837301960205e-01 7.600727958429e-01 8.420010424076e-01 9.291656842605e-01 1.021030525304e+00 1.116866075532e+00 1.215754933888e+00 1.316610736579e+00 1.418211291237e+00 1.519244886561e+00 1.618366999779e+00 1.714262956261e+00 1.805710880936e+00 1.891638753990e+00 1.971169771051e+00 2.043651417628e+00 2.108665577791e+00 2.166019289283e+00 2.215717957126e+00 2.257924745628e+00 2.292911070793e+00 2.321003631044e+00 2.342533232813e+00 2.357789919788e+00 2.366987848494e+00 2.370242110493e+00 2.367558504676e+00 2.358836194596e+00 2.343882326839e+00 2.322437061136e+00 2.294206938919e+00 2.258904190303e+00 2.216289181806e+00 2.166212932369e+00 2.108656354404e+00 2.043762836667e+00 1.971860999436e+00 1.893475088153e+00 1.809321480544e+00 1.720291071189e+00 1.627418744016e+00 1.531842487690e+00 1.434755721836e+00 1.337357021155e+00 1.240801455382e+00 1.146157307575e+00 1.054371103804e+00 9.662427390455e-01 8.824113516252e-01 8.033514985568e-01 7.293783409009e-01 6.606599897254e-01 5.972349007587e-01 5.390322207947e-01 4.858932123584e-01 4.375922249952e-01 3.938560932974e-01 3.543812367558e-01 3.188480940113e-01 2.869328059709e-01 2.583162699206e-01 2.326908203024e-01 2.097648664828e-01
1.025423029530e-02 1.117441282811e-02 1.219601501199e-02 1.333244257920e-02 1.459902697059e-02 1.601330362933e-02 1.759532953936e-02 1.936804553342e-02 2.135768910052e-02 2.359426480334e-02 2.611207986567e-02 2.895035296707e-02 3.215390570981e-02 3.577394636487e-02 3.986895589264e-02 4.450568702453e-02 4.976028565897e-02 5.571954350899e-02 6.248228789410e-02 7.016091051098e-02 7.888303002966e-02 8.879327443059e-02 1.000551530024e-01 1.128529720406e-01 1.273937168619e-01 1.439087953958e-01 1.626554887200e-01 1.839179074695e-01 2.080071862873e-01 2.352605837449e-01 2.660390817556e-01 3.007230134371e-01 3.397052012985e-01 3.833810759209e-01 4.321352917739e-01 4.863244848814e-01 5.462560596404e-01 6.121632585319e-01 6.841772766882e-01 7.622978119838e-01 8.463641258683e-01 9.360293783638e-01 1.030741495417e+00 1.129734060799e+00 1.232030443909e+00 1.336463568368e+00 1.441712275059e+00 1.546353340654e+00 1.648926011130e+00 1.748003876397e+00 1.842267346023e+00 1.930569329712e+00 2.011987132355e+00 2.085855093066e+00 2.151774826668e+00 2.209602734845e+00 2.259417140409e+00 2.301469631570e+00 2.336126589587e+00 2.363807356820e+00 2.384925163426e+00 2.399835936320e+00 2.408798755985e+00 2.411950281279e+00 2.409294016257e+00 2.400704161659e+00 2.385942846150e+00 2.364688923185e+00 2.336576052996e+00 2.301237466538e+00 2.258354422812e+00 2.207705010302e+00 2.149209572236e+00 2.082968853258e+00 2.009291153051e+00 1.928705381455e+00 1.841958104264e+00 1.749994192622e+00 1.653922412363e+00 1.554968928701e+00 1.454422965257e+00 1.353579534885e+00 1.253684241642e+00 1.155884555517e+00 1.061190914561e+00 9.704496690073e-01 8.843284646909e-01 8.033133967267e-01 7.277162941895e-01 6.576898664213e-01 5.932482007006e-01 5.342901771452e-01 4.806236679321e-01 4.319888330829e-01 3.880793203103e-01 3.485606462784e-01 3.130854358076e-01 2.813055160715e-01 2.528810716892e-01 2.274872061565e-01 2.048183117077e-01
9.862781386823e-03 1.075012495396e-02 1.173570957776e-02 1.283258331991e-02 1.405567772855e-02 1.542208207751e-02 1.695135686833e-02 1.866589202504e-02 2.059131637537e-02 2.275696534393e-02 2.519641482794e-02 2.794809053280e-02 3.105596239429e-02 3.457033509244e-02 3.854874640406e-02 4.305698540186e-02 4.817024250595e-02 5.397440324792e-02 6.056749551882e-02 6.806129565543e-02 7.658309498561e-02 8.627761679190e-02 9.730906324826e-02 1.098632498883e-01 1.241497606394e-01 1.404040218923e-01 1.588891461229e-01 1.798973413345e-01 2.037506106559e-01 2.308003892939e-01 2.614256782785e-01 2.960291508307e-01 3.350306353954e-01 3.788573427250e-01 4.279302303858e-01 4.826460031029e-01 5.433544968781e-01 6.103315746450e-01 6.837482373942e-01 7.636373693065e-01 8.498603747747e-01 9.420768122854e-01 1.039720818312e+00 1.141988486293e+00 1.247840171859e+00 1.356020822987e+00 1.465099776581e+00 1.573529194327e+00 1.679717641258e+00 1.782112747853e+00 1.879284932301e+00 1.970003273562e+00 2.053295118171e+00 2.128482827025e+00 2.195194011433e+00 2.253345006126e+00 2.303100642050e+00 2.344816017471e+00 2.378967519945e+00 2.406080776092e+00 2.426662647868e+00 2.441143052294e+00 2.449830708981e+00 2.452885160615e+00 2.450305771792e+00 2.441937132134e+00 2.427489332221e+00 2.406570980004e+00 2.378732466765e+00 2.343516709850e+00 2.300514236989e+00 2.249419014698e+00 2.190080898611e+00 2.122550231988e+00 2.047110165998e+00 1.964292932130e+00 1.874877629113e+00 1.779868912074e+00 1.680458088957e+00 1.577970088138e+00 1.473801320071e+00 1.369354291040e+00 1.265974857362e+00 1.164897299923e+00 1.067201078744e+00 9.737814864591e-01 8.853347363321e-01 8.023565088975e-01 7.251518648401e-01 6.538537661568e-01 5.884472099588e-01 5.287961521409e-01 4.746708084484e-01 4.257734816297e-01 3.817616632983e-01 3.422677075180e-01 3.069148307044e-01 2.753295295361e-01 2.471507357508e-01 2.220361512127e-01 1.996662541121e-01
9.479344012247e-03 1.033415137971e-02 1.128398704508e-02 1.234152755732e-02 1.352128754117e-02 1.483988895317e-02 1.631636974246e-02 1.797253703087e-02 1.983337175339e-02 2.192749215389e-02 2.428768426025e-02 2.695150937488e-02 2.996199904530e-02 3.336844935902e-02 3.722732790988e-02 4.160330712607e-02 4.657043872227e-02 5.221348372624e-02 5.862941142666e-02 6.592907834002e-02 7.423909312258e-02 8.370386580122e-02 9.448782649696e-02 1.067777818952e-01 1.207853499498e-01 1.367493797524e-01 1.549382139991e-01 1.756515908984e-01 1.992219071075e-01 2.260144700830e-01 2.564262694281e-01 2.908826868006e-01 3.298314698652e-01 3.737332252145e-01 4.230476786682e-01 4.782150366310e-01 5.396320108033e-01 6.076224786470e-01 6.824033636020e-01 7.640471632557e-01 8.524435369811e-01 9.472634249640e-01 1.047930096883e+00 1.153602096061e+00 1.263172971716e+00 1.375291785331e+00 1.488406501960e+00 1.600829637339e+00 1.710822297738e+00 1.816689521878e+00 1.916877326596e+00 2.010060697178e+00 2.095212309929e+00 2.171644045500e+00 2.239016994598e+00 2.297319886177e+00 2.346819927374e+00 2.387993138885e+00 2.421443047996e+00 2.447816874621e+00 2.467727455355e+00 2.481687396670e+00 2.490059869504e+00 2.493028316013e+00 2.490585518838e+00 2.482541019461e+00 2.468544932767e+00 2.448125665038e+00 2.420738837344e+00 2.385824510081e+00 2.342869522415e+00 2.291471142113e+00 2.231397506622e+00 2.162639704811e+00 2.085450214436e+00 2.000363082907e+00 1.908192712488e+00 1.810010359537e+00 1.707100000876e+00 1.600897644741e+00 1.492920068936e+00 1.384689955246e+00 1.277664426963e+00 1.173173055775e+00 1.072369798919e+00 9.762013029999e-01 8.853919693475e-01 8.004444208095e-01 7.216527073344e-01 6.491248767573e-01 5.828113669405e-01 5.225359337107e-01 4.680264066013e-01 4.189432528855e-01 3.749046654026e-01 3.355075179281e-01 3.003440464243e-01 2.690144783221e-01 2.411360608652e-01 2.163490455787e-01 1.943202197779e-01
9.104132677221e-03 9.926754263081e-03 1.084116615323e-02 1.185966130324e-02 1.299632207515e-02 1.426728418917e-02 1.569103941969e-02 1.728878285904e-02 1.908481150944e-02 2.110698195436e-02 2.338723568715e-02 2.596220256590e-02 2.887389347463e-02 3.217049562304e-02 3.590728420555e-02 4.014766679982e-02 4.496437705550e-02 5.044083544422e-02 5.667269449088e-02 6.376958359082e-02 7.185706712575e-02 8.107881931680e-02 9.159901209479e-02 1.036048924764e-01 1.173095012192e-01 1.329544510765e-01 1.508126299799e-01 1.711906350298e-01 1.944306543144e-01 2.209114181106e-01 2.510477152111e-01 2.852878475491e-01 3.241082604650e-01 3.680044884694e-01 4.174774990797e-01 4.730145757939e-01 5.350640789966e-01 6.040038398760e-01 6.801036125832e-01 7.634829488937e-01 8.540670459173e-01 9.515444147157e-01 1.055331441687e+00 1.164549748243e+00 1.278022377750e+00 1.394293928720e+00 1.511677616813e+00 1.628329016146e+00 1.742342220719e+00 1.851860137644e+00 1.955187391988e+00 2.050892791188e+00 2.137888875489e+00 2.215478966856e+00 2.283366626909e+00 2.341627754404e+00 2.390650511932e+00 2.431051982964e+00 2.463582372287e+00 2.489027645728e+00 2.508120145636e+00 2.521464415060e+00 2.529482863056e+00 2.532383392464e+00 2.530149007139e+00 2.522547831861e+00 2.509161043385e+00 2.489425803964e+00 2.462690279453e+00 2.428277820865e+00 2.385557161889e+00 2.334014740277e+00 2.273324220410e+00 2.203407293915e+00 2.124479412139e+00 2.037074727183e+00 1.942046237991e+00 1.840539826131e+00 1.733944021229e+00 1.623820311094e+00 1.511821143731e+00 1.399603981440e+00 1.288749719301e+00 1.180692647154e+00 1.076667061998e+00 9.776732048642e-01 8.844627016309e-01 7.975416195682e-01 7.171877747832e-01 6.434781707506e-01 5.763223589550e-01 5.154979300854e-01 4.606850939323e-01 4.114981869679e-01 3.675128014362e-01 3.282879756557e-01 2.933834432066e-01 2.623723306734e-01 2.348499020311e-01 2.104390511309e-01 1.887932330643e-01
8.737343961103e-03 9.528176481069e-03 1.040754523679e-02 1.138734895610e-02 1.248122449418e-02 1.370480450792e-02 1.507601363653e-02 1.661540865874e-02 1.834656995961e-02 2.029655179520e-02 2.249640083419e-02 2.498175307658e-02 2.779352200233e-02 3.097869119868e-02 3.459122705021e-02 3.869312994766e-02 4.335564155668e-02 4.866063082718e-02 5.470217791883e-02 6.158837869323e-02 6.944338721188e-02 7.840971011574e-02 8.865075706370e-02 1.003536351852e-01 1.137321537022e-01 1.290299675642e-01 1.465237427423e-01 1.665261544595e-01 1.893884464991e-01 2.155021613246e-01 2.452995192292e-01 2.792517676212e-01 3.178646574351e-01 3.616700587253e-01 4.112126216902e-01 4.670303956244e-01 5.296284776479e-01 5.994451703772e-01 6.768108319551e-01 7.619006638671e-01 8.546840609165e-01 9.548747572602e-01 1.061887568647e+00 1.174808754626e+00 1.292387403419e+00 1.413054391350e+00 1.534973102043e+00 1.656122203403e+00 1.774405889002e+00 1.887781866437e+00 1.994393239014e+00 2.092688328219e+00 2.181513183916e+00 2.260165054749e+00 2.328400848829e+00 2.386401236210e+00 2.434697197952e+00 2.474070237459e+00 2.505439522432e+00 2.529748954999e+00 2.547865143560e+00 2.560494271188e+00 2.568122587001e+00 2.570982356679e+00 2.569042650570e+00 2.562022708865e+00 2.549424668789e+00 2.530582245784e+00 2.504722235198e+00 2.471036040531e+00 2.428758278921e+00 2.377248662334e+00 2.316071858209e+00 2.245068485248e+00 2.164409602978e+00 2.074627509602e+00 1.976617714094e+00 1.871610214556e+00 1.761112101991e+00 1.646827241262e+00 1.530561601157e+00 1.414124283450e+00 1.299234194668e+00 1.187440817592e+00 1.080064976335e+00 9.781624593380e-01 8.825103807885e-01 7.936136870530e-01 7.117275600984e-01 6.368906910225e-01 5.689644358149e-01 5.076734843109e-01 4.526446592400e-01 4.034415468359e-01 3.595936944241e-01 3.206199425631e-01 2.860460874519e-01 2.554174581615e-01 2.283071988376e-01 2.043210997221e-01 1.830997910664e-01
8.379155779887e-03 9.138640777231e-03 9.983400849370e-03 1.092493167529e-02 1.197641321066e-02 1.315296063194e-02 1.447191303103e-02 1.595316578997e-02 1.761955355937e-02 1.949729181039e-02 2.161648660898e-02 2.401172319356e-02 2.672274654595e-02 2.979524835923e-02 3.328177700336e-02 3.724279020134e-02 4.174787128134e-02 4.687713299364e-02 5.272283355370e-02 5.939123171431e-02 6.700470542959e-02 7.570415604026e-02 8.565171298021e-02 9.703373916635e-02 1.100641179505e-01 1.249877675659e-01 1.420842811031e-01 1.616715223173e-01 1.841089125986e-01 2.098000238865e-01 2.391939394002e-01 2.727846604226e-01 3.111076402149e-01 3.547323207234e-01 4.042493940325e-01 4.602514340639e-01 5.233056617290e-01 5.939179617506e-01 6.724880179667e-01 7.592565842753e-01 8.542475302613e-01 9.572092305097e-01 1.067561919157e+00 1.184359301053e+00 1.306273509819e+00 1.431611788072e+00 1.558370663441e+00 1.684328783328e+00 1.807173522915e+00 1.924650013402e+00 2.034715836731e+00 2.135681817494e+00 2.226320088035e+00 2.305925069330e+00 2.374320267436e+00 2.431812227553e+00 2.479100585780e+00 2.517158438820e+00 2.547099369319e+00 2.570046637944e+00 2.587017121338e+00 2.598828666018e+00 2.606035562235e+00 2.608893409058e+00 2.607351975764e+00 2.601072846991e+00 2.589467746047e+00 2.571753510463e+00 2.547020395666e+00 2.514311173529e+00 2.472708601148e+00 2.421427767454e+00 2.359907723423e+00 2.287894497354e+00 2.205506154881e+00 2.113270861067e+00 2.012131304421e+00 1.903412869603e+00 1.788757806783e+00 1.670032284242e+00 1.549216689673e+00 1.428291306586e+00 1.309129296093e+00 1.193406976622e+00 1.082538184830e+00 9.776357613649e-01 8.794995660029e-01 7.886275289838e-01 7.052443720292e-01 6.293418708562e-01 5.607247522447e-01 4.990572184220e-01 4.439063627747e-01 3.947800855506e-01 3.511583275017e-01 3.125174003479e-01 2.783478497326e-01 2.481666865542e-01 2.215249858216e-01 1.980118720111e-01 1.772558215390e-01
8.029726778188e-03 8.758348776535e-03 9.568986606013e-03 1.047272571526e-02 1.148227980025e-02 1.261223441596e-02 1.387932761703e-02 1.530277345603e-02 1.690463547151e-02 1.871025823724e-02 2.074876654389e-02 2.305364358697e-02 2.566340132336e-02 2.862235843816e-02 3.198154382098e-02 3.579974588299e-02 4.014473180097e-02 4.509466243891e-02 5.073973244038e-02 5.718406660564e-02 6.454790429617e-02 7.297010271148e-02 8.261098446963e-02 9.365554430135e-02 1.063170116530e-01 1.208407343788e-01 1.375083039980e-01 1.566417721576e-01 1.786077143910e-01 2.038207648724e-01 2.327460795493e-01 2.658999747072e-01 3.038477466561e-01 3.471974213304e-01 3.965879496784e-01 4.526702075124e-01 5.160791874862e-01 5.873960734402e-01 6.670996204632e-01 7.555075194121e-01 8.527102749175e-01 9.585024608230e-01 1.072318816395e+00 1.193184954254e+00 1.319693795736e+00 1.450018442070e+00 1.581969352115e+00 1.713098289853e+00 1.840844001758e+00 1.962706356689e+00 2.076428633186e+00 2.180163792188e+00 2.272601357859e+00 2.353037179965e+00 2.421377645191e+00 2.478080648197e+00 2.524045182163e+00 2.560467656223e+00 2.588685161616e+00 2.610024183210e+00 2.625669072672e+00 2.636559499454e+00 2.643321278907e+00 2.646231053767e+00 2.645212386950e+00 2.639858864932e+00 2.629478994998e+00 2.613158036935e+00 2.589833273934e+00 2.558380694728e+00 2.517711580666e+00 2.466876199976e+00 2.405168883394e+00 2.332225292605e+00 2.248100359731e+00 2.153315432486e+00 2.048865965838e+00 1.936186187839e+00 1.817073272952e+00 1.693579308483e+00 1.567883684333e+00 1.442160602964e+00 1.318456056786e+00 1.198586125890e+00 1.084064380445e+00 9.760615472590e-01 8.753961789002e-01 7.825516426434e-01 6.977126543579e-01 6.208138985438e-01 5.515937521367e-01 4.896474015971e-01 4.344752684416e-01 3.855243207722e-01 3.422212523363e-01 3.039975897508e-01 2.703074855819e-01 2.406393226016e-01 2.145223787215e-01 1.915297543153e-01 1.712786194543e-01
7.689195819725e-03 8.387480387851e-03 9.164532198302e-03 1.003102104765e-02 1.099918706150e-02 1.208307649920e-02 1.329881355351e-02 1.466491444181e-02 1.620265016884e-02 1.793646675330e-02 1.989447234427e-02 2.210900287460e-02 2.461727968282e-02 2.746217540467e-02 3.069310673154e-02 3.436707578700e-02 3.854988625903e-02 4.331756232707e-02 4.875800410454e-02 5.497291522604e-02 6.208004158611e-02 7.021576077676e-02 7.953805886062e-02 9.022992538684e-02 1.025031798572e-01 1.166027192790e-01 1.328111300763e-01 1.514535440253e-01 1.729025189746e-01 1.975825901656e-01 2.259739567913e-01 2.586145302371e-01 2.960992903428e-01 3.390755732306e-01 3.882325947159e-01 4.442832557608e-01 5.079361841881e-01 5.798561788787e-01 6.606119100183e-01 7.506110507858e-01 8.500251050323e-01 9.587089858650e-01 1.076123656948e+00 1.201273281532e+00 1.332670455643e+00 1.468343151985e+00 1.605894081862e+00 1.742616799159e+00 1.875663616181e+00 2.002249869184e+00 2.119869773718e+00 2.226493886088e+00 2.320718904465e+00 2.401847744826e+00 2.469889845647e+00 2.525485434658e+00 2.569769561295e+00 2.604199122930e+00 2.630368011017e+00 2.649832439006e+00 2.663962562199e+00 2.673829876311e+00 2.680134111794e+00 2.683168966113e+00 2.682822924203e+00 2.678609335461e+00 2.669719067953e+00 2.655089801028e+00 2.633488217090e+00 2.603603919346e+00 2.564155074532e+00 2.514004289777e+00 2.452279068837e+00 2.378486131945e+00 2.292605216297e+00 2.195147633971e+00 2.087168321623e+00 1.970226521752e+00 1.846298003458e+00 1.717648910745e+00 1.586686699630e+00 1.455806049640e+00 1.327247091688e+00 1.202980006897e+00 1.084624935919e+00 9.734103685955e-01 8.701678023106e-01 7.753564351114e-01 6.891093517733e-01 6.112921217668e-01 5.415655847367e-01 4.794463454450e-01 4.243605851333e-01 3.756888081521e-01 3.328007846683e-01 2.950811322965e-01 2.619466890130e-01 2.328571555529e-01 2.073205356940e-01 1.848947716839e-01 1.651867624816e-01
7.357681569546e-03 8.026193014229e-03 8.770242378252e-03 9.600080066145e-03 1.052746733953e-02 1.156590384076e-02 1.273089012079e-02 1.404023123845e-02 1.551438828532e-02 1.717688583853e-02 1.905478551703e-02 2.117923715367e-02 2.358612132070e-02 2.631680000323e-02 2.941899465154e-02 3.294781506948e-02 3.696696594716e-02 4.155016273522e-02 4.678279340537e-02 5.276386623342e-02 5.960829043532e-02 6.744953685035e-02 7.644272837887e-02 8.676820580496e-02 9.863560324248e-02 1.122884461599e-01 1.280092459869e-01 1.461250040035e-01 1.670129414583e-01 1.911061344068e-01 2.188985381468e-01 2.509486286071e-01 2.878805606771e-01 3.303813545120e-01 3.791922049513e-01 4.350916229279e-01 4.988678776207e-01 5.712782761335e-01 6.529934080914e-01 7.445258306381e-01 8.461449754304e-01 9.577833480663e-01 1.078943145659e+00 1.208616602371e+00 1.345236560089e+00 1.486674615926e+00 1.630301289521e+00 1.773115250635e+00 1.911937193865e+00 2.043650400978e+00 2.165457734472e+00 2.275117552808e+00 2.371121657756e+00 2.452787549127e+00 2.520252941292e+00 2.574378389747e+00 2.616579156633e+00 2.648616378601e+00 2.672378885322e+00 2.689681937437e+00 2.702100767358e+00 2.710848165060e+00 2.716698563246e+00 2.719956469469e+00 2.720463922066e+00 2.717639450449e+00 2.710540005175e+00 2.697938362139e+00 2.678411917099e+00 2.650442932165e+00 2.612532681309e+00 2.563330175861e+00 2.501770309486e+00 2.427208785043e+00 2.339535628427e+00 2.239248219084e+00 2.127469094163e+00 2.005902065098e+00 1.876730023015e+00 1.742466895836e+00 1.605782738706e+00 1.469323876040e+00 1.335549079991e+00 1.206598514428e+00 1.084205677449e+00 9.696553506529e-01 8.637840347512e-01 7.670145896878e-01 6.794143277530e-01 6.007655050318e-01 5.306385624372e-01 4.684608251271e-01 4.135760214792e-01 3.652924085609e-01 3.229191835484e-01 2.857921267776e-01 2.532901192080e-01 2.248444279713e-01 1.999425881196e-01 1.781284940274e-01 1.590000047337e-01
7.035282243141e-03 7.674621199719e-03 8.386296300943e-03 9.180136508144e-03 1.006742095945e-02 1.106109777155e-02 1.217603683394e-02 1.342932238232e-02 1.484059204099e-02 1.643243085635e-02 1.823082974677e-02 2.026572028653e-02 2.257159985084e-02 2.518826409872e-02 2.816166681860e-02 3.154493099437e-02 3.539954033183e-02 3.979674427383e-02 4.481921657313e-02 5.056301233479e-02 5.713987649669e-02 6.467995978763e-02 7.333500458057e-02 8.328206117988e-02 9.472779152534e-02 1.079133987331e-01 1.231201920452e-01 1.406757376196e-01 1.609604585887e-01 1.844144086035e-01 2.115437423634e-01 2.429261307719e-01 2.792139968646e-01 3.211339959164e-01 3.694806308590e-01 4.251013656373e-01 4.888701662080e-01 5.616462685291e-01 6.442153946058e-01 7.372119472858e-01 8.410231854034e-01 9.556802102210e-01 1.080745584073e+00 1.215212892604e+00 1.357438239237e+00 1.505125683358e+00 1.655386044632e+00 1.804880009502e+00 1.950042308756e+00 2.087366241668e+00 2.213711427520e+00 2.326587562246e+00 2.424367214130e+00 2.506392551706e+00 2.572961425296e+00 2.625201708448e+00 2.664862397073e+00 2.694060604583e+00 2.715023807293e+00 2.729858575979e+00 2.740365143847e+00 2.747905990989e+00 2.753328813443e+00 2.756939733694e+00 2.758519765030e+00 2.757375108432e+00 2.752410330320e+00 2.742214691909e+00 2.725156804831e+00 2.699489508940e+00 2.663471162385e+00 2.615507608955e+00 2.554310780739e+00 2.479058824224e+00 2.389534399066e+00 2.286216167213e+00 2.170304169092e+00 2.043670600355e+00 1.908740095907e+00 1.768315031624e+00 1.625369332317e+00 1.482837711620e+00 1.343425848189e+00 1.209461442349e+00 1.082797825851e+00 9.647727379558e-01 8.562169059930e-01 7.575014892832e-01 6.686108361821e-01 5.892271317203e-01 5.188156547923e-01 4.567025199650e-01 4.021401411173e-01 3.543585450232e-01 3.126028068218e-01 2.761582130518e-01 2.443653916897e-01 2.166277718937e-01 1.924135408408e-01 1.712539147746e-01 1.527391459309e-01
6.722075360346e-03 7.332876178465e-03 8.012846848981e-03 8.771394520174e-03 9.619314898408e-03 1.056900210977e-02 1.163469119826e-02 1.283273910387e-02 1.418195079036e-02 1.570395840588e-02 1.742366366372e-02 1.936975451520e-02 2.157531078582e-02 2.407851571961e-02 2.692349367632e-02 3.016129936518e-02 3.385108796738e-02 3.806150181543e-02 4.287231663811e-02 4.837639583706e-02 5.468201241858e-02 6.191560289328e-02 7.022502751208e-02 7.978341430766e-02 9.079366486761e-02 1.034936909035e-01 1.181624266234e-01 1.351266151866e-01 1.547682860073e-01 1.775327079156e-01 2.039363999973e-01 2.345744934278e-01 2.701263281924e-01 3.113576470381e-01 3.591171021054e-01 4.143240880903e-01 4.779442499792e-01 5.509486208113e-01 6.342525026321e-01 7.286313670685e-01 8.346136307701e-01 9.523545057921e-01 1.081501197012e+00 1.221066852039e+00 1.369337328041e+00 1.523838617561e+00 1.681390986187e+00 1.838266295597e+00 1.990447514320e+00 2.133966765852e+00 2.265276203514e+00 2.381591798371e+00 2.481149753836e+00 2.563330526998e+00 2.628632734874e+00 2.678510248303e+00 2.715111168554e+00 2.740970070613e+00 2.758703200654e+00 2.770743661091e+00 2.779136774529e+00 2.785401347695e+00 2.790453881079e+00 2.794589111413e+00 2.797508325062e+00 2.798384128626e+00 2.795947599055e+00 2.788584622649e+00 2.774435168107e+00 2.751499868883e+00 2.717765858183e+00 2.671361900562e+00 2.610740827252e+00 2.534870943095e+00 2.443405826381e+00 2.336799505294e+00 2.216341716727e+00 2.084102286946e+00 1.942789899229e+00 1.795544732872e+00 1.645694190221e+00 1.496504914559e+00 1.350962198033e+00 1.211600612544e+00 1.080399122703e+00 9.587425312600e-01 8.474413546208e-01 7.467956955928e-01 6.566860481766e-01 5.766747593212e-01 5.061050192657e-01 4.441884707109e-01 3.900767157459e-01 3.429154378696e-01 3.018822331791e-01 2.662105987287e-01 2.352030277041e-01 2.082361066719e-01 1.847601369180e-01 1.642952997873e-01 1.464258770756e-01
6.418117777650e-03 7.001045703490e-03 7.650020283832e-03 8.374028008914e-03 9.183381834285e-03 1.008992168630e-02 1.110724640168e-02 1.225098262928e-02 1.353909726224e-02 1.499226120709e-02 1.663427411649e-02 1.849256193116e-02 2.059876072462e-02 2.298940482759e-02 2.570673917215e-02 2.879968191989e-02 3.232496769327e-02 3.634850883061e-02 4.094701914199e-02 4.620995426587e-02 5.224183138728e-02 5.916500304476e-02 6.712296901827e-02 7.628432165739e-02 8.684742405379e-02 9.904592087367e-02 1.131551676450e-01 1.294996284254e-01 1.484612222568e-01 1.704884786565e-01 1.961061660706e-01 2.259247576591e-01 2.606486693520e-01 3.010816090646e-01 3.481266193659e-01 4.027774925422e-01 4.660973093764e-01 5.391790977358e-01 6.230834078436e-01 7.187484648432e-01 8.268711156282e-01 9.477616074531e-01 1.081182498195e+00 1.226191151389e+00 1.381014556264e+00 1.542991596920e+00 1.708617569590e+00 1.873715308859e+00 2.033735813964e+00 2.184161789219e+00 2.320957646108e+00 2.440989404497e+00 2.542336247979e+00 2.624435429305e+00 2.688038690616e+00 2.734999899508e+00 2.767946791928e+00 2.789904863222e+00 2.803936579241e+00 2.812839596756e+00 2.818923830861e+00 2.823868368462e+00 2.828650104197e+00 2.833534535367e+00 2.838119193420e+00 2.841416909523e+00 2.841960813450e+00 2.837912399798e+00 2.827163495356e+00 2.807439785380e+00 2.776426657768e+00 2.731936610205e+00 2.672119796233e+00 2.595694873428e+00 2.502159341733e+00 2.391935260765e+00 2.266417253833e+00 2.127909007422e+00 1.979455332663e+00 1.824594511528e+00 1.667067422783e+00 1.510524507949e+00 1.358268641576e+00 1.213062467967e+00 1.077015165977e+00 9.515492199980e-01 8.374357603762e-01 7.348794808892e-01 6.436316361956e-01 5.631114197351e-01 4.925205609671e-01 4.309415467576e-01 3.774150660790e-01 3.309963097658e-01 2.907923427738e-01 2.559840368687e-01 2.258363582805e-01 1.997004921952e-01 1.770106849495e-01 1.572780063412e-01 1.400826032884e-01
6.123445668755e-03 6.679193985128e-03 7.297915911490e-03 7.988180109582e-03 8.759819261730e-03 9.624121136522e-03 1.059404973051e-02 1.168450164306e-02 1.291260430108e-02 1.429806363265e-02 1.586357034240e-02 1.763527668659e-02 1.964335711587e-02 2.192267044212e-02 2.451354381940e-02 2.746270460467e-02 3.082439146680e-02 3.466168260823e-02 3.904808855329e-02 4.406946585537e-02 4.982631983228e-02 5.643657861100e-02 6.403893325854e-02 7.279685472070e-02 8.290341013770e-02 9.458700999790e-02 1.081182130866e-01 1.238176980575e-01 1.420654534336e-01 1.633111383940e-01 1.880853792479e-01 2.170114786636e-01 2.508165593519e-01 2.903405227909e-01 3.365403207656e-01 3.904859379135e-01 4.533432301214e-01 5.263375816863e-01 6.106916242721e-01 7.075306563192e-01 8.177517277045e-01 9.418575182918e-01 1.079764675364e+00 1.230607841886e+00 1.392573355557e+00 1.562806721488e+00 1.737440207908e+00 1.911776111094e+00 2.080634991435e+00 2.238839757698e+00 2.381765727091e+00 2.505858008635e+00 2.609013632678e+00 2.690751935974e+00 2.752145965195e+00 2.795543873024e+00 2.824153124112e+00 2.841578413540e+00 2.851394167629e+00 2.856802941945e+00 2.860397011717e+00 2.864015818748e+00 2.868683205581e+00 2.874611513035e+00 2.881263570843e+00 2.887459632013e+00 2.891505981876e+00 2.891317653480e+00 2.884520353891e+00 2.868543390352e+00 2.840737930081e+00 2.798554496998e+00 2.739787217164e+00 2.662855352636e+00 2.567066426896e+00 2.452801449302e+00 2.321579132372e+00 2.175982305175e+00 2.019456498086e+00 1.856012276405e+00 1.689877023997e+00 1.525147116121e+00 1.365487237770e+00 1.213911189555e+00 1.072660963690e+00 9.431825987640e-01 8.261825266755e-01 7.217394104632e-01 6.294444061972e-01 5.485460629314e-01 4.780825177886e-01 4.169909124739e-01 3.641903758272e-01 3.186395479982e-01 2.793723453002e-01 2.455167487122e-01 2.163013735019e-01 1.910539364624e-01 1.691948476065e-01 1.502282704474e-01 1.337322424138e-01
5.838074731115e-03 6.367361691961e-03 6.956606109277e-03 7.613962963061e-03 8.348788979521e-03 9.171824028420e-03 1.009540114092e-02 1.113369029765e-02 1.230298200652e-02 1.362201805078e-02 1.511237884787e-02 1.679893819145e-02 1.871039923761e-02 2.087992862408e-02 2.334590923388e-02 2.615283786351e-02 2.935239857691e-02 3.300475174925e-02 3.718008671393e-02 4.196049698587e-02 4.744225111826e-02 5.373854695921e-02 6.098285497993e-02 6.933297572750e-02 7.897595649436e-02 9.013402928363e-02 1.030717423973e-01 1.181044538643e-01 1.356083220893e-01 1.560318475682e-01 1.799088630730e-01 2.078725901418e-01 2.406699334381e-01 2.791744946610e-01 3.243958085616e-01 3.774809890454e-01 4.397033641114e-01 5.124309746214e-01 5.970664123445e-01 6.949491429218e-01 8.072132844215e-01 9.345990622714e-01 1.077225950192e+00 1.234349910865e+00 1.404144346242e+00 1.583559812408e+00 1.768324045514e+00 1.953133625563e+00 2.132056916514e+00 2.299117679009e+00 2.448972765686e+00 2.577555763459e+00 2.682550608107e+00 2.763593452187e+00 2.822168361785e+00 2.861239216100e+00 2.884718824850e+00 2.896897796188e+00 2.901937521239e+00 2.903487118818e+00 2.904435482408e+00 2.906777048999e+00 2.911562977911e+00 2.918921114982e+00 2.928139642440e+00 2.937804278184e+00 2.945959333977e+00 2.950250353065e+00 2.948022331128e+00 2.936390205423e+00 2.912337056661e+00 2.872897481954e+00 2.815443145367e+00 2.738030838208e+00 2.639735183249e+00 2.520885012480e+00 2.383147775159e+00 2.229442573335e+00 2.063696368473e+00 1.890483888592e+00 1.714608504467e+00 1.540687398234e+00 1.372798752800e+00 1.214232415865e+00 1.067362702693e+00 9.336386440878e-01 8.136686866712e-01 7.073669556630e-01 6.141269727511e-01 5.329942380883e-01 4.628180584515e-01 4.023724777047e-01 3.504439696957e-01 3.058888107460e-01 2.676657431517e-01 2.348502814281e-01 2.066365130980e-01 1.823311528401e-01 1.613433908150e-01 1.431729653737e-01 1.273980029619e-01
5.562000493054e-03 6.065566292487e-03 6.626136341979e-03 7.251457625994e-03 7.950416855763e-03 8.733212230534e-03 9.611552312871e-03 1.059888689923e-02 1.171067561459e-02 1.296470162385e-02 1.438143912705e-02 1.598448532746e-02 1.780107045819e-02 1.986266212947e-02 2.220568457547e-02 2.487237838397e-02 2.791183206302e-02 3.138122536909e-02 3.534733318636e-02 3.988835157080e-02 4.509612140799e-02 5.107884314089e-02 5.796439780966e-02 6.590441235475e-02 7.507923519756e-02 8.570401502992e-02 9.803610007972e-02 1.123839890358e-01 1.291180574818e-01 1.486832323596e-01 1.716136630356e-01 1.985491939280e-01 2.302530119025e-01 2.676291436325e-01 3.117374115214e-01 3.638019384626e-01 4.252073107684e-01 4.974741772822e-01 5.822038089762e-01 6.809797832434e-01 7.952158582593e-01 9.259440651033e-01 1.073547878986e+00 1.237462924739e+00 1.415890538372e+00 1.605592337780e+00 1.801847242799e+00 1.998644497794e+00 2.189148644830e+00 2.366406644844e+00 2.524189885748e+00 2.657803259861e+00 2.764678977838e+00 2.844617974854e+00 2.899634622245e+00 2.933466650814e+00 2.950891453501e+00 2.957015387427e+00 2.956671918621e+00 2.953997832066e+00 2.952186685792e+00 2.953375110716e+00 2.958614635721e+00 2.967908545616e+00 2.980318690010e+00 2.994141290264e+00 3.007114361988e+00 3.016589971498e+00 3.019624180941e+00 3.013006522840e+00 2.993317842069e+00 2.957112110927e+00 2.901254193257e+00 2.823357303829e+00 2.722208450386e+00 2.598070919431e+00 2.452793082217e+00 2.289703045862e+00 2.113310786202e+00 1.928869789316e+00 1.741869791724e+00 1.557539564972e+00 1.380431393757e+00 1.214137614163e+00 1.061159712612e+00 9.229204113971e-01 7.998865063141e-01 6.917591252819e-01 5.976884677555e-01 5.164787956120e-01 4.467618816001e-01 3.871293201264e-01 3.362235331036e-01 2.927930616616e-01 2.557202162653e-01 2.240292922011e-01 1.968823940110e-01 1.735682641555e-01 1.534878921137e-01 1.361393307967e-01 1.211031433734e-01
5.295198732335e-03 5.773802287255e-03 6.306525524050e-03 6.900714293856e-03 7.564792816923e-03 8.308425822910e-03 9.142706170078e-03 1.008037274188e-02 1.113606396397e-02 1.232661408329e-02 1.367140036925e-02 1.519275171175e-02 1.691643166358e-02 1.887221161796e-02 2.109455441780e-02 2.362343339069e-02 2.650531787295e-02 2.979436537495e-02 3.355386910104e-02 3.785802387634e-02 4.279408838435e-02 4.846504138519e-02 5.499285444134e-02 6.252253160148e-02 7.122710045777e-02 8.131377697825e-02 9.303156569410e-02 1.066805901663e-01 1.226234715120e-01 1.412990562092e-01 1.632387185363e-01 1.890852663416e-01 2.196140950368e-01 2.557555526043e-01 2.986163648986e-01 3.494962773758e-01 4.098937024707e-01 4.814911351856e-01 5.661077845318e-01 6.656041089312e-01 7.817223893700e-01 9.158515013472e-01 1.068715508792e+00 1.240006659403e+00 1.428013249277e+00 1.629325808809e+00 1.838728864720e+00 2.049383067879e+00 2.253359017474e+00 2.442498178106e+00 2.609468366685e+00 2.748792241728e+00 2.857601297983e+00 2.935927819334e+00 2.986476720102e+00 3.013967759128e+00 3.024246890110e+00 3.023395257270e+00 3.017014171833e+00 3.009765352905e+00 3.005144662988e+00 3.005408038758e+00 3.011572333128e+00 3.023466493562e+00 3.039859105557e+00 3.058682976434e+00 3.077311308939e+00 3.092777493705e+00 3.101851598978e+00 3.100999534861e+00 3.086367426483e+00 3.053949432566e+00 2.999994270012e+00 2.921565814996e+00 2.817093475279e+00 2.686759500322e+00 2.532635941481e+00 2.358553291432e+00 2.169733275611e+00 1.972252037029e+00 1.772422800456e+00 1.576196693021e+00 1.388671378906e+00 1.213769142382e+00 1.054106561980e+00 9.110388838036e-01 7.848340277961e-01 6.749190815135e-01 5.801452582968e-01 4.990306020113e-01 4.299567970169e-01 3.713120593579e-01 3.215832582253e-01 2.794065136312e-01 2.435874186630e-01 2.131012502154e-01 1.870814671142e-01 1.648024552114e-01 1.456604115792e-01 1.291546766463e-01 1.148707148928e-01
5.037625946275e-03 5.492041822035e-03 5.997766459000e-03 6.561752633618e-03 7.191971107681e-03 7.897563070105e-03 8.689016668673e-03 9.578371779623e-03 1.057945859657e-02 1.170817611002e-02 1.298281894653e-02 1.442446211654e-02 1.605741620540e-02 1.790976847095e-02 2.001402906586e-02 2.240790702591e-02 2.513524642260e-02 2.824716218979e-02 3.180342458940e-02 3.587415533912e-02 4.054191473445e-02 4.590428129955e-02 5.207705090984e-02 5.919821700090e-02 6.743293251698e-02 7.697970307923e-02 8.807811355907e-02 1.010184493635e-01 1.161536223892e-01 1.339138442483e-01 1.548244656504e-01 1.795272767281e-01 2.088052518495e-01 2.436101009245e-01 2.850908778908e-01 3.346200834777e-01 3.938109641097e-01 4.645159417284e-01 5.487915286621e-01 6.488105045742e-01 7.666994084377e-01 9.042815899559e-01 1.062717312092e+00 1.242056583583e+00 1.440758674649e+00 1.655278988121e+00 1.879863649341e+00 2.106700309217e+00 2.326525696821e+00 2.529678468765e+00 2.707434638960e+00 2.853330656411e+00 2.964134059270e+00 3.040201330189e+00 3.085145323652e+00 3.104944891918e+00 3.106778649225e+00 3.097898762413e+00 3.084780791094e+00 3.072639316542e+00 3.065253238660e+00 3.064961227013e+00 3.072702313853e+00 3.088071718329e+00 3.109458197569e+00 3.134328989490e+00 3.159611221177e+00 3.181992328226e+00 3.197978300682e+00 3.203735773350e+00 3.194948622901e+00 3.166951696061e+00 3.115232476343e+00 3.036165826996e+00 2.927734046945e+00 2.790021558345e+00 2.625381813008e+00 2.438268496655e+00 2.234779248069e+00 2.021994797332e+00 1.807223424947e+00 1.597274667208e+00 1.397875617473e+00 1.213305978399e+00 1.046275178095e+00 8.980136654185e-01 7.685154919568e-01 6.568567059056e-01 5.615216626687e-01 4.806892451621e-01 4.124542717666e-01 3.549791563475e-01 3.065838916264e-01 2.657884679059e-01 2.313226705957e-01 2.021160497346e-01 1.772776056919e-01 1.560715718962e-01 1.378931269347e-01 1.222460650982e-01 1.087232931383e-01
4.789220046028e-03 5.220235250577e-03 5.699826397752e-03 6.234562402122e-03 6.831970836659e-03 7.500680962104e-03 8.250589102989e-03 9.093050624475e-03 1.004110337000e-02 1.110972856920e-02 1.231615709046e-02 1.368023014736e-02 1.522482624721e-02 1.697636939303e-02 1.896543675745e-02 2.122748964942e-02 2.380375766402e-02 2.674231395396e-02 3.009939062505e-02 3.394099645569e-02 3.834491700016e-02 4.340319979764e-02 4.922525653409e-02 5.594175063805e-02 6.370948520935e-02 7.271756411691e-02 8.319516727249e-02 9.542136105744e-02 1.097374513085e-01 1.265624621368e-01 1.464123736965e-01 1.699237127333e-01 1.978818894271e-01 2.312541605790e-01 2.712260615561e-01 3.192382938401e-01 3.770180156599e-01 4.465939703263e-01 5.302788689300e-01 6.305955781012e-01 7.501179042477e-01 8.911958454275e-01 1.055544809091e+00 1.243704993377e+00 1.454424954068e+00 1.684088230527e+00 1.926365181008e+00 2.172299374210e+00 2.410989157730e+00 2.630880124406e+00 2.821470989713e+00 2.975037235351e+00 3.087899211411e+00 3.160867762522e+00 3.198761488705e+00 3.209190987506e+00 3.201013161963e+00 3.182895261929e+00 3.162303136774e+00 3.145013868787e+00 3.135042967195e+00 3.134756502279e+00 3.144966011161e+00 3.164966501762e+00 3.192655588627e+00 3.224889930251e+00 3.258031809106e+00 3.288391173302e+00 3.312263689162e+00 3.325579952306e+00 3.323544419979e+00 3.300703314308e+00 3.251585646596e+00 3.171690769975e+00 3.058440090791e+00 2.911804264495e+00 2.734497178776e+00 2.531752941488e+00 2.310755637985e+00 2.079822155796e+00 1.847472119564e+00 1.621541712039e+00 1.408486726550e+00 1.212970026859e+00 1.037756808379e+00 8.838733639974e-01 7.509415380262e-01 6.375890682610e-01 5.418506298685e-01 4.615037112131e-01 3.943149133987e-01 3.381971179367e-01 2.912926622707e-01 2.520030257803e-01 2.189845365098e-01 1.911255282553e-01 1.675156204280e-01 1.474136722597e-01 1.302179381039e-01 1.154399759659e-01 1.026827038205e-01
4.549901010927e-03 4.958311892542e-03 5.412647924080e-03 5.919104244470e-03 6.484776777799e-03 7.117795863394e-03 7.827480794802e-03 8.624519072277e-03 9.521174835608e-03 1.053153247773e-02 1.167178227897e-02 1.296055700826e-02 1.441933062432e-02 1.607289296398e-02 1.794991820165e-02 2.008364962314e-02 2.251272927604e-02 2.528220980857e-02 2.844479555897e-02 3.206237459639e-02 3.620792096516e-02 4.096787021543e-02 4.644510198253e-02 5.276270360391e-02 6.006874035491e-02 6.854232393581e-02 7.840135410564e-02 8.991241155471e-02 1.034033983500e-01 1.192796567469e-01 1.380444186586e-01 1.603245128216e-01 1.869021964349e-01 2.187536360928e-01 2.570936853353e-01 3.034248194578e-01 3.595848712959e-01 4.277830080013e-01 5.106058174839e-01 6.109657589764e-01 7.319543992758e-01 8.765571142801e-01 1.047191796427e+00 1.245061571129e+00 1.469369487680e+00 1.716531192740e+00 1.979619226324e+00 2.248332382369e+00 2.509742326727e+00 2.749884526880e+00 2.955958686528e+00 3.118603981087e+00 3.233581799804e+00 3.302340785729e+00 3.331316990845e+00 3.330259031918e+00 3.310159178644e+00 3.281405913004e+00 3.252578611929e+00 3.229994015511e+00 3.217814453679e+00 3.218351539117e+00 3.232237500997e+00 3.258401065069e+00 3.294107537282e+00 3.335391997079e+00 3.377869936315e+00 3.417433170997e+00 3.450274076637e+00 3.472216903447e+00 3.477988368009e+00 3.461170925974e+00 3.415060245735e+00 3.334029094966e+00 3.214795412458e+00 3.057205651395e+00 2.864443490562e+00 2.642728949102e+00 2.400603909112e+00 2.147918240318e+00 1.894677694046e+00 1.649954530941e+00 1.421050526911e+00 1.213032758084e+00 1.028663520786e+00 8.686554436157e-01 7.321290637073e-01 6.171407377909e-01 5.211743608915e-01 4.415330093487e-01 3.756088691071e-01 3.210405747772e-01 2.757830617933e-01 2.381186565176e-01 2.066342776055e-01 1.801828879565e-01 1.578407073657e-01 1.388665325673e-01 1.226660479193e-01 1.087619629928e-01 9.676974783724e-02
4.319571761747e-03 4.706180947156e-03 5.136149783152e-03 5.615310654992e-03 6.150340348339e-03 6.748884627691e-03 7.419702126501e-03 8.172831064569e-03 9.019783126620e-03 9.973769810337e-03 1.104996774779e-02 1.226583153841e-02 1.364146406321e-02 1.520005775925e-02 1.696842346926e-02 1.897762807967e-02 2.126376857655e-02 2.386891768086e-02 2.684228706880e-02 3.024166761899e-02 3.413522475810e-02 3.860375058869e-02 4.374350708822e-02 4.966983680048e-02 5.652177330523e-02 6.446795807732e-02 7.371426624103e-02 8.451366781663e-02 9.717900679575e-02 1.120995663124e-01 1.297624999598e-01 1.507804072877e-01 1.759264549272e-01 2.061783331606e-01 2.427717326563e-01 2.872624578255e-01 3.415930870427e-01 4.081543459041e-01 4.898222364253e-01 5.899391743531e-01 7.121923408189e-01 8.603297163341e-01 1.037653188025e+00 1.246253138155e+00 1.486016143385e+00 1.753554059653e+00 2.041349231835e+00 2.337524272730e+00 2.626627391500e+00 2.891592783835e+00 3.116606766028e+00 3.290152324800e+00 3.407278660831e+00 3.470332160799e+00 3.487940525743e+00 3.472684587635e+00 3.438302418355e+00 3.397291351463e+00 3.359470284649e+00 3.331618451853e+00 3.317886074992e+00 3.320409230612e+00 3.339595687632e+00 3.373959474148e+00 3.419959586680e+00 3.472495908124e+00 3.526147018545e+00 3.576326561929e+00 3.619320233594e+00 3.651088906965e+00 3.665915084169e+00 3.656168502394e+00 3.613518978706e+00 3.530873350045e+00 3.404072346191e+00 3.232842236004e+00 3.020988637974e+00 2.775986515097e+00 2.508086901010e+00 2.229055926921e+00 1.950737421552e+00 1.683702110043e+00 1.436235964588e+00 1.213821736589e+00 1.019128791237e+00 8.524052362114e-01 7.121005801553e-01 5.955438805796e-01 4.995448444330e-01 4.208467225406e-01 3.564161049543e-01 3.035922007414e-01 2.601344532426e-01 2.242076051103e-01 1.943351736624e-01 1.693420195375e-01 1.482978317173e-01 1.304671196584e-01 1.152675277909e-01 1.022363080638e-01 9.100393331579e-02
4.098119004982e-03 4.463732407989e-03 4.870228006611e-03 5.323087111791e-03 5.828580843784e-03 6.393885864387e-03 7.027217883198e-03 7.737986227372e-03 8.536973468192e-03 9.436544839082e-03 1.045089381649e-02 1.159633128664e-02 1.289162800097e-02 1.435842265682e-02 1.602171103982e-02 1.791043657380e-02 2.005820777008e-02 2.250417628768e-02 2.529411959485e-02 2.848178484817e-02 3.213056998850e-02 3.631564144974e-02 4.112662052769e-02 4.667101523836e-02 5.307863269982e-02 6.050728813659e-02 6.915023374310e-02 7.924587431152e-02 9.109052503947e-02 1.050552117580e-01 1.216078115441e-01 1.413421769049e-01 1.650162219561e-01 1.936011421632e-01 2.283437246116e-01 2.708425551314e-01 3.231359899303e-01 3.877937686755e-01 4.679936068966e-01 5.675478698314e-01 6.908239875631e-01 8.424799266349e-01 1.026923627718e+00 1.247422478860e+00 1.504861955956e+00 1.796302295183e+00 2.113696231932e+00 2.443331068750e+00 2.766595160586e+00 3.062389987140e+00 3.310899122161e+00 3.497719385353e+00 3.616973460591e+00 3.672276035432e+00 3.675253990612e+00 3.642280218807e+00 3.590661032390e+00 3.535498194826e+00 3.487972093990e+00 3.455160399809e+00 3.440932330839e+00 3.447065826980e+00 3.473720753614e+00 3.519000992212e+00 3.578356800351e+00 3.645078895128e+00 3.712231167736e+00 3.774648570310e+00 3.829058593683e+00 3.871995324724e+00 3.897381147667e+00 3.896000229827e+00 3.857323232773e+00 3.772333551097e+00 3.635793581691e+00 3.447343864331e+00 3.211623427356e+00 2.937714110358e+00 2.638033186480e+00 2.326762003355e+00 2.018037045513e+00 1.724258077527e+00 1.454857065095e+00 1.215726271530e+00 1.009306519561e+00 8.351737098106e-01 6.908828824422e-01 5.728380709358e-01 4.770242847039e-01 3.995254610026e-01 3.368265405312e-01 2.859424446228e-01 2.444314816482e-01 2.103451242015e-01 1.821517088011e-01 1.586567362890e-01 1.389310590764e-01 1.222510374974e-01 1.080508789633e-01 9.588568364611e-02 8.540322195013e-02
3.885414195336e-03 4.230838153692e-03 4.614757039200e-03 5.042313402371e-03 5.519386907091e-03 6.052701531889e-03 6.649949007656e-03 7.319931652736e-03 8.072728074362e-03 8.919886332143e-03 9.874650079269e-03 1.095222475300e-02 1.217009269353e-02 1.354838851727e-02 1.511034919588e-02 1.688285751863e-02 1.889710298343e-02 2.118939189074e-02 2.380214744687e-02 2.678515463230e-02 3.019712174852e-02 3.410765457883e-02 3.859977217500e-02 4.377313741943e-02 4.974823762271e-02 5.667183421653e-02 6.472411789552e-02 7.412816588472e-02 8.516251758837e-02 9.817798198090e-02 1.136201823864e-01 1.320598413355e-01 1.542333870702e-01 1.810970331390e-01 2.138977896215e-01 2.542643674736e-01 3.043186212180e-01 3.668023704243e-01 4.452028689298e-01 5.438404579205e-01 6.678530618326e-01 8.229772750201e-01 1.014996371430e+00 1.248726457104e+00 1.526483084261e+00 1.846154900599e+00 2.199315692321e+00 2.570141759207e+00 2.936047404428e+00 3.270636918575e+00 3.548705857779e+00 3.751926200821e+00 3.873188491890e+00 3.917907338940e+00 3.901853560175e+00 3.846528991324e+00 3.773924317616e+00 3.702385555646e+00 3.644563579225e+00 3.607537091348e+00 3.594451357233e+00 3.606441126400e+00 3.643438653501e+00 3.703262985587e+00 3.780148514292e+00 3.865052416279e+00 3.948717224165e+00 4.025215583913e+00 4.092325656531e+00 4.147923864078e+00 4.185731966655e+00 4.194360234255e+00 4.160226424708e+00 4.071781199070e+00 3.922498192345e+00 3.712023680523e+00 3.446121250445e+00 3.135938472311e+00 2.796656828067e+00 2.445528462408e+00 2.099574565576e+00 1.773442154108e+00 1.477895971806e+00 1.219200955024e+00 9.993675287494e-01 8.170134631482e-01 6.685048189289e-01 5.490697744165e-01 4.536854144099e-01 3.776612049871e-01 3.169400049492e-01 2.681890377047e-01 2.287632622671e-01 1.966085217671e-01 1.701486261737e-01 1.481799258478e-01 1.297828472624e-01 1.142519646191e-01 1.010426017841e-01 8.973083275907e-02 7.998379733662e-02
3.681314597980e-03 4.007353109698e-03 4.369591044382e-03 4.772845010747e-03 5.222618092011e-03 5.725198742510e-03 6.287774647439e-03 6.918564176183e-03 7.626968775498e-03 8.423750304240e-03 9.321238448608e-03 1.033357465983e-02 1.147700065283e-02 1.277020192403e-02 1.423471954751e-02 1.589544729360e-02 1.778123674362e-02 1.992563925848e-02 2.236782350591e-02 2.515371961546e-02 2.833745781659e-02 3.198319315094e-02 3.616743955567e-02 4.098208185379e-02 4.653829542309e-02 5.297169152331e-02 6.044912911676e-02 6.917780693454e-02 7.941749753265e-02 9.149712915764e-02 1.058374041289e-01 1.229817970496e-01 1.436391219239e-01 1.687418662326e-01 1.995254598032e-01 2.376340760588e-01 2.852573112662e-01 3.452971007936e-01 4.215522787478e-01 5.188853002673e-01 6.432985813646e-01 8.017974783151e-01 1.001863563970e+00 1.250334397221e+00 1.551540376109e+00 1.904762402798e+00 2.301494257502e+00 2.723535370576e+00 3.143289504754e+00 3.527336630303e+00 3.843124317796e+00 4.066902692715e+00 4.189886325622e+00 4.220057683275e+00 4.178966672418e+00 4.095117657848e+00 3.996708499627e+00 3.906162865166e+00 3.837688436346e+00 3.797871791072e+00 3.788418868107e+00 3.809356997364e+00 3.860480236164e+00 3.939692813290e+00 4.039870493766e+00 4.148524689079e+00 4.252688335544e+00 4.345319630847e+00 4.426308625540e+00 4.496217955712e+00 4.548830682238e+00 4.569609618636e+00 4.540629776088e+00 4.447020588902e+00 4.280794186336e+00 4.041791923273e+00 3.737294817938e+00 3.381111439564e+00 2.991975937741e+00 2.591081702781e+00 2.199111821430e+00 1.833490486101e+00 1.506525279287e+00 1.224765252899e+00 9.894922754317e-01 7.979722994163e-01 6.449939478558e-01 5.242914776299e-01 4.296117125047e-01 3.553575260828e-01 2.968659846840e-01 2.504362443888e-01 2.132223270972e-01 1.830760213326e-01 1.583898597123e-01 1.379626395948e-01 1.208933172430e-01 1.065010982286e-01 9.426678713565e-02 8.379027791858e-02 7.475986290926e-02
3.485664289725e-03 3.793116400509e-03 4.134565253541e-03 4.514514735138e-03 4.938106640541e-03 5.411211728568e-03 5.940534317457e-03 6.533732938726e-03 7.199559845962e-03 7.948023268192e-03 8.790576849411e-03 9.740342083384e-03 1.081237127557e-02 1.202396012410e-02 1.339502244345e-02 1.494854216913e-02 1.671112377585e-02 1.871366721875e-02 2.099220365627e-02 2.358893867571e-02 2.655356682755e-02 2.994494332025e-02 3.383322941351e-02 3.830267243604e-02 4.345524210113e-02 4.941543425017e-02 5.633667758343e-02 6.440996480087e-02 7.387559339415e-02 8.503929166549e-02 9.829456763111e-02 1.141539284834e-01 1.332927450874e-01 1.566110318834e-01 1.853201911034e-01 2.210634143623e-01 2.660788034879e-01 3.234109237437e-01 3.971652020737e-01 4.927743371053e-01 6.172004811696e-01 7.789284254321e-01 9.875201770961e-01 1.252429341432e+00 1.580786591571e+00 1.974090037941e+00 2.424290525776e+00 2.910608135564e+00 3.399130226424e+00 3.847042429873e+00 4.211644050496e+00 4.461578774683e+00 4.585729573307e+00 4.595763825911e+00 4.521362977804e+00 4.400673070053e+00 4.270183243369e+00 4.157487566828e+00 4.078407162695e+00 4.038271352517e+00 4.036213691917e+00 4.070367272757e+00 4.140558982243e+00 4.245609681704e+00 4.377127100515e+00 4.517474927431e+00 4.647551735563e+00 4.758509322886e+00 4.854208093076e+00 4.940241517695e+00 5.010831681694e+00 5.046617522823e+00 5.023368182164e+00 4.921929669064e+00 4.732818484815e+00 4.456414038638e+00 4.102027101016e+00 3.686896359651e+00 3.234360538939e+00 2.770723632198e+00 2.321357512697e+00 1.907133401223e+00 1.542126659806e+00 1.232996493122e+00 9.798581168008e-01 7.780836529672e-01 6.203719125479e-01 4.985605197383e-01 4.048975847993e-01 3.327296977945e-01 2.767231299641e-01 2.327938248290e-01 1.979033139838e-01 1.698254377287e-01 1.469373623931e-01 1.280531401069e-01 1.122995265166e-01 9.902662477809e-02 8.774474529119e-02 7.808006943970e-02 6.974347695853e-02
3.298295314845e-03 3.587952648275e-03 3.909497419156e-03 4.267134263507e-03 4.665659359027e-03 5.110544027891e-03 5.608030510668e-03 6.165242251989e-03 6.790311307384e-03 7.492526059200e-03 8.282503574226e-03 9.172391528984e-03 1.017610661105e-02 1.130961763319e-02 1.259128439136e-02 1.404226636542e-02 1.568701988239e-02 1.755390811992e-02 1.967595640569e-02 2.209179608931e-02 2.484685553051e-02 2.799487784563e-02 3.159987398582e-02 3.573866265809e-02 4.050420751929e-02 4.601004955898e-02 5.239626011304e-02 5.983752625520e-02 6.855426255135e-02 7.882806197785e-02 9.102343348360e-02 1.056187246281e-01 1.232505359780e-01 1.447779509464e-01 1.713756162614e-01 2.046678837246e-01 2.469188437320e-01 3.012924520050e-01 3.721877162665e-01 4.656276980399e-01 5.896279069332e-01 7.543815534652e-01 9.719759106458e-01 1.255218061426e+00 1.615081266928e+00 2.056471189091e+00 2.572707060012e+00 3.140390941176e+00 3.717678749749e+00 4.249101150653e+00 4.677772517837e+00 4.961504030494e+00 5.085862547844e+00 5.067835943913e+00 4.948643760781e+00 4.779806177419e+00 4.608958419344e+00 4.470302163485e+00 4.381300872104e+00 4.344911224587e+00 4.355943118231e+00 4.409263639196e+00 4.504937764692e+00 4.644355594085e+00 4.818561055605e+00 5.002202093490e+00 5.165757727776e+00 5.297197354128e+00 5.407637277389e+00 5.511801910469e+00 5.604797718156e+00 5.659464044701e+00 5.642283865071e+00 5.528785606463e+00 5.308287112389e+00 4.982263401134e+00 4.562688390314e+00 4.071226624150e+00 3.537249162797e+00 2.993760683403e+00 2.472184019893e+00 1.997676997214e+00 1.586301053031e+00 1.244512593322e+00 9.706190819674e-01 7.573530994343e-01 5.946484888967e-01 4.719377883890e-01 3.796486251828e-01 3.099047071001e-01 2.566384895639e-01 2.153756736189e-01 1.829013893552e-01 1.569326859734e-01 1.358498578867e-01 1.184959404739e-01 1.040347718662e-01 9.185323825709e-02 8.149468688991e-02 7.261358331114e-02 6.494443157561e-02
3.119028806723e-03 3.391673274358e-03 3.694189305032e-03 4.030495921388e-03 4.405059621594e-03 4.822970808568e-03 5.290031279384e-03 5.812854731849e-03 6.398982578456e-03 7.057018070063e-03 7.796782234855e-03 8.629496580104e-03 9.567998011720e-03 1.062699393309e-02 1.182336702322e-02 1.317654234345e-02 1.470893371722e-02 1.644649094485e-02 1.841937737949e-02 2.066281708644e-02 2.321816471433e-02 2.613427070421e-02 2.946924231895e-02 3.329273982587e-02 3.768900529513e-02 4.276090458612e-02 4.863538810549e-02 5.547096405770e-02 6.346806342998e-02 7.288361844964e-02 8.405186249462e-02 9.741443446318e-02 1.135645403536e-01 1.333124771105e-01 1.577835639492e-01 1.885645494389e-01 2.279201625711e-01 2.791048961428e-01 3.467898531320e-01 4.375992503690e-01 5.606915372761e-01 7.282126000550e-01 9.552831354110e-01 1.258962311139e+00 1.655428242831e+00 2.154685780248e+00 2.752909450470e+00 3.424386975776e+00 4.117408234830e+00 4.759364655126e+00 5.273322069821e+00 5.601441171011e+00 5.724470104750e+00 5.667123986181e+00 5.487119628967e+00 5.254645389572e+00 5.032389782824e+00 4.863050426385e+00 4.765754398369e+00 4.739569005142e+00 4.772365222506e+00 4.853327328284e+00 4.982775809520e+00 5.167697592436e+00 5.400701438538e+00 5.644962874387e+00 5.852899733375e+00 6.006544636923e+00 6.130150454727e+00 6.254770457178e+00 6.376669364575e+00 6.455495478605e+00 6.443999016480e+00 6.311617870358e+00 6.047428517909e+00 5.654804915803e+00 5.149108020504e+00 4.557739692732e+00 3.918086243808e+00 3.272039004806e+00 2.658878224086e+00 2.109082022301e+00 1.640863530084e+00 1.259939792567e+00 9.618757964300e-01 7.357403235350e-01 5.678145028580e-01 4.444866339603e-01 3.539821563411e-01 2.870212047949e-01 2.367464349768e-01 1.982981091192e-01 1.683104101949e-01 1.444701505922e-01 1.251815552951e-01 1.093308693850e-01 9.612795186425e-02 8.500172753352e-02 7.553147063824e-02 6.740137756195e-02 6.037017962089e-02
2.947676111441e-03 3.204077795736e-03 3.488428202719e-03 3.804374473472e-03 4.156069417663e-03 4.548241217753e-03 4.986273081646e-03 5.476294540494e-03 6.025286362895e-03 6.641201765119e-03 7.333107136088e-03 8.111346292376e-03 8.987733573913e-03 9.975782312385e-03 1.109097736540e-02 1.235110305595e-02 1.377664103591e-02 1.539125787638e-02 1.722240828793e-02 1.930208928241e-02 2.166779278800e-02 2.436372251784e-02 2.744236579036e-02 3.096654769467e-02 3.501214875095e-02 3.967174623615e-02 4.505955896501e-02 5.131825877716e-02 5.862849601768e-02 6.722243714451e-02 7.740333246328e-02 8.957430097386e-02 1.042814185115e-01 1.222792622964e-01 1.446318955966e-01 1.728694429634e-01 2.092298009155e-01 2.570241692747e-01 3.211662827984e-01 4.088833645198e-01 5.305621749083e-01 7.005587738794e-01 9.375963186646e-01 1.264057641922e+00 1.703071977452e+00 2.272104400079e+00 2.972534696615e+00 3.777285308994e+00 4.622590564760e+00 5.412566138523e+00 6.041663071299e+00 6.429120698132e+00 6.548535294206e+00 6.435895804216e+00 6.172657745985e+00 5.855199178635e+00 5.566603203194e+00 5.360536135064e+00 5.257850566157e+00 5.251835171767e+00 5.319711270951e+00 5.440766893836e+00 5.614761043772e+00 5.859425266485e+00 6.174144485330e+00 6.505459352088e+00 6.774009860574e+00 6.950349228910e+00 7.082544025673e+00 7.230661944207e+00 7.391468707574e+00 7.501548557112e+00 7.493558948876e+00 7.331162346830e+00 7.005296869906e+00 6.522200738176e+00 5.901367565400e+00 5.177741705990e+00 4.399553249459e+00 3.620607938283e+00 2.890423414134e+00 2.246029486611e+00 1.707813317201e+00 1.279859516159e+00 9.536330880900e-01 7.131362638509e-01 5.398342516310e-01 4.162726221577e-01 3.280283283689e-01 2.642294137421e-01 2.171872178812e-01 1.816777813282e-01 1.542208390066e-01 1.325049602206e-01 1.149808763837e-01 1.005922081804e-01 8.860301980243e-02 7.848865448329e-02 6.986643073542e-02 6.245111440277e-02 5.602581411088e-02
2.784039975800e-03 3.024955180374e-03 3.291988491714e-03 3.588528889346e-03 3.918431475959e-03 4.286080913767e-03 4.696463722376e-03 5.155250900036e-03 5.668892651596e-03 6.244727552380e-03 6.891108935993e-03 7.617551994256e-03 8.434906302626e-03 9.355559460748e-03 1.039367944924e-02 1.156550554672e-02 1.288970087751e-02 1.438778356587e-02 1.608465973253e-02 1.800928925615e-02 2.019552667678e-02 2.268319542096e-02 2.551947674167e-02 2.876072752002e-02 3.247489058483e-02 3.674473453347e-02 4.167227203231e-02 4.738487963007e-02 5.404391831497e-02 6.185709836627e-02 7.109656557277e-02 8.212591195721e-02 9.544139210666e-02 1.117361567091e-01 1.320022431428e-01 1.576946302291e-01 1.909957705390e-01 2.352360092761e-01 2.955362755401e-01 3.797235738214e-01 4.994999019801e-01 6.717059115230e-01 9.192941198243e-01 1.271217596730e+00 1.759742444882e+00 2.413015900002e+00 3.241221731802e+00 4.217996370282e+00 5.265299485663e+00 6.255682492516e+00 7.042439530034e+00 7.510812867539e+00 7.623548759857e+00 7.433107353954e+00 7.055247743085e+00 6.623226130922e+00 6.247831365230e+00 5.996940334587e+00 5.893318829041e+00 5.922395558887e+00 6.045881055820e+00 6.226068838506e+00 6.458944745153e+00 6.780971691614e+00 7.209859970472e+00 7.669321429523e+00 8.023490028479e+00 8.220220713711e+00 8.351090824998e+00 8.527599039308e+00 8.743339876633e+00 8.893746644147e+00 8.883084895508e+00 8.672419967025e+00 8.258335316054e+00 7.650698464598e+00 6.873844997278e+00 5.972940281123e+00 5.011197635552e+00 4.058537583105e+00 3.177803095752e+00 2.413955778094e+00 1.789265515248e+00 1.304726947246e+00 9.457426439919e-01 6.893357113014e-01 5.106386878457e-01 3.873650936201e-01 3.019321323291e-01 2.416909884528e-01 1.981050829316e-01 1.656291745504e-01 1.407174507838e-01 1.210972296128e-01 1.052892571616e-01 9.230794407404e-02 8.147855961821e-02 7.232614058801e-02 6.450729359614e-02 5.776755210552e-02 5.191410059740e-02
2.627915656570e-03 2.854085170820e-03 3.104633209336e-03 3.382704184523e-03 3.691871394686e-03 4.036194573447e-03 4.420285303019e-03 4.849381558638e-03 5.329432974572e-03 5.867198758198e-03 6.470360691235e-03 7.147654393704e-03 7.909022626669e-03 8.765795891898e-03 9.730906657962e-03 1.081914599099e-02 1.204747366431e-02 1.343539677547e-02 1.500543704312e-02 1.678371358667e-02 1.880067854020e-02 2.109205642037e-02 2.370005873266e-02 2.667497500330e-02 3.007728541882e-02 3.398050698943e-02 3.847508760442e-02 4.367382460729e-02 4.971954301634e-02 5.679619823725e-02 6.514528811255e-02 7.509070488506e-02 8.707734847950e-02 1.017327280513e-01 1.199677499154e-01 1.431450513855e-01 1.733631027524e-01 2.139320577460e-01 2.701430047746e-01 3.504250763265e-01 4.679033510030e-01 6.422148980232e-01 9.012333239079e-01 1.281902421887e+00 1.828294461108e+00 2.583512963639e+00 3.571840008748e+00 4.771517292978e+00 6.088498477054e+00 7.352902752120e+00 8.358619694464e+00 8.939907715461e+00 9.042623874238e+00 8.743158096405e+00 8.206867841736e+00 7.619051596741e+00 7.128301431570e+00 6.821053802656e+00 6.722448743993e+00 6.808170041553e+00 7.018840070798e+00 7.288528365872e+00 7.600546172566e+00 8.020760255152e+00 8.609135895025e+00 9.261626767774e+00 9.741262682449e+00 9.950374240206e+00 1.006098292535e+01 1.027556043609e+01 1.057252954101e+01 1.077345888013e+01 1.074558269304e+01 1.045675753381e+01 9.914815048745e+00 9.132969277951e+00 8.141234375153e+00 6.999331510051e+00 5.791620941266e+00 4.609926183644e+00 3.534310681289e+00 2.619032512532e+00 1.887326931730e+00 1.334752304078e+00 9.378280592493e-01 6.640064457281e-01 4.801214634256e-01 3.578418606354e-01 2.758566734181e-01 2.195787176233e-01 1.796458082753e-01 1.502616913651e-01 1.278768918350e-01 1.102983515922e-01 9.614009148508e-02 8.449918927349e-02 7.476751281494e-02 6.652177771570e-02 5.945819021492e-02 5.335260826276e-02 4.803556153772e-02
2.479092096831e-03 2.691239624110e-03 2.926115582506e-03 3.186633258982e-03 3.476099826530e-03 3.798268443268e-03 4.157397242488e-03 4.558316430896e-03 5.006504696420e-03 5.508176745778e-03 6.070383991582e-03 6.701131038561e-03 7.409511365352e-03 8.205866592743e-03 9.101974792841e-03 1.011127542690e-02 1.124914029145e-02 1.253320368078e-02 1.398376868157e-02 1.562431317412e-02 1.748212742602e-02 1.958912752873e-02 2.198290650995e-02 2.470811135582e-02 2.781827244144e-02 3.137827164848e-02 3.546772703602e-02 4.018571809964e-02 4.565751471202e-02 5.204437123601e-02 5.955813748371e-02 6.848365793805e-02 7.921415984451e-02 9.230898991595e-02 1.085909424725e-01 1.293152831066e-01 1.564694203991e-01 1.933050030483e-01 2.452529910931e-01 3.213769041803e-01 4.364034301521e-01 6.131785811521e-01 8.853055331551e-01 1.299363631587e+00 1.914479512210e+00 2.794211742114e+00 3.984227111011e+00 5.473672290208e+00 7.152099150883e+00 8.793866235015e+00 1.010771464824e+01 1.085094307802e+01 1.094214368595e+01 1.049169775281e+01 9.736262649440e+00 8.934612672240e+00 8.287445340900e+00 7.906038599666e+00 7.818979588677e+00 7.991063815259e+00 8.336836434345e+00 8.746159660462e+00 9.169072505297e+00 9.710783939586e+00 1.052006620609e+01 1.146903812783e+01 1.213971413736e+01 1.234228715748e+01 1.239954643154e+01 1.267389802351e+01 1.309533701822e+01 1.335434568398e+01 1.327828548916e+01 1.286261041905e+01 1.213241873372e+01 1.110164467319e+01 9.807909599571e+00 8.332968595566e+00 6.791536931126e+00 5.305180635996e+00 3.975856601583e+00 2.868064900123e+00 2.003896937921e+00 1.369734966886e+00 9.291899964235e-01 6.366575328754e-01 4.481411996355e-01 3.277987059434e-01 2.499878738876e-01 1.980757840937e-01 1.619535000808e-01 1.356763248069e-01 1.157651883596e-01 1.001494402451e-01 8.755789377778e-02 7.717980944334e-02 6.847707790783e-02 6.107867081847e-02 5.471976489813e-02 4.920549203493e-02 4.438860944441e-02
2.337353001196e-03 2.536183786812e-03 2.756180562549e-03 3.000038667596e-03 3.270814555781e-03 3.571972825436e-03 3.907439294229e-03 4.281661143288e-03 4.699675244318e-03 5.167186093458e-03 5.690655131413e-03 6.277403762589e-03 6.935732785161e-03 7.675062140487e-03 8.506095502593e-03 9.441016149738e-03 1.049372225380e-02 1.168011240513e-02 1.301843633331e-02 1.452973026736e-02 1.623836461512e-02 1.817274134553e-02 2.036619396060e-02 2.285816567805e-02 2.569577442228e-02 2.893592484151e-02 3.264820854563e-02 3.691896187266e-02 4.185706442504e-02 4.760242327983e-02 5.433872421887e-02 6.231318967458e-02 7.186826591542e-02 8.349442796310e-02 9.792187188769e-02 1.162864163073e-01 1.404402717982e-01 1.735432715136e-01 2.211588708612e-01 2.931022403611e-01 4.060713577510e-01 5.868019197785e-01 8.757545175261e-01 1.331345398414e+00 2.032089929650e+00 3.069051390021e+00 4.518084695673e+00 6.387011977670e+00 8.550045067446e+00 1.071153536686e+01 1.246242381000e+01 1.344511070140e+01 1.353164575025e+01 1.287734863639e+01 1.181960432730e+01 1.072082046583e+01 9.855140987956e+00 9.369144611284e+00 9.297579875680e+00 9.594420249150e+00 1.014593239323e+01 1.077897383832e+01 1.136924612942e+01 1.205825548954e+01 1.316736417261e+01 1.457830183796e+01 1.555116580743e+01 1.570859259619e+01 1.565993770409e+01 1.604452194793e+01 1.665936344271e+01 1.697051871574e+01 1.678505161453e+01 1.616349850331e+01 1.514965546816e+01 1.375255773641e+01 1.202338330727e+01 1.007908687814e+01 8.078346938338e+00 6.182772083927e+00 4.521294361092e+00 3.168286113074e+00 2.140370575136e+00 1.408835105222e+00 9.186872913728e-01 6.066113022225e-01 4.145351435890e-01 2.973655397100e-01 2.245403269332e-01 1.773740057523e-01 1.451664212410e-01 1.219619772410e-01 1.044353427848e-01 9.068004491740e-02 7.955775280256e-02 7.035629885047e-02 6.260879724526e-02 5.599561435263e-02 5.028937711585e-02 4.532289944425e-02 4.096972255010e-02
2.202477932478e-03 2.388677597748e-03 2.594566332426e-03 2.822634407339e-03 3.075702631258e-03 3.356964619748e-03 3.670034489696e-03 4.019000602926e-03 4.408486419870e-03 4.843719672080e-03 5.330611333353e-03 5.875846209602e-03 6.486987723950e-03 7.172599753611e-03 7.942389791490e-03 8.807378382966e-03 9.780101975294e-03 1.087485817518e-02 1.210800589140e-02 1.349833677138e-02 1.506754120531e-02 1.684080010383e-02 1.884754728786e-02 2.112246579210e-02 2.370680988458e-02 2.665018836053e-02 3.001301356902e-02 3.386993152448e-02 3.831473360793e-02 4.346756941412e-02 4.948584856268e-02 5.658128010840e-02 6.504755764241e-02 7.530740199650e-02 8.799666504740e-02 1.041232725577e-01 1.253846084517e-01 1.548269134722e-01 1.981980683191e-01 2.664040007466e-01 3.789713321046e-01 5.678879422640e-01 8.825593926480e-01 1.397342911099e+00 2.217819349335e+00 3.472876172399e+00 5.276852033390e+00 7.658601253010e+00 1.047221738633e+01 1.333778374205e+01 1.570057193621e+01 1.704530558773e+01 1.715979776961e+01 1.624429215334e+01 1.477196419242e+01 1.325149352053e+01 1.206520454862e+01 1.141572733050e+01 1.135164892413e+01 1.181774758769e+01 1.267439885815e+01 1.367108199252e+01 1.453990568790e+01 1.541172798633e+01 1.691388971587e+01 1.905000526238e+01 2.051833403234e+01 2.055961953258e+01 2.033404940792e+01 2.094404713890e+01 2.185288668619e+01 2.217086977433e+01 2.176201205883e+01 2.080386901475e+01 1.934599963582e+01 1.738760957594e+01 1.500994423009e+01 1.238787958900e+01 9.743748662327e+00 7.292036044662e+00 5.192933938768e+00 3.527080237519e+00 2.297230567168e+00 1.450258446738e+00 9.045858579971e-01 5.729863767411e-01 3.791513586198e-01 2.667306093837e-01 1.997631391473e-01 1.576701433678e-01 1.294116593618e-01 1.091915728560e-01 9.392520914282e-02 8.190726380554e-02 7.214514214392e-02 6.402792535007e-02 5.715883226565e-02 5.126739543502e-02 4.616138637574e-02 4.169926291442e-02 3.777365542978e-02
2.074243361976e-03 2.248476880408e-03 2.441005719348e-03 2.654127627500e-03 2.890442360410e-03 3.152889696016e-03 3.444792057484e-03 3.769902459164e-03 4.132458540868e-03 4.537243738315e-03 4.989656805893e-03 5.495791214509e-03 6.062526547772e-03 6.697634305220e-03 7.409901573031e-03 8.209276762459e-03 9.107043287041e-03 1.011602859589e-02 1.125085892562e-02 1.252827345472e-02 1.396751694461e-02 1.559083680443e-02 1.742412181204e-02 1.949773454970e-02 2.184761416041e-02 2.451676129862e-02 2.755727589945e-02 3.103321013969e-02 3.502465682698e-02 3.963376418194e-02 4.499386097012e-02 5.128381045670e-02 5.875157980658e-02 6.775498495698e-02 7.883661440659e-02 9.287220106358e-02 1.113911779873e-01 1.373318086491e-01 1.768459319470e-01 2.428917946571e-01 3.599341779068e-01 5.682249587458e-01 9.309335370573e-01 1.548536685236e+00 2.572357563231e+00 4.190697519948e+00 6.563485584531e+00 9.717924301907e+00 1.343783999279e+01 1.721766371335e+01 2.037172560959e+01 2.224765178448e+01 2.248936756042e+01 2.127727426834e+01 1.923938438767e+01 1.709417680341e+01 1.539636140290e+01 1.445208389568e+01 1.434653981499e+01 1.502045540502e+01 1.631318102865e+01 1.789848251082e+01 1.927345277211e+01 2.040924987777e+01 2.240384024844e+01 2.567519386303e+01 2.798131026197e+01 2.779413754578e+01 2.733410372768e+01 2.841986881404e+01 2.974174491348e+01 2.993052458153e+01 2.909373844811e+01 2.756619317159e+01 2.536884721399e+01 2.250273170129e+01 1.911810581948e+01 1.548552147632e+01 1.191860529213e+01 8.698895492860e+00 6.018029551376e+00 3.951928023022e+00 2.473580921485e+00 1.490825629947e+00 8.843724925896e-01 5.347109488928e-01 3.419096819432e-01 2.361722671626e-01 1.759431425126e-01 1.391590864894e-01 1.147985871751e-01 9.741824449403e-02 8.425588037515e-02 7.383537935353e-02 6.531613191405e-02 5.818714978662e-02 5.211841627806e-02 4.688520853217e-02 4.232750595619e-02 3.832704297012e-02 3.479367545976e-02
1.952423651233e-03 2.115334538965e-03 2.295227627956e-03 2.494220258935e-03 2.714705321701e-03 2.959385267423e-03 3.231310197226e-03 3.533920457551e-03 3.871094506473e-03 4.247202780753e-03 4.667168707307e-03 5.136537991477e-03 5.661557985219e-03 6.249269040327e-03 6.907610779107e-03 7.645546646279e-03 8.473211519961e-03 9.402088568156e-03 1.044522367115e-02 1.161748866401e-02 1.293590894115e-02 1.442007666150e-02 1.609267961780e-02 1.798018856816e-02 2.011376491769e-02 2.253048021221e-02 2.527498588438e-02 2.840184789308e-02 3.197888896449e-02 3.609210680125e-02 4.085314725877e-02 4.641110519760e-02 5.297205115636e-02 6.083327045089e-02 7.044790543276e-02 8.255973187668e-02 9.852829882151e-02 1.212754762641e-01 1.581516325289e-01 2.270906841339e-01 3.628740416465e-01 6.208592621869e-01 1.090032613546e+00 1.923685098676e+00 3.368672869709e+00 5.731885023330e+00 9.244850924109e+00 1.386129726940e+01 1.907725045913e+01 2.401344144983e+01 2.793650705255e+01 3.043886644643e+01 3.104510376699e+01 2.959976122857e+01 2.677719019799e+01 2.361634349831e+01 2.098517581366e+01 1.940892324098e+01 1.907641208352e+01 1.994257328509e+01 2.182461958699e+01 2.433915223365e+01 2.667362340690e+01 2.831959948301e+01 3.092114177879e+01 3.594423168765e+01 3.970091590304e+01 3.916601112189e+01 3.855874085736e+01 4.062214132715e+01 4.242729117106e+01 4.217622992892e+01 4.053440139177e+01 3.796243730529e+01 3.442199516242e+01 2.998380587020e+01 2.494755107227e+01 1.974088759034e+01 1.480515080600e+01 1.049913494030e+01 7.033250117726e+00 4.451295264130e+00 2.666684976283e+00 1.525334321649e+00 8.545421168685e-01 4.906115894035e-01 3.029054110827e-01 2.060936742504e-01 1.534010088923e-01 1.220227902779e-01 1.014114249122e-01 8.667204600926e-02 7.543084753042e-02 6.645611404451e-02 5.905801566058e-02 5.282030206850e-02 4.747445998172e-02 4.283715854791e-02 3.877720729147e-02 3.519704810851e-02 3.202181431888e-02
1.836792014049e-03 1.989001681052e-03 2.156958329267e-03 2.342610611808e-03 2.548158173365e-03 2.776082101106e-03 3.029178772471e-03 3.310597682485e-03 3.623883658727e-03 3.973024207164e-03 4.362502783218e-03 4.797359074552e-03 5.283257535545e-03 5.826565941470e-03 6.434446114912e-03 7.114959731172e-03 7.877192856397e-03 8.731404435476e-03 9.689205183829e-03 1.076377617716e-02 1.197013939005e-02 1.332549741472e-02 1.484966643347e-02 1.656563646376e-02 1.850030862042e-02 2.068548220606e-02 2.315920192155e-02 2.596763641617e-02 2.916776117738e-02 3.283130004303e-02 3.705071027545e-02 4.194864443769e-02 4.769367411618e-02 5.452814789562e-02 6.282204356171e-02 7.319248346425e-02 8.685444189153e-02 1.071123031914e-01 1.453484209863e-01 2.335724554875e-01 4.303712387757e-01 8.216368571217e-01 1.552176958191e+00 2.892571669165e+00 5.306040870794e+00 9.372851953543e+00 1.552863340555e+01 2.356821603834e+01 3.211213716368e+01 3.883778338239e+01 4.282781463819e+01 4.548659925104e+01 4.688100487572e+01 4.550155931848e+01 4.146083964935e+01 3.635547342586e+01 3.172715560343e+01 2.858567874592e+01 2.741045994058e+01 2.822629510824e+01 3.081739802114e+01 3.473374372735e+01 3.885096223346e+01 4.169793814632e+01 4.514335131790e+01 5.278967041441e+01 5.907214831648e+01 5.826732582539e+01 5.811860516392e+01 6.205533105537e+01 6.423052048998e+01 6.294976654231e+01 5.973203057687e+01 5.503534594941e+01 4.883846488388e+01 4.148388021847e+01 3.356966629611e+01 2.578294189796e+01 1.873087195029e+01 1.283989790677e+01 8.291747080456e+00 5.035816168750e+00 2.870793492464e+00 1.545398817442e+00 8.104224109979e-01 4.396589577593e-01 2.625631092678e-01 1.770478620951e-01 1.324745057363e-01 1.064146525353e-01 8.930178011584e-02 7.695778687240e-02 6.743616648096e-02 5.974954986209e-02 5.335032655381e-02 4.790847314620e-02 4.321027196156e-02 3.910882395782e-02 3.549815403111e-02 3.229876848013e-02 2.944912502498e-02
1.727121401513e-03 1.869228656859e-03 2.025922736823e-03 2.198994847027e-03 2.390464495421e-03 2.602606656335e-03 2.837981853285e-03 3.099469585224e-03 3.390305496120e-03 3.714122825903e-03 4.074998818310e-03 4.477506864663e-03 4.926775496756e-03 5.428555535223e-03 5.989297131664e-03 6.616239004402e-03 7.317512876019e-03 8.102266977177e-03 8.980814117743e-03 9.964811345728e-03 1.106748110408e-02 1.230388735509e-02 1.369128565892e-02 1.524957409672e-02 1.700188370944e-02 1.897536565369e-02 2.120226108672e-02 2.372138680173e-02 2.658024916367e-02 2.983813863659e-02 3.357081540141e-02 3.787790357617e-02 4.289518528920e-02 4.881650583928e-02 5.593698852077e-02 6.475863739081e-02 7.644614412670e-02 9.596597681010e-02 1.472120224999e-01 3.008045299544e-01 6.687510173382e-01 1.399844567963e+00 2.762805199621e+00 5.278790025674e+00 9.870593889824e+00 1.771292289008e+01 2.985642603013e+01 4.601943870902e+01 6.296057820703e+01 7.388497229917e+01 7.621527335650e+01 7.720191884521e+01 7.988575583284e+01 7.906700212828e+01 7.259500041776e+01 6.318257056272e+01 5.394841806127e+01 4.686997424832e+01 4.315795699889e+01 4.301819284093e+01 4.620828582775e+01 5.206757052982e+01 5.918312016665e+01 6.470834050747e+01 6.962841042797e+01 8.093445332390e+01 9.140686394050e+01 9.115626319470e+01 9.329276531400e+01 1.004642468745e+02 1.026748742052e+02 9.947049405748e+01 9.308696300104e+01 8.396333978763e+01 7.244251295962e+01 5.960186676376e+01 4.657616378217e+01 3.448661390391e+01 2.411246188659e+01 1.588749611003e+01 9.841200259372e+00 5.705353160225e+00 3.070015449514e+00 1.536944220678e+00 7.463545760005e-01 3.814964058107e-01 2.218145788305e-01 1.497286796255e-01 1.134841941192e-01 9.244088146736e-02 7.848267851519e-02 6.825462438517e-02 6.024177402328e-02 5.368567973341e-02 4.816617394802e-02 4.342856064160e-02 3.930634914952e-02 3.568384761968e-02 3.247664411401e-02 2.962070843818e-02 2.706593418671e-02
1.623185355030e-03 1.755766073893e-03 1.901845577673e-03 2.063068384254e-03 2.241286398520e-03 2.438583077520e-03 2.657300102134e-03 2.900066865830e-03 3.169833094223e-03 3.469905025985e-03 3.803985687318e-03 4.176219834250e-03 4.591244516952e-03 5.054246136938e-03 5.571025530969e-03 6.148072728845e-03 6.792653828152e-03 7.512912951052e-03 8.317993623882e-03 9.218184956688e-03 1.022510044559e-02 1.135189975971e-02 1.261356820939e-02 1.402727468591e-02 1.561283774324e-02 1.739334365401e-02 1.939598205971e-02 2.165320029684e-02 2.420433731513e-02 2.709800309425e-02 3.039566280272e-02 3.417726645881e-02 3.855057587916e-02 4.366778577547e-02 4.975891831136e-02 5.722954096958e-02 6.739960321101e-02 8.962210695580e-02 1.776940494610e-01 4.874223948645e-01 1.231394300956e+00 2.674488544369e+00 5.327959961162e+00 1.017271043955e+01 1.895580504840e+01 3.391693307164e+01 5.748306935920e+01 8.972099903356e+01 1.246444932098e+02 1.455660465375e+02 1.444532986873e+02 1.411252546958e+02 1.455138413447e+02 1.450579984354e+02 1.330114854237e+02 1.144019313027e+02 9.562594702681e+01 8.013552088368e+01 7.058119901733e+01 6.744314785465e+01 7.051672734911e+01 7.858955663635e+01 8.976521345456e+01 9.991672824709e+01 1.073834442824e+02 1.229255773508e+02 1.392888699316e+02 1.417336918250e+02 1.495963572042e+02 1.615983395357e+02 1.637435511264e+02 1.577991931834e+02 1.457938368119e+02 1.286972885340e+02 1.078405226419e+02 8.583304214738e+01 6.462049240167e+01 4.601337822614e+01 3.087135710887e+01 1.950174514281e+01 1.155794108868e+01 6.374309257502e+00 3.212055606172e+00 1.475857366899e+00 6.570389911482e-01 3.173217056430e-01 1.822072173222e-01 1.248966067846e-01 9.668265775593e-02 8.014302850153e-02 6.892597368145e-02 6.051787709467e-02 5.380393097051e-02 4.822646937970e-02 4.347379240869e-02 3.935439233636e-02 3.574118639707e-02 3.254452370093e-02 2.969803957818e-02 2.715070517969e-02 2.486208099719e-02
1.524758775025e-03 1.648365698121e-03 1.784452476575e-03 1.934527206960e-03 2.100286120435e-03 2.283635050490e-03 2.486713013352e-03 2.711918172014e-03 2.961936373811e-03 3.239772658005e-03 3.548786062844e-03 3.892728251109e-03 4.275786575556e-03 4.702632410812e-03 5.178475732361e-03 5.709127366265e-03 6.301070677298e-03 6.961545020069e-03 7.698644259202e-03 8.521434457956e-03 9.440096733945e-03 1.046610314731e-02 1.161243678571e-02 1.289387178105e-02 1.432733558917e-02 1.593238637551e-02 1.773185443095e-02 1.975272270628e-02 2.202736490644e-02 2.459533612037e-02 2.750605073947e-02 3.082295650698e-02 3.463039776579e-02 3.904577449318e-02 4.424444204894e-02 5.055734688583e-02 5.968630046971e-02 8.828089981871e-02 2.379732591731e-01 7.937436002511e-01 2.103679256327e+00 4.594376769141e+00 9.130505973986e+00 1.733021347779e+01 3.206074099947e+01 5.699104249110e+01 9.660870086234e+01 1.517809076605e+02 2.136294140141e+02 2.507440062886e+02 2.465163920545e+02 2.391732599982e+02 2.458253056502e+02 2.433128688664e+02 2.205961828684e+02 1.868451695198e+02 1.533799719898e+02 1.249872572636e+02 1.061861802557e+02 9.760444859075e+01 9.914387814005e+01 1.087045437811e+02 1.234068222456e+02 1.386340942067e+02 1.490149750454e+02 1.674448748446e+02 1.894311552926e+02 1.971592607185e+02 2.140485819982e+02 2.317606089408e+02 2.348016308953e+02 2.264928064133e+02 2.074172824421e+02 1.801321704824e+02 1.474159785049e+02 1.141590673961e+02 8.320503796262e+01 5.723773679613e+01 3.698886966592e+01 2.248530585935e+01 1.279238706093e+01 6.728051945068e+00 3.170547818451e+00 1.328323891959e+00 5.412684583654e-01 2.507919108174e-01 1.457712085898e-01 1.032263237940e-01 8.219946417705e-02 6.948787962944e-02 6.056469638316e-02 5.368310969343e-02 4.806856077739e-02 4.332822834638e-02 3.923817061232e-02 3.565784657409e-02 3.249205750005e-02 2.967235158053e-02 2.714716637770e-02 2.487622221304e-02 2.282713612151e-02
1.431618639914e-03 1.546781324639e-03 1.673470983260e-03 1.813069052982e-03 1.967127437746e-03 2.137387508375e-03 2.325800945196e-03 2.534552529159e-03 2.766085045796e-03 3.023126642326e-03 3.308720810079e-03 3.626259443191e-03 3.979519404384e-03 4.372703177036e-03 4.810484418418e-03 5.298059389150e-03 5.841205669449e-03 6.446349823785e-03 7.120646526024e-03 7.872072238530e-03 8.709537899765e-03 9.643026496121e-03 1.068376383249e-02 1.184443413167e-02 1.313945694892e-02 1.458534945247e-02 1.620120972838e-02 1.800937532365e-02 2.003634213956e-02 2.231408235820e-02 2.488199734504e-02 2.778993064171e-02 3.110306558434e-02 3.491049875562e-02 3.934313207934e-02 4.467092326369e-02 5.293488164205e-02 8.721528927632e-02 2.906277497631e-01 1.054650467551e+00 2.825934937195e+00 6.161046601250e+00 1.222714461418e+01 2.318116284107e+01 4.283977478336e+01 7.608399200302e+01 1.291483799435e+02 2.034190953379e+02 2.877117132766e+02 3.380424759134e+02 3.332361199215e+02 3.277094252330e+02 3.372564462920e+02 3.289564805420e+02 2.931368215705e+02 2.440961292488e+02 1.972916866690e+02 1.575476976016e+02 1.304497638462e+02 1.163665618801e+02 1.152371279810e+02 1.241958782785e+02 1.392130568320e+02 1.562286722491e+02 1.674605579494e+02 1.846979047700e+02 2.080494848260e+02 2.210747887962e+02 2.458365636348e+02 2.676161529488e+02 2.731403271489e+02 2.648966991835e+02 2.416805148309e+02 2.079419341449e+02 1.675331635741e+02 1.272976437098e+02 9.058647831587e+01 6.071453558275e+01 3.810278393280e+01 2.247095843104e+01 1.237232621561e+01 6.259545547364e+00 2.784072162156e+00 1.073557255855e+00 4.077804780358e-01 1.879768403559e-01 1.145080501599e-01 8.511551926565e-02 7.000481078699e-02 6.037028371095e-02 5.330067980252e-02 4.767197884708e-02 4.297506772774e-02 3.894404335554e-02 3.542262459934e-02 3.230989581787e-02 2.953572675049e-02 2.704853346395e-02 2.480867062447e-02 2.278460964571e-02 2.095059544426e-02
1.343544670483e-03 1.450769541591e-03 1.568631478839e-03 1.698394527148e-03 1.841476974468e-03 1.999468203128e-03 2.174147017425e-03 2.367501624393e-03 2.581751334788e-03 2.819370211806e-03 3.083112866827e-03 3.376042597478e-03 3.701562297726e-03 4.063448522285e-03 4.465889198840e-03 4.913525896201e-03 5.411501405079e-03 5.965514142259e-03 6.581880941861e-03 7.267610718568e-03 8.030492081060e-03 8.879199293690e-03 9.823422617653e-03 1.087403139057e-02 1.204328178865e-02 1.334508641269e-02 1.479537107907e-02 1.641255702474e-02 1.821822777985e-02 2.023807656058e-02 2.250329509543e-02 2.505268970624e-02 2.793607017855e-02 3.122007775791e-02 3.500042432503e-02 3.948550330797e-02 4.660717697269e-02 7.942317711557e-02 2.812807639970e-01 1.038141444102e+00 2.775112767085e+00 6.041707134767e+00 1.202421700146e+01 2.293668552346e+01 4.272861707660e+01 7.647098931264e+01 1.304764132902e+02 2.055856225973e+02 2.896439494343e+02 3.376681605343e+02 3.339783471670e+02 3.357240579452e+02 3.471733387059e+02 3.328888956722e+02 2.907224053136e+02 2.377854887511e+02 1.894550230279e+02 1.489685690362e+02 1.210902689431e+02 1.056299517986e+02 1.024050561295e+02 1.085283472348e+02 1.197125773015e+02 1.331198402513e+02 1.416527512276e+02 1.533834706007e+02 1.718013148313e+02 1.859245766888e+02 2.112113570179e+02 2.321087969618e+02 2.399095568454e+02 2.346532868969e+02 2.142929945465e+02 1.837624754466e+02 1.467743291274e+02 1.102410811745e+02 7.720774440106e+01 5.083081201525e+01 3.124235604650e+01 1.802929696300e+01 9.696862894563e+00 4.774110843460e+00 2.040196612837e+00 7.455807452719e-01 2.773698390570e-01 1.353943236005e-01 8.964532631709e-02 7.055291431002e-02 5.991372900486e-02 5.263015556320e-02 4.701605314023e-02 4.239884933393e-02 3.846012739009e-02 3.502603063913e-02 3.199019772141e-02 2.928151484184e-02 2.684906043076e-02 2.465439963515e-02 2.266732237414e-02 2.086332626440e-02 1.922204550148e-02
