AXIS X
0.000000000000e+00 2.500000000000e-03 5.000000000000e-03 7.500000000000e-03 1.000000000000e-02 1.250000000000e-02 1.500000000000e-02 1.750000000000e-02 2.000000000000e-02 2.250000000000e-02 2.500000000000e-02 2.750000000000e-02 3.000000000000e-02 3.250000000000e-02 3.500000000000e-02 3.750000000000e-02 4.000000000000e-02 4.250000000000e-02 4.500000000000e-02 4.750000000000e-02 5.000000000000e-02 5.250000000000e-02 5.500000000000e-02 5.750000000000e-02 6.000000000000e-02 6.250000000000e-02 6.500000000000e-02 6.750000000000e-02 7.000000000000e-02 7.250000000000e-02 7.500000000000e-02 7.750000000000e-02 8.000000000000e-02 8.250000000000e-02 8.500000000000e-02 8.750000000000e-02 9.000000000000e-02 9.250000000000e-02 9.500000000000e-02 9.750000000000e-02 1.000000000000e-01 1.025000000000e-01 1.050000000000e-01 1.075000000000e-01 1.100000000000e-01 1.125000000000e-01 1.150000000000e-01 1.175000000000e-01 1.200000000000e-01 1.225000000000e-01 1.250000000000e-01 1.275000000000e-01 1.300000000000e-01 1.325000000000e-01 1.350000000000e-01 1.375000000000e-01 1.400000000000e-01 1.425000000000e-01 1.450000000000e-01 1.475000000000e-01 1.500000000000e-01 1.525000000000e-01 1.550000000000e-01 1.575000000000e-01 1.600000000000e-01 1.625000000000e-01 1.650000000000e-01 1.675000000000e-01 1.700000000000e-01 1.725000000000e-01 1.750000000000e-01 1.775000000000e-01 1.800000000000e-01 1.825000000000e-01 1.850000000000e-01 1.875000000000e-01 1.900000000000e-01 1.925000000000e-01 1.950000000000e-01 1.975000000000e-01 2.000000000000e-01 2.025000000000e-01 2.050000000000e-01 2.075000000000e-01 2.100000000000e-01 2.125000000000e-01 2.150000000000e-01 2.175000000000e-01 2.200000000000e-01 2.225000000000e-01 2.250000000000e-01 2.275000000000e-01 2.300000000000e-01 2.325000000000e-01 2.350000000000e-01 2.375000000000e-01 2.400000000000e-01 2.425000000000e-01 2.450000000000e-01 2.475000000000e-01 2.500000000000e-01

AXIS Y
0.000000000000e+00 1.875000000000e-03 3.750000000000e-03 5.625000000000e-03 7.500000000000e-03 9.375000000000e-03 1.125000000000e-02 1.312500000000e-02 1.500000000000e-02 1.687500000000e-02 1.875000000000e-02 2.062500000000e-02 2.250000000000e-02 2.437500000000e-02 2.625000000000e-02 2.812500000000e-02 3.000000000000e-02 3.187500000000e-02 3.375000000000e-02 3.562500000000e-02 3.750000000000e-02 3.937500000000e-02 4.125000000000e-02 4.312500000000e-02 4.500000000000e-02 4.687500000000e-02 4.875000000000e-02 5.062500000000e-02 5.250000000000e-02 5.437500000000e-02 5.625000000000e-02 5.812500000000e-02 6.000000000000e-02 6.187500000000e-02 6.375000000000e-02 6.562500000000e-02 6.750000000000e-02 6.937500000000e-02 7.125000000000e-02 7.312500000000e-02 7.500000000000e-02 7.687500000000e-02 7.875000000000e-02 8.062500000000e-02 8.250000000000e-02 8.437500000000e-02 8.625000000000e-02 8.812500000000e-02 9.000000000000e-02 9.187500000000e-02 9.375000000000e-02 9.562500000000e-02 9.750000000000e-02 9.937500000000e-02 1.012500000000e-01 1.031250000000e-01 1.050000000000e-01 1.068750000000e-01 1.087500000000e-01 1.106250000000e-01 1.125000000000e-01 1.143750000000e-01 1.162500000000e-01 1.181250000000e-01 1.200000000000e-01 1.218750000000e-01 1.237500000000e-01 1.256250000000e-01 1.275000000000e-01 1.293750000000e-01 1.312500000000e-01 1.331250000000e-01 1.350000000000e-01 1.368750000000e-01 1.387500000000e-01 1.406250000000e-01 1.425000000000e-01 1.443750000000e-01 1.462500000000e-01 1.481250000000e-01 1.500000000000e-01 1.518750000000e-01 1.537500000000e-01 1.556250000000e-01 1.575000000000e-01 1.593750000000e-01 1.612500000000e-01 1.631250000000e-01 1.650000000000e-01 1.668750000000e-01 1.687500000000e-01 1.706250000000e-01 1.725000000000e-01 1.743750000000e-01 1.762500000000e-01 1.781250000000e-01 1.800000000000e-01 1.818750000000e-01 1.837500000000e-01 1.856250000000e-01 1.875000000000e-01 1.893750000000e-01 1.912500000000e-01 1.931250000000e-01 1.950000000000e-01 1.968750000000e-01 1.987500000000e-01 2.006250000000e-01 2.025000000000e-01 2.043750000000e-01 2.062500000000e-01 2.081250000000e-01 2.100000000000e-01 2.118750000000e-01 2.137500000000e-01 2.156250000000e-01 2.175000000000e-01 2.193750000000e-01 2.212500000000e-01 2.231250000000e-01 2.250000000000e-01 2.268750000000e-01 2.287500000000e-01 2.306250000000e-01 2.325000000000e-01 2.343750000000e-01 2.362500000000e-01 2.381250000000e-01 2.400000000000e-01 2.418750000000e-01 2.437500000000e-01 2.456250000000e-01 2.475000000000e-01 2.493750000000e-01 2.512500000000e-01 2.531250000000e-01 2.550000000000e-01 2.568750000000e-01 2.587500000000e-01 2.606250000000e-01 2.625000000000e-01 2.643750000000e-01 2.662500000000e-01 2.681250000000e-01 2.700000000000e-01 2.718750000000e-01 2.737500000000e-01 2.756250000000e-01 2.775000000000e-01 2.793750000000e-01 2.812500000000e-01 2.831250000000e-01 2.850000000000e-01 2.868750000000e-01 2.887500000000e-01 2.906250000000e-01 2.925000000000e-01 2.943750000000e-01 2.962500000000e-01 2.981250000000e-01 3.000000000000e-01

DATA
1.598495008150e-03 1.869389946433e-03 2.176721351754e-03 2.523919532898e-03 2.914544398430e-03 3.352263140577e-03 3.840822203160e-03 4.384012696064e-03 4.985628889168e-03 5.649419029275e-03 6.379028559909e-03 7.177935434259e-03 8.049378069217e-03 8.996276390859e-03 1.002114711016e-02 1.112601441362e-02 1.231231787587e-02 1.358081935343e-02 1.493151128731e-02 1.636352864961e-02 1.787506703507e-02 1.946330945443e-02 2.112436450320e-02 2.285321785036e-02 2.464369983916e-02 2.648847048746e-02 2.837902407828e-02 3.030571402148e-02 3.225779899067e-02 3.422351125772e-02 3.619014582862e-02 3.814417128958e-02 4.007136012466e-02 4.195693743550e-02 4.378574671165e-02 4.554242941069e-02 4.721161648367e-02 4.877812855976e-02 5.022718208583e-02 5.154459801507e-02 5.271700936521e-02 5.373206483185e-02 5.457862481840e-02 5.524694562890e-02 5.572885002186e-02 5.601787863087e-02 5.610942117053e-02 5.600082211921e-02 5.569145959340e-02 5.518279380847e-02 5.447838280657e-02 5.358386429129e-02 5.250690166962e-02 5.125709394995e-02 4.984585000195e-02 4.828622872190e-02 4.659274714485e-02 4.478115983867e-02 4.286821464429e-02 4.087138888881e-02 3.880861369756e-02 3.669799154849e-02 3.455751522673e-02 3.240479442143e-02 3.025679693411e-02 2.812961105065e-02 2.603823396409e-02 2.399639122541e-02 2.201639056860e-02 2.010901180365e-02 1.828343429274e-02 1.654720095982e-02 1.490621811576e-02 1.336478804476e-02 1.192567132133e-02 1.059017485301e-02 9.358261468336e-03 8.228676224006e-03 7.199084997965e-03 6.266220771930e-03 5.426033525317e-03 4.673839548260e-03 4.004467063530e-03 3.412395008798e-03 2.891882608823e-03 2.437087862036e-03 2.042173472420e-03 1.701399438559e-03 1.409201674937e-03 1.160256801413e-03 9.495332284292e-04 7.723293062422e-04 6.242992811475e-04 5.014682281373e-04 4.002371166291e-04 3.173793668642e-04 2.500302401740e-04 1.956704630278e-04 1.521053887068e-04 1.174409820360e-04 9.005776704668e-05
1.668806284543e-03 1.952315345703e-03 2.274063125922e-03 2.637663334321e-03 3.046868288061e-03 3.505545764702e-03 4.017649851862e-03 4.587184972896e-03 5.218162396113e-03 5.914548902148e-03 6.680207072230e-03 7.518827411025e-03 8.433852406743e-03 9.428393249315e-03 1.050514034313e-02 1.166626879646e-02 1.291334072662e-02 1.424720645164e-02 1.566790690988e-02 1.717457971002e-02 1.876537175912e-02 2.043736057232e-02 2.218648788605e-02 2.400750697305e-02 2.589394709760e-02 2.783809645055e-02 2.983100539448e-02 3.186251183686e-02 3.392128916995e-02 3.599491742346e-02 3.806997703906e-02 4.013216610385e-02 4.216643790308e-02 4.415715918382e-02 4.608828600748e-02 4.794355485913e-02 4.970668700170e-02 5.136160144904e-02 5.289263559409e-02 5.428476704993e-02 5.552383569516e-02 5.659676065956e-02 5.749174875316e-02 5.819849067936e-02 5.870834167063e-02 5.901448256215e-02 5.911205692978e-02 5.899828273307e-02 5.867253405945e-02 5.813639054122e-02 5.739365185993e-02 5.645031634245e-02 5.531452120542e-02 5.399644546940e-02 5.250817449856e-02 5.086352979854e-02 4.907786425436e-02 4.716782833664e-02 4.515111119470e-02 4.304616246275e-02 4.087190066823e-02 3.864741637272e-02 3.639167585528e-02 3.412323416056e-02 3.185996326798e-02 2.961880251926e-02 2.741553748801e-02 2.526461052776e-02 2.317896814773e-02 2.116994606189e-02 1.924719373489e-02 1.741863742606e-02 1.569048057404e-02 1.406723864863e-02 1.255180503257e-02 1.114554407512e-02 9.848406439127e-03 8.659062094603e-03 7.575046145033e-03 6.592912662971e-03 5.708392281603e-03 4.916549182327e-03 4.211934209000e-03 3.588730780436e-03 3.040891160350e-03 2.562261075310e-03 2.146691205244e-03 1.788134576530e-03 1.480729421692e-03 1.218867379065e-03 9.972473902136e-04 8.109159137739e-04 6.552943637507e-04 5.261949018343e-04 4.198258492163e-04 3.327881064013e-04 2.620640245030e-04 2.050001602685e-04 1.592853351545e-04 1.229253094937e-04 9.421530868154e-05
1.736027892028e-03 2.031720527994e-03 2.367410670193e-03 2.746893221820e-03 3.174110891925e-03 3.653130324946e-03 4.188111876507e-03 4.783272279104e-03 5.442839433050e-03 6.170998781542e-03 6.971830965102e-03 7.849240660917e-03 8.806876867066e-03 9.848045488302e-03 1.097561484431e-02 1.219191618905e-02 1.349864026386e-02 1.489673285335e-02 1.638629117977e-02 1.796646402119e-02 1.963535858483e-02 2.138995660400e-02 2.322604279203e-02 2.513814797090e-02 2.711951036457e-02 2.916205579304e-02 3.125640013132e-02 3.339187442256e-02 3.555657438615e-02 3.773743443649e-02 3.992032622317e-02 4.209018128448e-02 4.423113693796e-02 4.632670302188e-02 4.835994829589e-02 5.031370304370e-02 5.217077616187e-02 5.391418196527e-02 5.552737372438e-02 5.699448070744e-02 5.830054379029e-02 5.943174597669e-02 6.037563435350e-02 6.112132784924e-02 6.165970819407e-02 6.198359035337e-02 6.208786644656e-02 6.196962336587e-02 6.162822687675e-02 6.106537185014e-02 6.028509672507e-02 5.929375695817e-02 5.809996117514e-02 5.671446548962e-02 5.515002970278e-02 5.342123498731e-02 5.154426750201e-02 4.953667102150e-02 4.741707320538e-02 4.520489267805e-02 4.292003241455e-02 4.058256737619e-02 3.821243420914e-02 3.582912957954e-02 3.345142598523e-02 3.109711089119e-02 2.878275462193e-02 2.652351348570e-02 2.433296985233e-02 2.222301293489e-02 2.020376030240e-02 1.828351995073e-02 1.646879113303e-02 1.476430176751e-02 1.317307776928e-02 1.169654100822e-02 1.033463054616e-02 9.085942153552e-03 7.947881415666e-03 6.916824992612e-03 5.988285896576e-03 5.157078116151e-03 4.417477106531e-03 3.763372843529e-03 3.188412696583e-03 2.686132145475e-03 2.250071778595e-03 1.873879524674e-03 1.551397636119e-03 1.276734367817e-03 1.044320636522e-03 8.489523230154e-04 6.858191931885e-04 5.505215656561e-04 4.390760730934e-04 3.479119699105e-04 2.738594842093e-04 2.141317312026e-04 1.663016648281e-04 1.282754599604e-04 9.826361576795e-05
1.799647897333e-03 2.107008729209e-03 2.456071388872e-03 2.850808807879e-03 3.295351070641e-03 3.793960905461e-03 4.351002517300e-03 4.970902982460e-03 5.658105375686e-03 6.417013034836e-03 7.251924613688e-03 8.166959758628e-03 9.165975821213e-03 1.025247604452e-02 1.142951066543e-02 1.269957192556e-02 1.406448532960e-02 1.552529927893e-02 1.708217544108e-02 1.873428312503e-02 2.047969997128e-02 2.231532270867e-02 2.423679057645e-02 2.623842401183e-02 2.831318233487e-02 3.045264139265e-02 3.264699466548e-02 3.488507802690e-02 3.715442084605e-02 3.944132232098e-02 4.173095457921e-02 4.400749121524e-02 4.625426044786e-02 4.845392075868e-02 5.058865782239e-02 5.264039871087e-02 5.459104145720e-02 5.642269520616e-02 5.811792846520e-02 5.966001967787e-02 6.103320751459e-02 6.222293511143e-02 6.321608515118e-02 6.400119939585e-02 6.456868112571e-02 6.491097367273e-02 6.502271273019e-02 6.490084772003e-02 6.454473069403e-02 6.395616644740e-02 6.313942574833e-02 6.210121601678e-02 6.085061092216e-02 5.939893809382e-02 5.775962496080e-02 5.594800623852e-02 5.398109476561e-02 5.187732039084e-02 4.965624228619e-02 4.733824081062e-02 4.494419597549e-02 4.249515988891e-02 4.001203209316e-02 3.751524397350e-02 3.502446195244e-02 3.255831465420e-02 3.013415158386e-02 2.776783728462e-02 2.547358533889e-02 2.326383429308e-02 2.114916635947e-02 1.913826832360e-02 1.723793357676e-02 1.545310112729e-02 1.378692892807e-02 1.224089667915e-02 1.081493261716e-02 9.507559830881e-03 8.316056358370e-03 7.236623866135e-03 6.264560541888e-03 5.394433251202e-03 4.620245324149e-03 3.935596636418e-03 3.333833053421e-03 2.808183187329e-03 2.351880785538e-03 1.958271794569e-03 1.620905456863e-03 1.333609394505e-03 1.090549028179e-03 8.862719976523e-04 7.157385340170e-04 5.743390158516e-04 4.579001107292e-04 3.626809679472e-04 2.853610829579e-04 2.230213736900e-04 1.731200455025e-04 1.334646937510e-04 1.021819978047e-04
1.859189030559e-03 2.177622883501e-03 2.539398002944e-03 2.948661209048e-03 3.409725981067e-03 3.927047384458e-03 4.505190052323e-03 5.148788437021e-03 5.862498361607e-03 6.650939325584e-03 7.518627055017e-03 8.469896215735e-03 9.508813489388e-03 1.063908175634e-02 1.186393648248e-02 1.318603559644e-02 1.460734543196e-02 1.612902432081e-02 1.775130709464e-02 1.947339336661e-02 2.129334240968e-02 2.320797816787e-02 2.521280736777e-02 2.730195408747e-02 2.946811314861e-02 3.170252524977e-02 3.399497645038e-02 3.633382247785e-02 3.870604069626e-02 4.109730921638e-02 4.349211393195e-02 4.587388252148e-02 4.822514510124e-02 5.052771865489e-02 5.276291400520e-02 5.491176161496e-02 5.695525378915e-02 5.887459830885e-02 6.065148066975e-02 6.226832938185e-02 6.370858012847e-02 6.495693458279e-02 6.599960757676e-02 6.682456061955e-02 6.742171335365e-02 6.778313219635e-02 6.790319001862e-02 6.777869282630e-02 6.740897146867e-02 6.679593293787e-02 6.594407263605e-02 6.486044101877e-02 6.355456814394e-02 6.203834318066e-02 6.032585161649e-02 5.843317137143e-02 5.637813081782e-02 5.418003524906e-02 5.185936407776e-02 4.943744813990e-02 4.693613316412e-02 4.437743742225e-02 4.178321246774e-02 3.917481402225e-02 3.657279244522e-02 3.399660845545e-02 3.146438223067e-02 2.899267893544e-02 2.659633668231e-02 2.428833749758e-02 2.207972358159e-02 1.997955707346e-02 1.799492262958e-02 1.613096887098e-02 1.439098530495e-02 1.277650968305e-02 1.128746069276e-02 9.922290819149e-03 8.678153199027e-03 7.551077867666e-03 6.536151988609e-03 5.627699454463e-03 4.819455911014e-03 4.104735735203e-03 3.476587932642e-03 2.927938836494e-03 2.451719883590e-03 2.040979367734e-03 1.688977602394e-03 1.389265435344e-03 1.135746363323e-03 9.227230509208e-04 7.449291692103e-04 5.975478591752e-04 4.762182399480e-04 3.770315313649e-04 2.965184305875e-04 2.316293856472e-04 1.797093905856e-04 1.384688262191e-04 1.059517625792e-04
1.914216171492e-03 2.243054331098e-03 2.616798581020e-03 3.039764640067e-03 3.516444480237e-03 4.051480806967e-03 4.649634328366e-03 5.315742915055e-03 6.054671815873e-03 6.871254044697e-03 7.770220636764e-03 8.756120485754e-03 9.833229976091e-03 1.100545324374e-02 1.227621390989e-02 1.364834014299e-02 1.512394494573e-02 1.670430405009e-02 1.838973454703e-02 2.017947690681e-02 2.207158400412e-02 2.406282036195e-02 2.614857500003e-02 2.832279107476e-02 3.057791557380e-02 3.290487142170e-02 3.529305474060e-02 3.773035911079e-02 4.020322774990e-02 4.269673495254e-02 4.519469717942e-02 4.767981230574e-02 5.013382719160e-02 5.253773075719e-02 5.487197100947e-02 5.711669233556e-02 5.925198990728e-02 6.125817720434e-02 6.311606187206e-02 6.480722591276e-02 6.631430386384e-02 6.762125551255e-02 6.871362731781e-02 6.957879676063e-02 7.020619605467e-02 7.058750942579e-02 7.071684023205e-02 7.059084331612e-02 7.020881969600e-02 6.957276940282e-02 6.868740145599e-02 6.756009843074e-02 6.620083412888e-02 6.462204692535e-02 6.283846660551e-02 6.086689987812e-02 5.872597684773e-02 5.643586295622e-02 5.401794276258e-02 5.149448269502e-02 4.888827934800e-02 4.622230262932e-02 4.351934196271e-02 4.080166393260e-02 3.809069031812e-02 3.540670223659e-02 3.276857969841e-02 3.019357918296e-02 2.769715485990e-02 2.529282532056e-02 2.299208697544e-02 2.080437282959e-02 1.873705575218e-02 1.679549218632e-02 1.498310246869e-02 1.330148300464e-02 1.175054463336e-02 1.032867168799e-02 9.032895934762e-03 7.859079902002e-03 6.802104485568e-03 5.856055815799e-03 5.014407377629e-03 4.270193790107e-03 3.616172979133e-03 3.044974794934e-03 2.549233993724e-03 2.121706645303e-03 1.755369317557e-03 1.443500920070e-03 1.179747529879e-03 9.581709685741e-04 7.732821208132e-04 6.200602951025e-04 4.939601270519e-04 3.909076426410e-04 3.072871757606e-04 2.399208667256e-04 1.860424071263e-04 1.432666493065e-04 1.095565396621e-04
1.964342950829e-03 2.302850484188e-03 2.687745498776e-03 3.123506752286e-03 3.614798986912e-03 4.166446991575e-03 4.783402268483e-03 5.470701317811e-03 6.233414577259e-03 7.076585102600e-03 8.005156641796e-03 9.023890794727e-03 1.013727338780e-02 1.134941081606e-02 1.266391747921e-02 1.408379593222e-02 1.561131166407e-02 1.724786550092e-02 1.899386610301e-02 2.084860596559e-02 2.281014441818e-02 2.487520105130e-02 2.703906313111e-02 2.929551030353e-02 3.163676040015e-02 3.405343789514e-02 3.653456946090e-02 3.906760691122e-02 4.163848018332e-02 4.423168066826e-02 4.683037544461e-02 4.941655215209e-02 5.197119273250e-02 5.447447518157e-02 5.690600054154e-02 5.924504082255e-02 6.147080621639e-02 6.356272585045e-02 6.550073791857e-02 6.726558347974e-02 6.883909992721e-02 7.020450726459e-02 7.134668276853e-02 7.225241868594e-02 7.291065539886e-02 7.331268952510e-02 7.345234770926e-02 7.332612504532e-02 7.293328251783e-02 7.227590121970e-02 7.135889134612e-02 7.018995315079e-02 6.877948958942e-02 6.714047148811e-02 6.528825641881e-02 6.324036238782e-02 6.101620253744e-02 5.863678441850e-02 5.612437931041e-02 5.350217067765e-02 5.079388752947e-02 4.802343390763e-02 4.521452017220e-02 4.239030796892e-02 3.957307489806e-02 3.678390914231e-02 3.404243771309e-02 3.136659732115e-02 2.877244856792e-02 2.627403856811e-02 2.388331128829e-02 2.161006557512e-02 1.946195914577e-02 1.744455418471e-02 1.556140135894e-02 1.381415654822e-02 1.220272468886e-02 1.072542515039e-02 9.379172382154e-03 8.159666414401e-03 7.061587438263e-03 6.078790003831e-03 5.204491991517e-03 4.431454963755e-03 3.752152684643e-03 3.158925299103e-03 2.644117541920e-03 2.200199701400e-03 1.819870716911e-03 1.496143293930e-03 1.222411420579e-03 9.925009912380e-04 8.007045674138e-04 6.418016629270e-04 5.110660567023e-04 4.042618125073e-04 3.176297772192e-04 2.478663170497e-04 1.920960595982e-04 1.478402918669e-04 1.129825559575e-04
2.009237300155e-03 2.356621369061e-03 2.751783002425e-03 3.199357426367e-03 3.704175645115e-03 4.271238160691e-03 4.905681241721e-03 5.612734386456e-03 6.397668150481e-03 7.265731396518e-03 8.222077258181e-03 9.271677834910e-03 1.041922744021e-02 1.166903533581e-02 1.302490887045e-02 1.449002884220e-02 1.606681903994e-02 1.775681308446e-02 1.956052079508e-02 2.147729846177e-02 2.350522539450e-02 2.564099184736e-02 2.787980056954e-02 3.021528673440e-02 3.263945921087e-02 3.514266573134e-02 3.771358600928e-02 4.033925356116e-02 4.300510850826e-02 4.569508290063e-02 4.839171806017e-02 5.107631383381e-02 5.372910919281e-02 5.632949192857e-02 5.885623449278e-02 6.128775408748e-02 6.360239103697e-02 6.577870303770e-02 6.779576918245e-02 6.963349804424e-02 7.127293537911e-02 7.269656503800e-02 7.388859619908e-02 7.483523391699e-02 7.552492379246e-02 7.594856839390e-02 7.609971015747e-02 7.597467421141e-02 7.557266939867e-02 7.489584491691e-02 7.394929665523e-02 7.274102586965e-02 7.128184654091e-02 6.958524318570e-02 6.766718050279e-02 6.554586693508e-02 6.324147764497e-02 6.077584023810e-02 5.817209113019e-02 5.545430888171e-02 5.264713464006e-02 4.977538569975e-02 4.686367393766e-02 4.393603760094e-02 4.101559349557e-02 3.812422073382e-02 3.528227974784e-02 3.250837474434e-02 2.981916229347e-02 2.722920884103e-02 2.475089895671e-02 2.239439198493e-02 2.016762665694e-02 1.807636899553e-02 1.612429955072e-02 1.431313469651e-02 1.264277594470e-02 1.111148136989e-02 9.716052847819e-03 8.452033527322e-03 7.313909383032e-03 6.295310325388e-03 5.389206047317e-03 4.588092786303e-03 3.884167828022e-03 3.269489374641e-03 2.736119725169e-03 2.276250650442e-03 1.882310392327e-03 1.547051979384e-03 1.263623369014e-03 1.025620082133e-03 8.271214286584e-04 6.627117060216e-04 5.274879362710e-04 4.170558799128e-04 3.275161262329e-04 2.554421257122e-04 1.978519475236e-04 1.521755072384e-04 1.162188563796e-04
2.048625931398e-03 2.404044813104e-03 2.808533261053e-03 3.266875779783e-03 3.784062410009e-03 4.365262342156e-03 5.015789794625e-03 5.741060912061e-03 6.546540672709e-03 7.437678676302e-03 8.419833505268e-03 9.498184887412e-03 1.067763418543e-02 1.196269358192e-02 1.335736516504e-02 1.486501160382e-02 1.648822073947e-02 1.822866664830e-02 2.008697037582e-02 2.206256396057e-02 2.415356120185e-02 2.635663918806e-02 2.866693472480e-02 3.107795876671e-02 3.358153321062e-02 3.616775273216e-02 3.882497463129e-02 4.153983953378e-02 4.429732430064e-02 4.708082775150e-02 4.987229165193e-02 5.265235381367e-02 5.540053512121e-02 5.809545633389e-02 6.071508377596e-02 6.323699938250e-02 6.563869154746e-02 6.789786209939e-02 6.999274390122e-02 7.190242292830e-02 7.360716141812e-02 7.508871080784e-02 7.633061470813e-02 7.731848954993e-02 7.804028234041e-02 7.848649590816e-02 7.865037908507e-02 7.852807600538e-02 7.811873054294e-02 7.742454357673e-02 7.645077954413e-02 7.520572166720e-02 7.370057409081e-02 7.194931286940e-02 6.996848689355e-02 6.777697131154e-02 6.539567854496e-02 6.284723192279e-02 6.015560800897e-02 5.734575711953e-02 5.444320802286e-02 5.147366921341e-02 4.846263258423e-02 4.543499256392e-02 4.241468665666e-02 3.942436787426e-02 3.648511485403e-02 3.361618614309e-02 3.083482271345e-02 2.815610108922e-02 2.559283873439e-02 2.315554995047e-02 2.085245087856e-02 1.868950935672e-02 1.667053567121e-02 1.479730808457e-02 1.306972751314e-02 1.148599486559e-02 1.004280482315e-02 8.735549939308e-03 7.558529040683e-03 6.505155185496e-03 5.568158051730e-03 4.739776944333e-03 4.011941276705e-03 3.376435772894e-03 2.825048586023e-03 2.349701014839e-03 1.942558208208e-03 1.596120681325e-03 1.303297001909e-03 1.057458430229e-03 8.524765784347e-04 6.827455388137e-04 5.431900674340e-04 4.292616043844e-04 3.369240147669e-04 2.626309321950e-04 2.032965837287e-04 1.562618860229e-04 1.192574623701e-04
2.082297487748e-03 2.444870188984e-03 2.857700795522e-03 3.325715308226e-03 3.854055031816e-03 4.448050174303e-03 5.113185515443e-03 5.855056873535e-03 6.679317194188e-03 7.591611305290e-03 8.597498561827e-03 9.702362949593e-03 1.091131089952e-02 1.222905715305e-02 1.365979995616e-02 1.520708736161e-02 1.687367680364e-02 1.866139057884e-02 2.057097112370e-02 2.260193876589e-02 2.475245651950e-02 2.701920568437e-02 2.939727645018e-02 3.188007720059e-02 3.445926631486e-02 3.712471025667e-02 3.986447080501e-02 4.266482335278e-02 4.551030954631e-02 4.838382406385e-02 5.126673775084e-02 5.413905476209e-02 5.697960498097e-02 5.976626872465e-02 6.247623047388e-02 6.508625964425e-02 6.757301263358e-02 6.991335299342e-02 7.208468213301e-02 7.406527581159e-02 7.583462061808e-02 7.737374200864e-02 7.866551936935e-02 7.969498079801e-02 8.044957039328e-02 8.091938423317e-02 8.109736826908e-02 8.097947251762e-02 8.056476116550e-02 7.985546931152e-02 7.885701049089e-02 7.757792787760e-02 7.602979286016e-02 7.422704824383e-02 7.218680123609e-02 6.992856733127e-02 6.747396922548e-02 6.484639874872e-02 6.207064583792e-02 5.917250575415e-02 5.617836992975e-02 5.311481309276e-02 5.000818431930e-02 4.688421270780e-02 4.376763644357e-02 4.068186490687e-02 3.764867871415e-02 3.468797699851e-02 3.181757324987e-02 2.905304449361e-02 2.640763350124e-02 2.389220398458e-02 2.151524574467e-02 1.928292689671e-02 1.719918748816e-02 1.526586946901e-02 1.348287635598e-02 1.184835662700e-02 1.035890356262e-02 9.009765934892e-03 7.795063201989e-03 6.707999890213e-03 5.741074412703e-03 4.886278246496e-03 4.135282090055e-03 3.479606320171e-03 2.910773849128e-03 2.420444070330e-03 2.000527214673e-03 1.643278930074e-03 1.341375508689e-03 1.087970467283e-03 8.767336500404e-04 7.018742883144e-04 5.581496405159e-04 4.408610648475e-04 3.458394376958e-04 2.694218538982e-04 2.084215664550e-04 1.600929850022e-04 1.220934695995e-04
2.110104449008e-03 2.478920671999e-03 2.899075107470e-03 3.375627015744e-03 3.913860704876e-03 4.519259261977e-03 5.197470086671e-03 5.954261135417e-03 6.795466411671e-03 7.726919823356e-03 8.754376370540e-03 9.883420468462e-03 1.111936113572e-02 1.246711494607e-02 1.393107750167e-02 1.551498540634e-02 1.722177110123e-02 1.905341306461e-02 2.101078530712e-02 2.309350929088e-02 2.529981263929e-02 2.762639872098e-02 3.006833138361e-02 3.261893893849e-02 3.526974096770e-02 3.801040249231e-02 4.082871753653e-02 4.371062588624e-02 4.664026427519e-02 4.960005414886e-02 5.257082610546e-02 5.553198123393e-02 5.846168843108e-02 6.133711565587e-02 6.413469223726e-02 6.683039953528e-02 6.940008462521e-02 7.181979204618e-02 7.406610795446e-02 7.611651085117e-02 7.794972167009e-02 7.954604582302e-02 8.088770179975e-02 8.195912780476e-02 8.274726143122e-02 8.324178427512e-02 8.343532797279e-02 8.332363572463e-02 8.290567423368e-02 8.218369433236e-02 8.116323652117e-02 7.985308048611e-02 7.826513872440e-02 7.641429443842e-02 7.431818505006e-02 7.199693701044e-02 6.947285440137e-02 6.677006798109e-02 6.391415291311e-02 6.093172078575e-02 5.784999865931e-02 5.469640197035e-02 5.149811238851e-02 4.828167132407e-02 4.507259766466e-02 4.189503799073e-02 3.877145928422e-02 3.572238685616e-02 3.276619513439e-02 2.991895180148e-02 2.719431764859e-02 2.460350033822e-02 2.215526020233e-02 1.985596419343e-02 1.770968259318e-02 1.571832310680e-02 1.388179568634e-02 1.219820135419e-02 1.066403826382e-02 9.274418851622e-03 8.023291303079e-03 6.903660417736e-03 5.907802674113e-03 5.027471266997e-03 4.254087807228e-03 3.578917868458e-03 2.993228480735e-03 2.488426135858e-03 2.056174682094e-03 1.688492922817e-03 1.377832294688e-03 1.117135378888e-03 8.998764386146e-04 7.200853939949e-04 5.723569682116e-04 4.518468256282e-04 3.542567160748e-04 2.758105816940e-04 2.132236463327e-04 1.636663738756e-04 1.247250778450e-04
2.131963724606e-03 2.506093981005e-03 2.932531598922e-03 3.416460530583e-03 3.963299459694e-03 4.578675767389e-03 5.268391157029e-03 6.038377748534e-03 6.894643286328e-03 7.843204148879e-03 8.890005463777e-03 1.004082770554e-02 1.130117977776e-02 1.267617900179e-02 1.417041912740e-02 1.578782847584e-02 1.753151975783e-02 1.940363548896e-02 2.140519170172e-02 2.353592400828e-02 2.579414036601e-02 2.817658464347e-02 3.067831543179e-02 3.329260413009e-02 3.601085745875e-02 3.882256641281e-02 4.171528709364e-02 4.467465431149e-02 4.768443205096e-02 5.072660075204e-02 5.378148360563e-02 5.682791098175e-02 5.984342208956e-02 6.280450299514e-02 6.568685649935e-02 6.846570221823e-02 7.111610149426e-02 7.361330045576e-02 7.593308779309e-02 7.805215878650e-02 7.994847908440e-02 8.160164065345e-02 8.299320370893e-02 8.410701584354e-02 8.492950271117e-02 8.544992350027e-02 8.566058394749e-02 8.555700442230e-02 8.513803670308e-02 8.440592564428e-02 8.336631514612e-02 8.202819599670e-02 8.040379436581e-02 7.850840405950e-02 7.636016295659e-02 7.397977786875e-02 7.139020314477e-02 6.861627790467e-02 6.568433149383e-02 6.262176300456e-02 5.945660690166e-02 5.621709243696e-02 5.293120954617e-02 4.962628901863e-02 4.632860914276e-02 4.306303618110e-02 3.985270649553e-02 3.671875825756e-02 3.368011497046e-02 3.075332602235e-02 2.795246296425e-02 2.528907265540e-02 2.277218302798e-02 2.040835894696e-02 1.820180182560e-02 1.615448780000e-02 1.426633731973e-02 1.253540940084e-02 1.095811388619e-02 9.529434446656e-03 8.243156548790e-03 7.092094491213e-03 6.068312389542e-03 5.163335035360e-03 4.368344886783e-03 3.674362603450e-03 3.072408941732e-03 2.553646730890e-03 2.109502215632e-03 1.731765576954e-03 1.412671002081e-03 1.144957106203e-03 9.219088746007e-04 7.373825824263e-04 5.858154466008e-04 4.622218957783e-04 3.621784583426e-04 2.817993333939e-04 2.177046838574e-04 1.669835972584e-04 1.271535588151e-04
2.147855922608e-03 2.526361594128e-03 2.958030768989e-03 3.448163236990e-03 4.002303195061e-03 4.626213458987e-03 5.325841387841e-03 6.107275014958e-03 6.976688086432e-03 7.940272545479e-03 9.004157772329e-03 1.017431572299e-02 1.145645204872e-02 1.285588341758e-02 1.437740253406e-02 1.602513208956e-02 1.780237053439e-02 1.971143213488e-02 2.175348537423e-02 2.392839337477e-02 2.623456046142e-02 2.866878968678e-02 3.122615572797e-02 3.389989756660e-02 3.668133520542e-02 3.955981452600e-02 4.252268389018e-02 4.555530548024e-02 4.864110331321e-02 5.176165092655e-02 5.489679827346e-02 5.802483856438e-02 6.112271452196e-02 6.416626187551e-02 6.713048674918e-02 6.998987485454e-02 7.271872608940e-02 7.529151045831e-02 7.768323749620e-02 7.986983354440e-02 8.182851979782e-02 8.353818126519e-02 8.497972261828e-02 8.613639950560e-02 8.699412012154e-02 8.754171135318e-02 8.777114045114e-02 8.767768818499e-02 8.726007144121e-02 8.652050636083e-02 8.546471542867e-02 8.410187217047e-02 8.244448740735e-02 8.050823508839e-02 7.831172118325e-02 7.587620091439e-02 7.322524625561e-02 7.038437297494e-02 6.738063305949e-02 6.424218312955e-02 6.099783604039e-02 5.767660844155e-02 5.430727296829e-02 5.091792741377e-02 4.753558920767e-02 4.418582560851e-02 4.089242724569e-02 3.767713143333e-02 3.455940025162e-02 3.155625581454e-02 2.868217434302e-02 2.594903738557e-02 2.336613847814e-02 2.094023992430e-02 1.867567578948e-02 1.657449355555e-02 1.463662873216e-02 1.286010427348e-02 1.124124857500e-02 9.774924632916e-03 8.454763950230e-03 7.273399668170e-03 6.222693382887e-03 5.293951490647e-03 4.478127439647e-03 3.766006925850e-03 3.148374163167e-03 2.616157680240e-03 2.160554969634e-03 1.773135863995e-03 1.445924947175e-03 1.171463861150e-03 9.428546185929e-04 7.537855070019e-04 5.985412581668e-04 4.719994796427e-04 3.696153464448e-04 2.873966831384e-04 2.218715091384e-04 1.700500581371e-04 1.293831599526e-04
2.157823404788e-03 2.539766572413e-03 2.975615704991e-03 3.470777509863e-03 4.030912609686e-03 4.661910242444e-03 5.369854587211e-03 6.160981101990e-03 7.041621571023e-03 8.018136404410e-03 9.096833073134e-03 1.028387012746e-02 1.158514664340e-02 1.300617712737e-02 1.455195365517e-02 1.622679609073e-02 1.803419365065e-02 1.997664017630e-02 2.205546719441e-02 2.427067859128e-02 2.662079125209e-02 2.910268657973e-02 3.171147733408e-02 3.444039429901e-02 3.728069804505e-02 4.022161847915e-02 4.325032771103e-02 4.635194771045e-02 4.950959722130e-02 5.270447732277e-02 5.591599978403e-02 5.912195579765e-02 6.229872538880e-02 6.542152647287e-02 6.846469967433e-02 7.140202480691e-02 7.420706658682e-02 7.685354063527e-02 7.931569599763e-02 8.156870515391e-02 8.358905518585e-02 8.535493121375e-02 8.684658380570e-02 8.804667446688e-02 8.894058803017e-02 8.951670842109e-02 8.976664953306e-02 8.968543524614e-02 8.927162572387e-02 8.852738444426e-02 8.745848506375e-02 8.607425523354e-02 8.438745921081e-02 8.241411873862e-02 8.017327530854e-02 7.768669867676e-02 7.497854528747e-02 7.207497424922e-02 6.900372926355e-02 6.579369338473e-02 6.247442928491e-02 5.907571417210e-02 5.562707894274e-02 5.215736599067e-02 4.869431215403e-02 4.526416842916e-02 4.189136478992e-02 3.859822562075e-02 3.540474127034e-02 3.232839915595e-02 2.938407446225e-02 2.658398031402e-02 2.393767402123e-02 2.145211588089e-02 1.913177446717e-02 1.697877228482e-02 1.499306474565e-02 1.317264493710e-02 1.151376709374e-02 1.001118164455e-02 8.658375069398e-03 7.447808824400e-03 6.371151813035e-03 5.419502120620e-03 4.583594224679e-03 3.853988854719e-03 3.221243379625e-03 2.676061278246e-03 2.209420086055e-03 1.812677470311e-03 1.477655981551e-03 1.196707157995e-03 9.627562526013e-04 7.693290916600e-04 6.105628218796e-04 4.812025245251e-04 3.765857716332e-04 2.926172618309e-04 2.257356798163e-04 1.728748247524e-04 1.314209518382e-04
2.161967226839e-03 2.546420004426e-03 2.985408106003e-03 3.484436122454e-03 4.049272027899e-03 4.685922381113e-03 5.400599209721e-03 6.199676819571e-03 7.089637012254e-03 8.077001276351e-03 9.168248917636e-03 1.036972007033e-02 1.168750371219e-02 1.312731052281e-02 1.469433222017e-02 1.639308845513e-02 1.822726431038e-02 2.019954088020e-02 2.231142331952e-02 2.456306951656e-02 2.695312541323e-02 2.947856988577e-02 3.213457578111e-02 3.491439075934e-02 3.780924314105e-02 4.080827670660e-02 4.389851887309e-02 4.706488523526e-02 5.029022336230e-02 5.355539767883e-02 5.683941749738e-02 6.011960709596e-02 6.337181889592e-02 6.657068653545e-02 6.968991553310e-02 7.270260958486e-02 7.558162339685e-02 7.829994110060e-02 8.083106979233e-02 8.314944286606e-02 8.523082377087e-02 8.705270295294e-02 8.859467909189e-02 8.983881594618e-02 9.076996752023e-02 9.137606326221e-02 9.164834803689e-02 9.158156929328e-02 9.117410789072e-02 9.042804872689e-02 8.934918829510e-02 8.794697790530e-02 8.623440327687e-02 8.422780012159e-02 8.194661164754e-02 7.941308798013e-02 7.665193604293e-02 7.368992565967e-02 7.055545942001e-02 6.727811728730e-02 6.388818328781e-02 6.041616870802e-02 5.689233932934e-02 5.334626068401e-02 4.980637008125e-02 4.629958650346e-02 4.285096564637e-02 3.948340759895e-02 3.621742261549e-02 3.307095674131e-02 3.005927989923e-02 2.719493406149e-02 2.448774003462e-02 2.194485703021e-02 1.957089084986e-02 1.736804309163e-02 1.533629433855e-02 1.347361428617e-02 1.177619042901e-02 1.023866890019e-02 8.854400088225e-03 7.615683161248e-03 6.514004098961e-03 5.540262606247e-03 4.684984128133e-03 3.938514193528e-03 3.291192780668e-03 2.733507439451e-03 2.256224281228e-03 1.850496799116e-03 1.507952825000e-03 1.220760450176e-03 9.816741442462e-04 7.840625902688e-04 6.219200265104e-04 4.898631001911e-04 3.831153275146e-04 2.974813489302e-04 2.293131539457e-04 1.754703715155e-04 1.332766229231e-04
2.160443014520e-03 2.546496340656e-03 2.987602871368e-03 3.489356178757e-03 4.057622468493e-03 4.698516583735e-03 5.418369492622e-03 6.223685686873e-03 7.121088872333e-03 8.117254312664e-03 9.218826770623e-03 1.043232282851e-02 1.176401778595e-02 1.321981665257e-02 1.480511103030e-02 1.652462288432e-02 1.838223807349e-02 2.038083274290e-02 2.252209592203e-02 2.480635317720e-02 2.723239547710e-02 2.979731868911e-02 3.249637792086e-02 3.532286251344e-02 3.826799604497e-02 4.132086628909e-02 4.446838784867e-02 4.769530349489e-02 5.098422472117e-02 5.431571503064e-02 5.766841717016e-02 6.101922445611e-02 6.434349635026e-02 6.761531536424e-02 7.080778454726e-02 7.389335898176e-02 7.684421014356e-02 7.963261250258e-02 8.223134986114e-02 8.461413032605e-02 8.675600335722e-02 8.863377012546e-02 9.022637768597e-02 9.151528803404e-02 9.248481531607e-02 9.312242169893e-02 9.341896599031e-02 9.336889827202e-02 9.297039633480e-02 9.222543905131e-02 9.113981616397e-02 8.972307121152e-02 8.798837772553e-02 8.595235192923e-02 8.363480364222e-02 8.105842881332e-02 7.824845085796e-02 7.523221707995e-02 7.203875804575e-02 6.869832015907e-02 6.524188188286e-02 6.170066323508e-02 5.810564216279e-02 5.448708741596e-02 5.087412004697e-02 4.729431211283e-02 4.377333311905e-02 4.033464953650e-02 3.699928389163e-02 3.378563615361e-02 3.070936762974e-02 2.778334829538e-02 2.501766256868e-02 2.241967066653e-02 1.999411888896e-02 1.774329247493e-02 1.566720304095e-02 1.376380343476e-02 1.202922203287e-02 1.045800891596e-02 9.043387170032e-03 7.777503002488e-03 6.651668984948e-03 5.656596062271e-03 4.782610292029e-03 4.019851448339e-03 3.358451281166e-03 2.788690110987e-03 2.301130853802e-03 1.886730437478e-03 1.536928950116e-03 1.243717361825e-03 9.996850011006e-04 7.980483985627e-04 6.326632647622e-04 4.980216102046e-04 3.892361782242e-04 3.020143697443e-04 2.326238899807e-04 1.778522598931e-04 1.349622282820e-04
2.153455998244e-03 2.540227653069e-03 2.982461591715e-03 3.485831558265e-03 4.056293114935e-03 4.700060401084e-03 5.423574497138e-03 6.233461560702e-03 7.136479125879e-03 8.139448927983e-03 9.249174787291e-03 1.047234465516e-02 1.181541647707e-02 1.328448774409e-02 1.488515009710e-02 1.662233023478e-02 1.850011980506e-02 2.052159742694e-02 2.268864649500e-02 2.500177344404e-02 2.745993071518e-02 3.006035021654e-02 3.279839133377e-02 3.566741015716e-02 3.865865326118e-02 4.176118173915e-02 4.496182978198e-02 4.824520080075e-02 5.159370520726e-02 5.498764105790e-02 5.840532068348e-02 6.182324221231e-02 6.521630678708e-02 6.855807945779e-02 7.182109103570e-02 7.497717776425e-02 7.799785223403e-02 8.085470170488e-02 8.351980387968e-02 8.596615519903e-02 8.816809985616e-02 9.010175357789e-02 9.174541104122e-02 9.307992683291e-02 9.408906576997e-02 9.475980801612e-02 9.508260808761e-02 9.505159638379e-02 9.466472201059e-02 9.392382969345e-02 9.283467210327e-02 9.140685174040e-02 8.965369624611e-02 8.759206770387e-02 8.524210748103e-02 8.262692293087e-02 7.977222018671e-02 7.670589125987e-02 7.345756398721e-02 7.005812271677e-02 6.653921372762e-02 6.293274228860e-02 5.927037752310e-02 5.558307353748e-02 5.190061939329e-02 4.825122773913e-02 4.466117177432e-02 4.115447657952e-02 3.775267187173e-02 3.447460772911e-02 3.133633564925e-02 2.835105335300e-02 2.552911054789e-02 2.287807134300e-02 2.040282676807e-02 1.810575068284e-02 1.598689180722e-02 1.404419308399e-02 1.227373132892e-02 1.066996877118e-02 9.226009869273e-03 7.933856805853e-03 6.784657945388e-03 5.768944757899e-03 4.876853057520e-03 4.098325873182e-03 3.423295401102e-03 2.841842979179e-03 2.344336049796e-03 1.921542131226e-03 1.564720090267e-03 1.265689632753e-03 1.016880171774e-03 8.113606730588e-04 6.428523029160e-04 5.057258820301e-04 3.949863256655e-04 3.062463065215e-04 2.356913792342e-04 1.800387716201e-04 1.364919020325e-04
2.141255351875e-03 2.527897099288e-03 2.970304991604e-03 3.474224390406e-03 4.045691508853e-03 4.691011054938e-03 5.416725554930e-03 6.229574446101e-03 7.136441214255e-03 8.144286799109e-03 9.260067802000e-03 1.049063847523e-02 1.184263579693e-02 1.332234786634e-02 1.493556655231e-02 1.668742557037e-02 1.858222725051e-02 2.062326016376e-02 2.281261238242e-02 2.515098432357e-02 2.763750604876e-02 3.026956448677e-02 3.304264541151e-02 3.595019631156e-02 3.898351389205e-02 4.213166250965e-02 4.538142738776e-02 4.871730610897e-02 5.212154240973e-02 5.557420468376e-02 5.905331036646e-02 6.253499754234e-02 6.599374333009e-02 6.940262805853e-02 7.273364130380e-02 7.595802776080e-02 7.904666644779e-02 8.197047747645e-02 8.470084974638e-02 8.721007974073e-02 8.947181423050e-02 9.146148638700e-02 9.315673603288e-02 9.453780382208e-02 9.558789322663e-02 9.629348733281e-02 9.664461559043e-02 9.663506617485e-02 9.626253188032e-02 9.552869481204e-02 9.443923802421e-02 9.300378987741e-02 9.123579809066e-02 8.915233550004e-02 8.677383993972e-02 8.412379585860e-02 8.122835842532e-02 7.811593337368e-02 7.481671544545e-02 7.136220040879e-02 6.778467689311e-02 6.411671402414e-02 6.039065317704e-02 5.663811747579e-02 5.288955098177e-02 4.917379633344e-02 4.551772250361e-02 4.194590793508e-02 3.848038579548e-02 3.514045482999e-02 3.194255666708e-02 2.890021837558e-02 2.602405795259e-02 2.332184719986e-02 2.079862650809e-02 1.845686434112e-02 1.629665277627e-02 1.431593199587e-02 1.251073482332e-02 1.087544362903e-02 9.403052667035e-03 8.085428632121e-03 6.913564458027e-03 5.877820835142e-03 4.968152032811e-03 4.174312702218e-03 3.486043571008e-03 2.893234643237e-03 2.386065038486e-03 1.955119428671e-03 1.591481425143e-03 1.286804801545e-03 1.033363750578e-03 8.240837749616e-04 6.525550308403e-04 5.130301575220e-04 4.004087989812e-04 3.102110515542e-04 2.385421342854e-04 1.820505048489e-04 1.378815422636e-04
2.124127969226e-03 2.509831762024e-03 2.951504716176e-03 3.454955592464e-03 4.026292819981e-03 4.671903214298e-03 5.398422355603e-03 6.212694848901e-03 7.121722370298e-03 8.132598068877e-03 9.252425171537e-03 1.048821923298e-02 1.184679274039e-02 1.333462259316e-02 1.495770096355e-02 1.672137105022e-02 1.863015050257e-02 2.068754532826e-02 2.289585837291e-02 2.525599712247e-02 2.776728505710e-02 3.042728303496e-02 3.323162494490e-02 3.617387385283e-02 3.924540365179e-02 4.243531120042e-02 4.573036408750e-02 4.911498695812e-02 5.257129117547e-02 5.607914997651e-02 5.961632097517e-02 6.315861677833e-02 6.668012443302e-02 7.015347110759e-02 7.355013511565e-02 7.684079633524e-02 7.999572371453e-02 8.298519018809e-02 8.577991094916e-02 8.835149387978e-02 9.067289408489e-02 9.271886302235e-02 9.446638233608e-02 9.589507067939e-02 9.698755696968e-02 9.772980894376e-02 9.811141140034e-02 9.812578358986e-02 9.777033582244e-02 9.704655585376e-02 9.596002507452e-02 9.452036440680e-02 9.274110621252e-02 9.063949896175e-02 8.823624267288e-02 8.555516480100e-02 8.262283767994e-02 7.946814949600e-02 7.612183431980e-02 7.261597290462e-02 6.898347436266e-02 6.525755141844e-02 6.147120071934e-02 5.765670130233e-02 5.384514099145e-02 5.006598490508e-02 4.634669221925e-02 4.271239111428e-02 3.918561719537e-02 3.578611829318e-02 3.253072817024e-02 2.943330630891e-02 2.650474294066e-02 2.375302259679e-02 2.118334095256e-02 1.879826698734e-02 1.659794316239e-02 1.458031398576e-02 1.274137575700e-02 1.107543889028e-02 9.575395351332e-03 8.232984591054e-03 7.039052221278e-03 5.983796307631e-03 5.056997493645e-03 4.248229809824e-03 3.547049900436e-03 2.943163390976e-03 2.426567528240e-03 1.987670032288e-03 1.617384581969e-03 1.307203721565e-03 1.049250539826e-03 8.363106190700e-04 6.618461074836e-04 5.199940029323e-04 4.055507825569e-04 3.139457181065e-04 2.412051410870e-04 1.839099443086e-04 1.391484746342e-04
2.102391930947e-03 2.486395074198e-03 2.926474638504e-03 3.428494864635e-03 3.998628379758e-03 4.643335971557e-03 5.369338241782e-03 6.183577058498e-03 7.093164936285e-03 8.105320317598e-03 9.227287181471e-03 1.046623754986e-02 1.182915599372e-02 1.332270647771e-02 1.495308164606e-02 1.672583647815e-02 1.864570872120e-02 2.071642906055e-02 2.294052518626e-02 2.531912429925e-02 2.785175913891e-02 3.053618288263e-02 3.336819873705e-02 3.634150956328e-02 3.944759276090e-02 4.267560655670e-02 4.601233138976e-02 4.944215117244e-02 5.294707845306e-02 5.650682534391e-02 6.009892365720e-02 6.369889455046e-02 6.728046708250e-02 7.081584679570e-02 7.427602875752e-02 7.763115410080e-02 8.085090375630e-02 8.390492173434e-02 8.676326361212e-02 8.939685744314e-02 9.177797163157e-02 9.388067583208e-02 9.568128761587e-02 9.715879332027e-02 9.829523281357e-02 9.907604034705e-02 9.949033181216e-02 9.953113293392e-02 9.919554139901e-02 9.848481965945e-02 9.740441472460e-02 9.596390470135e-02 9.417687289128e-02 9.206070770133e-02 8.963633790379e-02 8.692790012758e-02 8.396235299066e-02 8.076903820837e-02 7.737920221271e-02 7.382548727709e-02 7.014140206200e-02 6.636078585969e-02 6.251727658363e-02 5.864379750234e-02 5.477207288636e-02 5.093218441631e-02 4.715217869363e-02 4.345773322875e-02 3.987188677641e-02 3.641483914273e-02 3.310381973786e-02 2.995302549145e-02 2.697362430306e-02 2.417381955829e-02 2.155896859429e-02 1.913174798945e-02 1.689235750356e-02 1.483875325565e-02 1.296690252505e-02 1.127105125337e-02 9.743996710647e-03 8.377358665727e-03 7.161842943662e-03 6.087492426416e-03 5.143921354119e-03 4.320530074943e-03 3.606697733128e-03 2.991951759536e-03 2.466113199892e-03 2.019418005628e-03 1.642614479833e-03 1.327037975358e-03 1.064663934909e-03 8.481409405747e-04 6.708055760325e-04 5.266811902951e-04 4.104627220586e-04 3.174899254764e-04 2.437112970724e-04 1.856410199455e-04 1.403111079812e-04
2.076389766784e-03 2.457979066326e-03 2.895661865195e-03 3.395350449996e-03 3.963273982176e-03 4.605959524185e-03 5.330204985242e-03 6.143042057919e-03 7.051686883245e-03 8.063476776161e-03 9.185790724876e-03 1.042595257578e-02 1.179111575248e-02 1.328812960577e-02 1.492338746365e-02 1.670265847796e-02 1.863090516138e-02 2.071209000633e-02 2.294897539811e-02 2.534292085929e-02 2.789368362550e-02 3.059922748042e-02 3.345554580881e-02 3.645650449937e-02 3.959371059851e-02 4.285641167657e-02 4.623143093252e-02 4.970314315452e-02 5.325349426688e-02 5.686206851142e-02 6.050620523992e-02 6.416116623670e-02 6.780035458805e-02 7.139558315535e-02 7.491739164695e-02 7.833540654164e-02 8.161874111030e-02 8.473642739996e-02 8.765787345435e-02 9.035333574404e-02 9.279439778226e-02 9.495444531141e-02 9.680912483429e-02 9.833677866508e-02 9.951884105305e-02 1.003401918736e-01 1.007894544777e-01 1.008592334700e-01 1.005462838280e-01 9.985161033377e-02 9.878049177173e-02 9.734242945724e-02 9.555102173641e-02 9.342376398407e-02 9.098177845933e-02 8.824948058143e-02 8.525418411749e-02 8.202565705595e-02 7.859563375747e-02 7.499729626064e-02 7.126473492668e-02 6.743240019930e-02 6.353456018032e-02 5.960477432866e-02 5.567539777091e-02 5.177712655975e-02 4.793859457091e-02 4.418603019238e-02 4.054297956093e-02 3.703009880201e-02 3.366501902210e-02 3.046228104355e-02 2.743333746175e-02 2.458661775617e-02 2.192764834556e-02 1.945922078109e-02 1.718159949629e-02 1.509275970447e-02 1.318864689106e-02 1.146344966306e-02 9.909877754671e-03 8.519438179917e-03 7.282703847711e-03 6.189569054323e-03 5.229488052001e-03 4.391693586404e-03 3.665393058549e-03 3.039940994979e-03 2.504987115669e-03 2.050599914645e-03 1.667366153252e-03 1.346467258904e-03 1.079733778051e-03 8.596795606538e-04 6.795174456729e-04 5.331585635665e-04 4.151974176855e-04 3.208850783210e-04 2.460928421486e-04 1.872686598440e-04 1.413885879640e-04
2.046481766025e-03 2.424996582529e-03 2.859537840143e-03 3.356058836455e-03 3.920838109117e-03 4.560461690732e-03 5.281797584057e-03 6.091960141096e-03 6.998262472827e-03 8.008154463510e-03 9.129144705424e-03 1.036870449342e-02 1.173415308351e-02 1.323252359369e-02 1.487041040190e-02 1.665379915089e-02 1.858788172484e-02 2.067685959678e-02 2.292373931401e-02 2.533012514715e-02 2.789601384560e-02 3.061959751392e-02 3.349708006101e-02 3.652251340741e-02 3.968765930294e-02 4.298188192783e-02 4.639207656724e-02 4.990263919762e-02 5.349548078780e-02 5.715008969433e-02 6.084364437586e-02 6.455117912251e-02 6.824580073272e-02 7.189895811107e-02 7.548076075311e-02 7.896034306235e-02 8.230627009150e-02 8.548697667710e-02 8.847123392756e-02 9.122863188582e-02 9.373007044948e-02 9.594824727060e-02 9.785812890846e-02 9.943739894832e-02 1.006668688255e-01 1.015308417053e-01 1.020174227192e-01 1.021187662722e-01 1.018312535077e-01 1.011555987865e-01 1.000968783319e-01 9.866448215412e-02 9.687198917812e-02 9.473696670024e-02 9.228069889831e-02 8.952784812036e-02 8.650605552219e-02 8.324548935721e-02 7.977834924052e-02 7.613833785751e-02 7.236011142449e-02 6.847871995338e-02 6.452905270883e-02 6.054530018985e-02 5.656044625775e-02 5.260580180022e-02 4.871059065026e-02 4.490159718787e-02 4.120288037862e-02 3.763556053704e-02 3.421767813142e-02 3.096412614817e-02 2.788665053776e-02 2.499391524242e-02 2.229162394282e-02 1.978269131660e-02 1.746745423766e-02 1.534391424213e-02 1.340800223116e-02 1.165385631609e-02 1.007410520508e-02 8.660149538111e-03 7.402435302191e-03 6.290714018426e-03 5.314285467375e-03 4.462219979009e-03 3.723558014710e-03 3.087485614872e-03 2.543485126023e-03 2.081461059694e-03 1.691841620368e-03 1.365656795884e-03 1.094594252563e-03 8.710346681435e-04 6.880683120752e-04 5.394949273614e-04 4.198091336453e-04 3.241736652385e-04 2.483828043073e-04 1.888183590787e-04 1.424004586234e-04
2.013039400601e-03 2.387873712750e-03 2.818589545427e-03 3.311174711159e-03 3.871950411917e-03 4.507554860845e-03 5.224919315138e-03 6.031234167331e-03 6.933903054764e-03 7.940482652865e-03 9.058606011071e-03 1.029588780159e-02 1.165981009479e-02 1.315758849833e-02 1.479601882159e-02 1.658130553572e-02 1.851887449277e-02 2.061317299718e-02 2.286746140637e-02 2.528360064620e-02 2.786184168359e-02 3.060062227642e-02 3.349637654695e-02 3.654336495298e-02 3.973352829607e-02 4.305637382867e-02 4.649889716161e-02 5.004554483864e-02 5.367822343542e-02 5.737635609443e-02 6.111699149430e-02 6.487496576949e-02 6.862311838348e-02 7.233256064365e-02 7.597299615909e-02 7.951308831674e-02 8.292087117008e-02 8.616419539517e-02 8.921120332602e-02 9.203082243552e-02 9.459326850383e-02 9.687054381164e-02 9.883692428791e-02 1.004694200892e-01 1.017481985440e-01 1.026569626739e-01 1.031832726246e-01 1.033188018493e-01 1.030595265165e-01 1.024058362890e-01 1.013625702565e-01 9.993897193450e-02 9.814856662811e-02 9.600896036983e-02 9.354156733442e-02 9.077126706264e-02 8.772600123379e-02 8.443631410447e-02 8.093485071000e-02 7.725581737921e-02 7.343442328018e-02 6.950630857922e-02 6.550697821923e-02 6.147125176507e-02 5.743274243085e-02 5.342337940390e-02 4.947298275625e-02 4.560889989413e-02 4.185571193341e-02 3.823501244833e-02 3.476526181507e-02 3.146171521212e-02 2.833642202953e-02 2.539829018091e-02 2.265321007813e-02 2.010422793573e-02 1.775176106865e-02 1.559384492423e-02 1.362640265681e-02 1.184352835301e-02 1.023777563037e-02 8.800444362772e-03 7.521858909987e-03 6.391632914422e-03 5.398916229997e-03 4.532621010017e-03 3.781624638551e-03 3.134948134302e-03 2.581909481172e-03 2.112251797080e-03 1.716246855927e-03 1.384774862979e-03 1.109381852103e-03 8.823161765168e-04 6.965460264236e-04 5.457599753113e-04 4.243527514661e-04 3.273985818366e-04 2.506144680045e-04 1.903157597875e-04 1.433663404654e-04
1.976439137009e-03 2.347042570694e-03 2.773311216353e-03 3.261261390804e-03 3.817250749688e-03 4.447963404501e-03 5.160387517409e-03 5.961783292346e-03 6.859638949036e-03 7.861612481821e-03 8.975456585415e-03 1.020892539713e-02 1.156966122578e-02 1.306506092691e-02 1.470212215060e-02 1.648727060490e-02 1.842617069537e-02 2.052352242814e-02 2.278284904503e-02 2.520628004862e-02 2.779433498569e-02 3.054571379285e-02 3.345710048696e-02 3.652298525112e-02 3.973551208431e-02 4.308435679493e-02 4.655664242838e-02 5.013689489965e-02 5.380704512060e-02 5.754648095075e-02 6.133215036417e-02 6.513872032157e-02 6.893878952718e-02 7.270315711338e-02 7.640114319239e-02 8.000095943234e-02 8.347012360533e-02 8.677591363016e-02 8.988584992067e-02 9.276819943724e-02 9.539248911748e-02 9.773001907784e-02 9.975436121468e-02 1.014418340732e-01 1.027719398615e-01 1.037277557768e-01 1.042962675246e-01 1.044686375781e-01 1.042404028039e-01 1.036115945776e-01 1.025867794935e-01 1.011750199000e-01 9.938975298133e-02 9.724859077988e-02 9.477304636035e-02 9.198818895150e-02 8.892223465139e-02 8.560608258329e-02 8.207280413635e-02 7.835709590235e-02 7.449470906217e-02 7.052186774335e-02 6.647469051644e-02 6.238862617045e-02 5.829792193583e-02 5.423513205771e-02 5.023068125480e-02 4.631249078410e-02 4.250567515797e-02 3.883231357260e-02 3.531129850540e-02 3.195825940365e-02 2.878556059282e-02 2.580236519367e-02 2.301476012641e-02 2.042593246890e-02 1.803638837985e-02 1.584420465285e-02 1.384530339465e-02 1.203374062689e-02 1.040200040883e-02 8.941286598667e-03 7.641806376494e-03 6.493039484976e-03 5.483989498617e-03 4.603413623341e-03 3.840029016500e-03 3.182694145851e-03 2.620564730859e-03 2.143224144165e-03 1.740788966278e-03 1.403990471994e-03 1.124233493559e-03 8.936341758636e-04 7.050384499454e-04 5.520232971356e-04 4.288829700640e-04 3.306025009174e-04 2.528208770709e-04 1.917862664229e-04 1.443056281820e-04
1.937056595041e-03 2.302934563351e-03 2.724196543376e-03 3.206881864436e-03 3.757378971681e-03 4.382412034405e-03 5.089020282387e-03 5.884527957289e-03 6.776502379568e-03 7.772697651954e-03 8.880981748362e-03 1.010924465456e-02 1.146528643422e-02 1.295668413271e-02 1.459063785324e-02 1.637379693372e-02 1.831206880502e-02 2.041041282534e-02 2.267262428429e-02 2.510111274219e-02 2.769668002847e-02 3.045830511383e-02 3.338294014839e-02 3.646532635410e-02 3.969783344452e-02 4.307033106843e-02 4.657009571160e-02 5.018176000408e-02 5.388730766121e-02 5.766611900832e-02 6.149506969819e-02 6.534868406958e-02 6.919934650036e-02 7.301756671142e-02 7.677230225049e-02 8.043132993035e-02 8.396166564776e-02 8.733002344930e-02 9.050330600234e-02 9.344911936414e-02 9.613629736950e-02 9.853542638939e-02 1.006193597552e-01 1.023637046384e-01 1.037472746912e-01 1.047524940992e-01 1.053657439641e-01 1.055776430937e-01 1.053832549104e-01 1.047822172190e-01 1.037787891721e-01 1.023818164483e-01 1.006046145036e-01 9.846476931463e-02 9.598386344248e-02 9.318712764239e-02 9.010302961181e-02 8.676280333167e-02 8.319993069945e-02 7.944958630548e-02 7.554805638080e-02 7.153214568943e-02 6.743858625181e-02 6.330346106148e-02 5.916165796145e-02 5.504636645771e-02 5.098862760277e-02 4.701695008201e-02 4.315699596933e-02 3.943134493716e-02 3.585933562255e-02 3.245698618238e-02 2.923698892455e-02 2.620877430563e-02 2.337863683854e-02 2.074991437039e-02 1.832321041381e-02 1.609665067064e-02 1.406616271757e-02 1.222577010473e-02 1.056789203105e-02 9.083640582751e-03 7.763109226456e-03 6.595646910596e-03 5.570113518805e-03 4.675113580351e-03 3.899205878108e-03 3.231087816231e-03 2.659753948361e-03 2.174628639189e-03 1.765673622266e-03 1.423471234256e-03 1.139284775694e-03 9.050975399401e-04 7.136323229006e-04 5.583534673567e-04 4.334535836712e-04 3.338272988700e-04 2.550343861327e-04 1.932546935737e-04 1.452372190341e-04
1.895261312016e-03 2.255974301775e-03 2.671731654079e-03 3.148590715591e-03 3.692965563092e-03 4.311615126570e-03 5.011624340212e-03 5.800376171049e-03 6.685511882368e-03 7.674877063803e-03 8.776450703991e-03 9.998255398852e-03 1.134824672787e-02 1.283418095535e-02 1.446346129558e-02 1.624296327727e-02 1.817884158375e-02 2.027632170926e-02 2.253947986238e-02 2.497101661612e-02 2.757202998191e-02 3.034179346788e-02 3.327754598144e-02 3.637429974440e-02 3.962467276045e-02 4.301875203089e-02 4.654399299462e-02 5.018516130099e-02 5.392432036681e-02 5.774087034112e-02 6.161164072057e-02 6.551103957769e-02 6.941125996603e-02 7.328254505913e-02 7.709350812304e-02 8.081150742911e-02 8.440306818520e-02 8.783434745879e-02 9.107163389604e-02 9.408186921979e-02 9.683318671704e-02 9.929544757480e-02 1.014407686980e-01 1.032440247360e-01 1.046833151032e-01 1.057403816667e-01 1.064009698495e-01 1.066551208237e-01 1.064973896129e-01 1.059269840341e-01 1.049478200655e-01 1.035684923405e-01 1.018021602700e-01 9.966635271825e-02 9.718269222759e-02 9.437654625067e-02 9.127661179848e-02 8.791443948255e-02 8.432390812241e-02 8.054066130043e-02 7.660151511924e-02 7.254385460910e-02 6.840502890736e-02 6.422176218513e-02 6.002959389893e-02 5.586236112940e-02 5.175173689496e-02 4.772683312097e-02 4.381387692082e-02 4.003596500838e-02 3.641289963373e-02 3.296110315342e-02 2.969361080911e-02 2.662013379449e-02 2.374718628750e-02 2.107826721770e-02 1.861408657130e-02 1.635282638998e-02 1.429042603345e-02 1.242088172762e-02 1.073655201084e-02 9.228460537706e-03 7.886589763214e-03 6.700159958581e-03 5.657888967520e-03 4.748229854968e-03 3.959583885790e-03 3.280487894712e-03 2.699775402001e-03 2.206711572721e-03 1.791102759869e-03 1.443381507705e-03 1.154668455146e-03 9.168126719422e-04 7.224122611359e-04 5.648172396785e-04 4.381168393075e-04 3.371135479210e-04 2.572862596629e-04 1.947449524222e-04 1.461792706735e-04
1.851412112198e-03 2.206574217048e-03 2.616388858690e-03 3.086926931386e-03 3.624623468320e-03 4.236267354810e-03 4.928984348934e-03 5.710211278348e-03 6.587658674045e-03 7.569259173980e-03 8.663099044032e-03 9.877330406310e-03 1.122006228922e-02 1.269922946398e-02 1.432243898983e-02 1.609679491019e-02 1.802870379598e-02 2.012366348599e-02 2.238603980785e-02 2.481883549710e-02 2.742345770883e-02 3.019949027677e-02 3.314447606710e-02 3.625371832448e-02 3.952010462042e-02 4.293396253070e-02 4.648295100331e-02 5.015199383619e-02 5.392326004561e-02 5.777619532267e-02 6.168760868076e-02 6.563181582325e-02 6.958084156399e-02 7.350468240816e-02 7.737162512384e-02 8.114862301396e-02 8.480172042278e-02 8.829652349280e-02 9.159870625475e-02 9.467454328444e-02 9.749145682056e-02 1.000185686359e-01 1.022272400680e-01 1.040915901523e-01 1.055889761191e-01 1.067004277044e-01 1.074110206305e-01 1.077101835526e-01 1.075919266874e-01 1.070549917058e-01 1.061029150272e-01 1.047440045686e-01 1.029912313959e-01 1.008620350371e-01 9.837805095205e-02 9.556475878307e-02 9.245106433296e-02 8.906881849504e-02 8.545228591833e-02 8.163757179624e-02 7.766202036403e-02 7.356359921535e-02 6.938028111785e-02 6.514944172495e-02 6.090728542571e-02 5.668831337241e-02 5.252484848483e-02 4.844662536116e-02 4.448045547890e-02 4.064997285445e-02 3.697546187357e-02 3.347376721804e-02 3.015828343369e-02 2.703901725828e-02 2.412271541292e-02 2.141304903963e-02 1.891084380540e-02 1.661434583159e-02 1.451951219065e-02 1.262031657290e-02 1.090906044585e-02 9.376681580889e-03 8.013053320165e-03 6.807268374206e-03 5.747903283651e-03 4.823259804637e-03 4.021581551028e-03 3.331244296202e-03 2.740919707009e-03 2.239712630662e-03 1.817272623161e-03 1.463880771178e-03 1.170513128144e-03 9.288824433408e-04 7.314598946162e-04 5.714788630549e-04 4.429228920543e-04 3.405000845603e-04 2.596063319820e-04 1.962797895095e-04 1.471489972706e-04
1.805853100150e-03 2.155129930474e-03 2.558621322936e-03 3.022407729118e-03 3.552940984991e-03 4.157035589318e-03 4.841853694261e-03 5.614881575628e-03 6.483894701440e-03 7.456908782861e-03 8.542113809710e-03 9.747788614026e-03 1.108219387961e-02 1.255344224451e-02 1.416934529536e-02 1.593723821181e-02 1.786378367786e-02 1.995475831900e-02 2.221482596714e-02 2.464730211034e-02 2.725391615666e-02 3.003457702983e-02 3.298714903108e-02 3.610724517065e-02 3.938804367285e-02 4.282013511045e-02 4.639140521089e-02 5.008696044449e-02 5.388910009618e-02 5.777734055431e-02 6.172849405020e-02 6.571680724853e-02 6.971415796078e-02 7.369031472455e-02 7.761325393456e-02 8.144953572264e-02 8.516473250656e-02 8.872390264903e-02 9.209210465762e-02 9.523493875688e-02 9.811910599580e-02 1.007129716132e-01 1.029871210438e-01 1.049148911060e-01 1.064728684223e-01 1.076413378490e-01 1.084046712465e-01 1.087516474997e-01 1.086756951279e-01 1.081750522784e-01 1.072528385121e-01 1.059170403861e-01 1.041804067000e-01 1.020602582577e-01 9.957821544757e-02 9.675984696605e-02 9.363424838237e-02 9.023355699627e-02 8.659241340130e-02 8.274738014803e-02 7.873632992792e-02 7.459781767099e-02 7.037044938133e-02 6.609226591972e-02 6.180015272476e-02 5.752929483024e-02 5.331268557218e-02 4.918070452787e-02 4.516077041175e-02 4.127707636213e-02 3.755041025389e-02 3.399805895018e-02 3.063379449383e-02 2.746793498637e-02 2.450747377348e-02 2.175626589032e-02 1.921526235097e-02 1.688278087928e-02 1.475480231122e-02 1.282528206905e-02 1.108646747898e-02 9.529212365210e-03 8.143281856724e-03 6.917641453675e-03 5.840725970760e-03 4.900685192810e-03 4.085603884078e-03 3.383695294359e-03 2.783467476333e-03 2.273862934749e-03 1.844372173678e-03 1.485122312049e-03 1.186942161253e-03 9.414053277706e-04 7.408531656545e-04 5.783995103588e-04 4.479193511058e-04 3.440236533200e-04 2.620227306758e-04 1.978805647753e-04 1.481625007197e-04
1.758910422614e-03 2.102016461683e-03 2.498858666109e-03 2.955523519964e-03 3.478475947659e-03 4.074552202741e-03 4.750946854639e-03 5.515191586627e-03 6.375122892202e-03 7.338835856914e-03 8.414620979892e-03 9.610881225432e-03 1.093602722897e-02 1.239834892239e-02 1.400586344945e-02 1.576613938959e-02 1.768609983106e-02 1.977180649713e-02 2.202822946781e-02 2.445900743674e-02 2.706620456240e-02 2.985006949741e-02 3.280880475045e-02 3.593835170809e-02 3.923219946691e-02 4.268122289092e-02 4.627355771641e-02 4.999451643285e-02 5.382655265137e-02 5.774927686015e-02 6.173952813974e-02 6.577150535539e-02 6.981695993646e-02 7.384544959160e-02 7.782465491412e-02 8.172075411248e-02 8.549885364610e-02 8.912346636182e-02 9.255903242905e-02 9.577046979354e-02 9.872374429433e-02 1.013864472578e-01 1.037283640060e-01 1.057220229673e-01 1.073432089175e-01 1.085714271258e-01 1.093903092173e-01 1.097879468857e-01 1.097571484952e-01 1.092956095709e-01 1.084059967704e-01 1.070959385274e-01 1.053779285056e-01 1.032691388147e-01 1.007911484633e-01 9.796959289384e-02 9.483373992570e-02 9.141600033022e-02 8.775138337757e-02 8.387690625744e-02 7.983097321710e-02 7.565273406973e-02 7.138144072033e-02 6.705581496459e-02 6.271344354647e-02 5.839021681284e-02 5.411982336879e-02 4.993331247129e-02 4.585873514308e-02 4.192086869251e-02 3.814102774263e-02 3.453696323987e-02 3.112284439389e-02 2.790931821731e-02 2.490363936308e-02 2.210985927696e-02 1.952906427423e-02 1.715965152595e-02 1.499763122599e-02 1.303694443429e-02 1.126978679807e-02 9.686929322885e-03 8.278029116805e-03 7.031923748477e-03 5.936905105677e-03 4.980969186319e-03 4.152039849995e-03 3.438165371405e-03 2.827687523896e-03 2.309383566680e-03 1.872581832255e-03 1.507252212258e-03 1.204072851604e-03 9.544747119750e-04 7.506657828267e-04 5.856368492592e-04 4.531509334644e-04 3.477186282662e-04 2.645616566482e-04 1.995670873694e-04 1.492346413305e-04
1.710889666601e-03 2.047585229344e-03 2.437503479888e-03 2.886733862884e-03 3.401751120366e-03 3.989409827735e-03 4.656933387541e-03 5.411895272602e-03 6.262189393139e-03 7.215986878851e-03 8.281675706305e-03 9.467780639649e-03 1.078286069179e-02 1.223538268148e-02 1.383357010503e-02 1.558522754024e-02 1.749754261407e-02 1.957686811086e-02 2.182848859641e-02 2.425637619962e-02 2.686294188632e-02 2.964878871621e-02 3.261247338259e-02 3.575028388968e-02 3.905603964374e-02 4.252092136646e-02 4.613333630320e-02 4.987882625461e-02 5.374002192588e-02 5.769665095575e-02 6.172560116321e-02 6.580104504782e-02 6.989462580963e-02 7.397570749815e-02 7.801168801681e-02 8.196837281053e-02 8.581040769090e-02 8.950176059704e-02 9.300624876334e-02 9.628809784489e-02 9.931252395492e-02 1.020463235932e-01 1.044584576017e-01 1.065206168034e-01 1.082077504039e-01 1.094985494499e-01 1.103758665084e-01 1.108270669981e-01 1.108442987978e-01 1.104246768005e-01 1.095703749121e-01 1.082886289580e-01 1.065916438817e-01 1.044964127616e-01 1.020244476893e-01 9.920142961274e-02 9.605678190550e-02 9.262317789771e-02 8.893598918538e-02 8.503268808479e-02 8.095221495627e-02 7.673432485387e-02 7.241893052546e-02 6.804545367057e-02 6.365220504089e-02 5.927580571703e-02 5.495066611814e-02 5.070853339454e-02 4.657811887361e-02 4.258481071357e-02 3.875047656290e-02 3.509335513210e-02 3.162803393210e-02 2.836550781695e-02 2.531330870198e-02 2.247569744057e-02 1.985390600396e-02 1.744641894421e-02 1.524928127666e-02 1.325642337641e-02 1.145999097990e-02 9.850672790138e-03 8.418017147225e-03 7.150732204978e-03 6.036964708405e-03 5.064554195307e-03 4.221260534543e-03 3.494963688717e-03 2.873835585363e-03 2.346484478052e-03 1.902072615963e-03 1.530408621118e-03 1.222015840933e-03 9.681784244689e-04 7.609668342557e-04 5.932447204677e-04 4.586592154165e-04 3.516168210347e-04 2.672472318910e-04 2.013574930812e-04 1.503789446934e-04
1.662074008132e-03 1.992161872098e-03 2.374928806073e-03 2.816464550432e-03 3.323250817688e-03 3.902157446027e-03 4.560433501180e-03 5.305690955475e-03 6.145877893112e-03 7.089238340013e-03 8.144255039833e-03 9.319572295300e-03 1.062389612960e-02 1.206586989384e-02 1.365392428586e-02 1.539610226629e-02 1.729986015293e-02 1.937184782792e-02 2.161767215698e-02 2.404164868955e-02 2.664654740499e-02 2.943333956715e-02 3.240095205729e-02 3.554603714405e-02 3.886276389413e-02 4.234263923858e-02 4.597436386991e-02 4.974373041285e-02 5.363356979662e-02 5.762374831731e-02 6.169122441295e-02 6.581016397683e-02 6.995212024839e-02 7.408627889428e-02 7.817976697279e-02 8.219802606015e-02 8.610524527139e-02 8.986484657489e-02 9.344001801625e-02 9.679428190172e-02 9.989208787945e-02 1.026994155041e-01 1.051843749693e-01 1.073177872114e-01 1.090737325227e-01 1.104300486453e-01 1.113687704295e-01 1.118764957797e-01 1.119446712534e-01 1.115697899169e-01 1.107534951406e-01 1.095025926311e-01 1.078289654234e-01 1.057493980985e-01 1.032853100800e-01 1.004624069174e-01 9.731025279110e-02 9.386177307260e-02 9.015269812933e-02 8.622095624437e-02 8.210603126150e-02 7.784829648851e-02 7.348834242789e-02 6.906631305357e-02 6.462126810969e-02 6.019058774588e-02 5.580943393338e-02 5.151028231888e-02 4.732253525615e-02 4.327222150733e-02 3.938178967942e-02 3.566999175231e-02 3.215185709525e-02 2.883874816515e-02 2.573849112575e-02 2.285557008536e-02 2.019137364058e-02 1.774448144175e-02 1.551097901567e-02 1.348478908197e-02 1.165800890724e-02 1.002124458244e-02 8.563934325561e-03 7.274654402270e-03 6.141403343010e-03 5.151860605938e-03 4.293618077490e-03 3.554383180944e-03 2.922153569256e-03 2.385363877901e-03 1.933005604778e-03 1.554721320570e-03 1.240874761014e-03 9.825984423158e-04 7.718205438149e-04 6.012729572415e-04 4.644824810402e-04 3.557473567169e-04 2.701014052323e-04 2.032681715488e-04 1.516075464669e-04
1.612722973792e-03 1.936044816380e-03 2.311476486102e-03 2.745105709809e-03 3.243418693210e-03 3.813297881290e-03 4.462015154298e-03 5.197218023156e-03 6.026905786500e-03 6.959392490843e-03 8.003253070242e-03 9.167249330416e-03 1.046023295853e-02 1.189102346301e-02 1.346825972447e-02 1.520022538375e-02 1.709464948223e-02 1.915848478658e-02 2.139766838518e-02 2.381686894480e-02 2.641922717694e-02 2.920609644211e-02 3.217678936647e-02 3.532833993755e-02 3.865528566114e-02 4.214947985193e-02 4.579993743359e-02 4.959272433164e-02 5.351089247959e-02 5.753446949556e-02 6.164050452894e-02 6.580317639887e-02 6.999396566599e-02 7.418189421241e-02 7.833382998101e-02 8.241485775517e-02 8.638871263952e-02 9.021826885655e-02 9.386607807258e-02 9.729494623720e-02 1.004685380287e-01 1.033519926311e-01 1.059125408631e-01 1.081201016670e-01 1.099478488160e-01 1.113727278856e-01 1.123759141603e-01 1.129431957916e-01 1.130652753100e-01 1.127379823584e-01 1.119623899695e-01 1.107448363353e-01 1.090968489743e-01 1.070349733885e-01 1.045805117935e-01 1.017591741036e-01 9.860065006709e-02 9.513810898947e-02 9.140763681330e-02 8.744762117494e-02 8.329809869409e-02 7.900007553735e-02 7.459484001435e-02 7.012328251757e-02 6.562524016725e-02 6.113888283632e-02 5.670015696722e-02 5.234230014754e-02 4.809543856638e-02 4.398627441200e-02 4.003786703245e-02 3.626950983647e-02 3.269669849216e-02 2.933118469541e-02 2.618110689928e-02 2.325118705450e-02 2.054298149337e-02 1.805517337058e-02 1.578389393480e-02 1.372306119687e-02 1.186472478830e-02 1.019940733852e-02 8.716434643269e-03 7.404247983202e-03 6.250693579755e-03 5.243286354315e-03 4.369445331027e-03 3.616700270065e-03 2.972869268845e-03 2.426208007433e-03 1.965531762125e-03 1.580311580007e-03 1.260746100056e-03 9.978107817922e-04 7.832861938514e-04 6.097673022217e-04 4.706556576632e-04 3.601366277813e-04 2.731439128790e-04 2.053137377226e-04 1.529311699094e-04
1.563071845215e-03 1.879504569131e-03 2.247456298241e-03 2.673010796755e-03 3.162656615354e-03 3.723286474736e-03 4.362192552152e-03 5.087055217800e-03 5.905922262878e-03 6.827175110565e-03 7.859478473827e-03 9.011709664109e-03 1.029286483034e-02 1.171193929081e-02 1.327778098884e-02 1.499891652734e-02 1.688335154112e-02 1.893834748309e-02 2.117017920608e-02 2.358387807440e-02 2.618296736097e-02 2.896919580609e-02 3.194227744254e-02 3.509964473017e-02 3.843622265496e-02 4.194423035671e-02 4.561301813299e-02 4.942894596856e-02 5.337530912590e-02 5.743231698407e-02 6.157713010341e-02 6.578395882059e-02 7.002422828302e-02 7.426681036578e-02 7.847832435966e-02 8.262350513229e-02 8.666563577111e-02 9.056703983514e-02 9.428962374638e-02 9.779546349893e-02 1.010474184949e-01 1.040097631265e-01 1.066488178299e-01 1.089335652351e-01 1.108362339369e-01 1.123328362185e-01 1.134036445482e-01 1.140335927287e-01 1.142125956175e-01 1.139357758140e-01 1.132035954882e-01 1.120218870281e-01 1.104017874063e-01 1.083595737873e-01 1.059164052222e-01 1.030979762820e-01 9.993408858135e-02 9.645814722518e-02 9.270659175804e-02 8.871827474141e-02 8.453379581064e-02 8.019481083634e-02 7.574332844438e-02 7.122101233152e-02 6.666850761435e-02 6.212480752995e-02 5.762667846209e-02 5.320815605913e-02 4.890012664275e-02 4.472999986229e-02 4.072147875862e-02 3.689442790313e-02 3.326483579715e-02 2.984486619174e-02 2.664298911781e-02 2.366417970827e-02 2.091017387186e-02 1.837976644748e-02 1.606913981634e-02 1.397220997480e-02 1.208097918523e-02 1.038588517477e-02 8.876138482116e-03 7.540041170288e-03 6.365282470951e-03 5.339207310978e-03 4.449056127394e-03 3.682175069397e-03 3.026196608735e-03 2.469191297457e-03 1.999792051990e-03 1.607292229715e-03 1.281719275150e-03 1.013885553479e-03 7.954181534412e-04 6.187694475156e-04 4.772103478070e-04 3.648083092677e-04 2.763922931425e-04 2.075070418414e-04 1.543591340341e-04
1.513331598811e-03 1.822783653124e-03 2.183145915110e-03 2.600496515055e-03 3.081324535485e-03 3.632530938445e-03 4.261425938156e-03 4.975720373185e-03 5.783508007315e-03 6.693235170285e-03 7.713654036655e-03 8.853755639834e-03 1.012267926759e-02 1.152959573447e-02 1.308356284275e-02 1.479335237143e-02 1.666725037434e-02 1.871283256378e-02 2.093671902953e-02 2.334431336898e-02 2.593953275452e-02 2.872453477745e-02 3.169945002657e-02 3.486212666645e-02 3.820789514486e-02 4.172936039803e-02 4.541622847569e-02 4.925517478702e-02 5.322975876762e-02 5.732039295379e-02 6.150436913100e-02 6.575594806733e-02 7.004651541928e-02 7.434480706574e-02 7.861720396629e-02 8.282809697098e-02 8.694031862516e-02 9.091563757971e-02 9.471530620985e-02 9.830065456854e-02 1.016337164417e-01 1.046778739911e-01 1.073985063713e-01 1.097636222108e-01 1.117444656204e-01 1.133160721538e-01 1.144577656696e-01 1.151535800333e-01 1.153925964330e-01 1.151691863213e-01 1.144831576577e-01 1.133397983034e-01 1.117498198754e-01 1.097291995739e-01 1.072989283391e-01 1.044846657579e-01 1.013163112398e-01 9.782749829352e-02 9.405502051691e-02 9.003820036845e-02 8.581821354416e-02 8.143738446234e-02 7.693846596333e-02 7.236392462798e-02 6.775524674555e-02 6.315228535772e-02 5.859266476582e-02 5.411125775290e-02 4.973974926611e-02 4.550629361642e-02 4.143527252406e-02 3.754715345475e-02 3.385844602242e-02 3.038175069499e-02 2.712588911669e-02 2.409610592511e-02 2.129432892361e-02 1.871947333697e-02 1.636777784524e-02 1.423315888272e-02 1.230757131197e-02 1.058136592457e-02 9.043634204008e-03 7.682534349612e-03 6.485592818478e-03 5.439978344361e-03 4.532746197624e-03 3.751052165386e-03 3.082336194196e-03 2.514476862792e-03 2.035917847431e-03 1.635768013580e-03 1.303876892618e-03 1.030887172573e-03 8.082660543185e-04 6.283171561577e-04 4.841749183656e-04 3.697834391488e-04 2.798619466772e-04 2.098592154225e-04 1.558993894961e-04
1.463689345640e-03 1.766097095411e-03 2.118791421572e-03 2.527843448607e-03 2.999741210115e-03 3.541392153425e-03 4.160122536553e-03 4.863671472436e-03 5.660176359121e-03 6.558146126479e-03 7.566418227558e-03 8.694095531373e-03 9.950459288666e-03 1.134485545092e-02 1.288655233547e-02 1.458456905573e-02 1.644747576203e-02 1.848316786608e-02 2.069861803151e-02 2.309961148853e-02 2.569047052500e-02 2.847377510767e-02 3.145008735151e-02 3.461768785599e-02 3.797233102358e-02 4.150702713166e-02 4.521185853485e-02 4.907383700615e-02 5.307680772274e-02 5.720140670155e-02 6.142507731114e-02 6.572214895964e-02 7.006398461791e-02 7.441919723913e-02 7.875393948473e-02 8.303226402133e-02 8.721655403197e-02 9.126801824560e-02 9.514724467049e-02 9.881480168059e-02 1.022318748116e-01 1.053609263004e-01 1.081663599559e-01 1.106151729635e-01 1.126775821366e-01 1.143276006514e-01 1.155435574460e-01 1.163085382725e-01 1.166107425619e-01 1.164437443733e-01 1.158066538578e-01 1.147041736934e-01 1.131465534804e-01 1.111494393319e-01 1.087336278735e-01 1.059247239595e-01 1.027527112887e-01 9.925144575806e-02 9.545807392576e-02 9.141239603433e-02 8.715617795972e-02 8.273243263762e-02 7.818468410532e-02 7.355623293133e-02 6.888944226339e-02 6.422506405758e-02 5.960162146559e-02 5.505486609540e-02 5.061732268657e-02 4.631793004634e-02 4.218178567255e-02 3.822999395392e-02 3.447961592230e-02 3.094371440621e-02 2.763148441714e-02 2.454845728355e-02 2.169676537963e-02 1.907545336016e-02 1.668082164340e-02 1.450678913907e-02 1.254526294405e-02 1.078650419865e-02 9.219481112749e-03 7.832202342138e-03 6.612025154055e-03 5.545934986718e-03 4.620794591040e-03 3.823561748832e-03 3.141476324006e-03 2.562217291829e-03 2.074031566423e-03 1.665836091861e-03 1.327295170949e-03 1.048874690438e-03 8.218750428462e-04 6.384444733287e-04 4.915746731311e-04 3.750805429460e-04 2.835662322370e-04 2.123797488235e-04 1.575585799287e-04
1.414309173864e-03 1.709633416581e-03 2.054608487017e-03 2.455297349490e-03 2.918185682977e-03 3.450185855868e-03 4.058638416837e-03 4.751308752708e-03 5.536375728997e-03 6.422408608775e-03 7.418328075358e-03 8.533346979344e-03 9.776887280208e-03 1.115846963015e-02 1.268757349089e-02 1.437346730283e-02 1.622500885703e-02 1.825041853252e-02 2.045702888880e-02 2.285101605415e-02 2.543711857606e-02 2.821835192105e-02 3.119572501805e-02 3.436796778748e-02 3.773127685496e-02 4.127908733171e-02 4.500187854548e-02 4.888701983309e-02 5.291866317516e-02 5.707768951717e-02 6.134171331625e-02 6.568515173855e-02 7.007936093683e-02 7.449284508156e-02 7.889153815026e-02 8.323916000540e-02 8.749764499947e-02 9.162763780612e-02 9.558905066230e-02 9.934167276131e-02 1.028458185739e-01 1.060630010270e-01 1.089566131637e-01 1.114926011302e-01 1.136401101115e-01 1.153720840770e-01 1.166658069372e-01 1.175033666842e-01 1.178720308616e-01 1.177645286315e-01 1.171792259281e-01 1.161201987354e-01 1.145971965099e-01 1.126255026166e-01 1.102256922694e-01 1.074232950851e-01 1.042483662866e-01 1.007349765623e-01 9.692062752358e-02 9.284560455527e-02 8.855227914036e-02 8.408437492576e-02 7.948621484083e-02 7.480196766427e-02 7.007491174320e-02 6.534673924196e-02 6.065691570609e-02 5.604211624195e-02 5.153574895586e-02 4.716757980840e-02 4.296346158661e-02 3.894517181654e-02 3.513035497680e-02 3.153256394756e-02 2.816138976963e-02 2.502266855316e-02 2.211875097495e-02 1.944882022335e-02 1.700924382939e-02 1.479394538046e-02 1.279478325909e-02 1.100192580416e-02 9.404212993456e-03 7.989497614859e-03 6.744960410920e-03 5.657395715029e-03 4.713465482876e-03 3.899921210155e-03 3.203794252637e-03 2.612555720858e-03 2.114247551942e-03 1.697586744631e-03 1.352044499536e-03 1.067902240723e-03 8.362861460414e-04 6.491820040495e-04 4.994320658621e-04 3.807158061792e-04 2.875166037660e-04 2.150765932960e-04 1.593421193719e-04
1.365333332326e-03 1.653555989587e-03 1.990783912631e-03 2.383070958465e-03 2.836899335521e-03 3.359185009734e-03 3.957281215866e-03 4.638977767926e-03 5.412492983095e-03 6.286454334551e-03 7.269863582105e-03 8.372041816337e-03 9.602550377144e-03 1.097108402862e-02 1.248733394577e-02 1.416081972907e-02 1.600069024361e-02 1.801549601684e-02 2.021293664623e-02 2.259958810184e-02 2.518061666383e-02 2.795948640882e-02 3.093766824532e-02 3.411435815643e-02 3.748621352813e-02 4.104711417936e-02 4.478795713138e-02 4.869649042058e-02 5.275719460034e-02 5.695121652707e-02 6.125636262596e-02 6.564715619693e-02 7.009496357573e-02 7.456819344667e-02 7.903257152549e-02 8.345149079501e-02 8.778643680106e-02 9.199748490167e-02 9.604386049788e-02 9.988455596398e-02 1.034789902067e-01 1.067876958027e-01 1.097730192908e-01 1.123998134327e-01 1.146361056832e-01 1.164537214249e-01 1.178288487125e-01 1.187425243749e-01 1.191810330248e-01 1.191362075738e-01 1.186056231185e-01 1.175926844101e-01 1.161066024332e-01 1.141622630570e-01 1.117799937753e-01 1.089852274441e-01 1.058080770315e-01 1.022828221939e-01 9.844732025082e-02 9.434235111770e-02 9.001090756540e-02 8.549744783291e-02 8.084712413101e-02 7.610500872720e-02 7.131533608415e-02 6.652078260236e-02 6.176180260632e-02 5.707604163824e-02 5.249783854120e-02 4.805783075847e-02 4.378266885540e-02 3.969484181078e-02 3.581261171556e-02 3.215005062729e-02 2.871716988875e-02 2.552012948636e-02 2.256151262058e-02 1.984065070666e-02 1.735398399684e-02 1.509544250559e-02 1.305683483405e-02 1.122823283748e-02 9.598342591910e-03 8.154853940095e-03 6.884763097811e-03 5.774664563702e-03 4.811010498485e-03 3.980336961108e-03 3.269457743840e-03 2.665627067943e-03 2.156673091304e-03 1.731104213477e-03 1.378190118618e-03 1.088019582477e-03 8.515366949172e-04 6.605572515302e-04 5.077669643192e-04 3.867032780468e-04 2.917227668791e-04 2.179562844353e-04 1.612542877759e-04
1.316883679065e-03 1.598004720383e-03 1.927477581270e-03 2.311346230566e-03 2.756088462389e-03 3.268622686895e-03 3.856313402396e-03 4.526973146769e-03 5.288857726013e-03 6.150650769705e-03 7.121433060881e-03 8.210632078468e-03 9.427947113094e-03 1.078324639276e-02 1.228643329098e-02 1.394728013511e-02 1.577523012429e-02 1.777916909885e-02 1.996717058482e-02 2.234621965015e-02 2.492192129070e-02 2.769820154890e-02 3.067700838754e-02 3.385802103299e-02 3.723837626046e-02 4.081241864609e-02 4.457148373869e-02 4.850372027626e-02 5.259395899622e-02 5.682363468090e-02 6.117076617467e-02 6.561000240489e-02 7.011273696774e-02 7.464729760026e-02 7.917921172377e-02 8.367155125293e-02 8.808535397313e-02 9.238012045852e-02 9.651437737644e-02 1.004463024085e-01 1.041343931447e-01 1.075381703701e-01 1.106188959189e-01 1.133402858616e-01 1.156692018279e-01 1.175762988160e-01 1.190366149809e-01 1.200300814580e-01 1.205419453998e-01 1.205630908750e-01 1.200902524887e-01 1.191261178955e-01 1.176793185039e-01 1.157643086162e-01 1.134011380588e-01 1.106151222591e-01 1.074364172528e-01 1.038995051597e-01 1.000426004676e-01 9.590698710205e-02 9.153629680048e-02 8.697574693194e-02 8.227135053101e-02 7.746912189564e-02 7.261429401798e-02 6.775057433830e-02 6.291945536654e-02 5.815960314318e-02 5.350633624197e-02 4.899121198087e-02 4.464172311794e-02 4.048111109099e-02 3.652829155157e-02 3.279788678411e-02 2.930035414588e-02 2.604219764330e-02 2.302624800149e-02 2.025199509243e-02 1.771595745258e-02 1.541207344898e-02 1.333210035828e-02 1.146600940793e-02 9.802366486218e-03 8.328690692276e-03 7.031784841253e-03 5.898034149676e-03 4.913671144931e-03 4.065006574156e-03 3.338626793380e-03 2.721559492181e-03 2.201409587953e-03 1.766467642024e-03 1.405792866000e-03 1.109272704956e-03 8.676608025612e-04 6.725949989162e-04 5.165969519124e-04 3.930551040051e-04 2.961928579652e-04 2.210240821607e-04 1.632983393275e-04
1.269063310128e-03 1.543097948870e-03 1.864824646081e-03 2.240276844510e-03 2.675927158189e-03 3.178695415171e-03 3.755956080669e-03 4.415542837512e-03 5.165747142135e-03 6.015306695065e-03 6.973379268602e-03 8.049496790356e-03 9.253495058300e-03 1.059541502776e-02 1.208537235588e-02 1.373339374864e-02 1.554921984630e-02 1.754207664216e-02 1.972041858657e-02 2.209164872074e-02 2.466182212200e-02 2.743534000074e-02 3.041464281305e-02 3.359991026002e-02 3.698877733477e-02 4.057607373651e-02 4.435359510725e-02 4.830991283659e-02 5.243023082875e-02 5.669629328502e-02 6.108635334728e-02 6.557520549472e-02 7.013428843439e-02 7.473186326629e-02 7.933327056854e-02 8.390126732554e-02 8.839644441321e-02 9.277772236705e-02 9.700291776831e-02 1.010293738316e-01 1.048146415763e-01 1.083171970835e-01 1.114971778307e-01 1.143171176924e-01 1.167426622840e-01 1.187432427465e-01 1.202926903706e-01 1.213697741475e-01 1.219586459697e-01 1.220491859251e-01 1.216372360677e-01 1.207247191040e-01 1.193196437950e-01 1.174359963091e-01 1.150935187580e-01 1.123173866386e-01 1.091377841069e-01 1.055893891092e-01 1.017107744267e-01 9.754373793429e-02 9.313256872139e-02 8.852326910553e-02 8.376274706221e-02 7.889799784809e-02 7.397529921838e-02 6.903943862095e-02 6.413299874240e-02 5.929571882587e-02 5.456395025645e-02 4.997022018248e-02 4.554291145198e-02 4.130606103797e-02 3.727927661495e-02 3.347776359465e-02 2.991245236058e-02 2.659021250094e-02 2.351413808042e-02 2.068388796640e-02 1.809606505357e-02 1.574461767288e-02 1.362125004007e-02 1.171582803726e-02 1.001677055232e-02 8.511417403549e-03 7.186368345966e-03 6.027788988044e-03 5.021681640147e-03 4.154121028823e-03 3.411455541888e-03 2.780475941905e-03 2.248553820460e-03 1.803752106088e-03 1.434910021159e-03 1.131704491587e-03 8.846898984872e-04 6.853177187048e-04 5.259376480145e-04 3.997817799862e-04 3.009336424642e-04 2.242841180260e-04 1.654766147500e-04
1.221958320941e-03 1.488934487443e-03 1.802937892877e-03 2.169990948636e-03 2.596560421913e-03 3.089566689794e-03 3.656393018983e-03 4.304892718509e-03 5.043391109503e-03 5.880677978442e-03 6.825985953051e-03 7.888949439051e-03 9.079539170602e-03 1.040796785827e-02 1.188456357525e-02 1.351960870744e-02 1.532314428758e-02 1.730474125848e-02 1.947324179428e-02 2.183647600095e-02 2.440096005493e-02 2.717158385709e-02 3.015129587422e-02 3.334079382996e-02 3.673823026008e-02 4.033894089837e-02 4.413520309026e-02 4.811603409444e-02 5.226703348640e-02 5.657027846252e-02 6.100427829950e-02 6.554399382778e-02 7.016092722413e-02 7.482328882648e-02 7.949624385160e-02 8.414224137022e-02 8.872142664902e-02 9.319213516683e-02 9.751146149224e-02 1.016358951425e-01 1.055220140817e-01 1.091272154957e-01 1.124104717968e-01 1.153330873531e-01 1.178594400864e-01 1.199576801020e-01 1.216003732946e-01 1.227650655260e-01 1.234347543462e-01 1.235982584028e-01 1.232504709260e-01 1.223925002691e-01 1.210316879167e-01 1.191815119033e-01 1.168613762922e-01 1.140962922692e-01 1.109164560998e-01 1.073567342670e-01 1.034560598320e-01 9.925675428723e-02 9.480378304803e-02 9.014396103592e-02 8.532512563851e-02 8.039529596205e-02 7.540184110210e-02 7.039068118485e-02 6.540554371697e-02 6.048729732519e-02 5.567338141170e-02 5.099734719923e-02 4.648851730583e-02 4.217177045563e-02 3.806744681748e-02 3.419136986096e-02 3.055497188690e-02 2.716551066981e-02 2.402636036874e-02 2.113736016217e-02 1.849520332324e-02 1.609384995181e-02 1.392494912174e-02 1.197825626188e-02 1.024203567485e-02 8.703438658919e-03 7.348851454223e-03 6.164208944770e-03 5.135271769253e-03 4.247867185721e-03 3.488094254028e-03 2.842495791187e-03 2.298199310674e-03 1.843029715728e-03 1.465596173054e-03 1.155355420782e-03 9.026532757112e-04 6.987460129111e-04 5.358030477697e-04 4.068924118334e-04 3.059507141861e-04 2.277395535567e-04 1.677906648192e-04
1.175639619629e-03 1.435595722212e-03 1.741910175175e-03 2.100593946645e-03 2.518107405965e-03 3.001370716533e-03 3.557774852261e-03 4.195191376483e-03 4.921977695890e-03 5.746973675797e-03 6.679484697652e-03 7.729245575622e-03 8.906360232468e-03 1.022121211530e-02 1.168434152560e-02 1.330628772859e-02 1.509739493625e-02 1.706758367169e-02 1.922609054160e-02 2.158118164729e-02 2.413984568503e-02 2.690747471162e-02 2.988754095738e-02 3.308127810994e-02 3.648737608562e-02 4.010169748566e-02 4.391702457123e-02 4.792284348398e-02 5.210517346526e-02 5.644644842587e-02 6.092545713345e-02 6.551734805702e-02 7.019370664623e-02 7.492270890801e-02 7.966935703211e-02 8.439579977357e-02 8.906173914592e-02 9.362492060572e-02 9.804170467424e-02 1.022677086139e-01 1.062585093156e-01 1.099703904286e-01 1.133611165475e-01 1.163907141975e-01 1.190222379983e-01 1.212224992042e-01 1.229627359017e-01 1.242192079685e-01 1.249736958352e-01 1.252138948881e-01 1.249336930295e-01 1.241333301397e-01 1.228194327143e-01 1.210049313358e-01 1.187088577135e-01 1.159560329207e-01 1.127766492951e-01 1.092057532772e-01 1.052826397878e-01 1.010501645210e-01 9.655398809331e-02 9.184176684090e-02 8.696230423230e-02 8.196468665651e-02 7.689742545338e-02 7.180762784095e-02 6.674022393720e-02 6.173727099455e-02 5.683735535490e-02 5.207510853735e-02 4.748084685693e-02 4.308033897506e-02 3.889470104425e-02 3.494041138951e-02 3.122943475911e-02 2.776944116422e-02 2.456410274569e-02 2.161345071665e-02 1.891427517942e-02 1.646054980386e-02 1.424386609727e-02 1.225386354721e-02 1.047864361846e-02 8.905159083203e-03 7.519571449070e-03 6.307572841243e-03 5.254669949332e-03 4.346430247291e-03 3.568691421957e-03 2.907736557777e-03 2.350437701211e-03 1.884370713520e-03 1.497904132170e-03 1.180264280399e-03 9.215786574968e-04 7.128990544692e-04 5.462058732254e-04 4.143949872505e-04 3.112487065858e-04 2.313927410957e-04 1.702413692422e-04
1.130164743366e-03 1.383147737900e-03 1.681816867073e-03 2.032171318030e-03 2.440664630416e-03 2.914216054309e-03 3.460223316452e-03 4.086574870048e-03 4.801658514739e-03 5.614362196195e-03 6.534061829466e-03 7.570590546293e-03 8.734183606857e-03 1.003539386003e-02 1.148497363188e-02 1.309371997243e-02 1.487228290121e-02 1.683093701045e-02 1.897932007711e-02 2.132614307076e-02 2.387887847433e-02 2.664343440108e-02 2.962382290790e-02 3.282183187506e-02 3.623670856826e-02 3.986486488820e-02 4.369961089048e-02 4.773092585589e-02 5.194527367361e-02 5.632546968026e-02 6.085060595866e-02 6.549604163900e-02 7.023346585560e-02 7.503103789021e-02 7.985361039069e-02 8.466304062608e-02 8.941858949917e-02 9.407740894546e-02 9.859511366329e-02 1.029264288626e-01 1.070259026935e-01 1.108486690503e-01 1.143512411016e-01 1.174923166792e-01 1.202335704472e-01 1.225404121491e-01 1.243826888583e-01 1.257353071102e-01 1.265787639292e-01 1.268995674683e-01 1.266905395311e-01 1.259509953248e-01 1.246867968107e-01 1.229102825693e-01 1.206400771802e-01 1.179007854051e-01 1.147225762857e-01 1.111406686379e-01 1.071947188506e-01 1.029281275613e-01 9.838727163199e-02 9.362067708454e-02 8.867815224815e-02 8.360989698582e-02 7.846561680024e-02 7.329366416117e-02 6.814023258008e-02 6.304863038455e-02 5.805865318727e-02 5.320607281542e-02 4.852225562892e-02 4.403391195320e-02 3.976297949190e-02 3.572663080746e-02 3.193739554671e-02 2.840338140530e-02 2.512857729457e-02 2.211321913023e-02 1.935420064897e-02 1.684551068131e-02 1.457868077785e-02 1.254322823135e-02 1.072708303304e-02 9.116988537666e-03 7.698869378443e-03 6.458162085757e-03 5.380106225186e-03 4.449996351654e-03 3.653395860479e-03 2.976315629090e-03 2.405360153957e-03 1.927844650636e-03 1.531885831572e-03 1.206468904717e-03 9.414927846649e-04 7.277950449060e-04 5.571579235822e-04 4.222966496260e-04 3.168315009583e-04 2.352453814077e-04 1.728290616236e-04
1.085579621001e-03 1.331643363344e-03 1.622718239113e-03 1.964791397597e-03 2.364309161771e-03 2.828189291499e-03 3.363835363795e-03 3.979151440607e-03 4.682554058875e-03 5.482977211014e-03 6.389865173721e-03 7.413147070693e-03 8.563187545819e-03 9.850707456806e-03 1.128667058005e-02 1.288213263481e-02 1.464805178368e-02 1.659506112649e-02 1.873320602374e-02 2.107165146174e-02 2.361836511526e-02 2.637978508778e-02 2.936047962908e-02 3.256280945894e-02 3.598660019462e-02 3.962883538479e-02 4.348337711539e-02 4.754072290825e-02 5.178780699224e-02 5.620785187147e-02 6.078027821992e-02 6.548067982262e-02 7.028087124633e-02 7.514901372643e-02 8.004982544027e-02 8.494488130266e-02 8.979300488364e-02 9.455075089753e-02 9.917297724022e-02 1.036134970194e-01 1.078258014639e-01 1.117638379162e-01 1.153828230712e-01 1.186400726325e-01 1.214958222128e-01 1.239140163062e-01 1.258630415234e-01 1.273163825116e-01 1.282531828645e-01 1.286586960072e-01 1.285246129852e-01 1.278492646672e-01 1.266376953300e-01 1.249016068075e-01 1.226591781751e-01 1.199347683814e-01 1.167585051102e-01 1.131657683441e-01 1.091965772251e-01 1.048948872300e-01 1.003078117986e-01 9.548477820498e-02 9.047663825886e-02 8.533475366635e-02 8.011007974656e-02 7.485227420433e-02 6.960885869388e-02 6.442445850174e-02 5.934014364620e-02 5.439289068019e-02 4.961517512660e-02 4.503470421002e-02 4.067428551136e-02 3.655182748283e-02 3.268045903335e-02 2.906875282720e-02 2.572103447448e-02 2.263775785285e-02 1.981592760492e-02 1.724954956027e-02 1.493009239951e-02 1.284694473149e-02 1.098785553484e-02 9.339347158713e-03 7.887094419221e-03 6.616264361016e-03 5.511815385616e-03 4.558755065422e-03 3.742358814119e-03 3.048351987251e-03 2.463058777532e-03 1.973521497473e-03 1.567593264420e-03 1.234006900929e-03 9.624219855424e-04 7.434516642344e-04 5.686704254218e-04 4.306039666118e-04 3.227024334465e-04 2.392986833019e-04 1.755536476085e-04
1.041920283645e-03 1.281124148501e-03 1.564661741890e-03 1.898507965327e-03 2.289101618363e-03 2.743358464333e-03 3.268687097248e-03 3.873005988639e-03 4.564758749561e-03 5.352923446681e-03 6.247010369678e-03 7.257042399785e-03 8.393511342738e-03 9.667304517897e-03 1.108959642741e-02 1.267170202536e-02 1.442488989081e-02 1.636015578039e-02 1.848795935459e-02 2.081792832818e-02 2.335853729986e-02 2.611676838666e-02 2.909776306369e-02 3.230447389837e-02 3.573732634311e-02 3.939389889260e-02 4.326863036404e-02 4.735256297244e-02 5.163312788401e-02 5.609398187777e-02 6.071490042318e-02 6.547173758718e-02 7.033645635331e-02 7.527723992718e-02 8.025868761594e-02 8.524210342912e-02 9.018587761155e-02 9.504596534841e-02 9.977645629452e-02 1.043302324962e-01 1.086596991027e-01 1.127175789480e-01 1.164577450667e-01 1.198360768038e-01 1.228113089082e-01 1.253458525789e-01 1.274065629077e-01 1.289654296121e-01 1.300001695061e-01 1.304947090775e-01 1.304395402399e-01 1.298319479547e-01 1.286761019648e-01 1.269830179704e-01 1.247703900518e-01 1.220623008437e-01 1.188888142893e-01 1.152854619012e-01 1.112926240337e-01 1.069548225543e-01 1.023199277967e-01 9.743829951016e-02 9.236187489657e-02 8.714322777687e-02 8.183462042069e-02 7.648708016423e-02 7.114952394883e-02 6.586796392717e-02 6.068481440898e-02 5.563832325425e-02 5.076213933773e-02 4.608502432367e-02 4.163070720893e-02 3.741787680794e-02 3.346029777940e-02 2.976703657706e-02 2.634277682080e-02 2.318820447887e-02 2.030044265368e-02 1.767351613289e-02 1.529882771341e-02 1.316563029886e-02 1.126148156927e-02 9.572670549264e-03 8.084608138890e-03 6.782177263310e-03 5.650039982629e-03 4.672901967672e-03 3.835736041643e-03 3.123967937276e-03 2.523628041142e-03 2.021472799687e-03 1.605079377811e-03 1.262916372494e-03 9.843927421228e-04 7.598865131687e-04 5.807543772568e-04 4.393231950108e-04 3.288644974049e-04 2.435535174836e-04 1.784147216714e-04
9.992144127103e-04 1.231622190116e-03 1.507684131390e-03 1.833362717294e-03 2.215088984512e-03 2.659776271844e-03 3.174837441097e-03 3.768204193728e-03 4.448345657407e-03 5.224281919741e-03 6.105587012339e-03 7.102375071707e-03 8.225262850762e-03 9.485302293608e-03 1.089387779159e-02 1.246256388756e-02 1.420294161653e-02 1.612637358896e-02 1.824373998397e-02 2.056514046030e-02 2.309956815494e-02 2.585456372377e-02 2.883585883148e-02 3.204701784854e-02 3.548908798052e-02 3.916026681446e-02 4.305559593667e-02 4.716668902405e-02 5.148150262323e-02 5.598415547906e-02 6.065480623668e-02 6.546959526514e-02 7.040065893491e-02 7.541622374496e-02 8.048078800558e-02 8.555539609096e-02 9.059801124062e-02 9.556398630816e-02 1.004066332976e-01 1.050778826831e-01 1.095290250488e-01 1.137115194275e-01 1.175778473137e-01 1.210823943400e-01 1.241823296799e-01 1.268384613578e-01 1.290160381406e-01 1.306854765428e-01 1.318229896542e-01 1.324111011831e-01 1.324390326953e-01 1.319029553616e-01 1.308061052100e-01 1.291587601934e-01 1.269780860964e-01 1.242878561122e-01 1.211180482089e-01 1.175043322521e-01 1.134874499431e-01 1.091124983632e-01 1.044281270018e-01 9.948566024768e-02 9.433816387039e-02 8.903947569335e-02 8.364322622670e-02 7.820187866422e-02 7.276581727092e-02 6.738251432580e-02 6.209580193561e-02 5.694527078969e-02 5.196581015359e-02 4.718729773359e-02 4.263443896643e-02 3.832674966680e-02 3.427866935788e-02 3.049978888433e-02 2.699517256897e-02 2.376575352269e-02 2.080878146410e-02 1.811830211179e-02 1.568564905309e-02 1.349993196641e-02 1.154850642842e-02 9.817414661176e-03 8.291788815722e-03 6.956211825704e-03 5.795033332909e-03 4.792641143092e-03 3.933689903729e-03 3.203290816836e-03 2.587166127480e-03 2.071772786166e-03 1.644398974084e-03 1.293236627832e-03 1.007432256115e-03 7.771175485237e-04 5.934208847691e-04 4.484605368117e-04 3.353205388821e-04 2.480105631949e-04 1.814116797043e-04
9.574828002200e-04 1.183161806695e-03 1.451813399432e-03 1.769387496442e-03 2.142307193269e-03 2.577483038589e-03 3.082331485050e-03 3.664796394161e-03 4.333370819854e-03 5.097114889230e-03 5.965664001782e-03 6.949221046237e-03 8.058525276938e-03 9.304791367197e-03 1.069961245919e-02 1.225482289526e-02 1.398231803276e-02 1.589383124078e-02 1.800066969134e-02 2.031341397233e-02 2.284158758559e-02 2.559330452376e-02 2.857490425349e-02 3.179058309284e-02 3.524203285062e-02 3.892809521756e-02 4.284444133347e-02 4.698328480425e-02 5.133313633939e-02 5.587860661357e-02 6.060026643172e-02 6.547457088293e-02 7.047385554513e-02 7.556641331336e-02 8.071666027040e-02 8.588539482213e-02 9.103015945777e-02 9.610570481229e-02 1.010645541836e-01 1.058576676801e-01 1.104351917331e-01 1.147472813070e-01 1.187449769038e-01 1.223811111113e-01 1.256112204867e-01 1.283944353569e-01 1.306943197771e-01 1.324796362662e-01 1.337250117950e-01 1.344114877695e-01 1.345269382758e-01 1.340663508019e-01 1.330319630953e-01 1.314332606353e-01 1.292868355958e-01 1.266161154935e-01 1.234509677798e-01 1.198271875559e-01 1.157858749448e-01 1.113727129866e-01 1.066371515907e-01 1.016315136782e-01 9.641003756028e-02 9.102788024537e-02 8.554010377152e-02 8.000067787085e-02 7.446152920403e-02 6.897166787266e-02 6.357642157535e-02 5.831679952846e-02 5.322900263135e-02 4.834409020745e-02 4.368780202946e-02 3.928053108620e-02 3.513743314907e-02 3.126865615460e-02 2.767966913719e-02 2.437166846908e-02 2.134203919652e-02 1.858485001910e-02 1.609136198622e-02 1.385053333196e-02 1.184950586950e-02 1.007406080156e-02 8.509035545146e-03 7.138696086201e-03 5.947062480283e-03 4.918187582090e-03 4.036391377648e-03 3.286454628497e-03 2.653776312257e-03 2.124499469298e-03 1.685609582673e-03 1.325008875972e-03 1.031568982327e-03 7.951635074332e-04 6.066814862615e-04 4.580223891964e-04 3.420734448372e-04 2.526704513455e-04 1.845438240897e-04
9.167406177001e-04 1.135761030362e-03 1.397070502538e-03 1.706606286227e-03 2.070783410564e-03 2.496509327523e-03 2.991203489771e-03 3.562820904227e-03 4.219877076268e-03 4.971470116756e-03 5.827294475478e-03 6.797639134026e-03 7.893363372400e-03 9.125842442237e-03 1.050687695649e-02 1.204856100158e-02 1.376310603432e-02 1.566262000521e-02 1.775884334365e-02 2.006284660582e-02 2.258469576277e-02 2.533309316392e-02 2.831500396709e-02 3.153527756236e-02 3.499627382826e-02 3.869750448763e-02 4.263529799587e-02 4.680249742721e-02 5.118819799975e-02 5.577753350279e-02 6.055151749069e-02 6.548694940384e-02 7.055639180096e-02 7.572822913590e-02 8.096681480891e-02 8.623271680028e-02 9.148306506687e-02 9.667200696456e-02 1.017512692151e-01 1.066708215655e-01 1.113796361088e-01 1.158265234908e-01 1.199610317866e-01 1.237343787250e-01 1.271003980653e-01 1.300164655296e-01 1.324443776574e-01 1.343511566515e-01 1.357097575055e-01 1.364996541882e-01 1.367072927294e-01 1.363264010301e-01 1.353581520366e-01 1.338111794685e-01 1.317014527712e-01 1.290520160486e-01 1.258925987344e-01 1.222591063700e-01 1.181929948583e-01 1.137405426079e-01 1.089520219106e-01 1.038807884124e-01 9.858229986480e-02 9.311308902072e-02 8.752971628975e-02 8.188773197942e-02 7.624068435138e-02 7.063920371855e-02 6.513019571533e-02 5.975616791869e-02 5.455470902525e-02 4.955812908833e-02 4.479326439844e-02 4.028143821768e-02 3.603856655810e-02 3.207538924765e-02 2.839780576195e-02 2.500729288970e-02 2.190138032839e-02 1.907416210505e-02 1.651682285986e-02 1.421816088351e-02 1.216509176095e-02 1.034312038680e-02 8.736772284624e-03 7.329978478602e-03 6.106411018800e-03 5.049769635229e-03 4.144022033604e-03 3.373601685921e-03 2.723568269568e-03 2.179735706829e-03 1.728772321249e-03 1.358276906071e-03 1.056833175414e-03 8.140443212860e-04 6.205484723285e-04 4.680155841340e-04 3.491263243651e-04 2.575339007888e-04 1.878104656181e-04
8.769985507686e-04 1.089432921110e-03 1.343470890815e-03 1.645036967088e-03 2.000538026771e-03 2.416878216815e-03 2.901479496870e-03 3.462307055611e-03 4.107897402836e-03 4.847384730839e-03 5.690520044677e-03 6.647675846887e-03 7.729828741209e-03 8.948512285434e-03 1.031573309504e-02 1.184384487093e-02 1.354537659366e-02 1.543281448641e-02 1.751833859396e-02 1.981351852090e-02 2.232897482793e-02 2.507401362417e-02 2.805624439548e-02 3.128119095140e-02 3.475190564881e-02 3.846859696671e-02 4.242827997580e-02 4.662445753319e-02 5.104684169388e-02 5.568112117649e-02 6.050878513064e-02 6.550700844765e-02 7.064861028322e-02 7.590209243602e-02 8.123176861004e-02 8.659799220319e-02 9.195749015517e-02 9.726380826053e-02 1.024678669172e-01 1.075186276746e-01 1.123638574468e-01 1.169509811658e-01 1.212280003272e-01 1.251444553018e-01 1.286524034304e-01 1.317073843469e-01 1.342693400120e-01 1.363034629712e-01 1.377809440916e-01 1.386796002294e-01 1.389843636221e-01 1.386876229057e-01 1.377894137272e-01 1.362974555804e-01 1.342270426986e-01 1.316007952545e-01 1.284482757893e-01 1.248054825371e-01 1.207142241762e-01 1.162213829046e-01 1.113780764492e-01 1.062387283298e-01 1.008600635326e-01 9.530005064008e-02 8.961681753512e-02 8.386757377907e-02 7.810757248226e-02 7.238915116553e-02 6.676088043646e-02 6.126685182874e-02 5.594612174532e-02 5.083232522402e-02 4.595346050146e-02 4.133183793907e-02 3.698418066939e-02 3.292185757938e-02 2.915122608406e-02 2.567406165262e-02 2.248804857807e-02 1.958730860100e-02 1.696294621361e-02 1.460359056753e-02 1.249591756055e-02 1.062513951251e-02 8.975451824313e-03 7.530431160696e-03 6.273381895612e-03 5.187631293665e-03 4.256775966327e-03 3.464884196755e-03 2.796659390690e-03 2.237570247643e-03 1.773952735565e-03 1.393087744075e-03 1.083257388437e-03 8.337815065678e-04 6.350351823325e-04 4.784476201972e-04 3.564826818417e-04 2.626018439400e-04 1.912110196841e-04
8.382637484569e-04 1.044186673297e-03 1.291025784477e-03 1.584692787317e-03 1.931586388100e-03 2.338607294350e-03 2.813179526584e-03 3.363277662629e-03 3.997457804402e-03 4.724888330699e-03 5.555374421918e-03 6.499369336625e-03 7.567964306275e-03 8.772848777327e-03 1.012623371682e-02 1.164073198676e-02 1.332919154206e-02 1.520448038931e-02 1.727922436123e-02 1.956550139779e-02 2.207449897712e-02 2.481614262993e-02 2.779870513248e-02 3.102840703746e-02 3.450901826896e-02 3.824147207291e-02 4.222350000653e-02 4.644929702047e-02 5.090922478929e-02 5.558956152384e-02 6.047230524605e-02 6.553503995310e-02 7.075087232625e-02 7.608844988742e-02 8.151207030041e-02 8.698189056339e-02 9.245424543137e-02 9.788208114247e-02 1.032155048898e-01 1.084024501404e-01 1.133894489469e-01 1.181224971704e-01 1.225479955314e-01 1.266137402188e-01 1.302699357344e-01 1.334702009370e-01 1.361725321705e-01 1.383401962086e-01 1.399425238130e-01 1.409555797276e-01 1.413626906772e-01 1.411548215688e-01 1.403307938291e-01 1.388973460999e-01 1.368690419931e-01 1.342680326173e-01 1.311236824180e-01 1.274720647523e-01 1.233553350242e-01 1.188209882264e-01 1.139210100696e-01 1.087109287080e-01 1.032487857745e-01 9.759404808903e-02 9.180648474419e-02 8.594504547154e-02 8.006677732618e-02 7.422581676289e-02 6.847249195012e-02 6.285256830893e-02 5.740665557427e-02 5.216979245096e-02 4.717120912529e-02 4.243426338692e-02 3.797653551559e-02 3.381006279800e-02 2.994169022844e-02 2.637351144296e-02 2.310337597184e-02 2.012543610040e-02 1.743071195745e-02 1.500765372230e-02 1.284268351798e-02 1.092070359634e-02 9.225559629015e-03 7.740453274143e-03 6.448300205196e-03 5.332034484941e-03 4.374861685651e-03 3.560465831184e-03 2.873176030147e-03 2.298098777415e-03 1.821221600752e-03 1.429492302696e-03 1.110876997055e-03 8.543985674376e-04 6.501563131103e-04 4.893268839170e-04 3.641465837684e-04 2.678755543070e-04 1.947450944980e-04
8.005406381631e-04 1.000028548315e-03 1.239743254683e-03 1.525583617919e-03 1.863940208533e-03 2.261710228168e-03 2.726319464755e-03 3.265751106022e-03 3.888579635599e-03 4.604005711943e-03 5.421886338547e-03 6.352752822859e-03 7.407808124421e-03 8.598895038517e-03 9.938427131294e-03 1.143927581104e-02 1.311460917124e-02 1.497768056839e-02 1.704156768893e-02 1.931886604353e-02 2.182134256197e-02 2.455955833038e-02 2.754246892275e-02 3.077701449989e-02 3.426770862400e-02 3.801623822072e-02 4.202108262015e-02 4.627716210639e-02 5.077552292422e-02 5.550306819742e-02 6.044234084369e-02 6.557136810778e-02 7.086357773786e-02 7.628779297779e-02 8.180832092048e-02 8.738514220882e-02 9.297421195086e-02 9.852788010309e-02 1.039954335293e-01 1.093237596719e-01 1.144581242484e-01 1.193430510804e-01 1.239232827357e-01 1.281448026684e-01 1.319558834880e-01 1.353081336532e-01 1.381575074337e-01 1.404652461337e-01 1.421987182025e-01 1.433321346243e-01 1.438471207041e-01 1.437331270643e-01 1.429876794891e-01 1.416164639777e-01 1.396332538251e-01 1.370596843387e-01 1.339248876251e-01 1.302649916330e-01 1.261224920935e-01 1.215455054874e-01 1.165869078685e-01 1.113033694756e-01 1.057543007859e-01 1.000007314350e-01 9.410414828529e-02 8.812532800572e-02 8.212320483168e-02 7.615381085179e-02 7.026933028287e-02 6.451729827942e-02 5.893996888241e-02 5.357386778414e-02 4.844953171883e-02 4.359143023838e-02 3.901805422299e-02 3.474215176778e-02 3.077108637949e-02 2.710729110453e-02 2.374879214031e-02 2.068977533956e-02 1.792117211408e-02 1.543124323245e-02 1.320614190768e-02 1.123044165766e-02 9.487617573301e-03 7.960474079154e-03 6.631515764344e-03 5.483261335755e-03 4.498503988165e-03 3.660523233888e-03 2.953254769418e-03 2.361424901333e-03 1.870655753383e-03 1.467546023596e-03 1.139730680501e-03 8.759213620663e-04 6.659281954728e-04 5.006628668566e-04 3.721228175303e-04 2.733567600873e-04 1.984125797432e-04
7.638315668752e-04 9.569626282518e-04 1.189629089975e-03 1.467716940475e-03 1.797608696225e-03 2.186198093841e-03 2.640912467383e-03 3.169743035278e-03 3.781281462450e-03 4.484758942339e-03 5.290081951223e-03 6.207857081830e-03 7.249396154693e-03 8.426692664627e-03 9.752360771840e-03 1.123952973738e-02 1.290168881573e-02 1.475247999826e-02 1.680543897073e-02 1.907368808162e-02 2.156958661092e-02 2.430434746031e-02 2.728762917036e-02 3.052711499218e-02 3.402808927239e-02 3.779302249734e-02 4.182117437326e-02 4.610822516507e-02 5.064594217487e-02 5.542189031967e-02 6.041919481271e-02 6.561636347504e-02 7.098717933425e-02 7.650067374824e-02 8.212119077230e-02 8.780855625819e-02 9.351835962489e-02 9.920235926112e-02 1.048090160113e-01 1.102841532025e-01 1.155717390652e-01 1.206147798006e-01 1.253563029084e-01 1.297404069185e-01 1.337133488925e-01 1.372246340956e-01 1.402280742678e-01 1.426827784135e-01 1.445540445626e-01 1.458141239311e-01 1.464428370690e-01 1.464280240118e-01 1.457658284222e-01 1.444608078220e-01 1.425258806572e-01 1.399821165231e-01 1.368583777584e-01 1.331908243709e-01 1.290222855748e-01 1.244015066086e-01 1.193822766397e-01 1.140224464901e-01 1.083828496394e-01 1.025261459533e-01 9.651562067191e-02 9.041396824444e-02 8.428210829967e-02 7.817807190861e-02 7.215600309675e-02 6.626530860487e-02 6.054998337268e-02 5.504812922384e-02 4.979166896832e-02 4.480625231046e-02 4.011133762777e-02 3.572042903510e-02 3.164144207369e-02 2.787717171333e-02 2.442583317404e-02 2.128164909162e-02 1.843545769640e-02 1.587531929170e-02 1.358710201531e-02 1.155503073706e-02 9.762187597975e-03 8.190956135015e-03 6.823405802394e-03 5.641616316812e-03 4.627945749412e-03 3.765247540525e-03 3.037043658007e-03 2.427661159099e-03 1.922338868204e-03 1.507309500081e-03 1.169860917078e-03 8.983784930817e-04 6.823690854315e-04 5.124663764362e-04 3.804170462515e-04 2.790477581879e-04 2.022137235617e-04
7.281373093263e-04 9.149914071237e-04 1.140687466804e-03 1.411098611768e-03 1.732599444315e-03 2.112080360634e-03 2.556970161594e-03 3.075267599210e-03 3.675580499113e-03 4.367168930418e-03 5.159986566234e-03 6.064712537434e-03 7.092764602299e-03 8.256284190587e-03 9.568083927321e-03 1.104155006955e-02 1.269049392636e-02 1.452894927569e-02 1.657091600017e-02 1.883005254386e-02 2.131932355059e-02 2.405061048315e-02 2.703429552687e-02 3.027882942711e-02 3.379029512102e-02 3.757197775896e-02 4.162395138609e-02 4.594269243891e-02 5.052072690535e-02 5.534632082282e-02 6.040322058152e-02 6.567045309584e-02 7.112219414316e-02 7.672771662296e-02 8.245143158379e-02 8.825303309277e-02 9.408776080919e-02 9.990678801233e-02 1.056577441210e-01 1.112853704378e-01 1.167323068596e-01 1.219399964465e-01 1.268496903986e-01 1.314035292867e-01 1.355456671730e-01 1.392234089087e-01 1.423883166347e-01 1.449972558075e-01 1.470133399639e-01 1.484067471733e-01 1.491553834988e-01 1.492453771897e-01 1.486713964203e-01 1.474367893442e-01 1.455535513511e-01 1.430421316121e-01 1.399310839900e-01 1.362565753534e-01 1.320617590686e-01 1.273960160208e-01 1.223140724598e-01 1.168749994492e-01 1.111411077469e-01 1.051767596611e-01 9.904712227551e-02 9.281690381505e-02 8.654911303257e-02 8.030388941073e-02 7.413744688247e-02 6.810117190912e-02 6.224090343692e-02 5.659641394197e-02 5.120109712572e-02 4.608185598709e-02 4.125917726207e-02 3.674736904376e-02 3.255493499290e-02 2.868505609484e-02 2.513614992070e-02 2.190247956568e-02 1.897478519744e-02 1.634091511278e-02 1.398643504308e-02 1.189520005374e-02 1.004987535469e-02 8.432398330446e-03 7.024377531800e-03 5.807428474741e-03 4.763449792064e-03 3.874845877646e-03 3.124703410822e-03 2.496930015955e-03 1.976362276637e-03 1.548849104084e-03 1.201314475336e-03 9.218016641929e-04 6.994994428223e-04 5.247497409640e-04 3.890359603011e-04 2.849515223874e-04 2.061492147396e-04
6.934574498518e-04 8.741162099164e-04 1.092921452226e-03 1.355733442986e-03 1.668919068753e-03 2.039365602710e-03 2.474503379367e-03 2.982338342309e-03 3.571493602339e-03 4.251256548258e-03 5.031625883051e-03 5.923350568047e-03 6.937951342744e-03 8.087714696256e-03 9.385649547343e-03 1.084539810035e-02 1.248109441727e-02 1.430716725686e-02 1.633808663594e-02 1.858805663104e-02 2.107066034430e-02 2.379846509441e-02 2.678259774530e-02 3.003230178913e-02 3.355448765631e-02 3.735328738826e-02 4.142962475867e-02 4.578080967009e-02 5.040016654660e-02 5.527670307436e-02 6.039482815429e-02 6.573412822237e-02 7.126921057112e-02 7.696962626480e-02 8.279988421414e-02 8.871957295261e-02 9.468359919290e-02 1.006425591534e-01 1.065432466224e-01 1.123293038435e-01 1.179420107827e-01 1.233212001962e-01 1.284062855386e-01 1.331373718853e-01 1.374564204132e-01 1.413084325570e-01 1.446426094831e-01 1.474134552831e-01 1.495817778575e-01 1.511155621807e-01 1.519906840439e-01 1.521914509751e-01 1.517109572220e-01 1.505512545395e-01 1.487233431202e-01 1.462469930855e-01 1.431504064296e-01 1.394697310183e-01 1.352484334746e-01 1.305365368681e-01 1.253897269590e-01 1.198683358594e-01 1.140362103141e-01 1.079594874157e-01 1.017053052616e-01 9.534048639491e-02 8.893023899074e-02 8.253692566273e-02 7.621894770735e-02 7.002978637199e-02 6.401723391859e-02 5.822283491500e-02 5.268154377473e-02 4.742159496002e-02 4.246456850793e-02 3.782562804185e-02 3.351390376277e-02 2.953298854819e-02 2.588151667762e-02 2.255379577597e-02 1.954046316582e-02 1.682914251045e-02 1.440507905383e-02 1.225173521678e-02 1.035133377767e-02 8.685338878704e-03 7.234870719992e-03 5.981053528612e-03 4.905300639138e-03 3.989542860529e-03 3.216408673135e-03 2.569364854882e-03 2.032825730731e-03 1.592237614486e-03 1.234142889043e-03 9.462260623534e-04 7.173422018655e-04 5.375270177100e-04 3.979874245142e-04 2.910718093209e-04 2.102202523771e-04
6.597906512974e-04 8.343375137482e-04 1.046333343803e-03 1.301625573672e-03 1.606573634449e-03 1.968062021000e-03 2.393522763128e-03 2.890968850610e-03 3.469037940017e-03 4.137043381486e-03 4.905026806423e-03 5.783804383314e-03 6.784996825085e-03 7.921032856010e-03 9.205115367900e-03 1.065114125307e-02 1.227356800988e-02 1.408722235208e-02 1.610705040961e-02 1.834781146838e-02 2.082372048158e-02 2.354804814779e-02 2.653268780708e-02 2.978770177255e-02 3.332085771876e-02 3.713716805603e-02 4.123844274029e-02 4.562286482399e-02 5.028459800999e-02 5.521343404745e-02 6.039448759301e-02 6.580794728545e-02 7.142889284056e-02 7.722719145648e-02 8.316748425312e-02 8.920928109264e-02 9.530717560821e-02 1.014111954080e-01 1.074672963808e-01 1.134180052544e-01 1.192032093233e-01 1.247610842826e-01 1.300291417041e-01 1.349453709592e-01 1.394494463588e-01 1.434839580569e-01 1.469956296369e-01 1.499364788549e-01 1.522648806080e-01 1.539464991254e-01 1.549550569351e-01 1.552729252114e-01 1.548915189041e-01 1.538115018017e-01 1.520428000810e-01 1.496044430368e-01 1.465242347860e-01 1.428382744873e-01 1.385903297321e-01 1.338310711181e-01 1.286171680667e-01 1.230102548604e-01 1.170757733306e-01 1.108817128925e-01 1.044972756680e-01 9.799150397250e-02 9.143192131851e-02 8.488323601178e-02 7.840616080194e-02 7.205639410207e-02 6.588379831542e-02 5.993179717747e-02 5.423700266406e-02 4.882906381958e-02 4.373072328326e-02 3.895805541980e-02 3.452085806644e-02 3.042316375708e-02 2.666383915644e-02 2.323724093048e-02 2.013389833898e-02 1.734119754714e-02 1.484404360607e-02 1.262548227877e-02 1.066726657729e-02 8.950358409961e-03 7.455360216905e-03 6.162876100257e-03 5.053806330922e-03 4.109582076382e-03 3.312349219464e-03 2.645110975817e-03 2.091838233780e-03 1.637554853580e-03 1.268402958263e-03 9.716907228720e-04 7.359230564757e-04 5.508141916606e-04 4.072806241209e-04 2.974132610075e-04 2.144286212745e-04
6.271348205668e-04 7.956551221334e-04 1.000924879372e-03 1.248778714622e-03 1.545568929114e-03 1.898177661369e-03 2.314039006987e-03 2.801172989591e-03 3.368231298879e-03 4.024552013080e-03 4.780217764715e-03 5.646109339922e-03 6.633944560742e-03 7.756291376034e-03 9.026544243377e-03 1.045885352906e-02 1.206800055393e-02 1.386921294246e-02 1.587791898582e-02 1.810944266126e-02 2.057864443921e-02 2.329951631987e-02 2.628474066722e-02 2.954522510465e-02 3.308962574871e-02 3.692387008320e-02 4.105069224984e-02 4.546918911034e-02 5.017440676400e-02 5.515696545019e-02 6.040273043693e-02 6.589253705669e-02 7.160198145055e-02 7.750128657009e-02 8.355526197786e-02 8.972336856198e-02 9.595990807907e-02 1.022143504478e-01 1.084318117463e-01 1.145536869052e-01 1.205184394297e-01 1.262625388908e-01 1.317215286607e-01 1.368312005527e-01 1.415288424693e-01 1.457545222290e-01 1.494523613825e-01 1.525717608052e-01 1.550685272194e-01 1.569058688159e-01 1.580552247248e-01 1.584969059931e-01 1.582205370395e-01 1.572252942447e-01 1.555199478717e-01 1.531227184998e-01 1.500609633741e-01 1.463707003890e-01 1.420959851769e-01 1.372881393506e-01 1.320048397520e-01 1.263090651620e-01 1.202679144057e-01 1.139513099176e-01 1.074306136875e-01 1.007772000319e-01 9.406103002629e-02 8.734928746473e-02 8.070512840358e-02 7.418659853539e-02 6.784575404302e-02 6.172801330061e-02 5.587174830158e-02 5.030811154867e-02 4.506108235968e-02 4.014770492491e-02 3.557848872319e-02 3.135793602606e-02 2.748516267293e-02 2.395457931435e-02 2.075660213938e-02 1.787836582364e-02 1.530441465401e-02 1.301735190527e-02 1.099843177000e-02 9.228082934675e-03 7.686358582822e-03 6.353311804960e-03 5.209300271887e-03 4.235227627654e-03 3.412731224005e-03 2.724326625403e-03 2.153518841786e-03 1.684888321244e-03 1.304157235786e-03 9.982389078143e-04 7.552707378137e-04 5.646293768283e-04 4.169262081107e-04 3.039815033164e-04 2.187767584267e-04
5.954872088730e-04 7.580682750306e-04 9.566973303698e-04 1.197196241520e-03 1.485910538943e-03 1.829720574484e-03 2.236062987448e-03 2.712965055308e-03 3.269092166086e-03 3.913806096299e-03 4.657228719838e-03 5.510303010503e-03 6.484840933767e-03 7.593546821842e-03 8.850004141918e-03 1.026861534688e-02 1.186448596768e-02 1.365324734485e-02 1.565081585192e-02 1.787308982027e-02 2.033558913199e-02 2.305304551624e-02 2.603895321648e-02 2.930509304922e-02 3.286104127718e-02 3.671367671353e-02 4.086669711440e-02 4.532015554625e-02 5.007002543686e-02 5.510780169157e-02 6.042014727747e-02 6.598859146803e-02 7.178929129600e-02 7.779286944086e-02 8.396434116887e-02 9.026315069522e-02 9.664333081395e-02 1.030538068868e-01 1.094388540379e-01 1.157387205464e-01 1.218904142100e-01 1.278286484390e-01 1.334869312257e-01 1.387987706872e-01 1.436989659993e-01 1.481249445339e-01 1.520180972560e-01 1.553250688615e-01 1.579989554902e-01 1.600003666862e-01 1.612983184299e-01 1.618709317770e-01 1.617059205690e-01 1.608008692835e-01 1.591633025123e-01 1.568105617687e-01 1.537695034980e-01 1.500760299047e-01 1.457744682384e-01 1.409167953692e-01 1.355617178904e-01 1.297736029603e-01 1.236212705191e-01 1.171766581653e-01 1.105133908529e-01 1.037052914345e-01 9.682488819553e-02 8.994197679988e-02 8.312229708060e-02 7.642638041749e-02 6.990860912919e-02 6.361651840422e-02 5.759034958041e-02 5.186285419389e-02 4.645932705062e-02 4.139784541585e-02 3.668967772755e-02 3.233982807719e-02 2.834767992410e-02 2.470770356567e-02 2.141019670141e-02 1.844202800261e-02 1.578735914272e-02 1.342832350046e-02 1.134564526359e-02 9.519186853179e-03 7.928418581862e-03 6.552809497659e-03 5.372143028342e-03 4.366765632779e-03 3.517778505485e-03 2.807183993642e-03 2.217997481233e-03 1.734333848382e-03 1.341474536675e-03 1.025918488440e-03 7.754172919215e-04 5.789930273188e-04 4.269364334042e-04 3.107832497451e-04 2.232678215689e-04
5.648444315995e-04 7.215756539015e-04 9.136515280412e-04 1.146881192476e-03 1.427603855620e-03 1.762698724965e-03 2.159605672672e-03 2.626359624799e-03 3.171639569793e-03 3.804830179978e-03 4.536090974918e-03 5.376424771219e-03 6.337734927541e-03 7.432859139961e-03 8.675567423813e-03 1.008051278386e-02 1.166312525931e-02 1.343944260473e-02 1.542587516656e-02 1.763890546724e-02 2.009472683714e-02 2.280882939607e-02 2.579554313506e-02 2.906755033574e-02 3.263538080467e-02 3.650690169865e-02 4.068681571946e-02 4.517617636984e-02 4.997193071933e-02 5.506649702813e-02 6.044738501292e-02 6.609686653961e-02 7.199170816555e-02 7.810297656656e-02 8.439593404112e-02 9.083004148531e-02 9.735908867348e-02 1.039314703897e-01 1.104906226218e-01 1.169756315172e-01 1.233220174032e-01 1.294626876306e-01 1.353290444726e-01 1.408522235591e-01 1.459644290305e-01 1.506003248004e-01 1.546984343081e-01 1.582025020386e-01 1.610627613296e-01 1.632370722065e-01 1.646918801583e-01 1.654029760150e-01 1.653560367374e-01 1.645469424304e-01 1.629818777457e-01 1.606772285719e-01 1.576592929103e-01 1.539638201218e-01 1.496353905509e-01 1.447266385439e-01 1.392973238651e-01 1.334132460957e-01 1.271450116667e-01 1.205666612032e-01 1.137541875955e-01 1.067839858509e-01 9.973128780799e-02 9.266864631330e-02 8.566453383648e-02 7.878211410040e-02 7.207823669802e-02 6.560268363740e-02 5.939768347257e-02 5.349768732439e-02 4.792939082845e-02 4.271197153580e-02 3.785750764209e-02 3.337153994607e-02 2.925373904811e-02 2.549864150932e-02 2.209642107000e-02 1.903366525598e-02 1.629412980421e-02 1.385944915822e-02 1.170978428809e-02 9.824396007640e-03 8.182135826355e-03 6.761853393932e-03 5.542724187247e-03 4.504505781149e-03 3.627733831905e-03 2.893870291980e-03 2.285415804649e-03 1.785996260491e-03 1.380430451125e-03 1.054782330578e-03 7.963983672095e-04 5.939281332131e-04 4.373253079755e-04 3.178263948512e-04 2.279057538805e-04
5.352024540180e-04 6.861753619284e-04 8.717877950009e-04 1.097836204195e-03 1.370653949702e-03 1.697119884202e-03 2.084677949233e-03 2.541371342878e-03 3.075892785312e-03 3.697649282866e-03 4.416836604835e-03 5.244515285361e-03 6.192677330116e-03 7.274290905843e-03 8.503309982514e-03 9.894636598567e-03 1.146402538526e-02 1.322792319864e-02 1.520324028617e-02 1.740705306346e-02 1.985624270595e-02 2.256707702835e-02 2.555474582800e-02 2.883286242219e-02 3.241294427366e-02 3.630388587554e-02 4.051143731703e-02 4.503769857932e-02 4.988063895676e-02 5.503365038169e-02 6.048514060057e-02 6.621817590930e-02 7.221018205489e-02 7.843271736402e-02 8.485133400019e-02 9.142554657716e-02 9.810892950248e-02 1.048493629280e-01 1.115894459213e-01 1.182670897063e-01 1.248162949999e-01 1.311681113404e-01 1.372517640626e-01 1.429959247100e-01 1.483300906424e-01 1.531860339517e-01 1.574992688506e-01 1.612104844447e-01 1.642668937645e-01 1.666234452089e-01 1.682438578421e-01 1.691014441933e-01 1.691797090096e-01 1.684727088867e-01 1.669851868551e-01 1.647324910845e-01 1.617403005221e-01 1.580441701418e-01 1.536889131187e-01 1.487278228593e-01 1.432217342538e-01 1.372379249331e-01 1.308488548629e-01 1.241307575817e-01 1.171621054896e-01 1.100219949336e-01 1.027885050481e-01 9.553709931201e-02 8.833914042402e-02 8.126058137627e-02 7.436088859161e-02 6.769223062892e-02 6.129894728705e-02 5.521729837618e-02 4.947547044752e-02 4.409381391925e-02 3.908527122603e-02 3.445595711256e-02 3.020585109298e-02 2.632956293887e-02 2.281713732020e-02 1.965486447427e-02 1.682606987127e-02 1.431185781704e-02 1.209179095256e-02 1.014449070001e-02 8.448151323243e-03 6.980965356380e-03 5.721464245626e-03 4.648782909879e-03 3.742860187541e-03 2.984588810168e-03 2.355928040778e-03 1.839990060264e-03 1.421107859748e-03 1.084888684257e-03 8.182535028908e-04 6.094604331802e-04 4.481087334082e-04 3.251201118088e-04 2.326953464811e-04
5.065565374551e-04 6.518648320676e-04 8.311058436890e-04 1.050063358562e-03 1.315065414779e-03 1.632991403811e-03 2.011290334956e-03 2.458014553275e-03 2.981870899550e-03 3.592288386769e-03 4.299497907484e-03 5.114615731485e-03 6.049719901107e-03 7.117906207595e-03 8.333310015372e-03 9.711080694928e-03 1.126729758502e-02 1.301881921937e-02 1.498306156343e-02 1.717770490821e-02 1.962033264712e-02 2.232800991987e-02 2.531681145846e-02 2.860131180749e-02 3.219405147489e-02 3.610499251504e-02 4.034097682507e-02 4.490519848232e-02 4.979669973830e-02 5.500989866748e-02 6.053415480926e-02 6.635338233630e-02 7.244571894316e-02 7.878326469581e-02 8.533190732279e-02 9.205125415526e-02 9.889469404159e-02 1.058096109791e-01 1.127377715351e-01 1.196158989607e-01 1.263764429532e-01 1.329485435830e-01 1.392591753707e-01 1.452344506184e-01 1.508010444319e-01 1.558877040178e-01 1.604267828255e-01 1.643557547954e-01 1.676186435321e-01 1.701673165267e-01 1.719625988199e-01 1.729751689923e-01 1.731862141374e-01 1.725878400532e-01 1.711832401747e-01 1.689866382265e-01 1.660230275210e-01 1.623277244462e-01 1.579457527867e-01 1.529310635152e-01 1.473455894746e-01 1.412581314982e-01 1.347430732074e-01 1.278789339139e-01 1.207467811511e-01 1.134285481755e-01 1.060053132599e-01 9.855561310018e-02 9.115386759343e-02 8.386898530638e-02 7.676320953464e-02 6.989124324782e-02 6.329967129372e-02 5.702667752599e-02 5.110203666633e-02 4.554734934849e-02 4.037648054457e-02 3.559615941842e-02 3.120669770063e-02 2.720278666336e-02 2.357433654094e-02 2.030732381780e-02 1.738461757848e-02 1.478675941076e-02 1.249267584022e-02 1.048030874309e-02 8.727154131868e-03 7.210707077302e-03 5.908816498714e-03 4.799958606048e-03 3.863442127181e-03 3.079559982809e-03 2.429701865645e-03 1.896440103386e-03 1.463597475518e-03 1.116301592889e-03 8.410264240570e-04 6.256186132975e-04 4.593046469296e-04 3.326749467431e-04 2.376423002882e-04
4.789011606300e-04 6.186407398264e-04 7.916046557917e-04 1.003564027769e-03 1.260842147632e-03 1.570319935505e-03 1.939452677957e-03 2.376302932771e-03 2.889592324847e-03 3.488771867499e-03 4.184106654418e-03 4.986766935284e-03 5.908914344990e-03 6.963769505094e-03 8.165646580501e-03 9.529940636325e-03 1.107305563409e-02 1.281226426110e-02 1.476549410516e-02 1.695103917661e-02 1.938719999367e-02 2.209185893355e-02 2.508200121981e-02 2.837319399443e-02 3.197903743713e-02 3.591060269643e-02 4.017586950791e-02 4.477917601093e-02 4.972068994953e-02 5.499591021472e-02 6.059520400469e-02 6.650338976614e-02 7.269937212826e-02 7.915584585894e-02 8.583908222254e-02 9.270882285445e-02 9.971830379840e-02 1.068144336374e-01 1.139381523050e-01 1.210249833605e-01 1.280057944248e-01 1.348077629496e-01 1.413555379942e-01 1.475725741981e-01 1.533826052374e-01 1.587112116934e-01 1.634874316588e-01 1.676453531313e-01 1.711256320877e-01 1.738768761756e-01 1.758568399519e-01 1.770333998633e-01 1.773852721059e-01 1.769024765024e-01 1.755865411348e-01 1.734504720641e-01 1.705185056288e-01 1.668256723296e-01 1.624171810438e-01 1.573476385579e-01 1.516800966629e-01 1.454849256029e-01 1.388385036395e-01 1.318217321263e-01 1.245183945445e-01 1.170134034013e-01 1.093909949224e-01 1.017329512585e-01 9.411692657763e-02 8.661496218378e-02 7.929224800572e-02 7.220617989340e-02 6.540572974867e-02 5.893112938420e-02 5.281384480574e-02 4.707681013590e-02 4.173487583207e-02 3.679542877845e-02 3.225913843411e-02 2.812078690286e-02 2.437014485947e-02 2.099285768122e-02 1.797131097278e-02 1.528544866404e-02 1.291352136864e-02 1.083274848147e-02 9.019883922905e-03 7.451682313379e-03 6.105268893685e-03 4.958422747457e-03 3.989787080637e-03 3.179022499615e-03 2.506919286596e-03 1.955482302259e-03 1.507998362292e-03 1.149091277694e-03 8.647653230685e-04 6.424345208044e-04 4.709331584404e-04 3.405029080554e-04 2.427532799590e-04
4.522299414817e-04 5.864988797052e-04 7.532823232261e-04 9.583386931550e-04 1.207987125750e-03 1.509111175765e-03 1.869173773073e-03 2.296249025168e-03 2.799074286157e-03 3.387122821950e-03 4.070693311337e-03 4.861008481628e-03 5.770311237895e-03 6.811944358050e-03 8.000398237168e-03 9.351311866194e-03 1.088141380492e-02 1.260839327442e-02 1.455069522595e-02 1.672723748095e-02 1.915705250607e-02 2.185886045751e-02 2.485058338411e-02 2.814881297786e-02 3.176824722752e-02 3.572110939860e-02 4.001656502593e-02 4.466014783675e-02 4.965320594560e-02 5.499237601482e-02 6.066909158376e-02 6.666913369005e-02 7.297223206107e-02 7.955173097069e-02 8.637433669541e-02 9.339996971779e-02 1.005817482449e-01 1.078661285397e-01 1.151932313132e-01 1.224973707273e-01 1.297078015905e-01 1.367496854983e-01 1.435452686364e-01 1.500152471542e-01 1.560802889654e-01 1.616626627607e-01 1.666879259762e-01 1.710866024243e-01 1.747957946341e-01 1.777606579906e-01 1.799356912318e-01 1.812857894053e-01 1.817870354373e-01 1.814272177315e-01 1.802060765841e-01 1.781352992475e-01 1.752382915006e-01 1.715497442618e-01 1.671150244344e-01 1.619893898603e-01 1.562370325773e-01 1.499299379895e-01 1.431465517228e-01 1.359702566811e-01 1.284876776883e-01 1.207868547421e-01 1.129553507858e-01 1.050783736447e-01 9.723700064762e-02 8.950659290557e-02 8.195546851694e-02 7.464388442316e-02 6.762335191247e-02 6.093628223062e-02 5.461594404292e-02 4.868669349494e-02 4.316443396205e-02 3.805725713873e-02 3.336621789545e-02 2.908619979816e-02 2.520682905768e-02 2.171340201890e-02 1.858779223284e-02 1.580930923765e-02 1.335548531786e-02 1.120277169920e-02 9.327133571586e-03 7.704539087559e-03 6.311345943256e-03 5.124595149518e-03 4.122226689871e-03 3.283234386172e-03 2.587777510635e-03 2.017264314864e-03 1.554418488521e-03 1.183334551092e-03 8.895231541300e-04 6.599433548413e-04 4.830166841256e-04 3.486175535900e-04 2.480359687679e-04
4.265355498619e-04 5.554340614232e-04 7.161359130061e-04 9.143867509165e-04 1.156502172901e-03 1.449369561312e-03 1.800461040563e-03 2.217863831640e-03 2.710332271080e-03 3.287362445667e-03 3.959286320602e-03 4.737377787328e-03 5.633958954451e-03 6.662492140130e-03 7.837641480976e-03 9.175288125953e-03 1.069248502998e-02 1.240734026925e-02 1.433882195367e-02 1.650648168910e-02 1.893009915590e-02 2.162925308620e-02 2.462282911356e-02 2.792847692347e-02 3.156203113482e-02 3.553691219935e-02 3.986352081771e-02 4.454864021384e-02 4.959485593057e-02 5.500000193514e-02 6.075663871210e-02 6.685157117404e-02 7.326541477669e-02 7.997222154630e-02 8.693918665168e-02 9.412645668192e-02 1.014870697147e-01 1.089670556246e-01 1.165057259919e-01 1.240361766734e-01 1.314860191438e-01 1.387783458748e-01 1.458329215957e-01 1.525675802035e-01 1.588997943702e-01 1.647483696080e-01 1.700352103522e-01 1.746870901302e-01 1.786373590704e-01 1.818275208674e-01 1.842086184616e-01 1.857423774557e-01 1.864020732817e-01 1.861731082055e-01 1.850533033202e-01 1.830529219923e-01 1.801944566416e-01 1.765122036037e-01 1.720516562609e-01 1.668687176794e-01 1.610287398951e-01 1.546053689784e-01 1.476791923801e-01 1.403361771115e-01 1.326659184539e-01 1.247597398874e-01 1.167087071150e-01 1.086016448669e-01 1.005232528991e-01 9.255241193342e-02 8.476076005137e-02 7.721159579243e-02 6.995913100322e-02 6.304809814314e-02 5.651368655874e-02 5.038176973782e-02 4.466937658607e-02 3.938535390605e-02 3.453117268671e-02 3.010182963702e-02 2.608680215987e-02 2.247101916853e-02 1.923581214605e-02 1.635981749877e-02 1.381980409691e-02 1.159140658983e-02 9.649751611743e-03 7.969971800246e-03 6.527610522551e-03 5.298927074508e-03 4.261118098909e-03 3.392474061834e-03 2.672489824461e-03 2.081946236229e-03 1.602975233172e-03 1.219115197655e-03 9.153579112576e-04 6.781838623333e-04 4.955800737458e-04 3.570340658667e-04 2.534991121730e-04
4.018096313318e-04 5.254400040082e-04 6.801613324133e-04 8.717063571189e-04 1.106387757724e-03 1.391098022605e-03 1.733320188684e-03 2.141156418515e-03 2.623379567684e-03 3.189509454157e-03 3.849911326994e-03 4.615909243888e-03 5.499902636616e-03 6.515470904333e-03 7.677449419140e-03 9.001959712855e-03 1.050637891603e-02 1.220923623655e-02 1.413002854900e-02 1.628895140100e-02 1.870654694416e-02 2.140327370560e-02 2.439900865860e-02 2.771249332404e-02 3.136073970114e-02 3.535841133495e-02 3.971719605874e-02 4.444518233906e-02 4.954625251126e-02 5.501949963358e-02 6.085867466650e-02 6.705167051558e-02 7.358005136703e-02 8.041863824271e-02 8.753517192219e-02 9.489007564522e-02 1.024363485210e-01 1.101196220848e-01 1.178784105975e-01 1.256445846560e-01 1.333440836941e-01 1.408978770226e-01 1.482231676477e-01 1.552348205527e-01 1.618469792392e-01 1.679748287030e-01 1.735364413840e-01 1.784546432634e-01 1.826588247108e-01 1.860866248779e-01 1.886854217390e-01 1.904135692531e-01 1.912413504876e-01 1.911516177996e-01 1.901401326344e-01 1.882156209051e-01 1.853995741961e-01 1.817258349378e-01 1.772399879597e-01 1.719985739672e-01 1.660681220242e-01 1.595239861499e-01 1.524489695214e-01 1.449317281401e-01 1.370649632085e-01 1.289434431325e-01 1.206619209261e-01 1.123130406611e-01 1.039853347268e-01 9.576141489482e-02 8.771644515618e-02 7.991695601770e-02 7.242003322010e-02 6.527288083663e-02 5.851273550634e-02 5.216709028079e-02 4.625417700584e-02 4.078365267607e-02 3.575743733284e-02 3.117065435732e-02 2.701262859896e-02 2.326790243461e-02 1.991723412073e-02 1.693854597673e-02 1.430779597694e-02 1.199975048472e-02 9.988644639965e-03 8.248723338828e-03 6.754665686332e-03 5.481902732115e-03 4.406845200832e-03 3.507041401897e-03 2.761286416060e-03 2.149701239394e-03 1.653795898013e-03 1.256524348537e-03 9.423328860059e-04 6.971985148914e-04 5.086507201206e-04 3.657693208832e-04 2.591525551419e-04
3.780427451255e-04 4.965092460096e-04 6.453532146765e-04 8.302942816961e-04 1.057642809199e-03 1.334297753731e-03 1.667754946724e-03 2.066133566339e-03 2.538226836179e-03 3.093579551003e-03 3.742590588893e-03 4.496633483941e-03 5.368183284036e-03 6.370934210121e-03 7.519890423390e-03 8.831412055778e-03 1.032320009426e-02 1.201420705649e-02 1.392446419530e-02 1.607482115456e-02 1.848659794755e-02 2.118115459459e-02 2.417938748267e-02 2.750116509679e-02 3.116471851672e-02 3.518600262015e-02 3.957804553048e-02 4.435029933960e-02 4.950800488817e-02 5.505157866850e-02 6.097602810878e-02 6.727040105891e-02 7.391727631084e-02 8.089230824527e-02 8.816384338825e-02 9.569263495326e-02 1.034316870049e-01 1.113262637857e-01 1.193140974291e-01 1.273258279115e-01 1.352856943765e-01 1.431124886371e-01 1.507207712295e-01 1.580223281327e-01 1.649278365506e-01 1.713486963962e-01 1.771989610699e-01 1.823973033589e-01 1.868689357706e-01 1.905474082491e-01 1.933762098218e-01 1.953101119603e-01 1.963162067689e-01 1.963746216412e-01 1.954789097142e-01 1.936361371556e-01 1.908667025149e-01 1.872039291121e-01 1.826934555292e-01 1.773924496029e-01 1.713686337965e-01 1.646991152160e-01 1.574689887192e-01 1.497697066848e-01 1.416972148766e-01 1.333498950999e-01 1.248263817076e-01 1.162233504010e-01 1.076333886938e-01 9.914306452578e-02 9.083128507171e-02 8.276801689618e-02 7.501340383047e-02 6.761728243426e-02 6.061907183703e-02 5.404799387407e-02 4.792356701256e-02 4.225631727920e-02 3.704865010858e-02 3.229583094557e-02 2.798702880625e-02 2.410638034807e-02 2.063403791598e-02 1.754716685033e-02 1.482086383483e-02 1.242897230354e-02 1.034477949270e-02 8.541586901198e-03 6.993156189038e-03 5.674040688012e-03 4.559819837210e-03 3.627258681942e-03 2.854415172828e-03 2.220716220223e-03 1.707018177897e-03 1.295660820820e-03 9.705169155295e-04 7.170336636603e-04 5.222586584716e-04 3.748419408735e-04 2.650072676008e-04
3.552243193688e-04 4.686330871853e-04 6.117048365796e-04 7.901457887478e-04 1.010264579033e-03 1.278968041951e-03 1.603766839360e-03 1.992799483495e-03 2.454881745017e-03 2.999584989334e-03 3.637342421313e-03 4.379576649088e-03 5.238836958809e-03 6.228930201683e-03 7.365027049381e-03 8.663724371752e-03 1.014304667314e-02 1.182237182862e-02 1.372227107346e-02 1.586425819329e-02 1.827044666270e-02 2.096311992088e-02 2.396422265155e-02 2.729478637669e-02 3.097430420123e-02 3.502007206170e-02 3.944651403720e-02 4.426450606544e-02 4.948071163384e-02 5.509693795084e-02 6.110951778615e-02 6.750872323810e-02 7.427821696930e-02 8.139455383025e-02 8.882674941371e-02 9.653594395302e-02 1.044751935589e-01 1.125894293423e-01 1.208156188613e-01 1.290831687603e-01 1.373145899139e-01 1.454264441061e-01 1.533305663072e-01 1.609355509722e-01 1.681484675954e-01 1.748767606331e-01 1.810302695712e-01 1.865232987935e-01 1.912766526844e-01 1.952195558099e-01 1.982913734721e-01 2.004430667174e-01 2.016383279920e-01 2.018543732624e-01 2.010823877459e-01 1.993276485174e-01 1.966093622439e-01 1.929602622768e-01 1.884260011691e-01 1.830643586928e-01 1.769442667453e-01 1.701446292541e-01 1.627529092837e-01 1.548634643511e-01 1.465756279715e-01 1.379915706686e-01 1.292140104704e-01 1.203438776982e-01 1.114780511788e-01 1.027072925416e-01 9.411448349530e-02 8.577324412184e-02 7.774697227571e-02 7.008830848743e-02 6.283899932704e-02 5.603011203304e-02 4.968254143157e-02 4.380774648797e-02 3.840865756448e-02 3.348069961799e-02 2.901288332008e-02 2.498892021080e-02 2.138832290113e-02 1.818745463843e-02 1.536049775352e-02 1.288031477520e-02 1.071918515561e-02 8.849407704371e-03 7.243770053403e-03 5.875895051970e-03 4.720482791567e-03 3.753471447129e-03 2.952142373302e-03 2.295192316105e-03 1.762790575012e-03 1.336631421161e-03 9.999845719474e-04 7.377396680461e-04 5.364366378862e-04 3.842723298218e-04 2.710753536729e-04
3.333426226784e-04 4.418015425856e-04 5.792080543841e-04 7.512545756947e-04 9.642485493779e-04 1.225106141627e-03 1.541355026058e-03 1.921155617627e-03 2.373348724216e-03 2.907534256991e-03 3.534180799738e-03 4.264759988322e-03 5.111894190486e-03 6.089500934330e-03 7.212915096537e-03 8.498968583816e-03 9.966008942491e-03 1.163384133337e-02 1.352358252370e-02 1.565742038053e-02 1.805827771208e-02 2.074938347007e-02 2.375376017805e-02 2.709363927485e-02 3.078982029329e-02 3.486099174161e-02 3.932303107571e-02 4.418830096310e-02 4.946495444961e-02 5.515625888967e-02 6.125994420275e-02 6.776757915208e-02 7.466398283861e-02 8.192668057419e-02 8.952542381198e-02 9.742179955558e-02 1.055689676794e-01 1.139115630490e-01 1.223858093152e-01 1.309198784650e-01 1.394345289740e-01 1.478440378897e-01 1.560574318108e-01 1.639799989606e-01 1.715150548781e-01 1.785659126719e-01 1.850379954346e-01 1.908410131818e-01 1.958911220952e-01 2.001129711651e-01 2.034415531122e-01 2.058237785151e-01 2.072197174367e-01 2.076034755823e-01 2.069637009750e-01 2.053037430866e-01 2.026415108595e-01 1.990090729896e-01 1.944520495790e-01 1.890288177913e-01 1.828095306368e-01 1.758749320592e-01 1.683149289054e-01 1.602268955051e-01 1.517136994060e-01 1.428814809253e-01 1.338372537856e-01 1.246864375954e-01 1.155304502613e-01 1.064644995458e-01 9.757568774297e-02 8.894151886879e-02 8.062885418079e-02 7.269332112418e-02 6.517914791108e-02 5.811937246221e-02 5.153636225623e-02 4.544257797449e-02 3.984151818906e-02 3.472878705310e-02 3.009323577067e-02 2.591813096865e-02 2.218231052612e-02 1.886128855749e-02 1.592827702263e-02 1.335509625419e-02 1.111295430814e-02 9.173084338270e-03 7.507239623159e-03 6.088056555418e-03 4.889304703806e-03 3.886049251415e-03 3.054753276099e-03 2.373345392718e-03 1.821272728945e-03 1.379551178104e-03 1.030816328296e-03 7.593709848530e-04 5.512201566794e-04 3.940826786734e-04 2.773700451317e-04
3.123847641823e-04 4.160033300347e-04 5.478532886500e-04 7.136127314828e-04 9.195883784059e-04 1.172707212962e-03 1.480516234236e-03 1.851200550310e-03 2.293628827845e-03 2.817431873547e-03 3.433115087191e-03 4.152199443407e-03 4.987379511872e-03 5.952681735816e-03 7.063603060033e-03 8.337208586155e-03 9.792168434992e-03 1.144871696164e-02 1.332852173861e-02 1.545445484680e-02 1.785026406630e-02 2.054014646409e-02 2.354823236957e-02 2.689799096983e-02 3.061157416446e-02 3.470911586969e-02 3.920800684619e-02 4.412216147573e-02 4.946129202689e-02 5.523019858861e-02 6.142808242365e-02 6.804788475364e-02 7.507565624764e-02 8.248996651131e-02 9.026137272885e-02 9.835197319800e-02 1.067150849960e-01 1.152950885156e-01 1.240274867018e-01 1.328392189098e-01 1.416492672826e-01 1.503695723219e-01 1.589062671352e-01 1.671612174235e-01 1.750338343160e-01 1.824231180451e-01 1.892298642002e-01 1.953589541713e-01 2.007216421201e-01 2.052377400087e-01 2.088376045230e-01 2.114638410783e-01 2.130726609620e-01 2.136348482452e-01 2.131363317004e-01 2.115783877761e-01 2.089775128114e-01 2.053650313806e-01 2.007864827268e-01 1.953008204595e-01 1.889794297951e-01 1.819049360121e-01 1.741697654328e-01 1.658744202402e-01 1.571254533809e-01 1.480331617729e-01 1.387090751327e-01 1.292633478490e-01 1.198021998092e-01 1.104255511689e-01 1.012249855131e-01 9.228213634643e-02 8.366755098865e-02 7.544003892028e-02 6.764647448140e-02 6.032200034829e-02 5.349055996265e-02 4.716569000727e-02 4.135150428114e-02 3.604380870683e-02 3.123129480148e-02 2.689676491556e-02 2.301834607940e-02 1.957065400636e-02 1.652587151464e-02 1.385471186912e-02 1.152724442440e-02 9.513569674118e-03 7.784342507661e-03 6.311153234063e-03 5.066786683067e-03 4.025386178197e-03 3.162552549559e-03 2.455406346012e-03 1.882635673305e-03 1.424543496860e-03 1.063098632824e-03 7.819861961466e-04 5.666474685447e-04 4.042969488095e-04 2.839056675541e-04
2.923367078927e-04 3.912258836709e-04 5.176295308844e-04 6.772107481909e-04 8.762759233261e-04 1.121764336009e-03 1.421244740459e-03 1.782929966349e-03 2.215719684289e-03 2.729278321548e-03 3.334149946772e-03 4.041905533597e-03 4.865311278869e-03 5.818500995837e-03 6.917131618369e-03 8.178499690971e-03 9.621597359561e-03 1.126708993105e-02 1.313720099900e-02 1.525549680709e-02 1.764656585295e-02 2.033559615286e-02 2.334785621280e-02 2.670809188985e-02 3.043985431883e-02 3.456477798224e-02 3.910182860433e-02 4.406654015503e-02 4.947025593496e-02 5.531938439496e-02 6.161467587969e-02 6.835052239395e-02 7.551428458146e-02 8.308565352151e-02 9.103606597201e-02 9.932819864582e-02 1.079155842169e-01 1.167423936776e-01 1.257434359009e-01 1.348444232955e-01 1.439625388754e-01 1.530073350479e-01 1.618819678328e-01 1.704847606188e-01 1.787110668178e-01 1.864553863139e-01 1.936136677574e-01 2.000857197427e-01 2.057776300758e-01 2.106040974389e-01 2.144905641252e-01 2.173750620453e-01 2.192096915286e-01 2.199616895349e-01 2.196140745322e-01 2.181658910081e-01 2.156321039011e-01 2.120432072065e-01 2.074446049034e-01 2.018958056932e-01 1.954694339041e-01 1.882500357017e-01 1.803326311009e-01 1.718209634618e-01 1.628254227614e-01 1.534606567095e-01 1.438429392603e-01 1.340874178838e-01 1.243053895255e-01 1.146017691357e-01 1.050728981566e-01 9.580480031316e-02 8.687194599155e-02 7.833653410927e-02 7.024826120330e-02 6.264451749082e-02 5.555093313268e-02 4.898220113957e-02 4.294310210459e-02 3.742966881872e-02 3.243043475525e-02 2.792771852751e-02 2.389889931592e-02 2.031764316686e-02 1.715504213335e-02 1.438063408412e-02 1.196327821080e-02 9.871871383103e-03 8.075901948429e-03 6.545850857004e-03 5.253460642723e-03 4.171901114881e-03 3.275864502332e-03 2.541621296559e-03 1.947061923954e-03 1.471740214878e-03 1.096923926490e-03 8.056479879145e-04 5.827595265103e-04 4.149408068298e-04 2.906975804652e-04
2.731833117023e-04 3.674553915379e-04 4.885243816018e-04 6.420375661335e-04 8.343012814255e-04 1.072268566917e-03 1.363532457680e-03 1.716336752350e-03 2.139615593958e-03 2.643070147265e-03 3.237285407260e-03 3.933883393884e-03 4.745701688690e-03 5.686980091122e-03 6.773533656671e-03 8.022888575539e-03 9.454358414746e-03 1.108904104638e-02 1.294972119499e-02 1.506066902586e-02 1.744732965192e-02 2.013590483963e-02 2.315283239627e-02 2.652417431381e-02 3.027492944566e-02 3.442828923253e-02 3.900485875530e-02 4.402186162458e-02 4.949234722488e-02 5.542441067088e-02 6.182043186163e-02 6.867633527692e-02 7.598087341708e-02 8.371493948892e-02 9.185092652539e-02 1.003521617132e-01 1.091724555039e-01 1.182558177093e-01 1.275363946524e-01 1.369386786120e-01 1.463780354897e-01 1.557615786226e-01 1.649894021617e-01 1.739561670196e-01 1.825530111490e-01 1.906697405259e-01 1.981972317469e-01 2.050299650321e-01 2.110685857532e-01 2.162223889688e-01 2.204116105114e-01 2.235694225425e-01 2.256435482245e-01 2.265974384768e-01 2.264109957156e-01 2.250808658223e-01 2.226203532062e-01 2.190590295875e-01 2.144421070674e-01 2.088296223092e-01 2.022954435565e-01 1.949260757140e-01 1.868192041122e-01 1.780819259447e-01 1.688286240119e-01 1.591784941747e-01 1.492527931710e-01 1.391719303961e-01 1.290525696607e-01 1.190049187918e-01 1.091303699576e-01 9.951961418879e-02 9.025129631230e-02 8.139122617422e-02 7.299210989919e-02 6.509373755018e-02 5.772354501937e-02 5.089746796854e-02 4.462101004672e-02 3.889045926177e-02 3.369419437707e-02 2.901403130253e-02 2.482656358872e-02 2.110445447357e-02 1.781764053261e-02 1.493441229363e-02 1.242234341180e-02 1.024905168477e-02 8.382786688078e-03 6.792852815030e-03 5.449889292467e-03 4.326037774862e-03 3.395033083266e-03 2.632251549504e-03 2.014745438134e-03 1.521281526077e-03 1.132390535573e-03 8.304230384720e-04 5.995998745429e-04 4.260415223082e-04 2.977620853085e-04
2.549083822917e-04 3.446768559056e-04 4.605241249988e-04 6.080806653643e-04 7.936529017875e-04 1.024209066353e-03 1.307369074970e-03 1.651411149370e-03 2.065307689753e-03 2.558800125399e-03 3.142517052600e-03 3.828132983111e-03 4.628556959529e-03 5.558133677268e-03 6.632834466652e-03 7.870413464422e-03 9.290504948367e-03 1.091464085062e-02 1.276617201790e-02 1.487008214545e-02 1.725268871270e-02 1.994123024316e-02 2.296334521839e-02 2.634645230040e-02 3.011704744881e-02 3.429993783797e-02 3.891743381654e-02 4.398852154596e-02 4.952803448125e-02 5.554583565193e-02 6.204601817957e-02 6.902612412127e-02 7.647638261188e-02 8.437897269024e-02 9.270732535829e-02 1.014254931367e-01 1.104876308124e-01 1.198376404169e-01 1.294090395142e-01 1.391251125177e-01 1.488993910158e-01 1.586365008325e-01 1.682333899431e-01 1.775809343298e-01 1.865658961813e-01 1.950731892332e-01 2.029883841390e-01 2.102003680776e-01 2.166040552876e-01 2.221030336050e-01 2.266120236793e-01 2.300590370540e-01 2.323871362414e-01 2.335557312707e-01 2.335413907275e-01 2.323381845059e-01 2.299576188266e-01 2.264282462405e-01 2.217950240626e-01 2.161184876257e-01 2.094737510239e-01 2.019493112303e-01 1.936455902883e-01 1.846731510191e-01 1.751505250543e-01 1.652016598764e-01 1.549530400142e-01 1.445306183400e-01 1.340567300174e-01 1.236471900490e-01 1.134087514596e-01 1.034370659661e-01 9.381522065603e-02 8.461287133027e-02 7.588593307274e-02 6.767675887015e-02 6.001471734430e-02 5.291707978719e-02 4.639013416043e-02 4.043045568457e-02 3.502627374977e-02 3.015888337779e-02 2.580405387553e-02 2.193339063866e-02 1.851560742545e-02 1.551767157535e-02 1.290579158614e-02 1.064622645247e-02 8.705910262368e-03 7.052899548295e-03 5.656665633770e-03 4.488264301522e-03 3.520421539560e-03 2.727573328265e-03 2.085891372844e-03 1.573315751745e-03 1.169602465317e-03 8.563818182863e-04 6.172144654799e-04 4.376278088026e-04 3.051162922168e-04
2.374947475092e-04 3.228741709070e-04 4.336138224332e-04 5.753261715898e-04 7.543177316343e-04 9.775732825763e-04 1.252742282559e-03 1.588141023931e-03 1.992784273825e-03 2.476457630897e-03 3.049836434316e-03 3.724649527442e-03 4.513877855538e-03 5.431970118714e-03 6.495052255649e-03 7.721104640591e-03 9.130081529390e-03 1.074395026583e-02 1.258663254322e-02 1.468383512302e-02 1.706276342363e-02 1.975171591714e-02 2.277956339029e-02 2.617512229977e-02 2.996643672854e-02 3.417998944754e-02 3.883986479946e-02 4.396688698357e-02 4.957775407719e-02 5.568418163650e-02 6.229206294505e-02 6.940064535054e-02 7.700172330029e-02 8.507884931689e-02 9.360657659839e-02 1.025497629767e-01 1.118629782121e-01 1.214900733302e-01 1.313639771896e-01 1.414067806284e-01 1.515301676350e-01 1.616362293927e-01 1.716186839122e-01 1.813644994109e-01 1.907558986436e-01 1.996726997515e-01 2.079949262416e-01 2.156055978598e-01 2.223935974563e-01 2.282564872343e-01 2.331031479674e-01 2.368561125365e-01 2.394534824243e-01 2.408503575206e-01 2.410197394817e-01 2.399529329676e-01 2.376595020212e-01 2.341668744279e-01 2.295196870112e-01 2.237789406485e-01 2.170209936876e-01 2.093363655088e-01 2.008282832514e-01 1.916108844981e-01 1.818070085091e-01 1.715455603549e-01 1.609585065715e-01 1.501776356753e-01 1.393312736561e-01 1.285411736009e-01 1.179197776861e-01 1.075680093649e-01 9.757368195283e-02 8.801054693491e-02 7.893794064038e-02 7.040095247279e-02 6.243101977358e-02 5.504684946170e-02 4.825558051123e-02 4.205411111072e-02 3.643052895190e-02 3.136559072144e-02 2.683420261832e-02 2.280685544696e-02 1.925096966229e-02 1.613211012014e-02 1.341503611945e-02 1.106456349587e-02 9.046229533162e-03 7.326767386350e-03 5.874412040622e-03 4.659072482988e-03 3.652411822505e-03 2.827877240016e-03 2.160715628204e-03 1.627998938055e-03 1.208669048186e-03 8.835982864581e-04 6.356514044416e-04 4.497296102437e-04 3.127779483128e-04
2.209243353524e-04 3.020302212179e-04 4.077774251578e-04 5.437590082428e-04 7.162813921483e-04 9.323471671547e-04 1.199638036633e-03 1.526512189698e-03 1.922031168279e-03 2.396029084669e-03 2.959231576464e-03 3.623424114394e-03 4.401660301557e-03 5.308492260619e-03 6.360199002495e-03 7.574985451579e-03 8.973125008214e-03 1.057702171697e-02 1.241117258416e-02 1.450201675465e-02 1.687766308472e-02 1.956749302767e-02 2.260164176350e-02 2.601036527896e-02 2.982330766105e-02 3.406868933259e-02 3.877243936694e-02 4.395729802453e-02 4.964191180918e-02 5.583993650439e-02 6.255915532214e-02 6.980061261517e-02 7.755775957576e-02 8.581561295687e-02 9.454993717195e-02 1.037264788668e-01 1.133002978236e-01 1.232152565931e-01 1.334037376499e-01 1.437866583129e-01 1.542738444638e-01 1.647648079789e-01 1.751499540463e-01 1.853122193653e-01 1.951291212563e-01 2.044751737296e-01 2.132246054150e-01 2.212542847221e-01 2.284467499772e-01 2.346932054617e-01 2.398963519360e-01 2.439729064116e-01 2.468556933898e-01 2.484952144502e-01 2.488606586308e-01 2.479403639160e-01 2.457417972742e-01 2.422911526286e-01 2.376326744777e-01 2.318277923619e-01 2.249541039663e-01 2.171041791427e-01 2.083841140956e-01 1.989117290494e-01 1.888143275339e-01 1.782259831624e-01 1.672844053538e-01 1.561275215140e-01 1.448899833326e-01 1.336998304259e-01 1.226755407293e-01 1.119236386292e-01 1.015369648942e-01 9.159363183176e-02 8.215662222723e-02 7.327394696181e-02 6.497925684630e-02 5.729280218059e-02 5.022264524352e-02 4.376604713044e-02 3.791096411806e-02 3.263759849584e-02 2.791995401714e-02 2.372734848031e-02 2.002583590561e-02 1.677949549932e-02 1.395154896311e-02 1.150527978013e-02 9.404742442081e-03 7.615266654175e-03 6.103778708074e-03 4.838976529654e-03 3.791403530037e-03 2.933467431007e-03 2.239444129776e-03 1.685494273998e-03 1.249704442232e-03 9.121494709495e-04 6.549605951336e-04 4.623778161663e-04 3.207652172918e-04
2.051782690625e-04 2.821269845651e-04 3.829979055089e-04 5.133630527756e-04 6.795283795626e-04 8.885154424244e-04 1.148040892397e-03 1.466508802412e-03 1.853032225228e-03 2.317498512466e-03 2.870687628285e-03 3.524444416356e-03 4.291896296418e-03 5.187698436442e-03 6.228281559432e-03 7.432073487549e-03 8.819665916399e-03 1.041390058170e-02 1.223985425655e-02 1.432470749500e-02 1.669748781141e-02 1.938868271223e-02 2.242972390562e-02 2.585234927529e-02 2.968785607860e-02 3.396626584218e-02 3.871542524203e-02 4.396007168784e-02 4.972088692429e-02 5.601355754319e-02 6.284785001019e-02 7.022670003741e-02 7.814531087429e-02 8.659025792973e-02 9.553860919981e-02 1.049570879658e-01 1.148013237959e-01 1.250152572222e-01 1.355307728824e-01 1.462676381499e-01 1.571338136986e-01 1.680261904129e-01 1.788317786235e-01 1.894293598596e-01 1.996915770819e-01 2.094874285475e-01 2.186850923237e-01 2.271549933603e-01 2.347729998656e-01 2.414236117314e-01 2.470029918489e-01 2.514216884956e-01 2.546069123818e-01 2.565042635383e-01 2.570788553156e-01 2.563158459962e-01 2.542204418677e-01 2.508174861091e-01 2.461507561280e-01 2.402820698155e-01 2.332902555849e-01 2.252699572223e-01 2.163301999829e-01 2.065925921149e-01 1.961890575231e-01 1.852590498999e-01 1.739462894478e-01 1.623951584426e-01 1.507469829227e-01 1.391364560166e-01 1.276884563517e-01 1.165154579276e-01 1.057156481049e-01 9.537178080707e-02 8.555072455887e-02 7.630360770780e-02 6.766644979311e-02 5.966115931674e-02 5.229680043020e-02 4.557104163844e-02 3.947172111920e-02 3.397847188189e-02 2.906435602661e-02 2.469745834931e-02 2.084239070977e-02 1.746165963688e-02 1.451685631879e-02 1.196963782990e-02 9.782484920942e-03 7.919239137004e-03 6.345441555640e-03 5.028511302918e-03 3.937812498729e-03 3.044660426782e-03 2.322311886739e-03 1.745971286182e-03 1.292826971979e-03 9.421149241916e-04 6.751933072111e-04 4.756039198890e-04 3.290964147914e-04
1.902369592629e-04 2.631456439903e-04 3.592573885529e-04 4.841213121110e-04 6.440422963671e-04 8.460618775235e-04 1.097934351661e-03 1.408113811291e-03 1.785769833189e-03 2.240848179486e-03 2.784187636021e-03 3.427695602103e-03 4.184574866677e-03 5.069583600983e-03 6.099302970285e-03 7.292382135128e-03 8.669730109397e-03 1.025462727746e-02 1.207273429512e-02 1.415198194419e-02 1.652233143208e-02 1.921539917033e-02 2.226394568600e-02 2.570123357664e-02 2.956026743556e-02 3.387293485067e-02 3.866907564927e-02 4.397550769787e-02 4.981503779215e-02 5.620547749178e-02 6.315867293409e-02 7.067954918051e-02 7.876515940983e-02 8.740373583758e-02 9.657374618791e-02 1.062429824139e-01 1.163677285890e-01 1.268920744915e-01 1.377474600505e-01 1.488525306285e-01 1.601133792644e-01 1.714242364808e-01 1.826686384297e-01 1.937210858006e-01 2.044491788051e-01 2.147161824664e-01 2.243839638143e-01 2.333162016910e-01 2.413817584937e-01 2.484580674437e-01 2.544343800632e-01 2.592147035085e-01 2.627202801316e-01 2.648914858799e-01 2.656890807267e-01 2.650948160086e-01 2.631114644376e-01 2.597623957155e-01 2.550908395463e-01 2.491589604131e-01 2.420468044443e-01 2.338511100813e-01 2.246838866446e-01 2.146706304153e-01 2.039480394470e-01 1.926611625725e-01 1.809600032382e-01 1.689957250935e-01 1.569166927420e-01 1.448646377619e-01 1.329712246146e-01 1.213552456459e-01 1.101205711493e-01 9.935489476496e-02 8.912922393106e-02 7.949801311494e-02 7.049981468201e-02 6.215831920480e-02 5.448367731289e-02 4.747401417454e-02 4.111706645504e-02 3.539188479765e-02 3.027055045307e-02 2.571985415467e-02 2.170288699230e-02 1.818049228059e-02 1.511253308618e-02 1.245894101827e-02 1.018052695252e-02 8.239554767427e-03 6.600099499423e-03 5.228230150556e-03 4.092068993332e-03 3.161783637612e-03 2.409561757752e-03 1.809604836624e-03 1.338158309144e-03 9.735760632472e-04 6.964016429185e-04 4.894396024259e-04 3.377896941296e-04
1.760802009540e-04 2.450666972955e-04 3.365372941434e-04 4.560160932018e-04 6.098060689892e-04 8.049695817897e-04 1.049301236897e-03 1.351309406142e-03 1.720225508284e-03 2.166059287847e-03 2.699713341856e-03 3.333161306368e-03 4.079683270850e-03 4.954140643129e-03 5.973264017267e-03 7.155922269442e-03 8.523340812854e-03 1.009923945415e-02 1.190986663639e-02 1.398391186856e-02 1.635228486757e-02 1.904775357598e-02 2.210443959495e-02 2.555717358599e-02 2.944072226260e-02 3.378890620195e-02 3.863363559271e-02 4.400389518284e-02 4.992470984307e-02 5.641611323670e-02 6.349213099709e-02 7.115977830936e-02 7.941805982843e-02 8.825696575917e-02 9.765646364723e-02 1.075855106752e-01 1.180011336457e-01 1.288476489041e-01 1.400561097898e-01 1.515440722595e-01 1.632157636849e-01 1.749627180981e-01 1.866649184965e-01 1.981924628601e-01 2.094077353521e-01 2.201680489401e-01 2.303286919919e-01 2.397462868132e-01 2.482823423328e-01 2.558068496461e-01 2.622017574057e-01 2.673641405007e-01 2.712088997552e-01 2.736708447324e-01 2.747060872398e-01 2.742927322906e-01 2.724309353558e-01 2.691424626889e-01 2.644699143621e-01 2.584757538074e-01 2.512412315070e-01 2.428651941707e-01 2.334626871397e-01 2.231631890648e-01 2.121083234460e-01 2.004489475177e-01 1.883416270515e-01 1.759446429916e-01 1.634137792241e-01 1.508982082048e-01 1.385367864955e-01 1.264550123982e-01 1.147627962423e-01 1.035530856490e-01 9.290129490539e-02 8.286542540790e-02 7.348673719531e-02 6.479083446887e-02 5.678904597652e-02 4.948000795648e-02 4.285137551834e-02 3.688160595930e-02 3.154176093454e-02 2.679727487578e-02 2.260963710248e-02 1.893793322341e-02 1.574019617597e-02 1.297452779974e-02 1.059996776528e-02 8.577107623171e-03 6.868471158787e-03 5.438702110751e-03 4.254615465313e-03 3.285173546514e-03 2.501442972492e-03 1.876573921260e-03 1.385822496877e-03 1.006615381461e-03 7.186379194101e-04 5.039162580246e-04 3.468626918066e-04
1.626872655421e-04 2.278700661088e-04 3.148184615870e-04 4.290291692668e-04 5.768021653295e-04 7.652212920552e-04 1.002124058470e-03 1.296077495396e-03 1.656380459935e-03 2.093112687005e-03 2.617246064852e-03 3.240824641751e-03 3.977208193126e-03 4.841361892851e-03 5.850164864554e-03 7.022704290033e-03 8.380520858024e-03 9.947774545819e-03 1.175130523742e-02 1.382056950457e-02 1.618743989579e-02 1.888585842408e-02 2.195133986456e-02 2.542032639437e-02 2.932940280912e-02 3.371439077364e-02 3.860935041099e-02 4.404552234482e-02 5.005024556394e-02 5.664587644749e-02 6.384872310837e-02 7.166799485726e-02 8.010475248005e-02 8.915084848999e-02 9.878785380342e-02 1.089859911825e-01 1.197031244014e-01 1.308838776377e-01 1.424589811265e-01 1.543449396108e-01 1.664441206424e-01 1.786453286369e-01 1.908249188914e-01 2.028484623773e-01 2.145729554139e-01 2.258495358345e-01 2.365266410721e-01 2.464535181291e-01 2.554839629134e-01 2.634801351096e-01 2.703162723942e-01 2.758821084297e-01 2.800858066505e-01 2.828562507466e-01 2.841445920447e-01 2.839250332793e-01 2.821949203759e-01 2.789742813298e-01 2.743049982885e-01 2.682497859785e-01 2.608910809888e-01 2.523298509225e-01 2.426842205127e-01 2.320877405598e-01 2.206871057550e-01 2.086391946429e-01 1.961074180830e-01 1.832575210613e-01 1.702531008578e-01 1.572511936235e-01 1.443982739982e-01 1.318269561682e-01 1.196535661917e-01 1.079766375663e-01 9.687627458850e-02 8.641425867486e-02 7.663474306782e-02 6.756538573359e-02 5.921879224264e-02 5.159416933481e-02 4.467911460976e-02 3.845148332519e-02 3.288127923545e-02 2.793251745836e-02 2.356500221748e-02 1.973596331053e-02 1.640149679194e-02 1.351776526719e-02 1.104193027298e-02 8.932811312330e-03 7.151290969980e-03 5.660508808848e-03 4.425903975397e-03 3.415173582063e-03 2.598209417003e-03 1.947060280688e-03 1.435944824826e-03 1.041315560179e-03 7.419539748362e-04 5.190644582151e-04 3.563321307119e-04
1.500369855189e-04 2.115351899082e-04 2.940812707509e-04 4.031419352143e-04 5.450128004377e-04 7.267996328206e-04 9.563853705607e-04 1.242400158965e-03 1.594216177337e-03 2.021989580189e-03 2.536767558642e-03 3.150669261471e-03 3.877136967714e-03 4.731240502616e-03 5.730006848140e-03 6.892740025282e-03 8.241295031191e-03 9.800272493390e-03 1.159710735047e-02 1.366203112407e-02 1.602789341422e-02 1.872983235718e-02 2.180478788278e-02 2.529085742493e-02 2.922650028324e-02 3.364960879944e-02 3.859647458598e-02 4.410068622403e-02 5.019199579272e-02 5.689518611649e-02 6.422895420798e-02 7.220481047715e-02 8.082597932966e-02 9.008628331120e-02 9.996900348574e-02 1.104457326998e-01 1.214752699735e-01 1.330026344766e-01 1.449583017088e-01 1.572577691372e-01 1.698015540073e-01 1.824757033459e-01 1.951528707852e-01 2.076939785662e-01 2.199504617760e-01 2.317670573499e-01 2.429850745372e-01 2.534460591935e-01 2.629957240626e-01 2.714879940965e-01 2.787889716993e-01 2.847806193849e-01 2.893639492207e-01 2.924615375270e-01 2.940192439882e-01 2.940071013665e-01 2.924194415352e-01 2.892744121423e-01 2.846130879090e-01 2.784983853027e-01 2.710139071083e-01 2.622627477424e-01 2.523661515554e-01 2.414618229320e-01 2.297016680852e-01 2.172487966921e-01 2.042737515770e-01 1.909500962740e-01 1.774496520910e-01 1.639377595832e-01 1.505689596931e-01 1.374834133455e-01 1.248042584940e-01 1.126359642574e-01 1.010636234740e-01 9.015304331001e-02 7.995146627596e-02 7.048875324197e-02 6.177889197760e-02 5.382172531464e-02 4.660482112100e-02 4.010542629720e-02 3.429244983450e-02 2.912842348131e-02 2.457138087120e-02 2.057659441419e-02 1.709811188497e-02 1.409004170410e-02 1.150755490606e-02 9.307593768012e-03 7.449304942712e-03 5.894240888349e-03 4.606393288065e-03 3.552131790619e-03 2.700117728139e-03 2.021246850535e-03 1.488650603147e-03 1.077758485717e-03 7.664004025649e-04 5.349133828990e-04 3.662134005253e-04
1.381078307659e-04 1.960411111117e-04 2.743057392071e-04 3.783355309576e-04 5.144200996336e-04 6.896873518172e-04 9.120680621514e-04 1.190260035889e-03 1.533714920929e-03 1.952672172428e-03 2.458260809879e-03 3.062680329005e-03 3.779458805496e-03 4.623771918809e-03 5.612794056494e-03 6.766044801064e-03 8.105692327884e-03 9.656778462075e-03 1.144733656194e-02 1.350838086555e-02 1.587375176151e-02 1.857980517544e-02 2.166493816802e-02 2.516894697248e-02 2.913222253870e-02 3.359479867045e-02 3.859528241051e-02 4.416970439792e-02 5.035033252319e-02 5.716448315820e-02 6.463335134151e-02 7.277085873433e-02 8.158250375030e-02 9.106418933064e-02 1.012010169268e-01 1.119660575526e-01 1.233191485690e-01 1.352057961173e-01 1.475562954466e-01 1.602851845414e-01 1.732911463180e-01 1.864574455668e-01 1.996529629450e-01 2.127338517226e-01 2.255458122622e-01 2.379269526220e-01 2.497111719067e-01 2.607319810566e-01 2.708266313638e-01 2.798403949732e-01 2.876307975267e-01 2.940715826726e-01 2.990561757026e-01 3.025004435374e-01 3.043446044232e-01 3.045542363446e-01 3.031204438237e-01 3.000593452536e-01 2.954111173028e-01 2.892388255495e-01 2.816272191502e-01 2.726815233918e-01 2.625261328531e-01 2.513029803490e-01 2.391693164706e-01 2.262946893503e-01 2.128570599952e-01 1.990381756096e-01 1.850185053234e-01 1.709721555523e-01 1.570622030727e-01 1.434368085010e-01 1.302263383520e-01 1.175415656879e-01 1.054728851566e-01 9.409038918282e-02 8.344461563918e-02 7.356778642543e-02 6.447538436422e-02 5.616795928732e-02 4.863308205714e-02 4.184738733048e-02 3.577865351386e-02 3.038786478634e-02 2.563119650688e-02 2.146185875092e-02 1.783173481327e-02 1.469275875595e-02 1.199799294285e-02 9.702391677278e-03 7.763266006485e-03 6.140494229102e-03 4.796545813844e-03 3.696398318950e-03 2.807425259080e-03 2.099316132967e-03 1.544063846813e-03 1.116024228096e-03 7.920257573265e-04 5.514902110660e-04 3.765201172663e-04
1.268779727603e-04 1.813665391308e-04 2.554715963925e-04 3.545909335920e-04 4.850062282609e-04 6.538674922468e-04 8.691556190736e-04 1.139640676081e-03 1.474860190395e-03 1.885144231921e-03 2.381710765685e-03 2.976845410964e-03 3.684165845233e-03 4.518955210033e-03 5.498535045784e-03 6.642639266899e-03 7.973748277564e-03 9.517345504769e-03 1.130206598580e-02 1.335971419882e-02 1.572513482631e-02 1.843592298446e-02 2.153196412754e-02 2.505479715878e-02 2.904680212302e-02 3.355022644769e-02 3.860607806231e-02 4.425292727688e-02 5.052566283176e-02 5.745424541093e-02 6.506248045282e-02 7.336681409081e-02 8.237513115375e-02 9.208552822540e-02 1.024850402135e-01 1.135483286889e-01 1.252363760306e-01 1.374952726556e-01 1.502552129221e-01 1.634298299391e-01 1.769159918671e-01 1.905941601057e-01 2.043293753658e-01 2.179729023355e-01 2.313645328120e-01 2.443355160818e-01 2.567120556678e-01 2.683192875986e-01 2.789856122213e-01 2.885472187250e-01 2.968526000329e-01 3.037668122175e-01 3.091752369196e-01 3.129866088476e-01 3.151351357236e-01 3.155816400754e-01 3.143137737491e-01 3.113454734741e-01 3.067159227277e-01 3.004882876681e-01 2.927484409407e-01 2.836037385938e-01 2.731817527723e-01 2.616287090948e-01 2.491073265117e-01 2.357937931566e-01 2.218737766577e-01 2.075375786938e-01 1.929747561077e-01 1.783686611007e-01 1.638913984037e-01 1.496996040955e-01 1.359313111028e-01 1.227039827981e-01 1.101136450486e-01 9.823494715179e-02 8.712193981665e-02 7.680937254620e-02 6.731434349139e-02 5.863818660535e-02 5.076851216624e-02 4.368134243584e-02 3.734329055851e-02 3.171372879248e-02 2.674688475882e-02 2.239379768944e-02 1.860406593634e-02 1.532732339680e-02 1.251439973451e-02 1.011814482235e-02 8.093929289791e-03 6.399866078837e-03 4.996824393242e-03 3.848322829181e-03 2.920387994121e-03 2.181448529130e-03 1.602305942720e-03 1.156189977584e-03 8.188757452678e-04 5.688195217527e-04 3.872636863514e-04
1.163253363540e-04 1.674899005233e-04 2.375583336394e-04 3.318890218793e-04 4.567534783770e-04 6.193235181517e-04 8.276322933535e-04 1.090526766703e-03 1.417637029424e-03 1.819391546234e-03 2.307104878289e-03 2.893155200641e-03 3.591254104004e-03 4.416794171632e-03 5.387244105585e-03 6.522551137891e-03 7.845506895184e-03 9.382036888151e-03 1.116138100814e-02 1.321614144504e-02 1.558218025613e-02 1.829835273007e-02 2.140606385095e-02 2.494863870713e-02 2.897050434601e-02 3.351619487381e-02 3.862920690430e-02 4.435074997640e-02 5.071844291881e-02 5.776500411717e-02 6.551696519517e-02 7.399341222387e-02 8.320473201249e-02 9.315132986994e-02 1.038222901187e-01 1.151939797720e-01 1.272286383207e-01 1.398730419910e-01 1.530573696693e-01 1.666944083032e-01 1.806792368474e-01 1.948894962493e-01 2.091863220986e-01 2.234159728362e-01 2.374121581727e-01 2.509990376882e-01 2.639948298430e-01 2.762159492056e-01 2.874815473014e-01 2.976182894126e-01 3.064651606936e-01 3.138780441973e-01 3.197337997184e-01 3.239335838188e-01 3.264052043555e-01 3.271044125403e-01 3.260151705576e-01 3.231490755206e-01 3.185442230924e-01 3.122638309956e-01 3.043948747507e-01 2.950468397553e-01 2.843504935750e-01 2.724564113320e-01 2.595328944788e-01 2.457629651526e-01 2.313402842213e-01 2.164640874965e-01 2.013334711142e-01 1.861415344481e-01 1.710699248976e-01 1.562842525875e-01 1.419306764548e-01 1.281337551152e-01 1.149954903470e-01 1.025953728317e-01 9.099119422050e-02 8.022040675481e-02 7.030185161089e-02 6.123772978649e-02 5.301573253394e-02 4.561127229210e-02 3.898976422745e-02 3.310890408272e-02 2.792088079157e-02 2.337445116701e-02 1.941680335566e-02 1.599513990980e-02 1.305792790317e-02 1.055579039573e-02 8.442047504759e-03 6.672951212814e-03 5.207689232105e-03 4.008251996488e-03 3.039258537077e-03 2.267820694322e-03 1.663494356991e-03 1.198329041325e-03 8.469924411799e-04 5.869227051586e-04 3.984528842073e-04
1.064276363458e-04 1.543893630341e-04 2.205452228746e-04 3.102105886439e-04 4.296442869813e-04 5.860393566337e-04 7.874831782188e-04 1.042904278324e-03 1.362032247920e-03 1.755402182859e-03 2.234433533739e-03 2.811604050764e-03 3.500724127662e-03 4.317298193678e-03 5.278942437310e-03 6.405816463282e-03 7.721022305213e-03 9.250928060369e-03 1.102538175596e-02 1.307779049973e-02 1.544504675392e-02 1.816728653736e-02 2.128746509252e-02 2.485073694658e-02 2.890363437374e-02 3.349305211828e-02 3.866506512123e-02 4.446362471365e-02 5.092919171611e-02 5.809735942851e-02 6.599750440982e-02 7.465147083872e-02 8.407226491150e-02 9.426271805008e-02 1.052140821457e-01 1.169045478359e-01 1.292977270153e-01 1.423411887425e-01 1.559651860947e-01 1.700817250701e-01 1.845841248722e-01 1.993471934879e-01 2.142280988648e-01 2.290679771111e-01 2.436942827862e-01 2.579238527236e-01 2.715666278830e-01 2.844299507731e-01 2.963233165689e-01 3.070634134208e-01 3.164792300695e-01 3.244169701441e-01 3.307444731666e-01 3.353548505446e-01 3.381690987898e-01 3.391375636947e-01 3.382402720457e-01 3.354863163204e-01 3.309126113552e-01 3.245823801166e-01 3.165836832714e-01 3.070281305901e-01 2.960496997383e-01 2.838033600998e-01 2.704630985999e-01 2.562189561717e-01 2.412728726333e-01 2.258334006728e-01 2.101096440304e-01 1.943049688217e-01 1.786111030558e-01 1.632031544736e-01 1.482358879518e-01 1.338413815188e-01 1.201279734795e-01 1.071802925405e-01 9.506010943723e-02 8.380776344309e-02 7.344397330910e-02 6.397189621384e-02 5.537935035101e-02 4.764114468585e-02 4.072146509210e-02 3.457626690748e-02 2.915560771060e-02 2.440584732844e-02 2.027163413384e-02 1.669760262881e-02 1.362972121471e-02 1.101625786024e-02 8.808366625964e-03 6.960338464878e-03 5.429595049114e-03 4.176527214301e-03 3.164284247231e-03 2.358604070138e-03 1.727741447075e-03 1.242509895972e-03 8.764135747392e-04 6.058174393237e-04 4.100934812080e-04
9.716240514698e-05 1.420428471890e-04 2.044113072234e-04 2.895363208474e-04 4.036612106052e-04 5.539993716791e-04 7.486942030069e-04 9.967604722953e-04 1.308034459018e-03 1.693166620004e-03 2.163690197696e-03 2.732190228326e-03 3.412581388606e-03 4.220482813992e-03 5.173658796481e-03 6.292480593881e-03 7.600359932119e-03 9.124108181324e-03 1.089418479584e-02 1.294480916693e-02 1.531391690943e-02 1.804294511855e-02 2.117642952735e-02 2.476139705189e-02 2.884654358492e-02 3.348119951065e-02 3.871410921820e-02 4.459207145845e-02 5.115850395301e-02 5.845199573819e-02 6.650488999573e-02 7.534190973391e-02 8.497879983952e-02 9.542093688068e-02 1.066618601055e-01 1.186817050826e-01 1.314455744519e-01 1.449019419056e-01 1.589812301946e-01 1.735947335284e-01 1.886340462256e-01 2.039711340139e-01 2.194591377840e-01 2.349339569589e-01 2.502166178617e-01 2.651164003335e-01 2.794346725339e-01 2.929693479264e-01 3.055198532620e-01 3.168924324722e-01 3.269055759408e-01 3.353952839068e-01 3.422198539019e-01 3.472638614956e-01 3.504410613691e-01 3.516960421747e-01 3.510046355759e-01 3.483732626957e-01 3.438375641617e-01 3.374607271593e-01 3.293318827191e-01 3.195647634767e-01 3.082965626772e-01 2.956866787575e-01 2.819148742817e-01 2.671783844438e-01 2.516877077013e-01 2.356611025642e-01 2.193181609072e-01 2.028730562242e-01 1.865281593668e-01 1.704686216157e-01 1.548583178657e-01 1.398372874697e-01 1.255205806540e-01 1.119982738792e-01 9.933636467793e-02 8.757827197795e-02 7.674673377785e-02 6.684595822526e-02 5.786394172853e-02 4.977489890731e-02 4.254175786208e-02 3.611866943132e-02 3.045346638780e-02 2.548999398753e-02 2.117022693424e-02 1.743608944209e-02 1.423090919366e-02 1.150046451005e-02 9.193622241479e-03 7.262607730967e-03 5.662988678150e-03 4.353482666592e-03 3.295705697111e-03 2.453963627807e-03 1.795153466583e-03 1.288795421291e-03 9.071719309154e-04 6.255172378740e-04 4.221879307106e-04
8.850700599652e-05 1.304280149986e-04 1.891353641853e-04 2.698467333381e-04 3.787868368329e-04 5.231882622172e-04 7.112520153070e-04 9.520837862252e-04 1.255633975530e-03 1.632677637290e-03 2.094871369331e-03 2.654915915237e-03 3.326836346269e-03 4.126369871555e-03 5.071429787684e-03 6.182598565500e-03 7.483597077134e-03 9.001680810425e-03 1.076792423327e-02 1.281736641776e-02 1.518899898886e-02 1.792558008026e-02 2.107325571850e-02 2.468096801490e-02 2.879963464212e-02 3.348109755672e-02 3.877686366379e-02 4.473668703562e-02 5.140706117514e-02 5.882969457970e-02 6.704002218377e-02 7.606576894227e-02 8.592553918963e-02 9.662737490852e-02 1.081672244434e-01 1.205272908963e-01 1.336742904928e-01 1.475577162736e-01 1.621082612329e-01 1.772365824237e-01 1.928325884730e-01 2.087653971556e-01 2.248840658359e-01 2.410191435225e-01 2.569850547480e-01 2.725832879052e-01 2.876063401695e-01 3.018423358781e-01 3.150802102352e-01 3.271152902030e-01 3.377550488180e-01 3.468247411585e-01 3.541725802722e-01 3.596740934457e-01 3.632353386989e-01 3.647947781935e-01 3.643237775657e-01 3.618259151433e-01 3.573354666473e-01 3.509155502376e-01 3.426563586003e-01 3.326737442722e-01 3.211081197086e-01 3.081233355859e-01 2.939050052258e-01 2.786577212354e-01 2.626008150084e-01 2.459626432991e-01 2.289737793000e-01 2.118597650769e-01 1.948342011957e-01 1.780928535560e-01 1.618092325765e-01 1.461318002926e-01 1.311827088581e-01 1.170578039234e-01 1.038275672578e-01 9.153869782397e-02 8.021610145131e-02 6.986513804711e-02 6.047403785233e-02 5.201643434649e-02 4.445397093173e-02 3.773893103941e-02 3.181682785949e-02 2.662887196169e-02 2.211422630550e-02 1.821195714108e-02 1.486260312319e-02 1.200931212134e-02 9.598536917995e-03 7.580327864468e-03 5.908307358481e-03 4.539443972346e-03 3.433755591051e-03 2.554057004664e-03 1.865829863338e-03 1.337242326281e-03 9.392949089374e-04 6.460311366461e-04 4.347351466153e-04
8.043864047749e-05 1.195222486187e-04 1.746958483510e-04 2.511220728212e-04 3.550036463410e-04 4.935908822391e-04 6.751437690767e-04 9.088635805715e-04 1.204822544311e-03 1.573930027862e-03 2.027976268556e-03 2.579786888673e-03 3.243504152852e-03 4.034987215508e-03 4.972299673663e-03 6.076234961443e-03 7.370822842690e-03 8.883764050477e-03 1.064675194485e-02 1.269565298557e-02 1.507052765151e-02 1.781547504786e-02 2.097828088850e-02 2.460984487088e-02 2.876336470873e-02 3.349327042422e-02 3.885392637879e-02 4.489815259742e-02 5.167564043023e-02 5.923134578909e-02 6.760392315300e-02 7.682422476449e-02 8.691383681255e-02 9.788358786337e-02 1.097319577258e-01 1.224433415933e-01 1.359861944870e-01 1.503111485037e-01 1.653492713193e-01 1.810106625340e-01 1.971835879224e-01 2.137343154864e-01 2.305077638433e-01 2.473290194413e-01 2.640057318179e-01 2.803313619927e-01 2.960892346269e-01 3.110573200261e-01 3.250136350887e-01 3.377421045946e-01 3.490386532885e-01 3.587172311527e-01 3.666154043083e-01 3.725991140954e-01 3.765662452007e-01 3.784487446504e-01 3.782132305621e-01 3.758602603600e-01 3.714226615778e-01 3.649634546657e-01 3.565738959879e-01 3.463719598296e-01 3.345012760083e-01 3.211301591431e-01 3.064501333703e-01 2.906732973174e-01 2.740280817014e-01 2.567533365356e-01 2.390911222369e-01 2.212789320551e-01 2.035422070641e-01 1.860879249424e-01 1.690997796143e-01 1.527351356464e-01 1.371236521770e-01 1.223672761001e-01 1.085412402984e-01 9.569573132218e-02 8.385797817148e-02 7.303459866427e-02 6.321411720362e-02 5.436960306500e-02 4.646139030215e-02 3.943983278296e-02 3.324802867272e-02 2.782443124960e-02 2.310524947181e-02 1.902653866582e-02 1.552589382876e-02 1.254368525505e-02 1.002381877064e-02 7.914055544935e-03 6.165977937372e-03 4.734727559540e-03 3.578658263377e-03 2.659034090892e-03 1.939862943418e-03 1.387900872525e-03 9.728043064214e-04 6.673635233347e-04 4.477303952950e-04
7.293435056979e-05 1.093026178585e-04 1.610708151809e-04 2.333421921715e-04 3.322938321840e-04 4.651920031731e-04 6.403568242205e-04 8.670897922017e-04 1.155592897017e-03 1.516920102734e-03 1.963006285423e-03 2.506811921477e-03 3.162603992807e-03 3.946368048039e-03 4.876319646130e-03 5.973463231424e-03 7.262137442733e-03 8.770489792273e-03 1.053083682850e-02 1.257988056708e-02 1.495876345576e-02 1.771294537651e-02 2.089188101008e-02 2.454846937655e-02 2.873824667504e-02 3.351830800770e-02 3.894597172961e-02 4.507723759071e-02 5.196512046176e-02 5.965795481683e-02 6.819774625137e-02 7.761860181148e-02 8.794521290103e-02 9.919131650727e-02 1.113580461591e-01 1.244321160751e-01 1.383838466529e-01 1.531651325590e-01 1.687075252530e-01 1.849206504844e-01 2.016911786625e-01 2.188825280760e-01 2.363354261201e-01 2.538693848866e-01 2.712851044382e-01 2.883677806483e-01 3.048912631528e-01 3.206229985834e-01 3.353296521797e-01 3.487832526678e-01 3.607676334829e-01 3.710848632545e-01 3.795612748866e-01 3.860526650746e-01 3.904482447534e-01 3.926730373785e-01 3.926886171096e-01 3.904923426426e-01 3.861155111660e-01 3.796210325243e-01 3.711012355956e-01 3.606762261647e-01 3.484928462643e-01 3.347238748784e-01 3.195667901107e-01 3.032413287011e-01 2.859852782171e-01 2.680483773201e-01 2.496846926213e-01 2.311442714381e-01 2.126650329828e-01 1.944657896692e-01 1.767409895502e-01 1.596573982550e-01 1.433526010661e-01 1.279349891329e-01 1.134848208917e-01 1.000559859390e-01 8.767819710961e-02 7.635944194860e-02 6.608860415980e-02 5.683820881410e-02 4.856725881068e-02 4.122411705351e-02 3.474937059946e-02 2.907859072687e-02 2.414488617180e-02 1.988114298499e-02 1.622185175979e-02 1.310445134284e-02 1.047016169550e-02 8.264335661010e-03 6.436417198237e-03 4.939640992831e-03 3.730629964947e-03 2.769037240979e-03 2.017337996630e-03 1.440814954540e-03 1.007716359437e-03 6.895141706629e-04 4.611653265047e-04
6.597101892186e-05 9.974584455284e-05 1.482378362839e-04 2.164864037293e-04 3.106390855466e-04 4.379760211493e-04 6.068783727378e-04 8.267524537208e-04 1.107938208323e-03 1.461645021330e-03 1.899964189527e-03 2.436001879006e-03 3.084158099748e-03 3.860549799917e-03 4.783546607693e-03 5.874364315188e-03 7.157650757198e-03 8.662002197957e-03 1.042036321715e-02 1.247028017899e-02 1.485399108528e-02 1.761833651813e-02 2.081446910032e-02 2.449732877022e-02 2.872484821990e-02 3.355686550768e-02 3.905375128028e-02 4.527480138159e-02 5.227648378463e-02 6.011064709325e-02 6.882278240580e-02 7.845038149451e-02 8.902136515092e-02 1.005525002935e-01 1.130476977075e-01 1.264961165695e-01 1.408700728127e-01 1.561228492814e-01 1.721865946054e-01 1.889705487675e-01 2.063598372462e-01 2.242150323547e-01 2.423726174845e-01 2.606464179280e-01 2.788300111459e-01 2.967000870440e-01 3.140207141565e-01 3.305484430103e-01 3.460381482525e-01 3.602494601103e-01 3.729535651054e-01 3.839400569040e-01 3.930234320057e-01 4.000487571318e-01 4.048960448865e-01 4.074829666634e-01 4.077657437971e-01 4.057383533765e-01 4.014304877895e-01 3.949049434307e-01 3.862551492865e-01 3.756033580620e-01 3.630996192899e-01 3.489211641306e-01 3.332714509974e-01 3.163779671154e-01 2.984881036233e-01 2.798628823080e-01 2.607689080315e-01 2.414694062223e-01 2.222154390739e-01 2.032383030030e-01 1.847437950167e-01 1.669085983320e-01 1.498786565866e-01 1.337691586073e-01 1.186656710755e-01 1.046260072197e-01 9.168253086157e-02 7.984471626263e-02 6.910187542681e-02 5.942601319167e-02 5.077478151721e-02 4.309449224714e-02 3.632312503230e-02 3.039324205040e-02 2.523470206635e-02 2.077705823431e-02 1.695152960461e-02 1.369246308442e-02 1.093824759170e-02 8.631703197590e-03 6.720033575235e-03 5.154484438020e-03 3.889880043847e-03 2.884202205261e-03 2.098334009196e-03 1.496022599350e-03 1.044042102577e-03 7.124784930586e-04 4.750281663406e-04
5.952537366258e-05 9.082826940021e-05 1.361739140372e-04 2.005333289428e-04 2.900203642805e-04 4.119266379235e-04 5.746950117886e-04 7.878411513894e-04 1.061851404470e-03 1.408101962583e-03 1.838853160726e-03 2.367368588920e-03 3.008190411717e-03 3.777572671840e-03 4.694041543798e-03 5.779024855303e-03 7.057480312456e-03 8.558455403232e-03 1.031552836660e-02 1.236709942198e-02 1.475651634810e-02 1.753202075695e-02 2.074649200670e-02 2.445695227531e-02 2.872378877862e-02 3.360966067286e-02 3.917809096943e-02 4.549179134000e-02 5.261081620468e-02 6.059066778266e-02 6.948046119981e-02 7.932120461884e-02 9.014417376416e-02 1.019692863262e-01 1.148033525904e-01 1.286381041898e-01 1.434479831001e-01 1.591877895334e-01 1.757903864648e-01 1.931647196717e-01 2.111944232251e-01 2.297372284232e-01 2.486253236625e-01 2.676667353592e-01 2.866477404380e-01 3.053362809815e-01 3.234863364060e-01 3.408431837365e-01 3.571494618123e-01 3.721518939317e-01 3.856084522542e-01 3.972956477608e-01 4.070155128065e-01 4.146017780166e-01 4.199247075372e-01 4.228941701035e-01 4.234607117485e-01 4.216147402087e-01 4.173842778610e-01 4.108320206343e-01 4.020525403602e-01 3.911702657381e-01 3.783384482502e-01 3.637387507982e-01 3.475806153745e-01 3.300993745245e-01 3.115522543660e-01 2.922119543850e-01 2.723581591973e-01 2.522679213503e-01 2.322061373208e-01 2.124172653782e-01 1.931190694804e-01 1.744986856050e-01 1.567108615047e-01 1.398779456073e-01 1.240911021898e-01 1.094122954163e-01 9.587671206046e-02 8.349543436924e-02 7.225827632977e-02 6.213674979382e-02 5.308713852664e-02 4.505364440291e-02 3.797154298771e-02 3.177025856342e-02 2.637624659411e-02 2.171555849783e-02 1.771596831080e-02 1.430856368735e-02 1.142875076667e-02 9.016687138352e-03 7.017230437824e-03 5.379553409847e-03 4.056613210664e-03 3.004659911049e-03 2.182925001928e-03 1.553556976010e-03 1.081788089008e-03 7.362480644440e-04 4.893040880558e-04
5.357399824783e-05 8.252582565650e-05 1.248554016054e-04 1.854607491670e-04 2.704176584638e-04 3.870265220776e-04 5.437922859761e-04 7.503444382509e-04 1.017324409396e-03 1.356287198114e-03 1.779675635180e-03 2.300923465842e-03 2.934725039208e-03 3.697477810285e-03 4.607867473004e-03 5.687534879964e-03 6.961748655516e-03 8.460010626108e-03 1.021653911708e-02 1.227059871982e-02 1.466666211927e-02 1.745439275260e-02 2.068842574050e-02 2.442790634558e-02 2.873573413171e-02 3.367746839117e-02 3.931988617093e-02 4.572923765710e-02 5.296930153682e-02 6.109937793988e-02 7.017234796850e-02 8.023287066158e-02 9.131570193750e-02 1.034440311322e-01 1.166276894498e-01 1.308611071799e-01 1.461209845584e-01 1.623637714325e-01 1.795231646534e-01 1.975079112978e-01 2.162002108522e-01 2.354549597941e-01 2.550999997457e-01 2.749374441474e-01 2.947460904327e-01 3.142848883070e-01 3.332974143938e-01 3.515172920263e-01 3.686744747069e-01 3.845022612935e-01 3.987448330363e-01 4.111649925442e-01 4.215516647189e-01 4.297266102263e-01 4.355497711900e-01 4.389227383851e-01 4.397900443253e-01 4.381383380396e-01 4.339939126682e-01 4.274193963402e-01 4.185105671988e-01 4.073940733494e-01 3.942263677337e-01 3.791935108228e-01 3.625109149776e-01 3.444218269900e-01 3.251935241129e-01 3.051107744947e-01 2.844668976087e-01 2.635534438578e-01 2.426498654550e-01 2.220144892115e-01 2.018776888128e-01 1.824376057620e-01 1.638582506891e-01 1.462695018244e-01 1.297684168670e-01 1.144213429903e-01 1.002664664493e-01 8.731660360223e-02 7.556214787972e-02 6.497414857201e-02 5.550750653745e-02 4.710425605792e-02 3.969687178888e-02 3.321150992228e-02 2.757106556649e-02 2.269791468067e-02 1.851620645858e-02 1.495359497086e-02 1.194234506671e-02 9.419816491253e-03 7.328411262426e-03 5.615143059051e-03 4.231033004869e-03 3.130539191559e-03 2.271182143478e-03 1.613447940804e-03 1.120957519549e-03 7.608114211548e-04 5.039757858690e-04
4.809335291068e-05 7.481402823594e-05 1.142579422390e-04 1.712454733371e-04 2.518097719681e-04 3.632569820937e-04 5.141542344656e-04 7.142492132462e-04 9.743473584850e-04 1.306195081493e-03 1.722432103849e-03 2.236676071046e-03 2.863784487133e-03 3.620305301610e-03 4.525087111853e-03 5.599985098236e-03 6.870580325601e-03 8.366832656908e-03 1.012360794427e-02 1.218104687576e-02 1.458476326688e-02 1.738586399315e-02 2.064076902017e-02 2.441078768490e-02 2.876138941854e-02 3.376111315202e-02 3.948009357874e-02 4.598824536232e-02 5.335321393905e-02 6.163824663712e-02 7.090013654510e-02 8.118733069627e-02 9.253819095205e-02 1.049792979912e-01 1.185236236858e-01 1.331684228994e-01 1.488927870047e-01 1.656549491107e-01 1.833895638093e-01 2.020052781360e-01 2.213829153638e-01 2.413745446888e-01 2.618036083269e-01 2.824661903665e-01 3.031334262624e-01 3.235550246539e-01 3.434638426338e-01 3.625814643833e-01 3.806247029475e-01 3.973129091141e-01 4.123758850483e-01 4.255620879861e-01 4.366466684992e-01 4.454387615915e-01 4.517873854986e-01 4.555853552218e-01 4.567708336476e-01 4.553265165014e-01 4.512769191262e-01 4.446846540360e-01 4.356467932727e-01 4.242922677943e-01 4.107807369356e-01 3.953026161834e-01 3.780792500549e-01 3.593618462787e-01 3.394279299193e-01 3.185747237744e-01 2.971097490813e-01 2.753397499065e-01 2.535594869721e-01 2.320418916444e-01 2.110306160070e-01 1.907353787098e-01 1.713299231004e-01 1.529520356509e-01 1.357049685457e-01 1.196596881418e-01 1.048575615076e-01 9.131326922328e-02 7.901786535890e-02 6.794197027449e-02 5.803908944306e-02 4.924903329356e-02 4.150137902846e-02 3.471888265801e-02 2.882071912126e-02 2.372541014084e-02 1.935329373492e-02 1.562840892741e-02 1.247971375378e-02 9.841628776345e-03 7.653986747204e-03 5.861554114429e-03 4.413346619537e-03 3.261970622160e-03 2.363176656166e-03 1.675724219525e-03 1.161551819690e-03 7.861551821543e-04 5.190242532643e-04
4.305980846520e-05 6.766797915455e-05 1.043564280586e-04 1.578632337179e-04 2.341741296666e-04 3.405976677763e-04 4.857629559400e-04 6.795401338700e-04 9.329078071075e-04 1.257817042630e-03 1.667119806414e-03 2.174632515328e-03 2.795387824199e-03 3.546091961535e-03 4.445760327436e-03 5.516464078106e-03 6.784098533800e-03 8.279086057067e-03 1.003694860609e-02 1.209871602673e-02 1.451116090562e-02 1.732685612982e-02 2.060403625453e-02 2.440621535329e-02 2.880149041135e-02 3.386145977245e-02 3.965972120801e-02 4.626998374916e-02 5.376390669229e-02 6.220883934147e-02 7.166563791452e-02 8.218667659731e-02 9.381405017928e-02 1.065778484559e-01 1.204943018060e-01 1.355636141756e-01 1.517674015717e-01 1.690658159388e-01 1.873945969240e-01 2.066623927219e-01 2.267487112814e-01 2.475028016906e-01 2.687436529130e-01 2.902611996549e-01 3.118187299249e-01 3.331564560831e-01 3.539961953447e-01 3.740471017297e-01 3.930123875085e-01 4.105969246060e-01 4.265155389227e-01 4.405016900967e-01 4.523160696894e-01 4.617545060221e-01 4.686544635130e-01 4.728994570307e-01 4.744209060219e-01 4.731973519519e-01 4.692514936480e-01 4.626460030799e-01 4.534793630369e-01 4.418828737386e-01 4.280194140768e-01 4.120837032988e-01 3.943029589625e-01 3.749363656204e-01 3.542718720969e-01 3.326195374327e-01 3.103016617488e-01 2.876409046642e-01 2.649481210460e-01 2.425116162280e-01 2.205890148681e-01 1.994022028641e-01 1.791351376785e-01 1.599338995725e-01 1.419082404965e-01 1.251339869940e-01 1.096558718249e-01 9.549057326056e-02 8.262989090400e-02 7.104405306726e-02 6.068515962618e-02 5.149074216142e-02 4.338738407637e-02 3.629430806658e-02 3.012680594660e-02 2.479936142802e-02 2.022830880957e-02 1.633388307371e-02 1.304156258588e-02 1.028268114858e-02 7.994384215985e-03 6.119100664350e-03 4.603771226737e-03 3.399091478702e-03 2.458983653282e-03 1.740416246151e-03 1.203572691629e-03 8.122655010058e-04 5.344297949976e-04
3.844969496650e-05 6.106239703619e-05 9.512499137980e-05 1.452886183174e-04 2.174866316946e-04 3.190263201316e-04 4.585982287171e-04 6.461990697955e-04 8.929899919590e-04 1.211140611240e-03 1.613731520335e-03 2.114793958749e-03 2.729548800515e-03 3.474869181574e-03 4.369941626099e-03 5.437055170693e-03 6.702421660236e-03 8.196931156392e-03 9.956771430413e-03 1.202387623504e-02 1.444619617948e-02 1.727779411992e-02 2.057874953944e-02 2.441482204230e-02 2.885679365064e-02 3.397940250105e-02 3.985981695911e-02 4.657567372130e-02 5.420279904985e-02 6.281280453389e-02 7.247076605407e-02 8.323312740660e-02 9.514584339970e-02 1.082426292320e-01 1.225430894320e-01 1.380505001844e-01 1.547491344929e-01 1.726012022734e-01 1.915436570582e-01 2.114852529385e-01 2.323042454948e-01 2.538470702153e-01 2.759282065755e-01 2.983313164982e-01 3.208116481289e-01 3.430996585960e-01 3.649057972092e-01 3.859263927590e-01 4.058505896886e-01 4.243682433438e-01 4.411785974870e-01 4.559994474548e-01 4.685763222823e-01 4.786910375775e-01 4.861688457885e-01 4.908834084207e-01 4.927590067236e-01 4.917698203618e-01 4.879367028206e-01 4.813224850135e-01 4.720272100109e-01 4.601846606856e-01 4.459609632847e-01 4.295550811258e-01 4.112000204849e-01 3.911629288451e-01 3.697423310189e-01 3.472614936457e-01 3.240580864136e-01 3.004714340185e-01 2.768293058440e-01 2.534361852923e-01 2.305643915527e-01 2.084485865121e-01 1.872834345026e-01 1.672237013065e-01 1.483859482927e-01 1.308511063781e-01 1.146674619652e-01 9.985382876989e-02 8.640284021489e-02 7.428437197119e-02 6.344911044217e-02 5.383225487204e-02 4.535729875038e-02 3.793979737324e-02 3.149099346274e-02 2.592114449677e-02 2.114238174720e-02 1.707093968205e-02 1.362863630402e-02 1.074356441482e-02 8.350059371711e-03 6.388119926916e-03 4.802541891245e-03 3.542052027949e-03 2.558686943291e-03 1.807559735148e-03 1.247024690970e-03 8.391298635950e-04 5.501732564901e-04
3.423936532126e-05 5.497166763303e-05 8.653702759339e-05 1.334950464877e-04 2.017215620110e-04 2.985185886934e-04 4.326372096935e-04 6.142046515843e-04 8.545741773582e-04 1.166148530584e-03 1.562254389216e-03 2.057155121668e-03 2.666274089429e-03 3.406660762115e-03 4.297677598364e-03 5.361833672301e-03 6.625659947729e-03 8.120520104854e-03 9.883278856631e-03 1.195679028399e-02 1.439020425589e-02 1.723909917086e-02 2.056543060655e-02 2.443724490581e-02 2.892806645641e-02 3.411585423977e-02 4.008145633709e-02 4.690657487641e-02 5.467136161713e-02 6.345185823652e-02 7.331752191306e-02 8.432901278473e-02 9.653627287222e-02 1.099767580398e-01 1.246735587172e-01 1.406331442550e-01 1.578425785288e-01 1.762662683392e-01 1.958425149162e-01 2.164802855575e-01 2.380566469493e-01 2.604152274669e-01 2.833659377894e-01 3.066860381618e-01 3.301225386350e-01 3.533958753424e-01 3.762047951053e-01 3.982323980733e-01 4.191532893154e-01 4.386417621641e-01 4.563808618601e-01 4.720720414610e-01 4.854449447131e-01 4.962666424082e-01 5.043494859382e-01 5.095567014458e-01 5.118050128636e-01 5.110640200820e-01 5.073527129540e-01 5.007342085779e-01 4.913102946939e-01 4.792173848224e-01 4.646248959464e-01 4.477359714293e-01 4.287892944652e-01 4.080599288883e-01 3.858570987188e-01 3.625176407802e-01 3.383951956771e-01 3.138465331585e-01 2.892171959017e-01 2.648286862936e-01 2.409687687453e-01 2.178855096856e-01 1.957847843869e-01 1.748304414874e-01 1.551461650336e-01 1.368182370279e-01 1.198986894431e-01 1.044086125303e-01 9.034156494167e-02 7.766711194855e-02 6.633452092161e-02 5.627660666977e-02 4.741367706632e-02 3.965748492112e-02 3.291505544838e-02 2.709222683591e-02 2.209672166795e-02 1.784056934796e-02 1.424173872980e-02 1.122492004408e-02 8.721510677850e-03 6.668984092546e-03 5.009921219012e-03 3.691023126307e-03 2.662384847304e-03 1.877200012286e-03 1.291918329066e-03 8.667392575117e-04 5.662374912810e-04
3.040527393107e-05 4.936992143845e-05 7.856525462734e-05 1.224547943976e-04 1.868515586472e-04 2.790479267148e-04 4.078542267334e-04 5.835319230598e-04 8.176361459876e-04 1.122818024179e-03 1.512668920099e-03 2.001703024987e-03 2.605561667179e-03 3.341480997104e-03 4.229004658797e-03 5.290864145077e-03 6.553912358337e-03 8.049993318980e-03 9.816661093085e-03 1.189770861017e-02 1.434350839073e-02 1.721118186868e-02 2.056459322942e-02 2.447411691988e-02 2.901607718752e-02 3.427173512438e-02 4.032573025080e-02 4.726397169193e-02 5.517110215440e-02 6.412776823591e-02 7.420797749610e-02 8.547675650045e-02 9.798816337491e-02 1.117835065805e-01 1.268894725875e-01 1.433158418348e-01 1.610526019456e-01 1.800664988654e-01 2.002973176394e-01 2.216543492841e-01 2.440135368181e-01 2.672157068709e-01 2.910661380280e-01 3.153355537526e-01 3.397625214085e-01 3.640571808228e-01 3.879062350323e-01 4.109791448113e-01 4.329354948744e-01 4.534334649233e-01 4.721392766397e-01 4.887373485134e-01 5.029406973221e-01 5.145008910118e-01 5.232166611753e-01 5.289401814416e-01 5.315801723648e-01 5.311014252675e-01 5.275210555422e-01 5.209026221840e-01 5.113498837642e-01 4.990020712335e-01 4.840319558469e-01 4.666467925879e-01 4.470908060802e-01 4.256468894778e-01 4.026350574048e-01 3.784060676175e-01 3.533301459373e-01 3.277823173062e-01 3.021267995239e-01 2.767029942622e-01 2.518148944843e-01 2.277246189987e-01 2.046497691402e-01 1.827636791683e-01 1.621974722297e-01 1.430430312089e-01 1.253563288982e-01 1.091608763493e-01 9.445125195172e-02 8.119675627954e-02 6.934523379942e-02 5.882706423872e-02 4.955927478467e-02 4.144967993934e-02 3.440091645997e-02 2.831420584035e-02 2.309264949465e-02 1.864385908504e-02 1.488175663468e-02 1.172746043395e-02 9.109296317426e-03 6.962114487408e-03 5.226210779162e-03 3.846205274486e-03 2.770197152178e-03 1.949397129828e-03 1.338273731758e-03 8.950906950016e-04 5.826090546177e-04
2.692406776343e-05 4.423113164998e-05 7.118180647420e-05 1.121390692209e-04 1.728476541772e-04 2.605855748780e-04 3.842206796287e-04 5.541521290189e-04 7.821468193324e-04 1.081120226401e-03 1.464948205483e-03 1.948415903849e-03 2.547399486725e-03 3.279333060885e-03 4.163947156467e-03 5.224198142645e-03 6.487263973717e-03 7.985476327859e-03 9.757092577225e-03 1.184686513322e-02 1.430641508955e-02 1.719443656142e-02 2.057673634754e-02 2.452605917317e-02 2.912158643474e-02 3.444796341411e-02 4.059373435988e-02 4.764916211636e-02 5.570355255564e-02 6.484234061876e-02 7.514426088396e-02 8.667886180931e-02 9.950444699117e-02 1.136662881998e-01 1.291947735828e-01 1.461031106777e-01 1.643843430556e-01 1.840076999949e-01 2.049145906458e-01 2.270147435053e-01 2.501830447916e-01 2.742575231262e-01 2.990387570444e-01 3.242907922201e-01 3.497435385601e-01 3.750965573616e-01 4.000241545629e-01 4.241817341191e-01 4.472133707553e-01 4.687605696132e-01 4.884720940579e-01 5.060146236157e-01 5.210837861083e-01 5.334148648535e-01 5.427922160457e-01 5.490563085848e-01 5.521073842344e-01 5.519051805388e-01 5.484649336838e-01 5.418508310660e-01 5.321688743618e-01 5.195613402035e-01 5.042044476747e-01 4.863094927541e-01 4.661260757032e-01 4.439447917266e-01 4.200965023559e-01 3.949462198575e-01 3.688813818191e-01 3.422961148772e-01 3.155742576058e-01 2.890740364945e-01 2.631164891777e-01 2.379784570836e-01 2.138897939263e-01 1.910337273849e-01 1.695491387176e-01 1.495337650820e-01 1.310477182477e-01 1.141170779155e-01 9.873754083755e-02 8.487819039736e-02 7.248544702894e-02 6.148720607846e-02 5.179711953878e-02 4.331892716073e-02 3.595070429320e-02 2.958885365412e-02 2.413163633455e-02 1.948202489467e-02 1.554968748497e-02 1.225199242836e-02 9.514053983009e-03 7.267997898202e-03 5.451764463804e-03 4.007839143007e-03 2.882273142680e-03 2.024231816840e-03 1.386124872447e-03 9.241901104538e-04 5.992801222091e-04
2.377268788527e-05 3.952923315418e-05 6.435836110995e-05 1.025181335962e-04 1.596793822167e-04 2.431006378440e-04 3.617050635289e-04 5.260326538877e-04 7.480720822555e-04 1.041019842086e-03 1.419057365103e-03 1.897262467955e-03 2.491764483236e-03 3.220207774482e-03 4.102515878025e-03 5.161872578537e-03 6.425784024502e-03 7.927077586195e-03 9.704729324330e-03 1.180447406312e-02 1.427921016481e-02 1.718923682272e-02 2.060233920111e-02 2.459367505565e-02 2.924534069531e-02 3.464544778774e-02 4.088656106795e-02 4.806344847930e-02 5.627025915980e-02 6.559740954017e-02 7.612854614557e-02 8.793790099740e-02 1.010881541892e-01 1.156286492987e-01 1.315935779416e-01 1.489996876320e-01 1.678432098911e-01 1.880960046242e-01 2.097012488877e-01 2.325692267908e-01 2.565738360917e-01 2.815503097275e-01 3.072944530507e-01 3.335634847152e-01 3.600784343308e-01 3.865279893224e-01 4.125736983165e-01 4.378564766968e-01 4.620043917706e-01 4.846417037577e-01 5.053990733036e-01 5.239247208606e-01 5.398961074625e-01 5.530314186577e-01 5.630998474340e-01 5.699294660004e-01 5.734115260193e-01 5.735004456078e-01 5.702095819637e-01 5.636039693235e-01 5.537921711339e-01 5.409197922748e-01 5.251666236996e-01 5.067479345481e-01 4.859185053891e-01 4.629764599136e-01 4.382635201476e-01 4.121592695299e-01 3.850689950846e-01 3.574068098254e-01 3.295771692523e-01 3.019580984523e-01 2.748885336462e-01 2.486607312497e-01 2.235173355242e-01 1.996518808387e-01 1.772113294398e-01 1.562995279287e-01 1.369809293740e-01 1.192843343348e-01 1.032066595280e-01 8.871682238227e-02 7.575981988470e-02 6.426101529373e-02 5.413059153506e-02 4.526807690893e-02 3.756681002593e-02 3.091816861667e-02 2.521534736782e-02 2.035644920275e-02 1.624667124178e-02 1.279944418993e-02 9.936523516421e-03 7.587205356736e-03 5.687003647574e-03 4.176217589181e-03 2.998800804084e-03 2.101812243208e-03 1.435524342529e-03 9.540556100209e-04 6.162506103452e-04
2.092847784632e-05 3.523825688970e-05 5.806629352770e-05 9.356147187611e-05 1.473149497662e-04 2.265602461787e-04 3.402731088455e-04 4.991371178034e-04 7.153727922042e-04 1.002475039602e-03 1.374953304127e-03 1.848201481576e-03 2.438622014835e-03 3.164082893192e-03 4.044707249805e-03 5.103908758346e-03 6.369524871956e-03 7.874887190697e-03 9.659707423641e-03 1.177072819369e-02 1.426215691507e-02 1.719593309884e-02 2.064185829007e-02 2.467754719143e-02 2.938806864832e-02 3.486508366230e-02 4.120529521580e-02 4.850813310693e-02 5.687277836713e-02 6.639483211861e-02 7.716304892231e-02 8.925651215061e-02 1.027424122353e-01 1.176742705199e-01 1.340901801814e-01 1.520105380306e-01 1.714348954519e-01 1.923378932392e-01 2.146646256552e-01 2.383260548040e-01 2.631951603175e-01 2.891043794023e-01 3.158446666644e-01 3.431662557771e-01 3.707810620516e-01 3.983665931885e-01 4.255712649997e-01 4.520210638891e-01 4.773275398481e-01 5.010971263206e-01 5.229417244423e-01 5.424903647846e-01 5.594015403650e-01 5.733755007121e-01 5.841654490636e-01 5.915863265551e-01 5.955198413216e-01 5.959148028536e-01 5.927826911118e-01 5.861896328403e-01 5.762471305939e-01 5.631044553508e-01 5.469451349739e-01 5.279883474375e-01 5.064938286299e-01 4.827670067729e-01 4.571604288230e-01 4.300685439740e-01 4.019151394969e-01 3.731352396706e-01 3.441549701981e-01 3.153731811535e-01 2.871476019002e-01 2.597866225259e-01 2.335462285335e-01 2.086306796203e-01 1.851953444567e-01 1.633504389735e-01 1.431649634589e-01 1.246705965257e-01 1.078655803669e-01 9.271872078776e-02 7.917359417711e-02 6.715298546056e-02 5.656351554149e-02 4.730036415265e-02 3.925195612111e-02 3.230443343797e-02 2.634569128212e-02 2.126872291327e-02 1.697402600344e-02 1.337089540915e-02 1.037757218515e-02 7.920413162911e-03 5.932434364665e-03 4.351699198095e-03 3.120017146318e-03 2.182281592655e-03 1.486548692068e-03 9.847210551354e-04 6.335304887806e-04
1.836929426059e-05 3.133247471190e-05 5.227685353699e-05 8.523799621529e-05 1.357214661556e-04 2.109298104656e-04 3.198880416114e-04 4.734256242397e-04 6.840050045471e-04 9.654376121299e-04 1.332584776299e-03 1.801181741159e-03 2.387925743090e-03 3.110923004231e-03 3.990503220677e-03 5.050312307504e-03 6.318521984825e-03 7.828977064615e-03 9.622143265439e-03 1.174579913157e-02 1.425549616630e-02 1.721485290264e-02 2.069572779078e-02 2.477823760809e-02 2.955048197704e-02 3.510775414627e-02 4.155101567703e-02 4.898452016901e-02 5.751267875995e-02 6.723649288391e-02 7.825003182712e-02 9.063740724759e-02 1.044704559693e-01 1.198069821666e-01 1.366890733923e-01 1.551408818052e-01 1.751654112528e-01 1.967402364941e-01 2.198125246423e-01 2.442940435915e-01 2.700569274797e-01 2.969308171259e-01 3.247017314379e-01 3.531127528726e-01 3.818664353725e-01 4.106287885040e-01 4.390347072960e-01 4.666947926036e-01 4.932035537413e-01 5.181490047348e-01 5.411236177304e-01 5.617364852767e-01 5.796263133680e-01 5.944745458777e-01 6.060175307689e-01 6.140562954154e-01 6.184624084785e-01 6.191787468086e-01 6.162149105474e-01 6.096383997312e-01 5.995640868846e-01 5.861453151488e-01 5.695695599552e-01 5.500598557002e-01 5.278806363076e-01 5.033443517178e-01 4.768142869176e-01 4.487000231147e-01 4.194445100576e-01 3.895046544110e-01 3.593293665651e-01 3.293394088735e-01 2.999122438759e-01 2.713731416491e-01 2.439919930306e-01 2.179842085984e-01 1.935138927537e-01 1.706978946294e-01 1.496099737145e-01 1.302848479712e-01 1.127221961191e-01 9.689076989184e-02 8.273273038923e-02 7.016823964010e-02 5.910026398448e-02 4.941949755614e-02 4.100927236962e-02 3.375027994033e-02 2.752487542601e-02 2.222069197093e-02 1.773328747937e-02 1.396761061916e-02 1.083822277504e-02 8.268426160625e-03 6.188666204487e-03 4.534723268711e-03 3.246219649234e-03 2.265826439120e-03 1.539304271783e-03 1.016239960091e-03 6.511422508896e-04
1.607361637114e-05 2.778654897435e-05 4.696135580642e-05 7.751627942500e-05 1.248652223064e-04 1.961733413343e-04 3.005109548216e-04 4.488551694341e-04 6.539203887065e-04 9.298533984548e-04 1.291892806609e-03 1.756142487072e-03 2.339618114582e-03 3.060680039631e-03 3.939871970435e-03 5.001074168004e-03 6.272795251299e-03 7.789402494846e-03 9.592135518695e-03 1.172983960088e-02 1.425944915282e-02 1.724630411678e-02 2.076436342977e-02 2.489629275157e-02 2.973328090212e-02 3.537433715788e-02 4.192480372008e-02 4.949392616219e-02 5.819155419610e-02 6.812431784535e-02 7.939182234678e-02 9.208339367484e-02 1.062756558432e-01 1.220307976078e-01 1.393949905855e-01 1.583962446037e-01 1.790411477323e-01 2.013103674710e-01 2.251533059097e-01 2.504826713379e-01 2.771698280396e-01 3.050416175778e-01 3.338790331737e-01 3.634178279578e-01 3.933509366138e-01 4.233325356087e-01 4.529835950489e-01 4.818988590014e-01 5.096552577726e-01 5.358217759101e-01 5.599707736329e-01 5.816906415523e-01 6.005994562834e-01 6.163589581604e-01 6.286877303975e-01 6.373720536628e-01 6.422727053424e-01 6.433262707594e-01 6.405404576011e-01 6.339844463000e-01 6.237769749447e-01 6.100759385135e-01 5.930730291165e-01 5.729950976840e-01 5.501109883390e-01 5.247398275361e-01 4.972554879507e-01 4.680829159116e-01 4.376848980170e-01 4.065412445814e-01 3.751248351235e-01 3.438794985101e-01 3.132034221785e-01 2.834395326931e-01 2.548722066041e-01 2.277284379841e-01 2.021814013842e-01 1.783548481543e-01 1.563275149561e-01 1.361373278095e-01 1.177855177727e-01 1.012408438099e-01 8.644406014933e-02 7.331266237133e-02 6.174587117645e-02 5.162975749530e-02 4.284237993970e-02 3.525876044534e-02 2.875546600339e-02 2.321450844493e-02 1.852625213804e-02 1.459107562644e-02 1.131968416501e-02 8.632203169334e-03 6.456433055297e-03 4.725826209714e-03 3.377778748120e-03 2.352685851228e-03 1.593933549334e-03 1.048689654674e-03 6.691235175936e-04
1.402064989955e-05 2.457568115755e-05 4.209137730477e-05 7.036480591260e-05 1.147120033897e-04 1.822538393866e-04 2.821012715553e-04 4.253801875208e-04 6.250668547653e-04 8.956629667941e-04 1.252811440403e-03 1.713014260750e-03 2.293631346629e-03 3.013294575641e-03 3.892769583816e-03 4.956172740713e-03 6.232351678511e-03 7.756205569873e-03 9.569769284225e-03 1.172298854746e-02 1.427422348751e-02 1.729058216058e-02 2.084817099462e-02 2.503225344691e-02 2.993716668068e-02 3.566571993426e-02 4.232776055588e-02 5.003770053431e-02 5.891104741581e-02 6.906030402998e-02 8.059084721625e-02 9.359741569004e-02 1.081615657388e-01 1.243499725900e-01 1.422129752558e-01 1.617825399210e-01 1.830689716862e-01 2.060561948683e-01 2.306960170516e-01 2.569022286680e-01 2.845455044452e-01 3.134498827247e-01 3.433912339368e-01 3.740977925971e-01 4.052526010703e-01 4.364976525126e-01 4.674395698483e-01 4.976567502428e-01 5.267079868865e-01 5.541426092454e-01 5.795121645563e-01 6.023835587452e-01 6.223533748519e-01 6.390627169026e-01 6.522114514442e-01 6.615702215486e-01 6.669883035538e-01 6.683955818536e-01 6.657978450403e-01 6.592662892505e-01 6.489240781217e-01 6.349342210450e-01 6.174929644813e-01 5.968309593601e-01 5.732211369085e-01 5.469888882343e-01 5.185184487243e-01 4.882503270682e-01 4.566678307886e-01 4.242747507150e-01 3.915691968619e-01 3.590192963657e-01 3.270450097692e-01 2.960077333400e-01 2.662069267802e-01 2.378816084021e-01 2.112143637140e-01 1.863361224542e-01 1.633308243529e-01 1.422397795594e-01 1.230658936814e-01 1.057779993222e-01 9.031545408444e-02 7.659304604795e-02 6.450615922888e-02 5.393610391730e-02 4.475548296157e-02 3.683342520695e-02 3.004045370058e-02 2.425268568462e-02 1.935502361934e-02 1.524303666462e-02 1.182338422911e-02 9.012884342976e-03 6.736615415181e-03 4.925659223611e-03 3.515151315654e-03 2.443161186994e-03 1.650621876104e-03 1.082175681234e-03 6.875297300716e-04
1.219042120519e-05 2.167575335893e-05 3.763895357470e-05 6.375223127446e-05 1.052274258204e-04 1.691337231125e-04 2.646172914857e-04 4.029532241582e-04 5.973893573346e-04 8.628025729900e-04 1.215268856948e-03 1.671720234424e-03 2.249889087552e-03 2.968697897386e-03 3.849142678601e-03 4.915577281212e-03 6.197189770621e-03 7.729420651368e-03 9.555122781426e-03 1.172537918478e-02 1.430002286046e-02 1.734798151692e-02 2.094756019056e-02 2.518667157568e-02 3.016286125241e-02 3.598282281740e-02 4.276103554189e-02 5.061725878032e-02 5.967288981923e-02 7.004656495817e-02 8.184968653840e-02 9.518261786625e-02 1.101319998751e-01 1.267690938998e-01 1.451484854232e-01 1.653061914988e-01 1.872563676741e-01 2.109863657506e-01 2.364505795497e-01 2.635640323843e-01 2.921967952158e-01 3.221700966125e-01 3.532545799437e-01 3.851707609658e-01 4.175915003536e-01 4.501462387287e-01 4.824268091669e-01 5.139947502034e-01 5.443901388712e-01 5.731420021710e-01 5.997803525396e-01 6.238498079581e-01 6.449245675773e-01 6.626241325164e-01 6.766286524568e-01 6.866921799267e-01 6.926517135738e-01 6.944299718090e-01 6.920307711226e-01 6.855276808858e-01 6.750489227661e-01 6.607632772109e-01 6.428719604621e-01 6.216094380330e-01 5.972523756933e-01 5.701319372436e-01 5.406424180550e-01 5.092400359056e-01 4.764293153919e-01 4.427391651027e-01 4.086942764964e-01 3.747883919327e-01 3.414643596822e-01 3.091028981977e-01 2.780191684424e-01 2.484646647145e-01 2.206317314661e-01 1.946587619786e-01 1.706351345728e-01 1.486057288207e-01 1.285752544732e-01 1.105126891566e-01 9.435600791108e-02 8.001725086729e-02 6.738787552456e-02 5.634429363320e-02 4.675346800913e-02 3.847840661569e-02 3.138332412668e-02 2.533815749465e-02 2.022206251670e-02 1.592554217067e-02 1.235100489503e-02 9.411820383798e-03 7.030264266433e-03 5.135007221342e-03 3.658895066430e-03 2.537626538070e-03 1.709604615507e-03 1.116836389435e-03 7.064369105441e-04
1.056385929664e-05 1.906345816421e-05 3.357676433649e-05 5.764763839834e-05 9.637728062152e-05 1.567752888128e-04 2.480167900353e-04 3.815257054273e-04 5.708308671834e-04 8.312053418195e-04 1.179188824818e-03 1.632177987314e-03 2.208308638511e-03 2.926814870833e-03 3.808932162604e-03 4.879252694631e-03 6.167305569239e-03 7.709081901040e-03 9.548276684430e-03 1.173715035333e-02 1.433706080371e-02 1.741881231512e-02 2.106296450574e-02 2.536013381779e-02 3.041113575391e-02 3.632663329161e-02 4.322586682029e-02 5.123413078441e-02 6.047895798220e-02 7.108539768297e-02 8.317115218473e-02 9.684243784192e-02 1.121911401553e-01 1.292932063301e-01 1.482075420745e-01 1.689743047986e-01 1.916116357533e-01 2.161104921740e-01 2.424280465843e-01 2.704807175642e-01 3.001380616223e-01 3.312184925276e-01 3.634873137434e-01 3.966571081244e-01 4.303902469284e-01 4.643032294778e-01 4.979726325590e-01 5.309425989200e-01 5.627338854044e-01 5.928545424106e-01 6.208123018894e-01 6.461286658835e-01 6.683545306193e-01 6.870867920316e-01 7.019848292748e-01 7.127850872413e-01 7.193114303945e-01 7.214788810002e-01 7.192891961235e-01 7.128186951551e-01 7.022013624969e-01 6.876125112537e-01 6.692588371090e-01 6.473786768370e-01 6.222520478320e-01 5.942153110377e-01 5.636724233617e-01 5.310954061410e-01 4.970107032560e-01 4.619735485786e-01 4.265366652618e-01 3.912208258197e-01 3.564929568608e-01 3.227539961364e-01 2.903354486918e-01 2.595017484771e-01 2.304553576502e-01 2.033424282961e-01 1.782580247916e-01 1.552507923011e-01 1.343273837733e-01 1.154569987609e-01 9.857624665695e-02 8.359438134087e-02 7.039884367956e-02 5.886100855281e-02 4.884201246794e-02 4.019850976711e-02 3.278813376388e-02 2.647434143938e-02 2.113023925204e-02 1.664098719318e-02 1.290451937885e-02 9.830603495323e-03 7.338626409955e-03 5.354808969297e-03 3.809683890363e-03 2.636539797118e-03 1.771174683966e-03 1.152847705770e-03 7.259444620526e-04
9.122862505373e-06 1.671641157241e-05 2.987830446502e-05 5.202077935634e-05 8.812787143901e-05 1.451411762833e-04 2.322576563543e-04 3.610487863063e-04 5.453334653126e-04 8.008026568759e-04 1.144492446584e-03 1.594301733182e-03 2.168803834148e-03 2.887567668241e-03 3.772078059467e-03 4.847165814013e-03 6.142700674186e-03 7.695233332816e-03 9.549326476314e-03 1.175846163433e-02 1.438557894137e-02 1.750342231456e-02 2.119486761139e-02 2.555329360296e-02 3.068284906392e-02 3.669825219261e-02 4.372363614055e-02 5.189002619837e-02 6.133135070492e-02 7.217937327367e-02 8.455839406349e-02 9.858073034240e-02 1.143436825701e-01 1.319279838539e-01 1.513969271770e-01 1.727948963310e-01 1.961441540951e-01 2.214394511368e-01 2.486409441111e-01 2.776666210966e-01 3.083856221813e-01 3.406135379363e-01 3.741102119924e-01 4.085800640263e-01 4.436746496160e-01 4.789971116426e-01 5.141082795509e-01 5.485343341681e-01 5.817760743950e-01 6.133198719812e-01 6.426504021516e-01 6.692651936893e-01 6.926908893784e-01 7.125007354485e-01 7.283322337264e-01 7.399031293045e-01 7.470232149272e-01 7.495992032634e-01 7.476306616478e-01 7.411970471130e-01 7.304388881154e-01 7.155389088424e-01 6.967099071717e-01 6.741942006055e-01 6.482747476895e-01 6.192924406668e-01 5.876603926965e-01 5.538664557638e-01 5.184597055879e-01 4.820229833085e-01 4.451386074710e-01 4.083559101676e-01 3.721671702608e-01 3.369944973922e-01 3.031864097988e-01 2.710207603672e-01 2.407104993804e-01 2.124098474232e-01 1.862198162988e-01 1.621930264102e-01 1.403382222882e-01 1.206249094239e-01 1.029883522547e-01 8.733498069815e-02 7.354812914813e-02 6.149399582339e-02 5.102770212624e-02 4.199931101708e-02 3.425959176666e-02 2.766520690436e-02 2.208289064937e-02 1.739216053039e-02 1.348623161382e-02 1.027110022419e-02 7.663171354402e-03 5.586178453878e-03 3.968324141134e-03 2.740454405416e-03 1.835690454513e-03 1.190428089800e-03 7.461780174809e-04
7.850348591538e-06 1.461324665645e-05 2.651803106729e-05 4.684229375296e-05 8.044633144874e-05 1.341948222470e-04 2.172985317396e-04 3.414742361141e-04 5.208395287595e-04 7.715257279334e-04 1.111100177149e-03 1.558004947376e-03 2.131288451394e-03 2.850880295872e-03 3.738525446507e-03 4.819293100814e-03 6.123392069436e-03 7.687941185876e-03 9.558397889537e-03 1.178951230762e-02 1.444587008772e-02 1.760222494991e-02 2.134383734256e-02 2.576691197341e-02 3.097899681444e-02 3.709895267191e-02 4.425593989246e-02 5.258691837039e-02 6.223248870649e-02 7.333145424529e-02 8.601503843142e-02 1.004019300859e-01 1.165950277335e-01 1.346799509375e-01 1.547244424057e-01 1.767771915629e-01 2.008647209781e-01 2.269857732625e-01 2.551037102502e-01 2.851382784183e-01 3.169583062442e-01 3.503765536333e-01 3.851472726347e-01 4.209664724675e-01 4.574745434598e-01 4.942608315681e-01 5.308698946278e-01 5.668093507186e-01 6.015593682739e-01 6.345838992429e-01 6.653437505168e-01 6.933115847357e-01 7.179888034658e-01 7.389239148430e-01 7.557313778762e-01 7.681090660602e-01 7.758516670202e-01 7.788568813923e-01 7.771218940808e-01 7.707296958160e-01 7.598282162888e-01 7.446086015494e-01 7.252905033493e-01 7.021204008922e-01 6.753837620228e-01 6.454252432373e-01 6.126664888982e-01 5.776111304237e-01 5.408315931229e-01 5.029396944468e-01 4.645490429837e-01 4.262391863733e-01 3.885291315280e-01 3.518631714335e-01 3.166075399087e-01 2.830540066849e-01 2.514263963654e-01 2.218873231527e-01 1.945440247137e-01 1.694533217241e-01 1.466262111950e-01 1.260325956398e-01 1.076064185075e-01 9.125124901007e-02 7.684622401272e-02 6.425222348934e-02 5.331816159586e-02 4.388726618863e-02 3.580314946563e-02 2.891534876998e-02 2.308388087103e-02 1.818229535396e-02 1.409881843495e-02 1.073548658648e-02 8.005620157459e-03 5.830427877222e-03 4.135772131697e-03 2.850031934381e-03 1.903584217608e-03 1.229843749257e-03 7.672923628998e-04
6.730287350698e-06 1.273368501365e-05 2.347148502767e-05 4.208389659706e-05 7.330090330717e-05 1.239008804200e-04 2.030994303710e-04 3.227553255707e-04 4.972929690094e-04 7.433072464669e-04 1.078934045580e-03 1.523203299463e-03 2.095680164163e-03 2.816683827441e-03 3.708231442214e-03 4.795629783590e-03 6.109423905965e-03 7.687308868182e-03 9.575665455639e-03 1.183056417903e-02 1.451830626676e-02 1.771573347221e-02 2.151056718746e-02 2.600190781320e-02 3.130077236413e-02 3.753025365646e-02 4.482467698695e-02 5.332714954776e-02 6.318523915996e-02 7.454514190371e-02 8.754536108379e-02 1.023112551286e-01 1.189515191388e-01 1.375567623597e-01 1.581992323572e-01 1.809319978456e-01 2.057859821803e-01 2.327641297098e-01 2.618332477581e-01 2.929150452364e-01 3.258781537900e-01 3.605324913132e-01 3.966265762312e-01 4.338477408629e-01 4.718248322347e-01 5.101329273248e-01 5.482997526216e-01 5.858137214522e-01 6.221336552497e-01 6.567002988018e-01 6.889497358001e-01 7.183288279734e-01 7.443127026869e-01 7.664239931807e-01 7.842528839836e-01 7.974761226767e-01 8.058721524251e-01 8.093288530814e-01 8.078407630889e-01 8.014947950719e-01 7.904472202164e-01 7.748987606552e-01 7.550768264646e-01 7.312323301583e-01 7.036528026121e-01 6.726857910332e-01 6.387607051518e-01 6.023968172311e-01 5.641906234262e-01 5.247843833040e-01 4.848248376183e-01 4.449235577136e-01 4.056277667641e-01 3.674050238050e-01 3.306400185450e-01 2.956389576434e-01 2.626369442820e-01 2.318053316409e-01 2.032578823007e-01 1.770558598699e-01 1.532126880506e-01 1.316987656909e-01 1.124467428006e-01 9.535729107708e-02 8.030525668747e-02 6.714605647007e-02 5.572220070385e-02 4.586983156121e-02 3.742509993988e-02 3.023006911507e-02 2.413766847206e-02 1.901512461977e-02 1.474537562776e-02 1.122628623990e-02 8.367976694395e-03 6.089092600064e-03 4.313153225181e-03 2.966055811359e-03 1.975371331523e-03 1.271414255028e-03 7.894745333683e-04
5.747715804712e-06 1.105858491361e-05 2.071538141806e-05 3.771852623766e-05 6.666117601804e-05 1.142255898194e-04 1.896223034985e-04 3.048476697592e-04 4.746404413446e-04 7.160830820635e-04 1.047919975581e-03 1.489817822241e-03 2.061904838419e-03 2.784922298659e-03 3.681173111248e-03 4.776200345515e-03 6.100881096403e-03 7.693494205275e-03 9.601374221411e-03 1.188196864730e-02 1.460337190762e-02 1.784460148431e-02 2.169592548586e-02 2.625941784205e-02 3.164963953674e-02 3.799400774367e-02 4.543215464695e-02 5.411355748963e-02 6.419306678206e-02 7.582465508611e-02 8.915449891293e-02 1.043149562267e-01 1.214207362756e-01 1.405675444822e-01 1.618321820419e-01 1.852721641921e-01 2.109229575811e-01 2.387919331679e-01 2.688496034040e-01 3.010198634205e-01 3.351712706134e-01 3.711108891004e-01 4.085813464607e-01 4.472610069702e-01 4.867667659103e-01 5.266589219289e-01 5.664477673841e-01 6.056018198455e-01 6.435577830650e-01 6.797323535724e-01 7.135359837522e-01 7.443887455663e-01 7.717384099805e-01 7.950805388383e-01 8.139797440178e-01 8.280902987230e-01 8.371731481719e-01 8.411054209752e-01 8.398786559383e-01 8.335840599988e-01 8.223872667830e-01 8.064998888367e-01 7.861581779501e-01 7.616178672986e-01 7.331680983800e-01 7.011583188863e-01 6.660247861178e-01 6.283021667794e-01 5.886117515914e-01 5.476278192961e-01 5.060322564201e-01 4.644706385195e-01 4.235200258097e-01 3.836724082758e-01 3.453317166095e-01 3.088191403272e-01 2.743814890023e-01 2.421992231748e-01 2.123929529209e-01 1.850286484303e-01 1.601223492297e-01 1.376450593122e-01 1.175281655481e-01 9.966940430832e-02 8.393923435559e-02 7.018745933016e-02 5.824998315453e-02 4.795560317333e-02 3.913269190429e-02 3.161547013645e-02 2.524938225955e-02 1.989494321211e-02 1.542946923157e-02 1.174641302874e-02 8.752562638988e-03 6.363959094379e-03 4.501783177598e-03 3.089446697553e-03 2.051660494121e-03 1.315518784451e-03 8.129472158255e-04
4.888736847137e-06 9.569966574071e-06 1.822766889547e-05 3.372045088563e-05 6.049826129225e-05 1.051370696863e-04 1.768315240995e-04 2.877099905024e-04 4.528324904048e-04 6.897939367906e-04 1.017990113166e-03 1.457778189706e-03 2.029901126420e-03 2.755559064355e-03 3.657356173140e-03 4.761070152426e-03 6.097904556921e-03 7.706729055675e-03 9.635864449871e-03 1.194419735040e-02 1.470170179200e-02 1.798966962215e-02 2.190101283942e-02 2.654086643074e-02 3.202741740185e-02 3.849250428597e-02 4.608121321002e-02 5.494962541953e-02 6.526021235463e-02 7.717514259866e-02 9.084870100822e-02 1.064206131783e-01 1.240118432246e-01 1.437233048816e-01 1.656363939891e-01 1.898131320238e-01 2.162936740257e-01 2.450900586821e-01 2.761767869633e-01 3.094801839544e-01 3.448688661545e-01 3.821470270621e-01 4.210512301830e-01 4.612505520559e-01 5.023494901213e-01 5.438930094816e-01 5.853733152184e-01 6.262382815208e-01 6.659016583037e-01 7.037551857414e-01 7.391827097350e-01 7.715764629787e-01 8.003557121105e-01 8.249876881672e-01 8.450100539556e-01 8.600531619462e-01 8.698590788811e-01 8.742931159256e-01 8.733433506546e-01 8.671056280375e-01 8.557560436109e-01 8.395185937288e-01 8.186396618686e-01 7.933803330532e-01 7.640309173781e-01 7.309416500284e-01 6.945545416391e-01 6.554192841195e-01 6.141826889243e-01 5.715527555673e-01 5.282487301493e-01 4.849523719998e-01 4.422723552317e-01 4.007263601882e-01 3.607383950410e-01 3.226452105092e-01 2.867057768932e-01 2.531100593493e-01 2.219858648716e-01 1.934041578012e-01 1.673838005960e-01 1.438965200198e-01 1.228724730261e-01 1.042064201698e-01 8.776433020031e-02 7.339023651857e-02 6.091322530001e-02 5.015448017143e-02 4.093426330999e-02 3.307856269952e-02 2.642490941122e-02 2.082667993052e-02 1.615519476317e-02 1.229921985919e-02 9.162057447748e-03 6.657096987179e-03 4.703192743157e-03 3.221280241085e-03 2.133165616118e-03 1.362603371678e-03 8.379726988644e-04
4.140502856706e-06 8.251015422079e-06 1.598755718242e-05 3.006532892042e-05 5.478490948193e-05 9.660553164045e-05 1.646942623636e-04 2.713047465418e-04 4.318245486566e-04 6.643868536613e-04 9.890850541987e-04 1.427025930128e-03 1.999625104446e-03 2.728583410459e-03 3.636824224944e-03 4.750358018517e-03 6.100707828601e-03 7.727340796289e-03 9.679598940787e-03 1.201787653013e-02 1.481412381879e-02 1.815201830229e-02 2.212722670811e-02 2.684804499408e-02 3.243637754675e-02 3.902858774848e-02 4.677536923256e-02 5.583965441668e-02 6.639189971611e-02 7.860292985014e-02 9.263562198777e-02 1.086374822327e-01 1.267359988519e-01 1.470374128901e-01 1.696277489221e-01 1.945735850914e-01 2.219199133874e-01 2.516836987477e-01 2.838437415721e-01 3.183290637775e-01 3.550084842245e-01 3.936833035784e-01 4.340838266320e-01 4.758694870780e-01 5.186318941792e-01 5.619000710140e-01 6.051474220014e-01 6.478003584209e-01 6.892487631311e-01 7.288584308521e-01 7.659855460146e-01 7.999933730085e-01 8.302714513145e-01 8.562573445561e-01 8.774603052363e-01 8.934852114119e-01 9.040537342589e-01 9.090181456665e-01 9.083624741111e-01 9.021875009703e-01 8.906809616190e-01 8.740809232534e-01 8.526454359180e-01 8.266416439676e-01 7.963606102796e-01 7.621521173890e-01 7.244626356644e-01 6.838563733088e-01 6.410063847954e-01 5.966562394787e-01 5.515649865249e-01 5.064529843392e-01 4.619624755474e-01 4.186382031861e-01 3.769251492836e-01 3.371762425085e-01 2.996631003087e-01 2.645856223619e-01 2.320791947264e-01 2.022200906603e-01 1.750302215656e-01 1.504821650234e-01 1.285048829985e-01 1.089901150784e-01 9.179922920861e-02 7.677032081151e-02 6.372543573770e-02 5.247786162238e-02 4.283940171015e-02 3.462739647877e-02 2.767100094967e-02 2.181598318239e-02 1.692724732238e-02 1.288855638562e-02 9.599545684692e-03 6.970896950938e-03 4.919156826440e-03 3.362808242439e-03 2.220720059320e-03 1.413189633428e-03 8.648576562124e-04
3.491186230590e-06 7.086065800778e-06 1.397551526866e-05 2.673022494218e-05 4.949555685608e-05 8.860339372629e-05 1.531807279925e-04 2.555985986481e-04 4.115777381072e-04 6.398165065381e-04 9.611558285948e-04 1.397517456008e-03 1.971054805885e-03 2.704017238957e-03 3.619668344002e-03 4.744249516086e-03 6.109594936524e-03 7.755775624941e-03 9.733192908044e-03 1.210382473219e-02 1.494170595121e-02 1.833302613479e-02 2.237633373313e-02 2.718320085223e-02 3.287935285364e-02 3.960579046570e-02 4.751897733082e-02 5.678895932640e-02 6.759457128691e-02 8.011580028561e-02 9.452465726930e-02 1.109768942399e-01 1.296068278118e-01 1.505261550241e-01 1.738255554699e-01 1.995762044445e-01 2.278280816294e-01 2.586033588363e-01 2.918854768238e-01 3.276064479823e-01 3.656354459132e-01 4.057708480966e-01 4.477364800078e-01 4.911817366899e-01 5.356847914145e-01 5.807580540107e-01 6.258553407651e-01 6.703806986412e-01 7.136991358958e-01 7.551494110693e-01 7.940588945033e-01 8.297606592074e-01 8.616132013865e-01 8.890229876108e-01 9.114693050225e-01 9.285298873838e-01 9.399043432681e-01 9.454305119396e-01 9.450876348961e-01 9.389816647776e-01 9.273132315793e-01 9.103363723307e-01 8.883226168812e-01 8.615460989973e-01 8.302982691152e-01 7.949270800607e-01 7.558819475016e-01 7.137409203918e-01 6.692040192589e-01 6.230523984302e-01 5.760876235482e-01 5.290713412156e-01 4.826815292118e-01 4.374914937149e-01 3.939681595255e-01 3.524812935176e-01 3.133156864473e-01 2.766816409847e-01 2.427225414941e-01 2.115203158551e-01 1.831001725557e-01 1.574356783945e-01 1.344546359091e-01 1.140457116117e-01 9.606554990795e-02 8.034612591426e-02 6.670220740240e-02 5.493888716323e-02 4.485914087005e-02 3.627121920371e-02 2.899540043684e-02 2.286932533114e-02 1.775100679820e-02 1.351883894444e-02 1.006857416063e-02 7.308116621132e-03 5.151729956210e-03 3.515484521541e-03 2.315294148194e-03 1.467885609872e-03 8.939591890178e-04
2.929939445097e-06 6.060567657809e-06 1.217324264562e-05 2.369358307187e-05 4.460630649631e-05 8.110529379226e-05 1.422642710686e-04 2.405626741583e-04 3.920594172946e-04 6.160461761059e-04 9.341655419203e-04 1.369226728358e-03 1.944194486065e-03 2.681921630092e-03 3.606036761050e-03 4.743010681452e-03 6.124979093748e-03 7.792623324779e-03 9.797445916342e-03 1.220309337939e-02 1.508580745844e-02 1.853443374662e-02 2.265054890370e-02 2.754913498280e-02 3.335985800481e-02 4.022848073904e-02 4.831741084311e-02 5.780408787152e-02 6.887615213822e-02 8.172331282377e-02 9.652732228631e-02 1.134527068679e-01 1.326409568724e-01 1.542093684305e-01 1.782532934936e-01 2.048485335181e-01 2.340502094120e-01 2.658860045815e-01 3.003443774890e-01 3.373606526704e-01 3.768045217274e-01 4.184713963105e-01 4.620783695218e-01 5.072643506087e-01 5.535934631747e-01 6.005607539550e-01 6.475995769072e-01 6.940906132374e-01 7.393728721187e-01 7.827568653917e-01 8.235398782933e-01 8.610234521745e-01 8.945336093289e-01 9.234441801817e-01 9.472028218616e-01 9.653583295314e-01 9.775864164706e-01 9.837089047515e-01 9.836993385139e-01 9.776689957329e-01 9.658327209650e-01 9.484626540208e-01 9.258459433945e-01 8.982649102340e-01 8.660111068395e-01 8.294291384446e-01 7.889696016059e-01 7.452235226877e-01 6.989186031542e-01 6.508757965384e-01 6.019422119868e-01 5.529237970894e-01 5.045366777856e-01 4.573843759123e-01 4.119568111989e-01 3.686413021708e-01 3.277363853381e-01 2.894632809045e-01 2.539738337337e-01 2.213560080969e-01 1.916385812632e-01 1.647962592362e-01 1.407557191469e-01 1.194024927745e-01 1.005883619306e-01 8.413897994747e-02 6.986157777971e-02 5.755273364025e-02 4.700620298973e-02 3.802067353673e-02 3.040700321498e-02 2.399413158142e-02 1.863264277031e-02 1.419513645793e-02 1.057322223684e-02 7.671937056865e-03 5.403290084019e-03 3.680997067044e-03 2.418017131883e-03 1.527399523261e-03 9.256925938301e-04
2.446847149335e-06 5.161040294873e-06 1.056361907112e-05 2.093516396892e-05 4.009484830460e-05 7.408800415264e-05 1.319213287697e-04 2.261726220012e-04 3.732434375598e-04 5.930483633570e-04 9.080905915962e-04 1.342147463868e-03 1.919078395120e-03 2.662403035680e-03 3.596144465178e-03 4.747002025780e-03 6.147402162831e-03 7.838643317448e-03 9.873375846463e-03 1.231701032347e-02 1.524813386119e-02 1.875841282917e-02 2.295262158839e-02 2.794930904718e-02 3.388222164568e-02 4.090202547964e-02 4.917726110974e-02 5.889306335168e-02 7.024634382562e-02 8.343715543592e-02 9.865767667268e-02 1.160818110976e-01 1.358586192901e-01 1.581111561509e-01 1.829394561698e-01 2.104239609929e-01 2.406250904964e-01 2.735763716934e-01 3.092716995032e-01 3.476500659263e-01 3.885818524063e-01 4.318594459406e-01 4.771929155084e-01 5.242101754379e-01 5.724606036351e-01 6.214210390856e-01 6.705033968023e-01 7.190638683228e-01 7.664142016892e-01 8.118353045342e-01 8.545929583795e-01 8.939556935738e-01 9.292154864799e-01 9.597118589388e-01 9.848590470448e-01 1.004174973209e+00 1.017309448295e+00 1.024066477764e+00 1.024412798756e+00 1.018465062040e+00 1.006453710126e+00 9.886713703416e-01 9.654233189121e-01 9.370015927376e-01 9.036976760551e-01 8.658511652137e-01 8.239117892153e-01 7.784824681497e-01 7.303192960448e-01 6.802854642667e-01 6.292770264486e-01 5.781476221094e-01 5.276542311022e-01 4.784324219323e-01 4.309962578997e-01 3.857513861592e-01 3.430107166379e-01 3.030069564279e-01 2.659009222163e-01 2.317870372334e-01 2.006979471306e-01 1.726096582825e-01 1.474477543260e-01 1.250945560072e-01 1.053968226729e-01 8.817365877409e-02 7.322447309993e-02 6.033698205574e-02 4.929529961580e-02 3.988804157785e-02 3.191605430799e-02 2.519894011694e-02 1.957924477148e-02 1.492327700256e-02 1.111818889103e-02 8.066032913499e-03 5.676593212825e-03 3.861308409459e-03 2.530205003479e-03 1.592557378830e-03 9.605414750339e-04
2.032873030369e-06 4.375016819335e-06 9.130638219290e-06 1.843595267095e-05 3.594032577924e-05 6.753025533267e-05 1.221312277067e-04 2.124084422815e-04 3.551100918472e-04 5.708049952926e-04 8.829213525853e-04 1.316294742578e-03 1.895774016857e-03 2.645619044146e-03 3.590282566422e-03 4.756692681411e-03 6.177554758704e-03 7.894791913882e-03 9.962254831940e-03 1.244722612770e-02 1.543079596435e-02 1.900764056298e-02 2.328592894823e-02 2.838796163677e-02 3.445173080979e-02 4.163296860527e-02 5.010655668191e-02 6.006565260632e-02 7.171694986668e-02 8.527153745306e-02 1.009327963095e-01 1.188846981269e-01 1.392843311319e-01 1.622606920707e-01 1.879184989565e-01 2.163428326715e-01 2.475995715081e-01 2.817284516219e-01 3.187292724073e-01 3.585450855384e-01 4.010471431636e-01 4.460247261814e-01 4.931805407790e-01 5.421309222529e-01 5.924097077145e-01 6.434745694890e-01 6.947148811642e-01 7.454610783141e-01 7.949962172860e-01 8.425700619901e-01 8.874153009783e-01 9.287657999569e-01 9.658777459049e-01 9.980545147030e-01 1.024674982919e+00 1.045224114168e+00 1.059323613051e+00 1.066757633922e+00 1.067484769545e+00 1.061626960467e+00 1.049431680413e+00 1.031214700797e+00 1.007302362751e+00 9.779983472645e-01 9.435940595554e-01 9.044222810947e-01 8.609295019002e-01 8.137291969606e-01 7.636065553608e-01 7.114697150370e-01 6.582675099905e-01 6.049051128062e-01 5.521834077569e-01 5.007720502905e-01 4.512105106201e-01 4.039236160181e-01 3.592393442161e-01 3.174025222689e-01 2.785835086367e-01 2.428836551736e-01 2.103398062255e-01 1.809294425990e-01 1.545770801771e-01 1.311617350785e-01 1.105249571478e-01 9.247904183176e-02 7.681525502690e-02 6.331207029425e-02 5.174350324594e-02 4.188754782759e-02 3.353439408464e-02 2.649360122972e-02 2.059898412316e-02 1.570998009906e-02 1.170890091176e-02 8.494659749536e-03 5.974841728384e-03 4.058706407584e-03 2.653395773675e-03 1.664325543430e-03 9.990708840599e-04
1.679804037150e-06 3.690983336427e-06 7.859331219043e-06 1.617804620317e-05 3.212316351421e-05 6.141248475142e-05 1.128758576286e-04 1.992541166611e-04 3.376457629659e-04 5.493072052774e-04 8.586623454176e-04 1.291706015075e-03 1.874384658835e-03 2.631783633312e-03 3.588827475754e-03 4.772674765057e-03 6.216297087464e-03 7.962251051198e-03 1.006564737082e-02 1.259576363317e-02 1.563637326214e-02 1.928538006753e-02 2.365457725749e-02 2.887023511666e-02 3.507478872940e-02 4.242922659534e-02 5.111500465732e-02 6.133366165982e-02 7.330223483893e-02 8.724362530884e-02 1.033732984890e-01 1.218860900843e-01 1.429476477676e-01 1.666931219059e-01 1.932319067322e-01 2.226537033694e-01 2.550300100574e-01 2.904071757354e-01 3.287914303084e-01 3.701303221456e-01 4.142961608536e-01 4.610750129459e-01 5.101618243523e-01 5.611606793298e-01 6.135889576605e-01 6.668840673523e-01 7.204115884156e-01 7.734747644037e-01 8.253263264913e-01 8.751831376000e-01 9.222429904357e-01 9.657032285032e-01 1.004782295616e+00 1.038745380608e+00 1.066933885402e+00 1.088797558890e+00 1.103927584602e+00 1.112085963232e+00 1.113221547840e+00 1.107461328627e+00 1.095071281958e+00 1.076393269986e+00 1.051778125379e+00 1.021543582313e+00 9.859811759757e-01 9.454149170695e-01 9.002853189774e-01 8.512147739279e-01 7.990182577604e-01 7.446518763936e-01 6.891215943824e-01 6.333884945256e-01 5.783008248860e-01 5.245646147188e-01 4.727461382375e-01 4.232903427820e-01 3.765410494618e-01 3.327559145880e-01 2.921154751734e-01 2.547285354066e-01 2.206365057279e-01 1.898185278384e-01 1.621980689279e-01 1.376507232231e-01 1.160126093284e-01 9.708891241254e-02 8.066239041360e-02 6.650184871718e-02 5.437070482733e-02 4.403573305789e-02 3.527576200909e-02 2.788952345618e-02 2.170131416243e-02 1.656302038280e-02 1.235164686471e-02 8.962762487425e-03 6.301769623005e-03 4.275868066250e-03 2.789394181377e-03 1.743839631489e-03 1.041944336318e-03
1.380194112809e-06 3.098316674073e-06 6.735686761945e-06 1.414453190231e-05 2.862486972642e-05 5.571653192828e-05 1.041392404014e-04 1.866970564736e-04 3.208422933604e-04 5.285547239181e-04 8.353318756652e-04 1.268441476990e-03 1.855051413805e-03 2.621171922474e-03 3.592249857315e-03 4.795678064006e-03 6.264680822618e-03 8.042458805709e-03 1.018545126095e-02 1.276507141949e-02 1.586798267545e-02 1.959556796074e-02 2.406351243583e-02 2.940231454770e-02 3.575908841089e-02 4.330030426211e-02 5.221425731017e-02 6.271126273154e-02 7.501932398336e-02 8.937402606939e-02 1.060039265757e-01 1.251156457440e-01 1.468840118101e-01 1.714505765990e-01 1.989293964204e-01 2.294147507991e-01 2.629839222356e-01 2.996903208450e-01 3.395472031135e-01 3.825071022306e-01 4.284435792864e-01 4.771393393443e-01 5.282811051438e-01 5.814599305243e-01 6.361756754022e-01 6.918442168170e-01 7.478059141997e-01 8.033351786806e-01 8.576525388352e-01 9.099399358306e-01 9.593582093401e-01 1.005066077725e+00 1.046242027835e+00 1.082110770837e+00 1.111973909492e+00 1.135243529762e+00 1.151477643225e+00 1.160413496787e+00 1.161988317036e+00 1.156333713131e+00 1.143735658887e+00 1.124565361183e+00 1.099202131532e+00 1.067980746777e+00 1.031193369453e+00 9.891531323125e-01 9.422914152547e-01 8.912375373566e-01 8.368369363160e-01 7.800970740303e-01 7.220860094576e-01 6.638257440631e-01 6.062158377545e-01 5.500012727561e-01 4.957766806106e-01 4.440081737608e-01 3.950562891819e-01 3.491923126180e-01 3.066076755593e-01 2.674192221991e-01 2.316733379291e-01 1.993510266913e-01 1.703747152274e-01 1.446164296188e-01 1.219065940876e-01 1.020429298356e-01 8.479926513689e-02 6.993425718493e-02 5.720017258114e-02 4.635191193808e-02 3.715616905005e-02 2.939997606208e-02 2.289721631677e-02 1.749142891851e-02 1.305374211579e-02 9.476109395397e-03 6.661748382444e-03 4.515939351631e-03 2.940328060218e-03 1.832441252311e-03 1.089945681677e-03
1.127309364036e-06 2.587223899548e-06 5.746573232543e-06 1.231936569914e-05 2.542783039568e-05 5.042530239259e-05 9.590702752834e-05 1.747274179885e-04 3.046961254277e-04 5.085549216772e-04 8.129612013753e-04 1.246583883298e-03 1.837954575436e-03 2.614124575428e-03 3.601123698402e-03 4.826585428424e-03 6.323972395398e-03 8.137142323399e-03 1.032394205455e-02 1.295808218952e-02 1.612935402119e-02 1.994291069268e-02 2.451864236450e-02 2.999158172262e-02 3.651380534142e-02 4.425753472355e-02 5.341820889714e-02 6.421535981061e-02 7.688864904806e-02 9.168732937314e-02 1.088542060620e-01 1.286087523446e-01 1.511357058782e-01 1.765833144033e-01 2.050702742016e-01 2.366953767627e-01 2.715418529044e-01 3.096706752953e-01 3.511028079244e-01 3.957963203025e-01 4.436262208782e-01 4.943716629153e-01 5.477106002358e-01 6.032201545053e-01 6.603814262359e-01 7.185872902837e-01 7.771512466861e-01 8.353170004639e-01 8.922707068678e-01 9.471570398463e-01 9.990975263967e-01 1.047209865325e+00 1.090630062343e+00 1.128539747350e+00 1.160198142279e+00 1.184977006003e+00 1.202398265174e+00 1.212171482002e+00 1.214220029454e+00 1.208679489972e+00 1.195857330083e+00 1.176157682021e+00 1.149992958410e+00 1.117718666370e+00 1.079628469830e+00 1.036022370374e+00 9.873189650065e-01 9.341520933541e-01 8.773983051405e-01 8.181202386072e-01 7.574537310446e-01 6.964874704243e-01 6.361768586370e-01 5.773087552058e-01 5.205078828245e-01 4.662626916137e-01 4.149514247086e-01 3.668599051766e-01 3.221912673367e-01 2.810710567264e-01 2.435510930058e-01 2.096144616062e-01 1.791825420550e-01 1.521236110769e-01 1.282620838715e-01 1.073878002536e-01 8.926516724334e-02 7.364214437548e-02 6.025922957448e-02 4.885872944236e-02 3.919435164295e-02 3.104045799216e-02 2.419950061243e-02 1.850573922209e-02 1.382373081656e-02 1.004145670005e-02 7.059917803620e-03 4.782634519836e-03 3.108719068563e-03 1.931724536554e-03 1.144007041212e-03
9.150759223702e-07 2.148685986573e-06 4.879667973572e-06 1.068726035861e-05 2.251511139661e-05 4.552242832557e-05 8.816596490853e-05 1.633373297132e-04 2.892072767229e-04 4.893215696242e-04 7.915932880913e-04 1.226237867655e-03 1.823314601416e-03 2.611052008855e-03 3.616135698300e-03 4.866449286380e-03 6.395678572480e-03 8.248354188645e-03 1.048382238737e-02 1.317827771293e-02 1.642491402402e-02 2.033299219933e-02 2.502697343093e-02 3.064678738319e-02 3.734981369208e-02 4.531434870322e-02 5.474333001971e-02 6.586599999323e-02 7.893445104150e-02 9.421271818968e-02 1.119591842199e-01 1.324074208810e-01 1.557529334026e-01 1.821510163271e-01 2.117249791709e-01 2.445780277757e-01 2.807995041869e-01 3.204585072187e-01 3.635844929838e-01 4.101416947090e-01 4.600067669849e-01 5.129550616468e-01 5.686551256346e-01 6.266691019593e-01 6.864578794355e-01 7.473896107489e-01 8.087490533198e-01 8.697470527977e-01 9.295328714115e-01 9.872111799600e-01 1.041861470368e+00 1.092557684461e+00 1.138390443994e+00 1.178495309240e+00 1.212086228438e+00 1.238491720783e+00 1.257194426272e+00 1.267872905881e+00 1.270434073267e+00 1.265016582506e+00 1.251950871698e+00 1.231677919114e+00 1.204648577790e+00 1.171243615423e+00 1.131759557633e+00 1.086480875509e+00 1.035809162036e+00 9.803798683338e-01 9.211012727401e-01 8.590955143824e-01 7.955727475086e-01 7.316950205454e-01 6.684788051233e-01 6.067561715570e-01 5.471838797310e-01 4.902740382779e-01 4.364237298268e-01 3.859343542564e-01 3.390216628931e-01 2.958206528178e-01 2.563890970188e-01 2.207124012728e-01 1.887108746140e-01 1.602488196968e-01 1.351442668592e-01 1.131786801414e-01 9.410646637892e-02 7.766425259589e-02 6.358007021563e-02 5.158283218842e-02 4.141232036319e-02 3.282914477356e-02 2.562316997125e-02 1.961828569358e-02 1.467163154979e-02 1.066674963674e-02 7.502346712665e-03 5.080359100889e-03 3.297571023391e-03 2.043594727595e-03 1.205244282658e-03
7.380313225498e-07 1.774407367701e-06 4.123397163078e-06 9.233590301702e-06 1.987028219517e-05 4.099194771474e-05 8.090335936906e-05 1.525200846393e-04 2.743782102495e-04 4.708734095569e-04 7.712812859484e-04 1.207528908032e-03 1.811392786769e-03 2.612438662710e-03 3.638095360900e-03 4.916509916285e-03 6.481574952115e-03 8.378513316714e-03 1.066827758642e-02 1.342976218832e-02 1.675988121257e-02 2.077239539346e-02 2.559676536734e-02 3.137824684220e-02 3.827993137298e-02 4.648658073696e-02 5.620904694078e-02 6.768684083564e-02 8.118535187878e-02 9.698466364430e-02 1.153602723079e-01 1.365613048779e-01 1.607950478948e-01 1.882242642088e-01 2.189768452802e-01 2.531602782788e-01 2.908701736266e-01 3.321843928639e-01 3.771417971081e-01 4.257135049871e-01 4.777780159709e-01 5.331065561504e-01 5.913575215913e-01 6.520768647882e-01 7.147035559517e-01 7.785790040203e-01 8.429570467703e-01 9.070132013111e-01 9.698568992715e-01 1.030549598464e+00 1.088125598171e+00 1.141611947607e+00 1.190050529743e+00 1.232527367172e+00 1.268207858200e+00 1.296374091454e+00 1.316465888793e+00 1.328127053746e+00 1.331244999921e+00 1.325960259127e+00 1.312627684428e+00 1.291729362140e+00 1.263760742075e+00 1.229133393360e+00 1.188148687775e+00 1.141073027011e+00 1.088286100431e+00 1.030421459021e+00 9.684196726547e-01 9.034672935352e-01 8.368563464297e-01 7.698299954348e-01 7.034718533415e-01 6.386630167688e-01 5.760944757480e-01 5.163034921750e-01 4.597072979484e-01 4.066240648047e-01 3.572832018525e-01 3.118300099709e-01 2.703288082514e-01 2.327675872302e-01 1.990655397064e-01 1.690827181275e-01 1.426303206477e-01 1.194808479316e-01 9.937802149082e-02 8.204639483760e-02 6.720073724026e-02 5.455567427673e-02 4.383601967473e-02 3.478742642480e-02 2.718585903613e-02 2.084356377673e-02 1.560923437618e-02 1.136136653106e-02 7.996229510968e-03 5.414361568567e-03 3.510479796201e-03 2.170341736780e-03 1.275001915978e-03
5.912796689614e-07 1.456772030233e-06 3.466888185200e-06 7.944318922348e-06 1.747727289417e-05 3.681802460993e-05 7.410658370411e-05 1.422693488230e-04 2.602126798246e-04 4.532326142157e-04 7.520867727704e-04 1.190602027857e-03 1.802491816735e-03 2.618847559411e-03 3.667946296356e-03 4.978216090519e-03 6.583738447611e-03 8.530451605243e-03 1.088103921368e-02 1.371734600742e-02 1.714037458706e-02 2.126884149815e-02 2.623770822648e-02 3.219806374217e-02 3.931920133521e-02 4.779281950095e-02 5.783817677568e-02 6.970568666693e-02 8.367500930125e-02 1.000437204248e-01 1.191062096215e-01 1.411288681066e-01 1.663319642744e-01 1.948862368848e-01 2.269241258399e-01 2.625572243293e-01 3.018875576822e-01 3.450024706567e-01 3.919513004165e-01 4.427128926393e-01 4.971677863027e-01 5.550826665643e-01 6.161049092362e-01 6.797628801264e-01 7.454716180362e-01 8.125433996997e-01 8.801986237359e-01 9.475746447128e-01 1.013737633293e+00 1.077702044291e+00 1.138453310348e+00 1.194967990910e+00 1.246235342772e+00 1.291287784598e+00 1.329238416493e+00 1.359319385383e+00 1.380923798418e+00 1.393656434874e+00 1.397381654699e+00 1.392240355270e+00 1.378613179844e+00 1.357027939322e+00 1.328031747460e+00 1.292073728821e+00 1.249462888901e+00 1.200444894620e+00 1.145371820790e+00 1.084871068729e+00 1.019915984442e+00 9.517631333298e-01 8.817951616496e-01 8.113454052450e-01 7.415717002640e-01 6.734085652685e-01 6.075836920625e-01 5.446611972753e-01 4.850799868600e-01 4.291763882247e-01 3.771946541406e-01 3.292913626633e-01 2.855380634986e-01 2.459256272204e-01 2.103720581226e-01 1.787328212881e-01 1.508117514989e-01 1.263716882435e-01 1.051448531830e-01 8.684285552363e-02 7.116628716737e-02 5.781447934513e-02 4.649611713477e-02 3.694055180184e-02 2.890836053568e-02 2.219866223475e-02 1.665045823578e-02 1.213641403311e-02 8.550125481801e-03 5.790919660330e-03 3.751769671204e-03 2.314732250243e-03 1.354909777992e-03
4.704504537067e-07 1.188805944060e-06 2.899935056637e-06 6.805950345204e-06 1.532027135123e-05 3.298472495017e-05 6.776264655260e-05 1.325784309685e-04 2.467146012054e-04 4.364232108310e-04 7.340779171159e-04 1.175620370928e-03 1.796956335490e-03 2.630925447220e-03 3.706779053447e-03 5.053248859631e-03 6.704584806317e-03 8.707467919371e-03 1.112645858563e-02 1.404664276464e-02 1.757353889134e-02 2.183135039949e-02 2.696112667524e-02 3.312038818960e-02 4.048521531689e-02 4.925481230487e-02 5.965742900446e-02 7.195510621185e-02 8.644287252544e-02 1.034374442896e-01 1.232541741618e-01 1.461787289627e-01 1.724457837010e-01 2.022346643869e-01 2.356823279440e-01 2.729042464039e-01 3.140089879980e-01 3.590941975072e-01 4.082209555305e-01 4.613768287283e-01 5.184445855034e-01 5.791858338299e-01 6.432359216876e-01 7.101040251540e-01 7.791788790029e-01 8.497407874929e-01 9.209737868105e-01 9.919738257811e-01 1.061759802182e+00 1.129294670595e+00 1.193510704804e+00 1.253329854293e+00 1.307684227821e+00 1.355547837229e+00 1.395977151689e+00 1.428150501771e+00 1.451409976851e+00 1.465316456126e+00 1.469707104528e+00 1.464721306284e+00 1.450766792443e+00 1.428422052936e+00 1.398293949883e+00 1.360877383302e+00 1.316492806339e+00 1.265362374085e+00 1.207803862032e+00 1.144433361608e+00 1.076257369366e+00 1.004608860303e+00 9.309712693795e-01 8.567787200930e-01 7.832715812737e-01 7.114428759795e-01 6.420597872449e-01 5.757152300972e-01 5.128715719872e-01 4.538849084043e-01 3.990156888683e-01 3.484328862652e-01 3.022160767004e-01 2.603593486775e-01 2.227794114357e-01 1.893267338301e-01 1.597971592536e-01 1.339430393708e-01 1.114841250975e-01 9.211805204184e-02 7.553017414123e-02 6.140338563538e-02 4.942894418939e-02 3.931839792661e-02 3.081525415741e-02 2.370378020110e-02 1.781177957643e-02 1.300508280222e-02 9.174249391248e-03 6.217568840376e-03 4.026662250465e-03 2.480124974729e-03 1.446954568924e-03
3.716605654151e-07 9.641450399516e-07 2.412975796335e-06 5.805505713933e-06 1.338366357153e-05 2.947585803595e-05 6.185784757397e-05 1.234396471002e-04 2.338870081240e-04 4.204695519977e-04 7.173275815746e-04 1.162763712517e-03 1.795173646022e-03 2.649408674437e-03 3.755845967760e-03 5.143549102125e-03 6.846912258776e-03 8.913390897864e-03 1.140959219415e-02 1.442418170170e-02 1.806769014560e-02 2.247042676840e-02 2.778021647523e-02 3.416171585354e-02 4.179848945376e-02 5.089793336659e-02 6.169798621046e-02 7.447314874518e-02 8.953505637757e-02 1.072214523304e-01 1.278710659840e-01 1.517912141384e-01 1.792326708079e-01 2.103840870382e-01 2.453869105697e-01 2.843602051901e-01 3.274191766938e-01 3.746726965674e-01 4.261950991168e-01 4.819838643863e-01 5.419241686360e-01 6.057718548849e-01 6.731490772428e-01 7.435439969471e-01 8.163162437521e-01 8.907107547408e-01 9.658718080925e-01 1.040850245717e+00 1.114612999923e+00 1.186066163070e+00 1.254083815145e+00 1.317528589070e+00 1.375270186412e+00 1.426218492514e+00 1.469368285451e+00 1.503839798439e+00 1.528919348811e+00 1.544118317537e+00 1.549241821987e+00 1.544425469287e+00 1.530105272309e+00 1.506915677360e+00 1.475532502985e+00 1.436506403015e+00 1.390174412949e+00 1.336732323196e+00 1.276455729346e+00 1.209943136059e+00 1.138234397111e+00 1.062746220253e+00 9.850746661576e-01 9.067671329025e-01 8.291563250450e-01 7.532996705888e-01 6.800069914719e-01 6.099022210930e-01 5.434733024689e-01 4.810979878907e-01 4.230544700240e-01 3.695253989155e-01 3.205993162243e-01 2.762739200213e-01 2.364644773158e-01 2.010159653727e-01 1.697154995012e-01 1.423039660929e-01 1.184874866780e-01 9.794850170601e-02 8.035589077298e-02 6.537480539688e-02 5.267761493666e-02 4.195638582127e-02 3.293565597451e-02 2.538284403726e-02 1.911274481583e-02 1.398307490726e-02 9.880823479382e-03 6.703381862773e-03 4.341485472477e-03 2.670614786225e-03 1.553570184404e-03
2.914788359065e-07 7.770073582097e-07 1.997079658248e-06 4.930521628158e-06 1.165201635029e-05 2.627488675740e-05 5.637753071197e-05 1.148438036097e-04 2.217311276721e-04 4.053948611865e-04 7.019114604469e-04 1.152226956470e-03 1.797574636671e-03 2.675130037608e-03 3.816578377451e-03 5.251349634857e-03 7.013952336910e-03 9.152652094448e-03 1.173630123168e-02 1.485753872632e-02 1.863248468830e-02 2.319827630925e-02 2.871031929018e-02 3.534123532414e-02 4.328290015935e-02 5.275172712168e-02 6.399617843014e-02 7.730417441095e-02 9.300535538221e-02 1.114606524371e-01 1.330349934156e-01 1.580601562125e-01 1.868050280175e-01 2.194684721890e-01 2.561964118277e-01 2.971111442867e-01 3.423345578028e-01 3.919877949300e-01 4.461602589478e-01 5.048607914741e-01 5.679771427284e-01 6.352585034306e-01 7.063124862040e-01 7.806041829750e-01 8.574608140679e-01 9.360878719049e-01 1.015585915718e+00 1.094956485205e+00 1.173109064823e+00 1.248886458722e+00 1.321098622884e+00 1.388543517778e+00 1.450022336003e+00 1.504373973240e+00 1.550525547139e+00 1.587534463998e+00 1.614626022453e+00 1.631255638004e+00 1.637190672055e+00 1.632560263838e+00 1.617829808588e+00 1.593695266113e+00 1.560911836988e+00 1.520098030670e+00 1.471614299630e+00 1.415627185521e+00 1.352360766042e+00 1.282388276220e+00 1.206782909774e+00 1.127053498535e+00 1.044922525297e+00 9.620654020838e-01 8.799187882777e-01 7.996113991263e-01 7.219992378945e-01 6.477397921140e-01 5.773490961167e-01 5.112287870817e-01 4.496765632689e-01 3.928902281708e-01 3.409684067176e-01 2.939128712610e-01 2.516372480059e-01 2.139804240816e-01 1.807199276155e-01 1.515840299339e-01 1.262638393819e-01 1.044251468262e-01 8.571891014570e-02 6.979103665471e-02 5.629335488198e-02 4.489656986012e-02 3.530411020691e-02 2.726424189606e-02 2.057658196625e-02 1.508911638041e-02 1.068450303676e-02 7.259310437236e-03 4.703932182770e-03 2.891213150427e-03 1.677751927429e-03
2.268924455299e-07 6.221677820144e-07 1.643941243997e-06 4.169066526109e-06 1.011009806957e-05 2.336490454274e-05 5.130593685941e-05 1.067798117780e-04 2.102456016672e-04 3.912198979587e-04 6.879062522232e-04 1.144218660501e-03 1.804634924005e-03 2.709026622315e-03 3.890606521059e-03 5.379212440280e-03 7.209429090559e-03 9.430371217919e-03 1.211336755142e-02 1.535548890889e-02 1.927911594771e-02 2.402905657467e-02 2.976924166293e-02 3.668123097814e-02 4.496618989661e-02 5.485053889501e-02 6.659426499419e-02 8.049981783808e-02 9.691642098777e-02 1.162306688429e-01 1.388369946537e-01 1.650949760191e-01 1.952940117013e-01 2.296442421624e-01 2.682960690465e-01 3.113745806661e-01 3.590083182228e-01 4.113318652732e-01 4.684518838869e-01 5.303903641809e-01 5.970377812488e-01 6.681355212880e-01 7.432751036532e-01 8.218962678255e-01 9.032899327518e-01 9.866172175218e-01 1.070930334015e+00 1.155176798255e+00 1.238202254567e+00 1.318778480616e+00 1.395644294859e+00 1.467526923830e+00 1.533151993344e+00 1.591279135156e+00 1.640760686094e+00 1.680586006293e+00 1.709913617679e+00 1.728135436349e+00 1.734974309557e+00 1.730549768188e+00 1.715357610580e+00 1.690161086384e+00 1.655806504650e+00 1.612994883687e+00 1.562119119599e+00 1.503313679225e+00 1.436739974347e+00 1.362936528936e+00 1.283009544877e+00 1.198569601203e+00 1.111481698174e+00 1.023566699457e+00 9.363790635453e-01 8.511268577333e-01 7.687162308782e-01 6.898411137904e-01 6.150486503035e-01 5.447670042789e-01 4.793153837067e-01 4.189084417719e-01 3.636562330542e-01 3.135651676293e-01 2.685469665415e-01 2.284337043745e-01 1.929923271386e-01 1.619371451668e-01 1.349426014357e-01 1.116561022668e-01 9.170898340949e-02 7.472617276306e-02 6.033707756382e-02 4.818893162463e-02 3.796164961214e-02 2.938169766860e-02 2.223092944989e-02 1.634557091389e-02 1.160289014780e-02 7.898602477051e-03 5.123379919198e-03 3.148074083374e-03 1.823201157669e-03
1.752745413790e-07 4.949338023340e-07 1.345878405687e-06 3.509769856289e-06 8.742930412279e-06 2.072867222965e-05 4.662615368497e-05 9.923443709719e-05 1.994258581747e-04 3.779617551811e-04 6.753878809643e-04 1.138959519007e-03 1.816876162279e-03 2.752148701937e-03 3.979782276209e-03 5.530071728016e-03 7.437627731099e-03 9.752455137851e-03 1.254862821570e-02 1.592818354431e-02 2.002054257148e-02 2.497916834910e-02 3.097762440394e-02 3.820755053003e-02 4.688055361685e-02 5.723424586268e-02 6.954134083213e-02 8.412010583211e-02 1.013411258965e-01 1.216194932372e-01 1.453830308974e-01 1.730230911008e-01 2.048524442333e-01 2.410937813397e-01 2.819020107070e-01 3.274044757417e-01 3.777362302721e-01 4.330465935436e-01 4.934621405937e-01 5.590202435054e-01 6.296142373790e-01 7.049762027700e-01 7.846797718828e-01 8.681368423235e-01 9.545974632425e-01 1.043172389691e+00 1.132860049410e+00 1.222548675907e+00 1.311012652602e+00 1.396943369296e+00 1.479000157645e+00 1.555832709416e+00 1.626082971072e+00 1.688421276231e+00 1.741616605251e+00 1.784584526675e+00 1.816410519171e+00 1.836414166872e+00 1.844265714717e+00 1.840071481235e+00 1.824358666777e+00 1.797963715007e+00 1.761837107405e+00 1.716780092407e+00 1.663229880222e+00 1.601286215597e+00 1.531034452349e+00 1.452966737919e+00 1.368221527495e+00 1.278522188178e+00 1.185895008271e+00 1.092326976415e+00 9.995069357451e-01 9.087317920398e-01 8.209622473452e-01 7.369319496919e-01 6.572227950545e-01 5.822926309737e-01 5.124844438386e-01 4.480316765859e-01 3.890574526841e-01 3.355735194840e-01 2.874893427398e-01 2.446293098281e-01 2.067486423226e-01 1.735461240080e-01 1.446775609602e-01 1.197699010808e-01 9.843285727004e-02 8.026836420846e-02 6.488125484721e-02 5.189291720184e-02 4.095705572427e-02 3.177530995850e-02 2.410870397246e-02 1.777917366597e-02 1.265715319637e-02 8.637311064038e-03 5.611286327935e-03 3.448777354467e-03 1.994508801035e-03
1.343525875472e-07 3.911209128837e-07 1.095830706658e-06 2.941858291312e-06 7.535862943439e-06 1.834870452037e-05 4.232015315855e-05 9.219217678090e-05 1.892636456101e-04 3.656327883244e-04 6.644297523095e-04 1.136680780399e-03 1.834867457133e-03 2.805669614254e-03 4.086205037140e-03 5.707283325006e-03 7.703473886903e-03 1.012571234159e-02 1.305113133268e-02 1.658735504537e-02 2.087175265628e-02 2.606759209385e-02 3.235937026449e-02 3.995014514789e-02 4.906331740651e-02 5.994910235398e-02 7.289438525139e-02 8.823475027216e-02 1.063641437750e-01 1.277293962201e-01 1.527962893742e-01 1.819926987959e-01 2.156581794850e-01 2.540294870643e-01 2.972661023148e-01 3.454969828227e-01 3.988633997722e-01 4.575308127559e-01 5.216489357987e-01 5.912733480721e-01 6.663003726884e-01 7.464508078269e-01 8.312783234478e-01 9.201643242341e-01 1.012312656106e+00 1.106776377938e+00 1.202493717688e+00 1.298287841388e+00 1.392853310536e+00 1.484789745621e+00 1.572666994131e+00 1.655049646690e+00 1.730486732556e+00 1.797547071014e+00 1.854905837824e+00 1.901398525166e+00 1.936030843316e+00 1.958039613143e+00 1.967032689151e+00 1.963099092368e+00 1.946798527721e+00 1.919046531052e+00 1.880912136568e+00 1.833318212052e+00 1.776761849719e+00 1.711305811979e+00 1.636943189274e+00 1.554105266602e+00 1.463961433980e+00 1.368360520395e+00 1.269511970455e+00 1.169593444201e+00 1.070448127913e+00 9.734729923966e-01 8.796881389445e-01 7.898706067027e-01 7.046414750564e-01 6.244920762661e-01 5.497917206077e-01 4.807948492439e-01 4.176396669218e-01 3.603441473448e-01 3.088150407529e-01 2.628679789739e-01 2.222451608397e-01 1.866280368183e-01 1.556514236866e-01 1.289193295148e-01 1.060174883432e-01 8.652249782415e-02 7.001213655059e-02 5.607926361489e-02 4.434835726433e-02 3.449278755571e-02 2.624913334901e-02 1.942190781108e-02 1.387277267428e-02 9.494914663292e-03 6.181677994197e-03 3.802683693391e-03 2.197388546722e-03
1.021771628130e-07 3.070265884761e-07 8.873557590537e-07 2.455193555892e-06 6.474661690842e-06 1.620739494879e-05 3.836890263630e-05 8.563525567492e-05 1.797467134331e-04 3.542396729623e-04 6.551010173910e-04 1.137622508160e-03 1.859226696470e-03 2.870896496059e-03 4.212250652536e-03 5.914680930459e-03 8.012624546383e-03 1.055798478365e-02 1.363131575527e-02 1.734655365360e-02 2.185006856721e-02 2.731627647962e-02 3.394213640302e-02 4.194369296651e-02 5.155772114773e-02 6.304871542256e-02 7.671947146149e-02 9.292464162070e-02 1.120837749721e-01 1.346791341946e-01 1.612198416779e-01 1.921759858206e-01 2.279179839206e-01 2.686984462694e-01 3.146815406699e-01 3.659970884752e-01 4.227920673854e-01 4.852495616425e-01 5.535463442630e-01 6.277598178769e-01 7.077894292960e-01 7.933420798247e-01 8.839490492239e-01 9.789585290679e-01 1.077521977544e+00 1.178625733120e+00 1.281140189259e+00 1.383817193312e+00 1.485261690755e+00 1.583967639390e+00 1.678403324007e+00 1.767039925057e+00 1.848323163706e+00 1.920705428632e+00 1.982755217433e+00 2.033221108816e+00 2.071022003143e+00 2.095299566920e+00 2.105587253581e+00 2.101952212672e+00 2.084988069209e+00 2.055695179200e+00 2.015276687577e+00 1.964802843702e+00 1.904851005336e+00 1.835445394307e+00 1.756467104846e+00 1.668268470668e+00 1.572047763674e+00 1.469793829350e+00 1.363924696111e+00 1.256837856366e+00 1.150554985812e+00 1.046586476992e+00 9.460170836336e-01 8.496713025962e-01 7.582148167193e-01 6.721770647443e-01 5.919565116325e-01 5.178310762549e-01 4.499565417167e-01 3.883582617851e-01 3.329396645138e-01 2.835063119722e-01 2.397859172016e-01 2.014405336174e-01 1.680811841496e-01 1.392859612053e-01 1.146138473600e-01 9.361337196182e-02 7.583238481219e-02 6.083216976215e-02 4.820461212677e-02 3.759091875387e-02 2.869898531051e-02 2.131205071383e-02 1.528043818437e-02 1.049507213994e-02 6.851754336845e-03 4.221380410578e-03 2.438973565395e-03
7.709111015593e-08 2.394022211638e-07 7.146213049798e-07 2.040307074107e-06 5.545602987824e-06 1.428716579592e-05 3.475253635251e-05 7.954372738676e-05 1.708586348513e-04 3.437825803567e-04 6.474647973640e-04 1.142031559292e-03 1.890621620321e-03 2.949281642063e-03 4.360603500424e-03 6.156639744204e-03 8.371571982915e-03 1.105829900460e-02 1.430121739177e-02 1.822141928037e-02 2.297549773819e-02 2.875058480236e-02 3.575790090077e-02 4.422831588389e-02 5.441381966245e-02 6.659516776238e-02 8.109315937902e-02 9.828356905825e-02 1.186140504578e-01 1.426064933383e-01 1.708197038508e-01 2.037728216099e-01 2.418720055559e-01 2.853878200838e-01 3.344892980258e-01 3.893062657973e-01 4.499906101755e-01 5.167445377877e-01 5.897766420021e-01 6.691908201006e-01 7.548898217447e-01 8.465631694021e-01 9.437168788411e-01 1.045663280823e+00 1.151494344060e+00 1.260118519332e+00 1.370329191472e+00 1.480800281501e+00 1.590036052617e+00 1.696407771047e+00 1.798267428547e+00 1.893983797231e+00 1.981887818359e+00 2.060297187553e+00 2.127657678784e+00 2.182623590674e+00 2.224019909373e+00 2.250878358831e+00 2.262643044372e+00 2.259354163155e+00 2.241641343974e+00 2.210595115417e+00 2.167569162724e+00 2.113812045864e+00 2.050008064026e+00 1.976142522294e+00 1.891960345505e+00 1.797712209509e+00 1.694622266562e+00 1.584836113899e+00 1.471009842679e+00 1.355795416561e+00 1.241422350365e+00 1.129530459929e+00 1.021274735649e+00 9.175315329051e-01 8.190178143987e-01 7.263068014692e-01 6.398292187927e-01 5.598892009680e-01 4.866632265758e-01 4.201855635155e-01 3.603555154184e-01 3.069669355926e-01 2.597314232748e-01 2.182893059405e-01 1.822244711731e-01 1.510855202090e-01 1.244014234190e-01 1.016894609008e-01 8.246420298339e-02 6.625187888509e-02 5.260802834446e-02 4.113731941484e-02 3.151402962785e-02 2.349542166851e-02 1.691712569859e-02 1.166654050135e-02 7.642633143604e-03 4.719240542044e-03 2.728194498056e-03
5.769914982863e-08 1.854227812390e-07 5.723916492651e-07 1.688427511587e-06 4.735565171726e-06 1.257063201114e-05 3.145057058009e-05 7.389566437165e-05 1.625787632344e-04 3.342544695069e-04 6.415763639609e-04 1.150159188617e-03 1.929770355040e-03 3.042434174507e-03 4.534291579905e-03 6.438147871574e-03 8.787761650494e-03 1.163703863639e-02 1.507470524034e-02 1.922999340541e-02 2.427113488675e-02 3.039980704082e-02 3.784361205746e-02 4.685040184043e-02 5.768951695323e-02 7.066030616708e-02 8.610409423774e-02 1.044201971316e-01 1.260871535391e-01 1.516712163442e-01 1.817883536243e-01 2.170150004811e-01 2.577989075298e-01 3.044310336179e-01 3.570855314936e-01 4.158912837945e-01 4.810039091914e-01 5.526461476826e-01 6.310641715025e-01 7.163944526813e-01 8.085433383706e-01 9.071783149676e-01 1.011776659571e+00 1.121612488374e+00 1.235710249705e+00 1.352886603273e+00 1.471846775092e+00 1.591179981353e+00 1.709277508291e+00 1.824366992078e+00 1.934665975339e+00 2.038431235564e+00 2.133866597817e+00 2.219132683175e+00 2.292532305483e+00 2.352617603369e+00 2.398112957172e+00 2.427922454871e+00 2.441381959163e+00 2.438499091072e+00 2.419942804156e+00 2.386898532492e+00 2.340887254652e+00 2.283372800529e+00 2.215181311999e+00 2.136260718108e+00 2.046190010026e+00 1.945089541491e+00 1.834205144386e+00 1.715858448411e+00 1.592977645472e+00 1.468510261866e+00 1.344929498382e+00 1.224023922342e+00 1.107024529873e+00 9.948641418443e-01 8.883192667315e-01 7.880139687235e-01 6.944145803060e-01 6.078543881218e-01 5.285344855676e-01 4.565001293221e-01 3.916454423072e-01 3.337504905800e-01 2.825089700317e-01 2.375368997920e-01 1.983870528902e-01 1.645742298282e-01 1.355935612465e-01 1.109273809644e-01 9.005305423459e-02 7.245775206616e-02 5.765649037775e-02 4.521251479870e-02 3.476077831856e-02 2.602686904786e-02 1.882738957650e-02 1.304428863772e-02 8.580269743328e-03 5.314124132499e-03 3.076261226910e-03
4.283819185702e-08 1.426543825466e-07 4.560077889191e-07 1.391498565262e-06 4.032111688917e-06 1.104076766108e-05 2.844214812901e-05 6.866742119756e-05 1.548823064992e-04 3.256404816217e-04 6.374812188671e-04 1.162258160118e-03 1.977441173969e-03 3.152131641098e-03 4.736724331177e-03 6.764885804961e-03 9.269725568256e-03 1.230614052194e-02 1.596775060468e-02 2.039307507600e-02 2.576362212849e-02 3.229774537508e-02 4.024193042647e-02 4.986354541696e-02 6.145175025483e-02 7.532721810821e-02 9.185483727904e-02 1.114603318339e-01 1.346561982059e-01 1.620583617937e-01 1.943487627542e-01 2.321711023592e-01 2.760217533569e-01 3.262148760708e-01 3.829300855681e-01 4.462943198781e-01 5.164652717820e-01 5.936873687346e-01 6.782512893925e-01 7.703340366808e-01 8.698460944147e-01 9.764266597187e-01 1.089519969000e+00 1.208360186465e+00 1.331895333264e+00 1.458832904525e+00 1.587776212896e+00 1.717223109939e+00 1.845438569510e+00 1.970480796737e+00 2.090410221634e+00 2.203361639392e+00 2.307398979100e+00 2.400498373119e+00 2.480793854318e+00 2.546727036667e+00 2.596916158522e+00 2.630116510144e+00 2.645531486446e+00 2.643129861427e+00 2.623625342698e+00 2.588302138410e+00 2.538864691842e+00 2.477035976480e+00 2.403829632475e+00 2.319160779832e+00 2.222405670490e+00 2.113517945506e+00 1.993759417028e+00 1.865650039227e+00 1.732429205329e+00 1.597388634660e+00 1.463289179578e+00 1.332091732807e+00 1.205109026216e+00 1.083334903369e+00 9.676157024566e-01 8.586352288979e-01 7.568989580303e-01 6.627723390540e-01 5.764860227502e-01 4.980991143742e-01 4.274991658000e-01 3.644497746405e-01 3.086247906143e-01 2.596131288914e-01 2.169317154986e-01 1.800563339725e-01 1.484437891254e-01 1.215371914868e-01 9.877208263897e-02 7.959192954058e-02 6.346657035951e-02 4.991241971578e-02 3.851855721076e-02 2.897204225313e-02 2.106490986652e-02 1.467084648981e-02 9.696588528333e-03 6.028257070963e-03 3.497277075347e-03
3.154868385503e-08 1.090202050345e-07 3.613612818437e-07 1.142185358162e-06 3.423560912072e-06 9.681065454649e-06 2.570629773723e-05 6.383395673263e-05 1.477405173905e-04 3.179174473593e-04 6.352130850167e-04 1.178579230926e-03 2.034451131217e-03 3.280331079023e-03 4.971732849628e-03 7.143314290708e-03 9.827232110357e-03 1.307931675838e-02 1.699873265368e-02 2.173462642685e-02 2.748367361912e-02 3.448338176877e-02 4.300207496507e-02 5.332962089177e-02 6.577784315854e-02 8.069191758168e-02 9.846395703314e-02 1.195495110435e-01 1.444984123878e-01 1.739821540068e-01 2.087590124937e-01 2.495520516049e-01 2.969147405398e-01 3.511876302740e-01 4.125562290534e-01 4.811445529222e-01 5.571101122209e-01 6.407196730208e-01 7.323166786216e-01 8.321291187944e-01 9.400726048121e-01 1.055749650134e+00 1.178565960526e+00 1.307715078875e+00 1.442059012704e+00 1.580174308513e+00 1.720545135800e+00 1.861571833859e+00 2.001379111379e+00 2.137823914049e+00 2.268780919696e+00 2.392252762647e+00 2.506151038778e+00 2.608233868172e+00 2.696433197281e+00 2.769071252016e+00 2.824656921764e+00 2.861771478308e+00 2.879454371071e+00 2.877628395292e+00 2.857060837286e+00 2.819137507788e+00 2.765760468281e+00 2.698963471298e+00 2.620007351272e+00 2.528783655552e+00 2.424420245647e+00 2.306657602911e+00 2.176765943884e+00 2.037489477644e+00 1.892423431256e+00 1.745261039063e+00 1.599104947832e+00 1.456117437136e+00 1.317698333910e+00 1.184906574646e+00 1.058671159508e+00 9.397470181406e-01 8.286824002833e-01 7.258777693126e-01 6.315995772045e-01 5.459247758465e-01 4.687325294471e-01 3.997664396848e-01 3.386784306604e-01 2.850273890309e-01 2.382887763543e-01 1.978930125179e-01 1.632533262152e-01 1.337686905529e-01 1.088273733949e-01 8.782369360638e-02 7.017712008993e-02 5.535129583192e-02 4.288197315678e-02 3.240950138946e-02 2.369434246222e-02 1.659793539145e-02 1.103087269886e-02 6.889330791618e-03 4.009021395022e-03
2.304735935620e-08 8.276545711725e-08 2.848624290595e-07 9.338689755427e-07 2.899039453377e-06 8.475682292637e-06 2.322219630095e-05 5.936920012394e-05 1.411209890949e-04 3.110535181110e-04 6.347918055006e-04 1.199366951545e-03 2.101663267160e-03 3.429178902263e-03 5.243611999965e-03 7.580770636160e-03 1.047145372379e-02 1.397230529324e-02 1.818878476838e-02 2.328223333669e-02 2.946667291885e-02 3.700163813732e-02 4.618078531666e-02 5.732000363520e-02 7.075704703339e-02 8.686526842427e-02 1.060684130598e-01 1.288559608919e-01 1.558187768604e-01 1.876903864936e-01 2.253175672568e-01 2.695174605264e-01 3.209108888770e-01 3.798683622532e-01 4.465817867409e-01 5.211714200329e-01 6.037916252596e-01 6.947312911883e-01 7.943963515039e-01 9.030795421934e-01 1.020703401500e+00 1.146822499101e+00 1.280796791735e+00 1.421780206502e+00 1.568538880263e+00 1.719491046079e+00 1.872979785920e+00 2.027302829218e+00 2.180430804621e+00 2.329980162603e+00 2.473603173945e+00 2.609160208770e+00 2.734399685933e+00 2.846820900322e+00 2.944110310900e+00 3.024461279448e+00 3.086274221181e+00 3.127926579584e+00 3.148252499941e+00 3.147120353833e+00 3.125365113483e+00 3.084475934016e+00 3.026562532884e+00 2.954029475114e+00 2.868462749996e+00 2.769746686751e+00 2.656704035364e+00 2.528802503349e+00 2.387310814441e+00 2.235227853161e+00 2.076555231892e+00 1.915454894902e+00 1.755438171548e+00 1.598904991140e+00 1.447346816656e+00 1.301890530661e+00 1.163563825310e+00 1.033207541495e+00 9.114163117012e-01 7.986279071832e-01 6.951524575719e-01 6.010904109075e-01 5.163102019900e-01 4.405307102140e-01 3.733797283867e-01 3.143832187957e-01 2.629685336446e-01 2.185129545054e-01 1.803799916781e-01 1.479188916658e-01 1.204642100786e-01 9.735466919689e-02 7.795355612607e-02 6.166527854618e-02 4.796385224915e-02 3.643322769245e-02 2.679352674122e-02 1.888843277340e-02 1.263146633919e-02 7.931875292653e-03 4.633945473323e-03
1.670173592280e-08 6.242214615471e-08 2.234037567181e-07 7.606294984709e-07 2.448517289373e-06 7.409564557786e-06 2.096942287030e-05 5.524644858637e-05 1.349880541738e-04 3.050079378224e-04 6.362211822144e-04 1.224854704788e-03 2.179982092623e-03 3.601019075079e-03 5.557163768051e-03 8.085573599982e-03 1.121515386410e-02 1.500315189081e-02 1.956218557883e-02 2.506762725769e-02 3.175335127421e-02 3.990423981520e-02 4.984341452259e-02 6.191695760228e-02 7.649229597869e-02 9.397517319945e-02 1.148262680792e-01 1.395739609493e-01 1.688541764740e-01 2.034694522294e-01 2.443692904197e-01 2.924828580614e-01 3.485108046026e-01 4.128575207754e-01 4.857218413305e-01 5.672197571255e-01 6.574987130853e-01 7.568681315679e-01 8.658076979319e-01 9.846929988274e-01 1.113456667782e+00 1.251590279981e+00 1.398398268484e+00 1.552998436635e+00 1.714051637343e+00 1.879783430355e+00 2.048367395331e+00 2.217995266764e+00 2.386471194612e+00 2.551122875078e+00 2.709332707309e+00 2.858809012985e+00 2.997129726311e+00 3.121485963895e+00 3.229261666076e+00 3.318510906564e+00 3.387533137819e+00 3.434467214390e+00 3.457887178161e+00 3.457596369041e+00 3.434519502665e+00 3.390250031978e+00 3.327108215835e+00 3.247938072541e+00 3.154752383242e+00 3.047455294854e+00 2.924493981107e+00 2.784986434924e+00 2.630187093542e+00 2.463385634045e+00 2.289046817781e+00 2.111879437689e+00 1.935886333077e+00 1.763750933656e+00 1.597059470130e+00 1.437007269803e+00 1.284740709797e+00 1.141206030230e+00 1.007047699483e+00 8.827418912540e-01 7.686522920984e-01 6.649108962710e-01 5.713724479741e-01 4.877246663255e-01 4.135688793623e-01 3.483955176678e-01 2.915760078345e-01 2.424248956221e-01 2.002487773392e-01 1.643409031987e-01 1.339745173476e-01 1.084250218189e-01 8.699297250392e-02 6.901658277052e-02 5.389873846756e-02 4.115560800928e-02 3.045611445261e-02 2.161873183932e-02 1.455785139969e-02 9.198968137143e-03 5.400437267458e-03
1.200665700187e-08 4.677446032360e-08 1.743200610999e-07 6.172186572925e-07 2.062824257640e-06 6.468549778702e-06 1.892819527610e-05 5.143878432046e-05 1.293032883532e-04 2.997310014981e-04 6.394868466265e-04 1.255259036815e-03 2.270347095259e-03 3.798398878102e-03 5.917741149318e-03 8.667136715878e-03 1.207289446498e-02 1.619252665193e-02 2.114679993148e-02 2.712727561465e-02 3.439055713657e-02 4.325069563806e-02 5.406516750909e-02 6.721520892923e-02 8.310219992904e-02 1.021690618922e-01 1.249197687685e-01 1.519276698797e-01 1.838781321319e-01 2.216500837494e-01 2.663123011084e-01 3.189279147078e-01 3.802926551276e-01 4.508490149239e-01 5.308032106869e-01 6.202670578836e-01 7.193764589071e-01 8.284577116557e-01 9.480769961284e-01 1.078716523355e+00 1.220324421846e+00 1.372309271159e+00 1.533906434553e+00 1.704204567361e+00 1.881751472469e+00 2.064536985579e+00 2.250527839893e+00 2.437808875407e+00 2.624008765147e+00 2.806107395705e+00 2.981155175277e+00 3.146699044086e+00 3.300145572890e+00 3.438318609122e+00 3.558224158326e+00 3.657764861257e+00 3.735156992098e+00 3.788261155049e+00 3.815318251583e+00 3.816052309748e+00 3.791511503940e+00 3.743394620393e+00 3.674223993636e+00 3.587359779619e+00 3.485373654826e+00 3.368232489418e+00 3.233920508450e+00 3.081106185308e+00 2.911013186961e+00 2.727265533393e+00 2.534854246148e+00 2.339124881598e+00 2.144674475012e+00 1.954528699295e+00 1.770369585717e+00 1.593457291537e+00 1.425081701606e+00 1.266320477977e+00 1.117871118470e+00 9.802470876786e-01 8.538779041018e-01 7.389386253160e-01 6.352666753358e-01 5.425097285719e-01 4.602401368824e-01 3.879108930824e-01 3.248283870453e-01 2.702324800437e-01 2.233643887959e-01 1.834544645288e-01 1.497057058546e-01 1.213208385449e-01 9.753023628399e-02 7.759851618848e-02 6.084705730275e-02 4.671097886713e-02 3.479469252865e-02 2.488156498156e-02 1.688317152649e-02 1.074435354287e-02 6.344422780063e-03
8.563089809761e-09 3.482549116032e-08 1.353463621585e-07 4.990237077891e-07 1.733648688266e-06 5.639442129259e-06 1.707958294206e-05 4.791950014964e-05 1.240261159321e-04 2.951642402648e-04 6.445542697250e-04 1.290773364399e-03 2.373724119260e-03 4.024071707726e-03 6.331291698711e-03 9.336090060692e-03 1.306126585061e-02 1.756407886948e-02 2.297457538597e-02 2.950304860069e-02 3.743212816475e-02 4.710940963058e-02 5.893250471832e-02 7.332372897368e-02 9.072330755691e-02 1.116167197927e-01 1.365588437157e-01 1.661754685978e-01 2.012061838603e-01 2.426138971486e-01 2.916057841373e-01 3.494057921133e-01 4.169235108981e-01 4.946439634925e-01 5.827809330688e-01 6.814431297139e-01 7.907494810074e-01 9.110365110361e-01 1.042970861315e+00 1.187172455739e+00 1.343613856804e+00 1.511594286022e+00 1.690260917528e+00 1.878684946671e+00 2.075296874941e+00 2.277797123647e+00 2.483895877981e+00 2.691573481700e+00 2.898280520184e+00 3.100577345059e+00 3.295100420753e+00 3.479226219181e+00 3.650199679643e+00 3.804407642902e+00 3.938378003389e+00 4.049846625459e+00 4.136979671759e+00 4.197315709918e+00 4.228664925792e+00 4.230651482325e+00 4.204497388644e+00 4.152009793662e+00 4.075887594112e+00 3.980089965557e+00 3.867918476351e+00 3.739468901529e+00 3.592154673764e+00 3.424064643469e+00 3.236370420262e+00 3.033083852041e+00 2.819791666425e+00 2.602578199913e+00 2.386761940833e+00 2.175787047490e+00 1.971429543490e+00 1.775004075366e+00 1.587974576343e+00 1.411585269967e+00 1.246589603175e+00 1.093533511804e+00 9.529273585175e-01 8.250057618046e-01 7.095845823891e-01 6.062590751876e-01 5.145697855301e-01 4.339316828179e-01 3.635756523196e-01 3.026518627507e-01 2.503261099731e-01 2.057584374349e-01 1.680711716674e-01 1.363829087517e-01 1.098452489173e-01 8.764144919365e-02 6.900006626531e-02 5.325983055487e-02 3.994448362682e-02 2.878936871949e-02 1.969728415722e-02 1.263505812920e-02 7.511386363426e-03
6.059299239389e-09 2.576592525904e-08 1.045751235946e-07 4.020244558595e-07 1.453519776818e-06 4.910061338494e-06 1.540568907218e-05 4.466252488977e-05 1.191145226068e-04 2.912408947638e-04 6.513670776662e-04 1.331561303766e-03 2.491094701755e-03 4.280996401900e-03 6.804400118155e-03 1.010441037487e-02 1.419914066070e-02 1.914483457923e-02 2.508210103220e-02 3.224297227861e-02 4.093987954832e-02 5.155894193375e-02 6.454473143588e-02 8.036775275083e-02 9.951267417869e-02 1.225135000959e-01 1.499850719528e-01 1.826148869949e-01 2.212020153955e-01 2.668008539546e-01 3.207788852878e-01 3.845537689039e-01 4.591722315446e-01 5.451663369797e-01 6.427570263417e-01 7.520524555244e-01 8.731485464135e-01 1.006381220130e+00 1.152532178851e+00 1.312399480901e+00 1.485994530879e+00 1.672472796173e+00 1.870865994953e+00 2.080245658660e+00 2.298927041894e+00 2.524254700578e+00 2.753615495741e+00 2.984891659325e+00 3.215363808710e+00 3.441086618365e+00 3.658173828137e+00 3.863821833803e+00 4.055140094848e+00 4.227997790610e+00 4.378311400153e+00 4.503628762414e+00 4.602121053094e+00 4.670958921070e+00 4.707391520061e+00 4.710912068178e+00 4.682990039812e+00 4.625549486573e+00 4.541415881479e+00 4.435232618712e+00 4.311251262867e+00 4.169796472195e+00 4.007578710998e+00 3.821936918033e+00 3.613962851543e+00 3.388123212583e+00 3.150676105277e+00 2.908558222482e+00 2.667966899346e+00 2.432864875363e+00 2.205116876871e+00 1.986071172499e+00 1.777402778897e+00 1.580570323028e+00 1.396386080135e+00 1.225417726928e+00 1.068274404354e+00 9.252738761734e-01 7.962058513206e-01 6.805958498776e-01 5.779491342563e-01 4.876442881344e-01 4.088249312011e-01 3.405325353666e-01 2.818454059334e-01 2.318455955552e-01 1.895627401928e-01 1.540171559369e-01 1.242715863519e-01 9.941991654001e-02 7.858573526341e-02 6.099378800092e-02 4.606772222980e-02 3.347827816359e-02 2.311043307454e-02 1.495460387650e-02 8.958909019348e-03
4.254422731812e-09 1.894518337893e-08 8.041397061857e-08 3.227454561007e-07 1.215775847453e-06 4.269265500034e-06 1.388979925819e-05 4.164283605672e-05 1.145258720048e-04 2.878867394635e-04 6.598458906900e-04 1.377749949488e-03 2.623443504372e-03 4.572332847464e-03 7.344328943926e-03 1.098555927539e-02 1.550795417637e-02 2.096564174486e-02 2.751123633807e-02 3.540207839658e-02 4.498472367102e-02 5.668944030819e-02 7.101579940533e-02 8.849106524593e-02 1.096507746007e-01 1.350839741039e-01 1.654761870967e-01 2.015881899987e-01 2.442844132298e-01 2.947177665669e-01 3.544408461597e-01 4.251053136399e-01 5.079241011526e-01 6.034807518688e-01 7.120018324946e-01 8.335996276784e-01 9.683408811899e-01 1.116544416908e+00 1.279121162644e+00 1.457099451564e+00 1.650552197167e+00 1.858446809640e+00 2.079660486494e+00 2.313290466423e+00 2.557549195207e+00 2.809343982926e+00 3.065648096605e+00 3.324256371488e+00 3.582304401339e+00 3.835239303189e+00 4.078507291204e+00 4.309112639701e+00 4.524079843693e+00 4.718669763592e+00 4.888010190253e+00 5.029429163585e+00 5.141188930290e+00 5.220048299830e+00 5.262521908940e+00 5.267923652934e+00 5.238075787599e+00 5.175039334659e+00 5.081682474886e+00 4.963413455014e+00 4.825715082945e+00 4.669289362447e+00 4.489983538180e+00 4.284163028108e+00 4.052802758425e+00 3.800909997507e+00 3.535496043025e+00 3.264473218741e+00 2.995111545541e+00 2.732025031687e+00 2.477158068335e+00 2.231855738843e+00 1.998048100271e+00 1.777473632153e+00 1.571006985012e+00 1.379217819403e+00 1.202834738878e+00 1.042292200978e+00 8.973494889743e-01 7.674381508339e-01 6.520234004610e-01 5.504525567749e-01 4.617692200872e-01 3.848819411515e-01 3.187667471928e-01 2.624201143027e-01 2.147653928222e-01 1.747070127084e-01 1.412067663734e-01 1.132610556624e-01 8.987572445266e-02 7.014150724129e-02 5.335882066830e-02 3.911285279320e-02 2.725764604689e-02 1.780693443148e-02 1.075984320743e-02
2.964387100485e-09 1.384533007263e-08 6.154497345726e-08 2.582054009469e-07 1.014521163758e-06 3.706949423832e-06 1.251649249913e-05 3.883684976176e-05 1.102178159670e-04 2.850213140213e-04 6.698879055763e-04 1.429423560814e-03 2.771744304842e-03 4.901433644280e-03 7.959056691026e-03 1.199462963237e-02 1.701201311139e-02 2.306166937758e-02 3.030981957123e-02 3.904336427655e-02 4.964793944342e-02 6.260426635437e-02 7.847635002512e-02 9.785858952379e-02 1.213448087024e-01 1.495860823335e-01 1.833511932867e-01 2.234887120019e-01 2.709351772373e-01 3.269479965187e-01 3.932925615471e-01 4.719038116303e-01 5.641974530055e-01 6.708127113905e-01 7.919783138408e-01 9.278182687327e-01 1.078364674788e+00 1.243895301967e+00 1.425462276925e+00 1.624390810468e+00 1.840850184804e+00 2.073563573675e+00 2.321197733094e+00 2.582909925925e+00 2.856838325820e+00 3.139354756923e+00 3.426896572976e+00 3.717185796658e+00 4.007263104762e+00 4.291850107426e+00 4.565532669685e+00 4.825104776623e+00 5.067591329030e+00 5.287547110761e+00 5.479076221057e+00 5.639237093678e+00 5.766511367699e+00 5.857211125181e+00 5.906886953813e+00 5.914597324985e+00 5.882664647111e+00 5.813328192888e+00 5.709369688716e+00 5.577027034001e+00 5.423370379160e+00 5.249696276765e+00 5.050797373057e+00 4.821771347644e+00 4.563425849860e+00 4.281420358985e+00 3.983607583146e+00 3.679004650408e+00 3.376191397919e+00 3.080610211384e+00 2.794272946005e+00 2.518461256327e+00 2.255410749447e+00 2.007229425911e+00 1.774860098936e+00 1.558841327549e+00 1.360043781007e+00 1.179065966719e+00 1.015634100592e+00 8.690519745700e-01 7.387375156431e-01 6.240170867016e-01 5.238212195614e-01 4.368945380494e-01 3.620922295730e-01 2.983182362748e-01 2.443746700875e-01 1.990280800964e-01 1.611244390710e-01 1.295546244544e-01 1.031936574956e-01 8.097565210581e-02 6.205046249734e-02 4.589165248267e-02 3.230397750494e-02 2.132118939205e-02 1.300626582052e-02
2.050037208909e-09 1.005792319252e-08 4.688633548938e-08 2.058655414254e-07 8.445740213122e-07 3.214020845425e-06 1.127171294474e-05 3.622277460446e-05 1.061492815198e-04 2.825595864977e-04 6.813674497960e-04 1.486618183726e-03 2.936945178931e-03 5.271832062622e-03 8.657312903245e-03 1.314849956234e-02 1.873883546089e-02 2.547296679600e-02 3.353246605264e-02 4.323887695367e-02 5.502261219645e-02 6.942184515461e-02 8.707603499244e-02 1.086593212836e-01 1.348324537572e-01 1.663158582435e-01 2.039761807528e-01 2.487680435075e-01 3.017081072997e-01 3.641625204719e-01 4.381397704002e-01 5.259181852477e-01 6.291625542489e-01 7.485716362416e-01 8.843697164478e-01 1.036703929585e+00 1.205568349703e+00 1.391166207604e+00 1.594697895456e+00 1.817869573921e+00 2.060999391839e+00 2.322496370297e+00 2.600737187452e+00 2.894983316310e+00 3.203351121980e+00 3.521560607303e+00 3.845347601296e+00 4.172377903425e+00 4.499683614690e+00 4.821128214496e+00 5.130181107506e+00 5.423395183834e+00 5.697929412177e+00 5.947533729547e+00 6.164978757610e+00 6.346973688176e+00 6.492404072881e+00 6.597121003927e+00 6.655409987816e+00 6.665954603524e+00 6.631779090036e+00 6.555378411211e+00 6.439260095210e+00 6.290523398964e+00 6.118271547980e+00 5.924709069458e+00 5.703350244861e+00 5.447637670703e+00 5.158140949303e+00 4.841319295330e+00 4.505962626216e+00 4.162321448485e+00 3.820572707412e+00 3.487224525376e+00 3.164343039291e+00 2.853052650378e+00 2.555949785245e+00 2.275634551011e+00 2.013128963231e+00 1.768888341133e+00 1.543947961722e+00 1.339136544702e+00 1.154148613337e+00 9.881134931348e-01 8.403900865578e-01 7.103014909539e-01 5.966531689801e-01 4.979860970366e-01 4.130106772421e-01 3.405326766863e-01 2.792172187085e-01 2.276654763888e-01 1.845888499284e-01 1.487648890377e-01 1.189249260708e-01 9.382114889054e-02 7.242079011293e-02 5.405380624995e-02 3.845073555026e-02 2.565748258854e-02 1.581437812247e-02
1.407294402299e-09 7.263831439199e-09 3.555710344179e-08 1.635787596544e-07 7.014088667506e-07 2.782357528117e-06 1.014280100010e-05 3.378091220235e-05 1.022814995956e-04 2.804140579771e-04 6.941377092248e-04 1.549317789467e-03 3.119953688643e-03 5.687226712014e-03 9.448609459046e-03 1.446599409629e-02 2.071952430685e-02 2.824509137188e-02 3.724146980004e-02 4.807093952823e-02 6.121526818094e-02 7.727777267659e-02 9.698615750200e-02 1.211096582738e-01 1.503861277806e-01 1.856128114835e-01 2.277709506633e-01 2.779441916074e-01 3.372392219331e-01 4.071325634545e-01 4.899081424051e-01 5.882606967169e-01 7.041630835614e-01 8.383771009519e-01 9.911111200829e-01 1.162551556768e+00 1.352655285700e+00 1.561505725216e+00 1.790449739194e+00 2.041679040940e+00 2.315738144091e+00 2.610636880865e+00 2.924349373122e+00 3.256295360606e+00 3.604656195333e+00 3.964365748691e+00 4.330234995710e+00 4.699887890253e+00 5.070484803431e+00 5.434888071414e+00 5.785112218735e+00 6.117414851182e+00 6.429287660138e+00 6.713586707801e+00 6.961344069653e+00 7.168792402552e+00 7.335478339824e+00 7.456816242655e+00 7.525436281104e+00 7.539461522256e+00 7.502887584884e+00 7.418600872862e+00 7.288574026986e+00 7.120740823060e+00 6.926787732337e+00 6.710273517054e+00 6.463180126133e+00 6.176785722508e+00 5.851319835105e+00 5.494238189881e+00 5.115374303988e+00 4.726330008562e+00 4.339222875055e+00 3.961945096668e+00 3.596607888295e+00 3.244037665770e+00 2.907247490601e+00 2.589496225370e+00 2.291906694349e+00 2.014772411862e+00 1.759311954834e+00 1.526675489579e+00 1.316535260821e+00 1.127782325248e+00 9.596969999477e-01 8.116268849254e-01 6.822437366746e-01 5.698341734602e-01 4.729320562513e-01 3.902414614375e-01 3.202750433791e-01 2.614343595083e-01 2.122720010814e-01 1.714447336908e-01 1.375283126178e-01 1.090649588747e-01 8.480189054686e-02 6.388674941767e-02 4.594285961983e-02 3.101386761748e-02 1.933055402293e-02
9.591289156880e-10 5.215934647368e-09 2.684528317071e-08 1.295406099896e-07 5.810950599845e-07 2.404748404440e-06 9.118483409142e-06 3.149389043949e-05 9.857902935930e-05 2.784972619022e-04 7.080337672720e-04 1.617452553976e-03 3.321623222528e-03 6.151463854943e-03 1.034326850654e-02 1.596805445671e-02 2.298917882583e-02 3.142981501374e-02 4.150782506231e-02 5.363354210917e-02 6.834773540073e-02 8.632722498053e-02 1.084026899351e-01 1.354571919929e-01 1.683178459340e-01 2.078660813363e-01 2.552165871099e-01 3.116108792029e-01 3.782583993792e-01 4.567440593480e-01 5.496605814647e-01 6.602073110197e-01 7.907406238067e-01 9.420887842966e-01 1.114425514014e+00 1.307998273864e+00 1.522734852147e+00 1.758539524604e+00 2.016889398903e+00 2.300589706196e+00 2.610523522153e+00 2.944200962635e+00 3.299036464060e+00 3.674670271412e+00 4.069483275216e+00 4.477473374927e+00 4.892227604020e+00 5.311332391372e+00 5.732281521937e+00 6.146791437539e+00 6.544978096225e+00 6.922709393232e+00 7.278093296130e+00 7.603030216293e+00 7.886289569616e+00 8.123426352834e+00 8.314996500651e+00 8.456066966908e+00 8.537113891800e+00 8.555415704795e+00 8.516290665857e+00 8.423242344829e+00 8.277360737713e+00 8.087292825434e+00 7.867975785852e+00 7.624949580751e+00 7.348387757563e+00 7.026736309861e+00 6.659734344328e+00 6.256097487605e+00 5.826826106550e+00 5.384966327183e+00 4.944979917577e+00 4.516569074247e+00 4.101894218760e+00 3.701279234573e+00 3.318202128362e+00 2.956805074648e+00 2.618352662165e+00 2.302862539850e+00 2.011744853182e+00 1.746595076542e+00 1.507087064746e+00 1.291787826171e+00 1.099866516904e+00 9.307361647033e-01 7.829332780371e-01 6.544259049868e-01 5.435282338260e-01 4.488420566009e-01 3.687141596268e-01 3.013042127659e-01 2.449740327847e-01 1.982524345587e-01 1.595497849229e-01 1.271676655769e-01 9.958983798955e-02 7.573534970547e-02 5.507765249090e-02 3.763470942358e-02 2.373877896827e-02
6.491143233770e-10 3.724530126040e-09 2.017954436232e-08 1.022433526635e-07 4.802346545856e-07 2.074822653108e-06 8.188824097386e-06 2.934681263137e-05 9.501072177682e-05 2.767245884125e-04 7.228770732024e-04 1.690899962419e-03 3.542741967593e-03 6.668519243844e-03 1.135244825163e-02 1.767791724152e-02 2.558734941305e-02 3.508592425674e-02 4.641239265064e-02 6.003393065003e-02 7.655927451026e-02 9.674772997946e-02 1.215497466643e-01 1.519850543284e-01 1.889847859114e-01 2.335215125165e-01 2.868641737293e-01 3.504482081178e-01 4.256027140222e-01 5.140142874111e-01 6.186172055775e-01 7.432211461584e-01 8.906627610866e-01 1.061840862896e+00 1.256865309506e+00 1.476072550733e+00 1.719380968539e+00 1.986440315277e+00 2.278819758810e+00 2.600091442890e+00 2.951636389895e+00 3.330350405446e+00 3.732871558428e+00 4.159126594212e+00 4.607895059856e+00 5.072079619412e+00 5.543646528376e+00 6.020125811409e+00 6.499639500306e+00 6.972626663957e+00 7.426728868568e+00 7.857264416037e+00 8.263348578730e+00 8.635918312504e+00 8.960811054413e+00 9.232591896401e+00 9.453284372667e+00 9.617800349653e+00 9.713835732347e+00 9.737397024253e+00 9.695570042851e+00 9.592835191806e+00 9.428953482518e+00 9.213020283615e+00 8.964016135898e+00 8.690331064061e+00 8.380049581787e+00 8.017914660016e+00 7.602950172974e+00 7.145483354465e+00 6.657833198129e+00 6.154538686136e+00 5.652869025082e+00 5.164903205056e+00 4.692884433558e+00 4.236345002175e+00 3.799254923132e+00 3.386938601823e+00 3.000876551842e+00 2.640650422419e+00 2.307849207012e+00 2.004678747599e+00 1.730862706146e+00 1.484531013382e+00 1.264688248671e+00 1.070870123165e+00 9.014891487178e-01 7.541146116951e-01 6.267814027051e-01 5.179919105209e-01 4.259185442648e-01 3.484276526852e-01 2.836474960961e-01 2.299716648745e-01 1.856389220929e-01 1.486772575055e-01 1.172566246748e-01 9.001271305139e-02 6.621512867761e-02 4.582073262654e-02 2.926977640853e-02
4.363306006521e-10 2.645208270302e-09 1.510452347941e-08 8.043369236361e-08 3.959012713945e-07 1.786970526369e-06 7.345139224216e-06 2.732731265231e-05 9.155056895741e-05 2.750173347879e-04 7.384813888183e-04 1.769489530343e-03 3.784026727215e-03 7.242483148028e-03 1.248817127943e-02 1.962130988341e-02 2.855855016050e-02 3.928014072146e-02 5.204725253849e-02 6.739444980540e-02 8.600905271691e-02 1.087424001388e-01 1.366836410635e-01 1.710169763421e-01 2.127957512139e-01 2.630899032739e-01 3.233449700398e-01 3.952350663673e-01 4.802319108997e-01 5.801112497826e-01 6.981787203411e-01 8.389798674578e-01 1.005955765854e+00 1.200082007351e+00 1.421360728424e+00 1.670251462723e+00 1.946700132738e+00 2.250009273196e+00 2.581770138628e+00 2.946501216162e+00 3.346303685656e+00 3.777334660125e+00 4.235161377417e+00 4.720058304917e+00 5.231487603241e+00 5.761099481405e+00 6.298719008766e+00 6.841757106392e+00 7.389373134137e+00 7.930634365950e+00 8.449970071744e+00 8.941887057360e+00 9.407030407294e+00 9.835458714498e+00 1.020923597133e+01 1.052146250695e+01 1.077621512470e+01 1.096859822152e+01 1.108275763156e+01 1.111279748201e+01 1.106811660764e+01 1.095472467561e+01 1.077050372527e+01 1.052452448510e+01 1.024072734024e+01 9.931539388157e+00 9.582702716857e+00 9.174129916069e+00 8.703791207484e+00 8.184091385338e+00 7.628868182416e+00 7.054132913495e+00 6.480477762495e+00 5.923106387442e+00 5.384433708863e+00 4.862802807155e+00 4.362659578736e+00 3.890902493527e+00 3.449356252170e+00 3.036948906882e+00 2.655398446788e+00 2.307736289845e+00 1.993822885034e+00 1.711205757774e+00 1.458639335509e+00 1.235858283105e+00 1.041183451158e+00 8.716872304273e-01 7.250419989030e-01 5.996569681287e-01 4.935306415601e-01 4.041747950483e-01 3.294264286384e-01 2.675355173085e-01 2.165686065018e-01 1.742456296102e-01 1.383644391737e-01 1.072130715371e-01 7.979033894937e-02 5.594110222440e-02 3.621219998343e-02
2.913927070626e-10 1.868923918707e-09 1.125959413775e-08 6.307465766274e-08 3.255817967298e-07 1.536260195974e-06 6.579882529778e-06 2.542551242157e-05 8.817839126526e-05 2.733058925102e-04 7.546603421763e-04 1.853012290350e-03 4.046125041978e-03 7.877555415096e-03 1.376336662225e-02 2.182668027837e-02 3.195285970135e-02 4.408821451509e-02 5.851732164170e-02 7.585474328471e-02 9.687909666748e-02 1.225438064080e-01 1.540977584158e-01 1.929233438682e-01 2.402188841965e-01 2.971568664606e-01 3.653826189505e-01 4.468639656205e-01 5.432468380484e-01 6.563767976974e-01 7.899544551980e-01 9.494085473233e-01 1.138943621774e+00 1.359623093145e+00 1.611277656363e+00 1.894529121452e+00 2.209412472340e+00 2.554773067761e+00 2.932110106002e+00 3.347092082337e+00 3.802844350536e+00 4.294659710784e+00 4.816640728403e+00 5.369451678593e+00 5.953629601804e+00 6.559436023651e+00 7.173881710382e+00 7.794121304680e+00 8.420901437056e+00 9.041895683349e+00 9.637389453527e+00 1.020066312981e+01 1.073456859278e+01 1.122851842378e+01 1.165976486167e+01 1.201923678810e+01 1.231378911527e+01 1.253929153493e+01 1.267541737493e+01 1.271345660346e+01 1.266576384791e+01 1.254069959602e+01 1.233361986033e+01 1.205280721340e+01 1.172818546197e+01 1.137781622135e+01 1.098492535764e+01 1.052314986493e+01 9.988897212783e+00 9.397258817630e+00 8.763871469969e+00 8.106099701381e+00 7.448408516349e+00 6.810102041454e+00 6.193950740589e+00 5.596576113309e+00 5.022807555134e+00 4.481621623248e+00 3.975399916290e+00 3.502130961448e+00 3.063551299852e+00 2.663791380339e+00 2.302994631811e+00 1.977944900729e+00 1.687012947276e+00 1.430228901052e+00 1.205886896988e+00 1.010445715229e+00 8.410988816821e-01 6.961705422849e-01 5.735003489332e-01 4.701747543477e-01 3.836616028764e-01 3.120557247239e-01 2.532589469551e-01 2.046485899605e-01 1.635829749771e-01 1.279273623932e-01 9.632820960588e-02 6.844804494102e-02 4.492640657468e-02
1.933998006947e-10 1.313975915829e-09 8.360876246315e-09 4.931180781990e-08 2.671222649277e-07 1.318354640652e-06 5.886509531350e-06 2.363388872354e-05 8.488033981129e-05 2.715330131159e-04 7.712368246701e-04 1.941236818441e-03 4.329631583800e-03 8.578064236638e-03 1.519195002172e-02 2.432550166240e-02 3.582667753887e-02 4.959629714688e-02 6.594239233418e-02 8.557452116987e-02 1.093779910218e-01 1.384188394284e-01 1.741286940344e-01 2.181288103823e-01 2.717913164191e-01 3.363951770777e-01 4.138084734217e-01 5.063596493184e-01 6.159124383618e-01 7.443554677669e-01 8.957974885367e-01 1.076720926697e+00 1.292296852433e+00 1.543696715306e+00 1.830489922796e+00 2.153502212106e+00 2.512952677041e+00 2.907104476071e+00 3.337191400306e+00 3.810254417663e+00 4.330851189863e+00 4.893297828055e+00 5.489714518576e+00 6.121155911109e+00 6.789760385625e+00 7.484314435163e+00 8.188157522956e+00 8.897932660744e+00 9.616691208762e+00 1.033081385174e+01 1.101528652083e+01 1.166152611981e+01 1.227544108863e+01 1.284625074719e+01 1.334514235489e+01 1.375984458886e+01 1.410085529916e+01 1.436569750155e+01 1.452850130544e+01 1.457645046665e+01 1.452557554543e+01 1.438777401954e+01 1.415515740919e+01 1.383406517737e+01 1.346149538424e+01 1.306326010218e+01 1.262005546145e+01 1.209741281033e+01 1.148941586687e+01 1.081462424367e+01 1.009088258493e+01 9.336658496522e+00 8.580841010771e+00 7.848090386683e+00 7.141869108486e+00 6.456384191946e+00 5.796632207522e+00 5.174301585482e+00 4.592670430241e+00 4.048425491776e+00 3.543118123672e+00 3.082314696690e+00 2.666674854342e+00 2.292001071909e+00 1.956077835110e+00 1.659345764306e+00 1.400185150041e+00 1.174307727056e+00 9.782664246636e-01 8.103065460261e-01 6.681457660063e-01 5.483669459867e-01 4.479642169079e-01 3.648590296954e-01 2.968070401436e-01 2.408106878619e-01 1.937108984696e-01 1.528624968954e-01 1.164617815469e-01 8.389481687062e-02 5.586157859623e-02
1.276234782888e-10 9.196108394704e-10 6.186185540337e-09 3.844374116358e-08 2.186788627334e-07 1.129432448008e-06 5.259331232237e-06 2.194706613892e-05 8.164922360299e-05 2.696572057764e-04 7.880548129146e-04 2.033934911468e-03 4.635129064192e-03 9.348533534389e-03 1.678899277448e-02 2.715274058634e-02 4.024377920658e-02 5.590281307083e-02 7.445990273966e-02 9.673730650641e-02 1.237458574337e-01 1.566752467561e-01 1.971645359119e-01 2.471225712339e-01 3.081321267131e-01 3.815813127496e-01 4.695821998535e-01 5.749041107892e-01 6.996884964706e-01 8.458329074431e-01 1.017851620428e+00 1.223474822874e+00 1.469097967446e+00 1.756036646644e+00 2.083475818922e+00 2.452484312095e+00 2.863604461808e+00 3.314382414379e+00 3.805536439366e+00 4.345710742495e+00 4.941432839870e+00 5.585965455702e+00 6.268778259022e+00 6.991242603749e+00 7.757785544136e+00 8.555723618257e+00 9.363653032138e+00 1.017727165598e+01 1.100284394756e+01 1.182574945485e+01 1.261426967300e+01 1.335700811688e+01 1.406396046471e+01 1.472492086946e+01 1.530353826231e+01 1.578287604938e+01 1.617806205123e+01 1.648958836675e+01 1.668484850565e+01 1.674512669348e+01 1.669088114608e+01 1.653921222279e+01 1.627825109043e+01 1.591072892075e+01 1.548180350157e+01 1.502779331923e+01 1.452713018334e+01 1.393495660896e+01 1.324190713401e+01 1.247098878753e+01 1.164286157970e+01 1.077668316204e+01 9.906266388096e+00 9.063217051352e+00 8.252260153356e+00 7.464313547525e+00 6.704134754363e+00 5.986899633711e+00 5.317306543625e+00 4.690300408130e+00 4.106906589342e+00 3.574526971199e+00 3.094694091099e+00 2.661980277824e+00 2.273284860471e+00 1.929585669098e+00 1.629529339851e+00 1.367936417710e+00 1.140496934539e+00 9.453743115658e-01 7.802316735056e-01 6.410670499397e-01 5.242621050065e-01 4.275341779616e-01 3.485254568461e-01 2.838372262094e-01 2.297034880180e-01 1.828660944860e-01 1.409554164600e-01 1.029584097961e-01 6.957745553741e-02
8.377877260159e-11 6.409827558044e-10 4.562590079383e-09 2.989670853271e-08 1.786745699370e-07 9.661157402399e-07 4.693368993214e-06 2.036156648315e-05 7.848472441734e-05 2.676564674149e-04 8.049947984585e-04 2.130922283114e-03 4.963271582313e-03 1.019384532471e-02 1.857107564916e-02 3.034766268859e-02 4.527695502212e-02 6.312125827481e-02 8.422904276262e-02 1.095559686788e-01 1.402616544336e-01 1.776711787441e-01 2.236569917139e-01 2.804734389436e-01 3.499612753335e-01 4.336195195732e-01 5.338217971717e-01 6.538731420031e-01 7.962743607081e-01 9.628914396909e-01 1.158619373013e+00 1.392652778013e+00 1.672936782467e+00 2.000993063034e+00 2.375457811452e+00 2.797671592446e+00 3.268695008658e+00 3.785222118926e+00 4.347109107787e+00 4.964825352751e+00 5.647562665451e+00 6.387522026469e+00 7.170676902910e+00 7.998521629403e+00 8.878645255251e+00 9.797047936284e+00 1.072626782043e+01 1.166036629944e+01 1.260993563478e+01 1.355992630398e+01 1.447024634035e+01 1.532530737745e+01 1.614039438906e+01 1.690707912608e+01 1.757979435675e+01 1.813489627413e+01 1.859320581352e+01 1.896006320106e+01 1.919486642957e+01 1.927056234628e+01 1.921273749927e+01 1.904597387824e+01 1.875376290585e+01 1.833291845459e+01 1.783772167803e+01 1.731852389057e+01 1.675220433401e+01 1.608071796038e+01 1.528960817209e+01 1.440751990109e+01 1.345883268759e+01 1.246279318084e+01 1.145850876856e+01 1.048650499360e+01 9.553684330829e+00 8.646608809053e+00 7.769112993005e+00 6.940778203575e+00 6.168505590292e+00 5.444990486190e+00 4.770198236347e+00 4.153817623183e+00 3.598779996142e+00 3.098162358495e+00 2.647550267724e+00 2.248582437833e+00 1.900442667892e+00 1.596917691111e+00 1.332534059507e+00 1.105348351085e+00 9.130768621247e-01 7.510567338085e-01 6.148760330100e-01 5.019959205778e-01 4.099947693902e-01 3.350578496012e-01 2.727101588261e-01 2.189599368508e-01 1.707358460331e-01 1.264695238570e-01 8.677288034603e-02
5.474704162943e-11 4.452255127325e-10 3.356228144995e-09 2.320301400414e-08 1.457615652197e-07 8.254076474221e-07 4.184222472340e-06 1.887555492648e-05 7.539361411654e-05 2.655327959439e-04 8.219949506325e-04 2.232123254974e-03 5.314940336503e-03 1.111957590778e-02 2.055700028093e-02 3.395529752488e-02 5.101075998103e-02 7.138471819158e-02 9.543730394392e-02 1.242815164585e-01 1.592547076581e-01 2.018301856073e-01 2.541404689114e-01 3.188536383094e-01 3.981294102617e-01 4.935795092842e-01 6.078506382040e-01 7.448937753860e-01 9.076790799917e-01 1.097996662829e+00 1.321067853225e+00 1.587788242381e+00 1.908059940142e+00 2.283712635238e+00 2.712620286714e+00 3.196401266284e+00 3.736897987366e+00 4.329832004758e+00 4.973733345797e+00 5.681084143565e+00 6.464620563931e+00 7.315587067861e+00 8.215412000735e+00 9.165337160269e+00 1.017719323124e+01 1.123604137477e+01 1.230678327509e+01 1.338079169520e+01 1.447430930303e+01 1.557282300188e+01 1.662593684174e+01 1.761191923735e+01 1.855268173610e+01 1.944335606063e+01 2.022732282218e+01 2.087144379625e+01 2.140328584902e+01 2.183563744731e+01 2.211867734641e+01 2.221376887516e+01 2.215214355984e+01 2.196890411947e+01 2.164246624409e+01 2.116063131337e+01 2.058747266336e+01 1.999180386508e+01 1.935033829585e+01 1.858848249956e+01 1.768432943741e+01 1.667355540891e+01 1.558559210232e+01 1.443897663430e+01 1.327824551831e+01 1.215524442331e+01 1.108045842370e+01 1.003484455924e+01 9.020240095650e+00 8.061674299507e+00 7.169386374582e+00 6.333275182137e+00 5.551449576957e+00 4.836361876340e+00 4.193092647142e+00 3.612970556047e+00 3.089669778741e+00 2.625584341822e+00 2.220822975060e+00 1.868018508090e+00 1.560135613717e+00 1.295057210872e+00 1.070710467463e+00 8.817137250899e-01 7.226298105308e-01 5.905775266710e-01 4.831397176633e-01 3.960896638117e-01 3.241286080190e-01 2.623880212659e-01 2.069362627487e-01 1.554543629367e-01 1.083250648953e-01
3.564379780145e-11 3.084233505102e-10 2.464051298094e-09 1.798280358463e-08 1.187891713287e-07 7.046408210461e-07 3.727962163043e-06 1.748863275162e-05 7.239016126991e-05 2.633182370973e-04 8.390813733034e-04 2.337673168011e-03 5.691517517046e-03 1.213263026460e-02 2.276913563060e-02 3.802908770801e-02 5.754624813952e-02 8.085341484508e-02 1.083113035297e-01 1.412175943554e-01 1.811236380707e-01 2.296657181010e-01 2.892632430683e-01 3.630777959962e-01 4.536666717690e-01 5.627579149577e-01 6.932741000102e-01 8.499381349971e-01 1.036335944838e+00 1.254138178373e+00 1.508800435792e+00 1.813170987354e+00 2.179615055621e+00 2.610431886585e+00 3.102463063996e+00 3.657571322133e+00 4.278725679314e+00 4.960591073334e+00 5.699768167873e+00 6.510869606508e+00 7.411270243685e+00 8.391537310610e+00 9.427279914759e+00 1.051884919525e+01 1.168361511386e+01 1.290639733772e+01 1.414260979266e+01 1.537939350280e+01 1.664015251210e+01 1.791240821514e+01 1.913329580304e+01 2.027224047350e+01 2.135917870446e+01 2.239533550106e+01 2.331113290841e+01 2.406020860511e+01 2.467777709896e+01 2.518757398345e+01 2.552952816291e+01 2.564918357634e+01 2.558355105019e+01 2.538220909430e+01 2.501850014509e+01 2.446718889367e+01 2.380227273581e+01 2.311648532465e+01 2.238873951462e+01 2.152395274450e+01 2.048943129355e+01 1.932943551487e+01 1.808038222412e+01 1.675912133852e+01 1.541537692517e+01 1.411516461578e+01 1.287463441133e+01 1.166774737796e+01 1.049273871055e+01 9.381206331452e+00 8.348330113756e+00 7.380682066341e+00 6.473373781099e+00 5.642074226886e+00 4.895051924885e+00 4.221694218790e+00 3.612953653863e+00 3.072002839066e+00 2.600407770784e+00 2.189582357302e+00 1.830413258495e+00 1.520471559316e+00 1.258110929000e+00 1.037209989222e+00 8.510171771817e-01 6.961709616358e-01 5.703449859392e-01 4.689332001810e-01 3.856868509405e-01 3.146890409502e-01 2.509621581978e-01 1.911959018265e-01 1.353460899400e-01
2.314596264411e-11 2.132963970955e-10 1.807179585558e-09 1.392881176584e-08 9.677685698754e-08 6.014374354593e-07 3.321055266237e-06 1.620172834524e-05 6.949694585067e-05 2.610833938540e-04 8.564116080514e-04 2.448075405758e-03 6.095335991667e-03 1.324233435237e-02 2.523576508265e-02 4.263542859278e-02 6.500887472076e-02 9.172706351677e-02 1.231343712370e-01 1.607440031148e-01 2.063670043859e-01 2.618206465340e-01 3.298377110118e-01 4.141659530324e-01 5.178615586841e-01 6.427773251309e-01 7.921029187628e-01 9.714748376011e-01 1.185287373455e+00 1.435056052224e+00 1.726332513158e+00 2.074177816714e+00 2.494044821170e+00 2.988949967326e+00 3.554369425367e+00 4.192314634703e+00 4.907319653724e+00 5.692974547674e+00 6.543187066500e+00 7.474701172812e+00 8.510866603266e+00 9.642104925329e+00 1.083669080044e+01 1.209308092402e+01 1.343569892175e+01 1.485026036097e+01 1.628057369449e+01 1.770735276529e+01 1.916281350687e+01 2.063870940594e+01 2.205736697804e+01 2.337570801439e+01 2.463302917605e+01 2.584013043057e+01 2.691263880807e+01 2.778606875324e+01 2.850382228792e+01 2.910517383183e+01 2.951919424752e+01 2.967018758578e+01 2.960041547431e+01 2.937895937828e+01 2.897482811475e+01 2.834466452691e+01 2.757166025711e+01 2.677906336439e+01 2.595172332843e+01 2.496957449607e+01 2.378449540831e+01 2.245094720027e+01 2.101508323576e+01 1.949097018416e+01 1.793272659595e+01 1.642383285984e+01 1.498909791337e+01 1.359403981046e+01 1.223098841944e+01 1.093922407680e+01 9.741072858386e+00 8.619358769099e+00 7.564618505327e+00 6.596088720292e+00 5.726623420936e+00 4.943608900284e+00 4.234207558678e+00 3.602260508690e+00 3.051493969799e+00 2.572139942765e+00 2.152354952994e+00 1.789147235997e+00 1.481574298300e+00 1.222816746385e+00 1.004457479496e+00 8.224413633278e-01 6.746328276155e-01 5.561198060471e-01 4.595689216692e-01 3.778070510405e-01 3.045911418608e-01 2.353254279137e-01 1.692658553574e-01
1.501156393349e-11 1.474478124984e-10 1.325588521843e-09 1.079363384626e-08 7.889162224021e-08 5.136799706244e-07 2.960329177591e-06 1.501711837979e-05 6.674621637808e-05 2.589489121025e-04 8.743337012315e-04 2.564423555011e-03 6.530343873934e-03 1.446210124208e-02 2.799470965038e-02 4.786064211927e-02 7.356048557225e-02 1.042634312216e-01 1.402728537211e-01 1.833518654242e-01 2.356290668083e-01 2.991261546894e-01 3.769152436184e-01 4.734375554750e-01 5.923786106444e-01 7.357337722049e-01 9.069367648726e-01 1.112694637943e+00 1.358460695981e+00 1.645578116752e+00 1.979501828473e+00 2.377765527431e+00 2.859675417796e+00 3.429333435038e+00 4.080450370913e+00 4.814999885092e+00 5.639624891300e+00 6.546926940751e+00 7.527177055243e+00 8.599074230275e+00 9.793546259425e+00 1.110175104596e+01 1.248286491136e+01 1.393195269346e+01 1.548220437925e+01 1.712195337082e+01 1.878104488726e+01 2.043072149215e+01 2.211371503109e+01 2.382910303155e+01 2.548198694341e+01 2.701191525252e+01 2.846863024443e+01 2.987715771472e+01 3.113676662638e+01 3.215852358494e+01 3.299390029316e+01 3.370359838583e+01 3.420595904947e+01 3.439723913225e+01 3.432338166356e+01 3.407921606363e+01 3.363129109698e+01 3.291187394715e+01 3.201134099459e+01 3.109126239171e+01 3.014802759493e+01 2.903163019002e+01 2.767217400781e+01 2.613584005311e+01 2.448235605119e+01 2.272190938666e+01 2.091145684175e+01 1.915563942559e+01 1.749211677419e+01 1.587660754785e+01 1.429234075834e+01 1.278725076076e+01 1.139377298941e+01 1.009081203710e+01 8.862215894223e+00 7.730922237605e+00 6.716200093741e+00 5.803612738224e+00 4.975162014078e+00 4.235027258358e+00 3.589989008802e+00 3.029300046768e+00 2.537584899494e+00 2.110869617462e+00 1.749251054870e+00 1.445348893305e+00 1.188666997849e+00 9.741381815968e-01 7.999213309816e-01 6.609262841012e-01 5.485976772198e-01 4.542520889202e-01 3.701172993484e-01 2.899537916703e-01 2.119496281692e-01
9.740359391673e-12 1.020471692143e-10 9.738840026507e-10 8.379116479640e-09 6.442894748679e-08 4.394904729010e-07 2.642965016004e-06 1.393854171816e-05 6.418152000302e-05 2.570983652621e-04 8.934537700308e-04 2.688663930867e-03 7.002912657016e-03 1.581149454172e-02 3.109784658367e-02 5.381965693006e-02 8.341416782961e-02 1.188012523641e-01 1.602085919997e-01 2.096870803247e-01 2.697563125232e-01 3.426743891270e-01 4.318785227342e-01 5.426275018666e-01 6.794036469333e-01 8.443785380903e-01 1.041190492685e+00 1.277788866817e+00 1.561008674566e+00 1.892036333613e+00 2.275975346801e+00 2.733081054214e+00 3.287445093949e+00 3.944786432768e+00 4.696583081214e+00 5.544460128633e+00 6.497829961352e+00 7.548545372002e+00 8.682099537952e+00 9.918719243950e+00 1.129879991554e+01 1.281558567048e+01 1.441714645823e+01 1.609301221166e+01 1.788700969632e+01 1.979256360362e+01 2.172300928383e+01 2.363599675438e+01 2.558639999090e+01 2.758482351613e+01 2.951679460120e+01 3.129812685130e+01 3.298958490432e+01 3.463647422021e+01 3.612068966531e+01 3.732082527090e+01 3.829525659089e+01 3.913349624369e+01 3.974442590264e+01 3.998786752287e+01 3.991035299434e+01 3.964003902231e+01 3.914452089908e+01 3.832420559027e+01 3.727285139050e+01 3.619939273674e+01 3.511981919135e+01 3.384893881274e+01 3.228656911973e+01 3.051179540077e+01 2.860315711614e+01 2.656605272041e+01 2.445771060437e+01 2.240793030327e+01 2.047294339073e+01 1.859762684165e+01 1.675181269886e+01 1.499272486585e+01 1.336679459977e+01 1.184928166387e+01 1.041459855694e+01 9.089141796742e+00 7.900925443417e+00 6.834244655831e+00 5.864233420824e+00 4.994745484624e+00 4.236710090135e+00 3.578849937631e+00 3.001300783956e+00 2.498449150523e+00 2.071810464133e+00 1.713714982557e+00 1.411117577217e+00 1.157479564417e+00 9.513443770817e-01 7.876412148742e-01 6.564614870953e-01 5.472993104771e-01 4.505301959100e-01 3.578338783445e-01 2.658432354294e-01
6.336424618173e-12 7.084919934343e-11 7.179575655689e-10 6.527490754024e-09 5.279629653622e-08 3.772132328716e-07 2.366490124758e-06 1.297119992909e-05 6.185830992014e-05 2.557854753137e-04 9.146802736174e-04 2.823779438647e-03 7.522415520126e-03 1.731769830490e-02 3.461427578086e-02 6.066201173726e-02 9.484450804933e-02 1.357762142525e-01 1.835618514181e-01 2.405811787625e-01 3.098375541740e-01 3.938699712591e-01 4.965071666084e-01 6.239686451444e-01 7.817466374098e-01 9.722466071177e-01 1.199254357966e+00 1.472147101396e+00 1.799551134323e+00 2.182562679043e+00 2.625612120554e+00 3.151901173685e+00 3.791427593972e+00 4.552268518663e+00 5.423139707565e+00 6.404848745467e+00 7.510365675490e+00 8.731245676594e+00 1.004685629566e+01 1.147818831756e+01 1.307728447249e+01 1.484142045252e+01 1.670533344351e+01 1.865006731588e+01 2.073204296152e+01 2.295317511901e+01 2.520764014539e+01 2.743405946857e+01 2.970081491261e+01 3.203556476988e+01 3.430217721871e+01 3.638459851395e+01 3.835435282163e+01 4.028469251144e+01 4.204001237400e+01 4.345646032562e+01 4.459662773290e+01 4.558786766857e+01 4.633249742034e+01 4.664379829487e+01 4.656371142286e+01 4.626267752081e+01 4.571505313041e+01 4.478069570694e+01 4.355056549764e+01 4.229114676519e+01 4.104917722007e+01 3.959904619189e+01 3.779916245396e+01 3.574206191791e+01 3.353205824219e+01 3.116928821439e+01 2.870740191872e+01 2.630547524251e+01 2.404590364337e+01 2.186230416857e+01 1.970552596041e+01 1.764212867256e+01 1.573749975117e+01 1.396422504264e+01 1.228382802686e+01 1.072534977105e+01 9.328426566944e+00 8.077186242785e+00 6.937837330243e+00 5.912776239104e+00 5.018364616319e+00 4.243583940700e+00 3.562979844458e+00 2.968325165569e+00 2.462947870051e+00 2.039336620534e+00 1.681385929414e+00 1.380447055793e+00 1.135499022838e+00 9.417713190717e-01 7.878897474485e-01 6.611438029932e-01 5.496553125685e-01 4.424898505198e-01 3.340913281872e-01
4.143680169352e-12 4.946793413572e-11 5.323474734165e-10 5.113897251231e-09 4.349788115933e-08 3.253916641247e-07 2.128699209098e-06 1.212114454840e-05 5.984036037158e-05 2.553185312993e-04 9.391671037806e-04 2.973598730915e-03 8.100629767979e-03 1.901383845146e-02 3.862627365208e-02 6.856365604778e-02 1.081735662645e-01 1.557001090622e-01 2.110629685648e-01 2.770140286006e-01 3.571552809472e-01 4.543675601027e-01 5.728991085609e-01 7.200928889225e-01 9.027162407392e-01 1.123498772562e+00 1.386299293811e+00 1.702118813181e+00 2.081882001029e+00 2.526732563596e+00 3.040039605091e+00 3.648132253960e+00 4.388227016730e+00 5.271746763025e+00 6.284069781106e+00 7.424535396496e+00 8.710593229280e+00 1.013422464956e+01 1.166712851259e+01 1.332987175169e+01 1.518857625832e+01 1.724719888970e+01 1.942476894311e+01 2.168995456958e+01 2.411369894211e+01 2.671086532619e+01 2.935386471804e+01 3.195536658109e+01 3.459812949334e+01 3.733385322194e+01 4.000318754587e+01 4.244813758965e+01 4.474950637717e+01 4.701786584901e+01 4.910126815486e+01 5.078139481269e+01 5.212034447343e+01 5.329398055736e+01 5.420307590972e+01 5.460258601662e+01 5.452204159401e+01 5.418436996044e+01 5.357916318141e+01 5.251603910800e+01 5.107404349603e+01 4.958821177193e+01 4.815076540447e+01 4.649092782474e+01 4.441171707272e+01 4.201869783233e+01 3.945088571062e+01 3.670340201813e+01 3.382092216901e+01 3.099572334249e+01 2.834606974816e+01 2.579491184393e+01 2.326715120941e+01 2.083784540648e+01 1.859744193058e+01 1.651779743887e+01 1.454338105806e+01 1.270427894923e+01 1.105516240387e+01 9.581813831130e+00 8.239142032279e+00 7.026353526036e+00 5.966669904025e+00 5.050550202077e+00 4.245742348095e+00 3.540043805873e+00 2.938957634857e+00 2.435791527468e+00 2.010856091504e+00 1.652544784985e+00 1.360252028653e+00 1.129880895459e+00 9.485155985461e-01 8.007826061380e-01 6.720530855812e-01 5.481335182544e-01 4.204754464482e-01
2.733023629676e-12 3.484352543206e-11 3.981598229046e-10 4.039973644524e-09 3.611908375004e-08 2.827255211576e-07 1.927388417613e-06 1.139319955694e-05 5.818655833192e-05 2.559925039645e-04 9.680205750814e-04 3.141712605919e-03 8.748291185632e-03 2.092960079004e-02 4.320750307354e-02 7.768372241572e-02 1.236968382172e-01 1.790487304161e-01 2.433966141470e-01 3.199070218001e-01 4.129162526701e-01 5.257260713764e-01 6.630332310495e-01 8.334810625901e-01 1.045426748645e+00 1.302052424372e+00 1.607200218955e+00 1.973690847282e+00 2.415346380874e+00 2.933583619375e+00 3.530267635821e+00 4.234960554949e+00 5.093553655336e+00 6.122048551884e+00 7.301901834899e+00 8.630157832069e+00 1.012978930718e+01 1.179424769891e+01 1.358588538556e+01 1.552317029256e+01 1.768885636933e+01 2.009696034456e+01 2.264843907532e+01 2.529475310394e+01 2.812307820137e+01 3.116673879390e+01 3.427406702232e+01 3.732342592838e+01 4.041204033430e+01 4.362400946384e+01 4.677607187449e+01 4.965644716251e+01 5.235216365780e+01 5.502196635212e+01 5.750039520306e+01 5.950091707796e+01 6.107803666897e+01 6.246805926870e+01 6.357772643928e+01 6.409066408416e+01 6.401321084294e+01 6.363172444281e+01 6.296256110733e+01 6.175496153898e+01 6.006368973127e+01 5.830336110954e+01 5.663000148827e+01 5.472412964780e+01 5.231684429396e+01 4.952507239607e+01 4.653336398872e+01 4.333302946221e+01 3.995267006476e+01 3.662097999143e+01 3.350382102734e+01 3.051549594587e+01 2.754678482741e+01 2.467923715762e+01 2.203546168371e+01 1.958973619380e+01 1.726474713317e+01 1.508906918662e+01 1.313621843494e+01 1.139629837189e+01 9.810353102697e+00 8.371987322581e+00 7.112751762968e+00 6.026284245327e+00 5.072308719407e+00 4.232873567439e+00 3.515924963234e+00 2.916477471219e+00 2.410773414932e+00 1.983191702735e+00 1.633417678684e+00 1.358490377330e+00 1.143936218014e+00 9.711955877755e-01 8.222950083902e-01 6.790282977903e-01 5.288804198669e-01
1.825583674792e-12 2.485311497504e-11 3.014296954498e-10 3.228217826341e-09 3.030899177190e-08 2.479938857547e-07 1.759775293431e-06 1.078646676824e-05 5.692193132125e-05 2.579351648115e-04 1.001614660344e-03 3.328893608931e-03 9.466829955310e-03 2.306872587331e-02 4.837084792046e-02 8.806111380723e-02 1.415057941210e-01 2.059921119925e-01 2.808255799983e-01 3.696226132551e-01 4.775996772547e-01 6.085721172384e-01 7.677106211074e-01 9.651313988739e-01 1.211122544976e+00 1.509481385791e+00 1.863932986622e+00 2.289288038453e+00 2.802914554768e+00 3.406818968533e+00 4.100897156564e+00 4.917921612057e+00 5.913906237106e+00 7.110826488935e+00 8.485695709621e+00 1.003232282055e+01 1.178030897931e+01 1.372593856969e+01 1.582056138867e+01 1.807839575202e+01 2.060119953924e+01 2.341698980671e+01 2.640661447834e+01 2.949883408192e+01 3.279825088902e+01 3.636290352788e+01 4.001544633504e+01 4.359070839240e+01 4.719938908246e+01 5.096714781114e+01 5.468741729836e+01 5.808190888492e+01 6.123905726610e+01 6.437725558154e+01 6.732231226808e+01 6.970516863282e+01 7.156326686976e+01 7.320545326613e+01 7.455441571556e+01 7.520949660942e+01 7.514039170403e+01 7.470739578026e+01 7.396784547398e+01 7.260117388948e+01 7.062257187386e+01 6.853572905683e+01 6.658127463252e+01 6.438972685566e+01 6.160261039917e+01 5.834519166663e+01 5.485957209202e+01 5.113549383588e+01 4.717682596602e+01 4.325039147097e+01 3.958260202625e+01 3.608287830209e+01 3.259916470978e+01 2.921615376355e+01 2.609613894164e+01 2.322022384258e+01 2.048445244204e+01 1.791234783032e+01 1.560010921732e+01 1.354564127699e+01 1.167365115835e+01 9.969117196628e+00 8.473243057752e+00 7.184985046802e+00 6.054963842208e+00 5.057378703145e+00 4.202717876709e+00 3.488783689102e+00 2.887388725362e+00 2.377698145096e+00 1.959437797726e+00 1.631307884982e+00 1.377350426869e+00 1.175281147293e+00 1.003130048523e+00 8.378647931427e-01 6.619116237072e-01
1.241000666919e-12 1.802862404231e-11 2.318291433452e-10 2.616956322312e-09 2.576060699182e-08 2.199402523143e-07 1.621571603122e-06 1.028715837954e-05 5.599115888908e-05 2.608568371895e-04 1.038462689441e-03 3.528804429700e-03 1.023455025439e-02 2.537125862632e-02 5.398072962404e-02 9.944030351076e-02 1.611881602664e-01 2.359376426798e-01 3.225522351234e-01 4.251141534777e-01 5.498499560812e-01 7.011790049816e-01 8.847559529665e-01 1.112298040019e+00 1.396334047840e+00 1.741452171977e+00 2.151156305172e+00 2.642341879806e+00 3.236516506757e+00 3.936658164010e+00 4.740267895002e+00 5.683098288515e+00 6.832418366594e+00 8.217520336344e+00 9.810636149805e+00 1.160142947976e+01 1.362714507914e+01 1.588848156958e+01 1.832445650971e+01 2.094257242492e+01 2.386523304908e+01 2.713846753933e+01 3.062184949438e+01 3.421604139290e+01 3.804331313485e+01 4.219258880833e+01 4.646060985716e+01 5.062995102140e+01 5.482245175819e+01 5.921396232838e+01 6.357701760439e+01 6.755527225585e+01 7.123215141060e+01 7.489594413241e+01 7.837045748909e+01 8.119172573057e+01 8.336907520101e+01 8.529398169377e+01 8.691674348874e+01 8.774200468849e+01 8.768809367897e+01 8.719714966396e+01 8.638285573302e+01 8.484811744983e+01 8.255181688576e+01 8.009208100824e+01 7.781451744958e+01 7.530192192800e+01 7.209054732676e+01 6.830977727726e+01 6.427065711782e+01 5.996443458246e+01 5.536076475115e+01 5.076372118290e+01 4.647248940781e+01 4.239715490715e+01 3.833499622285e+01 3.436923159938e+01 3.070854258782e+01 2.734619799352e+01 2.414745572613e+01 2.112652224932e+01 1.840544241838e+01 1.599389742580e+01 1.379838078784e+01 1.179193389556e+01 1.002629776297e+01 8.508111652513e+00 7.178229241570e+00 6.000847039095e+00 4.988852851924e+00 4.143996432683e+00 3.433545378396e+00 2.830284494966e+00 2.333611263869e+00 1.944413809477e+00 1.645447359468e+00 1.410257466369e+00 1.212277790139e+00 1.022905668831e+00 8.184459284693e-01
8.628987487550e-13 1.335392010069e-11 1.816598526591e-10 2.155983003319e-09 2.219102677855e-08 1.971448218399e-07 1.505932936071e-06 9.860447647864e-06 5.520526987493e-05 2.637604637331e-04 1.073897830979e-03 3.722941086819e-03 1.099024875875e-02 2.766857545993e-02 5.964815169723e-02 1.110618448019e-01 1.814658553425e-01 2.669760537102e-01 3.659423783481e-01 4.828916584038e-01 6.251297404670e-01 7.977381727913e-01 1.006829654288e+00 1.265741461292e+00 1.589422130160e+00 1.983395073190e+00 2.450844353185e+00 3.010692010067e+00 3.688943568131e+00 4.489928618534e+00 5.408462290546e+00 6.482740253285e+00 7.791628526708e+00 9.372661193459e+00 1.119330512355e+01 1.323842940075e+01 1.555356701068e+01 1.814538272770e+01 2.094003215620e+01 2.393589357281e+01 2.727612626181e+01 3.102796308281e+01 3.503017894237e+01 3.915136868793e+01 4.353020805771e+01 4.829115099911e+01 5.320700681722e+01 5.800225409495e+01 6.280606930751e+01 6.785035297522e+01 7.289144120069e+01 7.748797958447e+01 8.171109320430e+01 8.592499668465e+01 8.995971485861e+01 9.324994009454e+01 9.576607024696e+01 9.798690313200e+01 9.990188851354e+01 1.009169318845e+02 1.008858404165e+02 1.003347017444e+02 9.944699569529e+01 9.774795944570e+01 9.512500634369e+01 9.226838492645e+01 8.964358195985e+01 8.679294521056e+01 8.313860423332e+01 7.880909749076e+01 7.419204576527e+01 6.928354477804e+01 6.401032325792e+01 5.870901010455e+01 5.375973714119e+01 4.908011159336e+01 4.441206539759e+01 3.983191515557e+01 3.559860446172e+01 3.172299538986e+01 2.803743334034e+01 2.454247758640e+01 2.138743931904e+01 1.859753929592e+01 1.606050280684e+01 1.373450356069e+01 1.168187610307e+01 9.919096639981e+00 8.377368112457e+00 7.009183902482e+00 5.829399118563e+00 4.844734931770e+00 4.018199961473e+00 3.315370853533e+00 2.734882890423e+00 2.280238128191e+00 1.933259565994e+00 1.663147223965e+00 1.438389215208e+00 1.224368544461e+00 9.905033652192e-01
6.161095853653e-13 1.012171997561e-11 1.451009260395e-10 1.803237342862e-09 1.932760683145e-08 1.779490458391e-07 1.402871164433e-06 9.445797537910e-06 5.421008067371e-05 2.647656553806e-04 1.099257748604e-03 3.877461670783e-03 1.162279411304e-02 2.965434749298e-02 6.466186183842e-02 1.215227780485e-01 1.999502100119e-01 2.955026213794e-01 4.059910873377e-01 5.363085838645e-01 6.947910101140e-01 8.871669246778e-01 1.119919168805e+00 1.407835117907e+00 1.768202715327e+00 2.207529729906e+00 2.728597781184e+00 3.352052275812e+00 4.108284355518e+00 5.003244945739e+00 6.029021835926e+00 7.225321336357e+00 8.681597218239e+00 1.044366884990e+01 1.247479958565e+01 1.475494953330e+01 1.733781871148e+01 2.023716247677e+01 2.336711796068e+01 2.671517452529e+01 3.044291944268e+01 3.463996014246e+01 3.912723759912e+01 4.374050089207e+01 4.863153080658e+01 5.396151827075e+01 5.948439791346e+01 6.486666307843e+01 7.023968279568e+01 7.589162367416e+01 8.156989677527e+01 8.675012263143e+01 9.148428490780e+01 9.621061694200e+01 1.007740474237e+02 1.045124065867e+02 1.073493910819e+02 1.098463413975e+02 1.120404961110e+02 1.132459313263e+02 1.132444407660e+02 1.126386580463e+02 1.116890348422e+02 1.098507961484e+02 1.069306883149e+02 1.036973619238e+02 1.007390349579e+02 9.757091489133e+01 9.350488204304e+01 8.866360188460e+01 8.351103786681e+01 7.805090070081e+01 7.216149874889e+01 6.620253233623e+01 6.063492179246e+01 5.539086757395e+01 5.015819045683e+01 4.500094930158e+01 4.022689610178e+01 3.586864314224e+01 3.172706631088e+01 2.778572699176e+01 2.421962472749e+01 2.107201040521e+01 1.821342942619e+01 1.558559240184e+01 1.326025040050e+01 1.126503349462e+01 9.522776811796e+00 7.973713357732e+00 6.633944967289e+00 5.515756429192e+00 4.578735210824e+00 3.781161980834e+00 3.120514423147e+00 2.603101571433e+00 2.210342873672e+00 1.907407077934e+00 1.658002435613e+00 1.421660994183e+00 1.160809430554e+00
4.519218121855e-13 7.836466915860e-12 1.177037362013e-10 1.523062284130e-09 1.690821343836e-08 1.605205918867e-07 1.299929613703e-06 8.961893079086e-06 5.251588035673e-05 2.612609496565e-04 1.102550684545e-03 3.945653983714e-03 1.197882276023e-02 3.090469809284e-02 6.803280605569e-02 1.288599238307e-01 2.132771194674e-01 3.164134039193e-01 4.355890971545e-01 5.759131665474e-01 7.465322364489e-01 9.536942376583e-01 1.204080737571e+00 1.513504168237e+00 1.901135741506e+00 2.374356645135e+00 2.935489829678e+00 3.606283979874e+00 4.420717258503e+00 5.386397080138e+00 6.492991915660e+00 7.780365323505e+00 9.345759042787e+00 1.124202912158e+01 1.342948084176e+01 1.588381070940e+01 1.866559720093e+01 2.179592159049e+01 2.517959629891e+01 2.879277136408e+01 3.281003798755e+01 3.734136770115e+01 4.219590980492e+01 4.718063904029e+01 5.245482698443e+01 5.821236250507e+01 6.419691705339e+01 7.002587705573e+01 7.582678666146e+01 8.193604239682e+01 8.810179092430e+01 9.373140155963e+01 9.885300842094e+01 1.039657864329e+02 1.089372445185e+02 1.130279991321e+02 1.161134051801e+02 1.188197251867e+02 1.212346228802e+02 1.226019135364e+02 1.226337916486e+02 1.219896728740e+02 1.210034056089e+02 1.190790217607e+02 1.159439980936e+02 1.124179307369e+02 1.091965057898e+02 1.057870898957e+02 1.014127347288e+02 9.618583748325e+01 9.063480272586e+01 8.477227679757e+01 7.842863098470e+01 7.197223850620e+01 6.593243196586e+01 6.026171247484e+01 5.460328978930e+01 4.900483482915e+01 4.381395493881e+01 3.908634095374e+01 3.459768843322e+01 3.031337943066e+01 2.642851187764e+01 2.300443924123e+01 1.989887448861e+01 1.703779156074e+01 1.449968487427e+01 1.232316308197e+01 1.042539770500e+01 8.735618719448e+00 7.270236254014e+00 6.046959365491e+00 5.023421676565e+00 4.151633315896e+00 3.427688801336e+00 2.860538700345e+00 2.431884629853e+00 2.103854157884e+00 1.836301904367e+00 1.583966759044e+00 1.303190575716e+00
3.387869170175e-13 6.152573744932e-12 9.611825227957e-11 1.286340462328e-09 1.470052969800e-08 1.431139947701e-07 1.184629776547e-06 8.325135541131e-06 4.961429649120e-05 2.505271159037e-04 1.071264109603e-03 3.878616988315e-03 1.189700062259e-02 3.097097104808e-02 6.870687925565e-02 1.309663414155e-01 2.178133089142e-01 3.241696369244e-01 4.470007320796e-01 5.914119326664e-01 7.669541860356e-01 9.801380905227e-01 1.237586706279e+00 1.555446165629e+00 1.953898381875e+00 2.440892088117e+00 3.018269652760e+00 3.707944609297e+00 4.545916688432e+00 5.541161317597e+00 6.681618423005e+00 8.005628047580e+00 9.613589066205e+00 1.156271345386e+01 1.381226753957e+01 1.633514429018e+01 1.919613822773e+01 2.242265953340e+01 2.591483732265e+01 2.963883952878e+01 3.377378168329e+01 3.844424051300e+01 4.345658137350e+01 4.859865102169e+01 5.402956334431e+01 5.996580073447e+01 6.615255492461e+01 7.217683902746e+01 7.815628488568e+01 8.445823733904e+01 9.084273723585e+01 9.667774148462e+01 1.019664423432e+02 1.072437360477e+02 1.124048225811e+02 1.166690453116e+02 1.198700440876e+02 1.226678549901e+02 1.251950069642e+02 1.266618793002e+02 1.267259250746e+02 1.260710361843e+02 1.250875380727e+02 1.231581740344e+02 1.199460505610e+02 1.162814580791e+02 1.129316724470e+02 1.094197787131e+02 1.049199641524e+02 9.953110712906e+01 9.382094686054e+01 8.781040555946e+01 8.129032039949e+01 7.461968208613e+01 6.837017111578e+01 6.251734509541e+01 5.667820169866e+01 5.088218818000e+01 4.549966284066e+01 4.060675126335e+01 3.596537053531e+01 3.152458213166e+01 2.748981185792e+01 2.393741698535e+01 2.071939981040e+01 1.774962588533e+01 1.510923623330e+01 1.284574583116e+01 1.087471815552e+01 9.117783489662e+00 7.590642149186e+00 6.315382098076e+00 5.249705307462e+00 4.341646269360e+00 3.585971287915e+00 2.993686368742e+00 2.547551536743e+00 2.208362635321e+00 1.933902392211e+00 1.676182766077e+00 1.387543699425e+00
2.566280046060e-13 4.837797760938e-12 7.799319093641e-11 1.072060641965e-09 1.253576161538e-08 1.244793142987e-07 1.048270447387e-06 7.478612438137e-06 4.516328935991e-05 2.307325335766e-04 9.968829439096e-04 3.642560242678e-03 1.126389641255e-02 2.953213518442e-02 6.591719913512e-02 1.262864198940e-01 2.108438619222e-01 3.145977610791e-01 4.343714143887e-01 5.750039886801e-01 7.458993863456e-01 9.534694826744e-01 1.203964290178e+00 1.512982827472e+00 1.900518313310e+00 2.374610807361e+00 2.936637660913e+00 3.607527642797e+00 4.423125920778e+00 5.393165323210e+00 6.504855486345e+00 7.793239507406e+00 9.355972646639e+00 1.125081381680e+01 1.343835346113e+01 1.589075780434e+01 1.867319710691e+01 2.181716349316e+01 2.522417959871e+01 2.885361934866e+01 3.287864331911e+01 3.742945474269e+01 4.232049385745e+01 4.733475923653e+01 5.262252302054e+01 5.840765739610e+01 6.445030613951e+01 7.033378809419e+01 7.616065092659e+01 8.230444541022e+01 8.854816094783e+01 9.426017903583e+01 9.942187613633e+01 1.045692590214e+02 1.096266802890e+02 1.138204685311e+02 1.169573178870e+02 1.196899191400e+02 1.221819030871e+02 1.236580334515e+02 1.237473305967e+02 1.231171730367e+02 1.221853166580e+02 1.203505488657e+02 1.172391848916e+02 1.136445090885e+02 1.103525845741e+02 1.069265235714e+02 1.025452759637e+02 9.729231096251e+01 9.173886959022e+01 8.591160357802e+01 7.957799155921e+01 7.306866834627e+01 6.696060167140e+01 6.125128013426e+01 5.555667872315e+01 4.988901538703e+01 4.461800139662e+01 3.983351264671e+01 3.529888350816e+01 3.095180979940e+01 2.699523421640e+01 2.351437444807e+01 2.036454614143e+01 1.745378585960e+01 1.486089176036e+01 1.263843810952e+01 1.070526721897e+01 8.980655448781e+00 7.478672442070e+00 6.223908257472e+00 5.176439708304e+00 4.283663073920e+00 3.539384828076e+00 2.955712590620e+00 2.517216539875e+00 2.185601700681e+00 1.919043649693e+00 1.669705934380e+00 1.389002588257e+00
1.933335775254e-13 3.750629792377e-12 6.193954557580e-11 8.689686198866e-10 1.034045389632e-08 1.042456425461e-07 8.895204911611e-07 6.419741240308e-06 3.916511927181e-05 2.018978312102e-04 8.792990601876e-04 3.235805991794e-03 1.006929072245e-02 2.654675931134e-02 5.953795674116e-02 1.145189241492e-01 1.917805497091e-01 2.867290182432e-01 3.962961367412e-01 5.247979719302e-01 6.808979969333e-01 8.705114968880e-01 1.099201975159e+00 1.381114156293e+00 1.734750907212e+00 2.167688587377e+00 2.680889344564e+00 3.293146872300e+00 4.037770035989e+00 4.924433766617e+00 5.940737052959e+00 7.116891713747e+00 8.541760532453e+00 1.026945949910e+01 1.226427769140e+01 1.449991747686e+01 1.703757372136e+01 1.990973699755e+01 2.302571864241e+01 2.634252563014e+01 3.001685483617e+01 3.417406129013e+01 3.864736253375e+01 4.323110162731e+01 4.805856819483e+01 5.334360867644e+01 5.887393851847e+01 6.425876046807e+01 6.958217322277e+01 7.519641063846e+01 8.091638214108e+01 8.615422052287e+01 9.087612806698e+01 9.558173966816e+01 1.002222301805e+02 1.040824214841e+02 1.069620552362e+02 1.094630970324e+02 1.117610481471e+02 1.131449215336e+02 1.132479706590e+02 1.126790404050e+02 1.118477476733e+02 1.102067443504e+02 1.073805478058e+02 1.040792954624e+02 1.010482761473e+02 9.791115861145e+01 9.390848903258e+01 8.910775281333e+01 8.404386958572e+01 7.874553815878e+01 7.297796793592e+01 6.702715997478e+01 6.143433108341e+01 5.621413824300e+01 5.100869843192e+01 4.581653087559e+01 4.098140477050e+01 3.659753364100e+01 3.244579425106e+01 2.845958245851e+01 2.482590898069e+01 2.163085467977e+01 1.874228296825e+01 1.607012031644e+01 1.368586765515e+01 1.164227883903e+01 9.866282501589e+00 8.280888565915e+00 6.897876695052e+00 5.741991999208e+00 4.777850110028e+00 3.955955884477e+00 3.269761182252e+00 2.731333148676e+00 2.327641603892e+00 2.023655287827e+00 1.780634840764e+00 1.554058860599e+00 1.297918210726e+00
1.423684727202e-13 2.821191515844e-12 4.743044587893e-11 6.756183077390e-10 8.145550415894e-09 8.305571985978e-08 7.157763533551e-07 5.211105835760e-06 3.203792216550e-05 1.662930151599e-04 7.286705431082e-04 2.696138685459e-03 8.430696655700e-03 2.232208521982e-02 5.024906770768e-02 9.695109003639e-02 1.627460291399e-01 2.436995536081e-01 3.370836452087e-01 4.464957178998e-01 5.793569903879e-01 7.407438087323e-01 9.352912507835e-01 1.174956911904e+00 1.475643057738e+00 1.843960389840e+00 2.280530312948e+00 2.801111358800e+00 3.434425458247e+00 4.189271904054e+00 5.054636675404e+00 6.054925469969e+00 7.265348848039e+00 8.732770013460e+00 1.042705544851e+01 1.232536960655e+01 1.448103627190e+01 1.692436877095e+01 1.957778511191e+01 2.240052840430e+01 2.552457301206e+01 2.906087442884e+01 3.286968191879e+01 3.677108368228e+01 4.087546570714e+01 4.537099654560e+01 5.008212917504e+01 5.466972465691e+01 5.919837647699e+01 6.397490460156e+01 6.885130499807e+01 7.332054178971e+01 7.734195182715e+01 8.134680300925e+01 8.530787323940e+01 8.861176695704e+01 9.107157813464e+01 9.320247258265e+01 9.517186223985e+01 9.637395255085e+01 9.647749872247e+01 9.599890976969e+01 9.530597662890e+01 9.393538737614e+01 9.154399509156e+01 8.872405856314e+01 8.612739281235e+01 8.345090047309e+01 8.004398171309e+01 7.595869588705e+01 7.165887163866e+01 6.717154670372e+01 6.228076966167e+01 5.721761389430e+01 5.245181541860e+01 4.800822707631e+01 4.357817250540e+01 3.915147472779e+01 3.502441169923e+01 3.128573730814e+01 2.774736727042e+01 2.434581116335e+01 2.124101064657e+01 1.851198699205e+01 1.604659276619e+01 1.376397375912e+01 1.172445875262e+01 9.976225977999e+00 8.457994002279e+00 7.102026321933e+00 5.917513441410e+00 4.927085999677e+00 4.101468641439e+00 3.397576092272e+00 2.809181473715e+00 2.347237596938e+00 2.001425934574e+00 1.741923476459e+00 1.535388948899e+00 1.343356466977e+00 1.125532422145e+00
