AXIS X
-2.38125000e-01 -2.34375000e-01 -2.30625000e-01 -2.26875000e-01 -2.23125000e-01 -2.19375000e-01 -2.15625000e-01 -2.11875000e-01 -2.08125000e-01 -2.04375000e-01 -2.00625000e-01 -1.96875000e-01 -1.93125000e-01 -1.89375000e-01 -1.85625000e-01 -1.81875000e-01 -1.78125000e-01 -1.74375000e-01 -1.70625000e-01 -1.66875000e-01 -1.63125000e-01 -1.59375000e-01 -1.55625000e-01 -1.51875000e-01 -1.48125000e-01 -1.44375000e-01 -1.40625000e-01 -1.36875000e-01 -1.33125000e-01 -1.29375000e-01 -1.25625000e-01 -1.21875000e-01 -1.18125000e-01 -1.14375000e-01 -1.10625000e-01 -1.06875000e-01 -1.03125000e-01 -9.93750000e-02 -9.56250000e-02 -9.18750000e-02 -8.81250000e-02 -8.43750000e-02 -8.06250000e-02 -7.68750000e-02 -7.31250000e-02 -6.93750000e-02 -6.56250000e-02 -6.18750000e-02 -5.81250000e-02 -5.43750000e-02 -5.06250000e-02 -4.68750000e-02 -4.31250000e-02 -3.93750000e-02 -3.56250000e-02 -3.18750000e-02 -2.81250000e-02 -2.43750000e-02 -2.06250000e-02 -1.68750000e-02 -1.31250000e-02 -9.37500000e-03 -5.62500000e-03 -1.87500000e-03 1.87500000e-03 5.62500000e-03 9.37500000e-03 1.31250000e-02 1.68750000e-02 2.06250000e-02 2.43750000e-02 2.81250000e-02 3.18750000e-02 3.56250000e-02 3.93750000e-02 4.31250000e-02 4.68750000e-02 5.06250000e-02 5.43750000e-02 5.81250000e-02 6.18750000e-02 6.56250000e-02 6.93750000e-02 7.31250000e-02 7.68750000e-02 8.06250000e-02 8.43750000e-02 8.81250000e-02 9.18750000e-02 9.56250000e-02 9.93750000e-02 1.03125000e-01 1.06875000e-01 1.10625000e-01 1.14375000e-01 1.18125000e-01 1.21875000e-01 1.25625000e-01 1.29375000e-01 1.33125000e-01 1.36875000e-01 1.40625000e-01 1.44375000e-01 1.48125000e-01 1.51875000e-01 1.55625000e-01 1.59375000e-01 1.63125000e-01 1.66875000e-01 1.70625000e-01 1.74375000e-01 1.78125000e-01 1.81875000e-01 1.85625000e-01 1.89375000e-01 1.93125000e-01 1.96875000e-01 2.00625000e-01 2.04375000e-01 2.08125000e-01 2.11875000e-01 2.15625000e-01 2.19375000e-01 2.23125000e-01 2.26875000e-01 2.30625000e-01 2.34375000e-01 2.38125000e-01

AXIS Y
3.12500000e-03 9.37500000e-03 1.56250000e-02 2.18750000e-02 2.81250000e-02 3.43750000e-02 4.06250000e-02 4.68750000e-02 5.31250000e-02 5.93750000e-02 6.56250000e-02 7.18750000e-02 7.81250000e-02 8.43750000e-02 9.06250000e-02 9.68750000e-02 1.03125000e-01 1.09375000e-01 1.15625000e-01 1.21875000e-01 1.28125000e-01 1.34375000e-01 1.40625000e-01 1.46875000e-01 1.53125000e-01 1.59375000e-01 1.65625000e-01 1.71875000e-01 1.78125000e-01 1.84375000e-01 1.90625000e-01 1.96875000e-01 2.03125000e-01 2.09375000e-01 2.15625000e-01 2.21875000e-01 2.28125000e-01 2.34375000e-01 2.40625000e-01 2.46875000e-01 2.53125000e-01 2.59375000e-01 2.65625000e-01 2.71875000e-01 2.78125000e-01 2.84375000e-01 2.90625000e-01 2.96875000e-01 3.03125000e-01 3.09375000e-01 3.15625000e-01 3.21875000e-01 3.28125000e-01 3.34375000e-01 3.40625000e-01 3.46875000e-01 3.53125000e-01 3.59375000e-01 3.65625000e-01 3.71875000e-01 3.78125000e-01 3.84375000e-01 3.90625000e-01 3.96875000e-01 4.03125000e-01 4.09375000e-01 4.15625000e-01 4.21875000e-01 4.28125000e-01 4.34375000e-01 4.40625000e-01 4.46875000e-01 4.53125000e-01 4.59375000e-01 4.65625000e-01 4.71875000e-01 4.78125000e-01 4.84375000e-01 4.90625000e-01 4.96875000e-01 5.03125000e-01 5.09375000e-01 5.15625000e-01 5.21875000e-01 5.28125000e-01 5.34375000e-01 5.40625000e-01 5.46875000e-01 5.53125000e-01 5.59375000e-01 5.65625000e-01 5.71875000e-01 5.78125000e-01 5.84375000e-01 5.90625000e-01 5.96875000e-01

DATA
-1.02719987e-04 -1.11116278e-04 -1.20151934e-04 -1.29872253e-04 -1.40325552e-04 -1.51563367e-04 -1.63640662e-04 -1.76616057e-04 -1.90552068e-04 -2.05515375e-04 -2.21577097e-04 -2.38813095e-04 -2.57304299e-04 -2.77137058e-04 -2.98403517e-04 -3.21202030e-04 -3.45637598e-04 -3.71822351e-04 -3.99876069e-04 -4.29926744e-04 -4.62111196e-04 -4.96575739e-04 -5.33476910e-04 -5.72982265e-04 -6.15271243e-04 -6.60536121e-04 -7.08983048e-04 -7.60833188e-04 -8.16323969e-04 -8.75710464e-04 -9.39266898e-04 -1.00728832e-03 -1.08009243e-03 -1.15802164e-03 -1.24144526e-03 -1.33076205e-03 -1.42640291e-03 -1.52883393e-03 -1.63855980e-03 -1.75612749e-03 -1.88213045e-03 -2.01721319e-03 -2.16207637e-03 -2.31748250e-03 -2.48426218e-03 -2.66332104e-03 -2.85564745e-03 -3.06232090e-03 -3.28452127e-03 -3.52353895e-03 -3.78078575e-03 -4.05780659e-03 -4.35629188e-03 -4.67809032e-03 -5.02522157e-03 -5.39988849e-03 -5.80448742e-03 -6.24161542e-03 -6.71407162e-03 -7.22484944e-03 -7.77711412e-03 -8.37415753e-03 -9.01931866e-03 -9.71585184e-03 -1.04667167e-02 -1.12742512e-02 -1.21396687e-02 -1.30622950e-02 -1.40384155e-02 -1.50595458e-02 -1.61098518e-02 -1.71623268e-02 -1.81731892e-02 -1.90738109e-02 -1.97594115e-02 -2.00739794e-02 -1.97918818e-02 -1.85993361e-02 -1.60846538e-02 -1.17557431e-02 -5.11364670e-03 4.19142999e-03 1.61350016e-02 3.01246420e-02 4.50079628e-02 5.93738949e-02 7.20066388e-02 8.22072708e-02 8.98254676e-02 9.50768039e-02 9.83117320e-02 9.98415585e-02 9.98415585e-02 9.83117320e-02 9.50768039e-02 8.98254676e-02 8.22072708e-02 7.20066388e-02 5.93738949e-02 4.50079628e-02 3.01246420e-02 1.61350016e-02 4.19142999e-03 -5.11364670e-03 -1.17557431e-02 -1.60846538e-02 -1.85993361e-02 -1.97918818e-02 -2.00739794e-02 -1.97594115e-02 -1.90738109e-02 -1.81731892e-02 -1.71623268e-02 -1.61098518e-02 -1.50595458e-02 -1.40384155e-02 -1.30622950e-02 -1.21396687e-02 -1.12742512e-02 -1.04667167e-02 -9.71585184e-03 -9.01931866e-03 -8.37415753e-03 -7.77711412e-03 -7.22484944e-03 -6.71407162e-03 -6.24161542e-03 -5.80448742e-03
-9.92165788e-05 -1.07304395e-04 -1.16005356e-04 -1.25362568e-04 -1.35421971e-04 -1.46232514e-04 -1.57846355e-04 -1.70319062e-04 -1.83709835e-04 -1.98081743e-04 -2.13501971e-04 -2.30042098e-04 -2.47778381e-04 -2.66792071e-04 -2.87169745e-04 -3.09003668e-04 -3.32392182e-04 -3.57440123e-04 -3.84259275e-04 -4.12968854e-04 -4.43696039e-04 -4.76576541e-04 -5.11755221e-04 -5.49386762e-04 -5.89636392e-04 -6.32680675e-04 -6.78708371e-04 -7.27921364e-04 -7.80535679e-04 -8.36782586e-04 -8.96909800e-04 -9.61182796e-04 -1.02988623e-03 -1.10332550e-03 -1.18182844e-03 -1.26574715e-03 -1.35546003e-03 -1.45137394e-03 -1.55392657e-03 -1.66358903e-03 -1.78086858e-03 -1.90631164e-03 -2.04050698e-03 -2.18408913e-03 -2.33774195e-03 -2.50220242e-03 -2.67826448e-03 -2.86678294e-03 -3.06867730e-03 -3.28493528e-03 -3.51661585e-03 -3.76485141e-03 -4.03084853e-03 -4.31588667e-03 -4.62131378e-03 -4.94853744e-03 -5.29900964e-03 -5.67420251e-03 -6.07557134e-03 -6.50449966e-03 -6.96221932e-03 -7.44969559e-03 -7.96746337e-03 -8.51539538e-03 -9.09237547e-03 -9.69584025e-03 -1.03211381e-02 -1.09606365e-02 -1.16024854e-02 -1.22289162e-02 -1.28139264e-02 -1.33201799e-02 -1.36949574e-02 -1.38650752e-02 -1.37309204e-02 -1.31602762e-02 -1.19836042e-02 -9.99407793e-03 -6.95779456e-03 -2.64127638e-03 3.13783733e-03 1.04388902e-02 1.91235256e-02 2.88149620e-02 3.89297514e-02 4.87898070e-02 5.77723843e-02 6.54286992e-02 7.15244551e-02 7.60049096e-02 7.89205860e-02 8.03514425e-02 8.03514425e-02 7.89205860e-02 7.60049096e-02 7.15244551e-02 6.54286992e-02 5.77723843e-02 4.87898070e-02 3.89297514e-02 2.88149620e-02 1.91235256e-02 1.04388902e-02 3.13783733e-03 -2.64127638e-03 -6.95779456e-03 -9.99407793e-03 -1.19836042e-02 -1.31602762e-02 -1.37309204e-02 -1.38650752e-02 -1.36949574e-02 -1.33201799e-02 -1.28139264e-02 -1.22289162e-02 -1.16024854e-02 -1.09606365e-02 -1.03211381e-02 -9.69584025e-03 -9.09237547e-03 -8.51539538e-03 -7.96746337e-03 -7.44969559e-03 -6.96221932e-03 -6.50449966e-03 -6.07557134e-03 -5.67420251e-03 -5.29900964e-03
-9.56404650e-05 -1.03410810e-04 -1.11767035e-04 -1.20749938e-04 -1.30402947e-04 -1.40772290e-04 -1.51907157e-04 -1.63859893e-04 -1.76686185e-04 -1.90445279e-04 -2.05200191e-04 -2.21017956e-04 -2.37969869e-04 -2.56131763e-04 -2.75584292e-04 -2.96413244e-04 -3.18709868e-04 -3.42571227e-04 -3.68100578e-04 -3.95407779e-04 -4.24609720e-04 -4.55830795e-04 -4.89203397e-04 -5.24868463e-04 -5.62976042e-04 -6.03685924e-04 -6.47168299e-04 -6.93604474e-04 -7.43187634e-04 -7.96123667e-04 -8.52632040e-04 -9.12946738e-04 -9.77317262e-04 -1.04600970e-03 -1.11930785e-03 -1.19751442e-03 -1.28095228e-03 -1.36996579e-03 -1.46492211e-03 -1.56621266e-03 -1.67425447e-03 -1.78949158e-03 -1.91239636e-03 -2.04347076e-03 -2.18324727e-03 -2.33228971e-03 -2.49119350e-03 -2.66058534e-03 -2.84112206e-03 -3.03348823e-03 -3.23839225e-03 -3.45656012e-03 -3.68872642e-03 -3.93562128e-03 -4.19795205e-03 -4.47637805e-03 -4.77147593e-03 -5.08369261e-03 -5.41328171e-03 -5.76021811e-03 -6.12408339e-03 -6.50391274e-03 -6.89799100e-03 -7.30358148e-03 -7.71656663e-03 -8.13097387e-03 -8.53835302e-03 -8.92696514e-03 -9.28073675e-03 -9.57793194e-03 -9.78950384e-03 -9.87711616e-03 -9.79089225e-03 -9.46707994e-03 -8.82604636e-03 -7.77137147e-03 -6.19128977e-03 -3.96424774e-03 -9.70623487e-04 2.88784073e-03 7.66131790e-03 1.33221436e-02 1.97410546e-02 2.66812090e-02 3.38186823e-02 4.07880104e-02 4.72389793e-02 5.28847592e-02 5.75263458e-02 6.10503017e-02 6.34076416e-02 6.45860536e-02 6.45860536e-02 6.34076416e-02 6.10503017e-02 5.75263458e-02 5.28847592e-02 4.72389793e-02 4.07880104e-02 3.38186823e-02 2.66812090e-02 1.97410546e-02 1.33221436e-02 7.66131790e-03 2.88784073e-03 -9.70623487e-04 -3.96424774e-03 -6.19128977e-03 -7.77137147e-03 -8.82604636e-03 -9.46707994e-03 -9.79089225e-03 -9.87711616e-03 -9.78950384e-03 -9.57793194e-03 -9.28073675e-03 -8.92696514e-03 -8.53835302e-03 -8.13097387e-03 -7.71656663e-03 -7.30358148e-03 -6.89799100e-03 -6.50391274e-03 -6.12408339e-03 -5.76021811e-03 -5.41328171e-03 -5.08369261e-03 -4.77147593e-03
-9.20090350e-05 -9.94549382e-05 -1.07458645e-04 -1.16058556e-04 -1.25295495e-04 -1.35212853e-04 -1.45856741e-04 -1.57276145e-04 -1.69523100e-04 -1.82652868e-04 -1.96724125e-04 -2.11799169e-04 -2.27944123e-04 -2.45229173e-04 -2.63728800e-04 -2.83522034e-04 -3.04692728e-04 -3.27329843e-04 -3.51527747e-04 -3.77386540e-04 -4.05012395e-04 -4.34517914e-04 -4.66022513e-04 -4.99652825e-04 -5.35543121e-04 -5.73835761e-04 -6.14681667e-04 -6.58240809e-04 -7.04682730e-04 -7.54187075e-04 -8.06944149e-04 -8.63155490e-04 -9.23034445e-04 -9.86806762e-04 -1.05471117e-03 -1.12699993e-03 -1.20393939e-03 -1.28581046e-03 -1.37290901e-03 -1.46554615e-03 -1.56404836e-03 -1.66875745e-03 -1.78003011e-03 -1.89823720e-03 -2.02376251e-03 -2.15700076e-03 -2.29835491e-03 -2.44823223e-03 -2.60703898e-03 -2.77517329e-03 -2.95301562e-03 -3.14091619e-03 -3.33917852e-03 -3.54803800e-03 -3.76763400e-03 -3.99797378e-03 -4.23888602e-03 -4.48996077e-03 -4.75047240e-03 -5.01928074e-03 -5.29470444e-03 -5.57435943e-03 -5.85495315e-03 -6.13202391e-03 -6.39961233e-03 -6.64985048e-03 -6.87245325e-03 -7.05409795e-03 -7.17768262e-03 -7.22146526e-03 -7.15810836e-03 -6.95369222e-03 -6.56682387e-03 -5.94806277e-03 -5.04001258e-03 -3.77857862e-03 -2.09602513e-03 7.34988934e-05 2.78549572e-03 6.07383952e-03 9.93787269e-03 1.43304525e-02 1.91506605e-02 2.42449039e-02 2.94183352e-02 3.44551431e-02 3.91427859e-02 4.32936268e-02 4.67586844e-02 4.94315773e-02 5.12443324e-02 5.21589416e-02 5.21589416e-02 5.12443324e-02 4.94315773e-02 4.67586844e-02 4.32936268e-02 3.91427859e-02 3.44551431e-02 2.94183352e-02 2.42449039e-02 1.91506605e-02 1.43304525e-02 9.93787269e-03 6.07383952e-03 2.78549572e-03 7.34988934e-05 -2.09602513e-03 -3.77857862e-03 -5.04001258e-03 -5.94806277e-03 -6.56682387e-03 -6.95369222e-03 -7.15810836e-03 -7.22146526e-03 -7.17768262e-03 -7.05409795e-03 -6.87245325e-03 -6.64985048e-03 -6.39961233e-03 -6.13202391e-03 -5.85495315e-03 -5.57435943e-03 -5.29470444e-03 -5.01928074e-03 -4.75047240e-03 -4.48996077e-03 -4.23888602e-03
-8.83393674e-05 -9.54558511e-05 -1.03101483e-04 -1.11312204e-04 -1.20126167e-04 -1.29583856e-04 -1.39728218e-04 -1.50604797e-04 -1.62261879e-04 -1.74750639e-04 -1.88125301e-04 -2.02443302e-04 -2.17765466e-04 -2.34156187e-04 -2.51683616e-04 -2.70419866e-04 -2.90441216e-04 -3.11828333e-04 -3.34666498e-04 -3.59045840e-04 -3.85061589e-04 -4.12814324e-04 -4.42410238e-04 -4.73961409e-04 -5.07586076e-04 -5.43408917e-04 -5.81561332e-04 -6.22181725e-04 -6.65415776e-04 -7.11416707e-04 -7.60345534e-04 -8.12371281e-04 -8.67671175e-04 -9.26430780e-04 -9.88844070e-04 -1.05511342e-03 -1.12544946e-03 -1.20007086e-03 -1.27920380e-03 -1.36308136e-03 -1.45194248e-03 -1.54603066e-03 -1.64559210e-03 -1.75087331e-03 -1.86211801e-03 -1.97956300e-03 -2.10343305e-03 -2.23393423e-03 -2.37124550e-03 -2.51550815e-03 -2.66681238e-03 -2.82518048e-03 -2.99054580e-03 -3.16272628e-03 -3.34139150e-03 -3.52602147e-03 -3.71585534e-03 -3.90982757e-03 -4.10648874e-03 -4.30390758e-03 -4.49955014e-03 -4.69013135e-03 -4.87143400e-03 -5.03808923e-03 -5.18331349e-03 -5.29859726e-03 -5.37334371e-03 -5.39445994e-03 -5.34591206e-03 -5.20826867e-03 -4.95827797e-03 -4.56855359e-03 -4.00748338e-03 -3.23952369e-03 -2.22609078e-03 -9.27297447e-04 6.95222096e-04 2.67423943e-03 5.03165537e-03 7.77240943e-03 1.08784170e-02 1.43038091e-02 1.79729455e-02 2.17824050e-02 2.56073310e-02 2.93113179e-02 3.27579308e-02 3.58214593e-02 3.83948846e-02 4.03940927e-02 4.17586106e-02 4.24500850e-02 4.24500850e-02 4.17586106e-02 4.03940927e-02 3.83948846e-02 3.58214593e-02 3.27579308e-02 2.93113179e-02 2.56073310e-02 2.17824050e-02 1.79729455e-02 1.43038091e-02 1.08784170e-02 7.77240943e-03 5.03165537e-03 2.67423943e-03 6.95222096e-04 -9.27297447e-04 -2.22609078e-03 -3.23952369e-03 -4.00748338e-03 -4.56855359e-03 -4.95827797e-03 -5.20826867e-03 -5.34591206e-03 -5.39445994e-03 -5.37334371e-03 -5.29859726e-03 -5.18331349e-03 -5.03808923e-03 -4.87143400e-03 -4.69013135e-03 -4.49955014e-03 -4.30390758e-03 -4.10648874e-03 -3.90982757e-03 -3.71585534e-03
-8.46480765e-05 -9.14321019e-05 -9.87162654e-05 -1.06534016e-04 -1.14920795e-04 -1.23914141e-04 -1.33553795e-04 -1.43881813e-04 -1.54942682e-04 -1.66783441e-04 -1.79453808e-04 -1.93006306e-04 -2.07496398e-04 -2.22982630e-04 -2.39526766e-04 -2.57193939e-04 -2.76052801e-04 -2.96175670e-04 -3.17638692e-04 -3.40521987e-04 -3.64909811e-04 -3.90890707e-04 -4.18557654e-04 -4.48008209e-04 -4.79344646e-04 -5.12674072e-04 -5.48108537e-04 -5.85765109e-04 -6.25765936e-04 -6.68238250e-04 -7.13314343e-04 -7.61131469e-04 -8.11831674e-04 -8.65561543e-04 -9.22471816e-04 -9.82716872e-04 -1.04645404e-03 -1.11384268e-03 -1.18504303e-03 -1.26021470e-03 -1.33951478e-03 -1.42309552e-03 -1.51110131e-03 -1.60366506e-03 -1.70090366e-03 -1.80291239e-03 -1.90975798e-03 -2.02147023e-03 -2.13803156e-03 -2.25936433e-03 -2.38531531e-03 -2.51563673e-03 -2.64996309e-03 -2.78778306e-03 -2.92840525e-03 -3.07091662e-03 -3.21413229e-03 -3.35653482e-03 -3.49620133e-03 -3.63071612e-03 -3.75706684e-03 -3.87152178e-03 -3.96948638e-03 -4.04533765e-03 -4.09223616e-03 -4.10191783e-03 -4.06447065e-03 -3.96810713e-03 -3.79895065e-03 -3.54086448e-03 -3.17536623e-03 -2.68168707e-03 -2.03705399e-03 -1.21729019e-03 -1.97837870e-04 1.04469985e-03 2.53043833e-03 4.27353095e-03 6.27907388e-03 8.53990560e-03 1.10337818e-02 1.37215227e-02 1.65467219e-02 1.94374153e-02 2.23097466e-02 2.50732151e-02 2.76367077e-02 2.99143542e-02 3.18303604e-02 3.33223394e-02 3.43431074e-02 3.48612914e-02 3.48612914e-02 3.43431074e-02 3.33223394e-02 3.18303604e-02 2.99143542e-02 2.76367077e-02 2.50732151e-02 2.23097466e-02 1.94374153e-02 1.65467219e-02 1.37215227e-02 1.10337818e-02 8.53990560e-03 6.27907388e-03 4.27353095e-03 2.53043833e-03 1.04469985e-03 -1.97837870e-04 -1.21729019e-03 -2.03705399e-03 -2.68168707e-03 -3.17536623e-03 -3.54086448e-03 -3.79895065e-03 -3.96810713e-03 -4.06447065e-03 -4.10191783e-03 -4.09223616e-03 -4.04533765e-03 -3.96948638e-03 -3.87152178e-03 -3.75706684e-03 -3.63071612e-03 -3.49620133e-03 -3.35653482e-03 -3.21413229e-03
-8.09511722e-05 -8.74015657e-05 -9.43229494e-05 -1.01746270e-04 -1.09704249e-04 -1.18231471e-04 -1.27364461e-04 -1.37141783e-04 -1.47604121e-04 -1.58794377e-04 -1.70757763e-04 -1.83541894e-04 -1.97196888e-04 -2.11775459e-04 -2.27333015e-04 -2.43927750e-04 -2.61620740e-04 -2.80476030e-04 -3.00560718e-04 -3.21945038e-04 -3.44702420e-04 -3.68909560e-04 -3.94646453e-04 -4.21996429e-04 -4.51046150e-04 -4.81885591e-04 -5.14607987e-04 -5.49309727e-04 -5.86090217e-04 -6.25051667e-04 -6.66298817e-04 -7.09938564e-04 -7.56079494e-04 -8.04831279e-04 -8.56303928e-04 -9.10606847e-04 -9.67847686e-04 -1.02813092e-03 -1.09155611e-03 -1.15821579e-03 -1.22819291e-03 -1.30155773e-03 -1.37836404e-03 -1.45864467e-03 -1.54240600e-03 -1.62962142e-03 -1.72022346e-03 -1.81409431e-03 -1.91105453e-03 -2.01084947e-03 -2.11313308e-03 -2.21744857e-03 -2.32320540e-03 -2.42965189e-03 -2.53584273e-03 -2.64060065e-03 -2.74247115e-03 -2.83966953e-03 -2.93001914e-03 -3.01087990e-03 -3.07906651e-03 -3.13075570e-03 -3.16138310e-03 -3.16553068e-03 -3.13680765e-03 -3.06772980e-03 -2.94960534e-03 -2.77243944e-03 -2.52487514e-03 -2.19419482e-03 -1.76641371e-03 -1.22650463e-03 -5.58798718e-04 2.52390787e-04 1.22188053e-03 2.36244078e-03 3.68334023e-03 5.18867176e-03 6.87558540e-03 8.73262601e-03 1.07384321e-02 1.28610749e-02 1.50582785e-02 1.72786590e-02 1.94639526e-02 2.15520247e-02 2.34803025e-02 2.51892081e-02 2.66252108e-02 2.77432427e-02 2.85083936e-02 2.88969521e-02 2.88969521e-02 2.85083936e-02 2.77432427e-02 2.66252108e-02 2.51892081e-02 2.34803025e-02 2.15520247e-02 1.94639526e-02 1.72786590e-02 1.50582785e-02 1.28610749e-02 1.07384321e-02 8.73262601e-03 6.87558540e-03 5.18867176e-03 3.68334023e-03 2.36244078e-03 1.22188053e-03 2.52390787e-04 -5.58798718e-04 -1.22650463e-03 -1.76641371e-03 -2.19419482e-03 -2.52487514e-03 -2.77243944e-03 -2.94960534e-03 -3.06772980e-03 -3.13680765e-03 -3.16553068e-03 -3.16138310e-03 -3.13075570e-03 -3.07906651e-03 -3.01087990e-03 -2.93001914e-03 -2.83966953e-03 -2.74247115e-03
-7.72639337e-05 -8.33812950e-05 -8.99405645e-05 -9.69701999e-05 -1.04500221e-04 -1.12562277e-04 -1.21189705e-04 -1.30417604e-04 -1.40282893e-04 -1.50824380e-04 -1.62082824e-04 -1.74100998e-04 -1.86923748e-04 -2.00598049e-04 -2.15173059e-04 -2.30700164e-04 -2.47233019e-04 -2.64827575e-04 -2.83542107e-04 -3.03437214e-04 -3.24575813e-04 -3.47023111e-04 -3.70846556e-04 -3.96115757e-04 -4.22902371e-04 -4.51279960e-04 -4.81323785e-04 -5.13110561e-04 -5.46718140e-04 -5.82225112e-04 -6.19710323e-04 -6.59252280e-04 -7.00928431e-04 -7.44814289e-04 -7.90982387e-04 -8.39501015e-04 -8.90432714e-04 -9.43832479e-04 -9.99745616e-04 -1.05820520e-03 -1.11922904e-03 -1.18281612e-03 -1.24894233e-03 -1.31755548e-03 -1.38856935e-03 -1.46185670e-03 -1.53724105e-03 -1.61448697e-03 -1.69328866e-03 -1.77325658e-03 -1.85390180e-03 -1.93461763e-03 -2.01465828e-03 -2.09311404e-03 -2.16888251e-03 -2.24063556e-03 -2.30678132e-03 -2.36542112e-03 -2.41430090e-03 -2.45075707e-03 -2.47165716e-03 -2.47333595e-03 -2.45152854e-03 -2.40130300e-03 -2.31699619e-03 -2.19215870e-03 -2.01951660e-03 -1.79096085e-03 -1.49757807e-03 -1.12973995e-03 -6.77271414e-04 -1.29719965e-04 5.23251766e-04 1.29133133e-03 2.18286961e-03 3.20404667e-03 4.35791772e-03 5.64339505e-03 7.05425393e-03 8.57827944e-03 1.01966888e-02 1.18839619e-02 1.36081817e-02 1.53319323e-02 1.70137231e-02 1.86098304e-02 2.00763835e-02 2.13714953e-02 2.24572465e-02 2.33013796e-02 2.38786266e-02 2.41716538e-02 2.41716538e-02 2.38786266e-02 2.33013796e-02 2.24572465e-02 2.13714953e-02 2.00763835e-02 1.86098304e-02 1.70137231e-02 1.53319323e-02 1.36081817e-02 1.18839619e-02 1.01966888e-02 8.57827944e-03 7.05425393e-03 5.64339505e-03 4.35791772e-03 3.20404667e-03 2.18286961e-03 1.29133133e-03 5.23251766e-04 -1.29719965e-04 -6.77271414e-04 -1.12973995e-03 -1.49757807e-03 -1.79096085e-03 -2.01951660e-03 -2.19215870e-03 -2.31699619e-03 -2.40130300e-03 -2.45152854e-03 -2.47333595e-03 -2.47165716e-03 -2.45075707e-03 -2.41430090e-03 -2.36542112e-03 -2.30678132e-03
-7.36007999e-05 -7.93873952e-05 -8.55870720e-05 -9.22258347e-05 -9.93310419e-05 -1.06931453e-04 -1.15057275e-04 -1.23740203e-04 -1.33013466e-04 -1.42911861e-04 -1.53471794e-04 -1.64731308e-04 -1.76730111e-04 -1.89509593e-04 -2.03112842e-04 -2.17584641e-04 -2.32971464e-04 -2.49321455e-04 -2.66684384e-04 -2.85111598e-04 -3.04655939e-04 -3.25371642e-04 -3.47314201e-04 -3.70540199e-04 -3.95107101e-04 -4.21072990e-04 -4.48496260e-04 -4.77435229e-04 -5.07947685e-04 -5.40090342e-04 -5.73918186e-04 -6.09483705e-04 -6.46835978e-04 -6.86019599e-04 -7.27073407e-04 -7.70029000e-04 -8.14908984e-04 -8.61724925e-04 -9.10474956e-04 -9.61140972e-04 -1.01368536e-03 -1.06804718e-03 -1.12413773e-03 -1.18183536e-03 -1.24097945e-03 -1.30136348e-03 -1.36272687e-03 -1.42474565e-03 -1.48702165e-03 -1.54907003e-03 -1.61030497e-03 -1.67002326e-03 -1.72738561e-03 -1.78139538e-03 -1.83087466e-03 -1.87443733e-03 -1.91045925e-03 -1.93704544e-03 -1.95199449e-03 -1.95276081e-03 -1.93641525e-03 -1.89960579e-03 -1.83851992e-03 -1.74885165e-03 -1.62577707e-03 -1.46394329e-03 -1.25747749e-03 -1.00002397e-03 -6.84818905e-04 -3.04813490e-04 1.47142888e-04 6.78048491e-04 1.29441512e-03 2.00184961e-03 2.80455376e-03 3.70475626e-03 4.70210324e-03 5.79304943e-03 6.97030657e-03 8.22241625e-03 9.53351872e-03 1.08833814e-02 1.22477326e-02 1.35989140e-02 1.49068305e-02 1.61401361e-02 1.72675674e-02 1.82593196e-02 1.90883642e-02 1.97316210e-02 2.01709268e-02 2.03937684e-02 2.03937684e-02 2.01709268e-02 1.97316210e-02 1.90883642e-02 1.82593196e-02 1.72675674e-02 1.61401361e-02 1.49068305e-02 1.35989140e-02 1.22477326e-02 1.08833814e-02 9.53351872e-03 8.22241625e-03 6.97030657e-03 5.79304943e-03 4.70210324e-03 3.70475626e-03 2.80455376e-03 2.00184961e-03 1.29441512e-03 6.78048491e-04 1.47142888e-04 -3.04813490e-04 -6.84818905e-04 -1.00002397e-03 -1.25747749e-03 -1.46394329e-03 -1.62577707e-03 -1.74885165e-03 -1.83851992e-03 -1.89960579e-03 -1.93641525e-03 -1.95276081e-03 -1.95199449e-03 -1.93704544e-03 -1.91045925e-03
-6.99752781e-05 -7.54349195e-05 -8.12792453e-05 -8.75318607e-05 -9.42175251e-05 -1.01362181e-04 -1.08992983e-04 -1.17138317e-04 -1.25827825e-04 -1.35092417e-04 -1.44964283e-04 -1.55476896e-04 -1.66665005e-04 -1.78564624e-04 -1.91213009e-04 -2.04648615e-04 -2.18911051e-04 -2.34041011e-04 -2.50080180e-04 -2.67071130e-04 -2.85057176e-04 -3.04082215e-04 -3.24190515e-04 -3.45426475e-04 -3.67834331e-04 -3.91457810e-04 -4.16339722e-04 -4.42521474e-04 -4.70042509e-04 -4.98939643e-04 -5.29246293e-04 -5.60991575e-04 -5.94199260e-04 -6.28886559e-04 -6.65062713e-04 -7.02727362e-04 -7.41868658e-04 -7.82461084e-04 -8.24462941e-04 -8.67813440e-04 -9.12429370e-04 -9.58201249e-04 -1.00498891e-03 -1.05261645e-03 -1.10086640e-03 -1.14947314e-03 -1.19811530e-03 -1.24640716e-03 -1.29388889e-03 -1.34001548e-03 -1.38414430e-03 -1.42552116e-03 -1.46326470e-03 -1.49634917e-03 -1.52358551e-03 -1.54360079e-03 -1.55481611e-03 -1.55542341e-03 -1.54336147e-03 -1.51629193e-03 -1.47157646e-03 -1.40625630e-03 -1.31703644e-03 -1.20027669e-03 -1.05199312e-03 -8.67873714e-04 -6.43313070e-04 -3.73471624e-04 -5.33653373e-05 3.22007955e-04 7.57499841e-04 1.25759586e-03 1.82615122e-03 2.46607958e-03 3.17900184e-03 3.96486874e-03 4.82157836e-03 5.74461751e-03 6.72676199e-03 7.75787467e-03 8.82483929e-03 9.91166182e-03 1.09997594e-02 1.20684396e-02 1.30955550e-02 1.40582962e-02 1.49340763e-02 1.57014457e-02 1.63409812e-02 1.68360932e-02 1.71737122e-02 1.73448217e-02 1.73448217e-02 1.71737122e-02 1.68360932e-02 1.63409812e-02 1.57014457e-02 1.49340763e-02 1.40582962e-02 1.30955550e-02 1.20684396e-02 1.09997594e-02 9.91166182e-03 8.82483929e-03 7.75787467e-03 6.72676199e-03 5.74461751e-03 4.82157836e-03 3.96486874e-03 3.17900184e-03 2.46607958e-03 1.82615122e-03 1.25759586e-03 7.57499841e-04 3.22007955e-04 -5.33653373e-05 -3.73471624e-04 -6.43313070e-04 -8.67873714e-04 -1.05199312e-03 -1.20027669e-03 -1.31703644e-03 -1.40625630e-03 -1.47157646e-03 -1.51629193e-03 -1.54336147e-03 -1.55542341e-03 -1.55481611e-03
-6.63998686e-05 -7.15377852e-05 -7.70325747e-05 -8.29055151e-05 -8.91788472e-05 -9.58757889e-05 -1.03020544e-04 -1.10638310e-04 -1.18755273e-04 -1.27398609e-04 -1.36596463e-04 -1.46377933e-04 -1.56773033e-04 -1.67812654e-04 -1.79528506e-04 -1.91953048e-04 -2.05119396e-04 -2.19061220e-04 -2.33812607e-04 -2.49407908e-04 -2.65881550e-04 -2.83267811e-04 -3.01600564e-04 -3.20912969e-04 -3.41237117e-04 -3.62603615e-04 -3.85041108e-04 -4.08575715e-04 -4.33230393e-04 -4.59024190e-04 -4.85971392e-04 -5.14080538e-04 -5.43353298e-04 -5.73783171e-04 -6.05354012e-04 -6.38038329e-04 -6.71795352e-04 -7.06568819e-04 -7.42284456e-04 -7.78847105e-04 -8.16137463e-04 -8.54008374e-04 -8.92280631e-04 -9.30738219e-04 -9.69122955e-04 -1.00712845e-03 -1.04439330e-03 -1.08049355e-03 -1.11493417e-03 -1.14713970e-03 -1.17644389e-03 -1.20207835e-03 -1.22316018e-03 -1.23867876e-03 -1.24748153e-03 -1.24825933e-03 -1.23953120e-03 -1.21962928e-03 -1.18668445e-03 -1.13861323e-03 -1.07310736e-03 -9.87627095e-04 -8.79400092e-04 -7.45427964e-04 -5.82502905e-04 -3.87237334e-04 -1.56109735e-04 1.14469911e-04 4.28071684e-04 7.88131241e-04 1.19780703e-03 1.65980826e-03 2.17619490e-03 2.74815348e-03 3.37575617e-03 4.05771454e-03 4.79114326e-03 5.57135287e-03 6.39169336e-03 7.24347067e-03 8.11595698e-03 8.99651059e-03 9.87081406e-03 1.07232298e-02 1.15372619e-02 1.22961023e-02 1.29832324e-02 1.35830456e-02 1.40814534e-02 1.44664442e-02 1.47285618e-02 1.48612843e-02 1.48612843e-02 1.47285618e-02 1.44664442e-02 1.40814534e-02 1.35830456e-02 1.29832324e-02 1.22961023e-02 1.15372619e-02 1.07232298e-02 9.87081406e-03 8.99651059e-03 8.11595698e-03 7.24347067e-03 6.39169336e-03 5.57135287e-03 4.79114326e-03 4.05771454e-03 3.37575617e-03 2.74815348e-03 2.17619490e-03 1.65980826e-03 1.19780703e-03 7.88131241e-04 4.28071684e-04 1.14469911e-04 -1.56109735e-04 -3.87237334e-04 -5.82502905e-04 -7.45427964e-04 -8.79400092e-04 -9.87627095e-04 -1.07310736e-03 -1.13861323e-03 -1.18668445e-03 -1.21962928e-03 -1.23953120e-03
-6.28860095e-05 -6.77087099e-05 -7.28611963e-05 -7.83625053e-05 -8.42324563e-05 -9.04916508e-05 -9.71614671e-05 -1.04264049e-04 -1.11822288e-04 -1.19859799e-04 -1.28400885e-04 -1.37470491e-04 -1.47094155e-04 -1.57297932e-04 -1.68108315e-04 -1.79552134e-04 -1.91656434e-04 -2.04448337e-04 -2.17954872e-04 -2.32202781e-04 -2.47218293e-04 -2.63026861e-04 -2.79652856e-04 -2.97119215e-04 -3.15447040e-04 -3.34655133e-04 -3.54759462e-04 -3.75772558e-04 -3.97702819e-04 -4.20553718e-04 -4.44322905e-04 -4.69001179e-04 -4.94571329e-04 -5.21006812e-04 -5.48270256e-04 -5.76311773e-04 -6.05067038e-04 -6.34455139e-04 -6.64376137e-04 -6.94708330e-04 -7.25305177e-04 -7.55991850e-04 -7.86561372e-04 -8.16770319e-04 -8.46334027e-04 -8.74921285e-04 -9.02148468e-04 -9.27573096e-04 -9.50686779e-04 -9.70907570e-04 -9.87571708e-04 -9.99924807e-04 -1.00711257e-03 -1.00817112e-03 -1.00201713e-03 -9.87438075e-04 -9.63082773e-04 -9.27452887e-04 -8.78895816e-04 -8.15599804e-04 -7.35592181e-04 -6.36741865e-04 -5.16767497e-04 -3.73252758e-04 -2.03670645e-04 -5.41861175e-06 2.24133418e-04 4.87580271e-04 7.87402273e-04 1.12586835e-03 1.50492113e-03 1.92604470e-03 2.39011754e-03 2.89725453e-03 3.44664463e-03 4.03639266e-03 4.66337597e-03 5.32312848e-03 6.00976508e-03 6.71595972e-03 7.43298810e-03 8.15084324e-03 8.85842724e-03 9.54381715e-03 1.01945969e-02 1.07982411e-02 1.13425332e-02 1.18159953e-02 1.22083074e-02 1.25106944e-02 1.27162607e-02 1.28202551e-02 1.28202551e-02 1.27162607e-02 1.25106944e-02 1.22083074e-02 1.18159953e-02 1.13425332e-02 1.07982411e-02 1.01945969e-02 9.54381715e-03 8.85842724e-03 8.15084324e-03 7.43298810e-03 6.71595972e-03 6.00976508e-03 5.32312848e-03 4.66337597e-03 4.03639266e-03 3.44664463e-03 2.89725453e-03 2.39011754e-03 1.92604470e-03 1.50492113e-03 1.12586835e-03 7.87402273e-04 4.87580271e-04 2.24133418e-04 -5.41861175e-06 -2.03670645e-04 -3.73252758e-04 -5.16767497e-04 -6.36741865e-04 -7.35592181e-04 -8.15599804e-04 -8.78895816e-04 -9.27452887e-04 -9.63082773e-04
-5.94440377e-05 -6.39591686e-05 -6.87778435e-05 -7.39169558e-05 -7.93940131e-05 -8.52271241e-05 -9.14349799e-05 -9.80368277e-05 -1.05052438e-04 -1.12502061e-04 -1.20406378e-04 -1.28786436e-04 -1.37663570e-04 -1.47059320e-04 -1.56995316e-04 -1.67493159e-04 -1.78574278e-04 -1.90259754e-04 -2.02570133e-04 -2.15525198e-04 -2.29143715e-04 -2.43443135e-04 -2.58439259e-04 -2.74145860e-04 -2.90574238e-04 -3.07732732e-04 -3.25626156e-04 -3.44255163e-04 -3.63615529e-04 -3.83697339e-04 -4.04484071e-04 -4.25951569e-04 -4.48066882e-04 -4.70786962e-04 -4.94057202e-04 -5.17809803e-04 -5.41961940e-04 -5.66413719e-04 -5.91045905e-04 -6.15717380e-04 -6.40262337e-04 -6.64487168e-04 -6.88167029e-04 -7.11042063e-04 -7.32813262e-04 -7.53137954e-04 -7.71624910e-04 -7.87829060e-04 -8.01245851e-04 -8.11305260e-04 -8.17365510e-04 -8.18706580e-04 -8.14523611e-04 -8.03920355e-04 -7.85902888e-04 -7.59373841e-04 -7.23127510e-04 -6.75846259e-04 -6.16098768e-04 -5.42340756e-04 -4.52918952e-04 -3.46079192e-04 -2.19979660e-04 -7.27103546e-05 9.76800230e-05 2.93148596e-04 5.15613126e-04 7.66896163e-04 1.04865792e-03 1.36231770e-03 1.70896443e-03 2.08925761e-03 2.50332138e-03 2.95063504e-03 3.42992534e-03 3.93906664e-03 4.47499615e-03 5.03365242e-03 5.60994514e-03 6.19776364e-03 6.79003055e-03 7.37880425e-03 7.95543140e-03 8.51074707e-03 9.03531652e-03 9.51970961e-03 9.95479547e-03 1.03320439e-02 1.06438183e-02 1.08836460e-02 1.10464517e-02 1.11287440e-02 1.11287440e-02 1.10464517e-02 1.08836460e-02 1.06438183e-02 1.03320439e-02 9.95479547e-03 9.51970961e-03 9.03531652e-03 8.51074707e-03 7.95543140e-03 7.37880425e-03 6.79003055e-03 6.19776364e-03 5.60994514e-03 5.03365242e-03 4.47499615e-03 3.93906664e-03 3.42992534e-03 2.95063504e-03 2.50332138e-03 2.08925761e-03 1.70896443e-03 1.36231770e-03 1.04865792e-03 7.66896163e-04 5.15613126e-04 2.93148596e-04 9.76800230e-05 -7.27103546e-05 -2.19979660e-04 -3.46079192e-04 -4.52918952e-04 -5.42340756e-04 -6.16098768e-04 -6.75846259e-04 -7.23127510e-04
-5.60831676e-05 -6.02993708e-05 -6.47938228e-05 -6.95813811e-05 -7.46773621e-05 -8.00975165e-05 -8.58579988e-05 -9.19753281e-05 -9.84663422e-05 -1.05348141e-04 -1.12638020e-04 -1.20353390e-04 -1.28511689e-04 -1.37130268e-04 -1.46226273e-04 -1.55816500e-04 -1.65917226e-04 -1.76544028e-04 -1.87711562e-04 -1.99433319e-04 -2.11721351e-04 -2.24585949e-04 -2.38035295e-04 -2.52075051e-04 -2.66707912e-04 -2.81933091e-04 -2.97745748e-04 -3.14136346e-04 -3.31089926e-04 -3.48585302e-04 -3.66594158e-04 -3.85080039e-04 -4.03997231e-04 -4.23289504e-04 -4.42888734e-04 -4.62713352e-04 -4.82666647e-04 -5.02634881e-04 -5.22485212e-04 -5.42063414e-04 -5.61191380e-04 -5.79664387e-04 -5.97248132e-04 -6.13675508e-04 -6.28643143e-04 -6.41807682e-04 -6.52781844e-04 -6.61130254e-04 -6.66365107e-04 -6.67941693e-04 -6.65253869e-04 -6.57629573e-04 -6.44326499e-04 -6.24528106e-04 -5.97340168e-04 -5.61788115e-04 -5.16815491e-04 -4.61283902e-04 -3.93974893e-04 -3.13594291e-04 -2.18779579e-04 -1.08110971e-04 1.98731225e-05 1.66655504e-04 3.33713754e-04 5.22487291e-04 7.34337375e-04 9.70499727e-04 1.23202971e-03 1.51974043e-03 1.83413470e-03 2.17533227e-03 2.54299466e-03 2.93625049e-03 3.35362518e-03 3.79297921e-03 4.25146016e-03 4.72547336e-03 5.21067632e-03 5.70200124e-03 6.19370899e-03 6.67947630e-03 7.15251629e-03 7.60572985e-03 8.03188392e-03 8.42380990e-03 8.77461445e-03 9.07789316e-03 9.32793743e-03 9.51992473e-03 9.65008299e-03 9.71582144e-03 9.71582144e-03 9.65008299e-03 9.51992473e-03 9.32793743e-03 9.07789316e-03 8.77461445e-03 8.42380990e-03 8.03188392e-03 7.60572985e-03 7.15251629e-03 6.67947630e-03 6.19370899e-03 5.70200124e-03 5.21067632e-03 4.72547336e-03 4.25146016e-03 3.79297921e-03 3.35362518e-03 2.93625049e-03 2.54299466e-03 2.17533227e-03 1.83413470e-03 1.51974043e-03 1.23202971e-03 9.70499727e-04 7.34337375e-04 5.22487291e-04 3.33713754e-04 1.66655504e-04 1.98731225e-05 -1.08110971e-04 -2.18779579e-04 -3.13594291e-04 -3.93974893e-04 -4.61283902e-04 -5.16815491e-04
-5.28114856e-05 -5.67382553e-05 -6.09190086e-05 -6.53666825e-05 -7.00945303e-05 -7.51160876e-05 -8.04451316e-05 -8.60956317e-05 -9.20816916e-05 -9.84174817e-05 -1.05117160e-04 -1.12194779e-04 -1.19664183e-04 -1.27538887e-04 -1.35831933e-04 -1.44555741e-04 -1.53721924e-04 -1.63341086e-04 -1.73422594e-04 -1.83974321e-04 -1.95002352e-04 -2.06510659e-04 -2.18500734e-04 -2.30971178e-04 -2.43917244e-04 -2.57330320e-04 -2.71197364e-04 -2.85500262e-04 -3.00215126e-04 -3.15311504e-04 -3.30751515e-04 -3.46488887e-04 -3.62467889e-04 -3.78622166e-04 -3.94873445e-04 -4.11130122e-04 -4.27285709e-04 -4.43217143e-04 -4.58782938e-04 -4.73821186e-04 -4.88147384e-04 -5.01552109e-04 -5.13798513e-04 -5.24619666e-04 -5.33715737e-04 -5.40751042e-04 -5.45350976e-04 -5.47098867e-04 -5.45532792e-04 -5.40142424e-04 -5.30365996e-04 -5.15587467e-04 -4.95134039e-04 -4.68274168e-04 -4.34216272e-04 -3.92108358e-04 -3.41038842e-04 -2.80038863e-04 -2.08086464e-04 -1.24113013e-04 -2.70123116e-05 8.43471766e-05 2.11106493e-04 3.54396319e-04 5.15312667e-04 6.94887812e-04 8.94056282e-04 1.11361591e-03 1.35418422e-03 1.61615067e-03 1.89962580e-03 2.20438858e-03 2.52983383e-03 2.87492207e-03 3.23813443e-03 3.61743590e-03 4.01024987e-03 4.41344762e-03 4.82335551e-03 5.23578250e-03 5.64606989e-03 6.04916380e-03 6.43970997e-03 6.81216903e-03 7.16094899e-03 7.48055049e-03 7.76571911e-03 8.01159874e-03 8.21387909e-03 8.36893082e-03 8.47392215e-03 8.52691146e-03 8.52691146e-03 8.47392215e-03 8.36893082e-03 8.21387909e-03 8.01159874e-03 7.76571911e-03 7.48055049e-03 7.16094899e-03 6.81216903e-03 6.43970997e-03 6.04916380e-03 5.64606989e-03 5.23578250e-03 4.82335551e-03 4.41344762e-03 4.01024987e-03 3.61743590e-03 3.23813443e-03 2.87492207e-03 2.52983383e-03 2.20438858e-03 1.89962580e-03 1.61615067e-03 1.35418422e-03 1.11361591e-03 8.94056282e-04 6.94887812e-04 5.15312667e-04 3.54396319e-04 2.11106493e-04 8.43471766e-05 -2.70123116e-05 -1.24113013e-04 -2.08086464e-04 -2.80038863e-04 -3.41038842e-04
-4.96359598e-05 -5.32835020e-05 -5.71618593e-05 -6.12821677e-05 -6.56557511e-05 -7.02940786e-05 -7.52087153e-05 -8.04112643e-05 -8.59132998e-05 -9.17262898e-05 -9.78615073e-05 -1.04329929e-04 -1.11142120e-04 -1.18308103e-04 -1.25837209e-04 -1.33737912e-04 -1.42017637e-04 -1.50682554e-04 -1.59737334e-04 -1.69184891e-04 -1.79026079e-04 -1.89259364e-04 -1.99880458e-04 -2.10881905e-04 -2.22252634e-04 -2.33977447e-04 -2.46036472e-04 -2.58404541e-04 -2.71050515e-04 -2.83936540e-04 -2.97017220e-04 -3.10238726e-04 -3.23537805e-04 -3.36840706e-04 -3.50062008e-04 -3.63103347e-04 -3.75852035e-04 -3.88179569e-04 -3.99940028e-04 -4.10968357e-04 -4.21078532e-04 -4.30061622e-04 -4.37683742e-04 -4.43683918e-04 -4.47771878e-04 -4.49625785e-04 -4.48889957e-04 -4.45172608e-04 -4.38043652e-04 -4.27032664e-04 -4.11627045e-04 -3.91270521e-04 -3.65362082e-04 -3.33255494e-04 -2.94259581e-04 -2.47639432e-04 -1.92618781e-04 -1.28383791e-04 -5.40885108e-05 3.11377100e-05 1.28180545e-04 2.37928465e-04 3.61257681e-04 4.99013992e-04 6.51991377e-04 8.20907211e-04 1.00637413e-03 1.20886877e-03 1.42869764e-03 1.66596096e-03 1.92051515e-03 2.19193520e-03 2.47947846e-03 2.78205148e-03 3.09818196e-03 3.42599785e-03 3.76321584e-03 4.10714126e-03 4.45468139e-03 4.80237341e-03 5.14642804e-03 5.48278899e-03 5.80720751e-03 6.11533053e-03 6.40279995e-03 6.66535996e-03 6.89896837e-03 7.09990769e-03 7.26489148e-03 7.39116124e-03 7.47656980e-03 7.51964738e-03 7.51964738e-03 7.47656980e-03 7.39116124e-03 7.26489148e-03 7.09990769e-03 6.89896837e-03 6.66535996e-03 6.40279995e-03 6.11533053e-03 5.80720751e-03 5.48278899e-03 5.14642804e-03 4.80237341e-03 4.45468139e-03 4.10714126e-03 3.76321584e-03 3.42599785e-03 3.09818196e-03 2.78205148e-03 2.47947846e-03 2.19193520e-03 1.92051515e-03 1.66596096e-03 1.42869764e-03 1.20886877e-03 1.00637413e-03 8.20907211e-04 6.51991377e-04 4.99013992e-04 3.61257681e-04 2.37928465e-04 1.28180545e-04 3.11377100e-05 -5.40885108e-05 -1.28383791e-04 -1.92618781e-04
-4.65624626e-05 -4.99415597e-05 -5.35294490e-05 -5.73355890e-05 -6.13695107e-05 -6.56407680e-05 -7.01588818e-05 -7.49332752e-05 -7.99731993e-05 -8.52876487e-05 -9.08852659e-05 -9.67742324e-05 -1.02962146e-04 -1.09455885e-04 -1.16261451e-04 -1.23383796e-04 -1.30826631e-04 -1.38592211e-04 -1.46681090e-04 -1.55091859e-04 -1.63820849e-04 -1.72861802e-04 -1.82205511e-04 -1.91839418e-04 -2.01747177e-04 -2.11908165e-04 -2.22296954e-04 -2.32882726e-04 -2.43628635e-04 -2.54491110e-04 -2.65419097e-04 -2.76353232e-04 -2.87224943e-04 -2.97955488e-04 -3.08454901e-04 -3.18620874e-04 -3.28337555e-04 -3.37474256e-04 -3.45884101e-04 -3.53402578e-04 -3.59846033e-04 -3.65010100e-04 -3.68668073e-04 -3.70569252e-04 -3.70437274e-04 -3.67968452e-04 -3.62830172e-04 -3.54659380e-04 -3.43061214e-04 -3.27607845e-04 -3.07837611e-04 -2.83254526e-04 -2.53328274e-04 -2.17494808e-04 -1.75157700e-04 -1.25690383e-04 -6.84394715e-05 -2.72932458e-06 7.21319329e-05 1.56844753e-04 2.52108665e-04 3.58610761e-04 4.77012009e-04 6.07931271e-04 7.51927001e-04 9.09476618e-04 1.08095372e-03 1.26660335e-03 1.46651583e-03 1.68059959e-03 1.90855389e-03 2.14984229e-03 2.40366808e-03 2.66895288e-03 2.94431981e-03 3.22808273e-03 3.51824303e-03 3.81249507e-03 4.10824173e-03 4.40262056e-03 4.69254114e-03 4.97473331e-03 5.24580592e-03 5.50231450e-03 5.74083629e-03 5.95805019e-03 6.15081895e-03 6.31627044e-03 6.45187504e-03 6.55551585e-03 6.62554883e-03 6.66085042e-03 6.66085042e-03 6.62554883e-03 6.55551585e-03 6.45187504e-03 6.31627044e-03 6.15081895e-03 5.95805019e-03 5.74083629e-03 5.50231450e-03 5.24580592e-03 4.97473331e-03 4.69254114e-03 4.40262056e-03 4.10824173e-03 3.81249507e-03 3.51824303e-03 3.22808273e-03 2.94431981e-03 2.66895288e-03 2.40366808e-03 2.14984229e-03 1.90855389e-03 1.68059959e-03 1.46651583e-03 1.26660335e-03 1.08095372e-03 9.09476618e-04 7.51927001e-04 6.07931271e-04 4.77012009e-04 3.58610761e-04 2.52108665e-04 1.56844753e-04 7.21319329e-05 -2.72932458e-06 -6.84394715e-05
-4.35958050e-05 -4.67176860e-05 -5.00275158e-05 -5.35332000e-05 -5.72426139e-05 -6.11635485e-05 -6.53036488e-05 -6.96703436e-05 -7.42707665e-05 -7.91116661e-05 -8.41993050e-05 -8.95393467e-05 -9.51367292e-05 -1.00995523e-04 -1.07118773e-04 -1.13508325e-04 -1.20164629e-04 -1.27086524e-04 -1.34271000e-04 -1.41712934e-04 -1.49404803e-04 -1.57336362e-04 -1.65494292e-04 -1.73861821e-04 -1.82418302e-04 -1.91138751e-04 -1.99993352e-04 -2.08946909e-04 -2.17958256e-04 -2.26979619e-04 -2.35955920e-04 -2.44824037e-04 -2.53512000e-04 -2.61938137e-04 -2.70010154e-04 -2.77624165e-04 -2.84663667e-04 -2.90998451e-04 -2.96483472e-04 -3.00957677e-04 -3.04242787e-04 -3.06142065e-04 -3.06439072e-04 -3.04896431e-04 -3.01254623e-04 -2.95230854e-04 -2.86518007e-04 -2.74783745e-04 -2.59669799e-04 -2.40791509e-04 -2.17737681e-04 -1.90070848e-04 -1.57328010e-04 -1.19021970e-04 -7.46433661e-05 -2.36635181e-05 3.44617753e-05 1.00287364e-04 1.74372664e-04 2.57274233e-04 3.49536896e-04 4.51683307e-04 5.64201899e-04 6.87533178e-04 8.22054400e-04 9.68062727e-04 1.12575704e-03 1.29521868e-03 1.47639156e-03 1.66906200e-03 1.87283919e-03 2.08713667e-03 2.31115602e-03 2.54387344e-03 2.78403034e-03 3.03012894e-03 3.28043368e-03 3.53297947e-03 3.78558731e-03 4.03588770e-03 4.28135207e-03 4.51933185e-03 4.74710469e-03 4.96192680e-03 5.16108994e-03 5.34198160e-03 5.50214611e-03 5.63934479e-03 5.75161276e-03 5.83731027e-03 5.89516660e-03 5.92431460e-03 5.92431460e-03 5.89516660e-03 5.83731027e-03 5.75161276e-03 5.63934479e-03 5.50214611e-03 5.34198160e-03 5.16108994e-03 4.96192680e-03 4.74710469e-03 4.51933185e-03 4.28135207e-03 4.03588770e-03 3.78558731e-03 3.53297947e-03 3.28043368e-03 3.03012894e-03 2.78403034e-03 2.54387344e-03 2.31115602e-03 2.08713667e-03 1.87283919e-03 1.66906200e-03 1.47639156e-03 1.29521868e-03 1.12575704e-03 9.68062727e-04 8.22054400e-04 6.87533178e-04 5.64201899e-04 4.51683307e-04 3.49536896e-04 2.57274233e-04 1.74372664e-04 1.00287364e-04 3.44617753e-05
-4.07397814e-05 -4.36159994e-05 -4.66605218e-05 -4.98798251e-05 -5.32802660e-05 -5.68680230e-05 -6.06490313e-05 -6.46289088e-05 -6.88128735e-05 -7.32056499e-05 -7.78113658e-05 -8.26334366e-05 -8.76744361e-05 -9.29359542e-05 -9.84184390e-05 -1.04121021e-04 -1.10041323e-04 -1.16175245e-04 -1.22516732e-04 -1.29057521e-04 -1.35786857e-04 -1.42691189e-04 -1.49753837e-04 -1.56954629e-04 -1.64269503e-04 -1.71670081e-04 -1.79123206e-04 -1.86590440e-04 -1.94027527e-04 -2.01383813e-04 -2.08601626e-04 -2.15615613e-04 -2.22352041e-04 -2.28728046e-04 -2.34650848e-04 -2.40016925e-04 -2.44711154e-04 -2.48605914e-04 -2.51560169e-04 -2.53418534e-04 -2.54010329e-04 -2.53148645e-04 -2.50629428e-04 -2.46230610e-04 -2.39711296e-04 -2.30811062e-04 -2.19249366e-04 -2.04725133e-04 -1.86916559e-04 -1.65481172e-04 -1.40056224e-04 -1.10259472e-04 -7.56904267e-05 -3.59321398e-05 9.44637251e-06 6.08869929e-05 1.18838554e-04 1.83751988e-04 2.56074494e-04 3.36242632e-04 4.24674303e-04 5.21759546e-04 6.27850168e-04 7.43248211e-04 8.68193338e-04 1.00284926e-03 1.14728943e-03 1.30148215e-03 1.46527568e-03 1.63838343e-03 1.82037007e-03 2.01063893e-03 2.20842132e-03 2.41276865e-03 2.62254774e-03 2.83644025e-03 3.05294668e-03 3.27039558e-03 3.48695824e-03 3.70066912e-03 3.90945202e-03 4.11115160e-03 4.30356992e-03 4.48450705e-03 4.65180474e-03 4.80339198e-03 4.93733098e-03 5.05186192e-03 5.14544521e-03 5.21679930e-03 5.26493303e-03 5.28917099e-03 5.28917099e-03 5.26493303e-03 5.21679930e-03 5.14544521e-03 5.05186192e-03 4.93733098e-03 4.80339198e-03 4.65180474e-03 4.48450705e-03 4.30356992e-03 4.11115160e-03 3.90945202e-03 3.70066912e-03 3.48695824e-03 3.27039558e-03 3.05294668e-03 2.83644025e-03 2.62254774e-03 2.41276865e-03 2.20842132e-03 2.01063893e-03 1.82037007e-03 1.63838343e-03 1.46527568e-03 1.30148215e-03 1.14728943e-03 1.00284926e-03 8.68193338e-04 7.43248211e-04 6.27850168e-04 5.21759546e-04 4.24674303e-04 3.36242632e-04 2.56074494e-04 1.83751988e-04 1.18838554e-04
-3.79972221e-05 -4.06395405e-05 -4.34317240e-05 -4.63789424e-05 -4.94861677e-05 -5.27581139e-05 -5.61991688e-05 -5.98133177e-05 -6.36040583e-05 -6.75743067e-05 -7.17262917e-05 -7.60614390e-05 -8.05802423e-05 -8.52821218e-05 -9.01652683e-05 -9.52264713e-05 -1.00460931e-04 -1.05862055e-04 -1.11421228e-04 -1.17127574e-04 -1.22967683e-04 -1.28925328e-04 -1.34981144e-04 -1.41112294e-04 -1.47292103e-04 -1.53489659e-04 -1.59669393e-04 -1.65790623e-04 -1.71807073e-04 -1.77666354e-04 -1.83309415e-04 -1.88669969e-04 -1.93673880e-04 -1.98238529e-04 -2.02272145e-04 -2.05673122e-04 -2.08329308e-04 -2.10117293e-04 -2.10901674e-04 -2.10534343e-04 -2.08853774e-04 -2.05684349e-04 -2.00835721e-04 -1.94102248e-04 -1.85262515e-04 -1.74078960e-04 -1.60297663e-04 -1.43648298e-04 -1.23844316e-04 -1.00583394e-04 -7.35481888e-05 -4.24074680e-05 -6.81766423e-06 3.35750857e-05 7.91323493e-05 1.30220194e-04 1.87205304e-04 2.50450364e-04 3.20308657e-04 3.97117827e-04 4.81192800e-04 5.72817837e-04 6.72237760e-04 7.79648390e-04 8.95186294e-04 1.01891798e-03 1.15082873e-03 1.29081127e-03 1.43865461e-03 1.59403342e-03 1.75649821e-03 1.92546696e-03 2.10021843e-03 2.27988787e-03 2.46346537e-03 2.64979756e-03 2.83759281e-03 3.02543043e-03 3.21177399e-03 3.39498881e-03 3.57336365e-03 3.74513614e-03 3.90852174e-03 4.06174539e-03 4.20307524e-03 4.33085740e-03 4.44355077e-03 4.53976075e-03 4.61827082e-03 4.67807082e-03 4.71838087e-03 4.73867023e-03 4.73867023e-03 4.71838087e-03 4.67807082e-03 4.61827082e-03 4.53976075e-03 4.44355077e-03 4.33085740e-03 4.20307524e-03 4.06174539e-03 3.90852174e-03 3.74513614e-03 3.57336365e-03 3.39498881e-03 3.21177399e-03 3.02543043e-03 2.83759281e-03 2.64979756e-03 2.46346537e-03 2.27988787e-03 2.10021843e-03 1.92546696e-03 1.75649821e-03 1.59403342e-03 1.43865461e-03 1.29081127e-03 1.15082873e-03 1.01891798e-03 8.95186294e-04 7.79648390e-04 6.72237760e-04 5.72817837e-04 4.81192800e-04 3.97117827e-04 3.20308657e-04 2.50450364e-04 1.87205304e-04
-3.53700532e-05 -3.77903403e-05 -4.03432534e-05 -4.30327740e-05 -4.58626204e-05 -4.88361852e-05 -5.19564654e-05 -5.52259854e-05 -5.86467112e-05 -6.22199557e-05 -6.59462737e-05 -6.98253470e-05 -7.38558578e-05 -7.80353494e-05 -8.23600745e-05 -8.68248288e-05 -9.14227705e-05 -9.61452225e-05 -1.00981459e-04 -1.05918473e-04 -1.10940726e-04 -1.16029877e-04 -1.21164491e-04 -1.26319726e-04 -1.31466997e-04 -1.36573616e-04 -1.41602414e-04 -1.46511330e-04 -1.51252982e-04 -1.55774216e-04 -1.60015628e-04 -1.63911062e-04 -1.67387099e-04 -1.70362515e-04 -1.72747732e-04 -1.74444261e-04 -1.75344132e-04 -1.75329333e-04 -1.74271256e-04 -1.72030162e-04 -1.68454676e-04 -1.63381329e-04 -1.56634159e-04 -1.48024392e-04 -1.37350219e-04 -1.24396704e-04 -1.08935836e-04 -9.07267737e-05 -6.95162936e-05 -4.50395004e-05 -1.70208255e-05 1.48246381e-05 5.07894227e-05 9.11715473e-05 1.36271910e-04 1.86391167e-04 2.41826056e-04 3.02865134e-04 3.69783898e-04 4.42839272e-04 5.22263468e-04 6.08257234e-04 7.00982522e-04 8.00554656e-04 9.07034087e-04 1.02041787e-03 1.14063102e-03 1.26751797e-03 1.40083432e-03 1.54023926e-03 1.68528881e-03 1.83543038e-03 1.98999885e-03 2.14821462e-03 2.30918389e-03 2.47190149e-03 2.63525660e-03 2.79804136e-03 2.95896267e-03 3.11665703e-03 3.26970843e-03 3.41666889e-03 3.55608151e-03 3.68650525e-03 3.80654115e-03 3.91485905e-03 4.01022418e-03 4.09152279e-03 4.15778595e-03 4.20821084e-03 4.24217874e-03 4.25926907e-03 4.25926907e-03 4.24217874e-03 4.20821084e-03 4.15778595e-03 4.09152279e-03 4.01022418e-03 3.91485905e-03 3.80654115e-03 3.68650525e-03 3.55608151e-03 3.41666889e-03 3.26970843e-03 3.11665703e-03 2.95896267e-03 2.79804136e-03 2.63525660e-03 2.47190149e-03 2.30918389e-03 2.14821462e-03 1.98999885e-03 1.83543038e-03 1.68528881e-03 1.54023926e-03 1.40083432e-03 1.26751797e-03 1.14063102e-03 1.02041787e-03 9.07034087e-04 8.00554656e-04 7.00982522e-04 6.08257234e-04 5.22263468e-04 4.42839272e-04 3.69783898e-04 3.02865134e-04 2.41826056e-04
-3.28593603e-05 -3.50694946e-05 -3.73961995e-05 -3.98423839e-05 -4.24106380e-05 -4.51031700e-05 -4.79217366e-05 -5.08675652e-05 -5.39412685e-05 -5.71427513e-05 -6.04711067e-05 -6.39245039e-05 -6.75000645e-05 -7.11937281e-05 -7.50001058e-05 -7.89123211e-05 -8.29218371e-05 -8.70182702e-05 -9.11891882e-05 -9.54198930e-05 -9.96931875e-05 -1.03989125e-04 -1.08284741e-04 -1.12553767e-04 -1.16766329e-04 -1.20888623e-04 -1.24882571e-04 -1.28705470e-04 -1.32309606e-04 -1.35641868e-04 -1.38643335e-04 -1.41248855e-04 -1.43386611e-04 -1.44977677e-04 -1.45935578e-04 -1.46165835e-04 -1.45565533e-04 -1.44022889e-04 -1.41416851e-04 -1.37616716e-04 -1.32481805e-04 -1.25861178e-04 -1.17593428e-04 -1.07506561e-04 -9.54179788e-05 -8.11345864e-05 -6.44530575e-05 -4.51602687e-05 -2.30339414e-05 2.15648485e-06 3.06487129e-05 6.26861523e-05 9.85161532e-05 1.38387878e-04 1.82549781e-04 2.31246662e-04 2.84716284e-04 3.43185516e-04 4.06866014e-04 4.75949427e-04 5.50602147e-04 6.30959633e-04 7.17120360e-04 8.09139462e-04 9.07022154e-04 1.01071706e-03 1.12010961e-03 1.23501561e-03 1.35517524e-03 1.48024773e-03 1.60980680e-03 1.74333730e-03 1.88023317e-03 2.01979696e-03 2.16124127e-03 2.30369216e-03 2.44619475e-03 2.58772115e-03 2.72718069e-03 2.86343244e-03 2.99529994e-03 3.12158786e-03 3.24110031e-03 3.35266049e-03 3.45513108e-03 3.54743502e-03 3.62857592e-03 3.69765771e-03 3.75390278e-03 3.79666812e-03 3.82545894e-03 3.83993926e-03 3.83993926e-03 3.82545894e-03 3.79666812e-03 3.75390278e-03 3.69765771e-03 3.62857592e-03 3.54743502e-03 3.45513108e-03 3.35266049e-03 3.24110031e-03 3.12158786e-03 2.99529994e-03 2.86343244e-03 2.72718069e-03 2.58772115e-03 2.44619475e-03 2.30369216e-03 2.16124127e-03 2.01979696e-03 1.88023317e-03 1.74333730e-03 1.60980680e-03 1.48024773e-03 1.35517524e-03 1.23501561e-03 1.12010961e-03 1.01071706e-03 9.07022154e-04 8.09139462e-04 7.17120360e-04 6.30959633e-04 5.50602147e-04 4.75949427e-04 4.06866014e-04 3.43185516e-04 2.84716284e-04
-3.04654570e-05 -3.24772409e-05 -3.45906998e-05 -3.68077798e-05 -3.91300630e-05 -4.15587043e-05 -4.40943623e-05 -4.67371221e-05 -4.94864119e-05 -5.23409110e-05 -5.52984496e-05 -5.83558993e-05 -6.15090544e-05 -6.47525029e-05 -6.80794868e-05 -7.14817510e-05 -7.49493807e-05 -7.84706262e-05 -8.20317145e-05 -8.56166484e-05 -8.92069911e-05 -9.27816370e-05 -9.63165678e-05 -9.97845951e-05 -1.03155087e-04 -1.06393683e-04 -1.09461992e-04 -1.12317279e-04 -1.14912139e-04 -1.17194164e-04 -1.19105590e-04 -1.20582953e-04 -1.21556729e-04 -1.21950974e-04 -1.21682977e-04 -1.20662910e-04 -1.18793501e-04 -1.15969722e-04 -1.12078512e-04 -1.06998534e-04 -1.00599982e-04 -9.27444519e-05 -8.32848820e-05 -7.20655866e-05 -5.89223938e-05 -4.36829072e-05 -2.61669123e-05 -6.18694661e-06 1.64509421e-05 4.19462282e-05 7.05027052e-05 1.02327025e-04 1.37626956e-04 1.76609336e-04 2.19477702e-04 2.66429579e-04 3.17653421e-04 3.73325187e-04 4.33604570e-04 4.98630877e-04 5.68518594e-04 6.43352657e-04 7.23183506e-04 8.08021957e-04 8.97834003e-04 9.92535636e-04 1.09198781e-03 1.19599169e-03 1.30428434e-03 1.41653501e-03 1.53234223e-03 1.65123182e-03 1.77265614e-03 1.89599456e-03 2.02055548e-03 2.14557991e-03 2.27024682e-03 2.39368017e-03 2.51495772e-03 2.63312159e-03 2.74719036e-03 2.85617256e-03 2.95908144e-03 3.05495040e-03 3.14284918e-03 3.22189993e-03 3.29129318e-03 3.35030288e-03 3.39830042e-03 3.43476695e-03 3.45930380e-03 3.47164053e-03 3.47164053e-03 3.45930380e-03 3.43476695e-03 3.39830042e-03 3.35030288e-03 3.29129318e-03 3.22189993e-03 3.14284918e-03 3.05495040e-03 2.95908144e-03 2.85617256e-03 2.74719036e-03 2.63312159e-03 2.51495772e-03 2.39368017e-03 2.27024682e-03 2.14557991e-03 2.02055548e-03 1.89599456e-03 1.77265614e-03 1.65123182e-03 1.53234223e-03 1.41653501e-03 1.30428434e-03 1.19599169e-03 1.09198781e-03 9.92535636e-04 8.97834003e-04 8.08021957e-04 7.23183506e-04 6.43352657e-04 5.68518594e-04 4.98630877e-04 4.33604570e-04 3.73325187e-04 3.17653421e-04
-2.81879545e-05 -3.00130389e-05 -3.19260303e-05 -3.39280165e-05 -3.60196852e-05 -3.82012615e-05 -4.04724397e-05 -4.28323081e-05 -4.52792675e-05 -4.78109422e-05 -5.04240833e-05 -5.31144635e-05 -5.58767642e-05 -5.87044524e-05 -6.15896490e-05 -6.45229869e-05 -6.74934586e-05 -7.04882533e-05 -7.34925833e-05 -7.64894990e-05 -7.94596921e-05 -8.23812882e-05 -8.52296270e-05 -8.79770322e-05 -9.05925692e-05 -9.30417937e-05 -9.52864897e-05 -9.72843987e-05 -9.89889425e-05 -1.00348939e-04 -1.01308314e-04 -1.01805817e-04 -1.01774726e-04 -1.01142577e-04 -9.98308824e-05 -9.77548820e-05 -9.48233020e-05 -9.09381472e-05 -8.59945265e-05 -7.98805209e-05 -7.24771053e-05 -6.36581330e-05 -5.32903958e-05 -4.12337728e-05 -2.73414811e-05 -1.14604445e-05 6.56820432e-06 2.69084709e-05 4.97286776e-05 7.52004567e-05 1.03497539e-04 1.34794323e-04 1.69264206e-04 2.07077663e-04 2.48400067e-04 2.93389237e-04 3.42192708e-04 3.94944739e-04 4.51763053e-04 5.12745332e-04 5.77965504e-04 6.47469836e-04 7.21272918e-04 7.99353556e-04 8.81650694e-04 9.68059417e-04 1.05842716e-03 1.15255021e-03 1.25017066e-03 1.35097394e-03 1.45458698e-03 1.56057726e-03 1.66845285e-03 1.77766344e-03 1.88760263e-03 1.99761152e-03 2.10698351e-03 2.21497057e-03 2.32079079e-03 2.42363717e-03 2.52268764e-03 2.61711604e-03 2.70610395e-03 2.78885306e-03 2.86459794e-03 2.93261868e-03 2.99225333e-03 3.04290967e-03 3.08407602e-03 3.11533075e-03 3.13635031e-03 3.14691544e-03 3.14691544e-03 3.13635031e-03 3.11533075e-03 3.08407602e-03 3.04290967e-03 2.99225333e-03 2.93261868e-03 2.86459794e-03 2.78885306e-03 2.70610395e-03 2.61711604e-03 2.52268764e-03 2.42363717e-03 2.32079079e-03 2.21497057e-03 2.10698351e-03 1.99761152e-03 1.88760263e-03 1.77766344e-03 1.66845285e-03 1.56057726e-03 1.45458698e-03 1.35097394e-03 1.25017066e-03 1.15255021e-03 1.05842716e-03 9.68059417e-04 8.81650694e-04 7.99353556e-04 7.21272918e-04 6.47469836e-04 5.77965504e-04 5.12745332e-04 4.51763053e-04 3.94944739e-04 3.42192708e-04
-2.60258320e-05 -2.76756502e-05 -2.94006968e-05 -3.12012998e-05 -3.30773594e-05 -3.50282865e-05 -3.70529362e-05 -3.91495351e-05 -4.13156024e-05 -4.35478645e-05 -4.58421626e-05 -4.81933526e-05 -5.05951980e-05 -5.30402543e-05 -5.55197450e-05 -5.80234300e-05 -6.05394635e-05 -6.30542449e-05 -6.55522585e-05 -6.80159057e-05 -7.04253271e-05 -7.27582154e-05 -7.49896201e-05 -7.70917433e-05 -7.90337274e-05 -8.07814363e-05 -8.22972299e-05 -8.35397335e-05 -8.44636046e-05 -8.50192969e-05 -8.51528260e-05 -8.48055380e-05 -8.39138844e-05 -8.24092070e-05 -8.02175380e-05 -7.72594174e-05 -7.34497367e-05 -6.86976127e-05 -6.29062987e-05 -5.59731415e-05 -4.77895932e-05 -3.82412849e-05 -2.72081756e-05 -1.45647855e-05 -1.80524918e-07 1.60798663e-05 3.43557587e-05 5.47899374e-05 7.75277580e-05 1.02716140e-04 1.30502387e-04 1.61032820e-04 1.94451213e-04 2.30897028e-04 2.70503436e-04 3.13395130e-04 3.59685926e-04 4.09476164e-04 4.62849920e-04 5.19872054e-04 5.80585113e-04 6.45006137e-04 7.13123406e-04 7.84893183e-04 8.60236529e-04 9.39036242e-04 1.02113403e-03 1.10632798e-03 1.19437045e-03 1.28496646e-03 1.37777267e-03 1.47239712e-03 1.56839971e-03 1.66529363e-03 1.76254765e-03 1.85958953e-03 1.95581038e-03 2.05057011e-03 2.14320385e-03 2.23302934e-03 2.31935518e-03 2.40148981e-03 2.47875107e-03 2.55047610e-03 2.61603150e-03 2.67482336e-03 2.72630702e-03 2.76999632e-03 2.80547199e-03 2.83238910e-03 2.85048329e-03 2.85957555e-03 2.85957555e-03 2.85048329e-03 2.83238910e-03 2.80547199e-03 2.76999632e-03 2.72630702e-03 2.67482336e-03 2.61603150e-03 2.55047610e-03 2.47875107e-03 2.40148981e-03 2.31935518e-03 2.23302934e-03 2.14320385e-03 2.05057011e-03 1.95581038e-03 1.85958953e-03 1.76254765e-03 1.66529363e-03 1.56839971e-03 1.47239712e-03 1.37777267e-03 1.28496646e-03 1.19437045e-03 1.10632798e-03 1.02113403e-03 9.39036242e-04 8.60236529e-04 7.84893183e-04 7.13123406e-04 6.45006137e-04 5.80585113e-04 5.19872054e-04 4.62849920e-04 4.09476164e-04 3.59685926e-04
-2.39775068e-05 -2.54632181e-05 -2.70125251e-05 -2.86250888e-05 -3.03001212e-05 -3.20363268e-05 -3.38318374e-05 -3.56841425e-05 -3.75900140e-05 -3.95454244e-05 -4.15454591e-05 -4.35842226e-05 -4.56547369e-05 -4.77488337e-05 -4.98570400e-05 -5.19684546e-05 -5.40706191e-05 -5.61493801e-05 -5.81887449e-05 -6.01707284e-05 -6.20751947e-05 -6.38796897e-05 -6.55592691e-05 -6.70863187e-05 -6.84303709e-05 -6.95579158e-05 -7.04322098e-05 -7.10130820e-05 -7.12567404e-05 -7.11155805e-05 -7.05379969e-05 -6.94682030e-05 -6.78460596e-05 -6.56069171e-05 -6.26814757e-05 -5.89956670e-05 -5.44705632e-05 -4.90223184e-05 -4.25621499e-05 -3.49963649e-05 -2.62264408e-05 -1.61491673e-05 -4.65685836e-06 8.36235565e-06 2.30241474e-05 3.94475126e-05 5.77541806e-05 7.80679058e-05 1.00513630e-04 1.25216504e-04 1.52300768e-04 1.81888464e-04 2.14098005e-04 2.49042568e-04 2.86828320e-04 3.27552492e-04 3.71301289e-04 4.18147649e-04 4.68148882e-04 5.21344194e-04 5.77752123e-04 6.37367943e-04 7.00161043e-04 7.66072362e-04 8.35011912e-04 9.06856461e-04 9.81447442e-04 1.05858916e-03 1.13804735e-03 1.21954825e-03 1.30277808e-03 1.38738327e-03 1.47297120e-03 1.55911178e-03 1.64533973e-03 1.73115766e-03 1.81604003e-03 1.89943780e-03 1.98078395e-03 2.05949962e-03 2.13500099e-03 2.20670660e-03 2.27404509e-03 2.33646325e-03 2.39343407e-03 2.44446480e-03 2.48910462e-03 2.52695197e-03 2.55766118e-03 2.58094825e-03 2.59659576e-03 2.60445661e-03 2.60445661e-03 2.59659576e-03 2.58094825e-03 2.55766118e-03 2.52695197e-03 2.48910462e-03 2.44446480e-03 2.39343407e-03 2.33646325e-03 2.27404509e-03 2.20670660e-03 2.13500099e-03 2.05949962e-03 1.98078395e-03 1.89943780e-03 1.81604003e-03 1.73115766e-03 1.64533973e-03 1.55911178e-03 1.47297120e-03 1.38738327e-03 1.30277808e-03 1.21954825e-03 1.13804735e-03 1.05858916e-03 9.81447442e-04 9.06856461e-04 8.35011912e-04 7.66072362e-04 7.00161043e-04 6.37367943e-04 5.77752123e-04 5.21344194e-04 4.68148882e-04 4.18147649e-04 3.71301289e-04
-2.20409034e-05 -2.33733450e-05 -2.47587491e-05 -2.61961950e-05 -2.76842994e-05 -2.92211593e-05 -3.08042901e-05 -3.24305587e-05 -3.40961120e-05 -3.57962995e-05 -3.75255909e-05 -3.92774874e-05 -4.10444278e-05 -4.28176884e-05 -4.45872762e-05 -4.63418168e-05 -4.80684360e-05 -4.97526345e-05 -5.13781579e-05 -5.29268601e-05 -5.43785609e-05 -5.57109000e-05 -5.68991847e-05 -5.79162354e-05 -5.87322268e-05 -5.93145281e-05 -5.96275421e-05 -5.96325448e-05 -5.92875282e-05 -5.85470470e-05 -5.73620719e-05 -5.56798529e-05 -5.34437947e-05 -5.05933478e-05 -4.70639190e-05 -4.27868061e-05 -3.76891606e-05 -3.16939843e-05 -2.47201641e-05 -1.66825535e-05 -7.49210380e-06 2.94394482e-06 1.47218072e-05 2.79408239e-05 4.27030505e-05 5.91127586e-05 7.72758404e-05 9.72991083e-05 1.19289484e-04 1.43353070e-04 1.69594098e-04 1.98113747e-04 2.29008840e-04 2.62370397e-04 2.98282075e-04 3.36818469e-04 3.78043313e-04 4.22007563e-04 4.68747407e-04 5.18282195e-04 5.70612341e-04 6.25717209e-04 6.83553023e-04 7.44050851e-04 8.07114700e-04 8.72619771e-04 9.40410941e-04 1.01030151e-03 1.08207229e-03 1.15547109e-03 1.23021262e-03 1.30597894e-03 1.38242043e-03 1.45915734e-03 1.53578200e-03 1.61186160e-03 1.68694166e-03 1.76055006e-03 1.83220174e-03 1.90140386e-03 1.96766149e-03 2.03048359e-03 2.08938941e-03 2.14391492e-03 2.19361937e-03 2.23809166e-03 2.27695657e-03 2.30988048e-03 2.33657667e-03 2.35680989e-03 2.37040024e-03 2.37722608e-03 2.37722608e-03 2.37040024e-03 2.35680989e-03 2.33657667e-03 2.30988048e-03 2.27695657e-03 2.23809166e-03 2.19361937e-03 2.14391492e-03 2.08938941e-03 2.03048359e-03 1.96766149e-03 1.90140386e-03 1.83220174e-03 1.76055006e-03 1.68694166e-03 1.61186160e-03 1.53578200e-03 1.45915734e-03 1.38242043e-03 1.30597894e-03 1.23021262e-03 1.15547109e-03 1.08207229e-03 1.01030151e-03 9.40410941e-04 8.72619771e-04 8.07114700e-04 7.44050851e-04 6.83553023e-04 6.25717209e-04 5.70612341e-04 5.18282195e-04 4.68747407e-04 4.22007563e-04 3.78043313e-04
-2.02135195e-05 -2.14031680e-05 -2.26360950e-05 -2.39108778e-05 -2.52256228e-05 -2.65779107e-05 -2.79647380e-05 -2.93824532e-05 -3.08266892e-05 -3.22922908e-05 -3.37732370e-05 -3.52625593e-05 -3.67522539e-05 -3.82331893e-05 -3.96950090e-05 -4.11260288e-05 -4.25131290e-05 -4.38416425e-05 -4.50952374e-05 -4.62557959e-05 -4.73032890e-05 -4.82156478e-05 -4.89686324e-05 -4.95356985e-05 -4.98878629e-05 -4.99935691e-05 -4.98185545e-05 -4.93257200e-05 -4.84750042e-05 -4.72232647e-05 -4.55241671e-05 -4.33280861e-05 -4.05820206e-05 -3.72295253e-05 -3.32106641e-05 -2.84619874e-05 -2.29165377e-05 -1.65038894e-05 -9.15022619e-06 -7.78461157e-07 8.69159339e-06 1.93430023e-05 3.12614236e-05 4.45347573e-05 5.92527231e-05 7.55063578e-05 9.33874301e-05 1.12987764e-04 1.34398470e-04 1.57709073e-04 1.83006544e-04 2.10374227e-04 2.39890655e-04 2.71628278e-04 3.05652078e-04 3.42018102e-04 3.80771910e-04 4.21946951e-04 4.65562890e-04 5.11623891e-04 5.60116904e-04 6.11009950e-04 6.64250470e-04 7.19763747e-04 7.77451447e-04 8.37190331e-04 8.98831162e-04 9.62197867e-04 1.02708699e-03 1.09326751e-03 1.16048095e-03 1.22844208e-03 1.29683987e-03 1.36533905e-03 1.43358213e-03 1.50119196e-03 1.56777469e-03 1.63292329e-03 1.69622156e-03 1.75724839e-03 1.81558258e-03 1.87080774e-03 1.92251749e-03 1.97032077e-03 2.01384710e-03 2.05275174e-03 2.08672066e-03 2.11547517e-03 2.13877608e-03 2.15642743e-03 2.16827943e-03 2.17423094e-03 2.17423094e-03 2.16827943e-03 2.15642743e-03 2.13877608e-03 2.11547517e-03 2.08672066e-03 2.05275174e-03 2.01384710e-03 1.97032077e-03 1.92251749e-03 1.87080774e-03 1.81558258e-03 1.75724839e-03 1.69622156e-03 1.63292329e-03 1.56777469e-03 1.50119196e-03 1.43358213e-03 1.36533905e-03 1.29683987e-03 1.22844208e-03 1.16048095e-03 1.09326751e-03 1.02708699e-03 9.62197867e-04 8.98831162e-04 8.37190331e-04 7.77451447e-04 7.19763747e-04 6.64250470e-04 6.11009950e-04 5.60116904e-04 5.11623891e-04 4.65562890e-04 4.21946951e-04 3.80771910e-04
-1.84924898e-05 -1.95494297e-05 -2.06408620e-05 -2.17649346e-05 -2.29193217e-05 -2.41011711e-05 -2.53070488e-05 -2.65328791e-05 -2.77738808e-05 -2.90244998e-05 -3.02783369e-05 -3.15280712e-05 -3.27653804e-05 -3.39808554e-05 -3.51639117e-05 -3.63026965e-05 -3.73839913e-05 -3.83931121e-05 -3.93138045e-05 -4.01281373e-05 -4.08163927e-05 -4.13569547e-05 -4.17261963e-05 -4.18983663e-05 -4.18454764e-05 -4.15371903e-05 -4.09407153e-05 -4.00206987e-05 -3.87391299e-05 -3.70552514e-05 -3.49254784e-05 -3.23033323e-05 -2.91393890e-05 -2.53812445e-05 -2.09735024e-05 -1.58577858e-05 -9.97277730e-06 -3.25429112e-06 4.36461807e-06 1.29535060e-05 2.25843439e-05 3.33312743e-05 4.52703109e-05 5.84789802e-05 7.30358978e-05 8.90202766e-05 1.06511362e-04 1.25587790e-04 1.46326866e-04 1.68803763e-04 1.93090632e-04 2.19255637e-04 2.47361899e-04 2.77466368e-04 3.09618622e-04 3.43859589e-04 3.80220229e-04 4.18720157e-04 4.59366244e-04 5.02151202e-04 5.47052186e-04 5.94029416e-04 6.43024874e-04 6.93961077e-04 7.46739977e-04 8.01242014e-04 8.57325356e-04 9.14825364e-04 9.73554313e-04 1.03330141e-03 1.09383312e-03 1.15489386e-03 1.21620708e-03 1.27747666e-03 1.33838881e-03 1.39861428e-03 1.45781105e-03 1.51562726e-03 1.57170467e-03 1.62568226e-03 1.67720019e-03 1.72590391e-03 1.77144844e-03 1.81350269e-03 1.85175374e-03 1.88591105e-03 1.91571046e-03 1.94091792e-03 1.96133282e-03 1.97679098e-03 1.98716706e-03 1.99237642e-03 1.99237642e-03 1.98716706e-03 1.97679098e-03 1.96133282e-03 1.94091792e-03 1.91571046e-03 1.88591105e-03 1.85175374e-03 1.81350269e-03 1.77144844e-03 1.72590391e-03 1.67720019e-03 1.62568226e-03 1.57170467e-03 1.51562726e-03 1.45781105e-03 1.39861428e-03 1.33838881e-03 1.27747666e-03 1.21620708e-03 1.15489386e-03 1.09383312e-03 1.03330141e-03 9.73554313e-04 9.14825364e-04 8.57325356e-04 8.01242014e-04 7.46739977e-04 6.93961077e-04 6.43024874e-04 5.94029416e-04 5.47052186e-04 5.02151202e-04 4.59366244e-04 4.18720157e-04 3.80220229e-04
-1.68746463e-05 -1.78085461e-05 -1.87689972e-05 -1.97537852e-05 -2.07602227e-05 -2.17850998e-05 -2.28246322e-05 -2.38744044e-05 -2.49293110e-05 -2.59834929e-05 -2.70302713e-05 -2.80620775e-05 -2.90703785e-05 -3.00456007e-05 -3.09770487e-05 -3.18528217e-05 -3.26597269e-05 -3.33831898e-05 -3.40071626e-05 -3.45140304e-05 -3.48845162e-05 -3.50975847e-05 -3.51303469e-05 -3.49579646e-05 -3.45535574e-05 -3.38881119e-05 -3.29303960e-05 -3.16468781e-05 -3.00016538e-05 -2.79563816e-05 -2.54702298e-05 -2.24998362e-05 -1.89992841e-05 -1.49200959e-05 -1.02112479e-05 -4.81920939e-06 1.31199133e-06 8.24067018e-06 1.60273563e-05 2.47346231e-05 3.44268783e-05 4.51701077e-05 5.70315705e-05 7.00794416e-05 8.43823970e-05 1.00009141e-04 1.17027869e-04 1.35505667e-04 1.55507844e-04 1.77097198e-04 2.00333212e-04 2.25271187e-04 2.51961310e-04 2.80447660e-04 3.10767165e-04 3.42948509e-04 3.77011002e-04 4.12963423e-04 4.50802861e-04 4.90513542e-04 5.32065701e-04 5.75414478e-04 6.20498891e-04 6.67240897e-04 7.15544565e-04 7.65295400e-04 8.16359825e-04 8.68584875e-04 9.21798104e-04 9.75807750e-04 1.03040316e-03 1.08535554e-03 1.14041895e-03 1.19533168e-03 1.24981793e-03 1.30358976e-03 1.35634944e-03 1.40779202e-03 1.45760820e-03 1.50548739e-03 1.55112106e-03 1.59420612e-03 1.63444848e-03 1.67156656e-03 1.70529487e-03 1.73538736e-03 1.76162072e-03 1.78379739e-03 1.80174827e-03 1.81533508e-03 1.82445236e-03 1.82902892e-03 1.82902892e-03 1.82445236e-03 1.81533508e-03 1.80174827e-03 1.78379739e-03 1.76162072e-03 1.73538736e-03 1.70529487e-03 1.67156656e-03 1.63444848e-03 1.59420612e-03 1.55112106e-03 1.50548739e-03 1.45760820e-03 1.40779202e-03 1.35634944e-03 1.30358976e-03 1.24981793e-03 1.19533168e-03 1.14041895e-03 1.08535554e-03 1.03040316e-03 9.75807750e-04 9.21798104e-04 8.68584875e-04 8.16359825e-04 7.65295400e-04 7.15544565e-04 6.67240897e-04 6.20498891e-04 5.75414478e-04 5.32065701e-04 4.90513542e-04 4.50802861e-04 4.12963423e-04 3.77011002e-04
-1.53565741e-05 -1.61766692e-05 -1.70161668e-05 -1.78725506e-05 -1.87428357e-05 -1.96235227e-05 -2.05105484e-05 -2.13992333e-05 -2.22842267e-05 -2.31594483e-05 -2.40180268e-05 -2.48522354e-05 -2.56534252e-05 -2.64119549e-05 -2.71171180e-05 -2.77570682e-05 -2.83187420e-05 -2.87877797e-05 -2.91484453e-05 -2.93835445e-05 -2.94743434e-05 -2.94004871e-05 -2.91399183e-05 -2.86687994e-05 -2.79614360e-05 -2.69902051e-05 -2.57254881e-05 -2.41356103e-05 -2.21867887e-05 -1.98430890e-05 -1.70663947e-05 -1.38163895e-05 -1.00505549e-05 -5.72418705e-06 -7.90432500e-07 4.79965154e-06 1.10970119e-05 1.81544849e-05 2.60266508e-05 3.47696525e-05 4.44409774e-05 5.50991978e-05 6.68036684e-05 7.96141764e-05 9.35905433e-05 1.08792175e-04 1.25277559e-04 1.43103709e-04 1.62325548e-04 1.82995249e-04 2.05161505e-04 2.28868763e-04 2.54156400e-04 2.81057856e-04 3.09599730e-04 3.39800846e-04 3.71671291e-04 4.05211452e-04 4.40411044e-04 4.77248158e-04 5.15688344e-04 5.55683731e-04 5.97172231e-04 6.40076817e-04 6.84304918e-04 7.29747939e-04 7.76280942e-04 8.23762490e-04 8.72034695e-04 9.20923471e-04 9.70239022e-04 1.01977657e-03 1.06931735e-03 1.11862981e-03 1.16747119e-03 1.21558919e-03 1.26272404e-03 1.30861070e-03 1.35298132e-03 1.39556782e-03 1.43610471e-03 1.47433189e-03 1.50999763e-03 1.54286145e-03 1.57269709e-03 1.59929523e-03 1.62246621e-03 1.64204246e-03 1.65788073e-03 1.66986399e-03 1.67790304e-03 1.68193771e-03 1.68193771e-03 1.67790304e-03 1.66986399e-03 1.65788073e-03 1.64204246e-03 1.62246621e-03 1.59929523e-03 1.57269709e-03 1.54286145e-03 1.50999763e-03 1.47433189e-03 1.43610471e-03 1.39556782e-03 1.35298132e-03 1.30861070e-03 1.26272404e-03 1.21558919e-03 1.16747119e-03 1.11862981e-03 1.06931735e-03 1.01977657e-03 9.70239022e-04 9.20923471e-04 8.72034695e-04 8.23762490e-04 7.76280942e-04 7.29747939e-04 6.84304918e-04 6.40076817e-04 5.97172231e-04 5.55683731e-04 5.15688344e-04 4.77248158e-04 4.40411044e-04 4.05211452e-04 3.71671291e-04
-1.39346642e-05 -1.46497454e-05 -1.53778202e-05 -1.61161247e-05 -1.68614343e-05 -1.76100209e-05 -1.83576063e-05 -1.90993140e-05 -1.98296182e-05 -2.05422900e-05 -2.12303413e-05 -2.18859662e-05 -2.25004802e-05 -2.30642569e-05 -2.35666633e-05 -2.39959928e-05 -2.43393970e-05 -2.45828167e-05 -2.47109117e-05 -2.47069909e-05 -2.45529425e-05 -2.42291652e-05 -2.37145019e-05 -2.29861747e-05 -2.20197250e-05 -2.07889571e-05 -1.92658878e-05 -1.74207039e-05 -1.52217270e-05 -1.26353891e-05 -9.62621997e-06 -6.15684741e-06 -2.18801368e-06 2.32139103e-06 7.41427536e-06 1.31352716e-05 1.95306361e-05 2.66481237e-05 3.45368318e-05 4.32470141e-05 5.28298600e-05 6.33372368e-05 7.48213953e-05 8.73346323e-05 1.00928914e-04 1.15655451e-04 1.31564235e-04 1.48703525e-04 1.67119288e-04 1.86854603e-04 2.07949010e-04 2.30437832e-04 2.54351447e-04 2.79714541e-04 3.06545327e-04 3.34854743e-04 3.64645645e-04 3.95911998e-04 4.28638073e-04 4.62797669e-04 4.98353375e-04 5.35255876e-04 5.73443329e-04 6.12840826e-04 6.53359953e-04 6.94898470e-04 7.37340120e-04 7.80554605e-04 8.24397708e-04 8.68711616e-04 9.13325424e-04 9.58055846e-04 1.00270814e-03 1.04707722e-03 1.09094905e-03 1.13410210e-03 1.17630920e-03 1.21733937e-03 1.25695996e-03 1.29493882e-03 1.33104670e-03 1.36505956e-03 1.39676109e-03 1.42594508e-03 1.45241786e-03 1.47600061e-03 1.49653150e-03 1.51386775e-03 1.52788744e-03 1.53849104e-03 1.54560275e-03 1.54917146e-03 1.54917146e-03 1.54560275e-03 1.53849104e-03 1.52788744e-03 1.51386775e-03 1.49653150e-03 1.47600061e-03 1.45241786e-03 1.42594508e-03 1.39676109e-03 1.36505956e-03 1.33104670e-03 1.29493882e-03 1.25695996e-03 1.21733937e-03 1.17630920e-03 1.13410210e-03 1.09094905e-03 1.04707722e-03 1.00270814e-03 9.58055846e-04 9.13325424e-04 8.68711616e-04 8.24397708e-04 7.80554605e-04 7.37340120e-04 6.94898470e-04 6.53359953e-04 6.12840826e-04 5.73443329e-04 5.35255876e-04 4.98353375e-04 4.62797669e-04 4.28638073e-04 3.95911998e-04 3.64645645e-04
-1.26051611e-05 -1.32235688e-05 -1.38492492e-05 -1.44792398e-05 -1.51101281e-05 -1.57380110e-05 -1.63584521e-05 -1.69664369e-05 -1.75563257e-05 -1.81218046e-05 -1.86558342e-05 -1.91505965e-05 -1.95974401e-05 -1.99868233e-05 -2.03082567e-05 -2.05502437e-05 -2.07002209e-05 -2.07444977e-05 -2.06681959e-05 -2.04551902e-05 -2.00880490e-05 -1.95479778e-05 -1.88147642e-05 -1.78667267e-05 -1.66806676e-05 -1.52318307e-05 -1.34938656e-05 -1.14387993e-05 -9.03701627e-06 -6.25724946e-06 -3.06658194e-06 5.69537491e-07 4.68726401e-06 9.32430968e-06 1.45198778e-05 2.03145766e-05 2.67503107e-05 3.38701478e-05 4.17181589e-05 5.03392302e-05 5.97788450e-05 7.00828326e-05 8.12970842e-05 9.34672338e-05 1.06638302e-04 1.20854304e-04 1.36157820e-04 1.52589524e-04 1.70187686e-04 1.88987628e-04 2.09021150e-04 2.30315932e-04 2.52894897e-04 2.76775563e-04 3.01969372e-04 3.28481008e-04 3.56307717e-04 3.85438632e-04 4.15854109e-04 4.47525098e-04 4.80412547e-04 5.14466857e-04 5.49627405e-04 5.85822143e-04 6.22967287e-04 6.60967117e-04 6.99713888e-04 7.39087882e-04 7.78957601e-04 8.19180106e-04 8.59601537e-04 9.00057782e-04 9.40375331e-04 9.80372304e-04 1.01985964e-03 1.05864246e-03 1.09652160e-03 1.13329523e-03 1.16876068e-03 1.20271628e-03 1.23496339e-03 1.26530835e-03 1.29356458e-03 1.31955456e-03 1.34311185e-03 1.36408302e-03 1.38232942e-03 1.39772886e-03 1.41017708e-03 1.41958907e-03 1.42590011e-03 1.42906661e-03 1.42906661e-03 1.42590011e-03 1.41958907e-03 1.41017708e-03 1.39772886e-03 1.38232942e-03 1.36408302e-03 1.34311185e-03 1.31955456e-03 1.29356458e-03 1.26530835e-03 1.23496339e-03 1.20271628e-03 1.16876068e-03 1.13329523e-03 1.09652160e-03 1.05864246e-03 1.01985964e-03 9.80372304e-04 9.40375331e-04 9.00057782e-04 8.59601537e-04 8.19180106e-04 7.78957601e-04 7.39087882e-04 6.99713888e-04 6.60967117e-04 6.22967287e-04 5.85822143e-04 5.49627405e-04 5.14466857e-04 4.80412547e-04 4.47525098e-04 4.15854109e-04 3.85438632e-04 3.56307717e-04
-1.13642062e-05 -1.18938293e-05 -1.24256414e-05 -1.29565257e-05 -1.34829274e-05 -1.40008164e-05 -1.45056477e-05 -1.49923204e-05 -1.54551342e-05 -1.58877450e-05 -1.62831182e-05 -1.66334807e-05 -1.69302717e-05 -1.71640924e-05 -1.73246545e-05 -1.74007286e-05 -1.73800914e-05 -1.72494743e-05 -1.69945112e-05 -1.65996884e-05 -1.60482956e-05 -1.53223789e-05 -1.44026972e-05 -1.32686821e-05 -1.18984024e-05 -1.02685337e-05 -8.35433501e-06 -6.12963295e-06 -3.56681417e-06 -6.36828375e-07 2.69079750e-06 6.44793227e-06 1.06677992e-05 1.53849189e-05 2.06350346e-05 2.64550187e-05 3.28827586e-05 3.99570196e-05 4.77172849e-05 5.62035693e-05 6.54562064e-05 7.55156078e-05 8.64219922e-05 9.82150856e-05 1.10933789e-04 1.24615816e-04 1.39297300e-04 1.55012369e-04 1.71792691e-04 1.89666994e-04 2.08660557e-04 2.28794682e-04 2.50086139e-04 2.72546611e-04 2.96182109e-04 3.20992405e-04 3.46970451e-04 3.74101822e-04 4.02364168e-04 4.31726705e-04 4.62149740e-04 4.93584244e-04 5.25971490e-04 5.59242762e-04 5.93319143e-04 6.28111401e-04 6.63519982e-04 6.99435111e-04 7.35737020e-04 7.72296310e-04 8.08974445e-04 8.45624393e-04 8.82091401e-04 9.18213924e-04 9.53824685e-04 9.88751869e-04 1.02282045e-03 1.05585360e-03 1.08767426e-03 1.11810671e-03 1.14697825e-03 1.17412090e-03 1.19937314e-03 1.22258157e-03 1.24360262e-03 1.26230408e-03 1.27856669e-03 1.29228541e-03 1.30337075e-03 1.31174976e-03 1.31736695e-03 1.32018495e-03 1.32018495e-03 1.31736695e-03 1.31174976e-03 1.30337075e-03 1.29228541e-03 1.27856669e-03 1.26230408e-03 1.24360262e-03 1.22258157e-03 1.19937314e-03 1.17412090e-03 1.14697825e-03 1.11810671e-03 1.08767426e-03 1.05585360e-03 1.02282045e-03 9.88751869e-04 9.53824685e-04 9.18213924e-04 8.82091401e-04 8.45624393e-04 8.08974445e-04 7.72296310e-04 7.35737020e-04 6.99435111e-04 6.63519982e-04 6.28111401e-04 5.93319143e-04 5.59242762e-04 5.25971490e-04 4.93584244e-04 4.62149740e-04 4.31726705e-04 4.02364168e-04 3.74101822e-04 3.46970451e-04
-1.02078778e-05 -1.06561559e-05 -1.11021282e-05 -1.15425622e-05 -1.19738013e-05 -1.23917305e-05 -1.27917398e-05 -1.31686865e-05 -1.35168557e-05 -1.38299199e-05 -1.41008966e-05 -1.43221056e-05 -1.44851249e-05 -1.45807458e-05 -1.45989279e-05 -1.45287536e-05 -1.43583831e-05 -1.40750096e-05 -1.36648157e-05 -1.31129308e-05 -1.24033917e-05 -1.15191041e-05 -1.04418089e-05 -9.15205145e-06 -7.62915648e-06 -5.85120779e-06 -3.79503525e-06 -1.43620907e-06 1.25095719e-06 4.29339381e-06 7.71925114e-06 1.15578636e-05 1.58397001e-05 2.05962998e-05 2.58601916e-05 3.16647957e-05 3.80443072e-05 4.50335588e-05 5.26678621e-05 6.09828264e-05 7.00141542e-05 7.97974111e-05 9.03677717e-05 1.01759738e-04 1.14006835e-04 1.27141272e-04 1.41193593e-04 1.56192284e-04 1.72163374e-04 1.89130002e-04 2.07111967e-04 2.26125271e-04 2.46181632e-04 2.67288006e-04 2.89446089e-04 3.12651833e-04 3.36894963e-04 3.62158512e-04 3.88418372e-04 4.15642884e-04 4.43792459e-04 4.72819251e-04 5.02666883e-04 5.33270240e-04 5.64555336e-04 5.96439268e-04 6.28830254e-04 6.61627780e-04 6.94722844e-04 7.27998317e-04 7.61329419e-04 7.94584311e-04 8.27624807e-04 8.60307204e-04 8.92483224e-04 9.24001063e-04 9.54706544e-04 9.84444353e-04 1.01305936e-03 1.04039797e-03 1.06630959e-03 1.09064801e-03 1.11327293e-03 1.13405130e-03 1.15285880e-03 1.16958110e-03 1.18411519e-03 1.19637043e-03 1.20626967e-03 1.21375007e-03 1.21876383e-03 1.22127881e-03 1.22127881e-03 1.21876383e-03 1.21375007e-03 1.20626967e-03 1.19637043e-03 1.18411519e-03 1.16958110e-03 1.15285880e-03 1.13405130e-03 1.11327293e-03 1.09064801e-03 1.06630959e-03 1.04039797e-03 1.01305936e-03 9.84444353e-04 9.54706544e-04 9.24001063e-04 8.92483224e-04 8.60307204e-04 8.27624807e-04 7.94584311e-04 7.61329419e-04 7.27998317e-04 6.94722844e-04 6.61627780e-04 6.28830254e-04 5.96439268e-04 5.64555336e-04 5.33270240e-04 5.02666883e-04 4.72819251e-04 4.43792459e-04 4.15642884e-04 3.88418372e-04 3.62158512e-04 3.36894963e-04
-9.13222533e-06 -9.50615534e-06 -9.87382656e-06 -1.02319250e-05 -1.05767280e-05 -1.09040721e-05 -1.12093201e-05 -1.14873260e-05 -1.17323996e-05 -1.19382696e-05 -1.20980454e-05 -1.22041796e-05 -1.22484277e-05 -1.22218096e-05 -1.21145695e-05 -1.19161366e-05 -1.16150865e-05 -1.11991031e-05 -1.06549419e-05 -9.96839541e-06 -9.12426053e-06 -8.10630896e-06 -6.89726113e-06 -5.47876434e-06 -3.83137581e-06 -1.93455147e-06 2.33358679e-07 2.69510770e-06 5.47454044e-06 8.59657279e-06 1.20871605e-05 1.59732564e-05 2.02827550e-05 2.50444233e-05 3.02878166e-05 3.60431785e-05 4.23413237e-05 4.92135023e-05 5.66912456e-05 6.48061916e-05 7.35898897e-05 8.30735840e-05 9.32879747e-05 1.04262958e-04 1.16027344e-04 1.28608553e-04 1.42032286e-04 1.56322189e-04 1.71499480e-04 1.87582574e-04 2.04586686e-04 2.22523429e-04 2.41400394e-04 2.61220735e-04 2.81982749e-04 3.03679464e-04 3.26298235e-04 3.49820358e-04 3.74220705e-04 3.99467396e-04 4.25521495e-04 4.52336763e-04 4.79859456e-04 5.08028186e-04 5.36773843e-04 5.66019596e-04 5.95680975e-04 6.25666032e-04 6.55875600e-04 6.86203645e-04 7.16537711e-04 7.46759472e-04 7.76745374e-04 8.06367382e-04 8.35493813e-04 8.63990258e-04 8.91720590e-04 9.18548032e-04 9.44336294e-04 9.68950749e-04 9.92259647e-04 1.01413534e-03 1.03445553e-03 1.05310442e-03 1.06997398e-03 1.08496498e-03 1.09798809e-03 1.10896482e-03 1.11782839e-03 1.12452443e-03 1.12901166e-03 1.13126226e-03 1.13126226e-03 1.12901166e-03 1.12452443e-03 1.11782839e-03 1.10896482e-03 1.09798809e-03 1.08496498e-03 1.06997398e-03 1.05310442e-03 1.03445553e-03 1.01413534e-03 9.92259647e-04 9.68950749e-04 9.44336294e-04 9.18548032e-04 8.91720590e-04 8.63990258e-04 8.35493813e-04 8.06367382e-04 7.76745374e-04 7.46759472e-04 7.16537711e-04 6.86203645e-04 6.55875600e-04 6.25666032e-04 5.95680975e-04 5.66019596e-04 5.36773843e-04 5.08028186e-04 4.79859456e-04 4.52336763e-04 4.25521495e-04 3.99467396e-04 3.74220705e-04 3.49820358e-04 3.26298235e-04
-8.13330101e-06 -8.43944609e-06 -8.73587628e-06 -9.01922632e-06 -9.28573832e-06 -9.53123244e-06 -9.75107641e-06 -9.94015400e-06 -1.00928327e-05 -1.02029305e-05 -1.02636822e-05 -1.02677048e-05 -1.02069635e-05 -1.00727363e-05 -9.85558040e-06 -9.54529769e-06 -9.13090191e-06 -8.60058672e-06 -7.94169536e-06 -7.14069244e-06 -6.18313824e-06 -5.05366608e-06 -3.73596335e-06 -2.21275693e-06 -4.65803460e-07 1.52411461e-06 3.77718650e-06 6.31456338e-06 9.15834041e-06 1.23315299e-05 1.58580246e-05 1.97625497e-05 2.40706040e-05 2.88083873e-05 3.40027148e-05 3.96809169e-05 4.58707234e-05 5.26001312e-05 5.98972561e-05 6.77901654e-05 7.63066941e-05 8.54742413e-05 9.53195485e-05 1.05868460e-04 1.17145662e-04 1.29174409e-04 1.41976230e-04 1.55570615e-04 1.69974696e-04 1.85202907e-04 2.01266640e-04 2.18173891e-04 2.35928897e-04 2.54531780e-04 2.73978192e-04 2.94258962e-04 3.15359762e-04 3.37260787e-04 3.59936461e-04 3.83355169e-04 4.07479022e-04 4.32263675e-04 4.57658173e-04 4.83604870e-04 5.10039392e-04 5.36890677e-04 5.64081073e-04 5.91526522e-04 6.19136813e-04 6.46815921e-04 6.74462425e-04 7.01970012e-04 7.29228061e-04 7.56122309e-04 7.82535590e-04 8.08348645e-04 8.33441004e-04 8.57691913e-04 8.80981315e-04 9.03190866e-04 9.24204969e-04 9.43911824e-04 9.62204475e-04 9.78981830e-04 9.94149663e-04 1.00762155e-03 1.01931976e-03 1.02917605e-03 1.03713242e-03 1.04314166e-03 1.04716794e-03 1.04918714e-03 1.04918714e-03 1.04716794e-03 1.04314166e-03 1.03713242e-03 1.02917605e-03 1.01931976e-03 1.00762155e-03 9.94149663e-04 9.78981830e-04 9.62204475e-04 9.43911824e-04 9.24204969e-04 9.03190866e-04 8.80981315e-04 8.57691913e-04 8.33441004e-04 8.08348645e-04 7.82535590e-04 7.56122309e-04 7.29228061e-04 7.01970012e-04 6.74462425e-04 6.46815921e-04 6.19136813e-04 5.91526522e-04 5.64081073e-04 5.36890677e-04 5.10039392e-04 4.83604870e-04 4.57658173e-04 4.32263675e-04 4.07479022e-04 3.83355169e-04 3.59936461e-04 3.37260787e-04 3.15359762e-04
-7.20718653e-06 -7.45168758e-06 -7.68347201e-06 -7.89914953e-06 -8.09495389e-06 -8.26671609e-06 -8.40983651e-06 -8.51925642e-06 -8.58942878e-06 -8.61428842e-06 -8.58722191e-06 -8.50103721e-06 -8.34793323e-06 -8.11946961e-06 -7.80653706e-06 -7.39932825e-06 -6.88730999e-06 -6.25919661e-06 -5.50292535e-06 -4.60563382e-06 -3.55364026e-06 -2.33242695e-06 -9.26627413e-07 6.79982136e-07 2.50448631e-06 4.56482855e-06 6.87980279e-06 9.46903821e-06 1.23529761e-05 1.55528383e-05 1.90905866e-05 2.29888713e-05 2.72709698e-05 3.19607130e-05 3.70823994e-05 4.26606959e-05 4.87205253e-05 5.52869384e-05 6.23849722e-05 7.00394920e-05 7.82750178e-05 8.71155353e-05 9.65842906e-05 1.06703569e-04 1.17494461e-04 1.28976607e-04 1.41167939e-04 1.54084397e-04 1.67739647e-04 1.82144781e-04 1.97308014e-04 2.13234375e-04 2.29925395e-04 2.47378802e-04 2.65588218e-04 2.84542861e-04 3.04227268e-04 3.24621032e-04 3.45698561e-04 3.67428866e-04 3.89775383e-04 4.12695830e-04 4.36142109e-04 4.60060255e-04 4.84390439e-04 5.09067024e-04 5.34018689e-04 5.59168611e-04 5.84434715e-04 6.09729994e-04 6.34962903e-04 6.60037812e-04 6.84855537e-04 7.09313935e-04 7.33308558e-04 7.56733371e-04 7.79481515e-04 8.01446122e-04 8.22521157e-04 8.42602303e-04 8.61587842e-04 8.79379559e-04 8.95883633e-04 9.11011509e-04 9.24680743e-04 9.36815804e-04 9.47348821e-04 9.56220263e-04 9.63379547e-04 9.68785561e-04 9.72407086e-04 9.74223125e-04 9.74223125e-04 9.72407086e-04 9.68785561e-04 9.63379547e-04 9.56220263e-04 9.47348821e-04 9.36815804e-04 9.24680743e-04 9.11011509e-04 8.95883633e-04 8.79379559e-04 8.61587842e-04 8.42602303e-04 8.22521157e-04 8.01446122e-04 7.79481515e-04 7.56733371e-04 7.33308558e-04 7.09313935e-04 6.84855537e-04 6.60037812e-04 6.34962903e-04 6.09729994e-04 5.84434715e-04 5.59168611e-04 5.34018689e-04 5.09067024e-04 4.84390439e-04 4.60060255e-04 4.36142109e-04 4.12695830e-04 3.89775383e-04 3.67428866e-04 3.45698561e-04 3.24621032e-04 3.04227268e-04
-6.35001655e-06 -6.53860566e-06 -6.71189055e-06 -6.86647860e-06 -6.99861828e-06 -7.10417467e-06 -7.17860417e-06 -7.21692875e-06 -7.21370969e-06 -7.16302095e-06 -7.05842241e-06 -6.89293309e-06 -6.65900454e-06 -6.34849465e-06 -5.95264217e-06 -5.46204211e-06 -4.86662241e-06 -4.15562223e-06 -3.31757215e-06 -2.34027676e-06 -1.21080004e-06 8.45460512e-08 1.56020913e-06 3.23139979e-06 5.11409004e-06 7.22500640e-06 9.58161695e-06 1.22021116e-05 1.51053752e-05 1.83109524e-05 2.18390044e-05 2.57102554e-05 2.99459303e-05 3.45676805e-05 3.95974992e-05 4.50576252e-05 5.09704330e-05 5.73583117e-05 6.42435296e-05 7.16480858e-05 7.95935484e-05 8.81008786e-05 9.71902417e-05 1.06880805e-04 1.17190524e-04 1.28135913e-04 1.39731811e-04 1.51991131e-04 1.64924609e-04 1.78540539e-04 1.92844505e-04 2.07839117e-04 2.23523744e-04 2.39894242e-04 2.56942706e-04 2.74657218e-04 2.93021614e-04 3.12015269e-04 3.31612903e-04 3.51784414e-04 3.72494743e-04 3.93703765e-04 4.15366234e-04 4.37431756e-04 4.59844815e-04 4.82544852e-04 5.05466392e-04 5.28539228e-04 5.51688664e-04 5.74835816e-04 5.97897969e-04 6.20788999e-04 6.43419847e-04 6.65699051e-04 6.87533326e-04 7.08828195e-04 7.29488664e-04 7.49419924e-04 7.68528091e-04 7.86720963e-04 8.03908788e-04 8.20005034e-04 8.34927154e-04 8.48597336e-04 8.60943218e-04 8.71898572e-04 8.81403940e-04 8.89407211e-04 8.95864138e-04 9.00738773e-04 9.04003833e-04 9.05640972e-04 9.05640972e-04 9.04003833e-04 9.00738773e-04 8.95864138e-04 8.89407211e-04 8.81403940e-04 8.71898572e-04 8.60943218e-04 8.48597336e-04 8.34927154e-04 8.20005034e-04 8.03908788e-04 7.86720963e-04 7.68528091e-04 7.49419924e-04 7.29488664e-04 7.08828195e-04 6.87533326e-04 6.65699051e-04 6.43419847e-04 6.20788999e-04 5.97897969e-04 5.74835816e-04 5.51688664e-04 5.28539228e-04 5.05466392e-04 4.82544852e-04 4.59844815e-04 4.37431756e-04 4.15366234e-04 3.93703765e-04 3.72494743e-04 3.51784414e-04 3.31612903e-04 3.12015269e-04 2.93021614e-04
-5.55799863e-06 -5.69601399e-06 -5.81651384e-06 -5.91612271e-06 -5.99112343e-06 -6.03743478e-06 -6.05058866e-06 -6.02570688e-06 -5.95747760e-06 -5.84013170e-06 -5.66741906e-06 -5.43258510e-06 -5.12834761e-06 -4.74687427e-06 -4.27976085e-06 -3.71801066e-06 -3.05201531e-06 -2.27153718e-06 -1.36569396e-06 -3.22945656e-07 8.68915654e-07 2.22277272e-06 3.75218636e-06 5.47139446e-06 7.39530634e-06 9.53949180e-06 1.19201645e-05 1.45541591e-05 1.74589011e-05 2.06523697e-05 2.41530525e-05 2.79798914e-05 3.21522198e-05 3.66896892e-05 4.16121871e-05 4.69397428e-05 5.26924233e-05 5.88902176e-05 6.55529087e-05 7.26999354e-05 8.03502412e-05 8.85221120e-05 9.72330027e-05 1.06499353e-04 1.16336390e-04 1.26757930e-04 1.37776158e-04 1.49401411e-04 1.61641955e-04 1.74503747e-04 1.87990209e-04 2.02101992e-04 2.16836746e-04 2.32188892e-04 2.48149406e-04 2.64705613e-04 2.81840988e-04 2.99534985e-04 3.17762880e-04 3.36495638e-04 3.55699812e-04 3.75337472e-04 3.95366167e-04 4.15738925e-04 4.36404301e-04 4.57306459e-04 4.78385306e-04 4.99576674e-04 5.20812550e-04 5.42021357e-04 5.63128286e-04 5.84055673e-04 6.04723431e-04 6.25049522e-04 6.44950476e-04 6.64341946e-04 6.83139294e-04 7.01258219e-04 7.18615387e-04 7.35129096e-04 7.50719935e-04 7.65311455e-04 7.78830819e-04 7.91209449e-04 8.02383638e-04 8.12295138e-04 8.20891694e-04 8.28127545e-04 8.33963855e-04 8.38369092e-04 8.41319331e-04 8.42798491e-04 8.42798491e-04 8.41319331e-04 8.38369092e-04 8.33963855e-04 8.28127545e-04 8.20891694e-04 8.12295138e-04 8.02383638e-04 7.91209449e-04 7.78830819e-04 7.65311455e-04 7.50719935e-04 7.35129096e-04 7.18615387e-04 7.01258219e-04 6.83139294e-04 6.64341946e-04 6.44950476e-04 6.25049522e-04 6.04723431e-04 5.84055673e-04 5.63128286e-04 5.42021357e-04 5.20812550e-04 4.99576674e-04 4.78385306e-04 4.57306459e-04 4.36404301e-04 4.15738925e-04 3.95366167e-04 3.75337472e-04 3.55699812e-04 3.36495638e-04 3.17762880e-04 2.99534985e-04 2.81840988e-04
-4.82742989e-06 -4.91983194e-06 -4.99284802e-06 -5.04313645e-06 -5.06703094e-06 -5.06052037e-06 -5.01922818e-06 -4.93839150e-06 -4.81284018e-06 -4.63697581e-06 -4.40475085e-06 -4.10964820e-06 -3.74466110e-06 -3.30227398e-06 -2.77444405e-06 -2.15258428e-06 -1.42754776e-06 -5.89613899e-07 3.71523256e-07 1.46676428e-06 2.70761074e-06 4.10616841e-06 5.67514676e-06 7.42785447e-06 9.37819034e-06 1.15406293e-05 1.39302029e-05 1.65624737e-05 1.94535039e-05 2.26198157e-05 2.60783459e-05 2.98463912e-05 3.39415463e-05 3.83816322e-05 4.31846163e-05 4.83685224e-05 5.39513313e-05 5.99508717e-05 6.63846998e-05 7.32699707e-05 8.06232982e-05 8.84606055e-05 9.67969662e-05 1.05646436e-04 1.15021878e-04 1.24934776e-04 1.35395046e-04 1.46410840e-04 1.57988343e-04 1.70131576e-04 1.82842187e-04 1.96119253e-04 2.09959077e-04 2.24355001e-04 2.39297214e-04 2.54772582e-04 2.70764490e-04 2.87252692e-04 3.04213195e-04 3.21618149e-04 3.39435780e-04 3.57630335e-04 3.76162074e-04 3.94987280e-04 4.14058320e-04 4.33323737e-04 4.52728381e-04 4.72213585e-04 4.91717387e-04 5.11174785e-04 5.30518042e-04 5.49677035e-04 5.68579634e-04 5.87152134e-04 6.05319705e-04 6.23006892e-04 6.40138128e-04 6.56638279e-04 6.72433202e-04 6.87450316e-04 7.01619180e-04 7.14872067e-04 7.27144531e-04 7.38375959e-04 7.48510102e-04 7.57495572e-04 7.65286310e-04 7.71842004e-04 7.77128463e-04 7.81117939e-04 7.83789386e-04 7.85128662e-04 7.85128662e-04 7.83789386e-04 7.81117939e-04 7.77128463e-04 7.71842004e-04 7.65286310e-04 7.57495572e-04 7.48510102e-04 7.38375959e-04 7.27144531e-04 7.14872067e-04 7.01619180e-04 6.87450316e-04 6.72433202e-04 6.56638279e-04 6.40138128e-04 6.23006892e-04 6.05319705e-04 5.87152134e-04 5.68579634e-04 5.49677035e-04 5.30518042e-04 5.11174785e-04 4.91717387e-04 4.72213585e-04 4.52728381e-04 4.33323737e-04 4.14058320e-04 3.94987280e-04 3.76162074e-04 3.57630335e-04 3.39435780e-04 3.21618149e-04 3.04213195e-04 2.87252692e-04 2.70764490e-04
-4.15471084e-06 -4.20609915e-06 -4.23653883e-06 -4.24273596e-06 -4.22108896e-06 -4.16767027e-06 -4.07820785e-06 -3.94806647e-06 -3.77222913e-06 -3.54527848e-06 -3.26137860e-06 -2.91425720e-06 -2.49718846e-06 -2.00297673e-06 -1.42394122e-06 -7.51902041e-07 2.18321867e-08 9.06474934e-07 1.91177018e-06 3.04799841e-06 4.32597974e-06 5.75707399e-06 7.35317714e-06 9.12671391e-06 1.10906260e-05 1.32583558e-05 1.56438243e-05 1.82614044e-05 2.11258875e-05 2.42524441e-05 2.76565770e-05 3.13540682e-05 3.53609174e-05 3.96932734e-05 4.43673564e-05 4.93993726e-05 5.48054203e-05 6.06013863e-05 6.68028349e-05 7.34248869e-05 8.04820912e-05 8.79882870e-05 9.59564590e-05 1.04398585e-04 1.13325475e-04 1.22746608e-04 1.32669962e-04 1.43101836e-04 1.54046677e-04 1.65506900e-04 1.77482713e-04 1.89971937e-04 2.02969840e-04 2.16468970e-04 2.30458996e-04 2.44926569e-04 2.59855183e-04 2.75225062e-04 2.91013064e-04 3.07192598e-04 3.23733576e-04 3.40602382e-04 3.57761871e-04 3.75171404e-04 3.92786906e-04 4.10560963e-04 4.28442957e-04 4.46379230e-04 4.64313290e-04 4.82186052e-04 4.99936116e-04 5.17500079e-04 5.34812883e-04 5.51808194e-04 5.68418810e-04 5.84577096e-04 6.00215442e-04 6.15266736e-04 6.29664860e-04 6.43345180e-04 6.56245052e-04 6.68304323e-04 6.79465817e-04 6.89675815e-04 6.98884512e-04 7.07046445e-04 7.14120893e-04 7.20072241e-04 7.24870299e-04 7.28490574e-04 7.30914497e-04 7.32129592e-04 7.32129592e-04 7.30914497e-04 7.28490574e-04 7.24870299e-04 7.20072241e-04 7.14120893e-04 7.07046445e-04 6.98884512e-04 6.89675815e-04 6.79465817e-04 6.68304323e-04 6.56245052e-04 6.43345180e-04 6.29664860e-04 6.15266736e-04 6.00215442e-04 5.84577096e-04 5.68418810e-04 5.51808194e-04 5.34812883e-04 5.17500079e-04 4.99936116e-04 4.82186052e-04 4.64313290e-04 4.46379230e-04 4.28442957e-04 4.10560963e-04 3.92786906e-04 3.75171404e-04 3.57761871e-04 3.40602382e-04 3.23733576e-04 3.07192598e-04 2.91013064e-04 2.75225062e-04 2.59855183e-04
-3.53635646e-06 -3.55098717e-06 -3.54338368e-06 -3.51031148e-06 -3.44824503e-06 -3.35335125e-06 -3.22147289e-06 -3.04811193e-06 -2.82841302e-06 -2.55714726e-06 -2.22869626e-06 -1.83703684e-06 -1.37572638e-06 -8.37889132e-07 -2.16203662e-07 4.97108393e-07 1.31029193e-06 2.23206616e-06 3.27163019e-06 4.43866627e-06 5.74334022e-06 7.19629882e-06 8.80866380e-06 1.05920221e-05 1.25584120e-05 1.47203049e-05 1.70905820e-05 1.96825062e-05 2.25096879e-05 2.55860456e-05 2.89257597e-05 3.25432201e-05 3.64529665e-05 4.06696222e-05 4.52078205e-05 5.00821228e-05 5.53069307e-05 6.08963888e-05 6.68642809e-05 7.32239186e-05 7.99880226e-05 8.71685964e-05 9.47767946e-05 1.02822784e-04 1.11315600e-04 1.20262999e-04 1.29671304e-04 1.39545253e-04 1.49887840e-04 1.60700162e-04 1.71981261e-04 1.83727972e-04 1.95934779e-04 2.08593674e-04 2.21694020e-04 2.35222437e-04 2.49162687e-04 2.63495585e-04 2.78198918e-04 2.93247392e-04 3.08612589e-04 3.24262962e-04 3.40163840e-04 3.56277473e-04 3.72563095e-04 3.88977021e-04 4.05472780e-04 4.22001267e-04 4.38510941e-04 4.54948041e-04 4.71256846e-04 4.87379953e-04 5.03258591e-04 5.18832964e-04 5.34042609e-04 5.48826786e-04 5.63124880e-04 5.76876817e-04 5.90023500e-04 6.02507239e-04 6.14272189e-04 6.25264789e-04 6.35434182e-04 6.44732634e-04 6.53115925e-04 6.60543724e-04 6.66979931e-04 6.72392990e-04 6.76756164e-04 6.80047774e-04 6.82251387e-04 6.83355966e-04 6.83355966e-04 6.82251387e-04 6.80047774e-04 6.76756164e-04 6.72392990e-04 6.66979931e-04 6.60543724e-04 6.53115925e-04 6.44732634e-04 6.35434182e-04 6.25264789e-04 6.14272189e-04 6.02507239e-04 5.90023500e-04 5.76876817e-04 5.63124880e-04 5.48826786e-04 5.34042609e-04 5.18832964e-04 5.03258591e-04 4.87379953e-04 4.71256846e-04 4.54948041e-04 4.38510941e-04 4.22001267e-04 4.05472780e-04 3.88977021e-04 3.72563095e-04 3.56277473e-04 3.40163840e-04 3.24262962e-04 3.08612589e-04 2.93247392e-04 2.78198918e-04 2.63495585e-04 2.49162687e-04
-2.96900484e-06 -2.95080843e-06 -2.90934087e-06 -2.84143664e-06 -2.74365543e-06 -2.61226726e-06 -2.44323762e-06 -2.23221274e-06 -1.97450502e-06 -1.66507877e-06 -1.29853646e-06 -8.69105617e-07 -3.70626428e-07 2.03459577e-07 8.60119737e-07 1.60673906e-06 2.45112740e-06 3.40152480e-06 4.46660472e-06 5.65547483e-06 6.97767526e-06 8.44317379e-06 1.00623578e-05 1.18460228e-05 1.38053568e-05 1.59519208e-05 1.82976246e-05 2.08546979e-05 2.36356560e-05 2.66532607e-05 2.99204746e-05 3.34504104e-05 3.72562735e-05 4.13512982e-05 4.57486780e-05 5.04614882e-05 5.55026031e-05 6.08846054e-05 6.66196902e-05 7.27195615e-05 7.91953230e-05 8.60573633e-05 9.33152355e-05 1.00977532e-04 1.09051753e-04 1.17544178e-04 1.26459724e-04 1.35801815e-04 1.45572238e-04 1.55771010e-04 1.66396241e-04 1.77444004e-04 1.88908207e-04 2.00780475e-04 2.13050037e-04 2.25703625e-04 2.38725388e-04 2.52096814e-04 2.65796669e-04 2.79800961e-04 2.94082910e-04 3.08612954e-04 3.23358765e-04 3.38285293e-04 3.53354842e-04 3.68527160e-04 3.83759565e-04 3.99007093e-04 4.14222680e-04 4.29357361e-04 4.44360506e-04 4.59180073e-04 4.73762896e-04 4.88054978e-04 5.02001828e-04 5.15548792e-04 5.28641419e-04 5.41225824e-04 5.53249070e-04 5.64659547e-04 5.75407355e-04 5.85444688e-04 5.94726197e-04 6.03209358e-04 6.10854810e-04 6.17626676e-04 6.23492869e-04 6.28425352e-04 6.32400385e-04 6.35398722e-04 6.37405781e-04 6.38411769e-04 6.38411769e-04 6.37405781e-04 6.35398722e-04 6.32400385e-04 6.28425352e-04 6.23492869e-04 6.17626676e-04 6.10854810e-04 6.03209358e-04 5.94726197e-04 5.85444688e-04 5.75407355e-04 5.64659547e-04 5.53249070e-04 5.41225824e-04 5.28641419e-04 5.15548792e-04 5.02001828e-04 4.88054978e-04 4.73762896e-04 4.59180073e-04 4.44360506e-04 4.29357361e-04 4.14222680e-04 3.99007093e-04 3.83759565e-04 3.68527160e-04 3.53354842e-04 3.38285293e-04 3.23358765e-04 3.08612954e-04 2.94082910e-04 2.79800961e-04 2.65796669e-04 2.52096814e-04 2.38725388e-04
-2.44942374e-06 -2.40202279e-06 -2.33053611e-06 -2.23187493e-06 -2.10269139e-06 -1.93936525e-06 -1.73799065e-06 -1.49436304e-06 -1.20396642e-06 -8.61960928e-07 -4.63170999e-07 -2.07423120e-09 5.27208945e-07 1.13092455e-06 1.81569317e-06 2.58851660e-06 3.45678298e-06 4.42826999e-06 5.51114605e-06 6.71396918e-06 8.04568331e-06 9.51561173e-06 1.11334475e-05 1.29092404e-05 1.48533803e-05 1.69765769e-05 1.92898344e-05 2.18044228e-05 2.45318438e-05 2.74837921e-05 3.06721111e-05 3.41087437e-05 3.78056773e-05 4.17748833e-05 4.60282504e-05 5.05775125e-05 5.54341708e-05 6.06094098e-05 6.61140075e-05 7.19582411e-05 7.81517861e-05 8.47036116e-05 9.16218710e-05 9.89137881e-05 1.06585541e-04 1.14642143e-04 1.23087321e-04 1.31923394e-04 1.41151153e-04 1.50769737e-04 1.60776521e-04 1.71166998e-04 1.81934671e-04 1.93070952e-04 2.04565068e-04 2.16403979e-04 2.28572302e-04 2.41052254e-04 2.53823605e-04 2.66863650e-04 2.80147199e-04 2.93646581e-04 3.07331672e-04 3.21169947e-04 3.35126547e-04 3.49164373e-04 3.63244208e-04 3.77324851e-04 3.91363287e-04 4.05314873e-04 4.19133550e-04 4.32772074e-04 4.46182271e-04 4.59315311e-04 4.72121992e-04 4.84553052e-04 4.96559479e-04 5.08092842e-04 5.19105622e-04 5.29551547e-04 5.39385930e-04 5.48565999e-04 5.57051223e-04 5.64803624e-04 5.71788079e-04 5.77972595e-04 5.83328575e-04 5.87831046e-04 5.91458871e-04 5.94194919e-04 5.96026218e-04 5.96944054e-04 5.96944054e-04 5.96026218e-04 5.94194919e-04 5.91458871e-04 5.87831046e-04 5.83328575e-04 5.77972595e-04 5.71788079e-04 5.64803624e-04 5.57051223e-04 5.48565999e-04 5.39385930e-04 5.29551547e-04 5.19105622e-04 5.08092842e-04 4.96559479e-04 4.84553052e-04 4.72121992e-04 4.59315311e-04 4.46182271e-04 4.32772074e-04 4.19133550e-04 4.05314873e-04 3.91363287e-04 3.77324851e-04 3.63244208e-04 3.49164373e-04 3.35126547e-04 3.21169947e-04 3.07331672e-04 2.93646581e-04 2.80147199e-04 2.66863650e-04 2.53823605e-04 2.41052254e-04 2.28572302e-04
-1.97451516e-06 -1.90124203e-06 -1.80326682e-06 -1.67758360e-06 -1.52094254e-06 -1.32983805e-06 -1.10049701e-06 -8.28867254e-07 -5.10606399e-07 -1.41071145e-07 2.84692854e-07 7.71960380e-07 1.32633516e-06 1.95375732e-06 2.66050968e-06 3.45322253e-06 4.33887699e-06 5.32480636e-06 6.41869569e-06 7.62857889e-06 8.96283358e-06 1.04301731e-05 1.20396357e-05 1.38005704e-05 1.57226196e-05 1.78156981e-05 2.00899679e-05 2.25558093e-05 2.52237872e-05 2.81046136e-05 3.12091046e-05 3.45481330e-05 3.81325760e-05 4.19732575e-05 4.60808856e-05 5.04659847e-05 5.51388225e-05 6.01093325e-05 6.53870307e-05 7.09809286e-05 7.68994414e-05 8.31502919e-05 8.97404115e-05 9.66758373e-05 1.03961608e-04 1.11601656e-04 1.19598700e-04 1.27954139e-04 1.36667942e-04 1.45738546e-04 1.55162749e-04 1.64935618e-04 1.75050388e-04 1.85498385e-04 1.96268937e-04 2.07349314e-04 2.18724661e-04 2.30377958e-04 2.42289982e-04 2.54439291e-04 2.66802219e-04 2.79352890e-04 2.92063250e-04 3.04903121e-04 3.17840265e-04 3.30840480e-04 3.43867710e-04 3.56884176e-04 3.69850529e-04 3.82726020e-04 3.95468698e-04 4.08035617e-04 4.20383065e-04 4.32466808e-04 4.44242351e-04 4.55665208e-04 4.66691182e-04 4.77276658e-04 4.87378893e-04 4.96956313e-04 5.05968811e-04 5.14378034e-04 5.22147674e-04 5.29243733e-04 5.35634793e-04 5.41292257e-04 5.46190575e-04 5.50307446e-04 5.53624003e-04 5.56124962e-04 5.57798748e-04 5.58637592e-04 5.58637592e-04 5.57798748e-04 5.56124962e-04 5.53624003e-04 5.50307446e-04 5.46190575e-04 5.41292257e-04 5.35634793e-04 5.29243733e-04 5.22147674e-04 5.14378034e-04 5.05968811e-04 4.96956313e-04 4.87378893e-04 4.77276658e-04 4.66691182e-04 4.55665208e-04 4.44242351e-04 4.32466808e-04 4.20383065e-04 4.08035617e-04 3.95468698e-04 3.82726020e-04 3.69850529e-04 3.56884176e-04 3.43867710e-04 3.30840480e-04 3.17840265e-04 3.04903121e-04 2.92063250e-04 2.79352890e-04 2.66802219e-04 2.54439291e-04 2.42289982e-04 2.30377958e-04 2.18724661e-04
-1.54131819e-06 -1.44523248e-06 -1.32400438e-06 -1.17471549e-06 -9.94218123e-07 -7.79124740e-07 -5.25797518e-07 -2.30338265e-07 1.11421295e-07 5.03928731e-07 9.51919479e-07 1.46042466e-06 2.03477800e-06 2.68062168e-06 3.40391100e-06 4.21091762e-06 5.10823129e-06 6.10275977e-06 7.20172687e-06 8.41266831e-06 9.74342522e-06 1.12021351e-05 1.27972201e-05 1.45373722e-05 1.64315351e-05 1.84888831e-05 2.07187959e-05 2.31308301e-05 2.57346865e-05 2.85401731e-05 3.15571642e-05 3.47955550e-05 3.82652117e-05 4.19759170e-05 4.59373112e-05 5.01588291e-05 5.46496315e-05 5.94185335e-05 6.44739279e-05 6.98237049e-05 7.54751680e-05 8.14349469e-05 8.77089075e-05 9.43020589e-05 1.01218460e-04 1.08461122e-04 1.16031916e-04 1.23931473e-04 1.32159093e-04 1.40712651e-04 1.49588509e-04 1.58781429e-04 1.68284495e-04 1.78089039e-04 1.88184574e-04 1.98558739e-04 2.09197250e-04 2.20083864e-04 2.31200356e-04 2.42526506e-04 2.54040106e-04 2.65716974e-04 2.77530995e-04 2.89454166e-04 3.01456672e-04 3.13506966e-04 3.25571878e-04 3.37616741e-04 3.49605522e-04 3.61500992e-04 3.73264892e-04 3.84858129e-04 3.96240984e-04 4.07373324e-04 4.18214844e-04 4.28725300e-04 4.38864765e-04 4.48593885e-04 4.57874138e-04 4.66668094e-04 4.74939680e-04 4.82654434e-04 4.89779754e-04 4.96285140e-04 5.02142423e-04 5.07325978e-04 5.11812926e-04 5.15583305e-04 5.18620231e-04 5.20910035e-04 5.22442365e-04 5.23210273e-04 5.23210273e-04 5.22442365e-04 5.20910035e-04 5.18620231e-04 5.15583305e-04 5.11812926e-04 5.07325978e-04 5.02142423e-04 4.96285140e-04 4.89779754e-04 4.82654434e-04 4.74939680e-04 4.66668094e-04 4.57874138e-04 4.48593885e-04 4.38864765e-04 4.28725300e-04 4.18214844e-04 4.07373324e-04 3.96240984e-04 3.84858129e-04 3.73264892e-04 3.61500992e-04 3.49605522e-04 3.37616741e-04 3.25571878e-04 3.13506966e-04 3.01456672e-04 2.89454166e-04 2.77530995e-04 2.65716974e-04 2.54040106e-04 2.42526506e-04 2.31200356e-04 2.20083864e-04 2.09197250e-04
-1.14701047e-06 -1.03091600e-06 -8.89394616e-07 -7.19618878e-07 -5.18546079e-07 -2.82908813e-07 -9.20582166e-09 3.06306837e-07 6.67624183e-07 1.07900017e-06 1.54495489e-06 2.07028100e-06 2.66004919e-06 3.31961272e-06 4.05461058e-06 4.87096946e-06 5.77490408e-06 6.77291590e-06 7.87178992e-06 9.07858944e-06 1.04006486e-05 1.18455627e-05 1.34211751e-05 1.51355629e-05 1.69970178e-05 1.90140254e-05 2.11952400e-05 2.35494569e-05 2.60855802e-05 2.88125877e-05 3.17394913e-05 3.48752937e-05 3.82289412e-05 4.18092726e-05 4.56249637e-05 4.96844680e-05 5.39959538e-05 5.85672373e-05 6.34057120e-05 6.85182753e-05 7.39112515e-05 7.95903124e-05 8.55603956e-05 9.18256213e-05 9.83892070e-05 1.05253382e-04 1.12419304e-04 1.19886971e-04 1.27655140e-04 1.35721246e-04 1.44081325e-04 1.52729940e-04 1.61660110e-04 1.70863254e-04 1.80329130e-04 1.90045790e-04 1.99999542e-04 2.10174926e-04 2.20554690e-04 2.31119795e-04 2.41849415e-04 2.52720966e-04 2.63710138e-04 2.74790950e-04 2.85935814e-04 2.97115622e-04 3.08299841e-04 3.19456627e-04 3.30552960e-04 3.41554782e-04 3.52427163e-04 3.63134471e-04 3.73640560e-04 3.83908965e-04 3.93903115e-04 4.03586544e-04 4.12923118e-04 4.21877261e-04 4.30414187e-04 4.38500135e-04 4.46102591e-04 4.53190524e-04 4.59734598e-04 4.65707392e-04 4.71083593e-04 4.75840190e-04 4.79956645e-04 4.83415050e-04 4.86200262e-04 4.88300025e-04 4.89705059e-04 4.90409139e-04 4.90409139e-04 4.89705059e-04 4.88300025e-04 4.86200262e-04 4.83415050e-04 4.79956645e-04 4.75840190e-04 4.71083593e-04 4.65707392e-04 4.59734598e-04 4.53190524e-04 4.46102591e-04 4.38500135e-04 4.30414187e-04 4.21877261e-04 4.12923118e-04 4.03586544e-04 3.93903115e-04 3.83908965e-04 3.73640560e-04 3.63134471e-04 3.52427163e-04 3.41554782e-04 3.30552960e-04 3.19456627e-04 3.08299841e-04 2.97115622e-04 2.85935814e-04 2.74790950e-04 2.63710138e-04 2.52720966e-04 2.41849415e-04 2.31119795e-04 2.20554690e-04 2.10174926e-04 1.99999542e-04
-7.88908302e-07 -6.55369692e-07 -4.96256911e-07 -3.08835860e-07 -9.01705214e-08 1.62885374e-07 4.53696386e-07 7.85853039e-07 1.16317904e-06 1.58973791e-06 2.06983898e-06 2.60804258e-06 3.20916429e-06 3.87827819e-06 4.62071889e-06 5.44208229e-06 6.34822480e-06 7.34526097e-06 8.43955937e-06 9.63773639e-06 1.09466481e-05 1.23733798e-05 1.39252328e-05 1.56097093e-05 1.74344938e-05 1.94074321e-05 2.15365067e-05 2.38298098e-05 2.62955125e-05 2.89418304e-05 3.17769863e-05 3.48091691e-05 3.80464892e-05 4.14969297e-05 4.51682956e-05 4.90681579e-05 5.32037951e-05 5.75821316e-05 6.22096731e-05 6.70924382e-05 7.22358892e-05 7.76448593e-05 8.33234790e-05 8.92751001e-05 9.55022204e-05 1.02006407e-04 1.08788219e-04 1.15847134e-04 1.23181477e-04 1.30788342e-04 1.38663533e-04 1.46801496e-04 1.55195261e-04 1.63836390e-04 1.72714931e-04 1.81819379e-04 1.91136649e-04 2.00652050e-04 2.10349280e-04 2.20210427e-04 2.30215976e-04 2.40344839e-04 2.50574391e-04 2.60880521e-04 2.71237695e-04 2.81619039e-04 2.91996427e-04 3.02340587e-04 3.12621225e-04 3.22807156e-04 3.32866446e-04 3.42766577e-04 3.52474609e-04 3.61957360e-04 3.71181593e-04 3.80114213e-04 3.88722459e-04 3.96974116e-04 4.04837714e-04 4.12282738e-04 4.19279829e-04 4.25800987e-04 4.31819763e-04 4.37311448e-04 4.42253250e-04 4.46624460e-04 4.50406601e-04 4.53583571e-04 4.56141759e-04 4.58070151e-04 4.59360409e-04 4.60006942e-04 4.60006942e-04 4.59360409e-04 4.58070151e-04 4.56141759e-04 4.53583571e-04 4.50406601e-04 4.46624460e-04 4.42253250e-04 4.37311448e-04 4.31819763e-04 4.25800987e-04 4.19279829e-04 4.12282738e-04 4.04837714e-04 3.96974116e-04 3.88722459e-04 3.80114213e-04 3.71181593e-04 3.61957360e-04 3.52474609e-04 3.42766577e-04 3.32866446e-04 3.22807156e-04 3.12621225e-04 3.02340587e-04 2.91996427e-04 2.81619039e-04 2.71237695e-04 2.60880521e-04 2.50574391e-04 2.40344839e-04 2.30215976e-04 2.20210427e-04 2.10349280e-04 2.00652050e-04 1.91136649e-04
-4.64465677e-07 -3.15824303e-07 -1.41581955e-07 6.09007073e-08 2.94452228e-07 5.62097692e-07 8.67065758e-07 1.21279529e-06 1.60294152e-06 2.04138158e-06 2.53221946e-06 3.07979004e-06 3.68866232e-06 4.36364158e-06 5.10977039e-06 5.93232835e-06 6.83683040e-06 7.82902357e-06 8.91488202e-06 1.01006002e-05 1.13925843e-05 1.27974408e-05 1.43219640e-05 1.59731195e-05 1.77580269e-05 1.96839383e-05 2.17582150e-05 2.39883006e-05 2.63816920e-05 2.89459060e-05 3.16884441e-05 3.46167535e-05 3.77381848e-05 4.10599471e-05 4.45890591e-05 4.83322982e-05 5.22961462e-05 5.64867319e-05 6.09097719e-05 6.55705082e-05 7.04736447e-05 7.56232813e-05 8.10228469e-05 8.66750312e-05 9.25817169e-05 9.87439106e-05 1.05161676e-04 1.11834066e-04 1.18759060e-04 1.25933500e-04 1.33353034e-04 1.41012058e-04 1.48903670e-04 1.57019622e-04 1.65350283e-04 1.73884611e-04 1.82610124e-04 1.91512892e-04 2.00577525e-04 2.09787185e-04 2.19123594e-04 2.28567067e-04 2.38096544e-04 2.47689645e-04 2.57322727e-04 2.66970964e-04 2.76608428e-04 2.86208188e-04 2.95742426e-04 3.05182552e-04 3.14499341e-04 3.23663075e-04 3.32643695e-04 3.41410963e-04 3.49934626e-04 3.58184598e-04 3.66131130e-04 3.73744996e-04 3.80997676e-04 3.87861539e-04 3.94310023e-04 4.00317814e-04 4.05861019e-04 4.10917330e-04 4.15466179e-04 4.19488891e-04 4.22968809e-04 4.25891424e-04 4.28244474e-04 4.30018040e-04 4.31204617e-04 4.31799168e-04 4.31799168e-04 4.31204617e-04 4.30018040e-04 4.28244474e-04 4.25891424e-04 4.22968809e-04 4.19488891e-04 4.15466179e-04 4.10917330e-04 4.05861019e-04 4.00317814e-04 3.94310023e-04 3.87861539e-04 3.80997676e-04 3.73744996e-04 3.66131130e-04 3.58184598e-04 3.49934626e-04 3.41410963e-04 3.32643695e-04 3.23663075e-04 3.14499341e-04 3.05182552e-04 2.95742426e-04 2.86208188e-04 2.76608428e-04 2.66970964e-04 2.57322727e-04 2.47689645e-04 2.38096544e-04 2.28567067e-04 2.19123594e-04 2.09787185e-04 2.00577525e-04 1.91512892e-04 1.82610124e-04
-1.71272396e-07 -9.66175842e-09 1.77471483e-07 3.92671290e-07 6.38658746e-07 9.18338505e-07 1.23480491e-06 1.59134767e-06 1.99145712e-06 2.43882875e-06 2.93736719e-06 3.49118936e-06 4.10462670e-06 4.78222640e-06 5.52875159e-06 6.34918018e-06 7.24870242e-06 8.23271693e-06 9.30682510e-06 1.04768238e-05 1.17486962e-05 1.31286005e-05 1.46228566e-05 1.62379306e-05 1.79804168e-05 1.98570175e-05 2.18745194e-05 2.40397688e-05 2.63596427e-05 2.88410179e-05 3.14907369e-05 3.43155713e-05 3.73221822e-05 4.05170775e-05 4.39065674e-05 4.74967160e-05 5.12932915e-05 5.53017133e-05 5.95269976e-05 6.39737001e-05 6.86458582e-05 7.35469310e-05 7.86797387e-05 8.40464012e-05 8.96482769e-05 9.54859013e-05 1.01558927e-04 1.07866065e-04 1.14405027e-04 1.21172470e-04 1.28163951e-04 1.35373871e-04 1.42795439e-04 1.50420632e-04 1.58240164e-04 1.66243461e-04 1.74418643e-04 1.82752515e-04 1.91230566e-04 1.99836974e-04 2.08554628e-04 2.17365151e-04 2.26248941e-04 2.35185215e-04 2.44152074e-04 2.53126566e-04 2.62084773e-04 2.71001898e-04 2.79852368e-04 2.88609946e-04 2.97247852e-04 3.05738896e-04 3.14055609e-04 3.22170395e-04 3.30055679e-04 3.37684065e-04 3.45028496e-04 3.52062413e-04 3.58759925e-04 3.65095967e-04 3.71046464e-04 3.76588489e-04 3.81700414e-04 3.86362059e-04 3.90554830e-04 3.94261848e-04 3.97468070e-04 4.00160393e-04 4.02327748e-04 4.03961185e-04 4.05053931e-04 4.05601444e-04 4.05601444e-04 4.05053931e-04 4.03961185e-04 4.02327748e-04 4.00160393e-04 3.97468070e-04 3.94261848e-04 3.90554830e-04 3.86362059e-04 3.81700414e-04 3.76588489e-04 3.71046464e-04 3.65095967e-04 3.58759925e-04 3.52062413e-04 3.45028496e-04 3.37684065e-04 3.30055679e-04 3.22170395e-04 3.14055609e-04 3.05738896e-04 2.97247852e-04 2.88609946e-04 2.79852368e-04 2.71001898e-04 2.62084773e-04 2.53126566e-04 2.44152074e-04 2.35185215e-04 2.26248941e-04 2.17365151e-04 2.08554628e-04 1.99836974e-04 1.91230566e-04 1.82752515e-04 1.74418643e-04
9.29485943e-08 2.65588183e-07 4.63580664e-07 6.89374679e-07 9.45584546e-07 1.23499590e-06 1.56057100e-06 1.92545356e-06 2.33297311e-06 2.78664878e-06 3.29019238e-06 3.84751069e-06 4.46270690e-06 5.14008109e-06 5.88412960e-06 6.69954322e-06 7.59120408e-06 8.56418111e-06 9.62372399e-06 1.07752554e-05 1.20243618e-05 1.33767814e-05 1.48383919e-05 1.64151939e-05 1.81132945e-05 1.99388864e-05 2.18982263e-05 2.39976100e-05 2.62433457e-05 2.86417238e-05 3.11989853e-05 3.39212867e-05 3.68146633e-05 3.98849891e-05 4.31379352e-05 4.65789250e-05 5.02130882e-05 5.40452119e-05 5.80796905e-05 6.23204740e-05 6.67710143e-05 7.14342112e-05 7.63123576e-05 8.14070840e-05 8.67193033e-05 9.22491565e-05 9.79959586e-05 1.03958147e-04 1.10133229e-04 1.16517740e-04 1.23107192e-04 1.29896036e-04 1.36877628e-04 1.44044194e-04 1.51386806e-04 1.58895360e-04 1.66558567e-04 1.74363943e-04 1.82297813e-04 1.90345322e-04 1.98490450e-04 2.06716045e-04 2.15003853e-04 2.23334573e-04 2.31687905e-04 2.40042621e-04 2.48376637e-04 2.56667101e-04 2.64890481e-04 2.73022675e-04 2.81039115e-04 2.88914888e-04 2.96624864e-04 3.04143821e-04 3.11446587e-04 3.18508181e-04 3.25303952e-04 3.31809727e-04 3.38001962e-04 3.43857881e-04 3.49355624e-04 3.54474386e-04 3.59194556e-04 3.63497845e-04 3.67367409e-04 3.70787967e-04 3.73745902e-04 3.76229360e-04 3.78228331e-04 3.79734719e-04 3.80742402e-04 3.81247274e-04 3.81247274e-04 3.80742402e-04 3.79734719e-04 3.78228331e-04 3.76229360e-04 3.73745902e-04 3.70787967e-04 3.67367409e-04 3.63497845e-04 3.59194556e-04 3.54474386e-04 3.49355624e-04 3.43857881e-04 3.38001962e-04 3.31809727e-04 3.25303952e-04 3.18508181e-04 3.11446587e-04 3.04143821e-04 2.96624864e-04 2.88914888e-04 2.81039115e-04 2.73022675e-04 2.64890481e-04 2.56667101e-04 2.48376637e-04 2.40042621e-04 2.31687905e-04 2.23334573e-04 2.15003853e-04 2.06716045e-04 1.98490450e-04 1.90345322e-04 1.82297813e-04 1.74363943e-04 1.66558567e-04
3.30344491e-07 5.12251911e-07 7.19263662e-07 9.53733699e-07 1.21817084e-06 1.51524367e-06 1.84778510e-06 2.21879646e-06 2.63145114e-06 3.08909754e-06 3.59526145e-06 4.15364766e-06 4.76814062e-06 5.44280430e-06 6.18188088e-06 6.98978842e-06 7.87111717e-06 8.83062462e-06 9.87322907e-06 1.10040016e-05 1.22281567e-05 1.35510404e-05 1.49781175e-05 1.65149564e-05 1.81672116e-05 1.99406048e-05 2.18409034e-05 2.38738970e-05 2.60453714e-05 2.83610805e-05 3.08267163e-05 3.34478758e-05 3.62300264e-05 3.91784689e-05 4.22982985e-05 4.55943633e-05 4.90712216e-05 5.27330974e-05 5.65838338e-05 6.06268458e-05 6.48650717e-05 6.93009238e-05 7.39362389e-05 7.87722278e-05 8.38094267e-05 8.90476474e-05 9.44859299e-05 1.00122496e-04 1.05954706e-04 1.11979016e-04 1.18190938e-04 1.24585009e-04 1.31154756e-04 1.37892670e-04 1.44790189e-04 1.51837678e-04 1.59024420e-04 1.66338616e-04 1.73767388e-04 1.81296790e-04 1.88911828e-04 1.96596489e-04 2.04333774e-04 2.12105747e-04 2.19893582e-04 2.27677631e-04 2.35437489e-04 2.43152076e-04 2.50799720e-04 2.58358252e-04 2.65805109e-04 2.73117439e-04 2.80272219e-04 2.87246367e-04 2.94016874e-04 3.00560922e-04 3.06856021e-04 3.12880137e-04 3.18611821e-04 3.24030344e-04 3.29115824e-04 3.33849350e-04 3.38213106e-04 3.42190486e-04 3.45766207e-04 3.48926404e-04 3.51658732e-04 3.53952445e-04 3.55798472e-04 3.57189477e-04 3.58119915e-04 3.58586068e-04 3.58586068e-04 3.58119915e-04 3.57189477e-04 3.55798472e-04 3.53952445e-04 3.51658732e-04 3.48926404e-04 3.45766207e-04 3.42190486e-04 3.38213106e-04 3.33849350e-04 3.29115824e-04 3.24030344e-04 3.18611821e-04 3.12880137e-04 3.06856021e-04 3.00560922e-04 2.94016874e-04 2.87246367e-04 2.80272219e-04 2.73117439e-04 2.65805109e-04 2.58358252e-04 2.50799720e-04 2.43152076e-04 2.35437489e-04 2.27677631e-04 2.19893582e-04 2.12105747e-04 2.04333774e-04 1.96596489e-04 1.88911828e-04 1.81296790e-04 1.73767388e-04 1.66338616e-04 1.59024420e-04
5.42936441e-07 7.32516481e-07 9.46884690e-07 1.18830146e-06 1.45917183e-06 1.76204976e-06 2.09964198e-06 2.47481147e-06 2.89058037e-06 3.35013233e-06 3.85681420e-06 4.41413700e-06 5.02577605e-06 5.69557014e-06 6.42751982e-06 7.22578449e-06 8.09467834e-06 9.03866507e-06 1.00623512e-05 1.11704778e-05 1.23679111e-05 1.36596308e-05 1.50507175e-05 1.65463373e-05 1.81517259e-05 1.98721693e-05 2.17129837e-05 2.36794929e-05 2.57770037e-05 2.80107793e-05 3.03860107e-05 3.29077860e-05 3.55810579e-05 3.84106088e-05 4.14010151e-05 4.45566083e-05 4.78814359e-05 5.13792203e-05 5.50533157e-05 5.89066656e-05 6.29417581e-05 6.71605808e-05 7.15645765e-05 7.61545978e-05 8.09308626e-05 8.58929102e-05 9.10395592e-05 9.63688660e-05 1.01878086e-04 1.07563638e-04 1.13421069e-04 1.19445025e-04 1.25629224e-04 1.31966437e-04 1.38448466e-04 1.45066137e-04 1.51809289e-04 1.58666777e-04 1.65626480e-04 1.72675307e-04 1.79799226e-04 1.86983284e-04 1.94211646e-04 2.01467636e-04 2.08733787e-04 2.15991900e-04 2.23223106e-04 2.30407942e-04 2.37526428e-04 2.44558156e-04 2.51482378e-04 2.58278109e-04 2.64924227e-04 2.71399583e-04 2.77683112e-04 2.83753947e-04 2.89591538e-04 2.95175766e-04 3.00487065e-04 3.05506536e-04 3.10216065e-04 3.14598435e-04 3.18637434e-04 3.22317958e-04 3.25626112e-04 3.28549298e-04 3.31076301e-04 3.33197362e-04 3.34904245e-04 3.36190293e-04 3.37050472e-04 3.37481409e-04 3.37481409e-04 3.37050472e-04 3.36190293e-04 3.34904245e-04 3.33197362e-04 3.31076301e-04 3.28549298e-04 3.25626112e-04 3.22317958e-04 3.18637434e-04 3.14598435e-04 3.10216065e-04 3.05506536e-04 3.00487065e-04 2.95175766e-04 2.89591538e-04 2.83753947e-04 2.77683112e-04 2.71399583e-04 2.64924227e-04 2.58278109e-04 2.51482378e-04 2.44558156e-04 2.37526428e-04 2.30407942e-04 2.23223106e-04 2.15991900e-04 2.08733787e-04 2.01467636e-04 1.94211646e-04 1.86983284e-04 1.79799226e-04 1.72675307e-04 1.65626480e-04 1.58666777e-04 1.51809289e-04
7.32623746e-07 9.28434531e-07 1.14865984e-06 1.39546801e-06 1.67116244e-06 1.97818521e-06 2.31912039e-06 2.69669689e-06 3.11379080e-06 3.57342716e-06 4.07878107e-06 4.63317811e-06 5.24009397e-06 5.90315315e-06 6.62612677e-06 7.41292933e-06 8.26761429e-06 9.19436855e-06 1.01975056e-05 1.12814571e-05 1.24507636e-05 1.37100631e-05 1.50640783e-05 1.65176022e-05 1.80754820e-05 1.97426015e-05 2.15238611e-05 2.34241562e-05 2.54483546e-05 2.76012706e-05 2.98876384e-05 3.23120833e-05 3.48790911e-05 3.75929762e-05 4.04578472e-05 4.34775725e-05 4.66557426e-05 4.99956332e-05 5.35001659e-05 5.71718682e-05 6.10128337e-05 6.50246812e-05 6.92085139e-05 7.35648786e-05 7.80937263e-05 8.27943725e-05 8.76654594e-05 9.27049197e-05 9.79099421e-05 1.03276940e-04 1.08801520e-04 1.14478460e-04 1.20301685e-04 1.26264246e-04 1.32358312e-04 1.38575155e-04 1.44905152e-04 1.51337783e-04 1.57861639e-04 1.64464438e-04 1.71133045e-04 1.77853494e-04 1.84611029e-04 1.91390139e-04 1.98174607e-04 2.04947564e-04 2.11691548e-04 2.18388574e-04 2.25020205e-04 2.31567630e-04 2.38011753e-04 2.44333278e-04 2.50512806e-04 2.56530932e-04 2.62368347e-04 2.68005940e-04 2.73424905e-04 2.78606848e-04 2.83533890e-04 2.88188776e-04 2.92554977e-04 2.96616791e-04 3.00359441e-04 3.03769166e-04 3.06833312e-04 3.09540413e-04 3.11880261e-04 3.13843980e-04 3.15424079e-04 3.16614504e-04 3.17410679e-04 3.17809536e-04 3.17809536e-04 3.17410679e-04 3.16614504e-04 3.15424079e-04 3.13843980e-04 3.11880261e-04 3.09540413e-04 3.06833312e-04 3.03769166e-04 3.00359441e-04 2.96616791e-04 2.92554977e-04 2.88188776e-04 2.83533890e-04 2.78606848e-04 2.73424905e-04 2.68005940e-04 2.62368347e-04 2.56530932e-04 2.50512806e-04 2.44333278e-04 2.38011753e-04 2.31567630e-04 2.25020205e-04 2.18388574e-04 2.11691548e-04 2.04947564e-04 1.98174607e-04 1.91390139e-04 1.84611029e-04 1.77853494e-04 1.71133045e-04 1.64464438e-04 1.57861639e-04 1.51337783e-04 1.44905152e-04
9.01188362e-07 1.10192950e-06 1.32666310e-06 1.57746730e-06 1.85654625e-06 2.16623323e-06 2.50899339e-06 2.88742609e-06 3.30426673e-06 3.76238796e-06 4.26480038e-06 4.81465243e-06 5.41522959e-06 6.06995272e-06 6.78237545e-06 7.55618070e-06 8.39517597e-06 9.30328766e-06 1.02845541e-05 1.13431173e-05 1.24832133e-05 1.37091615e-05 1.50253517e-05 1.64362308e-05 1.79462865e-05 1.95600309e-05 2.12819812e-05 2.31166395e-05 2.50684709e-05 2.71418793e-05 2.93411827e-05 3.16705854e-05 3.41341503e-05 3.67357685e-05 3.94791278e-05 4.23676805e-05 4.54046092e-05 4.85927919e-05 5.19347667e-05 5.54326953e-05 5.90883260e-05 6.29029572e-05 6.68773999e-05 7.10119417e-05 7.53063105e-05 7.97596392e-05 8.43704326e-05 8.91365344e-05 9.40550974e-05 9.91225557e-05 1.04334599e-04 1.09686151e-04 1.15171348e-04 1.20783530e-04 1.26515223e-04 1.32358136e-04 1.38303159e-04 1.44340366e-04 1.50459024e-04 1.56647608e-04 1.62893820e-04 1.69184615e-04 1.75506236e-04 1.81844248e-04 1.88183585e-04 1.94508600e-04 2.00803121e-04 2.07050514e-04 2.13233746e-04 2.19335467e-04 2.25338077e-04 2.31223814e-04 2.36974842e-04 2.42573331e-04 2.48001560e-04 2.53242002e-04 2.58277425e-04 2.63090984e-04 2.67666321e-04 2.71987656e-04 2.76039884e-04 2.79808661e-04 2.83280498e-04 2.86442837e-04 2.89284137e-04 2.91793941e-04 2.93962945e-04 2.95783060e-04 2.97247462e-04 2.98350636e-04 2.99088416e-04 2.99458006e-04 2.99458006e-04 2.99088416e-04 2.98350636e-04 2.97247462e-04 2.95783060e-04 2.93962945e-04 2.91793941e-04 2.89284137e-04 2.86442837e-04 2.83280498e-04 2.79808661e-04 2.76039884e-04 2.71987656e-04 2.67666321e-04 2.63090984e-04 2.58277425e-04 2.53242002e-04 2.48001560e-04 2.42573331e-04 2.36974842e-04 2.31223814e-04 2.25338077e-04 2.19335467e-04 2.13233746e-04 2.07050514e-04 2.00803121e-04 1.94508600e-04 1.88183585e-04 1.81844248e-04 1.75506236e-04 1.69184615e-04 1.62893820e-04 1.56647608e-04 1.50459024e-04 1.44340366e-04 1.38303159e-04
1.05029963e-06 1.25480108e-06 1.48283260e-06 1.73638426e-06 2.01756362e-06 2.32859843e-06 2.67183886e-06 3.04975937e-06 3.46496010e-06 3.92016764e-06 4.41823527e-06 4.96214249e-06 5.55499386e-06 6.20001696e-06 6.90055954e-06 7.66008576e-06 8.48217137e-06 9.37049784e-06 1.03288454e-05 1.13610849e-05 1.24711682e-05 1.36631176e-05 1.49410138e-05 1.63089823e-05 1.77711784e-05 1.93317709e-05 2.09949243e-05 2.27647793e-05 2.46454319e-05 2.66409110e-05 2.87551550e-05 3.09919857e-05 3.33550827e-05 3.58479547e-05 3.84739105e-05 4.12360294e-05 4.41371290e-05 4.71797340e-05 5.03660431e-05 5.36978956e-05 5.71767385e-05 6.08035921e-05 6.45790172e-05 6.85030816e-05 7.25753283e-05 7.67947434e-05 8.11597265e-05 8.56680619e-05 9.03168923e-05 9.51026935e-05 1.00021254e-04 1.05067653e-04 1.10236249e-04 1.15520664e-04 1.20913776e-04 1.26407714e-04 1.31993860e-04 1.37662852e-04 1.43404594e-04 1.49208270e-04 1.55062366e-04 1.60954693e-04 1.66872417e-04 1.72802101e-04 1.78729737e-04 1.84640803e-04 1.90520309e-04 1.96352854e-04 2.02122694e-04 2.07813803e-04 2.13409947e-04 2.18894759e-04 2.24251815e-04 2.29464719e-04 2.34517181e-04 2.39393109e-04 2.44076689e-04 2.48552477e-04 2.52805482e-04 2.56821254e-04 2.60585967e-04 2.64086500e-04 2.67310518e-04 2.70246545e-04 2.72884036e-04 2.75213441e-04 2.77226266e-04 2.78915128e-04 2.80273798e-04 2.81297246e-04 2.81981669e-04 2.82324520e-04 2.82324520e-04 2.81981669e-04 2.81297246e-04 2.80273798e-04 2.78915128e-04 2.77226266e-04 2.75213441e-04 2.72884036e-04 2.70246545e-04 2.67310518e-04 2.64086500e-04 2.60585967e-04 2.56821254e-04 2.52805482e-04 2.48552477e-04 2.44076689e-04 2.39393109e-04 2.34517181e-04 2.29464719e-04 2.24251815e-04 2.18894759e-04 2.13409947e-04 2.07813803e-04 2.02122694e-04 1.96352854e-04 1.90520309e-04 1.84640803e-04 1.78729737e-04 1.72802101e-04 1.66872417e-04 1.60954693e-04 1.55062366e-04 1.49208270e-04 1.43404594e-04 1.37662852e-04 1.31993860e-04
1.18151915e-06 1.38873073e-06 1.61897691e-06 1.87416201e-06 2.15629985e-06 2.46751607e-06 2.81004991e-06 3.18625569e-06 3.59860375e-06 4.04968089e-06 4.54219025e-06 5.07895044e-06 5.66289412e-06 6.29706569e-06 6.98461820e-06 7.72880941e-06 8.53299688e-06 9.40063202e-06 1.03352532e-05 1.13404774e-05 1.24199915e-05 1.35775414e-05 1.48169201e-05 1.61419554e-05 1.75564950e-05 1.90643912e-05 2.06694834e-05 2.23755805e-05 2.41864403e-05 2.61057491e-05 2.81370992e-05 3.02839651e-05 3.25496785e-05 3.49374029e-05 3.74501061e-05 4.00905325e-05 4.28611741e-05 4.57642410e-05 4.88016317e-05 5.19749025e-05 5.52852367e-05 5.87334144e-05 6.23197822e-05 6.60442231e-05 6.99061275e-05 7.39043653e-05 7.80372586e-05 8.23025567e-05 8.66974126e-05 9.12183614e-05 9.58613015e-05 1.00621478e-04 1.05493470e-04 1.10471180e-04 1.15547829e-04 1.20715949e-04 1.25967392e-04 1.31293330e-04 1.36684266e-04 1.42130050e-04 1.47619898e-04 1.53142416e-04 1.58685630e-04 1.64237020e-04 1.69783559e-04 1.75311754e-04 1.80807700e-04 1.86257131e-04 1.91645474e-04 1.96957917e-04 2.02179468e-04 2.07295026e-04 2.12289456e-04 2.17147655e-04 2.21854638e-04 2.26395605e-04 2.30756030e-04 2.34921730e-04 2.38878951e-04 2.42614439e-04 2.46115523e-04 2.49370181e-04 2.52367119e-04 2.55095833e-04 2.57546672e-04 2.59710902e-04 2.61580757e-04 2.63149485e-04 2.64411395e-04 2.65361889e-04 2.65997493e-04 2.66315879e-04 2.66315879e-04 2.65997493e-04 2.65361889e-04 2.64411395e-04 2.63149485e-04 2.61580757e-04 2.59710902e-04 2.57546672e-04 2.55095833e-04 2.52367119e-04 2.49370181e-04 2.46115523e-04 2.42614439e-04 2.38878951e-04 2.34921730e-04 2.30756030e-04 2.26395605e-04 2.21854638e-04 2.17147655e-04 2.12289456e-04 2.07295026e-04 2.02179468e-04 1.96957917e-04 1.91645474e-04 1.86257131e-04 1.80807700e-04 1.75311754e-04 1.69783559e-04 1.64237020e-04 1.58685630e-04 1.53142416e-04 1.47619898e-04 1.42130050e-04 1.36684266e-04 1.31293330e-04 1.25967392e-04
1.29630572e-06 1.50528734e-06 1.73678145e-06 1.99260907e-06 2.27469331e-06 2.58506119e-06 2.92584518e-06 3.29928419e-06 3.70772428e-06 4.15361869e-06 4.63952738e-06 5.16811599e-06 5.74215406e-06 6.36451255e-06 7.03816058e-06 7.76616135e-06 8.55166717e-06 9.39791350e-06 1.03082121e-05 1.12859429e-05 1.23345455e-05 1.34575081e-05 1.46583572e-05 1.59406443e-05 1.73079329e-05 1.87637830e-05 2.03117350e-05 2.19552929e-05 2.36979050e-05 2.55429442e-05 2.74936876e-05 2.95532937e-05 3.17247795e-05 3.40109964e-05 3.64146053e-05 3.89380502e-05 4.15835323e-05 4.43529822e-05 4.72480330e-05 5.02699920e-05 5.34198131e-05 5.66980689e-05 6.01049232e-05 6.36401043e-05 6.73028784e-05 7.10920246e-05 7.50058112e-05 7.90419727e-05 8.31976894e-05 8.74695687e-05 9.18536287e-05 9.63452839e-05 1.00939335e-04 1.05629959e-04 1.10410708e-04 1.15274503e-04 1.20213641e-04 1.25219799e-04 1.30284044e-04 1.35396850e-04 1.40548115e-04 1.45727183e-04 1.50922877e-04 1.56123525e-04 1.61317002e-04 1.66490767e-04 1.71631911e-04 1.76727203e-04 1.81763146e-04 1.86726035e-04 1.91602010e-04 1.96377126e-04 2.01037417e-04 2.05568959e-04 2.09957946e-04 2.14190756e-04 2.18254021e-04 2.22134705e-04 2.25820168e-04 2.29298241e-04 2.32557291e-04 2.35586292e-04 2.38374884e-04 2.40913439e-04 2.43193114e-04 2.45205908e-04 2.46944708e-04 2.48403333e-04 2.49576573e-04 2.50460219e-04 2.51051093e-04 2.51347065e-04 2.51347065e-04 2.51051093e-04 2.50460219e-04 2.49576573e-04 2.48403333e-04 2.46944708e-04 2.45205908e-04 2.43193114e-04 2.40913439e-04 2.38374884e-04 2.35586292e-04 2.32557291e-04 2.29298241e-04 2.25820168e-04 2.22134705e-04 2.18254021e-04 2.14190756e-04 2.09957946e-04 2.05568959e-04 2.01037417e-04 1.96377126e-04 1.91602010e-04 1.86726035e-04 1.81763146e-04 1.76727203e-04 1.71631911e-04 1.66490767e-04 1.61317002e-04 1.56123525e-04 1.50922877e-04 1.45727183e-04 1.40548115e-04 1.35396850e-04 1.30284044e-04 1.25219799e-04 1.20213641e-04
1.39602032e-06 1.60593284e-06 1.83781479e-06 2.09340651e-06 2.37454344e-06 2.68315763e-06 3.02127888e-06 3.39103553e-06 3.79465472e-06 4.23446224e-06 4.71288180e-06 5.23243370e-06 5.79573285e-06 6.40548618e-06 7.06448920e-06 7.77562185e-06 8.54184350e-06 9.36618705e-06 1.02517521e-05 1.12016972e-05 1.22192311e-05 1.33076029e-05 1.44700910e-05 1.57099914e-05 1.70306044e-05 1.84352207e-05 1.99271056e-05 2.15094828e-05 2.31855172e-05 2.49582956e-05 2.68308075e-05 2.88059244e-05 3.08863782e-05 3.30747384e-05 3.53733895e-05 3.77845064e-05 4.03100304e-05 4.29516439e-05 4.57107455e-05 4.85884240e-05 5.15854336e-05 5.47021680e-05 5.79386362e-05 6.12944372e-05 6.47687375e-05 6.83602477e-05 7.20672013e-05 7.58873350e-05 7.98178702e-05 8.38554967e-05 8.79963586e-05 9.22360422e-05 9.65695672e-05 1.00991380e-04 1.05495350e-04 1.10074772e-04 1.14722364e-04 1.19430281e-04 1.24190120e-04 1.28992938e-04 1.33829268e-04 1.38689144e-04 1.43562125e-04 1.48437326e-04 1.53303452e-04 1.58148838e-04 1.62961491e-04 1.67729130e-04 1.72439245e-04 1.77079139e-04 1.81635990e-04 1.86096905e-04 1.90448982e-04 1.94679371e-04 1.98775338e-04 2.02724325e-04 2.06514022e-04 2.10132428e-04 2.13567913e-04 2.16809287e-04 2.19845859e-04 2.22667499e-04 2.25264694e-04 2.27628605e-04 2.29751118e-04 2.31624893e-04 2.33243406e-04 2.34600989e-04 2.35692866e-04 2.36515180e-04 2.37065017e-04 2.37340426e-04 2.37340426e-04 2.37065017e-04 2.36515180e-04 2.35692866e-04 2.34600989e-04 2.33243406e-04 2.31624893e-04 2.29751118e-04 2.27628605e-04 2.25264694e-04 2.22667499e-04 2.19845859e-04 2.16809287e-04 2.13567913e-04 2.10132428e-04 2.06514022e-04 2.02724325e-04 1.98775338e-04 1.94679371e-04 1.90448982e-04 1.86096905e-04 1.81635990e-04 1.77079139e-04 1.72439245e-04 1.67729130e-04 1.62961491e-04 1.58148838e-04 1.53303452e-04 1.48437326e-04 1.43562125e-04 1.38689144e-04 1.33829268e-04 1.28992938e-04 1.24190120e-04 1.19430281e-04 1.14722364e-04
1.48193106e-06 1.69202780e-06 1.92353499e-06 2.17811498e-06 2.45751871e-06 2.76358684e-06 3.09825070e-06 3.46353275e-06 3.86154659e-06 4.29449655e-06 4.76467674e-06 5.27446954e-06 5.82634347e-06 6.42285041e-06 7.06662213e-06 7.76036610e-06 8.50686043e-06 9.30894812e-06 1.01695303e-05 1.10915587e-05 1.20780271e-05 1.31319619e-05 1.42564115e-05 1.54544351e-05 1.67290899e-05 1.80834181e-05 1.95204317e-05 2.10430974e-05 2.26543202e-05 2.43569255e-05 2.61536409e-05 2.80470771e-05 3.00397073e-05 3.21338467e-05 3.43316310e-05 3.66349938e-05 3.90456445e-05 4.15650450e-05 4.41943868e-05 4.69345673e-05 4.97861670e-05 5.27494262e-05 5.58242225e-05 5.90100488e-05 6.23059923e-05 6.57107135e-05 6.92224279e-05 7.28388881e-05 7.65573672e-05 8.03746454e-05 8.42869968e-05 8.82901800e-05 9.23794304e-05 9.65494550e-05 1.00794431e-04 1.05108004e-04 1.09483297e-04 1.13912914e-04 1.18388949e-04 1.22903005e-04 1.27446208e-04 1.32009232e-04 1.36582319e-04 1.41155312e-04 1.45717684e-04 1.50258577e-04 1.54766837e-04 1.59231060e-04 1.63639635e-04 1.67980793e-04 1.72242659e-04 1.76413300e-04 1.80480786e-04 1.84433243e-04 1.88258911e-04 1.91946205e-04 1.95483772e-04 1.98860548e-04 2.02065824e-04 2.05089294e-04 2.07921121e-04 2.10551986e-04 2.12973141e-04 2.15176461e-04 2.17154490e-04 2.18900485e-04 2.20408455e-04 2.21673195e-04 2.22690320e-04 2.23456290e-04 2.23968431e-04 2.24224951e-04 2.24224951e-04 2.23968431e-04 2.23456290e-04 2.22690320e-04 2.21673195e-04 2.20408455e-04 2.18900485e-04 2.17154490e-04 2.15176461e-04 2.12973141e-04 2.10551986e-04 2.07921121e-04 2.05089294e-04 2.02065824e-04 1.98860548e-04 1.95483772e-04 1.91946205e-04 1.88258911e-04 1.84433243e-04 1.80480786e-04 1.76413300e-04 1.72242659e-04 1.67980793e-04 1.63639635e-04 1.59231060e-04 1.54766837e-04 1.50258577e-04 1.45717684e-04 1.41155312e-04 1.36582319e-04 1.32009232e-04 1.27446208e-04 1.22903005e-04 1.18388949e-04 1.13912914e-04 1.09483297e-04
1.55521811e-06 1.76483687e-06 1.99529566e-06 2.24818158e-06 2.52516418e-06 2.82799641e-06 3.15851526e-06 3.51864193e-06 3.91038172e-06 4.33582333e-06 4.79713779e-06 5.29657670e-06 5.83647005e-06 6.41922333e-06 7.04731399e-06 7.72328722e-06 8.44975101e-06 9.22937035e-06 1.00648608e-05 1.09589809e-05 1.19145244e-05 1.29343104e-05 1.40211740e-05 1.51779550e-05 1.64074861e-05 1.77125801e-05 1.90960160e-05 2.05605246e-05 2.21087727e-05 2.37433470e-05 2.54667364e-05 2.72813144e-05 2.91893202e-05 3.11928390e-05 3.32937825e-05 3.54938683e-05 3.77945987e-05 4.01972399e-05 4.27028006e-05 4.53120108e-05 4.80253001e-05 5.08427776e-05 5.37642105e-05 5.67890049e-05 5.99161861e-05 6.31443810e-05 6.64718004e-05 6.98962238e-05 7.34149850e-05 7.70249596e-05 8.07225545e-05 8.45036994e-05 8.83638406e-05 9.22979373e-05 9.63004603e-05 1.00365394e-04 1.04486239e-04 1.08656024e-04 1.12867312e-04 1.17112215e-04 1.21382413e-04 1.25669173e-04 1.29963373e-04 1.34255528e-04 1.38535822e-04 1.42794138e-04 1.47020099e-04 1.51203103e-04 1.55332368e-04 1.59396972e-04 1.63385905e-04 1.67288116e-04 1.71092559e-04 1.74788251e-04 1.78364323e-04 1.81810070e-04 1.85115011e-04 1.88268938e-04 1.91261972e-04 1.94084614e-04 1.96727799e-04 1.99182943e-04 2.01441992e-04 2.03497468e-04 2.05342510e-04 2.06970915e-04 2.08377173e-04 2.09556500e-04 2.10504863e-04 2.11219008e-04 2.11696478e-04 2.11935626e-04 2.11935626e-04 2.11696478e-04 2.11219008e-04 2.10504863e-04 2.09556500e-04 2.08377173e-04 2.06970915e-04 2.05342510e-04 2.03497468e-04 2.01441992e-04 1.99182943e-04 1.96727799e-04 1.94084614e-04 1.91261972e-04 1.88268938e-04 1.85115011e-04 1.81810070e-04 1.78364323e-04 1.74788251e-04 1.71092559e-04 1.67288116e-04 1.63385905e-04 1.59396972e-04 1.55332368e-04 1.51203103e-04 1.47020099e-04 1.42794138e-04 1.38535822e-04 1.34255528e-04 1.29963373e-04 1.25669173e-04 1.21382413e-04 1.17112215e-04 1.12867312e-04 1.08656024e-04 1.04486239e-04
1.61697849e-06 1.82553425e-06 2.05435207e-06 2.30494656e-06 2.57890906e-06 2.87790840e-06 3.20369128e-06 3.55808225e-06 3.94298339e-06 4.36037345e-06 4.81230660e-06 5.30091059e-06 5.82838443e-06 6.39699546e-06 7.00907575e-06 7.66701794e-06 8.37327034e-06 9.13033127e-06 9.94074268e-06 1.08070831e-05 1.17319595e-05 1.27179987e-05 1.37678377e-05 1.48841132e-05 1.60694503e-05 1.73264503e-05 1.86576779e-05 2.00656472e-05 2.15528071e-05 2.31215257e-05 2.47740747e-05 2.65126119e-05 2.83391643e-05 3.02556097e-05 3.22636582e-05 3.43648335e-05 3.65604533e-05 3.88516102e-05 4.12391519e-05 4.37236616e-05 4.63054389e-05 4.89844805e-05 5.17604617e-05 5.46327181e-05 5.76002290e-05 6.06616002e-05 6.38150496e-05 6.70583926e-05 7.03890299e-05 7.38039367e-05 7.72996535e-05 8.08722788e-05 8.45174644e-05 8.82304123e-05 9.20058746e-05 9.58381559e-05 9.97211176e-05 1.03648186e-04 1.07612363e-04 1.11606239e-04 1.15622009e-04 1.19651493e-04 1.23686158e-04 1.27717142e-04 1.31735285e-04 1.35731156e-04 1.39695092e-04 1.43617230e-04 1.47487545e-04 1.51295898e-04 1.55032070e-04 1.58685813e-04 1.62246893e-04 1.65705141e-04 1.69050497e-04 1.72273063e-04 1.75363149e-04 1.78311326e-04 1.81108472e-04 1.83745819e-04 1.86215005e-04 1.88508112e-04 1.90617717e-04 1.92536927e-04 1.94259422e-04 1.95779489e-04 1.97092052e-04 1.98192706e-04 1.99077742e-04 1.99744162e-04 2.00189706e-04 2.00412858e-04 2.00412858e-04 2.00189706e-04 1.99744162e-04 1.99077742e-04 1.98192706e-04 1.97092052e-04 1.95779489e-04 1.94259422e-04 1.92536927e-04 1.90617717e-04 1.88508112e-04 1.86215005e-04 1.83745819e-04 1.81108472e-04 1.78311326e-04 1.75363149e-04 1.72273063e-04 1.69050497e-04 1.65705141e-04 1.62246893e-04 1.58685813e-04 1.55032070e-04 1.51295898e-04 1.47487545e-04 1.43617230e-04 1.39695092e-04 1.35731156e-04 1.31735285e-04 1.27717142e-04 1.23686158e-04 1.19651493e-04 1.15622009e-04 1.11606239e-04 1.07612363e-04 1.03648186e-04 9.97211176e-05
1.66823077e-06 1.87520886e-06 2.10186691e-06 2.34964980e-06 2.62007382e-06 2.91472724e-06 3.23527044e-06 3.58343580e-06 3.96102713e-06 4.36991870e-06 4.81205387e-06 5.28944314e-06 5.80416176e-06 6.35834675e-06 6.95419337e-06 7.59395087e-06 8.27991778e-06 9.01443632e-06 9.79988626e-06 1.06386780e-05 1.15332448e-05 1.24860347e-05 1.34995008e-05 1.45760918e-05 1.57182410e-05 1.69283547e-05 1.82088004e-05 1.95618931e-05 2.09898819e-05 2.24949356e-05 2.40791276e-05 2.57444198e-05 2.74926469e-05 2.93254992e-05 3.12445056e-05 3.32510160e-05 3.53461835e-05 3.75309468e-05 3.98060115e-05 4.21718331e-05 4.46285985e-05 4.71762093e-05 4.98142644e-05 5.25420437e-05 5.53584928e-05 5.82622083e-05 6.12514239e-05 6.43239984e-05 6.74774045e-05 7.07087190e-05 7.40146158e-05 7.73913590e-05 8.08347996e-05 8.43403733e-05 8.79031007e-05 9.15175903e-05 9.51780437e-05 9.88782627e-05 1.02611660e-04 1.06371274e-04 1.10149779e-04 1.13939510e-04 1.17732481e-04 1.21520408e-04 1.25294737e-04 1.29046670e-04 1.32767203e-04 1.36447150e-04 1.40077190e-04 1.43647893e-04 1.47149772e-04 1.50573313e-04 1.53909025e-04 1.57147482e-04 1.60279366e-04 1.63295511e-04 1.66186954e-04 1.68944971e-04 1.71561131e-04 1.74027333e-04 1.76335852e-04 1.78479379e-04 1.80451060e-04 1.82244537e-04 1.83853979e-04 1.85274116e-04 1.86500271e-04 1.87528381e-04 1.88355027e-04 1.88977447e-04 1.89393559e-04 1.89601965e-04 1.89601965e-04 1.89393559e-04 1.88977447e-04 1.88355027e-04 1.87528381e-04 1.86500271e-04 1.85274116e-04 1.83853979e-04 1.82244537e-04 1.80451060e-04 1.78479379e-04 1.76335852e-04 1.74027333e-04 1.71561131e-04 1.68944971e-04 1.66186954e-04 1.63295511e-04 1.60279366e-04 1.57147482e-04 1.53909025e-04 1.50573313e-04 1.47149772e-04 1.43647893e-04 1.40077190e-04 1.36447150e-04 1.32767203e-04 1.29046670e-04 1.25294737e-04 1.21520408e-04 1.17732481e-04 1.13939510e-04 1.10149779e-04 1.06371274e-04 1.02611660e-04 9.88782627e-05 9.51780437e-05
1.70991966e-06 1.91486944e-06 2.13891594e-06 2.38343705e-06 2.64987714e-06 2.93974738e-06 3.25462576e-06 3.59615681e-06 3.96605086e-06 4.36608301e-06 4.79809158e-06 5.26397616e-06 5.76569513e-06 6.30526269e-06 6.88474529e-06 7.50625755e-06 8.17195750e-06 8.88404126e-06 9.64473703e-06 1.04562984e-05 1.13209970e-05 1.22411143e-05 1.32189333e-05 1.42567284e-05 1.53567557e-05 1.65212417e-05 1.77523722e-05 1.90522795e-05 2.04230299e-05 2.18666097e-05 2.33849117e-05 2.49797198e-05 2.66526943e-05 2.84053561e-05 3.02390712e-05 3.21550337e-05 3.41542500e-05 3.62375221e-05 3.84054313e-05 4.06583212e-05 4.29962821e-05 4.54191349e-05 4.79264159e-05 5.05173616e-05 5.31908953e-05 5.59456132e-05 5.87797728e-05 6.16912818e-05 6.46776882e-05 6.77361719e-05 7.08635388e-05 7.40562148e-05 7.73102434e-05 8.06212842e-05 8.39846139e-05 8.73951294e-05 9.08473530e-05 9.43354401e-05 9.78531894e-05 1.01394055e-04 1.04951163e-04 1.08517325e-04 1.12085063e-04 1.15646630e-04 1.19194030e-04 1.22719055e-04 1.26213303e-04 1.29668218e-04 1.33075120e-04 1.36425237e-04 1.39709749e-04 1.42919819e-04 1.46046634e-04 1.49081450e-04 1.52015625e-04 1.54840667e-04 1.57548270e-04 1.60130361e-04 1.62579134e-04 1.64887096e-04 1.67047104e-04 1.69052402e-04 1.70896656e-04 1.72573992e-04 1.74079026e-04 1.75406891e-04 1.76553268e-04 1.77514410e-04 1.78287160e-04 1.78868970e-04 1.79257917e-04 1.79452714e-04 1.79452714e-04 1.79257917e-04 1.78868970e-04 1.78287160e-04 1.77514410e-04 1.76553268e-04 1.75406891e-04 1.74079026e-04 1.72573992e-04 1.70896656e-04 1.69052402e-04 1.67047104e-04 1.64887096e-04 1.62579134e-04 1.60130361e-04 1.57548270e-04 1.54840667e-04 1.52015625e-04 1.49081450e-04 1.46046634e-04 1.42919819e-04 1.39709749e-04 1.36425237e-04 1.33075120e-04 1.29668218e-04 1.26213303e-04 1.22719055e-04 1.19194030e-04 1.15646630e-04 1.12085063e-04 1.08517325e-04 1.04951163e-04 1.01394055e-04 9.78531894e-05 9.43354401e-05 9.08473530e-05
1.74292037e-06 1.94544942e-06 2.16649340e-06 2.40736593e-06 2.66944248e-06 2.95416058e-06 3.26301961e-06 3.59758045e-06 3.95946460e-06 4.35035304e-06 4.77198463e-06 5.22615409e-06 5.71470949e-06 6.23954929e-06 6.80261880e-06 7.40590616e-06 8.05143775e-06 8.74127292e-06 9.47749826e-06 1.02622211e-05 1.10975626e-05 1.19856496e-05 1.29286070e-05 1.39285480e-05 1.49875648e-05 1.61077182e-05 1.72910268e-05 1.85394551e-05 1.98549017e-05 2.12391865e-05 2.26940371e-05 2.42210759e-05 2.58218051e-05 2.74975928e-05 2.92496580e-05 3.10790555e-05 3.29866610e-05 3.49731557e-05 3.70390109e-05 3.91844735e-05 4.14095507e-05 4.37139959e-05 4.60972942e-05 4.85586498e-05 5.10969725e-05 5.37108663e-05 5.63986185e-05 5.91581900e-05 6.19872063e-05 6.48829510e-05 6.78423596e-05 7.08620156e-05 7.39381479e-05 7.70666306e-05 8.02429839e-05 8.34623780e-05 8.67196378e-05 9.00092513e-05 9.33253787e-05 9.66618649e-05 1.00012254e-04 1.03369804e-04 1.06727508e-04 1.10078116e-04 1.13414153e-04 1.16727949e-04 1.20011666e-04 1.23257324e-04 1.26456834e-04 1.29602032e-04 1.32684708e-04 1.35696646e-04 1.38629659e-04 1.41475624e-04 1.44226520e-04 1.46874470e-04 1.49411772e-04 1.51830942e-04 1.54124751e-04 1.56286259e-04 1.58308853e-04 1.60186281e-04 1.61912684e-04 1.63482629e-04 1.64891136e-04 1.66133708e-04 1.67206353e-04 1.68105608e-04 1.68828555e-04 1.69372842e-04 1.69736692e-04 1.69918916e-04 1.69918916e-04 1.69736692e-04 1.69372842e-04 1.68828555e-04 1.68105608e-04 1.67206353e-04 1.66133708e-04 1.64891136e-04 1.63482629e-04 1.61912684e-04 1.60186281e-04 1.58308853e-04 1.56286259e-04 1.54124751e-04 1.51830942e-04 1.49411772e-04 1.46874470e-04 1.44226520e-04 1.41475624e-04 1.38629659e-04 1.35696646e-04 1.32684708e-04 1.29602032e-04 1.26456834e-04 1.23257324e-04 1.20011666e-04 1.16727949e-04 1.13414153e-04 1.10078116e-04 1.06727508e-04 1.03369804e-04 1.00012254e-04 9.66618649e-05 9.33253787e-05 9.00092513e-05 8.67196378e-05
1.76804293e-06 1.96781167e-06 2.18551722e-06 2.42241162e-06 2.67980444e-06 2.95906286e-06 3.26161137e-06 3.58893124e-06 3.94255960e-06 4.32408821e-06 4.73516177e-06 5.17747588e-06 5.65277455e-06 6.16284720e-06 6.70952526e-06 7.29467813e-06 7.92020876e-06 8.58804856e-06 9.30015182e-06 1.00584895e-05 1.08650425e-05 1.17217943e-05 1.26307229e-05 1.35937922e-05 1.46129430e-05 1.56900834e-05 1.68270778e-05 1.80257368e-05 1.92878053e-05 2.06149508e-05 2.20087508e-05 2.34706804e-05 2.50020987e-05 2.66042356e-05 2.82781780e-05 3.00248561e-05 3.18450289e-05 3.37392706e-05 3.57079564e-05 3.77512492e-05 3.98690850e-05 4.20611609e-05 4.43269214e-05 4.66655470e-05 4.90759423e-05 5.15567253e-05 5.41062180e-05 5.67224377e-05 5.94030892e-05 6.21455586e-05 6.49469087e-05 6.78038757e-05 7.07128669e-05 7.36699612e-05 7.66709104e-05 7.97111433e-05 8.27857704e-05 8.58895921e-05 8.90171078e-05 9.21625276e-05 9.53197856e-05 9.84825562e-05 1.01644271e-04 1.04798139e-04 1.07937169e-04 1.11054192e-04 1.14141885e-04 1.17192803e-04 1.20199404e-04 1.23154078e-04 1.26049183e-04 1.28877070e-04 1.31630126e-04 1.34300799e-04 1.36881640e-04 1.39365330e-04 1.41744724e-04 1.44012877e-04 1.46163085e-04 1.48188914e-04 1.50084236e-04 1.51843259e-04 1.53460557e-04 1.54931099e-04 1.56250276e-04 1.57413926e-04 1.58418355e-04 1.59260358e-04 1.59937238e-04 1.60446819e-04 1.60787456e-04 1.60958051e-04 1.60958051e-04 1.60787456e-04 1.60446819e-04 1.59937238e-04 1.59260358e-04 1.58418355e-04 1.57413926e-04 1.56250276e-04 1.54931099e-04 1.53460557e-04 1.51843259e-04 1.50084236e-04 1.48188914e-04 1.46163085e-04 1.44012877e-04 1.41744724e-04 1.39365330e-04 1.36881640e-04 1.34300799e-04 1.31630126e-04 1.28877070e-04 1.26049183e-04 1.23154078e-04 1.20199404e-04 1.17192803e-04 1.14141885e-04 1.11054192e-04 1.07937169e-04 1.04798139e-04 1.01644271e-04 9.84825562e-05 9.53197856e-05 9.21625276e-05 8.90171078e-05 8.58895921e-05 8.27857704e-05
1.78603621e-06 1.98275296e-06 2.19683399e-06 2.42947237e-06 2.68191471e-06 2.95546107e-06 3.25146461e-06 3.57133091e-06 3.91651702e-06 4.28853011e-06 4.68892582e-06 5.11930613e-06 5.58131689e-06 6.07664488e-06 6.60701441e-06 7.17418347e-06 7.77993934e-06 8.42609373e-06 9.11447735e-06 9.84693401e-06 1.06253141e-05 1.14514676e-05 1.23272364e-05 1.32544463e-05 1.42348981e-05 1.52703587e-05 1.63625510e-05 1.75131439e-05 1.87237416e-05 1.99958721e-05 2.13309762e-05 2.27303948e-05 2.41953575e-05 2.57269694e-05 2.73261985e-05 2.89938632e-05 3.07306189e-05 3.25369451e-05 3.44131330e-05 3.63592723e-05 3.83752390e-05 4.04606833e-05 4.26150181e-05 4.48374081e-05 4.71267590e-05 4.94817082e-05 5.19006165e-05 5.43815595e-05 5.69223219e-05 5.95203914e-05 6.21729550e-05 6.48768962e-05 6.76287937e-05 7.04249218e-05 7.32612523e-05 7.61334584e-05 7.90369201e-05 8.19667314e-05 8.49177096e-05 8.78844065e-05 9.08611208e-05 9.38419136e-05 9.68206246e-05 9.97908911e-05 1.02746168e-04 1.05679749e-04 1.08584792e-04 1.11454344e-04 1.14281366e-04 1.17058761e-04 1.19779407e-04 1.22436181e-04 1.25021994e-04 1.27529822e-04 1.29952735e-04 1.32283933e-04 1.34516776e-04 1.36644815e-04 1.38661826e-04 1.40561840e-04 1.42339171e-04 1.43988448e-04 1.45504640e-04 1.46883083e-04 1.48119508e-04 1.49210058e-04 1.50151310e-04 1.50940298e-04 1.51574523e-04 1.52051969e-04 1.52371116e-04 1.52530945e-04 1.52530945e-04 1.52371116e-04 1.52051969e-04 1.51574523e-04 1.50940298e-04 1.50151310e-04 1.49210058e-04 1.48119508e-04 1.46883083e-04 1.45504640e-04 1.43988448e-04 1.42339171e-04 1.40561840e-04 1.38661826e-04 1.36644815e-04 1.34516776e-04 1.32283933e-04 1.29952735e-04 1.27529822e-04 1.25021994e-04 1.22436181e-04 1.19779407e-04 1.17058761e-04 1.14281366e-04 1.11454344e-04 1.08584792e-04 1.05679749e-04 1.02746168e-04 9.97908911e-05 9.68206246e-05 9.38419136e-05 9.08611208e-05 8.78844065e-05 8.49177096e-05 8.19667314e-05 7.90369201e-05
1.79759187e-06 1.99100827e-06 2.20122364e-06 2.42937466e-06 2.67664781e-06 2.94427915e-06 3.23355395e-06 3.54580587e-06 3.88241598e-06 4.24481135e-06 4.63446335e-06 5.05288558e-06 5.50163135e-06 5.98229079e-06 6.49648757e-06 7.04587510e-06 7.63213228e-06 8.25695883e-06 8.92207007e-06 9.62919120e-06 1.03800511e-05 1.11763758e-05 1.20198809e-05 1.29122640e-05 1.38551968e-05 1.48503158e-05 1.58992136e-05 1.70034290e-05 1.81644371e-05 1.93836384e-05 2.06623488e-05 2.20017876e-05 2.34030666e-05 2.48671782e-05 2.63949836e-05 2.79872011e-05 2.96443939e-05 3.13669579e-05 3.31551107e-05 3.50088789e-05 3.69280877e-05 3.89123493e-05 4.09610522e-05 4.30733520e-05 4.52481611e-05 4.74841408e-05 4.97796930e-05 5.21329538e-05 5.45417873e-05 5.70037814e-05 5.95162436e-05 6.20761996e-05 6.46803922e-05 6.73252820e-05 7.00070494e-05 7.27215990e-05 7.54645644e-05 7.82313159e-05 8.10169687e-05 8.38163942e-05 8.66242317e-05 8.94349027e-05 9.22426267e-05 9.50414385e-05 9.78252072e-05 1.00587657e-04 1.03322388e-04 1.06022903e-04 1.08682627e-04 1.11294939e-04 1.13853194e-04 1.16350752e-04 1.18781010e-04 1.21137425e-04 1.23413549e-04 1.25603055e-04 1.27699768e-04 1.29697693e-04 1.31591047e-04 1.33374285e-04 1.35042128e-04 1.36589588e-04 1.38011997e-04 1.39305028e-04 1.40464721e-04 1.41487496e-04 1.42370184e-04 1.43110030e-04 1.43704720e-04 1.44152385e-04 1.44451616e-04 1.44601468e-04 1.44601468e-04 1.44451616e-04 1.44152385e-04 1.43704720e-04 1.43110030e-04 1.42370184e-04 1.41487496e-04 1.40464721e-04 1.39305028e-04 1.38011997e-04 1.36589588e-04 1.35042128e-04 1.33374285e-04 1.31591047e-04 1.29697693e-04 1.27699768e-04 1.25603055e-04 1.23413549e-04 1.21137425e-04 1.18781010e-04 1.16350752e-04 1.13853194e-04 1.11294939e-04 1.08682627e-04 1.06022903e-04 1.03322388e-04 1.00587657e-04 9.78252072e-05 9.50414385e-05 9.22426267e-05 8.94349027e-05 8.66242317e-05 8.38163942e-05 8.10169687e-05 7.82313159e-05 7.54645644e-05
1.80334803e-06 1.99325487e-06 2.19940399e-06 2.42287815e-06 2.66480644e-06 2.92636400e-06 3.20877146e-06 3.51329422e-06 3.84124126e-06 4.19396384e-06 4.57285366e-06 4.97934086e-06 5.41489153e-06 5.88100487e-06 6.37920996e-06 6.91106206e-06 7.47813856e-06 8.08203440e-06 8.72435712e-06 9.40672133e-06 1.01307429e-05 1.08980323e-05 1.17101882e-05 1.25687896e-05 1.34753885e-05 1.44315014e-05 1.54386007e-05 1.64981056e-05 1.76113728e-05 1.87796865e-05 2.00042483e-05 2.12861669e-05 2.26264475e-05 2.40259806e-05 2.54855314e-05 2.70057285e-05 2.85870531e-05 3.02298277e-05 3.19342051e-05 3.37001582e-05 3.55274692e-05 3.74157195e-05 3.93642803e-05 4.13723033e-05 4.34387125e-05 4.55621961e-05 4.77411998e-05 4.99739206e-05 5.22583019e-05 5.45920290e-05 5.69725268e-05 5.93969577e-05 6.18622215e-05 6.43649559e-05 6.69015394e-05 6.94680951e-05 7.20604958e-05 7.46743711e-05 7.73051160e-05 7.99479007e-05 8.25976825e-05 8.52492194e-05 8.78970841e-05 9.05356811e-05 9.31592642e-05 9.57619558e-05 9.83377674e-05 1.00880622e-04 1.03384375e-04 1.05842843e-04 1.08249822e-04 1.10599119e-04 1.12884575e-04 1.15100093e-04 1.17239667e-04 1.19297404e-04 1.21267557e-04 1.23144549e-04 1.24923000e-04 1.26597756e-04 1.28163907e-04 1.29616821e-04 1.30952161e-04 1.32165908e-04 1.33254383e-04 1.34214266e-04 1.35042610e-04 1.35736864e-04 1.36294876e-04 1.36714914e-04 1.36995670e-04 1.37136268e-04 1.37136268e-04 1.36995670e-04 1.36714914e-04 1.36294876e-04 1.35736864e-04 1.35042610e-04 1.34214266e-04 1.33254383e-04 1.32165908e-04 1.30952161e-04 1.29616821e-04 1.28163907e-04 1.26597756e-04 1.24923000e-04 1.23144549e-04 1.21267557e-04 1.19297404e-04 1.17239667e-04 1.15100093e-04 1.12884575e-04 1.10599119e-04 1.08249822e-04 1.05842843e-04 1.03384375e-04 1.00880622e-04 9.83377674e-05 9.57619558e-05 9.31592642e-05 9.05356811e-05 8.78970841e-05 8.52492194e-05 8.25976825e-05 7.99479007e-05 7.73051160e-05 7.46743711e-05 7.20604958e-05
1.80389288e-06 1.99011623e-06 2.19203495e-06 2.41068029e-06 2.64712662e-06 2.90249102e-06 3.17793274e-06 3.47465231e-06 3.79389044e-06 4.13692657e-06 4.50507715e-06 4.89969355e-06 5.32215966e-06 5.77388911e-06 6.25632208e-06 6.77092180e-06 7.31917051e-06 7.90256519e-06 8.52261265e-06 9.18082441e-06 9.87871098e-06 1.06177758e-05 1.13995086e-05 1.22253787e-05 1.30968274e-05 1.40152604e-05 1.49820393e-05 1.59984735e-05 1.70658112e-05 1.81852298e-05 1.93578270e-05 2.05846109e-05 2.18664897e-05 2.32042621e-05 2.45986069e-05 2.60500725e-05 2.75590673e-05 2.91258487e-05 3.07505138e-05 3.24329890e-05 3.41730207e-05 3.59701662e-05 3.78237846e-05 3.97330289e-05 4.16968380e-05 4.37139301e-05 4.57827959e-05 4.79016940e-05 5.00686457e-05 5.22814318e-05 5.45375903e-05 5.68344150e-05 5.91689556e-05 6.15380185e-05 6.39381699e-05 6.63657392e-05 6.88168245e-05 7.12872994e-05 7.37728208e-05 7.62688390e-05 7.87706086e-05 8.12732009e-05 8.37715180e-05 8.62603083e-05 8.87341830e-05 9.11876341e-05 9.36150538e-05 9.60107548e-05 9.83689914e-05 1.00683982e-04 1.02949933e-04 1.05161062e-04 1.07311621e-04 1.09395923e-04 1.11408367e-04 1.13343463e-04 1.15195856e-04 1.16960352e-04 1.18631944e-04 1.20205833e-04 1.21677454e-04 1.23042497e-04 1.24296928e-04 1.25437012e-04 1.26459329e-04 1.27360793e-04 1.28138668e-04 1.28790581e-04 1.29314536e-04 1.29708921e-04 1.29972524e-04 1.30104529e-04 1.30104529e-04 1.29972524e-04 1.29708921e-04 1.29314536e-04 1.28790581e-04 1.28138668e-04 1.27360793e-04 1.26459329e-04 1.25437012e-04 1.24296928e-04 1.23042497e-04 1.21677454e-04 1.20205833e-04 1.18631944e-04 1.16960352e-04 1.15195856e-04 1.13343463e-04 1.11408367e-04 1.09395923e-04 1.07311621e-04 1.05161062e-04 1.02949933e-04 1.00683982e-04 9.83689914e-05 9.60107548e-05 9.36150538e-05 9.11876341e-05 8.87341830e-05 8.62603083e-05 8.37715180e-05 8.12732009e-05 7.87706086e-05 7.62688390e-05 7.37728208e-05 7.12872994e-05 6.88168245e-05
1.79976797e-06 1.98216570e-06 2.17972261e-06 2.39342079e-06 2.62428243e-06 2.87336940e-06 3.14178258e-06 3.43066098e-06 3.74118058e-06 4.07455289e-06 4.43202324e-06 4.81486869e-06 5.22439569e-06 5.66193734e-06 6.12885034e-06 6.62651151e-06 7.15631401e-06 7.71966313e-06 8.31797166e-06 8.95265494e-06 9.62512540e-06 1.03367868e-05 1.10890281e-05 1.18832167e-05 1.27206916e-05 1.36027562e-05 1.45306701e-05 1.55056417e-05 1.65288194e-05 1.76012834e-05 1.87240363e-05 1.98979943e-05 2.11239783e-05 2.24027037e-05 2.37347715e-05 2.51206588e-05 2.65607090e-05 2.80551225e-05 2.96039477e-05 3.12070716e-05 3.28642110e-05 3.45749046e-05 3.63385044e-05 3.81541684e-05 4.00208538e-05 4.19373105e-05 4.39020757e-05 4.59134690e-05 4.79695884e-05 5.00683076e-05 5.22072738e-05 5.43839067e-05 5.65953991e-05 5.88387179e-05 6.11106067e-05 6.34075901e-05 6.57259783e-05 6.80618742e-05 7.04111806e-05 7.27696099e-05 7.51326944e-05 7.74957981e-05 7.98541300e-05 8.22027585e-05 8.45366271e-05 8.68505712e-05 8.91393358e-05 9.13975952e-05 9.36199720e-05 9.58010586e-05 9.79354385e-05 1.00017708e-04 1.02042500e-04 1.04004506e-04 1.05898498e-04 1.07719356e-04 1.09462088e-04 1.11121851e-04 1.12693981e-04 1.14174007e-04 1.15557678e-04 1.16840982e-04 1.18020164e-04 1.19091749e-04 1.20052554e-04 1.20899709e-04 1.21630669e-04 1.22243228e-04 1.22735528e-04 1.23106074e-04 1.23353734e-04 1.23477755e-04 1.23477755e-04 1.23353734e-04 1.23106074e-04 1.22735528e-04 1.22243228e-04 1.21630669e-04 1.20899709e-04 1.20052554e-04 1.19091749e-04 1.18020164e-04 1.16840982e-04 1.15557678e-04 1.14174007e-04 1.12693981e-04 1.11121851e-04 1.09462088e-04 1.07719356e-04 1.05898498e-04 1.04004506e-04 1.02042500e-04 1.00017708e-04 9.79354385e-05 9.58010586e-05 9.36199720e-05 9.13975952e-05 8.91393358e-05 8.68505712e-05 8.45366271e-05 8.22027585e-05 7.98541300e-05 7.74957981e-05 7.51326944e-05 7.27696099e-05 7.04111806e-05 6.80618742e-05 6.57259783e-05
1.79147143e-06 1.96992996e-06 2.16302297e-06 2.37168567e-06 2.59689057e-06 2.83964696e-06 3.10100031e-06 3.38203125e-06 3.68385447e-06 4.00761722e-06 4.35449762e-06 4.72570265e-06 5.12246580e-06 5.54604441e-06 5.99771673e-06 6.47877856e-06 6.99053959e-06 7.53431933e-06 8.11144275e-06 8.72323545e-06 9.37101856e-06 1.00561032e-05 1.07797846e-05 1.15433359e-05 1.23480014e-05 1.31949899e-05 1.40854672e-05 1.50205487e-05 1.60012915e-05 1.70286863e-05 1.81036491e-05 1.92270129e-05 2.03995188e-05 2.16218072e-05 2.28944095e-05 2.42177384e-05 2.55920802e-05 2.70175851e-05 2.84942592e-05 3.00219560e-05 3.16003686e-05 3.32290216e-05 3.49072639e-05 3.66342621e-05 3.84089940e-05 4.02302430e-05 4.20965929e-05 4.40064242e-05 4.59579100e-05 4.79490138e-05 4.99774882e-05 5.20408735e-05 5.41364988e-05 5.62614833e-05 5.84127390e-05 6.05869745e-05 6.27807000e-05 6.49902338e-05 6.72117094e-05 6.94410848e-05 7.16741518e-05 7.39065479e-05 7.61337681e-05 7.83511790e-05 8.05540331e-05 8.27374846e-05 8.48966067e-05 8.70264085e-05 8.91218542e-05 9.11778820e-05 9.31894248e-05 9.51514298e-05 9.70588802e-05 9.89068165e-05 1.00690358e-04 1.02404723e-04 1.04045253e-04 1.05607433e-04 1.07086910e-04 1.08479519e-04 1.09781295e-04 1.10988501e-04 1.12097640e-04 1.13105472e-04 1.14009036e-04 1.14805659e-04 1.15492971e-04 1.16068919e-04 1.16531774e-04 1.16880145e-04 1.17112978e-04 1.17229571e-04 1.17229571e-04 1.17112978e-04 1.16880145e-04 1.16531774e-04 1.16068919e-04 1.15492971e-04 1.14805659e-04 1.14009036e-04 1.13105472e-04 1.12097640e-04 1.10988501e-04 1.09781295e-04 1.08479519e-04 1.07086910e-04 1.05607433e-04 1.04045253e-04 1.02404723e-04 1.00690358e-04 9.89068165e-05 9.70588802e-05 9.51514298e-05 9.31894248e-05 9.11778820e-05 8.91218542e-05 8.70264085e-05 8.48966067e-05 8.27374846e-05 8.05540331e-05 7.83511790e-05 7.61337681e-05 7.39065479e-05 7.16741518e-05 6.94410848e-05 6.72117094e-05 6.49902338e-05 6.27807000e-05
1.77946098e-06 1.95389232e-06 2.14244558e-06 2.34601126e-06 2.56551454e-06 2.80191477e-06 3.05620475e-06 3.32940978e-06 3.62258649e-06 3.93682136e-06 4.27322905e-06 4.63295042e-06 5.01715021e-06 5.42701454e-06 5.86374794e-06 6.32857019e-06 6.82271278e-06 7.34741500e-06 7.90391974e-06 8.49346892e-06 9.11729862e-06 9.77663378e-06 1.04726827e-05 1.12066309e-05 1.19796353e-05 1.27928174e-05 1.36472562e-05 1.45439817e-05 1.54839672e-05 1.64681215e-05 1.74972817e-05 1.85722046e-05 1.96935593e-05 2.08619185e-05 2.20777507e-05 2.33414116e-05 2.46531363e-05 2.60130313e-05 2.74210662e-05 2.88770666e-05 3.03807059e-05 3.19314992e-05 3.35287959e-05 3.51717738e-05 3.68594333e-05 3.85905922e-05 4.03638815e-05 4.21777415e-05 4.40304185e-05 4.59199633e-05 4.78442294e-05 4.98008726e-05 5.17873520e-05 5.38009314e-05 5.58386819e-05 5.78974862e-05 5.99740426e-05 6.20648721e-05 6.41663247e-05 6.62745882e-05 6.83856976e-05 7.04955455e-05 7.25998940e-05 7.46943873e-05 7.67745657e-05 7.88358802e-05 8.08737082e-05 8.28833700e-05 8.48601464e-05 8.67992964e-05 8.86960758e-05 9.05457569e-05 9.23436470e-05 9.40851091e-05 9.57655815e-05 9.73805980e-05 9.89258072e-05 1.00396993e-04 1.01790095e-04 1.03101223e-04 1.04326682e-04 1.05462985e-04 1.06506871e-04 1.07455321e-04 1.08305574e-04 1.09055140e-04 1.09701809e-04 1.10243670e-04 1.10679113e-04 1.11006838e-04 1.11225869e-04 1.11335548e-04 1.11335548e-04 1.11225869e-04 1.11006838e-04 1.10679113e-04 1.10243670e-04 1.09701809e-04 1.09055140e-04 1.08305574e-04 1.07455321e-04 1.06506871e-04 1.05462985e-04 1.04326682e-04 1.03101223e-04 1.01790095e-04 1.00396993e-04 9.89258072e-05 9.73805980e-05 9.57655815e-05 9.40851091e-05 9.23436470e-05 9.05457569e-05 8.86960758e-05 8.67992964e-05 8.48601464e-05 8.28833700e-05 8.08737082e-05 7.88358802e-05 7.67745657e-05 7.46943873e-05 7.25998940e-05 7.04955455e-05 6.83856976e-05 6.62745882e-05 6.41663247e-05 6.20648721e-05 5.99740426e-05
1.76415676e-06 1.93449582e-06 2.11845686e-06 2.31688777e-06 2.53066867e-06 2.76071144e-06 3.00795890e-06 3.27338389e-06 3.55798805e-06 3.86280040e-06 4.18887568e-06 4.53729237e-06 4.90915050e-06 5.30556914e-06 5.72768360e-06 6.17664235e-06 6.65360359e-06 7.15973154e-06 7.69619243e-06 8.26415011e-06 8.86476140e-06 9.49917110e-06 1.01685067e-05 1.08738727e-05 1.16163450e-05 1.23969642e-05 1.32167297e-05 1.40765928e-05 1.49774496e-05 1.59201342e-05 1.69054114e-05 1.79339690e-05 1.90064104e-05 2.01232474e-05 2.12848918e-05 2.24916485e-05 2.37437075e-05 2.50411367e-05 2.63838747e-05 2.77717232e-05 2.92043408e-05 3.06812364e-05 3.22017628e-05 3.37651111e-05 3.53703061e-05 3.70162007e-05 3.87014727e-05 4.04246215e-05 4.21839646e-05 4.39776368e-05 4.58035888e-05 4.76595866e-05 4.95432131e-05 5.14518693e-05 5.33827771e-05 5.53329832e-05 5.72993634e-05 5.92786291e-05 6.12673335e-05 6.32618801e-05 6.52585310e-05 6.72534175e-05 6.92425510e-05 7.12218346e-05 7.31870766e-05 7.51340040e-05 7.70582772e-05 7.89555057e-05 8.08212639e-05 8.26511082e-05 8.44405943e-05 8.61852947e-05 8.78808173e-05 8.95228233e-05 9.11070463e-05 9.26293103e-05 9.40855486e-05 9.54718219e-05 9.67843361e-05 9.80194604e-05 9.91737437e-05 1.00243931e-04 1.01226980e-04 1.02120074e-04 1.02920637e-04 1.03626345e-04 1.04235141e-04 1.04745239e-04 1.05155138e-04 1.05463629e-04 1.05669800e-04 1.05773038e-04 1.05773038e-04 1.05669800e-04 1.05463629e-04 1.05155138e-04 1.04745239e-04 1.04235141e-04 1.03626345e-04 1.02920637e-04 1.02120074e-04 1.01226980e-04 1.00243931e-04 9.91737437e-05 9.80194604e-05 9.67843361e-05 9.54718219e-05 9.40855486e-05 9.26293103e-05 9.11070463e-05 8.95228233e-05 8.78808173e-05 8.61852947e-05 8.44405943e-05 8.26511082e-05 8.08212639e-05 7.89555057e-05 7.70582772e-05 7.51340040e-05 7.31870766e-05 7.12218346e-05 6.92425510e-05 6.72534175e-05 6.52585310e-05 6.32618801e-05 6.12673335e-05 5.92786291e-05 5.72993634e-05
1.74594398e-06 1.91214611e-06 2.09148328e-06 2.28476275e-06 2.49282181e-06 2.71652719e-06 2.95677429e-06 3.21448622e-06 3.49061259e-06 3.78612808e-06 4.10203084e-06 4.43934055e-06 4.79909626e-06 5.18235400e-06 5.59018403e-06 6.02366790e-06 6.48389516e-06 6.97195980e-06 7.48895639e-06 8.03597593e-06 8.61410140e-06 9.22440303e-06 9.86793327e-06 1.05457215e-05 1.12587684e-05 1.20080401e-05 1.27944625e-05 1.36189142e-05 1.44822209e-05 1.53851480e-05 1.63283941e-05 1.73125844e-05 1.83382628e-05 1.94058857e-05 2.05158144e-05 2.16683082e-05 2.28635173e-05 2.41014762e-05 2.53820964e-05 2.67051604e-05 2.80703154e-05 2.94770669e-05 3.09247738e-05 3.24126425e-05 3.39397229e-05 3.55049039e-05 3.71069096e-05 3.87442970e-05 4.04154529e-05 4.21185932e-05 4.38517614e-05 4.56128293e-05 4.73994972e-05 4.92092964e-05 5.10395913e-05 5.28875836e-05 5.47503163e-05 5.66246799e-05 5.85074184e-05 6.03951372e-05 6.22843115e-05 6.41712956e-05 6.60523335e-05 6.79235701e-05 6.97810635e-05 7.16207975e-05 7.34386961e-05 7.52306373e-05 7.69924684e-05 7.87200218e-05 8.04091311e-05 8.20556476e-05 8.36554572e-05 8.52044976e-05 8.66987753e-05 8.81343830e-05 8.95075169e-05 9.08144932e-05 9.20517654e-05 9.32159399e-05 9.43037923e-05 9.53122820e-05 9.62385671e-05 9.70800177e-05 9.78342287e-05 9.84990311e-05 9.90725034e-05 9.95529803e-05 9.99390611e-05 1.00229617e-04 1.00423796e-04 1.00521029e-04 1.00521029e-04 1.00423796e-04 1.00229617e-04 9.99390611e-05 9.95529803e-05 9.90725034e-05 9.84990311e-05 9.78342287e-05 9.70800177e-05 9.62385671e-05 9.53122820e-05 9.43037923e-05 9.32159399e-05 9.20517654e-05 9.08144932e-05 8.95075169e-05 8.81343830e-05 8.66987753e-05 8.52044976e-05 8.36554572e-05 8.20556476e-05 8.04091311e-05 7.87200218e-05 7.69924684e-05 7.52306373e-05 7.34386961e-05 7.16207975e-05 6.97810635e-05 6.79235701e-05 6.60523335e-05 6.41712956e-05 6.22843115e-05 6.03951372e-05 5.85074184e-05 5.66246799e-05 5.47503163e-05
1.72517546e-06 1.88721423e-06 2.06191432e-06 2.25004432e-06 2.45240077e-06 2.66980753e-06 2.90311500e-06 3.15319916e-06 3.42096034e-06 3.70732191e-06 4.01322855e-06 4.33964449e-06 4.68755137e-06 5.05794590e-06 5.45183723e-06 5.87024413e-06 6.31419180e-06 6.78470852e-06 7.28282187e-06 7.80955488e-06 8.36592171e-06 8.95292320e-06 9.57154206e-06 1.02227379e-05 1.09074419e-05 1.16265515e-05 1.23809243e-05 1.31713724e-05 1.39986565e-05 1.48634792e-05 1.57664790e-05 1.67082234e-05 1.76892027e-05 1.87098234e-05 1.97704012e-05 2.08711550e-05 2.20121997e-05 2.31935406e-05 2.44150664e-05 2.56765439e-05 2.69776118e-05 2.83177751e-05 2.96964008e-05 3.11127120e-05 3.25657848e-05 3.40545437e-05 3.55777589e-05 3.71340436e-05 3.87218518e-05 4.03394771e-05 4.19850525e-05 4.36565500e-05 4.53517822e-05 4.70684036e-05 4.88039136e-05 5.05556602e-05 5.23208438e-05 5.40965235e-05 5.58796224e-05 5.76669355e-05 5.94551372e-05 6.12407906e-05 6.30203573e-05 6.47902076e-05 6.65466326e-05 6.82858556e-05 7.00040456e-05 7.16973307e-05 7.33618117e-05 7.49935776e-05 7.65887199e-05 7.81433484e-05 7.96536069e-05 8.11156891e-05 8.25258545e-05 8.38804446e-05 8.51758987e-05 8.64087697e-05 8.75757395e-05 8.86736341e-05 8.96994383e-05 9.06503096e-05 9.15235915e-05 9.23168263e-05 9.30277666e-05 9.36543861e-05 9.41948897e-05 9.46477219e-05 9.50115746e-05 9.52853936e-05 9.54683835e-05 9.55600119e-05 9.55600119e-05 9.54683835e-05 9.52853936e-05 9.50115746e-05 9.46477219e-05 9.41948897e-05 9.36543861e-05 9.30277666e-05 9.23168263e-05 9.15235915e-05 9.06503096e-05 8.96994383e-05 8.86736341e-05 8.75757395e-05 8.64087697e-05 8.51758987e-05 8.38804446e-05 8.25258545e-05 8.11156891e-05 7.96536069e-05 7.81433484e-05 7.65887199e-05 7.49935776e-05 7.33618117e-05 7.16973307e-05 7.00040456e-05 6.82858556e-05 6.65466326e-05 6.47902076e-05 6.30203573e-05 6.12407906e-05 5.94551372e-05 5.76669355e-05 5.58796224e-05 5.40965235e-05 5.23208438e-05
1.70217400e-06 1.86003910e-06 2.03010523e-06 2.21310414e-06 2.40979363e-06 2.62095683e-06 2.84740145e-06 3.08995881e-06 3.34948266e-06 3.62684778e-06 3.92294843e-06 4.23869654e-06 4.57501966e-06 4.93285870e-06 5.31316541e-06 5.71689963e-06 6.14502628e-06 6.59851208e-06 7.07832207e-06 7.58541576e-06 8.12074318e-06 8.68524058e-06 9.27982588e-06 9.90539396e-06 1.05628117e-05 1.12529125e-05 1.19764916e-05 1.27342997e-05 1.35270377e-05 1.43553506e-05 1.52198217e-05 1.61209665e-05 1.70592265e-05 1.80349630e-05 1.90484509e-05 2.00998729e-05 2.11893131e-05 2.23167513e-05 2.34820571e-05 2.46849845e-05 2.59251664e-05 2.72021099e-05 2.85151912e-05 2.98636519e-05 3.12465944e-05 3.26629790e-05 3.41116212e-05 3.55911888e-05 3.71002006e-05 3.86370254e-05 4.01998812e-05 4.17868363e-05 4.33958094e-05 4.50245721e-05 4.66707516e-05 4.83318339e-05 5.00051678e-05 5.16879709e-05 5.33773346e-05 5.50702317e-05 5.67635235e-05 5.84539684e-05 6.01382313e-05 6.18128932e-05 6.34744625e-05 6.51193860e-05 6.67440609e-05 6.83448479e-05 6.99180839e-05 7.14600962e-05 7.29672160e-05 7.44357932e-05 7.58622109e-05 7.72429002e-05 7.85743551e-05 7.98531477e-05 8.10759425e-05 8.22395113e-05 8.33407477e-05 8.43766807e-05 8.53444888e-05 8.62415124e-05 8.70652666e-05 8.78134526e-05 8.84839689e-05 8.90749209e-05 8.95846303e-05 9.00116430e-05 9.03547364e-05 9.06129251e-05 9.07854657e-05 9.08718607e-05 9.08718607e-05 9.07854657e-05 9.06129251e-05 9.03547364e-05 9.00116430e-05 8.95846303e-05 8.90749209e-05 8.84839689e-05 8.78134526e-05 8.70652666e-05 8.62415124e-05 8.53444888e-05 8.43766807e-05 8.33407477e-05 8.22395113e-05 8.10759425e-05 7.98531477e-05 7.85743551e-05 7.72429002e-05 7.58622109e-05 7.44357932e-05 7.29672160e-05 7.14600962e-05 6.99180839e-05 6.83448479e-05 6.67440609e-05 6.51193860e-05 6.34744625e-05 6.18128932e-05 6.01382313e-05 5.84539684e-05 5.67635235e-05 5.50702317e-05 5.33773346e-05 5.16879709e-05 5.00051678e-05
1.67723454e-06 1.83092997e-06 1.99637962e-06 2.17428022e-06 2.36535269e-06 2.57034150e-06 2.79001389e-06 3.02515886e-06 3.27658604e-06 3.54512435e-06 3.83162041e-06 4.13693683e-06 4.46195022e-06 4.80754899e-06 5.17463096e-06 5.56410067e-06 5.97686652e-06 6.41383764e-06 6.87592053e-06 7.36401546e-06 7.87901265e-06 8.42178819e-06 8.99319979e-06 9.59408223e-06 1.02252427e-05 1.08874558e-05 1.15814588e-05 1.23079457e-05 1.30675627e-05 1.38609020e-05 1.46884966e-05 1.55508144e-05 1.64482526e-05 1.73811318e-05 1.83496903e-05 1.93540786e-05 2.03943536e-05 2.14704732e-05 2.25822909e-05 2.37295506e-05 2.49118821e-05 2.61287959e-05 2.73796796e-05 2.86637932e-05 2.99802665e-05 3.13280951e-05 3.27061387e-05 3.41131184e-05 3.55476155e-05 3.70080708e-05 3.84927841e-05 3.99999148e-05 4.15274829e-05 4.30733710e-05 4.46353269e-05 4.62109670e-05 4.77977801e-05 4.93931329e-05 5.09942750e-05 5.25983460e-05 5.42023824e-05 5.58033255e-05 5.73980303e-05 5.89832749e-05 6.05557705e-05 6.21121722e-05 6.36490903e-05 6.51631020e-05 6.66507641e-05 6.81086255e-05 6.95332403e-05 7.09211814e-05 7.22690543e-05 7.35735104e-05 7.48312614e-05 7.60390931e-05 7.71938788e-05 7.82925933e-05 7.93323262e-05 8.03102946e-05 8.12238560e-05 8.20705204e-05 8.28479616e-05 8.35540278e-05 8.41867524e-05 8.47443625e-05 8.52252879e-05 8.56281683e-05 8.59518600e-05 8.61954412e-05 8.63582167e-05 8.64397210e-05 8.64397210e-05 8.63582167e-05 8.61954412e-05 8.59518600e-05 8.56281683e-05 8.52252879e-05 8.47443625e-05 8.41867524e-05 8.35540278e-05 8.28479616e-05 8.20705204e-05 8.12238560e-05 8.03102946e-05 7.93323262e-05 7.82925933e-05 7.71938788e-05 7.60390931e-05 7.48312614e-05 7.35735104e-05 7.22690543e-05 7.09211814e-05 6.95332403e-05 6.81086255e-05 6.66507641e-05 6.51631020e-05 6.36490903e-05 6.21121722e-05 6.05557705e-05 5.89832749e-05 5.73980303e-05 5.58033255e-05 5.42023824e-05 5.25983460e-05 5.09942750e-05 4.93931329e-05 4.77977801e-05
1.65062626e-06 1.80016863e-06 1.96103191e-06 2.13387951e-06 2.31939732e-06 2.51829309e-06 2.73129567e-06 2.95915398e-06 3.20263591e-06 3.46252701e-06 3.73962894e-06 4.03475780e-06 4.34874222e-06 4.68242122e-06 5.03664193e-06 5.41225698e-06 5.81012179e-06 6.23109156e-06 6.67601806e-06 7.14574623e-06 7.64111050e-06 8.16293096e-06 8.71200930e-06 9.28912453e-06 9.89502853e-06 1.05304414e-05 1.11960469e-05 1.18924870e-05 1.26203574e-05 1.33802019e-05 1.41725076e-05 1.49976989e-05 1.58561328e-05 1.67480933e-05 1.76737859e-05 1.86333325e-05 1.96267661e-05 2.06540257e-05 2.17149513e-05 2.28092795e-05 2.39366385e-05 2.50965443e-05 2.62883965e-05 2.75114748e-05 2.87649360e-05 3.00478108e-05 3.13590021e-05 3.26972825e-05 3.40612939e-05 3.54495459e-05 3.68604164e-05 3.82921517e-05 3.97428681e-05 4.12105533e-05 4.26930694e-05 4.41881557e-05 4.56934330e-05 4.72064083e-05 4.87244802e-05 5.02449447e-05 5.17650025e-05 5.32817664e-05 5.47922694e-05 5.62934737e-05 5.77822801e-05 5.92555382e-05 6.07100569e-05 6.21426155e-05 6.35499754e-05 6.49288919e-05 6.62761265e-05 6.75884597e-05 6.88627034e-05 7.00957139e-05 7.12844050e-05 7.24257608e-05 7.35168484e-05 7.45548309e-05 7.55369794e-05 7.64606857e-05 7.73234731e-05 7.81230086e-05 7.88571129e-05 7.95237705e-05 8.01211396e-05 8.06475600e-05 8.11015616e-05 8.14818706e-05 8.17874165e-05 8.20173364e-05 8.21709795e-05 8.22479102e-05 8.22479102e-05 8.21709795e-05 8.20173364e-05 8.17874165e-05 8.14818706e-05 8.11015616e-05 8.06475600e-05 8.01211396e-05 7.95237705e-05 7.88571129e-05 7.81230086e-05 7.73234731e-05 7.64606857e-05 7.55369794e-05 7.45548309e-05 7.35168484e-05 7.24257608e-05 7.12844050e-05 7.00957139e-05 6.88627034e-05 6.75884597e-05 6.62761265e-05 6.49288919e-05 6.35499754e-05 6.21426155e-05 6.07100569e-05 5.92555382e-05 5.77822801e-05 5.62934737e-05 5.47922694e-05 5.32817664e-05 5.17650025e-05 5.02449447e-05 4.87244802e-05 4.72064083e-05 4.56934330e-05
1.62259453e-06 1.76801149e-06 1.92432956e-06 2.09218039e-06 2.27221659e-06 2.46511107e-06 2.67155626e-06 2.89226311e-06 3.12796004e-06 3.37939159e-06 3.64731698e-06 3.93250845e-06 4.23574943e-06 4.55783246e-06 4.89955703e-06 5.26172705e-06 5.64514825e-06 6.05062533e-06 6.47895888e-06 6.93094213e-06 7.40735750e-06 7.90897289e-06 8.43653789e-06 8.99077971e-06 9.57239896e-06 1.01820653e-05 1.08204130e-05 1.14880362e-05 1.21854840e-05 1.29132560e-05 1.36717970e-05 1.44614922e-05 1.52826620e-05 1.61355573e-05 1.70203541e-05 1.79371491e-05 1.88859541e-05 1.98666922e-05 2.08791925e-05 2.19231858e-05 2.29983010e-05 2.41040605e-05 2.52398772e-05 2.64050506e-05 2.75987647e-05 2.88200846e-05 3.00679554e-05 3.13411997e-05 3.26385173e-05 3.39584840e-05 3.52995524e-05 3.66600516e-05 3.80381890e-05 3.94320523e-05 4.08396113e-05 4.22587218e-05 4.36871289e-05 4.51224718e-05 4.65622888e-05 4.80040232e-05 4.94450297e-05 5.08825818e-05 5.23138791e-05 5.37360561e-05 5.51461909e-05 5.65413148e-05 5.79184221e-05 5.92744805e-05 6.06064422e-05 6.19112549e-05 6.31858732e-05 6.44272706e-05 6.56324513e-05 6.67984619e-05 6.79224041e-05 6.90014462e-05 7.00328353e-05 7.10139094e-05 7.19421081e-05 7.28149848e-05 7.36302172e-05 7.43856174e-05 7.50791425e-05 7.57089033e-05 7.62731736e-05 7.67703977e-05 7.71991980e-05 7.75583812e-05 7.78469443e-05 7.80640789e-05 7.82091756e-05 7.82818261e-05 7.82818261e-05 7.82091756e-05 7.80640789e-05 7.78469443e-05 7.75583812e-05 7.71991980e-05 7.67703977e-05 7.62731736e-05 7.57089033e-05 7.50791425e-05 7.43856174e-05 7.36302172e-05 7.28149848e-05 7.19421081e-05 7.10139094e-05 7.00328353e-05 6.90014462e-05 6.79224041e-05 6.67984619e-05 6.56324513e-05 6.44272706e-05 6.31858732e-05 6.19112549e-05 6.06064422e-05 5.92744805e-05 5.79184221e-05 5.65413148e-05 5.51461909e-05 5.37360561e-05 5.23138791e-05 5.08825818e-05 4.94450297e-05 4.80040232e-05 4.65622888e-05 4.51224718e-05 4.36871289e-05
1.59336267e-06 1.73469159e-06 1.88651516e-06 2.04943486e-06 2.22407167e-06 2.41106543e-06 2.61107402e-06 2.82477246e-06 3.05285178e-06 3.29601780e-06 3.55498964e-06 3.83049819e-06 4.12328428e-06 4.43409675e-06 4.76369027e-06 5.11282302e-06 5.48225413e-06 5.87274100e-06 6.28503633e-06 6.71988506e-06 7.17802103e-06 7.66016356e-06 8.16701374e-06 8.69925065e-06 9.25752738e-06 9.84246688e-06 1.04546577e-05 1.10946498e-05 1.17629495e-05 1.24600158e-05 1.31862550e-05 1.39420162e-05 1.47275869e-05 1.55431881e-05 1.63889694e-05 1.72650050e-05 1.81712886e-05 1.91077293e-05 2.00741474e-05 2.10702703e-05 2.20957285e-05 2.31500523e-05 2.42326682e-05 2.53428962e-05 2.64799470e-05 2.76429197e-05 2.88308003e-05 3.00424597e-05 3.12766535e-05 3.25320210e-05 3.38070857e-05 3.51002558e-05 3.64098254e-05 3.77339765e-05 3.90707813e-05 4.04182052e-05 4.17741108e-05 4.31362616e-05 4.45023275e-05 4.58698901e-05 4.72364488e-05 4.85994275e-05 4.99561822e-05 5.13040086e-05 5.26401506e-05 5.39618092e-05 5.52661520e-05 5.65503227e-05 5.78114513e-05 5.90466650e-05 6.02530984e-05 6.14279046e-05 6.25682668e-05 6.36714089e-05 6.47346072e-05 6.57552014e-05 6.67306059e-05 6.76583209e-05 6.85359428e-05 6.93611752e-05 7.01318385e-05 7.08458802e-05 7.15013835e-05 7.20965766e-05 7.26298403e-05 7.30997159e-05 7.35049116e-05 7.38443087e-05 7.41169667e-05 7.43221280e-05 7.44592210e-05 7.45278634e-05 7.45278634e-05 7.44592210e-05 7.43221280e-05 7.41169667e-05 7.38443087e-05 7.35049116e-05 7.30997159e-05 7.26298403e-05 7.20965766e-05 7.15013835e-05 7.08458802e-05 7.01318385e-05 6.93611752e-05 6.85359428e-05 6.76583209e-05 6.67306059e-05 6.57552014e-05 6.47346072e-05 6.36714089e-05 6.25682668e-05 6.14279046e-05 6.02530984e-05 5.90466650e-05 5.78114513e-05 5.65503227e-05 5.52661520e-05 5.39618092e-05 5.26401506e-05 5.13040086e-05 4.99561822e-05 4.85994275e-05 4.72364488e-05 4.58698901e-05 4.45023275e-05 4.31362616e-05 4.17741108e-05
1.56313369e-06 1.70042033e-06 1.84780841e-06 2.00587069e-06 2.17519811e-06 2.35639910e-06 2.55009882e-06 2.75693822e-06 2.97757299e-06 3.21267231e-06 3.46291748e-06 3.72900037e-06 4.01162168e-06 4.31148909e-06 4.62931517e-06 4.96581513e-06 5.32170441e-06 5.69769608e-06 6.09449804e-06 6.51281007e-06 6.95332072e-06 7.41670398e-06 7.90361583e-06 8.41469062e-06 8.95053732e-06 9.51173564e-06 1.00988319e-05 1.07123352e-05 1.13527128e-05 1.20203861e-05 1.27157262e-05 1.34390497e-05 1.41906138e-05 1.49706127e-05 1.57791725e-05 1.66163473e-05 1.74821151e-05 1.83763733e-05 1.92989353e-05 2.02495263e-05 2.12277800e-05 2.22332353e-05 2.32653330e-05 2.43234137e-05 2.54067144e-05 2.65143677e-05 2.76453990e-05 2.87987260e-05 2.99731579e-05 3.11673947e-05 3.23800278e-05 3.36095403e-05 3.48543089e-05 3.61126049e-05 3.73825974e-05 3.86623553e-05 3.99498519e-05 4.12429681e-05 4.25394975e-05 4.38371515e-05 4.51335655e-05 4.64263048e-05 4.77128716e-05 4.89907127e-05 5.02572273e-05 5.15097752e-05 5.27456857e-05 5.39622669e-05 5.51568151e-05 5.63266246e-05 5.74689980e-05 5.85812560e-05 5.96607484e-05 6.07048641e-05 6.17110421e-05 6.26767815e-05 6.35996524e-05 6.44773057e-05 6.53074837e-05 6.60880294e-05 6.68168962e-05 6.74921568e-05 6.81120120e-05 6.86747985e-05 6.91789970e-05 6.96232385e-05 7.00063108e-05 7.03271644e-05 7.05849170e-05 7.07788579e-05 7.09084509e-05 7.09733373e-05 7.09733373e-05 7.09084509e-05 7.07788579e-05 7.05849170e-05 7.03271644e-05 7.00063108e-05 6.96232385e-05 6.91789970e-05 6.86747985e-05 6.81120120e-05 6.74921568e-05 6.68168962e-05 6.60880294e-05 6.53074837e-05 6.44773057e-05 6.35996524e-05 6.26767815e-05 6.17110421e-05 6.07048641e-05 5.96607484e-05 5.85812560e-05 5.74689980e-05 5.63266246e-05 5.51568151e-05 5.39622669e-05 5.27456857e-05 5.15097752e-05 5.02572273e-05 4.89907127e-05 4.77128716e-05 4.64263048e-05 4.51335655e-05 4.38371515e-05 4.25394975e-05 4.12429681e-05 3.99498519e-05
1.53209182e-06 1.66538924e-06 1.80840793e-06 1.96169336e-06 2.12580791e-06 2.30133022e-06 2.48885442e-06 2.68898919e-06 2.90235678e-06 3.12959175e-06 3.37133966e-06 3.62825559e-06 3.90100242e-06 4.19024910e-06 4.49666860e-06 4.82093578e-06 5.16372508e-06 5.52570804e-06 5.90755061e-06 6.30991038e-06 6.73343358e-06 7.17875196e-06 7.64647950e-06 8.13720897e-06 8.65150840e-06 9.18991742e-06 9.75294340e-06 1.03410576e-05 1.09546913e-05 1.15942316e-05 1.22600173e-05 1.29523351e-05 1.36714153e-05 1.44174275e-05 1.51904769e-05 1.59906000e-05 1.68177609e-05 1.76718475e-05 1.85526676e-05 1.94599459e-05 2.03933201e-05 2.13523386e-05 2.23364569e-05 2.33450359e-05 2.43773392e-05 2.54325313e-05 2.65096763e-05 2.76077371e-05 2.87255739e-05 2.98619451e-05 3.10155065e-05 3.21848131e-05 3.33683193e-05 3.45643816e-05 3.57712604e-05 3.69871228e-05 3.82100461e-05 3.94380221e-05 4.06689607e-05 4.19006957e-05 4.31309898e-05 4.43575412e-05 4.55779893e-05 4.67899225e-05 4.79908852e-05 4.91783860e-05 5.03499054e-05 5.15029053e-05 5.26348371e-05 5.37431514e-05 5.48253073e-05 5.58787819e-05 5.69010803e-05 5.78897454e-05 5.88423675e-05 5.97565943e-05 6.06301406e-05 6.14607981e-05 6.22464443e-05 6.29850521e-05 6.36746983e-05 6.43135724e-05 6.48999841e-05 6.54323715e-05 6.59093074e-05 6.63295065e-05 6.66918306e-05 6.69952944e-05 6.72390696e-05 6.74224890e-05 6.75450493e-05 6.76064139e-05 6.76064139e-05 6.75450493e-05 6.74224890e-05 6.72390696e-05 6.69952944e-05 6.66918306e-05 6.63295065e-05 6.59093074e-05 6.54323715e-05 6.48999841e-05 6.43135724e-05 6.36746983e-05 6.29850521e-05 6.22464443e-05 6.14607981e-05 6.06301406e-05 5.97565943e-05 5.88423675e-05 5.78897454e-05 5.69010803e-05 5.58787819e-05 5.48253073e-05 5.37431514e-05 5.26348371e-05 5.15029053e-05 5.03499054e-05 4.91783860e-05 4.79908852e-05 4.67899225e-05 4.55779893e-05 4.43575412e-05 4.31309898e-05 4.19006957e-05 4.06689607e-05 3.94380221e-05 3.82100461e-05
1.50040401e-06 1.62977151e-06 1.76849296e-06 1.91708787e-06 2.07609150e-06 2.24605421e-06 2.42754070e-06 2.62112911e-06 2.82741002e-06 3.04698529e-06 3.28046672e-06 3.52847467e-06 3.79163640e-06 4.07058438e-06 4.36595435e-06 4.67838325e-06 5.00850706e-06 5.35695838e-06 5.72436389e-06 6.11134173e-06 6.51849861e-06 6.94642689e-06 7.39570142e-06 7.86687631e-06 8.36048161e-06 8.87701976e-06 9.41696209e-06 9.98074509e-06 1.05687667e-05 1.11813826e-05 1.18189022e-05 1.24815849e-05 1.31696363e-05 1.38832042e-05 1.46223749e-05 1.53871695e-05 1.61775402e-05 1.69933667e-05 1.78344532e-05 1.87005245e-05 1.95912237e-05 2.05061088e-05 2.14446506e-05 2.24062302e-05 2.33901370e-05 2.43955669e-05 2.54216216e-05 2.64673069e-05 2.75315326e-05 2.86131124e-05 2.97107641e-05 3.08231104e-05 3.19486801e-05 3.30859101e-05 3.42331473e-05 3.53886513e-05 3.65505983e-05 3.77170838e-05 3.88861277e-05 4.00556786e-05 4.12236194e-05 4.23877725e-05 4.35459064e-05 4.46957422e-05 4.58349603e-05 4.69612086e-05 4.80721093e-05 4.91652678e-05 5.02382807e-05 5.12887446e-05 5.23142647e-05 5.33124641e-05 5.42809931e-05 5.52175376e-05 5.61198295e-05 5.69856547e-05 5.78128630e-05 5.85993770e-05 5.93432002e-05 6.00424265e-05 6.06952476e-05 6.12999614e-05 6.18549792e-05 6.23588330e-05 6.28101817e-05 6.32078175e-05 6.35506712e-05 6.38378170e-05 6.40684769e-05 6.42420241e-05 6.43579859e-05 6.44160461e-05 6.44160461e-05 6.43579859e-05 6.42420241e-05 6.40684769e-05 6.38378170e-05 6.35506712e-05 6.32078175e-05 6.28101817e-05 6.23588330e-05 6.18549792e-05 6.12999614e-05 6.06952476e-05 6.00424265e-05 5.93432002e-05 5.85993770e-05 5.78128630e-05 5.69856547e-05 5.61198295e-05 5.52175376e-05 5.42809931e-05 5.33124641e-05 5.23142647e-05 5.12887446e-05 5.02382807e-05 4.91652678e-05 4.80721093e-05 4.69612086e-05 4.58349603e-05 4.46957422e-05 4.35459064e-05 4.23877725e-05 4.12236194e-05 4.00556786e-05 3.88861277e-05 3.77170838e-05 3.65505983e-05
1.46822125e-06 1.59372347e-06 1.72822491e-06 1.87222042e-06 2.02621949e-06 2.19074565e-06 2.36633569e-06 2.55353882e-06 2.75291567e-06 2.96503715e-06 3.19048321e-06 3.42984144e-06 3.68370553e-06 3.95267359e-06 4.23734633e-06 4.53832510e-06 4.85620975e-06 5.19159636e-06 5.54507487e-06 5.91722650e-06 6.30862105e-06 6.71981412e-06 7.15134411e-06 7.60372919e-06 8.07746409e-06 8.57301684e-06 9.09082537e-06 9.63129408e-06 1.01947903e-05 1.07816407e-05 1.13921279e-05 1.20264863e-05 1.26848993e-05 1.33674949e-05 1.40743427e-05 1.48054501e-05 1.55607592e-05 1.63401430e-05 1.71434031e-05 1.79702658e-05 1.88203799e-05 1.96933139e-05 2.05885537e-05 2.15055006e-05 2.24434691e-05 2.34016861e-05 2.43792890e-05 2.53753253e-05 2.63887523e-05 2.74184365e-05 2.84631546e-05 2.95215941e-05 3.05923541e-05 3.16739478e-05 3.27648040e-05 3.38632699e-05 3.49676145e-05 3.60760317e-05 3.71866447e-05 3.82975105e-05 3.94066243e-05 4.05119259e-05 4.16113047e-05 4.27026060e-05 4.37836384e-05 4.48521796e-05 4.59059849e-05 4.69427940e-05 4.79603392e-05 4.89563534e-05 4.99285786e-05 5.08747743e-05 5.17927260e-05 5.26802536e-05 5.35352206e-05 5.43555421e-05 5.51391938e-05 5.58842200e-05 5.65887420e-05 5.72509661e-05 5.78691912e-05 5.84418160e-05 5.89673465e-05 5.94444020e-05 5.98717216e-05 6.02481697e-05 6.05727411e-05 6.08445655e-05 6.10629116e-05 6.12271903e-05 6.13369572e-05 6.13919152e-05 6.13919152e-05 6.13369572e-05 6.12271903e-05 6.10629116e-05 6.08445655e-05 6.05727411e-05 6.02481697e-05 5.98717216e-05 5.94444020e-05 5.89673465e-05 5.84418160e-05 5.78691912e-05 5.72509661e-05 5.65887420e-05 5.58842200e-05 5.51391938e-05 5.43555421e-05 5.35352206e-05 5.26802536e-05 5.17927260e-05 5.08747743e-05 4.99285786e-05 4.89563534e-05 4.79603392e-05 4.69427940e-05 4.59059849e-05 4.48521796e-05 4.37836384e-05 4.27026060e-05 4.16113047e-05 4.05119259e-05 3.94066243e-05 3.82975105e-05 3.71866447e-05 3.60760317e-05 3.49676145e-05
1.43567987e-06 1.55738592e-06 1.68774883e-06 1.82723998e-06 1.97634438e-06 2.13556009e-06 2.30539746e-06 2.48637829e-06 2.67903486e-06 2.88390884e-06 3.10155007e-06 3.33251523e-06 3.57736635e-06 3.83666921e-06 4.11099155e-06 4.40090124e-06 4.70696424e-06 5.02974239e-06 5.36979120e-06 5.72765733e-06 6.10387612e-06 6.49896886e-06 6.91343998e-06 7.34777420e-06 7.80243345e-06 8.27785384e-06 8.77444239e-06 9.29257386e-06 9.83258737e-06 1.03947831e-05 1.09794188e-05 1.15867065e-05 1.22168092e-05 1.28698372e-05 1.35458451e-05 1.42448285e-05 1.49667205e-05 1.57113892e-05 1.64786343e-05 1.72681846e-05 1.80796954e-05 1.89127458e-05 1.97668369e-05 2.06413899e-05 2.15357443e-05 2.24491563e-05 2.33807982e-05 2.43297578e-05 2.52950373e-05 2.62755543e-05 2.72701414e-05 2.82775474e-05 2.92964386e-05 3.03254003e-05 3.13629388e-05 3.24074842e-05 3.34573932e-05 3.45109524e-05 3.55663824e-05 3.66218419e-05 3.76754324e-05 3.87252036e-05 3.97691583e-05 4.08052591e-05 4.18314339e-05 4.28455829e-05 4.38455856e-05 4.48293075e-05 4.57946080e-05 4.67393477e-05 4.76613964e-05 4.85586409e-05 4.94289932e-05 5.02703982e-05 5.10808425e-05 5.18583616e-05 5.26010486e-05 5.33070616e-05 5.39746315e-05 5.46020695e-05 5.51877743e-05 5.57302388e-05 5.62280569e-05 5.66799295e-05 5.70846702e-05 5.74412108e-05 5.77486055e-05 5.80060358e-05 5.82128139e-05 5.83683857e-05 5.84723332e-05 5.85243771e-05 5.85243771e-05 5.84723332e-05 5.83683857e-05 5.82128139e-05 5.80060358e-05 5.77486055e-05 5.74412108e-05 5.70846702e-05 5.66799295e-05 5.62280569e-05 5.57302388e-05 5.51877743e-05 5.46020695e-05 5.39746315e-05 5.33070616e-05 5.26010486e-05 5.18583616e-05 5.10808425e-05 5.02703982e-05 4.94289932e-05 4.85586409e-05 4.76613964e-05 4.67393477e-05 4.57946080e-05 4.48293075e-05 4.38455856e-05 4.28455829e-05 4.18314339e-05 4.08052591e-05 3.97691583e-05 3.87252036e-05 3.76754324e-05 3.66218419e-05 3.55663824e-05 3.45109524e-05 3.34573932e-05
1.40290271e-06 1.52088545e-06 1.64719476e-06 1.78227969e-06 1.92660204e-06 2.08063567e-06 2.24486588e-06 2.41978848e-06 2.60590893e-06 2.80374125e-06 3.01380685e-06 3.23663322e-06 3.47275256e-06 3.72270015e-06 3.98701276e-06 4.26622677e-06 4.56087630e-06 4.87149109e-06 5.19859436e-06 5.54270048e-06 5.90431254e-06 6.28391979e-06 6.68199503e-06 7.09899181e-06 7.53534161e-06 7.99145090e-06 8.46769812e-06 8.96443062e-06 9.48196154e-06 1.00205666e-05 1.05804811e-05 1.11618964e-05 1.17649571e-05 1.23897576e-05 1.30363391e-05 1.37046869e-05 1.43947266e-05 1.51063223e-05 1.58392730e-05 1.65933106e-05 1.73680971e-05 1.81632229e-05 1.89782042e-05 1.98124818e-05 2.06654191e-05 2.15363013e-05 2.24243344e-05 2.33286443e-05 2.42482769e-05 2.51821980e-05 2.61292937e-05 2.70883713e-05 2.80581607e-05 2.90373155e-05 3.00244156e-05 3.10179693e-05 3.20164161e-05 3.30181301e-05 3.40214238e-05 3.50245517e-05 3.60257152e-05 3.70230673e-05 3.80147177e-05 3.89987386e-05 3.99731705e-05 4.09360281e-05 4.18853073e-05 4.28189917e-05 4.37350597e-05 4.46314912e-05 4.55062756e-05 4.63574190e-05 4.71829515e-05 4.79809351e-05 4.87494710e-05 4.94867074e-05 5.01908470e-05 5.08601540e-05 5.14929616e-05 5.20876790e-05 5.26427979e-05 5.31568991e-05 5.36286584e-05 5.40568528e-05 5.44403655e-05 5.47781907e-05 5.50694384e-05 5.53133382e-05 5.55092426e-05 5.56566304e-05 5.57551082e-05 5.58044131e-05 5.58044131e-05 5.57551082e-05 5.56566304e-05 5.55092426e-05 5.53133382e-05 5.50694384e-05 5.47781907e-05 5.44403655e-05 5.40568528e-05 5.36286584e-05 5.31568991e-05 5.26427979e-05 5.20876790e-05 5.14929616e-05 5.08601540e-05 5.01908470e-05 4.94867074e-05 4.87494710e-05 4.79809351e-05 4.71829515e-05 4.63574190e-05 4.55062756e-05 4.46314912e-05 4.37350597e-05 4.28189917e-05 4.18853073e-05 4.09360281e-05 3.99731705e-05 3.89987386e-05 3.80147177e-05 3.70230673e-05 3.60257152e-05 3.50245517e-05 3.40214238e-05 3.30181301e-05 3.20164161e-05
1.37000018e-06 1.48433553e-06 1.60667894e-06 1.73745826e-06 1.87711318e-06 2.02609467e-06 2.18486421e-06 2.35389303e-06 2.53366119e-06 2.72465657e-06 2.92737370e-06 3.14231255e-06 3.36997715e-06 3.61087409e-06 3.86551095e-06 4.13439453e-06 4.41802903e-06 4.71691407e-06 5.03154262e-06 5.36239880e-06 5.70995554e-06 6.07467222e-06 6.45699209e-06 6.85733971e-06 7.27611825e-06 7.71370666e-06 8.17045692e-06 8.64669105e-06 9.14269825e-06 9.65873185e-06 1.01950064e-05 1.07516945e-05 1.13289241e-05 1.19267754e-05 1.25452777e-05 1.31844071e-05 1.38440832e-05 1.45241668e-05 1.52244572e-05 1.59446899e-05 1.66845344e-05 1.74435920e-05 1.82213942e-05 1.90174009e-05 1.98309991e-05 2.06615019e-05 2.15081475e-05 2.23700987e-05 2.32464431e-05 2.41361925e-05 2.50382841e-05 2.59515808e-05 2.68748727e-05 2.78068784e-05 2.87462473e-05 2.96915617e-05 3.06413395e-05 3.15940372e-05 3.25480539e-05 3.35017346e-05 3.44533745e-05 3.54012241e-05 3.63434933e-05 3.72783575e-05 3.82039625e-05 3.91184309e-05 4.00198678e-05 4.09063672e-05 4.17760191e-05 4.26269153e-05 4.34571572e-05 4.42648623e-05 4.50481714e-05 4.58052557e-05 4.65343239e-05 4.72336295e-05 4.79014774e-05 4.85362310e-05 4.91363193e-05 4.97002426e-05 5.02265795e-05 5.07139929e-05 5.11612351e-05 5.15671540e-05 5.19306976e-05 5.22509186e-05 5.25269788e-05 5.27581527e-05 5.29438306e-05 5.30835216e-05 5.31768555e-05 5.32235845e-05 5.32235845e-05 5.31768555e-05 5.30835216e-05 5.29438306e-05 5.27581527e-05 5.25269788e-05 5.22509186e-05 5.19306976e-05 5.15671540e-05 5.11612351e-05 5.07139929e-05 5.02265795e-05 4.97002426e-05 4.91363193e-05 4.85362310e-05 4.79014774e-05 4.72336295e-05 4.65343239e-05 4.58052557e-05 4.50481714e-05 4.42648623e-05 4.34571572e-05 4.26269153e-05 4.17760191e-05 4.09063672e-05 4.00198678e-05 3.91184309e-05 3.82039625e-05 3.72783575e-05 3.63434933e-05 3.54012241e-05 3.44533745e-05 3.35017346e-05 3.25480539e-05 3.15940372e-05 3.06413395e-05
1.33707132e-06 1.44783767e-06 1.56630504e-06 1.69288113e-06 1.82798466e-06 1.97204483e-06 2.12550057e-06 2.28879980e-06 2.46239856e-06 2.64675998e-06 2.84235321e-06 3.04965223e-06 3.26913450e-06 3.50127959e-06 3.74656758e-06 4.00547745e-06 4.27848530e-06 4.56606248e-06 4.86867361e-06 5.18677445e-06 5.52080977e-06 5.87121099e-06 6.23839384e-06 6.62275587e-06 7.02467390e-06 7.44450138e-06 7.88256572e-06 8.33916558e-06 8.81456806e-06 9.30900588e-06 9.82267463e-06 1.03557299e-05 1.09082845e-05 1.14804057e-05 1.20721125e-05 1.26833729e-05 1.33141015e-05 1.39641568e-05 1.46333391e-05 1.53213880e-05 1.60279807e-05 1.67527297e-05 1.74951814e-05 1.82548146e-05 1.90310391e-05 1.98231950e-05 2.06305516e-05 2.14523072e-05 2.22875890e-05 2.31354530e-05 2.39948849e-05 2.48648004e-05 2.57440470e-05 2.66314049e-05 2.75255892e-05 2.84252522e-05 2.93289858e-05 3.02353247e-05 3.11427493e-05 3.20496899e-05 3.29545303e-05 3.38556125e-05 3.47512408e-05 3.56396876e-05 3.65191977e-05 3.73879948e-05 3.82442866e-05 3.90862708e-05 3.99121417e-05 4.07200963e-05 4.15083407e-05 4.22750968e-05 4.30186091e-05 4.37371509e-05 4.44290316e-05 4.50926029e-05 4.57262655e-05 4.63284757e-05 4.68977514e-05 4.74326786e-05 4.79319170e-05 4.83942059e-05 4.88183693e-05 4.92033211e-05 4.95480699e-05 4.98517230e-05 5.01134905e-05 5.03326888e-05 5.05087436e-05 5.06411921e-05 5.07296857e-05 5.07739910e-05 5.07739910e-05 5.07296857e-05 5.06411921e-05 5.05087436e-05 5.03326888e-05 5.01134905e-05 4.98517230e-05 4.95480699e-05 4.92033211e-05 4.88183693e-05 4.83942059e-05 4.79319170e-05 4.74326786e-05 4.68977514e-05 4.63284757e-05 4.57262655e-05 4.50926029e-05 4.44290316e-05 4.37371509e-05 4.30186091e-05 4.22750968e-05 4.15083407e-05 4.07200963e-05 3.99121417e-05 3.90862708e-05 3.82442866e-05 3.73879948e-05 3.65191977e-05 3.56396876e-05 3.47512408e-05 3.38556125e-05 3.29545303e-05 3.20496899e-05 3.11427493e-05 3.02353247e-05 2.93289858e-05
1.30420472e-06 1.41148234e-06 1.52616515e-06 1.64864165e-06 1.77931066e-06 1.91858070e-06 2.06686932e-06 2.22460238e-06 2.39221313e-06 2.57014133e-06 2.75883214e-06 2.95873497e-06 3.17030226e-06 3.39398807e-06 3.63024661e-06 3.87953068e-06 4.14228998e-06 4.41896931e-06 4.71000670e-06 5.01583138e-06 5.33686172e-06 5.67350307e-06 6.02614545e-06 6.39516123e-06 6.78090274e-06 7.18369974e-06 7.60385690e-06 8.04165124e-06 8.49732949e-06 8.97110545e-06 9.46315736e-06 9.97362523e-06 1.05026082e-05 1.10501620e-05 1.16162964e-05 1.22009726e-05 1.28041009e-05 1.34255384e-05 1.40650870e-05 1.47224908e-05 1.53974349e-05 1.60895431e-05 1.67983765e-05 1.75234324e-05 1.82641427e-05 1.90198735e-05 1.97899241e-05 2.05735268e-05 2.13698468e-05 2.21779822e-05 2.29969648e-05 2.38257608e-05 2.46632718e-05 2.55083366e-05 2.63597326e-05 2.72161784e-05 2.80763359e-05 2.89388131e-05 2.98021678e-05 3.06649104e-05 3.15255083e-05 3.23823894e-05 3.32339472e-05 3.40785450e-05 3.49145209e-05 3.57401935e-05 3.65538666e-05 3.73538355e-05 3.81383925e-05 3.89058328e-05 3.96544610e-05 4.03825968e-05 4.10885815e-05 4.17707845e-05 4.24276090e-05 4.30574989e-05 4.36589445e-05 4.42304888e-05 4.47707331e-05 4.52783434e-05 4.57520552e-05 4.61906793e-05 4.65931065e-05 4.69583126e-05 4.72853626e-05 4.75734149e-05 4.78217248e-05 4.80296478e-05 4.81966423e-05 4.83222723e-05 4.84062091e-05 4.84482326e-05 4.84482326e-05 4.84062091e-05 4.83222723e-05 4.81966423e-05 4.80296478e-05 4.78217248e-05 4.75734149e-05 4.72853626e-05 4.69583126e-05 4.65931065e-05 4.61906793e-05 4.57520552e-05 4.52783434e-05 4.47707331e-05 4.42304888e-05 4.36589445e-05 4.30574989e-05 4.24276090e-05 4.17707845e-05 4.10885815e-05 4.03825968e-05 3.96544610e-05 3.89058328e-05 3.81383925e-05 3.73538355e-05 3.65538666e-05 3.57401935e-05 3.49145209e-05 3.40785450e-05 3.32339472e-05 3.23823894e-05 3.15255083e-05 3.06649104e-05 2.98021678e-05 2.89388131e-05 2.80763359e-05
1.27147937e-06 1.37535000e-06 1.48634082e-06 1.60482214e-06 1.73117382e-06 1.86578479e-06 2.00905232e-06 2.16138133e-06 2.32318354e-06 2.49487657e-06 2.67688290e-06 2.86962878e-06 3.07354299e-06 3.28905555e-06 3.51659633e-06 3.75659349e-06 4.00947191e-06 4.27565145e-06 4.55554519e-06 4.84955751e-06 5.15808210e-06 5.48149990e-06 5.82017694e-06 6.17446216e-06 6.54468506e-06 6.93115339e-06 7.33415076e-06 7.75393417e-06 8.19073157e-06 8.64473934e-06 9.11611986e-06 9.60499892e-06 1.01114633e-05 1.06355585e-05 1.11772859e-05 1.17366010e-05 1.23134106e-05 1.29075713e-05 1.35188867e-05 1.41471061e-05 1.47919226e-05 1.54529711e-05 1.61298274e-05 1.68220066e-05 1.75289623e-05 1.82500855e-05 1.89847045e-05 1.97320840e-05 2.04914255e-05 2.12618675e-05 2.20424857e-05 2.28322941e-05 2.36302460e-05 2.44352355e-05 2.52460993e-05 2.60616183e-05 2.68805208e-05 2.77014844e-05 2.85231395e-05 2.93440723e-05 3.01628288e-05 3.09779182e-05 3.17878175e-05 3.25909757e-05 3.33858189e-05 3.41707544e-05 3.49441769e-05 3.57044728e-05 3.64500266e-05 3.71792257e-05 3.78904670e-05 3.85821618e-05 3.92527426e-05 3.99006682e-05 4.05244302e-05 4.11225585e-05 4.16936274e-05 4.22362609e-05 4.27491388e-05 4.32310014e-05 4.36806553e-05 4.40969783e-05 4.44789235e-05 4.48255247e-05 4.51358997e-05 4.54092545e-05 4.56448865e-05 4.58421879e-05 4.60006478e-05 4.61198551e-05 4.61994996e-05 4.62393738e-05 4.62393738e-05 4.61994996e-05 4.61198551e-05 4.60006478e-05 4.58421879e-05 4.56448865e-05 4.54092545e-05 4.51358997e-05 4.48255247e-05 4.44789235e-05 4.40969783e-05 4.36806553e-05 4.32310014e-05 4.27491388e-05 4.22362609e-05 4.16936274e-05 4.11225585e-05 4.05244302e-05 3.99006682e-05 3.92527426e-05 3.85821618e-05 3.78904670e-05 3.71792257e-05 3.64500266e-05 3.57044728e-05 3.49441769e-05 3.41707544e-05 3.33858189e-05 3.25909757e-05 3.17878175e-05 3.09779182e-05 3.01628288e-05 2.93440723e-05 2.85231395e-05 2.77014844e-05 2.68805208e-05
1.23896547e-06 1.33951183e-06 1.44690395e-06 1.56149480e-06 1.68364627e-06 1.81372867e-06 1.95212004e-06 2.09920546e-06 2.25537625e-06 2.42102910e-06 2.59656505e-06 2.78238843e-06 2.97890574e-06 3.18652434e-06 3.40565112e-06 3.63669108e-06 3.88004574e-06 4.13611157e-06 4.40527823e-06 4.68792679e-06 4.98442783e-06 5.29513949e-06 5.62040540e-06 5.96055262e-06 6.31588943e-06 6.68670313e-06 7.07325779e-06 7.47579188e-06 7.89451603e-06 8.32961063e-06 8.78122347e-06 9.24946745e-06 9.73441820e-06 1.02361118e-05 1.07545427e-05 1.12896611e-05 1.18413714e-05 1.24095299e-05 1.29939428e-05 1.35943646e-05 1.42104964e-05 1.48419845e-05 1.54884188e-05 1.61493319e-05 1.68241983e-05 1.75124333e-05 1.82133926e-05 1.89263723e-05 1.96506087e-05 2.03852784e-05 2.11294992e-05 2.18823305e-05 2.26427748e-05 2.34097787e-05 2.41822346e-05 2.49589831e-05 2.57388149e-05 2.65204734e-05 2.73026575e-05 2.80840251e-05 2.88631962e-05 2.96387566e-05 3.04092620e-05 3.11732423e-05 3.19292058e-05 3.26756439e-05 3.34110361e-05 3.41338549e-05 3.48425711e-05 3.55356589e-05 3.62116015e-05 3.68688965e-05 3.75060614e-05 3.81216394e-05 3.87142046e-05 3.92823678e-05 3.98247816e-05 4.03401463e-05 4.08272146e-05 4.12847970e-05 4.17117664e-05 4.21070631e-05 4.24696988e-05 4.27987614e-05 4.30934180e-05 4.33529192e-05 4.35766020e-05 4.37638927e-05 4.39143092e-05 4.40274635e-05 4.41030629e-05 4.41409116e-05 4.41409116e-05 4.41030629e-05 4.40274635e-05 4.39143092e-05 4.37638927e-05 4.35766020e-05 4.33529192e-05 4.30934180e-05 4.27987614e-05 4.24696988e-05 4.21070631e-05 4.17117664e-05 4.12847970e-05 4.08272146e-05 4.03401463e-05 3.98247816e-05 3.92823678e-05 3.87142046e-05 3.81216394e-05 3.75060614e-05 3.68688965e-05 3.62116015e-05 3.55356589e-05 3.48425711e-05 3.41338549e-05 3.34110361e-05 3.26756439e-05 3.19292058e-05 3.11732423e-05 3.04092620e-05 2.96387566e-05 2.88631962e-05 2.80840251e-05 2.73026575e-05 2.65204734e-05 2.57388149e-05
1.20672520e-06 1.30403065e-06 1.40791764e-06 1.51872267e-06 1.63679058e-06 1.76247397e-06 1.89613265e-06 2.03813290e-06 2.18884674e-06 2.34865101e-06 2.51792650e-06 2.69705684e-06 2.88642749e-06 3.08642442e-06 3.29743290e-06 3.51983610e-06 3.75401360e-06 4.00033985e-06 4.25918256e-06 4.53090094e-06 4.81584392e-06 5.11434831e-06 5.42673683e-06 5.75331613e-06 6.09437474e-06 6.45018093e-06 6.82098064e-06 7.20699523e-06 7.60841931e-06 8.02541856e-06 8.45812746e-06 8.90664711e-06 9.37104305e-06 9.85134310e-06 1.03475353e-05 1.08595657e-05 1.13873368e-05 1.19307050e-05 1.24894796e-05 1.30634205e-05 1.36522370e-05 1.42555863e-05 1.48730725e-05 1.55042452e-05 1.61485989e-05 1.68055723e-05 1.74745477e-05 1.81548510e-05 1.88457518e-05 1.95464634e-05 2.02561433e-05 2.09738942e-05 2.16987653e-05 2.24297529e-05 2.31658026e-05 2.39058112e-05 2.46486284e-05 2.53930599e-05 2.61378695e-05 2.68817824e-05 2.76234887e-05 2.83616463e-05 2.90948851e-05 2.98218111e-05 3.05410100e-05 3.12510524e-05 3.19504976e-05 3.26378989e-05 3.33118083e-05 3.39707814e-05 3.46133825e-05 3.52381902e-05 3.58438020e-05 3.64288399e-05 3.69919556e-05 3.75318354e-05 3.80472059e-05 3.85368384e-05 3.89995542e-05 3.94342294e-05 3.98397990e-05 4.02152619e-05 4.05596848e-05 4.08722059e-05 4.11520387e-05 4.13984757e-05 4.16108906e-05 4.17887417e-05 4.19315739e-05 4.20390209e-05 4.21108063e-05 4.21467453e-05 4.21467453e-05 4.21108063e-05 4.20390209e-05 4.19315739e-05 4.17887417e-05 4.16108906e-05 4.13984757e-05 4.11520387e-05 4.08722059e-05 4.05596848e-05 4.02152619e-05 3.98397990e-05 3.94342294e-05 3.89995542e-05 3.85368384e-05 3.80472059e-05 3.75318354e-05 3.69919556e-05 3.64288399e-05 3.58438020e-05 3.52381902e-05 3.46133825e-05 3.39707814e-05 3.33118083e-05 3.26378989e-05 3.19504976e-05 3.12510524e-05 3.05410100e-05 2.98218111e-05 2.90948851e-05 2.83616463e-05 2.76234887e-05 2.68817824e-05 2.61378695e-05 2.53930599e-05 2.46486284e-05
1.17481340e-06 1.26896154e-06 1.36943694e-06 1.47656043e-06 1.59066060e-06 1.71207329e-06 1.84114099e-06 1.97821218e-06 2.12364055e-06 2.27778421e-06 2.44100476e-06 2.61366630e-06 2.79613439e-06 2.98877485e-06 3.19195257e-06 3.40603016e-06 3.63136654e-06 3.86831550e-06 4.11722411e-06 4.37843109e-06 4.65226510e-06 4.93904298e-06 5.23906792e-06 5.55262751e-06 5.87999189e-06 6.22141165e-06 6.57711590e-06 6.94731015e-06 7.33217425e-06 7.73186032e-06 8.14649064e-06 8.57615559e-06 9.02091159e-06 9.48077907e-06 9.95574051e-06 1.04457385e-05 1.09506740e-05 1.14704043e-05 1.20047419e-05 1.25534522e-05 1.31162529e-05 1.36928120e-05 1.42827473e-05 1.48856248e-05 1.55009587e-05 1.61282099e-05 1.67667865e-05 1.74160430e-05 1.80752805e-05 1.87437472e-05 1.94206388e-05 2.01050993e-05 2.07962218e-05 2.14930500e-05 2.21945800e-05 2.28997617e-05 2.36075008e-05 2.43166616e-05 2.50260694e-05 2.57345132e-05 2.64407488e-05 2.71435023e-05 2.78414738e-05 2.85333405e-05 2.92177616e-05 2.98933817e-05 3.05588354e-05 3.12127521e-05 3.18537598e-05 3.24804909e-05 3.30915861e-05 3.36856995e-05 3.42615041e-05 3.48176958e-05 3.53529990e-05 3.58661711e-05 3.63560078e-05 3.68213472e-05 3.72610750e-05 3.76741283e-05 3.80595009e-05 3.84162463e-05 3.87434826e-05 3.90403954e-05 3.93062416e-05 3.95403527e-05 3.97421371e-05 3.99110830e-05 4.00467605e-05 4.01488236e-05 4.02170111e-05 4.02511486e-05 4.02511486e-05 4.02170111e-05 4.01488236e-05 4.00467605e-05 3.99110830e-05 3.97421371e-05 3.95403527e-05 3.93062416e-05 3.90403954e-05 3.87434826e-05 3.84162463e-05 3.80595009e-05 3.76741283e-05 3.72610750e-05 3.68213472e-05 3.63560078e-05 3.58661711e-05 3.53529990e-05 3.48176958e-05 3.42615041e-05 3.36856995e-05 3.30915861e-05 3.24804909e-05 3.18537598e-05 3.12127521e-05 3.05588354e-05 2.98933817e-05 2.92177616e-05 2.85333405e-05 2.78414738e-05 2.71435023e-05 2.64407488e-05 2.57345132e-05 2.50260694e-05 2.43166616e-05 2.36075008e-05
1.14327816e-06 1.23435260e-06 1.33150962e-06 1.43505512e-06 1.54530230e-06 1.66257105e-06 1.78718746e-06 1.91948309e-06 2.05979430e-06 2.20846145e-06 2.36582800e-06 2.53223959e-06 2.70804298e-06 2.89358499e-06 3.08921128e-06 3.29526510e-06 3.51208594e-06 3.74000815e-06 3.97935944e-06 4.23045927e-06 4.49361734e-06 4.76913179e-06 5.05728753e-06 5.35835441e-06 5.67258539e-06 6.00021463e-06 6.34145563e-06 6.69649920e-06 7.06551157e-06 7.44863241e-06 7.84597280e-06 8.25761337e-06 8.68360229e-06 9.12395342e-06 9.57864440e-06 1.00476149e-05 1.05307650e-05 1.10279532e-05 1.15389952e-05 1.20636625e-05 1.26016808e-05 1.31527289e-05 1.37164379e-05 1.42923900e-05 1.48801179e-05 1.54791044e-05 1.60887819e-05 1.67085323e-05 1.73376872e-05 1.79755281e-05 1.86212867e-05 1.92741462e-05 1.99332418e-05 2.05976623e-05 2.12664511e-05 2.19386087e-05 2.26130940e-05 2.32888267e-05 2.39646900e-05 2.46395330e-05 2.53121742e-05 2.59814036e-05 2.66459873e-05 2.73046702e-05 2.79561802e-05 2.85992318e-05 2.92325306e-05 2.98547773e-05 3.04646719e-05 3.10609185e-05 3.16422297e-05 3.22073310e-05 3.27549658e-05 3.32838996e-05 3.37929251e-05 3.42808665e-05 3.47465841e-05 3.51889790e-05 3.56069968e-05 3.59996326e-05 3.63659345e-05 3.67050079e-05 3.70160186e-05 3.72981969e-05 3.75508404e-05 3.77733170e-05 3.79650676e-05 3.81256085e-05 3.82545333e-05 3.83515151e-05 3.84163072e-05 3.84487445e-05 3.84487445e-05 3.84163072e-05 3.83515151e-05 3.82545333e-05 3.81256085e-05 3.79650676e-05 3.77733170e-05 3.75508404e-05 3.72981969e-05 3.70160186e-05 3.67050079e-05 3.63659345e-05 3.59996326e-05 3.56069968e-05 3.51889790e-05 3.47465841e-05 3.42808665e-05 3.37929251e-05 3.32838996e-05 3.27549658e-05 3.22073310e-05 3.16422297e-05 3.10609185e-05 3.04646719e-05 2.98547773e-05 2.92325306e-05 2.85992318e-05 2.79561802e-05 2.73046702e-05 2.66459873e-05 2.59814036e-05 2.53121742e-05 2.46395330e-05 2.39646900e-05 2.32888267e-05 2.26130940e-05
